2026-08-23 09:07:18 | Device: cuda
2026-08-23 09:07:18 | Args: {'model': 'dcvib', 'backbone': 'gnn', 'task': 'cora', 'epochs': 100, 'batch_size': 128, 'lr': 0.01, 'hidden_dims': [512, 256], 'dropout': 0.2, 'z_dim': 256, 'beta': 0.001, 'patience': 10, 'runs': 5, 'seed': 0, 'data_dir': './data', 'save_path': 'output/cora_gnn_dcvib/cora_gnn_dcvib.pt', 'log_path': 'output/cora_gnn_dcvib/train_cora_gnn_dcvib.log'}
2026-08-23 09:07:20 | Cora 划分（60/20/20 分层）：train 1624 / val 542 / test 542（共 2708 节点，7 类）
2026-08-23 09:07:20 | ===== Run 1/5 (seed 0) =====
2026-08-23 09:07:21 | Epoch   1/100 | Train Loss 1.9544 | Val Loss 1.9069 Acc 0.4539 AUC 0.9091 Pre 0.2552 Rec 0.2889
2026-08-23 09:07:21 |   Val AUC improved to 0.9091, model saved
2026-08-23 09:07:21 | Epoch   2/100 | Train Loss 1.9053 | Val Loss 1.7947 Acc 0.3026 AUC 0.8800 Pre 0.0432 Rec 0.1429
2026-08-23 09:07:21 | Epoch   3/100 | Train Loss 1.7901 | Val Loss 1.6916 Acc 0.3026 AUC 0.8419 Pre 0.0432 Rec 0.1429
2026-08-23 09:07:21 | Epoch   4/100 | Train Loss 1.6869 | Val Loss 1.5517 Acc 0.3100 AUC 0.9064 Pre 0.1864 Rec 0.1497
2026-08-23 09:07:21 | Epoch   5/100 | Train Loss 1.5354 | Val Loss 1.3717 Acc 0.5074 AUC 0.9419 Pre 0.4608 Rec 0.3328
2026-08-23 09:07:21 |   Val AUC improved to 0.9419, model saved
2026-08-23 09:07:21 | Epoch   6/100 | Train Loss 1.3403 | Val Loss 1.1909 Acc 0.6882 AUC 0.9545 Pre 0.5433 Rec 0.5323
2026-08-23 09:07:21 |   Val AUC improved to 0.9545, model saved
2026-08-23 09:07:21 | Epoch   7/100 | Train Loss 1.1458 | Val Loss 1.0017 Acc 0.7306 AUC 0.9608 Pre 0.5329 Rec 0.5838
2026-08-23 09:07:21 |   Val AUC improved to 0.9608, model saved
2026-08-23 09:07:21 | Epoch   8/100 | Train Loss 0.9438 | Val Loss 0.8372 Acc 0.7601 AUC 0.9626 Pre 0.6909 Rec 0.6202
2026-08-23 09:07:21 |   Val AUC improved to 0.9626, model saved
2026-08-23 09:07:21 | Epoch   9/100 | Train Loss 0.7654 | Val Loss 0.7238 Acc 0.7546 AUC 0.9643 Pre 0.6816 Rec 0.6188
2026-08-23 09:07:21 |   Val AUC improved to 0.9643, model saved
2026-08-23 09:07:21 | Epoch  10/100 | Train Loss 0.6272 | Val Loss 0.6426 Acc 0.7860 AUC 0.9672 Pre 0.8395 Rec 0.6689
2026-08-23 09:07:21 |   Val AUC improved to 0.9672, model saved
2026-08-23 09:07:21 | Epoch  11/100 | Train Loss 0.5223 | Val Loss 0.5872 Acc 0.7970 AUC 0.9701 Pre 0.8451 Rec 0.6975
2026-08-23 09:07:21 |   Val AUC improved to 0.9701, model saved
2026-08-23 09:07:21 | Epoch  12/100 | Train Loss 0.4391 | Val Loss 0.5550 Acc 0.8229 AUC 0.9723 Pre 0.8496 Rec 0.7545
2026-08-23 09:07:21 |   Val AUC improved to 0.9723, model saved
2026-08-23 09:07:21 | Epoch  13/100 | Train Loss 0.3705 | Val Loss 0.5339 Acc 0.8561 AUC 0.9737 Pre 0.8338 Rec 0.8268
2026-08-23 09:07:21 |   Val AUC improved to 0.9737, model saved
2026-08-23 09:07:21 | Epoch  14/100 | Train Loss 0.3089 | Val Loss 0.5427 Acc 0.8635 AUC 0.9744 Pre 0.8356 Rec 0.8493
2026-08-23 09:07:21 |   Val AUC improved to 0.9744, model saved
2026-08-23 09:07:21 | Epoch  15/100 | Train Loss 0.2632 | Val Loss 0.5769 Acc 0.8616 AUC 0.9742 Pre 0.8387 Rec 0.8520
2026-08-23 09:07:21 | Epoch  16/100 | Train Loss 0.2423 | Val Loss 0.6057 Acc 0.8690 AUC 0.9740 Pre 0.8467 Rec 0.8520
2026-08-23 09:07:21 | Epoch  17/100 | Train Loss 0.2135 | Val Loss 0.6390 Acc 0.8616 AUC 0.9739 Pre 0.8394 Rec 0.8396
2026-08-23 09:07:21 | Epoch  18/100 | Train Loss 0.1867 | Val Loss 0.6844 Acc 0.8635 AUC 0.9740 Pre 0.8493 Rec 0.8448
2026-08-23 09:07:21 | Epoch  19/100 | Train Loss 0.1656 | Val Loss 0.7372 Acc 0.8635 AUC 0.9741 Pre 0.8581 Rec 0.8450
2026-08-23 09:07:21 | Epoch  20/100 | Train Loss 0.1556 | Val Loss 0.7947 Acc 0.8690 AUC 0.9740 Pre 0.8647 Rec 0.8527
2026-08-23 09:07:21 | Epoch  21/100 | Train Loss 0.1410 | Val Loss 0.8366 Acc 0.8579 AUC 0.9736 Pre 0.8492 Rec 0.8417
2026-08-23 09:07:21 | Epoch  22/100 | Train Loss 0.1301 | Val Loss 0.8772 Acc 0.8561 AUC 0.9734 Pre 0.8439 Rec 0.8420
2026-08-23 09:07:21 | Epoch  23/100 | Train Loss 0.1088 | Val Loss 0.9182 Acc 0.8561 AUC 0.9730 Pre 0.8456 Rec 0.8420
2026-08-23 09:07:21 | Epoch  24/100 | Train Loss 0.0974 | Val Loss 0.9533 Acc 0.8598 AUC 0.9725 Pre 0.8506 Rec 0.8477
2026-08-23 09:07:21 | Val AUC did not improve for 10 consecutive epochs, early stopping at Epoch 24 (best AUC 0.9744 @ Epoch 14)
2026-08-23 09:07:21 | Run 1/5 | Test (best model @ Epoch 14) | Loss 0.5091 Acc 0.8782 AUC 0.9789 Pre 0.8575 Rec 0.8728
2026-08-23 09:07:21 | ===== Run 2/5 (seed 1) =====
2026-08-23 09:07:21 | Epoch   1/100 | Train Loss 1.9357 | Val Loss 1.8873 Acc 0.3026 AUC 0.9063 Pre 0.0432 Rec 0.1429
2026-08-23 09:07:21 |   Val AUC improved to 0.9063, model saved
2026-08-23 09:07:21 | Epoch   2/100 | Train Loss 1.8856 | Val Loss 1.7781 Acc 0.3026 AUC 0.8748 Pre 0.0432 Rec 0.1429
2026-08-23 09:07:21 | Epoch   3/100 | Train Loss 1.7743 | Val Loss 1.6954 Acc 0.3026 AUC 0.8431 Pre 0.0432 Rec 0.1429
2026-08-23 09:07:21 | Epoch   4/100 | Train Loss 1.6914 | Val Loss 1.5391 Acc 0.3026 AUC 0.9173 Pre 0.0432 Rec 0.1429
2026-08-23 09:07:21 |   Val AUC improved to 0.9173, model saved
2026-08-23 09:07:21 | Epoch   5/100 | Train Loss 1.5241 | Val Loss 1.3806 Acc 0.5240 AUC 0.9447 Pre 0.5596 Rec 0.3491
2026-08-23 09:07:21 |   Val AUC improved to 0.9447, model saved
2026-08-23 09:07:21 | Epoch   6/100 | Train Loss 1.3538 | Val Loss 1.2042 Acc 0.7030 AUC 0.9541 Pre 0.5340 Rec 0.5516
2026-08-23 09:07:21 |   Val AUC improved to 0.9541, model saved
2026-08-23 09:07:21 | Epoch   7/100 | Train Loss 1.1634 | Val Loss 1.0092 Acc 0.7362 AUC 0.9581 Pre 0.5372 Rec 0.5942
2026-08-23 09:07:21 |   Val AUC improved to 0.9581, model saved
2026-08-23 09:07:21 | Epoch   8/100 | Train Loss 0.9580 | Val Loss 0.8446 Acc 0.7509 AUC 0.9596 Pre 0.6898 Rec 0.6126
2026-08-23 09:07:21 |   Val AUC improved to 0.9596, model saved
2026-08-23 09:07:21 | Epoch   9/100 | Train Loss 0.7754 | Val Loss 0.7344 Acc 0.7620 AUC 0.9624 Pre 0.8285 Rec 0.6306
2026-08-23 09:07:21 |   Val AUC improved to 0.9624, model saved
2026-08-23 09:07:21 | Epoch  10/100 | Train Loss 0.6414 | Val Loss 0.6575 Acc 0.7786 AUC 0.9656 Pre 0.8370 Rec 0.6569
2026-08-23 09:07:21 |   Val AUC improved to 0.9656, model saved
2026-08-23 09:07:21 | Epoch  11/100 | Train Loss 0.5417 | Val Loss 0.6046 Acc 0.7823 AUC 0.9685 Pre 0.8340 Rec 0.6764
2026-08-23 09:07:21 |   Val AUC improved to 0.9685, model saved
2026-08-23 09:07:21 | Epoch  12/100 | Train Loss 0.4634 | Val Loss 0.5637 Acc 0.8303 AUC 0.9703 Pre 0.8515 Rec 0.7718
2026-08-23 09:07:21 |   Val AUC improved to 0.9703, model saved
2026-08-23 09:07:21 | Epoch  13/100 | Train Loss 0.3859 | Val Loss 0.5303 Acc 0.8561 AUC 0.9723 Pre 0.8424 Rec 0.8270
2026-08-23 09:07:21 |   Val AUC improved to 0.9723, model saved
2026-08-23 09:07:21 | Epoch  14/100 | Train Loss 0.3130 | Val Loss 0.5300 Acc 0.8672 AUC 0.9735 Pre 0.8423 Rec 0.8475
2026-08-23 09:07:21 |   Val AUC improved to 0.9735, model saved
2026-08-23 09:07:21 | Epoch  15/100 | Train Loss 0.2677 | Val Loss 0.5602 Acc 0.8616 AUC 0.9741 Pre 0.8382 Rec 0.8478
2026-08-23 09:07:21 |   Val AUC improved to 0.9741, model saved
2026-08-23 09:07:21 | Epoch  16/100 | Train Loss 0.2443 | Val Loss 0.5871 Acc 0.8653 AUC 0.9747 Pre 0.8406 Rec 0.8515
2026-08-23 09:07:21 |   Val AUC improved to 0.9747, model saved
2026-08-23 09:07:21 | Epoch  17/100 | Train Loss 0.2201 | Val Loss 0.6061 Acc 0.8672 AUC 0.9751 Pre 0.8440 Rec 0.8500
2026-08-23 09:07:21 |   Val AUC improved to 0.9751, model saved
2026-08-23 09:07:21 | Epoch  18/100 | Train Loss 0.1894 | Val Loss 0.6456 Acc 0.8635 AUC 0.9755 Pre 0.8419 Rec 0.8443
2026-08-23 09:07:21 |   Val AUC improved to 0.9755, model saved
2026-08-23 09:07:21 | Epoch  19/100 | Train Loss 0.1716 | Val Loss 0.6940 Acc 0.8635 AUC 0.9754 Pre 0.8510 Rec 0.8462
2026-08-23 09:07:21 | Epoch  20/100 | Train Loss 0.1524 | Val Loss 0.7546 Acc 0.8635 AUC 0.9751 Pre 0.8575 Rec 0.8426
2026-08-23 09:07:21 | Epoch  21/100 | Train Loss 0.1442 | Val Loss 0.8016 Acc 0.8598 AUC 0.9749 Pre 0.8535 Rec 0.8392
2026-08-23 09:07:21 | Epoch  22/100 | Train Loss 0.1247 | Val Loss 0.8373 Acc 0.8598 AUC 0.9745 Pre 0.8500 Rec 0.8414
2026-08-23 09:07:21 | Epoch  23/100 | Train Loss 0.1107 | Val Loss 0.8706 Acc 0.8616 AUC 0.9742 Pre 0.8487 Rec 0.8477
2026-08-23 09:07:21 | Epoch  24/100 | Train Loss 0.0969 | Val Loss 0.9018 Acc 0.8542 AUC 0.9739 Pre 0.8405 Rec 0.8380
2026-08-23 09:07:21 | Epoch  25/100 | Train Loss 0.0845 | Val Loss 0.9355 Acc 0.8561 AUC 0.9735 Pre 0.8435 Rec 0.8424
2026-08-23 09:07:21 | Epoch  26/100 | Train Loss 0.0798 | Val Loss 0.9659 Acc 0.8616 AUC 0.9732 Pre 0.8474 Rec 0.8497
2026-08-23 09:07:21 | Epoch  27/100 | Train Loss 0.0759 | Val Loss 0.9921 Acc 0.8653 AUC 0.9727 Pre 0.8510 Rec 0.8545
2026-08-23 09:07:21 | Epoch  28/100 | Train Loss 0.0699 | Val Loss 1.0190 Acc 0.8672 AUC 0.9724 Pre 0.8523 Rec 0.8570
2026-08-23 09:07:21 | Val AUC did not improve for 10 consecutive epochs, early stopping at Epoch 28 (best AUC 0.9755 @ Epoch 18)
2026-08-23 09:07:21 | Run 2/5 | Test (best model @ Epoch 18) | Loss 0.5641 Acc 0.8708 AUC 0.9809 Pre 0.8604 Rec 0.8666
2026-08-23 09:07:21 | ===== Run 3/5 (seed 2) =====
2026-08-23 09:07:21 | Epoch   1/100 | Train Loss 1.9522 | Val Loss 1.9051 Acc 0.5000 AUC 0.9146 Pre 0.2491 Rec 0.3347
2026-08-23 09:07:21 |   Val AUC improved to 0.9146, model saved
2026-08-23 09:07:21 | Epoch   2/100 | Train Loss 1.9034 | Val Loss 1.7937 Acc 0.3026 AUC 0.8945 Pre 0.0432 Rec 0.1429
2026-08-23 09:07:21 | Epoch   3/100 | Train Loss 1.7904 | Val Loss 1.6836 Acc 0.3026 AUC 0.8724 Pre 0.0432 Rec 0.1429
2026-08-23 09:07:21 | Epoch   4/100 | Train Loss 1.6784 | Val Loss 1.5438 Acc 0.3026 AUC 0.9176 Pre 0.0432 Rec 0.1429
2026-08-23 09:07:21 |   Val AUC improved to 0.9176, model saved
2026-08-23 09:07:21 | Epoch   5/100 | Train Loss 1.5280 | Val Loss 1.3534 Acc 0.5074 AUC 0.9451 Pre 0.5984 Rec 0.3359
2026-08-23 09:07:21 |   Val AUC improved to 0.9451, model saved
2026-08-23 09:07:21 | Epoch   6/100 | Train Loss 1.3206 | Val Loss 1.1626 Acc 0.7325 AUC 0.9574 Pre 0.5534 Rec 0.5916
2026-08-23 09:07:21 |   Val AUC improved to 0.9574, model saved
2026-08-23 09:07:21 | Epoch   7/100 | Train Loss 1.1140 | Val Loss 0.9601 Acc 0.7546 AUC 0.9623 Pre 0.6824 Rec 0.6258
2026-08-23 09:07:21 |   Val AUC improved to 0.9623, model saved
2026-08-23 09:07:21 | Epoch   8/100 | Train Loss 0.8977 | Val Loss 0.7856 Acc 0.7583 AUC 0.9649 Pre 0.6774 Rec 0.6324
2026-08-23 09:07:21 |   Val AUC improved to 0.9649, model saved
2026-08-23 09:07:21 | Epoch   9/100 | Train Loss 0.7027 | Val Loss 0.6758 Acc 0.7675 AUC 0.9670 Pre 0.8288 Rec 0.6482
2026-08-23 09:07:21 |   Val AUC improved to 0.9670, model saved
2026-08-23 09:07:21 | Epoch  10/100 | Train Loss 0.5679 | Val Loss 0.6091 Acc 0.7934 AUC 0.9695 Pre 0.8426 Rec 0.6908
2026-08-23 09:07:21 |   Val AUC improved to 0.9695, model saved
2026-08-23 09:07:21 | Epoch  11/100 | Train Loss 0.4691 | Val Loss 0.5611 Acc 0.8247 AUC 0.9716 Pre 0.8583 Rec 0.7525
2026-08-23 09:07:21 |   Val AUC improved to 0.9716, model saved
2026-08-23 09:07:21 | Epoch  12/100 | Train Loss 0.3881 | Val Loss 0.5312 Acc 0.8598 AUC 0.9731 Pre 0.8634 Rec 0.8264
2026-08-23 09:07:21 |   Val AUC improved to 0.9731, model saved
2026-08-23 09:07:21 | Epoch  13/100 | Train Loss 0.3234 | Val Loss 0.5256 Acc 0.8635 AUC 0.9744 Pre 0.8390 Rec 0.8419
2026-08-23 09:07:21 |   Val AUC improved to 0.9744, model saved
2026-08-23 09:07:21 | Epoch  14/100 | Train Loss 0.2731 | Val Loss 0.5541 Acc 0.8653 AUC 0.9749 Pre 0.8430 Rec 0.8478
2026-08-23 09:07:21 |   Val AUC improved to 0.9749, model saved
2026-08-23 09:07:21 | Epoch  15/100 | Train Loss 0.2474 | Val Loss 0.5809 Acc 0.8635 AUC 0.9751 Pre 0.8413 Rec 0.8477
2026-08-23 09:07:21 |   Val AUC improved to 0.9751, model saved
2026-08-23 09:07:21 | Epoch  16/100 | Train Loss 0.2190 | Val Loss 0.6101 Acc 0.8708 AUC 0.9750 Pre 0.8524 Rec 0.8509
2026-08-23 09:07:21 | Epoch  17/100 | Train Loss 0.1899 | Val Loss 0.6536 Acc 0.8690 AUC 0.9751 Pre 0.8591 Rec 0.8500
2026-08-23 09:07:21 |   Val AUC improved to 0.9751, model saved
2026-08-23 09:07:21 | Epoch  18/100 | Train Loss 0.1711 | Val Loss 0.7091 Acc 0.8635 AUC 0.9752 Pre 0.8563 Rec 0.8442
2026-08-23 09:07:21 |   Val AUC improved to 0.9752, model saved
2026-08-23 09:07:21 | Epoch  19/100 | Train Loss 0.1572 | Val Loss 0.7663 Acc 0.8672 AUC 0.9750 Pre 0.8612 Rec 0.8507
2026-08-23 09:07:21 | Epoch  20/100 | Train Loss 0.1409 | Val Loss 0.8193 Acc 0.8579 AUC 0.9746 Pre 0.8501 Rec 0.8420
2026-08-23 09:07:21 | Epoch  21/100 | Train Loss 0.1230 | Val Loss 0.8651 Acc 0.8635 AUC 0.9737 Pre 0.8549 Rec 0.8490
2026-08-23 09:07:21 | Epoch  22/100 | Train Loss 0.1118 | Val Loss 0.9119 Acc 0.8579 AUC 0.9733 Pre 0.8475 Rec 0.8455
2026-08-23 09:07:21 | Epoch  23/100 | Train Loss 0.0961 | Val Loss 0.9582 Acc 0.8616 AUC 0.9729 Pre 0.8518 Rec 0.8482
2026-08-23 09:07:22 | Epoch  24/100 | Train Loss 0.0879 | Val Loss 1.0014 Acc 0.8598 AUC 0.9725 Pre 0.8495 Rec 0.8465
2026-08-23 09:07:22 | Epoch  25/100 | Train Loss 0.0827 | Val Loss 1.0266 Acc 0.8653 AUC 0.9722 Pre 0.8524 Rec 0.8517
2026-08-23 09:07:22 | Epoch  26/100 | Train Loss 0.0713 | Val Loss 1.0530 Acc 0.8616 AUC 0.9718 Pre 0.8463 Rec 0.8447
2026-08-23 09:07:22 | Epoch  27/100 | Train Loss 0.0667 | Val Loss 1.0842 Acc 0.8616 AUC 0.9717 Pre 0.8498 Rec 0.8454
2026-08-23 09:07:22 | Epoch  28/100 | Train Loss 0.0586 | Val Loss 1.1234 Acc 0.8690 AUC 0.9716 Pre 0.8604 Rec 0.8535
2026-08-23 09:07:22 | Val AUC did not improve for 10 consecutive epochs, early stopping at Epoch 28 (best AUC 0.9752 @ Epoch 18)
2026-08-23 09:07:22 | Run 3/5 | Test (best model @ Epoch 18) | Loss 0.6346 Acc 0.8727 AUC 0.9801 Pre 0.8685 Rec 0.8599
2026-08-23 09:07:22 | ===== Run 4/5 (seed 3) =====
2026-08-23 09:07:22 | Epoch   1/100 | Train Loss 1.9348 | Val Loss 1.8876 Acc 0.3026 AUC 0.9174 Pre 0.0432 Rec 0.1429
2026-08-23 09:07:22 |   Val AUC improved to 0.9174, model saved
2026-08-23 09:07:22 | Epoch   2/100 | Train Loss 1.8864 | Val Loss 1.7791 Acc 0.3026 AUC 0.8930 Pre 0.0432 Rec 0.1429
2026-08-23 09:07:22 | Epoch   3/100 | Train Loss 1.7761 | Val Loss 1.6779 Acc 0.3026 AUC 0.8690 Pre 0.0432 Rec 0.1429
2026-08-23 09:07:22 | Epoch   4/100 | Train Loss 1.6756 | Val Loss 1.5246 Acc 0.3026 AUC 0.9232 Pre 0.0432 Rec 0.1429
2026-08-23 09:07:22 |   Val AUC improved to 0.9232, model saved
2026-08-23 09:07:22 | Epoch   5/100 | Train Loss 1.5090 | Val Loss 1.3456 Acc 0.5369 AUC 0.9478 Pre 0.4397 Rec 0.3608
2026-08-23 09:07:22 |   Val AUC improved to 0.9478, model saved
2026-08-23 09:07:22 | Epoch   6/100 | Train Loss 1.3176 | Val Loss 1.1602 Acc 0.7103 AUC 0.9568 Pre 0.5472 Rec 0.5575
2026-08-23 09:07:22 |   Val AUC improved to 0.9568, model saved
2026-08-23 09:07:22 | Epoch   7/100 | Train Loss 1.1180 | Val Loss 0.9657 Acc 0.7454 AUC 0.9608 Pre 0.6928 Rec 0.6067
2026-08-23 09:07:22 |   Val AUC improved to 0.9608, model saved
2026-08-23 09:07:22 | Epoch   8/100 | Train Loss 0.9091 | Val Loss 0.8019 Acc 0.7657 AUC 0.9625 Pre 0.8395 Rec 0.6380
2026-08-23 09:07:22 |   Val AUC improved to 0.9625, model saved
2026-08-23 09:07:22 | Epoch   9/100 | Train Loss 0.7257 | Val Loss 0.6893 Acc 0.7897 AUC 0.9654 Pre 0.8532 Rec 0.6784
2026-08-23 09:07:22 |   Val AUC improved to 0.9654, model saved
2026-08-23 09:07:22 | Epoch  10/100 | Train Loss 0.5893 | Val Loss 0.6112 Acc 0.8026 AUC 0.9683 Pre 0.8482 Rec 0.7118
2026-08-23 09:07:22 |   Val AUC improved to 0.9683, model saved
2026-08-23 09:07:22 | Epoch  11/100 | Train Loss 0.4845 | Val Loss 0.5604 Acc 0.8339 AUC 0.9706 Pre 0.8557 Rec 0.7798
2026-08-23 09:07:22 |   Val AUC improved to 0.9706, model saved
2026-08-23 09:07:22 | Epoch  12/100 | Train Loss 0.4024 | Val Loss 0.5260 Acc 0.8579 AUC 0.9729 Pre 0.8510 Rec 0.8287
2026-08-23 09:07:22 |   Val AUC improved to 0.9729, model saved
2026-08-23 09:07:22 | Epoch  13/100 | Train Loss 0.3303 | Val Loss 0.5143 Acc 0.8616 AUC 0.9749 Pre 0.8336 Rec 0.8398
2026-08-23 09:07:22 |   Val AUC improved to 0.9749, model saved
2026-08-23 09:07:22 | Epoch  14/100 | Train Loss 0.2734 | Val Loss 0.5373 Acc 0.8598 AUC 0.9758 Pre 0.8337 Rec 0.8414
2026-08-23 09:07:22 |   Val AUC improved to 0.9758, model saved
2026-08-23 09:07:22 | Epoch  15/100 | Train Loss 0.2416 | Val Loss 0.5730 Acc 0.8635 AUC 0.9756 Pre 0.8447 Rec 0.8455
2026-08-23 09:07:22 | Epoch  16/100 | Train Loss 0.2221 | Val Loss 0.6013 Acc 0.8690 AUC 0.9758 Pre 0.8505 Rec 0.8492
2026-08-23 09:07:22 | Epoch  17/100 | Train Loss 0.1958 | Val Loss 0.6350 Acc 0.8672 AUC 0.9761 Pre 0.8517 Rec 0.8495
2026-08-23 09:07:22 |   Val AUC improved to 0.9761, model saved
2026-08-23 09:07:22 | Epoch  18/100 | Train Loss 0.1775 | Val Loss 0.6787 Acc 0.8690 AUC 0.9762 Pre 0.8579 Rec 0.8516
2026-08-23 09:07:22 |   Val AUC improved to 0.9762, model saved
2026-08-23 09:07:22 | Epoch  19/100 | Train Loss 0.1599 | Val Loss 0.7325 Acc 0.8653 AUC 0.9762 Pre 0.8582 Rec 0.8471
2026-08-23 09:07:22 | Epoch  20/100 | Train Loss 0.1501 | Val Loss 0.7828 Acc 0.8672 AUC 0.9760 Pre 0.8610 Rec 0.8488
2026-08-23 09:07:22 | Epoch  21/100 | Train Loss 0.1316 | Val Loss 0.8320 Acc 0.8616 AUC 0.9756 Pre 0.8525 Rec 0.8457
2026-08-23 09:07:22 | Epoch  22/100 | Train Loss 0.1135 | Val Loss 0.8728 Acc 0.8616 AUC 0.9750 Pre 0.8488 Rec 0.8487
2026-08-23 09:07:22 | Epoch  23/100 | Train Loss 0.0993 | Val Loss 0.9107 Acc 0.8598 AUC 0.9743 Pre 0.8483 Rec 0.8470
2026-08-23 09:07:22 | Epoch  24/100 | Train Loss 0.0923 | Val Loss 0.9463 Acc 0.8616 AUC 0.9738 Pre 0.8501 Rec 0.8485
2026-08-23 09:07:22 | Epoch  25/100 | Train Loss 0.0788 | Val Loss 0.9848 Acc 0.8598 AUC 0.9733 Pre 0.8497 Rec 0.8465
2026-08-23 09:07:22 | Epoch  26/100 | Train Loss 0.0745 | Val Loss 1.0186 Acc 0.8653 AUC 0.9730 Pre 0.8534 Rec 0.8545
2026-08-23 09:07:22 | Epoch  27/100 | Train Loss 0.0713 | Val Loss 1.0401 Acc 0.8653 AUC 0.9727 Pre 0.8530 Rec 0.8556
2026-08-23 09:07:22 | Epoch  28/100 | Train Loss 0.0668 | Val Loss 1.0622 Acc 0.8616 AUC 0.9724 Pre 0.8479 Rec 0.8489
2026-08-23 09:07:22 | Val AUC did not improve for 10 consecutive epochs, early stopping at Epoch 28 (best AUC 0.9762 @ Epoch 18)
2026-08-23 09:07:22 | Run 4/5 | Test (best model @ Epoch 18) | Loss 0.6226 Acc 0.8727 AUC 0.9802 Pre 0.8712 Rec 0.8627
2026-08-23 09:07:22 | ===== Run 5/5 (seed 4) =====
2026-08-23 09:07:22 | Epoch   1/100 | Train Loss 1.9532 | Val Loss 1.9056 Acc 0.4926 AUC 0.9212 Pre 0.2625 Rec 0.3270
2026-08-23 09:07:22 |   Val AUC improved to 0.9212, model saved
2026-08-23 09:07:22 | Epoch   2/100 | Train Loss 1.9037 | Val Loss 1.7901 Acc 0.3026 AUC 0.8932 Pre 0.0432 Rec 0.1429
2026-08-23 09:07:22 | Epoch   3/100 | Train Loss 1.7858 | Val Loss 1.6738 Acc 0.3026 AUC 0.8600 Pre 0.0432 Rec 0.1429
2026-08-23 09:07:22 | Epoch   4/100 | Train Loss 1.6676 | Val Loss 1.5230 Acc 0.3137 AUC 0.9127 Pre 0.1866 Rec 0.1531
2026-08-23 09:07:22 | Epoch   5/100 | Train Loss 1.5048 | Val Loss 1.3225 Acc 0.5406 AUC 0.9436 Pre 0.5726 Rec 0.3657
2026-08-23 09:07:22 |   Val AUC improved to 0.9436, model saved
2026-08-23 09:07:22 | Epoch   6/100 | Train Loss 1.2902 | Val Loss 1.1318 Acc 0.7288 AUC 0.9548 Pre 0.5414 Rec 0.5839
2026-08-23 09:07:22 |   Val AUC improved to 0.9548, model saved
2026-08-23 09:07:22 | Epoch   7/100 | Train Loss 1.0884 | Val Loss 0.9437 Acc 0.7583 AUC 0.9596 Pre 0.5484 Rec 0.6225
2026-08-23 09:07:22 |   Val AUC improved to 0.9596, model saved
2026-08-23 09:07:22 | Epoch   8/100 | Train Loss 0.8893 | Val Loss 0.7894 Acc 0.7583 AUC 0.9628 Pre 0.5428 Rec 0.6237
2026-08-23 09:07:22 |   Val AUC improved to 0.9628, model saved
2026-08-23 09:07:22 | Epoch   9/100 | Train Loss 0.7153 | Val Loss 0.6956 Acc 0.7657 AUC 0.9651 Pre 0.6891 Rec 0.6339
2026-08-23 09:07:22 |   Val AUC improved to 0.9651, model saved
2026-08-23 09:07:22 | Epoch  10/100 | Train Loss 0.5955 | Val Loss 0.6357 Acc 0.7878 AUC 0.9677 Pre 0.8410 Rec 0.6753
2026-08-23 09:07:22 |   Val AUC improved to 0.9677, model saved
2026-08-23 09:07:22 | Epoch  11/100 | Train Loss 0.5049 | Val Loss 0.5886 Acc 0.8137 AUC 0.9697 Pre 0.8447 Rec 0.7249
2026-08-23 09:07:22 |   Val AUC improved to 0.9697, model saved
2026-08-23 09:07:22 | Epoch  12/100 | Train Loss 0.4266 | Val Loss 0.5538 Acc 0.8561 AUC 0.9715 Pre 0.8737 Rec 0.8115
2026-08-23 09:07:22 |   Val AUC improved to 0.9715, model saved
2026-08-23 09:07:22 | Epoch  13/100 | Train Loss 0.3576 | Val Loss 0.5330 Acc 0.8653 AUC 0.9731 Pre 0.8500 Rec 0.8382
2026-08-23 09:07:22 |   Val AUC improved to 0.9731, model saved
2026-08-23 09:07:22 | Epoch  14/100 | Train Loss 0.2970 | Val Loss 0.5423 Acc 0.8616 AUC 0.9745 Pre 0.8363 Rec 0.8457
2026-08-23 09:07:22 |   Val AUC improved to 0.9745, model saved
2026-08-23 09:07:22 | Epoch  15/100 | Train Loss 0.2569 | Val Loss 0.5735 Acc 0.8635 AUC 0.9753 Pre 0.8383 Rec 0.8500
2026-08-23 09:07:22 |   Val AUC improved to 0.9753, model saved
2026-08-23 09:07:22 | Epoch  16/100 | Train Loss 0.2356 | Val Loss 0.6028 Acc 0.8653 AUC 0.9752 Pre 0.8400 Rec 0.8494
2026-08-23 09:07:22 | Epoch  17/100 | Train Loss 0.2097 | Val Loss 0.6405 Acc 0.8635 AUC 0.9748 Pre 0.8407 Rec 0.8474
2026-08-23 09:07:22 | Epoch  18/100 | Train Loss 0.1828 | Val Loss 0.6895 Acc 0.8598 AUC 0.9748 Pre 0.8420 Rec 0.8375
2026-08-23 09:07:22 | Epoch  19/100 | Train Loss 0.1607 | Val Loss 0.7488 Acc 0.8598 AUC 0.9748 Pre 0.8531 Rec 0.8377
2026-08-23 09:07:22 | Epoch  20/100 | Train Loss 0.1455 | Val Loss 0.8067 Acc 0.8598 AUC 0.9746 Pre 0.8542 Rec 0.8398
2026-08-23 09:07:22 | Epoch  21/100 | Train Loss 0.1338 | Val Loss 0.8512 Acc 0.8579 AUC 0.9742 Pre 0.8493 Rec 0.8415
2026-08-23 09:07:22 | Epoch  22/100 | Train Loss 0.1163 | Val Loss 0.8906 Acc 0.8579 AUC 0.9738 Pre 0.8487 Rec 0.8427
2026-08-23 09:07:22 | Epoch  23/100 | Train Loss 0.1016 | Val Loss 0.9282 Acc 0.8635 AUC 0.9736 Pre 0.8530 Rec 0.8489
2026-08-23 09:07:22 | Epoch  24/100 | Train Loss 0.0907 | Val Loss 0.9628 Acc 0.8672 AUC 0.9733 Pre 0.8552 Rec 0.8553
2026-08-23 09:07:22 | Epoch  25/100 | Train Loss 0.0817 | Val Loss 0.9972 Acc 0.8672 AUC 0.9730 Pre 0.8550 Rec 0.8540
2026-08-23 09:07:22 | Val AUC did not improve for 10 consecutive epochs, early stopping at Epoch 25 (best AUC 0.9753 @ Epoch 15)
2026-08-23 09:07:22 | Run 5/5 | Test (best model @ Epoch 15) | Loss 0.5411 Acc 0.8764 AUC 0.9791 Pre 0.8598 Rec 0.8753
2026-08-23 09:07:22 | Average over 5 runs | Test Loss 0.5743±0.0535 Acc 0.8742±0.0030 AUC 0.9798±0.0008 Pre 0.8635±0.0060 Rec 0.8675±0.0065
2026-08-23 09:10:12 | Device: cuda
2026-08-23 09:10:12 | Args: {'model': 'dcvib', 'backbone': 'gnn', 'task': 'cora', 'epochs': 100, 'batch_size': 128, 'lr': 0.005, 'hidden_dims': [512, 256], 'dropout': 0.2, 'z_dim': 256, 'beta': 0.001, 'patience': 10, 'runs': 5, 'seed': 0, 'data_dir': './data', 'save_path': 'output/cora_gnn_dcvib/cora_gnn_dcvib.pt', 'log_path': 'output/cora_gnn_dcvib/train_cora_gnn_dcvib.log'}
2026-08-23 09:10:14 | Cora 划分（60/20/20 分层）：train 1624 / val 542 / test 542（共 2708 节点，7 类）
2026-08-23 09:10:14 | ===== Run 1/5 (seed 0) =====
2026-08-23 09:10:14 | Epoch   1/100 | Train Loss 1.9544 | Val Loss 1.9335 Acc 0.3561 AUC 0.9098 Pre 0.3852 Rec 0.3477
2026-08-23 09:10:14 |   Val AUC improved to 0.9098, model saved
2026-08-23 09:10:14 | Epoch   2/100 | Train Loss 1.9325 | Val Loss 1.8970 Acc 0.3948 AUC 0.9077 Pre 0.2865 Rec 0.2291
2026-08-23 09:10:14 | Epoch   3/100 | Train Loss 1.8946 | Val Loss 1.8361 Acc 0.3026 AUC 0.8918 Pre 0.0432 Rec 0.1429
2026-08-23 09:10:14 | Epoch   4/100 | Train Loss 1.8324 | Val Loss 1.7581 Acc 0.3026 AUC 0.8724 Pre 0.0432 Rec 0.1429
2026-08-23 09:10:14 | Epoch   5/100 | Train Loss 1.7534 | Val Loss 1.6926 Acc 0.3026 AUC 0.8608 Pre 0.0432 Rec 0.1429
2026-08-23 09:10:14 | Epoch   6/100 | Train Loss 1.6873 | Val Loss 1.6372 Acc 0.3026 AUC 0.8678 Pre 0.0432 Rec 0.1429
2026-08-23 09:10:14 | Epoch   7/100 | Train Loss 1.6284 | Val Loss 1.5467 Acc 0.3100 AUC 0.9025 Pre 0.1864 Rec 0.1497
2026-08-23 09:10:14 | Epoch   8/100 | Train Loss 1.5302 | Val Loss 1.4398 Acc 0.4096 AUC 0.9294 Pre 0.1867 Rec 0.2415
2026-08-23 09:10:14 |   Val AUC improved to 0.9294, model saved
2026-08-23 09:10:14 | Epoch   9/100 | Train Loss 1.4172 | Val Loss 1.3364 Acc 0.5166 AUC 0.9432 Pre 0.5709 Rec 0.3441
2026-08-23 09:10:14 |   Val AUC improved to 0.9432, model saved
2026-08-23 09:10:14 | Epoch  10/100 | Train Loss 1.3037 | Val Loss 1.2334 Acc 0.6587 AUC 0.9513 Pre 0.5347 Rec 0.5002
2026-08-23 09:10:14 |   Val AUC improved to 0.9513, model saved
2026-08-23 09:10:14 | Epoch  11/100 | Train Loss 1.1946 | Val Loss 1.1245 Acc 0.7103 AUC 0.9566 Pre 0.5265 Rec 0.5608
2026-08-23 09:10:14 |   Val AUC improved to 0.9566, model saved
2026-08-23 09:10:14 | Epoch  12/100 | Train Loss 1.0782 | Val Loss 1.0130 Acc 0.7362 AUC 0.9602 Pre 0.5312 Rec 0.5900
2026-08-23 09:10:14 |   Val AUC improved to 0.9602, model saved
2026-08-23 09:10:14 | Epoch  13/100 | Train Loss 0.9581 | Val Loss 0.9087 Acc 0.7491 AUC 0.9619 Pre 0.5405 Rec 0.6067
2026-08-23 09:10:14 |   Val AUC improved to 0.9619, model saved
2026-08-23 09:10:15 | Epoch  14/100 | Train Loss 0.8434 | Val Loss 0.8198 Acc 0.7565 AUC 0.9628 Pre 0.6840 Rec 0.6207
2026-08-23 09:10:15 |   Val AUC improved to 0.9628, model saved
2026-08-23 09:10:15 | Epoch  15/100 | Train Loss 0.7434 | Val Loss 0.7467 Acc 0.7620 AUC 0.9637 Pre 0.8242 Rec 0.6324
2026-08-23 09:10:15 |   Val AUC improved to 0.9637, model saved
2026-08-23 09:10:15 | Epoch  16/100 | Train Loss 0.6578 | Val Loss 0.6853 Acc 0.7786 AUC 0.9654 Pre 0.8354 Rec 0.6566
2026-08-23 09:10:15 |   Val AUC improved to 0.9654, model saved
2026-08-23 09:10:15 | Epoch  17/100 | Train Loss 0.5819 | Val Loss 0.6342 Acc 0.7897 AUC 0.9674 Pre 0.8405 Rec 0.6816
2026-08-23 09:10:15 |   Val AUC improved to 0.9674, model saved
2026-08-23 09:10:15 | Epoch  18/100 | Train Loss 0.5191 | Val Loss 0.5944 Acc 0.8026 AUC 0.9694 Pre 0.8474 Rec 0.7058
2026-08-23 09:10:15 |   Val AUC improved to 0.9694, model saved
2026-08-23 09:10:15 | Epoch  19/100 | Train Loss 0.4619 | Val Loss 0.5644 Acc 0.8137 AUC 0.9712 Pre 0.8462 Rec 0.7373
2026-08-23 09:10:15 |   Val AUC improved to 0.9712, model saved
2026-08-23 09:10:15 | Epoch  20/100 | Train Loss 0.4158 | Val Loss 0.5408 Acc 0.8358 AUC 0.9727 Pre 0.8528 Rec 0.7769
2026-08-23 09:10:15 |   Val AUC improved to 0.9727, model saved
2026-08-23 09:10:15 | Epoch  21/100 | Train Loss 0.3695 | Val Loss 0.5218 Acc 0.8579 AUC 0.9738 Pre 0.8488 Rec 0.8249
2026-08-23 09:10:15 |   Val AUC improved to 0.9738, model saved
2026-08-23 09:10:15 | Epoch  22/100 | Train Loss 0.3279 | Val Loss 0.5106 Acc 0.8598 AUC 0.9746 Pre 0.8330 Rec 0.8343
2026-08-23 09:10:15 |   Val AUC improved to 0.9746, model saved
2026-08-23 09:10:15 | Epoch  23/100 | Train Loss 0.2932 | Val Loss 0.5103 Acc 0.8616 AUC 0.9750 Pre 0.8352 Rec 0.8392
2026-08-23 09:10:15 |   Val AUC improved to 0.9750, model saved
2026-08-23 09:10:15 | Epoch  24/100 | Train Loss 0.2675 | Val Loss 0.5181 Acc 0.8635 AUC 0.9751 Pre 0.8391 Rec 0.8448
2026-08-23 09:10:15 |   Val AUC improved to 0.9751, model saved
2026-08-23 09:10:15 | Epoch  25/100 | Train Loss 0.2459 | Val Loss 0.5266 Acc 0.8690 AUC 0.9750 Pre 0.8479 Rec 0.8509
2026-08-23 09:10:15 | Epoch  26/100 | Train Loss 0.2293 | Val Loss 0.5335 Acc 0.8708 AUC 0.9748 Pre 0.8493 Rec 0.8522
2026-08-23 09:10:15 | Epoch  27/100 | Train Loss 0.2101 | Val Loss 0.5415 Acc 0.8708 AUC 0.9749 Pre 0.8524 Rec 0.8509
2026-08-23 09:10:15 | Epoch  28/100 | Train Loss 0.1892 | Val Loss 0.5536 Acc 0.8708 AUC 0.9753 Pre 0.8523 Rec 0.8506
2026-08-23 09:10:15 |   Val AUC improved to 0.9753, model saved
2026-08-23 09:10:15 | Epoch  29/100 | Train Loss 0.1747 | Val Loss 0.5696 Acc 0.8727 AUC 0.9755 Pre 0.8595 Rec 0.8530
2026-08-23 09:10:15 |   Val AUC improved to 0.9755, model saved
2026-08-23 09:10:15 | Epoch  30/100 | Train Loss 0.1621 | Val Loss 0.5894 Acc 0.8690 AUC 0.9756 Pre 0.8598 Rec 0.8517
2026-08-23 09:10:15 |   Val AUC improved to 0.9756, model saved
2026-08-23 09:10:15 | Epoch  31/100 | Train Loss 0.1539 | Val Loss 0.6106 Acc 0.8708 AUC 0.9754 Pre 0.8620 Rec 0.8538
2026-08-23 09:10:15 | Epoch  32/100 | Train Loss 0.1436 | Val Loss 0.6317 Acc 0.8672 AUC 0.9751 Pre 0.8582 Rec 0.8512
2026-08-23 09:10:15 | Epoch  33/100 | Train Loss 0.1348 | Val Loss 0.6523 Acc 0.8653 AUC 0.9749 Pre 0.8542 Rec 0.8500
2026-08-23 09:10:15 | Epoch  34/100 | Train Loss 0.1244 | Val Loss 0.6716 Acc 0.8635 AUC 0.9746 Pre 0.8546 Rec 0.8491
2026-08-23 09:10:15 | Epoch  35/100 | Train Loss 0.1143 | Val Loss 0.6903 Acc 0.8635 AUC 0.9741 Pre 0.8561 Rec 0.8511
2026-08-23 09:10:15 | Epoch  36/100 | Train Loss 0.1069 | Val Loss 0.7082 Acc 0.8653 AUC 0.9737 Pre 0.8570 Rec 0.8554
2026-08-23 09:10:15 | Epoch  37/100 | Train Loss 0.0989 | Val Loss 0.7249 Acc 0.8653 AUC 0.9734 Pre 0.8570 Rec 0.8554
2026-08-23 09:10:15 | Epoch  38/100 | Train Loss 0.0933 | Val Loss 0.7399 Acc 0.8672 AUC 0.9732 Pre 0.8560 Rec 0.8555
2026-08-23 09:10:15 | Epoch  39/100 | Train Loss 0.0864 | Val Loss 0.7535 Acc 0.8690 AUC 0.9730 Pre 0.8572 Rec 0.8575
2026-08-23 09:10:15 | Epoch  40/100 | Train Loss 0.0799 | Val Loss 0.7663 Acc 0.8708 AUC 0.9730 Pre 0.8608 Rec 0.8584
2026-08-23 09:10:15 | Val AUC did not improve for 10 consecutive epochs, early stopping at Epoch 40 (best AUC 0.9756 @ Epoch 30)
2026-08-23 09:10:15 | Run 1/5 | Test (best model @ Epoch 30) | Loss 0.5344 Acc 0.8745 AUC 0.9800 Pre 0.8691 Rec 0.8632
2026-08-23 09:10:15 | ===== Run 2/5 (seed 1) =====
2026-08-23 09:10:15 | Epoch   1/100 | Train Loss 1.9357 | Val Loss 1.9144 Acc 0.3026 AUC 0.8999 Pre 0.0432 Rec 0.1429
2026-08-23 09:10:15 |   Val AUC improved to 0.8999, model saved
2026-08-23 09:10:15 | Epoch   2/100 | Train Loss 1.9135 | Val Loss 1.8773 Acc 0.3026 AUC 0.9009 Pre 0.0432 Rec 0.1429
2026-08-23 09:10:15 |   Val AUC improved to 0.9009, model saved
2026-08-23 09:10:15 | Epoch   3/100 | Train Loss 1.8751 | Val Loss 1.8169 Acc 0.3026 AUC 0.8872 Pre 0.0432 Rec 0.1429
2026-08-23 09:10:15 | Epoch   4/100 | Train Loss 1.8135 | Val Loss 1.7460 Acc 0.3026 AUC 0.8654 Pre 0.0432 Rec 0.1429
2026-08-23 09:10:15 | Epoch   5/100 | Train Loss 1.7426 | Val Loss 1.6909 Acc 0.3026 AUC 0.8562 Pre 0.0432 Rec 0.1429
2026-08-23 09:10:15 | Epoch   6/100 | Train Loss 1.6864 | Val Loss 1.6246 Acc 0.3026 AUC 0.8813 Pre 0.0432 Rec 0.1429
2026-08-23 09:10:15 | Epoch   7/100 | Train Loss 1.6154 | Val Loss 1.5282 Acc 0.3026 AUC 0.9144 Pre 0.0432 Rec 0.1429
2026-08-23 09:10:15 |   Val AUC improved to 0.9144, model saved
2026-08-23 09:10:15 | Epoch   8/100 | Train Loss 1.5138 | Val Loss 1.4260 Acc 0.4262 AUC 0.9343 Pre 0.3323 Rec 0.2565
2026-08-23 09:10:15 |   Val AUC improved to 0.9343, model saved
2026-08-23 09:10:15 | Epoch   9/100 | Train Loss 1.4039 | Val Loss 1.3250 Acc 0.5554 AUC 0.9454 Pre 0.5651 Rec 0.3889
2026-08-23 09:10:15 |   Val AUC improved to 0.9454, model saved
2026-08-23 09:10:15 | Epoch  10/100 | Train Loss 1.2965 | Val Loss 1.2184 Acc 0.6827 AUC 0.9519 Pre 0.5229 Rec 0.5307
2026-08-23 09:10:15 |   Val AUC improved to 0.9519, model saved
2026-08-23 09:10:15 | Epoch  11/100 | Train Loss 1.1820 | Val Loss 1.1045 Acc 0.7269 AUC 0.9559 Pre 0.5325 Rec 0.5807
2026-08-23 09:10:15 |   Val AUC improved to 0.9559, model saved
2026-08-23 09:10:15 | Epoch  12/100 | Train Loss 1.0625 | Val Loss 0.9913 Acc 0.7380 AUC 0.9581 Pre 0.5284 Rec 0.5956
2026-08-23 09:10:15 |   Val AUC improved to 0.9581, model saved
2026-08-23 09:10:15 | Epoch  13/100 | Train Loss 0.9395 | Val Loss 0.8901 Acc 0.7546 AUC 0.9594 Pre 0.6788 Rec 0.6169
2026-08-23 09:10:15 |   Val AUC improved to 0.9594, model saved
2026-08-23 09:10:15 | Epoch  14/100 | Train Loss 0.8268 | Val Loss 0.8062 Acc 0.7565 AUC 0.9608 Pre 0.6783 Rec 0.6212
2026-08-23 09:10:15 |   Val AUC improved to 0.9608, model saved
2026-08-23 09:10:15 | Epoch  15/100 | Train Loss 0.7315 | Val Loss 0.7377 Acc 0.7694 AUC 0.9628 Pre 0.6839 Rec 0.6405
2026-08-23 09:10:15 |   Val AUC improved to 0.9628, model saved
2026-08-23 09:10:15 | Epoch  16/100 | Train Loss 0.6492 | Val Loss 0.6823 Acc 0.7675 AUC 0.9648 Pre 0.6850 Rec 0.6418
2026-08-23 09:10:15 |   Val AUC improved to 0.9648, model saved
2026-08-23 09:10:15 | Epoch  17/100 | Train Loss 0.5801 | Val Loss 0.6390 Acc 0.7768 AUC 0.9666 Pre 0.8323 Rec 0.6608
2026-08-23 09:10:15 |   Val AUC improved to 0.9666, model saved
2026-08-23 09:10:15 | Epoch  18/100 | Train Loss 0.5246 | Val Loss 0.6046 Acc 0.7897 AUC 0.9682 Pre 0.8392 Rec 0.6839
2026-08-23 09:10:15 |   Val AUC improved to 0.9682, model saved
2026-08-23 09:10:15 | Epoch  19/100 | Train Loss 0.4735 | Val Loss 0.5740 Acc 0.8192 AUC 0.9697 Pre 0.8513 Rec 0.7434
2026-08-23 09:10:15 |   Val AUC improved to 0.9697, model saved
2026-08-23 09:10:15 | Epoch  20/100 | Train Loss 0.4218 | Val Loss 0.5451 Acc 0.8506 AUC 0.9712 Pre 0.8562 Rec 0.8051
2026-08-23 09:10:15 |   Val AUC improved to 0.9712, model saved
2026-08-23 09:10:15 | Epoch  21/100 | Train Loss 0.3747 | Val Loss 0.5216 Acc 0.8653 AUC 0.9724 Pre 0.8612 Rec 0.8349
2026-08-23 09:10:15 |   Val AUC improved to 0.9724, model saved
2026-08-23 09:10:15 | Epoch  22/100 | Train Loss 0.3276 | Val Loss 0.5086 Acc 0.8745 AUC 0.9734 Pre 0.8578 Rec 0.8484
2026-08-23 09:10:15 |   Val AUC improved to 0.9734, model saved
2026-08-23 09:10:15 | Epoch  23/100 | Train Loss 0.2911 | Val Loss 0.5082 Acc 0.8690 AUC 0.9741 Pre 0.8483 Rec 0.8465
2026-08-23 09:10:15 |   Val AUC improved to 0.9741, model saved
2026-08-23 09:10:15 | Epoch  24/100 | Train Loss 0.2642 | Val Loss 0.5152 Acc 0.8635 AUC 0.9748 Pre 0.8409 Rec 0.8443
2026-08-23 09:10:15 |   Val AUC improved to 0.9748, model saved
2026-08-23 09:10:15 | Epoch  25/100 | Train Loss 0.2455 | Val Loss 0.5222 Acc 0.8653 AUC 0.9752 Pre 0.8413 Rec 0.8472
2026-08-23 09:10:15 |   Val AUC improved to 0.9752, model saved
2026-08-23 09:10:15 | Epoch  26/100 | Train Loss 0.2259 | Val Loss 0.5262 Acc 0.8672 AUC 0.9756 Pre 0.8441 Rec 0.8492
2026-08-23 09:10:15 |   Val AUC improved to 0.9756, model saved
2026-08-23 09:10:15 | Epoch  27/100 | Train Loss 0.2070 | Val Loss 0.5310 Acc 0.8653 AUC 0.9760 Pre 0.8426 Rec 0.8468
2026-08-23 09:10:15 |   Val AUC improved to 0.9760, model saved
2026-08-23 09:10:15 | Epoch  28/100 | Train Loss 0.1881 | Val Loss 0.5418 Acc 0.8653 AUC 0.9763 Pre 0.8430 Rec 0.8444
2026-08-23 09:10:15 |   Val AUC improved to 0.9763, model saved
2026-08-23 09:10:15 | Epoch  29/100 | Train Loss 0.1715 | Val Loss 0.5592 Acc 0.8635 AUC 0.9762 Pre 0.8472 Rec 0.8442
2026-08-23 09:10:15 | Epoch  30/100 | Train Loss 0.1595 | Val Loss 0.5817 Acc 0.8653 AUC 0.9760 Pre 0.8552 Rec 0.8454
2026-08-23 09:10:15 | Epoch  31/100 | Train Loss 0.1507 | Val Loss 0.6063 Acc 0.8653 AUC 0.9758 Pre 0.8556 Rec 0.8454
2026-08-23 09:10:15 | Epoch  32/100 | Train Loss 0.1400 | Val Loss 0.6279 Acc 0.8635 AUC 0.9757 Pre 0.8552 Rec 0.8418
2026-08-23 09:10:15 | Epoch  33/100 | Train Loss 0.1306 | Val Loss 0.6441 Acc 0.8616 AUC 0.9756 Pre 0.8513 Rec 0.8394
2026-08-23 09:10:15 | Epoch  34/100 | Train Loss 0.1198 | Val Loss 0.6572 Acc 0.8616 AUC 0.9754 Pre 0.8509 Rec 0.8418
2026-08-23 09:10:15 | Epoch  35/100 | Train Loss 0.1121 | Val Loss 0.6699 Acc 0.8598 AUC 0.9753 Pre 0.8467 Rec 0.8421
2026-08-23 09:10:15 | Epoch  36/100 | Train Loss 0.1024 | Val Loss 0.6823 Acc 0.8653 AUC 0.9751 Pre 0.8532 Rec 0.8537
2026-08-23 09:10:15 | Epoch  37/100 | Train Loss 0.0931 | Val Loss 0.6954 Acc 0.8690 AUC 0.9749 Pre 0.8591 Rec 0.8579
2026-08-23 09:10:15 | Epoch  38/100 | Train Loss 0.0878 | Val Loss 0.7095 Acc 0.8672 AUC 0.9746 Pre 0.8570 Rec 0.8540
2026-08-23 09:10:15 | Val AUC did not improve for 10 consecutive epochs, early stopping at Epoch 38 (best AUC 0.9763 @ Epoch 28)
2026-08-23 09:10:15 | Run 2/5 | Test (best model @ Epoch 28) | Loss 0.4843 Acc 0.8782 AUC 0.9808 Pre 0.8663 Rec 0.8696
2026-08-23 09:10:15 | ===== Run 3/5 (seed 2) =====
2026-08-23 09:10:15 | Epoch   1/100 | Train Loss 1.9522 | Val Loss 1.9310 Acc 0.2399 AUC 0.9181 Pre 0.2802 Rec 0.2161
2026-08-23 09:10:15 |   Val AUC improved to 0.9181, model saved
2026-08-23 09:10:15 | Epoch   2/100 | Train Loss 1.9301 | Val Loss 1.8946 Acc 0.4446 AUC 0.9138 Pre 0.3053 Rec 0.2741
2026-08-23 09:10:15 | Epoch   3/100 | Train Loss 1.8927 | Val Loss 1.8334 Acc 0.3026 AUC 0.9030 Pre 0.0432 Rec 0.1429
2026-08-23 09:10:15 | Epoch   4/100 | Train Loss 1.8297 | Val Loss 1.7551 Acc 0.3026 AUC 0.8896 Pre 0.0432 Rec 0.1429
2026-08-23 09:10:15 | Epoch   5/100 | Train Loss 1.7511 | Val Loss 1.6878 Acc 0.3026 AUC 0.8809 Pre 0.0432 Rec 0.1429
2026-08-23 09:10:15 | Epoch   6/100 | Train Loss 1.6839 | Val Loss 1.6316 Acc 0.3026 AUC 0.8875 Pre 0.0432 Rec 0.1429
2026-08-23 09:10:16 | Epoch   7/100 | Train Loss 1.6235 | Val Loss 1.5417 Acc 0.3026 AUC 0.9130 Pre 0.0432 Rec 0.1429
2026-08-23 09:10:16 | Epoch   8/100 | Train Loss 1.5278 | Val Loss 1.4324 Acc 0.3561 AUC 0.9337 Pre 0.1885 Rec 0.1922
2026-08-23 09:10:16 |   Val AUC improved to 0.9337, model saved
2026-08-23 09:10:16 | Epoch   9/100 | Train Loss 1.4084 | Val Loss 1.3252 Acc 0.5443 AUC 0.9454 Pre 0.5897 Rec 0.3812
2026-08-23 09:10:16 |   Val AUC improved to 0.9454, model saved
2026-08-23 09:10:16 | Epoch  10/100 | Train Loss 1.2930 | Val Loss 1.2182 Acc 0.6919 AUC 0.9528 Pre 0.5362 Rec 0.5477
2026-08-23 09:10:16 |   Val AUC improved to 0.9528, model saved
2026-08-23 09:10:16 | Epoch  11/100 | Train Loss 1.1767 | Val Loss 1.1047 Acc 0.7362 AUC 0.9573 Pre 0.6826 Rec 0.5995
2026-08-23 09:10:16 |   Val AUC improved to 0.9573, model saved
2026-08-23 09:10:16 | Epoch  12/100 | Train Loss 1.0555 | Val Loss 0.9876 Acc 0.7528 AUC 0.9604 Pre 0.6781 Rec 0.6175
2026-08-23 09:10:16 |   Val AUC improved to 0.9604, model saved
2026-08-23 09:10:16 | Epoch  13/100 | Train Loss 0.9284 | Val Loss 0.8777 Acc 0.7583 AUC 0.9626 Pre 0.6793 Rec 0.6277
2026-08-23 09:10:16 |   Val AUC improved to 0.9626, model saved
2026-08-23 09:10:16 | Epoch  14/100 | Train Loss 0.8091 | Val Loss 0.7859 Acc 0.7546 AUC 0.9641 Pre 0.6775 Rec 0.6247
2026-08-23 09:10:16 |   Val AUC improved to 0.9641, model saved
2026-08-23 09:10:16 | Epoch  15/100 | Train Loss 0.7037 | Val Loss 0.7151 Acc 0.7620 AUC 0.9656 Pre 0.8255 Rec 0.6370
2026-08-23 09:10:16 |   Val AUC improved to 0.9656, model saved
2026-08-23 09:10:16 | Epoch  16/100 | Train Loss 0.6208 | Val Loss 0.6603 Acc 0.7675 AUC 0.9673 Pre 0.8266 Rec 0.6492
2026-08-23 09:10:16 |   Val AUC improved to 0.9673, model saved
2026-08-23 09:10:16 | Epoch  17/100 | Train Loss 0.5477 | Val Loss 0.6161 Acc 0.7860 AUC 0.9689 Pre 0.8343 Rec 0.6775
2026-08-23 09:10:16 |   Val AUC improved to 0.9689, model saved
2026-08-23 09:10:16 | Epoch  18/100 | Train Loss 0.4882 | Val Loss 0.5798 Acc 0.8137 AUC 0.9706 Pre 0.8510 Rec 0.7256
2026-08-23 09:10:16 |   Val AUC improved to 0.9706, model saved
2026-08-23 09:10:16 | Epoch  19/100 | Train Loss 0.4356 | Val Loss 0.5502 Acc 0.8339 AUC 0.9721 Pre 0.8619 Rec 0.7710
2026-08-23 09:10:16 |   Val AUC improved to 0.9721, model saved
2026-08-23 09:10:16 | Epoch  20/100 | Train Loss 0.3845 | Val Loss 0.5267 Acc 0.8635 AUC 0.9734 Pre 0.8720 Rec 0.8290
2026-08-23 09:10:16 |   Val AUC improved to 0.9734, model saved
2026-08-23 09:10:16 | Epoch  21/100 | Train Loss 0.3432 | Val Loss 0.5110 Acc 0.8653 AUC 0.9744 Pre 0.8565 Rec 0.8415
2026-08-23 09:10:16 |   Val AUC improved to 0.9744, model saved
2026-08-23 09:10:16 | Epoch  22/100 | Train Loss 0.3050 | Val Loss 0.5061 Acc 0.8672 AUC 0.9751 Pre 0.8482 Rec 0.8453
2026-08-23 09:10:16 |   Val AUC improved to 0.9751, model saved
2026-08-23 09:10:16 | Epoch  23/100 | Train Loss 0.2738 | Val Loss 0.5112 Acc 0.8635 AUC 0.9755 Pre 0.8400 Rec 0.8435
2026-08-23 09:10:16 |   Val AUC improved to 0.9755, model saved
2026-08-23 09:10:16 | Epoch  24/100 | Train Loss 0.2528 | Val Loss 0.5198 Acc 0.8708 AUC 0.9755 Pre 0.8525 Rec 0.8546
2026-08-23 09:10:16 |   Val AUC improved to 0.9755, model saved
2026-08-23 09:10:16 | Epoch  25/100 | Train Loss 0.2377 | Val Loss 0.5262 Acc 0.8708 AUC 0.9756 Pre 0.8537 Rec 0.8542
2026-08-23 09:10:16 |   Val AUC improved to 0.9756, model saved
2026-08-23 09:10:16 | Epoch  26/100 | Train Loss 0.2156 | Val Loss 0.5327 Acc 0.8727 AUC 0.9755 Pre 0.8543 Rec 0.8530
2026-08-23 09:10:16 | Epoch  27/100 | Train Loss 0.1943 | Val Loss 0.5438 Acc 0.8745 AUC 0.9757 Pre 0.8642 Rec 0.8550
2026-08-23 09:10:16 |   Val AUC improved to 0.9757, model saved
2026-08-23 09:10:16 | Epoch  28/100 | Train Loss 0.1764 | Val Loss 0.5599 Acc 0.8745 AUC 0.9757 Pre 0.8642 Rec 0.8547
2026-08-23 09:10:16 |   Val AUC improved to 0.9757, model saved
2026-08-23 09:10:16 | Epoch  29/100 | Train Loss 0.1678 | Val Loss 0.5792 Acc 0.8745 AUC 0.9758 Pre 0.8639 Rec 0.8547
2026-08-23 09:10:16 |   Val AUC improved to 0.9758, model saved
2026-08-23 09:10:16 | Epoch  30/100 | Train Loss 0.1575 | Val Loss 0.5990 Acc 0.8690 AUC 0.9757 Pre 0.8623 Rec 0.8535
2026-08-23 09:10:16 | Epoch  31/100 | Train Loss 0.1470 | Val Loss 0.6191 Acc 0.8690 AUC 0.9755 Pre 0.8609 Rec 0.8524
2026-08-23 09:10:16 | Epoch  32/100 | Train Loss 0.1350 | Val Loss 0.6394 Acc 0.8653 AUC 0.9752 Pre 0.8581 Rec 0.8495
2026-08-23 09:10:16 | Epoch  33/100 | Train Loss 0.1234 | Val Loss 0.6600 Acc 0.8616 AUC 0.9749 Pre 0.8531 Rec 0.8490
2026-08-23 09:10:16 | Epoch  34/100 | Train Loss 0.1153 | Val Loss 0.6805 Acc 0.8653 AUC 0.9745 Pre 0.8562 Rec 0.8550
2026-08-23 09:10:16 | Epoch  35/100 | Train Loss 0.1080 | Val Loss 0.6998 Acc 0.8635 AUC 0.9740 Pre 0.8534 Rec 0.8514
2026-08-23 09:10:16 | Epoch  36/100 | Train Loss 0.1000 | Val Loss 0.7181 Acc 0.8635 AUC 0.9737 Pre 0.8534 Rec 0.8514
2026-08-23 09:10:16 | Epoch  37/100 | Train Loss 0.0917 | Val Loss 0.7362 Acc 0.8635 AUC 0.9735 Pre 0.8534 Rec 0.8514
2026-08-23 09:10:16 | Epoch  38/100 | Train Loss 0.0844 | Val Loss 0.7544 Acc 0.8708 AUC 0.9731 Pre 0.8594 Rec 0.8591
2026-08-23 09:10:16 | Epoch  39/100 | Train Loss 0.0817 | Val Loss 0.7709 Acc 0.8708 AUC 0.9728 Pre 0.8589 Rec 0.8571
2026-08-23 09:10:16 | Val AUC did not improve for 10 consecutive epochs, early stopping at Epoch 39 (best AUC 0.9758 @ Epoch 29)
2026-08-23 09:10:16 | Run 3/5 | Test (best model @ Epoch 29) | Loss 0.5168 Acc 0.8764 AUC 0.9807 Pre 0.8713 Rec 0.8628
2026-08-23 09:10:16 | ===== Run 4/5 (seed 3) =====
2026-08-23 09:10:16 | Epoch   1/100 | Train Loss 1.9348 | Val Loss 1.9134 Acc 0.3026 AUC 0.9174 Pre 0.0432 Rec 0.1429
2026-08-23 09:10:16 |   Val AUC improved to 0.9174, model saved
2026-08-23 09:10:16 | Epoch   2/100 | Train Loss 1.9126 | Val Loss 1.8772 Acc 0.3026 AUC 0.9168 Pre 0.0432 Rec 0.1429
2026-08-23 09:10:16 | Epoch   3/100 | Train Loss 1.8754 | Val Loss 1.8176 Acc 0.3026 AUC 0.9024 Pre 0.0432 Rec 0.1429
2026-08-23 09:10:16 | Epoch   4/100 | Train Loss 1.8151 | Val Loss 1.7436 Acc 0.3026 AUC 0.8858 Pre 0.0432 Rec 0.1429
2026-08-23 09:10:16 | Epoch   5/100 | Train Loss 1.7398 | Val Loss 1.6805 Acc 0.3026 AUC 0.8801 Pre 0.0432 Rec 0.1429
2026-08-23 09:10:16 | Epoch   6/100 | Train Loss 1.6775 | Val Loss 1.6154 Acc 0.3026 AUC 0.8942 Pre 0.0432 Rec 0.1429
2026-08-23 09:10:16 | Epoch   7/100 | Train Loss 1.6082 | Val Loss 1.5188 Acc 0.3026 AUC 0.9201 Pre 0.0432 Rec 0.1429
2026-08-23 09:10:16 |   Val AUC improved to 0.9201, model saved
2026-08-23 09:10:16 | Epoch   8/100 | Train Loss 1.5037 | Val Loss 1.4105 Acc 0.4262 AUC 0.9381 Pre 0.3350 Rec 0.2564
2026-08-23 09:10:16 |   Val AUC improved to 0.9381, model saved
2026-08-23 09:10:16 | Epoch   9/100 | Train Loss 1.3880 | Val Loss 1.3045 Acc 0.5535 AUC 0.9486 Pre 0.5775 Rec 0.3802
2026-08-23 09:10:16 |   Val AUC improved to 0.9486, model saved
2026-08-23 09:10:16 | Epoch  10/100 | Train Loss 1.2740 | Val Loss 1.1965 Acc 0.6993 AUC 0.9545 Pre 0.5433 Rec 0.5462
2026-08-23 09:10:16 |   Val AUC improved to 0.9545, model saved
2026-08-23 09:10:16 | Epoch  11/100 | Train Loss 1.1580 | Val Loss 1.0829 Acc 0.7399 AUC 0.9582 Pre 0.5482 Rec 0.5955
2026-08-23 09:10:16 |   Val AUC improved to 0.9582, model saved
2026-08-23 09:10:16 | Epoch  12/100 | Train Loss 1.0367 | Val Loss 0.9694 Acc 0.7491 AUC 0.9604 Pre 0.6929 Rec 0.6083
2026-08-23 09:10:16 |   Val AUC improved to 0.9604, model saved
2026-08-23 09:10:16 | Epoch  13/100 | Train Loss 0.9128 | Val Loss 0.8667 Acc 0.7546 AUC 0.9616 Pre 0.6876 Rec 0.6174
2026-08-23 09:10:16 |   Val AUC improved to 0.9616, model saved
2026-08-23 09:10:16 | Epoch  14/100 | Train Loss 0.7980 | Val Loss 0.7807 Acc 0.7694 AUC 0.9627 Pre 0.8357 Rec 0.6425
2026-08-23 09:10:16 |   Val AUC improved to 0.9627, model saved
2026-08-23 09:10:16 | Epoch  15/100 | Train Loss 0.7019 | Val Loss 0.7104 Acc 0.7786 AUC 0.9645 Pre 0.8403 Rec 0.6595
2026-08-23 09:10:16 |   Val AUC improved to 0.9645, model saved
2026-08-23 09:10:16 | Epoch  16/100 | Train Loss 0.6164 | Val Loss 0.6531 Acc 0.7952 AUC 0.9664 Pre 0.8483 Rec 0.6912
2026-08-23 09:10:16 |   Val AUC improved to 0.9664, model saved
2026-08-23 09:10:16 | Epoch  17/100 | Train Loss 0.5462 | Val Loss 0.6080 Acc 0.8100 AUC 0.9683 Pre 0.8496 Rec 0.7241
2026-08-23 09:10:16 |   Val AUC improved to 0.9683, model saved
2026-08-23 09:10:16 | Epoch  18/100 | Train Loss 0.4884 | Val Loss 0.5732 Acc 0.8247 AUC 0.9699 Pre 0.8491 Rec 0.7570
2026-08-23 09:10:16 |   Val AUC improved to 0.9699, model saved
2026-08-23 09:10:16 | Epoch  19/100 | Train Loss 0.4340 | Val Loss 0.5447 Acc 0.8487 AUC 0.9714 Pre 0.8607 Rec 0.8055
2026-08-23 09:10:16 |   Val AUC improved to 0.9714, model saved
2026-08-23 09:10:16 | Epoch  20/100 | Train Loss 0.3862 | Val Loss 0.5209 Acc 0.8635 AUC 0.9728 Pre 0.8578 Rec 0.8345
2026-08-23 09:10:16 |   Val AUC improved to 0.9728, model saved
2026-08-23 09:10:16 | Epoch  21/100 | Train Loss 0.3398 | Val Loss 0.5041 Acc 0.8690 AUC 0.9742 Pre 0.8506 Rec 0.8441
2026-08-23 09:10:16 |   Val AUC improved to 0.9742, model saved
2026-08-23 09:10:16 | Epoch  22/100 | Train Loss 0.2982 | Val Loss 0.4977 Acc 0.8708 AUC 0.9752 Pre 0.8478 Rec 0.8475
2026-08-23 09:10:16 |   Val AUC improved to 0.9752, model saved
2026-08-23 09:10:16 | Epoch  23/100 | Train Loss 0.2684 | Val Loss 0.5017 Acc 0.8653 AUC 0.9756 Pre 0.8435 Rec 0.8433
2026-08-23 09:10:16 |   Val AUC improved to 0.9756, model saved
2026-08-23 09:10:16 | Epoch  24/100 | Train Loss 0.2442 | Val Loss 0.5107 Acc 0.8672 AUC 0.9760 Pre 0.8478 Rec 0.8472
2026-08-23 09:10:16 |   Val AUC improved to 0.9760, model saved
2026-08-23 09:10:16 | Epoch  25/100 | Train Loss 0.2269 | Val Loss 0.5188 Acc 0.8708 AUC 0.9761 Pre 0.8508 Rec 0.8509
2026-08-23 09:10:16 |   Val AUC improved to 0.9761, model saved
2026-08-23 09:10:16 | Epoch  26/100 | Train Loss 0.2073 | Val Loss 0.5255 Acc 0.8745 AUC 0.9763 Pre 0.8583 Rec 0.8554
2026-08-23 09:10:16 |   Val AUC improved to 0.9763, model saved
2026-08-23 09:10:16 | Epoch  27/100 | Train Loss 0.1927 | Val Loss 0.5345 Acc 0.8745 AUC 0.9766 Pre 0.8579 Rec 0.8550
2026-08-23 09:10:16 |   Val AUC improved to 0.9766, model saved
2026-08-23 09:10:16 | Epoch  28/100 | Train Loss 0.1775 | Val Loss 0.5473 Acc 0.8708 AUC 0.9769 Pre 0.8546 Rec 0.8521
2026-08-23 09:10:16 |   Val AUC improved to 0.9769, model saved
2026-08-23 09:10:16 | Epoch  29/100 | Train Loss 0.1638 | Val Loss 0.5642 Acc 0.8690 AUC 0.9770 Pre 0.8567 Rec 0.8513
2026-08-23 09:10:16 |   Val AUC improved to 0.9770, model saved
2026-08-23 09:10:16 | Epoch  30/100 | Train Loss 0.1520 | Val Loss 0.5855 Acc 0.8690 AUC 0.9768 Pre 0.8609 Rec 0.8521
2026-08-23 09:10:16 | Epoch  31/100 | Train Loss 0.1438 | Val Loss 0.6081 Acc 0.8708 AUC 0.9766 Pre 0.8651 Rec 0.8530
2026-08-23 09:10:16 | Epoch  32/100 | Train Loss 0.1328 | Val Loss 0.6292 Acc 0.8690 AUC 0.9763 Pre 0.8638 Rec 0.8521
2026-08-23 09:10:16 | Epoch  33/100 | Train Loss 0.1245 | Val Loss 0.6461 Acc 0.8653 AUC 0.9761 Pre 0.8547 Rec 0.8488
2026-08-23 09:10:16 | Epoch  34/100 | Train Loss 0.1141 | Val Loss 0.6621 Acc 0.8616 AUC 0.9758 Pre 0.8522 Rec 0.8458
2026-08-23 09:10:16 | Epoch  35/100 | Train Loss 0.1061 | Val Loss 0.6776 Acc 0.8653 AUC 0.9755 Pre 0.8566 Rec 0.8537
2026-08-23 09:10:16 | Epoch  36/100 | Train Loss 0.0998 | Val Loss 0.6936 Acc 0.8635 AUC 0.9753 Pre 0.8533 Rec 0.8533
2026-08-23 09:10:16 | Epoch  37/100 | Train Loss 0.0932 | Val Loss 0.7099 Acc 0.8653 AUC 0.9751 Pre 0.8545 Rec 0.8554
2026-08-23 09:10:16 | Epoch  38/100 | Train Loss 0.0841 | Val Loss 0.7262 Acc 0.8690 AUC 0.9747 Pre 0.8565 Rec 0.8583
2026-08-23 09:10:17 | Epoch  39/100 | Train Loss 0.0798 | Val Loss 0.7416 Acc 0.8690 AUC 0.9743 Pre 0.8584 Rec 0.8564
2026-08-23 09:10:17 | Val AUC did not improve for 10 consecutive epochs, early stopping at Epoch 39 (best AUC 0.9770 @ Epoch 29)
2026-08-23 09:10:17 | Run 4/5 | Test (best model @ Epoch 29) | Loss 0.5153 Acc 0.8727 AUC 0.9806 Pre 0.8664 Rec 0.8612
2026-08-23 09:10:17 | ===== Run 5/5 (seed 4) =====
2026-08-23 09:10:17 | Epoch   1/100 | Train Loss 1.9532 | Val Loss 1.9320 Acc 0.2712 AUC 0.9196 Pre 0.4182 Rec 0.2457
2026-08-23 09:10:17 |   Val AUC improved to 0.9196, model saved
2026-08-23 09:10:17 | Epoch   2/100 | Train Loss 1.9309 | Val Loss 1.8949 Acc 0.4520 AUC 0.9179 Pre 0.3067 Rec 0.2808
2026-08-23 09:10:17 | Epoch   3/100 | Train Loss 1.8926 | Val Loss 1.8323 Acc 0.3026 AUC 0.9035 Pre 0.0432 Rec 0.1429
2026-08-23 09:10:17 | Epoch   4/100 | Train Loss 1.8282 | Val Loss 1.7509 Acc 0.3026 AUC 0.8836 Pre 0.0432 Rec 0.1429
2026-08-23 09:10:17 | Epoch   5/100 | Train Loss 1.7455 | Val Loss 1.6791 Acc 0.3026 AUC 0.8706 Pre 0.0432 Rec 0.1429
2026-08-23 09:10:17 | Epoch   6/100 | Train Loss 1.6739 | Val Loss 1.6181 Acc 0.3026 AUC 0.8807 Pre 0.0432 Rec 0.1429
2026-08-23 09:10:17 | Epoch   7/100 | Train Loss 1.6093 | Val Loss 1.5221 Acc 0.3100 AUC 0.9094 Pre 0.1864 Rec 0.1497
2026-08-23 09:10:17 | Epoch   8/100 | Train Loss 1.5070 | Val Loss 1.4061 Acc 0.4539 AUC 0.9312 Pre 0.3324 Rec 0.2819
2026-08-23 09:10:17 |   Val AUC improved to 0.9312, model saved
2026-08-23 09:10:17 | Epoch   9/100 | Train Loss 1.3813 | Val Loss 1.2936 Acc 0.5609 AUC 0.9439 Pre 0.5646 Rec 0.3902
2026-08-23 09:10:17 |   Val AUC improved to 0.9439, model saved
2026-08-23 09:10:17 | Epoch  10/100 | Train Loss 1.2606 | Val Loss 1.1847 Acc 0.7030 AUC 0.9512 Pre 0.5353 Rec 0.5536
2026-08-23 09:10:17 |   Val AUC improved to 0.9512, model saved
2026-08-23 09:10:17 | Epoch  11/100 | Train Loss 1.1442 | Val Loss 1.0739 Acc 0.7399 AUC 0.9557 Pre 0.5476 Rec 0.5982
2026-08-23 09:10:17 |   Val AUC improved to 0.9557, model saved
2026-08-23 09:10:17 | Epoch  12/100 | Train Loss 1.0267 | Val Loss 0.9642 Acc 0.7546 AUC 0.9585 Pre 0.5472 Rec 0.6182
2026-08-23 09:10:17 |   Val AUC improved to 0.9585, model saved
2026-08-23 09:10:17 | Epoch  13/100 | Train Loss 0.9093 | Val Loss 0.8652 Acc 0.7565 AUC 0.9603 Pre 0.5425 Rec 0.6214
2026-08-23 09:10:17 |   Val AUC improved to 0.9603, model saved
2026-08-23 09:10:17 | Epoch  14/100 | Train Loss 0.8005 | Val Loss 0.7852 Acc 0.7620 AUC 0.9622 Pre 0.5424 Rec 0.6262
2026-08-23 09:10:17 |   Val AUC improved to 0.9622, model saved
2026-08-23 09:10:17 | Epoch  15/100 | Train Loss 0.7099 | Val Loss 0.7245 Acc 0.7601 AUC 0.9639 Pre 0.5406 Rec 0.6259
2026-08-23 09:10:17 |   Val AUC improved to 0.9639, model saved
2026-08-23 09:10:17 | Epoch  16/100 | Train Loss 0.6363 | Val Loss 0.6766 Acc 0.7712 AUC 0.9655 Pre 0.6890 Rec 0.6432
2026-08-23 09:10:17 |   Val AUC improved to 0.9655, model saved
2026-08-23 09:10:17 | Epoch  17/100 | Train Loss 0.5736 | Val Loss 0.6363 Acc 0.7878 AUC 0.9673 Pre 0.8391 Rec 0.6747
2026-08-23 09:10:17 |   Val AUC improved to 0.9673, model saved
2026-08-23 09:10:17 | Epoch  18/100 | Train Loss 0.5173 | Val Loss 0.6018 Acc 0.8118 AUC 0.9689 Pre 0.8441 Rec 0.7156
2026-08-23 09:10:17 |   Val AUC improved to 0.9689, model saved
2026-08-23 09:10:17 | Epoch  19/100 | Train Loss 0.4668 | Val Loss 0.5723 Acc 0.8247 AUC 0.9702 Pre 0.8517 Rec 0.7491
2026-08-23 09:10:17 |   Val AUC improved to 0.9702, model saved
2026-08-23 09:10:17 | Epoch  20/100 | Train Loss 0.4179 | Val Loss 0.5466 Acc 0.8487 AUC 0.9715 Pre 0.8675 Rec 0.7975
2026-08-23 09:10:17 |   Val AUC improved to 0.9715, model saved
2026-08-23 09:10:17 | Epoch  21/100 | Train Loss 0.3764 | Val Loss 0.5255 Acc 0.8635 AUC 0.9727 Pre 0.8603 Rec 0.8326
2026-08-23 09:10:17 |   Val AUC improved to 0.9727, model saved
2026-08-23 09:10:17 | Epoch  22/100 | Train Loss 0.3330 | Val Loss 0.5116 Acc 0.8690 AUC 0.9738 Pre 0.8579 Rec 0.8449
2026-08-23 09:10:17 |   Val AUC improved to 0.9738, model saved
2026-08-23 09:10:17 | Epoch  23/100 | Train Loss 0.2958 | Val Loss 0.5075 Acc 0.8598 AUC 0.9747 Pre 0.8359 Rec 0.8398
2026-08-23 09:10:17 |   Val AUC improved to 0.9747, model saved
2026-08-23 09:10:17 | Epoch  24/100 | Train Loss 0.2668 | Val Loss 0.5120 Acc 0.8598 AUC 0.9755 Pre 0.8367 Rec 0.8440
2026-08-23 09:10:17 |   Val AUC improved to 0.9755, model saved
2026-08-23 09:10:17 | Epoch  25/100 | Train Loss 0.2439 | Val Loss 0.5197 Acc 0.8635 AUC 0.9759 Pre 0.8383 Rec 0.8477
2026-08-23 09:10:17 |   Val AUC improved to 0.9759, model saved
2026-08-23 09:10:17 | Epoch  26/100 | Train Loss 0.2257 | Val Loss 0.5272 Acc 0.8635 AUC 0.9760 Pre 0.8395 Rec 0.8458
2026-08-23 09:10:17 |   Val AUC improved to 0.9760, model saved
2026-08-23 09:10:17 | Epoch  27/100 | Train Loss 0.2071 | Val Loss 0.5356 Acc 0.8616 AUC 0.9760 Pre 0.8380 Rec 0.8418
2026-08-23 09:10:17 | Epoch  28/100 | Train Loss 0.1901 | Val Loss 0.5485 Acc 0.8616 AUC 0.9759 Pre 0.8425 Rec 0.8426
2026-08-23 09:10:17 | Epoch  29/100 | Train Loss 0.1732 | Val Loss 0.5656 Acc 0.8616 AUC 0.9758 Pre 0.8458 Rec 0.8438
2026-08-23 09:10:17 | Epoch  30/100 | Train Loss 0.1614 | Val Loss 0.5859 Acc 0.8616 AUC 0.9758 Pre 0.8475 Rec 0.8402
2026-08-23 09:10:17 | Epoch  31/100 | Train Loss 0.1483 | Val Loss 0.6084 Acc 0.8598 AUC 0.9757 Pre 0.8521 Rec 0.8382
2026-08-23 09:10:17 | Epoch  32/100 | Train Loss 0.1398 | Val Loss 0.6312 Acc 0.8653 AUC 0.9755 Pre 0.8557 Rec 0.8451
2026-08-23 09:10:17 | Epoch  33/100 | Train Loss 0.1317 | Val Loss 0.6512 Acc 0.8598 AUC 0.9752 Pre 0.8509 Rec 0.8401
2026-08-23 09:10:17 | Epoch  34/100 | Train Loss 0.1206 | Val Loss 0.6688 Acc 0.8561 AUC 0.9750 Pre 0.8476 Rec 0.8403
2026-08-23 09:10:17 | Epoch  35/100 | Train Loss 0.1121 | Val Loss 0.6844 Acc 0.8616 AUC 0.9748 Pre 0.8533 Rec 0.8484
2026-08-23 09:10:17 | Epoch  36/100 | Train Loss 0.1026 | Val Loss 0.6993 Acc 0.8635 AUC 0.9747 Pre 0.8555 Rec 0.8517
2026-08-23 09:10:17 | Val AUC did not improve for 10 consecutive epochs, early stopping at Epoch 36 (best AUC 0.9760 @ Epoch 26)
2026-08-23 09:10:17 | Run 5/5 | Test (best model @ Epoch 26) | Loss 0.4846 Acc 0.8782 AUC 0.9803 Pre 0.8660 Rec 0.8749
2026-08-23 09:10:17 | Average over 5 runs | Test Loss 0.5071±0.0220 Acc 0.8760±0.0024 AUC 0.9805±0.0003 Pre 0.8678±0.0023 Rec 0.8663±0.0057
2026-08-23 09:16:52 | Device: cuda
2026-08-23 09:16:52 | Args: {'model': 'dcvib', 'backbone': 'gnn', 'task': 'cora', 'epochs': 100, 'batch_size': 128, 'lr': 0.01, 'hidden_dims': [512, 256], 'dropout': 0.2, 'z_dim': 256, 'beta': 0.001, 'patience': 10, 'runs': 5, 'seed': 0, 'data_dir': './data', 'save_path': 'output/cora_gnn_dcvib/cora_gnn_dcvib.pt', 'log_path': 'output/cora_gnn_dcvib/train_cora_gnn_dcvib.log'}
2026-08-23 09:16:53 | Cora 划分（60/20/20 分层）：train 1624 / val 542 / test 542（共 2708 节点，7 类）
2026-08-23 09:16:53 | ===== Run 1/5 (seed 0) =====
2026-08-23 09:16:54 | Epoch   1/100 | Train Loss 1.9544 | Val Loss 1.9069 Acc 0.4539 AUC 0.9091 Pre 0.2552 Rec 0.2889
2026-08-23 09:16:54 |   Val AUC improved to 0.9091, model saved
2026-08-23 09:16:54 | Epoch   2/100 | Train Loss 1.9053 | Val Loss 1.7947 Acc 0.3026 AUC 0.8800 Pre 0.0432 Rec 0.1429
2026-08-23 09:16:54 | Epoch   3/100 | Train Loss 1.7901 | Val Loss 1.6916 Acc 0.3026 AUC 0.8419 Pre 0.0432 Rec 0.1429
2026-08-23 09:16:54 | Epoch   4/100 | Train Loss 1.6869 | Val Loss 1.5517 Acc 0.3100 AUC 0.9064 Pre 0.1864 Rec 0.1497
2026-08-23 09:16:54 | Epoch   5/100 | Train Loss 1.5354 | Val Loss 1.3717 Acc 0.5074 AUC 0.9419 Pre 0.4608 Rec 0.3328
2026-08-23 09:16:54 |   Val AUC improved to 0.9419, model saved
2026-08-23 09:16:54 | Epoch   6/100 | Train Loss 1.3403 | Val Loss 1.1909 Acc 0.6882 AUC 0.9545 Pre 0.5433 Rec 0.5323
2026-08-23 09:16:54 |   Val AUC improved to 0.9545, model saved
2026-08-23 09:16:54 | Epoch   7/100 | Train Loss 1.1458 | Val Loss 1.0017 Acc 0.7306 AUC 0.9608 Pre 0.5329 Rec 0.5838
2026-08-23 09:16:54 |   Val AUC improved to 0.9608, model saved
2026-08-23 09:16:54 | Epoch   8/100 | Train Loss 0.9438 | Val Loss 0.8372 Acc 0.7601 AUC 0.9626 Pre 0.6909 Rec 0.6202
2026-08-23 09:16:54 |   Val AUC improved to 0.9626, model saved
2026-08-23 09:16:54 | Epoch   9/100 | Train Loss 0.7654 | Val Loss 0.7238 Acc 0.7546 AUC 0.9643 Pre 0.6816 Rec 0.6188
2026-08-23 09:16:54 |   Val AUC improved to 0.9643, model saved
2026-08-23 09:16:54 | Epoch  10/100 | Train Loss 0.6272 | Val Loss 0.6426 Acc 0.7860 AUC 0.9672 Pre 0.8395 Rec 0.6689
2026-08-23 09:16:54 |   Val AUC improved to 0.9672, model saved
2026-08-23 09:16:54 | Epoch  11/100 | Train Loss 0.5223 | Val Loss 0.5872 Acc 0.7970 AUC 0.9701 Pre 0.8451 Rec 0.6975
2026-08-23 09:16:54 |   Val AUC improved to 0.9701, model saved
2026-08-23 09:16:54 | Epoch  12/100 | Train Loss 0.4391 | Val Loss 0.5550 Acc 0.8229 AUC 0.9723 Pre 0.8496 Rec 0.7545
2026-08-23 09:16:54 |   Val AUC improved to 0.9723, model saved
2026-08-23 09:16:54 | Epoch  13/100 | Train Loss 0.3705 | Val Loss 0.5339 Acc 0.8561 AUC 0.9737 Pre 0.8338 Rec 0.8268
2026-08-23 09:16:54 |   Val AUC improved to 0.9737, model saved
2026-08-23 09:16:54 | Epoch  14/100 | Train Loss 0.3089 | Val Loss 0.5427 Acc 0.8635 AUC 0.9744 Pre 0.8356 Rec 0.8493
2026-08-23 09:16:54 |   Val AUC improved to 0.9744, model saved
2026-08-23 09:16:54 | Epoch  15/100 | Train Loss 0.2632 | Val Loss 0.5769 Acc 0.8616 AUC 0.9742 Pre 0.8387 Rec 0.8520
2026-08-23 09:16:54 | Epoch  16/100 | Train Loss 0.2423 | Val Loss 0.6057 Acc 0.8690 AUC 0.9740 Pre 0.8467 Rec 0.8520
2026-08-23 09:16:54 | Epoch  17/100 | Train Loss 0.2135 | Val Loss 0.6390 Acc 0.8616 AUC 0.9739 Pre 0.8394 Rec 0.8396
2026-08-23 09:16:54 | Epoch  18/100 | Train Loss 0.1867 | Val Loss 0.6844 Acc 0.8635 AUC 0.9740 Pre 0.8493 Rec 0.8448
2026-08-23 09:16:54 | Epoch  19/100 | Train Loss 0.1656 | Val Loss 0.7372 Acc 0.8635 AUC 0.9741 Pre 0.8581 Rec 0.8450
2026-08-23 09:16:54 | Epoch  20/100 | Train Loss 0.1556 | Val Loss 0.7947 Acc 0.8690 AUC 0.9740 Pre 0.8647 Rec 0.8527
2026-08-23 09:16:54 | Epoch  21/100 | Train Loss 0.1410 | Val Loss 0.8366 Acc 0.8579 AUC 0.9736 Pre 0.8492 Rec 0.8417
2026-08-23 09:16:54 | Epoch  22/100 | Train Loss 0.1301 | Val Loss 0.8772 Acc 0.8561 AUC 0.9734 Pre 0.8439 Rec 0.8420
2026-08-23 09:16:54 | Epoch  23/100 | Train Loss 0.1088 | Val Loss 0.9182 Acc 0.8561 AUC 0.9730 Pre 0.8456 Rec 0.8420
2026-08-23 09:16:54 | Epoch  24/100 | Train Loss 0.0974 | Val Loss 0.9533 Acc 0.8598 AUC 0.9725 Pre 0.8506 Rec 0.8477
2026-08-23 09:16:54 | Val AUC did not improve for 10 consecutive epochs, early stopping at Epoch 24 (best AUC 0.9744 @ Epoch 14)
2026-08-23 09:16:54 | Run 1/5 | Test (best model @ Epoch 14) | Loss 0.5091 Acc 0.8782 AUC 0.9789 Pre 0.8575 Rec 0.8728
2026-08-23 09:16:54 | ===== Run 2/5 (seed 1) =====
2026-08-23 09:16:54 | Epoch   1/100 | Train Loss 1.9357 | Val Loss 1.8873 Acc 0.3026 AUC 0.9063 Pre 0.0432 Rec 0.1429
2026-08-23 09:16:54 |   Val AUC improved to 0.9063, model saved
2026-08-23 09:16:54 | Epoch   2/100 | Train Loss 1.8856 | Val Loss 1.7781 Acc 0.3026 AUC 0.8748 Pre 0.0432 Rec 0.1429
2026-08-23 09:16:54 | Epoch   3/100 | Train Loss 1.7743 | Val Loss 1.6954 Acc 0.3026 AUC 0.8431 Pre 0.0432 Rec 0.1429
2026-08-23 09:16:54 | Epoch   4/100 | Train Loss 1.6914 | Val Loss 1.5391 Acc 0.3026 AUC 0.9173 Pre 0.0432 Rec 0.1429
2026-08-23 09:16:54 |   Val AUC improved to 0.9173, model saved
2026-08-23 09:16:54 | Epoch   5/100 | Train Loss 1.5241 | Val Loss 1.3806 Acc 0.5240 AUC 0.9447 Pre 0.5596 Rec 0.3491
2026-08-23 09:16:54 |   Val AUC improved to 0.9447, model saved
2026-08-23 09:16:54 | Epoch   6/100 | Train Loss 1.3538 | Val Loss 1.2042 Acc 0.7030 AUC 0.9541 Pre 0.5340 Rec 0.5516
2026-08-23 09:16:54 |   Val AUC improved to 0.9541, model saved
2026-08-23 09:16:54 | Epoch   7/100 | Train Loss 1.1634 | Val Loss 1.0092 Acc 0.7362 AUC 0.9581 Pre 0.5372 Rec 0.5942
2026-08-23 09:16:54 |   Val AUC improved to 0.9581, model saved
2026-08-23 09:16:54 | Epoch   8/100 | Train Loss 0.9580 | Val Loss 0.8446 Acc 0.7509 AUC 0.9596 Pre 0.6898 Rec 0.6126
2026-08-23 09:16:54 |   Val AUC improved to 0.9596, model saved
2026-08-23 09:16:54 | Epoch   9/100 | Train Loss 0.7754 | Val Loss 0.7344 Acc 0.7620 AUC 0.9624 Pre 0.8285 Rec 0.6306
2026-08-23 09:16:54 |   Val AUC improved to 0.9624, model saved
2026-08-23 09:16:54 | Epoch  10/100 | Train Loss 0.6414 | Val Loss 0.6575 Acc 0.7786 AUC 0.9656 Pre 0.8370 Rec 0.6569
2026-08-23 09:16:54 |   Val AUC improved to 0.9656, model saved
2026-08-23 09:16:54 | Epoch  11/100 | Train Loss 0.5417 | Val Loss 0.6046 Acc 0.7823 AUC 0.9685 Pre 0.8340 Rec 0.6764
2026-08-23 09:16:54 |   Val AUC improved to 0.9685, model saved
2026-08-23 09:16:54 | Epoch  12/100 | Train Loss 0.4634 | Val Loss 0.5637 Acc 0.8303 AUC 0.9703 Pre 0.8515 Rec 0.7718
2026-08-23 09:16:54 |   Val AUC improved to 0.9703, model saved
2026-08-23 09:16:54 | Epoch  13/100 | Train Loss 0.3859 | Val Loss 0.5303 Acc 0.8561 AUC 0.9723 Pre 0.8424 Rec 0.8270
2026-08-23 09:16:54 |   Val AUC improved to 0.9723, model saved
2026-08-23 09:16:54 | Epoch  14/100 | Train Loss 0.3130 | Val Loss 0.5300 Acc 0.8672 AUC 0.9735 Pre 0.8423 Rec 0.8475
2026-08-23 09:16:54 |   Val AUC improved to 0.9735, model saved
2026-08-23 09:16:54 | Epoch  15/100 | Train Loss 0.2677 | Val Loss 0.5602 Acc 0.8616 AUC 0.9741 Pre 0.8382 Rec 0.8478
2026-08-23 09:16:55 |   Val AUC improved to 0.9741, model saved
2026-08-23 09:16:55 | Epoch  16/100 | Train Loss 0.2443 | Val Loss 0.5871 Acc 0.8653 AUC 0.9747 Pre 0.8406 Rec 0.8515
2026-08-23 09:16:55 |   Val AUC improved to 0.9747, model saved
2026-08-23 09:16:55 | Epoch  17/100 | Train Loss 0.2201 | Val Loss 0.6061 Acc 0.8672 AUC 0.9751 Pre 0.8440 Rec 0.8500
2026-08-23 09:16:55 |   Val AUC improved to 0.9751, model saved
2026-08-23 09:16:55 | Epoch  18/100 | Train Loss 0.1894 | Val Loss 0.6456 Acc 0.8635 AUC 0.9755 Pre 0.8419 Rec 0.8443
2026-08-23 09:16:55 |   Val AUC improved to 0.9755, model saved
2026-08-23 09:16:55 | Epoch  19/100 | Train Loss 0.1716 | Val Loss 0.6940 Acc 0.8635 AUC 0.9754 Pre 0.8510 Rec 0.8462
2026-08-23 09:16:55 | Epoch  20/100 | Train Loss 0.1524 | Val Loss 0.7546 Acc 0.8635 AUC 0.9751 Pre 0.8575 Rec 0.8426
2026-08-23 09:16:55 | Epoch  21/100 | Train Loss 0.1442 | Val Loss 0.8016 Acc 0.8598 AUC 0.9749 Pre 0.8535 Rec 0.8392
2026-08-23 09:16:55 | Epoch  22/100 | Train Loss 0.1247 | Val Loss 0.8373 Acc 0.8598 AUC 0.9745 Pre 0.8500 Rec 0.8414
2026-08-23 09:16:55 | Epoch  23/100 | Train Loss 0.1107 | Val Loss 0.8706 Acc 0.8616 AUC 0.9742 Pre 0.8487 Rec 0.8477
2026-08-23 09:16:55 | Epoch  24/100 | Train Loss 0.0969 | Val Loss 0.9018 Acc 0.8542 AUC 0.9739 Pre 0.8405 Rec 0.8380
2026-08-23 09:16:55 | Epoch  25/100 | Train Loss 0.0845 | Val Loss 0.9355 Acc 0.8561 AUC 0.9735 Pre 0.8435 Rec 0.8424
2026-08-23 09:16:55 | Epoch  26/100 | Train Loss 0.0798 | Val Loss 0.9659 Acc 0.8616 AUC 0.9732 Pre 0.8474 Rec 0.8497
2026-08-23 09:16:55 | Epoch  27/100 | Train Loss 0.0759 | Val Loss 0.9921 Acc 0.8653 AUC 0.9727 Pre 0.8510 Rec 0.8545
2026-08-23 09:16:55 | Epoch  28/100 | Train Loss 0.0699 | Val Loss 1.0190 Acc 0.8672 AUC 0.9724 Pre 0.8523 Rec 0.8570
2026-08-23 09:16:55 | Val AUC did not improve for 10 consecutive epochs, early stopping at Epoch 28 (best AUC 0.9755 @ Epoch 18)
2026-08-23 09:16:55 | Run 2/5 | Test (best model @ Epoch 18) | Loss 0.5641 Acc 0.8708 AUC 0.9809 Pre 0.8604 Rec 0.8666
2026-08-23 09:16:55 | ===== Run 3/5 (seed 2) =====
2026-08-23 09:16:55 | Epoch   1/100 | Train Loss 1.9522 | Val Loss 1.9051 Acc 0.5000 AUC 0.9146 Pre 0.2491 Rec 0.3347
2026-08-23 09:16:55 |   Val AUC improved to 0.9146, model saved
2026-08-23 09:16:55 | Epoch   2/100 | Train Loss 1.9034 | Val Loss 1.7937 Acc 0.3026 AUC 0.8945 Pre 0.0432 Rec 0.1429
2026-08-23 09:16:55 | Epoch   3/100 | Train Loss 1.7904 | Val Loss 1.6836 Acc 0.3026 AUC 0.8724 Pre 0.0432 Rec 0.1429
2026-08-23 09:16:55 | Epoch   4/100 | Train Loss 1.6784 | Val Loss 1.5438 Acc 0.3026 AUC 0.9176 Pre 0.0432 Rec 0.1429
2026-08-23 09:16:55 |   Val AUC improved to 0.9176, model saved
2026-08-23 09:16:55 | Epoch   5/100 | Train Loss 1.5280 | Val Loss 1.3534 Acc 0.5074 AUC 0.9451 Pre 0.5984 Rec 0.3359
2026-08-23 09:16:55 |   Val AUC improved to 0.9451, model saved
2026-08-23 09:16:55 | Epoch   6/100 | Train Loss 1.3206 | Val Loss 1.1626 Acc 0.7325 AUC 0.9574 Pre 0.5534 Rec 0.5916
2026-08-23 09:16:55 |   Val AUC improved to 0.9574, model saved
2026-08-23 09:16:55 | Epoch   7/100 | Train Loss 1.1140 | Val Loss 0.9601 Acc 0.7546 AUC 0.9623 Pre 0.6824 Rec 0.6258
2026-08-23 09:16:55 |   Val AUC improved to 0.9623, model saved
2026-08-23 09:16:55 | Epoch   8/100 | Train Loss 0.8977 | Val Loss 0.7856 Acc 0.7583 AUC 0.9649 Pre 0.6774 Rec 0.6324
2026-08-23 09:16:55 |   Val AUC improved to 0.9649, model saved
2026-08-23 09:16:55 | Epoch   9/100 | Train Loss 0.7027 | Val Loss 0.6758 Acc 0.7675 AUC 0.9670 Pre 0.8288 Rec 0.6482
2026-08-23 09:16:55 |   Val AUC improved to 0.9670, model saved
2026-08-23 09:16:55 | Epoch  10/100 | Train Loss 0.5679 | Val Loss 0.6091 Acc 0.7934 AUC 0.9695 Pre 0.8426 Rec 0.6908
2026-08-23 09:16:55 |   Val AUC improved to 0.9695, model saved
2026-08-23 09:16:55 | Epoch  11/100 | Train Loss 0.4691 | Val Loss 0.5611 Acc 0.8247 AUC 0.9716 Pre 0.8583 Rec 0.7525
2026-08-23 09:16:55 |   Val AUC improved to 0.9716, model saved
2026-08-23 09:16:55 | Epoch  12/100 | Train Loss 0.3881 | Val Loss 0.5312 Acc 0.8598 AUC 0.9731 Pre 0.8634 Rec 0.8264
2026-08-23 09:16:55 |   Val AUC improved to 0.9731, model saved
2026-08-23 09:16:55 | Epoch  13/100 | Train Loss 0.3234 | Val Loss 0.5256 Acc 0.8635 AUC 0.9744 Pre 0.8390 Rec 0.8419
2026-08-23 09:16:55 |   Val AUC improved to 0.9744, model saved
2026-08-23 09:16:55 | Epoch  14/100 | Train Loss 0.2731 | Val Loss 0.5541 Acc 0.8653 AUC 0.9749 Pre 0.8430 Rec 0.8478
2026-08-23 09:16:55 |   Val AUC improved to 0.9749, model saved
2026-08-23 09:16:55 | Epoch  15/100 | Train Loss 0.2474 | Val Loss 0.5809 Acc 0.8635 AUC 0.9751 Pre 0.8413 Rec 0.8477
2026-08-23 09:16:55 |   Val AUC improved to 0.9751, model saved
2026-08-23 09:16:55 | Epoch  16/100 | Train Loss 0.2190 | Val Loss 0.6101 Acc 0.8708 AUC 0.9750 Pre 0.8524 Rec 0.8509
2026-08-23 09:16:55 | Epoch  17/100 | Train Loss 0.1899 | Val Loss 0.6536 Acc 0.8690 AUC 0.9751 Pre 0.8591 Rec 0.8500
2026-08-23 09:16:55 |   Val AUC improved to 0.9751, model saved
2026-08-23 09:16:55 | Epoch  18/100 | Train Loss 0.1711 | Val Loss 0.7091 Acc 0.8635 AUC 0.9752 Pre 0.8563 Rec 0.8442
2026-08-23 09:16:55 |   Val AUC improved to 0.9752, model saved
2026-08-23 09:16:55 | Epoch  19/100 | Train Loss 0.1572 | Val Loss 0.7663 Acc 0.8672 AUC 0.9750 Pre 0.8612 Rec 0.8507
2026-08-23 09:16:55 | Epoch  20/100 | Train Loss 0.1409 | Val Loss 0.8193 Acc 0.8579 AUC 0.9746 Pre 0.8501 Rec 0.8420
2026-08-23 09:16:55 | Epoch  21/100 | Train Loss 0.1230 | Val Loss 0.8651 Acc 0.8635 AUC 0.9737 Pre 0.8549 Rec 0.8490
2026-08-23 09:16:55 | Epoch  22/100 | Train Loss 0.1118 | Val Loss 0.9119 Acc 0.8579 AUC 0.9733 Pre 0.8475 Rec 0.8455
2026-08-23 09:16:55 | Epoch  23/100 | Train Loss 0.0961 | Val Loss 0.9582 Acc 0.8616 AUC 0.9729 Pre 0.8518 Rec 0.8482
2026-08-23 09:16:55 | Epoch  24/100 | Train Loss 0.0879 | Val Loss 1.0014 Acc 0.8598 AUC 0.9725 Pre 0.8495 Rec 0.8465
2026-08-23 09:16:55 | Epoch  25/100 | Train Loss 0.0827 | Val Loss 1.0266 Acc 0.8653 AUC 0.9722 Pre 0.8524 Rec 0.8517
2026-08-23 09:16:55 | Epoch  26/100 | Train Loss 0.0713 | Val Loss 1.0530 Acc 0.8616 AUC 0.9718 Pre 0.8463 Rec 0.8447
2026-08-23 09:16:55 | Epoch  27/100 | Train Loss 0.0667 | Val Loss 1.0842 Acc 0.8616 AUC 0.9717 Pre 0.8498 Rec 0.8454
2026-08-23 09:16:55 | Epoch  28/100 | Train Loss 0.0586 | Val Loss 1.1234 Acc 0.8690 AUC 0.9716 Pre 0.8604 Rec 0.8535
2026-08-23 09:16:55 | Val AUC did not improve for 10 consecutive epochs, early stopping at Epoch 28 (best AUC 0.9752 @ Epoch 18)
2026-08-23 09:16:55 | Run 3/5 | Test (best model @ Epoch 18) | Loss 0.6346 Acc 0.8727 AUC 0.9801 Pre 0.8685 Rec 0.8599
2026-08-23 09:16:55 | ===== Run 4/5 (seed 3) =====
2026-08-23 09:16:55 | Epoch   1/100 | Train Loss 1.9348 | Val Loss 1.8876 Acc 0.3026 AUC 0.9174 Pre 0.0432 Rec 0.1429
2026-08-23 09:16:55 |   Val AUC improved to 0.9174, model saved
2026-08-23 09:16:55 | Epoch   2/100 | Train Loss 1.8864 | Val Loss 1.7791 Acc 0.3026 AUC 0.8930 Pre 0.0432 Rec 0.1429
2026-08-23 09:16:55 | Epoch   3/100 | Train Loss 1.7761 | Val Loss 1.6779 Acc 0.3026 AUC 0.8690 Pre 0.0432 Rec 0.1429
2026-08-23 09:16:55 | Epoch   4/100 | Train Loss 1.6756 | Val Loss 1.5246 Acc 0.3026 AUC 0.9232 Pre 0.0432 Rec 0.1429
2026-08-23 09:16:55 |   Val AUC improved to 0.9232, model saved
2026-08-23 09:16:55 | Epoch   5/100 | Train Loss 1.5090 | Val Loss 1.3456 Acc 0.5369 AUC 0.9478 Pre 0.4397 Rec 0.3608
2026-08-23 09:16:55 |   Val AUC improved to 0.9478, model saved
2026-08-23 09:16:55 | Epoch   6/100 | Train Loss 1.3176 | Val Loss 1.1602 Acc 0.7103 AUC 0.9568 Pre 0.5472 Rec 0.5575
2026-08-23 09:16:55 |   Val AUC improved to 0.9568, model saved
2026-08-23 09:16:55 | Epoch   7/100 | Train Loss 1.1180 | Val Loss 0.9657 Acc 0.7454 AUC 0.9608 Pre 0.6928 Rec 0.6067
2026-08-23 09:16:55 |   Val AUC improved to 0.9608, model saved
2026-08-23 09:16:55 | Epoch   8/100 | Train Loss 0.9091 | Val Loss 0.8019 Acc 0.7657 AUC 0.9625 Pre 0.8395 Rec 0.6380
2026-08-23 09:16:55 |   Val AUC improved to 0.9625, model saved
2026-08-23 09:16:55 | Epoch   9/100 | Train Loss 0.7257 | Val Loss 0.6893 Acc 0.7897 AUC 0.9654 Pre 0.8532 Rec 0.6784
2026-08-23 09:16:55 |   Val AUC improved to 0.9654, model saved
2026-08-23 09:16:55 | Epoch  10/100 | Train Loss 0.5893 | Val Loss 0.6112 Acc 0.8026 AUC 0.9683 Pre 0.8482 Rec 0.7118
2026-08-23 09:16:55 |   Val AUC improved to 0.9683, model saved
2026-08-23 09:16:55 | Epoch  11/100 | Train Loss 0.4845 | Val Loss 0.5604 Acc 0.8339 AUC 0.9706 Pre 0.8557 Rec 0.7798
2026-08-23 09:16:55 |   Val AUC improved to 0.9706, model saved
2026-08-23 09:16:55 | Epoch  12/100 | Train Loss 0.4024 | Val Loss 0.5260 Acc 0.8579 AUC 0.9729 Pre 0.8510 Rec 0.8287
2026-08-23 09:16:55 |   Val AUC improved to 0.9729, model saved
2026-08-23 09:16:55 | Epoch  13/100 | Train Loss 0.3303 | Val Loss 0.5143 Acc 0.8616 AUC 0.9749 Pre 0.8336 Rec 0.8398
2026-08-23 09:16:55 |   Val AUC improved to 0.9749, model saved
2026-08-23 09:16:55 | Epoch  14/100 | Train Loss 0.2734 | Val Loss 0.5373 Acc 0.8598 AUC 0.9758 Pre 0.8337 Rec 0.8414
2026-08-23 09:16:55 |   Val AUC improved to 0.9758, model saved
2026-08-23 09:16:55 | Epoch  15/100 | Train Loss 0.2416 | Val Loss 0.5730 Acc 0.8635 AUC 0.9756 Pre 0.8447 Rec 0.8455
2026-08-23 09:16:55 | Epoch  16/100 | Train Loss 0.2221 | Val Loss 0.6013 Acc 0.8690 AUC 0.9758 Pre 0.8505 Rec 0.8492
2026-08-23 09:16:55 | Epoch  17/100 | Train Loss 0.1958 | Val Loss 0.6350 Acc 0.8672 AUC 0.9761 Pre 0.8517 Rec 0.8495
2026-08-23 09:16:55 |   Val AUC improved to 0.9761, model saved
2026-08-23 09:16:55 | Epoch  18/100 | Train Loss 0.1775 | Val Loss 0.6787 Acc 0.8690 AUC 0.9762 Pre 0.8579 Rec 0.8516
2026-08-23 09:16:55 |   Val AUC improved to 0.9762, model saved
2026-08-23 09:16:55 | Epoch  19/100 | Train Loss 0.1599 | Val Loss 0.7325 Acc 0.8653 AUC 0.9762 Pre 0.8582 Rec 0.8471
2026-08-23 09:16:55 | Epoch  20/100 | Train Loss 0.1501 | Val Loss 0.7828 Acc 0.8672 AUC 0.9760 Pre 0.8610 Rec 0.8488
2026-08-23 09:16:55 | Epoch  21/100 | Train Loss 0.1316 | Val Loss 0.8320 Acc 0.8616 AUC 0.9756 Pre 0.8525 Rec 0.8457
2026-08-23 09:16:55 | Epoch  22/100 | Train Loss 0.1135 | Val Loss 0.8728 Acc 0.8616 AUC 0.9750 Pre 0.8488 Rec 0.8487
2026-08-23 09:16:55 | Epoch  23/100 | Train Loss 0.0993 | Val Loss 0.9107 Acc 0.8598 AUC 0.9743 Pre 0.8483 Rec 0.8470
2026-08-23 09:16:55 | Epoch  24/100 | Train Loss 0.0923 | Val Loss 0.9463 Acc 0.8616 AUC 0.9738 Pre 0.8501 Rec 0.8485
2026-08-23 09:16:55 | Epoch  25/100 | Train Loss 0.0788 | Val Loss 0.9848 Acc 0.8598 AUC 0.9733 Pre 0.8497 Rec 0.8465
2026-08-23 09:16:55 | Epoch  26/100 | Train Loss 0.0745 | Val Loss 1.0186 Acc 0.8653 AUC 0.9730 Pre 0.8534 Rec 0.8545
2026-08-23 09:16:55 | Epoch  27/100 | Train Loss 0.0713 | Val Loss 1.0401 Acc 0.8653 AUC 0.9727 Pre 0.8530 Rec 0.8556
2026-08-23 09:16:55 | Epoch  28/100 | Train Loss 0.0668 | Val Loss 1.0622 Acc 0.8616 AUC 0.9724 Pre 0.8479 Rec 0.8489
2026-08-23 09:16:55 | Val AUC did not improve for 10 consecutive epochs, early stopping at Epoch 28 (best AUC 0.9762 @ Epoch 18)
2026-08-23 09:16:55 | Run 4/5 | Test (best model @ Epoch 18) | Loss 0.6226 Acc 0.8727 AUC 0.9802 Pre 0.8712 Rec 0.8627
2026-08-23 09:16:55 | ===== Run 5/5 (seed 4) =====
2026-08-23 09:16:56 | Epoch   1/100 | Train Loss 1.9532 | Val Loss 1.9056 Acc 0.4926 AUC 0.9212 Pre 0.2625 Rec 0.3270
2026-08-23 09:16:56 |   Val AUC improved to 0.9212, model saved
2026-08-23 09:16:56 | Epoch   2/100 | Train Loss 1.9037 | Val Loss 1.7901 Acc 0.3026 AUC 0.8932 Pre 0.0432 Rec 0.1429
2026-08-23 09:16:56 | Epoch   3/100 | Train Loss 1.7858 | Val Loss 1.6738 Acc 0.3026 AUC 0.8600 Pre 0.0432 Rec 0.1429
2026-08-23 09:16:56 | Epoch   4/100 | Train Loss 1.6676 | Val Loss 1.5230 Acc 0.3137 AUC 0.9127 Pre 0.1866 Rec 0.1531
2026-08-23 09:16:56 | Epoch   5/100 | Train Loss 1.5048 | Val Loss 1.3225 Acc 0.5406 AUC 0.9436 Pre 0.5726 Rec 0.3657
2026-08-23 09:16:56 |   Val AUC improved to 0.9436, model saved
2026-08-23 09:16:56 | Epoch   6/100 | Train Loss 1.2902 | Val Loss 1.1318 Acc 0.7288 AUC 0.9548 Pre 0.5414 Rec 0.5839
2026-08-23 09:16:56 |   Val AUC improved to 0.9548, model saved
2026-08-23 09:16:56 | Epoch   7/100 | Train Loss 1.0884 | Val Loss 0.9437 Acc 0.7583 AUC 0.9596 Pre 0.5484 Rec 0.6225
2026-08-23 09:16:56 |   Val AUC improved to 0.9596, model saved
2026-08-23 09:16:56 | Epoch   8/100 | Train Loss 0.8893 | Val Loss 0.7894 Acc 0.7583 AUC 0.9628 Pre 0.5428 Rec 0.6237
2026-08-23 09:16:56 |   Val AUC improved to 0.9628, model saved
2026-08-23 09:16:56 | Epoch   9/100 | Train Loss 0.7153 | Val Loss 0.6956 Acc 0.7657 AUC 0.9651 Pre 0.6891 Rec 0.6339
2026-08-23 09:16:56 |   Val AUC improved to 0.9651, model saved
2026-08-23 09:16:56 | Epoch  10/100 | Train Loss 0.5955 | Val Loss 0.6357 Acc 0.7878 AUC 0.9677 Pre 0.8410 Rec 0.6753
2026-08-23 09:16:56 |   Val AUC improved to 0.9677, model saved
2026-08-23 09:16:56 | Epoch  11/100 | Train Loss 0.5049 | Val Loss 0.5886 Acc 0.8137 AUC 0.9697 Pre 0.8447 Rec 0.7249
2026-08-23 09:16:56 |   Val AUC improved to 0.9697, model saved
2026-08-23 09:16:56 | Epoch  12/100 | Train Loss 0.4266 | Val Loss 0.5538 Acc 0.8561 AUC 0.9715 Pre 0.8737 Rec 0.8115
2026-08-23 09:16:56 |   Val AUC improved to 0.9715, model saved
2026-08-23 09:16:56 | Epoch  13/100 | Train Loss 0.3576 | Val Loss 0.5330 Acc 0.8653 AUC 0.9731 Pre 0.8500 Rec 0.8382
2026-08-23 09:16:56 |   Val AUC improved to 0.9731, model saved
2026-08-23 09:16:56 | Epoch  14/100 | Train Loss 0.2970 | Val Loss 0.5423 Acc 0.8616 AUC 0.9745 Pre 0.8363 Rec 0.8457
2026-08-23 09:16:56 |   Val AUC improved to 0.9745, model saved
2026-08-23 09:16:56 | Epoch  15/100 | Train Loss 0.2569 | Val Loss 0.5735 Acc 0.8635 AUC 0.9753 Pre 0.8383 Rec 0.8500
2026-08-23 09:16:56 |   Val AUC improved to 0.9753, model saved
2026-08-23 09:16:56 | Epoch  16/100 | Train Loss 0.2356 | Val Loss 0.6028 Acc 0.8653 AUC 0.9752 Pre 0.8400 Rec 0.8494
2026-08-23 09:16:56 | Epoch  17/100 | Train Loss 0.2097 | Val Loss 0.6405 Acc 0.8635 AUC 0.9748 Pre 0.8407 Rec 0.8474
2026-08-23 09:16:56 | Epoch  18/100 | Train Loss 0.1828 | Val Loss 0.6895 Acc 0.8598 AUC 0.9748 Pre 0.8420 Rec 0.8375
2026-08-23 09:16:56 | Epoch  19/100 | Train Loss 0.1607 | Val Loss 0.7488 Acc 0.8598 AUC 0.9748 Pre 0.8531 Rec 0.8377
2026-08-23 09:16:56 | Epoch  20/100 | Train Loss 0.1455 | Val Loss 0.8067 Acc 0.8598 AUC 0.9746 Pre 0.8542 Rec 0.8398
2026-08-23 09:16:56 | Epoch  21/100 | Train Loss 0.1338 | Val Loss 0.8512 Acc 0.8579 AUC 0.9742 Pre 0.8493 Rec 0.8415
2026-08-23 09:16:56 | Epoch  22/100 | Train Loss 0.1163 | Val Loss 0.8906 Acc 0.8579 AUC 0.9738 Pre 0.8487 Rec 0.8427
2026-08-23 09:16:56 | Epoch  23/100 | Train Loss 0.1016 | Val Loss 0.9282 Acc 0.8635 AUC 0.9736 Pre 0.8530 Rec 0.8489
2026-08-23 09:16:56 | Epoch  24/100 | Train Loss 0.0907 | Val Loss 0.9628 Acc 0.8672 AUC 0.9733 Pre 0.8552 Rec 0.8553
2026-08-23 09:16:56 | Epoch  25/100 | Train Loss 0.0817 | Val Loss 0.9972 Acc 0.8672 AUC 0.9730 Pre 0.8550 Rec 0.8540
2026-08-23 09:16:56 | Val AUC did not improve for 10 consecutive epochs, early stopping at Epoch 25 (best AUC 0.9753 @ Epoch 15)
2026-08-23 09:16:56 | Run 5/5 | Test (best model @ Epoch 15) | Loss 0.5411 Acc 0.8764 AUC 0.9791 Pre 0.8598 Rec 0.8753
2026-08-23 09:16:56 | Average over 5 runs | Test Loss 0.5743±0.0535 Acc 0.8742±0.0030 AUC 0.9798±0.0008 Pre 0.8635±0.0060 Rec 0.8675±0.0065
2026-08-23 09:19:10 | Device: cuda
2026-08-23 09:19:10 | Args: {'model': 'dcvib', 'backbone': 'gnn', 'task': 'cora', 'epochs': 100, 'batch_size': 128, 'lr': 0.01, 'hidden_dims': [512, 256], 'dropout': 0.2, 'z_dim': 256, 'beta': 0.001, 'patience': 10, 'runs': 10, 'seed': 0, 'data_dir': './data', 'save_path': 'output/cora_gnn_dcvib/cora_gnn_dcvib.pt', 'log_path': 'output/cora_gnn_dcvib/train_cora_gnn_dcvib.log'}
2026-08-23 09:19:11 | Cora 划分（60/20/20 分层）：train 1624 / val 542 / test 542（共 2708 节点，7 类）
2026-08-23 09:19:12 | ===== Run 1/10 (seed 0) =====
2026-08-23 09:19:12 | Epoch   1/100 | Train Loss 1.9544 | Val Loss 1.9069 Acc 0.4539 AUC 0.9091 Pre 0.2552 Rec 0.2889
2026-08-23 09:19:12 |   Val AUC improved to 0.9091, model saved
2026-08-23 09:19:12 | Epoch   2/100 | Train Loss 1.9053 | Val Loss 1.7947 Acc 0.3026 AUC 0.8800 Pre 0.0432 Rec 0.1429
2026-08-23 09:19:12 | Epoch   3/100 | Train Loss 1.7901 | Val Loss 1.6916 Acc 0.3026 AUC 0.8419 Pre 0.0432 Rec 0.1429
2026-08-23 09:19:12 | Epoch   4/100 | Train Loss 1.6869 | Val Loss 1.5517 Acc 0.3100 AUC 0.9064 Pre 0.1864 Rec 0.1497
2026-08-23 09:19:12 | Epoch   5/100 | Train Loss 1.5354 | Val Loss 1.3717 Acc 0.5074 AUC 0.9419 Pre 0.4608 Rec 0.3328
2026-08-23 09:19:12 |   Val AUC improved to 0.9419, model saved
2026-08-23 09:19:12 | Epoch   6/100 | Train Loss 1.3403 | Val Loss 1.1909 Acc 0.6882 AUC 0.9545 Pre 0.5433 Rec 0.5323
2026-08-23 09:19:12 |   Val AUC improved to 0.9545, model saved
2026-08-23 09:19:12 | Epoch   7/100 | Train Loss 1.1458 | Val Loss 1.0017 Acc 0.7306 AUC 0.9608 Pre 0.5329 Rec 0.5838
2026-08-23 09:19:12 |   Val AUC improved to 0.9608, model saved
2026-08-23 09:19:12 | Epoch   8/100 | Train Loss 0.9438 | Val Loss 0.8372 Acc 0.7601 AUC 0.9626 Pre 0.6909 Rec 0.6202
2026-08-23 09:19:12 |   Val AUC improved to 0.9626, model saved
2026-08-23 09:19:12 | Epoch   9/100 | Train Loss 0.7654 | Val Loss 0.7238 Acc 0.7546 AUC 0.9643 Pre 0.6816 Rec 0.6188
2026-08-23 09:19:12 |   Val AUC improved to 0.9643, model saved
2026-08-23 09:19:12 | Epoch  10/100 | Train Loss 0.6272 | Val Loss 0.6426 Acc 0.7860 AUC 0.9672 Pre 0.8395 Rec 0.6689
2026-08-23 09:19:12 |   Val AUC improved to 0.9672, model saved
2026-08-23 09:19:12 | Epoch  11/100 | Train Loss 0.5223 | Val Loss 0.5872 Acc 0.7970 AUC 0.9701 Pre 0.8451 Rec 0.6975
2026-08-23 09:19:12 |   Val AUC improved to 0.9701, model saved
2026-08-23 09:19:12 | Epoch  12/100 | Train Loss 0.4391 | Val Loss 0.5550 Acc 0.8229 AUC 0.9723 Pre 0.8496 Rec 0.7545
2026-08-23 09:19:12 |   Val AUC improved to 0.9723, model saved
2026-08-23 09:19:12 | Epoch  13/100 | Train Loss 0.3705 | Val Loss 0.5339 Acc 0.8561 AUC 0.9737 Pre 0.8338 Rec 0.8268
2026-08-23 09:19:12 |   Val AUC improved to 0.9737, model saved
2026-08-23 09:19:12 | Epoch  14/100 | Train Loss 0.3089 | Val Loss 0.5427 Acc 0.8635 AUC 0.9744 Pre 0.8356 Rec 0.8493
2026-08-23 09:19:12 |   Val AUC improved to 0.9744, model saved
2026-08-23 09:19:12 | Epoch  15/100 | Train Loss 0.2632 | Val Loss 0.5769 Acc 0.8616 AUC 0.9742 Pre 0.8387 Rec 0.8520
2026-08-23 09:19:12 | Epoch  16/100 | Train Loss 0.2423 | Val Loss 0.6057 Acc 0.8690 AUC 0.9740 Pre 0.8467 Rec 0.8520
2026-08-23 09:19:12 | Epoch  17/100 | Train Loss 0.2135 | Val Loss 0.6390 Acc 0.8616 AUC 0.9739 Pre 0.8394 Rec 0.8396
2026-08-23 09:19:12 | Epoch  18/100 | Train Loss 0.1867 | Val Loss 0.6844 Acc 0.8635 AUC 0.9740 Pre 0.8493 Rec 0.8448
2026-08-23 09:19:12 | Epoch  19/100 | Train Loss 0.1656 | Val Loss 0.7372 Acc 0.8635 AUC 0.9741 Pre 0.8581 Rec 0.8450
2026-08-23 09:19:12 | Epoch  20/100 | Train Loss 0.1556 | Val Loss 0.7947 Acc 0.8690 AUC 0.9740 Pre 0.8647 Rec 0.8527
2026-08-23 09:19:12 | Epoch  21/100 | Train Loss 0.1410 | Val Loss 0.8366 Acc 0.8579 AUC 0.9736 Pre 0.8492 Rec 0.8417
2026-08-23 09:19:12 | Epoch  22/100 | Train Loss 0.1301 | Val Loss 0.8772 Acc 0.8561 AUC 0.9734 Pre 0.8439 Rec 0.8420
2026-08-23 09:19:12 | Epoch  23/100 | Train Loss 0.1088 | Val Loss 0.9182 Acc 0.8561 AUC 0.9730 Pre 0.8456 Rec 0.8420
2026-08-23 09:19:12 | Epoch  24/100 | Train Loss 0.0974 | Val Loss 0.9533 Acc 0.8598 AUC 0.9725 Pre 0.8506 Rec 0.8477
2026-08-23 09:19:12 | Val AUC did not improve for 10 consecutive epochs, early stopping at Epoch 24 (best AUC 0.9744 @ Epoch 14)
2026-08-23 09:19:12 | Run 1/10 | Test (best model @ Epoch 14) | Loss 0.5091 Acc 0.8782 AUC 0.9789 Pre 0.8575 Rec 0.8728
2026-08-23 09:19:12 | ===== Run 2/10 (seed 1) =====
2026-08-23 09:19:12 | Epoch   1/100 | Train Loss 1.9357 | Val Loss 1.8873 Acc 0.3026 AUC 0.9063 Pre 0.0432 Rec 0.1429
2026-08-23 09:19:12 |   Val AUC improved to 0.9063, model saved
2026-08-23 09:19:12 | Epoch   2/100 | Train Loss 1.8856 | Val Loss 1.7781 Acc 0.3026 AUC 0.8748 Pre 0.0432 Rec 0.1429
2026-08-23 09:19:12 | Epoch   3/100 | Train Loss 1.7743 | Val Loss 1.6954 Acc 0.3026 AUC 0.8431 Pre 0.0432 Rec 0.1429
2026-08-23 09:19:12 | Epoch   4/100 | Train Loss 1.6914 | Val Loss 1.5391 Acc 0.3026 AUC 0.9173 Pre 0.0432 Rec 0.1429
2026-08-23 09:19:12 |   Val AUC improved to 0.9173, model saved
2026-08-23 09:19:12 | Epoch   5/100 | Train Loss 1.5241 | Val Loss 1.3806 Acc 0.5240 AUC 0.9447 Pre 0.5596 Rec 0.3491
2026-08-23 09:19:12 |   Val AUC improved to 0.9447, model saved
2026-08-23 09:19:12 | Epoch   6/100 | Train Loss 1.3538 | Val Loss 1.2042 Acc 0.7030 AUC 0.9541 Pre 0.5340 Rec 0.5516
2026-08-23 09:19:12 |   Val AUC improved to 0.9541, model saved
2026-08-23 09:19:12 | Epoch   7/100 | Train Loss 1.1634 | Val Loss 1.0092 Acc 0.7362 AUC 0.9581 Pre 0.5372 Rec 0.5942
2026-08-23 09:19:12 |   Val AUC improved to 0.9581, model saved
2026-08-23 09:19:12 | Epoch   8/100 | Train Loss 0.9580 | Val Loss 0.8446 Acc 0.7509 AUC 0.9596 Pre 0.6898 Rec 0.6126
2026-08-23 09:19:12 |   Val AUC improved to 0.9596, model saved
2026-08-23 09:19:12 | Epoch   9/100 | Train Loss 0.7754 | Val Loss 0.7344 Acc 0.7620 AUC 0.9624 Pre 0.8285 Rec 0.6306
2026-08-23 09:19:13 |   Val AUC improved to 0.9624, model saved
2026-08-23 09:19:13 | Epoch  10/100 | Train Loss 0.6414 | Val Loss 0.6575 Acc 0.7786 AUC 0.9656 Pre 0.8370 Rec 0.6569
2026-08-23 09:19:13 |   Val AUC improved to 0.9656, model saved
2026-08-23 09:19:13 | Epoch  11/100 | Train Loss 0.5417 | Val Loss 0.6046 Acc 0.7823 AUC 0.9685 Pre 0.8340 Rec 0.6764
2026-08-23 09:19:13 |   Val AUC improved to 0.9685, model saved
2026-08-23 09:19:13 | Epoch  12/100 | Train Loss 0.4634 | Val Loss 0.5637 Acc 0.8303 AUC 0.9703 Pre 0.8515 Rec 0.7718
2026-08-23 09:19:13 |   Val AUC improved to 0.9703, model saved
2026-08-23 09:19:13 | Epoch  13/100 | Train Loss 0.3859 | Val Loss 0.5303 Acc 0.8561 AUC 0.9723 Pre 0.8424 Rec 0.8270
2026-08-23 09:19:13 |   Val AUC improved to 0.9723, model saved
2026-08-23 09:19:13 | Epoch  14/100 | Train Loss 0.3130 | Val Loss 0.5300 Acc 0.8672 AUC 0.9735 Pre 0.8423 Rec 0.8475
2026-08-23 09:19:13 |   Val AUC improved to 0.9735, model saved
2026-08-23 09:19:13 | Epoch  15/100 | Train Loss 0.2677 | Val Loss 0.5602 Acc 0.8616 AUC 0.9741 Pre 0.8382 Rec 0.8478
2026-08-23 09:19:13 |   Val AUC improved to 0.9741, model saved
2026-08-23 09:19:13 | Epoch  16/100 | Train Loss 0.2443 | Val Loss 0.5871 Acc 0.8653 AUC 0.9747 Pre 0.8406 Rec 0.8515
2026-08-23 09:19:13 |   Val AUC improved to 0.9747, model saved
2026-08-23 09:19:13 | Epoch  17/100 | Train Loss 0.2201 | Val Loss 0.6061 Acc 0.8672 AUC 0.9751 Pre 0.8440 Rec 0.8500
2026-08-23 09:19:13 |   Val AUC improved to 0.9751, model saved
2026-08-23 09:19:13 | Epoch  18/100 | Train Loss 0.1894 | Val Loss 0.6456 Acc 0.8635 AUC 0.9755 Pre 0.8419 Rec 0.8443
2026-08-23 09:19:13 |   Val AUC improved to 0.9755, model saved
2026-08-23 09:19:13 | Epoch  19/100 | Train Loss 0.1716 | Val Loss 0.6940 Acc 0.8635 AUC 0.9754 Pre 0.8510 Rec 0.8462
2026-08-23 09:19:13 | Epoch  20/100 | Train Loss 0.1524 | Val Loss 0.7546 Acc 0.8635 AUC 0.9751 Pre 0.8575 Rec 0.8426
2026-08-23 09:19:13 | Epoch  21/100 | Train Loss 0.1442 | Val Loss 0.8016 Acc 0.8598 AUC 0.9749 Pre 0.8535 Rec 0.8392
2026-08-23 09:19:13 | Epoch  22/100 | Train Loss 0.1247 | Val Loss 0.8373 Acc 0.8598 AUC 0.9745 Pre 0.8500 Rec 0.8414
2026-08-23 09:19:13 | Epoch  23/100 | Train Loss 0.1107 | Val Loss 0.8706 Acc 0.8616 AUC 0.9742 Pre 0.8487 Rec 0.8477
2026-08-23 09:19:13 | Epoch  24/100 | Train Loss 0.0969 | Val Loss 0.9018 Acc 0.8542 AUC 0.9739 Pre 0.8405 Rec 0.8380
2026-08-23 09:19:13 | Epoch  25/100 | Train Loss 0.0845 | Val Loss 0.9355 Acc 0.8561 AUC 0.9735 Pre 0.8435 Rec 0.8424
2026-08-23 09:19:13 | Epoch  26/100 | Train Loss 0.0798 | Val Loss 0.9659 Acc 0.8616 AUC 0.9732 Pre 0.8474 Rec 0.8497
2026-08-23 09:19:13 | Epoch  27/100 | Train Loss 0.0759 | Val Loss 0.9921 Acc 0.8653 AUC 0.9727 Pre 0.8510 Rec 0.8545
2026-08-23 09:19:13 | Epoch  28/100 | Train Loss 0.0699 | Val Loss 1.0190 Acc 0.8672 AUC 0.9724 Pre 0.8523 Rec 0.8570
2026-08-23 09:19:13 | Val AUC did not improve for 10 consecutive epochs, early stopping at Epoch 28 (best AUC 0.9755 @ Epoch 18)
2026-08-23 09:19:13 | Run 2/10 | Test (best model @ Epoch 18) | Loss 0.5641 Acc 0.8708 AUC 0.9809 Pre 0.8604 Rec 0.8666
2026-08-23 09:19:13 | ===== Run 3/10 (seed 2) =====
2026-08-23 09:19:13 | Epoch   1/100 | Train Loss 1.9522 | Val Loss 1.9051 Acc 0.5000 AUC 0.9146 Pre 0.2491 Rec 0.3347
2026-08-23 09:19:13 |   Val AUC improved to 0.9146, model saved
2026-08-23 09:19:13 | Epoch   2/100 | Train Loss 1.9034 | Val Loss 1.7937 Acc 0.3026 AUC 0.8945 Pre 0.0432 Rec 0.1429
2026-08-23 09:19:13 | Epoch   3/100 | Train Loss 1.7904 | Val Loss 1.6836 Acc 0.3026 AUC 0.8724 Pre 0.0432 Rec 0.1429
2026-08-23 09:19:13 | Epoch   4/100 | Train Loss 1.6784 | Val Loss 1.5438 Acc 0.3026 AUC 0.9176 Pre 0.0432 Rec 0.1429
2026-08-23 09:19:13 |   Val AUC improved to 0.9176, model saved
2026-08-23 09:19:13 | Epoch   5/100 | Train Loss 1.5280 | Val Loss 1.3534 Acc 0.5074 AUC 0.9451 Pre 0.5984 Rec 0.3359
2026-08-23 09:19:13 |   Val AUC improved to 0.9451, model saved
2026-08-23 09:19:13 | Epoch   6/100 | Train Loss 1.3206 | Val Loss 1.1626 Acc 0.7325 AUC 0.9574 Pre 0.5534 Rec 0.5916
2026-08-23 09:19:13 |   Val AUC improved to 0.9574, model saved
2026-08-23 09:19:13 | Epoch   7/100 | Train Loss 1.1140 | Val Loss 0.9601 Acc 0.7546 AUC 0.9623 Pre 0.6824 Rec 0.6258
2026-08-23 09:19:13 |   Val AUC improved to 0.9623, model saved
2026-08-23 09:19:13 | Epoch   8/100 | Train Loss 0.8977 | Val Loss 0.7856 Acc 0.7583 AUC 0.9649 Pre 0.6774 Rec 0.6324
2026-08-23 09:19:13 |   Val AUC improved to 0.9649, model saved
2026-08-23 09:19:13 | Epoch   9/100 | Train Loss 0.7027 | Val Loss 0.6758 Acc 0.7675 AUC 0.9670 Pre 0.8288 Rec 0.6482
2026-08-23 09:19:13 |   Val AUC improved to 0.9670, model saved
2026-08-23 09:19:13 | Epoch  10/100 | Train Loss 0.5679 | Val Loss 0.6091 Acc 0.7934 AUC 0.9695 Pre 0.8426 Rec 0.6908
2026-08-23 09:19:13 |   Val AUC improved to 0.9695, model saved
2026-08-23 09:19:13 | Epoch  11/100 | Train Loss 0.4691 | Val Loss 0.5611 Acc 0.8247 AUC 0.9716 Pre 0.8583 Rec 0.7525
2026-08-23 09:19:13 |   Val AUC improved to 0.9716, model saved
2026-08-23 09:19:13 | Epoch  12/100 | Train Loss 0.3881 | Val Loss 0.5312 Acc 0.8598 AUC 0.9731 Pre 0.8634 Rec 0.8264
2026-08-23 09:19:13 |   Val AUC improved to 0.9731, model saved
2026-08-23 09:19:13 | Epoch  13/100 | Train Loss 0.3234 | Val Loss 0.5256 Acc 0.8635 AUC 0.9744 Pre 0.8390 Rec 0.8419
2026-08-23 09:19:13 |   Val AUC improved to 0.9744, model saved
2026-08-23 09:19:13 | Epoch  14/100 | Train Loss 0.2731 | Val Loss 0.5541 Acc 0.8653 AUC 0.9749 Pre 0.8430 Rec 0.8478
2026-08-23 09:19:13 |   Val AUC improved to 0.9749, model saved
2026-08-23 09:19:13 | Epoch  15/100 | Train Loss 0.2474 | Val Loss 0.5809 Acc 0.8635 AUC 0.9751 Pre 0.8413 Rec 0.8477
2026-08-23 09:19:13 |   Val AUC improved to 0.9751, model saved
2026-08-23 09:19:13 | Epoch  16/100 | Train Loss 0.2190 | Val Loss 0.6101 Acc 0.8708 AUC 0.9750 Pre 0.8524 Rec 0.8509
2026-08-23 09:19:13 | Epoch  17/100 | Train Loss 0.1899 | Val Loss 0.6536 Acc 0.8690 AUC 0.9751 Pre 0.8591 Rec 0.8500
2026-08-23 09:19:13 |   Val AUC improved to 0.9751, model saved
2026-08-23 09:19:13 | Epoch  18/100 | Train Loss 0.1711 | Val Loss 0.7091 Acc 0.8635 AUC 0.9752 Pre 0.8563 Rec 0.8442
2026-08-23 09:19:13 |   Val AUC improved to 0.9752, model saved
2026-08-23 09:19:13 | Epoch  19/100 | Train Loss 0.1572 | Val Loss 0.7663 Acc 0.8672 AUC 0.9750 Pre 0.8612 Rec 0.8507
2026-08-23 09:19:13 | Epoch  20/100 | Train Loss 0.1409 | Val Loss 0.8193 Acc 0.8579 AUC 0.9746 Pre 0.8501 Rec 0.8420
2026-08-23 09:19:13 | Epoch  21/100 | Train Loss 0.1230 | Val Loss 0.8651 Acc 0.8635 AUC 0.9737 Pre 0.8549 Rec 0.8490
2026-08-23 09:19:13 | Epoch  22/100 | Train Loss 0.1118 | Val Loss 0.9119 Acc 0.8579 AUC 0.9733 Pre 0.8475 Rec 0.8455
2026-08-23 09:19:13 | Epoch  23/100 | Train Loss 0.0961 | Val Loss 0.9582 Acc 0.8616 AUC 0.9729 Pre 0.8518 Rec 0.8482
2026-08-23 09:19:13 | Epoch  24/100 | Train Loss 0.0879 | Val Loss 1.0014 Acc 0.8598 AUC 0.9725 Pre 0.8495 Rec 0.8465
2026-08-23 09:19:13 | Epoch  25/100 | Train Loss 0.0827 | Val Loss 1.0266 Acc 0.8653 AUC 0.9722 Pre 0.8524 Rec 0.8517
2026-08-23 09:19:13 | Epoch  26/100 | Train Loss 0.0713 | Val Loss 1.0530 Acc 0.8616 AUC 0.9718 Pre 0.8463 Rec 0.8447
2026-08-23 09:19:13 | Epoch  27/100 | Train Loss 0.0667 | Val Loss 1.0842 Acc 0.8616 AUC 0.9717 Pre 0.8498 Rec 0.8454
2026-08-23 09:19:13 | Epoch  28/100 | Train Loss 0.0586 | Val Loss 1.1234 Acc 0.8690 AUC 0.9716 Pre 0.8604 Rec 0.8535
2026-08-23 09:19:13 | Val AUC did not improve for 10 consecutive epochs, early stopping at Epoch 28 (best AUC 0.9752 @ Epoch 18)
2026-08-23 09:19:13 | Run 3/10 | Test (best model @ Epoch 18) | Loss 0.6346 Acc 0.8727 AUC 0.9801 Pre 0.8685 Rec 0.8599
2026-08-23 09:19:13 | ===== Run 4/10 (seed 3) =====
2026-08-23 09:19:13 | Epoch   1/100 | Train Loss 1.9348 | Val Loss 1.8876 Acc 0.3026 AUC 0.9174 Pre 0.0432 Rec 0.1429
2026-08-23 09:19:13 |   Val AUC improved to 0.9174, model saved
2026-08-23 09:19:13 | Epoch   2/100 | Train Loss 1.8864 | Val Loss 1.7791 Acc 0.3026 AUC 0.8930 Pre 0.0432 Rec 0.1429
2026-08-23 09:19:13 | Epoch   3/100 | Train Loss 1.7761 | Val Loss 1.6779 Acc 0.3026 AUC 0.8690 Pre 0.0432 Rec 0.1429
2026-08-23 09:19:13 | Epoch   4/100 | Train Loss 1.6756 | Val Loss 1.5246 Acc 0.3026 AUC 0.9232 Pre 0.0432 Rec 0.1429
2026-08-23 09:19:13 |   Val AUC improved to 0.9232, model saved
2026-08-23 09:19:13 | Epoch   5/100 | Train Loss 1.5090 | Val Loss 1.3456 Acc 0.5369 AUC 0.9478 Pre 0.4397 Rec 0.3608
2026-08-23 09:19:13 |   Val AUC improved to 0.9478, model saved
2026-08-23 09:19:13 | Epoch   6/100 | Train Loss 1.3176 | Val Loss 1.1602 Acc 0.7103 AUC 0.9568 Pre 0.5472 Rec 0.5575
2026-08-23 09:19:13 |   Val AUC improved to 0.9568, model saved
2026-08-23 09:19:13 | Epoch   7/100 | Train Loss 1.1180 | Val Loss 0.9657 Acc 0.7454 AUC 0.9608 Pre 0.6928 Rec 0.6067
2026-08-23 09:19:13 |   Val AUC improved to 0.9608, model saved
2026-08-23 09:19:13 | Epoch   8/100 | Train Loss 0.9091 | Val Loss 0.8019 Acc 0.7657 AUC 0.9625 Pre 0.8395 Rec 0.6380
2026-08-23 09:19:13 |   Val AUC improved to 0.9625, model saved
2026-08-23 09:19:13 | Epoch   9/100 | Train Loss 0.7257 | Val Loss 0.6893 Acc 0.7897 AUC 0.9654 Pre 0.8532 Rec 0.6784
2026-08-23 09:19:13 |   Val AUC improved to 0.9654, model saved
2026-08-23 09:19:13 | Epoch  10/100 | Train Loss 0.5893 | Val Loss 0.6112 Acc 0.8026 AUC 0.9683 Pre 0.8482 Rec 0.7118
2026-08-23 09:19:13 |   Val AUC improved to 0.9683, model saved
2026-08-23 09:19:13 | Epoch  11/100 | Train Loss 0.4845 | Val Loss 0.5604 Acc 0.8339 AUC 0.9706 Pre 0.8557 Rec 0.7798
2026-08-23 09:19:13 |   Val AUC improved to 0.9706, model saved
2026-08-23 09:19:13 | Epoch  12/100 | Train Loss 0.4024 | Val Loss 0.5260 Acc 0.8579 AUC 0.9729 Pre 0.8510 Rec 0.8287
2026-08-23 09:19:13 |   Val AUC improved to 0.9729, model saved
2026-08-23 09:19:13 | Epoch  13/100 | Train Loss 0.3303 | Val Loss 0.5143 Acc 0.8616 AUC 0.9749 Pre 0.8336 Rec 0.8398
2026-08-23 09:19:13 |   Val AUC improved to 0.9749, model saved
2026-08-23 09:19:13 | Epoch  14/100 | Train Loss 0.2734 | Val Loss 0.5373 Acc 0.8598 AUC 0.9758 Pre 0.8337 Rec 0.8414
2026-08-23 09:19:13 |   Val AUC improved to 0.9758, model saved
2026-08-23 09:19:13 | Epoch  15/100 | Train Loss 0.2416 | Val Loss 0.5730 Acc 0.8635 AUC 0.9756 Pre 0.8447 Rec 0.8455
2026-08-23 09:19:13 | Epoch  16/100 | Train Loss 0.2221 | Val Loss 0.6013 Acc 0.8690 AUC 0.9758 Pre 0.8505 Rec 0.8492
2026-08-23 09:19:13 | Epoch  17/100 | Train Loss 0.1958 | Val Loss 0.6350 Acc 0.8672 AUC 0.9761 Pre 0.8517 Rec 0.8495
2026-08-23 09:19:13 |   Val AUC improved to 0.9761, model saved
2026-08-23 09:19:13 | Epoch  18/100 | Train Loss 0.1775 | Val Loss 0.6787 Acc 0.8690 AUC 0.9762 Pre 0.8579 Rec 0.8516
2026-08-23 09:19:13 |   Val AUC improved to 0.9762, model saved
2026-08-23 09:19:13 | Epoch  19/100 | Train Loss 0.1599 | Val Loss 0.7325 Acc 0.8653 AUC 0.9762 Pre 0.8582 Rec 0.8471
2026-08-23 09:19:13 | Epoch  20/100 | Train Loss 0.1501 | Val Loss 0.7828 Acc 0.8672 AUC 0.9760 Pre 0.8610 Rec 0.8488
2026-08-23 09:19:13 | Epoch  21/100 | Train Loss 0.1316 | Val Loss 0.8320 Acc 0.8616 AUC 0.9756 Pre 0.8525 Rec 0.8457
2026-08-23 09:19:13 | Epoch  22/100 | Train Loss 0.1135 | Val Loss 0.8728 Acc 0.8616 AUC 0.9750 Pre 0.8488 Rec 0.8487
2026-08-23 09:19:13 | Epoch  23/100 | Train Loss 0.0993 | Val Loss 0.9107 Acc 0.8598 AUC 0.9743 Pre 0.8483 Rec 0.8470
2026-08-23 09:19:13 | Epoch  24/100 | Train Loss 0.0923 | Val Loss 0.9463 Acc 0.8616 AUC 0.9738 Pre 0.8501 Rec 0.8485
2026-08-23 09:19:13 | Epoch  25/100 | Train Loss 0.0788 | Val Loss 0.9848 Acc 0.8598 AUC 0.9733 Pre 0.8497 Rec 0.8465
2026-08-23 09:19:13 | Epoch  26/100 | Train Loss 0.0745 | Val Loss 1.0186 Acc 0.8653 AUC 0.9730 Pre 0.8534 Rec 0.8545
2026-08-23 09:19:13 | Epoch  27/100 | Train Loss 0.0713 | Val Loss 1.0401 Acc 0.8653 AUC 0.9727 Pre 0.8530 Rec 0.8556
2026-08-23 09:19:13 | Epoch  28/100 | Train Loss 0.0668 | Val Loss 1.0622 Acc 0.8616 AUC 0.9724 Pre 0.8479 Rec 0.8489
2026-08-23 09:19:13 | Val AUC did not improve for 10 consecutive epochs, early stopping at Epoch 28 (best AUC 0.9762 @ Epoch 18)
2026-08-23 09:19:13 | Run 4/10 | Test (best model @ Epoch 18) | Loss 0.6226 Acc 0.8727 AUC 0.9802 Pre 0.8712 Rec 0.8627
2026-08-23 09:19:13 | ===== Run 5/10 (seed 4) =====
2026-08-23 09:19:13 | Epoch   1/100 | Train Loss 1.9532 | Val Loss 1.9056 Acc 0.4926 AUC 0.9212 Pre 0.2625 Rec 0.3270
2026-08-23 09:19:14 |   Val AUC improved to 0.9212, model saved
2026-08-23 09:19:14 | Epoch   2/100 | Train Loss 1.9037 | Val Loss 1.7901 Acc 0.3026 AUC 0.8932 Pre 0.0432 Rec 0.1429
2026-08-23 09:19:14 | Epoch   3/100 | Train Loss 1.7858 | Val Loss 1.6738 Acc 0.3026 AUC 0.8600 Pre 0.0432 Rec 0.1429
2026-08-23 09:19:14 | Epoch   4/100 | Train Loss 1.6676 | Val Loss 1.5230 Acc 0.3137 AUC 0.9127 Pre 0.1866 Rec 0.1531
2026-08-23 09:19:14 | Epoch   5/100 | Train Loss 1.5048 | Val Loss 1.3225 Acc 0.5406 AUC 0.9436 Pre 0.5726 Rec 0.3657
2026-08-23 09:19:14 |   Val AUC improved to 0.9436, model saved
2026-08-23 09:19:14 | Epoch   6/100 | Train Loss 1.2902 | Val Loss 1.1318 Acc 0.7288 AUC 0.9548 Pre 0.5414 Rec 0.5839
2026-08-23 09:19:14 |   Val AUC improved to 0.9548, model saved
2026-08-23 09:19:14 | Epoch   7/100 | Train Loss 1.0884 | Val Loss 0.9437 Acc 0.7583 AUC 0.9596 Pre 0.5484 Rec 0.6225
2026-08-23 09:19:14 |   Val AUC improved to 0.9596, model saved
2026-08-23 09:19:14 | Epoch   8/100 | Train Loss 0.8893 | Val Loss 0.7894 Acc 0.7583 AUC 0.9628 Pre 0.5428 Rec 0.6237
2026-08-23 09:19:14 |   Val AUC improved to 0.9628, model saved
2026-08-23 09:19:14 | Epoch   9/100 | Train Loss 0.7153 | Val Loss 0.6956 Acc 0.7657 AUC 0.9651 Pre 0.6891 Rec 0.6339
2026-08-23 09:19:14 |   Val AUC improved to 0.9651, model saved
2026-08-23 09:19:14 | Epoch  10/100 | Train Loss 0.5955 | Val Loss 0.6357 Acc 0.7878 AUC 0.9677 Pre 0.8410 Rec 0.6753
2026-08-23 09:19:14 |   Val AUC improved to 0.9677, model saved
2026-08-23 09:19:14 | Epoch  11/100 | Train Loss 0.5049 | Val Loss 0.5886 Acc 0.8137 AUC 0.9697 Pre 0.8447 Rec 0.7249
2026-08-23 09:19:14 |   Val AUC improved to 0.9697, model saved
2026-08-23 09:19:14 | Epoch  12/100 | Train Loss 0.4266 | Val Loss 0.5538 Acc 0.8561 AUC 0.9715 Pre 0.8737 Rec 0.8115
2026-08-23 09:19:14 |   Val AUC improved to 0.9715, model saved
2026-08-23 09:19:14 | Epoch  13/100 | Train Loss 0.3576 | Val Loss 0.5330 Acc 0.8653 AUC 0.9731 Pre 0.8500 Rec 0.8382
2026-08-23 09:19:14 |   Val AUC improved to 0.9731, model saved
2026-08-23 09:19:14 | Epoch  14/100 | Train Loss 0.2970 | Val Loss 0.5423 Acc 0.8616 AUC 0.9745 Pre 0.8363 Rec 0.8457
2026-08-23 09:19:14 |   Val AUC improved to 0.9745, model saved
2026-08-23 09:19:14 | Epoch  15/100 | Train Loss 0.2569 | Val Loss 0.5735 Acc 0.8635 AUC 0.9753 Pre 0.8383 Rec 0.8500
2026-08-23 09:19:14 |   Val AUC improved to 0.9753, model saved
2026-08-23 09:19:14 | Epoch  16/100 | Train Loss 0.2356 | Val Loss 0.6028 Acc 0.8653 AUC 0.9752 Pre 0.8400 Rec 0.8494
2026-08-23 09:19:14 | Epoch  17/100 | Train Loss 0.2097 | Val Loss 0.6405 Acc 0.8635 AUC 0.9748 Pre 0.8407 Rec 0.8474
2026-08-23 09:19:14 | Epoch  18/100 | Train Loss 0.1828 | Val Loss 0.6895 Acc 0.8598 AUC 0.9748 Pre 0.8420 Rec 0.8375
2026-08-23 09:19:14 | Epoch  19/100 | Train Loss 0.1607 | Val Loss 0.7488 Acc 0.8598 AUC 0.9748 Pre 0.8531 Rec 0.8377
2026-08-23 09:19:14 | Epoch  20/100 | Train Loss 0.1455 | Val Loss 0.8067 Acc 0.8598 AUC 0.9746 Pre 0.8542 Rec 0.8398
2026-08-23 09:19:14 | Epoch  21/100 | Train Loss 0.1338 | Val Loss 0.8512 Acc 0.8579 AUC 0.9742 Pre 0.8493 Rec 0.8415
2026-08-23 09:19:14 | Epoch  22/100 | Train Loss 0.1163 | Val Loss 0.8906 Acc 0.8579 AUC 0.9738 Pre 0.8487 Rec 0.8427
2026-08-23 09:19:14 | Epoch  23/100 | Train Loss 0.1016 | Val Loss 0.9282 Acc 0.8635 AUC 0.9736 Pre 0.8530 Rec 0.8489
2026-08-23 09:19:14 | Epoch  24/100 | Train Loss 0.0907 | Val Loss 0.9628 Acc 0.8672 AUC 0.9733 Pre 0.8552 Rec 0.8553
2026-08-23 09:19:14 | Epoch  25/100 | Train Loss 0.0817 | Val Loss 0.9972 Acc 0.8672 AUC 0.9730 Pre 0.8550 Rec 0.8540
2026-08-23 09:19:14 | Val AUC did not improve for 10 consecutive epochs, early stopping at Epoch 25 (best AUC 0.9753 @ Epoch 15)
2026-08-23 09:19:14 | Run 5/10 | Test (best model @ Epoch 15) | Loss 0.5411 Acc 0.8764 AUC 0.9791 Pre 0.8598 Rec 0.8753
2026-08-23 09:19:14 | ===== Run 6/10 (seed 5) =====
2026-08-23 09:19:14 | Epoch   1/100 | Train Loss 1.9392 | Val Loss 1.8914 Acc 0.3026 AUC 0.9222 Pre 0.0432 Rec 0.1429
2026-08-23 09:19:14 |   Val AUC improved to 0.9222, model saved
2026-08-23 09:19:14 | Epoch   2/100 | Train Loss 1.8899 | Val Loss 1.7797 Acc 0.3026 AUC 0.8956 Pre 0.0432 Rec 0.1429
2026-08-23 09:19:14 | Epoch   3/100 | Train Loss 1.7764 | Val Loss 1.6791 Acc 0.3026 AUC 0.8546 Pre 0.0432 Rec 0.1429
2026-08-23 09:19:14 | Epoch   4/100 | Train Loss 1.6747 | Val Loss 1.5236 Acc 0.3026 AUC 0.9188 Pre 0.0432 Rec 0.1429
2026-08-23 09:19:14 | Epoch   5/100 | Train Loss 1.5067 | Val Loss 1.3434 Acc 0.5406 AUC 0.9457 Pre 0.6023 Rec 0.3653
2026-08-23 09:19:14 |   Val AUC improved to 0.9457, model saved
2026-08-23 09:19:14 | Epoch   6/100 | Train Loss 1.3131 | Val Loss 1.1565 Acc 0.7122 AUC 0.9565 Pre 0.5443 Rec 0.5605
2026-08-23 09:19:14 |   Val AUC improved to 0.9565, model saved
2026-08-23 09:19:14 | Epoch   7/100 | Train Loss 1.1125 | Val Loss 0.9592 Acc 0.7362 AUC 0.9616 Pre 0.5309 Rec 0.5921
2026-08-23 09:19:14 |   Val AUC improved to 0.9616, model saved
2026-08-23 09:19:14 | Epoch   8/100 | Train Loss 0.8988 | Val Loss 0.7953 Acc 0.7638 AUC 0.9636 Pre 0.6847 Rec 0.6276
2026-08-23 09:19:14 |   Val AUC improved to 0.9636, model saved
2026-08-23 09:19:14 | Epoch   9/100 | Train Loss 0.7156 | Val Loss 0.6885 Acc 0.7731 AUC 0.9654 Pre 0.6851 Rec 0.6484
2026-08-23 09:19:14 |   Val AUC improved to 0.9654, model saved
2026-08-23 09:19:14 | Epoch  10/100 | Train Loss 0.5851 | Val Loss 0.6191 Acc 0.7952 AUC 0.9682 Pre 0.8411 Rec 0.6895
2026-08-23 09:19:14 |   Val AUC improved to 0.9682, model saved
2026-08-23 09:19:14 | Epoch  11/100 | Train Loss 0.4885 | Val Loss 0.5742 Acc 0.8081 AUC 0.9709 Pre 0.8423 Rec 0.7208
2026-08-23 09:19:14 |   Val AUC improved to 0.9709, model saved
2026-08-23 09:19:14 | Epoch  12/100 | Train Loss 0.4110 | Val Loss 0.5431 Acc 0.8266 AUC 0.9730 Pre 0.8414 Rec 0.7566
2026-08-23 09:19:14 |   Val AUC improved to 0.9730, model saved
2026-08-23 09:19:14 | Epoch  13/100 | Train Loss 0.3433 | Val Loss 0.5300 Acc 0.8598 AUC 0.9740 Pre 0.8485 Rec 0.8366
2026-08-23 09:19:14 |   Val AUC improved to 0.9740, model saved
2026-08-23 09:19:14 | Epoch  14/100 | Train Loss 0.2824 | Val Loss 0.5523 Acc 0.8672 AUC 0.9741 Pre 0.8442 Rec 0.8526
2026-08-23 09:19:14 |   Val AUC improved to 0.9741, model saved
2026-08-23 09:19:14 | Epoch  15/100 | Train Loss 0.2529 | Val Loss 0.5910 Acc 0.8616 AUC 0.9742 Pre 0.8385 Rec 0.8489
2026-08-23 09:19:14 |   Val AUC improved to 0.9742, model saved
2026-08-23 09:19:14 | Epoch  16/100 | Train Loss 0.2329 | Val Loss 0.6221 Acc 0.8635 AUC 0.9743 Pre 0.8393 Rec 0.8483
2026-08-23 09:19:14 |   Val AUC improved to 0.9743, model saved
2026-08-23 09:19:14 | Epoch  17/100 | Train Loss 0.2007 | Val Loss 0.6583 Acc 0.8653 AUC 0.9744 Pre 0.8447 Rec 0.8507
2026-08-23 09:19:14 |   Val AUC improved to 0.9744, model saved
2026-08-23 09:19:14 | Epoch  18/100 | Train Loss 0.1714 | Val Loss 0.7089 Acc 0.8653 AUC 0.9742 Pre 0.8500 Rec 0.8499
2026-08-23 09:19:14 | Epoch  19/100 | Train Loss 0.1561 | Val Loss 0.7748 Acc 0.8579 AUC 0.9736 Pre 0.8480 Rec 0.8386
2026-08-23 09:19:14 | Epoch  20/100 | Train Loss 0.1477 | Val Loss 0.8360 Acc 0.8579 AUC 0.9730 Pre 0.8505 Rec 0.8386
2026-08-23 09:19:14 | Epoch  21/100 | Train Loss 0.1334 | Val Loss 0.8827 Acc 0.8524 AUC 0.9727 Pre 0.8450 Rec 0.8316
2026-08-23 09:19:14 | Epoch  22/100 | Train Loss 0.1142 | Val Loss 0.9274 Acc 0.8561 AUC 0.9722 Pre 0.8473 Rec 0.8384
2026-08-23 09:19:14 | Epoch  23/100 | Train Loss 0.0970 | Val Loss 0.9685 Acc 0.8579 AUC 0.9718 Pre 0.8474 Rec 0.8421
2026-08-23 09:19:14 | Epoch  24/100 | Train Loss 0.0855 | Val Loss 1.0085 Acc 0.8635 AUC 0.9714 Pre 0.8526 Rec 0.8489
2026-08-23 09:19:14 | Epoch  25/100 | Train Loss 0.0794 | Val Loss 1.0474 Acc 0.8598 AUC 0.9711 Pre 0.8458 Rec 0.8472
2026-08-23 09:19:14 | Epoch  26/100 | Train Loss 0.0743 | Val Loss 1.0837 Acc 0.8598 AUC 0.9709 Pre 0.8459 Rec 0.8469
2026-08-23 09:19:14 | Epoch  27/100 | Train Loss 0.0695 | Val Loss 1.1181 Acc 0.8579 AUC 0.9709 Pre 0.8449 Rec 0.8429
2026-08-23 09:19:14 | Val AUC did not improve for 10 consecutive epochs, early stopping at Epoch 27 (best AUC 0.9744 @ Epoch 17)
2026-08-23 09:19:14 | Run 6/10 | Test (best model @ Epoch 17) | Loss 0.5997 Acc 0.8819 AUC 0.9793 Pre 0.8651 Rec 0.8739
2026-08-23 09:19:14 | ===== Run 7/10 (seed 6) =====
2026-08-23 09:19:14 | Epoch   1/100 | Train Loss 1.9520 | Val Loss 1.9040 Acc 0.3026 AUC 0.9126 Pre 0.0432 Rec 0.1429
2026-08-23 09:19:14 |   Val AUC improved to 0.9126, model saved
2026-08-23 09:19:14 | Epoch   2/100 | Train Loss 1.9021 | Val Loss 1.7872 Acc 0.3026 AUC 0.8913 Pre 0.0432 Rec 0.1429
2026-08-23 09:19:14 | Epoch   3/100 | Train Loss 1.7834 | Val Loss 1.6818 Acc 0.3026 AUC 0.8602 Pre 0.0432 Rec 0.1429
2026-08-23 09:19:14 | Epoch   4/100 | Train Loss 1.6773 | Val Loss 1.5314 Acc 0.3044 AUC 0.9178 Pre 0.1862 Rec 0.1446
2026-08-23 09:19:14 |   Val AUC improved to 0.9178, model saved
2026-08-23 09:19:14 | Epoch   5/100 | Train Loss 1.5147 | Val Loss 1.3451 Acc 0.5424 AUC 0.9446 Pre 0.5860 Rec 0.3723
2026-08-23 09:19:14 |   Val AUC improved to 0.9446, model saved
2026-08-23 09:19:14 | Epoch   6/100 | Train Loss 1.3130 | Val Loss 1.1561 Acc 0.7306 AUC 0.9559 Pre 0.5399 Rec 0.5854
2026-08-23 09:19:14 |   Val AUC improved to 0.9559, model saved
2026-08-23 09:19:14 | Epoch   7/100 | Train Loss 1.1120 | Val Loss 0.9604 Acc 0.7509 AUC 0.9612 Pre 0.5316 Rec 0.6142
2026-08-23 09:19:14 |   Val AUC improved to 0.9612, model saved
2026-08-23 09:19:14 | Epoch   8/100 | Train Loss 0.9032 | Val Loss 0.7989 Acc 0.7601 AUC 0.9634 Pre 0.6788 Rec 0.6246
2026-08-23 09:19:14 |   Val AUC improved to 0.9634, model saved
2026-08-23 09:19:14 | Epoch   9/100 | Train Loss 0.7235 | Val Loss 0.6957 Acc 0.7620 AUC 0.9658 Pre 0.6809 Rec 0.6293
2026-08-23 09:19:14 |   Val AUC improved to 0.9658, model saved
2026-08-23 09:19:14 | Epoch  10/100 | Train Loss 0.5980 | Val Loss 0.6308 Acc 0.7768 AUC 0.9680 Pre 0.8316 Rec 0.6589
2026-08-23 09:19:14 |   Val AUC improved to 0.9680, model saved
2026-08-23 09:19:14 | Epoch  11/100 | Train Loss 0.5056 | Val Loss 0.5865 Acc 0.8081 AUC 0.9701 Pre 0.8415 Rec 0.7186
2026-08-23 09:19:14 |   Val AUC improved to 0.9701, model saved
2026-08-23 09:19:14 | Epoch  12/100 | Train Loss 0.4300 | Val Loss 0.5517 Acc 0.8395 AUC 0.9725 Pre 0.8586 Rec 0.7818
2026-08-23 09:19:14 |   Val AUC improved to 0.9725, model saved
2026-08-23 09:19:14 | Epoch  13/100 | Train Loss 0.3579 | Val Loss 0.5313 Acc 0.8745 AUC 0.9743 Pre 0.8639 Rec 0.8480
2026-08-23 09:19:14 |   Val AUC improved to 0.9743, model saved
2026-08-23 09:19:14 | Epoch  14/100 | Train Loss 0.2947 | Val Loss 0.5473 Acc 0.8653 AUC 0.9748 Pre 0.8405 Rec 0.8533
2026-08-23 09:19:14 |   Val AUC improved to 0.9748, model saved
2026-08-23 09:19:14 | Epoch  15/100 | Train Loss 0.2585 | Val Loss 0.5861 Acc 0.8616 AUC 0.9745 Pre 0.8369 Rec 0.8515
2026-08-23 09:19:14 | Epoch  16/100 | Train Loss 0.2351 | Val Loss 0.6141 Acc 0.8727 AUC 0.9744 Pre 0.8515 Rec 0.8627
2026-08-23 09:19:14 | Epoch  17/100 | Train Loss 0.2089 | Val Loss 0.6428 Acc 0.8653 AUC 0.9745 Pre 0.8459 Rec 0.8511
2026-08-23 09:19:14 | Epoch  18/100 | Train Loss 0.1799 | Val Loss 0.6909 Acc 0.8598 AUC 0.9743 Pre 0.8452 Rec 0.8411
2026-08-23 09:19:14 | Epoch  19/100 | Train Loss 0.1605 | Val Loss 0.7522 Acc 0.8579 AUC 0.9741 Pre 0.8535 Rec 0.8370
2026-08-23 09:19:14 | Epoch  20/100 | Train Loss 0.1454 | Val Loss 0.8115 Acc 0.8598 AUC 0.9737 Pre 0.8556 Rec 0.8391
2026-08-23 09:19:14 | Epoch  21/100 | Train Loss 0.1339 | Val Loss 0.8580 Acc 0.8524 AUC 0.9731 Pre 0.8437 Rec 0.8336
2026-08-23 09:19:14 | Epoch  22/100 | Train Loss 0.1166 | Val Loss 0.9032 Acc 0.8561 AUC 0.9728 Pre 0.8478 Rec 0.8415
2026-08-23 09:19:14 | Epoch  23/100 | Train Loss 0.1041 | Val Loss 0.9472 Acc 0.8653 AUC 0.9726 Pre 0.8546 Rec 0.8494
2026-08-23 09:19:14 | Epoch  24/100 | Train Loss 0.0896 | Val Loss 0.9859 Acc 0.8653 AUC 0.9721 Pre 0.8520 Rec 0.8489
2026-08-23 09:19:14 | Val AUC did not improve for 10 consecutive epochs, early stopping at Epoch 24 (best AUC 0.9748 @ Epoch 14)
2026-08-23 09:19:14 | Run 7/10 | Test (best model @ Epoch 14) | Loss 0.5160 Acc 0.8819 AUC 0.9790 Pre 0.8615 Rec 0.8758
2026-08-23 09:19:14 | ===== Run 8/10 (seed 7) =====
2026-08-23 09:19:15 | Epoch   1/100 | Train Loss 1.9443 | Val Loss 1.8991 Acc 0.3284 AUC 0.9271 Pre 0.1778 Rec 0.1664
2026-08-23 09:19:15 |   Val AUC improved to 0.9271, model saved
2026-08-23 09:19:15 | Epoch   2/100 | Train Loss 1.8973 | Val Loss 1.7887 Acc 0.3026 AUC 0.9012 Pre 0.0432 Rec 0.1429
2026-08-23 09:19:15 | Epoch   3/100 | Train Loss 1.7835 | Val Loss 1.6763 Acc 0.3026 AUC 0.8577 Pre 0.0432 Rec 0.1429
2026-08-23 09:19:15 | Epoch   4/100 | Train Loss 1.6692 | Val Loss 1.5250 Acc 0.3118 AUC 0.9155 Pre 0.1865 Rec 0.1514
2026-08-23 09:19:15 | Epoch   5/100 | Train Loss 1.5073 | Val Loss 1.3316 Acc 0.5609 AUC 0.9482 Pre 0.5807 Rec 0.3891
2026-08-23 09:19:15 |   Val AUC improved to 0.9482, model saved
2026-08-23 09:19:15 | Epoch   6/100 | Train Loss 1.2994 | Val Loss 1.1376 Acc 0.7269 AUC 0.9594 Pre 0.5427 Rec 0.5774
2026-08-23 09:19:15 |   Val AUC improved to 0.9594, model saved
2026-08-23 09:19:15 | Epoch   7/100 | Train Loss 1.0932 | Val Loss 0.9377 Acc 0.7509 AUC 0.9634 Pre 0.5462 Rec 0.6097
2026-08-23 09:19:15 |   Val AUC improved to 0.9634, model saved
2026-08-23 09:19:15 | Epoch   8/100 | Train Loss 0.8773 | Val Loss 0.7757 Acc 0.7620 AUC 0.9652 Pre 0.8329 Rec 0.6275
2026-08-23 09:19:15 |   Val AUC improved to 0.9652, model saved
2026-08-23 09:19:15 | Epoch   9/100 | Train Loss 0.6957 | Val Loss 0.6708 Acc 0.7712 AUC 0.9672 Pre 0.8350 Rec 0.6488
2026-08-23 09:19:15 |   Val AUC improved to 0.9672, model saved
2026-08-23 09:19:15 | Epoch  10/100 | Train Loss 0.5674 | Val Loss 0.6011 Acc 0.7915 AUC 0.9694 Pre 0.8416 Rec 0.6866
2026-08-23 09:19:15 |   Val AUC improved to 0.9694, model saved
2026-08-23 09:19:15 | Epoch  11/100 | Train Loss 0.4709 | Val Loss 0.5569 Acc 0.8247 AUC 0.9710 Pre 0.8577 Rec 0.7533
2026-08-23 09:19:15 |   Val AUC improved to 0.9710, model saved
2026-08-23 09:19:15 | Epoch  12/100 | Train Loss 0.3929 | Val Loss 0.5264 Acc 0.8542 AUC 0.9724 Pre 0.8541 Rec 0.8196
2026-08-23 09:19:15 |   Val AUC improved to 0.9724, model saved
2026-08-23 09:19:15 | Epoch  13/100 | Train Loss 0.3241 | Val Loss 0.5207 Acc 0.8524 AUC 0.9736 Pre 0.8228 Rec 0.8268
2026-08-23 09:19:15 |   Val AUC improved to 0.9736, model saved
2026-08-23 09:19:15 | Epoch  14/100 | Train Loss 0.2760 | Val Loss 0.5472 Acc 0.8635 AUC 0.9745 Pre 0.8397 Rec 0.8528
2026-08-23 09:19:15 |   Val AUC improved to 0.9745, model saved
2026-08-23 09:19:15 | Epoch  15/100 | Train Loss 0.2491 | Val Loss 0.5756 Acc 0.8635 AUC 0.9748 Pre 0.8425 Rec 0.8528
2026-08-23 09:19:15 |   Val AUC improved to 0.9748, model saved
2026-08-23 09:19:15 | Epoch  16/100 | Train Loss 0.2237 | Val Loss 0.6031 Acc 0.8708 AUC 0.9750 Pre 0.8504 Rec 0.8535
2026-08-23 09:19:15 |   Val AUC improved to 0.9750, model saved
2026-08-23 09:19:15 | Epoch  17/100 | Train Loss 0.1921 | Val Loss 0.6442 Acc 0.8690 AUC 0.9750 Pre 0.8499 Rec 0.8503
2026-08-23 09:19:15 |   Val AUC improved to 0.9750, model saved
2026-08-23 09:19:15 | Epoch  18/100 | Train Loss 0.1678 | Val Loss 0.6993 Acc 0.8579 AUC 0.9749 Pre 0.8505 Rec 0.8340
2026-08-23 09:19:15 | Epoch  19/100 | Train Loss 0.1541 | Val Loss 0.7571 Acc 0.8542 AUC 0.9744 Pre 0.8465 Rec 0.8299
2026-08-23 09:19:15 | Epoch  20/100 | Train Loss 0.1418 | Val Loss 0.8053 Acc 0.8542 AUC 0.9741 Pre 0.8479 Rec 0.8302
2026-08-23 09:19:15 | Epoch  21/100 | Train Loss 0.1226 | Val Loss 0.8528 Acc 0.8598 AUC 0.9739 Pre 0.8532 Rec 0.8408
2026-08-23 09:19:15 | Epoch  22/100 | Train Loss 0.1081 | Val Loss 0.8852 Acc 0.8672 AUC 0.9736 Pre 0.8598 Rec 0.8541
2026-08-23 09:19:15 | Epoch  23/100 | Train Loss 0.0939 | Val Loss 0.9167 Acc 0.8635 AUC 0.9736 Pre 0.8496 Rec 0.8537
2026-08-23 09:19:15 | Epoch  24/100 | Train Loss 0.0867 | Val Loss 0.9534 Acc 0.8635 AUC 0.9734 Pre 0.8483 Rec 0.8537
2026-08-23 09:19:15 | Epoch  25/100 | Train Loss 0.0795 | Val Loss 0.9909 Acc 0.8690 AUC 0.9731 Pre 0.8560 Rec 0.8552
2026-08-23 09:19:15 | Epoch  26/100 | Train Loss 0.0721 | Val Loss 1.0239 Acc 0.8727 AUC 0.9730 Pre 0.8600 Rec 0.8608
2026-08-23 09:19:15 | Epoch  27/100 | Train Loss 0.0693 | Val Loss 1.0463 Acc 0.8708 AUC 0.9729 Pre 0.8600 Rec 0.8552
2026-08-23 09:19:15 | Val AUC did not improve for 10 consecutive epochs, early stopping at Epoch 27 (best AUC 0.9750 @ Epoch 17)
2026-08-23 09:19:15 | Run 8/10 | Test (best model @ Epoch 17) | Loss 0.5884 Acc 0.8893 AUC 0.9797 Pre 0.8796 Rec 0.8825
2026-08-23 09:19:15 | ===== Run 9/10 (seed 8) =====
2026-08-23 09:19:15 | Epoch   1/100 | Train Loss 1.9488 | Val Loss 1.9024 Acc 0.3026 AUC 0.9173 Pre 0.0432 Rec 0.1429
2026-08-23 09:19:15 |   Val AUC improved to 0.9173, model saved
2026-08-23 09:19:15 | Epoch   2/100 | Train Loss 1.9005 | Val Loss 1.7917 Acc 0.3026 AUC 0.8943 Pre 0.0432 Rec 0.1429
2026-08-23 09:19:15 | Epoch   3/100 | Train Loss 1.7876 | Val Loss 1.6778 Acc 0.3026 AUC 0.8636 Pre 0.0432 Rec 0.1429
2026-08-23 09:19:15 | Epoch   4/100 | Train Loss 1.6728 | Val Loss 1.5337 Acc 0.3063 AUC 0.9129 Pre 0.1862 Rec 0.1463
2026-08-23 09:19:15 | Epoch   5/100 | Train Loss 1.5176 | Val Loss 1.3375 Acc 0.5406 AUC 0.9446 Pre 0.5654 Rec 0.3720
2026-08-23 09:19:15 |   Val AUC improved to 0.9446, model saved
2026-08-23 09:19:15 | Epoch   6/100 | Train Loss 1.3062 | Val Loss 1.1425 Acc 0.7306 AUC 0.9579 Pre 0.5445 Rec 0.5832
2026-08-23 09:19:15 |   Val AUC improved to 0.9579, model saved
2026-08-23 09:19:15 | Epoch   7/100 | Train Loss 1.0984 | Val Loss 0.9417 Acc 0.7546 AUC 0.9632 Pre 0.5454 Rec 0.6176
2026-08-23 09:19:15 |   Val AUC improved to 0.9632, model saved
2026-08-23 09:19:15 | Epoch   8/100 | Train Loss 0.8841 | Val Loss 0.7741 Acc 0.7601 AUC 0.9654 Pre 0.6836 Rec 0.6246
2026-08-23 09:19:15 |   Val AUC improved to 0.9654, model saved
2026-08-23 09:19:15 | Epoch   9/100 | Train Loss 0.6950 | Val Loss 0.6692 Acc 0.7712 AUC 0.9673 Pre 0.8300 Rec 0.6503
2026-08-23 09:19:15 |   Val AUC improved to 0.9673, model saved
2026-08-23 09:19:15 | Epoch  10/100 | Train Loss 0.5637 | Val Loss 0.6055 Acc 0.7934 AUC 0.9694 Pre 0.8421 Rec 0.6962
2026-08-23 09:19:15 |   Val AUC improved to 0.9694, model saved
2026-08-23 09:19:15 | Epoch  11/100 | Train Loss 0.4697 | Val Loss 0.5609 Acc 0.8137 AUC 0.9713 Pre 0.8475 Rec 0.7326
2026-08-23 09:19:15 |   Val AUC improved to 0.9713, model saved
2026-08-23 09:19:15 | Epoch  12/100 | Train Loss 0.3900 | Val Loss 0.5306 Acc 0.8561 AUC 0.9732 Pre 0.8580 Rec 0.8170
2026-08-23 09:19:15 |   Val AUC improved to 0.9732, model saved
2026-08-23 09:19:15 | Epoch  13/100 | Train Loss 0.3219 | Val Loss 0.5281 Acc 0.8616 AUC 0.9747 Pre 0.8365 Rec 0.8423
2026-08-23 09:19:15 |   Val AUC improved to 0.9747, model saved
2026-08-23 09:19:15 | Epoch  14/100 | Train Loss 0.2743 | Val Loss 0.5574 Acc 0.8598 AUC 0.9751 Pre 0.8347 Rec 0.8430
2026-08-23 09:19:15 |   Val AUC improved to 0.9751, model saved
2026-08-23 09:19:15 | Epoch  15/100 | Train Loss 0.2502 | Val Loss 0.5824 Acc 0.8653 AUC 0.9751 Pre 0.8406 Rec 0.8476
2026-08-23 09:19:15 |   Val AUC improved to 0.9751, model saved
2026-08-23 09:19:15 | Epoch  16/100 | Train Loss 0.2182 | Val Loss 0.6126 Acc 0.8727 AUC 0.9752 Pre 0.8504 Rec 0.8549
2026-08-23 09:19:15 |   Val AUC improved to 0.9752, model saved
2026-08-23 09:19:15 | Epoch  17/100 | Train Loss 0.1940 | Val Loss 0.6550 Acc 0.8727 AUC 0.9753 Pre 0.8573 Rec 0.8549
2026-08-23 09:19:15 |   Val AUC improved to 0.9753, model saved
2026-08-23 09:19:15 | Epoch  18/100 | Train Loss 0.1752 | Val Loss 0.7110 Acc 0.8635 AUC 0.9749 Pre 0.8550 Rec 0.8462
2026-08-23 09:19:15 | Epoch  19/100 | Train Loss 0.1625 | Val Loss 0.7689 Acc 0.8653 AUC 0.9746 Pre 0.8599 Rec 0.8471
2026-08-23 09:19:15 | Epoch  20/100 | Train Loss 0.1460 | Val Loss 0.8211 Acc 0.8635 AUC 0.9743 Pre 0.8590 Rec 0.8462
2026-08-23 09:19:15 | Epoch  21/100 | Train Loss 0.1279 | Val Loss 0.8604 Acc 0.8561 AUC 0.9741 Pre 0.8450 Rec 0.8404
2026-08-23 09:19:15 | Epoch  22/100 | Train Loss 0.1106 | Val Loss 0.9013 Acc 0.8635 AUC 0.9736 Pre 0.8523 Rec 0.8524
2026-08-23 09:19:15 | Epoch  23/100 | Train Loss 0.1021 | Val Loss 0.9433 Acc 0.8635 AUC 0.9733 Pre 0.8524 Rec 0.8525
2026-08-23 09:19:15 | Epoch  24/100 | Train Loss 0.0886 | Val Loss 0.9810 Acc 0.8672 AUC 0.9729 Pre 0.8539 Rec 0.8566
2026-08-23 09:19:15 | Epoch  25/100 | Train Loss 0.0842 | Val Loss 1.0118 Acc 0.8708 AUC 0.9726 Pre 0.8547 Rec 0.8594
2026-08-23 09:19:15 | Epoch  26/100 | Train Loss 0.0737 | Val Loss 1.0405 Acc 0.8635 AUC 0.9722 Pre 0.8459 Rec 0.8471
2026-08-23 09:19:15 | Epoch  27/100 | Train Loss 0.0654 | Val Loss 1.0690 Acc 0.8653 AUC 0.9720 Pre 0.8476 Rec 0.8476
2026-08-23 09:19:15 | Val AUC did not improve for 10 consecutive epochs, early stopping at Epoch 27 (best AUC 0.9753 @ Epoch 17)
2026-08-23 09:19:15 | Run 9/10 | Test (best model @ Epoch 17) | Loss 0.6019 Acc 0.8745 AUC 0.9796 Pre 0.8632 Rec 0.8657
2026-08-23 09:19:15 | ===== Run 10/10 (seed 9) =====
2026-08-23 09:19:15 | Epoch   1/100 | Train Loss 1.9607 | Val Loss 1.9080 Acc 0.3672 AUC 0.9155 Pre 0.1198 Rec 0.2405
2026-08-23 09:19:15 |   Val AUC improved to 0.9155, model saved
2026-08-23 09:19:15 | Epoch   2/100 | Train Loss 1.9065 | Val Loss 1.7874 Acc 0.3026 AUC 0.8834 Pre 0.0432 Rec 0.1429
2026-08-23 09:19:15 | Epoch   3/100 | Train Loss 1.7840 | Val Loss 1.7024 Acc 0.3026 AUC 0.8413 Pre 0.0432 Rec 0.1429
2026-08-23 09:19:15 | Epoch   4/100 | Train Loss 1.7004 | Val Loss 1.5540 Acc 0.3026 AUC 0.9160 Pre 0.0432 Rec 0.1429
2026-08-23 09:19:15 |   Val AUC improved to 0.9160, model saved
2026-08-23 09:19:15 | Epoch   5/100 | Train Loss 1.5415 | Val Loss 1.3966 Acc 0.5203 AUC 0.9440 Pre 0.5141 Rec 0.3469
2026-08-23 09:19:15 |   Val AUC improved to 0.9440, model saved
2026-08-23 09:19:15 | Epoch   6/100 | Train Loss 1.3681 | Val Loss 1.2271 Acc 0.7177 AUC 0.9554 Pre 0.5461 Rec 0.5692
2026-08-23 09:19:15 |   Val AUC improved to 0.9554, model saved
2026-08-23 09:19:15 | Epoch   7/100 | Train Loss 1.1827 | Val Loss 1.0334 Acc 0.7435 AUC 0.9602 Pre 0.5459 Rec 0.6030
2026-08-23 09:19:15 |   Val AUC improved to 0.9602, model saved
2026-08-23 09:19:15 | Epoch   8/100 | Train Loss 0.9736 | Val Loss 0.8588 Acc 0.7546 AUC 0.9619 Pre 0.8337 Rec 0.6201
2026-08-23 09:19:15 |   Val AUC improved to 0.9619, model saved
2026-08-23 09:19:15 | Epoch   9/100 | Train Loss 0.7813 | Val Loss 0.7360 Acc 0.7786 AUC 0.9641 Pre 0.8459 Rec 0.6608
2026-08-23 09:19:15 |   Val AUC improved to 0.9641, model saved
2026-08-23 09:19:15 | Epoch  10/100 | Train Loss 0.6349 | Val Loss 0.6497 Acc 0.7952 AUC 0.9669 Pre 0.8507 Rec 0.6876
2026-08-23 09:19:15 |   Val AUC improved to 0.9669, model saved
2026-08-23 09:19:15 | Epoch  11/100 | Train Loss 0.5249 | Val Loss 0.5900 Acc 0.8173 AUC 0.9691 Pre 0.8471 Rec 0.7371
2026-08-23 09:19:15 |   Val AUC improved to 0.9691, model saved
2026-08-23 09:19:15 | Epoch  12/100 | Train Loss 0.4377 | Val Loss 0.5536 Acc 0.8432 AUC 0.9712 Pre 0.8564 Rec 0.7941
2026-08-23 09:19:15 |   Val AUC improved to 0.9712, model saved
2026-08-23 09:19:15 | Epoch  13/100 | Train Loss 0.3642 | Val Loss 0.5297 Acc 0.8598 AUC 0.9730 Pre 0.8474 Rec 0.8318
2026-08-23 09:19:15 |   Val AUC improved to 0.9730, model saved
2026-08-23 09:19:15 | Epoch  14/100 | Train Loss 0.2997 | Val Loss 0.5337 Acc 0.8653 AUC 0.9739 Pre 0.8395 Rec 0.8463
2026-08-23 09:19:15 |   Val AUC improved to 0.9739, model saved
2026-08-23 09:19:15 | Epoch  15/100 | Train Loss 0.2553 | Val Loss 0.5662 Acc 0.8653 AUC 0.9742 Pre 0.8413 Rec 0.8510
2026-08-23 09:19:15 |   Val AUC improved to 0.9742, model saved
2026-08-23 09:19:15 | Epoch  16/100 | Train Loss 0.2313 | Val Loss 0.5996 Acc 0.8672 AUC 0.9741 Pre 0.8448 Rec 0.8519
2026-08-23 09:19:15 | Epoch  17/100 | Train Loss 0.2120 | Val Loss 0.6373 Acc 0.8653 AUC 0.9738 Pre 0.8439 Rec 0.8471
2026-08-23 09:19:15 | Epoch  18/100 | Train Loss 0.1850 | Val Loss 0.6891 Acc 0.8672 AUC 0.9738 Pre 0.8518 Rec 0.8468
2026-08-23 09:19:15 | Epoch  19/100 | Train Loss 0.1685 | Val Loss 0.7460 Acc 0.8598 AUC 0.9740 Pre 0.8569 Rec 0.8377
2026-08-23 09:19:15 | Epoch  20/100 | Train Loss 0.1521 | Val Loss 0.8070 Acc 0.8598 AUC 0.9738 Pre 0.8556 Rec 0.8378
2026-08-23 09:19:15 | Epoch  21/100 | Train Loss 0.1402 | Val Loss 0.8506 Acc 0.8561 AUC 0.9733 Pre 0.8470 Rec 0.8377
2026-08-23 09:19:15 | Epoch  22/100 | Train Loss 0.1223 | Val Loss 0.8942 Acc 0.8598 AUC 0.9727 Pre 0.8509 Rec 0.8421
2026-08-23 09:19:16 | Epoch  23/100 | Train Loss 0.1082 | Val Loss 0.9343 Acc 0.8635 AUC 0.9725 Pre 0.8568 Rec 0.8478
2026-08-23 09:19:16 | Epoch  24/100 | Train Loss 0.0967 | Val Loss 0.9696 Acc 0.8579 AUC 0.9721 Pre 0.8487 Rec 0.8432
2026-08-23 09:19:16 | Epoch  25/100 | Train Loss 0.0865 | Val Loss 0.9966 Acc 0.8579 AUC 0.9719 Pre 0.8479 Rec 0.8432
2026-08-23 09:19:16 | Val AUC did not improve for 10 consecutive epochs, early stopping at Epoch 25 (best AUC 0.9742 @ Epoch 15)
2026-08-23 09:19:16 | Run 10/10 | Test (best model @ Epoch 15) | Loss 0.5211 Acc 0.8708 AUC 0.9792 Pre 0.8545 Rec 0.8687
2026-08-23 09:19:16 | Average over 10 runs | Test Loss 0.5699±0.0460 Acc 0.8769±0.0060 AUC 0.9796±0.0006 Pre 0.8641±0.0074 Rec 0.8704±0.0069
2026-08-23 09:22:10 | Device: cuda
2026-08-23 09:22:10 | Args: {'model': 'dcvib', 'backbone': 'gnn', 'task': 'cora', 'epochs': 100, 'batch_size': 128, 'lr': 0.01, 'hidden_dims': [512, 256, 256], 'dropout': 0.2, 'z_dim': 256, 'beta': 0.001, 'patience': 10, 'runs': 5, 'seed': 0, 'data_dir': './data', 'save_path': 'output/cora_gnn_dcvib/cora_gnn_dcvib.pt', 'log_path': 'output/cora_gnn_dcvib/train_cora_gnn_dcvib.log'}
2026-08-23 09:22:12 | Cora 划分（60/20/20 分层）：train 1624 / val 542 / test 542（共 2708 节点，7 类）
2026-08-23 09:22:12 | ===== Run 1/5 (seed 0) =====
2026-08-23 09:22:13 | Epoch   1/100 | Train Loss 1.9473 | Val Loss 1.8881 Acc 0.3026 AUC 0.8234 Pre 0.0432 Rec 0.1429
2026-08-23 09:22:13 |   Val AUC improved to 0.8234, model saved
2026-08-23 09:22:13 | Epoch   2/100 | Train Loss 1.8879 | Val Loss 1.7751 Acc 0.3026 AUC 0.7698 Pre 0.0432 Rec 0.1429
2026-08-23 09:22:13 | Epoch   3/100 | Train Loss 1.7903 | Val Loss 1.6752 Acc 0.3026 AUC 0.9023 Pre 0.0432 Rec 0.1429
2026-08-23 09:22:13 |   Val AUC improved to 0.9023, model saved
2026-08-23 09:22:13 | Epoch   4/100 | Train Loss 1.6733 | Val Loss 1.5419 Acc 0.4317 AUC 0.9167 Pre 0.3258 Rec 0.2622
2026-08-23 09:22:13 |   Val AUC improved to 0.9167, model saved
2026-08-23 09:22:13 | Epoch   5/100 | Train Loss 1.5333 | Val Loss 1.3301 Acc 0.4649 AUC 0.9211 Pre 0.3096 Rec 0.2934
2026-08-23 09:22:13 |   Val AUC improved to 0.9211, model saved
2026-08-23 09:22:13 | Epoch   6/100 | Train Loss 1.3098 | Val Loss 1.1679 Acc 0.5387 AUC 0.9245 Pre 0.4026 Rec 0.3613
2026-08-23 09:22:13 |   Val AUC improved to 0.9245, model saved
2026-08-23 09:22:13 | Epoch   7/100 | Train Loss 1.1256 | Val Loss 1.0225 Acc 0.6033 AUC 0.9399 Pre 0.3733 Rec 0.4351
2026-08-23 09:22:13 |   Val AUC improved to 0.9399, model saved
2026-08-23 09:22:13 | Epoch   8/100 | Train Loss 0.9633 | Val Loss 0.9519 Acc 0.6310 AUC 0.9447 Pre 0.4164 Rec 0.4683
2026-08-23 09:22:13 |   Val AUC improved to 0.9447, model saved
2026-08-23 09:22:13 | Epoch   9/100 | Train Loss 0.8726 | Val Loss 0.8410 Acc 0.7417 AUC 0.9508 Pre 0.5315 Rec 0.6005
2026-08-23 09:22:13 |   Val AUC improved to 0.9508, model saved
2026-08-23 09:22:13 | Epoch  10/100 | Train Loss 0.7352 | Val Loss 0.8443 Acc 0.7159 AUC 0.9430 Pre 0.5477 Rec 0.5992
2026-08-23 09:22:13 | Epoch  11/100 | Train Loss 0.7052 | Val Loss 0.7735 Acc 0.7509 AUC 0.9560 Pre 0.5323 Rec 0.6148
2026-08-23 09:22:13 |   Val AUC improved to 0.9560, model saved
2026-08-23 09:22:13 | Epoch  12/100 | Train Loss 0.5820 | Val Loss 0.7988 Acc 0.7472 AUC 0.9572 Pre 0.5577 Rec 0.6155
2026-08-23 09:22:13 |   Val AUC improved to 0.9572, model saved
2026-08-23 09:22:13 | Epoch  13/100 | Train Loss 0.5381 | Val Loss 0.8255 Acc 0.7399 AUC 0.9565 Pre 0.7158 Rec 0.6191
2026-08-23 09:22:13 | Epoch  14/100 | Train Loss 0.4880 | Val Loss 0.8394 Acc 0.8155 AUC 0.9559 Pre 0.7797 Rec 0.7622
2026-08-23 09:22:13 | Epoch  15/100 | Train Loss 0.4245 | Val Loss 0.9073 Acc 0.8413 AUC 0.9578 Pre 0.8215 Rec 0.8127
2026-08-23 09:22:13 |   Val AUC improved to 0.9578, model saved
2026-08-23 09:22:13 | Epoch  16/100 | Train Loss 0.3989 | Val Loss 0.9224 Acc 0.8524 AUC 0.9598 Pre 0.8282 Rec 0.8344
2026-08-23 09:22:13 |   Val AUC improved to 0.9598, model saved
2026-08-23 09:22:13 | Epoch  17/100 | Train Loss 0.3467 | Val Loss 0.9973 Acc 0.8469 AUC 0.9617 Pre 0.8210 Rec 0.8321
2026-08-23 09:22:13 |   Val AUC improved to 0.9617, model saved
2026-08-23 09:22:13 | Epoch  18/100 | Train Loss 0.3190 | Val Loss 1.0641 Acc 0.8524 AUC 0.9631 Pre 0.8370 Rec 0.8368
2026-08-23 09:22:13 |   Val AUC improved to 0.9631, model saved
2026-08-23 09:22:13 | Epoch  19/100 | Train Loss 0.2926 | Val Loss 1.1144 Acc 0.8487 AUC 0.9638 Pre 0.8421 Rec 0.8330
2026-08-23 09:22:13 |   Val AUC improved to 0.9638, model saved
2026-08-23 09:22:13 | Epoch  20/100 | Train Loss 0.2717 | Val Loss 1.0924 Acc 0.8542 AUC 0.9650 Pre 0.8384 Rec 0.8428
2026-08-23 09:22:13 |   Val AUC improved to 0.9650, model saved
2026-08-23 09:22:13 | Epoch  21/100 | Train Loss 0.2555 | Val Loss 1.1802 Acc 0.8506 AUC 0.9645 Pre 0.8416 Rec 0.8345
2026-08-23 09:22:13 | Epoch  22/100 | Train Loss 0.2274 | Val Loss 1.2095 Acc 0.8542 AUC 0.9636 Pre 0.8519 Rec 0.8325
2026-08-23 09:22:13 | Epoch  23/100 | Train Loss 0.2325 | Val Loss 1.1146 Acc 0.8616 AUC 0.9655 Pre 0.8542 Rec 0.8429
2026-08-23 09:22:13 |   Val AUC improved to 0.9655, model saved
2026-08-23 09:22:13 | Epoch  24/100 | Train Loss 0.2203 | Val Loss 1.1105 Acc 0.8542 AUC 0.9670 Pre 0.8422 Rec 0.8402
2026-08-23 09:22:13 |   Val AUC improved to 0.9670, model saved
2026-08-23 09:22:13 | Epoch  25/100 | Train Loss 0.1797 | Val Loss 1.1792 Acc 0.8469 AUC 0.9664 Pre 0.8429 Rec 0.8292
2026-08-23 09:22:13 | Epoch  26/100 | Train Loss 0.1797 | Val Loss 1.1012 Acc 0.8561 AUC 0.9670 Pre 0.8440 Rec 0.8422
2026-08-23 09:22:13 |   Val AUC improved to 0.9670, model saved
2026-08-23 09:22:13 | Epoch  27/100 | Train Loss 0.1530 | Val Loss 1.0715 Acc 0.8598 AUC 0.9667 Pre 0.8525 Rec 0.8435
2026-08-23 09:22:13 | Epoch  28/100 | Train Loss 0.1702 | Val Loss 1.0744 Acc 0.8598 AUC 0.9665 Pre 0.8540 Rec 0.8404
2026-08-23 09:22:13 | Epoch  29/100 | Train Loss 0.1483 | Val Loss 1.0897 Acc 0.8579 AUC 0.9666 Pre 0.8526 Rec 0.8429
2026-08-23 09:22:13 | Epoch  30/100 | Train Loss 0.1399 | Val Loss 1.0998 Acc 0.8561 AUC 0.9665 Pre 0.8509 Rec 0.8388
2026-08-23 09:22:13 | Epoch  31/100 | Train Loss 0.1462 | Val Loss 1.0681 Acc 0.8579 AUC 0.9666 Pre 0.8523 Rec 0.8393
2026-08-23 09:22:13 | Epoch  32/100 | Train Loss 0.1190 | Val Loss 1.0380 Acc 0.8635 AUC 0.9663 Pre 0.8537 Rec 0.8466
2026-08-23 09:22:13 | Epoch  33/100 | Train Loss 0.1214 | Val Loss 1.0205 Acc 0.8616 AUC 0.9663 Pre 0.8490 Rec 0.8465
2026-08-23 09:22:13 | Epoch  34/100 | Train Loss 0.1199 | Val Loss 1.0271 Acc 0.8579 AUC 0.9668 Pre 0.8448 Rec 0.8432
2026-08-23 09:22:13 | Epoch  35/100 | Train Loss 0.1077 | Val Loss 1.0630 Acc 0.8561 AUC 0.9664 Pre 0.8466 Rec 0.8365
2026-08-23 09:22:13 | Epoch  36/100 | Train Loss 0.1097 | Val Loss 1.0746 Acc 0.8598 AUC 0.9660 Pre 0.8543 Rec 0.8394
2026-08-23 09:22:13 | Val AUC did not improve for 10 consecutive epochs, early stopping at Epoch 36 (best AUC 0.9670 @ Epoch 26)
2026-08-23 09:22:13 | Run 1/5 | Test (best model @ Epoch 26) | Loss 1.1019 Acc 0.8764 AUC 0.9706 Pre 0.8737 Rec 0.8834
2026-08-23 09:22:13 | ===== Run 2/5 (seed 1) =====
2026-08-23 09:22:13 | Epoch   1/100 | Train Loss 1.9366 | Val Loss 1.8806 Acc 0.3026 AUC 0.8306 Pre 0.0432 Rec 0.1429
2026-08-23 09:22:13 |   Val AUC improved to 0.8306, model saved
2026-08-23 09:22:13 | Epoch   2/100 | Train Loss 1.8801 | Val Loss 1.7791 Acc 0.3026 AUC 0.7567 Pre 0.0432 Rec 0.1429
2026-08-23 09:22:13 | Epoch   3/100 | Train Loss 1.7909 | Val Loss 1.6887 Acc 0.3026 AUC 0.8860 Pre 0.0432 Rec 0.1429
2026-08-23 09:22:13 |   Val AUC improved to 0.8860, model saved
2026-08-23 09:22:13 | Epoch   4/100 | Train Loss 1.6883 | Val Loss 1.5539 Acc 0.4059 AUC 0.9137 Pre 0.3288 Rec 0.2380
2026-08-23 09:22:13 |   Val AUC improved to 0.9137, model saved
2026-08-23 09:22:13 | Epoch   5/100 | Train Loss 1.5514 | Val Loss 1.3436 Acc 0.4225 AUC 0.9134 Pre 0.1860 Rec 0.2534
2026-08-23 09:22:13 | Epoch   6/100 | Train Loss 1.3298 | Val Loss 1.1895 Acc 0.4889 AUC 0.9151 Pre 0.4361 Rec 0.3149
2026-08-23 09:22:13 |   Val AUC improved to 0.9151, model saved
2026-08-23 09:22:13 | Epoch   7/100 | Train Loss 1.1553 | Val Loss 1.0332 Acc 0.6255 AUC 0.9363 Pre 0.4762 Rec 0.4595
2026-08-23 09:22:13 |   Val AUC improved to 0.9363, model saved
2026-08-23 09:22:13 | Epoch   8/100 | Train Loss 1.0016 | Val Loss 0.9755 Acc 0.6605 AUC 0.9482 Pre 0.5066 Rec 0.5166
2026-08-23 09:22:13 |   Val AUC improved to 0.9482, model saved
2026-08-23 09:22:13 | Epoch   9/100 | Train Loss 0.9323 | Val Loss 0.8794 Acc 0.7251 AUC 0.9540 Pre 0.5567 Rec 0.5824
2026-08-23 09:22:13 |   Val AUC improved to 0.9540, model saved
2026-08-23 09:22:13 | Epoch  10/100 | Train Loss 0.8181 | Val Loss 0.8454 Acc 0.7325 AUC 0.9541 Pre 0.5706 Rec 0.5935
2026-08-23 09:22:13 |   Val AUC improved to 0.9541, model saved
2026-08-23 09:22:13 | Epoch  11/100 | Train Loss 0.7443 | Val Loss 0.7879 Acc 0.7399 AUC 0.9564 Pre 0.5591 Rec 0.6079
2026-08-23 09:22:13 |   Val AUC improved to 0.9564, model saved
2026-08-23 09:22:13 | Epoch  12/100 | Train Loss 0.6615 | Val Loss 0.7057 Acc 0.7804 AUC 0.9615 Pre 0.8382 Rec 0.6762
2026-08-23 09:22:13 |   Val AUC improved to 0.9615, model saved
2026-08-23 09:22:13 | Epoch  13/100 | Train Loss 0.5448 | Val Loss 0.6886 Acc 0.8081 AUC 0.9632 Pre 0.8190 Rec 0.7285
2026-08-23 09:22:13 |   Val AUC improved to 0.9632, model saved
2026-08-23 09:22:13 | Epoch  14/100 | Train Loss 0.4561 | Val Loss 0.7278 Acc 0.8432 AUC 0.9624 Pre 0.8329 Rec 0.8102
2026-08-23 09:22:13 | Epoch  15/100 | Train Loss 0.4155 | Val Loss 0.7333 Acc 0.8506 AUC 0.9649 Pre 0.8370 Rec 0.8258
2026-08-23 09:22:13 |   Val AUC improved to 0.9649, model saved
2026-08-23 09:22:13 | Epoch  16/100 | Train Loss 0.3510 | Val Loss 0.7676 Acc 0.8579 AUC 0.9694 Pre 0.8294 Rec 0.8413
2026-08-23 09:22:13 |   Val AUC improved to 0.9694, model saved
2026-08-23 09:22:13 | Epoch  17/100 | Train Loss 0.2992 | Val Loss 0.8331 Acc 0.8413 AUC 0.9700 Pre 0.8195 Rec 0.8299
2026-08-23 09:22:13 |   Val AUC improved to 0.9700, model saved
2026-08-23 09:22:13 | Epoch  18/100 | Train Loss 0.2821 | Val Loss 0.9359 Acc 0.8579 AUC 0.9683 Pre 0.8521 Rec 0.8393
2026-08-23 09:22:13 | Epoch  19/100 | Train Loss 0.2661 | Val Loss 0.9721 Acc 0.8413 AUC 0.9685 Pre 0.8263 Rec 0.8385
2026-08-23 09:22:13 | Epoch  20/100 | Train Loss 0.2857 | Val Loss 1.1185 Acc 0.8450 AUC 0.9671 Pre 0.8369 Rec 0.8320
2026-08-23 09:22:13 | Epoch  21/100 | Train Loss 0.2488 | Val Loss 1.1400 Acc 0.8506 AUC 0.9660 Pre 0.8481 Rec 0.8337
2026-08-23 09:22:13 | Epoch  22/100 | Train Loss 0.2199 | Val Loss 1.0609 Acc 0.8542 AUC 0.9671 Pre 0.8396 Rec 0.8464
2026-08-23 09:22:13 | Epoch  23/100 | Train Loss 0.2127 | Val Loss 1.0808 Acc 0.8635 AUC 0.9672 Pre 0.8520 Rec 0.8461
2026-08-23 09:22:13 | Epoch  24/100 | Train Loss 0.1867 | Val Loss 1.1700 Acc 0.8598 AUC 0.9662 Pre 0.8541 Rec 0.8381
2026-08-23 09:22:13 | Epoch  25/100 | Train Loss 0.1781 | Val Loss 1.1312 Acc 0.8616 AUC 0.9670 Pre 0.8519 Rec 0.8437
2026-08-23 09:22:13 | Epoch  26/100 | Train Loss 0.1713 | Val Loss 1.0568 Acc 0.8708 AUC 0.9676 Pre 0.8602 Rec 0.8527
2026-08-23 09:22:13 | Epoch  27/100 | Train Loss 0.1545 | Val Loss 1.0588 Acc 0.8635 AUC 0.9675 Pre 0.8567 Rec 0.8411
2026-08-23 09:22:13 | Val AUC did not improve for 10 consecutive epochs, early stopping at Epoch 27 (best AUC 0.9700 @ Epoch 17)
2026-08-23 09:22:13 | Run 2/5 | Test (best model @ Epoch 17) | Loss 0.7920 Acc 0.8764 AUC 0.9744 Pre 0.8590 Rec 0.8732
2026-08-23 09:22:13 | ===== Run 3/5 (seed 2) =====
2026-08-23 09:22:13 | Epoch   1/100 | Train Loss 1.9455 | Val Loss 1.9013 Acc 0.3026 AUC 0.8488 Pre 0.0432 Rec 0.1429
2026-08-23 09:22:14 |   Val AUC improved to 0.8488, model saved
2026-08-23 09:22:14 | Epoch   2/100 | Train Loss 1.9011 | Val Loss 1.7603 Acc 0.3026 AUC 0.7829 Pre 0.0432 Rec 0.1429
2026-08-23 09:22:14 | Epoch   3/100 | Train Loss 1.7669 | Val Loss 1.6092 Acc 0.3026 AUC 0.8607 Pre 0.0432 Rec 0.1429
2026-08-23 09:22:14 |   Val AUC improved to 0.8607, model saved
2026-08-23 09:22:14 | Epoch   4/100 | Train Loss 1.6175 | Val Loss 1.4768 Acc 0.5461 AUC 0.9170 Pre 0.4309 Rec 0.3687
2026-08-23 09:22:14 |   Val AUC improved to 0.9170, model saved
2026-08-23 09:22:14 | Epoch   5/100 | Train Loss 1.4670 | Val Loss 1.2336 Acc 0.5517 AUC 0.9320 Pre 0.4219 Rec 0.3741
2026-08-23 09:22:14 |   Val AUC improved to 0.9320, model saved
2026-08-23 09:22:14 | Epoch   6/100 | Train Loss 1.2126 | Val Loss 1.0752 Acc 0.5277 AUC 0.9312 Pre 0.3597 Rec 0.3530
2026-08-23 09:22:14 | Epoch   7/100 | Train Loss 1.0277 | Val Loss 0.9238 Acc 0.6513 AUC 0.9458 Pre 0.3724 Rec 0.4896
2026-08-23 09:22:14 |   Val AUC improved to 0.9458, model saved
2026-08-23 09:22:14 | Epoch   8/100 | Train Loss 0.8655 | Val Loss 0.8546 Acc 0.6624 AUC 0.9500 Pre 0.5335 Rec 0.5153
2026-08-23 09:22:14 |   Val AUC improved to 0.9500, model saved
2026-08-23 09:22:14 | Epoch   9/100 | Train Loss 0.7791 | Val Loss 0.8388 Acc 0.6919 AUC 0.9502 Pre 0.5552 Rec 0.5543
2026-08-23 09:22:14 |   Val AUC improved to 0.9502, model saved
2026-08-23 09:22:14 | Epoch  10/100 | Train Loss 0.7371 | Val Loss 0.7974 Acc 0.7454 AUC 0.9577 Pre 0.5193 Rec 0.6064
2026-08-23 09:22:14 |   Val AUC improved to 0.9577, model saved
2026-08-23 09:22:14 | Epoch  11/100 | Train Loss 0.6362 | Val Loss 0.7885 Acc 0.7565 AUC 0.9596 Pre 0.5404 Rec 0.6231
2026-08-23 09:22:14 |   Val AUC improved to 0.9596, model saved
2026-08-23 09:22:14 | Epoch  12/100 | Train Loss 0.5692 | Val Loss 0.7861 Acc 0.7528 AUC 0.9592 Pre 0.6878 Rec 0.6246
2026-08-23 09:22:14 | Epoch  13/100 | Train Loss 0.5043 | Val Loss 0.8093 Acc 0.7638 AUC 0.9577 Pre 0.7767 Rec 0.6499
2026-08-23 09:22:14 | Epoch  14/100 | Train Loss 0.4472 | Val Loss 0.8519 Acc 0.8303 AUC 0.9585 Pre 0.8052 Rec 0.7987
2026-08-23 09:22:14 | Epoch  15/100 | Train Loss 0.3780 | Val Loss 0.9429 Acc 0.8284 AUC 0.9599 Pre 0.8084 Rec 0.7870
2026-08-23 09:22:14 |   Val AUC improved to 0.9599, model saved
2026-08-23 09:22:14 | Epoch  16/100 | Train Loss 0.3446 | Val Loss 0.9939 Acc 0.8395 AUC 0.9607 Pre 0.8258 Rec 0.8059
2026-08-23 09:22:14 |   Val AUC improved to 0.9607, model saved
2026-08-23 09:22:14 | Epoch  17/100 | Train Loss 0.3219 | Val Loss 1.0455 Acc 0.8524 AUC 0.9622 Pre 0.8297 Rec 0.8402
2026-08-23 09:22:14 |   Val AUC improved to 0.9622, model saved
2026-08-23 09:22:14 | Epoch  18/100 | Train Loss 0.2796 | Val Loss 1.1813 Acc 0.8432 AUC 0.9617 Pre 0.8184 Rec 0.8226
2026-08-23 09:22:14 | Epoch  19/100 | Train Loss 0.2777 | Val Loss 1.2033 Acc 0.8450 AUC 0.9616 Pre 0.8324 Rec 0.8264
2026-08-23 09:22:14 | Epoch  20/100 | Train Loss 0.2465 | Val Loss 1.2225 Acc 0.8450 AUC 0.9614 Pre 0.8319 Rec 0.8285
2026-08-23 09:22:14 | Epoch  21/100 | Train Loss 0.2278 | Val Loss 1.2888 Acc 0.8432 AUC 0.9628 Pre 0.8313 Rec 0.8264
2026-08-23 09:22:14 |   Val AUC improved to 0.9628, model saved
2026-08-23 09:22:14 | Epoch  22/100 | Train Loss 0.2052 | Val Loss 1.2960 Acc 0.8432 AUC 0.9631 Pre 0.8337 Rec 0.8292
2026-08-23 09:22:14 |   Val AUC improved to 0.9631, model saved
2026-08-23 09:22:14 | Epoch  23/100 | Train Loss 0.2048 | Val Loss 1.2156 Acc 0.8579 AUC 0.9636 Pre 0.8441 Rec 0.8409
2026-08-23 09:22:14 |   Val AUC improved to 0.9636, model saved
2026-08-23 09:22:14 | Epoch  24/100 | Train Loss 0.1873 | Val Loss 1.2676 Acc 0.8542 AUC 0.9640 Pre 0.8505 Rec 0.8308
2026-08-23 09:22:14 |   Val AUC improved to 0.9640, model saved
2026-08-23 09:22:14 | Epoch  25/100 | Train Loss 0.1813 | Val Loss 1.2297 Acc 0.8561 AUC 0.9657 Pre 0.8470 Rec 0.8354
2026-08-23 09:22:14 |   Val AUC improved to 0.9657, model saved
2026-08-23 09:22:14 | Epoch  26/100 | Train Loss 0.1539 | Val Loss 1.2060 Acc 0.8524 AUC 0.9652 Pre 0.8367 Rec 0.8280
2026-08-23 09:22:14 | Epoch  27/100 | Train Loss 0.1516 | Val Loss 1.2388 Acc 0.8506 AUC 0.9638 Pre 0.8437 Rec 0.8248
2026-08-23 09:22:14 | Epoch  28/100 | Train Loss 0.1593 | Val Loss 1.2496 Acc 0.8561 AUC 0.9647 Pre 0.8442 Rec 0.8335
2026-08-23 09:22:14 | Epoch  29/100 | Train Loss 0.1369 | Val Loss 1.2466 Acc 0.8506 AUC 0.9654 Pre 0.8382 Rec 0.8342
2026-08-23 09:22:14 | Epoch  30/100 | Train Loss 0.1400 | Val Loss 1.2063 Acc 0.8561 AUC 0.9656 Pre 0.8451 Rec 0.8337
2026-08-23 09:22:14 | Epoch  31/100 | Train Loss 0.1050 | Val Loss 1.2104 Acc 0.8561 AUC 0.9650 Pre 0.8484 Rec 0.8322
2026-08-23 09:22:14 | Epoch  32/100 | Train Loss 0.1319 | Val Loss 1.1903 Acc 0.8579 AUC 0.9654 Pre 0.8454 Rec 0.8345
2026-08-23 09:22:14 | Epoch  33/100 | Train Loss 0.1087 | Val Loss 1.2060 Acc 0.8579 AUC 0.9657 Pre 0.8478 Rec 0.8369
2026-08-23 09:22:14 |   Val AUC improved to 0.9657, model saved
2026-08-23 09:22:14 | Epoch  34/100 | Train Loss 0.1159 | Val Loss 1.2108 Acc 0.8542 AUC 0.9657 Pre 0.8427 Rec 0.8351
2026-08-23 09:22:14 | Epoch  35/100 | Train Loss 0.1103 | Val Loss 1.2061 Acc 0.8579 AUC 0.9649 Pre 0.8466 Rec 0.8375
2026-08-23 09:22:14 | Epoch  36/100 | Train Loss 0.0924 | Val Loss 1.2007 Acc 0.8616 AUC 0.9642 Pre 0.8494 Rec 0.8389
2026-08-23 09:22:14 | Epoch  37/100 | Train Loss 0.1001 | Val Loss 1.1788 Acc 0.8561 AUC 0.9645 Pre 0.8420 Rec 0.8346
2026-08-23 09:22:14 | Epoch  38/100 | Train Loss 0.0951 | Val Loss 1.1752 Acc 0.8561 AUC 0.9652 Pre 0.8432 Rec 0.8366
2026-08-23 09:22:14 | Epoch  39/100 | Train Loss 0.0868 | Val Loss 1.1881 Acc 0.8561 AUC 0.9658 Pre 0.8446 Rec 0.8400
2026-08-23 09:22:14 |   Val AUC improved to 0.9658, model saved
2026-08-23 09:22:14 | Epoch  40/100 | Train Loss 0.0829 | Val Loss 1.1971 Acc 0.8506 AUC 0.9660 Pre 0.8395 Rec 0.8323
2026-08-23 09:22:14 |   Val AUC improved to 0.9660, model saved
2026-08-23 09:22:14 | Epoch  41/100 | Train Loss 0.0817 | Val Loss 1.1858 Acc 0.8561 AUC 0.9657 Pre 0.8442 Rec 0.8377
2026-08-23 09:22:14 | Epoch  42/100 | Train Loss 0.0757 | Val Loss 1.1932 Acc 0.8524 AUC 0.9652 Pre 0.8423 Rec 0.8314
2026-08-23 09:22:14 | Epoch  43/100 | Train Loss 0.0737 | Val Loss 1.2283 Acc 0.8506 AUC 0.9646 Pre 0.8417 Rec 0.8278
2026-08-23 09:22:14 | Epoch  44/100 | Train Loss 0.0760 | Val Loss 1.2542 Acc 0.8487 AUC 0.9646 Pre 0.8379 Rec 0.8261
2026-08-23 09:22:14 | Epoch  45/100 | Train Loss 0.0670 | Val Loss 1.2699 Acc 0.8450 AUC 0.9649 Pre 0.8339 Rec 0.8251
2026-08-23 09:22:14 | Epoch  46/100 | Train Loss 0.0633 | Val Loss 1.2861 Acc 0.8450 AUC 0.9650 Pre 0.8323 Rec 0.8273
2026-08-23 09:22:14 | Epoch  47/100 | Train Loss 0.0614 | Val Loss 1.3059 Acc 0.8432 AUC 0.9649 Pre 0.8281 Rec 0.8225
2026-08-23 09:22:14 | Epoch  48/100 | Train Loss 0.0617 | Val Loss 1.3322 Acc 0.8469 AUC 0.9648 Pre 0.8336 Rec 0.8246
2026-08-23 09:22:14 | Epoch  49/100 | Train Loss 0.0610 | Val Loss 1.3553 Acc 0.8469 AUC 0.9647 Pre 0.8336 Rec 0.8246
2026-08-23 09:22:14 | Epoch  50/100 | Train Loss 0.0563 | Val Loss 1.3920 Acc 0.8506 AUC 0.9646 Pre 0.8401 Rec 0.8285
2026-08-23 09:22:14 | Val AUC did not improve for 10 consecutive epochs, early stopping at Epoch 50 (best AUC 0.9660 @ Epoch 40)
2026-08-23 09:22:14 | Run 3/5 | Test (best model @ Epoch 40) | Loss 1.1687 Acc 0.8708 AUC 0.9674 Pre 0.8674 Rec 0.8786
2026-08-23 09:22:14 | ===== Run 4/5 (seed 3) =====
2026-08-23 09:22:14 | Epoch   1/100 | Train Loss 1.9543 | Val Loss 1.8938 Acc 0.3026 AUC 0.8270 Pre 0.0432 Rec 0.1429
2026-08-23 09:22:14 |   Val AUC improved to 0.8270, model saved
2026-08-23 09:22:14 | Epoch   2/100 | Train Loss 1.8935 | Val Loss 1.7747 Acc 0.3026 AUC 0.7649 Pre 0.0432 Rec 0.1429
2026-08-23 09:22:14 | Epoch   3/100 | Train Loss 1.7884 | Val Loss 1.6744 Acc 0.3026 AUC 0.8788 Pre 0.0432 Rec 0.1429
2026-08-23 09:22:14 |   Val AUC improved to 0.8788, model saved
2026-08-23 09:22:14 | Epoch   4/100 | Train Loss 1.6749 | Val Loss 1.5314 Acc 0.3967 AUC 0.9096 Pre 0.1906 Rec 0.2296
2026-08-23 09:22:14 |   Val AUC improved to 0.9096, model saved
2026-08-23 09:22:14 | Epoch   5/100 | Train Loss 1.5282 | Val Loss 1.3423 Acc 0.4225 AUC 0.9075 Pre 0.1841 Rec 0.2534
2026-08-23 09:22:14 | Epoch   6/100 | Train Loss 1.3270 | Val Loss 1.1646 Acc 0.5018 AUC 0.9164 Pre 0.3096 Rec 0.3260
2026-08-23 09:22:14 |   Val AUC improved to 0.9164, model saved
2026-08-23 09:22:14 | Epoch   7/100 | Train Loss 1.1326 | Val Loss 1.0404 Acc 0.5996 AUC 0.9320 Pre 0.3989 Rec 0.4317
2026-08-23 09:22:14 |   Val AUC improved to 0.9320, model saved
2026-08-23 09:22:14 | Epoch   8/100 | Train Loss 1.0084 | Val Loss 0.9599 Acc 0.6808 AUC 0.9380 Pre 0.4811 Rec 0.5326
2026-08-23 09:22:14 |   Val AUC improved to 0.9380, model saved
2026-08-23 09:22:14 | Epoch   9/100 | Train Loss 0.9111 | Val Loss 0.8928 Acc 0.7269 AUC 0.9403 Pre 0.5179 Rec 0.5851
2026-08-23 09:22:14 |   Val AUC improved to 0.9403, model saved
2026-08-23 09:22:14 | Epoch  10/100 | Train Loss 0.8209 | Val Loss 0.8744 Acc 0.7399 AUC 0.9384 Pre 0.5551 Rec 0.6001
2026-08-23 09:22:14 | Epoch  11/100 | Train Loss 0.7729 | Val Loss 0.8342 Acc 0.7435 AUC 0.9418 Pre 0.5313 Rec 0.6116
2026-08-23 09:22:14 |   Val AUC improved to 0.9418, model saved
2026-08-23 09:22:14 | Epoch  12/100 | Train Loss 0.6932 | Val Loss 0.7926 Acc 0.7546 AUC 0.9494 Pre 0.6865 Rec 0.6221
2026-08-23 09:22:14 |   Val AUC improved to 0.9494, model saved
2026-08-23 09:22:14 | Epoch  13/100 | Train Loss 0.6076 | Val Loss 0.7960 Acc 0.7472 AUC 0.9532 Pre 0.6287 Rec 0.6189
2026-08-23 09:22:14 |   Val AUC improved to 0.9532, model saved
2026-08-23 09:22:14 | Epoch  14/100 | Train Loss 0.5561 | Val Loss 0.8105 Acc 0.7601 AUC 0.9547 Pre 0.6319 Rec 0.6442
2026-08-23 09:22:14 |   Val AUC improved to 0.9547, model saved
2026-08-23 09:22:14 | Epoch  15/100 | Train Loss 0.4709 | Val Loss 0.8694 Acc 0.7915 AUC 0.9555 Pre 0.6591 Rec 0.7040
2026-08-23 09:22:14 |   Val AUC improved to 0.9555, model saved
2026-08-23 09:22:14 | Epoch  16/100 | Train Loss 0.4305 | Val Loss 0.9366 Acc 0.8100 AUC 0.9573 Pre 0.7968 Rec 0.7524
2026-08-23 09:22:14 |   Val AUC improved to 0.9573, model saved
2026-08-23 09:22:14 | Epoch  17/100 | Train Loss 0.3943 | Val Loss 1.1226 Acc 0.8155 AUC 0.9577 Pre 0.7828 Rec 0.7626
2026-08-23 09:22:14 |   Val AUC improved to 0.9577, model saved
2026-08-23 09:22:14 | Epoch  18/100 | Train Loss 0.4404 | Val Loss 0.9965 Acc 0.8376 AUC 0.9602 Pre 0.7982 Rec 0.8082
2026-08-23 09:22:14 |   Val AUC improved to 0.9602, model saved
2026-08-23 09:22:14 | Epoch  19/100 | Train Loss 0.3361 | Val Loss 1.0448 Acc 0.8413 AUC 0.9596 Pre 0.8091 Rec 0.8158
2026-08-23 09:22:14 | Epoch  20/100 | Train Loss 0.3317 | Val Loss 1.1638 Acc 0.8395 AUC 0.9609 Pre 0.8225 Rec 0.8140
2026-08-23 09:22:14 |   Val AUC improved to 0.9609, model saved
2026-08-23 09:22:15 | Epoch  21/100 | Train Loss 0.3107 | Val Loss 1.1171 Acc 0.8598 AUC 0.9637 Pre 0.8399 Rec 0.8418
2026-08-23 09:22:15 |   Val AUC improved to 0.9637, model saved
2026-08-23 09:22:15 | Epoch  22/100 | Train Loss 0.2618 | Val Loss 1.0776 Acc 0.8542 AUC 0.9650 Pre 0.8311 Rec 0.8372
2026-08-23 09:22:15 |   Val AUC improved to 0.9650, model saved
2026-08-23 09:22:15 | Epoch  23/100 | Train Loss 0.2456 | Val Loss 1.0827 Acc 0.8542 AUC 0.9639 Pre 0.8480 Rec 0.8297
2026-08-23 09:22:15 | Epoch  24/100 | Train Loss 0.2339 | Val Loss 1.1068 Acc 0.8635 AUC 0.9638 Pre 0.8605 Rec 0.8372
2026-08-23 09:22:15 | Epoch  25/100 | Train Loss 0.2081 | Val Loss 1.0854 Acc 0.8598 AUC 0.9652 Pre 0.8452 Rec 0.8402
2026-08-23 09:22:15 |   Val AUC improved to 0.9652, model saved
2026-08-23 09:22:15 | Epoch  26/100 | Train Loss 0.1909 | Val Loss 1.0363 Acc 0.8598 AUC 0.9658 Pre 0.8438 Rec 0.8398
2026-08-23 09:22:15 |   Val AUC improved to 0.9658, model saved
2026-08-23 09:22:15 | Epoch  27/100 | Train Loss 0.1679 | Val Loss 1.0135 Acc 0.8579 AUC 0.9654 Pre 0.8425 Rec 0.8366
2026-08-23 09:22:15 | Epoch  28/100 | Train Loss 0.1761 | Val Loss 1.0155 Acc 0.8635 AUC 0.9664 Pre 0.8501 Rec 0.8415
2026-08-23 09:22:15 |   Val AUC improved to 0.9664, model saved
2026-08-23 09:22:15 | Epoch  29/100 | Train Loss 0.1569 | Val Loss 1.0358 Acc 0.8635 AUC 0.9669 Pre 0.8503 Rec 0.8442
2026-08-23 09:22:15 |   Val AUC improved to 0.9669, model saved
2026-08-23 09:22:15 | Epoch  30/100 | Train Loss 0.1469 | Val Loss 1.0450 Acc 0.8653 AUC 0.9668 Pre 0.8586 Rec 0.8420
2026-08-23 09:22:15 | Epoch  31/100 | Train Loss 0.1369 | Val Loss 1.0167 Acc 0.8653 AUC 0.9669 Pre 0.8574 Rec 0.8439
2026-08-23 09:22:15 | Epoch  32/100 | Train Loss 0.1267 | Val Loss 1.0070 Acc 0.8672 AUC 0.9664 Pre 0.8597 Rec 0.8481
2026-08-23 09:22:15 | Epoch  33/100 | Train Loss 0.1261 | Val Loss 1.0133 Acc 0.8690 AUC 0.9664 Pre 0.8557 Rec 0.8496
2026-08-23 09:22:15 | Epoch  34/100 | Train Loss 0.1168 | Val Loss 1.0348 Acc 0.8653 AUC 0.9665 Pre 0.8496 Rec 0.8467
2026-08-23 09:22:15 | Epoch  35/100 | Train Loss 0.1100 | Val Loss 1.0464 Acc 0.8598 AUC 0.9666 Pre 0.8476 Rec 0.8398
2026-08-23 09:22:15 | Epoch  36/100 | Train Loss 0.1137 | Val Loss 1.0164 Acc 0.8616 AUC 0.9670 Pre 0.8472 Rec 0.8422
2026-08-23 09:22:15 |   Val AUC improved to 0.9670, model saved
2026-08-23 09:22:15 | Epoch  37/100 | Train Loss 0.0996 | Val Loss 1.0042 Acc 0.8616 AUC 0.9668 Pre 0.8481 Rec 0.8415
2026-08-23 09:22:15 | Epoch  38/100 | Train Loss 0.0978 | Val Loss 1.0110 Acc 0.8672 AUC 0.9667 Pre 0.8593 Rec 0.8468
2026-08-23 09:22:15 | Epoch  39/100 | Train Loss 0.0959 | Val Loss 1.0335 Acc 0.8616 AUC 0.9668 Pre 0.8486 Rec 0.8420
2026-08-23 09:22:15 | Epoch  40/100 | Train Loss 0.0841 | Val Loss 1.0550 Acc 0.8579 AUC 0.9668 Pre 0.8411 Rec 0.8403
2026-08-23 09:22:15 | Epoch  41/100 | Train Loss 0.0876 | Val Loss 1.0632 Acc 0.8579 AUC 0.9667 Pre 0.8426 Rec 0.8386
2026-08-23 09:22:15 | Epoch  42/100 | Train Loss 0.0882 | Val Loss 1.0644 Acc 0.8598 AUC 0.9668 Pre 0.8474 Rec 0.8410
2026-08-23 09:22:15 | Epoch  43/100 | Train Loss 0.0781 | Val Loss 1.0656 Acc 0.8579 AUC 0.9666 Pre 0.8458 Rec 0.8401
2026-08-23 09:22:15 | Epoch  44/100 | Train Loss 0.0759 | Val Loss 1.0811 Acc 0.8561 AUC 0.9664 Pre 0.8430 Rec 0.8384
2026-08-23 09:22:15 | Epoch  45/100 | Train Loss 0.0782 | Val Loss 1.1103 Acc 0.8524 AUC 0.9664 Pre 0.8348 Rec 0.8336
2026-08-23 09:22:15 | Epoch  46/100 | Train Loss 0.0719 | Val Loss 1.1466 Acc 0.8524 AUC 0.9663 Pre 0.8342 Rec 0.8336
2026-08-23 09:22:15 | Val AUC did not improve for 10 consecutive epochs, early stopping at Epoch 46 (best AUC 0.9670 @ Epoch 36)
2026-08-23 09:22:15 | Run 4/5 | Test (best model @ Epoch 36) | Loss 1.0271 Acc 0.8690 AUC 0.9681 Pre 0.8579 Rec 0.8709
2026-08-23 09:22:15 | ===== Run 5/5 (seed 4) =====
2026-08-23 09:22:15 | Epoch   1/100 | Train Loss 1.9375 | Val Loss 1.8909 Acc 0.3026 AUC 0.8299 Pre 0.0432 Rec 0.1429
2026-08-23 09:22:15 |   Val AUC improved to 0.8299, model saved
2026-08-23 09:22:15 | Epoch   2/100 | Train Loss 1.8906 | Val Loss 1.7601 Acc 0.3026 AUC 0.7989 Pre 0.0432 Rec 0.1429
2026-08-23 09:22:15 | Epoch   3/100 | Train Loss 1.7675 | Val Loss 1.6002 Acc 0.3026 AUC 0.8861 Pre 0.0432 Rec 0.1429
2026-08-23 09:22:15 |   Val AUC improved to 0.8861, model saved
2026-08-23 09:22:15 | Epoch   4/100 | Train Loss 1.6024 | Val Loss 1.3977 Acc 0.4207 AUC 0.9206 Pre 0.1858 Rec 0.2517
2026-08-23 09:22:15 |   Val AUC improved to 0.9206, model saved
2026-08-23 09:22:15 | Epoch   5/100 | Train Loss 1.3882 | Val Loss 1.1727 Acc 0.5498 AUC 0.9302 Pre 0.4367 Rec 0.3811
2026-08-23 09:22:15 |   Val AUC improved to 0.9302, model saved
2026-08-23 09:22:15 | Epoch   6/100 | Train Loss 1.1464 | Val Loss 0.9901 Acc 0.6716 AUC 0.9372 Pre 0.4689 Rec 0.5192
2026-08-23 09:22:15 |   Val AUC improved to 0.9372, model saved
2026-08-23 09:22:15 | Epoch   7/100 | Train Loss 0.9516 | Val Loss 0.8985 Acc 0.7048 AUC 0.9463 Pre 0.4969 Rec 0.5579
2026-08-23 09:22:15 |   Val AUC improved to 0.9463, model saved
2026-08-23 09:22:15 | Epoch   8/100 | Train Loss 0.8343 | Val Loss 0.8072 Acc 0.7565 AUC 0.9545 Pre 0.5322 Rec 0.6235
2026-08-23 09:22:15 |   Val AUC improved to 0.9545, model saved
2026-08-23 09:22:15 | Epoch   9/100 | Train Loss 0.7212 | Val Loss 0.7821 Acc 0.7380 AUC 0.9564 Pre 0.5293 Rec 0.6177
2026-08-23 09:22:15 |   Val AUC improved to 0.9564, model saved
2026-08-23 09:22:15 | Epoch  10/100 | Train Loss 0.6775 | Val Loss 0.7658 Acc 0.7601 AUC 0.9600 Pre 0.5411 Rec 0.6285
2026-08-23 09:22:15 |   Val AUC improved to 0.9600, model saved
2026-08-23 09:22:15 | Epoch  11/100 | Train Loss 0.5891 | Val Loss 0.7679 Acc 0.7583 AUC 0.9597 Pre 0.5449 Rec 0.6256
2026-08-23 09:22:15 | Epoch  12/100 | Train Loss 0.5111 | Val Loss 0.7886 Acc 0.7970 AUC 0.9574 Pre 0.7270 Rec 0.7180
2026-08-23 09:22:15 | Epoch  13/100 | Train Loss 0.4582 | Val Loss 0.8646 Acc 0.8376 AUC 0.9561 Pre 0.8123 Rec 0.8199
2026-08-23 09:22:15 | Epoch  14/100 | Train Loss 0.4366 | Val Loss 0.9330 Acc 0.8266 AUC 0.9599 Pre 0.8093 Rec 0.7952
2026-08-23 09:22:15 | Epoch  15/100 | Train Loss 0.4287 | Val Loss 0.9207 Acc 0.8266 AUC 0.9618 Pre 0.7916 Rec 0.7995
2026-08-23 09:22:15 |   Val AUC improved to 0.9618, model saved
2026-08-23 09:22:15 | Epoch  16/100 | Train Loss 0.3279 | Val Loss 1.0058 Acc 0.8413 AUC 0.9610 Pre 0.8187 Rec 0.8071
2026-08-23 09:22:15 | Epoch  17/100 | Train Loss 0.3432 | Val Loss 0.9889 Acc 0.8561 AUC 0.9642 Pre 0.8333 Rec 0.8281
2026-08-23 09:22:15 |   Val AUC improved to 0.9642, model saved
2026-08-23 09:22:15 | Epoch  18/100 | Train Loss 0.2640 | Val Loss 1.0125 Acc 0.8487 AUC 0.9663 Pre 0.8315 Rec 0.8345
2026-08-23 09:22:15 |   Val AUC improved to 0.9663, model saved
2026-08-23 09:22:15 | Epoch  19/100 | Train Loss 0.2480 | Val Loss 1.0295 Acc 0.8524 AUC 0.9671 Pre 0.8361 Rec 0.8416
2026-08-23 09:22:15 |   Val AUC improved to 0.9671, model saved
2026-08-23 09:22:15 | Epoch  20/100 | Train Loss 0.2371 | Val Loss 1.0020 Acc 0.8542 AUC 0.9670 Pre 0.8442 Rec 0.8348
2026-08-23 09:22:15 | Epoch  21/100 | Train Loss 0.2087 | Val Loss 0.9895 Acc 0.8616 AUC 0.9679 Pre 0.8483 Rec 0.8432
2026-08-23 09:22:15 |   Val AUC improved to 0.9679, model saved
2026-08-23 09:22:15 | Epoch  22/100 | Train Loss 0.1926 | Val Loss 0.9897 Acc 0.8672 AUC 0.9689 Pre 0.8624 Rec 0.8563
2026-08-23 09:22:15 |   Val AUC improved to 0.9689, model saved
2026-08-23 09:22:15 | Epoch  23/100 | Train Loss 0.1695 | Val Loss 1.0083 Acc 0.8598 AUC 0.9685 Pre 0.8555 Rec 0.8465
2026-08-23 09:22:15 | Epoch  24/100 | Train Loss 0.1721 | Val Loss 1.0375 Acc 0.8616 AUC 0.9677 Pre 0.8557 Rec 0.8435
2026-08-23 09:22:15 | Epoch  25/100 | Train Loss 0.1625 | Val Loss 1.0265 Acc 0.8598 AUC 0.9678 Pre 0.8508 Rec 0.8434
2026-08-23 09:22:15 | Epoch  26/100 | Train Loss 0.1377 | Val Loss 1.0250 Acc 0.8598 AUC 0.9673 Pre 0.8512 Rec 0.8387
2026-08-23 09:22:15 | Epoch  27/100 | Train Loss 0.1252 | Val Loss 1.0393 Acc 0.8579 AUC 0.9674 Pre 0.8500 Rec 0.8369
2026-08-23 09:22:15 | Epoch  28/100 | Train Loss 0.1257 | Val Loss 1.0626 Acc 0.8579 AUC 0.9675 Pre 0.8512 Rec 0.8408
2026-08-23 09:22:15 | Epoch  29/100 | Train Loss 0.1122 | Val Loss 1.0714 Acc 0.8524 AUC 0.9672 Pre 0.8434 Rec 0.8363
2026-08-23 09:22:15 | Epoch  30/100 | Train Loss 0.1109 | Val Loss 1.0748 Acc 0.8579 AUC 0.9666 Pre 0.8473 Rec 0.8406
2026-08-23 09:22:15 | Epoch  31/100 | Train Loss 0.1093 | Val Loss 1.0677 Acc 0.8579 AUC 0.9665 Pre 0.8484 Rec 0.8425
2026-08-23 09:22:15 | Epoch  32/100 | Train Loss 0.1029 | Val Loss 1.0842 Acc 0.8561 AUC 0.9670 Pre 0.8457 Rec 0.8395
2026-08-23 09:22:15 | Val AUC did not improve for 10 consecutive epochs, early stopping at Epoch 32 (best AUC 0.9689 @ Epoch 22)
2026-08-23 09:22:15 | Run 5/5 | Test (best model @ Epoch 22) | Loss 0.8847 Acc 0.8782 AUC 0.9738 Pre 0.8760 Rec 0.8816
2026-08-23 09:22:15 | Average over 5 runs | Test Loss 0.9949±0.1549 Acc 0.8742±0.0040 AUC 0.9709±0.0032 Pre 0.8668±0.0083 Rec 0.8775±0.0054
2026-08-23 09:32:12 | Device: cuda
2026-08-23 09:32:12 | Args: {'model': 'dcvib', 'backbone': 'gnn', 'task': 'cora', 'epochs': 100, 'batch_size': 128, 'lr': 0.01, 'hidden_dims': [512, 256, 256], 'dropout': 0.2, 'z_dim': 256, 'beta': 0.01, 'patience': 10, 'runs': 5, 'seed': 0, 'data_dir': './data', 'save_path': 'output/cora_gnn_dcvib/cora_gnn_dcvib.pt', 'log_path': 'output/cora_gnn_dcvib/train_cora_gnn_dcvib.log'}
2026-08-23 09:32:13 | Cora 划分（60/20/20 分层）：train 1624 / val 542 / test 542（共 2708 节点，7 类）
2026-08-23 09:32:14 | ===== Run 1/5 (seed 0) =====
2026-08-23 09:32:14 | Epoch   1/100 | Train Loss 1.9487 | Val Loss 1.8896 Acc 0.3026 AUC 0.8232 Pre 0.0432 Rec 0.1429
2026-08-23 09:32:14 |   Val AUC improved to 0.8232, model saved
2026-08-23 09:32:14 | Epoch   2/100 | Train Loss 1.8895 | Val Loss 1.8350 Acc 0.3026 AUC 0.7747 Pre 0.0432 Rec 0.1429
2026-08-23 09:32:14 | Epoch   3/100 | Train Loss 1.8543 | Val Loss 1.7422 Acc 0.3026 AUC 0.9044 Pre 0.0432 Rec 0.1429
2026-08-23 09:32:14 |   Val AUC improved to 0.9044, model saved
2026-08-23 09:32:14 | Epoch   4/100 | Train Loss 1.7406 | Val Loss 1.7032 Acc 0.4502 AUC 0.9200 Pre 0.3113 Rec 0.2793
2026-08-23 09:32:14 |   Val AUC improved to 0.9200, model saved
2026-08-23 09:32:14 | Epoch   5/100 | Train Loss 1.6980 | Val Loss 1.5527 Acc 0.5277 AUC 0.9262 Pre 0.4336 Rec 0.3516
2026-08-23 09:32:14 |   Val AUC improved to 0.9262, model saved
2026-08-23 09:32:14 | Epoch   6/100 | Train Loss 1.5420 | Val Loss 1.3648 Acc 0.5351 AUC 0.9256 Pre 0.4207 Rec 0.3583
2026-08-23 09:32:14 | Epoch   7/100 | Train Loss 1.3376 | Val Loss 1.1519 Acc 0.5590 AUC 0.9306 Pre 0.2514 Rec 0.3804
2026-08-23 09:32:14 |   Val AUC improved to 0.9306, model saved
2026-08-23 09:32:14 | Epoch   8/100 | Train Loss 1.1072 | Val Loss 1.0608 Acc 0.5941 AUC 0.9432 Pre 0.3715 Rec 0.4237
2026-08-23 09:32:14 |   Val AUC improved to 0.9432, model saved
2026-08-23 09:32:14 | Epoch   9/100 | Train Loss 1.0023 | Val Loss 0.9696 Acc 0.6218 AUC 0.9478 Pre 0.4103 Rec 0.4676
2026-08-23 09:32:14 |   Val AUC improved to 0.9478, model saved
2026-08-23 09:32:14 | Epoch  10/100 | Train Loss 0.8946 | Val Loss 0.8483 Acc 0.7435 AUC 0.9529 Pre 0.5269 Rec 0.6048
2026-08-23 09:32:14 |   Val AUC improved to 0.9529, model saved
2026-08-23 09:32:14 | Epoch  11/100 | Train Loss 0.7544 | Val Loss 0.8101 Acc 0.7435 AUC 0.9498 Pre 0.5496 Rec 0.6116
2026-08-23 09:32:14 | Epoch  12/100 | Train Loss 0.6794 | Val Loss 0.8171 Acc 0.7269 AUC 0.9549 Pre 0.5342 Rec 0.5986
2026-08-23 09:32:14 |   Val AUC improved to 0.9549, model saved
2026-08-23 09:32:14 | Epoch  13/100 | Train Loss 0.6209 | Val Loss 0.7903 Acc 0.7472 AUC 0.9580 Pre 0.7661 Rec 0.6250
2026-08-23 09:32:14 |   Val AUC improved to 0.9580, model saved
2026-08-23 09:32:14 | Epoch  14/100 | Train Loss 0.5421 | Val Loss 0.7804 Acc 0.7989 AUC 0.9593 Pre 0.7697 Rec 0.7279
2026-08-23 09:32:14 |   Val AUC improved to 0.9593, model saved
2026-08-23 09:32:14 | Epoch  15/100 | Train Loss 0.4812 | Val Loss 0.8114 Acc 0.8376 AUC 0.9585 Pre 0.8169 Rec 0.8066
2026-08-23 09:32:14 | Epoch  16/100 | Train Loss 0.4355 | Val Loss 0.8683 Acc 0.8487 AUC 0.9594 Pre 0.8377 Rec 0.8252
2026-08-23 09:32:14 |   Val AUC improved to 0.9594, model saved
2026-08-23 09:32:14 | Epoch  17/100 | Train Loss 0.3946 | Val Loss 0.8591 Acc 0.8542 AUC 0.9625 Pre 0.8319 Rec 0.8379
2026-08-23 09:32:14 |   Val AUC improved to 0.9625, model saved
2026-08-23 09:32:14 | Epoch  18/100 | Train Loss 0.3439 | Val Loss 0.8605 Acc 0.8561 AUC 0.9646 Pre 0.8291 Rec 0.8402
2026-08-23 09:32:14 |   Val AUC improved to 0.9646, model saved
2026-08-23 09:32:14 | Epoch  19/100 | Train Loss 0.3184 | Val Loss 0.9144 Acc 0.8561 AUC 0.9662 Pre 0.8392 Rec 0.8370
2026-08-23 09:32:14 |   Val AUC improved to 0.9662, model saved
2026-08-23 09:32:14 | Epoch  20/100 | Train Loss 0.2936 | Val Loss 0.9448 Acc 0.8542 AUC 0.9664 Pre 0.8439 Rec 0.8348
2026-08-23 09:32:14 |   Val AUC improved to 0.9664, model saved
2026-08-23 09:32:14 | Epoch  21/100 | Train Loss 0.2625 | Val Loss 0.9582 Acc 0.8579 AUC 0.9662 Pre 0.8535 Rec 0.8392
2026-08-23 09:32:14 | Epoch  22/100 | Train Loss 0.2342 | Val Loss 0.9804 Acc 0.8598 AUC 0.9659 Pre 0.8542 Rec 0.8443
2026-08-23 09:32:14 | Epoch  23/100 | Train Loss 0.2203 | Val Loss 0.9548 Acc 0.8506 AUC 0.9669 Pre 0.8340 Rec 0.8366
2026-08-23 09:32:14 |   Val AUC improved to 0.9669, model saved
2026-08-23 09:32:14 | Epoch  24/100 | Train Loss 0.2072 | Val Loss 0.9760 Acc 0.8561 AUC 0.9669 Pre 0.8424 Rec 0.8384
2026-08-23 09:32:14 |   Val AUC improved to 0.9669, model saved
2026-08-23 09:32:14 | Epoch  25/100 | Train Loss 0.1843 | Val Loss 0.9670 Acc 0.8708 AUC 0.9676 Pre 0.8600 Rec 0.8535
2026-08-23 09:32:14 |   Val AUC improved to 0.9676, model saved
2026-08-23 09:32:14 | Epoch  26/100 | Train Loss 0.1649 | Val Loss 0.9498 Acc 0.8672 AUC 0.9674 Pre 0.8604 Rec 0.8500
2026-08-23 09:32:14 | Epoch  27/100 | Train Loss 0.1606 | Val Loss 0.9493 Acc 0.8635 AUC 0.9668 Pre 0.8589 Rec 0.8430
2026-08-23 09:32:14 | Epoch  28/100 | Train Loss 0.1594 | Val Loss 0.9604 Acc 0.8598 AUC 0.9669 Pre 0.8535 Rec 0.8401
2026-08-23 09:32:14 | Epoch  29/100 | Train Loss 0.1460 | Val Loss 0.9690 Acc 0.8598 AUC 0.9667 Pre 0.8469 Rec 0.8492
2026-08-23 09:32:14 | Epoch  30/100 | Train Loss 0.1491 | Val Loss 0.9567 Acc 0.8653 AUC 0.9664 Pre 0.8563 Rec 0.8470
2026-08-23 09:32:14 | Epoch  31/100 | Train Loss 0.1343 | Val Loss 0.9375 Acc 0.8708 AUC 0.9660 Pre 0.8600 Rec 0.8521
2026-08-23 09:32:14 | Epoch  32/100 | Train Loss 0.1212 | Val Loss 0.9287 Acc 0.8635 AUC 0.9660 Pre 0.8495 Rec 0.8486
2026-08-23 09:32:14 | Epoch  33/100 | Train Loss 0.1290 | Val Loss 0.9367 Acc 0.8672 AUC 0.9662 Pre 0.8541 Rec 0.8523
2026-08-23 09:32:14 | Epoch  34/100 | Train Loss 0.1141 | Val Loss 0.9618 Acc 0.8653 AUC 0.9659 Pre 0.8569 Rec 0.8495
2026-08-23 09:32:15 | Epoch  35/100 | Train Loss 0.1080 | Val Loss 0.9683 Acc 0.8616 AUC 0.9660 Pre 0.8534 Rec 0.8478
2026-08-23 09:32:15 | Val AUC did not improve for 10 consecutive epochs, early stopping at Epoch 35 (best AUC 0.9676 @ Epoch 25)
2026-08-23 09:32:15 | Run 1/5 | Test (best model @ Epoch 25) | Loss 0.8847 Acc 0.8838 AUC 0.9722 Pre 0.8795 Rec 0.8933
2026-08-23 09:32:15 | ===== Run 2/5 (seed 1) =====
2026-08-23 09:32:15 | Epoch   1/100 | Train Loss 1.9379 | Val Loss 1.8817 Acc 0.3026 AUC 0.8303 Pre 0.0432 Rec 0.1429
2026-08-23 09:32:15 |   Val AUC improved to 0.8303, model saved
2026-08-23 09:32:15 | Epoch   2/100 | Train Loss 1.8813 | Val Loss 1.8283 Acc 0.3026 AUC 0.7606 Pre 0.0432 Rec 0.1429
2026-08-23 09:32:15 | Epoch   3/100 | Train Loss 1.8435 | Val Loss 1.7410 Acc 0.3026 AUC 0.8869 Pre 0.0432 Rec 0.1429
2026-08-23 09:32:15 |   Val AUC improved to 0.8869, model saved
2026-08-23 09:32:15 | Epoch   4/100 | Train Loss 1.7400 | Val Loss 1.6920 Acc 0.4742 AUC 0.9104 Pre 0.3106 Rec 0.3020
2026-08-23 09:32:15 |   Val AUC improved to 0.9104, model saved
2026-08-23 09:32:15 | Epoch   5/100 | Train Loss 1.6899 | Val Loss 1.5333 Acc 0.5055 AUC 0.9205 Pre 0.3090 Rec 0.3309
2026-08-23 09:32:15 |   Val AUC improved to 0.9205, model saved
2026-08-23 09:32:15 | Epoch   6/100 | Train Loss 1.5260 | Val Loss 1.3457 Acc 0.4797 AUC 0.9188 Pre 0.3206 Rec 0.3058
2026-08-23 09:32:15 | Epoch   7/100 | Train Loss 1.3273 | Val Loss 1.1308 Acc 0.5572 AUC 0.9273 Pre 0.3214 Rec 0.3802
2026-08-23 09:32:15 |   Val AUC improved to 0.9273, model saved
2026-08-23 09:32:15 | Epoch   8/100 | Train Loss 1.0999 | Val Loss 1.0656 Acc 0.6328 AUC 0.9398 Pre 0.4737 Rec 0.4734
2026-08-23 09:32:15 |   Val AUC improved to 0.9398, model saved
2026-08-23 09:32:15 | Epoch   9/100 | Train Loss 1.0299 | Val Loss 0.9540 Acc 0.7030 AUC 0.9513 Pre 0.5234 Rec 0.5621
2026-08-23 09:32:15 |   Val AUC improved to 0.9513, model saved
2026-08-23 09:32:15 | Epoch  10/100 | Train Loss 0.9101 | Val Loss 0.8626 Acc 0.7509 AUC 0.9561 Pre 0.5696 Rec 0.6175
2026-08-23 09:32:15 |   Val AUC improved to 0.9561, model saved
2026-08-23 09:32:15 | Epoch  11/100 | Train Loss 0.8044 | Val Loss 0.8121 Acc 0.7528 AUC 0.9589 Pre 0.5688 Rec 0.6182
2026-08-23 09:32:15 |   Val AUC improved to 0.9589, model saved
2026-08-23 09:32:15 | Epoch  12/100 | Train Loss 0.7322 | Val Loss 0.7641 Acc 0.7546 AUC 0.9593 Pre 0.6902 Rec 0.6264
2026-08-23 09:32:15 |   Val AUC improved to 0.9593, model saved
2026-08-23 09:32:15 | Epoch  13/100 | Train Loss 0.6455 | Val Loss 0.7137 Acc 0.7878 AUC 0.9622 Pre 0.8206 Rec 0.6830
2026-08-23 09:32:15 |   Val AUC improved to 0.9622, model saved
2026-08-23 09:32:15 | Epoch  14/100 | Train Loss 0.5316 | Val Loss 0.7080 Acc 0.8155 AUC 0.9640 Pre 0.8186 Rec 0.7409
2026-08-23 09:32:15 |   Val AUC improved to 0.9640, model saved
2026-08-23 09:32:15 | Epoch  15/100 | Train Loss 0.4615 | Val Loss 0.7407 Acc 0.8339 AUC 0.9639 Pre 0.8165 Rec 0.7881
2026-08-23 09:32:15 | Epoch  16/100 | Train Loss 0.4339 | Val Loss 0.7627 Acc 0.8542 AUC 0.9666 Pre 0.8325 Rec 0.8327
2026-08-23 09:32:15 |   Val AUC improved to 0.9666, model saved
2026-08-23 09:32:15 | Epoch  17/100 | Train Loss 0.3524 | Val Loss 0.7798 Acc 0.8598 AUC 0.9696 Pre 0.8414 Rec 0.8403
2026-08-23 09:32:15 |   Val AUC improved to 0.9696, model saved
2026-08-23 09:32:15 | Epoch  18/100 | Train Loss 0.3248 | Val Loss 0.8146 Acc 0.8524 AUC 0.9702 Pre 0.8294 Rec 0.8434
2026-08-23 09:32:15 |   Val AUC improved to 0.9702, model saved
2026-08-23 09:32:15 | Epoch  19/100 | Train Loss 0.3020 | Val Loss 0.8794 Acc 0.8635 AUC 0.9694 Pre 0.8518 Rec 0.8452
2026-08-23 09:32:15 | Epoch  20/100 | Train Loss 0.2849 | Val Loss 0.9050 Acc 0.8598 AUC 0.9692 Pre 0.8425 Rec 0.8469
2026-08-23 09:32:15 | Epoch  21/100 | Train Loss 0.2539 | Val Loss 0.9319 Acc 0.8524 AUC 0.9676 Pre 0.8347 Rec 0.8359
2026-08-23 09:32:15 | Epoch  22/100 | Train Loss 0.2292 | Val Loss 0.9589 Acc 0.8579 AUC 0.9668 Pre 0.8503 Rec 0.8465
2026-08-23 09:32:15 | Epoch  23/100 | Train Loss 0.2113 | Val Loss 0.9863 Acc 0.8579 AUC 0.9669 Pre 0.8506 Rec 0.8397
2026-08-23 09:32:15 | Epoch  24/100 | Train Loss 0.2010 | Val Loss 0.9871 Acc 0.8469 AUC 0.9669 Pre 0.8325 Rec 0.8411
2026-08-23 09:32:15 | Epoch  25/100 | Train Loss 0.1919 | Val Loss 1.0190 Acc 0.8542 AUC 0.9659 Pre 0.8522 Rec 0.8274
2026-08-23 09:32:15 | Epoch  26/100 | Train Loss 0.1818 | Val Loss 0.9705 Acc 0.8653 AUC 0.9668 Pre 0.8567 Rec 0.8442
2026-08-23 09:32:15 | Epoch  27/100 | Train Loss 0.1511 | Val Loss 0.9616 Acc 0.8672 AUC 0.9675 Pre 0.8487 Rec 0.8567
2026-08-23 09:32:15 | Epoch  28/100 | Train Loss 0.1514 | Val Loss 0.9684 Acc 0.8672 AUC 0.9670 Pre 0.8612 Rec 0.8508
2026-08-23 09:32:15 | Val AUC did not improve for 10 consecutive epochs, early stopping at Epoch 28 (best AUC 0.9702 @ Epoch 18)
2026-08-23 09:32:15 | Run 2/5 | Test (best model @ Epoch 18) | Loss 0.7590 Acc 0.8708 AUC 0.9740 Pre 0.8566 Rec 0.8705
2026-08-23 09:32:15 | ===== Run 3/5 (seed 2) =====
2026-08-23 09:32:15 | Epoch   1/100 | Train Loss 1.9472 | Val Loss 1.9022 Acc 0.3026 AUC 0.8479 Pre 0.0432 Rec 0.1429
2026-08-23 09:32:15 |   Val AUC improved to 0.8479, model saved
2026-08-23 09:32:15 | Epoch   2/100 | Train Loss 1.9020 | Val Loss 1.7960 Acc 0.3026 AUC 0.7852 Pre 0.0432 Rec 0.1429
2026-08-23 09:32:15 | Epoch   3/100 | Train Loss 1.8051 | Val Loss 1.6450 Acc 0.3026 AUC 0.9001 Pre 0.0432 Rec 0.1429
2026-08-23 09:32:15 |   Val AUC improved to 0.9001, model saved
2026-08-23 09:32:15 | Epoch   4/100 | Train Loss 1.6474 | Val Loss 1.4780 Acc 0.4170 AUC 0.9084 Pre 0.1874 Rec 0.2483
2026-08-23 09:32:15 |   Val AUC improved to 0.9084, model saved
2026-08-23 09:32:15 | Epoch   5/100 | Train Loss 1.4730 | Val Loss 1.2730 Acc 0.4945 AUC 0.9263 Pre 0.2820 Rec 0.3193
2026-08-23 09:32:15 |   Val AUC improved to 0.9263, model saved
2026-08-23 09:32:15 | Epoch   6/100 | Train Loss 1.2513 | Val Loss 1.0729 Acc 0.6162 AUC 0.9399 Pre 0.3970 Rec 0.4461
2026-08-23 09:32:15 |   Val AUC improved to 0.9399, model saved
2026-08-23 09:32:15 | Epoch   7/100 | Train Loss 1.0384 | Val Loss 0.9597 Acc 0.6605 AUC 0.9456 Pre 0.3844 Rec 0.4962
2026-08-23 09:32:15 |   Val AUC improved to 0.9456, model saved
2026-08-23 09:32:15 | Epoch   8/100 | Train Loss 0.8973 | Val Loss 0.8598 Acc 0.6808 AUC 0.9443 Pre 0.5430 Rec 0.5315
2026-08-23 09:32:15 | Epoch   9/100 | Train Loss 0.7754 | Val Loss 0.8408 Acc 0.7177 AUC 0.9487 Pre 0.5264 Rec 0.5879
2026-08-23 09:32:15 |   Val AUC improved to 0.9487, model saved
2026-08-23 09:32:15 | Epoch  10/100 | Train Loss 0.7264 | Val Loss 0.8098 Acc 0.7509 AUC 0.9575 Pre 0.5268 Rec 0.6196
2026-08-23 09:32:15 |   Val AUC improved to 0.9575, model saved
2026-08-23 09:32:15 | Epoch  11/100 | Train Loss 0.6231 | Val Loss 0.8242 Acc 0.7546 AUC 0.9582 Pre 0.5503 Rec 0.6233
2026-08-23 09:32:15 |   Val AUC improved to 0.9582, model saved
2026-08-23 09:32:15 | Epoch  12/100 | Train Loss 0.5612 | Val Loss 0.8632 Acc 0.7509 AUC 0.9545 Pre 0.6224 Rec 0.6279
2026-08-23 09:32:15 | Epoch  13/100 | Train Loss 0.5111 | Val Loss 0.9057 Acc 0.7823 AUC 0.9542 Pre 0.7974 Rec 0.6888
2026-08-23 09:32:15 | Epoch  14/100 | Train Loss 0.4453 | Val Loss 0.9715 Acc 0.8358 AUC 0.9585 Pre 0.8201 Rec 0.8039
2026-08-23 09:32:15 |   Val AUC improved to 0.9585, model saved
2026-08-23 09:32:15 | Epoch  15/100 | Train Loss 0.4121 | Val Loss 1.0474 Acc 0.8284 AUC 0.9584 Pre 0.8176 Rec 0.7867
2026-08-23 09:32:15 | Epoch  16/100 | Train Loss 0.3963 | Val Loss 1.0114 Acc 0.8450 AUC 0.9604 Pre 0.8210 Rec 0.8312
2026-08-23 09:32:15 |   Val AUC improved to 0.9604, model saved
2026-08-23 09:32:15 | Epoch  17/100 | Train Loss 0.3434 | Val Loss 1.0508 Acc 0.8506 AUC 0.9606 Pre 0.8243 Rec 0.8331
2026-08-23 09:32:15 |   Val AUC improved to 0.9606, model saved
2026-08-23 09:32:15 | Epoch  18/100 | Train Loss 0.3253 | Val Loss 1.1242 Acc 0.8395 AUC 0.9605 Pre 0.8281 Rec 0.8109
2026-08-23 09:32:15 | Epoch  19/100 | Train Loss 0.2931 | Val Loss 1.1116 Acc 0.8432 AUC 0.9619 Pre 0.8327 Rec 0.8235
2026-08-23 09:32:15 |   Val AUC improved to 0.9619, model saved
2026-08-23 09:32:15 | Epoch  20/100 | Train Loss 0.2737 | Val Loss 1.0577 Acc 0.8506 AUC 0.9623 Pre 0.8378 Rec 0.8388
2026-08-23 09:32:15 |   Val AUC improved to 0.9623, model saved
2026-08-23 09:32:15 | Epoch  21/100 | Train Loss 0.2296 | Val Loss 1.0308 Acc 0.8616 AUC 0.9627 Pre 0.8507 Rec 0.8434
2026-08-23 09:32:15 |   Val AUC improved to 0.9627, model saved
2026-08-23 09:32:15 | Epoch  22/100 | Train Loss 0.1947 | Val Loss 1.0787 Acc 0.8450 AUC 0.9627 Pre 0.8342 Rec 0.8278
2026-08-23 09:32:15 | Epoch  23/100 | Train Loss 0.2145 | Val Loss 1.0100 Acc 0.8542 AUC 0.9649 Pre 0.8437 Rec 0.8385
2026-08-23 09:32:15 |   Val AUC improved to 0.9649, model saved
2026-08-23 09:32:15 | Epoch  24/100 | Train Loss 0.1743 | Val Loss 0.9967 Acc 0.8506 AUC 0.9653 Pre 0.8406 Rec 0.8359
2026-08-23 09:32:15 |   Val AUC improved to 0.9653, model saved
2026-08-23 09:32:15 | Epoch  25/100 | Train Loss 0.1695 | Val Loss 0.9994 Acc 0.8524 AUC 0.9655 Pre 0.8454 Rec 0.8326
2026-08-23 09:32:15 |   Val AUC improved to 0.9655, model saved
2026-08-23 09:32:15 | Epoch  26/100 | Train Loss 0.1562 | Val Loss 1.0094 Acc 0.8542 AUC 0.9654 Pre 0.8435 Rec 0.8356
2026-08-23 09:32:15 | Epoch  27/100 | Train Loss 0.1488 | Val Loss 1.0045 Acc 0.8561 AUC 0.9653 Pre 0.8454 Rec 0.8381
2026-08-23 09:32:15 | Epoch  28/100 | Train Loss 0.1420 | Val Loss 1.0217 Acc 0.8506 AUC 0.9650 Pre 0.8402 Rec 0.8367
2026-08-23 09:32:15 | Epoch  29/100 | Train Loss 0.1316 | Val Loss 1.0450 Acc 0.8469 AUC 0.9645 Pre 0.8412 Rec 0.8307
2026-08-23 09:32:15 | Epoch  30/100 | Train Loss 0.1298 | Val Loss 1.0478 Acc 0.8579 AUC 0.9641 Pre 0.8487 Rec 0.8372
2026-08-23 09:32:15 | Epoch  31/100 | Train Loss 0.1119 | Val Loss 1.0579 Acc 0.8616 AUC 0.9641 Pre 0.8524 Rec 0.8397
2026-08-23 09:32:15 | Epoch  32/100 | Train Loss 0.1178 | Val Loss 1.0494 Acc 0.8616 AUC 0.9644 Pre 0.8507 Rec 0.8425
2026-08-23 09:32:15 | Epoch  33/100 | Train Loss 0.1158 | Val Loss 1.0559 Acc 0.8542 AUC 0.9642 Pre 0.8461 Rec 0.8329
2026-08-23 09:32:15 | Epoch  34/100 | Train Loss 0.1028 | Val Loss 1.0719 Acc 0.8487 AUC 0.9639 Pre 0.8422 Rec 0.8277
2026-08-23 09:32:15 | Epoch  35/100 | Train Loss 0.1055 | Val Loss 1.0732 Acc 0.8561 AUC 0.9639 Pre 0.8473 Rec 0.8377
2026-08-23 09:32:15 | Val AUC did not improve for 10 consecutive epochs, early stopping at Epoch 35 (best AUC 0.9655 @ Epoch 25)
2026-08-23 09:32:15 | Run 3/5 | Test (best model @ Epoch 25) | Loss 0.8285 Acc 0.8801 AUC 0.9706 Pre 0.8788 Rec 0.8856
2026-08-23 09:32:15 | ===== Run 4/5 (seed 3) =====
2026-08-23 09:32:15 | Epoch   1/100 | Train Loss 1.9558 | Val Loss 1.8951 Acc 0.3026 AUC 0.8271 Pre 0.0432 Rec 0.1429
2026-08-23 09:32:15 |   Val AUC improved to 0.8271, model saved
2026-08-23 09:32:15 | Epoch   2/100 | Train Loss 1.8949 | Val Loss 1.8343 Acc 0.3026 AUC 0.7679 Pre 0.0432 Rec 0.1429
2026-08-23 09:32:15 | Epoch   3/100 | Train Loss 1.8520 | Val Loss 1.7406 Acc 0.3026 AUC 0.8770 Pre 0.0432 Rec 0.1429
2026-08-23 09:32:15 |   Val AUC improved to 0.8770, model saved
2026-08-23 09:32:15 | Epoch   4/100 | Train Loss 1.7402 | Val Loss 1.6905 Acc 0.4225 AUC 0.9005 Pre 0.1860 Rec 0.2534
2026-08-23 09:32:15 |   Val AUC improved to 0.9005, model saved
2026-08-23 09:32:15 | Epoch   5/100 | Train Loss 1.6883 | Val Loss 1.5295 Acc 0.4576 AUC 0.9164 Pre 0.3286 Rec 0.2856
2026-08-23 09:32:15 |   Val AUC improved to 0.9164, model saved
2026-08-23 09:32:15 | Epoch   6/100 | Train Loss 1.5239 | Val Loss 1.3602 Acc 0.4428 AUC 0.9127 Pre 0.1763 Rec 0.2721
2026-08-23 09:32:15 | Epoch   7/100 | Train Loss 1.3419 | Val Loss 1.1399 Acc 0.5369 AUC 0.9230 Pre 0.2746 Rec 0.3596
2026-08-23 09:32:15 |   Val AUC improved to 0.9230, model saved
2026-08-23 09:32:15 | Epoch   8/100 | Train Loss 1.1114 | Val Loss 1.0853 Acc 0.6052 AUC 0.9337 Pre 0.3942 Rec 0.4381
2026-08-23 09:32:15 |   Val AUC improved to 0.9337, model saved
2026-08-23 09:32:16 | Epoch   9/100 | Train Loss 1.0521 | Val Loss 1.0029 Acc 0.6605 AUC 0.9405 Pre 0.4486 Rec 0.5171
2026-08-23 09:32:16 |   Val AUC improved to 0.9405, model saved
2026-08-23 09:32:16 | Epoch  10/100 | Train Loss 0.9609 | Val Loss 0.9100 Acc 0.7232 AUC 0.9424 Pre 0.4924 Rec 0.5850
2026-08-23 09:32:16 |   Val AUC improved to 0.9424, model saved
2026-08-23 09:32:16 | Epoch  11/100 | Train Loss 0.8558 | Val Loss 0.8671 Acc 0.7491 AUC 0.9439 Pre 0.5335 Rec 0.6108
2026-08-23 09:32:16 |   Val AUC improved to 0.9439, model saved
2026-08-23 09:32:16 | Epoch  12/100 | Train Loss 0.7866 | Val Loss 0.8353 Acc 0.7306 AUC 0.9411 Pre 0.5288 Rec 0.5970
2026-08-23 09:32:16 | Epoch  13/100 | Train Loss 0.7157 | Val Loss 0.8078 Acc 0.7399 AUC 0.9453 Pre 0.6835 Rec 0.6139
2026-08-23 09:32:16 |   Val AUC improved to 0.9453, model saved
2026-08-23 09:32:16 | Epoch  14/100 | Train Loss 0.6556 | Val Loss 0.7697 Acc 0.7509 AUC 0.9518 Pre 0.6028 Rec 0.6253
2026-08-23 09:32:16 |   Val AUC improved to 0.9518, model saved
2026-08-23 09:32:16 | Epoch  15/100 | Train Loss 0.5645 | Val Loss 0.7764 Acc 0.7694 AUC 0.9555 Pre 0.6346 Rec 0.6581
2026-08-23 09:32:16 |   Val AUC improved to 0.9555, model saved
2026-08-23 09:32:16 | Epoch  16/100 | Train Loss 0.4973 | Val Loss 0.8244 Acc 0.8044 AUC 0.9560 Pre 0.8105 Rec 0.7220
2026-08-23 09:32:16 |   Val AUC improved to 0.9560, model saved
2026-08-23 09:32:16 | Epoch  17/100 | Train Loss 0.4520 | Val Loss 0.8679 Acc 0.8081 AUC 0.9576 Pre 0.8072 Rec 0.7362
2026-08-23 09:32:16 |   Val AUC improved to 0.9576, model saved
2026-08-23 09:32:16 | Epoch  18/100 | Train Loss 0.4157 | Val Loss 0.9015 Acc 0.8210 AUC 0.9602 Pre 0.8027 Rec 0.7836
2026-08-23 09:32:16 |   Val AUC improved to 0.9602, model saved
2026-08-23 09:32:16 | Epoch  19/100 | Train Loss 0.3886 | Val Loss 0.9509 Acc 0.8579 AUC 0.9627 Pre 0.8491 Rec 0.8305
2026-08-23 09:32:16 |   Val AUC improved to 0.9627, model saved
2026-08-23 09:32:16 | Epoch  20/100 | Train Loss 0.3647 | Val Loss 0.9537 Acc 0.8469 AUC 0.9639 Pre 0.8232 Rec 0.8122
2026-08-23 09:32:16 |   Val AUC improved to 0.9639, model saved
2026-08-23 09:32:16 | Epoch  21/100 | Train Loss 0.3372 | Val Loss 0.9525 Acc 0.8487 AUC 0.9642 Pre 0.8251 Rec 0.8210
2026-08-23 09:32:16 |   Val AUC improved to 0.9642, model saved
2026-08-23 09:32:16 | Epoch  22/100 | Train Loss 0.3122 | Val Loss 1.0112 Acc 0.8542 AUC 0.9650 Pre 0.8333 Rec 0.8314
2026-08-23 09:32:16 |   Val AUC improved to 0.9650, model saved
2026-08-23 09:32:16 | Epoch  23/100 | Train Loss 0.2849 | Val Loss 0.9976 Acc 0.8598 AUC 0.9645 Pre 0.8391 Rec 0.8402
2026-08-23 09:32:16 | Epoch  24/100 | Train Loss 0.2489 | Val Loss 0.9856 Acc 0.8561 AUC 0.9636 Pre 0.8373 Rec 0.8358
2026-08-23 09:32:16 | Epoch  25/100 | Train Loss 0.2430 | Val Loss 1.0058 Acc 0.8561 AUC 0.9634 Pre 0.8414 Rec 0.8332
2026-08-23 09:32:16 | Epoch  26/100 | Train Loss 0.2137 | Val Loss 1.0272 Acc 0.8542 AUC 0.9637 Pre 0.8474 Rec 0.8338
2026-08-23 09:32:16 | Epoch  27/100 | Train Loss 0.2070 | Val Loss 0.9755 Acc 0.8542 AUC 0.9649 Pre 0.8401 Rec 0.8371
2026-08-23 09:32:16 | Epoch  28/100 | Train Loss 0.1838 | Val Loss 0.9667 Acc 0.8561 AUC 0.9645 Pre 0.8396 Rec 0.8353
2026-08-23 09:32:16 | Epoch  29/100 | Train Loss 0.1760 | Val Loss 0.9668 Acc 0.8598 AUC 0.9650 Pre 0.8451 Rec 0.8374
2026-08-23 09:32:16 |   Val AUC improved to 0.9650, model saved
2026-08-23 09:32:16 | Epoch  30/100 | Train Loss 0.1576 | Val Loss 0.9636 Acc 0.8635 AUC 0.9659 Pre 0.8436 Rec 0.8407
2026-08-23 09:32:16 |   Val AUC improved to 0.9659, model saved
2026-08-23 09:32:16 | Epoch  31/100 | Train Loss 0.1555 | Val Loss 0.9434 Acc 0.8635 AUC 0.9662 Pre 0.8482 Rec 0.8442
2026-08-23 09:32:16 |   Val AUC improved to 0.9662, model saved
2026-08-23 09:32:16 | Epoch  32/100 | Train Loss 0.1411 | Val Loss 0.9352 Acc 0.8616 AUC 0.9658 Pre 0.8493 Rec 0.8411
2026-08-23 09:32:16 | Epoch  33/100 | Train Loss 0.1403 | Val Loss 0.9268 Acc 0.8635 AUC 0.9663 Pre 0.8504 Rec 0.8451
2026-08-23 09:32:16 |   Val AUC improved to 0.9663, model saved
2026-08-23 09:32:16 | Epoch  34/100 | Train Loss 0.1279 | Val Loss 0.9337 Acc 0.8745 AUC 0.9664 Pre 0.8624 Rec 0.8546
2026-08-23 09:32:16 |   Val AUC improved to 0.9664, model saved
2026-08-23 09:32:16 | Epoch  35/100 | Train Loss 0.1177 | Val Loss 0.9604 Acc 0.8708 AUC 0.9658 Pre 0.8621 Rec 0.8500
2026-08-23 09:32:16 | Epoch  36/100 | Train Loss 0.1135 | Val Loss 0.9563 Acc 0.8653 AUC 0.9656 Pre 0.8582 Rec 0.8451
2026-08-23 09:32:16 | Epoch  37/100 | Train Loss 0.1048 | Val Loss 0.9456 Acc 0.8672 AUC 0.9659 Pre 0.8568 Rec 0.8507
2026-08-23 09:32:16 | Epoch  38/100 | Train Loss 0.0984 | Val Loss 0.9458 Acc 0.8727 AUC 0.9659 Pre 0.8616 Rec 0.8584
2026-08-23 09:32:16 | Epoch  39/100 | Train Loss 0.0991 | Val Loss 0.9682 Acc 0.8690 AUC 0.9656 Pre 0.8599 Rec 0.8544
2026-08-23 09:32:16 | Epoch  40/100 | Train Loss 0.0922 | Val Loss 1.0016 Acc 0.8745 AUC 0.9652 Pre 0.8680 Rec 0.8586
2026-08-23 09:32:16 | Epoch  41/100 | Train Loss 0.0890 | Val Loss 1.0183 Acc 0.8727 AUC 0.9652 Pre 0.8668 Rec 0.8620
2026-08-23 09:32:16 | Epoch  42/100 | Train Loss 0.0866 | Val Loss 1.0196 Acc 0.8708 AUC 0.9654 Pre 0.8631 Rec 0.8603
2026-08-23 09:32:16 | Epoch  43/100 | Train Loss 0.0832 | Val Loss 1.0240 Acc 0.8672 AUC 0.9653 Pre 0.8595 Rec 0.8530
2026-08-23 09:32:16 | Epoch  44/100 | Train Loss 0.0790 | Val Loss 1.0453 Acc 0.8635 AUC 0.9650 Pre 0.8572 Rec 0.8470
2026-08-23 09:32:16 | Val AUC did not improve for 10 consecutive epochs, early stopping at Epoch 44 (best AUC 0.9664 @ Epoch 34)
2026-08-23 09:32:16 | Run 4/5 | Test (best model @ Epoch 34) | Loss 0.9096 Acc 0.8727 AUC 0.9689 Pre 0.8643 Rec 0.8730
2026-08-23 09:32:16 | ===== Run 5/5 (seed 4) =====
2026-08-23 09:32:16 | Epoch   1/100 | Train Loss 1.9390 | Val Loss 1.8916 Acc 0.3026 AUC 0.8304 Pre 0.0432 Rec 0.1429
2026-08-23 09:32:16 |   Val AUC improved to 0.8304, model saved
2026-08-23 09:32:16 | Epoch   2/100 | Train Loss 1.8913 | Val Loss 1.8024 Acc 0.3026 AUC 0.8006 Pre 0.0432 Rec 0.1429
2026-08-23 09:32:16 | Epoch   3/100 | Train Loss 1.8134 | Val Loss 1.6793 Acc 0.3026 AUC 0.9020 Pre 0.0432 Rec 0.1429
2026-08-23 09:32:16 |   Val AUC improved to 0.9020, model saved
2026-08-23 09:32:16 | Epoch   4/100 | Train Loss 1.6781 | Val Loss 1.5140 Acc 0.3506 AUC 0.9161 Pre 0.1883 Rec 0.1871
2026-08-23 09:32:16 |   Val AUC improved to 0.9161, model saved
2026-08-23 09:32:16 | Epoch   5/100 | Train Loss 1.5094 | Val Loss 1.3524 Acc 0.4446 AUC 0.9088 Pre 0.3234 Rec 0.2736
2026-08-23 09:32:16 | Epoch   6/100 | Train Loss 1.3344 | Val Loss 1.1110 Acc 0.6347 AUC 0.9323 Pre 0.4685 Rec 0.4712
2026-08-23 09:32:16 |   Val AUC improved to 0.9323, model saved
2026-08-23 09:32:16 | Epoch   7/100 | Train Loss 1.0842 | Val Loss 1.0140 Acc 0.6974 AUC 0.9372 Pre 0.4875 Rec 0.5500
2026-08-23 09:32:16 |   Val AUC improved to 0.9372, model saved
2026-08-23 09:32:16 | Epoch   8/100 | Train Loss 0.9766 | Val Loss 0.9003 Acc 0.7435 AUC 0.9475 Pre 0.5183 Rec 0.6022
2026-08-23 09:32:16 |   Val AUC improved to 0.9475, model saved
2026-08-23 09:32:16 | Epoch   9/100 | Train Loss 0.8383 | Val Loss 0.8080 Acc 0.7528 AUC 0.9505 Pre 0.5386 Rec 0.6171
2026-08-23 09:32:16 |   Val AUC improved to 0.9505, model saved
2026-08-23 09:32:16 | Epoch  10/100 | Train Loss 0.7284 | Val Loss 0.8071 Acc 0.7417 AUC 0.9566 Pre 0.5317 Rec 0.6186
2026-08-23 09:32:16 |   Val AUC improved to 0.9566, model saved
2026-08-23 09:32:16 | Epoch  11/100 | Train Loss 0.6982 | Val Loss 0.7729 Acc 0.7417 AUC 0.9605 Pre 0.5319 Rec 0.6170
2026-08-23 09:32:16 |   Val AUC improved to 0.9605, model saved
2026-08-23 09:32:16 | Epoch  12/100 | Train Loss 0.6080 | Val Loss 0.7801 Acc 0.7509 AUC 0.9608 Pre 0.6028 Rec 0.6202
2026-08-23 09:32:16 |   Val AUC improved to 0.9608, model saved
2026-08-23 09:32:16 | Epoch  13/100 | Train Loss 0.5663 | Val Loss 0.7769 Acc 0.7565 AUC 0.9590 Pre 0.6957 Rec 0.6449
2026-08-23 09:32:16 | Epoch  14/100 | Train Loss 0.4854 | Val Loss 0.8097 Acc 0.8339 AUC 0.9571 Pre 0.8140 Rec 0.8038
2026-08-23 09:32:16 | Epoch  15/100 | Train Loss 0.4315 | Val Loss 0.8644 Acc 0.8339 AUC 0.9567 Pre 0.8080 Rec 0.8082
2026-08-23 09:32:16 | Epoch  16/100 | Train Loss 0.4082 | Val Loss 0.8935 Acc 0.8321 AUC 0.9605 Pre 0.8080 Rec 0.8054
2026-08-23 09:32:16 | Epoch  17/100 | Train Loss 0.3631 | Val Loss 0.9213 Acc 0.8469 AUC 0.9625 Pre 0.8264 Rec 0.8159
2026-08-23 09:32:16 |   Val AUC improved to 0.9625, model saved
2026-08-23 09:32:16 | Epoch  18/100 | Train Loss 0.3252 | Val Loss 0.9580 Acc 0.8561 AUC 0.9621 Pre 0.8406 Rec 0.8247
2026-08-23 09:32:16 | Epoch  19/100 | Train Loss 0.3001 | Val Loss 0.9080 Acc 0.8524 AUC 0.9659 Pre 0.8336 Rec 0.8362
2026-08-23 09:32:16 |   Val AUC improved to 0.9659, model saved
2026-08-23 09:32:16 | Epoch  20/100 | Train Loss 0.2600 | Val Loss 0.9334 Acc 0.8561 AUC 0.9668 Pre 0.8390 Rec 0.8406
2026-08-23 09:32:16 |   Val AUC improved to 0.9668, model saved
2026-08-23 09:32:16 | Epoch  21/100 | Train Loss 0.2490 | Val Loss 0.9538 Acc 0.8672 AUC 0.9667 Pre 0.8576 Rec 0.8415
2026-08-23 09:32:16 | Epoch  22/100 | Train Loss 0.2094 | Val Loss 0.9117 Acc 0.8635 AUC 0.9680 Pre 0.8519 Rec 0.8420
2026-08-23 09:32:16 |   Val AUC improved to 0.9680, model saved
2026-08-23 09:32:16 | Epoch  23/100 | Train Loss 0.1892 | Val Loss 0.8989 Acc 0.8616 AUC 0.9680 Pre 0.8466 Rec 0.8426
2026-08-23 09:32:16 |   Val AUC improved to 0.9680, model saved
2026-08-23 09:32:16 | Epoch  24/100 | Train Loss 0.1834 | Val Loss 0.9173 Acc 0.8690 AUC 0.9676 Pre 0.8596 Rec 0.8489
2026-08-23 09:32:16 | Epoch  25/100 | Train Loss 0.1646 | Val Loss 0.9247 Acc 0.8653 AUC 0.9674 Pre 0.8543 Rec 0.8434
2026-08-23 09:32:16 | Epoch  26/100 | Train Loss 0.1491 | Val Loss 0.9277 Acc 0.8672 AUC 0.9669 Pre 0.8572 Rec 0.8498
2026-08-23 09:32:16 | Epoch  27/100 | Train Loss 0.1362 | Val Loss 0.9389 Acc 0.8653 AUC 0.9664 Pre 0.8573 Rec 0.8479
2026-08-23 09:32:16 | Epoch  28/100 | Train Loss 0.1335 | Val Loss 0.9499 Acc 0.8542 AUC 0.9661 Pre 0.8472 Rec 0.8384
2026-08-23 09:32:16 | Epoch  29/100 | Train Loss 0.1204 | Val Loss 0.9640 Acc 0.8506 AUC 0.9660 Pre 0.8434 Rec 0.8358
2026-08-23 09:32:16 | Epoch  30/100 | Train Loss 0.1188 | Val Loss 0.9682 Acc 0.8542 AUC 0.9655 Pre 0.8485 Rec 0.8383
2026-08-23 09:32:16 | Epoch  31/100 | Train Loss 0.1147 | Val Loss 0.9670 Acc 0.8579 AUC 0.9653 Pre 0.8500 Rec 0.8436
2026-08-23 09:32:16 | Epoch  32/100 | Train Loss 0.1105 | Val Loss 0.9766 Acc 0.8524 AUC 0.9660 Pre 0.8432 Rec 0.8397
2026-08-23 09:32:16 | Epoch  33/100 | Train Loss 0.0966 | Val Loss 1.0092 Acc 0.8598 AUC 0.9661 Pre 0.8532 Rec 0.8468
2026-08-23 09:32:16 | Val AUC did not improve for 10 consecutive epochs, early stopping at Epoch 33 (best AUC 0.9680 @ Epoch 23)
2026-08-23 09:32:16 | Run 5/5 | Test (best model @ Epoch 23) | Loss 0.8309 Acc 0.8782 AUC 0.9720 Pre 0.8711 Rec 0.8820
2026-08-23 09:32:16 | Average over 5 runs | Test Loss 0.8425±0.0583 Acc 0.8771±0.0053 AUC 0.9716±0.0019 Pre 0.8701±0.0097 Rec 0.8809±0.0093
2026-08-23 09:33:25 | Device: cuda
2026-08-23 09:33:25 | Args: {'model': 'dcvib', 'backbone': 'gnn', 'task': 'cora', 'epochs': 100, 'batch_size': 128, 'lr': 0.01, 'hidden_dims': [512, 256], 'dropout': 0.2, 'z_dim': 256, 'beta': 0.01, 'patience': 10, 'runs': 5, 'seed': 0, 'data_dir': './data', 'save_path': 'output/cora_gnn_dcvib/cora_gnn_dcvib.pt', 'log_path': 'output/cora_gnn_dcvib/train_cora_gnn_dcvib.log'}
2026-08-23 09:33:26 | Cora 划分（60/20/20 分层）：train 1624 / val 542 / test 542（共 2708 节点，7 类）
2026-08-23 09:33:27 | ===== Run 1/5 (seed 0) =====
2026-08-23 09:33:27 | Epoch   1/100 | Train Loss 1.9559 | Val Loss 1.9076 Acc 0.4594 AUC 0.9093 Pre 0.2554 Rec 0.2940
2026-08-23 09:33:27 |   Val AUC improved to 0.9093, model saved
2026-08-23 09:33:27 | Epoch   2/100 | Train Loss 1.9060 | Val Loss 1.8058 Acc 0.3026 AUC 0.8804 Pre 0.0432 Rec 0.1429
2026-08-23 09:33:27 | Epoch   3/100 | Train Loss 1.8017 | Val Loss 1.6758 Acc 0.3026 AUC 0.8629 Pre 0.0432 Rec 0.1429
2026-08-23 09:33:27 | Epoch   4/100 | Train Loss 1.6699 | Val Loss 1.5587 Acc 0.3118 AUC 0.9091 Pre 0.1865 Rec 0.1514
2026-08-23 09:33:27 | Epoch   5/100 | Train Loss 1.5419 | Val Loss 1.3523 Acc 0.5092 AUC 0.9441 Pre 0.4261 Rec 0.3349
2026-08-23 09:33:27 |   Val AUC improved to 0.9441, model saved
2026-08-23 09:33:27 | Epoch   6/100 | Train Loss 1.3200 | Val Loss 1.1751 Acc 0.7085 AUC 0.9562 Pre 0.5386 Rec 0.5554
2026-08-23 09:33:27 |   Val AUC improved to 0.9562, model saved
2026-08-23 09:33:27 | Epoch   7/100 | Train Loss 1.1296 | Val Loss 1.0024 Acc 0.7399 AUC 0.9611 Pre 0.5341 Rec 0.5940
2026-08-23 09:33:27 |   Val AUC improved to 0.9611, model saved
2026-08-23 09:33:27 | Epoch   8/100 | Train Loss 0.9440 | Val Loss 0.8321 Acc 0.7601 AUC 0.9628 Pre 0.6818 Rec 0.6234
2026-08-23 09:33:27 |   Val AUC improved to 0.9628, model saved
2026-08-23 09:33:27 | Epoch   9/100 | Train Loss 0.7596 | Val Loss 0.7129 Acc 0.7638 AUC 0.9646 Pre 0.8245 Rec 0.6322
2026-08-23 09:33:27 |   Val AUC improved to 0.9646, model saved
2026-08-23 09:33:27 | Epoch  10/100 | Train Loss 0.6156 | Val Loss 0.6485 Acc 0.7823 AUC 0.9674 Pre 0.8369 Rec 0.6710
2026-08-23 09:33:27 |   Val AUC improved to 0.9674, model saved
2026-08-23 09:33:27 | Epoch  11/100 | Train Loss 0.5250 | Val Loss 0.5899 Acc 0.7915 AUC 0.9706 Pre 0.8413 Rec 0.6971
2026-08-23 09:33:27 |   Val AUC improved to 0.9706, model saved
2026-08-23 09:33:27 | Epoch  12/100 | Train Loss 0.4377 | Val Loss 0.5661 Acc 0.8395 AUC 0.9727 Pre 0.8546 Rec 0.7891
2026-08-23 09:33:27 |   Val AUC improved to 0.9727, model saved
2026-08-23 09:33:27 | Epoch  13/100 | Train Loss 0.3764 | Val Loss 0.5444 Acc 0.8579 AUC 0.9739 Pre 0.8288 Rec 0.8333
2026-08-23 09:33:27 |   Val AUC improved to 0.9739, model saved
2026-08-23 09:33:27 | Epoch  14/100 | Train Loss 0.3124 | Val Loss 0.5572 Acc 0.8598 AUC 0.9744 Pre 0.8297 Rec 0.8445
2026-08-23 09:33:27 |   Val AUC improved to 0.9744, model saved
2026-08-23 09:33:27 | Epoch  15/100 | Train Loss 0.2682 | Val Loss 0.5969 Acc 0.8616 AUC 0.9742 Pre 0.8372 Rec 0.8465
2026-08-23 09:33:27 | Epoch  16/100 | Train Loss 0.2497 | Val Loss 0.6240 Acc 0.8616 AUC 0.9737 Pre 0.8384 Rec 0.8411
2026-08-23 09:33:27 | Epoch  17/100 | Train Loss 0.2163 | Val Loss 0.6556 Acc 0.8672 AUC 0.9738 Pre 0.8467 Rec 0.8446
2026-08-23 09:33:27 | Epoch  18/100 | Train Loss 0.1882 | Val Loss 0.6996 Acc 0.8616 AUC 0.9741 Pre 0.8492 Rec 0.8408
2026-08-23 09:33:27 | Epoch  19/100 | Train Loss 0.1697 | Val Loss 0.7508 Acc 0.8653 AUC 0.9740 Pre 0.8579 Rec 0.8523
2026-08-23 09:33:27 | Epoch  20/100 | Train Loss 0.1612 | Val Loss 0.8012 Acc 0.8635 AUC 0.9737 Pre 0.8537 Rec 0.8511
2026-08-23 09:33:27 | Epoch  21/100 | Train Loss 0.1404 | Val Loss 0.8441 Acc 0.8579 AUC 0.9732 Pre 0.8472 Rec 0.8417
2026-08-23 09:33:27 | Epoch  22/100 | Train Loss 0.1289 | Val Loss 0.8869 Acc 0.8598 AUC 0.9729 Pre 0.8522 Rec 0.8457
2026-08-23 09:33:27 | Epoch  23/100 | Train Loss 0.1132 | Val Loss 0.9219 Acc 0.8579 AUC 0.9725 Pre 0.8477 Rec 0.8443
2026-08-23 09:33:27 | Epoch  24/100 | Train Loss 0.0994 | Val Loss 0.9573 Acc 0.8616 AUC 0.9721 Pre 0.8510 Rec 0.8497
2026-08-23 09:33:27 | Val AUC did not improve for 10 consecutive epochs, early stopping at Epoch 24 (best AUC 0.9744 @ Epoch 14)
2026-08-23 09:33:27 | Run 1/5 | Test (best model @ Epoch 14) | Loss 0.5235 Acc 0.8782 AUC 0.9789 Pre 0.8562 Rec 0.8721
2026-08-23 09:33:27 | ===== Run 2/5 (seed 1) =====
2026-08-23 09:33:27 | Epoch   1/100 | Train Loss 1.9372 | Val Loss 1.8882 Acc 0.3026 AUC 0.9069 Pre 0.0432 Rec 0.1429
2026-08-23 09:33:27 |   Val AUC improved to 0.9069, model saved
2026-08-23 09:33:27 | Epoch   2/100 | Train Loss 1.8865 | Val Loss 1.7904 Acc 0.3026 AUC 0.8762 Pre 0.0432 Rec 0.1429
2026-08-23 09:33:27 | Epoch   3/100 | Train Loss 1.7870 | Val Loss 1.6697 Acc 0.3026 AUC 0.8658 Pre 0.0432 Rec 0.1429
2026-08-23 09:33:27 | Epoch   4/100 | Train Loss 1.6643 | Val Loss 1.5333 Acc 0.3044 AUC 0.9208 Pre 0.1862 Rec 0.1446
2026-08-23 09:33:27 |   Val AUC improved to 0.9208, model saved
2026-08-23 09:33:27 | Epoch   5/100 | Train Loss 1.5170 | Val Loss 1.3451 Acc 0.5295 AUC 0.9468 Pre 0.5677 Rec 0.3559
2026-08-23 09:33:27 |   Val AUC improved to 0.9468, model saved
2026-08-23 09:33:27 | Epoch   6/100 | Train Loss 1.3165 | Val Loss 1.1570 Acc 0.7103 AUC 0.9552 Pre 0.5322 Rec 0.5589
2026-08-23 09:33:28 |   Val AUC improved to 0.9552, model saved
2026-08-23 09:33:28 | Epoch   7/100 | Train Loss 1.1140 | Val Loss 0.9753 Acc 0.7399 AUC 0.9580 Pre 0.5323 Rec 0.5989
2026-08-23 09:33:28 |   Val AUC improved to 0.9580, model saved
2026-08-23 09:33:28 | Epoch   8/100 | Train Loss 0.9204 | Val Loss 0.8129 Acc 0.7583 AUC 0.9601 Pre 0.6818 Rec 0.6215
2026-08-23 09:33:28 |   Val AUC improved to 0.9601, model saved
2026-08-23 09:33:28 | Epoch   9/100 | Train Loss 0.7385 | Val Loss 0.7135 Acc 0.7731 AUC 0.9633 Pre 0.6895 Rec 0.6454
2026-08-23 09:33:28 |   Val AUC improved to 0.9633, model saved
2026-08-23 09:33:28 | Epoch  10/100 | Train Loss 0.6138 | Val Loss 0.6513 Acc 0.7731 AUC 0.9663 Pre 0.8298 Rec 0.6551
2026-08-23 09:33:28 |   Val AUC improved to 0.9663, model saved
2026-08-23 09:33:28 | Epoch  11/100 | Train Loss 0.5265 | Val Loss 0.5975 Acc 0.8044 AUC 0.9690 Pre 0.8431 Rec 0.7181
2026-08-23 09:33:28 |   Val AUC improved to 0.9690, model saved
2026-08-23 09:33:28 | Epoch  12/100 | Train Loss 0.4446 | Val Loss 0.5680 Acc 0.8469 AUC 0.9710 Pre 0.8490 Rec 0.8054
2026-08-23 09:33:28 |   Val AUC improved to 0.9710, model saved
2026-08-23 09:33:28 | Epoch  13/100 | Train Loss 0.3745 | Val Loss 0.5362 Acc 0.8672 AUC 0.9730 Pre 0.8446 Rec 0.8438
2026-08-23 09:33:28 |   Val AUC improved to 0.9730, model saved
2026-08-23 09:33:28 | Epoch  14/100 | Train Loss 0.2994 | Val Loss 0.5611 Acc 0.8635 AUC 0.9736 Pre 0.8369 Rec 0.8475
2026-08-23 09:33:28 |   Val AUC improved to 0.9736, model saved
2026-08-23 09:33:28 | Epoch  15/100 | Train Loss 0.2722 | Val Loss 0.5840 Acc 0.8616 AUC 0.9743 Pre 0.8353 Rec 0.8444
2026-08-23 09:33:28 |   Val AUC improved to 0.9743, model saved
2026-08-23 09:33:28 | Epoch  16/100 | Train Loss 0.2392 | Val Loss 0.6132 Acc 0.8672 AUC 0.9748 Pre 0.8450 Rec 0.8508
2026-08-23 09:33:28 |   Val AUC improved to 0.9748, model saved
2026-08-23 09:33:28 | Epoch  17/100 | Train Loss 0.2155 | Val Loss 0.6324 Acc 0.8635 AUC 0.9753 Pre 0.8412 Rec 0.8479
2026-08-23 09:33:28 |   Val AUC improved to 0.9753, model saved
2026-08-23 09:33:28 | Epoch  18/100 | Train Loss 0.1810 | Val Loss 0.6880 Acc 0.8598 AUC 0.9751 Pre 0.8425 Rec 0.8429
2026-08-23 09:33:28 | Epoch  19/100 | Train Loss 0.1726 | Val Loss 0.7370 Acc 0.8616 AUC 0.9749 Pre 0.8508 Rec 0.8417
2026-08-23 09:33:28 | Epoch  20/100 | Train Loss 0.1486 | Val Loss 0.7937 Acc 0.8635 AUC 0.9745 Pre 0.8565 Rec 0.8434
2026-08-23 09:33:28 | Epoch  21/100 | Train Loss 0.1406 | Val Loss 0.8243 Acc 0.8561 AUC 0.9742 Pre 0.8436 Rec 0.8381
2026-08-23 09:33:28 | Epoch  22/100 | Train Loss 0.1148 | Val Loss 0.8643 Acc 0.8579 AUC 0.9739 Pre 0.8443 Rec 0.8460
2026-08-23 09:33:28 | Epoch  23/100 | Train Loss 0.1110 | Val Loss 0.8946 Acc 0.8616 AUC 0.9735 Pre 0.8491 Rec 0.8489
2026-08-23 09:33:28 | Epoch  24/100 | Train Loss 0.0921 | Val Loss 0.9321 Acc 0.8598 AUC 0.9731 Pre 0.8478 Rec 0.8477
2026-08-23 09:33:28 | Epoch  25/100 | Train Loss 0.0838 | Val Loss 0.9652 Acc 0.8635 AUC 0.9725 Pre 0.8515 Rec 0.8524
2026-08-23 09:33:28 | Epoch  26/100 | Train Loss 0.0796 | Val Loss 0.9968 Acc 0.8690 AUC 0.9721 Pre 0.8558 Rec 0.8594
2026-08-23 09:33:28 | Epoch  27/100 | Train Loss 0.0743 | Val Loss 1.0253 Acc 0.8690 AUC 0.9716 Pre 0.8566 Rec 0.8594
2026-08-23 09:33:28 | Val AUC did not improve for 10 consecutive epochs, early stopping at Epoch 27 (best AUC 0.9753 @ Epoch 17)
2026-08-23 09:33:28 | Run 2/5 | Test (best model @ Epoch 17) | Loss 0.5654 Acc 0.8745 AUC 0.9805 Pre 0.8626 Rec 0.8691
2026-08-23 09:33:28 | ===== Run 3/5 (seed 2) =====
2026-08-23 09:33:28 | Epoch   1/100 | Train Loss 1.9537 | Val Loss 1.9059 Acc 0.4982 AUC 0.9149 Pre 0.2458 Rec 0.3338
2026-08-23 09:33:28 |   Val AUC improved to 0.9149, model saved
2026-08-23 09:33:28 | Epoch   2/100 | Train Loss 1.9042 | Val Loss 1.8047 Acc 0.3026 AUC 0.8952 Pre 0.0432 Rec 0.1429
2026-08-23 09:33:28 | Epoch   3/100 | Train Loss 1.8019 | Val Loss 1.6690 Acc 0.3026 AUC 0.8883 Pre 0.0432 Rec 0.1429
2026-08-23 09:33:28 | Epoch   4/100 | Train Loss 1.6626 | Val Loss 1.5550 Acc 0.3026 AUC 0.9194 Pre 0.0432 Rec 0.1429
2026-08-23 09:33:28 |   Val AUC improved to 0.9194, model saved
2026-08-23 09:33:28 | Epoch   5/100 | Train Loss 1.5390 | Val Loss 1.3373 Acc 0.5258 AUC 0.9474 Pre 0.5862 Rec 0.3573
2026-08-23 09:33:28 |   Val AUC improved to 0.9474, model saved
2026-08-23 09:33:28 | Epoch   6/100 | Train Loss 1.3042 | Val Loss 1.1548 Acc 0.7362 AUC 0.9585 Pre 0.5479 Rec 0.5954
2026-08-23 09:33:28 |   Val AUC improved to 0.9585, model saved
2026-08-23 09:33:28 | Epoch   7/100 | Train Loss 1.1063 | Val Loss 0.9710 Acc 0.7638 AUC 0.9626 Pre 0.6806 Rec 0.6372
2026-08-23 09:33:28 |   Val AUC improved to 0.9626, model saved
2026-08-23 09:33:28 | Epoch   8/100 | Train Loss 0.9082 | Val Loss 0.7888 Acc 0.7657 AUC 0.9652 Pre 0.8207 Rec 0.6430
2026-08-23 09:33:28 |   Val AUC improved to 0.9652, model saved
2026-08-23 09:33:28 | Epoch   9/100 | Train Loss 0.7055 | Val Loss 0.6716 Acc 0.7694 AUC 0.9673 Pre 0.8258 Rec 0.6509
2026-08-23 09:33:28 |   Val AUC improved to 0.9673, model saved
2026-08-23 09:33:28 | Epoch  10/100 | Train Loss 0.5629 | Val Loss 0.6244 Acc 0.7952 AUC 0.9699 Pre 0.8435 Rec 0.6958
2026-08-23 09:33:28 |   Val AUC improved to 0.9699, model saved
2026-08-23 09:33:28 | Epoch  11/100 | Train Loss 0.4819 | Val Loss 0.5656 Acc 0.8376 AUC 0.9722 Pre 0.8604 Rec 0.7783
2026-08-23 09:33:28 |   Val AUC improved to 0.9722, model saved
2026-08-23 09:33:28 | Epoch  12/100 | Train Loss 0.3908 | Val Loss 0.5391 Acc 0.8653 AUC 0.9736 Pre 0.8605 Rec 0.8379
2026-08-23 09:33:28 |   Val AUC improved to 0.9736, model saved
2026-08-23 09:33:28 | Epoch  13/100 | Train Loss 0.3292 | Val Loss 0.5393 Acc 0.8672 AUC 0.9745 Pre 0.8406 Rec 0.8475
2026-08-23 09:33:28 |   Val AUC improved to 0.9745, model saved
2026-08-23 09:33:28 | Epoch  14/100 | Train Loss 0.2845 | Val Loss 0.5589 Acc 0.8653 AUC 0.9751 Pre 0.8421 Rec 0.8483
2026-08-23 09:33:28 |   Val AUC improved to 0.9751, model saved
2026-08-23 09:33:28 | Epoch  15/100 | Train Loss 0.2504 | Val Loss 0.5950 Acc 0.8690 AUC 0.9751 Pre 0.8496 Rec 0.8548
2026-08-23 09:33:28 | Epoch  16/100 | Train Loss 0.2283 | Val Loss 0.6179 Acc 0.8672 AUC 0.9750 Pre 0.8511 Rec 0.8453
2026-08-23 09:33:28 | Epoch  17/100 | Train Loss 0.1927 | Val Loss 0.6663 Acc 0.8672 AUC 0.9750 Pre 0.8579 Rec 0.8445
2026-08-23 09:33:28 | Epoch  18/100 | Train Loss 0.1788 | Val Loss 0.7144 Acc 0.8653 AUC 0.9748 Pre 0.8609 Rec 0.8444
2026-08-23 09:33:28 | Epoch  19/100 | Train Loss 0.1611 | Val Loss 0.7644 Acc 0.8653 AUC 0.9747 Pre 0.8593 Rec 0.8486
2026-08-23 09:33:28 | Epoch  20/100 | Train Loss 0.1440 | Val Loss 0.8119 Acc 0.8579 AUC 0.9743 Pre 0.8495 Rec 0.8409
2026-08-23 09:33:28 | Epoch  21/100 | Train Loss 0.1257 | Val Loss 0.8567 Acc 0.8598 AUC 0.9738 Pre 0.8519 Rec 0.8485
2026-08-23 09:33:28 | Epoch  22/100 | Train Loss 0.1158 | Val Loss 0.8986 Acc 0.8579 AUC 0.9733 Pre 0.8473 Rec 0.8468
2026-08-23 09:33:28 | Epoch  23/100 | Train Loss 0.1001 | Val Loss 0.9415 Acc 0.8598 AUC 0.9728 Pre 0.8498 Rec 0.8473
2026-08-23 09:33:28 | Epoch  24/100 | Train Loss 0.0918 | Val Loss 0.9842 Acc 0.8635 AUC 0.9723 Pre 0.8526 Rec 0.8493
2026-08-23 09:33:28 | Val AUC did not improve for 10 consecutive epochs, early stopping at Epoch 24 (best AUC 0.9751 @ Epoch 14)
2026-08-23 09:33:28 | Run 3/5 | Test (best model @ Epoch 14) | Loss 0.5235 Acc 0.8801 AUC 0.9796 Pre 0.8646 Rec 0.8746
2026-08-23 09:33:28 | ===== Run 4/5 (seed 3) =====
2026-08-23 09:33:28 | Epoch   1/100 | Train Loss 1.9363 | Val Loss 1.8883 Acc 0.3026 AUC 0.9171 Pre 0.0432 Rec 0.1429
2026-08-23 09:33:28 |   Val AUC improved to 0.9171, model saved
2026-08-23 09:33:28 | Epoch   2/100 | Train Loss 1.8871 | Val Loss 1.7896 Acc 0.3026 AUC 0.8934 Pre 0.0432 Rec 0.1429
2026-08-23 09:33:28 | Epoch   3/100 | Train Loss 1.7871 | Val Loss 1.6611 Acc 0.3026 AUC 0.8876 Pre 0.0432 Rec 0.1429
2026-08-23 09:33:28 | Epoch   4/100 | Train Loss 1.6576 | Val Loss 1.5251 Acc 0.3026 AUC 0.9262 Pre 0.0432 Rec 0.1429
2026-08-23 09:33:28 |   Val AUC improved to 0.9262, model saved
2026-08-23 09:33:28 | Epoch   5/100 | Train Loss 1.5089 | Val Loss 1.3231 Acc 0.5369 AUC 0.9490 Pre 0.4442 Rec 0.3612
2026-08-23 09:33:28 |   Val AUC improved to 0.9490, model saved
2026-08-23 09:33:28 | Epoch   6/100 | Train Loss 1.2939 | Val Loss 1.1369 Acc 0.7343 AUC 0.9577 Pre 0.5547 Rec 0.5849
2026-08-23 09:33:28 |   Val AUC improved to 0.9577, model saved
2026-08-23 09:33:28 | Epoch   7/100 | Train Loss 1.0937 | Val Loss 0.9550 Acc 0.7528 AUC 0.9610 Pre 0.6915 Rec 0.6145
2026-08-23 09:33:28 |   Val AUC improved to 0.9610, model saved
2026-08-23 09:33:28 | Epoch   8/100 | Train Loss 0.8965 | Val Loss 0.7860 Acc 0.7749 AUC 0.9630 Pre 0.8426 Rec 0.6505
2026-08-23 09:33:28 |   Val AUC improved to 0.9630, model saved
2026-08-23 09:33:28 | Epoch   9/100 | Train Loss 0.7072 | Val Loss 0.6782 Acc 0.7970 AUC 0.9659 Pre 0.8522 Rec 0.6895
2026-08-23 09:33:28 |   Val AUC improved to 0.9659, model saved
2026-08-23 09:33:28 | Epoch  10/100 | Train Loss 0.5748 | Val Loss 0.6149 Acc 0.8137 AUC 0.9689 Pre 0.8430 Rec 0.7318
2026-08-23 09:33:28 |   Val AUC improved to 0.9689, model saved
2026-08-23 09:33:28 | Epoch  11/100 | Train Loss 0.4824 | Val Loss 0.5610 Acc 0.8432 AUC 0.9711 Pre 0.8559 Rec 0.7976
2026-08-23 09:33:28 |   Val AUC improved to 0.9711, model saved
2026-08-23 09:33:28 | Epoch  12/100 | Train Loss 0.3957 | Val Loss 0.5386 Acc 0.8616 AUC 0.9734 Pre 0.8388 Rec 0.8351
2026-08-23 09:33:28 |   Val AUC improved to 0.9734, model saved
2026-08-23 09:33:28 | Epoch  13/100 | Train Loss 0.3329 | Val Loss 0.5268 Acc 0.8598 AUC 0.9753 Pre 0.8283 Rec 0.8390
2026-08-23 09:33:28 |   Val AUC improved to 0.9753, model saved
2026-08-23 09:33:28 | Epoch  14/100 | Train Loss 0.2735 | Val Loss 0.5591 Acc 0.8616 AUC 0.9757 Pre 0.8347 Rec 0.8431
2026-08-23 09:33:28 |   Val AUC improved to 0.9757, model saved
2026-08-23 09:33:28 | Epoch  15/100 | Train Loss 0.2488 | Val Loss 0.5913 Acc 0.8672 AUC 0.9755 Pre 0.8466 Rec 0.8472
2026-08-23 09:33:28 | Epoch  16/100 | Train Loss 0.2245 | Val Loss 0.6205 Acc 0.8708 AUC 0.9757 Pre 0.8536 Rec 0.8513
2026-08-23 09:33:28 |   Val AUC improved to 0.9757, model saved
2026-08-23 09:33:28 | Epoch  17/100 | Train Loss 0.1972 | Val Loss 0.6538 Acc 0.8672 AUC 0.9760 Pre 0.8520 Rec 0.8495
2026-08-23 09:33:28 |   Val AUC improved to 0.9760, model saved
2026-08-23 09:33:28 | Epoch  18/100 | Train Loss 0.1789 | Val Loss 0.7033 Acc 0.8653 AUC 0.9759 Pre 0.8537 Rec 0.8490
2026-08-23 09:33:28 | Epoch  19/100 | Train Loss 0.1652 | Val Loss 0.7526 Acc 0.8616 AUC 0.9757 Pre 0.8530 Rec 0.8453
2026-08-23 09:33:28 | Epoch  20/100 | Train Loss 0.1496 | Val Loss 0.8026 Acc 0.8616 AUC 0.9754 Pre 0.8520 Rec 0.8490
2026-08-23 09:33:28 | Epoch  21/100 | Train Loss 0.1300 | Val Loss 0.8474 Acc 0.8616 AUC 0.9748 Pre 0.8513 Rec 0.8497
2026-08-23 09:33:28 | Epoch  22/100 | Train Loss 0.1134 | Val Loss 0.8877 Acc 0.8579 AUC 0.9740 Pre 0.8464 Rec 0.8450
2026-08-23 09:33:28 | Epoch  23/100 | Train Loss 0.1030 | Val Loss 0.9222 Acc 0.8598 AUC 0.9736 Pre 0.8464 Rec 0.8464
2026-08-23 09:33:28 | Epoch  24/100 | Train Loss 0.0914 | Val Loss 0.9635 Acc 0.8598 AUC 0.9731 Pre 0.8478 Rec 0.8477
2026-08-23 09:33:28 | Epoch  25/100 | Train Loss 0.0832 | Val Loss 1.0006 Acc 0.8561 AUC 0.9725 Pre 0.8431 Rec 0.8451
2026-08-23 09:33:28 | Epoch  26/100 | Train Loss 0.0767 | Val Loss 1.0339 Acc 0.8616 AUC 0.9721 Pre 0.8482 Rec 0.8488
2026-08-23 09:33:28 | Epoch  27/100 | Train Loss 0.0721 | Val Loss 1.0520 Acc 0.8672 AUC 0.9719 Pre 0.8530 Rec 0.8570
2026-08-23 09:33:28 | Val AUC did not improve for 10 consecutive epochs, early stopping at Epoch 27 (best AUC 0.9760 @ Epoch 17)
2026-08-23 09:33:28 | Run 4/5 | Test (best model @ Epoch 17) | Loss 0.6011 Acc 0.8782 AUC 0.9801 Pre 0.8716 Rec 0.8671
2026-08-23 09:33:28 | ===== Run 5/5 (seed 4) =====
2026-08-23 09:33:28 | Epoch   1/100 | Train Loss 1.9546 | Val Loss 1.9063 Acc 0.4926 AUC 0.9214 Pre 0.2625 Rec 0.3270
2026-08-23 09:33:28 |   Val AUC improved to 0.9214, model saved
2026-08-23 09:33:28 | Epoch   2/100 | Train Loss 1.9044 | Val Loss 1.7998 Acc 0.3026 AUC 0.8938 Pre 0.0432 Rec 0.1429
2026-08-23 09:33:28 | Epoch   3/100 | Train Loss 1.7959 | Val Loss 1.6617 Acc 0.3026 AUC 0.8756 Pre 0.0432 Rec 0.1429
2026-08-23 09:33:28 | Epoch   4/100 | Train Loss 1.6545 | Val Loss 1.5321 Acc 0.3173 AUC 0.9164 Pre 0.1867 Rec 0.1565
2026-08-23 09:33:28 | Epoch   5/100 | Train Loss 1.5135 | Val Loss 1.3080 Acc 0.5535 AUC 0.9456 Pre 0.5811 Rec 0.3800
2026-08-23 09:33:28 |   Val AUC improved to 0.9456, model saved
2026-08-23 09:33:28 | Epoch   6/100 | Train Loss 1.2750 | Val Loss 1.1228 Acc 0.7306 AUC 0.9561 Pre 0.5404 Rec 0.5860
2026-08-23 09:33:28 |   Val AUC improved to 0.9561, model saved
2026-08-23 09:33:28 | Epoch   7/100 | Train Loss 1.0795 | Val Loss 0.9501 Acc 0.7546 AUC 0.9600 Pre 0.5404 Rec 0.6219
2026-08-23 09:33:29 |   Val AUC improved to 0.9600, model saved
2026-08-23 09:33:29 | Epoch   8/100 | Train Loss 0.8956 | Val Loss 0.7901 Acc 0.7583 AUC 0.9632 Pre 0.5371 Rec 0.6238
2026-08-23 09:33:29 |   Val AUC improved to 0.9632, model saved
2026-08-23 09:33:29 | Epoch   9/100 | Train Loss 0.7157 | Val Loss 0.6896 Acc 0.7675 AUC 0.9654 Pre 0.8294 Rec 0.6372
2026-08-23 09:33:29 |   Val AUC improved to 0.9654, model saved
2026-08-23 09:33:29 | Epoch  10/100 | Train Loss 0.5895 | Val Loss 0.6443 Acc 0.7915 AUC 0.9678 Pre 0.8409 Rec 0.6820
2026-08-23 09:33:29 |   Val AUC improved to 0.9678, model saved
2026-08-23 09:33:29 | Epoch  11/100 | Train Loss 0.5118 | Val Loss 0.5905 Acc 0.8192 AUC 0.9700 Pre 0.8473 Rec 0.7392
2026-08-23 09:33:29 |   Val AUC improved to 0.9700, model saved
2026-08-23 09:33:29 | Epoch  12/100 | Train Loss 0.4277 | Val Loss 0.5597 Acc 0.8616 AUC 0.9718 Pre 0.8697 Rec 0.8272
2026-08-23 09:33:29 |   Val AUC improved to 0.9718, model saved
2026-08-23 09:33:29 | Epoch  13/100 | Train Loss 0.3628 | Val Loss 0.5393 Acc 0.8653 AUC 0.9734 Pre 0.8383 Rec 0.8432
2026-08-23 09:33:29 |   Val AUC improved to 0.9734, model saved
2026-08-23 09:33:29 | Epoch  14/100 | Train Loss 0.3025 | Val Loss 0.5542 Acc 0.8653 AUC 0.9745 Pre 0.8380 Rec 0.8490
2026-08-23 09:33:29 |   Val AUC improved to 0.9745, model saved
2026-08-23 09:33:29 | Epoch  15/100 | Train Loss 0.2668 | Val Loss 0.5826 Acc 0.8635 AUC 0.9754 Pre 0.8388 Rec 0.8480
2026-08-23 09:33:29 |   Val AUC improved to 0.9754, model saved
2026-08-23 09:33:29 | Epoch  16/100 | Train Loss 0.2393 | Val Loss 0.6160 Acc 0.8616 AUC 0.9752 Pre 0.8386 Rec 0.8460
2026-08-23 09:33:29 | Epoch  17/100 | Train Loss 0.2165 | Val Loss 0.6483 Acc 0.8616 AUC 0.9749 Pre 0.8409 Rec 0.8438
2026-08-23 09:33:29 | Epoch  18/100 | Train Loss 0.1822 | Val Loss 0.7045 Acc 0.8579 AUC 0.9747 Pre 0.8447 Rec 0.8359
2026-08-23 09:33:29 | Epoch  19/100 | Train Loss 0.1680 | Val Loss 0.7575 Acc 0.8561 AUC 0.9744 Pre 0.8476 Rec 0.8326
2026-08-23 09:33:29 | Epoch  20/100 | Train Loss 0.1503 | Val Loss 0.8097 Acc 0.8598 AUC 0.9742 Pre 0.8525 Rec 0.8418
2026-08-23 09:33:29 | Epoch  21/100 | Train Loss 0.1363 | Val Loss 0.8505 Acc 0.8579 AUC 0.9738 Pre 0.8482 Rec 0.8428
2026-08-23 09:33:29 | Epoch  22/100 | Train Loss 0.1188 | Val Loss 0.8884 Acc 0.8598 AUC 0.9734 Pre 0.8508 Rec 0.8460
2026-08-23 09:33:29 | Epoch  23/100 | Train Loss 0.1065 | Val Loss 0.9217 Acc 0.8598 AUC 0.9731 Pre 0.8483 Rec 0.8464
2026-08-23 09:33:29 | Epoch  24/100 | Train Loss 0.0923 | Val Loss 0.9572 Acc 0.8635 AUC 0.9726 Pre 0.8515 Rec 0.8512
2026-08-23 09:33:29 | Epoch  25/100 | Train Loss 0.0848 | Val Loss 0.9926 Acc 0.8653 AUC 0.9724 Pre 0.8527 Rec 0.8532
2026-08-23 09:33:29 | Val AUC did not improve for 10 consecutive epochs, early stopping at Epoch 25 (best AUC 0.9754 @ Epoch 15)
2026-08-23 09:33:29 | Run 5/5 | Test (best model @ Epoch 15) | Loss 0.5540 Acc 0.8819 AUC 0.9791 Pre 0.8648 Rec 0.8787
2026-08-23 09:33:29 | Average over 5 runs | Test Loss 0.5535±0.0324 Acc 0.8786±0.0027 AUC 0.9797±0.0006 Pre 0.8640±0.0055 Rec 0.8723±0.0046
