2026-08-30 00:23:50 | Device: cuda
2026-08-30 00:23:50 | Args: {'model': 'fgib', 'backbone': 'mlp', 'task': 'mnist', 'epochs': 400, 'batch_size': 512, 'lr': 0.001, 'hidden_dims': [512, 256], 'dropout': 0.2, 'z_dim': 256, 'anchor_scale': 16.0, 'max_len': 250, 'random_labels': False, 'beta': 1.0, 'patience': 400, 'runs': 5, 'seed': 0, 'data_dir': './data', 'save_path': 'output/mnist_mlp_fgib/mnist_mlp_fgib.pt', 'log_path': '/root/autodl-tmp/FGIB/tune_results_ablation/longtrain/mnist_mlp_fgib_beta_1_anchor_16/train.log', 'no_save': True, 'freeze_a': False, 'a_identity': False, 'cosine_classifier': False, 'log_variance_stats': True, 'subject_disjoint': False}
2026-08-30 00:23:51 | ===== Run 1/5 (seed 0) =====
2026-08-30 00:23:55 | Epoch   1/400 | Train Loss 44.6122 Acc 0.8033 | Val Loss 14.9183 Acc 0.9493 AUC 0.9975 Pre 0.9489 Rec 0.9488
2026-08-30 00:23:55 | Diag logvar_q_mean=0.0000 logvar_q_clamp=0.0000 kappa_log10=3.4676
2026-08-30 00:23:55 |   Val AUC improved to 0.9975, model saved
2026-08-30 00:23:58 | Epoch   2/400 | Train Loss 15.0288 Acc 0.9626 | Val Loss 9.6710 Acc 0.9678 AUC 0.9989 Pre 0.9676 Rec 0.9675
2026-08-30 00:23:59 | Diag logvar_q_mean=0.0000 logvar_q_clamp=0.0000 kappa_log10=3.3684
2026-08-30 00:23:59 |   Val AUC improved to 0.9989, model saved
2026-08-30 00:24:02 | Epoch   3/400 | Train Loss 11.2667 Acc 0.9753 | Val Loss 7.7687 Acc 0.9739 AUC 0.9993 Pre 0.9736 Rec 0.9738
2026-08-30 00:24:03 | Diag logvar_q_mean=0.0000 logvar_q_clamp=0.0000 kappa_log10=4.1665
2026-08-30 00:24:03 |   Val AUC improved to 0.9993, model saved
2026-08-30 00:24:06 | Epoch   4/400 | Train Loss 9.4370 Acc 0.9817 | Val Loss 6.9381 Acc 0.9774 AUC 0.9994 Pre 0.9773 Rec 0.9772
2026-08-30 00:24:07 | Diag logvar_q_mean=0.0000 logvar_q_clamp=0.0000 kappa_log10=4.2993
2026-08-30 00:24:07 |   Val AUC improved to 0.9994, model saved
2026-08-30 00:24:10 | Epoch   5/400 | Train Loss 8.4007 Acc 0.9855 | Val Loss 6.6673 Acc 0.9765 AUC 0.9995 Pre 0.9762 Rec 0.9764
2026-08-30 00:24:11 | Diag logvar_q_mean=0.0000 logvar_q_clamp=0.0000 kappa_log10=4.0229
2026-08-30 00:24:11 |   Val AUC improved to 0.9995, model saved
2026-08-30 00:24:14 | Epoch   6/400 | Train Loss 7.4952 Acc 0.9884 | Val Loss 6.0687 Acc 0.9806 AUC 0.9995 Pre 0.9805 Rec 0.9804
2026-08-30 00:24:14 | Diag logvar_q_mean=0.0000 logvar_q_clamp=0.0000 kappa_log10=4.4633
2026-08-30 00:24:14 |   Val AUC improved to 0.9995, model saved
2026-08-30 00:24:18 | Epoch   7/400 | Train Loss 6.7483 Acc 0.9903 | Val Loss 5.8227 Acc 0.9796 AUC 0.9996 Pre 0.9793 Rec 0.9794
2026-08-30 00:24:18 | Diag logvar_q_mean=0.0000 logvar_q_clamp=0.0000 kappa_log10=4.2234
2026-08-30 00:24:18 |   Val AUC improved to 0.9996, model saved
2026-08-30 00:24:22 | Epoch   8/400 | Train Loss 6.3672 Acc 0.9917 | Val Loss 5.7922 Acc 0.9791 AUC 0.9996 Pre 0.9789 Rec 0.9788
2026-08-30 00:24:22 | Diag logvar_q_mean=0.0000 logvar_q_clamp=0.0000 kappa_log10=4.7225
2026-08-30 00:24:26 | Epoch   9/400 | Train Loss 6.1007 Acc 0.9924 | Val Loss 5.3532 Acc 0.9813 AUC 0.9996 Pre 0.9810 Rec 0.9811
2026-08-30 00:24:26 | Diag logvar_q_mean=0.0000 logvar_q_clamp=0.0000 kappa_log10=4.9930
2026-08-30 00:24:26 |   Val AUC improved to 0.9996, model saved
2026-08-30 00:24:29 | Epoch  10/400 | Train Loss 5.5829 Acc 0.9939 | Val Loss 5.4076 Acc 0.9819 AUC 0.9996 Pre 0.9818 Rec 0.9817
2026-08-30 00:24:30 | Diag logvar_q_mean=0.0000 logvar_q_clamp=0.0000 kappa_log10=6.0780
2026-08-30 00:24:33 | Epoch  11/400 | Train Loss 5.3655 Acc 0.9947 | Val Loss 5.5454 Acc 0.9815 AUC 0.9996 Pre 0.9814 Rec 0.9812
2026-08-30 00:24:34 | Diag logvar_q_mean=0.0000 logvar_q_clamp=0.0000 kappa_log10=5.1231
2026-08-30 00:24:37 | Epoch  12/400 | Train Loss 5.1366 Acc 0.9956 | Val Loss 5.2039 Acc 0.9816 AUC 0.9996 Pre 0.9814 Rec 0.9814
2026-08-30 00:24:37 | Diag logvar_q_mean=0.0000 logvar_q_clamp=0.0000 kappa_log10=4.9479
2026-08-30 00:24:41 | Epoch  13/400 | Train Loss 4.8517 Acc 0.9957 | Val Loss 5.2388 Acc 0.9823 AUC 0.9995 Pre 0.9821 Rec 0.9822
2026-08-30 00:24:41 | Diag logvar_q_mean=0.0000 logvar_q_clamp=0.0000 kappa_log10=5.6899
2026-08-30 00:24:45 | Epoch  14/400 | Train Loss 4.6625 Acc 0.9963 | Val Loss 5.1651 Acc 0.9822 AUC 0.9996 Pre 0.9820 Rec 0.9820
2026-08-30 00:24:45 | Diag logvar_q_mean=0.0000 logvar_q_clamp=0.0000 kappa_log10=6.2710
2026-08-30 00:24:45 |   Val AUC improved to 0.9996, model saved
2026-08-30 00:24:48 | Epoch  15/400 | Train Loss 4.5193 Acc 0.9965 | Val Loss 5.1999 Acc 0.9818 AUC 0.9995 Pre 0.9816 Rec 0.9816
2026-08-30 00:24:49 | Diag logvar_q_mean=0.0000 logvar_q_clamp=0.0000 kappa_log10=5.1918
2026-08-30 00:24:52 | Epoch  16/400 | Train Loss 4.3106 Acc 0.9972 | Val Loss 4.9555 Acc 0.9822 AUC 0.9996 Pre 0.9821 Rec 0.9820
2026-08-30 00:24:53 | Diag logvar_q_mean=0.0000 logvar_q_clamp=0.0000 kappa_log10=6.2617
2026-08-30 00:24:56 | Epoch  17/400 | Train Loss 4.1966 Acc 0.9971 | Val Loss 5.0097 Acc 0.9831 AUC 0.9996 Pre 0.9831 Rec 0.9829
2026-08-30 00:24:57 | Diag logvar_q_mean=0.0000 logvar_q_clamp=0.0000 kappa_log10=5.4806
2026-08-30 00:25:00 | Epoch  18/400 | Train Loss 4.0876 Acc 0.9973 | Val Loss 4.8820 Acc 0.9831 AUC 0.9996 Pre 0.9829 Rec 0.9830
2026-08-30 00:25:00 | Diag logvar_q_mean=0.0000 logvar_q_clamp=0.0000 kappa_log10=5.6019
2026-08-30 00:25:04 | Epoch  19/400 | Train Loss 3.9722 Acc 0.9977 | Val Loss 4.8912 Acc 0.9825 AUC 0.9997 Pre 0.9824 Rec 0.9822
2026-08-30 00:25:04 | Diag logvar_q_mean=0.0000 logvar_q_clamp=0.0000 kappa_log10=5.8426
2026-08-30 00:25:04 |   Val AUC improved to 0.9997, model saved
2026-08-30 00:25:07 | Epoch  20/400 | Train Loss 3.8266 Acc 0.9979 | Val Loss 4.9454 Acc 0.9829 AUC 0.9996 Pre 0.9828 Rec 0.9828
2026-08-30 00:25:08 | Diag logvar_q_mean=0.0000 logvar_q_clamp=0.0000 kappa_log10=6.6955
2026-08-30 00:25:11 | Epoch  21/400 | Train Loss 3.7420 Acc 0.9980 | Val Loss 4.8384 Acc 0.9836 AUC 0.9997 Pre 0.9835 Rec 0.9834
2026-08-30 00:25:12 | Diag logvar_q_mean=0.0000 logvar_q_clamp=0.0000 kappa_log10=5.8022
2026-08-30 00:25:12 |   Val AUC improved to 0.9997, model saved
2026-08-30 00:25:15 | Epoch  22/400 | Train Loss 3.7364 Acc 0.9982 | Val Loss 4.9616 Acc 0.9824 AUC 0.9995 Pre 0.9822 Rec 0.9823
2026-08-30 00:25:16 | Diag logvar_q_mean=0.0000 logvar_q_clamp=0.0000 kappa_log10=5.7188
2026-08-30 00:25:19 | Epoch  23/400 | Train Loss 3.6042 Acc 0.9982 | Val Loss 4.8969 Acc 0.9829 AUC 0.9996 Pre 0.9827 Rec 0.9827
2026-08-30 00:25:19 | Diag logvar_q_mean=0.0000 logvar_q_clamp=0.0000 kappa_log10=6.0189
2026-08-30 00:25:23 | Epoch  24/400 | Train Loss 3.4389 Acc 0.9984 | Val Loss 4.9304 Acc 0.9823 AUC 0.9996 Pre 0.9823 Rec 0.9822
2026-08-30 00:25:23 | Diag logvar_q_mean=0.0000 logvar_q_clamp=0.0000 kappa_log10=6.6068
2026-08-30 00:25:26 | Epoch  25/400 | Train Loss 3.3877 Acc 0.9985 | Val Loss 4.8674 Acc 0.9819 AUC 0.9995 Pre 0.9818 Rec 0.9817
2026-08-30 00:25:27 | Diag logvar_q_mean=0.0000 logvar_q_clamp=0.0000 kappa_log10=5.5450
2026-08-30 00:25:30 | Epoch  26/400 | Train Loss 3.4026 Acc 0.9985 | Val Loss 4.7365 Acc 0.9828 AUC 0.9995 Pre 0.9827 Rec 0.9826
2026-08-30 00:25:31 | Diag logvar_q_mean=0.0000 logvar_q_clamp=0.0000 kappa_log10=6.0721
2026-08-30 00:25:34 | Epoch  27/400 | Train Loss 3.3370 Acc 0.9986 | Val Loss 4.7824 Acc 0.9826 AUC 0.9995 Pre 0.9825 Rec 0.9824
2026-08-30 00:25:35 | Diag logvar_q_mean=0.0000 logvar_q_clamp=0.0000 kappa_log10=5.8686
2026-08-30 00:25:38 | Epoch  28/400 | Train Loss 3.2286 Acc 0.9985 | Val Loss 4.9455 Acc 0.9838 AUC 0.9995 Pre 0.9837 Rec 0.9836
2026-08-30 00:25:38 | Diag logvar_q_mean=0.0000 logvar_q_clamp=0.0000 kappa_log10=7.1702
2026-08-30 00:25:42 | Epoch  29/400 | Train Loss 3.1740 Acc 0.9988 | Val Loss 4.7975 Acc 0.9821 AUC 0.9994 Pre 0.9820 Rec 0.9819
2026-08-30 00:25:42 | Diag logvar_q_mean=0.0000 logvar_q_clamp=0.0000 kappa_log10=6.6293
2026-08-30 00:25:45 | Epoch  30/400 | Train Loss 3.1408 Acc 0.9988 | Val Loss 4.6365 Acc 0.9829 AUC 0.9996 Pre 0.9828 Rec 0.9828
2026-08-30 00:25:46 | Diag logvar_q_mean=0.0000 logvar_q_clamp=0.0000 kappa_log10=5.8568
2026-08-30 00:25:49 | Epoch  31/400 | Train Loss 3.1790 Acc 0.9986 | Val Loss 4.8376 Acc 0.9829 AUC 0.9994 Pre 0.9828 Rec 0.9827
2026-08-30 00:25:50 | Diag logvar_q_mean=0.0000 logvar_q_clamp=0.0000 kappa_log10=5.7982
2026-08-30 00:25:53 | Epoch  32/400 | Train Loss 3.1188 Acc 0.9987 | Val Loss 4.7725 Acc 0.9835 AUC 0.9995 Pre 0.9834 Rec 0.9833
2026-08-30 00:25:54 | Diag logvar_q_mean=0.0000 logvar_q_clamp=0.0000 kappa_log10=5.5691
2026-08-30 00:25:57 | Epoch  33/400 | Train Loss 3.0361 Acc 0.9992 | Val Loss 4.8047 Acc 0.9824 AUC 0.9994 Pre 0.9822 Rec 0.9821
2026-08-30 00:25:57 | Diag logvar_q_mean=0.0000 logvar_q_clamp=0.0000 kappa_log10=5.6009
2026-08-30 00:26:01 | Epoch  34/400 | Train Loss 3.0102 Acc 0.9991 | Val Loss 5.0343 Acc 0.9822 AUC 0.9994 Pre 0.9820 Rec 0.9820
2026-08-30 00:26:01 | Diag logvar_q_mean=0.0000 logvar_q_clamp=0.0000 kappa_log10=6.2312
2026-08-30 00:26:04 | Epoch  35/400 | Train Loss 3.0048 Acc 0.9991 | Val Loss 4.8189 Acc 0.9823 AUC 0.9995 Pre 0.9821 Rec 0.9821
2026-08-30 00:26:05 | Diag logvar_q_mean=0.0000 logvar_q_clamp=0.0000 kappa_log10=6.1116
2026-08-30 00:26:08 | Epoch  36/400 | Train Loss 2.8971 Acc 0.9990 | Val Loss 4.7537 Acc 0.9833 AUC 0.9995 Pre 0.9831 Rec 0.9831
2026-08-30 00:26:09 | Diag logvar_q_mean=0.0000 logvar_q_clamp=0.0000 kappa_log10=6.5221
2026-08-30 00:26:12 | Epoch  37/400 | Train Loss 2.8973 Acc 0.9990 | Val Loss 4.9395 Acc 0.9822 AUC 0.9994 Pre 0.9819 Rec 0.9820
2026-08-30 00:26:13 | Diag logvar_q_mean=0.0000 logvar_q_clamp=0.0000 kappa_log10=7.8561
2026-08-30 00:26:16 | Epoch  38/400 | Train Loss 2.7981 Acc 0.9993 | Val Loss 4.7802 Acc 0.9826 AUC 0.9990 Pre 0.9825 Rec 0.9823
2026-08-30 00:26:16 | Diag logvar_q_mean=0.0000 logvar_q_clamp=0.0000 kappa_log10=6.7204
2026-08-30 00:26:20 | Epoch  39/400 | Train Loss 2.8337 Acc 0.9989 | Val Loss 5.0775 Acc 0.9813 AUC 0.9993 Pre 0.9811 Rec 0.9811
2026-08-30 00:26:20 | Diag logvar_q_mean=0.0000 logvar_q_clamp=0.0000 kappa_log10=6.2126
2026-08-30 00:26:23 | Epoch  40/400 | Train Loss 2.9042 Acc 0.9991 | Val Loss 4.9245 Acc 0.9828 AUC 0.9992 Pre 0.9826 Rec 0.9825
2026-08-30 00:26:24 | Diag logvar_q_mean=0.0000 logvar_q_clamp=0.0000 kappa_log10=5.7136
2026-08-30 00:26:27 | Epoch  41/400 | Train Loss 2.7857 Acc 0.9992 | Val Loss 4.8283 Acc 0.9831 AUC 0.9995 Pre 0.9830 Rec 0.9829
2026-08-30 00:26:28 | Diag logvar_q_mean=0.0000 logvar_q_clamp=0.0000 kappa_log10=6.0470
2026-08-30 00:26:31 | Epoch  42/400 | Train Loss 2.7783 Acc 0.9991 | Val Loss 4.8761 Acc 0.9817 AUC 0.9992 Pre 0.9815 Rec 0.9816
2026-08-30 00:26:32 | Diag logvar_q_mean=0.0000 logvar_q_clamp=0.0000 kappa_log10=5.9175
2026-08-30 00:26:35 | Epoch  43/400 | Train Loss 2.8144 Acc 0.9990 | Val Loss 4.7841 Acc 0.9833 AUC 0.9993 Pre 0.9832 Rec 0.9831
2026-08-30 00:26:35 | Diag logvar_q_mean=0.0000 logvar_q_clamp=0.0000 kappa_log10=8.7971
2026-08-30 00:26:39 | Epoch  44/400 | Train Loss 2.7458 Acc 0.9990 | Val Loss 5.0266 Acc 0.9818 AUC 0.9993 Pre 0.9817 Rec 0.9816
2026-08-30 00:26:39 | Diag logvar_q_mean=0.0000 logvar_q_clamp=0.0000 kappa_log10=6.4439
2026-08-30 00:26:42 | Epoch  45/400 | Train Loss 2.6994 Acc 0.9992 | Val Loss 4.7777 Acc 0.9828 AUC 0.9994 Pre 0.9827 Rec 0.9826
2026-08-30 00:26:43 | Diag logvar_q_mean=0.0000 logvar_q_clamp=0.0000 kappa_log10=6.1238
2026-08-30 00:26:46 | Epoch  46/400 | Train Loss 2.6962 Acc 0.9992 | Val Loss 4.9742 Acc 0.9833 AUC 0.9993 Pre 0.9832 Rec 0.9831
2026-08-30 00:26:47 | Diag logvar_q_mean=0.0000 logvar_q_clamp=0.0000 kappa_log10=6.1598
2026-08-30 00:26:50 | Epoch  47/400 | Train Loss 2.6312 Acc 0.9993 | Val Loss 5.0838 Acc 0.9818 AUC 0.9992 Pre 0.9817 Rec 0.9817
2026-08-30 00:26:50 | Diag logvar_q_mean=0.0000 logvar_q_clamp=0.0000 kappa_log10=6.4784
2026-08-30 00:26:54 | Epoch  48/400 | Train Loss 2.6834 Acc 0.9993 | Val Loss 5.0579 Acc 0.9814 AUC 0.9993 Pre 0.9812 Rec 0.9812
2026-08-30 00:26:54 | Diag logvar_q_mean=0.0000 logvar_q_clamp=0.0000 kappa_log10=7.0732
2026-08-30 00:26:57 | Epoch  49/400 | Train Loss 2.6508 Acc 0.9989 | Val Loss 4.7926 Acc 0.9826 AUC 0.9993 Pre 0.9825 Rec 0.9824
2026-08-30 00:26:58 | Diag logvar_q_mean=0.0000 logvar_q_clamp=0.0000 kappa_log10=5.6395
2026-08-30 00:27:01 | Epoch  50/400 | Train Loss 2.6484 Acc 0.9991 | Val Loss 4.7706 Acc 0.9828 AUC 0.9994 Pre 0.9826 Rec 0.9827
2026-08-30 00:27:02 | Diag logvar_q_mean=0.0000 logvar_q_clamp=0.0000 kappa_log10=6.4265
2026-08-30 00:27:05 | Epoch  51/400 | Train Loss 2.5599 Acc 0.9992 | Val Loss 4.7591 Acc 0.9823 AUC 0.9994 Pre 0.9822 Rec 0.9821
2026-08-30 00:27:06 | Diag logvar_q_mean=0.0000 logvar_q_clamp=0.0000 kappa_log10=6.2405
2026-08-30 00:27:09 | Epoch  52/400 | Train Loss 2.5763 Acc 0.9991 | Val Loss 4.9366 Acc 0.9822 AUC 0.9994 Pre 0.9821 Rec 0.9820
2026-08-30 00:27:09 | Diag logvar_q_mean=0.0000 logvar_q_clamp=0.0000 kappa_log10=6.7408
2026-08-30 00:27:13 | Epoch  53/400 | Train Loss 2.6002 Acc 0.9990 | Val Loss 4.9618 Acc 0.9824 AUC 0.9994 Pre 0.9822 Rec 0.9823
2026-08-30 00:27:13 | Diag logvar_q_mean=0.0000 logvar_q_clamp=0.0000 kappa_log10=5.5341
2026-08-30 00:27:17 | Epoch  54/400 | Train Loss 2.6232 Acc 0.9992 | Val Loss 5.1696 Acc 0.9817 AUC 0.9992 Pre 0.9815 Rec 0.9816
2026-08-30 00:27:17 | Diag logvar_q_mean=0.0000 logvar_q_clamp=0.0000 kappa_log10=6.6165
2026-08-30 00:27:20 | Epoch  55/400 | Train Loss 2.5417 Acc 0.9992 | Val Loss 4.9678 Acc 0.9819 AUC 0.9993 Pre 0.9819 Rec 0.9816
2026-08-30 00:27:21 | Diag logvar_q_mean=0.0000 logvar_q_clamp=0.0000 kappa_log10=5.9266
2026-08-30 00:27:24 | Epoch  56/400 | Train Loss 2.4666 Acc 0.9993 | Val Loss 5.0616 Acc 0.9825 AUC 0.9993 Pre 0.9824 Rec 0.9823
2026-08-30 00:27:25 | Diag logvar_q_mean=0.0000 logvar_q_clamp=0.0000 kappa_log10=6.0056
2026-08-30 00:27:28 | Epoch  57/400 | Train Loss 2.4379 Acc 0.9994 | Val Loss 5.0681 Acc 0.9821 AUC 0.9991 Pre 0.9819 Rec 0.9819
2026-08-30 00:27:29 | Diag logvar_q_mean=0.0000 logvar_q_clamp=0.0000 kappa_log10=5.8118
2026-08-30 00:27:32 | Epoch  58/400 | Train Loss 2.4389 Acc 0.9993 | Val Loss 5.1797 Acc 0.9810 AUC 0.9992 Pre 0.9808 Rec 0.9809
2026-08-30 00:27:32 | Diag logvar_q_mean=0.0000 logvar_q_clamp=0.0000 kappa_log10=6.2211
2026-08-30 00:27:36 | Epoch  59/400 | Train Loss 2.4262 Acc 0.9994 | Val Loss 4.9671 Acc 0.9831 AUC 0.9992 Pre 0.9829 Rec 0.9829
2026-08-30 00:27:36 | Diag logvar_q_mean=0.0000 logvar_q_clamp=0.0000 kappa_log10=5.9910
2026-08-30 00:27:40 | Epoch  60/400 | Train Loss 2.3916 Acc 0.9995 | Val Loss 5.1571 Acc 0.9816 AUC 0.9989 Pre 0.9816 Rec 0.9813
2026-08-30 00:27:40 | Diag logvar_q_mean=0.0000 logvar_q_clamp=0.0000 kappa_log10=5.9119
2026-08-30 00:27:43 | Epoch  61/400 | Train Loss 2.4261 Acc 0.9992 | Val Loss 5.1101 Acc 0.9806 AUC 0.9991 Pre 0.9804 Rec 0.9804
2026-08-30 00:27:44 | Diag logvar_q_mean=0.0000 logvar_q_clamp=0.0000 kappa_log10=6.0461
2026-08-30 00:27:47 | Epoch  62/400 | Train Loss 2.4462 Acc 0.9994 | Val Loss 5.3057 Acc 0.9811 AUC 0.9991 Pre 0.9809 Rec 0.9809
2026-08-30 00:27:48 | Diag logvar_q_mean=0.0000 logvar_q_clamp=0.0000 kappa_log10=6.8009
2026-08-30 00:27:51 | Epoch  63/400 | Train Loss 2.4479 Acc 0.9995 | Val Loss 5.2355 Acc 0.9811 AUC 0.9992 Pre 0.9809 Rec 0.9809
2026-08-30 00:27:52 | Diag logvar_q_mean=0.0000 logvar_q_clamp=0.0000 kappa_log10=6.9755
2026-08-30 00:27:55 | Epoch  64/400 | Train Loss 2.4907 Acc 0.9992 | Val Loss 5.0636 Acc 0.9825 AUC 0.9992 Pre 0.9823 Rec 0.9823
2026-08-30 00:27:55 | Diag logvar_q_mean=0.0000 logvar_q_clamp=0.0000 kappa_log10=5.6322
2026-08-30 00:27:59 | Epoch  65/400 | Train Loss 2.4982 Acc 0.9993 | Val Loss 5.2473 Acc 0.9804 AUC 0.9992 Pre 0.9802 Rec 0.9801
2026-08-30 00:27:59 | Diag logvar_q_mean=0.0000 logvar_q_clamp=0.0000 kappa_log10=6.0779
2026-08-30 00:28:03 | Epoch  66/400 | Train Loss 2.3927 Acc 0.9993 | Val Loss 5.1496 Acc 0.9818 AUC 0.9993 Pre 0.9817 Rec 0.9816
2026-08-30 00:28:03 | Diag logvar_q_mean=0.0000 logvar_q_clamp=0.0000 kappa_log10=6.0750
2026-08-30 00:28:07 | Epoch  67/400 | Train Loss 2.3722 Acc 0.9993 | Val Loss 5.0844 Acc 0.9818 AUC 0.9991 Pre 0.9817 Rec 0.9815
2026-08-30 00:28:07 | Diag logvar_q_mean=0.0000 logvar_q_clamp=0.0000 kappa_log10=6.0289
2026-08-30 00:28:10 | Epoch  68/400 | Train Loss 2.3756 Acc 0.9992 | Val Loss 5.2701 Acc 0.9819 AUC 0.9991 Pre 0.9819 Rec 0.9817
2026-08-30 00:28:11 | Diag logvar_q_mean=0.0000 logvar_q_clamp=0.0000 kappa_log10=6.2503
2026-08-30 00:28:14 | Epoch  69/400 | Train Loss 2.3844 Acc 0.9993 | Val Loss 5.3193 Acc 0.9822 AUC 0.9990 Pre 0.9821 Rec 0.9820
2026-08-30 00:28:15 | Diag logvar_q_mean=0.0000 logvar_q_clamp=0.0000 kappa_log10=5.7952
2026-08-30 00:28:18 | Epoch  70/400 | Train Loss 2.2779 Acc 0.9995 | Val Loss 5.1279 Acc 0.9800 AUC 0.9993 Pre 0.9798 Rec 0.9798
2026-08-30 00:28:19 | Diag logvar_q_mean=0.0000 logvar_q_clamp=0.0000 kappa_log10=5.9471
2026-08-30 00:28:22 | Epoch  71/400 | Train Loss 2.3161 Acc 0.9994 | Val Loss 5.1371 Acc 0.9818 AUC 0.9993 Pre 0.9817 Rec 0.9815
2026-08-30 00:28:23 | Diag logvar_q_mean=0.0000 logvar_q_clamp=0.0000 kappa_log10=5.7281
2026-08-30 00:28:26 | Epoch  72/400 | Train Loss 2.3174 Acc 0.9994 | Val Loss 5.2489 Acc 0.9821 AUC 0.9992 Pre 0.9819 Rec 0.9819
2026-08-30 00:28:27 | Diag logvar_q_mean=0.0000 logvar_q_clamp=0.0000 kappa_log10=6.0326
2026-08-30 00:28:30 | Epoch  73/400 | Train Loss 2.3951 Acc 0.9994 | Val Loss 5.1182 Acc 0.9818 AUC 0.9992 Pre 0.9816 Rec 0.9816
2026-08-30 00:28:31 | Diag logvar_q_mean=0.0000 logvar_q_clamp=0.0000 kappa_log10=5.7360
2026-08-30 00:28:34 | Epoch  74/400 | Train Loss 2.3287 Acc 0.9995 | Val Loss 5.2886 Acc 0.9820 AUC 0.9991 Pre 0.9819 Rec 0.9818
2026-08-30 00:28:34 | Diag logvar_q_mean=0.0000 logvar_q_clamp=0.0000 kappa_log10=6.4010
2026-08-30 00:28:38 | Epoch  75/400 | Train Loss 2.3062 Acc 0.9995 | Val Loss 5.1229 Acc 0.9830 AUC 0.9989 Pre 0.9828 Rec 0.9828
2026-08-30 00:28:38 | Diag logvar_q_mean=0.0000 logvar_q_clamp=0.0000 kappa_log10=6.9100
2026-08-30 00:28:42 | Epoch  76/400 | Train Loss 2.2645 Acc 0.9995 | Val Loss 5.0802 Acc 0.9828 AUC 0.9990 Pre 0.9828 Rec 0.9827
2026-08-30 00:28:42 | Diag logvar_q_mean=0.0000 logvar_q_clamp=0.0000 kappa_log10=5.9052
2026-08-30 00:28:45 | Epoch  77/400 | Train Loss 2.2768 Acc 0.9996 | Val Loss 5.3873 Acc 0.9815 AUC 0.9989 Pre 0.9814 Rec 0.9813
2026-08-30 00:28:46 | Diag logvar_q_mean=0.0000 logvar_q_clamp=0.0000 kappa_log10=6.4002
2026-08-30 00:28:49 | Epoch  78/400 | Train Loss 2.2827 Acc 0.9995 | Val Loss 5.2535 Acc 0.9823 AUC 0.9990 Pre 0.9822 Rec 0.9821
2026-08-30 00:28:50 | Diag logvar_q_mean=0.0000 logvar_q_clamp=0.0000 kappa_log10=6.4074
2026-08-30 00:28:53 | Epoch  79/400 | Train Loss 2.2622 Acc 0.9994 | Val Loss 5.1965 Acc 0.9823 AUC 0.9991 Pre 0.9821 Rec 0.9821
2026-08-30 00:28:54 | Diag logvar_q_mean=0.0000 logvar_q_clamp=0.0000 kappa_log10=6.8597
2026-08-30 00:28:57 | Epoch  80/400 | Train Loss 2.2915 Acc 0.9995 | Val Loss 5.2799 Acc 0.9813 AUC 0.9989 Pre 0.9811 Rec 0.9810
2026-08-30 00:28:57 | Diag logvar_q_mean=0.0000 logvar_q_clamp=0.0000 kappa_log10=5.7098
2026-08-30 00:29:01 | Epoch  81/400 | Train Loss 2.2858 Acc 0.9994 | Val Loss 5.1867 Acc 0.9821 AUC 0.9992 Pre 0.9819 Rec 0.9819
2026-08-30 00:29:01 | Diag logvar_q_mean=0.0000 logvar_q_clamp=0.0000 kappa_log10=6.9567
2026-08-30 00:29:04 | Epoch  82/400 | Train Loss 2.2534 Acc 0.9995 | Val Loss 5.3340 Acc 0.9824 AUC 0.9989 Pre 0.9822 Rec 0.9822
2026-08-30 00:29:05 | Diag logvar_q_mean=0.0000 logvar_q_clamp=0.0000 kappa_log10=5.6709
2026-08-30 00:29:08 | Epoch  83/400 | Train Loss 2.1679 Acc 0.9996 | Val Loss 5.3214 Acc 0.9811 AUC 0.9990 Pre 0.9809 Rec 0.9809
2026-08-30 00:29:09 | Diag logvar_q_mean=0.0000 logvar_q_clamp=0.0000 kappa_log10=6.0742
2026-08-30 00:29:12 | Epoch  84/400 | Train Loss 2.2167 Acc 0.9994 | Val Loss 5.1263 Acc 0.9835 AUC 0.9993 Pre 0.9835 Rec 0.9833
2026-08-30 00:29:13 | Diag logvar_q_mean=0.0000 logvar_q_clamp=0.0000 kappa_log10=6.2310
2026-08-30 00:29:16 | Epoch  85/400 | Train Loss 2.1682 Acc 0.9997 | Val Loss 5.1646 Acc 0.9827 AUC 0.9991 Pre 0.9826 Rec 0.9825
2026-08-30 00:29:16 | Diag logvar_q_mean=0.0000 logvar_q_clamp=0.0000 kappa_log10=6.4184
2026-08-30 00:29:20 | Epoch  86/400 | Train Loss 2.1240 Acc 0.9995 | Val Loss 5.1418 Acc 0.9819 AUC 0.9991 Pre 0.9818 Rec 0.9817
2026-08-30 00:29:20 | Diag logvar_q_mean=0.0000 logvar_q_clamp=0.0000 kappa_log10=5.9852
2026-08-30 00:29:23 | Epoch  87/400 | Train Loss 2.1235 Acc 0.9996 | Val Loss 5.0963 Acc 0.9830 AUC 0.9991 Pre 0.9829 Rec 0.9828
2026-08-30 00:29:24 | Diag logvar_q_mean=0.0000 logvar_q_clamp=0.0000 kappa_log10=6.2087
2026-08-30 00:29:27 | Epoch  88/400 | Train Loss 2.2144 Acc 0.9992 | Val Loss 5.1432 Acc 0.9815 AUC 0.9991 Pre 0.9814 Rec 0.9812
2026-08-30 00:29:28 | Diag logvar_q_mean=0.0000 logvar_q_clamp=0.0000 kappa_log10=6.3533
2026-08-30 00:29:31 | Epoch  89/400 | Train Loss 2.1964 Acc 0.9995 | Val Loss 5.3495 Acc 0.9809 AUC 0.9991 Pre 0.9808 Rec 0.9807
2026-08-30 00:29:32 | Diag logvar_q_mean=0.0000 logvar_q_clamp=0.0000 kappa_log10=6.1654
2026-08-30 00:29:35 | Epoch  90/400 | Train Loss 2.1511 Acc 0.9996 | Val Loss 5.2309 Acc 0.9817 AUC 0.9991 Pre 0.9816 Rec 0.9815
2026-08-30 00:29:35 | Diag logvar_q_mean=0.0000 logvar_q_clamp=0.0000 kappa_log10=6.0225
2026-08-30 00:29:39 | Epoch  91/400 | Train Loss 2.2599 Acc 0.9993 | Val Loss 5.3952 Acc 0.9814 AUC 0.9992 Pre 0.9813 Rec 0.9812
2026-08-30 00:29:39 | Diag logvar_q_mean=0.0000 logvar_q_clamp=0.0000 kappa_log10=6.1260
2026-08-30 00:29:43 | Epoch  92/400 | Train Loss 2.2279 Acc 0.9995 | Val Loss 5.4178 Acc 0.9811 AUC 0.9991 Pre 0.9810 Rec 0.9809
2026-08-30 00:29:43 | Diag logvar_q_mean=0.0000 logvar_q_clamp=0.0000 kappa_log10=6.0870
2026-08-30 00:29:46 | Epoch  93/400 | Train Loss 2.1517 Acc 0.9995 | Val Loss 5.1450 Acc 0.9821 AUC 0.9990 Pre 0.9820 Rec 0.9818
2026-08-30 00:29:47 | Diag logvar_q_mean=0.0000 logvar_q_clamp=0.0000 kappa_log10=6.1016
2026-08-30 00:29:50 | Epoch  94/400 | Train Loss 2.1856 Acc 0.9995 | Val Loss 5.5012 Acc 0.9813 AUC 0.9992 Pre 0.9811 Rec 0.9811
2026-08-30 00:29:51 | Diag logvar_q_mean=0.0000 logvar_q_clamp=0.0000 kappa_log10=6.5826
2026-08-30 00:29:54 | Epoch  95/400 | Train Loss 2.1601 Acc 0.9996 | Val Loss 5.3954 Acc 0.9811 AUC 0.9991 Pre 0.9810 Rec 0.9808
2026-08-30 00:29:54 | Diag logvar_q_mean=0.0000 logvar_q_clamp=0.0000 kappa_log10=6.5896
2026-08-30 00:29:58 | Epoch  96/400 | Train Loss 2.1582 Acc 0.9996 | Val Loss 5.3045 Acc 0.9823 AUC 0.9989 Pre 0.9822 Rec 0.9820
2026-08-30 00:29:58 | Diag logvar_q_mean=0.0000 logvar_q_clamp=0.0000 kappa_log10=6.0891
2026-08-30 00:30:02 | Epoch  97/400 | Train Loss 2.1689 Acc 0.9993 | Val Loss 5.6811 Acc 0.9804 AUC 0.9989 Pre 0.9804 Rec 0.9801
2026-08-30 00:30:02 | Diag logvar_q_mean=0.0000 logvar_q_clamp=0.0000 kappa_log10=5.8399
2026-08-30 00:30:05 | Epoch  98/400 | Train Loss 2.1864 Acc 0.9994 | Val Loss 5.5873 Acc 0.9808 AUC 0.9991 Pre 0.9807 Rec 0.9806
2026-08-30 00:30:06 | Diag logvar_q_mean=0.0000 logvar_q_clamp=0.0000 kappa_log10=6.5185
2026-08-30 00:30:09 | Epoch  99/400 | Train Loss 2.1457 Acc 0.9994 | Val Loss 5.4569 Acc 0.9815 AUC 0.9989 Pre 0.9814 Rec 0.9812
2026-08-30 00:30:10 | Diag logvar_q_mean=0.0000 logvar_q_clamp=0.0000 kappa_log10=6.2096
2026-08-30 00:30:13 | Epoch 100/400 | Train Loss 2.1616 Acc 0.9995 | Val Loss 5.3579 Acc 0.9805 AUC 0.9988 Pre 0.9805 Rec 0.9802
2026-08-30 00:30:13 | Diag logvar_q_mean=0.0000 logvar_q_clamp=0.0000 kappa_log10=5.8220
2026-08-30 00:30:17 | Epoch 101/400 | Train Loss 2.2281 Acc 0.9994 | Val Loss 5.4183 Acc 0.9815 AUC 0.9991 Pre 0.9814 Rec 0.9812
2026-08-30 00:30:17 | Diag logvar_q_mean=0.0000 logvar_q_clamp=0.0000 kappa_log10=6.7083
2026-08-30 00:30:20 | Epoch 102/400 | Train Loss 2.0811 Acc 0.9995 | Val Loss 5.5521 Acc 0.9815 AUC 0.9989 Pre 0.9814 Rec 0.9813
2026-08-30 00:30:21 | Diag logvar_q_mean=0.0000 logvar_q_clamp=0.0000 kappa_log10=5.7997
2026-08-30 00:30:24 | Epoch 103/400 | Train Loss 2.1452 Acc 0.9994 | Val Loss 5.4153 Acc 0.9818 AUC 0.9990 Pre 0.9817 Rec 0.9816
2026-08-30 00:30:25 | Diag logvar_q_mean=0.0000 logvar_q_clamp=0.0000 kappa_log10=6.6411
2026-08-30 00:30:28 | Epoch 104/400 | Train Loss 2.1020 Acc 0.9995 | Val Loss 5.5134 Acc 0.9818 AUC 0.9990 Pre 0.9818 Rec 0.9816
2026-08-30 00:30:29 | Diag logvar_q_mean=0.0000 logvar_q_clamp=0.0000 kappa_log10=6.3367
2026-08-30 00:30:32 | Epoch 105/400 | Train Loss 2.1761 Acc 0.9994 | Val Loss 5.6545 Acc 0.9815 AUC 0.9987 Pre 0.9813 Rec 0.9813
2026-08-30 00:30:32 | Diag logvar_q_mean=0.0000 logvar_q_clamp=0.0000 kappa_log10=6.0686
2026-08-30 00:30:35 | Epoch 106/400 | Train Loss 2.1164 Acc 0.9995 | Val Loss 5.7812 Acc 0.9807 AUC 0.9989 Pre 0.9806 Rec 0.9804
2026-08-30 00:30:36 | Diag logvar_q_mean=0.0000 logvar_q_clamp=0.0000 kappa_log10=6.0558
2026-08-30 00:30:39 | Epoch 107/400 | Train Loss 2.0836 Acc 0.9996 | Val Loss 5.4355 Acc 0.9817 AUC 0.9991 Pre 0.9816 Rec 0.9815
2026-08-30 00:30:40 | Diag logvar_q_mean=0.0000 logvar_q_clamp=0.0000 kappa_log10=6.2086
2026-08-30 00:30:43 | Epoch 108/400 | Train Loss 2.0829 Acc 0.9996 | Val Loss 5.4282 Acc 0.9819 AUC 0.9990 Pre 0.9818 Rec 0.9817
2026-08-30 00:30:44 | Diag logvar_q_mean=0.0000 logvar_q_clamp=0.0000 kappa_log10=6.0469
2026-08-30 00:30:47 | Epoch 109/400 | Train Loss 2.0998 Acc 0.9996 | Val Loss 5.4816 Acc 0.9826 AUC 0.9990 Pre 0.9824 Rec 0.9824
2026-08-30 00:30:47 | Diag logvar_q_mean=0.0000 logvar_q_clamp=0.0000 kappa_log10=6.8960
2026-08-30 00:30:51 | Epoch 110/400 | Train Loss 2.0435 Acc 0.9995 | Val Loss 5.3315 Acc 0.9825 AUC 0.9990 Pre 0.9825 Rec 0.9822
2026-08-30 00:30:51 | Diag logvar_q_mean=0.0000 logvar_q_clamp=0.0000 kappa_log10=6.2310
2026-08-30 00:30:54 | Epoch 111/400 | Train Loss 2.0370 Acc 0.9996 | Val Loss 5.3751 Acc 0.9818 AUC 0.9988 Pre 0.9816 Rec 0.9816
2026-08-30 00:30:55 | Diag logvar_q_mean=0.0000 logvar_q_clamp=0.0000 kappa_log10=5.9949
2026-08-30 00:30:58 | Epoch 112/400 | Train Loss 2.0395 Acc 0.9996 | Val Loss 5.4288 Acc 0.9814 AUC 0.9988 Pre 0.9813 Rec 0.9811
2026-08-30 00:30:59 | Diag logvar_q_mean=0.0000 logvar_q_clamp=0.0000 kappa_log10=6.1495
2026-08-30 00:31:02 | Epoch 113/400 | Train Loss 2.0689 Acc 0.9996 | Val Loss 5.3045 Acc 0.9813 AUC 0.9989 Pre 0.9811 Rec 0.9811
2026-08-30 00:31:03 | Diag logvar_q_mean=0.0000 logvar_q_clamp=0.0000 kappa_log10=6.4312
2026-08-30 00:31:06 | Epoch 114/400 | Train Loss 2.0956 Acc 0.9996 | Val Loss 5.4730 Acc 0.9805 AUC 0.9989 Pre 0.9803 Rec 0.9802
2026-08-30 00:31:06 | Diag logvar_q_mean=0.0000 logvar_q_clamp=0.0000 kappa_log10=5.9133
2026-08-30 00:31:10 | Epoch 115/400 | Train Loss 2.0404 Acc 0.9996 | Val Loss 5.5484 Acc 0.9811 AUC 0.9988 Pre 0.9811 Rec 0.9808
2026-08-30 00:31:10 | Diag logvar_q_mean=0.0000 logvar_q_clamp=0.0000 kappa_log10=5.8997
2026-08-30 00:31:13 | Epoch 116/400 | Train Loss 2.0602 Acc 0.9995 | Val Loss 5.6356 Acc 0.9810 AUC 0.9988 Pre 0.9810 Rec 0.9807
2026-08-30 00:31:14 | Diag logvar_q_mean=0.0000 logvar_q_clamp=0.0000 kappa_log10=6.8086
2026-08-30 00:31:17 | Epoch 117/400 | Train Loss 2.0155 Acc 0.9995 | Val Loss 5.5647 Acc 0.9817 AUC 0.9988 Pre 0.9815 Rec 0.9814
2026-08-30 00:31:18 | Diag logvar_q_mean=0.0000 logvar_q_clamp=0.0000 kappa_log10=6.3113
2026-08-30 00:31:21 | Epoch 118/400 | Train Loss 2.0606 Acc 0.9996 | Val Loss 5.6270 Acc 0.9804 AUC 0.9988 Pre 0.9802 Rec 0.9802
2026-08-30 00:31:22 | Diag logvar_q_mean=0.0000 logvar_q_clamp=0.0000 kappa_log10=5.9628
2026-08-30 00:31:25 | Epoch 119/400 | Train Loss 2.0503 Acc 0.9995 | Val Loss 5.6356 Acc 0.9797 AUC 0.9988 Pre 0.9796 Rec 0.9794
2026-08-30 00:31:25 | Diag logvar_q_mean=0.0000 logvar_q_clamp=0.0000 kappa_log10=5.8756
2026-08-30 00:31:29 | Epoch 120/400 | Train Loss 2.0535 Acc 0.9996 | Val Loss 5.6166 Acc 0.9820 AUC 0.9987 Pre 0.9818 Rec 0.9818
2026-08-30 00:31:29 | Diag logvar_q_mean=0.0000 logvar_q_clamp=0.0000 kappa_log10=6.3135
2026-08-30 00:31:33 | Epoch 121/400 | Train Loss 2.0689 Acc 0.9995 | Val Loss 5.7413 Acc 0.9829 AUC 0.9987 Pre 0.9828 Rec 0.9827
2026-08-30 00:31:33 | Diag logvar_q_mean=0.0000 logvar_q_clamp=0.0000 kappa_log10=6.0007
2026-08-30 00:31:36 | Epoch 122/400 | Train Loss 2.0502 Acc 0.9996 | Val Loss 5.7165 Acc 0.9812 AUC 0.9988 Pre 0.9810 Rec 0.9810
2026-08-30 00:31:37 | Diag logvar_q_mean=0.0000 logvar_q_clamp=0.0000 kappa_log10=6.3738
2026-08-30 00:31:40 | Epoch 123/400 | Train Loss 2.0005 Acc 0.9995 | Val Loss 5.6278 Acc 0.9797 AUC 0.9987 Pre 0.9797 Rec 0.9793
2026-08-30 00:31:41 | Diag logvar_q_mean=0.0000 logvar_q_clamp=0.0000 kappa_log10=6.0967
2026-08-30 00:31:44 | Epoch 124/400 | Train Loss 1.9798 Acc 0.9997 | Val Loss 5.8266 Acc 0.9806 AUC 0.9988 Pre 0.9805 Rec 0.9804
2026-08-30 00:31:45 | Diag logvar_q_mean=0.0000 logvar_q_clamp=0.0000 kappa_log10=6.3162
2026-08-30 00:31:48 | Epoch 125/400 | Train Loss 2.0314 Acc 0.9995 | Val Loss 5.6123 Acc 0.9817 AUC 0.9988 Pre 0.9816 Rec 0.9814
2026-08-30 00:31:48 | Diag logvar_q_mean=0.0000 logvar_q_clamp=0.0000 kappa_log10=5.9777
2026-08-30 00:31:52 | Epoch 126/400 | Train Loss 2.1081 Acc 0.9994 | Val Loss 5.6378 Acc 0.9806 AUC 0.9989 Pre 0.9805 Rec 0.9803
2026-08-30 00:31:52 | Diag logvar_q_mean=0.0000 logvar_q_clamp=0.0000 kappa_log10=5.9985
2026-08-30 00:31:55 | Epoch 127/400 | Train Loss 2.0669 Acc 0.9994 | Val Loss 5.8991 Acc 0.9812 AUC 0.9989 Pre 0.9811 Rec 0.9809
2026-08-30 00:31:56 | Diag logvar_q_mean=0.0000 logvar_q_clamp=0.0000 kappa_log10=6.1789
2026-08-30 00:31:59 | Epoch 128/400 | Train Loss 2.0814 Acc 0.9995 | Val Loss 5.6271 Acc 0.9800 AUC 0.9987 Pre 0.9797 Rec 0.9797
2026-08-30 00:32:00 | Diag logvar_q_mean=0.0000 logvar_q_clamp=0.0000 kappa_log10=6.9083
2026-08-30 00:32:03 | Epoch 129/400 | Train Loss 2.0083 Acc 0.9996 | Val Loss 5.7865 Acc 0.9799 AUC 0.9989 Pre 0.9798 Rec 0.9796
2026-08-30 00:32:04 | Diag logvar_q_mean=0.0000 logvar_q_clamp=0.0000 kappa_log10=6.8388
2026-08-30 00:32:07 | Epoch 130/400 | Train Loss 2.0489 Acc 0.9995 | Val Loss 5.8629 Acc 0.9796 AUC 0.9990 Pre 0.9795 Rec 0.9793
2026-08-30 00:32:07 | Diag logvar_q_mean=0.0000 logvar_q_clamp=0.0000 kappa_log10=6.1068
2026-08-30 00:32:11 | Epoch 131/400 | Train Loss 1.9973 Acc 0.9995 | Val Loss 6.0878 Acc 0.9794 AUC 0.9987 Pre 0.9792 Rec 0.9792
2026-08-30 00:32:11 | Diag logvar_q_mean=0.0000 logvar_q_clamp=0.0000 kappa_log10=6.7508
2026-08-30 00:32:14 | Epoch 132/400 | Train Loss 2.0363 Acc 0.9994 | Val Loss 5.9397 Acc 0.9809 AUC 0.9988 Pre 0.9809 Rec 0.9806
2026-08-30 00:32:15 | Diag logvar_q_mean=0.0000 logvar_q_clamp=0.0000 kappa_log10=5.9709
2026-08-30 00:32:18 | Epoch 133/400 | Train Loss 2.0061 Acc 0.9995 | Val Loss 5.8228 Acc 0.9792 AUC 0.9988 Pre 0.9791 Rec 0.9789
2026-08-30 00:32:19 | Diag logvar_q_mean=0.0000 logvar_q_clamp=0.0000 kappa_log10=6.0032
2026-08-30 00:32:22 | Epoch 134/400 | Train Loss 2.0245 Acc 0.9995 | Val Loss 5.8730 Acc 0.9792 AUC 0.9990 Pre 0.9792 Rec 0.9789
2026-08-30 00:32:23 | Diag logvar_q_mean=0.0000 logvar_q_clamp=0.0000 kappa_log10=8.1691
2026-08-30 00:32:26 | Epoch 135/400 | Train Loss 1.9703 Acc 0.9996 | Val Loss 5.6799 Acc 0.9802 AUC 0.9988 Pre 0.9802 Rec 0.9798
2026-08-30 00:32:26 | Diag logvar_q_mean=0.0000 logvar_q_clamp=0.0000 kappa_log10=6.2547
2026-08-30 00:32:30 | Epoch 136/400 | Train Loss 1.9455 Acc 0.9997 | Val Loss 5.7374 Acc 0.9811 AUC 0.9989 Pre 0.9810 Rec 0.9808
2026-08-30 00:32:30 | Diag logvar_q_mean=0.0000 logvar_q_clamp=0.0000 kappa_log10=5.8760
2026-08-30 00:32:33 | Epoch 137/400 | Train Loss 1.9558 Acc 0.9995 | Val Loss 5.8721 Acc 0.9806 AUC 0.9986 Pre 0.9805 Rec 0.9803
2026-08-30 00:32:34 | Diag logvar_q_mean=0.0000 logvar_q_clamp=0.0000 kappa_log10=5.7318
2026-08-30 00:32:37 | Epoch 138/400 | Train Loss 1.9941 Acc 0.9994 | Val Loss 5.7522 Acc 0.9795 AUC 0.9988 Pre 0.9794 Rec 0.9791
2026-08-30 00:32:38 | Diag logvar_q_mean=0.0000 logvar_q_clamp=0.0000 kappa_log10=5.8526
2026-08-30 00:32:41 | Epoch 139/400 | Train Loss 1.9998 Acc 0.9994 | Val Loss 5.8295 Acc 0.9804 AUC 0.9988 Pre 0.9803 Rec 0.9801
2026-08-30 00:32:41 | Diag logvar_q_mean=0.0000 logvar_q_clamp=0.0000 kappa_log10=6.3378
2026-08-30 00:32:45 | Epoch 140/400 | Train Loss 1.9432 Acc 0.9995 | Val Loss 5.7983 Acc 0.9807 AUC 0.9989 Pre 0.9806 Rec 0.9804
2026-08-30 00:32:45 | Diag logvar_q_mean=0.0000 logvar_q_clamp=0.0000 kappa_log10=5.6913
2026-08-30 00:32:48 | Epoch 141/400 | Train Loss 1.9789 Acc 0.9996 | Val Loss 5.8114 Acc 0.9806 AUC 0.9988 Pre 0.9805 Rec 0.9804
2026-08-30 00:32:49 | Diag logvar_q_mean=0.0000 logvar_q_clamp=0.0000 kappa_log10=5.9633
2026-08-30 00:32:52 | Epoch 142/400 | Train Loss 1.9741 Acc 0.9995 | Val Loss 5.6871 Acc 0.9804 AUC 0.9989 Pre 0.9802 Rec 0.9802
2026-08-30 00:32:53 | Diag logvar_q_mean=0.0000 logvar_q_clamp=0.0000 kappa_log10=7.3457
2026-08-30 00:32:56 | Epoch 143/400 | Train Loss 1.9826 Acc 0.9995 | Val Loss 5.6984 Acc 0.9812 AUC 0.9989 Pre 0.9812 Rec 0.9809
2026-08-30 00:32:57 | Diag logvar_q_mean=0.0000 logvar_q_clamp=0.0000 kappa_log10=6.2551
2026-08-30 00:33:00 | Epoch 144/400 | Train Loss 1.9130 Acc 0.9996 | Val Loss 5.7900 Acc 0.9806 AUC 0.9988 Pre 0.9806 Rec 0.9802
2026-08-30 00:33:00 | Diag logvar_q_mean=0.0000 logvar_q_clamp=0.0000 kappa_log10=5.9793
2026-08-30 00:33:04 | Epoch 145/400 | Train Loss 1.9680 Acc 0.9995 | Val Loss 5.7190 Acc 0.9800 AUC 0.9989 Pre 0.9800 Rec 0.9797
2026-08-30 00:33:04 | Diag logvar_q_mean=0.0000 logvar_q_clamp=0.0000 kappa_log10=6.1717
2026-08-30 00:33:07 | Epoch 146/400 | Train Loss 1.9167 Acc 0.9997 | Val Loss 5.8303 Acc 0.9809 AUC 0.9989 Pre 0.9808 Rec 0.9806
2026-08-30 00:33:08 | Diag logvar_q_mean=0.0000 logvar_q_clamp=0.0000 kappa_log10=6.6224
2026-08-30 00:33:11 | Epoch 147/400 | Train Loss 1.9275 Acc 0.9996 | Val Loss 5.8660 Acc 0.9818 AUC 0.9988 Pre 0.9818 Rec 0.9814
2026-08-30 00:33:12 | Diag logvar_q_mean=0.0000 logvar_q_clamp=0.0000 kappa_log10=6.0864
2026-08-30 00:33:15 | Epoch 148/400 | Train Loss 1.9069 Acc 0.9997 | Val Loss 5.5291 Acc 0.9814 AUC 0.9990 Pre 0.9813 Rec 0.9811
2026-08-30 00:33:15 | Diag logvar_q_mean=0.0000 logvar_q_clamp=0.0000 kappa_log10=5.9639
2026-08-30 00:33:19 | Epoch 149/400 | Train Loss 1.9433 Acc 0.9995 | Val Loss 5.8176 Acc 0.9809 AUC 0.9989 Pre 0.9808 Rec 0.9806
2026-08-30 00:33:19 | Diag logvar_q_mean=0.0000 logvar_q_clamp=0.0000 kappa_log10=6.3617
2026-08-30 00:33:23 | Epoch 150/400 | Train Loss 1.9263 Acc 0.9996 | Val Loss 5.7202 Acc 0.9802 AUC 0.9989 Pre 0.9802 Rec 0.9798
2026-08-30 00:33:23 | Diag logvar_q_mean=0.0000 logvar_q_clamp=0.0000 kappa_log10=6.5832
2026-08-30 00:33:26 | Epoch 151/400 | Train Loss 1.9482 Acc 0.9996 | Val Loss 5.9399 Acc 0.9802 AUC 0.9988 Pre 0.9801 Rec 0.9798
2026-08-30 00:33:27 | Diag logvar_q_mean=0.0000 logvar_q_clamp=0.0000 kappa_log10=7.0333
2026-08-30 00:33:30 | Epoch 152/400 | Train Loss 1.9722 Acc 0.9994 | Val Loss 6.0326 Acc 0.9794 AUC 0.9988 Pre 0.9793 Rec 0.9790
2026-08-30 00:33:31 | Diag logvar_q_mean=0.0000 logvar_q_clamp=0.0000 kappa_log10=6.5601
2026-08-30 00:33:34 | Epoch 153/400 | Train Loss 1.9205 Acc 0.9997 | Val Loss 5.7114 Acc 0.9804 AUC 0.9989 Pre 0.9802 Rec 0.9801
2026-08-30 00:33:34 | Diag logvar_q_mean=0.0000 logvar_q_clamp=0.0000 kappa_log10=6.9141
2026-08-30 00:33:38 | Epoch 154/400 | Train Loss 1.9519 Acc 0.9996 | Val Loss 5.6632 Acc 0.9814 AUC 0.9991 Pre 0.9813 Rec 0.9812
2026-08-30 00:33:38 | Diag logvar_q_mean=0.0000 logvar_q_clamp=0.0000 kappa_log10=5.8083
2026-08-30 00:33:41 | Epoch 155/400 | Train Loss 1.9289 Acc 0.9996 | Val Loss 5.6677 Acc 0.9805 AUC 0.9988 Pre 0.9803 Rec 0.9802
2026-08-30 00:33:42 | Diag logvar_q_mean=0.0000 logvar_q_clamp=0.0000 kappa_log10=6.1552
2026-08-30 00:33:45 | Epoch 156/400 | Train Loss 1.9550 Acc 0.9995 | Val Loss 5.7316 Acc 0.9807 AUC 0.9988 Pre 0.9806 Rec 0.9803
2026-08-30 00:33:46 | Diag logvar_q_mean=0.0000 logvar_q_clamp=0.0000 kappa_log10=6.3166
2026-08-30 00:33:49 | Epoch 157/400 | Train Loss 2.0099 Acc 0.9997 | Val Loss 5.6557 Acc 0.9801 AUC 0.9987 Pre 0.9799 Rec 0.9799
2026-08-30 00:33:50 | Diag logvar_q_mean=0.0000 logvar_q_clamp=0.0000 kappa_log10=6.1482
2026-08-30 00:33:53 | Epoch 158/400 | Train Loss 1.9649 Acc 0.9995 | Val Loss 5.8217 Acc 0.9796 AUC 0.9987 Pre 0.9795 Rec 0.9793
2026-08-30 00:33:53 | Diag logvar_q_mean=0.0000 logvar_q_clamp=0.0000 kappa_log10=6.1164
2026-08-30 00:33:57 | Epoch 159/400 | Train Loss 1.9656 Acc 0.9997 | Val Loss 5.8418 Acc 0.9801 AUC 0.9988 Pre 0.9801 Rec 0.9799
2026-08-30 00:33:57 | Diag logvar_q_mean=0.0000 logvar_q_clamp=0.0000 kappa_log10=6.5055
2026-08-30 00:34:00 | Epoch 160/400 | Train Loss 1.9491 Acc 0.9995 | Val Loss 5.9135 Acc 0.9788 AUC 0.9988 Pre 0.9788 Rec 0.9785
2026-08-30 00:34:01 | Diag logvar_q_mean=0.0000 logvar_q_clamp=0.0000 kappa_log10=5.9783
2026-08-30 00:34:04 | Epoch 161/400 | Train Loss 1.8958 Acc 0.9997 | Val Loss 5.9461 Acc 0.9786 AUC 0.9988 Pre 0.9786 Rec 0.9782
2026-08-30 00:34:05 | Diag logvar_q_mean=0.0000 logvar_q_clamp=0.0000 kappa_log10=5.7251
2026-08-30 00:34:08 | Epoch 162/400 | Train Loss 1.8708 Acc 0.9996 | Val Loss 5.7850 Acc 0.9810 AUC 0.9989 Pre 0.9809 Rec 0.9807
2026-08-30 00:34:09 | Diag logvar_q_mean=0.0000 logvar_q_clamp=0.0000 kappa_log10=5.7121
2026-08-30 00:34:12 | Epoch 163/400 | Train Loss 1.8447 Acc 0.9997 | Val Loss 5.6923 Acc 0.9796 AUC 0.9988 Pre 0.9796 Rec 0.9793
2026-08-30 00:34:12 | Diag logvar_q_mean=0.0000 logvar_q_clamp=0.0000 kappa_log10=6.3815
2026-08-30 00:34:16 | Epoch 164/400 | Train Loss 1.8866 Acc 0.9994 | Val Loss 5.9063 Acc 0.9795 AUC 0.9987 Pre 0.9794 Rec 0.9792
2026-08-30 00:34:16 | Diag logvar_q_mean=0.0000 logvar_q_clamp=0.0000 kappa_log10=6.3596
2026-08-30 00:34:19 | Epoch 165/400 | Train Loss 1.9027 Acc 0.9996 | Val Loss 6.0382 Acc 0.9793 AUC 0.9988 Pre 0.9793 Rec 0.9790
2026-08-30 00:34:20 | Diag logvar_q_mean=0.0000 logvar_q_clamp=0.0000 kappa_log10=7.3069
2026-08-30 00:34:23 | Epoch 166/400 | Train Loss 1.9240 Acc 0.9996 | Val Loss 5.9181 Acc 0.9795 AUC 0.9986 Pre 0.9794 Rec 0.9791
2026-08-30 00:34:24 | Diag logvar_q_mean=0.0000 logvar_q_clamp=0.0000 kappa_log10=6.0418
2026-08-30 00:34:27 | Epoch 167/400 | Train Loss 1.8857 Acc 0.9997 | Val Loss 5.7025 Acc 0.9797 AUC 0.9989 Pre 0.9797 Rec 0.9794
2026-08-30 00:34:27 | Diag logvar_q_mean=0.0000 logvar_q_clamp=0.0000 kappa_log10=7.1840
2026-08-30 00:34:31 | Epoch 168/400 | Train Loss 1.8834 Acc 0.9995 | Val Loss 5.9706 Acc 0.9798 AUC 0.9987 Pre 0.9798 Rec 0.9796
2026-08-30 00:34:31 | Diag logvar_q_mean=0.0000 logvar_q_clamp=0.0000 kappa_log10=6.1441
2026-08-30 00:34:35 | Epoch 169/400 | Train Loss 1.8886 Acc 0.9997 | Val Loss 5.6593 Acc 0.9810 AUC 0.9986 Pre 0.9810 Rec 0.9807
2026-08-30 00:34:35 | Diag logvar_q_mean=0.0000 logvar_q_clamp=0.0000 kappa_log10=6.0200
2026-08-30 00:34:38 | Epoch 170/400 | Train Loss 1.9011 Acc 0.9995 | Val Loss 6.0134 Acc 0.9796 AUC 0.9986 Pre 0.9796 Rec 0.9793
2026-08-30 00:34:39 | Diag logvar_q_mean=0.0000 logvar_q_clamp=0.0000 kappa_log10=6.2299
2026-08-30 00:34:42 | Epoch 171/400 | Train Loss 1.8985 Acc 0.9995 | Val Loss 5.8036 Acc 0.9810 AUC 0.9987 Pre 0.9810 Rec 0.9807
2026-08-30 00:34:43 | Diag logvar_q_mean=0.0000 logvar_q_clamp=0.0000 kappa_log10=6.3722
2026-08-30 00:34:46 | Epoch 172/400 | Train Loss 1.9086 Acc 0.9996 | Val Loss 5.9475 Acc 0.9792 AUC 0.9987 Pre 0.9792 Rec 0.9789
2026-08-30 00:34:46 | Diag logvar_q_mean=0.0000 logvar_q_clamp=0.0000 kappa_log10=6.0325
2026-08-30 00:34:50 | Epoch 173/400 | Train Loss 1.8577 Acc 0.9996 | Val Loss 5.8671 Acc 0.9791 AUC 0.9989 Pre 0.9791 Rec 0.9788
2026-08-30 00:34:50 | Diag logvar_q_mean=0.0000 logvar_q_clamp=0.0000 kappa_log10=6.7740
2026-08-30 00:34:53 | Epoch 174/400 | Train Loss 1.8901 Acc 0.9997 | Val Loss 5.9105 Acc 0.9797 AUC 0.9989 Pre 0.9796 Rec 0.9794
2026-08-30 00:34:54 | Diag logvar_q_mean=0.0000 logvar_q_clamp=0.0000 kappa_log10=5.7960
2026-08-30 00:34:57 | Epoch 175/400 | Train Loss 1.9385 Acc 0.9995 | Val Loss 5.7948 Acc 0.9802 AUC 0.9985 Pre 0.9801 Rec 0.9799
2026-08-30 00:34:58 | Diag logvar_q_mean=0.0000 logvar_q_clamp=0.0000 kappa_log10=5.8702
2026-08-30 00:35:01 | Epoch 176/400 | Train Loss 1.9216 Acc 0.9995 | Val Loss 5.7941 Acc 0.9812 AUC 0.9988 Pre 0.9811 Rec 0.9809
2026-08-30 00:35:02 | Diag logvar_q_mean=0.0000 logvar_q_clamp=0.0000 kappa_log10=6.0787
2026-08-30 00:35:05 | Epoch 177/400 | Train Loss 1.8709 Acc 0.9996 | Val Loss 6.0070 Acc 0.9814 AUC 0.9987 Pre 0.9814 Rec 0.9812
2026-08-30 00:35:05 | Diag logvar_q_mean=0.0000 logvar_q_clamp=0.0000 kappa_log10=6.7003
2026-08-30 00:35:09 | Epoch 178/400 | Train Loss 1.8766 Acc 0.9995 | Val Loss 6.1884 Acc 0.9788 AUC 0.9987 Pre 0.9787 Rec 0.9786
2026-08-30 00:35:09 | Diag logvar_q_mean=0.0000 logvar_q_clamp=0.0000 kappa_log10=6.4427
2026-08-30 00:35:12 | Epoch 179/400 | Train Loss 1.8646 Acc 0.9996 | Val Loss 5.8262 Acc 0.9808 AUC 0.9987 Pre 0.9807 Rec 0.9806
2026-08-30 00:35:13 | Diag logvar_q_mean=0.0000 logvar_q_clamp=0.0000 kappa_log10=8.1114
2026-08-30 00:35:16 | Epoch 180/400 | Train Loss 1.8633 Acc 0.9996 | Val Loss 5.8168 Acc 0.9812 AUC 0.9987 Pre 0.9811 Rec 0.9810
2026-08-30 00:35:17 | Diag logvar_q_mean=0.0000 logvar_q_clamp=0.0000 kappa_log10=6.0031
2026-08-30 00:35:20 | Epoch 181/400 | Train Loss 1.8779 Acc 0.9996 | Val Loss 5.6812 Acc 0.9813 AUC 0.9988 Pre 0.9812 Rec 0.9811
2026-08-30 00:35:21 | Diag logvar_q_mean=0.0000 logvar_q_clamp=0.0000 kappa_log10=6.7230
2026-08-30 00:35:24 | Epoch 182/400 | Train Loss 1.8806 Acc 0.9996 | Val Loss 5.6011 Acc 0.9810 AUC 0.9988 Pre 0.9809 Rec 0.9807
2026-08-30 00:35:24 | Diag logvar_q_mean=0.0000 logvar_q_clamp=0.0000 kappa_log10=6.8932
2026-08-30 00:35:27 | Epoch 183/400 | Train Loss 1.8197 Acc 0.9998 | Val Loss 5.6700 Acc 0.9824 AUC 0.9989 Pre 0.9824 Rec 0.9822
2026-08-30 00:35:28 | Diag logvar_q_mean=0.0000 logvar_q_clamp=0.0000 kappa_log10=7.1144
2026-08-30 00:35:31 | Epoch 184/400 | Train Loss 1.8158 Acc 0.9995 | Val Loss 5.8446 Acc 0.9811 AUC 0.9987 Pre 0.9811 Rec 0.9808
2026-08-30 00:35:31 | Diag logvar_q_mean=0.0000 logvar_q_clamp=0.0000 kappa_log10=6.5089
2026-08-30 00:35:35 | Epoch 185/400 | Train Loss 1.8131 Acc 0.9996 | Val Loss 6.0097 Acc 0.9805 AUC 0.9987 Pre 0.9804 Rec 0.9803
2026-08-30 00:35:35 | Diag logvar_q_mean=0.0000 logvar_q_clamp=0.0000 kappa_log10=6.2318
2026-08-30 00:35:38 | Epoch 186/400 | Train Loss 1.8964 Acc 0.9995 | Val Loss 6.0124 Acc 0.9809 AUC 0.9987 Pre 0.9808 Rec 0.9807
2026-08-30 00:35:39 | Diag logvar_q_mean=0.0000 logvar_q_clamp=0.0000 kappa_log10=6.3160
2026-08-30 00:35:42 | Epoch 187/400 | Train Loss 1.8802 Acc 0.9995 | Val Loss 5.7731 Acc 0.9803 AUC 0.9989 Pre 0.9803 Rec 0.9802
2026-08-30 00:35:42 | Diag logvar_q_mean=0.0000 logvar_q_clamp=0.0000 kappa_log10=6.1747
2026-08-30 00:35:46 | Epoch 188/400 | Train Loss 1.8796 Acc 0.9996 | Val Loss 6.0412 Acc 0.9800 AUC 0.9988 Pre 0.9800 Rec 0.9798
2026-08-30 00:35:46 | Diag logvar_q_mean=0.0000 logvar_q_clamp=0.0000 kappa_log10=6.7098
2026-08-30 00:35:49 | Epoch 189/400 | Train Loss 1.8726 Acc 0.9995 | Val Loss 5.9296 Acc 0.9805 AUC 0.9987 Pre 0.9805 Rec 0.9803
2026-08-30 00:35:50 | Diag logvar_q_mean=0.0000 logvar_q_clamp=0.0000 kappa_log10=6.5371
2026-08-30 00:35:53 | Epoch 190/400 | Train Loss 1.8253 Acc 0.9997 | Val Loss 5.7776 Acc 0.9805 AUC 0.9987 Pre 0.9804 Rec 0.9802
2026-08-30 00:35:53 | Diag logvar_q_mean=0.0000 logvar_q_clamp=0.0000 kappa_log10=6.4141
2026-08-30 00:35:57 | Epoch 191/400 | Train Loss 1.7915 Acc 0.9996 | Val Loss 5.8308 Acc 0.9802 AUC 0.9986 Pre 0.9801 Rec 0.9800
2026-08-30 00:35:57 | Diag logvar_q_mean=0.0000 logvar_q_clamp=0.0000 kappa_log10=6.0992
2026-08-30 00:36:00 | Epoch 192/400 | Train Loss 1.7858 Acc 0.9997 | Val Loss 5.8213 Acc 0.9807 AUC 0.9988 Pre 0.9806 Rec 0.9805
2026-08-30 00:36:01 | Diag logvar_q_mean=0.0000 logvar_q_clamp=0.0000 kappa_log10=5.9678
2026-08-30 00:36:04 | Epoch 193/400 | Train Loss 1.7883 Acc 0.9997 | Val Loss 5.9181 Acc 0.9792 AUC 0.9988 Pre 0.9791 Rec 0.9790
2026-08-30 00:36:04 | Diag logvar_q_mean=0.0000 logvar_q_clamp=0.0000 kappa_log10=6.3461
2026-08-30 00:36:08 | Epoch 194/400 | Train Loss 1.8051 Acc 0.9996 | Val Loss 6.0745 Acc 0.9801 AUC 0.9985 Pre 0.9801 Rec 0.9798
2026-08-30 00:36:08 | Diag logvar_q_mean=0.0000 logvar_q_clamp=0.0000 kappa_log10=8.0810
2026-08-30 00:36:11 | Epoch 195/400 | Train Loss 1.7989 Acc 0.9998 | Val Loss 5.9541 Acc 0.9794 AUC 0.9988 Pre 0.9792 Rec 0.9792
2026-08-30 00:36:12 | Diag logvar_q_mean=0.0000 logvar_q_clamp=0.0000 kappa_log10=8.4087
2026-08-30 00:36:15 | Epoch 196/400 | Train Loss 1.8605 Acc 0.9996 | Val Loss 6.1810 Acc 0.9807 AUC 0.9987 Pre 0.9806 Rec 0.9805
2026-08-30 00:36:16 | Diag logvar_q_mean=0.0000 logvar_q_clamp=0.0000 kappa_log10=5.8514
2026-08-30 00:36:19 | Epoch 197/400 | Train Loss 1.8377 Acc 0.9997 | Val Loss 5.7860 Acc 0.9802 AUC 0.9988 Pre 0.9801 Rec 0.9800
2026-08-30 00:36:19 | Diag logvar_q_mean=0.0000 logvar_q_clamp=0.0000 kappa_log10=6.2116
2026-08-30 00:36:22 | Epoch 198/400 | Train Loss 1.8337 Acc 0.9996 | Val Loss 6.1079 Acc 0.9806 AUC 0.9986 Pre 0.9805 Rec 0.9803
2026-08-30 00:36:23 | Diag logvar_q_mean=0.0000 logvar_q_clamp=0.0000 kappa_log10=6.5750
2026-08-30 00:36:26 | Epoch 199/400 | Train Loss 1.8652 Acc 0.9995 | Val Loss 6.0960 Acc 0.9808 AUC 0.9987 Pre 0.9807 Rec 0.9806
2026-08-30 00:36:27 | Diag logvar_q_mean=0.0000 logvar_q_clamp=0.0000 kappa_log10=6.4550
2026-08-30 00:36:30 | Epoch 200/400 | Train Loss 1.8629 Acc 0.9996 | Val Loss 5.9706 Acc 0.9783 AUC 0.9989 Pre 0.9783 Rec 0.9779
2026-08-30 00:36:30 | Diag logvar_q_mean=0.0000 logvar_q_clamp=0.0000 kappa_log10=6.9702
2026-08-30 00:36:34 | Epoch 201/400 | Train Loss 1.9045 Acc 0.9994 | Val Loss 6.2059 Acc 0.9799 AUC 0.9986 Pre 0.9800 Rec 0.9797
2026-08-30 00:36:34 | Diag logvar_q_mean=0.0000 logvar_q_clamp=0.0000 kappa_log10=6.5257
2026-08-30 00:36:37 | Epoch 202/400 | Train Loss 1.8380 Acc 0.9996 | Val Loss 5.8162 Acc 0.9804 AUC 0.9986 Pre 0.9803 Rec 0.9801
2026-08-30 00:36:38 | Diag logvar_q_mean=0.0000 logvar_q_clamp=0.0000 kappa_log10=6.2770
2026-08-30 00:36:41 | Epoch 203/400 | Train Loss 1.8133 Acc 0.9997 | Val Loss 5.9980 Acc 0.9780 AUC 0.9988 Pre 0.9779 Rec 0.9778
2026-08-30 00:36:41 | Diag logvar_q_mean=0.0000 logvar_q_clamp=0.0000 kappa_log10=5.9228
2026-08-30 00:36:45 | Epoch 204/400 | Train Loss 1.8175 Acc 0.9996 | Val Loss 6.1683 Acc 0.9806 AUC 0.9987 Pre 0.9805 Rec 0.9804
2026-08-30 00:36:45 | Diag logvar_q_mean=0.0000 logvar_q_clamp=0.0000 kappa_log10=7.1828
2026-08-30 00:36:48 | Epoch 205/400 | Train Loss 1.8104 Acc 0.9997 | Val Loss 6.1867 Acc 0.9810 AUC 0.9986 Pre 0.9809 Rec 0.9807
2026-08-30 00:36:49 | Diag logvar_q_mean=0.0000 logvar_q_clamp=0.0000 kappa_log10=6.8356
2026-08-30 00:36:52 | Epoch 206/400 | Train Loss 1.7472 Acc 0.9997 | Val Loss 6.1179 Acc 0.9800 AUC 0.9986 Pre 0.9799 Rec 0.9797
2026-08-30 00:36:52 | Diag logvar_q_mean=0.0000 logvar_q_clamp=0.0000 kappa_log10=6.2903
2026-08-30 00:36:56 | Epoch 207/400 | Train Loss 1.7776 Acc 0.9997 | Val Loss 6.0644 Acc 0.9807 AUC 0.9986 Pre 0.9806 Rec 0.9805
2026-08-30 00:36:56 | Diag logvar_q_mean=0.0000 logvar_q_clamp=0.0000 kappa_log10=6.1716
2026-08-30 00:36:59 | Epoch 208/400 | Train Loss 1.8115 Acc 0.9996 | Val Loss 6.0212 Acc 0.9792 AUC 0.9987 Pre 0.9791 Rec 0.9790
2026-08-30 00:37:00 | Diag logvar_q_mean=0.0000 logvar_q_clamp=0.0000 kappa_log10=6.6981
2026-08-30 00:37:03 | Epoch 209/400 | Train Loss 1.8184 Acc 0.9995 | Val Loss 6.1802 Acc 0.9783 AUC 0.9986 Pre 0.9782 Rec 0.9781
2026-08-30 00:37:03 | Diag logvar_q_mean=0.0000 logvar_q_clamp=0.0000 kappa_log10=6.0389
2026-08-30 00:37:07 | Epoch 210/400 | Train Loss 1.8294 Acc 0.9996 | Val Loss 6.2503 Acc 0.9778 AUC 0.9985 Pre 0.9776 Rec 0.9776
2026-08-30 00:37:07 | Diag logvar_q_mean=0.0000 logvar_q_clamp=0.0000 kappa_log10=6.5644
2026-08-30 00:37:11 | Epoch 211/400 | Train Loss 1.8548 Acc 0.9996 | Val Loss 6.1102 Acc 0.9790 AUC 0.9985 Pre 0.9788 Rec 0.9789
2026-08-30 00:37:11 | Diag logvar_q_mean=0.0000 logvar_q_clamp=0.0000 kappa_log10=6.5220
2026-08-30 00:37:14 | Epoch 212/400 | Train Loss 1.7907 Acc 0.9997 | Val Loss 6.2691 Acc 0.9782 AUC 0.9987 Pre 0.9783 Rec 0.9779
2026-08-30 00:37:15 | Diag logvar_q_mean=0.0000 logvar_q_clamp=0.0000 kappa_log10=6.4412
2026-08-30 00:37:18 | Epoch 213/400 | Train Loss 1.7890 Acc 0.9997 | Val Loss 5.9489 Acc 0.9802 AUC 0.9989 Pre 0.9801 Rec 0.9799
2026-08-30 00:37:19 | Diag logvar_q_mean=0.0000 logvar_q_clamp=0.0000 kappa_log10=5.8867
2026-08-30 00:37:22 | Epoch 214/400 | Train Loss 1.7693 Acc 0.9998 | Val Loss 6.1134 Acc 0.9798 AUC 0.9988 Pre 0.9798 Rec 0.9796
2026-08-30 00:37:22 | Diag logvar_q_mean=0.0000 logvar_q_clamp=0.0000 kappa_log10=6.4483
2026-08-30 00:37:26 | Epoch 215/400 | Train Loss 1.8027 Acc 0.9996 | Val Loss 6.1451 Acc 0.9800 AUC 0.9988 Pre 0.9799 Rec 0.9798
2026-08-30 00:37:26 | Diag logvar_q_mean=0.0000 logvar_q_clamp=0.0000 kappa_log10=6.1117
2026-08-30 00:37:30 | Epoch 216/400 | Train Loss 1.8886 Acc 0.9995 | Val Loss 6.3018 Acc 0.9782 AUC 0.9989 Pre 0.9781 Rec 0.9779
2026-08-30 00:37:30 | Diag logvar_q_mean=0.0000 logvar_q_clamp=0.0000 kappa_log10=7.0475
2026-08-30 00:37:33 | Epoch 217/400 | Train Loss 1.8224 Acc 0.9995 | Val Loss 6.0275 Acc 0.9802 AUC 0.9987 Pre 0.9802 Rec 0.9800
2026-08-30 00:37:34 | Diag logvar_q_mean=0.0000 logvar_q_clamp=0.0000 kappa_log10=6.4735
2026-08-30 00:37:37 | Epoch 218/400 | Train Loss 1.7999 Acc 0.9995 | Val Loss 6.2024 Acc 0.9798 AUC 0.9989 Pre 0.9798 Rec 0.9795
2026-08-30 00:37:38 | Diag logvar_q_mean=0.0000 logvar_q_clamp=0.0000 kappa_log10=5.7324
2026-08-30 00:37:41 | Epoch 219/400 | Train Loss 1.7731 Acc 0.9997 | Val Loss 6.1295 Acc 0.9797 AUC 0.9988 Pre 0.9796 Rec 0.9794
2026-08-30 00:37:41 | Diag logvar_q_mean=0.0000 logvar_q_clamp=0.0000 kappa_log10=6.3068
2026-08-30 00:37:45 | Epoch 220/400 | Train Loss 1.7897 Acc 0.9996 | Val Loss 6.0884 Acc 0.9804 AUC 0.9986 Pre 0.9803 Rec 0.9801
2026-08-30 00:37:45 | Diag logvar_q_mean=0.0000 logvar_q_clamp=0.0000 kappa_log10=8.0173
2026-08-30 00:37:48 | Epoch 221/400 | Train Loss 1.7999 Acc 0.9996 | Val Loss 6.2352 Acc 0.9796 AUC 0.9986 Pre 0.9796 Rec 0.9794
2026-08-30 00:37:49 | Diag logvar_q_mean=0.0000 logvar_q_clamp=0.0000 kappa_log10=7.1207
2026-08-30 00:37:52 | Epoch 222/400 | Train Loss 1.7679 Acc 0.9997 | Val Loss 6.5447 Acc 0.9788 AUC 0.9986 Pre 0.9788 Rec 0.9785
2026-08-30 00:37:53 | Diag logvar_q_mean=0.0000 logvar_q_clamp=0.0000 kappa_log10=7.3695
2026-08-30 00:37:56 | Epoch 223/400 | Train Loss 1.7835 Acc 0.9996 | Val Loss 6.3481 Acc 0.9800 AUC 0.9984 Pre 0.9800 Rec 0.9797
2026-08-30 00:37:57 | Diag logvar_q_mean=0.0000 logvar_q_clamp=0.0000 kappa_log10=7.4690
2026-08-30 00:38:00 | Epoch 224/400 | Train Loss 1.7603 Acc 0.9997 | Val Loss 6.2832 Acc 0.9797 AUC 0.9986 Pre 0.9797 Rec 0.9795
2026-08-30 00:38:00 | Diag logvar_q_mean=0.0000 logvar_q_clamp=0.0000 kappa_log10=6.7750
2026-08-30 00:38:03 | Epoch 225/400 | Train Loss 1.7467 Acc 0.9996 | Val Loss 6.0990 Acc 0.9795 AUC 0.9986 Pre 0.9796 Rec 0.9792
2026-08-30 00:38:04 | Diag logvar_q_mean=0.0000 logvar_q_clamp=0.0000 kappa_log10=6.3440
2026-08-30 00:38:07 | Epoch 226/400 | Train Loss 1.7103 Acc 0.9998 | Val Loss 6.1247 Acc 0.9789 AUC 0.9988 Pre 0.9790 Rec 0.9785
2026-08-30 00:38:08 | Diag logvar_q_mean=0.0000 logvar_q_clamp=0.0000 kappa_log10=6.5637
2026-08-30 00:38:11 | Epoch 227/400 | Train Loss 1.7679 Acc 0.9996 | Val Loss 6.1972 Acc 0.9784 AUC 0.9986 Pre 0.9783 Rec 0.9781
2026-08-30 00:38:12 | Diag logvar_q_mean=0.0000 logvar_q_clamp=0.0000 kappa_log10=6.0201
2026-08-30 00:38:15 | Epoch 228/400 | Train Loss 1.7387 Acc 0.9997 | Val Loss 6.1193 Acc 0.9796 AUC 0.9986 Pre 0.9797 Rec 0.9793
2026-08-30 00:38:15 | Diag logvar_q_mean=0.0000 logvar_q_clamp=0.0000 kappa_log10=6.2779
2026-08-30 00:38:19 | Epoch 229/400 | Train Loss 1.8092 Acc 0.9996 | Val Loss 6.3963 Acc 0.9785 AUC 0.9986 Pre 0.9785 Rec 0.9782
2026-08-30 00:38:19 | Diag logvar_q_mean=0.0000 logvar_q_clamp=0.0000 kappa_log10=5.9013
2026-08-30 00:38:22 | Epoch 230/400 | Train Loss 1.7779 Acc 0.9997 | Val Loss 6.1157 Acc 0.9805 AUC 0.9987 Pre 0.9805 Rec 0.9802
2026-08-30 00:38:23 | Diag logvar_q_mean=0.0000 logvar_q_clamp=0.0000 kappa_log10=6.9459
2026-08-30 00:38:26 | Epoch 231/400 | Train Loss 1.7938 Acc 0.9997 | Val Loss 6.0889 Acc 0.9792 AUC 0.9987 Pre 0.9792 Rec 0.9789
2026-08-30 00:38:27 | Diag logvar_q_mean=0.0000 logvar_q_clamp=0.0000 kappa_log10=6.6203
2026-08-30 00:38:30 | Epoch 232/400 | Train Loss 1.7929 Acc 0.9997 | Val Loss 6.4120 Acc 0.9792 AUC 0.9986 Pre 0.9792 Rec 0.9789
2026-08-30 00:38:31 | Diag logvar_q_mean=0.0000 logvar_q_clamp=0.0000 kappa_log10=6.3224
2026-08-30 00:38:34 | Epoch 233/400 | Train Loss 1.8249 Acc 0.9996 | Val Loss 6.2054 Acc 0.9797 AUC 0.9987 Pre 0.9796 Rec 0.9795
2026-08-30 00:38:34 | Diag logvar_q_mean=0.0000 logvar_q_clamp=0.0000 kappa_log10=7.6021
2026-08-30 00:38:38 | Epoch 234/400 | Train Loss 1.8257 Acc 0.9994 | Val Loss 6.1560 Acc 0.9799 AUC 0.9987 Pre 0.9799 Rec 0.9797
2026-08-30 00:38:38 | Diag logvar_q_mean=0.0000 logvar_q_clamp=0.0000 kappa_log10=6.2616
2026-08-30 00:38:41 | Epoch 235/400 | Train Loss 1.7858 Acc 0.9995 | Val Loss 6.2744 Acc 0.9793 AUC 0.9986 Pre 0.9794 Rec 0.9791
2026-08-30 00:38:42 | Diag logvar_q_mean=0.0000 logvar_q_clamp=0.0000 kappa_log10=6.1467
2026-08-30 00:38:45 | Epoch 236/400 | Train Loss 1.7660 Acc 0.9997 | Val Loss 6.3062 Acc 0.9795 AUC 0.9987 Pre 0.9795 Rec 0.9793
2026-08-30 00:38:46 | Diag logvar_q_mean=0.0000 logvar_q_clamp=0.0000 kappa_log10=6.1741
2026-08-30 00:38:49 | Epoch 237/400 | Train Loss 1.7774 Acc 0.9996 | Val Loss 6.1187 Acc 0.9800 AUC 0.9986 Pre 0.9799 Rec 0.9798
2026-08-30 00:38:50 | Diag logvar_q_mean=0.0000 logvar_q_clamp=0.0000 kappa_log10=6.8931
2026-08-30 00:38:53 | Epoch 238/400 | Train Loss 1.7276 Acc 0.9997 | Val Loss 6.1409 Acc 0.9786 AUC 0.9986 Pre 0.9786 Rec 0.9784
2026-08-30 00:38:53 | Diag logvar_q_mean=0.0000 logvar_q_clamp=0.0000 kappa_log10=6.1043
2026-08-30 00:38:57 | Epoch 239/400 | Train Loss 1.7659 Acc 0.9996 | Val Loss 6.2567 Acc 0.9796 AUC 0.9985 Pre 0.9797 Rec 0.9794
2026-08-30 00:38:57 | Diag logvar_q_mean=0.0000 logvar_q_clamp=0.0000 kappa_log10=6.3646
2026-08-30 00:39:00 | Epoch 240/400 | Train Loss 1.7665 Acc 0.9997 | Val Loss 6.4457 Acc 0.9798 AUC 0.9986 Pre 0.9797 Rec 0.9796
2026-08-30 00:39:01 | Diag logvar_q_mean=0.0000 logvar_q_clamp=0.0000 kappa_log10=6.4998
2026-08-30 00:39:04 | Epoch 241/400 | Train Loss 1.7996 Acc 0.9995 | Val Loss 6.3038 Acc 0.9790 AUC 0.9988 Pre 0.9790 Rec 0.9788
2026-08-30 00:39:05 | Diag logvar_q_mean=0.0000 logvar_q_clamp=0.0000 kappa_log10=6.1246
2026-08-30 00:39:08 | Epoch 242/400 | Train Loss 1.7413 Acc 0.9996 | Val Loss 6.5151 Acc 0.9774 AUC 0.9985 Pre 0.9775 Rec 0.9771
2026-08-30 00:39:09 | Diag logvar_q_mean=0.0000 logvar_q_clamp=0.0000 kappa_log10=6.1130
2026-08-30 00:39:12 | Epoch 243/400 | Train Loss 1.7950 Acc 0.9996 | Val Loss 6.1448 Acc 0.9810 AUC 0.9986 Pre 0.9810 Rec 0.9808
2026-08-30 00:39:12 | Diag logvar_q_mean=0.0000 logvar_q_clamp=0.0000 kappa_log10=5.8775
2026-08-30 00:39:16 | Epoch 244/400 | Train Loss 1.8004 Acc 0.9996 | Val Loss 6.1828 Acc 0.9800 AUC 0.9987 Pre 0.9800 Rec 0.9797
2026-08-30 00:39:16 | Diag logvar_q_mean=0.0000 logvar_q_clamp=0.0000 kappa_log10=6.1997
2026-08-30 00:39:19 | Epoch 245/400 | Train Loss 1.8265 Acc 0.9996 | Val Loss 6.4267 Acc 0.9788 AUC 0.9986 Pre 0.9788 Rec 0.9785
2026-08-30 00:39:20 | Diag logvar_q_mean=0.0000 logvar_q_clamp=0.0000 kappa_log10=5.9759
2026-08-30 00:39:23 | Epoch 246/400 | Train Loss 1.8082 Acc 0.9995 | Val Loss 6.4136 Acc 0.9800 AUC 0.9987 Pre 0.9800 Rec 0.9798
2026-08-30 00:39:24 | Diag logvar_q_mean=0.0000 logvar_q_clamp=0.0000 kappa_log10=6.1557
2026-08-30 00:39:27 | Epoch 247/400 | Train Loss 1.8220 Acc 0.9995 | Val Loss 6.3898 Acc 0.9798 AUC 0.9986 Pre 0.9799 Rec 0.9795
2026-08-30 00:39:28 | Diag logvar_q_mean=0.0000 logvar_q_clamp=0.0000 kappa_log10=6.8795
2026-08-30 00:39:31 | Epoch 248/400 | Train Loss 1.7364 Acc 0.9996 | Val Loss 6.1634 Acc 0.9809 AUC 0.9985 Pre 0.9810 Rec 0.9806
2026-08-30 00:39:31 | Diag logvar_q_mean=0.0000 logvar_q_clamp=0.0000 kappa_log10=6.5129
2026-08-30 00:39:34 | Epoch 249/400 | Train Loss 1.7659 Acc 0.9996 | Val Loss 6.2246 Acc 0.9802 AUC 0.9986 Pre 0.9802 Rec 0.9799
2026-08-30 00:39:35 | Diag logvar_q_mean=0.0000 logvar_q_clamp=0.0000 kappa_log10=7.1565
2026-08-30 00:39:38 | Epoch 250/400 | Train Loss 1.7728 Acc 0.9996 | Val Loss 6.2914 Acc 0.9790 AUC 0.9984 Pre 0.9791 Rec 0.9787
2026-08-30 00:39:39 | Diag logvar_q_mean=0.0000 logvar_q_clamp=0.0000 kappa_log10=6.1767
2026-08-30 00:39:42 | Epoch 251/400 | Train Loss 1.7421 Acc 0.9998 | Val Loss 6.2521 Acc 0.9792 AUC 0.9988 Pre 0.9793 Rec 0.9789
2026-08-30 00:39:43 | Diag logvar_q_mean=0.0000 logvar_q_clamp=0.0000 kappa_log10=6.7208
2026-08-30 00:39:46 | Epoch 252/400 | Train Loss 1.7003 Acc 0.9995 | Val Loss 6.2482 Acc 0.9794 AUC 0.9988 Pre 0.9795 Rec 0.9791
2026-08-30 00:39:47 | Diag logvar_q_mean=0.0000 logvar_q_clamp=0.0000 kappa_log10=6.7409
2026-08-30 00:39:50 | Epoch 253/400 | Train Loss 1.6775 Acc 0.9996 | Val Loss 6.2494 Acc 0.9805 AUC 0.9988 Pre 0.9806 Rec 0.9802
2026-08-30 00:39:50 | Diag logvar_q_mean=0.0000 logvar_q_clamp=0.0000 kappa_log10=6.8939
2026-08-30 00:39:54 | Epoch 254/400 | Train Loss 1.6989 Acc 0.9998 | Val Loss 6.1780 Acc 0.9793 AUC 0.9988 Pre 0.9794 Rec 0.9790
2026-08-30 00:39:54 | Diag logvar_q_mean=0.0000 logvar_q_clamp=0.0000 kappa_log10=7.0697
2026-08-30 00:39:57 | Epoch 255/400 | Train Loss 1.7773 Acc 0.9995 | Val Loss 5.9939 Acc 0.9804 AUC 0.9987 Pre 0.9804 Rec 0.9801
2026-08-30 00:39:58 | Diag logvar_q_mean=0.0000 logvar_q_clamp=0.0000 kappa_log10=6.0478
2026-08-30 00:40:01 | Epoch 256/400 | Train Loss 1.8118 Acc 0.9996 | Val Loss 6.1174 Acc 0.9798 AUC 0.9988 Pre 0.9799 Rec 0.9795
2026-08-30 00:40:02 | Diag logvar_q_mean=0.0000 logvar_q_clamp=0.0000 kappa_log10=6.6527
2026-08-30 00:40:05 | Epoch 257/400 | Train Loss 1.7741 Acc 0.9996 | Val Loss 6.2233 Acc 0.9807 AUC 0.9987 Pre 0.9808 Rec 0.9805
2026-08-30 00:40:06 | Diag logvar_q_mean=0.0000 logvar_q_clamp=0.0000 kappa_log10=6.5593
2026-08-30 00:40:09 | Epoch 258/400 | Train Loss 1.7784 Acc 0.9995 | Val Loss 5.8985 Acc 0.9798 AUC 0.9987 Pre 0.9799 Rec 0.9795
2026-08-30 00:40:09 | Diag logvar_q_mean=0.0000 logvar_q_clamp=0.0000 kappa_log10=7.2582
2026-08-30 00:40:13 | Epoch 259/400 | Train Loss 1.7373 Acc 0.9996 | Val Loss 6.3134 Acc 0.9798 AUC 0.9988 Pre 0.9800 Rec 0.9795
2026-08-30 00:40:13 | Diag logvar_q_mean=0.0000 logvar_q_clamp=0.0000 kappa_log10=6.4373
2026-08-30 00:40:17 | Epoch 260/400 | Train Loss 1.7498 Acc 0.9996 | Val Loss 6.2475 Acc 0.9781 AUC 0.9987 Pre 0.9783 Rec 0.9778
2026-08-30 00:40:17 | Diag logvar_q_mean=0.0000 logvar_q_clamp=0.0000 kappa_log10=6.5605
2026-08-30 00:40:20 | Epoch 261/400 | Train Loss 1.7107 Acc 0.9997 | Val Loss 6.1232 Acc 0.9793 AUC 0.9986 Pre 0.9794 Rec 0.9791
2026-08-30 00:40:21 | Diag logvar_q_mean=0.0000 logvar_q_clamp=0.0000 kappa_log10=8.6851
2026-08-30 00:40:24 | Epoch 262/400 | Train Loss 1.7494 Acc 0.9996 | Val Loss 6.1978 Acc 0.9812 AUC 0.9986 Pre 0.9813 Rec 0.9811
2026-08-30 00:40:25 | Diag logvar_q_mean=0.0000 logvar_q_clamp=0.0000 kappa_log10=6.7211
2026-08-30 00:40:28 | Epoch 263/400 | Train Loss 1.7190 Acc 0.9996 | Val Loss 6.2654 Acc 0.9789 AUC 0.9987 Pre 0.9791 Rec 0.9786
2026-08-30 00:40:28 | Diag logvar_q_mean=0.0000 logvar_q_clamp=0.0000 kappa_log10=6.7528
2026-08-30 00:40:32 | Epoch 264/400 | Train Loss 1.6974 Acc 0.9996 | Val Loss 6.2050 Acc 0.9801 AUC 0.9987 Pre 0.9800 Rec 0.9799
2026-08-30 00:40:32 | Diag logvar_q_mean=0.0000 logvar_q_clamp=0.0000 kappa_log10=6.7456
2026-08-30 00:40:36 | Epoch 265/400 | Train Loss 1.7678 Acc 0.9997 | Val Loss 6.2741 Acc 0.9786 AUC 0.9987 Pre 0.9787 Rec 0.9784
2026-08-30 00:40:36 | Diag logvar_q_mean=0.0000 logvar_q_clamp=0.0000 kappa_log10=6.1674
2026-08-30 00:40:39 | Epoch 266/400 | Train Loss 1.7502 Acc 0.9997 | Val Loss 6.3553 Acc 0.9789 AUC 0.9986 Pre 0.9791 Rec 0.9787
2026-08-30 00:40:40 | Diag logvar_q_mean=0.0000 logvar_q_clamp=0.0000 kappa_log10=6.3831
2026-08-30 00:40:43 | Epoch 267/400 | Train Loss 1.7512 Acc 0.9998 | Val Loss 6.2499 Acc 0.9790 AUC 0.9987 Pre 0.9792 Rec 0.9789
2026-08-30 00:40:44 | Diag logvar_q_mean=0.0000 logvar_q_clamp=0.0000 kappa_log10=6.2771
2026-08-30 00:40:47 | Epoch 268/400 | Train Loss 1.7604 Acc 0.9997 | Val Loss 6.1230 Acc 0.9810 AUC 0.9987 Pre 0.9812 Rec 0.9808
2026-08-30 00:40:47 | Diag logvar_q_mean=0.0000 logvar_q_clamp=0.0000 kappa_log10=6.0084
2026-08-30 00:40:51 | Epoch 269/400 | Train Loss 1.7666 Acc 0.9997 | Val Loss 6.0909 Acc 0.9791 AUC 0.9986 Pre 0.9792 Rec 0.9788
2026-08-30 00:40:51 | Diag logvar_q_mean=0.0000 logvar_q_clamp=0.0000 kappa_log10=7.3856
2026-08-30 00:40:55 | Epoch 270/400 | Train Loss 1.7966 Acc 0.9997 | Val Loss 6.2094 Acc 0.9789 AUC 0.9988 Pre 0.9789 Rec 0.9786
2026-08-30 00:40:55 | Diag logvar_q_mean=0.0000 logvar_q_clamp=0.0000 kappa_log10=6.6056
2026-08-30 00:40:58 | Epoch 271/400 | Train Loss 1.7371 Acc 0.9997 | Val Loss 6.2713 Acc 0.9790 AUC 0.9986 Pre 0.9791 Rec 0.9789
2026-08-30 00:40:59 | Diag logvar_q_mean=0.0000 logvar_q_clamp=0.0000 kappa_log10=6.0552
2026-08-30 00:41:02 | Epoch 272/400 | Train Loss 1.7446 Acc 0.9995 | Val Loss 6.4482 Acc 0.9781 AUC 0.9988 Pre 0.9783 Rec 0.9778
2026-08-30 00:41:03 | Diag logvar_q_mean=0.0000 logvar_q_clamp=0.0000 kappa_log10=6.8845
2026-08-30 00:41:06 | Epoch 273/400 | Train Loss 1.7538 Acc 0.9995 | Val Loss 6.0818 Acc 0.9796 AUC 0.9988 Pre 0.9796 Rec 0.9794
2026-08-30 00:41:07 | Diag logvar_q_mean=0.0000 logvar_q_clamp=0.0000 kappa_log10=6.7099
2026-08-30 00:41:10 | Epoch 274/400 | Train Loss 1.7039 Acc 0.9997 | Val Loss 6.1435 Acc 0.9801 AUC 0.9985 Pre 0.9803 Rec 0.9799
2026-08-30 00:41:10 | Diag logvar_q_mean=0.0000 logvar_q_clamp=0.0000 kappa_log10=6.4323
2026-08-30 00:41:14 | Epoch 275/400 | Train Loss 1.7259 Acc 0.9996 | Val Loss 6.1648 Acc 0.9794 AUC 0.9986 Pre 0.9795 Rec 0.9792
2026-08-30 00:41:14 | Diag logvar_q_mean=0.0000 logvar_q_clamp=0.0000 kappa_log10=6.8023
2026-08-30 00:41:17 | Epoch 276/400 | Train Loss 1.7473 Acc 0.9995 | Val Loss 6.4350 Acc 0.9787 AUC 0.9983 Pre 0.9788 Rec 0.9784
2026-08-30 00:41:18 | Diag logvar_q_mean=0.0000 logvar_q_clamp=0.0000 kappa_log10=6.1731
2026-08-30 00:41:21 | Epoch 277/400 | Train Loss 1.7291 Acc 0.9996 | Val Loss 6.1602 Acc 0.9802 AUC 0.9984 Pre 0.9803 Rec 0.9800
2026-08-30 00:41:22 | Diag logvar_q_mean=0.0000 logvar_q_clamp=0.0000 kappa_log10=7.1652
2026-08-30 00:41:25 | Epoch 278/400 | Train Loss 1.7677 Acc 0.9996 | Val Loss 6.2777 Acc 0.9781 AUC 0.9987 Pre 0.9782 Rec 0.9778
2026-08-30 00:41:26 | Diag logvar_q_mean=0.0000 logvar_q_clamp=0.0000 kappa_log10=5.9780
2026-08-30 00:41:29 | Epoch 279/400 | Train Loss 1.7731 Acc 0.9996 | Val Loss 5.9814 Acc 0.9802 AUC 0.9986 Pre 0.9804 Rec 0.9799
2026-08-30 00:41:29 | Diag logvar_q_mean=0.0000 logvar_q_clamp=0.0000 kappa_log10=6.6388
2026-08-30 00:41:33 | Epoch 280/400 | Train Loss 1.7110 Acc 0.9998 | Val Loss 6.2522 Acc 0.9789 AUC 0.9986 Pre 0.9790 Rec 0.9785
2026-08-30 00:41:33 | Diag logvar_q_mean=0.0000 logvar_q_clamp=0.0000 kappa_log10=6.8190
2026-08-30 00:41:36 | Epoch 281/400 | Train Loss 1.7273 Acc 0.9997 | Val Loss 6.3699 Acc 0.9795 AUC 0.9984 Pre 0.9795 Rec 0.9793
2026-08-30 00:41:37 | Diag logvar_q_mean=0.0000 logvar_q_clamp=0.0000 kappa_log10=6.4860
2026-08-30 00:41:40 | Epoch 282/400 | Train Loss 1.6895 Acc 0.9997 | Val Loss 6.3164 Acc 0.9790 AUC 0.9987 Pre 0.9792 Rec 0.9788
2026-08-30 00:41:41 | Diag logvar_q_mean=0.0000 logvar_q_clamp=0.0000 kappa_log10=6.0387
2026-08-30 00:41:44 | Epoch 283/400 | Train Loss 1.6959 Acc 0.9997 | Val Loss 6.4363 Acc 0.9782 AUC 0.9986 Pre 0.9783 Rec 0.9779
2026-08-30 00:41:45 | Diag logvar_q_mean=0.0000 logvar_q_clamp=0.0000 kappa_log10=7.1690
2026-08-30 00:41:48 | Epoch 284/400 | Train Loss 1.6920 Acc 0.9997 | Val Loss 6.2886 Acc 0.9795 AUC 0.9983 Pre 0.9796 Rec 0.9792
2026-08-30 00:41:48 | Diag logvar_q_mean=0.0000 logvar_q_clamp=0.0000 kappa_log10=6.4897
2026-08-30 00:41:52 | Epoch 285/400 | Train Loss 1.7006 Acc 0.9998 | Val Loss 6.4192 Acc 0.9782 AUC 0.9986 Pre 0.9784 Rec 0.9780
2026-08-30 00:41:52 | Diag logvar_q_mean=0.0000 logvar_q_clamp=0.0000 kappa_log10=6.7469
2026-08-30 00:41:55 | Epoch 286/400 | Train Loss 1.6492 Acc 0.9998 | Val Loss 6.0770 Acc 0.9782 AUC 0.9985 Pre 0.9783 Rec 0.9778
2026-08-30 00:41:56 | Diag logvar_q_mean=0.0000 logvar_q_clamp=0.0000 kappa_log10=6.4886
2026-08-30 00:41:59 | Epoch 287/400 | Train Loss 1.7441 Acc 0.9997 | Val Loss 6.3858 Acc 0.9786 AUC 0.9985 Pre 0.9788 Rec 0.9782
2026-08-30 00:42:00 | Diag logvar_q_mean=0.0000 logvar_q_clamp=0.0000 kappa_log10=6.6540
2026-08-30 00:42:03 | Epoch 288/400 | Train Loss 1.7474 Acc 0.9996 | Val Loss 6.2361 Acc 0.9792 AUC 0.9985 Pre 0.9793 Rec 0.9790
2026-08-30 00:42:04 | Diag logvar_q_mean=0.0000 logvar_q_clamp=0.0000 kappa_log10=6.1268
2026-08-30 00:42:07 | Epoch 289/400 | Train Loss 1.7384 Acc 0.9996 | Val Loss 6.3207 Acc 0.9778 AUC 0.9986 Pre 0.9780 Rec 0.9775
2026-08-30 00:42:07 | Diag logvar_q_mean=0.0000 logvar_q_clamp=0.0000 kappa_log10=6.6198
2026-08-30 00:42:11 | Epoch 290/400 | Train Loss 1.6970 Acc 0.9998 | Val Loss 6.3527 Acc 0.9791 AUC 0.9987 Pre 0.9792 Rec 0.9789
2026-08-30 00:42:11 | Diag logvar_q_mean=0.0000 logvar_q_clamp=0.0000 kappa_log10=6.0108
2026-08-30 00:42:14 | Epoch 291/400 | Train Loss 1.6790 Acc 0.9997 | Val Loss 6.2089 Acc 0.9796 AUC 0.9985 Pre 0.9796 Rec 0.9794
2026-08-30 00:42:15 | Diag logvar_q_mean=0.0000 logvar_q_clamp=0.0000 kappa_log10=6.8337
2026-08-30 00:42:18 | Epoch 292/400 | Train Loss 1.7192 Acc 0.9997 | Val Loss 6.3982 Acc 0.9784 AUC 0.9986 Pre 0.9786 Rec 0.9782
2026-08-30 00:42:19 | Diag logvar_q_mean=0.0000 logvar_q_clamp=0.0000 kappa_log10=6.3968
2026-08-30 00:42:22 | Epoch 293/400 | Train Loss 1.7756 Acc 0.9998 | Val Loss 6.3564 Acc 0.9788 AUC 0.9988 Pre 0.9789 Rec 0.9785
2026-08-30 00:42:23 | Diag logvar_q_mean=0.0000 logvar_q_clamp=0.0000 kappa_log10=6.5042
2026-08-30 00:42:26 | Epoch 294/400 | Train Loss 1.7253 Acc 0.9996 | Val Loss 6.4914 Acc 0.9783 AUC 0.9985 Pre 0.9785 Rec 0.9780
2026-08-30 00:42:26 | Diag logvar_q_mean=0.0000 logvar_q_clamp=0.0000 kappa_log10=6.6324
2026-08-30 00:42:30 | Epoch 295/400 | Train Loss 1.7682 Acc 0.9997 | Val Loss 6.3129 Acc 0.9785 AUC 0.9985 Pre 0.9786 Rec 0.9782
2026-08-30 00:42:30 | Diag logvar_q_mean=0.0000 logvar_q_clamp=0.0000 kappa_log10=5.9117
2026-08-30 00:42:33 | Epoch 296/400 | Train Loss 1.7189 Acc 0.9997 | Val Loss 6.3987 Acc 0.9769 AUC 0.9984 Pre 0.9770 Rec 0.9766
2026-08-30 00:42:34 | Diag logvar_q_mean=0.0000 logvar_q_clamp=0.0000 kappa_log10=6.5667
2026-08-30 00:42:37 | Epoch 297/400 | Train Loss 1.7191 Acc 0.9998 | Val Loss 6.3578 Acc 0.9780 AUC 0.9984 Pre 0.9781 Rec 0.9777
2026-08-30 00:42:38 | Diag logvar_q_mean=0.0000 logvar_q_clamp=0.0000 kappa_log10=6.9100
2026-08-30 00:42:41 | Epoch 298/400 | Train Loss 1.7008 Acc 0.9998 | Val Loss 6.1116 Acc 0.9794 AUC 0.9987 Pre 0.9797 Rec 0.9791
2026-08-30 00:42:42 | Diag logvar_q_mean=0.0000 logvar_q_clamp=0.0000 kappa_log10=6.1545
2026-08-30 00:42:45 | Epoch 299/400 | Train Loss 1.6530 Acc 0.9997 | Val Loss 6.2616 Acc 0.9791 AUC 0.9986 Pre 0.9792 Rec 0.9788
2026-08-30 00:42:45 | Diag logvar_q_mean=0.0000 logvar_q_clamp=0.0000 kappa_log10=7.7568
2026-08-30 00:42:49 | Epoch 300/400 | Train Loss 1.6818 Acc 0.9997 | Val Loss 6.2236 Acc 0.9795 AUC 0.9984 Pre 0.9796 Rec 0.9792
2026-08-30 00:42:49 | Diag logvar_q_mean=0.0000 logvar_q_clamp=0.0000 kappa_log10=6.4216
2026-08-30 00:42:53 | Epoch 301/400 | Train Loss 1.6815 Acc 0.9996 | Val Loss 6.6259 Acc 0.9783 AUC 0.9984 Pre 0.9785 Rec 0.9780
2026-08-30 00:42:53 | Diag logvar_q_mean=0.0000 logvar_q_clamp=0.0000 kappa_log10=6.2458
2026-08-30 00:42:57 | Epoch 302/400 | Train Loss 1.6913 Acc 0.9996 | Val Loss 6.3214 Acc 0.9791 AUC 0.9985 Pre 0.9794 Rec 0.9789
2026-08-30 00:42:57 | Diag logvar_q_mean=0.0000 logvar_q_clamp=0.0000 kappa_log10=5.9494
2026-08-30 00:43:00 | Epoch 303/400 | Train Loss 1.6769 Acc 0.9997 | Val Loss 6.6726 Acc 0.9780 AUC 0.9985 Pre 0.9782 Rec 0.9778
2026-08-30 00:43:01 | Diag logvar_q_mean=0.0000 logvar_q_clamp=0.0000 kappa_log10=6.5280
2026-08-30 00:43:04 | Epoch 304/400 | Train Loss 1.7727 Acc 0.9994 | Val Loss 6.4069 Acc 0.9787 AUC 0.9985 Pre 0.9789 Rec 0.9784
2026-08-30 00:43:05 | Diag logvar_q_mean=0.0000 logvar_q_clamp=0.0000 kappa_log10=6.3637
2026-08-30 00:43:08 | Epoch 305/400 | Train Loss 1.7428 Acc 0.9996 | Val Loss 6.4885 Acc 0.9802 AUC 0.9986 Pre 0.9805 Rec 0.9800
2026-08-30 00:43:08 | Diag logvar_q_mean=0.0000 logvar_q_clamp=0.0000 kappa_log10=7.2746
2026-08-30 00:43:12 | Epoch 306/400 | Train Loss 1.7396 Acc 0.9996 | Val Loss 6.5678 Acc 0.9784 AUC 0.9986 Pre 0.9786 Rec 0.9782
2026-08-30 00:43:12 | Diag logvar_q_mean=0.0000 logvar_q_clamp=0.0000 kappa_log10=6.4089
2026-08-30 00:43:15 | Epoch 307/400 | Train Loss 1.6801 Acc 0.9996 | Val Loss 6.2852 Acc 0.9793 AUC 0.9986 Pre 0.9795 Rec 0.9790
2026-08-30 00:43:16 | Diag logvar_q_mean=0.0000 logvar_q_clamp=0.0000 kappa_log10=6.8261
2026-08-30 00:43:19 | Epoch 308/400 | Train Loss 1.6365 Acc 0.9997 | Val Loss 6.3159 Acc 0.9794 AUC 0.9987 Pre 0.9796 Rec 0.9791
2026-08-30 00:43:20 | Diag logvar_q_mean=0.0000 logvar_q_clamp=0.0000 kappa_log10=6.4456
2026-08-30 00:43:23 | Epoch 309/400 | Train Loss 1.6907 Acc 0.9996 | Val Loss 6.3537 Acc 0.9791 AUC 0.9985 Pre 0.9794 Rec 0.9788
2026-08-30 00:43:24 | Diag logvar_q_mean=0.0000 logvar_q_clamp=0.0000 kappa_log10=6.3264
2026-08-30 00:43:27 | Epoch 310/400 | Train Loss 1.7059 Acc 0.9995 | Val Loss 6.2058 Acc 0.9810 AUC 0.9987 Pre 0.9813 Rec 0.9807
2026-08-30 00:43:28 | Diag logvar_q_mean=0.0000 logvar_q_clamp=0.0000 kappa_log10=6.4074
2026-08-30 00:43:31 | Epoch 311/400 | Train Loss 1.6766 Acc 0.9998 | Val Loss 6.5951 Acc 0.9781 AUC 0.9985 Pre 0.9783 Rec 0.9779
2026-08-30 00:43:32 | Diag logvar_q_mean=0.0000 logvar_q_clamp=0.0000 kappa_log10=6.6241
2026-08-30 00:43:35 | Epoch 312/400 | Train Loss 1.6909 Acc 0.9998 | Val Loss 6.5731 Acc 0.9775 AUC 0.9984 Pre 0.9777 Rec 0.9772
2026-08-30 00:43:36 | Diag logvar_q_mean=0.0000 logvar_q_clamp=0.0000 kappa_log10=6.1040
2026-08-30 00:43:39 | Epoch 313/400 | Train Loss 1.7518 Acc 0.9996 | Val Loss 6.6259 Acc 0.9791 AUC 0.9983 Pre 0.9792 Rec 0.9788
2026-08-30 00:43:40 | Diag logvar_q_mean=0.0000 logvar_q_clamp=0.0000 kappa_log10=6.0007
2026-08-30 00:43:43 | Epoch 314/400 | Train Loss 1.7194 Acc 0.9997 | Val Loss 6.4058 Acc 0.9791 AUC 0.9985 Pre 0.9793 Rec 0.9788
2026-08-30 00:43:43 | Diag logvar_q_mean=0.0000 logvar_q_clamp=0.0000 kappa_log10=6.8236
2026-08-30 00:43:47 | Epoch 315/400 | Train Loss 1.6665 Acc 0.9996 | Val Loss 6.3232 Acc 0.9786 AUC 0.9987 Pre 0.9788 Rec 0.9783
2026-08-30 00:43:48 | Diag logvar_q_mean=0.0000 logvar_q_clamp=0.0000 kappa_log10=6.3084
2026-08-30 00:43:51 | Epoch 316/400 | Train Loss 1.7178 Acc 0.9996 | Val Loss 6.3294 Acc 0.9795 AUC 0.9986 Pre 0.9796 Rec 0.9792
2026-08-30 00:43:51 | Diag logvar_q_mean=0.0000 logvar_q_clamp=0.0000 kappa_log10=6.1995
2026-08-30 00:43:55 | Epoch 317/400 | Train Loss 1.6688 Acc 0.9997 | Val Loss 6.4811 Acc 0.9801 AUC 0.9983 Pre 0.9803 Rec 0.9798
2026-08-30 00:43:55 | Diag logvar_q_mean=0.0000 logvar_q_clamp=0.0000 kappa_log10=6.3916
2026-08-30 00:43:59 | Epoch 318/400 | Train Loss 1.7133 Acc 0.9997 | Val Loss 6.4038 Acc 0.9791 AUC 0.9985 Pre 0.9791 Rec 0.9789
2026-08-30 00:43:59 | Diag logvar_q_mean=0.0000 logvar_q_clamp=0.0000 kappa_log10=6.7676
2026-08-30 00:44:03 | Epoch 319/400 | Train Loss 1.6475 Acc 0.9997 | Val Loss 6.3752 Acc 0.9781 AUC 0.9985 Pre 0.9783 Rec 0.9778
2026-08-30 00:44:03 | Diag logvar_q_mean=0.0000 logvar_q_clamp=0.0000 kappa_log10=6.8188
2026-08-30 00:44:07 | Epoch 320/400 | Train Loss 1.6928 Acc 0.9998 | Val Loss 6.4258 Acc 0.9789 AUC 0.9987 Pre 0.9791 Rec 0.9786
2026-08-30 00:44:07 | Diag logvar_q_mean=0.0000 logvar_q_clamp=0.0000 kappa_log10=6.8032
2026-08-30 00:44:10 | Epoch 321/400 | Train Loss 1.6341 Acc 0.9997 | Val Loss 6.1946 Acc 0.9799 AUC 0.9987 Pre 0.9800 Rec 0.9796
2026-08-30 00:44:11 | Diag logvar_q_mean=0.0000 logvar_q_clamp=0.0000 kappa_log10=6.4939
2026-08-30 00:44:14 | Epoch 322/400 | Train Loss 1.7015 Acc 0.9995 | Val Loss 6.5260 Acc 0.9782 AUC 0.9985 Pre 0.9785 Rec 0.9779
2026-08-30 00:44:15 | Diag logvar_q_mean=0.0000 logvar_q_clamp=0.0000 kappa_log10=6.2188
2026-08-30 00:44:18 | Epoch 323/400 | Train Loss 1.6473 Acc 0.9998 | Val Loss 6.4577 Acc 0.9802 AUC 0.9984 Pre 0.9806 Rec 0.9799
2026-08-30 00:44:18 | Diag logvar_q_mean=0.0000 logvar_q_clamp=0.0000 kappa_log10=6.4958
2026-08-30 00:44:22 | Epoch 324/400 | Train Loss 1.6919 Acc 0.9997 | Val Loss 6.2665 Acc 0.9787 AUC 0.9988 Pre 0.9790 Rec 0.9784
2026-08-30 00:44:22 | Diag logvar_q_mean=0.0000 logvar_q_clamp=0.0000 kappa_log10=6.3045
2026-08-30 00:44:26 | Epoch 325/400 | Train Loss 1.6645 Acc 0.9995 | Val Loss 6.4312 Acc 0.9786 AUC 0.9984 Pre 0.9788 Rec 0.9783
2026-08-30 00:44:26 | Diag logvar_q_mean=0.0000 logvar_q_clamp=0.0000 kappa_log10=6.0881
2026-08-30 00:44:30 | Epoch 326/400 | Train Loss 1.7067 Acc 0.9996 | Val Loss 6.4719 Acc 0.9783 AUC 0.9986 Pre 0.9785 Rec 0.9780
2026-08-30 00:44:30 | Diag logvar_q_mean=0.0000 logvar_q_clamp=0.0000 kappa_log10=6.4426
2026-08-30 00:44:33 | Epoch 327/400 | Train Loss 1.6671 Acc 0.9997 | Val Loss 6.2179 Acc 0.9783 AUC 0.9986 Pre 0.9785 Rec 0.9781
2026-08-30 00:44:34 | Diag logvar_q_mean=0.0000 logvar_q_clamp=0.0000 kappa_log10=7.0273
2026-08-30 00:44:37 | Epoch 328/400 | Train Loss 1.6497 Acc 0.9998 | Val Loss 6.5414 Acc 0.9786 AUC 0.9985 Pre 0.9788 Rec 0.9783
2026-08-30 00:44:38 | Diag logvar_q_mean=0.0000 logvar_q_clamp=0.0000 kappa_log10=6.7990
2026-08-30 00:44:41 | Epoch 329/400 | Train Loss 1.6828 Acc 0.9997 | Val Loss 6.4207 Acc 0.9798 AUC 0.9985 Pre 0.9800 Rec 0.9795
2026-08-30 00:44:42 | Diag logvar_q_mean=0.0000 logvar_q_clamp=0.0000 kappa_log10=7.3556
2026-08-30 00:44:45 | Epoch 330/400 | Train Loss 1.7064 Acc 0.9998 | Val Loss 6.6384 Acc 0.9775 AUC 0.9983 Pre 0.9777 Rec 0.9771
2026-08-30 00:44:46 | Diag logvar_q_mean=0.0000 logvar_q_clamp=0.0000 kappa_log10=7.1530
2026-08-30 00:44:49 | Epoch 331/400 | Train Loss 1.6855 Acc 0.9996 | Val Loss 6.5713 Acc 0.9778 AUC 0.9983 Pre 0.9780 Rec 0.9775
2026-08-30 00:44:49 | Diag logvar_q_mean=0.0000 logvar_q_clamp=0.0000 kappa_log10=6.6230
2026-08-30 00:44:53 | Epoch 332/400 | Train Loss 1.6832 Acc 0.9997 | Val Loss 6.6030 Acc 0.9793 AUC 0.9985 Pre 0.9797 Rec 0.9791
2026-08-30 00:44:53 | Diag logvar_q_mean=0.0000 logvar_q_clamp=0.0000 kappa_log10=6.4910
2026-08-30 00:44:57 | Epoch 333/400 | Train Loss 1.6356 Acc 0.9998 | Val Loss 6.4357 Acc 0.9782 AUC 0.9982 Pre 0.9785 Rec 0.9780
2026-08-30 00:44:57 | Diag logvar_q_mean=0.0000 logvar_q_clamp=0.0000 kappa_log10=8.2521
2026-08-30 00:45:00 | Epoch 334/400 | Train Loss 1.6914 Acc 0.9997 | Val Loss 6.7038 Acc 0.9791 AUC 0.9985 Pre 0.9793 Rec 0.9788
2026-08-30 00:45:01 | Diag logvar_q_mean=0.0000 logvar_q_clamp=0.0000 kappa_log10=8.8841
2026-08-30 00:45:04 | Epoch 335/400 | Train Loss 1.6812 Acc 0.9997 | Val Loss 6.4952 Acc 0.9796 AUC 0.9984 Pre 0.9798 Rec 0.9793
2026-08-30 00:45:05 | Diag logvar_q_mean=0.0000 logvar_q_clamp=0.0000 kappa_log10=6.3420
2026-08-30 00:45:08 | Epoch 336/400 | Train Loss 1.6991 Acc 0.9995 | Val Loss 6.5902 Acc 0.9788 AUC 0.9986 Pre 0.9790 Rec 0.9785
2026-08-30 00:45:09 | Diag logvar_q_mean=0.0000 logvar_q_clamp=0.0000 kappa_log10=5.8344
2026-08-30 00:45:12 | Epoch 337/400 | Train Loss 1.6936 Acc 0.9996 | Val Loss 6.5198 Acc 0.9800 AUC 0.9984 Pre 0.9800 Rec 0.9798
2026-08-30 00:45:12 | Diag logvar_q_mean=0.0000 logvar_q_clamp=0.0000 kappa_log10=6.6549
2026-08-30 00:45:16 | Epoch 338/400 | Train Loss 1.6570 Acc 0.9997 | Val Loss 6.3508 Acc 0.9794 AUC 0.9982 Pre 0.9796 Rec 0.9792
2026-08-30 00:45:16 | Diag logvar_q_mean=0.0000 logvar_q_clamp=0.0000 kappa_log10=6.4246
2026-08-30 00:45:19 | Epoch 339/400 | Train Loss 1.6696 Acc 0.9996 | Val Loss 6.3713 Acc 0.9791 AUC 0.9985 Pre 0.9791 Rec 0.9789
2026-08-30 00:45:20 | Diag logvar_q_mean=0.0000 logvar_q_clamp=0.0000 kappa_log10=7.2092
2026-08-30 00:45:23 | Epoch 340/400 | Train Loss 1.6916 Acc 0.9997 | Val Loss 6.4589 Acc 0.9791 AUC 0.9984 Pre 0.9792 Rec 0.9789
2026-08-30 00:45:24 | Diag logvar_q_mean=0.0000 logvar_q_clamp=0.0000 kappa_log10=6.7695
2026-08-30 00:45:27 | Epoch 341/400 | Train Loss 1.6754 Acc 0.9997 | Val Loss 6.5515 Acc 0.9792 AUC 0.9983 Pre 0.9794 Rec 0.9790
2026-08-30 00:45:28 | Diag logvar_q_mean=0.0000 logvar_q_clamp=0.0000 kappa_log10=7.3986
2026-08-30 00:45:31 | Epoch 342/400 | Train Loss 1.6221 Acc 0.9998 | Val Loss 6.2326 Acc 0.9793 AUC 0.9987 Pre 0.9795 Rec 0.9790
2026-08-30 00:45:31 | Diag logvar_q_mean=0.0000 logvar_q_clamp=0.0000 kappa_log10=6.0694
2026-08-30 00:45:35 | Epoch 343/400 | Train Loss 1.6670 Acc 0.9996 | Val Loss 6.5954 Acc 0.9796 AUC 0.9984 Pre 0.9801 Rec 0.9794
2026-08-30 00:45:35 | Diag logvar_q_mean=0.0000 logvar_q_clamp=0.0000 kappa_log10=6.4281
2026-08-30 00:45:38 | Epoch 344/400 | Train Loss 1.7087 Acc 0.9995 | Val Loss 6.4874 Acc 0.9784 AUC 0.9986 Pre 0.9786 Rec 0.9782
2026-08-30 00:45:39 | Diag logvar_q_mean=0.0000 logvar_q_clamp=0.0000 kappa_log10=7.2972
2026-08-30 00:45:42 | Epoch 345/400 | Train Loss 1.7073 Acc 0.9997 | Val Loss 6.4562 Acc 0.9799 AUC 0.9986 Pre 0.9801 Rec 0.9796
2026-08-30 00:45:43 | Diag logvar_q_mean=0.0000 logvar_q_clamp=0.0000 kappa_log10=6.7723
2026-08-30 00:45:46 | Epoch 346/400 | Train Loss 1.6907 Acc 0.9996 | Val Loss 6.6506 Acc 0.9791 AUC 0.9984 Pre 0.9793 Rec 0.9788
2026-08-30 00:45:47 | Diag logvar_q_mean=0.0000 logvar_q_clamp=0.0000 kappa_log10=6.5912
2026-08-30 00:45:50 | Epoch 347/400 | Train Loss 1.6518 Acc 0.9997 | Val Loss 6.2596 Acc 0.9792 AUC 0.9984 Pre 0.9793 Rec 0.9790
2026-08-30 00:45:50 | Diag logvar_q_mean=0.0000 logvar_q_clamp=0.0000 kappa_log10=6.8647
2026-08-30 00:45:54 | Epoch 348/400 | Train Loss 1.7126 Acc 0.9995 | Val Loss 6.4223 Acc 0.9796 AUC 0.9986 Pre 0.9797 Rec 0.9793
2026-08-30 00:45:54 | Diag logvar_q_mean=0.0000 logvar_q_clamp=0.0000 kappa_log10=6.5292
2026-08-30 00:45:57 | Epoch 349/400 | Train Loss 1.6420 Acc 0.9997 | Val Loss 6.7501 Acc 0.9777 AUC 0.9983 Pre 0.9780 Rec 0.9774
2026-08-30 00:45:58 | Diag logvar_q_mean=0.0000 logvar_q_clamp=0.0000 kappa_log10=6.3423
2026-08-30 00:46:01 | Epoch 350/400 | Train Loss 1.6719 Acc 0.9997 | Val Loss 6.5236 Acc 0.9780 AUC 0.9985 Pre 0.9782 Rec 0.9777
2026-08-30 00:46:02 | Diag logvar_q_mean=0.0000 logvar_q_clamp=0.0000 kappa_log10=6.1041
2026-08-30 00:46:05 | Epoch 351/400 | Train Loss 1.6311 Acc 0.9997 | Val Loss 6.5045 Acc 0.9781 AUC 0.9984 Pre 0.9782 Rec 0.9779
2026-08-30 00:46:06 | Diag logvar_q_mean=0.0000 logvar_q_clamp=0.0000 kappa_log10=7.1504
2026-08-30 00:46:09 | Epoch 352/400 | Train Loss 1.6716 Acc 0.9997 | Val Loss 6.4377 Acc 0.9784 AUC 0.9986 Pre 0.9787 Rec 0.9782
2026-08-30 00:46:09 | Diag logvar_q_mean=0.0000 logvar_q_clamp=0.0000 kappa_log10=6.2271
2026-08-30 00:46:13 | Epoch 353/400 | Train Loss 1.6509 Acc 0.9998 | Val Loss 6.4375 Acc 0.9798 AUC 0.9985 Pre 0.9800 Rec 0.9796
2026-08-30 00:46:13 | Diag logvar_q_mean=0.0000 logvar_q_clamp=0.0000 kappa_log10=7.1983
2026-08-30 00:46:17 | Epoch 354/400 | Train Loss 1.7368 Acc 0.9997 | Val Loss 6.5585 Acc 0.9795 AUC 0.9984 Pre 0.9796 Rec 0.9792
2026-08-30 00:46:17 | Diag logvar_q_mean=0.0000 logvar_q_clamp=0.0000 kappa_log10=6.1915
2026-08-30 00:46:20 | Epoch 355/400 | Train Loss 1.6690 Acc 0.9997 | Val Loss 6.7882 Acc 0.9787 AUC 0.9985 Pre 0.9790 Rec 0.9785
2026-08-30 00:46:21 | Diag logvar_q_mean=0.0000 logvar_q_clamp=0.0000 kappa_log10=6.1006
2026-08-30 00:46:24 | Epoch 356/400 | Train Loss 1.6590 Acc 0.9996 | Val Loss 6.3449 Acc 0.9796 AUC 0.9986 Pre 0.9797 Rec 0.9794
2026-08-30 00:46:25 | Diag logvar_q_mean=0.0000 logvar_q_clamp=0.0000 kappa_log10=7.1261
2026-08-30 00:46:28 | Epoch 357/400 | Train Loss 1.6651 Acc 0.9997 | Val Loss 6.1777 Acc 0.9809 AUC 0.9984 Pre 0.9810 Rec 0.9807
2026-08-30 00:46:29 | Diag logvar_q_mean=0.0000 logvar_q_clamp=0.0000 kappa_log10=6.0957
2026-08-30 00:46:32 | Epoch 358/400 | Train Loss 1.6459 Acc 0.9997 | Val Loss 6.2942 Acc 0.9806 AUC 0.9985 Pre 0.9807 Rec 0.9804
2026-08-30 00:46:32 | Diag logvar_q_mean=0.0000 logvar_q_clamp=0.0000 kappa_log10=6.4283
2026-08-30 00:46:36 | Epoch 359/400 | Train Loss 1.7007 Acc 0.9996 | Val Loss 6.6792 Acc 0.9787 AUC 0.9985 Pre 0.9787 Rec 0.9785
2026-08-30 00:46:36 | Diag logvar_q_mean=0.0000 logvar_q_clamp=0.0000 kappa_log10=6.7277
2026-08-30 00:46:40 | Epoch 360/400 | Train Loss 1.6487 Acc 0.9998 | Val Loss 6.7730 Acc 0.9784 AUC 0.9984 Pre 0.9786 Rec 0.9781
2026-08-30 00:46:40 | Diag logvar_q_mean=0.0000 logvar_q_clamp=0.0000 kappa_log10=6.3770
2026-08-30 00:46:43 | Epoch 361/400 | Train Loss 1.6494 Acc 0.9996 | Val Loss 6.4691 Acc 0.9792 AUC 0.9987 Pre 0.9793 Rec 0.9790
2026-08-30 00:46:44 | Diag logvar_q_mean=0.0000 logvar_q_clamp=0.0000 kappa_log10=6.2056
2026-08-30 00:46:47 | Epoch 362/400 | Train Loss 1.6139 Acc 0.9997 | Val Loss 6.3890 Acc 0.9797 AUC 0.9984 Pre 0.9799 Rec 0.9795
2026-08-30 00:46:48 | Diag logvar_q_mean=0.0000 logvar_q_clamp=0.0000 kappa_log10=7.9937
2026-08-30 00:46:51 | Epoch 363/400 | Train Loss 1.6279 Acc 0.9997 | Val Loss 6.5939 Acc 0.9780 AUC 0.9985 Pre 0.9782 Rec 0.9778
2026-08-30 00:46:51 | Diag logvar_q_mean=0.0000 logvar_q_clamp=0.0000 kappa_log10=6.0977
2026-08-30 00:46:55 | Epoch 364/400 | Train Loss 1.6430 Acc 0.9997 | Val Loss 6.7147 Acc 0.9783 AUC 0.9984 Pre 0.9785 Rec 0.9781
2026-08-30 00:46:55 | Diag logvar_q_mean=0.0000 logvar_q_clamp=0.0000 kappa_log10=6.6644
2026-08-30 00:46:59 | Epoch 365/400 | Train Loss 1.6230 Acc 0.9998 | Val Loss 6.2581 Acc 0.9799 AUC 0.9986 Pre 0.9800 Rec 0.9797
2026-08-30 00:46:59 | Diag logvar_q_mean=0.0000 logvar_q_clamp=0.0000 kappa_log10=6.5704
2026-08-30 00:47:02 | Epoch 366/400 | Train Loss 1.6508 Acc 0.9997 | Val Loss 6.5575 Acc 0.9783 AUC 0.9985 Pre 0.9784 Rec 0.9780
2026-08-30 00:47:03 | Diag logvar_q_mean=0.0000 logvar_q_clamp=0.0000 kappa_log10=6.6398
2026-08-30 00:47:06 | Epoch 367/400 | Train Loss 1.6783 Acc 0.9997 | Val Loss 6.5303 Acc 0.9784 AUC 0.9986 Pre 0.9787 Rec 0.9781
2026-08-30 00:47:07 | Diag logvar_q_mean=0.0000 logvar_q_clamp=0.0000 kappa_log10=7.5230
2026-08-30 00:47:10 | Epoch 368/400 | Train Loss 1.6245 Acc 0.9997 | Val Loss 6.6354 Acc 0.9778 AUC 0.9985 Pre 0.9781 Rec 0.9775
2026-08-30 00:47:10 | Diag logvar_q_mean=0.0000 logvar_q_clamp=0.0000 kappa_log10=7.5931
2026-08-30 00:47:14 | Epoch 369/400 | Train Loss 1.6500 Acc 0.9997 | Val Loss 6.7942 Acc 0.9777 AUC 0.9986 Pre 0.9781 Rec 0.9774
2026-08-30 00:47:14 | Diag logvar_q_mean=0.0000 logvar_q_clamp=0.0000 kappa_log10=6.5981
2026-08-30 00:47:18 | Epoch 370/400 | Train Loss 1.6916 Acc 0.9996 | Val Loss 6.5109 Acc 0.9780 AUC 0.9986 Pre 0.9781 Rec 0.9777
2026-08-30 00:47:18 | Diag logvar_q_mean=0.0000 logvar_q_clamp=0.0000 kappa_log10=6.4751
2026-08-30 00:47:21 | Epoch 371/400 | Train Loss 1.7067 Acc 0.9995 | Val Loss 6.6098 Acc 0.9782 AUC 0.9985 Pre 0.9784 Rec 0.9780
2026-08-30 00:47:22 | Diag logvar_q_mean=0.0000 logvar_q_clamp=0.0000 kappa_log10=6.5688
2026-08-30 00:47:25 | Epoch 372/400 | Train Loss 1.6757 Acc 0.9997 | Val Loss 6.5676 Acc 0.9788 AUC 0.9984 Pre 0.9790 Rec 0.9786
2026-08-30 00:47:26 | Diag logvar_q_mean=0.0000 logvar_q_clamp=0.0000 kappa_log10=6.7406
2026-08-30 00:47:29 | Epoch 373/400 | Train Loss 1.6540 Acc 0.9996 | Val Loss 6.4510 Acc 0.9789 AUC 0.9983 Pre 0.9791 Rec 0.9787
2026-08-30 00:47:30 | Diag logvar_q_mean=0.0000 logvar_q_clamp=0.0000 kappa_log10=6.1057
2026-08-30 00:47:33 | Epoch 374/400 | Train Loss 1.6361 Acc 0.9997 | Val Loss 6.5674 Acc 0.9787 AUC 0.9985 Pre 0.9792 Rec 0.9784
2026-08-30 00:47:33 | Diag logvar_q_mean=0.0000 logvar_q_clamp=0.0000 kappa_log10=6.9441
2026-08-30 00:47:37 | Epoch 375/400 | Train Loss 1.6347 Acc 0.9997 | Val Loss 6.4632 Acc 0.9781 AUC 0.9985 Pre 0.9784 Rec 0.9779
2026-08-30 00:47:37 | Diag logvar_q_mean=0.0000 logvar_q_clamp=0.0000 kappa_log10=6.6374
2026-08-30 00:47:40 | Epoch 376/400 | Train Loss 1.6493 Acc 0.9997 | Val Loss 6.3532 Acc 0.9771 AUC 0.9984 Pre 0.9775 Rec 0.9768
2026-08-30 00:47:41 | Diag logvar_q_mean=0.0000 logvar_q_clamp=0.0000 kappa_log10=6.5834
2026-08-30 00:47:44 | Epoch 377/400 | Train Loss 1.6613 Acc 0.9998 | Val Loss 6.4962 Acc 0.9786 AUC 0.9982 Pre 0.9790 Rec 0.9784
2026-08-30 00:47:45 | Diag logvar_q_mean=0.0000 logvar_q_clamp=0.0000 kappa_log10=7.6804
2026-08-30 00:47:48 | Epoch 378/400 | Train Loss 1.6480 Acc 0.9997 | Val Loss 6.4235 Acc 0.9795 AUC 0.9983 Pre 0.9798 Rec 0.9793
2026-08-30 00:47:49 | Diag logvar_q_mean=0.0000 logvar_q_clamp=0.0000 kappa_log10=5.9348
2026-08-30 00:47:52 | Epoch 379/400 | Train Loss 1.6285 Acc 0.9997 | Val Loss 6.6189 Acc 0.9768 AUC 0.9984 Pre 0.9771 Rec 0.9765
2026-08-30 00:47:53 | Diag logvar_q_mean=0.0000 logvar_q_clamp=0.0000 kappa_log10=6.5473
2026-08-30 00:47:56 | Epoch 380/400 | Train Loss 1.6125 Acc 0.9996 | Val Loss 6.7679 Acc 0.9782 AUC 0.9981 Pre 0.9786 Rec 0.9780
2026-08-30 00:47:56 | Diag logvar_q_mean=0.0000 logvar_q_clamp=0.0000 kappa_log10=6.5825
2026-08-30 00:48:00 | Epoch 381/400 | Train Loss 1.6177 Acc 0.9997 | Val Loss 6.6099 Acc 0.9783 AUC 0.9981 Pre 0.9787 Rec 0.9781
2026-08-30 00:48:00 | Diag logvar_q_mean=0.0000 logvar_q_clamp=0.0000 kappa_log10=6.4024
2026-08-30 00:48:03 | Epoch 382/400 | Train Loss 1.6475 Acc 0.9996 | Val Loss 6.5632 Acc 0.9785 AUC 0.9983 Pre 0.9787 Rec 0.9782
2026-08-30 00:48:04 | Diag logvar_q_mean=0.0000 logvar_q_clamp=0.0000 kappa_log10=6.7963
2026-08-30 00:48:07 | Epoch 383/400 | Train Loss 1.6157 Acc 0.9996 | Val Loss 6.7021 Acc 0.9775 AUC 0.9983 Pre 0.9778 Rec 0.9773
2026-08-30 00:48:08 | Diag logvar_q_mean=0.0000 logvar_q_clamp=0.0000 kappa_log10=7.4656
2026-08-30 00:48:11 | Epoch 384/400 | Train Loss 1.6534 Acc 0.9996 | Val Loss 6.4552 Acc 0.9764 AUC 0.9985 Pre 0.9767 Rec 0.9762
2026-08-30 00:48:12 | Diag logvar_q_mean=0.0000 logvar_q_clamp=0.0000 kappa_log10=8.0132
2026-08-30 00:48:15 | Epoch 385/400 | Train Loss 1.6562 Acc 0.9997 | Val Loss 6.7991 Acc 0.9761 AUC 0.9986 Pre 0.9765 Rec 0.9758
2026-08-30 00:48:15 | Diag logvar_q_mean=0.0000 logvar_q_clamp=0.0000 kappa_log10=6.9711
2026-08-30 00:48:19 | Epoch 386/400 | Train Loss 1.6399 Acc 0.9997 | Val Loss 6.4384 Acc 0.9772 AUC 0.9984 Pre 0.9778 Rec 0.9770
2026-08-30 00:48:19 | Diag logvar_q_mean=0.0000 logvar_q_clamp=0.0000 kappa_log10=6.2448
2026-08-30 00:48:22 | Epoch 387/400 | Train Loss 1.6013 Acc 0.9997 | Val Loss 6.3997 Acc 0.9785 AUC 0.9985 Pre 0.9789 Rec 0.9783
2026-08-30 00:48:23 | Diag logvar_q_mean=0.0000 logvar_q_clamp=0.0000 kappa_log10=6.1870
2026-08-30 00:48:26 | Epoch 388/400 | Train Loss 1.6362 Acc 0.9998 | Val Loss 6.3644 Acc 0.9792 AUC 0.9984 Pre 0.9796 Rec 0.9790
2026-08-30 00:48:27 | Diag logvar_q_mean=0.0000 logvar_q_clamp=0.0000 kappa_log10=6.7455
2026-08-30 00:48:30 | Epoch 389/400 | Train Loss 1.6619 Acc 0.9996 | Val Loss 6.5286 Acc 0.9787 AUC 0.9986 Pre 0.9793 Rec 0.9784
2026-08-30 00:48:31 | Diag logvar_q_mean=0.0000 logvar_q_clamp=0.0000 kappa_log10=6.0666
2026-08-30 00:48:34 | Epoch 390/400 | Train Loss 1.6310 Acc 0.9998 | Val Loss 6.3312 Acc 0.9780 AUC 0.9984 Pre 0.9783 Rec 0.9778
2026-08-30 00:48:34 | Diag logvar_q_mean=0.0000 logvar_q_clamp=0.0000 kappa_log10=6.3065
2026-08-30 00:48:38 | Epoch 391/400 | Train Loss 1.6620 Acc 0.9995 | Val Loss 6.5374 Acc 0.9782 AUC 0.9984 Pre 0.9784 Rec 0.9780
2026-08-30 00:48:38 | Diag logvar_q_mean=0.0000 logvar_q_clamp=0.0000 kappa_log10=6.5818
2026-08-30 00:48:41 | Epoch 392/400 | Train Loss 1.6086 Acc 0.9997 | Val Loss 6.7299 Acc 0.9768 AUC 0.9983 Pre 0.9772 Rec 0.9765
2026-08-30 00:48:42 | Diag logvar_q_mean=0.0000 logvar_q_clamp=0.0000 kappa_log10=6.2088
2026-08-30 00:48:45 | Epoch 393/400 | Train Loss 1.6164 Acc 0.9998 | Val Loss 6.4232 Acc 0.9789 AUC 0.9984 Pre 0.9793 Rec 0.9787
2026-08-30 00:48:46 | Diag logvar_q_mean=0.0000 logvar_q_clamp=0.0000 kappa_log10=6.3789
2026-08-30 00:48:49 | Epoch 394/400 | Train Loss 1.6311 Acc 0.9998 | Val Loss 6.4442 Acc 0.9770 AUC 0.9985 Pre 0.9775 Rec 0.9768
2026-08-30 00:48:50 | Diag logvar_q_mean=0.0000 logvar_q_clamp=0.0000 kappa_log10=7.5171
2026-08-30 00:48:53 | Epoch 395/400 | Train Loss 1.6229 Acc 0.9998 | Val Loss 6.6287 Acc 0.9775 AUC 0.9984 Pre 0.9780 Rec 0.9772
2026-08-30 00:48:53 | Diag logvar_q_mean=0.0000 logvar_q_clamp=0.0000 kappa_log10=6.4438
2026-08-30 00:48:57 | Epoch 396/400 | Train Loss 1.6503 Acc 0.9996 | Val Loss 6.4779 Acc 0.9779 AUC 0.9985 Pre 0.9783 Rec 0.9776
2026-08-30 00:48:57 | Diag logvar_q_mean=0.0000 logvar_q_clamp=0.0000 kappa_log10=6.4329
2026-08-30 00:49:00 | Epoch 397/400 | Train Loss 1.6626 Acc 0.9997 | Val Loss 6.7108 Acc 0.9774 AUC 0.9984 Pre 0.9779 Rec 0.9771
2026-08-30 00:49:01 | Diag logvar_q_mean=0.0000 logvar_q_clamp=0.0000 kappa_log10=6.1561
2026-08-30 00:49:04 | Epoch 398/400 | Train Loss 1.6583 Acc 0.9999 | Val Loss 6.4001 Acc 0.9790 AUC 0.9986 Pre 0.9793 Rec 0.9789
2026-08-30 00:49:05 | Diag logvar_q_mean=0.0000 logvar_q_clamp=0.0000 kappa_log10=6.5010
2026-08-30 00:49:08 | Epoch 399/400 | Train Loss 1.6482 Acc 0.9999 | Val Loss 6.4194 Acc 0.9783 AUC 0.9985 Pre 0.9788 Rec 0.9780
2026-08-30 00:49:09 | Diag logvar_q_mean=0.0000 logvar_q_clamp=0.0000 kappa_log10=6.5991
2026-08-30 00:49:12 | Epoch 400/400 | Train Loss 1.6314 Acc 0.9997 | Val Loss 6.5903 Acc 0.9769 AUC 0.9985 Pre 0.9774 Rec 0.9766
2026-08-30 00:49:12 | Diag logvar_q_mean=0.0000 logvar_q_clamp=0.0000 kappa_log10=6.1505
2026-08-30 00:49:13 | Run 1/5 | Test (best model @ Epoch 21) | Loss 4.6716 Acc 0.9837 AUC 0.9997 Pre 0.9836 Rec 0.9834
2026-08-30 00:49:13 | ===== Run 2/5 (seed 1) =====
2026-08-30 00:49:16 | Epoch   1/400 | Train Loss 44.0766 Acc 0.8147 | Val Loss 14.6213 Acc 0.9520 AUC 0.9974 Pre 0.9516 Rec 0.9517
2026-08-30 00:49:17 | Diag logvar_q_mean=0.0000 logvar_q_clamp=0.0000 kappa_log10=4.8470
2026-08-30 00:49:17 |   Val AUC improved to 0.9974, model saved
2026-08-30 00:49:20 | Epoch   2/400 | Train Loss 14.8341 Acc 0.9644 | Val Loss 9.8853 Acc 0.9683 AUC 0.9988 Pre 0.9680 Rec 0.9681
2026-08-30 00:49:20 | Diag logvar_q_mean=0.0000 logvar_q_clamp=0.0000 kappa_log10=4.3359
2026-08-30 00:49:20 |   Val AUC improved to 0.9988, model saved
2026-08-30 00:49:24 | Epoch   3/400 | Train Loss 11.0701 Acc 0.9768 | Val Loss 8.1219 Acc 0.9753 AUC 0.9993 Pre 0.9750 Rec 0.9751
2026-08-30 00:49:24 | Diag logvar_q_mean=0.0000 logvar_q_clamp=0.0000 kappa_log10=4.3635
2026-08-30 00:49:24 |   Val AUC improved to 0.9993, model saved
2026-08-30 00:49:28 | Epoch   4/400 | Train Loss 9.2114 Acc 0.9823 | Val Loss 7.0833 Acc 0.9784 AUC 0.9994 Pre 0.9783 Rec 0.9781
2026-08-30 00:49:28 | Diag logvar_q_mean=0.0000 logvar_q_clamp=0.0000 kappa_log10=3.9010
2026-08-30 00:49:28 |   Val AUC improved to 0.9994, model saved
2026-08-30 00:49:31 | Epoch   5/400 | Train Loss 8.1692 Acc 0.9847 | Val Loss 6.6161 Acc 0.9787 AUC 0.9995 Pre 0.9785 Rec 0.9785
2026-08-30 00:49:32 | Diag logvar_q_mean=0.0000 logvar_q_clamp=0.0000 kappa_log10=3.8644
2026-08-30 00:49:32 |   Val AUC improved to 0.9995, model saved
2026-08-30 00:49:35 | Epoch   6/400 | Train Loss 7.4424 Acc 0.9881 | Val Loss 6.0396 Acc 0.9812 AUC 0.9995 Pre 0.9811 Rec 0.9810
2026-08-30 00:49:35 | Diag logvar_q_mean=0.0000 logvar_q_clamp=0.0000 kappa_log10=4.3628
2026-08-30 00:49:35 |   Val AUC improved to 0.9995, model saved
2026-08-30 00:49:39 | Epoch   7/400 | Train Loss 6.6986 Acc 0.9901 | Val Loss 5.8604 Acc 0.9811 AUC 0.9996 Pre 0.9809 Rec 0.9808
2026-08-30 00:49:39 | Diag logvar_q_mean=0.0000 logvar_q_clamp=0.0000 kappa_log10=4.4138
2026-08-30 00:49:39 |   Val AUC improved to 0.9996, model saved
2026-08-30 00:49:42 | Epoch   8/400 | Train Loss 6.1972 Acc 0.9919 | Val Loss 5.4853 Acc 0.9817 AUC 0.9995 Pre 0.9815 Rec 0.9815
2026-08-30 00:49:43 | Diag logvar_q_mean=0.0000 logvar_q_clamp=0.0000 kappa_log10=4.5897
2026-08-30 00:49:46 | Epoch   9/400 | Train Loss 5.6814 Acc 0.9938 | Val Loss 5.4532 Acc 0.9825 AUC 0.9995 Pre 0.9822 Rec 0.9823
2026-08-30 00:49:47 | Diag logvar_q_mean=0.0000 logvar_q_clamp=0.0000 kappa_log10=6.0932
2026-08-30 00:49:50 | Epoch  10/400 | Train Loss 5.4503 Acc 0.9938 | Val Loss 5.5693 Acc 0.9827 AUC 0.9996 Pre 0.9826 Rec 0.9825
2026-08-30 00:49:51 | Diag logvar_q_mean=0.0000 logvar_q_clamp=0.0000 kappa_log10=7.0057
2026-08-30 00:49:54 | Epoch  11/400 | Train Loss 5.1622 Acc 0.9950 | Val Loss 5.1106 Acc 0.9830 AUC 0.9996 Pre 0.9829 Rec 0.9828
2026-08-30 00:49:54 | Diag logvar_q_mean=0.0000 logvar_q_clamp=0.0000 kappa_log10=4.7056
2026-08-30 00:49:58 | Epoch  12/400 | Train Loss 4.8470 Acc 0.9959 | Val Loss 5.3273 Acc 0.9823 AUC 0.9994 Pre 0.9822 Rec 0.9821
2026-08-30 00:49:58 | Diag logvar_q_mean=0.0000 logvar_q_clamp=0.0000 kappa_log10=4.7018
2026-08-30 00:50:01 | Epoch  13/400 | Train Loss 4.6762 Acc 0.9963 | Val Loss 5.0415 Acc 0.9829 AUC 0.9995 Pre 0.9827 Rec 0.9827
2026-08-30 00:50:02 | Diag logvar_q_mean=0.0000 logvar_q_clamp=0.0000 kappa_log10=6.1514
2026-08-30 00:50:05 | Epoch  14/400 | Train Loss 4.4478 Acc 0.9966 | Val Loss 4.9960 Acc 0.9830 AUC 0.9996 Pre 0.9829 Rec 0.9828
2026-08-30 00:50:06 | Diag logvar_q_mean=0.0000 logvar_q_clamp=0.0000 kappa_log10=5.9784
2026-08-30 00:50:09 | Epoch  15/400 | Train Loss 4.3214 Acc 0.9971 | Val Loss 4.9645 Acc 0.9831 AUC 0.9994 Pre 0.9830 Rec 0.9829
2026-08-30 00:50:09 | Diag logvar_q_mean=0.0000 logvar_q_clamp=0.0000 kappa_log10=5.8323
2026-08-30 00:50:13 | Epoch  16/400 | Train Loss 4.2742 Acc 0.9971 | Val Loss 4.8932 Acc 0.9839 AUC 0.9996 Pre 0.9838 Rec 0.9837
2026-08-30 00:50:13 | Diag logvar_q_mean=0.0000 logvar_q_clamp=0.0000 kappa_log10=5.9224
2026-08-30 00:50:17 | Epoch  17/400 | Train Loss 4.1264 Acc 0.9969 | Val Loss 5.0045 Acc 0.9831 AUC 0.9995 Pre 0.9829 Rec 0.9829
2026-08-30 00:50:17 | Diag logvar_q_mean=0.0000 logvar_q_clamp=0.0000 kappa_log10=5.4566
2026-08-30 00:50:20 | Epoch  18/400 | Train Loss 3.8954 Acc 0.9978 | Val Loss 5.0982 Acc 0.9825 AUC 0.9996 Pre 0.9823 Rec 0.9823
2026-08-30 00:50:21 | Diag logvar_q_mean=0.0000 logvar_q_clamp=0.0000 kappa_log10=6.2845
2026-08-30 00:50:24 | Epoch  19/400 | Train Loss 3.8049 Acc 0.9977 | Val Loss 4.8344 Acc 0.9828 AUC 0.9996 Pre 0.9826 Rec 0.9826
2026-08-30 00:50:25 | Diag logvar_q_mean=0.0000 logvar_q_clamp=0.0000 kappa_log10=5.7679
2026-08-30 00:50:28 | Epoch  20/400 | Train Loss 3.7241 Acc 0.9980 | Val Loss 4.7080 Acc 0.9828 AUC 0.9995 Pre 0.9826 Rec 0.9826
2026-08-30 00:50:29 | Diag logvar_q_mean=0.0000 logvar_q_clamp=0.0000 kappa_log10=6.8162
2026-08-30 00:50:32 | Epoch  21/400 | Train Loss 3.6296 Acc 0.9978 | Val Loss 4.8017 Acc 0.9826 AUC 0.9995 Pre 0.9823 Rec 0.9824
2026-08-30 00:50:32 | Diag logvar_q_mean=0.0000 logvar_q_clamp=0.0000 kappa_log10=5.6173
2026-08-30 00:50:36 | Epoch  22/400 | Train Loss 3.5295 Acc 0.9982 | Val Loss 4.7642 Acc 0.9828 AUC 0.9995 Pre 0.9825 Rec 0.9827
2026-08-30 00:50:36 | Diag logvar_q_mean=0.0000 logvar_q_clamp=0.0000 kappa_log10=5.8419
2026-08-30 00:50:40 | Epoch  23/400 | Train Loss 3.4929 Acc 0.9981 | Val Loss 4.8021 Acc 0.9843 AUC 0.9996 Pre 0.9841 Rec 0.9841
2026-08-30 00:50:40 | Diag logvar_q_mean=0.0000 logvar_q_clamp=0.0000 kappa_log10=6.1146
2026-08-30 00:50:40 |   Val AUC improved to 0.9996, model saved
2026-08-30 00:50:43 | Epoch  24/400 | Train Loss 3.3762 Acc 0.9985 | Val Loss 4.6598 Acc 0.9833 AUC 0.9995 Pre 0.9831 Rec 0.9831
2026-08-30 00:50:44 | Diag logvar_q_mean=0.0000 logvar_q_clamp=0.0000 kappa_log10=5.4486
2026-08-30 00:50:47 | Epoch  25/400 | Train Loss 3.3355 Acc 0.9984 | Val Loss 4.6099 Acc 0.9827 AUC 0.9996 Pre 0.9825 Rec 0.9825
2026-08-30 00:50:48 | Diag logvar_q_mean=0.0000 logvar_q_clamp=0.0000 kappa_log10=5.8504
2026-08-30 00:50:51 | Epoch  26/400 | Train Loss 3.2642 Acc 0.9988 | Val Loss 4.7357 Acc 0.9827 AUC 0.9995 Pre 0.9825 Rec 0.9825
2026-08-30 00:50:52 | Diag logvar_q_mean=0.0000 logvar_q_clamp=0.0000 kappa_log10=6.3561
2026-08-30 00:50:55 | Epoch  27/400 | Train Loss 3.1873 Acc 0.9985 | Val Loss 4.8353 Acc 0.9832 AUC 0.9995 Pre 0.9831 Rec 0.9830
2026-08-30 00:50:55 | Diag logvar_q_mean=0.0000 logvar_q_clamp=0.0000 kappa_log10=6.0997
2026-08-30 00:50:59 | Epoch  28/400 | Train Loss 3.2330 Acc 0.9986 | Val Loss 4.7773 Acc 0.9829 AUC 0.9994 Pre 0.9827 Rec 0.9827
2026-08-30 00:50:59 | Diag logvar_q_mean=0.0000 logvar_q_clamp=0.0000 kappa_log10=5.6817
2026-08-30 00:51:03 | Epoch  29/400 | Train Loss 3.0843 Acc 0.9987 | Val Loss 4.7242 Acc 0.9827 AUC 0.9994 Pre 0.9825 Rec 0.9825
2026-08-30 00:51:03 | Diag logvar_q_mean=0.0000 logvar_q_clamp=0.0000 kappa_log10=6.3974
2026-08-30 00:51:06 | Epoch  30/400 | Train Loss 3.1361 Acc 0.9987 | Val Loss 4.7256 Acc 0.9834 AUC 0.9992 Pre 0.9832 Rec 0.9832
2026-08-30 00:51:07 | Diag logvar_q_mean=0.0000 logvar_q_clamp=0.0000 kappa_log10=6.6948
2026-08-30 00:51:10 | Epoch  31/400 | Train Loss 3.0339 Acc 0.9988 | Val Loss 4.7535 Acc 0.9831 AUC 0.9993 Pre 0.9829 Rec 0.9830
2026-08-30 00:51:11 | Diag logvar_q_mean=0.0000 logvar_q_clamp=0.0000 kappa_log10=5.9275
2026-08-30 00:51:14 | Epoch  32/400 | Train Loss 3.0064 Acc 0.9988 | Val Loss 4.6238 Acc 0.9837 AUC 0.9994 Pre 0.9836 Rec 0.9835
2026-08-30 00:51:14 | Diag logvar_q_mean=0.0000 logvar_q_clamp=0.0000 kappa_log10=5.8875
2026-08-30 00:51:18 | Epoch  33/400 | Train Loss 2.9922 Acc 0.9986 | Val Loss 4.8420 Acc 0.9824 AUC 0.9993 Pre 0.9823 Rec 0.9821
2026-08-30 00:51:18 | Diag logvar_q_mean=0.0000 logvar_q_clamp=0.0000 kappa_log10=5.8569
2026-08-30 00:51:22 | Epoch  34/400 | Train Loss 2.9773 Acc 0.9988 | Val Loss 4.8863 Acc 0.9826 AUC 0.9994 Pre 0.9824 Rec 0.9824
2026-08-30 00:51:22 | Diag logvar_q_mean=0.0000 logvar_q_clamp=0.0000 kappa_log10=5.6527
2026-08-30 00:51:25 | Epoch  35/400 | Train Loss 2.9608 Acc 0.9989 | Val Loss 4.9400 Acc 0.9821 AUC 0.9993 Pre 0.9819 Rec 0.9819
2026-08-30 00:51:26 | Diag logvar_q_mean=0.0000 logvar_q_clamp=0.0000 kappa_log10=7.5152
2026-08-30 00:51:29 | Epoch  36/400 | Train Loss 2.9276 Acc 0.9988 | Val Loss 4.6890 Acc 0.9825 AUC 0.9993 Pre 0.9824 Rec 0.9823
2026-08-30 00:51:30 | Diag logvar_q_mean=0.0000 logvar_q_clamp=0.0000 kappa_log10=5.8397
2026-08-30 00:51:33 | Epoch  37/400 | Train Loss 2.8629 Acc 0.9989 | Val Loss 4.7509 Acc 0.9832 AUC 0.9991 Pre 0.9829 Rec 0.9830
2026-08-30 00:51:33 | Diag logvar_q_mean=0.0000 logvar_q_clamp=0.0000 kappa_log10=5.5347
2026-08-30 00:51:37 | Epoch  38/400 | Train Loss 2.8027 Acc 0.9989 | Val Loss 4.8425 Acc 0.9831 AUC 0.9992 Pre 0.9829 Rec 0.9829
2026-08-30 00:51:37 | Diag logvar_q_mean=0.0000 logvar_q_clamp=0.0000 kappa_log10=6.0655
2026-08-30 00:51:41 | Epoch  39/400 | Train Loss 2.8048 Acc 0.9990 | Val Loss 4.7904 Acc 0.9840 AUC 0.9995 Pre 0.9839 Rec 0.9838
2026-08-30 00:51:41 | Diag logvar_q_mean=0.0000 logvar_q_clamp=0.0000 kappa_log10=6.8044
2026-08-30 00:51:44 | Epoch  40/400 | Train Loss 2.8388 Acc 0.9990 | Val Loss 4.6507 Acc 0.9838 AUC 0.9992 Pre 0.9836 Rec 0.9836
2026-08-30 00:51:45 | Diag logvar_q_mean=0.0000 logvar_q_clamp=0.0000 kappa_log10=6.2527
2026-08-30 00:51:48 | Epoch  41/400 | Train Loss 2.7539 Acc 0.9992 | Val Loss 4.6724 Acc 0.9823 AUC 0.9991 Pre 0.9821 Rec 0.9821
2026-08-30 00:51:49 | Diag logvar_q_mean=0.0000 logvar_q_clamp=0.0000 kappa_log10=6.6814
2026-08-30 00:51:52 | Epoch  42/400 | Train Loss 2.6346 Acc 0.9993 | Val Loss 4.8273 Acc 0.9825 AUC 0.9993 Pre 0.9823 Rec 0.9823
2026-08-30 00:51:52 | Diag logvar_q_mean=0.0000 logvar_q_clamp=0.0000 kappa_log10=6.6103
2026-08-30 00:51:56 | Epoch  43/400 | Train Loss 2.6280 Acc 0.9993 | Val Loss 4.7152 Acc 0.9826 AUC 0.9993 Pre 0.9824 Rec 0.9825
2026-08-30 00:51:56 | Diag logvar_q_mean=0.0000 logvar_q_clamp=0.0000 kappa_log10=5.9607
2026-08-30 00:51:59 | Epoch  44/400 | Train Loss 2.6789 Acc 0.9992 | Val Loss 4.8949 Acc 0.9819 AUC 0.9991 Pre 0.9818 Rec 0.9816
2026-08-30 00:52:00 | Diag logvar_q_mean=0.0000 logvar_q_clamp=0.0000 kappa_log10=6.0616
2026-08-30 00:52:03 | Epoch  45/400 | Train Loss 2.6783 Acc 0.9992 | Val Loss 4.8184 Acc 0.9836 AUC 0.9992 Pre 0.9834 Rec 0.9835
2026-08-30 00:52:04 | Diag logvar_q_mean=0.0000 logvar_q_clamp=0.0000 kappa_log10=5.7495
2026-08-30 00:52:07 | Epoch  46/400 | Train Loss 2.7036 Acc 0.9992 | Val Loss 5.0355 Acc 0.9815 AUC 0.9992 Pre 0.9813 Rec 0.9813
2026-08-30 00:52:08 | Diag logvar_q_mean=0.0000 logvar_q_clamp=0.0000 kappa_log10=6.5188
2026-08-30 00:52:11 | Epoch  47/400 | Train Loss 2.7188 Acc 0.9993 | Val Loss 5.1468 Acc 0.9822 AUC 0.9992 Pre 0.9820 Rec 0.9820
2026-08-30 00:52:11 | Diag logvar_q_mean=0.0000 logvar_q_clamp=0.0000 kappa_log10=5.7535
2026-08-30 00:52:15 | Epoch  48/400 | Train Loss 2.6655 Acc 0.9992 | Val Loss 5.0135 Acc 0.9824 AUC 0.9992 Pre 0.9822 Rec 0.9824
2026-08-30 00:52:15 | Diag logvar_q_mean=0.0000 logvar_q_clamp=0.0000 kappa_log10=6.0604
2026-08-30 00:52:18 | Epoch  49/400 | Train Loss 2.6010 Acc 0.9993 | Val Loss 4.9899 Acc 0.9823 AUC 0.9992 Pre 0.9822 Rec 0.9821
2026-08-30 00:52:19 | Diag logvar_q_mean=0.0000 logvar_q_clamp=0.0000 kappa_log10=7.0210
2026-08-30 00:52:22 | Epoch  50/400 | Train Loss 2.6391 Acc 0.9991 | Val Loss 4.8741 Acc 0.9834 AUC 0.9992 Pre 0.9832 Rec 0.9832
2026-08-30 00:52:23 | Diag logvar_q_mean=0.0000 logvar_q_clamp=0.0000 kappa_log10=6.2624
2026-08-30 00:52:26 | Epoch  51/400 | Train Loss 2.5700 Acc 0.9991 | Val Loss 4.7821 Acc 0.9831 AUC 0.9993 Pre 0.9830 Rec 0.9830
2026-08-30 00:52:26 | Diag logvar_q_mean=0.0000 logvar_q_clamp=0.0000 kappa_log10=6.1624
2026-08-30 00:52:30 | Epoch  52/400 | Train Loss 2.5033 Acc 0.9994 | Val Loss 4.8770 Acc 0.9831 AUC 0.9994 Pre 0.9828 Rec 0.9829
2026-08-30 00:52:30 | Diag logvar_q_mean=0.0000 logvar_q_clamp=0.0000 kappa_log10=6.3963
2026-08-30 00:52:34 | Epoch  53/400 | Train Loss 2.5716 Acc 0.9992 | Val Loss 4.8331 Acc 0.9822 AUC 0.9993 Pre 0.9820 Rec 0.9820
2026-08-30 00:52:34 | Diag logvar_q_mean=0.0000 logvar_q_clamp=0.0000 kappa_log10=6.0136
2026-08-30 00:52:37 | Epoch  54/400 | Train Loss 2.5383 Acc 0.9993 | Val Loss 4.8944 Acc 0.9832 AUC 0.9993 Pre 0.9830 Rec 0.9831
2026-08-30 00:52:38 | Diag logvar_q_mean=0.0000 logvar_q_clamp=0.0000 kappa_log10=5.7710
2026-08-30 00:52:41 | Epoch  55/400 | Train Loss 2.5590 Acc 0.9991 | Val Loss 5.0230 Acc 0.9821 AUC 0.9992 Pre 0.9820 Rec 0.9819
2026-08-30 00:52:42 | Diag logvar_q_mean=0.0000 logvar_q_clamp=0.0000 kappa_log10=6.4428
2026-08-30 00:52:45 | Epoch  56/400 | Train Loss 2.5338 Acc 0.9994 | Val Loss 4.9300 Acc 0.9819 AUC 0.9992 Pre 0.9817 Rec 0.9817
2026-08-30 00:52:45 | Diag logvar_q_mean=0.0000 logvar_q_clamp=0.0000 kappa_log10=5.6618
2026-08-30 00:52:49 | Epoch  57/400 | Train Loss 2.5748 Acc 0.9992 | Val Loss 4.9568 Acc 0.9818 AUC 0.9992 Pre 0.9816 Rec 0.9817
2026-08-30 00:52:49 | Diag logvar_q_mean=0.0000 logvar_q_clamp=0.0000 kappa_log10=6.2297
2026-08-30 00:52:53 | Epoch  58/400 | Train Loss 2.4530 Acc 0.9993 | Val Loss 4.9615 Acc 0.9834 AUC 0.9991 Pre 0.9832 Rec 0.9832
2026-08-30 00:52:53 | Diag logvar_q_mean=0.0000 logvar_q_clamp=0.0000 kappa_log10=6.1382
2026-08-30 00:52:56 | Epoch  59/400 | Train Loss 2.4777 Acc 0.9992 | Val Loss 5.1003 Acc 0.9816 AUC 0.9993 Pre 0.9814 Rec 0.9814
2026-08-30 00:52:57 | Diag logvar_q_mean=0.0000 logvar_q_clamp=0.0000 kappa_log10=6.2631
2026-08-30 00:53:00 | Epoch  60/400 | Train Loss 2.4770 Acc 0.9993 | Val Loss 5.2522 Acc 0.9818 AUC 0.9992 Pre 0.9816 Rec 0.9817
2026-08-30 00:53:01 | Diag logvar_q_mean=0.0000 logvar_q_clamp=0.0000 kappa_log10=6.1522
2026-08-30 00:53:04 | Epoch  61/400 | Train Loss 2.4339 Acc 0.9995 | Val Loss 5.1043 Acc 0.9802 AUC 0.9993 Pre 0.9800 Rec 0.9801
2026-08-30 00:53:04 | Diag logvar_q_mean=0.0000 logvar_q_clamp=0.0000 kappa_log10=6.8270
2026-08-30 00:53:08 | Epoch  62/400 | Train Loss 2.3873 Acc 0.9995 | Val Loss 5.3643 Acc 0.9810 AUC 0.9990 Pre 0.9809 Rec 0.9808
2026-08-30 00:53:08 | Diag logvar_q_mean=0.0000 logvar_q_clamp=0.0000 kappa_log10=5.7591
2026-08-30 00:53:12 | Epoch  63/400 | Train Loss 2.3667 Acc 0.9996 | Val Loss 5.0512 Acc 0.9819 AUC 0.9992 Pre 0.9817 Rec 0.9817
2026-08-30 00:53:12 | Diag logvar_q_mean=0.0000 logvar_q_clamp=0.0000 kappa_log10=6.2664
2026-08-30 00:53:15 | Epoch  64/400 | Train Loss 2.4327 Acc 0.9993 | Val Loss 5.0541 Acc 0.9823 AUC 0.9992 Pre 0.9822 Rec 0.9821
2026-08-30 00:53:16 | Diag logvar_q_mean=0.0000 logvar_q_clamp=0.0000 kappa_log10=6.4119
2026-08-30 00:53:19 | Epoch  65/400 | Train Loss 2.3806 Acc 0.9993 | Val Loss 4.9927 Acc 0.9818 AUC 0.9990 Pre 0.9816 Rec 0.9817
2026-08-30 00:53:20 | Diag logvar_q_mean=0.0000 logvar_q_clamp=0.0000 kappa_log10=5.9096
2026-08-30 00:53:23 | Epoch  66/400 | Train Loss 2.3941 Acc 0.9994 | Val Loss 5.0264 Acc 0.9841 AUC 0.9991 Pre 0.9839 Rec 0.9840
2026-08-30 00:53:23 | Diag logvar_q_mean=0.0000 logvar_q_clamp=0.0000 kappa_log10=5.8626
2026-08-30 00:53:27 | Epoch  67/400 | Train Loss 2.3808 Acc 0.9995 | Val Loss 4.8083 Acc 0.9833 AUC 0.9992 Pre 0.9832 Rec 0.9831
2026-08-30 00:53:27 | Diag logvar_q_mean=0.0000 logvar_q_clamp=0.0000 kappa_log10=6.2872
2026-08-30 00:53:30 | Epoch  68/400 | Train Loss 2.4008 Acc 0.9993 | Val Loss 5.0947 Acc 0.9824 AUC 0.9992 Pre 0.9822 Rec 0.9823
2026-08-30 00:53:31 | Diag logvar_q_mean=0.0000 logvar_q_clamp=0.0000 kappa_log10=6.7652
2026-08-30 00:53:34 | Epoch  69/400 | Train Loss 2.3318 Acc 0.9995 | Val Loss 4.9088 Acc 0.9814 AUC 0.9992 Pre 0.9813 Rec 0.9812
2026-08-30 00:53:35 | Diag logvar_q_mean=0.0000 logvar_q_clamp=0.0000 kappa_log10=6.5217
2026-08-30 00:53:38 | Epoch  70/400 | Train Loss 2.3609 Acc 0.9995 | Val Loss 5.0693 Acc 0.9825 AUC 0.9991 Pre 0.9822 Rec 0.9824
2026-08-30 00:53:38 | Diag logvar_q_mean=0.0000 logvar_q_clamp=0.0000 kappa_log10=6.2298
2026-08-30 00:53:42 | Epoch  71/400 | Train Loss 2.3437 Acc 0.9993 | Val Loss 5.0174 Acc 0.9831 AUC 0.9991 Pre 0.9829 Rec 0.9830
2026-08-30 00:53:42 | Diag logvar_q_mean=0.0000 logvar_q_clamp=0.0000 kappa_log10=7.5690
2026-08-30 00:53:45 | Epoch  72/400 | Train Loss 2.2781 Acc 0.9994 | Val Loss 5.0898 Acc 0.9822 AUC 0.9991 Pre 0.9820 Rec 0.9820
2026-08-30 00:53:46 | Diag logvar_q_mean=0.0000 logvar_q_clamp=0.0000 kappa_log10=5.9625
2026-08-30 00:53:49 | Epoch  73/400 | Train Loss 2.3000 Acc 0.9994 | Val Loss 5.1961 Acc 0.9819 AUC 0.9992 Pre 0.9817 Rec 0.9818
2026-08-30 00:53:50 | Diag logvar_q_mean=0.0000 logvar_q_clamp=0.0000 kappa_log10=6.1622
2026-08-30 00:53:53 | Epoch  74/400 | Train Loss 2.3422 Acc 0.9995 | Val Loss 5.1321 Acc 0.9818 AUC 0.9992 Pre 0.9816 Rec 0.9816
2026-08-30 00:53:54 | Diag logvar_q_mean=0.0000 logvar_q_clamp=0.0000 kappa_log10=5.8800
2026-08-30 00:53:57 | Epoch  75/400 | Train Loss 2.3224 Acc 0.9993 | Val Loss 5.0578 Acc 0.9820 AUC 0.9990 Pre 0.9818 Rec 0.9819
2026-08-30 00:53:57 | Diag logvar_q_mean=0.0000 logvar_q_clamp=0.0000 kappa_log10=6.0952
2026-08-30 00:54:01 | Epoch  76/400 | Train Loss 2.2823 Acc 0.9993 | Val Loss 5.1077 Acc 0.9805 AUC 0.9991 Pre 0.9802 Rec 0.9803
2026-08-30 00:54:01 | Diag logvar_q_mean=0.0000 logvar_q_clamp=0.0000 kappa_log10=6.2944
2026-08-30 00:54:04 | Epoch  77/400 | Train Loss 2.3249 Acc 0.9993 | Val Loss 4.9825 Acc 0.9823 AUC 0.9993 Pre 0.9821 Rec 0.9821
2026-08-30 00:54:05 | Diag logvar_q_mean=0.0000 logvar_q_clamp=0.0000 kappa_log10=8.8305
2026-08-30 00:54:08 | Epoch  78/400 | Train Loss 2.3244 Acc 0.9994 | Val Loss 5.3621 Acc 0.9807 AUC 0.9990 Pre 0.9804 Rec 0.9806
2026-08-30 00:54:09 | Diag logvar_q_mean=0.0000 logvar_q_clamp=0.0000 kappa_log10=6.2003
2026-08-30 00:54:12 | Epoch  79/400 | Train Loss 2.3065 Acc 0.9994 | Val Loss 5.3721 Acc 0.9807 AUC 0.9990 Pre 0.9804 Rec 0.9805
2026-08-30 00:54:13 | Diag logvar_q_mean=0.0000 logvar_q_clamp=0.0000 kappa_log10=6.8077
2026-08-30 00:54:16 | Epoch  80/400 | Train Loss 2.2826 Acc 0.9996 | Val Loss 5.0928 Acc 0.9826 AUC 0.9991 Pre 0.9825 Rec 0.9824
2026-08-30 00:54:16 | Diag logvar_q_mean=0.0000 logvar_q_clamp=0.0000 kappa_log10=6.6202
2026-08-30 00:54:20 | Epoch  81/400 | Train Loss 2.2653 Acc 0.9995 | Val Loss 5.2042 Acc 0.9815 AUC 0.9992 Pre 0.9812 Rec 0.9813
2026-08-30 00:54:20 | Diag logvar_q_mean=0.0000 logvar_q_clamp=0.0000 kappa_log10=5.8380
2026-08-30 00:54:23 | Epoch  82/400 | Train Loss 2.2737 Acc 0.9995 | Val Loss 5.1357 Acc 0.9814 AUC 0.9989 Pre 0.9812 Rec 0.9812
2026-08-30 00:54:24 | Diag logvar_q_mean=0.0000 logvar_q_clamp=0.0000 kappa_log10=7.3555
2026-08-30 00:54:27 | Epoch  83/400 | Train Loss 2.1886 Acc 0.9993 | Val Loss 4.9768 Acc 0.9828 AUC 0.9991 Pre 0.9826 Rec 0.9827
2026-08-30 00:54:28 | Diag logvar_q_mean=0.0000 logvar_q_clamp=0.0000 kappa_log10=6.9306
2026-08-30 00:54:31 | Epoch  84/400 | Train Loss 2.2179 Acc 0.9995 | Val Loss 5.2280 Acc 0.9816 AUC 0.9991 Pre 0.9814 Rec 0.9814
2026-08-30 00:54:32 | Diag logvar_q_mean=0.0000 logvar_q_clamp=0.0000 kappa_log10=6.7219
2026-08-30 00:54:35 | Epoch  85/400 | Train Loss 2.1956 Acc 0.9994 | Val Loss 5.2088 Acc 0.9816 AUC 0.9989 Pre 0.9813 Rec 0.9815
2026-08-30 00:54:35 | Diag logvar_q_mean=0.0000 logvar_q_clamp=0.0000 kappa_log10=6.6092
2026-08-30 00:54:39 | Epoch  86/400 | Train Loss 2.2094 Acc 0.9994 | Val Loss 5.1305 Acc 0.9818 AUC 0.9991 Pre 0.9815 Rec 0.9817
2026-08-30 00:54:39 | Diag logvar_q_mean=0.0000 logvar_q_clamp=0.0000 kappa_log10=6.3188
2026-08-30 00:54:42 | Epoch  87/400 | Train Loss 2.2048 Acc 0.9993 | Val Loss 5.1420 Acc 0.9825 AUC 0.9990 Pre 0.9823 Rec 0.9824
2026-08-30 00:54:43 | Diag logvar_q_mean=0.0000 logvar_q_clamp=0.0000 kappa_log10=6.5524
2026-08-30 00:54:46 | Epoch  88/400 | Train Loss 2.2277 Acc 0.9994 | Val Loss 5.3159 Acc 0.9820 AUC 0.9990 Pre 0.9817 Rec 0.9818
2026-08-30 00:54:47 | Diag logvar_q_mean=0.0000 logvar_q_clamp=0.0000 kappa_log10=5.9909
2026-08-30 00:54:50 | Epoch  89/400 | Train Loss 2.2289 Acc 0.9993 | Val Loss 5.4238 Acc 0.9797 AUC 0.9989 Pre 0.9794 Rec 0.9796
2026-08-30 00:54:50 | Diag logvar_q_mean=0.0000 logvar_q_clamp=0.0000 kappa_log10=5.9964
2026-08-30 00:54:54 | Epoch  90/400 | Train Loss 2.1963 Acc 0.9994 | Val Loss 5.5545 Acc 0.9812 AUC 0.9989 Pre 0.9810 Rec 0.9810
2026-08-30 00:54:54 | Diag logvar_q_mean=0.0000 logvar_q_clamp=0.0000 kappa_log10=6.2805
2026-08-30 00:54:57 | Epoch  91/400 | Train Loss 2.1883 Acc 0.9995 | Val Loss 5.4435 Acc 0.9805 AUC 0.9991 Pre 0.9803 Rec 0.9803
2026-08-30 00:54:58 | Diag logvar_q_mean=0.0000 logvar_q_clamp=0.0000 kappa_log10=6.0454
2026-08-30 00:55:01 | Epoch  92/400 | Train Loss 2.1912 Acc 0.9993 | Val Loss 5.4676 Acc 0.9803 AUC 0.9989 Pre 0.9801 Rec 0.9801
2026-08-30 00:55:02 | Diag logvar_q_mean=0.0000 logvar_q_clamp=0.0000 kappa_log10=7.3362
2026-08-30 00:55:05 | Epoch  93/400 | Train Loss 2.1023 Acc 0.9996 | Val Loss 5.3399 Acc 0.9807 AUC 0.9992 Pre 0.9806 Rec 0.9805
2026-08-30 00:55:06 | Diag logvar_q_mean=0.0000 logvar_q_clamp=0.0000 kappa_log10=6.0333
2026-08-30 00:55:09 | Epoch  94/400 | Train Loss 2.1853 Acc 0.9995 | Val Loss 5.3523 Acc 0.9813 AUC 0.9991 Pre 0.9811 Rec 0.9811
2026-08-30 00:55:09 | Diag logvar_q_mean=0.0000 logvar_q_clamp=0.0000 kappa_log10=6.6716
2026-08-30 00:55:13 | Epoch  95/400 | Train Loss 2.1211 Acc 0.9994 | Val Loss 5.2761 Acc 0.9814 AUC 0.9991 Pre 0.9811 Rec 0.9813
2026-08-30 00:55:13 | Diag logvar_q_mean=0.0000 logvar_q_clamp=0.0000 kappa_log10=6.9312
2026-08-30 00:55:16 | Epoch  96/400 | Train Loss 2.1932 Acc 0.9995 | Val Loss 5.4449 Acc 0.9816 AUC 0.9990 Pre 0.9813 Rec 0.9815
2026-08-30 00:55:17 | Diag logvar_q_mean=0.0000 logvar_q_clamp=0.0000 kappa_log10=5.7196
2026-08-30 00:55:20 | Epoch  97/400 | Train Loss 2.0730 Acc 0.9996 | Val Loss 5.5759 Acc 0.9807 AUC 0.9988 Pre 0.9804 Rec 0.9806
2026-08-30 00:55:21 | Diag logvar_q_mean=0.0000 logvar_q_clamp=0.0000 kappa_log10=6.6646
2026-08-30 00:55:24 | Epoch  98/400 | Train Loss 2.1284 Acc 0.9994 | Val Loss 5.3591 Acc 0.9811 AUC 0.9991 Pre 0.9808 Rec 0.9810
2026-08-30 00:55:25 | Diag logvar_q_mean=0.0000 logvar_q_clamp=0.0000 kappa_log10=5.7467
2026-08-30 00:55:28 | Epoch  99/400 | Train Loss 2.1614 Acc 0.9995 | Val Loss 5.2247 Acc 0.9807 AUC 0.9991 Pre 0.9804 Rec 0.9805
2026-08-30 00:55:29 | Diag logvar_q_mean=0.0000 logvar_q_clamp=0.0000 kappa_log10=5.9176
2026-08-30 00:55:32 | Epoch 100/400 | Train Loss 2.0854 Acc 0.9995 | Val Loss 5.4805 Acc 0.9806 AUC 0.9990 Pre 0.9804 Rec 0.9804
2026-08-30 00:55:32 | Diag logvar_q_mean=0.0000 logvar_q_clamp=0.0000 kappa_log10=6.1789
2026-08-30 00:55:36 | Epoch 101/400 | Train Loss 2.1273 Acc 0.9995 | Val Loss 5.4868 Acc 0.9809 AUC 0.9990 Pre 0.9807 Rec 0.9807
2026-08-30 00:55:36 | Diag logvar_q_mean=0.0000 logvar_q_clamp=0.0000 kappa_log10=5.7954
2026-08-30 00:55:40 | Epoch 102/400 | Train Loss 2.1676 Acc 0.9993 | Val Loss 5.4418 Acc 0.9813 AUC 0.9989 Pre 0.9810 Rec 0.9811
2026-08-30 00:55:40 | Diag logvar_q_mean=0.0000 logvar_q_clamp=0.0000 kappa_log10=6.9086
2026-08-30 00:55:44 | Epoch 103/400 | Train Loss 2.1465 Acc 0.9996 | Val Loss 5.4421 Acc 0.9811 AUC 0.9989 Pre 0.9808 Rec 0.9810
2026-08-30 00:55:44 | Diag logvar_q_mean=0.0000 logvar_q_clamp=0.0000 kappa_log10=5.9684
2026-08-30 00:55:48 | Epoch 104/400 | Train Loss 2.0820 Acc 0.9995 | Val Loss 5.3508 Acc 0.9812 AUC 0.9990 Pre 0.9810 Rec 0.9811
2026-08-30 00:55:48 | Diag logvar_q_mean=0.0000 logvar_q_clamp=0.0000 kappa_log10=6.3201
2026-08-30 00:55:51 | Epoch 105/400 | Train Loss 2.1311 Acc 0.9995 | Val Loss 5.4708 Acc 0.9804 AUC 0.9989 Pre 0.9802 Rec 0.9802
2026-08-30 00:55:52 | Diag logvar_q_mean=0.0000 logvar_q_clamp=0.0000 kappa_log10=5.8364
2026-08-30 00:55:55 | Epoch 106/400 | Train Loss 2.0776 Acc 0.9995 | Val Loss 5.3213 Acc 0.9804 AUC 0.9991 Pre 0.9802 Rec 0.9802
2026-08-30 00:55:56 | Diag logvar_q_mean=0.0000 logvar_q_clamp=0.0000 kappa_log10=6.0684
2026-08-30 00:55:59 | Epoch 107/400 | Train Loss 2.0642 Acc 0.9996 | Val Loss 5.1777 Acc 0.9811 AUC 0.9988 Pre 0.9808 Rec 0.9810
2026-08-30 00:56:00 | Diag logvar_q_mean=0.0000 logvar_q_clamp=0.0000 kappa_log10=6.0545
2026-08-30 00:56:03 | Epoch 108/400 | Train Loss 2.0891 Acc 0.9995 | Val Loss 5.5142 Acc 0.9795 AUC 0.9989 Pre 0.9793 Rec 0.9793
2026-08-30 00:56:03 | Diag logvar_q_mean=0.0000 logvar_q_clamp=0.0000 kappa_log10=6.4183
2026-08-30 00:56:07 | Epoch 109/400 | Train Loss 2.0374 Acc 0.9995 | Val Loss 5.2776 Acc 0.9804 AUC 0.9990 Pre 0.9801 Rec 0.9803
2026-08-30 00:56:07 | Diag logvar_q_mean=0.0000 logvar_q_clamp=0.0000 kappa_log10=6.9401
2026-08-30 00:56:10 | Epoch 110/400 | Train Loss 2.0060 Acc 0.9997 | Val Loss 5.4000 Acc 0.9805 AUC 0.9988 Pre 0.9803 Rec 0.9803
2026-08-30 00:56:11 | Diag logvar_q_mean=0.0000 logvar_q_clamp=0.0000 kappa_log10=6.5319
2026-08-30 00:56:14 | Epoch 111/400 | Train Loss 2.1013 Acc 0.9996 | Val Loss 5.3871 Acc 0.9803 AUC 0.9989 Pre 0.9801 Rec 0.9802
2026-08-30 00:56:15 | Diag logvar_q_mean=0.0000 logvar_q_clamp=0.0000 kappa_log10=6.6850
2026-08-30 00:56:18 | Epoch 112/400 | Train Loss 2.0280 Acc 0.9997 | Val Loss 5.4976 Acc 0.9792 AUC 0.9988 Pre 0.9789 Rec 0.9791
2026-08-30 00:56:19 | Diag logvar_q_mean=0.0000 logvar_q_clamp=0.0000 kappa_log10=6.3541
2026-08-30 00:56:22 | Epoch 113/400 | Train Loss 2.0808 Acc 0.9994 | Val Loss 5.3862 Acc 0.9808 AUC 0.9988 Pre 0.9805 Rec 0.9807
2026-08-30 00:56:22 | Diag logvar_q_mean=0.0000 logvar_q_clamp=0.0000 kappa_log10=6.1867
2026-08-30 00:56:26 | Epoch 114/400 | Train Loss 2.0234 Acc 0.9995 | Val Loss 5.4185 Acc 0.9809 AUC 0.9990 Pre 0.9806 Rec 0.9808
2026-08-30 00:56:26 | Diag logvar_q_mean=0.0000 logvar_q_clamp=0.0000 kappa_log10=6.2940
2026-08-30 00:56:29 | Epoch 115/400 | Train Loss 1.9836 Acc 0.9997 | Val Loss 5.4132 Acc 0.9806 AUC 0.9989 Pre 0.9803 Rec 0.9805
2026-08-30 00:56:30 | Diag logvar_q_mean=0.0000 logvar_q_clamp=0.0000 kappa_log10=7.0065
2026-08-30 00:56:33 | Epoch 116/400 | Train Loss 2.0416 Acc 0.9996 | Val Loss 5.3863 Acc 0.9807 AUC 0.9989 Pre 0.9804 Rec 0.9806
2026-08-30 00:56:34 | Diag logvar_q_mean=0.0000 logvar_q_clamp=0.0000 kappa_log10=7.7588
2026-08-30 00:56:37 | Epoch 117/400 | Train Loss 2.0441 Acc 0.9995 | Val Loss 5.4490 Acc 0.9814 AUC 0.9990 Pre 0.9812 Rec 0.9813
2026-08-30 00:56:37 | Diag logvar_q_mean=0.0000 logvar_q_clamp=0.0000 kappa_log10=6.2157
2026-08-30 00:56:41 | Epoch 118/400 | Train Loss 2.0329 Acc 0.9996 | Val Loss 5.3872 Acc 0.9806 AUC 0.9989 Pre 0.9803 Rec 0.9805
2026-08-30 00:56:41 | Diag logvar_q_mean=0.0000 logvar_q_clamp=0.0000 kappa_log10=5.9371
2026-08-30 00:56:45 | Epoch 119/400 | Train Loss 2.1132 Acc 0.9996 | Val Loss 5.4759 Acc 0.9802 AUC 0.9988 Pre 0.9799 Rec 0.9801
2026-08-30 00:56:45 | Diag logvar_q_mean=0.0000 logvar_q_clamp=0.0000 kappa_log10=6.7122
2026-08-30 00:56:48 | Epoch 120/400 | Train Loss 2.0984 Acc 0.9994 | Val Loss 5.4248 Acc 0.9802 AUC 0.9989 Pre 0.9799 Rec 0.9801
2026-08-30 00:56:49 | Diag logvar_q_mean=0.0000 logvar_q_clamp=0.0000 kappa_log10=5.8909
2026-08-30 00:56:52 | Epoch 121/400 | Train Loss 2.1084 Acc 0.9994 | Val Loss 5.6512 Acc 0.9793 AUC 0.9987 Pre 0.9789 Rec 0.9792
2026-08-30 00:56:53 | Diag logvar_q_mean=0.0000 logvar_q_clamp=0.0000 kappa_log10=7.7733
2026-08-30 00:56:56 | Epoch 122/400 | Train Loss 2.0356 Acc 0.9995 | Val Loss 5.5979 Acc 0.9804 AUC 0.9988 Pre 0.9801 Rec 0.9803
2026-08-30 00:56:56 | Diag logvar_q_mean=0.0000 logvar_q_clamp=0.0000 kappa_log10=7.9366
2026-08-30 00:57:00 | Epoch 123/400 | Train Loss 2.0438 Acc 0.9993 | Val Loss 5.5838 Acc 0.9797 AUC 0.9990 Pre 0.9794 Rec 0.9796
2026-08-30 00:57:00 | Diag logvar_q_mean=0.0000 logvar_q_clamp=0.0000 kappa_log10=5.9557
2026-08-30 00:57:04 | Epoch 124/400 | Train Loss 2.0016 Acc 0.9997 | Val Loss 5.2424 Acc 0.9815 AUC 0.9991 Pre 0.9813 Rec 0.9814
2026-08-30 00:57:04 | Diag logvar_q_mean=0.0000 logvar_q_clamp=0.0000 kappa_log10=6.6071
2026-08-30 00:57:07 | Epoch 125/400 | Train Loss 2.0116 Acc 0.9995 | Val Loss 5.4082 Acc 0.9816 AUC 0.9989 Pre 0.9814 Rec 0.9815
2026-08-30 00:57:08 | Diag logvar_q_mean=0.0000 logvar_q_clamp=0.0000 kappa_log10=6.4747
2026-08-30 00:57:11 | Epoch 126/400 | Train Loss 2.0240 Acc 0.9994 | Val Loss 5.4575 Acc 0.9806 AUC 0.9989 Pre 0.9804 Rec 0.9805
2026-08-30 00:57:12 | Diag logvar_q_mean=0.0000 logvar_q_clamp=0.0000 kappa_log10=6.0431
2026-08-30 00:57:15 | Epoch 127/400 | Train Loss 2.0031 Acc 0.9996 | Val Loss 5.4800 Acc 0.9802 AUC 0.9991 Pre 0.9799 Rec 0.9801
2026-08-30 00:57:15 | Diag logvar_q_mean=0.0000 logvar_q_clamp=0.0000 kappa_log10=6.3331
2026-08-30 00:57:19 | Epoch 128/400 | Train Loss 2.0295 Acc 0.9995 | Val Loss 5.6401 Acc 0.9795 AUC 0.9990 Pre 0.9792 Rec 0.9794
2026-08-30 00:57:19 | Diag logvar_q_mean=0.0000 logvar_q_clamp=0.0000 kappa_log10=6.2870
2026-08-30 00:57:23 | Epoch 129/400 | Train Loss 1.9892 Acc 0.9995 | Val Loss 5.5476 Acc 0.9796 AUC 0.9988 Pre 0.9793 Rec 0.9795
2026-08-30 00:57:23 | Diag logvar_q_mean=0.0000 logvar_q_clamp=0.0000 kappa_log10=6.7661
2026-08-30 00:57:26 | Epoch 130/400 | Train Loss 1.9762 Acc 0.9996 | Val Loss 5.4766 Acc 0.9797 AUC 0.9988 Pre 0.9794 Rec 0.9795
2026-08-30 00:57:27 | Diag logvar_q_mean=0.0000 logvar_q_clamp=0.0000 kappa_log10=5.8134
2026-08-30 00:57:30 | Epoch 131/400 | Train Loss 2.0330 Acc 0.9994 | Val Loss 5.4832 Acc 0.9810 AUC 0.9990 Pre 0.9807 Rec 0.9809
2026-08-30 00:57:31 | Diag logvar_q_mean=0.0000 logvar_q_clamp=0.0000 kappa_log10=6.5703
2026-08-30 00:57:34 | Epoch 132/400 | Train Loss 1.9738 Acc 0.9997 | Val Loss 5.3639 Acc 0.9809 AUC 0.9989 Pre 0.9806 Rec 0.9808
2026-08-30 00:57:34 | Diag logvar_q_mean=0.0000 logvar_q_clamp=0.0000 kappa_log10=6.6420
2026-08-30 00:57:38 | Epoch 133/400 | Train Loss 1.9492 Acc 0.9995 | Val Loss 5.2834 Acc 0.9809 AUC 0.9989 Pre 0.9806 Rec 0.9808
2026-08-30 00:57:38 | Diag logvar_q_mean=0.0000 logvar_q_clamp=0.0000 kappa_log10=6.1110
2026-08-30 00:57:41 | Epoch 134/400 | Train Loss 1.9211 Acc 0.9996 | Val Loss 5.3311 Acc 0.9801 AUC 0.9990 Pre 0.9798 Rec 0.9799
2026-08-30 00:57:42 | Diag logvar_q_mean=0.0000 logvar_q_clamp=0.0000 kappa_log10=6.1303
2026-08-30 00:57:45 | Epoch 135/400 | Train Loss 2.0391 Acc 0.9994 | Val Loss 5.3864 Acc 0.9808 AUC 0.9989 Pre 0.9805 Rec 0.9807
2026-08-30 00:57:46 | Diag logvar_q_mean=0.0000 logvar_q_clamp=0.0000 kappa_log10=6.0941
2026-08-30 00:57:49 | Epoch 136/400 | Train Loss 1.9888 Acc 0.9995 | Val Loss 5.5338 Acc 0.9799 AUC 0.9988 Pre 0.9795 Rec 0.9797
2026-08-30 00:57:50 | Diag logvar_q_mean=0.0000 logvar_q_clamp=0.0000 kappa_log10=5.8554
2026-08-30 00:57:53 | Epoch 137/400 | Train Loss 1.9625 Acc 0.9997 | Val Loss 5.5786 Acc 0.9811 AUC 0.9989 Pre 0.9808 Rec 0.9810
2026-08-30 00:57:53 | Diag logvar_q_mean=0.0000 logvar_q_clamp=0.0000 kappa_log10=6.5518
2026-08-30 00:57:57 | Epoch 138/400 | Train Loss 1.9798 Acc 0.9994 | Val Loss 5.5536 Acc 0.9799 AUC 0.9987 Pre 0.9796 Rec 0.9798
2026-08-30 00:57:57 | Diag logvar_q_mean=0.0000 logvar_q_clamp=0.0000 kappa_log10=6.0541
2026-08-30 00:58:01 | Epoch 139/400 | Train Loss 1.9603 Acc 0.9994 | Val Loss 5.6142 Acc 0.9803 AUC 0.9988 Pre 0.9800 Rec 0.9802
2026-08-30 00:58:01 | Diag logvar_q_mean=0.0000 logvar_q_clamp=0.0000 kappa_log10=5.9653
2026-08-30 00:58:04 | Epoch 140/400 | Train Loss 1.9379 Acc 0.9997 | Val Loss 5.4494 Acc 0.9804 AUC 0.9989 Pre 0.9801 Rec 0.9803
2026-08-30 00:58:05 | Diag logvar_q_mean=0.0000 logvar_q_clamp=0.0000 kappa_log10=5.9184
2026-08-30 00:58:08 | Epoch 141/400 | Train Loss 1.9299 Acc 0.9995 | Val Loss 5.4299 Acc 0.9805 AUC 0.9989 Pre 0.9802 Rec 0.9804
2026-08-30 00:58:09 | Diag logvar_q_mean=0.0000 logvar_q_clamp=0.0000 kappa_log10=6.2631
2026-08-30 00:58:12 | Epoch 142/400 | Train Loss 1.9248 Acc 0.9995 | Val Loss 5.4974 Acc 0.9796 AUC 0.9989 Pre 0.9793 Rec 0.9796
2026-08-30 00:58:12 | Diag logvar_q_mean=0.0000 logvar_q_clamp=0.0000 kappa_log10=6.1737
2026-08-30 00:58:16 | Epoch 143/400 | Train Loss 1.9527 Acc 0.9995 | Val Loss 5.7114 Acc 0.9804 AUC 0.9987 Pre 0.9801 Rec 0.9804
2026-08-30 00:58:16 | Diag logvar_q_mean=0.0000 logvar_q_clamp=0.0000 kappa_log10=6.5197
2026-08-30 00:58:20 | Epoch 144/400 | Train Loss 1.9874 Acc 0.9996 | Val Loss 5.5796 Acc 0.9797 AUC 0.9988 Pre 0.9794 Rec 0.9796
2026-08-30 00:58:20 | Diag logvar_q_mean=0.0000 logvar_q_clamp=0.0000 kappa_log10=5.7615
2026-08-30 00:58:23 | Epoch 145/400 | Train Loss 2.0141 Acc 0.9994 | Val Loss 5.6528 Acc 0.9796 AUC 0.9989 Pre 0.9793 Rec 0.9795
2026-08-30 00:58:24 | Diag logvar_q_mean=0.0000 logvar_q_clamp=0.0000 kappa_log10=6.2338
2026-08-30 00:58:27 | Epoch 146/400 | Train Loss 1.9652 Acc 0.9994 | Val Loss 5.5928 Acc 0.9804 AUC 0.9990 Pre 0.9801 Rec 0.9803
2026-08-30 00:58:28 | Diag logvar_q_mean=0.0000 logvar_q_clamp=0.0000 kappa_log10=6.9024
2026-08-30 00:58:31 | Epoch 147/400 | Train Loss 1.9669 Acc 0.9996 | Val Loss 5.6400 Acc 0.9800 AUC 0.9990 Pre 0.9797 Rec 0.9799
2026-08-30 00:58:31 | Diag logvar_q_mean=0.0000 logvar_q_clamp=0.0000 kappa_log10=6.5731
2026-08-30 00:58:35 | Epoch 148/400 | Train Loss 1.9561 Acc 0.9996 | Val Loss 5.7934 Acc 0.9797 AUC 0.9991 Pre 0.9795 Rec 0.9796
2026-08-30 00:58:35 | Diag logvar_q_mean=0.0000 logvar_q_clamp=0.0000 kappa_log10=5.8141
2026-08-30 00:58:39 | Epoch 149/400 | Train Loss 1.9010 Acc 0.9995 | Val Loss 5.5911 Acc 0.9794 AUC 0.9989 Pre 0.9790 Rec 0.9792
2026-08-30 00:58:39 | Diag logvar_q_mean=0.0000 logvar_q_clamp=0.0000 kappa_log10=6.2534
2026-08-30 00:58:42 | Epoch 150/400 | Train Loss 1.8702 Acc 0.9997 | Val Loss 6.0071 Acc 0.9766 AUC 0.9989 Pre 0.9763 Rec 0.9765
2026-08-30 00:58:43 | Diag logvar_q_mean=0.0000 logvar_q_clamp=0.0000 kappa_log10=6.0931
2026-08-30 00:58:46 | Epoch 151/400 | Train Loss 1.9177 Acc 0.9996 | Val Loss 5.6608 Acc 0.9796 AUC 0.9990 Pre 0.9793 Rec 0.9796
2026-08-30 00:58:47 | Diag logvar_q_mean=0.0000 logvar_q_clamp=0.0000 kappa_log10=5.9793
2026-08-30 00:58:50 | Epoch 152/400 | Train Loss 1.9236 Acc 0.9996 | Val Loss 5.7837 Acc 0.9790 AUC 0.9991 Pre 0.9787 Rec 0.9789
2026-08-30 00:58:51 | Diag logvar_q_mean=0.0000 logvar_q_clamp=0.0000 kappa_log10=6.1508
2026-08-30 00:58:54 | Epoch 153/400 | Train Loss 1.8823 Acc 0.9996 | Val Loss 5.7170 Acc 0.9800 AUC 0.9989 Pre 0.9798 Rec 0.9799
2026-08-30 00:58:54 | Diag logvar_q_mean=0.0000 logvar_q_clamp=0.0000 kappa_log10=6.2353
2026-08-30 00:58:57 | Epoch 154/400 | Train Loss 1.8834 Acc 0.9995 | Val Loss 5.5671 Acc 0.9808 AUC 0.9990 Pre 0.9805 Rec 0.9806
2026-08-30 00:58:58 | Diag logvar_q_mean=0.0000 logvar_q_clamp=0.0000 kappa_log10=6.8009
2026-08-30 00:59:01 | Epoch 155/400 | Train Loss 1.9271 Acc 0.9996 | Val Loss 5.6648 Acc 0.9795 AUC 0.9991 Pre 0.9792 Rec 0.9794
2026-08-30 00:59:02 | Diag logvar_q_mean=0.0000 logvar_q_clamp=0.0000 kappa_log10=6.2362
2026-08-30 00:59:05 | Epoch 156/400 | Train Loss 1.8928 Acc 0.9996 | Val Loss 5.7018 Acc 0.9801 AUC 0.9990 Pre 0.9798 Rec 0.9800
2026-08-30 00:59:06 | Diag logvar_q_mean=0.0000 logvar_q_clamp=0.0000 kappa_log10=6.5779
2026-08-30 00:59:09 | Epoch 157/400 | Train Loss 1.9166 Acc 0.9996 | Val Loss 5.6506 Acc 0.9804 AUC 0.9987 Pre 0.9801 Rec 0.9802
2026-08-30 00:59:09 | Diag logvar_q_mean=0.0000 logvar_q_clamp=0.0000 kappa_log10=5.9550
2026-08-30 00:59:13 | Epoch 158/400 | Train Loss 1.9039 Acc 0.9996 | Val Loss 5.5985 Acc 0.9811 AUC 0.9989 Pre 0.9808 Rec 0.9810
2026-08-30 00:59:13 | Diag logvar_q_mean=0.0000 logvar_q_clamp=0.0000 kappa_log10=6.1100
2026-08-30 00:59:16 | Epoch 159/400 | Train Loss 1.9538 Acc 0.9995 | Val Loss 5.8717 Acc 0.9789 AUC 0.9987 Pre 0.9787 Rec 0.9787
2026-08-30 00:59:17 | Diag logvar_q_mean=0.0000 logvar_q_clamp=0.0000 kappa_log10=6.9921
2026-08-30 00:59:20 | Epoch 160/400 | Train Loss 1.9199 Acc 0.9996 | Val Loss 5.6472 Acc 0.9794 AUC 0.9991 Pre 0.9791 Rec 0.9792
2026-08-30 00:59:21 | Diag logvar_q_mean=0.0000 logvar_q_clamp=0.0000 kappa_log10=5.9994
2026-08-30 00:59:24 | Epoch 161/400 | Train Loss 1.9063 Acc 0.9995 | Val Loss 5.7216 Acc 0.9801 AUC 0.9990 Pre 0.9799 Rec 0.9800
2026-08-30 00:59:24 | Diag logvar_q_mean=0.0000 logvar_q_clamp=0.0000 kappa_log10=6.3127
2026-08-30 00:59:28 | Epoch 162/400 | Train Loss 1.8517 Acc 0.9995 | Val Loss 5.5632 Acc 0.9809 AUC 0.9989 Pre 0.9807 Rec 0.9808
2026-08-30 00:59:28 | Diag logvar_q_mean=0.0000 logvar_q_clamp=0.0000 kappa_log10=6.1031
2026-08-30 00:59:32 | Epoch 163/400 | Train Loss 1.8701 Acc 0.9997 | Val Loss 5.7136 Acc 0.9796 AUC 0.9987 Pre 0.9793 Rec 0.9795
2026-08-30 00:59:32 | Diag logvar_q_mean=0.0000 logvar_q_clamp=0.0000 kappa_log10=7.3196
2026-08-30 00:59:35 | Epoch 164/400 | Train Loss 1.8986 Acc 0.9996 | Val Loss 5.8631 Acc 0.9797 AUC 0.9991 Pre 0.9794 Rec 0.9796
2026-08-30 00:59:36 | Diag logvar_q_mean=0.0000 logvar_q_clamp=0.0000 kappa_log10=5.9025
2026-08-30 00:59:39 | Epoch 165/400 | Train Loss 1.9146 Acc 0.9996 | Val Loss 5.7382 Acc 0.9800 AUC 0.9990 Pre 0.9798 Rec 0.9799
2026-08-30 00:59:40 | Diag logvar_q_mean=0.0000 logvar_q_clamp=0.0000 kappa_log10=6.6359
2026-08-30 00:59:43 | Epoch 166/400 | Train Loss 1.9052 Acc 0.9996 | Val Loss 5.7148 Acc 0.9798 AUC 0.9988 Pre 0.9795 Rec 0.9797
2026-08-30 00:59:44 | Diag logvar_q_mean=0.0000 logvar_q_clamp=0.0000 kappa_log10=6.1659
2026-08-30 00:59:47 | Epoch 167/400 | Train Loss 1.9143 Acc 0.9995 | Val Loss 6.0462 Acc 0.9792 AUC 0.9988 Pre 0.9789 Rec 0.9791
2026-08-30 00:59:47 | Diag logvar_q_mean=0.0000 logvar_q_clamp=0.0000 kappa_log10=5.8251
2026-08-30 00:59:51 | Epoch 168/400 | Train Loss 1.9073 Acc 0.9997 | Val Loss 5.9431 Acc 0.9792 AUC 0.9989 Pre 0.9789 Rec 0.9792
2026-08-30 00:59:51 | Diag logvar_q_mean=0.0000 logvar_q_clamp=0.0000 kappa_log10=5.8044
2026-08-30 00:59:55 | Epoch 169/400 | Train Loss 1.9165 Acc 0.9996 | Val Loss 5.9480 Acc 0.9779 AUC 0.9990 Pre 0.9775 Rec 0.9778
2026-08-30 00:59:55 | Diag logvar_q_mean=0.0000 logvar_q_clamp=0.0000 kappa_log10=6.1006
2026-08-30 00:59:58 | Epoch 170/400 | Train Loss 1.8840 Acc 0.9996 | Val Loss 5.9677 Acc 0.9788 AUC 0.9989 Pre 0.9787 Rec 0.9788
2026-08-30 00:59:59 | Diag logvar_q_mean=0.0000 logvar_q_clamp=0.0000 kappa_log10=6.8104
2026-08-30 01:00:02 | Epoch 171/400 | Train Loss 1.8791 Acc 0.9996 | Val Loss 6.0406 Acc 0.9781 AUC 0.9988 Pre 0.9778 Rec 0.9779
2026-08-30 01:00:03 | Diag logvar_q_mean=0.0000 logvar_q_clamp=0.0000 kappa_log10=6.1733
2026-08-30 01:00:06 | Epoch 172/400 | Train Loss 1.8492 Acc 0.9995 | Val Loss 5.7212 Acc 0.9802 AUC 0.9989 Pre 0.9799 Rec 0.9801
2026-08-30 01:00:06 | Diag logvar_q_mean=0.0000 logvar_q_clamp=0.0000 kappa_log10=6.3458
2026-08-30 01:00:10 | Epoch 173/400 | Train Loss 1.8689 Acc 0.9996 | Val Loss 5.8006 Acc 0.9788 AUC 0.9989 Pre 0.9784 Rec 0.9788
2026-08-30 01:00:10 | Diag logvar_q_mean=0.0000 logvar_q_clamp=0.0000 kappa_log10=5.7378
2026-08-30 01:00:13 | Epoch 174/400 | Train Loss 1.8049 Acc 0.9996 | Val Loss 5.7583 Acc 0.9798 AUC 0.9990 Pre 0.9795 Rec 0.9797
2026-08-30 01:00:14 | Diag logvar_q_mean=0.0000 logvar_q_clamp=0.0000 kappa_log10=7.9956
2026-08-30 01:00:17 | Epoch 175/400 | Train Loss 1.8422 Acc 0.9996 | Val Loss 5.7147 Acc 0.9787 AUC 0.9990 Pre 0.9785 Rec 0.9786
2026-08-30 01:00:18 | Diag logvar_q_mean=0.0000 logvar_q_clamp=0.0000 kappa_log10=6.4650
2026-08-30 01:00:21 | Epoch 176/400 | Train Loss 1.8991 Acc 0.9994 | Val Loss 5.5605 Acc 0.9797 AUC 0.9991 Pre 0.9794 Rec 0.9796
2026-08-30 01:00:21 | Diag logvar_q_mean=0.0000 logvar_q_clamp=0.0000 kappa_log10=6.1715
2026-08-30 01:00:25 | Epoch 177/400 | Train Loss 1.8685 Acc 0.9995 | Val Loss 5.9139 Acc 0.9791 AUC 0.9988 Pre 0.9788 Rec 0.9790
2026-08-30 01:00:25 | Diag logvar_q_mean=0.0000 logvar_q_clamp=0.0000 kappa_log10=6.8016
2026-08-30 01:00:29 | Epoch 178/400 | Train Loss 1.8696 Acc 0.9995 | Val Loss 5.7385 Acc 0.9801 AUC 0.9988 Pre 0.9799 Rec 0.9800
2026-08-30 01:00:29 | Diag logvar_q_mean=0.0000 logvar_q_clamp=0.0000 kappa_log10=6.3181
2026-08-30 01:00:32 | Epoch 179/400 | Train Loss 1.8647 Acc 0.9995 | Val Loss 5.3698 Acc 0.9794 AUC 0.9988 Pre 0.9792 Rec 0.9793
2026-08-30 01:00:33 | Diag logvar_q_mean=0.0000 logvar_q_clamp=0.0000 kappa_log10=6.1304
2026-08-30 01:00:36 | Epoch 180/400 | Train Loss 1.8677 Acc 0.9996 | Val Loss 5.8123 Acc 0.9792 AUC 0.9989 Pre 0.9790 Rec 0.9790
2026-08-30 01:00:37 | Diag logvar_q_mean=0.0000 logvar_q_clamp=0.0000 kappa_log10=6.3001
2026-08-30 01:00:40 | Epoch 181/400 | Train Loss 1.8665 Acc 0.9997 | Val Loss 5.6641 Acc 0.9784 AUC 0.9990 Pre 0.9782 Rec 0.9783
2026-08-30 01:00:41 | Diag logvar_q_mean=0.0000 logvar_q_clamp=0.0000 kappa_log10=6.4261
2026-08-30 01:00:44 | Epoch 182/400 | Train Loss 1.9304 Acc 0.9996 | Val Loss 5.9238 Acc 0.9785 AUC 0.9987 Pre 0.9784 Rec 0.9784
2026-08-30 01:00:44 | Diag logvar_q_mean=0.0000 logvar_q_clamp=0.0000 kappa_log10=6.3271
2026-08-30 01:00:48 | Epoch 183/400 | Train Loss 1.8784 Acc 0.9996 | Val Loss 5.9442 Acc 0.9803 AUC 0.9988 Pre 0.9801 Rec 0.9802
2026-08-30 01:00:48 | Diag logvar_q_mean=0.0000 logvar_q_clamp=0.0000 kappa_log10=5.8973
2026-08-30 01:00:51 | Epoch 184/400 | Train Loss 1.7985 Acc 0.9997 | Val Loss 6.0177 Acc 0.9782 AUC 0.9987 Pre 0.9780 Rec 0.9782
2026-08-30 01:00:52 | Diag logvar_q_mean=0.0000 logvar_q_clamp=0.0000 kappa_log10=7.5985
2026-08-30 01:00:55 | Epoch 185/400 | Train Loss 1.8248 Acc 0.9996 | Val Loss 6.0553 Acc 0.9786 AUC 0.9988 Pre 0.9784 Rec 0.9785
2026-08-30 01:00:56 | Diag logvar_q_mean=0.0000 logvar_q_clamp=0.0000 kappa_log10=5.9457
2026-08-30 01:00:59 | Epoch 186/400 | Train Loss 1.8522 Acc 0.9997 | Val Loss 5.8268 Acc 0.9781 AUC 0.9988 Pre 0.9779 Rec 0.9779
2026-08-30 01:00:59 | Diag logvar_q_mean=0.0000 logvar_q_clamp=0.0000 kappa_log10=6.3109
2026-08-30 01:01:03 | Epoch 187/400 | Train Loss 1.8418 Acc 0.9996 | Val Loss 5.6708 Acc 0.9781 AUC 0.9988 Pre 0.9779 Rec 0.9780
2026-08-30 01:01:03 | Diag logvar_q_mean=0.0000 logvar_q_clamp=0.0000 kappa_log10=6.5893
2026-08-30 01:01:06 | Epoch 188/400 | Train Loss 1.8315 Acc 0.9995 | Val Loss 5.8743 Acc 0.9783 AUC 0.9987 Pre 0.9780 Rec 0.9782
2026-08-30 01:01:07 | Diag logvar_q_mean=0.0000 logvar_q_clamp=0.0000 kappa_log10=8.3818
2026-08-30 01:01:10 | Epoch 189/400 | Train Loss 1.8445 Acc 0.9995 | Val Loss 5.8370 Acc 0.9792 AUC 0.9987 Pre 0.9790 Rec 0.9791
2026-08-30 01:01:11 | Diag logvar_q_mean=0.0000 logvar_q_clamp=0.0000 kappa_log10=6.1623
2026-08-30 01:01:14 | Epoch 190/400 | Train Loss 1.8003 Acc 0.9997 | Val Loss 5.7038 Acc 0.9788 AUC 0.9987 Pre 0.9787 Rec 0.9787
2026-08-30 01:01:15 | Diag logvar_q_mean=0.0000 logvar_q_clamp=0.0000 kappa_log10=6.1374
2026-08-30 01:01:18 | Epoch 191/400 | Train Loss 1.8057 Acc 0.9996 | Val Loss 5.8991 Acc 0.9788 AUC 0.9988 Pre 0.9786 Rec 0.9787
2026-08-30 01:01:18 | Diag logvar_q_mean=0.0000 logvar_q_clamp=0.0000 kappa_log10=5.9279
2026-08-30 01:01:22 | Epoch 192/400 | Train Loss 1.8089 Acc 0.9996 | Val Loss 5.8929 Acc 0.9778 AUC 0.9990 Pre 0.9775 Rec 0.9777
2026-08-30 01:01:22 | Diag logvar_q_mean=0.0000 logvar_q_clamp=0.0000 kappa_log10=7.5455
2026-08-30 01:01:25 | Epoch 193/400 | Train Loss 1.8611 Acc 0.9994 | Val Loss 5.8070 Acc 0.9785 AUC 0.9989 Pre 0.9783 Rec 0.9783
2026-08-30 01:01:26 | Diag logvar_q_mean=0.0000 logvar_q_clamp=0.0000 kappa_log10=6.3043
2026-08-30 01:01:29 | Epoch 194/400 | Train Loss 1.8438 Acc 0.9996 | Val Loss 5.8865 Acc 0.9784 AUC 0.9987 Pre 0.9781 Rec 0.9783
2026-08-30 01:01:30 | Diag logvar_q_mean=0.0000 logvar_q_clamp=0.0000 kappa_log10=5.9084
2026-08-30 01:01:33 | Epoch 195/400 | Train Loss 1.7724 Acc 0.9998 | Val Loss 6.1172 Acc 0.9776 AUC 0.9989 Pre 0.9774 Rec 0.9775
2026-08-30 01:01:34 | Diag logvar_q_mean=0.0000 logvar_q_clamp=0.0000 kappa_log10=7.2920
2026-08-30 01:01:37 | Epoch 196/400 | Train Loss 1.8051 Acc 0.9998 | Val Loss 5.9655 Acc 0.9776 AUC 0.9989 Pre 0.9773 Rec 0.9775
2026-08-30 01:01:37 | Diag logvar_q_mean=0.0000 logvar_q_clamp=0.0000 kappa_log10=6.0539
2026-08-30 01:01:41 | Epoch 197/400 | Train Loss 1.8417 Acc 0.9997 | Val Loss 5.8562 Acc 0.9792 AUC 0.9989 Pre 0.9791 Rec 0.9791
2026-08-30 01:01:41 | Diag logvar_q_mean=0.0000 logvar_q_clamp=0.0000 kappa_log10=6.7329
2026-08-30 01:01:45 | Epoch 198/400 | Train Loss 1.8041 Acc 0.9995 | Val Loss 5.7779 Acc 0.9786 AUC 0.9989 Pre 0.9785 Rec 0.9785
2026-08-30 01:01:45 | Diag logvar_q_mean=0.0000 logvar_q_clamp=0.0000 kappa_log10=6.6315
2026-08-30 01:01:48 | Epoch 199/400 | Train Loss 1.7705 Acc 0.9997 | Val Loss 5.9600 Acc 0.9780 AUC 0.9988 Pre 0.9779 Rec 0.9778
2026-08-30 01:01:49 | Diag logvar_q_mean=0.0000 logvar_q_clamp=0.0000 kappa_log10=6.8144
2026-08-30 01:01:52 | Epoch 200/400 | Train Loss 1.7499 Acc 0.9996 | Val Loss 5.7468 Acc 0.9795 AUC 0.9988 Pre 0.9793 Rec 0.9794
2026-08-30 01:01:53 | Diag logvar_q_mean=0.0000 logvar_q_clamp=0.0000 kappa_log10=5.8204
2026-08-30 01:01:56 | Epoch 201/400 | Train Loss 1.7468 Acc 0.9996 | Val Loss 5.8534 Acc 0.9793 AUC 0.9988 Pre 0.9791 Rec 0.9792
2026-08-30 01:01:56 | Diag logvar_q_mean=0.0000 logvar_q_clamp=0.0000 kappa_log10=6.4019
2026-08-30 01:02:00 | Epoch 202/400 | Train Loss 1.7424 Acc 0.9997 | Val Loss 5.7633 Acc 0.9791 AUC 0.9988 Pre 0.9790 Rec 0.9790
2026-08-30 01:02:00 | Diag logvar_q_mean=0.0000 logvar_q_clamp=0.0000 kappa_log10=6.2937
2026-08-30 01:02:03 | Epoch 203/400 | Train Loss 1.7749 Acc 0.9997 | Val Loss 5.7425 Acc 0.9775 AUC 0.9989 Pre 0.9774 Rec 0.9773
2026-08-30 01:02:04 | Diag logvar_q_mean=0.0000 logvar_q_clamp=0.0000 kappa_log10=6.1531
2026-08-30 01:02:07 | Epoch 204/400 | Train Loss 1.7621 Acc 0.9996 | Val Loss 5.9015 Acc 0.9790 AUC 0.9989 Pre 0.9787 Rec 0.9789
2026-08-30 01:02:08 | Diag logvar_q_mean=0.0000 logvar_q_clamp=0.0000 kappa_log10=6.5757
2026-08-30 01:02:11 | Epoch 205/400 | Train Loss 1.7680 Acc 0.9997 | Val Loss 6.0339 Acc 0.9790 AUC 0.9988 Pre 0.9787 Rec 0.9789
2026-08-30 01:02:11 | Diag logvar_q_mean=0.0000 logvar_q_clamp=0.0000 kappa_log10=7.3694
2026-08-30 01:02:15 | Epoch 206/400 | Train Loss 1.7558 Acc 0.9996 | Val Loss 6.1647 Acc 0.9785 AUC 0.9989 Pre 0.9782 Rec 0.9783
2026-08-30 01:02:15 | Diag logvar_q_mean=0.0000 logvar_q_clamp=0.0000 kappa_log10=6.3699
2026-08-30 01:02:19 | Epoch 207/400 | Train Loss 1.7995 Acc 0.9994 | Val Loss 5.9515 Acc 0.9789 AUC 0.9989 Pre 0.9787 Rec 0.9788
2026-08-30 01:02:19 | Diag logvar_q_mean=0.0000 logvar_q_clamp=0.0000 kappa_log10=7.0857
2026-08-30 01:02:22 | Epoch 208/400 | Train Loss 1.8185 Acc 0.9996 | Val Loss 6.0033 Acc 0.9786 AUC 0.9986 Pre 0.9784 Rec 0.9785
2026-08-30 01:02:23 | Diag logvar_q_mean=0.0000 logvar_q_clamp=0.0000 kappa_log10=6.5680
2026-08-30 01:02:26 | Epoch 209/400 | Train Loss 1.9126 Acc 0.9997 | Val Loss 6.1706 Acc 0.9780 AUC 0.9984 Pre 0.9778 Rec 0.9779
2026-08-30 01:02:27 | Diag logvar_q_mean=0.0000 logvar_q_clamp=0.0000 kappa_log10=6.5755
2026-08-30 01:02:30 | Epoch 210/400 | Train Loss 1.9320 Acc 0.9995 | Val Loss 5.8896 Acc 0.9792 AUC 0.9986 Pre 0.9790 Rec 0.9791
2026-08-30 01:02:30 | Diag logvar_q_mean=0.0000 logvar_q_clamp=0.0000 kappa_log10=6.7938
2026-08-30 01:02:34 | Epoch 211/400 | Train Loss 1.8374 Acc 0.9995 | Val Loss 5.7208 Acc 0.9793 AUC 0.9988 Pre 0.9791 Rec 0.9793
2026-08-30 01:02:34 | Diag logvar_q_mean=0.0000 logvar_q_clamp=0.0000 kappa_log10=6.5450
2026-08-30 01:02:37 | Epoch 212/400 | Train Loss 1.7776 Acc 0.9996 | Val Loss 5.9652 Acc 0.9786 AUC 0.9989 Pre 0.9784 Rec 0.9785
2026-08-30 01:02:38 | Diag logvar_q_mean=0.0000 logvar_q_clamp=0.0000 kappa_log10=6.4950
2026-08-30 01:02:41 | Epoch 213/400 | Train Loss 1.8517 Acc 0.9996 | Val Loss 5.9765 Acc 0.9798 AUC 0.9988 Pre 0.9796 Rec 0.9797
2026-08-30 01:02:42 | Diag logvar_q_mean=0.0000 logvar_q_clamp=0.0000 kappa_log10=6.3114
2026-08-30 01:02:45 | Epoch 214/400 | Train Loss 1.8171 Acc 0.9995 | Val Loss 5.7687 Acc 0.9797 AUC 0.9989 Pre 0.9793 Rec 0.9796
2026-08-30 01:02:45 | Diag logvar_q_mean=0.0000 logvar_q_clamp=0.0000 kappa_log10=7.2975
2026-08-30 01:02:49 | Epoch 215/400 | Train Loss 1.7476 Acc 0.9997 | Val Loss 5.6355 Acc 0.9793 AUC 0.9990 Pre 0.9790 Rec 0.9792
2026-08-30 01:02:49 | Diag logvar_q_mean=0.0000 logvar_q_clamp=0.0000 kappa_log10=6.3983
2026-08-30 01:02:52 | Epoch 216/400 | Train Loss 1.7752 Acc 0.9996 | Val Loss 5.9880 Acc 0.9776 AUC 0.9989 Pre 0.9774 Rec 0.9776
2026-08-30 01:02:53 | Diag logvar_q_mean=0.0000 logvar_q_clamp=0.0000 kappa_log10=6.1542
2026-08-30 01:02:56 | Epoch 217/400 | Train Loss 1.7806 Acc 0.9995 | Val Loss 5.9065 Acc 0.9782 AUC 0.9989 Pre 0.9780 Rec 0.9781
2026-08-30 01:02:57 | Diag logvar_q_mean=0.0000 logvar_q_clamp=0.0000 kappa_log10=6.3527
2026-08-30 01:03:00 | Epoch 218/400 | Train Loss 1.7261 Acc 0.9996 | Val Loss 5.6767 Acc 0.9788 AUC 0.9988 Pre 0.9786 Rec 0.9787
2026-08-30 01:03:01 | Diag logvar_q_mean=0.0000 logvar_q_clamp=0.0000 kappa_log10=6.6415
2026-08-30 01:03:04 | Epoch 219/400 | Train Loss 1.7634 Acc 0.9996 | Val Loss 5.9869 Acc 0.9782 AUC 0.9986 Pre 0.9781 Rec 0.9782
2026-08-30 01:03:04 | Diag logvar_q_mean=0.0000 logvar_q_clamp=0.0000 kappa_log10=6.7259
2026-08-30 01:03:08 | Epoch 220/400 | Train Loss 1.7705 Acc 0.9996 | Val Loss 5.6683 Acc 0.9786 AUC 0.9987 Pre 0.9784 Rec 0.9784
2026-08-30 01:03:08 | Diag logvar_q_mean=0.0000 logvar_q_clamp=0.0000 kappa_log10=7.2103
2026-08-30 01:03:12 | Epoch 221/400 | Train Loss 1.7598 Acc 0.9998 | Val Loss 5.9013 Acc 0.9782 AUC 0.9988 Pre 0.9780 Rec 0.9780
2026-08-30 01:03:12 | Diag logvar_q_mean=0.0000 logvar_q_clamp=0.0000 kappa_log10=6.7454
2026-08-30 01:03:15 | Epoch 222/400 | Train Loss 1.7504 Acc 0.9997 | Val Loss 6.0637 Acc 0.9800 AUC 0.9988 Pre 0.9798 Rec 0.9799
2026-08-30 01:03:16 | Diag logvar_q_mean=0.0000 logvar_q_clamp=0.0000 kappa_log10=7.5419
2026-08-30 01:03:19 | Epoch 223/400 | Train Loss 1.6880 Acc 0.9997 | Val Loss 5.8157 Acc 0.9780 AUC 0.9986 Pre 0.9778 Rec 0.9779
2026-08-30 01:03:20 | Diag logvar_q_mean=0.0000 logvar_q_clamp=0.0000 kappa_log10=6.9220
2026-08-30 01:03:23 | Epoch 224/400 | Train Loss 1.7352 Acc 0.9997 | Val Loss 5.7408 Acc 0.9793 AUC 0.9986 Pre 0.9791 Rec 0.9792
2026-08-30 01:03:24 | Diag logvar_q_mean=0.0000 logvar_q_clamp=0.0000 kappa_log10=6.7584
2026-08-30 01:03:27 | Epoch 225/400 | Train Loss 1.7334 Acc 0.9997 | Val Loss 5.7865 Acc 0.9797 AUC 0.9987 Pre 0.9795 Rec 0.9796
2026-08-30 01:03:27 | Diag logvar_q_mean=0.0000 logvar_q_clamp=0.0000 kappa_log10=7.1415
2026-08-30 01:03:31 | Epoch 226/400 | Train Loss 1.7531 Acc 0.9996 | Val Loss 6.2169 Acc 0.9788 AUC 0.9988 Pre 0.9787 Rec 0.9787
2026-08-30 01:03:31 | Diag logvar_q_mean=0.0000 logvar_q_clamp=0.0000 kappa_log10=6.2753
2026-08-30 01:03:35 | Epoch 227/400 | Train Loss 1.8288 Acc 0.9996 | Val Loss 6.3474 Acc 0.9780 AUC 0.9988 Pre 0.9778 Rec 0.9778
2026-08-30 01:03:35 | Diag logvar_q_mean=0.0000 logvar_q_clamp=0.0000 kappa_log10=7.3255
2026-08-30 01:03:38 | Epoch 228/400 | Train Loss 1.7783 Acc 0.9996 | Val Loss 5.9905 Acc 0.9785 AUC 0.9988 Pre 0.9784 Rec 0.9784
2026-08-30 01:03:39 | Diag logvar_q_mean=0.0000 logvar_q_clamp=0.0000 kappa_log10=6.4212
2026-08-30 01:03:42 | Epoch 229/400 | Train Loss 1.7767 Acc 0.9996 | Val Loss 5.8568 Acc 0.9793 AUC 0.9987 Pre 0.9791 Rec 0.9792
2026-08-30 01:03:43 | Diag logvar_q_mean=0.0000 logvar_q_clamp=0.0000 kappa_log10=6.3335
2026-08-30 01:03:46 | Epoch 230/400 | Train Loss 1.7438 Acc 0.9997 | Val Loss 5.9102 Acc 0.9790 AUC 0.9986 Pre 0.9789 Rec 0.9788
2026-08-30 01:03:46 | Diag logvar_q_mean=0.0000 logvar_q_clamp=0.0000 kappa_log10=6.6801
2026-08-30 01:03:50 | Epoch 231/400 | Train Loss 1.7171 Acc 0.9996 | Val Loss 5.9767 Acc 0.9788 AUC 0.9987 Pre 0.9785 Rec 0.9786
2026-08-30 01:03:50 | Diag logvar_q_mean=0.0000 logvar_q_clamp=0.0000 kappa_log10=6.1935
2026-08-30 01:03:53 | Epoch 232/400 | Train Loss 1.7405 Acc 0.9996 | Val Loss 6.0072 Acc 0.9790 AUC 0.9986 Pre 0.9787 Rec 0.9788
2026-08-30 01:03:54 | Diag logvar_q_mean=0.0000 logvar_q_clamp=0.0000 kappa_log10=6.6269
2026-08-30 01:03:57 | Epoch 233/400 | Train Loss 1.7013 Acc 0.9996 | Val Loss 5.7662 Acc 0.9791 AUC 0.9985 Pre 0.9789 Rec 0.9790
2026-08-30 01:03:58 | Diag logvar_q_mean=0.0000 logvar_q_clamp=0.0000 kappa_log10=6.4002
2026-08-30 01:04:01 | Epoch 234/400 | Train Loss 1.7241 Acc 0.9997 | Val Loss 6.3680 Acc 0.9781 AUC 0.9986 Pre 0.9781 Rec 0.9779
2026-08-30 01:04:01 | Diag logvar_q_mean=0.0000 logvar_q_clamp=0.0000 kappa_log10=6.2928
2026-08-30 01:04:05 | Epoch 235/400 | Train Loss 1.7347 Acc 0.9995 | Val Loss 5.9495 Acc 0.9784 AUC 0.9988 Pre 0.9783 Rec 0.9784
2026-08-30 01:04:05 | Diag logvar_q_mean=0.0000 logvar_q_clamp=0.0000 kappa_log10=6.1237
2026-08-30 01:04:08 | Epoch 236/400 | Train Loss 1.7334 Acc 0.9996 | Val Loss 6.0995 Acc 0.9792 AUC 0.9988 Pre 0.9790 Rec 0.9791
2026-08-30 01:04:09 | Diag logvar_q_mean=0.0000 logvar_q_clamp=0.0000 kappa_log10=6.1522
2026-08-30 01:04:12 | Epoch 237/400 | Train Loss 1.7029 Acc 0.9998 | Val Loss 6.0994 Acc 0.9788 AUC 0.9988 Pre 0.9786 Rec 0.9787
2026-08-30 01:04:13 | Diag logvar_q_mean=0.0000 logvar_q_clamp=0.0000 kappa_log10=6.4149
2026-08-30 01:04:16 | Epoch 238/400 | Train Loss 1.7026 Acc 0.9997 | Val Loss 6.0842 Acc 0.9784 AUC 0.9986 Pre 0.9782 Rec 0.9782
2026-08-30 01:04:17 | Diag logvar_q_mean=0.0000 logvar_q_clamp=0.0000 kappa_log10=6.8369
2026-08-30 01:04:20 | Epoch 239/400 | Train Loss 1.7995 Acc 0.9996 | Val Loss 6.0504 Acc 0.9794 AUC 0.9986 Pre 0.9792 Rec 0.9792
2026-08-30 01:04:20 | Diag logvar_q_mean=0.0000 logvar_q_clamp=0.0000 kappa_log10=6.4837
2026-08-30 01:04:24 | Epoch 240/400 | Train Loss 1.7433 Acc 0.9997 | Val Loss 5.8776 Acc 0.9797 AUC 0.9991 Pre 0.9795 Rec 0.9796
2026-08-30 01:04:24 | Diag logvar_q_mean=0.0000 logvar_q_clamp=0.0000 kappa_log10=6.2230
2026-08-30 01:04:28 | Epoch 241/400 | Train Loss 1.8191 Acc 0.9995 | Val Loss 5.9586 Acc 0.9800 AUC 0.9986 Pre 0.9799 Rec 0.9799
2026-08-30 01:04:28 | Diag logvar_q_mean=0.0000 logvar_q_clamp=0.0000 kappa_log10=6.1583
2026-08-30 01:04:31 | Epoch 242/400 | Train Loss 1.7670 Acc 0.9997 | Val Loss 6.0003 Acc 0.9788 AUC 0.9989 Pre 0.9786 Rec 0.9787
2026-08-30 01:04:32 | Diag logvar_q_mean=0.0000 logvar_q_clamp=0.0000 kappa_log10=6.5228
2026-08-30 01:04:35 | Epoch 243/400 | Train Loss 1.7209 Acc 0.9996 | Val Loss 6.2141 Acc 0.9782 AUC 0.9988 Pre 0.9781 Rec 0.9780
2026-08-30 01:04:36 | Diag logvar_q_mean=0.0000 logvar_q_clamp=0.0000 kappa_log10=7.2714
2026-08-30 01:04:39 | Epoch 244/400 | Train Loss 1.7426 Acc 0.9996 | Val Loss 5.9811 Acc 0.9797 AUC 0.9987 Pre 0.9795 Rec 0.9796
2026-08-30 01:04:40 | Diag logvar_q_mean=0.0000 logvar_q_clamp=0.0000 kappa_log10=6.8705
2026-08-30 01:04:43 | Epoch 245/400 | Train Loss 1.7665 Acc 0.9996 | Val Loss 5.7996 Acc 0.9802 AUC 0.9988 Pre 0.9801 Rec 0.9801
2026-08-30 01:04:43 | Diag logvar_q_mean=0.0000 logvar_q_clamp=0.0000 kappa_log10=6.4147
2026-08-30 01:04:46 | Epoch 246/400 | Train Loss 1.7315 Acc 0.9996 | Val Loss 6.0476 Acc 0.9796 AUC 0.9988 Pre 0.9796 Rec 0.9794
2026-08-30 01:04:47 | Diag logvar_q_mean=0.0000 logvar_q_clamp=0.0000 kappa_log10=6.4696
2026-08-30 01:04:50 | Epoch 247/400 | Train Loss 1.7627 Acc 0.9997 | Val Loss 5.7522 Acc 0.9794 AUC 0.9988 Pre 0.9793 Rec 0.9793
2026-08-30 01:04:51 | Diag logvar_q_mean=0.0000 logvar_q_clamp=0.0000 kappa_log10=6.5228
2026-08-30 01:04:54 | Epoch 248/400 | Train Loss 1.7446 Acc 0.9996 | Val Loss 6.3140 Acc 0.9788 AUC 0.9989 Pre 0.9787 Rec 0.9787
2026-08-30 01:04:55 | Diag logvar_q_mean=0.0000 logvar_q_clamp=0.0000 kappa_log10=6.3117
2026-08-30 01:04:58 | Epoch 249/400 | Train Loss 1.7388 Acc 0.9998 | Val Loss 5.7752 Acc 0.9798 AUC 0.9988 Pre 0.9796 Rec 0.9797
2026-08-30 01:04:58 | Diag logvar_q_mean=0.0000 logvar_q_clamp=0.0000 kappa_log10=6.5503
2026-08-30 01:05:02 | Epoch 250/400 | Train Loss 1.7470 Acc 0.9996 | Val Loss 6.2343 Acc 0.9789 AUC 0.9987 Pre 0.9787 Rec 0.9788
2026-08-30 01:05:02 | Diag logvar_q_mean=0.0000 logvar_q_clamp=0.0000 kappa_log10=6.3895
2026-08-30 01:05:06 | Epoch 251/400 | Train Loss 1.7711 Acc 0.9997 | Val Loss 6.1273 Acc 0.9780 AUC 0.9988 Pre 0.9777 Rec 0.9779
2026-08-30 01:05:06 | Diag logvar_q_mean=0.0000 logvar_q_clamp=0.0000 kappa_log10=6.9531
2026-08-30 01:05:10 | Epoch 252/400 | Train Loss 1.7813 Acc 0.9996 | Val Loss 6.1442 Acc 0.9781 AUC 0.9988 Pre 0.9781 Rec 0.9780
2026-08-30 01:05:10 | Diag logvar_q_mean=0.0000 logvar_q_clamp=0.0000 kappa_log10=6.4417
2026-08-30 01:05:13 | Epoch 253/400 | Train Loss 1.7406 Acc 0.9996 | Val Loss 6.0165 Acc 0.9796 AUC 0.9986 Pre 0.9795 Rec 0.9795
2026-08-30 01:05:14 | Diag logvar_q_mean=0.0000 logvar_q_clamp=0.0000 kappa_log10=6.1918
2026-08-30 01:05:17 | Epoch 254/400 | Train Loss 1.7648 Acc 0.9997 | Val Loss 6.1003 Acc 0.9784 AUC 0.9984 Pre 0.9783 Rec 0.9782
2026-08-30 01:05:18 | Diag logvar_q_mean=0.0000 logvar_q_clamp=0.0000 kappa_log10=7.7442
2026-08-30 01:05:21 | Epoch 255/400 | Train Loss 1.6917 Acc 0.9998 | Val Loss 6.0598 Acc 0.9791 AUC 0.9985 Pre 0.9790 Rec 0.9790
2026-08-30 01:05:21 | Diag logvar_q_mean=0.0000 logvar_q_clamp=0.0000 kappa_log10=6.0290
2026-08-30 01:05:25 | Epoch 256/400 | Train Loss 1.7325 Acc 0.9996 | Val Loss 6.1190 Acc 0.9772 AUC 0.9987 Pre 0.9771 Rec 0.9770
2026-08-30 01:05:25 | Diag logvar_q_mean=0.0000 logvar_q_clamp=0.0000 kappa_log10=6.1279
2026-08-30 01:05:28 | Epoch 257/400 | Train Loss 1.7039 Acc 0.9996 | Val Loss 6.1524 Acc 0.9784 AUC 0.9987 Pre 0.9783 Rec 0.9783
2026-08-30 01:05:29 | Diag logvar_q_mean=0.0000 logvar_q_clamp=0.0000 kappa_log10=6.7312
2026-08-30 01:05:32 | Epoch 258/400 | Train Loss 1.7011 Acc 0.9996 | Val Loss 5.9807 Acc 0.9804 AUC 0.9986 Pre 0.9802 Rec 0.9803
2026-08-30 01:05:33 | Diag logvar_q_mean=0.0000 logvar_q_clamp=0.0000 kappa_log10=6.9001
2026-08-30 01:05:36 | Epoch 259/400 | Train Loss 1.7875 Acc 0.9995 | Val Loss 5.9142 Acc 0.9794 AUC 0.9987 Pre 0.9793 Rec 0.9793
2026-08-30 01:05:36 | Diag logvar_q_mean=0.0000 logvar_q_clamp=0.0000 kappa_log10=5.9205
2026-08-30 01:05:40 | Epoch 260/400 | Train Loss 1.7351 Acc 0.9996 | Val Loss 5.9838 Acc 0.9795 AUC 0.9988 Pre 0.9793 Rec 0.9794
2026-08-30 01:05:40 | Diag logvar_q_mean=0.0000 logvar_q_clamp=0.0000 kappa_log10=6.7318
2026-08-30 01:05:43 | Epoch 261/400 | Train Loss 1.7702 Acc 0.9996 | Val Loss 6.2211 Acc 0.9789 AUC 0.9987 Pre 0.9788 Rec 0.9787
2026-08-30 01:05:44 | Diag logvar_q_mean=0.0000 logvar_q_clamp=0.0000 kappa_log10=6.1895
2026-08-30 01:05:47 | Epoch 262/400 | Train Loss 1.7405 Acc 0.9997 | Val Loss 5.9345 Acc 0.9786 AUC 0.9988 Pre 0.9785 Rec 0.9785
2026-08-30 01:05:48 | Diag logvar_q_mean=0.0000 logvar_q_clamp=0.0000 kappa_log10=6.4515
2026-08-30 01:05:51 | Epoch 263/400 | Train Loss 1.7131 Acc 0.9996 | Val Loss 6.1955 Acc 0.9803 AUC 0.9988 Pre 0.9801 Rec 0.9801
2026-08-30 01:05:52 | Diag logvar_q_mean=0.0000 logvar_q_clamp=0.0000 kappa_log10=6.2726
2026-08-30 01:05:55 | Epoch 264/400 | Train Loss 1.7035 Acc 0.9997 | Val Loss 6.0351 Acc 0.9809 AUC 0.9988 Pre 0.9807 Rec 0.9808
2026-08-30 01:05:55 | Diag logvar_q_mean=0.0000 logvar_q_clamp=0.0000 kappa_log10=6.3924
2026-08-30 01:05:59 | Epoch 265/400 | Train Loss 1.6856 Acc 0.9996 | Val Loss 5.8327 Acc 0.9790 AUC 0.9989 Pre 0.9788 Rec 0.9788
2026-08-30 01:05:59 | Diag logvar_q_mean=0.0000 logvar_q_clamp=0.0000 kappa_log10=7.0928
2026-08-30 01:06:02 | Epoch 266/400 | Train Loss 1.7102 Acc 0.9997 | Val Loss 6.0112 Acc 0.9776 AUC 0.9989 Pre 0.9774 Rec 0.9774
2026-08-30 01:06:03 | Diag logvar_q_mean=0.0000 logvar_q_clamp=0.0000 kappa_log10=8.0001
2026-08-30 01:06:06 | Epoch 267/400 | Train Loss 1.7789 Acc 0.9995 | Val Loss 6.2625 Acc 0.9781 AUC 0.9988 Pre 0.9780 Rec 0.9780
2026-08-30 01:06:07 | Diag logvar_q_mean=0.0000 logvar_q_clamp=0.0000 kappa_log10=6.4344
2026-08-30 01:06:10 | Epoch 268/400 | Train Loss 1.6938 Acc 0.9995 | Val Loss 6.2538 Acc 0.9783 AUC 0.9988 Pre 0.9781 Rec 0.9782
2026-08-30 01:06:10 | Diag logvar_q_mean=0.0000 logvar_q_clamp=0.0000 kappa_log10=6.4786
2026-08-30 01:06:14 | Epoch 269/400 | Train Loss 1.7130 Acc 0.9997 | Val Loss 6.1910 Acc 0.9779 AUC 0.9986 Pre 0.9777 Rec 0.9778
2026-08-30 01:06:14 | Diag logvar_q_mean=0.0000 logvar_q_clamp=0.0000 kappa_log10=6.7902
2026-08-30 01:06:18 | Epoch 270/400 | Train Loss 1.6928 Acc 0.9997 | Val Loss 6.1655 Acc 0.9787 AUC 0.9986 Pre 0.9786 Rec 0.9786
2026-08-30 01:06:18 | Diag logvar_q_mean=0.0000 logvar_q_clamp=0.0000 kappa_log10=6.9426
2026-08-30 01:06:21 | Epoch 271/400 | Train Loss 1.6778 Acc 0.9998 | Val Loss 6.2345 Acc 0.9784 AUC 0.9988 Pre 0.9783 Rec 0.9782
2026-08-30 01:06:22 | Diag logvar_q_mean=0.0000 logvar_q_clamp=0.0000 kappa_log10=6.5935
2026-08-30 01:06:25 | Epoch 272/400 | Train Loss 1.7236 Acc 0.9997 | Val Loss 6.1572 Acc 0.9790 AUC 0.9986 Pre 0.9789 Rec 0.9789
2026-08-30 01:06:26 | Diag logvar_q_mean=0.0000 logvar_q_clamp=0.0000 kappa_log10=6.1334
2026-08-30 01:06:29 | Epoch 273/400 | Train Loss 1.7150 Acc 0.9996 | Val Loss 6.1774 Acc 0.9794 AUC 0.9987 Pre 0.9792 Rec 0.9794
2026-08-30 01:06:29 | Diag logvar_q_mean=0.0000 logvar_q_clamp=0.0000 kappa_log10=6.4581
2026-08-30 01:06:33 | Epoch 274/400 | Train Loss 1.7117 Acc 0.9996 | Val Loss 6.1694 Acc 0.9789 AUC 0.9987 Pre 0.9787 Rec 0.9788
2026-08-30 01:06:33 | Diag logvar_q_mean=0.0000 logvar_q_clamp=0.0000 kappa_log10=6.3194
2026-08-30 01:06:36 | Epoch 275/400 | Train Loss 1.7396 Acc 0.9996 | Val Loss 6.0150 Acc 0.9789 AUC 0.9986 Pre 0.9788 Rec 0.9788
2026-08-30 01:06:37 | Diag logvar_q_mean=0.0000 logvar_q_clamp=0.0000 kappa_log10=6.2255
2026-08-30 01:06:40 | Epoch 276/400 | Train Loss 1.6852 Acc 0.9995 | Val Loss 6.0158 Acc 0.9796 AUC 0.9986 Pre 0.9795 Rec 0.9795
2026-08-30 01:06:41 | Diag logvar_q_mean=0.0000 logvar_q_clamp=0.0000 kappa_log10=6.4719
2026-08-30 01:06:44 | Epoch 277/400 | Train Loss 1.6766 Acc 0.9997 | Val Loss 6.1462 Acc 0.9791 AUC 0.9985 Pre 0.9790 Rec 0.9791
2026-08-30 01:06:45 | Diag logvar_q_mean=0.0000 logvar_q_clamp=0.0000 kappa_log10=6.5506
2026-08-30 01:06:48 | Epoch 278/400 | Train Loss 1.7153 Acc 0.9996 | Val Loss 6.1165 Acc 0.9779 AUC 0.9986 Pre 0.9778 Rec 0.9778
2026-08-30 01:06:49 | Diag logvar_q_mean=0.0000 logvar_q_clamp=0.0000 kappa_log10=6.8097
2026-08-30 01:06:52 | Epoch 279/400 | Train Loss 1.7687 Acc 0.9995 | Val Loss 6.1999 Acc 0.9783 AUC 0.9986 Pre 0.9781 Rec 0.9782
2026-08-30 01:06:53 | Diag logvar_q_mean=0.0000 logvar_q_clamp=0.0000 kappa_log10=6.5135
2026-08-30 01:06:56 | Epoch 280/400 | Train Loss 1.7457 Acc 0.9995 | Val Loss 6.1226 Acc 0.9793 AUC 0.9986 Pre 0.9792 Rec 0.9792
2026-08-30 01:06:56 | Diag logvar_q_mean=0.0000 logvar_q_clamp=0.0000 kappa_log10=7.0524
2026-08-30 01:07:00 | Epoch 281/400 | Train Loss 1.7255 Acc 0.9997 | Val Loss 6.2845 Acc 0.9781 AUC 0.9986 Pre 0.9778 Rec 0.9780
2026-08-30 01:07:00 | Diag logvar_q_mean=0.0000 logvar_q_clamp=0.0000 kappa_log10=6.0121
2026-08-30 01:07:04 | Epoch 282/400 | Train Loss 1.7376 Acc 0.9997 | Val Loss 6.0933 Acc 0.9790 AUC 0.9986 Pre 0.9789 Rec 0.9788
2026-08-30 01:07:04 | Diag logvar_q_mean=0.0000 logvar_q_clamp=0.0000 kappa_log10=6.7493
2026-08-30 01:07:07 | Epoch 283/400 | Train Loss 1.7295 Acc 0.9996 | Val Loss 6.0696 Acc 0.9788 AUC 0.9989 Pre 0.9786 Rec 0.9787
2026-08-30 01:07:08 | Diag logvar_q_mean=0.0000 logvar_q_clamp=0.0000 kappa_log10=6.6450
2026-08-30 01:07:11 | Epoch 284/400 | Train Loss 1.6869 Acc 0.9997 | Val Loss 6.0175 Acc 0.9792 AUC 0.9987 Pre 0.9791 Rec 0.9791
2026-08-30 01:07:12 | Diag logvar_q_mean=0.0000 logvar_q_clamp=0.0000 kappa_log10=6.3314
2026-08-30 01:07:15 | Epoch 285/400 | Train Loss 1.7498 Acc 0.9996 | Val Loss 5.9489 Acc 0.9799 AUC 0.9988 Pre 0.9798 Rec 0.9798
2026-08-30 01:07:16 | Diag logvar_q_mean=0.0000 logvar_q_clamp=0.0000 kappa_log10=6.8046
2026-08-30 01:07:19 | Epoch 286/400 | Train Loss 1.7348 Acc 0.9996 | Val Loss 6.0769 Acc 0.9785 AUC 0.9987 Pre 0.9784 Rec 0.9783
2026-08-30 01:07:19 | Diag logvar_q_mean=0.0000 logvar_q_clamp=0.0000 kappa_log10=6.4154
2026-08-30 01:07:23 | Epoch 287/400 | Train Loss 1.7512 Acc 0.9997 | Val Loss 6.1146 Acc 0.9789 AUC 0.9984 Pre 0.9787 Rec 0.9788
2026-08-30 01:07:23 | Diag logvar_q_mean=0.0000 logvar_q_clamp=0.0000 kappa_log10=6.3422
2026-08-30 01:07:26 | Epoch 288/400 | Train Loss 1.7281 Acc 0.9996 | Val Loss 6.0625 Acc 0.9795 AUC 0.9985 Pre 0.9794 Rec 0.9794
2026-08-30 01:07:27 | Diag logvar_q_mean=0.0000 logvar_q_clamp=0.0000 kappa_log10=6.5390
2026-08-30 01:07:30 | Epoch 289/400 | Train Loss 1.7179 Acc 0.9996 | Val Loss 6.0849 Acc 0.9794 AUC 0.9985 Pre 0.9792 Rec 0.9793
2026-08-30 01:07:31 | Diag logvar_q_mean=0.0000 logvar_q_clamp=0.0000 kappa_log10=6.6512
2026-08-30 01:07:34 | Epoch 290/400 | Train Loss 1.7586 Acc 0.9997 | Val Loss 6.1423 Acc 0.9793 AUC 0.9986 Pre 0.9791 Rec 0.9792
2026-08-30 01:07:34 | Diag logvar_q_mean=0.0000 logvar_q_clamp=0.0000 kappa_log10=6.3304
2026-08-30 01:07:38 | Epoch 291/400 | Train Loss 1.6865 Acc 0.9997 | Val Loss 6.2379 Acc 0.9791 AUC 0.9983 Pre 0.9789 Rec 0.9790
2026-08-30 01:07:38 | Diag logvar_q_mean=0.0000 logvar_q_clamp=0.0000 kappa_log10=6.5848
2026-08-30 01:07:41 | Epoch 292/400 | Train Loss 1.6674 Acc 0.9998 | Val Loss 6.3149 Acc 0.9789 AUC 0.9982 Pre 0.9786 Rec 0.9787
2026-08-30 01:07:42 | Diag logvar_q_mean=0.0000 logvar_q_clamp=0.0000 kappa_log10=6.6711
2026-08-30 01:07:45 | Epoch 293/400 | Train Loss 1.7014 Acc 0.9998 | Val Loss 6.3039 Acc 0.9788 AUC 0.9983 Pre 0.9786 Rec 0.9786
2026-08-30 01:07:46 | Diag logvar_q_mean=0.0000 logvar_q_clamp=0.0000 kappa_log10=6.5655
2026-08-30 01:07:49 | Epoch 294/400 | Train Loss 1.6930 Acc 0.9997 | Val Loss 5.9388 Acc 0.9790 AUC 0.9985 Pre 0.9788 Rec 0.9789
2026-08-30 01:07:50 | Diag logvar_q_mean=0.0000 logvar_q_clamp=0.0000 kappa_log10=6.4821
2026-08-30 01:07:53 | Epoch 295/400 | Train Loss 1.7082 Acc 0.9997 | Val Loss 6.1259 Acc 0.9785 AUC 0.9985 Pre 0.9783 Rec 0.9784
2026-08-30 01:07:53 | Diag logvar_q_mean=0.0000 logvar_q_clamp=0.0000 kappa_log10=6.7770
2026-08-30 01:07:57 | Epoch 296/400 | Train Loss 1.6965 Acc 0.9997 | Val Loss 6.3574 Acc 0.9788 AUC 0.9985 Pre 0.9785 Rec 0.9786
2026-08-30 01:07:57 | Diag logvar_q_mean=0.0000 logvar_q_clamp=0.0000 kappa_log10=6.3116
2026-08-30 01:08:00 | Epoch 297/400 | Train Loss 1.6808 Acc 0.9997 | Val Loss 6.1122 Acc 0.9784 AUC 0.9985 Pre 0.9782 Rec 0.9782
2026-08-30 01:08:01 | Diag logvar_q_mean=0.0000 logvar_q_clamp=0.0000 kappa_log10=6.6990
2026-08-30 01:08:04 | Epoch 298/400 | Train Loss 1.7401 Acc 0.9995 | Val Loss 6.5222 Acc 0.9778 AUC 0.9983 Pre 0.9776 Rec 0.9776
2026-08-30 01:08:05 | Diag logvar_q_mean=0.0000 logvar_q_clamp=0.0000 kappa_log10=6.4036
2026-08-30 01:08:08 | Epoch 299/400 | Train Loss 1.7375 Acc 0.9997 | Val Loss 6.3127 Acc 0.9780 AUC 0.9984 Pre 0.9778 Rec 0.9779
2026-08-30 01:08:08 | Diag logvar_q_mean=0.0000 logvar_q_clamp=0.0000 kappa_log10=6.1712
2026-08-30 01:08:12 | Epoch 300/400 | Train Loss 1.7753 Acc 0.9996 | Val Loss 6.1362 Acc 0.9783 AUC 0.9985 Pre 0.9782 Rec 0.9781
2026-08-30 01:08:12 | Diag logvar_q_mean=0.0000 logvar_q_clamp=0.0000 kappa_log10=6.1606
2026-08-30 01:08:15 | Epoch 301/400 | Train Loss 1.6850 Acc 0.9997 | Val Loss 6.1537 Acc 0.9776 AUC 0.9986 Pre 0.9775 Rec 0.9775
2026-08-30 01:08:16 | Diag logvar_q_mean=0.0000 logvar_q_clamp=0.0000 kappa_log10=6.2851
2026-08-30 01:08:19 | Epoch 302/400 | Train Loss 1.7064 Acc 0.9995 | Val Loss 6.3189 Acc 0.9782 AUC 0.9985 Pre 0.9781 Rec 0.9781
2026-08-30 01:08:20 | Diag logvar_q_mean=0.0000 logvar_q_clamp=0.0000 kappa_log10=6.3853
2026-08-30 01:08:23 | Epoch 303/400 | Train Loss 1.7158 Acc 0.9997 | Val Loss 6.0845 Acc 0.9779 AUC 0.9987 Pre 0.9777 Rec 0.9778
2026-08-30 01:08:24 | Diag logvar_q_mean=0.0000 logvar_q_clamp=0.0000 kappa_log10=6.2727
2026-08-30 01:08:27 | Epoch 304/400 | Train Loss 1.6534 Acc 0.9997 | Val Loss 6.2832 Acc 0.9791 AUC 0.9985 Pre 0.9790 Rec 0.9790
2026-08-30 01:08:27 | Diag logvar_q_mean=0.0000 logvar_q_clamp=0.0000 kappa_log10=6.7107
2026-08-30 01:08:31 | Epoch 305/400 | Train Loss 1.6734 Acc 0.9997 | Val Loss 6.2914 Acc 0.9788 AUC 0.9986 Pre 0.9785 Rec 0.9787
2026-08-30 01:08:31 | Diag logvar_q_mean=0.0000 logvar_q_clamp=0.0000 kappa_log10=7.7559
2026-08-30 01:08:35 | Epoch 306/400 | Train Loss 1.6985 Acc 0.9996 | Val Loss 6.5097 Acc 0.9791 AUC 0.9985 Pre 0.9789 Rec 0.9790
2026-08-30 01:08:35 | Diag logvar_q_mean=0.0000 logvar_q_clamp=0.0000 kappa_log10=6.3279
2026-08-30 01:08:39 | Epoch 307/400 | Train Loss 1.6949 Acc 0.9998 | Val Loss 6.4216 Acc 0.9778 AUC 0.9985 Pre 0.9776 Rec 0.9777
2026-08-30 01:08:39 | Diag logvar_q_mean=0.0000 logvar_q_clamp=0.0000 kappa_log10=6.7805
2026-08-30 01:08:42 | Epoch 308/400 | Train Loss 1.7057 Acc 0.9996 | Val Loss 6.1872 Acc 0.9794 AUC 0.9985 Pre 0.9792 Rec 0.9793
2026-08-30 01:08:43 | Diag logvar_q_mean=0.0000 logvar_q_clamp=0.0000 kappa_log10=7.2996
2026-08-30 01:08:46 | Epoch 309/400 | Train Loss 1.6895 Acc 0.9997 | Val Loss 6.3584 Acc 0.9787 AUC 0.9985 Pre 0.9786 Rec 0.9785
2026-08-30 01:08:47 | Diag logvar_q_mean=0.0000 logvar_q_clamp=0.0000 kappa_log10=6.2723
2026-08-30 01:08:50 | Epoch 310/400 | Train Loss 1.7622 Acc 0.9996 | Val Loss 6.3113 Acc 0.9782 AUC 0.9986 Pre 0.9780 Rec 0.9781
2026-08-30 01:08:51 | Diag logvar_q_mean=0.0000 logvar_q_clamp=0.0000 kappa_log10=6.9497
2026-08-30 01:08:54 | Epoch 311/400 | Train Loss 1.7451 Acc 0.9996 | Val Loss 6.2351 Acc 0.9786 AUC 0.9983 Pre 0.9785 Rec 0.9784
2026-08-30 01:08:54 | Diag logvar_q_mean=0.0000 logvar_q_clamp=0.0000 kappa_log10=6.2675
2026-08-30 01:08:58 | Epoch 312/400 | Train Loss 1.7119 Acc 0.9997 | Val Loss 6.3204 Acc 0.9796 AUC 0.9984 Pre 0.9795 Rec 0.9795
2026-08-30 01:08:58 | Diag logvar_q_mean=0.0000 logvar_q_clamp=0.0000 kappa_log10=6.7887
2026-08-30 01:09:02 | Epoch 313/400 | Train Loss 1.7153 Acc 0.9995 | Val Loss 6.1858 Acc 0.9789 AUC 0.9983 Pre 0.9787 Rec 0.9788
2026-08-30 01:09:02 | Diag logvar_q_mean=0.0000 logvar_q_clamp=0.0000 kappa_log10=6.2213
2026-08-30 01:09:05 | Epoch 314/400 | Train Loss 1.6698 Acc 0.9997 | Val Loss 6.4158 Acc 0.9786 AUC 0.9984 Pre 0.9784 Rec 0.9786
2026-08-30 01:09:06 | Diag logvar_q_mean=0.0000 logvar_q_clamp=0.0000 kappa_log10=6.4710
2026-08-30 01:09:09 | Epoch 315/400 | Train Loss 1.6464 Acc 0.9998 | Val Loss 6.3681 Acc 0.9785 AUC 0.9985 Pre 0.9784 Rec 0.9784
2026-08-30 01:09:10 | Diag logvar_q_mean=0.0000 logvar_q_clamp=0.0000 kappa_log10=6.7979
2026-08-30 01:09:13 | Epoch 316/400 | Train Loss 1.6882 Acc 0.9995 | Val Loss 6.4108 Acc 0.9782 AUC 0.9983 Pre 0.9780 Rec 0.9782
2026-08-30 01:09:13 | Diag logvar_q_mean=0.0000 logvar_q_clamp=0.0000 kappa_log10=6.6857
2026-08-30 01:09:17 | Epoch 317/400 | Train Loss 1.6853 Acc 0.9996 | Val Loss 6.3280 Acc 0.9786 AUC 0.9986 Pre 0.9784 Rec 0.9785
2026-08-30 01:09:17 | Diag logvar_q_mean=0.0000 logvar_q_clamp=0.0000 kappa_log10=7.2064
2026-08-30 01:09:20 | Epoch 318/400 | Train Loss 1.6940 Acc 0.9997 | Val Loss 6.3040 Acc 0.9782 AUC 0.9985 Pre 0.9780 Rec 0.9781
2026-08-30 01:09:21 | Diag logvar_q_mean=0.0000 logvar_q_clamp=0.0000 kappa_log10=6.8504
2026-08-30 01:09:24 | Epoch 319/400 | Train Loss 1.6371 Acc 0.9997 | Val Loss 6.1685 Acc 0.9795 AUC 0.9987 Pre 0.9793 Rec 0.9794
2026-08-30 01:09:25 | Diag logvar_q_mean=0.0000 logvar_q_clamp=0.0000 kappa_log10=6.8098
2026-08-30 01:09:28 | Epoch 320/400 | Train Loss 1.6633 Acc 0.9996 | Val Loss 6.1933 Acc 0.9777 AUC 0.9984 Pre 0.9775 Rec 0.9777
2026-08-30 01:09:28 | Diag logvar_q_mean=0.0000 logvar_q_clamp=0.0000 kappa_log10=6.4007
2026-08-30 01:09:32 | Epoch 321/400 | Train Loss 1.7100 Acc 0.9996 | Val Loss 6.5024 Acc 0.9777 AUC 0.9985 Pre 0.9775 Rec 0.9777
2026-08-30 01:09:32 | Diag logvar_q_mean=0.0000 logvar_q_clamp=0.0000 kappa_log10=6.5388
2026-08-30 01:09:36 | Epoch 322/400 | Train Loss 1.7175 Acc 0.9998 | Val Loss 6.7108 Acc 0.9765 AUC 0.9985 Pre 0.9764 Rec 0.9765
2026-08-30 01:09:36 | Diag logvar_q_mean=0.0000 logvar_q_clamp=0.0000 kappa_log10=6.4327
2026-08-30 01:09:39 | Epoch 323/400 | Train Loss 1.6774 Acc 0.9997 | Val Loss 6.3662 Acc 0.9779 AUC 0.9986 Pre 0.9776 Rec 0.9778
2026-08-30 01:09:40 | Diag logvar_q_mean=0.0000 logvar_q_clamp=0.0000 kappa_log10=6.5234
2026-08-30 01:09:43 | Epoch 324/400 | Train Loss 1.6592 Acc 0.9996 | Val Loss 6.3973 Acc 0.9772 AUC 0.9985 Pre 0.9770 Rec 0.9771
2026-08-30 01:09:44 | Diag logvar_q_mean=0.0000 logvar_q_clamp=0.0000 kappa_log10=7.4076
2026-08-30 01:09:47 | Epoch 325/400 | Train Loss 1.7097 Acc 0.9996 | Val Loss 6.4604 Acc 0.9784 AUC 0.9986 Pre 0.9781 Rec 0.9784
2026-08-30 01:09:47 | Diag logvar_q_mean=0.0000 logvar_q_clamp=0.0000 kappa_log10=7.4065
2026-08-30 01:09:51 | Epoch 326/400 | Train Loss 1.7193 Acc 0.9996 | Val Loss 6.1588 Acc 0.9800 AUC 0.9988 Pre 0.9799 Rec 0.9799
2026-08-30 01:09:51 | Diag logvar_q_mean=0.0000 logvar_q_clamp=0.0000 kappa_log10=6.3132
2026-08-30 01:09:54 | Epoch 327/400 | Train Loss 1.6684 Acc 0.9995 | Val Loss 6.3271 Acc 0.9781 AUC 0.9986 Pre 0.9779 Rec 0.9781
2026-08-30 01:09:55 | Diag logvar_q_mean=0.0000 logvar_q_clamp=0.0000 kappa_log10=6.4107
2026-08-30 01:09:58 | Epoch 328/400 | Train Loss 1.6855 Acc 0.9995 | Val Loss 6.4102 Acc 0.9773 AUC 0.9987 Pre 0.9772 Rec 0.9772
2026-08-30 01:09:59 | Diag logvar_q_mean=0.0000 logvar_q_clamp=0.0000 kappa_log10=6.3466
2026-08-30 01:10:02 | Epoch 329/400 | Train Loss 1.6671 Acc 0.9997 | Val Loss 6.2222 Acc 0.9772 AUC 0.9989 Pre 0.9771 Rec 0.9771
2026-08-30 01:10:02 | Diag logvar_q_mean=0.0000 logvar_q_clamp=0.0000 kappa_log10=6.2806
2026-08-30 01:10:06 | Epoch 330/400 | Train Loss 1.6793 Acc 0.9996 | Val Loss 6.4926 Acc 0.9778 AUC 0.9988 Pre 0.9777 Rec 0.9777
2026-08-30 01:10:06 | Diag logvar_q_mean=0.0000 logvar_q_clamp=0.0000 kappa_log10=6.8599
2026-08-30 01:10:10 | Epoch 331/400 | Train Loss 1.6523 Acc 0.9997 | Val Loss 6.1306 Acc 0.9779 AUC 0.9986 Pre 0.9777 Rec 0.9778
2026-08-30 01:10:10 | Diag logvar_q_mean=0.0000 logvar_q_clamp=0.0000 kappa_log10=6.1417
2026-08-30 01:10:13 | Epoch 332/400 | Train Loss 1.6897 Acc 0.9995 | Val Loss 6.1033 Acc 0.9786 AUC 0.9987 Pre 0.9785 Rec 0.9785
2026-08-30 01:10:14 | Diag logvar_q_mean=0.0000 logvar_q_clamp=0.0000 kappa_log10=6.4522
2026-08-30 01:10:17 | Epoch 333/400 | Train Loss 1.6668 Acc 0.9995 | Val Loss 6.3741 Acc 0.9778 AUC 0.9986 Pre 0.9777 Rec 0.9777
2026-08-30 01:10:18 | Diag logvar_q_mean=0.0000 logvar_q_clamp=0.0000 kappa_log10=6.3283
2026-08-30 01:10:21 | Epoch 334/400 | Train Loss 1.6640 Acc 0.9996 | Val Loss 6.5224 Acc 0.9784 AUC 0.9985 Pre 0.9783 Rec 0.9783
2026-08-30 01:10:21 | Diag logvar_q_mean=0.0000 logvar_q_clamp=0.0000 kappa_log10=6.5460
2026-08-30 01:10:25 | Epoch 335/400 | Train Loss 1.6834 Acc 0.9997 | Val Loss 6.5335 Acc 0.9781 AUC 0.9986 Pre 0.9779 Rec 0.9780
2026-08-30 01:10:25 | Diag logvar_q_mean=0.0000 logvar_q_clamp=0.0000 kappa_log10=6.4393
2026-08-30 01:10:29 | Epoch 336/400 | Train Loss 1.6478 Acc 0.9997 | Val Loss 6.4992 Acc 0.9780 AUC 0.9984 Pre 0.9779 Rec 0.9778
2026-08-30 01:10:29 | Diag logvar_q_mean=0.0000 logvar_q_clamp=0.0000 kappa_log10=6.2788
2026-08-30 01:10:33 | Epoch 337/400 | Train Loss 1.6759 Acc 0.9998 | Val Loss 6.4934 Acc 0.9783 AUC 0.9984 Pre 0.9784 Rec 0.9781
2026-08-30 01:10:33 | Diag logvar_q_mean=0.0000 logvar_q_clamp=0.0000 kappa_log10=6.3299
2026-08-30 01:10:36 | Epoch 338/400 | Train Loss 1.6391 Acc 0.9997 | Val Loss 6.4621 Acc 0.9786 AUC 0.9985 Pre 0.9786 Rec 0.9784
2026-08-30 01:10:37 | Diag logvar_q_mean=0.0000 logvar_q_clamp=0.0000 kappa_log10=6.4081
2026-08-30 01:10:40 | Epoch 339/400 | Train Loss 1.6310 Acc 0.9996 | Val Loss 6.3975 Acc 0.9780 AUC 0.9983 Pre 0.9780 Rec 0.9778
2026-08-30 01:10:41 | Diag logvar_q_mean=0.0000 logvar_q_clamp=0.0000 kappa_log10=6.9972
2026-08-30 01:10:44 | Epoch 340/400 | Train Loss 1.6151 Acc 0.9997 | Val Loss 6.3849 Acc 0.9770 AUC 0.9984 Pre 0.9768 Rec 0.9768
2026-08-30 01:10:44 | Diag logvar_q_mean=0.0000 logvar_q_clamp=0.0000 kappa_log10=6.4351
2026-08-30 01:10:48 | Epoch 341/400 | Train Loss 1.6327 Acc 0.9995 | Val Loss 6.5131 Acc 0.9777 AUC 0.9984 Pre 0.9777 Rec 0.9775
2026-08-30 01:10:48 | Diag logvar_q_mean=0.0000 logvar_q_clamp=0.0000 kappa_log10=7.1193
2026-08-30 01:10:52 | Epoch 342/400 | Train Loss 1.6862 Acc 0.9995 | Val Loss 6.3749 Acc 0.9773 AUC 0.9987 Pre 0.9772 Rec 0.9771
2026-08-30 01:10:52 | Diag logvar_q_mean=0.0000 logvar_q_clamp=0.0000 kappa_log10=6.0921
2026-08-30 01:10:55 | Epoch 343/400 | Train Loss 1.6554 Acc 0.9997 | Val Loss 6.2682 Acc 0.9767 AUC 0.9985 Pre 0.9767 Rec 0.9764
2026-08-30 01:10:56 | Diag logvar_q_mean=0.0000 logvar_q_clamp=0.0000 kappa_log10=6.5095
2026-08-30 01:10:59 | Epoch 344/400 | Train Loss 1.7147 Acc 0.9996 | Val Loss 6.5200 Acc 0.9763 AUC 0.9984 Pre 0.9763 Rec 0.9760
2026-08-30 01:11:00 | Diag logvar_q_mean=0.0000 logvar_q_clamp=0.0000 kappa_log10=6.3668
2026-08-30 01:11:03 | Epoch 345/400 | Train Loss 1.7166 Acc 0.9996 | Val Loss 6.3090 Acc 0.9779 AUC 0.9985 Pre 0.9778 Rec 0.9778
2026-08-30 01:11:04 | Diag logvar_q_mean=0.0000 logvar_q_clamp=0.0000 kappa_log10=6.2913
2026-08-30 01:11:07 | Epoch 346/400 | Train Loss 1.6613 Acc 0.9998 | Val Loss 6.2430 Acc 0.9767 AUC 0.9987 Pre 0.9767 Rec 0.9764
2026-08-30 01:11:07 | Diag logvar_q_mean=0.0000 logvar_q_clamp=0.0000 kappa_log10=6.4390
2026-08-30 01:11:11 | Epoch 347/400 | Train Loss 1.6810 Acc 0.9996 | Val Loss 6.3950 Acc 0.9771 AUC 0.9988 Pre 0.9771 Rec 0.9769
2026-08-30 01:11:11 | Diag logvar_q_mean=0.0000 logvar_q_clamp=0.0000 kappa_log10=7.0300
2026-08-30 01:11:14 | Epoch 348/400 | Train Loss 1.6598 Acc 0.9996 | Val Loss 6.1725 Acc 0.9789 AUC 0.9986 Pre 0.9788 Rec 0.9787
2026-08-30 01:11:15 | Diag logvar_q_mean=0.0000 logvar_q_clamp=0.0000 kappa_log10=6.3229
2026-08-30 01:11:18 | Epoch 349/400 | Train Loss 1.6951 Acc 0.9996 | Val Loss 6.3861 Acc 0.9771 AUC 0.9985 Pre 0.9771 Rec 0.9770
2026-08-30 01:11:19 | Diag logvar_q_mean=0.0000 logvar_q_clamp=0.0000 kappa_log10=6.7897
2026-08-30 01:11:22 | Epoch 350/400 | Train Loss 1.6141 Acc 0.9998 | Val Loss 6.2819 Acc 0.9784 AUC 0.9986 Pre 0.9783 Rec 0.9783
2026-08-30 01:11:22 | Diag logvar_q_mean=0.0000 logvar_q_clamp=0.0000 kappa_log10=6.4242
2026-08-30 01:11:26 | Epoch 351/400 | Train Loss 1.6801 Acc 0.9997 | Val Loss 6.5955 Acc 0.9769 AUC 0.9985 Pre 0.9770 Rec 0.9767
2026-08-30 01:11:26 | Diag logvar_q_mean=0.0000 logvar_q_clamp=0.0000 kappa_log10=6.8545
2026-08-30 01:11:30 | Epoch 352/400 | Train Loss 1.6392 Acc 0.9998 | Val Loss 6.3800 Acc 0.9790 AUC 0.9985 Pre 0.9789 Rec 0.9788
2026-08-30 01:11:30 | Diag logvar_q_mean=0.0000 logvar_q_clamp=0.0000 kappa_log10=6.8567
2026-08-30 01:11:33 | Epoch 353/400 | Train Loss 1.6338 Acc 0.9998 | Val Loss 6.4546 Acc 0.9780 AUC 0.9987 Pre 0.9779 Rec 0.9779
2026-08-30 01:11:34 | Diag logvar_q_mean=0.0000 logvar_q_clamp=0.0000 kappa_log10=6.4413
2026-08-30 01:11:37 | Epoch 354/400 | Train Loss 1.6942 Acc 0.9996 | Val Loss 6.3878 Acc 0.9783 AUC 0.9986 Pre 0.9783 Rec 0.9781
2026-08-30 01:11:38 | Diag logvar_q_mean=0.0000 logvar_q_clamp=0.0000 kappa_log10=6.3216
2026-08-30 01:11:41 | Epoch 355/400 | Train Loss 1.6281 Acc 0.9997 | Val Loss 6.4404 Acc 0.9786 AUC 0.9986 Pre 0.9785 Rec 0.9784
2026-08-30 01:11:41 | Diag logvar_q_mean=0.0000 logvar_q_clamp=0.0000 kappa_log10=6.3269
2026-08-30 01:11:45 | Epoch 356/400 | Train Loss 1.6485 Acc 0.9997 | Val Loss 6.5183 Acc 0.9780 AUC 0.9985 Pre 0.9780 Rec 0.9779
2026-08-30 01:11:45 | Diag logvar_q_mean=0.0000 logvar_q_clamp=0.0000 kappa_log10=7.8967
2026-08-30 01:11:49 | Epoch 357/400 | Train Loss 1.7296 Acc 0.9994 | Val Loss 6.5464 Acc 0.9772 AUC 0.9985 Pre 0.9771 Rec 0.9770
2026-08-30 01:11:49 | Diag logvar_q_mean=0.0000 logvar_q_clamp=0.0000 kappa_log10=7.4772
2026-08-30 01:11:52 | Epoch 358/400 | Train Loss 1.6898 Acc 0.9996 | Val Loss 6.6751 Acc 0.9765 AUC 0.9983 Pre 0.9764 Rec 0.9764
2026-08-30 01:11:53 | Diag logvar_q_mean=0.0000 logvar_q_clamp=0.0000 kappa_log10=6.3978
2026-08-30 01:11:56 | Epoch 359/400 | Train Loss 1.6088 Acc 0.9997 | Val Loss 6.7670 Acc 0.9765 AUC 0.9983 Pre 0.9765 Rec 0.9763
2026-08-30 01:11:57 | Diag logvar_q_mean=0.0000 logvar_q_clamp=0.0000 kappa_log10=6.7443
2026-08-30 01:12:00 | Epoch 360/400 | Train Loss 1.6613 Acc 0.9995 | Val Loss 6.4746 Acc 0.9769 AUC 0.9985 Pre 0.9769 Rec 0.9766
2026-08-30 01:12:00 | Diag logvar_q_mean=0.0000 logvar_q_clamp=0.0000 kappa_log10=6.2562
2026-08-30 01:12:04 | Epoch 361/400 | Train Loss 1.6982 Acc 0.9996 | Val Loss 6.6883 Acc 0.9769 AUC 0.9985 Pre 0.9769 Rec 0.9767
2026-08-30 01:12:04 | Diag logvar_q_mean=0.0000 logvar_q_clamp=0.0000 kappa_log10=6.6459
2026-08-30 01:12:08 | Epoch 362/400 | Train Loss 1.6593 Acc 0.9997 | Val Loss 6.6131 Acc 0.9770 AUC 0.9986 Pre 0.9772 Rec 0.9769
2026-08-30 01:12:08 | Diag logvar_q_mean=0.0000 logvar_q_clamp=0.0000 kappa_log10=6.9390
2026-08-30 01:12:11 | Epoch 363/400 | Train Loss 1.7471 Acc 0.9995 | Val Loss 6.4265 Acc 0.9772 AUC 0.9986 Pre 0.9775 Rec 0.9770
2026-08-30 01:12:12 | Diag logvar_q_mean=0.0000 logvar_q_clamp=0.0000 kappa_log10=7.9213
2026-08-30 01:12:15 | Epoch 364/400 | Train Loss 1.7441 Acc 0.9995 | Val Loss 6.3022 Acc 0.9771 AUC 0.9986 Pre 0.9772 Rec 0.9769
2026-08-30 01:12:16 | Diag logvar_q_mean=0.0000 logvar_q_clamp=0.0000 kappa_log10=6.1661
2026-08-30 01:12:19 | Epoch 365/400 | Train Loss 1.6984 Acc 0.9996 | Val Loss 6.5648 Acc 0.9767 AUC 0.9984 Pre 0.9766 Rec 0.9766
2026-08-30 01:12:19 | Diag logvar_q_mean=0.0000 logvar_q_clamp=0.0000 kappa_log10=7.0451
2026-08-30 01:12:23 | Epoch 366/400 | Train Loss 1.6294 Acc 0.9997 | Val Loss 6.3803 Acc 0.9776 AUC 0.9985 Pre 0.9777 Rec 0.9775
2026-08-30 01:12:23 | Diag logvar_q_mean=0.0000 logvar_q_clamp=0.0000 kappa_log10=6.8916
2026-08-30 01:12:27 | Epoch 367/400 | Train Loss 1.5695 Acc 0.9997 | Val Loss 6.2651 Acc 0.9768 AUC 0.9984 Pre 0.9769 Rec 0.9767
2026-08-30 01:12:27 | Diag logvar_q_mean=0.0000 logvar_q_clamp=0.0000 kappa_log10=6.8413
2026-08-30 01:12:30 | Epoch 368/400 | Train Loss 1.6688 Acc 0.9995 | Val Loss 6.2275 Acc 0.9765 AUC 0.9984 Pre 0.9764 Rec 0.9763
2026-08-30 01:12:31 | Diag logvar_q_mean=0.0000 logvar_q_clamp=0.0000 kappa_log10=6.3638
2026-08-30 01:12:34 | Epoch 369/400 | Train Loss 1.6643 Acc 0.9997 | Val Loss 6.4286 Acc 0.9762 AUC 0.9984 Pre 0.9762 Rec 0.9761
2026-08-30 01:12:35 | Diag logvar_q_mean=0.0000 logvar_q_clamp=0.0000 kappa_log10=6.5175
2026-08-30 01:12:38 | Epoch 370/400 | Train Loss 1.6824 Acc 0.9996 | Val Loss 6.6741 Acc 0.9746 AUC 0.9986 Pre 0.9747 Rec 0.9745
2026-08-30 01:12:39 | Diag logvar_q_mean=0.0000 logvar_q_clamp=0.0000 kappa_log10=6.9429
2026-08-30 01:12:42 | Epoch 371/400 | Train Loss 1.6317 Acc 0.9995 | Val Loss 6.5564 Acc 0.9764 AUC 0.9985 Pre 0.9764 Rec 0.9763
2026-08-30 01:12:43 | Diag logvar_q_mean=0.0000 logvar_q_clamp=0.0000 kappa_log10=6.2074
2026-08-30 01:12:46 | Epoch 372/400 | Train Loss 1.6422 Acc 0.9997 | Val Loss 6.7024 Acc 0.9765 AUC 0.9984 Pre 0.9766 Rec 0.9763
2026-08-30 01:12:46 | Diag logvar_q_mean=0.0000 logvar_q_clamp=0.0000 kappa_log10=8.0956
2026-08-30 01:12:50 | Epoch 373/400 | Train Loss 1.6791 Acc 0.9996 | Val Loss 6.3949 Acc 0.9780 AUC 0.9985 Pre 0.9780 Rec 0.9779
2026-08-30 01:12:50 | Diag logvar_q_mean=0.0000 logvar_q_clamp=0.0000 kappa_log10=6.8227
2026-08-30 01:12:53 | Epoch 374/400 | Train Loss 1.5959 Acc 0.9997 | Val Loss 6.2329 Acc 0.9787 AUC 0.9986 Pre 0.9786 Rec 0.9786
2026-08-30 01:12:54 | Diag logvar_q_mean=0.0000 logvar_q_clamp=0.0000 kappa_log10=6.9397
2026-08-30 01:12:57 | Epoch 375/400 | Train Loss 1.6393 Acc 0.9996 | Val Loss 6.5471 Acc 0.9774 AUC 0.9984 Pre 0.9774 Rec 0.9772
2026-08-30 01:12:58 | Diag logvar_q_mean=0.0000 logvar_q_clamp=0.0000 kappa_log10=6.6812
2026-08-30 01:13:01 | Epoch 376/400 | Train Loss 1.6712 Acc 0.9996 | Val Loss 6.5202 Acc 0.9772 AUC 0.9983 Pre 0.9773 Rec 0.9771
2026-08-30 01:13:02 | Diag logvar_q_mean=0.0000 logvar_q_clamp=0.0000 kappa_log10=6.8058
2026-08-30 01:13:05 | Epoch 377/400 | Train Loss 1.6433 Acc 0.9995 | Val Loss 6.4641 Acc 0.9768 AUC 0.9985 Pre 0.9767 Rec 0.9766
2026-08-30 01:13:05 | Diag logvar_q_mean=0.0000 logvar_q_clamp=0.0000 kappa_log10=6.2161
2026-08-30 01:13:09 | Epoch 378/400 | Train Loss 1.6882 Acc 0.9997 | Val Loss 6.7259 Acc 0.9779 AUC 0.9983 Pre 0.9778 Rec 0.9778
2026-08-30 01:13:09 | Diag logvar_q_mean=0.0000 logvar_q_clamp=0.0000 kappa_log10=7.2674
2026-08-30 01:13:12 | Epoch 379/400 | Train Loss 1.6580 Acc 0.9995 | Val Loss 6.4609 Acc 0.9772 AUC 0.9984 Pre 0.9772 Rec 0.9770
2026-08-30 01:13:13 | Diag logvar_q_mean=0.0000 logvar_q_clamp=0.0000 kappa_log10=6.5244
2026-08-30 01:13:16 | Epoch 380/400 | Train Loss 1.6894 Acc 0.9996 | Val Loss 6.7259 Acc 0.9770 AUC 0.9983 Pre 0.9771 Rec 0.9769
2026-08-30 01:13:17 | Diag logvar_q_mean=0.0000 logvar_q_clamp=0.0000 kappa_log10=6.7739
2026-08-30 01:13:20 | Epoch 381/400 | Train Loss 1.6776 Acc 0.9997 | Val Loss 6.4378 Acc 0.9781 AUC 0.9984 Pre 0.9782 Rec 0.9779
2026-08-30 01:13:20 | Diag logvar_q_mean=0.0000 logvar_q_clamp=0.0000 kappa_log10=6.3298
2026-08-30 01:13:24 | Epoch 382/400 | Train Loss 1.6439 Acc 0.9997 | Val Loss 6.4084 Acc 0.9775 AUC 0.9982 Pre 0.9775 Rec 0.9773
2026-08-30 01:13:24 | Diag logvar_q_mean=0.0000 logvar_q_clamp=0.0000 kappa_log10=6.4870
2026-08-30 01:13:28 | Epoch 383/400 | Train Loss 1.6133 Acc 0.9997 | Val Loss 6.6047 Acc 0.9773 AUC 0.9982 Pre 0.9774 Rec 0.9771
2026-08-30 01:13:28 | Diag logvar_q_mean=0.0000 logvar_q_clamp=0.0000 kappa_log10=6.3944
2026-08-30 01:13:31 | Epoch 384/400 | Train Loss 1.6850 Acc 0.9997 | Val Loss 6.5819 Acc 0.9764 AUC 0.9984 Pre 0.9763 Rec 0.9761
2026-08-30 01:13:32 | Diag logvar_q_mean=0.0000 logvar_q_clamp=0.0000 kappa_log10=7.1424
2026-08-30 01:13:35 | Epoch 385/400 | Train Loss 1.6556 Acc 0.9996 | Val Loss 6.8242 Acc 0.9765 AUC 0.9982 Pre 0.9764 Rec 0.9763
2026-08-30 01:13:36 | Diag logvar_q_mean=0.0000 logvar_q_clamp=0.0000 kappa_log10=6.0631
2026-08-30 01:13:39 | Epoch 386/400 | Train Loss 1.6438 Acc 0.9997 | Val Loss 6.4523 Acc 0.9767 AUC 0.9982 Pre 0.9766 Rec 0.9766
2026-08-30 01:13:39 | Diag logvar_q_mean=0.0000 logvar_q_clamp=0.0000 kappa_log10=9.2692
2026-08-30 01:13:43 | Epoch 387/400 | Train Loss 1.6588 Acc 0.9996 | Val Loss 6.4912 Acc 0.9784 AUC 0.9984 Pre 0.9784 Rec 0.9784
2026-08-30 01:13:43 | Diag logvar_q_mean=0.0000 logvar_q_clamp=0.0000 kappa_log10=6.4494
2026-08-30 01:13:47 | Epoch 388/400 | Train Loss 1.6830 Acc 0.9997 | Val Loss 6.6062 Acc 0.9768 AUC 0.9982 Pre 0.9768 Rec 0.9766
2026-08-30 01:13:47 | Diag logvar_q_mean=0.0000 logvar_q_clamp=0.0000 kappa_log10=6.8279
2026-08-30 01:13:50 | Epoch 389/400 | Train Loss 1.6352 Acc 0.9996 | Val Loss 6.3369 Acc 0.9779 AUC 0.9984 Pre 0.9778 Rec 0.9778
2026-08-30 01:13:51 | Diag logvar_q_mean=0.0000 logvar_q_clamp=0.0000 kappa_log10=7.3583
2026-08-30 01:13:54 | Epoch 390/400 | Train Loss 1.6269 Acc 0.9997 | Val Loss 6.5483 Acc 0.9771 AUC 0.9984 Pre 0.9772 Rec 0.9770
2026-08-30 01:13:55 | Diag logvar_q_mean=0.0000 logvar_q_clamp=0.0000 kappa_log10=6.5977
2026-08-30 01:13:58 | Epoch 391/400 | Train Loss 1.6948 Acc 0.9995 | Val Loss 6.7634 Acc 0.9766 AUC 0.9982 Pre 0.9767 Rec 0.9764
2026-08-30 01:13:58 | Diag logvar_q_mean=0.0000 logvar_q_clamp=0.0000 kappa_log10=6.4263
2026-08-30 01:14:02 | Epoch 392/400 | Train Loss 1.6683 Acc 0.9996 | Val Loss 6.6022 Acc 0.9768 AUC 0.9984 Pre 0.9767 Rec 0.9766
2026-08-30 01:14:02 | Diag logvar_q_mean=0.0000 logvar_q_clamp=0.0000 kappa_log10=6.9714
2026-08-30 01:14:05 | Epoch 393/400 | Train Loss 1.6416 Acc 0.9997 | Val Loss 6.5248 Acc 0.9765 AUC 0.9983 Pre 0.9764 Rec 0.9764
2026-08-30 01:14:06 | Diag logvar_q_mean=0.0000 logvar_q_clamp=0.0000 kappa_log10=6.6159
2026-08-30 01:14:09 | Epoch 394/400 | Train Loss 1.6989 Acc 0.9996 | Val Loss 6.5805 Acc 0.9775 AUC 0.9985 Pre 0.9774 Rec 0.9773
2026-08-30 01:14:10 | Diag logvar_q_mean=0.0000 logvar_q_clamp=0.0000 kappa_log10=6.3613
2026-08-30 01:14:13 | Epoch 395/400 | Train Loss 1.6350 Acc 0.9997 | Val Loss 6.7066 Acc 0.9767 AUC 0.9984 Pre 0.9766 Rec 0.9765
2026-08-30 01:14:14 | Diag logvar_q_mean=0.0000 logvar_q_clamp=0.0000 kappa_log10=6.9086
2026-08-30 01:14:17 | Epoch 396/400 | Train Loss 1.6490 Acc 0.9997 | Val Loss 6.8800 Acc 0.9765 AUC 0.9983 Pre 0.9766 Rec 0.9763
2026-08-30 01:14:18 | Diag logvar_q_mean=0.0000 logvar_q_clamp=0.0000 kappa_log10=6.1670
2026-08-30 01:14:21 | Epoch 397/400 | Train Loss 1.6577 Acc 0.9996 | Val Loss 6.3394 Acc 0.9766 AUC 0.9985 Pre 0.9766 Rec 0.9764
2026-08-30 01:14:22 | Diag logvar_q_mean=0.0000 logvar_q_clamp=0.0000 kappa_log10=6.7158
2026-08-30 01:14:25 | Epoch 398/400 | Train Loss 1.6367 Acc 0.9997 | Val Loss 6.6452 Acc 0.9771 AUC 0.9985 Pre 0.9770 Rec 0.9769
2026-08-30 01:14:26 | Diag logvar_q_mean=0.0000 logvar_q_clamp=0.0000 kappa_log10=7.2277
2026-08-30 01:14:29 | Epoch 399/400 | Train Loss 1.6207 Acc 0.9997 | Val Loss 6.6410 Acc 0.9777 AUC 0.9984 Pre 0.9775 Rec 0.9776
2026-08-30 01:14:29 | Diag logvar_q_mean=0.0000 logvar_q_clamp=0.0000 kappa_log10=6.7604
2026-08-30 01:14:33 | Epoch 400/400 | Train Loss 1.6254 Acc 0.9997 | Val Loss 6.5829 Acc 0.9770 AUC 0.9983 Pre 0.9769 Rec 0.9769
2026-08-30 01:14:33 | Diag logvar_q_mean=0.0000 logvar_q_clamp=0.0000 kappa_log10=6.3353
2026-08-30 01:14:34 | Run 2/5 | Test (best model @ Epoch 23) | Loss 4.6750 Acc 0.9847 AUC 0.9997 Pre 0.9846 Rec 0.9847
2026-08-30 01:14:34 | ===== Run 3/5 (seed 2) =====
2026-08-30 01:14:37 | Epoch   1/400 | Train Loss 44.2951 Acc 0.8062 | Val Loss 14.8264 Acc 0.9517 AUC 0.9975 Pre 0.9513 Rec 0.9513
2026-08-30 01:14:38 | Diag logvar_q_mean=0.0000 logvar_q_clamp=0.0000 kappa_log10=3.2876
2026-08-30 01:14:38 |   Val AUC improved to 0.9975, model saved
2026-08-30 01:14:41 | Epoch   2/400 | Train Loss 15.0104 Acc 0.9645 | Val Loss 9.8656 Acc 0.9678 AUC 0.9989 Pre 0.9675 Rec 0.9675
2026-08-30 01:14:42 | Diag logvar_q_mean=0.0000 logvar_q_clamp=0.0000 kappa_log10=4.8490
2026-08-30 01:14:42 |   Val AUC improved to 0.9989, model saved
2026-08-30 01:14:45 | Epoch   3/400 | Train Loss 11.1242 Acc 0.9767 | Val Loss 7.9065 Acc 0.9746 AUC 0.9992 Pre 0.9746 Rec 0.9742
2026-08-30 01:14:46 | Diag logvar_q_mean=0.0000 logvar_q_clamp=0.0000 kappa_log10=3.3971
2026-08-30 01:14:46 |   Val AUC improved to 0.9992, model saved
2026-08-30 01:14:49 | Epoch   4/400 | Train Loss 9.3359 Acc 0.9818 | Val Loss 7.0624 Acc 0.9782 AUC 0.9994 Pre 0.9781 Rec 0.9780
2026-08-30 01:14:49 | Diag logvar_q_mean=0.0000 logvar_q_clamp=0.0000 kappa_log10=4.3815
2026-08-30 01:14:49 |   Val AUC improved to 0.9994, model saved
2026-08-30 01:14:53 | Epoch   5/400 | Train Loss 8.1717 Acc 0.9857 | Val Loss 6.5187 Acc 0.9784 AUC 0.9995 Pre 0.9782 Rec 0.9782
2026-08-30 01:14:53 | Diag logvar_q_mean=0.0000 logvar_q_clamp=0.0000 kappa_log10=4.5630
2026-08-30 01:14:53 |   Val AUC improved to 0.9995, model saved
2026-08-30 01:14:57 | Epoch   6/400 | Train Loss 7.3584 Acc 0.9886 | Val Loss 6.1292 Acc 0.9805 AUC 0.9996 Pre 0.9803 Rec 0.9804
2026-08-30 01:14:57 | Diag logvar_q_mean=0.0000 logvar_q_clamp=0.0000 kappa_log10=4.0206
2026-08-30 01:14:57 |   Val AUC improved to 0.9996, model saved
2026-08-30 01:15:01 | Epoch   7/400 | Train Loss 6.6872 Acc 0.9903 | Val Loss 5.7779 Acc 0.9817 AUC 0.9996 Pre 0.9814 Rec 0.9816
2026-08-30 01:15:01 | Diag logvar_q_mean=0.0000 logvar_q_clamp=0.0000 kappa_log10=4.4227
2026-08-30 01:15:01 |   Val AUC improved to 0.9996, model saved
2026-08-30 01:15:04 | Epoch   8/400 | Train Loss 6.2306 Acc 0.9916 | Val Loss 5.6707 Acc 0.9813 AUC 0.9996 Pre 0.9812 Rec 0.9811
2026-08-30 01:15:05 | Diag logvar_q_mean=0.0000 logvar_q_clamp=0.0000 kappa_log10=4.4249
2026-08-30 01:15:05 |   Val AUC improved to 0.9996, model saved
2026-08-30 01:15:08 | Epoch   9/400 | Train Loss 5.8427 Acc 0.9933 | Val Loss 5.4914 Acc 0.9829 AUC 0.9997 Pre 0.9828 Rec 0.9827
2026-08-30 01:15:09 | Diag logvar_q_mean=0.0000 logvar_q_clamp=0.0000 kappa_log10=4.2722
2026-08-30 01:15:09 |   Val AUC improved to 0.9997, model saved
2026-08-30 01:15:12 | Epoch  10/400 | Train Loss 5.4521 Acc 0.9943 | Val Loss 5.5764 Acc 0.9838 AUC 0.9995 Pre 0.9837 Rec 0.9836
2026-08-30 01:15:13 | Diag logvar_q_mean=0.0000 logvar_q_clamp=0.0000 kappa_log10=4.8894
2026-08-30 01:15:16 | Epoch  11/400 | Train Loss 5.1617 Acc 0.9952 | Val Loss 5.1268 Acc 0.9829 AUC 0.9996 Pre 0.9826 Rec 0.9828
2026-08-30 01:15:16 | Diag logvar_q_mean=0.0000 logvar_q_clamp=0.0000 kappa_log10=5.0905
2026-08-30 01:15:20 | Epoch  12/400 | Train Loss 5.0029 Acc 0.9956 | Val Loss 5.2324 Acc 0.9828 AUC 0.9995 Pre 0.9825 Rec 0.9826
2026-08-30 01:15:20 | Diag logvar_q_mean=0.0000 logvar_q_clamp=0.0000 kappa_log10=5.1318
2026-08-30 01:15:23 | Epoch  13/400 | Train Loss 4.7556 Acc 0.9960 | Val Loss 5.0344 Acc 0.9825 AUC 0.9996 Pre 0.9822 Rec 0.9824
2026-08-30 01:15:24 | Diag logvar_q_mean=0.0000 logvar_q_clamp=0.0000 kappa_log10=5.9448
2026-08-30 01:15:27 | Epoch  14/400 | Train Loss 4.5763 Acc 0.9962 | Val Loss 5.0960 Acc 0.9832 AUC 0.9995 Pre 0.9832 Rec 0.9831
2026-08-30 01:15:28 | Diag logvar_q_mean=0.0000 logvar_q_clamp=0.0000 kappa_log10=5.7810
2026-08-30 01:15:31 | Epoch  15/400 | Train Loss 4.4500 Acc 0.9971 | Val Loss 5.1593 Acc 0.9829 AUC 0.9996 Pre 0.9828 Rec 0.9828
2026-08-30 01:15:31 | Diag logvar_q_mean=0.0000 logvar_q_clamp=0.0000 kappa_log10=5.5643
2026-08-30 01:15:35 | Epoch  16/400 | Train Loss 4.2309 Acc 0.9970 | Val Loss 5.1300 Acc 0.9833 AUC 0.9995 Pre 0.9832 Rec 0.9831
2026-08-30 01:15:35 | Diag logvar_q_mean=0.0000 logvar_q_clamp=0.0000 kappa_log10=5.2435
2026-08-30 01:15:39 | Epoch  17/400 | Train Loss 4.0826 Acc 0.9977 | Val Loss 4.8078 Acc 0.9833 AUC 0.9996 Pre 0.9832 Rec 0.9831
2026-08-30 01:15:39 | Diag logvar_q_mean=0.0000 logvar_q_clamp=0.0000 kappa_log10=5.7364
2026-08-30 01:15:42 | Epoch  18/400 | Train Loss 3.9693 Acc 0.9975 | Val Loss 4.7964 Acc 0.9832 AUC 0.9997 Pre 0.9830 Rec 0.9830
2026-08-30 01:15:43 | Diag logvar_q_mean=0.0000 logvar_q_clamp=0.0000 kappa_log10=6.2830
2026-08-30 01:15:46 | Epoch  19/400 | Train Loss 3.8440 Acc 0.9980 | Val Loss 4.9818 Acc 0.9829 AUC 0.9996 Pre 0.9828 Rec 0.9827
2026-08-30 01:15:47 | Diag logvar_q_mean=0.0000 logvar_q_clamp=0.0000 kappa_log10=5.6787
2026-08-30 01:15:50 | Epoch  20/400 | Train Loss 3.7259 Acc 0.9979 | Val Loss 4.8251 Acc 0.9832 AUC 0.9996 Pre 0.9830 Rec 0.9830
2026-08-30 01:15:51 | Diag logvar_q_mean=0.0000 logvar_q_clamp=0.0000 kappa_log10=5.8233
2026-08-30 01:15:54 | Epoch  21/400 | Train Loss 3.6570 Acc 0.9983 | Val Loss 4.8183 Acc 0.9834 AUC 0.9996 Pre 0.9832 Rec 0.9833
2026-08-30 01:15:55 | Diag logvar_q_mean=0.0000 logvar_q_clamp=0.0000 kappa_log10=5.7714
2026-08-30 01:15:58 | Epoch  22/400 | Train Loss 3.6463 Acc 0.9981 | Val Loss 5.1070 Acc 0.9825 AUC 0.9996 Pre 0.9823 Rec 0.9823
2026-08-30 01:15:59 | Diag logvar_q_mean=0.0000 logvar_q_clamp=0.0000 kappa_log10=6.5996
2026-08-30 01:16:02 | Epoch  23/400 | Train Loss 3.5300 Acc 0.9985 | Val Loss 4.9490 Acc 0.9825 AUC 0.9996 Pre 0.9823 Rec 0.9823
2026-08-30 01:16:02 | Diag logvar_q_mean=0.0000 logvar_q_clamp=0.0000 kappa_log10=6.2451
2026-08-30 01:16:06 | Epoch  24/400 | Train Loss 3.4084 Acc 0.9985 | Val Loss 4.7590 Acc 0.9836 AUC 0.9996 Pre 0.9834 Rec 0.9834
2026-08-30 01:16:06 | Diag logvar_q_mean=0.0000 logvar_q_clamp=0.0000 kappa_log10=5.2455
2026-08-30 01:16:10 | Epoch  25/400 | Train Loss 3.3808 Acc 0.9982 | Val Loss 4.7807 Acc 0.9829 AUC 0.9996 Pre 0.9827 Rec 0.9827
2026-08-30 01:16:10 | Diag logvar_q_mean=0.0000 logvar_q_clamp=0.0000 kappa_log10=5.6728
2026-08-30 01:16:13 | Epoch  26/400 | Train Loss 3.3106 Acc 0.9987 | Val Loss 4.6754 Acc 0.9832 AUC 0.9996 Pre 0.9830 Rec 0.9830
2026-08-30 01:16:14 | Diag logvar_q_mean=0.0000 logvar_q_clamp=0.0000 kappa_log10=5.4957
2026-08-30 01:16:17 | Epoch  27/400 | Train Loss 3.2291 Acc 0.9985 | Val Loss 4.6972 Acc 0.9837 AUC 0.9995 Pre 0.9836 Rec 0.9835
2026-08-30 01:16:18 | Diag logvar_q_mean=0.0000 logvar_q_clamp=0.0000 kappa_log10=5.7136
2026-08-30 01:16:21 | Epoch  28/400 | Train Loss 3.2330 Acc 0.9987 | Val Loss 5.0199 Acc 0.9816 AUC 0.9996 Pre 0.9814 Rec 0.9814
2026-08-30 01:16:22 | Diag logvar_q_mean=0.0000 logvar_q_clamp=0.0000 kappa_log10=6.3393
2026-08-30 01:16:25 | Epoch  29/400 | Train Loss 3.1957 Acc 0.9987 | Val Loss 4.9974 Acc 0.9834 AUC 0.9995 Pre 0.9833 Rec 0.9832
2026-08-30 01:16:26 | Diag logvar_q_mean=0.0000 logvar_q_clamp=0.0000 kappa_log10=6.7814
2026-08-30 01:16:29 | Epoch  30/400 | Train Loss 3.1270 Acc 0.9988 | Val Loss 5.0031 Acc 0.9823 AUC 0.9994 Pre 0.9821 Rec 0.9821
2026-08-30 01:16:30 | Diag logvar_q_mean=0.0000 logvar_q_clamp=0.0000 kappa_log10=6.0854
2026-08-30 01:16:33 | Epoch  31/400 | Train Loss 3.0721 Acc 0.9986 | Val Loss 4.8675 Acc 0.9830 AUC 0.9994 Pre 0.9829 Rec 0.9828
2026-08-30 01:16:33 | Diag logvar_q_mean=0.0000 logvar_q_clamp=0.0000 kappa_log10=5.4613
2026-08-30 01:16:37 | Epoch  32/400 | Train Loss 2.9716 Acc 0.9989 | Val Loss 4.7938 Acc 0.9830 AUC 0.9994 Pre 0.9829 Rec 0.9828
2026-08-30 01:16:37 | Diag logvar_q_mean=0.0000 logvar_q_clamp=0.0000 kappa_log10=5.5188
2026-08-30 01:16:41 | Epoch  33/400 | Train Loss 2.9633 Acc 0.9989 | Val Loss 4.8633 Acc 0.9829 AUC 0.9995 Pre 0.9828 Rec 0.9828
2026-08-30 01:16:41 | Diag logvar_q_mean=0.0000 logvar_q_clamp=0.0000 kappa_log10=6.5016
2026-08-30 01:16:44 | Epoch  34/400 | Train Loss 2.9372 Acc 0.9987 | Val Loss 4.9762 Acc 0.9825 AUC 0.9994 Pre 0.9823 Rec 0.9824
2026-08-30 01:16:45 | Diag logvar_q_mean=0.0000 logvar_q_clamp=0.0000 kappa_log10=5.7001
2026-08-30 01:16:48 | Epoch  35/400 | Train Loss 2.9679 Acc 0.9989 | Val Loss 4.8850 Acc 0.9833 AUC 0.9995 Pre 0.9832 Rec 0.9831
2026-08-30 01:16:49 | Diag logvar_q_mean=0.0000 logvar_q_clamp=0.0000 kappa_log10=6.6652
2026-08-30 01:16:52 | Epoch  36/400 | Train Loss 2.9210 Acc 0.9989 | Val Loss 4.7848 Acc 0.9837 AUC 0.9995 Pre 0.9835 Rec 0.9835
2026-08-30 01:16:52 | Diag logvar_q_mean=0.0000 logvar_q_clamp=0.0000 kappa_log10=5.8836
2026-08-30 01:16:56 | Epoch  37/400 | Train Loss 2.8681 Acc 0.9990 | Val Loss 4.9096 Acc 0.9828 AUC 0.9995 Pre 0.9826 Rec 0.9826
2026-08-30 01:16:56 | Diag logvar_q_mean=0.0000 logvar_q_clamp=0.0000 kappa_log10=6.3085
2026-08-30 01:16:59 | Epoch  38/400 | Train Loss 2.8545 Acc 0.9990 | Val Loss 4.9551 Acc 0.9829 AUC 0.9994 Pre 0.9828 Rec 0.9828
2026-08-30 01:17:00 | Diag logvar_q_mean=0.0000 logvar_q_clamp=0.0000 kappa_log10=5.8302
2026-08-30 01:17:03 | Epoch  39/400 | Train Loss 2.8343 Acc 0.9988 | Val Loss 4.8395 Acc 0.9831 AUC 0.9994 Pre 0.9830 Rec 0.9829
2026-08-30 01:17:04 | Diag logvar_q_mean=0.0000 logvar_q_clamp=0.0000 kappa_log10=6.0077
2026-08-30 01:17:07 | Epoch  40/400 | Train Loss 2.8380 Acc 0.9991 | Val Loss 4.9069 Acc 0.9826 AUC 0.9994 Pre 0.9825 Rec 0.9824
2026-08-30 01:17:08 | Diag logvar_q_mean=0.0000 logvar_q_clamp=0.0000 kappa_log10=6.1076
2026-08-30 01:17:11 | Epoch  41/400 | Train Loss 2.7926 Acc 0.9990 | Val Loss 5.1127 Acc 0.9815 AUC 0.9994 Pre 0.9813 Rec 0.9813
2026-08-30 01:17:11 | Diag logvar_q_mean=0.0000 logvar_q_clamp=0.0000 kappa_log10=6.2868
2026-08-30 01:17:15 | Epoch  42/400 | Train Loss 2.8376 Acc 0.9989 | Val Loss 5.0112 Acc 0.9825 AUC 0.9993 Pre 0.9823 Rec 0.9823
2026-08-30 01:17:15 | Diag logvar_q_mean=0.0000 logvar_q_clamp=0.0000 kappa_log10=6.6959
2026-08-30 01:17:18 | Epoch  43/400 | Train Loss 2.6650 Acc 0.9992 | Val Loss 4.8949 Acc 0.9827 AUC 0.9994 Pre 0.9825 Rec 0.9826
2026-08-30 01:17:19 | Diag logvar_q_mean=0.0000 logvar_q_clamp=0.0000 kappa_log10=6.3777
2026-08-30 01:17:22 | Epoch  44/400 | Train Loss 2.6882 Acc 0.9990 | Val Loss 5.0559 Acc 0.9814 AUC 0.9991 Pre 0.9813 Rec 0.9812
2026-08-30 01:17:23 | Diag logvar_q_mean=0.0000 logvar_q_clamp=0.0000 kappa_log10=5.8222
2026-08-30 01:17:26 | Epoch  45/400 | Train Loss 2.7182 Acc 0.9993 | Val Loss 5.1720 Acc 0.9821 AUC 0.9991 Pre 0.9820 Rec 0.9820
2026-08-30 01:17:27 | Diag logvar_q_mean=0.0000 logvar_q_clamp=0.0000 kappa_log10=5.6928
2026-08-30 01:17:30 | Epoch  46/400 | Train Loss 2.6646 Acc 0.9992 | Val Loss 4.8942 Acc 0.9833 AUC 0.9992 Pre 0.9832 Rec 0.9831
2026-08-30 01:17:31 | Diag logvar_q_mean=0.0000 logvar_q_clamp=0.0000 kappa_log10=6.1248
2026-08-30 01:17:34 | Epoch  47/400 | Train Loss 2.5759 Acc 0.9992 | Val Loss 5.0856 Acc 0.9822 AUC 0.9992 Pre 0.9820 Rec 0.9820
2026-08-30 01:17:34 | Diag logvar_q_mean=0.0000 logvar_q_clamp=0.0000 kappa_log10=6.4409
2026-08-30 01:17:38 | Epoch  48/400 | Train Loss 2.5721 Acc 0.9993 | Val Loss 4.9861 Acc 0.9826 AUC 0.9993 Pre 0.9824 Rec 0.9825
2026-08-30 01:17:38 | Diag logvar_q_mean=0.0000 logvar_q_clamp=0.0000 kappa_log10=6.2777
2026-08-30 01:17:41 | Epoch  49/400 | Train Loss 2.5995 Acc 0.9992 | Val Loss 4.8986 Acc 0.9828 AUC 0.9993 Pre 0.9826 Rec 0.9827
2026-08-30 01:17:42 | Diag logvar_q_mean=0.0000 logvar_q_clamp=0.0000 kappa_log10=7.0880
2026-08-30 01:17:45 | Epoch  50/400 | Train Loss 2.6003 Acc 0.9993 | Val Loss 4.8761 Acc 0.9823 AUC 0.9994 Pre 0.9823 Rec 0.9821
2026-08-30 01:17:46 | Diag logvar_q_mean=0.0000 logvar_q_clamp=0.0000 kappa_log10=6.5161
2026-08-30 01:17:49 | Epoch  51/400 | Train Loss 2.5987 Acc 0.9992 | Val Loss 5.1562 Acc 0.9833 AUC 0.9990 Pre 0.9832 Rec 0.9832
2026-08-30 01:17:50 | Diag logvar_q_mean=0.0000 logvar_q_clamp=0.0000 kappa_log10=6.7269
2026-08-30 01:17:53 | Epoch  52/400 | Train Loss 2.6012 Acc 0.9994 | Val Loss 5.1866 Acc 0.9819 AUC 0.9992 Pre 0.9818 Rec 0.9817
2026-08-30 01:17:54 | Diag logvar_q_mean=0.0000 logvar_q_clamp=0.0000 kappa_log10=6.0195
2026-08-30 01:17:57 | Epoch  53/400 | Train Loss 2.5044 Acc 0.9994 | Val Loss 5.2333 Acc 0.9816 AUC 0.9992 Pre 0.9814 Rec 0.9814
2026-08-30 01:17:57 | Diag logvar_q_mean=0.0000 logvar_q_clamp=0.0000 kappa_log10=5.8953
2026-08-30 01:18:01 | Epoch  54/400 | Train Loss 2.5738 Acc 0.9994 | Val Loss 5.0916 Acc 0.9819 AUC 0.9990 Pre 0.9819 Rec 0.9817
2026-08-30 01:18:01 | Diag logvar_q_mean=0.0000 logvar_q_clamp=0.0000 kappa_log10=5.9610
2026-08-30 01:18:05 | Epoch  55/400 | Train Loss 2.5534 Acc 0.9992 | Val Loss 4.8703 Acc 0.9833 AUC 0.9993 Pre 0.9832 Rec 0.9832
2026-08-30 01:18:05 | Diag logvar_q_mean=0.0000 logvar_q_clamp=0.0000 kappa_log10=5.8729
2026-08-30 01:18:08 | Epoch  56/400 | Train Loss 2.4928 Acc 0.9993 | Val Loss 4.9473 Acc 0.9830 AUC 0.9993 Pre 0.9828 Rec 0.9828
2026-08-30 01:18:09 | Diag logvar_q_mean=0.0000 logvar_q_clamp=0.0000 kappa_log10=6.1655
2026-08-30 01:18:12 | Epoch  57/400 | Train Loss 2.4790 Acc 0.9993 | Val Loss 5.0862 Acc 0.9817 AUC 0.9991 Pre 0.9816 Rec 0.9815
2026-08-30 01:18:13 | Diag logvar_q_mean=0.0000 logvar_q_clamp=0.0000 kappa_log10=6.1756
2026-08-30 01:18:16 | Epoch  58/400 | Train Loss 2.4707 Acc 0.9993 | Val Loss 5.0839 Acc 0.9820 AUC 0.9992 Pre 0.9819 Rec 0.9818
2026-08-30 01:18:17 | Diag logvar_q_mean=0.0000 logvar_q_clamp=0.0000 kappa_log10=6.3055
2026-08-30 01:18:20 | Epoch  59/400 | Train Loss 2.4906 Acc 0.9993 | Val Loss 5.1249 Acc 0.9809 AUC 0.9993 Pre 0.9807 Rec 0.9807
2026-08-30 01:18:21 | Diag logvar_q_mean=0.0000 logvar_q_clamp=0.0000 kappa_log10=5.9690
2026-08-30 01:18:24 | Epoch  60/400 | Train Loss 2.5150 Acc 0.9992 | Val Loss 5.1217 Acc 0.9832 AUC 0.9991 Pre 0.9831 Rec 0.9831
2026-08-30 01:18:25 | Diag logvar_q_mean=0.0000 logvar_q_clamp=0.0000 kappa_log10=6.2495
2026-08-30 01:18:28 | Epoch  61/400 | Train Loss 2.4585 Acc 0.9993 | Val Loss 4.9122 Acc 0.9828 AUC 0.9993 Pre 0.9827 Rec 0.9827
2026-08-30 01:18:28 | Diag logvar_q_mean=0.0000 logvar_q_clamp=0.0000 kappa_log10=5.9561
2026-08-30 01:18:32 | Epoch  62/400 | Train Loss 2.3765 Acc 0.9993 | Val Loss 4.8782 Acc 0.9837 AUC 0.9992 Pre 0.9836 Rec 0.9835
2026-08-30 01:18:32 | Diag logvar_q_mean=0.0000 logvar_q_clamp=0.0000 kappa_log10=6.2547
2026-08-30 01:18:36 | Epoch  63/400 | Train Loss 2.4658 Acc 0.9992 | Val Loss 5.0924 Acc 0.9830 AUC 0.9992 Pre 0.9829 Rec 0.9828
2026-08-30 01:18:36 | Diag logvar_q_mean=0.0000 logvar_q_clamp=0.0000 kappa_log10=7.2707
2026-08-30 01:18:39 | Epoch  64/400 | Train Loss 2.4395 Acc 0.9994 | Val Loss 5.2280 Acc 0.9830 AUC 0.9991 Pre 0.9829 Rec 0.9828
2026-08-30 01:18:40 | Diag logvar_q_mean=0.0000 logvar_q_clamp=0.0000 kappa_log10=6.0332
2026-08-30 01:18:43 | Epoch  65/400 | Train Loss 2.4440 Acc 0.9994 | Val Loss 5.2374 Acc 0.9824 AUC 0.9990 Pre 0.9824 Rec 0.9822
2026-08-30 01:18:44 | Diag logvar_q_mean=0.0000 logvar_q_clamp=0.0000 kappa_log10=5.9903
2026-08-30 01:18:47 | Epoch  66/400 | Train Loss 2.4488 Acc 0.9993 | Val Loss 5.0878 Acc 0.9830 AUC 0.9991 Pre 0.9829 Rec 0.9829
2026-08-30 01:18:48 | Diag logvar_q_mean=0.0000 logvar_q_clamp=0.0000 kappa_log10=6.1651
2026-08-30 01:18:51 | Epoch  67/400 | Train Loss 2.4471 Acc 0.9992 | Val Loss 5.0898 Acc 0.9829 AUC 0.9988 Pre 0.9828 Rec 0.9828
2026-08-30 01:18:51 | Diag logvar_q_mean=0.0000 logvar_q_clamp=0.0000 kappa_log10=6.1645
2026-08-30 01:18:55 | Epoch  68/400 | Train Loss 2.3424 Acc 0.9994 | Val Loss 5.2001 Acc 0.9817 AUC 0.9991 Pre 0.9816 Rec 0.9815
2026-08-30 01:18:55 | Diag logvar_q_mean=0.0000 logvar_q_clamp=0.0000 kappa_log10=6.8069
2026-08-30 01:18:58 | Epoch  69/400 | Train Loss 2.3885 Acc 0.9991 | Val Loss 5.1146 Acc 0.9831 AUC 0.9992 Pre 0.9829 Rec 0.9830
2026-08-30 01:18:59 | Diag logvar_q_mean=0.0000 logvar_q_clamp=0.0000 kappa_log10=7.0821
2026-08-30 01:19:02 | Epoch  70/400 | Train Loss 2.3790 Acc 0.9995 | Val Loss 5.1365 Acc 0.9829 AUC 0.9988 Pre 0.9827 Rec 0.9827
2026-08-30 01:19:03 | Diag logvar_q_mean=0.0000 logvar_q_clamp=0.0000 kappa_log10=6.2852
2026-08-30 01:19:06 | Epoch  71/400 | Train Loss 2.3278 Acc 0.9994 | Val Loss 5.1506 Acc 0.9828 AUC 0.9989 Pre 0.9827 Rec 0.9826
2026-08-30 01:19:07 | Diag logvar_q_mean=0.0000 logvar_q_clamp=0.0000 kappa_log10=6.4095
2026-08-30 01:19:10 | Epoch  72/400 | Train Loss 2.3009 Acc 0.9994 | Val Loss 5.2037 Acc 0.9825 AUC 0.9990 Pre 0.9823 Rec 0.9823
2026-08-30 01:19:11 | Diag logvar_q_mean=0.0000 logvar_q_clamp=0.0000 kappa_log10=6.5468
2026-08-30 01:19:14 | Epoch  73/400 | Train Loss 2.2977 Acc 0.9994 | Val Loss 5.2488 Acc 0.9819 AUC 0.9990 Pre 0.9818 Rec 0.9817
2026-08-30 01:19:14 | Diag logvar_q_mean=0.0000 logvar_q_clamp=0.0000 kappa_log10=5.9068
2026-08-30 01:19:18 | Epoch  74/400 | Train Loss 2.2990 Acc 0.9995 | Val Loss 5.1302 Acc 0.9823 AUC 0.9990 Pre 0.9822 Rec 0.9821
2026-08-30 01:19:18 | Diag logvar_q_mean=0.0000 logvar_q_clamp=0.0000 kappa_log10=5.9097
2026-08-30 01:19:22 | Epoch  75/400 | Train Loss 2.2732 Acc 0.9995 | Val Loss 5.4060 Acc 0.9816 AUC 0.9990 Pre 0.9815 Rec 0.9814
2026-08-30 01:19:22 | Diag logvar_q_mean=0.0000 logvar_q_clamp=0.0000 kappa_log10=7.2367
2026-08-30 01:19:25 | Epoch  76/400 | Train Loss 2.2351 Acc 0.9994 | Val Loss 4.9101 Acc 0.9836 AUC 0.9991 Pre 0.9835 Rec 0.9834
2026-08-30 01:19:26 | Diag logvar_q_mean=0.0000 logvar_q_clamp=0.0000 kappa_log10=6.4001
2026-08-30 01:19:29 | Epoch  77/400 | Train Loss 2.2806 Acc 0.9994 | Val Loss 5.1161 Acc 0.9831 AUC 0.9989 Pre 0.9830 Rec 0.9829
2026-08-30 01:19:30 | Diag logvar_q_mean=0.0000 logvar_q_clamp=0.0000 kappa_log10=6.2725
2026-08-30 01:19:33 | Epoch  78/400 | Train Loss 2.2291 Acc 0.9995 | Val Loss 5.2573 Acc 0.9821 AUC 0.9989 Pre 0.9820 Rec 0.9819
2026-08-30 01:19:34 | Diag logvar_q_mean=0.0000 logvar_q_clamp=0.0000 kappa_log10=5.9162
2026-08-30 01:19:37 | Epoch  79/400 | Train Loss 2.2413 Acc 0.9995 | Val Loss 5.2047 Acc 0.9819 AUC 0.9991 Pre 0.9818 Rec 0.9818
2026-08-30 01:19:38 | Diag logvar_q_mean=0.0000 logvar_q_clamp=0.0000 kappa_log10=7.3881
2026-08-30 01:19:41 | Epoch  80/400 | Train Loss 2.2921 Acc 0.9996 | Val Loss 5.2332 Acc 0.9822 AUC 0.9990 Pre 0.9821 Rec 0.9821
2026-08-30 01:19:41 | Diag logvar_q_mean=0.0000 logvar_q_clamp=0.0000 kappa_log10=5.8795
2026-08-30 01:19:45 | Epoch  81/400 | Train Loss 2.2076 Acc 0.9996 | Val Loss 5.1597 Acc 0.9827 AUC 0.9989 Pre 0.9826 Rec 0.9826
2026-08-30 01:19:45 | Diag logvar_q_mean=0.0000 logvar_q_clamp=0.0000 kappa_log10=6.4286
2026-08-30 01:19:49 | Epoch  82/400 | Train Loss 2.2613 Acc 0.9994 | Val Loss 5.1623 Acc 0.9831 AUC 0.9987 Pre 0.9830 Rec 0.9831
2026-08-30 01:19:49 | Diag logvar_q_mean=0.0000 logvar_q_clamp=0.0000 kappa_log10=6.4604
2026-08-30 01:19:53 | Epoch  83/400 | Train Loss 2.2077 Acc 0.9994 | Val Loss 5.3519 Acc 0.9819 AUC 0.9988 Pre 0.9818 Rec 0.9818
2026-08-30 01:19:53 | Diag logvar_q_mean=0.0000 logvar_q_clamp=0.0000 kappa_log10=5.6276
2026-08-30 01:19:56 | Epoch  84/400 | Train Loss 2.2306 Acc 0.9995 | Val Loss 5.1681 Acc 0.9821 AUC 0.9990 Pre 0.9819 Rec 0.9820
2026-08-30 01:19:57 | Diag logvar_q_mean=0.0000 logvar_q_clamp=0.0000 kappa_log10=5.6838
2026-08-30 01:20:00 | Epoch  85/400 | Train Loss 2.2135 Acc 0.9995 | Val Loss 5.3589 Acc 0.9818 AUC 0.9988 Pre 0.9817 Rec 0.9816
2026-08-30 01:20:01 | Diag logvar_q_mean=0.0000 logvar_q_clamp=0.0000 kappa_log10=5.8997
2026-08-30 01:20:04 | Epoch  86/400 | Train Loss 2.2155 Acc 0.9995 | Val Loss 5.4142 Acc 0.9827 AUC 0.9988 Pre 0.9826 Rec 0.9826
2026-08-30 01:20:05 | Diag logvar_q_mean=0.0000 logvar_q_clamp=0.0000 kappa_log10=5.7844
2026-08-30 01:20:08 | Epoch  87/400 | Train Loss 2.2103 Acc 0.9996 | Val Loss 5.2851 Acc 0.9833 AUC 0.9990 Pre 0.9833 Rec 0.9832
2026-08-30 01:20:09 | Diag logvar_q_mean=0.0000 logvar_q_clamp=0.0000 kappa_log10=6.5619
2026-08-30 01:20:12 | Epoch  88/400 | Train Loss 2.2193 Acc 0.9996 | Val Loss 5.3270 Acc 0.9828 AUC 0.9990 Pre 0.9828 Rec 0.9826
2026-08-30 01:20:12 | Diag logvar_q_mean=0.0000 logvar_q_clamp=0.0000 kappa_log10=6.1109
2026-08-30 01:20:16 | Epoch  89/400 | Train Loss 2.2132 Acc 0.9994 | Val Loss 5.3377 Acc 0.9826 AUC 0.9988 Pre 0.9825 Rec 0.9825
2026-08-30 01:20:16 | Diag logvar_q_mean=0.0000 logvar_q_clamp=0.0000 kappa_log10=6.1647
2026-08-30 01:20:20 | Epoch  90/400 | Train Loss 2.1844 Acc 0.9995 | Val Loss 5.2467 Acc 0.9829 AUC 0.9989 Pre 0.9828 Rec 0.9828
2026-08-30 01:20:20 | Diag logvar_q_mean=0.0000 logvar_q_clamp=0.0000 kappa_log10=6.3066
2026-08-30 01:20:23 | Epoch  91/400 | Train Loss 2.1363 Acc 0.9995 | Val Loss 5.0607 Acc 0.9836 AUC 0.9991 Pre 0.9835 Rec 0.9836
2026-08-30 01:20:24 | Diag logvar_q_mean=0.0000 logvar_q_clamp=0.0000 kappa_log10=6.4181
2026-08-30 01:20:27 | Epoch  92/400 | Train Loss 2.2342 Acc 0.9995 | Val Loss 5.4790 Acc 0.9813 AUC 0.9990 Pre 0.9811 Rec 0.9813
2026-08-30 01:20:28 | Diag logvar_q_mean=0.0000 logvar_q_clamp=0.0000 kappa_log10=5.8329
2026-08-30 01:20:31 | Epoch  93/400 | Train Loss 2.2294 Acc 0.9993 | Val Loss 5.6099 Acc 0.9829 AUC 0.9989 Pre 0.9827 Rec 0.9828
2026-08-30 01:20:32 | Diag logvar_q_mean=0.0000 logvar_q_clamp=0.0000 kappa_log10=6.0715
2026-08-30 01:20:35 | Epoch  94/400 | Train Loss 2.2313 Acc 0.9992 | Val Loss 5.4442 Acc 0.9817 AUC 0.9989 Pre 0.9815 Rec 0.9815
2026-08-30 01:20:36 | Diag logvar_q_mean=0.0000 logvar_q_clamp=0.0000 kappa_log10=6.0878
2026-08-30 01:20:39 | Epoch  95/400 | Train Loss 2.2091 Acc 0.9994 | Val Loss 5.3394 Acc 0.9822 AUC 0.9989 Pre 0.9821 Rec 0.9820
2026-08-30 01:20:39 | Diag logvar_q_mean=0.0000 logvar_q_clamp=0.0000 kappa_log10=6.0853
2026-08-30 01:20:43 | Epoch  96/400 | Train Loss 2.1131 Acc 0.9995 | Val Loss 5.3516 Acc 0.9814 AUC 0.9990 Pre 0.9813 Rec 0.9812
2026-08-30 01:20:43 | Diag logvar_q_mean=0.0000 logvar_q_clamp=0.0000 kappa_log10=7.3787
2026-08-30 01:20:46 | Epoch  97/400 | Train Loss 2.1302 Acc 0.9996 | Val Loss 5.2759 Acc 0.9823 AUC 0.9990 Pre 0.9822 Rec 0.9822
2026-08-30 01:20:47 | Diag logvar_q_mean=0.0000 logvar_q_clamp=0.0000 kappa_log10=6.5825
2026-08-30 01:20:50 | Epoch  98/400 | Train Loss 2.1134 Acc 0.9996 | Val Loss 5.3563 Acc 0.9812 AUC 0.9991 Pre 0.9810 Rec 0.9811
2026-08-30 01:20:51 | Diag logvar_q_mean=0.0000 logvar_q_clamp=0.0000 kappa_log10=5.8362
2026-08-30 01:20:54 | Epoch  99/400 | Train Loss 2.1354 Acc 0.9995 | Val Loss 5.2791 Acc 0.9822 AUC 0.9991 Pre 0.9820 Rec 0.9821
2026-08-30 01:20:55 | Diag logvar_q_mean=0.0000 logvar_q_clamp=0.0000 kappa_log10=6.4948
2026-08-30 01:20:58 | Epoch 100/400 | Train Loss 2.0604 Acc 0.9996 | Val Loss 5.2693 Acc 0.9819 AUC 0.9989 Pre 0.9817 Rec 0.9818
2026-08-30 01:20:59 | Diag logvar_q_mean=0.0000 logvar_q_clamp=0.0000 kappa_log10=6.8857
2026-08-30 01:21:02 | Epoch 101/400 | Train Loss 2.0471 Acc 0.9996 | Val Loss 5.6361 Acc 0.9808 AUC 0.9987 Pre 0.9806 Rec 0.9806
2026-08-30 01:21:02 | Diag logvar_q_mean=0.0000 logvar_q_clamp=0.0000 kappa_log10=6.5726
2026-08-30 01:21:06 | Epoch 102/400 | Train Loss 2.1473 Acc 0.9995 | Val Loss 5.2709 Acc 0.9816 AUC 0.9989 Pre 0.9815 Rec 0.9815
2026-08-30 01:21:06 | Diag logvar_q_mean=0.0000 logvar_q_clamp=0.0000 kappa_log10=6.7727
2026-08-30 01:21:10 | Epoch 103/400 | Train Loss 2.1741 Acc 0.9996 | Val Loss 5.6581 Acc 0.9812 AUC 0.9988 Pre 0.9810 Rec 0.9810
2026-08-30 01:21:10 | Diag logvar_q_mean=0.0000 logvar_q_clamp=0.0000 kappa_log10=6.8392
2026-08-30 01:21:13 | Epoch 104/400 | Train Loss 2.1692 Acc 0.9995 | Val Loss 5.4553 Acc 0.9813 AUC 0.9988 Pre 0.9812 Rec 0.9812
2026-08-30 01:21:14 | Diag logvar_q_mean=0.0000 logvar_q_clamp=0.0000 kappa_log10=6.2253
2026-08-30 01:21:17 | Epoch 105/400 | Train Loss 2.1249 Acc 0.9994 | Val Loss 5.5583 Acc 0.9824 AUC 0.9988 Pre 0.9821 Rec 0.9823
2026-08-30 01:21:18 | Diag logvar_q_mean=0.0000 logvar_q_clamp=0.0000 kappa_log10=6.4324
2026-08-30 01:21:21 | Epoch 106/400 | Train Loss 2.0822 Acc 0.9996 | Val Loss 5.6086 Acc 0.9824 AUC 0.9986 Pre 0.9822 Rec 0.9823
2026-08-30 01:21:21 | Diag logvar_q_mean=0.0000 logvar_q_clamp=0.0000 kappa_log10=7.1067
2026-08-30 01:21:25 | Epoch 107/400 | Train Loss 2.0492 Acc 0.9996 | Val Loss 5.3158 Acc 0.9833 AUC 0.9990 Pre 0.9832 Rec 0.9832
2026-08-30 01:21:25 | Diag logvar_q_mean=0.0000 logvar_q_clamp=0.0000 kappa_log10=5.9706
2026-08-30 01:21:29 | Epoch 108/400 | Train Loss 2.0523 Acc 0.9996 | Val Loss 5.5899 Acc 0.9822 AUC 0.9990 Pre 0.9820 Rec 0.9821
2026-08-30 01:21:29 | Diag logvar_q_mean=0.0000 logvar_q_clamp=0.0000 kappa_log10=6.2394
2026-08-30 01:21:32 | Epoch 109/400 | Train Loss 2.0648 Acc 0.9995 | Val Loss 5.5449 Acc 0.9817 AUC 0.9990 Pre 0.9815 Rec 0.9816
2026-08-30 01:21:33 | Diag logvar_q_mean=0.0000 logvar_q_clamp=0.0000 kappa_log10=6.4754
2026-08-30 01:21:36 | Epoch 110/400 | Train Loss 2.0075 Acc 0.9996 | Val Loss 5.6261 Acc 0.9818 AUC 0.9990 Pre 0.9816 Rec 0.9816
2026-08-30 01:21:37 | Diag logvar_q_mean=0.0000 logvar_q_clamp=0.0000 kappa_log10=7.2892
2026-08-30 01:21:40 | Epoch 111/400 | Train Loss 2.0270 Acc 0.9996 | Val Loss 5.4466 Acc 0.9822 AUC 0.9989 Pre 0.9821 Rec 0.9820
2026-08-30 01:21:41 | Diag logvar_q_mean=0.0000 logvar_q_clamp=0.0000 kappa_log10=7.2398
2026-08-30 01:21:44 | Epoch 112/400 | Train Loss 2.0697 Acc 0.9995 | Val Loss 5.5379 Acc 0.9814 AUC 0.9991 Pre 0.9812 Rec 0.9813
2026-08-30 01:21:45 | Diag logvar_q_mean=0.0000 logvar_q_clamp=0.0000 kappa_log10=5.8307
2026-08-30 01:21:48 | Epoch 113/400 | Train Loss 2.0620 Acc 0.9996 | Val Loss 5.6330 Acc 0.9814 AUC 0.9989 Pre 0.9813 Rec 0.9812
2026-08-30 01:21:49 | Diag logvar_q_mean=0.0000 logvar_q_clamp=0.0000 kappa_log10=5.9629
2026-08-30 01:21:52 | Epoch 114/400 | Train Loss 2.0511 Acc 0.9997 | Val Loss 5.4592 Acc 0.9802 AUC 0.9988 Pre 0.9799 Rec 0.9800
2026-08-30 01:21:53 | Diag logvar_q_mean=0.0000 logvar_q_clamp=0.0000 kappa_log10=6.6450
2026-08-30 01:21:56 | Epoch 115/400 | Train Loss 2.0582 Acc 0.9997 | Val Loss 5.4484 Acc 0.9820 AUC 0.9989 Pre 0.9819 Rec 0.9819
2026-08-30 01:21:56 | Diag logvar_q_mean=0.0000 logvar_q_clamp=0.0000 kappa_log10=6.3422
2026-08-30 01:22:00 | Epoch 116/400 | Train Loss 1.9999 Acc 0.9997 | Val Loss 5.4066 Acc 0.9821 AUC 0.9990 Pre 0.9820 Rec 0.9820
2026-08-30 01:22:00 | Diag logvar_q_mean=0.0000 logvar_q_clamp=0.0000 kappa_log10=6.5758
2026-08-30 01:22:04 | Epoch 117/400 | Train Loss 1.9931 Acc 0.9996 | Val Loss 5.2874 Acc 0.9814 AUC 0.9991 Pre 0.9813 Rec 0.9812
2026-08-30 01:22:04 | Diag logvar_q_mean=0.0000 logvar_q_clamp=0.0000 kappa_log10=6.4738
2026-08-30 01:22:07 | Epoch 118/400 | Train Loss 2.0387 Acc 0.9996 | Val Loss 5.6540 Acc 0.9819 AUC 0.9988 Pre 0.9817 Rec 0.9818
2026-08-30 01:22:08 | Diag logvar_q_mean=0.0000 logvar_q_clamp=0.0000 kappa_log10=6.2733
2026-08-30 01:22:11 | Epoch 119/400 | Train Loss 2.0061 Acc 0.9998 | Val Loss 5.1608 Acc 0.9830 AUC 0.9990 Pre 0.9829 Rec 0.9828
2026-08-30 01:22:12 | Diag logvar_q_mean=0.0000 logvar_q_clamp=0.0000 kappa_log10=7.6690
2026-08-30 01:22:15 | Epoch 120/400 | Train Loss 1.9808 Acc 0.9996 | Val Loss 5.6481 Acc 0.9821 AUC 0.9987 Pre 0.9819 Rec 0.9820
2026-08-30 01:22:16 | Diag logvar_q_mean=0.0000 logvar_q_clamp=0.0000 kappa_log10=6.3248
2026-08-30 01:22:19 | Epoch 121/400 | Train Loss 2.0077 Acc 0.9995 | Val Loss 5.5800 Acc 0.9823 AUC 0.9989 Pre 0.9823 Rec 0.9821
2026-08-30 01:22:20 | Diag logvar_q_mean=0.0000 logvar_q_clamp=0.0000 kappa_log10=6.8682
2026-08-30 01:22:23 | Epoch 122/400 | Train Loss 2.0068 Acc 0.9995 | Val Loss 5.6616 Acc 0.9813 AUC 0.9988 Pre 0.9812 Rec 0.9811
2026-08-30 01:22:23 | Diag logvar_q_mean=0.0000 logvar_q_clamp=0.0000 kappa_log10=6.6891
2026-08-30 01:22:27 | Epoch 123/400 | Train Loss 2.0670 Acc 0.9995 | Val Loss 5.8153 Acc 0.9819 AUC 0.9989 Pre 0.9817 Rec 0.9818
2026-08-30 01:22:27 | Diag logvar_q_mean=0.0000 logvar_q_clamp=0.0000 kappa_log10=5.8970
2026-08-30 01:22:31 | Epoch 124/400 | Train Loss 2.0361 Acc 0.9995 | Val Loss 5.5553 Acc 0.9822 AUC 0.9988 Pre 0.9821 Rec 0.9821
2026-08-30 01:22:31 | Diag logvar_q_mean=0.0000 logvar_q_clamp=0.0000 kappa_log10=6.2712
2026-08-30 01:22:34 | Epoch 125/400 | Train Loss 2.0432 Acc 0.9995 | Val Loss 5.7614 Acc 0.9813 AUC 0.9987 Pre 0.9811 Rec 0.9812
2026-08-30 01:22:35 | Diag logvar_q_mean=0.0000 logvar_q_clamp=0.0000 kappa_log10=7.4432
2026-08-30 01:22:38 | Epoch 126/400 | Train Loss 2.0399 Acc 0.9995 | Val Loss 5.4813 Acc 0.9825 AUC 0.9989 Pre 0.9824 Rec 0.9824
2026-08-30 01:22:39 | Diag logvar_q_mean=0.0000 logvar_q_clamp=0.0000 kappa_log10=6.1018
2026-08-30 01:22:42 | Epoch 127/400 | Train Loss 2.0269 Acc 0.9995 | Val Loss 5.4767 Acc 0.9820 AUC 0.9989 Pre 0.9818 Rec 0.9819
2026-08-30 01:22:43 | Diag logvar_q_mean=0.0000 logvar_q_clamp=0.0000 kappa_log10=6.7465
2026-08-30 01:22:46 | Epoch 128/400 | Train Loss 2.0435 Acc 0.9995 | Val Loss 5.7206 Acc 0.9816 AUC 0.9987 Pre 0.9814 Rec 0.9815
2026-08-30 01:22:47 | Diag logvar_q_mean=0.0000 logvar_q_clamp=0.0000 kappa_log10=5.9944
2026-08-30 01:22:50 | Epoch 129/400 | Train Loss 2.0422 Acc 0.9993 | Val Loss 5.8291 Acc 0.9810 AUC 0.9986 Pre 0.9809 Rec 0.9809
2026-08-30 01:22:50 | Diag logvar_q_mean=0.0000 logvar_q_clamp=0.0000 kappa_log10=6.6162
2026-08-30 01:22:54 | Epoch 130/400 | Train Loss 2.0128 Acc 0.9996 | Val Loss 5.7460 Acc 0.9815 AUC 0.9987 Pre 0.9814 Rec 0.9814
2026-08-30 01:22:54 | Diag logvar_q_mean=0.0000 logvar_q_clamp=0.0000 kappa_log10=6.3655
2026-08-30 01:22:58 | Epoch 131/400 | Train Loss 2.0456 Acc 0.9993 | Val Loss 5.7283 Acc 0.9813 AUC 0.9990 Pre 0.9811 Rec 0.9812
2026-08-30 01:22:58 | Diag logvar_q_mean=0.0000 logvar_q_clamp=0.0000 kappa_log10=7.1423
2026-08-30 01:23:01 | Epoch 132/400 | Train Loss 1.9755 Acc 0.9995 | Val Loss 5.8365 Acc 0.9800 AUC 0.9987 Pre 0.9799 Rec 0.9799
2026-08-30 01:23:02 | Diag logvar_q_mean=0.0000 logvar_q_clamp=0.0000 kappa_log10=6.6977
2026-08-30 01:23:05 | Epoch 133/400 | Train Loss 2.0284 Acc 0.9994 | Val Loss 5.6860 Acc 0.9812 AUC 0.9989 Pre 0.9811 Rec 0.9811
2026-08-30 01:23:06 | Diag logvar_q_mean=0.0000 logvar_q_clamp=0.0000 kappa_log10=7.6528
2026-08-30 01:23:09 | Epoch 134/400 | Train Loss 1.9975 Acc 0.9995 | Val Loss 5.4933 Acc 0.9822 AUC 0.9989 Pre 0.9820 Rec 0.9821
2026-08-30 01:23:10 | Diag logvar_q_mean=0.0000 logvar_q_clamp=0.0000 kappa_log10=7.0972
2026-08-30 01:23:13 | Epoch 135/400 | Train Loss 1.9258 Acc 0.9996 | Val Loss 5.6861 Acc 0.9819 AUC 0.9989 Pre 0.9818 Rec 0.9818
2026-08-30 01:23:13 | Diag logvar_q_mean=0.0000 logvar_q_clamp=0.0000 kappa_log10=6.1370
2026-08-30 01:23:17 | Epoch 136/400 | Train Loss 2.0564 Acc 0.9993 | Val Loss 5.7148 Acc 0.9812 AUC 0.9989 Pre 0.9811 Rec 0.9812
2026-08-30 01:23:17 | Diag logvar_q_mean=0.0000 logvar_q_clamp=0.0000 kappa_log10=9.1231
2026-08-30 01:23:21 | Epoch 137/400 | Train Loss 1.9494 Acc 0.9995 | Val Loss 5.5844 Acc 0.9830 AUC 0.9987 Pre 0.9829 Rec 0.9829
2026-08-30 01:23:21 | Diag logvar_q_mean=0.0000 logvar_q_clamp=0.0000 kappa_log10=5.9779
2026-08-30 01:23:24 | Epoch 138/400 | Train Loss 1.9722 Acc 0.9996 | Val Loss 5.6247 Acc 0.9815 AUC 0.9988 Pre 0.9814 Rec 0.9814
2026-08-30 01:23:25 | Diag logvar_q_mean=0.0000 logvar_q_clamp=0.0000 kappa_log10=6.5933
2026-08-30 01:23:28 | Epoch 139/400 | Train Loss 1.9466 Acc 0.9996 | Val Loss 5.8124 Acc 0.9798 AUC 0.9986 Pre 0.9797 Rec 0.9797
2026-08-30 01:23:29 | Diag logvar_q_mean=0.0000 logvar_q_clamp=0.0000 kappa_log10=6.4650
2026-08-30 01:23:32 | Epoch 140/400 | Train Loss 1.9502 Acc 0.9997 | Val Loss 5.5870 Acc 0.9811 AUC 0.9990 Pre 0.9809 Rec 0.9810
2026-08-30 01:23:33 | Diag logvar_q_mean=0.0000 logvar_q_clamp=0.0000 kappa_log10=6.9367
2026-08-30 01:23:36 | Epoch 141/400 | Train Loss 1.9334 Acc 0.9996 | Val Loss 5.5778 Acc 0.9817 AUC 0.9989 Pre 0.9816 Rec 0.9816
2026-08-30 01:23:37 | Diag logvar_q_mean=0.0000 logvar_q_clamp=0.0000 kappa_log10=7.1428
2026-08-30 01:23:40 | Epoch 142/400 | Train Loss 1.9552 Acc 0.9996 | Val Loss 5.7538 Acc 0.9829 AUC 0.9989 Pre 0.9827 Rec 0.9828
2026-08-30 01:23:40 | Diag logvar_q_mean=0.0000 logvar_q_clamp=0.0000 kappa_log10=6.9765
2026-08-30 01:23:44 | Epoch 143/400 | Train Loss 1.9153 Acc 0.9996 | Val Loss 5.7503 Acc 0.9818 AUC 0.9989 Pre 0.9816 Rec 0.9817
2026-08-30 01:23:44 | Diag logvar_q_mean=0.0000 logvar_q_clamp=0.0000 kappa_log10=6.3707
2026-08-30 01:23:48 | Epoch 144/400 | Train Loss 1.8601 Acc 0.9998 | Val Loss 5.7365 Acc 0.9810 AUC 0.9990 Pre 0.9808 Rec 0.9809
2026-08-30 01:23:48 | Diag logvar_q_mean=0.0000 logvar_q_clamp=0.0000 kappa_log10=6.3286
2026-08-30 01:23:51 | Epoch 145/400 | Train Loss 1.8704 Acc 0.9997 | Val Loss 5.6256 Acc 0.9806 AUC 0.9989 Pre 0.9804 Rec 0.9805
2026-08-30 01:23:52 | Diag logvar_q_mean=0.0000 logvar_q_clamp=0.0000 kappa_log10=6.1829
2026-08-30 01:23:55 | Epoch 146/400 | Train Loss 1.8498 Acc 0.9997 | Val Loss 5.4945 Acc 0.9825 AUC 0.9989 Pre 0.9824 Rec 0.9824
2026-08-30 01:23:56 | Diag logvar_q_mean=0.0000 logvar_q_clamp=0.0000 kappa_log10=6.4602
2026-08-30 01:23:59 | Epoch 147/400 | Train Loss 1.8436 Acc 0.9997 | Val Loss 5.5717 Acc 0.9820 AUC 0.9990 Pre 0.9819 Rec 0.9818
2026-08-30 01:23:59 | Diag logvar_q_mean=0.0000 logvar_q_clamp=0.0000 kappa_log10=6.5297
2026-08-30 01:24:03 | Epoch 148/400 | Train Loss 1.8836 Acc 0.9996 | Val Loss 5.7440 Acc 0.9801 AUC 0.9989 Pre 0.9799 Rec 0.9800
2026-08-30 01:24:03 | Diag logvar_q_mean=0.0000 logvar_q_clamp=0.0000 kappa_log10=6.8142
2026-08-30 01:24:07 | Epoch 149/400 | Train Loss 1.9884 Acc 0.9995 | Val Loss 5.6118 Acc 0.9802 AUC 0.9989 Pre 0.9800 Rec 0.9802
2026-08-30 01:24:07 | Diag logvar_q_mean=0.0000 logvar_q_clamp=0.0000 kappa_log10=6.2018
2026-08-30 01:24:10 | Epoch 150/400 | Train Loss 1.9280 Acc 0.9996 | Val Loss 5.7110 Acc 0.9809 AUC 0.9989 Pre 0.9807 Rec 0.9808
2026-08-30 01:24:11 | Diag logvar_q_mean=0.0000 logvar_q_clamp=0.0000 kappa_log10=6.5384
2026-08-30 01:24:14 | Epoch 151/400 | Train Loss 1.9047 Acc 0.9997 | Val Loss 5.6684 Acc 0.9813 AUC 0.9990 Pre 0.9811 Rec 0.9812
2026-08-30 01:24:15 | Diag logvar_q_mean=0.0000 logvar_q_clamp=0.0000 kappa_log10=6.5647
2026-08-30 01:24:18 | Epoch 152/400 | Train Loss 1.9179 Acc 0.9997 | Val Loss 5.9279 Acc 0.9796 AUC 0.9990 Pre 0.9794 Rec 0.9795
2026-08-30 01:24:19 | Diag logvar_q_mean=0.0000 logvar_q_clamp=0.0000 kappa_log10=6.5283
2026-08-30 01:24:22 | Epoch 153/400 | Train Loss 1.8831 Acc 0.9997 | Val Loss 5.7945 Acc 0.9803 AUC 0.9989 Pre 0.9801 Rec 0.9802
2026-08-30 01:24:23 | Diag logvar_q_mean=0.0000 logvar_q_clamp=0.0000 kappa_log10=6.5870
2026-08-30 01:24:26 | Epoch 154/400 | Train Loss 1.8830 Acc 0.9996 | Val Loss 5.8736 Acc 0.9795 AUC 0.9987 Pre 0.9793 Rec 0.9794
2026-08-30 01:24:26 | Diag logvar_q_mean=0.0000 logvar_q_clamp=0.0000 kappa_log10=7.5720
2026-08-30 01:24:30 | Epoch 155/400 | Train Loss 1.9040 Acc 0.9997 | Val Loss 5.7280 Acc 0.9799 AUC 0.9988 Pre 0.9796 Rec 0.9798
2026-08-30 01:24:30 | Diag logvar_q_mean=0.0000 logvar_q_clamp=0.0000 kappa_log10=6.8193
2026-08-30 01:24:33 | Epoch 156/400 | Train Loss 1.9129 Acc 0.9997 | Val Loss 5.7755 Acc 0.9805 AUC 0.9986 Pre 0.9802 Rec 0.9803
2026-08-30 01:24:34 | Diag logvar_q_mean=0.0000 logvar_q_clamp=0.0000 kappa_log10=6.2645
2026-08-30 01:24:37 | Epoch 157/400 | Train Loss 1.9586 Acc 0.9995 | Val Loss 5.8518 Acc 0.9806 AUC 0.9991 Pre 0.9803 Rec 0.9805
2026-08-30 01:24:38 | Diag logvar_q_mean=0.0000 logvar_q_clamp=0.0000 kappa_log10=7.9619
2026-08-30 01:24:41 | Epoch 158/400 | Train Loss 2.0066 Acc 0.9996 | Val Loss 5.5995 Acc 0.9801 AUC 0.9987 Pre 0.9799 Rec 0.9800
2026-08-30 01:24:42 | Diag logvar_q_mean=0.0000 logvar_q_clamp=0.0000 kappa_log10=6.0868
2026-08-30 01:24:45 | Epoch 159/400 | Train Loss 1.8894 Acc 0.9996 | Val Loss 5.7825 Acc 0.9802 AUC 0.9986 Pre 0.9801 Rec 0.9801
2026-08-30 01:24:46 | Diag logvar_q_mean=0.0000 logvar_q_clamp=0.0000 kappa_log10=6.9849
2026-08-30 01:24:49 | Epoch 160/400 | Train Loss 1.8675 Acc 0.9995 | Val Loss 5.6957 Acc 0.9801 AUC 0.9989 Pre 0.9799 Rec 0.9801
2026-08-30 01:24:49 | Diag logvar_q_mean=0.0000 logvar_q_clamp=0.0000 kappa_log10=6.2269
2026-08-30 01:24:53 | Epoch 161/400 | Train Loss 1.9143 Acc 0.9996 | Val Loss 5.8697 Acc 0.9799 AUC 0.9987 Pre 0.9798 Rec 0.9798
2026-08-30 01:24:53 | Diag logvar_q_mean=0.0000 logvar_q_clamp=0.0000 kappa_log10=6.4650
2026-08-30 01:24:57 | Epoch 162/400 | Train Loss 1.9152 Acc 0.9996 | Val Loss 6.1310 Acc 0.9803 AUC 0.9985 Pre 0.9801 Rec 0.9802
2026-08-30 01:24:57 | Diag logvar_q_mean=0.0000 logvar_q_clamp=0.0000 kappa_log10=7.4403
2026-08-30 01:25:01 | Epoch 163/400 | Train Loss 1.9374 Acc 0.9996 | Val Loss 5.8124 Acc 0.9819 AUC 0.9988 Pre 0.9818 Rec 0.9819
2026-08-30 01:25:01 | Diag logvar_q_mean=0.0000 logvar_q_clamp=0.0000 kappa_log10=6.8886
2026-08-30 01:25:05 | Epoch 164/400 | Train Loss 1.9633 Acc 0.9995 | Val Loss 5.8218 Acc 0.9798 AUC 0.9990 Pre 0.9798 Rec 0.9797
2026-08-30 01:25:06 | Diag logvar_q_mean=0.0000 logvar_q_clamp=0.0000 kappa_log10=6.1417
2026-08-30 01:25:09 | Epoch 165/400 | Train Loss 1.9073 Acc 0.9996 | Val Loss 5.7360 Acc 0.9811 AUC 0.9987 Pre 0.9810 Rec 0.9811
2026-08-30 01:25:09 | Diag logvar_q_mean=0.0000 logvar_q_clamp=0.0000 kappa_log10=6.4674
2026-08-30 01:25:13 | Epoch 166/400 | Train Loss 1.8348 Acc 0.9997 | Val Loss 5.7943 Acc 0.9800 AUC 0.9987 Pre 0.9799 Rec 0.9799
2026-08-30 01:25:13 | Diag logvar_q_mean=0.0000 logvar_q_clamp=0.0000 kappa_log10=7.2221
2026-08-30 01:25:16 | Epoch 167/400 | Train Loss 1.8543 Acc 0.9995 | Val Loss 5.8705 Acc 0.9801 AUC 0.9987 Pre 0.9799 Rec 0.9801
2026-08-30 01:25:17 | Diag logvar_q_mean=0.0000 logvar_q_clamp=0.0000 kappa_log10=6.3405
2026-08-30 01:25:20 | Epoch 168/400 | Train Loss 1.9045 Acc 0.9994 | Val Loss 5.9394 Acc 0.9801 AUC 0.9986 Pre 0.9799 Rec 0.9801
2026-08-30 01:25:21 | Diag logvar_q_mean=0.0000 logvar_q_clamp=0.0000 kappa_log10=6.4215
2026-08-30 01:25:24 | Epoch 169/400 | Train Loss 1.9235 Acc 0.9996 | Val Loss 6.1026 Acc 0.9794 AUC 0.9985 Pre 0.9792 Rec 0.9793
2026-08-30 01:25:25 | Diag logvar_q_mean=0.0000 logvar_q_clamp=0.0000 kappa_log10=8.0289
2026-08-30 01:25:28 | Epoch 170/400 | Train Loss 1.8495 Acc 0.9997 | Val Loss 5.8520 Acc 0.9809 AUC 0.9989 Pre 0.9808 Rec 0.9809
2026-08-30 01:25:29 | Diag logvar_q_mean=0.0000 logvar_q_clamp=0.0000 kappa_log10=6.7789
2026-08-30 01:25:32 | Epoch 171/400 | Train Loss 1.8928 Acc 0.9996 | Val Loss 5.7314 Acc 0.9809 AUC 0.9987 Pre 0.9808 Rec 0.9809
2026-08-30 01:25:32 | Diag logvar_q_mean=0.0000 logvar_q_clamp=0.0000 kappa_log10=6.8292
2026-08-30 01:25:36 | Epoch 172/400 | Train Loss 1.8646 Acc 0.9996 | Val Loss 5.8911 Acc 0.9801 AUC 0.9987 Pre 0.9800 Rec 0.9801
2026-08-30 01:25:36 | Diag logvar_q_mean=0.0000 logvar_q_clamp=0.0000 kappa_log10=6.7343
2026-08-30 01:25:40 | Epoch 173/400 | Train Loss 1.8694 Acc 0.9997 | Val Loss 5.9855 Acc 0.9806 AUC 0.9987 Pre 0.9805 Rec 0.9805
2026-08-30 01:25:40 | Diag logvar_q_mean=0.0000 logvar_q_clamp=0.0000 kappa_log10=6.8274
2026-08-30 01:25:44 | Epoch 174/400 | Train Loss 1.9081 Acc 0.9995 | Val Loss 5.8897 Acc 0.9801 AUC 0.9990 Pre 0.9800 Rec 0.9800
2026-08-30 01:25:44 | Diag logvar_q_mean=0.0000 logvar_q_clamp=0.0000 kappa_log10=6.0785
2026-08-30 01:25:47 | Epoch 175/400 | Train Loss 1.8065 Acc 0.9997 | Val Loss 5.9147 Acc 0.9814 AUC 0.9988 Pre 0.9814 Rec 0.9813
2026-08-30 01:25:48 | Diag logvar_q_mean=0.0000 logvar_q_clamp=0.0000 kappa_log10=6.6283
2026-08-30 01:25:51 | Epoch 176/400 | Train Loss 1.8917 Acc 0.9996 | Val Loss 5.8563 Acc 0.9809 AUC 0.9988 Pre 0.9808 Rec 0.9808
2026-08-30 01:25:52 | Diag logvar_q_mean=0.0000 logvar_q_clamp=0.0000 kappa_log10=6.2280
2026-08-30 01:25:55 | Epoch 177/400 | Train Loss 1.8832 Acc 0.9997 | Val Loss 5.9247 Acc 0.9806 AUC 0.9988 Pre 0.9805 Rec 0.9805
2026-08-30 01:25:55 | Diag logvar_q_mean=0.0000 logvar_q_clamp=0.0000 kappa_log10=6.1800
2026-08-30 01:25:59 | Epoch 178/400 | Train Loss 1.9069 Acc 0.9994 | Val Loss 5.9057 Acc 0.9821 AUC 0.9987 Pre 0.9820 Rec 0.9821
2026-08-30 01:25:59 | Diag logvar_q_mean=0.0000 logvar_q_clamp=0.0000 kappa_log10=6.5268
2026-08-30 01:26:03 | Epoch 179/400 | Train Loss 1.8414 Acc 0.9996 | Val Loss 5.8074 Acc 0.9809 AUC 0.9988 Pre 0.9807 Rec 0.9809
2026-08-30 01:26:03 | Diag logvar_q_mean=0.0000 logvar_q_clamp=0.0000 kappa_log10=7.7856
2026-08-30 01:26:06 | Epoch 180/400 | Train Loss 1.8595 Acc 0.9996 | Val Loss 6.0119 Acc 0.9803 AUC 0.9988 Pre 0.9800 Rec 0.9803
2026-08-30 01:26:07 | Diag logvar_q_mean=0.0000 logvar_q_clamp=0.0000 kappa_log10=5.9626
2026-08-30 01:26:10 | Epoch 181/400 | Train Loss 1.8765 Acc 0.9996 | Val Loss 5.8962 Acc 0.9801 AUC 0.9986 Pre 0.9800 Rec 0.9801
2026-08-30 01:26:11 | Diag logvar_q_mean=0.0000 logvar_q_clamp=0.0000 kappa_log10=6.1882
2026-08-30 01:26:14 | Epoch 182/400 | Train Loss 1.8051 Acc 0.9997 | Val Loss 5.8632 Acc 0.9800 AUC 0.9989 Pre 0.9799 Rec 0.9800
2026-08-30 01:26:15 | Diag logvar_q_mean=0.0000 logvar_q_clamp=0.0000 kappa_log10=6.1811
2026-08-30 01:26:18 | Epoch 183/400 | Train Loss 1.8859 Acc 0.9995 | Val Loss 5.9946 Acc 0.9803 AUC 0.9984 Pre 0.9801 Rec 0.9802
2026-08-30 01:26:19 | Diag logvar_q_mean=0.0000 logvar_q_clamp=0.0000 kappa_log10=6.6070
2026-08-30 01:26:22 | Epoch 184/400 | Train Loss 1.8779 Acc 0.9997 | Val Loss 5.8028 Acc 0.9819 AUC 0.9985 Pre 0.9818 Rec 0.9818
2026-08-30 01:26:23 | Diag logvar_q_mean=0.0000 logvar_q_clamp=0.0000 kappa_log10=7.0556
2026-08-30 01:26:26 | Epoch 185/400 | Train Loss 1.8430 Acc 0.9997 | Val Loss 6.0484 Acc 0.9803 AUC 0.9986 Pre 0.9801 Rec 0.9803
2026-08-30 01:26:26 | Diag logvar_q_mean=0.0000 logvar_q_clamp=0.0000 kappa_log10=6.3180
2026-08-30 01:26:30 | Epoch 186/400 | Train Loss 1.8496 Acc 0.9996 | Val Loss 5.8270 Acc 0.9805 AUC 0.9989 Pre 0.9803 Rec 0.9805
2026-08-30 01:26:30 | Diag logvar_q_mean=0.0000 logvar_q_clamp=0.0000 kappa_log10=8.4695
2026-08-30 01:26:33 | Epoch 187/400 | Train Loss 1.8574 Acc 0.9997 | Val Loss 5.8740 Acc 0.9804 AUC 0.9987 Pre 0.9802 Rec 0.9804
2026-08-30 01:26:34 | Diag logvar_q_mean=0.0000 logvar_q_clamp=0.0000 kappa_log10=6.6133
2026-08-30 01:26:37 | Epoch 188/400 | Train Loss 1.8825 Acc 0.9997 | Val Loss 6.0689 Acc 0.9793 AUC 0.9988 Pre 0.9791 Rec 0.9793
2026-08-30 01:26:38 | Diag logvar_q_mean=0.0000 logvar_q_clamp=0.0000 kappa_log10=6.7165
2026-08-30 01:26:41 | Epoch 189/400 | Train Loss 1.8175 Acc 0.9997 | Val Loss 5.9649 Acc 0.9807 AUC 0.9986 Pre 0.9805 Rec 0.9807
2026-08-30 01:26:42 | Diag logvar_q_mean=0.0000 logvar_q_clamp=0.0000 kappa_log10=6.8122
2026-08-30 01:26:45 | Epoch 190/400 | Train Loss 1.8320 Acc 0.9995 | Val Loss 6.1836 Acc 0.9806 AUC 0.9987 Pre 0.9804 Rec 0.9806
2026-08-30 01:26:46 | Diag logvar_q_mean=0.0000 logvar_q_clamp=0.0000 kappa_log10=6.9895
2026-08-30 01:26:49 | Epoch 191/400 | Train Loss 1.8998 Acc 0.9995 | Val Loss 6.1159 Acc 0.9803 AUC 0.9986 Pre 0.9801 Rec 0.9802
2026-08-30 01:26:50 | Diag logvar_q_mean=0.0000 logvar_q_clamp=0.0000 kappa_log10=6.9811
2026-08-30 01:26:53 | Epoch 192/400 | Train Loss 1.8765 Acc 0.9997 | Val Loss 6.2692 Acc 0.9806 AUC 0.9986 Pre 0.9804 Rec 0.9805
2026-08-30 01:26:53 | Diag logvar_q_mean=0.0000 logvar_q_clamp=0.0000 kappa_log10=6.8731
2026-08-30 01:26:57 | Epoch 193/400 | Train Loss 1.8502 Acc 0.9996 | Val Loss 6.0284 Acc 0.9809 AUC 0.9989 Pre 0.9808 Rec 0.9808
2026-08-30 01:26:57 | Diag logvar_q_mean=0.0000 logvar_q_clamp=0.0000 kappa_log10=6.6730
2026-08-30 01:27:01 | Epoch 194/400 | Train Loss 1.8018 Acc 0.9997 | Val Loss 5.8851 Acc 0.9803 AUC 0.9987 Pre 0.9801 Rec 0.9802
2026-08-30 01:27:01 | Diag logvar_q_mean=0.0000 logvar_q_clamp=0.0000 kappa_log10=6.4459
2026-08-30 01:27:05 | Epoch 195/400 | Train Loss 1.7734 Acc 0.9996 | Val Loss 5.8138 Acc 0.9804 AUC 0.9987 Pre 0.9804 Rec 0.9804
2026-08-30 01:27:05 | Diag logvar_q_mean=0.0000 logvar_q_clamp=0.0000 kappa_log10=6.1854
2026-08-30 01:27:08 | Epoch 196/400 | Train Loss 1.8234 Acc 0.9996 | Val Loss 6.0840 Acc 0.9790 AUC 0.9988 Pre 0.9788 Rec 0.9789
2026-08-30 01:27:09 | Diag logvar_q_mean=0.0000 logvar_q_clamp=0.0000 kappa_log10=7.3763
2026-08-30 01:27:12 | Epoch 197/400 | Train Loss 1.8233 Acc 0.9997 | Val Loss 6.1404 Acc 0.9792 AUC 0.9987 Pre 0.9790 Rec 0.9791
2026-08-30 01:27:13 | Diag logvar_q_mean=0.0000 logvar_q_clamp=0.0000 kappa_log10=6.5982
2026-08-30 01:27:16 | Epoch 198/400 | Train Loss 1.8190 Acc 0.9996 | Val Loss 5.7274 Acc 0.9798 AUC 0.9988 Pre 0.9796 Rec 0.9797
2026-08-30 01:27:17 | Diag logvar_q_mean=0.0000 logvar_q_clamp=0.0000 kappa_log10=6.3799
2026-08-30 01:27:20 | Epoch 199/400 | Train Loss 1.8298 Acc 0.9995 | Val Loss 5.7674 Acc 0.9799 AUC 0.9988 Pre 0.9797 Rec 0.9797
2026-08-30 01:27:20 | Diag logvar_q_mean=0.0000 logvar_q_clamp=0.0000 kappa_log10=6.3637
2026-08-30 01:27:24 | Epoch 200/400 | Train Loss 1.8620 Acc 0.9995 | Val Loss 5.7422 Acc 0.9817 AUC 0.9987 Pre 0.9815 Rec 0.9816
2026-08-30 01:27:24 | Diag logvar_q_mean=0.0000 logvar_q_clamp=0.0000 kappa_log10=6.2926
2026-08-30 01:27:27 | Epoch 201/400 | Train Loss 1.8383 Acc 0.9996 | Val Loss 6.2088 Acc 0.9792 AUC 0.9987 Pre 0.9790 Rec 0.9791
2026-08-30 01:27:28 | Diag logvar_q_mean=0.0000 logvar_q_clamp=0.0000 kappa_log10=6.6849
2026-08-30 01:27:31 | Epoch 202/400 | Train Loss 1.8740 Acc 0.9997 | Val Loss 6.2407 Acc 0.9795 AUC 0.9987 Pre 0.9794 Rec 0.9793
2026-08-30 01:27:32 | Diag logvar_q_mean=0.0000 logvar_q_clamp=0.0000 kappa_log10=7.2597
2026-08-30 01:27:35 | Epoch 203/400 | Train Loss 1.8384 Acc 0.9996 | Val Loss 6.2564 Acc 0.9793 AUC 0.9987 Pre 0.9792 Rec 0.9792
2026-08-30 01:27:36 | Diag logvar_q_mean=0.0000 logvar_q_clamp=0.0000 kappa_log10=6.0366
2026-08-30 01:27:39 | Epoch 204/400 | Train Loss 1.8327 Acc 0.9997 | Val Loss 5.9378 Acc 0.9799 AUC 0.9987 Pre 0.9798 Rec 0.9798
2026-08-30 01:27:40 | Diag logvar_q_mean=0.0000 logvar_q_clamp=0.0000 kappa_log10=6.7152
2026-08-30 01:27:43 | Epoch 205/400 | Train Loss 1.7712 Acc 0.9997 | Val Loss 5.8615 Acc 0.9805 AUC 0.9988 Pre 0.9803 Rec 0.9803
2026-08-30 01:27:43 | Diag logvar_q_mean=0.0000 logvar_q_clamp=0.0000 kappa_log10=7.1799
2026-08-30 01:27:47 | Epoch 206/400 | Train Loss 1.7725 Acc 0.9997 | Val Loss 5.7446 Acc 0.9810 AUC 0.9989 Pre 0.9808 Rec 0.9809
2026-08-30 01:27:47 | Diag logvar_q_mean=0.0000 logvar_q_clamp=0.0000 kappa_log10=7.3130
2026-08-30 01:27:50 | Epoch 207/400 | Train Loss 1.7877 Acc 0.9997 | Val Loss 6.2667 Acc 0.9789 AUC 0.9988 Pre 0.9789 Rec 0.9787
2026-08-30 01:27:51 | Diag logvar_q_mean=0.0000 logvar_q_clamp=0.0000 kappa_log10=6.6577
2026-08-30 01:27:54 | Epoch 208/400 | Train Loss 1.8402 Acc 0.9997 | Val Loss 6.0499 Acc 0.9794 AUC 0.9988 Pre 0.9792 Rec 0.9792
2026-08-30 01:27:55 | Diag logvar_q_mean=0.0000 logvar_q_clamp=0.0000 kappa_log10=6.3877
2026-08-30 01:27:58 | Epoch 209/400 | Train Loss 1.8004 Acc 0.9996 | Val Loss 6.2560 Acc 0.9789 AUC 0.9986 Pre 0.9788 Rec 0.9788
2026-08-30 01:27:59 | Diag logvar_q_mean=0.0000 logvar_q_clamp=0.0000 kappa_log10=6.3187
2026-08-30 01:28:02 | Epoch 210/400 | Train Loss 1.7705 Acc 0.9997 | Val Loss 6.1306 Acc 0.9796 AUC 0.9985 Pre 0.9795 Rec 0.9795
2026-08-30 01:28:03 | Diag logvar_q_mean=0.0000 logvar_q_clamp=0.0000 kappa_log10=6.7366
2026-08-30 01:28:06 | Epoch 211/400 | Train Loss 1.7800 Acc 0.9996 | Val Loss 6.0395 Acc 0.9797 AUC 0.9987 Pre 0.9795 Rec 0.9796
2026-08-30 01:28:06 | Diag logvar_q_mean=0.0000 logvar_q_clamp=0.0000 kappa_log10=6.4980
2026-08-30 01:28:10 | Epoch 212/400 | Train Loss 1.7739 Acc 0.9996 | Val Loss 6.0663 Acc 0.9793 AUC 0.9988 Pre 0.9791 Rec 0.9792
2026-08-30 01:28:10 | Diag logvar_q_mean=0.0000 logvar_q_clamp=0.0000 kappa_log10=6.5564
2026-08-30 01:28:14 | Epoch 213/400 | Train Loss 1.7803 Acc 0.9997 | Val Loss 6.1699 Acc 0.9800 AUC 0.9987 Pre 0.9798 Rec 0.9799
2026-08-30 01:28:14 | Diag logvar_q_mean=0.0000 logvar_q_clamp=0.0000 kappa_log10=6.7494
2026-08-30 01:28:18 | Epoch 214/400 | Train Loss 1.8176 Acc 0.9996 | Val Loss 6.2195 Acc 0.9794 AUC 0.9986 Pre 0.9792 Rec 0.9794
2026-08-30 01:28:18 | Diag logvar_q_mean=0.0000 logvar_q_clamp=0.0000 kappa_log10=6.2622
2026-08-30 01:28:22 | Epoch 215/400 | Train Loss 1.7781 Acc 0.9997 | Val Loss 5.9696 Acc 0.9782 AUC 0.9986 Pre 0.9780 Rec 0.9781
2026-08-30 01:28:22 | Diag logvar_q_mean=0.0000 logvar_q_clamp=0.0000 kappa_log10=6.5134
2026-08-30 01:28:26 | Epoch 216/400 | Train Loss 1.7763 Acc 0.9996 | Val Loss 5.9652 Acc 0.9788 AUC 0.9986 Pre 0.9787 Rec 0.9787
2026-08-30 01:28:26 | Diag logvar_q_mean=0.0000 logvar_q_clamp=0.0000 kappa_log10=6.8348
2026-08-30 01:28:30 | Epoch 217/400 | Train Loss 1.7935 Acc 0.9996 | Val Loss 6.0176 Acc 0.9789 AUC 0.9988 Pre 0.9788 Rec 0.9789
2026-08-30 01:28:30 | Diag logvar_q_mean=0.0000 logvar_q_clamp=0.0000 kappa_log10=7.0350
2026-08-30 01:28:34 | Epoch 218/400 | Train Loss 1.8347 Acc 0.9995 | Val Loss 6.1970 Acc 0.9799 AUC 0.9987 Pre 0.9797 Rec 0.9798
2026-08-30 01:28:34 | Diag logvar_q_mean=0.0000 logvar_q_clamp=0.0000 kappa_log10=6.5004
2026-08-30 01:28:37 | Epoch 219/400 | Train Loss 1.7891 Acc 0.9997 | Val Loss 6.3127 Acc 0.9801 AUC 0.9987 Pre 0.9799 Rec 0.9801
2026-08-30 01:28:38 | Diag logvar_q_mean=0.0000 logvar_q_clamp=0.0000 kappa_log10=6.4252
2026-08-30 01:28:41 | Epoch 220/400 | Train Loss 1.8248 Acc 0.9996 | Val Loss 6.0041 Acc 0.9796 AUC 0.9986 Pre 0.9794 Rec 0.9796
2026-08-30 01:28:42 | Diag logvar_q_mean=0.0000 logvar_q_clamp=0.0000 kappa_log10=6.9190
2026-08-30 01:28:45 | Epoch 221/400 | Train Loss 1.7820 Acc 0.9997 | Val Loss 6.2025 Acc 0.9800 AUC 0.9987 Pre 0.9799 Rec 0.9799
2026-08-30 01:28:45 | Diag logvar_q_mean=0.0000 logvar_q_clamp=0.0000 kappa_log10=6.6062
2026-08-30 01:28:49 | Epoch 222/400 | Train Loss 1.8252 Acc 0.9995 | Val Loss 5.9565 Acc 0.9792 AUC 0.9988 Pre 0.9790 Rec 0.9791
2026-08-30 01:28:49 | Diag logvar_q_mean=0.0000 logvar_q_clamp=0.0000 kappa_log10=6.3074
2026-08-30 01:28:53 | Epoch 223/400 | Train Loss 1.7579 Acc 0.9997 | Val Loss 5.9820 Acc 0.9806 AUC 0.9986 Pre 0.9805 Rec 0.9806
2026-08-30 01:28:53 | Diag logvar_q_mean=0.0000 logvar_q_clamp=0.0000 kappa_log10=6.7428
2026-08-30 01:28:56 | Epoch 224/400 | Train Loss 1.7404 Acc 0.9999 | Val Loss 6.1424 Acc 0.9805 AUC 0.9987 Pre 0.9803 Rec 0.9805
2026-08-30 01:28:57 | Diag logvar_q_mean=0.0000 logvar_q_clamp=0.0000 kappa_log10=6.4629
2026-08-30 01:29:00 | Epoch 225/400 | Train Loss 1.7839 Acc 0.9998 | Val Loss 6.0172 Acc 0.9804 AUC 0.9987 Pre 0.9802 Rec 0.9803
2026-08-30 01:29:01 | Diag logvar_q_mean=0.0000 logvar_q_clamp=0.0000 kappa_log10=6.4887
2026-08-30 01:29:04 | Epoch 226/400 | Train Loss 1.8212 Acc 0.9995 | Val Loss 6.1690 Acc 0.9793 AUC 0.9986 Pre 0.9791 Rec 0.9793
2026-08-30 01:29:05 | Diag logvar_q_mean=0.0000 logvar_q_clamp=0.0000 kappa_log10=6.0404
2026-08-30 01:29:08 | Epoch 227/400 | Train Loss 1.8199 Acc 0.9997 | Val Loss 6.1039 Acc 0.9799 AUC 0.9989 Pre 0.9797 Rec 0.9799
2026-08-30 01:29:08 | Diag logvar_q_mean=0.0000 logvar_q_clamp=0.0000 kappa_log10=6.5915
2026-08-30 01:29:12 | Epoch 228/400 | Train Loss 1.7630 Acc 0.9996 | Val Loss 6.0419 Acc 0.9804 AUC 0.9988 Pre 0.9802 Rec 0.9804
2026-08-30 01:29:12 | Diag logvar_q_mean=0.0000 logvar_q_clamp=0.0000 kappa_log10=6.0983
2026-08-30 01:29:16 | Epoch 229/400 | Train Loss 1.7873 Acc 0.9996 | Val Loss 6.1951 Acc 0.9792 AUC 0.9987 Pre 0.9791 Rec 0.9791
2026-08-30 01:29:16 | Diag logvar_q_mean=0.0000 logvar_q_clamp=0.0000 kappa_log10=6.6547
2026-08-30 01:29:19 | Epoch 230/400 | Train Loss 1.7514 Acc 0.9998 | Val Loss 6.3097 Acc 0.9793 AUC 0.9985 Pre 0.9792 Rec 0.9793
2026-08-30 01:29:20 | Diag logvar_q_mean=0.0000 logvar_q_clamp=0.0000 kappa_log10=6.6753
2026-08-30 01:29:23 | Epoch 231/400 | Train Loss 1.7603 Acc 0.9996 | Val Loss 6.1296 Acc 0.9794 AUC 0.9985 Pre 0.9793 Rec 0.9794
2026-08-30 01:29:24 | Diag logvar_q_mean=0.0000 logvar_q_clamp=0.0000 kappa_log10=6.6414
2026-08-30 01:29:27 | Epoch 232/400 | Train Loss 1.7838 Acc 0.9997 | Val Loss 6.2073 Acc 0.9800 AUC 0.9984 Pre 0.9798 Rec 0.9799
2026-08-30 01:29:28 | Diag logvar_q_mean=0.0000 logvar_q_clamp=0.0000 kappa_log10=7.1352
2026-08-30 01:29:31 | Epoch 233/400 | Train Loss 1.7066 Acc 0.9998 | Val Loss 6.1668 Acc 0.9797 AUC 0.9984 Pre 0.9795 Rec 0.9796
2026-08-30 01:29:31 | Diag logvar_q_mean=0.0000 logvar_q_clamp=0.0000 kappa_log10=6.7427
2026-08-30 01:29:35 | Epoch 234/400 | Train Loss 1.7240 Acc 0.9997 | Val Loss 6.1734 Acc 0.9794 AUC 0.9989 Pre 0.9792 Rec 0.9793
2026-08-30 01:29:35 | Diag logvar_q_mean=0.0000 logvar_q_clamp=0.0000 kappa_log10=6.7229
2026-08-30 01:29:39 | Epoch 235/400 | Train Loss 1.7659 Acc 0.9997 | Val Loss 6.2071 Acc 0.9788 AUC 0.9986 Pre 0.9787 Rec 0.9787
2026-08-30 01:29:39 | Diag logvar_q_mean=0.0000 logvar_q_clamp=0.0000 kappa_log10=6.6362
2026-08-30 01:29:42 | Epoch 236/400 | Train Loss 1.8569 Acc 0.9995 | Val Loss 6.3787 Acc 0.9788 AUC 0.9984 Pre 0.9786 Rec 0.9787
2026-08-30 01:29:43 | Diag logvar_q_mean=0.0000 logvar_q_clamp=0.0000 kappa_log10=6.8698
2026-08-30 01:29:46 | Epoch 237/400 | Train Loss 1.8347 Acc 0.9996 | Val Loss 6.2186 Acc 0.9793 AUC 0.9987 Pre 0.9791 Rec 0.9792
2026-08-30 01:29:47 | Diag logvar_q_mean=0.0000 logvar_q_clamp=0.0000 kappa_log10=6.1179
2026-08-30 01:29:50 | Epoch 238/400 | Train Loss 1.8581 Acc 0.9995 | Val Loss 6.1562 Acc 0.9789 AUC 0.9985 Pre 0.9788 Rec 0.9788
2026-08-30 01:29:51 | Diag logvar_q_mean=0.0000 logvar_q_clamp=0.0000 kappa_log10=7.7788
2026-08-30 01:29:54 | Epoch 239/400 | Train Loss 1.7478 Acc 0.9998 | Val Loss 6.1561 Acc 0.9800 AUC 0.9984 Pre 0.9798 Rec 0.9799
2026-08-30 01:29:55 | Diag logvar_q_mean=0.0000 logvar_q_clamp=0.0000 kappa_log10=6.8233
2026-08-30 01:29:58 | Epoch 240/400 | Train Loss 1.7630 Acc 0.9996 | Val Loss 6.0956 Acc 0.9799 AUC 0.9986 Pre 0.9797 Rec 0.9799
2026-08-30 01:29:59 | Diag logvar_q_mean=0.0000 logvar_q_clamp=0.0000 kappa_log10=6.5286
2026-08-30 01:30:02 | Epoch 241/400 | Train Loss 1.7466 Acc 0.9996 | Val Loss 6.0128 Acc 0.9802 AUC 0.9987 Pre 0.9800 Rec 0.9802
2026-08-30 01:30:03 | Diag logvar_q_mean=0.0000 logvar_q_clamp=0.0000 kappa_log10=7.7369
2026-08-30 01:30:06 | Epoch 242/400 | Train Loss 1.7121 Acc 0.9998 | Val Loss 6.2447 Acc 0.9793 AUC 0.9986 Pre 0.9792 Rec 0.9792
2026-08-30 01:30:06 | Diag logvar_q_mean=0.0000 logvar_q_clamp=0.0000 kappa_log10=7.1403
2026-08-30 01:30:10 | Epoch 243/400 | Train Loss 1.6985 Acc 0.9998 | Val Loss 6.0771 Acc 0.9801 AUC 0.9985 Pre 0.9800 Rec 0.9801
2026-08-30 01:30:10 | Diag logvar_q_mean=0.0000 logvar_q_clamp=0.0000 kappa_log10=6.9466
2026-08-30 01:30:14 | Epoch 244/400 | Train Loss 1.6747 Acc 0.9998 | Val Loss 6.1770 Acc 0.9802 AUC 0.9988 Pre 0.9801 Rec 0.9801
2026-08-30 01:30:14 | Diag logvar_q_mean=0.0000 logvar_q_clamp=0.0000 kappa_log10=7.0510
2026-08-30 01:30:18 | Epoch 245/400 | Train Loss 1.6865 Acc 0.9998 | Val Loss 6.1852 Acc 0.9802 AUC 0.9986 Pre 0.9800 Rec 0.9802
2026-08-30 01:30:18 | Diag logvar_q_mean=0.0000 logvar_q_clamp=0.0000 kappa_log10=7.0903
2026-08-30 01:30:22 | Epoch 246/400 | Train Loss 1.7933 Acc 0.9995 | Val Loss 6.0587 Acc 0.9793 AUC 0.9985 Pre 0.9792 Rec 0.9792
2026-08-30 01:30:22 | Diag logvar_q_mean=0.0000 logvar_q_clamp=0.0000 kappa_log10=6.5712
2026-08-30 01:30:25 | Epoch 247/400 | Train Loss 1.7684 Acc 0.9997 | Val Loss 6.2325 Acc 0.9789 AUC 0.9985 Pre 0.9787 Rec 0.9788
2026-08-30 01:30:26 | Diag logvar_q_mean=0.0000 logvar_q_clamp=0.0000 kappa_log10=6.3228
2026-08-30 01:30:29 | Epoch 248/400 | Train Loss 1.8280 Acc 0.9995 | Val Loss 6.1984 Acc 0.9792 AUC 0.9985 Pre 0.9792 Rec 0.9791
2026-08-30 01:30:30 | Diag logvar_q_mean=0.0000 logvar_q_clamp=0.0000 kappa_log10=6.5503
2026-08-30 01:30:33 | Epoch 249/400 | Train Loss 1.7720 Acc 0.9996 | Val Loss 6.4375 Acc 0.9791 AUC 0.9984 Pre 0.9791 Rec 0.9790
2026-08-30 01:30:34 | Diag logvar_q_mean=0.0000 logvar_q_clamp=0.0000 kappa_log10=6.4794
2026-08-30 01:30:37 | Epoch 250/400 | Train Loss 1.7345 Acc 0.9998 | Val Loss 6.3655 Acc 0.9781 AUC 0.9985 Pre 0.9780 Rec 0.9781
2026-08-30 01:30:38 | Diag logvar_q_mean=0.0000 logvar_q_clamp=0.0000 kappa_log10=6.9268
2026-08-30 01:30:41 | Epoch 251/400 | Train Loss 1.7538 Acc 0.9996 | Val Loss 6.4102 Acc 0.9793 AUC 0.9985 Pre 0.9791 Rec 0.9792
2026-08-30 01:30:41 | Diag logvar_q_mean=0.0000 logvar_q_clamp=0.0000 kappa_log10=6.5982
2026-08-30 01:30:45 | Epoch 252/400 | Train Loss 1.6755 Acc 0.9997 | Val Loss 6.4112 Acc 0.9766 AUC 0.9984 Pre 0.9765 Rec 0.9765
2026-08-30 01:30:45 | Diag logvar_q_mean=0.0000 logvar_q_clamp=0.0000 kappa_log10=6.7865
2026-08-30 01:30:48 | Epoch 253/400 | Train Loss 1.7042 Acc 0.9997 | Val Loss 6.2860 Acc 0.9783 AUC 0.9985 Pre 0.9781 Rec 0.9782
2026-08-30 01:30:49 | Diag logvar_q_mean=0.0000 logvar_q_clamp=0.0000 kappa_log10=6.7789
2026-08-30 01:30:52 | Epoch 254/400 | Train Loss 1.6997 Acc 0.9997 | Val Loss 6.1029 Acc 0.9786 AUC 0.9986 Pre 0.9786 Rec 0.9785
2026-08-30 01:30:53 | Diag logvar_q_mean=0.0000 logvar_q_clamp=0.0000 kappa_log10=6.7118
2026-08-30 01:30:56 | Epoch 255/400 | Train Loss 1.7315 Acc 0.9997 | Val Loss 6.3035 Acc 0.9788 AUC 0.9985 Pre 0.9787 Rec 0.9787
2026-08-30 01:30:57 | Diag logvar_q_mean=0.0000 logvar_q_clamp=0.0000 kappa_log10=6.1682
2026-08-30 01:31:00 | Epoch 256/400 | Train Loss 1.7083 Acc 0.9997 | Val Loss 6.2567 Acc 0.9785 AUC 0.9985 Pre 0.9784 Rec 0.9784
2026-08-30 01:31:00 | Diag logvar_q_mean=0.0000 logvar_q_clamp=0.0000 kappa_log10=7.4206
2026-08-30 01:31:04 | Epoch 257/400 | Train Loss 1.7295 Acc 0.9997 | Val Loss 6.3504 Acc 0.9781 AUC 0.9986 Pre 0.9780 Rec 0.9780
2026-08-30 01:31:04 | Diag logvar_q_mean=0.0000 logvar_q_clamp=0.0000 kappa_log10=6.4061
2026-08-30 01:31:08 | Epoch 258/400 | Train Loss 1.7306 Acc 0.9997 | Val Loss 6.1384 Acc 0.9772 AUC 0.9986 Pre 0.9771 Rec 0.9771
2026-08-30 01:31:08 | Diag logvar_q_mean=0.0000 logvar_q_clamp=0.0000 kappa_log10=6.7621
2026-08-30 01:31:11 | Epoch 259/400 | Train Loss 1.7098 Acc 0.9997 | Val Loss 6.2787 Acc 0.9773 AUC 0.9985 Pre 0.9771 Rec 0.9773
2026-08-30 01:31:12 | Diag logvar_q_mean=0.0000 logvar_q_clamp=0.0000 kappa_log10=8.5147
2026-08-30 01:31:15 | Epoch 260/400 | Train Loss 1.7469 Acc 0.9997 | Val Loss 6.1778 Acc 0.9792 AUC 0.9985 Pre 0.9791 Rec 0.9790
2026-08-30 01:31:16 | Diag logvar_q_mean=0.0000 logvar_q_clamp=0.0000 kappa_log10=7.6614
2026-08-30 01:31:19 | Epoch 261/400 | Train Loss 1.7204 Acc 0.9996 | Val Loss 6.3448 Acc 0.9794 AUC 0.9984 Pre 0.9792 Rec 0.9792
2026-08-30 01:31:20 | Diag logvar_q_mean=0.0000 logvar_q_clamp=0.0000 kappa_log10=6.1793
2026-08-30 01:31:23 | Epoch 262/400 | Train Loss 1.7441 Acc 0.9996 | Val Loss 6.3909 Acc 0.9776 AUC 0.9984 Pre 0.9775 Rec 0.9776
2026-08-30 01:31:24 | Diag logvar_q_mean=0.0000 logvar_q_clamp=0.0000 kappa_log10=6.9036
2026-08-30 01:31:27 | Epoch 263/400 | Train Loss 1.7192 Acc 0.9998 | Val Loss 6.4203 Acc 0.9786 AUC 0.9986 Pre 0.9785 Rec 0.9786
2026-08-30 01:31:28 | Diag logvar_q_mean=0.0000 logvar_q_clamp=0.0000 kappa_log10=6.1620
2026-08-30 01:31:31 | Epoch 264/400 | Train Loss 1.7492 Acc 0.9996 | Val Loss 6.2590 Acc 0.9798 AUC 0.9985 Pre 0.9797 Rec 0.9796
2026-08-30 01:31:32 | Diag logvar_q_mean=0.0000 logvar_q_clamp=0.0000 kappa_log10=7.2711
2026-08-30 01:31:35 | Epoch 265/400 | Train Loss 1.7557 Acc 0.9996 | Val Loss 6.3468 Acc 0.9798 AUC 0.9986 Pre 0.9797 Rec 0.9797
2026-08-30 01:31:35 | Diag logvar_q_mean=0.0000 logvar_q_clamp=0.0000 kappa_log10=6.4029
2026-08-30 01:31:39 | Epoch 266/400 | Train Loss 1.7450 Acc 0.9996 | Val Loss 6.4794 Acc 0.9780 AUC 0.9985 Pre 0.9779 Rec 0.9779
2026-08-30 01:31:39 | Diag logvar_q_mean=0.0000 logvar_q_clamp=0.0000 kappa_log10=6.2951
2026-08-30 01:31:43 | Epoch 267/400 | Train Loss 1.7002 Acc 0.9996 | Val Loss 6.2296 Acc 0.9784 AUC 0.9987 Pre 0.9784 Rec 0.9783
2026-08-30 01:31:43 | Diag logvar_q_mean=0.0000 logvar_q_clamp=0.0000 kappa_log10=6.8011
2026-08-30 01:31:47 | Epoch 268/400 | Train Loss 1.7654 Acc 0.9996 | Val Loss 6.5115 Acc 0.9774 AUC 0.9986 Pre 0.9774 Rec 0.9773
2026-08-30 01:31:47 | Diag logvar_q_mean=0.0000 logvar_q_clamp=0.0000 kappa_log10=6.5846
2026-08-30 01:31:50 | Epoch 269/400 | Train Loss 1.6678 Acc 0.9996 | Val Loss 6.1908 Acc 0.9786 AUC 0.9985 Pre 0.9785 Rec 0.9785
2026-08-30 01:31:51 | Diag logvar_q_mean=0.0000 logvar_q_clamp=0.0000 kappa_log10=6.6960
2026-08-30 01:31:54 | Epoch 270/400 | Train Loss 1.6949 Acc 0.9997 | Val Loss 6.4993 Acc 0.9789 AUC 0.9985 Pre 0.9789 Rec 0.9788
2026-08-30 01:31:55 | Diag logvar_q_mean=0.0000 logvar_q_clamp=0.0000 kappa_log10=7.0830
2026-08-30 01:31:58 | Epoch 271/400 | Train Loss 1.7298 Acc 0.9996 | Val Loss 6.5364 Acc 0.9775 AUC 0.9986 Pre 0.9775 Rec 0.9774
2026-08-30 01:31:59 | Diag logvar_q_mean=0.0000 logvar_q_clamp=0.0000 kappa_log10=6.2255
2026-08-30 01:32:02 | Epoch 272/400 | Train Loss 1.7327 Acc 0.9997 | Val Loss 6.3248 Acc 0.9786 AUC 0.9986 Pre 0.9785 Rec 0.9785
2026-08-30 01:32:03 | Diag logvar_q_mean=0.0000 logvar_q_clamp=0.0000 kappa_log10=6.3848
2026-08-30 01:32:06 | Epoch 273/400 | Train Loss 1.7638 Acc 0.9996 | Val Loss 6.3436 Acc 0.9788 AUC 0.9986 Pre 0.9788 Rec 0.9787
2026-08-30 01:32:06 | Diag logvar_q_mean=0.0000 logvar_q_clamp=0.0000 kappa_log10=7.2265
2026-08-30 01:32:10 | Epoch 274/400 | Train Loss 1.7268 Acc 0.9998 | Val Loss 6.4796 Acc 0.9780 AUC 0.9985 Pre 0.9780 Rec 0.9778
2026-08-30 01:32:10 | Diag logvar_q_mean=0.0000 logvar_q_clamp=0.0000 kappa_log10=6.4251
2026-08-30 01:32:14 | Epoch 275/400 | Train Loss 1.7250 Acc 0.9998 | Val Loss 6.3459 Acc 0.9789 AUC 0.9987 Pre 0.9788 Rec 0.9788
2026-08-30 01:32:14 | Diag logvar_q_mean=0.0000 logvar_q_clamp=0.0000 kappa_log10=7.4214
2026-08-30 01:32:17 | Epoch 276/400 | Train Loss 1.7280 Acc 0.9997 | Val Loss 6.4052 Acc 0.9776 AUC 0.9988 Pre 0.9775 Rec 0.9775
2026-08-30 01:32:18 | Diag logvar_q_mean=0.0000 logvar_q_clamp=0.0000 kappa_log10=7.2040
2026-08-30 01:32:21 | Epoch 277/400 | Train Loss 1.7123 Acc 0.9997 | Val Loss 6.3275 Acc 0.9779 AUC 0.9986 Pre 0.9778 Rec 0.9778
2026-08-30 01:32:22 | Diag logvar_q_mean=0.0000 logvar_q_clamp=0.0000 kappa_log10=6.6777
2026-08-30 01:32:25 | Epoch 278/400 | Train Loss 1.7127 Acc 0.9998 | Val Loss 6.4599 Acc 0.9784 AUC 0.9989 Pre 0.9784 Rec 0.9783
2026-08-30 01:32:26 | Diag logvar_q_mean=0.0000 logvar_q_clamp=0.0000 kappa_log10=7.7319
2026-08-30 01:32:29 | Epoch 279/400 | Train Loss 1.7121 Acc 0.9997 | Val Loss 6.5012 Acc 0.9785 AUC 0.9986 Pre 0.9785 Rec 0.9785
2026-08-30 01:32:29 | Diag logvar_q_mean=0.0000 logvar_q_clamp=0.0000 kappa_log10=6.6512
2026-08-30 01:32:33 | Epoch 280/400 | Train Loss 1.7573 Acc 0.9996 | Val Loss 6.1379 Acc 0.9792 AUC 0.9989 Pre 0.9791 Rec 0.9791
2026-08-30 01:32:33 | Diag logvar_q_mean=0.0000 logvar_q_clamp=0.0000 kappa_log10=9.4559
2026-08-30 01:32:36 | Epoch 281/400 | Train Loss 1.7300 Acc 0.9998 | Val Loss 6.3900 Acc 0.9796 AUC 0.9986 Pre 0.9795 Rec 0.9795
2026-08-30 01:32:37 | Diag logvar_q_mean=0.0000 logvar_q_clamp=0.0000 kappa_log10=7.1474
2026-08-30 01:32:40 | Epoch 282/400 | Train Loss 1.7035 Acc 0.9997 | Val Loss 6.4929 Acc 0.9789 AUC 0.9988 Pre 0.9789 Rec 0.9788
2026-08-30 01:32:41 | Diag logvar_q_mean=0.0000 logvar_q_clamp=0.0000 kappa_log10=6.9779
2026-08-30 01:32:44 | Epoch 283/400 | Train Loss 1.7353 Acc 0.9996 | Val Loss 6.2200 Acc 0.9788 AUC 0.9987 Pre 0.9787 Rec 0.9787
2026-08-30 01:32:45 | Diag logvar_q_mean=0.0000 logvar_q_clamp=0.0000 kappa_log10=6.7916
2026-08-30 01:32:48 | Epoch 284/400 | Train Loss 1.7326 Acc 0.9996 | Val Loss 6.4963 Acc 0.9793 AUC 0.9986 Pre 0.9793 Rec 0.9792
2026-08-30 01:32:49 | Diag logvar_q_mean=0.0000 logvar_q_clamp=0.0000 kappa_log10=6.4812
2026-08-30 01:32:52 | Epoch 285/400 | Train Loss 1.6812 Acc 0.9998 | Val Loss 6.3087 Acc 0.9784 AUC 0.9986 Pre 0.9783 Rec 0.9783
2026-08-30 01:32:52 | Diag logvar_q_mean=0.0000 logvar_q_clamp=0.0000 kappa_log10=6.6223
2026-08-30 01:32:56 | Epoch 286/400 | Train Loss 1.6938 Acc 0.9998 | Val Loss 6.6597 Acc 0.9761 AUC 0.9986 Pre 0.9761 Rec 0.9760
2026-08-30 01:32:56 | Diag logvar_q_mean=0.0000 logvar_q_clamp=0.0000 kappa_log10=6.5120
2026-08-30 01:33:00 | Epoch 287/400 | Train Loss 1.6976 Acc 0.9996 | Val Loss 6.4608 Acc 0.9794 AUC 0.9987 Pre 0.9793 Rec 0.9793
2026-08-30 01:33:00 | Diag logvar_q_mean=0.0000 logvar_q_clamp=0.0000 kappa_log10=7.0225
2026-08-30 01:33:03 | Epoch 288/400 | Train Loss 1.7379 Acc 0.9997 | Val Loss 6.1944 Acc 0.9798 AUC 0.9987 Pre 0.9798 Rec 0.9797
2026-08-30 01:33:04 | Diag logvar_q_mean=0.0000 logvar_q_clamp=0.0000 kappa_log10=6.8279
2026-08-30 01:33:07 | Epoch 289/400 | Train Loss 1.7713 Acc 0.9996 | Val Loss 6.4884 Acc 0.9775 AUC 0.9985 Pre 0.9775 Rec 0.9774
2026-08-30 01:33:08 | Diag logvar_q_mean=0.0000 logvar_q_clamp=0.0000 kappa_log10=6.8606
2026-08-30 01:33:11 | Epoch 290/400 | Train Loss 1.7447 Acc 0.9996 | Val Loss 6.3218 Acc 0.9782 AUC 0.9986 Pre 0.9780 Rec 0.9782
2026-08-30 01:33:11 | Diag logvar_q_mean=0.0000 logvar_q_clamp=0.0000 kappa_log10=6.6165
2026-08-30 01:33:15 | Epoch 291/400 | Train Loss 1.6840 Acc 0.9998 | Val Loss 6.4472 Acc 0.9789 AUC 0.9986 Pre 0.9789 Rec 0.9789
2026-08-30 01:33:15 | Diag logvar_q_mean=0.0000 logvar_q_clamp=0.0000 kappa_log10=6.9255
2026-08-30 01:33:19 | Epoch 292/400 | Train Loss 1.6786 Acc 0.9998 | Val Loss 6.3639 Acc 0.9791 AUC 0.9984 Pre 0.9790 Rec 0.9790
2026-08-30 01:33:19 | Diag logvar_q_mean=0.0000 logvar_q_clamp=0.0000 kappa_log10=6.5589
2026-08-30 01:33:23 | Epoch 293/400 | Train Loss 1.7090 Acc 0.9998 | Val Loss 6.2951 Acc 0.9788 AUC 0.9987 Pre 0.9788 Rec 0.9787
2026-08-30 01:33:23 | Diag logvar_q_mean=0.0000 logvar_q_clamp=0.0000 kappa_log10=6.1624
2026-08-30 01:33:26 | Epoch 294/400 | Train Loss 1.6988 Acc 0.9998 | Val Loss 6.2815 Acc 0.9790 AUC 0.9986 Pre 0.9790 Rec 0.9789
2026-08-30 01:33:27 | Diag logvar_q_mean=0.0000 logvar_q_clamp=0.0000 kappa_log10=7.4353
2026-08-30 01:33:30 | Epoch 295/400 | Train Loss 1.6581 Acc 0.9999 | Val Loss 6.5943 Acc 0.9776 AUC 0.9986 Pre 0.9776 Rec 0.9775
2026-08-30 01:33:31 | Diag logvar_q_mean=0.0000 logvar_q_clamp=0.0000 kappa_log10=7.6501
2026-08-30 01:33:34 | Epoch 296/400 | Train Loss 1.7055 Acc 0.9997 | Val Loss 6.3139 Acc 0.9788 AUC 0.9984 Pre 0.9787 Rec 0.9788
2026-08-30 01:33:35 | Diag logvar_q_mean=0.0000 logvar_q_clamp=0.0000 kappa_log10=6.9237
2026-08-30 01:33:38 | Epoch 297/400 | Train Loss 1.6711 Acc 0.9996 | Val Loss 6.3241 Acc 0.9779 AUC 0.9986 Pre 0.9779 Rec 0.9778
2026-08-30 01:33:39 | Diag logvar_q_mean=0.0000 logvar_q_clamp=0.0000 kappa_log10=6.6681
2026-08-30 01:33:42 | Epoch 298/400 | Train Loss 1.6483 Acc 0.9998 | Val Loss 6.4124 Acc 0.9786 AUC 0.9983 Pre 0.9785 Rec 0.9785
2026-08-30 01:33:42 | Diag logvar_q_mean=0.0000 logvar_q_clamp=0.0000 kappa_log10=6.6628
2026-08-30 01:33:46 | Epoch 299/400 | Train Loss 1.6740 Acc 0.9998 | Val Loss 6.4363 Acc 0.9774 AUC 0.9986 Pre 0.9774 Rec 0.9774
2026-08-30 01:33:46 | Diag logvar_q_mean=0.0000 logvar_q_clamp=0.0000 kappa_log10=7.5381
2026-08-30 01:33:50 | Epoch 300/400 | Train Loss 1.7566 Acc 0.9996 | Val Loss 6.4265 Acc 0.9793 AUC 0.9985 Pre 0.9793 Rec 0.9792
2026-08-30 01:33:50 | Diag logvar_q_mean=0.0000 logvar_q_clamp=0.0000 kappa_log10=6.5467
2026-08-30 01:33:54 | Epoch 301/400 | Train Loss 1.7220 Acc 0.9998 | Val Loss 6.3615 Acc 0.9778 AUC 0.9986 Pre 0.9777 Rec 0.9776
2026-08-30 01:33:54 | Diag logvar_q_mean=0.0000 logvar_q_clamp=0.0000 kappa_log10=6.3011
2026-08-30 01:33:58 | Epoch 302/400 | Train Loss 1.6608 Acc 0.9997 | Val Loss 6.4147 Acc 0.9787 AUC 0.9986 Pre 0.9786 Rec 0.9786
2026-08-30 01:33:58 | Diag logvar_q_mean=0.0000 logvar_q_clamp=0.0000 kappa_log10=6.4172
2026-08-30 01:34:02 | Epoch 303/400 | Train Loss 1.6499 Acc 0.9998 | Val Loss 6.3884 Acc 0.9791 AUC 0.9986 Pre 0.9791 Rec 0.9790
2026-08-30 01:34:02 | Diag logvar_q_mean=0.0000 logvar_q_clamp=0.0000 kappa_log10=8.2584
2026-08-30 01:34:05 | Epoch 304/400 | Train Loss 1.6659 Acc 0.9997 | Val Loss 6.1813 Acc 0.9788 AUC 0.9986 Pre 0.9786 Rec 0.9788
2026-08-30 01:34:06 | Diag logvar_q_mean=0.0000 logvar_q_clamp=0.0000 kappa_log10=6.9588
2026-08-30 01:34:09 | Epoch 305/400 | Train Loss 1.6534 Acc 0.9997 | Val Loss 6.3922 Acc 0.9789 AUC 0.9987 Pre 0.9787 Rec 0.9788
2026-08-30 01:34:10 | Diag logvar_q_mean=0.0000 logvar_q_clamp=0.0000 kappa_log10=6.2994
2026-08-30 01:34:13 | Epoch 306/400 | Train Loss 1.7083 Acc 0.9996 | Val Loss 6.4356 Acc 0.9784 AUC 0.9987 Pre 0.9783 Rec 0.9783
2026-08-30 01:34:13 | Diag logvar_q_mean=0.0000 logvar_q_clamp=0.0000 kappa_log10=6.7290
2026-08-30 01:34:17 | Epoch 307/400 | Train Loss 1.6914 Acc 0.9997 | Val Loss 6.4344 Acc 0.9786 AUC 0.9986 Pre 0.9785 Rec 0.9784
2026-08-30 01:34:17 | Diag logvar_q_mean=0.0000 logvar_q_clamp=0.0000 kappa_log10=6.2424
2026-08-30 01:34:20 | Epoch 308/400 | Train Loss 1.7182 Acc 0.9996 | Val Loss 6.6511 Acc 0.9774 AUC 0.9986 Pre 0.9773 Rec 0.9772
2026-08-30 01:34:21 | Diag logvar_q_mean=0.0000 logvar_q_clamp=0.0000 kappa_log10=6.9450
2026-08-30 01:34:24 | Epoch 309/400 | Train Loss 1.7440 Acc 0.9995 | Val Loss 6.3319 Acc 0.9774 AUC 0.9986 Pre 0.9773 Rec 0.9772
2026-08-30 01:34:24 | Diag logvar_q_mean=0.0000 logvar_q_clamp=0.0000 kappa_log10=7.5015
2026-08-30 01:34:28 | Epoch 310/400 | Train Loss 1.6862 Acc 0.9997 | Val Loss 6.1951 Acc 0.9796 AUC 0.9984 Pre 0.9795 Rec 0.9795
2026-08-30 01:34:28 | Diag logvar_q_mean=0.0000 logvar_q_clamp=0.0000 kappa_log10=6.3122
2026-08-30 01:34:31 | Epoch 311/400 | Train Loss 1.7536 Acc 0.9997 | Val Loss 6.7931 Acc 0.9758 AUC 0.9984 Pre 0.9757 Rec 0.9757
2026-08-30 01:34:32 | Diag logvar_q_mean=0.0000 logvar_q_clamp=0.0000 kappa_log10=6.8824
2026-08-30 01:34:35 | Epoch 312/400 | Train Loss 1.7202 Acc 0.9996 | Val Loss 6.2244 Acc 0.9775 AUC 0.9986 Pre 0.9774 Rec 0.9773
2026-08-30 01:34:36 | Diag logvar_q_mean=0.0000 logvar_q_clamp=0.0000 kappa_log10=7.9886
2026-08-30 01:34:39 | Epoch 313/400 | Train Loss 1.7088 Acc 0.9998 | Val Loss 6.6641 Acc 0.9767 AUC 0.9985 Pre 0.9767 Rec 0.9766
2026-08-30 01:34:40 | Diag logvar_q_mean=0.0000 logvar_q_clamp=0.0000 kappa_log10=6.4669
2026-08-30 01:34:43 | Epoch 314/400 | Train Loss 1.7242 Acc 0.9997 | Val Loss 6.4086 Acc 0.9785 AUC 0.9986 Pre 0.9785 Rec 0.9783
2026-08-30 01:34:44 | Diag logvar_q_mean=0.0000 logvar_q_clamp=0.0000 kappa_log10=6.8239
2026-08-30 01:34:47 | Epoch 315/400 | Train Loss 1.6950 Acc 0.9997 | Val Loss 6.5124 Acc 0.9785 AUC 0.9986 Pre 0.9784 Rec 0.9784
2026-08-30 01:34:47 | Diag logvar_q_mean=0.0000 logvar_q_clamp=0.0000 kappa_log10=6.5575
2026-08-30 01:34:51 | Epoch 316/400 | Train Loss 1.7443 Acc 0.9995 | Val Loss 6.6431 Acc 0.9779 AUC 0.9986 Pre 0.9779 Rec 0.9778
2026-08-30 01:34:51 | Diag logvar_q_mean=0.0000 logvar_q_clamp=0.0000 kappa_log10=7.7550
2026-08-30 01:34:55 | Epoch 317/400 | Train Loss 1.7105 Acc 0.9997 | Val Loss 6.7195 Acc 0.9773 AUC 0.9986 Pre 0.9773 Rec 0.9772
2026-08-30 01:34:55 | Diag logvar_q_mean=0.0000 logvar_q_clamp=0.0000 kappa_log10=6.9644
2026-08-30 01:34:59 | Epoch 318/400 | Train Loss 1.7048 Acc 0.9997 | Val Loss 6.4877 Acc 0.9782 AUC 0.9986 Pre 0.9782 Rec 0.9781
2026-08-30 01:34:59 | Diag logvar_q_mean=0.0000 logvar_q_clamp=0.0000 kappa_log10=7.7643
2026-08-30 01:35:02 | Epoch 319/400 | Train Loss 1.7367 Acc 0.9996 | Val Loss 6.5435 Acc 0.9782 AUC 0.9984 Pre 0.9783 Rec 0.9780
2026-08-30 01:35:03 | Diag logvar_q_mean=0.0000 logvar_q_clamp=0.0000 kappa_log10=6.5860
2026-08-30 01:35:06 | Epoch 320/400 | Train Loss 1.6804 Acc 0.9996 | Val Loss 6.3800 Acc 0.9789 AUC 0.9984 Pre 0.9788 Rec 0.9788
2026-08-30 01:35:07 | Diag logvar_q_mean=0.0000 logvar_q_clamp=0.0000 kappa_log10=6.7284
2026-08-30 01:35:10 | Epoch 321/400 | Train Loss 1.6666 Acc 0.9998 | Val Loss 6.5574 Acc 0.9782 AUC 0.9985 Pre 0.9782 Rec 0.9782
2026-08-30 01:35:11 | Diag logvar_q_mean=0.0000 logvar_q_clamp=0.0000 kappa_log10=7.4707
2026-08-30 01:35:14 | Epoch 322/400 | Train Loss 1.7102 Acc 0.9997 | Val Loss 6.5612 Acc 0.9781 AUC 0.9987 Pre 0.9780 Rec 0.9780
2026-08-30 01:35:15 | Diag logvar_q_mean=0.0000 logvar_q_clamp=0.0000 kappa_log10=6.6060
2026-08-30 01:35:18 | Epoch 323/400 | Train Loss 1.6776 Acc 0.9997 | Val Loss 6.5731 Acc 0.9783 AUC 0.9986 Pre 0.9782 Rec 0.9782
2026-08-30 01:35:18 | Diag logvar_q_mean=0.0000 logvar_q_clamp=0.0000 kappa_log10=7.0084
2026-08-30 01:35:22 | Epoch 324/400 | Train Loss 1.7027 Acc 0.9997 | Val Loss 6.7040 Acc 0.9785 AUC 0.9987 Pre 0.9784 Rec 0.9785
2026-08-30 01:35:22 | Diag logvar_q_mean=0.0000 logvar_q_clamp=0.0000 kappa_log10=6.9740
2026-08-30 01:35:26 | Epoch 325/400 | Train Loss 1.6915 Acc 0.9996 | Val Loss 6.6699 Acc 0.9779 AUC 0.9986 Pre 0.9779 Rec 0.9778
2026-08-30 01:35:26 | Diag logvar_q_mean=0.0000 logvar_q_clamp=0.0000 kappa_log10=7.2877
2026-08-30 01:35:29 | Epoch 326/400 | Train Loss 1.6564 Acc 0.9998 | Val Loss 6.3557 Acc 0.9784 AUC 0.9985 Pre 0.9782 Rec 0.9784
2026-08-30 01:35:30 | Diag logvar_q_mean=0.0000 logvar_q_clamp=0.0000 kappa_log10=6.8966
2026-08-30 01:35:34 | Epoch 327/400 | Train Loss 1.6856 Acc 0.9996 | Val Loss 6.3993 Acc 0.9781 AUC 0.9986 Pre 0.9781 Rec 0.9781
2026-08-30 01:35:34 | Diag logvar_q_mean=0.0000 logvar_q_clamp=0.0000 kappa_log10=6.3621
2026-08-30 01:35:37 | Epoch 328/400 | Train Loss 1.7234 Acc 0.9997 | Val Loss 6.5684 Acc 0.9781 AUC 0.9988 Pre 0.9781 Rec 0.9780
2026-08-30 01:35:38 | Diag logvar_q_mean=0.0000 logvar_q_clamp=0.0000 kappa_log10=6.4951
2026-08-30 01:35:41 | Epoch 329/400 | Train Loss 1.6916 Acc 0.9997 | Val Loss 6.6554 Acc 0.9777 AUC 0.9988 Pre 0.9778 Rec 0.9776
2026-08-30 01:35:42 | Diag logvar_q_mean=0.0000 logvar_q_clamp=0.0000 kappa_log10=6.8159
2026-08-30 01:35:45 | Epoch 330/400 | Train Loss 1.7325 Acc 0.9996 | Val Loss 6.7029 Acc 0.9778 AUC 0.9986 Pre 0.9778 Rec 0.9777
2026-08-30 01:35:46 | Diag logvar_q_mean=0.0000 logvar_q_clamp=0.0000 kappa_log10=6.4416
2026-08-30 01:35:49 | Epoch 331/400 | Train Loss 1.7050 Acc 0.9997 | Val Loss 6.8521 Acc 0.9776 AUC 0.9986 Pre 0.9777 Rec 0.9775
2026-08-30 01:35:50 | Diag logvar_q_mean=0.0000 logvar_q_clamp=0.0000 kappa_log10=6.3775
2026-08-30 01:35:53 | Epoch 332/400 | Train Loss 1.6842 Acc 0.9997 | Val Loss 6.5491 Acc 0.9770 AUC 0.9986 Pre 0.9770 Rec 0.9768
2026-08-30 01:35:54 | Diag logvar_q_mean=0.0000 logvar_q_clamp=0.0000 kappa_log10=6.6027
2026-08-30 01:35:57 | Epoch 333/400 | Train Loss 1.7250 Acc 0.9997 | Val Loss 6.8668 Acc 0.9775 AUC 0.9987 Pre 0.9776 Rec 0.9775
2026-08-30 01:35:58 | Diag logvar_q_mean=0.0000 logvar_q_clamp=0.0000 kappa_log10=6.9592
2026-08-30 01:36:01 | Epoch 334/400 | Train Loss 1.7085 Acc 0.9997 | Val Loss 6.5051 Acc 0.9774 AUC 0.9987 Pre 0.9775 Rec 0.9773
2026-08-30 01:36:02 | Diag logvar_q_mean=0.0000 logvar_q_clamp=0.0000 kappa_log10=6.4143
2026-08-30 01:36:05 | Epoch 335/400 | Train Loss 1.6854 Acc 0.9996 | Val Loss 6.6369 Acc 0.9777 AUC 0.9986 Pre 0.9777 Rec 0.9777
2026-08-30 01:36:05 | Diag logvar_q_mean=0.0000 logvar_q_clamp=0.0000 kappa_log10=6.3095
2026-08-30 01:36:09 | Epoch 336/400 | Train Loss 1.7171 Acc 0.9995 | Val Loss 7.0812 Acc 0.9764 AUC 0.9986 Pre 0.9764 Rec 0.9763
2026-08-30 01:36:09 | Diag logvar_q_mean=0.0000 logvar_q_clamp=0.0000 kappa_log10=6.2589
2026-08-30 01:36:13 | Epoch 337/400 | Train Loss 1.7225 Acc 0.9997 | Val Loss 6.7550 Acc 0.9752 AUC 0.9986 Pre 0.9752 Rec 0.9751
2026-08-30 01:36:13 | Diag logvar_q_mean=0.0000 logvar_q_clamp=0.0000 kappa_log10=7.1468
2026-08-30 01:36:16 | Epoch 338/400 | Train Loss 1.6697 Acc 0.9997 | Val Loss 6.4111 Acc 0.9783 AUC 0.9987 Pre 0.9782 Rec 0.9783
2026-08-30 01:36:17 | Diag logvar_q_mean=0.0000 logvar_q_clamp=0.0000 kappa_log10=6.3935
2026-08-30 01:36:20 | Epoch 339/400 | Train Loss 1.6486 Acc 0.9997 | Val Loss 6.4674 Acc 0.9773 AUC 0.9986 Pre 0.9773 Rec 0.9772
2026-08-30 01:36:21 | Diag logvar_q_mean=0.0000 logvar_q_clamp=0.0000 kappa_log10=6.6822
2026-08-30 01:36:24 | Epoch 340/400 | Train Loss 1.6633 Acc 0.9996 | Val Loss 6.2770 Acc 0.9778 AUC 0.9987 Pre 0.9779 Rec 0.9776
2026-08-30 01:36:25 | Diag logvar_q_mean=0.0000 logvar_q_clamp=0.0000 kappa_log10=6.2658
2026-08-30 01:36:28 | Epoch 341/400 | Train Loss 1.6803 Acc 0.9997 | Val Loss 6.4290 Acc 0.9792 AUC 0.9986 Pre 0.9792 Rec 0.9790
2026-08-30 01:36:28 | Diag logvar_q_mean=0.0000 logvar_q_clamp=0.0000 kappa_log10=7.2747
2026-08-30 01:36:32 | Epoch 342/400 | Train Loss 1.6488 Acc 0.9996 | Val Loss 6.5454 Acc 0.9786 AUC 0.9985 Pre 0.9786 Rec 0.9785
2026-08-30 01:36:32 | Diag logvar_q_mean=0.0000 logvar_q_clamp=0.0000 kappa_log10=7.6101
2026-08-30 01:36:36 | Epoch 343/400 | Train Loss 1.6860 Acc 0.9997 | Val Loss 6.7554 Acc 0.9765 AUC 0.9985 Pre 0.9765 Rec 0.9763
2026-08-30 01:36:36 | Diag logvar_q_mean=0.0000 logvar_q_clamp=0.0000 kappa_log10=6.5109
2026-08-30 01:36:40 | Epoch 344/400 | Train Loss 1.6511 Acc 0.9997 | Val Loss 6.5300 Acc 0.9783 AUC 0.9986 Pre 0.9782 Rec 0.9782
2026-08-30 01:36:40 | Diag logvar_q_mean=0.0000 logvar_q_clamp=0.0000 kappa_log10=6.4941
2026-08-30 01:36:43 | Epoch 345/400 | Train Loss 1.6500 Acc 0.9996 | Val Loss 6.5554 Acc 0.9779 AUC 0.9985 Pre 0.9779 Rec 0.9778
2026-08-30 01:36:44 | Diag logvar_q_mean=0.0000 logvar_q_clamp=0.0000 kappa_log10=6.5006
2026-08-30 01:36:47 | Epoch 346/400 | Train Loss 1.6999 Acc 0.9996 | Val Loss 6.5788 Acc 0.9781 AUC 0.9987 Pre 0.9780 Rec 0.9780
2026-08-30 01:36:48 | Diag logvar_q_mean=0.0000 logvar_q_clamp=0.0000 kappa_log10=6.2258
2026-08-30 01:36:51 | Epoch 347/400 | Train Loss 1.7172 Acc 0.9996 | Val Loss 6.5085 Acc 0.9782 AUC 0.9985 Pre 0.9782 Rec 0.9781
2026-08-30 01:36:52 | Diag logvar_q_mean=0.0000 logvar_q_clamp=0.0000 kappa_log10=6.6237
2026-08-30 01:36:55 | Epoch 348/400 | Train Loss 1.6781 Acc 0.9996 | Val Loss 6.7401 Acc 0.9779 AUC 0.9983 Pre 0.9779 Rec 0.9778
2026-08-30 01:36:55 | Diag logvar_q_mean=0.0000 logvar_q_clamp=0.0000 kappa_log10=7.1344
2026-08-30 01:36:59 | Epoch 349/400 | Train Loss 1.7135 Acc 0.9997 | Val Loss 6.5203 Acc 0.9794 AUC 0.9986 Pre 0.9794 Rec 0.9793
2026-08-30 01:36:59 | Diag logvar_q_mean=0.0000 logvar_q_clamp=0.0000 kappa_log10=6.4841
2026-08-30 01:37:02 | Epoch 350/400 | Train Loss 1.6440 Acc 0.9998 | Val Loss 6.4743 Acc 0.9783 AUC 0.9987 Pre 0.9783 Rec 0.9783
2026-08-30 01:37:03 | Diag logvar_q_mean=0.0000 logvar_q_clamp=0.0000 kappa_log10=6.5587
2026-08-30 01:37:06 | Epoch 351/400 | Train Loss 1.6445 Acc 0.9997 | Val Loss 6.6004 Acc 0.9783 AUC 0.9987 Pre 0.9782 Rec 0.9783
2026-08-30 01:37:07 | Diag logvar_q_mean=0.0000 logvar_q_clamp=0.0000 kappa_log10=6.0054
2026-08-30 01:37:10 | Epoch 352/400 | Train Loss 1.7068 Acc 0.9996 | Val Loss 6.8675 Acc 0.9772 AUC 0.9985 Pre 0.9771 Rec 0.9772
2026-08-30 01:37:10 | Diag logvar_q_mean=0.0000 logvar_q_clamp=0.0000 kappa_log10=7.2223
2026-08-30 01:37:14 | Epoch 353/400 | Train Loss 1.6218 Acc 0.9998 | Val Loss 6.5922 Acc 0.9785 AUC 0.9985 Pre 0.9784 Rec 0.9784
2026-08-30 01:37:14 | Diag logvar_q_mean=0.0000 logvar_q_clamp=0.0000 kappa_log10=7.0012
2026-08-30 01:37:18 | Epoch 354/400 | Train Loss 1.5931 Acc 0.9997 | Val Loss 6.5295 Acc 0.9782 AUC 0.9987 Pre 0.9782 Rec 0.9782
2026-08-30 01:37:18 | Diag logvar_q_mean=0.0000 logvar_q_clamp=0.0000 kappa_log10=7.0498
2026-08-30 01:37:21 | Epoch 355/400 | Train Loss 1.6718 Acc 0.9997 | Val Loss 6.9510 Acc 0.9760 AUC 0.9985 Pre 0.9761 Rec 0.9759
2026-08-30 01:37:22 | Diag logvar_q_mean=0.0000 logvar_q_clamp=0.0000 kappa_log10=6.6794
2026-08-30 01:37:25 | Epoch 356/400 | Train Loss 1.6621 Acc 0.9997 | Val Loss 6.5355 Acc 0.9778 AUC 0.9986 Pre 0.9778 Rec 0.9778
2026-08-30 01:37:26 | Diag logvar_q_mean=0.0000 logvar_q_clamp=0.0000 kappa_log10=6.8930
2026-08-30 01:37:29 | Epoch 357/400 | Train Loss 1.6412 Acc 0.9997 | Val Loss 6.4905 Acc 0.9771 AUC 0.9987 Pre 0.9771 Rec 0.9771
2026-08-30 01:37:29 | Diag logvar_q_mean=0.0000 logvar_q_clamp=0.0000 kappa_log10=7.0537
2026-08-30 01:37:33 | Epoch 358/400 | Train Loss 1.6033 Acc 0.9996 | Val Loss 6.3342 Acc 0.9778 AUC 0.9987 Pre 0.9777 Rec 0.9778
2026-08-30 01:37:33 | Diag logvar_q_mean=0.0000 logvar_q_clamp=0.0000 kappa_log10=6.7490
2026-08-30 01:37:36 | Epoch 359/400 | Train Loss 1.6438 Acc 0.9998 | Val Loss 6.4048 Acc 0.9787 AUC 0.9984 Pre 0.9786 Rec 0.9786
2026-08-30 01:37:37 | Diag logvar_q_mean=0.0000 logvar_q_clamp=0.0000 kappa_log10=7.1027
2026-08-30 01:37:40 | Epoch 360/400 | Train Loss 1.6178 Acc 0.9997 | Val Loss 6.5033 Acc 0.9789 AUC 0.9984 Pre 0.9789 Rec 0.9789
2026-08-30 01:37:41 | Diag logvar_q_mean=0.0000 logvar_q_clamp=0.0000 kappa_log10=6.6577
2026-08-30 01:37:44 | Epoch 361/400 | Train Loss 1.6736 Acc 0.9998 | Val Loss 6.8539 Acc 0.9762 AUC 0.9986 Pre 0.9762 Rec 0.9761
2026-08-30 01:37:45 | Diag logvar_q_mean=0.0000 logvar_q_clamp=0.0000 kappa_log10=6.4698
2026-08-30 01:37:48 | Epoch 362/400 | Train Loss 1.6370 Acc 0.9997 | Val Loss 6.4526 Acc 0.9788 AUC 0.9985 Pre 0.9787 Rec 0.9787
2026-08-30 01:37:48 | Diag logvar_q_mean=0.0000 logvar_q_clamp=0.0000 kappa_log10=6.7921
2026-08-30 01:37:52 | Epoch 363/400 | Train Loss 1.6383 Acc 0.9998 | Val Loss 6.5556 Acc 0.9778 AUC 0.9985 Pre 0.9777 Rec 0.9777
2026-08-30 01:37:52 | Diag logvar_q_mean=0.0000 logvar_q_clamp=0.0000 kappa_log10=7.1309
2026-08-30 01:37:55 | Epoch 364/400 | Train Loss 1.6490 Acc 0.9998 | Val Loss 6.4844 Acc 0.9782 AUC 0.9986 Pre 0.9780 Rec 0.9781
2026-08-30 01:37:56 | Diag logvar_q_mean=0.0000 logvar_q_clamp=0.0000 kappa_log10=6.4890
2026-08-30 01:37:59 | Epoch 365/400 | Train Loss 1.6190 Acc 0.9998 | Val Loss 6.4695 Acc 0.9780 AUC 0.9985 Pre 0.9779 Rec 0.9780
2026-08-30 01:37:59 | Diag logvar_q_mean=0.0000 logvar_q_clamp=0.0000 kappa_log10=8.3917
2026-08-30 01:38:03 | Epoch 366/400 | Train Loss 1.7092 Acc 0.9998 | Val Loss 6.9235 Acc 0.9767 AUC 0.9983 Pre 0.9767 Rec 0.9766
2026-08-30 01:38:03 | Diag logvar_q_mean=0.0000 logvar_q_clamp=0.0000 kappa_log10=6.8256
2026-08-30 01:38:06 | Epoch 367/400 | Train Loss 1.6846 Acc 0.9997 | Val Loss 6.7029 Acc 0.9767 AUC 0.9984 Pre 0.9766 Rec 0.9767
2026-08-30 01:38:07 | Diag logvar_q_mean=0.0000 logvar_q_clamp=0.0000 kappa_log10=6.5947
2026-08-30 01:38:10 | Epoch 368/400 | Train Loss 1.7107 Acc 0.9995 | Val Loss 6.7514 Acc 0.9779 AUC 0.9984 Pre 0.9778 Rec 0.9779
2026-08-30 01:38:11 | Diag logvar_q_mean=0.0000 logvar_q_clamp=0.0000 kappa_log10=6.6087
2026-08-30 01:38:14 | Epoch 369/400 | Train Loss 1.6846 Acc 0.9996 | Val Loss 7.0567 Acc 0.9765 AUC 0.9982 Pre 0.9765 Rec 0.9765
2026-08-30 01:38:14 | Diag logvar_q_mean=0.0000 logvar_q_clamp=0.0000 kappa_log10=6.3678
2026-08-30 01:38:18 | Epoch 370/400 | Train Loss 1.6552 Acc 0.9996 | Val Loss 6.6453 Acc 0.9766 AUC 0.9980 Pre 0.9764 Rec 0.9766
2026-08-30 01:38:18 | Diag logvar_q_mean=0.0000 logvar_q_clamp=0.0000 kappa_log10=6.6708
2026-08-30 01:38:21 | Epoch 371/400 | Train Loss 1.6147 Acc 0.9997 | Val Loss 6.6056 Acc 0.9777 AUC 0.9983 Pre 0.9775 Rec 0.9776
2026-08-30 01:38:22 | Diag logvar_q_mean=0.0000 logvar_q_clamp=0.0000 kappa_log10=7.0230
2026-08-30 01:38:25 | Epoch 372/400 | Train Loss 1.6558 Acc 0.9997 | Val Loss 6.7208 Acc 0.9772 AUC 0.9984 Pre 0.9772 Rec 0.9772
2026-08-30 01:38:26 | Diag logvar_q_mean=0.0000 logvar_q_clamp=0.0000 kappa_log10=6.8069
2026-08-30 01:38:29 | Epoch 373/400 | Train Loss 1.6403 Acc 0.9998 | Val Loss 6.5750 Acc 0.9771 AUC 0.9985 Pre 0.9771 Rec 0.9770
2026-08-30 01:38:30 | Diag logvar_q_mean=0.0000 logvar_q_clamp=0.0000 kappa_log10=6.9049
2026-08-30 01:38:33 | Epoch 374/400 | Train Loss 1.6750 Acc 0.9997 | Val Loss 6.6702 Acc 0.9780 AUC 0.9983 Pre 0.9779 Rec 0.9780
2026-08-30 01:38:33 | Diag logvar_q_mean=0.0000 logvar_q_clamp=0.0000 kappa_log10=6.2611
2026-08-30 01:38:37 | Epoch 375/400 | Train Loss 1.6836 Acc 0.9997 | Val Loss 6.8789 Acc 0.9776 AUC 0.9985 Pre 0.9776 Rec 0.9775
2026-08-30 01:38:37 | Diag logvar_q_mean=0.0000 logvar_q_clamp=0.0000 kappa_log10=6.6673
2026-08-30 01:38:40 | Epoch 376/400 | Train Loss 1.6426 Acc 0.9997 | Val Loss 6.6227 Acc 0.9772 AUC 0.9986 Pre 0.9771 Rec 0.9771
2026-08-30 01:38:41 | Diag logvar_q_mean=0.0000 logvar_q_clamp=0.0000 kappa_log10=6.5283
2026-08-30 01:38:44 | Epoch 377/400 | Train Loss 1.6606 Acc 0.9997 | Val Loss 6.7306 Acc 0.9772 AUC 0.9983 Pre 0.9772 Rec 0.9771
2026-08-30 01:38:45 | Diag logvar_q_mean=0.0000 logvar_q_clamp=0.0000 kappa_log10=7.1010
2026-08-30 01:38:48 | Epoch 378/400 | Train Loss 1.6155 Acc 0.9998 | Val Loss 6.6813 Acc 0.9772 AUC 0.9986 Pre 0.9771 Rec 0.9771
2026-08-30 01:38:48 | Diag logvar_q_mean=0.0000 logvar_q_clamp=0.0000 kappa_log10=6.6012
2026-08-30 01:38:52 | Epoch 379/400 | Train Loss 1.6962 Acc 0.9995 | Val Loss 6.5990 Acc 0.9782 AUC 0.9986 Pre 0.9781 Rec 0.9781
2026-08-30 01:38:52 | Diag logvar_q_mean=0.0000 logvar_q_clamp=0.0000 kappa_log10=6.5656
2026-08-30 01:38:55 | Epoch 380/400 | Train Loss 1.6432 Acc 0.9997 | Val Loss 6.6655 Acc 0.9773 AUC 0.9986 Pre 0.9774 Rec 0.9772
2026-08-30 01:38:56 | Diag logvar_q_mean=0.0000 logvar_q_clamp=0.0000 kappa_log10=6.5331
2026-08-30 01:38:59 | Epoch 381/400 | Train Loss 1.5748 Acc 0.9998 | Val Loss 6.7855 Acc 0.9769 AUC 0.9985 Pre 0.9768 Rec 0.9767
2026-08-30 01:39:00 | Diag logvar_q_mean=0.0000 logvar_q_clamp=0.0000 kappa_log10=7.4248
2026-08-30 01:39:03 | Epoch 382/400 | Train Loss 1.6482 Acc 0.9997 | Val Loss 6.6919 Acc 0.9785 AUC 0.9986 Pre 0.9785 Rec 0.9785
2026-08-30 01:39:04 | Diag logvar_q_mean=0.0000 logvar_q_clamp=0.0000 kappa_log10=7.3026
2026-08-30 01:39:07 | Epoch 383/400 | Train Loss 1.6766 Acc 0.9997 | Val Loss 6.7719 Acc 0.9767 AUC 0.9985 Pre 0.9766 Rec 0.9767
2026-08-30 01:39:07 | Diag logvar_q_mean=0.0000 logvar_q_clamp=0.0000 kappa_log10=6.5578
2026-08-30 01:39:11 | Epoch 384/400 | Train Loss 1.6605 Acc 0.9997 | Val Loss 6.7696 Acc 0.9760 AUC 0.9986 Pre 0.9760 Rec 0.9760
2026-08-30 01:39:11 | Diag logvar_q_mean=0.0000 logvar_q_clamp=0.0000 kappa_log10=6.6084
2026-08-30 01:39:14 | Epoch 385/400 | Train Loss 1.6720 Acc 0.9996 | Val Loss 6.8592 Acc 0.9762 AUC 0.9984 Pre 0.9762 Rec 0.9762
2026-08-30 01:39:15 | Diag logvar_q_mean=0.0000 logvar_q_clamp=0.0000 kappa_log10=6.9271
2026-08-30 01:39:18 | Epoch 386/400 | Train Loss 1.6868 Acc 0.9996 | Val Loss 6.8823 Acc 0.9772 AUC 0.9985 Pre 0.9772 Rec 0.9771
2026-08-30 01:39:19 | Diag logvar_q_mean=0.0000 logvar_q_clamp=0.0000 kappa_log10=7.0812
2026-08-30 01:39:22 | Epoch 387/400 | Train Loss 1.6300 Acc 0.9998 | Val Loss 6.7428 Acc 0.9766 AUC 0.9986 Pre 0.9766 Rec 0.9765
2026-08-30 01:39:23 | Diag logvar_q_mean=0.0000 logvar_q_clamp=0.0000 kappa_log10=6.3805
2026-08-30 01:39:26 | Epoch 388/400 | Train Loss 1.6989 Acc 0.9996 | Val Loss 6.6665 Acc 0.9756 AUC 0.9987 Pre 0.9756 Rec 0.9754
2026-08-30 01:39:26 | Diag logvar_q_mean=0.0000 logvar_q_clamp=0.0000 kappa_log10=6.3098
2026-08-30 01:39:30 | Epoch 389/400 | Train Loss 1.6754 Acc 0.9998 | Val Loss 6.4919 Acc 0.9778 AUC 0.9987 Pre 0.9777 Rec 0.9777
2026-08-30 01:39:30 | Diag logvar_q_mean=0.0000 logvar_q_clamp=0.0000 kappa_log10=6.3219
2026-08-30 01:39:34 | Epoch 390/400 | Train Loss 1.6479 Acc 0.9997 | Val Loss 6.6091 Acc 0.9770 AUC 0.9987 Pre 0.9770 Rec 0.9770
2026-08-30 01:39:34 | Diag logvar_q_mean=0.0000 logvar_q_clamp=0.0000 kappa_log10=7.2663
2026-08-30 01:39:37 | Epoch 391/400 | Train Loss 1.6924 Acc 0.9996 | Val Loss 6.6068 Acc 0.9759 AUC 0.9987 Pre 0.9758 Rec 0.9759
2026-08-30 01:39:38 | Diag logvar_q_mean=0.0000 logvar_q_clamp=0.0000 kappa_log10=6.1474
2026-08-30 01:39:41 | Epoch 392/400 | Train Loss 1.6434 Acc 0.9997 | Val Loss 6.4949 Acc 0.9774 AUC 0.9987 Pre 0.9773 Rec 0.9774
2026-08-30 01:39:42 | Diag logvar_q_mean=0.0000 logvar_q_clamp=0.0000 kappa_log10=6.5882
2026-08-30 01:39:45 | Epoch 393/400 | Train Loss 1.6620 Acc 0.9997 | Val Loss 6.6616 Acc 0.9764 AUC 0.9985 Pre 0.9763 Rec 0.9762
2026-08-30 01:39:45 | Diag logvar_q_mean=0.0000 logvar_q_clamp=0.0000 kappa_log10=7.1345
2026-08-30 01:39:49 | Epoch 394/400 | Train Loss 1.6347 Acc 0.9998 | Val Loss 6.6784 Acc 0.9770 AUC 0.9984 Pre 0.9769 Rec 0.9769
2026-08-30 01:39:49 | Diag logvar_q_mean=0.0000 logvar_q_clamp=0.0000 kappa_log10=6.5748
2026-08-30 01:39:52 | Epoch 395/400 | Train Loss 1.6432 Acc 0.9996 | Val Loss 6.8675 Acc 0.9766 AUC 0.9984 Pre 0.9765 Rec 0.9766
2026-08-30 01:39:53 | Diag logvar_q_mean=0.0000 logvar_q_clamp=0.0000 kappa_log10=7.0039
2026-08-30 01:39:56 | Epoch 396/400 | Train Loss 1.6836 Acc 0.9995 | Val Loss 6.8552 Acc 0.9768 AUC 0.9986 Pre 0.9766 Rec 0.9767
2026-08-30 01:39:57 | Diag logvar_q_mean=0.0000 logvar_q_clamp=0.0000 kappa_log10=6.5681
2026-08-30 01:40:00 | Epoch 397/400 | Train Loss 1.6406 Acc 0.9998 | Val Loss 6.7345 Acc 0.9774 AUC 0.9985 Pre 0.9772 Rec 0.9773
2026-08-30 01:40:01 | Diag logvar_q_mean=0.0000 logvar_q_clamp=0.0000 kappa_log10=6.3589
2026-08-30 01:40:04 | Epoch 398/400 | Train Loss 1.6431 Acc 0.9996 | Val Loss 6.6529 Acc 0.9773 AUC 0.9983 Pre 0.9772 Rec 0.9773
2026-08-30 01:40:04 | Diag logvar_q_mean=0.0000 logvar_q_clamp=0.0000 kappa_log10=6.7719
2026-08-30 01:40:08 | Epoch 399/400 | Train Loss 1.6424 Acc 0.9998 | Val Loss 6.7517 Acc 0.9776 AUC 0.9983 Pre 0.9776 Rec 0.9776
2026-08-30 01:40:08 | Diag logvar_q_mean=0.0000 logvar_q_clamp=0.0000 kappa_log10=7.3401
2026-08-30 01:40:11 | Epoch 400/400 | Train Loss 1.6239 Acc 0.9998 | Val Loss 6.4894 Acc 0.9785 AUC 0.9986 Pre 0.9784 Rec 0.9785
2026-08-30 01:40:12 | Diag logvar_q_mean=0.0000 logvar_q_clamp=0.0000 kappa_log10=6.8368
2026-08-30 01:40:12 | Run 3/5 | Test (best model @ Epoch 9) | Loss 5.5636 Acc 0.9824 AUC 0.9997 Pre 0.9824 Rec 0.9822
2026-08-30 01:40:12 | ===== Run 4/5 (seed 3) =====
2026-08-30 01:40:16 | Epoch   1/400 | Train Loss 44.3242 Acc 0.8164 | Val Loss 14.0906 Acc 0.9525 AUC 0.9977 Pre 0.9520 Rec 0.9521
2026-08-30 01:40:16 | Diag logvar_q_mean=0.0000 logvar_q_clamp=0.0000 kappa_log10=3.1293
2026-08-30 01:40:16 |   Val AUC improved to 0.9977, model saved
2026-08-30 01:40:20 | Epoch   2/400 | Train Loss 14.9270 Acc 0.9648 | Val Loss 9.5268 Acc 0.9670 AUC 0.9989 Pre 0.9668 Rec 0.9668
2026-08-30 01:40:20 | Diag logvar_q_mean=0.0000 logvar_q_clamp=0.0000 kappa_log10=3.7285
2026-08-30 01:40:20 |   Val AUC improved to 0.9989, model saved
2026-08-30 01:40:23 | Epoch   3/400 | Train Loss 11.1771 Acc 0.9765 | Val Loss 8.3936 Acc 0.9724 AUC 0.9992 Pre 0.9720 Rec 0.9724
2026-08-30 01:40:24 | Diag logvar_q_mean=0.0000 logvar_q_clamp=0.0000 kappa_log10=4.2074
2026-08-30 01:40:24 |   Val AUC improved to 0.9992, model saved
2026-08-30 01:40:27 | Epoch   4/400 | Train Loss 9.2936 Acc 0.9822 | Val Loss 6.9814 Acc 0.9768 AUC 0.9994 Pre 0.9766 Rec 0.9767
2026-08-30 01:40:28 | Diag logvar_q_mean=0.0000 logvar_q_clamp=0.0000 kappa_log10=4.7803
2026-08-30 01:40:28 |   Val AUC improved to 0.9994, model saved
2026-08-30 01:40:31 | Epoch   5/400 | Train Loss 8.1287 Acc 0.9857 | Val Loss 6.9751 Acc 0.9779 AUC 0.9995 Pre 0.9777 Rec 0.9777
2026-08-30 01:40:31 | Diag logvar_q_mean=0.0000 logvar_q_clamp=0.0000 kappa_log10=4.5709
2026-08-30 01:40:31 |   Val AUC improved to 0.9995, model saved
2026-08-30 01:40:35 | Epoch   6/400 | Train Loss 7.3670 Acc 0.9880 | Val Loss 6.2435 Acc 0.9793 AUC 0.9994 Pre 0.9791 Rec 0.9792
2026-08-30 01:40:35 | Diag logvar_q_mean=0.0000 logvar_q_clamp=0.0000 kappa_log10=5.1542
2026-08-30 01:40:38 | Epoch   7/400 | Train Loss 6.7305 Acc 0.9908 | Val Loss 5.9863 Acc 0.9810 AUC 0.9993 Pre 0.9808 Rec 0.9808
2026-08-30 01:40:39 | Diag logvar_q_mean=0.0000 logvar_q_clamp=0.0000 kappa_log10=5.0807
2026-08-30 01:40:42 | Epoch   8/400 | Train Loss 6.2806 Acc 0.9918 | Val Loss 5.6977 Acc 0.9817 AUC 0.9995 Pre 0.9816 Rec 0.9815
2026-08-30 01:40:43 | Diag logvar_q_mean=0.0000 logvar_q_clamp=0.0000 kappa_log10=4.4039
2026-08-30 01:40:46 | Epoch   9/400 | Train Loss 5.8095 Acc 0.9934 | Val Loss 5.7025 Acc 0.9809 AUC 0.9995 Pre 0.9807 Rec 0.9807
2026-08-30 01:40:46 | Diag logvar_q_mean=0.0000 logvar_q_clamp=0.0000 kappa_log10=4.3630
2026-08-30 01:40:50 | Epoch  10/400 | Train Loss 5.5571 Acc 0.9942 | Val Loss 5.5070 Acc 0.9820 AUC 0.9995 Pre 0.9819 Rec 0.9817
2026-08-30 01:40:50 | Diag logvar_q_mean=0.0000 logvar_q_clamp=0.0000 kappa_log10=4.7295
2026-08-30 01:40:50 |   Val AUC improved to 0.9995, model saved
2026-08-30 01:40:54 | Epoch  11/400 | Train Loss 5.2132 Acc 0.9948 | Val Loss 5.3704 Acc 0.9810 AUC 0.9995 Pre 0.9808 Rec 0.9808
2026-08-30 01:40:54 | Diag logvar_q_mean=0.0000 logvar_q_clamp=0.0000 kappa_log10=5.2188
2026-08-30 01:40:57 | Epoch  12/400 | Train Loss 4.9735 Acc 0.9953 | Val Loss 5.2933 Acc 0.9833 AUC 0.9996 Pre 0.9831 Rec 0.9832
2026-08-30 01:40:58 | Diag logvar_q_mean=0.0000 logvar_q_clamp=0.0000 kappa_log10=5.2525
2026-08-30 01:40:58 |   Val AUC improved to 0.9996, model saved
2026-08-30 01:41:01 | Epoch  13/400 | Train Loss 4.7719 Acc 0.9959 | Val Loss 5.0920 Acc 0.9818 AUC 0.9997 Pre 0.9816 Rec 0.9816
2026-08-30 01:41:02 | Diag logvar_q_mean=0.0000 logvar_q_clamp=0.0000 kappa_log10=6.6263
2026-08-30 01:41:02 |   Val AUC improved to 0.9997, model saved
2026-08-30 01:41:05 | Epoch  14/400 | Train Loss 4.6939 Acc 0.9960 | Val Loss 5.2328 Acc 0.9827 AUC 0.9996 Pre 0.9825 Rec 0.9825
2026-08-30 01:41:06 | Diag logvar_q_mean=0.0000 logvar_q_clamp=0.0000 kappa_log10=5.3229
2026-08-30 01:41:09 | Epoch  15/400 | Train Loss 4.4144 Acc 0.9968 | Val Loss 5.0684 Acc 0.9822 AUC 0.9996 Pre 0.9820 Rec 0.9821
2026-08-30 01:41:10 | Diag logvar_q_mean=0.0000 logvar_q_clamp=0.0000 kappa_log10=5.9325
2026-08-30 01:41:13 | Epoch  16/400 | Train Loss 4.2876 Acc 0.9971 | Val Loss 4.9711 Acc 0.9830 AUC 0.9996 Pre 0.9829 Rec 0.9828
2026-08-30 01:41:14 | Diag logvar_q_mean=0.0000 logvar_q_clamp=0.0000 kappa_log10=6.5960
2026-08-30 01:41:17 | Epoch  17/400 | Train Loss 4.1461 Acc 0.9971 | Val Loss 4.7888 Acc 0.9842 AUC 0.9996 Pre 0.9841 Rec 0.9840
2026-08-30 01:41:17 | Diag logvar_q_mean=0.0000 logvar_q_clamp=0.0000 kappa_log10=5.7597
2026-08-30 01:41:21 | Epoch  18/400 | Train Loss 3.9565 Acc 0.9975 | Val Loss 4.9014 Acc 0.9835 AUC 0.9996 Pre 0.9833 Rec 0.9834
2026-08-30 01:41:21 | Diag logvar_q_mean=0.0000 logvar_q_clamp=0.0000 kappa_log10=5.5645
2026-08-30 01:41:25 | Epoch  19/400 | Train Loss 3.8844 Acc 0.9977 | Val Loss 4.8163 Acc 0.9824 AUC 0.9996 Pre 0.9822 Rec 0.9822
2026-08-30 01:41:25 | Diag logvar_q_mean=0.0000 logvar_q_clamp=0.0000 kappa_log10=5.5238
2026-08-30 01:41:28 | Epoch  20/400 | Train Loss 3.8156 Acc 0.9979 | Val Loss 4.9746 Acc 0.9840 AUC 0.9996 Pre 0.9839 Rec 0.9839
2026-08-30 01:41:29 | Diag logvar_q_mean=0.0000 logvar_q_clamp=0.0000 kappa_log10=5.4502
2026-08-30 01:41:32 | Epoch  21/400 | Train Loss 3.7995 Acc 0.9978 | Val Loss 4.8414 Acc 0.9834 AUC 0.9995 Pre 0.9832 Rec 0.9832
2026-08-30 01:41:33 | Diag logvar_q_mean=0.0000 logvar_q_clamp=0.0000 kappa_log10=6.0744
2026-08-30 01:41:36 | Epoch  22/400 | Train Loss 3.6155 Acc 0.9981 | Val Loss 4.7404 Acc 0.9826 AUC 0.9995 Pre 0.9824 Rec 0.9824
2026-08-30 01:41:37 | Diag logvar_q_mean=0.0000 logvar_q_clamp=0.0000 kappa_log10=5.7477
2026-08-30 01:41:40 | Epoch  23/400 | Train Loss 3.5723 Acc 0.9982 | Val Loss 4.8848 Acc 0.9838 AUC 0.9995 Pre 0.9837 Rec 0.9836
2026-08-30 01:41:40 | Diag logvar_q_mean=0.0000 logvar_q_clamp=0.0000 kappa_log10=6.0728
2026-08-30 01:41:44 | Epoch  24/400 | Train Loss 3.4253 Acc 0.9983 | Val Loss 4.8081 Acc 0.9835 AUC 0.9995 Pre 0.9834 Rec 0.9833
2026-08-30 01:41:44 | Diag logvar_q_mean=0.0000 logvar_q_clamp=0.0000 kappa_log10=6.1532
2026-08-30 01:41:47 | Epoch  25/400 | Train Loss 3.3853 Acc 0.9983 | Val Loss 4.9628 Acc 0.9833 AUC 0.9995 Pre 0.9831 Rec 0.9832
2026-08-30 01:41:48 | Diag logvar_q_mean=0.0000 logvar_q_clamp=0.0000 kappa_log10=5.4923
2026-08-30 01:41:51 | Epoch  26/400 | Train Loss 3.3509 Acc 0.9985 | Val Loss 4.9046 Acc 0.9834 AUC 0.9995 Pre 0.9833 Rec 0.9832
2026-08-30 01:41:52 | Diag logvar_q_mean=0.0000 logvar_q_clamp=0.0000 kappa_log10=5.9434
2026-08-30 01:41:55 | Epoch  27/400 | Train Loss 3.2620 Acc 0.9985 | Val Loss 4.6309 Acc 0.9829 AUC 0.9996 Pre 0.9828 Rec 0.9827
2026-08-30 01:41:56 | Diag logvar_q_mean=0.0000 logvar_q_clamp=0.0000 kappa_log10=5.6810
2026-08-30 01:41:59 | Epoch  28/400 | Train Loss 3.2708 Acc 0.9985 | Val Loss 4.8381 Acc 0.9821 AUC 0.9995 Pre 0.9818 Rec 0.9819
2026-08-30 01:41:59 | Diag logvar_q_mean=0.0000 logvar_q_clamp=0.0000 kappa_log10=5.8743
2026-08-30 01:42:03 | Epoch  29/400 | Train Loss 3.1950 Acc 0.9984 | Val Loss 4.8736 Acc 0.9840 AUC 0.9994 Pre 0.9839 Rec 0.9838
2026-08-30 01:42:03 | Diag logvar_q_mean=0.0000 logvar_q_clamp=0.0000 kappa_log10=6.4603
2026-08-30 01:42:06 | Epoch  30/400 | Train Loss 3.1713 Acc 0.9985 | Val Loss 4.8494 Acc 0.9824 AUC 0.9994 Pre 0.9824 Rec 0.9821
2026-08-30 01:42:07 | Diag logvar_q_mean=0.0000 logvar_q_clamp=0.0000 kappa_log10=6.0776
2026-08-30 01:42:10 | Epoch  31/400 | Train Loss 3.0888 Acc 0.9987 | Val Loss 4.6599 Acc 0.9835 AUC 0.9995 Pre 0.9833 Rec 0.9834
2026-08-30 01:42:11 | Diag logvar_q_mean=0.0000 logvar_q_clamp=0.0000 kappa_log10=5.8835
2026-08-30 01:42:14 | Epoch  32/400 | Train Loss 3.0806 Acc 0.9987 | Val Loss 4.9260 Acc 0.9827 AUC 0.9994 Pre 0.9826 Rec 0.9825
2026-08-30 01:42:15 | Diag logvar_q_mean=0.0000 logvar_q_clamp=0.0000 kappa_log10=6.0402
2026-08-30 01:42:18 | Epoch  33/400 | Train Loss 3.0183 Acc 0.9989 | Val Loss 4.7393 Acc 0.9835 AUC 0.9994 Pre 0.9833 Rec 0.9833
2026-08-30 01:42:18 | Diag logvar_q_mean=0.0000 logvar_q_clamp=0.0000 kappa_log10=6.0652
2026-08-30 01:42:22 | Epoch  34/400 | Train Loss 2.9770 Acc 0.9989 | Val Loss 4.7731 Acc 0.9832 AUC 0.9993 Pre 0.9830 Rec 0.9830
2026-08-30 01:42:22 | Diag logvar_q_mean=0.0000 logvar_q_clamp=0.0000 kappa_log10=6.8342
2026-08-30 01:42:25 | Epoch  35/400 | Train Loss 2.9349 Acc 0.9987 | Val Loss 4.9705 Acc 0.9827 AUC 0.9994 Pre 0.9825 Rec 0.9825
2026-08-30 01:42:26 | Diag logvar_q_mean=0.0000 logvar_q_clamp=0.0000 kappa_log10=6.3010
2026-08-30 01:42:29 | Epoch  36/400 | Train Loss 2.9023 Acc 0.9988 | Val Loss 5.0122 Acc 0.9821 AUC 0.9994 Pre 0.9819 Rec 0.9819
2026-08-30 01:42:30 | Diag logvar_q_mean=0.0000 logvar_q_clamp=0.0000 kappa_log10=6.8049
2026-08-30 01:42:33 | Epoch  37/400 | Train Loss 2.8322 Acc 0.9991 | Val Loss 4.8245 Acc 0.9832 AUC 0.9993 Pre 0.9831 Rec 0.9829
2026-08-30 01:42:33 | Diag logvar_q_mean=0.0000 logvar_q_clamp=0.0000 kappa_log10=6.0294
2026-08-30 01:42:36 | Epoch  38/400 | Train Loss 2.8504 Acc 0.9988 | Val Loss 4.7471 Acc 0.9824 AUC 0.9995 Pre 0.9823 Rec 0.9822
2026-08-30 01:42:37 | Diag logvar_q_mean=0.0000 logvar_q_clamp=0.0000 kappa_log10=5.8061
2026-08-30 01:42:40 | Epoch  39/400 | Train Loss 2.8337 Acc 0.9989 | Val Loss 4.7907 Acc 0.9823 AUC 0.9993 Pre 0.9821 Rec 0.9821
2026-08-30 01:42:40 | Diag logvar_q_mean=0.0000 logvar_q_clamp=0.0000 kappa_log10=6.0989
2026-08-30 01:42:44 | Epoch  40/400 | Train Loss 2.8081 Acc 0.9990 | Val Loss 4.9231 Acc 0.9834 AUC 0.9993 Pre 0.9832 Rec 0.9833
2026-08-30 01:42:44 | Diag logvar_q_mean=0.0000 logvar_q_clamp=0.0000 kappa_log10=6.1160
2026-08-30 01:42:47 | Epoch  41/400 | Train Loss 2.8213 Acc 0.9988 | Val Loss 4.9514 Acc 0.9828 AUC 0.9995 Pre 0.9826 Rec 0.9826
2026-08-30 01:42:48 | Diag logvar_q_mean=0.0000 logvar_q_clamp=0.0000 kappa_log10=6.3967
2026-08-30 01:42:51 | Epoch  42/400 | Train Loss 2.7672 Acc 0.9991 | Val Loss 4.9647 Acc 0.9837 AUC 0.9995 Pre 0.9836 Rec 0.9836
2026-08-30 01:42:51 | Diag logvar_q_mean=0.0000 logvar_q_clamp=0.0000 kappa_log10=6.8602
2026-08-30 01:42:55 | Epoch  43/400 | Train Loss 2.7447 Acc 0.9990 | Val Loss 5.0134 Acc 0.9817 AUC 0.9994 Pre 0.9815 Rec 0.9816
2026-08-30 01:42:55 | Diag logvar_q_mean=0.0000 logvar_q_clamp=0.0000 kappa_log10=5.4823
2026-08-30 01:42:59 | Epoch  44/400 | Train Loss 2.7419 Acc 0.9989 | Val Loss 4.8256 Acc 0.9813 AUC 0.9994 Pre 0.9811 Rec 0.9811
2026-08-30 01:42:59 | Diag logvar_q_mean=0.0000 logvar_q_clamp=0.0000 kappa_log10=6.1104
2026-08-30 01:43:02 | Epoch  45/400 | Train Loss 2.6091 Acc 0.9992 | Val Loss 4.7615 Acc 0.9832 AUC 0.9994 Pre 0.9830 Rec 0.9830
2026-08-30 01:43:03 | Diag logvar_q_mean=0.0000 logvar_q_clamp=0.0000 kappa_log10=5.8414
2026-08-30 01:43:06 | Epoch  46/400 | Train Loss 2.6026 Acc 0.9994 | Val Loss 4.8457 Acc 0.9836 AUC 0.9994 Pre 0.9835 Rec 0.9834
2026-08-30 01:43:07 | Diag logvar_q_mean=0.0000 logvar_q_clamp=0.0000 kappa_log10=6.1079
2026-08-30 01:43:10 | Epoch  47/400 | Train Loss 2.6466 Acc 0.9992 | Val Loss 4.9137 Acc 0.9824 AUC 0.9994 Pre 0.9822 Rec 0.9822
2026-08-30 01:43:10 | Diag logvar_q_mean=0.0000 logvar_q_clamp=0.0000 kappa_log10=5.7086
2026-08-30 01:43:14 | Epoch  48/400 | Train Loss 2.5913 Acc 0.9993 | Val Loss 5.0792 Acc 0.9819 AUC 0.9993 Pre 0.9817 Rec 0.9817
2026-08-30 01:43:14 | Diag logvar_q_mean=0.0000 logvar_q_clamp=0.0000 kappa_log10=5.8626
2026-08-30 01:43:17 | Epoch  49/400 | Train Loss 2.6477 Acc 0.9991 | Val Loss 5.0705 Acc 0.9824 AUC 0.9993 Pre 0.9822 Rec 0.9822
2026-08-30 01:43:18 | Diag logvar_q_mean=0.0000 logvar_q_clamp=0.0000 kappa_log10=5.7965
2026-08-30 01:43:21 | Epoch  50/400 | Train Loss 2.6083 Acc 0.9994 | Val Loss 4.8905 Acc 0.9829 AUC 0.9994 Pre 0.9828 Rec 0.9827
2026-08-30 01:43:22 | Diag logvar_q_mean=0.0000 logvar_q_clamp=0.0000 kappa_log10=7.0667
2026-08-30 01:43:25 | Epoch  51/400 | Train Loss 2.6378 Acc 0.9991 | Val Loss 4.8386 Acc 0.9820 AUC 0.9994 Pre 0.9817 Rec 0.9818
2026-08-30 01:43:25 | Diag logvar_q_mean=0.0000 logvar_q_clamp=0.0000 kappa_log10=6.4160
2026-08-30 01:43:28 | Epoch  52/400 | Train Loss 2.5180 Acc 0.9991 | Val Loss 4.8801 Acc 0.9839 AUC 0.9993 Pre 0.9837 Rec 0.9838
2026-08-30 01:43:29 | Diag logvar_q_mean=0.0000 logvar_q_clamp=0.0000 kappa_log10=8.0982
2026-08-30 01:43:32 | Epoch  53/400 | Train Loss 2.5569 Acc 0.9992 | Val Loss 4.7841 Acc 0.9823 AUC 0.9995 Pre 0.9821 Rec 0.9821
2026-08-30 01:43:33 | Diag logvar_q_mean=0.0000 logvar_q_clamp=0.0000 kappa_log10=6.8212
2026-08-30 01:43:36 | Epoch  54/400 | Train Loss 2.5749 Acc 0.9993 | Val Loss 4.9516 Acc 0.9822 AUC 0.9994 Pre 0.9821 Rec 0.9821
2026-08-30 01:43:36 | Diag logvar_q_mean=0.0000 logvar_q_clamp=0.0000 kappa_log10=5.9879
2026-08-30 01:43:39 | Epoch  55/400 | Train Loss 2.5157 Acc 0.9992 | Val Loss 5.0497 Acc 0.9833 AUC 0.9993 Pre 0.9833 Rec 0.9831
2026-08-30 01:43:40 | Diag logvar_q_mean=0.0000 logvar_q_clamp=0.0000 kappa_log10=6.4767
2026-08-30 01:43:43 | Epoch  56/400 | Train Loss 2.5287 Acc 0.9993 | Val Loss 5.0481 Acc 0.9835 AUC 0.9993 Pre 0.9834 Rec 0.9833
2026-08-30 01:43:44 | Diag logvar_q_mean=0.0000 logvar_q_clamp=0.0000 kappa_log10=5.6105
2026-08-30 01:43:47 | Epoch  57/400 | Train Loss 2.5221 Acc 0.9992 | Val Loss 5.2642 Acc 0.9822 AUC 0.9993 Pre 0.9820 Rec 0.9820
2026-08-30 01:43:47 | Diag logvar_q_mean=0.0000 logvar_q_clamp=0.0000 kappa_log10=5.9293
2026-08-30 01:43:50 | Epoch  58/400 | Train Loss 2.4459 Acc 0.9995 | Val Loss 5.1418 Acc 0.9826 AUC 0.9994 Pre 0.9824 Rec 0.9824
2026-08-30 01:43:51 | Diag logvar_q_mean=0.0000 logvar_q_clamp=0.0000 kappa_log10=6.8323
2026-08-30 01:43:54 | Epoch  59/400 | Train Loss 2.4690 Acc 0.9994 | Val Loss 5.0694 Acc 0.9823 AUC 0.9994 Pre 0.9822 Rec 0.9822
2026-08-30 01:43:54 | Diag logvar_q_mean=0.0000 logvar_q_clamp=0.0000 kappa_log10=6.2416
2026-08-30 01:43:57 | Epoch  60/400 | Train Loss 2.3991 Acc 0.9994 | Val Loss 4.9447 Acc 0.9825 AUC 0.9994 Pre 0.9823 Rec 0.9824
2026-08-30 01:43:58 | Diag logvar_q_mean=0.0000 logvar_q_clamp=0.0000 kappa_log10=6.3141
2026-08-30 01:44:01 | Epoch  61/400 | Train Loss 2.4589 Acc 0.9994 | Val Loss 5.0704 Acc 0.9824 AUC 0.9993 Pre 0.9822 Rec 0.9823
2026-08-30 01:44:02 | Diag logvar_q_mean=0.0000 logvar_q_clamp=0.0000 kappa_log10=5.8102
2026-08-30 01:44:05 | Epoch  62/400 | Train Loss 2.4091 Acc 0.9993 | Val Loss 5.0247 Acc 0.9818 AUC 0.9993 Pre 0.9816 Rec 0.9817
2026-08-30 01:44:05 | Diag logvar_q_mean=0.0000 logvar_q_clamp=0.0000 kappa_log10=6.7376
2026-08-30 01:44:09 | Epoch  63/400 | Train Loss 2.4081 Acc 0.9995 | Val Loss 5.1381 Acc 0.9814 AUC 0.9992 Pre 0.9812 Rec 0.9813
2026-08-30 01:44:09 | Diag logvar_q_mean=0.0000 logvar_q_clamp=0.0000 kappa_log10=6.1513
2026-08-30 01:44:12 | Epoch  64/400 | Train Loss 2.3763 Acc 0.9994 | Val Loss 5.2917 Acc 0.9821 AUC 0.9992 Pre 0.9818 Rec 0.9820
2026-08-30 01:44:13 | Diag logvar_q_mean=0.0000 logvar_q_clamp=0.0000 kappa_log10=6.5837
2026-08-30 01:44:16 | Epoch  65/400 | Train Loss 2.4144 Acc 0.9994 | Val Loss 5.1162 Acc 0.9824 AUC 0.9993 Pre 0.9822 Rec 0.9823
2026-08-30 01:44:16 | Diag logvar_q_mean=0.0000 logvar_q_clamp=0.0000 kappa_log10=6.0611
2026-08-30 01:44:20 | Epoch  66/400 | Train Loss 2.4365 Acc 0.9993 | Val Loss 5.2546 Acc 0.9827 AUC 0.9992 Pre 0.9825 Rec 0.9825
2026-08-30 01:44:20 | Diag logvar_q_mean=0.0000 logvar_q_clamp=0.0000 kappa_log10=6.0459
2026-08-30 01:44:23 | Epoch  67/400 | Train Loss 2.3748 Acc 0.9993 | Val Loss 4.9897 Acc 0.9825 AUC 0.9993 Pre 0.9823 Rec 0.9824
2026-08-30 01:44:24 | Diag logvar_q_mean=0.0000 logvar_q_clamp=0.0000 kappa_log10=6.1040
2026-08-30 01:44:27 | Epoch  68/400 | Train Loss 2.3765 Acc 0.9992 | Val Loss 5.0352 Acc 0.9825 AUC 0.9994 Pre 0.9823 Rec 0.9823
2026-08-30 01:44:27 | Diag logvar_q_mean=0.0000 logvar_q_clamp=0.0000 kappa_log10=5.9846
2026-08-30 01:44:31 | Epoch  69/400 | Train Loss 2.3797 Acc 0.9994 | Val Loss 5.1071 Acc 0.9831 AUC 0.9992 Pre 0.9830 Rec 0.9829
2026-08-30 01:44:31 | Diag logvar_q_mean=0.0000 logvar_q_clamp=0.0000 kappa_log10=5.7234
2026-08-30 01:44:34 | Epoch  70/400 | Train Loss 2.2926 Acc 0.9994 | Val Loss 4.9945 Acc 0.9834 AUC 0.9991 Pre 0.9832 Rec 0.9832
2026-08-30 01:44:35 | Diag logvar_q_mean=0.0000 logvar_q_clamp=0.0000 kappa_log10=6.2127
2026-08-30 01:44:38 | Epoch  71/400 | Train Loss 2.2278 Acc 0.9995 | Val Loss 5.1300 Acc 0.9834 AUC 0.9993 Pre 0.9832 Rec 0.9833
2026-08-30 01:44:39 | Diag logvar_q_mean=0.0000 logvar_q_clamp=0.0000 kappa_log10=6.3753
2026-08-30 01:44:42 | Epoch  72/400 | Train Loss 2.2330 Acc 0.9995 | Val Loss 5.1441 Acc 0.9817 AUC 0.9992 Pre 0.9815 Rec 0.9816
2026-08-30 01:44:42 | Diag logvar_q_mean=0.0000 logvar_q_clamp=0.0000 kappa_log10=6.0914
2026-08-30 01:44:45 | Epoch  73/400 | Train Loss 2.2287 Acc 0.9996 | Val Loss 5.1504 Acc 0.9812 AUC 0.9992 Pre 0.9810 Rec 0.9810
2026-08-30 01:44:46 | Diag logvar_q_mean=0.0000 logvar_q_clamp=0.0000 kappa_log10=5.9410
2026-08-30 01:44:49 | Epoch  74/400 | Train Loss 2.1857 Acc 0.9995 | Val Loss 5.3060 Acc 0.9811 AUC 0.9991 Pre 0.9809 Rec 0.9809
2026-08-30 01:44:50 | Diag logvar_q_mean=0.0000 logvar_q_clamp=0.0000 kappa_log10=5.5484
2026-08-30 01:44:53 | Epoch  75/400 | Train Loss 2.2876 Acc 0.9995 | Val Loss 4.9795 Acc 0.9827 AUC 0.9993 Pre 0.9824 Rec 0.9826
2026-08-30 01:44:53 | Diag logvar_q_mean=0.0000 logvar_q_clamp=0.0000 kappa_log10=6.2140
2026-08-30 01:44:57 | Epoch  76/400 | Train Loss 2.2468 Acc 0.9996 | Val Loss 5.3067 Acc 0.9810 AUC 0.9992 Pre 0.9808 Rec 0.9809
2026-08-30 01:44:57 | Diag logvar_q_mean=0.0000 logvar_q_clamp=0.0000 kappa_log10=5.6661
2026-08-30 01:45:00 | Epoch  77/400 | Train Loss 2.2513 Acc 0.9995 | Val Loss 5.3294 Acc 0.9823 AUC 0.9992 Pre 0.9821 Rec 0.9821
2026-08-30 01:45:01 | Diag logvar_q_mean=0.0000 logvar_q_clamp=0.0000 kappa_log10=6.1558
2026-08-30 01:45:04 | Epoch  78/400 | Train Loss 2.2016 Acc 0.9995 | Val Loss 5.0983 Acc 0.9815 AUC 0.9993 Pre 0.9813 Rec 0.9814
2026-08-30 01:45:05 | Diag logvar_q_mean=0.0000 logvar_q_clamp=0.0000 kappa_log10=6.5109
2026-08-30 01:45:08 | Epoch  79/400 | Train Loss 2.2532 Acc 0.9994 | Val Loss 5.3768 Acc 0.9818 AUC 0.9990 Pre 0.9815 Rec 0.9817
2026-08-30 01:45:08 | Diag logvar_q_mean=0.0000 logvar_q_clamp=0.0000 kappa_log10=6.1519
2026-08-30 01:45:12 | Epoch  80/400 | Train Loss 2.2745 Acc 0.9994 | Val Loss 5.2992 Acc 0.9810 AUC 0.9991 Pre 0.9808 Rec 0.9809
2026-08-30 01:45:12 | Diag logvar_q_mean=0.0000 logvar_q_clamp=0.0000 kappa_log10=6.3384
2026-08-30 01:45:16 | Epoch  81/400 | Train Loss 2.2724 Acc 0.9994 | Val Loss 5.4218 Acc 0.9813 AUC 0.9991 Pre 0.9810 Rec 0.9812
2026-08-30 01:45:16 | Diag logvar_q_mean=0.0000 logvar_q_clamp=0.0000 kappa_log10=5.8572
2026-08-30 01:45:19 | Epoch  82/400 | Train Loss 2.1927 Acc 0.9996 | Val Loss 5.3583 Acc 0.9819 AUC 0.9990 Pre 0.9816 Rec 0.9818
2026-08-30 01:45:20 | Diag logvar_q_mean=0.0000 logvar_q_clamp=0.0000 kappa_log10=6.3756
2026-08-30 01:45:23 | Epoch  83/400 | Train Loss 2.2204 Acc 0.9994 | Val Loss 5.2311 Acc 0.9817 AUC 0.9993 Pre 0.9816 Rec 0.9814
2026-08-30 01:45:23 | Diag logvar_q_mean=0.0000 logvar_q_clamp=0.0000 kappa_log10=7.4894
2026-08-30 01:45:27 | Epoch  84/400 | Train Loss 2.2245 Acc 0.9994 | Val Loss 5.0908 Acc 0.9825 AUC 0.9990 Pre 0.9823 Rec 0.9824
2026-08-30 01:45:27 | Diag logvar_q_mean=0.0000 logvar_q_clamp=0.0000 kappa_log10=5.8356
2026-08-30 01:45:30 | Epoch  85/400 | Train Loss 2.1892 Acc 0.9997 | Val Loss 5.3508 Acc 0.9810 AUC 0.9992 Pre 0.9808 Rec 0.9809
2026-08-30 01:45:31 | Diag logvar_q_mean=0.0000 logvar_q_clamp=0.0000 kappa_log10=6.4377
2026-08-30 01:45:34 | Epoch  86/400 | Train Loss 2.1592 Acc 0.9996 | Val Loss 5.1720 Acc 0.9820 AUC 0.9992 Pre 0.9817 Rec 0.9819
2026-08-30 01:45:35 | Diag logvar_q_mean=0.0000 logvar_q_clamp=0.0000 kappa_log10=6.5517
2026-08-30 01:45:38 | Epoch  87/400 | Train Loss 2.1407 Acc 0.9996 | Val Loss 5.2333 Acc 0.9816 AUC 0.9991 Pre 0.9814 Rec 0.9815
2026-08-30 01:45:38 | Diag logvar_q_mean=0.0000 logvar_q_clamp=0.0000 kappa_log10=6.3748
2026-08-30 01:45:42 | Epoch  88/400 | Train Loss 2.1748 Acc 0.9997 | Val Loss 5.3505 Acc 0.9820 AUC 0.9991 Pre 0.9818 Rec 0.9819
2026-08-30 01:45:42 | Diag logvar_q_mean=0.0000 logvar_q_clamp=0.0000 kappa_log10=5.7847
2026-08-30 01:45:45 | Epoch  89/400 | Train Loss 2.1322 Acc 0.9997 | Val Loss 5.3097 Acc 0.9813 AUC 0.9991 Pre 0.9811 Rec 0.9811
2026-08-30 01:45:46 | Diag logvar_q_mean=0.0000 logvar_q_clamp=0.0000 kappa_log10=5.7077
2026-08-30 01:45:49 | Epoch  90/400 | Train Loss 2.1460 Acc 0.9996 | Val Loss 5.6341 Acc 0.9794 AUC 0.9991 Pre 0.9791 Rec 0.9792
2026-08-30 01:45:49 | Diag logvar_q_mean=0.0000 logvar_q_clamp=0.0000 kappa_log10=6.2653
2026-08-30 01:45:53 | Epoch  91/400 | Train Loss 2.1550 Acc 0.9995 | Val Loss 5.5873 Acc 0.9811 AUC 0.9991 Pre 0.9810 Rec 0.9809
2026-08-30 01:45:53 | Diag logvar_q_mean=0.0000 logvar_q_clamp=0.0000 kappa_log10=5.6264
2026-08-30 01:45:56 | Epoch  92/400 | Train Loss 2.1894 Acc 0.9995 | Val Loss 5.5840 Acc 0.9804 AUC 0.9989 Pre 0.9802 Rec 0.9802
2026-08-30 01:45:57 | Diag logvar_q_mean=0.0000 logvar_q_clamp=0.0000 kappa_log10=6.5001
2026-08-30 01:46:00 | Epoch  93/400 | Train Loss 2.2821 Acc 0.9994 | Val Loss 5.2970 Acc 0.9816 AUC 0.9990 Pre 0.9815 Rec 0.9814
2026-08-30 01:46:01 | Diag logvar_q_mean=0.0000 logvar_q_clamp=0.0000 kappa_log10=7.2745
2026-08-30 01:46:04 | Epoch  94/400 | Train Loss 2.1810 Acc 0.9994 | Val Loss 5.4745 Acc 0.9815 AUC 0.9990 Pre 0.9812 Rec 0.9814
2026-08-30 01:46:04 | Diag logvar_q_mean=0.0000 logvar_q_clamp=0.0000 kappa_log10=6.2503
2026-08-30 01:46:07 | Epoch  95/400 | Train Loss 2.1220 Acc 0.9996 | Val Loss 5.4348 Acc 0.9807 AUC 0.9989 Pre 0.9803 Rec 0.9806
2026-08-30 01:46:08 | Diag logvar_q_mean=0.0000 logvar_q_clamp=0.0000 kappa_log10=5.6711
2026-08-30 01:46:11 | Epoch  96/400 | Train Loss 2.1218 Acc 0.9995 | Val Loss 5.3749 Acc 0.9806 AUC 0.9990 Pre 0.9803 Rec 0.9805
2026-08-30 01:46:12 | Diag logvar_q_mean=0.0000 logvar_q_clamp=0.0000 kappa_log10=6.2943
2026-08-30 01:46:15 | Epoch  97/400 | Train Loss 2.0931 Acc 0.9995 | Val Loss 5.1967 Acc 0.9820 AUC 0.9991 Pre 0.9817 Rec 0.9819
2026-08-30 01:46:16 | Diag logvar_q_mean=0.0000 logvar_q_clamp=0.0000 kappa_log10=5.5666
2026-08-30 01:46:19 | Epoch  98/400 | Train Loss 2.1322 Acc 0.9995 | Val Loss 5.4396 Acc 0.9833 AUC 0.9991 Pre 0.9830 Rec 0.9831
2026-08-30 01:46:19 | Diag logvar_q_mean=0.0000 logvar_q_clamp=0.0000 kappa_log10=7.2250
2026-08-30 01:46:23 | Epoch  99/400 | Train Loss 2.1000 Acc 0.9996 | Val Loss 5.3689 Acc 0.9820 AUC 0.9989 Pre 0.9817 Rec 0.9819
2026-08-30 01:46:23 | Diag logvar_q_mean=0.0000 logvar_q_clamp=0.0000 kappa_log10=7.0774
2026-08-30 01:46:26 | Epoch 100/400 | Train Loss 2.0932 Acc 0.9993 | Val Loss 5.3965 Acc 0.9822 AUC 0.9989 Pre 0.9819 Rec 0.9820
2026-08-30 01:46:27 | Diag logvar_q_mean=0.0000 logvar_q_clamp=0.0000 kappa_log10=6.1291
2026-08-30 01:46:30 | Epoch 101/400 | Train Loss 2.0954 Acc 0.9997 | Val Loss 5.2471 Acc 0.9833 AUC 0.9991 Pre 0.9831 Rec 0.9832
2026-08-30 01:46:31 | Diag logvar_q_mean=0.0000 logvar_q_clamp=0.0000 kappa_log10=6.1018
2026-08-30 01:46:34 | Epoch 102/400 | Train Loss 2.0260 Acc 0.9996 | Val Loss 5.2978 Acc 0.9820 AUC 0.9990 Pre 0.9818 Rec 0.9819
2026-08-30 01:46:34 | Diag logvar_q_mean=0.0000 logvar_q_clamp=0.0000 kappa_log10=5.9885
2026-08-30 01:46:38 | Epoch 103/400 | Train Loss 2.0201 Acc 0.9996 | Val Loss 5.3776 Acc 0.9819 AUC 0.9990 Pre 0.9817 Rec 0.9818
2026-08-30 01:46:38 | Diag logvar_q_mean=0.0000 logvar_q_clamp=0.0000 kappa_log10=9.0873
2026-08-30 01:46:42 | Epoch 104/400 | Train Loss 2.0644 Acc 0.9994 | Val Loss 5.4154 Acc 0.9800 AUC 0.9992 Pre 0.9797 Rec 0.9799
2026-08-30 01:46:42 | Diag logvar_q_mean=0.0000 logvar_q_clamp=0.0000 kappa_log10=8.1653
2026-08-30 01:46:45 | Epoch 105/400 | Train Loss 2.0474 Acc 0.9996 | Val Loss 5.4909 Acc 0.9806 AUC 0.9989 Pre 0.9804 Rec 0.9804
2026-08-30 01:46:46 | Diag logvar_q_mean=0.0000 logvar_q_clamp=0.0000 kappa_log10=6.2306
2026-08-30 01:46:49 | Epoch 106/400 | Train Loss 2.0302 Acc 0.9995 | Val Loss 5.4121 Acc 0.9812 AUC 0.9990 Pre 0.9811 Rec 0.9811
2026-08-30 01:46:50 | Diag logvar_q_mean=0.0000 logvar_q_clamp=0.0000 kappa_log10=5.9903
2026-08-30 01:46:53 | Epoch 107/400 | Train Loss 2.0480 Acc 0.9994 | Val Loss 5.4351 Acc 0.9812 AUC 0.9989 Pre 0.9810 Rec 0.9811
2026-08-30 01:46:54 | Diag logvar_q_mean=0.0000 logvar_q_clamp=0.0000 kappa_log10=6.1856
2026-08-30 01:46:57 | Epoch 108/400 | Train Loss 1.9963 Acc 0.9996 | Val Loss 5.4366 Acc 0.9805 AUC 0.9990 Pre 0.9802 Rec 0.9804
2026-08-30 01:46:57 | Diag logvar_q_mean=0.0000 logvar_q_clamp=0.0000 kappa_log10=6.7153
2026-08-30 01:47:01 | Epoch 109/400 | Train Loss 2.0095 Acc 0.9997 | Val Loss 5.2116 Acc 0.9826 AUC 0.9992 Pre 0.9824 Rec 0.9825
2026-08-30 01:47:01 | Diag logvar_q_mean=0.0000 logvar_q_clamp=0.0000 kappa_log10=5.7119
2026-08-30 01:47:05 | Epoch 110/400 | Train Loss 2.0528 Acc 0.9997 | Val Loss 5.3877 Acc 0.9809 AUC 0.9989 Pre 0.9806 Rec 0.9808
2026-08-30 01:47:05 | Diag logvar_q_mean=0.0000 logvar_q_clamp=0.0000 kappa_log10=6.5151
2026-08-30 01:47:08 | Epoch 111/400 | Train Loss 2.0214 Acc 0.9996 | Val Loss 5.2659 Acc 0.9815 AUC 0.9992 Pre 0.9814 Rec 0.9812
2026-08-30 01:47:09 | Diag logvar_q_mean=0.0000 logvar_q_clamp=0.0000 kappa_log10=6.3265
2026-08-30 01:47:12 | Epoch 112/400 | Train Loss 1.9866 Acc 0.9996 | Val Loss 5.4558 Acc 0.9818 AUC 0.9990 Pre 0.9816 Rec 0.9816
2026-08-30 01:47:13 | Diag logvar_q_mean=0.0000 logvar_q_clamp=0.0000 kappa_log10=7.2896
2026-08-30 01:47:16 | Epoch 113/400 | Train Loss 2.0046 Acc 0.9995 | Val Loss 5.5381 Acc 0.9818 AUC 0.9992 Pre 0.9816 Rec 0.9817
2026-08-30 01:47:17 | Diag logvar_q_mean=0.0000 logvar_q_clamp=0.0000 kappa_log10=5.8049
2026-08-30 01:47:20 | Epoch 114/400 | Train Loss 2.0188 Acc 0.9994 | Val Loss 5.6375 Acc 0.9813 AUC 0.9992 Pre 0.9811 Rec 0.9812
2026-08-30 01:47:20 | Diag logvar_q_mean=0.0000 logvar_q_clamp=0.0000 kappa_log10=6.7552
2026-08-30 01:47:24 | Epoch 115/400 | Train Loss 2.0279 Acc 0.9996 | Val Loss 5.4141 Acc 0.9812 AUC 0.9992 Pre 0.9810 Rec 0.9810
2026-08-30 01:47:24 | Diag logvar_q_mean=0.0000 logvar_q_clamp=0.0000 kappa_log10=6.6252
2026-08-30 01:47:28 | Epoch 116/400 | Train Loss 2.0104 Acc 0.9996 | Val Loss 5.5489 Acc 0.9791 AUC 0.9989 Pre 0.9787 Rec 0.9790
2026-08-30 01:47:28 | Diag logvar_q_mean=0.0000 logvar_q_clamp=0.0000 kappa_log10=5.8904
2026-08-30 01:47:31 | Epoch 117/400 | Train Loss 1.9925 Acc 0.9997 | Val Loss 5.5314 Acc 0.9806 AUC 0.9992 Pre 0.9804 Rec 0.9804
2026-08-30 01:47:32 | Diag logvar_q_mean=0.0000 logvar_q_clamp=0.0000 kappa_log10=5.9165
2026-08-30 01:47:35 | Epoch 118/400 | Train Loss 1.9859 Acc 0.9996 | Val Loss 5.6371 Acc 0.9798 AUC 0.9989 Pre 0.9795 Rec 0.9797
2026-08-30 01:47:36 | Diag logvar_q_mean=0.0000 logvar_q_clamp=0.0000 kappa_log10=7.4185
2026-08-30 01:47:39 | Epoch 119/400 | Train Loss 1.9882 Acc 0.9996 | Val Loss 5.3883 Acc 0.9802 AUC 0.9991 Pre 0.9799 Rec 0.9800
2026-08-30 01:47:39 | Diag logvar_q_mean=0.0000 logvar_q_clamp=0.0000 kappa_log10=6.5442
2026-08-30 01:47:43 | Epoch 120/400 | Train Loss 2.0893 Acc 0.9995 | Val Loss 5.4004 Acc 0.9807 AUC 0.9989 Pre 0.9805 Rec 0.9806
2026-08-30 01:47:43 | Diag logvar_q_mean=0.0000 logvar_q_clamp=0.0000 kappa_log10=7.1604
2026-08-30 01:47:47 | Epoch 121/400 | Train Loss 1.9779 Acc 0.9997 | Val Loss 5.4522 Acc 0.9812 AUC 0.9991 Pre 0.9809 Rec 0.9811
2026-08-30 01:47:47 | Diag logvar_q_mean=0.0000 logvar_q_clamp=0.0000 kappa_log10=7.4602
2026-08-30 01:47:50 | Epoch 122/400 | Train Loss 2.0156 Acc 0.9995 | Val Loss 5.5944 Acc 0.9813 AUC 0.9989 Pre 0.9810 Rec 0.9812
2026-08-30 01:47:51 | Diag logvar_q_mean=0.0000 logvar_q_clamp=0.0000 kappa_log10=6.5533
2026-08-30 01:47:54 | Epoch 123/400 | Train Loss 1.9963 Acc 0.9995 | Val Loss 5.5609 Acc 0.9819 AUC 0.9990 Pre 0.9816 Rec 0.9818
2026-08-30 01:47:55 | Diag logvar_q_mean=0.0000 logvar_q_clamp=0.0000 kappa_log10=6.1383
2026-08-30 01:47:58 | Epoch 124/400 | Train Loss 2.0163 Acc 0.9996 | Val Loss 5.5948 Acc 0.9819 AUC 0.9990 Pre 0.9817 Rec 0.9818
2026-08-30 01:47:58 | Diag logvar_q_mean=0.0000 logvar_q_clamp=0.0000 kappa_log10=5.9523
2026-08-30 01:48:02 | Epoch 125/400 | Train Loss 1.9564 Acc 0.9997 | Val Loss 5.4828 Acc 0.9819 AUC 0.9988 Pre 0.9817 Rec 0.9817
2026-08-30 01:48:02 | Diag logvar_q_mean=0.0000 logvar_q_clamp=0.0000 kappa_log10=6.1006
2026-08-30 01:48:06 | Epoch 126/400 | Train Loss 1.9884 Acc 0.9995 | Val Loss 5.5476 Acc 0.9808 AUC 0.9989 Pre 0.9805 Rec 0.9808
2026-08-30 01:48:06 | Diag logvar_q_mean=0.0000 logvar_q_clamp=0.0000 kappa_log10=6.1736
2026-08-30 01:48:09 | Epoch 127/400 | Train Loss 1.9472 Acc 0.9995 | Val Loss 5.4343 Acc 0.9807 AUC 0.9991 Pre 0.9805 Rec 0.9805
2026-08-30 01:48:10 | Diag logvar_q_mean=0.0000 logvar_q_clamp=0.0000 kappa_log10=6.7883
2026-08-30 01:48:13 | Epoch 128/400 | Train Loss 1.9721 Acc 0.9996 | Val Loss 5.5541 Acc 0.9807 AUC 0.9988 Pre 0.9804 Rec 0.9806
2026-08-30 01:48:14 | Diag logvar_q_mean=0.0000 logvar_q_clamp=0.0000 kappa_log10=6.5124
2026-08-30 01:48:17 | Epoch 129/400 | Train Loss 1.9822 Acc 0.9996 | Val Loss 5.5695 Acc 0.9813 AUC 0.9990 Pre 0.9811 Rec 0.9811
2026-08-30 01:48:17 | Diag logvar_q_mean=0.0000 logvar_q_clamp=0.0000 kappa_log10=7.5798
2026-08-30 01:48:21 | Epoch 130/400 | Train Loss 1.9792 Acc 0.9995 | Val Loss 5.6964 Acc 0.9795 AUC 0.9988 Pre 0.9792 Rec 0.9794
2026-08-30 01:48:21 | Diag logvar_q_mean=0.0000 logvar_q_clamp=0.0000 kappa_log10=6.1056
2026-08-30 01:48:25 | Epoch 131/400 | Train Loss 1.9359 Acc 0.9997 | Val Loss 5.5579 Acc 0.9809 AUC 0.9990 Pre 0.9806 Rec 0.9808
2026-08-30 01:48:25 | Diag logvar_q_mean=0.0000 logvar_q_clamp=0.0000 kappa_log10=5.6777
2026-08-30 01:48:28 | Epoch 132/400 | Train Loss 1.9360 Acc 0.9996 | Val Loss 5.4405 Acc 0.9815 AUC 0.9990 Pre 0.9813 Rec 0.9813
2026-08-30 01:48:29 | Diag logvar_q_mean=0.0000 logvar_q_clamp=0.0000 kappa_log10=6.5229
2026-08-30 01:48:32 | Epoch 133/400 | Train Loss 1.9303 Acc 0.9997 | Val Loss 5.5016 Acc 0.9811 AUC 0.9989 Pre 0.9809 Rec 0.9809
2026-08-30 01:48:33 | Diag logvar_q_mean=0.0000 logvar_q_clamp=0.0000 kappa_log10=6.6188
2026-08-30 01:48:36 | Epoch 134/400 | Train Loss 1.9589 Acc 0.9996 | Val Loss 5.5737 Acc 0.9806 AUC 0.9989 Pre 0.9804 Rec 0.9804
2026-08-30 01:48:36 | Diag logvar_q_mean=0.0000 logvar_q_clamp=0.0000 kappa_log10=6.2258
2026-08-30 01:48:40 | Epoch 135/400 | Train Loss 2.0069 Acc 0.9994 | Val Loss 5.5178 Acc 0.9806 AUC 0.9990 Pre 0.9804 Rec 0.9804
2026-08-30 01:48:40 | Diag logvar_q_mean=0.0000 logvar_q_clamp=0.0000 kappa_log10=6.1241
2026-08-30 01:48:44 | Epoch 136/400 | Train Loss 1.9398 Acc 0.9995 | Val Loss 5.6639 Acc 0.9800 AUC 0.9990 Pre 0.9796 Rec 0.9798
2026-08-30 01:48:44 | Diag logvar_q_mean=0.0000 logvar_q_clamp=0.0000 kappa_log10=6.2045
2026-08-30 01:48:47 | Epoch 137/400 | Train Loss 1.9574 Acc 0.9995 | Val Loss 5.6717 Acc 0.9808 AUC 0.9990 Pre 0.9806 Rec 0.9807
2026-08-30 01:48:48 | Diag logvar_q_mean=0.0000 logvar_q_clamp=0.0000 kappa_log10=7.4653
2026-08-30 01:48:51 | Epoch 138/400 | Train Loss 1.9938 Acc 0.9995 | Val Loss 5.5966 Acc 0.9805 AUC 0.9990 Pre 0.9804 Rec 0.9804
2026-08-30 01:48:52 | Diag logvar_q_mean=0.0000 logvar_q_clamp=0.0000 kappa_log10=5.8211
2026-08-30 01:48:55 | Epoch 139/400 | Train Loss 1.8864 Acc 0.9995 | Val Loss 5.7864 Acc 0.9801 AUC 0.9991 Pre 0.9798 Rec 0.9800
2026-08-30 01:48:56 | Diag logvar_q_mean=0.0000 logvar_q_clamp=0.0000 kappa_log10=6.0250
2026-08-30 01:48:59 | Epoch 140/400 | Train Loss 1.8979 Acc 0.9997 | Val Loss 5.8913 Acc 0.9787 AUC 0.9990 Pre 0.9783 Rec 0.9785
2026-08-30 01:49:00 | Diag logvar_q_mean=0.0000 logvar_q_clamp=0.0000 kappa_log10=6.2702
2026-08-30 01:49:03 | Epoch 141/400 | Train Loss 1.9062 Acc 0.9997 | Val Loss 5.6353 Acc 0.9806 AUC 0.9989 Pre 0.9802 Rec 0.9805
2026-08-30 01:49:03 | Diag logvar_q_mean=0.0000 logvar_q_clamp=0.0000 kappa_log10=6.4534
2026-08-30 01:49:07 | Epoch 142/400 | Train Loss 1.8974 Acc 0.9996 | Val Loss 5.5360 Acc 0.9812 AUC 0.9989 Pre 0.9809 Rec 0.9811
2026-08-30 01:49:07 | Diag logvar_q_mean=0.0000 logvar_q_clamp=0.0000 kappa_log10=7.7138
2026-08-30 01:49:10 | Epoch 143/400 | Train Loss 1.9202 Acc 0.9996 | Val Loss 5.5627 Acc 0.9810 AUC 0.9989 Pre 0.9808 Rec 0.9809
2026-08-30 01:49:11 | Diag logvar_q_mean=0.0000 logvar_q_clamp=0.0000 kappa_log10=6.0119
2026-08-30 01:49:14 | Epoch 144/400 | Train Loss 1.9619 Acc 0.9994 | Val Loss 5.6623 Acc 0.9811 AUC 0.9987 Pre 0.9809 Rec 0.9810
2026-08-30 01:49:15 | Diag logvar_q_mean=0.0000 logvar_q_clamp=0.0000 kappa_log10=6.8292
2026-08-30 01:49:18 | Epoch 145/400 | Train Loss 1.9234 Acc 0.9995 | Val Loss 5.6720 Acc 0.9801 AUC 0.9988 Pre 0.9799 Rec 0.9799
2026-08-30 01:49:19 | Diag logvar_q_mean=0.0000 logvar_q_clamp=0.0000 kappa_log10=6.4600
2026-08-30 01:49:22 | Epoch 146/400 | Train Loss 1.8267 Acc 0.9997 | Val Loss 5.5947 Acc 0.9808 AUC 0.9990 Pre 0.9806 Rec 0.9807
2026-08-30 01:49:22 | Diag logvar_q_mean=0.0000 logvar_q_clamp=0.0000 kappa_log10=6.8792
2026-08-30 01:49:25 | Epoch 147/400 | Train Loss 1.8514 Acc 0.9996 | Val Loss 5.4750 Acc 0.9809 AUC 0.9989 Pre 0.9808 Rec 0.9808
2026-08-30 01:49:26 | Diag logvar_q_mean=0.0000 logvar_q_clamp=0.0000 kappa_log10=6.3291
2026-08-30 01:49:29 | Epoch 148/400 | Train Loss 1.8633 Acc 0.9996 | Val Loss 5.6447 Acc 0.9805 AUC 0.9989 Pre 0.9802 Rec 0.9804
2026-08-30 01:49:30 | Diag logvar_q_mean=0.0000 logvar_q_clamp=0.0000 kappa_log10=6.2629
2026-08-30 01:49:33 | Epoch 149/400 | Train Loss 1.8661 Acc 0.9996 | Val Loss 5.8558 Acc 0.9792 AUC 0.9989 Pre 0.9790 Rec 0.9790
2026-08-30 01:49:34 | Diag logvar_q_mean=0.0000 logvar_q_clamp=0.0000 kappa_log10=6.0122
2026-08-30 01:49:37 | Epoch 150/400 | Train Loss 1.9186 Acc 0.9996 | Val Loss 5.8209 Acc 0.9790 AUC 0.9990 Pre 0.9788 Rec 0.9787
2026-08-30 01:49:37 | Diag logvar_q_mean=0.0000 logvar_q_clamp=0.0000 kappa_log10=6.4066
2026-08-30 01:49:41 | Epoch 151/400 | Train Loss 1.9675 Acc 0.9996 | Val Loss 5.7279 Acc 0.9793 AUC 0.9990 Pre 0.9791 Rec 0.9792
2026-08-30 01:49:41 | Diag logvar_q_mean=0.0000 logvar_q_clamp=0.0000 kappa_log10=7.3871
2026-08-30 01:49:44 | Epoch 152/400 | Train Loss 1.9184 Acc 0.9995 | Val Loss 5.5537 Acc 0.9816 AUC 0.9990 Pre 0.9814 Rec 0.9815
2026-08-30 01:49:45 | Diag logvar_q_mean=0.0000 logvar_q_clamp=0.0000 kappa_log10=6.8605
2026-08-30 01:49:48 | Epoch 153/400 | Train Loss 1.8714 Acc 0.9995 | Val Loss 5.5837 Acc 0.9809 AUC 0.9989 Pre 0.9806 Rec 0.9808
2026-08-30 01:49:49 | Diag logvar_q_mean=0.0000 logvar_q_clamp=0.0000 kappa_log10=5.8560
2026-08-30 01:49:52 | Epoch 154/400 | Train Loss 1.9160 Acc 0.9995 | Val Loss 5.6581 Acc 0.9803 AUC 0.9989 Pre 0.9800 Rec 0.9802
2026-08-30 01:49:53 | Diag logvar_q_mean=0.0000 logvar_q_clamp=0.0000 kappa_log10=6.5224
2026-08-30 01:49:56 | Epoch 155/400 | Train Loss 1.9218 Acc 0.9995 | Val Loss 5.7983 Acc 0.9798 AUC 0.9989 Pre 0.9796 Rec 0.9796
2026-08-30 01:49:56 | Diag logvar_q_mean=0.0000 logvar_q_clamp=0.0000 kappa_log10=6.1963
2026-08-30 01:50:00 | Epoch 156/400 | Train Loss 1.8807 Acc 0.9997 | Val Loss 5.6419 Acc 0.9798 AUC 0.9990 Pre 0.9796 Rec 0.9797
2026-08-30 01:50:00 | Diag logvar_q_mean=0.0000 logvar_q_clamp=0.0000 kappa_log10=6.1283
2026-08-30 01:50:03 | Epoch 157/400 | Train Loss 1.8359 Acc 0.9997 | Val Loss 5.8133 Acc 0.9801 AUC 0.9990 Pre 0.9798 Rec 0.9799
2026-08-30 01:50:04 | Diag logvar_q_mean=0.0000 logvar_q_clamp=0.0000 kappa_log10=6.9205
2026-08-30 01:50:07 | Epoch 158/400 | Train Loss 1.9096 Acc 0.9998 | Val Loss 5.8535 Acc 0.9808 AUC 0.9989 Pre 0.9806 Rec 0.9807
2026-08-30 01:50:08 | Diag logvar_q_mean=0.0000 logvar_q_clamp=0.0000 kappa_log10=5.9021
2026-08-30 01:50:11 | Epoch 159/400 | Train Loss 1.8525 Acc 0.9997 | Val Loss 5.4552 Acc 0.9808 AUC 0.9988 Pre 0.9805 Rec 0.9807
2026-08-30 01:50:12 | Diag logvar_q_mean=0.0000 logvar_q_clamp=0.0000 kappa_log10=6.2581
2026-08-30 01:50:15 | Epoch 160/400 | Train Loss 1.8994 Acc 0.9997 | Val Loss 5.9860 Acc 0.9801 AUC 0.9989 Pre 0.9799 Rec 0.9799
2026-08-30 01:50:16 | Diag logvar_q_mean=0.0000 logvar_q_clamp=0.0000 kappa_log10=8.4291
2026-08-30 01:50:19 | Epoch 161/400 | Train Loss 1.8839 Acc 0.9996 | Val Loss 5.6973 Acc 0.9816 AUC 0.9988 Pre 0.9814 Rec 0.9815
2026-08-30 01:50:19 | Diag logvar_q_mean=0.0000 logvar_q_clamp=0.0000 kappa_log10=7.4330
2026-08-30 01:50:22 | Epoch 162/400 | Train Loss 1.8777 Acc 0.9996 | Val Loss 5.8035 Acc 0.9815 AUC 0.9989 Pre 0.9812 Rec 0.9814
2026-08-30 01:50:23 | Diag logvar_q_mean=0.0000 logvar_q_clamp=0.0000 kappa_log10=6.9554
2026-08-30 01:50:26 | Epoch 163/400 | Train Loss 1.8650 Acc 0.9995 | Val Loss 5.6616 Acc 0.9812 AUC 0.9990 Pre 0.9810 Rec 0.9811
2026-08-30 01:50:27 | Diag logvar_q_mean=0.0000 logvar_q_clamp=0.0000 kappa_log10=5.9591
2026-08-30 01:50:30 | Epoch 164/400 | Train Loss 1.7875 Acc 0.9997 | Val Loss 5.6041 Acc 0.9812 AUC 0.9989 Pre 0.9809 Rec 0.9811
2026-08-30 01:50:31 | Diag logvar_q_mean=0.0000 logvar_q_clamp=0.0000 kappa_log10=6.5956
2026-08-30 01:50:34 | Epoch 165/400 | Train Loss 1.8436 Acc 0.9996 | Val Loss 5.6226 Acc 0.9811 AUC 0.9990 Pre 0.9808 Rec 0.9810
2026-08-30 01:50:35 | Diag logvar_q_mean=0.0000 logvar_q_clamp=0.0000 kappa_log10=6.2114
2026-08-30 01:50:38 | Epoch 166/400 | Train Loss 1.8520 Acc 0.9998 | Val Loss 5.7726 Acc 0.9814 AUC 0.9989 Pre 0.9811 Rec 0.9813
2026-08-30 01:50:38 | Diag logvar_q_mean=0.0000 logvar_q_clamp=0.0000 kappa_log10=6.3194
2026-08-30 01:50:42 | Epoch 167/400 | Train Loss 1.8967 Acc 0.9996 | Val Loss 5.6888 Acc 0.9801 AUC 0.9990 Pre 0.9798 Rec 0.9800
2026-08-30 01:50:42 | Diag logvar_q_mean=0.0000 logvar_q_clamp=0.0000 kappa_log10=7.4408
2026-08-30 01:50:45 | Epoch 168/400 | Train Loss 1.9504 Acc 0.9996 | Val Loss 5.5539 Acc 0.9821 AUC 0.9989 Pre 0.9819 Rec 0.9820
2026-08-30 01:50:46 | Diag logvar_q_mean=0.0000 logvar_q_clamp=0.0000 kappa_log10=6.3355
2026-08-30 01:50:49 | Epoch 169/400 | Train Loss 1.8231 Acc 0.9996 | Val Loss 5.7857 Acc 0.9803 AUC 0.9990 Pre 0.9801 Rec 0.9801
2026-08-30 01:50:50 | Diag logvar_q_mean=0.0000 logvar_q_clamp=0.0000 kappa_log10=6.2290
2026-08-30 01:50:53 | Epoch 170/400 | Train Loss 1.8223 Acc 0.9996 | Val Loss 6.0075 Acc 0.9803 AUC 0.9990 Pre 0.9801 Rec 0.9802
2026-08-30 01:50:54 | Diag logvar_q_mean=0.0000 logvar_q_clamp=0.0000 kappa_log10=6.3296
2026-08-30 01:50:57 | Epoch 171/400 | Train Loss 1.8212 Acc 0.9996 | Val Loss 6.0550 Acc 0.9789 AUC 0.9989 Pre 0.9786 Rec 0.9788
2026-08-30 01:50:57 | Diag logvar_q_mean=0.0000 logvar_q_clamp=0.0000 kappa_log10=6.4330
2026-08-30 01:51:01 | Epoch 172/400 | Train Loss 1.8464 Acc 0.9995 | Val Loss 6.1312 Acc 0.9795 AUC 0.9988 Pre 0.9794 Rec 0.9794
2026-08-30 01:51:01 | Diag logvar_q_mean=0.0000 logvar_q_clamp=0.0000 kappa_log10=7.7009
2026-08-30 01:51:04 | Epoch 173/400 | Train Loss 1.8326 Acc 0.9996 | Val Loss 5.7701 Acc 0.9814 AUC 0.9989 Pre 0.9812 Rec 0.9813
2026-08-30 01:51:05 | Diag logvar_q_mean=0.0000 logvar_q_clamp=0.0000 kappa_log10=6.7048
2026-08-30 01:51:08 | Epoch 174/400 | Train Loss 1.8485 Acc 0.9997 | Val Loss 5.8271 Acc 0.9797 AUC 0.9988 Pre 0.9794 Rec 0.9796
2026-08-30 01:51:09 | Diag logvar_q_mean=0.0000 logvar_q_clamp=0.0000 kappa_log10=5.9104
2026-08-30 01:51:12 | Epoch 175/400 | Train Loss 1.8509 Acc 0.9997 | Val Loss 5.9482 Acc 0.9801 AUC 0.9987 Pre 0.9799 Rec 0.9799
2026-08-30 01:51:13 | Diag logvar_q_mean=0.0000 logvar_q_clamp=0.0000 kappa_log10=6.6512
2026-08-30 01:51:16 | Epoch 176/400 | Train Loss 1.8370 Acc 0.9996 | Val Loss 5.7259 Acc 0.9792 AUC 0.9989 Pre 0.9789 Rec 0.9791
2026-08-30 01:51:16 | Diag logvar_q_mean=0.0000 logvar_q_clamp=0.0000 kappa_log10=6.1668
2026-08-30 01:51:20 | Epoch 177/400 | Train Loss 1.8223 Acc 0.9994 | Val Loss 5.7603 Acc 0.9802 AUC 0.9989 Pre 0.9799 Rec 0.9800
2026-08-30 01:51:20 | Diag logvar_q_mean=0.0000 logvar_q_clamp=0.0000 kappa_log10=7.9586
2026-08-30 01:51:24 | Epoch 178/400 | Train Loss 1.8541 Acc 0.9997 | Val Loss 5.8102 Acc 0.9800 AUC 0.9988 Pre 0.9797 Rec 0.9799
2026-08-30 01:51:24 | Diag logvar_q_mean=0.0000 logvar_q_clamp=0.0000 kappa_log10=6.6126
2026-08-30 01:51:27 | Epoch 179/400 | Train Loss 1.8363 Acc 0.9995 | Val Loss 5.9527 Acc 0.9794 AUC 0.9989 Pre 0.9792 Rec 0.9793
2026-08-30 01:51:28 | Diag logvar_q_mean=0.0000 logvar_q_clamp=0.0000 kappa_log10=6.8082
2026-08-30 01:51:31 | Epoch 180/400 | Train Loss 1.8121 Acc 0.9997 | Val Loss 5.9213 Acc 0.9803 AUC 0.9989 Pre 0.9801 Rec 0.9801
2026-08-30 01:51:32 | Diag logvar_q_mean=0.0000 logvar_q_clamp=0.0000 kappa_log10=7.6691
2026-08-30 01:51:35 | Epoch 181/400 | Train Loss 1.7402 Acc 0.9997 | Val Loss 5.6590 Acc 0.9805 AUC 0.9990 Pre 0.9803 Rec 0.9803
2026-08-30 01:51:35 | Diag logvar_q_mean=0.0000 logvar_q_clamp=0.0000 kappa_log10=7.6836
2026-08-30 01:51:39 | Epoch 182/400 | Train Loss 1.7813 Acc 0.9996 | Val Loss 5.7719 Acc 0.9793 AUC 0.9990 Pre 0.9790 Rec 0.9792
2026-08-30 01:51:39 | Diag logvar_q_mean=0.0000 logvar_q_clamp=0.0000 kappa_log10=8.0773
2026-08-30 01:51:43 | Epoch 183/400 | Train Loss 1.8837 Acc 0.9994 | Val Loss 5.6648 Acc 0.9805 AUC 0.9988 Pre 0.9805 Rec 0.9803
2026-08-30 01:51:43 | Diag logvar_q_mean=0.0000 logvar_q_clamp=0.0000 kappa_log10=6.3272
2026-08-30 01:51:46 | Epoch 184/400 | Train Loss 1.8649 Acc 0.9996 | Val Loss 5.8071 Acc 0.9795 AUC 0.9988 Pre 0.9794 Rec 0.9793
2026-08-30 01:51:47 | Diag logvar_q_mean=0.0000 logvar_q_clamp=0.0000 kappa_log10=6.6748
2026-08-30 01:51:50 | Epoch 185/400 | Train Loss 1.9363 Acc 0.9995 | Val Loss 5.8184 Acc 0.9805 AUC 0.9991 Pre 0.9804 Rec 0.9803
2026-08-30 01:51:51 | Diag logvar_q_mean=0.0000 logvar_q_clamp=0.0000 kappa_log10=6.0020
2026-08-30 01:51:54 | Epoch 186/400 | Train Loss 1.8466 Acc 0.9997 | Val Loss 5.8648 Acc 0.9810 AUC 0.9988 Pre 0.9808 Rec 0.9809
2026-08-30 01:51:55 | Diag logvar_q_mean=0.0000 logvar_q_clamp=0.0000 kappa_log10=6.5248
2026-08-30 01:51:58 | Epoch 187/400 | Train Loss 1.8282 Acc 0.9996 | Val Loss 5.8279 Acc 0.9797 AUC 0.9989 Pre 0.9795 Rec 0.9795
2026-08-30 01:51:58 | Diag logvar_q_mean=0.0000 logvar_q_clamp=0.0000 kappa_log10=6.2827
2026-08-30 01:52:02 | Epoch 188/400 | Train Loss 1.8062 Acc 0.9996 | Val Loss 6.0535 Acc 0.9796 AUC 0.9988 Pre 0.9794 Rec 0.9794
2026-08-30 01:52:02 | Diag logvar_q_mean=0.0000 logvar_q_clamp=0.0000 kappa_log10=7.5837
2026-08-30 01:52:05 | Epoch 189/400 | Train Loss 1.7919 Acc 0.9997 | Val Loss 5.9778 Acc 0.9805 AUC 0.9988 Pre 0.9803 Rec 0.9804
2026-08-30 01:52:06 | Diag logvar_q_mean=0.0000 logvar_q_clamp=0.0000 kappa_log10=6.2664
2026-08-30 01:52:09 | Epoch 190/400 | Train Loss 1.7107 Acc 0.9998 | Val Loss 6.0724 Acc 0.9788 AUC 0.9988 Pre 0.9787 Rec 0.9787
2026-08-30 01:52:10 | Diag logvar_q_mean=0.0000 logvar_q_clamp=0.0000 kappa_log10=6.7995
2026-08-30 01:52:13 | Epoch 191/400 | Train Loss 1.8009 Acc 0.9997 | Val Loss 6.0021 Acc 0.9788 AUC 0.9988 Pre 0.9786 Rec 0.9786
2026-08-30 01:52:14 | Diag logvar_q_mean=0.0000 logvar_q_clamp=0.0000 kappa_log10=5.9461
2026-08-30 01:52:17 | Epoch 192/400 | Train Loss 1.8473 Acc 0.9997 | Val Loss 6.1578 Acc 0.9782 AUC 0.9987 Pre 0.9779 Rec 0.9780
2026-08-30 01:52:17 | Diag logvar_q_mean=0.0000 logvar_q_clamp=0.0000 kappa_log10=6.6395
2026-08-30 01:52:21 | Epoch 193/400 | Train Loss 1.8248 Acc 0.9996 | Val Loss 6.3884 Acc 0.9785 AUC 0.9986 Pre 0.9782 Rec 0.9783
2026-08-30 01:52:21 | Diag logvar_q_mean=0.0000 logvar_q_clamp=0.0000 kappa_log10=6.7632
2026-08-30 01:52:25 | Epoch 194/400 | Train Loss 1.8250 Acc 0.9997 | Val Loss 6.1054 Acc 0.9794 AUC 0.9986 Pre 0.9791 Rec 0.9792
2026-08-30 01:52:25 | Diag logvar_q_mean=0.0000 logvar_q_clamp=0.0000 kappa_log10=6.1987
2026-08-30 01:52:29 | Epoch 195/400 | Train Loss 1.8377 Acc 0.9995 | Val Loss 5.9803 Acc 0.9798 AUC 0.9986 Pre 0.9795 Rec 0.9797
2026-08-30 01:52:29 | Diag logvar_q_mean=0.0000 logvar_q_clamp=0.0000 kappa_log10=6.0837
2026-08-30 01:52:32 | Epoch 196/400 | Train Loss 1.8215 Acc 0.9997 | Val Loss 6.1536 Acc 0.9800 AUC 0.9989 Pre 0.9798 Rec 0.9799
2026-08-30 01:52:33 | Diag logvar_q_mean=0.0000 logvar_q_clamp=0.0000 kappa_log10=6.9691
2026-08-30 01:52:36 | Epoch 197/400 | Train Loss 1.8207 Acc 0.9996 | Val Loss 6.0824 Acc 0.9791 AUC 0.9987 Pre 0.9789 Rec 0.9789
2026-08-30 01:52:37 | Diag logvar_q_mean=0.0000 logvar_q_clamp=0.0000 kappa_log10=6.3297
2026-08-30 01:52:40 | Epoch 198/400 | Train Loss 1.8245 Acc 0.9994 | Val Loss 6.0789 Acc 0.9794 AUC 0.9988 Pre 0.9791 Rec 0.9792
2026-08-30 01:52:41 | Diag logvar_q_mean=0.0000 logvar_q_clamp=0.0000 kappa_log10=6.4826
2026-08-30 01:52:44 | Epoch 199/400 | Train Loss 1.7872 Acc 0.9997 | Val Loss 5.9649 Acc 0.9787 AUC 0.9987 Pre 0.9785 Rec 0.9786
2026-08-30 01:52:44 | Diag logvar_q_mean=0.0000 logvar_q_clamp=0.0000 kappa_log10=6.4005
2026-08-30 01:52:48 | Epoch 200/400 | Train Loss 1.8940 Acc 0.9994 | Val Loss 6.0798 Acc 0.9803 AUC 0.9986 Pre 0.9802 Rec 0.9802
2026-08-30 01:52:48 | Diag logvar_q_mean=0.0000 logvar_q_clamp=0.0000 kappa_log10=6.6401
2026-08-30 01:52:52 | Epoch 201/400 | Train Loss 1.7973 Acc 0.9997 | Val Loss 5.9446 Acc 0.9796 AUC 0.9987 Pre 0.9795 Rec 0.9794
2026-08-30 01:52:52 | Diag logvar_q_mean=0.0000 logvar_q_clamp=0.0000 kappa_log10=6.4252
2026-08-30 01:52:55 | Epoch 202/400 | Train Loss 1.7687 Acc 0.9996 | Val Loss 6.0951 Acc 0.9788 AUC 0.9988 Pre 0.9786 Rec 0.9786
2026-08-30 01:52:56 | Diag logvar_q_mean=0.0000 logvar_q_clamp=0.0000 kappa_log10=6.7689
2026-08-30 01:52:59 | Epoch 203/400 | Train Loss 1.7603 Acc 0.9996 | Val Loss 6.0495 Acc 0.9792 AUC 0.9990 Pre 0.9789 Rec 0.9790
2026-08-30 01:53:00 | Diag logvar_q_mean=0.0000 logvar_q_clamp=0.0000 kappa_log10=6.7021
2026-08-30 01:53:03 | Epoch 204/400 | Train Loss 1.7467 Acc 0.9996 | Val Loss 5.7645 Acc 0.9801 AUC 0.9986 Pre 0.9799 Rec 0.9799
2026-08-30 01:53:03 | Diag logvar_q_mean=0.0000 logvar_q_clamp=0.0000 kappa_log10=6.8304
2026-08-30 01:53:07 | Epoch 205/400 | Train Loss 1.7460 Acc 0.9996 | Val Loss 5.6704 Acc 0.9806 AUC 0.9989 Pre 0.9804 Rec 0.9804
2026-08-30 01:53:07 | Diag logvar_q_mean=0.0000 logvar_q_clamp=0.0000 kappa_log10=6.4925
2026-08-30 01:53:10 | Epoch 206/400 | Train Loss 1.7972 Acc 0.9997 | Val Loss 6.0035 Acc 0.9791 AUC 0.9989 Pre 0.9789 Rec 0.9789
2026-08-30 01:53:11 | Diag logvar_q_mean=0.0000 logvar_q_clamp=0.0000 kappa_log10=6.2390
2026-08-30 01:53:14 | Epoch 207/400 | Train Loss 1.7643 Acc 0.9996 | Val Loss 6.0494 Acc 0.9794 AUC 0.9988 Pre 0.9792 Rec 0.9791
2026-08-30 01:53:15 | Diag logvar_q_mean=0.0000 logvar_q_clamp=0.0000 kappa_log10=6.2910
2026-08-30 01:53:18 | Epoch 208/400 | Train Loss 1.7589 Acc 0.9997 | Val Loss 5.9132 Acc 0.9802 AUC 0.9988 Pre 0.9800 Rec 0.9800
2026-08-30 01:53:19 | Diag logvar_q_mean=0.0000 logvar_q_clamp=0.0000 kappa_log10=7.8728
2026-08-30 01:53:22 | Epoch 209/400 | Train Loss 1.8302 Acc 0.9996 | Val Loss 6.0854 Acc 0.9794 AUC 0.9985 Pre 0.9791 Rec 0.9793
2026-08-30 01:53:22 | Diag logvar_q_mean=0.0000 logvar_q_clamp=0.0000 kappa_log10=6.4586
2026-08-30 01:53:26 | Epoch 210/400 | Train Loss 1.7852 Acc 0.9997 | Val Loss 5.9868 Acc 0.9801 AUC 0.9986 Pre 0.9800 Rec 0.9799
2026-08-30 01:53:26 | Diag logvar_q_mean=0.0000 logvar_q_clamp=0.0000 kappa_log10=6.9640
2026-08-30 01:53:29 | Epoch 211/400 | Train Loss 1.8003 Acc 0.9994 | Val Loss 6.2420 Acc 0.9792 AUC 0.9985 Pre 0.9790 Rec 0.9791
2026-08-30 01:53:30 | Diag logvar_q_mean=0.0000 logvar_q_clamp=0.0000 kappa_log10=6.1885
2026-08-30 01:53:33 | Epoch 212/400 | Train Loss 1.8427 Acc 0.9996 | Val Loss 6.0045 Acc 0.9790 AUC 0.9987 Pre 0.9788 Rec 0.9789
2026-08-30 01:53:34 | Diag logvar_q_mean=0.0000 logvar_q_clamp=0.0000 kappa_log10=6.7844
2026-08-30 01:53:37 | Epoch 213/400 | Train Loss 1.7916 Acc 0.9996 | Val Loss 5.9325 Acc 0.9787 AUC 0.9987 Pre 0.9784 Rec 0.9786
2026-08-30 01:53:38 | Diag logvar_q_mean=0.0000 logvar_q_clamp=0.0000 kappa_log10=5.9259
2026-08-30 01:53:41 | Epoch 214/400 | Train Loss 1.8032 Acc 0.9996 | Val Loss 5.9366 Acc 0.9790 AUC 0.9987 Pre 0.9788 Rec 0.9789
2026-08-30 01:53:41 | Diag logvar_q_mean=0.0000 logvar_q_clamp=0.0000 kappa_log10=7.0991
2026-08-30 01:53:45 | Epoch 215/400 | Train Loss 1.7392 Acc 0.9997 | Val Loss 6.1222 Acc 0.9793 AUC 0.9983 Pre 0.9791 Rec 0.9792
2026-08-30 01:53:45 | Diag logvar_q_mean=0.0000 logvar_q_clamp=0.0000 kappa_log10=6.9422
2026-08-30 01:53:48 | Epoch 216/400 | Train Loss 1.7167 Acc 0.9997 | Val Loss 5.9276 Acc 0.9798 AUC 0.9987 Pre 0.9795 Rec 0.9796
2026-08-30 01:53:49 | Diag logvar_q_mean=0.0000 logvar_q_clamp=0.0000 kappa_log10=6.7393
2026-08-30 01:53:52 | Epoch 217/400 | Train Loss 1.7608 Acc 0.9997 | Val Loss 6.1634 Acc 0.9793 AUC 0.9988 Pre 0.9791 Rec 0.9791
2026-08-30 01:53:53 | Diag logvar_q_mean=0.0000 logvar_q_clamp=0.0000 kappa_log10=7.7486
2026-08-30 01:53:56 | Epoch 218/400 | Train Loss 1.7773 Acc 0.9995 | Val Loss 6.2406 Acc 0.9792 AUC 0.9987 Pre 0.9790 Rec 0.9790
2026-08-30 01:53:56 | Diag logvar_q_mean=0.0000 logvar_q_clamp=0.0000 kappa_log10=6.4553
2026-08-30 01:54:00 | Epoch 219/400 | Train Loss 1.7478 Acc 0.9997 | Val Loss 5.8748 Acc 0.9798 AUC 0.9987 Pre 0.9796 Rec 0.9796
2026-08-30 01:54:00 | Diag logvar_q_mean=0.0000 logvar_q_clamp=0.0000 kappa_log10=6.3467
2026-08-30 01:54:04 | Epoch 220/400 | Train Loss 1.8066 Acc 0.9996 | Val Loss 6.1026 Acc 0.9787 AUC 0.9988 Pre 0.9787 Rec 0.9785
2026-08-30 01:54:04 | Diag logvar_q_mean=0.0000 logvar_q_clamp=0.0000 kappa_log10=6.5510
2026-08-30 01:54:07 | Epoch 221/400 | Train Loss 1.7877 Acc 0.9995 | Val Loss 6.1290 Acc 0.9770 AUC 0.9989 Pre 0.9767 Rec 0.9769
2026-08-30 01:54:08 | Diag logvar_q_mean=0.0000 logvar_q_clamp=0.0000 kappa_log10=6.7862
2026-08-30 01:54:11 | Epoch 222/400 | Train Loss 1.8343 Acc 0.9995 | Val Loss 6.2139 Acc 0.9789 AUC 0.9986 Pre 0.9786 Rec 0.9788
2026-08-30 01:54:12 | Diag logvar_q_mean=0.0000 logvar_q_clamp=0.0000 kappa_log10=6.9487
2026-08-30 01:54:15 | Epoch 223/400 | Train Loss 1.7803 Acc 0.9996 | Val Loss 5.9756 Acc 0.9789 AUC 0.9987 Pre 0.9786 Rec 0.9787
2026-08-30 01:54:15 | Diag logvar_q_mean=0.0000 logvar_q_clamp=0.0000 kappa_log10=6.3575
2026-08-30 01:54:19 | Epoch 224/400 | Train Loss 1.7645 Acc 0.9996 | Val Loss 6.2291 Acc 0.9780 AUC 0.9988 Pre 0.9778 Rec 0.9779
2026-08-30 01:54:19 | Diag logvar_q_mean=0.0000 logvar_q_clamp=0.0000 kappa_log10=6.4234
2026-08-30 01:54:23 | Epoch 225/400 | Train Loss 1.7488 Acc 0.9997 | Val Loss 6.4591 Acc 0.9771 AUC 0.9987 Pre 0.9769 Rec 0.9770
2026-08-30 01:54:23 | Diag logvar_q_mean=0.0000 logvar_q_clamp=0.0000 kappa_log10=7.7756
2026-08-30 01:54:27 | Epoch 226/400 | Train Loss 1.7494 Acc 0.9996 | Val Loss 6.1118 Acc 0.9786 AUC 0.9987 Pre 0.9784 Rec 0.9784
2026-08-30 01:54:27 | Diag logvar_q_mean=0.0000 logvar_q_clamp=0.0000 kappa_log10=8.0005
2026-08-30 01:54:30 | Epoch 227/400 | Train Loss 1.7816 Acc 0.9997 | Val Loss 5.9952 Acc 0.9779 AUC 0.9987 Pre 0.9777 Rec 0.9777
2026-08-30 01:54:31 | Diag logvar_q_mean=0.0000 logvar_q_clamp=0.0000 kappa_log10=6.7839
2026-08-30 01:54:34 | Epoch 228/400 | Train Loss 1.7258 Acc 0.9997 | Val Loss 6.0364 Acc 0.9801 AUC 0.9988 Pre 0.9799 Rec 0.9799
2026-08-30 01:54:35 | Diag logvar_q_mean=0.0000 logvar_q_clamp=0.0000 kappa_log10=6.2368
2026-08-30 01:54:38 | Epoch 229/400 | Train Loss 1.7613 Acc 0.9996 | Val Loss 5.9476 Acc 0.9800 AUC 0.9987 Pre 0.9797 Rec 0.9799
2026-08-30 01:54:39 | Diag logvar_q_mean=0.0000 logvar_q_clamp=0.0000 kappa_log10=6.7531
2026-08-30 01:54:42 | Epoch 230/400 | Train Loss 1.7061 Acc 0.9996 | Val Loss 5.9631 Acc 0.9802 AUC 0.9987 Pre 0.9799 Rec 0.9801
2026-08-30 01:54:43 | Diag logvar_q_mean=0.0000 logvar_q_clamp=0.0000 kappa_log10=6.7303
2026-08-30 01:54:46 | Epoch 231/400 | Train Loss 1.7162 Acc 0.9997 | Val Loss 6.0056 Acc 0.9791 AUC 0.9988 Pre 0.9789 Rec 0.9790
2026-08-30 01:54:46 | Diag logvar_q_mean=0.0000 logvar_q_clamp=0.0000 kappa_log10=6.2478
2026-08-30 01:54:50 | Epoch 232/400 | Train Loss 1.6942 Acc 0.9997 | Val Loss 5.8990 Acc 0.9796 AUC 0.9987 Pre 0.9795 Rec 0.9794
2026-08-30 01:54:50 | Diag logvar_q_mean=0.0000 logvar_q_clamp=0.0000 kappa_log10=6.1837
2026-08-30 01:54:54 | Epoch 233/400 | Train Loss 1.6858 Acc 0.9995 | Val Loss 5.9699 Acc 0.9787 AUC 0.9987 Pre 0.9785 Rec 0.9785
2026-08-30 01:54:54 | Diag logvar_q_mean=0.0000 logvar_q_clamp=0.0000 kappa_log10=6.8781
2026-08-30 01:54:57 | Epoch 234/400 | Train Loss 1.7268 Acc 0.9997 | Val Loss 5.9914 Acc 0.9792 AUC 0.9989 Pre 0.9791 Rec 0.9791
2026-08-30 01:54:58 | Diag logvar_q_mean=0.0000 logvar_q_clamp=0.0000 kappa_log10=7.2967
2026-08-30 01:55:01 | Epoch 235/400 | Train Loss 1.6930 Acc 0.9997 | Val Loss 5.9834 Acc 0.9795 AUC 0.9988 Pre 0.9792 Rec 0.9794
2026-08-30 01:55:02 | Diag logvar_q_mean=0.0000 logvar_q_clamp=0.0000 kappa_log10=7.0528
2026-08-30 01:55:05 | Epoch 236/400 | Train Loss 1.7858 Acc 0.9996 | Val Loss 6.0613 Acc 0.9803 AUC 0.9987 Pre 0.9801 Rec 0.9802
2026-08-30 01:55:06 | Diag logvar_q_mean=0.0000 logvar_q_clamp=0.0000 kappa_log10=6.6926
2026-08-30 01:55:09 | Epoch 237/400 | Train Loss 1.7492 Acc 0.9997 | Val Loss 6.1098 Acc 0.9788 AUC 0.9986 Pre 0.9787 Rec 0.9787
2026-08-30 01:55:09 | Diag logvar_q_mean=0.0000 logvar_q_clamp=0.0000 kappa_log10=6.3754
2026-08-30 01:55:13 | Epoch 238/400 | Train Loss 1.7861 Acc 0.9995 | Val Loss 5.9643 Acc 0.9808 AUC 0.9988 Pre 0.9807 Rec 0.9806
2026-08-30 01:55:13 | Diag logvar_q_mean=0.0000 logvar_q_clamp=0.0000 kappa_log10=6.5344
2026-08-30 01:55:16 | Epoch 239/400 | Train Loss 1.7495 Acc 0.9997 | Val Loss 6.1445 Acc 0.9792 AUC 0.9989 Pre 0.9791 Rec 0.9791
2026-08-30 01:55:17 | Diag logvar_q_mean=0.0000 logvar_q_clamp=0.0000 kappa_log10=6.6587
2026-08-30 01:55:20 | Epoch 240/400 | Train Loss 1.7689 Acc 0.9996 | Val Loss 6.0499 Acc 0.9790 AUC 0.9989 Pre 0.9789 Rec 0.9788
2026-08-30 01:55:21 | Diag logvar_q_mean=0.0000 logvar_q_clamp=0.0000 kappa_log10=7.7172
2026-08-30 01:55:24 | Epoch 241/400 | Train Loss 1.7698 Acc 0.9996 | Val Loss 6.1557 Acc 0.9793 AUC 0.9986 Pre 0.9792 Rec 0.9791
2026-08-30 01:55:25 | Diag logvar_q_mean=0.0000 logvar_q_clamp=0.0000 kappa_log10=7.3925
2026-08-30 01:55:28 | Epoch 242/400 | Train Loss 1.7295 Acc 0.9997 | Val Loss 6.0852 Acc 0.9775 AUC 0.9989 Pre 0.9774 Rec 0.9773
2026-08-30 01:55:28 | Diag logvar_q_mean=0.0000 logvar_q_clamp=0.0000 kappa_log10=7.2365
2026-08-30 01:55:32 | Epoch 243/400 | Train Loss 1.7610 Acc 0.9995 | Val Loss 6.0425 Acc 0.9800 AUC 0.9988 Pre 0.9799 Rec 0.9798
2026-08-30 01:55:32 | Diag logvar_q_mean=0.0000 logvar_q_clamp=0.0000 kappa_log10=6.1195
2026-08-30 01:55:36 | Epoch 244/400 | Train Loss 1.7151 Acc 0.9995 | Val Loss 6.1337 Acc 0.9791 AUC 0.9989 Pre 0.9791 Rec 0.9790
2026-08-30 01:55:36 | Diag logvar_q_mean=0.0000 logvar_q_clamp=0.0000 kappa_log10=7.4258
2026-08-30 01:55:39 | Epoch 245/400 | Train Loss 1.6958 Acc 0.9997 | Val Loss 6.0840 Acc 0.9793 AUC 0.9988 Pre 0.9792 Rec 0.9792
2026-08-30 01:55:40 | Diag logvar_q_mean=0.0000 logvar_q_clamp=0.0000 kappa_log10=6.7781
2026-08-30 01:55:43 | Epoch 246/400 | Train Loss 1.7036 Acc 0.9996 | Val Loss 6.1466 Acc 0.9796 AUC 0.9988 Pre 0.9794 Rec 0.9795
2026-08-30 01:55:44 | Diag logvar_q_mean=0.0000 logvar_q_clamp=0.0000 kappa_log10=6.3570
2026-08-30 01:55:47 | Epoch 247/400 | Train Loss 1.7512 Acc 0.9996 | Val Loss 6.2009 Acc 0.9790 AUC 0.9986 Pre 0.9789 Rec 0.9789
2026-08-30 01:55:47 | Diag logvar_q_mean=0.0000 logvar_q_clamp=0.0000 kappa_log10=6.9570
2026-08-30 01:55:51 | Epoch 248/400 | Train Loss 1.7608 Acc 0.9995 | Val Loss 6.2069 Acc 0.9784 AUC 0.9987 Pre 0.9782 Rec 0.9783
2026-08-30 01:55:51 | Diag logvar_q_mean=0.0000 logvar_q_clamp=0.0000 kappa_log10=7.0807
2026-08-30 01:55:55 | Epoch 249/400 | Train Loss 1.7588 Acc 0.9996 | Val Loss 5.9849 Acc 0.9800 AUC 0.9988 Pre 0.9798 Rec 0.9798
2026-08-30 01:55:55 | Diag logvar_q_mean=0.0000 logvar_q_clamp=0.0000 kappa_log10=6.6998
2026-08-30 01:55:58 | Epoch 250/400 | Train Loss 1.7087 Acc 0.9997 | Val Loss 6.1371 Acc 0.9787 AUC 0.9987 Pre 0.9785 Rec 0.9787
2026-08-30 01:55:59 | Diag logvar_q_mean=0.0000 logvar_q_clamp=0.0000 kappa_log10=6.1715
2026-08-30 01:56:02 | Epoch 251/400 | Train Loss 1.6904 Acc 0.9996 | Val Loss 6.1698 Acc 0.9802 AUC 0.9989 Pre 0.9801 Rec 0.9801
2026-08-30 01:56:03 | Diag logvar_q_mean=0.0000 logvar_q_clamp=0.0000 kappa_log10=7.0758
2026-08-30 01:56:06 | Epoch 252/400 | Train Loss 1.7210 Acc 0.9998 | Val Loss 6.0947 Acc 0.9804 AUC 0.9986 Pre 0.9803 Rec 0.9802
2026-08-30 01:56:07 | Diag logvar_q_mean=0.0000 logvar_q_clamp=0.0000 kappa_log10=7.3886
2026-08-30 01:56:10 | Epoch 253/400 | Train Loss 1.6661 Acc 0.9997 | Val Loss 6.0631 Acc 0.9787 AUC 0.9987 Pre 0.9786 Rec 0.9786
2026-08-30 01:56:10 | Diag logvar_q_mean=0.0000 logvar_q_clamp=0.0000 kappa_log10=6.5268
2026-08-30 01:56:14 | Epoch 254/400 | Train Loss 1.7337 Acc 0.9996 | Val Loss 6.1837 Acc 0.9785 AUC 0.9987 Pre 0.9782 Rec 0.9784
2026-08-30 01:56:14 | Diag logvar_q_mean=0.0000 logvar_q_clamp=0.0000 kappa_log10=7.2164
2026-08-30 01:56:18 | Epoch 255/400 | Train Loss 1.6886 Acc 0.9997 | Val Loss 5.9654 Acc 0.9790 AUC 0.9986 Pre 0.9788 Rec 0.9789
2026-08-30 01:56:18 | Diag logvar_q_mean=0.0000 logvar_q_clamp=0.0000 kappa_log10=6.9481
2026-08-30 01:56:21 | Epoch 256/400 | Train Loss 1.7621 Acc 0.9995 | Val Loss 5.7772 Acc 0.9798 AUC 0.9988 Pre 0.9796 Rec 0.9796
2026-08-30 01:56:22 | Diag logvar_q_mean=0.0000 logvar_q_clamp=0.0000 kappa_log10=6.6348
2026-08-30 01:56:25 | Epoch 257/400 | Train Loss 1.7026 Acc 0.9998 | Val Loss 5.9105 Acc 0.9798 AUC 0.9990 Pre 0.9797 Rec 0.9797
2026-08-30 01:56:26 | Diag logvar_q_mean=0.0000 logvar_q_clamp=0.0000 kappa_log10=6.1081
2026-08-30 01:56:29 | Epoch 258/400 | Train Loss 1.7055 Acc 0.9997 | Val Loss 6.0258 Acc 0.9800 AUC 0.9987 Pre 0.9798 Rec 0.9799
2026-08-30 01:56:30 | Diag logvar_q_mean=0.0000 logvar_q_clamp=0.0000 kappa_log10=7.2792
2026-08-30 01:56:33 | Epoch 259/400 | Train Loss 1.6996 Acc 0.9997 | Val Loss 5.8983 Acc 0.9796 AUC 0.9988 Pre 0.9794 Rec 0.9794
2026-08-30 01:56:33 | Diag logvar_q_mean=0.0000 logvar_q_clamp=0.0000 kappa_log10=6.2355
2026-08-30 01:56:37 | Epoch 260/400 | Train Loss 1.6683 Acc 0.9996 | Val Loss 6.0637 Acc 0.9788 AUC 0.9987 Pre 0.9786 Rec 0.9786
2026-08-30 01:56:37 | Diag logvar_q_mean=0.0000 logvar_q_clamp=0.0000 kappa_log10=6.5944
2026-08-30 01:56:40 | Epoch 261/400 | Train Loss 1.6810 Acc 0.9998 | Val Loss 5.9869 Acc 0.9794 AUC 0.9984 Pre 0.9792 Rec 0.9792
2026-08-30 01:56:41 | Diag logvar_q_mean=0.0000 logvar_q_clamp=0.0000 kappa_log10=6.2641
2026-08-30 01:56:44 | Epoch 262/400 | Train Loss 1.6691 Acc 0.9998 | Val Loss 5.9642 Acc 0.9800 AUC 0.9986 Pre 0.9798 Rec 0.9798
2026-08-30 01:56:45 | Diag logvar_q_mean=0.0000 logvar_q_clamp=0.0000 kappa_log10=6.9821
2026-08-30 01:56:48 | Epoch 263/400 | Train Loss 1.7031 Acc 0.9996 | Val Loss 6.0415 Acc 0.9794 AUC 0.9987 Pre 0.9792 Rec 0.9793
2026-08-30 01:56:48 | Diag logvar_q_mean=0.0000 logvar_q_clamp=0.0000 kappa_log10=6.5441
2026-08-30 01:56:52 | Epoch 264/400 | Train Loss 1.6834 Acc 0.9998 | Val Loss 5.9706 Acc 0.9796 AUC 0.9987 Pre 0.9795 Rec 0.9794
2026-08-30 01:56:52 | Diag logvar_q_mean=0.0000 logvar_q_clamp=0.0000 kappa_log10=6.6043
2026-08-30 01:56:56 | Epoch 265/400 | Train Loss 1.6955 Acc 0.9996 | Val Loss 6.0684 Acc 0.9798 AUC 0.9987 Pre 0.9795 Rec 0.9797
2026-08-30 01:56:56 | Diag logvar_q_mean=0.0000 logvar_q_clamp=0.0000 kappa_log10=6.3623
2026-08-30 01:56:59 | Epoch 266/400 | Train Loss 1.7301 Acc 0.9995 | Val Loss 6.0796 Acc 0.9787 AUC 0.9987 Pre 0.9784 Rec 0.9786
2026-08-30 01:57:00 | Diag logvar_q_mean=0.0000 logvar_q_clamp=0.0000 kappa_log10=6.5388
2026-08-30 01:57:03 | Epoch 267/400 | Train Loss 1.6510 Acc 0.9998 | Val Loss 6.1171 Acc 0.9799 AUC 0.9988 Pre 0.9798 Rec 0.9797
2026-08-30 01:57:04 | Diag logvar_q_mean=0.0000 logvar_q_clamp=0.0000 kappa_log10=7.4117
2026-08-30 01:57:07 | Epoch 268/400 | Train Loss 1.6825 Acc 0.9996 | Val Loss 6.2180 Acc 0.9780 AUC 0.9986 Pre 0.9778 Rec 0.9779
2026-08-30 01:57:07 | Diag logvar_q_mean=0.0000 logvar_q_clamp=0.0000 kappa_log10=6.3447
2026-08-30 01:57:11 | Epoch 269/400 | Train Loss 1.7143 Acc 0.9997 | Val Loss 6.2721 Acc 0.9781 AUC 0.9987 Pre 0.9780 Rec 0.9781
2026-08-30 01:57:11 | Diag logvar_q_mean=0.0000 logvar_q_clamp=0.0000 kappa_log10=6.4280
2026-08-30 01:57:15 | Epoch 270/400 | Train Loss 1.7006 Acc 0.9997 | Val Loss 6.3175 Acc 0.9792 AUC 0.9986 Pre 0.9791 Rec 0.9791
2026-08-30 01:57:15 | Diag logvar_q_mean=0.0000 logvar_q_clamp=0.0000 kappa_log10=6.7545
2026-08-30 01:57:18 | Epoch 271/400 | Train Loss 1.6989 Acc 0.9996 | Val Loss 6.1412 Acc 0.9795 AUC 0.9986 Pre 0.9794 Rec 0.9794
2026-08-30 01:57:19 | Diag logvar_q_mean=0.0000 logvar_q_clamp=0.0000 kappa_log10=7.0097
2026-08-30 01:57:22 | Epoch 272/400 | Train Loss 1.7121 Acc 0.9995 | Val Loss 6.1442 Acc 0.9776 AUC 0.9989 Pre 0.9774 Rec 0.9775
2026-08-30 01:57:23 | Diag logvar_q_mean=0.0000 logvar_q_clamp=0.0000 kappa_log10=6.8424
2026-08-30 01:57:26 | Epoch 273/400 | Train Loss 1.6924 Acc 0.9997 | Val Loss 6.0610 Acc 0.9787 AUC 0.9989 Pre 0.9786 Rec 0.9785
2026-08-30 01:57:26 | Diag logvar_q_mean=0.0000 logvar_q_clamp=0.0000 kappa_log10=6.2880
2026-08-30 01:57:30 | Epoch 274/400 | Train Loss 1.7244 Acc 0.9996 | Val Loss 6.2037 Acc 0.9773 AUC 0.9987 Pre 0.9773 Rec 0.9771
2026-08-30 01:57:30 | Diag logvar_q_mean=0.0000 logvar_q_clamp=0.0000 kappa_log10=6.9963
2026-08-30 01:57:34 | Epoch 275/400 | Train Loss 1.7514 Acc 0.9995 | Val Loss 6.3822 Acc 0.9778 AUC 0.9984 Pre 0.9777 Rec 0.9776
2026-08-30 01:57:34 | Diag logvar_q_mean=0.0000 logvar_q_clamp=0.0000 kappa_log10=6.1684
2026-08-30 01:57:37 | Epoch 276/400 | Train Loss 1.7608 Acc 0.9996 | Val Loss 5.9971 Acc 0.9786 AUC 0.9988 Pre 0.9784 Rec 0.9785
2026-08-30 01:57:38 | Diag logvar_q_mean=0.0000 logvar_q_clamp=0.0000 kappa_log10=6.8193
2026-08-30 01:57:41 | Epoch 277/400 | Train Loss 1.6853 Acc 0.9996 | Val Loss 6.1513 Acc 0.9793 AUC 0.9987 Pre 0.9791 Rec 0.9791
2026-08-30 01:57:42 | Diag logvar_q_mean=0.0000 logvar_q_clamp=0.0000 kappa_log10=6.2816
2026-08-30 01:57:45 | Epoch 278/400 | Train Loss 1.6246 Acc 0.9998 | Val Loss 6.0318 Acc 0.9776 AUC 0.9986 Pre 0.9775 Rec 0.9775
2026-08-30 01:57:45 | Diag logvar_q_mean=0.0000 logvar_q_clamp=0.0000 kappa_log10=6.6158
2026-08-30 01:57:49 | Epoch 279/400 | Train Loss 1.6623 Acc 0.9997 | Val Loss 6.2807 Acc 0.9762 AUC 0.9988 Pre 0.9761 Rec 0.9759
2026-08-30 01:57:49 | Diag logvar_q_mean=0.0000 logvar_q_clamp=0.0000 kappa_log10=7.1185
2026-08-30 01:57:52 | Epoch 280/400 | Train Loss 1.6662 Acc 0.9997 | Val Loss 6.1819 Acc 0.9789 AUC 0.9986 Pre 0.9787 Rec 0.9788
2026-08-30 01:57:53 | Diag logvar_q_mean=0.0000 logvar_q_clamp=0.0000 kappa_log10=6.3947
2026-08-30 01:57:56 | Epoch 281/400 | Train Loss 1.6568 Acc 0.9996 | Val Loss 6.2146 Acc 0.9781 AUC 0.9985 Pre 0.9778 Rec 0.9780
2026-08-30 01:57:57 | Diag logvar_q_mean=0.0000 logvar_q_clamp=0.0000 kappa_log10=6.9289
2026-08-30 01:58:00 | Epoch 282/400 | Train Loss 1.6975 Acc 0.9996 | Val Loss 6.4397 Acc 0.9778 AUC 0.9986 Pre 0.9777 Rec 0.9777
2026-08-30 01:58:01 | Diag logvar_q_mean=0.0000 logvar_q_clamp=0.0000 kappa_log10=6.4403
2026-08-30 01:58:04 | Epoch 283/400 | Train Loss 1.6976 Acc 0.9997 | Val Loss 6.0369 Acc 0.9790 AUC 0.9987 Pre 0.9788 Rec 0.9789
2026-08-30 01:58:04 | Diag logvar_q_mean=0.0000 logvar_q_clamp=0.0000 kappa_log10=6.5426
2026-08-30 01:58:08 | Epoch 284/400 | Train Loss 1.7035 Acc 0.9996 | Val Loss 6.2190 Acc 0.9787 AUC 0.9987 Pre 0.9785 Rec 0.9786
2026-08-30 01:58:08 | Diag logvar_q_mean=0.0000 logvar_q_clamp=0.0000 kappa_log10=6.1847
2026-08-30 01:58:12 | Epoch 285/400 | Train Loss 1.7472 Acc 0.9995 | Val Loss 6.1746 Acc 0.9784 AUC 0.9987 Pre 0.9783 Rec 0.9783
2026-08-30 01:58:12 | Diag logvar_q_mean=0.0000 logvar_q_clamp=0.0000 kappa_log10=6.4522
2026-08-30 01:58:15 | Epoch 286/400 | Train Loss 1.7615 Acc 0.9995 | Val Loss 6.2499 Acc 0.9779 AUC 0.9989 Pre 0.9779 Rec 0.9778
2026-08-30 01:58:16 | Diag logvar_q_mean=0.0000 logvar_q_clamp=0.0000 kappa_log10=6.3688
2026-08-30 01:58:19 | Epoch 287/400 | Train Loss 1.6568 Acc 0.9996 | Val Loss 6.1074 Acc 0.9783 AUC 0.9987 Pre 0.9783 Rec 0.9781
2026-08-30 01:58:20 | Diag logvar_q_mean=0.0000 logvar_q_clamp=0.0000 kappa_log10=7.0344
2026-08-30 01:58:23 | Epoch 288/400 | Train Loss 1.6823 Acc 0.9998 | Val Loss 6.2826 Acc 0.9780 AUC 0.9988 Pre 0.9780 Rec 0.9779
2026-08-30 01:58:24 | Diag logvar_q_mean=0.0000 logvar_q_clamp=0.0000 kappa_log10=6.2319
2026-08-30 01:58:27 | Epoch 289/400 | Train Loss 1.6503 Acc 0.9997 | Val Loss 6.2904 Acc 0.9772 AUC 0.9985 Pre 0.9771 Rec 0.9771
2026-08-30 01:58:27 | Diag logvar_q_mean=0.0000 logvar_q_clamp=0.0000 kappa_log10=6.6278
2026-08-30 01:58:31 | Epoch 290/400 | Train Loss 1.6738 Acc 0.9997 | Val Loss 6.0888 Acc 0.9784 AUC 0.9988 Pre 0.9783 Rec 0.9783
2026-08-30 01:58:31 | Diag logvar_q_mean=0.0000 logvar_q_clamp=0.0000 kappa_log10=7.1324
2026-08-30 01:58:34 | Epoch 291/400 | Train Loss 1.6432 Acc 0.9996 | Val Loss 5.9363 Acc 0.9793 AUC 0.9989 Pre 0.9792 Rec 0.9793
2026-08-30 01:58:35 | Diag logvar_q_mean=0.0000 logvar_q_clamp=0.0000 kappa_log10=7.1430
2026-08-30 01:58:38 | Epoch 292/400 | Train Loss 1.6823 Acc 0.9997 | Val Loss 6.2195 Acc 0.9786 AUC 0.9988 Pre 0.9785 Rec 0.9785
2026-08-30 01:58:39 | Diag logvar_q_mean=0.0000 logvar_q_clamp=0.0000 kappa_log10=6.3969
2026-08-30 01:58:42 | Epoch 293/400 | Train Loss 1.6734 Acc 0.9997 | Val Loss 6.6085 Acc 0.9771 AUC 0.9985 Pre 0.9770 Rec 0.9769
2026-08-30 01:58:43 | Diag logvar_q_mean=0.0000 logvar_q_clamp=0.0000 kappa_log10=7.0273
2026-08-30 01:58:46 | Epoch 294/400 | Train Loss 1.6800 Acc 0.9996 | Val Loss 6.0353 Acc 0.9793 AUC 0.9988 Pre 0.9792 Rec 0.9792
2026-08-30 01:58:46 | Diag logvar_q_mean=0.0000 logvar_q_clamp=0.0000 kappa_log10=6.3454
2026-08-30 01:58:50 | Epoch 295/400 | Train Loss 1.6042 Acc 0.9997 | Val Loss 6.2805 Acc 0.9781 AUC 0.9988 Pre 0.9780 Rec 0.9779
2026-08-30 01:58:50 | Diag logvar_q_mean=0.0000 logvar_q_clamp=0.0000 kappa_log10=7.3200
2026-08-30 01:58:53 | Epoch 296/400 | Train Loss 1.6679 Acc 0.9997 | Val Loss 6.2589 Acc 0.9785 AUC 0.9989 Pre 0.9785 Rec 0.9784
2026-08-30 01:58:54 | Diag logvar_q_mean=0.0000 logvar_q_clamp=0.0000 kappa_log10=6.6007
2026-08-30 01:58:57 | Epoch 297/400 | Train Loss 1.6459 Acc 0.9998 | Val Loss 5.9866 Acc 0.9786 AUC 0.9987 Pre 0.9785 Rec 0.9785
2026-08-30 01:58:57 | Diag logvar_q_mean=0.0000 logvar_q_clamp=0.0000 kappa_log10=6.5095
2026-08-30 01:59:01 | Epoch 298/400 | Train Loss 1.7294 Acc 0.9997 | Val Loss 6.3625 Acc 0.9767 AUC 0.9989 Pre 0.9766 Rec 0.9766
2026-08-30 01:59:01 | Diag logvar_q_mean=0.0000 logvar_q_clamp=0.0000 kappa_log10=6.3618
2026-08-30 01:59:04 | Epoch 299/400 | Train Loss 1.6498 Acc 0.9997 | Val Loss 6.4929 Acc 0.9777 AUC 0.9987 Pre 0.9776 Rec 0.9776
2026-08-30 01:59:05 | Diag logvar_q_mean=0.0000 logvar_q_clamp=0.0000 kappa_log10=6.5251
2026-08-30 01:59:08 | Epoch 300/400 | Train Loss 1.7068 Acc 0.9997 | Val Loss 5.9235 Acc 0.9780 AUC 0.9988 Pre 0.9779 Rec 0.9779
2026-08-30 01:59:08 | Diag logvar_q_mean=0.0000 logvar_q_clamp=0.0000 kappa_log10=6.9373
2026-08-30 01:59:12 | Epoch 301/400 | Train Loss 1.6490 Acc 0.9997 | Val Loss 6.1625 Acc 0.9760 AUC 0.9987 Pre 0.9759 Rec 0.9759
2026-08-30 01:59:12 | Diag logvar_q_mean=0.0000 logvar_q_clamp=0.0000 kappa_log10=6.8190
2026-08-30 01:59:15 | Epoch 302/400 | Train Loss 1.6786 Acc 0.9997 | Val Loss 6.0712 Acc 0.9780 AUC 0.9989 Pre 0.9780 Rec 0.9779
2026-08-30 01:59:16 | Diag logvar_q_mean=0.0000 logvar_q_clamp=0.0000 kappa_log10=5.8728
2026-08-30 01:59:19 | Epoch 303/400 | Train Loss 1.6935 Acc 0.9995 | Val Loss 6.1145 Acc 0.9772 AUC 0.9987 Pre 0.9771 Rec 0.9771
2026-08-30 01:59:20 | Diag logvar_q_mean=0.0000 logvar_q_clamp=0.0000 kappa_log10=6.2622
2026-08-30 01:59:23 | Epoch 304/400 | Train Loss 1.6531 Acc 0.9997 | Val Loss 6.2645 Acc 0.9777 AUC 0.9987 Pre 0.9776 Rec 0.9776
2026-08-30 01:59:24 | Diag logvar_q_mean=0.0000 logvar_q_clamp=0.0000 kappa_log10=6.3420
2026-08-30 01:59:27 | Epoch 305/400 | Train Loss 1.6499 Acc 0.9997 | Val Loss 6.1805 Acc 0.9778 AUC 0.9988 Pre 0.9777 Rec 0.9777
2026-08-30 01:59:27 | Diag logvar_q_mean=0.0000 logvar_q_clamp=0.0000 kappa_log10=7.6356
2026-08-30 01:59:30 | Epoch 306/400 | Train Loss 1.7045 Acc 0.9996 | Val Loss 6.3582 Acc 0.9776 AUC 0.9985 Pre 0.9775 Rec 0.9774
2026-08-30 01:59:31 | Diag logvar_q_mean=0.0000 logvar_q_clamp=0.0000 kappa_log10=6.4224
2026-08-30 01:59:34 | Epoch 307/400 | Train Loss 1.7163 Acc 0.9996 | Val Loss 6.2912 Acc 0.9792 AUC 0.9988 Pre 0.9790 Rec 0.9790
2026-08-30 01:59:34 | Diag logvar_q_mean=0.0000 logvar_q_clamp=0.0000 kappa_log10=6.3626
2026-08-30 01:59:38 | Epoch 308/400 | Train Loss 1.6795 Acc 0.9996 | Val Loss 6.2666 Acc 0.9776 AUC 0.9985 Pre 0.9775 Rec 0.9775
2026-08-30 01:59:38 | Diag logvar_q_mean=0.0000 logvar_q_clamp=0.0000 kappa_log10=8.2778
2026-08-30 01:59:41 | Epoch 309/400 | Train Loss 1.6936 Acc 0.9995 | Val Loss 6.1816 Acc 0.9793 AUC 0.9987 Pre 0.9791 Rec 0.9791
2026-08-30 01:59:42 | Diag logvar_q_mean=0.0000 logvar_q_clamp=0.0000 kappa_log10=7.2320
2026-08-30 01:59:45 | Epoch 310/400 | Train Loss 1.6504 Acc 0.9997 | Val Loss 6.4651 Acc 0.9769 AUC 0.9988 Pre 0.9768 Rec 0.9768
2026-08-30 01:59:46 | Diag logvar_q_mean=0.0000 logvar_q_clamp=0.0000 kappa_log10=6.0520
2026-08-30 01:59:49 | Epoch 311/400 | Train Loss 1.6549 Acc 0.9996 | Val Loss 6.2552 Acc 0.9769 AUC 0.9985 Pre 0.9768 Rec 0.9768
2026-08-30 01:59:49 | Diag logvar_q_mean=0.0000 logvar_q_clamp=0.0000 kappa_log10=7.0720
2026-08-30 01:59:52 | Epoch 312/400 | Train Loss 1.6783 Acc 0.9996 | Val Loss 6.4768 Acc 0.9767 AUC 0.9985 Pre 0.9766 Rec 0.9767
2026-08-30 01:59:53 | Diag logvar_q_mean=0.0000 logvar_q_clamp=0.0000 kappa_log10=6.2130
2026-08-30 01:59:56 | Epoch 313/400 | Train Loss 1.6917 Acc 0.9996 | Val Loss 6.6286 Acc 0.9771 AUC 0.9986 Pre 0.9770 Rec 0.9770
2026-08-30 01:59:57 | Diag logvar_q_mean=0.0000 logvar_q_clamp=0.0000 kappa_log10=6.2365
2026-08-30 02:00:00 | Epoch 314/400 | Train Loss 1.6268 Acc 0.9998 | Val Loss 6.4773 Acc 0.9764 AUC 0.9987 Pre 0.9763 Rec 0.9763
2026-08-30 02:00:00 | Diag logvar_q_mean=0.0000 logvar_q_clamp=0.0000 kappa_log10=6.5119
2026-08-30 02:00:03 | Epoch 315/400 | Train Loss 1.6282 Acc 0.9996 | Val Loss 6.2775 Acc 0.9769 AUC 0.9987 Pre 0.9768 Rec 0.9767
2026-08-30 02:00:04 | Diag logvar_q_mean=0.0000 logvar_q_clamp=0.0000 kappa_log10=6.5206
2026-08-30 02:00:07 | Epoch 316/400 | Train Loss 1.7020 Acc 0.9997 | Val Loss 6.2429 Acc 0.9792 AUC 0.9986 Pre 0.9793 Rec 0.9791
2026-08-30 02:00:08 | Diag logvar_q_mean=0.0000 logvar_q_clamp=0.0000 kappa_log10=6.1911
2026-08-30 02:00:11 | Epoch 317/400 | Train Loss 1.6343 Acc 0.9998 | Val Loss 6.2153 Acc 0.9779 AUC 0.9985 Pre 0.9778 Rec 0.9778
2026-08-30 02:00:11 | Diag logvar_q_mean=0.0000 logvar_q_clamp=0.0000 kappa_log10=6.5291
2026-08-30 02:00:14 | Epoch 318/400 | Train Loss 1.6067 Acc 0.9996 | Val Loss 6.2634 Acc 0.9772 AUC 0.9987 Pre 0.9773 Rec 0.9770
2026-08-30 02:00:15 | Diag logvar_q_mean=0.0000 logvar_q_clamp=0.0000 kappa_log10=6.6105
2026-08-30 02:00:18 | Epoch 319/400 | Train Loss 1.6724 Acc 0.9997 | Val Loss 6.5055 Acc 0.9785 AUC 0.9986 Pre 0.9785 Rec 0.9783
2026-08-30 02:00:19 | Diag logvar_q_mean=0.0000 logvar_q_clamp=0.0000 kappa_log10=6.3156
2026-08-30 02:00:22 | Epoch 320/400 | Train Loss 1.6619 Acc 0.9997 | Val Loss 6.5476 Acc 0.9770 AUC 0.9985 Pre 0.9770 Rec 0.9768
2026-08-30 02:00:22 | Diag logvar_q_mean=0.0000 logvar_q_clamp=0.0000 kappa_log10=6.4614
2026-08-30 02:00:26 | Epoch 321/400 | Train Loss 1.6401 Acc 0.9996 | Val Loss 6.3159 Acc 0.9769 AUC 0.9985 Pre 0.9768 Rec 0.9768
2026-08-30 02:00:26 | Diag logvar_q_mean=0.0000 logvar_q_clamp=0.0000 kappa_log10=7.0454
2026-08-30 02:00:29 | Epoch 322/400 | Train Loss 1.6226 Acc 0.9996 | Val Loss 6.3665 Acc 0.9782 AUC 0.9984 Pre 0.9782 Rec 0.9781
2026-08-30 02:00:30 | Diag logvar_q_mean=0.0000 logvar_q_clamp=0.0000 kappa_log10=6.4218
2026-08-30 02:00:33 | Epoch 323/400 | Train Loss 1.6720 Acc 0.9997 | Val Loss 6.7593 Acc 0.9766 AUC 0.9984 Pre 0.9767 Rec 0.9764
2026-08-30 02:00:33 | Diag logvar_q_mean=0.0000 logvar_q_clamp=0.0000 kappa_log10=6.9854
2026-08-30 02:00:37 | Epoch 324/400 | Train Loss 1.6226 Acc 0.9998 | Val Loss 6.4489 Acc 0.9780 AUC 0.9984 Pre 0.9779 Rec 0.9779
2026-08-30 02:00:37 | Diag logvar_q_mean=0.0000 logvar_q_clamp=0.0000 kappa_log10=6.7951
2026-08-30 02:00:40 | Epoch 325/400 | Train Loss 1.5945 Acc 0.9997 | Val Loss 6.1599 Acc 0.9791 AUC 0.9986 Pre 0.9791 Rec 0.9790
2026-08-30 02:00:41 | Diag logvar_q_mean=0.0000 logvar_q_clamp=0.0000 kappa_log10=6.8173
2026-08-30 02:00:44 | Epoch 326/400 | Train Loss 1.6407 Acc 0.9995 | Val Loss 6.2574 Acc 0.9784 AUC 0.9985 Pre 0.9784 Rec 0.9784
2026-08-30 02:00:45 | Diag logvar_q_mean=0.0000 logvar_q_clamp=0.0000 kappa_log10=6.1724
2026-08-30 02:00:48 | Epoch 327/400 | Train Loss 1.6570 Acc 0.9996 | Val Loss 6.1387 Acc 0.9793 AUC 0.9987 Pre 0.9792 Rec 0.9791
2026-08-30 02:00:48 | Diag logvar_q_mean=0.0000 logvar_q_clamp=0.0000 kappa_log10=7.6655
2026-08-30 02:00:52 | Epoch 328/400 | Train Loss 1.6087 Acc 0.9998 | Val Loss 6.1343 Acc 0.9791 AUC 0.9986 Pre 0.9790 Rec 0.9789
2026-08-30 02:00:52 | Diag logvar_q_mean=0.0000 logvar_q_clamp=0.0000 kappa_log10=7.0334
2026-08-30 02:00:55 | Epoch 329/400 | Train Loss 1.6437 Acc 0.9996 | Val Loss 6.5017 Acc 0.9769 AUC 0.9983 Pre 0.9769 Rec 0.9767
2026-08-30 02:00:56 | Diag logvar_q_mean=0.0000 logvar_q_clamp=0.0000 kappa_log10=6.1931
2026-08-30 02:00:59 | Epoch 330/400 | Train Loss 1.6036 Acc 0.9998 | Val Loss 6.3454 Acc 0.9774 AUC 0.9987 Pre 0.9774 Rec 0.9772
2026-08-30 02:01:00 | Diag logvar_q_mean=0.0000 logvar_q_clamp=0.0000 kappa_log10=7.0378
2026-08-30 02:01:03 | Epoch 331/400 | Train Loss 1.6256 Acc 0.9997 | Val Loss 6.4578 Acc 0.9774 AUC 0.9986 Pre 0.9773 Rec 0.9772
2026-08-30 02:01:03 | Diag logvar_q_mean=0.0000 logvar_q_clamp=0.0000 kappa_log10=6.6017
2026-08-30 02:01:06 | Epoch 332/400 | Train Loss 1.6704 Acc 0.9995 | Val Loss 6.5274 Acc 0.9769 AUC 0.9986 Pre 0.9769 Rec 0.9768
2026-08-30 02:01:07 | Diag logvar_q_mean=0.0000 logvar_q_clamp=0.0000 kappa_log10=6.3554
2026-08-30 02:01:10 | Epoch 333/400 | Train Loss 1.6730 Acc 0.9996 | Val Loss 6.7092 Acc 0.9766 AUC 0.9985 Pre 0.9765 Rec 0.9764
2026-08-30 02:01:11 | Diag logvar_q_mean=0.0000 logvar_q_clamp=0.0000 kappa_log10=6.2424
2026-08-30 02:01:14 | Epoch 334/400 | Train Loss 1.6864 Acc 0.9997 | Val Loss 6.4320 Acc 0.9765 AUC 0.9984 Pre 0.9764 Rec 0.9764
2026-08-30 02:01:14 | Diag logvar_q_mean=0.0000 logvar_q_clamp=0.0000 kappa_log10=6.8977
2026-08-30 02:01:17 | Epoch 335/400 | Train Loss 1.7014 Acc 0.9997 | Val Loss 6.7258 Acc 0.9762 AUC 0.9985 Pre 0.9759 Rec 0.9760
2026-08-30 02:01:18 | Diag logvar_q_mean=0.0000 logvar_q_clamp=0.0000 kappa_log10=6.5534
2026-08-30 02:01:21 | Epoch 336/400 | Train Loss 1.6578 Acc 0.9997 | Val Loss 6.5245 Acc 0.9764 AUC 0.9985 Pre 0.9764 Rec 0.9763
2026-08-30 02:01:22 | Diag logvar_q_mean=0.0000 logvar_q_clamp=0.0000 kappa_log10=8.2446
2026-08-30 02:01:25 | Epoch 337/400 | Train Loss 1.6240 Acc 0.9997 | Val Loss 6.4537 Acc 0.9776 AUC 0.9985 Pre 0.9775 Rec 0.9775
2026-08-30 02:01:25 | Diag logvar_q_mean=0.0000 logvar_q_clamp=0.0000 kappa_log10=6.2856
2026-08-30 02:01:29 | Epoch 338/400 | Train Loss 1.6866 Acc 0.9997 | Val Loss 6.5556 Acc 0.9773 AUC 0.9985 Pre 0.9773 Rec 0.9771
2026-08-30 02:01:29 | Diag logvar_q_mean=0.0000 logvar_q_clamp=0.0000 kappa_log10=7.4514
2026-08-30 02:01:33 | Epoch 339/400 | Train Loss 1.6406 Acc 0.9999 | Val Loss 6.4584 Acc 0.9775 AUC 0.9986 Pre 0.9775 Rec 0.9774
2026-08-30 02:01:33 | Diag logvar_q_mean=0.0000 logvar_q_clamp=0.0000 kappa_log10=6.2876
2026-08-30 02:01:36 | Epoch 340/400 | Train Loss 1.6207 Acc 0.9997 | Val Loss 6.3179 Acc 0.9771 AUC 0.9985 Pre 0.9771 Rec 0.9770
2026-08-30 02:01:37 | Diag logvar_q_mean=0.0000 logvar_q_clamp=0.0000 kappa_log10=6.5447
2026-08-30 02:01:40 | Epoch 341/400 | Train Loss 1.6100 Acc 0.9997 | Val Loss 6.0907 Acc 0.9785 AUC 0.9986 Pre 0.9785 Rec 0.9783
2026-08-30 02:01:41 | Diag logvar_q_mean=0.0000 logvar_q_clamp=0.0000 kappa_log10=6.3291
2026-08-30 02:01:44 | Epoch 342/400 | Train Loss 1.6138 Acc 0.9996 | Val Loss 6.2592 Acc 0.9779 AUC 0.9986 Pre 0.9778 Rec 0.9777
2026-08-30 02:01:45 | Diag logvar_q_mean=0.0000 logvar_q_clamp=0.0000 kappa_log10=6.5443
2026-08-30 02:01:48 | Epoch 343/400 | Train Loss 1.6436 Acc 0.9998 | Val Loss 6.3494 Acc 0.9777 AUC 0.9986 Pre 0.9776 Rec 0.9775
2026-08-30 02:01:48 | Diag logvar_q_mean=0.0000 logvar_q_clamp=0.0000 kappa_log10=6.3033
2026-08-30 02:01:52 | Epoch 344/400 | Train Loss 1.6317 Acc 0.9998 | Val Loss 6.3387 Acc 0.9773 AUC 0.9983 Pre 0.9773 Rec 0.9772
2026-08-30 02:01:52 | Diag logvar_q_mean=0.0000 logvar_q_clamp=0.0000 kappa_log10=6.5237
2026-08-30 02:01:56 | Epoch 345/400 | Train Loss 1.6100 Acc 0.9997 | Val Loss 6.2877 Acc 0.9774 AUC 0.9985 Pre 0.9774 Rec 0.9773
2026-08-30 02:01:56 | Diag logvar_q_mean=0.0000 logvar_q_clamp=0.0000 kappa_log10=6.6566
2026-08-30 02:01:59 | Epoch 346/400 | Train Loss 1.6115 Acc 0.9997 | Val Loss 6.1081 Acc 0.9778 AUC 0.9988 Pre 0.9777 Rec 0.9777
2026-08-30 02:02:00 | Diag logvar_q_mean=0.0000 logvar_q_clamp=0.0000 kappa_log10=6.6412
2026-08-30 02:02:03 | Epoch 347/400 | Train Loss 1.6716 Acc 0.9997 | Val Loss 6.3957 Acc 0.9766 AUC 0.9987 Pre 0.9767 Rec 0.9765
2026-08-30 02:02:04 | Diag logvar_q_mean=0.0000 logvar_q_clamp=0.0000 kappa_log10=6.2587
2026-08-30 02:02:07 | Epoch 348/400 | Train Loss 1.6410 Acc 0.9996 | Val Loss 6.6427 Acc 0.9768 AUC 0.9986 Pre 0.9769 Rec 0.9766
2026-08-30 02:02:08 | Diag logvar_q_mean=0.0000 logvar_q_clamp=0.0000 kappa_log10=6.4052
2026-08-30 02:02:11 | Epoch 349/400 | Train Loss 1.6250 Acc 0.9996 | Val Loss 6.2885 Acc 0.9783 AUC 0.9985 Pre 0.9784 Rec 0.9782
2026-08-30 02:02:11 | Diag logvar_q_mean=0.0000 logvar_q_clamp=0.0000 kappa_log10=6.6774
2026-08-30 02:02:15 | Epoch 350/400 | Train Loss 1.6045 Acc 0.9997 | Val Loss 6.5420 Acc 0.9775 AUC 0.9986 Pre 0.9774 Rec 0.9774
2026-08-30 02:02:15 | Diag logvar_q_mean=0.0000 logvar_q_clamp=0.0000 kappa_log10=6.7930
2026-08-30 02:02:19 | Epoch 351/400 | Train Loss 1.6219 Acc 0.9997 | Val Loss 6.4178 Acc 0.9761 AUC 0.9985 Pre 0.9759 Rec 0.9760
2026-08-30 02:02:19 | Diag logvar_q_mean=0.0000 logvar_q_clamp=0.0000 kappa_log10=6.7315
2026-08-30 02:02:22 | Epoch 352/400 | Train Loss 1.6026 Acc 0.9997 | Val Loss 6.3922 Acc 0.9774 AUC 0.9985 Pre 0.9774 Rec 0.9773
2026-08-30 02:02:23 | Diag logvar_q_mean=0.0000 logvar_q_clamp=0.0000 kappa_log10=6.7948
2026-08-30 02:02:26 | Epoch 353/400 | Train Loss 1.6382 Acc 0.9996 | Val Loss 6.2281 Acc 0.9768 AUC 0.9986 Pre 0.9768 Rec 0.9767
2026-08-30 02:02:27 | Diag logvar_q_mean=0.0000 logvar_q_clamp=0.0000 kappa_log10=6.3990
2026-08-30 02:02:30 | Epoch 354/400 | Train Loss 1.6705 Acc 0.9998 | Val Loss 6.3674 Acc 0.9770 AUC 0.9987 Pre 0.9770 Rec 0.9769
2026-08-30 02:02:31 | Diag logvar_q_mean=0.0000 logvar_q_clamp=0.0000 kappa_log10=6.4664
2026-08-30 02:02:34 | Epoch 355/400 | Train Loss 1.6285 Acc 0.9997 | Val Loss 6.6824 Acc 0.9757 AUC 0.9987 Pre 0.9757 Rec 0.9755
2026-08-30 02:02:34 | Diag logvar_q_mean=0.0000 logvar_q_clamp=0.0000 kappa_log10=6.4414
2026-08-30 02:02:38 | Epoch 356/400 | Train Loss 1.6205 Acc 0.9998 | Val Loss 6.5076 Acc 0.9762 AUC 0.9987 Pre 0.9761 Rec 0.9760
2026-08-30 02:02:38 | Diag logvar_q_mean=0.0000 logvar_q_clamp=0.0000 kappa_log10=7.0277
2026-08-30 02:02:41 | Epoch 357/400 | Train Loss 1.5831 Acc 0.9997 | Val Loss 6.4072 Acc 0.9777 AUC 0.9986 Pre 0.9778 Rec 0.9776
2026-08-30 02:02:42 | Diag logvar_q_mean=0.0000 logvar_q_clamp=0.0000 kappa_log10=6.8306
2026-08-30 02:02:45 | Epoch 358/400 | Train Loss 1.6228 Acc 0.9997 | Val Loss 6.6342 Acc 0.9759 AUC 0.9986 Pre 0.9761 Rec 0.9758
2026-08-30 02:02:46 | Diag logvar_q_mean=0.0000 logvar_q_clamp=0.0000 kappa_log10=6.0775
2026-08-30 02:02:49 | Epoch 359/400 | Train Loss 1.6110 Acc 0.9997 | Val Loss 6.3909 Acc 0.9759 AUC 0.9986 Pre 0.9760 Rec 0.9757
2026-08-30 02:02:50 | Diag logvar_q_mean=0.0000 logvar_q_clamp=0.0000 kappa_log10=7.0539
2026-08-30 02:02:53 | Epoch 360/400 | Train Loss 1.6343 Acc 0.9997 | Val Loss 6.4083 Acc 0.9755 AUC 0.9985 Pre 0.9755 Rec 0.9754
2026-08-30 02:02:53 | Diag logvar_q_mean=0.0000 logvar_q_clamp=0.0000 kappa_log10=6.2843
2026-08-30 02:02:57 | Epoch 361/400 | Train Loss 1.6174 Acc 0.9998 | Val Loss 6.4792 Acc 0.9770 AUC 0.9986 Pre 0.9770 Rec 0.9769
2026-08-30 02:02:57 | Diag logvar_q_mean=0.0000 logvar_q_clamp=0.0000 kappa_log10=6.1542
2026-08-30 02:03:01 | Epoch 362/400 | Train Loss 1.6169 Acc 0.9997 | Val Loss 6.4183 Acc 0.9769 AUC 0.9986 Pre 0.9770 Rec 0.9768
2026-08-30 02:03:01 | Diag logvar_q_mean=0.0000 logvar_q_clamp=0.0000 kappa_log10=7.7667
2026-08-30 02:03:05 | Epoch 363/400 | Train Loss 1.6092 Acc 0.9998 | Val Loss 6.4129 Acc 0.9772 AUC 0.9986 Pre 0.9772 Rec 0.9770
2026-08-30 02:03:05 | Diag logvar_q_mean=0.0000 logvar_q_clamp=0.0000 kappa_log10=6.9260
2026-08-30 02:03:09 | Epoch 364/400 | Train Loss 1.5941 Acc 0.9998 | Val Loss 6.3327 Acc 0.9774 AUC 0.9986 Pre 0.9773 Rec 0.9773
2026-08-30 02:03:09 | Diag logvar_q_mean=0.0000 logvar_q_clamp=0.0000 kappa_log10=6.9710
2026-08-30 02:03:13 | Epoch 365/400 | Train Loss 1.6002 Acc 0.9997 | Val Loss 6.5237 Acc 0.9760 AUC 0.9988 Pre 0.9761 Rec 0.9759
2026-08-30 02:03:13 | Diag logvar_q_mean=0.0000 logvar_q_clamp=0.0000 kappa_log10=6.4512
2026-08-30 02:03:16 | Epoch 366/400 | Train Loss 1.5930 Acc 0.9997 | Val Loss 6.4046 Acc 0.9773 AUC 0.9988 Pre 0.9772 Rec 0.9771
2026-08-30 02:03:17 | Diag logvar_q_mean=0.0000 logvar_q_clamp=0.0000 kappa_log10=6.3752
2026-08-30 02:03:20 | Epoch 367/400 | Train Loss 1.6465 Acc 0.9999 | Val Loss 6.4075 Acc 0.9762 AUC 0.9986 Pre 0.9762 Rec 0.9760
2026-08-30 02:03:21 | Diag logvar_q_mean=0.0000 logvar_q_clamp=0.0000 kappa_log10=7.0751
2026-08-30 02:03:24 | Epoch 368/400 | Train Loss 1.6350 Acc 0.9996 | Val Loss 6.5238 Acc 0.9761 AUC 0.9986 Pre 0.9760 Rec 0.9759
2026-08-30 02:03:25 | Diag logvar_q_mean=0.0000 logvar_q_clamp=0.0000 kappa_log10=6.6633
2026-08-30 02:03:28 | Epoch 369/400 | Train Loss 1.6259 Acc 0.9998 | Val Loss 6.4479 Acc 0.9771 AUC 0.9985 Pre 0.9772 Rec 0.9769
2026-08-30 02:03:29 | Diag logvar_q_mean=0.0000 logvar_q_clamp=0.0000 kappa_log10=7.0941
2026-08-30 02:03:32 | Epoch 370/400 | Train Loss 1.6528 Acc 0.9996 | Val Loss 6.5193 Acc 0.9770 AUC 0.9986 Pre 0.9772 Rec 0.9769
2026-08-30 02:03:32 | Diag logvar_q_mean=0.0000 logvar_q_clamp=0.0000 kappa_log10=6.3392
2026-08-30 02:03:36 | Epoch 371/400 | Train Loss 1.6417 Acc 0.9996 | Val Loss 6.3300 Acc 0.9769 AUC 0.9987 Pre 0.9769 Rec 0.9767
2026-08-30 02:03:36 | Diag logvar_q_mean=0.0000 logvar_q_clamp=0.0000 kappa_log10=6.6038
2026-08-30 02:03:40 | Epoch 372/400 | Train Loss 1.6488 Acc 0.9997 | Val Loss 6.3229 Acc 0.9755 AUC 0.9985 Pre 0.9754 Rec 0.9754
2026-08-30 02:03:40 | Diag logvar_q_mean=0.0000 logvar_q_clamp=0.0000 kappa_log10=6.6862
2026-08-30 02:03:43 | Epoch 373/400 | Train Loss 1.6480 Acc 0.9997 | Val Loss 6.7417 Acc 0.9759 AUC 0.9985 Pre 0.9760 Rec 0.9758
2026-08-30 02:03:44 | Diag logvar_q_mean=0.0000 logvar_q_clamp=0.0000 kappa_log10=6.7945
2026-08-30 02:03:47 | Epoch 374/400 | Train Loss 1.6155 Acc 0.9997 | Val Loss 6.4317 Acc 0.9770 AUC 0.9988 Pre 0.9771 Rec 0.9769
2026-08-30 02:03:48 | Diag logvar_q_mean=0.0000 logvar_q_clamp=0.0000 kappa_log10=6.3621
2026-08-30 02:03:51 | Epoch 375/400 | Train Loss 1.6062 Acc 0.9998 | Val Loss 6.4040 Acc 0.9770 AUC 0.9985 Pre 0.9770 Rec 0.9769
2026-08-30 02:03:52 | Diag logvar_q_mean=0.0000 logvar_q_clamp=0.0000 kappa_log10=6.3602
2026-08-30 02:03:55 | Epoch 376/400 | Train Loss 1.6220 Acc 0.9997 | Val Loss 6.5852 Acc 0.9759 AUC 0.9985 Pre 0.9760 Rec 0.9759
2026-08-30 02:03:56 | Diag logvar_q_mean=0.0000 logvar_q_clamp=0.0000 kappa_log10=6.5991
2026-08-30 02:03:59 | Epoch 377/400 | Train Loss 1.6786 Acc 0.9995 | Val Loss 6.6766 Acc 0.9761 AUC 0.9986 Pre 0.9762 Rec 0.9760
2026-08-30 02:03:59 | Diag logvar_q_mean=0.0000 logvar_q_clamp=0.0000 kappa_log10=6.8065
2026-08-30 02:04:03 | Epoch 378/400 | Train Loss 1.6479 Acc 0.9997 | Val Loss 6.5464 Acc 0.9758 AUC 0.9986 Pre 0.9758 Rec 0.9757
2026-08-30 02:04:03 | Diag logvar_q_mean=0.0000 logvar_q_clamp=0.0000 kappa_log10=7.8250
2026-08-30 02:04:07 | Epoch 379/400 | Train Loss 1.6576 Acc 0.9997 | Val Loss 6.6366 Acc 0.9749 AUC 0.9985 Pre 0.9750 Rec 0.9747
2026-08-30 02:04:07 | Diag logvar_q_mean=0.0000 logvar_q_clamp=0.0000 kappa_log10=6.4155
2026-08-30 02:04:10 | Epoch 380/400 | Train Loss 1.6823 Acc 0.9995 | Val Loss 6.5440 Acc 0.9753 AUC 0.9985 Pre 0.9752 Rec 0.9753
2026-08-30 02:04:11 | Diag logvar_q_mean=0.0000 logvar_q_clamp=0.0000 kappa_log10=6.1809
2026-08-30 02:04:14 | Epoch 381/400 | Train Loss 1.6186 Acc 0.9997 | Val Loss 6.5820 Acc 0.9759 AUC 0.9985 Pre 0.9759 Rec 0.9758
2026-08-30 02:04:15 | Diag logvar_q_mean=0.0000 logvar_q_clamp=0.0000 kappa_log10=7.2570
2026-08-30 02:04:18 | Epoch 382/400 | Train Loss 1.6004 Acc 0.9997 | Val Loss 6.6051 Acc 0.9747 AUC 0.9986 Pre 0.9748 Rec 0.9746
2026-08-30 02:04:18 | Diag logvar_q_mean=0.0000 logvar_q_clamp=0.0000 kappa_log10=7.1478
2026-08-30 02:04:22 | Epoch 383/400 | Train Loss 1.5410 Acc 0.9998 | Val Loss 6.4727 Acc 0.9763 AUC 0.9985 Pre 0.9763 Rec 0.9763
2026-08-30 02:04:22 | Diag logvar_q_mean=0.0000 logvar_q_clamp=0.0000 kappa_log10=6.6939
2026-08-30 02:04:26 | Epoch 384/400 | Train Loss 1.5617 Acc 0.9998 | Val Loss 6.6683 Acc 0.9754 AUC 0.9985 Pre 0.9753 Rec 0.9752
2026-08-30 02:04:26 | Diag logvar_q_mean=0.0000 logvar_q_clamp=0.0000 kappa_log10=6.7782
2026-08-30 02:04:29 | Epoch 385/400 | Train Loss 1.5956 Acc 0.9997 | Val Loss 6.6972 Acc 0.9755 AUC 0.9986 Pre 0.9756 Rec 0.9754
2026-08-30 02:04:30 | Diag logvar_q_mean=0.0000 logvar_q_clamp=0.0000 kappa_log10=6.5124
2026-08-30 02:04:33 | Epoch 386/400 | Train Loss 1.5844 Acc 0.9997 | Val Loss 6.5133 Acc 0.9767 AUC 0.9987 Pre 0.9767 Rec 0.9766
2026-08-30 02:04:34 | Diag logvar_q_mean=0.0000 logvar_q_clamp=0.0000 kappa_log10=6.4931
2026-08-30 02:04:37 | Epoch 387/400 | Train Loss 1.5798 Acc 0.9998 | Val Loss 6.4731 Acc 0.9765 AUC 0.9985 Pre 0.9765 Rec 0.9763
2026-08-30 02:04:37 | Diag logvar_q_mean=0.0000 logvar_q_clamp=0.0000 kappa_log10=7.0813
2026-08-30 02:04:41 | Epoch 388/400 | Train Loss 1.6670 Acc 0.9996 | Val Loss 6.6315 Acc 0.9763 AUC 0.9986 Pre 0.9763 Rec 0.9762
2026-08-30 02:04:41 | Diag logvar_q_mean=0.0000 logvar_q_clamp=0.0000 kappa_log10=6.6199
2026-08-30 02:04:45 | Epoch 389/400 | Train Loss 1.6030 Acc 0.9997 | Val Loss 6.7834 Acc 0.9759 AUC 0.9983 Pre 0.9759 Rec 0.9758
2026-08-30 02:04:45 | Diag logvar_q_mean=0.0000 logvar_q_clamp=0.0000 kappa_log10=6.8700
2026-08-30 02:04:48 | Epoch 390/400 | Train Loss 1.6134 Acc 0.9997 | Val Loss 6.7385 Acc 0.9751 AUC 0.9984 Pre 0.9752 Rec 0.9749
2026-08-30 02:04:49 | Diag logvar_q_mean=0.0000 logvar_q_clamp=0.0000 kappa_log10=6.2565
2026-08-30 02:04:52 | Epoch 391/400 | Train Loss 1.6079 Acc 0.9995 | Val Loss 6.4836 Acc 0.9754 AUC 0.9984 Pre 0.9753 Rec 0.9753
2026-08-30 02:04:53 | Diag logvar_q_mean=0.0000 logvar_q_clamp=0.0000 kappa_log10=7.2750
2026-08-30 02:04:56 | Epoch 392/400 | Train Loss 1.5844 Acc 0.9997 | Val Loss 6.4379 Acc 0.9768 AUC 0.9985 Pre 0.9769 Rec 0.9767
2026-08-30 02:04:56 | Diag logvar_q_mean=0.0000 logvar_q_clamp=0.0000 kappa_log10=6.9834
2026-08-30 02:05:00 | Epoch 393/400 | Train Loss 1.5998 Acc 0.9997 | Val Loss 6.4959 Acc 0.9752 AUC 0.9985 Pre 0.9752 Rec 0.9750
2026-08-30 02:05:00 | Diag logvar_q_mean=0.0000 logvar_q_clamp=0.0000 kappa_log10=7.1220
2026-08-30 02:05:04 | Epoch 394/400 | Train Loss 1.6434 Acc 0.9997 | Val Loss 6.8399 Acc 0.9737 AUC 0.9984 Pre 0.9738 Rec 0.9736
2026-08-30 02:05:04 | Diag logvar_q_mean=0.0000 logvar_q_clamp=0.0000 kappa_log10=6.3268
2026-08-30 02:05:07 | Epoch 395/400 | Train Loss 1.5963 Acc 0.9998 | Val Loss 6.5760 Acc 0.9750 AUC 0.9987 Pre 0.9750 Rec 0.9749
2026-08-30 02:05:08 | Diag logvar_q_mean=0.0000 logvar_q_clamp=0.0000 kappa_log10=6.0498
2026-08-30 02:05:11 | Epoch 396/400 | Train Loss 1.6522 Acc 0.9996 | Val Loss 6.5815 Acc 0.9750 AUC 0.9985 Pre 0.9750 Rec 0.9748
2026-08-30 02:05:12 | Diag logvar_q_mean=0.0000 logvar_q_clamp=0.0000 kappa_log10=6.4045
2026-08-30 02:05:15 | Epoch 397/400 | Train Loss 1.6187 Acc 0.9997 | Val Loss 6.6916 Acc 0.9735 AUC 0.9984 Pre 0.9736 Rec 0.9734
2026-08-30 02:05:15 | Diag logvar_q_mean=0.0000 logvar_q_clamp=0.0000 kappa_log10=7.0818
2026-08-30 02:05:19 | Epoch 398/400 | Train Loss 1.6565 Acc 0.9997 | Val Loss 6.6846 Acc 0.9758 AUC 0.9983 Pre 0.9759 Rec 0.9756
2026-08-30 02:05:19 | Diag logvar_q_mean=0.0000 logvar_q_clamp=0.0000 kappa_log10=6.3847
2026-08-30 02:05:23 | Epoch 399/400 | Train Loss 1.6475 Acc 0.9997 | Val Loss 6.5433 Acc 0.9762 AUC 0.9984 Pre 0.9763 Rec 0.9761
2026-08-30 02:05:23 | Diag logvar_q_mean=0.0000 logvar_q_clamp=0.0000 kappa_log10=6.9765
2026-08-30 02:05:26 | Epoch 400/400 | Train Loss 1.6314 Acc 0.9996 | Val Loss 6.4133 Acc 0.9764 AUC 0.9984 Pre 0.9764 Rec 0.9763
2026-08-30 02:05:27 | Diag logvar_q_mean=0.0000 logvar_q_clamp=0.0000 kappa_log10=6.3213
2026-08-30 02:05:27 | Run 4/5 | Test (best model @ Epoch 13) | Loss 4.9600 Acc 0.9834 AUC 0.9997 Pre 0.9833 Rec 0.9833
2026-08-30 02:05:27 | ===== Run 5/5 (seed 4) =====
2026-08-30 02:05:31 | Epoch   1/400 | Train Loss 43.6220 Acc 0.8070 | Val Loss 14.5852 Acc 0.9525 AUC 0.9975 Pre 0.9524 Rec 0.9521
2026-08-30 02:05:31 | Diag logvar_q_mean=0.0000 logvar_q_clamp=0.0000 kappa_log10=3.6220
2026-08-30 02:05:31 |   Val AUC improved to 0.9975, model saved
2026-08-30 02:05:34 | Epoch   2/400 | Train Loss 14.9007 Acc 0.9638 | Val Loss 9.6583 Acc 0.9677 AUC 0.9989 Pre 0.9673 Rec 0.9676
2026-08-30 02:05:35 | Diag logvar_q_mean=0.0000 logvar_q_clamp=0.0000 kappa_log10=4.4813
2026-08-30 02:05:35 |   Val AUC improved to 0.9989, model saved
2026-08-30 02:05:38 | Epoch   3/400 | Train Loss 11.2043 Acc 0.9763 | Val Loss 8.0123 Acc 0.9737 AUC 0.9993 Pre 0.9735 Rec 0.9735
2026-08-30 02:05:39 | Diag logvar_q_mean=0.0000 logvar_q_clamp=0.0000 kappa_log10=4.0885
2026-08-30 02:05:39 |   Val AUC improved to 0.9993, model saved
2026-08-30 02:05:42 | Epoch   4/400 | Train Loss 9.3074 Acc 0.9823 | Val Loss 7.5729 Acc 0.9769 AUC 0.9993 Pre 0.9767 Rec 0.9768
2026-08-30 02:05:43 | Diag logvar_q_mean=0.0000 logvar_q_clamp=0.0000 kappa_log10=4.4068
2026-08-30 02:05:43 |   Val AUC improved to 0.9993, model saved
2026-08-30 02:05:46 | Epoch   5/400 | Train Loss 8.1468 Acc 0.9858 | Val Loss 6.3096 Acc 0.9802 AUC 0.9995 Pre 0.9802 Rec 0.9800
2026-08-30 02:05:46 | Diag logvar_q_mean=0.0000 logvar_q_clamp=0.0000 kappa_log10=4.1139
2026-08-30 02:05:46 |   Val AUC improved to 0.9995, model saved
2026-08-30 02:05:50 | Epoch   6/400 | Train Loss 7.2741 Acc 0.9887 | Val Loss 6.1367 Acc 0.9801 AUC 0.9995 Pre 0.9798 Rec 0.9800
2026-08-30 02:05:50 | Diag logvar_q_mean=0.0000 logvar_q_clamp=0.0000 kappa_log10=4.1361
2026-08-30 02:05:53 | Epoch   7/400 | Train Loss 6.6917 Acc 0.9903 | Val Loss 6.0112 Acc 0.9793 AUC 0.9995 Pre 0.9791 Rec 0.9791
2026-08-30 02:05:54 | Diag logvar_q_mean=0.0000 logvar_q_clamp=0.0000 kappa_log10=4.4338
2026-08-30 02:05:54 |   Val AUC improved to 0.9995, model saved
2026-08-30 02:05:57 | Epoch   8/400 | Train Loss 6.2749 Acc 0.9917 | Val Loss 5.7121 Acc 0.9813 AUC 0.9996 Pre 0.9811 Rec 0.9811
2026-08-30 02:05:58 | Diag logvar_q_mean=0.0000 logvar_q_clamp=0.0000 kappa_log10=4.7619
2026-08-30 02:05:58 |   Val AUC improved to 0.9996, model saved
2026-08-30 02:06:01 | Epoch   9/400 | Train Loss 5.8460 Acc 0.9932 | Val Loss 5.3899 Acc 0.9823 AUC 0.9996 Pre 0.9822 Rec 0.9821
2026-08-30 02:06:02 | Diag logvar_q_mean=0.0000 logvar_q_clamp=0.0000 kappa_log10=5.2761
2026-08-30 02:06:05 | Epoch  10/400 | Train Loss 5.4946 Acc 0.9946 | Val Loss 5.4144 Acc 0.9816 AUC 0.9996 Pre 0.9815 Rec 0.9814
2026-08-30 02:06:05 | Diag logvar_q_mean=0.0000 logvar_q_clamp=0.0000 kappa_log10=4.7639
2026-08-30 02:06:05 |   Val AUC improved to 0.9996, model saved
2026-08-30 02:06:09 | Epoch  11/400 | Train Loss 5.1341 Acc 0.9950 | Val Loss 5.3120 Acc 0.9832 AUC 0.9996 Pre 0.9830 Rec 0.9830
2026-08-30 02:06:09 | Diag logvar_q_mean=0.0000 logvar_q_clamp=0.0000 kappa_log10=4.7717
2026-08-30 02:06:09 |   Val AUC improved to 0.9996, model saved
2026-08-30 02:06:12 | Epoch  12/400 | Train Loss 4.9531 Acc 0.9952 | Val Loss 5.4585 Acc 0.9819 AUC 0.9996 Pre 0.9818 Rec 0.9817
2026-08-30 02:06:13 | Diag logvar_q_mean=0.0000 logvar_q_clamp=0.0000 kappa_log10=5.0009
2026-08-30 02:06:16 | Epoch  13/400 | Train Loss 4.7149 Acc 0.9963 | Val Loss 5.1737 Acc 0.9826 AUC 0.9995 Pre 0.9823 Rec 0.9825
2026-08-30 02:06:17 | Diag logvar_q_mean=0.0000 logvar_q_clamp=0.0000 kappa_log10=6.1612
2026-08-30 02:06:20 | Epoch  14/400 | Train Loss 4.4946 Acc 0.9965 | Val Loss 5.0620 Acc 0.9823 AUC 0.9996 Pre 0.9821 Rec 0.9821
2026-08-30 02:06:21 | Diag logvar_q_mean=0.0000 logvar_q_clamp=0.0000 kappa_log10=5.1075
2026-08-30 02:06:24 | Epoch  15/400 | Train Loss 4.3694 Acc 0.9970 | Val Loss 5.0349 Acc 0.9821 AUC 0.9995 Pre 0.9819 Rec 0.9820
2026-08-30 02:06:24 | Diag logvar_q_mean=0.0000 logvar_q_clamp=0.0000 kappa_log10=5.5798
2026-08-30 02:06:28 | Epoch  16/400 | Train Loss 4.1860 Acc 0.9970 | Val Loss 5.2061 Acc 0.9830 AUC 0.9996 Pre 0.9828 Rec 0.9829
2026-08-30 02:06:28 | Diag logvar_q_mean=0.0000 logvar_q_clamp=0.0000 kappa_log10=4.8649
2026-08-30 02:06:31 | Epoch  17/400 | Train Loss 4.0916 Acc 0.9972 | Val Loss 4.9862 Acc 0.9823 AUC 0.9996 Pre 0.9822 Rec 0.9821
2026-08-30 02:06:32 | Diag logvar_q_mean=0.0000 logvar_q_clamp=0.0000 kappa_log10=5.6457
2026-08-30 02:06:35 | Epoch  18/400 | Train Loss 3.9414 Acc 0.9975 | Val Loss 4.9578 Acc 0.9820 AUC 0.9996 Pre 0.9818 Rec 0.9818
2026-08-30 02:06:36 | Diag logvar_q_mean=0.0000 logvar_q_clamp=0.0000 kappa_log10=5.6919
2026-08-30 02:06:39 | Epoch  19/400 | Train Loss 3.8205 Acc 0.9975 | Val Loss 4.8142 Acc 0.9828 AUC 0.9996 Pre 0.9826 Rec 0.9826
2026-08-30 02:06:40 | Diag logvar_q_mean=0.0000 logvar_q_clamp=0.0000 kappa_log10=6.2420
2026-08-30 02:06:43 | Epoch  20/400 | Train Loss 3.7587 Acc 0.9979 | Val Loss 4.7746 Acc 0.9818 AUC 0.9996 Pre 0.9816 Rec 0.9817
2026-08-30 02:06:43 | Diag logvar_q_mean=0.0000 logvar_q_clamp=0.0000 kappa_log10=6.9011
2026-08-30 02:06:47 | Epoch  21/400 | Train Loss 3.6637 Acc 0.9979 | Val Loss 4.9422 Acc 0.9828 AUC 0.9995 Pre 0.9827 Rec 0.9826
2026-08-30 02:06:47 | Diag logvar_q_mean=0.0000 logvar_q_clamp=0.0000 kappa_log10=5.9567
2026-08-30 02:06:50 | Epoch  22/400 | Train Loss 3.5866 Acc 0.9979 | Val Loss 4.8137 Acc 0.9838 AUC 0.9995 Pre 0.9837 Rec 0.9836
2026-08-30 02:06:51 | Diag logvar_q_mean=0.0000 logvar_q_clamp=0.0000 kappa_log10=6.4524
2026-08-30 02:06:54 | Epoch  23/400 | Train Loss 3.5184 Acc 0.9982 | Val Loss 4.8715 Acc 0.9838 AUC 0.9996 Pre 0.9837 Rec 0.9837
2026-08-30 02:06:55 | Diag logvar_q_mean=0.0000 logvar_q_clamp=0.0000 kappa_log10=5.7862
2026-08-30 02:06:58 | Epoch  24/400 | Train Loss 3.3582 Acc 0.9985 | Val Loss 4.9415 Acc 0.9838 AUC 0.9995 Pre 0.9838 Rec 0.9836
2026-08-30 02:06:59 | Diag logvar_q_mean=0.0000 logvar_q_clamp=0.0000 kappa_log10=6.1768
2026-08-30 02:07:02 | Epoch  25/400 | Train Loss 3.3064 Acc 0.9984 | Val Loss 4.9642 Acc 0.9828 AUC 0.9995 Pre 0.9827 Rec 0.9826
2026-08-30 02:07:02 | Diag logvar_q_mean=0.0000 logvar_q_clamp=0.0000 kappa_log10=6.4985
2026-08-30 02:07:05 | Epoch  26/400 | Train Loss 3.2712 Acc 0.9985 | Val Loss 4.7064 Acc 0.9826 AUC 0.9997 Pre 0.9824 Rec 0.9825
2026-08-30 02:07:06 | Diag logvar_q_mean=0.0000 logvar_q_clamp=0.0000 kappa_log10=5.8542
2026-08-30 02:07:06 |   Val AUC improved to 0.9997, model saved
2026-08-30 02:07:09 | Epoch  27/400 | Train Loss 3.2106 Acc 0.9985 | Val Loss 5.0349 Acc 0.9835 AUC 0.9995 Pre 0.9834 Rec 0.9833
2026-08-30 02:07:10 | Diag logvar_q_mean=0.0000 logvar_q_clamp=0.0000 kappa_log10=6.7124
2026-08-30 02:07:13 | Epoch  28/400 | Train Loss 3.1715 Acc 0.9988 | Val Loss 4.8922 Acc 0.9819 AUC 0.9996 Pre 0.9817 Rec 0.9817
2026-08-30 02:07:14 | Diag logvar_q_mean=0.0000 logvar_q_clamp=0.0000 kappa_log10=6.1203
2026-08-30 02:07:17 | Epoch  29/400 | Train Loss 3.1430 Acc 0.9986 | Val Loss 4.8028 Acc 0.9828 AUC 0.9995 Pre 0.9827 Rec 0.9826
2026-08-30 02:07:18 | Diag logvar_q_mean=0.0000 logvar_q_clamp=0.0000 kappa_log10=5.6400
2026-08-30 02:07:21 | Epoch  30/400 | Train Loss 3.0914 Acc 0.9988 | Val Loss 4.9223 Acc 0.9823 AUC 0.9995 Pre 0.9821 Rec 0.9821
2026-08-30 02:07:21 | Diag logvar_q_mean=0.0000 logvar_q_clamp=0.0000 kappa_log10=5.8686
2026-08-30 02:07:25 | Epoch  31/400 | Train Loss 3.0850 Acc 0.9985 | Val Loss 4.9117 Acc 0.9828 AUC 0.9995 Pre 0.9827 Rec 0.9827
2026-08-30 02:07:25 | Diag logvar_q_mean=0.0000 logvar_q_clamp=0.0000 kappa_log10=5.9732
2026-08-30 02:07:29 | Epoch  32/400 | Train Loss 2.9554 Acc 0.9989 | Val Loss 4.6849 Acc 0.9824 AUC 0.9995 Pre 0.9822 Rec 0.9823
2026-08-30 02:07:29 | Diag logvar_q_mean=0.0000 logvar_q_clamp=0.0000 kappa_log10=6.0860
2026-08-30 02:07:32 | Epoch  33/400 | Train Loss 2.9545 Acc 0.9987 | Val Loss 4.8051 Acc 0.9833 AUC 0.9993 Pre 0.9834 Rec 0.9831
2026-08-30 02:07:33 | Diag logvar_q_mean=0.0000 logvar_q_clamp=0.0000 kappa_log10=5.9264
2026-08-30 02:07:36 | Epoch  34/400 | Train Loss 2.9369 Acc 0.9990 | Val Loss 4.7835 Acc 0.9833 AUC 0.9994 Pre 0.9832 Rec 0.9832
2026-08-30 02:07:37 | Diag logvar_q_mean=0.0000 logvar_q_clamp=0.0000 kappa_log10=8.5914
2026-08-30 02:07:40 | Epoch  35/400 | Train Loss 2.8874 Acc 0.9988 | Val Loss 4.8755 Acc 0.9825 AUC 0.9994 Pre 0.9824 Rec 0.9823
2026-08-30 02:07:40 | Diag logvar_q_mean=0.0000 logvar_q_clamp=0.0000 kappa_log10=5.9346
2026-08-30 02:07:44 | Epoch  36/400 | Train Loss 2.8369 Acc 0.9989 | Val Loss 4.8602 Acc 0.9817 AUC 0.9994 Pre 0.9815 Rec 0.9815
2026-08-30 02:07:44 | Diag logvar_q_mean=0.0000 logvar_q_clamp=0.0000 kappa_log10=5.6325
2026-08-30 02:07:48 | Epoch  37/400 | Train Loss 2.8749 Acc 0.9988 | Val Loss 4.8574 Acc 0.9828 AUC 0.9992 Pre 0.9826 Rec 0.9826
2026-08-30 02:07:48 | Diag logvar_q_mean=0.0000 logvar_q_clamp=0.0000 kappa_log10=6.0415
2026-08-30 02:07:51 | Epoch  38/400 | Train Loss 2.8524 Acc 0.9989 | Val Loss 4.8741 Acc 0.9825 AUC 0.9995 Pre 0.9823 Rec 0.9823
2026-08-30 02:07:52 | Diag logvar_q_mean=0.0000 logvar_q_clamp=0.0000 kappa_log10=5.4695
2026-08-30 02:07:55 | Epoch  39/400 | Train Loss 2.8605 Acc 0.9991 | Val Loss 4.7897 Acc 0.9833 AUC 0.9995 Pre 0.9833 Rec 0.9831
2026-08-30 02:07:56 | Diag logvar_q_mean=0.0000 logvar_q_clamp=0.0000 kappa_log10=5.8248
2026-08-30 02:07:59 | Epoch  40/400 | Train Loss 2.7768 Acc 0.9991 | Val Loss 4.8142 Acc 0.9824 AUC 0.9994 Pre 0.9823 Rec 0.9822
2026-08-30 02:07:59 | Diag logvar_q_mean=0.0000 logvar_q_clamp=0.0000 kappa_log10=6.0376
2026-08-30 02:08:03 | Epoch  41/400 | Train Loss 2.6642 Acc 0.9994 | Val Loss 4.7991 Acc 0.9828 AUC 0.9995 Pre 0.9827 Rec 0.9826
2026-08-30 02:08:03 | Diag logvar_q_mean=0.0000 logvar_q_clamp=0.0000 kappa_log10=6.4578
2026-08-30 02:08:06 | Epoch  42/400 | Train Loss 2.7359 Acc 0.9990 | Val Loss 4.9246 Acc 0.9825 AUC 0.9994 Pre 0.9824 Rec 0.9823
2026-08-30 02:08:07 | Diag logvar_q_mean=0.0000 logvar_q_clamp=0.0000 kappa_log10=6.1656
2026-08-30 02:08:10 | Epoch  43/400 | Train Loss 2.6823 Acc 0.9991 | Val Loss 5.0251 Acc 0.9827 AUC 0.9994 Pre 0.9825 Rec 0.9826
2026-08-30 02:08:11 | Diag logvar_q_mean=0.0000 logvar_q_clamp=0.0000 kappa_log10=5.6795
2026-08-30 02:08:14 | Epoch  44/400 | Train Loss 2.6430 Acc 0.9993 | Val Loss 4.8381 Acc 0.9821 AUC 0.9994 Pre 0.9819 Rec 0.9819
2026-08-30 02:08:14 | Diag logvar_q_mean=0.0000 logvar_q_clamp=0.0000 kappa_log10=6.0452
2026-08-30 02:08:18 | Epoch  45/400 | Train Loss 2.6303 Acc 0.9992 | Val Loss 4.9375 Acc 0.9831 AUC 0.9993 Pre 0.9830 Rec 0.9829
2026-08-30 02:08:18 | Diag logvar_q_mean=0.0000 logvar_q_clamp=0.0000 kappa_log10=5.7557
2026-08-30 02:08:21 | Epoch  46/400 | Train Loss 2.5808 Acc 0.9992 | Val Loss 4.9162 Acc 0.9830 AUC 0.9992 Pre 0.9829 Rec 0.9828
2026-08-30 02:08:22 | Diag logvar_q_mean=0.0000 logvar_q_clamp=0.0000 kappa_log10=6.3695
2026-08-30 02:08:25 | Epoch  47/400 | Train Loss 2.5905 Acc 0.9993 | Val Loss 4.8155 Acc 0.9839 AUC 0.9993 Pre 0.9838 Rec 0.9838
2026-08-30 02:08:26 | Diag logvar_q_mean=0.0000 logvar_q_clamp=0.0000 kappa_log10=6.1027
2026-08-30 02:08:29 | Epoch  48/400 | Train Loss 2.5878 Acc 0.9993 | Val Loss 5.0687 Acc 0.9823 AUC 0.9992 Pre 0.9822 Rec 0.9821
2026-08-30 02:08:29 | Diag logvar_q_mean=0.0000 logvar_q_clamp=0.0000 kappa_log10=5.7237
2026-08-30 02:08:32 | Epoch  49/400 | Train Loss 2.5706 Acc 0.9994 | Val Loss 5.1006 Acc 0.9824 AUC 0.9993 Pre 0.9822 Rec 0.9823
2026-08-30 02:08:33 | Diag logvar_q_mean=0.0000 logvar_q_clamp=0.0000 kappa_log10=6.0311
2026-08-30 02:08:36 | Epoch  50/400 | Train Loss 2.5837 Acc 0.9991 | Val Loss 4.9643 Acc 0.9819 AUC 0.9992 Pre 0.9816 Rec 0.9817
2026-08-30 02:08:37 | Diag logvar_q_mean=0.0000 logvar_q_clamp=0.0000 kappa_log10=6.5148
2026-08-30 02:08:40 | Epoch  51/400 | Train Loss 2.5763 Acc 0.9992 | Val Loss 5.0597 Acc 0.9811 AUC 0.9993 Pre 0.9808 Rec 0.9809
2026-08-30 02:08:41 | Diag logvar_q_mean=0.0000 logvar_q_clamp=0.0000 kappa_log10=5.9319
2026-08-30 02:08:44 | Epoch  52/400 | Train Loss 2.5201 Acc 0.9994 | Val Loss 4.9431 Acc 0.9828 AUC 0.9993 Pre 0.9826 Rec 0.9827
2026-08-30 02:08:44 | Diag logvar_q_mean=0.0000 logvar_q_clamp=0.0000 kappa_log10=6.6915
2026-08-30 02:08:48 | Epoch  53/400 | Train Loss 2.4763 Acc 0.9992 | Val Loss 4.9975 Acc 0.9823 AUC 0.9993 Pre 0.9821 Rec 0.9821
2026-08-30 02:08:48 | Diag logvar_q_mean=0.0000 logvar_q_clamp=0.0000 kappa_log10=6.2177
2026-08-30 02:08:51 | Epoch  54/400 | Train Loss 2.5003 Acc 0.9993 | Val Loss 4.9520 Acc 0.9825 AUC 0.9993 Pre 0.9823 Rec 0.9823
2026-08-30 02:08:52 | Diag logvar_q_mean=0.0000 logvar_q_clamp=0.0000 kappa_log10=6.0526
2026-08-30 02:08:55 | Epoch  55/400 | Train Loss 2.4427 Acc 0.9995 | Val Loss 4.7769 Acc 0.9824 AUC 0.9993 Pre 0.9822 Rec 0.9822
2026-08-30 02:08:55 | Diag logvar_q_mean=0.0000 logvar_q_clamp=0.0000 kappa_log10=7.3939
2026-08-30 02:08:59 | Epoch  56/400 | Train Loss 2.4428 Acc 0.9993 | Val Loss 5.0865 Acc 0.9816 AUC 0.9993 Pre 0.9814 Rec 0.9814
2026-08-30 02:08:59 | Diag logvar_q_mean=0.0000 logvar_q_clamp=0.0000 kappa_log10=6.2651
2026-08-30 02:09:02 | Epoch  57/400 | Train Loss 2.4685 Acc 0.9993 | Val Loss 5.0233 Acc 0.9819 AUC 0.9992 Pre 0.9817 Rec 0.9817
2026-08-30 02:09:03 | Diag logvar_q_mean=0.0000 logvar_q_clamp=0.0000 kappa_log10=6.7917
2026-08-30 02:09:06 | Epoch  58/400 | Train Loss 2.4921 Acc 0.9991 | Val Loss 5.0462 Acc 0.9825 AUC 0.9992 Pre 0.9824 Rec 0.9823
2026-08-30 02:09:07 | Diag logvar_q_mean=0.0000 logvar_q_clamp=0.0000 kappa_log10=6.6223
2026-08-30 02:09:10 | Epoch  59/400 | Train Loss 2.5169 Acc 0.9990 | Val Loss 5.0024 Acc 0.9822 AUC 0.9993 Pre 0.9820 Rec 0.9821
2026-08-30 02:09:10 | Diag logvar_q_mean=0.0000 logvar_q_clamp=0.0000 kappa_log10=6.1568
2026-08-30 02:09:13 | Epoch  60/400 | Train Loss 2.4420 Acc 0.9995 | Val Loss 5.0115 Acc 0.9825 AUC 0.9990 Pre 0.9823 Rec 0.9824
2026-08-30 02:09:14 | Diag logvar_q_mean=0.0000 logvar_q_clamp=0.0000 kappa_log10=6.0995
2026-08-30 02:09:17 | Epoch  61/400 | Train Loss 2.4417 Acc 0.9993 | Val Loss 5.0826 Acc 0.9814 AUC 0.9991 Pre 0.9812 Rec 0.9812
2026-08-30 02:09:18 | Diag logvar_q_mean=0.0000 logvar_q_clamp=0.0000 kappa_log10=6.0632
2026-08-30 02:09:21 | Epoch  62/400 | Train Loss 2.4203 Acc 0.9994 | Val Loss 5.1413 Acc 0.9814 AUC 0.9993 Pre 0.9812 Rec 0.9813
2026-08-30 02:09:21 | Diag logvar_q_mean=0.0000 logvar_q_clamp=0.0000 kappa_log10=6.7479
2026-08-30 02:09:24 | Epoch  63/400 | Train Loss 2.4218 Acc 0.9994 | Val Loss 5.0766 Acc 0.9808 AUC 0.9992 Pre 0.9806 Rec 0.9806
2026-08-30 02:09:25 | Diag logvar_q_mean=0.0000 logvar_q_clamp=0.0000 kappa_log10=5.7709
2026-08-30 02:09:28 | Epoch  64/400 | Train Loss 2.3745 Acc 0.9995 | Val Loss 5.2017 Acc 0.9825 AUC 0.9991 Pre 0.9824 Rec 0.9824
2026-08-30 02:09:29 | Diag logvar_q_mean=0.0000 logvar_q_clamp=0.0000 kappa_log10=6.7025
2026-08-30 02:09:32 | Epoch  65/400 | Train Loss 2.3920 Acc 0.9993 | Val Loss 5.0330 Acc 0.9825 AUC 0.9993 Pre 0.9823 Rec 0.9824
2026-08-30 02:09:32 | Diag logvar_q_mean=0.0000 logvar_q_clamp=0.0000 kappa_log10=5.9694
2026-08-30 02:09:36 | Epoch  66/400 | Train Loss 2.3051 Acc 0.9995 | Val Loss 5.1235 Acc 0.9812 AUC 0.9992 Pre 0.9809 Rec 0.9810
2026-08-30 02:09:36 | Diag logvar_q_mean=0.0000 logvar_q_clamp=0.0000 kappa_log10=5.9801
2026-08-30 02:09:40 | Epoch  67/400 | Train Loss 2.3140 Acc 0.9994 | Val Loss 5.1107 Acc 0.9830 AUC 0.9992 Pre 0.9828 Rec 0.9828
2026-08-30 02:09:40 | Diag logvar_q_mean=0.0000 logvar_q_clamp=0.0000 kappa_log10=5.9705
2026-08-30 02:09:44 | Epoch  68/400 | Train Loss 2.4041 Acc 0.9994 | Val Loss 4.9895 Acc 0.9825 AUC 0.9992 Pre 0.9823 Rec 0.9823
2026-08-30 02:09:44 | Diag logvar_q_mean=0.0000 logvar_q_clamp=0.0000 kappa_log10=6.1974
2026-08-30 02:09:47 | Epoch  69/400 | Train Loss 2.3010 Acc 0.9993 | Val Loss 4.9638 Acc 0.9830 AUC 0.9993 Pre 0.9828 Rec 0.9828
2026-08-30 02:09:48 | Diag logvar_q_mean=0.0000 logvar_q_clamp=0.0000 kappa_log10=6.4087
2026-08-30 02:09:51 | Epoch  70/400 | Train Loss 2.3246 Acc 0.9994 | Val Loss 5.0115 Acc 0.9820 AUC 0.9992 Pre 0.9818 Rec 0.9818
2026-08-30 02:09:52 | Diag logvar_q_mean=0.0000 logvar_q_clamp=0.0000 kappa_log10=6.2894
2026-08-30 02:09:55 | Epoch  71/400 | Train Loss 2.3037 Acc 0.9994 | Val Loss 5.0145 Acc 0.9832 AUC 0.9992 Pre 0.9830 Rec 0.9831
2026-08-30 02:09:55 | Diag logvar_q_mean=0.0000 logvar_q_clamp=0.0000 kappa_log10=6.1415
2026-08-30 02:09:59 | Epoch  72/400 | Train Loss 2.2825 Acc 0.9994 | Val Loss 5.2124 Acc 0.9818 AUC 0.9990 Pre 0.9816 Rec 0.9816
2026-08-30 02:09:59 | Diag logvar_q_mean=0.0000 logvar_q_clamp=0.0000 kappa_log10=6.7195
2026-08-30 02:10:03 | Epoch  73/400 | Train Loss 2.2676 Acc 0.9995 | Val Loss 5.1194 Acc 0.9830 AUC 0.9991 Pre 0.9828 Rec 0.9829
2026-08-30 02:10:03 | Diag logvar_q_mean=0.0000 logvar_q_clamp=0.0000 kappa_log10=5.7961
2026-08-30 02:10:06 | Epoch  74/400 | Train Loss 2.2322 Acc 0.9995 | Val Loss 5.1182 Acc 0.9829 AUC 0.9990 Pre 0.9827 Rec 0.9829
2026-08-30 02:10:07 | Diag logvar_q_mean=0.0000 logvar_q_clamp=0.0000 kappa_log10=6.4900
2026-08-30 02:10:10 | Epoch  75/400 | Train Loss 2.2066 Acc 0.9995 | Val Loss 5.0759 Acc 0.9829 AUC 0.9993 Pre 0.9827 Rec 0.9827
2026-08-30 02:10:11 | Diag logvar_q_mean=0.0000 logvar_q_clamp=0.0000 kappa_log10=6.4502
2026-08-30 02:10:14 | Epoch  76/400 | Train Loss 2.2294 Acc 0.9996 | Val Loss 5.0084 Acc 0.9826 AUC 0.9993 Pre 0.9824 Rec 0.9824
2026-08-30 02:10:14 | Diag logvar_q_mean=0.0000 logvar_q_clamp=0.0000 kappa_log10=6.0189
2026-08-30 02:10:18 | Epoch  77/400 | Train Loss 2.2342 Acc 0.9994 | Val Loss 5.1354 Acc 0.9817 AUC 0.9992 Pre 0.9816 Rec 0.9815
2026-08-30 02:10:18 | Diag logvar_q_mean=0.0000 logvar_q_clamp=0.0000 kappa_log10=6.5467
2026-08-30 02:10:22 | Epoch  78/400 | Train Loss 2.3077 Acc 0.9995 | Val Loss 5.0653 Acc 0.9831 AUC 0.9993 Pre 0.9829 Rec 0.9830
2026-08-30 02:10:22 | Diag logvar_q_mean=0.0000 logvar_q_clamp=0.0000 kappa_log10=6.1522
2026-08-30 02:10:25 | Epoch  79/400 | Train Loss 2.2237 Acc 0.9994 | Val Loss 5.0299 Acc 0.9826 AUC 0.9991 Pre 0.9824 Rec 0.9825
2026-08-30 02:10:26 | Diag logvar_q_mean=0.0000 logvar_q_clamp=0.0000 kappa_log10=5.7952
2026-08-30 02:10:29 | Epoch  80/400 | Train Loss 2.2143 Acc 0.9995 | Val Loss 5.1115 Acc 0.9821 AUC 0.9993 Pre 0.9819 Rec 0.9820
2026-08-30 02:10:30 | Diag logvar_q_mean=0.0000 logvar_q_clamp=0.0000 kappa_log10=6.3898
2026-08-30 02:10:33 | Epoch  81/400 | Train Loss 2.1977 Acc 0.9995 | Val Loss 5.1100 Acc 0.9828 AUC 0.9992 Pre 0.9826 Rec 0.9827
2026-08-30 02:10:33 | Diag logvar_q_mean=0.0000 logvar_q_clamp=0.0000 kappa_log10=5.9838
2026-08-30 02:10:37 | Epoch  82/400 | Train Loss 2.2249 Acc 0.9995 | Val Loss 4.9479 Acc 0.9827 AUC 0.9991 Pre 0.9826 Rec 0.9826
2026-08-30 02:10:37 | Diag logvar_q_mean=0.0000 logvar_q_clamp=0.0000 kappa_log10=6.0259
2026-08-30 02:10:41 | Epoch  83/400 | Train Loss 2.1733 Acc 0.9995 | Val Loss 5.3678 Acc 0.9825 AUC 0.9990 Pre 0.9824 Rec 0.9822
2026-08-30 02:10:41 | Diag logvar_q_mean=0.0000 logvar_q_clamp=0.0000 kappa_log10=6.3301
2026-08-30 02:10:44 | Epoch  84/400 | Train Loss 2.2420 Acc 0.9993 | Val Loss 5.4409 Acc 0.9821 AUC 0.9990 Pre 0.9819 Rec 0.9819
2026-08-30 02:10:45 | Diag logvar_q_mean=0.0000 logvar_q_clamp=0.0000 kappa_log10=6.5787
2026-08-30 02:10:48 | Epoch  85/400 | Train Loss 2.2723 Acc 0.9994 | Val Loss 5.0919 Acc 0.9811 AUC 0.9993 Pre 0.9809 Rec 0.9810
2026-08-30 02:10:49 | Diag logvar_q_mean=0.0000 logvar_q_clamp=0.0000 kappa_log10=6.0859
2026-08-30 02:10:52 | Epoch  86/400 | Train Loss 2.2758 Acc 0.9994 | Val Loss 5.2249 Acc 0.9811 AUC 0.9992 Pre 0.9809 Rec 0.9809
2026-08-30 02:10:53 | Diag logvar_q_mean=0.0000 logvar_q_clamp=0.0000 kappa_log10=7.3169
2026-08-30 02:10:56 | Epoch  87/400 | Train Loss 2.1891 Acc 0.9993 | Val Loss 5.0594 Acc 0.9827 AUC 0.9990 Pre 0.9824 Rec 0.9826
2026-08-30 02:10:56 | Diag logvar_q_mean=0.0000 logvar_q_clamp=0.0000 kappa_log10=6.4534
2026-08-30 02:11:00 | Epoch  88/400 | Train Loss 2.1124 Acc 0.9996 | Val Loss 5.1049 Acc 0.9819 AUC 0.9992 Pre 0.9817 Rec 0.9817
2026-08-30 02:11:00 | Diag logvar_q_mean=0.0000 logvar_q_clamp=0.0000 kappa_log10=6.1947
2026-08-30 02:11:04 | Epoch  89/400 | Train Loss 2.1193 Acc 0.9995 | Val Loss 5.1146 Acc 0.9833 AUC 0.9991 Pre 0.9831 Rec 0.9832
2026-08-30 02:11:04 | Diag logvar_q_mean=0.0000 logvar_q_clamp=0.0000 kappa_log10=6.1575
2026-08-30 02:11:07 | Epoch  90/400 | Train Loss 2.1335 Acc 0.9995 | Val Loss 5.3597 Acc 0.9811 AUC 0.9991 Pre 0.9809 Rec 0.9810
2026-08-30 02:11:08 | Diag logvar_q_mean=0.0000 logvar_q_clamp=0.0000 kappa_log10=6.4881
2026-08-30 02:11:11 | Epoch  91/400 | Train Loss 2.0932 Acc 0.9995 | Val Loss 5.1648 Acc 0.9833 AUC 0.9993 Pre 0.9831 Rec 0.9831
2026-08-30 02:11:12 | Diag logvar_q_mean=0.0000 logvar_q_clamp=0.0000 kappa_log10=6.8936
2026-08-30 02:11:15 | Epoch  92/400 | Train Loss 2.0921 Acc 0.9996 | Val Loss 5.1540 Acc 0.9820 AUC 0.9991 Pre 0.9817 Rec 0.9819
2026-08-30 02:11:16 | Diag logvar_q_mean=0.0000 logvar_q_clamp=0.0000 kappa_log10=5.9607
2026-08-30 02:11:19 | Epoch  93/400 | Train Loss 2.0847 Acc 0.9995 | Val Loss 5.2567 Acc 0.9822 AUC 0.9992 Pre 0.9820 Rec 0.9821
2026-08-30 02:11:19 | Diag logvar_q_mean=0.0000 logvar_q_clamp=0.0000 kappa_log10=6.1671
2026-08-30 02:11:23 | Epoch  94/400 | Train Loss 2.1725 Acc 0.9994 | Val Loss 5.2621 Acc 0.9823 AUC 0.9991 Pre 0.9821 Rec 0.9822
2026-08-30 02:11:23 | Diag logvar_q_mean=0.0000 logvar_q_clamp=0.0000 kappa_log10=6.2995
2026-08-30 02:11:27 | Epoch  95/400 | Train Loss 2.1429 Acc 0.9996 | Val Loss 5.2137 Acc 0.9823 AUC 0.9992 Pre 0.9821 Rec 0.9821
2026-08-30 02:11:27 | Diag logvar_q_mean=0.0000 logvar_q_clamp=0.0000 kappa_log10=5.8573
2026-08-30 02:11:30 | Epoch  96/400 | Train Loss 2.1293 Acc 0.9994 | Val Loss 5.1576 Acc 0.9815 AUC 0.9989 Pre 0.9813 Rec 0.9813
2026-08-30 02:11:31 | Diag logvar_q_mean=0.0000 logvar_q_clamp=0.0000 kappa_log10=5.9174
2026-08-30 02:11:34 | Epoch  97/400 | Train Loss 2.0399 Acc 0.9996 | Val Loss 5.1119 Acc 0.9817 AUC 0.9988 Pre 0.9815 Rec 0.9816
2026-08-30 02:11:35 | Diag logvar_q_mean=0.0000 logvar_q_clamp=0.0000 kappa_log10=5.9986
2026-08-30 02:11:38 | Epoch  98/400 | Train Loss 2.0985 Acc 0.9995 | Val Loss 5.2315 Acc 0.9810 AUC 0.9989 Pre 0.9808 Rec 0.9808
2026-08-30 02:11:38 | Diag logvar_q_mean=0.0000 logvar_q_clamp=0.0000 kappa_log10=6.1547
2026-08-30 02:11:42 | Epoch  99/400 | Train Loss 2.0958 Acc 0.9994 | Val Loss 5.1641 Acc 0.9820 AUC 0.9990 Pre 0.9817 Rec 0.9819
2026-08-30 02:11:42 | Diag logvar_q_mean=0.0000 logvar_q_clamp=0.0000 kappa_log10=6.1559
2026-08-30 02:11:45 | Epoch 100/400 | Train Loss 2.1194 Acc 0.9995 | Val Loss 5.3975 Acc 0.9813 AUC 0.9990 Pre 0.9811 Rec 0.9812
2026-08-30 02:11:46 | Diag logvar_q_mean=0.0000 logvar_q_clamp=0.0000 kappa_log10=6.3272
2026-08-30 02:11:49 | Epoch 101/400 | Train Loss 2.0953 Acc 0.9996 | Val Loss 5.4238 Acc 0.9814 AUC 0.9988 Pre 0.9811 Rec 0.9814
2026-08-30 02:11:50 | Diag logvar_q_mean=0.0000 logvar_q_clamp=0.0000 kappa_log10=5.8057
2026-08-30 02:11:53 | Epoch 102/400 | Train Loss 2.1090 Acc 0.9996 | Val Loss 5.2077 Acc 0.9817 AUC 0.9989 Pre 0.9815 Rec 0.9816
2026-08-30 02:11:54 | Diag logvar_q_mean=0.0000 logvar_q_clamp=0.0000 kappa_log10=7.0979
2026-08-30 02:11:57 | Epoch 103/400 | Train Loss 2.0870 Acc 0.9995 | Val Loss 5.2924 Acc 0.9812 AUC 0.9990 Pre 0.9810 Rec 0.9811
2026-08-30 02:11:57 | Diag logvar_q_mean=0.0000 logvar_q_clamp=0.0000 kappa_log10=6.7021
2026-08-30 02:12:01 | Epoch 104/400 | Train Loss 2.1028 Acc 0.9995 | Val Loss 5.1782 Acc 0.9823 AUC 0.9990 Pre 0.9821 Rec 0.9823
2026-08-30 02:12:01 | Diag logvar_q_mean=0.0000 logvar_q_clamp=0.0000 kappa_log10=6.4878
2026-08-30 02:12:04 | Epoch 105/400 | Train Loss 2.0917 Acc 0.9994 | Val Loss 5.3582 Acc 0.9815 AUC 0.9990 Pre 0.9814 Rec 0.9814
2026-08-30 02:12:05 | Diag logvar_q_mean=0.0000 logvar_q_clamp=0.0000 kappa_log10=5.7748
2026-08-30 02:12:08 | Epoch 106/400 | Train Loss 2.0813 Acc 0.9994 | Val Loss 5.2472 Acc 0.9823 AUC 0.9990 Pre 0.9820 Rec 0.9822
2026-08-30 02:12:09 | Diag logvar_q_mean=0.0000 logvar_q_clamp=0.0000 kappa_log10=6.8408
2026-08-30 02:12:12 | Epoch 107/400 | Train Loss 2.0062 Acc 0.9997 | Val Loss 5.3484 Acc 0.9816 AUC 0.9988 Pre 0.9814 Rec 0.9815
2026-08-30 02:12:13 | Diag logvar_q_mean=0.0000 logvar_q_clamp=0.0000 kappa_log10=6.2645
2026-08-30 02:12:16 | Epoch 108/400 | Train Loss 2.0764 Acc 0.9996 | Val Loss 5.3590 Acc 0.9803 AUC 0.9990 Pre 0.9800 Rec 0.9801
2026-08-30 02:12:17 | Diag logvar_q_mean=0.0000 logvar_q_clamp=0.0000 kappa_log10=5.9915
2026-08-30 02:12:20 | Epoch 109/400 | Train Loss 2.0589 Acc 0.9996 | Val Loss 5.2741 Acc 0.9800 AUC 0.9990 Pre 0.9798 Rec 0.9799
2026-08-30 02:12:20 | Diag logvar_q_mean=0.0000 logvar_q_clamp=0.0000 kappa_log10=5.8878
2026-08-30 02:12:24 | Epoch 110/400 | Train Loss 2.0208 Acc 0.9996 | Val Loss 5.3416 Acc 0.9808 AUC 0.9990 Pre 0.9806 Rec 0.9807
2026-08-30 02:12:24 | Diag logvar_q_mean=0.0000 logvar_q_clamp=0.0000 kappa_log10=6.2961
2026-08-30 02:12:27 | Epoch 111/400 | Train Loss 2.0393 Acc 0.9995 | Val Loss 5.3771 Acc 0.9810 AUC 0.9989 Pre 0.9809 Rec 0.9809
2026-08-30 02:12:28 | Diag logvar_q_mean=0.0000 logvar_q_clamp=0.0000 kappa_log10=6.8085
2026-08-30 02:12:31 | Epoch 112/400 | Train Loss 2.0503 Acc 0.9994 | Val Loss 5.4224 Acc 0.9817 AUC 0.9989 Pre 0.9815 Rec 0.9816
2026-08-30 02:12:32 | Diag logvar_q_mean=0.0000 logvar_q_clamp=0.0000 kappa_log10=5.9460
2026-08-30 02:12:35 | Epoch 113/400 | Train Loss 1.9608 Acc 0.9994 | Val Loss 5.4215 Acc 0.9817 AUC 0.9988 Pre 0.9815 Rec 0.9815
2026-08-30 02:12:36 | Diag logvar_q_mean=0.0000 logvar_q_clamp=0.0000 kappa_log10=5.9142
2026-08-30 02:12:39 | Epoch 114/400 | Train Loss 1.9491 Acc 0.9998 | Val Loss 5.3993 Acc 0.9821 AUC 0.9989 Pre 0.9820 Rec 0.9821
2026-08-30 02:12:39 | Diag logvar_q_mean=0.0000 logvar_q_clamp=0.0000 kappa_log10=6.8645
2026-08-30 02:12:43 | Epoch 115/400 | Train Loss 1.9161 Acc 0.9995 | Val Loss 5.2207 Acc 0.9827 AUC 0.9988 Pre 0.9824 Rec 0.9826
2026-08-30 02:12:43 | Diag logvar_q_mean=0.0000 logvar_q_clamp=0.0000 kappa_log10=6.1610
2026-08-30 02:12:46 | Epoch 116/400 | Train Loss 1.9371 Acc 0.9996 | Val Loss 5.2400 Acc 0.9833 AUC 0.9991 Pre 0.9831 Rec 0.9832
2026-08-30 02:12:47 | Diag logvar_q_mean=0.0000 logvar_q_clamp=0.0000 kappa_log10=5.9589
2026-08-30 02:12:50 | Epoch 117/400 | Train Loss 2.0444 Acc 0.9995 | Val Loss 5.5129 Acc 0.9800 AUC 0.9990 Pre 0.9797 Rec 0.9799
2026-08-30 02:12:51 | Diag logvar_q_mean=0.0000 logvar_q_clamp=0.0000 kappa_log10=6.7098
2026-08-30 02:12:54 | Epoch 118/400 | Train Loss 2.0347 Acc 0.9995 | Val Loss 5.2456 Acc 0.9820 AUC 0.9990 Pre 0.9818 Rec 0.9819
2026-08-30 02:12:55 | Diag logvar_q_mean=0.0000 logvar_q_clamp=0.0000 kappa_log10=6.0870
2026-08-30 02:12:58 | Epoch 119/400 | Train Loss 2.0267 Acc 0.9996 | Val Loss 5.4674 Acc 0.9815 AUC 0.9990 Pre 0.9812 Rec 0.9814
2026-08-30 02:12:58 | Diag logvar_q_mean=0.0000 logvar_q_clamp=0.0000 kappa_log10=5.9340
2026-08-30 02:13:02 | Epoch 120/400 | Train Loss 1.9994 Acc 0.9997 | Val Loss 5.4404 Acc 0.9802 AUC 0.9988 Pre 0.9799 Rec 0.9801
2026-08-30 02:13:02 | Diag logvar_q_mean=0.0000 logvar_q_clamp=0.0000 kappa_log10=6.7416
2026-08-30 02:13:06 | Epoch 121/400 | Train Loss 1.9601 Acc 0.9997 | Val Loss 5.3002 Acc 0.9813 AUC 0.9990 Pre 0.9811 Rec 0.9812
2026-08-30 02:13:06 | Diag logvar_q_mean=0.0000 logvar_q_clamp=0.0000 kappa_log10=6.1677
2026-08-30 02:13:09 | Epoch 122/400 | Train Loss 1.9699 Acc 0.9996 | Val Loss 5.4059 Acc 0.9808 AUC 0.9989 Pre 0.9805 Rec 0.9807
2026-08-30 02:13:10 | Diag logvar_q_mean=0.0000 logvar_q_clamp=0.0000 kappa_log10=6.9510
2026-08-30 02:13:13 | Epoch 123/400 | Train Loss 1.9862 Acc 0.9995 | Val Loss 5.4370 Acc 0.9805 AUC 0.9990 Pre 0.9802 Rec 0.9805
2026-08-30 02:13:14 | Diag logvar_q_mean=0.0000 logvar_q_clamp=0.0000 kappa_log10=6.7478
2026-08-30 02:13:17 | Epoch 124/400 | Train Loss 1.9868 Acc 0.9994 | Val Loss 5.5238 Acc 0.9809 AUC 0.9990 Pre 0.9807 Rec 0.9808
2026-08-30 02:13:18 | Diag logvar_q_mean=0.0000 logvar_q_clamp=0.0000 kappa_log10=6.2433
2026-08-30 02:13:21 | Epoch 125/400 | Train Loss 1.9739 Acc 0.9994 | Val Loss 5.5719 Acc 0.9800 AUC 0.9990 Pre 0.9798 Rec 0.9799
2026-08-30 02:13:21 | Diag logvar_q_mean=0.0000 logvar_q_clamp=0.0000 kappa_log10=6.4261
2026-08-30 02:13:25 | Epoch 126/400 | Train Loss 1.9684 Acc 0.9997 | Val Loss 5.2022 Acc 0.9828 AUC 0.9990 Pre 0.9826 Rec 0.9827
2026-08-30 02:13:25 | Diag logvar_q_mean=0.0000 logvar_q_clamp=0.0000 kappa_log10=5.8872
2026-08-30 02:13:28 | Epoch 127/400 | Train Loss 2.0099 Acc 0.9994 | Val Loss 5.3658 Acc 0.9826 AUC 0.9991 Pre 0.9824 Rec 0.9825
2026-08-30 02:13:29 | Diag logvar_q_mean=0.0000 logvar_q_clamp=0.0000 kappa_log10=6.1558
2026-08-30 02:13:32 | Epoch 128/400 | Train Loss 1.9721 Acc 0.9996 | Val Loss 5.2942 Acc 0.9819 AUC 0.9991 Pre 0.9817 Rec 0.9818
2026-08-30 02:13:33 | Diag logvar_q_mean=0.0000 logvar_q_clamp=0.0000 kappa_log10=6.3425
2026-08-30 02:13:36 | Epoch 129/400 | Train Loss 1.9473 Acc 0.9996 | Val Loss 5.4339 Acc 0.9801 AUC 0.9989 Pre 0.9798 Rec 0.9799
2026-08-30 02:13:36 | Diag logvar_q_mean=0.0000 logvar_q_clamp=0.0000 kappa_log10=6.5913
2026-08-30 02:13:40 | Epoch 130/400 | Train Loss 1.9646 Acc 0.9995 | Val Loss 5.5726 Acc 0.9814 AUC 0.9986 Pre 0.9811 Rec 0.9813
2026-08-30 02:13:40 | Diag logvar_q_mean=0.0000 logvar_q_clamp=0.0000 kappa_log10=6.8867
2026-08-30 02:13:43 | Epoch 131/400 | Train Loss 1.9421 Acc 0.9995 | Val Loss 5.4258 Acc 0.9806 AUC 0.9988 Pre 0.9803 Rec 0.9806
2026-08-30 02:13:44 | Diag logvar_q_mean=0.0000 logvar_q_clamp=0.0000 kappa_log10=6.7951
2026-08-30 02:13:47 | Epoch 132/400 | Train Loss 1.9246 Acc 0.9995 | Val Loss 5.3771 Acc 0.9806 AUC 0.9987 Pre 0.9803 Rec 0.9805
2026-08-30 02:13:48 | Diag logvar_q_mean=0.0000 logvar_q_clamp=0.0000 kappa_log10=6.2348
2026-08-30 02:13:51 | Epoch 133/400 | Train Loss 1.8913 Acc 0.9995 | Val Loss 5.3722 Acc 0.9807 AUC 0.9989 Pre 0.9806 Rec 0.9806
2026-08-30 02:13:52 | Diag logvar_q_mean=0.0000 logvar_q_clamp=0.0000 kappa_log10=7.1720
2026-08-30 02:13:55 | Epoch 134/400 | Train Loss 1.8999 Acc 0.9994 | Val Loss 5.3472 Acc 0.9810 AUC 0.9989 Pre 0.9808 Rec 0.9808
2026-08-30 02:13:55 | Diag logvar_q_mean=0.0000 logvar_q_clamp=0.0000 kappa_log10=6.3390
2026-08-30 02:13:59 | Epoch 135/400 | Train Loss 1.9168 Acc 0.9996 | Val Loss 5.1818 Acc 0.9819 AUC 0.9986 Pre 0.9818 Rec 0.9818
2026-08-30 02:13:59 | Diag logvar_q_mean=0.0000 logvar_q_clamp=0.0000 kappa_log10=6.2257
2026-08-30 02:14:02 | Epoch 136/400 | Train Loss 1.9094 Acc 0.9995 | Val Loss 5.4992 Acc 0.9815 AUC 0.9987 Pre 0.9813 Rec 0.9815
2026-08-30 02:14:03 | Diag logvar_q_mean=0.0000 logvar_q_clamp=0.0000 kappa_log10=6.1597
2026-08-30 02:14:06 | Epoch 137/400 | Train Loss 1.9284 Acc 0.9994 | Val Loss 5.5110 Acc 0.9814 AUC 0.9990 Pre 0.9812 Rec 0.9813
2026-08-30 02:14:07 | Diag logvar_q_mean=0.0000 logvar_q_clamp=0.0000 kappa_log10=6.0928
2026-08-30 02:14:10 | Epoch 138/400 | Train Loss 1.9360 Acc 0.9994 | Val Loss 5.4723 Acc 0.9819 AUC 0.9989 Pre 0.9816 Rec 0.9818
2026-08-30 02:14:11 | Diag logvar_q_mean=0.0000 logvar_q_clamp=0.0000 kappa_log10=6.2338
2026-08-30 02:14:14 | Epoch 139/400 | Train Loss 1.9818 Acc 0.9995 | Val Loss 5.5958 Acc 0.9810 AUC 0.9989 Pre 0.9807 Rec 0.9809
2026-08-30 02:14:14 | Diag logvar_q_mean=0.0000 logvar_q_clamp=0.0000 kappa_log10=5.8343
2026-08-30 02:14:18 | Epoch 140/400 | Train Loss 1.9356 Acc 0.9995 | Val Loss 5.3792 Acc 0.9812 AUC 0.9988 Pre 0.9810 Rec 0.9811
2026-08-30 02:14:18 | Diag logvar_q_mean=0.0000 logvar_q_clamp=0.0000 kappa_log10=6.4325
2026-08-30 02:14:22 | Epoch 141/400 | Train Loss 1.8992 Acc 0.9995 | Val Loss 5.3510 Acc 0.9817 AUC 0.9987 Pre 0.9815 Rec 0.9816
2026-08-30 02:14:22 | Diag logvar_q_mean=0.0000 logvar_q_clamp=0.0000 kappa_log10=7.1364
2026-08-30 02:14:25 | Epoch 142/400 | Train Loss 1.9006 Acc 0.9996 | Val Loss 5.4167 Acc 0.9821 AUC 0.9990 Pre 0.9818 Rec 0.9821
2026-08-30 02:14:26 | Diag logvar_q_mean=0.0000 logvar_q_clamp=0.0000 kappa_log10=6.1115
2026-08-30 02:14:29 | Epoch 143/400 | Train Loss 1.8886 Acc 0.9995 | Val Loss 5.5813 Acc 0.9796 AUC 0.9988 Pre 0.9793 Rec 0.9795
2026-08-30 02:14:30 | Diag logvar_q_mean=0.0000 logvar_q_clamp=0.0000 kappa_log10=6.3342
2026-08-30 02:14:33 | Epoch 144/400 | Train Loss 1.8714 Acc 0.9996 | Val Loss 5.3217 Acc 0.9822 AUC 0.9990 Pre 0.9820 Rec 0.9821
2026-08-30 02:14:33 | Diag logvar_q_mean=0.0000 logvar_q_clamp=0.0000 kappa_log10=5.8326
2026-08-30 02:14:37 | Epoch 145/400 | Train Loss 1.8779 Acc 0.9997 | Val Loss 5.5400 Acc 0.9821 AUC 0.9988 Pre 0.9819 Rec 0.9820
2026-08-30 02:14:37 | Diag logvar_q_mean=0.0000 logvar_q_clamp=0.0000 kappa_log10=6.0127
2026-08-30 02:14:41 | Epoch 146/400 | Train Loss 1.8214 Acc 0.9997 | Val Loss 5.4566 Acc 0.9813 AUC 0.9987 Pre 0.9811 Rec 0.9812
2026-08-30 02:14:41 | Diag logvar_q_mean=0.0000 logvar_q_clamp=0.0000 kappa_log10=5.7477
2026-08-30 02:14:44 | Epoch 147/400 | Train Loss 1.8613 Acc 0.9997 | Val Loss 5.7539 Acc 0.9805 AUC 0.9990 Pre 0.9803 Rec 0.9804
2026-08-30 02:14:45 | Diag logvar_q_mean=0.0000 logvar_q_clamp=0.0000 kappa_log10=6.2568
2026-08-30 02:14:48 | Epoch 148/400 | Train Loss 1.9011 Acc 0.9996 | Val Loss 5.4619 Acc 0.9809 AUC 0.9989 Pre 0.9807 Rec 0.9808
2026-08-30 02:14:49 | Diag logvar_q_mean=0.0000 logvar_q_clamp=0.0000 kappa_log10=5.8337
2026-08-30 02:14:52 | Epoch 149/400 | Train Loss 1.8549 Acc 0.9997 | Val Loss 5.6544 Acc 0.9814 AUC 0.9990 Pre 0.9813 Rec 0.9813
2026-08-30 02:14:52 | Diag logvar_q_mean=0.0000 logvar_q_clamp=0.0000 kappa_log10=7.1198
2026-08-30 02:14:56 | Epoch 150/400 | Train Loss 1.8743 Acc 0.9997 | Val Loss 5.7977 Acc 0.9811 AUC 0.9989 Pre 0.9808 Rec 0.9810
2026-08-30 02:14:56 | Diag logvar_q_mean=0.0000 logvar_q_clamp=0.0000 kappa_log10=5.9370
2026-08-30 02:15:00 | Epoch 151/400 | Train Loss 1.8614 Acc 0.9996 | Val Loss 5.7757 Acc 0.9798 AUC 0.9991 Pre 0.9796 Rec 0.9796
2026-08-30 02:15:00 | Diag logvar_q_mean=0.0000 logvar_q_clamp=0.0000 kappa_log10=6.3188
2026-08-30 02:15:03 | Epoch 152/400 | Train Loss 1.8132 Acc 0.9998 | Val Loss 5.4605 Acc 0.9822 AUC 0.9989 Pre 0.9820 Rec 0.9822
2026-08-30 02:15:04 | Diag logvar_q_mean=0.0000 logvar_q_clamp=0.0000 kappa_log10=6.6399
2026-08-30 02:15:07 | Epoch 153/400 | Train Loss 1.7993 Acc 0.9997 | Val Loss 5.7014 Acc 0.9811 AUC 0.9990 Pre 0.9809 Rec 0.9810
2026-08-30 02:15:08 | Diag logvar_q_mean=0.0000 logvar_q_clamp=0.0000 kappa_log10=6.1777
2026-08-30 02:15:11 | Epoch 154/400 | Train Loss 1.7982 Acc 0.9997 | Val Loss 5.4423 Acc 0.9814 AUC 0.9990 Pre 0.9812 Rec 0.9813
2026-08-30 02:15:11 | Diag logvar_q_mean=0.0000 logvar_q_clamp=0.0000 kappa_log10=6.0068
2026-08-30 02:15:15 | Epoch 155/400 | Train Loss 1.8178 Acc 0.9997 | Val Loss 5.8405 Acc 0.9814 AUC 0.9989 Pre 0.9811 Rec 0.9813
2026-08-30 02:15:15 | Diag logvar_q_mean=0.0000 logvar_q_clamp=0.0000 kappa_log10=7.7033
2026-08-30 02:15:19 | Epoch 156/400 | Train Loss 1.8126 Acc 0.9997 | Val Loss 5.7318 Acc 0.9806 AUC 0.9989 Pre 0.9803 Rec 0.9805
2026-08-30 02:15:19 | Diag logvar_q_mean=0.0000 logvar_q_clamp=0.0000 kappa_log10=6.0657
2026-08-30 02:15:22 | Epoch 157/400 | Train Loss 1.8840 Acc 0.9997 | Val Loss 5.7572 Acc 0.9802 AUC 0.9990 Pre 0.9800 Rec 0.9801
2026-08-30 02:15:23 | Diag logvar_q_mean=0.0000 logvar_q_clamp=0.0000 kappa_log10=5.8600
2026-08-30 02:15:26 | Epoch 158/400 | Train Loss 1.8613 Acc 0.9996 | Val Loss 5.4689 Acc 0.9821 AUC 0.9989 Pre 0.9819 Rec 0.9820
2026-08-30 02:15:27 | Diag logvar_q_mean=0.0000 logvar_q_clamp=0.0000 kappa_log10=6.2265
2026-08-30 02:15:30 | Epoch 159/400 | Train Loss 1.9334 Acc 0.9996 | Val Loss 5.6591 Acc 0.9813 AUC 0.9989 Pre 0.9810 Rec 0.9812
2026-08-30 02:15:30 | Diag logvar_q_mean=0.0000 logvar_q_clamp=0.0000 kappa_log10=6.2835
2026-08-30 02:15:34 | Epoch 160/400 | Train Loss 1.8260 Acc 0.9996 | Val Loss 5.4777 Acc 0.9816 AUC 0.9990 Pre 0.9814 Rec 0.9816
2026-08-30 02:15:34 | Diag logvar_q_mean=0.0000 logvar_q_clamp=0.0000 kappa_log10=7.0580
2026-08-30 02:15:38 | Epoch 161/400 | Train Loss 1.8355 Acc 0.9997 | Val Loss 5.5541 Acc 0.9804 AUC 0.9991 Pre 0.9801 Rec 0.9804
2026-08-30 02:15:38 | Diag logvar_q_mean=0.0000 logvar_q_clamp=0.0000 kappa_log10=7.9482
2026-08-30 02:15:41 | Epoch 162/400 | Train Loss 1.8494 Acc 0.9997 | Val Loss 5.5533 Acc 0.9808 AUC 0.9989 Pre 0.9806 Rec 0.9807
2026-08-30 02:15:42 | Diag logvar_q_mean=0.0000 logvar_q_clamp=0.0000 kappa_log10=6.8197
2026-08-30 02:15:45 | Epoch 163/400 | Train Loss 1.8629 Acc 0.9996 | Val Loss 5.7626 Acc 0.9806 AUC 0.9989 Pre 0.9804 Rec 0.9806
2026-08-30 02:15:46 | Diag logvar_q_mean=0.0000 logvar_q_clamp=0.0000 kappa_log10=5.6457
2026-08-30 02:15:49 | Epoch 164/400 | Train Loss 1.9073 Acc 0.9996 | Val Loss 5.6178 Acc 0.9812 AUC 0.9990 Pre 0.9810 Rec 0.9812
2026-08-30 02:15:49 | Diag logvar_q_mean=0.0000 logvar_q_clamp=0.0000 kappa_log10=5.9546
2026-08-30 02:15:53 | Epoch 165/400 | Train Loss 1.8815 Acc 0.9995 | Val Loss 5.7141 Acc 0.9817 AUC 0.9990 Pre 0.9815 Rec 0.9817
2026-08-30 02:15:53 | Diag logvar_q_mean=0.0000 logvar_q_clamp=0.0000 kappa_log10=5.9231
2026-08-30 02:15:56 | Epoch 166/400 | Train Loss 1.8425 Acc 0.9996 | Val Loss 5.5581 Acc 0.9798 AUC 0.9991 Pre 0.9795 Rec 0.9797
2026-08-30 02:15:57 | Diag logvar_q_mean=0.0000 logvar_q_clamp=0.0000 kappa_log10=6.4841
2026-08-30 02:16:00 | Epoch 167/400 | Train Loss 1.8455 Acc 0.9996 | Val Loss 5.7742 Acc 0.9806 AUC 0.9988 Pre 0.9804 Rec 0.9805
2026-08-30 02:16:01 | Diag logvar_q_mean=0.0000 logvar_q_clamp=0.0000 kappa_log10=6.4378
2026-08-30 02:16:04 | Epoch 168/400 | Train Loss 1.8224 Acc 0.9996 | Val Loss 5.8614 Acc 0.9803 AUC 0.9989 Pre 0.9800 Rec 0.9802
2026-08-30 02:16:04 | Diag logvar_q_mean=0.0000 logvar_q_clamp=0.0000 kappa_log10=6.2801
2026-08-30 02:16:08 | Epoch 169/400 | Train Loss 1.8995 Acc 0.9994 | Val Loss 5.8855 Acc 0.9811 AUC 0.9989 Pre 0.9809 Rec 0.9810
2026-08-30 02:16:08 | Diag logvar_q_mean=0.0000 logvar_q_clamp=0.0000 kappa_log10=6.9638
2026-08-30 02:16:12 | Epoch 170/400 | Train Loss 1.9018 Acc 0.9995 | Val Loss 5.6561 Acc 0.9822 AUC 0.9990 Pre 0.9820 Rec 0.9821
2026-08-30 02:16:12 | Diag logvar_q_mean=0.0000 logvar_q_clamp=0.0000 kappa_log10=6.5093
2026-08-30 02:16:15 | Epoch 171/400 | Train Loss 1.8624 Acc 0.9994 | Val Loss 5.5885 Acc 0.9813 AUC 0.9990 Pre 0.9810 Rec 0.9813
2026-08-30 02:16:16 | Diag logvar_q_mean=0.0000 logvar_q_clamp=0.0000 kappa_log10=6.2993
2026-08-30 02:16:19 | Epoch 172/400 | Train Loss 1.8496 Acc 0.9996 | Val Loss 5.9302 Acc 0.9800 AUC 0.9988 Pre 0.9798 Rec 0.9799
2026-08-30 02:16:20 | Diag logvar_q_mean=0.0000 logvar_q_clamp=0.0000 kappa_log10=5.9602
2026-08-30 02:16:23 | Epoch 173/400 | Train Loss 1.8785 Acc 0.9994 | Val Loss 5.4614 Acc 0.9809 AUC 0.9991 Pre 0.9806 Rec 0.9808
2026-08-30 02:16:23 | Diag logvar_q_mean=0.0000 logvar_q_clamp=0.0000 kappa_log10=6.3845
2026-08-30 02:16:27 | Epoch 174/400 | Train Loss 1.8155 Acc 0.9995 | Val Loss 5.4906 Acc 0.9820 AUC 0.9991 Pre 0.9818 Rec 0.9819
2026-08-30 02:16:27 | Diag logvar_q_mean=0.0000 logvar_q_clamp=0.0000 kappa_log10=7.7434
2026-08-30 02:16:31 | Epoch 175/400 | Train Loss 1.8042 Acc 0.9997 | Val Loss 5.4697 Acc 0.9807 AUC 0.9989 Pre 0.9806 Rec 0.9806
2026-08-30 02:16:31 | Diag logvar_q_mean=0.0000 logvar_q_clamp=0.0000 kappa_log10=6.0153
2026-08-30 02:16:34 | Epoch 176/400 | Train Loss 1.7781 Acc 0.9996 | Val Loss 5.4871 Acc 0.9809 AUC 0.9989 Pre 0.9808 Rec 0.9808
2026-08-30 02:16:35 | Diag logvar_q_mean=0.0000 logvar_q_clamp=0.0000 kappa_log10=6.0950
2026-08-30 02:16:38 | Epoch 177/400 | Train Loss 1.7918 Acc 0.9997 | Val Loss 5.4684 Acc 0.9805 AUC 0.9991 Pre 0.9802 Rec 0.9804
2026-08-30 02:16:39 | Diag logvar_q_mean=0.0000 logvar_q_clamp=0.0000 kappa_log10=6.1704
2026-08-30 02:16:42 | Epoch 178/400 | Train Loss 1.7725 Acc 0.9996 | Val Loss 5.6675 Acc 0.9806 AUC 0.9989 Pre 0.9804 Rec 0.9805
2026-08-30 02:16:42 | Diag logvar_q_mean=0.0000 logvar_q_clamp=0.0000 kappa_log10=7.2721
2026-08-30 02:16:46 | Epoch 179/400 | Train Loss 1.7962 Acc 0.9996 | Val Loss 5.6776 Acc 0.9808 AUC 0.9990 Pre 0.9807 Rec 0.9807
2026-08-30 02:16:46 | Diag logvar_q_mean=0.0000 logvar_q_clamp=0.0000 kappa_log10=5.8872
2026-08-30 02:16:50 | Epoch 180/400 | Train Loss 1.8044 Acc 0.9996 | Val Loss 5.6268 Acc 0.9813 AUC 0.9989 Pre 0.9811 Rec 0.9812
2026-08-30 02:16:50 | Diag logvar_q_mean=0.0000 logvar_q_clamp=0.0000 kappa_log10=6.3572
2026-08-30 02:16:54 | Epoch 181/400 | Train Loss 1.7530 Acc 0.9997 | Val Loss 5.5421 Acc 0.9816 AUC 0.9990 Pre 0.9814 Rec 0.9815
2026-08-30 02:16:54 | Diag logvar_q_mean=0.0000 logvar_q_clamp=0.0000 kappa_log10=6.2136
2026-08-30 02:16:57 | Epoch 182/400 | Train Loss 1.7564 Acc 0.9996 | Val Loss 5.9279 Acc 0.9806 AUC 0.9991 Pre 0.9804 Rec 0.9806
2026-08-30 02:16:58 | Diag logvar_q_mean=0.0000 logvar_q_clamp=0.0000 kappa_log10=6.1539
2026-08-30 02:17:01 | Epoch 183/400 | Train Loss 1.7963 Acc 0.9996 | Val Loss 5.9263 Acc 0.9792 AUC 0.9989 Pre 0.9789 Rec 0.9791
2026-08-30 02:17:02 | Diag logvar_q_mean=0.0000 logvar_q_clamp=0.0000 kappa_log10=5.7524
2026-08-30 02:17:05 | Epoch 184/400 | Train Loss 1.8025 Acc 0.9997 | Val Loss 5.7667 Acc 0.9807 AUC 0.9990 Pre 0.9805 Rec 0.9806
2026-08-30 02:17:06 | Diag logvar_q_mean=0.0000 logvar_q_clamp=0.0000 kappa_log10=6.8972
2026-08-30 02:17:09 | Epoch 185/400 | Train Loss 1.7400 Acc 0.9997 | Val Loss 5.7274 Acc 0.9801 AUC 0.9989 Pre 0.9798 Rec 0.9801
2026-08-30 02:17:09 | Diag logvar_q_mean=0.0000 logvar_q_clamp=0.0000 kappa_log10=7.1795
2026-08-30 02:17:13 | Epoch 186/400 | Train Loss 1.7636 Acc 0.9997 | Val Loss 5.6880 Acc 0.9808 AUC 0.9990 Pre 0.9806 Rec 0.9807
2026-08-30 02:17:13 | Diag logvar_q_mean=0.0000 logvar_q_clamp=0.0000 kappa_log10=6.0408
2026-08-30 02:17:17 | Epoch 187/400 | Train Loss 1.7451 Acc 0.9997 | Val Loss 5.6622 Acc 0.9813 AUC 0.9991 Pre 0.9810 Rec 0.9811
2026-08-30 02:17:17 | Diag logvar_q_mean=0.0000 logvar_q_clamp=0.0000 kappa_log10=6.1939
2026-08-30 02:17:21 | Epoch 188/400 | Train Loss 1.7754 Acc 0.9997 | Val Loss 5.9526 Acc 0.9807 AUC 0.9991 Pre 0.9805 Rec 0.9806
2026-08-30 02:17:21 | Diag logvar_q_mean=0.0000 logvar_q_clamp=0.0000 kappa_log10=6.3262
2026-08-30 02:17:24 | Epoch 189/400 | Train Loss 1.7659 Acc 0.9996 | Val Loss 5.6760 Acc 0.9816 AUC 0.9991 Pre 0.9814 Rec 0.9815
2026-08-30 02:17:25 | Diag logvar_q_mean=0.0000 logvar_q_clamp=0.0000 kappa_log10=7.0064
2026-08-30 02:17:28 | Epoch 190/400 | Train Loss 1.8294 Acc 0.9995 | Val Loss 5.6246 Acc 0.9810 AUC 0.9992 Pre 0.9808 Rec 0.9809
2026-08-30 02:17:29 | Diag logvar_q_mean=0.0000 logvar_q_clamp=0.0000 kappa_log10=5.9160
2026-08-30 02:17:32 | Epoch 191/400 | Train Loss 1.7852 Acc 0.9996 | Val Loss 5.7495 Acc 0.9809 AUC 0.9991 Pre 0.9807 Rec 0.9809
2026-08-30 02:17:33 | Diag logvar_q_mean=0.0000 logvar_q_clamp=0.0000 kappa_log10=5.8923
2026-08-30 02:17:36 | Epoch 192/400 | Train Loss 1.8765 Acc 0.9993 | Val Loss 5.7065 Acc 0.9821 AUC 0.9988 Pre 0.9819 Rec 0.9821
2026-08-30 02:17:36 | Diag logvar_q_mean=0.0000 logvar_q_clamp=0.0000 kappa_log10=6.0068
2026-08-30 02:17:40 | Epoch 193/400 | Train Loss 1.7644 Acc 0.9995 | Val Loss 5.7514 Acc 0.9809 AUC 0.9990 Pre 0.9806 Rec 0.9809
2026-08-30 02:17:40 | Diag logvar_q_mean=0.0000 logvar_q_clamp=0.0000 kappa_log10=6.2532
2026-08-30 02:17:43 | Epoch 194/400 | Train Loss 1.7713 Acc 0.9996 | Val Loss 5.5879 Acc 0.9808 AUC 0.9992 Pre 0.9806 Rec 0.9808
2026-08-30 02:17:44 | Diag logvar_q_mean=0.0000 logvar_q_clamp=0.0000 kappa_log10=6.3828
2026-08-30 02:17:47 | Epoch 195/400 | Train Loss 1.7935 Acc 0.9996 | Val Loss 5.7808 Acc 0.9806 AUC 0.9990 Pre 0.9804 Rec 0.9806
2026-08-30 02:17:48 | Diag logvar_q_mean=0.0000 logvar_q_clamp=0.0000 kappa_log10=6.2388
2026-08-30 02:17:51 | Epoch 196/400 | Train Loss 1.7645 Acc 0.9997 | Val Loss 5.8273 Acc 0.9783 AUC 0.9989 Pre 0.9781 Rec 0.9782
2026-08-30 02:17:52 | Diag logvar_q_mean=0.0000 logvar_q_clamp=0.0000 kappa_log10=6.3388
2026-08-30 02:17:55 | Epoch 197/400 | Train Loss 1.7550 Acc 0.9997 | Val Loss 5.6647 Acc 0.9807 AUC 0.9988 Pre 0.9805 Rec 0.9806
2026-08-30 02:17:55 | Diag logvar_q_mean=0.0000 logvar_q_clamp=0.0000 kappa_log10=6.2705
2026-08-30 02:17:59 | Epoch 198/400 | Train Loss 1.7103 Acc 0.9997 | Val Loss 5.8698 Acc 0.9808 AUC 0.9989 Pre 0.9805 Rec 0.9808
2026-08-30 02:17:59 | Diag logvar_q_mean=0.0000 logvar_q_clamp=0.0000 kappa_log10=5.9722
2026-08-30 02:18:02 | Epoch 199/400 | Train Loss 1.7667 Acc 0.9997 | Val Loss 5.8973 Acc 0.9800 AUC 0.9989 Pre 0.9797 Rec 0.9800
2026-08-30 02:18:03 | Diag logvar_q_mean=0.0000 logvar_q_clamp=0.0000 kappa_log10=5.9961
2026-08-30 02:18:06 | Epoch 200/400 | Train Loss 1.7956 Acc 0.9995 | Val Loss 6.0226 Acc 0.9802 AUC 0.9990 Pre 0.9799 Rec 0.9801
2026-08-30 02:18:07 | Diag logvar_q_mean=0.0000 logvar_q_clamp=0.0000 kappa_log10=5.9867
2026-08-30 02:18:10 | Epoch 201/400 | Train Loss 1.8304 Acc 0.9996 | Val Loss 5.7209 Acc 0.9797 AUC 0.9990 Pre 0.9795 Rec 0.9796
2026-08-30 02:18:11 | Diag logvar_q_mean=0.0000 logvar_q_clamp=0.0000 kappa_log10=6.0106
2026-08-30 02:18:14 | Epoch 202/400 | Train Loss 1.7927 Acc 0.9996 | Val Loss 5.8751 Acc 0.9803 AUC 0.9991 Pre 0.9800 Rec 0.9803
2026-08-30 02:18:14 | Diag logvar_q_mean=0.0000 logvar_q_clamp=0.0000 kappa_log10=6.0410
2026-08-30 02:18:18 | Epoch 203/400 | Train Loss 1.8466 Acc 0.9995 | Val Loss 5.9053 Acc 0.9796 AUC 0.9991 Pre 0.9793 Rec 0.9794
2026-08-30 02:18:18 | Diag logvar_q_mean=0.0000 logvar_q_clamp=0.0000 kappa_log10=6.0004
2026-08-30 02:18:21 | Epoch 204/400 | Train Loss 1.8345 Acc 0.9995 | Val Loss 5.8241 Acc 0.9801 AUC 0.9991 Pre 0.9798 Rec 0.9799
2026-08-30 02:18:22 | Diag logvar_q_mean=0.0000 logvar_q_clamp=0.0000 kappa_log10=6.1972
2026-08-30 02:18:25 | Epoch 205/400 | Train Loss 1.7295 Acc 0.9997 | Val Loss 5.7305 Acc 0.9797 AUC 0.9990 Pre 0.9794 Rec 0.9796
2026-08-30 02:18:26 | Diag logvar_q_mean=0.0000 logvar_q_clamp=0.0000 kappa_log10=6.4258
2026-08-30 02:18:29 | Epoch 206/400 | Train Loss 1.7362 Acc 0.9997 | Val Loss 5.6648 Acc 0.9808 AUC 0.9990 Pre 0.9805 Rec 0.9807
2026-08-30 02:18:30 | Diag logvar_q_mean=0.0000 logvar_q_clamp=0.0000 kappa_log10=7.1997
2026-08-30 02:18:33 | Epoch 207/400 | Train Loss 1.7623 Acc 0.9995 | Val Loss 5.7938 Acc 0.9792 AUC 0.9989 Pre 0.9789 Rec 0.9791
2026-08-30 02:18:33 | Diag logvar_q_mean=0.0000 logvar_q_clamp=0.0000 kappa_log10=5.9685
2026-08-30 02:18:37 | Epoch 208/400 | Train Loss 1.7191 Acc 0.9996 | Val Loss 5.9137 Acc 0.9796 AUC 0.9988 Pre 0.9794 Rec 0.9795
2026-08-30 02:18:37 | Diag logvar_q_mean=0.0000 logvar_q_clamp=0.0000 kappa_log10=5.9110
2026-08-30 02:18:41 | Epoch 209/400 | Train Loss 1.7110 Acc 0.9996 | Val Loss 5.8708 Acc 0.9801 AUC 0.9990 Pre 0.9799 Rec 0.9800
2026-08-30 02:18:41 | Diag logvar_q_mean=0.0000 logvar_q_clamp=0.0000 kappa_log10=6.4146
2026-08-30 02:18:44 | Epoch 210/400 | Train Loss 1.7565 Acc 0.9997 | Val Loss 5.8400 Acc 0.9797 AUC 0.9989 Pre 0.9794 Rec 0.9797
2026-08-30 02:18:45 | Diag logvar_q_mean=0.0000 logvar_q_clamp=0.0000 kappa_log10=6.2168
2026-08-30 02:18:48 | Epoch 211/400 | Train Loss 1.7753 Acc 0.9995 | Val Loss 5.8894 Acc 0.9813 AUC 0.9989 Pre 0.9811 Rec 0.9812
2026-08-30 02:18:49 | Diag logvar_q_mean=0.0000 logvar_q_clamp=0.0000 kappa_log10=6.2189
2026-08-30 02:18:52 | Epoch 212/400 | Train Loss 1.7898 Acc 0.9996 | Val Loss 5.9387 Acc 0.9799 AUC 0.9990 Pre 0.9796 Rec 0.9799
2026-08-30 02:18:53 | Diag logvar_q_mean=0.0000 logvar_q_clamp=0.0000 kappa_log10=5.7310
2026-08-30 02:18:56 | Epoch 213/400 | Train Loss 1.7444 Acc 0.9995 | Val Loss 5.8229 Acc 0.9798 AUC 0.9989 Pre 0.9796 Rec 0.9797
2026-08-30 02:18:56 | Diag logvar_q_mean=0.0000 logvar_q_clamp=0.0000 kappa_log10=5.8403
2026-08-30 02:19:00 | Epoch 214/400 | Train Loss 1.7350 Acc 0.9996 | Val Loss 5.7262 Acc 0.9804 AUC 0.9989 Pre 0.9802 Rec 0.9803
2026-08-30 02:19:00 | Diag logvar_q_mean=0.0000 logvar_q_clamp=0.0000 kappa_log10=5.9293
2026-08-30 02:19:03 | Epoch 215/400 | Train Loss 1.7362 Acc 0.9997 | Val Loss 5.7863 Acc 0.9799 AUC 0.9989 Pre 0.9797 Rec 0.9798
2026-08-30 02:19:04 | Diag logvar_q_mean=0.0000 logvar_q_clamp=0.0000 kappa_log10=6.0231
2026-08-30 02:19:07 | Epoch 216/400 | Train Loss 1.7401 Acc 0.9997 | Val Loss 5.6427 Acc 0.9792 AUC 0.9990 Pre 0.9789 Rec 0.9792
2026-08-30 02:19:08 | Diag logvar_q_mean=0.0000 logvar_q_clamp=0.0000 kappa_log10=5.8834
2026-08-30 02:19:11 | Epoch 217/400 | Train Loss 1.7538 Acc 0.9996 | Val Loss 5.8314 Acc 0.9790 AUC 0.9987 Pre 0.9788 Rec 0.9789
2026-08-30 02:19:12 | Diag logvar_q_mean=0.0000 logvar_q_clamp=0.0000 kappa_log10=6.0390
2026-08-30 02:19:15 | Epoch 218/400 | Train Loss 1.6836 Acc 0.9999 | Val Loss 5.9761 Acc 0.9793 AUC 0.9988 Pre 0.9791 Rec 0.9792
2026-08-30 02:19:15 | Diag logvar_q_mean=0.0000 logvar_q_clamp=0.0000 kappa_log10=6.6367
2026-08-30 02:19:19 | Epoch 219/400 | Train Loss 1.7528 Acc 0.9995 | Val Loss 6.1756 Acc 0.9780 AUC 0.9986 Pre 0.9778 Rec 0.9778
2026-08-30 02:19:19 | Diag logvar_q_mean=0.0000 logvar_q_clamp=0.0000 kappa_log10=5.9118
2026-08-30 02:19:22 | Epoch 220/400 | Train Loss 1.7288 Acc 0.9996 | Val Loss 5.7838 Acc 0.9799 AUC 0.9989 Pre 0.9796 Rec 0.9798
2026-08-30 02:19:23 | Diag logvar_q_mean=0.0000 logvar_q_clamp=0.0000 kappa_log10=5.9179
2026-08-30 02:19:26 | Epoch 221/400 | Train Loss 1.6972 Acc 0.9996 | Val Loss 5.9666 Acc 0.9794 AUC 0.9987 Pre 0.9791 Rec 0.9793
2026-08-30 02:19:27 | Diag logvar_q_mean=0.0000 logvar_q_clamp=0.0000 kappa_log10=6.7107
2026-08-30 02:19:30 | Epoch 222/400 | Train Loss 1.7453 Acc 0.9997 | Val Loss 5.7505 Acc 0.9798 AUC 0.9987 Pre 0.9795 Rec 0.9797
2026-08-30 02:19:31 | Diag logvar_q_mean=0.0000 logvar_q_clamp=0.0000 kappa_log10=6.2656
2026-08-30 02:19:34 | Epoch 223/400 | Train Loss 1.7745 Acc 0.9996 | Val Loss 5.8464 Acc 0.9800 AUC 0.9989 Pre 0.9798 Rec 0.9800
2026-08-30 02:19:34 | Diag logvar_q_mean=0.0000 logvar_q_clamp=0.0000 kappa_log10=5.8991
2026-08-30 02:19:38 | Epoch 224/400 | Train Loss 1.7800 Acc 0.9996 | Val Loss 5.8531 Acc 0.9808 AUC 0.9988 Pre 0.9806 Rec 0.9807
2026-08-30 02:19:38 | Diag logvar_q_mean=0.0000 logvar_q_clamp=0.0000 kappa_log10=6.2677
2026-08-30 02:19:41 | Epoch 225/400 | Train Loss 1.7411 Acc 0.9997 | Val Loss 5.8283 Acc 0.9800 AUC 0.9990 Pre 0.9798 Rec 0.9799
2026-08-30 02:19:42 | Diag logvar_q_mean=0.0000 logvar_q_clamp=0.0000 kappa_log10=6.3806
2026-08-30 02:19:45 | Epoch 226/400 | Train Loss 1.7518 Acc 0.9996 | Val Loss 6.0191 Acc 0.9793 AUC 0.9988 Pre 0.9791 Rec 0.9792
2026-08-30 02:19:46 | Diag logvar_q_mean=0.0000 logvar_q_clamp=0.0000 kappa_log10=5.7557
2026-08-30 02:19:49 | Epoch 227/400 | Train Loss 1.7584 Acc 0.9995 | Val Loss 5.9591 Acc 0.9789 AUC 0.9990 Pre 0.9786 Rec 0.9788
2026-08-30 02:19:50 | Diag logvar_q_mean=0.0000 logvar_q_clamp=0.0000 kappa_log10=5.9948
2026-08-30 02:19:53 | Epoch 228/400 | Train Loss 1.7111 Acc 0.9998 | Val Loss 5.8693 Acc 0.9794 AUC 0.9989 Pre 0.9791 Rec 0.9794
2026-08-30 02:19:53 | Diag logvar_q_mean=0.0000 logvar_q_clamp=0.0000 kappa_log10=6.3739
2026-08-30 02:19:57 | Epoch 229/400 | Train Loss 1.8214 Acc 0.9994 | Val Loss 5.8390 Acc 0.9799 AUC 0.9991 Pre 0.9797 Rec 0.9799
2026-08-30 02:19:57 | Diag logvar_q_mean=0.0000 logvar_q_clamp=0.0000 kappa_log10=5.9520
2026-08-30 02:20:00 | Epoch 230/400 | Train Loss 1.7387 Acc 0.9997 | Val Loss 5.7916 Acc 0.9803 AUC 0.9989 Pre 0.9801 Rec 0.9802
2026-08-30 02:20:01 | Diag logvar_q_mean=0.0000 logvar_q_clamp=0.0000 kappa_log10=5.9319
2026-08-30 02:20:04 | Epoch 231/400 | Train Loss 1.7564 Acc 0.9997 | Val Loss 5.9885 Acc 0.9794 AUC 0.9989 Pre 0.9791 Rec 0.9793
2026-08-30 02:20:05 | Diag logvar_q_mean=0.0000 logvar_q_clamp=0.0000 kappa_log10=5.8841
2026-08-30 02:20:08 | Epoch 232/400 | Train Loss 1.7501 Acc 0.9996 | Val Loss 5.9188 Acc 0.9792 AUC 0.9988 Pre 0.9789 Rec 0.9792
2026-08-30 02:20:09 | Diag logvar_q_mean=0.0000 logvar_q_clamp=0.0000 kappa_log10=6.5452
2026-08-30 02:20:12 | Epoch 233/400 | Train Loss 1.7776 Acc 0.9996 | Val Loss 5.9906 Acc 0.9786 AUC 0.9988 Pre 0.9784 Rec 0.9785
2026-08-30 02:20:12 | Diag logvar_q_mean=0.0000 logvar_q_clamp=0.0000 kappa_log10=5.6760
2026-08-30 02:20:16 | Epoch 234/400 | Train Loss 1.7335 Acc 0.9996 | Val Loss 5.8658 Acc 0.9800 AUC 0.9989 Pre 0.9797 Rec 0.9799
2026-08-30 02:20:16 | Diag logvar_q_mean=0.0000 logvar_q_clamp=0.0000 kappa_log10=7.7508
2026-08-30 02:20:19 | Epoch 235/400 | Train Loss 1.6878 Acc 0.9997 | Val Loss 5.8319 Acc 0.9784 AUC 0.9991 Pre 0.9781 Rec 0.9783
2026-08-30 02:20:20 | Diag logvar_q_mean=0.0000 logvar_q_clamp=0.0000 kappa_log10=5.6746
2026-08-30 02:20:23 | Epoch 236/400 | Train Loss 1.7313 Acc 0.9997 | Val Loss 5.7976 Acc 0.9801 AUC 0.9990 Pre 0.9799 Rec 0.9800
2026-08-30 02:20:24 | Diag logvar_q_mean=0.0000 logvar_q_clamp=0.0000 kappa_log10=6.2173
2026-08-30 02:20:27 | Epoch 237/400 | Train Loss 1.6938 Acc 0.9997 | Val Loss 5.8384 Acc 0.9799 AUC 0.9991 Pre 0.9797 Rec 0.9799
2026-08-30 02:20:28 | Diag logvar_q_mean=0.0000 logvar_q_clamp=0.0000 kappa_log10=6.5253
2026-08-30 02:20:31 | Epoch 238/400 | Train Loss 1.7011 Acc 0.9998 | Val Loss 5.9292 Acc 0.9790 AUC 0.9991 Pre 0.9789 Rec 0.9789
2026-08-30 02:20:32 | Diag logvar_q_mean=0.0000 logvar_q_clamp=0.0000 kappa_log10=6.6615
2026-08-30 02:20:35 | Epoch 239/400 | Train Loss 1.7008 Acc 0.9995 | Val Loss 5.7035 Acc 0.9794 AUC 0.9990 Pre 0.9793 Rec 0.9794
2026-08-30 02:20:35 | Diag logvar_q_mean=0.0000 logvar_q_clamp=0.0000 kappa_log10=6.2947
2026-08-30 02:20:39 | Epoch 240/400 | Train Loss 1.6504 Acc 0.9997 | Val Loss 6.1049 Acc 0.9782 AUC 0.9988 Pre 0.9780 Rec 0.9781
2026-08-30 02:20:39 | Diag logvar_q_mean=0.0000 logvar_q_clamp=0.0000 kappa_log10=6.1607
2026-08-30 02:20:42 | Epoch 241/400 | Train Loss 1.6766 Acc 0.9997 | Val Loss 5.8762 Acc 0.9787 AUC 0.9991 Pre 0.9785 Rec 0.9785
2026-08-30 02:20:43 | Diag logvar_q_mean=0.0000 logvar_q_clamp=0.0000 kappa_log10=5.7171
2026-08-30 02:20:46 | Epoch 242/400 | Train Loss 1.7234 Acc 0.9996 | Val Loss 5.9077 Acc 0.9808 AUC 0.9991 Pre 0.9806 Rec 0.9807
2026-08-30 02:20:47 | Diag logvar_q_mean=0.0000 logvar_q_clamp=0.0000 kappa_log10=6.5709
2026-08-30 02:20:50 | Epoch 243/400 | Train Loss 1.7654 Acc 0.9997 | Val Loss 5.9260 Acc 0.9794 AUC 0.9990 Pre 0.9791 Rec 0.9793
2026-08-30 02:20:50 | Diag logvar_q_mean=0.0000 logvar_q_clamp=0.0000 kappa_log10=7.2257
2026-08-30 02:20:54 | Epoch 244/400 | Train Loss 1.7059 Acc 0.9997 | Val Loss 6.0647 Acc 0.9776 AUC 0.9990 Pre 0.9773 Rec 0.9773
2026-08-30 02:20:54 | Diag logvar_q_mean=0.0000 logvar_q_clamp=0.0000 kappa_log10=6.1969
2026-08-30 02:20:58 | Epoch 245/400 | Train Loss 1.7161 Acc 0.9996 | Val Loss 5.8351 Acc 0.9799 AUC 0.9989 Pre 0.9797 Rec 0.9798
2026-08-30 02:20:58 | Diag logvar_q_mean=0.0000 logvar_q_clamp=0.0000 kappa_log10=6.5563
2026-08-30 02:21:01 | Epoch 246/400 | Train Loss 1.7170 Acc 0.9997 | Val Loss 5.9516 Acc 0.9794 AUC 0.9989 Pre 0.9792 Rec 0.9793
2026-08-30 02:21:02 | Diag logvar_q_mean=0.0000 logvar_q_clamp=0.0000 kappa_log10=6.1502
2026-08-30 02:21:05 | Epoch 247/400 | Train Loss 1.6746 Acc 0.9997 | Val Loss 6.1929 Acc 0.9793 AUC 0.9988 Pre 0.9791 Rec 0.9792
2026-08-30 02:21:06 | Diag logvar_q_mean=0.0000 logvar_q_clamp=0.0000 kappa_log10=5.9717
2026-08-30 02:21:09 | Epoch 248/400 | Train Loss 1.6892 Acc 0.9996 | Val Loss 6.1237 Acc 0.9786 AUC 0.9989 Pre 0.9783 Rec 0.9786
2026-08-30 02:21:09 | Diag logvar_q_mean=0.0000 logvar_q_clamp=0.0000 kappa_log10=6.5157
2026-08-30 02:21:13 | Epoch 249/400 | Train Loss 1.7134 Acc 0.9995 | Val Loss 5.7692 Acc 0.9805 AUC 0.9989 Pre 0.9803 Rec 0.9804
2026-08-30 02:21:13 | Diag logvar_q_mean=0.0000 logvar_q_clamp=0.0000 kappa_log10=6.1818
2026-08-30 02:21:16 | Epoch 250/400 | Train Loss 1.7611 Acc 0.9997 | Val Loss 6.1618 Acc 0.9794 AUC 0.9990 Pre 0.9792 Rec 0.9792
2026-08-30 02:21:17 | Diag logvar_q_mean=0.0000 logvar_q_clamp=0.0000 kappa_log10=6.1330
2026-08-30 02:21:20 | Epoch 251/400 | Train Loss 1.7159 Acc 0.9997 | Val Loss 5.9278 Acc 0.9793 AUC 0.9988 Pre 0.9791 Rec 0.9791
2026-08-30 02:21:21 | Diag logvar_q_mean=0.0000 logvar_q_clamp=0.0000 kappa_log10=5.6982
2026-08-30 02:21:24 | Epoch 252/400 | Train Loss 1.6739 Acc 0.9997 | Val Loss 5.9050 Acc 0.9792 AUC 0.9989 Pre 0.9789 Rec 0.9791
2026-08-30 02:21:25 | Diag logvar_q_mean=0.0000 logvar_q_clamp=0.0000 kappa_log10=6.4036
2026-08-30 02:21:28 | Epoch 253/400 | Train Loss 1.7045 Acc 0.9996 | Val Loss 6.0885 Acc 0.9791 AUC 0.9988 Pre 0.9788 Rec 0.9791
2026-08-30 02:21:28 | Diag logvar_q_mean=0.0000 logvar_q_clamp=0.0000 kappa_log10=6.0970
2026-08-30 02:21:32 | Epoch 254/400 | Train Loss 1.7004 Acc 0.9997 | Val Loss 5.9234 Acc 0.9795 AUC 0.9986 Pre 0.9792 Rec 0.9795
2026-08-30 02:21:32 | Diag logvar_q_mean=0.0000 logvar_q_clamp=0.0000 kappa_log10=6.3861
2026-08-30 02:21:36 | Epoch 255/400 | Train Loss 1.6438 Acc 0.9997 | Val Loss 5.8357 Acc 0.9807 AUC 0.9990 Pre 0.9805 Rec 0.9806
2026-08-30 02:21:36 | Diag logvar_q_mean=0.0000 logvar_q_clamp=0.0000 kappa_log10=5.8859
2026-08-30 02:21:39 | Epoch 256/400 | Train Loss 1.6504 Acc 0.9998 | Val Loss 6.1600 Acc 0.9796 AUC 0.9986 Pre 0.9793 Rec 0.9796
2026-08-30 02:21:40 | Diag logvar_q_mean=0.0000 logvar_q_clamp=0.0000 kappa_log10=6.2015
2026-08-30 02:21:43 | Epoch 257/400 | Train Loss 1.7268 Acc 0.9996 | Val Loss 6.0473 Acc 0.9784 AUC 0.9988 Pre 0.9780 Rec 0.9783
2026-08-30 02:21:44 | Diag logvar_q_mean=0.0000 logvar_q_clamp=0.0000 kappa_log10=5.9521
2026-08-30 02:21:47 | Epoch 258/400 | Train Loss 1.6788 Acc 0.9997 | Val Loss 6.1321 Acc 0.9786 AUC 0.9988 Pre 0.9784 Rec 0.9785
2026-08-30 02:21:47 | Diag logvar_q_mean=0.0000 logvar_q_clamp=0.0000 kappa_log10=6.7307
2026-08-30 02:21:51 | Epoch 259/400 | Train Loss 1.6939 Acc 0.9996 | Val Loss 6.1659 Acc 0.9795 AUC 0.9990 Pre 0.9793 Rec 0.9794
2026-08-30 02:21:51 | Diag logvar_q_mean=0.0000 logvar_q_clamp=0.0000 kappa_log10=6.1221
2026-08-30 02:21:55 | Epoch 260/400 | Train Loss 1.7090 Acc 0.9995 | Val Loss 5.9903 Acc 0.9794 AUC 0.9988 Pre 0.9792 Rec 0.9794
2026-08-30 02:21:55 | Diag logvar_q_mean=0.0000 logvar_q_clamp=0.0000 kappa_log10=6.3582
2026-08-30 02:21:59 | Epoch 261/400 | Train Loss 1.7198 Acc 0.9997 | Val Loss 6.3315 Acc 0.9788 AUC 0.9987 Pre 0.9787 Rec 0.9787
2026-08-30 02:21:59 | Diag logvar_q_mean=0.0000 logvar_q_clamp=0.0000 kappa_log10=5.8043
2026-08-30 02:22:03 | Epoch 262/400 | Train Loss 1.6731 Acc 0.9996 | Val Loss 6.0814 Acc 0.9789 AUC 0.9992 Pre 0.9788 Rec 0.9788
2026-08-30 02:22:03 | Diag logvar_q_mean=0.0000 logvar_q_clamp=0.0000 kappa_log10=7.7134
2026-08-30 02:22:06 | Epoch 263/400 | Train Loss 1.6999 Acc 0.9997 | Val Loss 6.0014 Acc 0.9795 AUC 0.9990 Pre 0.9793 Rec 0.9794
2026-08-30 02:22:07 | Diag logvar_q_mean=0.0000 logvar_q_clamp=0.0000 kappa_log10=7.4763
2026-08-30 02:22:10 | Epoch 264/400 | Train Loss 1.6564 Acc 0.9997 | Val Loss 6.0482 Acc 0.9795 AUC 0.9990 Pre 0.9792 Rec 0.9794
2026-08-30 02:22:11 | Diag logvar_q_mean=0.0000 logvar_q_clamp=0.0000 kappa_log10=6.2213
2026-08-30 02:22:14 | Epoch 265/400 | Train Loss 1.6950 Acc 0.9995 | Val Loss 6.2360 Acc 0.9782 AUC 0.9988 Pre 0.9780 Rec 0.9781
2026-08-30 02:22:15 | Diag logvar_q_mean=0.0000 logvar_q_clamp=0.0000 kappa_log10=5.6813
2026-08-30 02:22:18 | Epoch 266/400 | Train Loss 1.6968 Acc 0.9997 | Val Loss 6.2662 Acc 0.9781 AUC 0.9989 Pre 0.9779 Rec 0.9780
2026-08-30 02:22:19 | Diag logvar_q_mean=0.0000 logvar_q_clamp=0.0000 kappa_log10=5.6701
2026-08-30 02:22:22 | Epoch 267/400 | Train Loss 1.6971 Acc 0.9996 | Val Loss 6.1931 Acc 0.9777 AUC 0.9988 Pre 0.9775 Rec 0.9775
2026-08-30 02:22:23 | Diag logvar_q_mean=0.0000 logvar_q_clamp=0.0000 kappa_log10=6.0934
2026-08-30 02:22:26 | Epoch 268/400 | Train Loss 1.7487 Acc 0.9997 | Val Loss 6.3160 Acc 0.9791 AUC 0.9987 Pre 0.9790 Rec 0.9790
2026-08-30 02:22:26 | Diag logvar_q_mean=0.0000 logvar_q_clamp=0.0000 kappa_log10=5.7946
2026-08-30 02:22:30 | Epoch 269/400 | Train Loss 1.6934 Acc 0.9996 | Val Loss 6.1324 Acc 0.9789 AUC 0.9988 Pre 0.9788 Rec 0.9788
2026-08-30 02:22:30 | Diag logvar_q_mean=0.0000 logvar_q_clamp=0.0000 kappa_log10=6.5273
2026-08-30 02:22:33 | Epoch 270/400 | Train Loss 1.6749 Acc 0.9998 | Val Loss 5.9048 Acc 0.9801 AUC 0.9987 Pre 0.9799 Rec 0.9800
2026-08-30 02:22:34 | Diag logvar_q_mean=0.0000 logvar_q_clamp=0.0000 kappa_log10=7.4225
2026-08-30 02:22:37 | Epoch 271/400 | Train Loss 1.6956 Acc 0.9997 | Val Loss 6.1560 Acc 0.9789 AUC 0.9990 Pre 0.9787 Rec 0.9788
2026-08-30 02:22:38 | Diag logvar_q_mean=0.0000 logvar_q_clamp=0.0000 kappa_log10=7.1595
2026-08-30 02:22:41 | Epoch 272/400 | Train Loss 1.6570 Acc 0.9996 | Val Loss 6.0289 Acc 0.9797 AUC 0.9989 Pre 0.9795 Rec 0.9796
2026-08-30 02:22:42 | Diag logvar_q_mean=0.0000 logvar_q_clamp=0.0000 kappa_log10=5.9664
2026-08-30 02:22:45 | Epoch 273/400 | Train Loss 1.6650 Acc 0.9996 | Val Loss 6.0768 Acc 0.9797 AUC 0.9988 Pre 0.9797 Rec 0.9796
2026-08-30 02:22:45 | Diag logvar_q_mean=0.0000 logvar_q_clamp=0.0000 kappa_log10=6.2075
2026-08-30 02:22:49 | Epoch 274/400 | Train Loss 1.6893 Acc 0.9995 | Val Loss 6.1173 Acc 0.9793 AUC 0.9989 Pre 0.9792 Rec 0.9792
2026-08-30 02:22:49 | Diag logvar_q_mean=0.0000 logvar_q_clamp=0.0000 kappa_log10=7.0667
2026-08-30 02:22:53 | Epoch 275/400 | Train Loss 1.7036 Acc 0.9996 | Val Loss 6.0600 Acc 0.9788 AUC 0.9989 Pre 0.9788 Rec 0.9787
2026-08-30 02:22:53 | Diag logvar_q_mean=0.0000 logvar_q_clamp=0.0000 kappa_log10=6.5825
2026-08-30 02:22:56 | Epoch 276/400 | Train Loss 1.6654 Acc 0.9996 | Val Loss 5.9842 Acc 0.9791 AUC 0.9990 Pre 0.9790 Rec 0.9790
2026-08-30 02:22:57 | Diag logvar_q_mean=0.0000 logvar_q_clamp=0.0000 kappa_log10=5.7195
2026-08-30 02:23:00 | Epoch 277/400 | Train Loss 1.7289 Acc 0.9996 | Val Loss 6.2744 Acc 0.9783 AUC 0.9990 Pre 0.9781 Rec 0.9782
2026-08-30 02:23:01 | Diag logvar_q_mean=0.0000 logvar_q_clamp=0.0000 kappa_log10=6.1090
2026-08-30 02:23:04 | Epoch 278/400 | Train Loss 1.7227 Acc 0.9997 | Val Loss 6.0164 Acc 0.9785 AUC 0.9989 Pre 0.9783 Rec 0.9784
2026-08-30 02:23:04 | Diag logvar_q_mean=0.0000 logvar_q_clamp=0.0000 kappa_log10=6.4216
2026-08-30 02:23:08 | Epoch 279/400 | Train Loss 1.7115 Acc 0.9996 | Val Loss 6.0404 Acc 0.9787 AUC 0.9988 Pre 0.9786 Rec 0.9786
2026-08-30 02:23:08 | Diag logvar_q_mean=0.0000 logvar_q_clamp=0.0000 kappa_log10=5.8729
2026-08-30 02:23:12 | Epoch 280/400 | Train Loss 1.6697 Acc 0.9998 | Val Loss 5.9757 Acc 0.9796 AUC 0.9989 Pre 0.9794 Rec 0.9795
2026-08-30 02:23:12 | Diag logvar_q_mean=0.0000 logvar_q_clamp=0.0000 kappa_log10=6.7624
2026-08-30 02:23:15 | Epoch 281/400 | Train Loss 1.6590 Acc 0.9997 | Val Loss 5.9312 Acc 0.9797 AUC 0.9989 Pre 0.9796 Rec 0.9796
2026-08-30 02:23:16 | Diag logvar_q_mean=0.0000 logvar_q_clamp=0.0000 kappa_log10=6.5161
2026-08-30 02:23:19 | Epoch 282/400 | Train Loss 1.7344 Acc 0.9996 | Val Loss 6.1038 Acc 0.9787 AUC 0.9986 Pre 0.9786 Rec 0.9786
2026-08-30 02:23:20 | Diag logvar_q_mean=0.0000 logvar_q_clamp=0.0000 kappa_log10=6.1489
2026-08-30 02:23:23 | Epoch 283/400 | Train Loss 1.6741 Acc 0.9997 | Val Loss 6.1139 Acc 0.9790 AUC 0.9987 Pre 0.9789 Rec 0.9789
2026-08-30 02:23:23 | Diag logvar_q_mean=0.0000 logvar_q_clamp=0.0000 kappa_log10=5.7129
2026-08-30 02:23:27 | Epoch 284/400 | Train Loss 1.6122 Acc 0.9997 | Val Loss 6.1424 Acc 0.9792 AUC 0.9987 Pre 0.9791 Rec 0.9791
2026-08-30 02:23:27 | Diag logvar_q_mean=0.0000 logvar_q_clamp=0.0000 kappa_log10=6.8445
2026-08-30 02:23:31 | Epoch 285/400 | Train Loss 1.6356 Acc 0.9996 | Val Loss 6.0291 Acc 0.9796 AUC 0.9988 Pre 0.9796 Rec 0.9795
2026-08-30 02:23:31 | Diag logvar_q_mean=0.0000 logvar_q_clamp=0.0000 kappa_log10=6.0936
2026-08-30 02:23:34 | Epoch 286/400 | Train Loss 1.6572 Acc 0.9997 | Val Loss 6.0210 Acc 0.9791 AUC 0.9989 Pre 0.9791 Rec 0.9790
2026-08-30 02:23:35 | Diag logvar_q_mean=0.0000 logvar_q_clamp=0.0000 kappa_log10=5.7787
2026-08-30 02:23:38 | Epoch 287/400 | Train Loss 1.6439 Acc 0.9998 | Val Loss 5.8526 Acc 0.9802 AUC 0.9988 Pre 0.9801 Rec 0.9801
2026-08-30 02:23:39 | Diag logvar_q_mean=0.0000 logvar_q_clamp=0.0000 kappa_log10=6.0140
2026-08-30 02:23:42 | Epoch 288/400 | Train Loss 1.6226 Acc 0.9997 | Val Loss 6.0958 Acc 0.9801 AUC 0.9990 Pre 0.9800 Rec 0.9799
2026-08-30 02:23:42 | Diag logvar_q_mean=0.0000 logvar_q_clamp=0.0000 kappa_log10=6.2047
2026-08-30 02:23:46 | Epoch 289/400 | Train Loss 1.6381 Acc 0.9997 | Val Loss 5.8891 Acc 0.9790 AUC 0.9987 Pre 0.9789 Rec 0.9789
2026-08-30 02:23:46 | Diag logvar_q_mean=0.0000 logvar_q_clamp=0.0000 kappa_log10=5.7008
2026-08-30 02:23:50 | Epoch 290/400 | Train Loss 1.6308 Acc 0.9996 | Val Loss 6.1659 Acc 0.9795 AUC 0.9988 Pre 0.9794 Rec 0.9793
2026-08-30 02:23:50 | Diag logvar_q_mean=0.0000 logvar_q_clamp=0.0000 kappa_log10=6.2604
2026-08-30 02:23:53 | Epoch 291/400 | Train Loss 1.6428 Acc 0.9997 | Val Loss 6.1611 Acc 0.9794 AUC 0.9988 Pre 0.9793 Rec 0.9793
2026-08-30 02:23:54 | Diag logvar_q_mean=0.0000 logvar_q_clamp=0.0000 kappa_log10=6.1542
2026-08-30 02:23:57 | Epoch 292/400 | Train Loss 1.6101 Acc 0.9998 | Val Loss 5.8867 Acc 0.9800 AUC 0.9988 Pre 0.9800 Rec 0.9799
2026-08-30 02:23:58 | Diag logvar_q_mean=0.0000 logvar_q_clamp=0.0000 kappa_log10=6.5465
2026-08-30 02:24:01 | Epoch 293/400 | Train Loss 1.6501 Acc 0.9997 | Val Loss 6.0726 Acc 0.9799 AUC 0.9988 Pre 0.9797 Rec 0.9799
2026-08-30 02:24:02 | Diag logvar_q_mean=0.0000 logvar_q_clamp=0.0000 kappa_log10=6.3635
2026-08-30 02:24:05 | Epoch 294/400 | Train Loss 1.6415 Acc 0.9997 | Val Loss 6.1702 Acc 0.9794 AUC 0.9987 Pre 0.9793 Rec 0.9793
2026-08-30 02:24:05 | Diag logvar_q_mean=0.0000 logvar_q_clamp=0.0000 kappa_log10=6.0074
2026-08-30 02:24:09 | Epoch 295/400 | Train Loss 1.6859 Acc 0.9996 | Val Loss 6.2291 Acc 0.9790 AUC 0.9989 Pre 0.9789 Rec 0.9790
2026-08-30 02:24:09 | Diag logvar_q_mean=0.0000 logvar_q_clamp=0.0000 kappa_log10=6.5517
2026-08-30 02:24:13 | Epoch 296/400 | Train Loss 1.6815 Acc 0.9997 | Val Loss 6.1976 Acc 0.9794 AUC 0.9986 Pre 0.9793 Rec 0.9794
2026-08-30 02:24:13 | Diag logvar_q_mean=0.0000 logvar_q_clamp=0.0000 kappa_log10=6.2215
2026-08-30 02:24:16 | Epoch 297/400 | Train Loss 1.6954 Acc 0.9996 | Val Loss 6.3940 Acc 0.9783 AUC 0.9986 Pre 0.9782 Rec 0.9782
2026-08-30 02:24:17 | Diag logvar_q_mean=0.0000 logvar_q_clamp=0.0000 kappa_log10=7.0548
2026-08-30 02:24:20 | Epoch 298/400 | Train Loss 1.7048 Acc 0.9995 | Val Loss 6.2335 Acc 0.9789 AUC 0.9985 Pre 0.9788 Rec 0.9788
2026-08-30 02:24:21 | Diag logvar_q_mean=0.0000 logvar_q_clamp=0.0000 kappa_log10=6.0109
2026-08-30 02:24:24 | Epoch 299/400 | Train Loss 1.6283 Acc 0.9997 | Val Loss 5.8859 Acc 0.9801 AUC 0.9987 Pre 0.9801 Rec 0.9800
2026-08-30 02:24:25 | Diag logvar_q_mean=0.0000 logvar_q_clamp=0.0000 kappa_log10=6.3706
2026-08-30 02:24:28 | Epoch 300/400 | Train Loss 1.6057 Acc 0.9997 | Val Loss 6.1859 Acc 0.9789 AUC 0.9989 Pre 0.9788 Rec 0.9788
2026-08-30 02:24:29 | Diag logvar_q_mean=0.0000 logvar_q_clamp=0.0000 kappa_log10=6.2623
2026-08-30 02:24:32 | Epoch 301/400 | Train Loss 1.6314 Acc 0.9994 | Val Loss 5.8307 Acc 0.9790 AUC 0.9989 Pre 0.9789 Rec 0.9789
2026-08-30 02:24:32 | Diag logvar_q_mean=0.0000 logvar_q_clamp=0.0000 kappa_log10=6.7503
2026-08-30 02:24:36 | Epoch 302/400 | Train Loss 1.6689 Acc 0.9997 | Val Loss 6.3274 Acc 0.9788 AUC 0.9989 Pre 0.9787 Rec 0.9787
2026-08-30 02:24:36 | Diag logvar_q_mean=0.0000 logvar_q_clamp=0.0000 kappa_log10=5.7818
2026-08-30 02:24:39 | Epoch 303/400 | Train Loss 1.6776 Acc 0.9997 | Val Loss 5.8934 Acc 0.9791 AUC 0.9988 Pre 0.9791 Rec 0.9790
2026-08-30 02:24:40 | Diag logvar_q_mean=0.0000 logvar_q_clamp=0.0000 kappa_log10=6.1761
2026-08-30 02:24:43 | Epoch 304/400 | Train Loss 1.6455 Acc 0.9996 | Val Loss 6.0977 Acc 0.9790 AUC 0.9987 Pre 0.9790 Rec 0.9788
2026-08-30 02:24:43 | Diag logvar_q_mean=0.0000 logvar_q_clamp=0.0000 kappa_log10=7.4125
2026-08-30 02:24:47 | Epoch 305/400 | Train Loss 1.6519 Acc 0.9995 | Val Loss 5.8374 Acc 0.9796 AUC 0.9988 Pre 0.9795 Rec 0.9795
2026-08-30 02:24:47 | Diag logvar_q_mean=0.0000 logvar_q_clamp=0.0000 kappa_log10=6.5108
2026-08-30 02:24:51 | Epoch 306/400 | Train Loss 1.6468 Acc 0.9996 | Val Loss 6.1436 Acc 0.9797 AUC 0.9987 Pre 0.9795 Rec 0.9796
2026-08-30 02:24:51 | Diag logvar_q_mean=0.0000 logvar_q_clamp=0.0000 kappa_log10=6.0013
2026-08-30 02:24:54 | Epoch 307/400 | Train Loss 1.6712 Acc 0.9996 | Val Loss 6.0175 Acc 0.9795 AUC 0.9988 Pre 0.9794 Rec 0.9794
2026-08-30 02:24:55 | Diag logvar_q_mean=0.0000 logvar_q_clamp=0.0000 kappa_log10=6.7176
2026-08-30 02:24:58 | Epoch 308/400 | Train Loss 1.6441 Acc 0.9997 | Val Loss 5.9971 Acc 0.9796 AUC 0.9987 Pre 0.9795 Rec 0.9795
2026-08-30 02:24:59 | Diag logvar_q_mean=0.0000 logvar_q_clamp=0.0000 kappa_log10=6.5397
2026-08-30 02:25:02 | Epoch 309/400 | Train Loss 1.6996 Acc 0.9996 | Val Loss 5.9834 Acc 0.9794 AUC 0.9986 Pre 0.9794 Rec 0.9794
2026-08-30 02:25:02 | Diag logvar_q_mean=0.0000 logvar_q_clamp=0.0000 kappa_log10=7.5493
2026-08-30 02:25:06 | Epoch 310/400 | Train Loss 1.6345 Acc 0.9997 | Val Loss 6.1156 Acc 0.9792 AUC 0.9987 Pre 0.9791 Rec 0.9792
2026-08-30 02:25:06 | Diag logvar_q_mean=0.0000 logvar_q_clamp=0.0000 kappa_log10=5.7834
2026-08-30 02:25:10 | Epoch 311/400 | Train Loss 1.5730 Acc 0.9998 | Val Loss 5.9549 Acc 0.9795 AUC 0.9987 Pre 0.9795 Rec 0.9793
2026-08-30 02:25:10 | Diag logvar_q_mean=0.0000 logvar_q_clamp=0.0000 kappa_log10=5.8181
2026-08-30 02:25:13 | Epoch 312/400 | Train Loss 1.6510 Acc 0.9997 | Val Loss 5.9130 Acc 0.9794 AUC 0.9988 Pre 0.9792 Rec 0.9792
2026-08-30 02:25:14 | Diag logvar_q_mean=0.0000 logvar_q_clamp=0.0000 kappa_log10=5.9343
2026-08-30 02:25:17 | Epoch 313/400 | Train Loss 1.6264 Acc 0.9997 | Val Loss 6.0040 Acc 0.9796 AUC 0.9988 Pre 0.9795 Rec 0.9795
2026-08-30 02:25:18 | Diag logvar_q_mean=0.0000 logvar_q_clamp=0.0000 kappa_log10=6.8169
2026-08-30 02:25:21 | Epoch 314/400 | Train Loss 1.5869 Acc 0.9998 | Val Loss 6.4019 Acc 0.9786 AUC 0.9985 Pre 0.9786 Rec 0.9785
2026-08-30 02:25:21 | Diag logvar_q_mean=0.0000 logvar_q_clamp=0.0000 kappa_log10=6.3223
2026-08-30 02:25:25 | Epoch 315/400 | Train Loss 1.6265 Acc 0.9997 | Val Loss 6.1259 Acc 0.9796 AUC 0.9987 Pre 0.9795 Rec 0.9795
2026-08-30 02:25:25 | Diag logvar_q_mean=0.0000 logvar_q_clamp=0.0000 kappa_log10=6.8419
2026-08-30 02:25:29 | Epoch 316/400 | Train Loss 1.6261 Acc 0.9997 | Val Loss 5.9884 Acc 0.9795 AUC 0.9987 Pre 0.9795 Rec 0.9795
2026-08-30 02:25:29 | Diag logvar_q_mean=0.0000 logvar_q_clamp=0.0000 kappa_log10=6.1807
2026-08-30 02:25:32 | Epoch 317/400 | Train Loss 1.6598 Acc 0.9997 | Val Loss 6.2852 Acc 0.9781 AUC 0.9987 Pre 0.9781 Rec 0.9781
2026-08-30 02:25:33 | Diag logvar_q_mean=0.0000 logvar_q_clamp=0.0000 kappa_log10=6.0974
2026-08-30 02:25:36 | Epoch 318/400 | Train Loss 1.6592 Acc 0.9995 | Val Loss 6.1024 Acc 0.9799 AUC 0.9987 Pre 0.9799 Rec 0.9797
2026-08-30 02:25:37 | Diag logvar_q_mean=0.0000 logvar_q_clamp=0.0000 kappa_log10=5.8425
2026-08-30 02:25:40 | Epoch 319/400 | Train Loss 1.7216 Acc 0.9994 | Val Loss 6.1235 Acc 0.9785 AUC 0.9987 Pre 0.9785 Rec 0.9784
2026-08-30 02:25:41 | Diag logvar_q_mean=0.0000 logvar_q_clamp=0.0000 kappa_log10=5.8298
2026-08-30 02:25:44 | Epoch 320/400 | Train Loss 1.6403 Acc 0.9996 | Val Loss 6.4220 Acc 0.9789 AUC 0.9988 Pre 0.9789 Rec 0.9788
2026-08-30 02:25:45 | Diag logvar_q_mean=0.0000 logvar_q_clamp=0.0000 kappa_log10=6.4688
2026-08-30 02:25:48 | Epoch 321/400 | Train Loss 1.6620 Acc 0.9996 | Val Loss 6.3515 Acc 0.9782 AUC 0.9985 Pre 0.9782 Rec 0.9781
2026-08-30 02:25:49 | Diag logvar_q_mean=0.0000 logvar_q_clamp=0.0000 kappa_log10=6.3412
2026-08-30 02:25:52 | Epoch 322/400 | Train Loss 1.6651 Acc 0.9996 | Val Loss 6.1115 Acc 0.9785 AUC 0.9986 Pre 0.9785 Rec 0.9784
2026-08-30 02:25:52 | Diag logvar_q_mean=0.0000 logvar_q_clamp=0.0000 kappa_log10=6.3364
2026-08-30 02:25:56 | Epoch 323/400 | Train Loss 1.6490 Acc 0.9997 | Val Loss 6.3119 Acc 0.9788 AUC 0.9986 Pre 0.9788 Rec 0.9788
2026-08-30 02:25:56 | Diag logvar_q_mean=0.0000 logvar_q_clamp=0.0000 kappa_log10=7.0408
2026-08-30 02:26:00 | Epoch 324/400 | Train Loss 1.6601 Acc 0.9996 | Val Loss 6.4583 Acc 0.9783 AUC 0.9986 Pre 0.9782 Rec 0.9782
2026-08-30 02:26:00 | Diag logvar_q_mean=0.0000 logvar_q_clamp=0.0000 kappa_log10=5.9238
2026-08-30 02:26:04 | Epoch 325/400 | Train Loss 1.6596 Acc 0.9997 | Val Loss 6.2349 Acc 0.9784 AUC 0.9989 Pre 0.9784 Rec 0.9783
2026-08-30 02:26:04 | Diag logvar_q_mean=0.0000 logvar_q_clamp=0.0000 kappa_log10=5.8502
2026-08-30 02:26:07 | Epoch 326/400 | Train Loss 1.6964 Acc 0.9996 | Val Loss 6.2788 Acc 0.9783 AUC 0.9988 Pre 0.9783 Rec 0.9782
2026-08-30 02:26:08 | Diag logvar_q_mean=0.0000 logvar_q_clamp=0.0000 kappa_log10=6.8167
2026-08-30 02:26:11 | Epoch 327/400 | Train Loss 1.6742 Acc 0.9997 | Val Loss 6.1741 Acc 0.9784 AUC 0.9988 Pre 0.9783 Rec 0.9782
2026-08-30 02:26:12 | Diag logvar_q_mean=0.0000 logvar_q_clamp=0.0000 kappa_log10=6.7872
2026-08-30 02:26:15 | Epoch 328/400 | Train Loss 1.6280 Acc 0.9998 | Val Loss 6.2915 Acc 0.9794 AUC 0.9987 Pre 0.9794 Rec 0.9793
2026-08-30 02:26:16 | Diag logvar_q_mean=0.0000 logvar_q_clamp=0.0000 kappa_log10=5.9327
2026-08-30 02:26:19 | Epoch 329/400 | Train Loss 1.6208 Acc 0.9996 | Val Loss 6.2056 Acc 0.9785 AUC 0.9987 Pre 0.9785 Rec 0.9784
2026-08-30 02:26:19 | Diag logvar_q_mean=0.0000 logvar_q_clamp=0.0000 kappa_log10=6.3737
2026-08-30 02:26:23 | Epoch 330/400 | Train Loss 1.6025 Acc 0.9996 | Val Loss 6.2035 Acc 0.9790 AUC 0.9987 Pre 0.9790 Rec 0.9789
2026-08-30 02:26:23 | Diag logvar_q_mean=0.0000 logvar_q_clamp=0.0000 kappa_log10=6.9087
2026-08-30 02:26:27 | Epoch 331/400 | Train Loss 1.6501 Acc 0.9996 | Val Loss 6.1316 Acc 0.9789 AUC 0.9988 Pre 0.9789 Rec 0.9788
2026-08-30 02:26:27 | Diag logvar_q_mean=0.0000 logvar_q_clamp=0.0000 kappa_log10=5.9443
2026-08-30 02:26:31 | Epoch 332/400 | Train Loss 1.6205 Acc 0.9997 | Val Loss 6.2943 Acc 0.9787 AUC 0.9984 Pre 0.9785 Rec 0.9786
2026-08-30 02:26:31 | Diag logvar_q_mean=0.0000 logvar_q_clamp=0.0000 kappa_log10=5.7710
2026-08-30 02:26:34 | Epoch 333/400 | Train Loss 1.6152 Acc 0.9998 | Val Loss 6.1337 Acc 0.9788 AUC 0.9985 Pre 0.9785 Rec 0.9787
2026-08-30 02:26:35 | Diag logvar_q_mean=0.0000 logvar_q_clamp=0.0000 kappa_log10=5.8879
2026-08-30 02:26:38 | Epoch 334/400 | Train Loss 1.5757 Acc 0.9998 | Val Loss 6.1272 Acc 0.9778 AUC 0.9984 Pre 0.9777 Rec 0.9776
2026-08-30 02:26:39 | Diag logvar_q_mean=0.0000 logvar_q_clamp=0.0000 kappa_log10=5.7517
2026-08-30 02:26:42 | Epoch 335/400 | Train Loss 1.6180 Acc 0.9997 | Val Loss 6.1295 Acc 0.9796 AUC 0.9985 Pre 0.9795 Rec 0.9795
2026-08-30 02:26:42 | Diag logvar_q_mean=0.0000 logvar_q_clamp=0.0000 kappa_log10=6.0726
2026-08-30 02:26:46 | Epoch 336/400 | Train Loss 1.5808 Acc 0.9997 | Val Loss 6.1999 Acc 0.9781 AUC 0.9985 Pre 0.9781 Rec 0.9778
2026-08-30 02:26:46 | Diag logvar_q_mean=0.0000 logvar_q_clamp=0.0000 kappa_log10=7.1670
2026-08-30 02:26:49 | Epoch 337/400 | Train Loss 1.6026 Acc 0.9997 | Val Loss 6.2872 Acc 0.9769 AUC 0.9987 Pre 0.9769 Rec 0.9767
2026-08-30 02:26:50 | Diag logvar_q_mean=0.0000 logvar_q_clamp=0.0000 kappa_log10=6.1988
2026-08-30 02:26:53 | Epoch 338/400 | Train Loss 1.6452 Acc 0.9997 | Val Loss 6.4656 Acc 0.9770 AUC 0.9985 Pre 0.9771 Rec 0.9768
2026-08-30 02:26:54 | Diag logvar_q_mean=0.0000 logvar_q_clamp=0.0000 kappa_log10=6.6831
2026-08-30 02:26:57 | Epoch 339/400 | Train Loss 1.6875 Acc 0.9994 | Val Loss 6.4457 Acc 0.9785 AUC 0.9983 Pre 0.9785 Rec 0.9785
2026-08-30 02:26:57 | Diag logvar_q_mean=0.0000 logvar_q_clamp=0.0000 kappa_log10=6.3515
2026-08-30 02:27:01 | Epoch 340/400 | Train Loss 1.6812 Acc 0.9994 | Val Loss 6.1763 Acc 0.9788 AUC 0.9987 Pre 0.9788 Rec 0.9787
2026-08-30 02:27:01 | Diag logvar_q_mean=0.0000 logvar_q_clamp=0.0000 kappa_log10=6.0678
2026-08-30 02:27:05 | Epoch 341/400 | Train Loss 1.5969 Acc 0.9997 | Val Loss 6.2977 Acc 0.9778 AUC 0.9985 Pre 0.9777 Rec 0.9778
2026-08-30 02:27:05 | Diag logvar_q_mean=0.0000 logvar_q_clamp=0.0000 kappa_log10=5.9934
2026-08-30 02:27:08 | Epoch 342/400 | Train Loss 1.6126 Acc 0.9997 | Val Loss 6.3019 Acc 0.9789 AUC 0.9985 Pre 0.9790 Rec 0.9788
2026-08-30 02:27:09 | Diag logvar_q_mean=0.0000 logvar_q_clamp=0.0000 kappa_log10=5.9876
2026-08-30 02:27:12 | Epoch 343/400 | Train Loss 1.6299 Acc 0.9997 | Val Loss 6.0318 Acc 0.9790 AUC 0.9986 Pre 0.9790 Rec 0.9789
2026-08-30 02:27:13 | Diag logvar_q_mean=0.0000 logvar_q_clamp=0.0000 kappa_log10=6.0840
2026-08-30 02:27:16 | Epoch 344/400 | Train Loss 1.5793 Acc 0.9998 | Val Loss 6.2925 Acc 0.9784 AUC 0.9984 Pre 0.9783 Rec 0.9784
2026-08-30 02:27:16 | Diag logvar_q_mean=0.0000 logvar_q_clamp=0.0000 kappa_log10=6.4188
2026-08-30 02:27:20 | Epoch 345/400 | Train Loss 1.5535 Acc 0.9999 | Val Loss 6.3134 Acc 0.9786 AUC 0.9985 Pre 0.9787 Rec 0.9784
2026-08-30 02:27:20 | Diag logvar_q_mean=0.0000 logvar_q_clamp=0.0000 kappa_log10=5.9401
2026-08-30 02:27:23 | Epoch 346/400 | Train Loss 1.6304 Acc 0.9996 | Val Loss 6.0588 Acc 0.9794 AUC 0.9986 Pre 0.9794 Rec 0.9792
2026-08-30 02:27:24 | Diag logvar_q_mean=0.0000 logvar_q_clamp=0.0000 kappa_log10=6.2820
2026-08-30 02:27:27 | Epoch 347/400 | Train Loss 1.6414 Acc 0.9996 | Val Loss 6.0979 Acc 0.9790 AUC 0.9988 Pre 0.9790 Rec 0.9789
2026-08-30 02:27:28 | Diag logvar_q_mean=0.0000 logvar_q_clamp=0.0000 kappa_log10=5.9826
2026-08-30 02:27:31 | Epoch 348/400 | Train Loss 1.5997 Acc 0.9996 | Val Loss 6.2693 Acc 0.9793 AUC 0.9987 Pre 0.9793 Rec 0.9791
2026-08-30 02:27:31 | Diag logvar_q_mean=0.0000 logvar_q_clamp=0.0000 kappa_log10=5.7540
2026-08-30 02:27:35 | Epoch 349/400 | Train Loss 1.6081 Acc 0.9997 | Val Loss 6.3579 Acc 0.9771 AUC 0.9988 Pre 0.9771 Rec 0.9770
2026-08-30 02:27:35 | Diag logvar_q_mean=0.0000 logvar_q_clamp=0.0000 kappa_log10=7.3118
2026-08-30 02:27:39 | Epoch 350/400 | Train Loss 1.6883 Acc 0.9997 | Val Loss 6.3523 Acc 0.9793 AUC 0.9987 Pre 0.9795 Rec 0.9791
2026-08-30 02:27:39 | Diag logvar_q_mean=0.0000 logvar_q_clamp=0.0000 kappa_log10=6.0803
2026-08-30 02:27:42 | Epoch 351/400 | Train Loss 1.6015 Acc 0.9998 | Val Loss 6.3326 Acc 0.9785 AUC 0.9984 Pre 0.9784 Rec 0.9784
2026-08-30 02:27:43 | Diag logvar_q_mean=0.0000 logvar_q_clamp=0.0000 kappa_log10=5.7372
2026-08-30 02:27:46 | Epoch 352/400 | Train Loss 1.6279 Acc 0.9996 | Val Loss 6.4954 Acc 0.9773 AUC 0.9984 Pre 0.9773 Rec 0.9771
2026-08-30 02:27:47 | Diag logvar_q_mean=0.0000 logvar_q_clamp=0.0000 kappa_log10=6.0864
2026-08-30 02:27:50 | Epoch 353/400 | Train Loss 1.6541 Acc 0.9996 | Val Loss 6.4035 Acc 0.9786 AUC 0.9985 Pre 0.9787 Rec 0.9785
2026-08-30 02:27:51 | Diag logvar_q_mean=0.0000 logvar_q_clamp=0.0000 kappa_log10=5.5959
2026-08-30 02:27:54 | Epoch 354/400 | Train Loss 1.6335 Acc 0.9996 | Val Loss 6.3358 Acc 0.9778 AUC 0.9983 Pre 0.9779 Rec 0.9777
2026-08-30 02:27:54 | Diag logvar_q_mean=0.0000 logvar_q_clamp=0.0000 kappa_log10=6.1065
2026-08-30 02:27:58 | Epoch 355/400 | Train Loss 1.5865 Acc 0.9998 | Val Loss 6.4277 Acc 0.9783 AUC 0.9986 Pre 0.9783 Rec 0.9782
2026-08-30 02:27:58 | Diag logvar_q_mean=0.0000 logvar_q_clamp=0.0000 kappa_log10=5.8708
2026-08-30 02:28:01 | Epoch 356/400 | Train Loss 1.6207 Acc 0.9996 | Val Loss 6.3273 Acc 0.9789 AUC 0.9987 Pre 0.9789 Rec 0.9788
2026-08-30 02:28:02 | Diag logvar_q_mean=0.0000 logvar_q_clamp=0.0000 kappa_log10=6.2321
2026-08-30 02:28:05 | Epoch 357/400 | Train Loss 1.6283 Acc 0.9996 | Val Loss 6.2142 Acc 0.9787 AUC 0.9985 Pre 0.9787 Rec 0.9786
2026-08-30 02:28:06 | Diag logvar_q_mean=0.0000 logvar_q_clamp=0.0000 kappa_log10=6.5012
2026-08-30 02:28:09 | Epoch 358/400 | Train Loss 1.6200 Acc 0.9997 | Val Loss 6.1147 Acc 0.9790 AUC 0.9984 Pre 0.9792 Rec 0.9790
2026-08-30 02:28:10 | Diag logvar_q_mean=0.0000 logvar_q_clamp=0.0000 kappa_log10=6.4156
2026-08-30 02:28:13 | Epoch 359/400 | Train Loss 1.6355 Acc 0.9998 | Val Loss 6.0943 Acc 0.9789 AUC 0.9986 Pre 0.9790 Rec 0.9788
2026-08-30 02:28:13 | Diag logvar_q_mean=0.0000 logvar_q_clamp=0.0000 kappa_log10=7.4450
2026-08-30 02:28:17 | Epoch 360/400 | Train Loss 1.6212 Acc 0.9997 | Val Loss 6.2977 Acc 0.9785 AUC 0.9985 Pre 0.9785 Rec 0.9783
2026-08-30 02:28:17 | Diag logvar_q_mean=0.0000 logvar_q_clamp=0.0000 kappa_log10=6.0570
2026-08-30 02:28:20 | Epoch 361/400 | Train Loss 1.6183 Acc 0.9996 | Val Loss 6.0629 Acc 0.9784 AUC 0.9989 Pre 0.9784 Rec 0.9782
2026-08-30 02:28:21 | Diag logvar_q_mean=0.0000 logvar_q_clamp=0.0000 kappa_log10=6.2397
2026-08-30 02:28:24 | Epoch 362/400 | Train Loss 1.6566 Acc 0.9997 | Val Loss 6.4079 Acc 0.9780 AUC 0.9986 Pre 0.9780 Rec 0.9779
2026-08-30 02:28:25 | Diag logvar_q_mean=0.0000 logvar_q_clamp=0.0000 kappa_log10=6.6933
2026-08-30 02:28:28 | Epoch 363/400 | Train Loss 1.6007 Acc 0.9997 | Val Loss 6.1897 Acc 0.9792 AUC 0.9987 Pre 0.9792 Rec 0.9791
2026-08-30 02:28:29 | Diag logvar_q_mean=0.0000 logvar_q_clamp=0.0000 kappa_log10=6.1509
2026-08-30 02:28:32 | Epoch 364/400 | Train Loss 1.6631 Acc 0.9996 | Val Loss 6.5204 Acc 0.9779 AUC 0.9986 Pre 0.9781 Rec 0.9778
2026-08-30 02:28:32 | Diag logvar_q_mean=0.0000 logvar_q_clamp=0.0000 kappa_log10=6.8457
2026-08-30 02:28:36 | Epoch 365/400 | Train Loss 1.6306 Acc 0.9996 | Val Loss 6.1233 Acc 0.9792 AUC 0.9988 Pre 0.9794 Rec 0.9792
2026-08-30 02:28:36 | Diag logvar_q_mean=0.0000 logvar_q_clamp=0.0000 kappa_log10=6.2162
2026-08-30 02:28:39 | Epoch 366/400 | Train Loss 1.6030 Acc 0.9996 | Val Loss 6.3052 Acc 0.9786 AUC 0.9985 Pre 0.9786 Rec 0.9786
2026-08-30 02:28:40 | Diag logvar_q_mean=0.0000 logvar_q_clamp=0.0000 kappa_log10=5.9992
2026-08-30 02:28:43 | Epoch 367/400 | Train Loss 1.5840 Acc 0.9997 | Val Loss 6.1727 Acc 0.9796 AUC 0.9987 Pre 0.9797 Rec 0.9795
2026-08-30 02:28:44 | Diag logvar_q_mean=0.0000 logvar_q_clamp=0.0000 kappa_log10=6.4835
2026-08-30 02:28:47 | Epoch 368/400 | Train Loss 1.6015 Acc 0.9997 | Val Loss 6.3691 Acc 0.9780 AUC 0.9986 Pre 0.9780 Rec 0.9778
2026-08-30 02:28:48 | Diag logvar_q_mean=0.0000 logvar_q_clamp=0.0000 kappa_log10=6.7442
2026-08-30 02:28:51 | Epoch 369/400 | Train Loss 1.5804 Acc 0.9997 | Val Loss 6.1886 Acc 0.9788 AUC 0.9988 Pre 0.9789 Rec 0.9787
2026-08-30 02:28:51 | Diag logvar_q_mean=0.0000 logvar_q_clamp=0.0000 kappa_log10=5.9171
2026-08-30 02:28:55 | Epoch 370/400 | Train Loss 1.6135 Acc 0.9996 | Val Loss 6.2465 Acc 0.9787 AUC 0.9986 Pre 0.9789 Rec 0.9786
2026-08-30 02:28:55 | Diag logvar_q_mean=0.0000 logvar_q_clamp=0.0000 kappa_log10=5.9056
2026-08-30 02:28:59 | Epoch 371/400 | Train Loss 1.6051 Acc 0.9997 | Val Loss 6.3336 Acc 0.9781 AUC 0.9985 Pre 0.9783 Rec 0.9781
2026-08-30 02:28:59 | Diag logvar_q_mean=0.0000 logvar_q_clamp=0.0000 kappa_log10=5.8066
2026-08-30 02:29:02 | Epoch 372/400 | Train Loss 1.5656 Acc 0.9997 | Val Loss 6.2227 Acc 0.9780 AUC 0.9988 Pre 0.9780 Rec 0.9779
2026-08-30 02:29:03 | Diag logvar_q_mean=0.0000 logvar_q_clamp=0.0000 kappa_log10=6.8087
2026-08-30 02:29:06 | Epoch 373/400 | Train Loss 1.6023 Acc 0.9997 | Val Loss 6.2848 Acc 0.9780 AUC 0.9987 Pre 0.9782 Rec 0.9779
2026-08-30 02:29:07 | Diag logvar_q_mean=0.0000 logvar_q_clamp=0.0000 kappa_log10=5.7554
2026-08-30 02:29:10 | Epoch 374/400 | Train Loss 1.5904 Acc 0.9996 | Val Loss 6.3828 Acc 0.9792 AUC 0.9988 Pre 0.9793 Rec 0.9790
2026-08-30 02:29:11 | Diag logvar_q_mean=0.0000 logvar_q_clamp=0.0000 kappa_log10=5.8009
2026-08-30 02:29:14 | Epoch 375/400 | Train Loss 1.6292 Acc 0.9997 | Val Loss 6.1997 Acc 0.9798 AUC 0.9986 Pre 0.9798 Rec 0.9797
2026-08-30 02:29:14 | Diag logvar_q_mean=0.0000 logvar_q_clamp=0.0000 kappa_log10=6.5756
2026-08-30 02:29:18 | Epoch 376/400 | Train Loss 1.5790 Acc 0.9997 | Val Loss 6.3163 Acc 0.9796 AUC 0.9986 Pre 0.9796 Rec 0.9795
2026-08-30 02:29:18 | Diag logvar_q_mean=0.0000 logvar_q_clamp=0.0000 kappa_log10=6.2012
2026-08-30 02:29:21 | Epoch 377/400 | Train Loss 1.6514 Acc 0.9995 | Val Loss 6.1703 Acc 0.9804 AUC 0.9987 Pre 0.9806 Rec 0.9803
2026-08-30 02:29:22 | Diag logvar_q_mean=0.0000 logvar_q_clamp=0.0000 kappa_log10=5.8967
2026-08-30 02:29:25 | Epoch 378/400 | Train Loss 1.6337 Acc 0.9995 | Val Loss 6.1659 Acc 0.9787 AUC 0.9988 Pre 0.9789 Rec 0.9785
2026-08-30 02:29:26 | Diag logvar_q_mean=0.0000 logvar_q_clamp=0.0000 kappa_log10=6.7321
2026-08-30 02:29:29 | Epoch 379/400 | Train Loss 1.6427 Acc 0.9997 | Val Loss 6.4018 Acc 0.9779 AUC 0.9986 Pre 0.9780 Rec 0.9777
2026-08-30 02:29:30 | Diag logvar_q_mean=0.0000 logvar_q_clamp=0.0000 kappa_log10=6.1841
2026-08-30 02:29:33 | Epoch 380/400 | Train Loss 1.6176 Acc 0.9997 | Val Loss 6.3170 Acc 0.9775 AUC 0.9986 Pre 0.9775 Rec 0.9773
2026-08-30 02:29:34 | Diag logvar_q_mean=0.0000 logvar_q_clamp=0.0000 kappa_log10=5.9895
2026-08-30 02:29:37 | Epoch 381/400 | Train Loss 1.6333 Acc 0.9995 | Val Loss 6.2327 Acc 0.9779 AUC 0.9986 Pre 0.9781 Rec 0.9778
2026-08-30 02:29:37 | Diag logvar_q_mean=0.0000 logvar_q_clamp=0.0000 kappa_log10=6.2005
2026-08-30 02:29:41 | Epoch 382/400 | Train Loss 1.6401 Acc 0.9996 | Val Loss 6.3054 Acc 0.9778 AUC 0.9985 Pre 0.9779 Rec 0.9777
2026-08-30 02:29:41 | Diag logvar_q_mean=0.0000 logvar_q_clamp=0.0000 kappa_log10=5.8747
2026-08-30 02:29:44 | Epoch 383/400 | Train Loss 1.6097 Acc 0.9997 | Val Loss 6.1873 Acc 0.9786 AUC 0.9986 Pre 0.9788 Rec 0.9785
2026-08-30 02:29:45 | Diag logvar_q_mean=0.0000 logvar_q_clamp=0.0000 kappa_log10=6.1525
2026-08-30 02:29:48 | Epoch 384/400 | Train Loss 1.6132 Acc 0.9997 | Val Loss 6.2647 Acc 0.9788 AUC 0.9988 Pre 0.9790 Rec 0.9786
2026-08-30 02:29:49 | Diag logvar_q_mean=0.0000 logvar_q_clamp=0.0000 kappa_log10=6.2239
2026-08-30 02:29:52 | Epoch 385/400 | Train Loss 1.5803 Acc 0.9997 | Val Loss 6.1838 Acc 0.9794 AUC 0.9983 Pre 0.9795 Rec 0.9792
2026-08-30 02:29:53 | Diag logvar_q_mean=0.0000 logvar_q_clamp=0.0000 kappa_log10=7.0182
2026-08-30 02:29:56 | Epoch 386/400 | Train Loss 1.5806 Acc 0.9998 | Val Loss 6.4391 Acc 0.9788 AUC 0.9984 Pre 0.9789 Rec 0.9786
2026-08-30 02:29:56 | Diag logvar_q_mean=0.0000 logvar_q_clamp=0.0000 kappa_log10=6.4170
2026-08-30 02:30:00 | Epoch 387/400 | Train Loss 1.5949 Acc 0.9998 | Val Loss 6.1274 Acc 0.9796 AUC 0.9987 Pre 0.9797 Rec 0.9794
2026-08-30 02:30:00 | Diag logvar_q_mean=0.0000 logvar_q_clamp=0.0000 kappa_log10=5.9442
2026-08-30 02:30:03 | Epoch 388/400 | Train Loss 1.5853 Acc 0.9998 | Val Loss 6.3308 Acc 0.9785 AUC 0.9986 Pre 0.9785 Rec 0.9784
2026-08-30 02:30:04 | Diag logvar_q_mean=0.0000 logvar_q_clamp=0.0000 kappa_log10=5.6846
2026-08-30 02:30:07 | Epoch 389/400 | Train Loss 1.5722 Acc 0.9997 | Val Loss 6.1298 Acc 0.9796 AUC 0.9986 Pre 0.9797 Rec 0.9795
2026-08-30 02:30:08 | Diag logvar_q_mean=0.0000 logvar_q_clamp=0.0000 kappa_log10=6.0448
2026-08-30 02:30:11 | Epoch 390/400 | Train Loss 1.5864 Acc 0.9996 | Val Loss 6.2673 Acc 0.9787 AUC 0.9986 Pre 0.9788 Rec 0.9786
2026-08-30 02:30:12 | Diag logvar_q_mean=0.0000 logvar_q_clamp=0.0000 kappa_log10=7.3276
2026-08-30 02:30:15 | Epoch 391/400 | Train Loss 1.5663 Acc 0.9997 | Val Loss 6.1862 Acc 0.9786 AUC 0.9986 Pre 0.9787 Rec 0.9785
2026-08-30 02:30:15 | Diag logvar_q_mean=0.0000 logvar_q_clamp=0.0000 kappa_log10=6.2346
2026-08-30 02:30:19 | Epoch 392/400 | Train Loss 1.5858 Acc 0.9996 | Val Loss 6.4494 Acc 0.9785 AUC 0.9987 Pre 0.9787 Rec 0.9783
2026-08-30 02:30:19 | Diag logvar_q_mean=0.0000 logvar_q_clamp=0.0000 kappa_log10=6.1401
2026-08-30 02:30:22 | Epoch 393/400 | Train Loss 1.6138 Acc 0.9997 | Val Loss 6.4016 Acc 0.9767 AUC 0.9984 Pre 0.9769 Rec 0.9765
2026-08-30 02:30:23 | Diag logvar_q_mean=0.0000 logvar_q_clamp=0.0000 kappa_log10=6.3294
2026-08-30 02:30:26 | Epoch 394/400 | Train Loss 1.6139 Acc 0.9997 | Val Loss 6.4538 Acc 0.9772 AUC 0.9986 Pre 0.9774 Rec 0.9770
2026-08-30 02:30:27 | Diag logvar_q_mean=0.0000 logvar_q_clamp=0.0000 kappa_log10=5.7287
2026-08-30 02:30:30 | Epoch 395/400 | Train Loss 1.5780 Acc 0.9997 | Val Loss 6.3828 Acc 0.9774 AUC 0.9985 Pre 0.9775 Rec 0.9773
2026-08-30 02:30:30 | Diag logvar_q_mean=0.0000 logvar_q_clamp=0.0000 kappa_log10=6.2024
2026-08-30 02:30:34 | Epoch 396/400 | Train Loss 1.5790 Acc 0.9997 | Val Loss 6.5474 Acc 0.9777 AUC 0.9986 Pre 0.9778 Rec 0.9775
2026-08-30 02:30:34 | Diag logvar_q_mean=0.0000 logvar_q_clamp=0.0000 kappa_log10=5.7885
2026-08-30 02:30:37 | Epoch 397/400 | Train Loss 1.6442 Acc 0.9996 | Val Loss 6.1989 Acc 0.9783 AUC 0.9987 Pre 0.9784 Rec 0.9782
2026-08-30 02:30:38 | Diag logvar_q_mean=0.0000 logvar_q_clamp=0.0000 kappa_log10=6.7882
2026-08-30 02:30:41 | Epoch 398/400 | Train Loss 1.6168 Acc 0.9996 | Val Loss 6.3039 Acc 0.9766 AUC 0.9987 Pre 0.9768 Rec 0.9764
2026-08-30 02:30:42 | Diag logvar_q_mean=0.0000 logvar_q_clamp=0.0000 kappa_log10=6.3775
2026-08-30 02:30:45 | Epoch 399/400 | Train Loss 1.5961 Acc 0.9996 | Val Loss 6.3671 Acc 0.9772 AUC 0.9986 Pre 0.9773 Rec 0.9770
2026-08-30 02:30:46 | Diag logvar_q_mean=0.0000 logvar_q_clamp=0.0000 kappa_log10=5.9621
2026-08-30 02:30:49 | Epoch 400/400 | Train Loss 1.6126 Acc 0.9997 | Val Loss 6.5435 Acc 0.9765 AUC 0.9985 Pre 0.9766 Rec 0.9763
2026-08-30 02:30:49 | Diag logvar_q_mean=0.0000 logvar_q_clamp=0.0000 kappa_log10=7.3119
2026-08-30 02:30:50 | Run 5/5 | Test (best model @ Epoch 26) | Loss 4.6451 Acc 0.9832 AUC 0.9996 Pre 0.9831 Rec 0.9831
2026-08-30 02:30:50 | Average over 5 runs | Test Loss 4.9031±0.3910 Acc 0.9835±0.0008 AUC 0.9997±0.0000 Pre 0.9834±0.0008 Rec 0.9833±0.0009
