2026-08-30 09:26:39 | Device: cuda
2026-08-30 09:26:39 | Args: {'model': 'vib', 'backbone': 'mlp', 'task': 'mnist', 'epochs': 400, 'batch_size': 512, 'lr': 0.001, 'hidden_dims': [512, 256], 'dropout': 0.2, 'z_dim': 256, 'anchor_scale': 4.0, 'anchor_geometry': 'qr', 'max_len': 250, 'random_labels': False, 'beta': 1.0, 'patience': 400, 'runs': 5, 'seed': 0, 'data_dir': './data', 'save_path': 'output/mnist_mlp_vib/mnist_mlp_vib.pt', 'log_path': '/root/autodl-tmp/FGIB/tune_results_ablation/vib_longtrain/mnist_mlp_vib_beta_1/train.log', 'no_save': True, 'freeze_a': False, 'a_identity': False, 'cosine_classifier': False, 'log_variance_stats': True, 'subject_disjoint': False}
2026-08-30 09:26:39 | ===== Run 1/5 (seed 0) =====
2026-08-30 09:26:44 | Epoch   1/400 | Train Loss 2.4403 Acc 0.1047 | Val Loss 2.2864 Acc 0.1139 AUC 0.8978 Pre 0.1113 Rec 0.1009
2026-08-30 09:26:45 | Diag logvar_q_mean=-0.0003 logvar_q_clamp=0.0000
2026-08-30 09:26:45 |   Val AUC improved to 0.8978, model saved
2026-08-30 09:26:49 | Epoch   2/400 | Train Loss 2.3239 Acc 0.1168 | Val Loss 2.2857 Acc 0.1186 AUC 0.9481 Pre 0.1114 Rec 0.1054
2026-08-30 09:26:50 | Diag logvar_q_mean=-0.0002 logvar_q_clamp=0.0000
2026-08-30 09:26:50 |   Val AUC improved to 0.9481, model saved
2026-08-30 09:26:54 | Epoch   3/400 | Train Loss 2.3135 Acc 0.1228 | Val Loss 2.2872 Acc 0.1129 AUC 0.9564 Pre 0.0113 Rec 0.1000
2026-08-30 09:26:54 | Diag logvar_q_mean=-0.0002 logvar_q_clamp=0.0000
2026-08-30 09:26:54 |   Val AUC improved to 0.9564, model saved
2026-08-30 09:26:58 | Epoch   4/400 | Train Loss 2.3117 Acc 0.1225 | Val Loss 2.2885 Acc 0.1129 AUC 0.9516 Pre 0.0113 Rec 0.1000
2026-08-30 09:26:59 | Diag logvar_q_mean=-0.0001 logvar_q_clamp=0.0000
2026-08-30 09:27:03 | Epoch   5/400 | Train Loss 2.3091 Acc 0.1234 | Val Loss 2.2884 Acc 0.1129 AUC 0.9547 Pre 0.0113 Rec 0.1000
2026-08-30 09:27:04 | Diag logvar_q_mean=-0.0001 logvar_q_clamp=0.0000
2026-08-30 09:27:08 | Epoch   6/400 | Train Loss 2.3098 Acc 0.1222 | Val Loss 2.2883 Acc 0.1129 AUC 0.9512 Pre 0.0113 Rec 0.1000
2026-08-30 09:27:08 | Diag logvar_q_mean=-0.0001 logvar_q_clamp=0.0000
2026-08-30 09:27:12 | Epoch   7/400 | Train Loss 2.3091 Acc 0.1214 | Val Loss 2.2877 Acc 0.1129 AUC 0.9557 Pre 0.0113 Rec 0.1000
2026-08-30 09:27:13 | Diag logvar_q_mean=-0.0002 logvar_q_clamp=0.0000
2026-08-30 09:27:17 | Epoch   8/400 | Train Loss 2.3104 Acc 0.1234 | Val Loss 2.2881 Acc 0.1129 AUC 0.9600 Pre 0.0113 Rec 0.1000
2026-08-30 09:27:18 | Diag logvar_q_mean=-0.0001 logvar_q_clamp=0.0000
2026-08-30 09:27:18 |   Val AUC improved to 0.9600, model saved
2026-08-30 09:27:22 | Epoch   9/400 | Train Loss 2.3092 Acc 0.1245 | Val Loss 2.2874 Acc 0.1129 AUC 0.9676 Pre 0.0113 Rec 0.1000
2026-08-30 09:27:22 | Diag logvar_q_mean=-0.0001 logvar_q_clamp=0.0000
2026-08-30 09:27:22 |   Val AUC improved to 0.9676, model saved
2026-08-30 09:27:26 | Epoch  10/400 | Train Loss 2.3094 Acc 0.1243 | Val Loss 2.2871 Acc 0.1129 AUC 0.9685 Pre 0.0113 Rec 0.1000
2026-08-30 09:27:27 | Diag logvar_q_mean=-0.0001 logvar_q_clamp=0.0000
2026-08-30 09:27:27 |   Val AUC improved to 0.9685, model saved
2026-08-30 09:27:31 | Epoch  11/400 | Train Loss 2.3097 Acc 0.1248 | Val Loss 2.2871 Acc 0.1131 AUC 0.9705 Pre 0.1113 Rec 0.1002
2026-08-30 09:27:31 | Diag logvar_q_mean=-0.0002 logvar_q_clamp=0.0000
2026-08-30 09:27:31 |   Val AUC improved to 0.9705, model saved
2026-08-30 09:27:35 | Epoch  12/400 | Train Loss 2.3103 Acc 0.1223 | Val Loss 2.2872 Acc 0.1131 AUC 0.9702 Pre 0.1113 Rec 0.1002
2026-08-30 09:27:36 | Diag logvar_q_mean=-0.0002 logvar_q_clamp=0.0000
2026-08-30 09:27:40 | Epoch  13/400 | Train Loss 2.3095 Acc 0.1259 | Val Loss 2.2866 Acc 0.1131 AUC 0.9705 Pre 0.1113 Rec 0.1002
2026-08-30 09:27:40 | Diag logvar_q_mean=-0.0002 logvar_q_clamp=0.0000
2026-08-30 09:27:40 |   Val AUC improved to 0.9705, model saved
2026-08-30 09:27:44 | Epoch  14/400 | Train Loss 2.3099 Acc 0.1253 | Val Loss 2.2868 Acc 0.1130 AUC 0.9710 Pre 0.1113 Rec 0.1001
2026-08-30 09:27:45 | Diag logvar_q_mean=-0.0001 logvar_q_clamp=0.0000
2026-08-30 09:27:45 |   Val AUC improved to 0.9710, model saved
2026-08-30 09:27:49 | Epoch  15/400 | Train Loss 2.3105 Acc 0.1215 | Val Loss 2.2871 Acc 0.1129 AUC 0.9717 Pre 0.0113 Rec 0.1000
2026-08-30 09:27:50 | Diag logvar_q_mean=-0.0001 logvar_q_clamp=0.0000
2026-08-30 09:27:50 |   Val AUC improved to 0.9717, model saved
2026-08-30 09:27:54 | Epoch  16/400 | Train Loss 2.3087 Acc 0.1259 | Val Loss 2.2863 Acc 0.1129 AUC 0.9711 Pre 0.0113 Rec 0.1000
2026-08-30 09:27:54 | Diag logvar_q_mean=-0.0001 logvar_q_clamp=0.0000
2026-08-30 09:27:58 | Epoch  17/400 | Train Loss 2.3092 Acc 0.1269 | Val Loss 2.2860 Acc 0.1129 AUC 0.9708 Pre 0.0113 Rec 0.1000
2026-08-30 09:27:59 | Diag logvar_q_mean=-0.0001 logvar_q_clamp=0.0000
2026-08-30 09:28:03 | Epoch  18/400 | Train Loss 2.3097 Acc 0.1236 | Val Loss 2.2859 Acc 0.1129 AUC 0.9709 Pre 0.0113 Rec 0.1000
2026-08-30 09:28:03 | Diag logvar_q_mean=-0.0001 logvar_q_clamp=0.0000
2026-08-30 09:28:07 | Epoch  19/400 | Train Loss 2.3076 Acc 0.1302 | Val Loss 2.2846 Acc 0.1129 AUC 0.9692 Pre 0.0113 Rec 0.1000
2026-08-30 09:28:08 | Diag logvar_q_mean=-0.0002 logvar_q_clamp=0.0000
2026-08-30 09:28:12 | Epoch  20/400 | Train Loss 2.3091 Acc 0.1282 | Val Loss 2.2841 Acc 0.1131 AUC 0.9681 Pre 0.1113 Rec 0.1002
2026-08-30 09:28:12 | Diag logvar_q_mean=-0.0002 logvar_q_clamp=0.0000
2026-08-30 09:28:16 | Epoch  21/400 | Train Loss 2.3085 Acc 0.1310 | Val Loss 2.2837 Acc 0.1130 AUC 0.9644 Pre 0.1113 Rec 0.1001
2026-08-30 09:28:17 | Diag logvar_q_mean=-0.0002 logvar_q_clamp=0.0000
2026-08-30 09:28:21 | Epoch  22/400 | Train Loss 2.3104 Acc 0.1287 | Val Loss 2.2843 Acc 0.1130 AUC 0.9561 Pre 0.1113 Rec 0.1001
2026-08-30 09:28:22 | Diag logvar_q_mean=-0.0002 logvar_q_clamp=0.0000
2026-08-30 09:28:26 | Epoch  23/400 | Train Loss 2.3101 Acc 0.1274 | Val Loss 2.2842 Acc 0.1129 AUC 0.9624 Pre 0.0113 Rec 0.1000
2026-08-30 09:28:26 | Diag logvar_q_mean=-0.0002 logvar_q_clamp=0.0000
2026-08-30 09:28:30 | Epoch  24/400 | Train Loss 2.3081 Acc 0.1297 | Val Loss 2.2838 Acc 0.1129 AUC 0.9605 Pre 0.0113 Rec 0.1000
2026-08-30 09:28:31 | Diag logvar_q_mean=-0.0002 logvar_q_clamp=0.0000
2026-08-30 09:28:35 | Epoch  25/400 | Train Loss 2.3088 Acc 0.1289 | Val Loss 2.2835 Acc 0.1130 AUC 0.9624 Pre 0.1113 Rec 0.1001
2026-08-30 09:28:35 | Diag logvar_q_mean=-0.0002 logvar_q_clamp=0.0000
2026-08-30 09:28:39 | Epoch  26/400 | Train Loss 2.3101 Acc 0.1305 | Val Loss 2.2840 Acc 0.1129 AUC 0.9624 Pre 0.0113 Rec 0.1000
2026-08-30 09:28:40 | Diag logvar_q_mean=-0.0001 logvar_q_clamp=0.0000
2026-08-30 09:28:44 | Epoch  27/400 | Train Loss 2.3091 Acc 0.1269 | Val Loss 2.2840 Acc 0.1129 AUC 0.9610 Pre 0.0113 Rec 0.1000
2026-08-30 09:28:45 | Diag logvar_q_mean=-0.0002 logvar_q_clamp=0.0000
2026-08-30 09:28:49 | Epoch  28/400 | Train Loss 2.3067 Acc 0.1315 | Val Loss 2.2825 Acc 0.1129 AUC 0.9609 Pre 0.0113 Rec 0.1000
2026-08-30 09:28:49 | Diag logvar_q_mean=-0.0003 logvar_q_clamp=0.0000
2026-08-30 09:28:53 | Epoch  29/400 | Train Loss 2.3105 Acc 0.1289 | Val Loss 2.2833 Acc 0.1129 AUC 0.9603 Pre 0.0113 Rec 0.1000
2026-08-30 09:28:54 | Diag logvar_q_mean=-0.0002 logvar_q_clamp=0.0000
2026-08-30 09:28:58 | Epoch  30/400 | Train Loss 2.3095 Acc 0.1293 | Val Loss 2.2836 Acc 0.1129 AUC 0.9512 Pre 0.0113 Rec 0.1000
2026-08-30 09:28:58 | Diag logvar_q_mean=-0.0002 logvar_q_clamp=0.0000
2026-08-30 09:29:02 | Epoch  31/400 | Train Loss 2.3104 Acc 0.1263 | Val Loss 2.2843 Acc 0.1130 AUC 0.9496 Pre 0.1113 Rec 0.1001
2026-08-30 09:29:03 | Diag logvar_q_mean=-0.0002 logvar_q_clamp=0.0000
2026-08-30 09:29:07 | Epoch  32/400 | Train Loss 2.3083 Acc 0.1299 | Val Loss 2.2835 Acc 0.1129 AUC 0.9614 Pre 0.0113 Rec 0.1000
2026-08-30 09:29:08 | Diag logvar_q_mean=-0.0003 logvar_q_clamp=0.0000
2026-08-30 09:29:12 | Epoch  33/400 | Train Loss 2.3119 Acc 0.1271 | Val Loss 2.2848 Acc 0.1129 AUC 0.9506 Pre 0.0113 Rec 0.1000
2026-08-30 09:29:12 | Diag logvar_q_mean=-0.0002 logvar_q_clamp=0.0000
2026-08-30 09:29:16 | Epoch  34/400 | Train Loss 2.3096 Acc 0.1271 | Val Loss 2.2848 Acc 0.1129 AUC 0.9508 Pre 0.0113 Rec 0.1000
2026-08-30 09:29:17 | Diag logvar_q_mean=-0.0002 logvar_q_clamp=0.0000
2026-08-30 09:29:21 | Epoch  35/400 | Train Loss 2.3087 Acc 0.1285 | Val Loss 2.2844 Acc 0.1129 AUC 0.9604 Pre 0.0113 Rec 0.1000
2026-08-30 09:29:21 | Diag logvar_q_mean=-0.0002 logvar_q_clamp=0.0000
2026-08-30 09:29:25 | Epoch  36/400 | Train Loss 2.3098 Acc 0.1270 | Val Loss 2.2848 Acc 0.1129 AUC 0.9604 Pre 0.0113 Rec 0.1000
2026-08-30 09:29:26 | Diag logvar_q_mean=-0.0001 logvar_q_clamp=0.0000
2026-08-30 09:29:30 | Epoch  37/400 | Train Loss 2.3090 Acc 0.1278 | Val Loss 2.2840 Acc 0.1129 AUC 0.9598 Pre 0.0113 Rec 0.1000
2026-08-30 09:29:30 | Diag logvar_q_mean=-0.0002 logvar_q_clamp=0.0000
2026-08-30 09:29:34 | Epoch  38/400 | Train Loss 2.3082 Acc 0.1283 | Val Loss 2.2829 Acc 0.1129 AUC 0.9604 Pre 0.0113 Rec 0.1000
2026-08-30 09:29:35 | Diag logvar_q_mean=-0.0002 logvar_q_clamp=0.0000
2026-08-30 09:29:39 | Epoch  39/400 | Train Loss 2.3095 Acc 0.1290 | Val Loss 2.2829 Acc 0.1129 AUC 0.9601 Pre 0.0113 Rec 0.1000
2026-08-30 09:29:40 | Diag logvar_q_mean=-0.0002 logvar_q_clamp=0.0000
2026-08-30 09:29:43 | Epoch  40/400 | Train Loss 2.3099 Acc 0.1287 | Val Loss 2.2835 Acc 0.1129 AUC 0.9602 Pre 0.0113 Rec 0.1000
2026-08-30 09:29:44 | Diag logvar_q_mean=-0.0002 logvar_q_clamp=0.0000
2026-08-30 09:29:48 | Epoch  41/400 | Train Loss 2.3096 Acc 0.1299 | Val Loss 2.2833 Acc 0.1129 AUC 0.9602 Pre 0.0113 Rec 0.1000
2026-08-30 09:29:49 | Diag logvar_q_mean=-0.0002 logvar_q_clamp=0.0000
2026-08-30 09:29:53 | Epoch  42/400 | Train Loss 2.3102 Acc 0.1278 | Val Loss 2.2838 Acc 0.1129 AUC 0.9605 Pre 0.0113 Rec 0.1000
2026-08-30 09:29:53 | Diag logvar_q_mean=-0.0002 logvar_q_clamp=0.0000
2026-08-30 09:29:57 | Epoch  43/400 | Train Loss 2.3076 Acc 0.1287 | Val Loss 2.2829 Acc 0.1129 AUC 0.9614 Pre 0.0113 Rec 0.1000
2026-08-30 09:29:58 | Diag logvar_q_mean=-0.0002 logvar_q_clamp=0.0000
2026-08-30 09:30:02 | Epoch  44/400 | Train Loss 2.3103 Acc 0.1277 | Val Loss 2.2830 Acc 0.1130 AUC 0.9608 Pre 0.1113 Rec 0.1001
2026-08-30 09:30:02 | Diag logvar_q_mean=-0.0002 logvar_q_clamp=0.0000
2026-08-30 09:30:06 | Epoch  45/400 | Train Loss 2.3107 Acc 0.1263 | Val Loss 2.2839 Acc 0.1129 AUC 0.9604 Pre 0.0113 Rec 0.1000
2026-08-30 09:30:07 | Diag logvar_q_mean=-0.0002 logvar_q_clamp=0.0000
2026-08-30 09:30:11 | Epoch  46/400 | Train Loss 2.3092 Acc 0.1273 | Val Loss 2.2843 Acc 0.1129 AUC 0.9593 Pre 0.0113 Rec 0.1000
2026-08-30 09:30:12 | Diag logvar_q_mean=-0.0002 logvar_q_clamp=0.0000
2026-08-30 09:30:16 | Epoch  47/400 | Train Loss 2.3112 Acc 0.1255 | Val Loss 2.2849 Acc 0.1129 AUC 0.9504 Pre 0.0113 Rec 0.1000
2026-08-30 09:30:16 | Diag logvar_q_mean=-0.0002 logvar_q_clamp=0.0000
2026-08-30 09:30:20 | Epoch  48/400 | Train Loss 2.3089 Acc 0.1286 | Val Loss 2.2847 Acc 0.1129 AUC 0.9602 Pre 0.0113 Rec 0.1000
2026-08-30 09:30:21 | Diag logvar_q_mean=-0.0001 logvar_q_clamp=0.0000
2026-08-30 09:30:25 | Epoch  49/400 | Train Loss 2.3088 Acc 0.1308 | Val Loss 2.2842 Acc 0.1129 AUC 0.9601 Pre 0.0113 Rec 0.1000
2026-08-30 09:30:25 | Diag logvar_q_mean=-0.0002 logvar_q_clamp=0.0000
2026-08-30 09:30:29 | Epoch  50/400 | Train Loss 2.3095 Acc 0.1272 | Val Loss 2.2841 Acc 0.1129 AUC 0.9605 Pre 0.0113 Rec 0.1000
2026-08-30 09:30:30 | Diag logvar_q_mean=-0.0002 logvar_q_clamp=0.0000
2026-08-30 09:30:34 | Epoch  51/400 | Train Loss 2.3102 Acc 0.1268 | Val Loss 2.2844 Acc 0.1130 AUC 0.9594 Pre 0.1113 Rec 0.1001
2026-08-30 09:30:35 | Diag logvar_q_mean=-0.0001 logvar_q_clamp=0.0000
2026-08-30 09:30:39 | Epoch  52/400 | Train Loss 2.3085 Acc 0.1273 | Val Loss 2.2842 Acc 0.1129 AUC 0.9598 Pre 0.0113 Rec 0.1000
2026-08-30 09:30:39 | Diag logvar_q_mean=-0.0002 logvar_q_clamp=0.0000
2026-08-30 09:30:43 | Epoch  53/400 | Train Loss 2.3104 Acc 0.1275 | Val Loss 2.2842 Acc 0.1130 AUC 0.9589 Pre 0.1113 Rec 0.1001
2026-08-30 09:30:44 | Diag logvar_q_mean=-0.0002 logvar_q_clamp=0.0000
2026-08-30 09:30:48 | Epoch  54/400 | Train Loss 2.3092 Acc 0.1283 | Val Loss 2.2836 Acc 0.1130 AUC 0.9496 Pre 0.1113 Rec 0.1001
2026-08-30 09:30:49 | Diag logvar_q_mean=-0.0001 logvar_q_clamp=0.0000
2026-08-30 09:30:53 | Epoch  55/400 | Train Loss 2.3100 Acc 0.1293 | Val Loss 2.2845 Acc 0.1131 AUC 0.9594 Pre 0.1113 Rec 0.1002
2026-08-30 09:30:53 | Diag logvar_q_mean=-0.0002 logvar_q_clamp=0.0000
2026-08-30 09:30:57 | Epoch  56/400 | Train Loss 2.3105 Acc 0.1271 | Val Loss 2.2849 Acc 0.1130 AUC 0.9600 Pre 0.1113 Rec 0.1001
2026-08-30 09:30:58 | Diag logvar_q_mean=-0.0002 logvar_q_clamp=0.0000
2026-08-30 09:31:02 | Epoch  57/400 | Train Loss 2.3099 Acc 0.1275 | Val Loss 2.2849 Acc 0.1129 AUC 0.9577 Pre 0.0113 Rec 0.1000
2026-08-30 09:31:02 | Diag logvar_q_mean=-0.0001 logvar_q_clamp=0.0000
2026-08-30 09:31:06 | Epoch  58/400 | Train Loss 2.3101 Acc 0.1280 | Val Loss 2.2849 Acc 0.1129 AUC 0.9583 Pre 0.0113 Rec 0.1000
2026-08-30 09:31:07 | Diag logvar_q_mean=-0.0002 logvar_q_clamp=0.0000
2026-08-30 09:31:11 | Epoch  59/400 | Train Loss 2.3103 Acc 0.1257 | Val Loss 2.2853 Acc 0.1129 AUC 0.9468 Pre 0.0113 Rec 0.1000
2026-08-30 09:31:12 | Diag logvar_q_mean=-0.0002 logvar_q_clamp=0.0000
2026-08-30 09:31:15 | Epoch  60/400 | Train Loss 2.3106 Acc 0.1252 | Val Loss 2.2859 Acc 0.1129 AUC 0.9571 Pre 0.0113 Rec 0.1000
2026-08-30 09:31:16 | Diag logvar_q_mean=-0.0002 logvar_q_clamp=0.0000
2026-08-30 09:31:20 | Epoch  61/400 | Train Loss 2.3092 Acc 0.1285 | Val Loss 2.2855 Acc 0.1129 AUC 0.9593 Pre 0.0113 Rec 0.1000
2026-08-30 09:31:21 | Diag logvar_q_mean=-0.0001 logvar_q_clamp=0.0000
2026-08-30 09:31:25 | Epoch  62/400 | Train Loss 2.3103 Acc 0.1277 | Val Loss 2.2856 Acc 0.1129 AUC 0.9582 Pre 0.0113 Rec 0.1000
2026-08-30 09:31:25 | Diag logvar_q_mean=-0.0002 logvar_q_clamp=0.0000
2026-08-30 09:31:29 | Epoch  63/400 | Train Loss 2.3090 Acc 0.1273 | Val Loss 2.2854 Acc 0.1129 AUC 0.9584 Pre 0.0113 Rec 0.1000
2026-08-30 09:31:30 | Diag logvar_q_mean=-0.0001 logvar_q_clamp=0.0000
2026-08-30 09:31:34 | Epoch  64/400 | Train Loss 2.3094 Acc 0.1279 | Val Loss 2.2853 Acc 0.1131 AUC 0.9466 Pre 0.1113 Rec 0.1002
2026-08-30 09:31:34 | Diag logvar_q_mean=-0.0002 logvar_q_clamp=0.0000
2026-08-30 09:31:38 | Epoch  65/400 | Train Loss 2.3101 Acc 0.1283 | Val Loss 2.2854 Acc 0.1130 AUC 0.9475 Pre 0.1113 Rec 0.1001
2026-08-30 09:31:39 | Diag logvar_q_mean=-0.0002 logvar_q_clamp=0.0000
2026-08-30 09:31:43 | Epoch  66/400 | Train Loss 2.3102 Acc 0.1256 | Val Loss 2.2852 Acc 0.1129 AUC 0.9591 Pre 0.0113 Rec 0.1000
2026-08-30 09:31:43 | Diag logvar_q_mean=-0.0002 logvar_q_clamp=0.0000
2026-08-30 09:31:47 | Epoch  67/400 | Train Loss 2.3091 Acc 0.1244 | Val Loss 2.2852 Acc 0.1132 AUC 0.9477 Pre 0.1113 Rec 0.1003
2026-08-30 09:31:48 | Diag logvar_q_mean=-0.0002 logvar_q_clamp=0.0000
2026-08-30 09:31:52 | Epoch  68/400 | Train Loss 2.3092 Acc 0.1295 | Val Loss 2.2845 Acc 0.1129 AUC 0.9589 Pre 0.0113 Rec 0.1000
2026-08-30 09:31:53 | Diag logvar_q_mean=-0.0002 logvar_q_clamp=0.0000
2026-08-30 09:31:56 | Epoch  69/400 | Train Loss 2.3095 Acc 0.1276 | Val Loss 2.2843 Acc 0.1129 AUC 0.9565 Pre 0.0113 Rec 0.1000
2026-08-30 09:31:57 | Diag logvar_q_mean=-0.0002 logvar_q_clamp=0.0000
2026-08-30 09:32:01 | Epoch  70/400 | Train Loss 2.3092 Acc 0.1276 | Val Loss 2.2845 Acc 0.1129 AUC 0.9475 Pre 0.0113 Rec 0.1000
2026-08-30 09:32:02 | Diag logvar_q_mean=-0.0002 logvar_q_clamp=0.0000
2026-08-30 09:32:06 | Epoch  71/400 | Train Loss 2.3104 Acc 0.1260 | Val Loss 2.2851 Acc 0.1129 AUC 0.9477 Pre 0.0113 Rec 0.1000
2026-08-30 09:32:06 | Diag logvar_q_mean=-0.0002 logvar_q_clamp=0.0000
2026-08-30 09:32:10 | Epoch  72/400 | Train Loss 2.3102 Acc 0.1294 | Val Loss 2.2853 Acc 0.1129 AUC 0.9564 Pre 0.0113 Rec 0.1000
2026-08-30 09:32:11 | Diag logvar_q_mean=-0.0002 logvar_q_clamp=0.0000
2026-08-30 09:32:15 | Epoch  73/400 | Train Loss 2.3102 Acc 0.1252 | Val Loss 2.2855 Acc 0.1129 AUC 0.9565 Pre 0.0113 Rec 0.1000
2026-08-30 09:32:15 | Diag logvar_q_mean=-0.0001 logvar_q_clamp=0.0000
2026-08-30 09:32:19 | Epoch  74/400 | Train Loss 2.3081 Acc 0.1285 | Val Loss 2.2844 Acc 0.1129 AUC 0.9583 Pre 0.0113 Rec 0.1000
2026-08-30 09:32:20 | Diag logvar_q_mean=-0.0001 logvar_q_clamp=0.0000
2026-08-30 09:32:24 | Epoch  75/400 | Train Loss 2.3109 Acc 0.1256 | Val Loss 2.2852 Acc 0.1129 AUC 0.9371 Pre 0.0113 Rec 0.1000
2026-08-30 09:32:25 | Diag logvar_q_mean=-0.0002 logvar_q_clamp=0.0000
2026-08-30 09:32:29 | Epoch  76/400 | Train Loss 2.3128 Acc 0.1220 | Val Loss 2.2869 Acc 0.1129 AUC 0.9473 Pre 0.0113 Rec 0.1000
2026-08-30 09:32:29 | Diag logvar_q_mean=-0.0002 logvar_q_clamp=0.0000
2026-08-30 09:32:33 | Epoch  77/400 | Train Loss 2.3091 Acc 0.1248 | Val Loss 2.2865 Acc 0.1129 AUC 0.9471 Pre 0.0113 Rec 0.1000
2026-08-30 09:32:34 | Diag logvar_q_mean=-0.0002 logvar_q_clamp=0.0000
2026-08-30 09:32:38 | Epoch  78/400 | Train Loss 2.3105 Acc 0.1257 | Val Loss 2.2864 Acc 0.1129 AUC 0.9566 Pre 0.0113 Rec 0.1000
2026-08-30 09:32:39 | Diag logvar_q_mean=-0.0001 logvar_q_clamp=0.0000
2026-08-30 09:32:43 | Epoch  79/400 | Train Loss 2.3093 Acc 0.1243 | Val Loss 2.2865 Acc 0.1129 AUC 0.9578 Pre 0.0113 Rec 0.1000
2026-08-30 09:32:43 | Diag logvar_q_mean=-0.0002 logvar_q_clamp=0.0000
2026-08-30 09:32:47 | Epoch  80/400 | Train Loss 2.3095 Acc 0.1237 | Val Loss 2.2862 Acc 0.1129 AUC 0.9469 Pre 0.0113 Rec 0.1000
2026-08-30 09:32:48 | Diag logvar_q_mean=-0.0001 logvar_q_clamp=0.0000
2026-08-30 09:32:52 | Epoch  81/400 | Train Loss 2.3101 Acc 0.1247 | Val Loss 2.2865 Acc 0.1130 AUC 0.9573 Pre 0.1113 Rec 0.1001
2026-08-30 09:32:52 | Diag logvar_q_mean=-0.0002 logvar_q_clamp=0.0000
2026-08-30 09:32:56 | Epoch  82/400 | Train Loss 2.3096 Acc 0.1260 | Val Loss 2.2861 Acc 0.1129 AUC 0.9568 Pre 0.0113 Rec 0.1000
2026-08-30 09:32:57 | Diag logvar_q_mean=-0.0002 logvar_q_clamp=0.0000
2026-08-30 09:33:01 | Epoch  83/400 | Train Loss 2.3104 Acc 0.1243 | Val Loss 2.2865 Acc 0.1129 AUC 0.9559 Pre 0.0113 Rec 0.1000
2026-08-30 09:33:01 | Diag logvar_q_mean=-0.0001 logvar_q_clamp=0.0000
2026-08-30 09:33:05 | Epoch  84/400 | Train Loss 2.3107 Acc 0.1234 | Val Loss 2.2866 Acc 0.1129 AUC 0.9574 Pre 0.0113 Rec 0.1000
2026-08-30 09:33:06 | Diag logvar_q_mean=-0.0002 logvar_q_clamp=0.0000
2026-08-30 09:33:10 | Epoch  85/400 | Train Loss 2.3086 Acc 0.1263 | Val Loss 2.2867 Acc 0.1129 AUC 0.9535 Pre 0.0113 Rec 0.1000
2026-08-30 09:33:10 | Diag logvar_q_mean=-0.0001 logvar_q_clamp=0.0000
2026-08-30 09:33:14 | Epoch  86/400 | Train Loss 2.3109 Acc 0.1229 | Val Loss 2.2867 Acc 0.1129 AUC 0.9444 Pre 0.0113 Rec 0.1000
2026-08-30 09:33:15 | Diag logvar_q_mean=-0.0002 logvar_q_clamp=0.0000
2026-08-30 09:33:19 | Epoch  87/400 | Train Loss 2.3091 Acc 0.1250 | Val Loss 2.2866 Acc 0.1129 AUC 0.9582 Pre 0.0113 Rec 0.1000
2026-08-30 09:33:20 | Diag logvar_q_mean=-0.0002 logvar_q_clamp=0.0000
2026-08-30 09:33:24 | Epoch  88/400 | Train Loss 2.3088 Acc 0.1287 | Val Loss 2.2857 Acc 0.1129 AUC 0.9575 Pre 0.0113 Rec 0.1000
2026-08-30 09:33:24 | Diag logvar_q_mean=-0.0002 logvar_q_clamp=0.0000
2026-08-30 09:33:28 | Epoch  89/400 | Train Loss 2.3106 Acc 0.1275 | Val Loss 2.2859 Acc 0.1129 AUC 0.9575 Pre 0.0113 Rec 0.1000
2026-08-30 09:33:29 | Diag logvar_q_mean=-0.0002 logvar_q_clamp=0.0000
2026-08-30 09:33:33 | Epoch  90/400 | Train Loss 2.3093 Acc 0.1251 | Val Loss 2.2860 Acc 0.1129 AUC 0.9579 Pre 0.0113 Rec 0.1000
2026-08-30 09:33:33 | Diag logvar_q_mean=-0.0002 logvar_q_clamp=0.0000
2026-08-30 09:33:37 | Epoch  91/400 | Train Loss 2.3089 Acc 0.1261 | Val Loss 2.2857 Acc 0.1129 AUC 0.9576 Pre 0.0113 Rec 0.1000
2026-08-30 09:33:38 | Diag logvar_q_mean=-0.0001 logvar_q_clamp=0.0000
2026-08-30 09:33:42 | Epoch  92/400 | Train Loss 2.3101 Acc 0.1264 | Val Loss 2.2855 Acc 0.1129 AUC 0.9573 Pre 0.0113 Rec 0.1000
2026-08-30 09:33:42 | Diag logvar_q_mean=-0.0002 logvar_q_clamp=0.0000
2026-08-30 09:33:46 | Epoch  93/400 | Train Loss 2.3122 Acc 0.1234 | Val Loss 2.2869 Acc 0.1129 AUC 0.9464 Pre 0.0113 Rec 0.1000
2026-08-30 09:33:47 | Diag logvar_q_mean=-0.0002 logvar_q_clamp=0.0000
2026-08-30 09:33:51 | Epoch  94/400 | Train Loss 2.3087 Acc 0.1276 | Val Loss 2.2868 Acc 0.1129 AUC 0.9457 Pre 0.0113 Rec 0.1000
2026-08-30 09:33:52 | Diag logvar_q_mean=-0.0002 logvar_q_clamp=0.0000
2026-08-30 09:33:56 | Epoch  95/400 | Train Loss 2.3101 Acc 0.1270 | Val Loss 2.2865 Acc 0.1129 AUC 0.9332 Pre 0.0113 Rec 0.1000
2026-08-30 09:33:56 | Diag logvar_q_mean=-0.0001 logvar_q_clamp=0.0000
2026-08-30 09:34:00 | Epoch  96/400 | Train Loss 2.3096 Acc 0.1254 | Val Loss 2.2866 Acc 0.1129 AUC 0.9458 Pre 0.0113 Rec 0.1000
2026-08-30 09:34:01 | Diag logvar_q_mean=-0.0002 logvar_q_clamp=0.0000
2026-08-30 09:34:05 | Epoch  97/400 | Train Loss 2.3100 Acc 0.1284 | Val Loss 2.2866 Acc 0.1129 AUC 0.9569 Pre 0.0113 Rec 0.1000
2026-08-30 09:34:05 | Diag logvar_q_mean=-0.0002 logvar_q_clamp=0.0000
2026-08-30 09:34:09 | Epoch  98/400 | Train Loss 2.3080 Acc 0.1268 | Val Loss 2.2857 Acc 0.1129 AUC 0.9564 Pre 0.0113 Rec 0.1000
2026-08-30 09:34:10 | Diag logvar_q_mean=-0.0002 logvar_q_clamp=0.0000
2026-08-30 09:34:14 | Epoch  99/400 | Train Loss 2.3099 Acc 0.1263 | Val Loss 2.2855 Acc 0.1129 AUC 0.9557 Pre 0.0113 Rec 0.1000
2026-08-30 09:34:15 | Diag logvar_q_mean=-0.0002 logvar_q_clamp=0.0000
2026-08-30 09:34:19 | Epoch 100/400 | Train Loss 2.3106 Acc 0.1262 | Val Loss 2.2858 Acc 0.1129 AUC 0.9570 Pre 0.0113 Rec 0.1000
2026-08-30 09:34:19 | Diag logvar_q_mean=-0.0002 logvar_q_clamp=0.0000
2026-08-30 09:34:23 | Epoch 101/400 | Train Loss 2.3096 Acc 0.1264 | Val Loss 2.2863 Acc 0.1129 AUC 0.9563 Pre 0.0113 Rec 0.1000
2026-08-30 09:34:24 | Diag logvar_q_mean=-0.0002 logvar_q_clamp=0.0000
2026-08-30 09:34:28 | Epoch 102/400 | Train Loss 2.3096 Acc 0.1254 | Val Loss 2.2861 Acc 0.1129 AUC 0.9564 Pre 0.0113 Rec 0.1000
2026-08-30 09:34:29 | Diag logvar_q_mean=-0.0002 logvar_q_clamp=0.0000
2026-08-30 09:34:33 | Epoch 103/400 | Train Loss 2.3095 Acc 0.1262 | Val Loss 2.2861 Acc 0.1129 AUC 0.9557 Pre 0.0113 Rec 0.1000
2026-08-30 09:34:33 | Diag logvar_q_mean=-0.0001 logvar_q_clamp=0.0000
2026-08-30 09:34:37 | Epoch 104/400 | Train Loss 2.3092 Acc 0.1279 | Val Loss 2.2853 Acc 0.1129 AUC 0.9560 Pre 0.0113 Rec 0.1000
2026-08-30 09:34:38 | Diag logvar_q_mean=-0.0002 logvar_q_clamp=0.0000
2026-08-30 09:34:42 | Epoch 105/400 | Train Loss 2.3107 Acc 0.1253 | Val Loss 2.2861 Acc 0.1129 AUC 0.9462 Pre 0.0113 Rec 0.1000
2026-08-30 09:34:42 | Diag logvar_q_mean=-0.0001 logvar_q_clamp=0.0000
2026-08-30 09:34:46 | Epoch 106/400 | Train Loss 2.3101 Acc 0.1247 | Val Loss 2.2863 Acc 0.1129 AUC 0.9559 Pre 0.0113 Rec 0.1000
2026-08-30 09:34:47 | Diag logvar_q_mean=-0.0001 logvar_q_clamp=0.0000
2026-08-30 09:34:51 | Epoch 107/400 | Train Loss 2.3089 Acc 0.1257 | Val Loss 2.2863 Acc 0.1129 AUC 0.9562 Pre 0.0113 Rec 0.1000
2026-08-30 09:34:51 | Diag logvar_q_mean=-0.0002 logvar_q_clamp=0.0000
2026-08-30 09:34:55 | Epoch 108/400 | Train Loss 2.3094 Acc 0.1247 | Val Loss 2.2861 Acc 0.1129 AUC 0.9554 Pre 0.0113 Rec 0.1000
2026-08-30 09:34:56 | Diag logvar_q_mean=-0.0002 logvar_q_clamp=0.0000
2026-08-30 09:35:00 | Epoch 109/400 | Train Loss 2.3102 Acc 0.1251 | Val Loss 2.2865 Acc 0.1129 AUC 0.9443 Pre 0.0113 Rec 0.1000
2026-08-30 09:35:00 | Diag logvar_q_mean=-0.0001 logvar_q_clamp=0.0000
2026-08-30 09:35:04 | Epoch 110/400 | Train Loss 2.3091 Acc 0.1258 | Val Loss 2.2867 Acc 0.1129 AUC 0.9445 Pre 0.0113 Rec 0.1000
2026-08-30 09:35:05 | Diag logvar_q_mean=-0.0002 logvar_q_clamp=0.0000
2026-08-30 09:35:09 | Epoch 111/400 | Train Loss 2.3101 Acc 0.1245 | Val Loss 2.2862 Acc 0.1129 AUC 0.9344 Pre 0.0113 Rec 0.1000
2026-08-30 09:35:09 | Diag logvar_q_mean=-0.0002 logvar_q_clamp=0.0000
2026-08-30 09:35:13 | Epoch 112/400 | Train Loss 2.3100 Acc 0.1265 | Val Loss 2.2868 Acc 0.1129 AUC 0.9572 Pre 0.0113 Rec 0.1000
2026-08-30 09:35:14 | Diag logvar_q_mean=-0.0001 logvar_q_clamp=0.0000
2026-08-30 09:35:18 | Epoch 113/400 | Train Loss 2.3100 Acc 0.1271 | Val Loss 2.2871 Acc 0.1129 AUC 0.9443 Pre 0.0113 Rec 0.1000
2026-08-30 09:35:19 | Diag logvar_q_mean=-0.0001 logvar_q_clamp=0.0000
2026-08-30 09:35:22 | Epoch 114/400 | Train Loss 2.3097 Acc 0.1249 | Val Loss 2.2871 Acc 0.1129 AUC 0.9550 Pre 0.0113 Rec 0.1000
2026-08-30 09:35:23 | Diag logvar_q_mean=-0.0002 logvar_q_clamp=0.0000
2026-08-30 09:35:27 | Epoch 115/400 | Train Loss 2.3094 Acc 0.1258 | Val Loss 2.2867 Acc 0.1129 AUC 0.9465 Pre 0.0113 Rec 0.1000
2026-08-30 09:35:28 | Diag logvar_q_mean=-0.0001 logvar_q_clamp=0.0000
2026-08-30 09:35:32 | Epoch 116/400 | Train Loss 2.3098 Acc 0.1259 | Val Loss 2.2866 Acc 0.1129 AUC 0.9459 Pre 0.0113 Rec 0.1000
2026-08-30 09:35:32 | Diag logvar_q_mean=-0.0002 logvar_q_clamp=0.0000
2026-08-30 09:35:36 | Epoch 117/400 | Train Loss 2.3093 Acc 0.1245 | Val Loss 2.2869 Acc 0.1129 AUC 0.9441 Pre 0.0113 Rec 0.1000
2026-08-30 09:35:37 | Diag logvar_q_mean=-0.0001 logvar_q_clamp=0.0000
2026-08-30 09:35:41 | Epoch 118/400 | Train Loss 2.3108 Acc 0.1230 | Val Loss 2.2871 Acc 0.1129 AUC 0.9445 Pre 0.0113 Rec 0.1000
2026-08-30 09:35:41 | Diag logvar_q_mean=-0.0002 logvar_q_clamp=0.0000
2026-08-30 09:35:45 | Epoch 119/400 | Train Loss 2.3085 Acc 0.1244 | Val Loss 2.2870 Acc 0.1129 AUC 0.9554 Pre 0.0113 Rec 0.1000
2026-08-30 09:35:46 | Diag logvar_q_mean=-0.0001 logvar_q_clamp=0.0000
2026-08-30 09:35:50 | Epoch 120/400 | Train Loss 2.3106 Acc 0.1222 | Val Loss 2.2874 Acc 0.1129 AUC 0.9551 Pre 0.0113 Rec 0.1000
2026-08-30 09:35:50 | Diag logvar_q_mean=-0.0002 logvar_q_clamp=0.0000
2026-08-30 09:35:54 | Epoch 121/400 | Train Loss 2.3099 Acc 0.1267 | Val Loss 2.2871 Acc 0.1129 AUC 0.9545 Pre 0.0113 Rec 0.1000
2026-08-30 09:35:55 | Diag logvar_q_mean=-0.0002 logvar_q_clamp=0.0000
2026-08-30 09:35:59 | Epoch 122/400 | Train Loss 2.3085 Acc 0.1256 | Val Loss 2.2865 Acc 0.1129 AUC 0.9445 Pre 0.0113 Rec 0.1000
2026-08-30 09:36:00 | Diag logvar_q_mean=-0.0002 logvar_q_clamp=0.0000
2026-08-30 09:36:04 | Epoch 123/400 | Train Loss 2.3104 Acc 0.1246 | Val Loss 2.2868 Acc 0.1129 AUC 0.9441 Pre 0.0113 Rec 0.1000
2026-08-30 09:36:04 | Diag logvar_q_mean=-0.0002 logvar_q_clamp=0.0000
2026-08-30 09:36:08 | Epoch 124/400 | Train Loss 2.3110 Acc 0.1239 | Val Loss 2.2876 Acc 0.1129 AUC 0.9536 Pre 0.0113 Rec 0.1000
2026-08-30 09:36:09 | Diag logvar_q_mean=-0.0002 logvar_q_clamp=0.0000
2026-08-30 09:36:13 | Epoch 125/400 | Train Loss 2.3100 Acc 0.1223 | Val Loss 2.2877 Acc 0.1129 AUC 0.9548 Pre 0.0113 Rec 0.1000
2026-08-30 09:36:13 | Diag logvar_q_mean=-0.0001 logvar_q_clamp=0.0000
2026-08-30 09:36:17 | Epoch 126/400 | Train Loss 2.3113 Acc 0.1218 | Val Loss 2.2889 Acc 0.1129 AUC 0.9433 Pre 0.0113 Rec 0.1000
2026-08-30 09:36:18 | Diag logvar_q_mean=-0.0001 logvar_q_clamp=0.0000
2026-08-30 09:36:22 | Epoch 127/400 | Train Loss 2.3104 Acc 0.1219 | Val Loss 2.2891 Acc 0.1130 AUC 0.9552 Pre 0.1113 Rec 0.1001
2026-08-30 09:36:23 | Diag logvar_q_mean=-0.0001 logvar_q_clamp=0.0000
2026-08-30 09:36:27 | Epoch 128/400 | Train Loss 2.3099 Acc 0.1210 | Val Loss 2.2887 Acc 0.1129 AUC 0.9549 Pre 0.0113 Rec 0.1000
2026-08-30 09:36:27 | Diag logvar_q_mean=-0.0002 logvar_q_clamp=0.0000
2026-08-30 09:36:31 | Epoch 129/400 | Train Loss 2.3100 Acc 0.1217 | Val Loss 2.2888 Acc 0.1129 AUC 0.9554 Pre 0.0113 Rec 0.1000
2026-08-30 09:36:32 | Diag logvar_q_mean=-0.0002 logvar_q_clamp=0.0000
2026-08-30 09:36:36 | Epoch 130/400 | Train Loss 2.3091 Acc 0.1211 | Val Loss 2.2884 Acc 0.1129 AUC 0.9543 Pre 0.0113 Rec 0.1000
2026-08-30 09:36:36 | Diag logvar_q_mean=-0.0002 logvar_q_clamp=0.0000
2026-08-30 09:36:40 | Epoch 131/400 | Train Loss 2.3103 Acc 0.1208 | Val Loss 2.2883 Acc 0.1129 AUC 0.9333 Pre 0.0113 Rec 0.1000
2026-08-30 09:36:41 | Diag logvar_q_mean=-0.0001 logvar_q_clamp=0.0000
2026-08-30 09:36:46 | Epoch 132/400 | Train Loss 2.3096 Acc 0.1225 | Val Loss 2.2881 Acc 0.1129 AUC 0.9551 Pre 0.0113 Rec 0.1000
2026-08-30 09:36:46 | Diag logvar_q_mean=-0.0001 logvar_q_clamp=0.0000
2026-08-30 09:36:50 | Epoch 133/400 | Train Loss 2.3097 Acc 0.1233 | Val Loss 2.2881 Acc 0.1129 AUC 0.9529 Pre 0.0113 Rec 0.1000
2026-08-30 09:36:51 | Diag logvar_q_mean=-0.0002 logvar_q_clamp=0.0000
2026-08-30 09:36:55 | Epoch 134/400 | Train Loss 2.3109 Acc 0.1217 | Val Loss 2.2884 Acc 0.1129 AUC 0.9444 Pre 0.0113 Rec 0.1000
2026-08-30 09:36:55 | Diag logvar_q_mean=-0.0001 logvar_q_clamp=0.0000
2026-08-30 09:36:59 | Epoch 135/400 | Train Loss 2.3080 Acc 0.1248 | Val Loss 2.2875 Acc 0.1129 AUC 0.9454 Pre 0.0113 Rec 0.1000
2026-08-30 09:37:00 | Diag logvar_q_mean=-0.0001 logvar_q_clamp=0.0000
2026-08-30 09:37:04 | Epoch 136/400 | Train Loss 2.3098 Acc 0.1234 | Val Loss 2.2878 Acc 0.1129 AUC 0.9545 Pre 0.0113 Rec 0.1000
2026-08-30 09:37:05 | Diag logvar_q_mean=-0.0001 logvar_q_clamp=0.0000
2026-08-30 09:37:09 | Epoch 137/400 | Train Loss 2.3086 Acc 0.1265 | Val Loss 2.2871 Acc 0.1129 AUC 0.9439 Pre 0.0113 Rec 0.1000
2026-08-30 09:37:09 | Diag logvar_q_mean=-0.0001 logvar_q_clamp=0.0000
2026-08-30 09:37:13 | Epoch 138/400 | Train Loss 2.3101 Acc 0.1247 | Val Loss 2.2875 Acc 0.1129 AUC 0.9541 Pre 0.0113 Rec 0.1000
2026-08-30 09:37:14 | Diag logvar_q_mean=-0.0002 logvar_q_clamp=0.0000
2026-08-30 09:37:18 | Epoch 139/400 | Train Loss 2.3095 Acc 0.1234 | Val Loss 2.2872 Acc 0.1129 AUC 0.9322 Pre 0.0113 Rec 0.1000
2026-08-30 09:37:18 | Diag logvar_q_mean=-0.0002 logvar_q_clamp=0.0000
2026-08-30 09:37:22 | Epoch 140/400 | Train Loss 2.3088 Acc 0.1270 | Val Loss 2.2871 Acc 0.1129 AUC 0.9314 Pre 0.0113 Rec 0.1000
2026-08-30 09:37:23 | Diag logvar_q_mean=-0.0001 logvar_q_clamp=0.0000
2026-08-30 09:37:27 | Epoch 141/400 | Train Loss 2.3095 Acc 0.1258 | Val Loss 2.2870 Acc 0.1129 AUC 0.9343 Pre 0.0113 Rec 0.1000
2026-08-30 09:37:28 | Diag logvar_q_mean=-0.0001 logvar_q_clamp=0.0000
2026-08-30 09:37:32 | Epoch 142/400 | Train Loss 2.3099 Acc 0.1243 | Val Loss 2.2870 Acc 0.1129 AUC 0.9548 Pre 0.0113 Rec 0.1000
2026-08-30 09:37:32 | Diag logvar_q_mean=-0.0002 logvar_q_clamp=0.0000
2026-08-30 09:37:36 | Epoch 143/400 | Train Loss 2.3097 Acc 0.1257 | Val Loss 2.2867 Acc 0.1129 AUC 0.9537 Pre 0.0113 Rec 0.1000
2026-08-30 09:37:37 | Diag logvar_q_mean=-0.0002 logvar_q_clamp=0.0000
2026-08-30 09:37:41 | Epoch 144/400 | Train Loss 2.3108 Acc 0.1244 | Val Loss 2.2871 Acc 0.1129 AUC 0.9554 Pre 0.0113 Rec 0.1000
2026-08-30 09:37:41 | Diag logvar_q_mean=-0.0002 logvar_q_clamp=0.0000
2026-08-30 09:37:45 | Epoch 145/400 | Train Loss 2.3084 Acc 0.1259 | Val Loss 2.2865 Acc 0.1129 AUC 0.9542 Pre 0.0113 Rec 0.1000
2026-08-30 09:37:46 | Diag logvar_q_mean=-0.0002 logvar_q_clamp=0.0000
2026-08-30 09:37:50 | Epoch 146/400 | Train Loss 2.3094 Acc 0.1244 | Val Loss 2.2865 Acc 0.1129 AUC 0.9552 Pre 0.0113 Rec 0.1000
2026-08-30 09:37:51 | Diag logvar_q_mean=-0.0001 logvar_q_clamp=0.0000
2026-08-30 09:37:55 | Epoch 147/400 | Train Loss 2.3102 Acc 0.1226 | Val Loss 2.2867 Acc 0.1129 AUC 0.9539 Pre 0.0113 Rec 0.1000
2026-08-30 09:37:55 | Diag logvar_q_mean=-0.0001 logvar_q_clamp=0.0000
2026-08-30 09:37:59 | Epoch 148/400 | Train Loss 2.3115 Acc 0.1203 | Val Loss 2.2876 Acc 0.1129 AUC 0.9546 Pre 0.0113 Rec 0.1000
2026-08-30 09:38:00 | Diag logvar_q_mean=-0.0001 logvar_q_clamp=0.0000
2026-08-30 09:38:04 | Epoch 149/400 | Train Loss 2.3085 Acc 0.1248 | Val Loss 2.2872 Acc 0.1129 AUC 0.9553 Pre 0.0113 Rec 0.1000
2026-08-30 09:38:05 | Diag logvar_q_mean=-0.0001 logvar_q_clamp=0.0000
2026-08-30 09:38:09 | Epoch 150/400 | Train Loss 2.3112 Acc 0.1228 | Val Loss 2.2875 Acc 0.1129 AUC 0.9552 Pre 0.0113 Rec 0.1000
2026-08-30 09:38:09 | Diag logvar_q_mean=-0.0001 logvar_q_clamp=0.0000
2026-08-30 09:38:13 | Epoch 151/400 | Train Loss 2.3091 Acc 0.1254 | Val Loss 2.2879 Acc 0.1129 AUC 0.9547 Pre 0.0113 Rec 0.1000
2026-08-30 09:38:14 | Diag logvar_q_mean=-0.0002 logvar_q_clamp=0.0000
2026-08-30 09:38:18 | Epoch 152/400 | Train Loss 2.3093 Acc 0.1236 | Val Loss 2.2874 Acc 0.1129 AUC 0.9559 Pre 0.0113 Rec 0.1000
2026-08-30 09:38:19 | Diag logvar_q_mean=-0.0002 logvar_q_clamp=0.0000
2026-08-30 09:38:23 | Epoch 153/400 | Train Loss 2.3101 Acc 0.1230 | Val Loss 2.2874 Acc 0.1129 AUC 0.9535 Pre 0.0113 Rec 0.1000
2026-08-30 09:38:23 | Diag logvar_q_mean=-0.0001 logvar_q_clamp=0.0000
2026-08-30 09:38:27 | Epoch 154/400 | Train Loss 2.3089 Acc 0.1255 | Val Loss 2.2870 Acc 0.1129 AUC 0.9533 Pre 0.0113 Rec 0.1000
2026-08-30 09:38:28 | Diag logvar_q_mean=-0.0002 logvar_q_clamp=0.0000
2026-08-30 09:38:32 | Epoch 155/400 | Train Loss 2.3115 Acc 0.1223 | Val Loss 2.2881 Acc 0.1129 AUC 0.9434 Pre 0.0113 Rec 0.1000
2026-08-30 09:38:32 | Diag logvar_q_mean=-0.0001 logvar_q_clamp=0.0000
2026-08-30 09:38:36 | Epoch 156/400 | Train Loss 2.3100 Acc 0.1229 | Val Loss 2.2883 Acc 0.1129 AUC 0.9533 Pre 0.0113 Rec 0.1000
2026-08-30 09:38:37 | Diag logvar_q_mean=-0.0001 logvar_q_clamp=0.0000
2026-08-30 09:38:41 | Epoch 157/400 | Train Loss 2.3106 Acc 0.1218 | Val Loss 2.2884 Acc 0.1129 AUC 0.9530 Pre 0.0113 Rec 0.1000
2026-08-30 09:38:41 | Diag logvar_q_mean=-0.0001 logvar_q_clamp=0.0000
2026-08-30 09:38:45 | Epoch 158/400 | Train Loss 2.3091 Acc 0.1247 | Val Loss 2.2881 Acc 0.1129 AUC 0.9410 Pre 0.0113 Rec 0.1000
2026-08-30 09:38:46 | Diag logvar_q_mean=-0.0002 logvar_q_clamp=0.0000
2026-08-30 09:38:50 | Epoch 159/400 | Train Loss 2.3093 Acc 0.1242 | Val Loss 2.2878 Acc 0.1129 AUC 0.9547 Pre 0.0113 Rec 0.1000
2026-08-30 09:38:51 | Diag logvar_q_mean=-0.0002 logvar_q_clamp=0.0000
2026-08-30 09:38:54 | Epoch 160/400 | Train Loss 2.3095 Acc 0.1243 | Val Loss 2.2871 Acc 0.1129 AUC 0.9542 Pre 0.0113 Rec 0.1000
2026-08-30 09:38:55 | Diag logvar_q_mean=-0.0002 logvar_q_clamp=0.0000
2026-08-30 09:38:59 | Epoch 161/400 | Train Loss 2.3101 Acc 0.1240 | Val Loss 2.2878 Acc 0.1129 AUC 0.9546 Pre 0.0113 Rec 0.1000
2026-08-30 09:39:00 | Diag logvar_q_mean=-0.0002 logvar_q_clamp=0.0000
2026-08-30 09:39:04 | Epoch 162/400 | Train Loss 2.3111 Acc 0.1222 | Val Loss 2.2886 Acc 0.1129 AUC 0.9433 Pre 0.0113 Rec 0.1000
2026-08-30 09:39:04 | Diag logvar_q_mean=-0.0001 logvar_q_clamp=0.0000
2026-08-30 09:39:08 | Epoch 163/400 | Train Loss 2.3091 Acc 0.1217 | Val Loss 2.2882 Acc 0.1129 AUC 0.9313 Pre 0.0113 Rec 0.1000
2026-08-30 09:39:09 | Diag logvar_q_mean=-0.0001 logvar_q_clamp=0.0000
2026-08-30 09:39:13 | Epoch 164/400 | Train Loss 2.3107 Acc 0.1226 | Val Loss 2.2889 Acc 0.1129 AUC 0.9325 Pre 0.0113 Rec 0.1000
2026-08-30 09:39:13 | Diag logvar_q_mean=-0.0001 logvar_q_clamp=0.0000
2026-08-30 09:39:17 | Epoch 165/400 | Train Loss 2.3094 Acc 0.1228 | Val Loss 2.2883 Acc 0.1129 AUC 0.9538 Pre 0.0113 Rec 0.1000
2026-08-30 09:39:18 | Diag logvar_q_mean=-0.0002 logvar_q_clamp=0.0000
2026-08-30 09:39:22 | Epoch 166/400 | Train Loss 2.3104 Acc 0.1211 | Val Loss 2.2885 Acc 0.1129 AUC 0.9547 Pre 0.0113 Rec 0.1000
2026-08-30 09:39:23 | Diag logvar_q_mean=-0.0002 logvar_q_clamp=0.0000
2026-08-30 09:39:27 | Epoch 167/400 | Train Loss 2.3087 Acc 0.1241 | Val Loss 2.2877 Acc 0.1129 AUC 0.9437 Pre 0.0113 Rec 0.1000
2026-08-30 09:39:27 | Diag logvar_q_mean=-0.0001 logvar_q_clamp=0.0000
2026-08-30 09:39:31 | Epoch 168/400 | Train Loss 2.3098 Acc 0.1247 | Val Loss 2.2876 Acc 0.1129 AUC 0.9537 Pre 0.0113 Rec 0.1000
2026-08-30 09:39:32 | Diag logvar_q_mean=-0.0002 logvar_q_clamp=0.0000
2026-08-30 09:39:36 | Epoch 169/400 | Train Loss 2.3099 Acc 0.1207 | Val Loss 2.2880 Acc 0.1129 AUC 0.9435 Pre 0.0113 Rec 0.1000
2026-08-30 09:39:36 | Diag logvar_q_mean=-0.0001 logvar_q_clamp=0.0000
2026-08-30 09:39:40 | Epoch 170/400 | Train Loss 2.3105 Acc 0.1213 | Val Loss 2.2877 Acc 0.1129 AUC 0.9442 Pre 0.0113 Rec 0.1000
2026-08-30 09:39:41 | Diag logvar_q_mean=-0.0002 logvar_q_clamp=0.0000
2026-08-30 09:39:45 | Epoch 171/400 | Train Loss 2.3096 Acc 0.1244 | Val Loss 2.2882 Acc 0.1129 AUC 0.9211 Pre 0.0113 Rec 0.1000
2026-08-30 09:39:46 | Diag logvar_q_mean=-0.0002 logvar_q_clamp=0.0000
2026-08-30 09:39:50 | Epoch 172/400 | Train Loss 2.3078 Acc 0.1253 | Val Loss 2.2872 Acc 0.1129 AUC 0.9292 Pre 0.0113 Rec 0.1000
2026-08-30 09:39:51 | Diag logvar_q_mean=-0.0001 logvar_q_clamp=0.0000
2026-08-30 09:39:55 | Epoch 173/400 | Train Loss 2.3100 Acc 0.1248 | Val Loss 2.2870 Acc 0.1129 AUC 0.9416 Pre 0.0113 Rec 0.1000
2026-08-30 09:39:55 | Diag logvar_q_mean=-0.0002 logvar_q_clamp=0.0000
2026-08-30 09:39:59 | Epoch 174/400 | Train Loss 2.3097 Acc 0.1251 | Val Loss 2.2872 Acc 0.1129 AUC 0.9188 Pre 0.0113 Rec 0.1000
2026-08-30 09:40:00 | Diag logvar_q_mean=-0.0002 logvar_q_clamp=0.0000
2026-08-30 09:40:04 | Epoch 175/400 | Train Loss 2.3108 Acc 0.1206 | Val Loss 2.2873 Acc 0.1129 AUC 0.9614 Pre 0.0113 Rec 0.1000
2026-08-30 09:40:04 | Diag logvar_q_mean=-0.0001 logvar_q_clamp=0.0000
2026-08-30 09:40:08 | Epoch 176/400 | Train Loss 2.3083 Acc 0.1252 | Val Loss 2.2865 Acc 0.1129 AUC 0.9536 Pre 0.0113 Rec 0.1000
2026-08-30 09:40:09 | Diag logvar_q_mean=-0.0002 logvar_q_clamp=0.0000
2026-08-30 09:40:13 | Epoch 177/400 | Train Loss 2.3102 Acc 0.1239 | Val Loss 2.2865 Acc 0.1129 AUC 0.9745 Pre 0.0113 Rec 0.1000
2026-08-30 09:40:13 | Diag logvar_q_mean=-0.0002 logvar_q_clamp=0.0000
2026-08-30 09:40:13 |   Val AUC improved to 0.9745, model saved
2026-08-30 09:40:17 | Epoch 178/400 | Train Loss 2.3095 Acc 0.1242 | Val Loss 2.2862 Acc 0.1129 AUC 0.9764 Pre 0.0113 Rec 0.1000
2026-08-30 09:40:18 | Diag logvar_q_mean=-0.0002 logvar_q_clamp=0.0000
2026-08-30 09:40:18 |   Val AUC improved to 0.9764, model saved
2026-08-30 09:40:22 | Epoch 179/400 | Train Loss 2.3099 Acc 0.1244 | Val Loss 2.2860 Acc 0.1129 AUC 0.9761 Pre 0.0113 Rec 0.1000
2026-08-30 09:40:23 | Diag logvar_q_mean=-0.0001 logvar_q_clamp=0.0000
2026-08-30 09:40:27 | Epoch 180/400 | Train Loss 2.3100 Acc 0.1223 | Val Loss 2.2863 Acc 0.1129 AUC 0.9667 Pre 0.0113 Rec 0.1000
2026-08-30 09:40:27 | Diag logvar_q_mean=-0.0002 logvar_q_clamp=0.0000
2026-08-30 09:40:31 | Epoch 181/400 | Train Loss 2.3096 Acc 0.1246 | Val Loss 2.2862 Acc 0.1129 AUC 0.9766 Pre 0.0113 Rec 0.1000
2026-08-30 09:40:32 | Diag logvar_q_mean=-0.0002 logvar_q_clamp=0.0000
2026-08-30 09:40:32 |   Val AUC improved to 0.9766, model saved
2026-08-30 09:40:36 | Epoch 182/400 | Train Loss 2.3104 Acc 0.1221 | Val Loss 2.2867 Acc 0.1129 AUC 0.9689 Pre 0.0113 Rec 0.1000
2026-08-30 09:40:36 | Diag logvar_q_mean=-0.0001 logvar_q_clamp=0.0000
2026-08-30 09:40:40 | Epoch 183/400 | Train Loss 2.3076 Acc 0.1271 | Val Loss 2.2860 Acc 0.1129 AUC 0.9774 Pre 0.0113 Rec 0.1000
2026-08-30 09:40:41 | Diag logvar_q_mean=-0.0001 logvar_q_clamp=0.0000
2026-08-30 09:40:41 |   Val AUC improved to 0.9774, model saved
2026-08-30 09:40:45 | Epoch 184/400 | Train Loss 2.3101 Acc 0.1224 | Val Loss 2.2861 Acc 0.1129 AUC 0.9638 Pre 0.0113 Rec 0.1000
2026-08-30 09:40:46 | Diag logvar_q_mean=-0.0002 logvar_q_clamp=0.0000
2026-08-30 09:40:49 | Epoch 185/400 | Train Loss 2.3084 Acc 0.1294 | Val Loss 2.2849 Acc 0.1129 AUC 0.9645 Pre 0.0113 Rec 0.1000
2026-08-30 09:40:50 | Diag logvar_q_mean=-0.0002 logvar_q_clamp=0.0000
2026-08-30 09:40:54 | Epoch 186/400 | Train Loss 2.3107 Acc 0.1250 | Val Loss 2.2859 Acc 0.1129 AUC 0.9651 Pre 0.0113 Rec 0.1000
2026-08-30 09:40:55 | Diag logvar_q_mean=-0.0002 logvar_q_clamp=0.0000
2026-08-30 09:40:59 | Epoch 187/400 | Train Loss 2.3107 Acc 0.1236 | Val Loss 2.2866 Acc 0.1129 AUC 0.9634 Pre 0.0113 Rec 0.1000
2026-08-30 09:40:59 | Diag logvar_q_mean=-0.0001 logvar_q_clamp=0.0000
2026-08-30 09:41:03 | Epoch 188/400 | Train Loss 2.3113 Acc 0.1217 | Val Loss 2.2872 Acc 0.1129 AUC 0.9758 Pre 0.0113 Rec 0.1000
2026-08-30 09:41:04 | Diag logvar_q_mean=-0.0001 logvar_q_clamp=0.0000
2026-08-30 09:41:08 | Epoch 189/400 | Train Loss 2.3093 Acc 0.1258 | Val Loss 2.2872 Acc 0.1129 AUC 0.9755 Pre 0.0113 Rec 0.1000
2026-08-30 09:41:08 | Diag logvar_q_mean=-0.0002 logvar_q_clamp=0.0000
2026-08-30 09:41:12 | Epoch 190/400 | Train Loss 2.3104 Acc 0.1210 | Val Loss 2.2870 Acc 0.1129 AUC 0.9636 Pre 0.0113 Rec 0.1000
2026-08-30 09:41:13 | Diag logvar_q_mean=-0.0002 logvar_q_clamp=0.0000
2026-08-30 09:41:17 | Epoch 191/400 | Train Loss 2.3094 Acc 0.1238 | Val Loss 2.2871 Acc 0.1129 AUC 0.9538 Pre 0.0113 Rec 0.1000
2026-08-30 09:41:18 | Diag logvar_q_mean=-0.0002 logvar_q_clamp=0.0000
2026-08-30 09:41:22 | Epoch 192/400 | Train Loss 2.3076 Acc 0.1232 | Val Loss 2.2857 Acc 0.1129 AUC 0.9756 Pre 0.0113 Rec 0.1000
2026-08-30 09:41:23 | Diag logvar_q_mean=-0.0002 logvar_q_clamp=0.0000
2026-08-30 09:41:27 | Epoch 193/400 | Train Loss 2.3095 Acc 0.1242 | Val Loss 2.2854 Acc 0.1129 AUC 0.9750 Pre 0.0113 Rec 0.1000
2026-08-30 09:41:27 | Diag logvar_q_mean=-0.0002 logvar_q_clamp=0.0000
2026-08-30 09:41:31 | Epoch 194/400 | Train Loss 2.3105 Acc 0.1231 | Val Loss 2.2847 Acc 0.1129 AUC 0.9763 Pre 0.0113 Rec 0.1000
2026-08-30 09:41:32 | Diag logvar_q_mean=-0.0002 logvar_q_clamp=0.0000
2026-08-30 09:41:36 | Epoch 195/400 | Train Loss 2.3095 Acc 0.1276 | Val Loss 2.2848 Acc 0.1129 AUC 0.9762 Pre 0.0113 Rec 0.1000
2026-08-30 09:41:36 | Diag logvar_q_mean=-0.0002 logvar_q_clamp=0.0000
2026-08-30 09:41:40 | Epoch 196/400 | Train Loss 2.3105 Acc 0.1254 | Val Loss 2.2855 Acc 0.1129 AUC 0.9764 Pre 0.0113 Rec 0.1000
2026-08-30 09:41:41 | Diag logvar_q_mean=-0.0002 logvar_q_clamp=0.0000
2026-08-30 09:41:45 | Epoch 197/400 | Train Loss 2.3091 Acc 0.1272 | Val Loss 2.2850 Acc 0.1129 AUC 0.9658 Pre 0.0113 Rec 0.1000
2026-08-30 09:41:46 | Diag logvar_q_mean=-0.0001 logvar_q_clamp=0.0000
2026-08-30 09:41:50 | Epoch 198/400 | Train Loss 2.3100 Acc 0.1249 | Val Loss 2.2850 Acc 0.1129 AUC 0.9663 Pre 0.0113 Rec 0.1000
2026-08-30 09:41:50 | Diag logvar_q_mean=-0.0002 logvar_q_clamp=0.0000
2026-08-30 09:41:54 | Epoch 199/400 | Train Loss 2.3102 Acc 0.1246 | Val Loss 2.2853 Acc 0.1129 AUC 0.9745 Pre 0.0113 Rec 0.1000
2026-08-30 09:41:55 | Diag logvar_q_mean=-0.0002 logvar_q_clamp=0.0000
2026-08-30 09:41:59 | Epoch 200/400 | Train Loss 2.3088 Acc 0.1262 | Val Loss 2.2847 Acc 0.1130 AUC 0.9746 Pre 0.1113 Rec 0.1001
2026-08-30 09:41:59 | Diag logvar_q_mean=-0.0001 logvar_q_clamp=0.0000
2026-08-30 09:42:03 | Epoch 201/400 | Train Loss 2.3082 Acc 0.1274 | Val Loss 2.2834 Acc 0.1129 AUC 0.9649 Pre 0.0113 Rec 0.1000
2026-08-30 09:42:04 | Diag logvar_q_mean=-0.0002 logvar_q_clamp=0.0000
2026-08-30 09:42:08 | Epoch 202/400 | Train Loss 2.3087 Acc 0.1277 | Val Loss 2.2831 Acc 0.1129 AUC 0.9641 Pre 0.0113 Rec 0.1000
2026-08-30 09:42:09 | Diag logvar_q_mean=-0.0002 logvar_q_clamp=0.0000
2026-08-30 09:42:12 | Epoch 203/400 | Train Loss 2.3091 Acc 0.1285 | Val Loss 2.2825 Acc 0.1129 AUC 0.9778 Pre 0.0113 Rec 0.1000
2026-08-30 09:42:13 | Diag logvar_q_mean=-0.0002 logvar_q_clamp=0.0000
2026-08-30 09:42:13 |   Val AUC improved to 0.9778, model saved
2026-08-30 09:42:17 | Epoch 204/400 | Train Loss 2.3088 Acc 0.1307 | Val Loss 2.2826 Acc 0.1130 AUC 0.9753 Pre 0.1113 Rec 0.1001
2026-08-30 09:42:18 | Diag logvar_q_mean=-0.0003 logvar_q_clamp=0.0000
2026-08-30 09:42:22 | Epoch 205/400 | Train Loss 2.3106 Acc 0.1293 | Val Loss 2.2828 Acc 0.1129 AUC 0.9760 Pre 0.0113 Rec 0.1000
2026-08-30 09:42:22 | Diag logvar_q_mean=-0.0002 logvar_q_clamp=0.0000
2026-08-30 09:42:26 | Epoch 206/400 | Train Loss 2.3088 Acc 0.1300 | Val Loss 2.2827 Acc 0.1129 AUC 0.9751 Pre 0.0113 Rec 0.1000
2026-08-30 09:42:27 | Diag logvar_q_mean=-0.0002 logvar_q_clamp=0.0000
2026-08-30 09:42:31 | Epoch 207/400 | Train Loss 2.3107 Acc 0.1277 | Val Loss 2.2832 Acc 0.1129 AUC 0.9756 Pre 0.0113 Rec 0.1000
2026-08-30 09:42:31 | Diag logvar_q_mean=-0.0002 logvar_q_clamp=0.0000
2026-08-30 09:42:35 | Epoch 208/400 | Train Loss 2.3103 Acc 0.1261 | Val Loss 2.2838 Acc 0.1129 AUC 0.9754 Pre 0.0113 Rec 0.1000
2026-08-30 09:42:36 | Diag logvar_q_mean=-0.0002 logvar_q_clamp=0.0000
2026-08-30 09:42:40 | Epoch 209/400 | Train Loss 2.3090 Acc 0.1272 | Val Loss 2.2832 Acc 0.1129 AUC 0.9663 Pre 0.0113 Rec 0.1000
2026-08-30 09:42:41 | Diag logvar_q_mean=-0.0002 logvar_q_clamp=0.0000
2026-08-30 09:42:45 | Epoch 210/400 | Train Loss 2.3096 Acc 0.1281 | Val Loss 2.2831 Acc 0.1129 AUC 0.9671 Pre 0.0113 Rec 0.1000
2026-08-30 09:42:45 | Diag logvar_q_mean=-0.0002 logvar_q_clamp=0.0000
2026-08-30 09:42:49 | Epoch 211/400 | Train Loss 2.3113 Acc 0.1247 | Val Loss 2.2843 Acc 0.1129 AUC 0.9647 Pre 0.0113 Rec 0.1000
2026-08-30 09:42:50 | Diag logvar_q_mean=-0.0002 logvar_q_clamp=0.0000
2026-08-30 09:42:54 | Epoch 212/400 | Train Loss 2.3095 Acc 0.1271 | Val Loss 2.2839 Acc 0.1129 AUC 0.9778 Pre 0.0113 Rec 0.1000
2026-08-30 09:42:54 | Diag logvar_q_mean=-0.0002 logvar_q_clamp=0.0000
2026-08-30 09:42:54 |   Val AUC improved to 0.9778, model saved
2026-08-30 09:42:58 | Epoch 213/400 | Train Loss 2.3070 Acc 0.1304 | Val Loss 2.2824 Acc 0.1142 AUC 0.9762 Pre 0.1113 Rec 0.1013
2026-08-30 09:42:59 | Diag logvar_q_mean=-0.0001 logvar_q_clamp=0.0000
2026-08-30 09:43:03 | Epoch 214/400 | Train Loss 2.3103 Acc 0.1296 | Val Loss 2.2827 Acc 0.1129 AUC 0.9655 Pre 0.0113 Rec 0.1000
2026-08-30 09:43:03 | Diag logvar_q_mean=-0.0002 logvar_q_clamp=0.0000
2026-08-30 09:43:07 | Epoch 215/400 | Train Loss 2.3093 Acc 0.1299 | Val Loss 2.2830 Acc 0.1136 AUC 0.9763 Pre 0.1113 Rec 0.1007
2026-08-30 09:43:08 | Diag logvar_q_mean=-0.0002 logvar_q_clamp=0.0000
2026-08-30 09:43:12 | Epoch 216/400 | Train Loss 2.3101 Acc 0.1291 | Val Loss 2.2833 Acc 0.1129 AUC 0.9526 Pre 0.0113 Rec 0.1000
2026-08-30 09:43:13 | Diag logvar_q_mean=-0.0002 logvar_q_clamp=0.0000
2026-08-30 09:43:17 | Epoch 217/400 | Train Loss 2.3099 Acc 0.1276 | Val Loss 2.2831 Acc 0.1129 AUC 0.9776 Pre 0.0113 Rec 0.1000
2026-08-30 09:43:17 | Diag logvar_q_mean=-0.0001 logvar_q_clamp=0.0000
2026-08-30 09:43:21 | Epoch 218/400 | Train Loss 2.3105 Acc 0.1291 | Val Loss 2.2832 Acc 0.1129 AUC 0.9769 Pre 0.0113 Rec 0.1000
2026-08-30 09:43:22 | Diag logvar_q_mean=-0.0002 logvar_q_clamp=0.0000
2026-08-30 09:43:26 | Epoch 219/400 | Train Loss 2.3099 Acc 0.1270 | Val Loss 2.2835 Acc 0.1129 AUC 0.9574 Pre 0.0113 Rec 0.1000
2026-08-30 09:43:26 | Diag logvar_q_mean=-0.0001 logvar_q_clamp=0.0000
2026-08-30 09:43:30 | Epoch 220/400 | Train Loss 2.3097 Acc 0.1259 | Val Loss 2.2834 Acc 0.1129 AUC 0.9658 Pre 0.0113 Rec 0.1000
2026-08-30 09:43:31 | Diag logvar_q_mean=-0.0002 logvar_q_clamp=0.0000
2026-08-30 09:43:35 | Epoch 221/400 | Train Loss 2.3094 Acc 0.1291 | Val Loss 2.2832 Acc 0.1132 AUC 0.9651 Pre 0.1113 Rec 0.1003
2026-08-30 09:43:36 | Diag logvar_q_mean=-0.0002 logvar_q_clamp=0.0000
2026-08-30 09:43:40 | Epoch 222/400 | Train Loss 2.3104 Acc 0.1262 | Val Loss 2.2836 Acc 0.1129 AUC 0.9622 Pre 0.0113 Rec 0.1000
2026-08-30 09:43:40 | Diag logvar_q_mean=-0.0002 logvar_q_clamp=0.0000
2026-08-30 09:43:44 | Epoch 223/400 | Train Loss 2.3088 Acc 0.1301 | Val Loss 2.2831 Acc 0.1129 AUC 0.9419 Pre 0.0113 Rec 0.1000
2026-08-30 09:43:45 | Diag logvar_q_mean=-0.0002 logvar_q_clamp=0.0000
2026-08-30 09:43:49 | Epoch 224/400 | Train Loss 2.3102 Acc 0.1275 | Val Loss 2.2835 Acc 0.1129 AUC 0.9741 Pre 0.0113 Rec 0.1000
2026-08-30 09:43:49 | Diag logvar_q_mean=-0.0002 logvar_q_clamp=0.0000
2026-08-30 09:43:53 | Epoch 225/400 | Train Loss 2.3085 Acc 0.1283 | Val Loss 2.2830 Acc 0.1129 AUC 0.9661 Pre 0.0113 Rec 0.1000
2026-08-30 09:43:54 | Diag logvar_q_mean=-0.0001 logvar_q_clamp=0.0000
2026-08-30 09:43:58 | Epoch 226/400 | Train Loss 2.3084 Acc 0.1309 | Val Loss 2.2822 Acc 0.1131 AUC 0.9645 Pre 0.1113 Rec 0.1002
2026-08-30 09:43:58 | Diag logvar_q_mean=-0.0002 logvar_q_clamp=0.0000
2026-08-30 09:44:02 | Epoch 227/400 | Train Loss 2.3096 Acc 0.1296 | Val Loss 2.2824 Acc 0.1131 AUC 0.9650 Pre 0.1113 Rec 0.1002
2026-08-30 09:44:03 | Diag logvar_q_mean=-0.0002 logvar_q_clamp=0.0000
2026-08-30 09:44:07 | Epoch 228/400 | Train Loss 2.3095 Acc 0.1315 | Val Loss 2.2820 Acc 0.1129 AUC 0.9659 Pre 0.0113 Rec 0.1000
2026-08-30 09:44:08 | Diag logvar_q_mean=-0.0002 logvar_q_clamp=0.0000
2026-08-30 09:44:11 | Epoch 229/400 | Train Loss 2.3107 Acc 0.1280 | Val Loss 2.2827 Acc 0.1129 AUC 0.9645 Pre 0.0113 Rec 0.1000
2026-08-30 09:44:12 | Diag logvar_q_mean=-0.0002 logvar_q_clamp=0.0000
2026-08-30 09:44:16 | Epoch 230/400 | Train Loss 2.3087 Acc 0.1293 | Val Loss 2.2825 Acc 0.1129 AUC 0.9646 Pre 0.0113 Rec 0.1000
2026-08-30 09:44:17 | Diag logvar_q_mean=-0.0002 logvar_q_clamp=0.0000
2026-08-30 09:44:21 | Epoch 231/400 | Train Loss 2.3104 Acc 0.1302 | Val Loss 2.2827 Acc 0.1136 AUC 0.9667 Pre 0.1113 Rec 0.1007
2026-08-30 09:44:21 | Diag logvar_q_mean=-0.0001 logvar_q_clamp=0.0000
2026-08-30 09:44:25 | Epoch 232/400 | Train Loss 2.3122 Acc 0.1257 | Val Loss 2.2843 Acc 0.1129 AUC 0.9652 Pre 0.0113 Rec 0.1000
2026-08-30 09:44:26 | Diag logvar_q_mean=-0.0002 logvar_q_clamp=0.0000
2026-08-30 09:44:30 | Epoch 233/400 | Train Loss 2.3102 Acc 0.1263 | Val Loss 2.2848 Acc 0.1129 AUC 0.9534 Pre 0.0113 Rec 0.1000
2026-08-30 09:44:30 | Diag logvar_q_mean=-0.0002 logvar_q_clamp=0.0000
2026-08-30 09:44:34 | Epoch 234/400 | Train Loss 2.3103 Acc 0.1274 | Val Loss 2.2853 Acc 0.1129 AUC 0.9628 Pre 0.0113 Rec 0.1000
2026-08-30 09:44:35 | Diag logvar_q_mean=-0.0002 logvar_q_clamp=0.0000
2026-08-30 09:44:39 | Epoch 235/400 | Train Loss 2.3109 Acc 0.1256 | Val Loss 2.2851 Acc 0.1129 AUC 0.9550 Pre 0.0113 Rec 0.1000
2026-08-30 09:44:40 | Diag logvar_q_mean=-0.0002 logvar_q_clamp=0.0000
2026-08-30 09:44:44 | Epoch 236/400 | Train Loss 2.3103 Acc 0.1253 | Val Loss 2.2855 Acc 0.1129 AUC 0.9534 Pre 0.0113 Rec 0.1000
2026-08-30 09:44:44 | Diag logvar_q_mean=-0.0002 logvar_q_clamp=0.0000
2026-08-30 09:44:48 | Epoch 237/400 | Train Loss 2.3102 Acc 0.1259 | Val Loss 2.2859 Acc 0.1129 AUC 0.9642 Pre 0.0113 Rec 0.1000
2026-08-30 09:44:49 | Diag logvar_q_mean=-0.0002 logvar_q_clamp=0.0000
2026-08-30 09:44:53 | Epoch 238/400 | Train Loss 2.3090 Acc 0.1276 | Val Loss 2.2851 Acc 0.1129 AUC 0.9623 Pre 0.0113 Rec 0.1000
2026-08-30 09:44:53 | Diag logvar_q_mean=-0.0002 logvar_q_clamp=0.0000
2026-08-30 09:44:58 | Epoch 239/400 | Train Loss 2.3116 Acc 0.1253 | Val Loss 2.2858 Acc 0.1129 AUC 0.9761 Pre 0.0113 Rec 0.1000
2026-08-30 09:44:58 | Diag logvar_q_mean=-0.0002 logvar_q_clamp=0.0000
2026-08-30 09:45:02 | Epoch 240/400 | Train Loss 2.3094 Acc 0.1282 | Val Loss 2.2853 Acc 0.1129 AUC 0.9756 Pre 0.0113 Rec 0.1000
2026-08-30 09:45:03 | Diag logvar_q_mean=-0.0001 logvar_q_clamp=0.0000
2026-08-30 09:45:07 | Epoch 241/400 | Train Loss 2.3082 Acc 0.1277 | Val Loss 2.2843 Acc 0.1129 AUC 0.9761 Pre 0.0113 Rec 0.1000
2026-08-30 09:45:07 | Diag logvar_q_mean=-0.0002 logvar_q_clamp=0.0000
2026-08-30 09:45:11 | Epoch 242/400 | Train Loss 2.3094 Acc 0.1271 | Val Loss 2.2840 Acc 0.1129 AUC 0.9754 Pre 0.0113 Rec 0.1000
2026-08-30 09:45:12 | Diag logvar_q_mean=-0.0002 logvar_q_clamp=0.0000
2026-08-30 09:45:16 | Epoch 243/400 | Train Loss 2.3107 Acc 0.1250 | Val Loss 2.2845 Acc 0.1129 AUC 0.9748 Pre 0.0113 Rec 0.1000
2026-08-30 09:45:17 | Diag logvar_q_mean=-0.0002 logvar_q_clamp=0.0000
2026-08-30 09:45:20 | Epoch 244/400 | Train Loss 2.3094 Acc 0.1274 | Val Loss 2.2840 Acc 0.1129 AUC 0.9640 Pre 0.0113 Rec 0.1000
2026-08-30 09:45:21 | Diag logvar_q_mean=-0.0002 logvar_q_clamp=0.0000
2026-08-30 09:45:25 | Epoch 245/400 | Train Loss 2.3097 Acc 0.1306 | Val Loss 2.2845 Acc 0.1129 AUC 0.9655 Pre 0.0113 Rec 0.1000
2026-08-30 09:45:26 | Diag logvar_q_mean=-0.0002 logvar_q_clamp=0.0000
2026-08-30 09:45:30 | Epoch 246/400 | Train Loss 2.3086 Acc 0.1289 | Val Loss 2.2840 Acc 0.1129 AUC 0.9533 Pre 0.0113 Rec 0.1000
2026-08-30 09:45:30 | Diag logvar_q_mean=-0.0001 logvar_q_clamp=0.0000
2026-08-30 09:45:34 | Epoch 247/400 | Train Loss 2.3105 Acc 0.1274 | Val Loss 2.2843 Acc 0.1129 AUC 0.9656 Pre 0.0113 Rec 0.1000
2026-08-30 09:45:35 | Diag logvar_q_mean=-0.0002 logvar_q_clamp=0.0000
2026-08-30 09:45:39 | Epoch 248/400 | Train Loss 2.3091 Acc 0.1281 | Val Loss 2.2840 Acc 0.1131 AUC 0.9641 Pre 0.1113 Rec 0.1002
2026-08-30 09:45:39 | Diag logvar_q_mean=-0.0002 logvar_q_clamp=0.0000
2026-08-30 09:45:43 | Epoch 249/400 | Train Loss 2.3097 Acc 0.1289 | Val Loss 2.2837 Acc 0.1129 AUC 0.9737 Pre 0.0113 Rec 0.1000
2026-08-30 09:45:44 | Diag logvar_q_mean=-0.0002 logvar_q_clamp=0.0000
2026-08-30 09:45:48 | Epoch 250/400 | Train Loss 2.3109 Acc 0.1273 | Val Loss 2.2843 Acc 0.1129 AUC 0.9341 Pre 0.0113 Rec 0.1000
2026-08-30 09:45:49 | Diag logvar_q_mean=-0.0002 logvar_q_clamp=0.0000
2026-08-30 09:45:53 | Epoch 251/400 | Train Loss 2.3111 Acc 0.1260 | Val Loss 2.2849 Acc 0.1129 AUC 0.9551 Pre 0.0113 Rec 0.1000
2026-08-30 09:45:53 | Diag logvar_q_mean=-0.0001 logvar_q_clamp=0.0000
2026-08-30 09:45:57 | Epoch 252/400 | Train Loss 2.3086 Acc 0.1276 | Val Loss 2.2847 Acc 0.1129 AUC 0.9646 Pre 0.0113 Rec 0.1000
2026-08-30 09:45:58 | Diag logvar_q_mean=-0.0002 logvar_q_clamp=0.0000
2026-08-30 09:46:02 | Epoch 253/400 | Train Loss 2.3098 Acc 0.1282 | Val Loss 2.2838 Acc 0.1129 AUC 0.9751 Pre 0.0113 Rec 0.1000
2026-08-30 09:46:02 | Diag logvar_q_mean=-0.0002 logvar_q_clamp=0.0000
2026-08-30 09:46:06 | Epoch 254/400 | Train Loss 2.3103 Acc 0.1292 | Val Loss 2.2843 Acc 0.1129 AUC 0.9535 Pre 0.0113 Rec 0.1000
2026-08-30 09:46:07 | Diag logvar_q_mean=-0.0001 logvar_q_clamp=0.0000
2026-08-30 09:46:11 | Epoch 255/400 | Train Loss 2.3120 Acc 0.1239 | Val Loss 2.2855 Acc 0.1129 AUC 0.9633 Pre 0.0113 Rec 0.1000
2026-08-30 09:46:12 | Diag logvar_q_mean=-0.0001 logvar_q_clamp=0.0000
2026-08-30 09:46:15 | Epoch 256/400 | Train Loss 2.3101 Acc 0.1238 | Val Loss 2.2856 Acc 0.1129 AUC 0.9755 Pre 0.0113 Rec 0.1000
2026-08-30 09:46:16 | Diag logvar_q_mean=-0.0001 logvar_q_clamp=0.0000
2026-08-30 09:46:20 | Epoch 257/400 | Train Loss 2.3085 Acc 0.1284 | Val Loss 2.2846 Acc 0.1129 AUC 0.9641 Pre 0.0113 Rec 0.1000
2026-08-30 09:46:21 | Diag logvar_q_mean=-0.0001 logvar_q_clamp=0.0000
2026-08-30 09:46:25 | Epoch 258/400 | Train Loss 2.3089 Acc 0.1282 | Val Loss 2.2842 Acc 0.1129 AUC 0.9743 Pre 0.0113 Rec 0.1000
2026-08-30 09:46:25 | Diag logvar_q_mean=-0.0002 logvar_q_clamp=0.0000
2026-08-30 09:46:29 | Epoch 259/400 | Train Loss 2.3117 Acc 0.1257 | Val Loss 2.2852 Acc 0.1129 AUC 0.9637 Pre 0.0113 Rec 0.1000
2026-08-30 09:46:30 | Diag logvar_q_mean=-0.0002 logvar_q_clamp=0.0000
2026-08-30 09:46:34 | Epoch 260/400 | Train Loss 2.3107 Acc 0.1264 | Val Loss 2.2855 Acc 0.1129 AUC 0.9753 Pre 0.0113 Rec 0.1000
2026-08-30 09:46:34 | Diag logvar_q_mean=-0.0001 logvar_q_clamp=0.0000
2026-08-30 09:46:38 | Epoch 261/400 | Train Loss 2.3092 Acc 0.1271 | Val Loss 2.2849 Acc 0.1136 AUC 0.9660 Pre 0.1113 Rec 0.1007
2026-08-30 09:46:39 | Diag logvar_q_mean=-0.0002 logvar_q_clamp=0.0000
2026-08-30 09:46:43 | Epoch 262/400 | Train Loss 2.3091 Acc 0.1272 | Val Loss 2.2847 Acc 0.1134 AUC 0.9538 Pre 0.1113 Rec 0.1005
2026-08-30 09:46:43 | Diag logvar_q_mean=-0.0002 logvar_q_clamp=0.0000
2026-08-30 09:46:47 | Epoch 263/400 | Train Loss 2.3085 Acc 0.1286 | Val Loss 2.2843 Acc 0.1129 AUC 0.9526 Pre 0.0113 Rec 0.1000
2026-08-30 09:46:48 | Diag logvar_q_mean=-0.0002 logvar_q_clamp=0.0000
2026-08-30 09:46:52 | Epoch 264/400 | Train Loss 2.3088 Acc 0.1322 | Val Loss 2.2835 Acc 0.1132 AUC 0.9642 Pre 0.1113 Rec 0.1003
2026-08-30 09:46:53 | Diag logvar_q_mean=-0.0002 logvar_q_clamp=0.0000
2026-08-30 09:46:57 | Epoch 265/400 | Train Loss 2.3100 Acc 0.1276 | Val Loss 2.2839 Acc 0.1129 AUC 0.9550 Pre 0.0113 Rec 0.1000
2026-08-30 09:46:57 | Diag logvar_q_mean=-0.0002 logvar_q_clamp=0.0000
2026-08-30 09:47:01 | Epoch 266/400 | Train Loss 2.3084 Acc 0.1295 | Val Loss 2.2835 Acc 0.1145 AUC 0.9640 Pre 0.1113 Rec 0.1015
2026-08-30 09:47:02 | Diag logvar_q_mean=-0.0002 logvar_q_clamp=0.0000
2026-08-30 09:47:06 | Epoch 267/400 | Train Loss 2.3108 Acc 0.1289 | Val Loss 2.2838 Acc 0.1131 AUC 0.9748 Pre 0.1113 Rec 0.1002
2026-08-30 09:47:07 | Diag logvar_q_mean=-0.0002 logvar_q_clamp=0.0000
2026-08-30 09:47:10 | Epoch 268/400 | Train Loss 2.3099 Acc 0.1278 | Val Loss 2.2841 Acc 0.1129 AUC 0.9649 Pre 0.0113 Rec 0.1000
2026-08-30 09:47:11 | Diag logvar_q_mean=-0.0002 logvar_q_clamp=0.0000
2026-08-30 09:47:15 | Epoch 269/400 | Train Loss 2.3110 Acc 0.1280 | Val Loss 2.2842 Acc 0.1129 AUC 0.9755 Pre 0.0113 Rec 0.1000
2026-08-30 09:47:16 | Diag logvar_q_mean=-0.0002 logvar_q_clamp=0.0000
2026-08-30 09:47:20 | Epoch 270/400 | Train Loss 2.3108 Acc 0.1270 | Val Loss 2.2850 Acc 0.1129 AUC 0.9625 Pre 0.0113 Rec 0.1000
2026-08-30 09:47:20 | Diag logvar_q_mean=-0.0002 logvar_q_clamp=0.0000
2026-08-30 09:47:24 | Epoch 271/400 | Train Loss 2.3081 Acc 0.1287 | Val Loss 2.2837 Acc 0.1137 AUC 0.9628 Pre 0.1113 Rec 0.1008
2026-08-30 09:47:25 | Diag logvar_q_mean=-0.0002 logvar_q_clamp=0.0000
2026-08-30 09:47:29 | Epoch 272/400 | Train Loss 2.3103 Acc 0.1272 | Val Loss 2.2841 Acc 0.1129 AUC 0.9641 Pre 0.0113 Rec 0.1000
2026-08-30 09:47:29 | Diag logvar_q_mean=-0.0002 logvar_q_clamp=0.0000
2026-08-30 09:47:34 | Epoch 273/400 | Train Loss 2.3088 Acc 0.1295 | Val Loss 2.2838 Acc 0.1130 AUC 0.9503 Pre 0.1113 Rec 0.1001
2026-08-30 09:47:34 | Diag logvar_q_mean=-0.0002 logvar_q_clamp=0.0000
2026-08-30 09:47:38 | Epoch 274/400 | Train Loss 2.3110 Acc 0.1274 | Val Loss 2.2843 Acc 0.1129 AUC 0.9526 Pre 0.0113 Rec 0.1000
2026-08-30 09:47:39 | Diag logvar_q_mean=-0.0001 logvar_q_clamp=0.0000
2026-08-30 09:47:43 | Epoch 275/400 | Train Loss 2.3096 Acc 0.1281 | Val Loss 2.2841 Acc 0.1129 AUC 0.9641 Pre 0.0113 Rec 0.1000
2026-08-30 09:47:43 | Diag logvar_q_mean=-0.0002 logvar_q_clamp=0.0000
2026-08-30 09:47:47 | Epoch 276/400 | Train Loss 2.3094 Acc 0.1289 | Val Loss 2.2838 Acc 0.1137 AUC 0.9527 Pre 0.1113 Rec 0.1008
2026-08-30 09:47:48 | Diag logvar_q_mean=-0.0001 logvar_q_clamp=0.0000
2026-08-30 09:47:52 | Epoch 277/400 | Train Loss 2.3098 Acc 0.1272 | Val Loss 2.2836 Acc 0.1146 AUC 0.9765 Pre 0.1058 Rec 0.1016
2026-08-30 09:47:53 | Diag logvar_q_mean=-0.0002 logvar_q_clamp=0.0000
2026-08-30 09:47:57 | Epoch 278/400 | Train Loss 2.3096 Acc 0.1277 | Val Loss 2.2840 Acc 0.1129 AUC 0.9663 Pre 0.0113 Rec 0.1000
2026-08-30 09:47:57 | Diag logvar_q_mean=-0.0002 logvar_q_clamp=0.0000
2026-08-30 09:48:01 | Epoch 279/400 | Train Loss 2.3096 Acc 0.1273 | Val Loss 2.2839 Acc 0.1129 AUC 0.9656 Pre 0.0113 Rec 0.1000
2026-08-30 09:48:02 | Diag logvar_q_mean=-0.0002 logvar_q_clamp=0.0000
2026-08-30 09:48:06 | Epoch 280/400 | Train Loss 2.3103 Acc 0.1279 | Val Loss 2.2842 Acc 0.1129 AUC 0.9657 Pre 0.0113 Rec 0.1000
2026-08-30 09:48:06 | Diag logvar_q_mean=-0.0002 logvar_q_clamp=0.0000
2026-08-30 09:48:10 | Epoch 281/400 | Train Loss 2.3089 Acc 0.1281 | Val Loss 2.2837 Acc 0.1129 AUC 0.9555 Pre 0.0113 Rec 0.1000
2026-08-30 09:48:11 | Diag logvar_q_mean=-0.0001 logvar_q_clamp=0.0000
2026-08-30 09:48:15 | Epoch 282/400 | Train Loss 2.3096 Acc 0.1279 | Val Loss 2.2838 Acc 0.1129 AUC 0.9645 Pre 0.0113 Rec 0.1000
2026-08-30 09:48:15 | Diag logvar_q_mean=-0.0002 logvar_q_clamp=0.0000
2026-08-30 09:48:19 | Epoch 283/400 | Train Loss 2.3105 Acc 0.1268 | Val Loss 2.2840 Acc 0.1129 AUC 0.9635 Pre 0.0113 Rec 0.1000
2026-08-30 09:48:20 | Diag logvar_q_mean=-0.0002 logvar_q_clamp=0.0000
2026-08-30 09:48:24 | Epoch 284/400 | Train Loss 2.3102 Acc 0.1268 | Val Loss 2.2844 Acc 0.1129 AUC 0.9635 Pre 0.0113 Rec 0.1000
2026-08-30 09:48:25 | Diag logvar_q_mean=-0.0002 logvar_q_clamp=0.0000
2026-08-30 09:48:29 | Epoch 285/400 | Train Loss 2.3101 Acc 0.1268 | Val Loss 2.2847 Acc 0.1129 AUC 0.9653 Pre 0.0113 Rec 0.1000
2026-08-30 09:48:29 | Diag logvar_q_mean=-0.0001 logvar_q_clamp=0.0000
2026-08-30 09:48:33 | Epoch 286/400 | Train Loss 2.3103 Acc 0.1249 | Val Loss 2.2848 Acc 0.1129 AUC 0.9560 Pre 0.0113 Rec 0.1000
2026-08-30 09:48:34 | Diag logvar_q_mean=-0.0002 logvar_q_clamp=0.0000
2026-08-30 09:48:38 | Epoch 287/400 | Train Loss 2.3090 Acc 0.1288 | Val Loss 2.2848 Acc 0.1129 AUC 0.9633 Pre 0.0113 Rec 0.1000
2026-08-30 09:48:38 | Diag logvar_q_mean=-0.0001 logvar_q_clamp=0.0000
2026-08-30 09:48:42 | Epoch 288/400 | Train Loss 2.3103 Acc 0.1269 | Val Loss 2.2849 Acc 0.1129 AUC 0.9432 Pre 0.0113 Rec 0.1000
2026-08-30 09:48:43 | Diag logvar_q_mean=-0.0001 logvar_q_clamp=0.0000
2026-08-30 09:48:47 | Epoch 289/400 | Train Loss 2.3084 Acc 0.1288 | Val Loss 2.2841 Acc 0.1129 AUC 0.9514 Pre 0.0113 Rec 0.1000
2026-08-30 09:48:47 | Diag logvar_q_mean=-0.0002 logvar_q_clamp=0.0000
2026-08-30 09:48:52 | Epoch 290/400 | Train Loss 2.3089 Acc 0.1292 | Val Loss 2.2834 Acc 0.1129 AUC 0.9652 Pre 0.0113 Rec 0.1000
2026-08-30 09:48:52 | Diag logvar_q_mean=-0.0002 logvar_q_clamp=0.0000
2026-08-30 09:48:56 | Epoch 291/400 | Train Loss 2.3099 Acc 0.1289 | Val Loss 2.2840 Acc 0.1129 AUC 0.9566 Pre 0.0113 Rec 0.1000
2026-08-30 09:48:57 | Diag logvar_q_mean=-0.0001 logvar_q_clamp=0.0000
2026-08-30 09:49:01 | Epoch 292/400 | Train Loss 2.3110 Acc 0.1269 | Val Loss 2.2841 Acc 0.1129 AUC 0.9655 Pre 0.0113 Rec 0.1000
2026-08-30 09:49:01 | Diag logvar_q_mean=-0.0002 logvar_q_clamp=0.0000
2026-08-30 09:49:05 | Epoch 293/400 | Train Loss 2.3102 Acc 0.1267 | Val Loss 2.2842 Acc 0.1129 AUC 0.9537 Pre 0.0113 Rec 0.1000
2026-08-30 09:49:06 | Diag logvar_q_mean=-0.0002 logvar_q_clamp=0.0000
2026-08-30 09:49:10 | Epoch 294/400 | Train Loss 2.3092 Acc 0.1259 | Val Loss 2.2843 Acc 0.1129 AUC 0.9456 Pre 0.0113 Rec 0.1000
2026-08-30 09:49:11 | Diag logvar_q_mean=-0.0001 logvar_q_clamp=0.0000
2026-08-30 09:49:15 | Epoch 295/400 | Train Loss 2.3096 Acc 0.1275 | Val Loss 2.2841 Acc 0.1129 AUC 0.9728 Pre 0.0113 Rec 0.1000
2026-08-30 09:49:15 | Diag logvar_q_mean=-0.0002 logvar_q_clamp=0.0000
2026-08-30 09:49:19 | Epoch 296/400 | Train Loss 2.3104 Acc 0.1236 | Val Loss 2.2846 Acc 0.1129 AUC 0.9519 Pre 0.0113 Rec 0.1000
2026-08-30 09:49:20 | Diag logvar_q_mean=-0.0002 logvar_q_clamp=0.0000
2026-08-30 09:49:24 | Epoch 297/400 | Train Loss 2.3109 Acc 0.1257 | Val Loss 2.2852 Acc 0.1129 AUC 0.9542 Pre 0.0113 Rec 0.1000
2026-08-30 09:49:25 | Diag logvar_q_mean=-0.0001 logvar_q_clamp=0.0000
2026-08-30 09:49:28 | Epoch 298/400 | Train Loss 2.3109 Acc 0.1256 | Val Loss 2.2855 Acc 0.1129 AUC 0.9741 Pre 0.0113 Rec 0.1000
2026-08-30 09:49:29 | Diag logvar_q_mean=-0.0001 logvar_q_clamp=0.0000
2026-08-30 09:49:33 | Epoch 299/400 | Train Loss 2.3086 Acc 0.1286 | Val Loss 2.2847 Acc 0.1129 AUC 0.9625 Pre 0.0113 Rec 0.1000
2026-08-30 09:49:34 | Diag logvar_q_mean=-0.0001 logvar_q_clamp=0.0000
2026-08-30 09:49:38 | Epoch 300/400 | Train Loss 2.3096 Acc 0.1283 | Val Loss 2.2846 Acc 0.1129 AUC 0.9748 Pre 0.0113 Rec 0.1000
2026-08-30 09:49:38 | Diag logvar_q_mean=-0.0002 logvar_q_clamp=0.0000
2026-08-30 09:49:42 | Epoch 301/400 | Train Loss 2.3096 Acc 0.1266 | Val Loss 2.2847 Acc 0.1129 AUC 0.9751 Pre 0.0113 Rec 0.1000
2026-08-30 09:49:43 | Diag logvar_q_mean=-0.0002 logvar_q_clamp=0.0000
2026-08-30 09:49:47 | Epoch 302/400 | Train Loss 2.3091 Acc 0.1307 | Val Loss 2.2836 Acc 0.1129 AUC 0.9763 Pre 0.0113 Rec 0.1000
2026-08-30 09:49:48 | Diag logvar_q_mean=-0.0002 logvar_q_clamp=0.0000
2026-08-30 09:49:51 | Epoch 303/400 | Train Loss 2.3101 Acc 0.1284 | Val Loss 2.2843 Acc 0.1129 AUC 0.9741 Pre 0.0113 Rec 0.1000
2026-08-30 09:49:52 | Diag logvar_q_mean=-0.0002 logvar_q_clamp=0.0000
2026-08-30 09:49:56 | Epoch 304/400 | Train Loss 2.3087 Acc 0.1300 | Val Loss 2.2837 Acc 0.1129 AUC 0.9722 Pre 0.0113 Rec 0.1000
2026-08-30 09:49:57 | Diag logvar_q_mean=-0.0002 logvar_q_clamp=0.0000
2026-08-30 09:50:01 | Epoch 305/400 | Train Loss 2.3112 Acc 0.1265 | Val Loss 2.2846 Acc 0.1129 AUC 0.9616 Pre 0.0113 Rec 0.1000
2026-08-30 09:50:01 | Diag logvar_q_mean=-0.0002 logvar_q_clamp=0.0000
2026-08-30 09:50:05 | Epoch 306/400 | Train Loss 2.3086 Acc 0.1292 | Val Loss 2.2840 Acc 0.1129 AUC 0.9644 Pre 0.0113 Rec 0.1000
2026-08-30 09:50:06 | Diag logvar_q_mean=-0.0002 logvar_q_clamp=0.0000
2026-08-30 09:50:10 | Epoch 307/400 | Train Loss 2.3096 Acc 0.1283 | Val Loss 2.2836 Acc 0.1129 AUC 0.9544 Pre 0.0113 Rec 0.1000
2026-08-30 09:50:10 | Diag logvar_q_mean=-0.0002 logvar_q_clamp=0.0000
2026-08-30 09:50:14 | Epoch 308/400 | Train Loss 2.3087 Acc 0.1328 | Val Loss 2.2833 Acc 0.1129 AUC 0.9637 Pre 0.0113 Rec 0.1000
2026-08-30 09:50:15 | Diag logvar_q_mean=-0.0002 logvar_q_clamp=0.0000
2026-08-30 09:50:19 | Epoch 309/400 | Train Loss 2.3104 Acc 0.1269 | Val Loss 2.2840 Acc 0.1129 AUC 0.9750 Pre 0.0113 Rec 0.1000
2026-08-30 09:50:19 | Diag logvar_q_mean=-0.0001 logvar_q_clamp=0.0000
2026-08-30 09:50:23 | Epoch 310/400 | Train Loss 2.3098 Acc 0.1265 | Val Loss 2.2837 Acc 0.1129 AUC 0.9651 Pre 0.0113 Rec 0.1000
2026-08-30 09:50:24 | Diag logvar_q_mean=-0.0001 logvar_q_clamp=0.0000
2026-08-30 09:50:28 | Epoch 311/400 | Train Loss 2.3104 Acc 0.1301 | Val Loss 2.2839 Acc 0.1129 AUC 0.9753 Pre 0.0113 Rec 0.1000
2026-08-30 09:50:29 | Diag logvar_q_mean=-0.0002 logvar_q_clamp=0.0000
2026-08-30 09:50:33 | Epoch 312/400 | Train Loss 2.3095 Acc 0.1301 | Val Loss 2.2839 Acc 0.1129 AUC 0.9654 Pre 0.0113 Rec 0.1000
2026-08-30 09:50:33 | Diag logvar_q_mean=-0.0002 logvar_q_clamp=0.0000
2026-08-30 09:50:37 | Epoch 313/400 | Train Loss 2.3100 Acc 0.1259 | Val Loss 2.2842 Acc 0.1130 AUC 0.9616 Pre 0.1113 Rec 0.1001
2026-08-30 09:50:38 | Diag logvar_q_mean=-0.0002 logvar_q_clamp=0.0000
2026-08-30 09:50:42 | Epoch 314/400 | Train Loss 2.3087 Acc 0.1262 | Val Loss 2.2839 Acc 0.1129 AUC 0.9609 Pre 0.0113 Rec 0.1000
2026-08-30 09:50:42 | Diag logvar_q_mean=-0.0002 logvar_q_clamp=0.0000
2026-08-30 09:50:47 | Epoch 315/400 | Train Loss 2.3093 Acc 0.1272 | Val Loss 2.2839 Acc 0.1129 AUC 0.9728 Pre 0.0113 Rec 0.1000
2026-08-30 09:50:47 | Diag logvar_q_mean=-0.0002 logvar_q_clamp=0.0000
2026-08-30 09:50:51 | Epoch 316/400 | Train Loss 2.3102 Acc 0.1258 | Val Loss 2.2845 Acc 0.1129 AUC 0.9614 Pre 0.0113 Rec 0.1000
2026-08-30 09:50:52 | Diag logvar_q_mean=-0.0002 logvar_q_clamp=0.0000
2026-08-30 09:50:56 | Epoch 317/400 | Train Loss 2.3097 Acc 0.1278 | Val Loss 2.2841 Acc 0.1129 AUC 0.9736 Pre 0.0113 Rec 0.1000
2026-08-30 09:50:56 | Diag logvar_q_mean=-0.0002 logvar_q_clamp=0.0000
2026-08-30 09:51:00 | Epoch 318/400 | Train Loss 2.3101 Acc 0.1286 | Val Loss 2.2848 Acc 0.1129 AUC 0.9512 Pre 0.0113 Rec 0.1000
2026-08-30 09:51:01 | Diag logvar_q_mean=-0.0002 logvar_q_clamp=0.0000
2026-08-30 09:51:05 | Epoch 319/400 | Train Loss 2.3103 Acc 0.1280 | Val Loss 2.2847 Acc 0.1129 AUC 0.9733 Pre 0.0113 Rec 0.1000
2026-08-30 09:51:05 | Diag logvar_q_mean=-0.0002 logvar_q_clamp=0.0000
2026-08-30 09:51:10 | Epoch 320/400 | Train Loss 2.3086 Acc 0.1297 | Val Loss 2.2843 Acc 0.1130 AUC 0.9627 Pre 0.1113 Rec 0.1001
2026-08-30 09:51:10 | Diag logvar_q_mean=-0.0002 logvar_q_clamp=0.0000
2026-08-30 09:51:14 | Epoch 321/400 | Train Loss 2.3103 Acc 0.1283 | Val Loss 2.2849 Acc 0.1129 AUC 0.9614 Pre 0.0113 Rec 0.1000
2026-08-30 09:51:15 | Diag logvar_q_mean=-0.0002 logvar_q_clamp=0.0000
2026-08-30 09:51:19 | Epoch 322/400 | Train Loss 2.3116 Acc 0.1240 | Val Loss 2.2863 Acc 0.1129 AUC 0.9709 Pre 0.0113 Rec 0.1000
2026-08-30 09:51:19 | Diag logvar_q_mean=-0.0001 logvar_q_clamp=0.0000
2026-08-30 09:51:23 | Epoch 323/400 | Train Loss 2.3111 Acc 0.1253 | Val Loss 2.2863 Acc 0.1129 AUC 0.9726 Pre 0.0113 Rec 0.1000
2026-08-30 09:51:24 | Diag logvar_q_mean=-0.0002 logvar_q_clamp=0.0000
2026-08-30 09:51:28 | Epoch 324/400 | Train Loss 2.3113 Acc 0.1226 | Val Loss 2.2873 Acc 0.1129 AUC 0.9488 Pre 0.0113 Rec 0.1000
2026-08-30 09:51:28 | Diag logvar_q_mean=-0.0002 logvar_q_clamp=0.0000
2026-08-30 09:51:32 | Epoch 325/400 | Train Loss 2.3085 Acc 0.1269 | Val Loss 2.2864 Acc 0.1129 AUC 0.9639 Pre 0.0113 Rec 0.1000
2026-08-30 09:51:33 | Diag logvar_q_mean=-0.0001 logvar_q_clamp=0.0000
2026-08-30 09:51:37 | Epoch 326/400 | Train Loss 2.3093 Acc 0.1270 | Val Loss 2.2860 Acc 0.1129 AUC 0.9738 Pre 0.0113 Rec 0.1000
2026-08-30 09:51:37 | Diag logvar_q_mean=-0.0001 logvar_q_clamp=0.0000
2026-08-30 09:51:41 | Epoch 327/400 | Train Loss 2.3090 Acc 0.1267 | Val Loss 2.2852 Acc 0.1129 AUC 0.9544 Pre 0.0113 Rec 0.1000
2026-08-30 09:51:42 | Diag logvar_q_mean=-0.0002 logvar_q_clamp=0.0000
2026-08-30 09:51:46 | Epoch 328/400 | Train Loss 2.3093 Acc 0.1292 | Val Loss 2.2846 Acc 0.1129 AUC 0.9732 Pre 0.0113 Rec 0.1000
2026-08-30 09:51:47 | Diag logvar_q_mean=-0.0002 logvar_q_clamp=0.0000
2026-08-30 09:51:50 | Epoch 329/400 | Train Loss 2.3091 Acc 0.1285 | Val Loss 2.2841 Acc 0.1129 AUC 0.9655 Pre 0.0113 Rec 0.1000
2026-08-30 09:51:51 | Diag logvar_q_mean=-0.0002 logvar_q_clamp=0.0000
2026-08-30 09:51:55 | Epoch 330/400 | Train Loss 2.3101 Acc 0.1292 | Val Loss 2.2845 Acc 0.1129 AUC 0.9743 Pre 0.0113 Rec 0.1000
2026-08-30 09:51:56 | Diag logvar_q_mean=-0.0002 logvar_q_clamp=0.0000
2026-08-30 09:52:00 | Epoch 331/400 | Train Loss 2.3084 Acc 0.1317 | Val Loss 2.2837 Acc 0.1129 AUC 0.9638 Pre 0.0113 Rec 0.1000
2026-08-30 09:52:00 | Diag logvar_q_mean=-0.0002 logvar_q_clamp=0.0000
2026-08-30 09:52:04 | Epoch 332/400 | Train Loss 2.3102 Acc 0.1281 | Val Loss 2.2844 Acc 0.1130 AUC 0.9516 Pre 0.1113 Rec 0.1001
2026-08-30 09:52:05 | Diag logvar_q_mean=-0.0002 logvar_q_clamp=0.0000
2026-08-30 09:52:09 | Epoch 333/400 | Train Loss 2.3096 Acc 0.1281 | Val Loss 2.2841 Acc 0.1130 AUC 0.9637 Pre 0.1113 Rec 0.1001
2026-08-30 09:52:09 | Diag logvar_q_mean=-0.0002 logvar_q_clamp=0.0000
2026-08-30 09:52:13 | Epoch 334/400 | Train Loss 2.3096 Acc 0.1277 | Val Loss 2.2841 Acc 0.1129 AUC 0.9754 Pre 0.0113 Rec 0.1000
2026-08-30 09:52:14 | Diag logvar_q_mean=-0.0002 logvar_q_clamp=0.0000
2026-08-30 09:52:18 | Epoch 335/400 | Train Loss 2.3097 Acc 0.1267 | Val Loss 2.2843 Acc 0.1129 AUC 0.9643 Pre 0.0113 Rec 0.1000
2026-08-30 09:52:19 | Diag logvar_q_mean=-0.0002 logvar_q_clamp=0.0000
2026-08-30 09:52:23 | Epoch 336/400 | Train Loss 2.3113 Acc 0.1248 | Val Loss 2.2849 Acc 0.1129 AUC 0.9651 Pre 0.0113 Rec 0.1000
2026-08-30 09:52:23 | Diag logvar_q_mean=-0.0002 logvar_q_clamp=0.0000
2026-08-30 09:52:27 | Epoch 337/400 | Train Loss 2.3103 Acc 0.1284 | Val Loss 2.2852 Acc 0.1129 AUC 0.9634 Pre 0.0113 Rec 0.1000
2026-08-30 09:52:28 | Diag logvar_q_mean=-0.0002 logvar_q_clamp=0.0000
2026-08-30 09:52:32 | Epoch 338/400 | Train Loss 2.3089 Acc 0.1278 | Val Loss 2.2850 Acc 0.1129 AUC 0.9625 Pre 0.0113 Rec 0.1000
2026-08-30 09:52:32 | Diag logvar_q_mean=-0.0002 logvar_q_clamp=0.0000
2026-08-30 09:52:36 | Epoch 339/400 | Train Loss 2.3103 Acc 0.1253 | Val Loss 2.2851 Acc 0.1129 AUC 0.9651 Pre 0.0113 Rec 0.1000
2026-08-30 09:52:37 | Diag logvar_q_mean=-0.0002 logvar_q_clamp=0.0000
2026-08-30 09:52:41 | Epoch 340/400 | Train Loss 2.3104 Acc 0.1270 | Val Loss 2.2853 Acc 0.1129 AUC 0.9525 Pre 0.0113 Rec 0.1000
2026-08-30 09:52:42 | Diag logvar_q_mean=-0.0002 logvar_q_clamp=0.0000
2026-08-30 09:52:46 | Epoch 341/400 | Train Loss 2.3092 Acc 0.1283 | Val Loss 2.2852 Acc 0.1129 AUC 0.9542 Pre 0.0113 Rec 0.1000
2026-08-30 09:52:46 | Diag logvar_q_mean=-0.0002 logvar_q_clamp=0.0000
2026-08-30 09:52:50 | Epoch 342/400 | Train Loss 2.3090 Acc 0.1277 | Val Loss 2.2847 Acc 0.1129 AUC 0.9608 Pre 0.0113 Rec 0.1000
2026-08-30 09:52:51 | Diag logvar_q_mean=-0.0002 logvar_q_clamp=0.0000
2026-08-30 09:52:55 | Epoch 343/400 | Train Loss 2.3109 Acc 0.1254 | Val Loss 2.2856 Acc 0.1129 AUC 0.9738 Pre 0.0113 Rec 0.1000
2026-08-30 09:52:55 | Diag logvar_q_mean=-0.0001 logvar_q_clamp=0.0000
2026-08-30 09:52:59 | Epoch 344/400 | Train Loss 2.3102 Acc 0.1242 | Val Loss 2.2855 Acc 0.1129 AUC 0.9629 Pre 0.0113 Rec 0.1000
2026-08-30 09:53:00 | Diag logvar_q_mean=-0.0002 logvar_q_clamp=0.0000
2026-08-30 09:53:04 | Epoch 345/400 | Train Loss 2.3098 Acc 0.1239 | Val Loss 2.2857 Acc 0.1129 AUC 0.9639 Pre 0.0113 Rec 0.1000
2026-08-30 09:53:04 | Diag logvar_q_mean=-0.0002 logvar_q_clamp=0.0000
2026-08-30 09:53:08 | Epoch 346/400 | Train Loss 2.3090 Acc 0.1272 | Val Loss 2.2851 Acc 0.1129 AUC 0.9541 Pre 0.0113 Rec 0.1000
2026-08-30 09:53:09 | Diag logvar_q_mean=-0.0002 logvar_q_clamp=0.0000
2026-08-30 09:53:13 | Epoch 347/400 | Train Loss 2.3086 Acc 0.1281 | Val Loss 2.2844 Acc 0.1129 AUC 0.9639 Pre 0.0113 Rec 0.1000
2026-08-30 09:53:14 | Diag logvar_q_mean=-0.0002 logvar_q_clamp=0.0000
2026-08-30 09:53:18 | Epoch 348/400 | Train Loss 2.3110 Acc 0.1270 | Val Loss 2.2852 Acc 0.1129 AUC 0.9707 Pre 0.0113 Rec 0.1000
2026-08-30 09:53:18 | Diag logvar_q_mean=-0.0002 logvar_q_clamp=0.0000
2026-08-30 09:53:22 | Epoch 349/400 | Train Loss 2.3110 Acc 0.1268 | Val Loss 2.2859 Acc 0.1129 AUC 0.9732 Pre 0.0113 Rec 0.1000
2026-08-30 09:53:23 | Diag logvar_q_mean=-0.0002 logvar_q_clamp=0.0000
2026-08-30 09:53:27 | Epoch 350/400 | Train Loss 2.3100 Acc 0.1251 | Val Loss 2.2862 Acc 0.1129 AUC 0.9701 Pre 0.0113 Rec 0.1000
2026-08-30 09:53:27 | Diag logvar_q_mean=-0.0002 logvar_q_clamp=0.0000
2026-08-30 09:53:31 | Epoch 351/400 | Train Loss 2.3102 Acc 0.1241 | Val Loss 2.2864 Acc 0.1162 AUC 0.9519 Pre 0.1113 Rec 0.1032
2026-08-30 09:53:32 | Diag logvar_q_mean=-0.0002 logvar_q_clamp=0.0000
2026-08-30 09:53:36 | Epoch 352/400 | Train Loss 2.3088 Acc 0.1260 | Val Loss 2.2854 Acc 0.1132 AUC 0.9756 Pre 0.1113 Rec 0.1003
2026-08-30 09:53:36 | Diag logvar_q_mean=-0.0001 logvar_q_clamp=0.0000
2026-08-30 09:53:40 | Epoch 353/400 | Train Loss 2.3096 Acc 0.1279 | Val Loss 2.2854 Acc 0.1129 AUC 0.9735 Pre 0.0113 Rec 0.1000
2026-08-30 09:53:41 | Diag logvar_q_mean=-0.0002 logvar_q_clamp=0.0000
2026-08-30 09:53:45 | Epoch 354/400 | Train Loss 2.3110 Acc 0.1251 | Val Loss 2.2863 Acc 0.1129 AUC 0.9650 Pre 0.0113 Rec 0.1000
2026-08-30 09:53:46 | Diag logvar_q_mean=-0.0002 logvar_q_clamp=0.0000
2026-08-30 09:53:49 | Epoch 355/400 | Train Loss 2.3091 Acc 0.1271 | Val Loss 2.2860 Acc 0.1129 AUC 0.9745 Pre 0.0113 Rec 0.1000
2026-08-30 09:53:50 | Diag logvar_q_mean=-0.0001 logvar_q_clamp=0.0000
2026-08-30 09:53:54 | Epoch 356/400 | Train Loss 2.3089 Acc 0.1266 | Val Loss 2.2852 Acc 0.1129 AUC 0.9425 Pre 0.0113 Rec 0.1000
2026-08-30 09:53:55 | Diag logvar_q_mean=-0.0002 logvar_q_clamp=0.0000
2026-08-30 09:53:59 | Epoch 357/400 | Train Loss 2.3123 Acc 0.1231 | Val Loss 2.2864 Acc 0.1129 AUC 0.9621 Pre 0.0113 Rec 0.1000
2026-08-30 09:53:59 | Diag logvar_q_mean=-0.0002 logvar_q_clamp=0.0000
2026-08-30 09:54:03 | Epoch 358/400 | Train Loss 2.3103 Acc 0.1263 | Val Loss 2.2867 Acc 0.1129 AUC 0.9610 Pre 0.0113 Rec 0.1000
2026-08-30 09:54:04 | Diag logvar_q_mean=-0.0001 logvar_q_clamp=0.0000
2026-08-30 09:54:08 | Epoch 359/400 | Train Loss 2.3091 Acc 0.1273 | Val Loss 2.2862 Acc 0.1129 AUC 0.9646 Pre 0.0113 Rec 0.1000
2026-08-30 09:54:08 | Diag logvar_q_mean=-0.0001 logvar_q_clamp=0.0000
2026-08-30 09:54:12 | Epoch 360/400 | Train Loss 2.3097 Acc 0.1262 | Val Loss 2.2861 Acc 0.1129 AUC 0.9425 Pre 0.0113 Rec 0.1000
2026-08-30 09:54:13 | Diag logvar_q_mean=-0.0001 logvar_q_clamp=0.0000
2026-08-30 09:54:17 | Epoch 361/400 | Train Loss 2.3103 Acc 0.1261 | Val Loss 2.2854 Acc 0.1129 AUC 0.9658 Pre 0.0113 Rec 0.1000
2026-08-30 09:54:17 | Diag logvar_q_mean=-0.0002 logvar_q_clamp=0.0000
2026-08-30 09:54:21 | Epoch 362/400 | Train Loss 2.3092 Acc 0.1280 | Val Loss 2.2859 Acc 0.1129 AUC 0.9663 Pre 0.0113 Rec 0.1000
2026-08-30 09:54:22 | Diag logvar_q_mean=-0.0001 logvar_q_clamp=0.0000
2026-08-30 09:54:26 | Epoch 363/400 | Train Loss 2.3087 Acc 0.1298 | Val Loss 2.2853 Acc 0.1129 AUC 0.9740 Pre 0.0113 Rec 0.1000
2026-08-30 09:54:27 | Diag logvar_q_mean=-0.0001 logvar_q_clamp=0.0000
2026-08-30 09:54:31 | Epoch 364/400 | Train Loss 2.3101 Acc 0.1290 | Val Loss 2.2853 Acc 0.1129 AUC 0.9517 Pre 0.0113 Rec 0.1000
2026-08-30 09:54:31 | Diag logvar_q_mean=-0.0002 logvar_q_clamp=0.0000
2026-08-30 09:54:35 | Epoch 365/400 | Train Loss 2.3110 Acc 0.1251 | Val Loss 2.2858 Acc 0.1129 AUC 0.9647 Pre 0.0113 Rec 0.1000
2026-08-30 09:54:36 | Diag logvar_q_mean=-0.0002 logvar_q_clamp=0.0000
2026-08-30 09:54:40 | Epoch 366/400 | Train Loss 2.3107 Acc 0.1254 | Val Loss 2.2862 Acc 0.1129 AUC 0.9727 Pre 0.0113 Rec 0.1000
2026-08-30 09:54:40 | Diag logvar_q_mean=-0.0002 logvar_q_clamp=0.0000
2026-08-30 09:54:44 | Epoch 367/400 | Train Loss 2.3092 Acc 0.1269 | Val Loss 2.2860 Acc 0.1129 AUC 0.9627 Pre 0.0113 Rec 0.1000
2026-08-30 09:54:45 | Diag logvar_q_mean=-0.0001 logvar_q_clamp=0.0000
2026-08-30 09:54:49 | Epoch 368/400 | Train Loss 2.3099 Acc 0.1278 | Val Loss 2.2857 Acc 0.1129 AUC 0.9625 Pre 0.0113 Rec 0.1000
2026-08-30 09:54:50 | Diag logvar_q_mean=-0.0002 logvar_q_clamp=0.0000
2026-08-30 09:54:54 | Epoch 369/400 | Train Loss 2.3075 Acc 0.1287 | Val Loss 2.2848 Acc 0.1129 AUC 0.9752 Pre 0.0113 Rec 0.1000
2026-08-30 09:54:54 | Diag logvar_q_mean=-0.0002 logvar_q_clamp=0.0000
2026-08-30 09:54:58 | Epoch 370/400 | Train Loss 2.3093 Acc 0.1294 | Val Loss 2.2844 Acc 0.1129 AUC 0.9510 Pre 0.0113 Rec 0.1000
2026-08-30 09:54:59 | Diag logvar_q_mean=-0.0002 logvar_q_clamp=0.0000
2026-08-30 09:55:03 | Epoch 371/400 | Train Loss 2.3073 Acc 0.1312 | Val Loss 2.2832 Acc 0.1135 AUC 0.9640 Pre 0.1113 Rec 0.1006
2026-08-30 09:55:03 | Diag logvar_q_mean=-0.0002 logvar_q_clamp=0.0000
2026-08-30 09:55:07 | Epoch 372/400 | Train Loss 2.3085 Acc 0.1302 | Val Loss 2.2825 Acc 0.1129 AUC 0.9733 Pre 0.0113 Rec 0.1000
2026-08-30 09:55:08 | Diag logvar_q_mean=-0.0002 logvar_q_clamp=0.0000
2026-08-30 09:55:12 | Epoch 373/400 | Train Loss 2.3096 Acc 0.1292 | Val Loss 2.2825 Acc 0.1129 AUC 0.9632 Pre 0.0113 Rec 0.1000
2026-08-30 09:55:12 | Diag logvar_q_mean=-0.0002 logvar_q_clamp=0.0000
2026-08-30 09:55:16 | Epoch 374/400 | Train Loss 2.3109 Acc 0.1265 | Val Loss 2.2838 Acc 0.1129 AUC 0.9752 Pre 0.0113 Rec 0.1000
2026-08-30 09:55:17 | Diag logvar_q_mean=-0.0002 logvar_q_clamp=0.0000
2026-08-30 09:55:21 | Epoch 375/400 | Train Loss 2.3100 Acc 0.1287 | Val Loss 2.2837 Acc 0.1129 AUC 0.9661 Pre 0.0113 Rec 0.1000
2026-08-30 09:55:22 | Diag logvar_q_mean=-0.0003 logvar_q_clamp=0.0000
2026-08-30 09:55:26 | Epoch 376/400 | Train Loss 2.3094 Acc 0.1300 | Val Loss 2.2836 Acc 0.1129 AUC 0.9748 Pre 0.0113 Rec 0.1000
2026-08-30 09:55:26 | Diag logvar_q_mean=-0.0002 logvar_q_clamp=0.0000
2026-08-30 09:55:30 | Epoch 377/400 | Train Loss 2.3099 Acc 0.1294 | Val Loss 2.2838 Acc 0.1129 AUC 0.9750 Pre 0.0113 Rec 0.1000
2026-08-30 09:55:31 | Diag logvar_q_mean=-0.0002 logvar_q_clamp=0.0000
2026-08-30 09:55:35 | Epoch 378/400 | Train Loss 2.3113 Acc 0.1252 | Val Loss 2.2854 Acc 0.1129 AUC 0.9735 Pre 0.0113 Rec 0.1000
2026-08-30 09:55:35 | Diag logvar_q_mean=-0.0001 logvar_q_clamp=0.0000
2026-08-30 09:55:39 | Epoch 379/400 | Train Loss 2.3087 Acc 0.1266 | Val Loss 2.2852 Acc 0.1129 AUC 0.9439 Pre 0.0113 Rec 0.1000
2026-08-30 09:55:40 | Diag logvar_q_mean=-0.0002 logvar_q_clamp=0.0000
2026-08-30 09:55:44 | Epoch 380/400 | Train Loss 2.3087 Acc 0.1284 | Val Loss 2.2844 Acc 0.1131 AUC 0.9743 Pre 0.1113 Rec 0.1002
2026-08-30 09:55:44 | Diag logvar_q_mean=-0.0002 logvar_q_clamp=0.0000
2026-08-30 09:55:48 | Epoch 381/400 | Train Loss 2.3102 Acc 0.1261 | Val Loss 2.2852 Acc 0.1129 AUC 0.9616 Pre 0.0113 Rec 0.1000
2026-08-30 09:55:49 | Diag logvar_q_mean=-0.0002 logvar_q_clamp=0.0000
2026-08-30 09:55:53 | Epoch 382/400 | Train Loss 2.3118 Acc 0.1244 | Val Loss 2.2857 Acc 0.1129 AUC 0.9744 Pre 0.0113 Rec 0.1000
2026-08-30 09:55:54 | Diag logvar_q_mean=-0.0002 logvar_q_clamp=0.0000
2026-08-30 09:55:58 | Epoch 383/400 | Train Loss 2.3093 Acc 0.1265 | Val Loss 2.2857 Acc 0.1129 AUC 0.9643 Pre 0.0113 Rec 0.1000
2026-08-30 09:55:58 | Diag logvar_q_mean=-0.0002 logvar_q_clamp=0.0000
2026-08-30 09:56:02 | Epoch 384/400 | Train Loss 2.3102 Acc 0.1253 | Val Loss 2.2859 Acc 0.1129 AUC 0.9748 Pre 0.0113 Rec 0.1000
2026-08-30 09:56:03 | Diag logvar_q_mean=-0.0002 logvar_q_clamp=0.0000
2026-08-30 09:56:07 | Epoch 385/400 | Train Loss 2.3099 Acc 0.1259 | Val Loss 2.2855 Acc 0.1129 AUC 0.9650 Pre 0.0113 Rec 0.1000
2026-08-30 09:56:08 | Diag logvar_q_mean=-0.0002 logvar_q_clamp=0.0000
2026-08-30 09:56:12 | Epoch 386/400 | Train Loss 2.3098 Acc 0.1264 | Val Loss 2.2852 Acc 0.1129 AUC 0.9642 Pre 0.0113 Rec 0.1000
2026-08-30 09:56:12 | Diag logvar_q_mean=-0.0002 logvar_q_clamp=0.0000
2026-08-30 09:56:16 | Epoch 387/400 | Train Loss 2.3106 Acc 0.1257 | Val Loss 2.2859 Acc 0.1129 AUC 0.9637 Pre 0.0113 Rec 0.1000
2026-08-30 09:56:17 | Diag logvar_q_mean=-0.0002 logvar_q_clamp=0.0000
2026-08-30 09:56:21 | Epoch 388/400 | Train Loss 2.3094 Acc 0.1264 | Val Loss 2.2862 Acc 0.1129 AUC 0.9424 Pre 0.0113 Rec 0.1000
2026-08-30 09:56:22 | Diag logvar_q_mean=-0.0001 logvar_q_clamp=0.0000
2026-08-30 09:56:26 | Epoch 389/400 | Train Loss 2.3101 Acc 0.1247 | Val Loss 2.2862 Acc 0.1129 AUC 0.9637 Pre 0.0113 Rec 0.1000
2026-08-30 09:56:26 | Diag logvar_q_mean=-0.0002 logvar_q_clamp=0.0000
2026-08-30 09:56:30 | Epoch 390/400 | Train Loss 2.3099 Acc 0.1261 | Val Loss 2.2859 Acc 0.1129 AUC 0.9738 Pre 0.0113 Rec 0.1000
2026-08-30 09:56:31 | Diag logvar_q_mean=-0.0002 logvar_q_clamp=0.0000
2026-08-30 09:56:35 | Epoch 391/400 | Train Loss 2.3101 Acc 0.1255 | Val Loss 2.2861 Acc 0.1129 AUC 0.9635 Pre 0.0113 Rec 0.1000
2026-08-30 09:56:35 | Diag logvar_q_mean=-0.0001 logvar_q_clamp=0.0000
2026-08-30 09:56:39 | Epoch 392/400 | Train Loss 2.3103 Acc 0.1247 | Val Loss 2.2865 Acc 0.1129 AUC 0.9621 Pre 0.0113 Rec 0.1000
2026-08-30 09:56:40 | Diag logvar_q_mean=-0.0002 logvar_q_clamp=0.0000
2026-08-30 09:56:44 | Epoch 393/400 | Train Loss 2.3097 Acc 0.1262 | Val Loss 2.2866 Acc 0.1129 AUC 0.9620 Pre 0.0113 Rec 0.1000
2026-08-30 09:56:45 | Diag logvar_q_mean=-0.0002 logvar_q_clamp=0.0000
2026-08-30 09:56:49 | Epoch 394/400 | Train Loss 2.3077 Acc 0.1256 | Val Loss 2.2854 Acc 0.1129 AUC 0.9610 Pre 0.0113 Rec 0.1000
2026-08-30 09:56:49 | Diag logvar_q_mean=-0.0001 logvar_q_clamp=0.0000
2026-08-30 09:56:53 | Epoch 395/400 | Train Loss 2.3090 Acc 0.1284 | Val Loss 2.2846 Acc 0.1129 AUC 0.9623 Pre 0.0113 Rec 0.1000
2026-08-30 09:56:54 | Diag logvar_q_mean=-0.0002 logvar_q_clamp=0.0000
2026-08-30 09:56:58 | Epoch 396/400 | Train Loss 2.3097 Acc 0.1274 | Val Loss 2.2845 Acc 0.1129 AUC 0.9732 Pre 0.0113 Rec 0.1000
2026-08-30 09:56:58 | Diag logvar_q_mean=-0.0002 logvar_q_clamp=0.0000
2026-08-30 09:57:02 | Epoch 397/400 | Train Loss 2.3096 Acc 0.1269 | Val Loss 2.2845 Acc 0.1150 AUC 0.9726 Pre 0.1113 Rec 0.1020
2026-08-30 09:57:03 | Diag logvar_q_mean=-0.0002 logvar_q_clamp=0.0000
2026-08-30 09:57:07 | Epoch 398/400 | Train Loss 2.3113 Acc 0.1243 | Val Loss 2.2856 Acc 0.1129 AUC 0.9622 Pre 0.0113 Rec 0.1000
2026-08-30 09:57:07 | Diag logvar_q_mean=-0.0002 logvar_q_clamp=0.0000
2026-08-30 09:57:12 | Epoch 399/400 | Train Loss 2.3103 Acc 0.1242 | Val Loss 2.2861 Acc 0.1129 AUC 0.9736 Pre 0.0113 Rec 0.1000
2026-08-30 09:57:12 | Diag logvar_q_mean=-0.0002 logvar_q_clamp=0.0000
2026-08-30 09:57:16 | Epoch 400/400 | Train Loss 2.3096 Acc 0.1233 | Val Loss 2.2860 Acc 0.1129 AUC 0.9634 Pre 0.0113 Rec 0.1000
2026-08-30 09:57:17 | Diag logvar_q_mean=-0.0001 logvar_q_clamp=0.0000
2026-08-30 09:57:17 | Run 1/5 | Test (best model @ Epoch 212) | Loss 2.2842 Acc 0.1135 AUC 0.9779 Pre 0.0114 Rec 0.1000
2026-08-30 09:57:17 | ===== Run 2/5 (seed 1) =====
2026-08-30 09:57:21 | Epoch   1/400 | Train Loss 2.4454 Acc 0.1041 | Val Loss 2.2854 Acc 0.3624 AUC 0.9513 Pre 0.2627 Rec 0.3526
2026-08-30 09:57:22 | Diag logvar_q_mean=-0.0003 logvar_q_clamp=0.0000
2026-08-30 09:57:22 |   Val AUC improved to 0.9513, model saved
2026-08-30 09:57:26 | Epoch   2/400 | Train Loss 2.3225 Acc 0.1234 | Val Loss 2.2822 Acc 0.1229 AUC 0.9689 Pre 0.4114 Rec 0.1097
2026-08-30 09:57:26 | Diag logvar_q_mean=-0.0002 logvar_q_clamp=0.0000
2026-08-30 09:57:26 |   Val AUC improved to 0.9689, model saved
2026-08-30 09:57:30 | Epoch   3/400 | Train Loss 2.3127 Acc 0.1278 | Val Loss 2.2833 Acc 0.1156 AUC 0.9709 Pre 0.1113 Rec 0.1025
2026-08-30 09:57:31 | Diag logvar_q_mean=-0.0002 logvar_q_clamp=0.0000
2026-08-30 09:57:31 |   Val AUC improved to 0.9709, model saved
2026-08-30 09:57:35 | Epoch   4/400 | Train Loss 2.3127 Acc 0.1254 | Val Loss 2.2853 Acc 0.1129 AUC 0.9722 Pre 0.0113 Rec 0.1000
2026-08-30 09:57:36 | Diag logvar_q_mean=-0.0002 logvar_q_clamp=0.0000
2026-08-30 09:57:36 |   Val AUC improved to 0.9722, model saved
2026-08-30 09:57:39 | Epoch   5/400 | Train Loss 2.3094 Acc 0.1254 | Val Loss 2.2849 Acc 0.1129 AUC 0.9751 Pre 0.0113 Rec 0.1000
2026-08-30 09:57:40 | Diag logvar_q_mean=-0.0002 logvar_q_clamp=0.0000
2026-08-30 09:57:40 |   Val AUC improved to 0.9751, model saved
2026-08-30 09:57:44 | Epoch   6/400 | Train Loss 2.3095 Acc 0.1266 | Val Loss 2.2845 Acc 0.1129 AUC 0.9783 Pre 0.0113 Rec 0.1000
2026-08-30 09:57:45 | Diag logvar_q_mean=-0.0002 logvar_q_clamp=0.0000
2026-08-30 09:57:45 |   Val AUC improved to 0.9783, model saved
2026-08-30 09:57:49 | Epoch   7/400 | Train Loss 2.3087 Acc 0.1282 | Val Loss 2.2834 Acc 0.1134 AUC 0.9794 Pre 0.1113 Rec 0.1005
2026-08-30 09:57:49 | Diag logvar_q_mean=-0.0002 logvar_q_clamp=0.0000
2026-08-30 09:57:49 |   Val AUC improved to 0.9794, model saved
2026-08-30 09:57:53 | Epoch   8/400 | Train Loss 2.3094 Acc 0.1275 | Val Loss 2.2831 Acc 0.1139 AUC 0.9798 Pre 0.1113 Rec 0.1009
2026-08-30 09:57:54 | Diag logvar_q_mean=-0.0002 logvar_q_clamp=0.0000
2026-08-30 09:57:54 |   Val AUC improved to 0.9798, model saved
2026-08-30 09:57:58 | Epoch   9/400 | Train Loss 2.3093 Acc 0.1272 | Val Loss 2.2832 Acc 0.1129 AUC 0.9819 Pre 0.0113 Rec 0.1000
2026-08-30 09:57:59 | Diag logvar_q_mean=-0.0001 logvar_q_clamp=0.0000
2026-08-30 09:57:59 |   Val AUC improved to 0.9819, model saved
2026-08-30 09:58:03 | Epoch  10/400 | Train Loss 2.3085 Acc 0.1306 | Val Loss 2.2820 Acc 0.1130 AUC 0.9810 Pre 0.1113 Rec 0.1001
2026-08-30 09:58:03 | Diag logvar_q_mean=-0.0002 logvar_q_clamp=0.0000
2026-08-30 09:58:07 | Epoch  11/400 | Train Loss 2.3080 Acc 0.1309 | Val Loss 2.2807 Acc 0.1146 AUC 0.9832 Pre 0.1113 Rec 0.1016
2026-08-30 09:58:08 | Diag logvar_q_mean=-0.0002 logvar_q_clamp=0.0000
2026-08-30 09:58:08 |   Val AUC improved to 0.9832, model saved
2026-08-30 09:58:12 | Epoch  12/400 | Train Loss 2.3096 Acc 0.1308 | Val Loss 2.2808 Acc 0.1254 AUC 0.9828 Pre 0.1114 Rec 0.1118
2026-08-30 09:58:13 | Diag logvar_q_mean=-0.0002 logvar_q_clamp=0.0000
2026-08-30 09:58:17 | Epoch  13/400 | Train Loss 2.3097 Acc 0.1316 | Val Loss 2.2808 Acc 0.1150 AUC 0.9837 Pre 0.1113 Rec 0.1020
2026-08-30 09:58:17 | Diag logvar_q_mean=-0.0002 logvar_q_clamp=0.0000
2026-08-30 09:58:17 |   Val AUC improved to 0.9837, model saved
2026-08-30 09:58:21 | Epoch  14/400 | Train Loss 2.3083 Acc 0.1323 | Val Loss 2.2803 Acc 0.1666 AUC 0.9837 Pre 0.1119 Rec 0.1506
2026-08-30 09:58:22 | Diag logvar_q_mean=-0.0002 logvar_q_clamp=0.0000
2026-08-30 09:58:26 | Epoch  15/400 | Train Loss 2.3095 Acc 0.1349 | Val Loss 2.2796 Acc 0.1391 AUC 0.9821 Pre 0.1112 Rec 0.1247
2026-08-30 09:58:26 | Diag logvar_q_mean=-0.0002 logvar_q_clamp=0.0000
2026-08-30 09:58:30 | Epoch  16/400 | Train Loss 2.3101 Acc 0.1317 | Val Loss 2.2801 Acc 0.1691 AUC 0.9824 Pre 0.1118 Rec 0.1530
2026-08-30 09:58:31 | Diag logvar_q_mean=-0.0002 logvar_q_clamp=0.0000
2026-08-30 09:58:35 | Epoch  17/400 | Train Loss 2.3100 Acc 0.1299 | Val Loss 2.2794 Acc 0.1560 AUC 0.9837 Pre 0.1116 Rec 0.1406
2026-08-30 09:58:35 | Diag logvar_q_mean=-0.0002 logvar_q_clamp=0.0000
2026-08-30 09:58:39 | Epoch  18/400 | Train Loss 2.3095 Acc 0.1334 | Val Loss 2.2794 Acc 0.1254 AUC 0.9843 Pre 0.1114 Rec 0.1118
2026-08-30 09:58:40 | Diag logvar_q_mean=-0.0002 logvar_q_clamp=0.0000
2026-08-30 09:58:40 |   Val AUC improved to 0.9843, model saved
2026-08-30 09:58:44 | Epoch  19/400 | Train Loss 2.3087 Acc 0.1326 | Val Loss 2.2787 Acc 0.1494 AUC 0.9848 Pre 0.1114 Rec 0.1344
2026-08-30 09:58:45 | Diag logvar_q_mean=-0.0002 logvar_q_clamp=0.0000
2026-08-30 09:58:45 |   Val AUC improved to 0.9848, model saved
2026-08-30 09:58:49 | Epoch  20/400 | Train Loss 2.3099 Acc 0.1328 | Val Loss 2.2787 Acc 0.1204 AUC 0.9951 Pre 0.1114 Rec 0.1071
2026-08-30 09:58:49 | Diag logvar_q_mean=-0.0002 logvar_q_clamp=0.0000
2026-08-30 09:58:49 |   Val AUC improved to 0.9951, model saved
2026-08-30 09:58:53 | Epoch  21/400 | Train Loss 2.3103 Acc 0.1320 | Val Loss 2.2789 Acc 0.1157 AUC 0.9956 Pre 0.1113 Rec 0.1026
2026-08-30 09:58:54 | Diag logvar_q_mean=-0.0002 logvar_q_clamp=0.0000
2026-08-30 09:58:54 |   Val AUC improved to 0.9956, model saved
2026-08-30 09:58:58 | Epoch  22/400 | Train Loss 2.3101 Acc 0.1340 | Val Loss 2.2790 Acc 0.1166 AUC 0.9951 Pre 0.1113 Rec 0.1035
2026-08-30 09:58:58 | Diag logvar_q_mean=-0.0002 logvar_q_clamp=0.0000
2026-08-30 09:59:02 | Epoch  23/400 | Train Loss 2.3079 Acc 0.1352 | Val Loss 2.2779 Acc 0.1569 AUC 0.9939 Pre 0.1118 Rec 0.1415
2026-08-30 09:59:03 | Diag logvar_q_mean=-0.0002 logvar_q_clamp=0.0000
2026-08-30 09:59:07 | Epoch  24/400 | Train Loss 2.3108 Acc 0.1355 | Val Loss 2.2789 Acc 0.1336 AUC 0.9933 Pre 0.1115 Rec 0.1195
2026-08-30 09:59:08 | Diag logvar_q_mean=-0.0002 logvar_q_clamp=0.0000
2026-08-30 09:59:11 | Epoch  25/400 | Train Loss 2.3093 Acc 0.1350 | Val Loss 2.2785 Acc 0.1170 AUC 0.9944 Pre 0.1113 Rec 0.1039
2026-08-30 09:59:12 | Diag logvar_q_mean=-0.0002 logvar_q_clamp=0.0000
2026-08-30 09:59:16 | Epoch  26/400 | Train Loss 2.3093 Acc 0.1341 | Val Loss 2.2781 Acc 0.1403 AUC 0.9946 Pre 0.1112 Rec 0.1258
2026-08-30 09:59:17 | Diag logvar_q_mean=-0.0002 logvar_q_clamp=0.0000
2026-08-30 09:59:21 | Epoch  27/400 | Train Loss 2.3088 Acc 0.1355 | Val Loss 2.2777 Acc 0.1415 AUC 0.9947 Pre 0.1116 Rec 0.1270
2026-08-30 09:59:21 | Diag logvar_q_mean=-0.0002 logvar_q_clamp=0.0000
2026-08-30 09:59:25 | Epoch  28/400 | Train Loss 2.3100 Acc 0.1335 | Val Loss 2.2781 Acc 0.1183 AUC 0.9947 Pre 0.1114 Rec 0.1051
2026-08-30 09:59:26 | Diag logvar_q_mean=-0.0002 logvar_q_clamp=0.0000
2026-08-30 09:59:30 | Epoch  29/400 | Train Loss 2.3101 Acc 0.1350 | Val Loss 2.2781 Acc 0.1430 AUC 0.9938 Pre 0.1116 Rec 0.1284
2026-08-30 09:59:30 | Diag logvar_q_mean=-0.0002 logvar_q_clamp=0.0000
2026-08-30 09:59:34 | Epoch  30/400 | Train Loss 2.3095 Acc 0.1331 | Val Loss 2.2778 Acc 0.1784 AUC 0.9853 Pre 0.1119 Rec 0.1617
2026-08-30 09:59:35 | Diag logvar_q_mean=-0.0002 logvar_q_clamp=0.0000
2026-08-30 09:59:39 | Epoch  31/400 | Train Loss 2.3104 Acc 0.1339 | Val Loss 2.2785 Acc 0.1674 AUC 0.9846 Pre 0.1119 Rec 0.1514
2026-08-30 09:59:40 | Diag logvar_q_mean=-0.0002 logvar_q_clamp=0.0000
2026-08-30 09:59:44 | Epoch  32/400 | Train Loss 2.3094 Acc 0.1343 | Val Loss 2.2779 Acc 0.1162 AUC 0.9936 Pre 0.1113 Rec 0.1031
2026-08-30 09:59:44 | Diag logvar_q_mean=-0.0002 logvar_q_clamp=0.0000
2026-08-30 09:59:48 | Epoch  33/400 | Train Loss 2.3090 Acc 0.1381 | Val Loss 2.2774 Acc 0.1529 AUC 0.9938 Pre 0.1118 Rec 0.1377
2026-08-30 09:59:49 | Diag logvar_q_mean=-0.0002 logvar_q_clamp=0.0000
2026-08-30 09:59:53 | Epoch  34/400 | Train Loss 2.3076 Acc 0.1396 | Val Loss 2.2765 Acc 0.1794 AUC 0.9934 Pre 0.1118 Rec 0.1627
2026-08-30 09:59:54 | Diag logvar_q_mean=-0.0002 logvar_q_clamp=0.0000
2026-08-30 09:59:58 | Epoch  35/400 | Train Loss 2.3104 Acc 0.1366 | Val Loss 2.2770 Acc 0.2027 AUC 0.9932 Pre 0.2121 Rec 0.1846
2026-08-30 09:59:58 | Diag logvar_q_mean=-0.0002 logvar_q_clamp=0.0000
2026-08-30 10:00:02 | Epoch  36/400 | Train Loss 2.3091 Acc 0.1359 | Val Loss 2.2766 Acc 0.2034 AUC 0.9936 Pre 0.2118 Rec 0.1853
2026-08-30 10:00:03 | Diag logvar_q_mean=-0.0003 logvar_q_clamp=0.0000
2026-08-30 10:00:07 | Epoch  37/400 | Train Loss 2.3092 Acc 0.1359 | Val Loss 2.2764 Acc 0.2058 AUC 0.9829 Pre 0.1116 Rec 0.1876
2026-08-30 10:00:07 | Diag logvar_q_mean=-0.0003 logvar_q_clamp=0.0000
2026-08-30 10:00:11 | Epoch  38/400 | Train Loss 2.3107 Acc 0.1339 | Val Loss 2.2769 Acc 0.2031 AUC 0.9928 Pre 0.1116 Rec 0.1850
2026-08-30 10:00:12 | Diag logvar_q_mean=-0.0002 logvar_q_clamp=0.0000
2026-08-30 10:00:16 | Epoch  39/400 | Train Loss 2.3105 Acc 0.1347 | Val Loss 2.2775 Acc 0.1950 AUC 0.9929 Pre 0.1123 Rec 0.1774
2026-08-30 10:00:17 | Diag logvar_q_mean=-0.0002 logvar_q_clamp=0.0000
2026-08-30 10:00:20 | Epoch  40/400 | Train Loss 2.3098 Acc 0.1343 | Val Loss 2.2775 Acc 0.2019 AUC 0.9926 Pre 0.1114 Rec 0.1839
2026-08-30 10:00:21 | Diag logvar_q_mean=-0.0002 logvar_q_clamp=0.0000
2026-08-30 10:00:25 | Epoch  41/400 | Train Loss 2.3100 Acc 0.1343 | Val Loss 2.2776 Acc 0.1971 AUC 0.9930 Pre 0.1120 Rec 0.1794
2026-08-30 10:00:26 | Diag logvar_q_mean=-0.0003 logvar_q_clamp=0.0000
2026-08-30 10:00:30 | Epoch  42/400 | Train Loss 2.3093 Acc 0.1362 | Val Loss 2.2772 Acc 0.1286 AUC 0.9933 Pre 0.1115 Rec 0.1148
2026-08-30 10:00:30 | Diag logvar_q_mean=-0.0003 logvar_q_clamp=0.0000
2026-08-30 10:00:34 | Epoch  43/400 | Train Loss 2.3085 Acc 0.1370 | Val Loss 2.2762 Acc 0.1634 AUC 0.9933 Pre 0.1117 Rec 0.1476
2026-08-30 10:00:35 | Diag logvar_q_mean=-0.0003 logvar_q_clamp=0.0000
2026-08-30 10:00:39 | Epoch  44/400 | Train Loss 2.3101 Acc 0.1363 | Val Loss 2.2763 Acc 0.2112 AUC 0.9930 Pre 0.1107 Rec 0.1927
2026-08-30 10:00:39 | Diag logvar_q_mean=-0.0002 logvar_q_clamp=0.0000
2026-08-30 10:00:43 | Epoch  45/400 | Train Loss 2.3088 Acc 0.1391 | Val Loss 2.2760 Acc 0.2030 AUC 0.9925 Pre 0.2115 Rec 0.1849
2026-08-30 10:00:44 | Diag logvar_q_mean=-0.0002 logvar_q_clamp=0.0000
2026-08-30 10:00:48 | Epoch  46/400 | Train Loss 2.3107 Acc 0.1378 | Val Loss 2.2768 Acc 0.2117 AUC 0.9929 Pre 0.2113 Rec 0.1932
2026-08-30 10:00:49 | Diag logvar_q_mean=-0.0002 logvar_q_clamp=0.0000
2026-08-30 10:00:53 | Epoch  47/400 | Train Loss 2.3096 Acc 0.1359 | Val Loss 2.2764 Acc 0.2078 AUC 0.9926 Pre 0.1107 Rec 0.1894
2026-08-30 10:00:53 | Diag logvar_q_mean=-0.0003 logvar_q_clamp=0.0000
2026-08-30 10:00:57 | Epoch  48/400 | Train Loss 2.3099 Acc 0.1346 | Val Loss 2.2768 Acc 0.1465 AUC 0.9851 Pre 0.1108 Rec 0.1317
2026-08-30 10:00:58 | Diag logvar_q_mean=-0.0002 logvar_q_clamp=0.0000
2026-08-30 10:01:02 | Epoch  49/400 | Train Loss 2.3095 Acc 0.1358 | Val Loss 2.2767 Acc 0.1605 AUC 0.9942 Pre 0.1119 Rec 0.1449
2026-08-30 10:01:02 | Diag logvar_q_mean=-0.0002 logvar_q_clamp=0.0000
2026-08-30 10:01:06 | Epoch  50/400 | Train Loss 2.3097 Acc 0.1343 | Val Loss 2.2767 Acc 0.1482 AUC 0.9831 Pre 0.1111 Rec 0.1333
2026-08-30 10:01:07 | Diag logvar_q_mean=-0.0002 logvar_q_clamp=0.0000
2026-08-30 10:01:11 | Epoch  51/400 | Train Loss 2.3086 Acc 0.1396 | Val Loss 2.2762 Acc 0.1786 AUC 0.9928 Pre 0.1119 Rec 0.1619
2026-08-30 10:01:12 | Diag logvar_q_mean=-0.0002 logvar_q_clamp=0.0000
2026-08-30 10:01:15 | Epoch  52/400 | Train Loss 2.3094 Acc 0.1385 | Val Loss 2.2758 Acc 0.1694 AUC 0.9922 Pre 0.1118 Rec 0.1533
2026-08-30 10:01:16 | Diag logvar_q_mean=-0.0002 logvar_q_clamp=0.0000
2026-08-30 10:01:20 | Epoch  53/400 | Train Loss 2.3112 Acc 0.1359 | Val Loss 2.2767 Acc 0.1777 AUC 0.9816 Pre 0.1119 Rec 0.1611
2026-08-30 10:01:21 | Diag logvar_q_mean=-0.0002 logvar_q_clamp=0.0000
2026-08-30 10:01:25 | Epoch  54/400 | Train Loss 2.3127 Acc 0.1337 | Val Loss 2.2785 Acc 0.1604 AUC 0.9813 Pre 0.1116 Rec 0.1448
2026-08-30 10:01:25 | Diag logvar_q_mean=-0.0002 logvar_q_clamp=0.0000
2026-08-30 10:01:29 | Epoch  55/400 | Train Loss 2.3085 Acc 0.1341 | Val Loss 2.2778 Acc 0.1974 AUC 0.9805 Pre 0.1120 Rec 0.1796
2026-08-30 10:01:30 | Diag logvar_q_mean=-0.0002 logvar_q_clamp=0.0000
2026-08-30 10:01:34 | Epoch  56/400 | Train Loss 2.3091 Acc 0.1355 | Val Loss 2.2770 Acc 0.1824 AUC 0.9813 Pre 0.1118 Rec 0.1655
2026-08-30 10:01:35 | Diag logvar_q_mean=-0.0003 logvar_q_clamp=0.0000
2026-08-30 10:01:39 | Epoch  57/400 | Train Loss 2.3095 Acc 0.1342 | Val Loss 2.2765 Acc 0.2040 AUC 0.9825 Pre 0.1116 Rec 0.1859
2026-08-30 10:01:39 | Diag logvar_q_mean=-0.0002 logvar_q_clamp=0.0000
2026-08-30 10:01:43 | Epoch  58/400 | Train Loss 2.3094 Acc 0.1373 | Val Loss 2.2764 Acc 0.2004 AUC 0.9910 Pre 0.2120 Rec 0.1825
2026-08-30 10:01:44 | Diag logvar_q_mean=-0.0003 logvar_q_clamp=0.0000
2026-08-30 10:01:48 | Epoch  59/400 | Train Loss 2.3086 Acc 0.1375 | Val Loss 2.2764 Acc 0.1450 AUC 0.9809 Pre 0.2110 Rec 0.1303
2026-08-30 10:01:49 | Diag logvar_q_mean=-0.0002 logvar_q_clamp=0.0000
2026-08-30 10:01:53 | Epoch  60/400 | Train Loss 2.3086 Acc 0.1374 | Val Loss 2.2753 Acc 0.1876 AUC 0.9915 Pre 0.1119 Rec 0.1704
2026-08-30 10:01:53 | Diag logvar_q_mean=-0.0003 logvar_q_clamp=0.0000
2026-08-30 10:01:57 | Epoch  61/400 | Train Loss 2.3102 Acc 0.1354 | Val Loss 2.2762 Acc 0.2004 AUC 0.9715 Pre 0.1118 Rec 0.1825
2026-08-30 10:01:58 | Diag logvar_q_mean=-0.0002 logvar_q_clamp=0.0000
2026-08-30 10:02:02 | Epoch  62/400 | Train Loss 2.3093 Acc 0.1365 | Val Loss 2.2753 Acc 0.2011 AUC 0.9828 Pre 0.2120 Rec 0.1831
2026-08-30 10:02:02 | Diag logvar_q_mean=-0.0003 logvar_q_clamp=0.0000
2026-08-30 10:02:06 | Epoch  63/400 | Train Loss 2.3105 Acc 0.1355 | Val Loss 2.2764 Acc 0.1822 AUC 0.9824 Pre 0.1117 Rec 0.1653
2026-08-30 10:02:07 | Diag logvar_q_mean=-0.0002 logvar_q_clamp=0.0000
2026-08-30 10:02:11 | Epoch  64/400 | Train Loss 2.3105 Acc 0.1364 | Val Loss 2.2767 Acc 0.1573 AUC 0.9929 Pre 0.1114 Rec 0.1419
2026-08-30 10:02:11 | Diag logvar_q_mean=-0.0002 logvar_q_clamp=0.0000
2026-08-30 10:02:15 | Epoch  65/400 | Train Loss 2.3080 Acc 0.1358 | Val Loss 2.2760 Acc 0.1893 AUC 0.9828 Pre 0.2120 Rec 0.1720
2026-08-30 10:02:16 | Diag logvar_q_mean=-0.0002 logvar_q_clamp=0.0000
2026-08-30 10:02:20 | Epoch  66/400 | Train Loss 2.3097 Acc 0.1375 | Val Loss 2.2759 Acc 0.2012 AUC 0.9816 Pre 0.1117 Rec 0.1832
2026-08-30 10:02:21 | Diag logvar_q_mean=-0.0003 logvar_q_clamp=0.0000
2026-08-30 10:02:24 | Epoch  67/400 | Train Loss 2.3107 Acc 0.1356 | Val Loss 2.2765 Acc 0.1374 AUC 0.9827 Pre 0.1108 Rec 0.1231
2026-08-30 10:02:25 | Diag logvar_q_mean=-0.0003 logvar_q_clamp=0.0000
2026-08-30 10:02:29 | Epoch  68/400 | Train Loss 2.3086 Acc 0.1376 | Val Loss 2.2758 Acc 0.1971 AUC 0.9917 Pre 0.1109 Rec 0.1794
2026-08-30 10:02:30 | Diag logvar_q_mean=-0.0002 logvar_q_clamp=0.0000
2026-08-30 10:02:34 | Epoch  69/400 | Train Loss 2.3091 Acc 0.1374 | Val Loss 2.2761 Acc 0.2054 AUC 0.9808 Pre 0.1111 Rec 0.1872
2026-08-30 10:02:34 | Diag logvar_q_mean=-0.0002 logvar_q_clamp=0.0000
2026-08-30 10:02:38 | Epoch  70/400 | Train Loss 2.3103 Acc 0.1362 | Val Loss 2.2764 Acc 0.1547 AUC 0.9827 Pre 0.1111 Rec 0.1394
2026-08-30 10:02:39 | Diag logvar_q_mean=-0.0002 logvar_q_clamp=0.0000
2026-08-30 10:02:43 | Epoch  71/400 | Train Loss 2.3088 Acc 0.1372 | Val Loss 2.2758 Acc 0.2038 AUC 0.9826 Pre 0.1110 Rec 0.1857
2026-08-30 10:02:43 | Diag logvar_q_mean=-0.0003 logvar_q_clamp=0.0000
2026-08-30 10:02:47 | Epoch  72/400 | Train Loss 2.3109 Acc 0.1367 | Val Loss 2.2768 Acc 0.1770 AUC 0.9811 Pre 0.1116 Rec 0.1604
2026-08-30 10:02:48 | Diag logvar_q_mean=-0.0002 logvar_q_clamp=0.0000
2026-08-30 10:02:52 | Epoch  73/400 | Train Loss 2.3083 Acc 0.1373 | Val Loss 2.2757 Acc 0.2094 AUC 0.9922 Pre 0.1116 Rec 0.1910
2026-08-30 10:02:53 | Diag logvar_q_mean=-0.0003 logvar_q_clamp=0.0000
2026-08-30 10:02:57 | Epoch  74/400 | Train Loss 2.3088 Acc 0.1388 | Val Loss 2.2752 Acc 0.2035 AUC 0.9929 Pre 0.1121 Rec 0.1854
2026-08-30 10:02:57 | Diag logvar_q_mean=-0.0002 logvar_q_clamp=0.0000
2026-08-30 10:03:01 | Epoch  75/400 | Train Loss 2.3105 Acc 0.1365 | Val Loss 2.2757 Acc 0.2049 AUC 0.9924 Pre 0.1115 Rec 0.1867
2026-08-30 10:03:02 | Diag logvar_q_mean=-0.0003 logvar_q_clamp=0.0000
2026-08-30 10:03:06 | Epoch  76/400 | Train Loss 2.3103 Acc 0.1370 | Val Loss 2.2766 Acc 0.1616 AUC 0.9927 Pre 0.1111 Rec 0.1459
2026-08-30 10:03:06 | Diag logvar_q_mean=-0.0002 logvar_q_clamp=0.0000
2026-08-30 10:03:10 | Epoch  77/400 | Train Loss 2.3095 Acc 0.1368 | Val Loss 2.2762 Acc 0.2015 AUC 0.9923 Pre 0.1115 Rec 0.1835
2026-08-30 10:03:11 | Diag logvar_q_mean=-0.0003 logvar_q_clamp=0.0000
2026-08-30 10:03:15 | Epoch  78/400 | Train Loss 2.3104 Acc 0.1382 | Val Loss 2.2771 Acc 0.2057 AUC 0.9911 Pre 0.1107 Rec 0.1875
2026-08-30 10:03:16 | Diag logvar_q_mean=-0.0002 logvar_q_clamp=0.0000
2026-08-30 10:03:20 | Epoch  79/400 | Train Loss 2.3108 Acc 0.1348 | Val Loss 2.2772 Acc 0.2088 AUC 0.9918 Pre 0.1116 Rec 0.1904
2026-08-30 10:03:20 | Diag logvar_q_mean=-0.0002 logvar_q_clamp=0.0000
2026-08-30 10:03:24 | Epoch  80/400 | Train Loss 2.3087 Acc 0.1415 | Val Loss 2.2764 Acc 0.2089 AUC 0.9819 Pre 0.2111 Rec 0.1905
2026-08-30 10:03:25 | Diag logvar_q_mean=-0.0003 logvar_q_clamp=0.0000
2026-08-30 10:03:29 | Epoch  81/400 | Train Loss 2.3094 Acc 0.1366 | Val Loss 2.2768 Acc 0.2100 AUC 0.9912 Pre 0.1109 Rec 0.1915
2026-08-30 10:03:29 | Diag logvar_q_mean=-0.0002 logvar_q_clamp=0.0000
2026-08-30 10:03:33 | Epoch  82/400 | Train Loss 2.3101 Acc 0.1366 | Val Loss 2.2766 Acc 0.2081 AUC 0.9917 Pre 0.2106 Rec 0.1898
2026-08-30 10:03:34 | Diag logvar_q_mean=-0.0002 logvar_q_clamp=0.0000
2026-08-30 10:03:38 | Epoch  83/400 | Train Loss 2.3099 Acc 0.1349 | Val Loss 2.2774 Acc 0.1893 AUC 0.9816 Pre 0.1108 Rec 0.1720
2026-08-30 10:03:39 | Diag logvar_q_mean=-0.0002 logvar_q_clamp=0.0000
2026-08-30 10:03:43 | Epoch  84/400 | Train Loss 2.3092 Acc 0.1367 | Val Loss 2.2766 Acc 0.2047 AUC 0.9819 Pre 0.1112 Rec 0.1865
2026-08-30 10:03:43 | Diag logvar_q_mean=-0.0002 logvar_q_clamp=0.0000
2026-08-30 10:03:47 | Epoch  85/400 | Train Loss 2.3100 Acc 0.1370 | Val Loss 2.2770 Acc 0.2070 AUC 0.9905 Pre 0.1109 Rec 0.1887
2026-08-30 10:03:48 | Diag logvar_q_mean=-0.0002 logvar_q_clamp=0.0000
2026-08-30 10:03:52 | Epoch  86/400 | Train Loss 2.3103 Acc 0.1347 | Val Loss 2.2774 Acc 0.1771 AUC 0.9820 Pre 0.1119 Rec 0.1605
2026-08-30 10:03:53 | Diag logvar_q_mean=-0.0001 logvar_q_clamp=0.0000
2026-08-30 10:03:57 | Epoch  87/400 | Train Loss 2.3106 Acc 0.1353 | Val Loss 2.2776 Acc 0.1914 AUC 0.9821 Pre 0.1123 Rec 0.1740
2026-08-30 10:03:57 | Diag logvar_q_mean=-0.0002 logvar_q_clamp=0.0000
2026-08-30 10:04:01 | Epoch  88/400 | Train Loss 2.3112 Acc 0.1315 | Val Loss 2.2781 Acc 0.1447 AUC 0.9911 Pre 0.1113 Rec 0.1300
2026-08-30 10:04:02 | Diag logvar_q_mean=-0.0002 logvar_q_clamp=0.0000
2026-08-30 10:04:06 | Epoch  89/400 | Train Loss 2.3079 Acc 0.1359 | Val Loss 2.2772 Acc 0.1374 AUC 0.9918 Pre 0.1116 Rec 0.1231
2026-08-30 10:04:06 | Diag logvar_q_mean=-0.0002 logvar_q_clamp=0.0000
2026-08-30 10:04:10 | Epoch  90/400 | Train Loss 2.3094 Acc 0.1353 | Val Loss 2.2771 Acc 0.1338 AUC 0.9908 Pre 0.1115 Rec 0.1197
2026-08-30 10:04:11 | Diag logvar_q_mean=-0.0002 logvar_q_clamp=0.0000
2026-08-30 10:04:15 | Epoch  91/400 | Train Loss 2.3095 Acc 0.1377 | Val Loss 2.2766 Acc 0.1969 AUC 0.9806 Pre 0.1117 Rec 0.1792
2026-08-30 10:04:16 | Diag logvar_q_mean=-0.0003 logvar_q_clamp=0.0000
2026-08-30 10:04:19 | Epoch  92/400 | Train Loss 2.3113 Acc 0.1344 | Val Loss 2.2780 Acc 0.1565 AUC 0.9896 Pre 0.1111 Rec 0.1411
2026-08-30 10:04:20 | Diag logvar_q_mean=-0.0002 logvar_q_clamp=0.0000
2026-08-30 10:04:24 | Epoch  93/400 | Train Loss 2.3086 Acc 0.1363 | Val Loss 2.2774 Acc 0.1635 AUC 0.9898 Pre 0.1117 Rec 0.1477
2026-08-30 10:04:25 | Diag logvar_q_mean=-0.0002 logvar_q_clamp=0.0000
2026-08-30 10:04:29 | Epoch  94/400 | Train Loss 2.3089 Acc 0.1377 | Val Loss 2.2766 Acc 0.1627 AUC 0.9800 Pre 0.1117 Rec 0.1469
2026-08-30 10:04:29 | Diag logvar_q_mean=-0.0002 logvar_q_clamp=0.0000
2026-08-30 10:04:33 | Epoch  95/400 | Train Loss 2.3107 Acc 0.1358 | Val Loss 2.2772 Acc 0.1282 AUC 0.9902 Pre 0.1108 Rec 0.1144
2026-08-30 10:04:34 | Diag logvar_q_mean=-0.0002 logvar_q_clamp=0.0000
2026-08-30 10:04:38 | Epoch  96/400 | Train Loss 2.3108 Acc 0.1348 | Val Loss 2.2777 Acc 0.1402 AUC 0.9910 Pre 0.1112 Rec 0.1257
2026-08-30 10:04:38 | Diag logvar_q_mean=-0.0003 logvar_q_clamp=0.0000
2026-08-30 10:04:42 | Epoch  97/400 | Train Loss 2.3097 Acc 0.1361 | Val Loss 2.2781 Acc 0.1308 AUC 0.9901 Pre 0.1109 Rec 0.1169
2026-08-30 10:04:43 | Diag logvar_q_mean=-0.0002 logvar_q_clamp=0.0000
2026-08-30 10:04:47 | Epoch  98/400 | Train Loss 2.3113 Acc 0.1350 | Val Loss 2.2791 Acc 0.1690 AUC 0.9894 Pre 0.1116 Rec 0.1529
2026-08-30 10:04:48 | Diag logvar_q_mean=-0.0002 logvar_q_clamp=0.0000
2026-08-30 10:04:52 | Epoch  99/400 | Train Loss 2.3081 Acc 0.1371 | Val Loss 2.2778 Acc 0.1190 AUC 0.9902 Pre 0.1114 Rec 0.1057
2026-08-30 10:04:52 | Diag logvar_q_mean=-0.0002 logvar_q_clamp=0.0000
2026-08-30 10:04:56 | Epoch 100/400 | Train Loss 2.3091 Acc 0.1354 | Val Loss 2.2775 Acc 0.1614 AUC 0.9795 Pre 0.1109 Rec 0.1457
2026-08-30 10:04:57 | Diag logvar_q_mean=-0.0002 logvar_q_clamp=0.0000
2026-08-30 10:05:01 | Epoch 101/400 | Train Loss 2.3109 Acc 0.1339 | Val Loss 2.2779 Acc 0.1497 AUC 0.9914 Pre 0.1117 Rec 0.1347
2026-08-30 10:05:01 | Diag logvar_q_mean=-0.0002 logvar_q_clamp=0.0000
2026-08-30 10:05:05 | Epoch 102/400 | Train Loss 2.3107 Acc 0.1332 | Val Loss 2.2786 Acc 0.1131 AUC 0.9716 Pre 0.1113 Rec 0.1002
2026-08-30 10:05:06 | Diag logvar_q_mean=-0.0002 logvar_q_clamp=0.0000
2026-08-30 10:05:10 | Epoch 103/400 | Train Loss 2.3107 Acc 0.1328 | Val Loss 2.2796 Acc 0.1150 AUC 0.9898 Pre 0.1113 Rec 0.1020
2026-08-30 10:05:11 | Diag logvar_q_mean=-0.0002 logvar_q_clamp=0.0000
2026-08-30 10:05:15 | Epoch 104/400 | Train Loss 2.3093 Acc 0.1327 | Val Loss 2.2787 Acc 0.1131 AUC 0.9916 Pre 0.1113 Rec 0.1002
2026-08-30 10:05:15 | Diag logvar_q_mean=-0.0002 logvar_q_clamp=0.0000
2026-08-30 10:05:20 | Epoch 105/400 | Train Loss 2.3094 Acc 0.1356 | Val Loss 2.2784 Acc 0.1129 AUC 0.9918 Pre 0.0113 Rec 0.1000
2026-08-30 10:05:20 | Diag logvar_q_mean=-0.0002 logvar_q_clamp=0.0000
2026-08-30 10:05:24 | Epoch 106/400 | Train Loss 2.3083 Acc 0.1367 | Val Loss 2.2776 Acc 0.1386 AUC 0.9905 Pre 0.1116 Rec 0.1242
2026-08-30 10:05:25 | Diag logvar_q_mean=-0.0002 logvar_q_clamp=0.0000
2026-08-30 10:05:29 | Epoch 107/400 | Train Loss 2.3117 Acc 0.1307 | Val Loss 2.2784 Acc 0.1165 AUC 0.9903 Pre 0.1061 Rec 0.1034
2026-08-30 10:05:29 | Diag logvar_q_mean=-0.0002 logvar_q_clamp=0.0000
2026-08-30 10:05:34 | Epoch 108/400 | Train Loss 2.3095 Acc 0.1358 | Val Loss 2.2782 Acc 0.1159 AUC 0.9905 Pre 0.1081 Rec 0.1028
2026-08-30 10:05:34 | Diag logvar_q_mean=-0.0002 logvar_q_clamp=0.0000
2026-08-30 10:05:38 | Epoch 109/400 | Train Loss 2.3095 Acc 0.1365 | Val Loss 2.2776 Acc 0.1232 AUC 0.9822 Pre 0.1114 Rec 0.1097
2026-08-30 10:05:39 | Diag logvar_q_mean=-0.0002 logvar_q_clamp=0.0000
2026-08-30 10:05:43 | Epoch 110/400 | Train Loss 2.3097 Acc 0.1322 | Val Loss 2.2781 Acc 0.1359 AUC 0.9909 Pre 0.1111 Rec 0.1217
2026-08-30 10:05:43 | Diag logvar_q_mean=-0.0002 logvar_q_clamp=0.0000
2026-08-30 10:05:47 | Epoch 111/400 | Train Loss 2.3103 Acc 0.1327 | Val Loss 2.2782 Acc 0.1231 AUC 0.9803 Pre 0.1114 Rec 0.1096
2026-08-30 10:05:48 | Diag logvar_q_mean=-0.0002 logvar_q_clamp=0.0000
2026-08-30 10:05:52 | Epoch 112/400 | Train Loss 2.3110 Acc 0.1332 | Val Loss 2.2785 Acc 0.1222 AUC 0.9699 Pre 0.1114 Rec 0.1088
2026-08-30 10:05:52 | Diag logvar_q_mean=-0.0002 logvar_q_clamp=0.0000
2026-08-30 10:05:56 | Epoch 113/400 | Train Loss 2.3102 Acc 0.1316 | Val Loss 2.2789 Acc 0.1129 AUC 0.9798 Pre 0.0113 Rec 0.1000
2026-08-30 10:05:57 | Diag logvar_q_mean=-0.0002 logvar_q_clamp=0.0000
2026-08-30 10:06:01 | Epoch 114/400 | Train Loss 2.3105 Acc 0.1335 | Val Loss 2.2790 Acc 0.1143 AUC 0.9802 Pre 0.1113 Rec 0.1013
2026-08-30 10:06:02 | Diag logvar_q_mean=-0.0002 logvar_q_clamp=0.0000
2026-08-30 10:06:06 | Epoch 115/400 | Train Loss 2.3085 Acc 0.1353 | Val Loss 2.2783 Acc 0.1980 AUC 0.9913 Pre 0.1119 Rec 0.1802
2026-08-30 10:06:06 | Diag logvar_q_mean=-0.0002 logvar_q_clamp=0.0000
2026-08-30 10:06:10 | Epoch 116/400 | Train Loss 2.3107 Acc 0.1321 | Val Loss 2.2793 Acc 0.1142 AUC 0.9806 Pre 0.1113 Rec 0.1012
2026-08-30 10:06:11 | Diag logvar_q_mean=-0.0003 logvar_q_clamp=0.0000
2026-08-30 10:06:15 | Epoch 117/400 | Train Loss 2.3084 Acc 0.1373 | Val Loss 2.2783 Acc 0.1481 AUC 0.9910 Pre 0.1114 Rec 0.1332
2026-08-30 10:06:15 | Diag logvar_q_mean=-0.0001 logvar_q_clamp=0.0000
2026-08-30 10:06:19 | Epoch 118/400 | Train Loss 2.3102 Acc 0.1358 | Val Loss 2.2777 Acc 0.1758 AUC 0.9799 Pre 0.2119 Rec 0.1593
2026-08-30 10:06:20 | Diag logvar_q_mean=-0.0003 logvar_q_clamp=0.0000
2026-08-30 10:06:24 | Epoch 119/400 | Train Loss 2.3097 Acc 0.1352 | Val Loss 2.2785 Acc 0.1824 AUC 0.9808 Pre 0.1116 Rec 0.1655
2026-08-30 10:06:25 | Diag logvar_q_mean=-0.0002 logvar_q_clamp=0.0000
2026-08-30 10:06:29 | Epoch 120/400 | Train Loss 2.3082 Acc 0.1351 | Val Loss 2.2774 Acc 0.2006 AUC 0.9910 Pre 0.1118 Rec 0.1827
2026-08-30 10:06:29 | Diag logvar_q_mean=-0.0003 logvar_q_clamp=0.0000
2026-08-30 10:06:33 | Epoch 121/400 | Train Loss 2.3108 Acc 0.1361 | Val Loss 2.2775 Acc 0.2050 AUC 0.9909 Pre 0.1114 Rec 0.1868
2026-08-30 10:06:34 | Diag logvar_q_mean=-0.0002 logvar_q_clamp=0.0000
2026-08-30 10:06:38 | Epoch 122/400 | Train Loss 2.3110 Acc 0.1334 | Val Loss 2.2790 Acc 0.1992 AUC 0.9913 Pre 0.1121 Rec 0.1813
2026-08-30 10:06:38 | Diag logvar_q_mean=-0.0002 logvar_q_clamp=0.0000
2026-08-30 10:06:42 | Epoch 123/400 | Train Loss 2.3083 Acc 0.1358 | Val Loss 2.2780 Acc 0.2069 AUC 0.9711 Pre 0.1115 Rec 0.1886
2026-08-30 10:06:43 | Diag logvar_q_mean=-0.0002 logvar_q_clamp=0.0000
2026-08-30 10:06:47 | Epoch 124/400 | Train Loss 2.3078 Acc 0.1377 | Val Loss 2.2771 Acc 0.2069 AUC 0.9915 Pre 0.1116 Rec 0.1886
2026-08-30 10:06:48 | Diag logvar_q_mean=-0.0002 logvar_q_clamp=0.0000
2026-08-30 10:06:52 | Epoch 125/400 | Train Loss 2.3102 Acc 0.1376 | Val Loss 2.2773 Acc 0.2120 AUC 0.9926 Pre 0.1113 Rec 0.1934
2026-08-30 10:06:52 | Diag logvar_q_mean=-0.0002 logvar_q_clamp=0.0000
2026-08-30 10:06:56 | Epoch 126/400 | Train Loss 2.3098 Acc 0.1371 | Val Loss 2.2775 Acc 0.1810 AUC 0.9813 Pre 0.1120 Rec 0.1642
2026-08-30 10:06:57 | Diag logvar_q_mean=-0.0002 logvar_q_clamp=0.0000
2026-08-30 10:07:01 | Epoch 127/400 | Train Loss 2.3105 Acc 0.1308 | Val Loss 2.2781 Acc 0.2085 AUC 0.9904 Pre 0.1116 Rec 0.1901
2026-08-30 10:07:02 | Diag logvar_q_mean=-0.0002 logvar_q_clamp=0.0000
2026-08-30 10:07:06 | Epoch 128/400 | Train Loss 2.3089 Acc 0.1360 | Val Loss 2.2773 Acc 0.2095 AUC 0.9912 Pre 0.1114 Rec 0.1911
2026-08-30 10:07:06 | Diag logvar_q_mean=-0.0003 logvar_q_clamp=0.0000
2026-08-30 10:07:10 | Epoch 129/400 | Train Loss 2.3095 Acc 0.1360 | Val Loss 2.2771 Acc 0.2102 AUC 0.9904 Pre 0.1105 Rec 0.1917
2026-08-30 10:07:11 | Diag logvar_q_mean=-0.0002 logvar_q_clamp=0.0000
2026-08-30 10:07:15 | Epoch 130/400 | Train Loss 2.3109 Acc 0.1354 | Val Loss 2.2783 Acc 0.2084 AUC 0.9903 Pre 0.1107 Rec 0.1900
2026-08-30 10:07:16 | Diag logvar_q_mean=-0.0002 logvar_q_clamp=0.0000
2026-08-30 10:07:20 | Epoch 131/400 | Train Loss 2.3098 Acc 0.1349 | Val Loss 2.2781 Acc 0.2059 AUC 0.9910 Pre 0.1114 Rec 0.1877
2026-08-30 10:07:20 | Diag logvar_q_mean=-0.0003 logvar_q_clamp=0.0000
2026-08-30 10:07:24 | Epoch 132/400 | Train Loss 2.3092 Acc 0.1362 | Val Loss 2.2780 Acc 0.2016 AUC 0.9900 Pre 0.1107 Rec 0.1836
2026-08-30 10:07:25 | Diag logvar_q_mean=-0.0002 logvar_q_clamp=0.0000
2026-08-30 10:07:29 | Epoch 133/400 | Train Loss 2.3080 Acc 0.1360 | Val Loss 2.2767 Acc 0.2033 AUC 0.9805 Pre 0.1111 Rec 0.1852
2026-08-30 10:07:30 | Diag logvar_q_mean=-0.0002 logvar_q_clamp=0.0000
2026-08-30 10:07:34 | Epoch 134/400 | Train Loss 2.3104 Acc 0.1375 | Val Loss 2.2777 Acc 0.1957 AUC 0.9884 Pre 0.1103 Rec 0.1780
2026-08-30 10:07:34 | Diag logvar_q_mean=-0.0002 logvar_q_clamp=0.0000
2026-08-30 10:07:38 | Epoch 135/400 | Train Loss 2.3091 Acc 0.1363 | Val Loss 2.2766 Acc 0.2099 AUC 0.9798 Pre 0.1105 Rec 0.1914
2026-08-30 10:07:39 | Diag logvar_q_mean=-0.0003 logvar_q_clamp=0.0000
2026-08-30 10:07:43 | Epoch 136/400 | Train Loss 2.3101 Acc 0.1376 | Val Loss 2.2778 Acc 0.2079 AUC 0.9898 Pre 0.1111 Rec 0.1895
2026-08-30 10:07:43 | Diag logvar_q_mean=-0.0002 logvar_q_clamp=0.0000
2026-08-30 10:07:47 | Epoch 137/400 | Train Loss 2.3101 Acc 0.1354 | Val Loss 2.2776 Acc 0.2108 AUC 0.9701 Pre 0.1108 Rec 0.1923
2026-08-30 10:07:48 | Diag logvar_q_mean=-0.0002 logvar_q_clamp=0.0000
2026-08-30 10:07:52 | Epoch 138/400 | Train Loss 2.3099 Acc 0.1354 | Val Loss 2.2783 Acc 0.2090 AUC 0.9797 Pre 0.1109 Rec 0.1906
2026-08-30 10:07:52 | Diag logvar_q_mean=-0.0002 logvar_q_clamp=0.0000
2026-08-30 10:07:56 | Epoch 139/400 | Train Loss 2.3094 Acc 0.1364 | Val Loss 2.2783 Acc 0.2046 AUC 0.9884 Pre 0.1114 Rec 0.1864
2026-08-30 10:07:57 | Diag logvar_q_mean=-0.0002 logvar_q_clamp=0.0000
2026-08-30 10:08:01 | Epoch 140/400 | Train Loss 2.3101 Acc 0.1345 | Val Loss 2.2784 Acc 0.2084 AUC 0.9889 Pre 0.1112 Rec 0.1900
2026-08-30 10:08:01 | Diag logvar_q_mean=-0.0002 logvar_q_clamp=0.0000
2026-08-30 10:08:05 | Epoch 141/400 | Train Loss 2.3104 Acc 0.1342 | Val Loss 2.2782 Acc 0.2100 AUC 0.9786 Pre 0.1112 Rec 0.1915
2026-08-30 10:08:06 | Diag logvar_q_mean=-0.0002 logvar_q_clamp=0.0000
2026-08-30 10:08:10 | Epoch 142/400 | Train Loss 2.3093 Acc 0.1343 | Val Loss 2.2786 Acc 0.2098 AUC 0.9691 Pre 0.1110 Rec 0.1913
2026-08-30 10:08:10 | Diag logvar_q_mean=-0.0002 logvar_q_clamp=0.0000
2026-08-30 10:08:14 | Epoch 143/400 | Train Loss 2.3099 Acc 0.1350 | Val Loss 2.2786 Acc 0.2072 AUC 0.9905 Pre 0.1113 Rec 0.1889
2026-08-30 10:08:15 | Diag logvar_q_mean=-0.0002 logvar_q_clamp=0.0000
2026-08-30 10:08:19 | Epoch 144/400 | Train Loss 2.3088 Acc 0.1368 | Val Loss 2.2778 Acc 0.2087 AUC 0.9794 Pre 0.1112 Rec 0.1903
2026-08-30 10:08:19 | Diag logvar_q_mean=-0.0002 logvar_q_clamp=0.0000
2026-08-30 10:08:24 | Epoch 145/400 | Train Loss 2.3108 Acc 0.1366 | Val Loss 2.2785 Acc 0.1975 AUC 0.9902 Pre 0.1113 Rec 0.1797
2026-08-30 10:08:24 | Diag logvar_q_mean=-0.0002 logvar_q_clamp=0.0000
2026-08-30 10:08:28 | Epoch 146/400 | Train Loss 2.3104 Acc 0.1318 | Val Loss 2.2784 Acc 0.2106 AUC 0.9798 Pre 0.1114 Rec 0.1921
2026-08-30 10:08:29 | Diag logvar_q_mean=-0.0003 logvar_q_clamp=0.0000
2026-08-30 10:08:33 | Epoch 147/400 | Train Loss 2.3098 Acc 0.1355 | Val Loss 2.2782 Acc 0.2100 AUC 0.9797 Pre 0.1106 Rec 0.1915
2026-08-30 10:08:33 | Diag logvar_q_mean=-0.0002 logvar_q_clamp=0.0000
2026-08-30 10:08:37 | Epoch 148/400 | Train Loss 2.3090 Acc 0.1367 | Val Loss 2.2782 Acc 0.2105 AUC 0.9697 Pre 0.1103 Rec 0.1920
2026-08-30 10:08:38 | Diag logvar_q_mean=-0.0002 logvar_q_clamp=0.0000
2026-08-30 10:08:42 | Epoch 149/400 | Train Loss 2.3096 Acc 0.1342 | Val Loss 2.2780 Acc 0.2087 AUC 0.9891 Pre 0.1110 Rec 0.1903
2026-08-30 10:08:43 | Diag logvar_q_mean=-0.0002 logvar_q_clamp=0.0000
2026-08-30 10:08:47 | Epoch 150/400 | Train Loss 2.3107 Acc 0.1353 | Val Loss 2.2782 Acc 0.2100 AUC 0.9904 Pre 0.2106 Rec 0.1915
2026-08-30 10:08:47 | Diag logvar_q_mean=-0.0002 logvar_q_clamp=0.0000
2026-08-30 10:08:51 | Epoch 151/400 | Train Loss 2.3096 Acc 0.1351 | Val Loss 2.2786 Acc 0.2108 AUC 0.9892 Pre 0.1107 Rec 0.1923
2026-08-30 10:08:52 | Diag logvar_q_mean=-0.0002 logvar_q_clamp=0.0000
2026-08-30 10:08:56 | Epoch 152/400 | Train Loss 2.3103 Acc 0.1347 | Val Loss 2.2790 Acc 0.2034 AUC 0.9877 Pre 0.1113 Rec 0.1853
2026-08-30 10:08:57 | Diag logvar_q_mean=-0.0002 logvar_q_clamp=0.0000
2026-08-30 10:09:01 | Epoch 153/400 | Train Loss 2.3089 Acc 0.1363 | Val Loss 2.2782 Acc 0.2085 AUC 0.9882 Pre 0.1111 Rec 0.1901
2026-08-30 10:09:01 | Diag logvar_q_mean=-0.0003 logvar_q_clamp=0.0000
2026-08-30 10:09:05 | Epoch 154/400 | Train Loss 2.3091 Acc 0.1352 | Val Loss 2.2777 Acc 0.2102 AUC 0.9791 Pre 0.1110 Rec 0.1917
2026-08-30 10:09:06 | Diag logvar_q_mean=-0.0002 logvar_q_clamp=0.0000
2026-08-30 10:09:10 | Epoch 155/400 | Train Loss 2.3089 Acc 0.1359 | Val Loss 2.2775 Acc 0.2098 AUC 0.9785 Pre 0.1109 Rec 0.1913
2026-08-30 10:09:11 | Diag logvar_q_mean=-0.0003 logvar_q_clamp=0.0000
2026-08-30 10:09:15 | Epoch 156/400 | Train Loss 2.3114 Acc 0.1320 | Val Loss 2.2786 Acc 0.2064 AUC 0.9803 Pre 0.1110 Rec 0.1881
2026-08-30 10:09:15 | Diag logvar_q_mean=-0.0003 logvar_q_clamp=0.0000
2026-08-30 10:09:19 | Epoch 157/400 | Train Loss 2.3098 Acc 0.1346 | Val Loss 2.2787 Acc 0.2033 AUC 0.9898 Pre 0.1114 Rec 0.1852
2026-08-30 10:09:20 | Diag logvar_q_mean=-0.0002 logvar_q_clamp=0.0000
2026-08-30 10:09:24 | Epoch 158/400 | Train Loss 2.3095 Acc 0.1369 | Val Loss 2.2785 Acc 0.1482 AUC 0.9895 Pre 0.1106 Rec 0.1333
2026-08-30 10:09:24 | Diag logvar_q_mean=-0.0003 logvar_q_clamp=0.0000
2026-08-30 10:09:28 | Epoch 159/400 | Train Loss 2.3096 Acc 0.1345 | Val Loss 2.2786 Acc 0.2083 AUC 0.9897 Pre 0.1113 Rec 0.1899
2026-08-30 10:09:29 | Diag logvar_q_mean=-0.0003 logvar_q_clamp=0.0000
2026-08-30 10:09:33 | Epoch 160/400 | Train Loss 2.3101 Acc 0.1337 | Val Loss 2.2785 Acc 0.1968 AUC 0.9794 Pre 0.1113 Rec 0.1791
2026-08-30 10:09:33 | Diag logvar_q_mean=-0.0003 logvar_q_clamp=0.0000
2026-08-30 10:09:37 | Epoch 161/400 | Train Loss 2.3109 Acc 0.1328 | Val Loss 2.2793 Acc 0.1175 AUC 0.9695 Pre 0.1113 Rec 0.1043
2026-08-30 10:09:38 | Diag logvar_q_mean=-0.0002 logvar_q_clamp=0.0000
2026-08-30 10:09:42 | Epoch 162/400 | Train Loss 2.3080 Acc 0.1361 | Val Loss 2.2785 Acc 0.1155 AUC 0.9790 Pre 0.1113 Rec 0.1025
2026-08-30 10:09:43 | Diag logvar_q_mean=-0.0002 logvar_q_clamp=0.0000
2026-08-30 10:09:47 | Epoch 163/400 | Train Loss 2.3100 Acc 0.1351 | Val Loss 2.2784 Acc 0.1872 AUC 0.9792 Pre 0.1115 Rec 0.1700
2026-08-30 10:09:47 | Diag logvar_q_mean=-0.0002 logvar_q_clamp=0.0000
2026-08-30 10:09:51 | Epoch 164/400 | Train Loss 2.3111 Acc 0.1337 | Val Loss 2.2790 Acc 0.1604 AUC 0.9802 Pre 0.1114 Rec 0.1448
2026-08-30 10:09:52 | Diag logvar_q_mean=-0.0002 logvar_q_clamp=0.0000
2026-08-30 10:09:56 | Epoch 165/400 | Train Loss 2.3084 Acc 0.1367 | Val Loss 2.2786 Acc 0.1231 AUC 0.9800 Pre 0.1104 Rec 0.1096
2026-08-30 10:09:56 | Diag logvar_q_mean=-0.0002 logvar_q_clamp=0.0000
2026-08-30 10:10:00 | Epoch 166/400 | Train Loss 2.3098 Acc 0.1343 | Val Loss 2.2784 Acc 0.1540 AUC 0.9801 Pre 0.1108 Rec 0.1387
2026-08-30 10:10:01 | Diag logvar_q_mean=-0.0002 logvar_q_clamp=0.0000
2026-08-30 10:10:05 | Epoch 167/400 | Train Loss 2.3105 Acc 0.1327 | Val Loss 2.2786 Acc 0.1396 AUC 0.9703 Pre 0.1091 Rec 0.1252
2026-08-30 10:10:06 | Diag logvar_q_mean=-0.0002 logvar_q_clamp=0.0000
2026-08-30 10:10:10 | Epoch 168/400 | Train Loss 2.3076 Acc 0.1367 | Val Loss 2.2778 Acc 0.1326 AUC 0.9689 Pre 0.1095 Rec 0.1186
2026-08-30 10:10:10 | Diag logvar_q_mean=-0.0003 logvar_q_clamp=0.0000
2026-08-30 10:10:14 | Epoch 169/400 | Train Loss 2.3081 Acc 0.1388 | Val Loss 2.2770 Acc 0.1926 AUC 0.9790 Pre 0.1117 Rec 0.1751
2026-08-30 10:10:15 | Diag logvar_q_mean=-0.0003 logvar_q_clamp=0.0000
2026-08-30 10:10:19 | Epoch 170/400 | Train Loss 2.3103 Acc 0.1363 | Val Loss 2.2778 Acc 0.1998 AUC 0.9877 Pre 0.1115 Rec 0.1819
2026-08-30 10:10:20 | Diag logvar_q_mean=-0.0002 logvar_q_clamp=0.0000
2026-08-30 10:10:24 | Epoch 171/400 | Train Loss 2.3103 Acc 0.1349 | Val Loss 2.2786 Acc 0.1987 AUC 0.9882 Pre 0.1111 Rec 0.1809
2026-08-30 10:10:24 | Diag logvar_q_mean=-0.0002 logvar_q_clamp=0.0000
2026-08-30 10:10:28 | Epoch 172/400 | Train Loss 2.3086 Acc 0.1332 | Val Loss 2.2778 Acc 0.2086 AUC 0.9777 Pre 0.1109 Rec 0.1902
2026-08-30 10:10:29 | Diag logvar_q_mean=-0.0003 logvar_q_clamp=0.0000
2026-08-30 10:10:33 | Epoch 173/400 | Train Loss 2.3109 Acc 0.1347 | Val Loss 2.2782 Acc 0.1934 AUC 0.9684 Pre 0.1118 Rec 0.1759
2026-08-30 10:10:34 | Diag logvar_q_mean=-0.0002 logvar_q_clamp=0.0000
2026-08-30 10:10:38 | Epoch 174/400 | Train Loss 2.3111 Acc 0.1364 | Val Loss 2.2796 Acc 0.1144 AUC 0.9679 Pre 0.2113 Rec 0.1014
2026-08-30 10:10:38 | Diag logvar_q_mean=-0.0002 logvar_q_clamp=0.0000
2026-08-30 10:10:42 | Epoch 175/400 | Train Loss 2.3091 Acc 0.1343 | Val Loss 2.2790 Acc 0.1881 AUC 0.9784 Pre 0.1118 Rec 0.1709
2026-08-30 10:10:43 | Diag logvar_q_mean=-0.0002 logvar_q_clamp=0.0000
2026-08-30 10:10:47 | Epoch 176/400 | Train Loss 2.3084 Acc 0.1370 | Val Loss 2.2781 Acc 0.1928 AUC 0.9783 Pre 0.1114 Rec 0.1753
2026-08-30 10:10:48 | Diag logvar_q_mean=-0.0002 logvar_q_clamp=0.0000
2026-08-30 10:10:52 | Epoch 177/400 | Train Loss 2.3085 Acc 0.1352 | Val Loss 2.2777 Acc 0.1503 AUC 0.9880 Pre 0.1109 Rec 0.1352
2026-08-30 10:10:52 | Diag logvar_q_mean=-0.0002 logvar_q_clamp=0.0000
2026-08-30 10:10:56 | Epoch 178/400 | Train Loss 2.3122 Acc 0.1335 | Val Loss 2.2788 Acc 0.1861 AUC 0.9699 Pre 0.1120 Rec 0.1690
2026-08-30 10:10:57 | Diag logvar_q_mean=-0.0003 logvar_q_clamp=0.0000
2026-08-30 10:11:01 | Epoch 179/400 | Train Loss 2.3098 Acc 0.1334 | Val Loss 2.2791 Acc 0.2016 AUC 0.9803 Pre 0.1114 Rec 0.1836
2026-08-30 10:11:02 | Diag logvar_q_mean=-0.0002 logvar_q_clamp=0.0000
2026-08-30 10:11:06 | Epoch 180/400 | Train Loss 2.3080 Acc 0.1365 | Val Loss 2.2784 Acc 0.1484 AUC 0.9904 Pre 0.1098 Rec 0.1335
2026-08-30 10:11:06 | Diag logvar_q_mean=-0.0002 logvar_q_clamp=0.0000
2026-08-30 10:11:10 | Epoch 181/400 | Train Loss 2.3094 Acc 0.1348 | Val Loss 2.2775 Acc 0.1566 AUC 0.9899 Pre 0.1116 Rec 0.1412
2026-08-30 10:11:11 | Diag logvar_q_mean=-0.0001 logvar_q_clamp=0.0000
2026-08-30 10:11:15 | Epoch 182/400 | Train Loss 2.3096 Acc 0.1347 | Val Loss 2.2779 Acc 0.1965 AUC 0.9799 Pre 0.1116 Rec 0.1788
2026-08-30 10:11:16 | Diag logvar_q_mean=-0.0003 logvar_q_clamp=0.0000
2026-08-30 10:11:19 | Epoch 183/400 | Train Loss 2.3101 Acc 0.1379 | Val Loss 2.2784 Acc 0.2089 AUC 0.9903 Pre 0.2109 Rec 0.1905
2026-08-30 10:11:20 | Diag logvar_q_mean=-0.0002 logvar_q_clamp=0.0000
2026-08-30 10:11:24 | Epoch 184/400 | Train Loss 2.3104 Acc 0.1354 | Val Loss 2.2790 Acc 0.1598 AUC 0.9788 Pre 0.1114 Rec 0.1442
2026-08-30 10:11:25 | Diag logvar_q_mean=-0.0002 logvar_q_clamp=0.0000
2026-08-30 10:11:29 | Epoch 185/400 | Train Loss 2.3080 Acc 0.1356 | Val Loss 2.2780 Acc 0.2081 AUC 0.9792 Pre 0.1113 Rec 0.1897
2026-08-30 10:11:29 | Diag logvar_q_mean=-0.0002 logvar_q_clamp=0.0000
2026-08-30 10:11:33 | Epoch 186/400 | Train Loss 2.3069 Acc 0.1381 | Val Loss 2.2763 Acc 0.2079 AUC 0.9683 Pre 0.2105 Rec 0.1896
2026-08-30 10:11:34 | Diag logvar_q_mean=-0.0002 logvar_q_clamp=0.0000
2026-08-30 10:11:38 | Epoch 187/400 | Train Loss 2.3079 Acc 0.1408 | Val Loss 2.2756 Acc 0.2080 AUC 0.9682 Pre 0.2113 Rec 0.1896
2026-08-30 10:11:39 | Diag logvar_q_mean=-0.0002 logvar_q_clamp=0.0000
2026-08-30 10:11:43 | Epoch 188/400 | Train Loss 2.3111 Acc 0.1353 | Val Loss 2.2764 Acc 0.2020 AUC 0.9896 Pre 0.1115 Rec 0.1840
2026-08-30 10:11:43 | Diag logvar_q_mean=-0.0003 logvar_q_clamp=0.0000
2026-08-30 10:11:47 | Epoch 189/400 | Train Loss 2.3090 Acc 0.1365 | Val Loss 2.2767 Acc 0.1987 AUC 0.9777 Pre 0.1110 Rec 0.1809
2026-08-30 10:11:48 | Diag logvar_q_mean=-0.0002 logvar_q_clamp=0.0000
2026-08-30 10:11:52 | Epoch 190/400 | Train Loss 2.3090 Acc 0.1390 | Val Loss 2.2764 Acc 0.2047 AUC 0.9898 Pre 0.2114 Rec 0.1866
2026-08-30 10:11:52 | Diag logvar_q_mean=-0.0002 logvar_q_clamp=0.0000
2026-08-30 10:11:56 | Epoch 191/400 | Train Loss 2.3095 Acc 0.1385 | Val Loss 2.2769 Acc 0.1705 AUC 0.9801 Pre 0.1115 Rec 0.1543
2026-08-30 10:11:57 | Diag logvar_q_mean=-0.0002 logvar_q_clamp=0.0000
2026-08-30 10:12:01 | Epoch 192/400 | Train Loss 2.3102 Acc 0.1335 | Val Loss 2.2775 Acc 0.1145 AUC 0.9689 Pre 0.1113 Rec 0.1015
2026-08-30 10:12:01 | Diag logvar_q_mean=-0.0002 logvar_q_clamp=0.0000
2026-08-30 10:12:05 | Epoch 193/400 | Train Loss 2.3091 Acc 0.1354 | Val Loss 2.2775 Acc 0.1290 AUC 0.9683 Pre 0.2108 Rec 0.1152
2026-08-30 10:12:06 | Diag logvar_q_mean=-0.0002 logvar_q_clamp=0.0000
2026-08-30 10:12:10 | Epoch 194/400 | Train Loss 2.3089 Acc 0.1376 | Val Loss 2.2768 Acc 0.1457 AUC 0.9795 Pre 0.1096 Rec 0.1309
2026-08-30 10:12:10 | Diag logvar_q_mean=-0.0002 logvar_q_clamp=0.0000
2026-08-30 10:12:14 | Epoch 195/400 | Train Loss 2.3093 Acc 0.1351 | Val Loss 2.2772 Acc 0.1936 AUC 0.9791 Pre 0.1108 Rec 0.1761
2026-08-30 10:12:15 | Diag logvar_q_mean=-0.0003 logvar_q_clamp=0.0000
2026-08-30 10:12:19 | Epoch 196/400 | Train Loss 2.3097 Acc 0.1364 | Val Loss 2.2772 Acc 0.1311 AUC 0.9789 Pre 0.2088 Rec 0.1172
2026-08-30 10:12:20 | Diag logvar_q_mean=-0.0002 logvar_q_clamp=0.0000
2026-08-30 10:12:24 | Epoch 197/400 | Train Loss 2.3077 Acc 0.1380 | Val Loss 2.2766 Acc 0.1570 AUC 0.9688 Pre 0.2103 Rec 0.1416
2026-08-30 10:12:24 | Diag logvar_q_mean=-0.0002 logvar_q_clamp=0.0000
2026-08-30 10:12:28 | Epoch 198/400 | Train Loss 2.3101 Acc 0.1370 | Val Loss 2.2770 Acc 0.1585 AUC 0.9804 Pre 0.2105 Rec 0.1430
2026-08-30 10:12:29 | Diag logvar_q_mean=-0.0002 logvar_q_clamp=0.0000
2026-08-30 10:12:33 | Epoch 199/400 | Train Loss 2.3101 Acc 0.1340 | Val Loss 2.2776 Acc 0.1133 AUC 0.9689 Pre 0.2113 Rec 0.1004
2026-08-30 10:12:34 | Diag logvar_q_mean=-0.0003 logvar_q_clamp=0.0000
2026-08-30 10:12:38 | Epoch 200/400 | Train Loss 2.3105 Acc 0.1323 | Val Loss 2.2781 Acc 0.1146 AUC 0.9794 Pre 0.2113 Rec 0.1016
2026-08-30 10:12:38 | Diag logvar_q_mean=-0.0002 logvar_q_clamp=0.0000
2026-08-30 10:12:42 | Epoch 201/400 | Train Loss 2.3110 Acc 0.1339 | Val Loss 2.2791 Acc 0.1147 AUC 0.9787 Pre 0.1060 Rec 0.1017
2026-08-30 10:12:43 | Diag logvar_q_mean=-0.0002 logvar_q_clamp=0.0000
2026-08-30 10:12:47 | Epoch 202/400 | Train Loss 2.3102 Acc 0.1348 | Val Loss 2.2789 Acc 0.1134 AUC 0.9885 Pre 0.1863 Rec 0.1005
2026-08-30 10:12:47 | Diag logvar_q_mean=-0.0002 logvar_q_clamp=0.0000
2026-08-30 10:12:51 | Epoch 203/400 | Train Loss 2.3107 Acc 0.1325 | Val Loss 2.2792 Acc 0.1908 AUC 0.9792 Pre 0.1114 Rec 0.1734
2026-08-30 10:12:52 | Diag logvar_q_mean=-0.0002 logvar_q_clamp=0.0000
2026-08-30 10:12:56 | Epoch 204/400 | Train Loss 2.3083 Acc 0.1361 | Val Loss 2.2789 Acc 0.2049 AUC 0.9670 Pre 0.1107 Rec 0.1867
2026-08-30 10:12:57 | Diag logvar_q_mean=-0.0002 logvar_q_clamp=0.0000
2026-08-30 10:13:01 | Epoch 205/400 | Train Loss 2.3098 Acc 0.1375 | Val Loss 2.2787 Acc 0.2096 AUC 0.9760 Pre 0.1109 Rec 0.1912
2026-08-30 10:13:01 | Diag logvar_q_mean=-0.0003 logvar_q_clamp=0.0000
2026-08-30 10:13:05 | Epoch 206/400 | Train Loss 2.3109 Acc 0.1330 | Val Loss 2.2796 Acc 0.1941 AUC 0.9653 Pre 0.1118 Rec 0.1765
2026-08-30 10:13:06 | Diag logvar_q_mean=-0.0002 logvar_q_clamp=0.0000
2026-08-30 10:13:10 | Epoch 207/400 | Train Loss 2.3105 Acc 0.1326 | Val Loss 2.2800 Acc 0.1220 AUC 0.9673 Pre 0.1114 Rec 0.1086
2026-08-30 10:13:10 | Diag logvar_q_mean=-0.0002 logvar_q_clamp=0.0000
2026-08-30 10:13:14 | Epoch 208/400 | Train Loss 2.3086 Acc 0.1355 | Val Loss 2.2793 Acc 0.1477 AUC 0.9885 Pre 0.1114 Rec 0.1328
2026-08-30 10:13:15 | Diag logvar_q_mean=-0.0002 logvar_q_clamp=0.0000
2026-08-30 10:13:19 | Epoch 209/400 | Train Loss 2.3090 Acc 0.1372 | Val Loss 2.2788 Acc 0.1499 AUC 0.9889 Pre 0.1117 Rec 0.1349
2026-08-30 10:13:19 | Diag logvar_q_mean=-0.0002 logvar_q_clamp=0.0000
2026-08-30 10:13:23 | Epoch 210/400 | Train Loss 2.3119 Acc 0.1323 | Val Loss 2.2808 Acc 0.1129 AUC 0.9772 Pre 0.0113 Rec 0.1000
2026-08-30 10:13:24 | Diag logvar_q_mean=-0.0002 logvar_q_clamp=0.0000
2026-08-30 10:13:28 | Epoch 211/400 | Train Loss 2.3082 Acc 0.1355 | Val Loss 2.2799 Acc 0.1147 AUC 0.9878 Pre 0.1113 Rec 0.1017
2026-08-30 10:13:28 | Diag logvar_q_mean=-0.0003 logvar_q_clamp=0.0000
2026-08-30 10:13:33 | Epoch 212/400 | Train Loss 2.3104 Acc 0.1336 | Val Loss 2.2795 Acc 0.1137 AUC 0.9788 Pre 0.1113 Rec 0.1008
2026-08-30 10:13:33 | Diag logvar_q_mean=-0.0003 logvar_q_clamp=0.0000
2026-08-30 10:13:37 | Epoch 213/400 | Train Loss 2.3086 Acc 0.1339 | Val Loss 2.2795 Acc 0.1132 AUC 0.9878 Pre 0.1113 Rec 0.1003
2026-08-30 10:13:38 | Diag logvar_q_mean=-0.0002 logvar_q_clamp=0.0000
2026-08-30 10:13:42 | Epoch 214/400 | Train Loss 2.3093 Acc 0.1339 | Val Loss 2.2791 Acc 0.1167 AUC 0.9882 Pre 0.1113 Rec 0.1036
2026-08-30 10:13:42 | Diag logvar_q_mean=-0.0002 logvar_q_clamp=0.0000
2026-08-30 10:13:46 | Epoch 215/400 | Train Loss 2.3105 Acc 0.1348 | Val Loss 2.2797 Acc 0.1139 AUC 0.9793 Pre 0.1113 Rec 0.1009
2026-08-30 10:13:47 | Diag logvar_q_mean=-0.0002 logvar_q_clamp=0.0000
2026-08-30 10:13:51 | Epoch 216/400 | Train Loss 2.3087 Acc 0.1357 | Val Loss 2.2794 Acc 0.1250 AUC 0.9702 Pre 0.1114 Rec 0.1114
2026-08-30 10:13:51 | Diag logvar_q_mean=-0.0002 logvar_q_clamp=0.0000
2026-08-30 10:13:55 | Epoch 217/400 | Train Loss 2.3108 Acc 0.1323 | Val Loss 2.2796 Acc 0.1133 AUC 0.9896 Pre 0.2113 Rec 0.1004
2026-08-30 10:13:56 | Diag logvar_q_mean=-0.0002 logvar_q_clamp=0.0000
2026-08-30 10:14:00 | Epoch 218/400 | Train Loss 2.3107 Acc 0.1362 | Val Loss 2.2803 Acc 0.1129 AUC 0.9875 Pre 0.0113 Rec 0.1000
2026-08-30 10:14:01 | Diag logvar_q_mean=-0.0002 logvar_q_clamp=0.0000
2026-08-30 10:14:04 | Epoch 219/400 | Train Loss 2.3096 Acc 0.1343 | Val Loss 2.2802 Acc 0.1240 AUC 0.9893 Pre 0.1096 Rec 0.1105
2026-08-30 10:14:05 | Diag logvar_q_mean=-0.0002 logvar_q_clamp=0.0000
2026-08-30 10:14:09 | Epoch 220/400 | Train Loss 2.3104 Acc 0.1322 | Val Loss 2.2810 Acc 0.1141 AUC 0.9788 Pre 0.1113 Rec 0.1011
2026-08-30 10:14:10 | Diag logvar_q_mean=-0.0002 logvar_q_clamp=0.0000
2026-08-30 10:14:14 | Epoch 221/400 | Train Loss 2.3091 Acc 0.1360 | Val Loss 2.2803 Acc 0.1288 AUC 0.9866 Pre 0.1096 Rec 0.1150
2026-08-30 10:14:14 | Diag logvar_q_mean=-0.0002 logvar_q_clamp=0.0000
2026-08-30 10:14:18 | Epoch 222/400 | Train Loss 2.3089 Acc 0.1351 | Val Loss 2.2795 Acc 0.1828 AUC 0.9779 Pre 0.1110 Rec 0.1659
2026-08-30 10:14:19 | Diag logvar_q_mean=-0.0002 logvar_q_clamp=0.0000
2026-08-30 10:14:23 | Epoch 223/400 | Train Loss 2.3094 Acc 0.1362 | Val Loss 2.2790 Acc 0.1786 AUC 0.9874 Pre 0.1115 Rec 0.1619
2026-08-30 10:14:24 | Diag logvar_q_mean=-0.0002 logvar_q_clamp=0.0000
2026-08-30 10:14:27 | Epoch 224/400 | Train Loss 2.3086 Acc 0.1371 | Val Loss 2.2785 Acc 0.1975 AUC 0.9874 Pre 0.1114 Rec 0.1797
2026-08-30 10:14:28 | Diag logvar_q_mean=-0.0002 logvar_q_clamp=0.0000
2026-08-30 10:14:32 | Epoch 225/400 | Train Loss 2.3088 Acc 0.1381 | Val Loss 2.2783 Acc 0.2029 AUC 0.9764 Pre 0.1113 Rec 0.1848
2026-08-30 10:14:33 | Diag logvar_q_mean=-0.0002 logvar_q_clamp=0.0000
2026-08-30 10:14:37 | Epoch 226/400 | Train Loss 2.3095 Acc 0.1369 | Val Loss 2.2781 Acc 0.1862 AUC 0.9691 Pre 0.1115 Rec 0.1691
2026-08-30 10:14:37 | Diag logvar_q_mean=-0.0002 logvar_q_clamp=0.0000
2026-08-30 10:14:41 | Epoch 227/400 | Train Loss 2.3096 Acc 0.1376 | Val Loss 2.2784 Acc 0.1514 AUC 0.9693 Pre 0.1112 Rec 0.1363
2026-08-30 10:14:42 | Diag logvar_q_mean=-0.0002 logvar_q_clamp=0.0000
2026-08-30 10:14:46 | Epoch 228/400 | Train Loss 2.3091 Acc 0.1369 | Val Loss 2.2777 Acc 0.1993 AUC 0.9699 Pre 0.1111 Rec 0.1814
2026-08-30 10:14:46 | Diag logvar_q_mean=-0.0003 logvar_q_clamp=0.0000
2026-08-30 10:14:50 | Epoch 229/400 | Train Loss 2.3103 Acc 0.1359 | Val Loss 2.2789 Acc 0.2081 AUC 0.9876 Pre 0.1109 Rec 0.1897
2026-08-30 10:14:51 | Diag logvar_q_mean=-0.0002 logvar_q_clamp=0.0000
2026-08-30 10:14:55 | Epoch 230/400 | Train Loss 2.3105 Acc 0.1320 | Val Loss 2.2794 Acc 0.1748 AUC 0.9685 Pre 0.2112 Rec 0.1583
2026-08-30 10:14:56 | Diag logvar_q_mean=-0.0002 logvar_q_clamp=0.0000
2026-08-30 10:15:00 | Epoch 231/400 | Train Loss 2.3107 Acc 0.1359 | Val Loss 2.2796 Acc 0.2001 AUC 0.9783 Pre 0.1112 Rec 0.1822
2026-08-30 10:15:00 | Diag logvar_q_mean=-0.0003 logvar_q_clamp=0.0000
2026-08-30 10:15:04 | Epoch 232/400 | Train Loss 2.3089 Acc 0.1353 | Val Loss 2.2793 Acc 0.2031 AUC 0.9789 Pre 0.1108 Rec 0.1850
2026-08-30 10:15:05 | Diag logvar_q_mean=-0.0002 logvar_q_clamp=0.0000
2026-08-30 10:15:09 | Epoch 233/400 | Train Loss 2.3111 Acc 0.1316 | Val Loss 2.2807 Acc 0.1325 AUC 0.9767 Pre 0.1110 Rec 0.1185
2026-08-30 10:15:09 | Diag logvar_q_mean=-0.0001 logvar_q_clamp=0.0000
2026-08-30 10:15:13 | Epoch 234/400 | Train Loss 2.3108 Acc 0.1328 | Val Loss 2.2807 Acc 0.1602 AUC 0.9879 Pre 0.1116 Rec 0.1446
2026-08-30 10:15:14 | Diag logvar_q_mean=-0.0002 logvar_q_clamp=0.0000
2026-08-30 10:15:18 | Epoch 235/400 | Train Loss 2.3106 Acc 0.1334 | Val Loss 2.2812 Acc 0.1151 AUC 0.9777 Pre 0.1070 Rec 0.1021
2026-08-30 10:15:18 | Diag logvar_q_mean=-0.0002 logvar_q_clamp=0.0000
2026-08-30 10:15:22 | Epoch 236/400 | Train Loss 2.3108 Acc 0.1320 | Val Loss 2.2820 Acc 0.1965 AUC 0.9768 Pre 0.1113 Rec 0.1788
2026-08-30 10:15:23 | Diag logvar_q_mean=-0.0002 logvar_q_clamp=0.0000
2026-08-30 10:15:27 | Epoch 237/400 | Train Loss 2.3110 Acc 0.1299 | Val Loss 2.2822 Acc 0.1863 AUC 0.9889 Pre 0.1119 Rec 0.1692
2026-08-30 10:15:28 | Diag logvar_q_mean=-0.0001 logvar_q_clamp=0.0000
2026-08-30 10:15:32 | Epoch 238/400 | Train Loss 2.3096 Acc 0.1305 | Val Loss 2.2820 Acc 0.1891 AUC 0.9788 Pre 0.1111 Rec 0.1718
2026-08-30 10:15:32 | Diag logvar_q_mean=-0.0001 logvar_q_clamp=0.0000
2026-08-30 10:15:36 | Epoch 239/400 | Train Loss 2.3099 Acc 0.1331 | Val Loss 2.2813 Acc 0.1498 AUC 0.9879 Pre 0.1104 Rec 0.1348
2026-08-30 10:15:37 | Diag logvar_q_mean=-0.0002 logvar_q_clamp=0.0000
2026-08-30 10:15:41 | Epoch 240/400 | Train Loss 2.3092 Acc 0.1325 | Val Loss 2.2811 Acc 0.2063 AUC 0.9783 Pre 0.2115 Rec 0.1880
2026-08-30 10:15:41 | Diag logvar_q_mean=-0.0002 logvar_q_clamp=0.0000
2026-08-30 10:15:45 | Epoch 241/400 | Train Loss 2.3082 Acc 0.1346 | Val Loss 2.2802 Acc 0.2082 AUC 0.9682 Pre 0.1106 Rec 0.1898
2026-08-30 10:15:46 | Diag logvar_q_mean=-0.0002 logvar_q_clamp=0.0000
2026-08-30 10:15:50 | Epoch 242/400 | Train Loss 2.3107 Acc 0.1353 | Val Loss 2.2806 Acc 0.2093 AUC 0.9794 Pre 0.1103 Rec 0.1909
2026-08-30 10:15:50 | Diag logvar_q_mean=-0.0003 logvar_q_clamp=0.0000
2026-08-30 10:15:54 | Epoch 243/400 | Train Loss 2.3093 Acc 0.1350 | Val Loss 2.2805 Acc 0.2119 AUC 0.9792 Pre 0.1095 Rec 0.1933
2026-08-30 10:15:55 | Diag logvar_q_mean=-0.0002 logvar_q_clamp=0.0000
2026-08-30 10:15:59 | Epoch 244/400 | Train Loss 2.3117 Acc 0.1331 | Val Loss 2.2813 Acc 0.2011 AUC 0.9685 Pre 0.1114 Rec 0.1831
2026-08-30 10:16:00 | Diag logvar_q_mean=-0.0002 logvar_q_clamp=0.0000
2026-08-30 10:16:04 | Epoch 245/400 | Train Loss 2.3088 Acc 0.1331 | Val Loss 2.2808 Acc 0.2049 AUC 0.9875 Pre 0.1115 Rec 0.1867
2026-08-30 10:16:04 | Diag logvar_q_mean=-0.0002 logvar_q_clamp=0.0000
2026-08-30 10:16:08 | Epoch 246/400 | Train Loss 2.3109 Acc 0.1322 | Val Loss 2.2814 Acc 0.1998 AUC 0.9875 Pre 0.1113 Rec 0.1819
2026-08-30 10:16:09 | Diag logvar_q_mean=-0.0002 logvar_q_clamp=0.0000
2026-08-30 10:16:13 | Epoch 247/400 | Train Loss 2.3112 Acc 0.1304 | Val Loss 2.2824 Acc 0.2032 AUC 0.9858 Pre 0.1114 Rec 0.1851
2026-08-30 10:16:13 | Diag logvar_q_mean=-0.0002 logvar_q_clamp=0.0000
2026-08-30 10:16:17 | Epoch 248/400 | Train Loss 2.3091 Acc 0.1308 | Val Loss 2.2817 Acc 0.2010 AUC 0.9667 Pre 0.1113 Rec 0.1830
2026-08-30 10:16:18 | Diag logvar_q_mean=-0.0002 logvar_q_clamp=0.0000
2026-08-30 10:16:22 | Epoch 249/400 | Train Loss 2.3103 Acc 0.1310 | Val Loss 2.2819 Acc 0.1136 AUC 0.9791 Pre 0.1113 Rec 0.1007
2026-08-30 10:16:22 | Diag logvar_q_mean=-0.0002 logvar_q_clamp=0.0000
2026-08-30 10:16:26 | Epoch 250/400 | Train Loss 2.3090 Acc 0.1295 | Val Loss 2.2818 Acc 0.1300 AUC 0.9879 Pre 0.1109 Rec 0.1161
2026-08-30 10:16:27 | Diag logvar_q_mean=-0.0002 logvar_q_clamp=0.0000
2026-08-30 10:16:31 | Epoch 251/400 | Train Loss 2.3095 Acc 0.1339 | Val Loss 2.2813 Acc 0.1129 AUC 0.9894 Pre 0.0113 Rec 0.1000
2026-08-30 10:16:32 | Diag logvar_q_mean=-0.0002 logvar_q_clamp=0.0000
2026-08-30 10:16:36 | Epoch 252/400 | Train Loss 2.3097 Acc 0.1307 | Val Loss 2.2813 Acc 0.1133 AUC 0.9888 Pre 0.1113 Rec 0.1004
2026-08-30 10:16:36 | Diag logvar_q_mean=-0.0002 logvar_q_clamp=0.0000
2026-08-30 10:16:40 | Epoch 253/400 | Train Loss 2.3088 Acc 0.1336 | Val Loss 2.2804 Acc 0.1224 AUC 0.9788 Pre 0.1114 Rec 0.1090
2026-08-30 10:16:41 | Diag logvar_q_mean=-0.0002 logvar_q_clamp=0.0000
2026-08-30 10:16:45 | Epoch 254/400 | Train Loss 2.3085 Acc 0.1340 | Val Loss 2.2797 Acc 0.1324 AUC 0.9791 Pre 0.1110 Rec 0.1184
2026-08-30 10:16:45 | Diag logvar_q_mean=-0.0003 logvar_q_clamp=0.0000
2026-08-30 10:16:49 | Epoch 255/400 | Train Loss 2.3098 Acc 0.1325 | Val Loss 2.2794 Acc 0.1429 AUC 0.9880 Pre 0.1107 Rec 0.1283
2026-08-30 10:16:50 | Diag logvar_q_mean=-0.0002 logvar_q_clamp=0.0000
2026-08-30 10:16:54 | Epoch 256/400 | Train Loss 2.3092 Acc 0.1340 | Val Loss 2.2793 Acc 0.1534 AUC 0.9869 Pre 0.1113 Rec 0.1382
2026-08-30 10:16:54 | Diag logvar_q_mean=-0.0002 logvar_q_clamp=0.0000
2026-08-30 10:16:58 | Epoch 257/400 | Train Loss 2.3115 Acc 0.1345 | Val Loss 2.2809 Acc 0.1212 AUC 0.9764 Pre 0.1114 Rec 0.1078
2026-08-30 10:16:59 | Diag logvar_q_mean=-0.0002 logvar_q_clamp=0.0000
2026-08-30 10:17:03 | Epoch 258/400 | Train Loss 2.3082 Acc 0.1328 | Val Loss 2.2799 Acc 0.1147 AUC 0.9769 Pre 0.1113 Rec 0.1017
2026-08-30 10:17:04 | Diag logvar_q_mean=-0.0002 logvar_q_clamp=0.0000
2026-08-30 10:17:08 | Epoch 259/400 | Train Loss 2.3107 Acc 0.1328 | Val Loss 2.2799 Acc 0.2066 AUC 0.9777 Pre 0.1108 Rec 0.1883
2026-08-30 10:17:08 | Diag logvar_q_mean=-0.0003 logvar_q_clamp=0.0000
2026-08-30 10:17:12 | Epoch 260/400 | Train Loss 2.3097 Acc 0.1328 | Val Loss 2.2804 Acc 0.1480 AUC 0.9872 Pre 0.1117 Rec 0.1331
2026-08-30 10:17:13 | Diag logvar_q_mean=-0.0002 logvar_q_clamp=0.0000
2026-08-30 10:17:17 | Epoch 261/400 | Train Loss 2.3099 Acc 0.1317 | Val Loss 2.2805 Acc 0.1148 AUC 0.9775 Pre 0.1113 Rec 0.1018
2026-08-30 10:17:18 | Diag logvar_q_mean=-0.0002 logvar_q_clamp=0.0000
2026-08-30 10:17:22 | Epoch 262/400 | Train Loss 2.3110 Acc 0.1327 | Val Loss 2.2812 Acc 0.1160 AUC 0.9771 Pre 0.1113 Rec 0.1029
2026-08-30 10:17:22 | Diag logvar_q_mean=-0.0001 logvar_q_clamp=0.0000
2026-08-30 10:17:26 | Epoch 263/400 | Train Loss 2.3106 Acc 0.1280 | Val Loss 2.2818 Acc 0.1129 AUC 0.9665 Pre 0.0113 Rec 0.1000
2026-08-30 10:17:27 | Diag logvar_q_mean=-0.0002 logvar_q_clamp=0.0000
2026-08-30 10:17:31 | Epoch 264/400 | Train Loss 2.3092 Acc 0.1324 | Val Loss 2.2814 Acc 0.1129 AUC 0.9775 Pre 0.0113 Rec 0.1000
2026-08-30 10:17:31 | Diag logvar_q_mean=-0.0001 logvar_q_clamp=0.0000
2026-08-30 10:17:35 | Epoch 265/400 | Train Loss 2.3085 Acc 0.1336 | Val Loss 2.2805 Acc 0.1191 AUC 0.9876 Pre 0.1082 Rec 0.1058
2026-08-30 10:17:36 | Diag logvar_q_mean=-0.0001 logvar_q_clamp=0.0000
2026-08-30 10:17:40 | Epoch 266/400 | Train Loss 2.3104 Acc 0.1319 | Val Loss 2.2807 Acc 0.1131 AUC 0.9877 Pre 0.1113 Rec 0.1002
2026-08-30 10:17:41 | Diag logvar_q_mean=-0.0002 logvar_q_clamp=0.0000
2026-08-30 10:17:45 | Epoch 267/400 | Train Loss 2.3107 Acc 0.1317 | Val Loss 2.2816 Acc 0.1504 AUC 0.9679 Pre 0.1115 Rec 0.1353
2026-08-30 10:17:45 | Diag logvar_q_mean=-0.0001 logvar_q_clamp=0.0000
2026-08-30 10:17:49 | Epoch 268/400 | Train Loss 2.3088 Acc 0.1324 | Val Loss 2.2804 Acc 0.1132 AUC 0.9610 Pre 0.0863 Rec 0.1003
2026-08-30 10:17:50 | Diag logvar_q_mean=-0.0003 logvar_q_clamp=0.0000
2026-08-30 10:17:54 | Epoch 269/400 | Train Loss 2.3110 Acc 0.1320 | Val Loss 2.2812 Acc 0.1130 AUC 0.9869 Pre 0.1113 Rec 0.1001
2026-08-30 10:17:55 | Diag logvar_q_mean=-0.0002 logvar_q_clamp=0.0000
2026-08-30 10:17:59 | Epoch 270/400 | Train Loss 2.3101 Acc 0.1323 | Val Loss 2.2816 Acc 0.1131 AUC 0.9668 Pre 0.1113 Rec 0.1002
2026-08-30 10:17:59 | Diag logvar_q_mean=-0.0003 logvar_q_clamp=0.0000
2026-08-30 10:18:03 | Epoch 271/400 | Train Loss 2.3091 Acc 0.1325 | Val Loss 2.2810 Acc 0.1247 AUC 0.9775 Pre 0.1098 Rec 0.1111
2026-08-30 10:18:04 | Diag logvar_q_mean=-0.0002 logvar_q_clamp=0.0000
2026-08-30 10:18:08 | Epoch 272/400 | Train Loss 2.3114 Acc 0.1315 | Val Loss 2.2817 Acc 0.1189 AUC 0.9781 Pre 0.1114 Rec 0.1057
2026-08-30 10:18:08 | Diag logvar_q_mean=-0.0002 logvar_q_clamp=0.0000
2026-08-30 10:18:13 | Epoch 273/400 | Train Loss 2.3081 Acc 0.1326 | Val Loss 2.2812 Acc 0.2003 AUC 0.9870 Pre 0.1109 Rec 0.1824
2026-08-30 10:18:13 | Diag logvar_q_mean=-0.0002 logvar_q_clamp=0.0000
2026-08-30 10:18:17 | Epoch 274/400 | Train Loss 2.3096 Acc 0.1334 | Val Loss 2.2810 Acc 0.1140 AUC 0.9799 Pre 0.1030 Rec 0.1010
2026-08-30 10:18:18 | Diag logvar_q_mean=-0.0002 logvar_q_clamp=0.0000
2026-08-30 10:18:22 | Epoch 275/400 | Train Loss 2.3110 Acc 0.1303 | Val Loss 2.2823 Acc 0.1129 AUC 0.9673 Pre 0.0113 Rec 0.1000
2026-08-30 10:18:22 | Diag logvar_q_mean=-0.0002 logvar_q_clamp=0.0000
2026-08-30 10:18:27 | Epoch 276/400 | Train Loss 2.3096 Acc 0.1324 | Val Loss 2.2815 Acc 0.1130 AUC 0.9678 Pre 0.1113 Rec 0.1001
2026-08-30 10:18:27 | Diag logvar_q_mean=-0.0002 logvar_q_clamp=0.0000
2026-08-30 10:18:31 | Epoch 277/400 | Train Loss 2.3106 Acc 0.1309 | Val Loss 2.2819 Acc 0.1133 AUC 0.9776 Pre 0.1113 Rec 0.1004
2026-08-30 10:18:32 | Diag logvar_q_mean=-0.0002 logvar_q_clamp=0.0000
2026-08-30 10:18:36 | Epoch 278/400 | Train Loss 2.3102 Acc 0.1306 | Val Loss 2.2820 Acc 0.1132 AUC 0.9866 Pre 0.1113 Rec 0.1003
2026-08-30 10:18:36 | Diag logvar_q_mean=-0.0002 logvar_q_clamp=0.0000
2026-08-30 10:18:40 | Epoch 279/400 | Train Loss 2.3098 Acc 0.1321 | Val Loss 2.2818 Acc 0.1164 AUC 0.9874 Pre 0.1113 Rec 0.1033
2026-08-30 10:18:41 | Diag logvar_q_mean=-0.0002 logvar_q_clamp=0.0000
2026-08-30 10:18:45 | Epoch 280/400 | Train Loss 2.3116 Acc 0.1312 | Val Loss 2.2827 Acc 0.1167 AUC 0.9869 Pre 0.1063 Rec 0.1036
2026-08-30 10:18:46 | Diag logvar_q_mean=-0.0002 logvar_q_clamp=0.0000
2026-08-30 10:18:50 | Epoch 281/400 | Train Loss 2.3102 Acc 0.1318 | Val Loss 2.2826 Acc 0.1662 AUC 0.9672 Pre 0.1110 Rec 0.1502
2026-08-30 10:18:50 | Diag logvar_q_mean=-0.0001 logvar_q_clamp=0.0000
2026-08-30 10:18:54 | Epoch 282/400 | Train Loss 2.3105 Acc 0.1283 | Val Loss 2.2825 Acc 0.1729 AUC 0.9687 Pre 0.1115 Rec 0.1566
2026-08-30 10:18:55 | Diag logvar_q_mean=-0.0002 logvar_q_clamp=0.0000
2026-08-30 10:18:59 | Epoch 283/400 | Train Loss 2.3087 Acc 0.1326 | Val Loss 2.2814 Acc 0.1603 AUC 0.9784 Pre 0.1110 Rec 0.1447
2026-08-30 10:18:59 | Diag logvar_q_mean=-0.0002 logvar_q_clamp=0.0000
2026-08-30 10:19:03 | Epoch 284/400 | Train Loss 2.3107 Acc 0.1311 | Val Loss 2.2824 Acc 0.1142 AUC 0.9849 Pre 0.1113 Rec 0.1012
2026-08-30 10:19:04 | Diag logvar_q_mean=-0.0002 logvar_q_clamp=0.0000
2026-08-30 10:19:08 | Epoch 285/400 | Train Loss 2.3115 Acc 0.1297 | Val Loss 2.2827 Acc 0.1573 AUC 0.9780 Pre 0.1111 Rec 0.1418
2026-08-30 10:19:08 | Diag logvar_q_mean=-0.0002 logvar_q_clamp=0.0000
2026-08-30 10:19:12 | Epoch 286/400 | Train Loss 2.3088 Acc 0.1335 | Val Loss 2.2821 Acc 0.1784 AUC 0.9755 Pre 0.2112 Rec 0.1617
2026-08-30 10:19:13 | Diag logvar_q_mean=-0.0002 logvar_q_clamp=0.0000
2026-08-30 10:19:17 | Epoch 287/400 | Train Loss 2.3092 Acc 0.1314 | Val Loss 2.2814 Acc 0.1135 AUC 0.9775 Pre 0.0713 Rec 0.1006
2026-08-30 10:19:18 | Diag logvar_q_mean=-0.0002 logvar_q_clamp=0.0000
2026-08-30 10:19:22 | Epoch 288/400 | Train Loss 2.3094 Acc 0.1329 | Val Loss 2.2808 Acc 0.1148 AUC 0.9690 Pre 0.1113 Rec 0.1018
2026-08-30 10:19:22 | Diag logvar_q_mean=-0.0003 logvar_q_clamp=0.0000
2026-08-30 10:19:26 | Epoch 289/400 | Train Loss 2.3098 Acc 0.1310 | Val Loss 2.2807 Acc 0.1145 AUC 0.9685 Pre 0.1002 Rec 0.1015
2026-08-30 10:19:27 | Diag logvar_q_mean=-0.0003 logvar_q_clamp=0.0000
2026-08-30 10:19:31 | Epoch 290/400 | Train Loss 2.3104 Acc 0.1332 | Val Loss 2.2814 Acc 0.1375 AUC 0.9691 Pre 0.1104 Rec 0.1232
2026-08-30 10:19:31 | Diag logvar_q_mean=-0.0002 logvar_q_clamp=0.0000
2026-08-30 10:19:35 | Epoch 291/400 | Train Loss 2.3091 Acc 0.1344 | Val Loss 2.2810 Acc 0.1132 AUC 0.9778 Pre 0.1113 Rec 0.1003
2026-08-30 10:19:36 | Diag logvar_q_mean=-0.0002 logvar_q_clamp=0.0000
2026-08-30 10:19:40 | Epoch 292/400 | Train Loss 2.3081 Acc 0.1325 | Val Loss 2.2805 Acc 0.1302 AUC 0.9784 Pre 0.1115 Rec 0.1163
2026-08-30 10:19:41 | Diag logvar_q_mean=-0.0002 logvar_q_clamp=0.0000
2026-08-30 10:19:45 | Epoch 293/400 | Train Loss 2.3106 Acc 0.1304 | Val Loss 2.2807 Acc 0.1133 AUC 0.9787 Pre 0.1113 Rec 0.1004
2026-08-30 10:19:45 | Diag logvar_q_mean=-0.0002 logvar_q_clamp=0.0000
2026-08-30 10:19:49 | Epoch 294/400 | Train Loss 2.3089 Acc 0.1317 | Val Loss 2.2802 Acc 0.1206 AUC 0.9877 Pre 0.1114 Rec 0.1073
2026-08-30 10:19:50 | Diag logvar_q_mean=-0.0002 logvar_q_clamp=0.0000
2026-08-30 10:19:54 | Epoch 295/400 | Train Loss 2.3091 Acc 0.1336 | Val Loss 2.2797 Acc 0.1219 AUC 0.9682 Pre 0.1103 Rec 0.1085
2026-08-30 10:19:55 | Diag logvar_q_mean=-0.0002 logvar_q_clamp=0.0000
2026-08-30 10:19:59 | Epoch 296/400 | Train Loss 2.3093 Acc 0.1343 | Val Loss 2.2795 Acc 0.1673 AUC 0.9781 Pre 0.1112 Rec 0.1513
2026-08-30 10:19:59 | Diag logvar_q_mean=-0.0002 logvar_q_clamp=0.0000
2026-08-30 10:20:03 | Epoch 297/400 | Train Loss 2.3119 Acc 0.1321 | Val Loss 2.2808 Acc 0.1351 AUC 0.9890 Pre 0.1098 Rec 0.1209
2026-08-30 10:20:04 | Diag logvar_q_mean=-0.0001 logvar_q_clamp=0.0000
2026-08-30 10:20:08 | Epoch 298/400 | Train Loss 2.3096 Acc 0.1344 | Val Loss 2.2811 Acc 0.1484 AUC 0.9685 Pre 0.1111 Rec 0.1335
2026-08-30 10:20:09 | Diag logvar_q_mean=-0.0002 logvar_q_clamp=0.0000
2026-08-30 10:20:13 | Epoch 299/400 | Train Loss 2.3102 Acc 0.1322 | Val Loss 2.2811 Acc 0.1288 AUC 0.9784 Pre 0.1096 Rec 0.1150
2026-08-30 10:20:13 | Diag logvar_q_mean=-0.0002 logvar_q_clamp=0.0000
2026-08-30 10:20:17 | Epoch 300/400 | Train Loss 2.3087 Acc 0.1329 | Val Loss 2.2810 Acc 0.1143 AUC 0.9875 Pre 0.1113 Rec 0.1013
2026-08-30 10:20:18 | Diag logvar_q_mean=-0.0001 logvar_q_clamp=0.0000
2026-08-30 10:20:22 | Epoch 301/400 | Train Loss 2.3108 Acc 0.1304 | Val Loss 2.2810 Acc 0.1144 AUC 0.9873 Pre 0.1113 Rec 0.1014
2026-08-30 10:20:22 | Diag logvar_q_mean=-0.0002 logvar_q_clamp=0.0000
2026-08-30 10:20:26 | Epoch 302/400 | Train Loss 2.3106 Acc 0.1312 | Val Loss 2.2817 Acc 0.1139 AUC 0.9869 Pre 0.1113 Rec 0.1009
2026-08-30 10:20:27 | Diag logvar_q_mean=-0.0002 logvar_q_clamp=0.0000
2026-08-30 10:20:31 | Epoch 303/400 | Train Loss 2.3104 Acc 0.1314 | Val Loss 2.2823 Acc 0.1142 AUC 0.9879 Pre 0.1113 Rec 0.1012
2026-08-30 10:20:32 | Diag logvar_q_mean=-0.0002 logvar_q_clamp=0.0000
2026-08-30 10:20:36 | Epoch 304/400 | Train Loss 2.3097 Acc 0.1328 | Val Loss 2.2817 Acc 0.1167 AUC 0.9789 Pre 0.1113 Rec 0.1036
2026-08-30 10:20:36 | Diag logvar_q_mean=-0.0002 logvar_q_clamp=0.0000
2026-08-30 10:20:40 | Epoch 305/400 | Train Loss 2.3074 Acc 0.1353 | Val Loss 2.2805 Acc 0.1243 AUC 0.9781 Pre 0.1114 Rec 0.1107
2026-08-30 10:20:41 | Diag logvar_q_mean=-0.0002 logvar_q_clamp=0.0000
2026-08-30 10:20:45 | Epoch 306/400 | Train Loss 2.3102 Acc 0.1336 | Val Loss 2.2806 Acc 0.1129 AUC 0.9778 Pre 0.0113 Rec 0.1000
2026-08-30 10:20:45 | Diag logvar_q_mean=-0.0002 logvar_q_clamp=0.0000
2026-08-30 10:20:49 | Epoch 307/400 | Train Loss 2.3091 Acc 0.1337 | Val Loss 2.2800 Acc 0.1145 AUC 0.9673 Pre 0.1054 Rec 0.1015
2026-08-30 10:20:50 | Diag logvar_q_mean=-0.0002 logvar_q_clamp=0.0000
2026-08-30 10:20:54 | Epoch 308/400 | Train Loss 2.3101 Acc 0.1329 | Val Loss 2.2805 Acc 0.1415 AUC 0.9665 Pre 0.1109 Rec 0.1270
2026-08-30 10:20:55 | Diag logvar_q_mean=-0.0002 logvar_q_clamp=0.0000
2026-08-30 10:20:59 | Epoch 309/400 | Train Loss 2.3099 Acc 0.1330 | Val Loss 2.2806 Acc 0.1305 AUC 0.9643 Pre 0.1093 Rec 0.1166
2026-08-30 10:20:59 | Diag logvar_q_mean=-0.0002 logvar_q_clamp=0.0000
2026-08-30 10:21:03 | Epoch 310/400 | Train Loss 2.3103 Acc 0.1309 | Val Loss 2.2811 Acc 0.1163 AUC 0.9669 Pre 0.1113 Rec 0.1032
2026-08-30 10:21:04 | Diag logvar_q_mean=-0.0002 logvar_q_clamp=0.0000
2026-08-30 10:21:08 | Epoch 311/400 | Train Loss 2.3110 Acc 0.1325 | Val Loss 2.2817 Acc 0.1129 AUC 0.9807 Pre 0.0113 Rec 0.1000
2026-08-30 10:21:08 | Diag logvar_q_mean=-0.0002 logvar_q_clamp=0.0000
2026-08-30 10:21:12 | Epoch 312/400 | Train Loss 2.3079 Acc 0.1358 | Val Loss 2.2804 Acc 0.1129 AUC 0.9882 Pre 0.0113 Rec 0.1000
2026-08-30 10:21:13 | Diag logvar_q_mean=-0.0002 logvar_q_clamp=0.0000
2026-08-30 10:21:17 | Epoch 313/400 | Train Loss 2.3086 Acc 0.1336 | Val Loss 2.2800 Acc 0.1203 AUC 0.9879 Pre 0.1114 Rec 0.1070
2026-08-30 10:21:18 | Diag logvar_q_mean=-0.0002 logvar_q_clamp=0.0000
2026-08-30 10:21:22 | Epoch 314/400 | Train Loss 2.3114 Acc 0.1338 | Val Loss 2.2807 Acc 0.1130 AUC 0.9789 Pre 0.1113 Rec 0.1001
2026-08-30 10:21:22 | Diag logvar_q_mean=-0.0002 logvar_q_clamp=0.0000
2026-08-30 10:21:26 | Epoch 315/400 | Train Loss 2.3113 Acc 0.1304 | Val Loss 2.2819 Acc 0.1131 AUC 0.9886 Pre 0.1113 Rec 0.1002
2026-08-30 10:21:27 | Diag logvar_q_mean=-0.0002 logvar_q_clamp=0.0000
2026-08-30 10:21:31 | Epoch 316/400 | Train Loss 2.3094 Acc 0.1321 | Val Loss 2.2816 Acc 0.1129 AUC 0.9879 Pre 0.0113 Rec 0.1000
2026-08-30 10:21:32 | Diag logvar_q_mean=-0.0002 logvar_q_clamp=0.0000
2026-08-30 10:21:36 | Epoch 317/400 | Train Loss 2.3104 Acc 0.1317 | Val Loss 2.2819 Acc 0.1129 AUC 0.9883 Pre 0.0113 Rec 0.1000
2026-08-30 10:21:36 | Diag logvar_q_mean=-0.0002 logvar_q_clamp=0.0000
2026-08-30 10:21:40 | Epoch 318/400 | Train Loss 2.3099 Acc 0.1326 | Val Loss 2.2817 Acc 0.1130 AUC 0.9777 Pre 0.1113 Rec 0.1001
2026-08-30 10:21:41 | Diag logvar_q_mean=-0.0002 logvar_q_clamp=0.0000
2026-08-30 10:21:45 | Epoch 319/400 | Train Loss 2.3095 Acc 0.1312 | Val Loss 2.2818 Acc 0.1132 AUC 0.9874 Pre 0.1113 Rec 0.1003
2026-08-30 10:21:45 | Diag logvar_q_mean=-0.0002 logvar_q_clamp=0.0000
2026-08-30 10:21:49 | Epoch 320/400 | Train Loss 2.3102 Acc 0.1320 | Val Loss 2.2822 Acc 0.1143 AUC 0.9777 Pre 0.1113 Rec 0.1013
2026-08-30 10:21:50 | Diag logvar_q_mean=-0.0002 logvar_q_clamp=0.0000
2026-08-30 10:21:54 | Epoch 321/400 | Train Loss 2.3097 Acc 0.1322 | Val Loss 2.2823 Acc 0.1134 AUC 0.9770 Pre 0.1113 Rec 0.1005
2026-08-30 10:21:55 | Diag logvar_q_mean=-0.0001 logvar_q_clamp=0.0000
2026-08-30 10:21:59 | Epoch 322/400 | Train Loss 2.3096 Acc 0.1323 | Val Loss 2.2819 Acc 0.1131 AUC 0.9775 Pre 0.1113 Rec 0.1002
2026-08-30 10:21:59 | Diag logvar_q_mean=-0.0002 logvar_q_clamp=0.0000
2026-08-30 10:22:03 | Epoch 323/400 | Train Loss 2.3095 Acc 0.1328 | Val Loss 2.2817 Acc 0.1131 AUC 0.9769 Pre 0.1113 Rec 0.1002
2026-08-30 10:22:04 | Diag logvar_q_mean=-0.0002 logvar_q_clamp=0.0000
2026-08-30 10:22:08 | Epoch 324/400 | Train Loss 2.3093 Acc 0.1323 | Val Loss 2.2812 Acc 0.1576 AUC 0.9786 Pre 0.1101 Rec 0.1421
2026-08-30 10:22:08 | Diag logvar_q_mean=-0.0002 logvar_q_clamp=0.0000
2026-08-30 10:22:12 | Epoch 325/400 | Train Loss 2.3109 Acc 0.1313 | Val Loss 2.2816 Acc 0.1434 AUC 0.9787 Pre 0.1113 Rec 0.1287
2026-08-30 10:22:13 | Diag logvar_q_mean=-0.0002 logvar_q_clamp=0.0000
2026-08-30 10:22:17 | Epoch 326/400 | Train Loss 2.3110 Acc 0.1305 | Val Loss 2.2825 Acc 0.1129 AUC 0.9663 Pre 0.0113 Rec 0.1000
2026-08-30 10:22:18 | Diag logvar_q_mean=-0.0002 logvar_q_clamp=0.0000
2026-08-30 10:22:21 | Epoch 327/400 | Train Loss 2.3098 Acc 0.1338 | Val Loss 2.2824 Acc 0.1145 AUC 0.9770 Pre 0.1113 Rec 0.1015
2026-08-30 10:22:22 | Diag logvar_q_mean=-0.0002 logvar_q_clamp=0.0000
2026-08-30 10:22:26 | Epoch 328/400 | Train Loss 2.3110 Acc 0.1301 | Val Loss 2.2827 Acc 0.1129 AUC 0.9767 Pre 0.0113 Rec 0.1000
2026-08-30 10:22:27 | Diag logvar_q_mean=-0.0002 logvar_q_clamp=0.0000
2026-08-30 10:22:31 | Epoch 329/400 | Train Loss 2.3078 Acc 0.1326 | Val Loss 2.2814 Acc 0.1322 AUC 0.9860 Pre 0.1115 Rec 0.1182
2026-08-30 10:22:31 | Diag logvar_q_mean=-0.0002 logvar_q_clamp=0.0000
2026-08-30 10:22:35 | Epoch 330/400 | Train Loss 2.3090 Acc 0.1342 | Val Loss 2.2811 Acc 0.1302 AUC 0.9779 Pre 0.1115 Rec 0.1163
2026-08-30 10:22:36 | Diag logvar_q_mean=-0.0003 logvar_q_clamp=0.0000
2026-08-30 10:22:40 | Epoch 331/400 | Train Loss 2.3095 Acc 0.1327 | Val Loss 2.2811 Acc 0.1183 AUC 0.9764 Pre 0.1114 Rec 0.1051
2026-08-30 10:22:40 | Diag logvar_q_mean=-0.0002 logvar_q_clamp=0.0000
2026-08-30 10:22:44 | Epoch 332/400 | Train Loss 2.3094 Acc 0.1329 | Val Loss 2.2809 Acc 0.1132 AUC 0.9675 Pre 0.1113 Rec 0.1003
2026-08-30 10:22:45 | Diag logvar_q_mean=-0.0002 logvar_q_clamp=0.0000
2026-08-30 10:22:49 | Epoch 333/400 | Train Loss 2.3110 Acc 0.1304 | Val Loss 2.2813 Acc 0.1129 AUC 0.9666 Pre 0.0113 Rec 0.1000
2026-08-30 10:22:50 | Diag logvar_q_mean=-0.0002 logvar_q_clamp=0.0000
2026-08-30 10:22:53 | Epoch 334/400 | Train Loss 2.3111 Acc 0.1291 | Val Loss 2.2825 Acc 0.1129 AUC 0.9664 Pre 0.0113 Rec 0.1000
2026-08-30 10:22:54 | Diag logvar_q_mean=-0.0002 logvar_q_clamp=0.0000
2026-08-30 10:22:58 | Epoch 335/400 | Train Loss 2.3121 Acc 0.1289 | Val Loss 2.2834 Acc 0.1129 AUC 0.9770 Pre 0.0113 Rec 0.1000
2026-08-30 10:22:59 | Diag logvar_q_mean=-0.0002 logvar_q_clamp=0.0000
2026-08-30 10:23:03 | Epoch 336/400 | Train Loss 2.3082 Acc 0.1315 | Val Loss 2.2825 Acc 0.1129 AUC 0.9764 Pre 0.0113 Rec 0.1000
2026-08-30 10:23:03 | Diag logvar_q_mean=-0.0002 logvar_q_clamp=0.0000
2026-08-30 10:23:07 | Epoch 337/400 | Train Loss 2.3108 Acc 0.1290 | Val Loss 2.2825 Acc 0.1129 AUC 0.9671 Pre 0.0113 Rec 0.1000
2026-08-30 10:23:08 | Diag logvar_q_mean=-0.0002 logvar_q_clamp=0.0000
2026-08-30 10:23:12 | Epoch 338/400 | Train Loss 2.3101 Acc 0.1293 | Val Loss 2.2832 Acc 0.1129 AUC 0.9774 Pre 0.0113 Rec 0.1000
2026-08-30 10:23:12 | Diag logvar_q_mean=-0.0002 logvar_q_clamp=0.0000
2026-08-30 10:23:16 | Epoch 339/400 | Train Loss 2.3105 Acc 0.1290 | Val Loss 2.2830 Acc 0.1129 AUC 0.9878 Pre 0.0113 Rec 0.1000
2026-08-30 10:23:17 | Diag logvar_q_mean=-0.0002 logvar_q_clamp=0.0000
2026-08-30 10:23:21 | Epoch 340/400 | Train Loss 2.3093 Acc 0.1308 | Val Loss 2.2822 Acc 0.1144 AUC 0.9883 Pre 0.1113 Rec 0.1014
2026-08-30 10:23:22 | Diag logvar_q_mean=-0.0002 logvar_q_clamp=0.0000
2026-08-30 10:23:26 | Epoch 341/400 | Train Loss 2.3105 Acc 0.1305 | Val Loss 2.2827 Acc 0.1129 AUC 0.9884 Pre 0.0113 Rec 0.1000
2026-08-30 10:23:26 | Diag logvar_q_mean=-0.0002 logvar_q_clamp=0.0000
2026-08-30 10:23:30 | Epoch 342/400 | Train Loss 2.3104 Acc 0.1296 | Val Loss 2.2825 Acc 0.1129 AUC 0.9775 Pre 0.0113 Rec 0.1000
2026-08-30 10:23:31 | Diag logvar_q_mean=-0.0002 logvar_q_clamp=0.0000
2026-08-30 10:23:35 | Epoch 343/400 | Train Loss 2.3107 Acc 0.1279 | Val Loss 2.2835 Acc 0.1157 AUC 0.9769 Pre 0.1113 Rec 0.1026
2026-08-30 10:23:36 | Diag logvar_q_mean=-0.0002 logvar_q_clamp=0.0000
2026-08-30 10:23:40 | Epoch 344/400 | Train Loss 2.3096 Acc 0.1289 | Val Loss 2.2837 Acc 0.1129 AUC 0.9674 Pre 0.0113 Rec 0.1000
2026-08-30 10:23:40 | Diag logvar_q_mean=-0.0003 logvar_q_clamp=0.0000
2026-08-30 10:23:44 | Epoch 345/400 | Train Loss 2.3109 Acc 0.1294 | Val Loss 2.2840 Acc 0.1129 AUC 0.9768 Pre 0.0113 Rec 0.1000
2026-08-30 10:23:45 | Diag logvar_q_mean=-0.0002 logvar_q_clamp=0.0000
2026-08-30 10:23:49 | Epoch 346/400 | Train Loss 2.3096 Acc 0.1303 | Val Loss 2.2835 Acc 0.1129 AUC 0.9770 Pre 0.0113 Rec 0.1000
2026-08-30 10:23:50 | Diag logvar_q_mean=-0.0002 logvar_q_clamp=0.0000
2026-08-30 10:23:54 | Epoch 347/400 | Train Loss 2.3081 Acc 0.1327 | Val Loss 2.2824 Acc 0.1129 AUC 0.9862 Pre 0.0113 Rec 0.1000
2026-08-30 10:23:54 | Diag logvar_q_mean=-0.0002 logvar_q_clamp=0.0000
2026-08-30 10:23:58 | Epoch 348/400 | Train Loss 2.3111 Acc 0.1283 | Val Loss 2.2829 Acc 0.1129 AUC 0.9572 Pre 0.0113 Rec 0.1000
2026-08-30 10:23:59 | Diag logvar_q_mean=-0.0002 logvar_q_clamp=0.0000
2026-08-30 10:24:03 | Epoch 349/400 | Train Loss 2.3097 Acc 0.1286 | Val Loss 2.2828 Acc 0.1136 AUC 0.9670 Pre 0.1113 Rec 0.1007
2026-08-30 10:24:04 | Diag logvar_q_mean=-0.0002 logvar_q_clamp=0.0000
2026-08-30 10:24:07 | Epoch 350/400 | Train Loss 2.3084 Acc 0.1324 | Val Loss 2.2818 Acc 0.1135 AUC 0.9865 Pre 0.1113 Rec 0.1006
2026-08-30 10:24:08 | Diag logvar_q_mean=-0.0002 logvar_q_clamp=0.0000
2026-08-30 10:24:12 | Epoch 351/400 | Train Loss 2.3112 Acc 0.1313 | Val Loss 2.2824 Acc 0.1141 AUC 0.9763 Pre 0.1113 Rec 0.1011
2026-08-30 10:24:13 | Diag logvar_q_mean=-0.0002 logvar_q_clamp=0.0000
2026-08-30 10:24:17 | Epoch 352/400 | Train Loss 2.3103 Acc 0.1290 | Val Loss 2.2825 Acc 0.1129 AUC 0.9685 Pre 0.0113 Rec 0.1000
2026-08-30 10:24:17 | Diag logvar_q_mean=-0.0002 logvar_q_clamp=0.0000
2026-08-30 10:24:21 | Epoch 353/400 | Train Loss 2.3078 Acc 0.1326 | Val Loss 2.2814 Acc 0.1133 AUC 0.9781 Pre 0.1113 Rec 0.1004
2026-08-30 10:24:22 | Diag logvar_q_mean=-0.0002 logvar_q_clamp=0.0000
2026-08-30 10:24:26 | Epoch 354/400 | Train Loss 2.3105 Acc 0.1303 | Val Loss 2.2812 Acc 0.1129 AUC 0.9675 Pre 0.0113 Rec 0.1000
2026-08-30 10:24:26 | Diag logvar_q_mean=-0.0002 logvar_q_clamp=0.0000
2026-08-30 10:24:30 | Epoch 355/400 | Train Loss 2.3093 Acc 0.1320 | Val Loss 2.2809 Acc 0.1138 AUC 0.9857 Pre 0.1113 Rec 0.1008
2026-08-30 10:24:31 | Diag logvar_q_mean=-0.0002 logvar_q_clamp=0.0000
2026-08-30 10:24:35 | Epoch 356/400 | Train Loss 2.3090 Acc 0.1330 | Val Loss 2.2806 Acc 0.1142 AUC 0.9869 Pre 0.1113 Rec 0.1012
2026-08-30 10:24:36 | Diag logvar_q_mean=-0.0002 logvar_q_clamp=0.0000
2026-08-30 10:24:40 | Epoch 357/400 | Train Loss 2.3113 Acc 0.1311 | Val Loss 2.2813 Acc 0.1139 AUC 0.9778 Pre 0.1022 Rec 0.1009
2026-08-30 10:24:40 | Diag logvar_q_mean=-0.0002 logvar_q_clamp=0.0000
2026-08-30 10:24:44 | Epoch 358/400 | Train Loss 2.3096 Acc 0.1319 | Val Loss 2.2816 Acc 0.1132 AUC 0.9773 Pre 0.1113 Rec 0.1003
2026-08-30 10:24:45 | Diag logvar_q_mean=-0.0002 logvar_q_clamp=0.0000
2026-08-30 10:24:49 | Epoch 359/400 | Train Loss 2.3096 Acc 0.1322 | Val Loss 2.2812 Acc 0.1206 AUC 0.9768 Pre 0.1114 Rec 0.1073
2026-08-30 10:24:50 | Diag logvar_q_mean=-0.0002 logvar_q_clamp=0.0000
2026-08-30 10:24:54 | Epoch 360/400 | Train Loss 2.3100 Acc 0.1337 | Val Loss 2.2816 Acc 0.1641 AUC 0.9670 Pre 0.1107 Rec 0.1483
2026-08-30 10:24:54 | Diag logvar_q_mean=-0.0002 logvar_q_clamp=0.0000
2026-08-30 10:24:58 | Epoch 361/400 | Train Loss 2.3099 Acc 0.1338 | Val Loss 2.2813 Acc 0.1635 AUC 0.9770 Pre 0.1109 Rec 0.1477
2026-08-30 10:24:59 | Diag logvar_q_mean=-0.0002 logvar_q_clamp=0.0000
2026-08-30 10:25:03 | Epoch 362/400 | Train Loss 2.3083 Acc 0.1334 | Val Loss 2.2806 Acc 0.1502 AUC 0.9877 Pre 0.1102 Rec 0.1352
2026-08-30 10:25:03 | Diag logvar_q_mean=-0.0002 logvar_q_clamp=0.0000
2026-08-30 10:25:07 | Epoch 363/400 | Train Loss 2.3099 Acc 0.1331 | Val Loss 2.2803 Acc 0.2075 AUC 0.9671 Pre 0.1106 Rec 0.1892
2026-08-30 10:25:08 | Diag logvar_q_mean=-0.0002 logvar_q_clamp=0.0000
2026-08-30 10:25:12 | Epoch 364/400 | Train Loss 2.3111 Acc 0.1330 | Val Loss 2.2812 Acc 0.1900 AUC 0.9764 Pre 0.1110 Rec 0.1727
2026-08-30 10:25:13 | Diag logvar_q_mean=-0.0002 logvar_q_clamp=0.0000
2026-08-30 10:25:17 | Epoch 365/400 | Train Loss 2.3092 Acc 0.1346 | Val Loss 2.2808 Acc 0.2015 AUC 0.9768 Pre 0.1107 Rec 0.1835
2026-08-30 10:25:17 | Diag logvar_q_mean=-0.0002 logvar_q_clamp=0.0000
2026-08-30 10:25:22 | Epoch 366/400 | Train Loss 2.3099 Acc 0.1350 | Val Loss 2.2810 Acc 0.2042 AUC 0.9869 Pre 0.1110 Rec 0.1861
2026-08-30 10:25:22 | Diag logvar_q_mean=-0.0002 logvar_q_clamp=0.0000
2026-08-30 10:25:26 | Epoch 367/400 | Train Loss 2.3091 Acc 0.1331 | Val Loss 2.2807 Acc 0.2047 AUC 0.9785 Pre 0.1114 Rec 0.1865
2026-08-30 10:25:27 | Diag logvar_q_mean=-0.0002 logvar_q_clamp=0.0000
2026-08-30 10:25:31 | Epoch 368/400 | Train Loss 2.3074 Acc 0.1364 | Val Loss 2.2793 Acc 0.2029 AUC 0.9870 Pre 0.1114 Rec 0.1848
2026-08-30 10:25:31 | Diag logvar_q_mean=-0.0002 logvar_q_clamp=0.0000
2026-08-30 10:25:35 | Epoch 369/400 | Train Loss 2.3100 Acc 0.1368 | Val Loss 2.2797 Acc 0.2037 AUC 0.9878 Pre 0.1109 Rec 0.1856
2026-08-30 10:25:36 | Diag logvar_q_mean=-0.0002 logvar_q_clamp=0.0000
2026-08-30 10:25:40 | Epoch 370/400 | Train Loss 2.3103 Acc 0.1351 | Val Loss 2.2801 Acc 0.2076 AUC 0.9770 Pre 0.2109 Rec 0.1893
2026-08-30 10:25:41 | Diag logvar_q_mean=-0.0002 logvar_q_clamp=0.0000
2026-08-30 10:25:45 | Epoch 371/400 | Train Loss 2.3104 Acc 0.1336 | Val Loss 2.2805 Acc 0.1925 AUC 0.9762 Pre 0.1113 Rec 0.1750
2026-08-30 10:25:45 | Diag logvar_q_mean=-0.0002 logvar_q_clamp=0.0000
2026-08-30 10:25:49 | Epoch 372/400 | Train Loss 2.3091 Acc 0.1331 | Val Loss 2.2801 Acc 0.1236 AUC 0.9781 Pre 0.1114 Rec 0.1101
2026-08-30 10:25:50 | Diag logvar_q_mean=-0.0001 logvar_q_clamp=0.0000
2026-08-30 10:25:54 | Epoch 373/400 | Train Loss 2.3083 Acc 0.1324 | Val Loss 2.2792 Acc 0.1315 AUC 0.9776 Pre 0.2069 Rec 0.1175
2026-08-30 10:25:55 | Diag logvar_q_mean=-0.0002 logvar_q_clamp=0.0000
2026-08-30 10:25:58 | Epoch 374/400 | Train Loss 2.3096 Acc 0.1355 | Val Loss 2.2793 Acc 0.1506 AUC 0.9889 Pre 0.2109 Rec 0.1355
2026-08-30 10:25:59 | Diag logvar_q_mean=-0.0002 logvar_q_clamp=0.0000
2026-08-30 10:26:03 | Epoch 375/400 | Train Loss 2.3085 Acc 0.1344 | Val Loss 2.2789 Acc 0.1995 AUC 0.9778 Pre 0.1110 Rec 0.1816
2026-08-30 10:26:04 | Diag logvar_q_mean=-0.0002 logvar_q_clamp=0.0000
2026-08-30 10:26:08 | Epoch 376/400 | Train Loss 2.3113 Acc 0.1335 | Val Loss 2.2799 Acc 0.1242 AUC 0.9760 Pre 0.1114 Rec 0.1107
2026-08-30 10:26:08 | Diag logvar_q_mean=-0.0002 logvar_q_clamp=0.0000
2026-08-30 10:26:12 | Epoch 377/400 | Train Loss 2.3100 Acc 0.1338 | Val Loss 2.2797 Acc 0.1160 AUC 0.9784 Pre 0.1113 Rec 0.1029
2026-08-30 10:26:13 | Diag logvar_q_mean=-0.0002 logvar_q_clamp=0.0000
2026-08-30 10:26:17 | Epoch 378/400 | Train Loss 2.3100 Acc 0.1339 | Val Loss 2.2798 Acc 0.2047 AUC 0.9681 Pre 0.1118 Rec 0.1865
2026-08-30 10:26:18 | Diag logvar_q_mean=-0.0002 logvar_q_clamp=0.0000
2026-08-30 10:26:22 | Epoch 379/400 | Train Loss 2.3098 Acc 0.1324 | Val Loss 2.2805 Acc 0.1239 AUC 0.9773 Pre 0.1114 Rec 0.1104
2026-08-30 10:26:22 | Diag logvar_q_mean=-0.0002 logvar_q_clamp=0.0000
2026-08-30 10:26:26 | Epoch 380/400 | Train Loss 2.3106 Acc 0.1328 | Val Loss 2.2813 Acc 0.1130 AUC 0.9777 Pre 0.1113 Rec 0.1001
2026-08-30 10:26:27 | Diag logvar_q_mean=-0.0002 logvar_q_clamp=0.0000
2026-08-30 10:26:31 | Epoch 381/400 | Train Loss 2.3111 Acc 0.1314 | Val Loss 2.2820 Acc 0.1165 AUC 0.9769 Pre 0.1113 Rec 0.1034
2026-08-30 10:26:31 | Diag logvar_q_mean=-0.0002 logvar_q_clamp=0.0000
2026-08-30 10:26:35 | Epoch 382/400 | Train Loss 2.3093 Acc 0.1296 | Val Loss 2.2816 Acc 0.1161 AUC 0.9778 Pre 0.1113 Rec 0.1030
2026-08-30 10:26:36 | Diag logvar_q_mean=-0.0002 logvar_q_clamp=0.0000
2026-08-30 10:26:40 | Epoch 383/400 | Train Loss 2.3097 Acc 0.1326 | Val Loss 2.2815 Acc 0.1690 AUC 0.9779 Pre 0.1118 Rec 0.1529
2026-08-30 10:26:41 | Diag logvar_q_mean=-0.0002 logvar_q_clamp=0.0000
2026-08-30 10:26:45 | Epoch 384/400 | Train Loss 2.3092 Acc 0.1345 | Val Loss 2.2809 Acc 0.1933 AUC 0.9771 Pre 0.1110 Rec 0.1758
2026-08-30 10:26:45 | Diag logvar_q_mean=-0.0002 logvar_q_clamp=0.0000
2026-08-30 10:26:49 | Epoch 385/400 | Train Loss 2.3100 Acc 0.1340 | Val Loss 2.2810 Acc 0.1521 AUC 0.9789 Pre 0.1107 Rec 0.1369
2026-08-30 10:26:50 | Diag logvar_q_mean=-0.0002 logvar_q_clamp=0.0000
2026-08-30 10:26:54 | Epoch 386/400 | Train Loss 2.3102 Acc 0.1345 | Val Loss 2.2812 Acc 0.1283 AUC 0.9679 Pre 0.1089 Rec 0.1145
2026-08-30 10:26:54 | Diag logvar_q_mean=-0.0002 logvar_q_clamp=0.0000
2026-08-30 10:26:58 | Epoch 387/400 | Train Loss 2.3101 Acc 0.1312 | Val Loss 2.2811 Acc 0.1576 AUC 0.9773 Pre 0.1112 Rec 0.1421
2026-08-30 10:26:59 | Diag logvar_q_mean=-0.0002 logvar_q_clamp=0.0000
2026-08-30 10:27:03 | Epoch 388/400 | Train Loss 2.3099 Acc 0.1331 | Val Loss 2.2816 Acc 0.1627 AUC 0.9862 Pre 0.1119 Rec 0.1469
2026-08-30 10:27:04 | Diag logvar_q_mean=-0.0002 logvar_q_clamp=0.0000
2026-08-30 10:27:08 | Epoch 389/400 | Train Loss 2.3083 Acc 0.1331 | Val Loss 2.2806 Acc 0.1813 AUC 0.9776 Pre 0.1112 Rec 0.1645
2026-08-30 10:27:08 | Diag logvar_q_mean=-0.0002 logvar_q_clamp=0.0000
2026-08-30 10:27:12 | Epoch 390/400 | Train Loss 2.3102 Acc 0.1319 | Val Loss 2.2810 Acc 0.2049 AUC 0.9769 Pre 0.1110 Rec 0.1867
2026-08-30 10:27:13 | Diag logvar_q_mean=-0.0003 logvar_q_clamp=0.0000
2026-08-30 10:27:17 | Epoch 391/400 | Train Loss 2.3105 Acc 0.1342 | Val Loss 2.2812 Acc 0.2059 AUC 0.9673 Pre 0.1107 Rec 0.1877
2026-08-30 10:27:18 | Diag logvar_q_mean=-0.0002 logvar_q_clamp=0.0000
2026-08-30 10:27:22 | Epoch 392/400 | Train Loss 2.3075 Acc 0.1346 | Val Loss 2.2803 Acc 0.2077 AUC 0.9761 Pre 0.1110 Rec 0.1894
2026-08-30 10:27:22 | Diag logvar_q_mean=-0.0002 logvar_q_clamp=0.0000
2026-08-30 10:27:26 | Epoch 393/400 | Train Loss 2.3094 Acc 0.1338 | Val Loss 2.2798 Acc 0.1875 AUC 0.9760 Pre 0.1117 Rec 0.1703
2026-08-30 10:27:27 | Diag logvar_q_mean=-0.0002 logvar_q_clamp=0.0000
2026-08-30 10:27:31 | Epoch 394/400 | Train Loss 2.3089 Acc 0.1332 | Val Loss 2.2797 Acc 0.2058 AUC 0.9689 Pre 0.1104 Rec 0.1876
2026-08-30 10:27:31 | Diag logvar_q_mean=-0.0002 logvar_q_clamp=0.0000
2026-08-30 10:27:35 | Epoch 395/400 | Train Loss 2.3101 Acc 0.1335 | Val Loss 2.2798 Acc 0.1539 AUC 0.9870 Pre 0.1092 Rec 0.1386
2026-08-30 10:27:36 | Diag logvar_q_mean=-0.0003 logvar_q_clamp=0.0000
2026-08-30 10:27:40 | Epoch 396/400 | Train Loss 2.3092 Acc 0.1365 | Val Loss 2.2794 Acc 0.2089 AUC 0.9765 Pre 0.1107 Rec 0.1905
2026-08-30 10:27:40 | Diag logvar_q_mean=-0.0002 logvar_q_clamp=0.0000
2026-08-30 10:27:44 | Epoch 397/400 | Train Loss 2.3093 Acc 0.1345 | Val Loss 2.2796 Acc 0.2046 AUC 0.9859 Pre 0.2112 Rec 0.1865
2026-08-30 10:27:45 | Diag logvar_q_mean=-0.0002 logvar_q_clamp=0.0000
2026-08-30 10:27:49 | Epoch 398/400 | Train Loss 2.3093 Acc 0.1353 | Val Loss 2.2791 Acc 0.2023 AUC 0.9841 Pre 0.2111 Rec 0.1843
2026-08-30 10:27:50 | Diag logvar_q_mean=-0.0003 logvar_q_clamp=0.0000
2026-08-30 10:27:53 | Epoch 399/400 | Train Loss 2.3109 Acc 0.1328 | Val Loss 2.2804 Acc 0.1923 AUC 0.9759 Pre 0.1115 Rec 0.1748
2026-08-30 10:27:54 | Diag logvar_q_mean=-0.0002 logvar_q_clamp=0.0000
2026-08-30 10:27:58 | Epoch 400/400 | Train Loss 2.3090 Acc 0.1311 | Val Loss 2.2800 Acc 0.1879 AUC 0.9671 Pre 0.1115 Rec 0.1707
2026-08-30 10:27:59 | Diag logvar_q_mean=-0.0002 logvar_q_clamp=0.0000
2026-08-30 10:27:59 | Run 2/5 | Test (best model @ Epoch 21) | Loss 2.2791 Acc 0.1162 AUC 0.9961 Pre 0.1114 Rec 0.1026
2026-08-30 10:27:59 | ===== Run 3/5 (seed 2) =====
2026-08-30 10:28:03 | Epoch   1/400 | Train Loss 2.4363 Acc 0.1094 | Val Loss 2.2819 Acc 0.3041 AUC 0.9382 Pre 0.1375 Rec 0.2927
2026-08-30 10:28:04 | Diag logvar_q_mean=-0.0004 logvar_q_clamp=0.0000
2026-08-30 10:28:04 |   Val AUC improved to 0.9382, model saved
2026-08-30 10:28:08 | Epoch   2/400 | Train Loss 2.3244 Acc 0.1220 | Val Loss 2.2816 Acc 0.3199 AUC 0.9688 Pre 0.3131 Rec 0.3037
2026-08-30 10:28:09 | Diag logvar_q_mean=-0.0002 logvar_q_clamp=0.0000
2026-08-30 10:28:09 |   Val AUC improved to 0.9688, model saved
2026-08-30 10:28:12 | Epoch   3/400 | Train Loss 2.3143 Acc 0.1289 | Val Loss 2.2835 Acc 0.1144 AUC 0.9711 Pre 0.2113 Rec 0.1014
2026-08-30 10:28:13 | Diag logvar_q_mean=-0.0001 logvar_q_clamp=0.0000
2026-08-30 10:28:13 |   Val AUC improved to 0.9711, model saved
2026-08-30 10:28:17 | Epoch   4/400 | Train Loss 2.3114 Acc 0.1282 | Val Loss 2.2844 Acc 0.1129 AUC 0.9714 Pre 0.0113 Rec 0.1000
2026-08-30 10:28:18 | Diag logvar_q_mean=-0.0001 logvar_q_clamp=0.0000
2026-08-30 10:28:18 |   Val AUC improved to 0.9714, model saved
2026-08-30 10:28:22 | Epoch   5/400 | Train Loss 2.3105 Acc 0.1259 | Val Loss 2.2847 Acc 0.1129 AUC 0.9712 Pre 0.0113 Rec 0.1000
2026-08-30 10:28:22 | Diag logvar_q_mean=-0.0002 logvar_q_clamp=0.0000
2026-08-30 10:28:26 | Epoch   6/400 | Train Loss 2.3088 Acc 0.1289 | Val Loss 2.2840 Acc 0.1129 AUC 0.9707 Pre 0.0113 Rec 0.1000
2026-08-30 10:28:27 | Diag logvar_q_mean=-0.0002 logvar_q_clamp=0.0000
2026-08-30 10:28:31 | Epoch   7/400 | Train Loss 2.3101 Acc 0.1264 | Val Loss 2.2837 Acc 0.1130 AUC 0.9732 Pre 0.1113 Rec 0.1001
2026-08-30 10:28:31 | Diag logvar_q_mean=-0.0002 logvar_q_clamp=0.0000
2026-08-30 10:28:31 |   Val AUC improved to 0.9732, model saved
2026-08-30 10:28:35 | Epoch   8/400 | Train Loss 2.3085 Acc 0.1284 | Val Loss 2.2825 Acc 0.1136 AUC 0.9733 Pre 0.1113 Rec 0.1007
2026-08-30 10:28:36 | Diag logvar_q_mean=-0.0002 logvar_q_clamp=0.0000
2026-08-30 10:28:36 |   Val AUC improved to 0.9733, model saved
2026-08-30 10:28:40 | Epoch   9/400 | Train Loss 2.3099 Acc 0.1293 | Val Loss 2.2824 Acc 0.1130 AUC 0.9730 Pre 0.1113 Rec 0.1001
2026-08-30 10:28:40 | Diag logvar_q_mean=-0.0002 logvar_q_clamp=0.0000
2026-08-30 10:28:44 | Epoch  10/400 | Train Loss 2.3085 Acc 0.1298 | Val Loss 2.2817 Acc 0.1129 AUC 0.9850 Pre 0.0113 Rec 0.1000
2026-08-30 10:28:45 | Diag logvar_q_mean=-0.0002 logvar_q_clamp=0.0000
2026-08-30 10:28:45 |   Val AUC improved to 0.9850, model saved
2026-08-30 10:28:49 | Epoch  11/400 | Train Loss 2.3096 Acc 0.1292 | Val Loss 2.2812 Acc 0.1130 AUC 0.9922 Pre 0.1113 Rec 0.1001
2026-08-30 10:28:50 | Diag logvar_q_mean=-0.0002 logvar_q_clamp=0.0000
2026-08-30 10:28:50 |   Val AUC improved to 0.9922, model saved
2026-08-30 10:28:54 | Epoch  12/400 | Train Loss 2.3111 Acc 0.1298 | Val Loss 2.2817 Acc 0.1129 AUC 0.9850 Pre 0.0113 Rec 0.1000
2026-08-30 10:28:54 | Diag logvar_q_mean=-0.0002 logvar_q_clamp=0.0000
2026-08-30 10:28:58 | Epoch  13/400 | Train Loss 2.3095 Acc 0.1283 | Val Loss 2.2821 Acc 0.1129 AUC 0.9854 Pre 0.0113 Rec 0.1000
2026-08-30 10:28:59 | Diag logvar_q_mean=-0.0002 logvar_q_clamp=0.0000
2026-08-30 10:29:03 | Epoch  14/400 | Train Loss 2.3106 Acc 0.1280 | Val Loss 2.2819 Acc 0.1129 AUC 0.9863 Pre 0.0113 Rec 0.1000
2026-08-30 10:29:04 | Diag logvar_q_mean=-0.0002 logvar_q_clamp=0.0000
2026-08-30 10:29:08 | Epoch  15/400 | Train Loss 2.3102 Acc 0.1276 | Val Loss 2.2824 Acc 0.1130 AUC 0.9857 Pre 0.1113 Rec 0.1001
2026-08-30 10:29:08 | Diag logvar_q_mean=-0.0002 logvar_q_clamp=0.0000
2026-08-30 10:29:12 | Epoch  16/400 | Train Loss 2.3092 Acc 0.1296 | Val Loss 2.2813 Acc 0.1129 AUC 0.9946 Pre 0.0113 Rec 0.1000
2026-08-30 10:29:13 | Diag logvar_q_mean=-0.0002 logvar_q_clamp=0.0000
2026-08-30 10:29:13 |   Val AUC improved to 0.9946, model saved
2026-08-30 10:29:17 | Epoch  17/400 | Train Loss 2.3089 Acc 0.1295 | Val Loss 2.2809 Acc 0.1129 AUC 0.9951 Pre 0.0113 Rec 0.1000
2026-08-30 10:29:17 | Diag logvar_q_mean=-0.0001 logvar_q_clamp=0.0000
2026-08-30 10:29:17 |   Val AUC improved to 0.9951, model saved
2026-08-30 10:29:21 | Epoch  18/400 | Train Loss 2.3095 Acc 0.1309 | Val Loss 2.2808 Acc 0.1129 AUC 0.9947 Pre 0.0113 Rec 0.1000
2026-08-30 10:29:22 | Diag logvar_q_mean=-0.0002 logvar_q_clamp=0.0000
2026-08-30 10:29:26 | Epoch  19/400 | Train Loss 2.3088 Acc 0.1312 | Val Loss 2.2802 Acc 0.1129 AUC 0.9944 Pre 0.0113 Rec 0.1000
2026-08-30 10:29:26 | Diag logvar_q_mean=-0.0002 logvar_q_clamp=0.0000
2026-08-30 10:29:30 | Epoch  20/400 | Train Loss 2.3097 Acc 0.1296 | Val Loss 2.2797 Acc 0.1129 AUC 0.9944 Pre 0.0113 Rec 0.1000
2026-08-30 10:29:31 | Diag logvar_q_mean=-0.0002 logvar_q_clamp=0.0000
2026-08-30 10:29:35 | Epoch  21/400 | Train Loss 2.3098 Acc 0.1292 | Val Loss 2.2800 Acc 0.1129 AUC 0.9947 Pre 0.0113 Rec 0.1000
2026-08-30 10:29:36 | Diag logvar_q_mean=-0.0002 logvar_q_clamp=0.0000
2026-08-30 10:29:39 | Epoch  22/400 | Train Loss 2.3107 Acc 0.1289 | Val Loss 2.2803 Acc 0.1129 AUC 0.9939 Pre 0.0113 Rec 0.1000
2026-08-30 10:29:40 | Diag logvar_q_mean=-0.0002 logvar_q_clamp=0.0000
2026-08-30 10:29:44 | Epoch  23/400 | Train Loss 2.3090 Acc 0.1289 | Val Loss 2.2798 Acc 0.1129 AUC 0.9933 Pre 0.0113 Rec 0.1000
2026-08-30 10:29:45 | Diag logvar_q_mean=-0.0002 logvar_q_clamp=0.0000
2026-08-30 10:29:49 | Epoch  24/400 | Train Loss 2.3082 Acc 0.1332 | Val Loss 2.2792 Acc 0.1129 AUC 0.9931 Pre 0.0113 Rec 0.1000
2026-08-30 10:29:49 | Diag logvar_q_mean=-0.0002 logvar_q_clamp=0.0000
2026-08-30 10:29:53 | Epoch  25/400 | Train Loss 2.3098 Acc 0.1348 | Val Loss 2.2790 Acc 0.1131 AUC 0.9837 Pre 0.1113 Rec 0.1002
2026-08-30 10:29:54 | Diag logvar_q_mean=-0.0002 logvar_q_clamp=0.0000
2026-08-30 10:29:58 | Epoch  26/400 | Train Loss 2.3093 Acc 0.1334 | Val Loss 2.2789 Acc 0.1136 AUC 0.9817 Pre 0.1113 Rec 0.1007
2026-08-30 10:29:58 | Diag logvar_q_mean=-0.0002 logvar_q_clamp=0.0000
2026-08-30 10:30:02 | Epoch  27/400 | Train Loss 2.3107 Acc 0.1304 | Val Loss 2.2798 Acc 0.1130 AUC 0.9912 Pre 0.1113 Rec 0.1001
2026-08-30 10:30:03 | Diag logvar_q_mean=-0.0002 logvar_q_clamp=0.0000
2026-08-30 10:30:07 | Epoch  28/400 | Train Loss 2.3104 Acc 0.1329 | Val Loss 2.2804 Acc 0.1141 AUC 0.9827 Pre 0.1113 Rec 0.1011
2026-08-30 10:30:07 | Diag logvar_q_mean=-0.0001 logvar_q_clamp=0.0000
2026-08-30 10:30:11 | Epoch  29/400 | Train Loss 2.3119 Acc 0.1298 | Val Loss 2.2816 Acc 0.1129 AUC 0.9927 Pre 0.0113 Rec 0.1000
2026-08-30 10:30:12 | Diag logvar_q_mean=-0.0002 logvar_q_clamp=0.0000
2026-08-30 10:30:16 | Epoch  30/400 | Train Loss 2.3087 Acc 0.1322 | Val Loss 2.2806 Acc 0.1129 AUC 0.9943 Pre 0.0113 Rec 0.1000
2026-08-30 10:30:16 | Diag logvar_q_mean=-0.0002 logvar_q_clamp=0.0000
2026-08-30 10:30:20 | Epoch  31/400 | Train Loss 2.3103 Acc 0.1324 | Val Loss 2.2804 Acc 0.1136 AUC 0.9939 Pre 0.1113 Rec 0.1007
2026-08-30 10:30:21 | Diag logvar_q_mean=-0.0002 logvar_q_clamp=0.0000
2026-08-30 10:30:25 | Epoch  32/400 | Train Loss 2.3085 Acc 0.1323 | Val Loss 2.2800 Acc 0.1129 AUC 0.9927 Pre 0.0113 Rec 0.1000
2026-08-30 10:30:26 | Diag logvar_q_mean=-0.0003 logvar_q_clamp=0.0000
2026-08-30 10:30:29 | Epoch  33/400 | Train Loss 2.3090 Acc 0.1308 | Val Loss 2.2793 Acc 0.1129 AUC 0.9920 Pre 0.0113 Rec 0.1000
2026-08-30 10:30:30 | Diag logvar_q_mean=-0.0002 logvar_q_clamp=0.0000
2026-08-30 10:30:34 | Epoch  34/400 | Train Loss 2.3092 Acc 0.1328 | Val Loss 2.2790 Acc 0.1131 AUC 0.9922 Pre 0.1113 Rec 0.1002
2026-08-30 10:30:35 | Diag logvar_q_mean=-0.0002 logvar_q_clamp=0.0000
2026-08-30 10:30:39 | Epoch  35/400 | Train Loss 2.3110 Acc 0.1316 | Val Loss 2.2797 Acc 0.1144 AUC 0.9926 Pre 0.1113 Rec 0.1014
2026-08-30 10:30:39 | Diag logvar_q_mean=-0.0003 logvar_q_clamp=0.0000
2026-08-30 10:30:43 | Epoch  36/400 | Train Loss 2.3098 Acc 0.1306 | Val Loss 2.2798 Acc 0.1129 AUC 0.9922 Pre 0.0113 Rec 0.1000
2026-08-30 10:30:44 | Diag logvar_q_mean=-0.0002 logvar_q_clamp=0.0000
2026-08-30 10:30:48 | Epoch  37/400 | Train Loss 2.3108 Acc 0.1320 | Val Loss 2.2800 Acc 0.1275 AUC 0.9935 Pre 0.1115 Rec 0.1138
2026-08-30 10:30:48 | Diag logvar_q_mean=-0.0002 logvar_q_clamp=0.0000
2026-08-30 10:30:52 | Epoch  38/400 | Train Loss 2.3094 Acc 0.1288 | Val Loss 2.2800 Acc 0.1135 AUC 0.9927 Pre 0.1113 Rec 0.1006
2026-08-30 10:30:53 | Diag logvar_q_mean=-0.0002 logvar_q_clamp=0.0000
2026-08-30 10:30:57 | Epoch  39/400 | Train Loss 2.3106 Acc 0.1335 | Val Loss 2.2805 Acc 0.1129 AUC 0.9914 Pre 0.0113 Rec 0.1000
2026-08-30 10:30:58 | Diag logvar_q_mean=-0.0001 logvar_q_clamp=0.0000
2026-08-30 10:31:02 | Epoch  40/400 | Train Loss 2.3090 Acc 0.1341 | Val Loss 2.2797 Acc 0.1139 AUC 0.9918 Pre 0.1113 Rec 0.1009
2026-08-30 10:31:02 | Diag logvar_q_mean=-0.0002 logvar_q_clamp=0.0000
2026-08-30 10:31:06 | Epoch  41/400 | Train Loss 2.3115 Acc 0.1314 | Val Loss 2.2805 Acc 0.1129 AUC 0.9803 Pre 0.0113 Rec 0.1000
2026-08-30 10:31:07 | Diag logvar_q_mean=-0.0002 logvar_q_clamp=0.0000
2026-08-30 10:31:11 | Epoch  42/400 | Train Loss 2.3091 Acc 0.1326 | Val Loss 2.2801 Acc 0.1129 AUC 0.9809 Pre 0.0113 Rec 0.1000
2026-08-30 10:31:11 | Diag logvar_q_mean=-0.0002 logvar_q_clamp=0.0000
2026-08-30 10:31:15 | Epoch  43/400 | Train Loss 2.3102 Acc 0.1333 | Val Loss 2.2800 Acc 0.1129 AUC 0.9917 Pre 0.0113 Rec 0.1000
2026-08-30 10:31:16 | Diag logvar_q_mean=-0.0002 logvar_q_clamp=0.0000
2026-08-30 10:31:20 | Epoch  44/400 | Train Loss 2.3094 Acc 0.1324 | Val Loss 2.2794 Acc 0.1131 AUC 0.9926 Pre 0.1113 Rec 0.1002
2026-08-30 10:31:20 | Diag logvar_q_mean=-0.0002 logvar_q_clamp=0.0000
2026-08-30 10:31:24 | Epoch  45/400 | Train Loss 2.3108 Acc 0.1316 | Val Loss 2.2801 Acc 0.1136 AUC 0.9927 Pre 0.1113 Rec 0.1007
2026-08-30 10:31:25 | Diag logvar_q_mean=-0.0002 logvar_q_clamp=0.0000
2026-08-30 10:31:29 | Epoch  46/400 | Train Loss 2.3077 Acc 0.1360 | Val Loss 2.2783 Acc 0.1187 AUC 0.9928 Pre 0.1114 Rec 0.1055
2026-08-30 10:31:29 | Diag logvar_q_mean=-0.0002 logvar_q_clamp=0.0000
2026-08-30 10:31:33 | Epoch  47/400 | Train Loss 2.3100 Acc 0.1347 | Val Loss 2.2789 Acc 0.1141 AUC 0.9813 Pre 0.1113 Rec 0.1011
2026-08-30 10:31:34 | Diag logvar_q_mean=-0.0002 logvar_q_clamp=0.0000
2026-08-30 10:31:38 | Epoch  48/400 | Train Loss 2.3099 Acc 0.1322 | Val Loss 2.2789 Acc 0.1191 AUC 0.9821 Pre 0.1114 Rec 0.1058
2026-08-30 10:31:39 | Diag logvar_q_mean=-0.0002 logvar_q_clamp=0.0000
2026-08-30 10:31:42 | Epoch  49/400 | Train Loss 2.3106 Acc 0.1312 | Val Loss 2.2792 Acc 0.1137 AUC 0.9926 Pre 0.1113 Rec 0.1008
2026-08-30 10:31:43 | Diag logvar_q_mean=-0.0002 logvar_q_clamp=0.0000
2026-08-30 10:31:47 | Epoch  50/400 | Train Loss 2.3092 Acc 0.1343 | Val Loss 2.2790 Acc 0.1129 AUC 0.9922 Pre 0.0113 Rec 0.1000
2026-08-30 10:31:48 | Diag logvar_q_mean=-0.0002 logvar_q_clamp=0.0000
2026-08-30 10:31:52 | Epoch  51/400 | Train Loss 2.3093 Acc 0.1344 | Val Loss 2.2782 Acc 0.1487 AUC 0.9921 Pre 0.1117 Rec 0.1337
2026-08-30 10:31:52 | Diag logvar_q_mean=-0.0002 logvar_q_clamp=0.0000
2026-08-30 10:31:56 | Epoch  52/400 | Train Loss 2.3108 Acc 0.1297 | Val Loss 2.2793 Acc 0.1790 AUC 0.9929 Pre 0.1119 Rec 0.1623
2026-08-30 10:31:57 | Diag logvar_q_mean=-0.0002 logvar_q_clamp=0.0000
2026-08-30 10:32:01 | Epoch  53/400 | Train Loss 2.3106 Acc 0.1320 | Val Loss 2.2797 Acc 0.1142 AUC 0.9830 Pre 0.1113 Rec 0.1012
2026-08-30 10:32:01 | Diag logvar_q_mean=-0.0002 logvar_q_clamp=0.0000
2026-08-30 10:32:05 | Epoch  54/400 | Train Loss 2.3097 Acc 0.1333 | Val Loss 2.2794 Acc 0.1440 AUC 0.9832 Pre 0.1117 Rec 0.1293
2026-08-30 10:32:06 | Diag logvar_q_mean=-0.0002 logvar_q_clamp=0.0000
2026-08-30 10:32:10 | Epoch  55/400 | Train Loss 2.3079 Acc 0.1345 | Val Loss 2.2786 Acc 0.1444 AUC 0.9919 Pre 0.1117 Rec 0.1297
2026-08-30 10:32:10 | Diag logvar_q_mean=-0.0002 logvar_q_clamp=0.0000
2026-08-30 10:32:15 | Epoch  56/400 | Train Loss 2.3102 Acc 0.1323 | Val Loss 2.2790 Acc 0.1154 AUC 0.9911 Pre 0.1113 Rec 0.1024
2026-08-30 10:32:15 | Diag logvar_q_mean=-0.0002 logvar_q_clamp=0.0000
2026-08-30 10:32:19 | Epoch  57/400 | Train Loss 2.3079 Acc 0.1366 | Val Loss 2.2779 Acc 0.1190 AUC 0.9913 Pre 0.1082 Rec 0.1057
2026-08-30 10:32:20 | Diag logvar_q_mean=-0.0003 logvar_q_clamp=0.0000
2026-08-30 10:32:24 | Epoch  58/400 | Train Loss 2.3088 Acc 0.1347 | Val Loss 2.2770 Acc 0.1513 AUC 0.9817 Pre 0.1115 Rec 0.1362
2026-08-30 10:32:24 | Diag logvar_q_mean=-0.0002 logvar_q_clamp=0.0000
2026-08-30 10:32:28 | Epoch  59/400 | Train Loss 2.3095 Acc 0.1350 | Val Loss 2.2768 Acc 0.1891 AUC 0.9916 Pre 0.1118 Rec 0.1718
2026-08-30 10:32:29 | Diag logvar_q_mean=-0.0003 logvar_q_clamp=0.0000
2026-08-30 10:32:33 | Epoch  60/400 | Train Loss 2.3110 Acc 0.1340 | Val Loss 2.2782 Acc 0.1661 AUC 0.9822 Pre 0.1116 Rec 0.1501
2026-08-30 10:32:34 | Diag logvar_q_mean=-0.0002 logvar_q_clamp=0.0000
2026-08-30 10:32:38 | Epoch  61/400 | Train Loss 2.3112 Acc 0.1324 | Val Loss 2.2792 Acc 0.1210 AUC 0.9906 Pre 0.1114 Rec 0.1076
2026-08-30 10:32:38 | Diag logvar_q_mean=-0.0002 logvar_q_clamp=0.0000
2026-08-30 10:32:42 | Epoch  62/400 | Train Loss 2.3104 Acc 0.1323 | Val Loss 2.2798 Acc 0.1210 AUC 0.9912 Pre 0.1102 Rec 0.1076
2026-08-30 10:32:43 | Diag logvar_q_mean=-0.0002 logvar_q_clamp=0.0000
2026-08-30 10:32:47 | Epoch  63/400 | Train Loss 2.3082 Acc 0.1344 | Val Loss 2.2787 Acc 0.1132 AUC 0.9915 Pre 0.1113 Rec 0.1003
2026-08-30 10:32:47 | Diag logvar_q_mean=-0.0002 logvar_q_clamp=0.0000
2026-08-30 10:32:51 | Epoch  64/400 | Train Loss 2.3095 Acc 0.1324 | Val Loss 2.2785 Acc 0.1130 AUC 0.9916 Pre 0.1113 Rec 0.1001
2026-08-30 10:32:52 | Diag logvar_q_mean=-0.0002 logvar_q_clamp=0.0000
2026-08-30 10:32:56 | Epoch  65/400 | Train Loss 2.3087 Acc 0.1343 | Val Loss 2.2784 Acc 0.1129 AUC 0.9920 Pre 0.0113 Rec 0.1000
2026-08-30 10:32:57 | Diag logvar_q_mean=-0.0002 logvar_q_clamp=0.0000
2026-08-30 10:33:01 | Epoch  66/400 | Train Loss 2.3105 Acc 0.1317 | Val Loss 2.2784 Acc 0.1129 AUC 0.9916 Pre 0.0113 Rec 0.1000
2026-08-30 10:33:01 | Diag logvar_q_mean=-0.0002 logvar_q_clamp=0.0000
2026-08-30 10:33:05 | Epoch  67/400 | Train Loss 2.3118 Acc 0.1318 | Val Loss 2.2795 Acc 0.1130 AUC 0.9814 Pre 0.1113 Rec 0.1001
2026-08-30 10:33:06 | Diag logvar_q_mean=-0.0002 logvar_q_clamp=0.0000
2026-08-30 10:33:10 | Epoch  68/400 | Train Loss 2.3092 Acc 0.1337 | Val Loss 2.2798 Acc 0.1129 AUC 0.9888 Pre 0.0113 Rec 0.1000
2026-08-30 10:33:10 | Diag logvar_q_mean=-0.0001 logvar_q_clamp=0.0000
2026-08-30 10:33:14 | Epoch  69/400 | Train Loss 2.3109 Acc 0.1311 | Val Loss 2.2801 Acc 0.1129 AUC 0.9698 Pre 0.0113 Rec 0.1000
2026-08-30 10:33:15 | Diag logvar_q_mean=-0.0002 logvar_q_clamp=0.0000
2026-08-30 10:33:19 | Epoch  70/400 | Train Loss 2.3105 Acc 0.1327 | Val Loss 2.2805 Acc 0.1129 AUC 0.9910 Pre 0.0113 Rec 0.1000
2026-08-30 10:33:20 | Diag logvar_q_mean=-0.0003 logvar_q_clamp=0.0000
2026-08-30 10:33:24 | Epoch  71/400 | Train Loss 2.3080 Acc 0.1365 | Val Loss 2.2786 Acc 0.1138 AUC 0.9917 Pre 0.1113 Rec 0.1008
2026-08-30 10:33:24 | Diag logvar_q_mean=-0.0003 logvar_q_clamp=0.0000
2026-08-30 10:33:28 | Epoch  72/400 | Train Loss 2.3087 Acc 0.1356 | Val Loss 2.2781 Acc 0.1246 AUC 0.9924 Pre 0.1114 Rec 0.1110
2026-08-30 10:33:29 | Diag logvar_q_mean=-0.0003 logvar_q_clamp=0.0000
2026-08-30 10:33:33 | Epoch  73/400 | Train Loss 2.3094 Acc 0.1349 | Val Loss 2.2779 Acc 0.1400 AUC 0.9911 Pre 0.1116 Rec 0.1255
2026-08-30 10:33:33 | Diag logvar_q_mean=-0.0002 logvar_q_clamp=0.0000
2026-08-30 10:33:37 | Epoch  74/400 | Train Loss 2.3118 Acc 0.1336 | Val Loss 2.2793 Acc 0.1302 AUC 0.9814 Pre 0.1109 Rec 0.1163
2026-08-30 10:33:38 | Diag logvar_q_mean=-0.0002 logvar_q_clamp=0.0000
2026-08-30 10:33:42 | Epoch  75/400 | Train Loss 2.3120 Acc 0.1288 | Val Loss 2.2806 Acc 0.1139 AUC 0.9923 Pre 0.1113 Rec 0.1009
2026-08-30 10:33:43 | Diag logvar_q_mean=-0.0003 logvar_q_clamp=0.0000
2026-08-30 10:33:47 | Epoch  76/400 | Train Loss 2.3097 Acc 0.1305 | Val Loss 2.2805 Acc 0.1129 AUC 0.9815 Pre 0.0113 Rec 0.1000
2026-08-30 10:33:47 | Diag logvar_q_mean=-0.0003 logvar_q_clamp=0.0000
2026-08-30 10:33:51 | Epoch  77/400 | Train Loss 2.3082 Acc 0.1345 | Val Loss 2.2799 Acc 0.1129 AUC 0.9917 Pre 0.0113 Rec 0.1000
2026-08-30 10:33:52 | Diag logvar_q_mean=-0.0002 logvar_q_clamp=0.0000
2026-08-30 10:33:56 | Epoch  78/400 | Train Loss 2.3100 Acc 0.1313 | Val Loss 2.2798 Acc 0.1129 AUC 0.9902 Pre 0.0113 Rec 0.1000
2026-08-30 10:33:56 | Diag logvar_q_mean=-0.0002 logvar_q_clamp=0.0000
2026-08-30 10:34:00 | Epoch  79/400 | Train Loss 2.3079 Acc 0.1357 | Val Loss 2.2787 Acc 0.1130 AUC 0.9799 Pre 0.1113 Rec 0.1001
2026-08-30 10:34:01 | Diag logvar_q_mean=-0.0002 logvar_q_clamp=0.0000
2026-08-30 10:34:05 | Epoch  80/400 | Train Loss 2.3104 Acc 0.1323 | Val Loss 2.2787 Acc 0.1227 AUC 0.9914 Pre 0.1114 Rec 0.1092
2026-08-30 10:34:06 | Diag logvar_q_mean=-0.0002 logvar_q_clamp=0.0000
2026-08-30 10:34:10 | Epoch  81/400 | Train Loss 2.3096 Acc 0.1342 | Val Loss 2.2787 Acc 0.1252 AUC 0.9911 Pre 0.1114 Rec 0.1116
2026-08-30 10:34:10 | Diag logvar_q_mean=-0.0002 logvar_q_clamp=0.0000
2026-08-30 10:34:14 | Epoch  82/400 | Train Loss 2.3110 Acc 0.1331 | Val Loss 2.2794 Acc 0.1139 AUC 0.9902 Pre 0.1113 Rec 0.1009
2026-08-30 10:34:15 | Diag logvar_q_mean=-0.0002 logvar_q_clamp=0.0000
2026-08-30 10:34:19 | Epoch  83/400 | Train Loss 2.3099 Acc 0.1332 | Val Loss 2.2796 Acc 0.1129 AUC 0.9911 Pre 0.0113 Rec 0.1000
2026-08-30 10:34:20 | Diag logvar_q_mean=-0.0002 logvar_q_clamp=0.0000
2026-08-30 10:34:24 | Epoch  84/400 | Train Loss 2.3102 Acc 0.1337 | Val Loss 2.2799 Acc 0.1136 AUC 0.9804 Pre 0.1113 Rec 0.1007
2026-08-30 10:34:24 | Diag logvar_q_mean=-0.0002 logvar_q_clamp=0.0000
2026-08-30 10:34:28 | Epoch  85/400 | Train Loss 2.3094 Acc 0.1329 | Val Loss 2.2800 Acc 0.1130 AUC 0.9817 Pre 0.1113 Rec 0.1001
2026-08-30 10:34:29 | Diag logvar_q_mean=-0.0002 logvar_q_clamp=0.0000
2026-08-30 10:34:33 | Epoch  86/400 | Train Loss 2.3093 Acc 0.1328 | Val Loss 2.2795 Acc 0.1129 AUC 0.9815 Pre 0.0113 Rec 0.1000
2026-08-30 10:34:34 | Diag logvar_q_mean=-0.0002 logvar_q_clamp=0.0000
2026-08-30 10:34:38 | Epoch  87/400 | Train Loss 2.3114 Acc 0.1311 | Val Loss 2.2804 Acc 0.1129 AUC 0.9822 Pre 0.0113 Rec 0.1000
2026-08-30 10:34:38 | Diag logvar_q_mean=-0.0002 logvar_q_clamp=0.0000
2026-08-30 10:34:42 | Epoch  88/400 | Train Loss 2.3112 Acc 0.1306 | Val Loss 2.2809 Acc 0.1129 AUC 0.9816 Pre 0.0113 Rec 0.1000
2026-08-30 10:34:43 | Diag logvar_q_mean=-0.0003 logvar_q_clamp=0.0000
2026-08-30 10:34:47 | Epoch  89/400 | Train Loss 2.3087 Acc 0.1307 | Val Loss 2.2807 Acc 0.1129 AUC 0.9913 Pre 0.0113 Rec 0.1000
2026-08-30 10:34:47 | Diag logvar_q_mean=-0.0002 logvar_q_clamp=0.0000
2026-08-30 10:34:51 | Epoch  90/400 | Train Loss 2.3093 Acc 0.1327 | Val Loss 2.2803 Acc 0.1130 AUC 0.9908 Pre 0.1113 Rec 0.1001
2026-08-30 10:34:52 | Diag logvar_q_mean=-0.0002 logvar_q_clamp=0.0000
2026-08-30 10:34:56 | Epoch  91/400 | Train Loss 2.3100 Acc 0.1306 | Val Loss 2.2802 Acc 0.1132 AUC 0.9801 Pre 0.1113 Rec 0.1003
2026-08-30 10:34:56 | Diag logvar_q_mean=-0.0002 logvar_q_clamp=0.0000
2026-08-30 10:35:00 | Epoch  92/400 | Train Loss 2.3088 Acc 0.1320 | Val Loss 2.2795 Acc 0.1129 AUC 0.9681 Pre 0.0113 Rec 0.1000
2026-08-30 10:35:01 | Diag logvar_q_mean=-0.0002 logvar_q_clamp=0.0000
2026-08-30 10:35:05 | Epoch  93/400 | Train Loss 2.3116 Acc 0.1307 | Val Loss 2.2812 Acc 0.1133 AUC 0.9764 Pre 0.1113 Rec 0.1004
2026-08-30 10:35:06 | Diag logvar_q_mean=-0.0002 logvar_q_clamp=0.0000
2026-08-30 10:35:10 | Epoch  94/400 | Train Loss 2.3112 Acc 0.1300 | Val Loss 2.2814 Acc 0.1129 AUC 0.9763 Pre 0.0113 Rec 0.1000
2026-08-30 10:35:10 | Diag logvar_q_mean=-0.0003 logvar_q_clamp=0.0000
2026-08-30 10:35:14 | Epoch  95/400 | Train Loss 2.3118 Acc 0.1299 | Val Loss 2.2822 Acc 0.1129 AUC 0.9677 Pre 0.0113 Rec 0.1000
2026-08-30 10:35:15 | Diag logvar_q_mean=-0.0002 logvar_q_clamp=0.0000
2026-08-30 10:35:19 | Epoch  96/400 | Train Loss 2.3074 Acc 0.1305 | Val Loss 2.2810 Acc 0.1129 AUC 0.9791 Pre 0.0113 Rec 0.1000
2026-08-30 10:35:19 | Diag logvar_q_mean=-0.0002 logvar_q_clamp=0.0000
2026-08-30 10:35:23 | Epoch  97/400 | Train Loss 2.3103 Acc 0.1311 | Val Loss 2.2807 Acc 0.1129 AUC 0.9894 Pre 0.0113 Rec 0.1000
2026-08-30 10:35:24 | Diag logvar_q_mean=-0.0002 logvar_q_clamp=0.0000
2026-08-30 10:35:28 | Epoch  98/400 | Train Loss 2.3113 Acc 0.1309 | Val Loss 2.2810 Acc 0.1130 AUC 0.9901 Pre 0.1113 Rec 0.1001
2026-08-30 10:35:28 | Diag logvar_q_mean=-0.0002 logvar_q_clamp=0.0000
2026-08-30 10:35:32 | Epoch  99/400 | Train Loss 2.3097 Acc 0.1308 | Val Loss 2.2813 Acc 0.1132 AUC 0.9884 Pre 0.1113 Rec 0.1003
2026-08-30 10:35:33 | Diag logvar_q_mean=-0.0002 logvar_q_clamp=0.0000
2026-08-30 10:35:37 | Epoch 100/400 | Train Loss 2.3112 Acc 0.1313 | Val Loss 2.2821 Acc 0.1130 AUC 0.9783 Pre 0.1113 Rec 0.1001
2026-08-30 10:35:37 | Diag logvar_q_mean=-0.0002 logvar_q_clamp=0.0000
2026-08-30 10:35:41 | Epoch 101/400 | Train Loss 2.3092 Acc 0.1316 | Val Loss 2.2816 Acc 0.1129 AUC 0.9899 Pre 0.0113 Rec 0.1000
2026-08-30 10:35:42 | Diag logvar_q_mean=-0.0002 logvar_q_clamp=0.0000
2026-08-30 10:35:46 | Epoch 102/400 | Train Loss 2.3109 Acc 0.1312 | Val Loss 2.2819 Acc 0.1143 AUC 0.9790 Pre 0.1113 Rec 0.1013
2026-08-30 10:35:46 | Diag logvar_q_mean=-0.0002 logvar_q_clamp=0.0000
2026-08-30 10:35:50 | Epoch 103/400 | Train Loss 2.3099 Acc 0.1318 | Val Loss 2.2815 Acc 0.1130 AUC 0.9779 Pre 0.1113 Rec 0.1001
2026-08-30 10:35:51 | Diag logvar_q_mean=-0.0002 logvar_q_clamp=0.0000
2026-08-30 10:35:55 | Epoch 104/400 | Train Loss 2.3085 Acc 0.1332 | Val Loss 2.2804 Acc 0.1146 AUC 0.9780 Pre 0.1113 Rec 0.1016
2026-08-30 10:35:56 | Diag logvar_q_mean=-0.0001 logvar_q_clamp=0.0000
2026-08-30 10:35:59 | Epoch 105/400 | Train Loss 2.3123 Acc 0.1298 | Val Loss 2.2817 Acc 0.1132 AUC 0.9885 Pre 0.1113 Rec 0.1003
2026-08-30 10:36:00 | Diag logvar_q_mean=-0.0002 logvar_q_clamp=0.0000
2026-08-30 10:36:04 | Epoch 106/400 | Train Loss 2.3089 Acc 0.1311 | Val Loss 2.2815 Acc 0.1277 AUC 0.9888 Pre 0.1115 Rec 0.1139
2026-08-30 10:36:05 | Diag logvar_q_mean=-0.0002 logvar_q_clamp=0.0000
2026-08-30 10:36:08 | Epoch 107/400 | Train Loss 2.3086 Acc 0.1336 | Val Loss 2.2808 Acc 0.1775 AUC 0.9883 Pre 0.1116 Rec 0.1609
2026-08-30 10:36:09 | Diag logvar_q_mean=-0.0002 logvar_q_clamp=0.0000
2026-08-30 10:36:13 | Epoch 108/400 | Train Loss 2.3105 Acc 0.1308 | Val Loss 2.2812 Acc 0.1131 AUC 0.9756 Pre 0.1113 Rec 0.1002
2026-08-30 10:36:14 | Diag logvar_q_mean=-0.0002 logvar_q_clamp=0.0000
2026-08-30 10:36:18 | Epoch 109/400 | Train Loss 2.3092 Acc 0.1326 | Val Loss 2.2802 Acc 0.1130 AUC 0.9877 Pre 0.1113 Rec 0.1001
2026-08-30 10:36:18 | Diag logvar_q_mean=-0.0002 logvar_q_clamp=0.0000
2026-08-30 10:36:22 | Epoch 110/400 | Train Loss 2.3084 Acc 0.1345 | Val Loss 2.2794 Acc 0.1148 AUC 0.9897 Pre 0.1113 Rec 0.1018
2026-08-30 10:36:23 | Diag logvar_q_mean=-0.0002 logvar_q_clamp=0.0000
2026-08-30 10:36:27 | Epoch 111/400 | Train Loss 2.3115 Acc 0.1325 | Val Loss 2.2806 Acc 0.1130 AUC 0.9885 Pre 0.1113 Rec 0.1001
2026-08-30 10:36:27 | Diag logvar_q_mean=-0.0003 logvar_q_clamp=0.0000
2026-08-30 10:36:31 | Epoch 112/400 | Train Loss 2.3097 Acc 0.1313 | Val Loss 2.2807 Acc 0.1130 AUC 0.9886 Pre 0.1113 Rec 0.1001
2026-08-30 10:36:32 | Diag logvar_q_mean=-0.0002 logvar_q_clamp=0.0000
2026-08-30 10:36:36 | Epoch 113/400 | Train Loss 2.3092 Acc 0.1334 | Val Loss 2.2803 Acc 0.1129 AUC 0.9888 Pre 0.0113 Rec 0.1000
2026-08-30 10:36:36 | Diag logvar_q_mean=-0.0003 logvar_q_clamp=0.0000
2026-08-30 10:36:40 | Epoch 114/400 | Train Loss 2.3076 Acc 0.1362 | Val Loss 2.2785 Acc 0.1157 AUC 0.9888 Pre 0.1113 Rec 0.1026
2026-08-30 10:36:41 | Diag logvar_q_mean=-0.0003 logvar_q_clamp=0.0000
2026-08-30 10:36:45 | Epoch 115/400 | Train Loss 2.3103 Acc 0.1327 | Val Loss 2.2792 Acc 0.1175 AUC 0.9885 Pre 0.1113 Rec 0.1043
2026-08-30 10:36:46 | Diag logvar_q_mean=-0.0002 logvar_q_clamp=0.0000
2026-08-30 10:36:49 | Epoch 116/400 | Train Loss 2.3116 Acc 0.1319 | Val Loss 2.2803 Acc 0.1129 AUC 0.9797 Pre 0.0113 Rec 0.1000
2026-08-30 10:36:50 | Diag logvar_q_mean=-0.0002 logvar_q_clamp=0.0000
2026-08-30 10:36:54 | Epoch 117/400 | Train Loss 2.3116 Acc 0.1298 | Val Loss 2.2813 Acc 0.1131 AUC 0.9890 Pre 0.1113 Rec 0.1002
2026-08-30 10:36:55 | Diag logvar_q_mean=-0.0002 logvar_q_clamp=0.0000
2026-08-30 10:36:59 | Epoch 118/400 | Train Loss 2.3108 Acc 0.1293 | Val Loss 2.2819 Acc 0.1130 AUC 0.9898 Pre 0.1113 Rec 0.1001
2026-08-30 10:36:59 | Diag logvar_q_mean=-0.0002 logvar_q_clamp=0.0000
2026-08-30 10:37:03 | Epoch 119/400 | Train Loss 2.3091 Acc 0.1304 | Val Loss 2.2816 Acc 0.1129 AUC 0.9790 Pre 0.0113 Rec 0.1000
2026-08-30 10:37:04 | Diag logvar_q_mean=-0.0002 logvar_q_clamp=0.0000
2026-08-30 10:37:08 | Epoch 120/400 | Train Loss 2.3098 Acc 0.1297 | Val Loss 2.2816 Acc 0.1129 AUC 0.9796 Pre 0.0113 Rec 0.1000
2026-08-30 10:37:08 | Diag logvar_q_mean=-0.0002 logvar_q_clamp=0.0000
2026-08-30 10:37:12 | Epoch 121/400 | Train Loss 2.3094 Acc 0.1331 | Val Loss 2.2811 Acc 0.1129 AUC 0.9786 Pre 0.0113 Rec 0.1000
2026-08-30 10:37:13 | Diag logvar_q_mean=-0.0002 logvar_q_clamp=0.0000
2026-08-30 10:37:17 | Epoch 122/400 | Train Loss 2.3104 Acc 0.1299 | Val Loss 2.2815 Acc 0.1129 AUC 0.9887 Pre 0.0113 Rec 0.1000
2026-08-30 10:37:17 | Diag logvar_q_mean=-0.0002 logvar_q_clamp=0.0000
2026-08-30 10:37:21 | Epoch 123/400 | Train Loss 2.3079 Acc 0.1358 | Val Loss 2.2805 Acc 0.1129 AUC 0.9901 Pre 0.0113 Rec 0.1000
2026-08-30 10:37:22 | Diag logvar_q_mean=-0.0002 logvar_q_clamp=0.0000
2026-08-30 10:37:26 | Epoch 124/400 | Train Loss 2.3103 Acc 0.1324 | Val Loss 2.2807 Acc 0.1129 AUC 0.9793 Pre 0.0113 Rec 0.1000
2026-08-30 10:37:27 | Diag logvar_q_mean=-0.0002 logvar_q_clamp=0.0000
2026-08-30 10:37:30 | Epoch 125/400 | Train Loss 2.3102 Acc 0.1318 | Val Loss 2.2811 Acc 0.1129 AUC 0.9784 Pre 0.0113 Rec 0.1000
2026-08-30 10:37:31 | Diag logvar_q_mean=-0.0002 logvar_q_clamp=0.0000
2026-08-30 10:37:35 | Epoch 126/400 | Train Loss 2.3103 Acc 0.1306 | Val Loss 2.2815 Acc 0.1129 AUC 0.9797 Pre 0.0113 Rec 0.1000
2026-08-30 10:37:36 | Diag logvar_q_mean=-0.0002 logvar_q_clamp=0.0000
2026-08-30 10:37:40 | Epoch 127/400 | Train Loss 2.3086 Acc 0.1332 | Val Loss 2.2806 Acc 0.1129 AUC 0.9779 Pre 0.0113 Rec 0.1000
2026-08-30 10:37:40 | Diag logvar_q_mean=-0.0002 logvar_q_clamp=0.0000
2026-08-30 10:37:44 | Epoch 128/400 | Train Loss 2.3080 Acc 0.1348 | Val Loss 2.2795 Acc 0.1129 AUC 0.9903 Pre 0.0113 Rec 0.1000
2026-08-30 10:37:45 | Diag logvar_q_mean=-0.0002 logvar_q_clamp=0.0000
2026-08-30 10:37:49 | Epoch 129/400 | Train Loss 2.3103 Acc 0.1326 | Val Loss 2.2800 Acc 0.1129 AUC 0.9795 Pre 0.0113 Rec 0.1000
2026-08-30 10:37:49 | Diag logvar_q_mean=-0.0002 logvar_q_clamp=0.0000
2026-08-30 10:37:53 | Epoch 130/400 | Train Loss 2.3093 Acc 0.1307 | Val Loss 2.2800 Acc 0.1129 AUC 0.9893 Pre 0.0113 Rec 0.1000
2026-08-30 10:37:54 | Diag logvar_q_mean=-0.0002 logvar_q_clamp=0.0000
2026-08-30 10:37:58 | Epoch 131/400 | Train Loss 2.3094 Acc 0.1335 | Val Loss 2.2796 Acc 0.1131 AUC 0.9790 Pre 0.1113 Rec 0.1002
2026-08-30 10:37:59 | Diag logvar_q_mean=-0.0002 logvar_q_clamp=0.0000
2026-08-30 10:38:02 | Epoch 132/400 | Train Loss 2.3101 Acc 0.1316 | Val Loss 2.2801 Acc 0.1129 AUC 0.9897 Pre 0.0113 Rec 0.1000
2026-08-30 10:38:03 | Diag logvar_q_mean=-0.0002 logvar_q_clamp=0.0000
2026-08-30 10:38:07 | Epoch 133/400 | Train Loss 2.3098 Acc 0.1326 | Val Loss 2.2806 Acc 0.1129 AUC 0.9789 Pre 0.0113 Rec 0.1000
2026-08-30 10:38:08 | Diag logvar_q_mean=-0.0002 logvar_q_clamp=0.0000
2026-08-30 10:38:12 | Epoch 134/400 | Train Loss 2.3090 Acc 0.1340 | Val Loss 2.2808 Acc 0.1130 AUC 0.9787 Pre 0.1113 Rec 0.1001
2026-08-30 10:38:12 | Diag logvar_q_mean=-0.0001 logvar_q_clamp=0.0000
2026-08-30 10:38:16 | Epoch 135/400 | Train Loss 2.3088 Acc 0.1327 | Val Loss 2.2795 Acc 0.1129 AUC 0.9874 Pre 0.0113 Rec 0.1000
2026-08-30 10:38:17 | Diag logvar_q_mean=-0.0002 logvar_q_clamp=0.0000
2026-08-30 10:38:21 | Epoch 136/400 | Train Loss 2.3103 Acc 0.1325 | Val Loss 2.2803 Acc 0.1149 AUC 0.9796 Pre 0.1066 Rec 0.1019
2026-08-30 10:38:21 | Diag logvar_q_mean=-0.0002 logvar_q_clamp=0.0000
2026-08-30 10:38:25 | Epoch 137/400 | Train Loss 2.3097 Acc 0.1325 | Val Loss 2.2801 Acc 0.1158 AUC 0.9684 Pre 0.1049 Rec 0.1027
2026-08-30 10:38:26 | Diag logvar_q_mean=-0.0002 logvar_q_clamp=0.0000
2026-08-30 10:38:30 | Epoch 138/400 | Train Loss 2.3092 Acc 0.1348 | Val Loss 2.2800 Acc 0.1138 AUC 0.9886 Pre 0.1113 Rec 0.1008
2026-08-30 10:38:31 | Diag logvar_q_mean=-0.0002 logvar_q_clamp=0.0000
2026-08-30 10:38:35 | Epoch 139/400 | Train Loss 2.3096 Acc 0.1322 | Val Loss 2.2800 Acc 0.1150 AUC 0.9795 Pre 0.2113 Rec 0.1020
2026-08-30 10:38:35 | Diag logvar_q_mean=-0.0002 logvar_q_clamp=0.0000
2026-08-30 10:38:39 | Epoch 140/400 | Train Loss 2.3101 Acc 0.1306 | Val Loss 2.2801 Acc 0.1129 AUC 0.9791 Pre 0.0113 Rec 0.1000
2026-08-30 10:38:40 | Diag logvar_q_mean=-0.0002 logvar_q_clamp=0.0000
2026-08-30 10:38:44 | Epoch 141/400 | Train Loss 2.3088 Acc 0.1336 | Val Loss 2.2800 Acc 0.1129 AUC 0.9792 Pre 0.0113 Rec 0.1000
2026-08-30 10:38:44 | Diag logvar_q_mean=-0.0002 logvar_q_clamp=0.0000
2026-08-30 10:38:48 | Epoch 142/400 | Train Loss 2.3109 Acc 0.1312 | Val Loss 2.2805 Acc 0.1129 AUC 0.9797 Pre 0.0113 Rec 0.1000
2026-08-30 10:38:49 | Diag logvar_q_mean=-0.0002 logvar_q_clamp=0.0000
2026-08-30 10:38:53 | Epoch 143/400 | Train Loss 2.3095 Acc 0.1327 | Val Loss 2.2805 Acc 0.1129 AUC 0.9702 Pre 0.0113 Rec 0.1000
2026-08-30 10:38:53 | Diag logvar_q_mean=-0.0002 logvar_q_clamp=0.0000
2026-08-30 10:38:58 | Epoch 144/400 | Train Loss 2.3094 Acc 0.1357 | Val Loss 2.2803 Acc 0.1134 AUC 0.9895 Pre 0.1113 Rec 0.1005
2026-08-30 10:38:58 | Diag logvar_q_mean=-0.0002 logvar_q_clamp=0.0000
2026-08-30 10:39:02 | Epoch 145/400 | Train Loss 2.3076 Acc 0.1366 | Val Loss 2.2792 Acc 0.1130 AUC 0.9781 Pre 0.1113 Rec 0.1001
2026-08-30 10:39:03 | Diag logvar_q_mean=-0.0002 logvar_q_clamp=0.0000
2026-08-30 10:39:07 | Epoch 146/400 | Train Loss 2.3089 Acc 0.1353 | Val Loss 2.2787 Acc 0.1649 AUC 0.9787 Pre 0.1117 Rec 0.1490
2026-08-30 10:39:07 | Diag logvar_q_mean=-0.0002 logvar_q_clamp=0.0000
2026-08-30 10:39:11 | Epoch 147/400 | Train Loss 2.3113 Acc 0.1329 | Val Loss 2.2798 Acc 0.1152 AUC 0.9772 Pre 0.1072 Rec 0.1022
2026-08-30 10:39:12 | Diag logvar_q_mean=-0.0002 logvar_q_clamp=0.0000
2026-08-30 10:39:16 | Epoch 148/400 | Train Loss 2.3112 Acc 0.1310 | Val Loss 2.2807 Acc 0.1163 AUC 0.9778 Pre 0.1113 Rec 0.1032
2026-08-30 10:39:16 | Diag logvar_q_mean=-0.0002 logvar_q_clamp=0.0000
2026-08-30 10:39:20 | Epoch 149/400 | Train Loss 2.3099 Acc 0.1306 | Val Loss 2.2812 Acc 0.1129 AUC 0.9784 Pre 0.0113 Rec 0.1000
2026-08-30 10:39:21 | Diag logvar_q_mean=-0.0002 logvar_q_clamp=0.0000
2026-08-30 10:39:25 | Epoch 150/400 | Train Loss 2.3089 Acc 0.1321 | Val Loss 2.2806 Acc 0.1129 AUC 0.9867 Pre 0.0113 Rec 0.1000
2026-08-30 10:39:25 | Diag logvar_q_mean=-0.0002 logvar_q_clamp=0.0000
2026-08-30 10:39:29 | Epoch 151/400 | Train Loss 2.3093 Acc 0.1322 | Val Loss 2.2805 Acc 0.1129 AUC 0.9669 Pre 0.0113 Rec 0.1000
2026-08-30 10:39:30 | Diag logvar_q_mean=-0.0002 logvar_q_clamp=0.0000
2026-08-30 10:39:34 | Epoch 152/400 | Train Loss 2.3086 Acc 0.1309 | Val Loss 2.2802 Acc 0.1132 AUC 0.9774 Pre 0.1113 Rec 0.1003
2026-08-30 10:39:34 | Diag logvar_q_mean=-0.0002 logvar_q_clamp=0.0000
2026-08-30 10:39:38 | Epoch 153/400 | Train Loss 2.3112 Acc 0.1293 | Val Loss 2.2809 Acc 0.1129 AUC 0.9672 Pre 0.0113 Rec 0.1000
2026-08-30 10:39:39 | Diag logvar_q_mean=-0.0002 logvar_q_clamp=0.0000
2026-08-30 10:39:43 | Epoch 154/400 | Train Loss 2.3099 Acc 0.1316 | Val Loss 2.2812 Acc 0.1129 AUC 0.9861 Pre 0.0113 Rec 0.1000
2026-08-30 10:39:44 | Diag logvar_q_mean=-0.0002 logvar_q_clamp=0.0000
2026-08-30 10:39:48 | Epoch 155/400 | Train Loss 2.3106 Acc 0.1297 | Val Loss 2.2814 Acc 0.1129 AUC 0.9760 Pre 0.0113 Rec 0.1000
2026-08-30 10:39:48 | Diag logvar_q_mean=-0.0002 logvar_q_clamp=0.0000
2026-08-30 10:39:52 | Epoch 156/400 | Train Loss 2.3103 Acc 0.1306 | Val Loss 2.2818 Acc 0.1130 AUC 0.9873 Pre 0.1113 Rec 0.1001
2026-08-30 10:39:53 | Diag logvar_q_mean=-0.0002 logvar_q_clamp=0.0000
2026-08-30 10:39:57 | Epoch 157/400 | Train Loss 2.3097 Acc 0.1306 | Val Loss 2.2818 Acc 0.1129 AUC 0.9884 Pre 0.0113 Rec 0.1000
2026-08-30 10:39:58 | Diag logvar_q_mean=-0.0002 logvar_q_clamp=0.0000
2026-08-30 10:40:02 | Epoch 158/400 | Train Loss 2.3096 Acc 0.1321 | Val Loss 2.2817 Acc 0.1193 AUC 0.9775 Pre 0.1114 Rec 0.1060
2026-08-30 10:40:02 | Diag logvar_q_mean=-0.0002 logvar_q_clamp=0.0000
2026-08-30 10:40:07 | Epoch 159/400 | Train Loss 2.3098 Acc 0.1286 | Val Loss 2.2817 Acc 0.1129 AUC 0.9876 Pre 0.0113 Rec 0.1000
2026-08-30 10:40:07 | Diag logvar_q_mean=-0.0002 logvar_q_clamp=0.0000
2026-08-30 10:40:11 | Epoch 160/400 | Train Loss 2.3100 Acc 0.1329 | Val Loss 2.2819 Acc 0.1129 AUC 0.9883 Pre 0.0113 Rec 0.1000
2026-08-30 10:40:12 | Diag logvar_q_mean=-0.0002 logvar_q_clamp=0.0000
2026-08-30 10:40:16 | Epoch 161/400 | Train Loss 2.3085 Acc 0.1349 | Val Loss 2.2813 Acc 0.1129 AUC 0.9878 Pre 0.0113 Rec 0.1000
2026-08-30 10:40:17 | Diag logvar_q_mean=-0.0001 logvar_q_clamp=0.0000
2026-08-30 10:40:21 | Epoch 162/400 | Train Loss 2.3095 Acc 0.1331 | Val Loss 2.2811 Acc 0.1129 AUC 0.9888 Pre 0.0113 Rec 0.1000
2026-08-30 10:40:21 | Diag logvar_q_mean=-0.0002 logvar_q_clamp=0.0000
2026-08-30 10:40:25 | Epoch 163/400 | Train Loss 2.3103 Acc 0.1323 | Val Loss 2.2813 Acc 0.1137 AUC 0.9881 Pre 0.1113 Rec 0.1008
2026-08-30 10:40:26 | Diag logvar_q_mean=-0.0002 logvar_q_clamp=0.0000
2026-08-30 10:40:30 | Epoch 164/400 | Train Loss 2.3087 Acc 0.1327 | Val Loss 2.2805 Acc 0.1133 AUC 0.9881 Pre 0.1113 Rec 0.1004
2026-08-30 10:40:31 | Diag logvar_q_mean=-0.0002 logvar_q_clamp=0.0000
2026-08-30 10:40:35 | Epoch 165/400 | Train Loss 2.3105 Acc 0.1321 | Val Loss 2.2812 Acc 0.1131 AUC 0.9780 Pre 0.1113 Rec 0.1002
2026-08-30 10:40:36 | Diag logvar_q_mean=-0.0002 logvar_q_clamp=0.0000
2026-08-30 10:40:40 | Epoch 166/400 | Train Loss 2.3105 Acc 0.1290 | Val Loss 2.2819 Acc 0.1130 AUC 0.9885 Pre 0.1113 Rec 0.1001
2026-08-30 10:40:40 | Diag logvar_q_mean=-0.0002 logvar_q_clamp=0.0000
2026-08-30 10:40:44 | Epoch 167/400 | Train Loss 2.3088 Acc 0.1309 | Val Loss 2.2814 Acc 0.1176 AUC 0.9880 Pre 0.1113 Rec 0.1044
2026-08-30 10:40:45 | Diag logvar_q_mean=-0.0002 logvar_q_clamp=0.0000
2026-08-30 10:40:49 | Epoch 168/400 | Train Loss 2.3105 Acc 0.1311 | Val Loss 2.2820 Acc 0.1141 AUC 0.9859 Pre 0.1113 Rec 0.1011
2026-08-30 10:40:49 | Diag logvar_q_mean=-0.0001 logvar_q_clamp=0.0000
2026-08-30 10:40:53 | Epoch 169/400 | Train Loss 2.3083 Acc 0.1312 | Val Loss 2.2803 Acc 0.1217 AUC 0.9877 Pre 0.1114 Rec 0.1083
2026-08-30 10:40:54 | Diag logvar_q_mean=-0.0003 logvar_q_clamp=0.0000
2026-08-30 10:40:58 | Epoch 170/400 | Train Loss 2.3085 Acc 0.1338 | Val Loss 2.2800 Acc 0.1640 AUC 0.9880 Pre 0.1113 Rec 0.1482
2026-08-30 10:40:59 | Diag logvar_q_mean=-0.0001 logvar_q_clamp=0.0000
2026-08-30 10:41:03 | Epoch 171/400 | Train Loss 2.3100 Acc 0.1323 | Val Loss 2.2803 Acc 0.1644 AUC 0.9778 Pre 0.1115 Rec 0.1485
2026-08-30 10:41:03 | Diag logvar_q_mean=-0.0002 logvar_q_clamp=0.0000
2026-08-30 10:41:07 | Epoch 172/400 | Train Loss 2.3084 Acc 0.1334 | Val Loss 2.2800 Acc 0.1232 AUC 0.9869 Pre 0.1104 Rec 0.1097
2026-08-30 10:41:08 | Diag logvar_q_mean=-0.0002 logvar_q_clamp=0.0000
2026-08-30 10:41:12 | Epoch 173/400 | Train Loss 2.3111 Acc 0.1316 | Val Loss 2.2809 Acc 0.1174 AUC 0.9885 Pre 0.1113 Rec 0.1042
2026-08-30 10:41:12 | Diag logvar_q_mean=-0.0003 logvar_q_clamp=0.0000
2026-08-30 10:41:16 | Epoch 174/400 | Train Loss 2.3098 Acc 0.1325 | Val Loss 2.2810 Acc 0.1132 AUC 0.9888 Pre 0.1113 Rec 0.1003
2026-08-30 10:41:17 | Diag logvar_q_mean=-0.0002 logvar_q_clamp=0.0000
2026-08-30 10:41:21 | Epoch 175/400 | Train Loss 2.3096 Acc 0.1323 | Val Loss 2.2809 Acc 0.1129 AUC 0.9885 Pre 0.0113 Rec 0.1000
2026-08-30 10:41:22 | Diag logvar_q_mean=-0.0002 logvar_q_clamp=0.0000
2026-08-30 10:41:26 | Epoch 176/400 | Train Loss 2.3095 Acc 0.1303 | Val Loss 2.2807 Acc 0.1132 AUC 0.9921 Pre 0.1113 Rec 0.1003
2026-08-30 10:41:26 | Diag logvar_q_mean=-0.0002 logvar_q_clamp=0.0000
2026-08-30 10:41:30 | Epoch 177/400 | Train Loss 2.3110 Acc 0.1307 | Val Loss 2.2807 Acc 0.1141 AUC 0.9922 Pre 0.1113 Rec 0.1011
2026-08-30 10:41:31 | Diag logvar_q_mean=-0.0002 logvar_q_clamp=0.0000
2026-08-30 10:41:35 | Epoch 178/400 | Train Loss 2.3088 Acc 0.1302 | Val Loss 2.2802 Acc 0.1155 AUC 0.9914 Pre 0.1113 Rec 0.1025
2026-08-30 10:41:35 | Diag logvar_q_mean=-0.0002 logvar_q_clamp=0.0000
2026-08-30 10:41:39 | Epoch 179/400 | Train Loss 2.3080 Acc 0.1330 | Val Loss 2.2793 Acc 0.1213 AUC 0.9907 Pre 0.1058 Rec 0.1079
2026-08-30 10:41:40 | Diag logvar_q_mean=-0.0002 logvar_q_clamp=0.0000
2026-08-30 10:41:44 | Epoch 180/400 | Train Loss 2.3103 Acc 0.1317 | Val Loss 2.2790 Acc 0.1193 AUC 0.9912 Pre 0.1098 Rec 0.1060
2026-08-30 10:41:44 | Diag logvar_q_mean=-0.0002 logvar_q_clamp=0.0000
2026-08-30 10:41:48 | Epoch 181/400 | Train Loss 2.3088 Acc 0.1335 | Val Loss 2.2789 Acc 0.1130 AUC 0.9918 Pre 0.1113 Rec 0.1001
2026-08-30 10:41:49 | Diag logvar_q_mean=-0.0002 logvar_q_clamp=0.0000
2026-08-30 10:41:53 | Epoch 182/400 | Train Loss 2.3087 Acc 0.1344 | Val Loss 2.2782 Acc 0.1129 AUC 0.9913 Pre 0.0113 Rec 0.1000
2026-08-30 10:41:54 | Diag logvar_q_mean=-0.0002 logvar_q_clamp=0.0000
2026-08-30 10:41:57 | Epoch 183/400 | Train Loss 2.3109 Acc 0.1325 | Val Loss 2.2790 Acc 0.1129 AUC 0.9926 Pre 0.0113 Rec 0.1000
2026-08-30 10:41:58 | Diag logvar_q_mean=-0.0002 logvar_q_clamp=0.0000
2026-08-30 10:42:02 | Epoch 184/400 | Train Loss 2.3103 Acc 0.1313 | Val Loss 2.2790 Acc 0.1143 AUC 0.9930 Pre 0.1113 Rec 0.1013
2026-08-30 10:42:03 | Diag logvar_q_mean=-0.0002 logvar_q_clamp=0.0000
2026-08-30 10:42:07 | Epoch 185/400 | Train Loss 2.3082 Acc 0.1326 | Val Loss 2.2784 Acc 0.1222 AUC 0.9916 Pre 0.1114 Rec 0.1088
2026-08-30 10:42:07 | Diag logvar_q_mean=-0.0003 logvar_q_clamp=0.0000
2026-08-30 10:42:11 | Epoch 186/400 | Train Loss 2.3099 Acc 0.1327 | Val Loss 2.2790 Acc 0.1129 AUC 0.9928 Pre 0.0113 Rec 0.1000
2026-08-30 10:42:12 | Diag logvar_q_mean=-0.0002 logvar_q_clamp=0.0000
2026-08-30 10:42:16 | Epoch 187/400 | Train Loss 2.3094 Acc 0.1320 | Val Loss 2.2793 Acc 0.1130 AUC 0.9904 Pre 0.1113 Rec 0.1001
2026-08-30 10:42:16 | Diag logvar_q_mean=-0.0002 logvar_q_clamp=0.0000
2026-08-30 10:42:20 | Epoch 188/400 | Train Loss 2.3100 Acc 0.1324 | Val Loss 2.2788 Acc 0.1129 AUC 0.9917 Pre 0.0113 Rec 0.1000
2026-08-30 10:42:21 | Diag logvar_q_mean=-0.0003 logvar_q_clamp=0.0000
2026-08-30 10:42:25 | Epoch 189/400 | Train Loss 2.3103 Acc 0.1315 | Val Loss 2.2793 Acc 0.1129 AUC 0.9924 Pre 0.0113 Rec 0.1000
2026-08-30 10:42:25 | Diag logvar_q_mean=-0.0003 logvar_q_clamp=0.0000
2026-08-30 10:42:29 | Epoch 190/400 | Train Loss 2.3110 Acc 0.1292 | Val Loss 2.2799 Acc 0.1129 AUC 0.9915 Pre 0.0113 Rec 0.1000
2026-08-30 10:42:30 | Diag logvar_q_mean=-0.0002 logvar_q_clamp=0.0000
2026-08-30 10:42:34 | Epoch 191/400 | Train Loss 2.3090 Acc 0.1344 | Val Loss 2.2799 Acc 0.1129 AUC 0.9924 Pre 0.0113 Rec 0.1000
2026-08-30 10:42:34 | Diag logvar_q_mean=-0.0002 logvar_q_clamp=0.0000
2026-08-30 10:42:38 | Epoch 192/400 | Train Loss 2.3103 Acc 0.1333 | Val Loss 2.2801 Acc 0.1129 AUC 0.9925 Pre 0.0113 Rec 0.1000
2026-08-30 10:42:39 | Diag logvar_q_mean=-0.0002 logvar_q_clamp=0.0000
2026-08-30 10:42:43 | Epoch 193/400 | Train Loss 2.3074 Acc 0.1326 | Val Loss 2.2789 Acc 0.1130 AUC 0.9917 Pre 0.1113 Rec 0.1001
2026-08-30 10:42:43 | Diag logvar_q_mean=-0.0002 logvar_q_clamp=0.0000
2026-08-30 10:42:47 | Epoch 194/400 | Train Loss 2.3099 Acc 0.1313 | Val Loss 2.2793 Acc 0.1154 AUC 0.9902 Pre 0.1113 Rec 0.1024
2026-08-30 10:42:48 | Diag logvar_q_mean=-0.0002 logvar_q_clamp=0.0000
2026-08-30 10:42:52 | Epoch 195/400 | Train Loss 2.3094 Acc 0.1332 | Val Loss 2.2790 Acc 0.1130 AUC 0.9904 Pre 0.1113 Rec 0.1001
2026-08-30 10:42:52 | Diag logvar_q_mean=-0.0002 logvar_q_clamp=0.0000
2026-08-30 10:42:56 | Epoch 196/400 | Train Loss 2.3113 Acc 0.1306 | Val Loss 2.2796 Acc 0.1129 AUC 0.9898 Pre 0.0113 Rec 0.1000
2026-08-30 10:42:57 | Diag logvar_q_mean=-0.0002 logvar_q_clamp=0.0000
2026-08-30 10:43:01 | Epoch 197/400 | Train Loss 2.3096 Acc 0.1315 | Val Loss 2.2795 Acc 0.1143 AUC 0.9898 Pre 0.1113 Rec 0.1013
2026-08-30 10:43:01 | Diag logvar_q_mean=-0.0002 logvar_q_clamp=0.0000
2026-08-30 10:43:05 | Epoch 198/400 | Train Loss 2.3102 Acc 0.1307 | Val Loss 2.2801 Acc 0.1129 AUC 0.9897 Pre 0.0113 Rec 0.1000
2026-08-30 10:43:06 | Diag logvar_q_mean=-0.0002 logvar_q_clamp=0.0000
2026-08-30 10:43:10 | Epoch 199/400 | Train Loss 2.3091 Acc 0.1323 | Val Loss 2.2793 Acc 0.1129 AUC 0.9894 Pre 0.0113 Rec 0.1000
2026-08-30 10:43:10 | Diag logvar_q_mean=-0.0002 logvar_q_clamp=0.0000
2026-08-30 10:43:14 | Epoch 200/400 | Train Loss 2.3096 Acc 0.1299 | Val Loss 2.2795 Acc 0.1129 AUC 0.9913 Pre 0.0113 Rec 0.1000
2026-08-30 10:43:15 | Diag logvar_q_mean=-0.0003 logvar_q_clamp=0.0000
2026-08-30 10:43:18 | Epoch 201/400 | Train Loss 2.3106 Acc 0.1328 | Val Loss 2.2796 Acc 0.1130 AUC 0.9894 Pre 0.1113 Rec 0.1001
2026-08-30 10:43:19 | Diag logvar_q_mean=-0.0002 logvar_q_clamp=0.0000
2026-08-30 10:43:23 | Epoch 202/400 | Train Loss 2.3088 Acc 0.1330 | Val Loss 2.2792 Acc 0.1130 AUC 0.9899 Pre 0.1113 Rec 0.1001
2026-08-30 10:43:23 | Diag logvar_q_mean=-0.0002 logvar_q_clamp=0.0000
2026-08-30 10:43:27 | Epoch 203/400 | Train Loss 2.3089 Acc 0.1351 | Val Loss 2.2784 Acc 0.1218 AUC 0.9916 Pre 0.1114 Rec 0.1084
2026-08-30 10:43:28 | Diag logvar_q_mean=-0.0002 logvar_q_clamp=0.0000
2026-08-30 10:43:32 | Epoch 204/400 | Train Loss 2.3087 Acc 0.1355 | Val Loss 2.2779 Acc 0.1240 AUC 0.9900 Pre 0.2114 Rec 0.1105
2026-08-30 10:43:32 | Diag logvar_q_mean=-0.0002 logvar_q_clamp=0.0000
2026-08-30 10:43:36 | Epoch 205/400 | Train Loss 2.3113 Acc 0.1341 | Val Loss 2.2791 Acc 0.1183 AUC 0.9927 Pre 0.1114 Rec 0.1051
2026-08-30 10:43:37 | Diag logvar_q_mean=-0.0002 logvar_q_clamp=0.0000
2026-08-30 10:43:41 | Epoch 206/400 | Train Loss 2.3106 Acc 0.1320 | Val Loss 2.2794 Acc 0.1158 AUC 0.9914 Pre 0.1113 Rec 0.1027
2026-08-30 10:43:41 | Diag logvar_q_mean=-0.0002 logvar_q_clamp=0.0000
2026-08-30 10:43:45 | Epoch 207/400 | Train Loss 2.3084 Acc 0.1353 | Val Loss 2.2790 Acc 0.1130 AUC 0.9917 Pre 0.1113 Rec 0.1001
2026-08-30 10:43:46 | Diag logvar_q_mean=-0.0002 logvar_q_clamp=0.0000
2026-08-30 10:43:50 | Epoch 208/400 | Train Loss 2.3097 Acc 0.1344 | Val Loss 2.2788 Acc 0.1129 AUC 0.9912 Pre 0.0113 Rec 0.1000
2026-08-30 10:43:50 | Diag logvar_q_mean=-0.0002 logvar_q_clamp=0.0000
2026-08-30 10:43:54 | Epoch 209/400 | Train Loss 2.3099 Acc 0.1334 | Val Loss 2.2789 Acc 0.1130 AUC 0.9893 Pre 0.1113 Rec 0.1001
2026-08-30 10:43:55 | Diag logvar_q_mean=-0.0002 logvar_q_clamp=0.0000
2026-08-30 10:43:59 | Epoch 210/400 | Train Loss 2.3090 Acc 0.1349 | Val Loss 2.2785 Acc 0.1130 AUC 0.9919 Pre 0.1113 Rec 0.1001
2026-08-30 10:43:59 | Diag logvar_q_mean=-0.0002 logvar_q_clamp=0.0000
2026-08-30 10:44:03 | Epoch 211/400 | Train Loss 2.3108 Acc 0.1330 | Val Loss 2.2789 Acc 0.1148 AUC 0.9915 Pre 0.1113 Rec 0.1018
2026-08-30 10:44:04 | Diag logvar_q_mean=-0.0002 logvar_q_clamp=0.0000
2026-08-30 10:44:07 | Epoch 212/400 | Train Loss 2.3082 Acc 0.1343 | Val Loss 2.2783 Acc 0.1138 AUC 0.9904 Pre 0.1113 Rec 0.1008
2026-08-30 10:44:08 | Diag logvar_q_mean=-0.0003 logvar_q_clamp=0.0000
2026-08-30 10:44:12 | Epoch 213/400 | Train Loss 2.3096 Acc 0.1315 | Val Loss 2.2786 Acc 0.1133 AUC 0.9906 Pre 0.1113 Rec 0.1004
2026-08-30 10:44:13 | Diag logvar_q_mean=-0.0002 logvar_q_clamp=0.0000
2026-08-30 10:44:16 | Epoch 214/400 | Train Loss 2.3105 Acc 0.1318 | Val Loss 2.2790 Acc 0.1130 AUC 0.9911 Pre 0.1113 Rec 0.1001
2026-08-30 10:44:17 | Diag logvar_q_mean=-0.0002 logvar_q_clamp=0.0000
2026-08-30 10:44:21 | Epoch 215/400 | Train Loss 2.3092 Acc 0.1349 | Val Loss 2.2786 Acc 0.1147 AUC 0.9904 Pre 0.1113 Rec 0.1017
2026-08-30 10:44:22 | Diag logvar_q_mean=-0.0003 logvar_q_clamp=0.0000
2026-08-30 10:44:25 | Epoch 216/400 | Train Loss 2.3103 Acc 0.1323 | Val Loss 2.2791 Acc 0.1668 AUC 0.9899 Pre 0.2114 Rec 0.1508
2026-08-30 10:44:26 | Diag logvar_q_mean=-0.0003 logvar_q_clamp=0.0000
2026-08-30 10:44:30 | Epoch 217/400 | Train Loss 2.3103 Acc 0.1300 | Val Loss 2.2800 Acc 0.1130 AUC 0.9889 Pre 0.1113 Rec 0.1001
2026-08-30 10:44:30 | Diag logvar_q_mean=-0.0002 logvar_q_clamp=0.0000
2026-08-30 10:44:34 | Epoch 218/400 | Train Loss 2.3108 Acc 0.1324 | Val Loss 2.2808 Acc 0.1129 AUC 0.9891 Pre 0.0113 Rec 0.1000
2026-08-30 10:44:35 | Diag logvar_q_mean=-0.0002 logvar_q_clamp=0.0000
2026-08-30 10:44:39 | Epoch 219/400 | Train Loss 2.3080 Acc 0.1324 | Val Loss 2.2793 Acc 0.1131 AUC 0.9904 Pre 0.1113 Rec 0.1002
2026-08-30 10:44:39 | Diag logvar_q_mean=-0.0002 logvar_q_clamp=0.0000
2026-08-30 10:44:43 | Epoch 220/400 | Train Loss 2.3098 Acc 0.1360 | Val Loss 2.2792 Acc 0.1129 AUC 0.9920 Pre 0.0113 Rec 0.1000
2026-08-30 10:44:44 | Diag logvar_q_mean=-0.0002 logvar_q_clamp=0.0000
2026-08-30 10:44:48 | Epoch 221/400 | Train Loss 2.3112 Acc 0.1308 | Val Loss 2.2804 Acc 0.1132 AUC 0.9915 Pre 0.2113 Rec 0.1003
2026-08-30 10:44:48 | Diag logvar_q_mean=-0.0002 logvar_q_clamp=0.0000
2026-08-30 10:44:52 | Epoch 222/400 | Train Loss 2.3100 Acc 0.1311 | Val Loss 2.2802 Acc 0.1129 AUC 0.9922 Pre 0.0113 Rec 0.1000
2026-08-30 10:44:53 | Diag logvar_q_mean=-0.0002 logvar_q_clamp=0.0000
2026-08-30 10:44:57 | Epoch 223/400 | Train Loss 2.3103 Acc 0.1317 | Val Loss 2.2802 Acc 0.1129 AUC 0.9927 Pre 0.0113 Rec 0.1000
2026-08-30 10:44:57 | Diag logvar_q_mean=-0.0003 logvar_q_clamp=0.0000
2026-08-30 10:45:01 | Epoch 224/400 | Train Loss 2.3118 Acc 0.1285 | Val Loss 2.2817 Acc 0.1131 AUC 0.9924 Pre 0.1113 Rec 0.1002
2026-08-30 10:45:02 | Diag logvar_q_mean=-0.0002 logvar_q_clamp=0.0000
2026-08-30 10:45:06 | Epoch 225/400 | Train Loss 2.3101 Acc 0.1292 | Val Loss 2.2821 Acc 0.1129 AUC 0.9917 Pre 0.0113 Rec 0.1000
2026-08-30 10:45:06 | Diag logvar_q_mean=-0.0002 logvar_q_clamp=0.0000
2026-08-30 10:45:10 | Epoch 226/400 | Train Loss 2.3098 Acc 0.1296 | Val Loss 2.2819 Acc 0.1129 AUC 0.9906 Pre 0.0113 Rec 0.1000
2026-08-30 10:45:11 | Diag logvar_q_mean=-0.0002 logvar_q_clamp=0.0000
2026-08-30 10:45:14 | Epoch 227/400 | Train Loss 2.3082 Acc 0.1310 | Val Loss 2.2804 Acc 0.1132 AUC 0.9912 Pre 0.1113 Rec 0.1003
2026-08-30 10:45:15 | Diag logvar_q_mean=-0.0002 logvar_q_clamp=0.0000
2026-08-30 10:45:19 | Epoch 228/400 | Train Loss 2.3100 Acc 0.1312 | Val Loss 2.2805 Acc 0.1130 AUC 0.9905 Pre 0.1113 Rec 0.1001
2026-08-30 10:45:20 | Diag logvar_q_mean=-0.0002 logvar_q_clamp=0.0000
2026-08-30 10:45:23 | Epoch 229/400 | Train Loss 2.3091 Acc 0.1314 | Val Loss 2.2803 Acc 0.1130 AUC 0.9894 Pre 0.1113 Rec 0.1001
2026-08-30 10:45:24 | Diag logvar_q_mean=-0.0002 logvar_q_clamp=0.0000
2026-08-30 10:45:28 | Epoch 230/400 | Train Loss 2.3102 Acc 0.1313 | Val Loss 2.2801 Acc 0.1130 AUC 0.9904 Pre 0.1113 Rec 0.1001
2026-08-30 10:45:28 | Diag logvar_q_mean=-0.0002 logvar_q_clamp=0.0000
2026-08-30 10:45:32 | Epoch 231/400 | Train Loss 2.3088 Acc 0.1336 | Val Loss 2.2796 Acc 0.1130 AUC 0.9914 Pre 0.1113 Rec 0.1001
2026-08-30 10:45:33 | Diag logvar_q_mean=-0.0002 logvar_q_clamp=0.0000
2026-08-30 10:45:37 | Epoch 232/400 | Train Loss 2.3109 Acc 0.1307 | Val Loss 2.2803 Acc 0.1334 AUC 0.9922 Pre 0.2106 Rec 0.1193
2026-08-30 10:45:37 | Diag logvar_q_mean=-0.0002 logvar_q_clamp=0.0000
2026-08-30 10:45:41 | Epoch 233/400 | Train Loss 2.3096 Acc 0.1316 | Val Loss 2.2803 Acc 0.1136 AUC 0.9913 Pre 0.1113 Rec 0.1007
2026-08-30 10:45:42 | Diag logvar_q_mean=-0.0002 logvar_q_clamp=0.0000
2026-08-30 10:45:46 | Epoch 234/400 | Train Loss 2.3108 Acc 0.1312 | Val Loss 2.2808 Acc 0.1132 AUC 0.9918 Pre 0.1113 Rec 0.1003
2026-08-30 10:45:46 | Diag logvar_q_mean=-0.0002 logvar_q_clamp=0.0000
2026-08-30 10:45:50 | Epoch 235/400 | Train Loss 2.3100 Acc 0.1317 | Val Loss 2.2809 Acc 0.1129 AUC 0.9907 Pre 0.0113 Rec 0.1000
2026-08-30 10:45:51 | Diag logvar_q_mean=-0.0002 logvar_q_clamp=0.0000
2026-08-30 10:45:55 | Epoch 236/400 | Train Loss 2.3093 Acc 0.1315 | Val Loss 2.2804 Acc 0.1129 AUC 0.9906 Pre 0.0113 Rec 0.1000
2026-08-30 10:45:55 | Diag logvar_q_mean=-0.0002 logvar_q_clamp=0.0000
2026-08-30 10:45:59 | Epoch 237/400 | Train Loss 2.3099 Acc 0.1330 | Val Loss 2.2803 Acc 0.1129 AUC 0.9906 Pre 0.0113 Rec 0.1000
2026-08-30 10:46:00 | Diag logvar_q_mean=-0.0002 logvar_q_clamp=0.0000
2026-08-30 10:46:04 | Epoch 238/400 | Train Loss 2.3102 Acc 0.1321 | Val Loss 2.2807 Acc 0.1129 AUC 0.9908 Pre 0.0113 Rec 0.1000
2026-08-30 10:46:04 | Diag logvar_q_mean=-0.0002 logvar_q_clamp=0.0000
2026-08-30 10:46:08 | Epoch 239/400 | Train Loss 2.3102 Acc 0.1310 | Val Loss 2.2808 Acc 0.1130 AUC 0.9923 Pre 0.1113 Rec 0.1001
2026-08-30 10:46:09 | Diag logvar_q_mean=-0.0002 logvar_q_clamp=0.0000
2026-08-30 10:46:13 | Epoch 240/400 | Train Loss 2.3088 Acc 0.1316 | Val Loss 2.2805 Acc 0.1129 AUC 0.9898 Pre 0.0113 Rec 0.1000
2026-08-30 10:46:14 | Diag logvar_q_mean=-0.0002 logvar_q_clamp=0.0000
2026-08-30 10:46:18 | Epoch 241/400 | Train Loss 2.3093 Acc 0.1323 | Val Loss 2.2800 Acc 0.1129 AUC 0.9904 Pre 0.0113 Rec 0.1000
2026-08-30 10:46:18 | Diag logvar_q_mean=-0.0002 logvar_q_clamp=0.0000
2026-08-30 10:46:22 | Epoch 242/400 | Train Loss 2.3105 Acc 0.1320 | Val Loss 2.2804 Acc 0.1129 AUC 0.9892 Pre 0.0113 Rec 0.1000
2026-08-30 10:46:23 | Diag logvar_q_mean=-0.0003 logvar_q_clamp=0.0000
2026-08-30 10:46:27 | Epoch 243/400 | Train Loss 2.3089 Acc 0.1337 | Val Loss 2.2799 Acc 0.1129 AUC 0.9883 Pre 0.0113 Rec 0.1000
2026-08-30 10:46:27 | Diag logvar_q_mean=-0.0002 logvar_q_clamp=0.0000
2026-08-30 10:46:31 | Epoch 244/400 | Train Loss 2.3100 Acc 0.1294 | Val Loss 2.2800 Acc 0.1129 AUC 0.9895 Pre 0.0113 Rec 0.1000
2026-08-30 10:46:32 | Diag logvar_q_mean=-0.0002 logvar_q_clamp=0.0000
2026-08-30 10:46:36 | Epoch 245/400 | Train Loss 2.3086 Acc 0.1328 | Val Loss 2.2794 Acc 0.1129 AUC 0.9887 Pre 0.0113 Rec 0.1000
2026-08-30 10:46:37 | Diag logvar_q_mean=-0.0002 logvar_q_clamp=0.0000
2026-08-30 10:46:40 | Epoch 246/400 | Train Loss 2.3095 Acc 0.1355 | Val Loss 2.2790 Acc 0.1129 AUC 0.9905 Pre 0.0113 Rec 0.1000
2026-08-30 10:46:41 | Diag logvar_q_mean=-0.0002 logvar_q_clamp=0.0000
2026-08-30 10:46:45 | Epoch 247/400 | Train Loss 2.3085 Acc 0.1340 | Val Loss 2.2785 Acc 0.1131 AUC 0.9887 Pre 0.1113 Rec 0.1002
2026-08-30 10:46:46 | Diag logvar_q_mean=-0.0003 logvar_q_clamp=0.0000
2026-08-30 10:46:50 | Epoch 248/400 | Train Loss 2.3111 Acc 0.1335 | Val Loss 2.2795 Acc 0.1129 AUC 0.9883 Pre 0.0113 Rec 0.1000
2026-08-30 10:46:50 | Diag logvar_q_mean=-0.0003 logvar_q_clamp=0.0000
2026-08-30 10:46:54 | Epoch 249/400 | Train Loss 2.3095 Acc 0.1340 | Val Loss 2.2796 Acc 0.1149 AUC 0.9888 Pre 0.1022 Rec 0.1019
2026-08-30 10:46:55 | Diag logvar_q_mean=-0.0003 logvar_q_clamp=0.0000
2026-08-30 10:46:59 | Epoch 250/400 | Train Loss 2.3093 Acc 0.1344 | Val Loss 2.2793 Acc 0.1136 AUC 0.9918 Pre 0.1113 Rec 0.1007
2026-08-30 10:46:59 | Diag logvar_q_mean=-0.0002 logvar_q_clamp=0.0000
2026-08-30 10:47:03 | Epoch 251/400 | Train Loss 2.3104 Acc 0.1330 | Val Loss 2.2799 Acc 0.1132 AUC 0.9938 Pre 0.1113 Rec 0.1003
2026-08-30 10:47:04 | Diag logvar_q_mean=-0.0002 logvar_q_clamp=0.0000
2026-08-30 10:47:08 | Epoch 252/400 | Train Loss 2.3110 Acc 0.1280 | Val Loss 2.2807 Acc 0.1129 AUC 0.9929 Pre 0.0113 Rec 0.1000
2026-08-30 10:47:08 | Diag logvar_q_mean=-0.0002 logvar_q_clamp=0.0000
2026-08-30 10:47:12 | Epoch 253/400 | Train Loss 2.3112 Acc 0.1298 | Val Loss 2.2816 Acc 0.1129 AUC 0.9910 Pre 0.0113 Rec 0.1000
2026-08-30 10:47:13 | Diag logvar_q_mean=-0.0002 logvar_q_clamp=0.0000
2026-08-30 10:47:17 | Epoch 254/400 | Train Loss 2.3088 Acc 0.1323 | Val Loss 2.2814 Acc 0.1129 AUC 0.9903 Pre 0.0113 Rec 0.1000
2026-08-30 10:47:17 | Diag logvar_q_mean=-0.0001 logvar_q_clamp=0.0000
2026-08-30 10:47:22 | Epoch 255/400 | Train Loss 2.3079 Acc 0.1334 | Val Loss 2.2796 Acc 0.1131 AUC 0.9907 Pre 0.1113 Rec 0.1002
2026-08-30 10:47:22 | Diag logvar_q_mean=-0.0003 logvar_q_clamp=0.0000
2026-08-30 10:47:26 | Epoch 256/400 | Train Loss 2.3101 Acc 0.1316 | Val Loss 2.2803 Acc 0.1131 AUC 0.9910 Pre 0.1113 Rec 0.1002
2026-08-30 10:47:27 | Diag logvar_q_mean=-0.0002 logvar_q_clamp=0.0000
2026-08-30 10:47:31 | Epoch 257/400 | Train Loss 2.3086 Acc 0.1343 | Val Loss 2.2792 Acc 0.1135 AUC 0.9925 Pre 0.1113 Rec 0.1006
2026-08-30 10:47:31 | Diag logvar_q_mean=-0.0002 logvar_q_clamp=0.0000
2026-08-30 10:47:35 | Epoch 258/400 | Train Loss 2.3105 Acc 0.1324 | Val Loss 2.2800 Acc 0.1129 AUC 0.9906 Pre 0.0113 Rec 0.1000
2026-08-30 10:47:36 | Diag logvar_q_mean=-0.0003 logvar_q_clamp=0.0000
2026-08-30 10:47:40 | Epoch 259/400 | Train Loss 2.3119 Acc 0.1289 | Val Loss 2.2814 Acc 0.1129 AUC 0.9912 Pre 0.0113 Rec 0.1000
2026-08-30 10:47:41 | Diag logvar_q_mean=-0.0002 logvar_q_clamp=0.0000
2026-08-30 10:47:45 | Epoch 260/400 | Train Loss 2.3097 Acc 0.1309 | Val Loss 2.2813 Acc 0.1129 AUC 0.9902 Pre 0.0113 Rec 0.1000
2026-08-30 10:47:45 | Diag logvar_q_mean=-0.0002 logvar_q_clamp=0.0000
2026-08-30 10:47:49 | Epoch 261/400 | Train Loss 2.3086 Acc 0.1318 | Val Loss 2.2808 Acc 0.1129 AUC 0.9928 Pre 0.0113 Rec 0.1000
2026-08-30 10:47:50 | Diag logvar_q_mean=-0.0002 logvar_q_clamp=0.0000
2026-08-30 10:47:54 | Epoch 262/400 | Train Loss 2.3110 Acc 0.1309 | Val Loss 2.2817 Acc 0.1129 AUC 0.9905 Pre 0.0113 Rec 0.1000
2026-08-30 10:47:54 | Diag logvar_q_mean=-0.0002 logvar_q_clamp=0.0000
2026-08-30 10:47:58 | Epoch 263/400 | Train Loss 2.3094 Acc 0.1319 | Val Loss 2.2819 Acc 0.1130 AUC 0.9900 Pre 0.1113 Rec 0.1001
2026-08-30 10:47:59 | Diag logvar_q_mean=-0.0002 logvar_q_clamp=0.0000
2026-08-30 10:48:03 | Epoch 264/400 | Train Loss 2.3102 Acc 0.1276 | Val Loss 2.2819 Acc 0.1129 AUC 0.9913 Pre 0.0113 Rec 0.1000
2026-08-30 10:48:04 | Diag logvar_q_mean=-0.0002 logvar_q_clamp=0.0000
2026-08-30 10:48:08 | Epoch 265/400 | Train Loss 2.3106 Acc 0.1292 | Val Loss 2.2823 Acc 0.1129 AUC 0.9905 Pre 0.0113 Rec 0.1000
2026-08-30 10:48:08 | Diag logvar_q_mean=-0.0002 logvar_q_clamp=0.0000
2026-08-30 10:48:12 | Epoch 266/400 | Train Loss 2.3096 Acc 0.1284 | Val Loss 2.2823 Acc 0.1129 AUC 0.9914 Pre 0.0113 Rec 0.1000
2026-08-30 10:48:13 | Diag logvar_q_mean=-0.0002 logvar_q_clamp=0.0000
2026-08-30 10:48:17 | Epoch 267/400 | Train Loss 2.3106 Acc 0.1271 | Val Loss 2.2826 Acc 0.1129 AUC 0.9903 Pre 0.0113 Rec 0.1000
2026-08-30 10:48:18 | Diag logvar_q_mean=-0.0002 logvar_q_clamp=0.0000
2026-08-30 10:48:22 | Epoch 268/400 | Train Loss 2.3083 Acc 0.1294 | Val Loss 2.2817 Acc 0.1129 AUC 0.9894 Pre 0.0113 Rec 0.1000
2026-08-30 10:48:22 | Diag logvar_q_mean=-0.0002 logvar_q_clamp=0.0000
2026-08-30 10:48:26 | Epoch 269/400 | Train Loss 2.3099 Acc 0.1295 | Val Loss 2.2813 Acc 0.1167 AUC 0.9919 Pre 0.1113 Rec 0.1036
2026-08-30 10:48:27 | Diag logvar_q_mean=-0.0002 logvar_q_clamp=0.0000
2026-08-30 10:48:31 | Epoch 270/400 | Train Loss 2.3102 Acc 0.1302 | Val Loss 2.2816 Acc 0.1129 AUC 0.9909 Pre 0.0113 Rec 0.1000
2026-08-30 10:48:31 | Diag logvar_q_mean=-0.0002 logvar_q_clamp=0.0000
2026-08-30 10:48:35 | Epoch 271/400 | Train Loss 2.3104 Acc 0.1286 | Val Loss 2.2819 Acc 0.1130 AUC 0.9908 Pre 0.1113 Rec 0.1001
2026-08-30 10:48:36 | Diag logvar_q_mean=-0.0002 logvar_q_clamp=0.0000
2026-08-30 10:48:40 | Epoch 272/400 | Train Loss 2.3095 Acc 0.1318 | Val Loss 2.2818 Acc 0.1131 AUC 0.9915 Pre 0.1113 Rec 0.1002
2026-08-30 10:48:40 | Diag logvar_q_mean=-0.0002 logvar_q_clamp=0.0000
2026-08-30 10:48:44 | Epoch 273/400 | Train Loss 2.3112 Acc 0.1300 | Val Loss 2.2819 Acc 0.1129 AUC 0.9919 Pre 0.0113 Rec 0.1000
2026-08-30 10:48:45 | Diag logvar_q_mean=-0.0002 logvar_q_clamp=0.0000
2026-08-30 10:48:49 | Epoch 274/400 | Train Loss 2.3098 Acc 0.1286 | Val Loss 2.2818 Acc 0.1129 AUC 0.9921 Pre 0.0113 Rec 0.1000
2026-08-30 10:48:49 | Diag logvar_q_mean=-0.0002 logvar_q_clamp=0.0000
2026-08-30 10:48:53 | Epoch 275/400 | Train Loss 2.3085 Acc 0.1320 | Val Loss 2.2814 Acc 0.1131 AUC 0.9911 Pre 0.1113 Rec 0.1002
2026-08-30 10:48:54 | Diag logvar_q_mean=-0.0002 logvar_q_clamp=0.0000
2026-08-30 10:48:58 | Epoch 276/400 | Train Loss 2.3107 Acc 0.1317 | Val Loss 2.2813 Acc 0.1129 AUC 0.9934 Pre 0.0113 Rec 0.1000
2026-08-30 10:48:59 | Diag logvar_q_mean=-0.0002 logvar_q_clamp=0.0000
2026-08-30 10:49:03 | Epoch 277/400 | Train Loss 2.3093 Acc 0.1317 | Val Loss 2.2815 Acc 0.1129 AUC 0.9920 Pre 0.0113 Rec 0.1000
2026-08-30 10:49:03 | Diag logvar_q_mean=-0.0001 logvar_q_clamp=0.0000
2026-08-30 10:49:07 | Epoch 278/400 | Train Loss 2.3104 Acc 0.1308 | Val Loss 2.2813 Acc 0.1129 AUC 0.9916 Pre 0.0113 Rec 0.1000
2026-08-30 10:49:08 | Diag logvar_q_mean=-0.0002 logvar_q_clamp=0.0000
2026-08-30 10:49:12 | Epoch 279/400 | Train Loss 2.3109 Acc 0.1328 | Val Loss 2.2820 Acc 0.1129 AUC 0.9901 Pre 0.0113 Rec 0.1000
2026-08-30 10:49:12 | Diag logvar_q_mean=-0.0002 logvar_q_clamp=0.0000
2026-08-30 10:49:16 | Epoch 280/400 | Train Loss 2.3086 Acc 0.1315 | Val Loss 2.2813 Acc 0.1129 AUC 0.9921 Pre 0.0113 Rec 0.1000
2026-08-30 10:49:17 | Diag logvar_q_mean=-0.0002 logvar_q_clamp=0.0000
2026-08-30 10:49:21 | Epoch 281/400 | Train Loss 2.3112 Acc 0.1294 | Val Loss 2.2821 Acc 0.1129 AUC 0.9904 Pre 0.0113 Rec 0.1000
2026-08-30 10:49:21 | Diag logvar_q_mean=-0.0002 logvar_q_clamp=0.0000
2026-08-30 10:49:25 | Epoch 282/400 | Train Loss 2.3086 Acc 0.1303 | Val Loss 2.2814 Acc 0.1131 AUC 0.9896 Pre 0.1113 Rec 0.1002
2026-08-30 10:49:26 | Diag logvar_q_mean=-0.0002 logvar_q_clamp=0.0000
2026-08-30 10:49:30 | Epoch 283/400 | Train Loss 2.3093 Acc 0.1325 | Val Loss 2.2809 Acc 0.1129 AUC 0.9907 Pre 0.0113 Rec 0.1000
2026-08-30 10:49:31 | Diag logvar_q_mean=-0.0002 logvar_q_clamp=0.0000
2026-08-30 10:49:35 | Epoch 284/400 | Train Loss 2.3104 Acc 0.1312 | Val Loss 2.2813 Acc 0.1129 AUC 0.9905 Pre 0.0113 Rec 0.1000
2026-08-30 10:49:35 | Diag logvar_q_mean=-0.0002 logvar_q_clamp=0.0000
2026-08-30 10:49:39 | Epoch 285/400 | Train Loss 2.3105 Acc 0.1308 | Val Loss 2.2816 Acc 0.1129 AUC 0.9897 Pre 0.0113 Rec 0.1000
2026-08-30 10:49:40 | Diag logvar_q_mean=-0.0002 logvar_q_clamp=0.0000
2026-08-30 10:49:44 | Epoch 286/400 | Train Loss 2.3083 Acc 0.1316 | Val Loss 2.2809 Acc 0.1129 AUC 0.9902 Pre 0.0113 Rec 0.1000
2026-08-30 10:49:44 | Diag logvar_q_mean=-0.0002 logvar_q_clamp=0.0000
2026-08-30 10:49:48 | Epoch 287/400 | Train Loss 2.3090 Acc 0.1315 | Val Loss 2.2801 Acc 0.1130 AUC 0.9893 Pre 0.1113 Rec 0.1001
2026-08-30 10:49:49 | Diag logvar_q_mean=-0.0002 logvar_q_clamp=0.0000
2026-08-30 10:49:53 | Epoch 288/400 | Train Loss 2.3105 Acc 0.1314 | Val Loss 2.2805 Acc 0.1134 AUC 0.9914 Pre 0.1113 Rec 0.1005
2026-08-30 10:49:54 | Diag logvar_q_mean=-0.0003 logvar_q_clamp=0.0000
2026-08-30 10:49:58 | Epoch 289/400 | Train Loss 2.3085 Acc 0.1328 | Val Loss 2.2803 Acc 0.1129 AUC 0.9911 Pre 0.0113 Rec 0.1000
2026-08-30 10:49:58 | Diag logvar_q_mean=-0.0002 logvar_q_clamp=0.0000
2026-08-30 10:50:02 | Epoch 290/400 | Train Loss 2.3088 Acc 0.1328 | Val Loss 2.2801 Acc 0.1132 AUC 0.9909 Pre 0.1113 Rec 0.1003
2026-08-30 10:50:03 | Diag logvar_q_mean=-0.0002 logvar_q_clamp=0.0000
2026-08-30 10:50:07 | Epoch 291/400 | Train Loss 2.3105 Acc 0.1318 | Val Loss 2.2806 Acc 0.1129 AUC 0.9916 Pre 0.0113 Rec 0.1000
2026-08-30 10:50:07 | Diag logvar_q_mean=-0.0002 logvar_q_clamp=0.0000
2026-08-30 10:50:11 | Epoch 292/400 | Train Loss 2.3098 Acc 0.1322 | Val Loss 2.2810 Acc 0.1131 AUC 0.9921 Pre 0.1113 Rec 0.1002
2026-08-30 10:50:12 | Diag logvar_q_mean=-0.0002 logvar_q_clamp=0.0000
2026-08-30 10:50:16 | Epoch 293/400 | Train Loss 2.3100 Acc 0.1306 | Val Loss 2.2807 Acc 0.1129 AUC 0.9917 Pre 0.0113 Rec 0.1000
2026-08-30 10:50:16 | Diag logvar_q_mean=-0.0002 logvar_q_clamp=0.0000
2026-08-30 10:50:20 | Epoch 294/400 | Train Loss 2.3104 Acc 0.1318 | Val Loss 2.2813 Acc 0.1130 AUC 0.9900 Pre 0.1113 Rec 0.1001
2026-08-30 10:50:21 | Diag logvar_q_mean=-0.0002 logvar_q_clamp=0.0000
2026-08-30 10:50:25 | Epoch 295/400 | Train Loss 2.3096 Acc 0.1303 | Val Loss 2.2812 Acc 0.1129 AUC 0.9897 Pre 0.0113 Rec 0.1000
2026-08-30 10:50:26 | Diag logvar_q_mean=-0.0002 logvar_q_clamp=0.0000
2026-08-30 10:50:29 | Epoch 296/400 | Train Loss 2.3091 Acc 0.1330 | Val Loss 2.2806 Acc 0.1129 AUC 0.9915 Pre 0.0113 Rec 0.1000
2026-08-30 10:50:30 | Diag logvar_q_mean=-0.0002 logvar_q_clamp=0.0000
2026-08-30 10:50:34 | Epoch 297/400 | Train Loss 2.3089 Acc 0.1309 | Val Loss 2.2800 Acc 0.1129 AUC 0.9937 Pre 0.0113 Rec 0.1000
2026-08-30 10:50:35 | Diag logvar_q_mean=-0.0003 logvar_q_clamp=0.0000
2026-08-30 10:50:39 | Epoch 298/400 | Train Loss 2.3103 Acc 0.1309 | Val Loss 2.2803 Acc 0.1130 AUC 0.9928 Pre 0.1113 Rec 0.1001
2026-08-30 10:50:39 | Diag logvar_q_mean=-0.0002 logvar_q_clamp=0.0000
2026-08-30 10:50:43 | Epoch 299/400 | Train Loss 2.3090 Acc 0.1301 | Val Loss 2.2802 Acc 0.1129 AUC 0.9922 Pre 0.0113 Rec 0.1000
2026-08-30 10:50:44 | Diag logvar_q_mean=-0.0002 logvar_q_clamp=0.0000
2026-08-30 10:50:48 | Epoch 300/400 | Train Loss 2.3104 Acc 0.1307 | Val Loss 2.2805 Acc 0.1129 AUC 0.9918 Pre 0.0113 Rec 0.1000
2026-08-30 10:50:48 | Diag logvar_q_mean=-0.0002 logvar_q_clamp=0.0000
2026-08-30 10:50:52 | Epoch 301/400 | Train Loss 2.3127 Acc 0.1283 | Val Loss 2.2817 Acc 0.1129 AUC 0.9923 Pre 0.0113 Rec 0.1000
2026-08-30 10:50:53 | Diag logvar_q_mean=-0.0002 logvar_q_clamp=0.0000
2026-08-30 10:50:57 | Epoch 302/400 | Train Loss 2.3098 Acc 0.1300 | Val Loss 2.2818 Acc 0.1129 AUC 0.9905 Pre 0.0113 Rec 0.1000
2026-08-30 10:50:57 | Diag logvar_q_mean=-0.0002 logvar_q_clamp=0.0000
2026-08-30 10:51:01 | Epoch 303/400 | Train Loss 2.3097 Acc 0.1340 | Val Loss 2.2821 Acc 0.1129 AUC 0.9915 Pre 0.0113 Rec 0.1000
2026-08-30 10:51:02 | Diag logvar_q_mean=-0.0002 logvar_q_clamp=0.0000
2026-08-30 10:51:06 | Epoch 304/400 | Train Loss 2.3094 Acc 0.1303 | Val Loss 2.2814 Acc 0.1290 AUC 0.9915 Pre 0.1096 Rec 0.1152
2026-08-30 10:51:07 | Diag logvar_q_mean=-0.0002 logvar_q_clamp=0.0000
2026-08-30 10:51:11 | Epoch 305/400 | Train Loss 2.3118 Acc 0.1282 | Val Loss 2.2825 Acc 0.1129 AUC 0.9897 Pre 0.0113 Rec 0.1000
2026-08-30 10:51:11 | Diag logvar_q_mean=-0.0002 logvar_q_clamp=0.0000
2026-08-30 10:51:15 | Epoch 306/400 | Train Loss 2.3089 Acc 0.1313 | Val Loss 2.2817 Acc 0.1129 AUC 0.9911 Pre 0.0113 Rec 0.1000
2026-08-30 10:51:16 | Diag logvar_q_mean=-0.0003 logvar_q_clamp=0.0000
2026-08-30 10:51:20 | Epoch 307/400 | Train Loss 2.3084 Acc 0.1302 | Val Loss 2.2813 Acc 0.1129 AUC 0.9904 Pre 0.0113 Rec 0.1000
2026-08-30 10:51:20 | Diag logvar_q_mean=-0.0002 logvar_q_clamp=0.0000
2026-08-30 10:51:24 | Epoch 308/400 | Train Loss 2.3097 Acc 0.1306 | Val Loss 2.2810 Acc 0.1130 AUC 0.9905 Pre 0.1113 Rec 0.1001
2026-08-30 10:51:25 | Diag logvar_q_mean=-0.0002 logvar_q_clamp=0.0000
2026-08-30 10:51:29 | Epoch 309/400 | Train Loss 2.3091 Acc 0.1315 | Val Loss 2.2808 Acc 0.1129 AUC 0.9913 Pre 0.0113 Rec 0.1000
2026-08-30 10:51:29 | Diag logvar_q_mean=-0.0002 logvar_q_clamp=0.0000
2026-08-30 10:51:33 | Epoch 310/400 | Train Loss 2.3089 Acc 0.1322 | Val Loss 2.2803 Acc 0.1129 AUC 0.9907 Pre 0.0113 Rec 0.1000
2026-08-30 10:51:34 | Diag logvar_q_mean=-0.0002 logvar_q_clamp=0.0000
2026-08-30 10:51:38 | Epoch 311/400 | Train Loss 2.3087 Acc 0.1309 | Val Loss 2.2798 Acc 0.1129 AUC 0.9896 Pre 0.0113 Rec 0.1000
2026-08-30 10:51:38 | Diag logvar_q_mean=-0.0002 logvar_q_clamp=0.0000
2026-08-30 10:51:42 | Epoch 312/400 | Train Loss 2.3115 Acc 0.1322 | Val Loss 2.2806 Acc 0.1130 AUC 0.9894 Pre 0.1113 Rec 0.1001
2026-08-30 10:51:43 | Diag logvar_q_mean=-0.0001 logvar_q_clamp=0.0000
2026-08-30 10:51:47 | Epoch 313/400 | Train Loss 2.3100 Acc 0.1305 | Val Loss 2.2808 Acc 0.1129 AUC 0.9903 Pre 0.0113 Rec 0.1000
2026-08-30 10:51:48 | Diag logvar_q_mean=-0.0002 logvar_q_clamp=0.0000
2026-08-30 10:51:52 | Epoch 314/400 | Train Loss 2.3092 Acc 0.1306 | Val Loss 2.2805 Acc 0.1129 AUC 0.9907 Pre 0.0113 Rec 0.1000
2026-08-30 10:51:52 | Diag logvar_q_mean=-0.0002 logvar_q_clamp=0.0000
2026-08-30 10:51:56 | Epoch 315/400 | Train Loss 2.3103 Acc 0.1307 | Val Loss 2.2807 Acc 0.1129 AUC 0.9900 Pre 0.0113 Rec 0.1000
2026-08-30 10:51:57 | Diag logvar_q_mean=-0.0003 logvar_q_clamp=0.0000
2026-08-30 10:52:01 | Epoch 316/400 | Train Loss 2.3098 Acc 0.1298 | Val Loss 2.2814 Acc 0.1129 AUC 0.9889 Pre 0.0113 Rec 0.1000
2026-08-30 10:52:01 | Diag logvar_q_mean=-0.0002 logvar_q_clamp=0.0000
2026-08-30 10:52:06 | Epoch 317/400 | Train Loss 2.3090 Acc 0.1330 | Val Loss 2.2807 Acc 0.1129 AUC 0.9892 Pre 0.0113 Rec 0.1000
2026-08-30 10:52:06 | Diag logvar_q_mean=-0.0002 logvar_q_clamp=0.0000
2026-08-30 10:52:10 | Epoch 318/400 | Train Loss 2.3091 Acc 0.1312 | Val Loss 2.2805 Acc 0.1129 AUC 0.9875 Pre 0.0113 Rec 0.1000
2026-08-30 10:52:11 | Diag logvar_q_mean=-0.0001 logvar_q_clamp=0.0000
2026-08-30 10:52:15 | Epoch 319/400 | Train Loss 2.3097 Acc 0.1298 | Val Loss 2.2805 Acc 0.1129 AUC 0.9911 Pre 0.0113 Rec 0.1000
2026-08-30 10:52:15 | Diag logvar_q_mean=-0.0002 logvar_q_clamp=0.0000
2026-08-30 10:52:19 | Epoch 320/400 | Train Loss 2.3115 Acc 0.1308 | Val Loss 2.2809 Acc 0.1129 AUC 0.9901 Pre 0.0113 Rec 0.1000
2026-08-30 10:52:20 | Diag logvar_q_mean=-0.0003 logvar_q_clamp=0.0000
2026-08-30 10:52:24 | Epoch 321/400 | Train Loss 2.3109 Acc 0.1286 | Val Loss 2.2814 Acc 0.1130 AUC 0.9907 Pre 0.1113 Rec 0.1001
2026-08-30 10:52:24 | Diag logvar_q_mean=-0.0002 logvar_q_clamp=0.0000
2026-08-30 10:52:28 | Epoch 322/400 | Train Loss 2.3107 Acc 0.1303 | Val Loss 2.2823 Acc 0.1129 AUC 0.9909 Pre 0.0113 Rec 0.1000
2026-08-30 10:52:29 | Diag logvar_q_mean=-0.0002 logvar_q_clamp=0.0000
2026-08-30 10:52:33 | Epoch 323/400 | Train Loss 2.3083 Acc 0.1313 | Val Loss 2.2816 Acc 0.1129 AUC 0.9903 Pre 0.0113 Rec 0.1000
2026-08-30 10:52:33 | Diag logvar_q_mean=-0.0002 logvar_q_clamp=0.0000
2026-08-30 10:52:37 | Epoch 324/400 | Train Loss 2.3096 Acc 0.1323 | Val Loss 2.2812 Acc 0.1129 AUC 0.9898 Pre 0.0113 Rec 0.1000
2026-08-30 10:52:38 | Diag logvar_q_mean=-0.0002 logvar_q_clamp=0.0000
2026-08-30 10:52:42 | Epoch 325/400 | Train Loss 2.3091 Acc 0.1313 | Val Loss 2.2813 Acc 0.1129 AUC 0.9901 Pre 0.0113 Rec 0.1000
2026-08-30 10:52:43 | Diag logvar_q_mean=-0.0002 logvar_q_clamp=0.0000
2026-08-30 10:52:47 | Epoch 326/400 | Train Loss 2.3094 Acc 0.1306 | Val Loss 2.2806 Acc 0.1129 AUC 0.9908 Pre 0.0113 Rec 0.1000
2026-08-30 10:52:47 | Diag logvar_q_mean=-0.0002 logvar_q_clamp=0.0000
2026-08-30 10:52:51 | Epoch 327/400 | Train Loss 2.3100 Acc 0.1309 | Val Loss 2.2809 Acc 0.1131 AUC 0.9905 Pre 0.1113 Rec 0.1002
2026-08-30 10:52:52 | Diag logvar_q_mean=-0.0002 logvar_q_clamp=0.0000
2026-08-30 10:52:56 | Epoch 328/400 | Train Loss 2.3096 Acc 0.1310 | Val Loss 2.2811 Acc 0.1129 AUC 0.9917 Pre 0.0113 Rec 0.1000
2026-08-30 10:52:56 | Diag logvar_q_mean=-0.0002 logvar_q_clamp=0.0000
2026-08-30 10:53:00 | Epoch 329/400 | Train Loss 2.3106 Acc 0.1298 | Val Loss 2.2815 Acc 0.1129 AUC 0.9902 Pre 0.0113 Rec 0.1000
2026-08-30 10:53:01 | Diag logvar_q_mean=-0.0002 logvar_q_clamp=0.0000
2026-08-30 10:53:05 | Epoch 330/400 | Train Loss 2.3103 Acc 0.1293 | Val Loss 2.2818 Acc 0.1129 AUC 0.9903 Pre 0.0113 Rec 0.1000
2026-08-30 10:53:05 | Diag logvar_q_mean=-0.0002 logvar_q_clamp=0.0000
2026-08-30 10:53:09 | Epoch 331/400 | Train Loss 2.3093 Acc 0.1321 | Val Loss 2.2816 Acc 0.1129 AUC 0.9911 Pre 0.0113 Rec 0.1000
2026-08-30 10:53:10 | Diag logvar_q_mean=-0.0002 logvar_q_clamp=0.0000
2026-08-30 10:53:14 | Epoch 332/400 | Train Loss 2.3090 Acc 0.1296 | Val Loss 2.2811 Acc 0.1129 AUC 0.9924 Pre 0.0113 Rec 0.1000
2026-08-30 10:53:15 | Diag logvar_q_mean=-0.0002 logvar_q_clamp=0.0000
2026-08-30 10:53:19 | Epoch 333/400 | Train Loss 2.3086 Acc 0.1321 | Val Loss 2.2805 Acc 0.1129 AUC 0.9891 Pre 0.0113 Rec 0.1000
2026-08-30 10:53:19 | Diag logvar_q_mean=-0.0002 logvar_q_clamp=0.0000
2026-08-30 10:53:23 | Epoch 334/400 | Train Loss 2.3109 Acc 0.1314 | Val Loss 2.2807 Acc 0.1130 AUC 0.9881 Pre 0.1113 Rec 0.1001
2026-08-30 10:53:24 | Diag logvar_q_mean=-0.0002 logvar_q_clamp=0.0000
2026-08-30 10:53:28 | Epoch 335/400 | Train Loss 2.3092 Acc 0.1299 | Val Loss 2.2807 Acc 0.1129 AUC 0.9898 Pre 0.0113 Rec 0.1000
2026-08-30 10:53:28 | Diag logvar_q_mean=-0.0002 logvar_q_clamp=0.0000
2026-08-30 10:53:32 | Epoch 336/400 | Train Loss 2.3083 Acc 0.1322 | Val Loss 2.2802 Acc 0.1129 AUC 0.9934 Pre 0.0113 Rec 0.1000
2026-08-30 10:53:33 | Diag logvar_q_mean=-0.0002 logvar_q_clamp=0.0000
2026-08-30 10:53:37 | Epoch 337/400 | Train Loss 2.3106 Acc 0.1287 | Val Loss 2.2805 Acc 0.1129 AUC 0.9925 Pre 0.0113 Rec 0.1000
2026-08-30 10:53:38 | Diag logvar_q_mean=-0.0002 logvar_q_clamp=0.0000
2026-08-30 10:53:42 | Epoch 338/400 | Train Loss 2.3120 Acc 0.1287 | Val Loss 2.2820 Acc 0.1139 AUC 0.9927 Pre 0.1113 Rec 0.1009
2026-08-30 10:53:42 | Diag logvar_q_mean=-0.0002 logvar_q_clamp=0.0000
2026-08-30 10:53:46 | Epoch 339/400 | Train Loss 2.3083 Acc 0.1316 | Val Loss 2.2814 Acc 0.1130 AUC 0.9935 Pre 0.1113 Rec 0.1001
2026-08-30 10:53:47 | Diag logvar_q_mean=-0.0002 logvar_q_clamp=0.0000
2026-08-30 10:53:51 | Epoch 340/400 | Train Loss 2.3102 Acc 0.1309 | Val Loss 2.2818 Acc 0.1129 AUC 0.9904 Pre 0.0113 Rec 0.1000
2026-08-30 10:53:51 | Diag logvar_q_mean=-0.0001 logvar_q_clamp=0.0000
2026-08-30 10:53:55 | Epoch 341/400 | Train Loss 2.3089 Acc 0.1320 | Val Loss 2.2812 Acc 0.1129 AUC 0.9913 Pre 0.0113 Rec 0.1000
2026-08-30 10:53:56 | Diag logvar_q_mean=-0.0003 logvar_q_clamp=0.0000
2026-08-30 10:54:00 | Epoch 342/400 | Train Loss 2.3086 Acc 0.1332 | Val Loss 2.2805 Acc 0.1129 AUC 0.9904 Pre 0.0113 Rec 0.1000
2026-08-30 10:54:01 | Diag logvar_q_mean=-0.0003 logvar_q_clamp=0.0000
2026-08-30 10:54:05 | Epoch 343/400 | Train Loss 2.3116 Acc 0.1288 | Val Loss 2.2814 Acc 0.1129 AUC 0.9910 Pre 0.0113 Rec 0.1000
2026-08-30 10:54:05 | Diag logvar_q_mean=-0.0002 logvar_q_clamp=0.0000
2026-08-30 10:54:09 | Epoch 344/400 | Train Loss 2.3101 Acc 0.1284 | Val Loss 2.2816 Acc 0.1129 AUC 0.9918 Pre 0.0113 Rec 0.1000
2026-08-30 10:54:10 | Diag logvar_q_mean=-0.0002 logvar_q_clamp=0.0000
2026-08-30 10:54:14 | Epoch 345/400 | Train Loss 2.3096 Acc 0.1309 | Val Loss 2.2816 Acc 0.1129 AUC 0.9900 Pre 0.0113 Rec 0.1000
2026-08-30 10:54:14 | Diag logvar_q_mean=-0.0002 logvar_q_clamp=0.0000
2026-08-30 10:54:18 | Epoch 346/400 | Train Loss 2.3084 Acc 0.1341 | Val Loss 2.2804 Acc 0.1129 AUC 0.9906 Pre 0.0113 Rec 0.1000
2026-08-30 10:54:19 | Diag logvar_q_mean=-0.0002 logvar_q_clamp=0.0000
2026-08-30 10:54:23 | Epoch 347/400 | Train Loss 2.3100 Acc 0.1309 | Val Loss 2.2811 Acc 0.1129 AUC 0.9893 Pre 0.0113 Rec 0.1000
2026-08-30 10:54:23 | Diag logvar_q_mean=-0.0003 logvar_q_clamp=0.0000
2026-08-30 10:54:27 | Epoch 348/400 | Train Loss 2.3095 Acc 0.1311 | Val Loss 2.2805 Acc 0.1129 AUC 0.9895 Pre 0.0113 Rec 0.1000
2026-08-30 10:54:28 | Diag logvar_q_mean=-0.0002 logvar_q_clamp=0.0000
2026-08-30 10:54:32 | Epoch 349/400 | Train Loss 2.3102 Acc 0.1312 | Val Loss 2.2813 Acc 0.1129 AUC 0.9893 Pre 0.0113 Rec 0.1000
2026-08-30 10:54:33 | Diag logvar_q_mean=-0.0002 logvar_q_clamp=0.0000
2026-08-30 10:54:37 | Epoch 350/400 | Train Loss 2.3095 Acc 0.1313 | Val Loss 2.2810 Acc 0.1131 AUC 0.9892 Pre 0.1113 Rec 0.1002
2026-08-30 10:54:37 | Diag logvar_q_mean=-0.0002 logvar_q_clamp=0.0000
2026-08-30 10:54:41 | Epoch 351/400 | Train Loss 2.3106 Acc 0.1316 | Val Loss 2.2815 Acc 0.1129 AUC 0.9907 Pre 0.0113 Rec 0.1000
2026-08-30 10:54:42 | Diag logvar_q_mean=-0.0002 logvar_q_clamp=0.0000
2026-08-30 10:54:46 | Epoch 352/400 | Train Loss 2.3100 Acc 0.1315 | Val Loss 2.2816 Acc 0.1129 AUC 0.9910 Pre 0.0113 Rec 0.1000
2026-08-30 10:54:46 | Diag logvar_q_mean=-0.0002 logvar_q_clamp=0.0000
2026-08-30 10:54:50 | Epoch 353/400 | Train Loss 2.3103 Acc 0.1293 | Val Loss 2.2819 Acc 0.1129 AUC 0.9917 Pre 0.0113 Rec 0.1000
2026-08-30 10:54:51 | Diag logvar_q_mean=-0.0002 logvar_q_clamp=0.0000
2026-08-30 10:54:55 | Epoch 354/400 | Train Loss 2.3106 Acc 0.1303 | Val Loss 2.2826 Acc 0.1129 AUC 0.9906 Pre 0.0113 Rec 0.1000
2026-08-30 10:54:55 | Diag logvar_q_mean=-0.0002 logvar_q_clamp=0.0000
2026-08-30 10:54:59 | Epoch 355/400 | Train Loss 2.3095 Acc 0.1315 | Val Loss 2.2822 Acc 0.1129 AUC 0.9920 Pre 0.0113 Rec 0.1000
2026-08-30 10:55:00 | Diag logvar_q_mean=-0.0002 logvar_q_clamp=0.0000
2026-08-30 10:55:04 | Epoch 356/400 | Train Loss 2.3105 Acc 0.1279 | Val Loss 2.2826 Acc 0.1129 AUC 0.9889 Pre 0.0113 Rec 0.1000
2026-08-30 10:55:05 | Diag logvar_q_mean=-0.0002 logvar_q_clamp=0.0000
2026-08-30 10:55:09 | Epoch 357/400 | Train Loss 2.3121 Acc 0.1275 | Val Loss 2.2835 Acc 0.1129 AUC 0.9917 Pre 0.0113 Rec 0.1000
2026-08-30 10:55:09 | Diag logvar_q_mean=-0.0001 logvar_q_clamp=0.0000
2026-08-30 10:55:13 | Epoch 358/400 | Train Loss 2.3096 Acc 0.1285 | Val Loss 2.2838 Acc 0.1129 AUC 0.9887 Pre 0.0113 Rec 0.1000
2026-08-30 10:55:14 | Diag logvar_q_mean=-0.0002 logvar_q_clamp=0.0000
2026-08-30 10:55:18 | Epoch 359/400 | Train Loss 2.3096 Acc 0.1298 | Val Loss 2.2832 Acc 0.1129 AUC 0.9910 Pre 0.0113 Rec 0.1000
2026-08-30 10:55:18 | Diag logvar_q_mean=-0.0002 logvar_q_clamp=0.0000
2026-08-30 10:55:22 | Epoch 360/400 | Train Loss 2.3083 Acc 0.1301 | Val Loss 2.2825 Acc 0.1129 AUC 0.9911 Pre 0.0113 Rec 0.1000
2026-08-30 10:55:23 | Diag logvar_q_mean=-0.0002 logvar_q_clamp=0.0000
2026-08-30 10:55:27 | Epoch 361/400 | Train Loss 2.3127 Acc 0.1273 | Val Loss 2.2840 Acc 0.1129 AUC 0.9905 Pre 0.0113 Rec 0.1000
2026-08-30 10:55:28 | Diag logvar_q_mean=-0.0002 logvar_q_clamp=0.0000
2026-08-30 10:55:32 | Epoch 362/400 | Train Loss 2.3081 Acc 0.1292 | Val Loss 2.2830 Acc 0.1129 AUC 0.9919 Pre 0.0113 Rec 0.1000
2026-08-30 10:55:32 | Diag logvar_q_mean=-0.0002 logvar_q_clamp=0.0000
2026-08-30 10:55:36 | Epoch 363/400 | Train Loss 2.3098 Acc 0.1300 | Val Loss 2.2828 Acc 0.1129 AUC 0.9923 Pre 0.0113 Rec 0.1000
2026-08-30 10:55:37 | Diag logvar_q_mean=-0.0002 logvar_q_clamp=0.0000
2026-08-30 10:55:41 | Epoch 364/400 | Train Loss 2.3098 Acc 0.1303 | Val Loss 2.2829 Acc 0.1129 AUC 0.9904 Pre 0.0113 Rec 0.1000
2026-08-30 10:55:42 | Diag logvar_q_mean=-0.0002 logvar_q_clamp=0.0000
2026-08-30 10:55:46 | Epoch 365/400 | Train Loss 2.3090 Acc 0.1305 | Val Loss 2.2821 Acc 0.1129 AUC 0.9917 Pre 0.0113 Rec 0.1000
2026-08-30 10:55:46 | Diag logvar_q_mean=-0.0002 logvar_q_clamp=0.0000
2026-08-30 10:55:50 | Epoch 366/400 | Train Loss 2.3105 Acc 0.1285 | Val Loss 2.2827 Acc 0.1129 AUC 0.9910 Pre 0.0113 Rec 0.1000
2026-08-30 10:55:51 | Diag logvar_q_mean=-0.0002 logvar_q_clamp=0.0000
2026-08-30 10:55:55 | Epoch 367/400 | Train Loss 2.3104 Acc 0.1296 | Val Loss 2.2828 Acc 0.1129 AUC 0.9908 Pre 0.0113 Rec 0.1000
2026-08-30 10:55:56 | Diag logvar_q_mean=-0.0002 logvar_q_clamp=0.0000
2026-08-30 10:56:00 | Epoch 368/400 | Train Loss 2.3091 Acc 0.1301 | Val Loss 2.2824 Acc 0.1129 AUC 0.9907 Pre 0.0113 Rec 0.1000
2026-08-30 10:56:00 | Diag logvar_q_mean=-0.0002 logvar_q_clamp=0.0000
2026-08-30 10:56:04 | Epoch 369/400 | Train Loss 2.3095 Acc 0.1294 | Val Loss 2.2819 Acc 0.1129 AUC 0.9907 Pre 0.0113 Rec 0.1000
2026-08-30 10:56:05 | Diag logvar_q_mean=-0.0002 logvar_q_clamp=0.0000
2026-08-30 10:56:09 | Epoch 370/400 | Train Loss 2.3095 Acc 0.1307 | Val Loss 2.2822 Acc 0.1129 AUC 0.9889 Pre 0.0113 Rec 0.1000
2026-08-30 10:56:09 | Diag logvar_q_mean=-0.0002 logvar_q_clamp=0.0000
2026-08-30 10:56:13 | Epoch 371/400 | Train Loss 2.3088 Acc 0.1302 | Val Loss 2.2813 Acc 0.1129 AUC 0.9899 Pre 0.0113 Rec 0.1000
2026-08-30 10:56:14 | Diag logvar_q_mean=-0.0002 logvar_q_clamp=0.0000
2026-08-30 10:56:18 | Epoch 372/400 | Train Loss 2.3104 Acc 0.1302 | Val Loss 2.2816 Acc 0.1129 AUC 0.9893 Pre 0.0113 Rec 0.1000
2026-08-30 10:56:19 | Diag logvar_q_mean=-0.0002 logvar_q_clamp=0.0000
2026-08-30 10:56:23 | Epoch 373/400 | Train Loss 2.3097 Acc 0.1317 | Val Loss 2.2819 Acc 0.1129 AUC 0.9900 Pre 0.0113 Rec 0.1000
2026-08-30 10:56:23 | Diag logvar_q_mean=-0.0002 logvar_q_clamp=0.0000
2026-08-30 10:56:27 | Epoch 374/400 | Train Loss 2.3087 Acc 0.1306 | Val Loss 2.2817 Acc 0.1129 AUC 0.9877 Pre 0.0113 Rec 0.1000
2026-08-30 10:56:28 | Diag logvar_q_mean=-0.0002 logvar_q_clamp=0.0000
2026-08-30 10:56:32 | Epoch 375/400 | Train Loss 2.3098 Acc 0.1318 | Val Loss 2.2815 Acc 0.1129 AUC 0.9883 Pre 0.0113 Rec 0.1000
2026-08-30 10:56:32 | Diag logvar_q_mean=-0.0002 logvar_q_clamp=0.0000
2026-08-30 10:56:36 | Epoch 376/400 | Train Loss 2.3100 Acc 0.1300 | Val Loss 2.2814 Acc 0.1129 AUC 0.9905 Pre 0.0113 Rec 0.1000
2026-08-30 10:56:37 | Diag logvar_q_mean=-0.0002 logvar_q_clamp=0.0000
2026-08-30 10:56:41 | Epoch 377/400 | Train Loss 2.3090 Acc 0.1313 | Val Loss 2.2808 Acc 0.1130 AUC 0.9896 Pre 0.1113 Rec 0.1001
2026-08-30 10:56:42 | Diag logvar_q_mean=-0.0002 logvar_q_clamp=0.0000
2026-08-30 10:56:45 | Epoch 378/400 | Train Loss 2.3084 Acc 0.1339 | Val Loss 2.2802 Acc 0.1129 AUC 0.9913 Pre 0.0113 Rec 0.1000
2026-08-30 10:56:46 | Diag logvar_q_mean=-0.0002 logvar_q_clamp=0.0000
2026-08-30 10:56:50 | Epoch 379/400 | Train Loss 2.3096 Acc 0.1321 | Val Loss 2.2801 Acc 0.1130 AUC 0.9920 Pre 0.0613 Rec 0.1001
2026-08-30 10:56:51 | Diag logvar_q_mean=-0.0002 logvar_q_clamp=0.0000
2026-08-30 10:56:54 | Epoch 380/400 | Train Loss 2.3092 Acc 0.1328 | Val Loss 2.2804 Acc 0.1130 AUC 0.9901 Pre 0.1113 Rec 0.1001
2026-08-30 10:56:55 | Diag logvar_q_mean=-0.0003 logvar_q_clamp=0.0000
2026-08-30 10:56:59 | Epoch 381/400 | Train Loss 2.3100 Acc 0.1326 | Val Loss 2.2805 Acc 0.1129 AUC 0.9912 Pre 0.0113 Rec 0.1000
2026-08-30 10:57:00 | Diag logvar_q_mean=-0.0002 logvar_q_clamp=0.0000
2026-08-30 10:57:05 | Epoch 382/400 | Train Loss 2.3092 Acc 0.1328 | Val Loss 2.2804 Acc 0.1130 AUC 0.9907 Pre 0.1113 Rec 0.1001
2026-08-30 10:57:05 | Diag logvar_q_mean=-0.0002 logvar_q_clamp=0.0000
2026-08-30 10:57:09 | Epoch 383/400 | Train Loss 2.3107 Acc 0.1308 | Val Loss 2.2806 Acc 0.1129 AUC 0.9912 Pre 0.0113 Rec 0.1000
2026-08-30 10:57:10 | Diag logvar_q_mean=-0.0002 logvar_q_clamp=0.0000
2026-08-30 10:57:14 | Epoch 384/400 | Train Loss 2.3100 Acc 0.1328 | Val Loss 2.2808 Acc 0.1130 AUC 0.9917 Pre 0.1113 Rec 0.1001
2026-08-30 10:57:15 | Diag logvar_q_mean=-0.0002 logvar_q_clamp=0.0000
2026-08-30 10:57:18 | Epoch 385/400 | Train Loss 2.3087 Acc 0.1338 | Val Loss 2.2808 Acc 0.1134 AUC 0.9921 Pre 0.1113 Rec 0.1005
2026-08-30 10:57:19 | Diag logvar_q_mean=-0.0002 logvar_q_clamp=0.0000
2026-08-30 10:57:23 | Epoch 386/400 | Train Loss 2.3104 Acc 0.1319 | Val Loss 2.2806 Acc 0.1129 AUC 0.9916 Pre 0.0113 Rec 0.1000
2026-08-30 10:57:24 | Diag logvar_q_mean=-0.0001 logvar_q_clamp=0.0000
2026-08-30 10:57:28 | Epoch 387/400 | Train Loss 2.3097 Acc 0.1311 | Val Loss 2.2809 Acc 0.1129 AUC 0.9907 Pre 0.0113 Rec 0.1000
2026-08-30 10:57:28 | Diag logvar_q_mean=-0.0002 logvar_q_clamp=0.0000
2026-08-30 10:57:32 | Epoch 388/400 | Train Loss 2.3078 Acc 0.1340 | Val Loss 2.2797 Acc 0.1129 AUC 0.9874 Pre 0.0113 Rec 0.1000
2026-08-30 10:57:33 | Diag logvar_q_mean=-0.0002 logvar_q_clamp=0.0000
2026-08-30 10:57:37 | Epoch 389/400 | Train Loss 2.3093 Acc 0.1329 | Val Loss 2.2800 Acc 0.1129 AUC 0.9897 Pre 0.0113 Rec 0.1000
2026-08-30 10:57:38 | Diag logvar_q_mean=-0.0002 logvar_q_clamp=0.0000
2026-08-30 10:57:42 | Epoch 390/400 | Train Loss 2.3107 Acc 0.1331 | Val Loss 2.2805 Acc 0.1129 AUC 0.9887 Pre 0.0113 Rec 0.1000
2026-08-30 10:57:42 | Diag logvar_q_mean=-0.0002 logvar_q_clamp=0.0000
2026-08-30 10:57:46 | Epoch 391/400 | Train Loss 2.3130 Acc 0.1292 | Val Loss 2.2821 Acc 0.1129 AUC 0.9884 Pre 0.0113 Rec 0.1000
2026-08-30 10:57:47 | Diag logvar_q_mean=-0.0003 logvar_q_clamp=0.0000
2026-08-30 10:57:51 | Epoch 392/400 | Train Loss 2.3093 Acc 0.1303 | Val Loss 2.2820 Acc 0.1129 AUC 0.9893 Pre 0.0113 Rec 0.1000
2026-08-30 10:57:51 | Diag logvar_q_mean=-0.0001 logvar_q_clamp=0.0000
2026-08-30 10:57:55 | Epoch 393/400 | Train Loss 2.3080 Acc 0.1318 | Val Loss 2.2812 Acc 0.1134 AUC 0.9910 Pre 0.1113 Rec 0.1005
2026-08-30 10:57:56 | Diag logvar_q_mean=-0.0002 logvar_q_clamp=0.0000
2026-08-30 10:58:00 | Epoch 394/400 | Train Loss 2.3099 Acc 0.1300 | Val Loss 2.2807 Acc 0.1130 AUC 0.9875 Pre 0.1113 Rec 0.1001
2026-08-30 10:58:00 | Diag logvar_q_mean=-0.0002 logvar_q_clamp=0.0000
2026-08-30 10:58:04 | Epoch 395/400 | Train Loss 2.3113 Acc 0.1301 | Val Loss 2.2818 Acc 0.1131 AUC 0.9886 Pre 0.1113 Rec 0.1002
2026-08-30 10:58:05 | Diag logvar_q_mean=-0.0002 logvar_q_clamp=0.0000
2026-08-30 10:58:09 | Epoch 396/400 | Train Loss 2.3105 Acc 0.1296 | Val Loss 2.2823 Acc 0.1129 AUC 0.9858 Pre 0.0113 Rec 0.1000
2026-08-30 10:58:10 | Diag logvar_q_mean=-0.0002 logvar_q_clamp=0.0000
2026-08-30 10:58:14 | Epoch 397/400 | Train Loss 2.3095 Acc 0.1314 | Val Loss 2.2817 Acc 0.1133 AUC 0.9888 Pre 0.1113 Rec 0.1004
2026-08-30 10:58:14 | Diag logvar_q_mean=-0.0002 logvar_q_clamp=0.0000
2026-08-30 10:58:18 | Epoch 398/400 | Train Loss 2.3098 Acc 0.1307 | Val Loss 2.2818 Acc 0.1129 AUC 0.9902 Pre 0.0113 Rec 0.1000
2026-08-30 10:58:19 | Diag logvar_q_mean=-0.0002 logvar_q_clamp=0.0000
2026-08-30 10:58:23 | Epoch 399/400 | Train Loss 2.3094 Acc 0.1317 | Val Loss 2.2819 Acc 0.1130 AUC 0.9889 Pre 0.1113 Rec 0.1001
2026-08-30 10:58:23 | Diag logvar_q_mean=-0.0002 logvar_q_clamp=0.0000
2026-08-30 10:58:27 | Epoch 400/400 | Train Loss 2.3116 Acc 0.1306 | Val Loss 2.2826 Acc 0.1129 AUC 0.9896 Pre 0.0113 Rec 0.1000
2026-08-30 10:58:28 | Diag logvar_q_mean=-0.0002 logvar_q_clamp=0.0000
2026-08-30 10:58:28 | Run 3/5 | Test (best model @ Epoch 17) | Loss 2.2811 Acc 0.1135 AUC 0.9960 Pre 0.0114 Rec 0.1000
2026-08-30 10:58:28 | ===== Run 4/5 (seed 3) =====
2026-08-30 10:58:32 | Epoch   1/400 | Train Loss 2.4294 Acc 0.1104 | Val Loss 2.2753 Acc 0.2747 AUC 0.9661 Pre 0.5036 Rec 0.2596
2026-08-30 10:58:33 | Diag logvar_q_mean=-0.0004 logvar_q_clamp=0.0000
2026-08-30 10:58:33 |   Val AUC improved to 0.9661, model saved
2026-08-30 10:58:37 | Epoch   2/400 | Train Loss 2.3220 Acc 0.1303 | Val Loss 2.2750 Acc 0.1964 AUC 0.9834 Pre 0.2116 Rec 0.1789
2026-08-30 10:58:38 | Diag logvar_q_mean=-0.0002 logvar_q_clamp=0.0000
2026-08-30 10:58:38 |   Val AUC improved to 0.9834, model saved
2026-08-30 10:58:41 | Epoch   3/400 | Train Loss 2.3151 Acc 0.1312 | Val Loss 2.2784 Acc 0.1656 AUC 0.9877 Pre 0.1117 Rec 0.1497
2026-08-30 10:58:42 | Diag logvar_q_mean=-0.0002 logvar_q_clamp=0.0000
2026-08-30 10:58:42 |   Val AUC improved to 0.9877, model saved
2026-08-30 10:58:46 | Epoch   4/400 | Train Loss 2.3101 Acc 0.1343 | Val Loss 2.2787 Acc 0.1460 AUC 0.9902 Pre 0.1117 Rec 0.1312
2026-08-30 10:58:47 | Diag logvar_q_mean=-0.0002 logvar_q_clamp=0.0000
2026-08-30 10:58:47 |   Val AUC improved to 0.9902, model saved
2026-08-30 10:58:51 | Epoch   5/400 | Train Loss 2.3083 Acc 0.1335 | Val Loss 2.2776 Acc 0.1619 AUC 0.9922 Pre 0.1119 Rec 0.1462
2026-08-30 10:58:51 | Diag logvar_q_mean=-0.0002 logvar_q_clamp=0.0000
2026-08-30 10:58:51 |   Val AUC improved to 0.9922, model saved
2026-08-30 10:58:55 | Epoch   6/400 | Train Loss 2.3095 Acc 0.1342 | Val Loss 2.2774 Acc 0.1633 AUC 0.9930 Pre 0.1119 Rec 0.1475
2026-08-30 10:58:56 | Diag logvar_q_mean=-0.0002 logvar_q_clamp=0.0000
2026-08-30 10:58:56 |   Val AUC improved to 0.9930, model saved
2026-08-30 10:59:00 | Epoch   7/400 | Train Loss 2.3096 Acc 0.1334 | Val Loss 2.2771 Acc 0.1248 AUC 0.9935 Pre 0.1114 Rec 0.1112
2026-08-30 10:59:00 | Diag logvar_q_mean=-0.0002 logvar_q_clamp=0.0000
2026-08-30 10:59:00 |   Val AUC improved to 0.9935, model saved
2026-08-30 10:59:04 | Epoch   8/400 | Train Loss 2.3064 Acc 0.1395 | Val Loss 2.2744 Acc 0.2003 AUC 0.9940 Pre 0.1117 Rec 0.1824
2026-08-30 10:59:05 | Diag logvar_q_mean=-0.0003 logvar_q_clamp=0.0000
2026-08-30 10:59:05 |   Val AUC improved to 0.9940, model saved
2026-08-30 10:59:09 | Epoch   9/400 | Train Loss 2.3082 Acc 0.1380 | Val Loss 2.2742 Acc 0.2006 AUC 0.9944 Pre 0.1119 Rec 0.1827
2026-08-30 10:59:10 | Diag logvar_q_mean=-0.0002 logvar_q_clamp=0.0000
2026-08-30 10:59:10 |   Val AUC improved to 0.9944, model saved
2026-08-30 10:59:13 | Epoch  10/400 | Train Loss 2.3100 Acc 0.1410 | Val Loss 2.2737 Acc 0.2092 AUC 0.9948 Pre 0.1112 Rec 0.1908
2026-08-30 10:59:14 | Diag logvar_q_mean=-0.0003 logvar_q_clamp=0.0000
2026-08-30 10:59:14 |   Val AUC improved to 0.9948, model saved
2026-08-30 10:59:18 | Epoch  11/400 | Train Loss 2.3092 Acc 0.1383 | Val Loss 2.2734 Acc 0.2037 AUC 0.9948 Pre 0.1121 Rec 0.1856
2026-08-30 10:59:19 | Diag logvar_q_mean=-0.0002 logvar_q_clamp=0.0000
2026-08-30 10:59:23 | Epoch  12/400 | Train Loss 2.3087 Acc 0.1384 | Val Loss 2.2725 Acc 0.2109 AUC 0.9949 Pre 0.2115 Rec 0.1924
2026-08-30 10:59:23 | Diag logvar_q_mean=-0.0002 logvar_q_clamp=0.0000
2026-08-30 10:59:23 |   Val AUC improved to 0.9949, model saved
2026-08-30 10:59:28 | Epoch  13/400 | Train Loss 2.3083 Acc 0.1425 | Val Loss 2.2715 Acc 0.2093 AUC 0.9952 Pre 0.1116 Rec 0.1909
2026-08-30 10:59:28 | Diag logvar_q_mean=-0.0002 logvar_q_clamp=0.0000
2026-08-30 10:59:28 |   Val AUC improved to 0.9952, model saved
2026-08-30 10:59:32 | Epoch  14/400 | Train Loss 2.3096 Acc 0.1418 | Val Loss 2.2706 Acc 0.2127 AUC 0.9947 Pre 0.2105 Rec 0.1941
2026-08-30 10:59:33 | Diag logvar_q_mean=-0.0003 logvar_q_clamp=0.0000
2026-08-30 10:59:37 | Epoch  15/400 | Train Loss 2.3085 Acc 0.1419 | Val Loss 2.2705 Acc 0.2165 AUC 0.9949 Pre 0.3103 Rec 0.1979
2026-08-30 10:59:37 | Diag logvar_q_mean=-0.0003 logvar_q_clamp=0.0000
2026-08-30 10:59:41 | Epoch  16/400 | Train Loss 2.3105 Acc 0.1402 | Val Loss 2.2708 Acc 0.2097 AUC 0.9946 Pre 0.2110 Rec 0.1913
2026-08-30 10:59:42 | Diag logvar_q_mean=-0.0003 logvar_q_clamp=0.0000
2026-08-30 10:59:46 | Epoch  17/400 | Train Loss 2.3102 Acc 0.1404 | Val Loss 2.2707 Acc 0.2610 AUC 0.9954 Pre 0.3104 Rec 0.2441
2026-08-30 10:59:46 | Diag logvar_q_mean=-0.0003 logvar_q_clamp=0.0000
2026-08-30 10:59:46 |   Val AUC improved to 0.9954, model saved
2026-08-30 10:59:50 | Epoch  18/400 | Train Loss 2.3083 Acc 0.1409 | Val Loss 2.2695 Acc 0.2130 AUC 0.9957 Pre 0.2105 Rec 0.1944
2026-08-30 10:59:51 | Diag logvar_q_mean=-0.0003 logvar_q_clamp=0.0000
2026-08-30 10:59:51 |   Val AUC improved to 0.9957, model saved
2026-08-30 10:59:55 | Epoch  19/400 | Train Loss 2.3082 Acc 0.1440 | Val Loss 2.2689 Acc 0.2500 AUC 0.9951 Pre 0.3110 Rec 0.2322
2026-08-30 10:59:56 | Diag logvar_q_mean=-0.0002 logvar_q_clamp=0.0000
2026-08-30 10:59:59 | Epoch  20/400 | Train Loss 2.3119 Acc 0.1429 | Val Loss 2.2696 Acc 0.2212 AUC 0.9947 Pre 0.3114 Rec 0.2030
2026-08-30 11:00:00 | Diag logvar_q_mean=-0.0003 logvar_q_clamp=0.0000
2026-08-30 11:00:04 | Epoch  21/400 | Train Loss 2.3099 Acc 0.1410 | Val Loss 2.2700 Acc 0.2109 AUC 0.9950 Pre 0.4110 Rec 0.1924
2026-08-30 11:00:05 | Diag logvar_q_mean=-0.0002 logvar_q_clamp=0.0000
2026-08-30 11:00:09 | Epoch  22/400 | Train Loss 2.3098 Acc 0.1417 | Val Loss 2.2697 Acc 0.2136 AUC 0.9949 Pre 0.3107 Rec 0.1950
2026-08-30 11:00:09 | Diag logvar_q_mean=-0.0002 logvar_q_clamp=0.0000
2026-08-30 11:00:13 | Epoch  23/400 | Train Loss 2.3090 Acc 0.1417 | Val Loss 2.2690 Acc 0.2376 AUC 0.9955 Pre 0.3123 Rec 0.2205
2026-08-30 11:00:14 | Diag logvar_q_mean=-0.0003 logvar_q_clamp=0.0000
2026-08-30 11:00:18 | Epoch  24/400 | Train Loss 2.3072 Acc 0.1450 | Val Loss 2.2671 Acc 0.2204 AUC 0.9942 Pre 0.4894 Rec 0.2021
2026-08-30 11:00:18 | Diag logvar_q_mean=-0.0003 logvar_q_clamp=0.0000
2026-08-30 11:00:22 | Epoch  25/400 | Train Loss 2.3102 Acc 0.1431 | Val Loss 2.2668 Acc 0.2070 AUC 0.9949 Pre 0.2116 Rec 0.1887
2026-08-30 11:00:23 | Diag logvar_q_mean=-0.0003 logvar_q_clamp=0.0000
2026-08-30 11:00:27 | Epoch  26/400 | Train Loss 2.3107 Acc 0.1426 | Val Loss 2.2673 Acc 0.2101 AUC 0.9951 Pre 0.2117 Rec 0.1916
2026-08-30 11:00:27 | Diag logvar_q_mean=-0.0003 logvar_q_clamp=0.0000
2026-08-30 11:00:31 | Epoch  27/400 | Train Loss 2.3107 Acc 0.1429 | Val Loss 2.2677 Acc 0.2108 AUC 0.9944 Pre 0.3117 Rec 0.1923
2026-08-30 11:00:32 | Diag logvar_q_mean=-0.0003 logvar_q_clamp=0.0000
2026-08-30 11:00:36 | Epoch  28/400 | Train Loss 2.3085 Acc 0.1444 | Val Loss 2.2669 Acc 0.2128 AUC 0.9941 Pre 0.2111 Rec 0.1942
2026-08-30 11:00:37 | Diag logvar_q_mean=-0.0003 logvar_q_clamp=0.0000
2026-08-30 11:00:40 | Epoch  29/400 | Train Loss 2.3093 Acc 0.1432 | Val Loss 2.2665 Acc 0.2125 AUC 0.9943 Pre 0.3063 Rec 0.1941
2026-08-30 11:00:41 | Diag logvar_q_mean=-0.0003 logvar_q_clamp=0.0000
2026-08-30 11:00:45 | Epoch  30/400 | Train Loss 2.3081 Acc 0.1458 | Val Loss 2.2657 Acc 0.2749 AUC 0.9945 Pre 0.3111 Rec 0.2585
2026-08-30 11:00:46 | Diag logvar_q_mean=-0.0003 logvar_q_clamp=0.0000
2026-08-30 11:00:50 | Epoch  31/400 | Train Loss 2.3095 Acc 0.1447 | Val Loss 2.2650 Acc 0.2141 AUC 0.9945 Pre 0.4034 Rec 0.1956
2026-08-30 11:00:50 | Diag logvar_q_mean=-0.0003 logvar_q_clamp=0.0000
2026-08-30 11:00:54 | Epoch  32/400 | Train Loss 2.3100 Acc 0.1442 | Val Loss 2.2655 Acc 0.2163 AUC 0.9951 Pre 0.3107 Rec 0.1978
2026-08-30 11:00:55 | Diag logvar_q_mean=-0.0003 logvar_q_clamp=0.0000
2026-08-30 11:00:59 | Epoch  33/400 | Train Loss 2.3103 Acc 0.1455 | Val Loss 2.2661 Acc 0.2165 AUC 0.9954 Pre 0.5101 Rec 0.1980
2026-08-30 11:00:59 | Diag logvar_q_mean=-0.0003 logvar_q_clamp=0.0000
2026-08-30 11:01:03 | Epoch  34/400 | Train Loss 2.3091 Acc 0.1451 | Val Loss 2.2657 Acc 0.2150 AUC 0.9956 Pre 0.4111 Rec 0.1964
2026-08-30 11:01:04 | Diag logvar_q_mean=-0.0003 logvar_q_clamp=0.0000
2026-08-30 11:01:08 | Epoch  35/400 | Train Loss 2.3098 Acc 0.1453 | Val Loss 2.2656 Acc 0.2403 AUC 0.9951 Pre 0.4115 Rec 0.2213
2026-08-30 11:01:08 | Diag logvar_q_mean=-0.0003 logvar_q_clamp=0.0000
2026-08-30 11:01:13 | Epoch  36/400 | Train Loss 2.3101 Acc 0.1460 | Val Loss 2.2657 Acc 0.2113 AUC 0.9956 Pre 0.4111 Rec 0.1929
2026-08-30 11:01:13 | Diag logvar_q_mean=-0.0002 logvar_q_clamp=0.0000
2026-08-30 11:01:17 | Epoch  37/400 | Train Loss 2.3098 Acc 0.1458 | Val Loss 2.2655 Acc 0.2081 AUC 0.9961 Pre 0.2110 Rec 0.1897
2026-08-30 11:01:18 | Diag logvar_q_mean=-0.0004 logvar_q_clamp=0.0000
2026-08-30 11:01:18 |   Val AUC improved to 0.9961, model saved
2026-08-30 11:01:22 | Epoch  38/400 | Train Loss 2.3105 Acc 0.1454 | Val Loss 2.2661 Acc 0.2118 AUC 0.9956 Pre 0.3109 Rec 0.1933
2026-08-30 11:01:22 | Diag logvar_q_mean=-0.0003 logvar_q_clamp=0.0000
2026-08-30 11:01:26 | Epoch  39/400 | Train Loss 2.3104 Acc 0.1435 | Val Loss 2.2660 Acc 0.2197 AUC 0.9966 Pre 0.4107 Rec 0.2013
2026-08-30 11:01:27 | Diag logvar_q_mean=-0.0003 logvar_q_clamp=0.0000
2026-08-30 11:01:27 |   Val AUC improved to 0.9966, model saved
2026-08-30 11:01:31 | Epoch  40/400 | Train Loss 2.3098 Acc 0.1428 | Val Loss 2.2658 Acc 0.2130 AUC 0.9960 Pre 0.1101 Rec 0.1944
2026-08-30 11:01:31 | Diag logvar_q_mean=-0.0003 logvar_q_clamp=0.0000
2026-08-30 11:01:35 | Epoch  41/400 | Train Loss 2.3077 Acc 0.1448 | Val Loss 2.2643 Acc 0.2312 AUC 0.9961 Pre 0.3108 Rec 0.2134
2026-08-30 11:01:36 | Diag logvar_q_mean=-0.0003 logvar_q_clamp=0.0000
2026-08-30 11:01:40 | Epoch  42/400 | Train Loss 2.3102 Acc 0.1458 | Val Loss 2.2642 Acc 0.2727 AUC 0.9959 Pre 0.3102 Rec 0.2563
2026-08-30 11:01:40 | Diag logvar_q_mean=-0.0003 logvar_q_clamp=0.0000
2026-08-30 11:01:44 | Epoch  43/400 | Train Loss 2.3107 Acc 0.1463 | Val Loss 2.2647 Acc 0.2800 AUC 0.9951 Pre 0.4108 Rec 0.2645
2026-08-30 11:01:45 | Diag logvar_q_mean=-0.0004 logvar_q_clamp=0.0000
2026-08-30 11:01:49 | Epoch  44/400 | Train Loss 2.3107 Acc 0.1435 | Val Loss 2.2653 Acc 0.2628 AUC 0.9952 Pre 0.3114 Rec 0.2465
2026-08-30 11:01:50 | Diag logvar_q_mean=-0.0003 logvar_q_clamp=0.0000
2026-08-30 11:01:54 | Epoch  45/400 | Train Loss 2.3067 Acc 0.1474 | Val Loss 2.2634 Acc 0.2903 AUC 0.9956 Pre 0.4105 Rec 0.2749
2026-08-30 11:01:54 | Diag logvar_q_mean=-0.0003 logvar_q_clamp=0.0000
2026-08-30 11:01:58 | Epoch  46/400 | Train Loss 2.3091 Acc 0.1470 | Val Loss 2.2629 Acc 0.2861 AUC 0.9961 Pre 0.6096 Rec 0.2702
2026-08-30 11:01:59 | Diag logvar_q_mean=-0.0003 logvar_q_clamp=0.0000
2026-08-30 11:02:03 | Epoch  47/400 | Train Loss 2.3111 Acc 0.1482 | Val Loss 2.2639 Acc 0.2709 AUC 0.9962 Pre 0.6106 Rec 0.2544
2026-08-30 11:02:03 | Diag logvar_q_mean=-0.0002 logvar_q_clamp=0.0000
2026-08-30 11:02:07 | Epoch  48/400 | Train Loss 2.3087 Acc 0.1466 | Val Loss 2.2631 Acc 0.2621 AUC 0.9952 Pre 0.4110 Rec 0.2454
2026-08-30 11:02:08 | Diag logvar_q_mean=-0.0003 logvar_q_clamp=0.0000
2026-08-30 11:02:12 | Epoch  49/400 | Train Loss 2.3130 Acc 0.1473 | Val Loss 2.2648 Acc 0.2177 AUC 0.9953 Pre 0.4086 Rec 0.1997
2026-08-30 11:02:12 | Diag logvar_q_mean=-0.0004 logvar_q_clamp=0.0000
2026-08-30 11:02:16 | Epoch  50/400 | Train Loss 2.3087 Acc 0.1475 | Val Loss 2.2648 Acc 0.2068 AUC 0.9949 Pre 0.3113 Rec 0.1886
2026-08-30 11:02:17 | Diag logvar_q_mean=-0.0003 logvar_q_clamp=0.0000
2026-08-30 11:02:21 | Epoch  51/400 | Train Loss 2.3101 Acc 0.1469 | Val Loss 2.2643 Acc 0.2154 AUC 0.9957 Pre 0.4114 Rec 0.1971
2026-08-30 11:02:21 | Diag logvar_q_mean=-0.0003 logvar_q_clamp=0.0000
2026-08-30 11:02:25 | Epoch  52/400 | Train Loss 2.3104 Acc 0.1462 | Val Loss 2.2644 Acc 0.2650 AUC 0.9954 Pre 0.5109 Rec 0.2474
2026-08-30 11:02:26 | Diag logvar_q_mean=-0.0003 logvar_q_clamp=0.0000
2026-08-30 11:02:30 | Epoch  53/400 | Train Loss 2.3108 Acc 0.1469 | Val Loss 2.2649 Acc 0.2109 AUC 0.9943 Pre 0.3113 Rec 0.1925
2026-08-30 11:02:31 | Diag logvar_q_mean=-0.0003 logvar_q_clamp=0.0000
2026-08-30 11:02:35 | Epoch  54/400 | Train Loss 2.3091 Acc 0.1468 | Val Loss 2.2646 Acc 0.2124 AUC 0.9943 Pre 0.3023 Rec 0.1940
2026-08-30 11:02:35 | Diag logvar_q_mean=-0.0003 logvar_q_clamp=0.0000
2026-08-30 11:02:39 | Epoch  55/400 | Train Loss 2.3088 Acc 0.1469 | Val Loss 2.2629 Acc 0.2251 AUC 0.9958 Pre 0.3964 Rec 0.2068
2026-08-30 11:02:40 | Diag logvar_q_mean=-0.0003 logvar_q_clamp=0.0000
2026-08-30 11:02:44 | Epoch  56/400 | Train Loss 2.3113 Acc 0.1468 | Val Loss 2.2639 Acc 0.2905 AUC 0.9943 Pre 0.4108 Rec 0.2747
2026-08-30 11:02:45 | Diag logvar_q_mean=-0.0004 logvar_q_clamp=0.0000
2026-08-30 11:02:49 | Epoch  57/400 | Train Loss 2.3078 Acc 0.1494 | Val Loss 2.2627 Acc 0.2493 AUC 0.9942 Pre 0.4104 Rec 0.2322
2026-08-30 11:02:49 | Diag logvar_q_mean=-0.0003 logvar_q_clamp=0.0000
2026-08-30 11:02:53 | Epoch  58/400 | Train Loss 2.3092 Acc 0.1486 | Val Loss 2.2620 Acc 0.2159 AUC 0.9936 Pre 0.4106 Rec 0.1975
2026-08-30 11:02:54 | Diag logvar_q_mean=-0.0003 logvar_q_clamp=0.0000
2026-08-30 11:02:58 | Epoch  59/400 | Train Loss 2.3104 Acc 0.1489 | Val Loss 2.2626 Acc 0.2228 AUC 0.9946 Pre 0.3040 Rec 0.2046
2026-08-30 11:02:59 | Diag logvar_q_mean=-0.0004 logvar_q_clamp=0.0000
2026-08-30 11:03:03 | Epoch  60/400 | Train Loss 2.3071 Acc 0.1500 | Val Loss 2.2614 Acc 0.2456 AUC 0.9956 Pre 0.4102 Rec 0.2282
2026-08-30 11:03:03 | Diag logvar_q_mean=-0.0003 logvar_q_clamp=0.0000
2026-08-30 11:03:07 | Epoch  61/400 | Train Loss 2.3093 Acc 0.1501 | Val Loss 2.2613 Acc 0.3396 AUC 0.9953 Pre 0.6127 Rec 0.3248
2026-08-30 11:03:08 | Diag logvar_q_mean=-0.0003 logvar_q_clamp=0.0000
2026-08-30 11:03:12 | Epoch  62/400 | Train Loss 2.3111 Acc 0.1462 | Val Loss 2.2620 Acc 0.2444 AUC 0.9953 Pre 0.5106 Rec 0.2260
2026-08-30 11:03:13 | Diag logvar_q_mean=-0.0003 logvar_q_clamp=0.0000
2026-08-30 11:03:17 | Epoch  63/400 | Train Loss 2.3099 Acc 0.1492 | Val Loss 2.2626 Acc 0.2180 AUC 0.9951 Pre 0.3101 Rec 0.1994
2026-08-30 11:03:17 | Diag logvar_q_mean=-0.0003 logvar_q_clamp=0.0000
2026-08-30 11:03:21 | Epoch  64/400 | Train Loss 2.3106 Acc 0.1495 | Val Loss 2.2631 Acc 0.2616 AUC 0.9936 Pre 0.6104 Rec 0.2445
2026-08-30 11:03:22 | Diag logvar_q_mean=-0.0003 logvar_q_clamp=0.0000
2026-08-30 11:03:26 | Epoch  65/400 | Train Loss 2.3093 Acc 0.1493 | Val Loss 2.2624 Acc 0.2288 AUC 0.9946 Pre 0.4110 Rec 0.2100
2026-08-30 11:03:26 | Diag logvar_q_mean=-0.0003 logvar_q_clamp=0.0000
2026-08-30 11:03:30 | Epoch  66/400 | Train Loss 2.3096 Acc 0.1475 | Val Loss 2.2619 Acc 0.3181 AUC 0.9955 Pre 0.5108 Rec 0.2996
2026-08-30 11:03:31 | Diag logvar_q_mean=-0.0003 logvar_q_clamp=0.0000
2026-08-30 11:03:35 | Epoch  67/400 | Train Loss 2.3082 Acc 0.1506 | Val Loss 2.2611 Acc 0.3499 AUC 0.9935 Pre 0.7116 Rec 0.3305
2026-08-30 11:03:36 | Diag logvar_q_mean=-0.0004 logvar_q_clamp=0.0000
2026-08-30 11:03:40 | Epoch  68/400 | Train Loss 2.3108 Acc 0.1489 | Val Loss 2.2614 Acc 0.3512 AUC 0.9946 Pre 0.6123 Rec 0.3323
2026-08-30 11:03:40 | Diag logvar_q_mean=-0.0004 logvar_q_clamp=0.0000
2026-08-30 11:03:44 | Epoch  69/400 | Train Loss 2.3079 Acc 0.1502 | Val Loss 2.2604 Acc 0.3398 AUC 0.9943 Pre 0.7104 Rec 0.3198
2026-08-30 11:03:45 | Diag logvar_q_mean=-0.0004 logvar_q_clamp=0.0000
2026-08-30 11:03:49 | Epoch  70/400 | Train Loss 2.3108 Acc 0.1496 | Val Loss 2.2610 Acc 0.3102 AUC 0.9952 Pre 0.7120 Rec 0.2921
2026-08-30 11:03:49 | Diag logvar_q_mean=-0.0003 logvar_q_clamp=0.0000
2026-08-30 11:03:53 | Epoch  71/400 | Train Loss 2.3104 Acc 0.1486 | Val Loss 2.2618 Acc 0.3024 AUC 0.9950 Pre 0.5099 Rec 0.2842
2026-08-30 11:03:54 | Diag logvar_q_mean=-0.0003 logvar_q_clamp=0.0000
2026-08-30 11:03:58 | Epoch  72/400 | Train Loss 2.3111 Acc 0.1482 | Val Loss 2.2622 Acc 0.2607 AUC 0.9952 Pre 0.5859 Rec 0.2439
2026-08-30 11:03:59 | Diag logvar_q_mean=-0.0004 logvar_q_clamp=0.0000
2026-08-30 11:04:02 | Epoch  73/400 | Train Loss 2.3099 Acc 0.1458 | Val Loss 2.2624 Acc 0.3242 AUC 0.9951 Pre 0.5103 Rec 0.3085
2026-08-30 11:04:03 | Diag logvar_q_mean=-0.0003 logvar_q_clamp=0.0000
2026-08-30 11:04:07 | Epoch  74/400 | Train Loss 2.3082 Acc 0.1486 | Val Loss 2.2610 Acc 0.2714 AUC 0.9953 Pre 0.4099 Rec 0.2541
2026-08-30 11:04:08 | Diag logvar_q_mean=-0.0004 logvar_q_clamp=0.0000
2026-08-30 11:04:12 | Epoch  75/400 | Train Loss 2.3079 Acc 0.1512 | Val Loss 2.2600 Acc 0.3037 AUC 0.9957 Pre 0.4977 Rec 0.2863
2026-08-30 11:04:12 | Diag logvar_q_mean=-0.0004 logvar_q_clamp=0.0000
2026-08-30 11:04:16 | Epoch  76/400 | Train Loss 2.3080 Acc 0.1528 | Val Loss 2.2594 Acc 0.3262 AUC 0.9951 Pre 0.5099 Rec 0.3076
2026-08-30 11:04:17 | Diag logvar_q_mean=-0.0003 logvar_q_clamp=0.0000
2026-08-30 11:04:21 | Epoch  77/400 | Train Loss 2.3109 Acc 0.1498 | Val Loss 2.2597 Acc 0.3736 AUC 0.9955 Pre 0.5108 Rec 0.3580
2026-08-30 11:04:21 | Diag logvar_q_mean=-0.0004 logvar_q_clamp=0.0000
2026-08-30 11:04:25 | Epoch  78/400 | Train Loss 2.3098 Acc 0.1497 | Val Loss 2.2596 Acc 0.3119 AUC 0.9952 Pre 0.5111 Rec 0.2916
2026-08-30 11:04:26 | Diag logvar_q_mean=-0.0004 logvar_q_clamp=0.0000
2026-08-30 11:04:30 | Epoch  79/400 | Train Loss 2.3112 Acc 0.1479 | Val Loss 2.2606 Acc 0.2472 AUC 0.9950 Pre 0.5110 Rec 0.2280
2026-08-30 11:04:31 | Diag logvar_q_mean=-0.0004 logvar_q_clamp=0.0000
2026-08-30 11:04:35 | Epoch  80/400 | Train Loss 2.3099 Acc 0.1522 | Val Loss 2.2610 Acc 0.2640 AUC 0.9940 Pre 0.6108 Rec 0.2455
2026-08-30 11:04:35 | Diag logvar_q_mean=-0.0003 logvar_q_clamp=0.0000
2026-08-30 11:04:39 | Epoch  81/400 | Train Loss 2.3084 Acc 0.1518 | Val Loss 2.2601 Acc 0.3054 AUC 0.9942 Pre 0.6057 Rec 0.2895
2026-08-30 11:04:40 | Diag logvar_q_mean=-0.0003 logvar_q_clamp=0.0000
2026-08-30 11:04:44 | Epoch  82/400 | Train Loss 2.3080 Acc 0.1541 | Val Loss 2.2585 Acc 0.4382 AUC 0.9955 Pre 0.7133 Rec 0.4206
2026-08-30 11:04:44 | Diag logvar_q_mean=-0.0004 logvar_q_clamp=0.0000
2026-08-30 11:04:48 | Epoch  83/400 | Train Loss 2.3095 Acc 0.1516 | Val Loss 2.2589 Acc 0.4281 AUC 0.9954 Pre 0.6113 Rec 0.4109
2026-08-30 11:04:49 | Diag logvar_q_mean=-0.0004 logvar_q_clamp=0.0000
2026-08-30 11:04:53 | Epoch  84/400 | Train Loss 2.3092 Acc 0.1506 | Val Loss 2.2589 Acc 0.4287 AUC 0.9952 Pre 0.8113 Rec 0.4120
2026-08-30 11:04:53 | Diag logvar_q_mean=-0.0004 logvar_q_clamp=0.0000
2026-08-30 11:04:57 | Epoch  85/400 | Train Loss 2.3100 Acc 0.1491 | Val Loss 2.2590 Acc 0.3859 AUC 0.9953 Pre 0.8124 Rec 0.3658
2026-08-30 11:04:58 | Diag logvar_q_mean=-0.0004 logvar_q_clamp=0.0000
2026-08-30 11:05:02 | Epoch  86/400 | Train Loss 2.3110 Acc 0.1486 | Val Loss 2.2597 Acc 0.2802 AUC 0.9954 Pre 0.6115 Rec 0.2618
2026-08-30 11:05:03 | Diag logvar_q_mean=-0.0003 logvar_q_clamp=0.0000
2026-08-30 11:05:07 | Epoch  87/400 | Train Loss 2.3082 Acc 0.1518 | Val Loss 2.2595 Acc 0.2796 AUC 0.9945 Pre 0.6078 Rec 0.2611
2026-08-30 11:05:07 | Diag logvar_q_mean=-0.0003 logvar_q_clamp=0.0000
2026-08-30 11:05:11 | Epoch  88/400 | Train Loss 2.3090 Acc 0.1511 | Val Loss 2.2584 Acc 0.3093 AUC 0.9956 Pre 0.6122 Rec 0.2912
2026-08-30 11:05:12 | Diag logvar_q_mean=-0.0004 logvar_q_clamp=0.0000
2026-08-30 11:05:16 | Epoch  89/400 | Train Loss 2.3104 Acc 0.1507 | Val Loss 2.2592 Acc 0.3689 AUC 0.9953 Pre 0.6112 Rec 0.3532
2026-08-30 11:05:16 | Diag logvar_q_mean=-0.0004 logvar_q_clamp=0.0000
2026-08-30 11:05:20 | Epoch  90/400 | Train Loss 2.3095 Acc 0.1517 | Val Loss 2.2586 Acc 0.3503 AUC 0.9952 Pre 0.6044 Rec 0.3349
2026-08-30 11:05:21 | Diag logvar_q_mean=-0.0003 logvar_q_clamp=0.0000
2026-08-30 11:05:25 | Epoch  91/400 | Train Loss 2.3106 Acc 0.1527 | Val Loss 2.2596 Acc 0.2953 AUC 0.9949 Pre 0.5079 Rec 0.2796
2026-08-30 11:05:25 | Diag logvar_q_mean=-0.0003 logvar_q_clamp=0.0000
2026-08-30 11:05:29 | Epoch  92/400 | Train Loss 2.3099 Acc 0.1518 | Val Loss 2.2592 Acc 0.2218 AUC 0.9951 Pre 0.5095 Rec 0.2034
2026-08-30 11:05:30 | Diag logvar_q_mean=-0.0003 logvar_q_clamp=0.0000
2026-08-30 11:05:34 | Epoch  93/400 | Train Loss 2.3108 Acc 0.1500 | Val Loss 2.2593 Acc 0.2646 AUC 0.9948 Pre 0.4099 Rec 0.2463
2026-08-30 11:05:35 | Diag logvar_q_mean=-0.0004 logvar_q_clamp=0.0000
2026-08-30 11:05:38 | Epoch  94/400 | Train Loss 2.3087 Acc 0.1499 | Val Loss 2.2593 Acc 0.2571 AUC 0.9951 Pre 0.6090 Rec 0.2394
2026-08-30 11:05:39 | Diag logvar_q_mean=-0.0004 logvar_q_clamp=0.0000
2026-08-30 11:05:43 | Epoch  95/400 | Train Loss 2.3113 Acc 0.1489 | Val Loss 2.2601 Acc 0.2358 AUC 0.9949 Pre 0.4106 Rec 0.2175
2026-08-30 11:05:44 | Diag logvar_q_mean=-0.0004 logvar_q_clamp=0.0000
2026-08-30 11:05:48 | Epoch  96/400 | Train Loss 2.3089 Acc 0.1514 | Val Loss 2.2599 Acc 0.2901 AUC 0.9943 Pre 0.5113 Rec 0.2719
2026-08-30 11:05:48 | Diag logvar_q_mean=-0.0003 logvar_q_clamp=0.0000
2026-08-30 11:05:52 | Epoch  97/400 | Train Loss 2.3100 Acc 0.1502 | Val Loss 2.2604 Acc 0.2470 AUC 0.9954 Pre 0.6061 Rec 0.2291
2026-08-30 11:05:53 | Diag logvar_q_mean=-0.0004 logvar_q_clamp=0.0000
2026-08-30 11:05:57 | Epoch  98/400 | Train Loss 2.3122 Acc 0.1499 | Val Loss 2.2610 Acc 0.2485 AUC 0.9949 Pre 0.4101 Rec 0.2309
2026-08-30 11:05:57 | Diag logvar_q_mean=-0.0003 logvar_q_clamp=0.0000
2026-08-30 11:06:01 | Epoch  99/400 | Train Loss 2.3088 Acc 0.1511 | Val Loss 2.2602 Acc 0.2637 AUC 0.9948 Pre 0.5093 Rec 0.2470
2026-08-30 11:06:02 | Diag logvar_q_mean=-0.0004 logvar_q_clamp=0.0000
2026-08-30 11:06:06 | Epoch 100/400 | Train Loss 2.3073 Acc 0.1500 | Val Loss 2.2589 Acc 0.2650 AUC 0.9947 Pre 0.6098 Rec 0.2473
2026-08-30 11:06:06 | Diag logvar_q_mean=-0.0004 logvar_q_clamp=0.0000
2026-08-30 11:06:10 | Epoch 101/400 | Train Loss 2.3078 Acc 0.1533 | Val Loss 2.2575 Acc 0.2614 AUC 0.9950 Pre 0.5049 Rec 0.2428
2026-08-30 11:06:11 | Diag logvar_q_mean=-0.0003 logvar_q_clamp=0.0000
2026-08-30 11:06:15 | Epoch 102/400 | Train Loss 2.3079 Acc 0.1548 | Val Loss 2.2570 Acc 0.3162 AUC 0.9924 Pre 0.7065 Rec 0.2993
2026-08-30 11:06:15 | Diag logvar_q_mean=-0.0004 logvar_q_clamp=0.0000
2026-08-30 11:06:19 | Epoch 103/400 | Train Loss 2.3113 Acc 0.1526 | Val Loss 2.2577 Acc 0.3582 AUC 0.9936 Pre 0.7079 Rec 0.3421
2026-08-30 11:06:20 | Diag logvar_q_mean=-0.0003 logvar_q_clamp=0.0000
2026-08-30 11:06:24 | Epoch 104/400 | Train Loss 2.3108 Acc 0.1488 | Val Loss 2.2583 Acc 0.3401 AUC 0.9937 Pre 0.6006 Rec 0.3199
2026-08-30 11:06:25 | Diag logvar_q_mean=-0.0003 logvar_q_clamp=0.0000
2026-08-30 11:06:28 | Epoch 105/400 | Train Loss 2.3079 Acc 0.1503 | Val Loss 2.2574 Acc 0.3007 AUC 0.9942 Pre 0.6096 Rec 0.2818
2026-08-30 11:06:29 | Diag logvar_q_mean=-0.0004 logvar_q_clamp=0.0000
2026-08-30 11:06:33 | Epoch 106/400 | Train Loss 2.3070 Acc 0.1535 | Val Loss 2.2557 Acc 0.4909 AUC 0.9937 Pre 0.8093 Rec 0.4734
2026-08-30 11:06:34 | Diag logvar_q_mean=-0.0005 logvar_q_clamp=0.0000
2026-08-30 11:06:38 | Epoch 107/400 | Train Loss 2.3120 Acc 0.1530 | Val Loss 2.2578 Acc 0.4506 AUC 0.9938 Pre 0.7109 Rec 0.4329
2026-08-30 11:06:38 | Diag logvar_q_mean=-0.0003 logvar_q_clamp=0.0000
2026-08-30 11:06:42 | Epoch 108/400 | Train Loss 2.3090 Acc 0.1533 | Val Loss 2.2571 Acc 0.4664 AUC 0.9947 Pre 0.7122 Rec 0.4505
2026-08-30 11:06:43 | Diag logvar_q_mean=-0.0004 logvar_q_clamp=0.0000
2026-08-30 11:06:47 | Epoch 109/400 | Train Loss 2.3097 Acc 0.1528 | Val Loss 2.2575 Acc 0.6207 AUC 0.9937 Pre 0.8152 Rec 0.6052
2026-08-30 11:06:47 | Diag logvar_q_mean=-0.0004 logvar_q_clamp=0.0000
2026-08-30 11:06:51 | Epoch 110/400 | Train Loss 2.3108 Acc 0.1505 | Val Loss 2.2582 Acc 0.3962 AUC 0.9949 Pre 0.7957 Rec 0.3821
2026-08-30 11:06:52 | Diag logvar_q_mean=-0.0004 logvar_q_clamp=0.0000
2026-08-30 11:06:56 | Epoch 111/400 | Train Loss 2.3101 Acc 0.1517 | Val Loss 2.2589 Acc 0.4173 AUC 0.9947 Pre 0.7024 Rec 0.4030
2026-08-30 11:06:57 | Diag logvar_q_mean=-0.0004 logvar_q_clamp=0.0000
2026-08-30 11:07:01 | Epoch 112/400 | Train Loss 2.3105 Acc 0.1513 | Val Loss 2.2589 Acc 0.3878 AUC 0.9949 Pre 0.7061 Rec 0.3708
2026-08-30 11:07:01 | Diag logvar_q_mean=-0.0004 logvar_q_clamp=0.0000
2026-08-30 11:07:06 | Epoch 113/400 | Train Loss 2.3095 Acc 0.1527 | Val Loss 2.2592 Acc 0.3511 AUC 0.9935 Pre 0.6110 Rec 0.3340
2026-08-30 11:07:06 | Diag logvar_q_mean=-0.0004 logvar_q_clamp=0.0000
2026-08-30 11:07:10 | Epoch 114/400 | Train Loss 2.3105 Acc 0.1498 | Val Loss 2.2598 Acc 0.2481 AUC 0.9937 Pre 0.8102 Rec 0.2289
2026-08-30 11:07:11 | Diag logvar_q_mean=-0.0004 logvar_q_clamp=0.0000
2026-08-30 11:07:15 | Epoch 115/400 | Train Loss 2.3096 Acc 0.1475 | Val Loss 2.2596 Acc 0.2211 AUC 0.9937 Pre 0.8020 Rec 0.2026
2026-08-30 11:07:15 | Diag logvar_q_mean=-0.0004 logvar_q_clamp=0.0000
2026-08-30 11:07:19 | Epoch 116/400 | Train Loss 2.3094 Acc 0.1506 | Val Loss 2.2597 Acc 0.2413 AUC 0.9931 Pre 0.8087 Rec 0.2219
2026-08-30 11:07:20 | Diag logvar_q_mean=-0.0004 logvar_q_clamp=0.0000
2026-08-30 11:07:24 | Epoch 117/400 | Train Loss 2.3092 Acc 0.1509 | Val Loss 2.2594 Acc 0.3574 AUC 0.9951 Pre 0.6103 Rec 0.3410
2026-08-30 11:07:25 | Diag logvar_q_mean=-0.0003 logvar_q_clamp=0.0000
2026-08-30 11:07:28 | Epoch 118/400 | Train Loss 2.3107 Acc 0.1493 | Val Loss 2.2599 Acc 0.4014 AUC 0.9946 Pre 0.7101 Rec 0.3816
2026-08-30 11:07:29 | Diag logvar_q_mean=-0.0004 logvar_q_clamp=0.0000
2026-08-30 11:07:33 | Epoch 119/400 | Train Loss 2.3094 Acc 0.1503 | Val Loss 2.2600 Acc 0.3643 AUC 0.9952 Pre 0.5127 Rec 0.3468
2026-08-30 11:07:34 | Diag logvar_q_mean=-0.0003 logvar_q_clamp=0.0000
2026-08-30 11:07:38 | Epoch 120/400 | Train Loss 2.3073 Acc 0.1525 | Val Loss 2.2586 Acc 0.2534 AUC 0.9941 Pre 0.6069 Rec 0.2348
2026-08-30 11:07:38 | Diag logvar_q_mean=-0.0003 logvar_q_clamp=0.0000
2026-08-30 11:07:42 | Epoch 121/400 | Train Loss 2.3104 Acc 0.1520 | Val Loss 2.2589 Acc 0.2980 AUC 0.9938 Pre 0.7087 Rec 0.2807
2026-08-30 11:07:43 | Diag logvar_q_mean=-0.0004 logvar_q_clamp=0.0000
2026-08-30 11:07:47 | Epoch 122/400 | Train Loss 2.3108 Acc 0.1513 | Val Loss 2.2594 Acc 0.3295 AUC 0.9939 Pre 0.5074 Rec 0.3112
2026-08-30 11:07:47 | Diag logvar_q_mean=-0.0004 logvar_q_clamp=0.0000
2026-08-30 11:07:51 | Epoch 123/400 | Train Loss 2.3114 Acc 0.1498 | Val Loss 2.2602 Acc 0.3943 AUC 0.9948 Pre 0.7106 Rec 0.3765
2026-08-30 11:07:52 | Diag logvar_q_mean=-0.0003 logvar_q_clamp=0.0000
2026-08-30 11:07:56 | Epoch 124/400 | Train Loss 2.3101 Acc 0.1480 | Val Loss 2.2604 Acc 0.4106 AUC 0.9948 Pre 0.5122 Rec 0.3925
2026-08-30 11:07:56 | Diag logvar_q_mean=-0.0003 logvar_q_clamp=0.0000
2026-08-30 11:08:00 | Epoch 125/400 | Train Loss 2.3087 Acc 0.1526 | Val Loss 2.2596 Acc 0.5283 AUC 0.9944 Pre 0.6139 Rec 0.5109
2026-08-30 11:08:01 | Diag logvar_q_mean=-0.0003 logvar_q_clamp=0.0000
2026-08-30 11:08:05 | Epoch 126/400 | Train Loss 2.3110 Acc 0.1495 | Val Loss 2.2600 Acc 0.4284 AUC 0.9943 Pre 0.7124 Rec 0.4113
2026-08-30 11:08:06 | Diag logvar_q_mean=-0.0004 logvar_q_clamp=0.0000
2026-08-30 11:08:09 | Epoch 127/400 | Train Loss 2.3117 Acc 0.1479 | Val Loss 2.2611 Acc 0.4106 AUC 0.9939 Pre 0.7100 Rec 0.3922
2026-08-30 11:08:10 | Diag logvar_q_mean=-0.0004 logvar_q_clamp=0.0000
2026-08-30 11:08:14 | Epoch 128/400 | Train Loss 2.3088 Acc 0.1494 | Val Loss 2.2603 Acc 0.3062 AUC 0.9951 Pre 0.8096 Rec 0.2873
2026-08-30 11:08:15 | Diag logvar_q_mean=-0.0004 logvar_q_clamp=0.0000
2026-08-30 11:08:19 | Epoch 129/400 | Train Loss 2.3080 Acc 0.1530 | Val Loss 2.2590 Acc 0.4436 AUC 0.9952 Pre 0.7127 Rec 0.4268
2026-08-30 11:08:19 | Diag logvar_q_mean=-0.0004 logvar_q_clamp=0.0000
2026-08-30 11:08:23 | Epoch 130/400 | Train Loss 2.3101 Acc 0.1500 | Val Loss 2.2594 Acc 0.3878 AUC 0.9948 Pre 0.7111 Rec 0.3717
2026-08-30 11:08:24 | Diag logvar_q_mean=-0.0003 logvar_q_clamp=0.0000
2026-08-30 11:08:28 | Epoch 131/400 | Train Loss 2.3088 Acc 0.1514 | Val Loss 2.2591 Acc 0.3562 AUC 0.9948 Pre 0.6110 Rec 0.3416
2026-08-30 11:08:28 | Diag logvar_q_mean=-0.0004 logvar_q_clamp=0.0000
2026-08-30 11:08:32 | Epoch 132/400 | Train Loss 2.3099 Acc 0.1511 | Val Loss 2.2592 Acc 0.3383 AUC 0.9948 Pre 0.7080 Rec 0.3223
2026-08-30 11:08:33 | Diag logvar_q_mean=-0.0003 logvar_q_clamp=0.0000
2026-08-30 11:08:37 | Epoch 133/400 | Train Loss 2.3084 Acc 0.1517 | Val Loss 2.2581 Acc 0.4383 AUC 0.9945 Pre 0.6114 Rec 0.4208
2026-08-30 11:08:38 | Diag logvar_q_mean=-0.0004 logvar_q_clamp=0.0000
2026-08-30 11:08:42 | Epoch 134/400 | Train Loss 2.3098 Acc 0.1529 | Val Loss 2.2584 Acc 0.4402 AUC 0.9953 Pre 0.6131 Rec 0.4221
2026-08-30 11:08:42 | Diag logvar_q_mean=-0.0003 logvar_q_clamp=0.0000
2026-08-30 11:08:46 | Epoch 135/400 | Train Loss 2.3089 Acc 0.1509 | Val Loss 2.2581 Acc 0.4086 AUC 0.9950 Pre 0.6120 Rec 0.3894
2026-08-30 11:08:47 | Diag logvar_q_mean=-0.0003 logvar_q_clamp=0.0000
2026-08-30 11:08:51 | Epoch 136/400 | Train Loss 2.3104 Acc 0.1509 | Val Loss 2.2582 Acc 0.3601 AUC 0.9949 Pre 0.7118 Rec 0.3404
2026-08-30 11:08:51 | Diag logvar_q_mean=-0.0004 logvar_q_clamp=0.0000
2026-08-30 11:08:55 | Epoch 137/400 | Train Loss 2.3106 Acc 0.1501 | Val Loss 2.2590 Acc 0.3994 AUC 0.9952 Pre 0.5115 Rec 0.3832
2026-08-30 11:08:56 | Diag logvar_q_mean=-0.0004 logvar_q_clamp=0.0000
2026-08-30 11:09:00 | Epoch 138/400 | Train Loss 2.3090 Acc 0.1515 | Val Loss 2.2584 Acc 0.3325 AUC 0.9942 Pre 0.7053 Rec 0.3165
2026-08-30 11:09:00 | Diag logvar_q_mean=-0.0004 logvar_q_clamp=0.0000
2026-08-30 11:09:04 | Epoch 139/400 | Train Loss 2.3110 Acc 0.1509 | Val Loss 2.2588 Acc 0.3862 AUC 0.9939 Pre 0.6933 Rec 0.3718
2026-08-30 11:09:05 | Diag logvar_q_mean=-0.0004 logvar_q_clamp=0.0000
2026-08-30 11:09:09 | Epoch 140/400 | Train Loss 2.3089 Acc 0.1524 | Val Loss 2.2589 Acc 0.4238 AUC 0.9947 Pre 0.7089 Rec 0.4051
2026-08-30 11:09:10 | Diag logvar_q_mean=-0.0003 logvar_q_clamp=0.0000
2026-08-30 11:09:13 | Epoch 141/400 | Train Loss 2.3096 Acc 0.1523 | Val Loss 2.2583 Acc 0.6180 AUC 0.9947 Pre 0.7153 Rec 0.6023
2026-08-30 11:09:14 | Diag logvar_q_mean=-0.0003 logvar_q_clamp=0.0000
2026-08-30 11:09:18 | Epoch 142/400 | Train Loss 2.3107 Acc 0.1495 | Val Loss 2.2586 Acc 0.6347 AUC 0.9953 Pre 0.8138 Rec 0.6192
2026-08-30 11:09:19 | Diag logvar_q_mean=-0.0003 logvar_q_clamp=0.0000
2026-08-30 11:09:23 | Epoch 143/400 | Train Loss 2.3107 Acc 0.1507 | Val Loss 2.2595 Acc 0.5525 AUC 0.9945 Pre 0.7145 Rec 0.5363
2026-08-30 11:09:23 | Diag logvar_q_mean=-0.0004 logvar_q_clamp=0.0000
2026-08-30 11:09:27 | Epoch 144/400 | Train Loss 2.3082 Acc 0.1538 | Val Loss 2.2584 Acc 0.5909 AUC 0.9942 Pre 0.7134 Rec 0.5750
2026-08-30 11:09:28 | Diag logvar_q_mean=-0.0004 logvar_q_clamp=0.0000
2026-08-30 11:09:32 | Epoch 145/400 | Train Loss 2.3095 Acc 0.1532 | Val Loss 2.2586 Acc 0.5230 AUC 0.9951 Pre 0.7108 Rec 0.5039
2026-08-30 11:09:32 | Diag logvar_q_mean=-0.0004 logvar_q_clamp=0.0000
2026-08-30 11:09:36 | Epoch 146/400 | Train Loss 2.3094 Acc 0.1534 | Val Loss 2.2584 Acc 0.5158 AUC 0.9953 Pre 0.6099 Rec 0.4979
2026-08-30 11:09:37 | Diag logvar_q_mean=-0.0004 logvar_q_clamp=0.0000
2026-08-30 11:09:41 | Epoch 147/400 | Train Loss 2.3078 Acc 0.1532 | Val Loss 2.2569 Acc 0.4997 AUC 0.9951 Pre 0.6127 Rec 0.4816
2026-08-30 11:09:41 | Diag logvar_q_mean=-0.0004 logvar_q_clamp=0.0000
2026-08-30 11:09:45 | Epoch 148/400 | Train Loss 2.3080 Acc 0.1541 | Val Loss 2.2564 Acc 0.5319 AUC 0.9959 Pre 0.7143 Rec 0.5142
2026-08-30 11:09:46 | Diag logvar_q_mean=-0.0004 logvar_q_clamp=0.0000
2026-08-30 11:09:50 | Epoch 149/400 | Train Loss 2.3103 Acc 0.1519 | Val Loss 2.2566 Acc 0.4284 AUC 0.9951 Pre 0.8100 Rec 0.4102
2026-08-30 11:09:50 | Diag logvar_q_mean=-0.0004 logvar_q_clamp=0.0000
2026-08-30 11:09:54 | Epoch 150/400 | Train Loss 2.3101 Acc 0.1503 | Val Loss 2.2570 Acc 0.3201 AUC 0.9951 Pre 0.7088 Rec 0.3004
2026-08-30 11:09:55 | Diag logvar_q_mean=-0.0004 logvar_q_clamp=0.0000
2026-08-30 11:09:59 | Epoch 151/400 | Train Loss 2.3087 Acc 0.1524 | Val Loss 2.2567 Acc 0.4337 AUC 0.9951 Pre 0.7109 Rec 0.4173
2026-08-30 11:10:00 | Diag logvar_q_mean=-0.0004 logvar_q_clamp=0.0000
2026-08-30 11:10:03 | Epoch 152/400 | Train Loss 2.3084 Acc 0.1534 | Val Loss 2.2562 Acc 0.3677 AUC 0.9947 Pre 0.7119 Rec 0.3483
2026-08-30 11:10:04 | Diag logvar_q_mean=-0.0004 logvar_q_clamp=0.0000
2026-08-30 11:10:08 | Epoch 153/400 | Train Loss 2.3087 Acc 0.1540 | Val Loss 2.2557 Acc 0.3344 AUC 0.9937 Pre 0.8108 Rec 0.3172
2026-08-30 11:10:09 | Diag logvar_q_mean=-0.0004 logvar_q_clamp=0.0000
2026-08-30 11:10:13 | Epoch 154/400 | Train Loss 2.3132 Acc 0.1494 | Val Loss 2.2578 Acc 0.3021 AUC 0.9940 Pre 0.6091 Rec 0.2809
2026-08-30 11:10:13 | Diag logvar_q_mean=-0.0004 logvar_q_clamp=0.0000
2026-08-30 11:10:17 | Epoch 155/400 | Train Loss 2.3095 Acc 0.1512 | Val Loss 2.2573 Acc 0.2751 AUC 0.9940 Pre 0.6095 Rec 0.2575
2026-08-30 11:10:18 | Diag logvar_q_mean=-0.0004 logvar_q_clamp=0.0000
2026-08-30 11:10:22 | Epoch 156/400 | Train Loss 2.3107 Acc 0.1526 | Val Loss 2.2581 Acc 0.3007 AUC 0.9945 Pre 0.6891 Rec 0.2821
2026-08-30 11:10:23 | Diag logvar_q_mean=-0.0003 logvar_q_clamp=0.0000
2026-08-30 11:10:27 | Epoch 157/400 | Train Loss 2.3095 Acc 0.1535 | Val Loss 2.2583 Acc 0.2759 AUC 0.9941 Pre 0.7104 Rec 0.2578
2026-08-30 11:10:27 | Diag logvar_q_mean=-0.0003 logvar_q_clamp=0.0000
2026-08-30 11:10:31 | Epoch 158/400 | Train Loss 2.3122 Acc 0.1486 | Val Loss 2.2593 Acc 0.4568 AUC 0.9933 Pre 0.6101 Rec 0.4382
2026-08-30 11:10:32 | Diag logvar_q_mean=-0.0004 logvar_q_clamp=0.0000
2026-08-30 11:10:36 | Epoch 159/400 | Train Loss 2.3101 Acc 0.1508 | Val Loss 2.2596 Acc 0.3011 AUC 0.9940 Pre 0.6104 Rec 0.2834
2026-08-30 11:10:37 | Diag logvar_q_mean=-0.0003 logvar_q_clamp=0.0000
2026-08-30 11:10:41 | Epoch 160/400 | Train Loss 2.3110 Acc 0.1499 | Val Loss 2.2603 Acc 0.2631 AUC 0.9944 Pre 0.4095 Rec 0.2451
2026-08-30 11:10:42 | Diag logvar_q_mean=-0.0004 logvar_q_clamp=0.0000
2026-08-30 11:10:46 | Epoch 161/400 | Train Loss 2.3095 Acc 0.1502 | Val Loss 2.2598 Acc 0.3396 AUC 0.9942 Pre 0.5957 Rec 0.3218
2026-08-30 11:10:47 | Diag logvar_q_mean=-0.0004 logvar_q_clamp=0.0000
2026-08-30 11:10:51 | Epoch 162/400 | Train Loss 2.3099 Acc 0.1504 | Val Loss 2.2598 Acc 0.3078 AUC 0.9942 Pre 0.5114 Rec 0.2895
2026-08-30 11:10:51 | Diag logvar_q_mean=-0.0003 logvar_q_clamp=0.0000
2026-08-30 11:10:55 | Epoch 163/400 | Train Loss 2.3096 Acc 0.1501 | Val Loss 2.2596 Acc 0.2342 AUC 0.9945 Pre 0.7046 Rec 0.2155
2026-08-30 11:10:56 | Diag logvar_q_mean=-0.0004 logvar_q_clamp=0.0000
2026-08-30 11:11:00 | Epoch 164/400 | Train Loss 2.3102 Acc 0.1530 | Val Loss 2.2588 Acc 0.2402 AUC 0.9947 Pre 0.6080 Rec 0.2221
2026-08-30 11:11:01 | Diag logvar_q_mean=-0.0004 logvar_q_clamp=0.0000
2026-08-30 11:11:05 | Epoch 165/400 | Train Loss 2.3082 Acc 0.1529 | Val Loss 2.2587 Acc 0.3029 AUC 0.9954 Pre 0.7118 Rec 0.2867
2026-08-30 11:11:05 | Diag logvar_q_mean=-0.0004 logvar_q_clamp=0.0000
2026-08-30 11:11:09 | Epoch 166/400 | Train Loss 2.3096 Acc 0.1530 | Val Loss 2.2580 Acc 0.3155 AUC 0.9951 Pre 0.6059 Rec 0.3001
2026-08-30 11:11:10 | Diag logvar_q_mean=-0.0004 logvar_q_clamp=0.0000
2026-08-30 11:11:14 | Epoch 167/400 | Train Loss 2.3099 Acc 0.1525 | Val Loss 2.2581 Acc 0.3307 AUC 0.9942 Pre 0.5103 Rec 0.3134
2026-08-30 11:11:15 | Diag logvar_q_mean=-0.0004 logvar_q_clamp=0.0000
2026-08-30 11:11:19 | Epoch 168/400 | Train Loss 2.3084 Acc 0.1521 | Val Loss 2.2577 Acc 0.3146 AUC 0.9935 Pre 0.6091 Rec 0.2981
2026-08-30 11:11:19 | Diag logvar_q_mean=-0.0003 logvar_q_clamp=0.0000
2026-08-30 11:11:23 | Epoch 169/400 | Train Loss 2.3115 Acc 0.1524 | Val Loss 2.2586 Acc 0.3103 AUC 0.9954 Pre 0.4070 Rec 0.2932
2026-08-30 11:11:24 | Diag logvar_q_mean=-0.0004 logvar_q_clamp=0.0000
2026-08-30 11:11:28 | Epoch 170/400 | Train Loss 2.3110 Acc 0.1497 | Val Loss 2.2589 Acc 0.3560 AUC 0.9956 Pre 0.4121 Rec 0.3409
2026-08-30 11:11:29 | Diag logvar_q_mean=-0.0004 logvar_q_clamp=0.0000
2026-08-30 11:11:33 | Epoch 171/400 | Train Loss 2.3089 Acc 0.1522 | Val Loss 2.2586 Acc 0.3215 AUC 0.9953 Pre 0.6107 Rec 0.3036
2026-08-30 11:11:33 | Diag logvar_q_mean=-0.0003 logvar_q_clamp=0.0000
2026-08-30 11:11:37 | Epoch 172/400 | Train Loss 2.3086 Acc 0.1552 | Val Loss 2.2578 Acc 0.3147 AUC 0.9950 Pre 0.5106 Rec 0.2961
2026-08-30 11:11:38 | Diag logvar_q_mean=-0.0004 logvar_q_clamp=0.0000
2026-08-30 11:11:42 | Epoch 173/400 | Train Loss 2.3115 Acc 0.1494 | Val Loss 2.2589 Acc 0.2670 AUC 0.9957 Pre 0.6112 Rec 0.2484
2026-08-30 11:11:42 | Diag logvar_q_mean=-0.0003 logvar_q_clamp=0.0000
2026-08-30 11:11:46 | Epoch 174/400 | Train Loss 2.3107 Acc 0.1498 | Val Loss 2.2594 Acc 0.2242 AUC 0.9949 Pre 0.3100 Rec 0.2052
2026-08-30 11:11:47 | Diag logvar_q_mean=-0.0004 logvar_q_clamp=0.0000
2026-08-30 11:11:51 | Epoch 175/400 | Train Loss 2.3072 Acc 0.1543 | Val Loss 2.2573 Acc 0.2612 AUC 0.9946 Pre 0.5103 Rec 0.2419
2026-08-30 11:11:52 | Diag logvar_q_mean=-0.0004 logvar_q_clamp=0.0000
2026-08-30 11:11:56 | Epoch 176/400 | Train Loss 2.3083 Acc 0.1560 | Val Loss 2.2566 Acc 0.3886 AUC 0.9942 Pre 0.5106 Rec 0.3701
2026-08-30 11:11:56 | Diag logvar_q_mean=-0.0004 logvar_q_clamp=0.0000
2026-08-30 11:12:00 | Epoch 177/400 | Train Loss 2.3087 Acc 0.1525 | Val Loss 2.2562 Acc 0.3886 AUC 0.9948 Pre 0.6106 Rec 0.3714
2026-08-30 11:12:01 | Diag logvar_q_mean=-0.0004 logvar_q_clamp=0.0000
2026-08-30 11:12:05 | Epoch 178/400 | Train Loss 2.3105 Acc 0.1531 | Val Loss 2.2567 Acc 0.3645 AUC 0.9944 Pre 0.8116 Rec 0.3471
2026-08-30 11:12:06 | Diag logvar_q_mean=-0.0004 logvar_q_clamp=0.0000
2026-08-30 11:12:10 | Epoch 179/400 | Train Loss 2.3088 Acc 0.1536 | Val Loss 2.2563 Acc 0.3036 AUC 0.9932 Pre 0.7067 Rec 0.2848
2026-08-30 11:12:10 | Diag logvar_q_mean=-0.0004 logvar_q_clamp=0.0000
2026-08-30 11:12:14 | Epoch 180/400 | Train Loss 2.3095 Acc 0.1515 | Val Loss 2.2562 Acc 0.3516 AUC 0.9944 Pre 0.6096 Rec 0.3328
2026-08-30 11:12:15 | Diag logvar_q_mean=-0.0004 logvar_q_clamp=0.0000
2026-08-30 11:12:19 | Epoch 181/400 | Train Loss 2.3123 Acc 0.1525 | Val Loss 2.2578 Acc 0.2804 AUC 0.9949 Pre 0.7084 Rec 0.2637
2026-08-30 11:12:20 | Diag logvar_q_mean=-0.0004 logvar_q_clamp=0.0000
2026-08-30 11:12:23 | Epoch 182/400 | Train Loss 2.3102 Acc 0.1530 | Val Loss 2.2583 Acc 0.2997 AUC 0.9956 Pre 0.7092 Rec 0.2832
2026-08-30 11:12:24 | Diag logvar_q_mean=-0.0004 logvar_q_clamp=0.0000
2026-08-30 11:12:28 | Epoch 183/400 | Train Loss 2.3093 Acc 0.1509 | Val Loss 2.2578 Acc 0.3921 AUC 0.9948 Pre 0.6104 Rec 0.3751
2026-08-30 11:12:29 | Diag logvar_q_mean=-0.0004 logvar_q_clamp=0.0000
2026-08-30 11:12:32 | Epoch 184/400 | Train Loss 2.3092 Acc 0.1530 | Val Loss 2.2576 Acc 0.4224 AUC 0.9941 Pre 0.6081 Rec 0.4029
2026-08-30 11:12:33 | Diag logvar_q_mean=-0.0004 logvar_q_clamp=0.0000
2026-08-30 11:12:37 | Epoch 185/400 | Train Loss 2.3103 Acc 0.1520 | Val Loss 2.2575 Acc 0.3939 AUC 0.9941 Pre 0.6112 Rec 0.3782
2026-08-30 11:12:38 | Diag logvar_q_mean=-0.0003 logvar_q_clamp=0.0000
2026-08-30 11:12:42 | Epoch 186/400 | Train Loss 2.3105 Acc 0.1503 | Val Loss 2.2582 Acc 0.4177 AUC 0.9929 Pre 0.7107 Rec 0.4025
2026-08-30 11:12:42 | Diag logvar_q_mean=-0.0004 logvar_q_clamp=0.0000
2026-08-30 11:12:46 | Epoch 187/400 | Train Loss 2.3083 Acc 0.1529 | Val Loss 2.2576 Acc 0.4131 AUC 0.9944 Pre 0.8123 Rec 0.3985
2026-08-30 11:12:47 | Diag logvar_q_mean=-0.0004 logvar_q_clamp=0.0000
2026-08-30 11:12:51 | Epoch 188/400 | Train Loss 2.3094 Acc 0.1551 | Val Loss 2.2573 Acc 0.5891 AUC 0.9949 Pre 0.8151 Rec 0.5754
2026-08-30 11:12:51 | Diag logvar_q_mean=-0.0004 logvar_q_clamp=0.0000
2026-08-30 11:12:55 | Epoch 189/400 | Train Loss 2.3095 Acc 0.1536 | Val Loss 2.2571 Acc 0.5516 AUC 0.9949 Pre 0.8116 Rec 0.5388
2026-08-30 11:12:56 | Diag logvar_q_mean=-0.0003 logvar_q_clamp=0.0000
2026-08-30 11:13:00 | Epoch 190/400 | Train Loss 2.3121 Acc 0.1520 | Val Loss 2.2583 Acc 0.5418 AUC 0.9935 Pre 0.8135 Rec 0.5256
2026-08-30 11:13:01 | Diag logvar_q_mean=-0.0004 logvar_q_clamp=0.0000
2026-08-30 11:13:04 | Epoch 191/400 | Train Loss 2.3082 Acc 0.1563 | Val Loss 2.2571 Acc 0.6133 AUC 0.9950 Pre 0.8142 Rec 0.5979
2026-08-30 11:13:05 | Diag logvar_q_mean=-0.0004 logvar_q_clamp=0.0000
2026-08-30 11:13:09 | Epoch 192/400 | Train Loss 2.3104 Acc 0.1496 | Val Loss 2.2583 Acc 0.4705 AUC 0.9938 Pre 0.6100 Rec 0.4536
2026-08-30 11:13:10 | Diag logvar_q_mean=-0.0004 logvar_q_clamp=0.0000
2026-08-30 11:13:13 | Epoch 193/400 | Train Loss 2.3100 Acc 0.1518 | Val Loss 2.2583 Acc 0.3893 AUC 0.9944 Pre 0.7103 Rec 0.3683
2026-08-30 11:13:14 | Diag logvar_q_mean=-0.0003 logvar_q_clamp=0.0000
2026-08-30 11:13:18 | Epoch 194/400 | Train Loss 2.3065 Acc 0.1540 | Val Loss 2.2560 Acc 0.5113 AUC 0.9931 Pre 0.8119 Rec 0.4955
2026-08-30 11:13:19 | Diag logvar_q_mean=-0.0004 logvar_q_clamp=0.0000
2026-08-30 11:13:23 | Epoch 195/400 | Train Loss 2.3102 Acc 0.1516 | Val Loss 2.2567 Acc 0.6093 AUC 0.9941 Pre 0.6168 Rec 0.5938
2026-08-30 11:13:23 | Diag logvar_q_mean=-0.0004 logvar_q_clamp=0.0000
2026-08-30 11:13:27 | Epoch 196/400 | Train Loss 2.3085 Acc 0.1531 | Val Loss 2.2566 Acc 0.5302 AUC 0.9944 Pre 0.7114 Rec 0.5126
2026-08-30 11:13:28 | Diag logvar_q_mean=-0.0005 logvar_q_clamp=0.0000
2026-08-30 11:13:32 | Epoch 197/400 | Train Loss 2.3107 Acc 0.1503 | Val Loss 2.2566 Acc 0.5283 AUC 0.9934 Pre 0.8135 Rec 0.5116
2026-08-30 11:13:32 | Diag logvar_q_mean=-0.0004 logvar_q_clamp=0.0000
2026-08-30 11:13:36 | Epoch 198/400 | Train Loss 2.3104 Acc 0.1533 | Val Loss 2.2570 Acc 0.4648 AUC 0.9950 Pre 0.8121 Rec 0.4477
2026-08-30 11:13:37 | Diag logvar_q_mean=-0.0004 logvar_q_clamp=0.0000
2026-08-30 11:13:41 | Epoch 199/400 | Train Loss 2.3098 Acc 0.1523 | Val Loss 2.2573 Acc 0.4620 AUC 0.9948 Pre 0.7119 Rec 0.4449
2026-08-30 11:13:41 | Diag logvar_q_mean=-0.0003 logvar_q_clamp=0.0000
2026-08-30 11:13:45 | Epoch 200/400 | Train Loss 2.3098 Acc 0.1526 | Val Loss 2.2571 Acc 0.3298 AUC 0.9939 Pre 0.6970 Rec 0.3140
2026-08-30 11:13:46 | Diag logvar_q_mean=-0.0005 logvar_q_clamp=0.0000
2026-08-30 11:13:50 | Epoch 201/400 | Train Loss 2.3096 Acc 0.1518 | Val Loss 2.2571 Acc 0.4763 AUC 0.9944 Pre 0.7107 Rec 0.4578
2026-08-30 11:13:50 | Diag logvar_q_mean=-0.0004 logvar_q_clamp=0.0000
2026-08-30 11:13:54 | Epoch 202/400 | Train Loss 2.3094 Acc 0.1510 | Val Loss 2.2569 Acc 0.4210 AUC 0.9940 Pre 0.8052 Rec 0.4079
2026-08-30 11:13:55 | Diag logvar_q_mean=-0.0004 logvar_q_clamp=0.0000
2026-08-30 11:13:59 | Epoch 203/400 | Train Loss 2.3081 Acc 0.1524 | Val Loss 2.2563 Acc 0.3967 AUC 0.9942 Pre 0.8077 Rec 0.3826
2026-08-30 11:13:59 | Diag logvar_q_mean=-0.0004 logvar_q_clamp=0.0000
2026-08-30 11:14:03 | Epoch 204/400 | Train Loss 2.3093 Acc 0.1528 | Val Loss 2.2560 Acc 0.3710 AUC 0.9943 Pre 0.8045 Rec 0.3539
2026-08-30 11:14:04 | Diag logvar_q_mean=-0.0004 logvar_q_clamp=0.0000
2026-08-30 11:14:08 | Epoch 205/400 | Train Loss 2.3101 Acc 0.1535 | Val Loss 2.2560 Acc 0.4164 AUC 0.9944 Pre 0.8050 Rec 0.3994
2026-08-30 11:14:08 | Diag logvar_q_mean=-0.0004 logvar_q_clamp=0.0000
2026-08-30 11:14:12 | Epoch 206/400 | Train Loss 2.3082 Acc 0.1583 | Val Loss 2.2550 Acc 0.5560 AUC 0.9932 Pre 0.8110 Rec 0.5411
2026-08-30 11:14:13 | Diag logvar_q_mean=-0.0004 logvar_q_clamp=0.0000
2026-08-30 11:14:17 | Epoch 207/400 | Train Loss 2.3080 Acc 0.1543 | Val Loss 2.2552 Acc 0.6803 AUC 0.9936 Pre 0.8198 Rec 0.6668
2026-08-30 11:14:17 | Diag logvar_q_mean=-0.0004 logvar_q_clamp=0.0000
2026-08-30 11:14:21 | Epoch 208/400 | Train Loss 2.3088 Acc 0.1553 | Val Loss 2.2543 Acc 0.5664 AUC 0.9939 Pre 0.8138 Rec 0.5518
2026-08-30 11:14:22 | Diag logvar_q_mean=-0.0004 logvar_q_clamp=0.0000
2026-08-30 11:14:26 | Epoch 209/400 | Train Loss 2.3109 Acc 0.1522 | Val Loss 2.2556 Acc 0.4958 AUC 0.9950 Pre 0.8106 Rec 0.4810
2026-08-30 11:14:26 | Diag logvar_q_mean=-0.0004 logvar_q_clamp=0.0000
2026-08-30 11:14:30 | Epoch 210/400 | Train Loss 2.3096 Acc 0.1545 | Val Loss 2.2553 Acc 0.5620 AUC 0.9946 Pre 0.8119 Rec 0.5482
2026-08-30 11:14:31 | Diag logvar_q_mean=-0.0004 logvar_q_clamp=0.0000
2026-08-30 11:14:35 | Epoch 211/400 | Train Loss 2.3102 Acc 0.1510 | Val Loss 2.2558 Acc 0.4544 AUC 0.9945 Pre 0.7107 Rec 0.4402
2026-08-30 11:14:35 | Diag logvar_q_mean=-0.0003 logvar_q_clamp=0.0000
2026-08-30 11:14:39 | Epoch 212/400 | Train Loss 2.3106 Acc 0.1526 | Val Loss 2.2566 Acc 0.4428 AUC 0.9937 Pre 0.7114 Rec 0.4250
2026-08-30 11:14:40 | Diag logvar_q_mean=-0.0003 logvar_q_clamp=0.0000
2026-08-30 11:14:44 | Epoch 213/400 | Train Loss 2.3109 Acc 0.1533 | Val Loss 2.2576 Acc 0.3579 AUC 0.9931 Pre 0.6067 Rec 0.3394
2026-08-30 11:14:45 | Diag logvar_q_mean=-0.0004 logvar_q_clamp=0.0000
2026-08-30 11:14:48 | Epoch 214/400 | Train Loss 2.3110 Acc 0.1526 | Val Loss 2.2582 Acc 0.4259 AUC 0.9934 Pre 0.7130 Rec 0.4070
2026-08-30 11:14:49 | Diag logvar_q_mean=-0.0004 logvar_q_clamp=0.0000
2026-08-30 11:14:53 | Epoch 215/400 | Train Loss 2.3100 Acc 0.1521 | Val Loss 2.2582 Acc 0.4151 AUC 0.9947 Pre 0.6005 Rec 0.3994
2026-08-30 11:14:54 | Diag logvar_q_mean=-0.0003 logvar_q_clamp=0.0000
2026-08-30 11:14:58 | Epoch 216/400 | Train Loss 2.3090 Acc 0.1523 | Val Loss 2.2578 Acc 0.3382 AUC 0.9941 Pre 0.7103 Rec 0.3226
2026-08-30 11:14:58 | Diag logvar_q_mean=-0.0003 logvar_q_clamp=0.0000
2026-08-30 11:15:02 | Epoch 217/400 | Train Loss 2.3101 Acc 0.1513 | Val Loss 2.2582 Acc 0.3021 AUC 0.9945 Pre 0.6056 Rec 0.2853
2026-08-30 11:15:03 | Diag logvar_q_mean=-0.0003 logvar_q_clamp=0.0000
2026-08-30 11:15:07 | Epoch 218/400 | Train Loss 2.3134 Acc 0.1510 | Val Loss 2.2597 Acc 0.3089 AUC 0.9939 Pre 0.4091 Rec 0.2915
2026-08-30 11:15:07 | Diag logvar_q_mean=-0.0004 logvar_q_clamp=0.0000
2026-08-30 11:15:11 | Epoch 219/400 | Train Loss 2.3118 Acc 0.1482 | Val Loss 2.2606 Acc 0.2928 AUC 0.9940 Pre 0.3114 Rec 0.2744
2026-08-30 11:15:12 | Diag logvar_q_mean=-0.0004 logvar_q_clamp=0.0000
2026-08-30 11:15:16 | Epoch 220/400 | Train Loss 2.3115 Acc 0.1497 | Val Loss 2.2614 Acc 0.2099 AUC 0.9943 Pre 0.1110 Rec 0.1914
2026-08-30 11:15:16 | Diag logvar_q_mean=-0.0003 logvar_q_clamp=0.0000
2026-08-30 11:15:20 | Epoch 221/400 | Train Loss 2.3105 Acc 0.1491 | Val Loss 2.2615 Acc 0.2084 AUC 0.9936 Pre 0.3111 Rec 0.1901
2026-08-30 11:15:21 | Diag logvar_q_mean=-0.0004 logvar_q_clamp=0.0000
2026-08-30 11:15:25 | Epoch 222/400 | Train Loss 2.3089 Acc 0.1481 | Val Loss 2.2605 Acc 0.2091 AUC 0.9943 Pre 0.1112 Rec 0.1907
2026-08-30 11:15:25 | Diag logvar_q_mean=-0.0004 logvar_q_clamp=0.0000
2026-08-30 11:15:29 | Epoch 223/400 | Train Loss 2.3092 Acc 0.1518 | Val Loss 2.2600 Acc 0.2096 AUC 0.9935 Pre 0.3106 Rec 0.1912
2026-08-30 11:15:30 | Diag logvar_q_mean=-0.0004 logvar_q_clamp=0.0000
2026-08-30 11:15:34 | Epoch 224/400 | Train Loss 2.3081 Acc 0.1526 | Val Loss 2.2590 Acc 0.2322 AUC 0.9937 Pre 0.4104 Rec 0.2143
2026-08-30 11:15:35 | Diag logvar_q_mean=-0.0004 logvar_q_clamp=0.0000
2026-08-30 11:15:38 | Epoch 225/400 | Train Loss 2.3110 Acc 0.1506 | Val Loss 2.2591 Acc 0.2222 AUC 0.9944 Pre 0.6106 Rec 0.2034
2026-08-30 11:15:39 | Diag logvar_q_mean=-0.0004 logvar_q_clamp=0.0000
2026-08-30 11:15:43 | Epoch 226/400 | Train Loss 2.3080 Acc 0.1529 | Val Loss 2.2582 Acc 0.2822 AUC 0.9929 Pre 0.6093 Rec 0.2646
2026-08-30 11:15:44 | Diag logvar_q_mean=-0.0004 logvar_q_clamp=0.0000
2026-08-30 11:15:47 | Epoch 227/400 | Train Loss 2.3092 Acc 0.1523 | Val Loss 2.2579 Acc 0.3581 AUC 0.9929 Pre 0.7102 Rec 0.3406
2026-08-30 11:15:48 | Diag logvar_q_mean=-0.0004 logvar_q_clamp=0.0000
2026-08-30 11:15:52 | Epoch 228/400 | Train Loss 2.3108 Acc 0.1530 | Val Loss 2.2585 Acc 0.3513 AUC 0.9938 Pre 0.6041 Rec 0.3313
2026-08-30 11:15:53 | Diag logvar_q_mean=-0.0004 logvar_q_clamp=0.0000
2026-08-30 11:15:57 | Epoch 229/400 | Train Loss 2.3085 Acc 0.1499 | Val Loss 2.2580 Acc 0.3186 AUC 0.9938 Pre 0.5106 Rec 0.3014
2026-08-30 11:15:57 | Diag logvar_q_mean=-0.0004 logvar_q_clamp=0.0000
2026-08-30 11:16:01 | Epoch 230/400 | Train Loss 2.3078 Acc 0.1532 | Val Loss 2.2564 Acc 0.2942 AUC 0.9940 Pre 0.7068 Rec 0.2760
2026-08-30 11:16:02 | Diag logvar_q_mean=-0.0004 logvar_q_clamp=0.0000
2026-08-30 11:16:06 | Epoch 231/400 | Train Loss 2.3077 Acc 0.1556 | Val Loss 2.2555 Acc 0.2835 AUC 0.9937 Pre 0.7077 Rec 0.2670
2026-08-30 11:16:06 | Diag logvar_q_mean=-0.0004 logvar_q_clamp=0.0000
2026-08-30 11:16:10 | Epoch 232/400 | Train Loss 2.3108 Acc 0.1544 | Val Loss 2.2559 Acc 0.4100 AUC 0.9942 Pre 0.7119 Rec 0.3921
2026-08-30 11:16:11 | Diag logvar_q_mean=-0.0003 logvar_q_clamp=0.0000
2026-08-30 11:16:15 | Epoch 233/400 | Train Loss 2.3095 Acc 0.1541 | Val Loss 2.2563 Acc 0.3988 AUC 0.9934 Pre 0.7110 Rec 0.3794
2026-08-30 11:16:15 | Diag logvar_q_mean=-0.0003 logvar_q_clamp=0.0000
2026-08-30 11:16:19 | Epoch 234/400 | Train Loss 2.3089 Acc 0.1537 | Val Loss 2.2558 Acc 0.4175 AUC 0.9931 Pre 0.7117 Rec 0.3988
2026-08-30 11:16:20 | Diag logvar_q_mean=-0.0003 logvar_q_clamp=0.0000
2026-08-30 11:16:24 | Epoch 235/400 | Train Loss 2.3119 Acc 0.1491 | Val Loss 2.2572 Acc 0.2464 AUC 0.9927 Pre 0.4106 Rec 0.2281
2026-08-30 11:16:25 | Diag logvar_q_mean=-0.0004 logvar_q_clamp=0.0000
2026-08-30 11:16:29 | Epoch 236/400 | Train Loss 2.3092 Acc 0.1526 | Val Loss 2.2570 Acc 0.2218 AUC 0.9923 Pre 0.7101 Rec 0.2034
2026-08-30 11:16:29 | Diag logvar_q_mean=-0.0004 logvar_q_clamp=0.0000
2026-08-30 11:16:33 | Epoch 237/400 | Train Loss 2.3100 Acc 0.1521 | Val Loss 2.2574 Acc 0.2295 AUC 0.9932 Pre 0.5106 Rec 0.2118
2026-08-30 11:16:34 | Diag logvar_q_mean=-0.0004 logvar_q_clamp=0.0000
2026-08-30 11:16:38 | Epoch 238/400 | Train Loss 2.3110 Acc 0.1517 | Val Loss 2.2578 Acc 0.2131 AUC 0.9919 Pre 0.4033 Rec 0.1949
2026-08-30 11:16:38 | Diag logvar_q_mean=-0.0004 logvar_q_clamp=0.0000
2026-08-30 11:16:42 | Epoch 239/400 | Train Loss 2.3079 Acc 0.1520 | Val Loss 2.2573 Acc 0.2678 AUC 0.9932 Pre 0.7108 Rec 0.2513
2026-08-30 11:16:43 | Diag logvar_q_mean=-0.0004 logvar_q_clamp=0.0000
2026-08-30 11:16:47 | Epoch 240/400 | Train Loss 2.3097 Acc 0.1526 | Val Loss 2.2567 Acc 0.2645 AUC 0.9944 Pre 0.7082 Rec 0.2475
2026-08-30 11:16:48 | Diag logvar_q_mean=-0.0004 logvar_q_clamp=0.0000
2026-08-30 11:16:52 | Epoch 241/400 | Train Loss 2.3087 Acc 0.1523 | Val Loss 2.2557 Acc 0.3754 AUC 0.9952 Pre 0.7113 Rec 0.3593
2026-08-30 11:16:52 | Diag logvar_q_mean=-0.0004 logvar_q_clamp=0.0000
2026-08-30 11:16:56 | Epoch 242/400 | Train Loss 2.3113 Acc 0.1514 | Val Loss 2.2572 Acc 0.3169 AUC 0.9944 Pre 0.7089 Rec 0.3001
2026-08-30 11:16:57 | Diag logvar_q_mean=-0.0004 logvar_q_clamp=0.0000
2026-08-30 11:17:01 | Epoch 243/400 | Train Loss 2.3104 Acc 0.1517 | Val Loss 2.2575 Acc 0.3298 AUC 0.9946 Pre 0.6106 Rec 0.3128
2026-08-30 11:17:01 | Diag logvar_q_mean=-0.0004 logvar_q_clamp=0.0000
2026-08-30 11:17:05 | Epoch 244/400 | Train Loss 2.3096 Acc 0.1502 | Val Loss 2.2580 Acc 0.2473 AUC 0.9940 Pre 0.8112 Rec 0.2292
2026-08-30 11:17:06 | Diag logvar_q_mean=-0.0004 logvar_q_clamp=0.0000
2026-08-30 11:17:10 | Epoch 245/400 | Train Loss 2.3098 Acc 0.1529 | Val Loss 2.2577 Acc 0.3874 AUC 0.9948 Pre 0.6105 Rec 0.3712
2026-08-30 11:17:11 | Diag logvar_q_mean=-0.0004 logvar_q_clamp=0.0000
2026-08-30 11:17:14 | Epoch 246/400 | Train Loss 2.3098 Acc 0.1527 | Val Loss 2.2581 Acc 0.2367 AUC 0.9941 Pre 0.6742 Rec 0.2181
2026-08-30 11:17:15 | Diag logvar_q_mean=-0.0003 logvar_q_clamp=0.0000
2026-08-30 11:17:19 | Epoch 247/400 | Train Loss 2.3086 Acc 0.1566 | Val Loss 2.2566 Acc 0.3961 AUC 0.9943 Pre 0.8121 Rec 0.3772
2026-08-30 11:17:20 | Diag logvar_q_mean=-0.0004 logvar_q_clamp=0.0000
2026-08-30 11:17:24 | Epoch 248/400 | Train Loss 2.3072 Acc 0.1536 | Val Loss 2.2556 Acc 0.4991 AUC 0.9933 Pre 0.7140 Rec 0.4808
2026-08-30 11:17:24 | Diag logvar_q_mean=-0.0003 logvar_q_clamp=0.0000
2026-08-30 11:17:28 | Epoch 249/400 | Train Loss 2.3106 Acc 0.1526 | Val Loss 2.2560 Acc 0.4278 AUC 0.9933 Pre 0.8061 Rec 0.4092
2026-08-30 11:17:29 | Diag logvar_q_mean=-0.0004 logvar_q_clamp=0.0000
2026-08-30 11:17:33 | Epoch 250/400 | Train Loss 2.3086 Acc 0.1549 | Val Loss 2.2556 Acc 0.4737 AUC 0.9941 Pre 0.6135 Rec 0.4540
2026-08-30 11:17:33 | Diag logvar_q_mean=-0.0003 logvar_q_clamp=0.0000
2026-08-30 11:17:37 | Epoch 251/400 | Train Loss 2.3109 Acc 0.1513 | Val Loss 2.2564 Acc 0.4685 AUC 0.9940 Pre 0.5137 Rec 0.4490
2026-08-30 11:17:38 | Diag logvar_q_mean=-0.0004 logvar_q_clamp=0.0000
2026-08-30 11:17:42 | Epoch 252/400 | Train Loss 2.3075 Acc 0.1576 | Val Loss 2.2551 Acc 0.5104 AUC 0.9944 Pre 0.6116 Rec 0.4926
2026-08-30 11:17:43 | Diag logvar_q_mean=-0.0004 logvar_q_clamp=0.0000
2026-08-30 11:17:47 | Epoch 253/400 | Train Loss 2.3095 Acc 0.1523 | Val Loss 2.2553 Acc 0.4749 AUC 0.9941 Pre 0.5106 Rec 0.4576
2026-08-30 11:17:47 | Diag logvar_q_mean=-0.0003 logvar_q_clamp=0.0000
2026-08-30 11:17:51 | Epoch 254/400 | Train Loss 2.3103 Acc 0.1542 | Val Loss 2.2557 Acc 0.4224 AUC 0.9944 Pre 0.6090 Rec 0.4084
2026-08-30 11:17:52 | Diag logvar_q_mean=-0.0004 logvar_q_clamp=0.0000
2026-08-30 11:17:56 | Epoch 255/400 | Train Loss 2.3097 Acc 0.1553 | Val Loss 2.2556 Acc 0.4441 AUC 0.9951 Pre 0.7136 Rec 0.4285
2026-08-30 11:17:57 | Diag logvar_q_mean=-0.0004 logvar_q_clamp=0.0000
2026-08-30 11:18:01 | Epoch 256/400 | Train Loss 2.3083 Acc 0.1553 | Val Loss 2.2551 Acc 0.4341 AUC 0.9951 Pre 0.7102 Rec 0.4158
2026-08-30 11:18:01 | Diag logvar_q_mean=-0.0004 logvar_q_clamp=0.0000
2026-08-30 11:18:05 | Epoch 257/400 | Train Loss 2.3089 Acc 0.1536 | Val Loss 2.2546 Acc 0.4391 AUC 0.9939 Pre 0.7118 Rec 0.4237
2026-08-30 11:18:06 | Diag logvar_q_mean=-0.0004 logvar_q_clamp=0.0000
2026-08-30 11:18:10 | Epoch 258/400 | Train Loss 2.3092 Acc 0.1541 | Val Loss 2.2541 Acc 0.5868 AUC 0.9940 Pre 0.7168 Rec 0.5735
2026-08-30 11:18:11 | Diag logvar_q_mean=-0.0004 logvar_q_clamp=0.0000
2026-08-30 11:18:15 | Epoch 259/400 | Train Loss 2.3095 Acc 0.1552 | Val Loss 2.2545 Acc 0.5217 AUC 0.9940 Pre 0.7138 Rec 0.5085
2026-08-30 11:18:15 | Diag logvar_q_mean=-0.0003 logvar_q_clamp=0.0000
2026-08-30 11:18:19 | Epoch 260/400 | Train Loss 2.3094 Acc 0.1578 | Val Loss 2.2544 Acc 0.4723 AUC 0.9937 Pre 0.7069 Rec 0.4578
2026-08-30 11:18:20 | Diag logvar_q_mean=-0.0005 logvar_q_clamp=0.0000
2026-08-30 11:18:24 | Epoch 261/400 | Train Loss 2.3106 Acc 0.1509 | Val Loss 2.2549 Acc 0.4163 AUC 0.9945 Pre 0.6080 Rec 0.3992
2026-08-30 11:18:25 | Diag logvar_q_mean=-0.0004 logvar_q_clamp=0.0000
2026-08-30 11:18:29 | Epoch 262/400 | Train Loss 2.3116 Acc 0.1539 | Val Loss 2.2561 Acc 0.4681 AUC 0.9934 Pre 0.6125 Rec 0.4530
2026-08-30 11:18:29 | Diag logvar_q_mean=-0.0004 logvar_q_clamp=0.0000
2026-08-30 11:18:33 | Epoch 263/400 | Train Loss 2.3084 Acc 0.1550 | Val Loss 2.2558 Acc 0.2713 AUC 0.9952 Pre 0.7090 Rec 0.2545
2026-08-30 11:18:34 | Diag logvar_q_mean=-0.0004 logvar_q_clamp=0.0000
2026-08-30 11:18:38 | Epoch 264/400 | Train Loss 2.3091 Acc 0.1549 | Val Loss 2.2555 Acc 0.4384 AUC 0.9941 Pre 0.7109 Rec 0.4242
2026-08-30 11:18:39 | Diag logvar_q_mean=-0.0004 logvar_q_clamp=0.0000
2026-08-30 11:18:43 | Epoch 265/400 | Train Loss 2.3087 Acc 0.1564 | Val Loss 2.2556 Acc 0.4029 AUC 0.9933 Pre 0.7094 Rec 0.3873
2026-08-30 11:18:43 | Diag logvar_q_mean=-0.0004 logvar_q_clamp=0.0000
2026-08-30 11:18:47 | Epoch 266/400 | Train Loss 2.3078 Acc 0.1556 | Val Loss 2.2543 Acc 0.5191 AUC 0.9935 Pre 0.7127 Rec 0.5051
2026-08-30 11:18:48 | Diag logvar_q_mean=-0.0004 logvar_q_clamp=0.0000
2026-08-30 11:18:52 | Epoch 267/400 | Train Loss 2.3094 Acc 0.1547 | Val Loss 2.2541 Acc 0.4818 AUC 0.9939 Pre 0.7105 Rec 0.4654
2026-08-30 11:18:52 | Diag logvar_q_mean=-0.0004 logvar_q_clamp=0.0000
2026-08-30 11:18:56 | Epoch 268/400 | Train Loss 2.3083 Acc 0.1570 | Val Loss 2.2540 Acc 0.4151 AUC 0.9947 Pre 0.5117 Rec 0.3992
2026-08-30 11:18:57 | Diag logvar_q_mean=-0.0003 logvar_q_clamp=0.0000
2026-08-30 11:19:01 | Epoch 269/400 | Train Loss 2.3087 Acc 0.1578 | Val Loss 2.2535 Acc 0.3515 AUC 0.9955 Pre 0.8066 Rec 0.3359
2026-08-30 11:19:02 | Diag logvar_q_mean=-0.0004 logvar_q_clamp=0.0000
2026-08-30 11:19:06 | Epoch 270/400 | Train Loss 2.3092 Acc 0.1558 | Val Loss 2.2536 Acc 0.5217 AUC 0.9940 Pre 0.8124 Rec 0.5047
2026-08-30 11:19:06 | Diag logvar_q_mean=-0.0004 logvar_q_clamp=0.0000
2026-08-30 11:19:10 | Epoch 271/400 | Train Loss 2.3111 Acc 0.1549 | Val Loss 2.2543 Acc 0.3641 AUC 0.9944 Pre 0.8105 Rec 0.3491
2026-08-30 11:19:11 | Diag logvar_q_mean=-0.0004 logvar_q_clamp=0.0000
2026-08-30 11:19:15 | Epoch 272/400 | Train Loss 2.3081 Acc 0.1568 | Val Loss 2.2540 Acc 0.4084 AUC 0.9942 Pre 0.7964 Rec 0.3906
2026-08-30 11:19:16 | Diag logvar_q_mean=-0.0005 logvar_q_clamp=0.0000
2026-08-30 11:19:20 | Epoch 273/400 | Train Loss 2.3121 Acc 0.1550 | Val Loss 2.2548 Acc 0.4152 AUC 0.9944 Pre 0.6099 Rec 0.3961
2026-08-30 11:19:20 | Diag logvar_q_mean=-0.0004 logvar_q_clamp=0.0000
2026-08-30 11:19:24 | Epoch 274/400 | Train Loss 2.3124 Acc 0.1514 | Val Loss 2.2564 Acc 0.3355 AUC 0.9939 Pre 0.5957 Rec 0.3154
2026-08-30 11:19:25 | Diag logvar_q_mean=-0.0004 logvar_q_clamp=0.0000
2026-08-30 11:19:29 | Epoch 275/400 | Train Loss 2.3078 Acc 0.1522 | Val Loss 2.2559 Acc 0.4574 AUC 0.9937 Pre 0.8116 Rec 0.4412
2026-08-30 11:19:30 | Diag logvar_q_mean=-0.0004 logvar_q_clamp=0.0000
2026-08-30 11:19:34 | Epoch 276/400 | Train Loss 2.3099 Acc 0.1527 | Val Loss 2.2552 Acc 0.3812 AUC 0.9945 Pre 0.6116 Rec 0.3632
2026-08-30 11:19:34 | Diag logvar_q_mean=-0.0004 logvar_q_clamp=0.0000
2026-08-30 11:19:38 | Epoch 277/400 | Train Loss 2.3096 Acc 0.1535 | Val Loss 2.2557 Acc 0.4966 AUC 0.9947 Pre 0.7120 Rec 0.4805
2026-08-30 11:19:39 | Diag logvar_q_mean=-0.0004 logvar_q_clamp=0.0000
2026-08-30 11:19:43 | Epoch 278/400 | Train Loss 2.3111 Acc 0.1534 | Val Loss 2.2572 Acc 0.3204 AUC 0.9936 Pre 0.6085 Rec 0.3043
2026-08-30 11:19:43 | Diag logvar_q_mean=-0.0004 logvar_q_clamp=0.0000
2026-08-30 11:19:47 | Epoch 279/400 | Train Loss 2.3100 Acc 0.1520 | Val Loss 2.2574 Acc 0.3703 AUC 0.9948 Pre 0.6101 Rec 0.3527
2026-08-30 11:19:48 | Diag logvar_q_mean=-0.0004 logvar_q_clamp=0.0000
2026-08-30 11:19:52 | Epoch 280/400 | Train Loss 2.3085 Acc 0.1531 | Val Loss 2.2564 Acc 0.4921 AUC 0.9939 Pre 0.7127 Rec 0.4772
2026-08-30 11:19:53 | Diag logvar_q_mean=-0.0004 logvar_q_clamp=0.0000
2026-08-30 11:19:56 | Epoch 281/400 | Train Loss 2.3096 Acc 0.1530 | Val Loss 2.2560 Acc 0.4181 AUC 0.9936 Pre 0.7107 Rec 0.4006
2026-08-30 11:19:57 | Diag logvar_q_mean=-0.0004 logvar_q_clamp=0.0000
2026-08-30 11:20:01 | Epoch 282/400 | Train Loss 2.3073 Acc 0.1544 | Val Loss 2.2547 Acc 0.4642 AUC 0.9936 Pre 0.8123 Rec 0.4466
2026-08-30 11:20:02 | Diag logvar_q_mean=-0.0004 logvar_q_clamp=0.0000
2026-08-30 11:20:06 | Epoch 283/400 | Train Loss 2.3089 Acc 0.1570 | Val Loss 2.2542 Acc 0.4830 AUC 0.9932 Pre 0.8105 Rec 0.4645
2026-08-30 11:20:06 | Diag logvar_q_mean=-0.0003 logvar_q_clamp=0.0000
2026-08-30 11:20:10 | Epoch 284/400 | Train Loss 2.3117 Acc 0.1528 | Val Loss 2.2557 Acc 0.4007 AUC 0.9937 Pre 0.8045 Rec 0.3804
2026-08-30 11:20:11 | Diag logvar_q_mean=-0.0004 logvar_q_clamp=0.0000
2026-08-30 11:20:15 | Epoch 285/400 | Train Loss 2.3107 Acc 0.1534 | Val Loss 2.2558 Acc 0.3364 AUC 0.9941 Pre 0.7103 Rec 0.3185
2026-08-30 11:20:15 | Diag logvar_q_mean=-0.0004 logvar_q_clamp=0.0000
2026-08-30 11:20:19 | Epoch 286/400 | Train Loss 2.3097 Acc 0.1556 | Val Loss 2.2557 Acc 0.3504 AUC 0.9949 Pre 0.7089 Rec 0.3296
2026-08-30 11:20:20 | Diag logvar_q_mean=-0.0004 logvar_q_clamp=0.0000
2026-08-30 11:20:24 | Epoch 287/400 | Train Loss 2.3106 Acc 0.1542 | Val Loss 2.2564 Acc 0.4730 AUC 0.9927 Pre 0.5135 Rec 0.4530
2026-08-30 11:20:25 | Diag logvar_q_mean=-0.0003 logvar_q_clamp=0.0000
2026-08-30 11:20:29 | Epoch 288/400 | Train Loss 2.3095 Acc 0.1531 | Val Loss 2.2561 Acc 0.4425 AUC 0.9922 Pre 0.6131 Rec 0.4231
2026-08-30 11:20:29 | Diag logvar_q_mean=-0.0004 logvar_q_clamp=0.0000
2026-08-30 11:20:33 | Epoch 289/400 | Train Loss 2.3097 Acc 0.1517 | Val Loss 2.2555 Acc 0.4761 AUC 0.9936 Pre 0.7142 Rec 0.4569
2026-08-30 11:20:34 | Diag logvar_q_mean=-0.0005 logvar_q_clamp=0.0000
2026-08-30 11:20:38 | Epoch 290/400 | Train Loss 2.3092 Acc 0.1533 | Val Loss 2.2558 Acc 0.5674 AUC 0.9930 Pre 0.7130 Rec 0.5505
2026-08-30 11:20:38 | Diag logvar_q_mean=-0.0004 logvar_q_clamp=0.0000
2026-08-30 11:20:42 | Epoch 291/400 | Train Loss 2.3106 Acc 0.1530 | Val Loss 2.2563 Acc 0.4132 AUC 0.9929 Pre 0.7117 Rec 0.3945
2026-08-30 11:20:43 | Diag logvar_q_mean=-0.0004 logvar_q_clamp=0.0000
2026-08-30 11:20:47 | Epoch 292/400 | Train Loss 2.3080 Acc 0.1556 | Val Loss 2.2558 Acc 0.4746 AUC 0.9931 Pre 0.7122 Rec 0.4558
2026-08-30 11:20:47 | Diag logvar_q_mean=-0.0004 logvar_q_clamp=0.0000
2026-08-30 11:20:51 | Epoch 293/400 | Train Loss 2.3120 Acc 0.1535 | Val Loss 2.2571 Acc 0.4010 AUC 0.9932 Pre 0.8061 Rec 0.3821
2026-08-30 11:20:52 | Diag logvar_q_mean=-0.0004 logvar_q_clamp=0.0000
2026-08-30 11:20:56 | Epoch 294/400 | Train Loss 2.3102 Acc 0.1524 | Val Loss 2.2573 Acc 0.4630 AUC 0.9923 Pre 0.7108 Rec 0.4450
2026-08-30 11:20:57 | Diag logvar_q_mean=-0.0004 logvar_q_clamp=0.0000
2026-08-30 11:21:00 | Epoch 295/400 | Train Loss 2.3100 Acc 0.1516 | Val Loss 2.2569 Acc 0.4524 AUC 0.9933 Pre 0.8090 Rec 0.4344
2026-08-30 11:21:01 | Diag logvar_q_mean=-0.0004 logvar_q_clamp=0.0000
2026-08-30 11:21:05 | Epoch 296/400 | Train Loss 2.3108 Acc 0.1540 | Val Loss 2.2578 Acc 0.5388 AUC 0.9937 Pre 0.7128 Rec 0.5212
2026-08-30 11:21:05 | Diag logvar_q_mean=-0.0003 logvar_q_clamp=0.0000
2026-08-30 11:21:09 | Epoch 297/400 | Train Loss 2.3079 Acc 0.1546 | Val Loss 2.2566 Acc 0.5681 AUC 0.9928 Pre 0.8151 Rec 0.5515
2026-08-30 11:21:10 | Diag logvar_q_mean=-0.0004 logvar_q_clamp=0.0000
2026-08-30 11:21:14 | Epoch 298/400 | Train Loss 2.3090 Acc 0.1554 | Val Loss 2.2561 Acc 0.5792 AUC 0.9935 Pre 0.8010 Rec 0.5619
2026-08-30 11:21:15 | Diag logvar_q_mean=-0.0004 logvar_q_clamp=0.0000
2026-08-30 11:21:19 | Epoch 299/400 | Train Loss 2.3116 Acc 0.1516 | Val Loss 2.2576 Acc 0.4710 AUC 0.9935 Pre 0.8113 Rec 0.4524
2026-08-30 11:21:19 | Diag logvar_q_mean=-0.0003 logvar_q_clamp=0.0000
2026-08-30 11:21:23 | Epoch 300/400 | Train Loss 2.3090 Acc 0.1525 | Val Loss 2.2566 Acc 0.4701 AUC 0.9942 Pre 0.7079 Rec 0.4503
2026-08-30 11:21:24 | Diag logvar_q_mean=-0.0004 logvar_q_clamp=0.0000
2026-08-30 11:21:28 | Epoch 301/400 | Train Loss 2.3110 Acc 0.1535 | Val Loss 2.2575 Acc 0.5732 AUC 0.9936 Pre 0.7143 Rec 0.5559
2026-08-30 11:21:28 | Diag logvar_q_mean=-0.0004 logvar_q_clamp=0.0000
2026-08-30 11:21:32 | Epoch 302/400 | Train Loss 2.3103 Acc 0.1533 | Val Loss 2.2576 Acc 0.5428 AUC 0.9941 Pre 0.8005 Rec 0.5267
2026-08-30 11:21:33 | Diag logvar_q_mean=-0.0004 logvar_q_clamp=0.0000
2026-08-30 11:21:37 | Epoch 303/400 | Train Loss 2.3116 Acc 0.1508 | Val Loss 2.2584 Acc 0.4229 AUC 0.9941 Pre 0.8101 Rec 0.4032
2026-08-30 11:21:37 | Diag logvar_q_mean=-0.0004 logvar_q_clamp=0.0000
2026-08-30 11:21:41 | Epoch 304/400 | Train Loss 2.3072 Acc 0.1563 | Val Loss 2.2567 Acc 0.5269 AUC 0.9928 Pre 0.7127 Rec 0.5086
2026-08-30 11:21:42 | Diag logvar_q_mean=-0.0003 logvar_q_clamp=0.0000
2026-08-30 11:21:46 | Epoch 305/400 | Train Loss 2.3099 Acc 0.1524 | Val Loss 2.2568 Acc 0.4557 AUC 0.9941 Pre 0.7131 Rec 0.4408
2026-08-30 11:21:46 | Diag logvar_q_mean=-0.0004 logvar_q_clamp=0.0000
2026-08-30 11:21:50 | Epoch 306/400 | Train Loss 2.3101 Acc 0.1523 | Val Loss 2.2571 Acc 0.3486 AUC 0.9934 Pre 0.6999 Rec 0.3315
2026-08-30 11:21:51 | Diag logvar_q_mean=-0.0004 logvar_q_clamp=0.0000
2026-08-30 11:21:55 | Epoch 307/400 | Train Loss 2.3078 Acc 0.1559 | Val Loss 2.2557 Acc 0.4228 AUC 0.9935 Pre 0.8123 Rec 0.4072
2026-08-30 11:21:56 | Diag logvar_q_mean=-0.0004 logvar_q_clamp=0.0000
2026-08-30 11:22:00 | Epoch 308/400 | Train Loss 2.3127 Acc 0.1518 | Val Loss 2.2572 Acc 0.4648 AUC 0.9943 Pre 0.5139 Rec 0.4480
2026-08-30 11:22:00 | Diag logvar_q_mean=-0.0004 logvar_q_clamp=0.0000
2026-08-30 11:22:04 | Epoch 309/400 | Train Loss 2.3086 Acc 0.1553 | Val Loss 2.2567 Acc 0.3994 AUC 0.9942 Pre 0.6066 Rec 0.3834
2026-08-30 11:22:05 | Diag logvar_q_mean=-0.0004 logvar_q_clamp=0.0000
2026-08-30 11:22:09 | Epoch 310/400 | Train Loss 2.3084 Acc 0.1536 | Val Loss 2.2560 Acc 0.2917 AUC 0.9946 Pre 0.6063 Rec 0.2760
2026-08-30 11:22:10 | Diag logvar_q_mean=-0.0003 logvar_q_clamp=0.0000
2026-08-30 11:22:14 | Epoch 311/400 | Train Loss 2.3120 Acc 0.1535 | Val Loss 2.2568 Acc 0.3399 AUC 0.9934 Pre 0.6101 Rec 0.3239
2026-08-30 11:22:14 | Diag logvar_q_mean=-0.0004 logvar_q_clamp=0.0000
2026-08-30 11:22:18 | Epoch 312/400 | Train Loss 2.3102 Acc 0.1528 | Val Loss 2.2569 Acc 0.3906 AUC 0.9943 Pre 0.6120 Rec 0.3752
2026-08-30 11:22:19 | Diag logvar_q_mean=-0.0005 logvar_q_clamp=0.0000
2026-08-30 11:22:23 | Epoch 313/400 | Train Loss 2.3083 Acc 0.1511 | Val Loss 2.2562 Acc 0.4312 AUC 0.9939 Pre 0.5128 Rec 0.4137
2026-08-30 11:22:23 | Diag logvar_q_mean=-0.0004 logvar_q_clamp=0.0000
2026-08-30 11:22:27 | Epoch 314/400 | Train Loss 2.3109 Acc 0.1541 | Val Loss 2.2566 Acc 0.4147 AUC 0.9936 Pre 0.7839 Rec 0.3940
2026-08-30 11:22:28 | Diag logvar_q_mean=-0.0004 logvar_q_clamp=0.0000
2026-08-30 11:22:32 | Epoch 315/400 | Train Loss 2.3081 Acc 0.1537 | Val Loss 2.2560 Acc 0.4362 AUC 0.9941 Pre 0.7108 Rec 0.4189
2026-08-30 11:22:33 | Diag logvar_q_mean=-0.0004 logvar_q_clamp=0.0000
2026-08-30 11:22:37 | Epoch 316/400 | Train Loss 2.3092 Acc 0.1570 | Val Loss 2.2559 Acc 0.4088 AUC 0.9943 Pre 0.7132 Rec 0.3921
2026-08-30 11:22:37 | Diag logvar_q_mean=-0.0004 logvar_q_clamp=0.0000
2026-08-30 11:22:41 | Epoch 317/400 | Train Loss 2.3072 Acc 0.1556 | Val Loss 2.2547 Acc 0.4762 AUC 0.9936 Pre 0.8119 Rec 0.4593
2026-08-30 11:22:42 | Diag logvar_q_mean=-0.0004 logvar_q_clamp=0.0000
2026-08-30 11:22:46 | Epoch 318/400 | Train Loss 2.3089 Acc 0.1546 | Val Loss 2.2538 Acc 0.6352 AUC 0.9944 Pre 0.8181 Rec 0.6211
2026-08-30 11:22:46 | Diag logvar_q_mean=-0.0004 logvar_q_clamp=0.0000
2026-08-30 11:22:50 | Epoch 319/400 | Train Loss 2.3077 Acc 0.1571 | Val Loss 2.2528 Acc 0.5565 AUC 0.9940 Pre 0.8136 Rec 0.5394
2026-08-30 11:22:51 | Diag logvar_q_mean=-0.0004 logvar_q_clamp=0.0000
2026-08-30 11:22:55 | Epoch 320/400 | Train Loss 2.3114 Acc 0.1557 | Val Loss 2.2543 Acc 0.5117 AUC 0.9941 Pre 0.8122 Rec 0.4959
2026-08-30 11:22:56 | Diag logvar_q_mean=-0.0004 logvar_q_clamp=0.0000
2026-08-30 11:23:00 | Epoch 321/400 | Train Loss 2.3112 Acc 0.1561 | Val Loss 2.2549 Acc 0.5561 AUC 0.9938 Pre 0.7127 Rec 0.5389
2026-08-30 11:23:00 | Diag logvar_q_mean=-0.0003 logvar_q_clamp=0.0000
2026-08-30 11:23:04 | Epoch 322/400 | Train Loss 2.3075 Acc 0.1565 | Val Loss 2.2544 Acc 0.4577 AUC 0.9941 Pre 0.6120 Rec 0.4408
2026-08-30 11:23:05 | Diag logvar_q_mean=-0.0004 logvar_q_clamp=0.0000
2026-08-30 11:23:09 | Epoch 323/400 | Train Loss 2.3108 Acc 0.1544 | Val Loss 2.2545 Acc 0.4731 AUC 0.9938 Pre 0.7100 Rec 0.4549
2026-08-30 11:23:09 | Diag logvar_q_mean=-0.0004 logvar_q_clamp=0.0000
2026-08-30 11:23:13 | Epoch 324/400 | Train Loss 2.3107 Acc 0.1517 | Val Loss 2.2557 Acc 0.3381 AUC 0.9946 Pre 0.8112 Rec 0.3186
2026-08-30 11:23:14 | Diag logvar_q_mean=-0.0004 logvar_q_clamp=0.0000
2026-08-30 11:23:18 | Epoch 325/400 | Train Loss 2.3111 Acc 0.1533 | Val Loss 2.2566 Acc 0.3561 AUC 0.9945 Pre 0.7051 Rec 0.3392
2026-08-30 11:23:18 | Diag logvar_q_mean=-0.0004 logvar_q_clamp=0.0000
2026-08-30 11:23:22 | Epoch 326/400 | Train Loss 2.3090 Acc 0.1543 | Val Loss 2.2561 Acc 0.3547 AUC 0.9938 Pre 0.6099 Rec 0.3379
2026-08-30 11:23:23 | Diag logvar_q_mean=-0.0004 logvar_q_clamp=0.0000
2026-08-30 11:23:27 | Epoch 327/400 | Train Loss 2.3098 Acc 0.1520 | Val Loss 2.2561 Acc 0.3582 AUC 0.9938 Pre 0.6339 Rec 0.3419
2026-08-30 11:23:28 | Diag logvar_q_mean=-0.0004 logvar_q_clamp=0.0000
2026-08-30 11:23:31 | Epoch 328/400 | Train Loss 2.3091 Acc 0.1512 | Val Loss 2.2561 Acc 0.3885 AUC 0.9923 Pre 0.7109 Rec 0.3716
2026-08-30 11:23:32 | Diag logvar_q_mean=-0.0004 logvar_q_clamp=0.0000
2026-08-30 11:23:36 | Epoch 329/400 | Train Loss 2.3083 Acc 0.1532 | Val Loss 2.2553 Acc 0.3581 AUC 0.9924 Pre 0.7107 Rec 0.3414
2026-08-30 11:23:37 | Diag logvar_q_mean=-0.0004 logvar_q_clamp=0.0000
2026-08-30 11:23:41 | Epoch 330/400 | Train Loss 2.3098 Acc 0.1548 | Val Loss 2.2544 Acc 0.5180 AUC 0.9938 Pre 0.8141 Rec 0.5002
2026-08-30 11:23:41 | Diag logvar_q_mean=-0.0004 logvar_q_clamp=0.0000
2026-08-30 11:23:45 | Epoch 331/400 | Train Loss 2.3113 Acc 0.1525 | Val Loss 2.2565 Acc 0.2261 AUC 0.9938 Pre 0.7108 Rec 0.2077
2026-08-30 11:23:46 | Diag logvar_q_mean=-0.0004 logvar_q_clamp=0.0000
2026-08-30 11:23:50 | Epoch 332/400 | Train Loss 2.3070 Acc 0.1559 | Val Loss 2.2543 Acc 0.4347 AUC 0.9938 Pre 0.8127 Rec 0.4197
2026-08-30 11:23:51 | Diag logvar_q_mean=-0.0004 logvar_q_clamp=0.0000
2026-08-30 11:23:55 | Epoch 333/400 | Train Loss 2.3084 Acc 0.1558 | Val Loss 2.2540 Acc 0.3268 AUC 0.9934 Pre 0.7082 Rec 0.3116
2026-08-30 11:23:55 | Diag logvar_q_mean=-0.0004 logvar_q_clamp=0.0000
2026-08-30 11:23:59 | Epoch 334/400 | Train Loss 2.3107 Acc 0.1541 | Val Loss 2.2544 Acc 0.4256 AUC 0.9921 Pre 0.8108 Rec 0.4121
2026-08-30 11:24:00 | Diag logvar_q_mean=-0.0004 logvar_q_clamp=0.0000
2026-08-30 11:24:04 | Epoch 335/400 | Train Loss 2.3089 Acc 0.1561 | Val Loss 2.2543 Acc 0.5061 AUC 0.9933 Pre 0.8119 Rec 0.4892
2026-08-30 11:24:04 | Diag logvar_q_mean=-0.0005 logvar_q_clamp=0.0000
2026-08-30 11:24:08 | Epoch 336/400 | Train Loss 2.3071 Acc 0.1580 | Val Loss 2.2521 Acc 0.6998 AUC 0.9922 Pre 0.8184 Rec 0.6854
2026-08-30 11:24:09 | Diag logvar_q_mean=-0.0004 logvar_q_clamp=0.0000
2026-08-30 11:24:13 | Epoch 337/400 | Train Loss 2.3105 Acc 0.1561 | Val Loss 2.2525 Acc 0.6731 AUC 0.9919 Pre 0.8177 Rec 0.6588
2026-08-30 11:24:14 | Diag logvar_q_mean=-0.0004 logvar_q_clamp=0.0000
2026-08-30 11:24:18 | Epoch 338/400 | Train Loss 2.3098 Acc 0.1537 | Val Loss 2.2529 Acc 0.6869 AUC 0.9929 Pre 0.8166 Rec 0.6729
2026-08-30 11:24:18 | Diag logvar_q_mean=-0.0004 logvar_q_clamp=0.0000
2026-08-30 11:24:22 | Epoch 339/400 | Train Loss 2.3115 Acc 0.1554 | Val Loss 2.2550 Acc 0.6223 AUC 0.9922 Pre 0.8157 Rec 0.6071
2026-08-30 11:24:23 | Diag logvar_q_mean=-0.0004 logvar_q_clamp=0.0000
2026-08-30 11:24:27 | Epoch 340/400 | Train Loss 2.3102 Acc 0.1536 | Val Loss 2.2551 Acc 0.5500 AUC 0.9932 Pre 0.8056 Rec 0.5339
2026-08-30 11:24:27 | Diag logvar_q_mean=-0.0004 logvar_q_clamp=0.0000
2026-08-30 11:24:31 | Epoch 341/400 | Train Loss 2.3101 Acc 0.1531 | Val Loss 2.2553 Acc 0.4121 AUC 0.9939 Pre 0.7105 Rec 0.3977
2026-08-30 11:24:32 | Diag logvar_q_mean=-0.0004 logvar_q_clamp=0.0000
2026-08-30 11:24:36 | Epoch 342/400 | Train Loss 2.3110 Acc 0.1531 | Val Loss 2.2566 Acc 0.4349 AUC 0.9937 Pre 0.7122 Rec 0.4178
2026-08-30 11:24:36 | Diag logvar_q_mean=-0.0004 logvar_q_clamp=0.0000
2026-08-30 11:24:41 | Epoch 343/400 | Train Loss 2.3084 Acc 0.1576 | Val Loss 2.2555 Acc 0.4390 AUC 0.9942 Pre 0.7125 Rec 0.4241
2026-08-30 11:24:41 | Diag logvar_q_mean=-0.0004 logvar_q_clamp=0.0000
2026-08-30 11:24:45 | Epoch 344/400 | Train Loss 2.3096 Acc 0.1556 | Val Loss 2.2557 Acc 0.5240 AUC 0.9938 Pre 0.7082 Rec 0.5085
2026-08-30 11:24:46 | Diag logvar_q_mean=-0.0004 logvar_q_clamp=0.0000
2026-08-30 11:24:50 | Epoch 345/400 | Train Loss 2.3108 Acc 0.1522 | Val Loss 2.2564 Acc 0.4604 AUC 0.9922 Pre 0.7975 Rec 0.4438
2026-08-30 11:24:50 | Diag logvar_q_mean=-0.0004 logvar_q_clamp=0.0000
2026-08-30 11:24:54 | Epoch 346/400 | Train Loss 2.3071 Acc 0.1578 | Val Loss 2.2547 Acc 0.5426 AUC 0.9941 Pre 0.6795 Rec 0.5286
2026-08-30 11:24:55 | Diag logvar_q_mean=-0.0004 logvar_q_clamp=0.0000
2026-08-30 11:24:59 | Epoch 347/400 | Train Loss 2.3116 Acc 0.1526 | Val Loss 2.2555 Acc 0.4334 AUC 0.9941 Pre 0.8106 Rec 0.4176
2026-08-30 11:24:59 | Diag logvar_q_mean=-0.0004 logvar_q_clamp=0.0000
2026-08-30 11:25:03 | Epoch 348/400 | Train Loss 2.3090 Acc 0.1560 | Val Loss 2.2554 Acc 0.4669 AUC 0.9941 Pre 0.7121 Rec 0.4508
2026-08-30 11:25:04 | Diag logvar_q_mean=-0.0003 logvar_q_clamp=0.0000
2026-08-30 11:25:08 | Epoch 349/400 | Train Loss 2.3089 Acc 0.1530 | Val Loss 2.2547 Acc 0.4941 AUC 0.9914 Pre 0.8117 Rec 0.4782
2026-08-30 11:25:09 | Diag logvar_q_mean=-0.0004 logvar_q_clamp=0.0000
2026-08-30 11:25:13 | Epoch 350/400 | Train Loss 2.3103 Acc 0.1533 | Val Loss 2.2554 Acc 0.3214 AUC 0.9928 Pre 0.7048 Rec 0.3063
2026-08-30 11:25:13 | Diag logvar_q_mean=-0.0004 logvar_q_clamp=0.0000
2026-08-30 11:25:17 | Epoch 351/400 | Train Loss 2.3109 Acc 0.1530 | Val Loss 2.2559 Acc 0.3290 AUC 0.9923 Pre 0.6054 Rec 0.3133
2026-08-30 11:25:18 | Diag logvar_q_mean=-0.0004 logvar_q_clamp=0.0000
2026-08-30 11:25:22 | Epoch 352/400 | Train Loss 2.3097 Acc 0.1542 | Val Loss 2.2558 Acc 0.3805 AUC 0.9920 Pre 0.6078 Rec 0.3663
2026-08-30 11:25:23 | Diag logvar_q_mean=-0.0004 logvar_q_clamp=0.0000
2026-08-30 11:25:27 | Epoch 353/400 | Train Loss 2.3086 Acc 0.1560 | Val Loss 2.2555 Acc 0.3769 AUC 0.9937 Pre 0.5978 Rec 0.3601
2026-08-30 11:25:27 | Diag logvar_q_mean=-0.0004 logvar_q_clamp=0.0000
2026-08-30 11:25:31 | Epoch 354/400 | Train Loss 2.3120 Acc 0.1518 | Val Loss 2.2567 Acc 0.3283 AUC 0.9936 Pre 0.7116 Rec 0.3108
2026-08-30 11:25:32 | Diag logvar_q_mean=-0.0004 logvar_q_clamp=0.0000
2026-08-30 11:25:36 | Epoch 355/400 | Train Loss 2.3107 Acc 0.1549 | Val Loss 2.2572 Acc 0.3276 AUC 0.9942 Pre 0.5106 Rec 0.3107
2026-08-30 11:25:37 | Diag logvar_q_mean=-0.0004 logvar_q_clamp=0.0000
2026-08-30 11:25:41 | Epoch 356/400 | Train Loss 2.3108 Acc 0.1521 | Val Loss 2.2571 Acc 0.3152 AUC 0.9947 Pre 0.6110 Rec 0.2978
2026-08-30 11:25:41 | Diag logvar_q_mean=-0.0004 logvar_q_clamp=0.0000
2026-08-30 11:25:45 | Epoch 357/400 | Train Loss 2.3089 Acc 0.1519 | Val Loss 2.2565 Acc 0.3484 AUC 0.9940 Pre 0.6089 Rec 0.3300
2026-08-30 11:25:46 | Diag logvar_q_mean=-0.0004 logvar_q_clamp=0.0000
2026-08-30 11:25:50 | Epoch 358/400 | Train Loss 2.3090 Acc 0.1551 | Val Loss 2.2563 Acc 0.4278 AUC 0.9942 Pre 0.6117 Rec 0.4104
2026-08-30 11:25:51 | Diag logvar_q_mean=-0.0004 logvar_q_clamp=0.0000
2026-08-30 11:25:55 | Epoch 359/400 | Train Loss 2.3096 Acc 0.1548 | Val Loss 2.2563 Acc 0.4053 AUC 0.9926 Pre 0.6020 Rec 0.3880
2026-08-30 11:25:56 | Diag logvar_q_mean=-0.0004 logvar_q_clamp=0.0000
2026-08-30 11:26:00 | Epoch 360/400 | Train Loss 2.3087 Acc 0.1550 | Val Loss 2.2553 Acc 0.5119 AUC 0.9935 Pre 0.7138 Rec 0.4947
2026-08-30 11:26:00 | Diag logvar_q_mean=-0.0004 logvar_q_clamp=0.0000
2026-08-30 11:26:04 | Epoch 361/400 | Train Loss 2.3096 Acc 0.1532 | Val Loss 2.2556 Acc 0.4364 AUC 0.9941 Pre 0.5615 Rec 0.4185
2026-08-30 11:26:05 | Diag logvar_q_mean=-0.0004 logvar_q_clamp=0.0000
2026-08-30 11:26:09 | Epoch 362/400 | Train Loss 2.3083 Acc 0.1547 | Val Loss 2.2545 Acc 0.4828 AUC 0.9942 Pre 0.8115 Rec 0.4679
2026-08-30 11:26:10 | Diag logvar_q_mean=-0.0004 logvar_q_clamp=0.0000
2026-08-30 11:26:14 | Epoch 363/400 | Train Loss 2.3122 Acc 0.1521 | Val Loss 2.2558 Acc 0.3800 AUC 0.9940 Pre 0.5129 Rec 0.3616
2026-08-30 11:26:14 | Diag logvar_q_mean=-0.0004 logvar_q_clamp=0.0000
2026-08-30 11:26:18 | Epoch 364/400 | Train Loss 2.3092 Acc 0.1553 | Val Loss 2.2559 Acc 0.3338 AUC 0.9941 Pre 0.6105 Rec 0.3160
2026-08-30 11:26:19 | Diag logvar_q_mean=-0.0003 logvar_q_clamp=0.0000
2026-08-30 11:26:23 | Epoch 365/400 | Train Loss 2.3096 Acc 0.1515 | Val Loss 2.2558 Acc 0.3229 AUC 0.9940 Pre 0.7089 Rec 0.3030
2026-08-30 11:26:23 | Diag logvar_q_mean=-0.0004 logvar_q_clamp=0.0000
2026-08-30 11:26:27 | Epoch 366/400 | Train Loss 2.3095 Acc 0.1531 | Val Loss 2.2560 Acc 0.5005 AUC 0.9939 Pre 0.7791 Rec 0.4853
2026-08-30 11:26:28 | Diag logvar_q_mean=-0.0004 logvar_q_clamp=0.0000
2026-08-30 11:26:32 | Epoch 367/400 | Train Loss 2.3093 Acc 0.1532 | Val Loss 2.2557 Acc 0.4458 AUC 0.9940 Pre 0.8132 Rec 0.4323
2026-08-30 11:26:33 | Diag logvar_q_mean=-0.0003 logvar_q_clamp=0.0000
2026-08-30 11:26:37 | Epoch 368/400 | Train Loss 2.3090 Acc 0.1547 | Val Loss 2.2557 Acc 0.5001 AUC 0.9939 Pre 0.7102 Rec 0.4839
2026-08-30 11:26:37 | Diag logvar_q_mean=-0.0003 logvar_q_clamp=0.0000
2026-08-30 11:26:41 | Epoch 369/400 | Train Loss 2.3100 Acc 0.1549 | Val Loss 2.2555 Acc 0.4654 AUC 0.9941 Pre 0.7081 Rec 0.4498
2026-08-30 11:26:42 | Diag logvar_q_mean=-0.0004 logvar_q_clamp=0.0000
2026-08-30 11:26:46 | Epoch 370/400 | Train Loss 2.3086 Acc 0.1560 | Val Loss 2.2549 Acc 0.5936 AUC 0.9932 Pre 0.7151 Rec 0.5791
2026-08-30 11:26:46 | Diag logvar_q_mean=-0.0004 logvar_q_clamp=0.0000
2026-08-30 11:26:51 | Epoch 371/400 | Train Loss 2.3077 Acc 0.1561 | Val Loss 2.2539 Acc 0.5854 AUC 0.9939 Pre 0.7147 Rec 0.5705
2026-08-30 11:26:51 | Diag logvar_q_mean=-0.0004 logvar_q_clamp=0.0000
2026-08-30 11:26:55 | Epoch 372/400 | Train Loss 2.3109 Acc 0.1567 | Val Loss 2.2547 Acc 0.4697 AUC 0.9928 Pre 0.7084 Rec 0.4537
2026-08-30 11:26:56 | Diag logvar_q_mean=-0.0004 logvar_q_clamp=0.0000
2026-08-30 11:27:00 | Epoch 373/400 | Train Loss 2.3110 Acc 0.1538 | Val Loss 2.2556 Acc 0.4524 AUC 0.9940 Pre 0.7105 Rec 0.4359
2026-08-30 11:27:00 | Diag logvar_q_mean=-0.0004 logvar_q_clamp=0.0000
2026-08-30 11:27:05 | Epoch 374/400 | Train Loss 2.3104 Acc 0.1549 | Val Loss 2.2562 Acc 0.3957 AUC 0.9936 Pre 0.5100 Rec 0.3801
2026-08-30 11:27:05 | Diag logvar_q_mean=-0.0004 logvar_q_clamp=0.0000
2026-08-30 11:27:09 | Epoch 375/400 | Train Loss 2.3079 Acc 0.1569 | Val Loss 2.2550 Acc 0.4633 AUC 0.9925 Pre 0.6108 Rec 0.4461
2026-08-30 11:27:10 | Diag logvar_q_mean=-0.0004 logvar_q_clamp=0.0000
2026-08-30 11:27:14 | Epoch 376/400 | Train Loss 2.3108 Acc 0.1557 | Val Loss 2.2556 Acc 0.3966 AUC 0.9924 Pre 0.6095 Rec 0.3801
2026-08-30 11:27:14 | Diag logvar_q_mean=-0.0004 logvar_q_clamp=0.0000
2026-08-30 11:27:18 | Epoch 377/400 | Train Loss 2.3089 Acc 0.1508 | Val Loss 2.2546 Acc 0.4313 AUC 0.9921 Pre 0.7095 Rec 0.4144
2026-08-30 11:27:19 | Diag logvar_q_mean=-0.0004 logvar_q_clamp=0.0000
2026-08-30 11:27:23 | Epoch 378/400 | Train Loss 2.3076 Acc 0.1567 | Val Loss 2.2538 Acc 0.4945 AUC 0.9921 Pre 0.8109 Rec 0.4793
2026-08-30 11:27:24 | Diag logvar_q_mean=-0.0004 logvar_q_clamp=0.0000
2026-08-30 11:27:28 | Epoch 379/400 | Train Loss 2.3119 Acc 0.1528 | Val Loss 2.2555 Acc 0.5208 AUC 0.9926 Pre 0.7116 Rec 0.5058
2026-08-30 11:27:28 | Diag logvar_q_mean=-0.0004 logvar_q_clamp=0.0000
2026-08-30 11:27:32 | Epoch 380/400 | Train Loss 2.3076 Acc 0.1546 | Val Loss 2.2542 Acc 0.4797 AUC 0.9929 Pre 0.5107 Rec 0.4669
2026-08-30 11:27:33 | Diag logvar_q_mean=-0.0004 logvar_q_clamp=0.0000
2026-08-30 11:27:37 | Epoch 381/400 | Train Loss 2.3104 Acc 0.1555 | Val Loss 2.2546 Acc 0.5334 AUC 0.9926 Pre 0.7127 Rec 0.5186
2026-08-30 11:27:37 | Diag logvar_q_mean=-0.0004 logvar_q_clamp=0.0000
2026-08-30 11:27:41 | Epoch 382/400 | Train Loss 2.3087 Acc 0.1529 | Val Loss 2.2542 Acc 0.5024 AUC 0.9942 Pre 0.8117 Rec 0.4865
2026-08-30 11:27:42 | Diag logvar_q_mean=-0.0004 logvar_q_clamp=0.0000
2026-08-30 11:27:46 | Epoch 383/400 | Train Loss 2.3085 Acc 0.1555 | Val Loss 2.2539 Acc 0.4297 AUC 0.9945 Pre 0.8017 Rec 0.4125
2026-08-30 11:27:47 | Diag logvar_q_mean=-0.0003 logvar_q_clamp=0.0000
2026-08-30 11:27:50 | Epoch 384/400 | Train Loss 2.3076 Acc 0.1583 | Val Loss 2.2526 Acc 0.5101 AUC 0.9945 Pre 0.8116 Rec 0.4960
2026-08-30 11:27:51 | Diag logvar_q_mean=-0.0004 logvar_q_clamp=0.0000
2026-08-30 11:27:55 | Epoch 385/400 | Train Loss 2.3111 Acc 0.1542 | Val Loss 2.2537 Acc 0.4958 AUC 0.9944 Pre 0.8099 Rec 0.4813
2026-08-30 11:27:56 | Diag logvar_q_mean=-0.0004 logvar_q_clamp=0.0000
2026-08-30 11:27:59 | Epoch 386/400 | Train Loss 2.3116 Acc 0.1515 | Val Loss 2.2550 Acc 0.4163 AUC 0.9941 Pre 0.7089 Rec 0.4030
2026-08-30 11:28:00 | Diag logvar_q_mean=-0.0004 logvar_q_clamp=0.0000
2026-08-30 11:28:04 | Epoch 387/400 | Train Loss 2.3089 Acc 0.1541 | Val Loss 2.2549 Acc 0.5489 AUC 0.9948 Pre 0.7114 Rec 0.5349
2026-08-30 11:28:04 | Diag logvar_q_mean=-0.0004 logvar_q_clamp=0.0000
2026-08-30 11:28:08 | Epoch 388/400 | Train Loss 2.3116 Acc 0.1521 | Val Loss 2.2561 Acc 0.4330 AUC 0.9943 Pre 0.7004 Rec 0.4193
2026-08-30 11:28:09 | Diag logvar_q_mean=-0.0003 logvar_q_clamp=0.0000
2026-08-30 11:28:13 | Epoch 389/400 | Train Loss 2.3089 Acc 0.1550 | Val Loss 2.2549 Acc 0.5307 AUC 0.9937 Pre 0.7127 Rec 0.5159
2026-08-30 11:28:14 | Diag logvar_q_mean=-0.0004 logvar_q_clamp=0.0000
2026-08-30 11:28:17 | Epoch 390/400 | Train Loss 2.3112 Acc 0.1540 | Val Loss 2.2560 Acc 0.4850 AUC 0.9927 Pre 0.8102 Rec 0.4698
2026-08-30 11:28:18 | Diag logvar_q_mean=-0.0003 logvar_q_clamp=0.0000
2026-08-30 11:28:22 | Epoch 391/400 | Train Loss 2.3097 Acc 0.1541 | Val Loss 2.2560 Acc 0.3953 AUC 0.9948 Pre 0.7045 Rec 0.3814
2026-08-30 11:28:22 | Diag logvar_q_mean=-0.0004 logvar_q_clamp=0.0000
2026-08-30 11:28:26 | Epoch 392/400 | Train Loss 2.3089 Acc 0.1538 | Val Loss 2.2556 Acc 0.3639 AUC 0.9939 Pre 0.8057 Rec 0.3495
2026-08-30 11:28:27 | Diag logvar_q_mean=-0.0004 logvar_q_clamp=0.0000
2026-08-30 11:28:31 | Epoch 393/400 | Train Loss 2.3092 Acc 0.1532 | Val Loss 2.2552 Acc 0.3883 AUC 0.9942 Pre 0.7104 Rec 0.3752
2026-08-30 11:28:32 | Diag logvar_q_mean=-0.0004 logvar_q_clamp=0.0000
2026-08-30 11:28:35 | Epoch 394/400 | Train Loss 2.3094 Acc 0.1543 | Val Loss 2.2553 Acc 0.4005 AUC 0.9923 Pre 0.7105 Rec 0.3852
2026-08-30 11:28:36 | Diag logvar_q_mean=-0.0004 logvar_q_clamp=0.0000
2026-08-30 11:28:40 | Epoch 395/400 | Train Loss 2.3096 Acc 0.1541 | Val Loss 2.2553 Acc 0.2862 AUC 0.9941 Pre 0.7090 Rec 0.2694
2026-08-30 11:28:41 | Diag logvar_q_mean=-0.0004 logvar_q_clamp=0.0000
2026-08-30 11:28:44 | Epoch 396/400 | Train Loss 2.3118 Acc 0.1515 | Val Loss 2.2562 Acc 0.3598 AUC 0.9943 Pre 0.4112 Rec 0.3418
2026-08-30 11:28:45 | Diag logvar_q_mean=-0.0004 logvar_q_clamp=0.0000
2026-08-30 11:28:49 | Epoch 397/400 | Train Loss 2.3096 Acc 0.1548 | Val Loss 2.2560 Acc 0.2877 AUC 0.9939 Pre 0.5105 Rec 0.2720
2026-08-30 11:28:50 | Diag logvar_q_mean=-0.0004 logvar_q_clamp=0.0000
2026-08-30 11:28:54 | Epoch 398/400 | Train Loss 2.3055 Acc 0.1570 | Val Loss 2.2537 Acc 0.3061 AUC 0.9933 Pre 0.6093 Rec 0.2904
2026-08-30 11:28:54 | Diag logvar_q_mean=-0.0004 logvar_q_clamp=0.0000
2026-08-30 11:28:58 | Epoch 399/400 | Train Loss 2.3100 Acc 0.1561 | Val Loss 2.2546 Acc 0.2434 AUC 0.9938 Pre 0.5107 Rec 0.2260
2026-08-30 11:28:59 | Diag logvar_q_mean=-0.0004 logvar_q_clamp=0.0000
2026-08-30 11:29:03 | Epoch 400/400 | Train Loss 2.3085 Acc 0.1577 | Val Loss 2.2534 Acc 0.2419 AUC 0.9940 Pre 0.8106 Rec 0.2229
2026-08-30 11:29:04 | Diag logvar_q_mean=-0.0004 logvar_q_clamp=0.0000
2026-08-30 11:29:04 | Run 4/5 | Test (best model @ Epoch 39) | Loss 2.2661 Acc 0.2172 AUC 0.9961 Pre 0.5100 Rec 0.2011
2026-08-30 11:29:04 | ===== Run 5/5 (seed 4) =====
2026-08-30 11:29:09 | Epoch   1/400 | Train Loss 2.4361 Acc 0.1062 | Val Loss 2.2871 Acc 0.1405 AUC 0.9017 Pre 0.1109 Rec 0.1276
2026-08-30 11:29:09 | Diag logvar_q_mean=-0.0004 logvar_q_clamp=0.0000
2026-08-30 11:29:09 |   Val AUC improved to 0.9017, model saved
2026-08-30 11:29:13 | Epoch   2/400 | Train Loss 2.3243 Acc 0.1178 | Val Loss 2.2867 Acc 0.1129 AUC 0.9394 Pre 0.0113 Rec 0.1000
2026-08-30 11:29:14 | Diag logvar_q_mean=-0.0003 logvar_q_clamp=0.0000
2026-08-30 11:29:14 |   Val AUC improved to 0.9394, model saved
2026-08-30 11:29:18 | Epoch   3/400 | Train Loss 2.3128 Acc 0.1223 | Val Loss 2.2877 Acc 0.1129 AUC 0.9413 Pre 0.0113 Rec 0.1000
2026-08-30 11:29:18 | Diag logvar_q_mean=-0.0001 logvar_q_clamp=0.0000
2026-08-30 11:29:18 |   Val AUC improved to 0.9413, model saved
2026-08-30 11:29:22 | Epoch   4/400 | Train Loss 2.3121 Acc 0.1192 | Val Loss 2.2890 Acc 0.1129 AUC 0.9446 Pre 0.0113 Rec 0.1000
2026-08-30 11:29:23 | Diag logvar_q_mean=-0.0002 logvar_q_clamp=0.0000
2026-08-30 11:29:23 |   Val AUC improved to 0.9446, model saved
2026-08-30 11:29:27 | Epoch   5/400 | Train Loss 2.3111 Acc 0.1185 | Val Loss 2.2899 Acc 0.1129 AUC 0.9415 Pre 0.0113 Rec 0.1000
2026-08-30 11:29:28 | Diag logvar_q_mean=-0.0001 logvar_q_clamp=0.0000
2026-08-30 11:29:32 | Epoch   6/400 | Train Loss 2.3090 Acc 0.1195 | Val Loss 2.2899 Acc 0.1129 AUC 0.9505 Pre 0.0113 Rec 0.1000
2026-08-30 11:29:32 | Diag logvar_q_mean=-0.0001 logvar_q_clamp=0.0000
2026-08-30 11:29:32 |   Val AUC improved to 0.9505, model saved
2026-08-30 11:29:36 | Epoch   7/400 | Train Loss 2.3108 Acc 0.1190 | Val Loss 2.2897 Acc 0.1129 AUC 0.9490 Pre 0.0113 Rec 0.1000
2026-08-30 11:29:37 | Diag logvar_q_mean=-0.0002 logvar_q_clamp=0.0000
2026-08-30 11:29:41 | Epoch   8/400 | Train Loss 2.3099 Acc 0.1194 | Val Loss 2.2905 Acc 0.1129 AUC 0.9441 Pre 0.0113 Rec 0.1000
2026-08-30 11:29:41 | Diag logvar_q_mean=-0.0001 logvar_q_clamp=0.0000
2026-08-30 11:29:45 | Epoch   9/400 | Train Loss 2.3098 Acc 0.1187 | Val Loss 2.2905 Acc 0.1129 AUC 0.9483 Pre 0.0113 Rec 0.1000
2026-08-30 11:29:46 | Diag logvar_q_mean=-0.0001 logvar_q_clamp=0.0000
2026-08-30 11:29:50 | Epoch  10/400 | Train Loss 2.3097 Acc 0.1200 | Val Loss 2.2906 Acc 0.1129 AUC 0.9411 Pre 0.0113 Rec 0.1000
2026-08-30 11:29:51 | Diag logvar_q_mean=-0.0001 logvar_q_clamp=0.0000
2026-08-30 11:29:54 | Epoch  11/400 | Train Loss 2.3091 Acc 0.1226 | Val Loss 2.2897 Acc 0.1129 AUC 0.9481 Pre 0.0113 Rec 0.1000
2026-08-30 11:29:55 | Diag logvar_q_mean=-0.0002 logvar_q_clamp=0.0000
2026-08-30 11:29:59 | Epoch  12/400 | Train Loss 2.3084 Acc 0.1239 | Val Loss 2.2888 Acc 0.1129 AUC 0.9301 Pre 0.0113 Rec 0.1000
2026-08-30 11:30:00 | Diag logvar_q_mean=-0.0002 logvar_q_clamp=0.0000
2026-08-30 11:30:04 | Epoch  13/400 | Train Loss 2.3093 Acc 0.1239 | Val Loss 2.2887 Acc 0.1129 AUC 0.9497 Pre 0.0113 Rec 0.1000
2026-08-30 11:30:04 | Diag logvar_q_mean=-0.0002 logvar_q_clamp=0.0000
2026-08-30 11:30:08 | Epoch  14/400 | Train Loss 2.3095 Acc 0.1255 | Val Loss 2.2879 Acc 0.1129 AUC 0.9497 Pre 0.0113 Rec 0.1000
2026-08-30 11:30:09 | Diag logvar_q_mean=-0.0001 logvar_q_clamp=0.0000
2026-08-30 11:30:13 | Epoch  15/400 | Train Loss 2.3092 Acc 0.1233 | Val Loss 2.2875 Acc 0.1129 AUC 0.9491 Pre 0.0113 Rec 0.1000
2026-08-30 11:30:13 | Diag logvar_q_mean=-0.0002 logvar_q_clamp=0.0000
2026-08-30 11:30:17 | Epoch  16/400 | Train Loss 2.3102 Acc 0.1234 | Val Loss 2.2879 Acc 0.1129 AUC 0.9492 Pre 0.0113 Rec 0.1000
2026-08-30 11:30:18 | Diag logvar_q_mean=-0.0002 logvar_q_clamp=0.0000
2026-08-30 11:30:22 | Epoch  17/400 | Train Loss 2.3102 Acc 0.1240 | Val Loss 2.2884 Acc 0.1129 AUC 0.9493 Pre 0.0113 Rec 0.1000
2026-08-30 11:30:23 | Diag logvar_q_mean=-0.0002 logvar_q_clamp=0.0000
2026-08-30 11:30:26 | Epoch  18/400 | Train Loss 2.3095 Acc 0.1239 | Val Loss 2.2880 Acc 0.1129 AUC 0.9388 Pre 0.0113 Rec 0.1000
2026-08-30 11:30:27 | Diag logvar_q_mean=-0.0002 logvar_q_clamp=0.0000
2026-08-30 11:30:31 | Epoch  19/400 | Train Loss 2.3093 Acc 0.1250 | Val Loss 2.2879 Acc 0.1129 AUC 0.9383 Pre 0.0113 Rec 0.1000
2026-08-30 11:30:32 | Diag logvar_q_mean=-0.0002 logvar_q_clamp=0.0000
2026-08-30 11:30:36 | Epoch  20/400 | Train Loss 2.3104 Acc 0.1256 | Val Loss 2.2881 Acc 0.1129 AUC 0.9494 Pre 0.0113 Rec 0.1000
2026-08-30 11:30:36 | Diag logvar_q_mean=-0.0001 logvar_q_clamp=0.0000
2026-08-30 11:30:40 | Epoch  21/400 | Train Loss 2.3095 Acc 0.1244 | Val Loss 2.2883 Acc 0.1129 AUC 0.9496 Pre 0.0113 Rec 0.1000
2026-08-30 11:30:41 | Diag logvar_q_mean=-0.0001 logvar_q_clamp=0.0000
2026-08-30 11:30:45 | Epoch  22/400 | Train Loss 2.3102 Acc 0.1223 | Val Loss 2.2886 Acc 0.1129 AUC 0.9485 Pre 0.0113 Rec 0.1000
2026-08-30 11:30:45 | Diag logvar_q_mean=-0.0001 logvar_q_clamp=0.0000
2026-08-30 11:30:49 | Epoch  23/400 | Train Loss 2.3100 Acc 0.1217 | Val Loss 2.2886 Acc 0.1129 AUC 0.9500 Pre 0.0113 Rec 0.1000
2026-08-30 11:30:50 | Diag logvar_q_mean=-0.0002 logvar_q_clamp=0.0000
2026-08-30 11:30:54 | Epoch  24/400 | Train Loss 2.3106 Acc 0.1202 | Val Loss 2.2890 Acc 0.1129 AUC 0.9379 Pre 0.0113 Rec 0.1000
2026-08-30 11:30:54 | Diag logvar_q_mean=-0.0002 logvar_q_clamp=0.0000
2026-08-30 11:30:58 | Epoch  25/400 | Train Loss 2.3090 Acc 0.1229 | Val Loss 2.2888 Acc 0.1129 AUC 0.9502 Pre 0.0113 Rec 0.1000
2026-08-30 11:30:59 | Diag logvar_q_mean=-0.0002 logvar_q_clamp=0.0000
2026-08-30 11:31:03 | Epoch  26/400 | Train Loss 2.3093 Acc 0.1245 | Val Loss 2.2881 Acc 0.1129 AUC 0.9498 Pre 0.0113 Rec 0.1000
2026-08-30 11:31:04 | Diag logvar_q_mean=-0.0001 logvar_q_clamp=0.0000
2026-08-30 11:31:07 | Epoch  27/400 | Train Loss 2.3097 Acc 0.1254 | Val Loss 2.2883 Acc 0.1129 AUC 0.9483 Pre 0.0113 Rec 0.1000
2026-08-30 11:31:08 | Diag logvar_q_mean=-0.0001 logvar_q_clamp=0.0000
2026-08-30 11:31:12 | Epoch  28/400 | Train Loss 2.3088 Acc 0.1249 | Val Loss 2.2874 Acc 0.1129 AUC 0.9492 Pre 0.0113 Rec 0.1000
2026-08-30 11:31:13 | Diag logvar_q_mean=-0.0002 logvar_q_clamp=0.0000
2026-08-30 11:31:17 | Epoch  29/400 | Train Loss 2.3102 Acc 0.1263 | Val Loss 2.2877 Acc 0.1129 AUC 0.9490 Pre 0.0113 Rec 0.1000
2026-08-30 11:31:17 | Diag logvar_q_mean=-0.0002 logvar_q_clamp=0.0000
2026-08-30 11:31:21 | Epoch  30/400 | Train Loss 2.3091 Acc 0.1250 | Val Loss 2.2874 Acc 0.1129 AUC 0.9490 Pre 0.0113 Rec 0.1000
2026-08-30 11:31:22 | Diag logvar_q_mean=-0.0002 logvar_q_clamp=0.0000
2026-08-30 11:31:26 | Epoch  31/400 | Train Loss 2.3092 Acc 0.1248 | Val Loss 2.2870 Acc 0.1129 AUC 0.9491 Pre 0.0113 Rec 0.1000
2026-08-30 11:31:26 | Diag logvar_q_mean=-0.0001 logvar_q_clamp=0.0000
2026-08-30 11:31:30 | Epoch  32/400 | Train Loss 2.3105 Acc 0.1232 | Val Loss 2.2874 Acc 0.1129 AUC 0.9387 Pre 0.0113 Rec 0.1000
2026-08-30 11:31:31 | Diag logvar_q_mean=-0.0001 logvar_q_clamp=0.0000
2026-08-30 11:31:35 | Epoch  33/400 | Train Loss 2.3096 Acc 0.1248 | Val Loss 2.2872 Acc 0.1129 AUC 0.9495 Pre 0.0113 Rec 0.1000
2026-08-30 11:31:36 | Diag logvar_q_mean=-0.0002 logvar_q_clamp=0.0000
2026-08-30 11:31:40 | Epoch  34/400 | Train Loss 2.3098 Acc 0.1264 | Val Loss 2.2871 Acc 0.1129 AUC 0.9494 Pre 0.0113 Rec 0.1000
2026-08-30 11:31:40 | Diag logvar_q_mean=-0.0002 logvar_q_clamp=0.0000
2026-08-30 11:31:44 | Epoch  35/400 | Train Loss 2.3106 Acc 0.1203 | Val Loss 2.2876 Acc 0.1129 AUC 0.9488 Pre 0.0113 Rec 0.1000
2026-08-30 11:31:45 | Diag logvar_q_mean=-0.0002 logvar_q_clamp=0.0000
2026-08-30 11:31:49 | Epoch  36/400 | Train Loss 2.3080 Acc 0.1258 | Val Loss 2.2867 Acc 0.1129 AUC 0.9491 Pre 0.0113 Rec 0.1000
2026-08-30 11:31:49 | Diag logvar_q_mean=-0.0002 logvar_q_clamp=0.0000
2026-08-30 11:31:53 | Epoch  37/400 | Train Loss 2.3111 Acc 0.1248 | Val Loss 2.2874 Acc 0.1129 AUC 0.9483 Pre 0.0113 Rec 0.1000
2026-08-30 11:31:54 | Diag logvar_q_mean=-0.0002 logvar_q_clamp=0.0000
2026-08-30 11:31:58 | Epoch  38/400 | Train Loss 2.3111 Acc 0.1220 | Val Loss 2.2883 Acc 0.1129 AUC 0.9485 Pre 0.0113 Rec 0.1000
2026-08-30 11:31:58 | Diag logvar_q_mean=-0.0002 logvar_q_clamp=0.0000
2026-08-30 11:32:02 | Epoch  39/400 | Train Loss 2.3099 Acc 0.1259 | Val Loss 2.2884 Acc 0.1129 AUC 0.9474 Pre 0.0113 Rec 0.1000
2026-08-30 11:32:03 | Diag logvar_q_mean=-0.0002 logvar_q_clamp=0.0000
2026-08-30 11:32:07 | Epoch  40/400 | Train Loss 2.3102 Acc 0.1225 | Val Loss 2.2887 Acc 0.1129 AUC 0.9476 Pre 0.0113 Rec 0.1000
2026-08-30 11:32:08 | Diag logvar_q_mean=-0.0002 logvar_q_clamp=0.0000
2026-08-30 11:32:12 | Epoch  41/400 | Train Loss 2.3093 Acc 0.1233 | Val Loss 2.2883 Acc 0.1129 AUC 0.9483 Pre 0.0113 Rec 0.1000
2026-08-30 11:32:12 | Diag logvar_q_mean=-0.0001 logvar_q_clamp=0.0000
2026-08-30 11:32:16 | Epoch  42/400 | Train Loss 2.3095 Acc 0.1233 | Val Loss 2.2881 Acc 0.1129 AUC 0.9482 Pre 0.0113 Rec 0.1000
2026-08-30 11:32:17 | Diag logvar_q_mean=-0.0001 logvar_q_clamp=0.0000
2026-08-30 11:32:21 | Epoch  43/400 | Train Loss 2.3090 Acc 0.1247 | Val Loss 2.2875 Acc 0.1129 AUC 0.9485 Pre 0.0113 Rec 0.1000
2026-08-30 11:32:21 | Diag logvar_q_mean=-0.0001 logvar_q_clamp=0.0000
2026-08-30 11:32:25 | Epoch  44/400 | Train Loss 2.3105 Acc 0.1237 | Val Loss 2.2880 Acc 0.1129 AUC 0.9372 Pre 0.0113 Rec 0.1000
2026-08-30 11:32:26 | Diag logvar_q_mean=-0.0001 logvar_q_clamp=0.0000
2026-08-30 11:32:30 | Epoch  45/400 | Train Loss 2.3104 Acc 0.1244 | Val Loss 2.2882 Acc 0.1129 AUC 0.9472 Pre 0.0113 Rec 0.1000
2026-08-30 11:32:31 | Diag logvar_q_mean=-0.0001 logvar_q_clamp=0.0000
2026-08-30 11:32:35 | Epoch  46/400 | Train Loss 2.3095 Acc 0.1236 | Val Loss 2.2885 Acc 0.1129 AUC 0.9369 Pre 0.0113 Rec 0.1000
2026-08-30 11:32:35 | Diag logvar_q_mean=-0.0001 logvar_q_clamp=0.0000
2026-08-30 11:32:39 | Epoch  47/400 | Train Loss 2.3085 Acc 0.1248 | Val Loss 2.2875 Acc 0.1129 AUC 0.9160 Pre 0.0113 Rec 0.1000
2026-08-30 11:32:40 | Diag logvar_q_mean=-0.0001 logvar_q_clamp=0.0000
2026-08-30 11:32:44 | Epoch  48/400 | Train Loss 2.3096 Acc 0.1252 | Val Loss 2.2875 Acc 0.1129 AUC 0.9473 Pre 0.0113 Rec 0.1000
2026-08-30 11:32:44 | Diag logvar_q_mean=-0.0002 logvar_q_clamp=0.0000
2026-08-30 11:32:48 | Epoch  49/400 | Train Loss 2.3091 Acc 0.1252 | Val Loss 2.2871 Acc 0.1129 AUC 0.9474 Pre 0.0113 Rec 0.1000
2026-08-30 11:32:49 | Diag logvar_q_mean=-0.0002 logvar_q_clamp=0.0000
2026-08-30 11:32:53 | Epoch  50/400 | Train Loss 2.3096 Acc 0.1245 | Val Loss 2.2872 Acc 0.1129 AUC 0.9471 Pre 0.0113 Rec 0.1000
2026-08-30 11:32:54 | Diag logvar_q_mean=-0.0002 logvar_q_clamp=0.0000
2026-08-30 11:32:58 | Epoch  51/400 | Train Loss 2.3091 Acc 0.1260 | Val Loss 2.2870 Acc 0.1129 AUC 0.9443 Pre 0.0113 Rec 0.1000
2026-08-30 11:32:59 | Diag logvar_q_mean=-0.0001 logvar_q_clamp=0.0000
2026-08-30 11:33:03 | Epoch  52/400 | Train Loss 2.3102 Acc 0.1242 | Val Loss 2.2873 Acc 0.1129 AUC 0.9461 Pre 0.0113 Rec 0.1000
2026-08-30 11:33:03 | Diag logvar_q_mean=-0.0002 logvar_q_clamp=0.0000
2026-08-30 11:33:07 | Epoch  53/400 | Train Loss 2.3101 Acc 0.1252 | Val Loss 2.2874 Acc 0.1129 AUC 0.9452 Pre 0.0113 Rec 0.1000
2026-08-30 11:33:08 | Diag logvar_q_mean=-0.0002 logvar_q_clamp=0.0000
2026-08-30 11:33:12 | Epoch  54/400 | Train Loss 2.3111 Acc 0.1233 | Val Loss 2.2882 Acc 0.1129 AUC 0.9472 Pre 0.0113 Rec 0.1000
2026-08-30 11:33:13 | Diag logvar_q_mean=-0.0001 logvar_q_clamp=0.0000
2026-08-30 11:33:17 | Epoch  55/400 | Train Loss 2.3102 Acc 0.1225 | Val Loss 2.2882 Acc 0.1129 AUC 0.9361 Pre 0.0113 Rec 0.1000
2026-08-30 11:33:18 | Diag logvar_q_mean=-0.0002 logvar_q_clamp=0.0000
2026-08-30 11:33:22 | Epoch  56/400 | Train Loss 2.3088 Acc 0.1243 | Val Loss 2.2876 Acc 0.1129 AUC 0.9482 Pre 0.0113 Rec 0.1000
2026-08-30 11:33:23 | Diag logvar_q_mean=-0.0002 logvar_q_clamp=0.0000
2026-08-30 11:33:28 | Epoch  57/400 | Train Loss 2.3097 Acc 0.1271 | Val Loss 2.2877 Acc 0.1129 AUC 0.9467 Pre 0.0113 Rec 0.1000
2026-08-30 11:33:28 | Diag logvar_q_mean=-0.0001 logvar_q_clamp=0.0000
2026-08-30 11:33:32 | Epoch  58/400 | Train Loss 2.3104 Acc 0.1242 | Val Loss 2.2881 Acc 0.1129 AUC 0.9474 Pre 0.0113 Rec 0.1000
2026-08-30 11:33:33 | Diag logvar_q_mean=-0.0001 logvar_q_clamp=0.0000
2026-08-30 11:33:37 | Epoch  59/400 | Train Loss 2.3096 Acc 0.1239 | Val Loss 2.2881 Acc 0.1129 AUC 0.9461 Pre 0.0113 Rec 0.1000
2026-08-30 11:33:37 | Diag logvar_q_mean=-0.0002 logvar_q_clamp=0.0000
2026-08-30 11:33:41 | Epoch  60/400 | Train Loss 2.3103 Acc 0.1257 | Val Loss 2.2883 Acc 0.1129 AUC 0.9473 Pre 0.0113 Rec 0.1000
2026-08-30 11:33:42 | Diag logvar_q_mean=-0.0002 logvar_q_clamp=0.0000
2026-08-30 11:33:46 | Epoch  61/400 | Train Loss 2.3102 Acc 0.1218 | Val Loss 2.2883 Acc 0.1129 AUC 0.9473 Pre 0.0113 Rec 0.1000
2026-08-30 11:33:46 | Diag logvar_q_mean=-0.0002 logvar_q_clamp=0.0000
2026-08-30 11:33:51 | Epoch  62/400 | Train Loss 2.3083 Acc 0.1259 | Val Loss 2.2872 Acc 0.1129 AUC 0.9460 Pre 0.0113 Rec 0.1000
2026-08-30 11:33:51 | Diag logvar_q_mean=-0.0002 logvar_q_clamp=0.0000
2026-08-30 11:33:55 | Epoch  63/400 | Train Loss 2.3114 Acc 0.1226 | Val Loss 2.2882 Acc 0.1129 AUC 0.9369 Pre 0.0113 Rec 0.1000
2026-08-30 11:33:56 | Diag logvar_q_mean=-0.0002 logvar_q_clamp=0.0000
2026-08-30 11:34:00 | Epoch  64/400 | Train Loss 2.3112 Acc 0.1236 | Val Loss 2.2887 Acc 0.1129 AUC 0.9466 Pre 0.0113 Rec 0.1000
2026-08-30 11:34:00 | Diag logvar_q_mean=-0.0002 logvar_q_clamp=0.0000
2026-08-30 11:34:04 | Epoch  65/400 | Train Loss 2.3093 Acc 0.1233 | Val Loss 2.2884 Acc 0.1129 AUC 0.9466 Pre 0.0113 Rec 0.1000
2026-08-30 11:34:05 | Diag logvar_q_mean=-0.0001 logvar_q_clamp=0.0000
2026-08-30 11:34:09 | Epoch  66/400 | Train Loss 2.3099 Acc 0.1238 | Val Loss 2.2885 Acc 0.1129 AUC 0.9458 Pre 0.0113 Rec 0.1000
2026-08-30 11:34:09 | Diag logvar_q_mean=-0.0002 logvar_q_clamp=0.0000
2026-08-30 11:34:13 | Epoch  67/400 | Train Loss 2.3094 Acc 0.1247 | Val Loss 2.2875 Acc 0.1129 AUC 0.9466 Pre 0.0113 Rec 0.1000
2026-08-30 11:34:14 | Diag logvar_q_mean=-0.0002 logvar_q_clamp=0.0000
2026-08-30 11:34:18 | Epoch  68/400 | Train Loss 2.3106 Acc 0.1244 | Val Loss 2.2878 Acc 0.1129 AUC 0.9472 Pre 0.0113 Rec 0.1000
2026-08-30 11:34:19 | Diag logvar_q_mean=-0.0002 logvar_q_clamp=0.0000
2026-08-30 11:34:23 | Epoch  69/400 | Train Loss 2.3090 Acc 0.1240 | Val Loss 2.2881 Acc 0.1129 AUC 0.9221 Pre 0.0113 Rec 0.1000
2026-08-30 11:34:23 | Diag logvar_q_mean=-0.0001 logvar_q_clamp=0.0000
2026-08-30 11:34:27 | Epoch  70/400 | Train Loss 2.3093 Acc 0.1232 | Val Loss 2.2873 Acc 0.1129 AUC 0.9343 Pre 0.0113 Rec 0.1000
2026-08-30 11:34:28 | Diag logvar_q_mean=-0.0002 logvar_q_clamp=0.0000
2026-08-30 11:34:32 | Epoch  71/400 | Train Loss 2.3075 Acc 0.1275 | Val Loss 2.2863 Acc 0.1129 AUC 0.9458 Pre 0.0113 Rec 0.1000
2026-08-30 11:34:32 | Diag logvar_q_mean=-0.0002 logvar_q_clamp=0.0000
2026-08-30 11:34:37 | Epoch  72/400 | Train Loss 2.3103 Acc 0.1243 | Val Loss 2.2869 Acc 0.1129 AUC 0.9468 Pre 0.0113 Rec 0.1000
2026-08-30 11:34:37 | Diag logvar_q_mean=-0.0002 logvar_q_clamp=0.0000
2026-08-30 11:34:41 | Epoch  73/400 | Train Loss 2.3098 Acc 0.1256 | Val Loss 2.2870 Acc 0.1129 AUC 0.9467 Pre 0.0113 Rec 0.1000
2026-08-30 11:34:42 | Diag logvar_q_mean=-0.0001 logvar_q_clamp=0.0000
2026-08-30 11:34:46 | Epoch  74/400 | Train Loss 2.3107 Acc 0.1238 | Val Loss 2.2874 Acc 0.1129 AUC 0.9459 Pre 0.0113 Rec 0.1000
2026-08-30 11:34:46 | Diag logvar_q_mean=-0.0001 logvar_q_clamp=0.0000
2026-08-30 11:34:51 | Epoch  75/400 | Train Loss 2.3106 Acc 0.1222 | Val Loss 2.2885 Acc 0.1129 AUC 0.9456 Pre 0.0113 Rec 0.1000
2026-08-30 11:34:51 | Diag logvar_q_mean=-0.0002 logvar_q_clamp=0.0000
2026-08-30 11:34:55 | Epoch  76/400 | Train Loss 2.3100 Acc 0.1230 | Val Loss 2.2880 Acc 0.1129 AUC 0.9358 Pre 0.0113 Rec 0.1000
2026-08-30 11:34:56 | Diag logvar_q_mean=-0.0001 logvar_q_clamp=0.0000
2026-08-30 11:35:00 | Epoch  77/400 | Train Loss 2.3099 Acc 0.1239 | Val Loss 2.2883 Acc 0.1129 AUC 0.9458 Pre 0.0113 Rec 0.1000
2026-08-30 11:35:01 | Diag logvar_q_mean=-0.0002 logvar_q_clamp=0.0000
2026-08-30 11:35:05 | Epoch  78/400 | Train Loss 2.3100 Acc 0.1240 | Val Loss 2.2882 Acc 0.1129 AUC 0.9467 Pre 0.0113 Rec 0.1000
2026-08-30 11:35:05 | Diag logvar_q_mean=-0.0001 logvar_q_clamp=0.0000
2026-08-30 11:35:09 | Epoch  79/400 | Train Loss 2.3102 Acc 0.1237 | Val Loss 2.2882 Acc 0.1129 AUC 0.9464 Pre 0.0113 Rec 0.1000
2026-08-30 11:35:10 | Diag logvar_q_mean=-0.0002 logvar_q_clamp=0.0000
2026-08-30 11:35:14 | Epoch  80/400 | Train Loss 2.3095 Acc 0.1254 | Val Loss 2.2880 Acc 0.1129 AUC 0.9462 Pre 0.0113 Rec 0.1000
2026-08-30 11:35:14 | Diag logvar_q_mean=-0.0002 logvar_q_clamp=0.0000
2026-08-30 11:35:18 | Epoch  81/400 | Train Loss 2.3090 Acc 0.1261 | Val Loss 2.2876 Acc 0.1129 AUC 0.9473 Pre 0.0113 Rec 0.1000
2026-08-30 11:35:19 | Diag logvar_q_mean=-0.0002 logvar_q_clamp=0.0000
2026-08-30 11:35:23 | Epoch  82/400 | Train Loss 2.3098 Acc 0.1253 | Val Loss 2.2873 Acc 0.1129 AUC 0.9461 Pre 0.0113 Rec 0.1000
2026-08-30 11:35:24 | Diag logvar_q_mean=-0.0002 logvar_q_clamp=0.0000
2026-08-30 11:35:28 | Epoch  83/400 | Train Loss 2.3103 Acc 0.1236 | Val Loss 2.2881 Acc 0.1129 AUC 0.9361 Pre 0.0113 Rec 0.1000
2026-08-30 11:35:28 | Diag logvar_q_mean=-0.0002 logvar_q_clamp=0.0000
2026-08-30 11:35:32 | Epoch  84/400 | Train Loss 2.3096 Acc 0.1257 | Val Loss 2.2879 Acc 0.1129 AUC 0.9467 Pre 0.0113 Rec 0.1000
2026-08-30 11:35:33 | Diag logvar_q_mean=-0.0002 logvar_q_clamp=0.0000
2026-08-30 11:35:37 | Epoch  85/400 | Train Loss 2.3090 Acc 0.1246 | Val Loss 2.2876 Acc 0.1129 AUC 0.9342 Pre 0.0113 Rec 0.1000
2026-08-30 11:35:37 | Diag logvar_q_mean=-0.0002 logvar_q_clamp=0.0000
2026-08-30 11:35:41 | Epoch  86/400 | Train Loss 2.3104 Acc 0.1240 | Val Loss 2.2880 Acc 0.1129 AUC 0.9451 Pre 0.0113 Rec 0.1000
2026-08-30 11:35:42 | Diag logvar_q_mean=-0.0001 logvar_q_clamp=0.0000
2026-08-30 11:35:46 | Epoch  87/400 | Train Loss 2.3104 Acc 0.1224 | Val Loss 2.2885 Acc 0.1129 AUC 0.9460 Pre 0.0113 Rec 0.1000
2026-08-30 11:35:47 | Diag logvar_q_mean=-0.0002 logvar_q_clamp=0.0000
2026-08-30 11:35:51 | Epoch  88/400 | Train Loss 2.3105 Acc 0.1220 | Val Loss 2.2890 Acc 0.1129 AUC 0.9453 Pre 0.0113 Rec 0.1000
2026-08-30 11:35:51 | Diag logvar_q_mean=-0.0002 logvar_q_clamp=0.0000
2026-08-30 11:35:55 | Epoch  89/400 | Train Loss 2.3095 Acc 0.1227 | Val Loss 2.2890 Acc 0.1129 AUC 0.9457 Pre 0.0113 Rec 0.1000
2026-08-30 11:35:56 | Diag logvar_q_mean=-0.0001 logvar_q_clamp=0.0000
2026-08-30 11:36:00 | Epoch  90/400 | Train Loss 2.3116 Acc 0.1217 | Val Loss 2.2896 Acc 0.1129 AUC 0.9453 Pre 0.0113 Rec 0.1000
2026-08-30 11:36:01 | Diag logvar_q_mean=-0.0001 logvar_q_clamp=0.0000
2026-08-30 11:36:04 | Epoch  91/400 | Train Loss 2.3090 Acc 0.1222 | Val Loss 2.2891 Acc 0.1129 AUC 0.9356 Pre 0.0113 Rec 0.1000
2026-08-30 11:36:05 | Diag logvar_q_mean=-0.0002 logvar_q_clamp=0.0000
2026-08-30 11:36:09 | Epoch  92/400 | Train Loss 2.3102 Acc 0.1229 | Val Loss 2.2894 Acc 0.1129 AUC 0.9456 Pre 0.0113 Rec 0.1000
2026-08-30 11:36:10 | Diag logvar_q_mean=-0.0002 logvar_q_clamp=0.0000
2026-08-30 11:36:14 | Epoch  93/400 | Train Loss 2.3078 Acc 0.1255 | Val Loss 2.2886 Acc 0.1129 AUC 0.9456 Pre 0.0113 Rec 0.1000
2026-08-30 11:36:14 | Diag logvar_q_mean=-0.0002 logvar_q_clamp=0.0000
2026-08-30 11:36:18 | Epoch  94/400 | Train Loss 2.3099 Acc 0.1247 | Val Loss 2.2885 Acc 0.1129 AUC 0.9456 Pre 0.0113 Rec 0.1000
2026-08-30 11:36:19 | Diag logvar_q_mean=-0.0001 logvar_q_clamp=0.0000
2026-08-30 11:36:23 | Epoch  95/400 | Train Loss 2.3092 Acc 0.1237 | Val Loss 2.2883 Acc 0.1129 AUC 0.9440 Pre 0.0113 Rec 0.1000
2026-08-30 11:36:24 | Diag logvar_q_mean=-0.0001 logvar_q_clamp=0.0000
2026-08-30 11:36:27 | Epoch  96/400 | Train Loss 2.3104 Acc 0.1262 | Val Loss 2.2885 Acc 0.1129 AUC 0.9442 Pre 0.0113 Rec 0.1000
2026-08-30 11:36:28 | Diag logvar_q_mean=-0.0001 logvar_q_clamp=0.0000
2026-08-30 11:36:32 | Epoch  97/400 | Train Loss 2.3086 Acc 0.1229 | Val Loss 2.2881 Acc 0.1129 AUC 0.9439 Pre 0.0113 Rec 0.1000
2026-08-30 11:36:33 | Diag logvar_q_mean=-0.0002 logvar_q_clamp=0.0000
2026-08-30 11:36:37 | Epoch  98/400 | Train Loss 2.3089 Acc 0.1257 | Val Loss 2.2879 Acc 0.1129 AUC 0.9379 Pre 0.0113 Rec 0.1000
2026-08-30 11:36:37 | Diag logvar_q_mean=-0.0001 logvar_q_clamp=0.0000
2026-08-30 11:36:41 | Epoch  99/400 | Train Loss 2.3096 Acc 0.1260 | Val Loss 2.2878 Acc 0.1129 AUC 0.9408 Pre 0.0113 Rec 0.1000
2026-08-30 11:36:42 | Diag logvar_q_mean=-0.0002 logvar_q_clamp=0.0000
2026-08-30 11:36:46 | Epoch 100/400 | Train Loss 2.3099 Acc 0.1265 | Val Loss 2.2877 Acc 0.1129 AUC 0.9263 Pre 0.0113 Rec 0.1000
2026-08-30 11:36:46 | Diag logvar_q_mean=-0.0002 logvar_q_clamp=0.0000
2026-08-30 11:36:50 | Epoch 101/400 | Train Loss 2.3102 Acc 0.1247 | Val Loss 2.2881 Acc 0.1129 AUC 0.9303 Pre 0.0113 Rec 0.1000
2026-08-30 11:36:51 | Diag logvar_q_mean=-0.0002 logvar_q_clamp=0.0000
2026-08-30 11:36:55 | Epoch 102/400 | Train Loss 2.3093 Acc 0.1262 | Val Loss 2.2883 Acc 0.1129 AUC 0.9255 Pre 0.0113 Rec 0.1000
2026-08-30 11:36:56 | Diag logvar_q_mean=-0.0001 logvar_q_clamp=0.0000
2026-08-30 11:36:59 | Epoch 103/400 | Train Loss 2.3099 Acc 0.1255 | Val Loss 2.2888 Acc 0.1129 AUC 0.9118 Pre 0.0113 Rec 0.1000
2026-08-30 11:37:00 | Diag logvar_q_mean=-0.0002 logvar_q_clamp=0.0000
2026-08-30 11:37:04 | Epoch 104/400 | Train Loss 2.3113 Acc 0.1208 | Val Loss 2.2895 Acc 0.1129 AUC 0.9167 Pre 0.0113 Rec 0.1000
2026-08-30 11:37:05 | Diag logvar_q_mean=-0.0001 logvar_q_clamp=0.0000
2026-08-30 11:37:09 | Epoch 105/400 | Train Loss 2.3101 Acc 0.1243 | Val Loss 2.2896 Acc 0.1129 AUC 0.9242 Pre 0.0113 Rec 0.1000
2026-08-30 11:37:09 | Diag logvar_q_mean=-0.0001 logvar_q_clamp=0.0000
2026-08-30 11:37:13 | Epoch 106/400 | Train Loss 2.3094 Acc 0.1243 | Val Loss 2.2894 Acc 0.1129 AUC 0.9253 Pre 0.0113 Rec 0.1000
2026-08-30 11:37:14 | Diag logvar_q_mean=-0.0001 logvar_q_clamp=0.0000
2026-08-30 11:37:18 | Epoch 107/400 | Train Loss 2.3106 Acc 0.1221 | Val Loss 2.2891 Acc 0.1129 AUC 0.9263 Pre 0.0113 Rec 0.1000
2026-08-30 11:37:18 | Diag logvar_q_mean=-0.0001 logvar_q_clamp=0.0000
2026-08-30 11:37:22 | Epoch 108/400 | Train Loss 2.3112 Acc 0.1211 | Val Loss 2.2899 Acc 0.1129 AUC 0.9149 Pre 0.0113 Rec 0.1000
2026-08-30 11:37:23 | Diag logvar_q_mean=-0.0002 logvar_q_clamp=0.0000
2026-08-30 11:37:27 | Epoch 109/400 | Train Loss 2.3106 Acc 0.1209 | Val Loss 2.2906 Acc 0.1129 AUC 0.9148 Pre 0.0113 Rec 0.1000
2026-08-30 11:37:28 | Diag logvar_q_mean=-0.0002 logvar_q_clamp=0.0000
2026-08-30 11:37:32 | Epoch 110/400 | Train Loss 2.3093 Acc 0.1204 | Val Loss 2.2904 Acc 0.1129 AUC 0.9249 Pre 0.0113 Rec 0.1000
2026-08-30 11:37:32 | Diag logvar_q_mean=-0.0001 logvar_q_clamp=0.0000
2026-08-30 11:37:36 | Epoch 111/400 | Train Loss 2.3086 Acc 0.1242 | Val Loss 2.2897 Acc 0.1129 AUC 0.9047 Pre 0.0113 Rec 0.1000
2026-08-30 11:37:37 | Diag logvar_q_mean=-0.0001 logvar_q_clamp=0.0000
2026-08-30 11:37:41 | Epoch 112/400 | Train Loss 2.3098 Acc 0.1229 | Val Loss 2.2895 Acc 0.1129 AUC 0.9150 Pre 0.0113 Rec 0.1000
2026-08-30 11:37:41 | Diag logvar_q_mean=-0.0001 logvar_q_clamp=0.0000
2026-08-30 11:37:45 | Epoch 113/400 | Train Loss 2.3119 Acc 0.1196 | Val Loss 2.2904 Acc 0.1129 AUC 0.9148 Pre 0.0113 Rec 0.1000
2026-08-30 11:37:46 | Diag logvar_q_mean=-0.0001 logvar_q_clamp=0.0000
2026-08-30 11:37:50 | Epoch 114/400 | Train Loss 2.3102 Acc 0.1220 | Val Loss 2.2905 Acc 0.1129 AUC 0.9131 Pre 0.0113 Rec 0.1000
2026-08-30 11:37:50 | Diag logvar_q_mean=-0.0002 logvar_q_clamp=0.0000
2026-08-30 11:37:54 | Epoch 115/400 | Train Loss 2.3091 Acc 0.1224 | Val Loss 2.2901 Acc 0.1129 AUC 0.9249 Pre 0.0113 Rec 0.1000
2026-08-30 11:37:55 | Diag logvar_q_mean=-0.0001 logvar_q_clamp=0.0000
2026-08-30 11:37:59 | Epoch 116/400 | Train Loss 2.3092 Acc 0.1230 | Val Loss 2.2899 Acc 0.1129 AUC 0.9240 Pre 0.0113 Rec 0.1000
2026-08-30 11:38:00 | Diag logvar_q_mean=-0.0001 logvar_q_clamp=0.0000
2026-08-30 11:38:04 | Epoch 117/400 | Train Loss 2.3105 Acc 0.1217 | Val Loss 2.2899 Acc 0.1129 AUC 0.9225 Pre 0.0113 Rec 0.1000
2026-08-30 11:38:04 | Diag logvar_q_mean=-0.0001 logvar_q_clamp=0.0000
2026-08-30 11:38:08 | Epoch 118/400 | Train Loss 2.3095 Acc 0.1240 | Val Loss 2.2894 Acc 0.1129 AUC 0.9169 Pre 0.0113 Rec 0.1000
2026-08-30 11:38:09 | Diag logvar_q_mean=-0.0001 logvar_q_clamp=0.0000
2026-08-30 11:38:13 | Epoch 119/400 | Train Loss 2.3084 Acc 0.1235 | Val Loss 2.2894 Acc 0.1129 AUC 0.9232 Pre 0.0113 Rec 0.1000
2026-08-30 11:38:13 | Diag logvar_q_mean=-0.0001 logvar_q_clamp=0.0000
2026-08-30 11:38:17 | Epoch 120/400 | Train Loss 2.3088 Acc 0.1260 | Val Loss 2.2890 Acc 0.1129 AUC 0.9129 Pre 0.0113 Rec 0.1000
2026-08-30 11:38:18 | Diag logvar_q_mean=-0.0001 logvar_q_clamp=0.0000
2026-08-30 11:38:22 | Epoch 121/400 | Train Loss 2.3097 Acc 0.1250 | Val Loss 2.2884 Acc 0.1129 AUC 0.9041 Pre 0.0113 Rec 0.1000
2026-08-30 11:38:22 | Diag logvar_q_mean=-0.0002 logvar_q_clamp=0.0000
2026-08-30 11:38:26 | Epoch 122/400 | Train Loss 2.3098 Acc 0.1260 | Val Loss 2.2883 Acc 0.1129 AUC 0.9134 Pre 0.0113 Rec 0.1000
2026-08-30 11:38:27 | Diag logvar_q_mean=-0.0002 logvar_q_clamp=0.0000
2026-08-30 11:38:31 | Epoch 123/400 | Train Loss 2.3090 Acc 0.1261 | Val Loss 2.2878 Acc 0.1129 AUC 0.9115 Pre 0.0113 Rec 0.1000
2026-08-30 11:38:32 | Diag logvar_q_mean=-0.0002 logvar_q_clamp=0.0000
2026-08-30 11:38:35 | Epoch 124/400 | Train Loss 2.3100 Acc 0.1249 | Val Loss 2.2883 Acc 0.1129 AUC 0.9102 Pre 0.0113 Rec 0.1000
2026-08-30 11:38:36 | Diag logvar_q_mean=-0.0002 logvar_q_clamp=0.0000
2026-08-30 11:38:40 | Epoch 125/400 | Train Loss 2.3117 Acc 0.1216 | Val Loss 2.2896 Acc 0.1129 AUC 0.9098 Pre 0.0113 Rec 0.1000
2026-08-30 11:38:41 | Diag logvar_q_mean=-0.0001 logvar_q_clamp=0.0000
2026-08-30 11:38:44 | Epoch 126/400 | Train Loss 2.3120 Acc 0.1200 | Val Loss 2.2907 Acc 0.1130 AUC 0.9249 Pre 0.1113 Rec 0.1001
2026-08-30 11:38:45 | Diag logvar_q_mean=-0.0002 logvar_q_clamp=0.0000
2026-08-30 11:38:49 | Epoch 127/400 | Train Loss 2.3099 Acc 0.1207 | Val Loss 2.2907 Acc 0.1129 AUC 0.9112 Pre 0.0113 Rec 0.1000
2026-08-30 11:38:50 | Diag logvar_q_mean=-0.0001 logvar_q_clamp=0.0000
2026-08-30 11:38:54 | Epoch 128/400 | Train Loss 2.3096 Acc 0.1213 | Val Loss 2.2904 Acc 0.1129 AUC 0.9247 Pre 0.0113 Rec 0.1000
2026-08-30 11:38:54 | Diag logvar_q_mean=-0.0001 logvar_q_clamp=0.0000
2026-08-30 11:38:58 | Epoch 129/400 | Train Loss 2.3093 Acc 0.1223 | Val Loss 2.2901 Acc 0.1129 AUC 0.9110 Pre 0.0113 Rec 0.1000
2026-08-30 11:38:59 | Diag logvar_q_mean=-0.0001 logvar_q_clamp=0.0000
2026-08-30 11:39:03 | Epoch 130/400 | Train Loss 2.3098 Acc 0.1243 | Val Loss 2.2897 Acc 0.1129 AUC 0.9133 Pre 0.0113 Rec 0.1000
2026-08-30 11:39:04 | Diag logvar_q_mean=-0.0002 logvar_q_clamp=0.0000
2026-08-30 11:39:08 | Epoch 131/400 | Train Loss 2.3085 Acc 0.1232 | Val Loss 2.2890 Acc 0.1129 AUC 0.9099 Pre 0.0113 Rec 0.1000
2026-08-30 11:39:08 | Diag logvar_q_mean=-0.0001 logvar_q_clamp=0.0000
2026-08-30 11:39:12 | Epoch 132/400 | Train Loss 2.3087 Acc 0.1252 | Val Loss 2.2889 Acc 0.1129 AUC 0.9220 Pre 0.0113 Rec 0.1000
2026-08-30 11:39:13 | Diag logvar_q_mean=-0.0002 logvar_q_clamp=0.0000
2026-08-30 11:39:17 | Epoch 133/400 | Train Loss 2.3111 Acc 0.1224 | Val Loss 2.2891 Acc 0.1129 AUC 0.9121 Pre 0.0113 Rec 0.1000
2026-08-30 11:39:18 | Diag logvar_q_mean=-0.0002 logvar_q_clamp=0.0000
2026-08-30 11:39:21 | Epoch 134/400 | Train Loss 2.3102 Acc 0.1220 | Val Loss 2.2896 Acc 0.1129 AUC 0.9239 Pre 0.0113 Rec 0.1000
2026-08-30 11:39:22 | Diag logvar_q_mean=-0.0001 logvar_q_clamp=0.0000
2026-08-30 11:39:26 | Epoch 135/400 | Train Loss 2.3091 Acc 0.1236 | Val Loss 2.2895 Acc 0.1129 AUC 0.9228 Pre 0.0113 Rec 0.1000
2026-08-30 11:39:26 | Diag logvar_q_mean=-0.0001 logvar_q_clamp=0.0000
2026-08-30 11:39:30 | Epoch 136/400 | Train Loss 2.3106 Acc 0.1221 | Val Loss 2.2900 Acc 0.1129 AUC 0.9230 Pre 0.0113 Rec 0.1000
2026-08-30 11:39:31 | Diag logvar_q_mean=-0.0001 logvar_q_clamp=0.0000
2026-08-30 11:39:35 | Epoch 137/400 | Train Loss 2.3092 Acc 0.1222 | Val Loss 2.2899 Acc 0.1129 AUC 0.9119 Pre 0.0113 Rec 0.1000
2026-08-30 11:39:36 | Diag logvar_q_mean=-0.0001 logvar_q_clamp=0.0000
2026-08-30 11:39:40 | Epoch 138/400 | Train Loss 2.3104 Acc 0.1229 | Val Loss 2.2899 Acc 0.1129 AUC 0.9132 Pre 0.0113 Rec 0.1000
2026-08-30 11:39:40 | Diag logvar_q_mean=-0.0001 logvar_q_clamp=0.0000
2026-08-30 11:39:44 | Epoch 139/400 | Train Loss 2.3082 Acc 0.1261 | Val Loss 2.2897 Acc 0.1129 AUC 0.9103 Pre 0.0113 Rec 0.1000
2026-08-30 11:39:45 | Diag logvar_q_mean=-0.0002 logvar_q_clamp=0.0000
2026-08-30 11:39:49 | Epoch 140/400 | Train Loss 2.3105 Acc 0.1231 | Val Loss 2.2892 Acc 0.1129 AUC 0.9115 Pre 0.0113 Rec 0.1000
2026-08-30 11:39:49 | Diag logvar_q_mean=-0.0001 logvar_q_clamp=0.0000
2026-08-30 11:39:53 | Epoch 141/400 | Train Loss 2.3100 Acc 0.1228 | Val Loss 2.2898 Acc 0.1129 AUC 0.9229 Pre 0.0113 Rec 0.1000
2026-08-30 11:39:54 | Diag logvar_q_mean=-0.0001 logvar_q_clamp=0.0000
2026-08-30 11:39:58 | Epoch 142/400 | Train Loss 2.3113 Acc 0.1225 | Val Loss 2.2907 Acc 0.1129 AUC 0.9117 Pre 0.0113 Rec 0.1000
2026-08-30 11:39:58 | Diag logvar_q_mean=-0.0001 logvar_q_clamp=0.0000
2026-08-30 11:40:02 | Epoch 143/400 | Train Loss 2.3100 Acc 0.1217 | Val Loss 2.2908 Acc 0.1129 AUC 0.9225 Pre 0.0113 Rec 0.1000
2026-08-30 11:40:03 | Diag logvar_q_mean=-0.0002 logvar_q_clamp=0.0000
2026-08-30 11:40:07 | Epoch 144/400 | Train Loss 2.3095 Acc 0.1216 | Val Loss 2.2908 Acc 0.1129 AUC 0.9115 Pre 0.0113 Rec 0.1000
2026-08-30 11:40:08 | Diag logvar_q_mean=-0.0001 logvar_q_clamp=0.0000
2026-08-30 11:40:11 | Epoch 145/400 | Train Loss 2.3102 Acc 0.1208 | Val Loss 2.2910 Acc 0.1129 AUC 0.9222 Pre 0.0113 Rec 0.1000
2026-08-30 11:40:12 | Diag logvar_q_mean=-0.0001 logvar_q_clamp=0.0000
2026-08-30 11:40:16 | Epoch 146/400 | Train Loss 2.3110 Acc 0.1219 | Val Loss 2.2910 Acc 0.1129 AUC 0.9104 Pre 0.0113 Rec 0.1000
2026-08-30 11:40:17 | Diag logvar_q_mean=-0.0001 logvar_q_clamp=0.0000
2026-08-30 11:40:21 | Epoch 147/400 | Train Loss 2.3105 Acc 0.1190 | Val Loss 2.2914 Acc 0.1129 AUC 0.9218 Pre 0.0113 Rec 0.1000
2026-08-30 11:40:21 | Diag logvar_q_mean=-0.0001 logvar_q_clamp=0.0000
2026-08-30 11:40:25 | Epoch 148/400 | Train Loss 2.3093 Acc 0.1233 | Val Loss 2.2913 Acc 0.1129 AUC 0.9222 Pre 0.0113 Rec 0.1000
2026-08-30 11:40:26 | Diag logvar_q_mean=-0.0001 logvar_q_clamp=0.0000
2026-08-30 11:40:30 | Epoch 149/400 | Train Loss 2.3096 Acc 0.1190 | Val Loss 2.2911 Acc 0.1129 AUC 0.9202 Pre 0.0113 Rec 0.1000
2026-08-30 11:40:30 | Diag logvar_q_mean=-0.0001 logvar_q_clamp=0.0000
2026-08-30 11:40:34 | Epoch 150/400 | Train Loss 2.3101 Acc 0.1209 | Val Loss 2.2913 Acc 0.1129 AUC 0.8983 Pre 0.0113 Rec 0.1000
2026-08-30 11:40:35 | Diag logvar_q_mean=-0.0001 logvar_q_clamp=0.0000
2026-08-30 11:40:39 | Epoch 151/400 | Train Loss 2.3094 Acc 0.1221 | Val Loss 2.2909 Acc 0.1129 AUC 0.9207 Pre 0.0113 Rec 0.1000
2026-08-30 11:40:40 | Diag logvar_q_mean=-0.0001 logvar_q_clamp=0.0000
2026-08-30 11:40:44 | Epoch 152/400 | Train Loss 2.3096 Acc 0.1231 | Val Loss 2.2906 Acc 0.1129 AUC 0.9130 Pre 0.0113 Rec 0.1000
2026-08-30 11:40:44 | Diag logvar_q_mean=-0.0002 logvar_q_clamp=0.0000
2026-08-30 11:40:48 | Epoch 153/400 | Train Loss 2.3104 Acc 0.1198 | Val Loss 2.2908 Acc 0.1129 AUC 0.9218 Pre 0.0113 Rec 0.1000
2026-08-30 11:40:49 | Diag logvar_q_mean=-0.0001 logvar_q_clamp=0.0000
2026-08-30 11:40:53 | Epoch 154/400 | Train Loss 2.3107 Acc 0.1197 | Val Loss 2.2918 Acc 0.1129 AUC 0.9208 Pre 0.0113 Rec 0.1000
2026-08-30 11:40:54 | Diag logvar_q_mean=-0.0001 logvar_q_clamp=0.0000
2026-08-30 11:40:58 | Epoch 155/400 | Train Loss 2.3111 Acc 0.1181 | Val Loss 2.2922 Acc 0.1129 AUC 0.9075 Pre 0.0113 Rec 0.1000
2026-08-30 11:40:58 | Diag logvar_q_mean=-0.0002 logvar_q_clamp=0.0000
2026-08-30 11:41:02 | Epoch 156/400 | Train Loss 2.3084 Acc 0.1201 | Val Loss 2.2914 Acc 0.1129 AUC 0.9099 Pre 0.0113 Rec 0.1000
2026-08-30 11:41:03 | Diag logvar_q_mean=-0.0001 logvar_q_clamp=0.0000
2026-08-30 11:41:07 | Epoch 157/400 | Train Loss 2.3112 Acc 0.1193 | Val Loss 2.2916 Acc 0.1129 AUC 0.9110 Pre 0.0113 Rec 0.1000
2026-08-30 11:41:08 | Diag logvar_q_mean=-0.0002 logvar_q_clamp=0.0000
2026-08-30 11:41:12 | Epoch 158/400 | Train Loss 2.3098 Acc 0.1192 | Val Loss 2.2918 Acc 0.1129 AUC 0.8981 Pre 0.0113 Rec 0.1000
2026-08-30 11:41:12 | Diag logvar_q_mean=-0.0002 logvar_q_clamp=0.0000
2026-08-30 11:41:16 | Epoch 159/400 | Train Loss 2.3080 Acc 0.1232 | Val Loss 2.2909 Acc 0.1129 AUC 0.9085 Pre 0.0113 Rec 0.1000
2026-08-30 11:41:17 | Diag logvar_q_mean=-0.0001 logvar_q_clamp=0.0000
2026-08-30 11:41:21 | Epoch 160/400 | Train Loss 2.3105 Acc 0.1192 | Val Loss 2.2910 Acc 0.1129 AUC 0.9088 Pre 0.0113 Rec 0.1000
2026-08-30 11:41:21 | Diag logvar_q_mean=-0.0001 logvar_q_clamp=0.0000
2026-08-30 11:41:25 | Epoch 161/400 | Train Loss 2.3088 Acc 0.1207 | Val Loss 2.2908 Acc 0.1129 AUC 0.9009 Pre 0.0113 Rec 0.1000
2026-08-30 11:41:26 | Diag logvar_q_mean=-0.0001 logvar_q_clamp=0.0000
2026-08-30 11:41:30 | Epoch 162/400 | Train Loss 2.3086 Acc 0.1228 | Val Loss 2.2898 Acc 0.1129 AUC 0.9211 Pre 0.0113 Rec 0.1000
2026-08-30 11:41:31 | Diag logvar_q_mean=-0.0001 logvar_q_clamp=0.0000
2026-08-30 11:41:35 | Epoch 163/400 | Train Loss 2.3092 Acc 0.1230 | Val Loss 2.2899 Acc 0.1129 AUC 0.9221 Pre 0.0113 Rec 0.1000
2026-08-30 11:41:35 | Diag logvar_q_mean=-0.0001 logvar_q_clamp=0.0000
2026-08-30 11:41:39 | Epoch 164/400 | Train Loss 2.3096 Acc 0.1230 | Val Loss 2.2894 Acc 0.1129 AUC 0.9219 Pre 0.0113 Rec 0.1000
2026-08-30 11:41:40 | Diag logvar_q_mean=-0.0002 logvar_q_clamp=0.0000
2026-08-30 11:41:44 | Epoch 165/400 | Train Loss 2.3110 Acc 0.1224 | Val Loss 2.2904 Acc 0.1129 AUC 0.9223 Pre 0.0113 Rec 0.1000
2026-08-30 11:41:44 | Diag logvar_q_mean=-0.0002 logvar_q_clamp=0.0000
2026-08-30 11:41:48 | Epoch 166/400 | Train Loss 2.3099 Acc 0.1227 | Val Loss 2.2905 Acc 0.1129 AUC 0.9001 Pre 0.0113 Rec 0.1000
2026-08-30 11:41:49 | Diag logvar_q_mean=-0.0002 logvar_q_clamp=0.0000
2026-08-30 11:41:53 | Epoch 167/400 | Train Loss 2.3105 Acc 0.1210 | Val Loss 2.2910 Acc 0.1129 AUC 0.8884 Pre 0.0113 Rec 0.1000
2026-08-30 11:41:54 | Diag logvar_q_mean=-0.0001 logvar_q_clamp=0.0000
2026-08-30 11:41:58 | Epoch 168/400 | Train Loss 2.3109 Acc 0.1188 | Val Loss 2.2914 Acc 0.1129 AUC 0.9210 Pre 0.0113 Rec 0.1000
2026-08-30 11:41:58 | Diag logvar_q_mean=-0.0001 logvar_q_clamp=0.0000
2026-08-30 11:42:02 | Epoch 169/400 | Train Loss 2.3096 Acc 0.1220 | Val Loss 2.2910 Acc 0.1129 AUC 0.9005 Pre 0.0113 Rec 0.1000
2026-08-30 11:42:03 | Diag logvar_q_mean=-0.0002 logvar_q_clamp=0.0000
2026-08-30 11:42:07 | Epoch 170/400 | Train Loss 2.3098 Acc 0.1206 | Val Loss 2.2913 Acc 0.1129 AUC 0.9215 Pre 0.0113 Rec 0.1000
2026-08-30 11:42:07 | Diag logvar_q_mean=-0.0002 logvar_q_clamp=0.0000
2026-08-30 11:42:12 | Epoch 171/400 | Train Loss 2.3110 Acc 0.1193 | Val Loss 2.2918 Acc 0.1129 AUC 0.9115 Pre 0.0113 Rec 0.1000
2026-08-30 11:42:12 | Diag logvar_q_mean=-0.0001 logvar_q_clamp=0.0000
2026-08-30 11:42:16 | Epoch 172/400 | Train Loss 2.3088 Acc 0.1231 | Val Loss 2.2912 Acc 0.1129 AUC 0.9216 Pre 0.0113 Rec 0.1000
2026-08-30 11:42:17 | Diag logvar_q_mean=-0.0001 logvar_q_clamp=0.0000
2026-08-30 11:42:21 | Epoch 173/400 | Train Loss 2.3101 Acc 0.1191 | Val Loss 2.2911 Acc 0.1129 AUC 0.9119 Pre 0.0113 Rec 0.1000
2026-08-30 11:42:21 | Diag logvar_q_mean=-0.0001 logvar_q_clamp=0.0000
2026-08-30 11:42:25 | Epoch 174/400 | Train Loss 2.3083 Acc 0.1231 | Val Loss 2.2904 Acc 0.1129 AUC 0.8902 Pre 0.0113 Rec 0.1000
2026-08-30 11:42:26 | Diag logvar_q_mean=-0.0002 logvar_q_clamp=0.0000
2026-08-30 11:42:30 | Epoch 175/400 | Train Loss 2.3102 Acc 0.1231 | Val Loss 2.2905 Acc 0.1129 AUC 0.9008 Pre 0.0113 Rec 0.1000
2026-08-30 11:42:31 | Diag logvar_q_mean=-0.0001 logvar_q_clamp=0.0000
2026-08-30 11:42:35 | Epoch 176/400 | Train Loss 2.3105 Acc 0.1201 | Val Loss 2.2914 Acc 0.1129 AUC 0.8899 Pre 0.0113 Rec 0.1000
2026-08-30 11:42:35 | Diag logvar_q_mean=-0.0001 logvar_q_clamp=0.0000
2026-08-30 11:42:39 | Epoch 177/400 | Train Loss 2.3098 Acc 0.1204 | Val Loss 2.2913 Acc 0.1129 AUC 0.9223 Pre 0.0113 Rec 0.1000
2026-08-30 11:42:40 | Diag logvar_q_mean=-0.0001 logvar_q_clamp=0.0000
2026-08-30 11:42:44 | Epoch 178/400 | Train Loss 2.3087 Acc 0.1221 | Val Loss 2.2906 Acc 0.1129 AUC 0.9123 Pre 0.0113 Rec 0.1000
2026-08-30 11:42:45 | Diag logvar_q_mean=-0.0001 logvar_q_clamp=0.0000
2026-08-30 11:42:49 | Epoch 179/400 | Train Loss 2.3104 Acc 0.1200 | Val Loss 2.2913 Acc 0.1129 AUC 0.9007 Pre 0.0113 Rec 0.1000
2026-08-30 11:42:49 | Diag logvar_q_mean=-0.0001 logvar_q_clamp=0.0000
2026-08-30 11:42:53 | Epoch 180/400 | Train Loss 2.3090 Acc 0.1212 | Val Loss 2.2911 Acc 0.1129 AUC 0.9113 Pre 0.0113 Rec 0.1000
2026-08-30 11:42:54 | Diag logvar_q_mean=-0.0001 logvar_q_clamp=0.0000
2026-08-30 11:42:58 | Epoch 181/400 | Train Loss 2.3098 Acc 0.1214 | Val Loss 2.2905 Acc 0.1129 AUC 0.9207 Pre 0.0113 Rec 0.1000
2026-08-30 11:42:59 | Diag logvar_q_mean=-0.0001 logvar_q_clamp=0.0000
2026-08-30 11:43:03 | Epoch 182/400 | Train Loss 2.3100 Acc 0.1226 | Val Loss 2.2909 Acc 0.1129 AUC 0.9004 Pre 0.0113 Rec 0.1000
2026-08-30 11:43:03 | Diag logvar_q_mean=-0.0002 logvar_q_clamp=0.0000
2026-08-30 11:43:07 | Epoch 183/400 | Train Loss 2.3112 Acc 0.1183 | Val Loss 2.2917 Acc 0.1129 AUC 0.9204 Pre 0.0113 Rec 0.1000
2026-08-30 11:43:08 | Diag logvar_q_mean=-0.0001 logvar_q_clamp=0.0000
2026-08-30 11:43:12 | Epoch 184/400 | Train Loss 2.3111 Acc 0.1175 | Val Loss 2.2920 Acc 0.1129 AUC 0.9086 Pre 0.0113 Rec 0.1000
2026-08-30 11:43:12 | Diag logvar_q_mean=-0.0001 logvar_q_clamp=0.0000
2026-08-30 11:43:16 | Epoch 185/400 | Train Loss 2.3079 Acc 0.1222 | Val Loss 2.2911 Acc 0.1129 AUC 0.9186 Pre 0.0113 Rec 0.1000
2026-08-30 11:43:17 | Diag logvar_q_mean=-0.0001 logvar_q_clamp=0.0000
2026-08-30 11:43:21 | Epoch 186/400 | Train Loss 2.3105 Acc 0.1206 | Val Loss 2.2914 Acc 0.1129 AUC 0.9214 Pre 0.0113 Rec 0.1000
2026-08-30 11:43:22 | Diag logvar_q_mean=-0.0001 logvar_q_clamp=0.0000
2026-08-30 11:43:25 | Epoch 187/400 | Train Loss 2.3106 Acc 0.1205 | Val Loss 2.2917 Acc 0.1129 AUC 0.8969 Pre 0.0113 Rec 0.1000
2026-08-30 11:43:26 | Diag logvar_q_mean=-0.0001 logvar_q_clamp=0.0000
2026-08-30 11:43:30 | Epoch 188/400 | Train Loss 2.3104 Acc 0.1190 | Val Loss 2.2919 Acc 0.1129 AUC 0.9195 Pre 0.0113 Rec 0.1000
2026-08-30 11:43:31 | Diag logvar_q_mean=-0.0001 logvar_q_clamp=0.0000
2026-08-30 11:43:35 | Epoch 189/400 | Train Loss 2.3086 Acc 0.1217 | Val Loss 2.2917 Acc 0.1129 AUC 0.8961 Pre 0.0113 Rec 0.1000
2026-08-30 11:43:35 | Diag logvar_q_mean=-0.0002 logvar_q_clamp=0.0000
2026-08-30 11:43:39 | Epoch 190/400 | Train Loss 2.3096 Acc 0.1211 | Val Loss 2.2916 Acc 0.1129 AUC 0.9068 Pre 0.0113 Rec 0.1000
2026-08-30 11:43:40 | Diag logvar_q_mean=-0.0001 logvar_q_clamp=0.0000
2026-08-30 11:43:44 | Epoch 191/400 | Train Loss 2.3099 Acc 0.1205 | Val Loss 2.2919 Acc 0.1129 AUC 0.8978 Pre 0.0113 Rec 0.1000
2026-08-30 11:43:45 | Diag logvar_q_mean=-0.0001 logvar_q_clamp=0.0000
2026-08-30 11:43:48 | Epoch 192/400 | Train Loss 2.3091 Acc 0.1202 | Val Loss 2.2912 Acc 0.1129 AUC 0.9071 Pre 0.0113 Rec 0.1000
2026-08-30 11:43:49 | Diag logvar_q_mean=-0.0001 logvar_q_clamp=0.0000
2026-08-30 11:43:53 | Epoch 193/400 | Train Loss 2.3100 Acc 0.1201 | Val Loss 2.2912 Acc 0.1129 AUC 0.9166 Pre 0.0113 Rec 0.1000
2026-08-30 11:43:54 | Diag logvar_q_mean=-0.0002 logvar_q_clamp=0.0000
2026-08-30 11:43:58 | Epoch 194/400 | Train Loss 2.3091 Acc 0.1230 | Val Loss 2.2909 Acc 0.1129 AUC 0.9183 Pre 0.0113 Rec 0.1000
2026-08-30 11:43:58 | Diag logvar_q_mean=-0.0001 logvar_q_clamp=0.0000
2026-08-30 11:44:02 | Epoch 195/400 | Train Loss 2.3095 Acc 0.1213 | Val Loss 2.2909 Acc 0.1129 AUC 0.9199 Pre 0.0113 Rec 0.1000
2026-08-30 11:44:03 | Diag logvar_q_mean=-0.0001 logvar_q_clamp=0.0000
2026-08-30 11:44:07 | Epoch 196/400 | Train Loss 2.3096 Acc 0.1196 | Val Loss 2.2902 Acc 0.1129 AUC 0.9221 Pre 0.0113 Rec 0.1000
2026-08-30 11:44:08 | Diag logvar_q_mean=-0.0001 logvar_q_clamp=0.0000
2026-08-30 11:44:12 | Epoch 197/400 | Train Loss 2.3094 Acc 0.1245 | Val Loss 2.2901 Acc 0.1129 AUC 0.9213 Pre 0.0113 Rec 0.1000
2026-08-30 11:44:12 | Diag logvar_q_mean=-0.0001 logvar_q_clamp=0.0000
2026-08-30 11:44:16 | Epoch 198/400 | Train Loss 2.3098 Acc 0.1213 | Val Loss 2.2900 Acc 0.1129 AUC 0.9109 Pre 0.0113 Rec 0.1000
2026-08-30 11:44:17 | Diag logvar_q_mean=-0.0001 logvar_q_clamp=0.0000
2026-08-30 11:44:21 | Epoch 199/400 | Train Loss 2.3099 Acc 0.1224 | Val Loss 2.2904 Acc 0.1129 AUC 0.8902 Pre 0.0113 Rec 0.1000
2026-08-30 11:44:21 | Diag logvar_q_mean=-0.0001 logvar_q_clamp=0.0000
2026-08-30 11:44:25 | Epoch 200/400 | Train Loss 2.3104 Acc 0.1203 | Val Loss 2.2908 Acc 0.1129 AUC 0.9201 Pre 0.0113 Rec 0.1000
2026-08-30 11:44:26 | Diag logvar_q_mean=-0.0001 logvar_q_clamp=0.0000
2026-08-30 11:44:30 | Epoch 201/400 | Train Loss 2.3092 Acc 0.1236 | Val Loss 2.2907 Acc 0.1129 AUC 0.9219 Pre 0.0113 Rec 0.1000
2026-08-30 11:44:31 | Diag logvar_q_mean=-0.0002 logvar_q_clamp=0.0000
2026-08-30 11:44:35 | Epoch 202/400 | Train Loss 2.3105 Acc 0.1194 | Val Loss 2.2909 Acc 0.1129 AUC 0.9204 Pre 0.0113 Rec 0.1000
2026-08-30 11:44:35 | Diag logvar_q_mean=-0.0001 logvar_q_clamp=0.0000
2026-08-30 11:44:39 | Epoch 203/400 | Train Loss 2.3104 Acc 0.1199 | Val Loss 2.2912 Acc 0.1129 AUC 0.9096 Pre 0.0113 Rec 0.1000
2026-08-30 11:44:40 | Diag logvar_q_mean=-0.0001 logvar_q_clamp=0.0000
2026-08-30 11:44:44 | Epoch 204/400 | Train Loss 2.3098 Acc 0.1208 | Val Loss 2.2915 Acc 0.1129 AUC 0.9111 Pre 0.0113 Rec 0.1000
2026-08-30 11:44:45 | Diag logvar_q_mean=-0.0001 logvar_q_clamp=0.0000
2026-08-30 11:44:48 | Epoch 205/400 | Train Loss 2.3091 Acc 0.1206 | Val Loss 2.2914 Acc 0.1129 AUC 0.9194 Pre 0.0113 Rec 0.1000
2026-08-30 11:44:49 | Diag logvar_q_mean=-0.0001 logvar_q_clamp=0.0000
2026-08-30 11:44:53 | Epoch 206/400 | Train Loss 2.3102 Acc 0.1199 | Val Loss 2.2915 Acc 0.1129 AUC 0.9197 Pre 0.0113 Rec 0.1000
2026-08-30 11:44:54 | Diag logvar_q_mean=-0.0001 logvar_q_clamp=0.0000
2026-08-30 11:44:58 | Epoch 207/400 | Train Loss 2.3103 Acc 0.1189 | Val Loss 2.2915 Acc 0.1129 AUC 0.9211 Pre 0.0113 Rec 0.1000
2026-08-30 11:44:58 | Diag logvar_q_mean=-0.0001 logvar_q_clamp=0.0000
2026-08-30 11:45:02 | Epoch 208/400 | Train Loss 2.3099 Acc 0.1226 | Val Loss 2.2913 Acc 0.1129 AUC 0.9198 Pre 0.0113 Rec 0.1000
2026-08-30 11:45:03 | Diag logvar_q_mean=-0.0002 logvar_q_clamp=0.0000
2026-08-30 11:45:07 | Epoch 209/400 | Train Loss 2.3095 Acc 0.1239 | Val Loss 2.2907 Acc 0.1129 AUC 0.9006 Pre 0.0113 Rec 0.1000
2026-08-30 11:45:07 | Diag logvar_q_mean=-0.0001 logvar_q_clamp=0.0000
2026-08-30 11:45:11 | Epoch 210/400 | Train Loss 2.3099 Acc 0.1223 | Val Loss 2.2912 Acc 0.1129 AUC 0.9192 Pre 0.0113 Rec 0.1000
2026-08-30 11:45:12 | Diag logvar_q_mean=-0.0001 logvar_q_clamp=0.0000
2026-08-30 11:45:16 | Epoch 211/400 | Train Loss 2.3103 Acc 0.1194 | Val Loss 2.2912 Acc 0.1129 AUC 0.9187 Pre 0.0113 Rec 0.1000
2026-08-30 11:45:17 | Diag logvar_q_mean=-0.0001 logvar_q_clamp=0.0000
2026-08-30 11:45:21 | Epoch 212/400 | Train Loss 2.3113 Acc 0.1220 | Val Loss 2.2917 Acc 0.1129 AUC 0.9187 Pre 0.0113 Rec 0.1000
2026-08-30 11:45:21 | Diag logvar_q_mean=-0.0001 logvar_q_clamp=0.0000
2026-08-30 11:45:25 | Epoch 213/400 | Train Loss 2.3084 Acc 0.1236 | Val Loss 2.2914 Acc 0.1129 AUC 0.9099 Pre 0.0113 Rec 0.1000
2026-08-30 11:45:26 | Diag logvar_q_mean=-0.0001 logvar_q_clamp=0.0000
2026-08-30 11:45:30 | Epoch 214/400 | Train Loss 2.3109 Acc 0.1210 | Val Loss 2.2919 Acc 0.1129 AUC 0.9182 Pre 0.0113 Rec 0.1000
2026-08-30 11:45:30 | Diag logvar_q_mean=-0.0001 logvar_q_clamp=0.0000
2026-08-30 11:45:34 | Epoch 215/400 | Train Loss 2.3091 Acc 0.1196 | Val Loss 2.2922 Acc 0.1129 AUC 0.9187 Pre 0.0113 Rec 0.1000
2026-08-30 11:45:35 | Diag logvar_q_mean=-0.0001 logvar_q_clamp=0.0000
2026-08-30 11:45:39 | Epoch 216/400 | Train Loss 2.3107 Acc 0.1197 | Val Loss 2.2918 Acc 0.1129 AUC 0.9191 Pre 0.0113 Rec 0.1000
2026-08-30 11:45:40 | Diag logvar_q_mean=-0.0001 logvar_q_clamp=0.0000
2026-08-30 11:45:44 | Epoch 217/400 | Train Loss 2.3099 Acc 0.1206 | Val Loss 2.2920 Acc 0.1129 AUC 0.9080 Pre 0.0113 Rec 0.1000
2026-08-30 11:45:44 | Diag logvar_q_mean=-0.0001 logvar_q_clamp=0.0000
2026-08-30 11:45:48 | Epoch 218/400 | Train Loss 2.3096 Acc 0.1210 | Val Loss 2.2919 Acc 0.1129 AUC 0.8969 Pre 0.0113 Rec 0.1000
2026-08-30 11:45:49 | Diag logvar_q_mean=-0.0001 logvar_q_clamp=0.0000
2026-08-30 11:45:53 | Epoch 219/400 | Train Loss 2.3093 Acc 0.1193 | Val Loss 2.2920 Acc 0.1129 AUC 0.9068 Pre 0.0113 Rec 0.1000
2026-08-30 11:45:53 | Diag logvar_q_mean=-0.0001 logvar_q_clamp=0.0000
2026-08-30 11:45:57 | Epoch 220/400 | Train Loss 2.3098 Acc 0.1181 | Val Loss 2.2918 Acc 0.1129 AUC 0.8914 Pre 0.0113 Rec 0.1000
2026-08-30 11:45:58 | Diag logvar_q_mean=-0.0001 logvar_q_clamp=0.0000
2026-08-30 11:46:02 | Epoch 221/400 | Train Loss 2.3104 Acc 0.1179 | Val Loss 2.2919 Acc 0.1129 AUC 0.8869 Pre 0.0113 Rec 0.1000
2026-08-30 11:46:02 | Diag logvar_q_mean=-0.0001 logvar_q_clamp=0.0000
2026-08-30 11:46:06 | Epoch 222/400 | Train Loss 2.3098 Acc 0.1192 | Val Loss 2.2926 Acc 0.1129 AUC 0.9046 Pre 0.0113 Rec 0.1000
2026-08-30 11:46:07 | Diag logvar_q_mean=-0.0001 logvar_q_clamp=0.0000
2026-08-30 11:46:11 | Epoch 223/400 | Train Loss 2.3097 Acc 0.1209 | Val Loss 2.2924 Acc 0.1129 AUC 0.8980 Pre 0.0113 Rec 0.1000
2026-08-30 11:46:12 | Diag logvar_q_mean=-0.0001 logvar_q_clamp=0.0000
2026-08-30 11:46:16 | Epoch 224/400 | Train Loss 2.3101 Acc 0.1190 | Val Loss 2.2923 Acc 0.1129 AUC 0.9188 Pre 0.0113 Rec 0.1000
2026-08-30 11:46:16 | Diag logvar_q_mean=-0.0002 logvar_q_clamp=0.0000
2026-08-30 11:46:20 | Epoch 225/400 | Train Loss 2.3097 Acc 0.1188 | Val Loss 2.2919 Acc 0.1129 AUC 0.9095 Pre 0.0113 Rec 0.1000
2026-08-30 11:46:21 | Diag logvar_q_mean=-0.0001 logvar_q_clamp=0.0000
2026-08-30 11:46:25 | Epoch 226/400 | Train Loss 2.3084 Acc 0.1212 | Val Loss 2.2913 Acc 0.1129 AUC 0.8995 Pre 0.0113 Rec 0.1000
2026-08-30 11:46:25 | Diag logvar_q_mean=-0.0002 logvar_q_clamp=0.0000
2026-08-30 11:46:29 | Epoch 227/400 | Train Loss 2.3111 Acc 0.1189 | Val Loss 2.2919 Acc 0.1129 AUC 0.9078 Pre 0.0113 Rec 0.1000
2026-08-30 11:46:30 | Diag logvar_q_mean=-0.0002 logvar_q_clamp=0.0000
2026-08-30 11:46:34 | Epoch 228/400 | Train Loss 2.3104 Acc 0.1182 | Val Loss 2.2923 Acc 0.1129 AUC 0.9191 Pre 0.0113 Rec 0.1000
2026-08-30 11:46:35 | Diag logvar_q_mean=-0.0001 logvar_q_clamp=0.0000
2026-08-30 11:46:39 | Epoch 229/400 | Train Loss 2.3100 Acc 0.1186 | Val Loss 2.2924 Acc 0.1129 AUC 0.8873 Pre 0.0113 Rec 0.1000
2026-08-30 11:46:39 | Diag logvar_q_mean=-0.0001 logvar_q_clamp=0.0000
2026-08-30 11:46:43 | Epoch 230/400 | Train Loss 2.3087 Acc 0.1199 | Val Loss 2.2924 Acc 0.1129 AUC 0.9194 Pre 0.0113 Rec 0.1000
2026-08-30 11:46:44 | Diag logvar_q_mean=-0.0001 logvar_q_clamp=0.0000
2026-08-30 11:46:48 | Epoch 231/400 | Train Loss 2.3104 Acc 0.1186 | Val Loss 2.2922 Acc 0.1129 AUC 0.9067 Pre 0.0113 Rec 0.1000
2026-08-30 11:46:49 | Diag logvar_q_mean=-0.0002 logvar_q_clamp=0.0000
2026-08-30 11:46:52 | Epoch 232/400 | Train Loss 2.3094 Acc 0.1213 | Val Loss 2.2918 Acc 0.1129 AUC 0.9193 Pre 0.0113 Rec 0.1000
2026-08-30 11:46:53 | Diag logvar_q_mean=-0.0002 logvar_q_clamp=0.0000
2026-08-30 11:46:57 | Epoch 233/400 | Train Loss 2.3104 Acc 0.1192 | Val Loss 2.2917 Acc 0.1129 AUC 0.8985 Pre 0.0113 Rec 0.1000
2026-08-30 11:46:58 | Diag logvar_q_mean=-0.0002 logvar_q_clamp=0.0000
2026-08-30 11:47:01 | Epoch 234/400 | Train Loss 2.3093 Acc 0.1175 | Val Loss 2.2921 Acc 0.1129 AUC 0.9103 Pre 0.0113 Rec 0.1000
2026-08-30 11:47:02 | Diag logvar_q_mean=-0.0001 logvar_q_clamp=0.0000
2026-08-30 11:47:06 | Epoch 235/400 | Train Loss 2.3083 Acc 0.1196 | Val Loss 2.2913 Acc 0.1129 AUC 0.9094 Pre 0.0113 Rec 0.1000
2026-08-30 11:47:07 | Diag logvar_q_mean=-0.0001 logvar_q_clamp=0.0000
2026-08-30 11:47:11 | Epoch 236/400 | Train Loss 2.3101 Acc 0.1217 | Val Loss 2.2913 Acc 0.1129 AUC 0.9071 Pre 0.0113 Rec 0.1000
2026-08-30 11:47:11 | Diag logvar_q_mean=-0.0001 logvar_q_clamp=0.0000
2026-08-30 11:47:15 | Epoch 237/400 | Train Loss 2.3100 Acc 0.1201 | Val Loss 2.2918 Acc 0.1129 AUC 0.9097 Pre 0.0113 Rec 0.1000
2026-08-30 11:47:16 | Diag logvar_q_mean=-0.0001 logvar_q_clamp=0.0000
2026-08-30 11:47:20 | Epoch 238/400 | Train Loss 2.3106 Acc 0.1190 | Val Loss 2.2917 Acc 0.1129 AUC 0.9201 Pre 0.0113 Rec 0.1000
2026-08-30 11:47:20 | Diag logvar_q_mean=-0.0001 logvar_q_clamp=0.0000
2026-08-30 11:47:24 | Epoch 239/400 | Train Loss 2.3097 Acc 0.1217 | Val Loss 2.2920 Acc 0.1129 AUC 0.9187 Pre 0.0113 Rec 0.1000
2026-08-30 11:47:25 | Diag logvar_q_mean=-0.0001 logvar_q_clamp=0.0000
2026-08-30 11:47:29 | Epoch 240/400 | Train Loss 2.3097 Acc 0.1210 | Val Loss 2.2914 Acc 0.1129 AUC 0.8970 Pre 0.0113 Rec 0.1000
2026-08-30 11:47:30 | Diag logvar_q_mean=-0.0002 logvar_q_clamp=0.0000
2026-08-30 11:47:33 | Epoch 241/400 | Train Loss 2.3094 Acc 0.1224 | Val Loss 2.2910 Acc 0.1129 AUC 0.9060 Pre 0.0113 Rec 0.1000
2026-08-30 11:47:34 | Diag logvar_q_mean=-0.0001 logvar_q_clamp=0.0000
2026-08-30 11:47:38 | Epoch 242/400 | Train Loss 2.3091 Acc 0.1207 | Val Loss 2.2913 Acc 0.1129 AUC 0.9082 Pre 0.0113 Rec 0.1000
2026-08-30 11:47:39 | Diag logvar_q_mean=-0.0001 logvar_q_clamp=0.0000
2026-08-30 11:47:43 | Epoch 243/400 | Train Loss 2.3101 Acc 0.1198 | Val Loss 2.2917 Acc 0.1129 AUC 0.8950 Pre 0.0113 Rec 0.1000
2026-08-30 11:47:43 | Diag logvar_q_mean=-0.0001 logvar_q_clamp=0.0000
2026-08-30 11:47:47 | Epoch 244/400 | Train Loss 2.3105 Acc 0.1196 | Val Loss 2.2920 Acc 0.1129 AUC 0.8972 Pre 0.0113 Rec 0.1000
2026-08-30 11:47:48 | Diag logvar_q_mean=-0.0001 logvar_q_clamp=0.0000
2026-08-30 11:47:52 | Epoch 245/400 | Train Loss 2.3099 Acc 0.1183 | Val Loss 2.2921 Acc 0.1129 AUC 0.9064 Pre 0.0113 Rec 0.1000
2026-08-30 11:47:52 | Diag logvar_q_mean=-0.0001 logvar_q_clamp=0.0000
2026-08-30 11:47:56 | Epoch 246/400 | Train Loss 2.3085 Acc 0.1213 | Val Loss 2.2912 Acc 0.1129 AUC 0.9084 Pre 0.0113 Rec 0.1000
2026-08-30 11:47:57 | Diag logvar_q_mean=-0.0001 logvar_q_clamp=0.0000
2026-08-30 11:48:01 | Epoch 247/400 | Train Loss 2.3097 Acc 0.1236 | Val Loss 2.2908 Acc 0.1129 AUC 0.9195 Pre 0.0113 Rec 0.1000
2026-08-30 11:48:02 | Diag logvar_q_mean=-0.0001 logvar_q_clamp=0.0000
2026-08-30 11:48:06 | Epoch 248/400 | Train Loss 2.3104 Acc 0.1213 | Val Loss 2.2916 Acc 0.1129 AUC 0.8864 Pre 0.0113 Rec 0.1000
2026-08-30 11:48:06 | Diag logvar_q_mean=-0.0001 logvar_q_clamp=0.0000
2026-08-30 11:48:10 | Epoch 249/400 | Train Loss 2.3089 Acc 0.1214 | Val Loss 2.2913 Acc 0.1129 AUC 0.9102 Pre 0.0113 Rec 0.1000
2026-08-30 11:48:11 | Diag logvar_q_mean=-0.0001 logvar_q_clamp=0.0000
2026-08-30 11:48:15 | Epoch 250/400 | Train Loss 2.3111 Acc 0.1187 | Val Loss 2.2919 Acc 0.1129 AUC 0.8974 Pre 0.0113 Rec 0.1000
2026-08-30 11:48:15 | Diag logvar_q_mean=-0.0001 logvar_q_clamp=0.0000
2026-08-30 11:48:19 | Epoch 251/400 | Train Loss 2.3093 Acc 0.1220 | Val Loss 2.2916 Acc 0.1129 AUC 0.9189 Pre 0.0113 Rec 0.1000
2026-08-30 11:48:20 | Diag logvar_q_mean=-0.0002 logvar_q_clamp=0.0000
2026-08-30 11:48:24 | Epoch 252/400 | Train Loss 2.3100 Acc 0.1190 | Val Loss 2.2918 Acc 0.1129 AUC 0.9171 Pre 0.0113 Rec 0.1000
2026-08-30 11:48:25 | Diag logvar_q_mean=-0.0001 logvar_q_clamp=0.0000
2026-08-30 11:48:29 | Epoch 253/400 | Train Loss 2.3097 Acc 0.1193 | Val Loss 2.2921 Acc 0.1129 AUC 0.9179 Pre 0.0113 Rec 0.1000
2026-08-30 11:48:29 | Diag logvar_q_mean=-0.0001 logvar_q_clamp=0.0000
2026-08-30 11:48:33 | Epoch 254/400 | Train Loss 2.3095 Acc 0.1178 | Val Loss 2.2921 Acc 0.1129 AUC 0.9073 Pre 0.0113 Rec 0.1000
2026-08-30 11:48:34 | Diag logvar_q_mean=-0.0001 logvar_q_clamp=0.0000
2026-08-30 11:48:38 | Epoch 255/400 | Train Loss 2.3099 Acc 0.1178 | Val Loss 2.2923 Acc 0.1129 AUC 0.9052 Pre 0.0113 Rec 0.1000
2026-08-30 11:48:39 | Diag logvar_q_mean=-0.0001 logvar_q_clamp=0.0000
2026-08-30 11:48:43 | Epoch 256/400 | Train Loss 2.3107 Acc 0.1176 | Val Loss 2.2924 Acc 0.1129 AUC 0.9077 Pre 0.0113 Rec 0.1000
2026-08-30 11:48:44 | Diag logvar_q_mean=-0.0001 logvar_q_clamp=0.0000
2026-08-30 11:48:48 | Epoch 257/400 | Train Loss 2.3105 Acc 0.1191 | Val Loss 2.2927 Acc 0.1129 AUC 0.9046 Pre 0.0113 Rec 0.1000
2026-08-30 11:48:48 | Diag logvar_q_mean=-0.0001 logvar_q_clamp=0.0000
2026-08-30 11:48:52 | Epoch 258/400 | Train Loss 2.3102 Acc 0.1197 | Val Loss 2.2929 Acc 0.1129 AUC 0.8732 Pre 0.0113 Rec 0.1000
2026-08-30 11:48:53 | Diag logvar_q_mean=-0.0001 logvar_q_clamp=0.0000
2026-08-30 11:48:57 | Epoch 259/400 | Train Loss 2.3092 Acc 0.1185 | Val Loss 2.2926 Acc 0.1129 AUC 0.8838 Pre 0.0113 Rec 0.1000
2026-08-30 11:48:57 | Diag logvar_q_mean=-0.0001 logvar_q_clamp=0.0000
2026-08-30 11:49:02 | Epoch 260/400 | Train Loss 2.3110 Acc 0.1173 | Val Loss 2.2932 Acc 0.1129 AUC 0.9163 Pre 0.0113 Rec 0.1000
2026-08-30 11:49:02 | Diag logvar_q_mean=-0.0001 logvar_q_clamp=0.0000
2026-08-30 11:49:06 | Epoch 261/400 | Train Loss 2.3100 Acc 0.1163 | Val Loss 2.2934 Acc 0.1129 AUC 0.9108 Pre 0.0113 Rec 0.1000
2026-08-30 11:49:07 | Diag logvar_q_mean=-0.0001 logvar_q_clamp=0.0000
2026-08-30 11:49:11 | Epoch 262/400 | Train Loss 2.3091 Acc 0.1189 | Val Loss 2.2931 Acc 0.1129 AUC 0.8997 Pre 0.0113 Rec 0.1000
2026-08-30 11:49:11 | Diag logvar_q_mean=-0.0001 logvar_q_clamp=0.0000
2026-08-30 11:49:15 | Epoch 263/400 | Train Loss 2.3109 Acc 0.1170 | Val Loss 2.2933 Acc 0.1129 AUC 0.8797 Pre 0.0113 Rec 0.1000
2026-08-30 11:49:16 | Diag logvar_q_mean=-0.0001 logvar_q_clamp=0.0000
2026-08-30 11:49:20 | Epoch 264/400 | Train Loss 2.3111 Acc 0.1154 | Val Loss 2.2939 Acc 0.1129 AUC 0.8979 Pre 0.0113 Rec 0.1000
2026-08-30 11:49:21 | Diag logvar_q_mean=-0.0001 logvar_q_clamp=0.0000
2026-08-30 11:49:25 | Epoch 265/400 | Train Loss 2.3101 Acc 0.1159 | Val Loss 2.2943 Acc 0.1129 AUC 0.8857 Pre 0.0113 Rec 0.1000
2026-08-30 11:49:25 | Diag logvar_q_mean=-0.0001 logvar_q_clamp=0.0000
2026-08-30 11:49:29 | Epoch 266/400 | Train Loss 2.3096 Acc 0.1160 | Val Loss 2.2944 Acc 0.1129 AUC 0.8767 Pre 0.0113 Rec 0.1000
2026-08-30 11:49:30 | Diag logvar_q_mean=-0.0001 logvar_q_clamp=0.0000
2026-08-30 11:49:34 | Epoch 267/400 | Train Loss 2.3108 Acc 0.1159 | Val Loss 2.2942 Acc 0.1129 AUC 0.9085 Pre 0.0113 Rec 0.1000
2026-08-30 11:49:35 | Diag logvar_q_mean=-0.0002 logvar_q_clamp=0.0000
2026-08-30 11:49:39 | Epoch 268/400 | Train Loss 2.3084 Acc 0.1186 | Val Loss 2.2935 Acc 0.1129 AUC 0.8986 Pre 0.0113 Rec 0.1000
2026-08-30 11:49:39 | Diag logvar_q_mean=-0.0001 logvar_q_clamp=0.0000
2026-08-30 11:49:43 | Epoch 269/400 | Train Loss 2.3105 Acc 0.1174 | Val Loss 2.2940 Acc 0.1129 AUC 0.9092 Pre 0.0113 Rec 0.1000
2026-08-30 11:49:44 | Diag logvar_q_mean=-0.0001 logvar_q_clamp=0.0000
2026-08-30 11:49:48 | Epoch 270/400 | Train Loss 2.3094 Acc 0.1165 | Val Loss 2.2933 Acc 0.1129 AUC 0.9194 Pre 0.0113 Rec 0.1000
2026-08-30 11:49:48 | Diag logvar_q_mean=-0.0001 logvar_q_clamp=0.0000
2026-08-30 11:49:52 | Epoch 271/400 | Train Loss 2.3095 Acc 0.1178 | Val Loss 2.2934 Acc 0.1129 AUC 0.9086 Pre 0.0113 Rec 0.1000
2026-08-30 11:49:53 | Diag logvar_q_mean=-0.0001 logvar_q_clamp=0.0000
2026-08-30 11:49:57 | Epoch 272/400 | Train Loss 2.3097 Acc 0.1164 | Val Loss 2.2937 Acc 0.1129 AUC 0.8619 Pre 0.0113 Rec 0.1000
2026-08-30 11:49:58 | Diag logvar_q_mean=-0.0001 logvar_q_clamp=0.0000
2026-08-30 11:50:02 | Epoch 273/400 | Train Loss 2.3106 Acc 0.1174 | Val Loss 2.2934 Acc 0.1129 AUC 0.8858 Pre 0.0113 Rec 0.1000
2026-08-30 11:50:02 | Diag logvar_q_mean=-0.0001 logvar_q_clamp=0.0000
2026-08-30 11:50:06 | Epoch 274/400 | Train Loss 2.3104 Acc 0.1165 | Val Loss 2.2938 Acc 0.1129 AUC 0.8960 Pre 0.0113 Rec 0.1000
2026-08-30 11:50:07 | Diag logvar_q_mean=-0.0001 logvar_q_clamp=0.0000
2026-08-30 11:50:11 | Epoch 275/400 | Train Loss 2.3094 Acc 0.1157 | Val Loss 2.2931 Acc 0.1129 AUC 0.9075 Pre 0.0113 Rec 0.1000
2026-08-30 11:50:12 | Diag logvar_q_mean=-0.0001 logvar_q_clamp=0.0000
2026-08-30 11:50:16 | Epoch 276/400 | Train Loss 2.3097 Acc 0.1174 | Val Loss 2.2928 Acc 0.1129 AUC 0.8955 Pre 0.0113 Rec 0.1000
2026-08-30 11:50:16 | Diag logvar_q_mean=-0.0001 logvar_q_clamp=0.0000
2026-08-30 11:50:20 | Epoch 277/400 | Train Loss 2.3096 Acc 0.1197 | Val Loss 2.2931 Acc 0.1129 AUC 0.9066 Pre 0.0113 Rec 0.1000
2026-08-30 11:50:21 | Diag logvar_q_mean=-0.0001 logvar_q_clamp=0.0000
2026-08-30 11:50:25 | Epoch 278/400 | Train Loss 2.3095 Acc 0.1200 | Val Loss 2.2928 Acc 0.1129 AUC 0.8956 Pre 0.0113 Rec 0.1000
2026-08-30 11:50:25 | Diag logvar_q_mean=-0.0001 logvar_q_clamp=0.0000
2026-08-30 11:50:29 | Epoch 279/400 | Train Loss 2.3095 Acc 0.1182 | Val Loss 2.2929 Acc 0.1129 AUC 0.8865 Pre 0.0113 Rec 0.1000
2026-08-30 11:50:30 | Diag logvar_q_mean=-0.0001 logvar_q_clamp=0.0000
2026-08-30 11:50:34 | Epoch 280/400 | Train Loss 2.3097 Acc 0.1196 | Val Loss 2.2926 Acc 0.1129 AUC 0.8973 Pre 0.0113 Rec 0.1000
2026-08-30 11:50:34 | Diag logvar_q_mean=-0.0001 logvar_q_clamp=0.0000
2026-08-30 11:50:38 | Epoch 281/400 | Train Loss 2.3097 Acc 0.1185 | Val Loss 2.2923 Acc 0.1129 AUC 0.9101 Pre 0.0113 Rec 0.1000
2026-08-30 11:50:39 | Diag logvar_q_mean=-0.0001 logvar_q_clamp=0.0000
2026-08-30 11:50:43 | Epoch 282/400 | Train Loss 2.3092 Acc 0.1193 | Val Loss 2.2921 Acc 0.1129 AUC 0.9067 Pre 0.0113 Rec 0.1000
2026-08-30 11:50:44 | Diag logvar_q_mean=-0.0001 logvar_q_clamp=0.0000
2026-08-30 11:50:48 | Epoch 283/400 | Train Loss 2.3097 Acc 0.1186 | Val Loss 2.2920 Acc 0.1129 AUC 0.9084 Pre 0.0113 Rec 0.1000
2026-08-30 11:50:48 | Diag logvar_q_mean=-0.0002 logvar_q_clamp=0.0000
2026-08-30 11:50:52 | Epoch 284/400 | Train Loss 2.3096 Acc 0.1214 | Val Loss 2.2919 Acc 0.1129 AUC 0.9054 Pre 0.0113 Rec 0.1000
2026-08-30 11:50:53 | Diag logvar_q_mean=-0.0001 logvar_q_clamp=0.0000
2026-08-30 11:50:57 | Epoch 285/400 | Train Loss 2.3105 Acc 0.1204 | Val Loss 2.2921 Acc 0.1129 AUC 0.9169 Pre 0.0113 Rec 0.1000
2026-08-30 11:50:57 | Diag logvar_q_mean=-0.0002 logvar_q_clamp=0.0000
2026-08-30 11:51:01 | Epoch 286/400 | Train Loss 2.3100 Acc 0.1178 | Val Loss 2.2923 Acc 0.1129 AUC 0.9185 Pre 0.0113 Rec 0.1000
2026-08-30 11:51:02 | Diag logvar_q_mean=-0.0001 logvar_q_clamp=0.0000
2026-08-30 11:51:06 | Epoch 287/400 | Train Loss 2.3101 Acc 0.1169 | Val Loss 2.2927 Acc 0.1129 AUC 0.9159 Pre 0.0113 Rec 0.1000
2026-08-30 11:51:06 | Diag logvar_q_mean=-0.0001 logvar_q_clamp=0.0000
2026-08-30 11:51:10 | Epoch 288/400 | Train Loss 2.3092 Acc 0.1175 | Val Loss 2.2927 Acc 0.1129 AUC 0.9168 Pre 0.0113 Rec 0.1000
2026-08-30 11:51:11 | Diag logvar_q_mean=-0.0001 logvar_q_clamp=0.0000
2026-08-30 11:51:15 | Epoch 289/400 | Train Loss 2.3109 Acc 0.1175 | Val Loss 2.2929 Acc 0.1129 AUC 0.9167 Pre 0.0113 Rec 0.1000
2026-08-30 11:51:15 | Diag logvar_q_mean=-0.0001 logvar_q_clamp=0.0000
2026-08-30 11:51:19 | Epoch 290/400 | Train Loss 2.3093 Acc 0.1197 | Val Loss 2.2925 Acc 0.1129 AUC 0.9065 Pre 0.0113 Rec 0.1000
2026-08-30 11:51:20 | Diag logvar_q_mean=-0.0001 logvar_q_clamp=0.0000
2026-08-30 11:51:24 | Epoch 291/400 | Train Loss 2.3096 Acc 0.1200 | Val Loss 2.2926 Acc 0.1129 AUC 0.9191 Pre 0.0113 Rec 0.1000
2026-08-30 11:51:24 | Diag logvar_q_mean=-0.0001 logvar_q_clamp=0.0000
2026-08-30 11:51:28 | Epoch 292/400 | Train Loss 2.3095 Acc 0.1187 | Val Loss 2.2926 Acc 0.1129 AUC 0.9165 Pre 0.0113 Rec 0.1000
2026-08-30 11:51:29 | Diag logvar_q_mean=-0.0002 logvar_q_clamp=0.0000
2026-08-30 11:51:33 | Epoch 293/400 | Train Loss 2.3094 Acc 0.1199 | Val Loss 2.2923 Acc 0.1129 AUC 0.9180 Pre 0.0113 Rec 0.1000
2026-08-30 11:51:33 | Diag logvar_q_mean=-0.0001 logvar_q_clamp=0.0000
2026-08-30 11:51:37 | Epoch 294/400 | Train Loss 2.3113 Acc 0.1195 | Val Loss 2.2928 Acc 0.1129 AUC 0.8983 Pre 0.0113 Rec 0.1000
2026-08-30 11:51:38 | Diag logvar_q_mean=-0.0001 logvar_q_clamp=0.0000
2026-08-30 11:51:42 | Epoch 295/400 | Train Loss 2.3087 Acc 0.1196 | Val Loss 2.2924 Acc 0.1129 AUC 0.8971 Pre 0.0113 Rec 0.1000
2026-08-30 11:51:43 | Diag logvar_q_mean=-0.0002 logvar_q_clamp=0.0000
2026-08-30 11:51:46 | Epoch 296/400 | Train Loss 2.3098 Acc 0.1191 | Val Loss 2.2925 Acc 0.1129 AUC 0.8949 Pre 0.0113 Rec 0.1000
2026-08-30 11:51:47 | Diag logvar_q_mean=-0.0002 logvar_q_clamp=0.0000
2026-08-30 11:51:51 | Epoch 297/400 | Train Loss 2.3089 Acc 0.1202 | Val Loss 2.2925 Acc 0.1129 AUC 0.9183 Pre 0.0113 Rec 0.1000
2026-08-30 11:51:52 | Diag logvar_q_mean=-0.0001 logvar_q_clamp=0.0000
2026-08-30 11:51:55 | Epoch 298/400 | Train Loss 2.3099 Acc 0.1177 | Val Loss 2.2922 Acc 0.1129 AUC 0.9079 Pre 0.0113 Rec 0.1000
2026-08-30 11:51:56 | Diag logvar_q_mean=-0.0001 logvar_q_clamp=0.0000
2026-08-30 11:52:00 | Epoch 299/400 | Train Loss 2.3103 Acc 0.1209 | Val Loss 2.2923 Acc 0.1129 AUC 0.9195 Pre 0.0113 Rec 0.1000
2026-08-30 11:52:01 | Diag logvar_q_mean=-0.0001 logvar_q_clamp=0.0000
2026-08-30 11:52:05 | Epoch 300/400 | Train Loss 2.3101 Acc 0.1196 | Val Loss 2.2923 Acc 0.1129 AUC 0.9077 Pre 0.0113 Rec 0.1000
2026-08-30 11:52:05 | Diag logvar_q_mean=-0.0001 logvar_q_clamp=0.0000
2026-08-30 11:52:09 | Epoch 301/400 | Train Loss 2.3097 Acc 0.1217 | Val Loss 2.2922 Acc 0.1129 AUC 0.8971 Pre 0.0113 Rec 0.1000
2026-08-30 11:52:10 | Diag logvar_q_mean=-0.0001 logvar_q_clamp=0.0000
2026-08-30 11:52:14 | Epoch 302/400 | Train Loss 2.3094 Acc 0.1212 | Val Loss 2.2920 Acc 0.1129 AUC 0.9074 Pre 0.0113 Rec 0.1000
2026-08-30 11:52:14 | Diag logvar_q_mean=-0.0001 logvar_q_clamp=0.0000
2026-08-30 11:52:18 | Epoch 303/400 | Train Loss 2.3099 Acc 0.1208 | Val Loss 2.2923 Acc 0.1129 AUC 0.8976 Pre 0.0113 Rec 0.1000
2026-08-30 11:52:19 | Diag logvar_q_mean=-0.0001 logvar_q_clamp=0.0000
2026-08-30 11:52:23 | Epoch 304/400 | Train Loss 2.3100 Acc 0.1201 | Val Loss 2.2925 Acc 0.1129 AUC 0.9078 Pre 0.0113 Rec 0.1000
2026-08-30 11:52:23 | Diag logvar_q_mean=-0.0001 logvar_q_clamp=0.0000
2026-08-30 11:52:27 | Epoch 305/400 | Train Loss 2.3094 Acc 0.1197 | Val Loss 2.2924 Acc 0.1129 AUC 0.9188 Pre 0.0113 Rec 0.1000
2026-08-30 11:52:28 | Diag logvar_q_mean=-0.0001 logvar_q_clamp=0.0000
2026-08-30 11:52:32 | Epoch 306/400 | Train Loss 2.3093 Acc 0.1197 | Val Loss 2.2923 Acc 0.1129 AUC 0.9093 Pre 0.0113 Rec 0.1000
2026-08-30 11:52:32 | Diag logvar_q_mean=-0.0001 logvar_q_clamp=0.0000
2026-08-30 11:52:36 | Epoch 307/400 | Train Loss 2.3089 Acc 0.1175 | Val Loss 2.2923 Acc 0.1129 AUC 0.9166 Pre 0.0113 Rec 0.1000
2026-08-30 11:52:37 | Diag logvar_q_mean=-0.0001 logvar_q_clamp=0.0000
2026-08-30 11:52:41 | Epoch 308/400 | Train Loss 2.3100 Acc 0.1175 | Val Loss 2.2921 Acc 0.1129 AUC 0.9167 Pre 0.0113 Rec 0.1000
2026-08-30 11:52:42 | Diag logvar_q_mean=-0.0002 logvar_q_clamp=0.0000
2026-08-30 11:52:45 | Epoch 309/400 | Train Loss 2.3105 Acc 0.1195 | Val Loss 2.2923 Acc 0.1129 AUC 0.9173 Pre 0.0113 Rec 0.1000
2026-08-30 11:52:46 | Diag logvar_q_mean=-0.0001 logvar_q_clamp=0.0000
2026-08-30 11:52:50 | Epoch 310/400 | Train Loss 2.3095 Acc 0.1171 | Val Loss 2.2925 Acc 0.1129 AUC 0.9047 Pre 0.0113 Rec 0.1000
2026-08-30 11:52:51 | Diag logvar_q_mean=-0.0001 logvar_q_clamp=0.0000
2026-08-30 11:52:55 | Epoch 311/400 | Train Loss 2.3106 Acc 0.1167 | Val Loss 2.2929 Acc 0.1129 AUC 0.9154 Pre 0.0113 Rec 0.1000
2026-08-30 11:52:55 | Diag logvar_q_mean=-0.0001 logvar_q_clamp=0.0000
2026-08-30 11:52:59 | Epoch 312/400 | Train Loss 2.3104 Acc 0.1174 | Val Loss 2.2933 Acc 0.1129 AUC 0.9161 Pre 0.0113 Rec 0.1000
2026-08-30 11:53:00 | Diag logvar_q_mean=-0.0001 logvar_q_clamp=0.0000
2026-08-30 11:53:04 | Epoch 313/400 | Train Loss 2.3100 Acc 0.1156 | Val Loss 2.2933 Acc 0.1129 AUC 0.9166 Pre 0.0113 Rec 0.1000
2026-08-30 11:53:04 | Diag logvar_q_mean=-0.0001 logvar_q_clamp=0.0000
2026-08-30 11:53:08 | Epoch 314/400 | Train Loss 2.3091 Acc 0.1169 | Val Loss 2.2932 Acc 0.1129 AUC 0.9186 Pre 0.0113 Rec 0.1000
2026-08-30 11:53:09 | Diag logvar_q_mean=-0.0001 logvar_q_clamp=0.0000
2026-08-30 11:53:13 | Epoch 315/400 | Train Loss 2.3103 Acc 0.1166 | Val Loss 2.2929 Acc 0.1129 AUC 0.9183 Pre 0.0113 Rec 0.1000
2026-08-30 11:53:14 | Diag logvar_q_mean=-0.0001 logvar_q_clamp=0.0000
2026-08-30 11:53:18 | Epoch 316/400 | Train Loss 2.3105 Acc 0.1180 | Val Loss 2.2935 Acc 0.1129 AUC 0.9088 Pre 0.0113 Rec 0.1000
2026-08-30 11:53:18 | Diag logvar_q_mean=-0.0001 logvar_q_clamp=0.0000
2026-08-30 11:53:22 | Epoch 317/400 | Train Loss 2.3097 Acc 0.1182 | Val Loss 2.2931 Acc 0.1129 AUC 0.9184 Pre 0.0113 Rec 0.1000
2026-08-30 11:53:23 | Diag logvar_q_mean=-0.0001 logvar_q_clamp=0.0000
2026-08-30 11:53:27 | Epoch 318/400 | Train Loss 2.3087 Acc 0.1179 | Val Loss 2.2926 Acc 0.1129 AUC 0.9065 Pre 0.0113 Rec 0.1000
2026-08-30 11:53:27 | Diag logvar_q_mean=-0.0001 logvar_q_clamp=0.0000
2026-08-30 11:53:31 | Epoch 319/400 | Train Loss 2.3104 Acc 0.1169 | Val Loss 2.2927 Acc 0.1129 AUC 0.9076 Pre 0.0113 Rec 0.1000
2026-08-30 11:53:32 | Diag logvar_q_mean=-0.0001 logvar_q_clamp=0.0000
2026-08-30 11:53:36 | Epoch 320/400 | Train Loss 2.3100 Acc 0.1202 | Val Loss 2.2929 Acc 0.1129 AUC 0.8829 Pre 0.0113 Rec 0.1000
2026-08-30 11:53:36 | Diag logvar_q_mean=-0.0001 logvar_q_clamp=0.0000
2026-08-30 11:53:40 | Epoch 321/400 | Train Loss 2.3104 Acc 0.1159 | Val Loss 2.2935 Acc 0.1129 AUC 0.8862 Pre 0.0113 Rec 0.1000
2026-08-30 11:53:41 | Diag logvar_q_mean=-0.0001 logvar_q_clamp=0.0000
2026-08-30 11:53:45 | Epoch 322/400 | Train Loss 2.3105 Acc 0.1179 | Val Loss 2.2936 Acc 0.1129 AUC 0.9003 Pre 0.0113 Rec 0.1000
2026-08-30 11:53:46 | Diag logvar_q_mean=-0.0001 logvar_q_clamp=0.0000
2026-08-30 11:53:49 | Epoch 323/400 | Train Loss 2.3095 Acc 0.1201 | Val Loss 2.2930 Acc 0.1129 AUC 0.9030 Pre 0.0113 Rec 0.1000
2026-08-30 11:53:50 | Diag logvar_q_mean=-0.0001 logvar_q_clamp=0.0000
2026-08-30 11:53:54 | Epoch 324/400 | Train Loss 2.3101 Acc 0.1195 | Val Loss 2.2927 Acc 0.1129 AUC 0.8944 Pre 0.0113 Rec 0.1000
2026-08-30 11:53:55 | Diag logvar_q_mean=-0.0001 logvar_q_clamp=0.0000
2026-08-30 11:53:59 | Epoch 325/400 | Train Loss 2.3107 Acc 0.1165 | Val Loss 2.2931 Acc 0.1129 AUC 0.8928 Pre 0.0113 Rec 0.1000
2026-08-30 11:53:59 | Diag logvar_q_mean=-0.0002 logvar_q_clamp=0.0000
2026-08-30 11:54:03 | Epoch 326/400 | Train Loss 2.3103 Acc 0.1163 | Val Loss 2.2935 Acc 0.1129 AUC 0.8948 Pre 0.0113 Rec 0.1000
2026-08-30 11:54:04 | Diag logvar_q_mean=-0.0001 logvar_q_clamp=0.0000
2026-08-30 11:54:08 | Epoch 327/400 | Train Loss 2.3102 Acc 0.1170 | Val Loss 2.2939 Acc 0.1129 AUC 0.8916 Pre 0.0113 Rec 0.1000
2026-08-30 11:54:08 | Diag logvar_q_mean=-0.0001 logvar_q_clamp=0.0000
2026-08-30 11:54:12 | Epoch 328/400 | Train Loss 2.3105 Acc 0.1137 | Val Loss 2.2937 Acc 0.1129 AUC 0.8603 Pre 0.0113 Rec 0.1000
2026-08-30 11:54:13 | Diag logvar_q_mean=-0.0001 logvar_q_clamp=0.0000
2026-08-30 11:54:17 | Epoch 329/400 | Train Loss 2.3098 Acc 0.1186 | Val Loss 2.2941 Acc 0.1129 AUC 0.8819 Pre 0.0113 Rec 0.1000
2026-08-30 11:54:17 | Diag logvar_q_mean=-0.0001 logvar_q_clamp=0.0000
2026-08-30 11:54:21 | Epoch 330/400 | Train Loss 2.3099 Acc 0.1159 | Val Loss 2.2939 Acc 0.1129 AUC 0.9041 Pre 0.0113 Rec 0.1000
2026-08-30 11:54:22 | Diag logvar_q_mean=-0.0001 logvar_q_clamp=0.0000
2026-08-30 11:54:26 | Epoch 331/400 | Train Loss 2.3092 Acc 0.1173 | Val Loss 2.2932 Acc 0.1129 AUC 0.8936 Pre 0.0113 Rec 0.1000
2026-08-30 11:54:27 | Diag logvar_q_mean=-0.0001 logvar_q_clamp=0.0000
2026-08-30 11:54:31 | Epoch 332/400 | Train Loss 2.3108 Acc 0.1164 | Val Loss 2.2938 Acc 0.1129 AUC 0.8950 Pre 0.0113 Rec 0.1000
2026-08-30 11:54:31 | Diag logvar_q_mean=-0.0001 logvar_q_clamp=0.0000
2026-08-30 11:54:35 | Epoch 333/400 | Train Loss 2.3091 Acc 0.1171 | Val Loss 2.2938 Acc 0.1129 AUC 0.8731 Pre 0.0113 Rec 0.1000
2026-08-30 11:54:36 | Diag logvar_q_mean=-0.0001 logvar_q_clamp=0.0000
2026-08-30 11:54:39 | Epoch 334/400 | Train Loss 2.3100 Acc 0.1169 | Val Loss 2.2933 Acc 0.1129 AUC 0.9042 Pre 0.0113 Rec 0.1000
2026-08-30 11:54:40 | Diag logvar_q_mean=-0.0002 logvar_q_clamp=0.0000
2026-08-30 11:54:44 | Epoch 335/400 | Train Loss 2.3099 Acc 0.1155 | Val Loss 2.2931 Acc 0.1129 AUC 0.9041 Pre 0.0113 Rec 0.1000
2026-08-30 11:54:45 | Diag logvar_q_mean=-0.0001 logvar_q_clamp=0.0000
2026-08-30 11:54:49 | Epoch 336/400 | Train Loss 2.3094 Acc 0.1178 | Val Loss 2.2934 Acc 0.1129 AUC 0.8824 Pre 0.0113 Rec 0.1000
2026-08-30 11:54:49 | Diag logvar_q_mean=-0.0001 logvar_q_clamp=0.0000
2026-08-30 11:54:53 | Epoch 337/400 | Train Loss 2.3099 Acc 0.1170 | Val Loss 2.2933 Acc 0.1129 AUC 0.9055 Pre 0.0113 Rec 0.1000
2026-08-30 11:54:54 | Diag logvar_q_mean=-0.0000 logvar_q_clamp=0.0000
2026-08-30 11:54:58 | Epoch 338/400 | Train Loss 2.3096 Acc 0.1191 | Val Loss 2.2930 Acc 0.1129 AUC 0.8894 Pre 0.0113 Rec 0.1000
2026-08-30 11:54:58 | Diag logvar_q_mean=-0.0001 logvar_q_clamp=0.0000
2026-08-30 11:55:02 | Epoch 339/400 | Train Loss 2.3098 Acc 0.1180 | Val Loss 2.2932 Acc 0.1129 AUC 0.8826 Pre 0.0113 Rec 0.1000
2026-08-30 11:55:03 | Diag logvar_q_mean=-0.0001 logvar_q_clamp=0.0000
2026-08-30 11:55:07 | Epoch 340/400 | Train Loss 2.3099 Acc 0.1183 | Val Loss 2.2933 Acc 0.1129 AUC 0.9035 Pre 0.0113 Rec 0.1000
2026-08-30 11:55:08 | Diag logvar_q_mean=-0.0002 logvar_q_clamp=0.0000
2026-08-30 11:55:11 | Epoch 341/400 | Train Loss 2.3106 Acc 0.1160 | Val Loss 2.2933 Acc 0.1129 AUC 0.8928 Pre 0.0113 Rec 0.1000
2026-08-30 11:55:12 | Diag logvar_q_mean=-0.0001 logvar_q_clamp=0.0000
2026-08-30 11:55:16 | Epoch 342/400 | Train Loss 2.3090 Acc 0.1173 | Val Loss 2.2935 Acc 0.1129 AUC 0.9043 Pre 0.0113 Rec 0.1000
2026-08-30 11:55:17 | Diag logvar_q_mean=-0.0001 logvar_q_clamp=0.0000
2026-08-30 11:55:21 | Epoch 343/400 | Train Loss 2.3097 Acc 0.1168 | Val Loss 2.2931 Acc 0.1129 AUC 0.8946 Pre 0.0113 Rec 0.1000
2026-08-30 11:55:21 | Diag logvar_q_mean=-0.0001 logvar_q_clamp=0.0000
2026-08-30 11:55:25 | Epoch 344/400 | Train Loss 2.3099 Acc 0.1181 | Val Loss 2.2929 Acc 0.1129 AUC 0.9055 Pre 0.0113 Rec 0.1000
2026-08-30 11:55:26 | Diag logvar_q_mean=-0.0001 logvar_q_clamp=0.0000
2026-08-30 11:55:30 | Epoch 345/400 | Train Loss 2.3110 Acc 0.1164 | Val Loss 2.2933 Acc 0.1129 AUC 0.8832 Pre 0.0113 Rec 0.1000
2026-08-30 11:55:30 | Diag logvar_q_mean=-0.0001 logvar_q_clamp=0.0000
2026-08-30 11:55:35 | Epoch 346/400 | Train Loss 2.3091 Acc 0.1157 | Val Loss 2.2931 Acc 0.1129 AUC 0.8954 Pre 0.0113 Rec 0.1000
2026-08-30 11:55:35 | Diag logvar_q_mean=-0.0001 logvar_q_clamp=0.0000
2026-08-30 11:55:39 | Epoch 347/400 | Train Loss 2.3097 Acc 0.1159 | Val Loss 2.2932 Acc 0.1129 AUC 0.8933 Pre 0.0113 Rec 0.1000
2026-08-30 11:55:40 | Diag logvar_q_mean=-0.0002 logvar_q_clamp=0.0000
2026-08-30 11:55:44 | Epoch 348/400 | Train Loss 2.3097 Acc 0.1198 | Val Loss 2.2930 Acc 0.1129 AUC 0.9069 Pre 0.0113 Rec 0.1000
2026-08-30 11:55:44 | Diag logvar_q_mean=-0.0002 logvar_q_clamp=0.0000
2026-08-30 11:55:48 | Epoch 349/400 | Train Loss 2.3099 Acc 0.1167 | Val Loss 2.2934 Acc 0.1129 AUC 0.9061 Pre 0.0113 Rec 0.1000
2026-08-30 11:55:49 | Diag logvar_q_mean=-0.0001 logvar_q_clamp=0.0000
2026-08-30 11:55:53 | Epoch 350/400 | Train Loss 2.3094 Acc 0.1177 | Val Loss 2.2931 Acc 0.1129 AUC 0.9038 Pre 0.0113 Rec 0.1000
2026-08-30 11:55:54 | Diag logvar_q_mean=-0.0001 logvar_q_clamp=0.0000
2026-08-30 11:55:58 | Epoch 351/400 | Train Loss 2.3102 Acc 0.1197 | Val Loss 2.2929 Acc 0.1129 AUC 0.9079 Pre 0.0113 Rec 0.1000
2026-08-30 11:55:58 | Diag logvar_q_mean=-0.0001 logvar_q_clamp=0.0000
2026-08-30 11:56:02 | Epoch 352/400 | Train Loss 2.3085 Acc 0.1200 | Val Loss 2.2926 Acc 0.1129 AUC 0.8960 Pre 0.0113 Rec 0.1000
2026-08-30 11:56:03 | Diag logvar_q_mean=-0.0001 logvar_q_clamp=0.0000
2026-08-30 11:56:07 | Epoch 353/400 | Train Loss 2.3086 Acc 0.1205 | Val Loss 2.2921 Acc 0.1129 AUC 0.8963 Pre 0.0113 Rec 0.1000
2026-08-30 11:56:07 | Diag logvar_q_mean=-0.0001 logvar_q_clamp=0.0000
2026-08-30 11:56:11 | Epoch 354/400 | Train Loss 2.3109 Acc 0.1189 | Val Loss 2.2927 Acc 0.1129 AUC 0.9079 Pre 0.0113 Rec 0.1000
2026-08-30 11:56:12 | Diag logvar_q_mean=-0.0001 logvar_q_clamp=0.0000
2026-08-30 11:56:16 | Epoch 355/400 | Train Loss 2.3091 Acc 0.1188 | Val Loss 2.2922 Acc 0.1129 AUC 0.9065 Pre 0.0113 Rec 0.1000
2026-08-30 11:56:17 | Diag logvar_q_mean=-0.0001 logvar_q_clamp=0.0000
2026-08-30 11:56:21 | Epoch 356/400 | Train Loss 2.3100 Acc 0.1200 | Val Loss 2.2920 Acc 0.1129 AUC 0.9097 Pre 0.0113 Rec 0.1000
2026-08-30 11:56:21 | Diag logvar_q_mean=-0.0002 logvar_q_clamp=0.0000
2026-08-30 11:56:25 | Epoch 357/400 | Train Loss 2.3091 Acc 0.1214 | Val Loss 2.2920 Acc 0.1129 AUC 0.9189 Pre 0.0113 Rec 0.1000
2026-08-30 11:56:26 | Diag logvar_q_mean=-0.0001 logvar_q_clamp=0.0000
2026-08-30 11:56:30 | Epoch 358/400 | Train Loss 2.3103 Acc 0.1171 | Val Loss 2.2922 Acc 0.1129 AUC 0.8993 Pre 0.0113 Rec 0.1000
2026-08-30 11:56:31 | Diag logvar_q_mean=-0.0001 logvar_q_clamp=0.0000
2026-08-30 11:56:35 | Epoch 359/400 | Train Loss 2.3102 Acc 0.1216 | Val Loss 2.2924 Acc 0.1129 AUC 0.9072 Pre 0.0113 Rec 0.1000
2026-08-30 11:56:35 | Diag logvar_q_mean=-0.0001 logvar_q_clamp=0.0000
2026-08-30 11:56:39 | Epoch 360/400 | Train Loss 2.3102 Acc 0.1189 | Val Loss 2.2927 Acc 0.1129 AUC 0.9141 Pre 0.0113 Rec 0.1000
2026-08-30 11:56:40 | Diag logvar_q_mean=-0.0001 logvar_q_clamp=0.0000
2026-08-30 11:56:44 | Epoch 361/400 | Train Loss 2.3092 Acc 0.1201 | Val Loss 2.2926 Acc 0.1129 AUC 0.9172 Pre 0.0113 Rec 0.1000
2026-08-30 11:56:45 | Diag logvar_q_mean=-0.0001 logvar_q_clamp=0.0000
2026-08-30 11:56:49 | Epoch 362/400 | Train Loss 2.3107 Acc 0.1173 | Val Loss 2.2928 Acc 0.1129 AUC 0.8954 Pre 0.0113 Rec 0.1000
2026-08-30 11:56:49 | Diag logvar_q_mean=-0.0002 logvar_q_clamp=0.0000
2026-08-30 11:56:53 | Epoch 363/400 | Train Loss 2.3092 Acc 0.1200 | Val Loss 2.2929 Acc 0.1129 AUC 0.9049 Pre 0.0113 Rec 0.1000
2026-08-30 11:56:54 | Diag logvar_q_mean=-0.0001 logvar_q_clamp=0.0000
2026-08-30 11:56:58 | Epoch 364/400 | Train Loss 2.3090 Acc 0.1215 | Val Loss 2.2923 Acc 0.1129 AUC 0.9056 Pre 0.0113 Rec 0.1000
2026-08-30 11:56:59 | Diag logvar_q_mean=-0.0001 logvar_q_clamp=0.0000
2026-08-30 11:57:03 | Epoch 365/400 | Train Loss 2.3105 Acc 0.1183 | Val Loss 2.2925 Acc 0.1129 AUC 0.9046 Pre 0.0113 Rec 0.1000
2026-08-30 11:57:03 | Diag logvar_q_mean=-0.0001 logvar_q_clamp=0.0000
2026-08-30 11:57:07 | Epoch 366/400 | Train Loss 2.3086 Acc 0.1208 | Val Loss 2.2922 Acc 0.1129 AUC 0.9060 Pre 0.0113 Rec 0.1000
2026-08-30 11:57:08 | Diag logvar_q_mean=-0.0002 logvar_q_clamp=0.0000
2026-08-30 11:57:12 | Epoch 367/400 | Train Loss 2.3112 Acc 0.1191 | Val Loss 2.2924 Acc 0.1129 AUC 0.8913 Pre 0.0113 Rec 0.1000
2026-08-30 11:57:12 | Diag logvar_q_mean=-0.0002 logvar_q_clamp=0.0000
2026-08-30 11:57:16 | Epoch 368/400 | Train Loss 2.3104 Acc 0.1180 | Val Loss 2.2931 Acc 0.1129 AUC 0.8808 Pre 0.0113 Rec 0.1000
2026-08-30 11:57:17 | Diag logvar_q_mean=-0.0001 logvar_q_clamp=0.0000
2026-08-30 11:57:21 | Epoch 369/400 | Train Loss 2.3093 Acc 0.1203 | Val Loss 2.2929 Acc 0.1129 AUC 0.8886 Pre 0.0113 Rec 0.1000
2026-08-30 11:57:22 | Diag logvar_q_mean=-0.0001 logvar_q_clamp=0.0000
2026-08-30 11:57:25 | Epoch 370/400 | Train Loss 2.3115 Acc 0.1148 | Val Loss 2.2933 Acc 0.1129 AUC 0.9142 Pre 0.0113 Rec 0.1000
2026-08-30 11:57:26 | Diag logvar_q_mean=-0.0001 logvar_q_clamp=0.0000
2026-08-30 11:57:30 | Epoch 371/400 | Train Loss 2.3085 Acc 0.1183 | Val Loss 2.2934 Acc 0.1129 AUC 0.9133 Pre 0.0113 Rec 0.1000
2026-08-30 11:57:31 | Diag logvar_q_mean=-0.0001 logvar_q_clamp=0.0000
2026-08-30 11:57:35 | Epoch 372/400 | Train Loss 2.3098 Acc 0.1193 | Val Loss 2.2928 Acc 0.1129 AUC 0.8826 Pre 0.0113 Rec 0.1000
2026-08-30 11:57:35 | Diag logvar_q_mean=-0.0002 logvar_q_clamp=0.0000
2026-08-30 11:57:39 | Epoch 373/400 | Train Loss 2.3107 Acc 0.1165 | Val Loss 2.2932 Acc 0.1129 AUC 0.9032 Pre 0.0113 Rec 0.1000
2026-08-30 11:57:40 | Diag logvar_q_mean=-0.0001 logvar_q_clamp=0.0000
2026-08-30 11:57:44 | Epoch 374/400 | Train Loss 2.3105 Acc 0.1163 | Val Loss 2.2935 Acc 0.1129 AUC 0.9029 Pre 0.0113 Rec 0.1000
2026-08-30 11:57:44 | Diag logvar_q_mean=-0.0001 logvar_q_clamp=0.0000
2026-08-30 11:57:48 | Epoch 375/400 | Train Loss 2.3105 Acc 0.1163 | Val Loss 2.2936 Acc 0.1129 AUC 0.9058 Pre 0.0113 Rec 0.1000
2026-08-30 11:57:49 | Diag logvar_q_mean=-0.0001 logvar_q_clamp=0.0000
2026-08-30 11:57:53 | Epoch 376/400 | Train Loss 2.3100 Acc 0.1137 | Val Loss 2.2936 Acc 0.1129 AUC 0.9035 Pre 0.0113 Rec 0.1000
2026-08-30 11:57:53 | Diag logvar_q_mean=-0.0001 logvar_q_clamp=0.0000
2026-08-30 11:57:57 | Epoch 377/400 | Train Loss 2.3093 Acc 0.1169 | Val Loss 2.2932 Acc 0.1129 AUC 0.9046 Pre 0.0113 Rec 0.1000
2026-08-30 11:57:58 | Diag logvar_q_mean=-0.0001 logvar_q_clamp=0.0000
2026-08-30 11:58:02 | Epoch 378/400 | Train Loss 2.3098 Acc 0.1176 | Val Loss 2.2932 Acc 0.1129 AUC 0.9048 Pre 0.0113 Rec 0.1000
2026-08-30 11:58:02 | Diag logvar_q_mean=-0.0001 logvar_q_clamp=0.0000
2026-08-30 11:58:07 | Epoch 379/400 | Train Loss 2.3088 Acc 0.1194 | Val Loss 2.2928 Acc 0.1129 AUC 0.9054 Pre 0.0113 Rec 0.1000
2026-08-30 11:58:07 | Diag logvar_q_mean=-0.0001 logvar_q_clamp=0.0000
2026-08-30 11:58:11 | Epoch 380/400 | Train Loss 2.3104 Acc 0.1182 | Val Loss 2.2928 Acc 0.1129 AUC 0.9144 Pre 0.0113 Rec 0.1000
2026-08-30 11:58:12 | Diag logvar_q_mean=-0.0001 logvar_q_clamp=0.0000
2026-08-30 11:58:16 | Epoch 381/400 | Train Loss 2.3094 Acc 0.1183 | Val Loss 2.2929 Acc 0.1129 AUC 0.9063 Pre 0.0113 Rec 0.1000
2026-08-30 11:58:16 | Diag logvar_q_mean=-0.0002 logvar_q_clamp=0.0000
2026-08-30 11:58:20 | Epoch 382/400 | Train Loss 2.3098 Acc 0.1167 | Val Loss 2.2930 Acc 0.1129 AUC 0.8954 Pre 0.0113 Rec 0.1000
2026-08-30 11:58:21 | Diag logvar_q_mean=-0.0001 logvar_q_clamp=0.0000
2026-08-30 11:58:25 | Epoch 383/400 | Train Loss 2.3103 Acc 0.1163 | Val Loss 2.2933 Acc 0.1129 AUC 0.9047 Pre 0.0113 Rec 0.1000
2026-08-30 11:58:25 | Diag logvar_q_mean=-0.0001 logvar_q_clamp=0.0000
2026-08-30 11:58:29 | Epoch 384/400 | Train Loss 2.3087 Acc 0.1217 | Val Loss 2.2926 Acc 0.1129 AUC 0.9171 Pre 0.0113 Rec 0.1000
2026-08-30 11:58:30 | Diag logvar_q_mean=-0.0001 logvar_q_clamp=0.0000
2026-08-30 11:58:34 | Epoch 385/400 | Train Loss 2.3096 Acc 0.1200 | Val Loss 2.2924 Acc 0.1129 AUC 0.8954 Pre 0.0113 Rec 0.1000
2026-08-30 11:58:35 | Diag logvar_q_mean=-0.0002 logvar_q_clamp=0.0000
2026-08-30 11:58:38 | Epoch 386/400 | Train Loss 2.3112 Acc 0.1170 | Val Loss 2.2931 Acc 0.1129 AUC 0.8846 Pre 0.0113 Rec 0.1000
2026-08-30 11:58:39 | Diag logvar_q_mean=-0.0001 logvar_q_clamp=0.0000
2026-08-30 11:58:43 | Epoch 387/400 | Train Loss 2.3097 Acc 0.1168 | Val Loss 2.2930 Acc 0.1129 AUC 0.9154 Pre 0.0113 Rec 0.1000
2026-08-30 11:58:44 | Diag logvar_q_mean=-0.0002 logvar_q_clamp=0.0000
2026-08-30 11:58:48 | Epoch 388/400 | Train Loss 2.3110 Acc 0.1159 | Val Loss 2.2938 Acc 0.1129 AUC 0.9053 Pre 0.0113 Rec 0.1000
2026-08-30 11:58:48 | Diag logvar_q_mean=-0.0001 logvar_q_clamp=0.0000
2026-08-30 11:58:52 | Epoch 389/400 | Train Loss 2.3095 Acc 0.1189 | Val Loss 2.2934 Acc 0.1129 AUC 0.8847 Pre 0.0113 Rec 0.1000
2026-08-30 11:58:53 | Diag logvar_q_mean=-0.0001 logvar_q_clamp=0.0000
2026-08-30 11:58:57 | Epoch 390/400 | Train Loss 2.3083 Acc 0.1194 | Val Loss 2.2928 Acc 0.1129 AUC 0.8735 Pre 0.0113 Rec 0.1000
2026-08-30 11:58:57 | Diag logvar_q_mean=-0.0001 logvar_q_clamp=0.0000
2026-08-30 11:59:01 | Epoch 391/400 | Train Loss 2.3097 Acc 0.1214 | Val Loss 2.2929 Acc 0.1129 AUC 0.9169 Pre 0.0113 Rec 0.1000
2026-08-30 11:59:02 | Diag logvar_q_mean=-0.0002 logvar_q_clamp=0.0000
2026-08-30 11:59:06 | Epoch 392/400 | Train Loss 2.3102 Acc 0.1186 | Val Loss 2.2932 Acc 0.1129 AUC 0.9126 Pre 0.0113 Rec 0.1000
2026-08-30 11:59:07 | Diag logvar_q_mean=-0.0002 logvar_q_clamp=0.0000
2026-08-30 11:59:11 | Epoch 393/400 | Train Loss 2.3078 Acc 0.1190 | Val Loss 2.2922 Acc 0.1129 AUC 0.9141 Pre 0.0113 Rec 0.1000
2026-08-30 11:59:11 | Diag logvar_q_mean=-0.0001 logvar_q_clamp=0.0000
2026-08-30 11:59:15 | Epoch 394/400 | Train Loss 2.3104 Acc 0.1185 | Val Loss 2.2921 Acc 0.1129 AUC 0.8939 Pre 0.0113 Rec 0.1000
2026-08-30 11:59:16 | Diag logvar_q_mean=-0.0001 logvar_q_clamp=0.0000
2026-08-30 11:59:20 | Epoch 395/400 | Train Loss 2.3102 Acc 0.1208 | Val Loss 2.2926 Acc 0.1129 AUC 0.9151 Pre 0.0113 Rec 0.1000
2026-08-30 11:59:20 | Diag logvar_q_mean=-0.0001 logvar_q_clamp=0.0000
2026-08-30 11:59:24 | Epoch 396/400 | Train Loss 2.3109 Acc 0.1172 | Val Loss 2.2932 Acc 0.1129 AUC 0.9146 Pre 0.0113 Rec 0.1000
2026-08-30 11:59:25 | Diag logvar_q_mean=-0.0001 logvar_q_clamp=0.0000
2026-08-30 11:59:29 | Epoch 397/400 | Train Loss 2.3098 Acc 0.1169 | Val Loss 2.2931 Acc 0.1129 AUC 0.9034 Pre 0.0113 Rec 0.1000
2026-08-30 11:59:29 | Diag logvar_q_mean=-0.0001 logvar_q_clamp=0.0000
2026-08-30 11:59:33 | Epoch 398/400 | Train Loss 2.3111 Acc 0.1149 | Val Loss 2.2938 Acc 0.1129 AUC 0.9026 Pre 0.0113 Rec 0.1000
2026-08-30 11:59:34 | Diag logvar_q_mean=-0.0001 logvar_q_clamp=0.0000
2026-08-30 11:59:38 | Epoch 399/400 | Train Loss 2.3087 Acc 0.1186 | Val Loss 2.2930 Acc 0.1129 AUC 0.9038 Pre 0.0113 Rec 0.1000
2026-08-30 11:59:39 | Diag logvar_q_mean=-0.0001 logvar_q_clamp=0.0000
2026-08-30 11:59:43 | Epoch 400/400 | Train Loss 2.3092 Acc 0.1184 | Val Loss 2.2932 Acc 0.1129 AUC 0.9019 Pre 0.0113 Rec 0.1000
2026-08-30 11:59:43 | Diag logvar_q_mean=-0.0001 logvar_q_clamp=0.0000
2026-08-30 11:59:44 | Run 5/5 | Test (best model @ Epoch 6) | Loss 2.2901 Acc 0.1135 AUC 0.9525 Pre 0.0114 Rec 0.1000
2026-08-30 11:59:44 | Average over 5 runs | Test Loss 2.2801±0.0089 Acc 0.1348±0.0461 AUC 0.9837±0.0192 Pre 0.1311±0.2162 Rec 0.1207±0.0449
