2026-08-30 09:26:39 | Device: cuda
2026-08-30 09:26:39 | Args: {'model': 'vib', 'backbone': 'mlp', 'task': 'mnist', 'epochs': 400, 'batch_size': 512, 'lr': 0.001, 'hidden_dims': [512, 256], 'dropout': 0.2, 'z_dim': 256, 'anchor_scale': 4.0, 'anchor_geometry': 'qr', 'max_len': 250, 'random_labels': False, 'beta': 10.0, 'patience': 400, 'runs': 5, 'seed': 0, 'data_dir': './data', 'save_path': 'output/mnist_mlp_vib/mnist_mlp_vib.pt', 'log_path': '/root/autodl-tmp/FGIB/tune_results_ablation/vib_longtrain/mnist_mlp_vib_beta_10/train.log', 'no_save': True, 'freeze_a': False, 'a_identity': False, 'cosine_classifier': False, 'log_variance_stats': True, 'subject_disjoint': False}
2026-08-30 09:26:39 | ===== Run 1/5 (seed 0) =====
2026-08-30 09:26:44 | Epoch   1/400 | Train Loss 2.9398 Acc 0.0979 | Val Loss 2.3028 Acc 0.1129 AUC 0.5367 Pre 0.0113 Rec 0.1000
2026-08-30 09:26:45 | Diag logvar_q_mean=-0.0000 logvar_q_clamp=0.0000
2026-08-30 09:26:45 |   Val AUC improved to 0.5367, model saved
2026-08-30 09:26:49 | Epoch   2/400 | Train Loss 2.3349 Acc 0.0999 | Val Loss 2.3013 Acc 0.1129 AUC 0.5499 Pre 0.0113 Rec 0.1000
2026-08-30 09:26:49 | Diag logvar_q_mean=-0.0000 logvar_q_clamp=0.0000
2026-08-30 09:26:49 |   Val AUC improved to 0.5499, model saved
2026-08-30 09:26:53 | Epoch   3/400 | Train Loss 2.3160 Acc 0.1011 | Val Loss 2.3010 Acc 0.1129 AUC 0.5665 Pre 0.0113 Rec 0.1000
2026-08-30 09:26:54 | Diag logvar_q_mean=-0.0000 logvar_q_clamp=0.0000
2026-08-30 09:26:54 |   Val AUC improved to 0.5665, model saved
2026-08-30 09:26:58 | Epoch   4/400 | Train Loss 2.3113 Acc 0.1028 | Val Loss 2.3008 Acc 0.1129 AUC 0.5981 Pre 0.0113 Rec 0.1000
2026-08-30 09:26:59 | Diag logvar_q_mean=-0.0000 logvar_q_clamp=0.0000
2026-08-30 09:26:59 |   Val AUC improved to 0.5981, model saved
2026-08-30 09:27:03 | Epoch   5/400 | Train Loss 2.3095 Acc 0.1035 | Val Loss 2.3008 Acc 0.1129 AUC 0.5285 Pre 0.0113 Rec 0.1000
2026-08-30 09:27:03 | Diag logvar_q_mean=-0.0000 logvar_q_clamp=0.0000
2026-08-30 09:27:07 | Epoch   6/400 | Train Loss 2.3099 Acc 0.1037 | Val Loss 2.3008 Acc 0.1129 AUC 0.5001 Pre 0.0113 Rec 0.1000
2026-08-30 09:27:08 | Diag logvar_q_mean=-0.0000 logvar_q_clamp=0.0000
2026-08-30 09:27:12 | Epoch   7/400 | Train Loss 2.3098 Acc 0.1014 | Val Loss 2.3007 Acc 0.1129 AUC 0.5002 Pre 0.0113 Rec 0.1000
2026-08-30 09:27:12 | Diag logvar_q_mean=-0.0000 logvar_q_clamp=0.0000
2026-08-30 09:27:16 | Epoch   8/400 | Train Loss 2.3101 Acc 0.1041 | Val Loss 2.3008 Acc 0.1129 AUC 0.4999 Pre 0.0113 Rec 0.1000
2026-08-30 09:27:17 | Diag logvar_q_mean=-0.0000 logvar_q_clamp=0.0000
2026-08-30 09:27:21 | Epoch   9/400 | Train Loss 2.3103 Acc 0.1030 | Val Loss 2.3008 Acc 0.1129 AUC 0.5000 Pre 0.0113 Rec 0.1000
2026-08-30 09:27:21 | Diag logvar_q_mean=-0.0000 logvar_q_clamp=0.0000
2026-08-30 09:27:25 | Epoch  10/400 | Train Loss 2.3099 Acc 0.1048 | Val Loss 2.3007 Acc 0.1129 AUC 0.5000 Pre 0.0113 Rec 0.1000
2026-08-30 09:27:26 | Diag logvar_q_mean=-0.0000 logvar_q_clamp=0.0000
2026-08-30 09:27:30 | Epoch  11/400 | Train Loss 2.3094 Acc 0.1053 | Val Loss 2.3007 Acc 0.1129 AUC 0.4998 Pre 0.0113 Rec 0.1000
2026-08-30 09:27:30 | Diag logvar_q_mean=-0.0000 logvar_q_clamp=0.0000
2026-08-30 09:27:34 | Epoch  12/400 | Train Loss 2.3100 Acc 0.1022 | Val Loss 2.3008 Acc 0.1129 AUC 0.4999 Pre 0.0113 Rec 0.1000
2026-08-30 09:27:35 | Diag logvar_q_mean=-0.0000 logvar_q_clamp=0.0000
2026-08-30 09:27:39 | Epoch  13/400 | Train Loss 2.3104 Acc 0.1040 | Val Loss 2.3008 Acc 0.1129 AUC 0.4999 Pre 0.0113 Rec 0.1000
2026-08-30 09:27:39 | Diag logvar_q_mean=-0.0000 logvar_q_clamp=0.0000
2026-08-30 09:27:43 | Epoch  14/400 | Train Loss 2.3102 Acc 0.1022 | Val Loss 2.3007 Acc 0.1129 AUC 0.5002 Pre 0.0113 Rec 0.1000
2026-08-30 09:27:44 | Diag logvar_q_mean=-0.0000 logvar_q_clamp=0.0000
2026-08-30 09:27:48 | Epoch  15/400 | Train Loss 2.3100 Acc 0.1013 | Val Loss 2.3007 Acc 0.1129 AUC 0.5000 Pre 0.0113 Rec 0.1000
2026-08-30 09:27:48 | Diag logvar_q_mean=-0.0000 logvar_q_clamp=0.0000
2026-08-30 09:27:52 | Epoch  16/400 | Train Loss 2.3099 Acc 0.1033 | Val Loss 2.3008 Acc 0.1129 AUC 0.5000 Pre 0.0113 Rec 0.1000
2026-08-30 09:27:53 | Diag logvar_q_mean=-0.0000 logvar_q_clamp=0.0000
2026-08-30 09:27:56 | Epoch  17/400 | Train Loss 2.3099 Acc 0.1058 | Val Loss 2.3007 Acc 0.1129 AUC 0.5001 Pre 0.0113 Rec 0.1000
2026-08-30 09:27:57 | Diag logvar_q_mean=0.0000 logvar_q_clamp=0.0000
2026-08-30 09:28:01 | Epoch  18/400 | Train Loss 2.3099 Acc 0.1017 | Val Loss 2.3008 Acc 0.1129 AUC 0.5000 Pre 0.0113 Rec 0.1000
2026-08-30 09:28:02 | Diag logvar_q_mean=-0.0000 logvar_q_clamp=0.0000
2026-08-30 09:28:05 | Epoch  19/400 | Train Loss 2.3085 Acc 0.1067 | Val Loss 2.3008 Acc 0.1129 AUC 0.5000 Pre 0.0113 Rec 0.1000
2026-08-30 09:28:06 | Diag logvar_q_mean=-0.0000 logvar_q_clamp=0.0000
2026-08-30 09:28:10 | Epoch  20/400 | Train Loss 2.3100 Acc 0.1032 | Val Loss 2.3008 Acc 0.1129 AUC 0.5000 Pre 0.0113 Rec 0.1000
2026-08-30 09:28:11 | Diag logvar_q_mean=0.0000 logvar_q_clamp=0.0000
2026-08-30 09:28:14 | Epoch  21/400 | Train Loss 2.3093 Acc 0.1037 | Val Loss 2.3008 Acc 0.1129 AUC 0.5000 Pre 0.0113 Rec 0.1000
2026-08-30 09:28:15 | Diag logvar_q_mean=-0.0000 logvar_q_clamp=0.0000
2026-08-30 09:28:19 | Epoch  22/400 | Train Loss 2.3101 Acc 0.1028 | Val Loss 2.3008 Acc 0.1129 AUC 0.4999 Pre 0.0113 Rec 0.1000
2026-08-30 09:28:20 | Diag logvar_q_mean=-0.0000 logvar_q_clamp=0.0000
2026-08-30 09:28:23 | Epoch  23/400 | Train Loss 2.3107 Acc 0.1016 | Val Loss 2.3008 Acc 0.1129 AUC 0.5000 Pre 0.0113 Rec 0.1000
2026-08-30 09:28:24 | Diag logvar_q_mean=-0.0000 logvar_q_clamp=0.0000
2026-08-30 09:28:28 | Epoch  24/400 | Train Loss 2.3092 Acc 0.1050 | Val Loss 2.3008 Acc 0.1129 AUC 0.5000 Pre 0.0113 Rec 0.1000
2026-08-30 09:28:28 | Diag logvar_q_mean=-0.0000 logvar_q_clamp=0.0000
2026-08-30 09:28:32 | Epoch  25/400 | Train Loss 2.3091 Acc 0.1046 | Val Loss 2.3008 Acc 0.1129 AUC 0.5000 Pre 0.0113 Rec 0.1000
2026-08-30 09:28:33 | Diag logvar_q_mean=-0.0000 logvar_q_clamp=0.0000
2026-08-30 09:28:37 | Epoch  26/400 | Train Loss 2.3098 Acc 0.1034 | Val Loss 2.3008 Acc 0.1129 AUC 0.5001 Pre 0.0113 Rec 0.1000
2026-08-30 09:28:37 | Diag logvar_q_mean=-0.0000 logvar_q_clamp=0.0000
2026-08-30 09:28:41 | Epoch  27/400 | Train Loss 2.3096 Acc 0.1041 | Val Loss 2.3007 Acc 0.1129 AUC 0.5000 Pre 0.0113 Rec 0.1000
2026-08-30 09:28:42 | Diag logvar_q_mean=-0.0000 logvar_q_clamp=0.0000
2026-08-30 09:28:46 | Epoch  28/400 | Train Loss 2.3088 Acc 0.1045 | Val Loss 2.3008 Acc 0.1129 AUC 0.4999 Pre 0.0113 Rec 0.1000
2026-08-30 09:28:47 | Diag logvar_q_mean=-0.0000 logvar_q_clamp=0.0000
2026-08-30 09:28:50 | Epoch  29/400 | Train Loss 2.3100 Acc 0.1050 | Val Loss 2.3008 Acc 0.1129 AUC 0.5001 Pre 0.0113 Rec 0.1000
2026-08-30 09:28:51 | Diag logvar_q_mean=-0.0000 logvar_q_clamp=0.0000
2026-08-30 09:28:55 | Epoch  30/400 | Train Loss 2.3101 Acc 0.1018 | Val Loss 2.3008 Acc 0.1129 AUC 0.5001 Pre 0.0113 Rec 0.1000
2026-08-30 09:28:56 | Diag logvar_q_mean=-0.0000 logvar_q_clamp=0.0000
2026-08-30 09:29:00 | Epoch  31/400 | Train Loss 2.3099 Acc 0.1029 | Val Loss 2.3008 Acc 0.1129 AUC 0.5001 Pre 0.0113 Rec 0.1000
2026-08-30 09:29:00 | Diag logvar_q_mean=0.0000 logvar_q_clamp=0.0000
2026-08-30 09:29:04 | Epoch  32/400 | Train Loss 2.3093 Acc 0.1047 | Val Loss 2.3008 Acc 0.1129 AUC 0.5001 Pre 0.0113 Rec 0.1000
2026-08-30 09:29:05 | Diag logvar_q_mean=-0.0000 logvar_q_clamp=0.0000
2026-08-30 09:29:09 | Epoch  33/400 | Train Loss 2.3105 Acc 0.1029 | Val Loss 2.3008 Acc 0.1129 AUC 0.5001 Pre 0.0113 Rec 0.1000
2026-08-30 09:29:09 | Diag logvar_q_mean=-0.0000 logvar_q_clamp=0.0000
2026-08-30 09:29:13 | Epoch  34/400 | Train Loss 2.3098 Acc 0.1027 | Val Loss 2.3007 Acc 0.1129 AUC 0.5001 Pre 0.0113 Rec 0.1000
2026-08-30 09:29:14 | Diag logvar_q_mean=-0.0000 logvar_q_clamp=0.0000
2026-08-30 09:29:18 | Epoch  35/400 | Train Loss 2.3089 Acc 0.1057 | Val Loss 2.3007 Acc 0.1129 AUC 0.5001 Pre 0.0113 Rec 0.1000
2026-08-30 09:29:18 | Diag logvar_q_mean=-0.0000 logvar_q_clamp=0.0000
2026-08-30 09:29:22 | Epoch  36/400 | Train Loss 2.3098 Acc 0.1019 | Val Loss 2.3007 Acc 0.1129 AUC 0.5000 Pre 0.0113 Rec 0.1000
2026-08-30 09:29:23 | Diag logvar_q_mean=-0.0000 logvar_q_clamp=0.0000
2026-08-30 09:29:27 | Epoch  37/400 | Train Loss 2.3096 Acc 0.1051 | Val Loss 2.3008 Acc 0.1129 AUC 0.5000 Pre 0.0113 Rec 0.1000
2026-08-30 09:29:27 | Diag logvar_q_mean=-0.0000 logvar_q_clamp=0.0000
2026-08-30 09:29:31 | Epoch  38/400 | Train Loss 2.3099 Acc 0.1030 | Val Loss 2.3008 Acc 0.1129 AUC 0.5001 Pre 0.0113 Rec 0.1000
2026-08-30 09:29:32 | Diag logvar_q_mean=-0.0000 logvar_q_clamp=0.0000
2026-08-30 09:29:36 | Epoch  39/400 | Train Loss 2.3098 Acc 0.1034 | Val Loss 2.3008 Acc 0.1129 AUC 0.5000 Pre 0.0113 Rec 0.1000
2026-08-30 09:29:36 | Diag logvar_q_mean=-0.0000 logvar_q_clamp=0.0000
2026-08-30 09:29:40 | Epoch  40/400 | Train Loss 2.3098 Acc 0.1031 | Val Loss 2.3008 Acc 0.1129 AUC 0.5000 Pre 0.0113 Rec 0.1000
2026-08-30 09:29:41 | Diag logvar_q_mean=-0.0000 logvar_q_clamp=0.0000
2026-08-30 09:29:44 | Epoch  41/400 | Train Loss 2.3097 Acc 0.1027 | Val Loss 2.3008 Acc 0.1129 AUC 0.5000 Pre 0.0113 Rec 0.1000
2026-08-30 09:29:45 | Diag logvar_q_mean=-0.0000 logvar_q_clamp=0.0000
2026-08-30 09:29:49 | Epoch  42/400 | Train Loss 2.3100 Acc 0.1059 | Val Loss 2.3007 Acc 0.1129 AUC 0.5001 Pre 0.0113 Rec 0.1000
2026-08-30 09:29:50 | Diag logvar_q_mean=-0.0000 logvar_q_clamp=0.0000
2026-08-30 09:29:54 | Epoch  43/400 | Train Loss 2.3085 Acc 0.1048 | Val Loss 2.3008 Acc 0.1129 AUC 0.5000 Pre 0.0113 Rec 0.1000
2026-08-30 09:29:54 | Diag logvar_q_mean=-0.0000 logvar_q_clamp=0.0000
2026-08-30 09:29:58 | Epoch  44/400 | Train Loss 2.3106 Acc 0.1033 | Val Loss 2.3008 Acc 0.1129 AUC 0.5001 Pre 0.0113 Rec 0.1000
2026-08-30 09:29:59 | Diag logvar_q_mean=-0.0000 logvar_q_clamp=0.0000
2026-08-30 09:30:02 | Epoch  45/400 | Train Loss 2.3097 Acc 0.1035 | Val Loss 2.3008 Acc 0.1129 AUC 0.5000 Pre 0.0113 Rec 0.1000
2026-08-30 09:30:03 | Diag logvar_q_mean=-0.0000 logvar_q_clamp=0.0000
2026-08-30 09:30:07 | Epoch  46/400 | Train Loss 2.3090 Acc 0.1067 | Val Loss 2.3008 Acc 0.1129 AUC 0.4999 Pre 0.0113 Rec 0.1000
2026-08-30 09:30:07 | Diag logvar_q_mean=-0.0000 logvar_q_clamp=0.0000
2026-08-30 09:30:11 | Epoch  47/400 | Train Loss 2.3110 Acc 0.1014 | Val Loss 2.3008 Acc 0.1129 AUC 0.4999 Pre 0.0113 Rec 0.1000
2026-08-30 09:30:12 | Diag logvar_q_mean=-0.0000 logvar_q_clamp=0.0000
2026-08-30 09:30:16 | Epoch  48/400 | Train Loss 2.3097 Acc 0.1032 | Val Loss 2.3008 Acc 0.1129 AUC 0.4999 Pre 0.0113 Rec 0.1000
2026-08-30 09:30:16 | Diag logvar_q_mean=-0.0000 logvar_q_clamp=0.0000
2026-08-30 09:30:20 | Epoch  49/400 | Train Loss 2.3096 Acc 0.1050 | Val Loss 2.3008 Acc 0.1129 AUC 0.5000 Pre 0.0113 Rec 0.1000
2026-08-30 09:30:21 | Diag logvar_q_mean=-0.0000 logvar_q_clamp=0.0000
2026-08-30 09:30:25 | Epoch  50/400 | Train Loss 2.3096 Acc 0.1043 | Val Loss 2.3008 Acc 0.1129 AUC 0.4999 Pre 0.0113 Rec 0.1000
2026-08-30 09:30:26 | Diag logvar_q_mean=0.0000 logvar_q_clamp=0.0000
2026-08-30 09:30:30 | Epoch  51/400 | Train Loss 2.3096 Acc 0.1019 | Val Loss 2.3007 Acc 0.1129 AUC 0.4999 Pre 0.0113 Rec 0.1000
2026-08-30 09:30:30 | Diag logvar_q_mean=-0.0000 logvar_q_clamp=0.0000
2026-08-30 09:30:34 | Epoch  52/400 | Train Loss 2.3092 Acc 0.1044 | Val Loss 2.3008 Acc 0.1129 AUC 0.4999 Pre 0.0113 Rec 0.1000
2026-08-30 09:30:35 | Diag logvar_q_mean=-0.0000 logvar_q_clamp=0.0000
2026-08-30 09:30:39 | Epoch  53/400 | Train Loss 2.3105 Acc 0.1023 | Val Loss 2.3008 Acc 0.1129 AUC 0.5000 Pre 0.0113 Rec 0.1000
2026-08-30 09:30:39 | Diag logvar_q_mean=0.0000 logvar_q_clamp=0.0000
2026-08-30 09:30:43 | Epoch  54/400 | Train Loss 2.3099 Acc 0.1007 | Val Loss 2.3008 Acc 0.1129 AUC 0.5000 Pre 0.0113 Rec 0.1000
2026-08-30 09:30:44 | Diag logvar_q_mean=-0.0000 logvar_q_clamp=0.0000
2026-08-30 09:30:48 | Epoch  55/400 | Train Loss 2.3098 Acc 0.1038 | Val Loss 2.3007 Acc 0.1129 AUC 0.5000 Pre 0.0113 Rec 0.1000
2026-08-30 09:30:48 | Diag logvar_q_mean=-0.0000 logvar_q_clamp=0.0000
2026-08-30 09:30:52 | Epoch  56/400 | Train Loss 2.3101 Acc 0.1035 | Val Loss 2.3008 Acc 0.1129 AUC 0.5000 Pre 0.0113 Rec 0.1000
2026-08-30 09:30:53 | Diag logvar_q_mean=-0.0000 logvar_q_clamp=0.0000
2026-08-30 09:30:57 | Epoch  57/400 | Train Loss 2.3097 Acc 0.1042 | Val Loss 2.3008 Acc 0.1129 AUC 0.5000 Pre 0.0113 Rec 0.1000
2026-08-30 09:30:57 | Diag logvar_q_mean=-0.0000 logvar_q_clamp=0.0000
2026-08-30 09:31:01 | Epoch  58/400 | Train Loss 2.3104 Acc 0.1038 | Val Loss 2.3008 Acc 0.1129 AUC 0.5000 Pre 0.0113 Rec 0.1000
2026-08-30 09:31:02 | Diag logvar_q_mean=-0.0000 logvar_q_clamp=0.0000
2026-08-30 09:31:06 | Epoch  59/400 | Train Loss 2.3101 Acc 0.1024 | Val Loss 2.3007 Acc 0.1129 AUC 0.5000 Pre 0.0113 Rec 0.1000
2026-08-30 09:31:06 | Diag logvar_q_mean=-0.0000 logvar_q_clamp=0.0000
2026-08-30 09:31:10 | Epoch  60/400 | Train Loss 2.3100 Acc 0.1053 | Val Loss 2.3007 Acc 0.1129 AUC 0.5000 Pre 0.0113 Rec 0.1000
2026-08-30 09:31:11 | Diag logvar_q_mean=-0.0000 logvar_q_clamp=0.0000
2026-08-30 09:31:15 | Epoch  61/400 | Train Loss 2.3092 Acc 0.1035 | Val Loss 2.3007 Acc 0.1129 AUC 0.5000 Pre 0.0113 Rec 0.1000
2026-08-30 09:31:15 | Diag logvar_q_mean=-0.0000 logvar_q_clamp=0.0000
2026-08-30 09:31:19 | Epoch  62/400 | Train Loss 2.3100 Acc 0.1046 | Val Loss 2.3008 Acc 0.1129 AUC 0.5000 Pre 0.0113 Rec 0.1000
2026-08-30 09:31:20 | Diag logvar_q_mean=-0.0000 logvar_q_clamp=0.0000
2026-08-30 09:31:24 | Epoch  63/400 | Train Loss 2.3089 Acc 0.1061 | Val Loss 2.3008 Acc 0.1129 AUC 0.5000 Pre 0.0113 Rec 0.1000
2026-08-30 09:31:25 | Diag logvar_q_mean=0.0000 logvar_q_clamp=0.0000
2026-08-30 09:31:28 | Epoch  64/400 | Train Loss 2.3096 Acc 0.1044 | Val Loss 2.3008 Acc 0.1129 AUC 0.5000 Pre 0.0113 Rec 0.1000
2026-08-30 09:31:29 | Diag logvar_q_mean=-0.0000 logvar_q_clamp=0.0000
2026-08-30 09:31:33 | Epoch  65/400 | Train Loss 2.3104 Acc 0.1050 | Val Loss 2.3008 Acc 0.1129 AUC 0.5000 Pre 0.0113 Rec 0.1000
2026-08-30 09:31:34 | Diag logvar_q_mean=-0.0000 logvar_q_clamp=0.0000
2026-08-30 09:31:38 | Epoch  66/400 | Train Loss 2.3104 Acc 0.1025 | Val Loss 2.3007 Acc 0.1129 AUC 0.5000 Pre 0.0113 Rec 0.1000
2026-08-30 09:31:38 | Diag logvar_q_mean=0.0000 logvar_q_clamp=0.0000
2026-08-30 09:31:42 | Epoch  67/400 | Train Loss 2.3095 Acc 0.1032 | Val Loss 2.3008 Acc 0.1129 AUC 0.5000 Pre 0.0113 Rec 0.1000
2026-08-30 09:31:43 | Diag logvar_q_mean=-0.0000 logvar_q_clamp=0.0000
2026-08-30 09:31:47 | Epoch  68/400 | Train Loss 2.3095 Acc 0.1060 | Val Loss 2.3008 Acc 0.1129 AUC 0.5000 Pre 0.0113 Rec 0.1000
2026-08-30 09:31:47 | Diag logvar_q_mean=-0.0000 logvar_q_clamp=0.0000
2026-08-30 09:31:51 | Epoch  69/400 | Train Loss 2.3099 Acc 0.1024 | Val Loss 2.3008 Acc 0.1129 AUC 0.5000 Pre 0.0113 Rec 0.1000
2026-08-30 09:31:52 | Diag logvar_q_mean=-0.0000 logvar_q_clamp=0.0000
2026-08-30 09:31:56 | Epoch  70/400 | Train Loss 2.3096 Acc 0.1035 | Val Loss 2.3008 Acc 0.1129 AUC 0.5000 Pre 0.0113 Rec 0.1000
2026-08-30 09:31:56 | Diag logvar_q_mean=-0.0000 logvar_q_clamp=0.0000
2026-08-30 09:32:00 | Epoch  71/400 | Train Loss 2.3099 Acc 0.1037 | Val Loss 2.3008 Acc 0.1129 AUC 0.5000 Pre 0.0113 Rec 0.1000
2026-08-30 09:32:01 | Diag logvar_q_mean=-0.0000 logvar_q_clamp=0.0000
2026-08-30 09:32:05 | Epoch  72/400 | Train Loss 2.3102 Acc 0.1044 | Val Loss 2.3008 Acc 0.1129 AUC 0.5000 Pre 0.0113 Rec 0.1000
2026-08-30 09:32:05 | Diag logvar_q_mean=-0.0000 logvar_q_clamp=0.0000
2026-08-30 09:32:09 | Epoch  73/400 | Train Loss 2.3092 Acc 0.1045 | Val Loss 2.3008 Acc 0.1129 AUC 0.5000 Pre 0.0113 Rec 0.1000
2026-08-30 09:32:10 | Diag logvar_q_mean=-0.0000 logvar_q_clamp=0.0000
2026-08-30 09:32:14 | Epoch  74/400 | Train Loss 2.3093 Acc 0.1049 | Val Loss 2.3008 Acc 0.1129 AUC 0.5000 Pre 0.0113 Rec 0.1000
2026-08-30 09:32:14 | Diag logvar_q_mean=-0.0000 logvar_q_clamp=0.0000
2026-08-30 09:32:18 | Epoch  75/400 | Train Loss 2.3107 Acc 0.1003 | Val Loss 2.3008 Acc 0.1129 AUC 0.5000 Pre 0.0113 Rec 0.1000
2026-08-30 09:32:19 | Diag logvar_q_mean=0.0000 logvar_q_clamp=0.0000
2026-08-30 09:32:23 | Epoch  76/400 | Train Loss 2.3108 Acc 0.1016 | Val Loss 2.3007 Acc 0.1129 AUC 0.5000 Pre 0.0113 Rec 0.1000
2026-08-30 09:32:23 | Diag logvar_q_mean=-0.0000 logvar_q_clamp=0.0000
2026-08-30 09:32:27 | Epoch  77/400 | Train Loss 2.3095 Acc 0.1026 | Val Loss 2.3008 Acc 0.1129 AUC 0.5000 Pre 0.0113 Rec 0.1000
2026-08-30 09:32:28 | Diag logvar_q_mean=-0.0000 logvar_q_clamp=0.0000
2026-08-30 09:32:32 | Epoch  78/400 | Train Loss 2.3105 Acc 0.1033 | Val Loss 2.3008 Acc 0.1129 AUC 0.5000 Pre 0.0113 Rec 0.1000
2026-08-30 09:32:32 | Diag logvar_q_mean=-0.0000 logvar_q_clamp=0.0000
2026-08-30 09:32:36 | Epoch  79/400 | Train Loss 2.3091 Acc 0.1050 | Val Loss 2.3008 Acc 0.1129 AUC 0.5000 Pre 0.0113 Rec 0.1000
2026-08-30 09:32:37 | Diag logvar_q_mean=-0.0000 logvar_q_clamp=0.0000
2026-08-30 09:32:41 | Epoch  80/400 | Train Loss 2.3098 Acc 0.1019 | Val Loss 2.3007 Acc 0.1129 AUC 0.5000 Pre 0.0113 Rec 0.1000
2026-08-30 09:32:41 | Diag logvar_q_mean=-0.0000 logvar_q_clamp=0.0000
2026-08-30 09:32:45 | Epoch  81/400 | Train Loss 2.3097 Acc 0.1030 | Val Loss 2.3007 Acc 0.1129 AUC 0.5000 Pre 0.0113 Rec 0.1000
2026-08-30 09:32:46 | Diag logvar_q_mean=-0.0000 logvar_q_clamp=0.0000
2026-08-30 09:32:50 | Epoch  82/400 | Train Loss 2.3093 Acc 0.1037 | Val Loss 2.3008 Acc 0.1129 AUC 0.5000 Pre 0.0113 Rec 0.1000
2026-08-30 09:32:51 | Diag logvar_q_mean=-0.0000 logvar_q_clamp=0.0000
2026-08-30 09:32:54 | Epoch  83/400 | Train Loss 2.3101 Acc 0.1027 | Val Loss 2.3007 Acc 0.1129 AUC 0.5000 Pre 0.0113 Rec 0.1000
2026-08-30 09:32:55 | Diag logvar_q_mean=-0.0000 logvar_q_clamp=0.0000
2026-08-30 09:32:59 | Epoch  84/400 | Train Loss 2.3111 Acc 0.1031 | Val Loss 2.3008 Acc 0.1129 AUC 0.5000 Pre 0.0113 Rec 0.1000
2026-08-30 09:33:00 | Diag logvar_q_mean=-0.0000 logvar_q_clamp=0.0000
2026-08-30 09:33:03 | Epoch  85/400 | Train Loss 2.3090 Acc 0.1046 | Val Loss 2.3007 Acc 0.1129 AUC 0.5000 Pre 0.0113 Rec 0.1000
2026-08-30 09:33:04 | Diag logvar_q_mean=0.0000 logvar_q_clamp=0.0000
2026-08-30 09:33:08 | Epoch  86/400 | Train Loss 2.3106 Acc 0.1022 | Val Loss 2.3008 Acc 0.1129 AUC 0.5000 Pre 0.0113 Rec 0.1000
2026-08-30 09:33:08 | Diag logvar_q_mean=-0.0000 logvar_q_clamp=0.0000
2026-08-30 09:33:12 | Epoch  87/400 | Train Loss 2.3091 Acc 0.1055 | Val Loss 2.3008 Acc 0.1129 AUC 0.5000 Pre 0.0113 Rec 0.1000
2026-08-30 09:33:13 | Diag logvar_q_mean=-0.0000 logvar_q_clamp=0.0000
2026-08-30 09:33:17 | Epoch  88/400 | Train Loss 2.3097 Acc 0.1052 | Val Loss 2.3007 Acc 0.1129 AUC 0.5000 Pre 0.0113 Rec 0.1000
2026-08-30 09:33:17 | Diag logvar_q_mean=-0.0000 logvar_q_clamp=0.0000
2026-08-30 09:33:21 | Epoch  89/400 | Train Loss 2.3104 Acc 0.1063 | Val Loss 2.3008 Acc 0.1129 AUC 0.5000 Pre 0.0113 Rec 0.1000
2026-08-30 09:33:22 | Diag logvar_q_mean=-0.0000 logvar_q_clamp=0.0000
2026-08-30 09:33:26 | Epoch  90/400 | Train Loss 2.3099 Acc 0.1010 | Val Loss 2.3008 Acc 0.1129 AUC 0.5000 Pre 0.0113 Rec 0.1000
2026-08-30 09:33:26 | Diag logvar_q_mean=-0.0000 logvar_q_clamp=0.0000
2026-08-30 09:33:30 | Epoch  91/400 | Train Loss 2.3097 Acc 0.1047 | Val Loss 2.3008 Acc 0.1129 AUC 0.5000 Pre 0.0113 Rec 0.1000
2026-08-30 09:33:31 | Diag logvar_q_mean=-0.0000 logvar_q_clamp=0.0000
2026-08-30 09:33:35 | Epoch  92/400 | Train Loss 2.3106 Acc 0.1039 | Val Loss 2.3008 Acc 0.1129 AUC 0.5000 Pre 0.0113 Rec 0.1000
2026-08-30 09:33:35 | Diag logvar_q_mean=-0.0000 logvar_q_clamp=0.0000
2026-08-30 09:33:39 | Epoch  93/400 | Train Loss 2.3107 Acc 0.1016 | Val Loss 2.3008 Acc 0.1129 AUC 0.5000 Pre 0.0113 Rec 0.1000
2026-08-30 09:33:40 | Diag logvar_q_mean=-0.0000 logvar_q_clamp=0.0000
2026-08-30 09:33:44 | Epoch  94/400 | Train Loss 2.3092 Acc 0.1042 | Val Loss 2.3008 Acc 0.1129 AUC 0.5000 Pre 0.0113 Rec 0.1000
2026-08-30 09:33:44 | Diag logvar_q_mean=-0.0000 logvar_q_clamp=0.0000
2026-08-30 09:33:48 | Epoch  95/400 | Train Loss 2.3101 Acc 0.1037 | Val Loss 2.3008 Acc 0.1129 AUC 0.5000 Pre 0.0113 Rec 0.1000
2026-08-30 09:33:49 | Diag logvar_q_mean=-0.0000 logvar_q_clamp=0.0000
2026-08-30 09:33:53 | Epoch  96/400 | Train Loss 2.3098 Acc 0.1050 | Val Loss 2.3008 Acc 0.1129 AUC 0.5000 Pre 0.0113 Rec 0.1000
2026-08-30 09:33:53 | Diag logvar_q_mean=-0.0000 logvar_q_clamp=0.0000
2026-08-30 09:33:57 | Epoch  97/400 | Train Loss 2.3098 Acc 0.1050 | Val Loss 2.3008 Acc 0.1129 AUC 0.5000 Pre 0.0113 Rec 0.1000
2026-08-30 09:33:58 | Diag logvar_q_mean=-0.0000 logvar_q_clamp=0.0000
2026-08-30 09:34:02 | Epoch  98/400 | Train Loss 2.3091 Acc 0.1035 | Val Loss 2.3008 Acc 0.1129 AUC 0.5000 Pre 0.0113 Rec 0.1000
2026-08-30 09:34:02 | Diag logvar_q_mean=-0.0000 logvar_q_clamp=0.0000
2026-08-30 09:34:06 | Epoch  99/400 | Train Loss 2.3108 Acc 0.1027 | Val Loss 2.3008 Acc 0.1129 AUC 0.5000 Pre 0.0113 Rec 0.1000
2026-08-30 09:34:07 | Diag logvar_q_mean=-0.0000 logvar_q_clamp=0.0000
2026-08-30 09:34:11 | Epoch 100/400 | Train Loss 2.3102 Acc 0.1042 | Val Loss 2.3008 Acc 0.1129 AUC 0.5000 Pre 0.0113 Rec 0.1000
2026-08-30 09:34:11 | Diag logvar_q_mean=-0.0000 logvar_q_clamp=0.0000
2026-08-30 09:34:15 | Epoch 101/400 | Train Loss 2.3096 Acc 0.1051 | Val Loss 2.3008 Acc 0.1129 AUC 0.5000 Pre 0.0113 Rec 0.1000
2026-08-30 09:34:16 | Diag logvar_q_mean=-0.0000 logvar_q_clamp=0.0000
2026-08-30 09:34:20 | Epoch 102/400 | Train Loss 2.3095 Acc 0.1009 | Val Loss 2.3008 Acc 0.1129 AUC 0.5000 Pre 0.0113 Rec 0.1000
2026-08-30 09:34:21 | Diag logvar_q_mean=-0.0000 logvar_q_clamp=0.0000
2026-08-30 09:34:25 | Epoch 103/400 | Train Loss 2.3105 Acc 0.1016 | Val Loss 2.3008 Acc 0.1129 AUC 0.5000 Pre 0.0113 Rec 0.1000
2026-08-30 09:34:25 | Diag logvar_q_mean=-0.0000 logvar_q_clamp=0.0000
2026-08-30 09:34:29 | Epoch 104/400 | Train Loss 2.3097 Acc 0.1038 | Val Loss 2.3008 Acc 0.1129 AUC 0.5000 Pre 0.0113 Rec 0.1000
2026-08-30 09:34:30 | Diag logvar_q_mean=-0.0000 logvar_q_clamp=0.0000
2026-08-30 09:34:34 | Epoch 105/400 | Train Loss 2.3098 Acc 0.1042 | Val Loss 2.3008 Acc 0.1129 AUC 0.5000 Pre 0.0113 Rec 0.1000
2026-08-30 09:34:34 | Diag logvar_q_mean=-0.0000 logvar_q_clamp=0.0000
2026-08-30 09:34:38 | Epoch 106/400 | Train Loss 2.3102 Acc 0.1030 | Val Loss 2.3008 Acc 0.1129 AUC 0.5000 Pre 0.0113 Rec 0.1000
2026-08-30 09:34:39 | Diag logvar_q_mean=-0.0000 logvar_q_clamp=0.0000
2026-08-30 09:34:42 | Epoch 107/400 | Train Loss 2.3092 Acc 0.1041 | Val Loss 2.3008 Acc 0.1129 AUC 0.5000 Pre 0.0113 Rec 0.1000
2026-08-30 09:34:43 | Diag logvar_q_mean=-0.0000 logvar_q_clamp=0.0000
2026-08-30 09:34:47 | Epoch 108/400 | Train Loss 2.3095 Acc 0.1032 | Val Loss 2.3007 Acc 0.1129 AUC 0.5000 Pre 0.0113 Rec 0.1000
2026-08-30 09:34:47 | Diag logvar_q_mean=-0.0000 logvar_q_clamp=0.0000
2026-08-30 09:34:51 | Epoch 109/400 | Train Loss 2.3101 Acc 0.1041 | Val Loss 2.3008 Acc 0.1129 AUC 0.5000 Pre 0.0113 Rec 0.1000
2026-08-30 09:34:52 | Diag logvar_q_mean=-0.0000 logvar_q_clamp=0.0000
2026-08-30 09:34:55 | Epoch 110/400 | Train Loss 2.3094 Acc 0.1030 | Val Loss 2.3008 Acc 0.1129 AUC 0.5000 Pre 0.0113 Rec 0.1000
2026-08-30 09:34:56 | Diag logvar_q_mean=-0.0000 logvar_q_clamp=0.0000
2026-08-30 09:35:00 | Epoch 111/400 | Train Loss 2.3099 Acc 0.1043 | Val Loss 2.3008 Acc 0.1129 AUC 0.5000 Pre 0.0113 Rec 0.1000
2026-08-30 09:35:00 | Diag logvar_q_mean=-0.0000 logvar_q_clamp=0.0000
2026-08-30 09:35:04 | Epoch 112/400 | Train Loss 2.3102 Acc 0.1035 | Val Loss 2.3008 Acc 0.1129 AUC 0.5000 Pre 0.0113 Rec 0.1000
2026-08-30 09:35:05 | Diag logvar_q_mean=0.0000 logvar_q_clamp=0.0000
2026-08-30 09:35:09 | Epoch 113/400 | Train Loss 2.3095 Acc 0.1044 | Val Loss 2.3008 Acc 0.1129 AUC 0.5000 Pre 0.0113 Rec 0.1000
2026-08-30 09:35:09 | Diag logvar_q_mean=-0.0000 logvar_q_clamp=0.0000
2026-08-30 09:35:13 | Epoch 114/400 | Train Loss 2.3097 Acc 0.1056 | Val Loss 2.3008 Acc 0.1129 AUC 0.5000 Pre 0.0113 Rec 0.1000
2026-08-30 09:35:14 | Diag logvar_q_mean=-0.0000 logvar_q_clamp=0.0000
2026-08-30 09:35:18 | Epoch 115/400 | Train Loss 2.3098 Acc 0.1029 | Val Loss 2.3008 Acc 0.1129 AUC 0.5000 Pre 0.0113 Rec 0.1000
2026-08-30 09:35:18 | Diag logvar_q_mean=0.0000 logvar_q_clamp=0.0000
2026-08-30 09:35:22 | Epoch 116/400 | Train Loss 2.3102 Acc 0.1034 | Val Loss 2.3008 Acc 0.1129 AUC 0.5000 Pre 0.0113 Rec 0.1000
2026-08-30 09:35:23 | Diag logvar_q_mean=-0.0000 logvar_q_clamp=0.0000
2026-08-30 09:35:26 | Epoch 117/400 | Train Loss 2.3091 Acc 0.1025 | Val Loss 2.3008 Acc 0.1129 AUC 0.5000 Pre 0.0113 Rec 0.1000
2026-08-30 09:35:27 | Diag logvar_q_mean=-0.0000 logvar_q_clamp=0.0000
2026-08-30 09:35:31 | Epoch 118/400 | Train Loss 2.3105 Acc 0.1025 | Val Loss 2.3008 Acc 0.1129 AUC 0.5000 Pre 0.0113 Rec 0.1000
2026-08-30 09:35:31 | Diag logvar_q_mean=-0.0000 logvar_q_clamp=0.0000
2026-08-30 09:35:35 | Epoch 119/400 | Train Loss 2.3090 Acc 0.1050 | Val Loss 2.3008 Acc 0.1129 AUC 0.5000 Pre 0.0113 Rec 0.1000
2026-08-30 09:35:36 | Diag logvar_q_mean=-0.0000 logvar_q_clamp=0.0000
2026-08-30 09:35:40 | Epoch 120/400 | Train Loss 2.3103 Acc 0.1014 | Val Loss 2.3008 Acc 0.1129 AUC 0.5000 Pre 0.0113 Rec 0.1000
2026-08-30 09:35:40 | Diag logvar_q_mean=-0.0000 logvar_q_clamp=0.0000
2026-08-30 09:35:44 | Epoch 121/400 | Train Loss 2.3102 Acc 0.1050 | Val Loss 2.3008 Acc 0.1129 AUC 0.5000 Pre 0.0113 Rec 0.1000
2026-08-30 09:35:45 | Diag logvar_q_mean=-0.0000 logvar_q_clamp=0.0000
2026-08-30 09:35:48 | Epoch 122/400 | Train Loss 2.3091 Acc 0.1022 | Val Loss 2.3007 Acc 0.1129 AUC 0.5000 Pre 0.0113 Rec 0.1000
2026-08-30 09:35:49 | Diag logvar_q_mean=-0.0000 logvar_q_clamp=0.0000
2026-08-30 09:35:53 | Epoch 123/400 | Train Loss 2.3103 Acc 0.1026 | Val Loss 2.3008 Acc 0.1129 AUC 0.5000 Pre 0.0113 Rec 0.1000
2026-08-30 09:35:53 | Diag logvar_q_mean=-0.0000 logvar_q_clamp=0.0000
2026-08-30 09:35:57 | Epoch 124/400 | Train Loss 2.3100 Acc 0.1043 | Val Loss 2.3007 Acc 0.1129 AUC 0.5000 Pre 0.0113 Rec 0.1000
2026-08-30 09:35:58 | Diag logvar_q_mean=0.0000 logvar_q_clamp=0.0000
2026-08-30 09:36:01 | Epoch 125/400 | Train Loss 2.3097 Acc 0.1030 | Val Loss 2.3007 Acc 0.1129 AUC 0.5000 Pre 0.0113 Rec 0.1000
2026-08-30 09:36:02 | Diag logvar_q_mean=-0.0000 logvar_q_clamp=0.0000
2026-08-30 09:36:06 | Epoch 126/400 | Train Loss 2.3103 Acc 0.1035 | Val Loss 2.3008 Acc 0.1129 AUC 0.5000 Pre 0.0113 Rec 0.1000
2026-08-30 09:36:07 | Diag logvar_q_mean=-0.0000 logvar_q_clamp=0.0000
2026-08-30 09:36:10 | Epoch 127/400 | Train Loss 2.3097 Acc 0.1033 | Val Loss 2.3008 Acc 0.1129 AUC 0.5000 Pre 0.0113 Rec 0.1000
2026-08-30 09:36:11 | Diag logvar_q_mean=-0.0000 logvar_q_clamp=0.0000
2026-08-30 09:36:15 | Epoch 128/400 | Train Loss 2.3103 Acc 0.1021 | Val Loss 2.3008 Acc 0.1129 AUC 0.5000 Pre 0.0113 Rec 0.1000
2026-08-30 09:36:15 | Diag logvar_q_mean=-0.0000 logvar_q_clamp=0.0000
2026-08-30 09:36:19 | Epoch 129/400 | Train Loss 2.3098 Acc 0.1027 | Val Loss 2.3008 Acc 0.1129 AUC 0.5000 Pre 0.0113 Rec 0.1000
2026-08-30 09:36:20 | Diag logvar_q_mean=0.0000 logvar_q_clamp=0.0000
2026-08-30 09:36:24 | Epoch 130/400 | Train Loss 2.3094 Acc 0.1047 | Val Loss 2.3008 Acc 0.1129 AUC 0.5000 Pre 0.0113 Rec 0.1000
2026-08-30 09:36:24 | Diag logvar_q_mean=-0.0000 logvar_q_clamp=0.0000
2026-08-30 09:36:28 | Epoch 131/400 | Train Loss 2.3106 Acc 0.1027 | Val Loss 2.3008 Acc 0.1129 AUC 0.5000 Pre 0.0113 Rec 0.1000
2026-08-30 09:36:29 | Diag logvar_q_mean=-0.0000 logvar_q_clamp=0.0000
2026-08-30 09:36:33 | Epoch 132/400 | Train Loss 2.3098 Acc 0.1039 | Val Loss 2.3008 Acc 0.1129 AUC 0.5000 Pre 0.0113 Rec 0.1000
2026-08-30 09:36:33 | Diag logvar_q_mean=-0.0000 logvar_q_clamp=0.0000
2026-08-30 09:36:37 | Epoch 133/400 | Train Loss 2.3103 Acc 0.1045 | Val Loss 2.3008 Acc 0.1129 AUC 0.5000 Pre 0.0113 Rec 0.1000
2026-08-30 09:36:38 | Diag logvar_q_mean=-0.0000 logvar_q_clamp=0.0000
2026-08-30 09:36:42 | Epoch 134/400 | Train Loss 2.3101 Acc 0.1018 | Val Loss 2.3008 Acc 0.1129 AUC 0.5000 Pre 0.0113 Rec 0.1000
2026-08-30 09:36:42 | Diag logvar_q_mean=-0.0000 logvar_q_clamp=0.0000
2026-08-30 09:36:46 | Epoch 135/400 | Train Loss 2.3095 Acc 0.1050 | Val Loss 2.3008 Acc 0.1129 AUC 0.5000 Pre 0.0113 Rec 0.1000
2026-08-30 09:36:47 | Diag logvar_q_mean=-0.0000 logvar_q_clamp=0.0000
2026-08-30 09:36:51 | Epoch 136/400 | Train Loss 2.3090 Acc 0.1037 | Val Loss 2.3008 Acc 0.1129 AUC 0.5000 Pre 0.0113 Rec 0.1000
2026-08-30 09:36:52 | Diag logvar_q_mean=-0.0000 logvar_q_clamp=0.0000
2026-08-30 09:36:55 | Epoch 137/400 | Train Loss 2.3098 Acc 0.1048 | Val Loss 2.3007 Acc 0.1129 AUC 0.5000 Pre 0.0113 Rec 0.1000
2026-08-30 09:36:56 | Diag logvar_q_mean=-0.0000 logvar_q_clamp=0.0000
2026-08-30 09:37:00 | Epoch 138/400 | Train Loss 2.3096 Acc 0.1052 | Val Loss 2.3007 Acc 0.1129 AUC 0.5000 Pre 0.0113 Rec 0.1000
2026-08-30 09:37:00 | Diag logvar_q_mean=-0.0000 logvar_q_clamp=0.0000
2026-08-30 09:37:04 | Epoch 139/400 | Train Loss 2.3100 Acc 0.1022 | Val Loss 2.3008 Acc 0.1129 AUC 0.5000 Pre 0.0113 Rec 0.1000
2026-08-30 09:37:05 | Diag logvar_q_mean=-0.0000 logvar_q_clamp=0.0000
2026-08-30 09:37:09 | Epoch 140/400 | Train Loss 2.3094 Acc 0.1050 | Val Loss 2.3008 Acc 0.1129 AUC 0.5000 Pre 0.0113 Rec 0.1000
2026-08-30 09:37:09 | Diag logvar_q_mean=0.0000 logvar_q_clamp=0.0000
2026-08-30 09:37:13 | Epoch 141/400 | Train Loss 2.3099 Acc 0.1039 | Val Loss 2.3008 Acc 0.1129 AUC 0.5000 Pre 0.0113 Rec 0.1000
2026-08-30 09:37:14 | Diag logvar_q_mean=0.0000 logvar_q_clamp=0.0000
2026-08-30 09:37:18 | Epoch 142/400 | Train Loss 2.3096 Acc 0.1049 | Val Loss 2.3008 Acc 0.1129 AUC 0.5000 Pre 0.0113 Rec 0.1000
2026-08-30 09:37:18 | Diag logvar_q_mean=-0.0000 logvar_q_clamp=0.0000
2026-08-30 09:37:22 | Epoch 143/400 | Train Loss 2.3098 Acc 0.1036 | Val Loss 2.3008 Acc 0.1129 AUC 0.5000 Pre 0.0113 Rec 0.1000
2026-08-30 09:37:23 | Diag logvar_q_mean=-0.0000 logvar_q_clamp=0.0000
2026-08-30 09:37:27 | Epoch 144/400 | Train Loss 2.3106 Acc 0.1030 | Val Loss 2.3008 Acc 0.1129 AUC 0.5000 Pre 0.0113 Rec 0.1000
2026-08-30 09:37:27 | Diag logvar_q_mean=-0.0000 logvar_q_clamp=0.0000
2026-08-30 09:37:31 | Epoch 145/400 | Train Loss 2.3090 Acc 0.1045 | Val Loss 2.3008 Acc 0.1129 AUC 0.5000 Pre 0.0113 Rec 0.1000
2026-08-30 09:37:32 | Diag logvar_q_mean=-0.0000 logvar_q_clamp=0.0000
2026-08-30 09:37:36 | Epoch 146/400 | Train Loss 2.3095 Acc 0.1035 | Val Loss 2.3008 Acc 0.1129 AUC 0.5000 Pre 0.0113 Rec 0.1000
2026-08-30 09:37:36 | Diag logvar_q_mean=0.0000 logvar_q_clamp=0.0000
2026-08-30 09:37:40 | Epoch 147/400 | Train Loss 2.3097 Acc 0.1038 | Val Loss 2.3008 Acc 0.1129 AUC 0.5000 Pre 0.0113 Rec 0.1000
2026-08-30 09:37:41 | Diag logvar_q_mean=-0.0000 logvar_q_clamp=0.0000
2026-08-30 09:37:45 | Epoch 148/400 | Train Loss 2.3103 Acc 0.1024 | Val Loss 2.3008 Acc 0.1129 AUC 0.5000 Pre 0.0113 Rec 0.1000
2026-08-30 09:37:45 | Diag logvar_q_mean=-0.0000 logvar_q_clamp=0.0000
2026-08-30 09:37:49 | Epoch 149/400 | Train Loss 2.3098 Acc 0.1028 | Val Loss 2.3007 Acc 0.1129 AUC 0.5000 Pre 0.0113 Rec 0.1000
2026-08-30 09:37:50 | Diag logvar_q_mean=-0.0000 logvar_q_clamp=0.0000
2026-08-30 09:37:54 | Epoch 150/400 | Train Loss 2.3109 Acc 0.1009 | Val Loss 2.3008 Acc 0.1129 AUC 0.5000 Pre 0.0113 Rec 0.1000
2026-08-30 09:37:54 | Diag logvar_q_mean=-0.0000 logvar_q_clamp=0.0000
2026-08-30 09:37:58 | Epoch 151/400 | Train Loss 2.3094 Acc 0.1047 | Val Loss 2.3008 Acc 0.1129 AUC 0.5000 Pre 0.0113 Rec 0.1000
2026-08-30 09:37:59 | Diag logvar_q_mean=0.0000 logvar_q_clamp=0.0000
2026-08-30 09:38:03 | Epoch 152/400 | Train Loss 2.3098 Acc 0.1043 | Val Loss 2.3008 Acc 0.1129 AUC 0.5000 Pre 0.0113 Rec 0.1000
2026-08-30 09:38:03 | Diag logvar_q_mean=-0.0000 logvar_q_clamp=0.0000
2026-08-30 09:38:07 | Epoch 153/400 | Train Loss 2.3100 Acc 0.1030 | Val Loss 2.3008 Acc 0.1129 AUC 0.5000 Pre 0.0113 Rec 0.1000
2026-08-30 09:38:08 | Diag logvar_q_mean=-0.0000 logvar_q_clamp=0.0000
2026-08-30 09:38:12 | Epoch 154/400 | Train Loss 2.3096 Acc 0.1032 | Val Loss 2.3008 Acc 0.1129 AUC 0.5000 Pre 0.0113 Rec 0.1000
2026-08-30 09:38:12 | Diag logvar_q_mean=0.0000 logvar_q_clamp=0.0000
2026-08-30 09:38:16 | Epoch 155/400 | Train Loss 2.3106 Acc 0.1021 | Val Loss 2.3008 Acc 0.1129 AUC 0.5000 Pre 0.0113 Rec 0.1000
2026-08-30 09:38:17 | Diag logvar_q_mean=-0.0000 logvar_q_clamp=0.0000
2026-08-30 09:38:21 | Epoch 156/400 | Train Loss 2.3099 Acc 0.1028 | Val Loss 2.3008 Acc 0.1129 AUC 0.5000 Pre 0.0113 Rec 0.1000
2026-08-30 09:38:21 | Diag logvar_q_mean=-0.0000 logvar_q_clamp=0.0000
2026-08-30 09:38:25 | Epoch 157/400 | Train Loss 2.3103 Acc 0.1034 | Val Loss 2.3008 Acc 0.1129 AUC 0.5000 Pre 0.0113 Rec 0.1000
2026-08-30 09:38:26 | Diag logvar_q_mean=-0.0000 logvar_q_clamp=0.0000
2026-08-30 09:38:30 | Epoch 158/400 | Train Loss 2.3097 Acc 0.1024 | Val Loss 2.3008 Acc 0.1129 AUC 0.5000 Pre 0.0113 Rec 0.1000
2026-08-30 09:38:30 | Diag logvar_q_mean=0.0000 logvar_q_clamp=0.0000
2026-08-30 09:38:34 | Epoch 159/400 | Train Loss 2.3093 Acc 0.1052 | Val Loss 2.3008 Acc 0.1129 AUC 0.5000 Pre 0.0113 Rec 0.1000
2026-08-30 09:38:35 | Diag logvar_q_mean=-0.0000 logvar_q_clamp=0.0000
2026-08-30 09:38:39 | Epoch 160/400 | Train Loss 2.3105 Acc 0.1040 | Val Loss 2.3008 Acc 0.1129 AUC 0.5000 Pre 0.0113 Rec 0.1000
2026-08-30 09:38:39 | Diag logvar_q_mean=-0.0000 logvar_q_clamp=0.0000
2026-08-30 09:38:43 | Epoch 161/400 | Train Loss 2.3097 Acc 0.1062 | Val Loss 2.3008 Acc 0.1129 AUC 0.5000 Pre 0.0113 Rec 0.1000
2026-08-30 09:38:44 | Diag logvar_q_mean=-0.0000 logvar_q_clamp=0.0000
2026-08-30 09:38:48 | Epoch 162/400 | Train Loss 2.3100 Acc 0.1037 | Val Loss 2.3008 Acc 0.1129 AUC 0.5000 Pre 0.0113 Rec 0.1000
2026-08-30 09:38:48 | Diag logvar_q_mean=-0.0000 logvar_q_clamp=0.0000
2026-08-30 09:38:52 | Epoch 163/400 | Train Loss 2.3098 Acc 0.1041 | Val Loss 2.3008 Acc 0.1129 AUC 0.5000 Pre 0.0113 Rec 0.1000
2026-08-30 09:38:53 | Diag logvar_q_mean=-0.0000 logvar_q_clamp=0.0000
2026-08-30 09:38:56 | Epoch 164/400 | Train Loss 2.3101 Acc 0.1022 | Val Loss 2.3008 Acc 0.1129 AUC 0.5000 Pre 0.0113 Rec 0.1000
2026-08-30 09:38:57 | Diag logvar_q_mean=-0.0000 logvar_q_clamp=0.0000
2026-08-30 09:39:01 | Epoch 165/400 | Train Loss 2.3099 Acc 0.1030 | Val Loss 2.3008 Acc 0.1129 AUC 0.5000 Pre 0.0113 Rec 0.1000
2026-08-30 09:39:02 | Diag logvar_q_mean=0.0000 logvar_q_clamp=0.0000
2026-08-30 09:39:05 | Epoch 166/400 | Train Loss 2.3100 Acc 0.1037 | Val Loss 2.3008 Acc 0.1129 AUC 0.5000 Pre 0.0113 Rec 0.1000
2026-08-30 09:39:06 | Diag logvar_q_mean=0.0000 logvar_q_clamp=0.0000
2026-08-30 09:39:10 | Epoch 167/400 | Train Loss 2.3096 Acc 0.1047 | Val Loss 2.3008 Acc 0.1129 AUC 0.5000 Pre 0.0113 Rec 0.1000
2026-08-30 09:39:10 | Diag logvar_q_mean=-0.0000 logvar_q_clamp=0.0000
2026-08-30 09:39:14 | Epoch 168/400 | Train Loss 2.3098 Acc 0.1048 | Val Loss 2.3008 Acc 0.1129 AUC 0.5000 Pre 0.0113 Rec 0.1000
2026-08-30 09:39:15 | Diag logvar_q_mean=-0.0000 logvar_q_clamp=0.0000
2026-08-30 09:39:19 | Epoch 169/400 | Train Loss 2.3098 Acc 0.1016 | Val Loss 2.3008 Acc 0.1129 AUC 0.5000 Pre 0.0113 Rec 0.1000
2026-08-30 09:39:19 | Diag logvar_q_mean=0.0000 logvar_q_clamp=0.0000
2026-08-30 09:39:23 | Epoch 170/400 | Train Loss 2.3103 Acc 0.1029 | Val Loss 2.3008 Acc 0.1129 AUC 0.5000 Pre 0.0113 Rec 0.1000
2026-08-30 09:39:24 | Diag logvar_q_mean=-0.0000 logvar_q_clamp=0.0000
2026-08-30 09:39:28 | Epoch 171/400 | Train Loss 2.3097 Acc 0.1036 | Val Loss 2.3008 Acc 0.1129 AUC 0.5000 Pre 0.0113 Rec 0.1000
2026-08-30 09:39:29 | Diag logvar_q_mean=-0.0000 logvar_q_clamp=0.0000
2026-08-30 09:39:32 | Epoch 172/400 | Train Loss 2.3092 Acc 0.1033 | Val Loss 2.3008 Acc 0.1129 AUC 0.5000 Pre 0.0113 Rec 0.1000
2026-08-30 09:39:33 | Diag logvar_q_mean=-0.0000 logvar_q_clamp=0.0000
2026-08-30 09:39:37 | Epoch 173/400 | Train Loss 2.3100 Acc 0.1024 | Val Loss 2.3008 Acc 0.1129 AUC 0.5000 Pre 0.0113 Rec 0.1000
2026-08-30 09:39:38 | Diag logvar_q_mean=0.0000 logvar_q_clamp=0.0000
2026-08-30 09:39:42 | Epoch 174/400 | Train Loss 2.3097 Acc 0.1045 | Val Loss 2.3008 Acc 0.1129 AUC 0.5000 Pre 0.0113 Rec 0.1000
2026-08-30 09:39:42 | Diag logvar_q_mean=-0.0000 logvar_q_clamp=0.0000
2026-08-30 09:39:46 | Epoch 175/400 | Train Loss 2.3100 Acc 0.1050 | Val Loss 2.3008 Acc 0.1129 AUC 0.5000 Pre 0.0113 Rec 0.1000
2026-08-30 09:39:47 | Diag logvar_q_mean=-0.0000 logvar_q_clamp=0.0000
2026-08-30 09:39:51 | Epoch 176/400 | Train Loss 2.3092 Acc 0.1051 | Val Loss 2.3008 Acc 0.1129 AUC 0.5000 Pre 0.0113 Rec 0.1000
2026-08-30 09:39:51 | Diag logvar_q_mean=-0.0000 logvar_q_clamp=0.0000
2026-08-30 09:39:55 | Epoch 177/400 | Train Loss 2.3106 Acc 0.1022 | Val Loss 2.3008 Acc 0.1129 AUC 0.5000 Pre 0.0113 Rec 0.1000
2026-08-30 09:39:56 | Diag logvar_q_mean=-0.0000 logvar_q_clamp=0.0000
2026-08-30 09:40:00 | Epoch 178/400 | Train Loss 2.3099 Acc 0.1057 | Val Loss 2.3008 Acc 0.1129 AUC 0.5000 Pre 0.0113 Rec 0.1000
2026-08-30 09:40:00 | Diag logvar_q_mean=-0.0000 logvar_q_clamp=0.0000
2026-08-30 09:40:04 | Epoch 179/400 | Train Loss 2.3100 Acc 0.1016 | Val Loss 2.3008 Acc 0.1129 AUC 0.5000 Pre 0.0113 Rec 0.1000
2026-08-30 09:40:05 | Diag logvar_q_mean=-0.0000 logvar_q_clamp=0.0000
2026-08-30 09:40:09 | Epoch 180/400 | Train Loss 2.3097 Acc 0.1032 | Val Loss 2.3008 Acc 0.1129 AUC 0.5000 Pre 0.0113 Rec 0.1000
2026-08-30 09:40:09 | Diag logvar_q_mean=-0.0000 logvar_q_clamp=0.0000
2026-08-30 09:40:13 | Epoch 181/400 | Train Loss 2.3098 Acc 0.1030 | Val Loss 2.3008 Acc 0.1129 AUC 0.5000 Pre 0.0113 Rec 0.1000
2026-08-30 09:40:14 | Diag logvar_q_mean=-0.0000 logvar_q_clamp=0.0000
2026-08-30 09:40:18 | Epoch 182/400 | Train Loss 2.3102 Acc 0.1058 | Val Loss 2.3008 Acc 0.1129 AUC 0.5000 Pre 0.0113 Rec 0.1000
2026-08-30 09:40:18 | Diag logvar_q_mean=-0.0000 logvar_q_clamp=0.0000
2026-08-30 09:40:22 | Epoch 183/400 | Train Loss 2.3085 Acc 0.1053 | Val Loss 2.3008 Acc 0.1129 AUC 0.5000 Pre 0.0113 Rec 0.1000
2026-08-30 09:40:23 | Diag logvar_q_mean=0.0000 logvar_q_clamp=0.0000
2026-08-30 09:40:27 | Epoch 184/400 | Train Loss 2.3101 Acc 0.1035 | Val Loss 2.3008 Acc 0.1129 AUC 0.5000 Pre 0.0113 Rec 0.1000
2026-08-30 09:40:27 | Diag logvar_q_mean=-0.0000 logvar_q_clamp=0.0000
2026-08-30 09:40:31 | Epoch 185/400 | Train Loss 2.3091 Acc 0.1051 | Val Loss 2.3008 Acc 0.1129 AUC 0.5000 Pre 0.0113 Rec 0.1000
2026-08-30 09:40:32 | Diag logvar_q_mean=0.0000 logvar_q_clamp=0.0000
2026-08-30 09:40:36 | Epoch 186/400 | Train Loss 2.3098 Acc 0.1055 | Val Loss 2.3008 Acc 0.1129 AUC 0.5000 Pre 0.0113 Rec 0.1000
2026-08-30 09:40:36 | Diag logvar_q_mean=-0.0000 logvar_q_clamp=0.0000
2026-08-30 09:40:40 | Epoch 187/400 | Train Loss 2.3105 Acc 0.1018 | Val Loss 2.3008 Acc 0.1129 AUC 0.5000 Pre 0.0113 Rec 0.1000
2026-08-30 09:40:41 | Diag logvar_q_mean=0.0000 logvar_q_clamp=0.0000
2026-08-30 09:40:44 | Epoch 188/400 | Train Loss 2.3104 Acc 0.1000 | Val Loss 2.3008 Acc 0.1129 AUC 0.5000 Pre 0.0113 Rec 0.1000
2026-08-30 09:40:45 | Diag logvar_q_mean=-0.0000 logvar_q_clamp=0.0000
2026-08-30 09:40:49 | Epoch 189/400 | Train Loss 2.3092 Acc 0.1074 | Val Loss 2.3008 Acc 0.1129 AUC 0.5000 Pre 0.0113 Rec 0.1000
2026-08-30 09:40:49 | Diag logvar_q_mean=-0.0000 logvar_q_clamp=0.0000
2026-08-30 09:40:53 | Epoch 190/400 | Train Loss 2.3102 Acc 0.1026 | Val Loss 2.3008 Acc 0.1129 AUC 0.5000 Pre 0.0113 Rec 0.1000
2026-08-30 09:40:54 | Diag logvar_q_mean=-0.0000 logvar_q_clamp=0.0000
2026-08-30 09:40:58 | Epoch 191/400 | Train Loss 2.3094 Acc 0.1056 | Val Loss 2.3008 Acc 0.1129 AUC 0.5000 Pre 0.0113 Rec 0.1000
2026-08-30 09:40:58 | Diag logvar_q_mean=-0.0000 logvar_q_clamp=0.0000
2026-08-30 09:41:02 | Epoch 192/400 | Train Loss 2.3089 Acc 0.1053 | Val Loss 2.3008 Acc 0.1129 AUC 0.5000 Pre 0.0113 Rec 0.1000
2026-08-30 09:41:03 | Diag logvar_q_mean=0.0000 logvar_q_clamp=0.0000
2026-08-30 09:41:07 | Epoch 193/400 | Train Loss 2.3101 Acc 0.1017 | Val Loss 2.3008 Acc 0.1129 AUC 0.5000 Pre 0.0113 Rec 0.1000
2026-08-30 09:41:07 | Diag logvar_q_mean=0.0000 logvar_q_clamp=0.0000
2026-08-30 09:41:11 | Epoch 194/400 | Train Loss 2.3104 Acc 0.1015 | Val Loss 2.3008 Acc 0.1129 AUC 0.5000 Pre 0.0113 Rec 0.1000
2026-08-30 09:41:12 | Diag logvar_q_mean=-0.0000 logvar_q_clamp=0.0000
2026-08-30 09:41:16 | Epoch 195/400 | Train Loss 2.3093 Acc 0.1048 | Val Loss 2.3008 Acc 0.1129 AUC 0.5000 Pre 0.0113 Rec 0.1000
2026-08-30 09:41:16 | Diag logvar_q_mean=-0.0000 logvar_q_clamp=0.0000
2026-08-30 09:41:21 | Epoch 196/400 | Train Loss 2.3099 Acc 0.1038 | Val Loss 2.3008 Acc 0.1129 AUC 0.5000 Pre 0.0113 Rec 0.1000
2026-08-30 09:41:21 | Diag logvar_q_mean=-0.0000 logvar_q_clamp=0.0000
2026-08-30 09:41:25 | Epoch 197/400 | Train Loss 2.3092 Acc 0.1056 | Val Loss 2.3008 Acc 0.1129 AUC 0.5000 Pre 0.0113 Rec 0.1000
2026-08-30 09:41:26 | Diag logvar_q_mean=-0.0000 logvar_q_clamp=0.0000
2026-08-30 09:41:30 | Epoch 198/400 | Train Loss 2.3100 Acc 0.1028 | Val Loss 2.3008 Acc 0.1129 AUC 0.5000 Pre 0.0113 Rec 0.1000
2026-08-30 09:41:30 | Diag logvar_q_mean=-0.0000 logvar_q_clamp=0.0000
2026-08-30 09:41:34 | Epoch 199/400 | Train Loss 2.3100 Acc 0.1020 | Val Loss 2.3008 Acc 0.1129 AUC 0.5000 Pre 0.0113 Rec 0.1000
2026-08-30 09:41:35 | Diag logvar_q_mean=-0.0000 logvar_q_clamp=0.0000
2026-08-30 09:41:39 | Epoch 200/400 | Train Loss 2.3093 Acc 0.1021 | Val Loss 2.3008 Acc 0.1129 AUC 0.5000 Pre 0.0113 Rec 0.1000
2026-08-30 09:41:39 | Diag logvar_q_mean=-0.0000 logvar_q_clamp=0.0000
2026-08-30 09:41:43 | Epoch 201/400 | Train Loss 2.3096 Acc 0.1042 | Val Loss 2.3008 Acc 0.1129 AUC 0.5000 Pre 0.0113 Rec 0.1000
2026-08-30 09:41:44 | Diag logvar_q_mean=-0.0000 logvar_q_clamp=0.0000
2026-08-30 09:41:48 | Epoch 202/400 | Train Loss 2.3096 Acc 0.1044 | Val Loss 2.3007 Acc 0.1129 AUC 0.5000 Pre 0.0113 Rec 0.1000
2026-08-30 09:41:48 | Diag logvar_q_mean=0.0000 logvar_q_clamp=0.0000
2026-08-30 09:41:52 | Epoch 203/400 | Train Loss 2.3098 Acc 0.1043 | Val Loss 2.3008 Acc 0.1129 AUC 0.5000 Pre 0.0113 Rec 0.1000
2026-08-30 09:41:53 | Diag logvar_q_mean=0.0000 logvar_q_clamp=0.0000
2026-08-30 09:41:57 | Epoch 204/400 | Train Loss 2.3097 Acc 0.1040 | Val Loss 2.3008 Acc 0.1129 AUC 0.5000 Pre 0.0113 Rec 0.1000
2026-08-30 09:41:57 | Diag logvar_q_mean=-0.0000 logvar_q_clamp=0.0000
2026-08-30 09:42:01 | Epoch 205/400 | Train Loss 2.3099 Acc 0.1072 | Val Loss 2.3008 Acc 0.1129 AUC 0.5000 Pre 0.0113 Rec 0.1000
2026-08-30 09:42:02 | Diag logvar_q_mean=-0.0000 logvar_q_clamp=0.0000
2026-08-30 09:42:06 | Epoch 206/400 | Train Loss 2.3097 Acc 0.1076 | Val Loss 2.3008 Acc 0.1129 AUC 0.5000 Pre 0.0113 Rec 0.1000
2026-08-30 09:42:06 | Diag logvar_q_mean=-0.0000 logvar_q_clamp=0.0000
2026-08-30 09:42:10 | Epoch 207/400 | Train Loss 2.3103 Acc 0.1057 | Val Loss 2.3007 Acc 0.1129 AUC 0.5000 Pre 0.0113 Rec 0.1000
2026-08-30 09:42:11 | Diag logvar_q_mean=-0.0000 logvar_q_clamp=0.0000
2026-08-30 09:42:14 | Epoch 208/400 | Train Loss 2.3100 Acc 0.1028 | Val Loss 2.3008 Acc 0.1129 AUC 0.5000 Pre 0.0113 Rec 0.1000
2026-08-30 09:42:15 | Diag logvar_q_mean=-0.0000 logvar_q_clamp=0.0000
2026-08-30 09:42:19 | Epoch 209/400 | Train Loss 2.3091 Acc 0.1055 | Val Loss 2.3008 Acc 0.1129 AUC 0.5000 Pre 0.0113 Rec 0.1000
2026-08-30 09:42:19 | Diag logvar_q_mean=-0.0000 logvar_q_clamp=0.0000
2026-08-30 09:42:23 | Epoch 210/400 | Train Loss 2.3097 Acc 0.1049 | Val Loss 2.3008 Acc 0.1129 AUC 0.5000 Pre 0.0113 Rec 0.1000
2026-08-30 09:42:24 | Diag logvar_q_mean=0.0000 logvar_q_clamp=0.0000
2026-08-30 09:42:28 | Epoch 211/400 | Train Loss 2.3104 Acc 0.1015 | Val Loss 2.3008 Acc 0.1129 AUC 0.5000 Pre 0.0113 Rec 0.1000
2026-08-30 09:42:28 | Diag logvar_q_mean=-0.0000 logvar_q_clamp=0.0000
2026-08-30 09:42:32 | Epoch 212/400 | Train Loss 2.3097 Acc 0.1030 | Val Loss 2.3008 Acc 0.1129 AUC 0.5000 Pre 0.0113 Rec 0.1000
2026-08-30 09:42:33 | Diag logvar_q_mean=-0.0000 logvar_q_clamp=0.0000
2026-08-30 09:42:37 | Epoch 213/400 | Train Loss 2.3090 Acc 0.1056 | Val Loss 2.3007 Acc 0.1129 AUC 0.5000 Pre 0.0113 Rec 0.1000
2026-08-30 09:42:37 | Diag logvar_q_mean=-0.0000 logvar_q_clamp=0.0000
2026-08-30 09:42:41 | Epoch 214/400 | Train Loss 2.3099 Acc 0.1045 | Val Loss 2.3008 Acc 0.1129 AUC 0.5000 Pre 0.0113 Rec 0.1000
2026-08-30 09:42:42 | Diag logvar_q_mean=-0.0000 logvar_q_clamp=0.0000
2026-08-30 09:42:46 | Epoch 215/400 | Train Loss 2.3095 Acc 0.1047 | Val Loss 2.3008 Acc 0.1129 AUC 0.5000 Pre 0.0113 Rec 0.1000
2026-08-30 09:42:46 | Diag logvar_q_mean=-0.0000 logvar_q_clamp=0.0000
2026-08-30 09:42:50 | Epoch 216/400 | Train Loss 2.3094 Acc 0.1049 | Val Loss 2.3008 Acc 0.1129 AUC 0.5000 Pre 0.0113 Rec 0.1000
2026-08-30 09:42:51 | Diag logvar_q_mean=-0.0000 logvar_q_clamp=0.0000
2026-08-30 09:42:55 | Epoch 217/400 | Train Loss 2.3100 Acc 0.1047 | Val Loss 2.3008 Acc 0.1129 AUC 0.5000 Pre 0.0113 Rec 0.1000
2026-08-30 09:42:55 | Diag logvar_q_mean=0.0000 logvar_q_clamp=0.0000
2026-08-30 09:42:59 | Epoch 218/400 | Train Loss 2.3105 Acc 0.1034 | Val Loss 2.3008 Acc 0.1129 AUC 0.5000 Pre 0.0113 Rec 0.1000
2026-08-30 09:43:00 | Diag logvar_q_mean=-0.0000 logvar_q_clamp=0.0000
2026-08-30 09:43:04 | Epoch 219/400 | Train Loss 2.3100 Acc 0.1020 | Val Loss 2.3008 Acc 0.1129 AUC 0.5000 Pre 0.0113 Rec 0.1000
2026-08-30 09:43:04 | Diag logvar_q_mean=-0.0000 logvar_q_clamp=0.0000
2026-08-30 09:43:08 | Epoch 220/400 | Train Loss 2.3099 Acc 0.1024 | Val Loss 2.3008 Acc 0.1129 AUC 0.5000 Pre 0.0113 Rec 0.1000
2026-08-30 09:43:09 | Diag logvar_q_mean=-0.0000 logvar_q_clamp=0.0000
2026-08-30 09:43:13 | Epoch 221/400 | Train Loss 2.3098 Acc 0.1036 | Val Loss 2.3008 Acc 0.1129 AUC 0.5000 Pre 0.0113 Rec 0.1000
2026-08-30 09:43:13 | Diag logvar_q_mean=-0.0000 logvar_q_clamp=0.0000
2026-08-30 09:43:17 | Epoch 222/400 | Train Loss 2.3101 Acc 0.1024 | Val Loss 2.3008 Acc 0.1129 AUC 0.5000 Pre 0.0113 Rec 0.1000
2026-08-30 09:43:18 | Diag logvar_q_mean=0.0000 logvar_q_clamp=0.0000
2026-08-30 09:43:22 | Epoch 223/400 | Train Loss 2.3096 Acc 0.1050 | Val Loss 2.3008 Acc 0.1129 AUC 0.5000 Pre 0.0113 Rec 0.1000
2026-08-30 09:43:22 | Diag logvar_q_mean=-0.0000 logvar_q_clamp=0.0000
2026-08-30 09:43:26 | Epoch 224/400 | Train Loss 2.3094 Acc 0.1044 | Val Loss 2.3008 Acc 0.1129 AUC 0.5000 Pre 0.0113 Rec 0.1000
2026-08-30 09:43:27 | Diag logvar_q_mean=0.0000 logvar_q_clamp=0.0000
2026-08-30 09:43:31 | Epoch 225/400 | Train Loss 2.3096 Acc 0.1050 | Val Loss 2.3008 Acc 0.1129 AUC 0.5000 Pre 0.0113 Rec 0.1000
2026-08-30 09:43:31 | Diag logvar_q_mean=-0.0000 logvar_q_clamp=0.0000
2026-08-30 09:43:35 | Epoch 226/400 | Train Loss 2.3092 Acc 0.1076 | Val Loss 2.3008 Acc 0.1129 AUC 0.5000 Pre 0.0113 Rec 0.1000
2026-08-30 09:43:36 | Diag logvar_q_mean=-0.0000 logvar_q_clamp=0.0000
2026-08-30 09:43:40 | Epoch 227/400 | Train Loss 2.3100 Acc 0.1029 | Val Loss 2.3008 Acc 0.1129 AUC 0.5000 Pre 0.0113 Rec 0.1000
2026-08-30 09:43:40 | Diag logvar_q_mean=0.0000 logvar_q_clamp=0.0000
2026-08-30 09:43:44 | Epoch 228/400 | Train Loss 2.3099 Acc 0.1033 | Val Loss 2.3008 Acc 0.1129 AUC 0.5000 Pre 0.0113 Rec 0.1000
2026-08-30 09:43:45 | Diag logvar_q_mean=-0.0000 logvar_q_clamp=0.0000
2026-08-30 09:43:49 | Epoch 229/400 | Train Loss 2.3104 Acc 0.1027 | Val Loss 2.3008 Acc 0.1129 AUC 0.5000 Pre 0.0113 Rec 0.1000
2026-08-30 09:43:49 | Diag logvar_q_mean=-0.0000 logvar_q_clamp=0.0000
2026-08-30 09:43:53 | Epoch 230/400 | Train Loss 2.3093 Acc 0.1021 | Val Loss 2.3008 Acc 0.1129 AUC 0.5000 Pre 0.0113 Rec 0.1000
2026-08-30 09:43:54 | Diag logvar_q_mean=-0.0000 logvar_q_clamp=0.0000
2026-08-30 09:43:58 | Epoch 231/400 | Train Loss 2.3102 Acc 0.1038 | Val Loss 2.3008 Acc 0.1129 AUC 0.5000 Pre 0.0113 Rec 0.1000
2026-08-30 09:43:58 | Diag logvar_q_mean=-0.0000 logvar_q_clamp=0.0000
2026-08-30 09:44:02 | Epoch 232/400 | Train Loss 2.3109 Acc 0.1038 | Val Loss 2.3008 Acc 0.1129 AUC 0.5000 Pre 0.0113 Rec 0.1000
2026-08-30 09:44:03 | Diag logvar_q_mean=-0.0000 logvar_q_clamp=0.0000
2026-08-30 09:44:07 | Epoch 233/400 | Train Loss 2.3092 Acc 0.1027 | Val Loss 2.3008 Acc 0.1129 AUC 0.5000 Pre 0.0113 Rec 0.1000
2026-08-30 09:44:07 | Diag logvar_q_mean=-0.0000 logvar_q_clamp=0.0000
2026-08-30 09:44:11 | Epoch 234/400 | Train Loss 2.3096 Acc 0.1060 | Val Loss 2.3008 Acc 0.1129 AUC 0.5000 Pre 0.0113 Rec 0.1000
2026-08-30 09:44:12 | Diag logvar_q_mean=-0.0000 logvar_q_clamp=0.0000
2026-08-30 09:44:16 | Epoch 235/400 | Train Loss 2.3100 Acc 0.1024 | Val Loss 2.3008 Acc 0.1129 AUC 0.5000 Pre 0.0113 Rec 0.1000
2026-08-30 09:44:16 | Diag logvar_q_mean=-0.0000 logvar_q_clamp=0.0000
2026-08-30 09:44:20 | Epoch 236/400 | Train Loss 2.3100 Acc 0.1051 | Val Loss 2.3008 Acc 0.1129 AUC 0.5000 Pre 0.0113 Rec 0.1000
2026-08-30 09:44:21 | Diag logvar_q_mean=-0.0000 logvar_q_clamp=0.0000
2026-08-30 09:44:25 | Epoch 237/400 | Train Loss 2.3102 Acc 0.1048 | Val Loss 2.3008 Acc 0.1129 AUC 0.5000 Pre 0.0113 Rec 0.1000
2026-08-30 09:44:25 | Diag logvar_q_mean=-0.0000 logvar_q_clamp=0.0000
2026-08-30 09:44:29 | Epoch 238/400 | Train Loss 2.3097 Acc 0.1021 | Val Loss 2.3008 Acc 0.1129 AUC 0.5000 Pre 0.0113 Rec 0.1000
2026-08-30 09:44:30 | Diag logvar_q_mean=-0.0000 logvar_q_clamp=0.0000
2026-08-30 09:44:34 | Epoch 239/400 | Train Loss 2.3105 Acc 0.1052 | Val Loss 2.3008 Acc 0.1129 AUC 0.5000 Pre 0.0113 Rec 0.1000
2026-08-30 09:44:34 | Diag logvar_q_mean=-0.0000 logvar_q_clamp=0.0000
2026-08-30 09:44:38 | Epoch 240/400 | Train Loss 2.3100 Acc 0.1042 | Val Loss 2.3008 Acc 0.1129 AUC 0.5000 Pre 0.0113 Rec 0.1000
2026-08-30 09:44:39 | Diag logvar_q_mean=-0.0000 logvar_q_clamp=0.0000
2026-08-30 09:44:43 | Epoch 241/400 | Train Loss 2.3096 Acc 0.1024 | Val Loss 2.3008 Acc 0.1129 AUC 0.5000 Pre 0.0113 Rec 0.1000
2026-08-30 09:44:43 | Diag logvar_q_mean=0.0000 logvar_q_clamp=0.0000
2026-08-30 09:44:47 | Epoch 242/400 | Train Loss 2.3101 Acc 0.1020 | Val Loss 2.3008 Acc 0.1129 AUC 0.5000 Pre 0.0113 Rec 0.1000
2026-08-30 09:44:48 | Diag logvar_q_mean=-0.0000 logvar_q_clamp=0.0000
2026-08-30 09:44:52 | Epoch 243/400 | Train Loss 2.3103 Acc 0.1018 | Val Loss 2.3008 Acc 0.1129 AUC 0.5000 Pre 0.0113 Rec 0.1000
2026-08-30 09:44:52 | Diag logvar_q_mean=-0.0000 logvar_q_clamp=0.0000
2026-08-30 09:44:56 | Epoch 244/400 | Train Loss 2.3101 Acc 0.1013 | Val Loss 2.3008 Acc 0.1129 AUC 0.5000 Pre 0.0113 Rec 0.1000
2026-08-30 09:44:57 | Diag logvar_q_mean=-0.0000 logvar_q_clamp=0.0000
2026-08-30 09:45:01 | Epoch 245/400 | Train Loss 2.3093 Acc 0.1035 | Val Loss 2.3008 Acc 0.1129 AUC 0.5000 Pre 0.0113 Rec 0.1000
2026-08-30 09:45:01 | Diag logvar_q_mean=-0.0000 logvar_q_clamp=0.0000
2026-08-30 09:45:05 | Epoch 246/400 | Train Loss 2.3095 Acc 0.1053 | Val Loss 2.3008 Acc 0.1129 AUC 0.5000 Pre 0.0113 Rec 0.1000
2026-08-30 09:45:06 | Diag logvar_q_mean=0.0000 logvar_q_clamp=0.0000
2026-08-30 09:45:10 | Epoch 247/400 | Train Loss 2.3097 Acc 0.1047 | Val Loss 2.3008 Acc 0.1129 AUC 0.5000 Pre 0.0113 Rec 0.1000
2026-08-30 09:45:10 | Diag logvar_q_mean=-0.0000 logvar_q_clamp=0.0000
2026-08-30 09:45:14 | Epoch 248/400 | Train Loss 2.3099 Acc 0.1041 | Val Loss 2.3007 Acc 0.1129 AUC 0.5000 Pre 0.0113 Rec 0.1000
2026-08-30 09:45:15 | Diag logvar_q_mean=-0.0000 logvar_q_clamp=0.0000
2026-08-30 09:45:19 | Epoch 249/400 | Train Loss 2.3106 Acc 0.1041 | Val Loss 2.3008 Acc 0.1129 AUC 0.5000 Pre 0.0113 Rec 0.1000
2026-08-30 09:45:20 | Diag logvar_q_mean=-0.0000 logvar_q_clamp=0.0000
2026-08-30 09:45:24 | Epoch 250/400 | Train Loss 2.3103 Acc 0.1055 | Val Loss 2.3008 Acc 0.1129 AUC 0.5000 Pre 0.0113 Rec 0.1000
2026-08-30 09:45:24 | Diag logvar_q_mean=-0.0000 logvar_q_clamp=0.0000
2026-08-30 09:45:28 | Epoch 251/400 | Train Loss 2.3102 Acc 0.1015 | Val Loss 2.3008 Acc 0.1129 AUC 0.5000 Pre 0.0113 Rec 0.1000
2026-08-30 09:45:29 | Diag logvar_q_mean=-0.0000 logvar_q_clamp=0.0000
2026-08-30 09:45:33 | Epoch 252/400 | Train Loss 2.3094 Acc 0.1037 | Val Loss 2.3008 Acc 0.1129 AUC 0.5000 Pre 0.0113 Rec 0.1000
2026-08-30 09:45:33 | Diag logvar_q_mean=-0.0000 logvar_q_clamp=0.0000
2026-08-30 09:45:37 | Epoch 253/400 | Train Loss 2.3103 Acc 0.1030 | Val Loss 2.3008 Acc 0.1129 AUC 0.5000 Pre 0.0113 Rec 0.1000
2026-08-30 09:45:38 | Diag logvar_q_mean=-0.0000 logvar_q_clamp=0.0000
2026-08-30 09:45:42 | Epoch 254/400 | Train Loss 2.3102 Acc 0.1033 | Val Loss 2.3008 Acc 0.1129 AUC 0.5000 Pre 0.0113 Rec 0.1000
2026-08-30 09:45:42 | Diag logvar_q_mean=-0.0000 logvar_q_clamp=0.0000
2026-08-30 09:45:46 | Epoch 255/400 | Train Loss 2.3107 Acc 0.1005 | Val Loss 2.3008 Acc 0.1129 AUC 0.5000 Pre 0.0113 Rec 0.1000
2026-08-30 09:45:47 | Diag logvar_q_mean=0.0000 logvar_q_clamp=0.0000
2026-08-30 09:45:51 | Epoch 256/400 | Train Loss 2.3096 Acc 0.1015 | Val Loss 2.3008 Acc 0.1129 AUC 0.5000 Pre 0.0113 Rec 0.1000
2026-08-30 09:45:51 | Diag logvar_q_mean=-0.0000 logvar_q_clamp=0.0000
2026-08-30 09:45:55 | Epoch 257/400 | Train Loss 2.3097 Acc 0.1045 | Val Loss 2.3008 Acc 0.1129 AUC 0.5000 Pre 0.0113 Rec 0.1000
2026-08-30 09:45:56 | Diag logvar_q_mean=0.0000 logvar_q_clamp=0.0000
2026-08-30 09:46:00 | Epoch 258/400 | Train Loss 2.3096 Acc 0.1033 | Val Loss 2.3008 Acc 0.1129 AUC 0.5000 Pre 0.0113 Rec 0.1000
2026-08-30 09:46:00 | Diag logvar_q_mean=0.0000 logvar_q_clamp=0.0000
2026-08-30 09:46:04 | Epoch 259/400 | Train Loss 2.3105 Acc 0.1027 | Val Loss 2.3008 Acc 0.1129 AUC 0.5000 Pre 0.0113 Rec 0.1000
2026-08-30 09:46:05 | Diag logvar_q_mean=0.0000 logvar_q_clamp=0.0000
2026-08-30 09:46:09 | Epoch 260/400 | Train Loss 2.3101 Acc 0.1033 | Val Loss 2.3008 Acc 0.1129 AUC 0.5000 Pre 0.0113 Rec 0.1000
2026-08-30 09:46:09 | Diag logvar_q_mean=0.0000 logvar_q_clamp=0.0000
2026-08-30 09:46:13 | Epoch 261/400 | Train Loss 2.3101 Acc 0.1020 | Val Loss 2.3008 Acc 0.1129 AUC 0.5000 Pre 0.0113 Rec 0.1000
2026-08-30 09:46:14 | Diag logvar_q_mean=-0.0000 logvar_q_clamp=0.0000
2026-08-30 09:46:18 | Epoch 262/400 | Train Loss 2.3092 Acc 0.1052 | Val Loss 2.3008 Acc 0.1129 AUC 0.5000 Pre 0.0113 Rec 0.1000
2026-08-30 09:46:18 | Diag logvar_q_mean=-0.0000 logvar_q_clamp=0.0000
2026-08-30 09:46:22 | Epoch 263/400 | Train Loss 2.3089 Acc 0.1033 | Val Loss 2.3008 Acc 0.1129 AUC 0.5000 Pre 0.0113 Rec 0.1000
2026-08-30 09:46:23 | Diag logvar_q_mean=-0.0000 logvar_q_clamp=0.0000
2026-08-30 09:46:26 | Epoch 264/400 | Train Loss 2.3096 Acc 0.1063 | Val Loss 2.3008 Acc 0.1129 AUC 0.5000 Pre 0.0113 Rec 0.1000
2026-08-30 09:46:27 | Diag logvar_q_mean=-0.0000 logvar_q_clamp=0.0000
2026-08-30 09:46:31 | Epoch 265/400 | Train Loss 2.3101 Acc 0.1024 | Val Loss 2.3008 Acc 0.1129 AUC 0.5000 Pre 0.0113 Rec 0.1000
2026-08-30 09:46:32 | Diag logvar_q_mean=-0.0000 logvar_q_clamp=0.0000
2026-08-30 09:46:36 | Epoch 266/400 | Train Loss 2.3088 Acc 0.1040 | Val Loss 2.3008 Acc 0.1129 AUC 0.5000 Pre 0.0113 Rec 0.1000
2026-08-30 09:46:36 | Diag logvar_q_mean=0.0000 logvar_q_clamp=0.0000
2026-08-30 09:46:40 | Epoch 267/400 | Train Loss 2.3104 Acc 0.1017 | Val Loss 2.3008 Acc 0.1129 AUC 0.5000 Pre 0.0113 Rec 0.1000
2026-08-30 09:46:41 | Diag logvar_q_mean=-0.0000 logvar_q_clamp=0.0000
2026-08-30 09:46:45 | Epoch 268/400 | Train Loss 2.3096 Acc 0.1022 | Val Loss 2.3008 Acc 0.1129 AUC 0.5000 Pre 0.0113 Rec 0.1000
2026-08-30 09:46:45 | Diag logvar_q_mean=0.0000 logvar_q_clamp=0.0000
2026-08-30 09:46:49 | Epoch 269/400 | Train Loss 2.3103 Acc 0.1044 | Val Loss 2.3008 Acc 0.1129 AUC 0.5000 Pre 0.0113 Rec 0.1000
2026-08-30 09:46:50 | Diag logvar_q_mean=0.0000 logvar_q_clamp=0.0000
2026-08-30 09:46:54 | Epoch 270/400 | Train Loss 2.3101 Acc 0.1025 | Val Loss 2.3008 Acc 0.1129 AUC 0.5000 Pre 0.0113 Rec 0.1000
2026-08-30 09:46:54 | Diag logvar_q_mean=-0.0000 logvar_q_clamp=0.0000
2026-08-30 09:46:58 | Epoch 271/400 | Train Loss 2.3094 Acc 0.1060 | Val Loss 2.3008 Acc 0.1129 AUC 0.5000 Pre 0.0113 Rec 0.1000
2026-08-30 09:46:59 | Diag logvar_q_mean=-0.0000 logvar_q_clamp=0.0000
2026-08-30 09:47:03 | Epoch 272/400 | Train Loss 2.3102 Acc 0.1031 | Val Loss 2.3008 Acc 0.1129 AUC 0.5000 Pre 0.0113 Rec 0.1000
2026-08-30 09:47:04 | Diag logvar_q_mean=-0.0000 logvar_q_clamp=0.0000
2026-08-30 09:47:07 | Epoch 273/400 | Train Loss 2.3098 Acc 0.1042 | Val Loss 2.3008 Acc 0.1129 AUC 0.5000 Pre 0.0113 Rec 0.1000
2026-08-30 09:47:08 | Diag logvar_q_mean=0.0000 logvar_q_clamp=0.0000
2026-08-30 09:47:12 | Epoch 274/400 | Train Loss 2.3105 Acc 0.1055 | Val Loss 2.3008 Acc 0.1129 AUC 0.5000 Pre 0.0113 Rec 0.1000
2026-08-30 09:47:13 | Diag logvar_q_mean=-0.0000 logvar_q_clamp=0.0000
2026-08-30 09:47:17 | Epoch 275/400 | Train Loss 2.3096 Acc 0.1045 | Val Loss 2.3008 Acc 0.1129 AUC 0.5000 Pre 0.0113 Rec 0.1000
2026-08-30 09:47:17 | Diag logvar_q_mean=-0.0000 logvar_q_clamp=0.0000
2026-08-30 09:47:21 | Epoch 276/400 | Train Loss 2.3101 Acc 0.1018 | Val Loss 2.3008 Acc 0.1129 AUC 0.5000 Pre 0.0113 Rec 0.1000
2026-08-30 09:47:22 | Diag logvar_q_mean=0.0000 logvar_q_clamp=0.0000
2026-08-30 09:47:26 | Epoch 277/400 | Train Loss 2.3101 Acc 0.1032 | Val Loss 2.3008 Acc 0.1129 AUC 0.5000 Pre 0.0113 Rec 0.1000
2026-08-30 09:47:26 | Diag logvar_q_mean=-0.0000 logvar_q_clamp=0.0000
2026-08-30 09:47:30 | Epoch 278/400 | Train Loss 2.3095 Acc 0.1026 | Val Loss 2.3008 Acc 0.1129 AUC 0.5000 Pre 0.0113 Rec 0.1000
2026-08-30 09:47:31 | Diag logvar_q_mean=-0.0000 logvar_q_clamp=0.0000
2026-08-30 09:47:35 | Epoch 279/400 | Train Loss 2.3099 Acc 0.1031 | Val Loss 2.3008 Acc 0.1129 AUC 0.5000 Pre 0.0113 Rec 0.1000
2026-08-30 09:47:35 | Diag logvar_q_mean=-0.0000 logvar_q_clamp=0.0000
2026-08-30 09:47:39 | Epoch 280/400 | Train Loss 2.3097 Acc 0.1040 | Val Loss 2.3007 Acc 0.1129 AUC 0.5000 Pre 0.0113 Rec 0.1000
2026-08-30 09:47:40 | Diag logvar_q_mean=0.0000 logvar_q_clamp=0.0000
2026-08-30 09:47:43 | Epoch 281/400 | Train Loss 2.3102 Acc 0.1045 | Val Loss 2.3008 Acc 0.1129 AUC 0.5000 Pre 0.0113 Rec 0.1000
2026-08-30 09:47:44 | Diag logvar_q_mean=-0.0000 logvar_q_clamp=0.0000
2026-08-30 09:47:48 | Epoch 282/400 | Train Loss 2.3091 Acc 0.1045 | Val Loss 2.3007 Acc 0.1129 AUC 0.5000 Pre 0.0113 Rec 0.1000
2026-08-30 09:47:49 | Diag logvar_q_mean=-0.0000 logvar_q_clamp=0.0000
2026-08-30 09:47:53 | Epoch 283/400 | Train Loss 2.3105 Acc 0.1031 | Val Loss 2.3007 Acc 0.1129 AUC 0.5000 Pre 0.0113 Rec 0.1000
2026-08-30 09:47:53 | Diag logvar_q_mean=-0.0000 logvar_q_clamp=0.0000
2026-08-30 09:47:57 | Epoch 284/400 | Train Loss 2.3101 Acc 0.1021 | Val Loss 2.3008 Acc 0.1129 AUC 0.5000 Pre 0.0113 Rec 0.1000
2026-08-30 09:47:58 | Diag logvar_q_mean=-0.0000 logvar_q_clamp=0.0000
2026-08-30 09:48:01 | Epoch 285/400 | Train Loss 2.3102 Acc 0.1034 | Val Loss 2.3008 Acc 0.1129 AUC 0.5000 Pre 0.0113 Rec 0.1000
2026-08-30 09:48:02 | Diag logvar_q_mean=-0.0000 logvar_q_clamp=0.0000
2026-08-30 09:48:06 | Epoch 286/400 | Train Loss 2.3103 Acc 0.1001 | Val Loss 2.3008 Acc 0.1129 AUC 0.5000 Pre 0.0113 Rec 0.1000
2026-08-30 09:48:07 | Diag logvar_q_mean=-0.0000 logvar_q_clamp=0.0000
2026-08-30 09:48:10 | Epoch 287/400 | Train Loss 2.3093 Acc 0.1045 | Val Loss 2.3008 Acc 0.1129 AUC 0.5000 Pre 0.0113 Rec 0.1000
2026-08-30 09:48:11 | Diag logvar_q_mean=-0.0000 logvar_q_clamp=0.0000
2026-08-30 09:48:15 | Epoch 288/400 | Train Loss 2.3099 Acc 0.1056 | Val Loss 2.3008 Acc 0.1129 AUC 0.5000 Pre 0.0113 Rec 0.1000
2026-08-30 09:48:15 | Diag logvar_q_mean=-0.0000 logvar_q_clamp=0.0000
2026-08-30 09:48:19 | Epoch 289/400 | Train Loss 2.3094 Acc 0.1047 | Val Loss 2.3008 Acc 0.1129 AUC 0.5000 Pre 0.0113 Rec 0.1000
2026-08-30 09:48:20 | Diag logvar_q_mean=-0.0000 logvar_q_clamp=0.0000
2026-08-30 09:48:24 | Epoch 290/400 | Train Loss 2.3099 Acc 0.1002 | Val Loss 2.3008 Acc 0.1129 AUC 0.5000 Pre 0.0113 Rec 0.1000
2026-08-30 09:48:25 | Diag logvar_q_mean=-0.0000 logvar_q_clamp=0.0000
2026-08-30 09:48:28 | Epoch 291/400 | Train Loss 2.3098 Acc 0.1026 | Val Loss 2.3008 Acc 0.1129 AUC 0.5000 Pre 0.0113 Rec 0.1000
2026-08-30 09:48:29 | Diag logvar_q_mean=-0.0000 logvar_q_clamp=0.0000
2026-08-30 09:48:33 | Epoch 292/400 | Train Loss 2.3106 Acc 0.1041 | Val Loss 2.3008 Acc 0.1129 AUC 0.5000 Pre 0.0113 Rec 0.1000
2026-08-30 09:48:33 | Diag logvar_q_mean=-0.0000 logvar_q_clamp=0.0000
2026-08-30 09:48:37 | Epoch 293/400 | Train Loss 2.3103 Acc 0.1032 | Val Loss 2.3007 Acc 0.1129 AUC 0.5000 Pre 0.0113 Rec 0.1000
2026-08-30 09:48:38 | Diag logvar_q_mean=-0.0000 logvar_q_clamp=0.0000
2026-08-30 09:48:42 | Epoch 294/400 | Train Loss 2.3089 Acc 0.1034 | Val Loss 2.3008 Acc 0.1129 AUC 0.5000 Pre 0.0113 Rec 0.1000
2026-08-30 09:48:43 | Diag logvar_q_mean=-0.0000 logvar_q_clamp=0.0000
2026-08-30 09:48:47 | Epoch 295/400 | Train Loss 2.3097 Acc 0.1029 | Val Loss 2.3008 Acc 0.1129 AUC 0.5000 Pre 0.0113 Rec 0.1000
2026-08-30 09:48:47 | Diag logvar_q_mean=-0.0000 logvar_q_clamp=0.0000
2026-08-30 09:48:51 | Epoch 296/400 | Train Loss 2.3098 Acc 0.1039 | Val Loss 2.3008 Acc 0.1129 AUC 0.5000 Pre 0.0113 Rec 0.1000
2026-08-30 09:48:52 | Diag logvar_q_mean=-0.0000 logvar_q_clamp=0.0000
2026-08-30 09:48:56 | Epoch 297/400 | Train Loss 2.3101 Acc 0.1041 | Val Loss 2.3008 Acc 0.1129 AUC 0.5000 Pre 0.0113 Rec 0.1000
2026-08-30 09:48:56 | Diag logvar_q_mean=-0.0000 logvar_q_clamp=0.0000
2026-08-30 09:49:00 | Epoch 298/400 | Train Loss 2.3106 Acc 0.1038 | Val Loss 2.3008 Acc 0.1129 AUC 0.5000 Pre 0.0113 Rec 0.1000
2026-08-30 09:49:01 | Diag logvar_q_mean=-0.0000 logvar_q_clamp=0.0000
2026-08-30 09:49:05 | Epoch 299/400 | Train Loss 2.3094 Acc 0.1049 | Val Loss 2.3008 Acc 0.1129 AUC 0.5000 Pre 0.0113 Rec 0.1000
2026-08-30 09:49:05 | Diag logvar_q_mean=-0.0000 logvar_q_clamp=0.0000
2026-08-30 09:49:09 | Epoch 300/400 | Train Loss 2.3098 Acc 0.1035 | Val Loss 2.3008 Acc 0.1129 AUC 0.5000 Pre 0.0113 Rec 0.1000
2026-08-30 09:49:10 | Diag logvar_q_mean=-0.0000 logvar_q_clamp=0.0000
2026-08-30 09:49:14 | Epoch 301/400 | Train Loss 2.3099 Acc 0.1032 | Val Loss 2.3008 Acc 0.1129 AUC 0.5000 Pre 0.0113 Rec 0.1000
2026-08-30 09:49:14 | Diag logvar_q_mean=-0.0000 logvar_q_clamp=0.0000
2026-08-30 09:49:18 | Epoch 302/400 | Train Loss 2.3097 Acc 0.1048 | Val Loss 2.3008 Acc 0.1129 AUC 0.5000 Pre 0.0113 Rec 0.1000
2026-08-30 09:49:19 | Diag logvar_q_mean=0.0000 logvar_q_clamp=0.0000
2026-08-30 09:49:23 | Epoch 303/400 | Train Loss 2.3101 Acc 0.1040 | Val Loss 2.3008 Acc 0.1129 AUC 0.5000 Pre 0.0113 Rec 0.1000
2026-08-30 09:49:23 | Diag logvar_q_mean=-0.0000 logvar_q_clamp=0.0000
2026-08-30 09:49:27 | Epoch 304/400 | Train Loss 2.3097 Acc 0.1049 | Val Loss 2.3007 Acc 0.1129 AUC 0.5000 Pre 0.0113 Rec 0.1000
2026-08-30 09:49:28 | Diag logvar_q_mean=-0.0000 logvar_q_clamp=0.0000
2026-08-30 09:49:31 | Epoch 305/400 | Train Loss 2.3097 Acc 0.1039 | Val Loss 2.3008 Acc 0.1129 AUC 0.5000 Pre 0.0113 Rec 0.1000
2026-08-30 09:49:32 | Diag logvar_q_mean=-0.0000 logvar_q_clamp=0.0000
2026-08-30 09:49:36 | Epoch 306/400 | Train Loss 2.3095 Acc 0.1047 | Val Loss 2.3007 Acc 0.1129 AUC 0.5000 Pre 0.0113 Rec 0.1000
2026-08-30 09:49:37 | Diag logvar_q_mean=-0.0000 logvar_q_clamp=0.0000
2026-08-30 09:49:40 | Epoch 307/400 | Train Loss 2.3099 Acc 0.1039 | Val Loss 2.3008 Acc 0.1129 AUC 0.5000 Pre 0.0113 Rec 0.1000
2026-08-30 09:49:41 | Diag logvar_q_mean=-0.0000 logvar_q_clamp=0.0000
2026-08-30 09:49:45 | Epoch 308/400 | Train Loss 2.3094 Acc 0.1042 | Val Loss 2.3008 Acc 0.1129 AUC 0.5000 Pre 0.0113 Rec 0.1000
2026-08-30 09:49:45 | Diag logvar_q_mean=-0.0000 logvar_q_clamp=0.0000
2026-08-30 09:49:49 | Epoch 309/400 | Train Loss 2.3098 Acc 0.1031 | Val Loss 2.3008 Acc 0.1129 AUC 0.5000 Pre 0.0113 Rec 0.1000
2026-08-30 09:49:50 | Diag logvar_q_mean=-0.0000 logvar_q_clamp=0.0000
2026-08-30 09:49:54 | Epoch 310/400 | Train Loss 2.3103 Acc 0.1011 | Val Loss 2.3008 Acc 0.1129 AUC 0.5000 Pre 0.0113 Rec 0.1000
2026-08-30 09:49:55 | Diag logvar_q_mean=-0.0000 logvar_q_clamp=0.0000
2026-08-30 09:49:58 | Epoch 311/400 | Train Loss 2.3102 Acc 0.1047 | Val Loss 2.3008 Acc 0.1129 AUC 0.5000 Pre 0.0113 Rec 0.1000
2026-08-30 09:49:59 | Diag logvar_q_mean=-0.0000 logvar_q_clamp=0.0000
2026-08-30 09:50:03 | Epoch 312/400 | Train Loss 2.3095 Acc 0.1023 | Val Loss 2.3007 Acc 0.1129 AUC 0.5000 Pre 0.0113 Rec 0.1000
2026-08-30 09:50:03 | Diag logvar_q_mean=0.0000 logvar_q_clamp=0.0000
2026-08-30 09:50:07 | Epoch 313/400 | Train Loss 2.3099 Acc 0.1030 | Val Loss 2.3008 Acc 0.1129 AUC 0.5000 Pre 0.0113 Rec 0.1000
2026-08-30 09:50:08 | Diag logvar_q_mean=-0.0000 logvar_q_clamp=0.0000
2026-08-30 09:50:12 | Epoch 314/400 | Train Loss 2.3091 Acc 0.1050 | Val Loss 2.3008 Acc 0.1129 AUC 0.5000 Pre 0.0113 Rec 0.1000
2026-08-30 09:50:12 | Diag logvar_q_mean=-0.0000 logvar_q_clamp=0.0000
2026-08-30 09:50:16 | Epoch 315/400 | Train Loss 2.3097 Acc 0.1058 | Val Loss 2.3008 Acc 0.1129 AUC 0.5000 Pre 0.0113 Rec 0.1000
2026-08-30 09:50:17 | Diag logvar_q_mean=-0.0000 logvar_q_clamp=0.0000
2026-08-30 09:50:21 | Epoch 316/400 | Train Loss 2.3095 Acc 0.1036 | Val Loss 2.3008 Acc 0.1129 AUC 0.5000 Pre 0.0113 Rec 0.1000
2026-08-30 09:50:21 | Diag logvar_q_mean=-0.0000 logvar_q_clamp=0.0000
2026-08-30 09:50:25 | Epoch 317/400 | Train Loss 2.3096 Acc 0.1038 | Val Loss 2.3008 Acc 0.1129 AUC 0.5000 Pre 0.0113 Rec 0.1000
2026-08-30 09:50:26 | Diag logvar_q_mean=-0.0000 logvar_q_clamp=0.0000
2026-08-30 09:50:30 | Epoch 318/400 | Train Loss 2.3092 Acc 0.1047 | Val Loss 2.3008 Acc 0.1129 AUC 0.5000 Pre 0.0113 Rec 0.1000
2026-08-30 09:50:30 | Diag logvar_q_mean=-0.0000 logvar_q_clamp=0.0000
2026-08-30 09:50:34 | Epoch 319/400 | Train Loss 2.3108 Acc 0.1026 | Val Loss 2.3008 Acc 0.1129 AUC 0.5000 Pre 0.0113 Rec 0.1000
2026-08-30 09:50:35 | Diag logvar_q_mean=-0.0000 logvar_q_clamp=0.0000
2026-08-30 09:50:39 | Epoch 320/400 | Train Loss 2.3091 Acc 0.1057 | Val Loss 2.3008 Acc 0.1129 AUC 0.5000 Pre 0.0113 Rec 0.1000
2026-08-30 09:50:39 | Diag logvar_q_mean=-0.0000 logvar_q_clamp=0.0000
2026-08-30 09:50:43 | Epoch 321/400 | Train Loss 2.3099 Acc 0.1023 | Val Loss 2.3008 Acc 0.1129 AUC 0.5000 Pre 0.0113 Rec 0.1000
2026-08-30 09:50:44 | Diag logvar_q_mean=0.0000 logvar_q_clamp=0.0000
2026-08-30 09:50:48 | Epoch 322/400 | Train Loss 2.3105 Acc 0.1034 | Val Loss 2.3008 Acc 0.1129 AUC 0.5000 Pre 0.0113 Rec 0.1000
2026-08-30 09:50:49 | Diag logvar_q_mean=-0.0000 logvar_q_clamp=0.0000
2026-08-30 09:50:52 | Epoch 323/400 | Train Loss 2.3102 Acc 0.1041 | Val Loss 2.3008 Acc 0.1129 AUC 0.5000 Pre 0.0113 Rec 0.1000
2026-08-30 09:50:53 | Diag logvar_q_mean=0.0000 logvar_q_clamp=0.0000
2026-08-30 09:50:57 | Epoch 324/400 | Train Loss 2.3101 Acc 0.1041 | Val Loss 2.3008 Acc 0.1129 AUC 0.5000 Pre 0.0113 Rec 0.1000
2026-08-30 09:50:58 | Diag logvar_q_mean=-0.0000 logvar_q_clamp=0.0000
2026-08-30 09:51:02 | Epoch 325/400 | Train Loss 2.3092 Acc 0.1054 | Val Loss 2.3008 Acc 0.1129 AUC 0.5000 Pre 0.0113 Rec 0.1000
2026-08-30 09:51:02 | Diag logvar_q_mean=-0.0000 logvar_q_clamp=0.0000
2026-08-30 09:51:06 | Epoch 326/400 | Train Loss 2.3091 Acc 0.1043 | Val Loss 2.3008 Acc 0.1129 AUC 0.5000 Pre 0.0113 Rec 0.1000
2026-08-30 09:51:07 | Diag logvar_q_mean=-0.0000 logvar_q_clamp=0.0000
2026-08-30 09:51:11 | Epoch 327/400 | Train Loss 2.3099 Acc 0.1035 | Val Loss 2.3008 Acc 0.1129 AUC 0.5000 Pre 0.0113 Rec 0.1000
2026-08-30 09:51:11 | Diag logvar_q_mean=-0.0000 logvar_q_clamp=0.0000
2026-08-30 09:51:15 | Epoch 328/400 | Train Loss 2.3100 Acc 0.1037 | Val Loss 2.3008 Acc 0.1129 AUC 0.5000 Pre 0.0113 Rec 0.1000
2026-08-30 09:51:16 | Diag logvar_q_mean=0.0000 logvar_q_clamp=0.0000
2026-08-30 09:51:19 | Epoch 329/400 | Train Loss 2.3096 Acc 0.1045 | Val Loss 2.3008 Acc 0.1129 AUC 0.5000 Pre 0.0113 Rec 0.1000
2026-08-30 09:51:20 | Diag logvar_q_mean=-0.0000 logvar_q_clamp=0.0000
2026-08-30 09:51:24 | Epoch 330/400 | Train Loss 2.3100 Acc 0.1030 | Val Loss 2.3008 Acc 0.1129 AUC 0.5000 Pre 0.0113 Rec 0.1000
2026-08-30 09:51:25 | Diag logvar_q_mean=0.0000 logvar_q_clamp=0.0000
2026-08-30 09:51:28 | Epoch 331/400 | Train Loss 2.3090 Acc 0.1043 | Val Loss 2.3007 Acc 0.1129 AUC 0.5000 Pre 0.0113 Rec 0.1000
2026-08-30 09:51:29 | Diag logvar_q_mean=-0.0000 logvar_q_clamp=0.0000
2026-08-30 09:51:33 | Epoch 332/400 | Train Loss 2.3104 Acc 0.1015 | Val Loss 2.3008 Acc 0.1129 AUC 0.5000 Pre 0.0113 Rec 0.1000
2026-08-30 09:51:34 | Diag logvar_q_mean=-0.0000 logvar_q_clamp=0.0000
2026-08-30 09:51:37 | Epoch 333/400 | Train Loss 2.3096 Acc 0.1055 | Val Loss 2.3008 Acc 0.1129 AUC 0.5000 Pre 0.0113 Rec 0.1000
2026-08-30 09:51:38 | Diag logvar_q_mean=-0.0000 logvar_q_clamp=0.0000
2026-08-30 09:51:42 | Epoch 334/400 | Train Loss 2.3099 Acc 0.1023 | Val Loss 2.3008 Acc 0.1129 AUC 0.5000 Pre 0.0113 Rec 0.1000
2026-08-30 09:51:43 | Diag logvar_q_mean=-0.0000 logvar_q_clamp=0.0000
2026-08-30 09:51:46 | Epoch 335/400 | Train Loss 2.3095 Acc 0.1049 | Val Loss 2.3008 Acc 0.1129 AUC 0.5000 Pre 0.0113 Rec 0.1000
2026-08-30 09:51:47 | Diag logvar_q_mean=-0.0000 logvar_q_clamp=0.0000
2026-08-30 09:51:51 | Epoch 336/400 | Train Loss 2.3101 Acc 0.1022 | Val Loss 2.3008 Acc 0.1129 AUC 0.5000 Pre 0.0113 Rec 0.1000
2026-08-30 09:51:51 | Diag logvar_q_mean=0.0000 logvar_q_clamp=0.0000
2026-08-30 09:51:55 | Epoch 337/400 | Train Loss 2.3104 Acc 0.1034 | Val Loss 2.3008 Acc 0.1129 AUC 0.5000 Pre 0.0113 Rec 0.1000
2026-08-30 09:51:56 | Diag logvar_q_mean=0.0000 logvar_q_clamp=0.0000
2026-08-30 09:52:00 | Epoch 338/400 | Train Loss 2.3090 Acc 0.1042 | Val Loss 2.3008 Acc 0.1129 AUC 0.5000 Pre 0.0113 Rec 0.1000
2026-08-30 09:52:01 | Diag logvar_q_mean=-0.0000 logvar_q_clamp=0.0000
2026-08-30 09:52:04 | Epoch 339/400 | Train Loss 2.3097 Acc 0.1009 | Val Loss 2.3008 Acc 0.1129 AUC 0.5000 Pre 0.0113 Rec 0.1000
2026-08-30 09:52:05 | Diag logvar_q_mean=-0.0000 logvar_q_clamp=0.0000
2026-08-30 09:52:09 | Epoch 340/400 | Train Loss 2.3104 Acc 0.1044 | Val Loss 2.3008 Acc 0.1129 AUC 0.5000 Pre 0.0113 Rec 0.1000
2026-08-30 09:52:10 | Diag logvar_q_mean=-0.0000 logvar_q_clamp=0.0000
2026-08-30 09:52:13 | Epoch 341/400 | Train Loss 2.3096 Acc 0.1043 | Val Loss 2.3008 Acc 0.1129 AUC 0.5000 Pre 0.0113 Rec 0.1000
2026-08-30 09:52:14 | Diag logvar_q_mean=-0.0000 logvar_q_clamp=0.0000
2026-08-30 09:52:18 | Epoch 342/400 | Train Loss 2.3096 Acc 0.1049 | Val Loss 2.3008 Acc 0.1129 AUC 0.5000 Pre 0.0113 Rec 0.1000
2026-08-30 09:52:19 | Diag logvar_q_mean=-0.0000 logvar_q_clamp=0.0000
2026-08-30 09:52:23 | Epoch 343/400 | Train Loss 2.3098 Acc 0.1026 | Val Loss 2.3008 Acc 0.1129 AUC 0.5000 Pre 0.0113 Rec 0.1000
2026-08-30 09:52:23 | Diag logvar_q_mean=-0.0000 logvar_q_clamp=0.0000
2026-08-30 09:52:27 | Epoch 344/400 | Train Loss 2.3099 Acc 0.1043 | Val Loss 2.3008 Acc 0.1129 AUC 0.5000 Pre 0.0113 Rec 0.1000
2026-08-30 09:52:28 | Diag logvar_q_mean=-0.0000 logvar_q_clamp=0.0000
2026-08-30 09:52:32 | Epoch 345/400 | Train Loss 2.3094 Acc 0.1036 | Val Loss 2.3007 Acc 0.1129 AUC 0.5000 Pre 0.0113 Rec 0.1000
2026-08-30 09:52:32 | Diag logvar_q_mean=-0.0000 logvar_q_clamp=0.0000
2026-08-30 09:52:36 | Epoch 346/400 | Train Loss 2.3096 Acc 0.1022 | Val Loss 2.3008 Acc 0.1129 AUC 0.5000 Pre 0.0113 Rec 0.1000
2026-08-30 09:52:37 | Diag logvar_q_mean=-0.0000 logvar_q_clamp=0.0000
2026-08-30 09:52:40 | Epoch 347/400 | Train Loss 2.3089 Acc 0.1047 | Val Loss 2.3008 Acc 0.1129 AUC 0.5000 Pre 0.0113 Rec 0.1000
2026-08-30 09:52:41 | Diag logvar_q_mean=-0.0000 logvar_q_clamp=0.0000
2026-08-30 09:52:45 | Epoch 348/400 | Train Loss 2.3104 Acc 0.1024 | Val Loss 2.3008 Acc 0.1129 AUC 0.5000 Pre 0.0113 Rec 0.1000
2026-08-30 09:52:46 | Diag logvar_q_mean=-0.0000 logvar_q_clamp=0.0000
2026-08-30 09:52:49 | Epoch 349/400 | Train Loss 2.3100 Acc 0.1059 | Val Loss 2.3007 Acc 0.1129 AUC 0.5000 Pre 0.0113 Rec 0.1000
2026-08-30 09:52:50 | Diag logvar_q_mean=-0.0000 logvar_q_clamp=0.0000
2026-08-30 09:52:54 | Epoch 350/400 | Train Loss 2.3092 Acc 0.1035 | Val Loss 2.3008 Acc 0.1129 AUC 0.5000 Pre 0.0113 Rec 0.1000
2026-08-30 09:52:54 | Diag logvar_q_mean=-0.0000 logvar_q_clamp=0.0000
2026-08-30 09:52:58 | Epoch 351/400 | Train Loss 2.3103 Acc 0.1041 | Val Loss 2.3008 Acc 0.1129 AUC 0.5000 Pre 0.0113 Rec 0.1000
2026-08-30 09:52:59 | Diag logvar_q_mean=-0.0000 logvar_q_clamp=0.0000
2026-08-30 09:53:03 | Epoch 352/400 | Train Loss 2.3098 Acc 0.1046 | Val Loss 2.3008 Acc 0.1129 AUC 0.5000 Pre 0.0113 Rec 0.1000
2026-08-30 09:53:03 | Diag logvar_q_mean=-0.0000 logvar_q_clamp=0.0000
2026-08-30 09:53:07 | Epoch 353/400 | Train Loss 2.3097 Acc 0.1036 | Val Loss 2.3008 Acc 0.1129 AUC 0.5000 Pre 0.0113 Rec 0.1000
2026-08-30 09:53:08 | Diag logvar_q_mean=-0.0000 logvar_q_clamp=0.0000
2026-08-30 09:53:12 | Epoch 354/400 | Train Loss 2.3096 Acc 0.1035 | Val Loss 2.3008 Acc 0.1129 AUC 0.5000 Pre 0.0113 Rec 0.1000
2026-08-30 09:53:12 | Diag logvar_q_mean=-0.0000 logvar_q_clamp=0.0000
2026-08-30 09:53:16 | Epoch 355/400 | Train Loss 2.3097 Acc 0.1045 | Val Loss 2.3008 Acc 0.1129 AUC 0.5000 Pre 0.0113 Rec 0.1000
2026-08-30 09:53:17 | Diag logvar_q_mean=-0.0000 logvar_q_clamp=0.0000
2026-08-30 09:53:21 | Epoch 356/400 | Train Loss 2.3096 Acc 0.1037 | Val Loss 2.3007 Acc 0.1129 AUC 0.5000 Pre 0.0113 Rec 0.1000
2026-08-30 09:53:21 | Diag logvar_q_mean=-0.0000 logvar_q_clamp=0.0000
2026-08-30 09:53:25 | Epoch 357/400 | Train Loss 2.3110 Acc 0.1037 | Val Loss 2.3008 Acc 0.1129 AUC 0.5000 Pre 0.0113 Rec 0.1000
2026-08-30 09:53:26 | Diag logvar_q_mean=-0.0000 logvar_q_clamp=0.0000
2026-08-30 09:53:30 | Epoch 358/400 | Train Loss 2.3094 Acc 0.1065 | Val Loss 2.3008 Acc 0.1129 AUC 0.5000 Pre 0.0113 Rec 0.1000
2026-08-30 09:53:30 | Diag logvar_q_mean=-0.0000 logvar_q_clamp=0.0000
2026-08-30 09:53:34 | Epoch 359/400 | Train Loss 2.3099 Acc 0.1046 | Val Loss 2.3008 Acc 0.1129 AUC 0.5000 Pre 0.0113 Rec 0.1000
2026-08-30 09:53:35 | Diag logvar_q_mean=-0.0000 logvar_q_clamp=0.0000
2026-08-30 09:53:39 | Epoch 360/400 | Train Loss 2.3099 Acc 0.1033 | Val Loss 2.3008 Acc 0.1129 AUC 0.5000 Pre 0.0113 Rec 0.1000
2026-08-30 09:53:39 | Diag logvar_q_mean=-0.0000 logvar_q_clamp=0.0000
2026-08-30 09:53:43 | Epoch 361/400 | Train Loss 2.3106 Acc 0.1029 | Val Loss 2.3008 Acc 0.1129 AUC 0.5000 Pre 0.0113 Rec 0.1000
2026-08-30 09:53:44 | Diag logvar_q_mean=-0.0000 logvar_q_clamp=0.0000
2026-08-30 09:53:47 | Epoch 362/400 | Train Loss 2.3089 Acc 0.1053 | Val Loss 2.3008 Acc 0.1129 AUC 0.5000 Pre 0.0113 Rec 0.1000
2026-08-30 09:53:48 | Diag logvar_q_mean=-0.0000 logvar_q_clamp=0.0000
2026-08-30 09:53:52 | Epoch 363/400 | Train Loss 2.3094 Acc 0.1061 | Val Loss 2.3008 Acc 0.1129 AUC 0.5000 Pre 0.0113 Rec 0.1000
2026-08-30 09:53:52 | Diag logvar_q_mean=-0.0000 logvar_q_clamp=0.0000
2026-08-30 09:53:56 | Epoch 364/400 | Train Loss 2.3103 Acc 0.1029 | Val Loss 2.3008 Acc 0.1129 AUC 0.5000 Pre 0.0113 Rec 0.1000
2026-08-30 09:53:57 | Diag logvar_q_mean=0.0000 logvar_q_clamp=0.0000
2026-08-30 09:54:01 | Epoch 365/400 | Train Loss 2.3094 Acc 0.1058 | Val Loss 2.3008 Acc 0.1129 AUC 0.5000 Pre 0.0113 Rec 0.1000
2026-08-30 09:54:01 | Diag logvar_q_mean=-0.0000 logvar_q_clamp=0.0000
2026-08-30 09:54:05 | Epoch 366/400 | Train Loss 2.3099 Acc 0.1021 | Val Loss 2.3007 Acc 0.1129 AUC 0.5000 Pre 0.0113 Rec 0.1000
2026-08-30 09:54:06 | Diag logvar_q_mean=-0.0000 logvar_q_clamp=0.0000
2026-08-30 09:54:10 | Epoch 367/400 | Train Loss 2.3098 Acc 0.1036 | Val Loss 2.3008 Acc 0.1129 AUC 0.5000 Pre 0.0113 Rec 0.1000
2026-08-30 09:54:11 | Diag logvar_q_mean=0.0000 logvar_q_clamp=0.0000
2026-08-30 09:54:15 | Epoch 368/400 | Train Loss 2.3100 Acc 0.1037 | Val Loss 2.3008 Acc 0.1129 AUC 0.5000 Pre 0.0113 Rec 0.1000
2026-08-30 09:54:15 | Diag logvar_q_mean=-0.0000 logvar_q_clamp=0.0000
2026-08-30 09:54:19 | Epoch 369/400 | Train Loss 2.3085 Acc 0.1047 | Val Loss 2.3008 Acc 0.1129 AUC 0.5000 Pre 0.0113 Rec 0.1000
2026-08-30 09:54:20 | Diag logvar_q_mean=-0.0000 logvar_q_clamp=0.0000
2026-08-30 09:54:24 | Epoch 370/400 | Train Loss 2.3095 Acc 0.1043 | Val Loss 2.3008 Acc 0.1129 AUC 0.5000 Pre 0.0113 Rec 0.1000
2026-08-30 09:54:24 | Diag logvar_q_mean=-0.0000 logvar_q_clamp=0.0000
2026-08-30 09:54:28 | Epoch 371/400 | Train Loss 2.3089 Acc 0.1051 | Val Loss 2.3008 Acc 0.1129 AUC 0.5000 Pre 0.0113 Rec 0.1000
2026-08-30 09:54:29 | Diag logvar_q_mean=-0.0000 logvar_q_clamp=0.0000
2026-08-30 09:54:33 | Epoch 372/400 | Train Loss 2.3097 Acc 0.1033 | Val Loss 2.3008 Acc 0.1129 AUC 0.5000 Pre 0.0113 Rec 0.1000
2026-08-30 09:54:33 | Diag logvar_q_mean=-0.0000 logvar_q_clamp=0.0000
2026-08-30 09:54:37 | Epoch 373/400 | Train Loss 2.3101 Acc 0.1038 | Val Loss 2.3008 Acc 0.1129 AUC 0.5000 Pre 0.0113 Rec 0.1000
2026-08-30 09:54:38 | Diag logvar_q_mean=0.0000 logvar_q_clamp=0.0000
2026-08-30 09:54:42 | Epoch 374/400 | Train Loss 2.3097 Acc 0.1028 | Val Loss 2.3008 Acc 0.1129 AUC 0.5000 Pre 0.0113 Rec 0.1000
2026-08-30 09:54:42 | Diag logvar_q_mean=-0.0000 logvar_q_clamp=0.0000
2026-08-30 09:54:46 | Epoch 375/400 | Train Loss 2.3095 Acc 0.1045 | Val Loss 2.3008 Acc 0.1129 AUC 0.5000 Pre 0.0113 Rec 0.1000
2026-08-30 09:54:47 | Diag logvar_q_mean=-0.0000 logvar_q_clamp=0.0000
2026-08-30 09:54:51 | Epoch 376/400 | Train Loss 2.3105 Acc 0.1013 | Val Loss 2.3008 Acc 0.1129 AUC 0.5000 Pre 0.0113 Rec 0.1000
2026-08-30 09:54:51 | Diag logvar_q_mean=0.0000 logvar_q_clamp=0.0000
2026-08-30 09:54:55 | Epoch 377/400 | Train Loss 2.3099 Acc 0.1037 | Val Loss 2.3008 Acc 0.1129 AUC 0.5000 Pre 0.0113 Rec 0.1000
2026-08-30 09:54:56 | Diag logvar_q_mean=-0.0000 logvar_q_clamp=0.0000
2026-08-30 09:55:00 | Epoch 378/400 | Train Loss 2.3095 Acc 0.1035 | Val Loss 2.3007 Acc 0.1129 AUC 0.5000 Pre 0.0113 Rec 0.1000
2026-08-30 09:55:00 | Diag logvar_q_mean=-0.0000 logvar_q_clamp=0.0000
2026-08-30 09:55:04 | Epoch 379/400 | Train Loss 2.3083 Acc 0.1051 | Val Loss 2.3008 Acc 0.1129 AUC 0.5000 Pre 0.0113 Rec 0.1000
2026-08-30 09:55:05 | Diag logvar_q_mean=-0.0000 logvar_q_clamp=0.0000
2026-08-30 09:55:09 | Epoch 380/400 | Train Loss 2.3098 Acc 0.1038 | Val Loss 2.3008 Acc 0.1129 AUC 0.5000 Pre 0.0113 Rec 0.1000
2026-08-30 09:55:09 | Diag logvar_q_mean=-0.0000 logvar_q_clamp=0.0000
2026-08-30 09:55:13 | Epoch 381/400 | Train Loss 2.3097 Acc 0.1035 | Val Loss 2.3007 Acc 0.1129 AUC 0.5000 Pre 0.0113 Rec 0.1000
2026-08-30 09:55:14 | Diag logvar_q_mean=0.0000 logvar_q_clamp=0.0000
2026-08-30 09:55:18 | Epoch 382/400 | Train Loss 2.3103 Acc 0.1025 | Val Loss 2.3008 Acc 0.1129 AUC 0.5000 Pre 0.0113 Rec 0.1000
2026-08-30 09:55:18 | Diag logvar_q_mean=-0.0000 logvar_q_clamp=0.0000
2026-08-30 09:55:22 | Epoch 383/400 | Train Loss 2.3094 Acc 0.1046 | Val Loss 2.3008 Acc 0.1129 AUC 0.5000 Pre 0.0113 Rec 0.1000
2026-08-30 09:55:23 | Diag logvar_q_mean=-0.0000 logvar_q_clamp=0.0000
2026-08-30 09:55:27 | Epoch 384/400 | Train Loss 2.3105 Acc 0.1047 | Val Loss 2.3008 Acc 0.1129 AUC 0.5000 Pre 0.0113 Rec 0.1000
2026-08-30 09:55:27 | Diag logvar_q_mean=-0.0000 logvar_q_clamp=0.0000
2026-08-30 09:55:31 | Epoch 385/400 | Train Loss 2.3098 Acc 0.1056 | Val Loss 2.3008 Acc 0.1129 AUC 0.5000 Pre 0.0113 Rec 0.1000
2026-08-30 09:55:32 | Diag logvar_q_mean=-0.0000 logvar_q_clamp=0.0000
2026-08-30 09:55:35 | Epoch 386/400 | Train Loss 2.3102 Acc 0.1050 | Val Loss 2.3008 Acc 0.1129 AUC 0.5000 Pre 0.0113 Rec 0.1000
2026-08-30 09:55:36 | Diag logvar_q_mean=-0.0000 logvar_q_clamp=0.0000
2026-08-30 09:55:40 | Epoch 387/400 | Train Loss 2.3098 Acc 0.1039 | Val Loss 2.3008 Acc 0.1129 AUC 0.5000 Pre 0.0113 Rec 0.1000
2026-08-30 09:55:41 | Diag logvar_q_mean=-0.0000 logvar_q_clamp=0.0000
2026-08-30 09:55:44 | Epoch 388/400 | Train Loss 2.3096 Acc 0.1053 | Val Loss 2.3008 Acc 0.1129 AUC 0.5000 Pre 0.0113 Rec 0.1000
2026-08-30 09:55:45 | Diag logvar_q_mean=-0.0000 logvar_q_clamp=0.0000
2026-08-30 09:55:49 | Epoch 389/400 | Train Loss 2.3099 Acc 0.1038 | Val Loss 2.3008 Acc 0.1129 AUC 0.5000 Pre 0.0113 Rec 0.1000
2026-08-30 09:55:49 | Diag logvar_q_mean=-0.0000 logvar_q_clamp=0.0000
2026-08-30 09:55:53 | Epoch 390/400 | Train Loss 2.3098 Acc 0.1040 | Val Loss 2.3007 Acc 0.1129 AUC 0.5000 Pre 0.0113 Rec 0.1000
2026-08-30 09:55:54 | Diag logvar_q_mean=-0.0000 logvar_q_clamp=0.0000
2026-08-30 09:55:58 | Epoch 391/400 | Train Loss 2.3101 Acc 0.1024 | Val Loss 2.3008 Acc 0.1129 AUC 0.5000 Pre 0.0113 Rec 0.1000
2026-08-30 09:55:59 | Diag logvar_q_mean=-0.0000 logvar_q_clamp=0.0000
2026-08-30 09:56:02 | Epoch 392/400 | Train Loss 2.3098 Acc 0.1022 | Val Loss 2.3008 Acc 0.1129 AUC 0.5000 Pre 0.0113 Rec 0.1000
2026-08-30 09:56:03 | Diag logvar_q_mean=-0.0000 logvar_q_clamp=0.0000
2026-08-30 09:56:07 | Epoch 393/400 | Train Loss 2.3096 Acc 0.1046 | Val Loss 2.3008 Acc 0.1129 AUC 0.5000 Pre 0.0113 Rec 0.1000
2026-08-30 09:56:08 | Diag logvar_q_mean=-0.0000 logvar_q_clamp=0.0000
2026-08-30 09:56:12 | Epoch 394/400 | Train Loss 2.3091 Acc 0.1046 | Val Loss 2.3007 Acc 0.1129 AUC 0.5000 Pre 0.0113 Rec 0.1000
2026-08-30 09:56:12 | Diag logvar_q_mean=-0.0000 logvar_q_clamp=0.0000
2026-08-30 09:56:16 | Epoch 395/400 | Train Loss 2.3100 Acc 0.1057 | Val Loss 2.3007 Acc 0.1129 AUC 0.5000 Pre 0.0113 Rec 0.1000
2026-08-30 09:56:17 | Diag logvar_q_mean=-0.0000 logvar_q_clamp=0.0000
2026-08-30 09:56:21 | Epoch 396/400 | Train Loss 2.3100 Acc 0.1036 | Val Loss 2.3008 Acc 0.1129 AUC 0.5000 Pre 0.0113 Rec 0.1000
2026-08-30 09:56:21 | Diag logvar_q_mean=-0.0000 logvar_q_clamp=0.0000
2026-08-30 09:56:25 | Epoch 397/400 | Train Loss 2.3095 Acc 0.1052 | Val Loss 2.3008 Acc 0.1129 AUC 0.5000 Pre 0.0113 Rec 0.1000
2026-08-30 09:56:26 | Diag logvar_q_mean=0.0000 logvar_q_clamp=0.0000
2026-08-30 09:56:30 | Epoch 398/400 | Train Loss 2.3098 Acc 0.1055 | Val Loss 2.3008 Acc 0.1129 AUC 0.5000 Pre 0.0113 Rec 0.1000
2026-08-30 09:56:30 | Diag logvar_q_mean=-0.0000 logvar_q_clamp=0.0000
2026-08-30 09:56:34 | Epoch 399/400 | Train Loss 2.3098 Acc 0.1030 | Val Loss 2.3008 Acc 0.1129 AUC 0.5000 Pre 0.0113 Rec 0.1000
2026-08-30 09:56:35 | Diag logvar_q_mean=0.0000 logvar_q_clamp=0.0000
2026-08-30 09:56:39 | Epoch 400/400 | Train Loss 2.3099 Acc 0.1024 | Val Loss 2.3008 Acc 0.1129 AUC 0.5000 Pre 0.0113 Rec 0.1000
2026-08-30 09:56:39 | Diag logvar_q_mean=-0.0000 logvar_q_clamp=0.0000
2026-08-30 09:56:40 | Run 1/5 | Test (best model @ Epoch 4) | Loss 2.3011 Acc 0.1135 AUC 0.6075 Pre 0.0114 Rec 0.1000
2026-08-30 09:56:40 | ===== Run 2/5 (seed 1) =====
2026-08-30 09:56:44 | Epoch   1/400 | Train Loss 2.9745 Acc 0.0990 | Val Loss 2.3062 Acc 0.1129 AUC 0.5623 Pre 0.0113 Rec 0.1000
2026-08-30 09:56:44 | Diag logvar_q_mean=-0.0000 logvar_q_clamp=0.0000
2026-08-30 09:56:44 |   Val AUC improved to 0.5623, model saved
2026-08-30 09:56:48 | Epoch   2/400 | Train Loss 2.3386 Acc 0.1012 | Val Loss 2.3021 Acc 0.1129 AUC 0.5570 Pre 0.0113 Rec 0.1000
2026-08-30 09:56:49 | Diag logvar_q_mean=-0.0000 logvar_q_clamp=0.0000
2026-08-30 09:56:53 | Epoch   3/400 | Train Loss 2.3172 Acc 0.1026 | Val Loss 2.3011 Acc 0.1129 AUC 0.6016 Pre 0.0113 Rec 0.1000
2026-08-30 09:56:53 | Diag logvar_q_mean=-0.0000 logvar_q_clamp=0.0000
2026-08-30 09:56:53 |   Val AUC improved to 0.6016, model saved
2026-08-30 09:56:57 | Epoch   4/400 | Train Loss 2.3125 Acc 0.1013 | Val Loss 2.3009 Acc 0.1129 AUC 0.6239 Pre 0.0113 Rec 0.1000
2026-08-30 09:56:58 | Diag logvar_q_mean=-0.0000 logvar_q_clamp=0.0000
2026-08-30 09:56:58 |   Val AUC improved to 0.6239, model saved
2026-08-30 09:57:02 | Epoch   5/400 | Train Loss 2.3102 Acc 0.1027 | Val Loss 2.3008 Acc 0.1129 AUC 0.6059 Pre 0.0113 Rec 0.1000
2026-08-30 09:57:02 | Diag logvar_q_mean=-0.0000 logvar_q_clamp=0.0000
2026-08-30 09:57:06 | Epoch   6/400 | Train Loss 2.3098 Acc 0.1033 | Val Loss 2.3008 Acc 0.1129 AUC 0.5909 Pre 0.0113 Rec 0.1000
2026-08-30 09:57:07 | Diag logvar_q_mean=-0.0000 logvar_q_clamp=0.0000
2026-08-30 09:57:11 | Epoch   7/400 | Train Loss 2.3097 Acc 0.1037 | Val Loss 2.3007 Acc 0.1129 AUC 0.5011 Pre 0.0113 Rec 0.1000
2026-08-30 09:57:11 | Diag logvar_q_mean=-0.0000 logvar_q_clamp=0.0000
2026-08-30 09:57:15 | Epoch   8/400 | Train Loss 2.3097 Acc 0.1043 | Val Loss 2.3007 Acc 0.1129 AUC 0.4997 Pre 0.0113 Rec 0.1000
2026-08-30 09:57:16 | Diag logvar_q_mean=-0.0000 logvar_q_clamp=0.0000
2026-08-30 09:57:20 | Epoch   9/400 | Train Loss 2.3090 Acc 0.1044 | Val Loss 2.3008 Acc 0.1129 AUC 0.5002 Pre 0.0113 Rec 0.1000
2026-08-30 09:57:20 | Diag logvar_q_mean=-0.0000 logvar_q_clamp=0.0000
2026-08-30 09:57:24 | Epoch  10/400 | Train Loss 2.3096 Acc 0.1049 | Val Loss 2.3008 Acc 0.1129 AUC 0.4996 Pre 0.0113 Rec 0.1000
2026-08-30 09:57:25 | Diag logvar_q_mean=-0.0000 logvar_q_clamp=0.0000
2026-08-30 09:57:29 | Epoch  11/400 | Train Loss 2.3094 Acc 0.1007 | Val Loss 2.3008 Acc 0.1129 AUC 0.5001 Pre 0.0113 Rec 0.1000
2026-08-30 09:57:29 | Diag logvar_q_mean=-0.0000 logvar_q_clamp=0.0000
2026-08-30 09:57:33 | Epoch  12/400 | Train Loss 2.3096 Acc 0.1034 | Val Loss 2.3008 Acc 0.1129 AUC 0.5002 Pre 0.0113 Rec 0.1000
2026-08-30 09:57:34 | Diag logvar_q_mean=-0.0000 logvar_q_clamp=0.0000
2026-08-30 09:57:38 | Epoch  13/400 | Train Loss 2.3095 Acc 0.1040 | Val Loss 2.3007 Acc 0.1129 AUC 0.5001 Pre 0.0113 Rec 0.1000
2026-08-30 09:57:38 | Diag logvar_q_mean=-0.0000 logvar_q_clamp=0.0000
2026-08-30 09:57:42 | Epoch  14/400 | Train Loss 2.3098 Acc 0.1028 | Val Loss 2.3008 Acc 0.1129 AUC 0.5001 Pre 0.0113 Rec 0.1000
2026-08-30 09:57:43 | Diag logvar_q_mean=-0.0000 logvar_q_clamp=0.0000
2026-08-30 09:57:47 | Epoch  15/400 | Train Loss 2.3098 Acc 0.1036 | Val Loss 2.3008 Acc 0.1129 AUC 0.5000 Pre 0.0113 Rec 0.1000
2026-08-30 09:57:47 | Diag logvar_q_mean=-0.0000 logvar_q_clamp=0.0000
2026-08-30 09:57:51 | Epoch  16/400 | Train Loss 2.3101 Acc 0.1026 | Val Loss 2.3008 Acc 0.1129 AUC 0.5000 Pre 0.0113 Rec 0.1000
2026-08-30 09:57:52 | Diag logvar_q_mean=-0.0000 logvar_q_clamp=0.0000
2026-08-30 09:57:56 | Epoch  17/400 | Train Loss 2.3105 Acc 0.1027 | Val Loss 2.3008 Acc 0.1129 AUC 0.5000 Pre 0.0113 Rec 0.1000
2026-08-30 09:57:56 | Diag logvar_q_mean=-0.0000 logvar_q_clamp=0.0000
2026-08-30 09:58:00 | Epoch  18/400 | Train Loss 2.3099 Acc 0.1045 | Val Loss 2.3008 Acc 0.1129 AUC 0.5000 Pre 0.0113 Rec 0.1000
2026-08-30 09:58:01 | Diag logvar_q_mean=-0.0000 logvar_q_clamp=0.0000
2026-08-30 09:58:05 | Epoch  19/400 | Train Loss 2.3099 Acc 0.1024 | Val Loss 2.3008 Acc 0.1129 AUC 0.5000 Pre 0.0113 Rec 0.1000
2026-08-30 09:58:06 | Diag logvar_q_mean=-0.0000 logvar_q_clamp=0.0000
2026-08-30 09:58:10 | Epoch  20/400 | Train Loss 2.3094 Acc 0.1044 | Val Loss 2.3008 Acc 0.1129 AUC 0.5000 Pre 0.0113 Rec 0.1000
2026-08-30 09:58:10 | Diag logvar_q_mean=-0.0000 logvar_q_clamp=0.0000
2026-08-30 09:58:14 | Epoch  21/400 | Train Loss 2.3101 Acc 0.1017 | Val Loss 2.3008 Acc 0.1129 AUC 0.5000 Pre 0.0113 Rec 0.1000
2026-08-30 09:58:15 | Diag logvar_q_mean=-0.0000 logvar_q_clamp=0.0000
2026-08-30 09:58:19 | Epoch  22/400 | Train Loss 2.3102 Acc 0.1016 | Val Loss 2.3008 Acc 0.1129 AUC 0.5000 Pre 0.0113 Rec 0.1000
2026-08-30 09:58:19 | Diag logvar_q_mean=-0.0000 logvar_q_clamp=0.0000
2026-08-30 09:58:23 | Epoch  23/400 | Train Loss 2.3093 Acc 0.1047 | Val Loss 2.3008 Acc 0.1129 AUC 0.5000 Pre 0.0113 Rec 0.1000
2026-08-30 09:58:24 | Diag logvar_q_mean=-0.0000 logvar_q_clamp=0.0000
2026-08-30 09:58:28 | Epoch  24/400 | Train Loss 2.3105 Acc 0.1023 | Val Loss 2.3007 Acc 0.1129 AUC 0.5000 Pre 0.0113 Rec 0.1000
2026-08-30 09:58:28 | Diag logvar_q_mean=-0.0000 logvar_q_clamp=0.0000
2026-08-30 09:58:32 | Epoch  25/400 | Train Loss 2.3100 Acc 0.1029 | Val Loss 2.3008 Acc 0.1129 AUC 0.5000 Pre 0.0113 Rec 0.1000
2026-08-30 09:58:33 | Diag logvar_q_mean=-0.0000 logvar_q_clamp=0.0000
2026-08-30 09:58:37 | Epoch  26/400 | Train Loss 2.3101 Acc 0.1030 | Val Loss 2.3007 Acc 0.1129 AUC 0.5000 Pre 0.0113 Rec 0.1000
2026-08-30 09:58:37 | Diag logvar_q_mean=-0.0000 logvar_q_clamp=0.0000
2026-08-30 09:58:41 | Epoch  27/400 | Train Loss 2.3094 Acc 0.1040 | Val Loss 2.3007 Acc 0.1129 AUC 0.5000 Pre 0.0113 Rec 0.1000
2026-08-30 09:58:42 | Diag logvar_q_mean=-0.0000 logvar_q_clamp=0.0000
2026-08-30 09:58:46 | Epoch  28/400 | Train Loss 2.3099 Acc 0.1023 | Val Loss 2.3007 Acc 0.1129 AUC 0.5000 Pre 0.0113 Rec 0.1000
2026-08-30 09:58:46 | Diag logvar_q_mean=-0.0000 logvar_q_clamp=0.0000
2026-08-30 09:58:50 | Epoch  29/400 | Train Loss 2.3100 Acc 0.1049 | Val Loss 2.3008 Acc 0.1129 AUC 0.5000 Pre 0.0113 Rec 0.1000
2026-08-30 09:58:51 | Diag logvar_q_mean=-0.0000 logvar_q_clamp=0.0000
2026-08-30 09:58:55 | Epoch  30/400 | Train Loss 2.3093 Acc 0.1037 | Val Loss 2.3008 Acc 0.1129 AUC 0.5000 Pre 0.0113 Rec 0.1000
2026-08-30 09:58:55 | Diag logvar_q_mean=-0.0000 logvar_q_clamp=0.0000
2026-08-30 09:58:59 | Epoch  31/400 | Train Loss 2.3099 Acc 0.1037 | Val Loss 2.3008 Acc 0.1129 AUC 0.5000 Pre 0.0113 Rec 0.1000
2026-08-30 09:59:00 | Diag logvar_q_mean=-0.0000 logvar_q_clamp=0.0000
2026-08-30 09:59:04 | Epoch  32/400 | Train Loss 2.3101 Acc 0.1045 | Val Loss 2.3008 Acc 0.1129 AUC 0.5000 Pre 0.0113 Rec 0.1000
2026-08-30 09:59:04 | Diag logvar_q_mean=-0.0000 logvar_q_clamp=0.0000
2026-08-30 09:59:08 | Epoch  33/400 | Train Loss 2.3098 Acc 0.1040 | Val Loss 2.3008 Acc 0.1129 AUC 0.5000 Pre 0.0113 Rec 0.1000
2026-08-30 09:59:09 | Diag logvar_q_mean=0.0000 logvar_q_clamp=0.0000
2026-08-30 09:59:13 | Epoch  34/400 | Train Loss 2.3091 Acc 0.1050 | Val Loss 2.3008 Acc 0.1129 AUC 0.5000 Pre 0.0113 Rec 0.1000
2026-08-30 09:59:13 | Diag logvar_q_mean=-0.0000 logvar_q_clamp=0.0000
2026-08-30 09:59:17 | Epoch  35/400 | Train Loss 2.3099 Acc 0.1040 | Val Loss 2.3008 Acc 0.1129 AUC 0.5000 Pre 0.0113 Rec 0.1000
2026-08-30 09:59:18 | Diag logvar_q_mean=-0.0000 logvar_q_clamp=0.0000
2026-08-30 09:59:21 | Epoch  36/400 | Train Loss 2.3099 Acc 0.1033 | Val Loss 2.3008 Acc 0.1129 AUC 0.5000 Pre 0.0113 Rec 0.1000
2026-08-30 09:59:22 | Diag logvar_q_mean=0.0000 logvar_q_clamp=0.0000
2026-08-30 09:59:26 | Epoch  37/400 | Train Loss 2.3097 Acc 0.1014 | Val Loss 2.3008 Acc 0.1129 AUC 0.5000 Pre 0.0113 Rec 0.1000
2026-08-30 09:59:26 | Diag logvar_q_mean=-0.0000 logvar_q_clamp=0.0000
2026-08-30 09:59:30 | Epoch  38/400 | Train Loss 2.3101 Acc 0.1007 | Val Loss 2.3008 Acc 0.1129 AUC 0.5000 Pre 0.0113 Rec 0.1000
2026-08-30 09:59:31 | Diag logvar_q_mean=-0.0000 logvar_q_clamp=0.0000
2026-08-30 09:59:35 | Epoch  39/400 | Train Loss 2.3097 Acc 0.1028 | Val Loss 2.3008 Acc 0.1129 AUC 0.5000 Pre 0.0113 Rec 0.1000
2026-08-30 09:59:36 | Diag logvar_q_mean=-0.0000 logvar_q_clamp=0.0000
2026-08-30 09:59:40 | Epoch  40/400 | Train Loss 2.3099 Acc 0.1046 | Val Loss 2.3008 Acc 0.1129 AUC 0.5000 Pre 0.0113 Rec 0.1000
2026-08-30 09:59:40 | Diag logvar_q_mean=-0.0000 logvar_q_clamp=0.0000
2026-08-30 09:59:44 | Epoch  41/400 | Train Loss 2.3096 Acc 0.1026 | Val Loss 2.3008 Acc 0.1129 AUC 0.5000 Pre 0.0113 Rec 0.1000
2026-08-30 09:59:45 | Diag logvar_q_mean=0.0000 logvar_q_clamp=0.0000
2026-08-30 09:59:49 | Epoch  42/400 | Train Loss 2.3102 Acc 0.1047 | Val Loss 2.3008 Acc 0.1129 AUC 0.5000 Pre 0.0113 Rec 0.1000
2026-08-30 09:59:49 | Diag logvar_q_mean=-0.0000 logvar_q_clamp=0.0000
2026-08-30 09:59:53 | Epoch  43/400 | Train Loss 2.3098 Acc 0.1037 | Val Loss 2.3008 Acc 0.1129 AUC 0.5000 Pre 0.0113 Rec 0.1000
2026-08-30 09:59:54 | Diag logvar_q_mean=-0.0000 logvar_q_clamp=0.0000
2026-08-30 09:59:58 | Epoch  44/400 | Train Loss 2.3105 Acc 0.1031 | Val Loss 2.3008 Acc 0.1129 AUC 0.5000 Pre 0.0113 Rec 0.1000
2026-08-30 09:59:58 | Diag logvar_q_mean=-0.0000 logvar_q_clamp=0.0000
2026-08-30 10:00:02 | Epoch  45/400 | Train Loss 2.3089 Acc 0.1050 | Val Loss 2.3008 Acc 0.1129 AUC 0.5000 Pre 0.0113 Rec 0.1000
2026-08-30 10:00:03 | Diag logvar_q_mean=-0.0000 logvar_q_clamp=0.0000
2026-08-30 10:00:07 | Epoch  46/400 | Train Loss 2.3098 Acc 0.1041 | Val Loss 2.3007 Acc 0.1129 AUC 0.5000 Pre 0.0113 Rec 0.1000
2026-08-30 10:00:07 | Diag logvar_q_mean=-0.0000 logvar_q_clamp=0.0000
2026-08-30 10:00:11 | Epoch  47/400 | Train Loss 2.3107 Acc 0.1020 | Val Loss 2.3008 Acc 0.1129 AUC 0.5000 Pre 0.0113 Rec 0.1000
2026-08-30 10:00:12 | Diag logvar_q_mean=-0.0000 logvar_q_clamp=0.0000
2026-08-30 10:00:16 | Epoch  48/400 | Train Loss 2.3095 Acc 0.1027 | Val Loss 2.3008 Acc 0.1129 AUC 0.5000 Pre 0.0113 Rec 0.1000
2026-08-30 10:00:17 | Diag logvar_q_mean=-0.0000 logvar_q_clamp=0.0000
2026-08-30 10:00:20 | Epoch  49/400 | Train Loss 2.3096 Acc 0.1039 | Val Loss 2.3008 Acc 0.1129 AUC 0.5000 Pre 0.0113 Rec 0.1000
2026-08-30 10:00:21 | Diag logvar_q_mean=-0.0000 logvar_q_clamp=0.0000
2026-08-30 10:00:25 | Epoch  50/400 | Train Loss 2.3093 Acc 0.1045 | Val Loss 2.3008 Acc 0.1129 AUC 0.5000 Pre 0.0113 Rec 0.1000
2026-08-30 10:00:25 | Diag logvar_q_mean=0.0000 logvar_q_clamp=0.0000
2026-08-30 10:00:29 | Epoch  51/400 | Train Loss 2.3096 Acc 0.1022 | Val Loss 2.3008 Acc 0.1129 AUC 0.5000 Pre 0.0113 Rec 0.1000
2026-08-30 10:00:30 | Diag logvar_q_mean=-0.0000 logvar_q_clamp=0.0000
2026-08-30 10:00:34 | Epoch  52/400 | Train Loss 2.3094 Acc 0.1064 | Val Loss 2.3008 Acc 0.1129 AUC 0.5000 Pre 0.0113 Rec 0.1000
2026-08-30 10:00:34 | Diag logvar_q_mean=-0.0000 logvar_q_clamp=0.0000
2026-08-30 10:00:38 | Epoch  53/400 | Train Loss 2.3100 Acc 0.1048 | Val Loss 2.3008 Acc 0.1129 AUC 0.5000 Pre 0.0113 Rec 0.1000
2026-08-30 10:00:39 | Diag logvar_q_mean=-0.0000 logvar_q_clamp=0.0000
2026-08-30 10:00:43 | Epoch  54/400 | Train Loss 2.3113 Acc 0.1025 | Val Loss 2.3007 Acc 0.1129 AUC 0.5000 Pre 0.0113 Rec 0.1000
2026-08-30 10:00:44 | Diag logvar_q_mean=-0.0000 logvar_q_clamp=0.0000
2026-08-30 10:00:47 | Epoch  55/400 | Train Loss 2.3091 Acc 0.1042 | Val Loss 2.3008 Acc 0.1129 AUC 0.5000 Pre 0.0113 Rec 0.1000
2026-08-30 10:00:48 | Diag logvar_q_mean=0.0000 logvar_q_clamp=0.0000
2026-08-30 10:00:52 | Epoch  56/400 | Train Loss 2.3095 Acc 0.1050 | Val Loss 2.3007 Acc 0.1129 AUC 0.5000 Pre 0.0113 Rec 0.1000
2026-08-30 10:00:53 | Diag logvar_q_mean=-0.0000 logvar_q_clamp=0.0000
2026-08-30 10:00:56 | Epoch  57/400 | Train Loss 2.3098 Acc 0.1032 | Val Loss 2.3007 Acc 0.1129 AUC 0.5000 Pre 0.0113 Rec 0.1000
2026-08-30 10:00:57 | Diag logvar_q_mean=-0.0000 logvar_q_clamp=0.0000
2026-08-30 10:01:01 | Epoch  58/400 | Train Loss 2.3099 Acc 0.1038 | Val Loss 2.3007 Acc 0.1129 AUC 0.5000 Pre 0.0113 Rec 0.1000
2026-08-30 10:01:02 | Diag logvar_q_mean=-0.0000 logvar_q_clamp=0.0000
2026-08-30 10:01:05 | Epoch  59/400 | Train Loss 2.3099 Acc 0.1036 | Val Loss 2.3007 Acc 0.1129 AUC 0.5000 Pre 0.0113 Rec 0.1000
2026-08-30 10:01:06 | Diag logvar_q_mean=-0.0000 logvar_q_clamp=0.0000
2026-08-30 10:01:10 | Epoch  60/400 | Train Loss 2.3090 Acc 0.1047 | Val Loss 2.3007 Acc 0.1129 AUC 0.5000 Pre 0.0113 Rec 0.1000
2026-08-30 10:01:10 | Diag logvar_q_mean=0.0000 logvar_q_clamp=0.0000
2026-08-30 10:01:14 | Epoch  61/400 | Train Loss 2.3106 Acc 0.1030 | Val Loss 2.3007 Acc 0.1129 AUC 0.5000 Pre 0.0113 Rec 0.1000
2026-08-30 10:01:15 | Diag logvar_q_mean=-0.0000 logvar_q_clamp=0.0000
2026-08-30 10:01:19 | Epoch  62/400 | Train Loss 2.3092 Acc 0.1034 | Val Loss 2.3007 Acc 0.1129 AUC 0.5000 Pre 0.0113 Rec 0.1000
2026-08-30 10:01:19 | Diag logvar_q_mean=-0.0000 logvar_q_clamp=0.0000
2026-08-30 10:01:23 | Epoch  63/400 | Train Loss 2.3104 Acc 0.1023 | Val Loss 2.3008 Acc 0.1129 AUC 0.5000 Pre 0.0113 Rec 0.1000
2026-08-30 10:01:24 | Diag logvar_q_mean=0.0000 logvar_q_clamp=0.0000
2026-08-30 10:01:28 | Epoch  64/400 | Train Loss 2.3096 Acc 0.1050 | Val Loss 2.3008 Acc 0.1129 AUC 0.5000 Pre 0.0113 Rec 0.1000
2026-08-30 10:01:28 | Diag logvar_q_mean=-0.0000 logvar_q_clamp=0.0000
2026-08-30 10:01:32 | Epoch  65/400 | Train Loss 2.3091 Acc 0.1042 | Val Loss 2.3008 Acc 0.1129 AUC 0.5000 Pre 0.0113 Rec 0.1000
2026-08-30 10:01:33 | Diag logvar_q_mean=-0.0000 logvar_q_clamp=0.0000
2026-08-30 10:01:37 | Epoch  66/400 | Train Loss 2.3106 Acc 0.1017 | Val Loss 2.3008 Acc 0.1129 AUC 0.5000 Pre 0.0113 Rec 0.1000
2026-08-30 10:01:37 | Diag logvar_q_mean=-0.0000 logvar_q_clamp=0.0000
2026-08-30 10:01:41 | Epoch  67/400 | Train Loss 2.3099 Acc 0.1022 | Val Loss 2.3008 Acc 0.1129 AUC 0.5000 Pre 0.0113 Rec 0.1000
2026-08-30 10:01:42 | Diag logvar_q_mean=-0.0000 logvar_q_clamp=0.0000
2026-08-30 10:01:46 | Epoch  68/400 | Train Loss 2.3095 Acc 0.1028 | Val Loss 2.3008 Acc 0.1129 AUC 0.5000 Pre 0.0113 Rec 0.1000
2026-08-30 10:01:47 | Diag logvar_q_mean=-0.0000 logvar_q_clamp=0.0000
2026-08-30 10:01:51 | Epoch  69/400 | Train Loss 2.3091 Acc 0.1045 | Val Loss 2.3008 Acc 0.1129 AUC 0.5000 Pre 0.0113 Rec 0.1000
2026-08-30 10:01:51 | Diag logvar_q_mean=-0.0000 logvar_q_clamp=0.0000
2026-08-30 10:01:55 | Epoch  70/400 | Train Loss 2.3094 Acc 0.1068 | Val Loss 2.3008 Acc 0.1129 AUC 0.5000 Pre 0.0113 Rec 0.1000
2026-08-30 10:01:56 | Diag logvar_q_mean=-0.0000 logvar_q_clamp=0.0000
2026-08-30 10:02:00 | Epoch  71/400 | Train Loss 2.3095 Acc 0.1044 | Val Loss 2.3008 Acc 0.1129 AUC 0.5000 Pre 0.0113 Rec 0.1000
2026-08-30 10:02:00 | Diag logvar_q_mean=-0.0000 logvar_q_clamp=0.0000
2026-08-30 10:02:04 | Epoch  72/400 | Train Loss 2.3103 Acc 0.1032 | Val Loss 2.3008 Acc 0.1129 AUC 0.5000 Pre 0.0113 Rec 0.1000
2026-08-30 10:02:05 | Diag logvar_q_mean=-0.0000 logvar_q_clamp=0.0000
2026-08-30 10:02:09 | Epoch  73/400 | Train Loss 2.3097 Acc 0.1016 | Val Loss 2.3008 Acc 0.1129 AUC 0.5000 Pre 0.0113 Rec 0.1000
2026-08-30 10:02:09 | Diag logvar_q_mean=-0.0000 logvar_q_clamp=0.0000
2026-08-30 10:02:13 | Epoch  74/400 | Train Loss 2.3098 Acc 0.1043 | Val Loss 2.3007 Acc 0.1129 AUC 0.5000 Pre 0.0113 Rec 0.1000
2026-08-30 10:02:14 | Diag logvar_q_mean=-0.0000 logvar_q_clamp=0.0000
2026-08-30 10:02:18 | Epoch  75/400 | Train Loss 2.3096 Acc 0.1057 | Val Loss 2.3008 Acc 0.1129 AUC 0.5000 Pre 0.0113 Rec 0.1000
2026-08-30 10:02:18 | Diag logvar_q_mean=-0.0000 logvar_q_clamp=0.0000
2026-08-30 10:02:22 | Epoch  76/400 | Train Loss 2.3097 Acc 0.1035 | Val Loss 2.3008 Acc 0.1129 AUC 0.5000 Pre 0.0113 Rec 0.1000
2026-08-30 10:02:23 | Diag logvar_q_mean=-0.0000 logvar_q_clamp=0.0000
2026-08-30 10:02:27 | Epoch  77/400 | Train Loss 2.3099 Acc 0.1040 | Val Loss 2.3008 Acc 0.1129 AUC 0.5000 Pre 0.0113 Rec 0.1000
2026-08-30 10:02:27 | Diag logvar_q_mean=-0.0000 logvar_q_clamp=0.0000
2026-08-30 10:02:31 | Epoch  78/400 | Train Loss 2.3100 Acc 0.1038 | Val Loss 2.3008 Acc 0.1129 AUC 0.5000 Pre 0.0113 Rec 0.1000
2026-08-30 10:02:32 | Diag logvar_q_mean=-0.0000 logvar_q_clamp=0.0000
2026-08-30 10:02:36 | Epoch  79/400 | Train Loss 2.3104 Acc 0.1025 | Val Loss 2.3008 Acc 0.1129 AUC 0.5000 Pre 0.0113 Rec 0.1000
2026-08-30 10:02:36 | Diag logvar_q_mean=-0.0000 logvar_q_clamp=0.0000
2026-08-30 10:02:40 | Epoch  80/400 | Train Loss 2.3097 Acc 0.1060 | Val Loss 2.3008 Acc 0.1129 AUC 0.5000 Pre 0.0113 Rec 0.1000
2026-08-30 10:02:41 | Diag logvar_q_mean=-0.0000 logvar_q_clamp=0.0000
2026-08-30 10:02:45 | Epoch  81/400 | Train Loss 2.3094 Acc 0.1044 | Val Loss 2.3008 Acc 0.1129 AUC 0.5000 Pre 0.0113 Rec 0.1000
2026-08-30 10:02:45 | Diag logvar_q_mean=-0.0000 logvar_q_clamp=0.0000
2026-08-30 10:02:49 | Epoch  82/400 | Train Loss 2.3100 Acc 0.1047 | Val Loss 2.3008 Acc 0.1129 AUC 0.5000 Pre 0.0113 Rec 0.1000
2026-08-30 10:02:50 | Diag logvar_q_mean=-0.0000 logvar_q_clamp=0.0000
2026-08-30 10:02:54 | Epoch  83/400 | Train Loss 2.3092 Acc 0.1045 | Val Loss 2.3008 Acc 0.1129 AUC 0.5000 Pre 0.0113 Rec 0.1000
2026-08-30 10:02:54 | Diag logvar_q_mean=-0.0000 logvar_q_clamp=0.0000
2026-08-30 10:02:58 | Epoch  84/400 | Train Loss 2.3096 Acc 0.1042 | Val Loss 2.3007 Acc 0.1129 AUC 0.5000 Pre 0.0113 Rec 0.1000
2026-08-30 10:02:59 | Diag logvar_q_mean=-0.0000 logvar_q_clamp=0.0000
2026-08-30 10:03:03 | Epoch  85/400 | Train Loss 2.3107 Acc 0.1013 | Val Loss 2.3008 Acc 0.1129 AUC 0.5000 Pre 0.0113 Rec 0.1000
2026-08-30 10:03:03 | Diag logvar_q_mean=-0.0000 logvar_q_clamp=0.0000
2026-08-30 10:03:07 | Epoch  86/400 | Train Loss 2.3098 Acc 0.1029 | Val Loss 2.3008 Acc 0.1129 AUC 0.5000 Pre 0.0113 Rec 0.1000
2026-08-30 10:03:08 | Diag logvar_q_mean=-0.0000 logvar_q_clamp=0.0000
2026-08-30 10:03:12 | Epoch  87/400 | Train Loss 2.3103 Acc 0.1040 | Val Loss 2.3008 Acc 0.1129 AUC 0.5000 Pre 0.0113 Rec 0.1000
2026-08-30 10:03:12 | Diag logvar_q_mean=-0.0000 logvar_q_clamp=0.0000
2026-08-30 10:03:16 | Epoch  88/400 | Train Loss 2.3104 Acc 0.1023 | Val Loss 2.3008 Acc 0.1129 AUC 0.5000 Pre 0.0113 Rec 0.1000
2026-08-30 10:03:17 | Diag logvar_q_mean=0.0000 logvar_q_clamp=0.0000
2026-08-30 10:03:21 | Epoch  89/400 | Train Loss 2.3088 Acc 0.1039 | Val Loss 2.3008 Acc 0.1129 AUC 0.5000 Pre 0.0113 Rec 0.1000
2026-08-30 10:03:21 | Diag logvar_q_mean=-0.0000 logvar_q_clamp=0.0000
2026-08-30 10:03:25 | Epoch  90/400 | Train Loss 2.3094 Acc 0.1036 | Val Loss 2.3008 Acc 0.1129 AUC 0.5000 Pre 0.0113 Rec 0.1000
2026-08-30 10:03:26 | Diag logvar_q_mean=-0.0000 logvar_q_clamp=0.0000
2026-08-30 10:03:30 | Epoch  91/400 | Train Loss 2.3101 Acc 0.1034 | Val Loss 2.3008 Acc 0.1129 AUC 0.5000 Pre 0.0113 Rec 0.1000
2026-08-30 10:03:30 | Diag logvar_q_mean=-0.0000 logvar_q_clamp=0.0000
2026-08-30 10:03:34 | Epoch  92/400 | Train Loss 2.3106 Acc 0.1019 | Val Loss 2.3008 Acc 0.1129 AUC 0.5000 Pre 0.0113 Rec 0.1000
2026-08-30 10:03:35 | Diag logvar_q_mean=-0.0000 logvar_q_clamp=0.0000
2026-08-30 10:03:39 | Epoch  93/400 | Train Loss 2.3096 Acc 0.1030 | Val Loss 2.3008 Acc 0.1129 AUC 0.5000 Pre 0.0113 Rec 0.1000
2026-08-30 10:03:40 | Diag logvar_q_mean=-0.0000 logvar_q_clamp=0.0000
2026-08-30 10:03:43 | Epoch  94/400 | Train Loss 2.3093 Acc 0.1060 | Val Loss 2.3008 Acc 0.1129 AUC 0.5000 Pre 0.0113 Rec 0.1000
2026-08-30 10:03:44 | Diag logvar_q_mean=-0.0000 logvar_q_clamp=0.0000
2026-08-30 10:03:48 | Epoch  95/400 | Train Loss 2.3099 Acc 0.1032 | Val Loss 2.3008 Acc 0.1129 AUC 0.5000 Pre 0.0113 Rec 0.1000
2026-08-30 10:03:48 | Diag logvar_q_mean=0.0000 logvar_q_clamp=0.0000
2026-08-30 10:03:52 | Epoch  96/400 | Train Loss 2.3101 Acc 0.1032 | Val Loss 2.3008 Acc 0.1129 AUC 0.5000 Pre 0.0113 Rec 0.1000
2026-08-30 10:03:53 | Diag logvar_q_mean=0.0000 logvar_q_clamp=0.0000
2026-08-30 10:03:57 | Epoch  97/400 | Train Loss 2.3096 Acc 0.1034 | Val Loss 2.3007 Acc 0.1129 AUC 0.5000 Pre 0.0113 Rec 0.1000
2026-08-30 10:03:57 | Diag logvar_q_mean=-0.0000 logvar_q_clamp=0.0000
2026-08-30 10:04:01 | Epoch  98/400 | Train Loss 2.3103 Acc 0.1014 | Val Loss 2.3008 Acc 0.1129 AUC 0.5000 Pre 0.0113 Rec 0.1000
2026-08-30 10:04:02 | Diag logvar_q_mean=-0.0000 logvar_q_clamp=0.0000
2026-08-30 10:04:06 | Epoch  99/400 | Train Loss 2.3092 Acc 0.1038 | Val Loss 2.3008 Acc 0.1129 AUC 0.5000 Pre 0.0113 Rec 0.1000
2026-08-30 10:04:06 | Diag logvar_q_mean=-0.0000 logvar_q_clamp=0.0000
2026-08-30 10:04:10 | Epoch 100/400 | Train Loss 2.3099 Acc 0.1020 | Val Loss 2.3007 Acc 0.1129 AUC 0.5000 Pre 0.0113 Rec 0.1000
2026-08-30 10:04:11 | Diag logvar_q_mean=-0.0000 logvar_q_clamp=0.0000
2026-08-30 10:04:15 | Epoch 101/400 | Train Loss 2.3101 Acc 0.1042 | Val Loss 2.3008 Acc 0.1129 AUC 0.5000 Pre 0.0113 Rec 0.1000
2026-08-30 10:04:15 | Diag logvar_q_mean=-0.0000 logvar_q_clamp=0.0000
2026-08-30 10:04:19 | Epoch 102/400 | Train Loss 2.3096 Acc 0.1041 | Val Loss 2.3008 Acc 0.1129 AUC 0.5000 Pre 0.0113 Rec 0.1000
2026-08-30 10:04:20 | Diag logvar_q_mean=-0.0000 logvar_q_clamp=0.0000
2026-08-30 10:04:24 | Epoch 103/400 | Train Loss 2.3106 Acc 0.1005 | Val Loss 2.3007 Acc 0.1129 AUC 0.5000 Pre 0.0113 Rec 0.1000
2026-08-30 10:04:24 | Diag logvar_q_mean=0.0000 logvar_q_clamp=0.0000
2026-08-30 10:04:28 | Epoch 104/400 | Train Loss 2.3101 Acc 0.1017 | Val Loss 2.3008 Acc 0.1129 AUC 0.5000 Pre 0.0113 Rec 0.1000
2026-08-30 10:04:29 | Diag logvar_q_mean=-0.0000 logvar_q_clamp=0.0000
2026-08-30 10:04:33 | Epoch 105/400 | Train Loss 2.3094 Acc 0.1047 | Val Loss 2.3008 Acc 0.1129 AUC 0.5000 Pre 0.0113 Rec 0.1000
2026-08-30 10:04:33 | Diag logvar_q_mean=-0.0000 logvar_q_clamp=0.0000
2026-08-30 10:04:37 | Epoch 106/400 | Train Loss 2.3093 Acc 0.1052 | Val Loss 2.3008 Acc 0.1129 AUC 0.5000 Pre 0.0113 Rec 0.1000
2026-08-30 10:04:38 | Diag logvar_q_mean=-0.0000 logvar_q_clamp=0.0000
2026-08-30 10:04:42 | Epoch 107/400 | Train Loss 2.3104 Acc 0.1038 | Val Loss 2.3008 Acc 0.1129 AUC 0.5000 Pre 0.0113 Rec 0.1000
2026-08-30 10:04:42 | Diag logvar_q_mean=-0.0000 logvar_q_clamp=0.0000
2026-08-30 10:04:46 | Epoch 108/400 | Train Loss 2.3100 Acc 0.1037 | Val Loss 2.3007 Acc 0.1129 AUC 0.5000 Pre 0.0113 Rec 0.1000
2026-08-30 10:04:47 | Diag logvar_q_mean=-0.0000 logvar_q_clamp=0.0000
2026-08-30 10:04:51 | Epoch 109/400 | Train Loss 2.3097 Acc 0.1072 | Val Loss 2.3008 Acc 0.1129 AUC 0.5000 Pre 0.0113 Rec 0.1000
2026-08-30 10:04:51 | Diag logvar_q_mean=-0.0000 logvar_q_clamp=0.0000
2026-08-30 10:04:55 | Epoch 110/400 | Train Loss 2.3097 Acc 0.1038 | Val Loss 2.3008 Acc 0.1129 AUC 0.5000 Pre 0.0113 Rec 0.1000
2026-08-30 10:04:56 | Diag logvar_q_mean=-0.0000 logvar_q_clamp=0.0000
2026-08-30 10:05:00 | Epoch 111/400 | Train Loss 2.3098 Acc 0.1037 | Val Loss 2.3008 Acc 0.1129 AUC 0.5000 Pre 0.0113 Rec 0.1000
2026-08-30 10:05:00 | Diag logvar_q_mean=-0.0000 logvar_q_clamp=0.0000
2026-08-30 10:05:04 | Epoch 112/400 | Train Loss 2.3104 Acc 0.1019 | Val Loss 2.3008 Acc 0.1129 AUC 0.5000 Pre 0.0113 Rec 0.1000
2026-08-30 10:05:05 | Diag logvar_q_mean=0.0000 logvar_q_clamp=0.0000
2026-08-30 10:05:09 | Epoch 113/400 | Train Loss 2.3101 Acc 0.1039 | Val Loss 2.3008 Acc 0.1129 AUC 0.5000 Pre 0.0113 Rec 0.1000
2026-08-30 10:05:09 | Diag logvar_q_mean=-0.0000 logvar_q_clamp=0.0000
2026-08-30 10:05:13 | Epoch 114/400 | Train Loss 2.3105 Acc 0.1018 | Val Loss 2.3008 Acc 0.1129 AUC 0.5000 Pre 0.0113 Rec 0.1000
2026-08-30 10:05:14 | Diag logvar_q_mean=-0.0000 logvar_q_clamp=0.0000
2026-08-30 10:05:18 | Epoch 115/400 | Train Loss 2.3096 Acc 0.1047 | Val Loss 2.3008 Acc 0.1129 AUC 0.5000 Pre 0.0113 Rec 0.1000
2026-08-30 10:05:19 | Diag logvar_q_mean=0.0000 logvar_q_clamp=0.0000
2026-08-30 10:05:23 | Epoch 116/400 | Train Loss 2.3097 Acc 0.1037 | Val Loss 2.3008 Acc 0.1129 AUC 0.5000 Pre 0.0113 Rec 0.1000
2026-08-30 10:05:23 | Diag logvar_q_mean=-0.0000 logvar_q_clamp=0.0000
2026-08-30 10:05:27 | Epoch 117/400 | Train Loss 2.3094 Acc 0.1062 | Val Loss 2.3008 Acc 0.1129 AUC 0.5000 Pre 0.0113 Rec 0.1000
2026-08-30 10:05:28 | Diag logvar_q_mean=-0.0000 logvar_q_clamp=0.0000
2026-08-30 10:05:32 | Epoch 118/400 | Train Loss 2.3100 Acc 0.1022 | Val Loss 2.3008 Acc 0.1129 AUC 0.5000 Pre 0.0113 Rec 0.1000
2026-08-30 10:05:32 | Diag logvar_q_mean=-0.0000 logvar_q_clamp=0.0000
2026-08-30 10:05:36 | Epoch 119/400 | Train Loss 2.3092 Acc 0.1029 | Val Loss 2.3008 Acc 0.1129 AUC 0.5000 Pre 0.0113 Rec 0.1000
2026-08-30 10:05:37 | Diag logvar_q_mean=-0.0000 logvar_q_clamp=0.0000
2026-08-30 10:05:41 | Epoch 120/400 | Train Loss 2.3097 Acc 0.1024 | Val Loss 2.3008 Acc 0.1129 AUC 0.5000 Pre 0.0113 Rec 0.1000
2026-08-30 10:05:41 | Diag logvar_q_mean=-0.0000 logvar_q_clamp=0.0000
2026-08-30 10:05:45 | Epoch 121/400 | Train Loss 2.3109 Acc 0.1037 | Val Loss 2.3008 Acc 0.1129 AUC 0.5000 Pre 0.0113 Rec 0.1000
2026-08-30 10:05:46 | Diag logvar_q_mean=-0.0000 logvar_q_clamp=0.0000
2026-08-30 10:05:50 | Epoch 122/400 | Train Loss 2.3098 Acc 0.1031 | Val Loss 2.3007 Acc 0.1129 AUC 0.5000 Pre 0.0113 Rec 0.1000
2026-08-30 10:05:50 | Diag logvar_q_mean=-0.0000 logvar_q_clamp=0.0000
2026-08-30 10:05:54 | Epoch 123/400 | Train Loss 2.3092 Acc 0.1060 | Val Loss 2.3008 Acc 0.1129 AUC 0.5000 Pre 0.0113 Rec 0.1000
2026-08-30 10:05:55 | Diag logvar_q_mean=-0.0000 logvar_q_clamp=0.0000
2026-08-30 10:05:59 | Epoch 124/400 | Train Loss 2.3091 Acc 0.1052 | Val Loss 2.3008 Acc 0.1129 AUC 0.5000 Pre 0.0113 Rec 0.1000
2026-08-30 10:05:59 | Diag logvar_q_mean=-0.0000 logvar_q_clamp=0.0000
2026-08-30 10:06:03 | Epoch 125/400 | Train Loss 2.3098 Acc 0.1047 | Val Loss 2.3008 Acc 0.1129 AUC 0.5000 Pre 0.0113 Rec 0.1000
2026-08-30 10:06:04 | Diag logvar_q_mean=-0.0000 logvar_q_clamp=0.0000
2026-08-30 10:06:07 | Epoch 126/400 | Train Loss 2.3107 Acc 0.1028 | Val Loss 2.3008 Acc 0.1129 AUC 0.5000 Pre 0.0113 Rec 0.1000
2026-08-30 10:06:08 | Diag logvar_q_mean=-0.0000 logvar_q_clamp=0.0000
2026-08-30 10:06:12 | Epoch 127/400 | Train Loss 2.3100 Acc 0.1021 | Val Loss 2.3008 Acc 0.1129 AUC 0.5000 Pre 0.0113 Rec 0.1000
2026-08-30 10:06:13 | Diag logvar_q_mean=0.0000 logvar_q_clamp=0.0000
2026-08-30 10:06:16 | Epoch 128/400 | Train Loss 2.3095 Acc 0.1040 | Val Loss 2.3008 Acc 0.1129 AUC 0.5000 Pre 0.0113 Rec 0.1000
2026-08-30 10:06:17 | Diag logvar_q_mean=-0.0000 logvar_q_clamp=0.0000
2026-08-30 10:06:21 | Epoch 129/400 | Train Loss 2.3100 Acc 0.1035 | Val Loss 2.3008 Acc 0.1129 AUC 0.5000 Pre 0.0113 Rec 0.1000
2026-08-30 10:06:22 | Diag logvar_q_mean=-0.0000 logvar_q_clamp=0.0000
2026-08-30 10:06:25 | Epoch 130/400 | Train Loss 2.3091 Acc 0.1063 | Val Loss 2.3008 Acc 0.1129 AUC 0.5000 Pre 0.0113 Rec 0.1000
2026-08-30 10:06:26 | Diag logvar_q_mean=-0.0000 logvar_q_clamp=0.0000
2026-08-30 10:06:30 | Epoch 131/400 | Train Loss 2.3099 Acc 0.1037 | Val Loss 2.3008 Acc 0.1129 AUC 0.5000 Pre 0.0113 Rec 0.1000
2026-08-30 10:06:30 | Diag logvar_q_mean=-0.0000 logvar_q_clamp=0.0000
2026-08-30 10:06:34 | Epoch 132/400 | Train Loss 2.3094 Acc 0.1051 | Val Loss 2.3007 Acc 0.1129 AUC 0.5000 Pre 0.0113 Rec 0.1000
2026-08-30 10:06:35 | Diag logvar_q_mean=0.0000 logvar_q_clamp=0.0000
2026-08-30 10:06:39 | Epoch 133/400 | Train Loss 2.3098 Acc 0.1026 | Val Loss 2.3007 Acc 0.1129 AUC 0.5000 Pre 0.0113 Rec 0.1000
2026-08-30 10:06:40 | Diag logvar_q_mean=-0.0000 logvar_q_clamp=0.0000
2026-08-30 10:06:43 | Epoch 134/400 | Train Loss 2.3105 Acc 0.1043 | Val Loss 2.3007 Acc 0.1129 AUC 0.5000 Pre 0.0113 Rec 0.1000
2026-08-30 10:06:44 | Diag logvar_q_mean=-0.0000 logvar_q_clamp=0.0000
2026-08-30 10:06:48 | Epoch 135/400 | Train Loss 2.3098 Acc 0.1024 | Val Loss 2.3008 Acc 0.1129 AUC 0.5000 Pre 0.0113 Rec 0.1000
2026-08-30 10:06:48 | Diag logvar_q_mean=-0.0000 logvar_q_clamp=0.0000
2026-08-30 10:06:52 | Epoch 136/400 | Train Loss 2.3090 Acc 0.1064 | Val Loss 2.3008 Acc 0.1129 AUC 0.5000 Pre 0.0113 Rec 0.1000
2026-08-30 10:06:53 | Diag logvar_q_mean=-0.0000 logvar_q_clamp=0.0000
2026-08-30 10:06:57 | Epoch 137/400 | Train Loss 2.3104 Acc 0.1037 | Val Loss 2.3008 Acc 0.1129 AUC 0.5000 Pre 0.0113 Rec 0.1000
2026-08-30 10:06:57 | Diag logvar_q_mean=0.0000 logvar_q_clamp=0.0000
2026-08-30 10:07:01 | Epoch 138/400 | Train Loss 2.3091 Acc 0.1024 | Val Loss 2.3008 Acc 0.1129 AUC 0.5000 Pre 0.0113 Rec 0.1000
2026-08-30 10:07:02 | Diag logvar_q_mean=-0.0000 logvar_q_clamp=0.0000
2026-08-30 10:07:06 | Epoch 139/400 | Train Loss 2.3099 Acc 0.1038 | Val Loss 2.3008 Acc 0.1129 AUC 0.5000 Pre 0.0113 Rec 0.1000
2026-08-30 10:07:06 | Diag logvar_q_mean=-0.0000 logvar_q_clamp=0.0000
2026-08-30 10:07:10 | Epoch 140/400 | Train Loss 2.3099 Acc 0.1049 | Val Loss 2.3008 Acc 0.1129 AUC 0.5000 Pre 0.0113 Rec 0.1000
2026-08-30 10:07:11 | Diag logvar_q_mean=-0.0000 logvar_q_clamp=0.0000
2026-08-30 10:07:15 | Epoch 141/400 | Train Loss 2.3103 Acc 0.1043 | Val Loss 2.3008 Acc 0.1129 AUC 0.5000 Pre 0.0113 Rec 0.1000
2026-08-30 10:07:15 | Diag logvar_q_mean=-0.0000 logvar_q_clamp=0.0000
2026-08-30 10:07:19 | Epoch 142/400 | Train Loss 2.3094 Acc 0.1027 | Val Loss 2.3008 Acc 0.1129 AUC 0.5000 Pre 0.0113 Rec 0.1000
2026-08-30 10:07:20 | Diag logvar_q_mean=-0.0000 logvar_q_clamp=0.0000
2026-08-30 10:07:24 | Epoch 143/400 | Train Loss 2.3105 Acc 0.1013 | Val Loss 2.3008 Acc 0.1129 AUC 0.5000 Pre 0.0113 Rec 0.1000
2026-08-30 10:07:24 | Diag logvar_q_mean=-0.0000 logvar_q_clamp=0.0000
2026-08-30 10:07:28 | Epoch 144/400 | Train Loss 2.3095 Acc 0.1038 | Val Loss 2.3008 Acc 0.1129 AUC 0.5000 Pre 0.0113 Rec 0.1000
2026-08-30 10:07:29 | Diag logvar_q_mean=-0.0000 logvar_q_clamp=0.0000
2026-08-30 10:07:33 | Epoch 145/400 | Train Loss 2.3097 Acc 0.1055 | Val Loss 2.3007 Acc 0.1129 AUC 0.5000 Pre 0.0113 Rec 0.1000
2026-08-30 10:07:33 | Diag logvar_q_mean=0.0000 logvar_q_clamp=0.0000
2026-08-30 10:07:37 | Epoch 146/400 | Train Loss 2.3109 Acc 0.1002 | Val Loss 2.3008 Acc 0.1129 AUC 0.5000 Pre 0.0113 Rec 0.1000
2026-08-30 10:07:38 | Diag logvar_q_mean=-0.0000 logvar_q_clamp=0.0000
2026-08-30 10:07:42 | Epoch 147/400 | Train Loss 2.3100 Acc 0.1042 | Val Loss 2.3007 Acc 0.1129 AUC 0.5000 Pre 0.0113 Rec 0.1000
2026-08-30 10:07:42 | Diag logvar_q_mean=0.0000 logvar_q_clamp=0.0000
2026-08-30 10:07:46 | Epoch 148/400 | Train Loss 2.3093 Acc 0.1032 | Val Loss 2.3008 Acc 0.1129 AUC 0.5000 Pre 0.0113 Rec 0.1000
2026-08-30 10:07:47 | Diag logvar_q_mean=-0.0000 logvar_q_clamp=0.0000
2026-08-30 10:07:51 | Epoch 149/400 | Train Loss 2.3097 Acc 0.1029 | Val Loss 2.3008 Acc 0.1129 AUC 0.5000 Pre 0.0113 Rec 0.1000
2026-08-30 10:07:51 | Diag logvar_q_mean=0.0000 logvar_q_clamp=0.0000
2026-08-30 10:07:55 | Epoch 150/400 | Train Loss 2.3099 Acc 0.1031 | Val Loss 2.3007 Acc 0.1129 AUC 0.5000 Pre 0.0113 Rec 0.1000
2026-08-30 10:07:56 | Diag logvar_q_mean=-0.0000 logvar_q_clamp=0.0000
2026-08-30 10:08:00 | Epoch 151/400 | Train Loss 2.3094 Acc 0.1032 | Val Loss 2.3008 Acc 0.1129 AUC 0.5000 Pre 0.0113 Rec 0.1000
2026-08-30 10:08:00 | Diag logvar_q_mean=-0.0000 logvar_q_clamp=0.0000
2026-08-30 10:08:04 | Epoch 152/400 | Train Loss 2.3105 Acc 0.1021 | Val Loss 2.3007 Acc 0.1129 AUC 0.5000 Pre 0.0113 Rec 0.1000
2026-08-30 10:08:05 | Diag logvar_q_mean=0.0000 logvar_q_clamp=0.0000
2026-08-30 10:08:09 | Epoch 153/400 | Train Loss 2.3099 Acc 0.1036 | Val Loss 2.3008 Acc 0.1129 AUC 0.5000 Pre 0.0113 Rec 0.1000
2026-08-30 10:08:09 | Diag logvar_q_mean=-0.0000 logvar_q_clamp=0.0000
2026-08-30 10:08:13 | Epoch 154/400 | Train Loss 2.3094 Acc 0.1034 | Val Loss 2.3008 Acc 0.1129 AUC 0.5000 Pre 0.0113 Rec 0.1000
2026-08-30 10:08:14 | Diag logvar_q_mean=0.0000 logvar_q_clamp=0.0000
2026-08-30 10:08:17 | Epoch 155/400 | Train Loss 2.3099 Acc 0.1041 | Val Loss 2.3008 Acc 0.1129 AUC 0.5000 Pre 0.0113 Rec 0.1000
2026-08-30 10:08:18 | Diag logvar_q_mean=-0.0000 logvar_q_clamp=0.0000
2026-08-30 10:08:22 | Epoch 156/400 | Train Loss 2.3106 Acc 0.1003 | Val Loss 2.3008 Acc 0.1129 AUC 0.5000 Pre 0.0113 Rec 0.1000
2026-08-30 10:08:23 | Diag logvar_q_mean=-0.0000 logvar_q_clamp=0.0000
2026-08-30 10:08:26 | Epoch 157/400 | Train Loss 2.3098 Acc 0.1034 | Val Loss 2.3007 Acc 0.1129 AUC 0.5000 Pre 0.0113 Rec 0.1000
2026-08-30 10:08:27 | Diag logvar_q_mean=-0.0000 logvar_q_clamp=0.0000
2026-08-30 10:08:31 | Epoch 158/400 | Train Loss 2.3095 Acc 0.1050 | Val Loss 2.3008 Acc 0.1129 AUC 0.5000 Pre 0.0113 Rec 0.1000
2026-08-30 10:08:32 | Diag logvar_q_mean=-0.0000 logvar_q_clamp=0.0000
2026-08-30 10:08:35 | Epoch 159/400 | Train Loss 2.3099 Acc 0.1032 | Val Loss 2.3008 Acc 0.1129 AUC 0.5000 Pre 0.0113 Rec 0.1000
2026-08-30 10:08:36 | Diag logvar_q_mean=-0.0000 logvar_q_clamp=0.0000
2026-08-30 10:08:40 | Epoch 160/400 | Train Loss 2.3099 Acc 0.1029 | Val Loss 2.3008 Acc 0.1129 AUC 0.5000 Pre 0.0113 Rec 0.1000
2026-08-30 10:08:41 | Diag logvar_q_mean=-0.0000 logvar_q_clamp=0.0000
2026-08-30 10:08:45 | Epoch 161/400 | Train Loss 2.3108 Acc 0.1023 | Val Loss 2.3008 Acc 0.1129 AUC 0.5000 Pre 0.0113 Rec 0.1000
2026-08-30 10:08:45 | Diag logvar_q_mean=-0.0000 logvar_q_clamp=0.0000
2026-08-30 10:08:49 | Epoch 162/400 | Train Loss 2.3087 Acc 0.1059 | Val Loss 2.3008 Acc 0.1129 AUC 0.5000 Pre 0.0113 Rec 0.1000
2026-08-30 10:08:50 | Diag logvar_q_mean=-0.0000 logvar_q_clamp=0.0000
2026-08-30 10:08:54 | Epoch 163/400 | Train Loss 2.3103 Acc 0.1030 | Val Loss 2.3008 Acc 0.1129 AUC 0.5000 Pre 0.0113 Rec 0.1000
2026-08-30 10:08:54 | Diag logvar_q_mean=0.0000 logvar_q_clamp=0.0000
2026-08-30 10:08:58 | Epoch 164/400 | Train Loss 2.3111 Acc 0.1018 | Val Loss 2.3008 Acc 0.1129 AUC 0.5000 Pre 0.0113 Rec 0.1000
2026-08-30 10:08:59 | Diag logvar_q_mean=-0.0000 logvar_q_clamp=0.0000
2026-08-30 10:09:03 | Epoch 165/400 | Train Loss 2.3095 Acc 0.1029 | Val Loss 2.3008 Acc 0.1129 AUC 0.5000 Pre 0.0113 Rec 0.1000
2026-08-30 10:09:03 | Diag logvar_q_mean=-0.0000 logvar_q_clamp=0.0000
2026-08-30 10:09:07 | Epoch 166/400 | Train Loss 2.3102 Acc 0.1018 | Val Loss 2.3008 Acc 0.1129 AUC 0.5000 Pre 0.0113 Rec 0.1000
2026-08-30 10:09:08 | Diag logvar_q_mean=-0.0000 logvar_q_clamp=0.0000
2026-08-30 10:09:12 | Epoch 167/400 | Train Loss 2.3100 Acc 0.1038 | Val Loss 2.3008 Acc 0.1129 AUC 0.5000 Pre 0.0113 Rec 0.1000
2026-08-30 10:09:12 | Diag logvar_q_mean=0.0000 logvar_q_clamp=0.0000
2026-08-30 10:09:16 | Epoch 168/400 | Train Loss 2.3090 Acc 0.1057 | Val Loss 2.3008 Acc 0.1129 AUC 0.5000 Pre 0.0113 Rec 0.1000
2026-08-30 10:09:17 | Diag logvar_q_mean=-0.0000 logvar_q_clamp=0.0000
2026-08-30 10:09:21 | Epoch 169/400 | Train Loss 2.3090 Acc 0.1052 | Val Loss 2.3007 Acc 0.1129 AUC 0.5000 Pre 0.0113 Rec 0.1000
2026-08-30 10:09:21 | Diag logvar_q_mean=-0.0000 logvar_q_clamp=0.0000
2026-08-30 10:09:25 | Epoch 170/400 | Train Loss 2.3098 Acc 0.1033 | Val Loss 2.3008 Acc 0.1129 AUC 0.5000 Pre 0.0113 Rec 0.1000
2026-08-30 10:09:26 | Diag logvar_q_mean=-0.0000 logvar_q_clamp=0.0000
2026-08-30 10:09:30 | Epoch 171/400 | Train Loss 2.3101 Acc 0.1018 | Val Loss 2.3008 Acc 0.1129 AUC 0.5000 Pre 0.0113 Rec 0.1000
2026-08-30 10:09:30 | Diag logvar_q_mean=-0.0000 logvar_q_clamp=0.0000
2026-08-30 10:09:34 | Epoch 172/400 | Train Loss 2.3095 Acc 0.1048 | Val Loss 2.3008 Acc 0.1129 AUC 0.5000 Pre 0.0113 Rec 0.1000
2026-08-30 10:09:35 | Diag logvar_q_mean=-0.0000 logvar_q_clamp=0.0000
2026-08-30 10:09:39 | Epoch 173/400 | Train Loss 2.3104 Acc 0.1047 | Val Loss 2.3008 Acc 0.1129 AUC 0.5000 Pre 0.0113 Rec 0.1000
2026-08-30 10:09:39 | Diag logvar_q_mean=-0.0000 logvar_q_clamp=0.0000
2026-08-30 10:09:43 | Epoch 174/400 | Train Loss 2.3104 Acc 0.1025 | Val Loss 2.3008 Acc 0.1129 AUC 0.5000 Pre 0.0113 Rec 0.1000
2026-08-30 10:09:44 | Diag logvar_q_mean=-0.0000 logvar_q_clamp=0.0000
2026-08-30 10:09:48 | Epoch 175/400 | Train Loss 2.3093 Acc 0.1034 | Val Loss 2.3008 Acc 0.1129 AUC 0.5000 Pre 0.0113 Rec 0.1000
2026-08-30 10:09:48 | Diag logvar_q_mean=-0.0000 logvar_q_clamp=0.0000
2026-08-30 10:09:52 | Epoch 176/400 | Train Loss 2.3094 Acc 0.1031 | Val Loss 2.3008 Acc 0.1129 AUC 0.5000 Pre 0.0113 Rec 0.1000
2026-08-30 10:09:53 | Diag logvar_q_mean=-0.0000 logvar_q_clamp=0.0000
2026-08-30 10:09:57 | Epoch 177/400 | Train Loss 2.3096 Acc 0.1030 | Val Loss 2.3008 Acc 0.1129 AUC 0.5000 Pre 0.0113 Rec 0.1000
2026-08-30 10:09:57 | Diag logvar_q_mean=0.0000 logvar_q_clamp=0.0000
2026-08-30 10:10:01 | Epoch 178/400 | Train Loss 2.3102 Acc 0.1024 | Val Loss 2.3008 Acc 0.1129 AUC 0.5000 Pre 0.0113 Rec 0.1000
2026-08-30 10:10:02 | Diag logvar_q_mean=-0.0000 logvar_q_clamp=0.0000
2026-08-30 10:10:05 | Epoch 179/400 | Train Loss 2.3097 Acc 0.1036 | Val Loss 2.3008 Acc 0.1129 AUC 0.5000 Pre 0.0113 Rec 0.1000
2026-08-30 10:10:06 | Diag logvar_q_mean=-0.0000 logvar_q_clamp=0.0000
2026-08-30 10:10:10 | Epoch 180/400 | Train Loss 2.3100 Acc 0.1029 | Val Loss 2.3008 Acc 0.1129 AUC 0.5000 Pre 0.0113 Rec 0.1000
2026-08-30 10:10:11 | Diag logvar_q_mean=0.0000 logvar_q_clamp=0.0000
2026-08-30 10:10:14 | Epoch 181/400 | Train Loss 2.3098 Acc 0.1045 | Val Loss 2.3008 Acc 0.1129 AUC 0.5000 Pre 0.0113 Rec 0.1000
2026-08-30 10:10:15 | Diag logvar_q_mean=-0.0000 logvar_q_clamp=0.0000
2026-08-30 10:10:19 | Epoch 182/400 | Train Loss 2.3094 Acc 0.1041 | Val Loss 2.3008 Acc 0.1129 AUC 0.5000 Pre 0.0113 Rec 0.1000
2026-08-30 10:10:20 | Diag logvar_q_mean=-0.0000 logvar_q_clamp=0.0000
2026-08-30 10:10:23 | Epoch 183/400 | Train Loss 2.3097 Acc 0.1063 | Val Loss 2.3008 Acc 0.1129 AUC 0.5000 Pre 0.0113 Rec 0.1000
2026-08-30 10:10:24 | Diag logvar_q_mean=-0.0000 logvar_q_clamp=0.0000
2026-08-30 10:10:28 | Epoch 184/400 | Train Loss 2.3100 Acc 0.1036 | Val Loss 2.3008 Acc 0.1129 AUC 0.5000 Pre 0.0113 Rec 0.1000
2026-08-30 10:10:28 | Diag logvar_q_mean=-0.0000 logvar_q_clamp=0.0000
2026-08-30 10:10:32 | Epoch 185/400 | Train Loss 2.3092 Acc 0.1049 | Val Loss 2.3008 Acc 0.1129 AUC 0.5000 Pre 0.0113 Rec 0.1000
2026-08-30 10:10:33 | Diag logvar_q_mean=-0.0000 logvar_q_clamp=0.0000
2026-08-30 10:10:37 | Epoch 186/400 | Train Loss 2.3093 Acc 0.1046 | Val Loss 2.3008 Acc 0.1129 AUC 0.5000 Pre 0.0113 Rec 0.1000
2026-08-30 10:10:37 | Diag logvar_q_mean=-0.0000 logvar_q_clamp=0.0000
2026-08-30 10:10:41 | Epoch 187/400 | Train Loss 2.3094 Acc 0.1036 | Val Loss 2.3008 Acc 0.1129 AUC 0.5000 Pre 0.0113 Rec 0.1000
2026-08-30 10:10:42 | Diag logvar_q_mean=0.0000 logvar_q_clamp=0.0000
2026-08-30 10:10:46 | Epoch 188/400 | Train Loss 2.3101 Acc 0.1028 | Val Loss 2.3008 Acc 0.1129 AUC 0.5000 Pre 0.0113 Rec 0.1000
2026-08-30 10:10:47 | Diag logvar_q_mean=0.0000 logvar_q_clamp=0.0000
2026-08-30 10:10:50 | Epoch 189/400 | Train Loss 2.3099 Acc 0.1037 | Val Loss 2.3008 Acc 0.1129 AUC 0.5000 Pre 0.0113 Rec 0.1000
2026-08-30 10:10:51 | Diag logvar_q_mean=-0.0000 logvar_q_clamp=0.0000
2026-08-30 10:10:55 | Epoch 190/400 | Train Loss 2.3093 Acc 0.1067 | Val Loss 2.3008 Acc 0.1129 AUC 0.5000 Pre 0.0113 Rec 0.1000
2026-08-30 10:10:56 | Diag logvar_q_mean=-0.0000 logvar_q_clamp=0.0000
2026-08-30 10:11:00 | Epoch 191/400 | Train Loss 2.3095 Acc 0.1042 | Val Loss 2.3008 Acc 0.1129 AUC 0.5000 Pre 0.0113 Rec 0.1000
2026-08-30 10:11:00 | Diag logvar_q_mean=-0.0000 logvar_q_clamp=0.0000
2026-08-30 10:11:04 | Epoch 192/400 | Train Loss 2.3095 Acc 0.1018 | Val Loss 2.3008 Acc 0.1129 AUC 0.5000 Pre 0.0113 Rec 0.1000
2026-08-30 10:11:05 | Diag logvar_q_mean=-0.0000 logvar_q_clamp=0.0000
2026-08-30 10:11:09 | Epoch 193/400 | Train Loss 2.3095 Acc 0.1040 | Val Loss 2.3007 Acc 0.1129 AUC 0.5000 Pre 0.0113 Rec 0.1000
2026-08-30 10:11:09 | Diag logvar_q_mean=-0.0000 logvar_q_clamp=0.0000
2026-08-30 10:11:13 | Epoch 194/400 | Train Loss 2.3098 Acc 0.1044 | Val Loss 2.3008 Acc 0.1129 AUC 0.5000 Pre 0.0113 Rec 0.1000
2026-08-30 10:11:14 | Diag logvar_q_mean=-0.0000 logvar_q_clamp=0.0000
2026-08-30 10:11:18 | Epoch 195/400 | Train Loss 2.3093 Acc 0.1043 | Val Loss 2.3008 Acc 0.1129 AUC 0.5000 Pre 0.0113 Rec 0.1000
2026-08-30 10:11:18 | Diag logvar_q_mean=-0.0000 logvar_q_clamp=0.0000
2026-08-30 10:11:22 | Epoch 196/400 | Train Loss 2.3096 Acc 0.1047 | Val Loss 2.3008 Acc 0.1129 AUC 0.5000 Pre 0.0113 Rec 0.1000
2026-08-30 10:11:23 | Diag logvar_q_mean=-0.0000 logvar_q_clamp=0.0000
2026-08-30 10:11:27 | Epoch 197/400 | Train Loss 2.3088 Acc 0.1053 | Val Loss 2.3008 Acc 0.1129 AUC 0.5000 Pre 0.0113 Rec 0.1000
2026-08-30 10:11:27 | Diag logvar_q_mean=0.0000 logvar_q_clamp=0.0000
2026-08-30 10:11:31 | Epoch 198/400 | Train Loss 2.3101 Acc 0.1040 | Val Loss 2.3008 Acc 0.1129 AUC 0.5000 Pre 0.0113 Rec 0.1000
2026-08-30 10:11:32 | Diag logvar_q_mean=-0.0000 logvar_q_clamp=0.0000
2026-08-30 10:11:36 | Epoch 199/400 | Train Loss 2.3089 Acc 0.1056 | Val Loss 2.3008 Acc 0.1129 AUC 0.5000 Pre 0.0113 Rec 0.1000
2026-08-30 10:11:36 | Diag logvar_q_mean=0.0000 logvar_q_clamp=0.0000
2026-08-30 10:11:40 | Epoch 200/400 | Train Loss 2.3101 Acc 0.1008 | Val Loss 2.3008 Acc 0.1129 AUC 0.5000 Pre 0.0113 Rec 0.1000
2026-08-30 10:11:41 | Diag logvar_q_mean=-0.0000 logvar_q_clamp=0.0000
2026-08-30 10:11:45 | Epoch 201/400 | Train Loss 2.3105 Acc 0.1042 | Val Loss 2.3008 Acc 0.1129 AUC 0.5000 Pre 0.0113 Rec 0.1000
2026-08-30 10:11:45 | Diag logvar_q_mean=0.0000 logvar_q_clamp=0.0000
2026-08-30 10:11:49 | Epoch 202/400 | Train Loss 2.3105 Acc 0.1010 | Val Loss 2.3008 Acc 0.1129 AUC 0.5000 Pre 0.0113 Rec 0.1000
2026-08-30 10:11:50 | Diag logvar_q_mean=-0.0000 logvar_q_clamp=0.0000
2026-08-30 10:11:54 | Epoch 203/400 | Train Loss 2.3100 Acc 0.1029 | Val Loss 2.3008 Acc 0.1129 AUC 0.5000 Pre 0.0113 Rec 0.1000
2026-08-30 10:11:54 | Diag logvar_q_mean=-0.0000 logvar_q_clamp=0.0000
2026-08-30 10:11:58 | Epoch 204/400 | Train Loss 2.3089 Acc 0.1049 | Val Loss 2.3008 Acc 0.1129 AUC 0.5000 Pre 0.0113 Rec 0.1000
2026-08-30 10:11:59 | Diag logvar_q_mean=-0.0000 logvar_q_clamp=0.0000
2026-08-30 10:12:03 | Epoch 205/400 | Train Loss 2.3097 Acc 0.1055 | Val Loss 2.3008 Acc 0.1129 AUC 0.5000 Pre 0.0113 Rec 0.1000
2026-08-30 10:12:03 | Diag logvar_q_mean=0.0000 logvar_q_clamp=0.0000
2026-08-30 10:12:07 | Epoch 206/400 | Train Loss 2.3101 Acc 0.1010 | Val Loss 2.3008 Acc 0.1129 AUC 0.5000 Pre 0.0113 Rec 0.1000
2026-08-30 10:12:08 | Diag logvar_q_mean=-0.0000 logvar_q_clamp=0.0000
2026-08-30 10:12:12 | Epoch 207/400 | Train Loss 2.3102 Acc 0.1048 | Val Loss 2.3007 Acc 0.1129 AUC 0.5000 Pre 0.0113 Rec 0.1000
2026-08-30 10:12:12 | Diag logvar_q_mean=-0.0000 logvar_q_clamp=0.0000
2026-08-30 10:12:16 | Epoch 208/400 | Train Loss 2.3092 Acc 0.1057 | Val Loss 2.3008 Acc 0.1129 AUC 0.5000 Pre 0.0113 Rec 0.1000
2026-08-30 10:12:17 | Diag logvar_q_mean=-0.0000 logvar_q_clamp=0.0000
2026-08-30 10:12:21 | Epoch 209/400 | Train Loss 2.3097 Acc 0.1055 | Val Loss 2.3007 Acc 0.1129 AUC 0.5000 Pre 0.0113 Rec 0.1000
2026-08-30 10:12:21 | Diag logvar_q_mean=-0.0000 logvar_q_clamp=0.0000
2026-08-30 10:12:25 | Epoch 210/400 | Train Loss 2.3100 Acc 0.1026 | Val Loss 2.3008 Acc 0.1129 AUC 0.5000 Pre 0.0113 Rec 0.1000
2026-08-30 10:12:26 | Diag logvar_q_mean=-0.0000 logvar_q_clamp=0.0000
2026-08-30 10:12:30 | Epoch 211/400 | Train Loss 2.3095 Acc 0.1038 | Val Loss 2.3008 Acc 0.1129 AUC 0.5000 Pre 0.0113 Rec 0.1000
2026-08-30 10:12:30 | Diag logvar_q_mean=-0.0000 logvar_q_clamp=0.0000
2026-08-30 10:12:34 | Epoch 212/400 | Train Loss 2.3106 Acc 0.1044 | Val Loss 2.3007 Acc 0.1129 AUC 0.5000 Pre 0.0113 Rec 0.1000
2026-08-30 10:12:35 | Diag logvar_q_mean=-0.0000 logvar_q_clamp=0.0000
2026-08-30 10:12:39 | Epoch 213/400 | Train Loss 2.3090 Acc 0.1053 | Val Loss 2.3008 Acc 0.1129 AUC 0.5000 Pre 0.0113 Rec 0.1000
2026-08-30 10:12:40 | Diag logvar_q_mean=-0.0000 logvar_q_clamp=0.0000
2026-08-30 10:12:44 | Epoch 214/400 | Train Loss 2.3097 Acc 0.1050 | Val Loss 2.3008 Acc 0.1129 AUC 0.5000 Pre 0.0113 Rec 0.1000
2026-08-30 10:12:44 | Diag logvar_q_mean=-0.0000 logvar_q_clamp=0.0000
2026-08-30 10:12:48 | Epoch 215/400 | Train Loss 2.3102 Acc 0.1019 | Val Loss 2.3008 Acc 0.1129 AUC 0.5000 Pre 0.0113 Rec 0.1000
2026-08-30 10:12:49 | Diag logvar_q_mean=-0.0000 logvar_q_clamp=0.0000
2026-08-30 10:12:53 | Epoch 216/400 | Train Loss 2.3089 Acc 0.1038 | Val Loss 2.3008 Acc 0.1129 AUC 0.5000 Pre 0.0113 Rec 0.1000
2026-08-30 10:12:53 | Diag logvar_q_mean=0.0000 logvar_q_clamp=0.0000
2026-08-30 10:12:57 | Epoch 217/400 | Train Loss 2.3105 Acc 0.1037 | Val Loss 2.3007 Acc 0.1129 AUC 0.5000 Pre 0.0113 Rec 0.1000
2026-08-30 10:12:58 | Diag logvar_q_mean=0.0000 logvar_q_clamp=0.0000
2026-08-30 10:13:02 | Epoch 218/400 | Train Loss 2.3098 Acc 0.1037 | Val Loss 2.3007 Acc 0.1129 AUC 0.5000 Pre 0.0113 Rec 0.1000
2026-08-30 10:13:02 | Diag logvar_q_mean=-0.0000 logvar_q_clamp=0.0000
2026-08-30 10:13:06 | Epoch 219/400 | Train Loss 2.3098 Acc 0.1028 | Val Loss 2.3008 Acc 0.1129 AUC 0.5000 Pre 0.0113 Rec 0.1000
2026-08-30 10:13:07 | Diag logvar_q_mean=-0.0000 logvar_q_clamp=0.0000
2026-08-30 10:13:11 | Epoch 220/400 | Train Loss 2.3098 Acc 0.1038 | Val Loss 2.3008 Acc 0.1129 AUC 0.5000 Pre 0.0113 Rec 0.1000
2026-08-30 10:13:11 | Diag logvar_q_mean=-0.0000 logvar_q_clamp=0.0000
2026-08-30 10:13:15 | Epoch 221/400 | Train Loss 2.3099 Acc 0.1035 | Val Loss 2.3008 Acc 0.1129 AUC 0.5000 Pre 0.0113 Rec 0.1000
2026-08-30 10:13:16 | Diag logvar_q_mean=-0.0000 logvar_q_clamp=0.0000
2026-08-30 10:13:20 | Epoch 222/400 | Train Loss 2.3098 Acc 0.1044 | Val Loss 2.3008 Acc 0.1129 AUC 0.5000 Pre 0.0113 Rec 0.1000
2026-08-30 10:13:20 | Diag logvar_q_mean=-0.0000 logvar_q_clamp=0.0000
2026-08-30 10:13:24 | Epoch 223/400 | Train Loss 2.3096 Acc 0.1058 | Val Loss 2.3008 Acc 0.1129 AUC 0.5000 Pre 0.0113 Rec 0.1000
2026-08-30 10:13:25 | Diag logvar_q_mean=-0.0000 logvar_q_clamp=0.0000
2026-08-30 10:13:29 | Epoch 224/400 | Train Loss 2.3094 Acc 0.1023 | Val Loss 2.3008 Acc 0.1129 AUC 0.5000 Pre 0.0113 Rec 0.1000
2026-08-30 10:13:29 | Diag logvar_q_mean=-0.0000 logvar_q_clamp=0.0000
2026-08-30 10:13:33 | Epoch 225/400 | Train Loss 2.3099 Acc 0.1059 | Val Loss 2.3008 Acc 0.1129 AUC 0.5000 Pre 0.0113 Rec 0.1000
2026-08-30 10:13:34 | Diag logvar_q_mean=-0.0000 logvar_q_clamp=0.0000
2026-08-30 10:13:37 | Epoch 226/400 | Train Loss 2.3099 Acc 0.1060 | Val Loss 2.3008 Acc 0.1129 AUC 0.5000 Pre 0.0113 Rec 0.1000
2026-08-30 10:13:38 | Diag logvar_q_mean=-0.0000 logvar_q_clamp=0.0000
2026-08-30 10:13:42 | Epoch 227/400 | Train Loss 2.3099 Acc 0.1068 | Val Loss 2.3008 Acc 0.1129 AUC 0.5000 Pre 0.0113 Rec 0.1000
2026-08-30 10:13:43 | Diag logvar_q_mean=-0.0000 logvar_q_clamp=0.0000
2026-08-30 10:13:46 | Epoch 228/400 | Train Loss 2.3096 Acc 0.1052 | Val Loss 2.3008 Acc 0.1129 AUC 0.5000 Pre 0.0113 Rec 0.1000
2026-08-30 10:13:47 | Diag logvar_q_mean=-0.0000 logvar_q_clamp=0.0000
2026-08-30 10:13:51 | Epoch 229/400 | Train Loss 2.3100 Acc 0.1048 | Val Loss 2.3007 Acc 0.1129 AUC 0.5000 Pre 0.0113 Rec 0.1000
2026-08-30 10:13:52 | Diag logvar_q_mean=-0.0000 logvar_q_clamp=0.0000
2026-08-30 10:13:55 | Epoch 230/400 | Train Loss 2.3101 Acc 0.1031 | Val Loss 2.3008 Acc 0.1129 AUC 0.5000 Pre 0.0113 Rec 0.1000
2026-08-30 10:13:56 | Diag logvar_q_mean=-0.0000 logvar_q_clamp=0.0000
2026-08-30 10:14:00 | Epoch 231/400 | Train Loss 2.3098 Acc 0.1053 | Val Loss 2.3007 Acc 0.1129 AUC 0.5000 Pre 0.0113 Rec 0.1000
2026-08-30 10:14:00 | Diag logvar_q_mean=0.0000 logvar_q_clamp=0.0000
2026-08-30 10:14:04 | Epoch 232/400 | Train Loss 2.3093 Acc 0.1064 | Val Loss 2.3008 Acc 0.1129 AUC 0.5000 Pre 0.0113 Rec 0.1000
2026-08-30 10:14:05 | Diag logvar_q_mean=-0.0000 logvar_q_clamp=0.0000
2026-08-30 10:14:09 | Epoch 233/400 | Train Loss 2.3101 Acc 0.1023 | Val Loss 2.3008 Acc 0.1129 AUC 0.5000 Pre 0.0113 Rec 0.1000
2026-08-30 10:14:10 | Diag logvar_q_mean=-0.0000 logvar_q_clamp=0.0000
2026-08-30 10:14:14 | Epoch 234/400 | Train Loss 2.3112 Acc 0.1021 | Val Loss 2.3008 Acc 0.1129 AUC 0.5000 Pre 0.0113 Rec 0.1000
2026-08-30 10:14:14 | Diag logvar_q_mean=-0.0000 logvar_q_clamp=0.0000
2026-08-30 10:14:18 | Epoch 235/400 | Train Loss 2.3101 Acc 0.1031 | Val Loss 2.3008 Acc 0.1129 AUC 0.5000 Pre 0.0113 Rec 0.1000
2026-08-30 10:14:19 | Diag logvar_q_mean=-0.0000 logvar_q_clamp=0.0000
2026-08-30 10:14:23 | Epoch 236/400 | Train Loss 2.3098 Acc 0.1027 | Val Loss 2.3008 Acc 0.1129 AUC 0.5000 Pre 0.0113 Rec 0.1000
2026-08-30 10:14:23 | Diag logvar_q_mean=-0.0000 logvar_q_clamp=0.0000
2026-08-30 10:14:27 | Epoch 237/400 | Train Loss 2.3105 Acc 0.1029 | Val Loss 2.3007 Acc 0.1129 AUC 0.5000 Pre 0.0113 Rec 0.1000
2026-08-30 10:14:28 | Diag logvar_q_mean=-0.0000 logvar_q_clamp=0.0000
2026-08-30 10:14:32 | Epoch 238/400 | Train Loss 2.3096 Acc 0.1031 | Val Loss 2.3008 Acc 0.1129 AUC 0.5000 Pre 0.0113 Rec 0.1000
2026-08-30 10:14:32 | Diag logvar_q_mean=-0.0000 logvar_q_clamp=0.0000
2026-08-30 10:14:36 | Epoch 239/400 | Train Loss 2.3105 Acc 0.1035 | Val Loss 2.3007 Acc 0.1129 AUC 0.5000 Pre 0.0113 Rec 0.1000
2026-08-30 10:14:37 | Diag logvar_q_mean=0.0000 logvar_q_clamp=0.0000
2026-08-30 10:14:41 | Epoch 240/400 | Train Loss 2.3093 Acc 0.1045 | Val Loss 2.3008 Acc 0.1129 AUC 0.5000 Pre 0.0113 Rec 0.1000
2026-08-30 10:14:42 | Diag logvar_q_mean=-0.0000 logvar_q_clamp=0.0000
2026-08-30 10:14:45 | Epoch 241/400 | Train Loss 2.3095 Acc 0.1064 | Val Loss 2.3008 Acc 0.1129 AUC 0.5000 Pre 0.0113 Rec 0.1000
2026-08-30 10:14:46 | Diag logvar_q_mean=-0.0000 logvar_q_clamp=0.0000
2026-08-30 10:14:50 | Epoch 242/400 | Train Loss 2.3106 Acc 0.1029 | Val Loss 2.3008 Acc 0.1129 AUC 0.5000 Pre 0.0113 Rec 0.1000
2026-08-30 10:14:50 | Diag logvar_q_mean=-0.0000 logvar_q_clamp=0.0000
2026-08-30 10:14:54 | Epoch 243/400 | Train Loss 2.3095 Acc 0.1037 | Val Loss 2.3008 Acc 0.1129 AUC 0.5000 Pre 0.0113 Rec 0.1000
2026-08-30 10:14:55 | Diag logvar_q_mean=0.0000 logvar_q_clamp=0.0000
2026-08-30 10:14:59 | Epoch 244/400 | Train Loss 2.3101 Acc 0.1045 | Val Loss 2.3008 Acc 0.1129 AUC 0.5000 Pre 0.0113 Rec 0.1000
2026-08-30 10:14:59 | Diag logvar_q_mean=0.0000 logvar_q_clamp=0.0000
2026-08-30 10:15:03 | Epoch 245/400 | Train Loss 2.3091 Acc 0.1044 | Val Loss 2.3008 Acc 0.1129 AUC 0.5000 Pre 0.0113 Rec 0.1000
2026-08-30 10:15:04 | Diag logvar_q_mean=0.0000 logvar_q_clamp=0.0000
2026-08-30 10:15:08 | Epoch 246/400 | Train Loss 2.3104 Acc 0.1047 | Val Loss 2.3008 Acc 0.1129 AUC 0.5000 Pre 0.0113 Rec 0.1000
2026-08-30 10:15:08 | Diag logvar_q_mean=-0.0000 logvar_q_clamp=0.0000
2026-08-30 10:15:12 | Epoch 247/400 | Train Loss 2.3105 Acc 0.1007 | Val Loss 2.3008 Acc 0.1129 AUC 0.5000 Pre 0.0113 Rec 0.1000
2026-08-30 10:15:13 | Diag logvar_q_mean=-0.0000 logvar_q_clamp=0.0000
2026-08-30 10:15:17 | Epoch 248/400 | Train Loss 2.3096 Acc 0.1044 | Val Loss 2.3008 Acc 0.1129 AUC 0.5000 Pre 0.0113 Rec 0.1000
2026-08-30 10:15:17 | Diag logvar_q_mean=-0.0000 logvar_q_clamp=0.0000
2026-08-30 10:15:21 | Epoch 249/400 | Train Loss 2.3096 Acc 0.1040 | Val Loss 2.3007 Acc 0.1129 AUC 0.5000 Pre 0.0113 Rec 0.1000
2026-08-30 10:15:22 | Diag logvar_q_mean=-0.0000 logvar_q_clamp=0.0000
2026-08-30 10:15:26 | Epoch 250/400 | Train Loss 2.3090 Acc 0.1048 | Val Loss 2.3008 Acc 0.1129 AUC 0.5000 Pre 0.0113 Rec 0.1000
2026-08-30 10:15:26 | Diag logvar_q_mean=0.0000 logvar_q_clamp=0.0000
2026-08-30 10:15:30 | Epoch 251/400 | Train Loss 2.3099 Acc 0.1039 | Val Loss 2.3008 Acc 0.1129 AUC 0.5000 Pre 0.0113 Rec 0.1000
2026-08-30 10:15:31 | Diag logvar_q_mean=-0.0000 logvar_q_clamp=0.0000
2026-08-30 10:15:35 | Epoch 252/400 | Train Loss 2.3095 Acc 0.1031 | Val Loss 2.3008 Acc 0.1129 AUC 0.5000 Pre 0.0113 Rec 0.1000
2026-08-30 10:15:35 | Diag logvar_q_mean=-0.0000 logvar_q_clamp=0.0000
2026-08-30 10:15:39 | Epoch 253/400 | Train Loss 2.3094 Acc 0.1055 | Val Loss 2.3008 Acc 0.1129 AUC 0.5000 Pre 0.0113 Rec 0.1000
2026-08-30 10:15:40 | Diag logvar_q_mean=-0.0000 logvar_q_clamp=0.0000
2026-08-30 10:15:43 | Epoch 254/400 | Train Loss 2.3094 Acc 0.1040 | Val Loss 2.3008 Acc 0.1129 AUC 0.5000 Pre 0.0113 Rec 0.1000
2026-08-30 10:15:44 | Diag logvar_q_mean=0.0000 logvar_q_clamp=0.0000
2026-08-30 10:15:48 | Epoch 255/400 | Train Loss 2.3102 Acc 0.1029 | Val Loss 2.3008 Acc 0.1129 AUC 0.5000 Pre 0.0113 Rec 0.1000
2026-08-30 10:15:49 | Diag logvar_q_mean=-0.0000 logvar_q_clamp=0.0000
2026-08-30 10:15:52 | Epoch 256/400 | Train Loss 2.3096 Acc 0.1044 | Val Loss 2.3007 Acc 0.1129 AUC 0.5000 Pre 0.0113 Rec 0.1000
2026-08-30 10:15:53 | Diag logvar_q_mean=-0.0000 logvar_q_clamp=0.0000
2026-08-30 10:15:57 | Epoch 257/400 | Train Loss 2.3099 Acc 0.1044 | Val Loss 2.3008 Acc 0.1129 AUC 0.5000 Pre 0.0113 Rec 0.1000
2026-08-30 10:15:58 | Diag logvar_q_mean=-0.0000 logvar_q_clamp=0.0000
2026-08-30 10:16:02 | Epoch 258/400 | Train Loss 2.3095 Acc 0.1029 | Val Loss 2.3008 Acc 0.1129 AUC 0.5000 Pre 0.0113 Rec 0.1000
2026-08-30 10:16:02 | Diag logvar_q_mean=-0.0000 logvar_q_clamp=0.0000
2026-08-30 10:16:06 | Epoch 259/400 | Train Loss 2.3102 Acc 0.1041 | Val Loss 2.3008 Acc 0.1129 AUC 0.5000 Pre 0.0113 Rec 0.1000
2026-08-30 10:16:07 | Diag logvar_q_mean=-0.0000 logvar_q_clamp=0.0000
2026-08-30 10:16:11 | Epoch 260/400 | Train Loss 2.3095 Acc 0.1042 | Val Loss 2.3008 Acc 0.1129 AUC 0.5000 Pre 0.0113 Rec 0.1000
2026-08-30 10:16:11 | Diag logvar_q_mean=-0.0000 logvar_q_clamp=0.0000
2026-08-30 10:16:15 | Epoch 261/400 | Train Loss 2.3105 Acc 0.1030 | Val Loss 2.3008 Acc 0.1129 AUC 0.5000 Pre 0.0113 Rec 0.1000
2026-08-30 10:16:16 | Diag logvar_q_mean=-0.0000 logvar_q_clamp=0.0000
2026-08-30 10:16:20 | Epoch 262/400 | Train Loss 2.3099 Acc 0.1043 | Val Loss 2.3008 Acc 0.1129 AUC 0.5000 Pre 0.0113 Rec 0.1000
2026-08-30 10:16:20 | Diag logvar_q_mean=-0.0000 logvar_q_clamp=0.0000
2026-08-30 10:16:24 | Epoch 263/400 | Train Loss 2.3096 Acc 0.1027 | Val Loss 2.3007 Acc 0.1129 AUC 0.5000 Pre 0.0113 Rec 0.1000
2026-08-30 10:16:25 | Diag logvar_q_mean=0.0000 logvar_q_clamp=0.0000
2026-08-30 10:16:29 | Epoch 264/400 | Train Loss 2.3098 Acc 0.1052 | Val Loss 2.3008 Acc 0.1129 AUC 0.5000 Pre 0.0113 Rec 0.1000
2026-08-30 10:16:30 | Diag logvar_q_mean=-0.0000 logvar_q_clamp=0.0000
2026-08-30 10:16:33 | Epoch 265/400 | Train Loss 2.3094 Acc 0.1023 | Val Loss 2.3008 Acc 0.1129 AUC 0.5000 Pre 0.0113 Rec 0.1000
2026-08-30 10:16:34 | Diag logvar_q_mean=-0.0000 logvar_q_clamp=0.0000
2026-08-30 10:16:38 | Epoch 266/400 | Train Loss 2.3097 Acc 0.1019 | Val Loss 2.3008 Acc 0.1129 AUC 0.5000 Pre 0.0113 Rec 0.1000
2026-08-30 10:16:39 | Diag logvar_q_mean=-0.0000 logvar_q_clamp=0.0000
2026-08-30 10:16:42 | Epoch 267/400 | Train Loss 2.3100 Acc 0.1036 | Val Loss 2.3008 Acc 0.1129 AUC 0.5000 Pre 0.0113 Rec 0.1000
2026-08-30 10:16:43 | Diag logvar_q_mean=-0.0000 logvar_q_clamp=0.0000
2026-08-30 10:16:47 | Epoch 268/400 | Train Loss 2.3096 Acc 0.1032 | Val Loss 2.3007 Acc 0.1129 AUC 0.5000 Pre 0.0113 Rec 0.1000
2026-08-30 10:16:48 | Diag logvar_q_mean=-0.0000 logvar_q_clamp=0.0000
2026-08-30 10:16:51 | Epoch 269/400 | Train Loss 2.3103 Acc 0.1029 | Val Loss 2.3008 Acc 0.1129 AUC 0.5000 Pre 0.0113 Rec 0.1000
2026-08-30 10:16:52 | Diag logvar_q_mean=-0.0000 logvar_q_clamp=0.0000
2026-08-30 10:16:56 | Epoch 270/400 | Train Loss 2.3098 Acc 0.1044 | Val Loss 2.3008 Acc 0.1129 AUC 0.5000 Pre 0.0113 Rec 0.1000
2026-08-30 10:16:56 | Diag logvar_q_mean=-0.0000 logvar_q_clamp=0.0000
2026-08-30 10:17:00 | Epoch 271/400 | Train Loss 2.3100 Acc 0.1044 | Val Loss 2.3008 Acc 0.1129 AUC 0.5000 Pre 0.0113 Rec 0.1000
2026-08-30 10:17:01 | Diag logvar_q_mean=-0.0000 logvar_q_clamp=0.0000
2026-08-30 10:17:05 | Epoch 272/400 | Train Loss 2.3104 Acc 0.1021 | Val Loss 2.3008 Acc 0.1129 AUC 0.5000 Pre 0.0113 Rec 0.1000
2026-08-30 10:17:06 | Diag logvar_q_mean=-0.0000 logvar_q_clamp=0.0000
2026-08-30 10:17:10 | Epoch 273/400 | Train Loss 2.3086 Acc 0.1047 | Val Loss 2.3008 Acc 0.1129 AUC 0.5000 Pre 0.0113 Rec 0.1000
2026-08-30 10:17:10 | Diag logvar_q_mean=-0.0000 logvar_q_clamp=0.0000
2026-08-30 10:17:14 | Epoch 274/400 | Train Loss 2.3097 Acc 0.1053 | Val Loss 2.3008 Acc 0.1129 AUC 0.5000 Pre 0.0113 Rec 0.1000
2026-08-30 10:17:15 | Diag logvar_q_mean=-0.0000 logvar_q_clamp=0.0000
2026-08-30 10:17:19 | Epoch 275/400 | Train Loss 2.3105 Acc 0.1001 | Val Loss 2.3008 Acc 0.1129 AUC 0.5000 Pre 0.0113 Rec 0.1000
2026-08-30 10:17:19 | Diag logvar_q_mean=-0.0000 logvar_q_clamp=0.0000
2026-08-30 10:17:23 | Epoch 276/400 | Train Loss 2.3098 Acc 0.1034 | Val Loss 2.3008 Acc 0.1129 AUC 0.5000 Pre 0.0113 Rec 0.1000
2026-08-30 10:17:24 | Diag logvar_q_mean=-0.0000 logvar_q_clamp=0.0000
2026-08-30 10:17:28 | Epoch 277/400 | Train Loss 2.3099 Acc 0.1033 | Val Loss 2.3007 Acc 0.1129 AUC 0.5000 Pre 0.0113 Rec 0.1000
2026-08-30 10:17:28 | Diag logvar_q_mean=-0.0000 logvar_q_clamp=0.0000
2026-08-30 10:17:32 | Epoch 278/400 | Train Loss 2.3101 Acc 0.1031 | Val Loss 2.3008 Acc 0.1129 AUC 0.5000 Pre 0.0113 Rec 0.1000
2026-08-30 10:17:33 | Diag logvar_q_mean=-0.0000 logvar_q_clamp=0.0000
2026-08-30 10:17:37 | Epoch 279/400 | Train Loss 2.3100 Acc 0.1039 | Val Loss 2.3008 Acc 0.1129 AUC 0.5000 Pre 0.0113 Rec 0.1000
2026-08-30 10:17:37 | Diag logvar_q_mean=-0.0000 logvar_q_clamp=0.0000
2026-08-30 10:17:41 | Epoch 280/400 | Train Loss 2.3103 Acc 0.1046 | Val Loss 2.3008 Acc 0.1129 AUC 0.5000 Pre 0.0113 Rec 0.1000
2026-08-30 10:17:42 | Diag logvar_q_mean=0.0000 logvar_q_clamp=0.0000
2026-08-30 10:17:46 | Epoch 281/400 | Train Loss 2.3101 Acc 0.1037 | Val Loss 2.3008 Acc 0.1129 AUC 0.5000 Pre 0.0113 Rec 0.1000
2026-08-30 10:17:46 | Diag logvar_q_mean=-0.0000 logvar_q_clamp=0.0000
2026-08-30 10:17:50 | Epoch 282/400 | Train Loss 2.3101 Acc 0.1042 | Val Loss 2.3008 Acc 0.1129 AUC 0.5000 Pre 0.0113 Rec 0.1000
2026-08-30 10:17:51 | Diag logvar_q_mean=-0.0000 logvar_q_clamp=0.0000
2026-08-30 10:17:55 | Epoch 283/400 | Train Loss 2.3100 Acc 0.1045 | Val Loss 2.3008 Acc 0.1129 AUC 0.5000 Pre 0.0113 Rec 0.1000
2026-08-30 10:17:55 | Diag logvar_q_mean=-0.0000 logvar_q_clamp=0.0000
2026-08-30 10:17:59 | Epoch 284/400 | Train Loss 2.3098 Acc 0.1044 | Val Loss 2.3008 Acc 0.1129 AUC 0.5000 Pre 0.0113 Rec 0.1000
2026-08-30 10:18:00 | Diag logvar_q_mean=0.0000 logvar_q_clamp=0.0000
2026-08-30 10:18:04 | Epoch 285/400 | Train Loss 2.3109 Acc 0.1002 | Val Loss 2.3007 Acc 0.1129 AUC 0.5000 Pre 0.0113 Rec 0.1000
2026-08-30 10:18:04 | Diag logvar_q_mean=0.0000 logvar_q_clamp=0.0000
2026-08-30 10:18:08 | Epoch 286/400 | Train Loss 2.3092 Acc 0.1060 | Val Loss 2.3008 Acc 0.1129 AUC 0.5000 Pre 0.0113 Rec 0.1000
2026-08-30 10:18:09 | Diag logvar_q_mean=-0.0000 logvar_q_clamp=0.0000
2026-08-30 10:18:13 | Epoch 287/400 | Train Loss 2.3098 Acc 0.1022 | Val Loss 2.3007 Acc 0.1129 AUC 0.5000 Pre 0.0113 Rec 0.1000
2026-08-30 10:18:13 | Diag logvar_q_mean=-0.0000 logvar_q_clamp=0.0000
2026-08-30 10:18:17 | Epoch 288/400 | Train Loss 2.3096 Acc 0.1048 | Val Loss 2.3008 Acc 0.1129 AUC 0.5000 Pre 0.0113 Rec 0.1000
2026-08-30 10:18:18 | Diag logvar_q_mean=-0.0000 logvar_q_clamp=0.0000
2026-08-30 10:18:22 | Epoch 289/400 | Train Loss 2.3103 Acc 0.1039 | Val Loss 2.3008 Acc 0.1129 AUC 0.5000 Pre 0.0113 Rec 0.1000
2026-08-30 10:18:22 | Diag logvar_q_mean=-0.0000 logvar_q_clamp=0.0000
2026-08-30 10:18:26 | Epoch 290/400 | Train Loss 2.3105 Acc 0.1029 | Val Loss 2.3008 Acc 0.1129 AUC 0.5000 Pre 0.0113 Rec 0.1000
2026-08-30 10:18:27 | Diag logvar_q_mean=-0.0000 logvar_q_clamp=0.0000
2026-08-30 10:18:31 | Epoch 291/400 | Train Loss 2.3092 Acc 0.1058 | Val Loss 2.3008 Acc 0.1129 AUC 0.5000 Pre 0.0113 Rec 0.1000
2026-08-30 10:18:31 | Diag logvar_q_mean=-0.0000 logvar_q_clamp=0.0000
2026-08-30 10:18:35 | Epoch 292/400 | Train Loss 2.3094 Acc 0.1024 | Val Loss 2.3008 Acc 0.1129 AUC 0.5000 Pre 0.0113 Rec 0.1000
2026-08-30 10:18:36 | Diag logvar_q_mean=-0.0000 logvar_q_clamp=0.0000
2026-08-30 10:18:40 | Epoch 293/400 | Train Loss 2.3102 Acc 0.1036 | Val Loss 2.3008 Acc 0.1129 AUC 0.5000 Pre 0.0113 Rec 0.1000
2026-08-30 10:18:40 | Diag logvar_q_mean=-0.0000 logvar_q_clamp=0.0000
2026-08-30 10:18:44 | Epoch 294/400 | Train Loss 2.3095 Acc 0.1022 | Val Loss 2.3008 Acc 0.1129 AUC 0.5000 Pre 0.0113 Rec 0.1000
2026-08-30 10:18:45 | Diag logvar_q_mean=-0.0000 logvar_q_clamp=0.0000
2026-08-30 10:18:49 | Epoch 295/400 | Train Loss 2.3098 Acc 0.1022 | Val Loss 2.3008 Acc 0.1129 AUC 0.5000 Pre 0.0113 Rec 0.1000
2026-08-30 10:18:49 | Diag logvar_q_mean=-0.0000 logvar_q_clamp=0.0000
2026-08-30 10:18:53 | Epoch 296/400 | Train Loss 2.3090 Acc 0.1047 | Val Loss 2.3008 Acc 0.1129 AUC 0.5000 Pre 0.0113 Rec 0.1000
2026-08-30 10:18:54 | Diag logvar_q_mean=0.0000 logvar_q_clamp=0.0000
2026-08-30 10:18:58 | Epoch 297/400 | Train Loss 2.3104 Acc 0.1046 | Val Loss 2.3008 Acc 0.1129 AUC 0.5000 Pre 0.0113 Rec 0.1000
2026-08-30 10:18:58 | Diag logvar_q_mean=0.0000 logvar_q_clamp=0.0000
2026-08-30 10:19:02 | Epoch 298/400 | Train Loss 2.3093 Acc 0.1038 | Val Loss 2.3008 Acc 0.1129 AUC 0.5000 Pre 0.0113 Rec 0.1000
2026-08-30 10:19:03 | Diag logvar_q_mean=-0.0000 logvar_q_clamp=0.0000
2026-08-30 10:19:07 | Epoch 299/400 | Train Loss 2.3102 Acc 0.1028 | Val Loss 2.3008 Acc 0.1129 AUC 0.5000 Pre 0.0113 Rec 0.1000
2026-08-30 10:19:07 | Diag logvar_q_mean=-0.0000 logvar_q_clamp=0.0000
2026-08-30 10:19:11 | Epoch 300/400 | Train Loss 2.3096 Acc 0.1040 | Val Loss 2.3008 Acc 0.1129 AUC 0.5000 Pre 0.0113 Rec 0.1000
2026-08-30 10:19:12 | Diag logvar_q_mean=0.0000 logvar_q_clamp=0.0000
2026-08-30 10:19:16 | Epoch 301/400 | Train Loss 2.3107 Acc 0.1025 | Val Loss 2.3008 Acc 0.1129 AUC 0.5000 Pre 0.0113 Rec 0.1000
2026-08-30 10:19:16 | Diag logvar_q_mean=-0.0000 logvar_q_clamp=0.0000
2026-08-30 10:19:20 | Epoch 302/400 | Train Loss 2.3097 Acc 0.1022 | Val Loss 2.3008 Acc 0.1129 AUC 0.5000 Pre 0.0113 Rec 0.1000
2026-08-30 10:19:21 | Diag logvar_q_mean=-0.0000 logvar_q_clamp=0.0000
2026-08-30 10:19:25 | Epoch 303/400 | Train Loss 2.3099 Acc 0.1054 | Val Loss 2.3008 Acc 0.1129 AUC 0.5000 Pre 0.0113 Rec 0.1000
2026-08-30 10:19:25 | Diag logvar_q_mean=-0.0000 logvar_q_clamp=0.0000
2026-08-30 10:19:29 | Epoch 304/400 | Train Loss 2.3097 Acc 0.1035 | Val Loss 2.3008 Acc 0.1129 AUC 0.5000 Pre 0.0113 Rec 0.1000
2026-08-30 10:19:30 | Diag logvar_q_mean=-0.0000 logvar_q_clamp=0.0000
2026-08-30 10:19:34 | Epoch 305/400 | Train Loss 2.3087 Acc 0.1040 | Val Loss 2.3008 Acc 0.1129 AUC 0.5000 Pre 0.0113 Rec 0.1000
2026-08-30 10:19:34 | Diag logvar_q_mean=-0.0000 logvar_q_clamp=0.0000
2026-08-30 10:19:38 | Epoch 306/400 | Train Loss 2.3100 Acc 0.1036 | Val Loss 2.3008 Acc 0.1129 AUC 0.5000 Pre 0.0113 Rec 0.1000
2026-08-30 10:19:39 | Diag logvar_q_mean=0.0000 logvar_q_clamp=0.0000
2026-08-30 10:19:43 | Epoch 307/400 | Train Loss 2.3099 Acc 0.1045 | Val Loss 2.3008 Acc 0.1129 AUC 0.5000 Pre 0.0113 Rec 0.1000
2026-08-30 10:19:43 | Diag logvar_q_mean=-0.0000 logvar_q_clamp=0.0000
2026-08-30 10:19:47 | Epoch 308/400 | Train Loss 2.3099 Acc 0.1046 | Val Loss 2.3008 Acc 0.1129 AUC 0.5000 Pre 0.0113 Rec 0.1000
2026-08-30 10:19:48 | Diag logvar_q_mean=-0.0000 logvar_q_clamp=0.0000
2026-08-30 10:19:52 | Epoch 309/400 | Train Loss 2.3094 Acc 0.1025 | Val Loss 2.3008 Acc 0.1129 AUC 0.5000 Pre 0.0113 Rec 0.1000
2026-08-30 10:19:52 | Diag logvar_q_mean=-0.0000 logvar_q_clamp=0.0000
2026-08-30 10:19:56 | Epoch 310/400 | Train Loss 2.3095 Acc 0.1047 | Val Loss 2.3008 Acc 0.1129 AUC 0.5000 Pre 0.0113 Rec 0.1000
2026-08-30 10:19:57 | Diag logvar_q_mean=-0.0000 logvar_q_clamp=0.0000
2026-08-30 10:20:01 | Epoch 311/400 | Train Loss 2.3105 Acc 0.1037 | Val Loss 2.3008 Acc 0.1129 AUC 0.5000 Pre 0.0113 Rec 0.1000
2026-08-30 10:20:02 | Diag logvar_q_mean=-0.0000 logvar_q_clamp=0.0000
2026-08-30 10:20:06 | Epoch 312/400 | Train Loss 2.3089 Acc 0.1045 | Val Loss 2.3008 Acc 0.1129 AUC 0.5000 Pre 0.0113 Rec 0.1000
2026-08-30 10:20:06 | Diag logvar_q_mean=-0.0000 logvar_q_clamp=0.0000
2026-08-30 10:20:10 | Epoch 313/400 | Train Loss 2.3095 Acc 0.1052 | Val Loss 2.3008 Acc 0.1129 AUC 0.5000 Pre 0.0113 Rec 0.1000
2026-08-30 10:20:11 | Diag logvar_q_mean=-0.0000 logvar_q_clamp=0.0000
2026-08-30 10:20:15 | Epoch 314/400 | Train Loss 2.3107 Acc 0.1025 | Val Loss 2.3008 Acc 0.1129 AUC 0.5000 Pre 0.0113 Rec 0.1000
2026-08-30 10:20:15 | Diag logvar_q_mean=-0.0000 logvar_q_clamp=0.0000
2026-08-30 10:20:19 | Epoch 315/400 | Train Loss 2.3098 Acc 0.1042 | Val Loss 2.3008 Acc 0.1129 AUC 0.5000 Pre 0.0113 Rec 0.1000
2026-08-30 10:20:20 | Diag logvar_q_mean=-0.0000 logvar_q_clamp=0.0000
2026-08-30 10:20:24 | Epoch 316/400 | Train Loss 2.3093 Acc 0.1034 | Val Loss 2.3008 Acc 0.1129 AUC 0.5000 Pre 0.0113 Rec 0.1000
2026-08-30 10:20:24 | Diag logvar_q_mean=-0.0000 logvar_q_clamp=0.0000
2026-08-30 10:20:28 | Epoch 317/400 | Train Loss 2.3102 Acc 0.1018 | Val Loss 2.3008 Acc 0.1129 AUC 0.5000 Pre 0.0113 Rec 0.1000
2026-08-30 10:20:29 | Diag logvar_q_mean=-0.0000 logvar_q_clamp=0.0000
2026-08-30 10:20:33 | Epoch 318/400 | Train Loss 2.3100 Acc 0.1032 | Val Loss 2.3008 Acc 0.1129 AUC 0.5000 Pre 0.0113 Rec 0.1000
2026-08-30 10:20:33 | Diag logvar_q_mean=-0.0000 logvar_q_clamp=0.0000
2026-08-30 10:20:37 | Epoch 319/400 | Train Loss 2.3098 Acc 0.1023 | Val Loss 2.3008 Acc 0.1129 AUC 0.5000 Pre 0.0113 Rec 0.1000
2026-08-30 10:20:38 | Diag logvar_q_mean=-0.0000 logvar_q_clamp=0.0000
2026-08-30 10:20:42 | Epoch 320/400 | Train Loss 2.3100 Acc 0.1039 | Val Loss 2.3008 Acc 0.1129 AUC 0.5000 Pre 0.0113 Rec 0.1000
2026-08-30 10:20:42 | Diag logvar_q_mean=-0.0000 logvar_q_clamp=0.0000
2026-08-30 10:20:46 | Epoch 321/400 | Train Loss 2.3090 Acc 0.1026 | Val Loss 2.3008 Acc 0.1129 AUC 0.5000 Pre 0.0113 Rec 0.1000
2026-08-30 10:20:47 | Diag logvar_q_mean=-0.0000 logvar_q_clamp=0.0000
2026-08-30 10:20:51 | Epoch 322/400 | Train Loss 2.3098 Acc 0.1029 | Val Loss 2.3008 Acc 0.1129 AUC 0.5000 Pre 0.0113 Rec 0.1000
2026-08-30 10:20:51 | Diag logvar_q_mean=-0.0000 logvar_q_clamp=0.0000
2026-08-30 10:20:55 | Epoch 323/400 | Train Loss 2.3102 Acc 0.1039 | Val Loss 2.3008 Acc 0.1129 AUC 0.5000 Pre 0.0113 Rec 0.1000
2026-08-30 10:20:56 | Diag logvar_q_mean=-0.0000 logvar_q_clamp=0.0000
2026-08-30 10:21:00 | Epoch 324/400 | Train Loss 2.3097 Acc 0.1037 | Val Loss 2.3008 Acc 0.1129 AUC 0.5000 Pre 0.0113 Rec 0.1000
2026-08-30 10:21:00 | Diag logvar_q_mean=-0.0000 logvar_q_clamp=0.0000
2026-08-30 10:21:04 | Epoch 325/400 | Train Loss 2.3102 Acc 0.1028 | Val Loss 2.3008 Acc 0.1129 AUC 0.5000 Pre 0.0113 Rec 0.1000
2026-08-30 10:21:05 | Diag logvar_q_mean=-0.0000 logvar_q_clamp=0.0000
2026-08-30 10:21:09 | Epoch 326/400 | Train Loss 2.3102 Acc 0.1024 | Val Loss 2.3008 Acc 0.1129 AUC 0.5000 Pre 0.0113 Rec 0.1000
2026-08-30 10:21:09 | Diag logvar_q_mean=0.0000 logvar_q_clamp=0.0000
2026-08-30 10:21:13 | Epoch 327/400 | Train Loss 2.3092 Acc 0.1040 | Val Loss 2.3007 Acc 0.1129 AUC 0.5000 Pre 0.0113 Rec 0.1000
2026-08-30 10:21:14 | Diag logvar_q_mean=-0.0000 logvar_q_clamp=0.0000
2026-08-30 10:21:18 | Epoch 328/400 | Train Loss 2.3104 Acc 0.1042 | Val Loss 2.3008 Acc 0.1129 AUC 0.5000 Pre 0.0113 Rec 0.1000
2026-08-30 10:21:18 | Diag logvar_q_mean=-0.0000 logvar_q_clamp=0.0000
2026-08-30 10:21:22 | Epoch 329/400 | Train Loss 2.3095 Acc 0.1044 | Val Loss 2.3008 Acc 0.1129 AUC 0.5000 Pre 0.0113 Rec 0.1000
2026-08-30 10:21:23 | Diag logvar_q_mean=-0.0000 logvar_q_clamp=0.0000
2026-08-30 10:21:27 | Epoch 330/400 | Train Loss 2.3095 Acc 0.1061 | Val Loss 2.3008 Acc 0.1129 AUC 0.5000 Pre 0.0113 Rec 0.1000
2026-08-30 10:21:27 | Diag logvar_q_mean=-0.0000 logvar_q_clamp=0.0000
2026-08-30 10:21:31 | Epoch 331/400 | Train Loss 2.3096 Acc 0.1048 | Val Loss 2.3008 Acc 0.1129 AUC 0.5000 Pre 0.0113 Rec 0.1000
2026-08-30 10:21:32 | Diag logvar_q_mean=-0.0000 logvar_q_clamp=0.0000
2026-08-30 10:21:36 | Epoch 332/400 | Train Loss 2.3093 Acc 0.1050 | Val Loss 2.3008 Acc 0.1129 AUC 0.5000 Pre 0.0113 Rec 0.1000
2026-08-30 10:21:36 | Diag logvar_q_mean=-0.0000 logvar_q_clamp=0.0000
2026-08-30 10:21:40 | Epoch 333/400 | Train Loss 2.3104 Acc 0.1038 | Val Loss 2.3008 Acc 0.1129 AUC 0.5000 Pre 0.0113 Rec 0.1000
2026-08-30 10:21:41 | Diag logvar_q_mean=-0.0000 logvar_q_clamp=0.0000
2026-08-30 10:21:45 | Epoch 334/400 | Train Loss 2.3101 Acc 0.1036 | Val Loss 2.3008 Acc 0.1129 AUC 0.5000 Pre 0.0113 Rec 0.1000
2026-08-30 10:21:45 | Diag logvar_q_mean=-0.0000 logvar_q_clamp=0.0000
2026-08-30 10:21:49 | Epoch 335/400 | Train Loss 2.3108 Acc 0.1014 | Val Loss 2.3008 Acc 0.1129 AUC 0.5000 Pre 0.0113 Rec 0.1000
2026-08-30 10:21:50 | Diag logvar_q_mean=-0.0000 logvar_q_clamp=0.0000
2026-08-30 10:21:54 | Epoch 336/400 | Train Loss 2.3089 Acc 0.1060 | Val Loss 2.3008 Acc 0.1129 AUC 0.5000 Pre 0.0113 Rec 0.1000
2026-08-30 10:21:55 | Diag logvar_q_mean=-0.0000 logvar_q_clamp=0.0000
2026-08-30 10:21:59 | Epoch 337/400 | Train Loss 2.3106 Acc 0.1025 | Val Loss 2.3008 Acc 0.1129 AUC 0.5000 Pre 0.0113 Rec 0.1000
2026-08-30 10:21:59 | Diag logvar_q_mean=-0.0000 logvar_q_clamp=0.0000
2026-08-30 10:22:03 | Epoch 338/400 | Train Loss 2.3093 Acc 0.1038 | Val Loss 2.3008 Acc 0.1129 AUC 0.5000 Pre 0.0113 Rec 0.1000
2026-08-30 10:22:04 | Diag logvar_q_mean=-0.0000 logvar_q_clamp=0.0000
2026-08-30 10:22:07 | Epoch 339/400 | Train Loss 2.3098 Acc 0.1034 | Val Loss 2.3008 Acc 0.1129 AUC 0.5000 Pre 0.0113 Rec 0.1000
2026-08-30 10:22:08 | Diag logvar_q_mean=-0.0000 logvar_q_clamp=0.0000
2026-08-30 10:22:12 | Epoch 340/400 | Train Loss 2.3103 Acc 0.1032 | Val Loss 2.3008 Acc 0.1129 AUC 0.5000 Pre 0.0113 Rec 0.1000
2026-08-30 10:22:13 | Diag logvar_q_mean=-0.0000 logvar_q_clamp=0.0000
2026-08-30 10:22:17 | Epoch 341/400 | Train Loss 2.3099 Acc 0.1018 | Val Loss 2.3008 Acc 0.1129 AUC 0.5000 Pre 0.0113 Rec 0.1000
2026-08-30 10:22:17 | Diag logvar_q_mean=-0.0000 logvar_q_clamp=0.0000
2026-08-30 10:22:21 | Epoch 342/400 | Train Loss 2.3101 Acc 0.1049 | Val Loss 2.3008 Acc 0.1129 AUC 0.5000 Pre 0.0113 Rec 0.1000
2026-08-30 10:22:22 | Diag logvar_q_mean=-0.0000 logvar_q_clamp=0.0000
2026-08-30 10:22:26 | Epoch 343/400 | Train Loss 2.3100 Acc 0.1020 | Val Loss 2.3008 Acc 0.1129 AUC 0.5000 Pre 0.0113 Rec 0.1000
2026-08-30 10:22:26 | Diag logvar_q_mean=-0.0000 logvar_q_clamp=0.0000
2026-08-30 10:22:30 | Epoch 344/400 | Train Loss 2.3093 Acc 0.1011 | Val Loss 2.3008 Acc 0.1129 AUC 0.5000 Pre 0.0113 Rec 0.1000
2026-08-30 10:22:31 | Diag logvar_q_mean=-0.0000 logvar_q_clamp=0.0000
2026-08-30 10:22:34 | Epoch 345/400 | Train Loss 2.3101 Acc 0.1033 | Val Loss 2.3007 Acc 0.1129 AUC 0.5000 Pre 0.0113 Rec 0.1000
2026-08-30 10:22:35 | Diag logvar_q_mean=-0.0000 logvar_q_clamp=0.0000
2026-08-30 10:22:39 | Epoch 346/400 | Train Loss 2.3100 Acc 0.1039 | Val Loss 2.3008 Acc 0.1129 AUC 0.5000 Pre 0.0113 Rec 0.1000
2026-08-30 10:22:40 | Diag logvar_q_mean=-0.0000 logvar_q_clamp=0.0000
2026-08-30 10:22:43 | Epoch 347/400 | Train Loss 2.3089 Acc 0.1078 | Val Loss 2.3008 Acc 0.1129 AUC 0.5000 Pre 0.0113 Rec 0.1000
2026-08-30 10:22:44 | Diag logvar_q_mean=-0.0000 logvar_q_clamp=0.0000
2026-08-30 10:22:48 | Epoch 348/400 | Train Loss 2.3105 Acc 0.1026 | Val Loss 2.3008 Acc 0.1129 AUC 0.5000 Pre 0.0113 Rec 0.1000
2026-08-30 10:22:49 | Diag logvar_q_mean=-0.0000 logvar_q_clamp=0.0000
2026-08-30 10:22:52 | Epoch 349/400 | Train Loss 2.3096 Acc 0.1023 | Val Loss 2.3008 Acc 0.1129 AUC 0.5000 Pre 0.0113 Rec 0.1000
2026-08-30 10:22:53 | Diag logvar_q_mean=0.0000 logvar_q_clamp=0.0000
2026-08-30 10:22:57 | Epoch 350/400 | Train Loss 2.3095 Acc 0.1028 | Val Loss 2.3008 Acc 0.1129 AUC 0.5000 Pre 0.0113 Rec 0.1000
2026-08-30 10:22:57 | Diag logvar_q_mean=-0.0000 logvar_q_clamp=0.0000
2026-08-30 10:23:01 | Epoch 351/400 | Train Loss 2.3104 Acc 0.1018 | Val Loss 2.3008 Acc 0.1129 AUC 0.5000 Pre 0.0113 Rec 0.1000
2026-08-30 10:23:02 | Diag logvar_q_mean=-0.0000 logvar_q_clamp=0.0000
2026-08-30 10:23:06 | Epoch 352/400 | Train Loss 2.3105 Acc 0.1022 | Val Loss 2.3008 Acc 0.1129 AUC 0.5000 Pre 0.0113 Rec 0.1000
2026-08-30 10:23:06 | Diag logvar_q_mean=-0.0000 logvar_q_clamp=0.0000
2026-08-30 10:23:10 | Epoch 353/400 | Train Loss 2.3085 Acc 0.1051 | Val Loss 2.3008 Acc 0.1129 AUC 0.5000 Pre 0.0113 Rec 0.1000
2026-08-30 10:23:11 | Diag logvar_q_mean=-0.0000 logvar_q_clamp=0.0000
2026-08-30 10:23:15 | Epoch 354/400 | Train Loss 2.3106 Acc 0.1030 | Val Loss 2.3008 Acc 0.1129 AUC 0.5000 Pre 0.0113 Rec 0.1000
2026-08-30 10:23:15 | Diag logvar_q_mean=-0.0000 logvar_q_clamp=0.0000
2026-08-30 10:23:19 | Epoch 355/400 | Train Loss 2.3102 Acc 0.1023 | Val Loss 2.3007 Acc 0.1129 AUC 0.5000 Pre 0.0113 Rec 0.1000
2026-08-30 10:23:20 | Diag logvar_q_mean=-0.0000 logvar_q_clamp=0.0000
2026-08-30 10:23:24 | Epoch 356/400 | Train Loss 2.3096 Acc 0.1039 | Val Loss 2.3007 Acc 0.1129 AUC 0.5000 Pre 0.0113 Rec 0.1000
2026-08-30 10:23:25 | Diag logvar_q_mean=0.0000 logvar_q_clamp=0.0000
2026-08-30 10:23:29 | Epoch 357/400 | Train Loss 2.3103 Acc 0.1024 | Val Loss 2.3008 Acc 0.1129 AUC 0.5000 Pre 0.0113 Rec 0.1000
2026-08-30 10:23:29 | Diag logvar_q_mean=-0.0000 logvar_q_clamp=0.0000
2026-08-30 10:23:33 | Epoch 358/400 | Train Loss 2.3097 Acc 0.1006 | Val Loss 2.3008 Acc 0.1129 AUC 0.5000 Pre 0.0113 Rec 0.1000
2026-08-30 10:23:34 | Diag logvar_q_mean=-0.0000 logvar_q_clamp=0.0000
2026-08-30 10:23:38 | Epoch 359/400 | Train Loss 2.3098 Acc 0.1046 | Val Loss 2.3008 Acc 0.1129 AUC 0.5000 Pre 0.0113 Rec 0.1000
2026-08-30 10:23:38 | Diag logvar_q_mean=-0.0000 logvar_q_clamp=0.0000
2026-08-30 10:23:42 | Epoch 360/400 | Train Loss 2.3096 Acc 0.1042 | Val Loss 2.3008 Acc 0.1129 AUC 0.5000 Pre 0.0113 Rec 0.1000
2026-08-30 10:23:43 | Diag logvar_q_mean=-0.0000 logvar_q_clamp=0.0000
2026-08-30 10:23:47 | Epoch 361/400 | Train Loss 2.3105 Acc 0.1038 | Val Loss 2.3008 Acc 0.1129 AUC 0.5000 Pre 0.0113 Rec 0.1000
2026-08-30 10:23:47 | Diag logvar_q_mean=0.0000 logvar_q_clamp=0.0000
2026-08-30 10:23:51 | Epoch 362/400 | Train Loss 2.3098 Acc 0.1031 | Val Loss 2.3008 Acc 0.1129 AUC 0.5000 Pre 0.0113 Rec 0.1000
2026-08-30 10:23:52 | Diag logvar_q_mean=0.0000 logvar_q_clamp=0.0000
2026-08-30 10:23:56 | Epoch 363/400 | Train Loss 2.3098 Acc 0.1061 | Val Loss 2.3008 Acc 0.1129 AUC 0.5000 Pre 0.0113 Rec 0.1000
2026-08-30 10:23:56 | Diag logvar_q_mean=-0.0000 logvar_q_clamp=0.0000
2026-08-30 10:24:00 | Epoch 364/400 | Train Loss 2.3102 Acc 0.1028 | Val Loss 2.3008 Acc 0.1129 AUC 0.5000 Pre 0.0113 Rec 0.1000
2026-08-30 10:24:01 | Diag logvar_q_mean=-0.0000 logvar_q_clamp=0.0000
2026-08-30 10:24:05 | Epoch 365/400 | Train Loss 2.3095 Acc 0.1059 | Val Loss 2.3008 Acc 0.1129 AUC 0.5000 Pre 0.0113 Rec 0.1000
2026-08-30 10:24:05 | Diag logvar_q_mean=-0.0000 logvar_q_clamp=0.0000
2026-08-30 10:24:09 | Epoch 366/400 | Train Loss 2.3099 Acc 0.1051 | Val Loss 2.3008 Acc 0.1129 AUC 0.5000 Pre 0.0113 Rec 0.1000
2026-08-30 10:24:10 | Diag logvar_q_mean=-0.0000 logvar_q_clamp=0.0000
2026-08-30 10:24:14 | Epoch 367/400 | Train Loss 2.3098 Acc 0.1024 | Val Loss 2.3008 Acc 0.1129 AUC 0.5000 Pre 0.0113 Rec 0.1000
2026-08-30 10:24:14 | Diag logvar_q_mean=-0.0000 logvar_q_clamp=0.0000
2026-08-30 10:24:18 | Epoch 368/400 | Train Loss 2.3086 Acc 0.1075 | Val Loss 2.3008 Acc 0.1129 AUC 0.5000 Pre 0.0113 Rec 0.1000
2026-08-30 10:24:19 | Diag logvar_q_mean=-0.0000 logvar_q_clamp=0.0000
2026-08-30 10:24:23 | Epoch 369/400 | Train Loss 2.3105 Acc 0.1044 | Val Loss 2.3008 Acc 0.1129 AUC 0.5000 Pre 0.0113 Rec 0.1000
2026-08-30 10:24:23 | Diag logvar_q_mean=-0.0000 logvar_q_clamp=0.0000
2026-08-30 10:24:27 | Epoch 370/400 | Train Loss 2.3098 Acc 0.1045 | Val Loss 2.3008 Acc 0.1129 AUC 0.5000 Pre 0.0113 Rec 0.1000
2026-08-30 10:24:28 | Diag logvar_q_mean=-0.0000 logvar_q_clamp=0.0000
2026-08-30 10:24:32 | Epoch 371/400 | Train Loss 2.3104 Acc 0.1030 | Val Loss 2.3007 Acc 0.1129 AUC 0.5000 Pre 0.0113 Rec 0.1000
2026-08-30 10:24:32 | Diag logvar_q_mean=-0.0000 logvar_q_clamp=0.0000
2026-08-30 10:24:36 | Epoch 372/400 | Train Loss 2.3099 Acc 0.1034 | Val Loss 2.3008 Acc 0.1129 AUC 0.5000 Pre 0.0113 Rec 0.1000
2026-08-30 10:24:37 | Diag logvar_q_mean=-0.0000 logvar_q_clamp=0.0000
2026-08-30 10:24:41 | Epoch 373/400 | Train Loss 2.3090 Acc 0.1045 | Val Loss 2.3008 Acc 0.1129 AUC 0.5000 Pre 0.0113 Rec 0.1000
2026-08-30 10:24:41 | Diag logvar_q_mean=-0.0000 logvar_q_clamp=0.0000
2026-08-30 10:24:45 | Epoch 374/400 | Train Loss 2.3101 Acc 0.1029 | Val Loss 2.3008 Acc 0.1129 AUC 0.5000 Pre 0.0113 Rec 0.1000
2026-08-30 10:24:46 | Diag logvar_q_mean=-0.0000 logvar_q_clamp=0.0000
2026-08-30 10:24:50 | Epoch 375/400 | Train Loss 2.3092 Acc 0.1038 | Val Loss 2.3008 Acc 0.1129 AUC 0.5000 Pre 0.0113 Rec 0.1000
2026-08-30 10:24:51 | Diag logvar_q_mean=0.0000 logvar_q_clamp=0.0000
2026-08-30 10:24:55 | Epoch 376/400 | Train Loss 2.3106 Acc 0.1041 | Val Loss 2.3008 Acc 0.1129 AUC 0.5000 Pre 0.0113 Rec 0.1000
2026-08-30 10:24:55 | Diag logvar_q_mean=-0.0000 logvar_q_clamp=0.0000
2026-08-30 10:24:59 | Epoch 377/400 | Train Loss 2.3095 Acc 0.1050 | Val Loss 2.3008 Acc 0.1129 AUC 0.5000 Pre 0.0113 Rec 0.1000
2026-08-30 10:25:00 | Diag logvar_q_mean=-0.0000 logvar_q_clamp=0.0000
2026-08-30 10:25:04 | Epoch 378/400 | Train Loss 2.3102 Acc 0.1018 | Val Loss 2.3008 Acc 0.1129 AUC 0.5000 Pre 0.0113 Rec 0.1000
2026-08-30 10:25:04 | Diag logvar_q_mean=-0.0000 logvar_q_clamp=0.0000
2026-08-30 10:25:08 | Epoch 379/400 | Train Loss 2.3095 Acc 0.1027 | Val Loss 2.3007 Acc 0.1129 AUC 0.5000 Pre 0.0113 Rec 0.1000
2026-08-30 10:25:09 | Diag logvar_q_mean=-0.0000 logvar_q_clamp=0.0000
2026-08-30 10:25:13 | Epoch 380/400 | Train Loss 2.3094 Acc 0.1040 | Val Loss 2.3008 Acc 0.1129 AUC 0.5000 Pre 0.0113 Rec 0.1000
2026-08-30 10:25:14 | Diag logvar_q_mean=-0.0000 logvar_q_clamp=0.0000
2026-08-30 10:25:17 | Epoch 381/400 | Train Loss 2.3097 Acc 0.1033 | Val Loss 2.3008 Acc 0.1129 AUC 0.5000 Pre 0.0113 Rec 0.1000
2026-08-30 10:25:18 | Diag logvar_q_mean=-0.0000 logvar_q_clamp=0.0000
2026-08-30 10:25:22 | Epoch 382/400 | Train Loss 2.3101 Acc 0.1046 | Val Loss 2.3008 Acc 0.1129 AUC 0.5000 Pre 0.0113 Rec 0.1000
2026-08-30 10:25:22 | Diag logvar_q_mean=0.0000 logvar_q_clamp=0.0000
2026-08-30 10:25:26 | Epoch 383/400 | Train Loss 2.3099 Acc 0.1029 | Val Loss 2.3008 Acc 0.1129 AUC 0.5000 Pre 0.0113 Rec 0.1000
2026-08-30 10:25:27 | Diag logvar_q_mean=-0.0000 logvar_q_clamp=0.0000
2026-08-30 10:25:31 | Epoch 384/400 | Train Loss 2.3098 Acc 0.1045 | Val Loss 2.3008 Acc 0.1129 AUC 0.5000 Pre 0.0113 Rec 0.1000
2026-08-30 10:25:31 | Diag logvar_q_mean=-0.0000 logvar_q_clamp=0.0000
2026-08-30 10:25:35 | Epoch 385/400 | Train Loss 2.3097 Acc 0.1029 | Val Loss 2.3008 Acc 0.1129 AUC 0.5000 Pre 0.0113 Rec 0.1000
2026-08-30 10:25:36 | Diag logvar_q_mean=-0.0000 logvar_q_clamp=0.0000
2026-08-30 10:25:40 | Epoch 386/400 | Train Loss 2.3101 Acc 0.1051 | Val Loss 2.3008 Acc 0.1129 AUC 0.5000 Pre 0.0113 Rec 0.1000
2026-08-30 10:25:40 | Diag logvar_q_mean=-0.0000 logvar_q_clamp=0.0000
2026-08-30 10:25:44 | Epoch 387/400 | Train Loss 2.3102 Acc 0.1047 | Val Loss 2.3008 Acc 0.1129 AUC 0.5000 Pre 0.0113 Rec 0.1000
2026-08-30 10:25:45 | Diag logvar_q_mean=-0.0000 logvar_q_clamp=0.0000
2026-08-30 10:25:48 | Epoch 388/400 | Train Loss 2.3101 Acc 0.1052 | Val Loss 2.3008 Acc 0.1129 AUC 0.5000 Pre 0.0113 Rec 0.1000
2026-08-30 10:25:49 | Diag logvar_q_mean=-0.0000 logvar_q_clamp=0.0000
2026-08-30 10:25:53 | Epoch 389/400 | Train Loss 2.3090 Acc 0.1053 | Val Loss 2.3008 Acc 0.1129 AUC 0.5000 Pre 0.0113 Rec 0.1000
2026-08-30 10:25:53 | Diag logvar_q_mean=-0.0000 logvar_q_clamp=0.0000
2026-08-30 10:25:57 | Epoch 390/400 | Train Loss 2.3100 Acc 0.1047 | Val Loss 2.3008 Acc 0.1129 AUC 0.5000 Pre 0.0113 Rec 0.1000
2026-08-30 10:25:58 | Diag logvar_q_mean=-0.0000 logvar_q_clamp=0.0000
2026-08-30 10:26:02 | Epoch 391/400 | Train Loss 2.3104 Acc 0.1020 | Val Loss 2.3008 Acc 0.1129 AUC 0.5000 Pre 0.0113 Rec 0.1000
2026-08-30 10:26:02 | Diag logvar_q_mean=-0.0000 logvar_q_clamp=0.0000
2026-08-30 10:26:06 | Epoch 392/400 | Train Loss 2.3094 Acc 0.1048 | Val Loss 2.3008 Acc 0.1129 AUC 0.5000 Pre 0.0113 Rec 0.1000
2026-08-30 10:26:07 | Diag logvar_q_mean=-0.0000 logvar_q_clamp=0.0000
2026-08-30 10:26:11 | Epoch 393/400 | Train Loss 2.3097 Acc 0.1067 | Val Loss 2.3008 Acc 0.1129 AUC 0.5000 Pre 0.0113 Rec 0.1000
2026-08-30 10:26:11 | Diag logvar_q_mean=-0.0000 logvar_q_clamp=0.0000
2026-08-30 10:26:15 | Epoch 394/400 | Train Loss 2.3096 Acc 0.1030 | Val Loss 2.3008 Acc 0.1129 AUC 0.5000 Pre 0.0113 Rec 0.1000
2026-08-30 10:26:16 | Diag logvar_q_mean=-0.0000 logvar_q_clamp=0.0000
2026-08-30 10:26:20 | Epoch 395/400 | Train Loss 2.3101 Acc 0.1030 | Val Loss 2.3008 Acc 0.1129 AUC 0.5000 Pre 0.0113 Rec 0.1000
2026-08-30 10:26:20 | Diag logvar_q_mean=-0.0000 logvar_q_clamp=0.0000
2026-08-30 10:26:24 | Epoch 396/400 | Train Loss 2.3100 Acc 0.1030 | Val Loss 2.3008 Acc 0.1129 AUC 0.5000 Pre 0.0113 Rec 0.1000
2026-08-30 10:26:25 | Diag logvar_q_mean=-0.0000 logvar_q_clamp=0.0000
2026-08-30 10:26:29 | Epoch 397/400 | Train Loss 2.3093 Acc 0.1044 | Val Loss 2.3007 Acc 0.1129 AUC 0.5000 Pre 0.0113 Rec 0.1000
2026-08-30 10:26:29 | Diag logvar_q_mean=-0.0000 logvar_q_clamp=0.0000
2026-08-30 10:26:33 | Epoch 398/400 | Train Loss 2.3097 Acc 0.1052 | Val Loss 2.3008 Acc 0.1129 AUC 0.5000 Pre 0.0113 Rec 0.1000
2026-08-30 10:26:34 | Diag logvar_q_mean=-0.0000 logvar_q_clamp=0.0000
2026-08-30 10:26:38 | Epoch 399/400 | Train Loss 2.3099 Acc 0.1027 | Val Loss 2.3008 Acc 0.1129 AUC 0.5000 Pre 0.0113 Rec 0.1000
2026-08-30 10:26:39 | Diag logvar_q_mean=-0.0000 logvar_q_clamp=0.0000
2026-08-30 10:26:43 | Epoch 400/400 | Train Loss 2.3097 Acc 0.1038 | Val Loss 2.3008 Acc 0.1129 AUC 0.5000 Pre 0.0113 Rec 0.1000
2026-08-30 10:26:43 | Diag logvar_q_mean=-0.0000 logvar_q_clamp=0.0000
2026-08-30 10:26:44 | Run 2/5 | Test (best model @ Epoch 4) | Loss 2.3011 Acc 0.1135 AUC 0.6211 Pre 0.0114 Rec 0.1000
2026-08-30 10:26:44 | ===== Run 3/5 (seed 2) =====
2026-08-30 10:26:48 | Epoch   1/400 | Train Loss 2.9398 Acc 0.1022 | Val Loss 2.3056 Acc 0.1129 AUC 0.5624 Pre 0.0113 Rec 0.1000
2026-08-30 10:26:48 | Diag logvar_q_mean=-0.0000 logvar_q_clamp=0.0000
2026-08-30 10:26:48 |   Val AUC improved to 0.5624, model saved
2026-08-30 10:26:52 | Epoch   2/400 | Train Loss 2.3383 Acc 0.1004 | Val Loss 2.3022 Acc 0.1129 AUC 0.5617 Pre 0.0113 Rec 0.1000
2026-08-30 10:26:53 | Diag logvar_q_mean=-0.0000 logvar_q_clamp=0.0000
2026-08-30 10:26:57 | Epoch   3/400 | Train Loss 2.3177 Acc 0.1014 | Val Loss 2.3011 Acc 0.1129 AUC 0.5595 Pre 0.0113 Rec 0.1000
2026-08-30 10:26:57 | Diag logvar_q_mean=-0.0000 logvar_q_clamp=0.0000
2026-08-30 10:27:01 | Epoch   4/400 | Train Loss 2.3112 Acc 0.1050 | Val Loss 2.3008 Acc 0.1129 AUC 0.5899 Pre 0.0113 Rec 0.1000
2026-08-30 10:27:02 | Diag logvar_q_mean=-0.0000 logvar_q_clamp=0.0000
2026-08-30 10:27:02 |   Val AUC improved to 0.5899, model saved
2026-08-30 10:27:06 | Epoch   5/400 | Train Loss 2.3104 Acc 0.1050 | Val Loss 2.3008 Acc 0.1129 AUC 0.5803 Pre 0.0113 Rec 0.1000
2026-08-30 10:27:06 | Diag logvar_q_mean=-0.0000 logvar_q_clamp=0.0000
2026-08-30 10:27:10 | Epoch   6/400 | Train Loss 2.3099 Acc 0.1017 | Val Loss 2.3008 Acc 0.1129 AUC 0.5460 Pre 0.0113 Rec 0.1000
2026-08-30 10:27:11 | Diag logvar_q_mean=-0.0000 logvar_q_clamp=0.0000
2026-08-30 10:27:15 | Epoch   7/400 | Train Loss 2.3102 Acc 0.1023 | Val Loss 2.3008 Acc 0.1129 AUC 0.5004 Pre 0.0113 Rec 0.1000
2026-08-30 10:27:16 | Diag logvar_q_mean=-0.0000 logvar_q_clamp=0.0000
2026-08-30 10:27:19 | Epoch   8/400 | Train Loss 2.3097 Acc 0.1056 | Val Loss 2.3008 Acc 0.1129 AUC 0.5000 Pre 0.0113 Rec 0.1000
2026-08-30 10:27:20 | Diag logvar_q_mean=-0.0000 logvar_q_clamp=0.0000
2026-08-30 10:27:24 | Epoch   9/400 | Train Loss 2.3103 Acc 0.1013 | Val Loss 2.3008 Acc 0.1129 AUC 0.4999 Pre 0.0113 Rec 0.1000
2026-08-30 10:27:24 | Diag logvar_q_mean=-0.0000 logvar_q_clamp=0.0000
2026-08-30 10:27:28 | Epoch  10/400 | Train Loss 2.3094 Acc 0.1023 | Val Loss 2.3008 Acc 0.1129 AUC 0.4998 Pre 0.0113 Rec 0.1000
2026-08-30 10:27:29 | Diag logvar_q_mean=-0.0000 logvar_q_clamp=0.0000
2026-08-30 10:27:33 | Epoch  11/400 | Train Loss 2.3103 Acc 0.1022 | Val Loss 2.3008 Acc 0.1129 AUC 0.4999 Pre 0.0113 Rec 0.1000
2026-08-30 10:27:33 | Diag logvar_q_mean=-0.0000 logvar_q_clamp=0.0000
2026-08-30 10:27:37 | Epoch  12/400 | Train Loss 2.3107 Acc 0.1035 | Val Loss 2.3008 Acc 0.1129 AUC 0.5000 Pre 0.0113 Rec 0.1000
2026-08-30 10:27:38 | Diag logvar_q_mean=0.0000 logvar_q_clamp=0.0000
2026-08-30 10:27:42 | Epoch  13/400 | Train Loss 2.3094 Acc 0.1026 | Val Loss 2.3008 Acc 0.1129 AUC 0.5000 Pre 0.0113 Rec 0.1000
2026-08-30 10:27:42 | Diag logvar_q_mean=0.0000 logvar_q_clamp=0.0000
2026-08-30 10:27:46 | Epoch  14/400 | Train Loss 2.3102 Acc 0.1038 | Val Loss 2.3007 Acc 0.1129 AUC 0.4998 Pre 0.0113 Rec 0.1000
2026-08-30 10:27:47 | Diag logvar_q_mean=-0.0000 logvar_q_clamp=0.0000
2026-08-30 10:27:51 | Epoch  15/400 | Train Loss 2.3101 Acc 0.1033 | Val Loss 2.3008 Acc 0.1129 AUC 0.4999 Pre 0.0113 Rec 0.1000
2026-08-30 10:27:51 | Diag logvar_q_mean=-0.0000 logvar_q_clamp=0.0000
2026-08-30 10:27:55 | Epoch  16/400 | Train Loss 2.3099 Acc 0.1050 | Val Loss 2.3008 Acc 0.1129 AUC 0.5001 Pre 0.0113 Rec 0.1000
2026-08-30 10:27:56 | Diag logvar_q_mean=-0.0000 logvar_q_clamp=0.0000
2026-08-30 10:28:00 | Epoch  17/400 | Train Loss 2.3094 Acc 0.1027 | Val Loss 2.3008 Acc 0.1129 AUC 0.5000 Pre 0.0113 Rec 0.1000
2026-08-30 10:28:01 | Diag logvar_q_mean=-0.0000 logvar_q_clamp=0.0000
2026-08-30 10:28:04 | Epoch  18/400 | Train Loss 2.3097 Acc 0.1035 | Val Loss 2.3007 Acc 0.1129 AUC 0.4999 Pre 0.0113 Rec 0.1000
2026-08-30 10:28:05 | Diag logvar_q_mean=-0.0000 logvar_q_clamp=0.0000
2026-08-30 10:28:09 | Epoch  19/400 | Train Loss 2.3095 Acc 0.1055 | Val Loss 2.3008 Acc 0.1129 AUC 0.5001 Pre 0.0113 Rec 0.1000
2026-08-30 10:28:10 | Diag logvar_q_mean=-0.0000 logvar_q_clamp=0.0000
2026-08-30 10:28:14 | Epoch  20/400 | Train Loss 2.3102 Acc 0.1021 | Val Loss 2.3007 Acc 0.1129 AUC 0.5001 Pre 0.0113 Rec 0.1000
2026-08-30 10:28:14 | Diag logvar_q_mean=-0.0000 logvar_q_clamp=0.0000
2026-08-30 10:28:18 | Epoch  21/400 | Train Loss 2.3098 Acc 0.1021 | Val Loss 2.3008 Acc 0.1129 AUC 0.5001 Pre 0.0113 Rec 0.1000
2026-08-30 10:28:19 | Diag logvar_q_mean=-0.0000 logvar_q_clamp=0.0000
2026-08-30 10:28:22 | Epoch  22/400 | Train Loss 2.3107 Acc 0.1019 | Val Loss 2.3007 Acc 0.1129 AUC 0.5001 Pre 0.0113 Rec 0.1000
2026-08-30 10:28:23 | Diag logvar_q_mean=-0.0000 logvar_q_clamp=0.0000
2026-08-30 10:28:27 | Epoch  23/400 | Train Loss 2.3090 Acc 0.1058 | Val Loss 2.3008 Acc 0.1129 AUC 0.5001 Pre 0.0113 Rec 0.1000
2026-08-30 10:28:28 | Diag logvar_q_mean=-0.0000 logvar_q_clamp=0.0000
2026-08-30 10:28:31 | Epoch  24/400 | Train Loss 2.3097 Acc 0.1028 | Val Loss 2.3007 Acc 0.1129 AUC 0.5001 Pre 0.0113 Rec 0.1000
2026-08-30 10:28:32 | Diag logvar_q_mean=0.0000 logvar_q_clamp=0.0000
2026-08-30 10:28:36 | Epoch  25/400 | Train Loss 2.3100 Acc 0.1044 | Val Loss 2.3008 Acc 0.1129 AUC 0.5000 Pre 0.0113 Rec 0.1000
2026-08-30 10:28:37 | Diag logvar_q_mean=-0.0000 logvar_q_clamp=0.0000
2026-08-30 10:28:41 | Epoch  26/400 | Train Loss 2.3090 Acc 0.1046 | Val Loss 2.3008 Acc 0.1129 AUC 0.4999 Pre 0.0113 Rec 0.1000
2026-08-30 10:28:41 | Diag logvar_q_mean=-0.0000 logvar_q_clamp=0.0000
2026-08-30 10:28:45 | Epoch  27/400 | Train Loss 2.3105 Acc 0.1018 | Val Loss 2.3008 Acc 0.1129 AUC 0.4999 Pre 0.0113 Rec 0.1000
2026-08-30 10:28:46 | Diag logvar_q_mean=0.0000 logvar_q_clamp=0.0000
2026-08-30 10:28:50 | Epoch  28/400 | Train Loss 2.3101 Acc 0.1026 | Val Loss 2.3008 Acc 0.1129 AUC 0.5001 Pre 0.0113 Rec 0.1000
2026-08-30 10:28:50 | Diag logvar_q_mean=-0.0000 logvar_q_clamp=0.0000
2026-08-30 10:28:54 | Epoch  29/400 | Train Loss 2.3103 Acc 0.1025 | Val Loss 2.3008 Acc 0.1129 AUC 0.4999 Pre 0.0113 Rec 0.1000
2026-08-30 10:28:55 | Diag logvar_q_mean=-0.0000 logvar_q_clamp=0.0000
2026-08-30 10:28:59 | Epoch  30/400 | Train Loss 2.3096 Acc 0.1058 | Val Loss 2.3008 Acc 0.1129 AUC 0.4999 Pre 0.0113 Rec 0.1000
2026-08-30 10:28:59 | Diag logvar_q_mean=0.0000 logvar_q_clamp=0.0000
2026-08-30 10:29:03 | Epoch  31/400 | Train Loss 2.3104 Acc 0.1028 | Val Loss 2.3007 Acc 0.1129 AUC 0.5000 Pre 0.0113 Rec 0.1000
2026-08-30 10:29:04 | Diag logvar_q_mean=0.0000 logvar_q_clamp=0.0000
2026-08-30 10:29:08 | Epoch  32/400 | Train Loss 2.3089 Acc 0.1058 | Val Loss 2.3008 Acc 0.1129 AUC 0.4999 Pre 0.0113 Rec 0.1000
2026-08-30 10:29:09 | Diag logvar_q_mean=-0.0000 logvar_q_clamp=0.0000
2026-08-30 10:29:12 | Epoch  33/400 | Train Loss 2.3099 Acc 0.1047 | Val Loss 2.3008 Acc 0.1129 AUC 0.4999 Pre 0.0113 Rec 0.1000
2026-08-30 10:29:13 | Diag logvar_q_mean=-0.0000 logvar_q_clamp=0.0000
2026-08-30 10:29:17 | Epoch  34/400 | Train Loss 2.3095 Acc 0.1024 | Val Loss 2.3007 Acc 0.1129 AUC 0.4999 Pre 0.0113 Rec 0.1000
2026-08-30 10:29:18 | Diag logvar_q_mean=-0.0000 logvar_q_clamp=0.0000
2026-08-30 10:29:21 | Epoch  35/400 | Train Loss 2.3103 Acc 0.1027 | Val Loss 2.3008 Acc 0.1129 AUC 0.5000 Pre 0.0113 Rec 0.1000
2026-08-30 10:29:22 | Diag logvar_q_mean=-0.0000 logvar_q_clamp=0.0000
2026-08-30 10:29:26 | Epoch  36/400 | Train Loss 2.3097 Acc 0.1034 | Val Loss 2.3008 Acc 0.1129 AUC 0.4999 Pre 0.0113 Rec 0.1000
2026-08-30 10:29:27 | Diag logvar_q_mean=-0.0000 logvar_q_clamp=0.0000
2026-08-30 10:29:30 | Epoch  37/400 | Train Loss 2.3108 Acc 0.1039 | Val Loss 2.3008 Acc 0.1129 AUC 0.5000 Pre 0.0113 Rec 0.1000
2026-08-30 10:29:31 | Diag logvar_q_mean=0.0000 logvar_q_clamp=0.0000
2026-08-30 10:29:35 | Epoch  38/400 | Train Loss 2.3091 Acc 0.1039 | Val Loss 2.3008 Acc 0.1129 AUC 0.5001 Pre 0.0113 Rec 0.1000
2026-08-30 10:29:35 | Diag logvar_q_mean=-0.0000 logvar_q_clamp=0.0000
2026-08-30 10:29:39 | Epoch  39/400 | Train Loss 2.3101 Acc 0.1059 | Val Loss 2.3007 Acc 0.1129 AUC 0.5001 Pre 0.0113 Rec 0.1000
2026-08-30 10:29:40 | Diag logvar_q_mean=-0.0000 logvar_q_clamp=0.0000
2026-08-30 10:29:44 | Epoch  40/400 | Train Loss 2.3098 Acc 0.1034 | Val Loss 2.3008 Acc 0.1129 AUC 0.5000 Pre 0.0113 Rec 0.1000
2026-08-30 10:29:44 | Diag logvar_q_mean=0.0000 logvar_q_clamp=0.0000
2026-08-30 10:29:48 | Epoch  41/400 | Train Loss 2.3106 Acc 0.1040 | Val Loss 2.3007 Acc 0.1129 AUC 0.5000 Pre 0.0113 Rec 0.1000
2026-08-30 10:29:49 | Diag logvar_q_mean=-0.0000 logvar_q_clamp=0.0000
2026-08-30 10:29:53 | Epoch  42/400 | Train Loss 2.3093 Acc 0.1058 | Val Loss 2.3008 Acc 0.1129 AUC 0.5000 Pre 0.0113 Rec 0.1000
2026-08-30 10:29:53 | Diag logvar_q_mean=-0.0000 logvar_q_clamp=0.0000
2026-08-30 10:29:57 | Epoch  43/400 | Train Loss 2.3099 Acc 0.1040 | Val Loss 2.3007 Acc 0.1129 AUC 0.5000 Pre 0.0113 Rec 0.1000
2026-08-30 10:29:58 | Diag logvar_q_mean=-0.0000 logvar_q_clamp=0.0000
2026-08-30 10:30:01 | Epoch  44/400 | Train Loss 2.3104 Acc 0.1038 | Val Loss 2.3008 Acc 0.1129 AUC 0.5000 Pre 0.0113 Rec 0.1000
2026-08-30 10:30:02 | Diag logvar_q_mean=-0.0000 logvar_q_clamp=0.0000
2026-08-30 10:30:06 | Epoch  45/400 | Train Loss 2.3099 Acc 0.1020 | Val Loss 2.3007 Acc 0.1129 AUC 0.5000 Pre 0.0113 Rec 0.1000
2026-08-30 10:30:07 | Diag logvar_q_mean=-0.0000 logvar_q_clamp=0.0000
2026-08-30 10:30:10 | Epoch  46/400 | Train Loss 2.3091 Acc 0.1055 | Val Loss 2.3008 Acc 0.1129 AUC 0.5000 Pre 0.0113 Rec 0.1000
2026-08-30 10:30:11 | Diag logvar_q_mean=-0.0000 logvar_q_clamp=0.0000
2026-08-30 10:30:15 | Epoch  47/400 | Train Loss 2.3100 Acc 0.1053 | Val Loss 2.3008 Acc 0.1129 AUC 0.5000 Pre 0.0113 Rec 0.1000
2026-08-30 10:30:15 | Diag logvar_q_mean=-0.0000 logvar_q_clamp=0.0000
2026-08-30 10:30:19 | Epoch  48/400 | Train Loss 2.3097 Acc 0.1015 | Val Loss 2.3008 Acc 0.1129 AUC 0.5000 Pre 0.0113 Rec 0.1000
2026-08-30 10:30:20 | Diag logvar_q_mean=-0.0000 logvar_q_clamp=0.0000
2026-08-30 10:30:24 | Epoch  49/400 | Train Loss 2.3103 Acc 0.1020 | Val Loss 2.3008 Acc 0.1129 AUC 0.5000 Pre 0.0113 Rec 0.1000
2026-08-30 10:30:24 | Diag logvar_q_mean=0.0000 logvar_q_clamp=0.0000
2026-08-30 10:30:28 | Epoch  50/400 | Train Loss 2.3102 Acc 0.1023 | Val Loss 2.3008 Acc 0.1129 AUC 0.5000 Pre 0.0113 Rec 0.1000
2026-08-30 10:30:29 | Diag logvar_q_mean=0.0000 logvar_q_clamp=0.0000
2026-08-30 10:30:33 | Epoch  51/400 | Train Loss 2.3097 Acc 0.1050 | Val Loss 2.3008 Acc 0.1129 AUC 0.5000 Pre 0.0113 Rec 0.1000
2026-08-30 10:30:33 | Diag logvar_q_mean=-0.0000 logvar_q_clamp=0.0000
2026-08-30 10:30:37 | Epoch  52/400 | Train Loss 2.3100 Acc 0.1031 | Val Loss 2.3007 Acc 0.1129 AUC 0.5000 Pre 0.0113 Rec 0.1000
2026-08-30 10:30:38 | Diag logvar_q_mean=-0.0000 logvar_q_clamp=0.0000
2026-08-30 10:30:42 | Epoch  53/400 | Train Loss 2.3106 Acc 0.0996 | Val Loss 2.3008 Acc 0.1129 AUC 0.5000 Pre 0.0113 Rec 0.1000
2026-08-30 10:30:42 | Diag logvar_q_mean=0.0000 logvar_q_clamp=0.0000
2026-08-30 10:30:46 | Epoch  54/400 | Train Loss 2.3102 Acc 0.1053 | Val Loss 2.3008 Acc 0.1129 AUC 0.5000 Pre 0.0113 Rec 0.1000
2026-08-30 10:30:47 | Diag logvar_q_mean=-0.0000 logvar_q_clamp=0.0000
2026-08-30 10:30:51 | Epoch  55/400 | Train Loss 2.3088 Acc 0.1036 | Val Loss 2.3007 Acc 0.1129 AUC 0.5000 Pre 0.0113 Rec 0.1000
2026-08-30 10:30:51 | Diag logvar_q_mean=-0.0000 logvar_q_clamp=0.0000
2026-08-30 10:30:55 | Epoch  56/400 | Train Loss 2.3097 Acc 0.1048 | Val Loss 2.3007 Acc 0.1129 AUC 0.5000 Pre 0.0113 Rec 0.1000
2026-08-30 10:30:56 | Diag logvar_q_mean=-0.0000 logvar_q_clamp=0.0000
2026-08-30 10:31:00 | Epoch  57/400 | Train Loss 2.3096 Acc 0.1025 | Val Loss 2.3008 Acc 0.1129 AUC 0.5000 Pre 0.0113 Rec 0.1000
2026-08-30 10:31:00 | Diag logvar_q_mean=0.0000 logvar_q_clamp=0.0000
2026-08-30 10:31:04 | Epoch  58/400 | Train Loss 2.3098 Acc 0.1049 | Val Loss 2.3008 Acc 0.1129 AUC 0.5000 Pre 0.0113 Rec 0.1000
2026-08-30 10:31:05 | Diag logvar_q_mean=-0.0000 logvar_q_clamp=0.0000
2026-08-30 10:31:09 | Epoch  59/400 | Train Loss 2.3101 Acc 0.1021 | Val Loss 2.3008 Acc 0.1129 AUC 0.5000 Pre 0.0113 Rec 0.1000
2026-08-30 10:31:09 | Diag logvar_q_mean=-0.0000 logvar_q_clamp=0.0000
2026-08-30 10:31:13 | Epoch  60/400 | Train Loss 2.3102 Acc 0.1027 | Val Loss 2.3008 Acc 0.1129 AUC 0.5000 Pre 0.0113 Rec 0.1000
2026-08-30 10:31:14 | Diag logvar_q_mean=-0.0000 logvar_q_clamp=0.0000
2026-08-30 10:31:18 | Epoch  61/400 | Train Loss 2.3098 Acc 0.1041 | Val Loss 2.3008 Acc 0.1129 AUC 0.5000 Pre 0.0113 Rec 0.1000
2026-08-30 10:31:18 | Diag logvar_q_mean=-0.0000 logvar_q_clamp=0.0000
2026-08-30 10:31:22 | Epoch  62/400 | Train Loss 2.3105 Acc 0.1044 | Val Loss 2.3008 Acc 0.1129 AUC 0.5000 Pre 0.0113 Rec 0.1000
2026-08-30 10:31:23 | Diag logvar_q_mean=-0.0000 logvar_q_clamp=0.0000
2026-08-30 10:31:27 | Epoch  63/400 | Train Loss 2.3095 Acc 0.1035 | Val Loss 2.3008 Acc 0.1129 AUC 0.5000 Pre 0.0113 Rec 0.1000
2026-08-30 10:31:27 | Diag logvar_q_mean=-0.0000 logvar_q_clamp=0.0000
2026-08-30 10:31:31 | Epoch  64/400 | Train Loss 2.3089 Acc 0.1042 | Val Loss 2.3008 Acc 0.1129 AUC 0.5001 Pre 0.0113 Rec 0.1000
2026-08-30 10:31:32 | Diag logvar_q_mean=-0.0000 logvar_q_clamp=0.0000
2026-08-30 10:31:36 | Epoch  65/400 | Train Loss 2.3098 Acc 0.1029 | Val Loss 2.3008 Acc 0.1129 AUC 0.5000 Pre 0.0113 Rec 0.1000
2026-08-30 10:31:37 | Diag logvar_q_mean=-0.0000 logvar_q_clamp=0.0000
2026-08-30 10:31:40 | Epoch  66/400 | Train Loss 2.3103 Acc 0.1025 | Val Loss 2.3008 Acc 0.1129 AUC 0.5000 Pre 0.0113 Rec 0.1000
2026-08-30 10:31:41 | Diag logvar_q_mean=-0.0000 logvar_q_clamp=0.0000
2026-08-30 10:31:45 | Epoch  67/400 | Train Loss 2.3107 Acc 0.1008 | Val Loss 2.3007 Acc 0.1129 AUC 0.5000 Pre 0.0113 Rec 0.1000
2026-08-30 10:31:45 | Diag logvar_q_mean=-0.0000 logvar_q_clamp=0.0000
2026-08-30 10:31:49 | Epoch  68/400 | Train Loss 2.3099 Acc 0.1016 | Val Loss 2.3008 Acc 0.1129 AUC 0.5000 Pre 0.0113 Rec 0.1000
2026-08-30 10:31:50 | Diag logvar_q_mean=-0.0000 logvar_q_clamp=0.0000
2026-08-30 10:31:54 | Epoch  69/400 | Train Loss 2.3097 Acc 0.1042 | Val Loss 2.3008 Acc 0.1129 AUC 0.5000 Pre 0.0113 Rec 0.1000
2026-08-30 10:31:54 | Diag logvar_q_mean=-0.0000 logvar_q_clamp=0.0000
2026-08-30 10:31:58 | Epoch  70/400 | Train Loss 2.3097 Acc 0.1033 | Val Loss 2.3008 Acc 0.1129 AUC 0.5000 Pre 0.0113 Rec 0.1000
2026-08-30 10:31:59 | Diag logvar_q_mean=0.0000 logvar_q_clamp=0.0000
2026-08-30 10:32:03 | Epoch  71/400 | Train Loss 2.3094 Acc 0.1046 | Val Loss 2.3008 Acc 0.1129 AUC 0.5000 Pre 0.0113 Rec 0.1000
2026-08-30 10:32:03 | Diag logvar_q_mean=-0.0000 logvar_q_clamp=0.0000
2026-08-30 10:32:07 | Epoch  72/400 | Train Loss 2.3097 Acc 0.1042 | Val Loss 2.3008 Acc 0.1129 AUC 0.5000 Pre 0.0113 Rec 0.1000
2026-08-30 10:32:08 | Diag logvar_q_mean=-0.0000 logvar_q_clamp=0.0000
2026-08-30 10:32:12 | Epoch  73/400 | Train Loss 2.3107 Acc 0.1056 | Val Loss 2.3008 Acc 0.1129 AUC 0.5000 Pre 0.0113 Rec 0.1000
2026-08-30 10:32:12 | Diag logvar_q_mean=-0.0000 logvar_q_clamp=0.0000
2026-08-30 10:32:16 | Epoch  74/400 | Train Loss 2.3101 Acc 0.1027 | Val Loss 2.3008 Acc 0.1129 AUC 0.5000 Pre 0.0113 Rec 0.1000
2026-08-30 10:32:17 | Diag logvar_q_mean=-0.0000 logvar_q_clamp=0.0000
2026-08-30 10:32:21 | Epoch  75/400 | Train Loss 2.3109 Acc 0.1010 | Val Loss 2.3008 Acc 0.1129 AUC 0.5000 Pre 0.0113 Rec 0.1000
2026-08-30 10:32:22 | Diag logvar_q_mean=-0.0000 logvar_q_clamp=0.0000
2026-08-30 10:32:25 | Epoch  76/400 | Train Loss 2.3090 Acc 0.1030 | Val Loss 2.3008 Acc 0.1129 AUC 0.5000 Pre 0.0113 Rec 0.1000
2026-08-30 10:32:26 | Diag logvar_q_mean=-0.0000 logvar_q_clamp=0.0000
2026-08-30 10:32:30 | Epoch  77/400 | Train Loss 2.3094 Acc 0.1044 | Val Loss 2.3008 Acc 0.1129 AUC 0.5000 Pre 0.0113 Rec 0.1000
2026-08-30 10:32:31 | Diag logvar_q_mean=-0.0000 logvar_q_clamp=0.0000
2026-08-30 10:32:34 | Epoch  78/400 | Train Loss 2.3093 Acc 0.1035 | Val Loss 2.3008 Acc 0.1129 AUC 0.5000 Pre 0.0113 Rec 0.1000
2026-08-30 10:32:35 | Diag logvar_q_mean=-0.0000 logvar_q_clamp=0.0000
2026-08-30 10:32:39 | Epoch  79/400 | Train Loss 2.3099 Acc 0.1050 | Val Loss 2.3008 Acc 0.1129 AUC 0.5000 Pre 0.0113 Rec 0.1000
2026-08-30 10:32:40 | Diag logvar_q_mean=-0.0000 logvar_q_clamp=0.0000
2026-08-30 10:32:44 | Epoch  80/400 | Train Loss 2.3098 Acc 0.1034 | Val Loss 2.3008 Acc 0.1129 AUC 0.5000 Pre 0.0113 Rec 0.1000
2026-08-30 10:32:44 | Diag logvar_q_mean=-0.0000 logvar_q_clamp=0.0000
2026-08-30 10:32:48 | Epoch  81/400 | Train Loss 2.3098 Acc 0.1045 | Val Loss 2.3008 Acc 0.1129 AUC 0.5000 Pre 0.0113 Rec 0.1000
2026-08-30 10:32:49 | Diag logvar_q_mean=-0.0000 logvar_q_clamp=0.0000
2026-08-30 10:32:53 | Epoch  82/400 | Train Loss 2.3099 Acc 0.1032 | Val Loss 2.3008 Acc 0.1129 AUC 0.5000 Pre 0.0113 Rec 0.1000
2026-08-30 10:32:53 | Diag logvar_q_mean=-0.0000 logvar_q_clamp=0.0000
2026-08-30 10:32:57 | Epoch  83/400 | Train Loss 2.3100 Acc 0.1047 | Val Loss 2.3008 Acc 0.1129 AUC 0.5000 Pre 0.0113 Rec 0.1000
2026-08-30 10:32:58 | Diag logvar_q_mean=-0.0000 logvar_q_clamp=0.0000
2026-08-30 10:33:02 | Epoch  84/400 | Train Loss 2.3095 Acc 0.1046 | Val Loss 2.3008 Acc 0.1129 AUC 0.5000 Pre 0.0113 Rec 0.1000
2026-08-30 10:33:02 | Diag logvar_q_mean=-0.0000 logvar_q_clamp=0.0000
2026-08-30 10:33:06 | Epoch  85/400 | Train Loss 2.3106 Acc 0.1027 | Val Loss 2.3008 Acc 0.1129 AUC 0.5000 Pre 0.0113 Rec 0.1000
2026-08-30 10:33:07 | Diag logvar_q_mean=-0.0000 logvar_q_clamp=0.0000
2026-08-30 10:33:11 | Epoch  86/400 | Train Loss 2.3088 Acc 0.1027 | Val Loss 2.3008 Acc 0.1129 AUC 0.5000 Pre 0.0113 Rec 0.1000
2026-08-30 10:33:11 | Diag logvar_q_mean=0.0000 logvar_q_clamp=0.0000
2026-08-30 10:33:15 | Epoch  87/400 | Train Loss 2.3111 Acc 0.1014 | Val Loss 2.3008 Acc 0.1129 AUC 0.5000 Pre 0.0113 Rec 0.1000
2026-08-30 10:33:16 | Diag logvar_q_mean=-0.0000 logvar_q_clamp=0.0000
2026-08-30 10:33:20 | Epoch  88/400 | Train Loss 2.3107 Acc 0.1031 | Val Loss 2.3008 Acc 0.1129 AUC 0.5000 Pre 0.0113 Rec 0.1000
2026-08-30 10:33:20 | Diag logvar_q_mean=-0.0000 logvar_q_clamp=0.0000
2026-08-30 10:33:24 | Epoch  89/400 | Train Loss 2.3091 Acc 0.1037 | Val Loss 2.3008 Acc 0.1129 AUC 0.5000 Pre 0.0113 Rec 0.1000
2026-08-30 10:33:25 | Diag logvar_q_mean=-0.0000 logvar_q_clamp=0.0000
2026-08-30 10:33:29 | Epoch  90/400 | Train Loss 2.3096 Acc 0.1035 | Val Loss 2.3008 Acc 0.1129 AUC 0.5000 Pre 0.0113 Rec 0.1000
2026-08-30 10:33:30 | Diag logvar_q_mean=-0.0000 logvar_q_clamp=0.0000
2026-08-30 10:33:34 | Epoch  91/400 | Train Loss 2.3105 Acc 0.1030 | Val Loss 2.3007 Acc 0.1129 AUC 0.5000 Pre 0.0113 Rec 0.1000
2026-08-30 10:33:34 | Diag logvar_q_mean=-0.0000 logvar_q_clamp=0.0000
2026-08-30 10:33:38 | Epoch  92/400 | Train Loss 2.3093 Acc 0.1053 | Val Loss 2.3008 Acc 0.1129 AUC 0.5000 Pre 0.0113 Rec 0.1000
2026-08-30 10:33:39 | Diag logvar_q_mean=-0.0000 logvar_q_clamp=0.0000
2026-08-30 10:33:42 | Epoch  93/400 | Train Loss 2.3105 Acc 0.1027 | Val Loss 2.3008 Acc 0.1129 AUC 0.5000 Pre 0.0113 Rec 0.1000
2026-08-30 10:33:43 | Diag logvar_q_mean=0.0000 logvar_q_clamp=0.0000
2026-08-30 10:33:47 | Epoch  94/400 | Train Loss 2.3100 Acc 0.1040 | Val Loss 2.3008 Acc 0.1129 AUC 0.5000 Pre 0.0113 Rec 0.1000
2026-08-30 10:33:48 | Diag logvar_q_mean=-0.0000 logvar_q_clamp=0.0000
2026-08-30 10:33:52 | Epoch  95/400 | Train Loss 2.3106 Acc 0.1031 | Val Loss 2.3008 Acc 0.1129 AUC 0.5000 Pre 0.0113 Rec 0.1000
2026-08-30 10:33:52 | Diag logvar_q_mean=-0.0000 logvar_q_clamp=0.0000
2026-08-30 10:33:56 | Epoch  96/400 | Train Loss 2.3091 Acc 0.1027 | Val Loss 2.3007 Acc 0.1129 AUC 0.5000 Pre 0.0113 Rec 0.1000
2026-08-30 10:33:57 | Diag logvar_q_mean=-0.0000 logvar_q_clamp=0.0000
2026-08-30 10:34:01 | Epoch  97/400 | Train Loss 2.3101 Acc 0.1022 | Val Loss 2.3008 Acc 0.1129 AUC 0.5000 Pre 0.0113 Rec 0.1000
2026-08-30 10:34:01 | Diag logvar_q_mean=-0.0000 logvar_q_clamp=0.0000
2026-08-30 10:34:05 | Epoch  98/400 | Train Loss 2.3108 Acc 0.1032 | Val Loss 2.3008 Acc 0.1129 AUC 0.5000 Pre 0.0113 Rec 0.1000
2026-08-30 10:34:06 | Diag logvar_q_mean=-0.0000 logvar_q_clamp=0.0000
2026-08-30 10:34:10 | Epoch  99/400 | Train Loss 2.3093 Acc 0.1024 | Val Loss 2.3008 Acc 0.1129 AUC 0.5000 Pre 0.0113 Rec 0.1000
2026-08-30 10:34:10 | Diag logvar_q_mean=-0.0000 logvar_q_clamp=0.0000
2026-08-30 10:34:14 | Epoch 100/400 | Train Loss 2.3103 Acc 0.1055 | Val Loss 2.3008 Acc 0.1129 AUC 0.5000 Pre 0.0113 Rec 0.1000
2026-08-30 10:34:15 | Diag logvar_q_mean=0.0000 logvar_q_clamp=0.0000
2026-08-30 10:34:19 | Epoch 101/400 | Train Loss 2.3099 Acc 0.1039 | Val Loss 2.3008 Acc 0.1129 AUC 0.5000 Pre 0.0113 Rec 0.1000
2026-08-30 10:34:19 | Diag logvar_q_mean=-0.0000 logvar_q_clamp=0.0000
2026-08-30 10:34:23 | Epoch 102/400 | Train Loss 2.3105 Acc 0.1011 | Val Loss 2.3008 Acc 0.1129 AUC 0.5000 Pre 0.0113 Rec 0.1000
2026-08-30 10:34:24 | Diag logvar_q_mean=-0.0000 logvar_q_clamp=0.0000
2026-08-30 10:34:28 | Epoch 103/400 | Train Loss 2.3095 Acc 0.1050 | Val Loss 2.3008 Acc 0.1129 AUC 0.5000 Pre 0.0113 Rec 0.1000
2026-08-30 10:34:29 | Diag logvar_q_mean=-0.0000 logvar_q_clamp=0.0000
2026-08-30 10:34:33 | Epoch 104/400 | Train Loss 2.3100 Acc 0.1041 | Val Loss 2.3007 Acc 0.1129 AUC 0.5000 Pre 0.0113 Rec 0.1000
2026-08-30 10:34:33 | Diag logvar_q_mean=-0.0000 logvar_q_clamp=0.0000
2026-08-30 10:34:37 | Epoch 105/400 | Train Loss 2.3107 Acc 0.1042 | Val Loss 2.3008 Acc 0.1129 AUC 0.5000 Pre 0.0113 Rec 0.1000
2026-08-30 10:34:38 | Diag logvar_q_mean=-0.0000 logvar_q_clamp=0.0000
2026-08-30 10:34:41 | Epoch 106/400 | Train Loss 2.3091 Acc 0.1041 | Val Loss 2.3008 Acc 0.1129 AUC 0.5000 Pre 0.0113 Rec 0.1000
2026-08-30 10:34:42 | Diag logvar_q_mean=-0.0000 logvar_q_clamp=0.0000
2026-08-30 10:34:46 | Epoch 107/400 | Train Loss 2.3099 Acc 0.1039 | Val Loss 2.3008 Acc 0.1129 AUC 0.5000 Pre 0.0113 Rec 0.1000
2026-08-30 10:34:47 | Diag logvar_q_mean=-0.0000 logvar_q_clamp=0.0000
2026-08-30 10:34:50 | Epoch 108/400 | Train Loss 2.3094 Acc 0.1022 | Val Loss 2.3008 Acc 0.1129 AUC 0.5000 Pre 0.0113 Rec 0.1000
2026-08-30 10:34:51 | Diag logvar_q_mean=-0.0000 logvar_q_clamp=0.0000
2026-08-30 10:34:55 | Epoch 109/400 | Train Loss 2.3099 Acc 0.1040 | Val Loss 2.3008 Acc 0.1129 AUC 0.5000 Pre 0.0113 Rec 0.1000
2026-08-30 10:34:55 | Diag logvar_q_mean=-0.0000 logvar_q_clamp=0.0000
2026-08-30 10:34:59 | Epoch 110/400 | Train Loss 2.3097 Acc 0.1053 | Val Loss 2.3008 Acc 0.1129 AUC 0.5000 Pre 0.0113 Rec 0.1000
2026-08-30 10:35:00 | Diag logvar_q_mean=0.0000 logvar_q_clamp=0.0000
2026-08-30 10:35:04 | Epoch 111/400 | Train Loss 2.3105 Acc 0.1029 | Val Loss 2.3007 Acc 0.1129 AUC 0.5000 Pre 0.0113 Rec 0.1000
2026-08-30 10:35:04 | Diag logvar_q_mean=-0.0000 logvar_q_clamp=0.0000
2026-08-30 10:35:08 | Epoch 112/400 | Train Loss 2.3094 Acc 0.1027 | Val Loss 2.3008 Acc 0.1129 AUC 0.5000 Pre 0.0113 Rec 0.1000
2026-08-30 10:35:09 | Diag logvar_q_mean=-0.0000 logvar_q_clamp=0.0000
2026-08-30 10:35:12 | Epoch 113/400 | Train Loss 2.3099 Acc 0.1036 | Val Loss 2.3008 Acc 0.1129 AUC 0.5000 Pre 0.0113 Rec 0.1000
2026-08-30 10:35:13 | Diag logvar_q_mean=-0.0000 logvar_q_clamp=0.0000
2026-08-30 10:35:17 | Epoch 114/400 | Train Loss 2.3092 Acc 0.1046 | Val Loss 2.3008 Acc 0.1129 AUC 0.5000 Pre 0.0113 Rec 0.1000
2026-08-30 10:35:17 | Diag logvar_q_mean=0.0000 logvar_q_clamp=0.0000
2026-08-30 10:35:21 | Epoch 115/400 | Train Loss 2.3103 Acc 0.1025 | Val Loss 2.3008 Acc 0.1129 AUC 0.5000 Pre 0.0113 Rec 0.1000
2026-08-30 10:35:22 | Diag logvar_q_mean=-0.0000 logvar_q_clamp=0.0000
2026-08-30 10:35:25 | Epoch 116/400 | Train Loss 2.3099 Acc 0.1030 | Val Loss 2.3008 Acc 0.1129 AUC 0.5000 Pre 0.0113 Rec 0.1000
2026-08-30 10:35:26 | Diag logvar_q_mean=0.0000 logvar_q_clamp=0.0000
2026-08-30 10:35:30 | Epoch 117/400 | Train Loss 2.3104 Acc 0.1026 | Val Loss 2.3007 Acc 0.1129 AUC 0.5000 Pre 0.0113 Rec 0.1000
2026-08-30 10:35:30 | Diag logvar_q_mean=-0.0000 logvar_q_clamp=0.0000
2026-08-30 10:35:34 | Epoch 118/400 | Train Loss 2.3100 Acc 0.1025 | Val Loss 2.3008 Acc 0.1129 AUC 0.5000 Pre 0.0113 Rec 0.1000
2026-08-30 10:35:35 | Diag logvar_q_mean=-0.0000 logvar_q_clamp=0.0000
2026-08-30 10:35:39 | Epoch 119/400 | Train Loss 2.3098 Acc 0.1036 | Val Loss 2.3008 Acc 0.1129 AUC 0.5000 Pre 0.0113 Rec 0.1000
2026-08-30 10:35:39 | Diag logvar_q_mean=-0.0000 logvar_q_clamp=0.0000
2026-08-30 10:35:43 | Epoch 120/400 | Train Loss 2.3094 Acc 0.1053 | Val Loss 2.3008 Acc 0.1129 AUC 0.5000 Pre 0.0113 Rec 0.1000
2026-08-30 10:35:44 | Diag logvar_q_mean=0.0000 logvar_q_clamp=0.0000
2026-08-30 10:35:47 | Epoch 121/400 | Train Loss 2.3098 Acc 0.1044 | Val Loss 2.3008 Acc 0.1129 AUC 0.5000 Pre 0.0113 Rec 0.1000
2026-08-30 10:35:48 | Diag logvar_q_mean=-0.0000 logvar_q_clamp=0.0000
2026-08-30 10:35:52 | Epoch 122/400 | Train Loss 2.3101 Acc 0.1043 | Val Loss 2.3008 Acc 0.1129 AUC 0.5000 Pre 0.0113 Rec 0.1000
2026-08-30 10:35:52 | Diag logvar_q_mean=-0.0000 logvar_q_clamp=0.0000
2026-08-30 10:35:56 | Epoch 123/400 | Train Loss 2.3090 Acc 0.1054 | Val Loss 2.3008 Acc 0.1129 AUC 0.5000 Pre 0.0113 Rec 0.1000
2026-08-30 10:35:57 | Diag logvar_q_mean=-0.0000 logvar_q_clamp=0.0000
2026-08-30 10:36:01 | Epoch 124/400 | Train Loss 2.3102 Acc 0.1013 | Val Loss 2.3008 Acc 0.1129 AUC 0.5000 Pre 0.0113 Rec 0.1000
2026-08-30 10:36:01 | Diag logvar_q_mean=-0.0000 logvar_q_clamp=0.0000
2026-08-30 10:36:05 | Epoch 125/400 | Train Loss 2.3101 Acc 0.1035 | Val Loss 2.3008 Acc 0.1129 AUC 0.5000 Pre 0.0113 Rec 0.1000
2026-08-30 10:36:06 | Diag logvar_q_mean=-0.0000 logvar_q_clamp=0.0000
2026-08-30 10:36:09 | Epoch 126/400 | Train Loss 2.3093 Acc 0.1044 | Val Loss 2.3008 Acc 0.1129 AUC 0.5000 Pre 0.0113 Rec 0.1000
2026-08-30 10:36:10 | Diag logvar_q_mean=-0.0000 logvar_q_clamp=0.0000
2026-08-30 10:36:14 | Epoch 127/400 | Train Loss 2.3094 Acc 0.1044 | Val Loss 2.3008 Acc 0.1129 AUC 0.5000 Pre 0.0113 Rec 0.1000
2026-08-30 10:36:14 | Diag logvar_q_mean=-0.0000 logvar_q_clamp=0.0000
2026-08-30 10:36:18 | Epoch 128/400 | Train Loss 2.3096 Acc 0.1044 | Val Loss 2.3008 Acc 0.1129 AUC 0.5000 Pre 0.0113 Rec 0.1000
2026-08-30 10:36:19 | Diag logvar_q_mean=-0.0000 logvar_q_clamp=0.0000
2026-08-30 10:36:23 | Epoch 129/400 | Train Loss 2.3103 Acc 0.1058 | Val Loss 2.3008 Acc 0.1129 AUC 0.5000 Pre 0.0113 Rec 0.1000
2026-08-30 10:36:23 | Diag logvar_q_mean=-0.0000 logvar_q_clamp=0.0000
2026-08-30 10:36:27 | Epoch 130/400 | Train Loss 2.3098 Acc 0.1016 | Val Loss 2.3008 Acc 0.1129 AUC 0.5000 Pre 0.0113 Rec 0.1000
2026-08-30 10:36:28 | Diag logvar_q_mean=-0.0000 logvar_q_clamp=0.0000
2026-08-30 10:36:32 | Epoch 131/400 | Train Loss 2.3096 Acc 0.1036 | Val Loss 2.3008 Acc 0.1129 AUC 0.5000 Pre 0.0113 Rec 0.1000
2026-08-30 10:36:32 | Diag logvar_q_mean=-0.0000 logvar_q_clamp=0.0000
2026-08-30 10:36:36 | Epoch 132/400 | Train Loss 2.3092 Acc 0.1044 | Val Loss 2.3008 Acc 0.1129 AUC 0.5000 Pre 0.0113 Rec 0.1000
2026-08-30 10:36:37 | Diag logvar_q_mean=-0.0000 logvar_q_clamp=0.0000
2026-08-30 10:36:41 | Epoch 133/400 | Train Loss 2.3099 Acc 0.1045 | Val Loss 2.3008 Acc 0.1129 AUC 0.5000 Pre 0.0113 Rec 0.1000
2026-08-30 10:36:42 | Diag logvar_q_mean=-0.0000 logvar_q_clamp=0.0000
2026-08-30 10:36:46 | Epoch 134/400 | Train Loss 2.3092 Acc 0.1050 | Val Loss 2.3008 Acc 0.1129 AUC 0.5000 Pre 0.0113 Rec 0.1000
2026-08-30 10:36:46 | Diag logvar_q_mean=-0.0000 logvar_q_clamp=0.0000
2026-08-30 10:36:50 | Epoch 135/400 | Train Loss 2.3100 Acc 0.1050 | Val Loss 2.3008 Acc 0.1129 AUC 0.5000 Pre 0.0113 Rec 0.1000
2026-08-30 10:36:51 | Diag logvar_q_mean=-0.0000 logvar_q_clamp=0.0000
2026-08-30 10:36:55 | Epoch 136/400 | Train Loss 2.3098 Acc 0.1023 | Val Loss 2.3008 Acc 0.1129 AUC 0.5000 Pre 0.0113 Rec 0.1000
2026-08-30 10:36:55 | Diag logvar_q_mean=-0.0000 logvar_q_clamp=0.0000
2026-08-30 10:37:00 | Epoch 137/400 | Train Loss 2.3098 Acc 0.1036 | Val Loss 2.3008 Acc 0.1129 AUC 0.5000 Pre 0.0113 Rec 0.1000
2026-08-30 10:37:00 | Diag logvar_q_mean=-0.0000 logvar_q_clamp=0.0000
2026-08-30 10:37:04 | Epoch 138/400 | Train Loss 2.3094 Acc 0.1027 | Val Loss 2.3008 Acc 0.1129 AUC 0.5000 Pre 0.0113 Rec 0.1000
2026-08-30 10:37:05 | Diag logvar_q_mean=-0.0000 logvar_q_clamp=0.0000
2026-08-30 10:37:09 | Epoch 139/400 | Train Loss 2.3099 Acc 0.1031 | Val Loss 2.3008 Acc 0.1129 AUC 0.5000 Pre 0.0113 Rec 0.1000
2026-08-30 10:37:10 | Diag logvar_q_mean=-0.0000 logvar_q_clamp=0.0000
2026-08-30 10:37:13 | Epoch 140/400 | Train Loss 2.3096 Acc 0.1013 | Val Loss 2.3007 Acc 0.1129 AUC 0.5000 Pre 0.0113 Rec 0.1000
2026-08-30 10:37:14 | Diag logvar_q_mean=-0.0000 logvar_q_clamp=0.0000
2026-08-30 10:37:18 | Epoch 141/400 | Train Loss 2.3096 Acc 0.1036 | Val Loss 2.3008 Acc 0.1129 AUC 0.5000 Pre 0.0113 Rec 0.1000
2026-08-30 10:37:19 | Diag logvar_q_mean=-0.0000 logvar_q_clamp=0.0000
2026-08-30 10:37:22 | Epoch 142/400 | Train Loss 2.3098 Acc 0.1047 | Val Loss 2.3008 Acc 0.1129 AUC 0.5000 Pre 0.0113 Rec 0.1000
2026-08-30 10:37:23 | Diag logvar_q_mean=-0.0000 logvar_q_clamp=0.0000
2026-08-30 10:37:27 | Epoch 143/400 | Train Loss 2.3099 Acc 0.1044 | Val Loss 2.3008 Acc 0.1129 AUC 0.5000 Pre 0.0113 Rec 0.1000
2026-08-30 10:37:28 | Diag logvar_q_mean=-0.0000 logvar_q_clamp=0.0000
2026-08-30 10:37:32 | Epoch 144/400 | Train Loss 2.3095 Acc 0.1047 | Val Loss 2.3008 Acc 0.1129 AUC 0.5000 Pre 0.0113 Rec 0.1000
2026-08-30 10:37:32 | Diag logvar_q_mean=-0.0000 logvar_q_clamp=0.0000
2026-08-30 10:37:36 | Epoch 145/400 | Train Loss 2.3092 Acc 0.1065 | Val Loss 2.3008 Acc 0.1129 AUC 0.5000 Pre 0.0113 Rec 0.1000
2026-08-30 10:37:37 | Diag logvar_q_mean=-0.0000 logvar_q_clamp=0.0000
2026-08-30 10:37:41 | Epoch 146/400 | Train Loss 2.3100 Acc 0.1036 | Val Loss 2.3008 Acc 0.1129 AUC 0.5000 Pre 0.0113 Rec 0.1000
2026-08-30 10:37:41 | Diag logvar_q_mean=-0.0000 logvar_q_clamp=0.0000
2026-08-30 10:37:45 | Epoch 147/400 | Train Loss 2.3098 Acc 0.1040 | Val Loss 2.3008 Acc 0.1129 AUC 0.5000 Pre 0.0113 Rec 0.1000
2026-08-30 10:37:46 | Diag logvar_q_mean=-0.0000 logvar_q_clamp=0.0000
2026-08-30 10:37:50 | Epoch 148/400 | Train Loss 2.3104 Acc 0.1022 | Val Loss 2.3008 Acc 0.1129 AUC 0.5000 Pre 0.0113 Rec 0.1000
2026-08-30 10:37:50 | Diag logvar_q_mean=-0.0000 logvar_q_clamp=0.0000
2026-08-30 10:37:54 | Epoch 149/400 | Train Loss 2.3095 Acc 0.1021 | Val Loss 2.3008 Acc 0.1129 AUC 0.5000 Pre 0.0113 Rec 0.1000
2026-08-30 10:37:55 | Diag logvar_q_mean=-0.0000 logvar_q_clamp=0.0000
2026-08-30 10:37:59 | Epoch 150/400 | Train Loss 2.3095 Acc 0.1047 | Val Loss 2.3008 Acc 0.1129 AUC 0.5000 Pre 0.0113 Rec 0.1000
2026-08-30 10:37:59 | Diag logvar_q_mean=-0.0000 logvar_q_clamp=0.0000
2026-08-30 10:38:03 | Epoch 151/400 | Train Loss 2.3094 Acc 0.1052 | Val Loss 2.3008 Acc 0.1129 AUC 0.5000 Pre 0.0113 Rec 0.1000
2026-08-30 10:38:04 | Diag logvar_q_mean=-0.0000 logvar_q_clamp=0.0000
2026-08-30 10:38:08 | Epoch 152/400 | Train Loss 2.3090 Acc 0.1049 | Val Loss 2.3008 Acc 0.1129 AUC 0.5000 Pre 0.0113 Rec 0.1000
2026-08-30 10:38:08 | Diag logvar_q_mean=-0.0000 logvar_q_clamp=0.0000
2026-08-30 10:38:12 | Epoch 153/400 | Train Loss 2.3100 Acc 0.1037 | Val Loss 2.3008 Acc 0.1129 AUC 0.5000 Pre 0.0113 Rec 0.1000
2026-08-30 10:38:13 | Diag logvar_q_mean=-0.0000 logvar_q_clamp=0.0000
2026-08-30 10:38:17 | Epoch 154/400 | Train Loss 2.3099 Acc 0.1065 | Val Loss 2.3008 Acc 0.1129 AUC 0.5000 Pre 0.0113 Rec 0.1000
2026-08-30 10:38:18 | Diag logvar_q_mean=-0.0000 logvar_q_clamp=0.0000
2026-08-30 10:38:21 | Epoch 155/400 | Train Loss 2.3105 Acc 0.1021 | Val Loss 2.3008 Acc 0.1129 AUC 0.5000 Pre 0.0113 Rec 0.1000
2026-08-30 10:38:22 | Diag logvar_q_mean=-0.0000 logvar_q_clamp=0.0000
2026-08-30 10:38:26 | Epoch 156/400 | Train Loss 2.3102 Acc 0.1048 | Val Loss 2.3008 Acc 0.1129 AUC 0.5000 Pre 0.0113 Rec 0.1000
2026-08-30 10:38:27 | Diag logvar_q_mean=-0.0000 logvar_q_clamp=0.0000
2026-08-30 10:38:30 | Epoch 157/400 | Train Loss 2.3101 Acc 0.1031 | Val Loss 2.3008 Acc 0.1129 AUC 0.5000 Pre 0.0113 Rec 0.1000
2026-08-30 10:38:31 | Diag logvar_q_mean=-0.0000 logvar_q_clamp=0.0000
2026-08-30 10:38:35 | Epoch 158/400 | Train Loss 2.3101 Acc 0.1018 | Val Loss 2.3007 Acc 0.1129 AUC 0.5000 Pre 0.0113 Rec 0.1000
2026-08-30 10:38:36 | Diag logvar_q_mean=-0.0000 logvar_q_clamp=0.0000
2026-08-30 10:38:40 | Epoch 159/400 | Train Loss 2.3101 Acc 0.1015 | Val Loss 2.3008 Acc 0.1129 AUC 0.5000 Pre 0.0113 Rec 0.1000
2026-08-30 10:38:40 | Diag logvar_q_mean=-0.0000 logvar_q_clamp=0.0000
2026-08-30 10:38:44 | Epoch 160/400 | Train Loss 2.3098 Acc 0.1016 | Val Loss 2.3008 Acc 0.1129 AUC 0.5000 Pre 0.0113 Rec 0.1000
2026-08-30 10:38:45 | Diag logvar_q_mean=-0.0000 logvar_q_clamp=0.0000
2026-08-30 10:38:48 | Epoch 161/400 | Train Loss 2.3090 Acc 0.1039 | Val Loss 2.3008 Acc 0.1129 AUC 0.5000 Pre 0.0113 Rec 0.1000
2026-08-30 10:38:49 | Diag logvar_q_mean=-0.0000 logvar_q_clamp=0.0000
2026-08-30 10:38:53 | Epoch 162/400 | Train Loss 2.3095 Acc 0.1038 | Val Loss 2.3007 Acc 0.1129 AUC 0.5000 Pre 0.0113 Rec 0.1000
2026-08-30 10:38:54 | Diag logvar_q_mean=-0.0000 logvar_q_clamp=0.0000
2026-08-30 10:38:58 | Epoch 163/400 | Train Loss 2.3100 Acc 0.1041 | Val Loss 2.3008 Acc 0.1129 AUC 0.5000 Pre 0.0113 Rec 0.1000
2026-08-30 10:38:58 | Diag logvar_q_mean=0.0000 logvar_q_clamp=0.0000
2026-08-30 10:39:02 | Epoch 164/400 | Train Loss 2.3098 Acc 0.1061 | Val Loss 2.3008 Acc 0.1129 AUC 0.5000 Pre 0.0113 Rec 0.1000
2026-08-30 10:39:03 | Diag logvar_q_mean=-0.0000 logvar_q_clamp=0.0000
2026-08-30 10:39:07 | Epoch 165/400 | Train Loss 2.3100 Acc 0.1048 | Val Loss 2.3008 Acc 0.1129 AUC 0.5000 Pre 0.0113 Rec 0.1000
2026-08-30 10:39:07 | Diag logvar_q_mean=-0.0000 logvar_q_clamp=0.0000
2026-08-30 10:39:11 | Epoch 166/400 | Train Loss 2.3102 Acc 0.1012 | Val Loss 2.3008 Acc 0.1129 AUC 0.5000 Pre 0.0113 Rec 0.1000
2026-08-30 10:39:12 | Diag logvar_q_mean=-0.0000 logvar_q_clamp=0.0000
2026-08-30 10:39:16 | Epoch 167/400 | Train Loss 2.3096 Acc 0.1042 | Val Loss 2.3008 Acc 0.1129 AUC 0.5000 Pre 0.0113 Rec 0.1000
2026-08-30 10:39:16 | Diag logvar_q_mean=-0.0000 logvar_q_clamp=0.0000
2026-08-30 10:39:20 | Epoch 168/400 | Train Loss 2.3097 Acc 0.1029 | Val Loss 2.3008 Acc 0.1129 AUC 0.5000 Pre 0.0113 Rec 0.1000
2026-08-30 10:39:21 | Diag logvar_q_mean=-0.0000 logvar_q_clamp=0.0000
2026-08-30 10:39:25 | Epoch 169/400 | Train Loss 2.3098 Acc 0.1030 | Val Loss 2.3008 Acc 0.1129 AUC 0.5000 Pre 0.0113 Rec 0.1000
2026-08-30 10:39:25 | Diag logvar_q_mean=-0.0000 logvar_q_clamp=0.0000
2026-08-30 10:39:29 | Epoch 170/400 | Train Loss 2.3092 Acc 0.1058 | Val Loss 2.3007 Acc 0.1129 AUC 0.5000 Pre 0.0113 Rec 0.1000
2026-08-30 10:39:30 | Diag logvar_q_mean=-0.0000 logvar_q_clamp=0.0000
2026-08-30 10:39:34 | Epoch 171/400 | Train Loss 2.3098 Acc 0.1033 | Val Loss 2.3008 Acc 0.1129 AUC 0.5000 Pre 0.0113 Rec 0.1000
2026-08-30 10:39:34 | Diag logvar_q_mean=-0.0000 logvar_q_clamp=0.0000
2026-08-30 10:39:38 | Epoch 172/400 | Train Loss 2.3094 Acc 0.1032 | Val Loss 2.3008 Acc 0.1129 AUC 0.5000 Pre 0.0113 Rec 0.1000
2026-08-30 10:39:39 | Diag logvar_q_mean=0.0000 logvar_q_clamp=0.0000
2026-08-30 10:39:43 | Epoch 173/400 | Train Loss 2.3101 Acc 0.1040 | Val Loss 2.3008 Acc 0.1129 AUC 0.5000 Pre 0.0113 Rec 0.1000
2026-08-30 10:39:43 | Diag logvar_q_mean=0.0000 logvar_q_clamp=0.0000
2026-08-30 10:39:47 | Epoch 174/400 | Train Loss 2.3095 Acc 0.1055 | Val Loss 2.3008 Acc 0.1129 AUC 0.5000 Pre 0.0113 Rec 0.1000
2026-08-30 10:39:48 | Diag logvar_q_mean=-0.0000 logvar_q_clamp=0.0000
2026-08-30 10:39:52 | Epoch 175/400 | Train Loss 2.3092 Acc 0.1054 | Val Loss 2.3008 Acc 0.1129 AUC 0.5000 Pre 0.0113 Rec 0.1000
2026-08-30 10:39:52 | Diag logvar_q_mean=-0.0000 logvar_q_clamp=0.0000
2026-08-30 10:39:56 | Epoch 176/400 | Train Loss 2.3099 Acc 0.1031 | Val Loss 2.3008 Acc 0.1129 AUC 0.5000 Pre 0.0113 Rec 0.1000
2026-08-30 10:39:57 | Diag logvar_q_mean=0.0000 logvar_q_clamp=0.0000
2026-08-30 10:40:01 | Epoch 177/400 | Train Loss 2.3106 Acc 0.1026 | Val Loss 2.3008 Acc 0.1129 AUC 0.5000 Pre 0.0113 Rec 0.1000
2026-08-30 10:40:01 | Diag logvar_q_mean=-0.0000 logvar_q_clamp=0.0000
2026-08-30 10:40:05 | Epoch 178/400 | Train Loss 2.3093 Acc 0.1046 | Val Loss 2.3008 Acc 0.1129 AUC 0.5000 Pre 0.0113 Rec 0.1000
2026-08-30 10:40:06 | Diag logvar_q_mean=0.0000 logvar_q_clamp=0.0000
2026-08-30 10:40:10 | Epoch 179/400 | Train Loss 2.3095 Acc 0.1052 | Val Loss 2.3008 Acc 0.1129 AUC 0.5000 Pre 0.0113 Rec 0.1000
2026-08-30 10:40:11 | Diag logvar_q_mean=-0.0000 logvar_q_clamp=0.0000
2026-08-30 10:40:14 | Epoch 180/400 | Train Loss 2.3101 Acc 0.1030 | Val Loss 2.3008 Acc 0.1129 AUC 0.5000 Pre 0.0113 Rec 0.1000
2026-08-30 10:40:15 | Diag logvar_q_mean=-0.0000 logvar_q_clamp=0.0000
2026-08-30 10:40:19 | Epoch 181/400 | Train Loss 2.3101 Acc 0.1019 | Val Loss 2.3008 Acc 0.1129 AUC 0.5000 Pre 0.0113 Rec 0.1000
2026-08-30 10:40:20 | Diag logvar_q_mean=-0.0000 logvar_q_clamp=0.0000
2026-08-30 10:40:24 | Epoch 182/400 | Train Loss 2.3092 Acc 0.1033 | Val Loss 2.3007 Acc 0.1129 AUC 0.5000 Pre 0.0113 Rec 0.1000
2026-08-30 10:40:24 | Diag logvar_q_mean=0.0000 logvar_q_clamp=0.0000
2026-08-30 10:40:28 | Epoch 183/400 | Train Loss 2.3106 Acc 0.1041 | Val Loss 2.3008 Acc 0.1129 AUC 0.5000 Pre 0.0113 Rec 0.1000
2026-08-30 10:40:29 | Diag logvar_q_mean=0.0000 logvar_q_clamp=0.0000
2026-08-30 10:40:33 | Epoch 184/400 | Train Loss 2.3104 Acc 0.1020 | Val Loss 2.3008 Acc 0.1129 AUC 0.5000 Pre 0.0113 Rec 0.1000
2026-08-30 10:40:34 | Diag logvar_q_mean=-0.0000 logvar_q_clamp=0.0000
2026-08-30 10:40:38 | Epoch 185/400 | Train Loss 2.3090 Acc 0.1047 | Val Loss 2.3008 Acc 0.1129 AUC 0.5000 Pre 0.0113 Rec 0.1000
2026-08-30 10:40:38 | Diag logvar_q_mean=0.0000 logvar_q_clamp=0.0000
2026-08-30 10:40:42 | Epoch 186/400 | Train Loss 2.3099 Acc 0.1012 | Val Loss 2.3007 Acc 0.1129 AUC 0.5000 Pre 0.0113 Rec 0.1000
2026-08-30 10:40:43 | Diag logvar_q_mean=-0.0000 logvar_q_clamp=0.0000
2026-08-30 10:40:46 | Epoch 187/400 | Train Loss 2.3091 Acc 0.1039 | Val Loss 2.3008 Acc 0.1129 AUC 0.5000 Pre 0.0113 Rec 0.1000
2026-08-30 10:40:47 | Diag logvar_q_mean=-0.0000 logvar_q_clamp=0.0000
2026-08-30 10:40:51 | Epoch 188/400 | Train Loss 2.3098 Acc 0.1042 | Val Loss 2.3007 Acc 0.1129 AUC 0.5000 Pre 0.0113 Rec 0.1000
2026-08-30 10:40:52 | Diag logvar_q_mean=-0.0000 logvar_q_clamp=0.0000
2026-08-30 10:40:56 | Epoch 189/400 | Train Loss 2.3097 Acc 0.1043 | Val Loss 2.3008 Acc 0.1129 AUC 0.5000 Pre 0.0113 Rec 0.1000
2026-08-30 10:40:56 | Diag logvar_q_mean=0.0000 logvar_q_clamp=0.0000
2026-08-30 10:41:00 | Epoch 190/400 | Train Loss 2.3106 Acc 0.1024 | Val Loss 2.3008 Acc 0.1129 AUC 0.5000 Pre 0.0113 Rec 0.1000
2026-08-30 10:41:01 | Diag logvar_q_mean=-0.0000 logvar_q_clamp=0.0000
2026-08-30 10:41:05 | Epoch 191/400 | Train Loss 2.3090 Acc 0.1052 | Val Loss 2.3008 Acc 0.1129 AUC 0.5000 Pre 0.0113 Rec 0.1000
2026-08-30 10:41:05 | Diag logvar_q_mean=0.0000 logvar_q_clamp=0.0000
2026-08-30 10:41:09 | Epoch 192/400 | Train Loss 2.3100 Acc 0.1025 | Val Loss 2.3008 Acc 0.1129 AUC 0.5000 Pre 0.0113 Rec 0.1000
2026-08-30 10:41:10 | Diag logvar_q_mean=-0.0000 logvar_q_clamp=0.0000
2026-08-30 10:41:14 | Epoch 193/400 | Train Loss 2.3084 Acc 0.1075 | Val Loss 2.3008 Acc 0.1129 AUC 0.5000 Pre 0.0113 Rec 0.1000
2026-08-30 10:41:15 | Diag logvar_q_mean=0.0000 logvar_q_clamp=0.0000
2026-08-30 10:41:19 | Epoch 194/400 | Train Loss 2.3105 Acc 0.1020 | Val Loss 2.3007 Acc 0.1129 AUC 0.5000 Pre 0.0113 Rec 0.1000
2026-08-30 10:41:19 | Diag logvar_q_mean=-0.0000 logvar_q_clamp=0.0000
2026-08-30 10:41:23 | Epoch 195/400 | Train Loss 2.3098 Acc 0.1020 | Val Loss 2.3007 Acc 0.1129 AUC 0.5000 Pre 0.0113 Rec 0.1000
2026-08-30 10:41:24 | Diag logvar_q_mean=-0.0000 logvar_q_clamp=0.0000
2026-08-30 10:41:28 | Epoch 196/400 | Train Loss 2.3107 Acc 0.1016 | Val Loss 2.3007 Acc 0.1129 AUC 0.5000 Pre 0.0113 Rec 0.1000
2026-08-30 10:41:28 | Diag logvar_q_mean=0.0000 logvar_q_clamp=0.0000
2026-08-30 10:41:32 | Epoch 197/400 | Train Loss 2.3095 Acc 0.1040 | Val Loss 2.3008 Acc 0.1129 AUC 0.5000 Pre 0.0113 Rec 0.1000
2026-08-30 10:41:33 | Diag logvar_q_mean=-0.0000 logvar_q_clamp=0.0000
2026-08-30 10:41:37 | Epoch 198/400 | Train Loss 2.3100 Acc 0.1040 | Val Loss 2.3008 Acc 0.1129 AUC 0.5000 Pre 0.0113 Rec 0.1000
2026-08-30 10:41:37 | Diag logvar_q_mean=-0.0000 logvar_q_clamp=0.0000
2026-08-30 10:41:41 | Epoch 199/400 | Train Loss 2.3103 Acc 0.1032 | Val Loss 2.3008 Acc 0.1129 AUC 0.5000 Pre 0.0113 Rec 0.1000
2026-08-30 10:41:42 | Diag logvar_q_mean=0.0000 logvar_q_clamp=0.0000
2026-08-30 10:41:46 | Epoch 200/400 | Train Loss 2.3092 Acc 0.1032 | Val Loss 2.3008 Acc 0.1129 AUC 0.5000 Pre 0.0113 Rec 0.1000
2026-08-30 10:41:46 | Diag logvar_q_mean=0.0000 logvar_q_clamp=0.0000
2026-08-30 10:41:50 | Epoch 201/400 | Train Loss 2.3104 Acc 0.1032 | Val Loss 2.3008 Acc 0.1129 AUC 0.5000 Pre 0.0113 Rec 0.1000
2026-08-30 10:41:51 | Diag logvar_q_mean=-0.0000 logvar_q_clamp=0.0000
2026-08-30 10:41:55 | Epoch 202/400 | Train Loss 2.3098 Acc 0.1047 | Val Loss 2.3008 Acc 0.1129 AUC 0.5000 Pre 0.0113 Rec 0.1000
2026-08-30 10:41:55 | Diag logvar_q_mean=-0.0000 logvar_q_clamp=0.0000
2026-08-30 10:41:59 | Epoch 203/400 | Train Loss 2.3097 Acc 0.1049 | Val Loss 2.3008 Acc 0.1129 AUC 0.5000 Pre 0.0113 Rec 0.1000
2026-08-30 10:42:00 | Diag logvar_q_mean=-0.0000 logvar_q_clamp=0.0000
2026-08-30 10:42:04 | Epoch 204/400 | Train Loss 2.3094 Acc 0.1053 | Val Loss 2.3008 Acc 0.1129 AUC 0.5000 Pre 0.0113 Rec 0.1000
2026-08-30 10:42:04 | Diag logvar_q_mean=-0.0000 logvar_q_clamp=0.0000
2026-08-30 10:42:08 | Epoch 205/400 | Train Loss 2.3104 Acc 0.1033 | Val Loss 2.3008 Acc 0.1129 AUC 0.5000 Pre 0.0113 Rec 0.1000
2026-08-30 10:42:09 | Diag logvar_q_mean=-0.0000 logvar_q_clamp=0.0000
2026-08-30 10:42:13 | Epoch 206/400 | Train Loss 2.3105 Acc 0.1047 | Val Loss 2.3008 Acc 0.1129 AUC 0.5000 Pre 0.0113 Rec 0.1000
2026-08-30 10:42:13 | Diag logvar_q_mean=-0.0000 logvar_q_clamp=0.0000
2026-08-30 10:42:17 | Epoch 207/400 | Train Loss 2.3090 Acc 0.1048 | Val Loss 2.3008 Acc 0.1129 AUC 0.5000 Pre 0.0113 Rec 0.1000
2026-08-30 10:42:18 | Diag logvar_q_mean=0.0000 logvar_q_clamp=0.0000
2026-08-30 10:42:22 | Epoch 208/400 | Train Loss 2.3099 Acc 0.1050 | Val Loss 2.3008 Acc 0.1129 AUC 0.5000 Pre 0.0113 Rec 0.1000
2026-08-30 10:42:23 | Diag logvar_q_mean=0.0000 logvar_q_clamp=0.0000
2026-08-30 10:42:27 | Epoch 209/400 | Train Loss 2.3093 Acc 0.1059 | Val Loss 2.3008 Acc 0.1129 AUC 0.5000 Pre 0.0113 Rec 0.1000
2026-08-30 10:42:27 | Diag logvar_q_mean=-0.0000 logvar_q_clamp=0.0000
2026-08-30 10:42:31 | Epoch 210/400 | Train Loss 2.3099 Acc 0.1043 | Val Loss 2.3008 Acc 0.1129 AUC 0.5000 Pre 0.0113 Rec 0.1000
2026-08-30 10:42:32 | Diag logvar_q_mean=0.0000 logvar_q_clamp=0.0000
2026-08-30 10:42:36 | Epoch 211/400 | Train Loss 2.3106 Acc 0.1031 | Val Loss 2.3008 Acc 0.1129 AUC 0.5000 Pre 0.0113 Rec 0.1000
2026-08-30 10:42:36 | Diag logvar_q_mean=-0.0000 logvar_q_clamp=0.0000
2026-08-30 10:42:40 | Epoch 212/400 | Train Loss 2.3095 Acc 0.1013 | Val Loss 2.3008 Acc 0.1129 AUC 0.5000 Pre 0.0113 Rec 0.1000
2026-08-30 10:42:41 | Diag logvar_q_mean=-0.0000 logvar_q_clamp=0.0000
2026-08-30 10:42:45 | Epoch 213/400 | Train Loss 2.3096 Acc 0.1032 | Val Loss 2.3008 Acc 0.1129 AUC 0.5000 Pre 0.0113 Rec 0.1000
2026-08-30 10:42:45 | Diag logvar_q_mean=-0.0000 logvar_q_clamp=0.0000
2026-08-30 10:42:49 | Epoch 214/400 | Train Loss 2.3100 Acc 0.1028 | Val Loss 2.3008 Acc 0.1129 AUC 0.5000 Pre 0.0113 Rec 0.1000
2026-08-30 10:42:50 | Diag logvar_q_mean=-0.0000 logvar_q_clamp=0.0000
2026-08-30 10:42:54 | Epoch 215/400 | Train Loss 2.3092 Acc 0.1061 | Val Loss 2.3008 Acc 0.1129 AUC 0.5000 Pre 0.0113 Rec 0.1000
2026-08-30 10:42:54 | Diag logvar_q_mean=-0.0000 logvar_q_clamp=0.0000
2026-08-30 10:42:58 | Epoch 216/400 | Train Loss 2.3106 Acc 0.1025 | Val Loss 2.3008 Acc 0.1129 AUC 0.5000 Pre 0.0113 Rec 0.1000
2026-08-30 10:42:59 | Diag logvar_q_mean=-0.0000 logvar_q_clamp=0.0000
2026-08-30 10:43:03 | Epoch 217/400 | Train Loss 2.3092 Acc 0.1026 | Val Loss 2.3008 Acc 0.1129 AUC 0.5000 Pre 0.0113 Rec 0.1000
2026-08-30 10:43:03 | Diag logvar_q_mean=-0.0000 logvar_q_clamp=0.0000
2026-08-30 10:43:07 | Epoch 218/400 | Train Loss 2.3102 Acc 0.1044 | Val Loss 2.3008 Acc 0.1129 AUC 0.5000 Pre 0.0113 Rec 0.1000
2026-08-30 10:43:08 | Diag logvar_q_mean=-0.0000 logvar_q_clamp=0.0000
2026-08-30 10:43:12 | Epoch 219/400 | Train Loss 2.3097 Acc 0.1037 | Val Loss 2.3008 Acc 0.1129 AUC 0.5000 Pre 0.0113 Rec 0.1000
2026-08-30 10:43:12 | Diag logvar_q_mean=-0.0000 logvar_q_clamp=0.0000
2026-08-30 10:43:16 | Epoch 220/400 | Train Loss 2.3102 Acc 0.1038 | Val Loss 2.3008 Acc 0.1129 AUC 0.5000 Pre 0.0113 Rec 0.1000
2026-08-30 10:43:17 | Diag logvar_q_mean=0.0000 logvar_q_clamp=0.0000
2026-08-30 10:43:21 | Epoch 221/400 | Train Loss 2.3099 Acc 0.1022 | Val Loss 2.3008 Acc 0.1129 AUC 0.5000 Pre 0.0113 Rec 0.1000
2026-08-30 10:43:21 | Diag logvar_q_mean=0.0000 logvar_q_clamp=0.0000
2026-08-30 10:43:25 | Epoch 222/400 | Train Loss 2.3100 Acc 0.1008 | Val Loss 2.3008 Acc 0.1129 AUC 0.5000 Pre 0.0113 Rec 0.1000
2026-08-30 10:43:26 | Diag logvar_q_mean=-0.0000 logvar_q_clamp=0.0000
2026-08-30 10:43:30 | Epoch 223/400 | Train Loss 2.3096 Acc 0.1039 | Val Loss 2.3008 Acc 0.1129 AUC 0.5000 Pre 0.0113 Rec 0.1000
2026-08-30 10:43:30 | Diag logvar_q_mean=-0.0000 logvar_q_clamp=0.0000
2026-08-30 10:43:34 | Epoch 224/400 | Train Loss 2.3108 Acc 0.1034 | Val Loss 2.3007 Acc 0.1129 AUC 0.5000 Pre 0.0113 Rec 0.1000
2026-08-30 10:43:35 | Diag logvar_q_mean=-0.0000 logvar_q_clamp=0.0000
2026-08-30 10:43:39 | Epoch 225/400 | Train Loss 2.3096 Acc 0.1040 | Val Loss 2.3008 Acc 0.1129 AUC 0.5000 Pre 0.0113 Rec 0.1000
2026-08-30 10:43:39 | Diag logvar_q_mean=-0.0000 logvar_q_clamp=0.0000
2026-08-30 10:43:43 | Epoch 226/400 | Train Loss 2.3095 Acc 0.1046 | Val Loss 2.3008 Acc 0.1129 AUC 0.5000 Pre 0.0113 Rec 0.1000
2026-08-30 10:43:44 | Diag logvar_q_mean=0.0000 logvar_q_clamp=0.0000
2026-08-30 10:43:48 | Epoch 227/400 | Train Loss 2.3104 Acc 0.1021 | Val Loss 2.3008 Acc 0.1129 AUC 0.5000 Pre 0.0113 Rec 0.1000
2026-08-30 10:43:48 | Diag logvar_q_mean=-0.0000 logvar_q_clamp=0.0000
2026-08-30 10:43:52 | Epoch 228/400 | Train Loss 2.3098 Acc 0.1036 | Val Loss 2.3008 Acc 0.1129 AUC 0.5000 Pre 0.0113 Rec 0.1000
2026-08-30 10:43:53 | Diag logvar_q_mean=-0.0000 logvar_q_clamp=0.0000
2026-08-30 10:43:57 | Epoch 229/400 | Train Loss 2.3089 Acc 0.1061 | Val Loss 2.3008 Acc 0.1129 AUC 0.5000 Pre 0.0113 Rec 0.1000
2026-08-30 10:43:58 | Diag logvar_q_mean=-0.0000 logvar_q_clamp=0.0000
2026-08-30 10:44:02 | Epoch 230/400 | Train Loss 2.3103 Acc 0.1032 | Val Loss 2.3008 Acc 0.1129 AUC 0.5000 Pre 0.0113 Rec 0.1000
2026-08-30 10:44:02 | Diag logvar_q_mean=-0.0000 logvar_q_clamp=0.0000
2026-08-30 10:44:06 | Epoch 231/400 | Train Loss 2.3093 Acc 0.1046 | Val Loss 2.3008 Acc 0.1129 AUC 0.5000 Pre 0.0113 Rec 0.1000
2026-08-30 10:44:07 | Diag logvar_q_mean=-0.0000 logvar_q_clamp=0.0000
2026-08-30 10:44:11 | Epoch 232/400 | Train Loss 2.3100 Acc 0.1033 | Val Loss 2.3008 Acc 0.1129 AUC 0.5000 Pre 0.0113 Rec 0.1000
2026-08-30 10:44:11 | Diag logvar_q_mean=-0.0000 logvar_q_clamp=0.0000
2026-08-30 10:44:15 | Epoch 233/400 | Train Loss 2.3098 Acc 0.1025 | Val Loss 2.3008 Acc 0.1129 AUC 0.5000 Pre 0.0113 Rec 0.1000
2026-08-30 10:44:16 | Diag logvar_q_mean=-0.0000 logvar_q_clamp=0.0000
2026-08-30 10:44:20 | Epoch 234/400 | Train Loss 2.3103 Acc 0.1028 | Val Loss 2.3008 Acc 0.1129 AUC 0.5000 Pre 0.0113 Rec 0.1000
2026-08-30 10:44:21 | Diag logvar_q_mean=-0.0000 logvar_q_clamp=0.0000
2026-08-30 10:44:24 | Epoch 235/400 | Train Loss 2.3101 Acc 0.1034 | Val Loss 2.3008 Acc 0.1129 AUC 0.5000 Pre 0.0113 Rec 0.1000
2026-08-30 10:44:25 | Diag logvar_q_mean=-0.0000 logvar_q_clamp=0.0000
2026-08-30 10:44:29 | Epoch 236/400 | Train Loss 2.3101 Acc 0.1017 | Val Loss 2.3008 Acc 0.1129 AUC 0.5000 Pre 0.0113 Rec 0.1000
2026-08-30 10:44:29 | Diag logvar_q_mean=-0.0000 logvar_q_clamp=0.0000
2026-08-30 10:44:33 | Epoch 237/400 | Train Loss 2.3097 Acc 0.1026 | Val Loss 2.3008 Acc 0.1129 AUC 0.5000 Pre 0.0113 Rec 0.1000
2026-08-30 10:44:34 | Diag logvar_q_mean=-0.0000 logvar_q_clamp=0.0000
2026-08-30 10:44:38 | Epoch 238/400 | Train Loss 2.3099 Acc 0.1046 | Val Loss 2.3008 Acc 0.1129 AUC 0.5000 Pre 0.0113 Rec 0.1000
2026-08-30 10:44:39 | Diag logvar_q_mean=-0.0000 logvar_q_clamp=0.0000
2026-08-30 10:44:42 | Epoch 239/400 | Train Loss 2.3092 Acc 0.1052 | Val Loss 2.3008 Acc 0.1129 AUC 0.5000 Pre 0.0113 Rec 0.1000
2026-08-30 10:44:43 | Diag logvar_q_mean=-0.0000 logvar_q_clamp=0.0000
2026-08-30 10:44:47 | Epoch 240/400 | Train Loss 2.3100 Acc 0.1039 | Val Loss 2.3007 Acc 0.1129 AUC 0.5000 Pre 0.0113 Rec 0.1000
2026-08-30 10:44:48 | Diag logvar_q_mean=0.0000 logvar_q_clamp=0.0000
2026-08-30 10:44:52 | Epoch 241/400 | Train Loss 2.3100 Acc 0.1030 | Val Loss 2.3007 Acc 0.1129 AUC 0.5000 Pre 0.0113 Rec 0.1000
2026-08-30 10:44:52 | Diag logvar_q_mean=-0.0000 logvar_q_clamp=0.0000
2026-08-30 10:44:56 | Epoch 242/400 | Train Loss 2.3102 Acc 0.1020 | Val Loss 2.3008 Acc 0.1129 AUC 0.5000 Pre 0.0113 Rec 0.1000
2026-08-30 10:44:57 | Diag logvar_q_mean=0.0000 logvar_q_clamp=0.0000
2026-08-30 10:45:01 | Epoch 243/400 | Train Loss 2.3097 Acc 0.1025 | Val Loss 2.3008 Acc 0.1129 AUC 0.5000 Pre 0.0113 Rec 0.1000
2026-08-30 10:45:01 | Diag logvar_q_mean=-0.0000 logvar_q_clamp=0.0000
2026-08-30 10:45:05 | Epoch 244/400 | Train Loss 2.3097 Acc 0.1030 | Val Loss 2.3007 Acc 0.1129 AUC 0.5000 Pre 0.0113 Rec 0.1000
2026-08-30 10:45:06 | Diag logvar_q_mean=-0.0000 logvar_q_clamp=0.0000
2026-08-30 10:45:10 | Epoch 245/400 | Train Loss 2.3089 Acc 0.1049 | Val Loss 2.3008 Acc 0.1129 AUC 0.5000 Pre 0.0113 Rec 0.1000
2026-08-30 10:45:10 | Diag logvar_q_mean=-0.0000 logvar_q_clamp=0.0000
2026-08-30 10:45:14 | Epoch 246/400 | Train Loss 2.3104 Acc 0.1028 | Val Loss 2.3007 Acc 0.1129 AUC 0.5000 Pre 0.0113 Rec 0.1000
2026-08-30 10:45:15 | Diag logvar_q_mean=0.0000 logvar_q_clamp=0.0000
2026-08-30 10:45:19 | Epoch 247/400 | Train Loss 2.3096 Acc 0.1042 | Val Loss 2.3008 Acc 0.1129 AUC 0.5000 Pre 0.0113 Rec 0.1000
2026-08-30 10:45:19 | Diag logvar_q_mean=-0.0000 logvar_q_clamp=0.0000
2026-08-30 10:45:23 | Epoch 248/400 | Train Loss 2.3108 Acc 0.1014 | Val Loss 2.3008 Acc 0.1129 AUC 0.5000 Pre 0.0113 Rec 0.1000
2026-08-30 10:45:24 | Diag logvar_q_mean=-0.0000 logvar_q_clamp=0.0000
2026-08-30 10:45:28 | Epoch 249/400 | Train Loss 2.3093 Acc 0.1051 | Val Loss 2.3008 Acc 0.1129 AUC 0.5000 Pre 0.0113 Rec 0.1000
2026-08-30 10:45:28 | Diag logvar_q_mean=-0.0000 logvar_q_clamp=0.0000
2026-08-30 10:45:32 | Epoch 250/400 | Train Loss 2.3100 Acc 0.1038 | Val Loss 2.3008 Acc 0.1129 AUC 0.5000 Pre 0.0113 Rec 0.1000
2026-08-30 10:45:33 | Diag logvar_q_mean=-0.0000 logvar_q_clamp=0.0000
2026-08-30 10:45:37 | Epoch 251/400 | Train Loss 2.3109 Acc 0.1026 | Val Loss 2.3008 Acc 0.1129 AUC 0.5000 Pre 0.0113 Rec 0.1000
2026-08-30 10:45:37 | Diag logvar_q_mean=-0.0000 logvar_q_clamp=0.0000
2026-08-30 10:45:41 | Epoch 252/400 | Train Loss 2.3102 Acc 0.1040 | Val Loss 2.3008 Acc 0.1129 AUC 0.5000 Pre 0.0113 Rec 0.1000
2026-08-30 10:45:42 | Diag logvar_q_mean=-0.0000 logvar_q_clamp=0.0000
2026-08-30 10:45:46 | Epoch 253/400 | Train Loss 2.3102 Acc 0.1029 | Val Loss 2.3008 Acc 0.1129 AUC 0.5000 Pre 0.0113 Rec 0.1000
2026-08-30 10:45:47 | Diag logvar_q_mean=-0.0000 logvar_q_clamp=0.0000
2026-08-30 10:45:51 | Epoch 254/400 | Train Loss 2.3092 Acc 0.1039 | Val Loss 2.3008 Acc 0.1129 AUC 0.5000 Pre 0.0113 Rec 0.1000
2026-08-30 10:45:51 | Diag logvar_q_mean=0.0000 logvar_q_clamp=0.0000
2026-08-30 10:45:55 | Epoch 255/400 | Train Loss 2.3089 Acc 0.1065 | Val Loss 2.3008 Acc 0.1129 AUC 0.5000 Pre 0.0113 Rec 0.1000
2026-08-30 10:45:56 | Diag logvar_q_mean=-0.0000 logvar_q_clamp=0.0000
2026-08-30 10:46:00 | Epoch 256/400 | Train Loss 2.3100 Acc 0.1042 | Val Loss 2.3008 Acc 0.1129 AUC 0.5000 Pre 0.0113 Rec 0.1000
2026-08-30 10:46:00 | Diag logvar_q_mean=-0.0000 logvar_q_clamp=0.0000
2026-08-30 10:46:04 | Epoch 257/400 | Train Loss 2.3096 Acc 0.1063 | Val Loss 2.3008 Acc 0.1129 AUC 0.5000 Pre 0.0113 Rec 0.1000
2026-08-30 10:46:05 | Diag logvar_q_mean=0.0000 logvar_q_clamp=0.0000
2026-08-30 10:46:09 | Epoch 258/400 | Train Loss 2.3097 Acc 0.1036 | Val Loss 2.3008 Acc 0.1129 AUC 0.5000 Pre 0.0113 Rec 0.1000
2026-08-30 10:46:10 | Diag logvar_q_mean=-0.0000 logvar_q_clamp=0.0000
2026-08-30 10:46:14 | Epoch 259/400 | Train Loss 2.3110 Acc 0.1019 | Val Loss 2.3008 Acc 0.1129 AUC 0.5000 Pre 0.0113 Rec 0.1000
2026-08-30 10:46:14 | Diag logvar_q_mean=-0.0000 logvar_q_clamp=0.0000
2026-08-30 10:46:18 | Epoch 260/400 | Train Loss 2.3097 Acc 0.1033 | Val Loss 2.3008 Acc 0.1129 AUC 0.5000 Pre 0.0113 Rec 0.1000
2026-08-30 10:46:19 | Diag logvar_q_mean=-0.0000 logvar_q_clamp=0.0000
2026-08-30 10:46:23 | Epoch 261/400 | Train Loss 2.3091 Acc 0.1028 | Val Loss 2.3008 Acc 0.1129 AUC 0.5000 Pre 0.0113 Rec 0.1000
2026-08-30 10:46:23 | Diag logvar_q_mean=-0.0000 logvar_q_clamp=0.0000
2026-08-30 10:46:27 | Epoch 262/400 | Train Loss 2.3095 Acc 0.1056 | Val Loss 2.3008 Acc 0.1129 AUC 0.5000 Pre 0.0113 Rec 0.1000
2026-08-30 10:46:28 | Diag logvar_q_mean=-0.0000 logvar_q_clamp=0.0000
2026-08-30 10:46:32 | Epoch 263/400 | Train Loss 2.3082 Acc 0.1061 | Val Loss 2.3008 Acc 0.1129 AUC 0.5000 Pre 0.0113 Rec 0.1000
2026-08-30 10:46:32 | Diag logvar_q_mean=-0.0000 logvar_q_clamp=0.0000
2026-08-30 10:46:36 | Epoch 264/400 | Train Loss 2.3108 Acc 0.1020 | Val Loss 2.3008 Acc 0.1129 AUC 0.5000 Pre 0.0113 Rec 0.1000
2026-08-30 10:46:37 | Diag logvar_q_mean=-0.0000 logvar_q_clamp=0.0000
2026-08-30 10:46:41 | Epoch 265/400 | Train Loss 2.3096 Acc 0.1029 | Val Loss 2.3008 Acc 0.1129 AUC 0.5000 Pre 0.0113 Rec 0.1000
2026-08-30 10:46:41 | Diag logvar_q_mean=-0.0000 logvar_q_clamp=0.0000
2026-08-30 10:46:45 | Epoch 266/400 | Train Loss 2.3102 Acc 0.1023 | Val Loss 2.3008 Acc 0.1129 AUC 0.5000 Pre 0.0113 Rec 0.1000
2026-08-30 10:46:46 | Diag logvar_q_mean=-0.0000 logvar_q_clamp=0.0000
2026-08-30 10:46:50 | Epoch 267/400 | Train Loss 2.3103 Acc 0.1028 | Val Loss 2.3008 Acc 0.1129 AUC 0.5000 Pre 0.0113 Rec 0.1000
2026-08-30 10:46:50 | Diag logvar_q_mean=-0.0000 logvar_q_clamp=0.0000
2026-08-30 10:46:54 | Epoch 268/400 | Train Loss 2.3093 Acc 0.1014 | Val Loss 2.3008 Acc 0.1129 AUC 0.5000 Pre 0.0113 Rec 0.1000
2026-08-30 10:46:55 | Diag logvar_q_mean=-0.0000 logvar_q_clamp=0.0000
2026-08-30 10:46:59 | Epoch 269/400 | Train Loss 2.3097 Acc 0.1048 | Val Loss 2.3008 Acc 0.1129 AUC 0.5000 Pre 0.0113 Rec 0.1000
2026-08-30 10:46:59 | Diag logvar_q_mean=0.0000 logvar_q_clamp=0.0000
2026-08-30 10:47:03 | Epoch 270/400 | Train Loss 2.3103 Acc 0.1019 | Val Loss 2.3008 Acc 0.1129 AUC 0.5000 Pre 0.0113 Rec 0.1000
2026-08-30 10:47:04 | Diag logvar_q_mean=0.0000 logvar_q_clamp=0.0000
2026-08-30 10:47:08 | Epoch 271/400 | Train Loss 2.3097 Acc 0.1029 | Val Loss 2.3008 Acc 0.1129 AUC 0.5000 Pre 0.0113 Rec 0.1000
2026-08-30 10:47:08 | Diag logvar_q_mean=-0.0000 logvar_q_clamp=0.0000
2026-08-30 10:47:12 | Epoch 272/400 | Train Loss 2.3102 Acc 0.1055 | Val Loss 2.3008 Acc 0.1129 AUC 0.5000 Pre 0.0113 Rec 0.1000
2026-08-30 10:47:13 | Diag logvar_q_mean=-0.0000 logvar_q_clamp=0.0000
2026-08-30 10:47:17 | Epoch 273/400 | Train Loss 2.3105 Acc 0.1024 | Val Loss 2.3008 Acc 0.1129 AUC 0.5000 Pre 0.0113 Rec 0.1000
2026-08-30 10:47:17 | Diag logvar_q_mean=-0.0000 logvar_q_clamp=0.0000
2026-08-30 10:47:21 | Epoch 274/400 | Train Loss 2.3104 Acc 0.1024 | Val Loss 2.3008 Acc 0.1129 AUC 0.5000 Pre 0.0113 Rec 0.1000
2026-08-30 10:47:22 | Diag logvar_q_mean=-0.0000 logvar_q_clamp=0.0000
2026-08-30 10:47:26 | Epoch 275/400 | Train Loss 2.3088 Acc 0.1052 | Val Loss 2.3008 Acc 0.1129 AUC 0.5000 Pre 0.0113 Rec 0.1000
2026-08-30 10:47:27 | Diag logvar_q_mean=-0.0000 logvar_q_clamp=0.0000
2026-08-30 10:47:31 | Epoch 276/400 | Train Loss 2.3105 Acc 0.1041 | Val Loss 2.3008 Acc 0.1129 AUC 0.5000 Pre 0.0113 Rec 0.1000
2026-08-30 10:47:31 | Diag logvar_q_mean=0.0000 logvar_q_clamp=0.0000
2026-08-30 10:47:35 | Epoch 277/400 | Train Loss 2.3097 Acc 0.1044 | Val Loss 2.3008 Acc 0.1129 AUC 0.5000 Pre 0.0113 Rec 0.1000
2026-08-30 10:47:36 | Diag logvar_q_mean=-0.0000 logvar_q_clamp=0.0000
2026-08-30 10:47:40 | Epoch 278/400 | Train Loss 2.3099 Acc 0.1050 | Val Loss 2.3008 Acc 0.1129 AUC 0.5000 Pre 0.0113 Rec 0.1000
2026-08-30 10:47:40 | Diag logvar_q_mean=-0.0000 logvar_q_clamp=0.0000
2026-08-30 10:47:44 | Epoch 279/400 | Train Loss 2.3098 Acc 0.1063 | Val Loss 2.3008 Acc 0.1129 AUC 0.5000 Pre 0.0113 Rec 0.1000
2026-08-30 10:47:45 | Diag logvar_q_mean=-0.0000 logvar_q_clamp=0.0000
2026-08-30 10:47:49 | Epoch 280/400 | Train Loss 2.3092 Acc 0.1048 | Val Loss 2.3008 Acc 0.1129 AUC 0.5000 Pre 0.0113 Rec 0.1000
2026-08-30 10:47:50 | Diag logvar_q_mean=0.0000 logvar_q_clamp=0.0000
2026-08-30 10:47:54 | Epoch 281/400 | Train Loss 2.3099 Acc 0.1026 | Val Loss 2.3007 Acc 0.1129 AUC 0.5000 Pre 0.0113 Rec 0.1000
2026-08-30 10:47:54 | Diag logvar_q_mean=0.0000 logvar_q_clamp=0.0000
2026-08-30 10:47:58 | Epoch 282/400 | Train Loss 2.3095 Acc 0.1028 | Val Loss 2.3007 Acc 0.1129 AUC 0.5000 Pre 0.0113 Rec 0.1000
2026-08-30 10:47:59 | Diag logvar_q_mean=-0.0000 logvar_q_clamp=0.0000
2026-08-30 10:48:03 | Epoch 283/400 | Train Loss 2.3103 Acc 0.1034 | Val Loss 2.3008 Acc 0.1129 AUC 0.5000 Pre 0.0113 Rec 0.1000
2026-08-30 10:48:04 | Diag logvar_q_mean=-0.0000 logvar_q_clamp=0.0000
2026-08-30 10:48:08 | Epoch 284/400 | Train Loss 2.3101 Acc 0.1040 | Val Loss 2.3008 Acc 0.1129 AUC 0.5000 Pre 0.0113 Rec 0.1000
2026-08-30 10:48:08 | Diag logvar_q_mean=-0.0000 logvar_q_clamp=0.0000
2026-08-30 10:48:12 | Epoch 285/400 | Train Loss 2.3100 Acc 0.1020 | Val Loss 2.3008 Acc 0.1129 AUC 0.5000 Pre 0.0113 Rec 0.1000
2026-08-30 10:48:13 | Diag logvar_q_mean=-0.0000 logvar_q_clamp=0.0000
2026-08-30 10:48:17 | Epoch 286/400 | Train Loss 2.3088 Acc 0.1053 | Val Loss 2.3008 Acc 0.1129 AUC 0.5000 Pre 0.0113 Rec 0.1000
2026-08-30 10:48:17 | Diag logvar_q_mean=-0.0000 logvar_q_clamp=0.0000
2026-08-30 10:48:21 | Epoch 287/400 | Train Loss 2.3100 Acc 0.1033 | Val Loss 2.3008 Acc 0.1129 AUC 0.5000 Pre 0.0113 Rec 0.1000
2026-08-30 10:48:22 | Diag logvar_q_mean=-0.0000 logvar_q_clamp=0.0000
2026-08-30 10:48:26 | Epoch 288/400 | Train Loss 2.3101 Acc 0.1048 | Val Loss 2.3008 Acc 0.1129 AUC 0.5000 Pre 0.0113 Rec 0.1000
2026-08-30 10:48:27 | Diag logvar_q_mean=-0.0000 logvar_q_clamp=0.0000
2026-08-30 10:48:30 | Epoch 289/400 | Train Loss 2.3091 Acc 0.1042 | Val Loss 2.3008 Acc 0.1129 AUC 0.5000 Pre 0.0113 Rec 0.1000
2026-08-30 10:48:31 | Diag logvar_q_mean=-0.0000 logvar_q_clamp=0.0000
2026-08-30 10:48:35 | Epoch 290/400 | Train Loss 2.3094 Acc 0.1053 | Val Loss 2.3007 Acc 0.1129 AUC 0.5000 Pre 0.0113 Rec 0.1000
2026-08-30 10:48:36 | Diag logvar_q_mean=0.0000 logvar_q_clamp=0.0000
2026-08-30 10:48:39 | Epoch 291/400 | Train Loss 2.3101 Acc 0.1036 | Val Loss 2.3008 Acc 0.1129 AUC 0.5000 Pre 0.0113 Rec 0.1000
2026-08-30 10:48:40 | Diag logvar_q_mean=0.0000 logvar_q_clamp=0.0000
2026-08-30 10:48:44 | Epoch 292/400 | Train Loss 2.3101 Acc 0.1035 | Val Loss 2.3007 Acc 0.1129 AUC 0.5000 Pre 0.0113 Rec 0.1000
2026-08-30 10:48:45 | Diag logvar_q_mean=0.0000 logvar_q_clamp=0.0000
2026-08-30 10:48:49 | Epoch 293/400 | Train Loss 2.3097 Acc 0.1048 | Val Loss 2.3008 Acc 0.1129 AUC 0.5000 Pre 0.0113 Rec 0.1000
2026-08-30 10:48:49 | Diag logvar_q_mean=-0.0000 logvar_q_clamp=0.0000
2026-08-30 10:48:53 | Epoch 294/400 | Train Loss 2.3096 Acc 0.1053 | Val Loss 2.3008 Acc 0.1129 AUC 0.5000 Pre 0.0113 Rec 0.1000
2026-08-30 10:48:54 | Diag logvar_q_mean=-0.0000 logvar_q_clamp=0.0000
2026-08-30 10:48:58 | Epoch 295/400 | Train Loss 2.3095 Acc 0.1047 | Val Loss 2.3008 Acc 0.1129 AUC 0.5000 Pre 0.0113 Rec 0.1000
2026-08-30 10:48:58 | Diag logvar_q_mean=-0.0000 logvar_q_clamp=0.0000
2026-08-30 10:49:02 | Epoch 296/400 | Train Loss 2.3099 Acc 0.1037 | Val Loss 2.3008 Acc 0.1129 AUC 0.5000 Pre 0.0113 Rec 0.1000
2026-08-30 10:49:03 | Diag logvar_q_mean=-0.0000 logvar_q_clamp=0.0000
2026-08-30 10:49:07 | Epoch 297/400 | Train Loss 2.3096 Acc 0.1043 | Val Loss 2.3008 Acc 0.1129 AUC 0.5000 Pre 0.0113 Rec 0.1000
2026-08-30 10:49:07 | Diag logvar_q_mean=-0.0000 logvar_q_clamp=0.0000
2026-08-30 10:49:11 | Epoch 298/400 | Train Loss 2.3103 Acc 0.1043 | Val Loss 2.3008 Acc 0.1129 AUC 0.5000 Pre 0.0113 Rec 0.1000
2026-08-30 10:49:12 | Diag logvar_q_mean=-0.0000 logvar_q_clamp=0.0000
2026-08-30 10:49:16 | Epoch 299/400 | Train Loss 2.3096 Acc 0.1030 | Val Loss 2.3008 Acc 0.1129 AUC 0.5000 Pre 0.0113 Rec 0.1000
2026-08-30 10:49:16 | Diag logvar_q_mean=-0.0000 logvar_q_clamp=0.0000
2026-08-30 10:49:20 | Epoch 300/400 | Train Loss 2.3108 Acc 0.1018 | Val Loss 2.3008 Acc 0.1129 AUC 0.5000 Pre 0.0113 Rec 0.1000
2026-08-30 10:49:21 | Diag logvar_q_mean=-0.0000 logvar_q_clamp=0.0000
2026-08-30 10:49:25 | Epoch 301/400 | Train Loss 2.3107 Acc 0.1010 | Val Loss 2.3008 Acc 0.1129 AUC 0.5000 Pre 0.0113 Rec 0.1000
2026-08-30 10:49:25 | Diag logvar_q_mean=-0.0000 logvar_q_clamp=0.0000
2026-08-30 10:49:29 | Epoch 302/400 | Train Loss 2.3097 Acc 0.1029 | Val Loss 2.3008 Acc 0.1129 AUC 0.5000 Pre 0.0113 Rec 0.1000
2026-08-30 10:49:30 | Diag logvar_q_mean=0.0000 logvar_q_clamp=0.0000
2026-08-30 10:49:34 | Epoch 303/400 | Train Loss 2.3099 Acc 0.1060 | Val Loss 2.3008 Acc 0.1129 AUC 0.5000 Pre 0.0113 Rec 0.1000
2026-08-30 10:49:34 | Diag logvar_q_mean=-0.0000 logvar_q_clamp=0.0000
2026-08-30 10:49:38 | Epoch 304/400 | Train Loss 2.3098 Acc 0.1056 | Val Loss 2.3008 Acc 0.1129 AUC 0.5000 Pre 0.0113 Rec 0.1000
2026-08-30 10:49:39 | Diag logvar_q_mean=-0.0000 logvar_q_clamp=0.0000
2026-08-30 10:49:43 | Epoch 305/400 | Train Loss 2.3102 Acc 0.1019 | Val Loss 2.3008 Acc 0.1129 AUC 0.5000 Pre 0.0113 Rec 0.1000
2026-08-30 10:49:43 | Diag logvar_q_mean=-0.0000 logvar_q_clamp=0.0000
2026-08-30 10:49:47 | Epoch 306/400 | Train Loss 2.3091 Acc 0.1059 | Val Loss 2.3008 Acc 0.1129 AUC 0.5000 Pre 0.0113 Rec 0.1000
2026-08-30 10:49:48 | Diag logvar_q_mean=-0.0000 logvar_q_clamp=0.0000
2026-08-30 10:49:52 | Epoch 307/400 | Train Loss 2.3096 Acc 0.1031 | Val Loss 2.3008 Acc 0.1129 AUC 0.5000 Pre 0.0113 Rec 0.1000
2026-08-30 10:49:52 | Diag logvar_q_mean=-0.0000 logvar_q_clamp=0.0000
2026-08-30 10:49:56 | Epoch 308/400 | Train Loss 2.3099 Acc 0.1035 | Val Loss 2.3008 Acc 0.1129 AUC 0.5000 Pre 0.0113 Rec 0.1000
2026-08-30 10:49:57 | Diag logvar_q_mean=-0.0000 logvar_q_clamp=0.0000
2026-08-30 10:50:01 | Epoch 309/400 | Train Loss 2.3091 Acc 0.1033 | Val Loss 2.3007 Acc 0.1129 AUC 0.5000 Pre 0.0113 Rec 0.1000
2026-08-30 10:50:01 | Diag logvar_q_mean=-0.0000 logvar_q_clamp=0.0000
2026-08-30 10:50:05 | Epoch 310/400 | Train Loss 2.3095 Acc 0.1023 | Val Loss 2.3008 Acc 0.1129 AUC 0.5000 Pre 0.0113 Rec 0.1000
2026-08-30 10:50:06 | Diag logvar_q_mean=-0.0000 logvar_q_clamp=0.0000
2026-08-30 10:50:10 | Epoch 311/400 | Train Loss 2.3096 Acc 0.1049 | Val Loss 2.3008 Acc 0.1129 AUC 0.5000 Pre 0.0113 Rec 0.1000
2026-08-30 10:50:10 | Diag logvar_q_mean=-0.0000 logvar_q_clamp=0.0000
2026-08-30 10:50:14 | Epoch 312/400 | Train Loss 2.3102 Acc 0.1039 | Val Loss 2.3008 Acc 0.1129 AUC 0.5000 Pre 0.0113 Rec 0.1000
2026-08-30 10:50:15 | Diag logvar_q_mean=-0.0000 logvar_q_clamp=0.0000
2026-08-30 10:50:19 | Epoch 313/400 | Train Loss 2.3101 Acc 0.1031 | Val Loss 2.3008 Acc 0.1129 AUC 0.5000 Pre 0.0113 Rec 0.1000
2026-08-30 10:50:19 | Diag logvar_q_mean=-0.0000 logvar_q_clamp=0.0000
2026-08-30 10:50:23 | Epoch 314/400 | Train Loss 2.3097 Acc 0.1043 | Val Loss 2.3008 Acc 0.1129 AUC 0.5000 Pre 0.0113 Rec 0.1000
2026-08-30 10:50:24 | Diag logvar_q_mean=-0.0000 logvar_q_clamp=0.0000
2026-08-30 10:50:28 | Epoch 315/400 | Train Loss 2.3101 Acc 0.1035 | Val Loss 2.3008 Acc 0.1129 AUC 0.5000 Pre 0.0113 Rec 0.1000
2026-08-30 10:50:28 | Diag logvar_q_mean=-0.0000 logvar_q_clamp=0.0000
2026-08-30 10:50:32 | Epoch 316/400 | Train Loss 2.3097 Acc 0.1025 | Val Loss 2.3008 Acc 0.1129 AUC 0.5000 Pre 0.0113 Rec 0.1000
2026-08-30 10:50:33 | Diag logvar_q_mean=-0.0000 logvar_q_clamp=0.0000
2026-08-30 10:50:37 | Epoch 317/400 | Train Loss 2.3089 Acc 0.1047 | Val Loss 2.3008 Acc 0.1129 AUC 0.5000 Pre 0.0113 Rec 0.1000
2026-08-30 10:50:37 | Diag logvar_q_mean=-0.0000 logvar_q_clamp=0.0000
2026-08-30 10:50:41 | Epoch 318/400 | Train Loss 2.3095 Acc 0.1023 | Val Loss 2.3008 Acc 0.1129 AUC 0.5000 Pre 0.0113 Rec 0.1000
2026-08-30 10:50:42 | Diag logvar_q_mean=-0.0000 logvar_q_clamp=0.0000
2026-08-30 10:50:46 | Epoch 319/400 | Train Loss 2.3101 Acc 0.1046 | Val Loss 2.3008 Acc 0.1129 AUC 0.5000 Pre 0.0113 Rec 0.1000
2026-08-30 10:50:46 | Diag logvar_q_mean=-0.0000 logvar_q_clamp=0.0000
2026-08-30 10:50:50 | Epoch 320/400 | Train Loss 2.3106 Acc 0.1036 | Val Loss 2.3008 Acc 0.1129 AUC 0.5000 Pre 0.0113 Rec 0.1000
2026-08-30 10:50:51 | Diag logvar_q_mean=-0.0000 logvar_q_clamp=0.0000
2026-08-30 10:50:55 | Epoch 321/400 | Train Loss 2.3104 Acc 0.1024 | Val Loss 2.3007 Acc 0.1129 AUC 0.5000 Pre 0.0113 Rec 0.1000
2026-08-30 10:50:55 | Diag logvar_q_mean=-0.0000 logvar_q_clamp=0.0000
2026-08-30 10:50:59 | Epoch 322/400 | Train Loss 2.3097 Acc 0.1043 | Val Loss 2.3008 Acc 0.1129 AUC 0.5000 Pre 0.0113 Rec 0.1000
2026-08-30 10:51:00 | Diag logvar_q_mean=-0.0000 logvar_q_clamp=0.0000
2026-08-30 10:51:04 | Epoch 323/400 | Train Loss 2.3093 Acc 0.1039 | Val Loss 2.3008 Acc 0.1129 AUC 0.5000 Pre 0.0113 Rec 0.1000
2026-08-30 10:51:04 | Diag logvar_q_mean=-0.0000 logvar_q_clamp=0.0000
2026-08-30 10:51:08 | Epoch 324/400 | Train Loss 2.3098 Acc 0.1030 | Val Loss 2.3008 Acc 0.1129 AUC 0.5000 Pre 0.0113 Rec 0.1000
2026-08-30 10:51:09 | Diag logvar_q_mean=-0.0000 logvar_q_clamp=0.0000
2026-08-30 10:51:13 | Epoch 325/400 | Train Loss 2.3096 Acc 0.1049 | Val Loss 2.3008 Acc 0.1129 AUC 0.5000 Pre 0.0113 Rec 0.1000
2026-08-30 10:51:13 | Diag logvar_q_mean=-0.0000 logvar_q_clamp=0.0000
2026-08-30 10:51:17 | Epoch 326/400 | Train Loss 2.3091 Acc 0.1062 | Val Loss 2.3008 Acc 0.1129 AUC 0.5000 Pre 0.0113 Rec 0.1000
2026-08-30 10:51:18 | Diag logvar_q_mean=-0.0000 logvar_q_clamp=0.0000
2026-08-30 10:51:22 | Epoch 327/400 | Train Loss 2.3100 Acc 0.1032 | Val Loss 2.3008 Acc 0.1129 AUC 0.5000 Pre 0.0113 Rec 0.1000
2026-08-30 10:51:22 | Diag logvar_q_mean=0.0000 logvar_q_clamp=0.0000
2026-08-30 10:51:26 | Epoch 328/400 | Train Loss 2.3102 Acc 0.1025 | Val Loss 2.3008 Acc 0.1129 AUC 0.5000 Pre 0.0113 Rec 0.1000
2026-08-30 10:51:27 | Diag logvar_q_mean=-0.0000 logvar_q_clamp=0.0000
2026-08-30 10:51:31 | Epoch 329/400 | Train Loss 2.3101 Acc 0.1011 | Val Loss 2.3008 Acc 0.1129 AUC 0.5000 Pre 0.0113 Rec 0.1000
2026-08-30 10:51:32 | Diag logvar_q_mean=-0.0000 logvar_q_clamp=0.0000
2026-08-30 10:51:35 | Epoch 330/400 | Train Loss 2.3103 Acc 0.1015 | Val Loss 2.3008 Acc 0.1129 AUC 0.5000 Pre 0.0113 Rec 0.1000
2026-08-30 10:51:36 | Diag logvar_q_mean=-0.0000 logvar_q_clamp=0.0000
2026-08-30 10:51:40 | Epoch 331/400 | Train Loss 2.3090 Acc 0.1037 | Val Loss 2.3008 Acc 0.1129 AUC 0.5000 Pre 0.0113 Rec 0.1000
2026-08-30 10:51:41 | Diag logvar_q_mean=-0.0000 logvar_q_clamp=0.0000
2026-08-30 10:51:45 | Epoch 332/400 | Train Loss 2.3097 Acc 0.1041 | Val Loss 2.3008 Acc 0.1129 AUC 0.5000 Pre 0.0113 Rec 0.1000
2026-08-30 10:51:45 | Diag logvar_q_mean=-0.0000 logvar_q_clamp=0.0000
2026-08-30 10:51:49 | Epoch 333/400 | Train Loss 2.3098 Acc 0.1036 | Val Loss 2.3008 Acc 0.1129 AUC 0.5000 Pre 0.0113 Rec 0.1000
2026-08-30 10:51:50 | Diag logvar_q_mean=0.0000 logvar_q_clamp=0.0000
2026-08-30 10:51:54 | Epoch 334/400 | Train Loss 2.3106 Acc 0.1033 | Val Loss 2.3008 Acc 0.1129 AUC 0.5000 Pre 0.0113 Rec 0.1000
2026-08-30 10:51:54 | Diag logvar_q_mean=0.0000 logvar_q_clamp=0.0000
2026-08-30 10:51:58 | Epoch 335/400 | Train Loss 2.3096 Acc 0.1057 | Val Loss 2.3008 Acc 0.1129 AUC 0.5000 Pre 0.0113 Rec 0.1000
2026-08-30 10:51:59 | Diag logvar_q_mean=-0.0000 logvar_q_clamp=0.0000
2026-08-30 10:52:03 | Epoch 336/400 | Train Loss 2.3093 Acc 0.1044 | Val Loss 2.3008 Acc 0.1129 AUC 0.5000 Pre 0.0113 Rec 0.1000
2026-08-30 10:52:03 | Diag logvar_q_mean=-0.0000 logvar_q_clamp=0.0000
2026-08-30 10:52:07 | Epoch 337/400 | Train Loss 2.3099 Acc 0.1022 | Val Loss 2.3008 Acc 0.1129 AUC 0.5000 Pre 0.0113 Rec 0.1000
2026-08-30 10:52:08 | Diag logvar_q_mean=-0.0000 logvar_q_clamp=0.0000
2026-08-30 10:52:12 | Epoch 338/400 | Train Loss 2.3102 Acc 0.1041 | Val Loss 2.3008 Acc 0.1129 AUC 0.5000 Pre 0.0113 Rec 0.1000
2026-08-30 10:52:12 | Diag logvar_q_mean=-0.0000 logvar_q_clamp=0.0000
2026-08-30 10:52:16 | Epoch 339/400 | Train Loss 2.3088 Acc 0.1066 | Val Loss 2.3008 Acc 0.1129 AUC 0.5000 Pre 0.0113 Rec 0.1000
2026-08-30 10:52:17 | Diag logvar_q_mean=-0.0000 logvar_q_clamp=0.0000
2026-08-30 10:52:21 | Epoch 340/400 | Train Loss 2.3099 Acc 0.1024 | Val Loss 2.3008 Acc 0.1129 AUC 0.5000 Pre 0.0113 Rec 0.1000
2026-08-30 10:52:21 | Diag logvar_q_mean=-0.0000 logvar_q_clamp=0.0000
2026-08-30 10:52:25 | Epoch 341/400 | Train Loss 2.3104 Acc 0.1025 | Val Loss 2.3008 Acc 0.1129 AUC 0.5000 Pre 0.0113 Rec 0.1000
2026-08-30 10:52:26 | Diag logvar_q_mean=-0.0000 logvar_q_clamp=0.0000
2026-08-30 10:52:30 | Epoch 342/400 | Train Loss 2.3091 Acc 0.1071 | Val Loss 2.3008 Acc 0.1129 AUC 0.5000 Pre 0.0113 Rec 0.1000
2026-08-30 10:52:30 | Diag logvar_q_mean=-0.0000 logvar_q_clamp=0.0000
2026-08-30 10:52:34 | Epoch 343/400 | Train Loss 2.3102 Acc 0.1038 | Val Loss 2.3008 Acc 0.1129 AUC 0.5000 Pre 0.0113 Rec 0.1000
2026-08-30 10:52:35 | Diag logvar_q_mean=-0.0000 logvar_q_clamp=0.0000
2026-08-30 10:52:39 | Epoch 344/400 | Train Loss 2.3101 Acc 0.1057 | Val Loss 2.3007 Acc 0.1129 AUC 0.5000 Pre 0.0113 Rec 0.1000
2026-08-30 10:52:39 | Diag logvar_q_mean=-0.0000 logvar_q_clamp=0.0000
2026-08-30 10:52:43 | Epoch 345/400 | Train Loss 2.3092 Acc 0.1051 | Val Loss 2.3008 Acc 0.1129 AUC 0.5000 Pre 0.0113 Rec 0.1000
2026-08-30 10:52:44 | Diag logvar_q_mean=-0.0000 logvar_q_clamp=0.0000
2026-08-30 10:52:48 | Epoch 346/400 | Train Loss 2.3098 Acc 0.1028 | Val Loss 2.3008 Acc 0.1129 AUC 0.5000 Pre 0.0113 Rec 0.1000
2026-08-30 10:52:48 | Diag logvar_q_mean=-0.0000 logvar_q_clamp=0.0000
2026-08-30 10:52:52 | Epoch 347/400 | Train Loss 2.3100 Acc 0.1035 | Val Loss 2.3008 Acc 0.1129 AUC 0.5000 Pre 0.0113 Rec 0.1000
2026-08-30 10:52:53 | Diag logvar_q_mean=-0.0000 logvar_q_clamp=0.0000
2026-08-30 10:52:57 | Epoch 348/400 | Train Loss 2.3090 Acc 0.1032 | Val Loss 2.3008 Acc 0.1129 AUC 0.5000 Pre 0.0113 Rec 0.1000
2026-08-30 10:52:57 | Diag logvar_q_mean=-0.0000 logvar_q_clamp=0.0000
2026-08-30 10:53:01 | Epoch 349/400 | Train Loss 2.3100 Acc 0.1019 | Val Loss 2.3007 Acc 0.1129 AUC 0.5000 Pre 0.0113 Rec 0.1000
2026-08-30 10:53:02 | Diag logvar_q_mean=-0.0000 logvar_q_clamp=0.0000
2026-08-30 10:53:06 | Epoch 350/400 | Train Loss 2.3095 Acc 0.1045 | Val Loss 2.3008 Acc 0.1129 AUC 0.5000 Pre 0.0113 Rec 0.1000
2026-08-30 10:53:06 | Diag logvar_q_mean=-0.0000 logvar_q_clamp=0.0000
2026-08-30 10:53:10 | Epoch 351/400 | Train Loss 2.3102 Acc 0.1036 | Val Loss 2.3008 Acc 0.1129 AUC 0.5000 Pre 0.0113 Rec 0.1000
2026-08-30 10:53:11 | Diag logvar_q_mean=-0.0000 logvar_q_clamp=0.0000
2026-08-30 10:53:15 | Epoch 352/400 | Train Loss 2.3096 Acc 0.1052 | Val Loss 2.3007 Acc 0.1129 AUC 0.5000 Pre 0.0113 Rec 0.1000
2026-08-30 10:53:15 | Diag logvar_q_mean=-0.0000 logvar_q_clamp=0.0000
2026-08-30 10:53:19 | Epoch 353/400 | Train Loss 2.3102 Acc 0.1036 | Val Loss 2.3008 Acc 0.1129 AUC 0.5000 Pre 0.0113 Rec 0.1000
2026-08-30 10:53:20 | Diag logvar_q_mean=0.0000 logvar_q_clamp=0.0000
2026-08-30 10:53:24 | Epoch 354/400 | Train Loss 2.3102 Acc 0.1041 | Val Loss 2.3008 Acc 0.1129 AUC 0.5000 Pre 0.0113 Rec 0.1000
2026-08-30 10:53:25 | Diag logvar_q_mean=-0.0000 logvar_q_clamp=0.0000
2026-08-30 10:53:29 | Epoch 355/400 | Train Loss 2.3093 Acc 0.1029 | Val Loss 2.3008 Acc 0.1129 AUC 0.5000 Pre 0.0113 Rec 0.1000
2026-08-30 10:53:29 | Diag logvar_q_mean=0.0000 logvar_q_clamp=0.0000
2026-08-30 10:53:33 | Epoch 356/400 | Train Loss 2.3098 Acc 0.1045 | Val Loss 2.3008 Acc 0.1129 AUC 0.5000 Pre 0.0113 Rec 0.1000
2026-08-30 10:53:34 | Diag logvar_q_mean=-0.0000 logvar_q_clamp=0.0000
2026-08-30 10:53:38 | Epoch 357/400 | Train Loss 2.3109 Acc 0.1009 | Val Loss 2.3008 Acc 0.1129 AUC 0.5000 Pre 0.0113 Rec 0.1000
2026-08-30 10:53:38 | Diag logvar_q_mean=-0.0000 logvar_q_clamp=0.0000
2026-08-30 10:53:42 | Epoch 358/400 | Train Loss 2.3088 Acc 0.1043 | Val Loss 2.3008 Acc 0.1129 AUC 0.5000 Pre 0.0113 Rec 0.1000
2026-08-30 10:53:43 | Diag logvar_q_mean=-0.0000 logvar_q_clamp=0.0000
2026-08-30 10:53:47 | Epoch 359/400 | Train Loss 2.3098 Acc 0.1048 | Val Loss 2.3007 Acc 0.1129 AUC 0.5000 Pre 0.0113 Rec 0.1000
2026-08-30 10:53:47 | Diag logvar_q_mean=-0.0000 logvar_q_clamp=0.0000
2026-08-30 10:53:51 | Epoch 360/400 | Train Loss 2.3100 Acc 0.1031 | Val Loss 2.3008 Acc 0.1129 AUC 0.5000 Pre 0.0113 Rec 0.1000
2026-08-30 10:53:52 | Diag logvar_q_mean=-0.0000 logvar_q_clamp=0.0000
2026-08-30 10:53:56 | Epoch 361/400 | Train Loss 2.3105 Acc 0.1025 | Val Loss 2.3008 Acc 0.1129 AUC 0.5000 Pre 0.0113 Rec 0.1000
2026-08-30 10:53:56 | Diag logvar_q_mean=-0.0000 logvar_q_clamp=0.0000
2026-08-30 10:54:00 | Epoch 362/400 | Train Loss 2.3086 Acc 0.1046 | Val Loss 2.3008 Acc 0.1129 AUC 0.5000 Pre 0.0113 Rec 0.1000
2026-08-30 10:54:01 | Diag logvar_q_mean=-0.0000 logvar_q_clamp=0.0000
2026-08-30 10:54:05 | Epoch 363/400 | Train Loss 2.3104 Acc 0.1031 | Val Loss 2.3008 Acc 0.1129 AUC 0.5000 Pre 0.0113 Rec 0.1000
2026-08-30 10:54:05 | Diag logvar_q_mean=-0.0000 logvar_q_clamp=0.0000
2026-08-30 10:54:09 | Epoch 364/400 | Train Loss 2.3095 Acc 0.1044 | Val Loss 2.3008 Acc 0.1129 AUC 0.5000 Pre 0.0113 Rec 0.1000
2026-08-30 10:54:10 | Diag logvar_q_mean=-0.0000 logvar_q_clamp=0.0000
2026-08-30 10:54:14 | Epoch 365/400 | Train Loss 2.3101 Acc 0.1039 | Val Loss 2.3008 Acc 0.1129 AUC 0.5000 Pre 0.0113 Rec 0.1000
2026-08-30 10:54:14 | Diag logvar_q_mean=-0.0000 logvar_q_clamp=0.0000
2026-08-30 10:54:18 | Epoch 366/400 | Train Loss 2.3101 Acc 0.1046 | Val Loss 2.3008 Acc 0.1129 AUC 0.5000 Pre 0.0113 Rec 0.1000
2026-08-30 10:54:19 | Diag logvar_q_mean=-0.0000 logvar_q_clamp=0.0000
2026-08-30 10:54:23 | Epoch 367/400 | Train Loss 2.3099 Acc 0.1042 | Val Loss 2.3008 Acc 0.1129 AUC 0.5000 Pre 0.0113 Rec 0.1000
2026-08-30 10:54:23 | Diag logvar_q_mean=-0.0000 logvar_q_clamp=0.0000
2026-08-30 10:54:27 | Epoch 368/400 | Train Loss 2.3092 Acc 0.1060 | Val Loss 2.3008 Acc 0.1129 AUC 0.5000 Pre 0.0113 Rec 0.1000
2026-08-30 10:54:28 | Diag logvar_q_mean=0.0000 logvar_q_clamp=0.0000
2026-08-30 10:54:32 | Epoch 369/400 | Train Loss 2.3096 Acc 0.1035 | Val Loss 2.3008 Acc 0.1129 AUC 0.5000 Pre 0.0113 Rec 0.1000
2026-08-30 10:54:32 | Diag logvar_q_mean=-0.0000 logvar_q_clamp=0.0000
2026-08-30 10:54:36 | Epoch 370/400 | Train Loss 2.3091 Acc 0.1041 | Val Loss 2.3008 Acc 0.1129 AUC 0.5000 Pre 0.0113 Rec 0.1000
2026-08-30 10:54:37 | Diag logvar_q_mean=-0.0000 logvar_q_clamp=0.0000
2026-08-30 10:54:41 | Epoch 371/400 | Train Loss 2.3099 Acc 0.1027 | Val Loss 2.3007 Acc 0.1129 AUC 0.5000 Pre 0.0113 Rec 0.1000
2026-08-30 10:54:41 | Diag logvar_q_mean=-0.0000 logvar_q_clamp=0.0000
2026-08-30 10:54:45 | Epoch 372/400 | Train Loss 2.3103 Acc 0.1023 | Val Loss 2.3007 Acc 0.1129 AUC 0.5000 Pre 0.0113 Rec 0.1000
2026-08-30 10:54:46 | Diag logvar_q_mean=-0.0000 logvar_q_clamp=0.0000
2026-08-30 10:54:50 | Epoch 373/400 | Train Loss 2.3091 Acc 0.1048 | Val Loss 2.3008 Acc 0.1129 AUC 0.5000 Pre 0.0113 Rec 0.1000
2026-08-30 10:54:50 | Diag logvar_q_mean=-0.0000 logvar_q_clamp=0.0000
2026-08-30 10:54:54 | Epoch 374/400 | Train Loss 2.3098 Acc 0.1025 | Val Loss 2.3007 Acc 0.1129 AUC 0.5000 Pre 0.0113 Rec 0.1000
2026-08-30 10:54:55 | Diag logvar_q_mean=-0.0000 logvar_q_clamp=0.0000
2026-08-30 10:54:59 | Epoch 375/400 | Train Loss 2.3100 Acc 0.1042 | Val Loss 2.3008 Acc 0.1129 AUC 0.5000 Pre 0.0113 Rec 0.1000
2026-08-30 10:55:00 | Diag logvar_q_mean=-0.0000 logvar_q_clamp=0.0000
2026-08-30 10:55:04 | Epoch 376/400 | Train Loss 2.3098 Acc 0.1019 | Val Loss 2.3008 Acc 0.1129 AUC 0.5000 Pre 0.0113 Rec 0.1000
2026-08-30 10:55:04 | Diag logvar_q_mean=-0.0000 logvar_q_clamp=0.0000
2026-08-30 10:55:08 | Epoch 377/400 | Train Loss 2.3100 Acc 0.1029 | Val Loss 2.3008 Acc 0.1129 AUC 0.5000 Pre 0.0113 Rec 0.1000
2026-08-30 10:55:09 | Diag logvar_q_mean=-0.0000 logvar_q_clamp=0.0000
2026-08-30 10:55:13 | Epoch 378/400 | Train Loss 2.3092 Acc 0.1042 | Val Loss 2.3008 Acc 0.1129 AUC 0.5000 Pre 0.0113 Rec 0.1000
2026-08-30 10:55:13 | Diag logvar_q_mean=0.0000 logvar_q_clamp=0.0000
2026-08-30 10:55:17 | Epoch 379/400 | Train Loss 2.3098 Acc 0.1038 | Val Loss 2.3008 Acc 0.1129 AUC 0.5000 Pre 0.0113 Rec 0.1000
2026-08-30 10:55:18 | Diag logvar_q_mean=-0.0000 logvar_q_clamp=0.0000
2026-08-30 10:55:22 | Epoch 380/400 | Train Loss 2.3092 Acc 0.1041 | Val Loss 2.3008 Acc 0.1129 AUC 0.5000 Pre 0.0113 Rec 0.1000
2026-08-30 10:55:22 | Diag logvar_q_mean=-0.0000 logvar_q_clamp=0.0000
2026-08-30 10:55:26 | Epoch 381/400 | Train Loss 2.3100 Acc 0.1051 | Val Loss 2.3008 Acc 0.1129 AUC 0.5000 Pre 0.0113 Rec 0.1000
2026-08-30 10:55:27 | Diag logvar_q_mean=-0.0000 logvar_q_clamp=0.0000
2026-08-30 10:55:31 | Epoch 382/400 | Train Loss 2.3088 Acc 0.1042 | Val Loss 2.3008 Acc 0.1129 AUC 0.5000 Pre 0.0113 Rec 0.1000
2026-08-30 10:55:32 | Diag logvar_q_mean=-0.0000 logvar_q_clamp=0.0000
2026-08-30 10:55:36 | Epoch 383/400 | Train Loss 2.3100 Acc 0.1026 | Val Loss 2.3008 Acc 0.1129 AUC 0.5000 Pre 0.0113 Rec 0.1000
2026-08-30 10:55:36 | Diag logvar_q_mean=-0.0000 logvar_q_clamp=0.0000
2026-08-30 10:55:40 | Epoch 384/400 | Train Loss 2.3102 Acc 0.1033 | Val Loss 2.3008 Acc 0.1129 AUC 0.5000 Pre 0.0113 Rec 0.1000
2026-08-30 10:55:41 | Diag logvar_q_mean=-0.0000 logvar_q_clamp=0.0000
2026-08-30 10:55:45 | Epoch 385/400 | Train Loss 2.3092 Acc 0.1047 | Val Loss 2.3008 Acc 0.1129 AUC 0.5000 Pre 0.0113 Rec 0.1000
2026-08-30 10:55:46 | Diag logvar_q_mean=-0.0000 logvar_q_clamp=0.0000
2026-08-30 10:55:49 | Epoch 386/400 | Train Loss 2.3108 Acc 0.1031 | Val Loss 2.3008 Acc 0.1129 AUC 0.5000 Pre 0.0113 Rec 0.1000
2026-08-30 10:55:50 | Diag logvar_q_mean=-0.0000 logvar_q_clamp=0.0000
2026-08-30 10:55:54 | Epoch 387/400 | Train Loss 2.3096 Acc 0.1049 | Val Loss 2.3008 Acc 0.1129 AUC 0.5000 Pre 0.0113 Rec 0.1000
2026-08-30 10:55:55 | Diag logvar_q_mean=-0.0000 logvar_q_clamp=0.0000
2026-08-30 10:55:59 | Epoch 388/400 | Train Loss 2.3092 Acc 0.1049 | Val Loss 2.3008 Acc 0.1129 AUC 0.5000 Pre 0.0113 Rec 0.1000
2026-08-30 10:55:59 | Diag logvar_q_mean=-0.0000 logvar_q_clamp=0.0000
2026-08-30 10:56:03 | Epoch 389/400 | Train Loss 2.3095 Acc 0.1040 | Val Loss 2.3008 Acc 0.1129 AUC 0.5000 Pre 0.0113 Rec 0.1000
2026-08-30 10:56:04 | Diag logvar_q_mean=0.0000 logvar_q_clamp=0.0000
2026-08-30 10:56:08 | Epoch 390/400 | Train Loss 2.3097 Acc 0.1036 | Val Loss 2.3008 Acc 0.1129 AUC 0.5000 Pre 0.0113 Rec 0.1000
2026-08-30 10:56:08 | Diag logvar_q_mean=-0.0000 logvar_q_clamp=0.0000
2026-08-30 10:56:12 | Epoch 391/400 | Train Loss 2.3113 Acc 0.1023 | Val Loss 2.3008 Acc 0.1129 AUC 0.5000 Pre 0.0113 Rec 0.1000
2026-08-30 10:56:13 | Diag logvar_q_mean=-0.0000 logvar_q_clamp=0.0000
2026-08-30 10:56:17 | Epoch 392/400 | Train Loss 2.3091 Acc 0.1030 | Val Loss 2.3008 Acc 0.1129 AUC 0.5000 Pre 0.0113 Rec 0.1000
2026-08-30 10:56:17 | Diag logvar_q_mean=0.0000 logvar_q_clamp=0.0000
2026-08-30 10:56:21 | Epoch 393/400 | Train Loss 2.3093 Acc 0.1048 | Val Loss 2.3008 Acc 0.1129 AUC 0.5000 Pre 0.0113 Rec 0.1000
2026-08-30 10:56:22 | Diag logvar_q_mean=-0.0000 logvar_q_clamp=0.0000
2026-08-30 10:56:26 | Epoch 394/400 | Train Loss 2.3100 Acc 0.1029 | Val Loss 2.3008 Acc 0.1129 AUC 0.5000 Pre 0.0113 Rec 0.1000
2026-08-30 10:56:26 | Diag logvar_q_mean=-0.0000 logvar_q_clamp=0.0000
2026-08-30 10:56:30 | Epoch 395/400 | Train Loss 2.3103 Acc 0.1056 | Val Loss 2.3008 Acc 0.1129 AUC 0.5000 Pre 0.0113 Rec 0.1000
2026-08-30 10:56:31 | Diag logvar_q_mean=-0.0000 logvar_q_clamp=0.0000
2026-08-30 10:56:35 | Epoch 396/400 | Train Loss 2.3102 Acc 0.1043 | Val Loss 2.3008 Acc 0.1129 AUC 0.5000 Pre 0.0113 Rec 0.1000
2026-08-30 10:56:35 | Diag logvar_q_mean=-0.0000 logvar_q_clamp=0.0000
2026-08-30 10:56:39 | Epoch 397/400 | Train Loss 2.3100 Acc 0.1043 | Val Loss 2.3008 Acc 0.1129 AUC 0.5000 Pre 0.0113 Rec 0.1000
2026-08-30 10:56:40 | Diag logvar_q_mean=-0.0000 logvar_q_clamp=0.0000
2026-08-30 10:56:44 | Epoch 398/400 | Train Loss 2.3090 Acc 0.1047 | Val Loss 2.3008 Acc 0.1129 AUC 0.5000 Pre 0.0113 Rec 0.1000
2026-08-30 10:56:45 | Diag logvar_q_mean=-0.0000 logvar_q_clamp=0.0000
2026-08-30 10:56:49 | Epoch 399/400 | Train Loss 2.3097 Acc 0.1036 | Val Loss 2.3008 Acc 0.1129 AUC 0.5000 Pre 0.0113 Rec 0.1000
2026-08-30 10:56:49 | Diag logvar_q_mean=-0.0000 logvar_q_clamp=0.0000
2026-08-30 10:56:53 | Epoch 400/400 | Train Loss 2.3109 Acc 0.1043 | Val Loss 2.3008 Acc 0.1129 AUC 0.5000 Pre 0.0113 Rec 0.1000
2026-08-30 10:56:54 | Diag logvar_q_mean=-0.0000 logvar_q_clamp=0.0000
2026-08-30 10:56:54 | Run 3/5 | Test (best model @ Epoch 4) | Loss 2.3011 Acc 0.1135 AUC 0.5979 Pre 0.0114 Rec 0.1000
2026-08-30 10:56:54 | ===== Run 4/5 (seed 3) =====
2026-08-30 10:56:58 | Epoch   1/400 | Train Loss 2.9032 Acc 0.0997 | Val Loss 2.3036 Acc 0.1129 AUC 0.5545 Pre 0.0113 Rec 0.1000
2026-08-30 10:56:59 | Diag logvar_q_mean=-0.0000 logvar_q_clamp=0.0000
2026-08-30 10:56:59 |   Val AUC improved to 0.5545, model saved
2026-08-30 10:57:03 | Epoch   2/400 | Train Loss 2.3370 Acc 0.0996 | Val Loss 2.3013 Acc 0.1129 AUC 0.6182 Pre 0.0113 Rec 0.1000
2026-08-30 10:57:03 | Diag logvar_q_mean=-0.0000 logvar_q_clamp=0.0000
2026-08-30 10:57:03 |   Val AUC improved to 0.6182, model saved
2026-08-30 10:57:07 | Epoch   3/400 | Train Loss 2.3174 Acc 0.1020 | Val Loss 2.3010 Acc 0.1129 AUC 0.5996 Pre 0.0113 Rec 0.1000
2026-08-30 10:57:08 | Diag logvar_q_mean=-0.0000 logvar_q_clamp=0.0000
2026-08-30 10:57:12 | Epoch   4/400 | Train Loss 2.3107 Acc 0.1045 | Val Loss 2.3009 Acc 0.1129 AUC 0.5925 Pre 0.0113 Rec 0.1000
2026-08-30 10:57:12 | Diag logvar_q_mean=-0.0000 logvar_q_clamp=0.0000
2026-08-30 10:57:16 | Epoch   5/400 | Train Loss 2.3100 Acc 0.1029 | Val Loss 2.3008 Acc 0.1129 AUC 0.6229 Pre 0.0113 Rec 0.1000
2026-08-30 10:57:17 | Diag logvar_q_mean=-0.0000 logvar_q_clamp=0.0000
2026-08-30 10:57:17 |   Val AUC improved to 0.6229, model saved
2026-08-30 10:57:21 | Epoch   6/400 | Train Loss 2.3100 Acc 0.1049 | Val Loss 2.3008 Acc 0.1129 AUC 0.6312 Pre 0.0113 Rec 0.1000
2026-08-30 10:57:22 | Diag logvar_q_mean=-0.0000 logvar_q_clamp=0.0000
2026-08-30 10:57:22 |   Val AUC improved to 0.6312, model saved
2026-08-30 10:57:26 | Epoch   7/400 | Train Loss 2.3102 Acc 0.1047 | Val Loss 2.3008 Acc 0.1129 AUC 0.5950 Pre 0.0113 Rec 0.1000
2026-08-30 10:57:26 | Diag logvar_q_mean=-0.0000 logvar_q_clamp=0.0000
2026-08-30 10:57:30 | Epoch   8/400 | Train Loss 2.3091 Acc 0.1060 | Val Loss 2.3008 Acc 0.1129 AUC 0.5007 Pre 0.0113 Rec 0.1000
2026-08-30 10:57:31 | Diag logvar_q_mean=-0.0000 logvar_q_clamp=0.0000
2026-08-30 10:57:35 | Epoch   9/400 | Train Loss 2.3094 Acc 0.1035 | Val Loss 2.3008 Acc 0.1129 AUC 0.4999 Pre 0.0113 Rec 0.1000
2026-08-30 10:57:35 | Diag logvar_q_mean=-0.0000 logvar_q_clamp=0.0000
2026-08-30 10:57:39 | Epoch  10/400 | Train Loss 2.3104 Acc 0.1035 | Val Loss 2.3008 Acc 0.1129 AUC 0.4998 Pre 0.0113 Rec 0.1000
2026-08-30 10:57:40 | Diag logvar_q_mean=-0.0000 logvar_q_clamp=0.0000
2026-08-30 10:57:44 | Epoch  11/400 | Train Loss 2.3097 Acc 0.1045 | Val Loss 2.3008 Acc 0.1129 AUC 0.4998 Pre 0.0113 Rec 0.1000
2026-08-30 10:57:44 | Diag logvar_q_mean=0.0000 logvar_q_clamp=0.0000
2026-08-30 10:57:48 | Epoch  12/400 | Train Loss 2.3095 Acc 0.1025 | Val Loss 2.3008 Acc 0.1129 AUC 0.4998 Pre 0.0113 Rec 0.1000
2026-08-30 10:57:49 | Diag logvar_q_mean=-0.0000 logvar_q_clamp=0.0000
2026-08-30 10:57:53 | Epoch  13/400 | Train Loss 2.3095 Acc 0.1050 | Val Loss 2.3008 Acc 0.1129 AUC 0.4999 Pre 0.0113 Rec 0.1000
2026-08-30 10:57:53 | Diag logvar_q_mean=-0.0000 logvar_q_clamp=0.0000
2026-08-30 10:57:57 | Epoch  14/400 | Train Loss 2.3100 Acc 0.1043 | Val Loss 2.3007 Acc 0.1129 AUC 0.5001 Pre 0.0113 Rec 0.1000
2026-08-30 10:57:58 | Diag logvar_q_mean=-0.0000 logvar_q_clamp=0.0000
2026-08-30 10:58:02 | Epoch  15/400 | Train Loss 2.3102 Acc 0.1049 | Val Loss 2.3007 Acc 0.1129 AUC 0.4996 Pre 0.0113 Rec 0.1000
2026-08-30 10:58:02 | Diag logvar_q_mean=0.0000 logvar_q_clamp=0.0000
2026-08-30 10:58:06 | Epoch  16/400 | Train Loss 2.3099 Acc 0.1028 | Val Loss 2.3007 Acc 0.1129 AUC 0.5001 Pre 0.0113 Rec 0.1000
2026-08-30 10:58:07 | Diag logvar_q_mean=-0.0000 logvar_q_clamp=0.0000
2026-08-30 10:58:11 | Epoch  17/400 | Train Loss 2.3105 Acc 0.1015 | Val Loss 2.3008 Acc 0.1129 AUC 0.5002 Pre 0.0113 Rec 0.1000
2026-08-30 10:58:11 | Diag logvar_q_mean=-0.0000 logvar_q_clamp=0.0000
2026-08-30 10:58:15 | Epoch  18/400 | Train Loss 2.3097 Acc 0.1028 | Val Loss 2.3008 Acc 0.1129 AUC 0.4999 Pre 0.0113 Rec 0.1000
2026-08-30 10:58:16 | Diag logvar_q_mean=-0.0000 logvar_q_clamp=0.0000
2026-08-30 10:58:20 | Epoch  19/400 | Train Loss 2.3097 Acc 0.1054 | Val Loss 2.3008 Acc 0.1129 AUC 0.5000 Pre 0.0113 Rec 0.1000
2026-08-30 10:58:20 | Diag logvar_q_mean=-0.0000 logvar_q_clamp=0.0000
2026-08-30 10:58:24 | Epoch  20/400 | Train Loss 2.3113 Acc 0.1022 | Val Loss 2.3008 Acc 0.1129 AUC 0.4999 Pre 0.0113 Rec 0.1000
2026-08-30 10:58:25 | Diag logvar_q_mean=-0.0000 logvar_q_clamp=0.0000
2026-08-30 10:58:29 | Epoch  21/400 | Train Loss 2.3098 Acc 0.1027 | Val Loss 2.3008 Acc 0.1129 AUC 0.5001 Pre 0.0113 Rec 0.1000
2026-08-30 10:58:29 | Diag logvar_q_mean=-0.0000 logvar_q_clamp=0.0000
2026-08-30 10:58:33 | Epoch  22/400 | Train Loss 2.3095 Acc 0.1042 | Val Loss 2.3008 Acc 0.1129 AUC 0.5001 Pre 0.0113 Rec 0.1000
2026-08-30 10:58:34 | Diag logvar_q_mean=-0.0000 logvar_q_clamp=0.0000
2026-08-30 10:58:38 | Epoch  23/400 | Train Loss 2.3098 Acc 0.1045 | Val Loss 2.3008 Acc 0.1129 AUC 0.5000 Pre 0.0113 Rec 0.1000
2026-08-30 10:58:38 | Diag logvar_q_mean=-0.0000 logvar_q_clamp=0.0000
2026-08-30 10:58:42 | Epoch  24/400 | Train Loss 2.3097 Acc 0.1043 | Val Loss 2.3008 Acc 0.1129 AUC 0.5001 Pre 0.0113 Rec 0.1000
2026-08-30 10:58:43 | Diag logvar_q_mean=-0.0000 logvar_q_clamp=0.0000
2026-08-30 10:58:46 | Epoch  25/400 | Train Loss 2.3095 Acc 0.1021 | Val Loss 2.3007 Acc 0.1129 AUC 0.5000 Pre 0.0113 Rec 0.1000
2026-08-30 10:58:47 | Diag logvar_q_mean=-0.0000 logvar_q_clamp=0.0000
2026-08-30 10:58:51 | Epoch  26/400 | Train Loss 2.3105 Acc 0.1016 | Val Loss 2.3008 Acc 0.1129 AUC 0.5000 Pre 0.0113 Rec 0.1000
2026-08-30 10:58:52 | Diag logvar_q_mean=-0.0000 logvar_q_clamp=0.0000
2026-08-30 10:58:55 | Epoch  27/400 | Train Loss 2.3103 Acc 0.1029 | Val Loss 2.3008 Acc 0.1129 AUC 0.5000 Pre 0.0113 Rec 0.1000
2026-08-30 10:58:56 | Diag logvar_q_mean=0.0000 logvar_q_clamp=0.0000
2026-08-30 10:59:00 | Epoch  28/400 | Train Loss 2.3095 Acc 0.1028 | Val Loss 2.3008 Acc 0.1129 AUC 0.5000 Pre 0.0113 Rec 0.1000
2026-08-30 10:59:01 | Diag logvar_q_mean=-0.0000 logvar_q_clamp=0.0000
2026-08-30 10:59:04 | Epoch  29/400 | Train Loss 2.3101 Acc 0.1017 | Val Loss 2.3008 Acc 0.1129 AUC 0.5000 Pre 0.0113 Rec 0.1000
2026-08-30 10:59:05 | Diag logvar_q_mean=-0.0000 logvar_q_clamp=0.0000
2026-08-30 10:59:09 | Epoch  30/400 | Train Loss 2.3097 Acc 0.1041 | Val Loss 2.3008 Acc 0.1129 AUC 0.5000 Pre 0.0113 Rec 0.1000
2026-08-30 10:59:10 | Diag logvar_q_mean=-0.0000 logvar_q_clamp=0.0000
2026-08-30 10:59:14 | Epoch  31/400 | Train Loss 2.3098 Acc 0.1041 | Val Loss 2.3007 Acc 0.1129 AUC 0.5000 Pre 0.0113 Rec 0.1000
2026-08-30 10:59:14 | Diag logvar_q_mean=-0.0000 logvar_q_clamp=0.0000
2026-08-30 10:59:18 | Epoch  32/400 | Train Loss 2.3105 Acc 0.1021 | Val Loss 2.3008 Acc 0.1129 AUC 0.5000 Pre 0.0113 Rec 0.1000
2026-08-30 10:59:19 | Diag logvar_q_mean=-0.0000 logvar_q_clamp=0.0000
2026-08-30 10:59:23 | Epoch  33/400 | Train Loss 2.3091 Acc 0.1041 | Val Loss 2.3008 Acc 0.1129 AUC 0.5000 Pre 0.0113 Rec 0.1000
2026-08-30 10:59:23 | Diag logvar_q_mean=0.0000 logvar_q_clamp=0.0000
2026-08-30 10:59:27 | Epoch  34/400 | Train Loss 2.3098 Acc 0.1038 | Val Loss 2.3008 Acc 0.1129 AUC 0.5000 Pre 0.0113 Rec 0.1000
2026-08-30 10:59:28 | Diag logvar_q_mean=-0.0000 logvar_q_clamp=0.0000
2026-08-30 10:59:32 | Epoch  35/400 | Train Loss 2.3098 Acc 0.1052 | Val Loss 2.3008 Acc 0.1129 AUC 0.5000 Pre 0.0113 Rec 0.1000
2026-08-30 10:59:32 | Diag logvar_q_mean=0.0000 logvar_q_clamp=0.0000
2026-08-30 10:59:36 | Epoch  36/400 | Train Loss 2.3100 Acc 0.1046 | Val Loss 2.3007 Acc 0.1129 AUC 0.5000 Pre 0.0113 Rec 0.1000
2026-08-30 10:59:37 | Diag logvar_q_mean=-0.0000 logvar_q_clamp=0.0000
2026-08-30 10:59:41 | Epoch  37/400 | Train Loss 2.3089 Acc 0.1028 | Val Loss 2.3008 Acc 0.1129 AUC 0.5000 Pre 0.0113 Rec 0.1000
2026-08-30 10:59:41 | Diag logvar_q_mean=-0.0000 logvar_q_clamp=0.0000
2026-08-30 10:59:45 | Epoch  38/400 | Train Loss 2.3105 Acc 0.1032 | Val Loss 2.3007 Acc 0.1129 AUC 0.5000 Pre 0.0113 Rec 0.1000
2026-08-30 10:59:46 | Diag logvar_q_mean=-0.0000 logvar_q_clamp=0.0000
2026-08-30 10:59:50 | Epoch  39/400 | Train Loss 2.3106 Acc 0.1028 | Val Loss 2.3008 Acc 0.1129 AUC 0.5000 Pre 0.0113 Rec 0.1000
2026-08-30 10:59:50 | Diag logvar_q_mean=-0.0000 logvar_q_clamp=0.0000
2026-08-30 10:59:54 | Epoch  40/400 | Train Loss 2.3097 Acc 0.1048 | Val Loss 2.3008 Acc 0.1129 AUC 0.5000 Pre 0.0113 Rec 0.1000
2026-08-30 10:59:55 | Diag logvar_q_mean=-0.0000 logvar_q_clamp=0.0000
2026-08-30 10:59:59 | Epoch  41/400 | Train Loss 2.3091 Acc 0.1062 | Val Loss 2.3008 Acc 0.1129 AUC 0.5000 Pre 0.0113 Rec 0.1000
2026-08-30 10:59:59 | Diag logvar_q_mean=0.0000 logvar_q_clamp=0.0000
2026-08-30 11:00:03 | Epoch  42/400 | Train Loss 2.3103 Acc 0.1021 | Val Loss 2.3008 Acc 0.1129 AUC 0.5000 Pre 0.0113 Rec 0.1000
2026-08-30 11:00:04 | Diag logvar_q_mean=-0.0000 logvar_q_clamp=0.0000
2026-08-30 11:00:08 | Epoch  43/400 | Train Loss 2.3102 Acc 0.1042 | Val Loss 2.3008 Acc 0.1129 AUC 0.5000 Pre 0.0113 Rec 0.1000
2026-08-30 11:00:08 | Diag logvar_q_mean=-0.0000 logvar_q_clamp=0.0000
2026-08-30 11:00:12 | Epoch  44/400 | Train Loss 2.3103 Acc 0.1020 | Val Loss 2.3007 Acc 0.1129 AUC 0.5000 Pre 0.0113 Rec 0.1000
2026-08-30 11:00:13 | Diag logvar_q_mean=-0.0000 logvar_q_clamp=0.0000
2026-08-30 11:00:17 | Epoch  45/400 | Train Loss 2.3090 Acc 0.1016 | Val Loss 2.3007 Acc 0.1129 AUC 0.5000 Pre 0.0113 Rec 0.1000
2026-08-30 11:00:17 | Diag logvar_q_mean=-0.0000 logvar_q_clamp=0.0000
2026-08-30 11:00:21 | Epoch  46/400 | Train Loss 2.3099 Acc 0.1046 | Val Loss 2.3008 Acc 0.1129 AUC 0.5000 Pre 0.0113 Rec 0.1000
2026-08-30 11:00:22 | Diag logvar_q_mean=-0.0000 logvar_q_clamp=0.0000
2026-08-30 11:00:26 | Epoch  47/400 | Train Loss 2.3104 Acc 0.1046 | Val Loss 2.3008 Acc 0.1129 AUC 0.5000 Pre 0.0113 Rec 0.1000
2026-08-30 11:00:26 | Diag logvar_q_mean=-0.0000 logvar_q_clamp=0.0000
2026-08-30 11:00:30 | Epoch  48/400 | Train Loss 2.3097 Acc 0.1024 | Val Loss 2.3008 Acc 0.1129 AUC 0.5000 Pre 0.0113 Rec 0.1000
2026-08-30 11:00:31 | Diag logvar_q_mean=0.0000 logvar_q_clamp=0.0000
2026-08-30 11:00:35 | Epoch  49/400 | Train Loss 2.3103 Acc 0.1049 | Val Loss 2.3008 Acc 0.1129 AUC 0.5000 Pre 0.0113 Rec 0.1000
2026-08-30 11:00:35 | Diag logvar_q_mean=-0.0000 logvar_q_clamp=0.0000
2026-08-30 11:00:39 | Epoch  50/400 | Train Loss 2.3089 Acc 0.1055 | Val Loss 2.3008 Acc 0.1129 AUC 0.5000 Pre 0.0113 Rec 0.1000
2026-08-30 11:00:40 | Diag logvar_q_mean=-0.0000 logvar_q_clamp=0.0000
2026-08-30 11:00:44 | Epoch  51/400 | Train Loss 2.3109 Acc 0.1027 | Val Loss 2.3008 Acc 0.1129 AUC 0.5000 Pre 0.0113 Rec 0.1000
2026-08-30 11:00:44 | Diag logvar_q_mean=-0.0000 logvar_q_clamp=0.0000
2026-08-30 11:00:48 | Epoch  52/400 | Train Loss 2.3099 Acc 0.1026 | Val Loss 2.3008 Acc 0.1129 AUC 0.5000 Pre 0.0113 Rec 0.1000
2026-08-30 11:00:49 | Diag logvar_q_mean=-0.0000 logvar_q_clamp=0.0000
2026-08-30 11:00:52 | Epoch  53/400 | Train Loss 2.3091 Acc 0.1041 | Val Loss 2.3007 Acc 0.1129 AUC 0.5000 Pre 0.0113 Rec 0.1000
2026-08-30 11:00:53 | Diag logvar_q_mean=-0.0000 logvar_q_clamp=0.0000
2026-08-30 11:00:57 | Epoch  54/400 | Train Loss 2.3095 Acc 0.1057 | Val Loss 2.3007 Acc 0.1129 AUC 0.5000 Pre 0.0113 Rec 0.1000
2026-08-30 11:00:58 | Diag logvar_q_mean=-0.0000 logvar_q_clamp=0.0000
2026-08-30 11:01:01 | Epoch  55/400 | Train Loss 2.3104 Acc 0.1042 | Val Loss 2.3007 Acc 0.1129 AUC 0.5000 Pre 0.0113 Rec 0.1000
2026-08-30 11:01:02 | Diag logvar_q_mean=0.0000 logvar_q_clamp=0.0000
2026-08-30 11:01:06 | Epoch  56/400 | Train Loss 2.3101 Acc 0.1062 | Val Loss 2.3008 Acc 0.1129 AUC 0.5000 Pre 0.0113 Rec 0.1000
2026-08-30 11:01:07 | Diag logvar_q_mean=-0.0000 logvar_q_clamp=0.0000
2026-08-30 11:01:10 | Epoch  57/400 | Train Loss 2.3092 Acc 0.1042 | Val Loss 2.3008 Acc 0.1129 AUC 0.5000 Pre 0.0113 Rec 0.1000
2026-08-30 11:01:11 | Diag logvar_q_mean=0.0000 logvar_q_clamp=0.0000
2026-08-30 11:01:15 | Epoch  58/400 | Train Loss 2.3099 Acc 0.1049 | Val Loss 2.3008 Acc 0.1129 AUC 0.5000 Pre 0.0113 Rec 0.1000
2026-08-30 11:01:15 | Diag logvar_q_mean=-0.0000 logvar_q_clamp=0.0000
2026-08-30 11:01:19 | Epoch  59/400 | Train Loss 2.3100 Acc 0.1044 | Val Loss 2.3008 Acc 0.1129 AUC 0.5000 Pre 0.0113 Rec 0.1000
2026-08-30 11:01:20 | Diag logvar_q_mean=-0.0000 logvar_q_clamp=0.0000
2026-08-30 11:01:24 | Epoch  60/400 | Train Loss 2.3093 Acc 0.1030 | Val Loss 2.3007 Acc 0.1129 AUC 0.5000 Pre 0.0113 Rec 0.1000
2026-08-30 11:01:24 | Diag logvar_q_mean=0.0000 logvar_q_clamp=0.0000
2026-08-30 11:01:28 | Epoch  61/400 | Train Loss 2.3099 Acc 0.1010 | Val Loss 2.3008 Acc 0.1129 AUC 0.5000 Pre 0.0113 Rec 0.1000
2026-08-30 11:01:29 | Diag logvar_q_mean=-0.0000 logvar_q_clamp=0.0000
2026-08-30 11:01:33 | Epoch  62/400 | Train Loss 2.3103 Acc 0.1027 | Val Loss 2.3007 Acc 0.1129 AUC 0.5000 Pre 0.0113 Rec 0.1000
2026-08-30 11:01:33 | Diag logvar_q_mean=-0.0000 logvar_q_clamp=0.0000
2026-08-30 11:01:37 | Epoch  63/400 | Train Loss 2.3097 Acc 0.1039 | Val Loss 2.3008 Acc 0.1129 AUC 0.5000 Pre 0.0113 Rec 0.1000
2026-08-30 11:01:38 | Diag logvar_q_mean=-0.0000 logvar_q_clamp=0.0000
2026-08-30 11:01:42 | Epoch  64/400 | Train Loss 2.3102 Acc 0.1031 | Val Loss 2.3008 Acc 0.1129 AUC 0.5000 Pre 0.0113 Rec 0.1000
2026-08-30 11:01:42 | Diag logvar_q_mean=0.0000 logvar_q_clamp=0.0000
2026-08-30 11:01:46 | Epoch  65/400 | Train Loss 2.3097 Acc 0.1049 | Val Loss 2.3008 Acc 0.1129 AUC 0.5000 Pre 0.0113 Rec 0.1000
2026-08-30 11:01:47 | Diag logvar_q_mean=-0.0000 logvar_q_clamp=0.0000
2026-08-30 11:01:51 | Epoch  66/400 | Train Loss 2.3098 Acc 0.1042 | Val Loss 2.3008 Acc 0.1129 AUC 0.5000 Pre 0.0113 Rec 0.1000
2026-08-30 11:01:51 | Diag logvar_q_mean=-0.0000 logvar_q_clamp=0.0000
2026-08-30 11:01:55 | Epoch  67/400 | Train Loss 2.3093 Acc 0.1047 | Val Loss 2.3008 Acc 0.1129 AUC 0.5000 Pre 0.0113 Rec 0.1000
2026-08-30 11:01:56 | Diag logvar_q_mean=-0.0000 logvar_q_clamp=0.0000
2026-08-30 11:02:00 | Epoch  68/400 | Train Loss 2.3105 Acc 0.1069 | Val Loss 2.3008 Acc 0.1129 AUC 0.5000 Pre 0.0113 Rec 0.1000
2026-08-30 11:02:00 | Diag logvar_q_mean=-0.0000 logvar_q_clamp=0.0000
2026-08-30 11:02:04 | Epoch  69/400 | Train Loss 2.3098 Acc 0.1021 | Val Loss 2.3008 Acc 0.1129 AUC 0.5000 Pre 0.0113 Rec 0.1000
2026-08-30 11:02:05 | Diag logvar_q_mean=-0.0000 logvar_q_clamp=0.0000
2026-08-30 11:02:09 | Epoch  70/400 | Train Loss 2.3102 Acc 0.1005 | Val Loss 2.3008 Acc 0.1129 AUC 0.5000 Pre 0.0113 Rec 0.1000
2026-08-30 11:02:09 | Diag logvar_q_mean=-0.0000 logvar_q_clamp=0.0000
2026-08-30 11:02:13 | Epoch  71/400 | Train Loss 2.3095 Acc 0.1040 | Val Loss 2.3008 Acc 0.1129 AUC 0.5000 Pre 0.0113 Rec 0.1000
2026-08-30 11:02:14 | Diag logvar_q_mean=-0.0000 logvar_q_clamp=0.0000
2026-08-30 11:02:17 | Epoch  72/400 | Train Loss 2.3098 Acc 0.1039 | Val Loss 2.3008 Acc 0.1129 AUC 0.5000 Pre 0.0113 Rec 0.1000
2026-08-30 11:02:18 | Diag logvar_q_mean=-0.0000 logvar_q_clamp=0.0000
2026-08-30 11:02:22 | Epoch  73/400 | Train Loss 2.3101 Acc 0.1001 | Val Loss 2.3008 Acc 0.1129 AUC 0.5000 Pre 0.0113 Rec 0.1000
2026-08-30 11:02:23 | Diag logvar_q_mean=-0.0000 logvar_q_clamp=0.0000
2026-08-30 11:02:26 | Epoch  74/400 | Train Loss 2.3086 Acc 0.1043 | Val Loss 2.3008 Acc 0.1129 AUC 0.5000 Pre 0.0113 Rec 0.1000
2026-08-30 11:02:27 | Diag logvar_q_mean=0.0000 logvar_q_clamp=0.0000
2026-08-30 11:02:31 | Epoch  75/400 | Train Loss 2.3097 Acc 0.1047 | Val Loss 2.3008 Acc 0.1129 AUC 0.5000 Pre 0.0113 Rec 0.1000
2026-08-30 11:02:32 | Diag logvar_q_mean=-0.0000 logvar_q_clamp=0.0000
2026-08-30 11:02:36 | Epoch  76/400 | Train Loss 2.3095 Acc 0.1041 | Val Loss 2.3007 Acc 0.1129 AUC 0.5000 Pre 0.0113 Rec 0.1000
2026-08-30 11:02:36 | Diag logvar_q_mean=-0.0000 logvar_q_clamp=0.0000
2026-08-30 11:02:40 | Epoch  77/400 | Train Loss 2.3099 Acc 0.1033 | Val Loss 2.3008 Acc 0.1129 AUC 0.5000 Pre 0.0113 Rec 0.1000
2026-08-30 11:02:41 | Diag logvar_q_mean=-0.0000 logvar_q_clamp=0.0000
2026-08-30 11:02:44 | Epoch  78/400 | Train Loss 2.3098 Acc 0.1054 | Val Loss 2.3008 Acc 0.1129 AUC 0.5000 Pre 0.0113 Rec 0.1000
2026-08-30 11:02:45 | Diag logvar_q_mean=-0.0000 logvar_q_clamp=0.0000
2026-08-30 11:02:49 | Epoch  79/400 | Train Loss 2.3110 Acc 0.1021 | Val Loss 2.3007 Acc 0.1129 AUC 0.5000 Pre 0.0113 Rec 0.1000
2026-08-30 11:02:49 | Diag logvar_q_mean=-0.0000 logvar_q_clamp=0.0000
2026-08-30 11:02:53 | Epoch  80/400 | Train Loss 2.3099 Acc 0.1036 | Val Loss 2.3008 Acc 0.1129 AUC 0.5000 Pre 0.0113 Rec 0.1000
2026-08-30 11:02:54 | Diag logvar_q_mean=-0.0000 logvar_q_clamp=0.0000
2026-08-30 11:02:58 | Epoch  81/400 | Train Loss 2.3087 Acc 0.1049 | Val Loss 2.3008 Acc 0.1129 AUC 0.5000 Pre 0.0113 Rec 0.1000
2026-08-30 11:02:58 | Diag logvar_q_mean=-0.0000 logvar_q_clamp=0.0000
2026-08-30 11:03:02 | Epoch  82/400 | Train Loss 2.3101 Acc 0.1027 | Val Loss 2.3007 Acc 0.1129 AUC 0.5000 Pre 0.0113 Rec 0.1000
2026-08-30 11:03:03 | Diag logvar_q_mean=0.0000 logvar_q_clamp=0.0000
2026-08-30 11:03:07 | Epoch  83/400 | Train Loss 2.3092 Acc 0.1047 | Val Loss 2.3008 Acc 0.1129 AUC 0.5000 Pre 0.0113 Rec 0.1000
2026-08-30 11:03:08 | Diag logvar_q_mean=-0.0000 logvar_q_clamp=0.0000
2026-08-30 11:03:11 | Epoch  84/400 | Train Loss 2.3094 Acc 0.1051 | Val Loss 2.3007 Acc 0.1129 AUC 0.5000 Pre 0.0113 Rec 0.1000
2026-08-30 11:03:12 | Diag logvar_q_mean=0.0000 logvar_q_clamp=0.0000
2026-08-30 11:03:16 | Epoch  85/400 | Train Loss 2.3097 Acc 0.1036 | Val Loss 2.3007 Acc 0.1129 AUC 0.5000 Pre 0.0113 Rec 0.1000
2026-08-30 11:03:17 | Diag logvar_q_mean=0.0000 logvar_q_clamp=0.0000
2026-08-30 11:03:21 | Epoch  86/400 | Train Loss 2.3102 Acc 0.1027 | Val Loss 2.3007 Acc 0.1129 AUC 0.5000 Pre 0.0113 Rec 0.1000
2026-08-30 11:03:21 | Diag logvar_q_mean=-0.0000 logvar_q_clamp=0.0000
2026-08-30 11:03:25 | Epoch  87/400 | Train Loss 2.3092 Acc 0.1042 | Val Loss 2.3008 Acc 0.1129 AUC 0.5000 Pre 0.0113 Rec 0.1000
2026-08-30 11:03:26 | Diag logvar_q_mean=-0.0000 logvar_q_clamp=0.0000
2026-08-30 11:03:29 | Epoch  88/400 | Train Loss 2.3097 Acc 0.1011 | Val Loss 2.3008 Acc 0.1129 AUC 0.5000 Pre 0.0113 Rec 0.1000
2026-08-30 11:03:30 | Diag logvar_q_mean=-0.0000 logvar_q_clamp=0.0000
2026-08-30 11:03:34 | Epoch  89/400 | Train Loss 2.3098 Acc 0.1038 | Val Loss 2.3008 Acc 0.1129 AUC 0.5000 Pre 0.0113 Rec 0.1000
2026-08-30 11:03:34 | Diag logvar_q_mean=-0.0000 logvar_q_clamp=0.0000
2026-08-30 11:03:38 | Epoch  90/400 | Train Loss 2.3092 Acc 0.1067 | Val Loss 2.3008 Acc 0.1129 AUC 0.5000 Pre 0.0113 Rec 0.1000
2026-08-30 11:03:39 | Diag logvar_q_mean=-0.0000 logvar_q_clamp=0.0000
2026-08-30 11:03:43 | Epoch  91/400 | Train Loss 2.3106 Acc 0.1022 | Val Loss 2.3008 Acc 0.1129 AUC 0.5000 Pre 0.0113 Rec 0.1000
2026-08-30 11:03:43 | Diag logvar_q_mean=-0.0000 logvar_q_clamp=0.0000
2026-08-30 11:03:47 | Epoch  92/400 | Train Loss 2.3098 Acc 0.1052 | Val Loss 2.3007 Acc 0.1129 AUC 0.5000 Pre 0.0113 Rec 0.1000
2026-08-30 11:03:48 | Diag logvar_q_mean=0.0000 logvar_q_clamp=0.0000
2026-08-30 11:03:52 | Epoch  93/400 | Train Loss 2.3103 Acc 0.1026 | Val Loss 2.3007 Acc 0.1129 AUC 0.5000 Pre 0.0113 Rec 0.1000
2026-08-30 11:03:52 | Diag logvar_q_mean=-0.0000 logvar_q_clamp=0.0000
2026-08-30 11:03:56 | Epoch  94/400 | Train Loss 2.3093 Acc 0.1046 | Val Loss 2.3008 Acc 0.1129 AUC 0.5000 Pre 0.0113 Rec 0.1000
2026-08-30 11:03:57 | Diag logvar_q_mean=-0.0000 logvar_q_clamp=0.0000
2026-08-30 11:04:01 | Epoch  95/400 | Train Loss 2.3104 Acc 0.1026 | Val Loss 2.3008 Acc 0.1129 AUC 0.5000 Pre 0.0113 Rec 0.1000
2026-08-30 11:04:01 | Diag logvar_q_mean=-0.0000 logvar_q_clamp=0.0000
2026-08-30 11:04:05 | Epoch  96/400 | Train Loss 2.3102 Acc 0.1033 | Val Loss 2.3008 Acc 0.1129 AUC 0.5000 Pre 0.0113 Rec 0.1000
2026-08-30 11:04:06 | Diag logvar_q_mean=-0.0000 logvar_q_clamp=0.0000
2026-08-30 11:04:10 | Epoch  97/400 | Train Loss 2.3098 Acc 0.1033 | Val Loss 2.3008 Acc 0.1129 AUC 0.5000 Pre 0.0113 Rec 0.1000
2026-08-30 11:04:10 | Diag logvar_q_mean=-0.0000 logvar_q_clamp=0.0000
2026-08-30 11:04:14 | Epoch  98/400 | Train Loss 2.3107 Acc 0.1026 | Val Loss 2.3008 Acc 0.1129 AUC 0.5000 Pre 0.0113 Rec 0.1000
2026-08-30 11:04:15 | Diag logvar_q_mean=-0.0000 logvar_q_clamp=0.0000
2026-08-30 11:04:18 | Epoch  99/400 | Train Loss 2.3093 Acc 0.1045 | Val Loss 2.3008 Acc 0.1129 AUC 0.5000 Pre 0.0113 Rec 0.1000
2026-08-30 11:04:19 | Diag logvar_q_mean=-0.0000 logvar_q_clamp=0.0000
2026-08-30 11:04:23 | Epoch 100/400 | Train Loss 2.3095 Acc 0.1030 | Val Loss 2.3007 Acc 0.1129 AUC 0.5000 Pre 0.0113 Rec 0.1000
2026-08-30 11:04:24 | Diag logvar_q_mean=-0.0000 logvar_q_clamp=0.0000
2026-08-30 11:04:27 | Epoch 101/400 | Train Loss 2.3091 Acc 0.1066 | Val Loss 2.3008 Acc 0.1129 AUC 0.5000 Pre 0.0113 Rec 0.1000
2026-08-30 11:04:28 | Diag logvar_q_mean=-0.0000 logvar_q_clamp=0.0000
2026-08-30 11:04:32 | Epoch 102/400 | Train Loss 2.3093 Acc 0.1049 | Val Loss 2.3008 Acc 0.1129 AUC 0.5000 Pre 0.0113 Rec 0.1000
2026-08-30 11:04:32 | Diag logvar_q_mean=-0.0000 logvar_q_clamp=0.0000
2026-08-30 11:04:36 | Epoch 103/400 | Train Loss 2.3104 Acc 0.1055 | Val Loss 2.3008 Acc 0.1129 AUC 0.5000 Pre 0.0113 Rec 0.1000
2026-08-30 11:04:37 | Diag logvar_q_mean=-0.0000 logvar_q_clamp=0.0000
2026-08-30 11:04:41 | Epoch 104/400 | Train Loss 2.3102 Acc 0.1018 | Val Loss 2.3007 Acc 0.1129 AUC 0.5000 Pre 0.0113 Rec 0.1000
2026-08-30 11:04:41 | Diag logvar_q_mean=-0.0000 logvar_q_clamp=0.0000
2026-08-30 11:04:45 | Epoch 105/400 | Train Loss 2.3091 Acc 0.1044 | Val Loss 2.3008 Acc 0.1129 AUC 0.5000 Pre 0.0113 Rec 0.1000
2026-08-30 11:04:46 | Diag logvar_q_mean=-0.0000 logvar_q_clamp=0.0000
2026-08-30 11:04:50 | Epoch 106/400 | Train Loss 2.3094 Acc 0.1064 | Val Loss 2.3008 Acc 0.1129 AUC 0.5000 Pre 0.0113 Rec 0.1000
2026-08-30 11:04:50 | Diag logvar_q_mean=-0.0000 logvar_q_clamp=0.0000
2026-08-30 11:04:54 | Epoch 107/400 | Train Loss 2.3108 Acc 0.1034 | Val Loss 2.3008 Acc 0.1129 AUC 0.5000 Pre 0.0113 Rec 0.1000
2026-08-30 11:04:55 | Diag logvar_q_mean=-0.0000 logvar_q_clamp=0.0000
2026-08-30 11:04:59 | Epoch 108/400 | Train Loss 2.3095 Acc 0.1021 | Val Loss 2.3008 Acc 0.1129 AUC 0.5000 Pre 0.0113 Rec 0.1000
2026-08-30 11:04:59 | Diag logvar_q_mean=-0.0000 logvar_q_clamp=0.0000
2026-08-30 11:05:03 | Epoch 109/400 | Train Loss 2.3097 Acc 0.1045 | Val Loss 2.3008 Acc 0.1129 AUC 0.5000 Pre 0.0113 Rec 0.1000
2026-08-30 11:05:04 | Diag logvar_q_mean=-0.0000 logvar_q_clamp=0.0000
2026-08-30 11:05:08 | Epoch 110/400 | Train Loss 2.3095 Acc 0.1069 | Val Loss 2.3008 Acc 0.1129 AUC 0.5000 Pre 0.0113 Rec 0.1000
2026-08-30 11:05:08 | Diag logvar_q_mean=-0.0000 logvar_q_clamp=0.0000
2026-08-30 11:05:12 | Epoch 111/400 | Train Loss 2.3090 Acc 0.1049 | Val Loss 2.3008 Acc 0.1129 AUC 0.5000 Pre 0.0113 Rec 0.1000
2026-08-30 11:05:13 | Diag logvar_q_mean=0.0000 logvar_q_clamp=0.0000
2026-08-30 11:05:17 | Epoch 112/400 | Train Loss 2.3104 Acc 0.1037 | Val Loss 2.3008 Acc 0.1129 AUC 0.5000 Pre 0.0113 Rec 0.1000
2026-08-30 11:05:17 | Diag logvar_q_mean=-0.0000 logvar_q_clamp=0.0000
2026-08-30 11:05:21 | Epoch 113/400 | Train Loss 2.3096 Acc 0.1041 | Val Loss 2.3008 Acc 0.1129 AUC 0.5000 Pre 0.0113 Rec 0.1000
2026-08-30 11:05:22 | Diag logvar_q_mean=-0.0000 logvar_q_clamp=0.0000
2026-08-30 11:05:26 | Epoch 114/400 | Train Loss 2.3098 Acc 0.1023 | Val Loss 2.3008 Acc 0.1129 AUC 0.5000 Pre 0.0113 Rec 0.1000
2026-08-30 11:05:26 | Diag logvar_q_mean=-0.0000 logvar_q_clamp=0.0000
2026-08-30 11:05:30 | Epoch 115/400 | Train Loss 2.3101 Acc 0.1031 | Val Loss 2.3008 Acc 0.1129 AUC 0.5000 Pre 0.0113 Rec 0.1000
2026-08-30 11:05:31 | Diag logvar_q_mean=-0.0000 logvar_q_clamp=0.0000
2026-08-30 11:05:35 | Epoch 116/400 | Train Loss 2.3095 Acc 0.1048 | Val Loss 2.3008 Acc 0.1129 AUC 0.5000 Pre 0.0113 Rec 0.1000
2026-08-30 11:05:35 | Diag logvar_q_mean=-0.0000 logvar_q_clamp=0.0000
2026-08-30 11:05:39 | Epoch 117/400 | Train Loss 2.3097 Acc 0.1056 | Val Loss 2.3008 Acc 0.1129 AUC 0.5000 Pre 0.0113 Rec 0.1000
2026-08-30 11:05:40 | Diag logvar_q_mean=-0.0000 logvar_q_clamp=0.0000
2026-08-30 11:05:44 | Epoch 118/400 | Train Loss 2.3100 Acc 0.1035 | Val Loss 2.3008 Acc 0.1129 AUC 0.5000 Pre 0.0113 Rec 0.1000
2026-08-30 11:05:44 | Diag logvar_q_mean=-0.0000 logvar_q_clamp=0.0000
2026-08-30 11:05:48 | Epoch 119/400 | Train Loss 2.3098 Acc 0.1032 | Val Loss 2.3008 Acc 0.1129 AUC 0.5000 Pre 0.0113 Rec 0.1000
2026-08-30 11:05:49 | Diag logvar_q_mean=-0.0000 logvar_q_clamp=0.0000
2026-08-30 11:05:53 | Epoch 120/400 | Train Loss 2.3095 Acc 0.1044 | Val Loss 2.3008 Acc 0.1129 AUC 0.5000 Pre 0.0113 Rec 0.1000
2026-08-30 11:05:53 | Diag logvar_q_mean=-0.0000 logvar_q_clamp=0.0000
2026-08-30 11:05:57 | Epoch 121/400 | Train Loss 2.3107 Acc 0.1038 | Val Loss 2.3008 Acc 0.1129 AUC 0.5000 Pre 0.0113 Rec 0.1000
2026-08-30 11:05:58 | Diag logvar_q_mean=-0.0000 logvar_q_clamp=0.0000
2026-08-30 11:06:02 | Epoch 122/400 | Train Loss 2.3095 Acc 0.1051 | Val Loss 2.3008 Acc 0.1129 AUC 0.5000 Pre 0.0113 Rec 0.1000
2026-08-30 11:06:02 | Diag logvar_q_mean=-0.0000 logvar_q_clamp=0.0000
2026-08-30 11:06:06 | Epoch 123/400 | Train Loss 2.3099 Acc 0.1032 | Val Loss 2.3007 Acc 0.1129 AUC 0.5000 Pre 0.0113 Rec 0.1000
2026-08-30 11:06:07 | Diag logvar_q_mean=-0.0000 logvar_q_clamp=0.0000
2026-08-30 11:06:11 | Epoch 124/400 | Train Loss 2.3091 Acc 0.1048 | Val Loss 2.3007 Acc 0.1129 AUC 0.5000 Pre 0.0113 Rec 0.1000
2026-08-30 11:06:11 | Diag logvar_q_mean=-0.0000 logvar_q_clamp=0.0000
2026-08-30 11:06:15 | Epoch 125/400 | Train Loss 2.3106 Acc 0.1045 | Val Loss 2.3008 Acc 0.1129 AUC 0.5000 Pre 0.0113 Rec 0.1000
2026-08-30 11:06:16 | Diag logvar_q_mean=-0.0000 logvar_q_clamp=0.0000
2026-08-30 11:06:20 | Epoch 126/400 | Train Loss 2.3097 Acc 0.1034 | Val Loss 2.3008 Acc 0.1129 AUC 0.5000 Pre 0.0113 Rec 0.1000
2026-08-30 11:06:20 | Diag logvar_q_mean=-0.0000 logvar_q_clamp=0.0000
2026-08-30 11:06:24 | Epoch 127/400 | Train Loss 2.3105 Acc 0.1041 | Val Loss 2.3008 Acc 0.1129 AUC 0.5000 Pre 0.0113 Rec 0.1000
2026-08-30 11:06:25 | Diag logvar_q_mean=-0.0000 logvar_q_clamp=0.0000
2026-08-30 11:06:28 | Epoch 128/400 | Train Loss 2.3098 Acc 0.1034 | Val Loss 2.3007 Acc 0.1129 AUC 0.5000 Pre 0.0113 Rec 0.1000
2026-08-30 11:06:29 | Diag logvar_q_mean=-0.0000 logvar_q_clamp=0.0000
2026-08-30 11:06:33 | Epoch 129/400 | Train Loss 2.3092 Acc 0.1053 | Val Loss 2.3008 Acc 0.1129 AUC 0.5000 Pre 0.0113 Rec 0.1000
2026-08-30 11:06:34 | Diag logvar_q_mean=-0.0000 logvar_q_clamp=0.0000
2026-08-30 11:06:38 | Epoch 130/400 | Train Loss 2.3102 Acc 0.1032 | Val Loss 2.3007 Acc 0.1129 AUC 0.5000 Pre 0.0113 Rec 0.1000
2026-08-30 11:06:38 | Diag logvar_q_mean=-0.0000 logvar_q_clamp=0.0000
2026-08-30 11:06:42 | Epoch 131/400 | Train Loss 2.3096 Acc 0.1024 | Val Loss 2.3008 Acc 0.1129 AUC 0.5000 Pre 0.0113 Rec 0.1000
2026-08-30 11:06:43 | Diag logvar_q_mean=-0.0000 logvar_q_clamp=0.0000
2026-08-30 11:06:47 | Epoch 132/400 | Train Loss 2.3099 Acc 0.1033 | Val Loss 2.3008 Acc 0.1129 AUC 0.5000 Pre 0.0113 Rec 0.1000
2026-08-30 11:06:47 | Diag logvar_q_mean=-0.0000 logvar_q_clamp=0.0000
2026-08-30 11:06:51 | Epoch 133/400 | Train Loss 2.3100 Acc 0.1038 | Val Loss 2.3008 Acc 0.1129 AUC 0.5000 Pre 0.0113 Rec 0.1000
2026-08-30 11:06:52 | Diag logvar_q_mean=-0.0000 logvar_q_clamp=0.0000
2026-08-30 11:06:56 | Epoch 134/400 | Train Loss 2.3094 Acc 0.1035 | Val Loss 2.3008 Acc 0.1129 AUC 0.5000 Pre 0.0113 Rec 0.1000
2026-08-30 11:06:56 | Diag logvar_q_mean=-0.0000 logvar_q_clamp=0.0000
2026-08-30 11:07:00 | Epoch 135/400 | Train Loss 2.3089 Acc 0.1043 | Val Loss 2.3008 Acc 0.1129 AUC 0.5000 Pre 0.0113 Rec 0.1000
2026-08-30 11:07:01 | Diag logvar_q_mean=-0.0000 logvar_q_clamp=0.0000
2026-08-30 11:07:05 | Epoch 136/400 | Train Loss 2.3104 Acc 0.1044 | Val Loss 2.3008 Acc 0.1129 AUC 0.5000 Pre 0.0113 Rec 0.1000
2026-08-30 11:07:05 | Diag logvar_q_mean=-0.0000 logvar_q_clamp=0.0000
2026-08-30 11:07:09 | Epoch 137/400 | Train Loss 2.3098 Acc 0.1044 | Val Loss 2.3008 Acc 0.1129 AUC 0.5000 Pre 0.0113 Rec 0.1000
2026-08-30 11:07:10 | Diag logvar_q_mean=-0.0000 logvar_q_clamp=0.0000
2026-08-30 11:07:14 | Epoch 138/400 | Train Loss 2.3099 Acc 0.1026 | Val Loss 2.3008 Acc 0.1129 AUC 0.5000 Pre 0.0113 Rec 0.1000
2026-08-30 11:07:14 | Diag logvar_q_mean=-0.0000 logvar_q_clamp=0.0000
2026-08-30 11:07:18 | Epoch 139/400 | Train Loss 2.3100 Acc 0.1033 | Val Loss 2.3008 Acc 0.1129 AUC 0.5000 Pre 0.0113 Rec 0.1000
2026-08-30 11:07:19 | Diag logvar_q_mean=-0.0000 logvar_q_clamp=0.0000
2026-08-30 11:07:22 | Epoch 140/400 | Train Loss 2.3093 Acc 0.1046 | Val Loss 2.3008 Acc 0.1129 AUC 0.5000 Pre 0.0113 Rec 0.1000
2026-08-30 11:07:23 | Diag logvar_q_mean=-0.0000 logvar_q_clamp=0.0000
2026-08-30 11:07:27 | Epoch 141/400 | Train Loss 2.3100 Acc 0.1056 | Val Loss 2.3008 Acc 0.1129 AUC 0.5000 Pre 0.0113 Rec 0.1000
2026-08-30 11:07:27 | Diag logvar_q_mean=-0.0000 logvar_q_clamp=0.0000
2026-08-30 11:07:31 | Epoch 142/400 | Train Loss 2.3102 Acc 0.1008 | Val Loss 2.3008 Acc 0.1129 AUC 0.5000 Pre 0.0113 Rec 0.1000
2026-08-30 11:07:32 | Diag logvar_q_mean=-0.0000 logvar_q_clamp=0.0000
2026-08-30 11:07:36 | Epoch 143/400 | Train Loss 2.3099 Acc 0.1020 | Val Loss 2.3008 Acc 0.1129 AUC 0.5000 Pre 0.0113 Rec 0.1000
2026-08-30 11:07:36 | Diag logvar_q_mean=-0.0000 logvar_q_clamp=0.0000
2026-08-30 11:07:40 | Epoch 144/400 | Train Loss 2.3092 Acc 0.1050 | Val Loss 2.3008 Acc 0.1129 AUC 0.5000 Pre 0.0113 Rec 0.1000
2026-08-30 11:07:41 | Diag logvar_q_mean=-0.0000 logvar_q_clamp=0.0000
2026-08-30 11:07:45 | Epoch 145/400 | Train Loss 2.3106 Acc 0.1018 | Val Loss 2.3008 Acc 0.1129 AUC 0.5000 Pre 0.0113 Rec 0.1000
2026-08-30 11:07:45 | Diag logvar_q_mean=-0.0000 logvar_q_clamp=0.0000
2026-08-30 11:07:49 | Epoch 146/400 | Train Loss 2.3096 Acc 0.1034 | Val Loss 2.3008 Acc 0.1129 AUC 0.5000 Pre 0.0113 Rec 0.1000
2026-08-30 11:07:50 | Diag logvar_q_mean=0.0000 logvar_q_clamp=0.0000
2026-08-30 11:07:53 | Epoch 147/400 | Train Loss 2.3097 Acc 0.1027 | Val Loss 2.3008 Acc 0.1129 AUC 0.5000 Pre 0.0113 Rec 0.1000
2026-08-30 11:07:54 | Diag logvar_q_mean=-0.0000 logvar_q_clamp=0.0000
2026-08-30 11:07:58 | Epoch 148/400 | Train Loss 2.3090 Acc 0.1066 | Val Loss 2.3008 Acc 0.1129 AUC 0.5000 Pre 0.0113 Rec 0.1000
2026-08-30 11:07:59 | Diag logvar_q_mean=-0.0000 logvar_q_clamp=0.0000
2026-08-30 11:08:02 | Epoch 149/400 | Train Loss 2.3103 Acc 0.1028 | Val Loss 2.3008 Acc 0.1129 AUC 0.5000 Pre 0.0113 Rec 0.1000
2026-08-30 11:08:03 | Diag logvar_q_mean=-0.0000 logvar_q_clamp=0.0000
2026-08-30 11:08:07 | Epoch 150/400 | Train Loss 2.3101 Acc 0.1013 | Val Loss 2.3008 Acc 0.1129 AUC 0.5000 Pre 0.0113 Rec 0.1000
2026-08-30 11:08:07 | Diag logvar_q_mean=0.0000 logvar_q_clamp=0.0000
2026-08-30 11:08:11 | Epoch 151/400 | Train Loss 2.3092 Acc 0.1034 | Val Loss 2.3008 Acc 0.1129 AUC 0.5000 Pre 0.0113 Rec 0.1000
2026-08-30 11:08:12 | Diag logvar_q_mean=-0.0000 logvar_q_clamp=0.0000
2026-08-30 11:08:16 | Epoch 152/400 | Train Loss 2.3093 Acc 0.1027 | Val Loss 2.3008 Acc 0.1129 AUC 0.5000 Pre 0.0113 Rec 0.1000
2026-08-30 11:08:16 | Diag logvar_q_mean=-0.0000 logvar_q_clamp=0.0000
2026-08-30 11:08:20 | Epoch 153/400 | Train Loss 2.3091 Acc 0.1053 | Val Loss 2.3008 Acc 0.1129 AUC 0.5000 Pre 0.0113 Rec 0.1000
2026-08-30 11:08:21 | Diag logvar_q_mean=-0.0000 logvar_q_clamp=0.0000
2026-08-30 11:08:25 | Epoch 154/400 | Train Loss 2.3106 Acc 0.1032 | Val Loss 2.3008 Acc 0.1129 AUC 0.5000 Pre 0.0113 Rec 0.1000
2026-08-30 11:08:25 | Diag logvar_q_mean=-0.0000 logvar_q_clamp=0.0000
2026-08-30 11:08:29 | Epoch 155/400 | Train Loss 2.3095 Acc 0.1041 | Val Loss 2.3008 Acc 0.1129 AUC 0.5000 Pre 0.0113 Rec 0.1000
2026-08-30 11:08:30 | Diag logvar_q_mean=-0.0000 logvar_q_clamp=0.0000
2026-08-30 11:08:34 | Epoch 156/400 | Train Loss 2.3101 Acc 0.1024 | Val Loss 2.3007 Acc 0.1129 AUC 0.5000 Pre 0.0113 Rec 0.1000
2026-08-30 11:08:34 | Diag logvar_q_mean=-0.0000 logvar_q_clamp=0.0000
2026-08-30 11:08:38 | Epoch 157/400 | Train Loss 2.3093 Acc 0.1043 | Val Loss 2.3008 Acc 0.1129 AUC 0.5000 Pre 0.0113 Rec 0.1000
2026-08-30 11:08:39 | Diag logvar_q_mean=0.0000 logvar_q_clamp=0.0000
2026-08-30 11:08:43 | Epoch 158/400 | Train Loss 2.3098 Acc 0.1024 | Val Loss 2.3007 Acc 0.1129 AUC 0.5000 Pre 0.0113 Rec 0.1000
2026-08-30 11:08:43 | Diag logvar_q_mean=-0.0000 logvar_q_clamp=0.0000
2026-08-30 11:08:47 | Epoch 159/400 | Train Loss 2.3098 Acc 0.1042 | Val Loss 2.3008 Acc 0.1129 AUC 0.5000 Pre 0.0113 Rec 0.1000
2026-08-30 11:08:48 | Diag logvar_q_mean=0.0000 logvar_q_clamp=0.0000
2026-08-30 11:08:52 | Epoch 160/400 | Train Loss 2.3107 Acc 0.1025 | Val Loss 2.3007 Acc 0.1129 AUC 0.5000 Pre 0.0113 Rec 0.1000
2026-08-30 11:08:52 | Diag logvar_q_mean=-0.0000 logvar_q_clamp=0.0000
2026-08-30 11:08:56 | Epoch 161/400 | Train Loss 2.3099 Acc 0.1037 | Val Loss 2.3008 Acc 0.1129 AUC 0.5000 Pre 0.0113 Rec 0.1000
2026-08-30 11:08:57 | Diag logvar_q_mean=-0.0000 logvar_q_clamp=0.0000
2026-08-30 11:09:01 | Epoch 162/400 | Train Loss 2.3099 Acc 0.1018 | Val Loss 2.3008 Acc 0.1129 AUC 0.5000 Pre 0.0113 Rec 0.1000
2026-08-30 11:09:01 | Diag logvar_q_mean=-0.0000 logvar_q_clamp=0.0000
2026-08-30 11:09:05 | Epoch 163/400 | Train Loss 2.3093 Acc 0.1046 | Val Loss 2.3007 Acc 0.1129 AUC 0.5000 Pre 0.0113 Rec 0.1000
2026-08-30 11:09:06 | Diag logvar_q_mean=-0.0000 logvar_q_clamp=0.0000
2026-08-30 11:09:09 | Epoch 164/400 | Train Loss 2.3106 Acc 0.1034 | Val Loss 2.3007 Acc 0.1129 AUC 0.5000 Pre 0.0113 Rec 0.1000
2026-08-30 11:09:10 | Diag logvar_q_mean=0.0000 logvar_q_clamp=0.0000
2026-08-30 11:09:14 | Epoch 165/400 | Train Loss 2.3087 Acc 0.1034 | Val Loss 2.3008 Acc 0.1129 AUC 0.5000 Pre 0.0113 Rec 0.1000
2026-08-30 11:09:15 | Diag logvar_q_mean=-0.0000 logvar_q_clamp=0.0000
2026-08-30 11:09:19 | Epoch 166/400 | Train Loss 2.3100 Acc 0.1048 | Val Loss 2.3008 Acc 0.1129 AUC 0.5000 Pre 0.0113 Rec 0.1000
2026-08-30 11:09:19 | Diag logvar_q_mean=-0.0000 logvar_q_clamp=0.0000
2026-08-30 11:09:23 | Epoch 167/400 | Train Loss 2.3097 Acc 0.1061 | Val Loss 2.3008 Acc 0.1129 AUC 0.5000 Pre 0.0113 Rec 0.1000
2026-08-30 11:09:24 | Diag logvar_q_mean=-0.0000 logvar_q_clamp=0.0000
2026-08-30 11:09:27 | Epoch 168/400 | Train Loss 2.3096 Acc 0.1042 | Val Loss 2.3007 Acc 0.1129 AUC 0.5000 Pre 0.0113 Rec 0.1000
2026-08-30 11:09:28 | Diag logvar_q_mean=-0.0000 logvar_q_clamp=0.0000
2026-08-30 11:09:32 | Epoch 169/400 | Train Loss 2.3111 Acc 0.1012 | Val Loss 2.3007 Acc 0.1129 AUC 0.5000 Pre 0.0113 Rec 0.1000
2026-08-30 11:09:33 | Diag logvar_q_mean=-0.0000 logvar_q_clamp=0.0000
2026-08-30 11:09:36 | Epoch 170/400 | Train Loss 2.3099 Acc 0.1013 | Val Loss 2.3008 Acc 0.1129 AUC 0.5000 Pre 0.0113 Rec 0.1000
2026-08-30 11:09:37 | Diag logvar_q_mean=-0.0000 logvar_q_clamp=0.0000
2026-08-30 11:09:41 | Epoch 171/400 | Train Loss 2.3092 Acc 0.1031 | Val Loss 2.3008 Acc 0.1129 AUC 0.5000 Pre 0.0113 Rec 0.1000
2026-08-30 11:09:42 | Diag logvar_q_mean=-0.0000 logvar_q_clamp=0.0000
2026-08-30 11:09:45 | Epoch 172/400 | Train Loss 2.3096 Acc 0.1055 | Val Loss 2.3008 Acc 0.1129 AUC 0.5000 Pre 0.0113 Rec 0.1000
2026-08-30 11:09:46 | Diag logvar_q_mean=-0.0000 logvar_q_clamp=0.0000
2026-08-30 11:09:50 | Epoch 173/400 | Train Loss 2.3100 Acc 0.1029 | Val Loss 2.3008 Acc 0.1129 AUC 0.5000 Pre 0.0113 Rec 0.1000
2026-08-30 11:09:51 | Diag logvar_q_mean=-0.0000 logvar_q_clamp=0.0000
2026-08-30 11:09:54 | Epoch 174/400 | Train Loss 2.3094 Acc 0.1046 | Val Loss 2.3008 Acc 0.1129 AUC 0.5000 Pre 0.0113 Rec 0.1000
2026-08-30 11:09:55 | Diag logvar_q_mean=0.0000 logvar_q_clamp=0.0000
2026-08-30 11:09:59 | Epoch 175/400 | Train Loss 2.3088 Acc 0.1069 | Val Loss 2.3008 Acc 0.1129 AUC 0.5000 Pre 0.0113 Rec 0.1000
2026-08-30 11:10:00 | Diag logvar_q_mean=-0.0000 logvar_q_clamp=0.0000
2026-08-30 11:10:04 | Epoch 176/400 | Train Loss 2.3094 Acc 0.1038 | Val Loss 2.3008 Acc 0.1129 AUC 0.5000 Pre 0.0113 Rec 0.1000
2026-08-30 11:10:04 | Diag logvar_q_mean=-0.0000 logvar_q_clamp=0.0000
2026-08-30 11:10:08 | Epoch 177/400 | Train Loss 2.3100 Acc 0.1023 | Val Loss 2.3008 Acc 0.1129 AUC 0.5000 Pre 0.0113 Rec 0.1000
2026-08-30 11:10:09 | Diag logvar_q_mean=-0.0000 logvar_q_clamp=0.0000
2026-08-30 11:10:13 | Epoch 178/400 | Train Loss 2.3101 Acc 0.1038 | Val Loss 2.3008 Acc 0.1129 AUC 0.5000 Pre 0.0113 Rec 0.1000
2026-08-30 11:10:13 | Diag logvar_q_mean=-0.0000 logvar_q_clamp=0.0000
2026-08-30 11:10:17 | Epoch 179/400 | Train Loss 2.3095 Acc 0.1019 | Val Loss 2.3008 Acc 0.1129 AUC 0.5000 Pre 0.0113 Rec 0.1000
2026-08-30 11:10:18 | Diag logvar_q_mean=-0.0000 logvar_q_clamp=0.0000
2026-08-30 11:10:22 | Epoch 180/400 | Train Loss 2.3097 Acc 0.1026 | Val Loss 2.3008 Acc 0.1129 AUC 0.5000 Pre 0.0113 Rec 0.1000
2026-08-30 11:10:22 | Diag logvar_q_mean=-0.0000 logvar_q_clamp=0.0000
2026-08-30 11:10:26 | Epoch 181/400 | Train Loss 2.3106 Acc 0.1024 | Val Loss 2.3007 Acc 0.1129 AUC 0.5000 Pre 0.0113 Rec 0.1000
2026-08-30 11:10:27 | Diag logvar_q_mean=-0.0000 logvar_q_clamp=0.0000
2026-08-30 11:10:31 | Epoch 182/400 | Train Loss 2.3098 Acc 0.1032 | Val Loss 2.3007 Acc 0.1129 AUC 0.5000 Pre 0.0113 Rec 0.1000
2026-08-30 11:10:31 | Diag logvar_q_mean=0.0000 logvar_q_clamp=0.0000
2026-08-30 11:10:35 | Epoch 183/400 | Train Loss 2.3094 Acc 0.1049 | Val Loss 2.3007 Acc 0.1129 AUC 0.5000 Pre 0.0113 Rec 0.1000
2026-08-30 11:10:36 | Diag logvar_q_mean=-0.0000 logvar_q_clamp=0.0000
2026-08-30 11:10:40 | Epoch 184/400 | Train Loss 2.3101 Acc 0.1026 | Val Loss 2.3008 Acc 0.1129 AUC 0.5000 Pre 0.0113 Rec 0.1000
2026-08-30 11:10:40 | Diag logvar_q_mean=-0.0000 logvar_q_clamp=0.0000
2026-08-30 11:10:45 | Epoch 185/400 | Train Loss 2.3105 Acc 0.1022 | Val Loss 2.3008 Acc 0.1129 AUC 0.5000 Pre 0.0113 Rec 0.1000
2026-08-30 11:10:45 | Diag logvar_q_mean=0.0000 logvar_q_clamp=0.0000
2026-08-30 11:10:49 | Epoch 186/400 | Train Loss 2.3095 Acc 0.1027 | Val Loss 2.3008 Acc 0.1129 AUC 0.5000 Pre 0.0113 Rec 0.1000
2026-08-30 11:10:50 | Diag logvar_q_mean=-0.0000 logvar_q_clamp=0.0000
2026-08-30 11:10:54 | Epoch 187/400 | Train Loss 2.3098 Acc 0.1033 | Val Loss 2.3008 Acc 0.1129 AUC 0.5000 Pre 0.0113 Rec 0.1000
2026-08-30 11:10:54 | Diag logvar_q_mean=-0.0000 logvar_q_clamp=0.0000
2026-08-30 11:10:58 | Epoch 188/400 | Train Loss 2.3103 Acc 0.1033 | Val Loss 2.3008 Acc 0.1129 AUC 0.5000 Pre 0.0113 Rec 0.1000
2026-08-30 11:10:59 | Diag logvar_q_mean=-0.0000 logvar_q_clamp=0.0000
2026-08-30 11:11:02 | Epoch 189/400 | Train Loss 2.3101 Acc 0.1037 | Val Loss 2.3008 Acc 0.1129 AUC 0.5000 Pre 0.0113 Rec 0.1000
2026-08-30 11:11:03 | Diag logvar_q_mean=0.0000 logvar_q_clamp=0.0000
2026-08-30 11:11:07 | Epoch 190/400 | Train Loss 2.3104 Acc 0.1024 | Val Loss 2.3008 Acc 0.1129 AUC 0.5000 Pre 0.0113 Rec 0.1000
2026-08-30 11:11:08 | Diag logvar_q_mean=-0.0000 logvar_q_clamp=0.0000
2026-08-30 11:11:12 | Epoch 191/400 | Train Loss 2.3094 Acc 0.1060 | Val Loss 2.3008 Acc 0.1129 AUC 0.5000 Pre 0.0113 Rec 0.1000
2026-08-30 11:11:12 | Diag logvar_q_mean=0.0000 logvar_q_clamp=0.0000
2026-08-30 11:11:16 | Epoch 192/400 | Train Loss 2.3095 Acc 0.1028 | Val Loss 2.3008 Acc 0.1129 AUC 0.5000 Pre 0.0113 Rec 0.1000
2026-08-30 11:11:17 | Diag logvar_q_mean=-0.0000 logvar_q_clamp=0.0000
2026-08-30 11:11:20 | Epoch 193/400 | Train Loss 2.3101 Acc 0.1013 | Val Loss 2.3008 Acc 0.1129 AUC 0.5000 Pre 0.0113 Rec 0.1000
2026-08-30 11:11:21 | Diag logvar_q_mean=-0.0000 logvar_q_clamp=0.0000
2026-08-30 11:11:25 | Epoch 194/400 | Train Loss 2.3093 Acc 0.1043 | Val Loss 2.3008 Acc 0.1129 AUC 0.5000 Pre 0.0113 Rec 0.1000
2026-08-30 11:11:26 | Diag logvar_q_mean=-0.0000 logvar_q_clamp=0.0000
2026-08-30 11:11:29 | Epoch 195/400 | Train Loss 2.3104 Acc 0.1015 | Val Loss 2.3008 Acc 0.1129 AUC 0.5000 Pre 0.0113 Rec 0.1000
2026-08-30 11:11:30 | Diag logvar_q_mean=0.0000 logvar_q_clamp=0.0000
2026-08-30 11:11:34 | Epoch 196/400 | Train Loss 2.3092 Acc 0.1046 | Val Loss 2.3008 Acc 0.1129 AUC 0.5000 Pre 0.0113 Rec 0.1000
2026-08-30 11:11:34 | Diag logvar_q_mean=-0.0000 logvar_q_clamp=0.0000
2026-08-30 11:11:38 | Epoch 197/400 | Train Loss 2.3104 Acc 0.1028 | Val Loss 2.3008 Acc 0.1129 AUC 0.5000 Pre 0.0113 Rec 0.1000
2026-08-30 11:11:39 | Diag logvar_q_mean=-0.0000 logvar_q_clamp=0.0000
2026-08-30 11:11:43 | Epoch 198/400 | Train Loss 2.3095 Acc 0.1049 | Val Loss 2.3008 Acc 0.1129 AUC 0.5000 Pre 0.0113 Rec 0.1000
2026-08-30 11:11:43 | Diag logvar_q_mean=0.0000 logvar_q_clamp=0.0000
2026-08-30 11:11:47 | Epoch 199/400 | Train Loss 2.3099 Acc 0.1034 | Val Loss 2.3008 Acc 0.1129 AUC 0.5000 Pre 0.0113 Rec 0.1000
2026-08-30 11:11:48 | Diag logvar_q_mean=-0.0000 logvar_q_clamp=0.0000
2026-08-30 11:11:52 | Epoch 200/400 | Train Loss 2.3098 Acc 0.1042 | Val Loss 2.3008 Acc 0.1129 AUC 0.5000 Pre 0.0113 Rec 0.1000
2026-08-30 11:11:53 | Diag logvar_q_mean=0.0000 logvar_q_clamp=0.0000
2026-08-30 11:11:56 | Epoch 201/400 | Train Loss 2.3097 Acc 0.1041 | Val Loss 2.3008 Acc 0.1129 AUC 0.5000 Pre 0.0113 Rec 0.1000
2026-08-30 11:11:57 | Diag logvar_q_mean=-0.0000 logvar_q_clamp=0.0000
2026-08-30 11:12:01 | Epoch 202/400 | Train Loss 2.3099 Acc 0.1048 | Val Loss 2.3008 Acc 0.1129 AUC 0.5000 Pre 0.0113 Rec 0.1000
2026-08-30 11:12:02 | Diag logvar_q_mean=-0.0000 logvar_q_clamp=0.0000
2026-08-30 11:12:05 | Epoch 203/400 | Train Loss 2.3089 Acc 0.1040 | Val Loss 2.3008 Acc 0.1129 AUC 0.5000 Pre 0.0113 Rec 0.1000
2026-08-30 11:12:06 | Diag logvar_q_mean=-0.0000 logvar_q_clamp=0.0000
2026-08-30 11:12:10 | Epoch 204/400 | Train Loss 2.3096 Acc 0.1034 | Val Loss 2.3008 Acc 0.1129 AUC 0.5000 Pre 0.0113 Rec 0.1000
2026-08-30 11:12:10 | Diag logvar_q_mean=0.0000 logvar_q_clamp=0.0000
2026-08-30 11:12:14 | Epoch 205/400 | Train Loss 2.3099 Acc 0.1034 | Val Loss 2.3008 Acc 0.1129 AUC 0.5000 Pre 0.0113 Rec 0.1000
2026-08-30 11:12:15 | Diag logvar_q_mean=-0.0000 logvar_q_clamp=0.0000
2026-08-30 11:12:19 | Epoch 206/400 | Train Loss 2.3094 Acc 0.1055 | Val Loss 2.3008 Acc 0.1129 AUC 0.5000 Pre 0.0113 Rec 0.1000
2026-08-30 11:12:19 | Diag logvar_q_mean=-0.0000 logvar_q_clamp=0.0000
2026-08-30 11:12:23 | Epoch 207/400 | Train Loss 2.3093 Acc 0.1044 | Val Loss 2.3008 Acc 0.1129 AUC 0.5000 Pre 0.0113 Rec 0.1000
2026-08-30 11:12:24 | Diag logvar_q_mean=-0.0000 logvar_q_clamp=0.0000
2026-08-30 11:12:28 | Epoch 208/400 | Train Loss 2.3092 Acc 0.1035 | Val Loss 2.3008 Acc 0.1129 AUC 0.5000 Pre 0.0113 Rec 0.1000
2026-08-30 11:12:28 | Diag logvar_q_mean=-0.0000 logvar_q_clamp=0.0000
2026-08-30 11:12:32 | Epoch 209/400 | Train Loss 2.3103 Acc 0.1029 | Val Loss 2.3008 Acc 0.1129 AUC 0.5000 Pre 0.0113 Rec 0.1000
2026-08-30 11:12:33 | Diag logvar_q_mean=-0.0000 logvar_q_clamp=0.0000
2026-08-30 11:12:37 | Epoch 210/400 | Train Loss 2.3101 Acc 0.1041 | Val Loss 2.3008 Acc 0.1129 AUC 0.5000 Pre 0.0113 Rec 0.1000
2026-08-30 11:12:37 | Diag logvar_q_mean=-0.0000 logvar_q_clamp=0.0000
2026-08-30 11:12:41 | Epoch 211/400 | Train Loss 2.3101 Acc 0.1034 | Val Loss 2.3008 Acc 0.1129 AUC 0.5000 Pre 0.0113 Rec 0.1000
2026-08-30 11:12:42 | Diag logvar_q_mean=-0.0000 logvar_q_clamp=0.0000
2026-08-30 11:12:46 | Epoch 212/400 | Train Loss 2.3096 Acc 0.1033 | Val Loss 2.3008 Acc 0.1129 AUC 0.5000 Pre 0.0113 Rec 0.1000
2026-08-30 11:12:46 | Diag logvar_q_mean=0.0000 logvar_q_clamp=0.0000
2026-08-30 11:12:50 | Epoch 213/400 | Train Loss 2.3102 Acc 0.1031 | Val Loss 2.3008 Acc 0.1129 AUC 0.5000 Pre 0.0113 Rec 0.1000
2026-08-30 11:12:51 | Diag logvar_q_mean=-0.0000 logvar_q_clamp=0.0000
2026-08-30 11:12:54 | Epoch 214/400 | Train Loss 2.3103 Acc 0.1022 | Val Loss 2.3007 Acc 0.1129 AUC 0.5000 Pre 0.0113 Rec 0.1000
2026-08-30 11:12:55 | Diag logvar_q_mean=-0.0000 logvar_q_clamp=0.0000
2026-08-30 11:12:59 | Epoch 215/400 | Train Loss 2.3095 Acc 0.1071 | Val Loss 2.3008 Acc 0.1129 AUC 0.5000 Pre 0.0113 Rec 0.1000
2026-08-30 11:13:00 | Diag logvar_q_mean=-0.0000 logvar_q_clamp=0.0000
2026-08-30 11:13:03 | Epoch 216/400 | Train Loss 2.3103 Acc 0.1034 | Val Loss 2.3008 Acc 0.1129 AUC 0.5000 Pre 0.0113 Rec 0.1000
2026-08-30 11:13:04 | Diag logvar_q_mean=-0.0000 logvar_q_clamp=0.0000
2026-08-30 11:13:08 | Epoch 217/400 | Train Loss 2.3105 Acc 0.1027 | Val Loss 2.3008 Acc 0.1129 AUC 0.5000 Pre 0.0113 Rec 0.1000
2026-08-30 11:13:08 | Diag logvar_q_mean=-0.0000 logvar_q_clamp=0.0000
2026-08-30 11:13:12 | Epoch 218/400 | Train Loss 2.3102 Acc 0.1037 | Val Loss 2.3008 Acc 0.1129 AUC 0.5000 Pre 0.0113 Rec 0.1000
2026-08-30 11:13:13 | Diag logvar_q_mean=0.0000 logvar_q_clamp=0.0000
2026-08-30 11:13:17 | Epoch 219/400 | Train Loss 2.3103 Acc 0.1025 | Val Loss 2.3007 Acc 0.1129 AUC 0.5000 Pre 0.0113 Rec 0.1000
2026-08-30 11:13:18 | Diag logvar_q_mean=-0.0000 logvar_q_clamp=0.0000
2026-08-30 11:13:21 | Epoch 220/400 | Train Loss 2.3102 Acc 0.1031 | Val Loss 2.3008 Acc 0.1129 AUC 0.5000 Pre 0.0113 Rec 0.1000
2026-08-30 11:13:22 | Diag logvar_q_mean=-0.0000 logvar_q_clamp=0.0000
2026-08-30 11:13:26 | Epoch 221/400 | Train Loss 2.3102 Acc 0.1021 | Val Loss 2.3008 Acc 0.1129 AUC 0.5000 Pre 0.0113 Rec 0.1000
2026-08-30 11:13:26 | Diag logvar_q_mean=-0.0000 logvar_q_clamp=0.0000
2026-08-30 11:13:30 | Epoch 222/400 | Train Loss 2.3098 Acc 0.1020 | Val Loss 2.3008 Acc 0.1129 AUC 0.5000 Pre 0.0113 Rec 0.1000
2026-08-30 11:13:31 | Diag logvar_q_mean=-0.0000 logvar_q_clamp=0.0000
2026-08-30 11:13:35 | Epoch 223/400 | Train Loss 2.3101 Acc 0.1064 | Val Loss 2.3008 Acc 0.1129 AUC 0.5000 Pre 0.0113 Rec 0.1000
2026-08-30 11:13:35 | Diag logvar_q_mean=-0.0000 logvar_q_clamp=0.0000
2026-08-30 11:13:39 | Epoch 224/400 | Train Loss 2.3092 Acc 0.1039 | Val Loss 2.3007 Acc 0.1129 AUC 0.5000 Pre 0.0113 Rec 0.1000
2026-08-30 11:13:40 | Diag logvar_q_mean=0.0000 logvar_q_clamp=0.0000
2026-08-30 11:13:44 | Epoch 225/400 | Train Loss 2.3104 Acc 0.1028 | Val Loss 2.3008 Acc 0.1129 AUC 0.5000 Pre 0.0113 Rec 0.1000
2026-08-30 11:13:45 | Diag logvar_q_mean=0.0000 logvar_q_clamp=0.0000
2026-08-30 11:13:48 | Epoch 226/400 | Train Loss 2.3096 Acc 0.1033 | Val Loss 2.3008 Acc 0.1129 AUC 0.5000 Pre 0.0113 Rec 0.1000
2026-08-30 11:13:49 | Diag logvar_q_mean=-0.0000 logvar_q_clamp=0.0000
2026-08-30 11:13:53 | Epoch 227/400 | Train Loss 2.3101 Acc 0.1039 | Val Loss 2.3008 Acc 0.1129 AUC 0.5000 Pre 0.0113 Rec 0.1000
2026-08-30 11:13:54 | Diag logvar_q_mean=-0.0000 logvar_q_clamp=0.0000
2026-08-30 11:13:57 | Epoch 228/400 | Train Loss 2.3105 Acc 0.1033 | Val Loss 2.3008 Acc 0.1129 AUC 0.5000 Pre 0.0113 Rec 0.1000
2026-08-30 11:13:58 | Diag logvar_q_mean=-0.0000 logvar_q_clamp=0.0000
2026-08-30 11:14:02 | Epoch 229/400 | Train Loss 2.3095 Acc 0.1026 | Val Loss 2.3008 Acc 0.1129 AUC 0.5000 Pre 0.0113 Rec 0.1000
2026-08-30 11:14:03 | Diag logvar_q_mean=-0.0000 logvar_q_clamp=0.0000
2026-08-30 11:14:06 | Epoch 230/400 | Train Loss 2.3093 Acc 0.1040 | Val Loss 2.3008 Acc 0.1129 AUC 0.5000 Pre 0.0113 Rec 0.1000
2026-08-30 11:14:07 | Diag logvar_q_mean=0.0000 logvar_q_clamp=0.0000
2026-08-30 11:14:11 | Epoch 231/400 | Train Loss 2.3089 Acc 0.1068 | Val Loss 2.3008 Acc 0.1129 AUC 0.5000 Pre 0.0113 Rec 0.1000
2026-08-30 11:14:12 | Diag logvar_q_mean=-0.0000 logvar_q_clamp=0.0000
2026-08-30 11:14:16 | Epoch 232/400 | Train Loss 2.3106 Acc 0.1021 | Val Loss 2.3008 Acc 0.1129 AUC 0.5000 Pre 0.0113 Rec 0.1000
2026-08-30 11:14:16 | Diag logvar_q_mean=-0.0000 logvar_q_clamp=0.0000
2026-08-30 11:14:20 | Epoch 233/400 | Train Loss 2.3093 Acc 0.1043 | Val Loss 2.3007 Acc 0.1129 AUC 0.5000 Pre 0.0113 Rec 0.1000
2026-08-30 11:14:21 | Diag logvar_q_mean=-0.0000 logvar_q_clamp=0.0000
2026-08-30 11:14:25 | Epoch 234/400 | Train Loss 2.3096 Acc 0.1039 | Val Loss 2.3008 Acc 0.1129 AUC 0.5000 Pre 0.0113 Rec 0.1000
2026-08-30 11:14:26 | Diag logvar_q_mean=-0.0000 logvar_q_clamp=0.0000
2026-08-30 11:14:29 | Epoch 235/400 | Train Loss 2.3100 Acc 0.1045 | Val Loss 2.3008 Acc 0.1129 AUC 0.5000 Pre 0.0113 Rec 0.1000
2026-08-30 11:14:30 | Diag logvar_q_mean=-0.0000 logvar_q_clamp=0.0000
2026-08-30 11:14:34 | Epoch 236/400 | Train Loss 2.3097 Acc 0.1042 | Val Loss 2.3008 Acc 0.1129 AUC 0.5000 Pre 0.0113 Rec 0.1000
2026-08-30 11:14:35 | Diag logvar_q_mean=-0.0000 logvar_q_clamp=0.0000
2026-08-30 11:14:38 | Epoch 237/400 | Train Loss 2.3087 Acc 0.1048 | Val Loss 2.3008 Acc 0.1129 AUC 0.5000 Pre 0.0113 Rec 0.1000
2026-08-30 11:14:39 | Diag logvar_q_mean=0.0000 logvar_q_clamp=0.0000
2026-08-30 11:14:43 | Epoch 238/400 | Train Loss 2.3104 Acc 0.1047 | Val Loss 2.3008 Acc 0.1129 AUC 0.5000 Pre 0.0113 Rec 0.1000
2026-08-30 11:14:44 | Diag logvar_q_mean=-0.0000 logvar_q_clamp=0.0000
2026-08-30 11:14:48 | Epoch 239/400 | Train Loss 2.3095 Acc 0.1024 | Val Loss 2.3008 Acc 0.1129 AUC 0.5000 Pre 0.0113 Rec 0.1000
2026-08-30 11:14:48 | Diag logvar_q_mean=0.0000 logvar_q_clamp=0.0000
2026-08-30 11:14:52 | Epoch 240/400 | Train Loss 2.3102 Acc 0.1040 | Val Loss 2.3008 Acc 0.1129 AUC 0.5000 Pre 0.0113 Rec 0.1000
2026-08-30 11:14:53 | Diag logvar_q_mean=-0.0000 logvar_q_clamp=0.0000
2026-08-30 11:14:57 | Epoch 241/400 | Train Loss 2.3096 Acc 0.1037 | Val Loss 2.3008 Acc 0.1129 AUC 0.5000 Pre 0.0113 Rec 0.1000
2026-08-30 11:14:57 | Diag logvar_q_mean=-0.0000 logvar_q_clamp=0.0000
2026-08-30 11:15:01 | Epoch 242/400 | Train Loss 2.3102 Acc 0.1030 | Val Loss 2.3008 Acc 0.1129 AUC 0.5000 Pre 0.0113 Rec 0.1000
2026-08-30 11:15:02 | Diag logvar_q_mean=-0.0000 logvar_q_clamp=0.0000
2026-08-30 11:15:06 | Epoch 243/400 | Train Loss 2.3100 Acc 0.1040 | Val Loss 2.3008 Acc 0.1129 AUC 0.5000 Pre 0.0113 Rec 0.1000
2026-08-30 11:15:06 | Diag logvar_q_mean=-0.0000 logvar_q_clamp=0.0000
2026-08-30 11:15:10 | Epoch 244/400 | Train Loss 2.3096 Acc 0.1044 | Val Loss 2.3008 Acc 0.1129 AUC 0.5000 Pre 0.0113 Rec 0.1000
2026-08-30 11:15:11 | Diag logvar_q_mean=-0.0000 logvar_q_clamp=0.0000
2026-08-30 11:15:15 | Epoch 245/400 | Train Loss 2.3093 Acc 0.1045 | Val Loss 2.3008 Acc 0.1129 AUC 0.5000 Pre 0.0113 Rec 0.1000
2026-08-30 11:15:15 | Diag logvar_q_mean=0.0000 logvar_q_clamp=0.0000
2026-08-30 11:15:19 | Epoch 246/400 | Train Loss 2.3103 Acc 0.1034 | Val Loss 2.3008 Acc 0.1129 AUC 0.5000 Pre 0.0113 Rec 0.1000
2026-08-30 11:15:20 | Diag logvar_q_mean=-0.0000 logvar_q_clamp=0.0000
2026-08-30 11:15:24 | Epoch 247/400 | Train Loss 2.3098 Acc 0.1019 | Val Loss 2.3008 Acc 0.1129 AUC 0.5000 Pre 0.0113 Rec 0.1000
2026-08-30 11:15:24 | Diag logvar_q_mean=-0.0000 logvar_q_clamp=0.0000
2026-08-30 11:15:28 | Epoch 248/400 | Train Loss 2.3092 Acc 0.1033 | Val Loss 2.3008 Acc 0.1129 AUC 0.5000 Pre 0.0113 Rec 0.1000
2026-08-30 11:15:29 | Diag logvar_q_mean=-0.0000 logvar_q_clamp=0.0000
2026-08-30 11:15:33 | Epoch 249/400 | Train Loss 2.3095 Acc 0.1021 | Val Loss 2.3008 Acc 0.1129 AUC 0.5000 Pre 0.0113 Rec 0.1000
2026-08-30 11:15:33 | Diag logvar_q_mean=-0.0000 logvar_q_clamp=0.0000
2026-08-30 11:15:37 | Epoch 250/400 | Train Loss 2.3101 Acc 0.1060 | Val Loss 2.3008 Acc 0.1129 AUC 0.5000 Pre 0.0113 Rec 0.1000
2026-08-30 11:15:38 | Diag logvar_q_mean=0.0000 logvar_q_clamp=0.0000
2026-08-30 11:15:42 | Epoch 251/400 | Train Loss 2.3098 Acc 0.1024 | Val Loss 2.3008 Acc 0.1129 AUC 0.5000 Pre 0.0113 Rec 0.1000
2026-08-30 11:15:42 | Diag logvar_q_mean=-0.0000 logvar_q_clamp=0.0000
2026-08-30 11:15:46 | Epoch 252/400 | Train Loss 2.3095 Acc 0.1063 | Val Loss 2.3008 Acc 0.1129 AUC 0.5000 Pre 0.0113 Rec 0.1000
2026-08-30 11:15:47 | Diag logvar_q_mean=-0.0000 logvar_q_clamp=0.0000
2026-08-30 11:15:51 | Epoch 253/400 | Train Loss 2.3095 Acc 0.1051 | Val Loss 2.3008 Acc 0.1129 AUC 0.5000 Pre 0.0113 Rec 0.1000
2026-08-30 11:15:51 | Diag logvar_q_mean=-0.0000 logvar_q_clamp=0.0000
2026-08-30 11:15:55 | Epoch 254/400 | Train Loss 2.3100 Acc 0.1049 | Val Loss 2.3008 Acc 0.1129 AUC 0.5000 Pre 0.0113 Rec 0.1000
2026-08-30 11:15:56 | Diag logvar_q_mean=-0.0000 logvar_q_clamp=0.0000
2026-08-30 11:16:00 | Epoch 255/400 | Train Loss 2.3097 Acc 0.1045 | Val Loss 2.3007 Acc 0.1129 AUC 0.5000 Pre 0.0113 Rec 0.1000
2026-08-30 11:16:00 | Diag logvar_q_mean=-0.0000 logvar_q_clamp=0.0000
2026-08-30 11:16:04 | Epoch 256/400 | Train Loss 2.3098 Acc 0.1036 | Val Loss 2.3008 Acc 0.1129 AUC 0.5000 Pre 0.0113 Rec 0.1000
2026-08-30 11:16:05 | Diag logvar_q_mean=-0.0000 logvar_q_clamp=0.0000
2026-08-30 11:16:09 | Epoch 257/400 | Train Loss 2.3096 Acc 0.1042 | Val Loss 2.3008 Acc 0.1129 AUC 0.5000 Pre 0.0113 Rec 0.1000
2026-08-30 11:16:10 | Diag logvar_q_mean=-0.0000 logvar_q_clamp=0.0000
2026-08-30 11:16:13 | Epoch 258/400 | Train Loss 2.3096 Acc 0.1051 | Val Loss 2.3007 Acc 0.1129 AUC 0.5000 Pre 0.0113 Rec 0.1000
2026-08-30 11:16:14 | Diag logvar_q_mean=-0.0000 logvar_q_clamp=0.0000
2026-08-30 11:16:18 | Epoch 259/400 | Train Loss 2.3098 Acc 0.1052 | Val Loss 2.3008 Acc 0.1129 AUC 0.5000 Pre 0.0113 Rec 0.1000
2026-08-30 11:16:19 | Diag logvar_q_mean=-0.0000 logvar_q_clamp=0.0000
2026-08-30 11:16:23 | Epoch 260/400 | Train Loss 2.3099 Acc 0.1042 | Val Loss 2.3007 Acc 0.1129 AUC 0.5000 Pre 0.0113 Rec 0.1000
2026-08-30 11:16:23 | Diag logvar_q_mean=-0.0000 logvar_q_clamp=0.0000
2026-08-30 11:16:27 | Epoch 261/400 | Train Loss 2.3103 Acc 0.1017 | Val Loss 2.3008 Acc 0.1129 AUC 0.5000 Pre 0.0113 Rec 0.1000
2026-08-30 11:16:28 | Diag logvar_q_mean=-0.0000 logvar_q_clamp=0.0000
2026-08-30 11:16:32 | Epoch 262/400 | Train Loss 2.3105 Acc 0.1034 | Val Loss 2.3007 Acc 0.1129 AUC 0.5000 Pre 0.0113 Rec 0.1000
2026-08-30 11:16:32 | Diag logvar_q_mean=-0.0000 logvar_q_clamp=0.0000
2026-08-30 11:16:36 | Epoch 263/400 | Train Loss 2.3092 Acc 0.1029 | Val Loss 2.3008 Acc 0.1129 AUC 0.5000 Pre 0.0113 Rec 0.1000
2026-08-30 11:16:37 | Diag logvar_q_mean=0.0000 logvar_q_clamp=0.0000
2026-08-30 11:16:41 | Epoch 264/400 | Train Loss 2.3094 Acc 0.1043 | Val Loss 2.3008 Acc 0.1129 AUC 0.5000 Pre 0.0113 Rec 0.1000
2026-08-30 11:16:41 | Diag logvar_q_mean=-0.0000 logvar_q_clamp=0.0000
2026-08-30 11:16:45 | Epoch 265/400 | Train Loss 2.3101 Acc 0.1031 | Val Loss 2.3008 Acc 0.1129 AUC 0.5000 Pre 0.0113 Rec 0.1000
2026-08-30 11:16:46 | Diag logvar_q_mean=-0.0000 logvar_q_clamp=0.0000
2026-08-30 11:16:50 | Epoch 266/400 | Train Loss 2.3092 Acc 0.1042 | Val Loss 2.3008 Acc 0.1129 AUC 0.5000 Pre 0.0113 Rec 0.1000
2026-08-30 11:16:50 | Diag logvar_q_mean=-0.0000 logvar_q_clamp=0.0000
2026-08-30 11:16:54 | Epoch 267/400 | Train Loss 2.3097 Acc 0.1019 | Val Loss 2.3007 Acc 0.1129 AUC 0.5000 Pre 0.0113 Rec 0.1000
2026-08-30 11:16:55 | Diag logvar_q_mean=-0.0000 logvar_q_clamp=0.0000
2026-08-30 11:16:58 | Epoch 268/400 | Train Loss 2.3098 Acc 0.1053 | Val Loss 2.3008 Acc 0.1129 AUC 0.5000 Pre 0.0113 Rec 0.1000
2026-08-30 11:16:59 | Diag logvar_q_mean=-0.0000 logvar_q_clamp=0.0000
2026-08-30 11:17:03 | Epoch 269/400 | Train Loss 2.3098 Acc 0.1042 | Val Loss 2.3008 Acc 0.1129 AUC 0.5000 Pre 0.0113 Rec 0.1000
2026-08-30 11:17:04 | Diag logvar_q_mean=-0.0000 logvar_q_clamp=0.0000
2026-08-30 11:17:07 | Epoch 270/400 | Train Loss 2.3097 Acc 0.1024 | Val Loss 2.3008 Acc 0.1129 AUC 0.5000 Pre 0.0113 Rec 0.1000
2026-08-30 11:17:08 | Diag logvar_q_mean=-0.0000 logvar_q_clamp=0.0000
2026-08-30 11:17:12 | Epoch 271/400 | Train Loss 2.3103 Acc 0.1005 | Val Loss 2.3008 Acc 0.1129 AUC 0.5000 Pre 0.0113 Rec 0.1000
2026-08-30 11:17:12 | Diag logvar_q_mean=-0.0000 logvar_q_clamp=0.0000
2026-08-30 11:17:16 | Epoch 272/400 | Train Loss 2.3097 Acc 0.1046 | Val Loss 2.3008 Acc 0.1129 AUC 0.5000 Pre 0.0113 Rec 0.1000
2026-08-30 11:17:17 | Diag logvar_q_mean=-0.0000 logvar_q_clamp=0.0000
2026-08-30 11:17:21 | Epoch 273/400 | Train Loss 2.3105 Acc 0.1031 | Val Loss 2.3008 Acc 0.1129 AUC 0.5000 Pre 0.0113 Rec 0.1000
2026-08-30 11:17:21 | Diag logvar_q_mean=-0.0000 logvar_q_clamp=0.0000
2026-08-30 11:17:25 | Epoch 274/400 | Train Loss 2.3097 Acc 0.1030 | Val Loss 2.3008 Acc 0.1129 AUC 0.5000 Pre 0.0113 Rec 0.1000
2026-08-30 11:17:26 | Diag logvar_q_mean=-0.0000 logvar_q_clamp=0.0000
2026-08-30 11:17:30 | Epoch 275/400 | Train Loss 2.3094 Acc 0.1040 | Val Loss 2.3008 Acc 0.1129 AUC 0.5000 Pre 0.0113 Rec 0.1000
2026-08-30 11:17:30 | Diag logvar_q_mean=-0.0000 logvar_q_clamp=0.0000
2026-08-30 11:17:34 | Epoch 276/400 | Train Loss 2.3095 Acc 0.1054 | Val Loss 2.3007 Acc 0.1129 AUC 0.5000 Pre 0.0113 Rec 0.1000
2026-08-30 11:17:35 | Diag logvar_q_mean=-0.0000 logvar_q_clamp=0.0000
2026-08-30 11:17:39 | Epoch 277/400 | Train Loss 2.3096 Acc 0.1031 | Val Loss 2.3008 Acc 0.1129 AUC 0.5000 Pre 0.0113 Rec 0.1000
2026-08-30 11:17:39 | Diag logvar_q_mean=-0.0000 logvar_q_clamp=0.0000
2026-08-30 11:17:43 | Epoch 278/400 | Train Loss 2.3105 Acc 0.1025 | Val Loss 2.3008 Acc 0.1129 AUC 0.5000 Pre 0.0113 Rec 0.1000
2026-08-30 11:17:44 | Diag logvar_q_mean=-0.0000 logvar_q_clamp=0.0000
2026-08-30 11:17:48 | Epoch 279/400 | Train Loss 2.3101 Acc 0.1025 | Val Loss 2.3007 Acc 0.1129 AUC 0.5000 Pre 0.0113 Rec 0.1000
2026-08-30 11:17:48 | Diag logvar_q_mean=-0.0000 logvar_q_clamp=0.0000
2026-08-30 11:17:52 | Epoch 280/400 | Train Loss 2.3088 Acc 0.1053 | Val Loss 2.3008 Acc 0.1129 AUC 0.5000 Pre 0.0113 Rec 0.1000
2026-08-30 11:17:53 | Diag logvar_q_mean=-0.0000 logvar_q_clamp=0.0000
2026-08-30 11:17:57 | Epoch 281/400 | Train Loss 2.3103 Acc 0.1032 | Val Loss 2.3007 Acc 0.1129 AUC 0.5000 Pre 0.0113 Rec 0.1000
2026-08-30 11:17:57 | Diag logvar_q_mean=-0.0000 logvar_q_clamp=0.0000
2026-08-30 11:18:01 | Epoch 282/400 | Train Loss 2.3086 Acc 0.1049 | Val Loss 2.3008 Acc 0.1129 AUC 0.5000 Pre 0.0113 Rec 0.1000
2026-08-30 11:18:02 | Diag logvar_q_mean=-0.0000 logvar_q_clamp=0.0000
2026-08-30 11:18:06 | Epoch 283/400 | Train Loss 2.3105 Acc 0.1036 | Val Loss 2.3007 Acc 0.1129 AUC 0.5000 Pre 0.0113 Rec 0.1000
2026-08-30 11:18:07 | Diag logvar_q_mean=-0.0000 logvar_q_clamp=0.0000
2026-08-30 11:18:11 | Epoch 284/400 | Train Loss 2.3098 Acc 0.1031 | Val Loss 2.3008 Acc 0.1129 AUC 0.5000 Pre 0.0113 Rec 0.1000
2026-08-30 11:18:11 | Diag logvar_q_mean=-0.0000 logvar_q_clamp=0.0000
2026-08-30 11:18:15 | Epoch 285/400 | Train Loss 2.3098 Acc 0.1044 | Val Loss 2.3008 Acc 0.1129 AUC 0.5000 Pre 0.0113 Rec 0.1000
2026-08-30 11:18:16 | Diag logvar_q_mean=-0.0000 logvar_q_clamp=0.0000
2026-08-30 11:18:20 | Epoch 286/400 | Train Loss 2.3099 Acc 0.1058 | Val Loss 2.3008 Acc 0.1129 AUC 0.5000 Pre 0.0113 Rec 0.1000
2026-08-30 11:18:21 | Diag logvar_q_mean=0.0000 logvar_q_clamp=0.0000
2026-08-30 11:18:25 | Epoch 287/400 | Train Loss 2.3100 Acc 0.1046 | Val Loss 2.3008 Acc 0.1129 AUC 0.5000 Pre 0.0113 Rec 0.1000
2026-08-30 11:18:25 | Diag logvar_q_mean=0.0000 logvar_q_clamp=0.0000
2026-08-30 11:18:29 | Epoch 288/400 | Train Loss 2.3100 Acc 0.1042 | Val Loss 2.3008 Acc 0.1129 AUC 0.5000 Pre 0.0113 Rec 0.1000
2026-08-30 11:18:30 | Diag logvar_q_mean=-0.0000 logvar_q_clamp=0.0000
2026-08-30 11:18:34 | Epoch 289/400 | Train Loss 2.3096 Acc 0.1050 | Val Loss 2.3008 Acc 0.1129 AUC 0.5000 Pre 0.0113 Rec 0.1000
2026-08-30 11:18:35 | Diag logvar_q_mean=-0.0000 logvar_q_clamp=0.0000
2026-08-30 11:18:39 | Epoch 290/400 | Train Loss 2.3100 Acc 0.1035 | Val Loss 2.3008 Acc 0.1129 AUC 0.5000 Pre 0.0113 Rec 0.1000
2026-08-30 11:18:39 | Diag logvar_q_mean=-0.0000 logvar_q_clamp=0.0000
2026-08-30 11:18:43 | Epoch 291/400 | Train Loss 2.3103 Acc 0.1021 | Val Loss 2.3008 Acc 0.1129 AUC 0.5000 Pre 0.0113 Rec 0.1000
2026-08-30 11:18:44 | Diag logvar_q_mean=-0.0000 logvar_q_clamp=0.0000
2026-08-30 11:18:48 | Epoch 292/400 | Train Loss 2.3099 Acc 0.1030 | Val Loss 2.3008 Acc 0.1129 AUC 0.5000 Pre 0.0113 Rec 0.1000
2026-08-30 11:18:48 | Diag logvar_q_mean=-0.0000 logvar_q_clamp=0.0000
2026-08-30 11:18:52 | Epoch 293/400 | Train Loss 2.3098 Acc 0.1037 | Val Loss 2.3008 Acc 0.1129 AUC 0.5000 Pre 0.0113 Rec 0.1000
2026-08-30 11:18:53 | Diag logvar_q_mean=-0.0000 logvar_q_clamp=0.0000
2026-08-30 11:18:57 | Epoch 294/400 | Train Loss 2.3098 Acc 0.1029 | Val Loss 2.3008 Acc 0.1129 AUC 0.5000 Pre 0.0113 Rec 0.1000
2026-08-30 11:18:58 | Diag logvar_q_mean=-0.0000 logvar_q_clamp=0.0000
2026-08-30 11:19:02 | Epoch 295/400 | Train Loss 2.3105 Acc 0.1053 | Val Loss 2.3008 Acc 0.1129 AUC 0.5000 Pre 0.0113 Rec 0.1000
2026-08-30 11:19:02 | Diag logvar_q_mean=-0.0000 logvar_q_clamp=0.0000
2026-08-30 11:19:06 | Epoch 296/400 | Train Loss 2.3096 Acc 0.1039 | Val Loss 2.3008 Acc 0.1129 AUC 0.5000 Pre 0.0113 Rec 0.1000
2026-08-30 11:19:07 | Diag logvar_q_mean=-0.0000 logvar_q_clamp=0.0000
2026-08-30 11:19:11 | Epoch 297/400 | Train Loss 2.3093 Acc 0.1046 | Val Loss 2.3008 Acc 0.1129 AUC 0.5000 Pre 0.0113 Rec 0.1000
2026-08-30 11:19:11 | Diag logvar_q_mean=-0.0000 logvar_q_clamp=0.0000
2026-08-30 11:19:15 | Epoch 298/400 | Train Loss 2.3099 Acc 0.1037 | Val Loss 2.3008 Acc 0.1129 AUC 0.5000 Pre 0.0113 Rec 0.1000
2026-08-30 11:19:16 | Diag logvar_q_mean=-0.0000 logvar_q_clamp=0.0000
2026-08-30 11:19:20 | Epoch 299/400 | Train Loss 2.3101 Acc 0.1041 | Val Loss 2.3008 Acc 0.1129 AUC 0.5000 Pre 0.0113 Rec 0.1000
2026-08-30 11:19:21 | Diag logvar_q_mean=-0.0000 logvar_q_clamp=0.0000
2026-08-30 11:19:25 | Epoch 300/400 | Train Loss 2.3096 Acc 0.1051 | Val Loss 2.3008 Acc 0.1129 AUC 0.5000 Pre 0.0113 Rec 0.1000
2026-08-30 11:19:25 | Diag logvar_q_mean=-0.0000 logvar_q_clamp=0.0000
2026-08-30 11:19:29 | Epoch 301/400 | Train Loss 2.3105 Acc 0.1025 | Val Loss 2.3008 Acc 0.1129 AUC 0.5000 Pre 0.0113 Rec 0.1000
2026-08-30 11:19:30 | Diag logvar_q_mean=-0.0000 logvar_q_clamp=0.0000
2026-08-30 11:19:34 | Epoch 302/400 | Train Loss 2.3104 Acc 0.1029 | Val Loss 2.3008 Acc 0.1129 AUC 0.5000 Pre 0.0113 Rec 0.1000
2026-08-30 11:19:34 | Diag logvar_q_mean=-0.0000 logvar_q_clamp=0.0000
2026-08-30 11:19:38 | Epoch 303/400 | Train Loss 2.3094 Acc 0.1041 | Val Loss 2.3007 Acc 0.1129 AUC 0.5000 Pre 0.0113 Rec 0.1000
2026-08-30 11:19:39 | Diag logvar_q_mean=-0.0000 logvar_q_clamp=0.0000
2026-08-30 11:19:43 | Epoch 304/400 | Train Loss 2.3089 Acc 0.1063 | Val Loss 2.3008 Acc 0.1129 AUC 0.5000 Pre 0.0113 Rec 0.1000
2026-08-30 11:19:44 | Diag logvar_q_mean=0.0000 logvar_q_clamp=0.0000
2026-08-30 11:19:47 | Epoch 305/400 | Train Loss 2.3101 Acc 0.1028 | Val Loss 2.3008 Acc 0.1129 AUC 0.5000 Pre 0.0113 Rec 0.1000
2026-08-30 11:19:48 | Diag logvar_q_mean=-0.0000 logvar_q_clamp=0.0000
2026-08-30 11:19:52 | Epoch 306/400 | Train Loss 2.3094 Acc 0.1040 | Val Loss 2.3008 Acc 0.1129 AUC 0.5000 Pre 0.0113 Rec 0.1000
2026-08-30 11:19:52 | Diag logvar_q_mean=-0.0000 logvar_q_clamp=0.0000
2026-08-30 11:19:56 | Epoch 307/400 | Train Loss 2.3096 Acc 0.1043 | Val Loss 2.3008 Acc 0.1129 AUC 0.5000 Pre 0.0113 Rec 0.1000
2026-08-30 11:19:57 | Diag logvar_q_mean=-0.0000 logvar_q_clamp=0.0000
2026-08-30 11:20:01 | Epoch 308/400 | Train Loss 2.3110 Acc 0.1013 | Val Loss 2.3007 Acc 0.1129 AUC 0.5000 Pre 0.0113 Rec 0.1000
2026-08-30 11:20:01 | Diag logvar_q_mean=-0.0000 logvar_q_clamp=0.0000
2026-08-30 11:20:05 | Epoch 309/400 | Train Loss 2.3092 Acc 0.1055 | Val Loss 2.3008 Acc 0.1129 AUC 0.5000 Pre 0.0113 Rec 0.1000
2026-08-30 11:20:06 | Diag logvar_q_mean=-0.0000 logvar_q_clamp=0.0000
2026-08-30 11:20:10 | Epoch 310/400 | Train Loss 2.3089 Acc 0.1056 | Val Loss 2.3008 Acc 0.1129 AUC 0.5000 Pre 0.0113 Rec 0.1000
2026-08-30 11:20:10 | Diag logvar_q_mean=-0.0000 logvar_q_clamp=0.0000
2026-08-30 11:20:14 | Epoch 311/400 | Train Loss 2.3110 Acc 0.1033 | Val Loss 2.3008 Acc 0.1129 AUC 0.5000 Pre 0.0113 Rec 0.1000
2026-08-30 11:20:15 | Diag logvar_q_mean=-0.0000 logvar_q_clamp=0.0000
2026-08-30 11:20:19 | Epoch 312/400 | Train Loss 2.3093 Acc 0.1039 | Val Loss 2.3008 Acc 0.1129 AUC 0.5000 Pre 0.0113 Rec 0.1000
2026-08-30 11:20:19 | Diag logvar_q_mean=-0.0000 logvar_q_clamp=0.0000
2026-08-30 11:20:23 | Epoch 313/400 | Train Loss 2.3093 Acc 0.1037 | Val Loss 2.3008 Acc 0.1129 AUC 0.5000 Pre 0.0113 Rec 0.1000
2026-08-30 11:20:24 | Diag logvar_q_mean=-0.0000 logvar_q_clamp=0.0000
2026-08-30 11:20:28 | Epoch 314/400 | Train Loss 2.3100 Acc 0.1052 | Val Loss 2.3007 Acc 0.1129 AUC 0.5000 Pre 0.0113 Rec 0.1000
2026-08-30 11:20:28 | Diag logvar_q_mean=-0.0000 logvar_q_clamp=0.0000
2026-08-30 11:20:32 | Epoch 315/400 | Train Loss 2.3097 Acc 0.1040 | Val Loss 2.3007 Acc 0.1129 AUC 0.5000 Pre 0.0113 Rec 0.1000
2026-08-30 11:20:33 | Diag logvar_q_mean=-0.0000 logvar_q_clamp=0.0000
2026-08-30 11:20:37 | Epoch 316/400 | Train Loss 2.3092 Acc 0.1032 | Val Loss 2.3007 Acc 0.1129 AUC 0.5000 Pre 0.0113 Rec 0.1000
2026-08-30 11:20:37 | Diag logvar_q_mean=-0.0000 logvar_q_clamp=0.0000
2026-08-30 11:20:41 | Epoch 317/400 | Train Loss 2.3096 Acc 0.1043 | Val Loss 2.3008 Acc 0.1129 AUC 0.5000 Pre 0.0113 Rec 0.1000
2026-08-30 11:20:42 | Diag logvar_q_mean=-0.0000 logvar_q_clamp=0.0000
2026-08-30 11:20:46 | Epoch 318/400 | Train Loss 2.3101 Acc 0.1023 | Val Loss 2.3007 Acc 0.1129 AUC 0.5000 Pre 0.0113 Rec 0.1000
2026-08-30 11:20:46 | Diag logvar_q_mean=-0.0000 logvar_q_clamp=0.0000
2026-08-30 11:20:50 | Epoch 319/400 | Train Loss 2.3087 Acc 0.1060 | Val Loss 2.3007 Acc 0.1129 AUC 0.5000 Pre 0.0113 Rec 0.1000
2026-08-30 11:20:51 | Diag logvar_q_mean=-0.0000 logvar_q_clamp=0.0000
2026-08-30 11:20:55 | Epoch 320/400 | Train Loss 2.3103 Acc 0.1030 | Val Loss 2.3008 Acc 0.1129 AUC 0.5000 Pre 0.0113 Rec 0.1000
2026-08-30 11:20:55 | Diag logvar_q_mean=-0.0000 logvar_q_clamp=0.0000
2026-08-30 11:20:59 | Epoch 321/400 | Train Loss 2.3100 Acc 0.1013 | Val Loss 2.3008 Acc 0.1129 AUC 0.5000 Pre 0.0113 Rec 0.1000
2026-08-30 11:21:00 | Diag logvar_q_mean=-0.0000 logvar_q_clamp=0.0000
2026-08-30 11:21:03 | Epoch 322/400 | Train Loss 2.3094 Acc 0.1049 | Val Loss 2.3008 Acc 0.1129 AUC 0.5000 Pre 0.0113 Rec 0.1000
2026-08-30 11:21:04 | Diag logvar_q_mean=0.0000 logvar_q_clamp=0.0000
2026-08-30 11:21:08 | Epoch 323/400 | Train Loss 2.3101 Acc 0.1019 | Val Loss 2.3008 Acc 0.1129 AUC 0.5000 Pre 0.0113 Rec 0.1000
2026-08-30 11:21:08 | Diag logvar_q_mean=-0.0000 logvar_q_clamp=0.0000
2026-08-30 11:21:12 | Epoch 324/400 | Train Loss 2.3102 Acc 0.1032 | Val Loss 2.3008 Acc 0.1129 AUC 0.5000 Pre 0.0113 Rec 0.1000
2026-08-30 11:21:13 | Diag logvar_q_mean=-0.0000 logvar_q_clamp=0.0000
2026-08-30 11:21:17 | Epoch 325/400 | Train Loss 2.3100 Acc 0.1023 | Val Loss 2.3008 Acc 0.1129 AUC 0.5000 Pre 0.0113 Rec 0.1000
2026-08-30 11:21:17 | Diag logvar_q_mean=-0.0000 logvar_q_clamp=0.0000
2026-08-30 11:21:21 | Epoch 326/400 | Train Loss 2.3106 Acc 0.1011 | Val Loss 2.3008 Acc 0.1129 AUC 0.5000 Pre 0.0113 Rec 0.1000
2026-08-30 11:21:22 | Diag logvar_q_mean=-0.0000 logvar_q_clamp=0.0000
2026-08-30 11:21:26 | Epoch 327/400 | Train Loss 2.3099 Acc 0.1049 | Val Loss 2.3008 Acc 0.1129 AUC 0.5000 Pre 0.0113 Rec 0.1000
2026-08-30 11:21:26 | Diag logvar_q_mean=0.0000 logvar_q_clamp=0.0000
2026-08-30 11:21:30 | Epoch 328/400 | Train Loss 2.3098 Acc 0.1024 | Val Loss 2.3008 Acc 0.1129 AUC 0.5000 Pre 0.0113 Rec 0.1000
2026-08-30 11:21:31 | Diag logvar_q_mean=-0.0000 logvar_q_clamp=0.0000
2026-08-30 11:21:35 | Epoch 329/400 | Train Loss 2.3097 Acc 0.1036 | Val Loss 2.3008 Acc 0.1129 AUC 0.5000 Pre 0.0113 Rec 0.1000
2026-08-30 11:21:35 | Diag logvar_q_mean=-0.0000 logvar_q_clamp=0.0000
2026-08-30 11:21:39 | Epoch 330/400 | Train Loss 2.3101 Acc 0.1041 | Val Loss 2.3008 Acc 0.1129 AUC 0.5000 Pre 0.0113 Rec 0.1000
2026-08-30 11:21:40 | Diag logvar_q_mean=-0.0000 logvar_q_clamp=0.0000
2026-08-30 11:21:44 | Epoch 331/400 | Train Loss 2.3102 Acc 0.1017 | Val Loss 2.3008 Acc 0.1129 AUC 0.5000 Pre 0.0113 Rec 0.1000
2026-08-30 11:21:44 | Diag logvar_q_mean=-0.0000 logvar_q_clamp=0.0000
2026-08-30 11:21:48 | Epoch 332/400 | Train Loss 2.3094 Acc 0.1038 | Val Loss 2.3008 Acc 0.1129 AUC 0.5000 Pre 0.0113 Rec 0.1000
2026-08-30 11:21:49 | Diag logvar_q_mean=-0.0000 logvar_q_clamp=0.0000
2026-08-30 11:21:53 | Epoch 333/400 | Train Loss 2.3100 Acc 0.1048 | Val Loss 2.3008 Acc 0.1129 AUC 0.5000 Pre 0.0113 Rec 0.1000
2026-08-30 11:21:53 | Diag logvar_q_mean=-0.0000 logvar_q_clamp=0.0000
2026-08-30 11:21:57 | Epoch 334/400 | Train Loss 2.3098 Acc 0.1055 | Val Loss 2.3008 Acc 0.1129 AUC 0.5000 Pre 0.0113 Rec 0.1000
2026-08-30 11:21:58 | Diag logvar_q_mean=-0.0000 logvar_q_clamp=0.0000
2026-08-30 11:22:02 | Epoch 335/400 | Train Loss 2.3095 Acc 0.1050 | Val Loss 2.3008 Acc 0.1129 AUC 0.5000 Pre 0.0113 Rec 0.1000
2026-08-30 11:22:03 | Diag logvar_q_mean=0.0000 logvar_q_clamp=0.0000
2026-08-30 11:22:06 | Epoch 336/400 | Train Loss 2.3096 Acc 0.1012 | Val Loss 2.3008 Acc 0.1129 AUC 0.5000 Pre 0.0113 Rec 0.1000
2026-08-30 11:22:07 | Diag logvar_q_mean=-0.0000 logvar_q_clamp=0.0000
2026-08-30 11:22:11 | Epoch 337/400 | Train Loss 2.3098 Acc 0.1038 | Val Loss 2.3008 Acc 0.1129 AUC 0.5000 Pre 0.0113 Rec 0.1000
2026-08-30 11:22:12 | Diag logvar_q_mean=-0.0000 logvar_q_clamp=0.0000
2026-08-30 11:22:16 | Epoch 338/400 | Train Loss 2.3103 Acc 0.1029 | Val Loss 2.3007 Acc 0.1129 AUC 0.5000 Pre 0.0113 Rec 0.1000
2026-08-30 11:22:16 | Diag logvar_q_mean=-0.0000 logvar_q_clamp=0.0000
2026-08-30 11:22:20 | Epoch 339/400 | Train Loss 2.3096 Acc 0.1042 | Val Loss 2.3008 Acc 0.1129 AUC 0.5000 Pre 0.0113 Rec 0.1000
2026-08-30 11:22:21 | Diag logvar_q_mean=0.0000 logvar_q_clamp=0.0000
2026-08-30 11:22:25 | Epoch 340/400 | Train Loss 2.3100 Acc 0.1036 | Val Loss 2.3007 Acc 0.1129 AUC 0.5000 Pre 0.0113 Rec 0.1000
2026-08-30 11:22:25 | Diag logvar_q_mean=-0.0000 logvar_q_clamp=0.0000
2026-08-30 11:22:29 | Epoch 341/400 | Train Loss 2.3099 Acc 0.1028 | Val Loss 2.3007 Acc 0.1129 AUC 0.5000 Pre 0.0113 Rec 0.1000
2026-08-30 11:22:30 | Diag logvar_q_mean=-0.0000 logvar_q_clamp=0.0000
2026-08-30 11:22:34 | Epoch 342/400 | Train Loss 2.3101 Acc 0.1049 | Val Loss 2.3007 Acc 0.1129 AUC 0.5000 Pre 0.0113 Rec 0.1000
2026-08-30 11:22:34 | Diag logvar_q_mean=-0.0000 logvar_q_clamp=0.0000
2026-08-30 11:22:38 | Epoch 343/400 | Train Loss 2.3096 Acc 0.1043 | Val Loss 2.3008 Acc 0.1129 AUC 0.5000 Pre 0.0113 Rec 0.1000
2026-08-30 11:22:39 | Diag logvar_q_mean=-0.0000 logvar_q_clamp=0.0000
2026-08-30 11:22:43 | Epoch 344/400 | Train Loss 2.3098 Acc 0.1030 | Val Loss 2.3008 Acc 0.1129 AUC 0.5000 Pre 0.0113 Rec 0.1000
2026-08-30 11:22:43 | Diag logvar_q_mean=-0.0000 logvar_q_clamp=0.0000
2026-08-30 11:22:47 | Epoch 345/400 | Train Loss 2.3100 Acc 0.1038 | Val Loss 2.3008 Acc 0.1129 AUC 0.5000 Pre 0.0113 Rec 0.1000
2026-08-30 11:22:48 | Diag logvar_q_mean=-0.0000 logvar_q_clamp=0.0000
2026-08-30 11:22:52 | Epoch 346/400 | Train Loss 2.3093 Acc 0.1049 | Val Loss 2.3008 Acc 0.1129 AUC 0.5000 Pre 0.0113 Rec 0.1000
2026-08-30 11:22:52 | Diag logvar_q_mean=-0.0000 logvar_q_clamp=0.0000
2026-08-30 11:22:56 | Epoch 347/400 | Train Loss 2.3101 Acc 0.1031 | Val Loss 2.3008 Acc 0.1129 AUC 0.5000 Pre 0.0113 Rec 0.1000
2026-08-30 11:22:57 | Diag logvar_q_mean=-0.0000 logvar_q_clamp=0.0000
2026-08-30 11:23:01 | Epoch 348/400 | Train Loss 2.3098 Acc 0.1052 | Val Loss 2.3008 Acc 0.1129 AUC 0.5000 Pre 0.0113 Rec 0.1000
2026-08-30 11:23:01 | Diag logvar_q_mean=-0.0000 logvar_q_clamp=0.0000
2026-08-30 11:23:05 | Epoch 349/400 | Train Loss 2.3098 Acc 0.1021 | Val Loss 2.3008 Acc 0.1129 AUC 0.5000 Pre 0.0113 Rec 0.1000
2026-08-30 11:23:06 | Diag logvar_q_mean=-0.0000 logvar_q_clamp=0.0000
2026-08-30 11:23:10 | Epoch 350/400 | Train Loss 2.3106 Acc 0.1037 | Val Loss 2.3008 Acc 0.1129 AUC 0.5000 Pre 0.0113 Rec 0.1000
2026-08-30 11:23:10 | Diag logvar_q_mean=-0.0000 logvar_q_clamp=0.0000
2026-08-30 11:23:14 | Epoch 351/400 | Train Loss 2.3094 Acc 0.1041 | Val Loss 2.3007 Acc 0.1129 AUC 0.5000 Pre 0.0113 Rec 0.1000
2026-08-30 11:23:15 | Diag logvar_q_mean=-0.0000 logvar_q_clamp=0.0000
2026-08-30 11:23:19 | Epoch 352/400 | Train Loss 2.3098 Acc 0.1049 | Val Loss 2.3007 Acc 0.1129 AUC 0.5000 Pre 0.0113 Rec 0.1000
2026-08-30 11:23:19 | Diag logvar_q_mean=0.0000 logvar_q_clamp=0.0000
2026-08-30 11:23:23 | Epoch 353/400 | Train Loss 2.3091 Acc 0.1031 | Val Loss 2.3008 Acc 0.1129 AUC 0.5000 Pre 0.0113 Rec 0.1000
2026-08-30 11:23:24 | Diag logvar_q_mean=-0.0000 logvar_q_clamp=0.0000
2026-08-30 11:23:28 | Epoch 354/400 | Train Loss 2.3108 Acc 0.1028 | Val Loss 2.3008 Acc 0.1129 AUC 0.5000 Pre 0.0113 Rec 0.1000
2026-08-30 11:23:28 | Diag logvar_q_mean=-0.0000 logvar_q_clamp=0.0000
2026-08-30 11:23:32 | Epoch 355/400 | Train Loss 2.3103 Acc 0.1050 | Val Loss 2.3008 Acc 0.1129 AUC 0.5000 Pre 0.0113 Rec 0.1000
2026-08-30 11:23:33 | Diag logvar_q_mean=-0.0000 logvar_q_clamp=0.0000
2026-08-30 11:23:37 | Epoch 356/400 | Train Loss 2.3100 Acc 0.1029 | Val Loss 2.3008 Acc 0.1129 AUC 0.5000 Pre 0.0113 Rec 0.1000
2026-08-30 11:23:37 | Diag logvar_q_mean=-0.0000 logvar_q_clamp=0.0000
2026-08-30 11:23:41 | Epoch 357/400 | Train Loss 2.3096 Acc 0.1052 | Val Loss 2.3008 Acc 0.1129 AUC 0.5000 Pre 0.0113 Rec 0.1000
2026-08-30 11:23:42 | Diag logvar_q_mean=0.0000 logvar_q_clamp=0.0000
2026-08-30 11:23:46 | Epoch 358/400 | Train Loss 2.3102 Acc 0.1024 | Val Loss 2.3008 Acc 0.1129 AUC 0.5000 Pre 0.0113 Rec 0.1000
2026-08-30 11:23:46 | Diag logvar_q_mean=-0.0000 logvar_q_clamp=0.0000
2026-08-30 11:23:50 | Epoch 359/400 | Train Loss 2.3097 Acc 0.1053 | Val Loss 2.3008 Acc 0.1129 AUC 0.5000 Pre 0.0113 Rec 0.1000
2026-08-30 11:23:51 | Diag logvar_q_mean=-0.0000 logvar_q_clamp=0.0000
2026-08-30 11:23:55 | Epoch 360/400 | Train Loss 2.3101 Acc 0.1059 | Val Loss 2.3008 Acc 0.1129 AUC 0.5000 Pre 0.0113 Rec 0.1000
2026-08-30 11:23:55 | Diag logvar_q_mean=-0.0000 logvar_q_clamp=0.0000
2026-08-30 11:23:59 | Epoch 361/400 | Train Loss 2.3101 Acc 0.1032 | Val Loss 2.3008 Acc 0.1129 AUC 0.5000 Pre 0.0113 Rec 0.1000
2026-08-30 11:24:00 | Diag logvar_q_mean=-0.0000 logvar_q_clamp=0.0000
2026-08-30 11:24:03 | Epoch 362/400 | Train Loss 2.3096 Acc 0.1040 | Val Loss 2.3008 Acc 0.1129 AUC 0.5000 Pre 0.0113 Rec 0.1000
2026-08-30 11:24:04 | Diag logvar_q_mean=-0.0000 logvar_q_clamp=0.0000
2026-08-30 11:24:08 | Epoch 363/400 | Train Loss 2.3106 Acc 0.1051 | Val Loss 2.3008 Acc 0.1129 AUC 0.5000 Pre 0.0113 Rec 0.1000
2026-08-30 11:24:09 | Diag logvar_q_mean=-0.0000 logvar_q_clamp=0.0000
2026-08-30 11:24:12 | Epoch 364/400 | Train Loss 2.3092 Acc 0.1050 | Val Loss 2.3008 Acc 0.1129 AUC 0.5000 Pre 0.0113 Rec 0.1000
2026-08-30 11:24:13 | Diag logvar_q_mean=0.0000 logvar_q_clamp=0.0000
2026-08-30 11:24:17 | Epoch 365/400 | Train Loss 2.3102 Acc 0.1043 | Val Loss 2.3008 Acc 0.1129 AUC 0.5000 Pre 0.0113 Rec 0.1000
2026-08-30 11:24:17 | Diag logvar_q_mean=-0.0000 logvar_q_clamp=0.0000
2026-08-30 11:24:21 | Epoch 366/400 | Train Loss 2.3088 Acc 0.1046 | Val Loss 2.3008 Acc 0.1129 AUC 0.5000 Pre 0.0113 Rec 0.1000
2026-08-30 11:24:22 | Diag logvar_q_mean=-0.0000 logvar_q_clamp=0.0000
2026-08-30 11:24:26 | Epoch 367/400 | Train Loss 2.3099 Acc 0.1029 | Val Loss 2.3008 Acc 0.1129 AUC 0.5000 Pre 0.0113 Rec 0.1000
2026-08-30 11:24:26 | Diag logvar_q_mean=-0.0000 logvar_q_clamp=0.0000
2026-08-30 11:24:30 | Epoch 368/400 | Train Loss 2.3100 Acc 0.1036 | Val Loss 2.3008 Acc 0.1129 AUC 0.5000 Pre 0.0113 Rec 0.1000
2026-08-30 11:24:31 | Diag logvar_q_mean=-0.0000 logvar_q_clamp=0.0000
2026-08-30 11:24:35 | Epoch 369/400 | Train Loss 2.3098 Acc 0.1052 | Val Loss 2.3008 Acc 0.1129 AUC 0.5000 Pre 0.0113 Rec 0.1000
2026-08-30 11:24:35 | Diag logvar_q_mean=-0.0000 logvar_q_clamp=0.0000
2026-08-30 11:24:39 | Epoch 370/400 | Train Loss 2.3102 Acc 0.1035 | Val Loss 2.3008 Acc 0.1129 AUC 0.5000 Pre 0.0113 Rec 0.1000
2026-08-30 11:24:40 | Diag logvar_q_mean=-0.0000 logvar_q_clamp=0.0000
2026-08-30 11:24:44 | Epoch 371/400 | Train Loss 2.3091 Acc 0.1043 | Val Loss 2.3008 Acc 0.1129 AUC 0.5000 Pre 0.0113 Rec 0.1000
2026-08-30 11:24:44 | Diag logvar_q_mean=-0.0000 logvar_q_clamp=0.0000
2026-08-30 11:24:48 | Epoch 372/400 | Train Loss 2.3101 Acc 0.1020 | Val Loss 2.3008 Acc 0.1129 AUC 0.5000 Pre 0.0113 Rec 0.1000
2026-08-30 11:24:49 | Diag logvar_q_mean=-0.0000 logvar_q_clamp=0.0000
2026-08-30 11:24:53 | Epoch 373/400 | Train Loss 2.3097 Acc 0.1032 | Val Loss 2.3008 Acc 0.1129 AUC 0.5000 Pre 0.0113 Rec 0.1000
2026-08-30 11:24:53 | Diag logvar_q_mean=-0.0000 logvar_q_clamp=0.0000
2026-08-30 11:24:57 | Epoch 374/400 | Train Loss 2.3103 Acc 0.1037 | Val Loss 2.3008 Acc 0.1129 AUC 0.5000 Pre 0.0113 Rec 0.1000
2026-08-30 11:24:58 | Diag logvar_q_mean=-0.0000 logvar_q_clamp=0.0000
2026-08-30 11:25:01 | Epoch 375/400 | Train Loss 2.3086 Acc 0.1066 | Val Loss 2.3008 Acc 0.1129 AUC 0.5000 Pre 0.0113 Rec 0.1000
2026-08-30 11:25:02 | Diag logvar_q_mean=-0.0000 logvar_q_clamp=0.0000
2026-08-30 11:25:06 | Epoch 376/400 | Train Loss 2.3107 Acc 0.1043 | Val Loss 2.3008 Acc 0.1129 AUC 0.5000 Pre 0.0113 Rec 0.1000
2026-08-30 11:25:06 | Diag logvar_q_mean=-0.0000 logvar_q_clamp=0.0000
2026-08-30 11:25:10 | Epoch 377/400 | Train Loss 2.3093 Acc 0.1039 | Val Loss 2.3008 Acc 0.1129 AUC 0.5000 Pre 0.0113 Rec 0.1000
2026-08-30 11:25:11 | Diag logvar_q_mean=-0.0000 logvar_q_clamp=0.0000
2026-08-30 11:25:15 | Epoch 378/400 | Train Loss 2.3096 Acc 0.1052 | Val Loss 2.3008 Acc 0.1129 AUC 0.5000 Pre 0.0113 Rec 0.1000
2026-08-30 11:25:16 | Diag logvar_q_mean=0.0000 logvar_q_clamp=0.0000
2026-08-30 11:25:20 | Epoch 379/400 | Train Loss 2.3104 Acc 0.1023 | Val Loss 2.3008 Acc 0.1129 AUC 0.5000 Pre 0.0113 Rec 0.1000
2026-08-30 11:25:20 | Diag logvar_q_mean=-0.0000 logvar_q_clamp=0.0000
2026-08-30 11:25:24 | Epoch 380/400 | Train Loss 2.3087 Acc 0.1068 | Val Loss 2.3007 Acc 0.1129 AUC 0.5000 Pre 0.0113 Rec 0.1000
2026-08-30 11:25:25 | Diag logvar_q_mean=-0.0000 logvar_q_clamp=0.0000
2026-08-30 11:25:29 | Epoch 381/400 | Train Loss 2.3104 Acc 0.1034 | Val Loss 2.3008 Acc 0.1129 AUC 0.5000 Pre 0.0113 Rec 0.1000
2026-08-30 11:25:29 | Diag logvar_q_mean=-0.0000 logvar_q_clamp=0.0000
2026-08-30 11:25:33 | Epoch 382/400 | Train Loss 2.3095 Acc 0.1030 | Val Loss 2.3008 Acc 0.1129 AUC 0.5000 Pre 0.0113 Rec 0.1000
2026-08-30 11:25:34 | Diag logvar_q_mean=-0.0000 logvar_q_clamp=0.0000
2026-08-30 11:25:38 | Epoch 383/400 | Train Loss 2.3098 Acc 0.1027 | Val Loss 2.3008 Acc 0.1129 AUC 0.5000 Pre 0.0113 Rec 0.1000
2026-08-30 11:25:38 | Diag logvar_q_mean=-0.0000 logvar_q_clamp=0.0000
2026-08-30 11:25:42 | Epoch 384/400 | Train Loss 2.3093 Acc 0.1037 | Val Loss 2.3007 Acc 0.1129 AUC 0.5000 Pre 0.0113 Rec 0.1000
2026-08-30 11:25:43 | Diag logvar_q_mean=0.0000 logvar_q_clamp=0.0000
2026-08-30 11:25:47 | Epoch 385/400 | Train Loss 2.3105 Acc 0.1037 | Val Loss 2.3008 Acc 0.1129 AUC 0.5000 Pre 0.0113 Rec 0.1000
2026-08-30 11:25:47 | Diag logvar_q_mean=-0.0000 logvar_q_clamp=0.0000
2026-08-30 11:25:51 | Epoch 386/400 | Train Loss 2.3099 Acc 0.1029 | Val Loss 2.3008 Acc 0.1129 AUC 0.5000 Pre 0.0113 Rec 0.1000
2026-08-30 11:25:52 | Diag logvar_q_mean=-0.0000 logvar_q_clamp=0.0000
2026-08-30 11:25:56 | Epoch 387/400 | Train Loss 2.3100 Acc 0.1037 | Val Loss 2.3008 Acc 0.1129 AUC 0.5000 Pre 0.0113 Rec 0.1000
2026-08-30 11:25:57 | Diag logvar_q_mean=-0.0000 logvar_q_clamp=0.0000
2026-08-30 11:26:01 | Epoch 388/400 | Train Loss 2.3101 Acc 0.1018 | Val Loss 2.3008 Acc 0.1129 AUC 0.5000 Pre 0.0113 Rec 0.1000
2026-08-30 11:26:01 | Diag logvar_q_mean=-0.0000 logvar_q_clamp=0.0000
2026-08-30 11:26:05 | Epoch 389/400 | Train Loss 2.3094 Acc 0.1044 | Val Loss 2.3008 Acc 0.1129 AUC 0.5000 Pre 0.0113 Rec 0.1000
2026-08-30 11:26:06 | Diag logvar_q_mean=0.0000 logvar_q_clamp=0.0000
2026-08-30 11:26:10 | Epoch 390/400 | Train Loss 2.3103 Acc 0.1025 | Val Loss 2.3008 Acc 0.1129 AUC 0.5000 Pre 0.0113 Rec 0.1000
2026-08-30 11:26:10 | Diag logvar_q_mean=-0.0000 logvar_q_clamp=0.0000
2026-08-30 11:26:14 | Epoch 391/400 | Train Loss 2.3099 Acc 0.1041 | Val Loss 2.3008 Acc 0.1129 AUC 0.5000 Pre 0.0113 Rec 0.1000
2026-08-30 11:26:15 | Diag logvar_q_mean=0.0000 logvar_q_clamp=0.0000
2026-08-30 11:26:19 | Epoch 392/400 | Train Loss 2.3094 Acc 0.1035 | Val Loss 2.3007 Acc 0.1129 AUC 0.5000 Pre 0.0113 Rec 0.1000
2026-08-30 11:26:19 | Diag logvar_q_mean=-0.0000 logvar_q_clamp=0.0000
2026-08-30 11:26:23 | Epoch 393/400 | Train Loss 2.3099 Acc 0.1037 | Val Loss 2.3008 Acc 0.1129 AUC 0.5000 Pre 0.0113 Rec 0.1000
2026-08-30 11:26:24 | Diag logvar_q_mean=-0.0000 logvar_q_clamp=0.0000
2026-08-30 11:26:28 | Epoch 394/400 | Train Loss 2.3098 Acc 0.1046 | Val Loss 2.3008 Acc 0.1129 AUC 0.5000 Pre 0.0113 Rec 0.1000
2026-08-30 11:26:28 | Diag logvar_q_mean=-0.0000 logvar_q_clamp=0.0000
2026-08-30 11:26:32 | Epoch 395/400 | Train Loss 2.3095 Acc 0.1039 | Val Loss 2.3008 Acc 0.1129 AUC 0.5000 Pre 0.0113 Rec 0.1000
2026-08-30 11:26:33 | Diag logvar_q_mean=-0.0000 logvar_q_clamp=0.0000
2026-08-30 11:26:37 | Epoch 396/400 | Train Loss 2.3103 Acc 0.1039 | Val Loss 2.3008 Acc 0.1129 AUC 0.5000 Pre 0.0113 Rec 0.1000
2026-08-30 11:26:38 | Diag logvar_q_mean=-0.0000 logvar_q_clamp=0.0000
2026-08-30 11:26:41 | Epoch 397/400 | Train Loss 2.3095 Acc 0.1039 | Val Loss 2.3008 Acc 0.1129 AUC 0.5000 Pre 0.0113 Rec 0.1000
2026-08-30 11:26:42 | Diag logvar_q_mean=-0.0000 logvar_q_clamp=0.0000
2026-08-30 11:26:46 | Epoch 398/400 | Train Loss 2.3096 Acc 0.1039 | Val Loss 2.3007 Acc 0.1129 AUC 0.5000 Pre 0.0113 Rec 0.1000
2026-08-30 11:26:47 | Diag logvar_q_mean=0.0000 logvar_q_clamp=0.0000
2026-08-30 11:26:51 | Epoch 399/400 | Train Loss 2.3097 Acc 0.1034 | Val Loss 2.3008 Acc 0.1129 AUC 0.5000 Pre 0.0113 Rec 0.1000
2026-08-30 11:26:51 | Diag logvar_q_mean=-0.0000 logvar_q_clamp=0.0000
2026-08-30 11:26:55 | Epoch 400/400 | Train Loss 2.3100 Acc 0.1017 | Val Loss 2.3008 Acc 0.1129 AUC 0.5000 Pre 0.0113 Rec 0.1000
2026-08-30 11:26:56 | Diag logvar_q_mean=-0.0000 logvar_q_clamp=0.0000
2026-08-30 11:26:56 | Run 4/5 | Test (best model @ Epoch 6) | Loss 2.3010 Acc 0.1135 AUC 0.6315 Pre 0.0114 Rec 0.1000
2026-08-30 11:26:56 | ===== Run 5/5 (seed 4) =====
2026-08-30 11:27:00 | Epoch   1/400 | Train Loss 2.9107 Acc 0.1009 | Val Loss 2.3038 Acc 0.1129 AUC 0.5401 Pre 0.0113 Rec 0.1000
2026-08-30 11:27:01 | Diag logvar_q_mean=-0.0000 logvar_q_clamp=0.0000
2026-08-30 11:27:01 |   Val AUC improved to 0.5401, model saved
2026-08-30 11:27:05 | Epoch   2/400 | Train Loss 2.3364 Acc 0.1009 | Val Loss 2.3012 Acc 0.1129 AUC 0.5632 Pre 0.0113 Rec 0.1000
2026-08-30 11:27:05 | Diag logvar_q_mean=-0.0000 logvar_q_clamp=0.0000
2026-08-30 11:27:05 |   Val AUC improved to 0.5632, model saved
2026-08-30 11:27:09 | Epoch   3/400 | Train Loss 2.3162 Acc 0.1034 | Val Loss 2.3012 Acc 0.1129 AUC 0.5614 Pre 0.0113 Rec 0.1000
2026-08-30 11:27:10 | Diag logvar_q_mean=-0.0000 logvar_q_clamp=0.0000
2026-08-30 11:27:14 | Epoch   4/400 | Train Loss 2.3124 Acc 0.1031 | Val Loss 2.3009 Acc 0.1129 AUC 0.5701 Pre 0.0113 Rec 0.1000
2026-08-30 11:27:14 | Diag logvar_q_mean=-0.0000 logvar_q_clamp=0.0000
2026-08-30 11:27:14 |   Val AUC improved to 0.5701, model saved
2026-08-30 11:27:18 | Epoch   5/400 | Train Loss 2.3106 Acc 0.1036 | Val Loss 2.3008 Acc 0.1129 AUC 0.5817 Pre 0.0113 Rec 0.1000
2026-08-30 11:27:19 | Diag logvar_q_mean=-0.0000 logvar_q_clamp=0.0000
2026-08-30 11:27:19 |   Val AUC improved to 0.5817, model saved
2026-08-30 11:27:23 | Epoch   6/400 | Train Loss 2.3099 Acc 0.1008 | Val Loss 2.3008 Acc 0.1129 AUC 0.5678 Pre 0.0113 Rec 0.1000
2026-08-30 11:27:24 | Diag logvar_q_mean=-0.0000 logvar_q_clamp=0.0000
2026-08-30 11:27:28 | Epoch   7/400 | Train Loss 2.3109 Acc 0.1022 | Val Loss 2.3007 Acc 0.1129 AUC 0.4996 Pre 0.0113 Rec 0.1000
2026-08-30 11:27:28 | Diag logvar_q_mean=-0.0000 logvar_q_clamp=0.0000
2026-08-30 11:27:33 | Epoch   8/400 | Train Loss 2.3094 Acc 0.1052 | Val Loss 2.3008 Acc 0.1129 AUC 0.5001 Pre 0.0113 Rec 0.1000
2026-08-30 11:27:33 | Diag logvar_q_mean=-0.0000 logvar_q_clamp=0.0000
2026-08-30 11:27:37 | Epoch   9/400 | Train Loss 2.3098 Acc 0.1017 | Val Loss 2.3007 Acc 0.1129 AUC 0.4999 Pre 0.0113 Rec 0.1000
2026-08-30 11:27:38 | Diag logvar_q_mean=-0.0000 logvar_q_clamp=0.0000
2026-08-30 11:27:42 | Epoch  10/400 | Train Loss 2.3094 Acc 0.1027 | Val Loss 2.3008 Acc 0.1129 AUC 0.5000 Pre 0.0113 Rec 0.1000
2026-08-30 11:27:42 | Diag logvar_q_mean=-0.0000 logvar_q_clamp=0.0000
2026-08-30 11:27:46 | Epoch  11/400 | Train Loss 2.3096 Acc 0.1031 | Val Loss 2.3007 Acc 0.1129 AUC 0.4999 Pre 0.0113 Rec 0.1000
2026-08-30 11:27:47 | Diag logvar_q_mean=-0.0000 logvar_q_clamp=0.0000
2026-08-30 11:27:51 | Epoch  12/400 | Train Loss 2.3099 Acc 0.1033 | Val Loss 2.3008 Acc 0.1129 AUC 0.4999 Pre 0.0113 Rec 0.1000
2026-08-30 11:27:51 | Diag logvar_q_mean=-0.0000 logvar_q_clamp=0.0000
2026-08-30 11:27:55 | Epoch  13/400 | Train Loss 2.3097 Acc 0.1027 | Val Loss 2.3008 Acc 0.1129 AUC 0.4999 Pre 0.0113 Rec 0.1000
2026-08-30 11:27:56 | Diag logvar_q_mean=-0.0000 logvar_q_clamp=0.0000
2026-08-30 11:28:00 | Epoch  14/400 | Train Loss 2.3103 Acc 0.1033 | Val Loss 2.3008 Acc 0.1129 AUC 0.5001 Pre 0.0113 Rec 0.1000
2026-08-30 11:28:00 | Diag logvar_q_mean=-0.0000 logvar_q_clamp=0.0000
2026-08-30 11:28:04 | Epoch  15/400 | Train Loss 2.3095 Acc 0.1038 | Val Loss 2.3007 Acc 0.1129 AUC 0.5001 Pre 0.0113 Rec 0.1000
2026-08-30 11:28:05 | Diag logvar_q_mean=-0.0000 logvar_q_clamp=0.0000
2026-08-30 11:28:09 | Epoch  16/400 | Train Loss 2.3100 Acc 0.1035 | Val Loss 2.3008 Acc 0.1129 AUC 0.5000 Pre 0.0113 Rec 0.1000
2026-08-30 11:28:09 | Diag logvar_q_mean=-0.0000 logvar_q_clamp=0.0000
2026-08-30 11:28:13 | Epoch  17/400 | Train Loss 2.3103 Acc 0.1046 | Val Loss 2.3008 Acc 0.1129 AUC 0.5000 Pre 0.0113 Rec 0.1000
2026-08-30 11:28:14 | Diag logvar_q_mean=-0.0000 logvar_q_clamp=0.0000
2026-08-30 11:28:18 | Epoch  18/400 | Train Loss 2.3097 Acc 0.1040 | Val Loss 2.3007 Acc 0.1129 AUC 0.5000 Pre 0.0113 Rec 0.1000
2026-08-30 11:28:18 | Diag logvar_q_mean=-0.0000 logvar_q_clamp=0.0000
2026-08-30 11:28:22 | Epoch  19/400 | Train Loss 2.3099 Acc 0.1040 | Val Loss 2.3008 Acc 0.1129 AUC 0.5000 Pre 0.0113 Rec 0.1000
2026-08-30 11:28:23 | Diag logvar_q_mean=-0.0000 logvar_q_clamp=0.0000
2026-08-30 11:28:27 | Epoch  20/400 | Train Loss 2.3105 Acc 0.1029 | Val Loss 2.3007 Acc 0.1129 AUC 0.5000 Pre 0.0113 Rec 0.1000
2026-08-30 11:28:27 | Diag logvar_q_mean=-0.0000 logvar_q_clamp=0.0000
2026-08-30 11:28:31 | Epoch  21/400 | Train Loss 2.3094 Acc 0.1027 | Val Loss 2.3008 Acc 0.1129 AUC 0.5001 Pre 0.0113 Rec 0.1000
2026-08-30 11:28:32 | Diag logvar_q_mean=-0.0000 logvar_q_clamp=0.0000
2026-08-30 11:28:36 | Epoch  22/400 | Train Loss 2.3095 Acc 0.1039 | Val Loss 2.3007 Acc 0.1129 AUC 0.5000 Pre 0.0113 Rec 0.1000
2026-08-30 11:28:36 | Diag logvar_q_mean=-0.0000 logvar_q_clamp=0.0000
2026-08-30 11:28:40 | Epoch  23/400 | Train Loss 2.3101 Acc 0.1018 | Val Loss 2.3008 Acc 0.1129 AUC 0.5000 Pre 0.0113 Rec 0.1000
2026-08-30 11:28:41 | Diag logvar_q_mean=-0.0000 logvar_q_clamp=0.0000
2026-08-30 11:28:45 | Epoch  24/400 | Train Loss 2.3102 Acc 0.1007 | Val Loss 2.3007 Acc 0.1129 AUC 0.5000 Pre 0.0113 Rec 0.1000
2026-08-30 11:28:45 | Diag logvar_q_mean=-0.0000 logvar_q_clamp=0.0000
2026-08-30 11:28:49 | Epoch  25/400 | Train Loss 2.3095 Acc 0.1024 | Val Loss 2.3007 Acc 0.1129 AUC 0.5000 Pre 0.0113 Rec 0.1000
2026-08-30 11:28:50 | Diag logvar_q_mean=-0.0000 logvar_q_clamp=0.0000
2026-08-30 11:28:54 | Epoch  26/400 | Train Loss 2.3098 Acc 0.1046 | Val Loss 2.3007 Acc 0.1129 AUC 0.5000 Pre 0.0113 Rec 0.1000
2026-08-30 11:28:54 | Diag logvar_q_mean=-0.0000 logvar_q_clamp=0.0000
2026-08-30 11:28:58 | Epoch  27/400 | Train Loss 2.3096 Acc 0.1042 | Val Loss 2.3008 Acc 0.1129 AUC 0.5000 Pre 0.0113 Rec 0.1000
2026-08-30 11:28:59 | Diag logvar_q_mean=0.0000 logvar_q_clamp=0.0000
2026-08-30 11:29:03 | Epoch  28/400 | Train Loss 2.3098 Acc 0.1028 | Val Loss 2.3007 Acc 0.1129 AUC 0.5000 Pre 0.0113 Rec 0.1000
2026-08-30 11:29:04 | Diag logvar_q_mean=-0.0000 logvar_q_clamp=0.0000
2026-08-30 11:29:08 | Epoch  29/400 | Train Loss 2.3099 Acc 0.1042 | Val Loss 2.3008 Acc 0.1129 AUC 0.5000 Pre 0.0113 Rec 0.1000
2026-08-30 11:29:08 | Diag logvar_q_mean=-0.0000 logvar_q_clamp=0.0000
2026-08-30 11:29:12 | Epoch  30/400 | Train Loss 2.3096 Acc 0.1042 | Val Loss 2.3008 Acc 0.1129 AUC 0.5000 Pre 0.0113 Rec 0.1000
2026-08-30 11:29:13 | Diag logvar_q_mean=-0.0000 logvar_q_clamp=0.0000
2026-08-30 11:29:17 | Epoch  31/400 | Train Loss 2.3099 Acc 0.1053 | Val Loss 2.3008 Acc 0.1129 AUC 0.5000 Pre 0.0113 Rec 0.1000
2026-08-30 11:29:17 | Diag logvar_q_mean=-0.0000 logvar_q_clamp=0.0000
2026-08-30 11:29:22 | Epoch  32/400 | Train Loss 2.3107 Acc 0.1025 | Val Loss 2.3007 Acc 0.1129 AUC 0.5000 Pre 0.0113 Rec 0.1000
2026-08-30 11:29:22 | Diag logvar_q_mean=-0.0000 logvar_q_clamp=0.0000
2026-08-30 11:29:26 | Epoch  33/400 | Train Loss 2.3101 Acc 0.1026 | Val Loss 2.3007 Acc 0.1129 AUC 0.5000 Pre 0.0113 Rec 0.1000
2026-08-30 11:29:27 | Diag logvar_q_mean=-0.0000 logvar_q_clamp=0.0000
2026-08-30 11:29:30 | Epoch  34/400 | Train Loss 2.3100 Acc 0.1020 | Val Loss 2.3008 Acc 0.1129 AUC 0.5000 Pre 0.0113 Rec 0.1000
2026-08-30 11:29:31 | Diag logvar_q_mean=-0.0000 logvar_q_clamp=0.0000
2026-08-30 11:29:35 | Epoch  35/400 | Train Loss 2.3106 Acc 0.1034 | Val Loss 2.3007 Acc 0.1129 AUC 0.5000 Pre 0.0113 Rec 0.1000
2026-08-30 11:29:36 | Diag logvar_q_mean=-0.0000 logvar_q_clamp=0.0000
2026-08-30 11:29:39 | Epoch  36/400 | Train Loss 2.3090 Acc 0.1025 | Val Loss 2.3008 Acc 0.1129 AUC 0.5000 Pre 0.0113 Rec 0.1000
2026-08-30 11:29:40 | Diag logvar_q_mean=-0.0000 logvar_q_clamp=0.0000
2026-08-30 11:29:44 | Epoch  37/400 | Train Loss 2.3104 Acc 0.1018 | Val Loss 2.3007 Acc 0.1129 AUC 0.5000 Pre 0.0113 Rec 0.1000
2026-08-30 11:29:45 | Diag logvar_q_mean=0.0000 logvar_q_clamp=0.0000
2026-08-30 11:29:48 | Epoch  38/400 | Train Loss 2.3102 Acc 0.1039 | Val Loss 2.3008 Acc 0.1129 AUC 0.5000 Pre 0.0113 Rec 0.1000
2026-08-30 11:29:49 | Diag logvar_q_mean=-0.0000 logvar_q_clamp=0.0000
2026-08-30 11:29:53 | Epoch  39/400 | Train Loss 2.3095 Acc 0.1051 | Val Loss 2.3008 Acc 0.1129 AUC 0.5000 Pre 0.0113 Rec 0.1000
2026-08-30 11:29:53 | Diag logvar_q_mean=-0.0000 logvar_q_clamp=0.0000
2026-08-30 11:29:57 | Epoch  40/400 | Train Loss 2.3100 Acc 0.1028 | Val Loss 2.3008 Acc 0.1129 AUC 0.5000 Pre 0.0113 Rec 0.1000
2026-08-30 11:29:58 | Diag logvar_q_mean=-0.0000 logvar_q_clamp=0.0000
2026-08-30 11:30:02 | Epoch  41/400 | Train Loss 2.3101 Acc 0.1050 | Val Loss 2.3008 Acc 0.1129 AUC 0.5000 Pre 0.0113 Rec 0.1000
2026-08-30 11:30:02 | Diag logvar_q_mean=-0.0000 logvar_q_clamp=0.0000
2026-08-30 11:30:06 | Epoch  42/400 | Train Loss 2.3098 Acc 0.1048 | Val Loss 2.3008 Acc 0.1129 AUC 0.5000 Pre 0.0113 Rec 0.1000
2026-08-30 11:30:07 | Diag logvar_q_mean=-0.0000 logvar_q_clamp=0.0000
2026-08-30 11:30:11 | Epoch  43/400 | Train Loss 2.3098 Acc 0.1037 | Val Loss 2.3008 Acc 0.1129 AUC 0.5000 Pre 0.0113 Rec 0.1000
2026-08-30 11:30:11 | Diag logvar_q_mean=-0.0000 logvar_q_clamp=0.0000
2026-08-30 11:30:15 | Epoch  44/400 | Train Loss 2.3098 Acc 0.1045 | Val Loss 2.3008 Acc 0.1129 AUC 0.5000 Pre 0.0113 Rec 0.1000
2026-08-30 11:30:16 | Diag logvar_q_mean=-0.0000 logvar_q_clamp=0.0000
2026-08-30 11:30:20 | Epoch  45/400 | Train Loss 2.3099 Acc 0.1029 | Val Loss 2.3008 Acc 0.1129 AUC 0.5000 Pre 0.0113 Rec 0.1000
2026-08-30 11:30:20 | Diag logvar_q_mean=-0.0000 logvar_q_clamp=0.0000
2026-08-30 11:30:24 | Epoch  46/400 | Train Loss 2.3090 Acc 0.1041 | Val Loss 2.3008 Acc 0.1129 AUC 0.5000 Pre 0.0113 Rec 0.1000
2026-08-30 11:30:25 | Diag logvar_q_mean=0.0000 logvar_q_clamp=0.0000
2026-08-30 11:30:29 | Epoch  47/400 | Train Loss 2.3096 Acc 0.1042 | Val Loss 2.3008 Acc 0.1129 AUC 0.5000 Pre 0.0113 Rec 0.1000
2026-08-30 11:30:29 | Diag logvar_q_mean=-0.0000 logvar_q_clamp=0.0000
2026-08-30 11:30:33 | Epoch  48/400 | Train Loss 2.3101 Acc 0.1021 | Val Loss 2.3007 Acc 0.1129 AUC 0.5000 Pre 0.0113 Rec 0.1000
2026-08-30 11:30:34 | Diag logvar_q_mean=-0.0000 logvar_q_clamp=0.0000
2026-08-30 11:30:38 | Epoch  49/400 | Train Loss 2.3097 Acc 0.1036 | Val Loss 2.3008 Acc 0.1129 AUC 0.5000 Pre 0.0113 Rec 0.1000
2026-08-30 11:30:38 | Diag logvar_q_mean=-0.0000 logvar_q_clamp=0.0000
2026-08-30 11:30:42 | Epoch  50/400 | Train Loss 2.3092 Acc 0.1042 | Val Loss 2.3008 Acc 0.1129 AUC 0.5000 Pre 0.0113 Rec 0.1000
2026-08-30 11:30:43 | Diag logvar_q_mean=-0.0000 logvar_q_clamp=0.0000
2026-08-30 11:30:47 | Epoch  51/400 | Train Loss 2.3097 Acc 0.1047 | Val Loss 2.3008 Acc 0.1129 AUC 0.5000 Pre 0.0113 Rec 0.1000
2026-08-30 11:30:47 | Diag logvar_q_mean=-0.0000 logvar_q_clamp=0.0000
2026-08-30 11:30:51 | Epoch  52/400 | Train Loss 2.3096 Acc 0.1025 | Val Loss 2.3008 Acc 0.1129 AUC 0.5000 Pre 0.0113 Rec 0.1000
2026-08-30 11:30:52 | Diag logvar_q_mean=0.0000 logvar_q_clamp=0.0000
2026-08-30 11:30:56 | Epoch  53/400 | Train Loss 2.3103 Acc 0.1039 | Val Loss 2.3008 Acc 0.1129 AUC 0.5000 Pre 0.0113 Rec 0.1000
2026-08-30 11:30:56 | Diag logvar_q_mean=-0.0000 logvar_q_clamp=0.0000
2026-08-30 11:31:00 | Epoch  54/400 | Train Loss 2.3102 Acc 0.1031 | Val Loss 2.3008 Acc 0.1129 AUC 0.5000 Pre 0.0113 Rec 0.1000
2026-08-30 11:31:01 | Diag logvar_q_mean=0.0000 logvar_q_clamp=0.0000
2026-08-30 11:31:05 | Epoch  55/400 | Train Loss 2.3102 Acc 0.1033 | Val Loss 2.3008 Acc 0.1129 AUC 0.5000 Pre 0.0113 Rec 0.1000
2026-08-30 11:31:05 | Diag logvar_q_mean=-0.0000 logvar_q_clamp=0.0000
2026-08-30 11:31:09 | Epoch  56/400 | Train Loss 2.3094 Acc 0.1029 | Val Loss 2.3008 Acc 0.1129 AUC 0.5000 Pre 0.0113 Rec 0.1000
2026-08-30 11:31:10 | Diag logvar_q_mean=-0.0000 logvar_q_clamp=0.0000
2026-08-30 11:31:14 | Epoch  57/400 | Train Loss 2.3099 Acc 0.1035 | Val Loss 2.3008 Acc 0.1129 AUC 0.5000 Pre 0.0113 Rec 0.1000
2026-08-30 11:31:14 | Diag logvar_q_mean=0.0000 logvar_q_clamp=0.0000
2026-08-30 11:31:18 | Epoch  58/400 | Train Loss 2.3098 Acc 0.1022 | Val Loss 2.3008 Acc 0.1129 AUC 0.5000 Pre 0.0113 Rec 0.1000
2026-08-30 11:31:19 | Diag logvar_q_mean=-0.0000 logvar_q_clamp=0.0000
2026-08-30 11:31:23 | Epoch  59/400 | Train Loss 2.3099 Acc 0.1031 | Val Loss 2.3008 Acc 0.1129 AUC 0.5000 Pre 0.0113 Rec 0.1000
2026-08-30 11:31:24 | Diag logvar_q_mean=0.0000 logvar_q_clamp=0.0000
2026-08-30 11:31:27 | Epoch  60/400 | Train Loss 2.3104 Acc 0.1032 | Val Loss 2.3008 Acc 0.1129 AUC 0.5000 Pre 0.0113 Rec 0.1000
2026-08-30 11:31:28 | Diag logvar_q_mean=-0.0000 logvar_q_clamp=0.0000
2026-08-30 11:31:32 | Epoch  61/400 | Train Loss 2.3107 Acc 0.1019 | Val Loss 2.3008 Acc 0.1129 AUC 0.5000 Pre 0.0113 Rec 0.1000
2026-08-30 11:31:33 | Diag logvar_q_mean=-0.0000 logvar_q_clamp=0.0000
2026-08-30 11:31:37 | Epoch  62/400 | Train Loss 2.3090 Acc 0.1043 | Val Loss 2.3008 Acc 0.1129 AUC 0.5000 Pre 0.0113 Rec 0.1000
2026-08-30 11:31:37 | Diag logvar_q_mean=-0.0000 logvar_q_clamp=0.0000
2026-08-30 11:31:41 | Epoch  63/400 | Train Loss 2.3107 Acc 0.1008 | Val Loss 2.3007 Acc 0.1129 AUC 0.5000 Pre 0.0113 Rec 0.1000
2026-08-30 11:31:42 | Diag logvar_q_mean=-0.0000 logvar_q_clamp=0.0000
2026-08-30 11:31:46 | Epoch  64/400 | Train Loss 2.3105 Acc 0.1034 | Val Loss 2.3008 Acc 0.1129 AUC 0.5000 Pre 0.0113 Rec 0.1000
2026-08-30 11:31:46 | Diag logvar_q_mean=-0.0000 logvar_q_clamp=0.0000
2026-08-30 11:31:50 | Epoch  65/400 | Train Loss 2.3099 Acc 0.1026 | Val Loss 2.3008 Acc 0.1129 AUC 0.5000 Pre 0.0113 Rec 0.1000
2026-08-30 11:31:51 | Diag logvar_q_mean=0.0000 logvar_q_clamp=0.0000
2026-08-30 11:31:55 | Epoch  66/400 | Train Loss 2.3097 Acc 0.1033 | Val Loss 2.3008 Acc 0.1129 AUC 0.5000 Pre 0.0113 Rec 0.1000
2026-08-30 11:31:55 | Diag logvar_q_mean=-0.0000 logvar_q_clamp=0.0000
2026-08-30 11:31:59 | Epoch  67/400 | Train Loss 2.3100 Acc 0.1041 | Val Loss 2.3008 Acc 0.1129 AUC 0.5000 Pre 0.0113 Rec 0.1000
2026-08-30 11:32:00 | Diag logvar_q_mean=-0.0000 logvar_q_clamp=0.0000
2026-08-30 11:32:04 | Epoch  68/400 | Train Loss 2.3104 Acc 0.1022 | Val Loss 2.3008 Acc 0.1129 AUC 0.5000 Pre 0.0113 Rec 0.1000
2026-08-30 11:32:04 | Diag logvar_q_mean=-0.0000 logvar_q_clamp=0.0000
2026-08-30 11:32:08 | Epoch  69/400 | Train Loss 2.3094 Acc 0.1037 | Val Loss 2.3008 Acc 0.1129 AUC 0.5000 Pre 0.0113 Rec 0.1000
2026-08-30 11:32:09 | Diag logvar_q_mean=-0.0000 logvar_q_clamp=0.0000
2026-08-30 11:32:13 | Epoch  70/400 | Train Loss 2.3096 Acc 0.1037 | Val Loss 2.3008 Acc 0.1129 AUC 0.5000 Pre 0.0113 Rec 0.1000
2026-08-30 11:32:13 | Diag logvar_q_mean=-0.0000 logvar_q_clamp=0.0000
2026-08-30 11:32:17 | Epoch  71/400 | Train Loss 2.3081 Acc 0.1067 | Val Loss 2.3007 Acc 0.1129 AUC 0.5000 Pre 0.0113 Rec 0.1000
2026-08-30 11:32:18 | Diag logvar_q_mean=-0.0000 logvar_q_clamp=0.0000
2026-08-30 11:32:22 | Epoch  72/400 | Train Loss 2.3107 Acc 0.1039 | Val Loss 2.3008 Acc 0.1129 AUC 0.5000 Pre 0.0113 Rec 0.1000
2026-08-30 11:32:22 | Diag logvar_q_mean=-0.0000 logvar_q_clamp=0.0000
2026-08-30 11:32:26 | Epoch  73/400 | Train Loss 2.3096 Acc 0.1031 | Val Loss 2.3008 Acc 0.1129 AUC 0.5000 Pre 0.0113 Rec 0.1000
2026-08-30 11:32:27 | Diag logvar_q_mean=-0.0000 logvar_q_clamp=0.0000
2026-08-30 11:32:31 | Epoch  74/400 | Train Loss 2.3103 Acc 0.1040 | Val Loss 2.3008 Acc 0.1129 AUC 0.5000 Pre 0.0113 Rec 0.1000
2026-08-30 11:32:31 | Diag logvar_q_mean=-0.0000 logvar_q_clamp=0.0000
2026-08-30 11:32:35 | Epoch  75/400 | Train Loss 2.3101 Acc 0.1028 | Val Loss 2.3008 Acc 0.1129 AUC 0.5000 Pre 0.0113 Rec 0.1000
2026-08-30 11:32:36 | Diag logvar_q_mean=0.0000 logvar_q_clamp=0.0000
2026-08-30 11:32:40 | Epoch  76/400 | Train Loss 2.3101 Acc 0.1038 | Val Loss 2.3008 Acc 0.1129 AUC 0.5000 Pre 0.0113 Rec 0.1000
2026-08-30 11:32:40 | Diag logvar_q_mean=-0.0000 logvar_q_clamp=0.0000
2026-08-30 11:32:44 | Epoch  77/400 | Train Loss 2.3098 Acc 0.1044 | Val Loss 2.3007 Acc 0.1129 AUC 0.5000 Pre 0.0113 Rec 0.1000
2026-08-30 11:32:45 | Diag logvar_q_mean=-0.0000 logvar_q_clamp=0.0000
2026-08-30 11:32:49 | Epoch  78/400 | Train Loss 2.3099 Acc 0.1043 | Val Loss 2.3008 Acc 0.1129 AUC 0.5000 Pre 0.0113 Rec 0.1000
2026-08-30 11:32:49 | Diag logvar_q_mean=-0.0000 logvar_q_clamp=0.0000
2026-08-30 11:32:53 | Epoch  79/400 | Train Loss 2.3098 Acc 0.1027 | Val Loss 2.3008 Acc 0.1129 AUC 0.5000 Pre 0.0113 Rec 0.1000
2026-08-30 11:32:54 | Diag logvar_q_mean=-0.0000 logvar_q_clamp=0.0000
2026-08-30 11:32:58 | Epoch  80/400 | Train Loss 2.3101 Acc 0.1039 | Val Loss 2.3008 Acc 0.1129 AUC 0.5000 Pre 0.0113 Rec 0.1000
2026-08-30 11:32:59 | Diag logvar_q_mean=-0.0000 logvar_q_clamp=0.0000
2026-08-30 11:33:02 | Epoch  81/400 | Train Loss 2.3096 Acc 0.1036 | Val Loss 2.3008 Acc 0.1129 AUC 0.5000 Pre 0.0113 Rec 0.1000
2026-08-30 11:33:03 | Diag logvar_q_mean=-0.0000 logvar_q_clamp=0.0000
2026-08-30 11:33:07 | Epoch  82/400 | Train Loss 2.3104 Acc 0.1019 | Val Loss 2.3008 Acc 0.1129 AUC 0.5000 Pre 0.0113 Rec 0.1000
2026-08-30 11:33:08 | Diag logvar_q_mean=-0.0000 logvar_q_clamp=0.0000
2026-08-30 11:33:12 | Epoch  83/400 | Train Loss 2.3093 Acc 0.1035 | Val Loss 2.3008 Acc 0.1129 AUC 0.5000 Pre 0.0113 Rec 0.1000
2026-08-30 11:33:12 | Diag logvar_q_mean=-0.0000 logvar_q_clamp=0.0000
2026-08-30 11:33:16 | Epoch  84/400 | Train Loss 2.3098 Acc 0.1050 | Val Loss 2.3008 Acc 0.1129 AUC 0.5000 Pre 0.0113 Rec 0.1000
2026-08-30 11:33:17 | Diag logvar_q_mean=-0.0000 logvar_q_clamp=0.0000
2026-08-30 11:33:21 | Epoch  85/400 | Train Loss 2.3093 Acc 0.1044 | Val Loss 2.3008 Acc 0.1129 AUC 0.5000 Pre 0.0113 Rec 0.1000
2026-08-30 11:33:22 | Diag logvar_q_mean=-0.0000 logvar_q_clamp=0.0000
2026-08-30 11:33:25 | Epoch  86/400 | Train Loss 2.3100 Acc 0.1011 | Val Loss 2.3007 Acc 0.1129 AUC 0.5000 Pre 0.0113 Rec 0.1000
2026-08-30 11:33:26 | Diag logvar_q_mean=-0.0000 logvar_q_clamp=0.0000
2026-08-30 11:33:30 | Epoch  87/400 | Train Loss 2.3100 Acc 0.1032 | Val Loss 2.3008 Acc 0.1129 AUC 0.5000 Pre 0.0113 Rec 0.1000
2026-08-30 11:33:31 | Diag logvar_q_mean=0.0000 logvar_q_clamp=0.0000
2026-08-30 11:33:35 | Epoch  88/400 | Train Loss 2.3098 Acc 0.1028 | Val Loss 2.3007 Acc 0.1129 AUC 0.5000 Pre 0.0113 Rec 0.1000
2026-08-30 11:33:35 | Diag logvar_q_mean=-0.0000 logvar_q_clamp=0.0000
2026-08-30 11:33:39 | Epoch  89/400 | Train Loss 2.3093 Acc 0.1041 | Val Loss 2.3008 Acc 0.1129 AUC 0.5000 Pre 0.0113 Rec 0.1000
2026-08-30 11:33:40 | Diag logvar_q_mean=-0.0000 logvar_q_clamp=0.0000
2026-08-30 11:33:44 | Epoch  90/400 | Train Loss 2.3107 Acc 0.1030 | Val Loss 2.3008 Acc 0.1129 AUC 0.5000 Pre 0.0113 Rec 0.1000
2026-08-30 11:33:44 | Diag logvar_q_mean=-0.0000 logvar_q_clamp=0.0000
2026-08-30 11:33:48 | Epoch  91/400 | Train Loss 2.3095 Acc 0.1036 | Val Loss 2.3008 Acc 0.1129 AUC 0.5000 Pre 0.0113 Rec 0.1000
2026-08-30 11:33:49 | Diag logvar_q_mean=-0.0000 logvar_q_clamp=0.0000
2026-08-30 11:33:52 | Epoch  92/400 | Train Loss 2.3103 Acc 0.1042 | Val Loss 2.3008 Acc 0.1129 AUC 0.5000 Pre 0.0113 Rec 0.1000
2026-08-30 11:33:53 | Diag logvar_q_mean=-0.0000 logvar_q_clamp=0.0000
2026-08-30 11:33:57 | Epoch  93/400 | Train Loss 2.3082 Acc 0.1054 | Val Loss 2.3008 Acc 0.1129 AUC 0.5000 Pre 0.0113 Rec 0.1000
2026-08-30 11:33:58 | Diag logvar_q_mean=0.0000 logvar_q_clamp=0.0000
2026-08-30 11:34:01 | Epoch  94/400 | Train Loss 2.3100 Acc 0.1040 | Val Loss 2.3007 Acc 0.1129 AUC 0.5000 Pre 0.0113 Rec 0.1000
2026-08-30 11:34:02 | Diag logvar_q_mean=-0.0000 logvar_q_clamp=0.0000
2026-08-30 11:34:06 | Epoch  95/400 | Train Loss 2.3101 Acc 0.1009 | Val Loss 2.3008 Acc 0.1129 AUC 0.5000 Pre 0.0113 Rec 0.1000
2026-08-30 11:34:06 | Diag logvar_q_mean=-0.0000 logvar_q_clamp=0.0000
2026-08-30 11:34:10 | Epoch  96/400 | Train Loss 2.3102 Acc 0.1033 | Val Loss 2.3008 Acc 0.1129 AUC 0.5000 Pre 0.0113 Rec 0.1000
2026-08-30 11:34:11 | Diag logvar_q_mean=-0.0000 logvar_q_clamp=0.0000
2026-08-30 11:34:15 | Epoch  97/400 | Train Loss 2.3091 Acc 0.1043 | Val Loss 2.3008 Acc 0.1129 AUC 0.5000 Pre 0.0113 Rec 0.1000
2026-08-30 11:34:15 | Diag logvar_q_mean=-0.0000 logvar_q_clamp=0.0000
2026-08-30 11:34:19 | Epoch  98/400 | Train Loss 2.3091 Acc 0.1056 | Val Loss 2.3007 Acc 0.1129 AUC 0.5000 Pre 0.0113 Rec 0.1000
2026-08-30 11:34:20 | Diag logvar_q_mean=-0.0000 logvar_q_clamp=0.0000
2026-08-30 11:34:24 | Epoch  99/400 | Train Loss 2.3102 Acc 0.1034 | Val Loss 2.3007 Acc 0.1129 AUC 0.5000 Pre 0.0113 Rec 0.1000
2026-08-30 11:34:24 | Diag logvar_q_mean=-0.0000 logvar_q_clamp=0.0000
2026-08-30 11:34:28 | Epoch 100/400 | Train Loss 2.3101 Acc 0.1043 | Val Loss 2.3007 Acc 0.1129 AUC 0.5000 Pre 0.0113 Rec 0.1000
2026-08-30 11:34:29 | Diag logvar_q_mean=0.0000 logvar_q_clamp=0.0000
2026-08-30 11:34:32 | Epoch 101/400 | Train Loss 2.3099 Acc 0.1028 | Val Loss 2.3008 Acc 0.1129 AUC 0.5000 Pre 0.0113 Rec 0.1000
2026-08-30 11:34:33 | Diag logvar_q_mean=-0.0000 logvar_q_clamp=0.0000
2026-08-30 11:34:37 | Epoch 102/400 | Train Loss 2.3090 Acc 0.1019 | Val Loss 2.3008 Acc 0.1129 AUC 0.5000 Pre 0.0113 Rec 0.1000
2026-08-30 11:34:38 | Diag logvar_q_mean=0.0000 logvar_q_clamp=0.0000
2026-08-30 11:34:42 | Epoch 103/400 | Train Loss 2.3095 Acc 0.1039 | Val Loss 2.3008 Acc 0.1129 AUC 0.5000 Pre 0.0113 Rec 0.1000
2026-08-30 11:34:42 | Diag logvar_q_mean=-0.0000 logvar_q_clamp=0.0000
2026-08-30 11:34:46 | Epoch 104/400 | Train Loss 2.3103 Acc 0.1023 | Val Loss 2.3008 Acc 0.1129 AUC 0.5000 Pre 0.0113 Rec 0.1000
2026-08-30 11:34:47 | Diag logvar_q_mean=-0.0000 logvar_q_clamp=0.0000
2026-08-30 11:34:51 | Epoch 105/400 | Train Loss 2.3101 Acc 0.1038 | Val Loss 2.3008 Acc 0.1129 AUC 0.5000 Pre 0.0113 Rec 0.1000
2026-08-30 11:34:51 | Diag logvar_q_mean=-0.0000 logvar_q_clamp=0.0000
2026-08-30 11:34:55 | Epoch 106/400 | Train Loss 2.3095 Acc 0.1031 | Val Loss 2.3007 Acc 0.1129 AUC 0.5000 Pre 0.0113 Rec 0.1000
2026-08-30 11:34:56 | Diag logvar_q_mean=-0.0000 logvar_q_clamp=0.0000
2026-08-30 11:35:00 | Epoch 107/400 | Train Loss 2.3108 Acc 0.1027 | Val Loss 2.3008 Acc 0.1129 AUC 0.5000 Pre 0.0113 Rec 0.1000
2026-08-30 11:35:01 | Diag logvar_q_mean=-0.0000 logvar_q_clamp=0.0000
2026-08-30 11:35:05 | Epoch 108/400 | Train Loss 2.3101 Acc 0.1034 | Val Loss 2.3008 Acc 0.1129 AUC 0.5000 Pre 0.0113 Rec 0.1000
2026-08-30 11:35:05 | Diag logvar_q_mean=-0.0000 logvar_q_clamp=0.0000
2026-08-30 11:35:09 | Epoch 109/400 | Train Loss 2.3095 Acc 0.1032 | Val Loss 2.3008 Acc 0.1129 AUC 0.5000 Pre 0.0113 Rec 0.1000
2026-08-30 11:35:10 | Diag logvar_q_mean=-0.0000 logvar_q_clamp=0.0000
2026-08-30 11:35:14 | Epoch 110/400 | Train Loss 2.3097 Acc 0.1024 | Val Loss 2.3008 Acc 0.1129 AUC 0.5000 Pre 0.0113 Rec 0.1000
2026-08-30 11:35:14 | Diag logvar_q_mean=0.0000 logvar_q_clamp=0.0000
2026-08-30 11:35:18 | Epoch 111/400 | Train Loss 2.3092 Acc 0.1044 | Val Loss 2.3008 Acc 0.1129 AUC 0.5000 Pre 0.0113 Rec 0.1000
2026-08-30 11:35:19 | Diag logvar_q_mean=-0.0000 logvar_q_clamp=0.0000
2026-08-30 11:35:23 | Epoch 112/400 | Train Loss 2.3104 Acc 0.1037 | Val Loss 2.3007 Acc 0.1129 AUC 0.5000 Pre 0.0113 Rec 0.1000
2026-08-30 11:35:24 | Diag logvar_q_mean=0.0000 logvar_q_clamp=0.0000
2026-08-30 11:35:27 | Epoch 113/400 | Train Loss 2.3110 Acc 0.1035 | Val Loss 2.3008 Acc 0.1129 AUC 0.5000 Pre 0.0113 Rec 0.1000
2026-08-30 11:35:28 | Diag logvar_q_mean=-0.0000 logvar_q_clamp=0.0000
2026-08-30 11:35:32 | Epoch 114/400 | Train Loss 2.3098 Acc 0.1027 | Val Loss 2.3007 Acc 0.1129 AUC 0.5000 Pre 0.0113 Rec 0.1000
2026-08-30 11:35:32 | Diag logvar_q_mean=-0.0000 logvar_q_clamp=0.0000
2026-08-30 11:35:36 | Epoch 115/400 | Train Loss 2.3095 Acc 0.1027 | Val Loss 2.3008 Acc 0.1129 AUC 0.5000 Pre 0.0113 Rec 0.1000
2026-08-30 11:35:37 | Diag logvar_q_mean=-0.0000 logvar_q_clamp=0.0000
2026-08-30 11:35:41 | Epoch 116/400 | Train Loss 2.3099 Acc 0.1036 | Val Loss 2.3008 Acc 0.1129 AUC 0.5000 Pre 0.0113 Rec 0.1000
2026-08-30 11:35:41 | Diag logvar_q_mean=0.0000 logvar_q_clamp=0.0000
2026-08-30 11:35:46 | Epoch 117/400 | Train Loss 2.3106 Acc 0.1037 | Val Loss 2.3008 Acc 0.1129 AUC 0.5000 Pre 0.0113 Rec 0.1000
2026-08-30 11:35:46 | Diag logvar_q_mean=-0.0000 logvar_q_clamp=0.0000
2026-08-30 11:35:50 | Epoch 118/400 | Train Loss 2.3096 Acc 0.1049 | Val Loss 2.3008 Acc 0.1129 AUC 0.5000 Pre 0.0113 Rec 0.1000
2026-08-30 11:35:51 | Diag logvar_q_mean=-0.0000 logvar_q_clamp=0.0000
2026-08-30 11:35:54 | Epoch 119/400 | Train Loss 2.3091 Acc 0.1023 | Val Loss 2.3008 Acc 0.1129 AUC 0.5000 Pre 0.0113 Rec 0.1000
2026-08-30 11:35:55 | Diag logvar_q_mean=-0.0000 logvar_q_clamp=0.0000
2026-08-30 11:35:59 | Epoch 120/400 | Train Loss 2.3096 Acc 0.1041 | Val Loss 2.3008 Acc 0.1129 AUC 0.5000 Pre 0.0113 Rec 0.1000
2026-08-30 11:35:59 | Diag logvar_q_mean=-0.0000 logvar_q_clamp=0.0000
2026-08-30 11:36:03 | Epoch 121/400 | Train Loss 2.3097 Acc 0.1045 | Val Loss 2.3008 Acc 0.1129 AUC 0.5000 Pre 0.0113 Rec 0.1000
2026-08-30 11:36:04 | Diag logvar_q_mean=-0.0000 logvar_q_clamp=0.0000
2026-08-30 11:36:08 | Epoch 122/400 | Train Loss 2.3104 Acc 0.1029 | Val Loss 2.3008 Acc 0.1129 AUC 0.5000 Pre 0.0113 Rec 0.1000
2026-08-30 11:36:08 | Diag logvar_q_mean=-0.0000 logvar_q_clamp=0.0000
2026-08-30 11:36:12 | Epoch 123/400 | Train Loss 2.3099 Acc 0.1016 | Val Loss 2.3008 Acc 0.1129 AUC 0.5000 Pre 0.0113 Rec 0.1000
2026-08-30 11:36:13 | Diag logvar_q_mean=-0.0000 logvar_q_clamp=0.0000
2026-08-30 11:36:17 | Epoch 124/400 | Train Loss 2.3096 Acc 0.1033 | Val Loss 2.3008 Acc 0.1129 AUC 0.5000 Pre 0.0113 Rec 0.1000
2026-08-30 11:36:17 | Diag logvar_q_mean=-0.0000 logvar_q_clamp=0.0000
2026-08-30 11:36:21 | Epoch 125/400 | Train Loss 2.3104 Acc 0.1008 | Val Loss 2.3008 Acc 0.1129 AUC 0.5000 Pre 0.0113 Rec 0.1000
2026-08-30 11:36:22 | Diag logvar_q_mean=-0.0000 logvar_q_clamp=0.0000
2026-08-30 11:36:26 | Epoch 126/400 | Train Loss 2.3105 Acc 0.1027 | Val Loss 2.3007 Acc 0.1129 AUC 0.5000 Pre 0.0113 Rec 0.1000
2026-08-30 11:36:26 | Diag logvar_q_mean=0.0000 logvar_q_clamp=0.0000
2026-08-30 11:36:30 | Epoch 127/400 | Train Loss 2.3106 Acc 0.1006 | Val Loss 2.3008 Acc 0.1129 AUC 0.5000 Pre 0.0113 Rec 0.1000
2026-08-30 11:36:31 | Diag logvar_q_mean=0.0000 logvar_q_clamp=0.0000
2026-08-30 11:36:35 | Epoch 128/400 | Train Loss 2.3098 Acc 0.1038 | Val Loss 2.3008 Acc 0.1129 AUC 0.5000 Pre 0.0113 Rec 0.1000
2026-08-30 11:36:35 | Diag logvar_q_mean=0.0000 logvar_q_clamp=0.0000
2026-08-30 11:36:39 | Epoch 129/400 | Train Loss 2.3096 Acc 0.1047 | Val Loss 2.3008 Acc 0.1129 AUC 0.5000 Pre 0.0113 Rec 0.1000
2026-08-30 11:36:40 | Diag logvar_q_mean=-0.0000 logvar_q_clamp=0.0000
2026-08-30 11:36:44 | Epoch 130/400 | Train Loss 2.3099 Acc 0.1044 | Val Loss 2.3008 Acc 0.1129 AUC 0.5000 Pre 0.0113 Rec 0.1000
2026-08-30 11:36:44 | Diag logvar_q_mean=-0.0000 logvar_q_clamp=0.0000
2026-08-30 11:36:48 | Epoch 131/400 | Train Loss 2.3093 Acc 0.1032 | Val Loss 2.3008 Acc 0.1129 AUC 0.5000 Pre 0.0113 Rec 0.1000
2026-08-30 11:36:49 | Diag logvar_q_mean=-0.0000 logvar_q_clamp=0.0000
2026-08-30 11:36:53 | Epoch 132/400 | Train Loss 2.3093 Acc 0.1058 | Val Loss 2.3008 Acc 0.1129 AUC 0.5000 Pre 0.0113 Rec 0.1000
2026-08-30 11:36:53 | Diag logvar_q_mean=-0.0000 logvar_q_clamp=0.0000
2026-08-30 11:36:57 | Epoch 133/400 | Train Loss 2.3108 Acc 0.1014 | Val Loss 2.3008 Acc 0.1129 AUC 0.5000 Pre 0.0113 Rec 0.1000
2026-08-30 11:36:58 | Diag logvar_q_mean=-0.0000 logvar_q_clamp=0.0000
2026-08-30 11:37:02 | Epoch 134/400 | Train Loss 2.3094 Acc 0.1049 | Val Loss 2.3008 Acc 0.1129 AUC 0.5000 Pre 0.0113 Rec 0.1000
2026-08-30 11:37:02 | Diag logvar_q_mean=-0.0000 logvar_q_clamp=0.0000
2026-08-30 11:37:06 | Epoch 135/400 | Train Loss 2.3093 Acc 0.1028 | Val Loss 2.3008 Acc 0.1129 AUC 0.5000 Pre 0.0113 Rec 0.1000
2026-08-30 11:37:07 | Diag logvar_q_mean=-0.0000 logvar_q_clamp=0.0000
2026-08-30 11:37:11 | Epoch 136/400 | Train Loss 2.3104 Acc 0.1036 | Val Loss 2.3008 Acc 0.1129 AUC 0.5000 Pre 0.0113 Rec 0.1000
2026-08-30 11:37:12 | Diag logvar_q_mean=0.0000 logvar_q_clamp=0.0000
2026-08-30 11:37:15 | Epoch 137/400 | Train Loss 2.3093 Acc 0.1041 | Val Loss 2.3008 Acc 0.1129 AUC 0.5000 Pre 0.0113 Rec 0.1000
2026-08-30 11:37:16 | Diag logvar_q_mean=-0.0000 logvar_q_clamp=0.0000
2026-08-30 11:37:20 | Epoch 138/400 | Train Loss 2.3104 Acc 0.1026 | Val Loss 2.3008 Acc 0.1129 AUC 0.5000 Pre 0.0113 Rec 0.1000
2026-08-30 11:37:21 | Diag logvar_q_mean=-0.0000 logvar_q_clamp=0.0000
2026-08-30 11:37:24 | Epoch 139/400 | Train Loss 2.3087 Acc 0.1060 | Val Loss 2.3008 Acc 0.1129 AUC 0.5000 Pre 0.0113 Rec 0.1000
2026-08-30 11:37:25 | Diag logvar_q_mean=-0.0000 logvar_q_clamp=0.0000
2026-08-30 11:37:29 | Epoch 140/400 | Train Loss 2.3108 Acc 0.1029 | Val Loss 2.3007 Acc 0.1129 AUC 0.5000 Pre 0.0113 Rec 0.1000
2026-08-30 11:37:30 | Diag logvar_q_mean=0.0000 logvar_q_clamp=0.0000
2026-08-30 11:37:33 | Epoch 141/400 | Train Loss 2.3098 Acc 0.1035 | Val Loss 2.3008 Acc 0.1129 AUC 0.5000 Pre 0.0113 Rec 0.1000
2026-08-30 11:37:34 | Diag logvar_q_mean=-0.0000 logvar_q_clamp=0.0000
2026-08-30 11:37:38 | Epoch 142/400 | Train Loss 2.3105 Acc 0.1033 | Val Loss 2.3008 Acc 0.1129 AUC 0.5000 Pre 0.0113 Rec 0.1000
2026-08-30 11:37:39 | Diag logvar_q_mean=0.0000 logvar_q_clamp=0.0000
2026-08-30 11:37:42 | Epoch 143/400 | Train Loss 2.3097 Acc 0.1034 | Val Loss 2.3008 Acc 0.1129 AUC 0.5000 Pre 0.0113 Rec 0.1000
2026-08-30 11:37:43 | Diag logvar_q_mean=-0.0000 logvar_q_clamp=0.0000
2026-08-30 11:37:47 | Epoch 144/400 | Train Loss 2.3096 Acc 0.1048 | Val Loss 2.3008 Acc 0.1129 AUC 0.5000 Pre 0.0113 Rec 0.1000
2026-08-30 11:37:48 | Diag logvar_q_mean=-0.0000 logvar_q_clamp=0.0000
2026-08-30 11:37:51 | Epoch 145/400 | Train Loss 2.3101 Acc 0.1047 | Val Loss 2.3007 Acc 0.1129 AUC 0.5000 Pre 0.0113 Rec 0.1000
2026-08-30 11:37:52 | Diag logvar_q_mean=-0.0000 logvar_q_clamp=0.0000
2026-08-30 11:37:56 | Epoch 146/400 | Train Loss 2.3110 Acc 0.1015 | Val Loss 2.3008 Acc 0.1129 AUC 0.5000 Pre 0.0113 Rec 0.1000
2026-08-30 11:37:57 | Diag logvar_q_mean=-0.0000 logvar_q_clamp=0.0000
2026-08-30 11:38:01 | Epoch 147/400 | Train Loss 2.3103 Acc 0.1016 | Val Loss 2.3008 Acc 0.1129 AUC 0.5000 Pre 0.0113 Rec 0.1000
2026-08-30 11:38:01 | Diag logvar_q_mean=-0.0000 logvar_q_clamp=0.0000
2026-08-30 11:38:05 | Epoch 148/400 | Train Loss 2.3091 Acc 0.1054 | Val Loss 2.3008 Acc 0.1129 AUC 0.5000 Pre 0.0113 Rec 0.1000
2026-08-30 11:38:06 | Diag logvar_q_mean=-0.0000 logvar_q_clamp=0.0000
2026-08-30 11:38:09 | Epoch 149/400 | Train Loss 2.3095 Acc 0.1048 | Val Loss 2.3008 Acc 0.1129 AUC 0.5000 Pre 0.0113 Rec 0.1000
2026-08-30 11:38:10 | Diag logvar_q_mean=-0.0000 logvar_q_clamp=0.0000
2026-08-30 11:38:14 | Epoch 150/400 | Train Loss 2.3101 Acc 0.1049 | Val Loss 2.3008 Acc 0.1129 AUC 0.5000 Pre 0.0113 Rec 0.1000
2026-08-30 11:38:15 | Diag logvar_q_mean=-0.0000 logvar_q_clamp=0.0000
2026-08-30 11:38:19 | Epoch 151/400 | Train Loss 2.3097 Acc 0.1039 | Val Loss 2.3008 Acc 0.1129 AUC 0.5000 Pre 0.0113 Rec 0.1000
2026-08-30 11:38:19 | Diag logvar_q_mean=-0.0000 logvar_q_clamp=0.0000
2026-08-30 11:38:23 | Epoch 152/400 | Train Loss 2.3099 Acc 0.1045 | Val Loss 2.3008 Acc 0.1129 AUC 0.5000 Pre 0.0113 Rec 0.1000
2026-08-30 11:38:24 | Diag logvar_q_mean=-0.0000 logvar_q_clamp=0.0000
2026-08-30 11:38:28 | Epoch 153/400 | Train Loss 2.3105 Acc 0.1039 | Val Loss 2.3008 Acc 0.1129 AUC 0.5000 Pre 0.0113 Rec 0.1000
2026-08-30 11:38:28 | Diag logvar_q_mean=-0.0000 logvar_q_clamp=0.0000
2026-08-30 11:38:32 | Epoch 154/400 | Train Loss 2.3092 Acc 0.1037 | Val Loss 2.3008 Acc 0.1129 AUC 0.5000 Pre 0.0113 Rec 0.1000
2026-08-30 11:38:33 | Diag logvar_q_mean=-0.0000 logvar_q_clamp=0.0000
2026-08-30 11:38:36 | Epoch 155/400 | Train Loss 2.3106 Acc 0.1023 | Val Loss 2.3008 Acc 0.1129 AUC 0.5000 Pre 0.0113 Rec 0.1000
2026-08-30 11:38:37 | Diag logvar_q_mean=-0.0000 logvar_q_clamp=0.0000
2026-08-30 11:38:41 | Epoch 156/400 | Train Loss 2.3088 Acc 0.1047 | Val Loss 2.3007 Acc 0.1129 AUC 0.5000 Pre 0.0113 Rec 0.1000
2026-08-30 11:38:42 | Diag logvar_q_mean=-0.0000 logvar_q_clamp=0.0000
2026-08-30 11:38:46 | Epoch 157/400 | Train Loss 2.3107 Acc 0.1012 | Val Loss 2.3008 Acc 0.1129 AUC 0.5000 Pre 0.0113 Rec 0.1000
2026-08-30 11:38:46 | Diag logvar_q_mean=-0.0000 logvar_q_clamp=0.0000
2026-08-30 11:38:50 | Epoch 158/400 | Train Loss 2.3098 Acc 0.1028 | Val Loss 2.3008 Acc 0.1129 AUC 0.5000 Pre 0.0113 Rec 0.1000
2026-08-30 11:38:51 | Diag logvar_q_mean=-0.0000 logvar_q_clamp=0.0000
2026-08-30 11:38:54 | Epoch 159/400 | Train Loss 2.3093 Acc 0.1041 | Val Loss 2.3008 Acc 0.1129 AUC 0.5000 Pre 0.0113 Rec 0.1000
2026-08-30 11:38:55 | Diag logvar_q_mean=-0.0000 logvar_q_clamp=0.0000
2026-08-30 11:38:59 | Epoch 160/400 | Train Loss 2.3103 Acc 0.1033 | Val Loss 2.3007 Acc 0.1129 AUC 0.5000 Pre 0.0113 Rec 0.1000
2026-08-30 11:39:00 | Diag logvar_q_mean=-0.0000 logvar_q_clamp=0.0000
2026-08-30 11:39:03 | Epoch 161/400 | Train Loss 2.3089 Acc 0.1027 | Val Loss 2.3008 Acc 0.1129 AUC 0.5000 Pre 0.0113 Rec 0.1000
2026-08-30 11:39:04 | Diag logvar_q_mean=-0.0000 logvar_q_clamp=0.0000
2026-08-30 11:39:08 | Epoch 162/400 | Train Loss 2.3097 Acc 0.1052 | Val Loss 2.3008 Acc 0.1129 AUC 0.5000 Pre 0.0113 Rec 0.1000
2026-08-30 11:39:08 | Diag logvar_q_mean=-0.0000 logvar_q_clamp=0.0000
2026-08-30 11:39:12 | Epoch 163/400 | Train Loss 2.3094 Acc 0.1040 | Val Loss 2.3008 Acc 0.1129 AUC 0.5000 Pre 0.0113 Rec 0.1000
2026-08-30 11:39:13 | Diag logvar_q_mean=-0.0000 logvar_q_clamp=0.0000
2026-08-30 11:39:16 | Epoch 164/400 | Train Loss 2.3102 Acc 0.1027 | Val Loss 2.3008 Acc 0.1129 AUC 0.5000 Pre 0.0113 Rec 0.1000
2026-08-30 11:39:17 | Diag logvar_q_mean=-0.0000 logvar_q_clamp=0.0000
2026-08-30 11:39:21 | Epoch 165/400 | Train Loss 2.3105 Acc 0.1038 | Val Loss 2.3008 Acc 0.1129 AUC 0.5000 Pre 0.0113 Rec 0.1000
2026-08-30 11:39:21 | Diag logvar_q_mean=-0.0000 logvar_q_clamp=0.0000
2026-08-30 11:39:25 | Epoch 166/400 | Train Loss 2.3092 Acc 0.1044 | Val Loss 2.3008 Acc 0.1129 AUC 0.5000 Pre 0.0113 Rec 0.1000
2026-08-30 11:39:26 | Diag logvar_q_mean=-0.0000 logvar_q_clamp=0.0000
2026-08-30 11:39:30 | Epoch 167/400 | Train Loss 2.3106 Acc 0.1011 | Val Loss 2.3008 Acc 0.1129 AUC 0.5000 Pre 0.0113 Rec 0.1000
2026-08-30 11:39:30 | Diag logvar_q_mean=-0.0000 logvar_q_clamp=0.0000
2026-08-30 11:39:34 | Epoch 168/400 | Train Loss 2.3101 Acc 0.1041 | Val Loss 2.3007 Acc 0.1129 AUC 0.5000 Pre 0.0113 Rec 0.1000
2026-08-30 11:39:35 | Diag logvar_q_mean=-0.0000 logvar_q_clamp=0.0000
2026-08-30 11:39:38 | Epoch 169/400 | Train Loss 2.3097 Acc 0.1041 | Val Loss 2.3008 Acc 0.1129 AUC 0.5000 Pre 0.0113 Rec 0.1000
2026-08-30 11:39:39 | Diag logvar_q_mean=-0.0000 logvar_q_clamp=0.0000
2026-08-30 11:39:43 | Epoch 170/400 | Train Loss 2.3103 Acc 0.1021 | Val Loss 2.3008 Acc 0.1129 AUC 0.5000 Pre 0.0113 Rec 0.1000
2026-08-30 11:39:43 | Diag logvar_q_mean=-0.0000 logvar_q_clamp=0.0000
2026-08-30 11:39:47 | Epoch 171/400 | Train Loss 2.3100 Acc 0.1030 | Val Loss 2.3008 Acc 0.1129 AUC 0.5000 Pre 0.0113 Rec 0.1000
2026-08-30 11:39:48 | Diag logvar_q_mean=-0.0000 logvar_q_clamp=0.0000
2026-08-30 11:39:51 | Epoch 172/400 | Train Loss 2.3096 Acc 0.1051 | Val Loss 2.3008 Acc 0.1129 AUC 0.5000 Pre 0.0113 Rec 0.1000
2026-08-30 11:39:52 | Diag logvar_q_mean=0.0000 logvar_q_clamp=0.0000
2026-08-30 11:39:56 | Epoch 173/400 | Train Loss 2.3102 Acc 0.1021 | Val Loss 2.3007 Acc 0.1129 AUC 0.5000 Pre 0.0113 Rec 0.1000
2026-08-30 11:39:56 | Diag logvar_q_mean=-0.0000 logvar_q_clamp=0.0000
2026-08-30 11:40:00 | Epoch 174/400 | Train Loss 2.3096 Acc 0.1043 | Val Loss 2.3008 Acc 0.1129 AUC 0.5000 Pre 0.0113 Rec 0.1000
2026-08-30 11:40:01 | Diag logvar_q_mean=-0.0000 logvar_q_clamp=0.0000
2026-08-30 11:40:05 | Epoch 175/400 | Train Loss 2.3103 Acc 0.1023 | Val Loss 2.3008 Acc 0.1129 AUC 0.5000 Pre 0.0113 Rec 0.1000
2026-08-30 11:40:05 | Diag logvar_q_mean=-0.0000 logvar_q_clamp=0.0000
2026-08-30 11:40:09 | Epoch 176/400 | Train Loss 2.3103 Acc 0.1025 | Val Loss 2.3008 Acc 0.1129 AUC 0.5000 Pre 0.0113 Rec 0.1000
2026-08-30 11:40:10 | Diag logvar_q_mean=0.0000 logvar_q_clamp=0.0000
2026-08-30 11:40:13 | Epoch 177/400 | Train Loss 2.3093 Acc 0.1036 | Val Loss 2.3008 Acc 0.1129 AUC 0.5000 Pre 0.0113 Rec 0.1000
2026-08-30 11:40:14 | Diag logvar_q_mean=-0.0000 logvar_q_clamp=0.0000
2026-08-30 11:40:18 | Epoch 178/400 | Train Loss 2.3093 Acc 0.1055 | Val Loss 2.3008 Acc 0.1129 AUC 0.5000 Pre 0.0113 Rec 0.1000
2026-08-30 11:40:18 | Diag logvar_q_mean=-0.0000 logvar_q_clamp=0.0000
2026-08-30 11:40:22 | Epoch 179/400 | Train Loss 2.3100 Acc 0.1013 | Val Loss 2.3008 Acc 0.1129 AUC 0.5000 Pre 0.0113 Rec 0.1000
2026-08-30 11:40:23 | Diag logvar_q_mean=-0.0000 logvar_q_clamp=0.0000
2026-08-30 11:40:26 | Epoch 180/400 | Train Loss 2.3089 Acc 0.1032 | Val Loss 2.3008 Acc 0.1129 AUC 0.5000 Pre 0.0113 Rec 0.1000
2026-08-30 11:40:27 | Diag logvar_q_mean=-0.0000 logvar_q_clamp=0.0000
2026-08-30 11:40:31 | Epoch 181/400 | Train Loss 2.3105 Acc 0.1028 | Val Loss 2.3008 Acc 0.1129 AUC 0.5000 Pre 0.0113 Rec 0.1000
2026-08-30 11:40:32 | Diag logvar_q_mean=0.0000 logvar_q_clamp=0.0000
2026-08-30 11:40:35 | Epoch 182/400 | Train Loss 2.3101 Acc 0.1026 | Val Loss 2.3008 Acc 0.1129 AUC 0.5000 Pre 0.0113 Rec 0.1000
2026-08-30 11:40:36 | Diag logvar_q_mean=-0.0000 logvar_q_clamp=0.0000
2026-08-30 11:40:40 | Epoch 183/400 | Train Loss 2.3104 Acc 0.1027 | Val Loss 2.3007 Acc 0.1129 AUC 0.5000 Pre 0.0113 Rec 0.1000
2026-08-30 11:40:40 | Diag logvar_q_mean=-0.0000 logvar_q_clamp=0.0000
2026-08-30 11:40:44 | Epoch 184/400 | Train Loss 2.3104 Acc 0.1023 | Val Loss 2.3007 Acc 0.1129 AUC 0.5000 Pre 0.0113 Rec 0.1000
2026-08-30 11:40:45 | Diag logvar_q_mean=-0.0000 logvar_q_clamp=0.0000
2026-08-30 11:40:49 | Epoch 185/400 | Train Loss 2.3089 Acc 0.1036 | Val Loss 2.3007 Acc 0.1129 AUC 0.5000 Pre 0.0113 Rec 0.1000
2026-08-30 11:40:49 | Diag logvar_q_mean=-0.0000 logvar_q_clamp=0.0000
2026-08-30 11:40:53 | Epoch 186/400 | Train Loss 2.3103 Acc 0.1024 | Val Loss 2.3008 Acc 0.1129 AUC 0.5000 Pre 0.0113 Rec 0.1000
2026-08-30 11:40:54 | Diag logvar_q_mean=-0.0000 logvar_q_clamp=0.0000
2026-08-30 11:40:58 | Epoch 187/400 | Train Loss 2.3103 Acc 0.1029 | Val Loss 2.3008 Acc 0.1129 AUC 0.5000 Pre 0.0113 Rec 0.1000
2026-08-30 11:40:58 | Diag logvar_q_mean=-0.0000 logvar_q_clamp=0.0000
2026-08-30 11:41:02 | Epoch 188/400 | Train Loss 2.3105 Acc 0.1026 | Val Loss 2.3008 Acc 0.1129 AUC 0.5000 Pre 0.0113 Rec 0.1000
2026-08-30 11:41:03 | Diag logvar_q_mean=-0.0000 logvar_q_clamp=0.0000
2026-08-30 11:41:07 | Epoch 189/400 | Train Loss 2.3086 Acc 0.1050 | Val Loss 2.3007 Acc 0.1129 AUC 0.5000 Pre 0.0113 Rec 0.1000
2026-08-30 11:41:08 | Diag logvar_q_mean=-0.0000 logvar_q_clamp=0.0000
2026-08-30 11:41:11 | Epoch 190/400 | Train Loss 2.3098 Acc 0.1053 | Val Loss 2.3008 Acc 0.1129 AUC 0.5000 Pre 0.0113 Rec 0.1000
2026-08-30 11:41:12 | Diag logvar_q_mean=-0.0000 logvar_q_clamp=0.0000
2026-08-30 11:41:16 | Epoch 191/400 | Train Loss 2.3095 Acc 0.1048 | Val Loss 2.3008 Acc 0.1129 AUC 0.5000 Pre 0.0113 Rec 0.1000
2026-08-30 11:41:17 | Diag logvar_q_mean=-0.0000 logvar_q_clamp=0.0000
2026-08-30 11:41:20 | Epoch 192/400 | Train Loss 2.3099 Acc 0.1043 | Val Loss 2.3008 Acc 0.1129 AUC 0.5000 Pre 0.0113 Rec 0.1000
2026-08-30 11:41:21 | Diag logvar_q_mean=-0.0000 logvar_q_clamp=0.0000
2026-08-30 11:41:25 | Epoch 193/400 | Train Loss 2.3103 Acc 0.1026 | Val Loss 2.3008 Acc 0.1129 AUC 0.5000 Pre 0.0113 Rec 0.1000
2026-08-30 11:41:26 | Diag logvar_q_mean=0.0000 logvar_q_clamp=0.0000
2026-08-30 11:41:29 | Epoch 194/400 | Train Loss 2.3092 Acc 0.1058 | Val Loss 2.3008 Acc 0.1129 AUC 0.5000 Pre 0.0113 Rec 0.1000
2026-08-30 11:41:30 | Diag logvar_q_mean=-0.0000 logvar_q_clamp=0.0000
2026-08-30 11:41:34 | Epoch 195/400 | Train Loss 2.3096 Acc 0.1044 | Val Loss 2.3008 Acc 0.1129 AUC 0.5000 Pre 0.0113 Rec 0.1000
2026-08-30 11:41:34 | Diag logvar_q_mean=-0.0000 logvar_q_clamp=0.0000
2026-08-30 11:41:38 | Epoch 196/400 | Train Loss 2.3107 Acc 0.1021 | Val Loss 2.3008 Acc 0.1129 AUC 0.5000 Pre 0.0113 Rec 0.1000
2026-08-30 11:41:39 | Diag logvar_q_mean=-0.0000 logvar_q_clamp=0.0000
2026-08-30 11:41:43 | Epoch 197/400 | Train Loss 2.3094 Acc 0.1041 | Val Loss 2.3008 Acc 0.1129 AUC 0.5000 Pre 0.0113 Rec 0.1000
2026-08-30 11:41:43 | Diag logvar_q_mean=-0.0000 logvar_q_clamp=0.0000
2026-08-30 11:41:47 | Epoch 198/400 | Train Loss 2.3098 Acc 0.1026 | Val Loss 2.3008 Acc 0.1129 AUC 0.5000 Pre 0.0113 Rec 0.1000
2026-08-30 11:41:48 | Diag logvar_q_mean=-0.0000 logvar_q_clamp=0.0000
2026-08-30 11:41:52 | Epoch 199/400 | Train Loss 2.3103 Acc 0.1043 | Val Loss 2.3008 Acc 0.1129 AUC 0.5000 Pre 0.0113 Rec 0.1000
2026-08-30 11:41:52 | Diag logvar_q_mean=0.0000 logvar_q_clamp=0.0000
2026-08-30 11:41:56 | Epoch 200/400 | Train Loss 2.3094 Acc 0.1025 | Val Loss 2.3008 Acc 0.1129 AUC 0.5000 Pre 0.0113 Rec 0.1000
2026-08-30 11:41:57 | Diag logvar_q_mean=-0.0000 logvar_q_clamp=0.0000
2026-08-30 11:42:01 | Epoch 201/400 | Train Loss 2.3091 Acc 0.1073 | Val Loss 2.3008 Acc 0.1129 AUC 0.5000 Pre 0.0113 Rec 0.1000
2026-08-30 11:42:01 | Diag logvar_q_mean=0.0000 logvar_q_clamp=0.0000
2026-08-30 11:42:05 | Epoch 202/400 | Train Loss 2.3106 Acc 0.1008 | Val Loss 2.3008 Acc 0.1129 AUC 0.5000 Pre 0.0113 Rec 0.1000
2026-08-30 11:42:06 | Diag logvar_q_mean=-0.0000 logvar_q_clamp=0.0000
2026-08-30 11:42:10 | Epoch 203/400 | Train Loss 2.3102 Acc 0.1034 | Val Loss 2.3008 Acc 0.1129 AUC 0.5000 Pre 0.0113 Rec 0.1000
2026-08-30 11:42:10 | Diag logvar_q_mean=-0.0000 logvar_q_clamp=0.0000
2026-08-30 11:42:14 | Epoch 204/400 | Train Loss 2.3096 Acc 0.1029 | Val Loss 2.3008 Acc 0.1129 AUC 0.5000 Pre 0.0113 Rec 0.1000
2026-08-30 11:42:15 | Diag logvar_q_mean=-0.0000 logvar_q_clamp=0.0000
2026-08-30 11:42:19 | Epoch 205/400 | Train Loss 2.3089 Acc 0.1077 | Val Loss 2.3008 Acc 0.1129 AUC 0.5000 Pre 0.0113 Rec 0.1000
2026-08-30 11:42:20 | Diag logvar_q_mean=-0.0000 logvar_q_clamp=0.0000
2026-08-30 11:42:24 | Epoch 206/400 | Train Loss 2.3107 Acc 0.1023 | Val Loss 2.3008 Acc 0.1129 AUC 0.5000 Pre 0.0113 Rec 0.1000
2026-08-30 11:42:24 | Diag logvar_q_mean=-0.0000 logvar_q_clamp=0.0000
2026-08-30 11:42:28 | Epoch 207/400 | Train Loss 2.3102 Acc 0.1016 | Val Loss 2.3007 Acc 0.1129 AUC 0.5000 Pre 0.0113 Rec 0.1000
2026-08-30 11:42:29 | Diag logvar_q_mean=-0.0000 logvar_q_clamp=0.0000
2026-08-30 11:42:33 | Epoch 208/400 | Train Loss 2.3103 Acc 0.1040 | Val Loss 2.3008 Acc 0.1129 AUC 0.5000 Pre 0.0113 Rec 0.1000
2026-08-30 11:42:33 | Diag logvar_q_mean=-0.0000 logvar_q_clamp=0.0000
2026-08-30 11:42:37 | Epoch 209/400 | Train Loss 2.3100 Acc 0.1033 | Val Loss 2.3008 Acc 0.1129 AUC 0.5000 Pre 0.0113 Rec 0.1000
2026-08-30 11:42:38 | Diag logvar_q_mean=-0.0000 logvar_q_clamp=0.0000
2026-08-30 11:42:42 | Epoch 210/400 | Train Loss 2.3100 Acc 0.1033 | Val Loss 2.3008 Acc 0.1129 AUC 0.5000 Pre 0.0113 Rec 0.1000
2026-08-30 11:42:42 | Diag logvar_q_mean=-0.0000 logvar_q_clamp=0.0000
2026-08-30 11:42:46 | Epoch 211/400 | Train Loss 2.3100 Acc 0.1019 | Val Loss 2.3008 Acc 0.1129 AUC 0.5000 Pre 0.0113 Rec 0.1000
2026-08-30 11:42:47 | Diag logvar_q_mean=-0.0000 logvar_q_clamp=0.0000
2026-08-30 11:42:51 | Epoch 212/400 | Train Loss 2.3109 Acc 0.1030 | Val Loss 2.3008 Acc 0.1129 AUC 0.5000 Pre 0.0113 Rec 0.1000
2026-08-30 11:42:52 | Diag logvar_q_mean=-0.0000 logvar_q_clamp=0.0000
2026-08-30 11:42:56 | Epoch 213/400 | Train Loss 2.3090 Acc 0.1063 | Val Loss 2.3008 Acc 0.1129 AUC 0.5000 Pre 0.0113 Rec 0.1000
2026-08-30 11:42:56 | Diag logvar_q_mean=0.0000 logvar_q_clamp=0.0000
2026-08-30 11:43:00 | Epoch 214/400 | Train Loss 2.3103 Acc 0.1037 | Val Loss 2.3008 Acc 0.1129 AUC 0.5000 Pre 0.0113 Rec 0.1000
2026-08-30 11:43:01 | Diag logvar_q_mean=-0.0000 logvar_q_clamp=0.0000
2026-08-30 11:43:05 | Epoch 215/400 | Train Loss 2.3089 Acc 0.1032 | Val Loss 2.3008 Acc 0.1129 AUC 0.5000 Pre 0.0113 Rec 0.1000
2026-08-30 11:43:05 | Diag logvar_q_mean=-0.0000 logvar_q_clamp=0.0000
2026-08-30 11:43:09 | Epoch 216/400 | Train Loss 2.3108 Acc 0.1044 | Val Loss 2.3007 Acc 0.1129 AUC 0.5000 Pre 0.0113 Rec 0.1000
2026-08-30 11:43:10 | Diag logvar_q_mean=-0.0000 logvar_q_clamp=0.0000
2026-08-30 11:43:14 | Epoch 217/400 | Train Loss 2.3096 Acc 0.1046 | Val Loss 2.3007 Acc 0.1129 AUC 0.5000 Pre 0.0113 Rec 0.1000
2026-08-30 11:43:14 | Diag logvar_q_mean=-0.0000 logvar_q_clamp=0.0000
2026-08-30 11:43:18 | Epoch 218/400 | Train Loss 2.3100 Acc 0.1025 | Val Loss 2.3008 Acc 0.1129 AUC 0.5000 Pre 0.0113 Rec 0.1000
2026-08-30 11:43:19 | Diag logvar_q_mean=-0.0000 logvar_q_clamp=0.0000
2026-08-30 11:43:23 | Epoch 219/400 | Train Loss 2.3094 Acc 0.1053 | Val Loss 2.3008 Acc 0.1129 AUC 0.5000 Pre 0.0113 Rec 0.1000
2026-08-30 11:43:23 | Diag logvar_q_mean=0.0000 logvar_q_clamp=0.0000
2026-08-30 11:43:27 | Epoch 220/400 | Train Loss 2.3098 Acc 0.1009 | Val Loss 2.3008 Acc 0.1129 AUC 0.5000 Pre 0.0113 Rec 0.1000
2026-08-30 11:43:28 | Diag logvar_q_mean=-0.0000 logvar_q_clamp=0.0000
2026-08-30 11:43:32 | Epoch 221/400 | Train Loss 2.3100 Acc 0.1017 | Val Loss 2.3008 Acc 0.1129 AUC 0.5000 Pre 0.0113 Rec 0.1000
2026-08-30 11:43:32 | Diag logvar_q_mean=-0.0000 logvar_q_clamp=0.0000
2026-08-30 11:43:36 | Epoch 222/400 | Train Loss 2.3092 Acc 0.1043 | Val Loss 2.3007 Acc 0.1129 AUC 0.5000 Pre 0.0113 Rec 0.1000
2026-08-30 11:43:37 | Diag logvar_q_mean=0.0000 logvar_q_clamp=0.0000
2026-08-30 11:43:41 | Epoch 223/400 | Train Loss 2.3097 Acc 0.1037 | Val Loss 2.3008 Acc 0.1129 AUC 0.5000 Pre 0.0113 Rec 0.1000
2026-08-30 11:43:41 | Diag logvar_q_mean=-0.0000 logvar_q_clamp=0.0000
2026-08-30 11:43:45 | Epoch 224/400 | Train Loss 2.3101 Acc 0.1031 | Val Loss 2.3008 Acc 0.1129 AUC 0.5000 Pre 0.0113 Rec 0.1000
2026-08-30 11:43:46 | Diag logvar_q_mean=-0.0000 logvar_q_clamp=0.0000
2026-08-30 11:43:50 | Epoch 225/400 | Train Loss 2.3098 Acc 0.1033 | Val Loss 2.3007 Acc 0.1129 AUC 0.5000 Pre 0.0113 Rec 0.1000
2026-08-30 11:43:50 | Diag logvar_q_mean=-0.0000 logvar_q_clamp=0.0000
2026-08-30 11:43:54 | Epoch 226/400 | Train Loss 2.3091 Acc 0.1052 | Val Loss 2.3008 Acc 0.1129 AUC 0.5000 Pre 0.0113 Rec 0.1000
2026-08-30 11:43:55 | Diag logvar_q_mean=-0.0000 logvar_q_clamp=0.0000
2026-08-30 11:43:59 | Epoch 227/400 | Train Loss 2.3109 Acc 0.0999 | Val Loss 2.3008 Acc 0.1129 AUC 0.5000 Pre 0.0113 Rec 0.1000
2026-08-30 11:43:59 | Diag logvar_q_mean=-0.0000 logvar_q_clamp=0.0000
2026-08-30 11:44:03 | Epoch 228/400 | Train Loss 2.3096 Acc 0.1044 | Val Loss 2.3008 Acc 0.1129 AUC 0.5000 Pre 0.0113 Rec 0.1000
2026-08-30 11:44:04 | Diag logvar_q_mean=-0.0000 logvar_q_clamp=0.0000
2026-08-30 11:44:08 | Epoch 229/400 | Train Loss 2.3099 Acc 0.1042 | Val Loss 2.3007 Acc 0.1129 AUC 0.5000 Pre 0.0113 Rec 0.1000
2026-08-30 11:44:08 | Diag logvar_q_mean=-0.0000 logvar_q_clamp=0.0000
2026-08-30 11:44:12 | Epoch 230/400 | Train Loss 2.3090 Acc 0.1036 | Val Loss 2.3008 Acc 0.1129 AUC 0.5000 Pre 0.0113 Rec 0.1000
2026-08-30 11:44:13 | Diag logvar_q_mean=0.0000 logvar_q_clamp=0.0000
2026-08-30 11:44:17 | Epoch 231/400 | Train Loss 2.3104 Acc 0.1039 | Val Loss 2.3007 Acc 0.1129 AUC 0.5000 Pre 0.0113 Rec 0.1000
2026-08-30 11:44:17 | Diag logvar_q_mean=-0.0000 logvar_q_clamp=0.0000
2026-08-30 11:44:21 | Epoch 232/400 | Train Loss 2.3100 Acc 0.1036 | Val Loss 2.3008 Acc 0.1129 AUC 0.5000 Pre 0.0113 Rec 0.1000
2026-08-30 11:44:22 | Diag logvar_q_mean=-0.0000 logvar_q_clamp=0.0000
2026-08-30 11:44:26 | Epoch 233/400 | Train Loss 2.3103 Acc 0.1053 | Val Loss 2.3008 Acc 0.1129 AUC 0.5000 Pre 0.0113 Rec 0.1000
2026-08-30 11:44:26 | Diag logvar_q_mean=-0.0000 logvar_q_clamp=0.0000
2026-08-30 11:44:30 | Epoch 234/400 | Train Loss 2.3094 Acc 0.1054 | Val Loss 2.3008 Acc 0.1129 AUC 0.5000 Pre 0.0113 Rec 0.1000
2026-08-30 11:44:31 | Diag logvar_q_mean=-0.0000 logvar_q_clamp=0.0000
2026-08-30 11:44:35 | Epoch 235/400 | Train Loss 2.3092 Acc 0.1040 | Val Loss 2.3008 Acc 0.1129 AUC 0.5000 Pre 0.0113 Rec 0.1000
2026-08-30 11:44:35 | Diag logvar_q_mean=0.0000 logvar_q_clamp=0.0000
2026-08-30 11:44:39 | Epoch 236/400 | Train Loss 2.3105 Acc 0.1024 | Val Loss 2.3008 Acc 0.1129 AUC 0.5000 Pre 0.0113 Rec 0.1000
2026-08-30 11:44:40 | Diag logvar_q_mean=-0.0000 logvar_q_clamp=0.0000
2026-08-30 11:44:44 | Epoch 237/400 | Train Loss 2.3095 Acc 0.1033 | Val Loss 2.3008 Acc 0.1129 AUC 0.5000 Pre 0.0113 Rec 0.1000
2026-08-30 11:44:45 | Diag logvar_q_mean=-0.0000 logvar_q_clamp=0.0000
2026-08-30 11:44:49 | Epoch 238/400 | Train Loss 2.3108 Acc 0.1029 | Val Loss 2.3008 Acc 0.1129 AUC 0.5000 Pre 0.0113 Rec 0.1000
2026-08-30 11:44:49 | Diag logvar_q_mean=-0.0000 logvar_q_clamp=0.0000
2026-08-30 11:44:53 | Epoch 239/400 | Train Loss 2.3094 Acc 0.1050 | Val Loss 2.3008 Acc 0.1129 AUC 0.5000 Pre 0.0113 Rec 0.1000
2026-08-30 11:44:54 | Diag logvar_q_mean=-0.0000 logvar_q_clamp=0.0000
2026-08-30 11:44:58 | Epoch 240/400 | Train Loss 2.3100 Acc 0.1032 | Val Loss 2.3008 Acc 0.1129 AUC 0.5000 Pre 0.0113 Rec 0.1000
2026-08-30 11:44:58 | Diag logvar_q_mean=-0.0000 logvar_q_clamp=0.0000
2026-08-30 11:45:02 | Epoch 241/400 | Train Loss 2.3099 Acc 0.1054 | Val Loss 2.3008 Acc 0.1129 AUC 0.5000 Pre 0.0113 Rec 0.1000
2026-08-30 11:45:03 | Diag logvar_q_mean=-0.0000 logvar_q_clamp=0.0000
2026-08-30 11:45:07 | Epoch 242/400 | Train Loss 2.3091 Acc 0.1036 | Val Loss 2.3008 Acc 0.1129 AUC 0.5000 Pre 0.0113 Rec 0.1000
2026-08-30 11:45:07 | Diag logvar_q_mean=-0.0000 logvar_q_clamp=0.0000
2026-08-30 11:45:11 | Epoch 243/400 | Train Loss 2.3096 Acc 0.1055 | Val Loss 2.3008 Acc 0.1129 AUC 0.5000 Pre 0.0113 Rec 0.1000
2026-08-30 11:45:12 | Diag logvar_q_mean=-0.0000 logvar_q_clamp=0.0000
2026-08-30 11:45:16 | Epoch 244/400 | Train Loss 2.3101 Acc 0.1038 | Val Loss 2.3007 Acc 0.1129 AUC 0.5000 Pre 0.0113 Rec 0.1000
2026-08-30 11:45:16 | Diag logvar_q_mean=-0.0000 logvar_q_clamp=0.0000
2026-08-30 11:45:20 | Epoch 245/400 | Train Loss 2.3101 Acc 0.1032 | Val Loss 2.3008 Acc 0.1129 AUC 0.5000 Pre 0.0113 Rec 0.1000
2026-08-30 11:45:21 | Diag logvar_q_mean=-0.0000 logvar_q_clamp=0.0000
2026-08-30 11:45:25 | Epoch 246/400 | Train Loss 2.3092 Acc 0.1048 | Val Loss 2.3008 Acc 0.1129 AUC 0.5000 Pre 0.0113 Rec 0.1000
2026-08-30 11:45:25 | Diag logvar_q_mean=-0.0000 logvar_q_clamp=0.0000
2026-08-30 11:45:29 | Epoch 247/400 | Train Loss 2.3101 Acc 0.1052 | Val Loss 2.3008 Acc 0.1129 AUC 0.5000 Pre 0.0113 Rec 0.1000
2026-08-30 11:45:30 | Diag logvar_q_mean=-0.0000 logvar_q_clamp=0.0000
2026-08-30 11:45:34 | Epoch 248/400 | Train Loss 2.3099 Acc 0.1041 | Val Loss 2.3008 Acc 0.1129 AUC 0.5000 Pre 0.0113 Rec 0.1000
2026-08-30 11:45:34 | Diag logvar_q_mean=-0.0000 logvar_q_clamp=0.0000
2026-08-30 11:45:38 | Epoch 249/400 | Train Loss 2.3094 Acc 0.1050 | Val Loss 2.3008 Acc 0.1129 AUC 0.5000 Pre 0.0113 Rec 0.1000
2026-08-30 11:45:39 | Diag logvar_q_mean=-0.0000 logvar_q_clamp=0.0000
2026-08-30 11:45:43 | Epoch 250/400 | Train Loss 2.3104 Acc 0.1023 | Val Loss 2.3008 Acc 0.1129 AUC 0.5000 Pre 0.0113 Rec 0.1000
2026-08-30 11:45:43 | Diag logvar_q_mean=-0.0000 logvar_q_clamp=0.0000
2026-08-30 11:45:47 | Epoch 251/400 | Train Loss 2.3096 Acc 0.1045 | Val Loss 2.3008 Acc 0.1129 AUC 0.5000 Pre 0.0113 Rec 0.1000
2026-08-30 11:45:48 | Diag logvar_q_mean=-0.0000 logvar_q_clamp=0.0000
2026-08-30 11:45:51 | Epoch 252/400 | Train Loss 2.3097 Acc 0.1046 | Val Loss 2.3008 Acc 0.1129 AUC 0.5000 Pre 0.0113 Rec 0.1000
2026-08-30 11:45:52 | Diag logvar_q_mean=-0.0000 logvar_q_clamp=0.0000
2026-08-30 11:45:56 | Epoch 253/400 | Train Loss 2.3096 Acc 0.1020 | Val Loss 2.3008 Acc 0.1129 AUC 0.5000 Pre 0.0113 Rec 0.1000
2026-08-30 11:45:57 | Diag logvar_q_mean=-0.0000 logvar_q_clamp=0.0000
2026-08-30 11:46:00 | Epoch 254/400 | Train Loss 2.3095 Acc 0.1034 | Val Loss 2.3007 Acc 0.1129 AUC 0.5000 Pre 0.0113 Rec 0.1000
2026-08-30 11:46:01 | Diag logvar_q_mean=0.0000 logvar_q_clamp=0.0000
2026-08-30 11:46:05 | Epoch 255/400 | Train Loss 2.3096 Acc 0.1036 | Val Loss 2.3008 Acc 0.1129 AUC 0.5000 Pre 0.0113 Rec 0.1000
2026-08-30 11:46:06 | Diag logvar_q_mean=-0.0000 logvar_q_clamp=0.0000
2026-08-30 11:46:09 | Epoch 256/400 | Train Loss 2.3103 Acc 0.1026 | Val Loss 2.3007 Acc 0.1129 AUC 0.5000 Pre 0.0113 Rec 0.1000
2026-08-30 11:46:10 | Diag logvar_q_mean=-0.0000 logvar_q_clamp=0.0000
2026-08-30 11:46:14 | Epoch 257/400 | Train Loss 2.3103 Acc 0.1030 | Val Loss 2.3008 Acc 0.1129 AUC 0.5000 Pre 0.0113 Rec 0.1000
2026-08-30 11:46:14 | Diag logvar_q_mean=-0.0000 logvar_q_clamp=0.0000
2026-08-30 11:46:18 | Epoch 258/400 | Train Loss 2.3101 Acc 0.1045 | Val Loss 2.3008 Acc 0.1129 AUC 0.5000 Pre 0.0113 Rec 0.1000
2026-08-30 11:46:19 | Diag logvar_q_mean=-0.0000 logvar_q_clamp=0.0000
2026-08-30 11:46:23 | Epoch 259/400 | Train Loss 2.3089 Acc 0.1044 | Val Loss 2.3008 Acc 0.1129 AUC 0.5000 Pre 0.0113 Rec 0.1000
2026-08-30 11:46:23 | Diag logvar_q_mean=-0.0000 logvar_q_clamp=0.0000
2026-08-30 11:46:27 | Epoch 260/400 | Train Loss 2.3107 Acc 0.1024 | Val Loss 2.3008 Acc 0.1129 AUC 0.5000 Pre 0.0113 Rec 0.1000
2026-08-30 11:46:28 | Diag logvar_q_mean=-0.0000 logvar_q_clamp=0.0000
2026-08-30 11:46:32 | Epoch 261/400 | Train Loss 2.3097 Acc 0.1027 | Val Loss 2.3008 Acc 0.1129 AUC 0.5000 Pre 0.0113 Rec 0.1000
2026-08-30 11:46:33 | Diag logvar_q_mean=-0.0000 logvar_q_clamp=0.0000
2026-08-30 11:46:36 | Epoch 262/400 | Train Loss 2.3093 Acc 0.1049 | Val Loss 2.3008 Acc 0.1129 AUC 0.5000 Pre 0.0113 Rec 0.1000
2026-08-30 11:46:37 | Diag logvar_q_mean=-0.0000 logvar_q_clamp=0.0000
2026-08-30 11:46:41 | Epoch 263/400 | Train Loss 2.3104 Acc 0.1039 | Val Loss 2.3008 Acc 0.1129 AUC 0.5000 Pre 0.0113 Rec 0.1000
2026-08-30 11:46:42 | Diag logvar_q_mean=-0.0000 logvar_q_clamp=0.0000
2026-08-30 11:46:46 | Epoch 264/400 | Train Loss 2.3104 Acc 0.1031 | Val Loss 2.3008 Acc 0.1129 AUC 0.5000 Pre 0.0113 Rec 0.1000
2026-08-30 11:46:46 | Diag logvar_q_mean=-0.0000 logvar_q_clamp=0.0000
2026-08-30 11:46:50 | Epoch 265/400 | Train Loss 2.3094 Acc 0.1036 | Val Loss 2.3008 Acc 0.1129 AUC 0.5000 Pre 0.0113 Rec 0.1000
2026-08-30 11:46:51 | Diag logvar_q_mean=-0.0000 logvar_q_clamp=0.0000
2026-08-30 11:46:55 | Epoch 266/400 | Train Loss 2.3092 Acc 0.1067 | Val Loss 2.3008 Acc 0.1129 AUC 0.5000 Pre 0.0113 Rec 0.1000
2026-08-30 11:46:55 | Diag logvar_q_mean=-0.0000 logvar_q_clamp=0.0000
2026-08-30 11:46:59 | Epoch 267/400 | Train Loss 2.3108 Acc 0.1031 | Val Loss 2.3008 Acc 0.1129 AUC 0.5000 Pre 0.0113 Rec 0.1000
2026-08-30 11:47:00 | Diag logvar_q_mean=-0.0000 logvar_q_clamp=0.0000
2026-08-30 11:47:04 | Epoch 268/400 | Train Loss 2.3090 Acc 0.1051 | Val Loss 2.3008 Acc 0.1129 AUC 0.5000 Pre 0.0113 Rec 0.1000
2026-08-30 11:47:04 | Diag logvar_q_mean=-0.0000 logvar_q_clamp=0.0000
2026-08-30 11:47:08 | Epoch 269/400 | Train Loss 2.3099 Acc 0.1044 | Val Loss 2.3008 Acc 0.1129 AUC 0.5000 Pre 0.0113 Rec 0.1000
2026-08-30 11:47:09 | Diag logvar_q_mean=-0.0000 logvar_q_clamp=0.0000
2026-08-30 11:47:13 | Epoch 270/400 | Train Loss 2.3100 Acc 0.1017 | Val Loss 2.3008 Acc 0.1129 AUC 0.5000 Pre 0.0113 Rec 0.1000
2026-08-30 11:47:13 | Diag logvar_q_mean=-0.0000 logvar_q_clamp=0.0000
2026-08-30 11:47:17 | Epoch 271/400 | Train Loss 2.3092 Acc 0.1052 | Val Loss 2.3008 Acc 0.1129 AUC 0.5000 Pre 0.0113 Rec 0.1000
2026-08-30 11:47:18 | Diag logvar_q_mean=-0.0000 logvar_q_clamp=0.0000
2026-08-30 11:47:22 | Epoch 272/400 | Train Loss 2.3091 Acc 0.1061 | Val Loss 2.3008 Acc 0.1129 AUC 0.5000 Pre 0.0113 Rec 0.1000
2026-08-30 11:47:22 | Diag logvar_q_mean=0.0000 logvar_q_clamp=0.0000
2026-08-30 11:47:26 | Epoch 273/400 | Train Loss 2.3106 Acc 0.1021 | Val Loss 2.3008 Acc 0.1129 AUC 0.5000 Pre 0.0113 Rec 0.1000
2026-08-30 11:47:27 | Diag logvar_q_mean=0.0000 logvar_q_clamp=0.0000
2026-08-30 11:47:30 | Epoch 274/400 | Train Loss 2.3104 Acc 0.1014 | Val Loss 2.3008 Acc 0.1129 AUC 0.5000 Pre 0.0113 Rec 0.1000
2026-08-30 11:47:31 | Diag logvar_q_mean=-0.0000 logvar_q_clamp=0.0000
2026-08-30 11:47:35 | Epoch 275/400 | Train Loss 2.3095 Acc 0.1031 | Val Loss 2.3008 Acc 0.1129 AUC 0.5000 Pre 0.0113 Rec 0.1000
2026-08-30 11:47:36 | Diag logvar_q_mean=0.0000 logvar_q_clamp=0.0000
2026-08-30 11:47:40 | Epoch 276/400 | Train Loss 2.3101 Acc 0.1023 | Val Loss 2.3008 Acc 0.1129 AUC 0.5000 Pre 0.0113 Rec 0.1000
2026-08-30 11:47:40 | Diag logvar_q_mean=-0.0000 logvar_q_clamp=0.0000
2026-08-30 11:47:44 | Epoch 277/400 | Train Loss 2.3093 Acc 0.1051 | Val Loss 2.3008 Acc 0.1129 AUC 0.5000 Pre 0.0113 Rec 0.1000
2026-08-30 11:47:45 | Diag logvar_q_mean=-0.0000 logvar_q_clamp=0.0000
2026-08-30 11:47:48 | Epoch 278/400 | Train Loss 2.3098 Acc 0.1064 | Val Loss 2.3008 Acc 0.1129 AUC 0.5000 Pre 0.0113 Rec 0.1000
2026-08-30 11:47:49 | Diag logvar_q_mean=0.0000 logvar_q_clamp=0.0000
2026-08-30 11:47:53 | Epoch 279/400 | Train Loss 2.3092 Acc 0.1027 | Val Loss 2.3008 Acc 0.1129 AUC 0.5000 Pre 0.0113 Rec 0.1000
2026-08-30 11:47:54 | Diag logvar_q_mean=-0.0000 logvar_q_clamp=0.0000
2026-08-30 11:47:58 | Epoch 280/400 | Train Loss 2.3098 Acc 0.1048 | Val Loss 2.3008 Acc 0.1129 AUC 0.5000 Pre 0.0113 Rec 0.1000
2026-08-30 11:47:58 | Diag logvar_q_mean=-0.0000 logvar_q_clamp=0.0000
2026-08-30 11:48:02 | Epoch 281/400 | Train Loss 2.3097 Acc 0.1028 | Val Loss 2.3008 Acc 0.1129 AUC 0.5000 Pre 0.0113 Rec 0.1000
2026-08-30 11:48:03 | Diag logvar_q_mean=-0.0000 logvar_q_clamp=0.0000
2026-08-30 11:48:07 | Epoch 282/400 | Train Loss 2.3095 Acc 0.1048 | Val Loss 2.3007 Acc 0.1129 AUC 0.5000 Pre 0.0113 Rec 0.1000
2026-08-30 11:48:07 | Diag logvar_q_mean=-0.0000 logvar_q_clamp=0.0000
2026-08-30 11:48:11 | Epoch 283/400 | Train Loss 2.3100 Acc 0.1022 | Val Loss 2.3008 Acc 0.1129 AUC 0.5000 Pre 0.0113 Rec 0.1000
2026-08-30 11:48:12 | Diag logvar_q_mean=-0.0000 logvar_q_clamp=0.0000
2026-08-30 11:48:16 | Epoch 284/400 | Train Loss 2.3096 Acc 0.1042 | Val Loss 2.3008 Acc 0.1129 AUC 0.5000 Pre 0.0113 Rec 0.1000
2026-08-30 11:48:16 | Diag logvar_q_mean=-0.0000 logvar_q_clamp=0.0000
2026-08-30 11:48:20 | Epoch 285/400 | Train Loss 2.3101 Acc 0.1046 | Val Loss 2.3008 Acc 0.1129 AUC 0.5000 Pre 0.0113 Rec 0.1000
2026-08-30 11:48:21 | Diag logvar_q_mean=-0.0000 logvar_q_clamp=0.0000
2026-08-30 11:48:25 | Epoch 286/400 | Train Loss 2.3100 Acc 0.1027 | Val Loss 2.3008 Acc 0.1129 AUC 0.5000 Pre 0.0113 Rec 0.1000
2026-08-30 11:48:26 | Diag logvar_q_mean=-0.0000 logvar_q_clamp=0.0000
2026-08-30 11:48:30 | Epoch 287/400 | Train Loss 2.3098 Acc 0.1018 | Val Loss 2.3008 Acc 0.1129 AUC 0.5000 Pre 0.0113 Rec 0.1000
2026-08-30 11:48:30 | Diag logvar_q_mean=-0.0000 logvar_q_clamp=0.0000
2026-08-30 11:48:34 | Epoch 288/400 | Train Loss 2.3091 Acc 0.1034 | Val Loss 2.3008 Acc 0.1129 AUC 0.5000 Pre 0.0113 Rec 0.1000
2026-08-30 11:48:35 | Diag logvar_q_mean=-0.0000 logvar_q_clamp=0.0000
2026-08-30 11:48:39 | Epoch 289/400 | Train Loss 2.3105 Acc 0.1032 | Val Loss 2.3008 Acc 0.1129 AUC 0.5000 Pre 0.0113 Rec 0.1000
2026-08-30 11:48:40 | Diag logvar_q_mean=-0.0000 logvar_q_clamp=0.0000
2026-08-30 11:48:44 | Epoch 290/400 | Train Loss 2.3098 Acc 0.1035 | Val Loss 2.3008 Acc 0.1129 AUC 0.5000 Pre 0.0113 Rec 0.1000
2026-08-30 11:48:44 | Diag logvar_q_mean=-0.0000 logvar_q_clamp=0.0000
2026-08-30 11:48:48 | Epoch 291/400 | Train Loss 2.3098 Acc 0.1038 | Val Loss 2.3008 Acc 0.1129 AUC 0.5000 Pre 0.0113 Rec 0.1000
2026-08-30 11:48:49 | Diag logvar_q_mean=-0.0000 logvar_q_clamp=0.0000
2026-08-30 11:48:53 | Epoch 292/400 | Train Loss 2.3095 Acc 0.1057 | Val Loss 2.3008 Acc 0.1129 AUC 0.5000 Pre 0.0113 Rec 0.1000
2026-08-30 11:48:53 | Diag logvar_q_mean=0.0000 logvar_q_clamp=0.0000
2026-08-30 11:48:57 | Epoch 293/400 | Train Loss 2.3097 Acc 0.1047 | Val Loss 2.3008 Acc 0.1129 AUC 0.5000 Pre 0.0113 Rec 0.1000
2026-08-30 11:48:58 | Diag logvar_q_mean=-0.0000 logvar_q_clamp=0.0000
2026-08-30 11:49:02 | Epoch 294/400 | Train Loss 2.3107 Acc 0.1036 | Val Loss 2.3008 Acc 0.1129 AUC 0.5000 Pre 0.0113 Rec 0.1000
2026-08-30 11:49:02 | Diag logvar_q_mean=0.0000 logvar_q_clamp=0.0000
2026-08-30 11:49:06 | Epoch 295/400 | Train Loss 2.3090 Acc 0.1044 | Val Loss 2.3008 Acc 0.1129 AUC 0.5000 Pre 0.0113 Rec 0.1000
2026-08-30 11:49:07 | Diag logvar_q_mean=-0.0000 logvar_q_clamp=0.0000
2026-08-30 11:49:11 | Epoch 296/400 | Train Loss 2.3097 Acc 0.1041 | Val Loss 2.3008 Acc 0.1129 AUC 0.5000 Pre 0.0113 Rec 0.1000
2026-08-30 11:49:12 | Diag logvar_q_mean=-0.0000 logvar_q_clamp=0.0000
2026-08-30 11:49:16 | Epoch 297/400 | Train Loss 2.3092 Acc 0.1055 | Val Loss 2.3008 Acc 0.1129 AUC 0.5000 Pre 0.0113 Rec 0.1000
2026-08-30 11:49:16 | Diag logvar_q_mean=-0.0000 logvar_q_clamp=0.0000
2026-08-30 11:49:20 | Epoch 298/400 | Train Loss 2.3104 Acc 0.1019 | Val Loss 2.3008 Acc 0.1129 AUC 0.5000 Pre 0.0113 Rec 0.1000
2026-08-30 11:49:21 | Diag logvar_q_mean=-0.0000 logvar_q_clamp=0.0000
2026-08-30 11:49:25 | Epoch 299/400 | Train Loss 2.3101 Acc 0.1045 | Val Loss 2.3008 Acc 0.1129 AUC 0.5000 Pre 0.0113 Rec 0.1000
2026-08-30 11:49:25 | Diag logvar_q_mean=-0.0000 logvar_q_clamp=0.0000
2026-08-30 11:49:29 | Epoch 300/400 | Train Loss 2.3099 Acc 0.1031 | Val Loss 2.3008 Acc 0.1129 AUC 0.5000 Pre 0.0113 Rec 0.1000
2026-08-30 11:49:30 | Diag logvar_q_mean=-0.0000 logvar_q_clamp=0.0000
2026-08-30 11:49:34 | Epoch 301/400 | Train Loss 2.3098 Acc 0.1034 | Val Loss 2.3008 Acc 0.1129 AUC 0.5000 Pre 0.0113 Rec 0.1000
2026-08-30 11:49:34 | Diag logvar_q_mean=-0.0000 logvar_q_clamp=0.0000
2026-08-30 11:49:38 | Epoch 302/400 | Train Loss 2.3096 Acc 0.1044 | Val Loss 2.3008 Acc 0.1129 AUC 0.5000 Pre 0.0113 Rec 0.1000
2026-08-30 11:49:39 | Diag logvar_q_mean=-0.0000 logvar_q_clamp=0.0000
2026-08-30 11:49:43 | Epoch 303/400 | Train Loss 2.3097 Acc 0.1030 | Val Loss 2.3008 Acc 0.1129 AUC 0.5000 Pre 0.0113 Rec 0.1000
2026-08-30 11:49:43 | Diag logvar_q_mean=-0.0000 logvar_q_clamp=0.0000
2026-08-30 11:49:47 | Epoch 304/400 | Train Loss 2.3094 Acc 0.1040 | Val Loss 2.3007 Acc 0.1129 AUC 0.5000 Pre 0.0113 Rec 0.1000
2026-08-30 11:49:48 | Diag logvar_q_mean=-0.0000 logvar_q_clamp=0.0000
2026-08-30 11:49:52 | Epoch 305/400 | Train Loss 2.3095 Acc 0.1059 | Val Loss 2.3008 Acc 0.1129 AUC 0.5000 Pre 0.0113 Rec 0.1000
2026-08-30 11:49:53 | Diag logvar_q_mean=-0.0000 logvar_q_clamp=0.0000
2026-08-30 11:49:56 | Epoch 306/400 | Train Loss 2.3090 Acc 0.1058 | Val Loss 2.3008 Acc 0.1129 AUC 0.5000 Pre 0.0113 Rec 0.1000
2026-08-30 11:49:57 | Diag logvar_q_mean=-0.0000 logvar_q_clamp=0.0000
2026-08-30 11:50:01 | Epoch 307/400 | Train Loss 2.3095 Acc 0.1041 | Val Loss 2.3008 Acc 0.1129 AUC 0.5000 Pre 0.0113 Rec 0.1000
2026-08-30 11:50:02 | Diag logvar_q_mean=-0.0000 logvar_q_clamp=0.0000
2026-08-30 11:50:06 | Epoch 308/400 | Train Loss 2.3100 Acc 0.1030 | Val Loss 2.3008 Acc 0.1129 AUC 0.5000 Pre 0.0113 Rec 0.1000
2026-08-30 11:50:06 | Diag logvar_q_mean=-0.0000 logvar_q_clamp=0.0000
2026-08-30 11:50:10 | Epoch 309/400 | Train Loss 2.3102 Acc 0.1064 | Val Loss 2.3008 Acc 0.1129 AUC 0.5000 Pre 0.0113 Rec 0.1000
2026-08-30 11:50:11 | Diag logvar_q_mean=-0.0000 logvar_q_clamp=0.0000
2026-08-30 11:50:15 | Epoch 310/400 | Train Loss 2.3097 Acc 0.1031 | Val Loss 2.3008 Acc 0.1129 AUC 0.5000 Pre 0.0113 Rec 0.1000
2026-08-30 11:50:15 | Diag logvar_q_mean=-0.0000 logvar_q_clamp=0.0000
2026-08-30 11:50:19 | Epoch 311/400 | Train Loss 2.3104 Acc 0.1026 | Val Loss 2.3008 Acc 0.1129 AUC 0.5000 Pre 0.0113 Rec 0.1000
2026-08-30 11:50:20 | Diag logvar_q_mean=0.0000 logvar_q_clamp=0.0000
2026-08-30 11:50:24 | Epoch 312/400 | Train Loss 2.3097 Acc 0.1059 | Val Loss 2.3008 Acc 0.1129 AUC 0.5000 Pre 0.0113 Rec 0.1000
2026-08-30 11:50:24 | Diag logvar_q_mean=-0.0000 logvar_q_clamp=0.0000
2026-08-30 11:50:28 | Epoch 313/400 | Train Loss 2.3096 Acc 0.1035 | Val Loss 2.3008 Acc 0.1129 AUC 0.5000 Pre 0.0113 Rec 0.1000
2026-08-30 11:50:29 | Diag logvar_q_mean=-0.0000 logvar_q_clamp=0.0000
2026-08-30 11:50:33 | Epoch 314/400 | Train Loss 2.3096 Acc 0.1049 | Val Loss 2.3008 Acc 0.1129 AUC 0.5000 Pre 0.0113 Rec 0.1000
2026-08-30 11:50:33 | Diag logvar_q_mean=0.0000 logvar_q_clamp=0.0000
2026-08-30 11:50:37 | Epoch 315/400 | Train Loss 2.3104 Acc 0.1009 | Val Loss 2.3008 Acc 0.1129 AUC 0.5000 Pre 0.0113 Rec 0.1000
2026-08-30 11:50:38 | Diag logvar_q_mean=0.0000 logvar_q_clamp=0.0000
2026-08-30 11:50:42 | Epoch 316/400 | Train Loss 2.3101 Acc 0.1038 | Val Loss 2.3008 Acc 0.1129 AUC 0.5000 Pre 0.0113 Rec 0.1000
2026-08-30 11:50:42 | Diag logvar_q_mean=-0.0000 logvar_q_clamp=0.0000
2026-08-30 11:50:46 | Epoch 317/400 | Train Loss 2.3100 Acc 0.1045 | Val Loss 2.3008 Acc 0.1129 AUC 0.5000 Pre 0.0113 Rec 0.1000
2026-08-30 11:50:47 | Diag logvar_q_mean=-0.0000 logvar_q_clamp=0.0000
2026-08-30 11:50:51 | Epoch 318/400 | Train Loss 2.3092 Acc 0.1033 | Val Loss 2.3008 Acc 0.1129 AUC 0.5000 Pre 0.0113 Rec 0.1000
2026-08-30 11:50:51 | Diag logvar_q_mean=-0.0000 logvar_q_clamp=0.0000
2026-08-30 11:50:55 | Epoch 319/400 | Train Loss 2.3103 Acc 0.1045 | Val Loss 2.3008 Acc 0.1129 AUC 0.5000 Pre 0.0113 Rec 0.1000
2026-08-30 11:50:56 | Diag logvar_q_mean=0.0000 logvar_q_clamp=0.0000
2026-08-30 11:51:00 | Epoch 320/400 | Train Loss 2.3098 Acc 0.1031 | Val Loss 2.3008 Acc 0.1129 AUC 0.5000 Pre 0.0113 Rec 0.1000
2026-08-30 11:51:00 | Diag logvar_q_mean=-0.0000 logvar_q_clamp=0.0000
2026-08-30 11:51:04 | Epoch 321/400 | Train Loss 2.3098 Acc 0.1039 | Val Loss 2.3008 Acc 0.1129 AUC 0.5000 Pre 0.0113 Rec 0.1000
2026-08-30 11:51:05 | Diag logvar_q_mean=-0.0000 logvar_q_clamp=0.0000
2026-08-30 11:51:09 | Epoch 322/400 | Train Loss 2.3102 Acc 0.1034 | Val Loss 2.3008 Acc 0.1129 AUC 0.5000 Pre 0.0113 Rec 0.1000
2026-08-30 11:51:09 | Diag logvar_q_mean=0.0000 logvar_q_clamp=0.0000
2026-08-30 11:51:13 | Epoch 323/400 | Train Loss 2.3100 Acc 0.1043 | Val Loss 2.3008 Acc 0.1129 AUC 0.5000 Pre 0.0113 Rec 0.1000
2026-08-30 11:51:14 | Diag logvar_q_mean=-0.0000 logvar_q_clamp=0.0000
2026-08-30 11:51:18 | Epoch 324/400 | Train Loss 2.3106 Acc 0.1037 | Val Loss 2.3008 Acc 0.1129 AUC 0.5000 Pre 0.0113 Rec 0.1000
2026-08-30 11:51:18 | Diag logvar_q_mean=-0.0000 logvar_q_clamp=0.0000
2026-08-30 11:51:22 | Epoch 325/400 | Train Loss 2.3102 Acc 0.1035 | Val Loss 2.3008 Acc 0.1129 AUC 0.5000 Pre 0.0113 Rec 0.1000
2026-08-30 11:51:23 | Diag logvar_q_mean=0.0000 logvar_q_clamp=0.0000
2026-08-30 11:51:27 | Epoch 326/400 | Train Loss 2.3101 Acc 0.1042 | Val Loss 2.3008 Acc 0.1129 AUC 0.5000 Pre 0.0113 Rec 0.1000
2026-08-30 11:51:27 | Diag logvar_q_mean=-0.0000 logvar_q_clamp=0.0000
2026-08-30 11:51:31 | Epoch 327/400 | Train Loss 2.3101 Acc 0.1031 | Val Loss 2.3008 Acc 0.1129 AUC 0.5000 Pre 0.0113 Rec 0.1000
2026-08-30 11:51:32 | Diag logvar_q_mean=-0.0000 logvar_q_clamp=0.0000
2026-08-30 11:51:36 | Epoch 328/400 | Train Loss 2.3104 Acc 0.1008 | Val Loss 2.3008 Acc 0.1129 AUC 0.5000 Pre 0.0113 Rec 0.1000
2026-08-30 11:51:36 | Diag logvar_q_mean=-0.0000 logvar_q_clamp=0.0000
2026-08-30 11:51:40 | Epoch 329/400 | Train Loss 2.3096 Acc 0.1042 | Val Loss 2.3008 Acc 0.1129 AUC 0.5000 Pre 0.0113 Rec 0.1000
2026-08-30 11:51:41 | Diag logvar_q_mean=-0.0000 logvar_q_clamp=0.0000
2026-08-30 11:51:45 | Epoch 330/400 | Train Loss 2.3096 Acc 0.1059 | Val Loss 2.3008 Acc 0.1129 AUC 0.5000 Pre 0.0113 Rec 0.1000
2026-08-30 11:51:45 | Diag logvar_q_mean=0.0000 logvar_q_clamp=0.0000
2026-08-30 11:51:49 | Epoch 331/400 | Train Loss 2.3100 Acc 0.1042 | Val Loss 2.3008 Acc 0.1129 AUC 0.5000 Pre 0.0113 Rec 0.1000
2026-08-30 11:51:50 | Diag logvar_q_mean=-0.0000 logvar_q_clamp=0.0000
2026-08-30 11:51:54 | Epoch 332/400 | Train Loss 2.3101 Acc 0.1038 | Val Loss 2.3008 Acc 0.1129 AUC 0.5000 Pre 0.0113 Rec 0.1000
2026-08-30 11:51:54 | Diag logvar_q_mean=-0.0000 logvar_q_clamp=0.0000
2026-08-30 11:51:58 | Epoch 333/400 | Train Loss 2.3090 Acc 0.1054 | Val Loss 2.3008 Acc 0.1129 AUC 0.5000 Pre 0.0113 Rec 0.1000
2026-08-30 11:51:59 | Diag logvar_q_mean=-0.0000 logvar_q_clamp=0.0000
2026-08-30 11:52:03 | Epoch 334/400 | Train Loss 2.3100 Acc 0.1025 | Val Loss 2.3008 Acc 0.1129 AUC 0.5000 Pre 0.0113 Rec 0.1000
2026-08-30 11:52:03 | Diag logvar_q_mean=-0.0000 logvar_q_clamp=0.0000
2026-08-30 11:52:08 | Epoch 335/400 | Train Loss 2.3103 Acc 0.1018 | Val Loss 2.3008 Acc 0.1129 AUC 0.5000 Pre 0.0113 Rec 0.1000
2026-08-30 11:52:08 | Diag logvar_q_mean=-0.0000 logvar_q_clamp=0.0000
2026-08-30 11:52:12 | Epoch 336/400 | Train Loss 2.3091 Acc 0.1039 | Val Loss 2.3008 Acc 0.1129 AUC 0.5000 Pre 0.0113 Rec 0.1000
2026-08-30 11:52:13 | Diag logvar_q_mean=-0.0000 logvar_q_clamp=0.0000
2026-08-30 11:52:17 | Epoch 337/400 | Train Loss 2.3102 Acc 0.1028 | Val Loss 2.3008 Acc 0.1129 AUC 0.5000 Pre 0.0113 Rec 0.1000
2026-08-30 11:52:17 | Diag logvar_q_mean=-0.0000 logvar_q_clamp=0.0000
2026-08-30 11:52:21 | Epoch 338/400 | Train Loss 2.3096 Acc 0.1049 | Val Loss 2.3008 Acc 0.1129 AUC 0.5000 Pre 0.0113 Rec 0.1000
2026-08-30 11:52:22 | Diag logvar_q_mean=-0.0000 logvar_q_clamp=0.0000
2026-08-30 11:52:26 | Epoch 339/400 | Train Loss 2.3100 Acc 0.1019 | Val Loss 2.3008 Acc 0.1129 AUC 0.5000 Pre 0.0113 Rec 0.1000
2026-08-30 11:52:26 | Diag logvar_q_mean=0.0000 logvar_q_clamp=0.0000
2026-08-30 11:52:30 | Epoch 340/400 | Train Loss 2.3098 Acc 0.1056 | Val Loss 2.3008 Acc 0.1129 AUC 0.5000 Pre 0.0113 Rec 0.1000
2026-08-30 11:52:31 | Diag logvar_q_mean=-0.0000 logvar_q_clamp=0.0000
2026-08-30 11:52:35 | Epoch 341/400 | Train Loss 2.3104 Acc 0.1015 | Val Loss 2.3008 Acc 0.1129 AUC 0.5000 Pre 0.0113 Rec 0.1000
2026-08-30 11:52:35 | Diag logvar_q_mean=-0.0000 logvar_q_clamp=0.0000
2026-08-30 11:52:39 | Epoch 342/400 | Train Loss 2.3087 Acc 0.1036 | Val Loss 2.3007 Acc 0.1129 AUC 0.5000 Pre 0.0113 Rec 0.1000
2026-08-30 11:52:40 | Diag logvar_q_mean=-0.0000 logvar_q_clamp=0.0000
2026-08-30 11:52:44 | Epoch 343/400 | Train Loss 2.3101 Acc 0.1035 | Val Loss 2.3007 Acc 0.1129 AUC 0.5000 Pre 0.0113 Rec 0.1000
2026-08-30 11:52:44 | Diag logvar_q_mean=-0.0000 logvar_q_clamp=0.0000
2026-08-30 11:52:48 | Epoch 344/400 | Train Loss 2.3102 Acc 0.1023 | Val Loss 2.3008 Acc 0.1129 AUC 0.5000 Pre 0.0113 Rec 0.1000
2026-08-30 11:52:49 | Diag logvar_q_mean=-0.0000 logvar_q_clamp=0.0000
2026-08-30 11:52:53 | Epoch 345/400 | Train Loss 2.3102 Acc 0.1043 | Val Loss 2.3008 Acc 0.1129 AUC 0.5000 Pre 0.0113 Rec 0.1000
2026-08-30 11:52:53 | Diag logvar_q_mean=-0.0000 logvar_q_clamp=0.0000
2026-08-30 11:52:57 | Epoch 346/400 | Train Loss 2.3092 Acc 0.1039 | Val Loss 2.3007 Acc 0.1129 AUC 0.5000 Pre 0.0113 Rec 0.1000
2026-08-30 11:52:58 | Diag logvar_q_mean=-0.0000 logvar_q_clamp=0.0000
2026-08-30 11:53:02 | Epoch 347/400 | Train Loss 2.3098 Acc 0.1054 | Val Loss 2.3008 Acc 0.1129 AUC 0.5000 Pre 0.0113 Rec 0.1000
2026-08-30 11:53:02 | Diag logvar_q_mean=-0.0000 logvar_q_clamp=0.0000
2026-08-30 11:53:06 | Epoch 348/400 | Train Loss 2.3097 Acc 0.1044 | Val Loss 2.3008 Acc 0.1129 AUC 0.5000 Pre 0.0113 Rec 0.1000
2026-08-30 11:53:07 | Diag logvar_q_mean=-0.0000 logvar_q_clamp=0.0000
2026-08-30 11:53:11 | Epoch 349/400 | Train Loss 2.3100 Acc 0.1033 | Val Loss 2.3008 Acc 0.1129 AUC 0.5000 Pre 0.0113 Rec 0.1000
2026-08-30 11:53:11 | Diag logvar_q_mean=-0.0000 logvar_q_clamp=0.0000
2026-08-30 11:53:15 | Epoch 350/400 | Train Loss 2.3094 Acc 0.1032 | Val Loss 2.3008 Acc 0.1129 AUC 0.5000 Pre 0.0113 Rec 0.1000
2026-08-30 11:53:16 | Diag logvar_q_mean=-0.0000 logvar_q_clamp=0.0000
2026-08-30 11:53:20 | Epoch 351/400 | Train Loss 2.3105 Acc 0.1031 | Val Loss 2.3008 Acc 0.1129 AUC 0.5000 Pre 0.0113 Rec 0.1000
2026-08-30 11:53:20 | Diag logvar_q_mean=0.0000 logvar_q_clamp=0.0000
2026-08-30 11:53:24 | Epoch 352/400 | Train Loss 2.3087 Acc 0.1056 | Val Loss 2.3008 Acc 0.1129 AUC 0.5000 Pre 0.0113 Rec 0.1000
2026-08-30 11:53:25 | Diag logvar_q_mean=-0.0000 logvar_q_clamp=0.0000
2026-08-30 11:53:29 | Epoch 353/400 | Train Loss 2.3087 Acc 0.1059 | Val Loss 2.3008 Acc 0.1129 AUC 0.5000 Pre 0.0113 Rec 0.1000
2026-08-30 11:53:29 | Diag logvar_q_mean=-0.0000 logvar_q_clamp=0.0000
2026-08-30 11:53:33 | Epoch 354/400 | Train Loss 2.3102 Acc 0.1045 | Val Loss 2.3008 Acc 0.1129 AUC 0.5000 Pre 0.0113 Rec 0.1000
2026-08-30 11:53:34 | Diag logvar_q_mean=-0.0000 logvar_q_clamp=0.0000
2026-08-30 11:53:38 | Epoch 355/400 | Train Loss 2.3094 Acc 0.1054 | Val Loss 2.3008 Acc 0.1129 AUC 0.5000 Pre 0.0113 Rec 0.1000
2026-08-30 11:53:38 | Diag logvar_q_mean=-0.0000 logvar_q_clamp=0.0000
2026-08-30 11:53:42 | Epoch 356/400 | Train Loss 2.3099 Acc 0.1043 | Val Loss 2.3008 Acc 0.1129 AUC 0.5000 Pre 0.0113 Rec 0.1000
2026-08-30 11:53:43 | Diag logvar_q_mean=-0.0000 logvar_q_clamp=0.0000
2026-08-30 11:53:47 | Epoch 357/400 | Train Loss 2.3094 Acc 0.1049 | Val Loss 2.3008 Acc 0.1129 AUC 0.5000 Pre 0.0113 Rec 0.1000
2026-08-30 11:53:47 | Diag logvar_q_mean=-0.0000 logvar_q_clamp=0.0000
2026-08-30 11:53:51 | Epoch 358/400 | Train Loss 2.3102 Acc 0.1027 | Val Loss 2.3008 Acc 0.1129 AUC 0.5000 Pre 0.0113 Rec 0.1000
2026-08-30 11:53:52 | Diag logvar_q_mean=-0.0000 logvar_q_clamp=0.0000
2026-08-30 11:53:56 | Epoch 359/400 | Train Loss 2.3104 Acc 0.1023 | Val Loss 2.3008 Acc 0.1129 AUC 0.5000 Pre 0.0113 Rec 0.1000
2026-08-30 11:53:56 | Diag logvar_q_mean=-0.0000 logvar_q_clamp=0.0000
2026-08-30 11:54:00 | Epoch 360/400 | Train Loss 2.3098 Acc 0.1013 | Val Loss 2.3008 Acc 0.1129 AUC 0.5000 Pre 0.0113 Rec 0.1000
2026-08-30 11:54:01 | Diag logvar_q_mean=-0.0000 logvar_q_clamp=0.0000
2026-08-30 11:54:05 | Epoch 361/400 | Train Loss 2.3089 Acc 0.1049 | Val Loss 2.3008 Acc 0.1129 AUC 0.5000 Pre 0.0113 Rec 0.1000
2026-08-30 11:54:05 | Diag logvar_q_mean=-0.0000 logvar_q_clamp=0.0000
2026-08-30 11:54:09 | Epoch 362/400 | Train Loss 2.3104 Acc 0.1021 | Val Loss 2.3008 Acc 0.1129 AUC 0.5000 Pre 0.0113 Rec 0.1000
2026-08-30 11:54:10 | Diag logvar_q_mean=-0.0000 logvar_q_clamp=0.0000
2026-08-30 11:54:14 | Epoch 363/400 | Train Loss 2.3094 Acc 0.1025 | Val Loss 2.3008 Acc 0.1129 AUC 0.5000 Pre 0.0113 Rec 0.1000
2026-08-30 11:54:15 | Diag logvar_q_mean=-0.0000 logvar_q_clamp=0.0000
2026-08-30 11:54:19 | Epoch 364/400 | Train Loss 2.3096 Acc 0.1047 | Val Loss 2.3008 Acc 0.1129 AUC 0.5000 Pre 0.0113 Rec 0.1000
2026-08-30 11:54:19 | Diag logvar_q_mean=-0.0000 logvar_q_clamp=0.0000
2026-08-30 11:54:23 | Epoch 365/400 | Train Loss 2.3106 Acc 0.1028 | Val Loss 2.3008 Acc 0.1129 AUC 0.5000 Pre 0.0113 Rec 0.1000
2026-08-30 11:54:24 | Diag logvar_q_mean=-0.0000 logvar_q_clamp=0.0000
2026-08-30 11:54:28 | Epoch 366/400 | Train Loss 2.3091 Acc 0.1050 | Val Loss 2.3008 Acc 0.1129 AUC 0.5000 Pre 0.0113 Rec 0.1000
2026-08-30 11:54:28 | Diag logvar_q_mean=-0.0000 logvar_q_clamp=0.0000
2026-08-30 11:54:32 | Epoch 367/400 | Train Loss 2.3108 Acc 0.1038 | Val Loss 2.3008 Acc 0.1129 AUC 0.5000 Pre 0.0113 Rec 0.1000
2026-08-30 11:54:33 | Diag logvar_q_mean=-0.0000 logvar_q_clamp=0.0000
2026-08-30 11:54:37 | Epoch 368/400 | Train Loss 2.3097 Acc 0.1029 | Val Loss 2.3008 Acc 0.1129 AUC 0.5000 Pre 0.0113 Rec 0.1000
2026-08-30 11:54:37 | Diag logvar_q_mean=-0.0000 logvar_q_clamp=0.0000
2026-08-30 11:54:41 | Epoch 369/400 | Train Loss 2.3094 Acc 0.1061 | Val Loss 2.3008 Acc 0.1129 AUC 0.5000 Pre 0.0113 Rec 0.1000
2026-08-30 11:54:42 | Diag logvar_q_mean=-0.0000 logvar_q_clamp=0.0000
2026-08-30 11:54:46 | Epoch 370/400 | Train Loss 2.3113 Acc 0.0984 | Val Loss 2.3008 Acc 0.1129 AUC 0.5000 Pre 0.0113 Rec 0.1000
2026-08-30 11:54:46 | Diag logvar_q_mean=-0.0000 logvar_q_clamp=0.0000
2026-08-30 11:54:50 | Epoch 371/400 | Train Loss 2.3084 Acc 0.1040 | Val Loss 2.3008 Acc 0.1129 AUC 0.5000 Pre 0.0113 Rec 0.1000
2026-08-30 11:54:51 | Diag logvar_q_mean=-0.0000 logvar_q_clamp=0.0000
2026-08-30 11:54:55 | Epoch 372/400 | Train Loss 2.3102 Acc 0.1043 | Val Loss 2.3008 Acc 0.1129 AUC 0.5000 Pre 0.0113 Rec 0.1000
2026-08-30 11:54:55 | Diag logvar_q_mean=-0.0000 logvar_q_clamp=0.0000
2026-08-30 11:54:59 | Epoch 373/400 | Train Loss 2.3104 Acc 0.1033 | Val Loss 2.3008 Acc 0.1129 AUC 0.5000 Pre 0.0113 Rec 0.1000
2026-08-30 11:55:00 | Diag logvar_q_mean=-0.0000 logvar_q_clamp=0.0000
2026-08-30 11:55:04 | Epoch 374/400 | Train Loss 2.3100 Acc 0.1032 | Val Loss 2.3008 Acc 0.1129 AUC 0.5000 Pre 0.0113 Rec 0.1000
2026-08-30 11:55:04 | Diag logvar_q_mean=-0.0000 logvar_q_clamp=0.0000
2026-08-30 11:55:08 | Epoch 375/400 | Train Loss 2.3101 Acc 0.1050 | Val Loss 2.3008 Acc 0.1129 AUC 0.5000 Pre 0.0113 Rec 0.1000
2026-08-30 11:55:09 | Diag logvar_q_mean=-0.0000 logvar_q_clamp=0.0000
2026-08-30 11:55:13 | Epoch 376/400 | Train Loss 2.3103 Acc 0.1021 | Val Loss 2.3008 Acc 0.1129 AUC 0.5000 Pre 0.0113 Rec 0.1000
2026-08-30 11:55:13 | Diag logvar_q_mean=-0.0000 logvar_q_clamp=0.0000
2026-08-30 11:55:17 | Epoch 377/400 | Train Loss 2.3100 Acc 0.1018 | Val Loss 2.3008 Acc 0.1129 AUC 0.5000 Pre 0.0113 Rec 0.1000
2026-08-30 11:55:18 | Diag logvar_q_mean=-0.0000 logvar_q_clamp=0.0000
2026-08-30 11:55:22 | Epoch 378/400 | Train Loss 2.3099 Acc 0.1021 | Val Loss 2.3008 Acc 0.1129 AUC 0.5000 Pre 0.0113 Rec 0.1000
2026-08-30 11:55:22 | Diag logvar_q_mean=-0.0000 logvar_q_clamp=0.0000
2026-08-30 11:55:26 | Epoch 379/400 | Train Loss 2.3093 Acc 0.1029 | Val Loss 2.3008 Acc 0.1129 AUC 0.5000 Pre 0.0113 Rec 0.1000
2026-08-30 11:55:27 | Diag logvar_q_mean=-0.0000 logvar_q_clamp=0.0000
2026-08-30 11:55:31 | Epoch 380/400 | Train Loss 2.3101 Acc 0.1023 | Val Loss 2.3008 Acc 0.1129 AUC 0.5000 Pre 0.0113 Rec 0.1000
2026-08-30 11:55:31 | Diag logvar_q_mean=-0.0000 logvar_q_clamp=0.0000
2026-08-30 11:55:35 | Epoch 381/400 | Train Loss 2.3091 Acc 0.1052 | Val Loss 2.3008 Acc 0.1129 AUC 0.5000 Pre 0.0113 Rec 0.1000
2026-08-30 11:55:36 | Diag logvar_q_mean=-0.0000 logvar_q_clamp=0.0000
2026-08-30 11:55:40 | Epoch 382/400 | Train Loss 2.3097 Acc 0.1035 | Val Loss 2.3008 Acc 0.1129 AUC 0.5000 Pre 0.0113 Rec 0.1000
2026-08-30 11:55:40 | Diag logvar_q_mean=-0.0000 logvar_q_clamp=0.0000
2026-08-30 11:55:44 | Epoch 383/400 | Train Loss 2.3101 Acc 0.1023 | Val Loss 2.3008 Acc 0.1129 AUC 0.5000 Pre 0.0113 Rec 0.1000
2026-08-30 11:55:45 | Diag logvar_q_mean=-0.0000 logvar_q_clamp=0.0000
2026-08-30 11:55:49 | Epoch 384/400 | Train Loss 2.3095 Acc 0.1056 | Val Loss 2.3008 Acc 0.1129 AUC 0.5000 Pre 0.0113 Rec 0.1000
2026-08-30 11:55:49 | Diag logvar_q_mean=-0.0000 logvar_q_clamp=0.0000
2026-08-30 11:55:53 | Epoch 385/400 | Train Loss 2.3098 Acc 0.1056 | Val Loss 2.3008 Acc 0.1129 AUC 0.5000 Pre 0.0113 Rec 0.1000
2026-08-30 11:55:54 | Diag logvar_q_mean=-0.0000 logvar_q_clamp=0.0000
2026-08-30 11:55:58 | Epoch 386/400 | Train Loss 2.3103 Acc 0.1026 | Val Loss 2.3008 Acc 0.1129 AUC 0.5000 Pre 0.0113 Rec 0.1000
2026-08-30 11:55:59 | Diag logvar_q_mean=-0.0000 logvar_q_clamp=0.0000
2026-08-30 11:56:03 | Epoch 387/400 | Train Loss 2.3102 Acc 0.1024 | Val Loss 2.3008 Acc 0.1129 AUC 0.5000 Pre 0.0113 Rec 0.1000
2026-08-30 11:56:03 | Diag logvar_q_mean=-0.0000 logvar_q_clamp=0.0000
2026-08-30 11:56:07 | Epoch 388/400 | Train Loss 2.3100 Acc 0.1060 | Val Loss 2.3008 Acc 0.1129 AUC 0.5000 Pre 0.0113 Rec 0.1000
2026-08-30 11:56:08 | Diag logvar_q_mean=0.0000 logvar_q_clamp=0.0000
2026-08-30 11:56:12 | Epoch 389/400 | Train Loss 2.3100 Acc 0.1027 | Val Loss 2.3007 Acc 0.1129 AUC 0.5000 Pre 0.0113 Rec 0.1000
2026-08-30 11:56:13 | Diag logvar_q_mean=-0.0000 logvar_q_clamp=0.0000
2026-08-30 11:56:17 | Epoch 390/400 | Train Loss 2.3089 Acc 0.1041 | Val Loss 2.3007 Acc 0.1129 AUC 0.5000 Pre 0.0113 Rec 0.1000
2026-08-30 11:56:17 | Diag logvar_q_mean=-0.0000 logvar_q_clamp=0.0000
2026-08-30 11:56:21 | Epoch 391/400 | Train Loss 2.3096 Acc 0.1068 | Val Loss 2.3008 Acc 0.1129 AUC 0.5000 Pre 0.0113 Rec 0.1000
2026-08-30 11:56:22 | Diag logvar_q_mean=-0.0000 logvar_q_clamp=0.0000
2026-08-30 11:56:26 | Epoch 392/400 | Train Loss 2.3098 Acc 0.1039 | Val Loss 2.3007 Acc 0.1129 AUC 0.5000 Pre 0.0113 Rec 0.1000
2026-08-30 11:56:26 | Diag logvar_q_mean=-0.0000 logvar_q_clamp=0.0000
2026-08-30 11:56:30 | Epoch 393/400 | Train Loss 2.3092 Acc 0.1044 | Val Loss 2.3008 Acc 0.1129 AUC 0.5000 Pre 0.0113 Rec 0.1000
2026-08-30 11:56:31 | Diag logvar_q_mean=-0.0000 logvar_q_clamp=0.0000
2026-08-30 11:56:35 | Epoch 394/400 | Train Loss 2.3103 Acc 0.1032 | Val Loss 2.3008 Acc 0.1129 AUC 0.5000 Pre 0.0113 Rec 0.1000
2026-08-30 11:56:35 | Diag logvar_q_mean=-0.0000 logvar_q_clamp=0.0000
2026-08-30 11:56:39 | Epoch 395/400 | Train Loss 2.3097 Acc 0.1048 | Val Loss 2.3008 Acc 0.1129 AUC 0.5000 Pre 0.0113 Rec 0.1000
2026-08-30 11:56:40 | Diag logvar_q_mean=0.0000 logvar_q_clamp=0.0000
2026-08-30 11:56:44 | Epoch 396/400 | Train Loss 2.3104 Acc 0.1020 | Val Loss 2.3008 Acc 0.1129 AUC 0.5000 Pre 0.0113 Rec 0.1000
2026-08-30 11:56:44 | Diag logvar_q_mean=-0.0000 logvar_q_clamp=0.0000
2026-08-30 11:56:48 | Epoch 397/400 | Train Loss 2.3099 Acc 0.1035 | Val Loss 2.3008 Acc 0.1129 AUC 0.5000 Pre 0.0113 Rec 0.1000
2026-08-30 11:56:49 | Diag logvar_q_mean=-0.0000 logvar_q_clamp=0.0000
2026-08-30 11:56:53 | Epoch 398/400 | Train Loss 2.3103 Acc 0.1022 | Val Loss 2.3008 Acc 0.1129 AUC 0.5000 Pre 0.0113 Rec 0.1000
2026-08-30 11:56:53 | Diag logvar_q_mean=-0.0000 logvar_q_clamp=0.0000
2026-08-30 11:56:57 | Epoch 399/400 | Train Loss 2.3095 Acc 0.1032 | Val Loss 2.3008 Acc 0.1129 AUC 0.5000 Pre 0.0113 Rec 0.1000
2026-08-30 11:56:58 | Diag logvar_q_mean=-0.0000 logvar_q_clamp=0.0000
2026-08-30 11:57:02 | Epoch 400/400 | Train Loss 2.3088 Acc 0.1052 | Val Loss 2.3008 Acc 0.1129 AUC 0.5000 Pre 0.0113 Rec 0.1000
2026-08-30 11:57:02 | Diag logvar_q_mean=-0.0000 logvar_q_clamp=0.0000
2026-08-30 11:57:03 | Run 5/5 | Test (best model @ Epoch 5) | Loss 2.3011 Acc 0.1135 AUC 0.5897 Pre 0.0114 Rec 0.1000
2026-08-30 11:57:03 | Average over 5 runs | Test Loss 2.3011±0.0000 Acc 0.1135±0.0000 AUC 0.6096±0.0170 Pre 0.0114±0.0000 Rec 0.1000±0.0000
