2026-09-01 00:30:17 | Device: cuda
2026-09-01 00:30:17 | Args: {'model': 'opb', 'backbone': 'gnn', 'task': 'cora', 'epochs': 100, 'batch_size': 512, 'lr': 0.01, 'hidden_dims': [512, 256], 'dropout': 0.2, 'z_dim': 256, 'anchor_scale': 10.0, 'max_len': 250, 'random_labels': False, 'beta': 0.1, 'patience': 10, 'runs': 5, 'seed': 0, 'data_dir': './data', 'save_path': 'output/cora_gnn_opb/cora_gnn_opb.pt', 'log_path': '/root/autodl-tmp/IB/tune_results/cora_gnn_opb_beta_0.1_anchor_10/train.log', 'no_save': True}
2026-09-01 00:30:20 | Cora 划分（60/20/20 分层）：train 1624 / val 542 / test 542（共 2708 节点，7 类）
2026-09-01 00:30:21 | ===== Run 1/5 (seed 0) =====
2026-09-01 00:30:22 | Epoch   1/100 | Train Loss 7.0934 Acc 0.1416 | Val Loss 6.6712 Acc 0.3026 AUC 0.8739 Pre 0.0432 Rec 0.1429
2026-09-01 00:30:22 |   Val AUC improved to 0.8739, model saved
2026-09-01 00:30:22 | Epoch   2/100 | Train Loss 6.7805 Acc 0.1736 | Val Loss 6.1088 Acc 0.3026 AUC 0.7283 Pre 0.0432 Rec 0.1429
2026-09-01 00:30:22 | Epoch   3/100 | Train Loss 6.2235 Acc 0.2223 | Val Loss 6.6445 Acc 0.3026 AUC 0.6100 Pre 0.0432 Rec 0.1429
2026-09-01 00:30:22 | Epoch   4/100 | Train Loss 6.8423 Acc 0.2999 | Val Loss 5.6995 Acc 0.3026 AUC 0.7720 Pre 0.0432 Rec 0.1429
2026-09-01 00:30:22 | Epoch   5/100 | Train Loss 5.7913 Acc 0.2401 | Val Loss 5.8561 Acc 0.3930 AUC 0.8676 Pre 0.3302 Rec 0.2261
2026-09-01 00:30:22 | Epoch   6/100 | Train Loss 5.9263 Acc 0.2192 | Val Loss 5.9023 Acc 0.4410 AUC 0.8861 Pre 0.3299 Rec 0.2702
2026-09-01 00:30:22 |   Val AUC improved to 0.8861, model saved
2026-09-01 00:30:22 | Epoch   7/100 | Train Loss 5.9749 Acc 0.2155 | Val Loss 5.8232 Acc 0.4779 AUC 0.8850 Pre 0.3218 Rec 0.3040
2026-09-01 00:30:22 | Epoch   8/100 | Train Loss 5.8901 Acc 0.2395 | Val Loss 5.6567 Acc 0.5166 AUC 0.8743 Pre 0.3510 Rec 0.3430
2026-09-01 00:30:22 | Epoch   9/100 | Train Loss 5.7559 Acc 0.2321 | Val Loss 5.4049 Acc 0.5498 AUC 0.8585 Pre 0.3781 Rec 0.3800
2026-09-01 00:30:22 | Epoch  10/100 | Train Loss 5.4648 Acc 0.2999 | Val Loss 5.0658 Acc 0.5203 AUC 0.8477 Pre 0.3688 Rec 0.3488
2026-09-01 00:30:23 | Epoch  11/100 | Train Loss 5.1374 Acc 0.3344 | Val Loss 4.7041 Acc 0.4779 AUC 0.8346 Pre 0.3408 Rec 0.3050
2026-09-01 00:30:23 | Epoch  12/100 | Train Loss 4.7499 Acc 0.3959 | Val Loss 4.4766 Acc 0.4779 AUC 0.8215 Pre 0.2715 Rec 0.3039
2026-09-01 00:30:23 | Epoch  13/100 | Train Loss 4.5261 Acc 0.4218 | Val Loss 4.2995 Acc 0.5166 AUC 0.8389 Pre 0.2167 Rec 0.3402
2026-09-01 00:30:23 | Epoch  14/100 | Train Loss 4.3225 Acc 0.4821 | Val Loss 4.0474 Acc 0.5683 AUC 0.9002 Pre 0.2501 Rec 0.3906
2026-09-01 00:30:23 |   Val AUC improved to 0.9002, model saved
2026-09-01 00:30:23 | Epoch  15/100 | Train Loss 4.0709 Acc 0.5308 | Val Loss 3.7891 Acc 0.5720 AUC 0.9234 Pre 0.2937 Rec 0.3964
2026-09-01 00:30:23 |   Val AUC improved to 0.9234, model saved
2026-09-01 00:30:23 | Epoch  16/100 | Train Loss 3.8097 Acc 0.5357 | Val Loss 3.5102 Acc 0.5756 AUC 0.9241 Pre 0.2871 Rec 0.3989
2026-09-01 00:30:23 |   Val AUC improved to 0.9241, model saved
2026-09-01 00:30:23 | Epoch  17/100 | Train Loss 3.5110 Acc 0.5579 | Val Loss 3.2962 Acc 0.5812 AUC 0.9242 Pre 0.2674 Rec 0.4024
2026-09-01 00:30:23 |   Val AUC improved to 0.9242, model saved
2026-09-01 00:30:23 | Epoch  18/100 | Train Loss 3.2772 Acc 0.5794 | Val Loss 3.1581 Acc 0.5849 AUC 0.9219 Pre 0.2511 Rec 0.4049
2026-09-01 00:30:23 | Epoch  19/100 | Train Loss 3.1384 Acc 0.5924 | Val Loss 3.0170 Acc 0.5886 AUC 0.9225 Pre 0.2509 Rec 0.4083
2026-09-01 00:30:23 | Epoch  20/100 | Train Loss 2.9761 Acc 0.6034 | Val Loss 2.8861 Acc 0.6052 AUC 0.9259 Pre 0.3877 Rec 0.4278
2026-09-01 00:30:23 |   Val AUC improved to 0.9259, model saved
2026-09-01 00:30:23 | Epoch  21/100 | Train Loss 2.8226 Acc 0.6078 | Val Loss 2.7880 Acc 0.6421 AUC 0.9281 Pre 0.5171 Rec 0.4720
2026-09-01 00:30:23 |   Val AUC improved to 0.9281, model saved
2026-09-01 00:30:23 | Epoch  22/100 | Train Loss 2.7208 Acc 0.6238 | Val Loss 2.7084 Acc 0.6771 AUC 0.9280 Pre 0.4850 Rec 0.5139
2026-09-01 00:30:23 | Epoch  23/100 | Train Loss 2.6039 Acc 0.6373 | Val Loss 2.6454 Acc 0.6937 AUC 0.9263 Pre 0.4826 Rec 0.5385
2026-09-01 00:30:23 | Epoch  24/100 | Train Loss 2.4835 Acc 0.6521 | Val Loss 2.5809 Acc 0.7140 AUC 0.9265 Pre 0.5157 Rec 0.5698
2026-09-01 00:30:23 | Epoch  25/100 | Train Loss 2.3913 Acc 0.6823 | Val Loss 2.4978 Acc 0.7306 AUC 0.9297 Pre 0.5241 Rec 0.5922
2026-09-01 00:30:23 |   Val AUC improved to 0.9297, model saved
2026-09-01 00:30:23 | Epoch  26/100 | Train Loss 2.2664 Acc 0.7038 | Val Loss 2.4087 Acc 0.7454 AUC 0.9333 Pre 0.5308 Rec 0.6107
2026-09-01 00:30:23 |   Val AUC improved to 0.9333, model saved
2026-09-01 00:30:23 | Epoch  27/100 | Train Loss 2.1420 Acc 0.7297 | Val Loss 2.3191 Acc 0.7528 AUC 0.9381 Pre 0.5332 Rec 0.6192
2026-09-01 00:30:24 |   Val AUC improved to 0.9381, model saved
2026-09-01 00:30:24 | Epoch  28/100 | Train Loss 2.0233 Acc 0.7408 | Val Loss 2.2426 Acc 0.7546 AUC 0.9440 Pre 0.5381 Rec 0.6226
2026-09-01 00:30:24 |   Val AUC improved to 0.9440, model saved
2026-09-01 00:30:24 | Epoch  29/100 | Train Loss 1.8915 Acc 0.7543 | Val Loss 2.1854 Acc 0.7620 AUC 0.9500 Pre 0.5448 Rec 0.6314
2026-09-01 00:30:24 |   Val AUC improved to 0.9500, model saved
2026-09-01 00:30:24 | Epoch  30/100 | Train Loss 1.7705 Acc 0.7869 | Val Loss 2.1364 Acc 0.7638 AUC 0.9546 Pre 0.5502 Rec 0.6351
2026-09-01 00:30:24 |   Val AUC improved to 0.9546, model saved
2026-09-01 00:30:24 | Epoch  31/100 | Train Loss 1.6740 Acc 0.7906 | Val Loss 2.0925 Acc 0.7620 AUC 0.9568 Pre 0.5493 Rec 0.6330
2026-09-01 00:30:24 |   Val AUC improved to 0.9568, model saved
2026-09-01 00:30:24 | Epoch  32/100 | Train Loss 1.5785 Acc 0.8023 | Val Loss 2.0515 Acc 0.7620 AUC 0.9568 Pre 0.5484 Rec 0.6330
2026-09-01 00:30:24 |   Val AUC improved to 0.9568, model saved
2026-09-01 00:30:24 | Epoch  33/100 | Train Loss 1.4999 Acc 0.8060 | Val Loss 2.0263 Acc 0.7823 AUC 0.9562 Pre 0.8107 Rec 0.6692
2026-09-01 00:30:24 | Epoch  34/100 | Train Loss 1.4167 Acc 0.8227 | Val Loss 2.0042 Acc 0.8247 AUC 0.9560 Pre 0.8131 Rec 0.7554
2026-09-01 00:30:24 | Epoch  35/100 | Train Loss 1.3544 Acc 0.8374 | Val Loss 1.9869 Acc 0.8395 AUC 0.9564 Pre 0.8107 Rec 0.7910
2026-09-01 00:30:24 | Epoch  36/100 | Train Loss 1.2917 Acc 0.8627 | Val Loss 1.9699 Acc 0.8413 AUC 0.9565 Pre 0.8140 Rec 0.7988
2026-09-01 00:30:24 | Epoch  37/100 | Train Loss 1.2269 Acc 0.8695 | Val Loss 1.9574 Acc 0.8469 AUC 0.9562 Pre 0.8258 Rec 0.8080
2026-09-01 00:30:24 | Epoch  38/100 | Train Loss 1.1755 Acc 0.8805 | Val Loss 1.9386 Acc 0.8487 AUC 0.9569 Pre 0.8323 Rec 0.8097
2026-09-01 00:30:24 |   Val AUC improved to 0.9569, model saved
2026-09-01 00:30:24 | Epoch  39/100 | Train Loss 1.0865 Acc 0.9009 | Val Loss 1.9218 Acc 0.8469 AUC 0.9574 Pre 0.8224 Rec 0.8084
2026-09-01 00:30:24 |   Val AUC improved to 0.9574, model saved
2026-09-01 00:30:24 | Epoch  40/100 | Train Loss 1.0483 Acc 0.9009 | Val Loss 1.9016 Acc 0.8469 AUC 0.9579 Pre 0.8249 Rec 0.8068
2026-09-01 00:30:24 |   Val AUC improved to 0.9579, model saved
2026-09-01 00:30:24 | Epoch  41/100 | Train Loss 0.9762 Acc 0.9163 | Val Loss 1.8819 Acc 0.8542 AUC 0.9584 Pre 0.8356 Rec 0.8227
2026-09-01 00:30:24 |   Val AUC improved to 0.9584, model saved
2026-09-01 00:30:24 | Epoch  42/100 | Train Loss 0.9196 Acc 0.9261 | Val Loss 1.8493 Acc 0.8542 AUC 0.9590 Pre 0.8342 Rec 0.8265
2026-09-01 00:30:24 |   Val AUC improved to 0.9590, model saved
2026-09-01 00:30:24 | Epoch  43/100 | Train Loss 0.8492 Acc 0.9310 | Val Loss 1.8223 Acc 0.8561 AUC 0.9594 Pre 0.8336 Rec 0.8360
2026-09-01 00:30:24 |   Val AUC improved to 0.9594, model saved
2026-09-01 00:30:24 | Epoch  44/100 | Train Loss 0.8045 Acc 0.9421 | Val Loss 1.8073 Acc 0.8561 AUC 0.9594 Pre 0.8336 Rec 0.8360
2026-09-01 00:30:24 |   Val AUC improved to 0.9594, model saved
2026-09-01 00:30:25 | Epoch  45/100 | Train Loss 0.7884 Acc 0.9341 | Val Loss 1.8048 Acc 0.8506 AUC 0.9596 Pre 0.8305 Rec 0.8305
2026-09-01 00:30:25 |   Val AUC improved to 0.9596, model saved
2026-09-01 00:30:25 | Epoch  46/100 | Train Loss 0.7383 Acc 0.9470 | Val Loss 1.8101 Acc 0.8487 AUC 0.9597 Pre 0.8310 Rec 0.8305
2026-09-01 00:30:25 |   Val AUC improved to 0.9597, model saved
2026-09-01 00:30:25 | Epoch  47/100 | Train Loss 0.6950 Acc 0.9501 | Val Loss 1.8039 Acc 0.8469 AUC 0.9601 Pre 0.8277 Rec 0.8327
2026-09-01 00:30:25 |   Val AUC improved to 0.9601, model saved
2026-09-01 00:30:25 | Epoch  48/100 | Train Loss 0.6754 Acc 0.9433 | Val Loss 1.8021 Acc 0.8524 AUC 0.9602 Pre 0.8341 Rec 0.8378
2026-09-01 00:30:25 |   Val AUC improved to 0.9602, model saved
2026-09-01 00:30:25 | Epoch  49/100 | Train Loss 0.6548 Acc 0.9501 | Val Loss 1.8037 Acc 0.8506 AUC 0.9594 Pre 0.8328 Rec 0.8322
2026-09-01 00:30:25 | Epoch  50/100 | Train Loss 0.6349 Acc 0.9557 | Val Loss 1.8169 Acc 0.8506 AUC 0.9587 Pre 0.8358 Rec 0.8326
2026-09-01 00:30:25 | Epoch  51/100 | Train Loss 0.5866 Acc 0.9631 | Val Loss 1.8227 Acc 0.8487 AUC 0.9581 Pre 0.8314 Rec 0.8312
2026-09-01 00:30:25 | Epoch  52/100 | Train Loss 0.5720 Acc 0.9575 | Val Loss 1.8311 Acc 0.8506 AUC 0.9576 Pre 0.8334 Rec 0.8351
2026-09-01 00:30:25 | Epoch  53/100 | Train Loss 0.5446 Acc 0.9569 | Val Loss 1.8416 Acc 0.8506 AUC 0.9570 Pre 0.8319 Rec 0.8351
2026-09-01 00:30:25 | Epoch  54/100 | Train Loss 0.5147 Acc 0.9606 | Val Loss 1.8603 Acc 0.8469 AUC 0.9562 Pre 0.8335 Rec 0.8253
2026-09-01 00:30:25 | Epoch  55/100 | Train Loss 0.4922 Acc 0.9667 | Val Loss 1.8688 Acc 0.8413 AUC 0.9556 Pre 0.8267 Rec 0.8162
2026-09-01 00:30:25 | Epoch  56/100 | Train Loss 0.4823 Acc 0.9606 | Val Loss 1.8715 Acc 0.8413 AUC 0.9552 Pre 0.8267 Rec 0.8162
2026-09-01 00:30:25 | Epoch  57/100 | Train Loss 0.4572 Acc 0.9655 | Val Loss 1.8788 Acc 0.8469 AUC 0.9547 Pre 0.8332 Rec 0.8261
2026-09-01 00:30:25 | Epoch  58/100 | Train Loss 0.4477 Acc 0.9649 | Val Loss 1.8916 Acc 0.8469 AUC 0.9544 Pre 0.8325 Rec 0.8261
2026-09-01 00:30:25 | Val AUC did not improve for 10 consecutive epochs, early stopping at Epoch 58 (best AUC 0.9602 @ Epoch 48)
2026-09-01 00:30:25 | Run 1/5 | Test (best model @ Epoch 48) | Loss 1.7340 Acc 0.8690 AUC 0.9689 Pre 0.8535 Rec 0.8697
2026-09-01 00:30:25 | ===== Run 2/5 (seed 1) =====
2026-09-01 00:30:25 | Epoch   1/100 | Train Loss 7.0958 Acc 0.1392 | Val Loss 6.6690 Acc 0.3026 AUC 0.8293 Pre 0.0432 Rec 0.1429
2026-09-01 00:30:25 |   Val AUC improved to 0.8293, model saved
2026-09-01 00:30:25 | Epoch   2/100 | Train Loss 6.7942 Acc 0.1515 | Val Loss 6.1040 Acc 0.3026 AUC 0.7163 Pre 0.0432 Rec 0.1429
2026-09-01 00:30:25 | Epoch   3/100 | Train Loss 6.2371 Acc 0.2112 | Val Loss 6.7232 Acc 0.3026 AUC 0.6121 Pre 0.0432 Rec 0.1429
2026-09-01 00:30:25 | Epoch   4/100 | Train Loss 6.9013 Acc 0.3030 | Val Loss 5.6705 Acc 0.3026 AUC 0.8203 Pre 0.0432 Rec 0.1429
2026-09-01 00:30:25 | Epoch   5/100 | Train Loss 5.7663 Acc 0.2371 | Val Loss 5.8576 Acc 0.5498 AUC 0.8714 Pre 0.2899 Rec 0.3827
2026-09-01 00:30:25 |   Val AUC improved to 0.8714, model saved
2026-09-01 00:30:25 | Epoch   6/100 | Train Loss 5.9273 Acc 0.2155 | Val Loss 5.9082 Acc 0.5609 AUC 0.8936 Pre 0.2664 Rec 0.3960
2026-09-01 00:30:25 |   Val AUC improved to 0.8936, model saved
2026-09-01 00:30:25 | Epoch   7/100 | Train Loss 5.9765 Acc 0.2063 | Val Loss 5.8310 Acc 0.5443 AUC 0.8917 Pre 0.2604 Rec 0.3922
2026-09-01 00:30:25 | Epoch   8/100 | Train Loss 5.9045 Acc 0.2057 | Val Loss 5.6759 Acc 0.5111 AUC 0.8759 Pre 0.3063 Rec 0.3674
2026-09-01 00:30:25 | Epoch   9/100 | Train Loss 5.7299 Acc 0.2328 | Val Loss 5.4450 Acc 0.4760 AUC 0.8647 Pre 0.3090 Rec 0.3351
2026-09-01 00:30:25 | Epoch  10/100 | Train Loss 5.5302 Acc 0.2580 | Val Loss 5.1222 Acc 0.4963 AUC 0.8723 Pre 0.3100 Rec 0.3372
2026-09-01 00:30:25 | Epoch  11/100 | Train Loss 5.1820 Acc 0.3239 | Val Loss 4.7302 Acc 0.5111 AUC 0.8878 Pre 0.2922 Rec 0.3386
2026-09-01 00:30:26 | Epoch  12/100 | Train Loss 4.8089 Acc 0.3781 | Val Loss 4.4321 Acc 0.4963 AUC 0.8640 Pre 0.2543 Rec 0.3221
2026-09-01 00:30:26 | Epoch  13/100 | Train Loss 4.4802 Acc 0.4470 | Val Loss 4.2659 Acc 0.5295 AUC 0.8646 Pre 0.2470 Rec 0.3526
2026-09-01 00:30:26 | Epoch  14/100 | Train Loss 4.2726 Acc 0.4784 | Val Loss 3.9775 Acc 0.5738 AUC 0.9134 Pre 0.2419 Rec 0.3964
2026-09-01 00:30:26 |   Val AUC improved to 0.9134, model saved
2026-09-01 00:30:26 | Epoch  15/100 | Train Loss 3.9932 Acc 0.5425 | Val Loss 3.7145 Acc 0.5738 AUC 0.9319 Pre 0.2765 Rec 0.3997
2026-09-01 00:30:26 |   Val AUC improved to 0.9319, model saved
2026-09-01 00:30:26 | Epoch  16/100 | Train Loss 3.7375 Acc 0.5560 | Val Loss 3.4312 Acc 0.5720 AUC 0.9328 Pre 0.2855 Rec 0.3972
2026-09-01 00:30:26 |   Val AUC improved to 0.9328, model saved
2026-09-01 00:30:26 | Epoch  17/100 | Train Loss 3.4358 Acc 0.5757 | Val Loss 3.1900 Acc 0.5849 AUC 0.9317 Pre 0.2731 Rec 0.4049
2026-09-01 00:30:26 | Epoch  18/100 | Train Loss 3.1609 Acc 0.5905 | Val Loss 3.0378 Acc 0.6365 AUC 0.9300 Pre 0.5219 Rec 0.4675
2026-09-01 00:30:26 | Epoch  19/100 | Train Loss 2.9755 Acc 0.6195 | Val Loss 2.8577 Acc 0.7103 AUC 0.9330 Pre 0.5124 Rec 0.5566
2026-09-01 00:30:26 |   Val AUC improved to 0.9330, model saved
2026-09-01 00:30:26 | Epoch  20/100 | Train Loss 2.7764 Acc 0.6576 | Val Loss 2.6738 Acc 0.7454 AUC 0.9411 Pre 0.5174 Rec 0.6011
2026-09-01 00:30:26 |   Val AUC improved to 0.9411, model saved
2026-09-01 00:30:26 | Epoch  21/100 | Train Loss 2.5956 Acc 0.6749 | Val Loss 2.5357 Acc 0.7454 AUC 0.9477 Pre 0.5263 Rec 0.6072
2026-09-01 00:30:26 |   Val AUC improved to 0.9477, model saved
2026-09-01 00:30:26 | Epoch  22/100 | Train Loss 2.4396 Acc 0.7149 | Val Loss 2.4271 Acc 0.7546 AUC 0.9488 Pre 0.5363 Rec 0.6176
2026-09-01 00:30:26 |   Val AUC improved to 0.9488, model saved
2026-09-01 00:30:26 | Epoch  23/100 | Train Loss 2.2915 Acc 0.7328 | Val Loss 2.3550 Acc 0.7583 AUC 0.9482 Pre 0.5375 Rec 0.6239
2026-09-01 00:30:26 | Epoch  24/100 | Train Loss 2.1671 Acc 0.7438 | Val Loss 2.3065 Acc 0.7528 AUC 0.9483 Pre 0.5374 Rec 0.6182
2026-09-01 00:30:26 | Epoch  25/100 | Train Loss 2.0854 Acc 0.7494 | Val Loss 2.2503 Acc 0.7657 AUC 0.9503 Pre 0.5439 Rec 0.6336
2026-09-01 00:30:26 |   Val AUC improved to 0.9503, model saved
2026-09-01 00:30:26 | Epoch  26/100 | Train Loss 1.9834 Acc 0.7586 | Val Loss 2.1865 Acc 0.7731 AUC 0.9534 Pre 0.6888 Rec 0.6468
2026-09-01 00:30:26 |   Val AUC improved to 0.9534, model saved
2026-09-01 00:30:26 | Epoch  27/100 | Train Loss 1.8678 Acc 0.7857 | Val Loss 2.1205 Acc 0.7712 AUC 0.9556 Pre 0.6855 Rec 0.6444
2026-09-01 00:30:26 |   Val AUC improved to 0.9556, model saved
2026-09-01 00:30:26 | Epoch  28/100 | Train Loss 1.7741 Acc 0.7900 | Val Loss 2.0642 Acc 0.7786 AUC 0.9563 Pre 0.6571 Rec 0.6550
2026-09-01 00:30:26 |   Val AUC improved to 0.9563, model saved
2026-09-01 00:30:26 | Epoch  29/100 | Train Loss 1.6759 Acc 0.8054 | Val Loss 2.0195 Acc 0.7989 AUC 0.9570 Pre 0.6779 Rec 0.6928
2026-09-01 00:30:26 |   Val AUC improved to 0.9570, model saved
2026-09-01 00:30:26 | Epoch  30/100 | Train Loss 1.5968 Acc 0.8067 | Val Loss 1.9835 Acc 0.8192 AUC 0.9583 Pre 0.8253 Rec 0.7323
2026-09-01 00:30:26 |   Val AUC improved to 0.9583, model saved
2026-09-01 00:30:26 | Epoch  31/100 | Train Loss 1.5037 Acc 0.8239 | Val Loss 1.9544 Acc 0.8321 AUC 0.9592 Pre 0.8290 Rec 0.7604
2026-09-01 00:30:26 |   Val AUC improved to 0.9592, model saved
2026-09-01 00:30:26 | Epoch  32/100 | Train Loss 1.4348 Acc 0.8282 | Val Loss 1.9307 Acc 0.8339 AUC 0.9596 Pre 0.8296 Rec 0.7695
2026-09-01 00:30:26 |   Val AUC improved to 0.9596, model saved
2026-09-01 00:30:26 | Epoch  33/100 | Train Loss 1.3434 Acc 0.8578 | Val Loss 1.9064 Acc 0.8395 AUC 0.9598 Pre 0.8348 Rec 0.7807
2026-09-01 00:30:26 |   Val AUC improved to 0.9598, model saved
2026-09-01 00:30:26 | Epoch  34/100 | Train Loss 1.2796 Acc 0.8658 | Val Loss 1.8864 Acc 0.8506 AUC 0.9596 Pre 0.8447 Rec 0.8065
2026-09-01 00:30:26 | Epoch  35/100 | Train Loss 1.2143 Acc 0.8738 | Val Loss 1.8711 Acc 0.8506 AUC 0.9597 Pre 0.8441 Rec 0.8110
2026-09-01 00:30:26 | Epoch  36/100 | Train Loss 1.1788 Acc 0.8849 | Val Loss 1.8592 Acc 0.8561 AUC 0.9601 Pre 0.8420 Rec 0.8258
2026-09-01 00:30:26 |   Val AUC improved to 0.9601, model saved
2026-09-01 00:30:26 | Epoch  37/100 | Train Loss 1.0772 Acc 0.9101 | Val Loss 1.8500 Acc 0.8561 AUC 0.9603 Pre 0.8372 Rec 0.8275
2026-09-01 00:30:26 |   Val AUC improved to 0.9603, model saved
2026-09-01 00:30:26 | Epoch  38/100 | Train Loss 1.0306 Acc 0.9138 | Val Loss 1.8418 Acc 0.8579 AUC 0.9603 Pre 0.8350 Rec 0.8315
2026-09-01 00:30:26 | Epoch  39/100 | Train Loss 0.9936 Acc 0.9156 | Val Loss 1.8342 Acc 0.8561 AUC 0.9599 Pre 0.8345 Rec 0.8317
2026-09-01 00:30:27 | Epoch  40/100 | Train Loss 0.9400 Acc 0.9230 | Val Loss 1.8214 Acc 0.8561 AUC 0.9599 Pre 0.8363 Rec 0.8340
2026-09-01 00:30:27 | Epoch  41/100 | Train Loss 0.8710 Acc 0.9384 | Val Loss 1.8080 Acc 0.8579 AUC 0.9598 Pre 0.8370 Rec 0.8380
2026-09-01 00:30:27 | Epoch  42/100 | Train Loss 0.8033 Acc 0.9446 | Val Loss 1.7969 Acc 0.8579 AUC 0.9594 Pre 0.8370 Rec 0.8380
2026-09-01 00:30:27 | Epoch  43/100 | Train Loss 0.7852 Acc 0.9353 | Val Loss 1.7849 Acc 0.8579 AUC 0.9593 Pre 0.8408 Rec 0.8456
2026-09-01 00:30:27 | Epoch  44/100 | Train Loss 0.7318 Acc 0.9372 | Val Loss 1.7715 Acc 0.8598 AUC 0.9597 Pre 0.8463 Rec 0.8464
2026-09-01 00:30:27 | Epoch  45/100 | Train Loss 0.6884 Acc 0.9514 | Val Loss 1.7564 Acc 0.8579 AUC 0.9600 Pre 0.8430 Rec 0.8428
2026-09-01 00:30:27 | Epoch  46/100 | Train Loss 0.6340 Acc 0.9575 | Val Loss 1.7437 Acc 0.8542 AUC 0.9600 Pre 0.8396 Rec 0.8368
2026-09-01 00:30:27 | Epoch  47/100 | Train Loss 0.6095 Acc 0.9495 | Val Loss 1.7395 Acc 0.8542 AUC 0.9596 Pre 0.8396 Rec 0.8368
2026-09-01 00:30:27 | Val AUC did not improve for 10 consecutive epochs, early stopping at Epoch 47 (best AUC 0.9603 @ Epoch 37)
2026-09-01 00:30:27 | Run 2/5 | Test (best model @ Epoch 37) | Loss 1.7811 Acc 0.8708 AUC 0.9701 Pre 0.8549 Rec 0.8588
2026-09-01 00:30:27 | ===== Run 3/5 (seed 2) =====
2026-09-01 00:30:27 | Epoch   1/100 | Train Loss 7.0702 Acc 0.1355 | Val Loss 6.6452 Acc 0.3026 AUC 0.8335 Pre 0.0432 Rec 0.1429
2026-09-01 00:30:27 |   Val AUC improved to 0.8335, model saved
2026-09-01 00:30:27 | Epoch   2/100 | Train Loss 6.7399 Acc 0.1644 | Val Loss 6.0396 Acc 0.3026 AUC 0.7325 Pre 0.0432 Rec 0.1429
2026-09-01 00:30:27 | Epoch   3/100 | Train Loss 6.1710 Acc 0.2186 | Val Loss 6.8222 Acc 0.3026 AUC 0.6425 Pre 0.0432 Rec 0.1429
2026-09-01 00:30:27 | Epoch   4/100 | Train Loss 7.0053 Acc 0.3036 | Val Loss 5.6335 Acc 0.3026 AUC 0.8199 Pre 0.0432 Rec 0.1429
2026-09-01 00:30:27 | Epoch   5/100 | Train Loss 5.7406 Acc 0.2186 | Val Loss 5.8450 Acc 0.5000 AUC 0.8660 Pre 0.2947 Rec 0.3341
2026-09-01 00:30:27 |   Val AUC improved to 0.8660, model saved
2026-09-01 00:30:27 | Epoch   6/100 | Train Loss 5.9130 Acc 0.2235 | Val Loss 5.9196 Acc 0.4815 AUC 0.8970 Pre 0.2852 Rec 0.3410
2026-09-01 00:30:27 |   Val AUC improved to 0.8970, model saved
2026-09-01 00:30:27 | Epoch   7/100 | Train Loss 6.0079 Acc 0.1983 | Val Loss 5.8653 Acc 0.4059 AUC 0.9126 Pre 0.3025 Rec 0.2986
2026-09-01 00:30:27 |   Val AUC improved to 0.9126, model saved
2026-09-01 00:30:27 | Epoch   8/100 | Train Loss 5.9331 Acc 0.2014 | Val Loss 5.7405 Acc 0.3137 AUC 0.9133 Pre 0.3030 Rec 0.2476
2026-09-01 00:30:27 |   Val AUC improved to 0.9133, model saved
2026-09-01 00:30:27 | Epoch   9/100 | Train Loss 5.7878 Acc 0.2278 | Val Loss 5.5538 Acc 0.2841 AUC 0.9104 Pre 0.2988 Rec 0.2361
2026-09-01 00:30:27 | Epoch  10/100 | Train Loss 5.6319 Acc 0.2371 | Val Loss 5.2915 Acc 0.4022 AUC 0.9128 Pre 0.3051 Rec 0.3077
2026-09-01 00:30:27 | Epoch  11/100 | Train Loss 5.3441 Acc 0.2617 | Val Loss 4.9488 Acc 0.5240 AUC 0.9162 Pre 0.2938 Rec 0.3702
2026-09-01 00:30:27 |   Val AUC improved to 0.9162, model saved
2026-09-01 00:30:27 | Epoch  12/100 | Train Loss 5.0012 Acc 0.3171 | Val Loss 4.6025 Acc 0.4557 AUC 0.9113 Pre 0.2596 Rec 0.2855
2026-09-01 00:30:27 | Epoch  13/100 | Train Loss 4.6490 Acc 0.3892 | Val Loss 4.4322 Acc 0.3801 AUC 0.8992 Pre 0.2947 Rec 0.2137
2026-09-01 00:30:27 | Epoch  14/100 | Train Loss 4.4768 Acc 0.4200 | Val Loss 4.2410 Acc 0.4613 AUC 0.9022 Pre 0.2970 Rec 0.2893
2026-09-01 00:30:27 | Epoch  15/100 | Train Loss 4.2760 Acc 0.4452 | Val Loss 3.8796 Acc 0.5590 AUC 0.9201 Pre 0.2625 Rec 0.3804
2026-09-01 00:30:27 |   Val AUC improved to 0.9201, model saved
2026-09-01 00:30:27 | Epoch  16/100 | Train Loss 3.8946 Acc 0.5431 | Val Loss 3.5775 Acc 0.6089 AUC 0.9311 Pre 0.4664 Rec 0.4434
2026-09-01 00:30:27 |   Val AUC improved to 0.9311, model saved
2026-09-01 00:30:27 | Epoch  17/100 | Train Loss 3.6001 Acc 0.5874 | Val Loss 3.3317 Acc 0.6734 AUC 0.9313 Pre 0.4792 Rec 0.5261
2026-09-01 00:30:27 |   Val AUC improved to 0.9313, model saved
2026-09-01 00:30:27 | Epoch  18/100 | Train Loss 3.3338 Acc 0.6164 | Val Loss 3.0803 Acc 0.6900 AUC 0.9344 Pre 0.4888 Rec 0.5511
2026-09-01 00:30:27 |   Val AUC improved to 0.9344, model saved
2026-09-01 00:30:27 | Epoch  19/100 | Train Loss 3.0572 Acc 0.6619 | Val Loss 2.8361 Acc 0.7269 AUC 0.9434 Pre 0.5082 Rec 0.5875
2026-09-01 00:30:27 |   Val AUC improved to 0.9434, model saved
2026-09-01 00:30:27 | Epoch  20/100 | Train Loss 2.7802 Acc 0.6853 | Val Loss 2.6473 Acc 0.7454 AUC 0.9509 Pre 0.5338 Rec 0.6071
2026-09-01 00:30:27 |   Val AUC improved to 0.9509, model saved
2026-09-01 00:30:27 | Epoch  21/100 | Train Loss 2.5303 Acc 0.7106 | Val Loss 2.4968 Acc 0.7435 AUC 0.9544 Pre 0.5319 Rec 0.6085
2026-09-01 00:30:27 |   Val AUC improved to 0.9544, model saved
2026-09-01 00:30:27 | Epoch  22/100 | Train Loss 2.3194 Acc 0.7451 | Val Loss 2.3788 Acc 0.7491 AUC 0.9557 Pre 0.5360 Rec 0.6158
2026-09-01 00:30:27 |   Val AUC improved to 0.9557, model saved
2026-09-01 00:30:27 | Epoch  23/100 | Train Loss 2.2001 Acc 0.7475 | Val Loss 2.3001 Acc 0.7528 AUC 0.9592 Pre 0.5392 Rec 0.6195
2026-09-01 00:30:27 |   Val AUC improved to 0.9592, model saved
2026-09-01 00:30:27 | Epoch  24/100 | Train Loss 2.0884 Acc 0.7697 | Val Loss 2.2348 Acc 0.7694 AUC 0.9622 Pre 0.6602 Rec 0.6494
2026-09-01 00:30:27 |   Val AUC improved to 0.9622, model saved
2026-09-01 00:30:28 | Epoch  25/100 | Train Loss 2.0053 Acc 0.7716 | Val Loss 2.1672 Acc 0.7970 AUC 0.9628 Pre 0.6856 Rec 0.7001
2026-09-01 00:30:28 |   Val AUC improved to 0.9628, model saved
2026-09-01 00:30:28 | Epoch  26/100 | Train Loss 1.9157 Acc 0.7839 | Val Loss 2.1165 Acc 0.8044 AUC 0.9626 Pre 0.6914 Rec 0.7096
2026-09-01 00:30:28 | Epoch  27/100 | Train Loss 1.8264 Acc 0.7968 | Val Loss 2.0808 Acc 0.8081 AUC 0.9632 Pre 0.6874 Rec 0.7182
2026-09-01 00:30:28 |   Val AUC improved to 0.9632, model saved
2026-09-01 00:30:28 | Epoch  28/100 | Train Loss 1.7474 Acc 0.8165 | Val Loss 2.0454 Acc 0.8210 AUC 0.9639 Pre 0.8311 Rec 0.7335
2026-09-01 00:30:28 |   Val AUC improved to 0.9639, model saved
2026-09-01 00:30:28 | Epoch  29/100 | Train Loss 1.6597 Acc 0.8405 | Val Loss 2.0074 Acc 0.8395 AUC 0.9641 Pre 0.8422 Rec 0.7706
2026-09-01 00:30:28 |   Val AUC improved to 0.9641, model saved
2026-09-01 00:30:28 | Epoch  30/100 | Train Loss 1.5636 Acc 0.8534 | Val Loss 1.9804 Acc 0.8395 AUC 0.9633 Pre 0.8408 Rec 0.7726
2026-09-01 00:30:28 | Epoch  31/100 | Train Loss 1.4767 Acc 0.8590 | Val Loss 1.9577 Acc 0.8432 AUC 0.9634 Pre 0.8429 Rec 0.7847
2026-09-01 00:30:28 | Epoch  32/100 | Train Loss 1.4070 Acc 0.8553 | Val Loss 1.9324 Acc 0.8561 AUC 0.9640 Pre 0.8506 Rec 0.8141
2026-09-01 00:30:28 | Epoch  33/100 | Train Loss 1.3272 Acc 0.8818 | Val Loss 1.9064 Acc 0.8598 AUC 0.9644 Pre 0.8538 Rec 0.8208
2026-09-01 00:30:28 |   Val AUC improved to 0.9644, model saved
2026-09-01 00:30:28 | Epoch  34/100 | Train Loss 1.2679 Acc 0.8855 | Val Loss 1.8813 Acc 0.8653 AUC 0.9644 Pre 0.8577 Rec 0.8350
2026-09-01 00:30:28 | Epoch  35/100 | Train Loss 1.1685 Acc 0.9015 | Val Loss 1.8652 Acc 0.8653 AUC 0.9639 Pre 0.8511 Rec 0.8375
2026-09-01 00:30:28 | Epoch  36/100 | Train Loss 1.1446 Acc 0.9021 | Val Loss 1.8597 Acc 0.8672 AUC 0.9628 Pre 0.8549 Rec 0.8428
2026-09-01 00:30:28 | Epoch  37/100 | Train Loss 1.0958 Acc 0.9132 | Val Loss 1.8612 Acc 0.8690 AUC 0.9622 Pre 0.8572 Rec 0.8487
2026-09-01 00:30:28 | Epoch  38/100 | Train Loss 1.0456 Acc 0.9144 | Val Loss 1.8657 Acc 0.8672 AUC 0.9616 Pre 0.8540 Rec 0.8466
2026-09-01 00:30:28 | Epoch  39/100 | Train Loss 0.9813 Acc 0.9255 | Val Loss 1.8680 Acc 0.8672 AUC 0.9613 Pre 0.8537 Rec 0.8466
2026-09-01 00:30:28 | Epoch  40/100 | Train Loss 0.9205 Acc 0.9353 | Val Loss 1.8704 Acc 0.8672 AUC 0.9609 Pre 0.8564 Rec 0.8466
2026-09-01 00:30:28 | Epoch  41/100 | Train Loss 0.8755 Acc 0.9372 | Val Loss 1.8674 Acc 0.8635 AUC 0.9605 Pre 0.8518 Rec 0.8409
2026-09-01 00:30:28 | Epoch  42/100 | Train Loss 0.8265 Acc 0.9397 | Val Loss 1.8584 Acc 0.8598 AUC 0.9598 Pre 0.8477 Rec 0.8330
2026-09-01 00:30:28 | Epoch  43/100 | Train Loss 0.7954 Acc 0.9403 | Val Loss 1.8445 Acc 0.8616 AUC 0.9592 Pre 0.8488 Rec 0.8378
2026-09-01 00:30:28 | Val AUC did not improve for 10 consecutive epochs, early stopping at Epoch 43 (best AUC 0.9644 @ Epoch 33)
2026-09-01 00:30:28 | Run 3/5 | Test (best model @ Epoch 33) | Loss 1.8725 Acc 0.8708 AUC 0.9698 Pre 0.8641 Rec 0.8521
2026-09-01 00:30:28 | ===== Run 4/5 (seed 3) =====
2026-09-01 00:30:28 | Epoch   1/100 | Train Loss 7.1091 Acc 0.1361 | Val Loss 6.6667 Acc 0.3026 AUC 0.8712 Pre 0.0432 Rec 0.1429
2026-09-01 00:30:28 |   Val AUC improved to 0.8712, model saved
2026-09-01 00:30:28 | Epoch   2/100 | Train Loss 6.7818 Acc 0.1749 | Val Loss 6.0873 Acc 0.3026 AUC 0.7731 Pre 0.0432 Rec 0.1429
2026-09-01 00:30:28 | Epoch   3/100 | Train Loss 6.2104 Acc 0.2174 | Val Loss 6.7947 Acc 0.3026 AUC 0.6271 Pre 0.0432 Rec 0.1429
2026-09-01 00:30:28 | Epoch   4/100 | Train Loss 6.9523 Acc 0.3054 | Val Loss 5.6346 Acc 0.3026 AUC 0.8094 Pre 0.0432 Rec 0.1429
2026-09-01 00:30:28 | Epoch   5/100 | Train Loss 5.7316 Acc 0.2543 | Val Loss 5.8200 Acc 0.5000 AUC 0.8849 Pre 0.2541 Rec 0.3255
2026-09-01 00:30:28 |   Val AUC improved to 0.8849, model saved
2026-09-01 00:30:28 | Epoch   6/100 | Train Loss 5.8935 Acc 0.2198 | Val Loss 5.8822 Acc 0.5517 AUC 0.9166 Pre 0.2425 Rec 0.3753
2026-09-01 00:30:28 |   Val AUC improved to 0.9166, model saved
2026-09-01 00:30:28 | Epoch   7/100 | Train Loss 5.9498 Acc 0.2149 | Val Loss 5.8117 Acc 0.5590 AUC 0.9255 Pre 0.2506 Rec 0.3878
2026-09-01 00:30:28 |   Val AUC improved to 0.9255, model saved
2026-09-01 00:30:28 | Epoch   8/100 | Train Loss 5.8904 Acc 0.2248 | Val Loss 5.6575 Acc 0.5480 AUC 0.9258 Pre 0.2779 Rec 0.3834
2026-09-01 00:30:28 |   Val AUC improved to 0.9258, model saved
2026-09-01 00:30:28 | Epoch   9/100 | Train Loss 5.7192 Acc 0.2586 | Val Loss 5.4209 Acc 0.5554 AUC 0.9239 Pre 0.2810 Rec 0.3877
2026-09-01 00:30:28 | Epoch  10/100 | Train Loss 5.4865 Acc 0.2833 | Val Loss 5.0885 Acc 0.5701 AUC 0.9192 Pre 0.2639 Rec 0.3939
2026-09-01 00:30:28 | Epoch  11/100 | Train Loss 5.1467 Acc 0.3393 | Val Loss 4.6939 Acc 0.5461 AUC 0.9049 Pre 0.2271 Rec 0.3695
2026-09-01 00:30:28 | Epoch  12/100 | Train Loss 4.7516 Acc 0.4138 | Val Loss 4.3968 Acc 0.5203 AUC 0.8869 Pre 0.2117 Rec 0.3443
2026-09-01 00:30:28 | Epoch  13/100 | Train Loss 4.4329 Acc 0.4612 | Val Loss 4.2326 Acc 0.5424 AUC 0.8880 Pre 0.2220 Rec 0.3653
2026-09-01 00:30:28 | Epoch  14/100 | Train Loss 4.2283 Acc 0.5172 | Val Loss 3.9503 Acc 0.5756 AUC 0.9121 Pre 0.2456 Rec 0.3989
2026-09-01 00:30:28 | Epoch  15/100 | Train Loss 3.9538 Acc 0.5554 | Val Loss 3.6390 Acc 0.5793 AUC 0.9280 Pre 0.2705 Rec 0.4047
2026-09-01 00:30:28 |   Val AUC improved to 0.9280, model saved
2026-09-01 00:30:28 | Epoch  16/100 | Train Loss 3.6227 Acc 0.5800 | Val Loss 3.3413 Acc 0.5775 AUC 0.9312 Pre 0.3934 Rec 0.4073
2026-09-01 00:30:28 |   Val AUC improved to 0.9312, model saved
2026-09-01 00:30:28 | Epoch  17/100 | Train Loss 3.3258 Acc 0.5979 | Val Loss 3.0900 Acc 0.6310 AUC 0.9340 Pre 0.3862 Rec 0.4591
2026-09-01 00:30:28 |   Val AUC improved to 0.9340, model saved
2026-09-01 00:30:28 | Epoch  18/100 | Train Loss 3.0317 Acc 0.6250 | Val Loss 2.9141 Acc 0.6882 AUC 0.9375 Pre 0.4726 Rec 0.5245
2026-09-01 00:30:28 |   Val AUC improved to 0.9375, model saved
2026-09-01 00:30:28 | Epoch  19/100 | Train Loss 2.8435 Acc 0.6453 | Val Loss 2.7478 Acc 0.7103 AUC 0.9398 Pre 0.4820 Rec 0.5528
2026-09-01 00:30:28 |   Val AUC improved to 0.9398, model saved
2026-09-01 00:30:28 | Epoch  20/100 | Train Loss 2.6358 Acc 0.6829 | Val Loss 2.5754 Acc 0.7269 AUC 0.9429 Pre 0.5034 Rec 0.5729
2026-09-01 00:30:28 |   Val AUC improved to 0.9429, model saved
2026-09-01 00:30:28 | Epoch  21/100 | Train Loss 2.4507 Acc 0.6866 | Val Loss 2.4440 Acc 0.7251 AUC 0.9463 Pre 0.5119 Rec 0.5754
2026-09-01 00:30:28 |   Val AUC improved to 0.9463, model saved
2026-09-01 00:30:28 | Epoch  22/100 | Train Loss 2.2958 Acc 0.7198 | Val Loss 2.3721 Acc 0.7325 AUC 0.9477 Pre 0.6640 Rec 0.5881
2026-09-01 00:30:28 |   Val AUC improved to 0.9477, model saved
2026-09-01 00:30:28 | Epoch  23/100 | Train Loss 2.1903 Acc 0.7334 | Val Loss 2.3345 Acc 0.7325 AUC 0.9486 Pre 0.6681 Rec 0.5902
2026-09-01 00:30:29 |   Val AUC improved to 0.9486, model saved
2026-09-01 00:30:29 | Epoch  24/100 | Train Loss 2.1071 Acc 0.7506 | Val Loss 2.2912 Acc 0.7749 AUC 0.9509 Pre 0.6812 Rec 0.6574
2026-09-01 00:30:29 |   Val AUC improved to 0.9509, model saved
2026-09-01 00:30:29 | Epoch  25/100 | Train Loss 2.0331 Acc 0.7679 | Val Loss 2.2322 Acc 0.7934 AUC 0.9542 Pre 0.6798 Rec 0.6898
2026-09-01 00:30:29 |   Val AUC improved to 0.9542, model saved
2026-09-01 00:30:29 | Epoch  26/100 | Train Loss 1.9421 Acc 0.7869 | Val Loss 2.1725 Acc 0.8100 AUC 0.9572 Pre 0.6872 Rec 0.7153
2026-09-01 00:30:29 |   Val AUC improved to 0.9572, model saved
2026-09-01 00:30:29 | Epoch  27/100 | Train Loss 1.8234 Acc 0.7999 | Val Loss 2.1131 Acc 0.8247 AUC 0.9592 Pre 0.8335 Rec 0.7383
2026-09-01 00:30:29 |   Val AUC improved to 0.9592, model saved
2026-09-01 00:30:29 | Epoch  28/100 | Train Loss 1.7309 Acc 0.8220 | Val Loss 2.0525 Acc 0.8376 AUC 0.9605 Pre 0.8393 Rec 0.7632
2026-09-01 00:30:29 |   Val AUC improved to 0.9605, model saved
2026-09-01 00:30:29 | Epoch  29/100 | Train Loss 1.6184 Acc 0.8417 | Val Loss 1.9933 Acc 0.8339 AUC 0.9619 Pre 0.8338 Rec 0.7632
2026-09-01 00:30:29 |   Val AUC improved to 0.9619, model saved
2026-09-01 00:30:29 | Epoch  30/100 | Train Loss 1.5156 Acc 0.8504 | Val Loss 1.9334 Acc 0.8339 AUC 0.9638 Pre 0.8348 Rec 0.7680
2026-09-01 00:30:29 |   Val AUC improved to 0.9638, model saved
2026-09-01 00:30:29 | Epoch  31/100 | Train Loss 1.4248 Acc 0.8615 | Val Loss 1.8866 Acc 0.8321 AUC 0.9650 Pre 0.8325 Rec 0.7675
2026-09-01 00:30:29 |   Val AUC improved to 0.9650, model saved
2026-09-01 00:30:29 | Epoch  32/100 | Train Loss 1.2929 Acc 0.8855 | Val Loss 1.8561 Acc 0.8339 AUC 0.9650 Pre 0.8327 Rec 0.7733
2026-09-01 00:30:29 |   Val AUC improved to 0.9650, model saved
2026-09-01 00:30:29 | Epoch  33/100 | Train Loss 1.2207 Acc 0.8916 | Val Loss 1.8348 Acc 0.8432 AUC 0.9651 Pre 0.8400 Rec 0.7951
2026-09-01 00:30:29 |   Val AUC improved to 0.9651, model saved
2026-09-01 00:30:29 | Epoch  34/100 | Train Loss 1.1508 Acc 0.8996 | Val Loss 1.8112 Acc 0.8598 AUC 0.9651 Pre 0.8546 Rec 0.8319
2026-09-01 00:30:29 | Epoch  35/100 | Train Loss 1.0617 Acc 0.9113 | Val Loss 1.7915 Acc 0.8598 AUC 0.9654 Pre 0.8487 Rec 0.8366
2026-09-01 00:30:29 |   Val AUC improved to 0.9654, model saved
2026-09-01 00:30:29 | Epoch  36/100 | Train Loss 1.0002 Acc 0.9206 | Val Loss 1.7817 Acc 0.8598 AUC 0.9654 Pre 0.8494 Rec 0.8366
2026-09-01 00:30:29 | Epoch  37/100 | Train Loss 0.9512 Acc 0.9236 | Val Loss 1.7752 Acc 0.8635 AUC 0.9649 Pre 0.8542 Rec 0.8422
2026-09-01 00:30:29 | Epoch  38/100 | Train Loss 0.8892 Acc 0.9273 | Val Loss 1.7682 Acc 0.8635 AUC 0.9645 Pre 0.8567 Rec 0.8411
2026-09-01 00:30:29 | Epoch  39/100 | Train Loss 0.8319 Acc 0.9317 | Val Loss 1.7644 Acc 0.8579 AUC 0.9637 Pre 0.8482 Rec 0.8341
2026-09-01 00:30:29 | Epoch  40/100 | Train Loss 0.7843 Acc 0.9378 | Val Loss 1.7586 Acc 0.8579 AUC 0.9629 Pre 0.8474 Rec 0.8325
2026-09-01 00:30:29 | Epoch  41/100 | Train Loss 0.7605 Acc 0.9366 | Val Loss 1.7513 Acc 0.8561 AUC 0.9623 Pre 0.8463 Rec 0.8285
2026-09-01 00:30:29 | Epoch  42/100 | Train Loss 0.7188 Acc 0.9384 | Val Loss 1.7436 Acc 0.8598 AUC 0.9618 Pre 0.8506 Rec 0.8334
2026-09-01 00:30:29 | Epoch  43/100 | Train Loss 0.6879 Acc 0.9458 | Val Loss 1.7335 Acc 0.8561 AUC 0.9616 Pre 0.8443 Rec 0.8332
2026-09-01 00:30:29 | Epoch  44/100 | Train Loss 0.6515 Acc 0.9507 | Val Loss 1.7271 Acc 0.8616 AUC 0.9614 Pre 0.8507 Rec 0.8397
2026-09-01 00:30:29 | Epoch  45/100 | Train Loss 0.6171 Acc 0.9544 | Val Loss 1.7212 Acc 0.8616 AUC 0.9615 Pre 0.8517 Rec 0.8420
2026-09-01 00:30:29 | Val AUC did not improve for 10 consecutive epochs, early stopping at Epoch 45 (best AUC 0.9654 @ Epoch 35)
2026-09-01 00:30:29 | Run 4/5 | Test (best model @ Epoch 35) | Loss 1.7228 Acc 0.8727 AUC 0.9725 Pre 0.8641 Rec 0.8633
2026-09-01 00:30:29 | ===== Run 5/5 (seed 4) =====
2026-09-01 00:30:29 | Epoch   1/100 | Train Loss 7.0772 Acc 0.1398 | Val Loss 6.6295 Acc 0.3026 AUC 0.8327 Pre 0.0432 Rec 0.1429
2026-09-01 00:30:29 |   Val AUC improved to 0.8327, model saved
2026-09-01 00:30:29 | Epoch   2/100 | Train Loss 6.7655 Acc 0.1786 | Val Loss 6.0669 Acc 0.3026 AUC 0.7573 Pre 0.0432 Rec 0.1429
2026-09-01 00:30:29 | Epoch   3/100 | Train Loss 6.1891 Acc 0.2241 | Val Loss 6.6597 Acc 0.3026 AUC 0.6446 Pre 0.0432 Rec 0.1429
2026-09-01 00:30:29 | Epoch   4/100 | Train Loss 6.8302 Acc 0.3017 | Val Loss 5.6224 Acc 0.3026 AUC 0.8253 Pre 0.0432 Rec 0.1429
2026-09-01 00:30:29 | Epoch   5/100 | Train Loss 5.7084 Acc 0.2451 | Val Loss 5.8162 Acc 0.4520 AUC 0.8784 Pre 0.2489 Rec 0.2803
2026-09-01 00:30:29 |   Val AUC improved to 0.8784, model saved
2026-09-01 00:30:29 | Epoch   6/100 | Train Loss 5.8850 Acc 0.2309 | Val Loss 5.8620 Acc 0.4982 AUC 0.9068 Pre 0.2146 Rec 0.3233
2026-09-01 00:30:29 |   Val AUC improved to 0.9068, model saved
2026-09-01 00:30:29 | Epoch   7/100 | Train Loss 5.9248 Acc 0.2420 | Val Loss 5.7664 Acc 0.5185 AUC 0.9171 Pre 0.2101 Rec 0.3435
2026-09-01 00:30:29 |   Val AUC improved to 0.9171, model saved
2026-09-01 00:30:29 | Epoch   8/100 | Train Loss 5.8440 Acc 0.2401 | Val Loss 5.5805 Acc 0.5369 AUC 0.9165 Pre 0.2186 Rec 0.3620
2026-09-01 00:30:29 | Epoch   9/100 | Train Loss 5.6458 Acc 0.2679 | Val Loss 5.3061 Acc 0.5369 AUC 0.9119 Pre 0.2218 Rec 0.3628
2026-09-01 00:30:29 | Epoch  10/100 | Train Loss 5.3599 Acc 0.3282 | Val Loss 4.9339 Acc 0.5258 AUC 0.9082 Pre 0.2193 Rec 0.3503
2026-09-01 00:30:29 | Epoch  11/100 | Train Loss 4.9950 Acc 0.3738 | Val Loss 4.5302 Acc 0.5037 AUC 0.8951 Pre 0.2242 Rec 0.3293
2026-09-01 00:30:29 | Epoch  12/100 | Train Loss 4.5544 Acc 0.4563 | Val Loss 4.2858 Acc 0.4797 AUC 0.8848 Pre 0.2197 Rec 0.3074
2026-09-01 00:30:29 | Epoch  13/100 | Train Loss 4.3175 Acc 0.4858 | Val Loss 4.0627 Acc 0.5203 AUC 0.9125 Pre 0.2530 Rec 0.3452
2026-09-01 00:30:29 | Epoch  14/100 | Train Loss 4.0753 Acc 0.5259 | Val Loss 3.7733 Acc 0.5554 AUC 0.9306 Pre 0.2881 Rec 0.3829
2026-09-01 00:30:29 |   Val AUC improved to 0.9306, model saved
2026-09-01 00:30:29 | Epoch  15/100 | Train Loss 3.8051 Acc 0.5431 | Val Loss 3.4607 Acc 0.5664 AUC 0.9364 Pre 0.4239 Rec 0.3949
2026-09-01 00:30:29 |   Val AUC improved to 0.9364, model saved
2026-09-01 00:30:29 | Epoch  16/100 | Train Loss 3.4804 Acc 0.5788 | Val Loss 3.1973 Acc 0.5996 AUC 0.9446 Pre 0.3694 Rec 0.4291
2026-09-01 00:30:29 |   Val AUC improved to 0.9446, model saved
2026-09-01 00:30:29 | Epoch  17/100 | Train Loss 3.1672 Acc 0.6238 | Val Loss 3.0380 Acc 0.6900 AUC 0.9460 Pre 0.4717 Rec 0.5411
2026-09-01 00:30:29 |   Val AUC improved to 0.9460, model saved
2026-09-01 00:30:29 | Epoch  18/100 | Train Loss 2.9907 Acc 0.6570 | Val Loss 2.8533 Acc 0.7343 AUC 0.9485 Pre 0.5078 Rec 0.5907
2026-09-01 00:30:29 |   Val AUC improved to 0.9485, model saved
2026-09-01 00:30:29 | Epoch  19/100 | Train Loss 2.7610 Acc 0.7044 | Val Loss 2.6575 Acc 0.7620 AUC 0.9541 Pre 0.5402 Rec 0.6212
2026-09-01 00:30:29 |   Val AUC improved to 0.9541, model saved
2026-09-01 00:30:29 | Epoch  20/100 | Train Loss 2.5365 Acc 0.7248 | Val Loss 2.5000 Acc 0.7657 AUC 0.9561 Pre 0.5418 Rec 0.6315
2026-09-01 00:30:29 |   Val AUC improved to 0.9561, model saved
2026-09-01 00:30:29 | Epoch  21/100 | Train Loss 2.3404 Acc 0.7482 | Val Loss 2.3792 Acc 0.7657 AUC 0.9552 Pre 0.5424 Rec 0.6319
2026-09-01 00:30:29 | Epoch  22/100 | Train Loss 2.2056 Acc 0.7580 | Val Loss 2.3102 Acc 0.7565 AUC 0.9528 Pre 0.5397 Rec 0.6211
2026-09-01 00:30:29 | Epoch  23/100 | Train Loss 2.1174 Acc 0.7586 | Val Loss 2.2504 Acc 0.7620 AUC 0.9541 Pre 0.5412 Rec 0.6260
2026-09-01 00:30:29 | Epoch  24/100 | Train Loss 2.0019 Acc 0.7648 | Val Loss 2.1856 Acc 0.7712 AUC 0.9587 Pre 0.6291 Rec 0.6425
2026-09-01 00:30:29 |   Val AUC improved to 0.9587, model saved
2026-09-01 00:30:29 | Epoch  25/100 | Train Loss 1.8734 Acc 0.7956 | Val Loss 2.1246 Acc 0.8026 AUC 0.9610 Pre 0.6782 Rec 0.6931
2026-09-01 00:30:29 |   Val AUC improved to 0.9610, model saved
2026-09-01 00:30:29 | Epoch  26/100 | Train Loss 1.7742 Acc 0.8023 | Val Loss 2.0631 Acc 0.8155 AUC 0.9611 Pre 0.6870 Rec 0.7189
2026-09-01 00:30:29 |   Val AUC improved to 0.9611, model saved
2026-09-01 00:30:29 | Epoch  27/100 | Train Loss 1.6576 Acc 0.8208 | Val Loss 2.0216 Acc 0.8137 AUC 0.9608 Pre 0.6816 Rec 0.7193
2026-09-01 00:30:29 | Epoch  28/100 | Train Loss 1.5648 Acc 0.8264 | Val Loss 1.9864 Acc 0.8303 AUC 0.9615 Pre 0.8294 Rec 0.7521
2026-09-01 00:30:29 |   Val AUC improved to 0.9615, model saved
2026-09-01 00:30:29 | Epoch  29/100 | Train Loss 1.5066 Acc 0.8411 | Val Loss 1.9573 Acc 0.8321 AUC 0.9624 Pre 0.8268 Rec 0.7658
2026-09-01 00:30:29 |   Val AUC improved to 0.9624, model saved
2026-09-01 00:30:29 | Epoch  30/100 | Train Loss 1.4255 Acc 0.8534 | Val Loss 1.9418 Acc 0.8413 AUC 0.9626 Pre 0.8326 Rec 0.7882
2026-09-01 00:30:29 |   Val AUC improved to 0.9626, model saved
2026-09-01 00:30:29 | Epoch  31/100 | Train Loss 1.3512 Acc 0.8590 | Val Loss 1.9371 Acc 0.8524 AUC 0.9622 Pre 0.8440 Rec 0.8099
2026-09-01 00:30:29 | Epoch  32/100 | Train Loss 1.2879 Acc 0.8750 | Val Loss 1.9377 Acc 0.8598 AUC 0.9616 Pre 0.8488 Rec 0.8271
2026-09-01 00:30:29 | Epoch  33/100 | Train Loss 1.2264 Acc 0.8922 | Val Loss 1.9263 Acc 0.8579 AUC 0.9618 Pre 0.8417 Rec 0.8289
2026-09-01 00:30:29 | Epoch  34/100 | Train Loss 1.1540 Acc 0.8984 | Val Loss 1.9105 Acc 0.8616 AUC 0.9618 Pre 0.8418 Rec 0.8368
2026-09-01 00:30:29 | Epoch  35/100 | Train Loss 1.1042 Acc 0.9064 | Val Loss 1.9025 Acc 0.8653 AUC 0.9612 Pre 0.8431 Rec 0.8432
2026-09-01 00:30:29 | Epoch  36/100 | Train Loss 1.0455 Acc 0.9212 | Val Loss 1.9002 Acc 0.8635 AUC 0.9606 Pre 0.8447 Rec 0.8415
2026-09-01 00:30:29 | Epoch  37/100 | Train Loss 1.0007 Acc 0.9261 | Val Loss 1.9042 Acc 0.8616 AUC 0.9598 Pre 0.8456 Rec 0.8398
2026-09-01 00:30:29 | Epoch  38/100 | Train Loss 0.9684 Acc 0.9286 | Val Loss 1.9061 Acc 0.8579 AUC 0.9592 Pre 0.8449 Rec 0.8380
2026-09-01 00:30:29 | Epoch  39/100 | Train Loss 0.9008 Acc 0.9390 | Val Loss 1.9047 Acc 0.8579 AUC 0.9590 Pre 0.8422 Rec 0.8377
2026-09-01 00:30:29 | Epoch  40/100 | Train Loss 0.8520 Acc 0.9440 | Val Loss 1.9055 Acc 0.8598 AUC 0.9588 Pre 0.8433 Rec 0.8420
2026-09-01 00:30:29 | Val AUC did not improve for 10 consecutive epochs, early stopping at Epoch 40 (best AUC 0.9626 @ Epoch 30)
2026-09-01 00:30:30 | Run 5/5 | Test (best model @ Epoch 30) | Loss 1.9417 Acc 0.8450 AUC 0.9687 Pre 0.8214 Rec 0.8031
2026-09-01 00:30:30 | Average over 5 runs | Test Loss 1.8104±0.0942 Acc 0.8657±0.0116 AUC 0.9700±0.0015 Pre 0.8516±0.0176 Rec 0.8494±0.0267
2026-09-01 00:35:54 | Device: cuda
2026-09-01 00:35:54 | Args: {'model': 'opb', 'backbone': 'gnn', 'task': 'cora', 'epochs': 100, 'batch_size': 512, 'lr': 0.01, 'hidden_dims': [512, 256], 'dropout': 0.2, 'z_dim': 256, 'anchor_scale': 10.0, 'max_len': 250, 'random_labels': False, 'beta': 0.1, 'patience': 10, 'runs': 5, 'seed': 0, 'data_dir': './data', 'save_path': 'output/cora_gnn_opb/cora_gnn_opb.pt', 'log_path': '/root/autodl-tmp/IB/tune_results/cora_gnn_opb_beta_0.1_anchor_10/train.log', 'no_save': True}
2026-09-01 00:35:58 | Cora 划分（60/20/20 分层）：train 1624 / val 542 / test 542（共 2708 节点，7 类）
2026-09-01 00:35:59 | ===== Run 1/5 (seed 0) =====
2026-09-01 00:36:00 | Epoch   1/100 | Train Loss 7.0934 Acc 0.1416 | Val Loss 6.6712 Acc 0.3026 AUC 0.8739 Pre 0.0432 Rec 0.1429
2026-09-01 00:36:00 |   Val AUC improved to 0.8739, model saved
2026-09-01 00:36:00 | Epoch   2/100 | Train Loss 6.7805 Acc 0.1736 | Val Loss 6.1088 Acc 0.3026 AUC 0.7283 Pre 0.0432 Rec 0.1429
2026-09-01 00:36:00 | Epoch   3/100 | Train Loss 6.2235 Acc 0.2223 | Val Loss 6.6445 Acc 0.3026 AUC 0.6100 Pre 0.0432 Rec 0.1429
2026-09-01 00:36:00 | Epoch   4/100 | Train Loss 6.8423 Acc 0.2999 | Val Loss 5.6995 Acc 0.3026 AUC 0.7720 Pre 0.0432 Rec 0.1429
2026-09-01 00:36:00 | Epoch   5/100 | Train Loss 5.7913 Acc 0.2401 | Val Loss 5.8561 Acc 0.3930 AUC 0.8676 Pre 0.3302 Rec 0.2261
2026-09-01 00:36:00 | Epoch   6/100 | Train Loss 5.9263 Acc 0.2192 | Val Loss 5.9023 Acc 0.4410 AUC 0.8861 Pre 0.3299 Rec 0.2702
2026-09-01 00:36:00 |   Val AUC improved to 0.8861, model saved
2026-09-01 00:36:00 | Epoch   7/100 | Train Loss 5.9749 Acc 0.2155 | Val Loss 5.8232 Acc 0.4779 AUC 0.8850 Pre 0.3218 Rec 0.3040
2026-09-01 00:36:00 | Epoch   8/100 | Train Loss 5.8901 Acc 0.2395 | Val Loss 5.6567 Acc 0.5166 AUC 0.8743 Pre 0.3510 Rec 0.3430
2026-09-01 00:36:00 | Epoch   9/100 | Train Loss 5.7559 Acc 0.2321 | Val Loss 5.4049 Acc 0.5498 AUC 0.8585 Pre 0.3781 Rec 0.3800
2026-09-01 00:36:00 | Epoch  10/100 | Train Loss 5.4648 Acc 0.2999 | Val Loss 5.0658 Acc 0.5203 AUC 0.8477 Pre 0.3688 Rec 0.3488
2026-09-01 00:36:01 | Epoch  11/100 | Train Loss 5.1374 Acc 0.3344 | Val Loss 4.7041 Acc 0.4779 AUC 0.8346 Pre 0.3408 Rec 0.3050
2026-09-01 00:36:01 | Epoch  12/100 | Train Loss 4.7499 Acc 0.3959 | Val Loss 4.4766 Acc 0.4779 AUC 0.8215 Pre 0.2715 Rec 0.3039
2026-09-01 00:36:01 | Epoch  13/100 | Train Loss 4.5261 Acc 0.4218 | Val Loss 4.2995 Acc 0.5166 AUC 0.8389 Pre 0.2167 Rec 0.3402
2026-09-01 00:36:01 | Epoch  14/100 | Train Loss 4.3225 Acc 0.4821 | Val Loss 4.0474 Acc 0.5683 AUC 0.9002 Pre 0.2501 Rec 0.3906
2026-09-01 00:36:01 |   Val AUC improved to 0.9002, model saved
2026-09-01 00:36:01 | Epoch  15/100 | Train Loss 4.0709 Acc 0.5308 | Val Loss 3.7891 Acc 0.5720 AUC 0.9234 Pre 0.2937 Rec 0.3964
2026-09-01 00:36:01 |   Val AUC improved to 0.9234, model saved
2026-09-01 00:36:01 | Epoch  16/100 | Train Loss 3.8097 Acc 0.5357 | Val Loss 3.5102 Acc 0.5756 AUC 0.9241 Pre 0.2871 Rec 0.3989
2026-09-01 00:36:01 |   Val AUC improved to 0.9241, model saved
2026-09-01 00:36:01 | Epoch  17/100 | Train Loss 3.5110 Acc 0.5579 | Val Loss 3.2962 Acc 0.5812 AUC 0.9242 Pre 0.2674 Rec 0.4024
2026-09-01 00:36:01 |   Val AUC improved to 0.9242, model saved
2026-09-01 00:36:01 | Epoch  18/100 | Train Loss 3.2772 Acc 0.5794 | Val Loss 3.1581 Acc 0.5849 AUC 0.9219 Pre 0.2511 Rec 0.4049
2026-09-01 00:36:01 | Epoch  19/100 | Train Loss 3.1384 Acc 0.5924 | Val Loss 3.0170 Acc 0.5886 AUC 0.9225 Pre 0.2509 Rec 0.4083
2026-09-01 00:36:01 | Epoch  20/100 | Train Loss 2.9761 Acc 0.6034 | Val Loss 2.8861 Acc 0.6052 AUC 0.9259 Pre 0.3877 Rec 0.4278
2026-09-01 00:36:01 |   Val AUC improved to 0.9259, model saved
2026-09-01 00:36:01 | Epoch  21/100 | Train Loss 2.8226 Acc 0.6078 | Val Loss 2.7880 Acc 0.6421 AUC 0.9281 Pre 0.5171 Rec 0.4720
2026-09-01 00:36:01 |   Val AUC improved to 0.9281, model saved
2026-09-01 00:36:01 | Epoch  22/100 | Train Loss 2.7208 Acc 0.6238 | Val Loss 2.7084 Acc 0.6771 AUC 0.9280 Pre 0.4850 Rec 0.5139
2026-09-01 00:36:01 | Epoch  23/100 | Train Loss 2.6039 Acc 0.6373 | Val Loss 2.6454 Acc 0.6937 AUC 0.9263 Pre 0.4826 Rec 0.5385
2026-09-01 00:36:01 | Epoch  24/100 | Train Loss 2.4835 Acc 0.6521 | Val Loss 2.5809 Acc 0.7140 AUC 0.9265 Pre 0.5157 Rec 0.5698
2026-09-01 00:36:01 | Epoch  25/100 | Train Loss 2.3913 Acc 0.6823 | Val Loss 2.4978 Acc 0.7306 AUC 0.9297 Pre 0.5241 Rec 0.5922
2026-09-01 00:36:01 |   Val AUC improved to 0.9297, model saved
2026-09-01 00:36:01 | Epoch  26/100 | Train Loss 2.2664 Acc 0.7038 | Val Loss 2.4087 Acc 0.7454 AUC 0.9333 Pre 0.5308 Rec 0.6107
2026-09-01 00:36:01 |   Val AUC improved to 0.9333, model saved
2026-09-01 00:36:01 | Epoch  27/100 | Train Loss 2.1420 Acc 0.7297 | Val Loss 2.3191 Acc 0.7528 AUC 0.9381 Pre 0.5332 Rec 0.6192
2026-09-01 00:36:01 |   Val AUC improved to 0.9381, model saved
2026-09-01 00:36:01 | Epoch  28/100 | Train Loss 2.0233 Acc 0.7408 | Val Loss 2.2426 Acc 0.7546 AUC 0.9440 Pre 0.5381 Rec 0.6226
2026-09-01 00:36:01 |   Val AUC improved to 0.9440, model saved
2026-09-01 00:36:01 | Epoch  29/100 | Train Loss 1.8915 Acc 0.7543 | Val Loss 2.1854 Acc 0.7620 AUC 0.9500 Pre 0.5448 Rec 0.6314
2026-09-01 00:36:01 |   Val AUC improved to 0.9500, model saved
2026-09-01 00:36:02 | Epoch  30/100 | Train Loss 1.7705 Acc 0.7869 | Val Loss 2.1364 Acc 0.7638 AUC 0.9546 Pre 0.5502 Rec 0.6351
2026-09-01 00:36:02 |   Val AUC improved to 0.9546, model saved
2026-09-01 00:36:02 | Epoch  31/100 | Train Loss 1.6740 Acc 0.7906 | Val Loss 2.0925 Acc 0.7620 AUC 0.9568 Pre 0.5493 Rec 0.6330
2026-09-01 00:36:02 |   Val AUC improved to 0.9568, model saved
2026-09-01 00:36:02 | Epoch  32/100 | Train Loss 1.5785 Acc 0.8023 | Val Loss 2.0515 Acc 0.7620 AUC 0.9568 Pre 0.5484 Rec 0.6330
2026-09-01 00:36:02 |   Val AUC improved to 0.9568, model saved
2026-09-01 00:36:02 | Epoch  33/100 | Train Loss 1.4999 Acc 0.8060 | Val Loss 2.0263 Acc 0.7823 AUC 0.9562 Pre 0.8107 Rec 0.6692
2026-09-01 00:36:02 | Epoch  34/100 | Train Loss 1.4167 Acc 0.8227 | Val Loss 2.0042 Acc 0.8247 AUC 0.9560 Pre 0.8131 Rec 0.7554
2026-09-01 00:36:02 | Epoch  35/100 | Train Loss 1.3544 Acc 0.8374 | Val Loss 1.9869 Acc 0.8395 AUC 0.9564 Pre 0.8107 Rec 0.7910
2026-09-01 00:36:02 | Epoch  36/100 | Train Loss 1.2917 Acc 0.8627 | Val Loss 1.9699 Acc 0.8413 AUC 0.9565 Pre 0.8140 Rec 0.7988
2026-09-01 00:36:02 | Epoch  37/100 | Train Loss 1.2269 Acc 0.8695 | Val Loss 1.9574 Acc 0.8469 AUC 0.9562 Pre 0.8258 Rec 0.8080
2026-09-01 00:36:02 | Epoch  38/100 | Train Loss 1.1755 Acc 0.8805 | Val Loss 1.9386 Acc 0.8487 AUC 0.9569 Pre 0.8323 Rec 0.8097
2026-09-01 00:36:02 |   Val AUC improved to 0.9569, model saved
2026-09-01 00:36:02 | Epoch  39/100 | Train Loss 1.0865 Acc 0.9009 | Val Loss 1.9218 Acc 0.8469 AUC 0.9574 Pre 0.8224 Rec 0.8084
2026-09-01 00:36:02 |   Val AUC improved to 0.9574, model saved
2026-09-01 00:36:02 | Epoch  40/100 | Train Loss 1.0483 Acc 0.9009 | Val Loss 1.9016 Acc 0.8469 AUC 0.9579 Pre 0.8249 Rec 0.8068
2026-09-01 00:36:02 |   Val AUC improved to 0.9579, model saved
2026-09-01 00:36:02 | Epoch  41/100 | Train Loss 0.9762 Acc 0.9163 | Val Loss 1.8819 Acc 0.8542 AUC 0.9584 Pre 0.8356 Rec 0.8227
2026-09-01 00:36:02 |   Val AUC improved to 0.9584, model saved
2026-09-01 00:36:02 | Epoch  42/100 | Train Loss 0.9196 Acc 0.9261 | Val Loss 1.8493 Acc 0.8542 AUC 0.9590 Pre 0.8342 Rec 0.8265
2026-09-01 00:36:02 |   Val AUC improved to 0.9590, model saved
2026-09-01 00:36:02 | Epoch  43/100 | Train Loss 0.8492 Acc 0.9310 | Val Loss 1.8223 Acc 0.8561 AUC 0.9594 Pre 0.8336 Rec 0.8360
2026-09-01 00:36:02 |   Val AUC improved to 0.9594, model saved
2026-09-01 00:36:02 | Epoch  44/100 | Train Loss 0.8045 Acc 0.9421 | Val Loss 1.8073 Acc 0.8561 AUC 0.9594 Pre 0.8336 Rec 0.8360
2026-09-01 00:36:02 |   Val AUC improved to 0.9594, model saved
2026-09-01 00:36:02 | Epoch  45/100 | Train Loss 0.7884 Acc 0.9341 | Val Loss 1.8048 Acc 0.8506 AUC 0.9596 Pre 0.8305 Rec 0.8305
2026-09-01 00:36:02 |   Val AUC improved to 0.9596, model saved
2026-09-01 00:36:02 | Epoch  46/100 | Train Loss 0.7383 Acc 0.9470 | Val Loss 1.8101 Acc 0.8487 AUC 0.9597 Pre 0.8310 Rec 0.8305
2026-09-01 00:36:02 |   Val AUC improved to 0.9597, model saved
2026-09-01 00:36:02 | Epoch  47/100 | Train Loss 0.6950 Acc 0.9501 | Val Loss 1.8039 Acc 0.8469 AUC 0.9601 Pre 0.8277 Rec 0.8327
2026-09-01 00:36:02 |   Val AUC improved to 0.9601, model saved
2026-09-01 00:36:02 | Epoch  48/100 | Train Loss 0.6754 Acc 0.9433 | Val Loss 1.8021 Acc 0.8524 AUC 0.9602 Pre 0.8341 Rec 0.8378
2026-09-01 00:36:02 |   Val AUC improved to 0.9602, model saved
2026-09-01 00:36:02 | Epoch  49/100 | Train Loss 0.6548 Acc 0.9501 | Val Loss 1.8037 Acc 0.8506 AUC 0.9594 Pre 0.8328 Rec 0.8322
2026-09-01 00:36:02 | Epoch  50/100 | Train Loss 0.6349 Acc 0.9557 | Val Loss 1.8169 Acc 0.8506 AUC 0.9587 Pre 0.8358 Rec 0.8326
2026-09-01 00:36:02 | Epoch  51/100 | Train Loss 0.5866 Acc 0.9631 | Val Loss 1.8227 Acc 0.8487 AUC 0.9581 Pre 0.8314 Rec 0.8312
2026-09-01 00:36:02 | Epoch  52/100 | Train Loss 0.5720 Acc 0.9575 | Val Loss 1.8311 Acc 0.8506 AUC 0.9576 Pre 0.8334 Rec 0.8351
2026-09-01 00:36:02 | Epoch  53/100 | Train Loss 0.5446 Acc 0.9569 | Val Loss 1.8416 Acc 0.8506 AUC 0.9570 Pre 0.8319 Rec 0.8351
2026-09-01 00:36:02 | Epoch  54/100 | Train Loss 0.5147 Acc 0.9606 | Val Loss 1.8603 Acc 0.8469 AUC 0.9562 Pre 0.8335 Rec 0.8253
2026-09-01 00:36:02 | Epoch  55/100 | Train Loss 0.4922 Acc 0.9667 | Val Loss 1.8688 Acc 0.8413 AUC 0.9556 Pre 0.8267 Rec 0.8162
2026-09-01 00:36:02 | Epoch  56/100 | Train Loss 0.4823 Acc 0.9606 | Val Loss 1.8715 Acc 0.8413 AUC 0.9552 Pre 0.8267 Rec 0.8162
2026-09-01 00:36:02 | Epoch  57/100 | Train Loss 0.4572 Acc 0.9655 | Val Loss 1.8788 Acc 0.8469 AUC 0.9547 Pre 0.8332 Rec 0.8261
2026-09-01 00:36:02 | Epoch  58/100 | Train Loss 0.4477 Acc 0.9649 | Val Loss 1.8916 Acc 0.8469 AUC 0.9544 Pre 0.8325 Rec 0.8261
2026-09-01 00:36:02 | Val AUC did not improve for 10 consecutive epochs, early stopping at Epoch 58 (best AUC 0.9602 @ Epoch 48)
2026-09-01 00:36:02 | Run 1/5 | Test (best model @ Epoch 48) | Loss 1.7340 Acc 0.8690 AUC 0.9689 Pre 0.8535 Rec 0.8697
2026-09-01 00:36:02 | ===== Run 2/5 (seed 1) =====
2026-09-01 00:36:02 | Epoch   1/100 | Train Loss 7.0958 Acc 0.1392 | Val Loss 6.6690 Acc 0.3026 AUC 0.8293 Pre 0.0432 Rec 0.1429
2026-09-01 00:36:02 |   Val AUC improved to 0.8293, model saved
2026-09-01 00:36:03 | Epoch   2/100 | Train Loss 6.7942 Acc 0.1515 | Val Loss 6.1040 Acc 0.3026 AUC 0.7163 Pre 0.0432 Rec 0.1429
2026-09-01 00:36:03 | Epoch   3/100 | Train Loss 6.2371 Acc 0.2112 | Val Loss 6.7232 Acc 0.3026 AUC 0.6121 Pre 0.0432 Rec 0.1429
2026-09-01 00:36:03 | Epoch   4/100 | Train Loss 6.9013 Acc 0.3030 | Val Loss 5.6705 Acc 0.3026 AUC 0.8203 Pre 0.0432 Rec 0.1429
2026-09-01 00:36:03 | Epoch   5/100 | Train Loss 5.7663 Acc 0.2371 | Val Loss 5.8576 Acc 0.5498 AUC 0.8714 Pre 0.2899 Rec 0.3827
2026-09-01 00:36:03 |   Val AUC improved to 0.8714, model saved
2026-09-01 00:36:03 | Epoch   6/100 | Train Loss 5.9273 Acc 0.2155 | Val Loss 5.9082 Acc 0.5609 AUC 0.8936 Pre 0.2664 Rec 0.3960
2026-09-01 00:36:03 |   Val AUC improved to 0.8936, model saved
2026-09-01 00:36:03 | Epoch   7/100 | Train Loss 5.9765 Acc 0.2063 | Val Loss 5.8310 Acc 0.5443 AUC 0.8917 Pre 0.2604 Rec 0.3922
2026-09-01 00:36:03 | Epoch   8/100 | Train Loss 5.9045 Acc 0.2057 | Val Loss 5.6759 Acc 0.5111 AUC 0.8759 Pre 0.3063 Rec 0.3674
2026-09-01 00:36:03 | Epoch   9/100 | Train Loss 5.7299 Acc 0.2328 | Val Loss 5.4450 Acc 0.4760 AUC 0.8647 Pre 0.3090 Rec 0.3351
2026-09-01 00:36:03 | Epoch  10/100 | Train Loss 5.5302 Acc 0.2580 | Val Loss 5.1222 Acc 0.4963 AUC 0.8723 Pre 0.3100 Rec 0.3372
2026-09-01 00:36:03 | Epoch  11/100 | Train Loss 5.1820 Acc 0.3239 | Val Loss 4.7302 Acc 0.5111 AUC 0.8878 Pre 0.2922 Rec 0.3386
2026-09-01 00:36:03 | Epoch  12/100 | Train Loss 4.8089 Acc 0.3781 | Val Loss 4.4321 Acc 0.4963 AUC 0.8640 Pre 0.2543 Rec 0.3221
2026-09-01 00:36:03 | Epoch  13/100 | Train Loss 4.4802 Acc 0.4470 | Val Loss 4.2659 Acc 0.5295 AUC 0.8646 Pre 0.2470 Rec 0.3526
2026-09-01 00:36:03 | Epoch  14/100 | Train Loss 4.2726 Acc 0.4784 | Val Loss 3.9775 Acc 0.5738 AUC 0.9134 Pre 0.2419 Rec 0.3964
2026-09-01 00:36:03 |   Val AUC improved to 0.9134, model saved
2026-09-01 00:36:03 | Epoch  15/100 | Train Loss 3.9932 Acc 0.5425 | Val Loss 3.7145 Acc 0.5738 AUC 0.9319 Pre 0.2765 Rec 0.3997
2026-09-01 00:36:03 |   Val AUC improved to 0.9319, model saved
2026-09-01 00:36:03 | Epoch  16/100 | Train Loss 3.7375 Acc 0.5560 | Val Loss 3.4312 Acc 0.5720 AUC 0.9328 Pre 0.2855 Rec 0.3972
2026-09-01 00:36:03 |   Val AUC improved to 0.9328, model saved
2026-09-01 00:36:03 | Epoch  17/100 | Train Loss 3.4358 Acc 0.5757 | Val Loss 3.1900 Acc 0.5849 AUC 0.9317 Pre 0.2731 Rec 0.4049
2026-09-01 00:36:03 | Epoch  18/100 | Train Loss 3.1609 Acc 0.5905 | Val Loss 3.0378 Acc 0.6365 AUC 0.9300 Pre 0.5219 Rec 0.4675
2026-09-01 00:36:03 | Epoch  19/100 | Train Loss 2.9755 Acc 0.6195 | Val Loss 2.8577 Acc 0.7103 AUC 0.9330 Pre 0.5124 Rec 0.5566
2026-09-01 00:36:03 |   Val AUC improved to 0.9330, model saved
2026-09-01 00:36:03 | Epoch  20/100 | Train Loss 2.7764 Acc 0.6576 | Val Loss 2.6738 Acc 0.7454 AUC 0.9411 Pre 0.5174 Rec 0.6011
2026-09-01 00:36:03 |   Val AUC improved to 0.9411, model saved
2026-09-01 00:36:03 | Epoch  21/100 | Train Loss 2.5956 Acc 0.6749 | Val Loss 2.5357 Acc 0.7454 AUC 0.9477 Pre 0.5263 Rec 0.6072
2026-09-01 00:36:03 |   Val AUC improved to 0.9477, model saved
2026-09-01 00:36:03 | Epoch  22/100 | Train Loss 2.4396 Acc 0.7149 | Val Loss 2.4271 Acc 0.7546 AUC 0.9488 Pre 0.5363 Rec 0.6176
2026-09-01 00:36:03 |   Val AUC improved to 0.9488, model saved
2026-09-01 00:36:03 | Epoch  23/100 | Train Loss 2.2915 Acc 0.7328 | Val Loss 2.3550 Acc 0.7583 AUC 0.9482 Pre 0.5375 Rec 0.6239
2026-09-01 00:36:03 | Epoch  24/100 | Train Loss 2.1671 Acc 0.7438 | Val Loss 2.3065 Acc 0.7528 AUC 0.9483 Pre 0.5374 Rec 0.6182
2026-09-01 00:36:03 | Epoch  25/100 | Train Loss 2.0854 Acc 0.7494 | Val Loss 2.2503 Acc 0.7657 AUC 0.9503 Pre 0.5439 Rec 0.6336
2026-09-01 00:36:03 |   Val AUC improved to 0.9503, model saved
2026-09-01 00:36:03 | Epoch  26/100 | Train Loss 1.9834 Acc 0.7586 | Val Loss 2.1865 Acc 0.7731 AUC 0.9534 Pre 0.6888 Rec 0.6468
2026-09-01 00:36:03 |   Val AUC improved to 0.9534, model saved
2026-09-01 00:36:03 | Epoch  27/100 | Train Loss 1.8678 Acc 0.7857 | Val Loss 2.1205 Acc 0.7712 AUC 0.9556 Pre 0.6855 Rec 0.6444
2026-09-01 00:36:03 |   Val AUC improved to 0.9556, model saved
2026-09-01 00:36:03 | Epoch  28/100 | Train Loss 1.7741 Acc 0.7900 | Val Loss 2.0642 Acc 0.7786 AUC 0.9563 Pre 0.6571 Rec 0.6550
2026-09-01 00:36:03 |   Val AUC improved to 0.9563, model saved
2026-09-01 00:36:03 | Epoch  29/100 | Train Loss 1.6759 Acc 0.8054 | Val Loss 2.0195 Acc 0.7989 AUC 0.9570 Pre 0.6779 Rec 0.6928
2026-09-01 00:36:03 |   Val AUC improved to 0.9570, model saved
2026-09-01 00:36:03 | Epoch  30/100 | Train Loss 1.5968 Acc 0.8067 | Val Loss 1.9835 Acc 0.8192 AUC 0.9583 Pre 0.8253 Rec 0.7323
2026-09-01 00:36:03 |   Val AUC improved to 0.9583, model saved
2026-09-01 00:36:03 | Epoch  31/100 | Train Loss 1.5037 Acc 0.8239 | Val Loss 1.9544 Acc 0.8321 AUC 0.9592 Pre 0.8290 Rec 0.7604
2026-09-01 00:36:03 |   Val AUC improved to 0.9592, model saved
2026-09-01 00:36:03 | Epoch  32/100 | Train Loss 1.4348 Acc 0.8282 | Val Loss 1.9307 Acc 0.8339 AUC 0.9596 Pre 0.8296 Rec 0.7695
2026-09-01 00:36:03 |   Val AUC improved to 0.9596, model saved
2026-09-01 00:36:03 | Epoch  33/100 | Train Loss 1.3434 Acc 0.8578 | Val Loss 1.9064 Acc 0.8395 AUC 0.9598 Pre 0.8348 Rec 0.7807
2026-09-01 00:36:03 |   Val AUC improved to 0.9598, model saved
2026-09-01 00:36:03 | Epoch  34/100 | Train Loss 1.2796 Acc 0.8658 | Val Loss 1.8864 Acc 0.8506 AUC 0.9596 Pre 0.8447 Rec 0.8065
2026-09-01 00:36:03 | Epoch  35/100 | Train Loss 1.2143 Acc 0.8738 | Val Loss 1.8711 Acc 0.8506 AUC 0.9597 Pre 0.8441 Rec 0.8110
2026-09-01 00:36:03 | Epoch  36/100 | Train Loss 1.1788 Acc 0.8849 | Val Loss 1.8592 Acc 0.8561 AUC 0.9601 Pre 0.8420 Rec 0.8258
2026-09-01 00:36:03 |   Val AUC improved to 0.9601, model saved
2026-09-01 00:36:03 | Epoch  37/100 | Train Loss 1.0772 Acc 0.9101 | Val Loss 1.8500 Acc 0.8561 AUC 0.9603 Pre 0.8372 Rec 0.8275
2026-09-01 00:36:03 |   Val AUC improved to 0.9603, model saved
2026-09-01 00:36:04 | Epoch  38/100 | Train Loss 1.0306 Acc 0.9138 | Val Loss 1.8418 Acc 0.8579 AUC 0.9603 Pre 0.8350 Rec 0.8315
2026-09-01 00:36:04 | Epoch  39/100 | Train Loss 0.9936 Acc 0.9156 | Val Loss 1.8342 Acc 0.8561 AUC 0.9599 Pre 0.8345 Rec 0.8317
2026-09-01 00:36:04 | Epoch  40/100 | Train Loss 0.9400 Acc 0.9230 | Val Loss 1.8214 Acc 0.8561 AUC 0.9599 Pre 0.8363 Rec 0.8340
2026-09-01 00:36:04 | Epoch  41/100 | Train Loss 0.8710 Acc 0.9384 | Val Loss 1.8080 Acc 0.8579 AUC 0.9598 Pre 0.8370 Rec 0.8380
2026-09-01 00:36:04 | Epoch  42/100 | Train Loss 0.8033 Acc 0.9446 | Val Loss 1.7969 Acc 0.8579 AUC 0.9594 Pre 0.8370 Rec 0.8380
2026-09-01 00:36:04 | Epoch  43/100 | Train Loss 0.7852 Acc 0.9353 | Val Loss 1.7849 Acc 0.8579 AUC 0.9593 Pre 0.8408 Rec 0.8456
2026-09-01 00:36:04 | Epoch  44/100 | Train Loss 0.7318 Acc 0.9372 | Val Loss 1.7715 Acc 0.8598 AUC 0.9597 Pre 0.8463 Rec 0.8464
2026-09-01 00:36:04 | Epoch  45/100 | Train Loss 0.6884 Acc 0.9514 | Val Loss 1.7564 Acc 0.8579 AUC 0.9600 Pre 0.8430 Rec 0.8428
2026-09-01 00:36:04 | Epoch  46/100 | Train Loss 0.6340 Acc 0.9575 | Val Loss 1.7437 Acc 0.8542 AUC 0.9600 Pre 0.8396 Rec 0.8368
2026-09-01 00:36:04 | Epoch  47/100 | Train Loss 0.6095 Acc 0.9495 | Val Loss 1.7395 Acc 0.8542 AUC 0.9596 Pre 0.8396 Rec 0.8368
2026-09-01 00:36:04 | Val AUC did not improve for 10 consecutive epochs, early stopping at Epoch 47 (best AUC 0.9603 @ Epoch 37)
2026-09-01 00:36:04 | Run 2/5 | Test (best model @ Epoch 37) | Loss 1.7811 Acc 0.8708 AUC 0.9701 Pre 0.8549 Rec 0.8588
2026-09-01 00:36:04 | ===== Run 3/5 (seed 2) =====
2026-09-01 00:36:04 | Epoch   1/100 | Train Loss 7.0702 Acc 0.1355 | Val Loss 6.6452 Acc 0.3026 AUC 0.8335 Pre 0.0432 Rec 0.1429
2026-09-01 00:36:04 |   Val AUC improved to 0.8335, model saved
2026-09-01 00:36:04 | Epoch   2/100 | Train Loss 6.7399 Acc 0.1644 | Val Loss 6.0396 Acc 0.3026 AUC 0.7325 Pre 0.0432 Rec 0.1429
2026-09-01 00:36:04 | Epoch   3/100 | Train Loss 6.1710 Acc 0.2186 | Val Loss 6.8222 Acc 0.3026 AUC 0.6425 Pre 0.0432 Rec 0.1429
2026-09-01 00:36:04 | Epoch   4/100 | Train Loss 7.0053 Acc 0.3036 | Val Loss 5.6335 Acc 0.3026 AUC 0.8199 Pre 0.0432 Rec 0.1429
2026-09-01 00:36:04 | Epoch   5/100 | Train Loss 5.7406 Acc 0.2186 | Val Loss 5.8450 Acc 0.5000 AUC 0.8660 Pre 0.2947 Rec 0.3341
2026-09-01 00:36:04 |   Val AUC improved to 0.8660, model saved
2026-09-01 00:36:04 | Epoch   6/100 | Train Loss 5.9130 Acc 0.2235 | Val Loss 5.9196 Acc 0.4815 AUC 0.8970 Pre 0.2852 Rec 0.3410
2026-09-01 00:36:04 |   Val AUC improved to 0.8970, model saved
2026-09-01 00:36:04 | Epoch   7/100 | Train Loss 6.0079 Acc 0.1983 | Val Loss 5.8653 Acc 0.4059 AUC 0.9126 Pre 0.3025 Rec 0.2986
2026-09-01 00:36:04 |   Val AUC improved to 0.9126, model saved
2026-09-01 00:36:04 | Epoch   8/100 | Train Loss 5.9331 Acc 0.2014 | Val Loss 5.7405 Acc 0.3137 AUC 0.9133 Pre 0.3030 Rec 0.2476
2026-09-01 00:36:04 |   Val AUC improved to 0.9133, model saved
2026-09-01 00:36:04 | Epoch   9/100 | Train Loss 5.7878 Acc 0.2278 | Val Loss 5.5538 Acc 0.2841 AUC 0.9104 Pre 0.2988 Rec 0.2361
2026-09-01 00:36:04 | Epoch  10/100 | Train Loss 5.6319 Acc 0.2371 | Val Loss 5.2915 Acc 0.4022 AUC 0.9128 Pre 0.3051 Rec 0.3077
2026-09-01 00:36:04 | Epoch  11/100 | Train Loss 5.3441 Acc 0.2617 | Val Loss 4.9488 Acc 0.5240 AUC 0.9162 Pre 0.2938 Rec 0.3702
2026-09-01 00:36:04 |   Val AUC improved to 0.9162, model saved
2026-09-01 00:36:04 | Epoch  12/100 | Train Loss 5.0012 Acc 0.3171 | Val Loss 4.6025 Acc 0.4557 AUC 0.9113 Pre 0.2596 Rec 0.2855
2026-09-01 00:36:04 | Epoch  13/100 | Train Loss 4.6490 Acc 0.3892 | Val Loss 4.4322 Acc 0.3801 AUC 0.8992 Pre 0.2947 Rec 0.2137
2026-09-01 00:36:04 | Epoch  14/100 | Train Loss 4.4768 Acc 0.4200 | Val Loss 4.2410 Acc 0.4613 AUC 0.9022 Pre 0.2970 Rec 0.2893
2026-09-01 00:36:04 | Epoch  15/100 | Train Loss 4.2760 Acc 0.4452 | Val Loss 3.8796 Acc 0.5590 AUC 0.9201 Pre 0.2625 Rec 0.3804
2026-09-01 00:36:04 |   Val AUC improved to 0.9201, model saved
2026-09-01 00:36:04 | Epoch  16/100 | Train Loss 3.8946 Acc 0.5431 | Val Loss 3.5775 Acc 0.6089 AUC 0.9311 Pre 0.4664 Rec 0.4434
2026-09-01 00:36:04 |   Val AUC improved to 0.9311, model saved
2026-09-01 00:36:04 | Epoch  17/100 | Train Loss 3.6001 Acc 0.5874 | Val Loss 3.3317 Acc 0.6734 AUC 0.9313 Pre 0.4792 Rec 0.5261
2026-09-01 00:36:04 |   Val AUC improved to 0.9313, model saved
2026-09-01 00:36:04 | Epoch  18/100 | Train Loss 3.3338 Acc 0.6164 | Val Loss 3.0803 Acc 0.6900 AUC 0.9344 Pre 0.4888 Rec 0.5511
2026-09-01 00:36:04 |   Val AUC improved to 0.9344, model saved
2026-09-01 00:36:04 | Epoch  19/100 | Train Loss 3.0572 Acc 0.6619 | Val Loss 2.8361 Acc 0.7269 AUC 0.9434 Pre 0.5082 Rec 0.5875
2026-09-01 00:36:04 |   Val AUC improved to 0.9434, model saved
2026-09-01 00:36:04 | Epoch  20/100 | Train Loss 2.7802 Acc 0.6853 | Val Loss 2.6473 Acc 0.7454 AUC 0.9509 Pre 0.5338 Rec 0.6071
2026-09-01 00:36:04 |   Val AUC improved to 0.9509, model saved
2026-09-01 00:36:04 | Epoch  21/100 | Train Loss 2.5303 Acc 0.7106 | Val Loss 2.4968 Acc 0.7435 AUC 0.9544 Pre 0.5319 Rec 0.6085
2026-09-01 00:36:04 |   Val AUC improved to 0.9544, model saved
2026-09-01 00:36:04 | Epoch  22/100 | Train Loss 2.3194 Acc 0.7451 | Val Loss 2.3788 Acc 0.7491 AUC 0.9557 Pre 0.5360 Rec 0.6158
2026-09-01 00:36:04 |   Val AUC improved to 0.9557, model saved
2026-09-01 00:36:04 | Epoch  23/100 | Train Loss 2.2001 Acc 0.7475 | Val Loss 2.3001 Acc 0.7528 AUC 0.9592 Pre 0.5392 Rec 0.6195
2026-09-01 00:36:04 |   Val AUC improved to 0.9592, model saved
2026-09-01 00:36:04 | Epoch  24/100 | Train Loss 2.0884 Acc 0.7697 | Val Loss 2.2348 Acc 0.7694 AUC 0.9622 Pre 0.6602 Rec 0.6494
2026-09-01 00:36:04 |   Val AUC improved to 0.9622, model saved
2026-09-01 00:36:04 | Epoch  25/100 | Train Loss 2.0053 Acc 0.7716 | Val Loss 2.1672 Acc 0.7970 AUC 0.9628 Pre 0.6856 Rec 0.7001
2026-09-01 00:36:04 |   Val AUC improved to 0.9628, model saved
2026-09-01 00:36:04 | Epoch  26/100 | Train Loss 1.9157 Acc 0.7839 | Val Loss 2.1165 Acc 0.8044 AUC 0.9626 Pre 0.6914 Rec 0.7096
2026-09-01 00:36:04 | Epoch  27/100 | Train Loss 1.8264 Acc 0.7968 | Val Loss 2.0808 Acc 0.8081 AUC 0.9632 Pre 0.6874 Rec 0.7182
2026-09-01 00:36:04 |   Val AUC improved to 0.9632, model saved
2026-09-01 00:36:04 | Epoch  28/100 | Train Loss 1.7474 Acc 0.8165 | Val Loss 2.0454 Acc 0.8210 AUC 0.9639 Pre 0.8311 Rec 0.7335
2026-09-01 00:36:04 |   Val AUC improved to 0.9639, model saved
2026-09-01 00:36:04 | Epoch  29/100 | Train Loss 1.6597 Acc 0.8405 | Val Loss 2.0074 Acc 0.8395 AUC 0.9641 Pre 0.8422 Rec 0.7706
2026-09-01 00:36:04 |   Val AUC improved to 0.9641, model saved
2026-09-01 00:36:04 | Epoch  30/100 | Train Loss 1.5636 Acc 0.8534 | Val Loss 1.9804 Acc 0.8395 AUC 0.9633 Pre 0.8408 Rec 0.7726
2026-09-01 00:36:04 | Epoch  31/100 | Train Loss 1.4767 Acc 0.8590 | Val Loss 1.9577 Acc 0.8432 AUC 0.9634 Pre 0.8429 Rec 0.7847
2026-09-01 00:36:04 | Epoch  32/100 | Train Loss 1.4070 Acc 0.8553 | Val Loss 1.9324 Acc 0.8561 AUC 0.9640 Pre 0.8506 Rec 0.8141
2026-09-01 00:36:05 | Epoch  33/100 | Train Loss 1.3272 Acc 0.8818 | Val Loss 1.9064 Acc 0.8598 AUC 0.9644 Pre 0.8538 Rec 0.8208
2026-09-01 00:36:05 |   Val AUC improved to 0.9644, model saved
2026-09-01 00:36:05 | Epoch  34/100 | Train Loss 1.2679 Acc 0.8855 | Val Loss 1.8813 Acc 0.8653 AUC 0.9644 Pre 0.8577 Rec 0.8350
2026-09-01 00:36:05 | Epoch  35/100 | Train Loss 1.1685 Acc 0.9015 | Val Loss 1.8652 Acc 0.8653 AUC 0.9639 Pre 0.8511 Rec 0.8375
2026-09-01 00:36:05 | Epoch  36/100 | Train Loss 1.1446 Acc 0.9021 | Val Loss 1.8597 Acc 0.8672 AUC 0.9628 Pre 0.8549 Rec 0.8428
2026-09-01 00:36:05 | Epoch  37/100 | Train Loss 1.0958 Acc 0.9132 | Val Loss 1.8612 Acc 0.8690 AUC 0.9622 Pre 0.8572 Rec 0.8487
2026-09-01 00:36:05 | Epoch  38/100 | Train Loss 1.0456 Acc 0.9144 | Val Loss 1.8657 Acc 0.8672 AUC 0.9616 Pre 0.8540 Rec 0.8466
2026-09-01 00:36:05 | Epoch  39/100 | Train Loss 0.9813 Acc 0.9255 | Val Loss 1.8680 Acc 0.8672 AUC 0.9613 Pre 0.8537 Rec 0.8466
2026-09-01 00:36:05 | Epoch  40/100 | Train Loss 0.9205 Acc 0.9353 | Val Loss 1.8704 Acc 0.8672 AUC 0.9609 Pre 0.8564 Rec 0.8466
2026-09-01 00:36:05 | Epoch  41/100 | Train Loss 0.8755 Acc 0.9372 | Val Loss 1.8674 Acc 0.8635 AUC 0.9605 Pre 0.8518 Rec 0.8409
2026-09-01 00:36:05 | Epoch  42/100 | Train Loss 0.8265 Acc 0.9397 | Val Loss 1.8584 Acc 0.8598 AUC 0.9598 Pre 0.8477 Rec 0.8330
2026-09-01 00:36:05 | Epoch  43/100 | Train Loss 0.7954 Acc 0.9403 | Val Loss 1.8445 Acc 0.8616 AUC 0.9592 Pre 0.8488 Rec 0.8378
2026-09-01 00:36:05 | Val AUC did not improve for 10 consecutive epochs, early stopping at Epoch 43 (best AUC 0.9644 @ Epoch 33)
2026-09-01 00:36:05 | Run 3/5 | Test (best model @ Epoch 33) | Loss 1.8725 Acc 0.8708 AUC 0.9698 Pre 0.8641 Rec 0.8521
2026-09-01 00:36:05 | ===== Run 4/5 (seed 3) =====
2026-09-01 00:36:05 | Epoch   1/100 | Train Loss 7.1091 Acc 0.1361 | Val Loss 6.6667 Acc 0.3026 AUC 0.8712 Pre 0.0432 Rec 0.1429
2026-09-01 00:36:05 |   Val AUC improved to 0.8712, model saved
2026-09-01 00:36:05 | Epoch   2/100 | Train Loss 6.7818 Acc 0.1749 | Val Loss 6.0873 Acc 0.3026 AUC 0.7731 Pre 0.0432 Rec 0.1429
2026-09-01 00:36:05 | Epoch   3/100 | Train Loss 6.2104 Acc 0.2174 | Val Loss 6.7947 Acc 0.3026 AUC 0.6271 Pre 0.0432 Rec 0.1429
2026-09-01 00:36:05 | Epoch   4/100 | Train Loss 6.9523 Acc 0.3054 | Val Loss 5.6346 Acc 0.3026 AUC 0.8094 Pre 0.0432 Rec 0.1429
2026-09-01 00:36:05 | Epoch   5/100 | Train Loss 5.7316 Acc 0.2543 | Val Loss 5.8200 Acc 0.5000 AUC 0.8849 Pre 0.2541 Rec 0.3255
2026-09-01 00:36:05 |   Val AUC improved to 0.8849, model saved
2026-09-01 00:36:05 | Epoch   6/100 | Train Loss 5.8935 Acc 0.2198 | Val Loss 5.8822 Acc 0.5517 AUC 0.9166 Pre 0.2425 Rec 0.3753
2026-09-01 00:36:05 |   Val AUC improved to 0.9166, model saved
2026-09-01 00:36:05 | Epoch   7/100 | Train Loss 5.9498 Acc 0.2149 | Val Loss 5.8117 Acc 0.5590 AUC 0.9255 Pre 0.2506 Rec 0.3878
2026-09-01 00:36:05 |   Val AUC improved to 0.9255, model saved
2026-09-01 00:36:05 | Epoch   8/100 | Train Loss 5.8904 Acc 0.2248 | Val Loss 5.6575 Acc 0.5480 AUC 0.9258 Pre 0.2779 Rec 0.3834
2026-09-01 00:36:05 |   Val AUC improved to 0.9258, model saved
2026-09-01 00:36:05 | Epoch   9/100 | Train Loss 5.7192 Acc 0.2586 | Val Loss 5.4209 Acc 0.5554 AUC 0.9239 Pre 0.2810 Rec 0.3877
2026-09-01 00:36:05 | Epoch  10/100 | Train Loss 5.4865 Acc 0.2833 | Val Loss 5.0885 Acc 0.5701 AUC 0.9192 Pre 0.2639 Rec 0.3939
2026-09-01 00:36:05 | Epoch  11/100 | Train Loss 5.1467 Acc 0.3393 | Val Loss 4.6939 Acc 0.5461 AUC 0.9049 Pre 0.2271 Rec 0.3695
2026-09-01 00:36:05 | Epoch  12/100 | Train Loss 4.7516 Acc 0.4138 | Val Loss 4.3968 Acc 0.5203 AUC 0.8869 Pre 0.2117 Rec 0.3443
2026-09-01 00:36:05 | Epoch  13/100 | Train Loss 4.4329 Acc 0.4612 | Val Loss 4.2326 Acc 0.5424 AUC 0.8880 Pre 0.2220 Rec 0.3653
2026-09-01 00:36:05 | Epoch  14/100 | Train Loss 4.2283 Acc 0.5172 | Val Loss 3.9503 Acc 0.5756 AUC 0.9121 Pre 0.2456 Rec 0.3989
2026-09-01 00:36:05 | Epoch  15/100 | Train Loss 3.9538 Acc 0.5554 | Val Loss 3.6390 Acc 0.5793 AUC 0.9280 Pre 0.2705 Rec 0.4047
2026-09-01 00:36:05 |   Val AUC improved to 0.9280, model saved
2026-09-01 00:36:05 | Epoch  16/100 | Train Loss 3.6227 Acc 0.5800 | Val Loss 3.3413 Acc 0.5775 AUC 0.9312 Pre 0.3934 Rec 0.4073
2026-09-01 00:36:05 |   Val AUC improved to 0.9312, model saved
2026-09-01 00:36:05 | Epoch  17/100 | Train Loss 3.3258 Acc 0.5979 | Val Loss 3.0900 Acc 0.6310 AUC 0.9340 Pre 0.3862 Rec 0.4591
2026-09-01 00:36:05 |   Val AUC improved to 0.9340, model saved
2026-09-01 00:36:05 | Epoch  18/100 | Train Loss 3.0317 Acc 0.6250 | Val Loss 2.9141 Acc 0.6882 AUC 0.9375 Pre 0.4726 Rec 0.5245
2026-09-01 00:36:05 |   Val AUC improved to 0.9375, model saved
2026-09-01 00:36:05 | Epoch  19/100 | Train Loss 2.8435 Acc 0.6453 | Val Loss 2.7478 Acc 0.7103 AUC 0.9398 Pre 0.4820 Rec 0.5528
2026-09-01 00:36:05 |   Val AUC improved to 0.9398, model saved
2026-09-01 00:36:05 | Epoch  20/100 | Train Loss 2.6358 Acc 0.6829 | Val Loss 2.5754 Acc 0.7269 AUC 0.9429 Pre 0.5034 Rec 0.5729
2026-09-01 00:36:05 |   Val AUC improved to 0.9429, model saved
2026-09-01 00:36:05 | Epoch  21/100 | Train Loss 2.4507 Acc 0.6866 | Val Loss 2.4440 Acc 0.7251 AUC 0.9463 Pre 0.5119 Rec 0.5754
2026-09-01 00:36:05 |   Val AUC improved to 0.9463, model saved
2026-09-01 00:36:05 | Epoch  22/100 | Train Loss 2.2958 Acc 0.7198 | Val Loss 2.3721 Acc 0.7325 AUC 0.9477 Pre 0.6640 Rec 0.5881
2026-09-01 00:36:05 |   Val AUC improved to 0.9477, model saved
2026-09-01 00:36:05 | Epoch  23/100 | Train Loss 2.1903 Acc 0.7334 | Val Loss 2.3345 Acc 0.7325 AUC 0.9486 Pre 0.6681 Rec 0.5902
2026-09-01 00:36:05 |   Val AUC improved to 0.9486, model saved
2026-09-01 00:36:05 | Epoch  24/100 | Train Loss 2.1071 Acc 0.7506 | Val Loss 2.2912 Acc 0.7749 AUC 0.9509 Pre 0.6812 Rec 0.6574
2026-09-01 00:36:05 |   Val AUC improved to 0.9509, model saved
2026-09-01 00:36:05 | Epoch  25/100 | Train Loss 2.0331 Acc 0.7679 | Val Loss 2.2322 Acc 0.7934 AUC 0.9542 Pre 0.6798 Rec 0.6898
2026-09-01 00:36:05 |   Val AUC improved to 0.9542, model saved
2026-09-01 00:36:05 | Epoch  26/100 | Train Loss 1.9421 Acc 0.7869 | Val Loss 2.1725 Acc 0.8100 AUC 0.9572 Pre 0.6872 Rec 0.7153
2026-09-01 00:36:05 |   Val AUC improved to 0.9572, model saved
2026-09-01 00:36:05 | Epoch  27/100 | Train Loss 1.8234 Acc 0.7999 | Val Loss 2.1131 Acc 0.8247 AUC 0.9592 Pre 0.8335 Rec 0.7383
2026-09-01 00:36:05 |   Val AUC improved to 0.9592, model saved
2026-09-01 00:36:05 | Epoch  28/100 | Train Loss 1.7309 Acc 0.8220 | Val Loss 2.0525 Acc 0.8376 AUC 0.9605 Pre 0.8393 Rec 0.7632
2026-09-01 00:36:05 |   Val AUC improved to 0.9605, model saved
2026-09-01 00:36:05 | Epoch  29/100 | Train Loss 1.6184 Acc 0.8417 | Val Loss 1.9933 Acc 0.8339 AUC 0.9619 Pre 0.8338 Rec 0.7632
2026-09-01 00:36:05 |   Val AUC improved to 0.9619, model saved
2026-09-01 00:36:05 | Epoch  30/100 | Train Loss 1.5156 Acc 0.8504 | Val Loss 1.9334 Acc 0.8339 AUC 0.9638 Pre 0.8348 Rec 0.7680
2026-09-01 00:36:05 |   Val AUC improved to 0.9638, model saved
2026-09-01 00:36:05 | Epoch  31/100 | Train Loss 1.4248 Acc 0.8615 | Val Loss 1.8866 Acc 0.8321 AUC 0.9650 Pre 0.8325 Rec 0.7675
2026-09-01 00:36:05 |   Val AUC improved to 0.9650, model saved
2026-09-01 00:36:05 | Epoch  32/100 | Train Loss 1.2929 Acc 0.8855 | Val Loss 1.8561 Acc 0.8339 AUC 0.9650 Pre 0.8327 Rec 0.7733
2026-09-01 00:36:05 |   Val AUC improved to 0.9650, model saved
2026-09-01 00:36:05 | Epoch  33/100 | Train Loss 1.2207 Acc 0.8916 | Val Loss 1.8348 Acc 0.8432 AUC 0.9651 Pre 0.8400 Rec 0.7951
2026-09-01 00:36:05 |   Val AUC improved to 0.9651, model saved
2026-09-01 00:36:05 | Epoch  34/100 | Train Loss 1.1508 Acc 0.8996 | Val Loss 1.8112 Acc 0.8598 AUC 0.9651 Pre 0.8546 Rec 0.8319
2026-09-01 00:36:05 | Epoch  35/100 | Train Loss 1.0617 Acc 0.9113 | Val Loss 1.7915 Acc 0.8598 AUC 0.9654 Pre 0.8487 Rec 0.8366
2026-09-01 00:36:05 |   Val AUC improved to 0.9654, model saved
2026-09-01 00:36:05 | Epoch  36/100 | Train Loss 1.0002 Acc 0.9206 | Val Loss 1.7817 Acc 0.8598 AUC 0.9654 Pre 0.8494 Rec 0.8366
2026-09-01 00:36:05 | Epoch  37/100 | Train Loss 0.9512 Acc 0.9236 | Val Loss 1.7752 Acc 0.8635 AUC 0.9649 Pre 0.8542 Rec 0.8422
2026-09-01 00:36:05 | Epoch  38/100 | Train Loss 0.8892 Acc 0.9273 | Val Loss 1.7682 Acc 0.8635 AUC 0.9645 Pre 0.8567 Rec 0.8411
2026-09-01 00:36:05 | Epoch  39/100 | Train Loss 0.8319 Acc 0.9317 | Val Loss 1.7644 Acc 0.8579 AUC 0.9637 Pre 0.8482 Rec 0.8341
2026-09-01 00:36:05 | Epoch  40/100 | Train Loss 0.7843 Acc 0.9378 | Val Loss 1.7586 Acc 0.8579 AUC 0.9629 Pre 0.8474 Rec 0.8325
2026-09-01 00:36:05 | Epoch  41/100 | Train Loss 0.7605 Acc 0.9366 | Val Loss 1.7513 Acc 0.8561 AUC 0.9623 Pre 0.8463 Rec 0.8285
2026-09-01 00:36:06 | Epoch  42/100 | Train Loss 0.7188 Acc 0.9384 | Val Loss 1.7436 Acc 0.8598 AUC 0.9618 Pre 0.8506 Rec 0.8334
2026-09-01 00:36:06 | Epoch  43/100 | Train Loss 0.6879 Acc 0.9458 | Val Loss 1.7335 Acc 0.8561 AUC 0.9616 Pre 0.8443 Rec 0.8332
2026-09-01 00:36:06 | Epoch  44/100 | Train Loss 0.6515 Acc 0.9507 | Val Loss 1.7271 Acc 0.8616 AUC 0.9614 Pre 0.8507 Rec 0.8397
2026-09-01 00:36:06 | Epoch  45/100 | Train Loss 0.6171 Acc 0.9544 | Val Loss 1.7212 Acc 0.8616 AUC 0.9615 Pre 0.8517 Rec 0.8420
2026-09-01 00:36:06 | Val AUC did not improve for 10 consecutive epochs, early stopping at Epoch 45 (best AUC 0.9654 @ Epoch 35)
2026-09-01 00:36:06 | Run 4/5 | Test (best model @ Epoch 35) | Loss 1.7228 Acc 0.8727 AUC 0.9725 Pre 0.8641 Rec 0.8633
2026-09-01 00:36:06 | ===== Run 5/5 (seed 4) =====
2026-09-01 00:36:06 | Epoch   1/100 | Train Loss 7.0772 Acc 0.1398 | Val Loss 6.6295 Acc 0.3026 AUC 0.8327 Pre 0.0432 Rec 0.1429
2026-09-01 00:36:06 |   Val AUC improved to 0.8327, model saved
2026-09-01 00:36:06 | Epoch   2/100 | Train Loss 6.7655 Acc 0.1786 | Val Loss 6.0669 Acc 0.3026 AUC 0.7573 Pre 0.0432 Rec 0.1429
2026-09-01 00:36:06 | Epoch   3/100 | Train Loss 6.1891 Acc 0.2241 | Val Loss 6.6597 Acc 0.3026 AUC 0.6446 Pre 0.0432 Rec 0.1429
2026-09-01 00:36:06 | Epoch   4/100 | Train Loss 6.8302 Acc 0.3017 | Val Loss 5.6224 Acc 0.3026 AUC 0.8253 Pre 0.0432 Rec 0.1429
2026-09-01 00:36:06 | Epoch   5/100 | Train Loss 5.7084 Acc 0.2451 | Val Loss 5.8162 Acc 0.4520 AUC 0.8784 Pre 0.2489 Rec 0.2803
2026-09-01 00:36:06 |   Val AUC improved to 0.8784, model saved
2026-09-01 00:36:06 | Epoch   6/100 | Train Loss 5.8850 Acc 0.2309 | Val Loss 5.8620 Acc 0.4982 AUC 0.9068 Pre 0.2146 Rec 0.3233
2026-09-01 00:36:06 |   Val AUC improved to 0.9068, model saved
2026-09-01 00:36:06 | Epoch   7/100 | Train Loss 5.9248 Acc 0.2420 | Val Loss 5.7664 Acc 0.5185 AUC 0.9171 Pre 0.2101 Rec 0.3435
2026-09-01 00:36:06 |   Val AUC improved to 0.9171, model saved
2026-09-01 00:36:06 | Epoch   8/100 | Train Loss 5.8440 Acc 0.2401 | Val Loss 5.5805 Acc 0.5369 AUC 0.9165 Pre 0.2186 Rec 0.3620
2026-09-01 00:36:06 | Epoch   9/100 | Train Loss 5.6458 Acc 0.2679 | Val Loss 5.3061 Acc 0.5369 AUC 0.9119 Pre 0.2218 Rec 0.3628
2026-09-01 00:36:06 | Epoch  10/100 | Train Loss 5.3599 Acc 0.3282 | Val Loss 4.9339 Acc 0.5258 AUC 0.9082 Pre 0.2193 Rec 0.3503
2026-09-01 00:36:06 | Epoch  11/100 | Train Loss 4.9950 Acc 0.3738 | Val Loss 4.5302 Acc 0.5037 AUC 0.8951 Pre 0.2242 Rec 0.3293
2026-09-01 00:36:06 | Epoch  12/100 | Train Loss 4.5544 Acc 0.4563 | Val Loss 4.2858 Acc 0.4797 AUC 0.8848 Pre 0.2197 Rec 0.3074
2026-09-01 00:36:06 | Epoch  13/100 | Train Loss 4.3175 Acc 0.4858 | Val Loss 4.0627 Acc 0.5203 AUC 0.9125 Pre 0.2530 Rec 0.3452
2026-09-01 00:36:06 | Epoch  14/100 | Train Loss 4.0753 Acc 0.5259 | Val Loss 3.7733 Acc 0.5554 AUC 0.9306 Pre 0.2881 Rec 0.3829
2026-09-01 00:36:06 |   Val AUC improved to 0.9306, model saved
2026-09-01 00:36:06 | Epoch  15/100 | Train Loss 3.8051 Acc 0.5431 | Val Loss 3.4607 Acc 0.5664 AUC 0.9364 Pre 0.4239 Rec 0.3949
2026-09-01 00:36:06 |   Val AUC improved to 0.9364, model saved
2026-09-01 00:36:06 | Epoch  16/100 | Train Loss 3.4804 Acc 0.5788 | Val Loss 3.1973 Acc 0.5996 AUC 0.9446 Pre 0.3694 Rec 0.4291
2026-09-01 00:36:06 |   Val AUC improved to 0.9446, model saved
2026-09-01 00:36:06 | Epoch  17/100 | Train Loss 3.1672 Acc 0.6238 | Val Loss 3.0380 Acc 0.6900 AUC 0.9460 Pre 0.4717 Rec 0.5411
2026-09-01 00:36:06 |   Val AUC improved to 0.9460, model saved
2026-09-01 00:36:06 | Epoch  18/100 | Train Loss 2.9907 Acc 0.6570 | Val Loss 2.8533 Acc 0.7343 AUC 0.9485 Pre 0.5078 Rec 0.5907
2026-09-01 00:36:06 |   Val AUC improved to 0.9485, model saved
2026-09-01 00:36:06 | Epoch  19/100 | Train Loss 2.7610 Acc 0.7044 | Val Loss 2.6575 Acc 0.7620 AUC 0.9541 Pre 0.5402 Rec 0.6212
2026-09-01 00:36:06 |   Val AUC improved to 0.9541, model saved
2026-09-01 00:36:06 | Epoch  20/100 | Train Loss 2.5365 Acc 0.7248 | Val Loss 2.5000 Acc 0.7657 AUC 0.9561 Pre 0.5418 Rec 0.6315
2026-09-01 00:36:06 |   Val AUC improved to 0.9561, model saved
2026-09-01 00:36:06 | Epoch  21/100 | Train Loss 2.3404 Acc 0.7482 | Val Loss 2.3792 Acc 0.7657 AUC 0.9552 Pre 0.5424 Rec 0.6319
2026-09-01 00:36:06 | Epoch  22/100 | Train Loss 2.2056 Acc 0.7580 | Val Loss 2.3102 Acc 0.7565 AUC 0.9528 Pre 0.5397 Rec 0.6211
2026-09-01 00:36:06 | Epoch  23/100 | Train Loss 2.1174 Acc 0.7586 | Val Loss 2.2504 Acc 0.7620 AUC 0.9541 Pre 0.5412 Rec 0.6260
2026-09-01 00:36:06 | Epoch  24/100 | Train Loss 2.0019 Acc 0.7648 | Val Loss 2.1856 Acc 0.7712 AUC 0.9587 Pre 0.6291 Rec 0.6425
2026-09-01 00:36:06 |   Val AUC improved to 0.9587, model saved
2026-09-01 00:36:06 | Epoch  25/100 | Train Loss 1.8734 Acc 0.7956 | Val Loss 2.1246 Acc 0.8026 AUC 0.9610 Pre 0.6782 Rec 0.6931
2026-09-01 00:36:06 |   Val AUC improved to 0.9610, model saved
2026-09-01 00:36:06 | Epoch  26/100 | Train Loss 1.7742 Acc 0.8023 | Val Loss 2.0631 Acc 0.8155 AUC 0.9611 Pre 0.6870 Rec 0.7189
2026-09-01 00:36:06 |   Val AUC improved to 0.9611, model saved
2026-09-01 00:36:06 | Epoch  27/100 | Train Loss 1.6576 Acc 0.8208 | Val Loss 2.0216 Acc 0.8137 AUC 0.9608 Pre 0.6816 Rec 0.7193
2026-09-01 00:36:06 | Epoch  28/100 | Train Loss 1.5648 Acc 0.8264 | Val Loss 1.9864 Acc 0.8303 AUC 0.9615 Pre 0.8294 Rec 0.7521
2026-09-01 00:36:06 |   Val AUC improved to 0.9615, model saved
2026-09-01 00:36:06 | Epoch  29/100 | Train Loss 1.5066 Acc 0.8411 | Val Loss 1.9573 Acc 0.8321 AUC 0.9624 Pre 0.8268 Rec 0.7658
2026-09-01 00:36:06 |   Val AUC improved to 0.9624, model saved
2026-09-01 00:36:06 | Epoch  30/100 | Train Loss 1.4255 Acc 0.8534 | Val Loss 1.9418 Acc 0.8413 AUC 0.9626 Pre 0.8326 Rec 0.7882
2026-09-01 00:36:06 |   Val AUC improved to 0.9626, model saved
2026-09-01 00:36:06 | Epoch  31/100 | Train Loss 1.3512 Acc 0.8590 | Val Loss 1.9371 Acc 0.8524 AUC 0.9622 Pre 0.8440 Rec 0.8099
2026-09-01 00:36:06 | Epoch  32/100 | Train Loss 1.2879 Acc 0.8750 | Val Loss 1.9377 Acc 0.8598 AUC 0.9616 Pre 0.8488 Rec 0.8271
2026-09-01 00:36:06 | Epoch  33/100 | Train Loss 1.2264 Acc 0.8922 | Val Loss 1.9263 Acc 0.8579 AUC 0.9618 Pre 0.8417 Rec 0.8289
2026-09-01 00:36:06 | Epoch  34/100 | Train Loss 1.1540 Acc 0.8984 | Val Loss 1.9105 Acc 0.8616 AUC 0.9618 Pre 0.8418 Rec 0.8368
2026-09-01 00:36:06 | Epoch  35/100 | Train Loss 1.1042 Acc 0.9064 | Val Loss 1.9025 Acc 0.8653 AUC 0.9612 Pre 0.8431 Rec 0.8432
2026-09-01 00:36:06 | Epoch  36/100 | Train Loss 1.0455 Acc 0.9212 | Val Loss 1.9002 Acc 0.8635 AUC 0.9606 Pre 0.8447 Rec 0.8415
2026-09-01 00:36:06 | Epoch  37/100 | Train Loss 1.0007 Acc 0.9261 | Val Loss 1.9042 Acc 0.8616 AUC 0.9598 Pre 0.8456 Rec 0.8398
2026-09-01 00:36:06 | Epoch  38/100 | Train Loss 0.9684 Acc 0.9286 | Val Loss 1.9061 Acc 0.8579 AUC 0.9592 Pre 0.8449 Rec 0.8380
2026-09-01 00:36:06 | Epoch  39/100 | Train Loss 0.9008 Acc 0.9390 | Val Loss 1.9047 Acc 0.8579 AUC 0.9590 Pre 0.8422 Rec 0.8377
2026-09-01 00:36:06 | Epoch  40/100 | Train Loss 0.8520 Acc 0.9440 | Val Loss 1.9055 Acc 0.8598 AUC 0.9588 Pre 0.8433 Rec 0.8420
2026-09-01 00:36:06 | Val AUC did not improve for 10 consecutive epochs, early stopping at Epoch 40 (best AUC 0.9626 @ Epoch 30)
2026-09-01 00:36:06 | Run 5/5 | Test (best model @ Epoch 30) | Loss 1.9417 Acc 0.8450 AUC 0.9687 Pre 0.8214 Rec 0.8031
2026-09-01 00:36:06 | Average over 5 runs | Test Loss 1.8104±0.0942 Acc 0.8657±0.0116 AUC 0.9700±0.0015 Pre 0.8516±0.0176 Rec 0.8494±0.0267
2026-09-01 02:06:47 | Device: cuda
2026-09-01 02:06:47 | Args: {'model': 'opb', 'backbone': 'gnn', 'task': 'cora', 'epochs': 100, 'batch_size': 512, 'lr': 0.01, 'hidden_dims': [512, 256], 'dropout': 0.2, 'z_dim': 256, 'anchor_scale': 10.0, 'max_len': 250, 'random_labels': True, 'beta': 0.1, 'patience': 10, 'runs': 5, 'seed': 0, 'data_dir': './data', 'save_path': 'output/cora_gnn_opb/cora_gnn_opb.pt', 'log_path': '/root/autodl-tmp/IB/tune_results/cora_gnn_opb_beta_0.1_anchor_10/train.log', 'no_save': True}
2026-09-01 02:06:49 | Cora 划分（60/20/20 分层）：train 1624 / val 542 / test 542（共 2708 节点，7 类）
2026-09-01 02:06:49 | 随机标签实验：训练节点标签已随机化（I(X;Y)=0，固定 seed 42）
2026-09-01 02:06:50 | ===== Run 1/5 (seed 0) =====
2026-09-01 02:06:51 | Epoch   1/100 | Train Loss 7.1027 Acc 0.1533 | Val Loss 6.7330 Acc 0.1476 AUC 0.4839 Pre 0.0317 Rec 0.1459
2026-09-01 02:06:51 |   Val AUC improved to 0.4839, model saved
2026-09-01 02:06:51 | Epoch   2/100 | Train Loss 6.8541 Acc 0.1453 | Val Loss 6.2896 Acc 0.0664 AUC 0.4767 Pre 0.0095 Rec 0.1429
2026-09-01 02:06:51 | Epoch   3/100 | Train Loss 6.4143 Acc 0.1342 | Val Loss 6.2523 Acc 0.1568 AUC 0.5556 Pre 0.0224 Rec 0.1429
2026-09-01 02:06:51 |   Val AUC improved to 0.5556, model saved
2026-09-01 02:06:51 | Epoch   4/100 | Train Loss 6.4288 Acc 0.1453 | Val Loss 6.0172 Acc 0.1568 AUC 0.5195 Pre 0.0224 Rec 0.1429
2026-09-01 02:06:51 | Epoch   5/100 | Train Loss 6.1246 Acc 0.1416 | Val Loss 6.0917 Acc 0.1439 AUC 0.4598 Pre 0.0639 Rec 0.1619
2026-09-01 02:06:51 | Epoch   6/100 | Train Loss 6.2003 Acc 0.1361 | Val Loss 6.0283 Acc 0.3026 AUC 0.4729 Pre 0.0432 Rec 0.1429
2026-09-01 02:06:51 | Epoch   7/100 | Train Loss 6.1169 Acc 0.1435 | Val Loss 5.8922 Acc 0.3026 AUC 0.4768 Pre 0.0432 Rec 0.1429
2026-09-01 02:06:51 | Epoch   8/100 | Train Loss 5.9702 Acc 0.1546 | Val Loss 5.7243 Acc 0.3026 AUC 0.4768 Pre 0.0432 Rec 0.1429
2026-09-01 02:06:51 | Epoch   9/100 | Train Loss 5.8042 Acc 0.1367 | Val Loss 5.5860 Acc 0.3026 AUC 0.4836 Pre 0.0432 Rec 0.1429
2026-09-01 02:06:51 | Epoch  10/100 | Train Loss 5.6583 Acc 0.1398 | Val Loss 5.5723 Acc 0.1568 AUC 0.5303 Pre 0.0224 Rec 0.1429
2026-09-01 02:06:51 | Epoch  11/100 | Train Loss 5.6271 Acc 0.1447 | Val Loss 5.5237 Acc 0.1568 AUC 0.5554 Pre 0.0224 Rec 0.1429
2026-09-01 02:06:51 | Epoch  12/100 | Train Loss 5.5664 Acc 0.1619 | Val Loss 5.4178 Acc 0.1568 AUC 0.5684 Pre 0.0224 Rec 0.1429
2026-09-01 02:06:51 |   Val AUC improved to 0.5684, model saved
2026-09-01 02:06:51 | Epoch  13/100 | Train Loss 5.4257 Acc 0.1613 | Val Loss 5.3634 Acc 0.1568 AUC 0.5693 Pre 0.0224 Rec 0.1429
2026-09-01 02:06:51 |   Val AUC improved to 0.5693, model saved
2026-09-01 02:06:51 | Epoch  14/100 | Train Loss 5.4044 Acc 0.1422 | Val Loss 5.3133 Acc 0.1568 AUC 0.5627 Pre 0.0224 Rec 0.1429
2026-09-01 02:06:51 | Epoch  15/100 | Train Loss 5.3374 Acc 0.1595 | Val Loss 5.2352 Acc 0.1568 AUC 0.5147 Pre 0.0224 Rec 0.1429
2026-09-01 02:06:51 | Epoch  16/100 | Train Loss 5.2601 Acc 0.1626 | Val Loss 5.1424 Acc 0.1568 AUC 0.5101 Pre 0.0224 Rec 0.1429
2026-09-01 02:06:51 | Epoch  17/100 | Train Loss 5.1800 Acc 0.1607 | Val Loss 5.0667 Acc 0.1568 AUC 0.5111 Pre 0.0224 Rec 0.1429
2026-09-01 02:06:51 | Epoch  18/100 | Train Loss 5.1141 Acc 0.1422 | Val Loss 5.0310 Acc 0.1568 AUC 0.4990 Pre 0.0224 Rec 0.1429
2026-09-01 02:06:51 | Epoch  19/100 | Train Loss 5.0713 Acc 0.1509 | Val Loss 4.9808 Acc 0.1568 AUC 0.4987 Pre 0.0224 Rec 0.1429
2026-09-01 02:06:51 | Epoch  20/100 | Train Loss 4.9936 Acc 0.1558 | Val Loss 4.9157 Acc 0.1568 AUC 0.5077 Pre 0.0224 Rec 0.1429
2026-09-01 02:06:51 | Epoch  21/100 | Train Loss 4.9226 Acc 0.1398 | Val Loss 4.8681 Acc 0.1568 AUC 0.5088 Pre 0.0224 Rec 0.1429
2026-09-01 02:06:51 | Epoch  22/100 | Train Loss 4.8710 Acc 0.1398 | Val Loss 4.8244 Acc 0.1568 AUC 0.5068 Pre 0.0224 Rec 0.1429
2026-09-01 02:06:51 | Epoch  23/100 | Train Loss 4.8014 Acc 0.1736 | Val Loss 4.7657 Acc 0.1568 AUC 0.5117 Pre 0.0224 Rec 0.1429
2026-09-01 02:06:51 | Val AUC did not improve for 10 consecutive epochs, early stopping at Epoch 23 (best AUC 0.5693 @ Epoch 13)
2026-09-01 02:06:51 | Run 1/5 | Test (best model @ Epoch 13) | Loss 5.3621 Acc 0.1568 AUC 0.5747 Pre 0.0224 Rec 0.1429
2026-09-01 02:06:51 | ===== Run 2/5 (seed 1) =====
2026-09-01 02:06:52 | Epoch   1/100 | Train Loss 7.1079 Acc 0.1466 | Val Loss 6.7277 Acc 0.0664 AUC 0.4467 Pre 0.0096 Rec 0.1429
2026-09-01 02:06:52 |   Val AUC improved to 0.4467, model saved
2026-09-01 02:06:52 | Epoch   2/100 | Train Loss 6.8395 Acc 0.1392 | Val Loss 6.3295 Acc 0.0664 AUC 0.4503 Pre 0.0095 Rec 0.1429
2026-09-01 02:06:52 |   Val AUC improved to 0.4503, model saved
2026-09-01 02:06:52 | Epoch   3/100 | Train Loss 6.4728 Acc 0.1416 | Val Loss 6.0733 Acc 0.1568 AUC 0.5448 Pre 0.0224 Rec 0.1429
2026-09-01 02:06:52 |   Val AUC improved to 0.5448, model saved
2026-09-01 02:06:52 | Epoch   4/100 | Train Loss 6.1842 Acc 0.1595 | Val Loss 5.9784 Acc 0.1568 AUC 0.5245 Pre 0.0224 Rec 0.1429
2026-09-01 02:06:52 | Epoch   5/100 | Train Loss 6.0963 Acc 0.1453 | Val Loss 5.9087 Acc 0.1568 AUC 0.5219 Pre 0.0224 Rec 0.1429
2026-09-01 02:06:52 | Epoch   6/100 | Train Loss 6.0117 Acc 0.1484 | Val Loss 5.7783 Acc 0.1568 AUC 0.5304 Pre 0.0224 Rec 0.1429
2026-09-01 02:06:52 | Epoch   7/100 | Train Loss 5.8899 Acc 0.1576 | Val Loss 5.7021 Acc 0.1568 AUC 0.5281 Pre 0.0224 Rec 0.1429
2026-09-01 02:06:52 | Epoch   8/100 | Train Loss 5.7854 Acc 0.1539 | Val Loss 5.6652 Acc 0.1568 AUC 0.5623 Pre 0.0224 Rec 0.1429
2026-09-01 02:06:52 |   Val AUC improved to 0.5623, model saved
2026-09-01 02:06:52 | Epoch   9/100 | Train Loss 5.7017 Acc 0.1502 | Val Loss 5.6177 Acc 0.1568 AUC 0.5724 Pre 0.0224 Rec 0.1429
2026-09-01 02:06:52 |   Val AUC improved to 0.5724, model saved
2026-09-01 02:06:52 | Epoch  10/100 | Train Loss 5.6223 Acc 0.1583 | Val Loss 5.5619 Acc 0.1568 AUC 0.5718 Pre 0.0224 Rec 0.1429
2026-09-01 02:06:52 | Epoch  11/100 | Train Loss 5.5483 Acc 0.1589 | Val Loss 5.4903 Acc 0.1568 AUC 0.5730 Pre 0.0224 Rec 0.1429
2026-09-01 02:06:52 |   Val AUC improved to 0.5730, model saved
2026-09-01 02:06:52 | Epoch  12/100 | Train Loss 5.4674 Acc 0.1527 | Val Loss 5.4175 Acc 0.1568 AUC 0.5498 Pre 0.0224 Rec 0.1429
2026-09-01 02:06:52 | Epoch  13/100 | Train Loss 5.3955 Acc 0.1589 | Val Loss 5.3555 Acc 0.1568 AUC 0.5241 Pre 0.0224 Rec 0.1429
2026-09-01 02:06:52 | Epoch  14/100 | Train Loss 5.3115 Acc 0.1644 | Val Loss 5.2840 Acc 0.1568 AUC 0.5210 Pre 0.0224 Rec 0.1429
2026-09-01 02:06:52 | Epoch  15/100 | Train Loss 5.2469 Acc 0.1773 | Val Loss 5.2166 Acc 0.1568 AUC 0.5137 Pre 0.0224 Rec 0.1429
2026-09-01 02:06:52 | Epoch  16/100 | Train Loss 5.1591 Acc 0.1878 | Val Loss 5.1745 Acc 0.1568 AUC 0.5134 Pre 0.0224 Rec 0.1429
2026-09-01 02:06:52 | Epoch  17/100 | Train Loss 5.1001 Acc 0.1921 | Val Loss 5.1126 Acc 0.1568 AUC 0.5227 Pre 0.0225 Rec 0.1429
2026-09-01 02:06:52 | Epoch  18/100 | Train Loss 5.0117 Acc 0.1823 | Val Loss 5.0777 Acc 0.1550 AUC 0.5225 Pre 0.0234 Rec 0.1412
2026-09-01 02:06:52 | Epoch  19/100 | Train Loss 4.9425 Acc 0.1952 | Val Loss 5.0556 Acc 0.1550 AUC 0.5207 Pre 0.0671 Rec 0.1418
2026-09-01 02:06:53 | Epoch  20/100 | Train Loss 4.8463 Acc 0.2137 | Val Loss 5.0466 Acc 0.1458 AUC 0.5137 Pre 0.0748 Rec 0.1339
2026-09-01 02:06:53 | Epoch  21/100 | Train Loss 4.7820 Acc 0.2204 | Val Loss 5.0316 Acc 0.1513 AUC 0.5062 Pre 0.0793 Rec 0.1566
2026-09-01 02:06:53 | Val AUC did not improve for 10 consecutive epochs, early stopping at Epoch 21 (best AUC 0.5730 @ Epoch 11)
2026-09-01 02:06:53 | Run 2/5 | Test (best model @ Epoch 11) | Loss 5.4942 Acc 0.1568 AUC 0.5633 Pre 0.0224 Rec 0.1429
2026-09-01 02:06:53 | ===== Run 3/5 (seed 2) =====
2026-09-01 02:06:53 | Epoch   1/100 | Train Loss 7.0867 Acc 0.1367 | Val Loss 6.7563 Acc 0.0664 AUC 0.5112 Pre 0.0095 Rec 0.1429
2026-09-01 02:06:53 |   Val AUC improved to 0.5112, model saved
2026-09-01 02:06:53 | Epoch   2/100 | Train Loss 6.8650 Acc 0.1502 | Val Loss 6.3560 Acc 0.1107 AUC 0.5020 Pre 0.0158 Rec 0.1429
2026-09-01 02:06:53 | Epoch   3/100 | Train Loss 6.5026 Acc 0.1404 | Val Loss 6.3294 Acc 0.1568 AUC 0.5096 Pre 0.0224 Rec 0.1429
2026-09-01 02:06:53 | Epoch   4/100 | Train Loss 6.5374 Acc 0.1509 | Val Loss 5.9829 Acc 0.1439 AUC 0.5049 Pre 0.0332 Rec 0.1494
2026-09-01 02:06:53 | Epoch   5/100 | Train Loss 6.0888 Acc 0.1515 | Val Loss 6.0604 Acc 0.0664 AUC 0.5182 Pre 0.0095 Rec 0.1429
2026-09-01 02:06:53 |   Val AUC improved to 0.5182, model saved
2026-09-01 02:06:53 | Epoch   6/100 | Train Loss 6.1429 Acc 0.1570 | Val Loss 6.0292 Acc 0.0664 AUC 0.5320 Pre 0.0095 Rec 0.1429
2026-09-01 02:06:53 |   Val AUC improved to 0.5320, model saved
2026-09-01 02:06:53 | Epoch   7/100 | Train Loss 6.1051 Acc 0.1564 | Val Loss 5.9234 Acc 0.0664 AUC 0.5402 Pre 0.0095 Rec 0.1429
2026-09-01 02:06:53 |   Val AUC improved to 0.5402, model saved
2026-09-01 02:06:53 | Epoch   8/100 | Train Loss 5.9970 Acc 0.1472 | Val Loss 5.7765 Acc 0.0793 AUC 0.5448 Pre 0.0768 Rec 0.1523
2026-09-01 02:06:53 |   Val AUC improved to 0.5448, model saved
2026-09-01 02:06:53 | Epoch   9/100 | Train Loss 5.8437 Acc 0.1601 | Val Loss 5.6201 Acc 0.1568 AUC 0.5448 Pre 0.0224 Rec 0.1429
2026-09-01 02:06:53 | Epoch  10/100 | Train Loss 5.6915 Acc 0.1459 | Val Loss 5.5268 Acc 0.1568 AUC 0.5433 Pre 0.0224 Rec 0.1429
2026-09-01 02:06:53 | Epoch  11/100 | Train Loss 5.5940 Acc 0.1564 | Val Loss 5.5208 Acc 0.1568 AUC 0.5535 Pre 0.0224 Rec 0.1429
2026-09-01 02:06:53 |   Val AUC improved to 0.5535, model saved
2026-09-01 02:06:53 | Epoch  12/100 | Train Loss 5.5725 Acc 0.1533 | Val Loss 5.4427 Acc 0.1568 AUC 0.5753 Pre 0.0224 Rec 0.1429
2026-09-01 02:06:53 |   Val AUC improved to 0.5753, model saved
2026-09-01 02:06:53 | Epoch  13/100 | Train Loss 5.4808 Acc 0.1385 | Val Loss 5.3470 Acc 0.1255 AUC 0.5281 Pre 0.0877 Rec 0.1563
2026-09-01 02:06:53 | Epoch  14/100 | Train Loss 5.3648 Acc 0.1638 | Val Loss 5.2924 Acc 0.1550 AUC 0.5179 Pre 0.0344 Rec 0.1461
2026-09-01 02:06:53 | Epoch  15/100 | Train Loss 5.3094 Acc 0.1613 | Val Loss 5.2400 Acc 0.1568 AUC 0.5180 Pre 0.0224 Rec 0.1429
2026-09-01 02:06:53 | Epoch  16/100 | Train Loss 5.2777 Acc 0.1441 | Val Loss 5.1682 Acc 0.1568 AUC 0.5529 Pre 0.0224 Rec 0.1429
2026-09-01 02:06:53 | Epoch  17/100 | Train Loss 5.2065 Acc 0.1589 | Val Loss 5.0845 Acc 0.1568 AUC 0.5803 Pre 0.0224 Rec 0.1429
2026-09-01 02:06:53 |   Val AUC improved to 0.5803, model saved
2026-09-01 02:06:53 | Epoch  18/100 | Train Loss 5.1337 Acc 0.1379 | Val Loss 5.0110 Acc 0.1568 AUC 0.5751 Pre 0.0224 Rec 0.1429
2026-09-01 02:06:53 | Epoch  19/100 | Train Loss 5.0476 Acc 0.1521 | Val Loss 4.9629 Acc 0.1568 AUC 0.5726 Pre 0.0224 Rec 0.1429
2026-09-01 02:06:53 | Epoch  20/100 | Train Loss 5.0009 Acc 0.1478 | Val Loss 4.9237 Acc 0.1568 AUC 0.5714 Pre 0.0224 Rec 0.1429
2026-09-01 02:06:54 | Epoch  21/100 | Train Loss 4.9354 Acc 0.1650 | Val Loss 4.8703 Acc 0.1568 AUC 0.5722 Pre 0.0224 Rec 0.1429
2026-09-01 02:06:54 | Epoch  22/100 | Train Loss 4.8538 Acc 0.1570 | Val Loss 4.8151 Acc 0.1568 AUC 0.5899 Pre 0.0225 Rec 0.1429
2026-09-01 02:06:54 |   Val AUC improved to 0.5899, model saved
2026-09-01 02:06:54 | Epoch  23/100 | Train Loss 4.8084 Acc 0.1496 | Val Loss 4.7656 Acc 0.1439 AUC 0.5982 Pre 0.0366 Rec 0.1395
2026-09-01 02:06:54 |   Val AUC improved to 0.5982, model saved
2026-09-01 02:06:54 | Epoch  24/100 | Train Loss 4.7468 Acc 0.1644 | Val Loss 4.7098 Acc 0.1458 AUC 0.5927 Pre 0.0403 Rec 0.1440
2026-09-01 02:06:54 | Epoch  25/100 | Train Loss 4.6915 Acc 0.1755 | Val Loss 4.6464 Acc 0.1531 AUC 0.5798 Pre 0.0231 Rec 0.1395
2026-09-01 02:06:54 | Epoch  26/100 | Train Loss 4.6163 Acc 0.1792 | Val Loss 4.5845 Acc 0.1568 AUC 0.5690 Pre 0.0228 Rec 0.1429
2026-09-01 02:06:54 | Epoch  27/100 | Train Loss 4.5702 Acc 0.1761 | Val Loss 4.5397 Acc 0.1568 AUC 0.5657 Pre 0.0227 Rec 0.1429
2026-09-01 02:06:54 | Epoch  28/100 | Train Loss 4.5116 Acc 0.1700 | Val Loss 4.5097 Acc 0.1550 AUC 0.5658 Pre 0.0229 Rec 0.1412
2026-09-01 02:06:54 | Epoch  29/100 | Train Loss 4.4374 Acc 0.1995 | Val Loss 4.4922 Acc 0.1494 AUC 0.5627 Pre 0.0232 Rec 0.1361
2026-09-01 02:06:54 | Epoch  30/100 | Train Loss 4.3650 Acc 0.1940 | Val Loss 4.4831 Acc 0.1365 AUC 0.5572 Pre 0.0370 Rec 0.1333
2026-09-01 02:06:54 | Epoch  31/100 | Train Loss 4.3080 Acc 0.2094 | Val Loss 4.4596 Acc 0.1347 AUC 0.5552 Pre 0.0455 Rec 0.1452
2026-09-01 02:06:54 | Epoch  32/100 | Train Loss 4.2309 Acc 0.2217 | Val Loss 4.4231 Acc 0.1347 AUC 0.5555 Pre 0.0698 Rec 0.1419
2026-09-01 02:06:54 | Epoch  33/100 | Train Loss 4.1440 Acc 0.2297 | Val Loss 4.4060 Acc 0.1550 AUC 0.5554 Pre 0.0850 Rec 0.1553
2026-09-01 02:06:54 | Val AUC did not improve for 10 consecutive epochs, early stopping at Epoch 33 (best AUC 0.5982 @ Epoch 23)
2026-09-01 02:06:54 | Run 3/5 | Test (best model @ Epoch 23) | Loss 4.7583 Acc 0.1531 AUC 0.5986 Pre 0.0381 Rec 0.1486
2026-09-01 02:06:54 | ===== Run 4/5 (seed 3) =====
2026-09-01 02:06:54 | Epoch   1/100 | Train Loss 7.1070 Acc 0.1379 | Val Loss 6.7535 Acc 0.1568 AUC 0.4585 Pre 0.0224 Rec 0.1429
2026-09-01 02:06:54 |   Val AUC improved to 0.4585, model saved
2026-09-01 02:06:54 | Epoch   2/100 | Train Loss 6.8760 Acc 0.1398 | Val Loss 6.3291 Acc 0.0775 AUC 0.4919 Pre 0.0111 Rec 0.1395
2026-09-01 02:06:54 |   Val AUC improved to 0.4919, model saved
2026-09-01 02:06:54 | Epoch   3/100 | Train Loss 6.4354 Acc 0.1595 | Val Loss 6.4868 Acc 0.1568 AUC 0.4886 Pre 0.0224 Rec 0.1429
2026-09-01 02:06:54 | Epoch   4/100 | Train Loss 6.7161 Acc 0.1349 | Val Loss 5.9897 Acc 0.0664 AUC 0.5255 Pre 0.0095 Rec 0.1429
2026-09-01 02:06:54 |   Val AUC improved to 0.5255, model saved
2026-09-01 02:06:54 | Epoch   5/100 | Train Loss 6.0941 Acc 0.1453 | Val Loss 6.1087 Acc 0.0664 AUC 0.4936 Pre 0.0095 Rec 0.1429
2026-09-01 02:06:54 | Epoch   6/100 | Train Loss 6.1926 Acc 0.1564 | Val Loss 6.1071 Acc 0.0664 AUC 0.4839 Pre 0.0095 Rec 0.1429
2026-09-01 02:06:54 | Epoch   7/100 | Train Loss 6.1514 Acc 0.1478 | Val Loss 6.0208 Acc 0.0664 AUC 0.4978 Pre 0.0095 Rec 0.1429
2026-09-01 02:06:54 | Epoch   8/100 | Train Loss 6.0728 Acc 0.1552 | Val Loss 5.8927 Acc 0.0664 AUC 0.5141 Pre 0.0095 Rec 0.1429
2026-09-01 02:06:54 | Epoch   9/100 | Train Loss 5.9729 Acc 0.1392 | Val Loss 5.7370 Acc 0.0664 AUC 0.5441 Pre 0.0095 Rec 0.1429
2026-09-01 02:06:54 |   Val AUC improved to 0.5441, model saved
2026-09-01 02:06:55 | Epoch  10/100 | Train Loss 5.8130 Acc 0.1367 | Val Loss 5.5751 Acc 0.0664 AUC 0.5519 Pre 0.0095 Rec 0.1429
2026-09-01 02:06:55 |   Val AUC improved to 0.5519, model saved
2026-09-01 02:06:55 | Epoch  11/100 | Train Loss 5.6484 Acc 0.1539 | Val Loss 5.4611 Acc 0.1568 AUC 0.5534 Pre 0.0224 Rec 0.1429
2026-09-01 02:06:55 |   Val AUC improved to 0.5534, model saved
2026-09-01 02:06:55 | Epoch  12/100 | Train Loss 5.5352 Acc 0.1496 | Val Loss 5.4082 Acc 0.1568 AUC 0.5359 Pre 0.0224 Rec 0.1429
2026-09-01 02:06:55 | Epoch  13/100 | Train Loss 5.5002 Acc 0.1472 | Val Loss 5.3531 Acc 0.1568 AUC 0.5116 Pre 0.0224 Rec 0.1429
2026-09-01 02:06:55 | Epoch  14/100 | Train Loss 5.4043 Acc 0.1478 | Val Loss 5.2992 Acc 0.1568 AUC 0.5135 Pre 0.0224 Rec 0.1429
2026-09-01 02:06:55 | Epoch  15/100 | Train Loss 5.3301 Acc 0.1509 | Val Loss 5.2494 Acc 0.1568 AUC 0.5169 Pre 0.0224 Rec 0.1429
2026-09-01 02:06:55 | Epoch  16/100 | Train Loss 5.2925 Acc 0.1318 | Val Loss 5.1915 Acc 0.1568 AUC 0.5384 Pre 0.0224 Rec 0.1429
2026-09-01 02:06:55 | Epoch  17/100 | Train Loss 5.2064 Acc 0.1484 | Val Loss 5.1206 Acc 0.1568 AUC 0.5834 Pre 0.0224 Rec 0.1429
2026-09-01 02:06:55 |   Val AUC improved to 0.5834, model saved
2026-09-01 02:06:55 | Epoch  18/100 | Train Loss 5.1500 Acc 0.1552 | Val Loss 5.0421 Acc 0.1568 AUC 0.5717 Pre 0.0224 Rec 0.1429
2026-09-01 02:06:55 | Epoch  19/100 | Train Loss 5.0622 Acc 0.1466 | Val Loss 4.9776 Acc 0.1568 AUC 0.5741 Pre 0.0224 Rec 0.1429
2026-09-01 02:06:55 | Epoch  20/100 | Train Loss 4.9967 Acc 0.1650 | Val Loss 4.9387 Acc 0.1568 AUC 0.5758 Pre 0.0224 Rec 0.1429
2026-09-01 02:06:55 | Epoch  21/100 | Train Loss 4.9756 Acc 0.1361 | Val Loss 4.8912 Acc 0.1568 AUC 0.5773 Pre 0.0224 Rec 0.1429
2026-09-01 02:06:55 | Epoch  22/100 | Train Loss 4.9068 Acc 0.1429 | Val Loss 4.8233 Acc 0.1568 AUC 0.5783 Pre 0.0224 Rec 0.1429
2026-09-01 02:06:55 | Epoch  23/100 | Train Loss 4.8327 Acc 0.1607 | Val Loss 4.7671 Acc 0.1568 AUC 0.5810 Pre 0.0224 Rec 0.1429
2026-09-01 02:06:55 | Epoch  24/100 | Train Loss 4.7807 Acc 0.1558 | Val Loss 4.7233 Acc 0.1568 AUC 0.5842 Pre 0.0224 Rec 0.1429
2026-09-01 02:06:55 |   Val AUC improved to 0.5842, model saved
2026-09-01 02:06:55 | Epoch  25/100 | Train Loss 4.7195 Acc 0.1638 | Val Loss 4.6735 Acc 0.1568 AUC 0.5899 Pre 0.0224 Rec 0.1429
2026-09-01 02:06:55 |   Val AUC improved to 0.5899, model saved
2026-09-01 02:06:55 | Epoch  26/100 | Train Loss 4.6780 Acc 0.1515 | Val Loss 4.6165 Acc 0.1568 AUC 0.5908 Pre 0.0224 Rec 0.1429
2026-09-01 02:06:55 |   Val AUC improved to 0.5908, model saved
2026-09-01 02:06:55 | Epoch  27/100 | Train Loss 4.6132 Acc 0.1546 | Val Loss 4.5649 Acc 0.1568 AUC 0.5846 Pre 0.0224 Rec 0.1429
2026-09-01 02:06:55 | Epoch  28/100 | Train Loss 4.5613 Acc 0.1466 | Val Loss 4.5265 Acc 0.1568 AUC 0.5795 Pre 0.0224 Rec 0.1429
2026-09-01 02:06:55 | Epoch  29/100 | Train Loss 4.5114 Acc 0.1681 | Val Loss 4.4824 Acc 0.1568 AUC 0.5724 Pre 0.0224 Rec 0.1429
2026-09-01 02:06:55 | Epoch  30/100 | Train Loss 4.4661 Acc 0.1626 | Val Loss 4.4315 Acc 0.1550 AUC 0.5619 Pre 0.0223 Rec 0.1412
2026-09-01 02:06:55 | Epoch  31/100 | Train Loss 4.4109 Acc 0.1502 | Val Loss 4.3961 Acc 0.1568 AUC 0.5495 Pre 0.0703 Rec 0.1420
2026-09-01 02:06:55 | Epoch  32/100 | Train Loss 4.3668 Acc 0.1552 | Val Loss 4.3660 Acc 0.1513 AUC 0.5420 Pre 0.0509 Rec 0.1370
2026-09-01 02:06:55 | Epoch  33/100 | Train Loss 4.2873 Acc 0.1736 | Val Loss 4.3397 Acc 0.1531 AUC 0.5397 Pre 0.0511 Rec 0.1387
2026-09-01 02:06:55 | Epoch  34/100 | Train Loss 4.2292 Acc 0.1650 | Val Loss 4.3208 Acc 0.1531 AUC 0.5343 Pre 0.0510 Rec 0.1387
2026-09-01 02:06:55 | Epoch  35/100 | Train Loss 4.1771 Acc 0.1890 | Val Loss 4.2900 Acc 0.1458 AUC 0.5312 Pre 0.0312 Rec 0.1320
2026-09-01 02:06:55 | Epoch  36/100 | Train Loss 4.1258 Acc 0.1829 | Val Loss 4.2484 Acc 0.1679 AUC 0.5279 Pre 0.0718 Rec 0.1428
2026-09-01 02:06:55 | Val AUC did not improve for 10 consecutive epochs, early stopping at Epoch 36 (best AUC 0.5908 @ Epoch 26)
2026-09-01 02:06:55 | Run 4/5 | Test (best model @ Epoch 26) | Loss 4.6141 Acc 0.1568 AUC 0.5762 Pre 0.0224 Rec 0.1429
2026-09-01 02:06:55 | ===== Run 5/5 (seed 4) =====
2026-09-01 02:06:55 | Epoch   1/100 | Train Loss 7.0748 Acc 0.1509 | Val Loss 6.7252 Acc 0.1568 AUC 0.5235 Pre 0.0224 Rec 0.1429
2026-09-01 02:06:55 |   Val AUC improved to 0.5235, model saved
2026-09-01 02:06:55 | Epoch   2/100 | Train Loss 6.8311 Acc 0.1466 | Val Loss 6.3148 Acc 0.1531 AUC 0.5646 Pre 0.0455 Rec 0.1330
2026-09-01 02:06:55 |   Val AUC improved to 0.5646, model saved
2026-09-01 02:06:55 | Epoch   3/100 | Train Loss 6.4429 Acc 0.1558 | Val Loss 6.2699 Acc 0.1568 AUC 0.5191 Pre 0.0224 Rec 0.1429
2026-09-01 02:06:55 | Epoch   4/100 | Train Loss 6.4214 Acc 0.1539 | Val Loss 6.0280 Acc 0.1107 AUC 0.5630 Pre 0.0158 Rec 0.1429
2026-09-01 02:06:55 | Epoch   5/100 | Train Loss 6.1357 Acc 0.1466 | Val Loss 6.0899 Acc 0.1107 AUC 0.5447 Pre 0.0158 Rec 0.1429
2026-09-01 02:06:55 | Epoch   6/100 | Train Loss 6.1703 Acc 0.1539 | Val Loss 6.0278 Acc 0.1107 AUC 0.5641 Pre 0.0158 Rec 0.1429
2026-09-01 02:06:55 | Epoch   7/100 | Train Loss 6.1039 Acc 0.1626 | Val Loss 5.8954 Acc 0.1107 AUC 0.5696 Pre 0.0158 Rec 0.1429
2026-09-01 02:06:55 |   Val AUC improved to 0.5696, model saved
2026-09-01 02:06:55 | Epoch   8/100 | Train Loss 5.9772 Acc 0.1478 | Val Loss 5.7255 Acc 0.1107 AUC 0.5562 Pre 0.0158 Rec 0.1429
2026-09-01 02:06:55 | Epoch   9/100 | Train Loss 5.8257 Acc 0.1361 | Val Loss 5.5761 Acc 0.1365 AUC 0.5484 Pre 0.0393 Rec 0.1503
2026-09-01 02:06:55 | Epoch  10/100 | Train Loss 5.6553 Acc 0.1527 | Val Loss 5.5474 Acc 0.1568 AUC 0.5491 Pre 0.0224 Rec 0.1429
2026-09-01 02:06:55 | Epoch  11/100 | Train Loss 5.6268 Acc 0.1595 | Val Loss 5.5052 Acc 0.1568 AUC 0.5479 Pre 0.0224 Rec 0.1429
2026-09-01 02:06:55 | Epoch  12/100 | Train Loss 5.5507 Acc 0.1552 | Val Loss 5.4036 Acc 0.1568 AUC 0.5332 Pre 0.0224 Rec 0.1429
2026-09-01 02:06:55 | Epoch  13/100 | Train Loss 5.4332 Acc 0.1527 | Val Loss 5.3582 Acc 0.1568 AUC 0.5423 Pre 0.0398 Rec 0.1497
2026-09-01 02:06:55 | Epoch  14/100 | Train Loss 5.3740 Acc 0.1509 | Val Loss 5.3200 Acc 0.1568 AUC 0.5449 Pre 0.0224 Rec 0.1429
2026-09-01 02:06:55 | Epoch  15/100 | Train Loss 5.3469 Acc 0.1490 | Val Loss 5.2505 Acc 0.1568 AUC 0.5188 Pre 0.0224 Rec 0.1429
2026-09-01 02:06:55 | Epoch  16/100 | Train Loss 5.2806 Acc 0.1453 | Val Loss 5.1606 Acc 0.1568 AUC 0.5011 Pre 0.0224 Rec 0.1429
2026-09-01 02:06:55 | Epoch  17/100 | Train Loss 5.1884 Acc 0.1447 | Val Loss 5.0830 Acc 0.1568 AUC 0.5034 Pre 0.0224 Rec 0.1429
2026-09-01 02:06:55 | Val AUC did not improve for 10 consecutive epochs, early stopping at Epoch 17 (best AUC 0.5696 @ Epoch 7)
2026-09-01 02:06:55 | Run 5/5 | Test (best model @ Epoch 7) | Loss 5.8919 Acc 0.1107 AUC 0.5677 Pre 0.0158 Rec 0.1429
2026-09-01 02:06:55 | Average over 5 runs | Test Loss 5.2241±0.5308 Acc 0.1469±0.0203 AUC 0.5761±0.0136 Pre 0.0242±0.0083 Rec 0.1440±0.0026
2026-09-01 02:06:55 | Average over 5 runs | Train Acc (final epoch) 0.1903±0.0349
