seed,noise_rate,beta,frame_type,posterior_var_mode,D_0,D_1,D_2,D_3,D_4,D_5,D_6,D_7,D_8,D_9
3,0,10,fixed,paper,"[5.212054361436458e-07, 0.0, 0.0, 0.0, 0.0, 0.0, 0.0, 0.0, 0.0, 0.0]","[0.0, 2.0585584934451617e-06, 0.0, 0.0, 0.0, 0.0, 0.0, 0.0, 0.0, 0.0]","[0.0, 0.0, 6.218027010618243e-06, 0.0, 0.0, 0.0, 0.0, 0.0, 0.0, 0.0]","[0.0, 0.0, 0.0, 1.0234098226646893e-06, 0.0, 0.0, 0.0, 0.0, 0.0, 0.0]","[0.0, 0.0, 0.0, 0.0, 8.197068837034749e-07, 0.0, 0.0, 0.0, 0.0, 0.0]","[0.0, 0.0, 0.0, 0.0, 0.0, 1.4561834404958063e-06, 0.0, 0.0, 0.0, 0.0]","[0.0, 0.0, 0.0, 0.0, 0.0, 0.0, 2.714927404667833e-06, 0.0, 0.0, 0.0]","[0.0, 0.0, 0.0, 0.0, 0.0, 0.0, 0.0, 7.146348934838898e-07, 0.0, 0.0]","[0.0, 0.0, 0.0, 0.0, 0.0, 0.0, 0.0, 0.0, 9.537118330626981e-07, 0.0]","[0.0, 0.0, 0.0, 0.0, 0.0, 0.0, 0.0, 0.0, 0.0, 2.5151407498924527e-06]"
3,0,3,fixed,paper,"[3.7649379009963013e-06, 0.0, 0.0, 0.0, 0.0, 0.0, 0.0, 0.0, 0.0, 0.0]","[0.0, 1.8858454495784827e-06, 0.0, 0.0, 0.0, 0.0, 0.0, 0.0, 0.0, 0.0]","[0.0, 0.0, 5.779544608230935e-06, 0.0, 0.0, 0.0, 0.0, 0.0, 0.0, 0.0]","[0.0, 0.0, 0.0, 3.418210781092057e-06, 0.0, 0.0, 0.0, 0.0, 0.0, 0.0]","[0.0, 0.0, 0.0, 0.0, 2.208747673648759e-06, 0.0, 0.0, 0.0, 0.0, 0.0]","[0.0, 0.0, 0.0, 0.0, 0.0, 1.7278455288760597e-06, 0.0, 0.0, 0.0, 0.0]","[0.0, 0.0, 0.0, 0.0, 0.0, 0.0, 2.223744559159968e-06, 0.0, 0.0, 0.0]","[0.0, 0.0, 0.0, 0.0, 0.0, 0.0, 0.0, 4.783527401741594e-06, 0.0, 0.0]","[0.0, 0.0, 0.0, 0.0, 0.0, 0.0, 0.0, 0.0, 1.12667771645647e-06, 0.0]","[0.0, 0.0, 0.0, 0.0, 0.0, 0.0, 0.0, 0.0, 0.0, 4.536499545793049e-06]"
3,0,1,fixed,paper,"[4.533644073489995e-07, 0.0, 0.0, 0.0, 0.0, 0.0, 0.0, 0.0, 0.0, 0.0]","[0.0, 2.920369013281743e-07, 0.0, 0.0, 0.0, 0.0, 0.0, 0.0, 0.0, 0.0]","[0.0, 0.0, 3.998070781108254e-07, 0.0, 0.0, 0.0, 0.0, 0.0, 0.0, 0.0]","[0.0, 0.0, 0.0, 1.5300199152079585e-07, 0.0, 0.0, 0.0, 0.0, 0.0, 0.0]","[0.0, 0.0, 0.0, 0.0, 4.866902827416197e-07, 0.0, 0.0, 0.0, 0.0, 0.0]","[0.0, 0.0, 0.0, 0.0, 0.0, 2.4782133323242306e-07, 0.0, 0.0, 0.0, 0.0]","[0.0, 0.0, 0.0, 0.0, 0.0, 0.0, 3.205401242212247e-07, 0.0, 0.0, 0.0]","[0.0, 0.0, 0.0, 0.0, 0.0, 0.0, 0.0, 2.5448844098718837e-07, 0.0, 0.0]","[0.0, 0.0, 0.0, 0.0, 0.0, 0.0, 0.0, 0.0, 2.8305484534030256e-07, 0.0]","[0.0, 0.0, 0.0, 0.0, 0.0, 0.0, 0.0, 0.0, 0.0, 9.221826076100115e-07]"
3,0,0.3,fixed,paper,"[1.2319732377363835e-05, 0.0, 0.0, 0.0, 0.0, 0.0, 0.0, 0.0, 0.0, 0.0]","[0.0, 1.273170710192062e-05, 0.0, 0.0, 0.0, 0.0, 0.0, 0.0, 0.0, 0.0]","[0.0, 0.0, 1.4679349988000467e-05, 0.0, 0.0, 0.0, 0.0, 0.0, 0.0, 0.0]","[0.0, 0.0, 0.0, 7.648774044355378e-06, 0.0, 0.0, 0.0, 0.0, 0.0, 0.0]","[0.0, 0.0, 0.0, 0.0, 1.0846320947166532e-05, 0.0, 0.0, 0.0, 0.0, 0.0]","[0.0, 0.0, 0.0, 0.0, 0.0, 3.947734967368888e-06, 0.0, 0.0, 0.0, 0.0]","[0.0, 0.0, 0.0, 0.0, 0.0, 0.0, 2.1654445845342707e-06, 0.0, 0.0, 0.0]","[0.0, 0.0, 0.0, 0.0, 0.0, 0.0, 0.0, 1.7799138731788844e-05, 0.0, 0.0]","[0.0, 0.0, 0.0, 0.0, 0.0, 0.0, 0.0, 0.0, 1.7542074601806235e-06, 0.0]","[0.0, 0.0, 0.0, 0.0, 0.0, 0.0, 0.0, 0.0, 0.0, 1.0489512533240486e-05]"
3,0,0.1,fixed,paper,"[6.4552937146800105e-06, 0.0, 0.0, 0.0, 0.0, 0.0, 0.0, 0.0, 0.0, 0.0]","[0.0, 1.155945301434258e-05, 0.0, 0.0, 0.0, 0.0, 0.0, 0.0, 0.0, 0.0]","[0.0, 0.0, 2.5711451598908752e-06, 0.0, 0.0, 0.0, 0.0, 0.0, 0.0, 0.0]","[0.0, 0.0, 0.0, 2.1737216684414307e-06, 0.0, 0.0, 0.0, 0.0, 0.0, 0.0]","[0.0, 0.0, 0.0, 0.0, 2.1812450086144963e-06, 0.0, 0.0, 0.0, 0.0, 0.0]","[0.0, 0.0, 0.0, 0.0, 0.0, 5.551326012209756e-06, 0.0, 0.0, 0.0, 0.0]","[0.0, 0.0, 0.0, 0.0, 0.0, 0.0, 6.721713361912407e-06, 0.0, 0.0, 0.0]","[0.0, 0.0, 0.0, 0.0, 0.0, 0.0, 0.0, 4.967631866747979e-06, 0.0, 0.0]","[0.0, 0.0, 0.0, 0.0, 0.0, 0.0, 0.0, 0.0, 4.690251444117166e-06, 0.0]","[0.0, 0.0, 0.0, 0.0, 0.0, 0.0, 0.0, 0.0, 0.0, 8.012043508642819e-06]"
3,0,0.03,fixed,paper,"[3.7440527194121387e-06, 0.0, 0.0, 0.0, 0.0, 0.0, 0.0, 0.0, 0.0, 0.0]","[0.0, 4.218329650029773e-06, 0.0, 0.0, 0.0, 0.0, 0.0, 0.0, 0.0, 0.0]","[0.0, 0.0, 1.8298002032679506e-05, 0.0, 0.0, 0.0, 0.0, 0.0, 0.0, 0.0]","[0.0, 0.0, 0.0, 1.9123804122500587e-06, 0.0, 0.0, 0.0, 0.0, 0.0, 0.0]","[0.0, 0.0, 0.0, 0.0, 3.939310317946365e-06, 0.0, 0.0, 0.0, 0.0, 0.0]","[0.0, 0.0, 0.0, 0.0, 0.0, 2.2150086351757636e-06, 0.0, 0.0, 0.0, 0.0]","[0.0, 0.0, 0.0, 0.0, 0.0, 0.0, 4.082718078279868e-06, 0.0, 0.0, 0.0]","[0.0, 0.0, 0.0, 0.0, 0.0, 0.0, 0.0, 3.123856004094705e-06, 0.0, 0.0]","[0.0, 0.0, 0.0, 0.0, 0.0, 0.0, 0.0, 0.0, 3.2220666525972774e-06, 0.0]","[0.0, 0.0, 0.0, 0.0, 0.0, 0.0, 0.0, 0.0, 0.0, 2.3159147986007156e-06]"
3,0,0.01,fixed,paper,"[8.277358574559912e-05, 0.0, 0.0, 0.0, 0.0, 0.0, 0.0, 0.0, 0.0, 0.0]","[0.0, 4.397671727929264e-05, 0.0, 0.0, 0.0, 0.0, 0.0, 0.0, 0.0, 0.0]","[0.0, 0.0, 0.00012223860539961606, 0.0, 0.0, 0.0, 0.0, 0.0, 0.0, 0.0]","[0.0, 0.0, 0.0, 5.56944141862914e-05, 0.0, 0.0, 0.0, 0.0, 0.0, 0.0]","[0.0, 0.0, 0.0, 0.0, 0.0001589337771292776, 0.0, 0.0, 0.0, 0.0, 0.0]","[0.0, 0.0, 0.0, 0.0, 0.0, 5.554032395593822e-05, 0.0, 0.0, 0.0, 0.0]","[0.0, 0.0, 0.0, 0.0, 0.0, 0.0, 6.773664063075557e-05, 0.0, 0.0, 0.0]","[0.0, 0.0, 0.0, 0.0, 0.0, 0.0, 0.0, 0.00013074986054562032, 0.0, 0.0]","[0.0, 0.0, 0.0, 0.0, 0.0, 0.0, 0.0, 0.0, 0.00022357238049153239, 0.0]","[0.0, 0.0, 0.0, 0.0, 0.0, 0.0, 0.0, 0.0, 0.0, 0.00014599782298319042]"
3,0,0.003,fixed,paper,"[6.844187009846792e-05, 0.0, 0.0, 0.0, 0.0, 0.0, 0.0, 0.0, 0.0, 0.0]","[0.0, 0.00012279667134862393, 0.0, 0.0, 0.0, 0.0, 0.0, 0.0, 0.0, 0.0]","[0.0, 0.0, 3.982975977123715e-05, 0.0, 0.0, 0.0, 0.0, 0.0, 0.0, 0.0]","[0.0, 0.0, 0.0, 9.141430200543255e-05, 0.0, 0.0, 0.0, 0.0, 0.0, 0.0]","[0.0, 0.0, 0.0, 0.0, 0.0001071286023943685, 0.0, 0.0, 0.0, 0.0, 0.0]","[0.0, 0.0, 0.0, 0.0, 0.0, 0.00012068884825566784, 0.0, 0.0, 0.0, 0.0]","[0.0, 0.0, 0.0, 0.0, 0.0, 0.0, 0.00014239671872928739, 0.0, 0.0, 0.0]","[0.0, 0.0, 0.0, 0.0, 0.0, 0.0, 0.0, 0.00012749418965540826, 0.0, 0.0]","[0.0, 0.0, 0.0, 0.0, 0.0, 0.0, 0.0, 0.0, 6.574647704837844e-05, 0.0]","[0.0, 0.0, 0.0, 0.0, 0.0, 0.0, 0.0, 0.0, 0.0, 3.7443434848682955e-05]"
3,0,0.001,fixed,paper,"[3.0162585971993394e-05, 0.0, 0.0, 0.0, 0.0, 0.0, 0.0, 0.0, 0.0, 0.0]","[0.0, 1.8431410353514366e-06, 0.0, 0.0, 0.0, 0.0, 0.0, 0.0, 0.0, 0.0]","[0.0, 0.0, 1.4256289659897448e-06, 0.0, 0.0, 0.0, 0.0, 0.0, 0.0, 0.0]","[0.0, 0.0, 0.0, 3.827243290288607e-06, 0.0, 0.0, 0.0, 0.0, 0.0, 0.0]","[0.0, 0.0, 0.0, 0.0, 2.6783006887853844e-06, 0.0, 0.0, 0.0, 0.0, 0.0]","[0.0, 0.0, 0.0, 0.0, 0.0, 1.007425908028381e-05, 0.0, 0.0, 0.0, 0.0]","[0.0, 0.0, 0.0, 0.0, 0.0, 0.0, 4.912924396194285e-06, 0.0, 0.0, 0.0]","[0.0, 0.0, 0.0, 0.0, 0.0, 0.0, 0.0, 2.369954927416984e-06, 0.0, 0.0]","[0.0, 0.0, 0.0, 0.0, 0.0, 0.0, 0.0, 0.0, 2.5156638002954423e-05, 0.0]","[0.0, 0.0, 0.0, 0.0, 0.0, 0.0, 0.0, 0.0, 0.0, 2.038396587522584e-06]"
3,0.1,10,fixed,fixed,"[0.21580827236175537, 0.3539978265762329, 0.3540220856666565, 0.35402584075927734, 0.35394930839538574, 0.35400110483169556, 0.3540247678756714, 0.35402244329452515, 0.35400280356407166, 0.3539503216743469]","[0.35389235615730286, 0.21621057391166687, 0.35394367575645447, 0.3539314866065979, 0.3538301885128021, 0.3542710542678833, 0.3540008068084717, 0.3539618253707886, 0.3539612293243408, 0.3538530468940735]","[0.3541928827762604, 0.3542892336845398, 0.21249322593212128, 0.3542994260787964, 0.3549862504005432, 0.3542656898498535, 0.3542671799659729, 0.3542017638683319, 0.3542744517326355, 0.35427746176719666]","[0.35438892245292664, 0.3543689548969269, 0.3544810712337494, 0.21031886339187622, 0.3544860780239105, 0.35441482067108154, 0.35451793670654297, 0.3547188639640808, 0.3543662130832672, 0.35532861948013306]","[0.35371676087379456, 0.3539807200431824, 0.35377007722854614, 0.35378798842430115, 0.21775417029857635, 0.35378068685531616, 0.35380226373672485, 0.35382139682769775, 0.35383203625679016, 0.35375410318374634]","[0.3538629412651062, 0.3541409969329834, 0.35398194193840027, 0.3539230525493622, 0.3539007902145386, 0.2162967324256897, 0.35389429330825806, 0.3539141118526459, 0.3539656698703766, 0.35397598147392273]","[0.35368913412094116, 0.35382407903671265, 0.3537623882293701, 0.35374149680137634, 0.3537827730178833, 0.3536933958530426, 0.21839360892772675, 0.35371705889701843, 0.35376638174057007, 0.35369306802749634]","[0.3537052273750305, 0.353878915309906, 0.3538497984409332, 0.35376879572868347, 0.35370856523513794, 0.35379064083099365, 0.3537769913673401, 0.21794947981834412, 0.35383179783821106, 0.35375842452049255]","[0.353706419467926, 0.3537571430206299, 0.3537466824054718, 0.3537026047706604, 0.35383862257003784, 0.3537878692150116, 0.35378122329711914, 0.35379546880722046, 0.21824707090854645, 0.35368433594703674]","[0.35375329852104187, 0.3539693355560303, 0.3538700044155121, 0.3537890315055847, 0.35388511419296265, 0.3538699746131897, 0.3538074791431427, 0.3537663519382477, 0.35389241576194763, 0.21735817193984985]"
3,0.1,3,fixed,fixed,"[0.22833684086799622, 0.3527640402317047, 0.3528626263141632, 0.3531658947467804, 0.35273832082748413, 0.3526187837123871, 0.35273683071136475, 0.3527258336544037, 0.3526844382286072, 0.3525805175304413]","[0.3537455201148987, 0.22314900159835815, 0.3533225655555725, 0.35357993841171265, 0.35308441519737244, 0.3536355495452881, 0.3527892529964447, 0.3531779944896698, 0.35320839285850525, 0.3529644012451172]","[0.3537802994251251, 0.35332515835762024, 0.220613494515419, 0.35366329550743103, 0.3540371060371399, 0.3535171151161194, 0.3532806634902954, 0.3533860146999359, 0.3534097373485565, 0.3533329665660858]","[0.35381409525871277, 0.353175550699234, 0.35320690274238586, 0.22169889509677887, 0.35333433747291565, 0.3531336188316345, 0.3533748388290405, 0.35353150963783264, 0.3532012701034546, 0.3540218770503998]","[0.3532540500164032, 0.3530186116695404, 0.3531414866447449, 0.35333991050720215, 0.22458086907863617, 0.3531346023082733, 0.35317012667655945, 0.3530696928501129, 0.35311275720596313, 0.35292932391166687]","[0.3532769978046417, 0.35321924090385437, 0.35328131914138794, 0.3533809781074524, 0.3532187044620514, 0.2243281751871109, 0.3529767096042633, 0.3530885577201843, 0.3529032766819, 0.3530541956424713]","[0.35346683859825134, 0.3528498709201813, 0.35298970341682434, 0.35326650738716125, 0.35312420129776, 0.35312438011169434, 0.22500281035900116, 0.3530901372432709, 0.3528176546096802, 0.353086918592453]","[0.3533337712287903, 0.3529571294784546, 0.3531511723995209, 0.3533947169780731, 0.3529440760612488, 0.35302749276161194, 0.35289448499679565, 0.2253585010766983, 0.3527850806713104, 0.35301515460014343]","[0.35341817140579224, 0.3530021011829376, 0.35317957401275635, 0.3534586727619171, 0.35327640175819397, 0.3529767096042633, 0.352927565574646, 0.3528633117675781, 0.22480128705501556, 0.35290130972862244]","[0.3534146249294281, 0.35304906964302063, 0.3531964421272278, 0.35345444083213806, 0.3529598116874695, 0.3531549274921417, 0.3530542254447937, 0.35308361053466797, 0.35306745767593384, 0.22429314255714417]"
3,0.1,1,fixed,fixed,"[0.2339029163122177, 0.3525257706642151, 0.35261258482933044, 0.3523901402950287, 0.35225921869277954, 0.3519842326641083, 0.3521380126476288, 0.35229602456092834, 0.3517858386039734, 0.35207661986351013]","[0.3525647222995758, 0.2337607890367508, 0.35266172885894775, 0.3523634374141693, 0.35216954350471497, 0.352798193693161, 0.35131871700286865, 0.3523118495941162, 0.3521084487438202, 0.3519924581050873]","[0.3524092137813568, 0.3524828851222992, 0.23149898648262024, 0.35223761200904846, 0.3531157672405243, 0.3526415526866913, 0.35210955142974854, 0.35256293416023254, 0.3522326350212097, 0.3523801565170288]","[0.35300689935684204, 0.35283011198043823, 0.3526952266693115, 0.22786247730255127, 0.3528219759464264, 0.35245272517204285, 0.3527732789516449, 0.3530634939670563, 0.35228976607322693, 0.35343360900878906]","[0.3518853187561035, 0.35223084688186646, 0.35260009765625, 0.35215434432029724, 0.23385632038116455, 0.352413535118103, 0.3524048328399658, 0.3523624837398529, 0.35190901160240173, 0.35214826464653015]","[0.3518773317337036, 0.3525635600090027, 0.3527602553367615, 0.3521936535835266, 0.352500319480896, 0.23367656767368317, 0.3520188331604004, 0.3523999750614166, 0.35171931982040405, 0.35226839780807495]","[0.3524780869483948, 0.3521900773048401, 0.3524448871612549, 0.3521941304206848, 0.35278767347335815, 0.35262057185173035, 0.23208113014698029, 0.3526473343372345, 0.3516610264778137, 0.3526640832424164]","[0.35203996300697327, 0.3521932363510132, 0.3525238633155823, 0.35226669907569885, 0.3523160517215729, 0.3521735668182373, 0.3518630564212799, 0.2349729835987091, 0.3514905869960785, 0.3522992432117462]","[0.35249802470207214, 0.352824330329895, 0.3531290590763092, 0.3527158498764038, 0.3529621958732605, 0.35251012444496155, 0.3522566258907318, 0.3524209260940552, 0.22974270582199097, 0.3523778021335602]","[0.3521580696105957, 0.3522912859916687, 0.35259881615638733, 0.3523704409599304, 0.3520723581314087, 0.35235360264778137, 0.35215649008750916, 0.3524337112903595, 0.35178065299987793, 0.2337218075990677]"
3,0.1,0.3,fixed,fixed,"[0.24335019290447235, 0.35163283348083496, 0.3515055775642395, 0.35160884261131287, 0.3510483205318451, 0.35088786482810974, 0.3514741063117981, 0.35134264826774597, 0.35128986835479736, 0.3512059450149536]","[0.3520503640174866, 0.2412676215171814, 0.35176149010658264, 0.3517589867115021, 0.35118481516838074, 0.3521159887313843, 0.3504016697406769, 0.35153961181640625, 0.3518460988998413, 0.3512713611125946]","[0.3518791198730469, 0.35177797079086304, 0.23699556291103363, 0.3515985310077667, 0.35244184732437134, 0.3520951569080353, 0.3516654372215271, 0.35200774669647217, 0.35210734605789185, 0.35185205936431885]","[0.35229650139808655, 0.3518778681755066, 0.3513750433921814, 0.23737286031246185, 0.35161373019218445, 0.3513578176498413, 0.35215458273887634, 0.3521198332309723, 0.35184764862060547, 0.35252636671066284]","[0.35119175910949707, 0.3514145612716675, 0.3518267869949341, 0.3515888452529907, 0.23952946066856384, 0.3518551290035248, 0.35219958424568176, 0.3517568111419678, 0.35181501507759094, 0.35162556171417236]","[0.3509742021560669, 0.3517003357410431, 0.3518287241458893, 0.3514479100704193, 0.35164734721183777, 0.24165980517864227, 0.35144299268722534, 0.35163426399230957, 0.3511967360973358, 0.35156241059303284]","[0.3516373932361603, 0.3509751856327057, 0.35114213824272156, 0.35121530294418335, 0.3519785702228546, 0.3517528772354126, 0.24178995192050934, 0.35177895426750183, 0.3509521782398224, 0.3519725203514099]","[0.35130012035369873, 0.35127973556518555, 0.35154417157173157, 0.35163775086402893, 0.35132285952568054, 0.3513617217540741, 0.35127103328704834, 0.24290446937084198, 0.3509334921836853, 0.35172057151794434]","[0.351421058177948, 0.35165709257125854, 0.35186031460762024, 0.35179680585861206, 0.3517689108848572, 0.35123082995414734, 0.3512742519378662, 0.35107892751693726, 0.24167893826961517, 0.35134008526802063]","[0.3513123393058777, 0.35124069452285767, 0.3515055179595947, 0.35164228081703186, 0.3510033190250397, 0.35145121812820435, 0.3515550196170807, 0.3516209125518799, 0.35130587220191956, 0.24257978796958923]"
3,0.1,0.1,fixed,fixed,"[0.252243310213089, 0.35113102197647095, 0.3506069779396057, 0.35089111328125, 0.350056529045105, 0.34994685649871826, 0.3507167100906372, 0.35037484765052795, 0.35087674856185913, 0.3500562310218811]","[0.3511851131916046, 0.25241509079933167, 0.3507245182991028, 0.35087284445762634, 0.35007402300834656, 0.35124343633651733, 0.34904709458351135, 0.3504078984260559, 0.35132136940956116, 0.3499259650707245]","[0.3511554002761841, 0.35127633810043335, 0.24403619766235352, 0.3508352041244507, 0.3517982065677643, 0.3515152633190155, 0.3509400486946106, 0.3512498736381531, 0.35187649726867676, 0.35085663199424744]","[0.3515191972255707, 0.35125550627708435, 0.3502025306224823, 0.2469843178987503, 0.35056349635124207, 0.3503571152687073, 0.35138121247291565, 0.35110053420066833, 0.3514271378517151, 0.35127899050712585]","[0.350296288728714, 0.3507933020591736, 0.3510648012161255, 0.3508903384208679, 0.24685333669185638, 0.35125452280044556, 0.3517037034034729, 0.35093969106674194, 0.35160666704177856, 0.35062655806541443]","[0.3499257266521454, 0.35108810663223267, 0.3509649932384491, 0.35062554478645325, 0.35087233781814575, 0.2507023811340332, 0.35063350200653076, 0.3507136106491089, 0.3506169021129608, 0.3504367172718048]","[0.35086649656295776, 0.35022756457328796, 0.3501233756542206, 0.35037556290626526, 0.35146254301071167, 0.3511151075363159, 0.24992288649082184, 0.3509708046913147, 0.35040175914764404, 0.3510764241218567]","[0.3505610525608063, 0.35076388716697693, 0.35077887773513794, 0.3510783314704895, 0.3505542278289795, 0.35071077942848206, 0.3505915701389313, 0.2500356435775757, 0.3504657745361328, 0.350868284702301]","[0.35026317834854126, 0.35080572962760925, 0.3507242202758789, 0.35086551308631897, 0.35071849822998047, 0.35003119707107544, 0.35012316703796387, 0.3496474325656891, 0.2541031539440155, 0.34994757175445557]","[0.3506981134414673, 0.3508184850215912, 0.35085737705230713, 0.3512144088745117, 0.35038959980010986, 0.35094043612480164, 0.35109683871269226, 0.35103005170822144, 0.3511505722999573, 0.24788132309913635]"
3,0.1,0.03,fixed,fixed,"[0.26117321848869324, 0.35024142265319824, 0.34987673163414, 0.34998491406440735, 0.349276065826416, 0.3489702343940735, 0.3499663472175598, 0.34970730543136597, 0.34973543882369995, 0.3495531976222992]","[0.35065948963165283, 0.2594447731971741, 0.35019388794898987, 0.35013633966445923, 0.34951263666152954, 0.35067272186279297, 0.34803858399391174, 0.3499143123626709, 0.35040655732154846, 0.3495653569698334]","[0.3502899706363678, 0.35024359822273254, 0.25296735763549805, 0.3497399687767029, 0.3512214720249176, 0.3507553040981293, 0.350078284740448, 0.35064831376075745, 0.3507736623287201, 0.35036394000053406]","[0.3509104549884796, 0.35041242837905884, 0.3493659794330597, 0.2547760605812073, 0.3498915731906891, 0.3494878113269806, 0.3507818877696991, 0.35054856538772583, 0.3504454493522644, 0.35084524750709534]","[0.34922292828559875, 0.3496047258377075, 0.35029059648513794, 0.3498232960700989, 0.25653642416000366, 0.3504370450973511, 0.3510341942310333, 0.35024210810661316, 0.35048964619636536, 0.3500937521457672]","[0.34891507029533386, 0.35012373328208923, 0.3503047227859497, 0.34965041279792786, 0.3503432273864746, 0.25957244634628296, 0.34986671805381775, 0.35012826323509216, 0.34934452176094055, 0.3499928414821625]","[0.3500976860523224, 0.3490932285785675, 0.34927353262901306, 0.34934788942337036, 0.3511568307876587, 0.3504411280155182, 0.25853675603866577, 0.35046225786209106, 0.3491237163543701, 0.3508264720439911]","[0.34956809878349304, 0.3496048152446747, 0.3499259054660797, 0.35007444024086, 0.34974050521850586, 0.3497675657272339, 0.3496630787849426, 0.26061636209487915, 0.34901443123817444, 0.3504061996936798]","[0.34974193572998047, 0.3502017557621002, 0.35039108991622925, 0.3503803610801697, 0.3505134880542755, 0.34943050146102905, 0.3496142029762268, 0.34915122389793396, 0.25885629653930664, 0.3498363494873047]","[0.3495274484157562, 0.3494504690170288, 0.34981903433799744, 0.3500394821166992, 0.3494281470775604, 0.3498348593711853, 0.35008707642555237, 0.3501802682876587, 0.349708616733551, 0.2601906955242157]"
3,0.1,0.01,fixed,fixed,"[0.27186083793640137, 0.34976255893707275, 0.3488706350326538, 0.3491589426994324, 0.34817734360694885, 0.3479226231575012, 0.34896811842918396, 0.3486323952674866, 0.34908342361450195, 0.3482969105243683]","[0.34982189536094666, 0.2725597321987152, 0.3490528464317322, 0.34914544224739075, 0.3482983410358429, 0.34969601035118103, 0.34644874930381775, 0.34867891669273376, 0.34964635968208313, 0.3481168746948242]","[0.34970396757125854, 0.3498784005641937, 0.2602282762527466, 0.3489818274974823, 0.35058218240737915, 0.35018011927604675, 0.3492254912853241, 0.3498956263065338, 0.35041627287864685, 0.34937435388565063]","[0.350272536277771, 0.34992820024490356, 0.3482021987438202, 0.2647736668586731, 0.34884947538375854, 0.34849563241004944, 0.3498827815055847, 0.349537193775177, 0.34990113973617554, 0.34960636496543884]","[0.34846630692481995, 0.34912100434303284, 0.3495335280895233, 0.3491300046443939, 0.26404204964637756, 0.3498411178588867, 0.3504098951816559, 0.3494301736354828, 0.3501547574996948, 0.34910067915916443]","[0.3480064272880554, 0.34964895248413086, 0.3494468629360199, 0.348834365606308, 0.34957355260849, 0.2689121663570404, 0.34893086552619934, 0.3492138087749481, 0.34864017367362976, 0.348874032497406]","[0.349580854177475, 0.3485994040966034, 0.3483770489692688, 0.3486297130584717, 0.35076043009757996, 0.34992435574531555, 0.2655044198036194, 0.34977442026138306, 0.34856411814689636, 0.3500514030456543]","[0.34896746277809143, 0.34922608733177185, 0.34916621446609497, 0.349519819021225, 0.3489769697189331, 0.3491220474243164, 0.3488558530807495, 0.26796668767929077, 0.34842196106910706, 0.34955936670303345]","[0.348838210105896, 0.3496032953262329, 0.3493763208389282, 0.3495696187019348, 0.34958383440971375, 0.3483530580997467, 0.34845221042633057, 0.34784242510795593, 0.2702902555465698, 0.34856608510017395]","[0.3490500748157501, 0.34916386008262634, 0.3491749167442322, 0.3496148884296417, 0.34881794452667236, 0.3493279218673706, 0.34949952363967896, 0.3495926558971405, 0.34942594170570374, 0.26563528180122375]"
3,0.1,0.003,fixed,fixed,"[0.2845363914966583, 0.34878572821617126, 0.3478083610534668, 0.34814563393592834, 0.34695953130722046, 0.34678617119789124, 0.34803837537765503, 0.34739765524864197, 0.3476563096046448, 0.34741121530532837]","[0.34946149587631226, 0.2818172872066498, 0.3483070433139801, 0.3484187126159668, 0.3474164307117462, 0.3490813374519348, 0.34537991881370544, 0.34773510694503784, 0.34856268763542175, 0.34749045968055725]","[0.349213570356369, 0.3490852117538452, 0.2684671878814697, 0.3481062948703766, 0.34989264607429504, 0.3495849370956421, 0.34851112961769104, 0.3490525484085083, 0.3493533730506897, 0.348824679851532]","[0.3498450815677643, 0.34913092851638794, 0.34716761112213135, 0.27448901534080505, 0.34787318110466003, 0.34759950637817383, 0.3492370545864105, 0.3485509753227234, 0.3487667441368103, 0.3489229679107666]","[0.34786126017570496, 0.3482652008533478, 0.3488450348377228, 0.34837478399276733, 0.27188342809677124, 0.3492807149887085, 0.34997889399528503, 0.34858328104019165, 0.3491697907447815, 0.3486029803752899]","[0.34722450375556946, 0.3487767279148102, 0.3486328125, 0.34793150424957275, 0.34878432750701904, 0.27901703119277954, 0.34816405177116394, 0.34823957085609436, 0.3472614288330078, 0.34822574257850647]","[0.34905627369880676, 0.34757480025291443, 0.3473909795284271, 0.3476908206939697, 0.3502100110054016, 0.3492843210697174, 0.27520087361335754, 0.348892480134964, 0.34719619154930115, 0.3496125340461731]","[0.348555326461792, 0.3485122621059418, 0.34851258993148804, 0.34894031286239624, 0.3482561409473419, 0.3485494554042816, 0.3482794165611267, 0.27538803219795227, 0.3472173511981964, 0.34924498200416565]","[0.3486517071723938, 0.34919846057891846, 0.34899649024009705, 0.34926271438598633, 0.3492256999015808, 0.3478778600692749, 0.3480502665042877, 0.34706541895866394, 0.2748430669307709, 0.34835749864578247]","[0.3483012020587921, 0.3480820953845978, 0.3481769561767578, 0.34870538115501404, 0.3477904498577118, 0.3484340012073517, 0.34868288040161133, 0.3485470414161682, 0.3480706810951233, 0.27685391902923584]"
3,0.1,0.001,fixed,fixed,"[0.2904251515865326, 0.3483182489871979, 0.3473699688911438, 0.3476752042770386, 0.3461902141571045, 0.3461625576019287, 0.34755468368530273, 0.3470570147037506, 0.3475128710269928, 0.34671562910079956]","[0.3485087752342224, 0.29097414016723633, 0.3476755917072296, 0.3477252125740051, 0.34647345542907715, 0.3484693765640259, 0.3442486524581909, 0.34717580676078796, 0.3482529819011688, 0.3465445935726166]","[0.3480329215526581, 0.34819379448890686, 0.27790096402168274, 0.3471660017967224, 0.34904295206069946, 0.3488939106464386, 0.3476352095603943, 0.34849539399147034, 0.34896594285964966, 0.3478570282459259]","[0.3487947881221771, 0.3483027219772339, 0.3462173044681549, 0.284330815076828, 0.3468051552772522, 0.3466760218143463, 0.3484972417354584, 0.34791868925094604, 0.34837576746940613, 0.3478895127773285]","[0.3467196226119995, 0.347464919090271, 0.34832558035850525, 0.34770795702934265, 0.2790745198726654, 0.3487776219844818, 0.3495390713214874, 0.3481755554676056, 0.34901347756385803, 0.3478405177593231]","[0.34584900736808777, 0.34790241718292236, 0.34793075919151306, 0.34706008434295654, 0.3479310870170593, 0.2890685796737671, 0.3473319113254547, 0.34764745831489563, 0.34665483236312866, 0.3472557067871094]","[0.34799066185951233, 0.3466017246246338, 0.34657058119773865, 0.3468364477157593, 0.349648118019104, 0.3486977219581604, 0.28376492857933044, 0.34844523668289185, 0.346653550863266, 0.3489043116569519]","[0.347217321395874, 0.3474646210670471, 0.34763920307159424, 0.3480598032474518, 0.34713953733444214, 0.3476454019546509, 0.34730538725852966, 0.28675732016563416, 0.34645313024520874, 0.3482763469219208]","[0.34720417857170105, 0.348124623298645, 0.34806162118911743, 0.3483196794986725, 0.3481366038322449, 0.3467366099357605, 0.3469160795211792, 0.3460041880607605, 0.28778311610221863, 0.34716013073921204]","[0.34723642468452454, 0.34727638959884644, 0.3475690484046936, 0.3481047749519348, 0.3469770848751068, 0.34781843423843384, 0.3480784296989441, 0.34816110134124756, 0.347765177488327, 0.2844063639640808]"
3,0,10,fixed,fixed,"[1.3050247105184098e-07, 0.0, 0.0, 0.0, 0.0, 0.0, 0.0, 0.0, 0.0, 0.0]","[0.0, 5.174313741918013e-07, 0.0, 0.0, 0.0, 0.0, 0.0, 0.0, 0.0, 0.0]","[0.0, 0.0, 5.45454213352059e-07, 0.0, 0.0, 0.0, 0.0, 0.0, 0.0, 0.0]","[0.0, 0.0, 0.0, 1.9764374314945599e-07, 0.0, 0.0, 0.0, 0.0, 0.0, 0.0]","[0.0, 0.0, 0.0, 0.0, 1.4292906769242109e-07, 0.0, 0.0, 0.0, 0.0, 0.0]","[0.0, 0.0, 0.0, 0.0, 0.0, 3.8489059761559474e-07, 0.0, 0.0, 0.0, 0.0]","[0.0, 0.0, 0.0, 0.0, 0.0, 0.0, 6.735247666256328e-07, 0.0, 0.0, 0.0]","[0.0, 0.0, 0.0, 0.0, 0.0, 0.0, 0.0, 1.5563418287456443e-07, 0.0, 0.0]","[0.0, 0.0, 0.0, 0.0, 0.0, 0.0, 0.0, 0.0, 1.755073810727481e-07, 0.0]","[0.0, 0.0, 0.0, 0.0, 0.0, 0.0, 0.0, 0.0, 0.0, 7.470930540875997e-07]"
3,0,3,fixed,fixed,"[6.454721187765244e-06, 0.0, 0.0, 0.0, 0.0, 0.0, 0.0, 0.0, 0.0, 0.0]","[0.0, 3.0146427434374345e-06, 0.0, 0.0, 0.0, 0.0, 0.0, 0.0, 0.0, 0.0]","[0.0, 0.0, 2.079214755212888e-05, 0.0, 0.0, 0.0, 0.0, 0.0, 0.0, 0.0]","[0.0, 0.0, 0.0, 1.4821500371908769e-05, 0.0, 0.0, 0.0, 0.0, 0.0, 0.0]","[0.0, 0.0, 0.0, 0.0, 7.314029062399641e-06, 0.0, 0.0, 0.0, 0.0, 0.0]","[0.0, 0.0, 0.0, 0.0, 0.0, 4.918188096780796e-06, 0.0, 0.0, 0.0, 0.0]","[0.0, 0.0, 0.0, 0.0, 0.0, 0.0, 1.1609303328441456e-05, 0.0, 0.0, 0.0]","[0.0, 0.0, 0.0, 0.0, 0.0, 0.0, 0.0, 9.921637683873996e-06, 0.0, 0.0]","[0.0, 0.0, 0.0, 0.0, 0.0, 0.0, 0.0, 0.0, 3.676222149806563e-06, 0.0]","[0.0, 0.0, 0.0, 0.0, 0.0, 0.0, 0.0, 0.0, 0.0, 1.5029613678052556e-05]"
3,0,1,fixed,fixed,"[7.847837878216524e-06, 0.0, 0.0, 0.0, 0.0, 0.0, 0.0, 0.0, 0.0, 0.0]","[0.0, 1.3344100580070517e-06, 0.0, 0.0, 0.0, 0.0, 0.0, 0.0, 0.0, 0.0]","[0.0, 0.0, 4.740741587738739e-06, 0.0, 0.0, 0.0, 0.0, 0.0, 0.0, 0.0]","[0.0, 0.0, 0.0, 3.062636778849992e-06, 0.0, 0.0, 0.0, 0.0, 0.0, 0.0]","[0.0, 0.0, 0.0, 0.0, 5.478285856952425e-06, 0.0, 0.0, 0.0, 0.0, 0.0]","[0.0, 0.0, 0.0, 0.0, 0.0, 4.51682171842549e-06, 0.0, 0.0, 0.0, 0.0]","[0.0, 0.0, 0.0, 0.0, 0.0, 0.0, 1.5950128727126867e-05, 0.0, 0.0, 0.0]","[0.0, 0.0, 0.0, 0.0, 0.0, 0.0, 0.0, 4.095210897503421e-06, 0.0, 0.0]","[0.0, 0.0, 0.0, 0.0, 0.0, 0.0, 0.0, 0.0, 3.7449165120051475e-06, 0.0]","[0.0, 0.0, 0.0, 0.0, 0.0, 0.0, 0.0, 0.0, 0.0, 3.084303898504004e-06]"
3,0,0.3,fixed,fixed,"[1.184709162771469e-06, 0.0, 0.0, 0.0, 0.0, 0.0, 0.0, 0.0, 0.0, 0.0]","[0.0, 2.4151547677320195e-06, 0.0, 0.0, 0.0, 0.0, 0.0, 0.0, 0.0, 0.0]","[0.0, 0.0, 8.605063612776576e-07, 0.0, 0.0, 0.0, 0.0, 0.0, 0.0, 0.0]","[0.0, 0.0, 0.0, 1.914994754770305e-06, 0.0, 0.0, 0.0, 0.0, 0.0, 0.0]","[0.0, 0.0, 0.0, 0.0, 1.8298217128176475e-06, 0.0, 0.0, 0.0, 0.0, 0.0]","[0.0, 0.0, 0.0, 0.0, 0.0, 3.013756440850557e-06, 0.0, 0.0, 0.0, 0.0]","[0.0, 0.0, 0.0, 0.0, 0.0, 0.0, 1.78372181380837e-06, 0.0, 0.0, 0.0]","[0.0, 0.0, 0.0, 0.0, 0.0, 0.0, 0.0, 7.392727638944052e-07, 0.0, 0.0]","[0.0, 0.0, 0.0, 0.0, 0.0, 0.0, 0.0, 0.0, 2.5480037493252894e-06, 0.0]","[0.0, 0.0, 0.0, 0.0, 0.0, 0.0, 0.0, 0.0, 0.0, 4.583854661177611e-06]"
3,0,0.1,fixed,fixed,"[4.4892124151374446e-07, 0.0, 0.0, 0.0, 0.0, 0.0, 0.0, 0.0, 0.0, 0.0]","[0.0, 6.611329581573955e-07, 0.0, 0.0, 0.0, 0.0, 0.0, 0.0, 0.0, 0.0]","[0.0, 0.0, 7.49416642520373e-07, 0.0, 0.0, 0.0, 0.0, 0.0, 0.0, 0.0]","[0.0, 0.0, 0.0, 6.469033451139694e-07, 0.0, 0.0, 0.0, 0.0, 0.0, 0.0]","[0.0, 0.0, 0.0, 0.0, 2.11622321444338e-07, 0.0, 0.0, 0.0, 0.0, 0.0]","[0.0, 0.0, 0.0, 0.0, 0.0, 4.709753227416513e-07, 0.0, 0.0, 0.0, 0.0]","[0.0, 0.0, 0.0, 0.0, 0.0, 0.0, 4.6179346213648387e-07, 0.0, 0.0, 0.0]","[0.0, 0.0, 0.0, 0.0, 0.0, 0.0, 0.0, 1.8740736322797602e-06, 0.0, 0.0]","[0.0, 0.0, 0.0, 0.0, 0.0, 0.0, 0.0, 0.0, 2.089626036649861e-07, 0.0]","[0.0, 0.0, 0.0, 0.0, 0.0, 0.0, 0.0, 0.0, 0.0, 2.777169640921784e-07]"
3,0,0.03,fixed,fixed,"[2.093675902870018e-06, 0.0, 0.0, 0.0, 0.0, 0.0, 0.0, 0.0, 0.0, 0.0]","[0.0, 1.88360615993588e-06, 0.0, 0.0, 0.0, 0.0, 0.0, 0.0, 0.0, 0.0]","[0.0, 0.0, 1.6364720067940652e-06, 0.0, 0.0, 0.0, 0.0, 0.0, 0.0, 0.0]","[0.0, 0.0, 0.0, 1.9391609384911135e-06, 0.0, 0.0, 0.0, 0.0, 0.0, 0.0]","[0.0, 0.0, 0.0, 0.0, 2.993318958033342e-06, 0.0, 0.0, 0.0, 0.0, 0.0]","[0.0, 0.0, 0.0, 0.0, 0.0, 2.8606013984244782e-06, 0.0, 0.0, 0.0, 0.0]","[0.0, 0.0, 0.0, 0.0, 0.0, 0.0, 2.3980476271390216e-06, 0.0, 0.0, 0.0]","[0.0, 0.0, 0.0, 0.0, 0.0, 0.0, 0.0, 3.834562903648475e-06, 0.0, 0.0]","[0.0, 0.0, 0.0, 0.0, 0.0, 0.0, 0.0, 0.0, 6.923468026798218e-05, 0.0]","[0.0, 0.0, 0.0, 0.0, 0.0, 0.0, 0.0, 0.0, 0.0, 2.8343044959910912e-06]"
3,0,0.01,fixed,fixed,"[1.256167161045596e-05, 0.0, 0.0, 0.0, 0.0, 0.0, 0.0, 0.0, 0.0, 0.0]","[0.0, 3.2208617994911037e-06, 0.0, 0.0, 0.0, 0.0, 0.0, 0.0, 0.0, 0.0]","[0.0, 0.0, 4.421768608153798e-06, 0.0, 0.0, 0.0, 0.0, 0.0, 0.0, 0.0]","[0.0, 0.0, 0.0, 2.9705834094784223e-06, 0.0, 0.0, 0.0, 0.0, 0.0, 0.0]","[0.0, 0.0, 0.0, 0.0, 2.0901072730339365e-06, 0.0, 0.0, 0.0, 0.0, 0.0]","[0.0, 0.0, 0.0, 0.0, 0.0, 4.330846422817558e-06, 0.0, 0.0, 0.0, 0.0]","[0.0, 0.0, 0.0, 0.0, 0.0, 0.0, 1.0695949640648905e-05, 0.0, 0.0, 0.0]","[0.0, 0.0, 0.0, 0.0, 0.0, 0.0, 0.0, 6.336881142487982e-06, 0.0, 0.0]","[0.0, 0.0, 0.0, 0.0, 0.0, 0.0, 0.0, 0.0, 4.07975403504679e-06, 0.0]","[0.0, 0.0, 0.0, 0.0, 0.0, 0.0, 0.0, 0.0, 0.0, 5.614846941170981e-06]"
3,0,0.003,fixed,fixed,"[3.387339893379249e-05, 0.0, 0.0, 0.0, 0.0, 0.0, 0.0, 0.0, 0.0, 0.0]","[0.0, 5.83197979722172e-05, 0.0, 0.0, 0.0, 0.0, 0.0, 0.0, 0.0, 0.0]","[0.0, 0.0, 7.379605813184753e-05, 0.0, 0.0, 0.0, 0.0, 0.0, 0.0, 0.0]","[0.0, 0.0, 0.0, 6.104180647525936e-05, 0.0, 0.0, 0.0, 0.0, 0.0, 0.0]","[0.0, 0.0, 0.0, 0.0, 3.674935578601435e-05, 0.0, 0.0, 0.0, 0.0, 0.0]","[0.0, 0.0, 0.0, 0.0, 0.0, 5.269692701403983e-05, 0.0, 0.0, 0.0, 0.0]","[0.0, 0.0, 0.0, 0.0, 0.0, 0.0, 3.833220762317069e-05, 0.0, 0.0, 0.0]","[0.0, 0.0, 0.0, 0.0, 0.0, 0.0, 0.0, 5.5757762311259285e-05, 0.0, 0.0]","[0.0, 0.0, 0.0, 0.0, 0.0, 0.0, 0.0, 0.0, 5.812185918330215e-05, 0.0]","[0.0, 0.0, 0.0, 0.0, 0.0, 0.0, 0.0, 0.0, 0.0, 2.8828453650930896e-05]"
3,0,0.001,fixed,fixed,"[6.136351203167578e-06, 0.0, 0.0, 0.0, 0.0, 0.0, 0.0, 0.0, 0.0, 0.0]","[0.0, 6.354200195346493e-06, 0.0, 0.0, 0.0, 0.0, 0.0, 0.0, 0.0, 0.0]","[0.0, 0.0, 2.9275056476762984e-06, 0.0, 0.0, 0.0, 0.0, 0.0, 0.0, 0.0]","[0.0, 0.0, 0.0, 1.5478557315873331e-06, 0.0, 0.0, 0.0, 0.0, 0.0, 0.0]","[0.0, 0.0, 0.0, 0.0, 5.222193976806011e-06, 0.0, 0.0, 0.0, 0.0, 0.0]","[0.0, 0.0, 0.0, 0.0, 0.0, 5.121858066559071e-06, 0.0, 0.0, 0.0, 0.0]","[0.0, 0.0, 0.0, 0.0, 0.0, 0.0, 2.6100685772689758e-06, 0.0, 0.0, 0.0]","[0.0, 0.0, 0.0, 0.0, 0.0, 0.0, 0.0, 1.1903413906111382e-05, 0.0, 0.0]","[0.0, 0.0, 0.0, 0.0, 0.0, 0.0, 0.0, 0.0, 8.768746738496702e-06, 0.0]","[0.0, 0.0, 0.0, 0.0, 0.0, 0.0, 0.0, 0.0, 0.0, 5.821711056341883e-06]"
0,0.1,10,fixed,fixed,"[0.21629059314727783, 0.3539454936981201, 0.3539372980594635, 0.3541274964809418, 0.3539292514324188, 0.3540007472038269, 0.35395821928977966, 0.35396793484687805, 0.35377880930900574, 0.35392114520072937]","[0.35385018587112427, 0.21739935874938965, 0.3538244962692261, 0.3538224399089813, 0.35383909940719604, 0.35402193665504456, 0.3538525700569153, 0.3538340628147125, 0.3537183105945587, 0.3538024425506592]","[0.35381054878234863, 0.35381239652633667, 0.21781274676322937, 0.35378170013427734, 0.3537903130054474, 0.35386544466018677, 0.35381463170051575, 0.35381564497947693, 0.3537139892578125, 0.3537852168083191]","[0.3538319766521454, 0.35383114218711853, 0.3538149297237396, 0.21757030487060547, 0.353800505399704, 0.35397574305534363, 0.3538492023944855, 0.35382387042045593, 0.3536854684352875, 0.35379835963249207]","[0.35380327701568604, 0.3538122773170471, 0.3537997305393219, 0.3537914752960205, 0.2177281677722931, 0.35397574305534363, 0.35382169485092163, 0.35379767417907715, 0.3536885678768158, 0.35377854108810425]","[0.3536663353443146, 0.35369452834129333, 0.3536685109138489, 0.35366278886795044, 0.35367295145988464, 0.21920284628868103, 0.35367724299430847, 0.35367703437805176, 0.353564977645874, 0.35365793108940125]","[0.353973925113678, 0.3538726270198822, 0.35386115312576294, 0.35385680198669434, 0.35384121537208557, 0.35399553179740906, 0.21697652339935303, 0.3538922369480133, 0.3537817597389221, 0.35386955738067627]","[0.35379505157470703, 0.3537890315055847, 0.3537808358669281, 0.3537612855434418, 0.3537752032279968, 0.3539418578147888, 0.3538145422935486, 0.21789278090000153, 0.35369181632995605, 0.3537704050540924]","[0.3550657629966736, 0.35486525297164917, 0.3549024760723114, 0.3549291789531708, 0.3549623191356659, 0.355953574180603, 0.3548833131790161, 0.35485878586769104, 0.20564277470111847, 0.3549874722957611]","[0.3538331091403961, 0.3538263738155365, 0.3538118302822113, 0.35380619764328003, 0.3538045585155487, 0.3538847863674164, 0.35384073853492737, 0.35383352637290955, 0.3537411689758301, 0.21759851276874542]"
0,0.1,3,fixed,fixed,"[0.2231934368610382, 0.353245347738266, 0.35327228903770447, 0.35330596566200256, 0.3532768785953522, 0.35314682126045227, 0.3531661927700043, 0.35316377878189087, 0.35354313254356384, 0.35327616333961487]","[0.35263076424598694, 0.22677510976791382, 0.3530215322971344, 0.3526988625526428, 0.35317859053611755, 0.3529525101184845, 0.35274115204811096, 0.35278430581092834, 0.353242963552475, 0.353010356426239]","[0.3528943359851837, 0.35315439105033875, 0.2259119153022766, 0.35281822085380554, 0.35312920808792114, 0.3528774082660675, 0.35277703404426575, 0.3527815341949463, 0.3534792363643646, 0.3531152009963989]","[0.35297060012817383, 0.3532487750053406, 0.35307854413986206, 0.22457483410835266, 0.3532732129096985, 0.35303956270217896, 0.3529013693332672, 0.353112131357193, 0.35334452986717224, 0.3532109260559082]","[0.35268235206604004, 0.35309380292892456, 0.35287633538246155, 0.35297685861587524, 0.22663037478923798, 0.3527660667896271, 0.3528171479701996, 0.35273921489715576, 0.35320621728897095, 0.3532257676124573]","[0.35300976037979126, 0.35319122672080994, 0.35311606526374817, 0.3529781997203827, 0.3529214560985565, 0.22524668276309967, 0.35301345586776733, 0.352796733379364, 0.3532668352127075, 0.3532975912094116]","[0.3531087636947632, 0.3532731235027313, 0.3530343770980835, 0.3529135584831238, 0.35326725244522095, 0.35307422280311584, 0.22423510253429413, 0.3531450927257538, 0.3534195125102997, 0.35324573516845703]","[0.3529437482357025, 0.3532222509384155, 0.35294386744499207, 0.35310059785842896, 0.3531140387058258, 0.35280609130859375, 0.35308539867401123, 0.22480185329914093, 0.3535521924495697, 0.35323113203048706]","[0.35373765230178833, 0.3538021147251129, 0.35378924012184143, 0.35350361466407776, 0.35386815667152405, 0.3543018102645874, 0.3534746766090393, 0.35362523794174194, 0.21808497607707977, 0.3538919985294342]","[0.35247623920440674, 0.35276558995246887, 0.35272783041000366, 0.35257279872894287, 0.35298624634742737, 0.35264095664024353, 0.35264506936073303, 0.3526681065559387, 0.35311585664749146, 0.2286655306816101]"
0,0.1,1,fixed,fixed,"[0.2339029461145401, 0.35180237889289856, 0.3524841368198395, 0.3524435758590698, 0.3519538938999176, 0.35218653082847595, 0.35245242714881897, 0.35245153307914734, 0.35232990980148315, 0.3519645035266876]","[0.3521510362625122, 0.23183836042881012, 0.352786123752594, 0.352225661277771, 0.3526637852191925, 0.35264021158218384, 0.3523990511894226, 0.3525175452232361, 0.35221993923187256, 0.352242112159729]","[0.3521781265735626, 0.35190507769584656, 0.2362293303012848, 0.35196590423583984, 0.3519372045993805, 0.3518874943256378, 0.3519696891307831, 0.3519912660121918, 0.3522580862045288, 0.35193002223968506]","[0.3522299528121948, 0.3519957661628723, 0.3522917628288269, 0.23403263092041016, 0.3523333966732025, 0.35227397084236145, 0.3521045446395874, 0.35256442427635193, 0.3521045744419098, 0.35202908515930176]","[0.35226404666900635, 0.3522798418998718, 0.3522944152355194, 0.3525441884994507, 0.23244352638721466, 0.35222890973091125, 0.3525053560733795, 0.3524298369884491, 0.35227906703948975, 0.3524618148803711]","[0.3524473309516907, 0.3519912660121918, 0.35248661041259766, 0.35229891538619995, 0.3517923951148987, 0.2340887188911438, 0.3524739742279053, 0.3520548939704895, 0.35204145312309265, 0.3523162007331848]","[0.3522658944129944, 0.3519045412540436, 0.3520587384700775, 0.3519037663936615, 0.3519654870033264, 0.3519894778728485, 0.23561006784439087, 0.3524634540081024, 0.35209107398986816, 0.35192903876304626]","[0.35210105776786804, 0.3518728017807007, 0.35194432735443115, 0.3523591160774231, 0.3518010377883911, 0.3517296314239502, 0.35239455103874207, 0.23582987487316132, 0.35221245884895325, 0.3519853353500366]","[0.3534232974052429, 0.35296136140823364, 0.35351818799972534, 0.35300299525260925, 0.3530529737472534, 0.3536820113658905, 0.35311007499694824, 0.35344886779785156, 0.22335833311080933, 0.3530951142311096]","[0.3517947196960449, 0.3515886962413788, 0.35214754939079285, 0.3519253730773926, 0.35225939750671387, 0.35192573070526123, 0.3521544337272644, 0.35222139954566956, 0.35195091366767883, 0.2363286316394806]"
0,0.1,0.3,fixed,fixed,"[0.2396201491355896, 0.35129860043525696, 0.3518337309360504, 0.3516797125339508, 0.35157424211502075, 0.3518320918083191, 0.35161685943603516, 0.35168954730033875, 0.3520991802215576, 0.35152703523635864]","[0.3507085144519806, 0.2428044229745865, 0.35178521275520325, 0.35094812512397766, 0.35206300020217896, 0.35203036665916443, 0.35103240609169006, 0.35129818320274353, 0.3512771427631378, 0.3514447510242462]","[0.3512287437915802, 0.35155966877937317, 0.24358657002449036, 0.35103943943977356, 0.3515271842479706, 0.35133063793182373, 0.35086777806282043, 0.3509785234928131, 0.3518466055393219, 0.3514457643032074]","[0.351294606924057, 0.3514813780784607, 0.35150855779647827, 0.2404734194278717, 0.35201606154441833, 0.35197949409484863, 0.3510517179965973, 0.3518322706222534, 0.3517128527164459, 0.35158663988113403]","[0.35097506642341614, 0.3517661690711975, 0.3510402739048004, 0.35139933228492737, 0.24279867112636566, 0.3514869511127472, 0.35126128792762756, 0.3512602150440216, 0.3515242636203766, 0.3517608642578125]","[0.3512450158596039, 0.35128116607666016, 0.3514156937599182, 0.3511388897895813, 0.3507813513278961, 0.24499177932739258, 0.35123348236083984, 0.35068467259407043, 0.35121968388557434, 0.35162901878356934]","[0.3514176905155182, 0.3514634072780609, 0.35127606987953186, 0.35104766488075256, 0.35169273614883423, 0.35156574845314026, 0.2414632886648178, 0.3517868220806122, 0.35180026292800903, 0.35154107213020325]","[0.3511900007724762, 0.3514687120914459, 0.35107478499412537, 0.3517078161239624, 0.3513643741607666, 0.35125118494033813, 0.35157355666160583, 0.24207225441932678, 0.3518473505973816, 0.3516051769256592]","[0.35213759541511536, 0.35209891200065613, 0.3524734079837799, 0.3516899049282074, 0.3522854149341583, 0.352757066488266, 0.35171279311180115, 0.35231125354766846, 0.23434001207351685, 0.35226088762283325]","[0.3502410054206848, 0.35061848163604736, 0.3508928120136261, 0.35056430101394653, 0.3515271544456482, 0.35100415349006653, 0.35072991251945496, 0.35091274976730347, 0.3509567379951477, 0.24884077906608582]"
0,0.1,0.1,fixed,fixed,"[0.2503112852573395, 0.35017719864845276, 0.3508073091506958, 0.35083144903182983, 0.350503146648407, 0.35072457790374756, 0.35104838013648987, 0.35085898637771606, 0.3508833944797516, 0.3503431975841522]","[0.3499549627304077, 0.25121158361434937, 0.35103365778923035, 0.3502122759819031, 0.35139623284339905, 0.3512928783893585, 0.3505587875843048, 0.35063636302948, 0.3499758541584015, 0.35052651166915894]","[0.35072410106658936, 0.35084018111228943, 0.25132468342781067, 0.3504108786582947, 0.35080742835998535, 0.3504030108451843, 0.35041534900665283, 0.3502795696258545, 0.3508324921131134, 0.3505968749523163]","[0.3505481481552124, 0.3505411744117737, 0.35047587752342224, 0.2501949369907379, 0.3511332869529724, 0.35105785727500916, 0.3503924012184143, 0.3511575162410736, 0.3504626154899597, 0.35052376985549927]","[0.35040780901908875, 0.3511205017566681, 0.3500692546367645, 0.3508288562297821, 0.2504125237464905, 0.3506505489349365, 0.35094282031059265, 0.3506806492805481, 0.35044369101524353, 0.3509717285633087]","[0.3508179485797882, 0.35053595900535583, 0.3506815433502197, 0.3506072759628296, 0.34979209303855896, 0.25254788994789124, 0.35097283124923706, 0.349959135055542, 0.35012632608413696, 0.3509078919887543]","[0.35045379400253296, 0.3502923548221588, 0.3499391973018646, 0.3499290645122528, 0.35054972767829895, 0.3502107560634613, 0.25438666343688965, 0.35086289048194885, 0.35034632682800293, 0.3502281606197357]","[0.35045671463012695, 0.3505472242832184, 0.3499445617198944, 0.3510870039463043, 0.3503510355949402, 0.35013505816459656, 0.35113444924354553, 0.2519736886024475, 0.3506125807762146, 0.350593626499176]","[0.3518264591693878, 0.3515799641609192, 0.35196423530578613, 0.35120463371276855, 0.35173797607421875, 0.3519912660121918, 0.351494699716568, 0.35201674699783325, 0.23933753371238708, 0.35159197449684143]","[0.34945690631866455, 0.3496573567390442, 0.34996867179870605, 0.34982550144195557, 0.3508094549179077, 0.3500361144542694, 0.3502790033817291, 0.35024216771125793, 0.3496847152709961, 0.2579583525657654]"
0,0.1,0.03,fixed,fixed,"[0.2603459656238556, 0.3492256700992584, 0.35013771057128906, 0.35007190704345703, 0.3494012653827667, 0.3496968150138855, 0.34993723034858704, 0.34992700815200806, 0.3504410982131958, 0.3491728901863098]","[0.3490404486656189, 0.2607228457927704, 0.35048380494117737, 0.3494105339050293, 0.35054364800453186, 0.3504801392555237, 0.3493879735469818, 0.34971845149993896, 0.3492940366268158, 0.3494667708873749]","[0.3498973548412323, 0.34997496008872986, 0.2623034119606018, 0.3495558798313141, 0.34974122047424316, 0.3492400348186493, 0.3491051197052002, 0.34916406869888306, 0.3502767086029053, 0.34944599866867065]","[0.34971144795417786, 0.3496870696544647, 0.3497166335582733, 0.2602252960205078, 0.3501358926296234, 0.3501322865486145, 0.3491072952747345, 0.3502975404262543, 0.3499026596546173, 0.3493906855583191]","[0.34985220432281494, 0.35066232085227966, 0.3494737148284912, 0.35036522150039673, 0.2569172978401184, 0.349912166595459, 0.35009998083114624, 0.35001781582832336, 0.3501553535461426, 0.3502138555049896]","[0.35030674934387207, 0.3498835563659668, 0.3502269983291626, 0.3500872254371643, 0.34869545698165894, 0.2602269947528839, 0.35009241104125977, 0.34905558824539185, 0.3497297465801239, 0.3501225709915161]","[0.34994736313819885, 0.3497551381587982, 0.3494235575199127, 0.34936362504959106, 0.3498399555683136, 0.3494000732898712, 0.2608557641506195, 0.35030150413513184, 0.3501303195953369, 0.34939268231391907]","[0.34979763627052307, 0.3498762547969818, 0.34925219416618347, 0.3506353795528412, 0.3493874669075012, 0.34917980432510376, 0.3502332866191864, 0.2600952088832855, 0.35023245215415955, 0.3496761918067932]","[0.3508279323577881, 0.35054996609687805, 0.35113099217414856, 0.3501277565956116, 0.3504789471626282, 0.35062485933303833, 0.35005369782447815, 0.35093995928764343, 0.25179269909858704, 0.35025572776794434]","[0.3486471474170685, 0.3488469421863556, 0.3493821322917938, 0.3491561710834503, 0.3500412702560425, 0.3491285741329193, 0.34926626086235046, 0.3494509160518646, 0.3491675555706024, 0.26645171642303467]"
0,0.1,0.01,fixed,fixed,"[0.2689315378665924, 0.3483952581882477, 0.3498273193836212, 0.34909364581108093, 0.3487807512283325, 0.34893572330474854, 0.34928449988365173, 0.3487793803215027, 0.34966370463371277, 0.34838399291038513]","[0.34799712896347046, 0.27081143856048584, 0.35008856654167175, 0.34827765822410583, 0.3500593900680542, 0.3498210310935974, 0.34856313467025757, 0.3483559489250183, 0.3481651842594147, 0.34867537021636963]","[0.3487781584262848, 0.3489546775817871, 0.27562639117240906, 0.34820663928985596, 0.3488803505897522, 0.34806814789772034, 0.3479776978492737, 0.34748607873916626, 0.3491102159023285, 0.348400354385376]","[0.3490343391895294, 0.34912988543510437, 0.3496144413948059, 0.26669758558273315, 0.34979569911956787, 0.3496491312980652, 0.34845682978630066, 0.34920966625213623, 0.34918394684791565, 0.34881487488746643]","[0.34885069727897644, 0.34989508986473083, 0.34875351190567017, 0.34925326704978943, 0.26752784848213196, 0.34901076555252075, 0.3492858409881592, 0.34863078594207764, 0.34910276532173157, 0.3494071662425995]","[0.34953534603118896, 0.34910887479782104, 0.34985676407814026, 0.3491050899028778, 0.3478373885154724, 0.26971057057380676, 0.3494269549846649, 0.3476622402667999, 0.3487553298473358, 0.34947478771209717]","[0.3490149676799774, 0.3489293158054352, 0.348904013633728, 0.34817034006118774, 0.34920188784599304, 0.3484468460083008, 0.2711828947067261, 0.34889429807662964, 0.34917008876800537, 0.34852901101112366]","[0.3498280942440033, 0.35019442439079285, 0.350433349609375, 0.35077694058418274, 0.34969601035118103, 0.3495687246322632, 0.35067370533943176, 0.25608253479003906, 0.35032710433006287, 0.35001513361930847]","[0.35009658336639404, 0.3499245345592499, 0.35071781277656555, 0.34911614656448364, 0.34998464584350586, 0.34980908036231995, 0.34935498237609863, 0.34970778226852417, 0.2600151598453522, 0.3495844006538391]","[0.34747815132141113, 0.34781476855278015, 0.3490297794342041, 0.34792524576187134, 0.3494110405445099, 0.34814488887786865, 0.3483690619468689, 0.34803739190101624, 0.34797289967536926, 0.27789074182510376]"
0,0.1,0.003,fixed,fixed,"[0.2786121368408203, 0.34718334674835205, 0.3485766649246216, 0.3483578562736511, 0.347981333732605, 0.3482629358768463, 0.34856218099594116, 0.34811148047447205, 0.3488895297050476, 0.3475841283798218]","[0.34730610251426697, 0.2771940231323242, 0.3491816520690918, 0.34772446751594543, 0.3497328758239746, 0.34958693385124207, 0.348006010055542, 0.34792688488960266, 0.34737733006477356, 0.3482096791267395]","[0.34844931960105896, 0.34832829236984253, 0.2798248827457428, 0.3478756248950958, 0.3486157953739166, 0.347760409116745, 0.34755662083625793, 0.34713488817214966, 0.34872281551361084, 0.34811896085739136]","[0.3481747806072235, 0.3479938507080078, 0.34825336933135986, 0.27673134207725525, 0.3490791618824005, 0.3490568697452545, 0.347540020942688, 0.3485924005508423, 0.34827154874801636, 0.34803059697151184]","[0.3480311930179596, 0.34891289472579956, 0.34731534123420715, 0.3485507071018219, 0.2770818769931793, 0.34836462140083313, 0.34856918454170227, 0.3479693531990051, 0.3482208847999573, 0.3487558364868164]","[0.3487128019332886, 0.3478870987892151, 0.3485122323036194, 0.3482998311519623, 0.34673526883125305, 0.28093963861465454, 0.34862640500068665, 0.3467147946357727, 0.3477189838886261, 0.3487497568130493]","[0.34816956520080566, 0.3477940559387207, 0.3474707007408142, 0.3472920060157776, 0.3484567403793335, 0.34765446186065674, 0.28161385655403137, 0.34825947880744934, 0.3482855260372162, 0.34772616624832153]","[0.34893369674682617, 0.3490290939807892, 0.34892600774765015, 0.35011518001556396, 0.348800927400589, 0.3487352430820465, 0.3499274253845215, 0.2665579319000244, 0.3493821918964386, 0.34923380613327026]","[0.3493823707103729, 0.34891968965530396, 0.34958934783935547, 0.3483496308326721, 0.34931355714797974, 0.3490842282772064, 0.34858939051628113, 0.34918081760406494, 0.26862892508506775, 0.348904013633728]","[0.34634992480278015, 0.346426784992218, 0.34754475951194763, 0.34696248173713684, 0.3486270606517792, 0.3472751975059509, 0.34742799401283264, 0.34719306230545044, 0.34680768847465515, 0.29034435749053955]"
0,0.1,0.001,fixed,fixed,"[0.28733882308006287, 0.34642064571380615, 0.34788379073143005, 0.3476710915565491, 0.3470202386379242, 0.34743109345436096, 0.34799668192863464, 0.34769657254219055, 0.3483203053474426, 0.34642741084098816]","[0.34620749950408936, 0.2876209616661072, 0.3484344780445099, 0.3468227982521057, 0.3488467037677765, 0.34879574179649353, 0.34720805287361145, 0.34735339879989624, 0.34639739990234375, 0.34698906540870667]","[0.34761834144592285, 0.3476589620113373, 0.28926295042037964, 0.34710216522216797, 0.34769749641418457, 0.34680208563804626, 0.34680068492889404, 0.34654513001441956, 0.34804877638816833, 0.3469886779785156]","[0.3472524583339691, 0.3472541570663452, 0.3473978638648987, 0.2863776385784149, 0.3481481373310089, 0.3482527434825897, 0.3467276692390442, 0.34817537665367126, 0.34751173853874207, 0.346836656332016]","[0.34732967615127563, 0.348507285118103, 0.34656354784965515, 0.34802523255348206, 0.28382691740989685, 0.3476875126361847, 0.3481372594833374, 0.3476889729499817, 0.3476725220680237, 0.3478752076625824]","[0.3480067849159241, 0.34724149107933044, 0.3478524684906006, 0.34767061471939087, 0.3455990254878998, 0.2894931435585022, 0.3481096029281616, 0.34614798426628113, 0.3470151126384735, 0.34779444336891174]","[0.34716954827308655, 0.3469633162021637, 0.34645113348960876, 0.34631869196891785, 0.34740546345710754, 0.34655892848968506, 0.29295098781585693, 0.34773319959640503, 0.34746184945106506, 0.3464219570159912]","[0.3478022813796997, 0.348085880279541, 0.3477499186992645, 0.3492753505706787, 0.34751713275909424, 0.34751617908477783, 0.3491109013557434, 0.2790537178516388, 0.34841564297676086, 0.34786856174468994]","[0.348471462726593, 0.34817737340927124, 0.34883198142051697, 0.3474459648132324, 0.34829413890838623, 0.348014235496521, 0.34779444336891174, 0.3487202227115631, 0.2786736786365509, 0.3476802110671997]","[0.34550830721855164, 0.34578457474708557, 0.3469141721725464, 0.3463453948497772, 0.34797751903533936, 0.3465430736541748, 0.3469403386116028, 0.3468984067440033, 0.34614458680152893, 0.29775145649909973]"
1,0,10,fixed,fixed,"[8.672336093695776e-07, 0.0, 0.0, 0.0, 0.0, 0.0, 0.0, 0.0, 0.0, 0.0]","[0.0, 6.154926381896075e-07, 0.0, 0.0, 0.0, 0.0, 0.0, 0.0, 0.0, 0.0]","[0.0, 0.0, 6.876255724819202e-07, 0.0, 0.0, 0.0, 0.0, 0.0, 0.0, 0.0]","[0.0, 0.0, 0.0, 2.488579866621876e-07, 0.0, 0.0, 0.0, 0.0, 0.0, 0.0]","[0.0, 0.0, 0.0, 0.0, 1.875007183116395e-05, 0.0, 0.0, 0.0, 0.0, 0.0]","[0.0, 0.0, 0.0, 0.0, 0.0, 1.7258427931210463e-07, 0.0, 0.0, 0.0, 0.0]","[0.0, 0.0, 0.0, 0.0, 0.0, 0.0, 8.111722308967728e-06, 0.0, 0.0, 0.0]","[0.0, 0.0, 0.0, 0.0, 0.0, 0.0, 0.0, 1.6334163888132025e-07, 0.0, 0.0]","[0.0, 0.0, 0.0, 0.0, 0.0, 0.0, 0.0, 0.0, 2.3872910333011532e-06, 0.0]","[0.0, 0.0, 0.0, 0.0, 0.0, 0.0, 0.0, 0.0, 0.0, 2.993929911099258e-06]"
1,0,3,fixed,fixed,"[7.850768497519311e-07, 0.0, 0.0, 0.0, 0.0, 0.0, 0.0, 0.0, 0.0, 0.0]","[0.0, 1.1645890936051728e-06, 0.0, 0.0, 0.0, 0.0, 0.0, 0.0, 0.0, 0.0]","[0.0, 0.0, 9.171150168185704e-07, 0.0, 0.0, 0.0, 0.0, 0.0, 0.0, 0.0]","[0.0, 0.0, 0.0, 2.5536255634506233e-05, 0.0, 0.0, 0.0, 0.0, 0.0, 0.0]","[0.0, 0.0, 0.0, 0.0, 5.126253768139577e-07, 0.0, 0.0, 0.0, 0.0, 0.0]","[0.0, 0.0, 0.0, 0.0, 0.0, 2.2129165699880105e-07, 0.0, 0.0, 0.0, 0.0]","[0.0, 0.0, 0.0, 0.0, 0.0, 0.0, 2.0691130941941083e-07, 0.0, 0.0, 0.0]","[0.0, 0.0, 0.0, 0.0, 0.0, 0.0, 0.0, 6.368654226207582e-07, 0.0, 0.0]","[0.0, 0.0, 0.0, 0.0, 0.0, 0.0, 0.0, 0.0, 2.8724255685119715e-07, 0.0]","[0.0, 0.0, 0.0, 0.0, 0.0, 0.0, 0.0, 0.0, 0.0, 1.5966253386068274e-07]"
1,0,1,fixed,fixed,"[1.2525318197731394e-05, 0.0, 0.0, 0.0, 0.0, 0.0, 0.0, 0.0, 0.0, 0.0]","[0.0, 5.417172360466793e-06, 0.0, 0.0, 0.0, 0.0, 0.0, 0.0, 0.0, 0.0]","[0.0, 0.0, 1.8043003819911974e-06, 0.0, 0.0, 0.0, 0.0, 0.0, 0.0, 0.0]","[0.0, 0.0, 0.0, 6.098663561715512e-06, 0.0, 0.0, 0.0, 0.0, 0.0, 0.0]","[0.0, 0.0, 0.0, 0.0, 5.2460318329394795e-06, 0.0, 0.0, 0.0, 0.0, 0.0]","[0.0, 0.0, 0.0, 0.0, 0.0, 7.65067852626089e-06, 0.0, 0.0, 0.0, 0.0]","[0.0, 0.0, 0.0, 0.0, 0.0, 0.0, 3.8950302041484974e-06, 0.0, 0.0, 0.0]","[0.0, 0.0, 0.0, 0.0, 0.0, 0.0, 0.0, 1.2515079106378835e-05, 0.0, 0.0]","[0.0, 0.0, 0.0, 0.0, 0.0, 0.0, 0.0, 0.0, 2.127978405042086e-06, 0.0]","[0.0, 0.0, 0.0, 0.0, 0.0, 0.0, 0.0, 0.0, 0.0, 3.9215528886415996e-06]"
1,0,0.3,fixed,fixed,"[2.5302108497271547e-06, 0.0, 0.0, 0.0, 0.0, 0.0, 0.0, 0.0, 0.0, 0.0]","[0.0, 3.6348712910694303e-06, 0.0, 0.0, 0.0, 0.0, 0.0, 0.0, 0.0, 0.0]","[0.0, 0.0, 1.0355806807638146e-06, 0.0, 0.0, 0.0, 0.0, 0.0, 0.0, 0.0]","[0.0, 0.0, 0.0, 2.8906720217491966e-06, 0.0, 0.0, 0.0, 0.0, 0.0, 0.0]","[0.0, 0.0, 0.0, 0.0, 4.8933757170743775e-06, 0.0, 0.0, 0.0, 0.0, 0.0]","[0.0, 0.0, 0.0, 0.0, 0.0, 9.161960406345315e-06, 0.0, 0.0, 0.0, 0.0]","[0.0, 0.0, 0.0, 0.0, 0.0, 0.0, 3.921752067981288e-06, 0.0, 0.0, 0.0]","[0.0, 0.0, 0.0, 0.0, 0.0, 0.0, 0.0, 8.609875294496305e-06, 0.0, 0.0]","[0.0, 0.0, 0.0, 0.0, 0.0, 0.0, 0.0, 0.0, 6.935053534107283e-06, 0.0]","[0.0, 0.0, 0.0, 0.0, 0.0, 0.0, 0.0, 0.0, 0.0, 6.154336915642489e-06]"
1,0,0.1,fixed,fixed,"[7.1707436291035265e-06, 0.0, 0.0, 0.0, 0.0, 0.0, 0.0, 0.0, 0.0, 0.0]","[0.0, 9.758226042322349e-06, 0.0, 0.0, 0.0, 0.0, 0.0, 0.0, 0.0, 0.0]","[0.0, 0.0, 1.4363147784024477e-05, 0.0, 0.0, 0.0, 0.0, 0.0, 0.0, 0.0]","[0.0, 0.0, 0.0, 7.584900686197216e-06, 0.0, 0.0, 0.0, 0.0, 0.0, 0.0]","[0.0, 0.0, 0.0, 0.0, 7.936263500596397e-06, 0.0, 0.0, 0.0, 0.0, 0.0]","[0.0, 0.0, 0.0, 0.0, 0.0, 6.374720669555245e-06, 0.0, 0.0, 0.0, 0.0]","[0.0, 0.0, 0.0, 0.0, 0.0, 0.0, 9.242833584721666e-06, 0.0, 0.0, 0.0]","[0.0, 0.0, 0.0, 0.0, 0.0, 0.0, 0.0, 1.1346065548423212e-05, 0.0, 0.0]","[0.0, 0.0, 0.0, 0.0, 0.0, 0.0, 0.0, 0.0, 7.038188414298929e-06, 0.0]","[0.0, 0.0, 0.0, 0.0, 0.0, 0.0, 0.0, 0.0, 0.0, 1.618797796254512e-05]"
1,0,0.03,fixed,fixed,"[1.0159973498957697e-05, 0.0, 0.0, 0.0, 0.0, 0.0, 0.0, 0.0, 0.0, 0.0]","[0.0, 3.643133823061362e-06, 0.0, 0.0, 0.0, 0.0, 0.0, 0.0, 0.0, 0.0]","[0.0, 0.0, 1.0784184269141406e-05, 0.0, 0.0, 0.0, 0.0, 0.0, 0.0, 0.0]","[0.0, 0.0, 0.0, 1.430748488928657e-05, 0.0, 0.0, 0.0, 0.0, 0.0, 0.0]","[0.0, 0.0, 0.0, 0.0, 5.286969553708332e-06, 0.0, 0.0, 0.0, 0.0, 0.0]","[0.0, 0.0, 0.0, 0.0, 0.0, 5.878206138731912e-06, 0.0, 0.0, 0.0, 0.0]","[0.0, 0.0, 0.0, 0.0, 0.0, 0.0, 1.0806177670019679e-05, 0.0, 0.0, 0.0]","[0.0, 0.0, 0.0, 0.0, 0.0, 0.0, 0.0, 1.240273741132114e-05, 0.0, 0.0]","[0.0, 0.0, 0.0, 0.0, 0.0, 0.0, 0.0, 0.0, 9.486802809988149e-06, 0.0]","[0.0, 0.0, 0.0, 0.0, 0.0, 0.0, 0.0, 0.0, 0.0, 7.114105756045319e-06]"
1,0,0.01,fixed,fixed,"[6.499942628579447e-06, 0.0, 0.0, 0.0, 0.0, 0.0, 0.0, 0.0, 0.0, 0.0]","[0.0, 1.566945866215974e-05, 0.0, 0.0, 0.0, 0.0, 0.0, 0.0, 0.0, 0.0]","[0.0, 0.0, 6.064387434889795e-06, 0.0, 0.0, 0.0, 0.0, 0.0, 0.0, 0.0]","[0.0, 0.0, 0.0, 2.55785598710645e-05, 0.0, 0.0, 0.0, 0.0, 0.0, 0.0]","[0.0, 0.0, 0.0, 0.0, 1.629150938242674e-05, 0.0, 0.0, 0.0, 0.0, 0.0]","[0.0, 0.0, 0.0, 0.0, 0.0, 1.701401561149396e-05, 0.0, 0.0, 0.0, 0.0]","[0.0, 0.0, 0.0, 0.0, 0.0, 0.0, 2.5384215405210853e-05, 0.0, 0.0, 0.0]","[0.0, 0.0, 0.0, 0.0, 0.0, 0.0, 0.0, 1.3379401025304105e-05, 0.0, 0.0]","[0.0, 0.0, 0.0, 0.0, 0.0, 0.0, 0.0, 0.0, 1.839592368924059e-05, 0.0]","[0.0, 0.0, 0.0, 0.0, 0.0, 0.0, 0.0, 0.0, 0.0, 1.145426449511433e-05]"
1,0,0.003,fixed,fixed,"[4.504086973611265e-06, 0.0, 0.0, 0.0, 0.0, 0.0, 0.0, 0.0, 0.0, 0.0]","[0.0, 5.9449275795486756e-06, 0.0, 0.0, 0.0, 0.0, 0.0, 0.0, 0.0, 0.0]","[0.0, 0.0, 5.205182333156699e-06, 0.0, 0.0, 0.0, 0.0, 0.0, 0.0, 0.0]","[0.0, 0.0, 0.0, 0.0006009424687363207, 0.0, 0.0, 0.0, 0.0, 0.0, 0.0]","[0.0, 0.0, 0.0, 0.0, 0.00013239581312518567, 0.0, 0.0, 0.0, 0.0, 0.0]","[0.0, 0.0, 0.0, 0.0, 0.0, 9.338156087324023e-05, 0.0, 0.0, 0.0, 0.0]","[0.0, 0.0, 0.0, 0.0, 0.0, 0.0, 7.594508133479394e-06, 0.0, 0.0, 0.0]","[0.0, 0.0, 0.0, 0.0, 0.0, 0.0, 0.0, 3.1552126529277302e-06, 0.0, 0.0]","[0.0, 0.0, 0.0, 0.0, 0.0, 0.0, 0.0, 0.0, 3.119180064459215e-06, 0.0]","[0.0, 0.0, 0.0, 0.0, 0.0, 0.0, 0.0, 0.0, 0.0, 2.4521750674466603e-05]"
1,0,0.001,fixed,fixed,"[1.453350796509767e-05, 0.0, 0.0, 0.0, 0.0, 0.0, 0.0, 0.0, 0.0, 0.0]","[0.0, 2.7336569473845884e-05, 0.0, 0.0, 0.0, 0.0, 0.0, 0.0, 0.0, 0.0]","[0.0, 0.0, 2.3294123820960522e-05, 0.0, 0.0, 0.0, 0.0, 0.0, 0.0, 0.0]","[0.0, 0.0, 0.0, 2.9034756153123453e-05, 0.0, 0.0, 0.0, 0.0, 0.0, 0.0]","[0.0, 0.0, 0.0, 0.0, 3.3802349207689986e-05, 0.0, 0.0, 0.0, 0.0, 0.0]","[0.0, 0.0, 0.0, 0.0, 0.0, 6.49851281195879e-05, 0.0, 0.0, 0.0, 0.0]","[0.0, 0.0, 0.0, 0.0, 0.0, 0.0, 3.843919694190845e-05, 0.0, 0.0, 0.0]","[0.0, 0.0, 0.0, 0.0, 0.0, 0.0, 0.0, 3.284026388428174e-05, 0.0, 0.0]","[0.0, 0.0, 0.0, 0.0, 0.0, 0.0, 0.0, 0.0, 2.525364834582433e-05, 0.0]","[0.0, 0.0, 0.0, 0.0, 0.0, 0.0, 0.0, 0.0, 0.0, 3.2667634513927624e-05]"
4,0.1,10,fixed,paper,"[0.2172832041978836, 0.35388344526290894, 0.3537808954715729, 0.35410434007644653, 0.35363712906837463, 0.3538910448551178, 0.3539028465747833, 0.3536495268344879, 0.3540063500404358, 0.3538287281990051]","[0.3537091612815857, 0.21795804798603058, 0.3537157475948334, 0.3540272116661072, 0.3535832166671753, 0.3539435565471649, 0.35376450419425964, 0.35355767607688904, 0.35401952266693115, 0.3537622392177582]","[0.3538164794445038, 0.3539454936981201, 0.21636416018009186, 0.3541584312915802, 0.35377180576324463, 0.35411664843559265, 0.35393500328063965, 0.35373151302337646, 0.35417279601097107, 0.3538682162761688]","[0.3541800081729889, 0.3543407618999481, 0.3541856110095978, 0.212544247508049, 0.3548429608345032, 0.35436591506004333, 0.3542994558811188, 0.3541083335876465, 0.3544442355632782, 0.3542293906211853]","[0.3539109230041504, 0.35406258702278137, 0.35398760437965393, 0.3542422950267792, 0.21532008051872253, 0.3541276752948761, 0.3540443480014801, 0.35383135080337524, 0.35424187779426575, 0.354004830121994]","[0.3538113832473755, 0.353823184967041, 0.3537054657936096, 0.354141503572464, 0.3536108434200287, 0.21766342222690582, 0.35382211208343506, 0.3536483347415924, 0.35401788353919983, 0.3537657558917999]","[0.3536769449710846, 0.35379254817962646, 0.3536999523639679, 0.3540600836277008, 0.35356611013412476, 0.3539177179336548, 0.21803247928619385, 0.3535623848438263, 0.35399648547172546, 0.35374516248703003]","[0.35417309403419495, 0.3543429970741272, 0.3541239798069, 0.3546184301376343, 0.3540014624595642, 0.35507187247276306, 0.3542255163192749, 0.21224547922611237, 0.35450121760368347, 0.3542582094669342]","[0.355258584022522, 0.35470709204673767, 0.35495007038116455, 0.3549070656299591, 0.35435059666633606, 0.3549322783946991, 0.35470572113990784, 0.354566365480423, 0.20822879672050476, 0.35459503531455994]","[0.35369348526000977, 0.35385367274284363, 0.35381266474723816, 0.35405847430229187, 0.3535880446434021, 0.3539142310619354, 0.35382628440856934, 0.35356777906417847, 0.3540182113647461, 0.21768109500408173]"
4,0.1,3,fixed,paper,"[0.2261926829814911, 0.35304543375968933, 0.35310494899749756, 0.35310861468315125, 0.35283708572387695, 0.35263878107070923, 0.3528941869735718, 0.3530791997909546, 0.35290148854255676, 0.35314807295799255]","[0.3529718816280365, 0.22542867064476013, 0.3532239496707916, 0.3529048264026642, 0.353022038936615, 0.35290244221687317, 0.35308852791786194, 0.3531610071659088, 0.3530128002166748, 0.35313084721565247]","[0.35301586985588074, 0.3529423177242279, 0.22654904425144196, 0.352998286485672, 0.35275718569755554, 0.3528434932231903, 0.3527657687664032, 0.35317882895469666, 0.3528946042060852, 0.3530406653881073]","[0.35368770360946655, 0.35354098677635193, 0.35397252440452576, 0.21847392618656158, 0.3543165922164917, 0.35340002179145813, 0.3537999391555786, 0.35349565744400024, 0.3536010682582855, 0.3538453280925751]","[0.353049099445343, 0.3530833125114441, 0.3532019257545471, 0.3529564142227173, 0.2254360169172287, 0.35276973247528076, 0.35295552015304565, 0.3530869781970978, 0.35307905077934265, 0.353236585855484]","[0.35338079929351807, 0.35308146476745605, 0.35331299901008606, 0.35329142212867737, 0.35309121012687683, 0.22349829971790314, 0.3531678020954132, 0.35332831740379333, 0.3532739579677582, 0.3531983494758606]","[0.35282814502716064, 0.3529638946056366, 0.35307297110557556, 0.3531309962272644, 0.3527894914150238, 0.3527330756187439, 0.22651608288288116, 0.35304203629493713, 0.35277506709098816, 0.3531379699707031]","[0.3533962368965149, 0.3533262610435486, 0.35339680314064026, 0.3532969057559967, 0.3531031012535095, 0.3536936938762665, 0.3532935380935669, 0.2223958969116211, 0.3531284034252167, 0.35348445177078247]","[0.3546784222126007, 0.3538752496242523, 0.3546893894672394, 0.35406050086021423, 0.35393160581588745, 0.35407936573028564, 0.35391753911972046, 0.3539586365222931, 0.21426214277744293, 0.35428911447525024]","[0.3527514934539795, 0.3528108596801758, 0.35290080308914185, 0.35284894704818726, 0.3527512550354004, 0.3524496555328369, 0.35283878445625305, 0.3527579605579376, 0.3528881371021271, 0.22819042205810547]"
4,0.1,1,fixed,paper,"[0.23257586359977722, 0.3524082899093628, 0.35212019085884094, 0.35282957553863525, 0.3521668612957001, 0.3521118760108948, 0.3523644506931305, 0.35244274139404297, 0.35275062918663025, 0.35203516483306885]","[0.3519410789012909, 0.23344868421554565, 0.35216131806373596, 0.3521466553211212, 0.35222557187080383, 0.35233429074287415, 0.35251176357269287, 0.3525972366333008, 0.35257548093795776, 0.3519626557826996]","[0.35243070125579834, 0.3523859977722168, 0.23151591420173645, 0.35280078649520874, 0.35211828351020813, 0.352596253156662, 0.3523213267326355, 0.3526398539543152, 0.3528238832950592, 0.3520268201828003]","[0.35259097814559937, 0.3524387776851654, 0.35287776589393616, 0.22859114408493042, 0.3532446324825287, 0.3526861071586609, 0.3530887961387634, 0.35239481925964355, 0.35276198387145996, 0.35261356830596924]","[0.35211339592933655, 0.35233166813850403, 0.3520655333995819, 0.3522542715072632, 0.23419329524040222, 0.35206639766693115, 0.3521861135959625, 0.35215604305267334, 0.35245281457901, 0.35215121507644653]","[0.3522127568721771, 0.3519042730331421, 0.35190626978874207, 0.3523615598678589, 0.3518928289413452, 0.23545369505882263, 0.35216933488845825, 0.352191299200058, 0.35244739055633545, 0.3516506850719452]","[0.3516075015068054, 0.35206422209739685, 0.35179680585861206, 0.35248664021492004, 0.35169926285743713, 0.35191482305526733, 0.23656406998634338, 0.3522200882434845, 0.352077454328537, 0.35191506147384644]","[0.35257115960121155, 0.35256266593933105, 0.3523445725440979, 0.35258474946022034, 0.35221534967422485, 0.3530057966709137, 0.35270610451698303, 0.23059725761413574, 0.35251107811927795, 0.3524191975593567]","[0.3533927798271179, 0.35263991355895996, 0.35344594717025757, 0.35316553711891174, 0.3528653383255005, 0.3533737361431122, 0.3528171181678772, 0.3527635931968689, 0.22541050612926483, 0.3530338704586029]","[0.351994127035141, 0.35225409269332886, 0.3518967926502228, 0.35248124599456787, 0.35215747356414795, 0.3520592153072357, 0.35242873430252075, 0.35222935676574707, 0.35263362526893616, 0.2338162064552307]"
4,0.1,0.3,fixed,paper,"[0.24354153871536255, 0.3516012132167816, 0.3513006567955017, 0.3517390191555023, 0.3513629138469696, 0.3506964445114136, 0.35106539726257324, 0.3513597249984741, 0.3516847789287567, 0.351074755191803]","[0.35116496682167053, 0.24358008801937103, 0.3514610230922699, 0.3507751524448395, 0.35149267315864563, 0.35116979479789734, 0.3513629138469696, 0.3517836928367615, 0.35146579146385193, 0.3511441648006439]","[0.3518070578575134, 0.3516347408294678, 0.24217474460601807, 0.35160690546035767, 0.35114938020706177, 0.3514162003993988, 0.3508967459201813, 0.35160914063453674, 0.35165923833847046, 0.35122886300086975]","[0.35230809450149536, 0.3519233763217926, 0.35270440578460693, 0.2341834455728531, 0.3527957499027252, 0.3518458902835846, 0.3523646891117096, 0.35160425305366516, 0.3520643711090088, 0.3522906005382538]","[0.3513983190059662, 0.35157310962677, 0.3512580096721649, 0.3509047329425812, 0.24525205790996552, 0.3507717549800873, 0.35081103444099426, 0.3509422242641449, 0.3513728678226471, 0.35138139128685]","[0.3518833816051483, 0.3513387143611908, 0.35144636034965515, 0.3514023423194885, 0.35134243965148926, 0.24245983362197876, 0.3511832356452942, 0.35138949751853943, 0.3517407476902008, 0.35103708505630493]","[0.35116463899612427, 0.3517143428325653, 0.3514060974121094, 0.3517509996891022, 0.3511955440044403, 0.3510514199733734, 0.24250738322734833, 0.3516713082790375, 0.351197749376297, 0.35156431794166565]","[0.35224083065986633, 0.35206639766693115, 0.351895272731781, 0.35149940848350525, 0.35163170099258423, 0.3519906997680664, 0.35178664326667786, 0.2379610687494278, 0.35152170062065125, 0.3519435524940491]","[0.35289502143859863, 0.35196542739868164, 0.35309797525405884, 0.3521898686885834, 0.3523957133293152, 0.35251834988594055, 0.3516782224178314, 0.3518528938293457, 0.23268066346645355, 0.3526608943939209]","[0.35120952129364014, 0.3514426052570343, 0.3509737253189087, 0.3512176275253296, 0.35134512186050415, 0.3506682515144348, 0.3511645197868347, 0.3511694371700287, 0.3515959680080414, 0.2447912096977234]"
4,0.1,0.1,fixed,paper,"[0.248835951089859, 0.35097020864486694, 0.3507217466831207, 0.3514641523361206, 0.3507959246635437, 0.3502965271472931, 0.3507169783115387, 0.35108253359794617, 0.3510528802871704, 0.3503590226173401]","[0.35010796785354614, 0.25071626901626587, 0.3507893681526184, 0.3500083088874817, 0.3507845103740692, 0.35080814361572266, 0.35095250606536865, 0.3515632748603821, 0.3505786061286926, 0.3503582179546356]","[0.35084542632102966, 0.35079097747802734, 0.25048819184303284, 0.3509606719017029, 0.35014939308166504, 0.35098251700401306, 0.35015466809272766, 0.3511156141757965, 0.3506605327129364, 0.3504069745540619]","[0.35118407011032104, 0.35081231594085693, 0.3519994914531708, 0.24324773252010345, 0.35181212425231934, 0.3512488901615143, 0.35181888937950134, 0.3508477509021759, 0.35102900862693787, 0.3514399528503418]","[0.3503475487232208, 0.35072383284568787, 0.3504248261451721, 0.3501051366329193, 0.2537963092327118, 0.35022565722465515, 0.3501202166080475, 0.3502679467201233, 0.35046055912971497, 0.3505893051624298]","[0.35054224729537964, 0.35000690817832947, 0.35028478503227234, 0.35031694173812866, 0.3500865697860718, 0.25521692633628845, 0.35020530223846436, 0.3504510223865509, 0.35052573680877686, 0.34972578287124634]","[0.3497670590877533, 0.35065409541130066, 0.35037022829055786, 0.3509451746940613, 0.3500428795814514, 0.35031718015670776, 0.2535683512687683, 0.3510420024394989, 0.3498667776584625, 0.350571870803833]","[0.3510802984237671, 0.3509848415851593, 0.35092592239379883, 0.3504694700241089, 0.3505242168903351, 0.3512296974658966, 0.35105642676353455, 0.24884220957756042, 0.35020604729652405, 0.3509514033794403]","[0.35188913345336914, 0.3510283827781677, 0.3525514602661133, 0.35159119963645935, 0.3517237603664398, 0.35223865509033203, 0.3510512113571167, 0.35130932927131653, 0.23944777250289917, 0.3520928621292114]","[0.35008397698402405, 0.3505350947380066, 0.35001981258392334, 0.350498229265213, 0.35049760341644287, 0.35002070665359497, 0.3505788743495941, 0.35064321756362915, 0.35072028636932373, 0.2534210979938507]"
4,0.1,0.03,fixed,paper,"[0.2584753930568695, 0.35025453567504883, 0.34975534677505493, 0.35079875588417053, 0.3499794602394104, 0.3488013744354248, 0.34985634684562683, 0.35031795501708984, 0.3502833843231201, 0.3496053218841553]","[0.349225252866745, 0.2605995237827301, 0.3498498201370239, 0.3489716947078705, 0.3499465882778168, 0.3494705259799957, 0.35014966130256653, 0.35097458958625793, 0.3496739864349365, 0.34965404868125916]","[0.35032108426094055, 0.35024577379226685, 0.25836116075515747, 0.3503076732158661, 0.3492835760116577, 0.3498362600803375, 0.3492841124534607, 0.3505179286003113, 0.34990790486335754, 0.34993037581443787]","[0.3505007326602936, 0.3500032126903534, 0.35129308700561523, 0.2519121766090393, 0.3509655296802521, 0.349942684173584, 0.3511468470096588, 0.34999045729637146, 0.35024261474609375, 0.35093751549720764]","[0.3496163785457611, 0.3500548005104065, 0.34946948289871216, 0.3491809666156769, 0.26351022720336914, 0.348849356174469, 0.3491826355457306, 0.34937167167663574, 0.34967607259750366, 0.3500243127346039]","[0.35025373101234436, 0.3495890200138092, 0.34973421692848206, 0.3498401939868927, 0.3495798408985138, 0.25997665524482727, 0.3497137725353241, 0.3500237464904785, 0.35017162561416626, 0.3493751883506775]","[0.34891703724861145, 0.35000160336494446, 0.3494397699832916, 0.3502418100833893, 0.34913375973701477, 0.3489801585674286, 0.2629367411136627, 0.35041770339012146, 0.34889164566993713, 0.3500339388847351]","[0.3504452705383301, 0.3502894937992096, 0.35004034638404846, 0.3495209217071533, 0.34963855147361755, 0.349844366312027, 0.3502848446369171, 0.2582949101924896, 0.34922468662261963, 0.35039210319519043]","[0.35110336542129517, 0.3501726984977722, 0.3517828583717346, 0.3507680594921112, 0.3509678244590759, 0.35102877020835876, 0.3500780463218689, 0.35044434666633606, 0.24837782979011536, 0.3516518473625183]","[0.34909534454345703, 0.34962522983551025, 0.34876111149787903, 0.34947118163108826, 0.34948301315307617, 0.34836024045944214, 0.3495633006095886, 0.34971195459365845, 0.34978920221328735, 0.2655164897441864]"
4,0.1,0.01,fixed,paper,"[0.2680254280567169, 0.3493066132068634, 0.34891751408576965, 0.3503729999065399, 0.3492285907268524, 0.34788328409194946, 0.3489758372306824, 0.34946921467781067, 0.3492441177368164, 0.348652184009552]","[0.3485434651374817, 0.2678562104701996, 0.349239706993103, 0.34837663173675537, 0.3493751883506775, 0.34891021251678467, 0.3495277166366577, 0.3505021631717682, 0.34870097041130066, 0.34895119071006775]","[0.3496852219104767, 0.3493572473526001, 0.26756760478019714, 0.3497837483882904, 0.3483729362487793, 0.3491554856300354, 0.34828317165374756, 0.34972500801086426, 0.34877505898475647, 0.34914320707321167]","[0.34961020946502686, 0.3487551808357239, 0.35050806403160095, 0.2631596624851227, 0.34997791051864624, 0.3490063548088074, 0.3502477705478668, 0.3488423228263855, 0.3489798605442047, 0.3500283360481262]","[0.3488277792930603, 0.34909605979919434, 0.34858593344688416, 0.3484400510787964, 0.2737962603569031, 0.34799259901046753, 0.3481682538986206, 0.3483343720436096, 0.3485650420188904, 0.34920236468315125]","[0.3494656980037689, 0.3484397828578949, 0.34881317615509033, 0.34910449385643005, 0.3486396372318268, 0.2708759307861328, 0.3487032353878021, 0.3490132987499237, 0.34904879331588745, 0.34832602739334106]","[0.34808510541915894, 0.3491344451904297, 0.3486558794975281, 0.3497960567474365, 0.3483082354068756, 0.34823763370513916, 0.2720220685005188, 0.34972673654556274, 0.3476654291152954, 0.34931403398513794]","[0.3498838543891907, 0.34943538904190063, 0.34935739636421204, 0.3488865792751312, 0.34889256954193115, 0.3491095304489136, 0.34956687688827515, 0.26679936051368713, 0.34804821014404297, 0.34970682859420776]","[0.3505531847476959, 0.34932076930999756, 0.3513783812522888, 0.3504205644130707, 0.3505130112171173, 0.35063081979751587, 0.34932100772857666, 0.34973129630088806, 0.254453182220459, 0.35124626755714417]","[0.34827953577041626, 0.3486558794975281, 0.34780436754226685, 0.34885698556900024, 0.3487067222595215, 0.34744957089424133, 0.3487005829811096, 0.3488692343235016, 0.3487612009048462, 0.2753140926361084]"
4,0.1,0.003,fixed,paper,"[0.2770768404006958, 0.3484896421432495, 0.3481346666812897, 0.34976252913475037, 0.3483850955963135, 0.34710851311683655, 0.34827905893325806, 0.34855949878692627, 0.3483540713787079, 0.34785395860671997]","[0.3477396070957184, 0.2761586904525757, 0.3485676944255829, 0.3474810719490051, 0.34859418869018555, 0.3483758568763733, 0.34897273778915405, 0.3498512804508209, 0.34776070713996887, 0.34828639030456543]","[0.3489924669265747, 0.34854838252067566, 0.27700212597846985, 0.3490244746208191, 0.34731897711753845, 0.34856635332107544, 0.34741538763046265, 0.34881994128227234, 0.34774070978164673, 0.3484598994255066]","[0.3488715589046478, 0.3477955460548401, 0.34993505477905273, 0.2721187472343445, 0.3490552604198456, 0.3483704626560211, 0.3496895134449005, 0.34779074788093567, 0.3480237126350403, 0.3494310975074768]","[0.3481108546257019, 0.3483451008796692, 0.3478347361087799, 0.34759247303009033, 0.2827201783657074, 0.3473561406135559, 0.34741514921188354, 0.3473135232925415, 0.3476804494857788, 0.3486122488975525]","[0.3485465943813324, 0.3472960591316223, 0.34782174229621887, 0.3480592370033264, 0.3474813997745514, 0.28305596113204956, 0.3477511405944824, 0.34781643748283386, 0.3479496240615845, 0.34730640053749084]","[0.3470862805843353, 0.3482357859611511, 0.3477652668952942, 0.34900394082069397, 0.34722837805747986, 0.3474762439727783, 0.2827725410461426, 0.3488125503063202, 0.3464270234107971, 0.34858670830726624]","[0.3493666648864746, 0.3487616777420044, 0.34877946972846985, 0.3481180965900421, 0.34810400009155273, 0.34856757521629333, 0.34908220171928406, 0.2742859721183777, 0.34707140922546387, 0.3492259681224823]","[0.349864661693573, 0.3484671115875244, 0.3508957326412201, 0.34975573420524597, 0.3498323857784271, 0.35024261474609375, 0.3486151099205017, 0.34882456064224243, 0.2617291510105133, 0.35086196660995483]","[0.3473219871520996, 0.34768086671829224, 0.34676650166511536, 0.34792208671569824, 0.3477012515068054, 0.34654566645622253, 0.3478851020336151, 0.34782901406288147, 0.347745805978775, 0.28647005558013916]"
4,0.1,0.001,fixed,paper,"[0.2864118814468384, 0.3478739261627197, 0.3472673296928406, 0.3493677079677582, 0.3475775122642517, 0.3461116552352905, 0.3472425639629364, 0.34789034724235535, 0.3475697636604309, 0.3469580113887787]","[0.3467687964439392, 0.2867814302444458, 0.34763962030410767, 0.3466305434703827, 0.3476775288581848, 0.34744715690612793, 0.34790632128715515, 0.3492688536643982, 0.3467552959918976, 0.3473522961139679]","[0.3483806252479553, 0.34801772236824036, 0.28572049736976624, 0.3485581874847412, 0.34637823700904846, 0.34783127903938293, 0.3462851345539093, 0.3482322692871094, 0.3468894362449646, 0.3477555513381958]","[0.347951203584671, 0.34685149788856506, 0.34909117221832275, 0.2834038734436035, 0.34798261523246765, 0.34732598066329956, 0.34860512614250183, 0.3467939794063568, 0.3469875752925873, 0.34854984283447266]","[0.34737029671669006, 0.3477671444416046, 0.3469712734222412, 0.34693315625190735, 0.29217013716697693, 0.34646913409233093, 0.34629443287849426, 0.34650546312332153, 0.3468739092350006, 0.3478960394859314]","[0.3478274345397949, 0.34654951095581055, 0.34694164991378784, 0.3474259674549103, 0.3465549051761627, 0.2929297983646393, 0.34665510058403015, 0.34705600142478943, 0.3471522033214569, 0.34638485312461853]","[0.34638893604278564, 0.3478347957134247, 0.34708699584007263, 0.3487241864204407, 0.34648120403289795, 0.3467889130115509, 0.2899017930030823, 0.3484351634979248, 0.34559184312820435, 0.3480580151081085]","[0.34864771366119385, 0.34808284044265747, 0.34791117906570435, 0.3473598062992096, 0.3471454083919525, 0.34759703278541565, 0.3480512499809265, 0.2844504117965698, 0.3459949493408203, 0.34844088554382324]","[0.34909024834632874, 0.3477247655391693, 0.3502380847930908, 0.3492165505886078, 0.3490971624851227, 0.34954115748405457, 0.34747952222824097, 0.348068505525589, 0.2701601982116699, 0.35028886795043945]","[0.3464573323726654, 0.34699535369873047, 0.34573298692703247, 0.3472915589809418, 0.3468198776245117, 0.3455078601837158, 0.3468180298805237, 0.3471175730228424, 0.3469243049621582, 0.29672813415527344]"
2,0.1,10,fixed,paper,"[0.2148427814245224, 0.35411787033081055, 0.3545222580432892, 0.3541020154953003, 0.35398098826408386, 0.3540893495082855, 0.3541076183319092, 0.3539542555809021, 0.3540285527706146, 0.3539896011352539]","[0.3541204333305359, 0.21440325677394867, 0.35408279299736023, 0.35416102409362793, 0.354468435049057, 0.35412150621414185, 0.3541485071182251, 0.35401034355163574, 0.3540889322757721, 0.354079008102417]","[0.35384756326675415, 0.3538460433483124, 0.21784423291683197, 0.3538218140602112, 0.3537161350250244, 0.3538173735141754, 0.35384419560432434, 0.3537040650844574, 0.3537943363189697, 0.35377222299575806]","[0.35375991463661194, 0.35385429859161377, 0.35382238030433655, 0.21798813343048096, 0.35371074080467224, 0.35381147265434265, 0.35382917523384094, 0.35368889570236206, 0.35378241539001465, 0.35377413034439087]","[0.35399892926216125, 0.35407423973083496, 0.35388806462287903, 0.3539945185184479, 0.2159387469291687, 0.3539601266384125, 0.35400110483169556, 0.35393282771110535, 0.3539569079875946, 0.35407358407974243]","[0.3538912832736969, 0.3538658320903778, 0.35378891229629517, 0.353858083486557, 0.35374438762664795, 0.2176576405763626, 0.3538602292537689, 0.35374367237091064, 0.3537887930870056, 0.35378947854042053]","[0.3538115322589874, 0.3538103401660919, 0.3536948263645172, 0.3537936806678772, 0.35373619198799133, 0.3537783622741699, 0.218245729804039, 0.3536824584007263, 0.35374653339385986, 0.35374757647514343]","[0.35433509945869446, 0.35444802045822144, 0.3549778461456299, 0.35429683327674866, 0.3542957603931427, 0.35432595014572144, 0.35431548953056335, 0.21201419830322266, 0.3542008399963379, 0.35428908467292786]","[0.35385191440582275, 0.3538866639137268, 0.3537732660770416, 0.3538268804550171, 0.353767454624176, 0.3538418412208557, 0.3538278639316559, 0.3536965847015381, 0.21773254871368408, 0.35379090905189514]","[0.35385772585868835, 0.3538897633552551, 0.3537923991680145, 0.3538563549518585, 0.3537634015083313, 0.35384270548820496, 0.3538764417171478, 0.3537900447845459, 0.35379013419151306, 0.21751420199871063]"
2,0.1,3,fixed,paper,"[0.22137409448623657, 0.3533167839050293, 0.35384872555732727, 0.35311996936798096, 0.35349366068840027, 0.35320886969566345, 0.35348641872406006, 0.3537343740463257, 0.35346922278404236, 0.35336771607398987]","[0.35341936349868774, 0.220600888133049, 0.3532661497592926, 0.35342076420783997, 0.3540382981300354, 0.3532796800136566, 0.3534472584724426, 0.35373684763908386, 0.35363325476646423, 0.35349783301353455]","[0.3531879782676697, 0.3529924154281616, 0.22430573403835297, 0.35295549035072327, 0.353201687335968, 0.35316479206085205, 0.35319092869758606, 0.3533472418785095, 0.3532126843929291, 0.3531579375267029]","[0.35294309258461, 0.353120893239975, 0.35304194688796997, 0.22386401891708374, 0.3533254563808441, 0.3530557155609131, 0.3532700836658478, 0.35377994179725647, 0.3532852232456207, 0.35302022099494934]","[0.3529741168022156, 0.35309818387031555, 0.3528808355331421, 0.35296210646629333, 0.2254231572151184, 0.3528224527835846, 0.35305407643318176, 0.35335975885391235, 0.3532901108264923, 0.35299891233444214]","[0.3528795540332794, 0.35282933712005615, 0.35305169224739075, 0.35286518931388855, 0.3530184328556061, 0.2252984195947647, 0.3531591594219208, 0.3534820079803467, 0.3532026708126068, 0.3530689775943756]","[0.35285311937332153, 0.3526354432106018, 0.3526865839958191, 0.35274040699005127, 0.3529234826564789, 0.3528653681278229, 0.22724084556102753, 0.35318896174430847, 0.35287556052207947, 0.35307008028030396]","[0.35300368070602417, 0.3529879152774811, 0.35344648361206055, 0.353131502866745, 0.3531078100204468, 0.3530626893043518, 0.3530639708042145, 0.2246674746274948, 0.35321274399757385, 0.353078693151474]","[0.35267406702041626, 0.35271361470222473, 0.35250112414360046, 0.3525758683681488, 0.3529394567012787, 0.35272860527038574, 0.35267993807792664, 0.35314950346946716, 0.22834597527980804, 0.35291585326194763]","[0.35288551449775696, 0.352845698595047, 0.3527904152870178, 0.3526543974876404, 0.3528042137622833, 0.3529055416584015, 0.3531699478626251, 0.3533227741718292, 0.3531733453273773, 0.22644519805908203]"
2,0.1,1,fixed,paper,"[0.23042787611484528, 0.35279902815818787, 0.35342201590538025, 0.35222023725509644, 0.35259369015693665, 0.3523136377334595, 0.35255828499794006, 0.35244449973106384, 0.35232388973236084, 0.35245755314826965]","[0.35253027081489563, 0.23178474605083466, 0.3524762690067291, 0.35254210233688354, 0.3529747724533081, 0.3522028625011444, 0.3522188365459442, 0.35217320919036865, 0.3523707687854767, 0.35240811109542847]","[0.35237300395965576, 0.35223445296287537, 0.2354821264743805, 0.35198378562927246, 0.35208699107170105, 0.35230913758277893, 0.35204312205314636, 0.35173338651657104, 0.3518572449684143, 0.35206764936447144]","[0.35211440920829773, 0.35262635350227356, 0.3524644374847412, 0.23266839981079102, 0.35248297452926636, 0.3522406220436096, 0.35235950350761414, 0.3527560532093048, 0.35215750336647034, 0.3519339859485626]","[0.3523716330528259, 0.3527950644493103, 0.35251057147979736, 0.3524015545845032, 0.23295064270496368, 0.3520600199699402, 0.352190226316452, 0.35210689902305603, 0.3524268567562103, 0.35202664136886597]","[0.35194188356399536, 0.3521180748939514, 0.35260269045829773, 0.35199588537216187, 0.3519217371940613, 0.23495645821094513, 0.3521924912929535, 0.3521918058395386, 0.3520718216896057, 0.3521014451980591]","[0.3522242307662964, 0.3520412743091583, 0.35222259163856506, 0.35206615924835205, 0.35199543833732605, 0.3522343337535858, 0.23532341420650482, 0.35192281007766724, 0.35171592235565186, 0.35240113735198975]","[0.35267144441604614, 0.35277825593948364, 0.3531295955181122, 0.3530144691467285, 0.352474182844162, 0.35275113582611084, 0.35247254371643066, 0.22885379195213318, 0.35260504484176636, 0.3525470495223999]","[0.35207027196884155, 0.35236525535583496, 0.35201776027679443, 0.3519483804702759, 0.35224008560180664, 0.3521418571472168, 0.3517668545246124, 0.3520737588405609, 0.23520459234714508, 0.35229387879371643]","[0.3522263467311859, 0.3523658514022827, 0.3523161709308624, 0.3518156111240387, 0.35171380639076233, 0.35223379731178284, 0.35243678092956543, 0.35206639766693115, 0.352250874042511, 0.23464041948318481]"
2,0.1,0.3,fixed,paper,"[0.23769894242286682, 0.35189715027809143, 0.3524327576160431, 0.3515288233757019, 0.35194870829582214, 0.35165104269981384, 0.35202696919441223, 0.3518248200416565, 0.35155412554740906, 0.35195204615592957]","[0.3519401252269745, 0.2376403659582138, 0.3514436185359955, 0.3521912395954132, 0.3524855971336365, 0.3516785800457001, 0.3517071604728699, 0.3515995442867279, 0.3518032133579254, 0.35204291343688965]","[0.35201117396354675, 0.3515665829181671, 0.23941048979759216, 0.35169464349746704, 0.3517013192176819, 0.35215985774993896, 0.35176628828048706, 0.3512643277645111, 0.35135167837142944, 0.3518562912940979]","[0.3510677218437195, 0.35155001282691956, 0.35112717747688293, 0.24221648275852203, 0.35169780254364014, 0.35146063566207886, 0.35164815187454224, 0.35220402479171753, 0.3512077033519745, 0.3510553240776062]","[0.35150831937789917, 0.3518674373626709, 0.35133787989616394, 0.35180899500846863, 0.24157005548477173, 0.3512904644012451, 0.3514833152294159, 0.3512842357158661, 0.35169875621795654, 0.35121968388557434]","[0.3507649600505829, 0.3508043885231018, 0.35137227177619934, 0.3511161804199219, 0.35086163878440857, 0.24561089277267456, 0.3514038026332855, 0.3513528108596802, 0.3510977327823639, 0.3513197600841522]","[0.35121268033981323, 0.35070130228996277, 0.3508343994617462, 0.3512381911277771, 0.3509606719017029, 0.3514738082885742, 0.24612848460674286, 0.35096514225006104, 0.3505702018737793, 0.3517746329307556]","[0.35171541571617126, 0.3515816330909729, 0.3516477942466736, 0.3525017201900482, 0.35149261355400085, 0.35206881165504456, 0.35167503356933594, 0.23835216462612152, 0.3517695963382721, 0.35181719064712524]","[0.35110199451446533, 0.351288765668869, 0.3506283462047577, 0.35118529200553894, 0.3514516055583954, 0.35144373774528503, 0.3509071469306946, 0.3513241410255432, 0.24449418485164642, 0.3517325222492218]","[0.3511773347854614, 0.35113298892974854, 0.35091039538383484, 0.3508162796497345, 0.35050997138023376, 0.3514253795146942, 0.3517310321331024, 0.35111120343208313, 0.3513345718383789, 0.24560169875621796]"
2,0.1,0.1,fixed,paper,"[0.2474340945482254, 0.35130178928375244, 0.3520946204662323, 0.35041823983192444, 0.35108092427253723, 0.35028570890426636, 0.35088780522346497, 0.3509167730808258, 0.3508456349372864, 0.3508988618850708]","[0.3511401414871216, 0.24863331019878387, 0.35082077980041504, 0.35117918252944946, 0.3515317142009735, 0.35021018981933594, 0.3503461182117462, 0.3504961431026459, 0.3510550260543823, 0.3508886694908142]","[0.35113832354545593, 0.3506626784801483, 0.25204917788505554, 0.3504438102245331, 0.35055050253868103, 0.35076478123664856, 0.35033905506134033, 0.3499649167060852, 0.3503647446632385, 0.3505547046661377]","[0.3504441976547241, 0.3511713743209839, 0.3508327901363373, 0.24936340749263763, 0.3510810136795044, 0.3503689467906952, 0.35071995854377747, 0.35175421833992004, 0.35071033239364624, 0.3500206172466278]","[0.3508984446525574, 0.3514677584171295, 0.35103827714920044, 0.35101860761642456, 0.24999023973941803, 0.3500400185585022, 0.3503904342651367, 0.3503951132297516, 0.35125336050987244, 0.35008755326271057]","[0.35025790333747864, 0.3504355549812317, 0.3514308035373688, 0.35045504570007324, 0.35021719336509705, 0.2508705258369446, 0.3506450355052948, 0.3508632779121399, 0.3508227467536926, 0.3506282866001129]","[0.3507862091064453, 0.3502213954925537, 0.3506508469581604, 0.3505439758300781, 0.3502568006515503, 0.35056355595588684, 0.2523992657661438, 0.35027262568473816, 0.35003918409347534, 0.3511534333229065]","[0.3510682284832001, 0.3509688973426819, 0.3510949909687042, 0.35184624791145325, 0.35056573152542114, 0.3509605824947357, 0.35054707527160645, 0.24683190882205963, 0.35127219557762146, 0.35081708431243896]","[0.3501388132572174, 0.3504917323589325, 0.34986358880996704, 0.3499760627746582, 0.3504135310649872, 0.35001593828201294, 0.34941306710243225, 0.35025906562805176, 0.2564258277416229, 0.35059648752212524]","[0.3506626486778259, 0.350709468126297, 0.3506586253643036, 0.34990060329437256, 0.3495867848396301, 0.3504164516925812, 0.3509197235107422, 0.35037049651145935, 0.350981742143631, 0.25280964374542236]"
2,0.1,0.03,fixed,paper,"[0.2514665126800537, 0.35104453563690186, 0.3517518937587738, 0.34976813197135925, 0.35085517168045044, 0.34985777735710144, 0.3507317006587982, 0.35049647092819214, 0.35044771432876587, 0.35048696398735046]","[0.3499186336994171, 0.2583673596382141, 0.3498411774635315, 0.3502749502658844, 0.35086721181869507, 0.34932705760002136, 0.3496161699295044, 0.34952837228775024, 0.3502648174762726, 0.35002362728118896]","[0.350141704082489, 0.3500423729419708, 0.25981903076171875, 0.3495989441871643, 0.3499871492385864, 0.35025206208229065, 0.3498404622077942, 0.3490993082523346, 0.3496340215206146, 0.3498399257659912]","[0.3492935001850128, 0.3506724536418915, 0.35007601976394653, 0.2565479576587677, 0.350647896528244, 0.34975630044937134, 0.35031658411026, 0.3513333201408386, 0.3500652015209198, 0.34916943311691284]","[0.3496018946170807, 0.35078829526901245, 0.3501167297363281, 0.3500708043575287, 0.26028385758399963, 0.3491096496582031, 0.3496633470058441, 0.34937646985054016, 0.3505006730556488, 0.3489798605442047]","[0.3488091230392456, 0.34953245520591736, 0.3506118357181549, 0.3493814766407013, 0.34934231638908386, 0.26122549176216125, 0.3499964773654938, 0.3499886095523834, 0.34998542070388794, 0.3497050404548645]","[0.34937870502471924, 0.3491678833961487, 0.3495510518550873, 0.34939801692962646, 0.3492831289768219, 0.3496784567832947, 0.26432445645332336, 0.3491562008857727, 0.3489072322845459, 0.3502613306045532]","[0.34986892342567444, 0.3502114415168762, 0.35005539655685425, 0.35116735100746155, 0.3497980833053589, 0.3503064513206482, 0.3499193787574768, 0.2555893361568451, 0.3506021499633789, 0.34997546672821045]","[0.348779559135437, 0.34970566630363464, 0.34876757860183716, 0.3489000201225281, 0.34969010949134827, 0.34919825196266174, 0.3485754430294037, 0.34935462474823, 0.26688647270202637, 0.349774569272995]","[0.3494632840156555, 0.35000869631767273, 0.3497869074344635, 0.34883004426956177, 0.34869077801704407, 0.34972909092903137, 0.35047560930252075, 0.3495022654533386, 0.35032370686531067, 0.26198652386665344]"
2,0.1,0.01,fixed,paper,"[0.2632140517234802, 0.35008034110069275, 0.3508889675140381, 0.348663330078125, 0.3497891426086426, 0.34870645403862, 0.34968265891075134, 0.3496610224246979, 0.3490125238895416, 0.34943196177482605]","[0.34949126839637756, 0.26724183559417725, 0.349039226770401, 0.34961336851119995, 0.3500596284866333, 0.3484184145927429, 0.34869110584259033, 0.3488433063030243, 0.34913453459739685, 0.34921330213546753]","[0.3497772812843323, 0.3492510914802551, 0.26877155900001526, 0.3488353490829468, 0.3491194248199463, 0.34955134987831116, 0.3489847779273987, 0.3483550250530243, 0.34840190410614014, 0.3490179479122162]","[0.3487182557582855, 0.34994518756866455, 0.3492780327796936, 0.26554185152053833, 0.349852979183197, 0.34889891743659973, 0.34949883818626404, 0.35097524523735046, 0.34886130690574646, 0.3481541872024536]","[0.349215030670166, 0.35021471977233887, 0.34948840737342834, 0.3494812250137329, 0.26826560497283936, 0.34826937317848206, 0.34885674715042114, 0.3487560451030731, 0.3495235741138458, 0.3480430543422699]","[0.3481687903404236, 0.3486345708370209, 0.34998422861099243, 0.34856489300727844, 0.348339319229126, 0.2704974412918091, 0.3491666316986084, 0.34941038489341736, 0.3488224446773529, 0.3488504886627197]","[0.34892791509628296, 0.3482677936553955, 0.3487913906574249, 0.3486572206020355, 0.3483295738697052, 0.34892985224723816, 0.2734880745410919, 0.34848493337631226, 0.34759828448295593, 0.34958595037460327]","[0.349211722612381, 0.3491927981376648, 0.3489418625831604, 0.3504784107208252, 0.34863582253456116, 0.3493742048740387, 0.34884461760520935, 0.2666921615600586, 0.34933996200561523, 0.3489364981651306]","[0.34849998354911804, 0.3491953909397125, 0.34813469648361206, 0.3483521342277527, 0.3491092324256897, 0.3486400246620178, 0.3478282690048218, 0.34901779890060425, 0.2728032171726227, 0.3492922782897949]","[0.34900209307670593, 0.3492428958415985, 0.34903693199157715, 0.34794673323631287, 0.3475968539714813, 0.34895968437194824, 0.3497799038887024, 0.3488606810569763, 0.3492697477340698, 0.2709341049194336]"
2,0.1,0.003,fixed,paper,"[0.27325862646102905, 0.34921592473983765, 0.3502945005893707, 0.3475135564804077, 0.3489459753036499, 0.34769493341445923, 0.3488047420978546, 0.3490316867828369, 0.347927451133728, 0.348644495010376]","[0.3489389717578888, 0.27555030584335327, 0.3484007716178894, 0.3488011658191681, 0.34936952590942383, 0.34754443168640137, 0.347832053899765, 0.3482593297958374, 0.3482488989830017, 0.3485654294490814]","[0.34914183616638184, 0.3483084440231323, 0.27904412150382996, 0.34777551889419556, 0.348223477602005, 0.34873875975608826, 0.348049134016037, 0.34756627678871155, 0.3472687602043152, 0.3482123911380768]","[0.34814396500587463, 0.3493380844593048, 0.34876954555511475, 0.2724042534828186, 0.34930142760276794, 0.34820160269737244, 0.3488725423812866, 0.3508431911468506, 0.3480279743671417, 0.3474274277687073]","[0.3485960066318512, 0.34952816367149353, 0.34891632199287415, 0.3486337959766388, 0.2769829332828522, 0.34735649824142456, 0.3480089604854584, 0.348129540681839, 0.34868377447128296, 0.3471619784832001]","[0.3473703861236572, 0.3476983904838562, 0.3494865596294403, 0.34756454825401306, 0.34742116928100586, 0.279733270406723, 0.34836918115615845, 0.34889963269233704, 0.3478708565235138, 0.3481247127056122]","[0.34829097986221313, 0.34730133414268494, 0.34813404083251953, 0.3477046489715576, 0.3474327325820923, 0.348154217004776, 0.2829088568687439, 0.3478536605834961, 0.34647324681282043, 0.3490113615989685]","[0.3483380079269409, 0.34807735681533813, 0.3479008376598358, 0.3495468199253082, 0.3474999666213989, 0.3483845293521881, 0.34774425625801086, 0.27844223380088806, 0.3482307493686676, 0.3479684293270111]","[0.3478792905807495, 0.3484632074832916, 0.34744906425476074, 0.34743747115135193, 0.34842953085899353, 0.34789979457855225, 0.3469308018684387, 0.34856531023979187, 0.280886173248291, 0.348755806684494]","[0.34827184677124023, 0.34832772612571716, 0.348306268453598, 0.34676918387413025, 0.34647732973098755, 0.3480803966522217, 0.34900566935539246, 0.34817615151405334, 0.3483162224292755, 0.2812406122684479]"
2,0.1,0.001,fixed,paper,"[0.2789440155029297, 0.34896430373191833, 0.34980446100234985, 0.34711167216300964, 0.3484521508216858, 0.3471621870994568, 0.34837478399276733, 0.34828540682792664, 0.3473447859287262, 0.34812748432159424]","[0.3477631211280823, 0.2871313989162445, 0.3472959101200104, 0.3481656014919281, 0.34845736622810364, 0.3465785086154938, 0.34685018658638, 0.3469875454902649, 0.34729424118995667, 0.3476172089576721]","[0.34832000732421875, 0.34784501791000366, 0.28687307238578796, 0.34733015298843384, 0.34754326939582825, 0.34827083349227905, 0.3474278450012207, 0.34652748703956604, 0.34650442004203796, 0.3475436270236969]","[0.3468284010887146, 0.34865474700927734, 0.34767696261405945, 0.28390830755233765, 0.34841012954711914, 0.34729406237602234, 0.34800514578819275, 0.3499045968055725, 0.34700796008110046, 0.3462825417518616]","[0.3475814461708069, 0.3491111397743225, 0.34810587763786316, 0.34819111227989197, 0.28610265254974365, 0.34657976031303406, 0.34726640582084656, 0.34704333543777466, 0.3480031490325928, 0.34620922803878784]","[0.3460633158683777, 0.34691905975341797, 0.34863677620887756, 0.3468557894229889, 0.3463963270187378, 0.29065069556236267, 0.347563236951828, 0.34781554341316223, 0.34696531295776367, 0.34721294045448303]","[0.3471716642379761, 0.34651806950569153, 0.3471514582633972, 0.34706994891166687, 0.3464556336402893, 0.34742727875709534, 0.2936890125274658, 0.346675843000412, 0.3454209864139557, 0.3482770621776581]","[0.3474715054035187, 0.34763485193252563, 0.34702470898628235, 0.3494222164154053, 0.3467734754085541, 0.34793323278427124, 0.3471519351005554, 0.28545334935188293, 0.3476836085319519, 0.3473309278488159]","[0.34673011302948, 0.34786754846572876, 0.34639212489128113, 0.3467944860458374, 0.34762290120124817, 0.347162127494812, 0.34600573778152466, 0.34751972556114197, 0.2909589111804962, 0.3480134904384613]","[0.3472125828266144, 0.34774908423423767, 0.34740373492240906, 0.34606337547302246, 0.3454313278198242, 0.34740304946899414, 0.3484024703502655, 0.34709832072257996, 0.3475882112979889, 0.29094022512435913]"
4,0.1,10,fixed,fixed,"[0.21714559197425842, 0.3538986146450043, 0.35377976298332214, 0.3541332185268402, 0.3536413609981537, 0.3539479970932007, 0.35390567779541016, 0.3536505103111267, 0.35403475165367126, 0.3538195490837097]","[0.35369277000427246, 0.21796579658985138, 0.3536898195743561, 0.3540402948856354, 0.3535797894001007, 0.3539905548095703, 0.35375282168388367, 0.35354700684547424, 0.354047566652298, 0.35374054312705994]","[0.3538080155849457, 0.35395780205726624, 0.21620997786521912, 0.35418501496315, 0.3537784218788147, 0.3541877865791321, 0.35393351316452026, 0.3537347614765167, 0.35422390699386597, 0.35385313630104065]","[0.35417652130126953, 0.35435473918914795, 0.3541778326034546, 0.21245445311069489, 0.35486629605293274, 0.354418009519577, 0.3542969822883606, 0.3541056513786316, 0.35447055101394653, 0.3542167842388153]","[0.353898823261261, 0.35406917333602905, 0.3539685606956482, 0.3542596995830536, 0.21527518332004547, 0.35417938232421875, 0.354038804769516, 0.35382673144340515, 0.3542660176753998, 0.35399091243743896]","[0.3537467420101166, 0.3537808060646057, 0.3536551594734192, 0.3541224002838135, 0.3535597622394562, 0.21813949942588806, 0.3537657558917999, 0.3535941243171692, 0.35399681329727173, 0.3537009656429291]","[0.3536776900291443, 0.3538077771663666, 0.35369446873664856, 0.35409078001976013, 0.35357165336608887, 0.35398054122924805, 0.21787628531455994, 0.3535642623901367, 0.35403940081596375, 0.35373687744140625]","[0.35415834188461304, 0.35434582829475403, 0.3541141748428345, 0.35464227199554443, 0.3539963662624359, 0.35512447357177734, 0.3542158901691437, 0.21220499277114868, 0.354532390832901, 0.35423654317855835]","[0.355290949344635, 0.3547312915325165, 0.3549933135509491, 0.35497039556503296, 0.35435202717781067, 0.3550145626068115, 0.3547293245792389, 0.3545972406864166, 0.20790058374404907, 0.35460391640663147]","[0.3536934554576874, 0.35387134552001953, 0.35380908846855164, 0.3540901839733124, 0.3535943627357483, 0.353979229927063, 0.3538300096988678, 0.3535706400871277, 0.3540616035461426, 0.2175009846687317]"
4,0.1,3,fixed,fixed,"[0.22604407370090485, 0.35305991768836975, 0.3531040847301483, 0.35313746333122253, 0.3528413474559784, 0.35269632935523987, 0.35289785265922546, 0.35307934880256653, 0.3529297411441803, 0.35313931107521057]","[0.35295745730400085, 0.22541150450706482, 0.35319986939430237, 0.3529193699359894, 0.35301968455314636, 0.35295066237449646, 0.35307881236076355, 0.3531510829925537, 0.35304245352745056, 0.35311147570610046]","[0.3530066907405853, 0.35295331478118896, 0.2263881117105484, 0.3530242145061493, 0.35276350378990173, 0.35291436314582825, 0.35276469588279724, 0.3531804084777832, 0.3529447615146637, 0.3530254065990448]","[0.3536842465400696, 0.3535537123680115, 0.3539653718471527, 0.21837596595287323, 0.35433948040008545, 0.35345229506492615, 0.35379788279533386, 0.3534923195838928, 0.35362708568573, 0.35383298993110657]","[0.3530372977256775, 0.3530884385108948, 0.3531838059425354, 0.35297346115112305, 0.22538252174854279, 0.35282185673713684, 0.3529505133628845, 0.3530813455581665, 0.35310274362564087, 0.35322314500808716]","[0.35331597924232483, 0.35303738713264465, 0.3532629609107971, 0.35327139496803284, 0.3530397415161133, 0.22398369014263153, 0.35311177372932434, 0.353272408246994, 0.35325172543525696, 0.35313355922698975]","[0.3528282940387726, 0.3529770076274872, 0.35306745767593384, 0.35316067934036255, 0.35279417037963867, 0.3527955412864685, 0.22635625302791595, 0.3530420958995819, 0.35281670093536377, 0.35312938690185547]","[0.35338258743286133, 0.35332825779914856, 0.3533885180950165, 0.3533214330673218, 0.35309818387031555, 0.35374706983566284, 0.35328513383865356, 0.2223351150751114, 0.35316014289855957, 0.3534640073776245]","[0.3547112047672272, 0.3538984954357147, 0.35473331809043884, 0.3541239798069, 0.3539327383041382, 0.3541618287563324, 0.35394176840782166, 0.3539888560771942, 0.21392224729061127, 0.35429859161376953]","[0.3527512848377228, 0.3528270721435547, 0.35289713740348816, 0.3528800904750824, 0.35275718569755554, 0.3525145351886749, 0.3528428077697754, 0.3527596592903137, 0.35293063521385193, 0.22800245881080627]"
4,0.1,1,fixed,fixed,"[0.23243145644664764, 0.3524227738380432, 0.3521193861961365, 0.352859228849411, 0.35217127203941345, 0.3521694242954254, 0.35236820578575134, 0.35244184732437134, 0.35277891159057617, 0.3520267605781555]","[0.3519282937049866, 0.2334267497062683, 0.3521384298801422, 0.35216274857521057, 0.3522239327430725, 0.35238412022590637, 0.35250288248062134, 0.3525868058204651, 0.3526066839694977, 0.3519451320171356]","[0.35242119431495667, 0.3523968756198883, 0.23136605322360992, 0.3528272807598114, 0.3521248400211334, 0.35266661643981934, 0.35232043266296387, 0.3526400625705719, 0.3528738021850586, 0.3520118296146393]","[0.35258716344833374, 0.35245054960250854, 0.3528706431388855, 0.22850078344345093, 0.35326671600341797, 0.35273826122283936, 0.35308602452278137, 0.35238999128341675, 0.35278764367103577, 0.35260114073753357]","[0.35210198163986206, 0.35233592987060547, 0.35204821825027466, 0.3522716164588928, 0.2341444492340088, 0.3521187901496887, 0.35218095779418945, 0.3521489202976227, 0.35247644782066345, 0.3521382808685303]","[0.3521483838558197, 0.35185980796813965, 0.35185694694519043, 0.35234200954437256, 0.3518417775630951, 0.23595662415027618, 0.35211363434791565, 0.35213375091552734, 0.35242506861686707, 0.35158663988113403]","[0.3516077697277069, 0.3520767092704773, 0.3517917990684509, 0.35251671075820923, 0.35170382261276245, 0.35197725892066956, 0.23640941083431244, 0.3522183895111084, 0.3521188497543335, 0.35190683603286743]","[0.35255956649780273, 0.35256534814834595, 0.3523384928703308, 0.3526114523410797, 0.3522115647792816, 0.3530614376068115, 0.3526991307735443, 0.2305217832326889, 0.3525446951389313, 0.3524007797241211]","[0.35342565178871155, 0.352662593126297, 0.3534901440143585, 0.3532296121120453, 0.3528660535812378, 0.3534563183784485, 0.3528411388397217, 0.3527924120426178, 0.22506855428218842, 0.3530436158180237]","[0.35199397802352905, 0.35226970911026, 0.3518930673599243, 0.35251256823539734, 0.3521631956100464, 0.3521239161491394, 0.3524325489997864, 0.3522292673587799, 0.35267576575279236, 0.23363596200942993]"
4,0.1,0.3,fixed,fixed,"[0.24231067299842834, 0.3516348600387573, 0.35147884488105774, 0.35185444355010986, 0.3512650430202484, 0.350857675075531, 0.35108712315559387, 0.3517064154148102, 0.3516489863395691, 0.3513828217983246]","[0.3511737287044525, 0.24210309982299805, 0.3516492545604706, 0.3510005474090576, 0.35152336955070496, 0.3512498438358307, 0.3515213429927826, 0.3521043360233307, 0.3515433371067047, 0.351318895816803]","[0.35161834955215454, 0.3514286279678345, 0.24294377863407135, 0.35164278745651245, 0.35098913311958313, 0.3513174057006836, 0.35086366534233093, 0.35174083709716797, 0.3515552282333374, 0.3512057960033417]","[0.35212695598602295, 0.35171934962272644, 0.35271039605140686, 0.2349795252084732, 0.35265183448791504, 0.3517303466796875, 0.3523307144641876, 0.35173270106315613, 0.3519376516342163, 0.35227152705192566]","[0.3513636291027069, 0.35151493549346924, 0.3514077365398407, 0.3510865867137909, 0.24423988163471222, 0.3508104085922241, 0.35092857480049133, 0.3512217402458191, 0.35139769315719604, 0.3515157699584961]","[0.35179728269577026, 0.35123372077941895, 0.3515655994415283, 0.3515487611293793, 0.3512813448905945, 0.24200482666492462, 0.35125213861465454, 0.3516196608543396, 0.3517211079597473, 0.351122111082077]","[0.3510248064994812, 0.3515479564666748, 0.3514513373374939, 0.351828932762146, 0.3510715365409851, 0.350983589887619, 0.242852583527565, 0.3518393039703369, 0.3511236608028412, 0.35158678889274597]","[0.3519461452960968, 0.3517467677593231, 0.3517964482307434, 0.3514310419559479, 0.35135573148727417, 0.351772278547287, 0.3516424596309662, 0.24003146588802338, 0.35129696130752563, 0.3518127202987671]","[0.35289329290390015, 0.3519149720668793, 0.35329771041870117, 0.3524076044559479, 0.35237300395965576, 0.3525756597518921, 0.35181379318237305, 0.35215726494789124, 0.2315429151058197, 0.35280680656433105]","[0.3510476350784302, 0.35125789046287537, 0.3509981334209442, 0.3512752652168274, 0.351200670003891, 0.35058072209358215, 0.35115286707878113, 0.35131752490997314, 0.3515009880065918, 0.24532829225063324]"
4,0.1,0.1,fixed,fixed,"[0.24942255020141602, 0.35100793838500977, 0.3505048155784607, 0.3515850007534027, 0.3506055176258087, 0.35019564628601074, 0.3505675196647644, 0.3509458601474762, 0.351350337266922, 0.35028141736984253]","[0.350154846906662, 0.2507172226905823, 0.35059744119644165, 0.35025396943092346, 0.35073724389076233, 0.35064056515693665, 0.35095447301864624, 0.35141533613204956, 0.35100463032722473, 0.35016289353370667]","[0.35104167461395264, 0.35095155239105225, 0.24862878024578094, 0.35136425495147705, 0.35025930404663086, 0.3509840667247772, 0.35031312704086304, 0.3511265218257904, 0.35125207901000977, 0.35036101937294006]","[0.3510396480560303, 0.35062605142593384, 0.35162463784217834, 0.24560847878456116, 0.35158902406692505, 0.3508850038051605, 0.35162726044654846, 0.3505070209503174, 0.3512493968009949, 0.35104942321777344]","[0.35043537616729736, 0.35076865553855896, 0.3502795994281769, 0.3503914475440979, 0.25334432721138, 0.35010191798210144, 0.35016587376594543, 0.35016337037086487, 0.3509179353713989, 0.3504379689693451]","[0.3507258892059326, 0.35015246272087097, 0.350256085395813, 0.35071519017219543, 0.35017985105514526, 0.253552109003067, 0.35034993290901184, 0.35044413805007935, 0.3510856628417969, 0.34967246651649475]","[0.34981703758239746, 0.3506584167480469, 0.35018765926361084, 0.35119515657424927, 0.34999319911003113, 0.3501542806625366, 0.2535695731639862, 0.35089316964149475, 0.35029250383377075, 0.3503759801387787]","[0.35124799609184265, 0.3511078953742981, 0.35087165236473083, 0.3508456349372864, 0.35059428215026855, 0.35118812322616577, 0.35117998719215393, 0.24730178713798523, 0.3507538437843323, 0.3508744239807129]","[0.3516377806663513, 0.3507091701030731, 0.3520837128162384, 0.35154175758361816, 0.3513355255126953, 0.3517610430717468, 0.35074281692504883, 0.35085779428482056, 0.24320803582668304, 0.35158079862594604]","[0.3502997159957886, 0.350708931684494, 0.350003719329834, 0.35091572999954224, 0.3506152033805847, 0.35002562403678894, 0.3507506251335144, 0.35066235065460205, 0.35131287574768066, 0.2514624297618866]"
4,0.1,0.03,fixed,fixed,"[0.2594546675682068, 0.34950780868530273, 0.34983888268470764, 0.35082873702049255, 0.3497682511806488, 0.34911587834358215, 0.3498629927635193, 0.34991952776908875, 0.35064372420310974, 0.3493626117706299]","[0.35178202390670776, 0.24329018592834473, 0.3513365089893341, 0.35072046518325806, 0.3513145446777344, 0.3510081171989441, 0.35176780819892883, 0.35179951786994934, 0.35164985060691833, 0.3507741093635559]","[0.35030829906463623, 0.3495093584060669, 0.2598970830440521, 0.35036134719848633, 0.34911417961120605, 0.349994421005249, 0.3493401110172272, 0.3500083088874817, 0.3503033518791199, 0.3494606614112854]","[0.35081976652145386, 0.3493417799472809, 0.3512980341911316, 0.2532885670661926, 0.35080018639564514, 0.35007303953170776, 0.3511899411678314, 0.3494672179222107, 0.3506046533584595, 0.35046088695526123]","[0.3498179614543915, 0.34950414299964905, 0.34964457154273987, 0.34939509630203247, 0.26290273666381836, 0.34916019439697266, 0.3494032323360443, 0.3490242660045624, 0.3502151072025299, 0.34972721338272095]","[0.3502199053764343, 0.3488446772098541, 0.3496472239494324, 0.34978771209716797, 0.3492931127548218, 0.2628780007362366, 0.34965524077415466, 0.3493952453136444, 0.35043463110923767, 0.34879785776138306]","[0.3492772877216339, 0.3491656184196472, 0.34941908717155457, 0.35026153922080994, 0.34892407059669495, 0.34909379482269287, 0.26431721448898315, 0.34986767172813416, 0.34924086928367615, 0.34953421354293823]","[0.35103246569633484, 0.34992149472236633, 0.3505164384841919, 0.35003527998924255, 0.3499165177345276, 0.3504471778869629, 0.3507935106754303, 0.2540888786315918, 0.35006457567214966, 0.3503795564174652]","[0.3509364128112793, 0.34936457872390747, 0.3515629172325134, 0.35057464241981506, 0.3505053222179413, 0.35091325640678406, 0.34987255930900574, 0.349678099155426, 0.25292718410491943, 0.3509218990802765]","[0.3497753441333771, 0.3495281934738159, 0.34918272495269775, 0.34993457794189453, 0.34971681237220764, 0.348917692899704, 0.35002821683883667, 0.3496062755584717, 0.35058146715164185, 0.26130256056785583]"
4,0.1,0.01,fixed,fixed,"[0.2652626931667328, 0.3492778539657593, 0.34923508763313293, 0.35034865140914917, 0.34944823384284973, 0.348580002784729, 0.34904175996780396, 0.3495712876319885, 0.350063294172287, 0.3486173748970032]","[0.35038891434669495, 0.2548814117908478, 0.3502957224845886, 0.3494056165218353, 0.3505086898803711, 0.3501649796962738, 0.3505401015281677, 0.35116279125213623, 0.3504709005355835, 0.34961509704589844]","[0.349384069442749, 0.3490968942642212, 0.26847290992736816, 0.3495408594608307, 0.3483924865722656, 0.3494538366794586, 0.348156601190567, 0.3494739234447479, 0.3493870198726654, 0.3486395478248596]","[0.34988951683044434, 0.3488176763057709, 0.35075387358665466, 0.26064610481262207, 0.350249320268631, 0.3495253026485443, 0.35035619139671326, 0.34882625937461853, 0.3498070240020752, 0.3497662842273712]","[0.348572313785553, 0.3488514721393585, 0.3485843241214752, 0.3481880724430084, 0.27476033568382263, 0.3482745289802551, 0.348036527633667, 0.34807586669921875, 0.34915125370025635, 0.34870219230651855]","[0.3490164279937744, 0.3480431139469147, 0.3485909402370453, 0.3486274778842926, 0.3484140932559967, 0.27482450008392334, 0.34833431243896484, 0.34851500391960144, 0.3494003713130951, 0.3475872874259949]","[0.3483074903488159, 0.34892451763153076, 0.34877821803092957, 0.3496696352958679, 0.34843769669532776, 0.34864217042922974, 0.27078908681869507, 0.34958526492118835, 0.34838148951530457, 0.3489310145378113]","[0.34995120763778687, 0.3493107855319977, 0.3495941758155823, 0.3488725423812866, 0.34912678599357605, 0.34962040185928345, 0.34966057538986206, 0.26471200585365295, 0.34887292981147766, 0.34942862391471863]","[0.34990394115448, 0.3487934470176697, 0.3509562611579895, 0.3497362732887268, 0.3500443696975708, 0.35046088695526123, 0.34873807430267334, 0.3490290343761444, 0.2607980966567993, 0.3502880930900574]","[0.34869325160980225, 0.3490558862686157, 0.3482397794723511, 0.3490455746650696, 0.34915101528167725, 0.3481690287590027, 0.34900450706481934, 0.3490436375141144, 0.34979167580604553, 0.27011725306510925]"
4,0.1,0.003,fixed,fixed,"[0.2747625410556793, 0.34837105870246887, 0.3484302759170532, 0.3497806787490845, 0.3483922779560089, 0.3473201394081116, 0.3482595980167389, 0.34866634011268616, 0.3499297797679901, 0.34775659441947937]","[0.3496733009815216, 0.2626364827156067, 0.34968462586402893, 0.34863463044166565, 0.349597692489624, 0.3491271436214447, 0.34998226165771484, 0.35059958696365356, 0.3500204086303711, 0.34897127747535706]","[0.348721981048584, 0.34822338819503784, 0.2781555950641632, 0.34884876012802124, 0.3471512198448181, 0.348269522190094, 0.3472284972667694, 0.3485986292362213, 0.34904006123542786, 0.3479188084602356]","[0.34912532567977905, 0.3477364182472229, 0.3501279652118683, 0.27049922943115234, 0.349082350730896, 0.34831318259239197, 0.3496808409690857, 0.3477485477924347, 0.34938332438468933, 0.34907540678977966]","[0.34804996848106384, 0.3481983542442322, 0.34800007939338684, 0.3475707471370697, 0.2817138731479645, 0.3473081588745117, 0.3473860025405884, 0.3472479283809662, 0.3491568863391876, 0.34823814034461975]","[0.3491445481777191, 0.3477400243282318, 0.34854817390441895, 0.3486752510070801, 0.34808745980262756, 0.27493152022361755, 0.3481743037700653, 0.34819623827934265, 0.3505876064300537, 0.3476766347885132]","[0.3473914563655853, 0.3480129837989807, 0.3479432165622711, 0.3489967882633209, 0.34722238779067993, 0.3473774492740631, 0.2808697521686554, 0.3487526476383209, 0.3479025661945343, 0.3482186794281006]","[0.3494415283203125, 0.348548024892807, 0.34899619221687317, 0.34814780950546265, 0.3481265902519226, 0.3482882082462311, 0.34909167885780334, 0.27266719937324524, 0.348611056804657, 0.34888696670532227]","[0.3488423228263855, 0.3474700152873993, 0.35007262229919434, 0.34873464703559875, 0.3487716019153595, 0.34893471002578735, 0.3475673198699951, 0.3477479815483093, 0.2738649249076843, 0.34946224093437195]","[0.34780198335647583, 0.3480507433414459, 0.3472404181957245, 0.34821322560310364, 0.3479933738708496, 0.3468157947063446, 0.3481639325618744, 0.34806838631629944, 0.3493756055831909, 0.2811143398284912]"
4,0.1,0.001,fixed,fixed,"[0.2832691967487335, 0.34781184792518616, 0.34750431776046753, 0.3491794168949127, 0.3478693962097168, 0.34658822417259216, 0.34750860929489136, 0.34804391860961914, 0.3488932251930237, 0.34686705470085144]","[0.34863418340682983, 0.2731878459453583, 0.34864023327827454, 0.34751927852630615, 0.3489075303077698, 0.3484056890010834, 0.3491434156894684, 0.3500061631202698, 0.3487052023410797, 0.34798651933670044]","[0.34814149141311646, 0.3477909564971924, 0.28550952672958374, 0.3482173979282379, 0.3465369641780853, 0.3478412926197052, 0.3464256227016449, 0.3480992615222931, 0.34797805547714233, 0.34726276993751526]","[0.34836646914482117, 0.3470200002193451, 0.3493974804878235, 0.2789536416530609, 0.34846559166908264, 0.347705215215683, 0.3490532338619232, 0.3469703793525696, 0.3482665419578552, 0.34837237000465393]","[0.3470476269721985, 0.3474242389202118, 0.3468264937400818, 0.3464524745941162, 0.29379382729530334, 0.34643420577049255, 0.346298485994339, 0.3462342619895935, 0.34784579277038574, 0.3472766578197479]","[0.34817662835121155, 0.34681034088134766, 0.34737059473991394, 0.3475957214832306, 0.34720638394355774, 0.2870068848133087, 0.3471248149871826, 0.34724289178848267, 0.34929728507995605, 0.34652242064476013]","[0.346429705619812, 0.34741416573524475, 0.34695273637771606, 0.34825628995895386, 0.346505731344223, 0.3467012345790863, 0.2905588448047638, 0.3481675684452057, 0.3465607762336731, 0.3474426865577698]","[0.3486660122871399, 0.3478783667087555, 0.34802305698394775, 0.3471362292766571, 0.3474053144454956, 0.3475358486175537, 0.3482992351055145, 0.282794326543808, 0.34723570942878723, 0.3480619788169861]","[0.3482706546783447, 0.3469960391521454, 0.3495691418647766, 0.3482015132904053, 0.34853318333625793, 0.3487107455730438, 0.34692955017089844, 0.3472510874271393, 0.279090017080307, 0.34910839796066284]","[0.34691330790519714, 0.34740710258483887, 0.3461341857910156, 0.3473619520664215, 0.3473825752735138, 0.3460289239883423, 0.3473682999610901, 0.3473893702030182, 0.3482879400253296, 0.2907717525959015]"
2,0,10,fixed,fixed,"[2.0715492610179354e-06, 0.0, 0.0, 0.0, 0.0, 0.0, 0.0, 0.0, 0.0, 0.0]","[0.0, 2.342626885365462e-06, 0.0, 0.0, 0.0, 0.0, 0.0, 0.0, 0.0, 0.0]","[0.0, 0.0, 6.288668373599648e-05, 0.0, 0.0, 0.0, 0.0, 0.0, 0.0, 0.0]","[0.0, 0.0, 0.0, 4.260285095369909e-06, 0.0, 0.0, 0.0, 0.0, 0.0, 0.0]","[0.0, 0.0, 0.0, 0.0, 2.0086613403691445e-06, 0.0, 0.0, 0.0, 0.0, 0.0]","[0.0, 0.0, 0.0, 0.0, 0.0, 8.690925824339502e-06, 0.0, 0.0, 0.0, 0.0]","[0.0, 0.0, 0.0, 0.0, 0.0, 0.0, 1.66503389209538e-06, 0.0, 0.0, 0.0]","[0.0, 0.0, 0.0, 0.0, 0.0, 0.0, 0.0, 3.860642664221814e-06, 0.0, 0.0]","[0.0, 0.0, 0.0, 0.0, 0.0, 0.0, 0.0, 0.0, 2.7298056011204608e-06, 0.0]","[0.0, 0.0, 0.0, 0.0, 0.0, 0.0, 0.0, 0.0, 0.0, 5.02772400068352e-06]"
2,0,3,fixed,fixed,"[9.876625881588552e-06, 0.0, 0.0, 0.0, 0.0, 0.0, 0.0, 0.0, 0.0, 0.0]","[0.0, 3.4398683510517003e-06, 0.0, 0.0, 0.0, 0.0, 0.0, 0.0, 0.0, 0.0]","[0.0, 0.0, 1.1530351912369952e-05, 0.0, 0.0, 0.0, 0.0, 0.0, 0.0, 0.0]","[0.0, 0.0, 0.0, 2.390203690083581e-06, 0.0, 0.0, 0.0, 0.0, 0.0, 0.0]","[0.0, 0.0, 0.0, 0.0, 9.891946319839917e-06, 0.0, 0.0, 0.0, 0.0, 0.0]","[0.0, 0.0, 0.0, 0.0, 0.0, 5.917629096074961e-06, 0.0, 0.0, 0.0, 0.0]","[0.0, 0.0, 0.0, 0.0, 0.0, 0.0, 4.812538008991396e-06, 0.0, 0.0, 0.0]","[0.0, 0.0, 0.0, 0.0, 0.0, 0.0, 0.0, 4.044285560667049e-06, 0.0, 0.0]","[0.0, 0.0, 0.0, 0.0, 0.0, 0.0, 0.0, 0.0, 4.870602424489334e-06, 0.0]","[0.0, 0.0, 0.0, 0.0, 0.0, 0.0, 0.0, 0.0, 0.0, 4.343526143202325e-06]"
2,0,1,fixed,fixed,"[8.283571872880202e-08, 0.0, 0.0, 0.0, 0.0, 0.0, 0.0, 0.0, 0.0, 0.0]","[0.0, 4.0493162600796495e-07, 0.0, 0.0, 0.0, 0.0, 0.0, 0.0, 0.0, 0.0]","[0.0, 0.0, 1.1961202517341007e-07, 0.0, 0.0, 0.0, 0.0, 0.0, 0.0, 0.0]","[0.0, 0.0, 0.0, 2.1670142302809836e-07, 0.0, 0.0, 0.0, 0.0, 0.0, 0.0]","[0.0, 0.0, 0.0, 0.0, 4.0288912714459e-05, 0.0, 0.0, 0.0, 0.0, 0.0]","[0.0, 0.0, 0.0, 0.0, 0.0, 1.1747618344770672e-07, 0.0, 0.0, 0.0, 0.0]","[0.0, 0.0, 0.0, 0.0, 0.0, 0.0, 1.1350719830716116e-07, 0.0, 0.0, 0.0]","[0.0, 0.0, 0.0, 0.0, 0.0, 0.0, 0.0, 1.5083493565271056e-07, 0.0, 0.0]","[0.0, 0.0, 0.0, 0.0, 0.0, 0.0, 0.0, 0.0, 4.6614317739113176e-08, 0.0]","[0.0, 0.0, 0.0, 0.0, 0.0, 0.0, 0.0, 0.0, 0.0, 1.6517786207259633e-05]"
2,0,0.3,fixed,fixed,"[1.083481856767321e-05, 0.0, 0.0, 0.0, 0.0, 0.0, 0.0, 0.0, 0.0, 0.0]","[0.0, 3.956839009333635e-06, 0.0, 0.0, 0.0, 0.0, 0.0, 0.0, 0.0, 0.0]","[0.0, 0.0, 4.7813587116252165e-06, 0.0, 0.0, 0.0, 0.0, 0.0, 0.0, 0.0]","[0.0, 0.0, 0.0, 4.07848710892722e-06, 0.0, 0.0, 0.0, 0.0, 0.0, 0.0]","[0.0, 0.0, 0.0, 0.0, 6.817281246185303e-06, 0.0, 0.0, 0.0, 0.0, 0.0]","[0.0, 0.0, 0.0, 0.0, 0.0, 3.225874934287276e-06, 0.0, 0.0, 0.0, 0.0]","[0.0, 0.0, 0.0, 0.0, 0.0, 0.0, 3.9054916669556405e-06, 0.0, 0.0, 0.0]","[0.0, 0.0, 0.0, 0.0, 0.0, 0.0, 0.0, 3.678850362121011e-06, 0.0, 0.0]","[0.0, 0.0, 0.0, 0.0, 0.0, 0.0, 0.0, 0.0, 4.305240963731194e-06, 0.0]","[0.0, 0.0, 0.0, 0.0, 0.0, 0.0, 0.0, 0.0, 0.0, 3.245881543989526e-06]"
2,0,0.1,fixed,fixed,"[9.87748626357643e-06, 0.0, 0.0, 0.0, 0.0, 0.0, 0.0, 0.0, 0.0, 0.0]","[0.0, 6.9182883635221515e-06, 0.0, 0.0, 0.0, 0.0, 0.0, 0.0, 0.0, 0.0]","[0.0, 0.0, 9.053902431332972e-06, 0.0, 0.0, 0.0, 0.0, 0.0, 0.0, 0.0]","[0.0, 0.0, 0.0, 1.3054608416496194e-06, 0.0, 0.0, 0.0, 0.0, 0.0, 0.0]","[0.0, 0.0, 0.0, 0.0, 9.806526577449404e-06, 0.0, 0.0, 0.0, 0.0, 0.0]","[0.0, 0.0, 0.0, 0.0, 0.0, 5.083988071419299e-06, 0.0, 0.0, 0.0, 0.0]","[0.0, 0.0, 0.0, 0.0, 0.0, 0.0, 6.974432380957296e-06, 0.0, 0.0, 0.0]","[0.0, 0.0, 0.0, 0.0, 0.0, 0.0, 0.0, 2.042723735939944e-06, 0.0, 0.0]","[0.0, 0.0, 0.0, 0.0, 0.0, 0.0, 0.0, 0.0, 7.682537216169294e-06, 0.0]","[0.0, 0.0, 0.0, 0.0, 0.0, 0.0, 0.0, 0.0, 0.0, 5.588484782492742e-06]"
2,0,0.03,fixed,fixed,"[5.310604592523305e-06, 0.0, 0.0, 0.0, 0.0, 0.0, 0.0, 0.0, 0.0, 0.0]","[0.0, 3.1050799407239538e-06, 0.0, 0.0, 0.0, 0.0, 0.0, 0.0, 0.0, 0.0]","[0.0, 0.0, 1.1434551652200753e-06, 0.0, 0.0, 0.0, 0.0, 0.0, 0.0, 0.0]","[0.0, 0.0, 0.0, 3.4426243473717477e-06, 0.0, 0.0, 0.0, 0.0, 0.0, 0.0]","[0.0, 0.0, 0.0, 0.0, 7.166991963458713e-06, 0.0, 0.0, 0.0, 0.0, 0.0]","[0.0, 0.0, 0.0, 0.0, 0.0, 4.70823897558148e-06, 0.0, 0.0, 0.0, 0.0]","[0.0, 0.0, 0.0, 0.0, 0.0, 0.0, 4.474836714507546e-06, 0.0, 0.0, 0.0]","[0.0, 0.0, 0.0, 0.0, 0.0, 0.0, 0.0, 1.389096723869443e-06, 0.0, 0.0]","[0.0, 0.0, 0.0, 0.0, 0.0, 0.0, 0.0, 0.0, 4.816152340936242e-06, 0.0]","[0.0, 0.0, 0.0, 0.0, 0.0, 0.0, 0.0, 0.0, 0.0, 3.976600964961108e-06]"
2,0,0.01,fixed,fixed,"[8.419589903496671e-06, 0.0, 0.0, 0.0, 0.0, 0.0, 0.0, 0.0, 0.0, 0.0]","[0.0, 1.8986305803991854e-05, 0.0, 0.0, 0.0, 0.0, 0.0, 0.0, 0.0, 0.0]","[0.0, 0.0, 1.005230296868831e-05, 0.0, 0.0, 0.0, 0.0, 0.0, 0.0, 0.0]","[0.0, 0.0, 0.0, 6.905300324433483e-06, 0.0, 0.0, 0.0, 0.0, 0.0, 0.0]","[0.0, 0.0, 0.0, 0.0, 8.205007361539174e-06, 0.0, 0.0, 0.0, 0.0, 0.0]","[0.0, 0.0, 0.0, 0.0, 0.0, 1.3678479263035115e-05, 0.0, 0.0, 0.0, 0.0]","[0.0, 0.0, 0.0, 0.0, 0.0, 0.0, 1.3618122466141358e-05, 0.0, 0.0, 0.0]","[0.0, 0.0, 0.0, 0.0, 0.0, 0.0, 0.0, 1.4114884834270924e-05, 0.0, 0.0]","[0.0, 0.0, 0.0, 0.0, 0.0, 0.0, 0.0, 0.0, 5.875554506928893e-06, 0.0]","[0.0, 0.0, 0.0, 0.0, 0.0, 0.0, 0.0, 0.0, 0.0, 1.1868602996401023e-05]"
2,0,0.003,fixed,fixed,"[3.208190537407063e-05, 0.0, 0.0, 0.0, 0.0, 0.0, 0.0, 0.0, 0.0, 0.0]","[0.0, 5.710215918952599e-05, 0.0, 0.0, 0.0, 0.0, 0.0, 0.0, 0.0, 0.0]","[0.0, 0.0, 4.007871393696405e-05, 0.0, 0.0, 0.0, 0.0, 0.0, 0.0, 0.0]","[0.0, 0.0, 0.0, 1.4350705896504223e-05, 0.0, 0.0, 0.0, 0.0, 0.0, 0.0]","[0.0, 0.0, 0.0, 0.0, 2.951311762444675e-05, 0.0, 0.0, 0.0, 0.0, 0.0]","[0.0, 0.0, 0.0, 0.0, 0.0, 2.234322346339468e-05, 0.0, 0.0, 0.0, 0.0]","[0.0, 0.0, 0.0, 0.0, 0.0, 0.0, 2.775963002932258e-05, 0.0, 0.0, 0.0]","[0.0, 0.0, 0.0, 0.0, 0.0, 0.0, 0.0, 3.0128929211059585e-05, 0.0, 0.0]","[0.0, 0.0, 0.0, 0.0, 0.0, 0.0, 0.0, 0.0, 1.1716110748238862e-05, 0.0]","[0.0, 0.0, 0.0, 0.0, 0.0, 0.0, 0.0, 0.0, 0.0, 2.1861547793378122e-05]"
2,0,0.001,fixed,fixed,"[6.314562051557004e-05, 0.0, 0.0, 0.0, 0.0, 0.0, 0.0, 0.0, 0.0, 0.0]","[0.0, 6.0086527810199186e-05, 0.0, 0.0, 0.0, 0.0, 0.0, 0.0, 0.0, 0.0]","[0.0, 0.0, 6.754566129529849e-05, 0.0, 0.0, 0.0, 0.0, 0.0, 0.0, 0.0]","[0.0, 0.0, 0.0, 0.00044139419333077967, 0.0, 0.0, 0.0, 0.0, 0.0, 0.0]","[0.0, 0.0, 0.0, 0.0, 2.4853103241184726e-05, 0.0, 0.0, 0.0, 0.0, 0.0]","[0.0, 0.0, 0.0, 0.0, 0.0, 3.5921439121011645e-05, 0.0, 0.0, 0.0, 0.0]","[0.0, 0.0, 0.0, 0.0, 0.0, 0.0, 0.00010706877219490707, 0.0, 0.0, 0.0]","[0.0, 0.0, 0.0, 0.0, 0.0, 0.0, 0.0, 4.2758110794238746e-05, 0.0, 0.0]","[0.0, 0.0, 0.0, 0.0, 0.0, 0.0, 0.0, 0.0, 8.86869165697135e-05, 0.0]","[0.0, 0.0, 0.0, 0.0, 0.0, 0.0, 0.0, 0.0, 0.0, 3.667250712169334e-05]"
1,0.2,10,fixed,fixed,"[0.7368358969688416, 0.6332939267158508, 0.6288769841194153, 0.6296412944793701, 0.6293072700500488, 0.6293972730636597, 0.6286324858665466, 0.6303631663322449, 0.6295207142829895, 0.6288179159164429]","[0.6260544657707214, 0.7728759050369263, 0.6261787414550781, 0.6264001727104187, 0.6260607838630676, 0.6263779401779175, 0.6255799531936646, 0.6273441314697266, 0.6260551810264587, 0.6249841451644897]","[0.6262945532798767, 0.6257716417312622, 0.7712148427963257, 0.6268664002418518, 0.6261367201805115, 0.626934289932251, 0.6255486607551575, 0.6271371841430664, 0.6264351606369019, 0.6253843307495117]","[0.6266833543777466, 0.6271969079971313, 0.6270375847816467, 0.7629312872886658, 0.6275831460952759, 0.6271311640739441, 0.6268635392189026, 0.6280034780502319, 0.6269329190254211, 0.6264289617538452]","[0.6275864839553833, 0.6266216039657593, 0.6274160146713257, 0.6298936009407043, 0.7594195008277893, 0.6278570294380188, 0.6263090968132019, 0.6277428269386292, 0.6275680661201477, 0.6262184977531433]","[0.6258528828620911, 0.6253283619880676, 0.6259275078773499, 0.6261496543884277, 0.6259986758232117, 0.7755042314529419, 0.6249290704727173, 0.6264931559562683, 0.6262909770011902, 0.6257017254829407]","[0.6282902359962463, 0.6283846497535706, 0.6286208629608154, 0.6297707557678223, 0.6291224360466003, 0.6289359927177429, 0.7393133640289307, 0.6341947317123413, 0.6293790936470032, 0.629149317741394]","[0.6251402497291565, 0.6242751479148865, 0.625193178653717, 0.6254772543907166, 0.6251857876777649, 0.6254872679710388, 0.624496579170227, 0.7836206555366516, 0.6254798769950867, 0.6247657537460327]","[0.6354092359542847, 0.6303706765174866, 0.6318140625953674, 0.6318996548652649, 0.6317196488380432, 0.6362847089767456, 0.6310597062110901, 0.6330808997154236, 0.7109633684158325, 0.6306530833244324]","[0.6296851634979248, 0.6287387013435364, 0.6292096376419067, 0.6331576704978943, 0.6284165978431702, 0.6291642785072327, 0.6283618807792664, 0.6301403045654297, 0.6292699575424194, 0.7387298345565796]"
1,0.2,3,fixed,fixed,"[0.7517997622489929, 0.631621241569519, 0.6278489828109741, 0.6278376579284668, 0.6275638341903687, 0.6272211074829102, 0.6274434328079224, 0.6283009052276611, 0.6283532381057739, 0.6279941201210022]","[0.6248373985290527, 0.7884862422943115, 0.6250813007354736, 0.6241325736045837, 0.6244003772735596, 0.6241300702095032, 0.6244336366653442, 0.6251355409622192, 0.6250980496406555, 0.6239807605743408]","[0.6248921751976013, 0.624418318271637, 0.7882665991783142, 0.6246074438095093, 0.6243932843208313, 0.6246820092201233, 0.6242053508758545, 0.6248670816421509, 0.6251433491706848, 0.6241940855979919]","[0.6259217858314514, 0.6261710524559021, 0.6262021660804749, 0.7725277543067932, 0.6264557838439941, 0.6255168914794922, 0.6262832283973694, 0.626402735710144, 0.6262888312339783, 0.6260359883308411]","[0.6265469789505005, 0.6261289119720459, 0.6263746619224548, 0.6280850768089294, 0.7716514468193054, 0.6257116794586182, 0.6254055500030518, 0.6258707046508789, 0.6266406774520874, 0.6254203915596008]","[0.6250305771827698, 0.6246842741966248, 0.6254124641418457, 0.6248549222946167, 0.624757707118988, 0.784024178981781, 0.6246906518936157, 0.6252736449241638, 0.6252766847610474, 0.625137984752655]","[0.6268000602722168, 0.6272177696228027, 0.6274276971817017, 0.6278756856918335, 0.6277556419372559, 0.6270366311073303, 0.7545238733291626, 0.6317273378372192, 0.6281046867370605, 0.6278693079948425]","[0.6247301697731018, 0.6240723729133606, 0.6246765851974487, 0.624534010887146, 0.6239911317825317, 0.6241912245750427, 0.6242254972457886, 0.7895786762237549, 0.6252095699310303, 0.624630331993103]","[0.6339928507804871, 0.6294263601303101, 0.6306068301200867, 0.6300007104873657, 0.6298840045928955, 0.6336182355880737, 0.6297498345375061, 0.6306681036949158, 0.7267390489578247, 0.6294093132019043]","[0.6281113028526306, 0.6271504163742065, 0.6275563836097717, 0.6309596300125122, 0.6268426179885864, 0.6268572807312012, 0.6269382834434509, 0.6276944875717163, 0.6280634999275208, 0.7562304735183716]"
1,0.2,1,fixed,fixed,"[0.763475239276886, 0.6298796534538269, 0.6263819932937622, 0.6264111995697021, 0.6264123320579529, 0.626011312007904, 0.6265551447868347, 0.6268430352210999, 0.6276272535324097, 0.6274929046630859]","[0.6237459778785706, 0.7988015413284302, 0.623758852481842, 0.6224570870399475, 0.6235459446907043, 0.6230625510215759, 0.6238017082214355, 0.6235830783843994, 0.6247953772544861, 0.6235148906707764]","[0.6236833930015564, 0.6228379011154175, 0.799580454826355, 0.6230084300041199, 0.6235237121582031, 0.6236779689788818, 0.623444139957428, 0.623207151889801, 0.6245749592781067, 0.6236090064048767]","[0.6247302889823914, 0.624234139919281, 0.6245871186256409, 0.7833260893821716, 0.6255788803100586, 0.6245274543762207, 0.6256618499755859, 0.6251003742218018, 0.6257447600364685, 0.6256248950958252]","[0.6249229311943054, 0.6246251463890076, 0.6243988871574402, 0.6261582970619202, 0.787247359752655, 0.6240373253822327, 0.6243061423301697, 0.6238411664962769, 0.6256583333015442, 0.6244492530822754]","[0.6233352422714233, 0.6229897737503052, 0.6236735582351685, 0.623152494430542, 0.6233241558074951, 0.7989616990089417, 0.6239669919013977, 0.6236028075218201, 0.6239201426506042, 0.6241129040718079]","[0.624937117099762, 0.6253789663314819, 0.6255109906196594, 0.6260730624198914, 0.626695454120636, 0.625818133354187, 0.7702026963233948, 0.6297150254249573, 0.6269872188568115, 0.6266282796859741]","[0.6237567067146301, 0.622866690158844, 0.623246967792511, 0.6234927773475647, 0.6229143738746643, 0.6233863830566406, 0.6237800121307373, 0.7983219623565674, 0.6249057650566101, 0.6243432760238647]","[0.6320980787277222, 0.6275911331176758, 0.6285704970359802, 0.6280887126922607, 0.628250241279602, 0.6315290927886963, 0.6283503174781799, 0.628639817237854, 0.7442440390586853, 0.6280987858772278]","[0.626139223575592, 0.6251962184906006, 0.625154972076416, 0.6288284659385681, 0.6255494356155396, 0.625206470489502, 0.6255049109458923, 0.6255755424499512, 0.6269871592521667, 0.7741305232048035]"
1,0.2,0.3,fixed,fixed,"[0.7779538035392761, 0.6287295818328857, 0.6252890229225159, 0.6248741149902344, 0.6250888109207153, 0.6244616508483887, 0.6255010366439819, 0.6249882578849792, 0.6257588267326355, 0.6260848045349121]","[0.6223519444465637, 0.8164862990379333, 0.6224268078804016, 0.6202883720397949, 0.6221358776092529, 0.6212716698646545, 0.6226207613945007, 0.6212513446807861, 0.6229655146598816, 0.6217595338821411]","[0.6223337054252625, 0.621627151966095, 0.8162901997566223, 0.621077835559845, 0.6222600340843201, 0.6221120953559875, 0.6222956776618958, 0.620929479598999, 0.6226418614387512, 0.6218962073326111]","[0.6237604022026062, 0.6230301260948181, 0.6234875917434692, 0.7951151728630066, 0.6246702075004578, 0.6233384609222412, 0.625015377998352, 0.6235413551330566, 0.6241986155509949, 0.6244484782218933]","[0.6235707998275757, 0.6239026188850403, 0.6229890584945679, 0.6243128776550293, 0.8034435510635376, 0.6222149729728699, 0.6232320666313171, 0.6216065287590027, 0.6237243413925171, 0.6227632164955139]","[0.6220372319221497, 0.6222018599510193, 0.6226248741149902, 0.6216555833816528, 0.6220346093177795, 0.812935471534729, 0.6233928799629211, 0.62185138463974, 0.6217384338378906, 0.6224982738494873]","[0.6233389973640442, 0.6243141889572144, 0.6241520643234253, 0.6243435740470886, 0.6256459355354309, 0.624442458152771, 0.7864142060279846, 0.6274896264076233, 0.6249110102653503, 0.6246652603149414]","[0.623217761516571, 0.6226059198379517, 0.6225457787513733, 0.6226943135261536, 0.6220202445983887, 0.6225953102111816, 0.6235222816467285, 0.8054252862930298, 0.6238128542900085, 0.6235038638114929]","[0.6312127709388733, 0.6272745132446289, 0.6278362274169922, 0.6269941926002502, 0.627372682094574, 0.6300293803215027, 0.6277135610580444, 0.6271429657936096, 0.753925085067749, 0.6268107295036316]","[0.6250763535499573, 0.6245085000991821, 0.6240316033363342, 0.6275333166122437, 0.6246355772018433, 0.6240500807762146, 0.6244104504585266, 0.6238393187522888, 0.625407874584198, 0.7861620187759399]"
1,0.2,0.1,fixed,fixed,"[0.7924214005470276, 0.6271538138389587, 0.6244949698448181, 0.6233604550361633, 0.6224766373634338, 0.6227904558181763, 0.6244146227836609, 0.6238897442817688, 0.624374270439148, 0.6251834630966187]","[0.6212707161903381, 0.8298847079277039, 0.6219404339790344, 0.6184539794921875, 0.6200107932090759, 0.6196687817573547, 0.6217169165611267, 0.6199864745140076, 0.6219282746315002, 0.6208217144012451]","[0.6207346320152283, 0.6197382807731628, 0.8361760973930359, 0.6189193725585938, 0.6193568706512451, 0.6201722621917725, 0.6208621263504028, 0.6191565990447998, 0.6209403872489929, 0.6204386353492737]","[0.6227759718894958, 0.6213840842247009, 0.6227386593818665, 0.8070517778396606, 0.6223738193511963, 0.6220105886459351, 0.6243189573287964, 0.622721254825592, 0.6231187582015991, 0.6237621903419495]","[0.6244752407073975, 0.6248704195022583, 0.6255277395248413, 0.6248023509979248, 0.792858898639679, 0.6226577162742615, 0.6246282458305359, 0.6221508383750916, 0.6246324777603149, 0.6238678693771362]","[0.6208235025405884, 0.6210686564445496, 0.6223748326301575, 0.6202636361122131, 0.6196447610855103, 0.8253536224365234, 0.6228665709495544, 0.6209376454353333, 0.6201230883598328, 0.6214728951454163]","[0.6217733025550842, 0.6228523850440979, 0.6233572363853455, 0.6226670145988464, 0.6230940818786621, 0.622973620891571, 0.8024073839187622, 0.6260499954223633, 0.6233481168746948, 0.6232395172119141]","[0.6221135854721069, 0.6213511228561401, 0.6219650506973267, 0.6213510632514954, 0.6190557479858398, 0.6211141347885132, 0.6226638555526733, 0.8192184567451477, 0.6226356625556946, 0.6226039528846741]","[0.6299616098403931, 0.6261626482009888, 0.6272006630897522, 0.6255545616149902, 0.6248130798339844, 0.6280405521392822, 0.6266756057739258, 0.6260337233543396, 0.7676423192024231, 0.6256618499755859]","[0.6236258149147034, 0.6230044364929199, 0.623249351978302, 0.6258711814880371, 0.6219854354858398, 0.6223816275596619, 0.6228940486907959, 0.6224688291549683, 0.623921811580658, 0.8023349046707153]"
1,0.2,0.03,fixed,fixed,"[0.7988395094871521, 0.6260047554969788, 0.6238044500350952, 0.622752845287323, 0.6219927668571472, 0.6220026016235352, 0.6234670281410217, 0.6236236691474915, 0.6237532496452332, 0.6251043677330017]","[0.619499683380127, 0.8416318297386169, 0.6208513379096985, 0.6170573234558105, 0.619279682636261, 0.6184800863265991, 0.6202458739280701, 0.6190860271453857, 0.6211839318275452, 0.6202377676963806]","[0.6187034249305725, 0.6180644631385803, 0.8505184054374695, 0.617456316947937, 0.618468701839447, 0.6189042329788208, 0.6193119883537292, 0.6180056929588318, 0.6197907328605652, 0.6195929050445557]","[0.6207290291786194, 0.6193238496780396, 0.6211842894554138, 0.8212125897407532, 0.621444821357727, 0.6207240223884583, 0.6228512525558472, 0.6218917369842529, 0.6219604015350342, 0.6230574250221252]","[0.6221122741699219, 0.623353898525238, 0.623727023601532, 0.6230951547622681, 0.8106437921524048, 0.6208055019378662, 0.6225038170814514, 0.6207138895988464, 0.6231523752212524, 0.6227195262908936]","[0.6185837984085083, 0.6195554733276367, 0.6210039258003235, 0.61897212266922, 0.6184701919555664, 0.8404554724693298, 0.6212549805641174, 0.620050847530365, 0.6184666156768799, 0.6204651594161987]","[0.6199057102203369, 0.6217345595359802, 0.6223482489585876, 0.621815025806427, 0.6228304505348206, 0.6223056316375732, 0.811887264251709, 0.625361442565918, 0.6224673390388489, 0.6225554943084717]","[0.6200103163719177, 0.6197443008422852, 0.6203210949897766, 0.6201351881027222, 0.6176556944847107, 0.6197379231452942, 0.620777428150177, 0.8348714113235474, 0.6214432120323181, 0.621748685836792]","[0.6277559399604797, 0.6247421503067017, 0.6257662773132324, 0.6242867708206177, 0.6236717104911804, 0.6262020468711853, 0.6248741149902344, 0.625022828578949, 0.7822949290275574, 0.6246020793914795]","[0.6211948990821838, 0.6211670637130737, 0.6213793754577637, 0.6243549585342407, 0.6207599639892578, 0.6208363771438599, 0.6203265190124512, 0.6211708188056946, 0.6224392652511597, 0.8207064867019653]"
1,0.2,0.01,fixed,fixed,"[0.8147901892662048, 0.6240975260734558, 0.6222428679466248, 0.6214998364448547, 0.6209020614624023, 0.6203773021697998, 0.6215591430664062, 0.6222866773605347, 0.6222726106643677, 0.6234161853790283]","[0.6187692284584045, 0.8537763953208923, 0.6196635365486145, 0.6157888174057007, 0.6187142133712769, 0.6172264218330383, 0.6185869574546814, 0.6178880333900452, 0.6203516721725464, 0.6188185214996338]","[0.6177966594696045, 0.6164888143539429, 0.8642506003379822, 0.6162053942680359, 0.617830216884613, 0.6176549792289734, 0.6176580190658569, 0.6166412830352783, 0.6186379194259644, 0.61799556016922]","[0.6196373701095581, 0.6171935200691223, 0.6194469332695007, 0.8367968797683716, 0.620596170425415, 0.6192870736122131, 0.6211103796958923, 0.6206783056259155, 0.6206296682357788, 0.6214316487312317]","[0.6206796765327454, 0.6217406392097473, 0.6217186450958252, 0.621406078338623, 0.8303539156913757, 0.618779182434082, 0.6200826168060303, 0.6188694834709167, 0.6214752197265625, 0.6206256747245789]","[0.617443323135376, 0.618114173412323, 0.61959308385849, 0.6178662180900574, 0.6175198554992676, 0.8552097678184509, 0.619513988494873, 0.6189240217208862, 0.6167828440666199, 0.6186806559562683]","[0.619225025177002, 0.6207764148712158, 0.6213870644569397, 0.6212366223335266, 0.6228779554367065, 0.6217179894447327, 0.8197988867759705, 0.6245207786560059, 0.6216457486152649, 0.6211824417114258]","[0.6191794872283936, 0.6183839440345764, 0.6188114881515503, 0.6192783117294312, 0.6166544556617737, 0.6185286045074463, 0.6189362406730652, 0.8480559587478638, 0.6203956604003906, 0.6202899813652039]","[0.62667316198349, 0.6234174370765686, 0.6243156790733337, 0.6232286691665649, 0.6227786540985107, 0.6243820190429688, 0.6229674816131592, 0.6237960457801819, 0.7966696619987488, 0.622789204120636]","[0.6204431653022766, 0.6199827790260315, 0.6200507283210754, 0.6236045360565186, 0.6203389763832092, 0.6198650002479553, 0.6182120442390442, 0.6202130913734436, 0.6215083003044128, 0.8319184184074402]"
1,0.2,0.003,fixed,fixed,"[0.8207966089248657, 0.6233190298080444, 0.6214536428451538, 0.6211126446723938, 0.6202569007873535, 0.6197947859764099, 0.6211665868759155, 0.6221571564674377, 0.6212314963340759, 0.6230208873748779]","[0.6167144775390625, 0.8686015009880066, 0.6181969046592712, 0.6143360137939453, 0.6175429821014404, 0.6159641146659851, 0.6173920631408691, 0.6168473958969116, 0.618906557559967, 0.6176418662071228]","[0.6158300042152405, 0.6152552366256714, 0.877395749092102, 0.6150345802307129, 0.6168504357337952, 0.616661787033081, 0.6167325377464294, 0.6156986951828003, 0.6171379089355469, 0.6169052124023438]","[0.6174206137657166, 0.615341067314148, 0.6176312565803528, 0.8528047800064087, 0.6193410754203796, 0.6180409789085388, 0.6200329661369324, 0.6198203563690186, 0.6188865303993225, 0.6202479004859924]","[0.6184341311454773, 0.6207152009010315, 0.6199437975883484, 0.6200438141822815, 0.8465846180915833, 0.617256760597229, 0.6186376214027405, 0.6176934838294983, 0.6196976900100708, 0.6192857027053833]","[0.6150498986244202, 0.6168208122253418, 0.6179748177528381, 0.6166464686393738, 0.6160352826118469, 0.8721146583557129, 0.6183086633682251, 0.6180249452590942, 0.6145597100257874, 0.6172101497650146]","[0.6169343590736389, 0.6196091175079346, 0.6198614239692688, 0.620186984539032, 0.622032880783081, 0.6208351254463196, 0.8340513110160828, 0.623550534248352, 0.6199268698692322, 0.6197665333747864]","[0.6169681549072266, 0.617044985294342, 0.6169679760932922, 0.6181799173355103, 0.6149925589561462, 0.6172545552253723, 0.6175040602684021, 0.8647642135620117, 0.6186802983283997, 0.6190177202224731]","[0.6247797608375549, 0.6226828098297119, 0.6230998635292053, 0.6224985718727112, 0.6217933893203735, 0.6230681538581848, 0.6220383048057556, 0.6232388615608215, 0.8073933720588684, 0.6217327117919922]","[0.6182425618171692, 0.6187513470649719, 0.618319571018219, 0.6225440502166748, 0.6191876530647278, 0.6187602877616882, 0.6164389252662659, 0.6192868947982788, 0.6198411583900452, 0.8473035097122192]"
1,0.2,0.001,fixed,fixed,"[0.8339592814445496, 0.6216120719909668, 0.6202738881111145, 0.6198163628578186, 0.6196780204772949, 0.6181926727294922, 0.6201967000961304, 0.6210389137268066, 0.6195844411849976, 0.6219290494918823]","[0.6157097816467285, 0.8804106116294861, 0.6171879172325134, 0.6128234267234802, 0.6172862648963928, 0.6145304441452026, 0.6164678335189819, 0.6156671643257141, 0.6177024841308594, 0.6166179180145264]","[0.6145136952400208, 0.6135414838790894, 0.8925355076789856, 0.6134042143821716, 0.6163853406906128, 0.6150973439216614, 0.6156780123710632, 0.6142166256904602, 0.6154801845550537, 0.6155679225921631]","[0.6162388920783997, 0.6133941411972046, 0.6162589192390442, 0.8660016059875488, 0.6189852356910706, 0.616608202457428, 0.619210958480835, 0.6188065409660339, 0.6173703074455261, 0.6192017197608948]","[0.616499125957489, 0.6188687086105347, 0.6178880929946899, 0.6178824305534363, 0.8690436482429504, 0.6148245930671692, 0.6167251467704773, 0.6156385540962219, 0.6174228191375732, 0.6173591017723083]","[0.6137704253196716, 0.6155098080635071, 0.6168779730796814, 0.615429699420929, 0.6155291199684143, 0.8850387930870056, 0.6174378991127014, 0.6170492768287659, 0.6126437783241272, 0.6159563064575195]","[0.6154285073280334, 0.6180949211120605, 0.6185280084609985, 0.6188111901283264, 0.6218359470367432, 0.6195144057273865, 0.848427951335907, 0.6221744418144226, 0.6181847453117371, 0.6182378530502319]","[0.6158463954925537, 0.6156648993492126, 0.6156224608421326, 0.6170600652694702, 0.6142852902412415, 0.6158485412597656, 0.616382896900177, 0.8777559399604797, 0.6172463893890381, 0.6179376840591431]","[0.6236960887908936, 0.6216261386871338, 0.6221011281013489, 0.6214672923088074, 0.6214821338653564, 0.6213436126708984, 0.6211395859718323, 0.6223007440567017, 0.8180656433105469, 0.6205886006355286]","[0.6169154644012451, 0.6172630190849304, 0.6168705821037292, 0.621246337890625, 0.6187744140625, 0.6173080205917358, 0.6147623062133789, 0.6180436015129089, 0.6182395815849304, 0.8617600798606873]"
0,0.2,10,fixed,fixed,"[0.7606130838394165, 0.6296229362487793, 0.6270106434822083, 0.6266976594924927, 0.6265835165977478, 0.6272076368331909, 0.6283653378486633, 0.627013087272644, 0.6274871230125427, 0.6261339783668518]","[0.6296063661575317, 0.7408825755119324, 0.6288281083106995, 0.6283396482467651, 0.6279322504997253, 0.6338489055633545, 0.6303371787071228, 0.6286038756370544, 0.6288397312164307, 0.6280989646911621]","[0.6268518567085266, 0.6260761022567749, 0.775932788848877, 0.6253466606140137, 0.6253500580787659, 0.6260502338409424, 0.6268794536590576, 0.6256434321403503, 0.6259455680847168, 0.6242344975471497]","[0.6281335949897766, 0.6270920634269714, 0.6277362704277039, 0.7572223544120789, 0.6268348097801208, 0.6280688643455505, 0.6305716633796692, 0.6269150376319885, 0.6276122331619263, 0.62629234790802]","[0.6303931474685669, 0.6292669177055359, 0.6334673166275024, 0.6285802721977234, 0.732704222202301, 0.6302921772003174, 0.6309477090835571, 0.6294824481010437, 0.6309120655059814, 0.628373920917511]","[0.6290110945701599, 0.6277260184288025, 0.6276570558547974, 0.6275460720062256, 0.6280473470687866, 0.7507025599479675, 0.6290944218635559, 0.6277885437011719, 0.628013551235199, 0.6300866007804871]","[0.6275700330734253, 0.6269376873970032, 0.6266003847122192, 0.6263514757156372, 0.6260434985160828, 0.6273677945137024, 0.7651806473731995, 0.6268945336341858, 0.628844141960144, 0.6253975629806519]","[0.6278094053268433, 0.6273432374000549, 0.6268614530563354, 0.6264356970787048, 0.6264081001281738, 0.6273924708366394, 0.6285884976387024, 0.7629083395004272, 0.6272317171096802, 0.625900387763977]","[0.6267176866531372, 0.6263440847396851, 0.6256920695304871, 0.6256559491157532, 0.6254604458808899, 0.6264073252677917, 0.6269627213478088, 0.6259677410125732, 0.77405846118927, 0.6247897148132324]","[0.6279146075248718, 0.6269983053207397, 0.6264797449111938, 0.6262139678001404, 0.6259078979492188, 0.6273017525672913, 0.6279771327972412, 0.6267940402030945, 0.6270861625671387, 0.7643219232559204]"
0,0.2,3,fixed,fixed,"[0.7719732522964478, 0.6285579204559326, 0.6254215240478516, 0.6258268356323242, 0.6263546347618103, 0.6258856058120728, 0.6268032789230347, 0.6256735920906067, 0.6260867118835449, 0.6253429651260376]","[0.6275734305381775, 0.7562286257743835, 0.627285897731781, 0.6269840598106384, 0.6274774670600891, 0.6321821808815002, 0.6283757090568542, 0.626953125, 0.6267085075378418, 0.6268929243087769]","[0.625252902507782, 0.6254558563232422, 0.7870411276817322, 0.6241959929466248, 0.6251291036605835, 0.6247707605361938, 0.6252782344818115, 0.6243177056312561, 0.6246240139007568, 0.6235107779502869]","[0.6263417601585388, 0.6258195042610168, 0.6257602572441101, 0.7724143862724304, 0.626503586769104, 0.6262941956520081, 0.6283853650093079, 0.6254398226737976, 0.6257096529006958, 0.6252874135971069]","[0.6284477114677429, 0.6279394626617432, 0.6311255693435669, 0.6270098686218262, 0.7519029974937439, 0.627720832824707, 0.6284868121147156, 0.6277657747268677, 0.6287326812744141, 0.6268331408500671]","[0.6276811361312866, 0.6269974708557129, 0.6263427734375, 0.6267220377922058, 0.6272837519645691, 0.7621129155158997, 0.6273331046104431, 0.6264268159866333, 0.626428484916687, 0.6295351982116699]","[0.6263442039489746, 0.6262338161468506, 0.6254090070724487, 0.6254552602767944, 0.6257460713386536, 0.6259802579879761, 0.7742970585823059, 0.6263025403022766, 0.6274133324623108, 0.6249176859855652]","[0.625974178314209, 0.6261968016624451, 0.6250334978103638, 0.6255208253860474, 0.6259046196937561, 0.6255404353141785, 0.6271920800209045, 0.7762960195541382, 0.6256085634231567, 0.625038743019104]","[0.6253843307495117, 0.6251914501190186, 0.6244043111801147, 0.6247055530548096, 0.6253713369369507, 0.6248236298561096, 0.6252340078353882, 0.624918520450592, 0.7854312658309937, 0.6238840222358704]","[0.6257348656654358, 0.625332236289978, 0.6244365572929382, 0.6247719526290894, 0.6251804828643799, 0.6253021359443665, 0.6258291006088257, 0.6250110268592834, 0.6248106360435486, 0.7825881242752075]"
0,0.2,1,fixed,fixed,"[0.7825223803520203, 0.6271461844444275, 0.6249111890792847, 0.6250675916671753, 0.6254366636276245, 0.6248313784599304, 0.6255455017089844, 0.6246970295906067, 0.6243082284927368, 0.6246228814125061]","[0.6257773041725159, 0.7681882381439209, 0.6270990967750549, 0.6259962916374207, 0.6265893578529358, 0.6310392618179321, 0.6269745230674744, 0.625921368598938, 0.6243968605995178, 0.6260136961936951]","[0.6232479810714722, 0.6241007447242737, 0.8028364181518555, 0.6227713227272034, 0.623832106590271, 0.6233722567558289, 0.6235944032669067, 0.6229680776596069, 0.6223989725112915, 0.6224712133407593]","[0.6244438886642456, 0.624113142490387, 0.6245844960212708, 0.7884272336959839, 0.6253962516784668, 0.6247015595436096, 0.6264174580574036, 0.6242405772209167, 0.6232373714447021, 0.6242663860321045]","[0.6270053386688232, 0.6267870664596558, 0.6304166913032532, 0.6260743141174316, 0.765049397945404, 0.6259414553642273, 0.6268532872200012, 0.6269338726997375, 0.6264198422431946, 0.6258863210678101]","[0.6261147260665894, 0.6257046461105347, 0.625980019569397, 0.6257935762405396, 0.6256158947944641, 0.7752594351768494, 0.6256597638130188, 0.625211775302887, 0.6242330074310303, 0.6288373470306396]","[0.624866783618927, 0.6249507069587708, 0.6247801780700684, 0.6244395971298218, 0.6245279312133789, 0.6246291995048523, 0.7859160304069519, 0.6258400082588196, 0.6251810193061829, 0.6242762207984924]","[0.6238296627998352, 0.6244133114814758, 0.6243643164634705, 0.6244275569915771, 0.6244217157363892, 0.6236671805381775, 0.6258087158203125, 0.7921893000602722, 0.6231654286384583, 0.6239579319953918]","[0.6260800361633301, 0.6261122822761536, 0.6277898550033569, 0.6262872815132141, 0.6268956065177917, 0.6261388659477234, 0.626200795173645, 0.6267279982566833, 0.7695063948631287, 0.6257941722869873]","[0.6234751343727112, 0.6232583522796631, 0.6237527132034302, 0.6233809590339661, 0.623703122138977, 0.6235094666481018, 0.6239245533943176, 0.6235299706459045, 0.6217411756515503, 0.8010989427566528]"
0,0.2,0.3,fixed,fixed,"[0.7990785241127014, 0.6256814002990723, 0.6242060661315918, 0.6233617663383484, 0.6244245767593384, 0.6233228445053101, 0.6239223480224609, 0.6227105855941772, 0.6227086782455444, 0.621865451335907]","[0.6243371367454529, 0.784821629524231, 0.6262422204017639, 0.6242477297782898, 0.6257932782173157, 0.6296278834342957, 0.6253938674926758, 0.6240657567977905, 0.6225104928016663, 0.623086154460907]","[0.6219832897186279, 0.6232618093490601, 0.818400502204895, 0.620971143245697, 0.6230112314224243, 0.6220895051956177, 0.6221153736114502, 0.6211788058280945, 0.6210618615150452, 0.6198487877845764]","[0.6235644817352295, 0.6232020854949951, 0.6238441467285156, 0.800818920135498, 0.6250432729721069, 0.6235039830207825, 0.6249337196350098, 0.6228799223899841, 0.6218990683555603, 0.621825098991394]","[0.6259275078773499, 0.6257762908935547, 0.6295300722122192, 0.6243877410888672, 0.7817800045013428, 0.6239044070243835, 0.6250501275062561, 0.6252869367599487, 0.6247603893280029, 0.6231372356414795]","[0.6251871585845947, 0.6248275637626648, 0.6257638335227966, 0.6243880391120911, 0.6243247985839844, 0.7888519763946533, 0.6240907907485962, 0.6234566569328308, 0.6227021813392639, 0.6263904571533203]","[0.6239515542984009, 0.6240066885948181, 0.6245779991149902, 0.6228700876235962, 0.6236090660095215, 0.6232169270515442, 0.7984288334846497, 0.6247586607933044, 0.6237133145332336, 0.6219673156738281]","[0.6227499842643738, 0.623471736907959, 0.624122679233551, 0.6232824921607971, 0.6237396001815796, 0.6222354769706726, 0.6249538660049438, 0.8038319945335388, 0.6219480633735657, 0.6215620636940002]","[0.6251523494720459, 0.6248155236244202, 0.6273725628852844, 0.6247575879096985, 0.6262779831886292, 0.6246243715286255, 0.6246673464775085, 0.6252861618995667, 0.782859742641449, 0.6234323978424072]","[0.6249869465827942, 0.6246810555458069, 0.6273101568222046, 0.6246005892753601, 0.625983715057373, 0.6245641112327576, 0.6250479817390442, 0.6243268251419067, 0.6228645443916321, 0.7852025032043457]"
0,0.2,0.1,fixed,fixed,"[0.8109567761421204, 0.6242234110832214, 0.6223688721656799, 0.6226805448532104, 0.6230422854423523, 0.6219921112060547, 0.6227350831031799, 0.6216367483139038, 0.6217753291130066, 0.6213759779930115]","[0.6226482391357422, 0.7971958518028259, 0.624769926071167, 0.6234019994735718, 0.6245050430297852, 0.628272533416748, 0.624127209186554, 0.6230007410049438, 0.6211694478988647, 0.6225016713142395]","[0.6206115484237671, 0.6224486231803894, 0.8276280760765076, 0.6202165484428406, 0.6218400597572327, 0.6210046410560608, 0.6210921406745911, 0.6203219890594482, 0.6204109787940979, 0.6196299195289612]","[0.6216771602630615, 0.6214169263839722, 0.6215038299560547, 0.8183102011680603, 0.6234390139579773, 0.6216044425964355, 0.6230059266090393, 0.6215508580207825, 0.6203470230102539, 0.6210025548934937]","[0.6248983144760132, 0.6249479055404663, 0.6278350353240967, 0.6239023804664612, 0.7914555072784424, 0.622222900390625, 0.6238594055175781, 0.6247279644012451, 0.6239437460899353, 0.6227932572364807]","[0.6239060759544373, 0.6237307786941528, 0.6242267489433289, 0.6237818002700806, 0.6224390268325806, 0.8006167411804199, 0.622732400894165, 0.6223886013031006, 0.621612012386322, 0.6261653900146484]","[0.6224855780601501, 0.6226456165313721, 0.6228743195533752, 0.6219027042388916, 0.6218970417976379, 0.6215597987174988, 0.8112910389900208, 0.624164879322052, 0.6224889755249023, 0.6215248107910156]","[0.6207627654075623, 0.6217563152313232, 0.6218700408935547, 0.6223813891410828, 0.6219066977500916, 0.6202021241188049, 0.623753011226654, 0.820103108882904, 0.6206163167953491, 0.6208259463310242]","[0.6234998106956482, 0.6229289174079895, 0.6254919171333313, 0.6236558556556702, 0.6246923208236694, 0.6226910352706909, 0.622972846031189, 0.6241588592529297, 0.7985897064208984, 0.6224860548973083]","[0.6226202845573425, 0.6224110722541809, 0.6248054504394531, 0.6231380701065063, 0.6238921284675598, 0.622344970703125, 0.623064398765564, 0.6225990653038025, 0.6208481192588806, 0.8065410852432251]"
0,0.2,0.03,fixed,fixed,"[0.8220207095146179, 0.6227513551712036, 0.6206107139587402, 0.6218132376670837, 0.6219666600227356, 0.6214379072189331, 0.6217555999755859, 0.6200910806655884, 0.621261477470398, 0.6206439137458801]","[0.6209401488304138, 0.8089475631713867, 0.623375654220581, 0.622370183467865, 0.6235235333442688, 0.627693772315979, 0.6230683922767639, 0.6214640736579895, 0.6202492117881775, 0.6216745972633362]","[0.619146466255188, 0.6215459704399109, 0.8369172215461731, 0.6192027926445007, 0.620901346206665, 0.6206220388412476, 0.6202026009559631, 0.6189191937446594, 0.6201054453849792, 0.6190941333770752]","[0.6198968291282654, 0.619743824005127, 0.6193698048591614, 0.8335699439048767, 0.6222676634788513, 0.6206086277961731, 0.6214131712913513, 0.6198762655258179, 0.6193419098854065, 0.6200637817382812]","[0.623600423336029, 0.6238559484481812, 0.625970721244812, 0.6229825615882874, 0.8031558990478516, 0.6210706830024719, 0.6226280927658081, 0.6234478950500488, 0.6232984066009521, 0.6219582557678223]","[0.6220067739486694, 0.6220208406448364, 0.6221699118614197, 0.6223914623260498, 0.6202630400657654, 0.8186957240104675, 0.6209837198257446, 0.6202508807182312, 0.6203435063362122, 0.625098705291748]","[0.6208275556564331, 0.6210977435112, 0.6210771203041077, 0.6205775141716003, 0.6203201413154602, 0.6205076575279236, 0.825345516204834, 0.6229256987571716, 0.6215124726295471, 0.6206668615341187]","[0.6190952062606812, 0.6203656792640686, 0.6200353503227234, 0.6216330528259277, 0.6207191944122314, 0.6192851662635803, 0.6230978965759277, 0.8314769864082336, 0.6200430989265442, 0.6201862692832947]","[0.6214989423751831, 0.6207000613212585, 0.6233611702919006, 0.6220399141311646, 0.6230840682983398, 0.6212060451507568, 0.6211581230163574, 0.6222306489944458, 0.8174981474876404, 0.6209691762924194]","[0.6204051375389099, 0.6202975511550903, 0.622550368309021, 0.621660053730011, 0.6222777366638184, 0.6210730671882629, 0.6214593052864075, 0.6205703616142273, 0.6194230318069458, 0.8251711130142212]"
0,0.2,0.01,fixed,fixed,"[0.8362486958503723, 0.6213124990463257, 0.6190701723098755, 0.6202631592750549, 0.6205188632011414, 0.6202328205108643, 0.620375394821167, 0.6186480522155762, 0.619625449180603, 0.6202106475830078]","[0.619365394115448, 0.8233133554458618, 0.6222401857376099, 0.6206981539726257, 0.6222122311592102, 0.6265066266059875, 0.6216514110565186, 0.6200725436210632, 0.6182501912117004, 0.621188759803772]","[0.6176784038543701, 0.6205816268920898, 0.8505447506904602, 0.6174136996269226, 0.6194965243339539, 0.6194947957992554, 0.618818461894989, 0.6175252795219421, 0.6185839772224426, 0.6187633872032166]","[0.6187856197357178, 0.6186822056770325, 0.6180325150489807, 0.8449873924255371, 0.6213023066520691, 0.6195412874221802, 0.6199989914894104, 0.6188825368881226, 0.6177937984466553, 0.6200018525123596]","[0.6227419972419739, 0.6231458187103271, 0.6246735453605652, 0.6217296123504639, 0.8139630556106567, 0.6196183562278748, 0.6213456988334656, 0.6226189136505127, 0.6218804121017456, 0.6217716932296753]","[0.620759904384613, 0.6209056973457336, 0.6208919882774353, 0.6208811402320862, 0.6182785630226135, 0.833479106426239, 0.6193969249725342, 0.6187784075737, 0.6185154914855957, 0.6248922944068909]","[0.6196302175521851, 0.6199526786804199, 0.6198669672012329, 0.6189402341842651, 0.6187416315078735, 0.6191750764846802, 0.8381972312927246, 0.6221575736999512, 0.6197846531867981, 0.6204773783683777]","[0.617510974407196, 0.6190006136894226, 0.618410587310791, 0.6201944351196289, 0.6191520094871521, 0.6177108883857727, 0.6220332980155945, 0.8461593985557556, 0.6183401346206665, 0.6198377013206482]","[0.6204982399940491, 0.6194148063659668, 0.6223572492599487, 0.6206515431404114, 0.6220129132270813, 0.6199804544448853, 0.6198529005050659, 0.6213143467903137, 0.8286685943603516, 0.6206613779067993]","[0.618132472038269, 0.6180688142776489, 0.6203644275665283, 0.6193509101867676, 0.6201427578926086, 0.6190017461776733, 0.6193050742149353, 0.6184957027435303, 0.6167283654212952, 0.8491014838218689]"
0,0.2,0.003,fixed,fixed,"[0.8546044230461121, 0.6194697022438049, 0.6170080304145813, 0.6183972954750061, 0.6189045310020447, 0.6184989809989929, 0.6186469197273254, 0.6171703338623047, 0.6186941862106323, 0.6180880069732666]","[0.6182918548583984, 0.8368043303489685, 0.6209653615951538, 0.6190933585166931, 0.6211175918579102, 0.6251736879348755, 0.6202691197395325, 0.6190292239189148, 0.617340087890625, 0.6193967461585999]","[0.6168032884597778, 0.619687020778656, 0.8623768091201782, 0.6157844066619873, 0.6184000968933105, 0.6183136105537415, 0.6175609230995178, 0.6165714263916016, 0.6182418465614319, 0.6172180771827698]","[0.6181114912033081, 0.6175355315208435, 0.6164938807487488, 0.8564403653144836, 0.6204895377159119, 0.6182652115821838, 0.6185566186904907, 0.6181730031967163, 0.6172705292701721, 0.6185697317123413]","[0.6222114562988281, 0.6222413778305054, 0.6230658292770386, 0.6203718781471252, 0.8263034820556641, 0.6178491711616516, 0.6199259161949158, 0.6219651103019714, 0.6213781237602234, 0.6201067566871643]","[0.6201024651527405, 0.619857907295227, 0.6195639371871948, 0.6195273399353027, 0.6166011095046997, 0.8461179137229919, 0.6179344058036804, 0.6177436709403992, 0.6178646087646484, 0.6234679818153381]","[0.6188969612121582, 0.618749737739563, 0.6184815168380737, 0.6173343658447266, 0.6173439025878906, 0.6176610589027405, 0.8508984446525574, 0.6216998100280762, 0.6191086173057556, 0.6189447641372681]","[0.6161577701568604, 0.6173446178436279, 0.6163774132728577, 0.6185530424118042, 0.6175313591957092, 0.6157219409942627, 0.6207325458526611, 0.8635422587394714, 0.6174546480178833, 0.617912769317627]","[0.6191775798797607, 0.6172884702682495, 0.6203937530517578, 0.6185104846954346, 0.6203373670578003, 0.6177893280982971, 0.617762565612793, 0.619925320148468, 0.8493620753288269, 0.6182273030281067]","[0.6173217296600342, 0.6167800426483154, 0.6190009117126465, 0.6180697679519653, 0.6191853284835815, 0.6177456378936768, 0.6181464791297913, 0.6177303194999695, 0.6160834431648254, 0.8604844212532043]"
0,0.2,0.001,fixed,fixed,"[0.8695375323295593, 0.618266761302948, 0.6161597371101379, 0.6172119975090027, 0.6177487969398499, 0.6171688437461853, 0.6168602705001831, 0.615435779094696, 0.616700291633606, 0.6169848442077637]","[0.6165889501571655, 0.8538803458213806, 0.6203658580780029, 0.6176316738128662, 0.619944155216217, 0.6237071752548218, 0.6182913780212402, 0.6171917915344238, 0.6148312091827393, 0.6180868148803711]","[0.6148676872253418, 0.6184631586074829, 0.8829261064529419, 0.6138685345649719, 0.6167939305305481, 0.6165677309036255, 0.6152767539024353, 0.6143923401832581, 0.6158689856529236, 0.6157238483428955]","[0.6167702078819275, 0.6164538860321045, 0.6155951619148254, 0.871616780757904, 0.6195602416992188, 0.6168187856674194, 0.6164820790290833, 0.6166315078735352, 0.6151106953620911, 0.6175820231437683]","[0.6211783289909363, 0.6215664744377136, 0.6222624182701111, 0.6192850470542908, 0.8403242230415344, 0.6160750389099121, 0.6180384755134583, 0.6206438541412354, 0.6194036602973938, 0.6190516948699951]","[0.6189908981323242, 0.6190880537033081, 0.6190876364707947, 0.6184929609298706, 0.6150221824645996, 0.8601787686347961, 0.616052508354187, 0.6160908937454224, 0.6157899498939514, 0.6227008700370789]","[0.6180413961410522, 0.6181565523147583, 0.6182796359062195, 0.6163797974586487, 0.6163755655288696, 0.616521418094635, 0.8603379130363464, 0.6209539175033569, 0.6173408031463623, 0.618401288986206]","[0.6148330569267273, 0.6164490580558777, 0.6156784296035767, 0.6177125573158264, 0.6164897084236145, 0.6142581105232239, 0.6194928884506226, 0.8759008646011353, 0.6156272888183594, 0.6171278357505798]","[0.6184871196746826, 0.6165256500244141, 0.6203664541244507, 0.6177732348442078, 0.6198425889015198, 0.6167250275611877, 0.6163373589515686, 0.6190016865730286, 0.8577219247817993, 0.6175360679626465]","[0.6155983805656433, 0.6153106689453125, 0.6180306077003479, 0.6166485548019409, 0.6178657412528992, 0.6160724759101868, 0.6161089539527893, 0.6158872842788696, 0.6135563254356384, 0.8789017796516418]"
0,0,10,fixed,paper,"[4.9128082935112616e-08, 0.0, 0.0, 0.0, 0.0, 0.0, 0.0, 0.0, 0.0, 0.0]","[0.0, 1.0059849273602595e-06, 0.0, 0.0, 0.0, 0.0, 0.0, 0.0, 0.0, 0.0]","[0.0, 0.0, 3.485808122150047e-07, 0.0, 0.0, 0.0, 0.0, 0.0, 0.0, 0.0]","[0.0, 0.0, 0.0, 4.992541846604581e-08, 0.0, 0.0, 0.0, 0.0, 0.0, 0.0]","[0.0, 0.0, 0.0, 0.0, 8.360288461517484e-08, 0.0, 0.0, 0.0, 0.0, 0.0]","[0.0, 0.0, 0.0, 0.0, 0.0, 1.4013032512139034e-07, 0.0, 0.0, 0.0, 0.0]","[0.0, 0.0, 0.0, 0.0, 0.0, 0.0, 2.209848162237904e-07, 0.0, 0.0, 0.0]","[0.0, 0.0, 0.0, 0.0, 0.0, 0.0, 0.0, 1.1758591966781751e-07, 0.0, 0.0]","[0.0, 0.0, 0.0, 0.0, 0.0, 0.0, 0.0, 0.0, 8.568850944357109e-07, 0.0]","[0.0, 0.0, 0.0, 0.0, 0.0, 0.0, 0.0, 0.0, 0.0, 9.474524631514214e-08]"
0,0,3,fixed,paper,"[3.2473842566105304e-06, 0.0, 0.0, 0.0, 0.0, 0.0, 0.0, 0.0, 0.0, 0.0]","[0.0, 1.447194222237158e-06, 0.0, 0.0, 0.0, 0.0, 0.0, 0.0, 0.0, 0.0]","[0.0, 0.0, 3.479349516055663e-06, 0.0, 0.0, 0.0, 0.0, 0.0, 0.0, 0.0]","[0.0, 0.0, 0.0, 1.2405903362378012e-06, 0.0, 0.0, 0.0, 0.0, 0.0, 0.0]","[0.0, 0.0, 0.0, 0.0, 4.749981314944307e-07, 0.0, 0.0, 0.0, 0.0, 0.0]","[0.0, 0.0, 0.0, 0.0, 0.0, 1.2549559187391424e-06, 0.0, 0.0, 0.0, 0.0]","[0.0, 0.0, 0.0, 0.0, 0.0, 0.0, 1.056104565577698e-06, 0.0, 0.0, 0.0]","[0.0, 0.0, 0.0, 0.0, 0.0, 0.0, 0.0, 1.3696220548808924e-06, 0.0, 0.0]","[0.0, 0.0, 0.0, 0.0, 0.0, 0.0, 0.0, 0.0, 2.3366537789115682e-06, 0.0]","[0.0, 0.0, 0.0, 0.0, 0.0, 0.0, 0.0, 0.0, 0.0, 5.203090495342622e-06]"
0,0,1,fixed,paper,"[7.012899345681944e-07, 0.0, 0.0, 0.0, 0.0, 0.0, 0.0, 0.0, 0.0, 0.0]","[0.0, 5.9792266256408766e-05, 0.0, 0.0, 0.0, 0.0, 0.0, 0.0, 0.0, 0.0]","[0.0, 0.0, 7.400498702736513e-07, 0.0, 0.0, 0.0, 0.0, 0.0, 0.0, 0.0]","[0.0, 0.0, 0.0, 1.1700287814164767e-06, 0.0, 0.0, 0.0, 0.0, 0.0, 0.0]","[0.0, 0.0, 0.0, 0.0, 1.1486491757750628e-06, 0.0, 0.0, 0.0, 0.0, 0.0]","[0.0, 0.0, 0.0, 0.0, 0.0, 5.928548603151285e-07, 0.0, 0.0, 0.0, 0.0]","[0.0, 0.0, 0.0, 0.0, 0.0, 0.0, 1.1571006552912877e-06, 0.0, 0.0, 0.0]","[0.0, 0.0, 0.0, 0.0, 0.0, 0.0, 0.0, 2.455231333442498e-05, 0.0, 0.0]","[0.0, 0.0, 0.0, 0.0, 0.0, 0.0, 0.0, 0.0, 1.7224806470039766e-06, 0.0]","[0.0, 0.0, 0.0, 0.0, 0.0, 0.0, 0.0, 0.0, 0.0, 1.2387691867843387e-06]"
0,0,0.3,fixed,paper,"[1.2601396974787349e-06, 0.0, 0.0, 0.0, 0.0, 0.0, 0.0, 0.0, 0.0, 0.0]","[0.0, 1.2312602848396637e-06, 0.0, 0.0, 0.0, 0.0, 0.0, 0.0, 0.0, 0.0]","[0.0, 0.0, 1.2713236401395989e-06, 0.0, 0.0, 0.0, 0.0, 0.0, 0.0, 0.0]","[0.0, 0.0, 0.0, 1.0153511311727925e-06, 0.0, 0.0, 0.0, 0.0, 0.0, 0.0]","[0.0, 0.0, 0.0, 0.0, 7.340269121414167e-07, 0.0, 0.0, 0.0, 0.0, 0.0]","[0.0, 0.0, 0.0, 0.0, 0.0, 2.2410258679883555e-06, 0.0, 0.0, 0.0, 0.0]","[0.0, 0.0, 0.0, 0.0, 0.0, 0.0, 1.4768620530958287e-06, 0.0, 0.0, 0.0]","[0.0, 0.0, 0.0, 0.0, 0.0, 0.0, 0.0, 7.470205218851333e-07, 0.0, 0.0]","[0.0, 0.0, 0.0, 0.0, 0.0, 0.0, 0.0, 0.0, 1.67827931818465e-06, 0.0]","[0.0, 0.0, 0.0, 0.0, 0.0, 0.0, 0.0, 0.0, 0.0, 9.111409440265561e-07]"
0,0,0.1,fixed,paper,"[3.1266899895854294e-06, 0.0, 0.0, 0.0, 0.0, 0.0, 0.0, 0.0, 0.0, 0.0]","[0.0, 4.202981926937355e-06, 0.0, 0.0, 0.0, 0.0, 0.0, 0.0, 0.0, 0.0]","[0.0, 0.0, 1.1615092034844565e-06, 0.0, 0.0, 0.0, 0.0, 0.0, 0.0, 0.0]","[0.0, 0.0, 0.0, 7.362366432062117e-07, 0.0, 0.0, 0.0, 0.0, 0.0, 0.0]","[0.0, 0.0, 0.0, 0.0, 1.018312559608603e-06, 0.0, 0.0, 0.0, 0.0, 0.0]","[0.0, 0.0, 0.0, 0.0, 0.0, 2.251869318570243e-06, 0.0, 0.0, 0.0, 0.0]","[0.0, 0.0, 0.0, 0.0, 0.0, 0.0, 1.8713757299337885e-06, 0.0, 0.0, 0.0]","[0.0, 0.0, 0.0, 0.0, 0.0, 0.0, 0.0, 3.438373369135661e-06, 0.0, 0.0]","[0.0, 0.0, 0.0, 0.0, 0.0, 0.0, 0.0, 0.0, 1.7298190186920692e-06, 0.0]","[0.0, 0.0, 0.0, 0.0, 0.0, 0.0, 0.0, 0.0, 0.0, 1.7325530734524364e-06]"
0,0,0.03,fixed,paper,"[6.9372495090647135e-06, 0.0, 0.0, 0.0, 0.0, 0.0, 0.0, 0.0, 0.0, 0.0]","[0.0, 7.723956514382735e-06, 0.0, 0.0, 0.0, 0.0, 0.0, 0.0, 0.0, 0.0]","[0.0, 0.0, 8.222782525990624e-06, 0.0, 0.0, 0.0, 0.0, 0.0, 0.0, 0.0]","[0.0, 0.0, 0.0, 8.477616574964486e-06, 0.0, 0.0, 0.0, 0.0, 0.0, 0.0]","[0.0, 0.0, 0.0, 0.0, 5.5512773542432114e-06, 0.0, 0.0, 0.0, 0.0, 0.0]","[0.0, 0.0, 0.0, 0.0, 0.0, 6.775784640922211e-06, 0.0, 0.0, 0.0, 0.0]","[0.0, 0.0, 0.0, 0.0, 0.0, 0.0, 6.5789454311016016e-06, 0.0, 0.0, 0.0]","[0.0, 0.0, 0.0, 0.0, 0.0, 0.0, 0.0, 1.5159907889028545e-05, 0.0, 0.0]","[0.0, 0.0, 0.0, 0.0, 0.0, 0.0, 0.0, 0.0, 7.762805580568966e-06, 0.0]","[0.0, 0.0, 0.0, 0.0, 0.0, 0.0, 0.0, 0.0, 0.0, 1.0611368452373426e-05]"
0,0,0.01,fixed,paper,"[2.032513066296815e-06, 0.0, 0.0, 0.0, 0.0, 0.0, 0.0, 0.0, 0.0, 0.0]","[0.0, 4.253358383721206e-06, 0.0, 0.0, 0.0, 0.0, 0.0, 0.0, 0.0, 0.0]","[0.0, 0.0, 6.543079052789835e-06, 0.0, 0.0, 0.0, 0.0, 0.0, 0.0, 0.0]","[0.0, 0.0, 0.0, 2.5698516310512787e-06, 0.0, 0.0, 0.0, 0.0, 0.0, 0.0]","[0.0, 0.0, 0.0, 0.0, 1.4216086583473952e-06, 0.0, 0.0, 0.0, 0.0, 0.0]","[0.0, 0.0, 0.0, 0.0, 0.0, 3.3591684768907726e-05, 0.0, 0.0, 0.0, 0.0]","[0.0, 0.0, 0.0, 0.0, 0.0, 0.0, 4.842561793338973e-06, 0.0, 0.0, 0.0]","[0.0, 0.0, 0.0, 0.0, 0.0, 0.0, 0.0, 2.4451899207633687e-06, 0.0, 0.0]","[0.0, 0.0, 0.0, 0.0, 0.0, 0.0, 0.0, 0.0, 1.986249117180705e-06, 0.0]","[0.0, 0.0, 0.0, 0.0, 0.0, 0.0, 0.0, 0.0, 0.0, 4.108959728910122e-06]"
0,0,0.003,fixed,paper,"[9.947615762939677e-05, 0.0, 0.0, 0.0, 0.0, 0.0, 0.0, 0.0, 0.0, 0.0]","[0.0, 1.7509420331407455e-06, 0.0, 0.0, 0.0, 0.0, 0.0, 0.0, 0.0, 0.0]","[0.0, 0.0, 1.0714227755670436e-05, 0.0, 0.0, 0.0, 0.0, 0.0, 0.0, 0.0]","[0.0, 0.0, 0.0, 1.7956822375708725e-06, 0.0, 0.0, 0.0, 0.0, 0.0, 0.0]","[0.0, 0.0, 0.0, 0.0, 1.1862888413816108e-06, 0.0, 0.0, 0.0, 0.0, 0.0]","[0.0, 0.0, 0.0, 0.0, 0.0, 2.820511099344003e-06, 0.0, 0.0, 0.0, 0.0]","[0.0, 0.0, 0.0, 0.0, 0.0, 0.0, 3.418803316890262e-06, 0.0, 0.0, 0.0]","[0.0, 0.0, 0.0, 0.0, 0.0, 0.0, 0.0, 4.114347575523425e-06, 0.0, 0.0]","[0.0, 0.0, 0.0, 0.0, 0.0, 0.0, 0.0, 0.0, 3.039051534869941e-06, 0.0]","[0.0, 0.0, 0.0, 0.0, 0.0, 0.0, 0.0, 0.0, 0.0, 4.555661689664703e-06]"
0,0,0.001,fixed,paper,"[1.7880407540360466e-05, 0.0, 0.0, 0.0, 0.0, 0.0, 0.0, 0.0, 0.0, 0.0]","[0.0, 1.4976887541706674e-05, 0.0, 0.0, 0.0, 0.0, 0.0, 0.0, 0.0, 0.0]","[0.0, 0.0, 3.0872914067003876e-05, 0.0, 0.0, 0.0, 0.0, 0.0, 0.0, 0.0]","[0.0, 0.0, 0.0, 3.015986476384569e-05, 0.0, 0.0, 0.0, 0.0, 0.0, 0.0]","[0.0, 0.0, 0.0, 0.0, 1.7140357158496045e-05, 0.0, 0.0, 0.0, 0.0, 0.0]","[0.0, 0.0, 0.0, 0.0, 0.0, 1.3845448847860098e-05, 0.0, 0.0, 0.0, 0.0]","[0.0, 0.0, 0.0, 0.0, 0.0, 0.0, 2.3066029825713485e-05, 0.0, 0.0, 0.0]","[0.0, 0.0, 0.0, 0.0, 0.0, 0.0, 0.0, 1.3799948646919802e-05, 0.0, 0.0]","[0.0, 0.0, 0.0, 0.0, 0.0, 0.0, 0.0, 0.0, 4.425333463586867e-05, 0.0]","[0.0, 0.0, 0.0, 0.0, 0.0, 0.0, 0.0, 0.0, 0.0, 3.256230047554709e-05]"
4,0,10,fixed,fixed,"[9.167305506707635e-06, 0.0, 0.0, 0.0, 0.0, 0.0, 0.0, 0.0, 0.0, 0.0]","[0.0, 1.2101585298296413e-06, 0.0, 0.0, 0.0, 0.0, 0.0, 0.0, 0.0, 0.0]","[0.0, 0.0, 4.2549477257125545e-06, 0.0, 0.0, 0.0, 0.0, 0.0, 0.0, 0.0]","[0.0, 0.0, 0.0, 5.998945198371075e-06, 0.0, 0.0, 0.0, 0.0, 0.0, 0.0]","[0.0, 0.0, 0.0, 0.0, 2.9921548048150726e-06, 0.0, 0.0, 0.0, 0.0, 0.0]","[0.0, 0.0, 0.0, 0.0, 0.0, 2.9312402602954535e-06, 0.0, 0.0, 0.0, 0.0]","[0.0, 0.0, 0.0, 0.0, 0.0, 0.0, 1.2595755833899602e-06, 0.0, 0.0, 0.0]","[0.0, 0.0, 0.0, 0.0, 0.0, 0.0, 0.0, 1.51182812260231e-05, 0.0, 0.0]","[0.0, 0.0, 0.0, 0.0, 0.0, 0.0, 0.0, 0.0, 2.035707439063117e-05, 0.0]","[0.0, 0.0, 0.0, 0.0, 0.0, 0.0, 0.0, 0.0, 0.0, 7.14532143319957e-06]"
4,0,3,fixed,fixed,"[2.4765631678747013e-07, 0.0, 0.0, 0.0, 0.0, 0.0, 0.0, 0.0, 0.0, 0.0]","[0.0, 3.172299898324127e-07, 0.0, 0.0, 0.0, 0.0, 0.0, 0.0, 0.0, 0.0]","[0.0, 0.0, 1.600504333509889e-07, 0.0, 0.0, 0.0, 0.0, 0.0, 0.0, 0.0]","[0.0, 0.0, 0.0, 7.020733505669341e-07, 0.0, 0.0, 0.0, 0.0, 0.0, 0.0]","[0.0, 0.0, 0.0, 0.0, 4.0515243426852976e-07, 0.0, 0.0, 0.0, 0.0, 0.0]","[0.0, 0.0, 0.0, 0.0, 0.0, 4.113466275157407e-06, 0.0, 0.0, 0.0, 0.0]","[0.0, 0.0, 0.0, 0.0, 0.0, 0.0, 1.6997638851989905e-07, 0.0, 0.0, 0.0]","[0.0, 0.0, 0.0, 0.0, 0.0, 0.0, 0.0, 2.357587050028087e-07, 0.0, 0.0]","[0.0, 0.0, 0.0, 0.0, 0.0, 0.0, 0.0, 0.0, 3.696318628954032e-07, 0.0]","[0.0, 0.0, 0.0, 0.0, 0.0, 0.0, 0.0, 0.0, 0.0, 2.9492352382476383e-07]"
4,0,1,fixed,fixed,"[4.3377058318583295e-06, 0.0, 0.0, 0.0, 0.0, 0.0, 0.0, 0.0, 0.0, 0.0]","[0.0, 2.2348665424942737e-06, 0.0, 0.0, 0.0, 0.0, 0.0, 0.0, 0.0, 0.0]","[0.0, 0.0, 2.275917267979821e-06, 0.0, 0.0, 0.0, 0.0, 0.0, 0.0, 0.0]","[0.0, 0.0, 0.0, 2.442109462208464e-06, 0.0, 0.0, 0.0, 0.0, 0.0, 0.0]","[0.0, 0.0, 0.0, 0.0, 3.4641607271623798e-06, 0.0, 0.0, 0.0, 0.0, 0.0]","[0.0, 0.0, 0.0, 0.0, 0.0, 1.7032296000252245e-06, 0.0, 0.0, 0.0, 0.0]","[0.0, 0.0, 0.0, 0.0, 0.0, 0.0, 1.9296096525067696e-06, 0.0, 0.0, 0.0]","[0.0, 0.0, 0.0, 0.0, 0.0, 0.0, 0.0, 1.2476626579882577e-05, 0.0, 0.0]","[0.0, 0.0, 0.0, 0.0, 0.0, 0.0, 0.0, 0.0, 2.1839107375853928e-06, 0.0]","[0.0, 0.0, 0.0, 0.0, 0.0, 0.0, 0.0, 0.0, 0.0, 2.0429604319360806e-06]"
4,0,0.3,fixed,fixed,"[2.1205428311077412e-06, 0.0, 0.0, 0.0, 0.0, 0.0, 0.0, 0.0, 0.0, 0.0]","[0.0, 1.9598271592258243e-06, 0.0, 0.0, 0.0, 0.0, 0.0, 0.0, 0.0, 0.0]","[0.0, 0.0, 1.7655790998105658e-06, 0.0, 0.0, 0.0, 0.0, 0.0, 0.0, 0.0]","[0.0, 0.0, 0.0, 9.692088269730448e-07, 0.0, 0.0, 0.0, 0.0, 0.0, 0.0]","[0.0, 0.0, 0.0, 0.0, 1.9497788343869615e-06, 0.0, 0.0, 0.0, 0.0, 0.0]","[0.0, 0.0, 0.0, 0.0, 0.0, 5.172909823158989e-06, 0.0, 0.0, 0.0, 0.0]","[0.0, 0.0, 0.0, 0.0, 0.0, 0.0, 2.813414994307095e-06, 0.0, 0.0, 0.0]","[0.0, 0.0, 0.0, 0.0, 0.0, 0.0, 0.0, 1.7131281992988079e-06, 0.0, 0.0]","[0.0, 0.0, 0.0, 0.0, 0.0, 0.0, 0.0, 0.0, 2.3415489067701856e-06, 0.0]","[0.0, 0.0, 0.0, 0.0, 0.0, 0.0, 0.0, 0.0, 0.0, 2.776458131847903e-06]"
4,0,0.1,fixed,fixed,"[4.0334575714950915e-06, 0.0, 0.0, 0.0, 0.0, 0.0, 0.0, 0.0, 0.0, 0.0]","[0.0, 1.1788221172537305e-06, 0.0, 0.0, 0.0, 0.0, 0.0, 0.0, 0.0, 0.0]","[0.0, 0.0, 1.6534380620214506e-06, 0.0, 0.0, 0.0, 0.0, 0.0, 0.0, 0.0]","[0.0, 0.0, 0.0, 2.4728553853492485e-06, 0.0, 0.0, 0.0, 0.0, 0.0, 0.0]","[0.0, 0.0, 0.0, 0.0, 1.6575402696616948e-05, 0.0, 0.0, 0.0, 0.0, 0.0]","[0.0, 0.0, 0.0, 0.0, 0.0, 2.6377215363027062e-06, 0.0, 0.0, 0.0, 0.0]","[0.0, 0.0, 0.0, 0.0, 0.0, 0.0, 2.4265154934255406e-06, 0.0, 0.0, 0.0]","[0.0, 0.0, 0.0, 0.0, 0.0, 0.0, 0.0, 2.0090210455236956e-06, 0.0, 0.0]","[0.0, 0.0, 0.0, 0.0, 0.0, 0.0, 0.0, 0.0, 2.1389414541772567e-06, 0.0]","[0.0, 0.0, 0.0, 0.0, 0.0, 0.0, 0.0, 0.0, 0.0, 2.5592501060600625e-06]"
4,0,0.03,fixed,fixed,"[5.947534191363957e-06, 0.0, 0.0, 0.0, 0.0, 0.0, 0.0, 0.0, 0.0, 0.0]","[0.0, 9.359062460134737e-06, 0.0, 0.0, 0.0, 0.0, 0.0, 0.0, 0.0, 0.0]","[0.0, 0.0, 1.1566001376195345e-05, 0.0, 0.0, 0.0, 0.0, 0.0, 0.0, 0.0]","[0.0, 0.0, 0.0, 4.4832027015218046e-06, 0.0, 0.0, 0.0, 0.0, 0.0, 0.0]","[0.0, 0.0, 0.0, 0.0, 1.2828662875108421e-05, 0.0, 0.0, 0.0, 0.0, 0.0]","[0.0, 0.0, 0.0, 0.0, 0.0, 8.194726433430333e-06, 0.0, 0.0, 0.0, 0.0]","[0.0, 0.0, 0.0, 0.0, 0.0, 0.0, 9.331481123808771e-06, 0.0, 0.0, 0.0]","[0.0, 0.0, 0.0, 0.0, 0.0, 0.0, 0.0, 1.720745967759285e-05, 0.0, 0.0]","[0.0, 0.0, 0.0, 0.0, 0.0, 0.0, 0.0, 0.0, 8.007203177839983e-06, 0.0]","[0.0, 0.0, 0.0, 0.0, 0.0, 0.0, 0.0, 0.0, 0.0, 5.576065177592682e-06]"
4,0,0.01,fixed,fixed,"[1.8390996046946384e-05, 0.0, 0.0, 0.0, 0.0, 0.0, 0.0, 0.0, 0.0, 0.0]","[0.0, 1.313068059971556e-05, 0.0, 0.0, 0.0, 0.0, 0.0, 0.0, 0.0, 0.0]","[0.0, 0.0, 1.2812161912734155e-05, 0.0, 0.0, 0.0, 0.0, 0.0, 0.0, 0.0]","[0.0, 0.0, 0.0, 4.798504232894629e-05, 0.0, 0.0, 0.0, 0.0, 0.0, 0.0]","[0.0, 0.0, 0.0, 0.0, 2.910473085648846e-05, 0.0, 0.0, 0.0, 0.0, 0.0]","[0.0, 0.0, 0.0, 0.0, 0.0, 1.489033911639126e-05, 0.0, 0.0, 0.0, 0.0]","[0.0, 0.0, 0.0, 0.0, 0.0, 0.0, 1.3462537026498467e-05, 0.0, 0.0, 0.0]","[0.0, 0.0, 0.0, 0.0, 0.0, 0.0, 0.0, 1.1803468623838853e-05, 0.0, 0.0]","[0.0, 0.0, 0.0, 0.0, 0.0, 0.0, 0.0, 0.0, 1.9501609131111763e-05, 0.0]","[0.0, 0.0, 0.0, 0.0, 0.0, 0.0, 0.0, 0.0, 0.0, 1.3130127626936883e-05]"
4,0,0.003,fixed,fixed,"[8.878930202627089e-06, 0.0, 0.0, 0.0, 0.0, 0.0, 0.0, 0.0, 0.0, 0.0]","[0.0, 1.8613121937960386e-05, 0.0, 0.0, 0.0, 0.0, 0.0, 0.0, 0.0, 0.0]","[0.0, 0.0, 1.1321340025460813e-05, 0.0, 0.0, 0.0, 0.0, 0.0, 0.0, 0.0]","[0.0, 0.0, 0.0, 1.2481224985094741e-05, 0.0, 0.0, 0.0, 0.0, 0.0, 0.0]","[0.0, 0.0, 0.0, 0.0, 1.831711233535316e-05, 0.0, 0.0, 0.0, 0.0, 0.0]","[0.0, 0.0, 0.0, 0.0, 0.0, 1.4045933312445413e-05, 0.0, 0.0, 0.0, 0.0]","[0.0, 0.0, 0.0, 0.0, 0.0, 0.0, 1.0040170309366658e-05, 0.0, 0.0, 0.0]","[0.0, 0.0, 0.0, 0.0, 0.0, 0.0, 0.0, 2.0797289835172705e-05, 0.0, 0.0]","[0.0, 0.0, 0.0, 0.0, 0.0, 0.0, 0.0, 0.0, 1.1406189514673315e-05, 0.0]","[0.0, 0.0, 0.0, 0.0, 0.0, 0.0, 0.0, 0.0, 0.0, 6.141352059785277e-06]"
4,0,0.001,fixed,fixed,"[3.1835868412599666e-06, 0.0, 0.0, 0.0, 0.0, 0.0, 0.0, 0.0, 0.0, 0.0]","[0.0, 1.413517111359397e-05, 0.0, 0.0, 0.0, 0.0, 0.0, 0.0, 0.0, 0.0]","[0.0, 0.0, 0.00010952022421406582, 0.0, 0.0, 0.0, 0.0, 0.0, 0.0, 0.0]","[0.0, 0.0, 0.0, 4.280620032659499e-06, 0.0, 0.0, 0.0, 0.0, 0.0, 0.0]","[0.0, 0.0, 0.0, 0.0, 3.030767766176723e-05, 0.0, 0.0, 0.0, 0.0, 0.0]","[0.0, 0.0, 0.0, 0.0, 0.0, 6.129831490397919e-06, 0.0, 0.0, 0.0, 0.0]","[0.0, 0.0, 0.0, 0.0, 0.0, 0.0, 1.7373142327414826e-05, 0.0, 0.0, 0.0]","[0.0, 0.0, 0.0, 0.0, 0.0, 0.0, 0.0, 1.2577935194713064e-05, 0.0, 0.0]","[0.0, 0.0, 0.0, 0.0, 0.0, 0.0, 0.0, 0.0, 7.79619858803926e-06, 0.0]","[0.0, 0.0, 0.0, 0.0, 0.0, 0.0, 0.0, 0.0, 0.0, 4.5569788198918104e-05]"
1,0.1,10,fixed,paper,"[0.21671102941036224, 0.35391560196876526, 0.35385197401046753, 0.3540487289428711, 0.35388755798339844, 0.3538501262664795, 0.35397976636886597, 0.3539678752422333, 0.3538747727870941, 0.3538087010383606]","[0.35405874252319336, 0.21395738422870636, 0.35432758927345276, 0.3542742431163788, 0.3541047275066376, 0.35409411787986755, 0.3542773127555847, 0.3542243242263794, 0.35411569476127625, 0.3542027473449707]","[0.3538636565208435, 0.3540089726448059, 0.21601834893226624, 0.35412970185279846, 0.3539954423904419, 0.3539370596408844, 0.35404130816459656, 0.35405272245407104, 0.35395994782447815, 0.3538246750831604]","[0.354070782661438, 0.35416606068611145, 0.3546203076839447, 0.2137637436389923, 0.3541860282421112, 0.35413479804992676, 0.35423558950424194, 0.35422927141189575, 0.3541373610496521, 0.3540899455547333]","[0.3536791205406189, 0.35382527112960815, 0.3537587523460388, 0.3539700210094452, 0.21776480972766876, 0.3537769615650177, 0.35387349128723145, 0.35391613841056824, 0.3537502586841583, 0.35369008779525757]","[0.35383832454681396, 0.3540540933609009, 0.35393545031547546, 0.3540582060813904, 0.35393810272216797, 0.21606293320655823, 0.3540477752685547, 0.35401228070259094, 0.3538981080055237, 0.3539877235889435]","[0.35365530848503113, 0.3537285327911377, 0.35360583662986755, 0.3538850247859955, 0.35374826192855835, 0.3537389636039734, 0.21833957731723785, 0.3538634181022644, 0.35370874404907227, 0.35378775000572205]","[0.3536548614501953, 0.35377949476242065, 0.35374221205711365, 0.35383298993110657, 0.35370272397994995, 0.35372447967529297, 0.353840172290802, 0.21843267977237701, 0.3537178039550781, 0.3536410629749298]","[0.35371366143226624, 0.3538765609264374, 0.3537465035915375, 0.3539770245552063, 0.35385361313819885, 0.3538256883621216, 0.3539021611213684, 0.3539120554924011, 0.2174326330423355, 0.35373005270957947]","[0.35518866777420044, 0.35475993156433105, 0.3561994433403015, 0.3550375699996948, 0.35466909408569336, 0.3548988699913025, 0.35489702224731445, 0.3548571765422821, 0.35480350255966187, 0.20583100616931915]"
1,0.1,3,fixed,paper,"[0.2262168824672699, 0.3528330624103546, 0.35261067748069763, 0.35296547412872314, 0.3529956638813019, 0.3528915345668793, 0.3529578745365143, 0.3531321585178375, 0.35314375162124634, 0.35321125388145447]","[0.3533473312854767, 0.22172416746616364, 0.3531494438648224, 0.3530616760253906, 0.3535166382789612, 0.3533901870250702, 0.3533407747745514, 0.35349804162979126, 0.35364118218421936, 0.3537862300872803]","[0.3535051941871643, 0.35336771607398987, 0.22113999724388123, 0.3533031642436981, 0.3535924553871155, 0.353426992893219, 0.3533993065357208, 0.35345396399497986, 0.3536547124385834, 0.35351744294166565]","[0.35359063744544983, 0.35320141911506653, 0.35352572798728943, 0.22004663944244385, 0.35366031527519226, 0.35351377725601196, 0.35353711247444153, 0.353697270154953, 0.3537355661392212, 0.3537488281726837]","[0.35292762517929077, 0.3530268967151642, 0.3523982763290405, 0.3527790904045105, 0.22762839496135712, 0.35271909832954407, 0.3526972830295563, 0.35292696952819824, 0.3530373275279999, 0.35299617052078247]","[0.35306498408317566, 0.35319849848747253, 0.3527374863624573, 0.35302484035491943, 0.3530903458595276, 0.22510433197021484, 0.35306453704833984, 0.35323914885520935, 0.3530053198337555, 0.3532905578613281]","[0.3532620668411255, 0.35310423374176025, 0.3527313768863678, 0.35319048166275024, 0.35333627462387085, 0.3531663417816162, 0.22425569593906403, 0.35315045714378357, 0.3533216416835785, 0.35321006178855896]","[0.35308369994163513, 0.35299381613731384, 0.35253575444221497, 0.35296395421028137, 0.3528464138507843, 0.3529841899871826, 0.35284149646759033, 0.22635923326015472, 0.3532114028930664, 0.3531624674797058]","[0.3528771996498108, 0.3529767692089081, 0.35242635011672974, 0.35287779569625854, 0.3529294431209564, 0.3526158034801483, 0.35274332761764526, 0.3529926836490631, 0.22779077291488647, 0.3529207706451416]","[0.3542640209197998, 0.3537527024745941, 0.35463839769363403, 0.3537778854370117, 0.3538847267627716, 0.35387516021728516, 0.3535236716270447, 0.35384729504585266, 0.3540612757205963, 0.21631644666194916]"
1,0.1,1,fixed,paper,"[0.23290912806987762, 0.3521813154220581, 0.35243839025497437, 0.3524123430252075, 0.35200339555740356, 0.3522323966026306, 0.35251739621162415, 0.35249096155166626, 0.35220709443092346, 0.352415531873703]","[0.35219720005989075, 0.23135444521903992, 0.3526347279548645, 0.3519742488861084, 0.3524220883846283, 0.3525794744491577, 0.35257989168167114, 0.35256049036979675, 0.35255488753318787, 0.35276588797569275]","[0.3521484136581421, 0.35219207406044006, 0.23458322882652283, 0.3520421087741852, 0.35212403535842896, 0.3522511124610901, 0.35237348079681396, 0.3520849943161011, 0.35217857360839844, 0.3520471453666687]","[0.3525838255882263, 0.3521745800971985, 0.35300707817077637, 0.2292080819606781, 0.3525407612323761, 0.35269856452941895, 0.35292646288871765, 0.35286617279052734, 0.3526345491409302, 0.3527163863182068]","[0.3522011339664459, 0.35271695256233215, 0.35216549038887024, 0.35217711329460144, 0.23398734629154205, 0.35201936960220337, 0.35216107964515686, 0.3521910309791565, 0.35217687487602234, 0.3521627187728882]","[0.3519686460494995, 0.35248324275016785, 0.35231852531433105, 0.3522317111492157, 0.3518523573875427, 0.23478063941001892, 0.3523727059364319, 0.35237058997154236, 0.3516175150871277, 0.3521057963371277]","[0.35229700803756714, 0.35237208008766174, 0.35238727927207947, 0.3524874448776245, 0.35228532552719116, 0.3523545265197754, 0.23353834450244904, 0.35209381580352783, 0.35219019651412964, 0.3518964946269989]","[0.352279394865036, 0.3524389863014221, 0.3521987497806549, 0.35242509841918945, 0.3516903221607208, 0.35234329104423523, 0.3522246479988098, 0.23375308513641357, 0.3522993326187134, 0.3522861897945404]","[0.352158784866333, 0.3526584208011627, 0.35232630372047424, 0.3524598777294159, 0.352056086063385, 0.3518570363521576, 0.3523169755935669, 0.3524188995361328, 0.23360683023929596, 0.3520648777484894]","[0.3534533679485321, 0.353322833776474, 0.35429397225379944, 0.3531953692436218, 0.35314658284187317, 0.3532978892326355, 0.35287922620773315, 0.35317888855934143, 0.3532599210739136, 0.22261057794094086]"
1,0.1,0.3,fixed,paper,"[0.240355983376503, 0.35115915536880493, 0.35160326957702637, 0.351611852645874, 0.35150671005249023, 0.3515314757823944, 0.3517347276210785, 0.35177984833717346, 0.3515000641345978, 0.3521077036857605]","[0.35139337182044983, 0.23796981573104858, 0.35179248452186584, 0.3509753346443176, 0.3521578311920166, 0.3520617187023163, 0.35181212425231934, 0.35188838839530945, 0.35203295946121216, 0.35256877541542053]","[0.3513922393321991, 0.35123565793037415, 0.24200884997844696, 0.3511238694190979, 0.3517407178878784, 0.3516230583190918, 0.3515951633453369, 0.35123640298843384, 0.35152170062065125, 0.3516550660133362]","[0.35181403160095215, 0.3510039746761322, 0.3520521819591522, 0.23656104505062103, 0.3521428108215332, 0.35206764936447144, 0.3521997332572937, 0.3521912693977356, 0.351989209651947, 0.352398544549942]","[0.3510631024837494, 0.3516135513782501, 0.35084789991378784, 0.3509056568145752, 0.24617020785808563, 0.3508557975292206, 0.35086074471473694, 0.35096314549446106, 0.35112351179122925, 0.3513951599597931]","[0.35092973709106445, 0.3514435887336731, 0.3512832522392273, 0.35123777389526367, 0.35115644335746765, 0.24471107125282288, 0.35138529539108276, 0.35147857666015625, 0.35050636529922485, 0.3514559864997864]","[0.3515065610408783, 0.35158228874206543, 0.3515844941139221, 0.35176610946655273, 0.3521076738834381, 0.35192108154296875, 0.239984393119812, 0.35136041045188904, 0.3515525162220001, 0.3514747619628906]","[0.3515559136867523, 0.35158365964889526, 0.351269394159317, 0.35170871019363403, 0.3511001467704773, 0.3517305254936218, 0.3513360917568207, 0.24106387794017792, 0.3516868054866791, 0.35196828842163086]","[0.35125991702079773, 0.35177773237228394, 0.3513720631599426, 0.351603239774704, 0.3514869213104248, 0.35086551308631897, 0.3513570725917816, 0.35158392786979675, 0.2423907369375229, 0.3515060842037201]","[0.3522346615791321, 0.35210299491882324, 0.35286831855773926, 0.35194656252861023, 0.35248443484306335, 0.35225987434387207, 0.35147422552108765, 0.3520216941833496, 0.35226866602897644, 0.2344445139169693]"
1,0.1,0.1,fixed,paper,"[0.2504149377346039, 0.350136399269104, 0.35063809156417847, 0.35079219937324524, 0.3504824638366699, 0.3505287766456604, 0.3509921133518219, 0.3511177599430084, 0.3504624664783478, 0.35095271468162537]","[0.35065191984176636, 0.24668702483177185, 0.35084885358810425, 0.3499864339828491, 0.3513941466808319, 0.3512703776359558, 0.35111314058303833, 0.35129401087760925, 0.3512086272239685, 0.3515531122684479]","[0.350811630487442, 0.35042035579681396, 0.25029245018959045, 0.35032880306243896, 0.35097160935401917, 0.35083505511283875, 0.35099858045578003, 0.3505789637565613, 0.3506760895252228, 0.35055801272392273]","[0.3511233329772949, 0.34987857937812805, 0.35101306438446045, 0.24594630300998688, 0.3512625992298126, 0.3511802852153778, 0.35155829787254333, 0.35161063075065613, 0.35105863213539124, 0.35127928853034973]","[0.3504480719566345, 0.35099828243255615, 0.34988999366760254, 0.3501049876213074, 0.25516974925994873, 0.34988027811050415, 0.3500902056694031, 0.35027411580085754, 0.3502289354801178, 0.35027018189430237]","[0.35021814703941345, 0.35069629549980164, 0.3504115641117096, 0.35051828622817993, 0.3502265512943268, 0.2538544833660126, 0.35073143243789673, 0.35092926025390625, 0.34935876727104187, 0.35025301575660706]","[0.35074394941329956, 0.3507854640483856, 0.3506458103656769, 0.3510199189186096, 0.3513960540294647, 0.3511795699596405, 0.24911707639694214, 0.3506701588630676, 0.35057851672172546, 0.3502003848552704]","[0.35085272789001465, 0.35071420669555664, 0.3501969277858734, 0.35095977783203125, 0.3499695062637329, 0.3508024513721466, 0.35047459602355957, 0.25116318464279175, 0.3507302403450012, 0.3507901728153229]","[0.35071301460266113, 0.35121408104896545, 0.35060590505599976, 0.3510456383228302, 0.35070833563804626, 0.3498910665512085, 0.3507554531097412, 0.3511160910129547, 0.2500458359718323, 0.3504187762737274]","[0.35181790590286255, 0.35165029764175415, 0.3520813584327698, 0.35144683718681335, 0.3520624041557312, 0.35168829560279846, 0.350877970457077, 0.351681649684906, 0.351714551448822, 0.23984327912330627]"
1,0.1,0.03,fixed,paper,"[0.2575838267803192, 0.3495508134365082, 0.35006028413772583, 0.3502641022205353, 0.3495577573776245, 0.34971925616264343, 0.3503153920173645, 0.3504367768764496, 0.34971141815185547, 0.3506282567977905]","[0.3494684398174286, 0.2575923204421997, 0.3498845398426056, 0.34888163208961487, 0.35032153129577637, 0.35026365518569946, 0.3500719964504242, 0.3502727150917053, 0.350262314081192, 0.3509599268436432]","[0.34982964396476746, 0.3496750295162201, 0.26012691855430603, 0.3494585454463959, 0.349934846162796, 0.349872887134552, 0.35010066628456116, 0.3495360314846039, 0.34974971413612366, 0.34992480278015137]","[0.35011470317840576, 0.3489070534706116, 0.3500779867172241, 0.25587040185928345, 0.35019809007644653, 0.35020217299461365, 0.35069894790649414, 0.3507273495197296, 0.3501308262348175, 0.3507072627544403]","[0.34968259930610657, 0.3507031500339508, 0.349203497171402, 0.3494798541069031, 0.26271283626556396, 0.34898197650909424, 0.3492696285247803, 0.3494502604007721, 0.34950438141822815, 0.3498598337173462]","[0.34927529096603394, 0.3501884639263153, 0.34972986578941345, 0.3498930037021637, 0.34919896721839905, 0.2625263035297394, 0.3499462604522705, 0.3501637578010559, 0.3483010530471802, 0.3496839702129364]","[0.34985899925231934, 0.35033702850341797, 0.35000619292259216, 0.35047683119773865, 0.3506951332092285, 0.3505423069000244, 0.2563406527042389, 0.34987273812294006, 0.34980276226997375, 0.34966886043548584]","[0.3501025140285492, 0.3502689003944397, 0.3494994342327118, 0.3504893481731415, 0.348925918340683, 0.3500545918941498, 0.349666565656662, 0.2585907578468323, 0.3500472605228424, 0.35043013095855713]","[0.3498533368110657, 0.35080838203430176, 0.3499484360218048, 0.3505009114742279, 0.34975066781044006, 0.34883153438568115, 0.3499409258365631, 0.35035067796707153, 0.25820398330688477, 0.34988391399383545]","[0.3506137728691101, 0.35088083148002625, 0.3509288430213928, 0.35048526525497437, 0.3509860932826996, 0.35055646300315857, 0.3495948314666748, 0.35056939721107483, 0.35069310665130615, 0.2514475882053375]"
1,0.1,0.01,fixed,paper,"[0.2682857811450958, 0.348512202501297, 0.34932318329811096, 0.34926173090934753, 0.34873124957084656, 0.3487156927585602, 0.3494583070278168, 0.3491511642932892, 0.34873878955841064, 0.34969809651374817]","[0.3487637937068939, 0.26675599813461304, 0.34919455647468567, 0.3477365970611572, 0.3497801125049591, 0.34949594736099243, 0.3492841422557831, 0.349080353975296, 0.349527508020401, 0.3501947820186615]","[0.34907278418540955, 0.3486565351486206, 0.2715335786342621, 0.34829434752464294, 0.3491760790348053, 0.34889668226242065, 0.34920230507850647, 0.34806883335113525, 0.34878161549568176, 0.3488662540912628]","[0.34960269927978516, 0.34793439507484436, 0.34943556785583496, 0.2638440430164337, 0.34968313574790955, 0.34948158264160156, 0.35011062026023865, 0.3496907353401184, 0.34943270683288574, 0.3499814569950104]","[0.34891724586486816, 0.3499094843864441, 0.34831327199935913, 0.3483359217643738, 0.2744768261909485, 0.3478451669216156, 0.3482242524623871, 0.34797725081443787, 0.3485132157802582, 0.34879931807518005]","[0.3485845923423767, 0.3494340479373932, 0.3490958511829376, 0.3490004241466522, 0.34847643971443176, 0.2721274495124817, 0.3491876423358917, 0.3490005433559418, 0.34722912311553955, 0.348716676235199]","[0.3492162525653839, 0.34963199496269226, 0.3494042456150055, 0.34965649247169495, 0.35028892755508423, 0.3499075472354889, 0.264832079410553, 0.34866759181022644, 0.34900233149528503, 0.34872910380363464]","[0.3499586582183838, 0.3499318063259125, 0.3492043614387512, 0.35010582208633423, 0.3485422730445862, 0.34967389702796936, 0.34923988580703735, 0.26241421699523926, 0.3497037887573242, 0.35002613067626953]","[0.34926989674568176, 0.35018017888069153, 0.34936267137527466, 0.3497128188610077, 0.3491221070289612, 0.3478095531463623, 0.34917712211608887, 0.34921157360076904, 0.2669890820980072, 0.3489748239517212]","[0.3500208258628845, 0.3502238392829895, 0.3501836359500885, 0.34961533546447754, 0.3505733609199524, 0.34979671239852905, 0.34869784116744995, 0.3494184911251068, 0.3500155210494995, 0.2597913146018982]"
1,0.1,0.003,fixed,paper,"[0.27473169565200806, 0.3476918935775757, 0.34863463044166565, 0.34871193766593933, 0.34792882204055786, 0.3480851352214813, 0.34890738129615784, 0.34876373410224915, 0.34831589460372925, 0.3495497405529022]","[0.3477761447429657, 0.2746325731277466, 0.34832116961479187, 0.34681281447410583, 0.3490303158760071, 0.348868727684021, 0.34857043623924255, 0.34855419397354126, 0.34910985827445984, 0.34997931122779846]","[0.34817588329315186, 0.3477672338485718, 0.2795823812484741, 0.34749433398246765, 0.34835243225097656, 0.3482043147087097, 0.34852102398872375, 0.34741127490997314, 0.348274290561676, 0.348501056432724]","[0.34860387444496155, 0.34674468636512756, 0.3484063744544983, 0.27309662103652954, 0.34875646233558655, 0.3486979901790619, 0.3493925929069519, 0.3491164445877075, 0.3488485515117645, 0.3496021628379822]","[0.348033607006073, 0.3492661714553833, 0.3474047780036926, 0.347577840089798, 0.2826489508152008, 0.34701457619667053, 0.3474181890487671, 0.3473356366157532, 0.34800446033477783, 0.3484537601470947]","[0.3474755883216858, 0.34852996468544006, 0.34814319014549255, 0.3481931686401367, 0.34741076827049255, 0.28205224871635437, 0.34836792945861816, 0.34836819767951965, 0.34634023904800415, 0.3481644093990326]","[0.3482097387313843, 0.3488319516181946, 0.3485381603240967, 0.3489759862422943, 0.34959349036216736, 0.34933245182037354, 0.272694855928421, 0.3480478525161743, 0.34843894839286804, 0.34825900197029114]","[0.34894198179244995, 0.3489910364151001, 0.34813645482063293, 0.34935304522514343, 0.34736138582229614, 0.3488442897796631, 0.34829798340797424, 0.2723309397697449, 0.34908825159072876, 0.34958258271217346]","[0.34811532497406006, 0.3492494523525238, 0.34830528497695923, 0.34885722398757935, 0.3479975759983063, 0.346640944480896, 0.3481992483139038, 0.3484504818916321, 0.27804580330848694, 0.34832796454429626]","[0.3486538827419281, 0.349061518907547, 0.34876447916030884, 0.3484750986099243, 0.34946125745773315, 0.34868693351745605, 0.347384512424469, 0.3484427332878113, 0.3491641581058502, 0.272855281829834]"
1,0.1,0.001,fixed,paper,"[0.2888074219226837, 0.3461211323738098, 0.3476487994194031, 0.3475305736064911, 0.346477210521698, 0.34675315022468567, 0.3478415608406067, 0.34788161516189575, 0.3471672534942627, 0.34838613867759705]","[0.3476104140281677, 0.2803623378276825, 0.34787651896476746, 0.34598401188850403, 0.34835684299468994, 0.3482656478881836, 0.3480679392814636, 0.34825944900512695, 0.34869199991226196, 0.3494746685028076]","[0.34771376848220825, 0.34646645188331604, 0.29090574383735657, 0.3464021682739258, 0.34721842408180237, 0.34714949131011963, 0.3476637899875641, 0.3465985655784607, 0.34738001227378845, 0.347460001707077]","[0.34832802414894104, 0.345432311296463, 0.347707599401474, 0.28190815448760986, 0.34780773520469666, 0.34784021973609924, 0.3487869203090668, 0.3486747145652771, 0.34816572070121765, 0.348835289478302]","[0.3478856086730957, 0.3485117256641388, 0.3468393087387085, 0.3468284606933594, 0.2899710536003113, 0.3461228609085083, 0.3467375636100769, 0.34683966636657715, 0.3474096953868866, 0.3477332293987274]","[0.3471490740776062, 0.3475615978240967, 0.3475797176361084, 0.3474409282207489, 0.3463825285434723, 0.290649950504303, 0.3477199375629425, 0.3479278087615967, 0.34541264176368713, 0.3472839593887329]","[0.34782400727272034, 0.34780585765838623, 0.34789958596229553, 0.3481888473033905, 0.34877318143844604, 0.3485802710056305, 0.28128933906555176, 0.34745845198631287, 0.3476746380329132, 0.3472990095615387]","[0.348529189825058, 0.34780803322792053, 0.34727996587753296, 0.34847670793533325, 0.34603989124298096, 0.3478213846683502, 0.3473498523235321, 0.283251017332077, 0.3482550382614136, 0.3486323952674866]","[0.34776487946510315, 0.3482761085033417, 0.3476589322090149, 0.34807831048965454, 0.346932053565979, 0.34547972679138184, 0.34741485118865967, 0.34790316224098206, 0.28756090998649597, 0.3473745882511139]","[0.3483402132987976, 0.34810563921928406, 0.348006010055542, 0.3476606607437134, 0.3486567437648773, 0.3478330373764038, 0.3465142250061035, 0.3479296863079071, 0.34854382276535034, 0.28118351101875305]"
0,0.1,10,fixed,paper,"[0.21623730659484863, 0.35394537448883057, 0.35393428802490234, 0.3541416525840759, 0.35392361879348755, 0.35397613048553467, 0.353958398103714, 0.3539808690547943, 0.35382258892059326, 0.35393059253692627]","[0.3538528084754944, 0.2173740118741989, 0.35381755232810974, 0.3538314998149872, 0.35383176803588867, 0.3539848029613495, 0.35385051369667053, 0.3538435399532318, 0.3537648320198059, 0.3538089096546173]","[0.35381951928138733, 0.3538149297237396, 0.2177252620458603, 0.35379505157470703, 0.3537873923778534, 0.35384073853492737, 0.353818416595459, 0.35383009910583496, 0.3537629246711731, 0.3537985682487488]","[0.3538264334201813, 0.3538210391998291, 0.3538009226322174, 0.21763242781162262, 0.35378482937812805, 0.3539339303970337, 0.3538397252559662, 0.3538256883621216, 0.35372307896614075, 0.3537975549697876]","[0.3538086712360382, 0.3538156747817993, 0.35379868745803833, 0.3538062572479248, 0.21764042973518372, 0.3539486825466156, 0.35382547974586487, 0.353813499212265, 0.353736937046051, 0.3537920415401459]","[0.35369357466697693, 0.35371801257133484, 0.35368627309799194, 0.35369637608528137, 0.3536912202835083, 0.21889156103134155, 0.35369953513145447, 0.3537103831768036, 0.3536345958709717, 0.3536906838417053]","[0.35396692156791687, 0.35386794805526733, 0.3538534343242645, 0.3538637161254883, 0.35383257269859314, 0.3539673388004303, 0.21696947515010834, 0.3538993000984192, 0.35382387042045593, 0.35387471318244934]","[0.3537852466106415, 0.3537765145301819, 0.3537646532058716, 0.3537607789039612, 0.35375773906707764, 0.3538971543312073, 0.35380351543426514, 0.2179751694202423, 0.35372939705848694, 0.35376930236816406]","[0.3550250232219696, 0.3548232614994049, 0.3548581898212433, 0.3548978865146637, 0.3549138903617859, 0.3558874726295471, 0.3548443019390106, 0.3548320531845093, 0.2060360610485077, 0.3549553155899048]","[0.35382604598999023, 0.3538174331188202, 0.3537983000278473, 0.35380855202674866, 0.3537909686565399, 0.35384705662727356, 0.35383227467536926, 0.353836327791214, 0.35378187894821167, 0.21764588356018066]"
0,0.1,3,fixed,paper,"[0.22301620244979858, 0.35324352979660034, 0.3532665967941284, 0.3533182740211487, 0.3532700538635254, 0.3531167805194855, 0.35329777002334595, 0.35317447781562805, 0.3535841703414917, 0.3532837927341461]","[0.35263073444366455, 0.22663185000419617, 0.35301077365875244, 0.3527055084705353, 0.353167325258255, 0.35291069746017456, 0.3528701961040497, 0.3527901768684387, 0.3532854914665222, 0.353014200925827]","[0.3529023826122284, 0.35315564274787903, 0.22568891942501068, 0.3528304398059845, 0.35312598943710327, 0.35284852981567383, 0.35291293263435364, 0.352794349193573, 0.3535260260105133, 0.35312747955322266]","[0.35296326875686646, 0.35323721170425415, 0.3530619144439697, 0.22451195120811462, 0.3532555401325226, 0.3529927730560303, 0.35302335023880005, 0.3531116247177124, 0.35337960720062256, 0.35320836305618286]","[0.35268542170524597, 0.3530932068824768, 0.3528720736503601, 0.35298845171928406, 0.22643011808395386, 0.35273274779319763, 0.3529507517814636, 0.3527521789073944, 0.35325124859809875, 0.35323596000671387]","[0.3530377149581909, 0.3532147705554962, 0.3531339168548584, 0.3530126214027405, 0.3529413044452667, 0.22477807104587555, 0.3531695604324341, 0.3528299331665039, 0.3533358573913574, 0.3533306419849396]","[0.3529834449291229, 0.3531503975391388, 0.35290735960006714, 0.3528023362159729, 0.3531394302845001, 0.35292375087738037, 0.22544749081134796, 0.3530329167842865, 0.35334235429763794, 0.35313257575035095]","[0.352934330701828, 0.3532087504863739, 0.3529264032840729, 0.35310032963752747, 0.35309699177742004, 0.35275745391845703, 0.3532070517539978, 0.22475571930408478, 0.35358771681785583, 0.35322999954223633]","[0.3536970317363739, 0.3537593185901642, 0.35374370217323303, 0.35347262024879456, 0.35381972789764404, 0.35423150658607483, 0.35356858372688293, 0.35359692573547363, 0.21834559738636017, 0.35385987162590027]","[0.3524673283100128, 0.352755606174469, 0.3527120351791382, 0.35257330536842346, 0.3529704213142395, 0.3525986969470978, 0.3527683615684509, 0.3526689410209656, 0.35315388441085815, 0.22858822345733643]"
0,0.1,1,fixed,paper,"[0.23292769491672516, 0.35189172625541687, 0.35249245166778564, 0.3525887131690979, 0.352029412984848, 0.3523852229118347, 0.35258373618125916, 0.35249900817871094, 0.35233935713768005, 0.35210105776786804]","[0.35205188393592834, 0.23195436596870422, 0.35269999504089355, 0.3522762656211853, 0.3526446223258972, 0.35273969173431396, 0.35243934392929077, 0.352470725774765, 0.35214248299598694, 0.3522859811782837]","[0.3521552085876465, 0.35197609663009644, 0.23544631898403168, 0.35208994150161743, 0.35199469327926636, 0.3520668148994446, 0.3520841896533966, 0.3520198166370392, 0.3522520959377289, 0.35205018520355225]","[0.35208770632743835, 0.3519507944583893, 0.3521643579006195, 0.23464468121528625, 0.3522726595401764, 0.35233139991760254, 0.3521013855934143, 0.3524757921695709, 0.3519832491874695, 0.3520304560661316]","[0.3521777391433716, 0.3522898256778717, 0.3522251844406128, 0.3526085913181305, 0.23239511251449585, 0.35234424471855164, 0.35255852341651917, 0.352400541305542, 0.35221293568611145, 0.3525210916996002]","[0.3522558808326721, 0.3518957793712616, 0.35230937600135803, 0.35225704312324524, 0.351685106754303, 0.23528151214122772, 0.3524203598499298, 0.3519151508808136, 0.3518710136413574, 0.35226839780807495]","[0.3521222770214081, 0.35186487436294556, 0.3519373834133148, 0.3519173264503479, 0.35191044211387634, 0.35205918550491333, 0.23614679276943207, 0.3523794710636139, 0.35197409987449646, 0.3519364595413208]","[0.3520423173904419, 0.3519096374511719, 0.3519008755683899, 0.3524523377418518, 0.3518265187740326, 0.35187003016471863, 0.35247567296028137, 0.23545095324516296, 0.3521767258644104, 0.3520733416080475]","[0.3533920645713806, 0.3530281186103821, 0.35350552201271057, 0.3531244099140167, 0.35310569405555725, 0.3538593053817749, 0.35322269797325134, 0.3534754514694214, 0.22264857590198517, 0.3532111644744873]","[0.35165438055992126, 0.35154929757118225, 0.35202476382255554, 0.3519373834133148, 0.3522040545940399, 0.35199183225631714, 0.352156400680542, 0.35213789343833923, 0.3518364429473877, 0.23688802123069763]"
0,0.1,0.3,fixed,paper,"[0.24427767097949982, 0.3510119616985321, 0.35134586691856384, 0.351341187953949, 0.3511303663253784, 0.35120391845703125, 0.35130774974823, 0.35141390562057495, 0.3513992726802826, 0.35102805495262146]","[0.3510647118091583, 0.24388161301612854, 0.3515886068344116, 0.35090145468711853, 0.3519086241722107, 0.35169079899787903, 0.3510188162326813, 0.35131382942199707, 0.3508770167827606, 0.3512393832206726]","[0.3517681360244751, 0.35174790024757385, 0.24255186319351196, 0.35117268562316895, 0.35155820846557617, 0.3511767089366913, 0.3510347306728363, 0.35117676854133606, 0.3516240417957306, 0.35142332315444946]","[0.35170361399650574, 0.35154303908348083, 0.3513669967651367, 0.24098099768161774, 0.351917028427124, 0.3516925573348999, 0.3510901629924774, 0.35190245509147644, 0.3513643741607666, 0.3514345586299896]","[0.351471483707428, 0.3519127070903778, 0.3509885370731354, 0.3514929413795471, 0.2422640025615692, 0.35128819942474365, 0.3513864576816559, 0.3514213562011719, 0.35126200318336487, 0.3516976237297058]","[0.35190349817276, 0.3515908122062683, 0.3515230119228363, 0.3513941466808319, 0.3509353995323181, 0.24253909289836884, 0.3515198528766632, 0.35100188851356506, 0.35112205147743225, 0.35172605514526367]","[0.3517882823944092, 0.3514937460422516, 0.35110345482826233, 0.3510228395462036, 0.3515617847442627, 0.351253479719162, 0.2423865795135498, 0.35182425379753113, 0.35141900181770325, 0.3513580858707428]","[0.3515447676181793, 0.3514735996723175, 0.3508785367012024, 0.3516615033149719, 0.3512140214443207, 0.35090872645378113, 0.3515574634075165, 0.24326902627944946, 0.3514460027217865, 0.35140153765678406]","[0.35285452008247375, 0.35246914625167847, 0.35264310240745544, 0.3520069420337677, 0.3524969220161438, 0.3527861535549164, 0.35206347703933716, 0.35269245505332947, 0.23119160532951355, 0.35242047905921936]","[0.35078346729278564, 0.3508176803588867, 0.35088783502578735, 0.35070621967315674, 0.351564884185791, 0.35085806250572205, 0.35090526938438416, 0.35111987590789795, 0.3507469594478607, 0.2476547658443451]"
0,0.1,0.1,fixed,paper,"[0.24933253228664398, 0.3503066599369049, 0.3510817587375641, 0.35111135244369507, 0.3504357933998108, 0.35085004568099976, 0.3508759140968323, 0.3509928286075592, 0.3510800898075104, 0.35028550028800964]","[0.34981802105903625, 0.25178200006484985, 0.35117560625076294, 0.3503607511520386, 0.35119301080703735, 0.3512853682041168, 0.35025903582572937, 0.3506375849246979, 0.35004952549934387, 0.3503390848636627]","[0.3504694998264313, 0.35071977972984314, 0.2533724009990692, 0.3504381775856018, 0.3504907786846161, 0.3502790331840515, 0.3499945104122162, 0.3501628637313843, 0.35078203678131104, 0.35029134154319763]","[0.35028839111328125, 0.3504200577735901, 0.3504975140094757, 0.2522876262664795, 0.3508107364177704, 0.35092589259147644, 0.34996846318244934, 0.35103803873062134, 0.3504117727279663, 0.3502138555049896]","[0.35044506192207336, 0.35129237174987793, 0.3503907024860382, 0.3511507213115692, 0.24882757663726807, 0.35081538558006287, 0.3508143723011017, 0.3508619964122772, 0.35068827867507935, 0.3509597182273865]","[0.3506879508495331, 0.35054218769073486, 0.35083264112472534, 0.35076236724853516, 0.34960421919822693, 0.25302064418792725, 0.3506770133972168, 0.34996670484542847, 0.35020801424980164, 0.35072699189186096]","[0.35057318210601807, 0.35055747628211975, 0.3503473699092865, 0.3503413796424866, 0.35061246156692505, 0.35047054290771484, 0.25169941782951355, 0.3511279225349426, 0.3506801426410675, 0.35030490159988403]","[0.35032525658607483, 0.35055017471313477, 0.35009336471557617, 0.3512425124645233, 0.35016006231307983, 0.35012945532798767, 0.3508375585079193, 0.252472460269928, 0.35069093108177185, 0.3504142761230469]","[0.3516310453414917, 0.3515227138996124, 0.3520532548427582, 0.3512978255748749, 0.35148268938064575, 0.35193106532096863, 0.3511391282081604, 0.3519636392593384, 0.24058333039283752, 0.35135018825531006]","[0.3494836091995239, 0.3498273193836212, 0.3502804934978485, 0.35013991594314575, 0.35077670216560364, 0.3501988351345062, 0.35014548897743225, 0.35041308403015137, 0.3499259948730469, 0.2564243674278259]"
0,0.1,0.03,fixed,paper,"[0.25880199670791626, 0.34918659925460815, 0.350064218044281, 0.35022902488708496, 0.34961509704589844, 0.34990179538726807, 0.35016757249832153, 0.349975049495697, 0.3507364094257355, 0.34941378235816956]","[0.3490355312824249, 0.2590218782424927, 0.3504168391227722, 0.3495757579803467, 0.35075896978378296, 0.35069307684898376, 0.34963086247444153, 0.34977278113365173, 0.3496062159538269, 0.34971728920936584]","[0.34993141889572144, 0.34998151659965515, 0.26014214754104614, 0.34975624084472656, 0.3500017523765564, 0.34949201345443726, 0.34938278794288635, 0.34925732016563416, 0.3506205081939697, 0.3497347831726074]","[0.34954506158828735, 0.34949833154678345, 0.34949102997779846, 0.2605542540550232, 0.3501943051815033, 0.35018083453178406, 0.3491867780685425, 0.3501928746700287, 0.35005107522010803, 0.34947994351387024]","[0.34963297843933105, 0.3504151403903961, 0.3491983413696289, 0.35031434893608093, 0.25792738795280457, 0.3499065637588501, 0.35012418031692505, 0.3498643934726715, 0.35024890303611755, 0.3502505421638489]","[0.3500937819480896, 0.34964463114738464, 0.3499545753002167, 0.350043922662735, 0.34871330857276917, 0.26110532879829407, 0.35012343525886536, 0.34890109300613403, 0.3498357832431793, 0.3501640856266022]","[0.3497045636177063, 0.3494970202445984, 0.3491288721561432, 0.34929853677749634, 0.34982749819755554, 0.34938421845436096, 0.26205942034721375, 0.3501254618167877, 0.3502078354358673, 0.34941309690475464]","[0.3497297167778015, 0.34977999329566956, 0.34912312030792236, 0.35073888301849365, 0.34954801201820374, 0.34932419657707214, 0.3504090905189514, 0.259251207113266, 0.35047975182533264, 0.34986576437950134]","[0.3505333662033081, 0.3502313494682312, 0.3507796823978424, 0.3500065505504608, 0.35041218996047974, 0.35055190324783325, 0.3500085473060608, 0.35070785880088806, 0.25360143184661865, 0.350220650434494]","[0.3484029471874237, 0.3485855162143707, 0.3490827679634094, 0.34908416867256165, 0.3500249981880188, 0.34910836815834045, 0.349272221326828, 0.3492727279663086, 0.3492441773414612, 0.2677657902240753]"
0,0.1,0.01,fixed,paper,"[0.26959556341171265, 0.3480294942855835, 0.349118709564209, 0.3491242527961731, 0.3486550748348236, 0.34909650683403015, 0.3491670787334442, 0.34923359751701355, 0.3503558039665222, 0.3480125367641449]","[0.34831446409225464, 0.26665446162223816, 0.34977295994758606, 0.34861183166503906, 0.35022854804992676, 0.35028672218322754, 0.34875407814979553, 0.34922778606414795, 0.3493322730064392, 0.3486432731151581]","[0.3493621349334717, 0.34915706515312195, 0.2686835527420044, 0.34880325198173523, 0.34932422637939453, 0.34879937767982483, 0.34843042492866516, 0.3485794961452484, 0.3505510091781616, 0.34846827387809753]","[0.34902656078338623, 0.34874647855758667, 0.348764032125473, 0.2674732804298401, 0.34964537620544434, 0.34978556632995605, 0.348320335149765, 0.34983083605766296, 0.34970125555992126, 0.3485666513442993]","[0.34897318482398987, 0.34963470697402954, 0.3482128083705902, 0.3493898808956146, 0.2665293216705322, 0.3492749333381653, 0.3492761254310608, 0.3492773473262787, 0.3498568534851074, 0.3491411805152893]","[0.3494064509868622, 0.34859952330589294, 0.3490380048751831, 0.3489924967288971, 0.34757301211357117, 0.27172961831092834, 0.34916722774505615, 0.3480018675327301, 0.3492658734321594, 0.34896358847618103]","[0.3491210639476776, 0.3486666679382324, 0.34825000166893005, 0.34830084443092346, 0.34917035698890686, 0.34870854020118713, 0.27030789852142334, 0.34966638684272766, 0.35007181763648987, 0.3482271134853363]","[0.3489246666431427, 0.34874534606933594, 0.3479980230331421, 0.3497854471206665, 0.34856918454170227, 0.34843501448631287, 0.34946098923683167, 0.2699148952960968, 0.35011914372444153, 0.34851402044296265]","[0.3498440086841583, 0.3492932617664337, 0.34996849298477173, 0.34888356924057007, 0.3495926260948181, 0.3497064411640167, 0.34897664189338684, 0.3501187264919281, 0.2636340856552124, 0.3489823043346405]","[0.3492358326911926, 0.3490111231803894, 0.34968405961990356, 0.34971708059310913, 0.3510013222694397, 0.34979790449142456, 0.3499008119106293, 0.3502347767353058, 0.35143253207206726, 0.25836271047592163]"
0,0.1,0.003,fixed,paper,"[0.2739611566066742, 0.3473430275917053, 0.349079966545105, 0.3486328721046448, 0.34816989302635193, 0.3488251566886902, 0.3488031327724457, 0.34896722435951233, 0.34989333152770996, 0.3476831018924713]","[0.34704864025115967, 0.27444741129875183, 0.34956836700439453, 0.3477941155433655, 0.34970539808273315, 0.3499467372894287, 0.34804674983024597, 0.34869083762168884, 0.34834736585617065, 0.34813910722732544]","[0.3478642404079437, 0.3479522466659546, 0.28166070580482483, 0.3476131856441498, 0.34827059507369995, 0.34779027104377747, 0.3472640812397003, 0.34752631187438965, 0.34937140345573425, 0.34755414724349976]","[0.3478334844112396, 0.34786826372146606, 0.34834739565849304, 0.2756313681602478, 0.34897440671920776, 0.34932735562324524, 0.3474940061569214, 0.34934696555137634, 0.34883278608322144, 0.3479849696159363]","[0.3477582633495331, 0.3488469421863556, 0.3476572334766388, 0.34860140085220337, 0.27484196424484253, 0.3486999273300171, 0.3485872447490692, 0.3486880362033844, 0.34895649552345276, 0.348630428314209]","[0.34811460971832275, 0.3474987745285034, 0.34850195050239563, 0.34802812337875366, 0.346381813287735, 0.28288495540618896, 0.34832119941711426, 0.3470519483089447, 0.34813880920410156, 0.34830528497695923]","[0.34784239530563354, 0.3476894795894623, 0.3476610779762268, 0.34729960560798645, 0.34837061166763306, 0.34794989228248596, 0.2800179421901703, 0.3490649461746216, 0.34913116693496704, 0.34752756357192993]","[0.3475654423236847, 0.34770476818084717, 0.3473038375377655, 0.3489688038825989, 0.3475886583328247, 0.34760385751724243, 0.348673015832901, 0.2803677022457123, 0.34908607602119446, 0.34780412912368774]","[0.3487401306629181, 0.348488986492157, 0.3497272729873657, 0.3480377495288849, 0.3489111363887787, 0.34905874729156494, 0.3482450842857361, 0.34966790676116943, 0.2713000476360321, 0.348448783159256]","[0.34757158160209656, 0.3476792871952057, 0.3489415943622589, 0.348528653383255, 0.35006049275398254, 0.3488607406616211, 0.3488484025001526, 0.3493221700191498, 0.3501075506210327, 0.27109381556510925]"
0,0.1,0.001,fixed,paper,"[0.2820696532726288, 0.34635353088378906, 0.34836721420288086, 0.34790390729904175, 0.34754258394241333, 0.3481789827346802, 0.34804731607437134, 0.34870100021362305, 0.34902986884117126, 0.3469957411289215]","[0.34613358974456787, 0.28210803866386414, 0.348992258310318, 0.3470419943332672, 0.34934255480766296, 0.34953442215919495, 0.3472505509853363, 0.3484570384025574, 0.3472650647163391, 0.3475795090198517]","[0.34703773260116577, 0.34706804156303406, 0.29046857357025146, 0.3468097448348999, 0.347698450088501, 0.34703049063682556, 0.3463301658630371, 0.3470974862575531, 0.3484150171279907, 0.34690579771995544]","[0.34693610668182373, 0.3469350039958954, 0.3475053012371063, 0.28455850481987, 0.3484093248844147, 0.3487423360347748, 0.3465244174003601, 0.34911131858825684, 0.34781190752983093, 0.3472934067249298]","[0.34675654768943787, 0.34792107343673706, 0.34659361839294434, 0.3477408289909363, 0.2849542796611786, 0.34791556000709534, 0.3476719558238983, 0.34826430678367615, 0.34782108664512634, 0.34792664647102356]","[0.3472346067428589, 0.34645962715148926, 0.34765660762786865, 0.34719085693359375, 0.3454136848449707, 0.29313406348228455, 0.34744811058044434, 0.34646743535995483, 0.34697601199150085, 0.347653329372406]","[0.34699296951293945, 0.3467906713485718, 0.34678012132644653, 0.3464427888393402, 0.3478102385997772, 0.3471984565258026, 0.2887951731681824, 0.3488451838493347, 0.34817156195640564, 0.34685152769088745]","[0.34629786014556885, 0.346405029296875, 0.3459799587726593, 0.347958505153656, 0.3465098738670349, 0.34644225239753723, 0.3475370407104492, 0.2943084239959717, 0.3476963937282562, 0.3467801511287689]","[0.3480713665485382, 0.3477690815925598, 0.34919941425323486, 0.34734225273132324, 0.3484748601913452, 0.34842410683631897, 0.3475095331668854, 0.34960460662841797, 0.27781981229782104, 0.3479446768760681]","[0.3463088870048523, 0.3463982343673706, 0.34787896275520325, 0.34745657444000244, 0.3493309020996094, 0.3479026257991791, 0.3477579951286316, 0.34876367449760437, 0.3487359881401062, 0.2833285331726074]"
2,0.2,10,fixed,paper,"[0.7592450380325317, 0.6265581846237183, 0.6258773803710938, 0.6271389722824097, 0.6280292868614197, 0.6277413964271545, 0.6266124844551086, 0.6267690062522888, 0.6301835179328918, 0.6285610795021057]","[0.6258723735809326, 0.7694777846336365, 0.625658392906189, 0.6265490651130676, 0.6269789338111877, 0.6276646852493286, 0.6256269216537476, 0.6264331340789795, 0.6266594529151917, 0.6266184449195862]","[0.6261321902275085, 0.6262952089309692, 0.7678126692771912, 0.6264447569847107, 0.6269569993019104, 0.6274862885475159, 0.6257480382919312, 0.6266202926635742, 0.6270208358764648, 0.6268073916435242]","[0.6261066198348999, 0.6258686780929565, 0.625662088394165, 0.7696614265441895, 0.6270307302474976, 0.627017080783844, 0.6259617209434509, 0.6268728375434875, 0.6265920996665955, 0.626755952835083]","[0.6306067109107971, 0.6348458528518677, 0.632970929145813, 0.6308935284614563, 0.715507984161377, 0.6321088075637817, 0.6304672956466675, 0.6312513947486877, 0.6324673891067505, 0.6319234371185303]","[0.6256434917449951, 0.6246480345726013, 0.6252017021179199, 0.6254417300224304, 0.6262996196746826, 0.7772349715232849, 0.6250896453857422, 0.6258767247200012, 0.6266705989837646, 0.6263091564178467]","[0.628519594669342, 0.628254234790802, 0.6282998919487, 0.6286943554878235, 0.6304249167442322, 0.633522093296051, 0.7391273975372314, 0.6291319131851196, 0.629630446434021, 0.6294240951538086]","[0.6256501078605652, 0.625164270401001, 0.6251460909843445, 0.6259559988975525, 0.6265101432800293, 0.6264722943305969, 0.6248875260353088, 0.7751415371894836, 0.6269606947898865, 0.6263034343719482]","[0.6276367902755737, 0.6268503069877625, 0.6272000074386597, 0.6277815103530884, 0.6287309527397156, 0.6304436922073364, 0.6276369690895081, 0.6295400261878967, 0.7522629499435425, 0.6278678774833679]","[0.6257028579711914, 0.6253921389579773, 0.6252437233924866, 0.6259671449661255, 0.6272338628768921, 0.6268296837806702, 0.6254940032958984, 0.6263022422790527, 0.6270275115966797, 0.772733747959137]"
2,0.2,3,fixed,paper,"[0.7744067311286926, 0.6259078979492188, 0.6251766085624695, 0.6253509521484375, 0.6267920136451721, 0.6254091858863831, 0.6254700422286987, 0.6250704526901245, 0.6279011368751526, 0.6267073154449463]","[0.6243472695350647, 0.7895635962486267, 0.624229907989502, 0.6247876882553101, 0.6254311800003052, 0.6249329447746277, 0.6238633394241333, 0.6242172122001648, 0.6241409182548523, 0.6243402361869812]","[0.6249676942825317, 0.6253684163093567, 0.7852981090545654, 0.6247238516807556, 0.6255016326904297, 0.6253794431686401, 0.6243171691894531, 0.6245143413543701, 0.6245256662368774, 0.6247247457504272]","[0.6251762509346008, 0.6253388524055481, 0.6250605583190918, 0.7820181250572205, 0.6262131333351135, 0.6251398921012878, 0.6248926520347595, 0.6256805658340454, 0.6248217225074768, 0.6245941519737244]","[0.6294395923614502, 0.634415328502655, 0.632168710231781, 0.6295409202575684, 0.7301177382469177, 0.6297996044158936, 0.6292248368263245, 0.6294113397598267, 0.6305160522460938, 0.629715621471405]","[0.6247767806053162, 0.6243443489074707, 0.6251391768455505, 0.624405562877655, 0.6253933906555176, 0.785768985748291, 0.62455815076828, 0.6248598694801331, 0.6251108646392822, 0.6250086426734924]","[0.627257227897644, 0.6271885633468628, 0.6272252798080444, 0.6270735859870911, 0.6288534998893738, 0.6313663721084595, 0.7554864883422852, 0.627216637134552, 0.6270540356636047, 0.6276833415031433]","[0.6247206330299377, 0.6246721148490906, 0.6241781711578369, 0.6251919269561768, 0.6253136396408081, 0.6247262954711914, 0.6238963603973389, 0.7869502305984497, 0.6252393126487732, 0.6246414184570312]","[0.6268983483314514, 0.6267620921134949, 0.6265809535980225, 0.6267412900924683, 0.6281014084815979, 0.628862738609314, 0.626714289188385, 0.6284723877906799, 0.7608508467674255, 0.6267125606536865]","[0.6249905824661255, 0.6251311898231506, 0.6247296929359436, 0.624628484249115, 0.6259617805480957, 0.625213086605072, 0.6249820590019226, 0.6250019073486328, 0.625471830368042, 0.7829167246818542]"
2,0.2,1,fixed,paper,"[0.7881066799163818, 0.6244688630104065, 0.6245105266571045, 0.6238980889320374, 0.6255765557289124, 0.6230904459953308, 0.624689519405365, 0.6233978867530823, 0.626261830329895, 0.6258736848831177]","[0.6233463287353516, 0.801407516002655, 0.6233988404273987, 0.623923122882843, 0.6244669556617737, 0.6227777004241943, 0.6230243444442749, 0.6225898861885071, 0.6228272914886475, 0.6236450672149658]","[0.6237063407897949, 0.6235946416854858, 0.8018496632575989, 0.6232796907424927, 0.6240097284317017, 0.6232268810272217, 0.6231896281242371, 0.6223770976066589, 0.6226152181625366, 0.623603880405426]","[0.6239211559295654, 0.6237343549728394, 0.6242074370384216, 0.7960280776023865, 0.6251302361488342, 0.6229891777038574, 0.6238991022109985, 0.6242268085479736, 0.6234073042869568, 0.6231673955917358]","[0.6281824707984924, 0.6331436038017273, 0.6313494443893433, 0.6284708976745605, 0.7435426115989685, 0.627452552318573, 0.6282925605773926, 0.6275455951690674, 0.6291552782058716, 0.6284776329994202]","[0.6238282322883606, 0.6232087016105652, 0.625066876411438, 0.6236604452133179, 0.6244657635688782, 0.7930840849876404, 0.6243440508842468, 0.6238244771957397, 0.6241498589515686, 0.6246839165687561]","[0.6256524324417114, 0.625030517578125, 0.6258816123008728, 0.6254833340644836, 0.6270000338554382, 0.6289195418357849, 0.773822009563446, 0.6250234246253967, 0.6248169541358948, 0.6266579031944275]","[0.6236996054649353, 0.623338520526886, 0.6231931447982788, 0.6247079372406006, 0.6240860819816589, 0.622940182685852, 0.6232141852378845, 0.7976718544960022, 0.6241073608398438, 0.6239467859268188]","[0.6256012320518494, 0.6253640651702881, 0.6254764795303345, 0.6255151033401489, 0.6269726157188416, 0.626774251461029, 0.6256332397460938, 0.6269093155860901, 0.7737141251564026, 0.6260563135147095]","[0.6234388947486877, 0.6232806444168091, 0.6234492659568787, 0.6228240132331848, 0.6239117383956909, 0.6228082180023193, 0.6240299344062805, 0.6229265332221985, 0.6237574815750122, 0.8008787035942078]"
2,0.2,0.3,fixed,paper,"[0.8067747950553894, 0.6223873496055603, 0.6227524280548096, 0.6219975352287292, 0.6241598725318909, 0.6210165619850159, 0.6230193972587585, 0.6219932436943054, 0.6242193579673767, 0.6239933371543884]","[0.6230754852294922, 0.8112241625785828, 0.6220656037330627, 0.623199462890625, 0.6238900423049927, 0.6214568614959717, 0.6218854188919067, 0.6218201518058777, 0.6216990947723389, 0.622492790222168]","[0.6235128045082092, 0.6221058368682861, 0.8124081492424011, 0.6223154664039612, 0.623244047164917, 0.6222456097602844, 0.6221001744270325, 0.6214364171028137, 0.6212291717529297, 0.6223638653755188]","[0.6232520937919617, 0.6219329237937927, 0.6227083802223206, 0.8098469972610474, 0.6242906451225281, 0.621527910232544, 0.62246173620224, 0.6234858632087708, 0.6220341920852661, 0.621140718460083]","[0.627318799495697, 0.6314814686775208, 0.6296917200088501, 0.6272053122520447, 0.7587249875068665, 0.625603437423706, 0.6267238855361938, 0.6262010335922241, 0.6276434063911438, 0.6264472603797913]","[0.6229416728019714, 0.6213521957397461, 0.6238232851028442, 0.6223879456520081, 0.6232583522796631, 0.8062392473220825, 0.6231610178947449, 0.6229777336120605, 0.6227061748504639, 0.6232331991195679]","[0.6249704360961914, 0.6230122447013855, 0.6242284178733826, 0.6242267489433289, 0.6257279515266418, 0.6274989247322083, 0.7881876826286316, 0.6238808035850525, 0.6229591369628906, 0.6253672242164612]","[0.6227260231971741, 0.6212694048881531, 0.6210244297981262, 0.6236813068389893, 0.622564435005188, 0.6213048696517944, 0.6215496063232422, 0.8145837783813477, 0.6224780678749084, 0.6221125721931458]","[0.6248586773872375, 0.6237366199493408, 0.6236944794654846, 0.6242543458938599, 0.6260555982589722, 0.6253437995910645, 0.6240769624710083, 0.6260275840759277, 0.7868213057518005, 0.6247665286064148]","[0.6229223608970642, 0.621682345867157, 0.6219720244407654, 0.6214668154716492, 0.6225565075874329, 0.6215417981147766, 0.6230821013450623, 0.6220139861106873, 0.6225336194038391, 0.8132562041282654]"
2,0.2,0.1,fixed,paper,"[0.8158072829246521, 0.6218861937522888, 0.6220074892044067, 0.6207146644592285, 0.6226262450218201, 0.6201173663139343, 0.6224184632301331, 0.6212894320487976, 0.6234928965568542, 0.6232256889343262]","[0.6211517453193665, 0.827884316444397, 0.6203582882881165, 0.6217053532600403, 0.6218079328536987, 0.6199235320091248, 0.6204285025596619, 0.6203640699386597, 0.6204987168312073, 0.621066153049469]","[0.622090756893158, 0.621234655380249, 0.8246996998786926, 0.6210060119628906, 0.6213986873626709, 0.6214750409126282, 0.6211170554161072, 0.6202347874641418, 0.6201962232589722, 0.6212737560272217]","[0.6216513514518738, 0.6210457682609558, 0.6215561628341675, 0.8218114972114563, 0.6226670742034912, 0.6205741763114929, 0.6214273571968079, 0.6227783560752869, 0.6213100552558899, 0.6195618510246277]","[0.6260894536972046, 0.6312984824180603, 0.6289467215538025, 0.6264562606811523, 0.7659713625907898, 0.6248288750648499, 0.6261241436004639, 0.6254571676254272, 0.627346396446228, 0.6254305243492126]","[0.6207104921340942, 0.6199970841407776, 0.6225126385688782, 0.6206532716751099, 0.6208551526069641, 0.8226814270019531, 0.6219670176506042, 0.6217516660690308, 0.621498703956604, 0.6218150854110718]","[0.6230210661888123, 0.6215726137161255, 0.6225865483283997, 0.6225849986076355, 0.623336911201477, 0.6262500286102295, 0.8048580288887024, 0.6224371194839478, 0.6214156150817871, 0.6241863369941711]","[0.620762050151825, 0.6200559139251709, 0.619144856929779, 0.6225454807281494, 0.6202012300491333, 0.6201183199882507, 0.6202292442321777, 0.8305150866508484, 0.6214390397071838, 0.6206662058830261]","[0.6226627230644226, 0.6225008368492126, 0.6217377781867981, 0.6224226355552673, 0.623833179473877, 0.6238993406295776, 0.6224021911621094, 0.624657928943634, 0.80439692735672, 0.6234007477760315]","[0.6211068630218506, 0.6206310987472534, 0.6204742789268494, 0.6196938753128052, 0.6200518012046814, 0.6204157471656799, 0.6221689581871033, 0.6207689046859741, 0.6215913891792297, 0.8283808827400208]"
2,0.2,0.03,fixed,paper,"[0.8271886706352234, 0.620758593082428, 0.6216706037521362, 0.6191918253898621, 0.6212837100028992, 0.6186934113502502, 0.6217786073684692, 0.6204056143760681, 0.6221261620521545, 0.6222180128097534]","[0.6198165416717529, 0.8406510353088379, 0.6195803284645081, 0.6204913854598999, 0.6204371452331543, 0.6183868050575256, 0.6194539666175842, 0.6192492246627808, 0.6191782355308533, 0.6199206113815308]","[0.6204833984375, 0.6194843649864197, 0.8425084948539734, 0.6192039251327515, 0.619491696357727, 0.6199259757995605, 0.6198422312736511, 0.618601381778717, 0.6182704567909241, 0.6196909546852112]","[0.6203509569168091, 0.6197654604911804, 0.6210451722145081, 0.8334118127822876, 0.6214665174484253, 0.6193276643753052, 0.6205872297286987, 0.6221229434013367, 0.6201777458190918, 0.6179770231246948]","[0.6248316764831543, 0.6303924918174744, 0.6285142302513123, 0.625370442867279, 0.7765481472015381, 0.6234340667724609, 0.6253900527954102, 0.6244377493858337, 0.6263126134872437, 0.6240792274475098]","[0.6189957857131958, 0.6184648275375366, 0.6220582723617554, 0.6191267371177673, 0.6190921664237976, 0.8362503051757812, 0.6211822628974915, 0.6207937002182007, 0.6200989484786987, 0.6206050515174866]","[0.6212222576141357, 0.6195899248123169, 0.6214361786842346, 0.6207855343818665, 0.6212204098701477, 0.6245585083961487, 0.8230125308036804, 0.6208966970443726, 0.6193152666091919, 0.622847855091095]","[0.6190526485443115, 0.6184034943580627, 0.6178619265556335, 0.6213547587394714, 0.6182162165641785, 0.6185933351516724, 0.619057297706604, 0.8465955853462219, 0.6199460625648499, 0.619167149066925]","[0.6210679411888123, 0.6211715340614319, 0.6207229495048523, 0.6208836436271667, 0.622334361076355, 0.6224627494812012, 0.6212221384048462, 0.6236407160758972, 0.8179885149002075, 0.6223276853561401]","[0.6195923089981079, 0.6191872358322144, 0.6196184158325195, 0.617914617061615, 0.6179730296134949, 0.6189973950386047, 0.6214494109153748, 0.6195774078369141, 0.6202415823936462, 0.8431553244590759]"
2,0.2,0.01,fixed,paper,"[0.8405258059501648, 0.6202665567398071, 0.6209604740142822, 0.6172611117362976, 0.6201545000076294, 0.6172106266021729, 0.6203300356864929, 0.6191417574882507, 0.6207223534584045, 0.6209256052970886]","[0.6184353232383728, 0.8571988940238953, 0.6183262467384338, 0.618766725063324, 0.619175910949707, 0.6166883707046509, 0.6175680160522461, 0.617651641368866, 0.617716908454895, 0.6183876395225525]","[0.6192564964294434, 0.6191449761390686, 0.8584656119346619, 0.6168617010116577, 0.6181219220161438, 0.6186408996582031, 0.6180827617645264, 0.6169131398200989, 0.6166315078735352, 0.6181473135948181]","[0.6214485764503479, 0.6234214901924133, 0.6226022243499756, 0.8191679120063782, 0.6227647066116333, 0.6202344298362732, 0.6212069988250732, 0.6233839392662048, 0.6212549805641174, 0.618786633014679]","[0.6235211491584778, 0.6298100352287292, 0.6275990009307861, 0.6237019896507263, 0.7907419800758362, 0.621870756149292, 0.6237377524375916, 0.6229287385940552, 0.6251309514045715, 0.6223345994949341]","[0.6174136996269226, 0.6176140904426575, 0.6213054656982422, 0.6176260113716125, 0.6176185607910156, 0.8502829670906067, 0.6196637749671936, 0.6195305585861206, 0.618736982345581, 0.6191849708557129]","[0.6201115250587463, 0.6194484233856201, 0.6205437779426575, 0.6192411184310913, 0.6199487447738647, 0.6234387755393982, 0.8346797823905945, 0.6196077466011047, 0.6178090572357178, 0.6218547821044922]","[0.6177207827568054, 0.6181142926216125, 0.6165275573730469, 0.6198233962059021, 0.6167654395103455, 0.6173293590545654, 0.6173977255821228, 0.8604297041893005, 0.6187357902526855, 0.6177042126655579]","[0.6195940375328064, 0.6209929585456848, 0.6193991303443909, 0.6188713908195496, 0.6211121082305908, 0.6210306286811829, 0.6192978620529175, 0.6223069429397583, 0.832404613494873, 0.6210328936576843]","[0.6183851361274719, 0.6188515424728394, 0.6186400055885315, 0.6159098148345947, 0.6163594722747803, 0.6177700161933899, 0.620171070098877, 0.6182567477226257, 0.6191043853759766, 0.8565911650657654]"
2,0.2,0.003,fixed,paper,"[0.8515434265136719, 0.6197956800460815, 0.6204351186752319, 0.6160226464271545, 0.619314432144165, 0.6159701347351074, 0.6190955638885498, 0.6177912354469299, 0.6195196509361267, 0.6199355125427246]","[0.6166064739227295, 0.8758487105369568, 0.6168718934059143, 0.6173471212387085, 0.6178176403045654, 0.6148471832275391, 0.6155110597610474, 0.615582287311554, 0.6160703301429749, 0.6167718768119812]","[0.6177845001220703, 0.6181924939155579, 0.8744179010391235, 0.6154851913452148, 0.6168586611747742, 0.6174144744873047, 0.6163546442985535, 0.6149564981460571, 0.6150107979774475, 0.6167231798171997]","[0.619920015335083, 0.62257319688797, 0.6216797232627869, 0.8328847885131836, 0.6218426823616028, 0.61894690990448, 0.6195497512817383, 0.6220378875732422, 0.620061993598938, 0.6169980764389038]","[0.6218816637992859, 0.6291830539703369, 0.626602053642273, 0.6225224733352661, 0.8056379556655884, 0.6202833652496338, 0.6220329999923706, 0.6210666298866272, 0.6238827705383301, 0.6206269860267639]","[0.6155539155006409, 0.6165992617607117, 0.6205212473869324, 0.6162415146827698, 0.6162188649177551, 0.8651396036148071, 0.6181431412696838, 0.6179646849632263, 0.6173598766326904, 0.6178513169288635]","[0.6187506318092346, 0.6185657382011414, 0.6196485161781311, 0.6181670427322388, 0.6187785267829895, 0.6223725080490112, 0.8471728563308716, 0.618044376373291, 0.6163161396980286, 0.6209752559661865]","[0.6163512468338013, 0.6174635291099548, 0.615403950214386, 0.6192585825920105, 0.6156286001205444, 0.6163313388824463, 0.6159769892692566, 0.8719237446784973, 0.6177501678466797, 0.6165682673454285]","[0.6178725361824036, 0.6201969981193542, 0.6180747747421265, 0.6174930334091187, 0.6199926733970642, 0.6196544170379639, 0.6174023151397705, 0.6207001209259033, 0.8472279906272888, 0.6198543310165405]","[0.6168484091758728, 0.6180479526519775, 0.6175792217254639, 0.6143975853919983, 0.6147689819335938, 0.6165168285369873, 0.6188386082649231, 0.6165823936462402, 0.6178998947143555, 0.8711792826652527]"
2,0.2,0.001,fixed,paper,"[0.8632645010948181, 0.6186742186546326, 0.6205441951751709, 0.614654541015625, 0.6181705594062805, 0.6143615245819092, 0.6176996231079102, 0.6167183518409729, 0.6185680627822876, 0.6190344095230103]","[0.6152980327606201, 0.8889082074165344, 0.6165505647659302, 0.6162953972816467, 0.6166530251502991, 0.6131365299224854, 0.6137911677360535, 0.6142891049385071, 0.6151726841926575, 0.6157437562942505]","[0.6158791184425354, 0.6161343455314636, 0.8967469334602356, 0.6135238409042358, 0.6148363351821899, 0.615363597869873, 0.6140099167823792, 0.6128233075141907, 0.6131861805915833, 0.6149330139160156]","[0.6185254454612732, 0.6211866736412048, 0.6215040683746338, 0.8458600044250488, 0.6207280158996582, 0.6174024343490601, 0.6178435683250427, 0.6210806369781494, 0.6192314028739929, 0.6154118180274963]","[0.620507001876831, 0.6281476616859436, 0.6264827251434326, 0.6214553713798523, 0.8182290196418762, 0.618570864200592, 0.6204099655151367, 0.619725227355957, 0.6231279969215393, 0.6192526817321777]","[0.6140098571777344, 0.6152277588844299, 0.6206642985343933, 0.6150199174880981, 0.6148091554641724, 0.8771644830703735, 0.6167537569999695, 0.6169690489768982, 0.6165267825126648, 0.6168994307518005]","[0.6175450086593628, 0.6171658039093018, 0.6195212602615356, 0.6170956492424011, 0.6174377799034119, 0.621070384979248, 0.8585465550422668, 0.6168921589851379, 0.6152081489562988, 0.6203173398971558]","[0.6148120760917664, 0.6159707903862, 0.6147243976593018, 0.6183704733848572, 0.6139965653419495, 0.614772617816925, 0.6142033338546753, 0.8864068388938904, 0.6168233156204224, 0.615330159664154]","[0.6160019636154175, 0.6185789704322815, 0.6172143220901489, 0.6158133745193481, 0.6183977723121643, 0.6177383065223694, 0.6151747703552246, 0.6191991567611694, 0.8648104071617126, 0.6185930371284485]","[0.6152845025062561, 0.616544783115387, 0.6171039938926697, 0.6127066612243652, 0.6128267645835876, 0.6148453950881958, 0.6172946095466614, 0.6151365637779236, 0.6168966889381409, 0.8871005177497864]"
0,0,10,fixed,fixed,"[3.898504417065851e-07, 0.0, 0.0, 0.0, 0.0, 0.0, 0.0, 0.0, 0.0, 0.0]","[0.0, 2.756840331130661e-05, 0.0, 0.0, 0.0, 0.0, 0.0, 0.0, 0.0, 0.0]","[0.0, 0.0, 1.1956784874200821e-05, 0.0, 0.0, 0.0, 0.0, 0.0, 0.0, 0.0]","[0.0, 0.0, 0.0, 9.186524607684987e-07, 0.0, 0.0, 0.0, 0.0, 0.0, 0.0]","[0.0, 0.0, 0.0, 0.0, 1.280981791751401e-06, 0.0, 0.0, 0.0, 0.0, 0.0]","[0.0, 0.0, 0.0, 0.0, 0.0, 7.947406629682519e-06, 0.0, 0.0, 0.0, 0.0]","[0.0, 0.0, 0.0, 0.0, 0.0, 0.0, 9.393243090016767e-06, 0.0, 0.0, 0.0]","[0.0, 0.0, 0.0, 0.0, 0.0, 0.0, 0.0, 4.951239588990575e-06, 0.0, 0.0]","[0.0, 0.0, 0.0, 0.0, 0.0, 0.0, 0.0, 0.0, 1.921520606629201e-06, 0.0]","[0.0, 0.0, 0.0, 0.0, 0.0, 0.0, 0.0, 0.0, 0.0, 2.3593518108100398e-06]"
0,0,3,fixed,fixed,"[2.746254722296726e-06, 0.0, 0.0, 0.0, 0.0, 0.0, 0.0, 0.0, 0.0, 0.0]","[0.0, 6.9453044488909654e-06, 0.0, 0.0, 0.0, 0.0, 0.0, 0.0, 0.0, 0.0]","[0.0, 0.0, 2.789584414131241e-06, 0.0, 0.0, 0.0, 0.0, 0.0, 0.0, 0.0]","[0.0, 0.0, 0.0, 4.561683908832492e-06, 0.0, 0.0, 0.0, 0.0, 0.0, 0.0]","[0.0, 0.0, 0.0, 0.0, 2.8933652629348217e-06, 0.0, 0.0, 0.0, 0.0, 0.0]","[0.0, 0.0, 0.0, 0.0, 0.0, 1.6849659232320846e-06, 0.0, 0.0, 0.0, 0.0]","[0.0, 0.0, 0.0, 0.0, 0.0, 0.0, 3.7412717119877925e-06, 0.0, 0.0, 0.0]","[0.0, 0.0, 0.0, 0.0, 0.0, 0.0, 0.0, 6.098983703850536e-06, 0.0, 0.0]","[0.0, 0.0, 0.0, 0.0, 0.0, 0.0, 0.0, 0.0, 7.427565378748113e-06, 0.0]","[0.0, 0.0, 0.0, 0.0, 0.0, 0.0, 0.0, 0.0, 0.0, 4.090894435648806e-06]"
0,0,1,fixed,fixed,"[5.059006980445702e-06, 0.0, 0.0, 0.0, 0.0, 0.0, 0.0, 0.0, 0.0, 0.0]","[0.0, 1.155379504780285e-05, 0.0, 0.0, 0.0, 0.0, 0.0, 0.0, 0.0, 0.0]","[0.0, 0.0, 8.534957487427164e-06, 0.0, 0.0, 0.0, 0.0, 0.0, 0.0, 0.0]","[0.0, 0.0, 0.0, 6.823837793490384e-06, 0.0, 0.0, 0.0, 0.0, 0.0, 0.0]","[0.0, 0.0, 0.0, 0.0, 7.412446848320542e-06, 0.0, 0.0, 0.0, 0.0, 0.0]","[0.0, 0.0, 0.0, 0.0, 0.0, 7.777314749546349e-06, 0.0, 0.0, 0.0, 0.0]","[0.0, 0.0, 0.0, 0.0, 0.0, 0.0, 1.0702638064685743e-05, 0.0, 0.0, 0.0]","[0.0, 0.0, 0.0, 0.0, 0.0, 0.0, 0.0, 3.1149011192610487e-06, 0.0, 0.0]","[0.0, 0.0, 0.0, 0.0, 0.0, 0.0, 0.0, 0.0, 7.464172540494474e-06, 0.0]","[0.0, 0.0, 0.0, 0.0, 0.0, 0.0, 0.0, 0.0, 0.0, 7.285545962076867e-06]"
0,0,0.3,fixed,fixed,"[6.658730171693605e-07, 0.0, 0.0, 0.0, 0.0, 0.0, 0.0, 0.0, 0.0, 0.0]","[0.0, 5.259824433778704e-07, 0.0, 0.0, 0.0, 0.0, 0.0, 0.0, 0.0, 0.0]","[0.0, 0.0, 9.798857263376703e-07, 0.0, 0.0, 0.0, 0.0, 0.0, 0.0, 0.0]","[0.0, 0.0, 0.0, 4.3698230456357123e-07, 0.0, 0.0, 0.0, 0.0, 0.0, 0.0]","[0.0, 0.0, 0.0, 0.0, 1.7848111610874184e-07, 0.0, 0.0, 0.0, 0.0, 0.0]","[0.0, 0.0, 0.0, 0.0, 0.0, 4.3955117234872887e-07, 0.0, 0.0, 0.0, 0.0]","[0.0, 0.0, 0.0, 0.0, 0.0, 0.0, 3.741353111763601e-06, 0.0, 0.0, 0.0]","[0.0, 0.0, 0.0, 0.0, 0.0, 0.0, 0.0, 6.780938974770834e-07, 0.0, 0.0]","[0.0, 0.0, 0.0, 0.0, 0.0, 0.0, 0.0, 0.0, 3.22904924132672e-07, 0.0]","[0.0, 0.0, 0.0, 0.0, 0.0, 0.0, 0.0, 0.0, 0.0, 1.0096140385940089e-06]"
0,0,0.1,fixed,fixed,"[8.418397555942647e-06, 0.0, 0.0, 0.0, 0.0, 0.0, 0.0, 0.0, 0.0, 0.0]","[0.0, 7.711613761784974e-06, 0.0, 0.0, 0.0, 0.0, 0.0, 0.0, 0.0, 0.0]","[0.0, 0.0, 1.1756326784961857e-05, 0.0, 0.0, 0.0, 0.0, 0.0, 0.0, 0.0]","[0.0, 0.0, 0.0, 1.1680819625325967e-05, 0.0, 0.0, 0.0, 0.0, 0.0, 0.0]","[0.0, 0.0, 0.0, 0.0, 1.3744523130299058e-05, 0.0, 0.0, 0.0, 0.0, 0.0]","[0.0, 0.0, 0.0, 0.0, 0.0, 6.763730198144913e-06, 0.0, 0.0, 0.0, 0.0]","[0.0, 0.0, 0.0, 0.0, 0.0, 0.0, 6.70270856062416e-06, 0.0, 0.0, 0.0]","[0.0, 0.0, 0.0, 0.0, 0.0, 0.0, 0.0, 1.1359359632479027e-05, 0.0, 0.0]","[0.0, 0.0, 0.0, 0.0, 0.0, 0.0, 0.0, 0.0, 4.5077877075527795e-06, 0.0]","[0.0, 0.0, 0.0, 0.0, 0.0, 0.0, 0.0, 0.0, 0.0, 2.4612411380076082e-06]"
0,0,0.03,fixed,fixed,"[3.0624232749687508e-06, 0.0, 0.0, 0.0, 0.0, 0.0, 0.0, 0.0, 0.0, 0.0]","[0.0, 3.324239287394448e-06, 0.0, 0.0, 0.0, 0.0, 0.0, 0.0, 0.0, 0.0]","[0.0, 0.0, 3.123955139017198e-07, 0.0, 0.0, 0.0, 0.0, 0.0, 0.0, 0.0]","[0.0, 0.0, 0.0, 2.435860722016514e-07, 0.0, 0.0, 0.0, 0.0, 0.0, 0.0]","[0.0, 0.0, 0.0, 0.0, 1.7127188129961723e-06, 0.0, 0.0, 0.0, 0.0, 0.0]","[0.0, 0.0, 0.0, 0.0, 0.0, 2.292620592925232e-06, 0.0, 0.0, 0.0, 0.0]","[0.0, 0.0, 0.0, 0.0, 0.0, 0.0, 5.282344659462979e-07, 0.0, 0.0, 0.0]","[0.0, 0.0, 0.0, 0.0, 0.0, 0.0, 0.0, 7.696302054682747e-05, 0.0, 0.0]","[0.0, 0.0, 0.0, 0.0, 0.0, 0.0, 0.0, 0.0, 7.79025924657617e-07, 0.0]","[0.0, 0.0, 0.0, 0.0, 0.0, 0.0, 0.0, 0.0, 0.0, 2.3562620299344417e-06]"
0,0,0.01,fixed,fixed,"[4.803991032531485e-06, 0.0, 0.0, 0.0, 0.0, 0.0, 0.0, 0.0, 0.0, 0.0]","[0.0, 2.365339469179162e-06, 0.0, 0.0, 0.0, 0.0, 0.0, 0.0, 0.0, 0.0]","[0.0, 0.0, 7.773740435368381e-06, 0.0, 0.0, 0.0, 0.0, 0.0, 0.0, 0.0]","[0.0, 0.0, 0.0, 1.7567972463439219e-06, 0.0, 0.0, 0.0, 0.0, 0.0, 0.0]","[0.0, 0.0, 0.0, 0.0, 1.6927981050685048e-05, 0.0, 0.0, 0.0, 0.0, 0.0]","[0.0, 0.0, 0.0, 0.0, 0.0, 5.302627414494054e-06, 0.0, 0.0, 0.0, 0.0]","[0.0, 0.0, 0.0, 0.0, 0.0, 0.0, 2.9920122415205697e-06, 0.0, 0.0, 0.0]","[0.0, 0.0, 0.0, 0.0, 0.0, 0.0, 0.0, 4.242580416757846e-06, 0.0, 0.0]","[0.0, 0.0, 0.0, 0.0, 0.0, 0.0, 0.0, 0.0, 1.4257856264521251e-06, 0.0]","[0.0, 0.0, 0.0, 0.0, 0.0, 0.0, 0.0, 0.0, 0.0, 2.2414847080654e-06]"
0,0,0.003,fixed,fixed,"[2.4618846509838477e-05, 0.0, 0.0, 0.0, 0.0, 0.0, 0.0, 0.0, 0.0, 0.0]","[0.0, 2.442015102133155e-06, 0.0, 0.0, 0.0, 0.0, 0.0, 0.0, 0.0, 0.0]","[0.0, 0.0, 1.1544932021934073e-05, 0.0, 0.0, 0.0, 0.0, 0.0, 0.0, 0.0]","[0.0, 0.0, 0.0, 1.828446443141729e-06, 0.0, 0.0, 0.0, 0.0, 0.0, 0.0]","[0.0, 0.0, 0.0, 0.0, 4.5206104459794005e-07, 0.0, 0.0, 0.0, 0.0, 0.0]","[0.0, 0.0, 0.0, 0.0, 0.0, 1.242204348272935e-06, 0.0, 0.0, 0.0, 0.0]","[0.0, 0.0, 0.0, 0.0, 0.0, 0.0, 1.130034661400714e-06, 0.0, 0.0, 0.0]","[0.0, 0.0, 0.0, 0.0, 0.0, 0.0, 0.0, 8.913099236451671e-07, 0.0, 0.0]","[0.0, 0.0, 0.0, 0.0, 0.0, 0.0, 0.0, 0.0, 7.788610218995018e-07, 0.0]","[0.0, 0.0, 0.0, 0.0, 0.0, 0.0, 0.0, 0.0, 0.0, 5.320981017575832e-06]"
0,0,0.001,fixed,fixed,"[1.551244713482447e-05, 0.0, 0.0, 0.0, 0.0, 0.0, 0.0, 0.0, 0.0, 0.0]","[0.0, 2.3624428649782203e-05, 0.0, 0.0, 0.0, 0.0, 0.0, 0.0, 0.0, 0.0]","[0.0, 0.0, 1.4947411727916915e-05, 0.0, 0.0, 0.0, 0.0, 0.0, 0.0, 0.0]","[0.0, 0.0, 0.0, 2.634564953041263e-05, 0.0, 0.0, 0.0, 0.0, 0.0, 0.0]","[0.0, 0.0, 0.0, 0.0, 1.6838561350596137e-05, 0.0, 0.0, 0.0, 0.0, 0.0]","[0.0, 0.0, 0.0, 0.0, 0.0, 9.247793968825135e-06, 0.0, 0.0, 0.0, 0.0]","[0.0, 0.0, 0.0, 0.0, 0.0, 0.0, 4.1545699787093326e-05, 0.0, 0.0, 0.0]","[0.0, 0.0, 0.0, 0.0, 0.0, 0.0, 0.0, 1.3643011698150076e-05, 0.0, 0.0]","[0.0, 0.0, 0.0, 0.0, 0.0, 0.0, 0.0, 0.0, 0.00012715824414044619, 0.0]","[0.0, 0.0, 0.0, 0.0, 0.0, 0.0, 0.0, 0.0, 0.0, 1.921321927511599e-05]"
4,0,10,fixed,paper,"[1.3999546354170889e-05, 0.0, 0.0, 0.0, 0.0, 0.0, 0.0, 0.0, 0.0, 0.0]","[0.0, 1.4453411267822958e-06, 0.0, 0.0, 0.0, 0.0, 0.0, 0.0, 0.0, 0.0]","[0.0, 0.0, 5.228490408626385e-06, 0.0, 0.0, 0.0, 0.0, 0.0, 0.0, 0.0]","[0.0, 0.0, 0.0, 7.6065152825322e-06, 0.0, 0.0, 0.0, 0.0, 0.0, 0.0]","[0.0, 0.0, 0.0, 0.0, 4.262499714968726e-06, 0.0, 0.0, 0.0, 0.0, 0.0]","[0.0, 0.0, 0.0, 0.0, 0.0, 3.260513494751649e-06, 0.0, 0.0, 0.0, 0.0]","[0.0, 0.0, 0.0, 0.0, 0.0, 0.0, 5.643839813274099e-07, 0.0, 0.0, 0.0]","[0.0, 0.0, 0.0, 0.0, 0.0, 0.0, 0.0, 1.7693688278086483e-05, 0.0, 0.0]","[0.0, 0.0, 0.0, 0.0, 0.0, 0.0, 0.0, 0.0, 2.290961128892377e-05, 0.0]","[0.0, 0.0, 0.0, 0.0, 0.0, 0.0, 0.0, 0.0, 0.0, 3.314223476991174e-06]"
4,0,3,fixed,paper,"[3.82725011149887e-06, 0.0, 0.0, 0.0, 0.0, 0.0, 0.0, 0.0, 0.0, 0.0]","[0.0, 3.2438601920148358e-06, 0.0, 0.0, 0.0, 0.0, 0.0, 0.0, 0.0, 0.0]","[0.0, 0.0, 3.527121180013637e-06, 0.0, 0.0, 0.0, 0.0, 0.0, 0.0, 0.0]","[0.0, 0.0, 0.0, 5.113797215017257e-06, 0.0, 0.0, 0.0, 0.0, 0.0, 0.0]","[0.0, 0.0, 0.0, 0.0, 6.654212938883575e-06, 0.0, 0.0, 0.0, 0.0, 0.0]","[0.0, 0.0, 0.0, 0.0, 0.0, 4.565669769363012e-06, 0.0, 0.0, 0.0, 0.0]","[0.0, 0.0, 0.0, 0.0, 0.0, 0.0, 2.713818275879021e-06, 0.0, 0.0, 0.0]","[0.0, 0.0, 0.0, 0.0, 0.0, 0.0, 0.0, 7.738403837720398e-06, 0.0, 0.0]","[0.0, 0.0, 0.0, 0.0, 0.0, 0.0, 0.0, 0.0, 3.3165285913128173e-06, 0.0]","[0.0, 0.0, 0.0, 0.0, 0.0, 0.0, 0.0, 0.0, 0.0, 6.711725291097537e-06]"
4,0,1,fixed,paper,"[9.508275979897007e-06, 0.0, 0.0, 0.0, 0.0, 0.0, 0.0, 0.0, 0.0, 0.0]","[0.0, 7.5300795288058e-06, 0.0, 0.0, 0.0, 0.0, 0.0, 0.0, 0.0, 0.0]","[0.0, 0.0, 6.487674454547232e-06, 0.0, 0.0, 0.0, 0.0, 0.0, 0.0, 0.0]","[0.0, 0.0, 0.0, 1.4212228961696383e-05, 0.0, 0.0, 0.0, 0.0, 0.0, 0.0]","[0.0, 0.0, 0.0, 0.0, 8.08998811407946e-06, 0.0, 0.0, 0.0, 0.0, 0.0]","[0.0, 0.0, 0.0, 0.0, 0.0, 7.975179869390558e-06, 0.0, 0.0, 0.0, 0.0]","[0.0, 0.0, 0.0, 0.0, 0.0, 0.0, 1.4949484466342255e-05, 0.0, 0.0, 0.0]","[0.0, 0.0, 0.0, 0.0, 0.0, 0.0, 0.0, 1.1237001672270708e-05, 0.0, 0.0]","[0.0, 0.0, 0.0, 0.0, 0.0, 0.0, 0.0, 0.0, 9.553659765515476e-06, 0.0]","[0.0, 0.0, 0.0, 0.0, 0.0, 0.0, 0.0, 0.0, 0.0, 8.516332854924258e-06]"
4,0,0.3,fixed,paper,"[3.283693956745992e-07, 0.0, 0.0, 0.0, 0.0, 0.0, 0.0, 0.0, 0.0, 0.0]","[0.0, 1.4618507293562288e-07, 0.0, 0.0, 0.0, 0.0, 0.0, 0.0, 0.0, 0.0]","[0.0, 0.0, 3.4302937024222047e-07, 0.0, 0.0, 0.0, 0.0, 0.0, 0.0, 0.0]","[0.0, 0.0, 0.0, 3.1269877354134223e-07, 0.0, 0.0, 0.0, 0.0, 0.0, 0.0]","[0.0, 0.0, 0.0, 0.0, 6.5424214881204534e-06, 0.0, 0.0, 0.0, 0.0, 0.0]","[0.0, 0.0, 0.0, 0.0, 0.0, 1.6868717978013592e-07, 0.0, 0.0, 0.0, 0.0]","[0.0, 0.0, 0.0, 0.0, 0.0, 0.0, 7.747331665086676e-07, 0.0, 0.0, 0.0]","[0.0, 0.0, 0.0, 0.0, 0.0, 0.0, 0.0, 3.914097703727748e-07, 0.0, 0.0]","[0.0, 0.0, 0.0, 0.0, 0.0, 0.0, 0.0, 0.0, 3.885939463543764e-07, 0.0]","[0.0, 0.0, 0.0, 0.0, 0.0, 0.0, 0.0, 0.0, 0.0, 3.026813999440492e-07]"
4,0,0.1,fixed,paper,"[7.357749609582243e-07, 0.0, 0.0, 0.0, 0.0, 0.0, 0.0, 0.0, 0.0, 0.0]","[0.0, 2.4060445866780356e-06, 0.0, 0.0, 0.0, 0.0, 0.0, 0.0, 0.0, 0.0]","[0.0, 0.0, 9.823970685829408e-07, 0.0, 0.0, 0.0, 0.0, 0.0, 0.0, 0.0]","[0.0, 0.0, 0.0, 1.0668808272384922e-06, 0.0, 0.0, 0.0, 0.0, 0.0, 0.0]","[0.0, 0.0, 0.0, 0.0, 3.87206500818138e-06, 0.0, 0.0, 0.0, 0.0, 0.0]","[0.0, 0.0, 0.0, 0.0, 0.0, 1.2502877098086174e-06, 0.0, 0.0, 0.0, 0.0]","[0.0, 0.0, 0.0, 0.0, 0.0, 0.0, 2.9856064429623075e-06, 0.0, 0.0, 0.0]","[0.0, 0.0, 0.0, 0.0, 0.0, 0.0, 0.0, 1.5437082083735731e-06, 0.0, 0.0]","[0.0, 0.0, 0.0, 0.0, 0.0, 0.0, 0.0, 0.0, 4.10341016277016e-07, 0.0]","[0.0, 0.0, 0.0, 0.0, 0.0, 0.0, 0.0, 0.0, 0.0, 5.287891440275416e-07]"
4,0,0.03,fixed,paper,"[2.8004292289551813e-06, 0.0, 0.0, 0.0, 0.0, 0.0, 0.0, 0.0, 0.0, 0.0]","[0.0, 7.098734386090655e-06, 0.0, 0.0, 0.0, 0.0, 0.0, 0.0, 0.0, 0.0]","[0.0, 0.0, 3.004623295055353e-06, 0.0, 0.0, 0.0, 0.0, 0.0, 0.0, 0.0]","[0.0, 0.0, 0.0, 6.959440270293271e-06, 0.0, 0.0, 0.0, 0.0, 0.0, 0.0]","[0.0, 0.0, 0.0, 0.0, 6.5880740294232965e-06, 0.0, 0.0, 0.0, 0.0, 0.0]","[0.0, 0.0, 0.0, 0.0, 0.0, 6.44660849502543e-06, 0.0, 0.0, 0.0, 0.0]","[0.0, 0.0, 0.0, 0.0, 0.0, 0.0, 7.860382538638078e-06, 0.0, 0.0, 0.0]","[0.0, 0.0, 0.0, 0.0, 0.0, 0.0, 0.0, 1.0456137715664227e-05, 0.0, 0.0]","[0.0, 0.0, 0.0, 0.0, 0.0, 0.0, 0.0, 0.0, 7.1390813900507055e-06, 0.0]","[0.0, 0.0, 0.0, 0.0, 0.0, 0.0, 0.0, 0.0, 0.0, 6.203870725585148e-06]"
4,0,0.01,fixed,paper,"[1.294983576372033e-06, 0.0, 0.0, 0.0, 0.0, 0.0, 0.0, 0.0, 0.0, 0.0]","[0.0, 1.810433616356022e-07, 0.0, 0.0, 0.0, 0.0, 0.0, 0.0, 0.0, 0.0]","[0.0, 0.0, 2.3980289824976353e-06, 0.0, 0.0, 0.0, 0.0, 0.0, 0.0, 0.0]","[0.0, 0.0, 0.0, 6.155597702672821e-07, 0.0, 0.0, 0.0, 0.0, 0.0, 0.0]","[0.0, 0.0, 0.0, 0.0, 1.0577216471574502e-06, 0.0, 0.0, 0.0, 0.0, 0.0]","[0.0, 0.0, 0.0, 0.0, 0.0, 0.00028254376957193017, 0.0, 0.0, 0.0, 0.0]","[0.0, 0.0, 0.0, 0.0, 0.0, 0.0, 7.504532959501375e-07, 0.0, 0.0, 0.0]","[0.0, 0.0, 0.0, 0.0, 0.0, 0.0, 0.0, 2.4503212898707716e-06, 0.0, 0.0]","[0.0, 0.0, 0.0, 0.0, 0.0, 0.0, 0.0, 0.0, 6.740081971656764e-06, 0.0]","[0.0, 0.0, 0.0, 0.0, 0.0, 0.0, 0.0, 0.0, 0.0, 3.817916081061412e-07]"
4,0,0.003,fixed,paper,"[1.0022840797319077e-05, 0.0, 0.0, 0.0, 0.0, 0.0, 0.0, 0.0, 0.0, 0.0]","[0.0, 2.6673782485886477e-05, 0.0, 0.0, 0.0, 0.0, 0.0, 0.0, 0.0, 0.0]","[0.0, 0.0, 2.093855437124148e-05, 0.0, 0.0, 0.0, 0.0, 0.0, 0.0, 0.0]","[0.0, 0.0, 0.0, 1.155805239250185e-05, 0.0, 0.0, 0.0, 0.0, 0.0, 0.0]","[0.0, 0.0, 0.0, 0.0, 9.513609256828204e-06, 0.0, 0.0, 0.0, 0.0, 0.0]","[0.0, 0.0, 0.0, 0.0, 0.0, 1.811741640267428e-05, 0.0, 0.0, 0.0, 0.0]","[0.0, 0.0, 0.0, 0.0, 0.0, 0.0, 1.1028650988009758e-05, 0.0, 0.0, 0.0]","[0.0, 0.0, 0.0, 0.0, 0.0, 0.0, 0.0, 1.190873263112735e-05, 0.0, 0.0]","[0.0, 0.0, 0.0, 0.0, 0.0, 0.0, 0.0, 0.0, 1.4672652469016612e-05, 0.0]","[0.0, 0.0, 0.0, 0.0, 0.0, 0.0, 0.0, 0.0, 0.0, 1.2225808859511744e-05]"
4,0,0.001,fixed,paper,"[3.34362885041628e-05, 0.0, 0.0, 0.0, 0.0, 0.0, 0.0, 0.0, 0.0, 0.0]","[0.0, 2.9181994250393473e-05, 0.0, 0.0, 0.0, 0.0, 0.0, 0.0, 0.0, 0.0]","[0.0, 0.0, 2.7462750949780457e-05, 0.0, 0.0, 0.0, 0.0, 0.0, 0.0, 0.0]","[0.0, 0.0, 0.0, 1.2163879546278622e-05, 0.0, 0.0, 0.0, 0.0, 0.0, 0.0]","[0.0, 0.0, 0.0, 0.0, 2.1435993403429165e-05, 0.0, 0.0, 0.0, 0.0, 0.0]","[0.0, 0.0, 0.0, 0.0, 0.0, 2.2956090106163174e-05, 0.0, 0.0, 0.0, 0.0]","[0.0, 0.0, 0.0, 0.0, 0.0, 0.0, 3.5874378227163106e-05, 0.0, 0.0, 0.0]","[0.0, 0.0, 0.0, 0.0, 0.0, 0.0, 0.0, 3.8587495510000736e-05, 0.0, 0.0]","[0.0, 0.0, 0.0, 0.0, 0.0, 0.0, 0.0, 0.0, 3.482878310023807e-05, 0.0]","[0.0, 0.0, 0.0, 0.0, 0.0, 0.0, 0.0, 0.0, 0.0, 2.9926339266239665e-05]"
2,0.1,10,fixed,fixed,"[0.21433639526367188, 0.35420793294906616, 0.3547465205192566, 0.35414013266563416, 0.35400474071502686, 0.354091078042984, 0.35415416955947876, 0.3539694845676422, 0.35406285524368286, 0.35399720072746277]","[0.35405582189559937, 0.2145649790763855, 0.35417184233665466, 0.35413897037506104, 0.35447055101394653, 0.3540816009044647, 0.3541196882724762, 0.35395368933677673, 0.35408467054367065, 0.35406070947647095]","[0.35370391607284546, 0.3537828028202057, 0.21893493831157684, 0.35371801257133484, 0.3536066710948944, 0.35369762778282166, 0.35373494029045105, 0.3535642921924591, 0.3537096679210663, 0.3536679744720459]","[0.35372018814086914, 0.3539169728755951, 0.35393500328063965, 0.2178981453180313, 0.3537033200263977, 0.35378962755203247, 0.35382071137428284, 0.35365232825279236, 0.3538019359111786, 0.3537787199020386]","[0.35396674275398254, 0.3541472554206848, 0.3540111482143402, 0.354011595249176, 0.21564912796020508, 0.35395845770835876, 0.3540153503417969, 0.353916198015213, 0.35399481654167175, 0.3541220426559448]","[0.3538668155670166, 0.3539312779903412, 0.3539218306541443, 0.3538699448108673, 0.3537430465221405, 0.21743248403072357, 0.3538632392883301, 0.3537234961986542, 0.35381513833999634, 0.3538004457950592]","[0.35377445816993713, 0.3538612127304077, 0.353819876909256, 0.35379651188850403, 0.35374894738197327, 0.3537643253803253, 0.21809306740760803, 0.3536487817764282, 0.3537713289260864, 0.3537539541721344]","[0.3543260097503662, 0.35454949736595154, 0.3551209568977356, 0.354312002658844, 0.35432857275009155, 0.35433223843574524, 0.3543296158313751, 0.21164502203464508, 0.35422617197036743, 0.3543153703212738]","[0.35379546880722046, 0.3539341986179352, 0.35387665033340454, 0.35380789637565613, 0.353752076625824, 0.35380426049232483, 0.35379958152770996, 0.3536432385444641, 0.2178138941526413, 0.35377970337867737]","[0.3538169860839844, 0.35394802689552307, 0.3539106249809265, 0.3538600504398346, 0.3537592589855194, 0.3538217842578888, 0.3538667559623718, 0.3537541627883911, 0.35380932688713074, 0.21741874516010284]"
2,0.1,3,fixed,fixed,"[0.22288398444652557, 0.3533138036727905, 0.3535413146018982, 0.35309672355651855, 0.3532743752002716, 0.35325953364372253, 0.35331037640571594, 0.3533150553703308, 0.35327431559562683, 0.35328409075737]","[0.3535654544830322, 0.2210516631603241, 0.3528432548046112, 0.3535219728946686, 0.35398340225219727, 0.3534751534461975, 0.3533811569213867, 0.35343119502067566, 0.3535849452018738, 0.35357365012168884]","[0.3536064028739929, 0.3534107506275177, 0.22138038277626038, 0.353327214717865, 0.35338717699050903, 0.3536319136619568, 0.3533966541290283, 0.3533107340335846, 0.3534359633922577, 0.35349971055984497]","[0.35300689935684204, 0.3529418706893921, 0.3527584671974182, 0.22513353824615479, 0.35315269231796265, 0.3531615138053894, 0.3531177043914795, 0.3533872961997986, 0.3531542420387268, 0.35301271080970764]","[0.3532068133354187, 0.35314369201660156, 0.35252124071121216, 0.353156715631485, 0.22491593658924103, 0.3531098961830139, 0.35308587551116943, 0.353148490190506, 0.35333865880966187, 0.35319575667381287]","[0.3528622090816498, 0.3527437150478363, 0.3524710536003113, 0.35279762744903564, 0.3527567982673645, 0.22760498523712158, 0.35292258858680725, 0.3530099391937256, 0.35298264026641846, 0.35297083854675293]","[0.35306045413017273, 0.3528401851654053, 0.35234734416007996, 0.35290035605430603, 0.3529126048088074, 0.35312023758888245, 0.22683653235435486, 0.3529403805732727, 0.3528905212879181, 0.35320475697517395]","[0.3534241020679474, 0.3532201945781708, 0.3534920811653137, 0.3534896969795227, 0.35330307483673096, 0.35352346301078796, 0.35326114296913147, 0.22189514338970184, 0.353414386510849, 0.35341915488243103]","[0.35286810994148254, 0.3527177572250366, 0.3523341417312622, 0.35272035002708435, 0.35290661454200745, 0.35296595096588135, 0.35265445709228516, 0.35288721323013306, 0.22810351848602295, 0.35303881764411926]","[0.35295620560646057, 0.35277122259140015, 0.352544903755188, 0.3527153730392456, 0.3527577817440033, 0.35320597887039185, 0.3529556691646576, 0.353062242269516, 0.35295405983924866, 0.22715307772159576]"
2,0.1,1,fixed,fixed,"[0.2298322319984436, 0.3528583347797394, 0.35362905263900757, 0.35225799679756165, 0.35261568427085876, 0.3523131012916565, 0.3527367413043976, 0.3524577021598816, 0.35235708951950073, 0.352464497089386]","[0.3525727689266205, 0.2309045046567917, 0.35249054431915283, 0.35262542963027954, 0.35308364033699036, 0.35227012634277344, 0.352429062128067, 0.35222214460372925, 0.3524721562862396, 0.35249632596969604]","[0.35229018330574036, 0.3522398769855499, 0.2358170449733734, 0.3519410192966461, 0.3520392179489136, 0.35225075483322144, 0.3521285057067871, 0.3516547679901123, 0.35183340311050415, 0.3520248830318451]","[0.3520759642124176, 0.35243305563926697, 0.35261985659599304, 0.23265531659126282, 0.35247406363487244, 0.35221895575523376, 0.352485328912735, 0.35271939635276794, 0.3521782159805298, 0.3519411087036133]","[0.352342814207077, 0.35266751050949097, 0.3524310886859894, 0.35242050886154175, 0.23292216658592224, 0.35206088423728943, 0.35234108567237854, 0.352092444896698, 0.352467805147171, 0.3520781099796295]","[0.35191965103149414, 0.35211673378944397, 0.3525592088699341, 0.3520101010799408, 0.3519228398799896, 0.23482535779476166, 0.3523321747779846, 0.35217365622520447, 0.35210153460502625, 0.35211488604545593]","[0.3520716428756714, 0.3519735634326935, 0.35206472873687744, 0.3519520163536072, 0.3518916368484497, 0.3521044850349426, 0.2365722507238388, 0.35177281498908997, 0.3516246974468231, 0.3522922694683075]","[0.35266315937042236, 0.3526711165904999, 0.353288859128952, 0.35303062200546265, 0.3525087833404541, 0.35275891423225403, 0.3526224195957184, 0.22850945591926575, 0.3526327610015869, 0.3525759279727936]","[0.3520151376724243, 0.3522081971168518, 0.352142333984375, 0.35192984342575073, 0.3522251844406128, 0.35210520029067993, 0.3518725335597992, 0.35202082991600037, 0.2353246808052063, 0.35228392481803894]","[0.35216811299324036, 0.3522505462169647, 0.3524826169013977, 0.3518342971801758, 0.3518052101135254, 0.3523799479007721, 0.35247427225112915, 0.35213541984558105, 0.3521566092967987, 0.23433679342269897]"
2,0.1,0.3,fixed,fixed,"[0.23859655857086182, 0.35199984908103943, 0.3524440824985504, 0.351220041513443, 0.351890504360199, 0.35148751735687256, 0.35189810395240784, 0.3518078625202179, 0.35157400369644165, 0.35175660252571106]","[0.351980596780777, 0.23851712048053741, 0.3512420654296875, 0.35190609097480774, 0.3524938225746155, 0.3515629172325134, 0.35158899426460266, 0.35159754753112793, 0.35187003016471863, 0.35190773010253906]","[0.3521328568458557, 0.3518013656139374, 0.23902979493141174, 0.3514910042285919, 0.3517601490020752, 0.35212522745132446, 0.35173073410987854, 0.351342111825943, 0.35150042176246643, 0.35179710388183594]","[0.35136669874191284, 0.35171881318092346, 0.35140666365623474, 0.23991508781909943, 0.3519265949726105, 0.35159486532211304, 0.3517855107784271, 0.3524559438228607, 0.35153400897979736, 0.3511793613433838]","[0.35158440470695496, 0.3518698811531067, 0.3511502742767334, 0.3515666425228119, 0.2420741319656372, 0.3512149751186371, 0.35141342878341675, 0.35132598876953125, 0.3518127501010895, 0.35115471482276917]","[0.3509194254875183, 0.3510054647922516, 0.35129278898239136, 0.35094153881073, 0.35094118118286133, 0.24508561193943024, 0.35139501094818115, 0.35146307945251465, 0.3512728810310364, 0.35128873586654663]","[0.3513626456260681, 0.35096025466918945, 0.35076573491096497, 0.35106027126312256, 0.35106053948402405, 0.3514653742313385, 0.24547889828681946, 0.3510690927505493, 0.3507494330406189, 0.3517473042011261]","[0.3517672121524811, 0.3515605032444, 0.3516548275947571, 0.35221266746520996, 0.3514895439147949, 0.3519560992717743, 0.35156020522117615, 0.23896075785160065, 0.35182636976242065, 0.35168588161468506]","[0.3510940670967102, 0.3512035310268402, 0.3505861759185791, 0.350847989320755, 0.3513851761817932, 0.3512731194496155, 0.35073402523994446, 0.35126978158950806, 0.24582292139530182, 0.35154855251312256]","[0.35133033990859985, 0.35125356912612915, 0.35107430815696716, 0.35068073868751526, 0.35071343183517456, 0.3516010046005249, 0.351654052734375, 0.3513427674770355, 0.351419597864151, 0.24450062215328217]"
2,0.1,0.1,fixed,fixed,"[0.24598553776741028, 0.3513503074645996, 0.35242122411727905, 0.35057947039604187, 0.3512246012687683, 0.3504064679145813, 0.3510546386241913, 0.3510504961013794, 0.35086771845817566, 0.3510284721851349]","[0.35117414593696594, 0.24685409665107727, 0.3509574234485626, 0.35138532519340515, 0.3517645001411438, 0.35040196776390076, 0.3505457937717438, 0.350667268037796, 0.35114580392837524, 0.3511006236076355]","[0.3509303331375122, 0.35054251551628113, 0.2529231607913971, 0.3504091501235962, 0.3505111634731293, 0.35071444511413574, 0.3502989113330841, 0.34989333152770996, 0.35021495819091797, 0.35051989555358887]","[0.3502800166606903, 0.35085156559944153, 0.35099416971206665, 0.2499152272939682, 0.35107648372650146, 0.3503533601760864, 0.35071897506713867, 0.3517226278781891, 0.3506045639514923, 0.35003599524497986]","[0.3507435619831085, 0.3512141704559326, 0.35096511244773865, 0.35104313492774963, 0.2505027651786804, 0.3500470221042633, 0.3504143953323364, 0.35038551688194275, 0.35116732120513916, 0.350145161151886]","[0.35011082887649536, 0.3503107726573944, 0.3513956069946289, 0.35047754645347595, 0.3502264618873596, 0.2512983977794647, 0.35066014528274536, 0.35085222125053406, 0.35072800517082214, 0.3506495952606201]","[0.35062485933303833, 0.35014310479164124, 0.35061609745025635, 0.3505527079105377, 0.35027605295181274, 0.3505575358867645, 0.25283870100975037, 0.3502451777458191, 0.3499380648136139, 0.35116881132125854]","[0.3509346544742584, 0.35073813796043396, 0.35126280784606934, 0.35187044739723206, 0.3506089448928833, 0.35097670555114746, 0.3505725562572479, 0.24700701236724854, 0.3511754870414734, 0.3508550226688385]","[0.3500747084617615, 0.3503248393535614, 0.3501097857952118, 0.3500806391239166, 0.35052162408828735, 0.3501027524471283, 0.34950828552246094, 0.35032832622528076, 0.2556876242160797, 0.35071006417274475]","[0.35047808289527893, 0.3504670262336731, 0.3508296310901642, 0.3499261736869812, 0.34968307614326477, 0.35056763887405396, 0.350830078125, 0.3504442870616913, 0.3507603108882904, 0.25302553176879883]"
2,0.1,0.03,fixed,fixed,"[0.2547680735588074, 0.35075223445892334, 0.35128509998321533, 0.34949859976768494, 0.3506162166595459, 0.34971171617507935, 0.35045740008354187, 0.35039886832237244, 0.3498651087284088, 0.3500877618789673]","[0.35036036372184753, 0.25715452432632446, 0.34953388571739197, 0.3503979742527008, 0.3510664105415344, 0.3496015667915344, 0.34972307085990906, 0.34981685876846313, 0.3500990569591522, 0.3500552177429199]","[0.35073283314704895, 0.35032182931900024, 0.25648781657218933, 0.3498736321926117, 0.3503063917160034, 0.3506762683391571, 0.35010001063346863, 0.34953758120536804, 0.34961992502212524, 0.35001683235168457]","[0.3496149778366089, 0.35043859481811523, 0.34987178444862366, 0.25674211978912354, 0.350686639547348, 0.3499009609222412, 0.3503013849258423, 0.35149723291397095, 0.3497816026210785, 0.3490832448005676]","[0.3498895466327667, 0.35057786107063293, 0.34963521361351013, 0.3500473201274872, 0.2609163224697113, 0.3492338955402374, 0.3496301770210266, 0.3495193421840668, 0.35019367933273315, 0.3488920032978058]","[0.34900352358818054, 0.3493504822254181, 0.3500676453113556, 0.34925562143325806, 0.3492521643638611, 0.2629493474960327, 0.3498539924621582, 0.35002946853637695, 0.34956932067871094, 0.34948021173477173]","[0.3497118055820465, 0.34918373823165894, 0.3491595983505249, 0.3494104743003845, 0.34935522079467773, 0.3498416841030121, 0.2643134593963623, 0.3493332266807556, 0.34863677620887756, 0.35018348693847656]","[0.350046843290329, 0.3498936891555786, 0.34968456625938416, 0.3510132133960724, 0.34971216320991516, 0.35030943155288696, 0.34975749254226685, 0.2575205862522125, 0.35015425086021423, 0.3497379720211029]","[0.3493511974811554, 0.34977465867996216, 0.3487977981567383, 0.3491499722003937, 0.3499924838542938, 0.3495956361293793, 0.3488062620162964, 0.349769651889801, 0.26386868953704834, 0.34993594884872437]","[0.349848210811615, 0.34993603825569153, 0.34967589378356934, 0.3489352762699127, 0.34891477227211, 0.3501240909099579, 0.3504558503627777, 0.3498555123806, 0.3500082790851593, 0.2607311010360718]"
2,0.1,0.01,fixed,fixed,"[0.2602994740009308, 0.3507736623287201, 0.35099807381629944, 0.34883612394332886, 0.3499954342842102, 0.3490176498889923, 0.3498765528202057, 0.3498247265815735, 0.34947967529296875, 0.3495001196861267]","[0.3489364981651306, 0.27125731110572815, 0.3483884632587433, 0.34925761818885803, 0.3497844338417053, 0.3482310175895691, 0.3483458459377289, 0.34847307205200195, 0.3490980565547943, 0.3487919867038727]","[0.34972327947616577, 0.3499477803707123, 0.26612862944602966, 0.34898364543914795, 0.349316269159317, 0.349865198135376, 0.3491445481777191, 0.3484868109226227, 0.34886905550956726, 0.34909382462501526]","[0.3485129773616791, 0.350246787071228, 0.34920063614845276, 0.26507070660591125, 0.34988605976104736, 0.3490508198738098, 0.3495018482208252, 0.3509504497051239, 0.34917742013931274, 0.34808585047721863]","[0.34897440671920776, 0.35053861141204834, 0.3491324186325073, 0.3494473397731781, 0.26841312646865845, 0.34839943051338196, 0.34884026646614075, 0.3487085998058319, 0.34981462359428406, 0.34797054529190063]","[0.3478236794471741, 0.34897634387016296, 0.34955477714538574, 0.34841814637184143, 0.3482320010662079, 0.2717728912830353, 0.34903010725975037, 0.3492501676082611, 0.34899380803108215, 0.34862998127937317]","[0.34870943427085876, 0.34879380464553833, 0.348501980304718, 0.34863609075546265, 0.3483719527721405, 0.34907597303390503, 0.27293267846107483, 0.34844866394996643, 0.34790247678756714, 0.34950053691864014]","[0.34901902079582214, 0.34956789016723633, 0.3488549590110779, 0.35047248005867004, 0.3487021327018738, 0.34954139590263367, 0.3488578796386719, 0.2660112679004669, 0.3496486246585846, 0.3488730490207672]","[0.348020076751709, 0.34927502274513245, 0.34776636958122253, 0.34806880354881287, 0.3488819897174835, 0.34852027893066406, 0.34755221009254456, 0.34871941804885864, 0.2758205235004425, 0.3489459753036499]","[0.3488386869430542, 0.34968405961990356, 0.34903058409690857, 0.3480222523212433, 0.3477939963340759, 0.34934014081954956, 0.3497568666934967, 0.3490036427974701, 0.34953224658966064, 0.26931825280189514]"
2,0.1,0.003,fixed,fixed,"[0.2714894115924835, 0.3494611084461212, 0.35034215450286865, 0.34777992963790894, 0.34925347566604614, 0.3478361964225769, 0.34906724095344543, 0.34878113865852356, 0.3481898903846741, 0.3487166166305542]","[0.3488010764122009, 0.2758013904094696, 0.34809160232543945, 0.3489404022693634, 0.3495982885360718, 0.34759050607681274, 0.34795770049095154, 0.3478773534297943, 0.3484095335006714, 0.34855028986930847]","[0.3491673469543457, 0.3486224114894867, 0.27680808305740356, 0.348082572221756, 0.34858766198158264, 0.34894895553588867, 0.3483433723449707, 0.3473499119281769, 0.34759655594825745, 0.3483577072620392]","[0.34788399934768677, 0.3491224944591522, 0.3485625982284546, 0.2738947868347168, 0.349365770816803, 0.34811487793922424, 0.34887540340423584, 0.35033518075942993, 0.3480703830718994, 0.3472945988178253]","[0.34829479455947876, 0.3493293523788452, 0.3484252989292145, 0.34861770272254944, 0.2792959213256836, 0.34724220633506775, 0.3479866087436676, 0.3475930392742157, 0.34869521856307983, 0.3470182716846466]","[0.34719860553741455, 0.34775206446647644, 0.34915637969970703, 0.347670316696167, 0.3475746810436249, 0.2801436185836792, 0.3484613001346588, 0.3484848439693451, 0.34799724817276, 0.3480672240257263]","[0.34804174304008484, 0.34733352065086365, 0.3477391302585602, 0.34773099422454834, 0.34753116965293884, 0.3480859398841858, 0.28426995873451233, 0.3473583161830902, 0.3465275466442108, 0.3488849401473999]","[0.34852975606918335, 0.34837576746940613, 0.3481247127056122, 0.350004643201828, 0.3480387032032013, 0.3487531840801239, 0.3481976389884949, 0.27423417568206787, 0.3487059473991394, 0.34828001260757446]","[0.3476034998893738, 0.348284512758255, 0.3472096621990204, 0.34743690490722656, 0.34849345684051514, 0.347800612449646, 0.3469134271144867, 0.34804290533065796, 0.2826745808124542, 0.34860318899154663]","[0.348131388425827, 0.3483293652534485, 0.3482477366924286, 0.3469468355178833, 0.34678390622138977, 0.3482995331287384, 0.3490602672100067, 0.3479137122631073, 0.34838271141052246, 0.2806438207626343]"
2,0.1,0.001,fixed,fixed,"[0.28084796667099, 0.3483945429325104, 0.34938913583755493, 0.3470243811607361, 0.3484436273574829, 0.3471771478652954, 0.3482553958892822, 0.34784996509552, 0.3474811315536499, 0.34794461727142334]","[0.348414808511734, 0.28156495094299316, 0.34726840257644653, 0.3486941456794739, 0.34911444783210754, 0.34724316000938416, 0.34733766317367554, 0.34716475009918213, 0.348072350025177, 0.34809091687202454]","[0.3488301932811737, 0.3477832078933716, 0.2827831506729126, 0.3477224111557007, 0.3480314016342163, 0.34879475831985474, 0.3477798402309418, 0.3465661406517029, 0.34714534878730774, 0.3478733003139496]","[0.3469591438770294, 0.3479692041873932, 0.34735313057899475, 0.28467708826065063, 0.3485027253627777, 0.34742647409439087, 0.34797149896621704, 0.34955692291259766, 0.34726959466934204, 0.3462405502796173]","[0.347637802362442, 0.34840962290763855, 0.3474651277065277, 0.34813228249549866, 0.2881278395652771, 0.34665149450302124, 0.34717440605163574, 0.34663406014442444, 0.3482005000114441, 0.34612223505973816]","[0.34608715772628784, 0.3463088572025299, 0.34799543023109436, 0.3467576801776886, 0.3463844954967499, 0.29299670457839966, 0.3474244177341461, 0.3473665118217468, 0.3471163809299469, 0.34705060720443726]","[0.34733903408050537, 0.34610581398010254, 0.3466658294200897, 0.3471127152442932, 0.3466091454029083, 0.3476044535636902, 0.2941882610321045, 0.3463670313358307, 0.34572023153305054, 0.34826692938804626]","[0.347909152507782, 0.34731972217559814, 0.3469880521297455, 0.34972649812698364, 0.3471975028514862, 0.3483770191669464, 0.3474249541759491, 0.2825325131416321, 0.3482338786125183, 0.3475886583328247]","[0.346651166677475, 0.3470250964164734, 0.34584152698516846, 0.3465908467769623, 0.34752219915390015, 0.347088485956192, 0.34575775265693665, 0.34696394205093384, 0.2947707176208496, 0.34775713086128235]","[0.34737858176231384, 0.34719663858413696, 0.34714382886886597, 0.3461480736732483, 0.3456825613975525, 0.34775686264038086, 0.3483366072177887, 0.3469121754169464, 0.3477896749973297, 0.29084205627441406]"
3,0.1,10,fixed,paper,"[0.21585440635681152, 0.35397613048553467, 0.353987455368042, 0.3539692759513855, 0.35399001836776733, 0.3539887070655823, 0.35402002930641174, 0.3540193438529968, 0.35399994254112244, 0.3540033996105194]","[0.3538932502269745, 0.21612387895584106, 0.35392504930496216, 0.3538913130760193, 0.35387927293777466, 0.35426679253578186, 0.35400643944740295, 0.3539670705795288, 0.3539665937423706, 0.3539261519908905]","[0.3542144298553467, 0.35429835319519043, 0.21221347153186798, 0.35428938269615173, 0.35505861043930054, 0.35427913069725037, 0.3542902171611786, 0.35422638058662415, 0.3542979955673218, 0.35436198115348816]","[0.35442596673965454, 0.35438117384910583, 0.3544860780239105, 0.2098977118730545, 0.3545631766319275, 0.354443222284317, 0.3545592427253723, 0.3547731041908264, 0.354400098323822, 0.35544025897979736]","[0.35367265343666077, 0.35392341017723083, 0.3537033498287201, 0.35370320081710815, 0.21818742156028748, 0.35373347997665405, 0.35376474261283875, 0.35378408432006836, 0.3537934720516205, 0.35377803444862366]","[0.35386785864830017, 0.3541388213634491, 0.3539544641971588, 0.35389161109924316, 0.3539506793022156, 0.21618293225765228, 0.35390135645866394, 0.3539249300956726, 0.35397469997406006, 0.35405880212783813]","[0.3536858856678009, 0.3538089096546173, 0.3537289500236511, 0.35369834303855896, 0.3538314700126648, 0.35368210077285767, 0.21839095652103424, 0.35371628403663635, 0.35376599431037903, 0.35375452041625977]","[0.35369861125946045, 0.3538579046726227, 0.35381412506103516, 0.3537190556526184, 0.3537527322769165, 0.3537818491458893, 0.35377466678619385, 0.2179732769727707, 0.35383039712905884, 0.3538178503513336]","[0.3537044823169708, 0.35373637080192566, 0.35371294617652893, 0.3536622226238251, 0.3538869321346283, 0.3537801504135132, 0.35377928614616394, 0.3537963926792145, 0.21824413537979126, 0.35374554991722107]","[0.35369786620140076, 0.35390159487724304, 0.35378411412239075, 0.35369718074798584, 0.35388004779815674, 0.35381269454956055, 0.35375478863716125, 0.3537159562110901, 0.3538399338722229, 0.21793632209300995]"
3,0.1,3,fixed,paper,"[0.2263813316822052, 0.3530706465244293, 0.353170245885849, 0.3532775044441223, 0.35285189747810364, 0.35300296545028687, 0.352866530418396, 0.3529009521007538, 0.35288846492767334, 0.35257387161254883]","[0.35341110825538635, 0.22454284131526947, 0.3533352017402649, 0.35339754819869995, 0.3528965413570404, 0.3537167012691498, 0.35261863470077515, 0.3530510365962982, 0.3531096875667572, 0.35275471210479736]","[0.35345545411109924, 0.3533404767513275, 0.2219979166984558, 0.35349956154823303, 0.3538607060909271, 0.35360556840896606, 0.35311633348464966, 0.35326677560806274, 0.35331857204437256, 0.3530349135398865]","[0.3536583483219147, 0.3533477187156677, 0.3533862829208374, 0.22129929065704346, 0.35331612825393677, 0.3533898890018463, 0.35338327288627625, 0.3535950779914856, 0.35327377915382385, 0.3537435531616211]","[0.3530987799167633, 0.35320258140563965, 0.3533303141593933, 0.3533361256122589, 0.22392597794532776, 0.35339710116386414, 0.3531801402568817, 0.35312309861183167, 0.35319438576698303, 0.3528965413570404]","[0.35289114713668823, 0.35317903757095337, 0.35322999954223633, 0.3531511723995209, 0.35297587513923645, 0.2266460359096527, 0.35275208950042725, 0.3529113233089447, 0.35275283455848694, 0.35253554582595825]","[0.3533012270927429, 0.3530253767967224, 0.3531608283519745, 0.3532538115978241, 0.353108674287796, 0.3533719480037689, 0.22471505403518677, 0.35312995314598083, 0.3528865575790405, 0.35282692313194275]","[0.3531264066696167, 0.3530879616737366, 0.35328128933906555, 0.35333681106567383, 0.352884978055954, 0.3532383441925049, 0.3528507351875305, 0.2255079448223114, 0.3528142273426056, 0.3527562916278839]","[0.35318851470947266, 0.35310670733451843, 0.3532852232456207, 0.3533833622932434, 0.35319456458091736, 0.3531624674797058, 0.35285699367523193, 0.35283902287483215, 0.2251025289297104, 0.35272032022476196]","[0.35341677069664, 0.3533921539783478, 0.35353541374206543, 0.3536125123500824, 0.3531104326248169, 0.3535766005516052, 0.3532178997993469, 0.3532934784889221, 0.3533041179180145, 0.22200949490070343]"
3,0.1,1,fixed,paper,"[0.23309208452701569, 0.35248541831970215, 0.3523012101650238, 0.3522306978702545, 0.3523906171321869, 0.35212603211402893, 0.35222020745277405, 0.352252334356308, 0.35241228342056274, 0.35230571031570435]","[0.35256263613700867, 0.23286406695842743, 0.352373331785202, 0.3522283732891083, 0.3523186147212982, 0.352954626083374, 0.35141870379447937, 0.3522844910621643, 0.3525678813457489, 0.3523370027542114]","[0.35265544056892395, 0.35270777344703674, 0.22786171734333038, 0.35235968232154846, 0.35351428389549255, 0.353044718503952, 0.3524545133113861, 0.3527814447879791, 0.3529788553714752, 0.3528752028942108]","[0.3531157374382019, 0.3529055416584015, 0.3525063097476959, 0.22581680119037628, 0.35307177901268005, 0.3527164161205292, 0.3529855012893677, 0.3531579375267029, 0.35305389761924744, 0.35364148020744324]","[0.3517405092716217, 0.35206353664398193, 0.3521661162376404, 0.35187503695487976, 0.23438283801078796, 0.3524295687675476, 0.3523632287979126, 0.3521924912929535, 0.35249122977256775, 0.35234785079956055]","[0.35173317790031433, 0.3524036705493927, 0.3523175120353699, 0.35191988945007324, 0.35250332951545715, 0.23475642502307892, 0.35197412967681885, 0.35223114490509033, 0.35203051567077637, 0.3522138297557831]","[0.3523821234703064, 0.35207414627075195, 0.3520524501800537, 0.3519658148288727, 0.35284602642059326, 0.35268115997314453, 0.23242692649364471, 0.3525238037109375, 0.35215407609939575, 0.3526964485645294]","[0.35205352306365967, 0.3521835505962372, 0.3522413969039917, 0.3521442115306854, 0.35248151421546936, 0.352347731590271, 0.351978600025177, 0.23408181965351105, 0.35197868943214417, 0.3524831533432007]","[0.3520291745662689, 0.3521997928619385, 0.35220780968666077, 0.3521515130996704, 0.352729856967926, 0.35205578804016113, 0.35184445977211, 0.3517540395259857, 0.2349117547273636, 0.352238267660141]","[0.35197946429252625, 0.3520926237106323, 0.3521242141723633, 0.3520619571208954, 0.3520461916923523, 0.3523380160331726, 0.3520772457122803, 0.35222944617271423, 0.3522929847240448, 0.23481349647045135]"
3,0.1,0.3,fixed,paper,"[0.2425987422466278, 0.3516867756843567, 0.35169360041618347, 0.35160234570503235, 0.35117626190185547, 0.3510199189186096, 0.3514856994152069, 0.35140007734298706, 0.3514876663684845, 0.351079523563385]","[0.35196682810783386, 0.24140164256095886, 0.3518899381160736, 0.35169491171836853, 0.35124772787094116, 0.35218003392219543, 0.3503488302230835, 0.3515315055847168, 0.3517947494983673, 0.35117849707603455]","[0.3516898453235626, 0.3516605794429779, 0.23848192393779755, 0.35143718123435974, 0.3524010479450226, 0.3520525097846985, 0.3515034317970276, 0.3518908619880676, 0.3519890606403351, 0.35155582427978516]","[0.35227158665657043, 0.35191285610198975, 0.3515511155128479, 0.23683878779411316, 0.35172519087791443, 0.35147666931152344, 0.3521624207496643, 0.3521800637245178, 0.352048397064209, 0.35224437713623047]","[0.3510511815547943, 0.35134464502334595, 0.35189563035964966, 0.3514653742313385, 0.2400762289762497, 0.35186466574668884, 0.3520904779434204, 0.3516905903816223, 0.35197198390960693, 0.35147345066070557]","[0.35084113478660583, 0.35164475440979004, 0.35189560055732727, 0.35133692622184753, 0.3516573905944824, 0.24274645745754242, 0.35133790969848633, 0.35157668590545654, 0.35108956694602966, 0.35116347670555115]","[0.3516041040420532, 0.35101553797721863, 0.35131093859672546, 0.35120177268981934, 0.35209545493125916, 0.35186561942100525, 0.24141253530979156, 0.3518185615539551, 0.3510786294937134, 0.3517124354839325]","[0.35122746229171753, 0.35127705335617065, 0.3516736924648285, 0.351580947637558, 0.35139739513397217, 0.3514383137226105, 0.35122916102409363, 0.24311335384845734, 0.35090598464012146, 0.3514622747898102]","[0.3512783348560333, 0.35158100724220276, 0.3519185185432434, 0.3516749143600464, 0.35177361965179443, 0.3512364625930786, 0.35115739703178406, 0.3510076105594635, 0.24251994490623474, 0.3511120080947876]","[0.3514443635940552, 0.3514465093612671, 0.3518404960632324, 0.35179615020751953, 0.3512839078903198, 0.3517358899116516, 0.3517146408557892, 0.351827472448349, 0.3516995310783386, 0.2400464415550232]"
3,0.1,0.1,fixed,paper,"[0.2532616853713989, 0.3509009778499603, 0.3506821393966675, 0.3507211208343506, 0.35004177689552307, 0.3497813045978546, 0.35058724880218506, 0.3501933813095093, 0.35050415992736816, 0.35036012530326843]","[0.351388156414032, 0.2510424554347992, 0.3510044515132904, 0.3509102761745453, 0.3502584397792816, 0.3512740433216095, 0.34911784529685974, 0.35042572021484375, 0.3509644865989685, 0.3505284786224365]","[0.3511051535606384, 0.350991815328598, 0.24586986005306244, 0.3506273031234741, 0.3517321050167084, 0.3512922525405884, 0.350754052400589, 0.35101082921028137, 0.35130545496940613, 0.35110828280448914]","[0.3516780734062195, 0.35116827487945557, 0.3504279851913452, 0.24634574353694916, 0.35069382190704346, 0.35033971071243286, 0.35141080617904663, 0.351082980632782, 0.3512193262577057, 0.35158929228782654]","[0.35032039880752563, 0.35058164596557617, 0.351163387298584, 0.35074537992477417, 0.2474200427532196, 0.3511088192462921, 0.351595938205719, 0.3507762849330902, 0.35133594274520874, 0.35104793310165405]","[0.350093275308609, 0.3510270416736603, 0.351197749376297, 0.35062938928604126, 0.3510185480117798, 0.2502184808254242, 0.3506660759449005, 0.35069552063941956, 0.3502180278301239, 0.35074761509895325]","[0.35099872946739197, 0.3501276969909668, 0.3503228724002838, 0.3503422141075134, 0.3515804409980774, 0.3510737419128418, 0.2497248649597168, 0.35091501474380493, 0.3501015901565552, 0.35139140486717224]","[0.35073909163475037, 0.35070571303367615, 0.35102391242980957, 0.3510866165161133, 0.35071438550949097, 0.3507175147533417, 0.3506375849246979, 0.24936209619045258, 0.35009682178497314, 0.35126933455467224]","[0.3506573438644409, 0.3509608209133148, 0.35118475556373596, 0.3510950803756714, 0.35109561681747437, 0.35025420784950256, 0.3503803014755249, 0.34985169768333435, 0.2504662573337555, 0.3506651520729065]","[0.3504961133003235, 0.3503847122192383, 0.35072389245033264, 0.35084834694862366, 0.35017189383506775, 0.3505716919898987, 0.3507591187953949, 0.3506413698196411, 0.35061806440353394, 0.25144365429878235]"
3,0.1,0.03,fixed,paper,"[0.2632277309894562, 0.35021573305130005, 0.34970906376838684, 0.34945547580718994, 0.34901300072669983, 0.348850816488266, 0.34985610842704773, 0.34952524304389954, 0.34979885816574097, 0.34925082325935364]","[0.3507084846496582, 0.2611694633960724, 0.35006392002105713, 0.34964779019355774, 0.3492814302444458, 0.3505823016166687, 0.34796178340911865, 0.34976518154144287, 0.3503189980983734, 0.34939512610435486]","[0.3504742980003357, 0.3503849506378174, 0.2531041204929352, 0.34939441084861755, 0.3511291742324829, 0.3508005142211914, 0.3501332402229309, 0.35063016414642334, 0.3508608341217041, 0.3502316176891327]","[0.3514040410518646, 0.35085126757621765, 0.3496707081794739, 0.2511260211467743, 0.35009515285491943, 0.3498379588127136, 0.3511534631252289, 0.35085153579711914, 0.3509954810142517, 0.35087132453918457]","[0.34948575496673584, 0.349822998046875, 0.35037216544151306, 0.3495442271232605, 0.25531503558158875, 0.35056325793266296, 0.3511713445186615, 0.3503032624721527, 0.3508807420730591, 0.3501351773738861]","[0.3490651547908783, 0.35023659467697144, 0.35026443004608154, 0.3492642045021057, 0.35021111369132996, 0.26034465432167053, 0.34988823533058167, 0.35007914900779724, 0.34935155510902405, 0.34966811537742615]","[0.35023465752601624, 0.34918975830078125, 0.3492221534252167, 0.34894701838493347, 0.3510184586048126, 0.3504379391670227, 0.2592289447784424, 0.35039788484573364, 0.3492516577243805, 0.3505282998085022]","[0.3497683107852936, 0.34976011514663696, 0.34993720054626465, 0.3497323989868164, 0.3496611416339874, 0.3498290181159973, 0.34973785281181335, 0.26060187816619873, 0.3490908741950989, 0.35021066665649414]","[0.34977978467941284, 0.3501921594142914, 0.3502398133277893, 0.34988129138946533, 0.3502732515335083, 0.34933051466941833, 0.3495214283466339, 0.34898531436920166, 0.2606397569179535, 0.3495787978172302]","[0.34987354278564453, 0.3497566282749176, 0.34997838735580444, 0.3498489558696747, 0.3494977653026581, 0.3500478267669678, 0.350303590297699, 0.3503261208534241, 0.3501476049423218, 0.258087694644928]"
3,0.1,0.01,fixed,paper,"[0.2719819247722626, 0.3494783043861389, 0.34921780228614807, 0.3488043546676636, 0.34794649481773376, 0.34800440073013306, 0.3489045798778534, 0.3488937020301819, 0.34912726283073425, 0.3483664393424988]","[0.3500503897666931, 0.26985108852386475, 0.34964069724082947, 0.34903526306152344, 0.3483022153377533, 0.3500094711780548, 0.34662187099456787, 0.3491766154766083, 0.349742591381073, 0.3485220968723297]","[0.3493988513946533, 0.34929516911506653, 0.26436206698417664, 0.3483453691005707, 0.35005682706832886, 0.3499610126018524, 0.348861426115036, 0.349854975938797, 0.350018709897995, 0.349148690700531]","[0.35056883096694946, 0.34993481636047363, 0.3488486111164093, 0.26125770807266235, 0.3489115834236145, 0.3488729000091553, 0.3501284420490265, 0.35010936856269836, 0.3502580225467682, 0.3498309850692749]","[0.34865802526474, 0.34903281927108765, 0.3500824570655823, 0.34897783398628235, 0.26162317395210266, 0.3501209020614624, 0.3505460321903229, 0.34988653659820557, 0.3504789173603058, 0.3494669795036316]","[0.347940057516098, 0.3493103086948395, 0.3497287929058075, 0.3484298884868622, 0.34928128123283386, 0.27034083008766174, 0.3488064408302307, 0.34941521286964417, 0.34843501448631287, 0.34872937202453613]","[0.3496345579624176, 0.3483780026435852, 0.3487810790538788, 0.3483442962169647, 0.35059505701065063, 0.35006287693977356, 0.26515254378318787, 0.35009416937828064, 0.3486132323741913, 0.3500669002532959]","[0.34874221682548523, 0.34872084856033325, 0.34929031133651733, 0.3489507734775543, 0.348527729511261, 0.3489820957183838, 0.34857580065727234, 0.2712799310684204, 0.3480772078037262, 0.34933438897132874]","[0.3488485813140869, 0.34933146834373474, 0.34973642230033875, 0.349241703748703, 0.34937235713005066, 0.34845057129859924, 0.3484024107456207, 0.34811583161354065, 0.2701877951622009, 0.34867703914642334]","[0.34903067350387573, 0.3488698899745941, 0.34950777888298035, 0.3492569029331207, 0.3485783636569977, 0.34940046072006226, 0.34942057728767395, 0.34983980655670166, 0.3495037853717804, 0.2660389542579651]"
3,0.1,0.003,fixed,paper,"[0.28171634674072266, 0.3481646478176117, 0.3484811782836914, 0.34787821769714355, 0.34752151370048523, 0.3469296097755432, 0.3481520712375641, 0.34795746207237244, 0.34831610321998596, 0.34765756130218506]","[0.3497094213962555, 0.2735547423362732, 0.34922152757644653, 0.3486575484275818, 0.3484836220741272, 0.3497275114059448, 0.34607985615730286, 0.34870851039886475, 0.34953925013542175, 0.34811607003211975]","[0.34856513142585754, 0.34810519218444824, 0.2741169333457947, 0.3472497761249542, 0.34949827194213867, 0.349120557308197, 0.348017156124115, 0.3490029275417328, 0.34926503896713257, 0.3484693467617035]","[0.349994957447052, 0.348954975605011, 0.3480297327041626, 0.26912814378738403, 0.348574697971344, 0.34792765974998474, 0.3495505750179291, 0.34931060671806335, 0.3496291935443878, 0.3492143154144287]","[0.3474603295326233, 0.34753677248954773, 0.3491632640361786, 0.34775277972221375, 0.27389541268348694, 0.34906548261642456, 0.3497356176376343, 0.3487808406352997, 0.3495534658432007, 0.348590224981308]","[0.34703901410102844, 0.34824422001838684, 0.3491576313972473, 0.34753093123435974, 0.349091112613678, 0.2786899209022522, 0.34813395142555237, 0.3486563265323639, 0.3475893437862396, 0.348175972700119]","[0.34889304637908936, 0.34713929891586304, 0.34793999791145325, 0.3473118543624878, 0.3502262234687805, 0.34930381178855896, 0.27454644441604614, 0.34932997822761536, 0.3476807177066803, 0.3496253490447998]","[0.34800848364830017, 0.3474050760269165, 0.3486766517162323, 0.34817275404930115, 0.34821033477783203, 0.34818488359451294, 0.3478914499282837, 0.2797098457813263, 0.3472032845020294, 0.34891173243522644]","[0.34806761145591736, 0.3479940593242645, 0.3491241931915283, 0.34846362471580505, 0.349126935005188, 0.3474787771701813, 0.3476194739341736, 0.34707868099212646, 0.27941396832466125, 0.3480874300003052]","[0.3480640947818756, 0.34749361872673035, 0.3486543297767639, 0.3482525646686554, 0.34783735871315, 0.34838682413101196, 0.34859931468963623, 0.3489108979701996, 0.3485831022262573, 0.27696409821510315]"
3,0.1,0.001,fixed,paper,"[0.2907320261001587, 0.3477577269077301, 0.3473922312259674, 0.34717556834220886, 0.34674856066703796, 0.3458426594734192, 0.3476068079471588, 0.3471758961677551, 0.34765198826789856, 0.3468613922595978]","[0.3487717807292938, 0.28576260805130005, 0.3479156792163849, 0.3477083742618561, 0.34751251339912415, 0.3486279547214508, 0.3448629081249237, 0.3476848304271698, 0.3486851751804352, 0.347046434879303]","[0.34801676869392395, 0.3478674292564392, 0.2789466381072998, 0.346670925617218, 0.3492395281791687, 0.3485601246356964, 0.347673237323761, 0.34859827160835266, 0.34895098209381104, 0.34799522161483765]","[0.3492172956466675, 0.3484209477901459, 0.34666308760643005, 0.2791410982608795, 0.34773677587509155, 0.3467741906642914, 0.3489839434623718, 0.3484705686569214, 0.34895139932632446, 0.3483143448829651]","[0.34639135003089905, 0.3468300700187683, 0.34802713990211487, 0.34688714146614075, 0.2836119830608368, 0.3481327295303345, 0.349267840385437, 0.34796538949012756, 0.3489103615283966, 0.34776148200035095]","[0.3461337983608246, 0.3478616774082184, 0.34823665022850037, 0.34685853123664856, 0.34866639971733093, 0.2861376404762268, 0.34767183661460876, 0.34805476665496826, 0.3468938171863556, 0.3475377559661865]","[0.3479544222354889, 0.3463146984577179, 0.34655722975730896, 0.34631359577178955, 0.3497496247291565, 0.3483421504497528, 0.2852582335472107, 0.348530113697052, 0.346705824136734, 0.34890609979629517]","[0.34712305665016174, 0.34683138132095337, 0.34756627678871155, 0.3474738597869873, 0.3475038409233093, 0.3472305238246918, 0.34726986289024353, 0.28884732723236084, 0.3463324308395386, 0.34825676679611206]","[0.3471411466598511, 0.34746330976486206, 0.34802135825157166, 0.3477708399295807, 0.3485170602798462, 0.3463566303253174, 0.3469061553478241, 0.34605854749679565, 0.2892613410949707, 0.3472721576690674]","[0.347155898809433, 0.34686651825904846, 0.34751424193382263, 0.3475373089313507, 0.3471391797065735, 0.34742608666419983, 0.34805089235305786, 0.34820184111595154, 0.3478749990463257, 0.28599485754966736]"
1,0.2,10,fixed,paper,"[0.7366582751274109, 0.6333189606666565, 0.6288948059082031, 0.6296518445014954, 0.6293144822120667, 0.6293995976448059, 0.6286503076553345, 0.6303851008415222, 0.6295675039291382, 0.6288327574729919]","[0.6260199546813965, 0.7731606960296631, 0.6261404752731323, 0.6263610124588013, 0.6260284185409546, 0.6263274550437927, 0.6255698204040527, 0.6273130178451538, 0.6260572075843811, 0.6249635815620422]","[0.6262730360031128, 0.6257664561271667, 0.7713345289230347, 0.6268525719642639, 0.6261197328567505, 0.6269014477729797, 0.6255391836166382, 0.6271224021911621, 0.6264525651931763, 0.6253743767738342]","[0.6266129612922668, 0.6270803809165955, 0.6269710063934326, 0.7637134790420532, 0.627489447593689, 0.6270558834075928, 0.6267887949943542, 0.6279270052909851, 0.626884400844574, 0.6263504028320312]","[0.6275479793548584, 0.6266009211540222, 0.6273765563964844, 0.62981116771698, 0.7598377466201782, 0.6278058290481567, 0.6262790560722351, 0.6276922821998596, 0.6275495290756226, 0.626168429851532]","[0.6258525252342224, 0.6253377199172974, 0.6259316205978394, 0.6261434555053711, 0.6259996294975281, 0.7754417061805725, 0.6249352097511292, 0.626487135887146, 0.6263219714164734, 0.62571781873703]","[0.6282816529273987, 0.6283895373344421, 0.6286174654960632, 0.6297657489776611, 0.6291153430938721, 0.6289277672767639, 0.7393156886100769, 0.6341840028762817, 0.6294022798538208, 0.6291594505310059]","[0.625126302242279, 0.6242837309837341, 0.6251937747001648, 0.6254659295082092, 0.6251855492591858, 0.625468909740448, 0.624504804611206, 0.7836033701896667, 0.62551349401474, 0.624772846698761]","[0.6353862285614014, 0.6303471326828003, 0.6317778825759888, 0.6318580508232117, 0.6316949129104614, 0.6362191438674927, 0.6310328841209412, 0.6330461502075195, 0.7112861275672913, 0.6306204199790955]","[0.6297532320022583, 0.6288087368011475, 0.6292800903320312, 0.6332705616950989, 0.6284561157226562, 0.6292262673377991, 0.6284310817718506, 0.6302337646484375, 0.6293529272079468, 0.7380103468894958]"
1,0.2,3,fixed,paper,"[0.751621425151825, 0.6316466331481934, 0.6278665065765381, 0.6278491020202637, 0.6275725960731506, 0.6272227764129639, 0.6274606585502625, 0.6283221244812012, 0.6284008026123047, 0.6280075907707214]","[0.6248019337654114, 0.7887839078903198, 0.6250420212745667, 0.6240934133529663, 0.6243696808815002, 0.6240790486335754, 0.6244215965270996, 0.6251038312911987, 0.6251007914543152, 0.6239579319953918]","[0.6248708367347717, 0.6244136691093445, 0.7883839011192322, 0.6245948672294617, 0.624377965927124, 0.6246498823165894, 0.6241958141326904, 0.6248524188995361, 0.6251620054244995, 0.6241834163665771]","[0.625851035118103, 0.6260548830032349, 0.6261345148086548, 0.7733222842216492, 0.6263627409934998, 0.625440776348114, 0.6262077689170837, 0.6263257265090942, 0.6262407898902893, 0.6259555816650391]","[0.6265075206756592, 0.6261070966720581, 0.6263337731361389, 0.628001868724823, 0.7720881104469299, 0.6256598830223083, 0.6253738403320312, 0.62581866979599, 0.6266220808029175, 0.6253689527511597]","[0.6250298619270325, 0.62469482421875, 0.62541663646698, 0.6248488426208496, 0.6247604489326477, 0.7839550375938416, 0.6246979236602783, 0.6252684593200684, 0.62530916929245, 0.6251537799835205]","[0.6267905235290527, 0.6272221803665161, 0.6274237036705017, 0.6278704404830933, 0.6277490854263306, 0.6270283460617065, 0.754530131816864, 0.6317169070243835, 0.6281285285949707, 0.6278783082962036]","[0.624715268611908, 0.6240812540054321, 0.6246763467788696, 0.6245231628417969, 0.6239915490150452, 0.6241723299026489, 0.6242335438728333, 0.7895650863647461, 0.6252448558807373, 0.6246356964111328]","[0.6339682340621948, 0.6294036507606506, 0.6305689215660095, 0.6299583911895752, 0.6298601627349854, 0.6335519552230835, 0.6297218799591064, 0.630632221698761, 0.7270769476890564, 0.6293745040893555]","[0.6281799674034119, 0.6272205710411072, 0.6276258826255798, 0.6310734748840332, 0.6268830895423889, 0.6269192695617676, 0.6270076036453247, 0.6277891397476196, 0.6281481385231018, 0.7554933428764343]"
1,0.2,1,fixed,paper,"[0.7632999420166016, 0.6299031376838684, 0.6263985633850098, 0.6264235973358154, 0.6264216899871826, 0.6260119676589966, 0.6265716552734375, 0.6268645524978638, 0.6276752352714539, 0.6275044679641724]","[0.6237117052078247, 0.799096405506134, 0.6237195730209351, 0.6224197149276733, 0.623517632484436, 0.6230122447013855, 0.6237894296646118, 0.6235515475273132, 0.6248001456260681, 0.6234908103942871]","[0.6236629486083984, 0.6228326559066772, 0.7996928691864014, 0.6229974031448364, 0.6235094666481018, 0.6236465573310852, 0.623435378074646, 0.6231928467750549, 0.624595046043396, 0.6235978603363037]","[0.6246596574783325, 0.6241164207458496, 0.6245179772377014, 0.784138023853302, 0.6254856586456299, 0.6244502067565918, 0.6255858540534973, 0.6250227093696594, 0.6256967782974243, 0.625542402267456]","[0.6248837113380432, 0.6246018409729004, 0.6243571043014526, 0.626075267791748, 0.7876961827278137, 0.6239855885505676, 0.6242735981941223, 0.6237884759902954, 0.6256404519081116, 0.6243970990180969]","[0.6233346462249756, 0.6229994893074036, 0.6236776113510132, 0.6231470704078674, 0.6233277916908264, 0.7988877892494202, 0.6239755749702454, 0.6235986351966858, 0.623954176902771, 0.6241283416748047]","[0.6249271631240845, 0.6253815293312073, 0.6255059838294983, 0.6260678172111511, 0.6266883611679077, 0.6258094310760498, 0.7702159285545349, 0.6297047138214111, 0.627011775970459, 0.6266358494758606]","[0.623741865158081, 0.6228745579719543, 0.6232460737228394, 0.6234831809997559, 0.6229150891304016, 0.6233673095703125, 0.6237884759902954, 0.7983088493347168, 0.6249430775642395, 0.6243472099304199]","[0.6320724487304688, 0.6275675892829895, 0.6285306811332703, 0.6280460953712463, 0.6282265186309814, 0.631462037563324, 0.6283215284347534, 0.6286025047302246, 0.7445979118347168, 0.628061830997467]","[0.6262088418006897, 0.6252650618553162, 0.6252235174179077, 0.628943681716919, 0.6255900859832764, 0.6252684593200684, 0.6255746483802795, 0.6256713271141052, 0.6270737051963806, 0.7733768820762634]"
1,0.2,0.3,fixed,paper,"[0.7765389680862427, 0.6287242770195007, 0.625261127948761, 0.6250592470169067, 0.6250745058059692, 0.6248237490653992, 0.625503659248352, 0.6251592040061951, 0.6261509656906128, 0.6262481212615967]","[0.6222782731056213, 0.8155887722969055, 0.6223379373550415, 0.6204186081886292, 0.6220795512199402, 0.6215782761573792, 0.6225886344909668, 0.62136310338974, 0.6233099102973938, 0.6218820214271545]","[0.6222861409187317, 0.6216011047363281, 0.8150697946548462, 0.6212470531463623, 0.622229278087616, 0.6224504113197327, 0.6222805380821228, 0.6210712790489197, 0.6230137348175049, 0.6220447421073914]","[0.6235000491142273, 0.6227288842201233, 0.6232183575630188, 0.7965502142906189, 0.6243975162506104, 0.6234675049781799, 0.6247702240943909, 0.6234572529792786, 0.6243392825126648, 0.6243621706962585]","[0.6234892010688782, 0.6238429546356201, 0.6228948831558228, 0.6243939995765686, 0.8027470707893372, 0.6225178837776184, 0.6231774091720581, 0.6216945648193359, 0.624042809009552, 0.6228559613227844]","[0.6217043995857239, 0.6218860745429993, 0.6222874522209167, 0.6215248703956604, 0.6217172145843506, 0.815178394317627, 0.6230916380882263, 0.6216994524002075, 0.621819794178009, 0.622369110584259]","[0.6232788562774658, 0.6242728233337402, 0.6240872740745544, 0.6244950890541077, 0.6255988478660583, 0.6247807145118713, 0.7854082584381104, 0.6276134848594666, 0.6252646446228027, 0.6248098015785217]","[0.6230311393737793, 0.6224485039710999, 0.6223633885383606, 0.6227204203605652, 0.621859610080719, 0.622800886631012, 0.6233805418014526, 0.8058328032493591, 0.6240585446357727, 0.6235226392745972]","[0.6308658719062805, 0.6269376873970032, 0.6274654269218445, 0.6268376111984253, 0.6270393133163452, 0.6300383806228638, 0.6273849010467529, 0.6269678473472595, 0.7563881278038025, 0.6266396641731262]","[0.6249709129333496, 0.6244075894355774, 0.6239147186279297, 0.6276803612709045, 0.6245108246803284, 0.6243332624435425, 0.6243258118629456, 0.6239439249038696, 0.6256985068321228, 0.7858558893203735]"
1,0.2,0.1,fixed,paper,"[0.7931088209152222, 0.6269469261169434, 0.6242650747299194, 0.623344898223877, 0.6224727034568787, 0.6229493021965027, 0.6242150068283081, 0.6238588094711304, 0.6242973208427429, 0.6251440644264221]","[0.6214630007743835, 0.8292326927185059, 0.6218558549880981, 0.6185911297798157, 0.6196980476379395, 0.6199806928634644, 0.6216897368431091, 0.620103120803833, 0.6220118999481201, 0.6209492087364197]","[0.6209547519683838, 0.6197203993797302, 0.8352034687995911, 0.6190972924232483, 0.6190548539161682, 0.6205177307128906, 0.6208546757698059, 0.6193053722381592, 0.6210528016090393, 0.6205945611000061]","[0.6227725148200989, 0.6210801005363464, 0.6224650740623474, 0.8083899617195129, 0.6222309470176697, 0.6221348643302917, 0.6240702271461487, 0.6226329803466797, 0.622988760471344, 0.62367182970047]","[0.6245158910751343, 0.624674379825592, 0.625295877456665, 0.6247464418411255, 0.7935661673545837, 0.622822105884552, 0.6244358420372009, 0.6221001744270325, 0.6245457530021667, 0.6238242387771606]","[0.6207485198974609, 0.620751678943634, 0.6220356822013855, 0.6201313138008118, 0.6194503307342529, 0.8274839520454407, 0.6225646734237671, 0.6207839846611023, 0.6199358701705933, 0.621342122554779]","[0.6219700574874878, 0.6228083372116089, 0.623289942741394, 0.6228160262107849, 0.6231150031089783, 0.6233083009719849, 0.8013186454772949, 0.6261708736419678, 0.6234320998191833, 0.6233809590339661]","[0.6221909523010254, 0.6211988925933838, 0.6217864155769348, 0.6213825941085815, 0.618765652179718, 0.62132328748703, 0.6225269436836243, 0.8197583556175232, 0.62261962890625, 0.6226263642311096]","[0.6300806403160095, 0.6260337829589844, 0.6270356774330139, 0.6256046295166016, 0.6245791912078857, 0.6282550692558289, 0.6265531182289124, 0.6260637640953064, 0.7679311633110046, 0.6256964802742004]","[0.6237856149673462, 0.6229084730148315, 0.6231366395950317, 0.6260239481925964, 0.6216560006141663, 0.6226688623428345, 0.6228142976760864, 0.622578501701355, 0.6239507794380188, 0.8022329211235046]"
1,0.2,0.03,fixed,paper,"[0.8022028803825378, 0.6257603764533997, 0.623724102973938, 0.6224711537361145, 0.6212199330329895, 0.6219363212585449, 0.6234230995178223, 0.6232504844665527, 0.6234983205795288, 0.6243091821670532]","[0.6198453307151794, 0.8425021171569824, 0.620995283126831, 0.6170072555541992, 0.6182785034179688, 0.6186466217041016, 0.6206896305084229, 0.6189382076263428, 0.6211691498756409, 0.6196883916854858]","[0.6189417839050293, 0.6179537177085876, 0.8529099822044373, 0.6173121333122253, 0.6173422932624817, 0.6189695000648499, 0.6194485425949097, 0.6177554130554199, 0.6196693778038025, 0.6189375519752502]","[0.621052622795105, 0.6192355155944824, 0.6213124394416809, 0.8220505714416504, 0.6207851767539978, 0.6208760738372803, 0.6230792999267578, 0.6217130422592163, 0.6219049096107483, 0.6224636435508728]","[0.6228514313697815, 0.6237449645996094, 0.6242687106132507, 0.6233963966369629, 0.8061305284500122, 0.6213698387145996, 0.6234543919563293, 0.6209440231323242, 0.6235119700431824, 0.6225453615188599]","[0.6187986731529236, 0.6194174885749817, 0.6210305094718933, 0.6187887787818909, 0.617722749710083, 0.842267632484436, 0.6217437982559204, 0.619770884513855, 0.6183179616928101, 0.619795560836792]","[0.6199297904968262, 0.6214067935943604, 0.6221840977668762, 0.6214507222175598, 0.6218351721763611, 0.6221697330474854, 0.8160310983657837, 0.6248935461044312, 0.6221270561218262, 0.621695339679718]","[0.6204655170440674, 0.6198592185974121, 0.6205958127975464, 0.620204508304596, 0.6169007420539856, 0.6200263500213623, 0.6214891076087952, 0.8340100646018982, 0.6215543150901794, 0.6213194131851196]","[0.6281353235244751, 0.6247640252113342, 0.6259369850158691, 0.6242567896842957, 0.6228563785552979, 0.6263790130615234, 0.6252626776695251, 0.6248959898948669, 0.7829126715660095, 0.6240678429603577]","[0.6220376491546631, 0.6216421723365784, 0.6220245361328125, 0.6248498558998108, 0.6202699542045593, 0.6215078234672546, 0.6214424967765808, 0.6215468645095825, 0.6228994727134705, 0.8153640031814575]"
1,0.2,0.01,fixed,paper,"[0.819728672504425, 0.6239032745361328, 0.6224420070648193, 0.6204542517662048, 0.6194484233856201, 0.6202072501182556, 0.6215042471885681, 0.6217315793037415, 0.6220534443855286, 0.6228037476539612]","[0.6191485524177551, 0.8561239242553711, 0.6200770139694214, 0.6149648427963257, 0.6170236468315125, 0.6172798871994019, 0.6192461252212524, 0.6175472736358643, 0.6203633546829224, 0.6184417605400085]","[0.6179022789001465, 0.6162523627281189, 0.870356559753418, 0.6151209473609924, 0.6158468127250671, 0.6174409985542297, 0.6176514625549316, 0.6160320043563843, 0.6183761954307556, 0.6173471808433533]","[0.6206026077270508, 0.617753803730011, 0.6204521059989929, 0.8316485285758972, 0.6198530793190002, 0.6199333071708679, 0.6219936013221741, 0.6209146976470947, 0.6212078928947449, 0.6216185688972473]","[0.6219912171363831, 0.6227107644081116, 0.6230685710906982, 0.6214714050292969, 0.8203521966934204, 0.6197695732116699, 0.6219130158424377, 0.619445264339447, 0.6223995685577393, 0.6211640238761902]","[0.6178007125854492, 0.6181263327598572, 0.6199987530708313, 0.6170176267623901, 0.6161909103393555, 0.856876015663147, 0.6205094456672668, 0.6185616254806519, 0.6167699098587036, 0.6182941198348999]","[0.6191474795341492, 0.6203539967536926, 0.6213576197624207, 0.619962751865387, 0.621056079864502, 0.6213342547416687, 0.8267946243286133, 0.6237260103225708, 0.6211968064308167, 0.6203607320785522]","[0.6198365092277527, 0.6187080144882202, 0.6195242404937744, 0.6187422275543213, 0.6153771281242371, 0.6188721656799316, 0.6201834678649902, 0.8463263511657715, 0.6207023859024048, 0.6202020645141602]","[0.627095103263855, 0.6234903335571289, 0.6247648596763611, 0.6224334836006165, 0.6212825179100037, 0.624455451965332, 0.6235129833221436, 0.6234855651855469, 0.7985773682594299, 0.6224374175071716]","[0.6212056875228882, 0.6203837990760803, 0.6208510398864746, 0.6232112050056458, 0.6190436482429504, 0.620309054851532, 0.6196232438087463, 0.6202831268310547, 0.6218810677528381, 0.8287416696548462]"
1,0.2,0.003,fixed,paper,"[0.8305428624153137, 0.6224983930587769, 0.6214781403541565, 0.619453489780426, 0.6176172494888306, 0.6193070411682129, 0.6206381320953369, 0.6211456060409546, 0.6208821535110474, 0.6224315762519836]","[0.6177878379821777, 0.8685990571975708, 0.6189962029457092, 0.6134586334228516, 0.6152282357215881, 0.6162611246109009, 0.6183745265007019, 0.616609513759613, 0.6193490624427795, 0.6178485155105591]","[0.6163005232810974, 0.6146241426467896, 0.8855378031730652, 0.6135678291320801, 0.6139127612113953, 0.6163622736930847, 0.6165279746055603, 0.6148634552955627, 0.6169773936271667, 0.6165120005607605]","[0.6190722584724426, 0.615828275680542, 0.6190142035484314, 0.8454607129096985, 0.6179642081260681, 0.6189224123954773, 0.621063768863678, 0.6201525330543518, 0.6198869943618774, 0.6210106611251831]","[0.6208493113517761, 0.622029185295105, 0.622089147567749, 0.6204648613929749, 0.8288020491600037, 0.6189005970954895, 0.6213257312774658, 0.6187820434570312, 0.6214619278907776, 0.6208183169364929]","[0.6158662438392639, 0.6165329813957214, 0.6185322403907776, 0.6155093312263489, 0.6138463616371155, 0.8740903735160828, 0.6195735335350037, 0.6175321340560913, 0.6147432327270508, 0.6171738505363464]","[0.6172581911087036, 0.6188285946846008, 0.6199256181716919, 0.6185670495033264, 0.6192923784255981, 0.6204026937484741, 0.8420859575271606, 0.6225675940513611, 0.6196160912513733, 0.6192367076873779]","[0.6181913018226624, 0.6171761751174927, 0.6179389953613281, 0.6174631714820862, 0.6129621267318726, 0.6177140474319458, 0.6190975904464722, 0.8621684908866882, 0.6192910075187683, 0.6193861365318298]","[0.6255268454551697, 0.6223230361938477, 0.6235662698745728, 0.6212813854217529, 0.6193042397499084, 0.6230169534683228, 0.6224710941314697, 0.6226629614830017, 0.8115580677986145, 0.6215966939926147]","[0.6192049980163574, 0.6185921430587769, 0.6190114617347717, 0.62160325050354, 0.6167724132537842, 0.6189537644386292, 0.6178723573684692, 0.6189669370651245, 0.6201505661010742, 0.8474060297012329]"
1,0.2,0.001,fixed,paper,"[0.8462197184562683, 0.6209016442298889, 0.6206632256507874, 0.6177569031715393, 0.6159795522689819, 0.6177225112915039, 0.618943989276886, 0.619951069355011, 0.6196078062057495, 0.6207917928695679]","[0.6168165802955627, 0.8831027150154114, 0.6183156967163086, 0.6115091443061829, 0.6138777732849121, 0.614809513092041, 0.6169260740280151, 0.6153156757354736, 0.6184819936752319, 0.6162401437759399]","[0.6148348450660706, 0.6128019690513611, 0.90593022108078, 0.6113178133964539, 0.6121699810028076, 0.6145973205566406, 0.6145744323730469, 0.6130853295326233, 0.6154735088348389, 0.6144081950187683]","[0.6182985901832581, 0.6143304705619812, 0.6183446645736694, 0.8564074635505676, 0.6168873906135559, 0.6178457140922546, 0.6199242472648621, 0.6194000244140625, 0.6190817952156067, 0.6197547912597656]","[0.6198064088821411, 0.6211155652999878, 0.621220588684082, 0.618724524974823, 0.8427400588989258, 0.6173093318939209, 0.6198712587356567, 0.6174721121788025, 0.6203821897506714, 0.6191670894622803]","[0.6146819591522217, 0.6153587102890015, 0.6178264021873474, 0.613917350769043, 0.6123071908950806, 0.888588547706604, 0.6184204816818237, 0.6165060997009277, 0.6132264733314514, 0.6153988838195801]","[0.6162280440330505, 0.6178312301635742, 0.6193634867668152, 0.6171964406967163, 0.6184420585632324, 0.6195068359375, 0.8534003496170044, 0.621521532535553, 0.6186534762382507, 0.6175670027732849]","[0.61723792552948, 0.616006076335907, 0.6170575022697449, 0.6160420179367065, 0.6112951636314392, 0.616425096988678, 0.6177372336387634, 0.8759536147117615, 0.6183302402496338, 0.6178572177886963]","[0.6242805123329163, 0.621146559715271, 0.6227002739906311, 0.6196174025535583, 0.6177031993865967, 0.6210790276527405, 0.6207849383354187, 0.6214158535003662, 0.8273280262947083, 0.619672954082489]","[0.6183896660804749, 0.6176557540893555, 0.618368923664093, 0.6203466057777405, 0.6157416105270386, 0.6179612278938293, 0.6163416504859924, 0.6180893182754517, 0.6193640828132629, 0.8580884337425232]"
1,0,10,fixed,paper,"[2.0126647086726734e-06, 0.0, 0.0, 0.0, 0.0, 0.0, 0.0, 0.0, 0.0, 0.0]","[0.0, 1.3240696716820821e-06, 0.0, 0.0, 0.0, 0.0, 0.0, 0.0, 0.0, 0.0]","[0.0, 0.0, 1.6401228322138195e-06, 0.0, 0.0, 0.0, 0.0, 0.0, 0.0, 0.0]","[0.0, 0.0, 0.0, 7.545401672359731e-07, 0.0, 0.0, 0.0, 0.0, 0.0, 0.0]","[0.0, 0.0, 0.0, 0.0, 4.519482536124997e-05, 0.0, 0.0, 0.0, 0.0, 0.0]","[0.0, 0.0, 0.0, 0.0, 0.0, 3.9140064700404764e-07, 0.0, 0.0, 0.0, 0.0]","[0.0, 0.0, 0.0, 0.0, 0.0, 0.0, 1.8236816686112434e-05, 0.0, 0.0, 0.0]","[0.0, 0.0, 0.0, 0.0, 0.0, 0.0, 0.0, 5.445854185381904e-07, 0.0, 0.0]","[0.0, 0.0, 0.0, 0.0, 0.0, 0.0, 0.0, 0.0, 5.963718649582006e-06, 0.0]","[0.0, 0.0, 0.0, 0.0, 0.0, 0.0, 0.0, 0.0, 0.0, 8.120702659653034e-06]"
1,0,3,fixed,paper,"[2.7631062948785257e-06, 0.0, 0.0, 0.0, 0.0, 0.0, 0.0, 0.0, 0.0, 0.0]","[0.0, 1.7725051293382421e-06, 0.0, 0.0, 0.0, 0.0, 0.0, 0.0, 0.0, 0.0]","[0.0, 0.0, 3.5021812436752953e-06, 0.0, 0.0, 0.0, 0.0, 0.0, 0.0, 0.0]","[0.0, 0.0, 0.0, 2.652948069226113e-06, 0.0, 0.0, 0.0, 0.0, 0.0, 0.0]","[0.0, 0.0, 0.0, 0.0, 4.6323489186761435e-06, 0.0, 0.0, 0.0, 0.0, 0.0]","[0.0, 0.0, 0.0, 0.0, 0.0, 3.3533101486682426e-06, 0.0, 0.0, 0.0, 0.0]","[0.0, 0.0, 0.0, 0.0, 0.0, 0.0, 2.6543934836809058e-06, 0.0, 0.0, 0.0]","[0.0, 0.0, 0.0, 0.0, 0.0, 0.0, 0.0, 1.223457616106316e-06, 0.0, 0.0]","[0.0, 0.0, 0.0, 0.0, 0.0, 0.0, 0.0, 0.0, 2.8168872177047888e-06, 0.0]","[0.0, 0.0, 0.0, 0.0, 0.0, 0.0, 0.0, 0.0, 0.0, 3.4056151889672037e-06]"
1,0,1,fixed,paper,"[2.4498046968801646e-07, 0.0, 0.0, 0.0, 0.0, 0.0, 0.0, 0.0, 0.0, 0.0]","[0.0, 1.7936029053089442e-06, 0.0, 0.0, 0.0, 0.0, 0.0, 0.0, 0.0, 0.0]","[0.0, 0.0, 1.1780507520597894e-06, 0.0, 0.0, 0.0, 0.0, 0.0, 0.0, 0.0]","[0.0, 0.0, 0.0, 1.2031098606257729e-07, 0.0, 0.0, 0.0, 0.0, 0.0, 0.0]","[0.0, 0.0, 0.0, 0.0, 4.5521522906710743e-07, 0.0, 0.0, 0.0, 0.0, 0.0]","[0.0, 0.0, 0.0, 0.0, 0.0, 1.2674007621171768e-07, 0.0, 0.0, 0.0, 0.0]","[0.0, 0.0, 0.0, 0.0, 0.0, 0.0, 3.7450990930665284e-07, 0.0, 0.0, 0.0]","[0.0, 0.0, 0.0, 0.0, 0.0, 0.0, 0.0, 4.5618455146723136e-07, 0.0, 0.0]","[0.0, 0.0, 0.0, 0.0, 0.0, 0.0, 0.0, 0.0, 2.14752674310148e-07, 0.0]","[0.0, 0.0, 0.0, 0.0, 0.0, 0.0, 0.0, 0.0, 0.0, 3.8745440633647377e-07]"
1,0,0.3,fixed,paper,"[5.734940259571886e-06, 0.0, 0.0, 0.0, 0.0, 0.0, 0.0, 0.0, 0.0, 0.0]","[0.0, 2.509368641767651e-06, 0.0, 0.0, 0.0, 0.0, 0.0, 0.0, 0.0, 0.0]","[0.0, 0.0, 7.180497050285339e-06, 0.0, 0.0, 0.0, 0.0, 0.0, 0.0, 0.0]","[0.0, 0.0, 0.0, 6.414076779037714e-06, 0.0, 0.0, 0.0, 0.0, 0.0, 0.0]","[0.0, 0.0, 0.0, 0.0, 2.6118411824427312e-06, 0.0, 0.0, 0.0, 0.0, 0.0]","[0.0, 0.0, 0.0, 0.0, 0.0, 1.3661841649081907e-06, 0.0, 0.0, 0.0, 0.0]","[0.0, 0.0, 0.0, 0.0, 0.0, 0.0, 3.0671565127704525e-06, 0.0, 0.0, 0.0]","[0.0, 0.0, 0.0, 0.0, 0.0, 0.0, 0.0, 4.53548955192673e-06, 0.0, 0.0]","[0.0, 0.0, 0.0, 0.0, 0.0, 0.0, 0.0, 0.0, 3.366208375155111e-06, 0.0]","[0.0, 0.0, 0.0, 0.0, 0.0, 0.0, 0.0, 0.0, 0.0, 2.9863595045753755e-06]"
1,0,0.1,fixed,paper,"[1.3030235095357057e-05, 0.0, 0.0, 0.0, 0.0, 0.0, 0.0, 0.0, 0.0, 0.0]","[0.0, 1.0294954336131923e-05, 0.0, 0.0, 0.0, 0.0, 0.0, 0.0, 0.0, 0.0]","[0.0, 0.0, 6.059638053557137e-06, 0.0, 0.0, 0.0, 0.0, 0.0, 0.0, 0.0]","[0.0, 0.0, 0.0, 4.344291028246516e-06, 0.0, 0.0, 0.0, 0.0, 0.0, 0.0]","[0.0, 0.0, 0.0, 0.0, 8.712985618331004e-06, 0.0, 0.0, 0.0, 0.0, 0.0]","[0.0, 0.0, 0.0, 0.0, 0.0, 1.7955459043150768e-05, 0.0, 0.0, 0.0, 0.0]","[0.0, 0.0, 0.0, 0.0, 0.0, 0.0, 1.0370938980486244e-05, 0.0, 0.0, 0.0]","[0.0, 0.0, 0.0, 0.0, 0.0, 0.0, 0.0, 1.1345140592311509e-05, 0.0, 0.0]","[0.0, 0.0, 0.0, 0.0, 0.0, 0.0, 0.0, 0.0, 7.108037152647739e-06, 0.0]","[0.0, 0.0, 0.0, 0.0, 0.0, 0.0, 0.0, 0.0, 0.0, 5.9302201407263055e-06]"
1,0,0.03,fixed,paper,"[6.307174658104486e-07, 0.0, 0.0, 0.0, 0.0, 0.0, 0.0, 0.0, 0.0, 0.0]","[0.0, 2.254650553368265e-06, 0.0, 0.0, 0.0, 0.0, 0.0, 0.0, 0.0, 0.0]","[0.0, 0.0, 1.4781732033952721e-06, 0.0, 0.0, 0.0, 0.0, 0.0, 0.0, 0.0]","[0.0, 0.0, 0.0, 6.388420956682239e-07, 0.0, 0.0, 0.0, 0.0, 0.0, 0.0]","[0.0, 0.0, 0.0, 0.0, 1.2482507827371592e-06, 0.0, 0.0, 0.0, 0.0, 0.0]","[0.0, 0.0, 0.0, 0.0, 0.0, 1.0933026715065353e-06, 0.0, 0.0, 0.0, 0.0]","[0.0, 0.0, 0.0, 0.0, 0.0, 0.0, 7.660415803911746e-07, 0.0, 0.0, 0.0]","[0.0, 0.0, 0.0, 0.0, 0.0, 0.0, 0.0, 1.7704660422168672e-06, 0.0, 0.0]","[0.0, 0.0, 0.0, 0.0, 0.0, 0.0, 0.0, 0.0, 1.8823579921445344e-06, 0.0]","[0.0, 0.0, 0.0, 0.0, 0.0, 0.0, 0.0, 0.0, 0.0, 5.955502615506703e-07]"
1,0,0.01,fixed,paper,"[0.0007767954957671463, 0.0, 0.0, 0.0, 0.0, 0.0, 0.0, 0.0, 0.0, 0.0]","[0.0, 2.3661472425828833e-07, 0.0, 0.0, 0.0, 0.0, 0.0, 0.0, 0.0, 0.0]","[0.0, 0.0, 7.050567774058436e-07, 0.0, 0.0, 0.0, 0.0, 0.0, 0.0, 0.0]","[0.0, 0.0, 0.0, 1.2946434253535699e-05, 0.0, 0.0, 0.0, 0.0, 0.0, 0.0]","[0.0, 0.0, 0.0, 0.0, 6.323009529296542e-06, 0.0, 0.0, 0.0, 0.0, 0.0]","[0.0, 0.0, 0.0, 0.0, 0.0, 4.869563326792559e-06, 0.0, 0.0, 0.0, 0.0]","[0.0, 0.0, 0.0, 0.0, 0.0, 0.0, 1.2022072041872889e-05, 0.0, 0.0, 0.0]","[0.0, 0.0, 0.0, 0.0, 0.0, 0.0, 0.0, 8.905793038138654e-06, 0.0, 0.0]","[0.0, 0.0, 0.0, 0.0, 0.0, 0.0, 0.0, 0.0, 3.678348002722487e-05, 0.0]","[0.0, 0.0, 0.0, 0.0, 0.0, 0.0, 0.0, 0.0, 0.0, 4.053727934660856e-06]"
1,0,0.003,fixed,paper,"[0.00015256724145729095, 0.0, 0.0, 0.0, 0.0, 0.0, 0.0, 0.0, 0.0, 0.0]","[0.0, 4.9676058551995084e-05, 0.0, 0.0, 0.0, 0.0, 0.0, 0.0, 0.0, 0.0]","[0.0, 0.0, 7.2484377596993e-05, 0.0, 0.0, 0.0, 0.0, 0.0, 0.0, 0.0]","[0.0, 0.0, 0.0, 0.00015046278713271022, 0.0, 0.0, 0.0, 0.0, 0.0, 0.0]","[0.0, 0.0, 0.0, 0.0, 3.479871156741865e-05, 0.0, 0.0, 0.0, 0.0, 0.0]","[0.0, 0.0, 0.0, 0.0, 0.0, 0.00011677620932459831, 0.0, 0.0, 0.0, 0.0]","[0.0, 0.0, 0.0, 0.0, 0.0, 0.0, 0.00010882163769565523, 0.0, 0.0, 0.0]","[0.0, 0.0, 0.0, 0.0, 0.0, 0.0, 0.0, 0.0001339870796073228, 0.0, 0.0]","[0.0, 0.0, 0.0, 0.0, 0.0, 0.0, 0.0, 0.0, 0.00012228498235344887, 0.0]","[0.0, 0.0, 0.0, 0.0, 0.0, 0.0, 0.0, 0.0, 0.0, 4.2889620090136304e-05]"
1,0,0.001,fixed,paper,"[6.957461209822213e-06, 0.0, 0.0, 0.0, 0.0, 0.0, 0.0, 0.0, 0.0, 0.0]","[0.0, 5.8523610277916305e-06, 0.0, 0.0, 0.0, 0.0, 0.0, 0.0, 0.0, 0.0]","[0.0, 0.0, 1.2913178579765372e-05, 0.0, 0.0, 0.0, 0.0, 0.0, 0.0, 0.0]","[0.0, 0.0, 0.0, 5.080012670077849e-06, 0.0, 0.0, 0.0, 0.0, 0.0, 0.0]","[0.0, 0.0, 0.0, 0.0, 5.6944605603348464e-05, 0.0, 0.0, 0.0, 0.0, 0.0]","[0.0, 0.0, 0.0, 0.0, 0.0, 7.2756347435642965e-06, 0.0, 0.0, 0.0, 0.0]","[0.0, 0.0, 0.0, 0.0, 0.0, 0.0, 6.683686478936579e-06, 0.0, 0.0, 0.0]","[0.0, 0.0, 0.0, 0.0, 0.0, 0.0, 0.0, 3.625425506470492e-06, 0.0, 0.0]","[0.0, 0.0, 0.0, 0.0, 0.0, 0.0, 0.0, 0.0, 8.532994797860738e-06, 0.0]","[0.0, 0.0, 0.0, 0.0, 0.0, 0.0, 0.0, 0.0, 0.0, 8.966901077656075e-06]"
1,0.4,10,fixed,paper,"[2.189666509628296, 1.0034003257751465, 1.006479263305664, 1.0009925365447998, 1.0020015239715576, 1.0046896934509277, 1.0015108585357666, 1.0036638975143433, 0.9991962909698486, 1.0034058094024658]","[1.0009722709655762, 2.186962366104126, 1.0006866455078125, 1.001399278640747, 1.0018887519836426, 1.0048061609268188, 1.0037732124328613, 1.009250283241272, 1.0020089149475098, 1.0031068325042725]","[0.9975951313972473, 0.9987338185310364, 2.245419979095459, 0.9962287545204163, 0.9970521926879883, 0.9987021088600159, 1.0008012056350708, 0.9985775947570801, 0.9933525919914246, 0.9950161576271057]","[1.0012321472167969, 1.0037131309509277, 1.002037525177002, 2.1784279346466064, 1.0028839111328125, 1.002314567565918, 1.0084842443466187, 1.003421664237976, 1.0055499076843262, 1.0058138370513916]","[0.9964135885238647, 0.9987319111824036, 0.9977609515190125, 0.9956817030906677, 2.243525981903076, 0.9966461658477783, 1.0009242296218872, 1.0007214546203613, 0.9940636157989502, 0.9967801570892334]","[0.9971839189529419, 0.9988170266151428, 0.999798595905304, 0.9991670846939087, 1.0014251470565796, 2.238633155822754, 0.9975550770759583, 0.9975018501281738, 0.9941413998603821, 0.9963854551315308]","[1.005074143409729, 1.0012215375900269, 0.9990083575248718, 1.000575304031372, 1.000587821006775, 1.0042521953582764, 2.2043447494506836, 1.0006436109542847, 1.0004750490188599, 1.000380277633667]","[1.00162935256958, 1.0049188137054443, 1.0035978555679321, 0.9984081983566284, 1.0020105838775635, 1.0002870559692383, 1.0101971626281738, 2.197956085205078, 0.9982108473777771, 0.9992014765739441]","[1.0022348165512085, 1.0061942338943481, 1.0046988725662231, 1.0003464221954346, 1.0031065940856934, 1.005178451538086, 1.0031754970550537, 1.0059776306152344, 2.1790812015533447, 1.0038533210754395]","[0.9951554536819458, 1.0011403560638428, 0.9957910776138306, 0.9950261116027832, 1.0024057626724243, 0.9970316886901855, 0.9968767762184143, 0.9949684143066406, 0.9937108755111694, 2.250166654586792]"
1,0.4,3,fixed,paper,"[2.2118518352508545, 1.0017549991607666, 1.0045024156570435, 0.9987547993659973, 0.9988850355148315, 1.0021990537643433, 0.9988637566566467, 1.0008609294891357, 0.9983799457550049, 1.0013742446899414]","[1.0005266666412354, 2.2051568031311035, 0.9988192319869995, 0.9991346597671509, 0.9995770454406738, 1.0023835897445679, 1.0010508298873901, 1.0068835020065308, 1.0016882419586182, 1.0015360116958618]","[0.9973344802856445, 0.9975388646125793, 2.262094497680664, 0.9944425821304321, 0.9944403767585754, 0.9967341423034668, 0.9979368448257446, 0.9964064359664917, 0.9929745197296143, 0.9936386346817017]","[1.0004900693893433, 1.001858115196228, 1.0000263452529907, 2.1955301761627197, 1.0001513957977295, 1.000328779220581, 1.0057753324508667, 1.0017726421356201, 1.0050164461135864, 1.0047338008880615]","[0.996171236038208, 0.9982678294181824, 0.9963673949241638, 0.9944407343864441, 2.255204677581787, 0.9946836233139038, 0.9986916780471802, 0.9989591836929321, 0.9940160512924194, 0.9958433508872986]","[0.9970415830612183, 0.997608482837677, 0.9983973503112793, 0.9979249238967896, 0.9987094402313232, 2.252547025680542, 0.9958603978157043, 0.9960585832595825, 0.9931932687759399, 0.9949518442153931]","[1.0049223899841309, 1.0005073547363281, 0.9978856444358826, 0.9996921420097351, 0.9987491369247437, 1.0031906366348267, 2.2140660285949707, 0.9992241859436035, 1.0003972053527832, 0.9990870952606201]","[1.0010055303573608, 1.0036931037902832, 1.0018569231033325, 0.9975296854972839, 0.99978107213974, 0.9985731840133667, 1.0078390836715698, 2.2110040187835693, 0.998197615146637, 0.9982084035873413]","[1.0013176202774048, 1.0047893524169922, 1.0024709701538086, 0.9983662366867065, 1.0000516176223755, 1.0017863512039185, 0.9996309876441956, 1.0035194158554077, 2.2029037475585938, 1.0015671253204346]","[0.9943301677703857, 0.9996949434280396, 0.9938747882843018, 0.9937199950218201, 0.999625563621521, 0.9952352046966553, 0.9943077564239502, 0.9931052327156067, 0.9933115243911743, 2.2671685218811035]"
1,0.4,1,fixed,paper,"[2.227583885192871, 1.0014522075653076, 1.0031660795211792, 0.9975093603134155, 0.9967475533485413, 0.9993636608123779, 0.9973376393318176, 0.9992388486862183, 0.9975079298019409, 0.9993672966957092]","[0.9988619089126587, 2.226025342941284, 0.9968467950820923, 0.9971166253089905, 0.9974967241287231, 0.9988558888435364, 0.9991986751556396, 1.00495183467865, 1.000564455986023, 0.9992444515228271]","[0.9959754943847656, 0.9973773956298828, 2.2789297103881836, 0.9930240511894226, 0.9921829700469971, 0.993584394454956, 0.996411144733429, 0.9947914481163025, 0.9919165968894958, 0.9916609525680542]","[0.9984630346298218, 1.0007737874984741, 0.9978446960449219, 2.214958667755127, 0.9975844025611877, 0.9971904754638672, 1.0041732788085938, 1.000488519668579, 1.003614068031311, 1.0028648376464844]","[0.9946699738502502, 0.9980206489562988, 0.9948292374610901, 0.9934048652648926, 2.269388198852539, 0.9918848872184753, 0.9975188374519348, 0.9975904822349548, 0.9931254982948303, 0.9941436052322388]","[0.9993386268615723, 1.0029886960983276, 0.9997939467430115, 1.0004814863204956, 0.9992548823356628, 2.230039358139038, 0.9981303215026855, 0.9983108043670654, 0.995131254196167, 0.9961405396461487]","[1.003135323524475, 0.9998490214347839, 0.9962415099143982, 0.9986371397972107, 0.9967252612113953, 1.0004371404647827, 2.231107473373413, 0.9978213906288147, 0.9991020560264587, 0.9966567158699036]","[0.9989808797836304, 1.0041520595550537, 0.9998292326927185, 0.9967119097709656, 0.9976010322570801, 0.9951594471931458, 1.0064587593078613, 2.2273571491241455, 0.9971993565559387, 0.9963104724884033]","[0.9996461868286133, 1.0047600269317627, 1.000603199005127, 0.9970955848693848, 0.997692883014679, 0.9980960488319397, 0.9977258443832397, 1.001958966255188, 2.222106456756592, 0.9990250468254089]","[0.992720901966095, 0.9998050332069397, 0.9922886490821838, 0.9930912852287292, 0.9975117444992065, 0.9933364391326904, 0.9925496578216553, 0.9921077489852905, 0.9925438165664673, 2.2802224159240723]"
1,0.4,0.3,fixed,paper,"[2.2453300952911377, 0.9992356300354004, 1.002020239830017, 0.9957611560821533, 0.9933547973632812, 0.9982179403305054, 0.9964303374290466, 0.9984949827194214, 0.9949361681938171, 0.9977795481681824]","[0.9982939958572388, 2.239043712615967, 0.996009111404419, 0.9955401420593262, 0.9946625828742981, 0.9979752898216248, 0.9982988238334656, 1.0041563510894775, 0.9985494017601013, 0.9982866048812866]","[0.9947423338890076, 0.9949593544006348, 2.29790997505188, 0.9910755157470703, 0.9886336922645569, 0.9923095107078552, 0.9955333471298218, 0.9937716126441956, 0.9896835684776306, 0.9900107979774475]","[0.9969825744628906, 0.9979299306869507, 0.9962471127510071, 2.2328028678894043, 0.9939717054367065, 0.9961280226707458, 1.0032680034637451, 0.9992978572845459, 1.0014469623565674, 1.0021123886108398]","[0.9960342049598694, 0.9990950226783752, 0.996574342250824, 0.9951639175415039, 2.248474359512329, 0.9937782287597656, 1.0005812644958496, 1.002256989479065, 0.9940462112426758, 0.996049702167511]","[0.9979760050773621, 1.0003045797348022, 0.9983249306678772, 0.9988244771957397, 0.995441198348999, 2.249903917312622, 0.9973024129867554, 0.9971711039543152, 0.9918851256370544, 0.9949744343757629]","[1.0014430284500122, 0.9973436594009399, 0.9947299957275391, 0.9970192909240723, 0.9938595294952393, 0.9994974136352539, 2.249677896499634, 0.9971858859062195, 0.9967774748802185, 0.9945364594459534]","[0.9972833395004272, 1.0015995502471924, 0.9981663227081299, 0.9955614805221558, 0.9938841462135315, 0.9940344095230103, 1.005696415901184, 2.2460784912109375, 0.9944397211074829, 0.9953830242156982]","[0.9987936615943909, 1.0035200119018555, 1.0003021955490112, 0.9965048432350159, 0.9948450326919556, 0.997822105884552, 0.9992594718933105, 1.002367377281189, 2.226656675338745, 0.999237596988678]","[0.9910344481468201, 0.9972463250160217, 0.9906628131866455, 0.9917252659797668, 0.9942803382873535, 0.9923386573791504, 0.9913737773895264, 0.9911162853240967, 0.9905245900154114, 2.298271894454956]"
1,0.4,0.1,fixed,paper,"[2.261457681655884, 0.9951868653297424, 1.0014556646347046, 0.995358407497406, 0.9915013909339905, 0.996737539768219, 0.9945693612098694, 0.9973388910293579, 0.9939162731170654, 0.9961689710617065]","[0.9992412328720093, 2.2215847969055176, 0.9976961016654968, 1.0001052618026733, 0.9956229329109192, 0.9990760087966919, 0.9994775652885437, 1.006248116493225, 1.000468373298645, 0.999231219291687]","[0.9930462837219238, 0.9899600744247437, 2.3199820518493652, 0.9905261993408203, 0.9862853288650513, 0.9903521537780762, 0.9932977557182312, 0.9922478199005127, 0.9881017208099365, 0.9880545735359192]","[0.9951907992362976, 0.9942066073417664, 0.9950347542762756, 2.2505383491516113, 0.9918810725212097, 0.9945322871208191, 1.0015255212783813, 0.9986712336540222, 1.000089168548584, 1.0008323192596436]","[0.9944264888763428, 0.9956936836242676, 0.9956640005111694, 0.994421660900116, 2.264417886734009, 0.9918947219848633, 0.9989252090454102, 1.0012006759643555, 0.9928592443466187, 0.9945979714393616]","[0.996612548828125, 0.9964227676391602, 0.9975517392158508, 0.9981055855751038, 0.9932011961936951, 2.266709327697754, 0.9960169792175293, 0.9965841174125671, 0.9899512529373169, 0.9931741952896118]","[0.9998766779899597, 0.9935776591300964, 0.9940405488014221, 0.9966552257537842, 0.9922986030578613, 0.9984616041183472, 2.2645137310028076, 0.9964279532432556, 0.995516300201416, 0.9926853775978088]","[0.9951041340827942, 0.9971150159835815, 0.9967180490493774, 0.9951189160346985, 0.9917905330657959, 0.9922059178352356, 1.0037858486175537, 2.2659409046173096, 0.9930968880653381, 0.9936838150024414]","[0.9972788095474243, 0.9993598461151123, 0.9993236064910889, 0.9963748455047607, 0.9928849339485168, 0.9952793717384338, 0.9971351027488708, 1.0013867616653442, 2.245306968688965, 0.9972084164619446]","[0.9892295002937317, 0.9934356808662415, 0.9894479513168335, 0.9910865426063538, 0.9925430417060852, 0.9909010529518127, 0.989555299282074, 0.9903857707977295, 0.9896179437637329, 2.3146257400512695]"
1,0.4,0.03,fixed,paper,"[2.283172845840454, 0.994299590587616, 0.9997937679290771, 0.9933972954750061, 0.9888214468955994, 0.9947260022163391, 0.992184042930603, 0.9949673414230347, 0.9911702871322632, 0.9941821694374084]","[0.9981858134269714, 2.246298313140869, 0.9955516457557678, 0.9975199699401855, 0.9931473731994629, 0.9965382218360901, 0.9960899353027344, 1.0037187337875366, 0.9976176023483276, 0.9970817565917969]","[0.9925961494445801, 0.9893460273742676, 2.3383610248565674, 0.9888448119163513, 0.9839383959770203, 0.9886916279792786, 0.9905341267585754, 0.9903363585472107, 0.9856213331222534, 0.986485481262207]","[0.9942623972892761, 0.9930672645568848, 0.9931698441505432, 2.2686805725097656, 0.9894071817398071, 0.9928487539291382, 0.9987782835960388, 0.9972700476646423, 0.9974479079246521, 0.9999222159385681]","[0.9939182996749878, 0.9963257312774658, 0.9943373799324036, 0.9932008981704712, 2.2782843112945557, 0.9901612401008606, 0.9961096048355103, 0.9996079802513123, 0.9906255602836609, 0.9933967590332031]","[0.9961507320404053, 0.996230959892273, 0.9961646199226379, 0.9968317747116089, 0.9906181693077087, 2.2827835083007812, 0.9937084913253784, 0.9952627420425415, 0.9867768287658691, 0.9922038912773132]","[0.9994626641273499, 0.9945688247680664, 0.9936168193817139, 0.9959841370582581, 0.990595281124115, 0.9977121353149414, 2.2717440128326416, 0.9956378936767578, 0.9938048720359802, 0.9919412732124329]","[0.9942110776901245, 0.9970634579658508, 0.9950404763221741, 0.9942495822906494, 0.9897366166114807, 0.9907123446464539, 1.0007649660110474, 2.2810003757476807, 0.9908940196037292, 0.9928513765335083]","[0.9973057508468628, 0.9998887777328491, 0.9983716011047363, 0.9956237077713013, 0.9912200570106506, 0.993331789970398, 0.9945947527885437, 1.0003122091293335, 2.2557389736175537, 0.9966299533843994]","[0.9881607294082642, 0.9933822751045227, 0.9874535799026489, 0.9895562529563904, 0.9902929663658142, 0.9892479181289673, 0.986893892288208, 0.9887531995773315, 0.9872986674308777, 2.332606315612793]"
1,0.4,0.01,fixed,paper,"[2.2693941593170166, 0.9953604340553284, 1.0009037256240845, 0.9942760467529297, 0.9899441599845886, 0.9954715371131897, 0.9935086965560913, 0.9950439929962158, 0.9955193400382996, 0.9953672885894775]","[0.9953861832618713, 2.2586774826049805, 0.9946275949478149, 0.9956656098365784, 0.9924967885017395, 0.995154857635498, 0.9954652190208435, 1.001939058303833, 0.9977701306343079, 0.9960804581642151]","[0.9883687496185303, 0.9870446920394897, 2.3580141067504883, 0.9867728352546692, 0.9822969436645508, 0.9870639443397522, 0.9894145727157593, 0.9880535006523132, 0.9857598543167114, 0.9849768877029419]","[0.9910356402397156, 0.9903671741485596, 0.9916650056838989, 2.2849624156951904, 0.9878977537155151, 0.9914570450782776, 0.9980261921882629, 0.9957543611526489, 0.9971493482589722, 0.9989625811576843]","[0.9904174208641052, 0.994374692440033, 0.9928159117698669, 0.9912938475608826, 2.2976016998291016, 0.9881671071052551, 0.9951263070106506, 0.9973481893539429, 0.9895683526992798, 0.9919484853744507]","[0.9928857088088989, 0.9938067197799683, 0.9949045181274414, 0.995193600654602, 0.9887692332267761, 2.2996020317077637, 0.9932188391685486, 0.9935964941978455, 0.986463725566864, 0.990534245967865]","[0.9956196546554565, 0.9920858144760132, 0.9920753836631775, 0.9941461682319641, 0.9890571236610413, 0.9963219165802002, 2.292307138442993, 0.9934356808662415, 0.9929276704788208, 0.9898568391799927]","[0.9901909828186035, 0.9949145317077637, 0.9937289357185364, 0.9932527542114258, 0.9886534214019775, 0.9895167946815491, 1.000274896621704, 2.2945396900177, 0.9914608597755432, 0.9919021129608154]","[0.9929192662239075, 0.9977688789367676, 0.9967852234840393, 0.9937469959259033, 0.9895259737968445, 0.9906860589981079, 0.9931496977806091, 0.998131275177002, 2.278747320175171, 0.9946103096008301]","[0.9843540787696838, 0.991156816482544, 0.9857147336006165, 0.9877879619598389, 0.9889013171195984, 0.9877825379371643, 0.9858341813087463, 0.9869020581245422, 0.9879065752029419, 2.3500518798828125]"
1,0.4,0.003,fixed,paper,"[2.2865452766418457, 0.9941180348396301, 1.0013998746871948, 0.9921097755432129, 0.9886445999145508, 0.9938408136367798, 0.9911520481109619, 0.9921064972877502, 0.9939199686050415, 0.9935356378555298]","[0.9942148327827454, 2.2768685817718506, 0.9947762489318848, 0.9930962920188904, 0.9916182160377502, 0.9932165741920471, 0.9931560158729553, 0.997980535030365, 0.9962872266769409, 0.9943071603775024]","[0.986998438835144, 0.9854956865310669, 2.3807005882263184, 0.9843012094497681, 0.9807450175285339, 0.9851967096328735, 0.9869258403778076, 0.9843339920043945, 0.9838441610336304, 0.9829773902893066]","[0.9897197484970093, 0.9886941909790039, 0.9919634461402893, 2.2994441986083984, 0.9867507219314575, 0.9900986552238464, 0.9961776733398438, 0.9926760792732239, 0.9956055879592896, 0.9981510639190674]","[0.988644540309906, 0.9931250214576721, 0.9927248954772949, 0.9889361262321472, 2.317347526550293, 0.9858845472335815, 0.9927231073379517, 0.9946641325950623, 0.9875547289848328, 0.9899701476097107]","[0.9917515516281128, 0.9923562407493591, 0.9945852160453796, 0.9933750033378601, 0.9872310161590576, 2.316089630126953, 0.9915793538093567, 0.9910329580307007, 0.9841071367263794, 0.989380419254303]","[0.9944925904273987, 0.9910756945610046, 0.9923757314682007, 0.992983877658844, 0.98848557472229, 0.9952247142791748, 2.3040623664855957, 0.9913743734359741, 0.9911163449287415, 0.9883360266685486]","[0.9917254447937012, 0.9959874153137207, 0.9994583129882812, 0.994189977645874, 0.9911237359046936, 0.9906758666038513, 1.0010149478912354, 2.27530837059021, 0.9927635192871094, 0.9935750365257263]","[0.9914501905441284, 0.9969155192375183, 0.9969390034675598, 0.9918552041053772, 0.9887572526931763, 0.9886506199836731, 0.9910193681716919, 0.9955574870109558, 2.2933478355407715, 0.9936962723731995]","[0.9827139973640442, 0.9898765087127686, 0.9857199788093567, 0.9858111143112183, 0.9877898693084717, 0.9862708449363708, 0.9835982918739319, 0.9841170907020569, 0.9864968657493591, 2.3667638301849365]"
1,0.4,0.001,fixed,paper,"[2.310976028442383, 0.9916493892669678, 0.9999168515205383, 0.9892579913139343, 0.9870251417160034, 0.9916155934333801, 0.9882189631462097, 0.9898089170455933, 0.9910717010498047, 0.9914620518684387]","[0.9944950938224792, 2.290681838989258, 0.9939397573471069, 0.9907495379447937, 0.991325855255127, 0.9915921092033386, 0.9903473854064941, 0.9966532588005066, 0.994461178779602, 0.9932293891906738]","[0.9867804646492004, 0.9833292961120605, 2.401651382446289, 0.981752872467041, 0.9794820547103882, 0.9833436012268066, 0.9836397767066956, 0.9825200438499451, 0.981288492679596, 0.9814085364341736]","[0.9895963072776794, 0.9864435195922852, 0.9908759593963623, 2.31331205368042, 0.985930323600769, 0.9887921214103699, 0.9934778809547424, 0.9919366240501404, 0.9934597015380859, 0.9974409341812134]","[0.9879511594772339, 0.9911827445030212, 0.9911835193634033, 0.9864267110824585, 2.339897871017456, 0.9835435152053833, 0.9889678359031677, 0.9927473664283752, 0.9848257303237915, 0.9883356094360352]","[0.9917844533920288, 0.9903030395507812, 0.9936650991439819, 0.9914925694465637, 0.9859967827796936, 2.33288311958313, 0.9890070557594299, 0.9900675415992737, 0.9811272025108337, 0.9878857135772705]","[0.9960465431213379, 0.9902624487876892, 0.9923264384269714, 0.9919646382331848, 0.9882360696792603, 0.9948655366897583, 2.30877947807312, 0.9905756711959839, 0.9894505143165588, 0.9878395199775696]","[0.9911532998085022, 0.99379563331604, 0.9980675578117371, 0.9925327301025391, 0.9902381300926208, 0.9890744090080261, 0.9975594878196716, 2.2926807403564453, 0.9905695915222168, 0.9923836588859558]","[0.9918906688690186, 0.9958410859107971, 0.9963705539703369, 0.9904129505157471, 0.9883514046669006, 0.9866981506347656, 0.9881392121315002, 0.9947555065155029, 2.3049933910369873, 0.9925296306610107]","[0.9821493625640869, 0.9878995418548584, 0.9842010140419006, 0.9836762547492981, 0.9868860840797424, 0.9846941232681274, 0.9806833267211914, 0.9828444719314575, 0.9843655228614807, 2.3848042488098145]"
3,0.2,10,fixed,paper,"[0.764430046081543, 0.6267439723014832, 0.6269804835319519, 0.6282604932785034, 0.6265159249305725, 0.6264387965202332, 0.6270585656166077, 0.6266847252845764, 0.6268744468688965, 0.6269758343696594]","[0.6280496716499329, 0.7554416656494141, 0.6276261806488037, 0.6278105974197388, 0.627471923828125, 0.6279633045196533, 0.6286637187004089, 0.6271084547042847, 0.6274411082267761, 0.6284545660018921]","[0.6272797584533691, 0.6269127130508423, 0.7630967497825623, 0.6272204518318176, 0.6280131936073303, 0.6265521049499512, 0.627180278301239, 0.6268302798271179, 0.6269471049308777, 0.626767635345459]","[0.6275228261947632, 0.6269049644470215, 0.6275991201400757, 0.7604237198829651, 0.6270347237586975, 0.6267767548561096, 0.6272568106651306, 0.6276735067367554, 0.6270139217376709, 0.628326952457428]","[0.6268760561943054, 0.6266087293624878, 0.6265977025032043, 0.6268150806427002, 0.7685586810112, 0.6259980797767639, 0.6270175576210022, 0.6262835264205933, 0.6264165043830872, 0.6262008547782898]","[0.6273935437202454, 0.6272502541542053, 0.6273851990699768, 0.6274229288101196, 0.6267330050468445, 0.762436032295227, 0.6278582215309143, 0.6267164349555969, 0.626964807510376, 0.626570463180542]","[0.6263483166694641, 0.6258487105369568, 0.6259445548057556, 0.6262024641036987, 0.6256702542304993, 0.6253910064697266, 0.775794267654419, 0.6256619095802307, 0.6257901787757874, 0.6255273222923279]","[0.6272367238998413, 0.6268183588981628, 0.6270028948783875, 0.6279824376106262, 0.6264721751213074, 0.6263801455497742, 0.6270197629928589, 0.7648626565933228, 0.6268087029457092, 0.626417875289917]","[0.6266189217567444, 0.6261615753173828, 0.6262624859809875, 0.6264714002609253, 0.6260604858398438, 0.6258416771888733, 0.6265507936477661, 0.626078188419342, 0.7718181014060974, 0.6258619427680969]","[0.6280162334442139, 0.6270107626914978, 0.6273109316825867, 0.6272695660591125, 0.627174973487854, 0.6266206502914429, 0.6272926926612854, 0.6268072724342346, 0.6270572543144226, 0.7621330618858337]"
3,0.2,3,fixed,paper,"[0.7764081358909607, 0.6262741088867188, 0.6255320310592651, 0.6264921426773071, 0.6255751252174377, 0.6252214908599854, 0.6250898241996765, 0.6255900263786316, 0.6258512139320374, 0.626244306564331]","[0.626470685005188, 0.7718073725700378, 0.6257378458976746, 0.6256322264671326, 0.6259944438934326, 0.6268168687820435, 0.6262372732162476, 0.625500500202179, 0.6263847351074219, 0.627197265625]","[0.6260568499565125, 0.6263139843940735, 0.7726250886917114, 0.6253519654273987, 0.6272900700569153, 0.6260334253311157, 0.6254147291183472, 0.6260619163513184, 0.626450777053833, 0.6262695789337158]","[0.6267050504684448, 0.6265051960945129, 0.6260218620300293, 0.7685467004776001, 0.6262263655662537, 0.6263386607170105, 0.6260131001472473, 0.6268747448921204, 0.6263541579246521, 0.6278301477432251]","[0.6252965927124023, 0.6254602670669556, 0.6248897910118103, 0.6248690485954285, 0.782232403755188, 0.6256110668182373, 0.6254017949104309, 0.6248003840446472, 0.6251738667488098, 0.6251989603042603]","[0.6254104971885681, 0.6258472800254822, 0.6253795027732849, 0.6248260140419006, 0.6257274150848389, 0.7791386842727661, 0.6256755590438843, 0.6254820823669434, 0.6254141926765442, 0.6256676912307739]","[0.625114381313324, 0.6252909898757935, 0.6246465444564819, 0.6246397495269775, 0.6253721714019775, 0.6253588199615479, 0.7834696173667908, 0.6249111890792847, 0.6249974966049194, 0.6252779960632324]","[0.6256094574928284, 0.6257694959640503, 0.6253844499588013, 0.6260398030281067, 0.624983549118042, 0.625606894493103, 0.6249749064445496, 0.7788246273994446, 0.6255765557289124, 0.6257672905921936]","[0.6248278617858887, 0.6254279613494873, 0.6248239278793335, 0.6243972778320312, 0.6247034668922424, 0.6246116161346436, 0.6242157220840454, 0.6245966553688049, 0.7871975898742676, 0.6247353553771973]","[0.6260090470314026, 0.6255664825439453, 0.625272274017334, 0.6249440908432007, 0.6255258321762085, 0.6252034902572632, 0.624962568283081, 0.6253178119659424, 0.6253334283828735, 0.7806063890457153]"
3,0.2,1,fixed,paper,"[0.7889916300773621, 0.625264585018158, 0.6248435974121094, 0.6257827281951904, 0.6239622831344604, 0.6232573986053467, 0.6242247819900513, 0.6247096657752991, 0.6244062781333923, 0.624403715133667]","[0.6253312826156616, 0.7838075757026672, 0.6250298619270325, 0.6249332427978516, 0.6242653131484985, 0.6253430247306824, 0.6253349184989929, 0.6245273947715759, 0.6253257989883423, 0.6252514719963074]","[0.624291718006134, 0.6246143579483032, 0.7891838550567627, 0.6239810585975647, 0.6253323554992676, 0.6242045164108276, 0.6241905093193054, 0.6249455809593201, 0.6249691247940063, 0.6241000294685364]","[0.6251181960105896, 0.6247774958610535, 0.6244171857833862, 0.7863315939903259, 0.6239576935768127, 0.6243643760681152, 0.6250837445259094, 0.6255020499229431, 0.624484121799469, 0.6254360675811768]","[0.6242585778236389, 0.6242946982383728, 0.6244631409645081, 0.6245031356811523, 0.7903621792793274, 0.6249952912330627, 0.625408947467804, 0.624052882194519, 0.624030590057373, 0.6236093640327454]","[0.6240264773368835, 0.6244847178459167, 0.6247125267982483, 0.623867928981781, 0.624627411365509, 0.7896868586540222, 0.625174343585968, 0.6250400543212891, 0.6240204572677612, 0.6242337822914124]","[0.6230832934379578, 0.6233774423599243, 0.6232911348342896, 0.6233184337615967, 0.6235826015472412, 0.6237593293190002, 0.8012978434562683, 0.6235562562942505, 0.6229655742645264, 0.6231011748313904]","[0.6238570809364319, 0.6240369081497192, 0.6243806481361389, 0.6250108480453491, 0.6226778030395508, 0.6239394545555115, 0.6238873600959778, 0.7951653003692627, 0.6237772703170776, 0.6238614320755005]","[0.6233900189399719, 0.6244877576828003, 0.624477207660675, 0.6237148642539978, 0.6230074763298035, 0.6229668855667114, 0.6233172416687012, 0.6236627697944641, 0.7992680668830872, 0.6228328347206116]","[0.6248739361763, 0.6244354248046875, 0.6248453855514526, 0.624529242515564, 0.624056339263916, 0.6238901615142822, 0.624586820602417, 0.624893307685852, 0.6240395307540894, 0.7897058725357056]"
3,0.2,0.3,fixed,paper,"[0.8024757504463196, 0.6244180798530579, 0.6231750845909119, 0.6241640448570251, 0.6232677698135376, 0.6218109130859375, 0.6223207116127014, 0.623117983341217, 0.6230529546737671, 0.623819887638092]","[0.6241191029548645, 0.7979991436004639, 0.6232417821884155, 0.6232251524925232, 0.6233547925949097, 0.624285876750946, 0.6232937574386597, 0.6227433085441589, 0.6242575645446777, 0.624462366104126]","[0.6233167052268982, 0.6238406300544739, 0.7978142499923706, 0.6224638223648071, 0.6250550150871277, 0.6236541271209717, 0.6226893067359924, 0.6238800287246704, 0.6243399381637573, 0.6239491105079651]","[0.624266505241394, 0.623920738697052, 0.6225416660308838, 0.7968043088912964, 0.6233154535293579, 0.6236146688461304, 0.6238225698471069, 0.6241263747215271, 0.6234138607978821, 0.6250067353248596]","[0.6225792765617371, 0.6226234436035156, 0.6223869323730469, 0.6225585341453552, 0.8073386549949646, 0.6242244839668274, 0.6237054467201233, 0.621924877166748, 0.6223095655441284, 0.6226069331169128]","[0.6223042607307434, 0.6229196786880493, 0.622698962688446, 0.6216351389884949, 0.6240784525871277, 0.8055582046508789, 0.6232666373252869, 0.6235193014144897, 0.6223520040512085, 0.6236890554428101]","[0.6218866109848022, 0.622434139251709, 0.6217618584632874, 0.6218941807746887, 0.6235154867172241, 0.6234803795814514, 0.810597836971283, 0.6222955584526062, 0.6218315362930298, 0.6229863166809082]","[0.6226891875267029, 0.6230244636535645, 0.6229530572891235, 0.6236289143562317, 0.6218465566635132, 0.6233437061309814, 0.6223161220550537, 0.8058080673217773, 0.6226259469985962, 0.6237673759460449]","[0.621932864189148, 0.6236627697944641, 0.6231018900871277, 0.6220757365226746, 0.6221823692321777, 0.6217912435531616, 0.6213323473930359, 0.6219699382781982, 0.8128065466880798, 0.6221393942832947]","[0.6228435635566711, 0.6225447654724121, 0.6225148439407349, 0.622281551361084, 0.6225817799568176, 0.6221700310707092, 0.6222476959228516, 0.6228333711624146, 0.6219138503074646, 0.8106838464736938]"
3,0.2,0.1,fixed,paper,"[0.8152146339416504, 0.6233367919921875, 0.6226255297660828, 0.623188316822052, 0.6218422651290894, 0.6199571490287781, 0.6211305856704712, 0.6223917603492737, 0.6216228008270264, 0.6221577525138855]","[0.6230481863021851, 0.809423565864563, 0.6227328777313232, 0.6223201155662537, 0.621873140335083, 0.622980535030365, 0.6221266388893127, 0.6219845414161682, 0.6232714653015137, 0.6227550506591797]","[0.6214665174484253, 0.6219757199287415, 0.8157846331596375, 0.6207332015037537, 0.6231890320777893, 0.621837854385376, 0.621044397354126, 0.622822105884552, 0.6227752566337585, 0.6218624114990234]","[0.6228969693183899, 0.6223301291465759, 0.6212871074676514, 0.8123747706413269, 0.6214430332183838, 0.6219576001167297, 0.6227749586105347, 0.623116672039032, 0.6217677593231201, 0.6229999661445618]","[0.6214179992675781, 0.6212544441223145, 0.6219655275344849, 0.6217926144599915, 0.8171660304069519, 0.6235790252685547, 0.6232494115829468, 0.6211976408958435, 0.62104731798172, 0.6210620403289795]","[0.6208565831184387, 0.6214131712913513, 0.6220967173576355, 0.6203387379646301, 0.6230895519256592, 0.8171700835227966, 0.6223639249801636, 0.623154878616333, 0.6208989024162292, 0.622357189655304]","[0.6201217174530029, 0.6207064986228943, 0.6208011507987976, 0.6205623149871826, 0.6221646666526794, 0.6222405433654785, 0.8256222605705261, 0.6213482618331909, 0.6200700402259827, 0.6212413907051086]","[0.6208419799804688, 0.6211167573928833, 0.6219828724861145, 0.6222283840179443, 0.6196227073669434, 0.6216771006584167, 0.6207960247993469, 0.8236684799194336, 0.6207362413406372, 0.6219323873519897]","[0.6205030679702759, 0.6226481795310974, 0.6228893995285034, 0.6211246252059937, 0.6206710934638977, 0.6202521920204163, 0.6201063394546509, 0.6211874485015869, 0.8250860571861267, 0.6204127073287964]","[0.621593177318573, 0.6212183237075806, 0.6221011877059937, 0.6214748024940491, 0.6211739182472229, 0.6208391785621643, 0.621418833732605, 0.6224350333213806, 0.6205090284347534, 0.8214437365531921]"
3,0.2,0.03,fixed,paper,"[0.836523175239563, 0.6216638088226318, 0.621146559715271, 0.6213926076889038, 0.6200200319290161, 0.6172470450401306, 0.6188187003135681, 0.6200494766235352, 0.6196918487548828, 0.6202661395072937]","[0.622839093208313, 0.8218457102775574, 0.6219159364700317, 0.6212164163589478, 0.6206162571907043, 0.6214392185211182, 0.6204591393470764, 0.6202313303947449, 0.6224049925804138, 0.6214398145675659]","[0.6207324862480164, 0.6203949451446533, 0.8317038416862488, 0.61905837059021, 0.6218011975288391, 0.6200389862060547, 0.6191523671150208, 0.6210230588912964, 0.6215836405754089, 0.6204208731651306]","[0.6225597858428955, 0.6209399700164795, 0.6198961138725281, 0.8268688321113586, 0.6199659705162048, 0.6202352643013, 0.6213966012001038, 0.6212832927703857, 0.6204128265380859, 0.6215560436248779]","[0.6209712028503418, 0.6197677850723267, 0.6210875511169434, 0.6206797361373901, 0.8296205401420593, 0.622546911239624, 0.622142493724823, 0.6193276047706604, 0.6197574138641357, 0.6197606325149536]","[0.6204663515090942, 0.6201321482658386, 0.6213809847831726, 0.6190394759178162, 0.6225188970565796, 0.8272167444229126, 0.6211544871330261, 0.6219896078109741, 0.619761049747467, 0.6216108202934265]","[0.6196151971817017, 0.6194053292274475, 0.6199277639389038, 0.6194274425506592, 0.6214318871498108, 0.6211580038070679, 0.8367189764976501, 0.6198011040687561, 0.6188247203826904, 0.6202829480171204]","[0.6206229329109192, 0.620005190372467, 0.6214697957038879, 0.6213945150375366, 0.6183888912200928, 0.6205385327339172, 0.619539737701416, 0.833163857460022, 0.6197322607040405, 0.6212535500526428]","[0.6198680400848389, 0.6215953230857849, 0.6222997903823853, 0.6199067831039429, 0.6193165183067322, 0.6184089779853821, 0.6183118224143982, 0.6193423271179199, 0.8391411900520325, 0.6190100312232971]","[0.620932936668396, 0.6196499466896057, 0.6211066246032715, 0.6201965808868408, 0.619718074798584, 0.618999719619751, 0.6198161244392395, 0.6207685470581055, 0.6189520955085754, 0.8363879323005676]"
3,0.2,0.01,fixed,paper,"[0.8480691909790039, 0.6201998591423035, 0.6199172139167786, 0.6204935908317566, 0.6193555593490601, 0.6158739328384399, 0.6177809834480286, 0.6188712120056152, 0.6186158061027527, 0.6195248365402222]","[0.6220041513442993, 0.828870952129364, 0.6209919452667236, 0.6206527352333069, 0.6201604604721069, 0.6208770275115967, 0.6197090148925781, 0.6192851662635803, 0.6220356225967407, 0.6209180951118469]","[0.6193466186523438, 0.6186404228210449, 0.8427209854125977, 0.6178974509239197, 0.6211872100830078, 0.6191922426223755, 0.6181508302688599, 0.6200041174888611, 0.6208618879318237, 0.6197459697723389]","[0.6210863590240479, 0.618891716003418, 0.617888867855072, 0.8423427939414978, 0.6187795996665955, 0.6189815998077393, 0.6204242706298828, 0.6197465658187866, 0.6190457344055176, 0.6203950643539429]","[0.6191976070404053, 0.6174324750900269, 0.6194005608558655, 0.619404673576355, 0.845533013343811, 0.6217899918556213, 0.6212489008903503, 0.6175627708435059, 0.6182636022567749, 0.618550717830658]","[0.6186155676841736, 0.6178689002990723, 0.6197226643562317, 0.6174454092979431, 0.6219125390052795, 0.8423570990562439, 0.6200258135795593, 0.6207947731018066, 0.6182857155799866, 0.6208212971687317]","[0.6176968216896057, 0.6171703338623047, 0.6181602478027344, 0.6180452704429626, 0.6207108497619629, 0.6202656030654907, 0.8523576855659485, 0.6182729005813599, 0.6172906160354614, 0.6193299889564514]","[0.6190680861473083, 0.6180360913276672, 0.6201388239860535, 0.6203895807266235, 0.6172450184822083, 0.6196672320365906, 0.6184890270233154, 0.8460068106651306, 0.6185156106948853, 0.6206561923027039]","[0.6181246638298035, 0.619911253452301, 0.6211186647415161, 0.6187455058097839, 0.6182795763015747, 0.6170617341995239, 0.6169514656066895, 0.6178211569786072, 0.8536166548728943, 0.6179172992706299]","[0.6189488172531128, 0.6172358393669128, 0.6193060278892517, 0.6187593340873718, 0.618364155292511, 0.6174402832984924, 0.6184306740760803, 0.6192091107368469, 0.6171943545341492, 0.8546172380447388]"
3,0.2,0.003,fixed,paper,"[0.8654343485832214, 0.6192365884780884, 0.6184754967689514, 0.6189168095588684, 0.6178906559944153, 0.6135765314102173, 0.6154532432556152, 0.6172521710395813, 0.6169926524162292, 0.618696391582489]","[0.6210752129554749, 0.8445693254470825, 0.6195977926254272, 0.6191534996032715, 0.6186464428901672, 0.6191316246986389, 0.6174110174179077, 0.6176404356956482, 0.6208604574203491, 0.6200514435768127]","[0.6183993816375732, 0.6176616549491882, 0.8558740615844727, 0.6163337230682373, 0.6200466752052307, 0.6176937818527222, 0.6161330342292786, 0.6188181638717651, 0.619866132736206, 0.6192577481269836]","[0.6203982830047607, 0.617965579032898, 0.6162917017936707, 0.8557149171829224, 0.617414116859436, 0.6174240708351135, 0.6187822818756104, 0.6183904409408569, 0.6177531480789185, 0.619768500328064]","[0.6182963848114014, 0.616306483745575, 0.6182088255882263, 0.6181596517562866, 0.8579840064048767, 0.6208130717277527, 0.6197706460952759, 0.6160646080970764, 0.6169304847717285, 0.6179614067077637]","[0.6177331805229187, 0.6169107556343079, 0.6186553835868835, 0.6159781813621521, 0.6213081479072571, 0.8530271649360657, 0.6184093356132507, 0.6199615001678467, 0.6170668601989746, 0.6207469701766968]","[0.6170171499252319, 0.6165111064910889, 0.6172543168067932, 0.6170594096183777, 0.6202613115310669, 0.6195194125175476, 0.8600563406944275, 0.6173766255378723, 0.6162834167480469, 0.6193627119064331]","[0.6181240081787109, 0.6170145869255066, 0.6190414428710938, 0.6191529035568237, 0.6157466769218445, 0.6183152794837952, 0.6165930032730103, 0.8589159250259399, 0.6171980500221252, 0.6204167604446411]","[0.6170754432678223, 0.6192570924758911, 0.620253324508667, 0.6174356341362, 0.6169713735580444, 0.6153181195259094, 0.6148300766944885, 0.616388201713562, 0.8673335909843445, 0.617266833782196]","[0.6173148155212402, 0.6155087947845459, 0.6174784302711487, 0.6168296337127686, 0.616395115852356, 0.6151408553123474, 0.6159393191337585, 0.6173930764198303, 0.615074872970581, 0.8762655258178711]"
3,0.2,0.001,fixed,paper,"[0.8809308409690857, 0.6182857751846313, 0.6170752644538879, 0.6181961894035339, 0.61607426404953, 0.6119781136512756, 0.6132875680923462, 0.6162257790565491, 0.6156964302062988, 0.6171751618385315]","[0.6200529336929321, 0.8590680360794067, 0.6182014346122742, 0.6184670329093933, 0.6167373061180115, 0.6180406212806702, 0.6152318120002747, 0.6165450215339661, 0.6199673414230347, 0.6184484362602234]","[0.61733478307724, 0.6166275143623352, 0.8679655194282532, 0.6155586242675781, 0.6184859275817871, 0.6168246269226074, 0.6142087578773499, 0.6181562542915344, 0.6191272735595703, 0.618008017539978]","[0.6189891695976257, 0.6163806915283203, 0.6140657067298889, 0.8756739497184753, 0.6150259971618652, 0.6158931851387024, 0.6166300773620605, 0.6169559955596924, 0.616115927696228, 0.6177777647972107]","[0.6175733208656311, 0.6154208183288574, 0.6172853112220764, 0.6179976463317871, 0.8658327460289001, 0.6207587122917175, 0.6186792254447937, 0.6153861284255981, 0.6161507964134216, 0.6169060468673706]","[0.6162431836128235, 0.6154071688652039, 0.6170705556869507, 0.6148093938827515, 0.6197924017906189, 0.8686295747756958, 0.6163951754570007, 0.619161069393158, 0.615615963935852, 0.6194199323654175]","[0.6161297559738159, 0.615706205368042, 0.6162307262420654, 0.6167707443237305, 0.6192991733551025, 0.6193100810050964, 0.8677195906639099, 0.6169132590293884, 0.6154438257217407, 0.6185424327850342]","[0.6166582107543945, 0.6155334115028381, 0.6175123453140259, 0.6182993650436401, 0.6134238839149475, 0.6171872615814209, 0.6143850088119507, 0.8760220408439636, 0.6157339215278625, 0.6190102100372314]","[0.615699827671051, 0.6183375120162964, 0.6191504597663879, 0.6167043447494507, 0.6150339245796204, 0.6139947772026062, 0.6125932335853577, 0.6152703762054443, 0.8827002644538879, 0.6156456470489502]","[0.6161120533943176, 0.6142750978469849, 0.6161719560623169, 0.6162360310554504, 0.6145545244216919, 0.6140192151069641, 0.6140890717506409, 0.6166487336158752, 0.6137620806694031, 0.8901346325874329]"
2,0,10,fixed,paper,"[1.4139307040750282e-06, 0.0, 0.0, 0.0, 0.0, 0.0, 0.0, 0.0, 0.0, 0.0]","[0.0, 1.5497214462811826e-06, 0.0, 0.0, 0.0, 0.0, 0.0, 0.0, 0.0, 0.0]","[0.0, 0.0, 4.563630500342697e-05, 0.0, 0.0, 0.0, 0.0, 0.0, 0.0, 0.0]","[0.0, 0.0, 0.0, 3.2236471270152833e-06, 0.0, 0.0, 0.0, 0.0, 0.0, 0.0]","[0.0, 0.0, 0.0, 0.0, 1.3451506220008014e-06, 0.0, 0.0, 0.0, 0.0, 0.0]","[0.0, 0.0, 0.0, 0.0, 0.0, 5.9177355069550686e-06, 0.0, 0.0, 0.0, 0.0]","[0.0, 0.0, 0.0, 0.0, 0.0, 0.0, 1.1548934253369225e-06, 0.0, 0.0, 0.0]","[0.0, 0.0, 0.0, 0.0, 0.0, 0.0, 0.0, 2.772173502307851e-06, 0.0, 0.0]","[0.0, 0.0, 0.0, 0.0, 0.0, 0.0, 0.0, 0.0, 1.891100737339002e-06, 0.0]","[0.0, 0.0, 0.0, 0.0, 0.0, 0.0, 0.0, 0.0, 0.0, 3.6002184060635045e-06]"
2,0,3,fixed,paper,"[7.71379654906923e-06, 0.0, 0.0, 0.0, 0.0, 0.0, 0.0, 0.0, 0.0, 0.0]","[0.0, 5.26026769875898e-06, 0.0, 0.0, 0.0, 0.0, 0.0, 0.0, 0.0, 0.0]","[0.0, 0.0, 7.3413102654740214e-06, 0.0, 0.0, 0.0, 0.0, 0.0, 0.0, 0.0]","[0.0, 0.0, 0.0, 3.64957077181316e-06, 0.0, 0.0, 0.0, 0.0, 0.0, 0.0]","[0.0, 0.0, 0.0, 0.0, 8.889525815902743e-06, 0.0, 0.0, 0.0, 0.0, 0.0]","[0.0, 0.0, 0.0, 0.0, 0.0, 2.363105977565283e-06, 0.0, 0.0, 0.0, 0.0]","[0.0, 0.0, 0.0, 0.0, 0.0, 0.0, 3.14811018142791e-06, 0.0, 0.0, 0.0]","[0.0, 0.0, 0.0, 0.0, 0.0, 0.0, 0.0, 3.2943885344138835e-06, 0.0, 0.0]","[0.0, 0.0, 0.0, 0.0, 0.0, 0.0, 0.0, 0.0, 5.876916475244798e-06, 0.0]","[0.0, 0.0, 0.0, 0.0, 0.0, 0.0, 0.0, 0.0, 0.0, 2.396085619693622e-06]"
2,0,1,fixed,paper,"[6.796269502729047e-08, 0.0, 0.0, 0.0, 0.0, 0.0, 0.0, 0.0, 0.0, 0.0]","[0.0, 1.6978506778286828e-07, 0.0, 0.0, 0.0, 0.0, 0.0, 0.0, 0.0, 0.0]","[0.0, 0.0, 5.529338764631575e-08, 0.0, 0.0, 0.0, 0.0, 0.0, 0.0, 0.0]","[0.0, 0.0, 0.0, 3.1403065037238775e-08, 0.0, 0.0, 0.0, 0.0, 0.0, 0.0]","[0.0, 0.0, 0.0, 0.0, 4.5362339733401313e-05, 0.0, 0.0, 0.0, 0.0, 0.0]","[0.0, 0.0, 0.0, 0.0, 0.0, 6.984924283415239e-08, 0.0, 0.0, 0.0, 0.0]","[0.0, 0.0, 0.0, 0.0, 0.0, 0.0, 6.73923636895779e-08, 0.0, 0.0, 0.0]","[0.0, 0.0, 0.0, 0.0, 0.0, 0.0, 0.0, 5.745964060110964e-08, 0.0, 0.0]","[0.0, 0.0, 0.0, 0.0, 0.0, 0.0, 0.0, 0.0, 6.774973115852845e-08, 0.0]","[0.0, 0.0, 0.0, 0.0, 0.0, 0.0, 0.0, 0.0, 0.0, 9.236187281658204e-08]"
2,0,0.3,fixed,paper,"[5.56245458938065e-06, 0.0, 0.0, 0.0, 0.0, 0.0, 0.0, 0.0, 0.0, 0.0]","[0.0, 4.009491021861322e-06, 0.0, 0.0, 0.0, 0.0, 0.0, 0.0, 0.0, 0.0]","[0.0, 0.0, 2.341700565011706e-06, 0.0, 0.0, 0.0, 0.0, 0.0, 0.0, 0.0]","[0.0, 0.0, 0.0, 4.451177119335625e-06, 0.0, 0.0, 0.0, 0.0, 0.0, 0.0]","[0.0, 0.0, 0.0, 0.0, 9.073544902094e-07, 0.0, 0.0, 0.0, 0.0, 0.0]","[0.0, 0.0, 0.0, 0.0, 0.0, 2.3372551822831156e-06, 0.0, 0.0, 0.0, 0.0]","[0.0, 0.0, 0.0, 0.0, 0.0, 0.0, 6.8126360019959975e-06, 0.0, 0.0, 0.0]","[0.0, 0.0, 0.0, 0.0, 0.0, 0.0, 0.0, 6.647149803029606e-06, 0.0, 0.0]","[0.0, 0.0, 0.0, 0.0, 0.0, 0.0, 0.0, 0.0, 2.992100689880317e-06, 0.0]","[0.0, 0.0, 0.0, 0.0, 0.0, 0.0, 0.0, 0.0, 0.0, 3.5888863294530893e-06]"
2,0,0.1,fixed,paper,"[3.123130341009528e-07, 0.0, 0.0, 0.0, 0.0, 0.0, 0.0, 0.0, 0.0, 0.0]","[0.0, 1.4311140148492996e-06, 0.0, 0.0, 0.0, 0.0, 0.0, 0.0, 0.0, 0.0]","[0.0, 0.0, 9.302386274612218e-07, 0.0, 0.0, 0.0, 0.0, 0.0, 0.0, 0.0]","[0.0, 0.0, 0.0, 3.564901760455541e-07, 0.0, 0.0, 0.0, 0.0, 0.0, 0.0]","[0.0, 0.0, 0.0, 0.0, 1.0260093858960317e-06, 0.0, 0.0, 0.0, 0.0, 0.0]","[0.0, 0.0, 0.0, 0.0, 0.0, 1.6909544910959085e-06, 0.0, 0.0, 0.0, 0.0]","[0.0, 0.0, 0.0, 0.0, 0.0, 0.0, 1.2690071571341832e-06, 0.0, 0.0, 0.0]","[0.0, 0.0, 0.0, 0.0, 0.0, 0.0, 0.0, 8.747067568037892e-07, 0.0, 0.0]","[0.0, 0.0, 0.0, 0.0, 0.0, 0.0, 0.0, 0.0, 1.3343669706955552e-06, 0.0]","[0.0, 0.0, 0.0, 0.0, 0.0, 0.0, 0.0, 0.0, 0.0, 1.4382424069481203e-06]"
2,0,0.03,fixed,paper,"[1.599916231498355e-06, 0.0, 0.0, 0.0, 0.0, 0.0, 0.0, 0.0, 0.0, 0.0]","[0.0, 4.518682544585317e-06, 0.0, 0.0, 0.0, 0.0, 0.0, 0.0, 0.0, 0.0]","[0.0, 0.0, 8.549209837838134e-07, 0.0, 0.0, 0.0, 0.0, 0.0, 0.0, 0.0]","[0.0, 0.0, 0.0, 6.732238944096025e-07, 0.0, 0.0, 0.0, 0.0, 0.0, 0.0]","[0.0, 0.0, 0.0, 0.0, 1.187881025543902e-06, 0.0, 0.0, 0.0, 0.0, 0.0]","[0.0, 0.0, 0.0, 0.0, 0.0, 3.7806130421813577e-06, 0.0, 0.0, 0.0, 0.0]","[0.0, 0.0, 0.0, 0.0, 0.0, 0.0, 1.7616231389183667e-06, 0.0, 0.0, 0.0]","[0.0, 0.0, 0.0, 0.0, 0.0, 0.0, 0.0, 8.763940968492534e-07, 0.0, 0.0]","[0.0, 0.0, 0.0, 0.0, 0.0, 0.0, 0.0, 0.0, 7.869982709962642e-07, 0.0]","[0.0, 0.0, 0.0, 0.0, 0.0, 0.0, 0.0, 0.0, 0.0, 2.294159685334307e-06]"
2,0,0.01,fixed,paper,"[7.241519142553443e-06, 0.0, 0.0, 0.0, 0.0, 0.0, 0.0, 0.0, 0.0, 0.0]","[0.0, 9.856347787717823e-06, 0.0, 0.0, 0.0, 0.0, 0.0, 0.0, 0.0, 0.0]","[0.0, 0.0, 4.360642924439162e-05, 0.0, 0.0, 0.0, 0.0, 0.0, 0.0, 0.0]","[0.0, 0.0, 0.0, 2.296412640134804e-05, 0.0, 0.0, 0.0, 0.0, 0.0, 0.0]","[0.0, 0.0, 0.0, 0.0, 8.056849765125662e-06, 0.0, 0.0, 0.0, 0.0, 0.0]","[0.0, 0.0, 0.0, 0.0, 0.0, 8.028026968531776e-06, 0.0, 0.0, 0.0, 0.0]","[0.0, 0.0, 0.0, 0.0, 0.0, 0.0, 4.058978902321542e-06, 0.0, 0.0, 0.0]","[0.0, 0.0, 0.0, 0.0, 0.0, 0.0, 0.0, 1.3716528883378487e-05, 0.0, 0.0]","[0.0, 0.0, 0.0, 0.0, 0.0, 0.0, 0.0, 0.0, 1.4331069905892946e-05, 0.0]","[0.0, 0.0, 0.0, 0.0, 0.0, 0.0, 0.0, 0.0, 0.0, 5.872595465916675e-06]"
2,0,0.003,fixed,paper,"[5.540871643461287e-05, 0.0, 0.0, 0.0, 0.0, 0.0, 0.0, 0.0, 0.0, 0.0]","[0.0, 3.735647987923585e-05, 0.0, 0.0, 0.0, 0.0, 0.0, 0.0, 0.0, 0.0]","[0.0, 0.0, 0.00011779901979025453, 0.0, 0.0, 0.0, 0.0, 0.0, 0.0, 0.0]","[0.0, 0.0, 0.0, 3.3993761462625116e-05, 0.0, 0.0, 0.0, 0.0, 0.0, 0.0]","[0.0, 0.0, 0.0, 0.0, 4.845356670557521e-05, 0.0, 0.0, 0.0, 0.0, 0.0]","[0.0, 0.0, 0.0, 0.0, 0.0, 4.166118742432445e-05, 0.0, 0.0, 0.0, 0.0]","[0.0, 0.0, 0.0, 0.0, 0.0, 0.0, 4.845189323532395e-05, 0.0, 0.0, 0.0]","[0.0, 0.0, 0.0, 0.0, 0.0, 0.0, 0.0, 3.370091872056946e-05, 0.0, 0.0]","[0.0, 0.0, 0.0, 0.0, 0.0, 0.0, 0.0, 0.0, 6.671953451586887e-05, 0.0]","[0.0, 0.0, 0.0, 0.0, 0.0, 0.0, 0.0, 0.0, 0.0, 0.00015743981930427253]"
2,0,0.001,fixed,paper,"[3.111865225946531e-05, 0.0, 0.0, 0.0, 0.0, 0.0, 0.0, 0.0, 0.0, 0.0]","[0.0, 1.4620016372646205e-05, 0.0, 0.0, 0.0, 0.0, 0.0, 0.0, 0.0, 0.0]","[0.0, 0.0, 3.8228237826842815e-05, 0.0, 0.0, 0.0, 0.0, 0.0, 0.0, 0.0]","[0.0, 0.0, 0.0, 2.4273973394883797e-05, 0.0, 0.0, 0.0, 0.0, 0.0, 0.0]","[0.0, 0.0, 0.0, 0.0, 7.441971683874726e-05, 0.0, 0.0, 0.0, 0.0, 0.0]","[0.0, 0.0, 0.0, 0.0, 0.0, 1.655289452173747e-05, 0.0, 0.0, 0.0, 0.0]","[0.0, 0.0, 0.0, 0.0, 0.0, 0.0, 3.739139356184751e-05, 0.0, 0.0, 0.0]","[0.0, 0.0, 0.0, 0.0, 0.0, 0.0, 0.0, 3.298081355751492e-05, 0.0, 0.0]","[0.0, 0.0, 0.0, 0.0, 0.0, 0.0, 0.0, 0.0, 3.1643794500268996e-05, 0.0]","[0.0, 0.0, 0.0, 0.0, 0.0, 0.0, 0.0, 0.0, 0.0, 1.4172519513522275e-05]"
1,0.1,10,fixed,fixed,"[0.21676479279994965, 0.35390833020210266, 0.35384225845336914, 0.35404670238494873, 0.3538857102394104, 0.35384947061538696, 0.35397353768348694, 0.3539605438709259, 0.35387206077575684, 0.3537982702255249]","[0.354070782661438, 0.2138950079679489, 0.3543318212032318, 0.35428330302238464, 0.3541131615638733, 0.35410359501838684, 0.3542826771736145, 0.3542274534702301, 0.3541242778301239, 0.35419875383377075]","[0.3538724184036255, 0.3540090024471283, 0.21598784625530243, 0.354135662317276, 0.3539999723434448, 0.35394287109375, 0.3540422022342682, 0.35405194759368896, 0.353964626789093, 0.3538222908973694]","[0.35408565402030945, 0.3541758954524994, 0.3546351492404938, 0.2136700600385666, 0.3541967570781708, 0.3541473150253296, 0.35424134135246277, 0.35423344373703003, 0.35414937138557434, 0.3540908694267273]","[0.3536844551563263, 0.35382241010665894, 0.3537510633468628, 0.35397031903266907, 0.21778209507465363, 0.3537778854370117, 0.35387125611305237, 0.3539107143878937, 0.3537517488002777, 0.35368430614471436]","[0.3538351356983185, 0.3540397584438324, 0.3539159595966339, 0.3540506362915039, 0.3539315462112427, 0.216171994805336, 0.35403794050216675, 0.3540007472038269, 0.3538907766342163, 0.3539689779281616]","[0.3536624312400818, 0.35372820496559143, 0.35360202193260193, 0.35389024019241333, 0.3537519574165344, 0.35374361276626587, 0.218324676156044, 0.3538629412651062, 0.35371318459510803, 0.3537806570529938]","[0.35366326570510864, 0.35377854108810425, 0.3537371754646301, 0.3538385331630707, 0.35370802879333496, 0.3537304997444153, 0.3538411855697632, 0.21841110289096832, 0.3537231981754303, 0.35363486409187317]","[0.3537196218967438, 0.3538726568222046, 0.3537406921386719, 0.3539782166481018, 0.3538544476032257, 0.35382702946662903, 0.3538995683193207, 0.35390788316726685, 0.21744807064533234, 0.3537232279777527]","[0.35517722368240356, 0.3547561764717102, 0.3561532497406006, 0.3550359904766083, 0.3546617329120636, 0.35488831996917725, 0.3548850417137146, 0.3548407256603241, 0.35479605197906494, 0.20594705641269684]"
1,0.1,3,fixed,fixed,"[0.22474858164787292, 0.3531625270843506, 0.3529178202152252, 0.3529719412326813, 0.35296282172203064, 0.3530358374118805, 0.3530712127685547, 0.35313594341278076, 0.3534015417098999, 0.3533738851547241]","[0.3530295491218567, 0.22372928261756897, 0.35315901041030884, 0.3527684211730957, 0.3531827926635742, 0.3532326817512512, 0.3531532287597656, 0.35320088267326355, 0.3535979688167572, 0.3536432385444641]","[0.35320159792900085, 0.3534104526042938, 0.2229701578617096, 0.3530242443084717, 0.353272408246994, 0.3532832860946655, 0.35322561860084534, 0.3531706929206848, 0.3536261320114136, 0.35339322686195374]","[0.35356250405311584, 0.3535239100456238, 0.3538334369659424, 0.21872542798519135, 0.35361623764038086, 0.3536469638347626, 0.35363781452178955, 0.3536885976791382, 0.35398417711257935, 0.3538978397846222]","[0.3529246747493744, 0.3533712327480316, 0.35271796584129333, 0.35279932618141174, 0.22601112723350525, 0.3528749644756317, 0.352824866771698, 0.35294362902641296, 0.3533099889755249, 0.35317277908325195]","[0.3529006242752075, 0.3533775806427002, 0.35289138555526733, 0.3528834879398346, 0.35291001200675964, 0.22535090148448944, 0.353030264377594, 0.35309529304504395, 0.3531149923801422, 0.35330089926719666]","[0.35312971472740173, 0.3533189594745636, 0.35292333364486694, 0.35308367013931274, 0.3531881868839264, 0.35319438576698303, 0.22410860657691956, 0.35303977131843567, 0.35346558690071106, 0.3532542884349823]","[0.35304754972457886, 0.35330355167388916, 0.352821409702301, 0.3529525697231293, 0.35279494524002075, 0.35310888290405273, 0.3529353439807892, 0.2251281440258026, 0.3534504175186157, 0.3533027768135071]","[0.35262149572372437, 0.353065550327301, 0.3524940013885498, 0.3526449501514435, 0.3526560664176941, 0.35251811146736145, 0.3526165187358856, 0.3527561128139496, 0.2290942519903183, 0.35284289717674255]","[0.3540671169757843, 0.35391920804977417, 0.35474327206611633, 0.3536188304424286, 0.35368046164512634, 0.3538425862789154, 0.3534643352031708, 0.35367482900619507, 0.3541471064090729, 0.21687065064907074]"
1,0.1,1,fixed,fixed,"[0.23429566621780396, 0.3519819676876068, 0.3523992896080017, 0.35224810242652893, 0.35218650102615356, 0.35208848118782043, 0.35225987434387207, 0.35234642028808594, 0.3519476056098938, 0.35223621129989624]","[0.3524589538574219, 0.22992932796478271, 0.352755606174469, 0.3520994186401367, 0.3526797592639923, 0.35257190465927124, 0.35270050168037415, 0.3526794910430908, 0.35267794132232666, 0.3528783321380615]","[0.35228997468948364, 0.35205763578414917, 0.2345612645149231, 0.35204726457595825, 0.3522612154483795, 0.35212281346321106, 0.3523743152618408, 0.35208365321159363, 0.35218295454978943, 0.35204386711120605]","[0.3527316451072693, 0.35205137729644775, 0.35302332043647766, 0.22912000119686127, 0.3526853024959564, 0.3525788486003876, 0.35293278098106384, 0.3528706431388855, 0.3526473939418793, 0.35271763801574707]","[0.35222262144088745, 0.35246384143829346, 0.3520418107509613, 0.35206133127212524, 0.23537319898605347, 0.35177040100097656, 0.35204291343688965, 0.3520694375038147, 0.3520621061325073, 0.35203948616981506]","[0.3522152602672577, 0.3524506688117981, 0.35241466760635376, 0.3523401618003845, 0.352094829082489, 0.23351727426052094, 0.35247793793678284, 0.35247349739074707, 0.35172510147094727, 0.352202445268631]","[0.35243698954582214, 0.35223624110221863, 0.3523833453655243, 0.35249173641204834, 0.3524215817451477, 0.352225124835968, 0.23353730142116547, 0.352091521024704, 0.3521939814090729, 0.3518888056278229]","[0.35242149233818054, 0.35230475664138794, 0.352194607257843, 0.35243093967437744, 0.35182929039001465, 0.35221680998802185, 0.35222575068473816, 0.2337111085653305, 0.3523034155368805, 0.3522808253765106]","[0.35230058431625366, 0.35252174735069275, 0.3523233234882355, 0.35246363282203674, 0.3521921932697296, 0.3517270088195801, 0.35231682658195496, 0.3524162471294403, 0.23360003530979156, 0.3520602583885193]","[0.3535751700401306, 0.35318639874458313, 0.3542506992816925, 0.3531944751739502, 0.35327404737472534, 0.3531549870967865, 0.3528684377670288, 0.35316163301467896, 0.3532518148422241, 0.2227344512939453]"
1,0.1,0.3,fixed,fixed,"[0.24004927277565002, 0.3513346016407013, 0.3516237139701843, 0.3516780734062195, 0.3512885570526123, 0.3515443801879883, 0.3518441915512085, 0.3518943786621094, 0.35141709446907043, 0.3521861135959625]","[0.3512883186340332, 0.238904669880867, 0.35162678360939026, 0.35098522901535034, 0.35166847705841064, 0.35186460614204407, 0.35195258259773254, 0.35192033648490906, 0.35198548436164856, 0.3525920808315277]","[0.35144221782684326, 0.35140514373779297, 0.24108050763607025, 0.3512890040874481, 0.3514062166213989, 0.3515803813934326, 0.3518916964530945, 0.3514232635498047, 0.3516318202018738, 0.35183754563331604]","[0.3517207205295563, 0.35103583335876465, 0.35190844535827637, 0.237347811460495, 0.3516666889190674, 0.3518848717212677, 0.352352499961853, 0.35223498940467834, 0.3519587814807892, 0.3524366021156311]","[0.3513941168785095, 0.35206592082977295, 0.3511143624782562, 0.35135167837142944, 0.2418813854455948, 0.35109394788742065, 0.35143980383872986, 0.35143157839775085, 0.35151591897010803, 0.3518589437007904]","[0.3510010838508606, 0.3516307771205902, 0.35128384828567505, 0.35142233967781067, 0.3508431613445282, 0.24360497295856476, 0.35170161724090576, 0.3516852557659149, 0.35063502192497253, 0.35165441036224365]","[0.35128727555274963, 0.3514831066131592, 0.35130175948143005, 0.3516627848148346, 0.3515048027038574, 0.3516096770763397, 0.24224552512168884, 0.35127830505371094, 0.3513941466808319, 0.3513853847980499]","[0.35143405199050903, 0.35158103704452515, 0.35108160972595215, 0.3517023026943207, 0.3505951166152954, 0.35151752829551697, 0.3514600992202759, 0.2422829419374466, 0.3516231179237366, 0.3519766926765442]","[0.35121041536331177, 0.3518446087837219, 0.35125797986984253, 0.3516673147678375, 0.351051390171051, 0.35072121024131775, 0.35155272483825684, 0.3516693711280823, 0.2427431046962738, 0.35158753395080566]","[0.35209226608276367, 0.3520984947681427, 0.35264238715171814, 0.35193347930908203, 0.351968377828598, 0.35203051567077637, 0.35158687829971313, 0.3520198166370392, 0.3521932065486908, 0.23565325140953064]"
1,0.1,0.1,fixed,fixed,"[0.25112587213516235, 0.3501819372177124, 0.35093510150909424, 0.350788414478302, 0.35043925046920776, 0.35045865178108215, 0.35059231519699097, 0.3507724702358246, 0.3503637909889221, 0.3509639501571655]","[0.3506835401058197, 0.24715963006019592, 0.35108351707458496, 0.3500504493713379, 0.3512037396430969, 0.3511137366294861, 0.35086700320243835, 0.3509899973869324, 0.3512681722640991, 0.3516322076320648]","[0.3506453335285187, 0.3502308130264282, 0.2532249689102173, 0.35019513964653015, 0.3505832254886627, 0.35047978162765503, 0.3505563735961914, 0.3500771224498749, 0.3505413830280304, 0.35044318437576294]","[0.3511141240596771, 0.34985241293907166, 0.35121792554855347, 0.2468913495540619, 0.3510335087776184, 0.350986123085022, 0.35127297043800354, 0.35126641392707825, 0.35108426213264465, 0.35132092237472534]","[0.3506498634815216, 0.3511790335178375, 0.3502914011478424, 0.3503398299217224, 0.2536051273345947, 0.34989339113235474, 0.3500179648399353, 0.35014140605926514, 0.35046377778053284, 0.3505236804485321]","[0.35038504004478455, 0.3508358299732208, 0.3507708013057709, 0.35071563720703125, 0.3501708507537842, 0.2526826858520508, 0.3506198227405548, 0.350757896900177, 0.3495534658432007, 0.3504655361175537]","[0.3509930670261383, 0.35101234912872314, 0.3510953485965729, 0.3513023853302002, 0.3514241874217987, 0.3512403070926666, 0.2469746619462967, 0.35058343410491943, 0.350859671831131, 0.3504984974861145]","[0.35115474462509155, 0.3509927988052368, 0.350696861743927, 0.35129475593566895, 0.35005083680152893, 0.35091739892959595, 0.35049968957901, 0.24842366576194763, 0.3510609269142151, 0.3511417508125305]","[0.3507024645805359, 0.3511764407157898, 0.3507945239543915, 0.3510662317276001, 0.35047394037246704, 0.34968918561935425, 0.3504672348499298, 0.35076749324798584, 0.2511100471019745, 0.3504581153392792]","[0.35176047682762146, 0.351588636636734, 0.35220539569854736, 0.35143667459487915, 0.35179463028907776, 0.3514481782913208, 0.350553423166275, 0.3512918949127197, 0.35169509053230286, 0.24137882888317108]"
1,0.1,0.03,fixed,fixed,"[0.25734612345695496, 0.34922945499420166, 0.35022109746932983, 0.3502485454082489, 0.3496645390987396, 0.350002646446228, 0.3504810333251953, 0.3504790961742401, 0.34970781207084656, 0.35042276978492737]","[0.3497960567474365, 0.25329458713531494, 0.35029056668281555, 0.3492417633533478, 0.350588858127594, 0.3507677912712097, 0.350697785615921, 0.35066381096839905, 0.35072335600852966, 0.35112908482551575]","[0.3497602939605713, 0.34922701120376587, 0.26082682609558105, 0.3494219183921814, 0.3498052656650543, 0.3499792516231537, 0.35033196210861206, 0.34953027963638306, 0.3498184382915497, 0.3497006297111511]","[0.35009536147117615, 0.3485160171985626, 0.35014885663986206, 0.2560330331325531, 0.35012128949165344, 0.35036349296569824, 0.35098034143447876, 0.35077255964279175, 0.3502533435821533, 0.35053306818008423]","[0.3497292697429657, 0.35037386417388916, 0.34932562708854675, 0.349560409784317, 0.2617373764514923, 0.3492051064968109, 0.3496193289756775, 0.34956225752830505, 0.3496910035610199, 0.3497520089149475]","[0.34911394119262695, 0.34964391589164734, 0.34963566064834595, 0.34976211190223694, 0.3489765524864197, 0.26430952548980713, 0.3500819802284241, 0.35006237030029297, 0.34827303886413574, 0.3493615984916687]","[0.34959614276885986, 0.3496968150138855, 0.3498191833496094, 0.35024744272232056, 0.3503733277320862, 0.35045573115348816, 0.2594141960144043, 0.3496726155281067, 0.3496781587600708, 0.34924888610839844]","[0.35004520416259766, 0.3498329818248749, 0.34951549768447876, 0.3504652678966522, 0.3488099277019501, 0.35017526149749756, 0.34990859031677246, 0.25906217098236084, 0.3501241207122803, 0.3502165973186493]","[0.34973859786987305, 0.35031047463417053, 0.3499082028865814, 0.3504175543785095, 0.3495737612247467, 0.3488900363445282, 0.35012486577033997, 0.35029667615890503, 0.25933367013931274, 0.3496128022670746]","[0.3507220447063446, 0.35063013434410095, 0.3510952889919281, 0.3506414592266083, 0.35104674100875854, 0.350847452878952, 0.35001298785209656, 0.3507443368434906, 0.3509454131126404, 0.24971912801265717]"
1,0.1,0.01,fixed,fixed,"[0.26862430572509766, 0.3481968641281128, 0.349357545375824, 0.34911927580833435, 0.3488442003726959, 0.3488728106021881, 0.34949779510498047, 0.3491993844509125, 0.3487417995929718, 0.34950020909309387]","[0.3490990400314331, 0.26299309730529785, 0.3494744598865509, 0.34797051548957825, 0.35005414485931396, 0.3498738408088684, 0.34978294372558594, 0.3494776487350464, 0.349994421005249, 0.35037097334861755]","[0.34912607073783875, 0.3483298420906067, 0.27134808897972107, 0.3482464849948883, 0.3491683304309845, 0.34899160265922546, 0.3494223654270172, 0.34818440675735474, 0.3489723205566406, 0.34876391291618347]","[0.3497058153152466, 0.3476651906967163, 0.3494960069656372, 0.26312264800071716, 0.3497285842895508, 0.3496321737766266, 0.35038092732429504, 0.3498576283454895, 0.3496776223182678, 0.34992948174476624]","[0.34897148609161377, 0.3495868444442749, 0.34830960631370544, 0.34829089045524597, 0.2740812599658966, 0.3479422628879547, 0.3484479486942291, 0.34809610247612, 0.3487071096897125, 0.34869831800460815]","[0.3485463559627533, 0.3490109145641327, 0.3489904999732971, 0.34885868430137634, 0.34837615489959717, 0.2730293571949005, 0.3493117690086365, 0.3490200936794281, 0.3473227322101593, 0.3485163152217865]","[0.34907668828964233, 0.34911417961120605, 0.34920692443847656, 0.3494165539741516, 0.35008978843688965, 0.34981024265289307, 0.26703065633773804, 0.34858909249305725, 0.34900012612342834, 0.34843185544013977]","[0.3499099016189575, 0.34950321912765503, 0.34909534454345703, 0.3499565124511719, 0.34843409061431885, 0.3496694564819336, 0.34935617446899414, 0.26345017552375793, 0.34978750348091125, 0.34982073307037354]","[0.3491646349430084, 0.3496897220611572, 0.3491981625556946, 0.3495052754878998, 0.3489537239074707, 0.3477433919906616, 0.34923648834228516, 0.3491654098033905, 0.2687157988548279, 0.3487124741077423]","[0.3501364290714264, 0.3499797582626343, 0.35022494196891785, 0.3496455252170563, 0.3506413698196411, 0.3499615490436554, 0.3489898145198822, 0.34959912300109863, 0.350273996591568, 0.2586117088794708]"
1,0.1,0.003,fixed,fixed,"[0.2750488817691803, 0.3477163016796112, 0.3486426770687103, 0.3488048017024994, 0.34793540835380554, 0.34812596440315247, 0.34883084893226624, 0.34905532002449036, 0.3481428325176239, 0.34903278946876526]","[0.3478153944015503, 0.2744424045085907, 0.3482787013053894, 0.346986323595047, 0.34890216588974, 0.34883400797843933, 0.3486561179161072, 0.34889888763427734, 0.34910356998443604, 0.3495396673679352]","[0.348251074552536, 0.34780216217041016, 0.27904555201530457, 0.3477039933204651, 0.34826046228408813, 0.34820446372032166, 0.3486465811729431, 0.3477923274040222, 0.34831076860427856, 0.3481005132198334]","[0.3485018312931061, 0.3466107249259949, 0.3482361435890198, 0.2748730480670929, 0.34849125146865845, 0.3485276401042938, 0.34934160113334656, 0.3493221700191498, 0.34871265292167664, 0.3490254282951355]","[0.34817972779273987, 0.3493756055831909, 0.3474671244621277, 0.34786102175712585, 0.2811545431613922, 0.3470873534679413, 0.34761786460876465, 0.34779053926467896, 0.34811440110206604, 0.348124623298645]","[0.3475402295589447, 0.348548948764801, 0.3481137752532959, 0.34838977456092834, 0.3473069369792938, 0.28183919191360474, 0.3484775125980377, 0.34873318672180176, 0.34635964035987854, 0.34774643182754517]","[0.34817206859588623, 0.3487561047077179, 0.3484165072441101, 0.3490736186504364, 0.3493903577327728, 0.3492203950881958, 0.2737092971801758, 0.3483142852783203, 0.3483622074127197, 0.3477436304092407]","[0.3486844599246979, 0.34869351983070374, 0.34779247641563416, 0.34923070669174194, 0.34693846106529236, 0.34851470589637756, 0.3480887711048126, 0.27616164088249207, 0.3487860858440399, 0.34884870052337646]","[0.3481660783290863, 0.3492541015148163, 0.3482705056667328, 0.34904149174690247, 0.34787899255752563, 0.34661394357681274, 0.34829801321029663, 0.3488035202026367, 0.27801966667175293, 0.34790149331092834]","[0.34904614090919495, 0.34943440556526184, 0.3490574359893799, 0.34901806712150574, 0.3497006893157959, 0.3490122854709625, 0.3478371202945709, 0.34914323687553406, 0.3495227098464966, 0.26817047595977783]"
1,0.1,0.001,fixed,fixed,"[0.28616929054260254, 0.34637340903282166, 0.3479771316051483, 0.3476296067237854, 0.3469966948032379, 0.3473612666130066, 0.3479388356208801, 0.3479858934879303, 0.347317099571228, 0.34809499979019165]","[0.347389280796051, 0.28050515055656433, 0.3479301333427429, 0.34593987464904785, 0.34851762652397156, 0.3485737442970276, 0.34810206294059753, 0.34819260239601135, 0.3487834632396698, 0.34903594851493835]","[0.3474477529525757, 0.34642431139945984, 0.2916341722011566, 0.34631338715553284, 0.3473348617553711, 0.3474116027355194, 0.3476577699184418, 0.346487432718277, 0.34743455052375793, 0.3469793498516083]","[0.34815338253974915, 0.34549036622047424, 0.34782201051712036, 0.2812862694263458, 0.34801992774009705, 0.3482011556625366, 0.348873108625412, 0.34865719079971313, 0.3483169376850128, 0.34844744205474854]","[0.3475232720375061, 0.34837719798088074, 0.3467501401901245, 0.3466465473175049, 0.2918396592140198, 0.3462907075881958, 0.3466387987136841, 0.3466356694698334, 0.3473706841468811, 0.34715673327445984]","[0.34665927290916443, 0.3472898304462433, 0.34735187888145447, 0.34712570905685425, 0.34627339243888855, 0.29438644647598267, 0.34748372435569763, 0.34758642315864563, 0.3452359139919281, 0.34657225012779236]","[0.34757304191589355, 0.3477811813354492, 0.34792131185531616, 0.34811586141586304, 0.3489064872264862, 0.3488580882549286, 0.28198477625846863, 0.3473599851131439, 0.34774351119995117, 0.3468315899372101]","[0.34836626052856445, 0.34786924719810486, 0.34738707542419434, 0.3484918177127838, 0.34626105427742004, 0.3481898009777069, 0.34744444489479065, 0.2824817895889282, 0.34840553998947144, 0.3482545018196106]","[0.3474709391593933, 0.3481995463371277, 0.34763598442077637, 0.34796077013015747, 0.3470180928707123, 0.34571102261543274, 0.34737828373908997, 0.34776002168655396, 0.28858426213264465, 0.3468644917011261]","[0.3484727740287781, 0.34848374128341675, 0.3483971655368805, 0.34798723459243774, 0.3491869568824768, 0.34850257635116577, 0.34691721200942993, 0.3482193648815155, 0.3490014970302582, 0.27663373947143555]"
0,0.4,10,fixed,paper,"[2.21998929977417, 0.9989816546440125, 0.9960996508598328, 0.9969383478164673, 0.9996084570884705, 0.9976661205291748, 0.9986841082572937, 1.0015649795532227, 1.0058711767196655, 1.003262996673584]","[1.0094527006149292, 2.144482374191284, 1.0077310800552368, 1.0044541358947754, 1.006151556968689, 1.0060505867004395, 1.0079476833343506, 1.0082110166549683, 1.0085550546646118, 1.0074275732040405]","[1.0021791458129883, 0.9987776279449463, 2.224665641784668, 0.9974609017372131, 1.001230239868164, 0.9945507049560547, 0.9996597766876221, 1.0019172430038452, 1.0007617473602295, 0.9978155493736267]","[0.9970423579216003, 1.0038268566131592, 0.9951016306877136, 2.2338931560516357, 1.0038959980010986, 0.9933692216873169, 0.9973484873771667, 0.9983253479003906, 0.9999436736106873, 0.9977103471755981]","[0.999298632144928, 0.9980347156524658, 0.9989007115364075, 0.994999885559082, 2.2415313720703125, 0.9958884716033936, 0.9971168637275696, 0.9986124038696289, 0.9997130036354065, 0.9967729449272156]","[1.0035990476608276, 1.0043729543685913, 1.0001742839813232, 1.0034734010696411, 1.0065838098526, 2.1717350482940674, 1.0028760433197021, 1.0043448209762573, 1.0133249759674072, 1.003149151802063]","[0.9995881915092468, 1.001990795135498, 0.9982947707176208, 0.9992030262947083, 1.0040464401245117, 1.0039057731628418, 2.1987130641937256, 1.0041755437850952, 1.0050948858261108, 1.0010571479797363]","[0.9991914629936218, 0.9998682141304016, 0.9987267851829529, 1.0029319524765015, 1.0066298246383667, 0.9998353123664856, 0.9988947510719299, 2.208151340484619, 1.0019429922103882, 1.0009486675262451]","[1.0006170272827148, 1.0040305852890015, 0.9988789558410645, 1.0013965368270874, 1.0006335973739624, 0.998762845993042, 1.0034489631652832, 1.0034921169281006, 2.2055389881134033, 0.9999003410339355]","[0.9976660013198853, 1.000611424446106, 0.9970692992210388, 0.9950944781303406, 0.9994562864303589, 0.9956075549125671, 1.0002272129058838, 1.0002270936965942, 1.0033926963806152, 2.230393409729004]"
0,0.4,3,fixed,paper,"[2.2325048446655273, 0.997160792350769, 0.9948402047157288, 0.9965881705284119, 0.9986250400543213, 0.9976527690887451, 0.9984091520309448, 0.9983526468276978, 1.0040839910507202, 1.00181245803833]","[1.0067942142486572, 2.1592559814453125, 1.0060805082321167, 1.0044080018997192, 1.0048707723617554, 1.0062854290008545, 1.0073320865631104, 1.0052107572555542, 1.0058900117874146, 1.0056219100952148]","[0.9992040991783142, 0.997538685798645, 2.243180751800537, 0.9966626167297363, 0.9989020824432373, 0.9936517477035522, 0.9991647005081177, 0.9984332919120789, 0.9985195994377136, 0.9958637952804565]","[0.9942710399627686, 1.0015770196914673, 0.9934818148612976, 2.2556235790252686, 1.0016707181930542, 0.9929485321044922, 0.995887041091919, 0.9951715469360352, 0.9972416758537292, 0.9951865673065186]","[0.9976933002471924, 0.99677574634552, 0.9980117082595825, 0.9944849014282227, 2.2549149990081787, 0.995590090751648, 0.996431827545166, 0.9959928393363953, 0.9976897835731506, 0.9949236512184143]","[1.0008598566055298, 1.0024794340133667, 0.9987615346908569, 1.0023456811904907, 1.0038965940475464, 2.1950113773345947, 1.0015243291854858, 1.000411868095398, 1.0100419521331787, 1.00055992603302]","[0.996985912322998, 0.9994860291481018, 0.9968512058258057, 0.9982008337974548, 1.0017491579055786, 1.0027562379837036, 2.2209274768829346, 1.0009191036224365, 1.0022356510162354, 0.9984059929847717]","[0.9972702264785767, 0.9991775751113892, 0.9978954195976257, 1.0037610530853271, 1.0059247016906738, 0.999646782875061, 0.9994697570800781, 2.2151718139648438, 1.000372052192688, 0.9992974400520325]","[0.9988375306129456, 1.0023456811904907, 0.9982060194015503, 1.000915765762329, 0.9991999268531799, 0.9985208511352539, 1.0027846097946167, 1.0008046627044678, 2.218355655670166, 0.9981454014778137]","[0.9951386451721191, 0.9984591603279114, 0.9956587553024292, 0.9951524138450623, 0.9977425932884216, 0.9954054951667786, 0.9998505711555481, 0.9976338744163513, 1.0009753704071045, 2.245448112487793]"
0,0.4,1,fixed,paper,"[2.252185106277466, 0.9961481094360352, 0.9931661486625671, 0.9934996366500854, 0.9963260293006897, 0.9968409538269043, 0.9960234761238098, 0.9961983561515808, 1.0018247365951538, 1.0002734661102295]","[1.004601001739502, 2.1835622787475586, 1.0038552284240723, 1.0008069276809692, 1.0022025108337402, 1.0056480169296265, 1.0045342445373535, 1.002685546875, 1.0026832818984985, 1.0036559104919434]","[0.9974859952926636, 0.9972094297409058, 2.260530710220337, 0.9943505525588989, 0.9959805011749268, 0.992673933506012, 0.9972764849662781, 0.9967193603515625, 0.9965252876281738, 0.9945433735847473]","[0.9938004016876221, 1.0017781257629395, 0.9927170276641846, 2.2638401985168457, 0.9998957514762878, 0.993492603302002, 0.9940804839134216, 0.9943197965621948, 0.9958332777023315, 0.9943398833274841]","[0.9975897073745728, 0.9974364638328552, 0.9973386526107788, 0.9923474788665771, 2.263531446456909, 0.9954598546028137, 0.9946025609970093, 0.995292067527771, 0.9961609840393066, 0.9939523935317993]","[0.9994288086891174, 1.0021140575408936, 0.9967907667160034, 0.9995059967041016, 1.000669002532959, 2.2178843021392822, 0.9988348484039307, 0.9974429607391357, 1.0070618391036987, 0.9986549019813538]","[0.9963452816009521, 0.9994620680809021, 0.9956623911857605, 0.9953020811080933, 0.9995632171630859, 1.0022351741790771, 2.233822822570801, 1.0002789497375488, 1.000330924987793, 0.9970927834510803]","[0.9958107471466064, 0.998603343963623, 0.9957146644592285, 1.001908779144287, 1.0038286447525024, 0.9985864758491516, 0.9978564381599426, 2.231872081756592, 0.9982534050941467, 0.9974842071533203]","[0.9981170892715454, 1.0017462968826294, 0.9974790215492249, 0.9986544251441956, 0.9969749450683594, 0.9980046153068542, 1.0005336999893188, 0.9995588660240173, 2.231790065765381, 0.9968258738517761]","[0.9935463070869446, 0.9977443218231201, 0.9938909411430359, 0.9920628070831299, 0.9951131343841553, 0.9948028922080994, 0.9977608919143677, 0.9959109425544739, 0.9984859228134155, 2.2646195888519287]"
0,0.4,0.3,fixed,paper,"[2.262375831604004, 0.9941878914833069, 0.9921063184738159, 0.9923349618911743, 0.9957271218299866, 0.995887041091919, 0.9969067573547363, 0.9941869378089905, 1.000341773033142, 0.9997934103012085]","[1.0018794536590576, 2.197260618209839, 1.0024123191833496, 0.9992974400520325, 1.001402497291565, 1.0050344467163086, 1.0046758651733398, 1.0004706382751465, 1.0004230737686157, 1.0029171705245972]","[0.9944182634353638, 0.9952774047851562, 2.277299404144287, 0.9933069348335266, 0.9941076636314392, 0.9909008741378784, 0.9974643588066101, 0.9944925308227539, 0.9946539402008057, 0.9936288595199585]","[0.9913018941879272, 0.9997007250785828, 0.9912375807762146, 2.2800025939941406, 0.9984915852546692, 0.9925634264945984, 0.9935649633407593, 0.992279589176178, 0.9938718676567078, 0.9932230710983276]","[0.9955825209617615, 0.9959426522254944, 0.9960755705833435, 0.990929126739502, 2.2787725925445557, 0.9939824938774109, 0.9938916563987732, 0.9935269355773926, 0.9942036271095276, 0.9928354024887085]","[0.9970182180404663, 1.0005184412002563, 0.9951539039611816, 0.9983088374137878, 0.998862624168396, 2.234985828399658, 0.9991140961647034, 0.9943379163742065, 1.0045791864395142, 0.9975283741950989]","[0.9932557344436646, 0.9967383742332458, 0.9933378100395203, 0.9925767183303833, 0.9973269104957581, 0.9998214840888977, 2.259755849838257, 0.9980267286300659, 0.9974521398544312, 0.9950888752937317]","[0.9932488799095154, 0.9966757893562317, 0.9937446117401123, 1.0015720129013062, 1.0030264854431152, 0.9969803094863892, 0.9986950755119324, 2.244929313659668, 0.9965052604675293, 0.996326744556427]","[0.995937705039978, 0.9994391202926636, 0.9966040849685669, 0.9975541830062866, 0.9956896901130676, 0.9965857267379761, 1.0007086992263794, 0.9976932406425476, 2.245349884033203, 0.9958051443099976]","[0.9903613924980164, 0.9951860308647156, 0.9918437600135803, 0.9900010824203491, 0.9932899475097656, 0.993162214756012, 0.9978197813034058, 0.9934344291687012, 0.995879054069519, 2.285940647125244]"
0,0.4,0.1,fixed,paper,"[2.2785089015960693, 0.992720901966095, 0.9901219010353088, 0.988599419593811, 0.9945902824401855, 0.995449960231781, 0.996658205986023, 0.9923131465911865, 0.998995304107666, 0.9982791543006897]","[0.9995567798614502, 2.216885566711426, 0.9999969601631165, 0.9950452446937561, 1.0000169277191162, 1.0043257474899292, 1.0047346353530884, 0.998346209526062, 0.9982536435127258, 1.0010963678359985]","[0.99249666929245, 0.994536280632019, 2.2909727096557617, 0.9900366067886353, 0.9923990368843079, 0.9898768067359924, 0.9981949329376221, 0.9931012988090515, 0.9936190247535706, 0.9923799633979797]","[0.9926581978797913, 1.002315878868103, 0.9930117726325989, 2.2567803859710693, 0.9994450211524963, 0.9954228401184082, 0.9986479878425598, 0.9939131140708923, 0.9960981011390686, 0.9949193596839905]","[0.9945017099380493, 0.9954217672348022, 0.994369387626648, 0.9868954420089722, 2.2932002544403076, 0.9933751821517944, 0.9937974810600281, 0.9923795461654663, 0.9928650259971619, 0.9911661744117737]","[0.9952177405357361, 0.9995795488357544, 0.9927578568458557, 0.9937111735343933, 0.996686577796936, 2.2570817470550537, 0.9988394975662231, 0.9915390014648438, 1.0024009943008423, 0.995533287525177]","[0.9913945198059082, 0.9952896237373352, 0.9908721446990967, 0.9883632659912109, 0.9953367114067078, 0.9981094002723694, 2.282193660736084, 0.9966922402381897, 0.9954941272735596, 0.9928343296051025]","[0.9913008213043213, 0.9954090118408203, 0.9910190105438232, 0.99783855676651, 1.0018541812896729, 0.996122419834137, 0.9990490674972534, 2.2620224952697754, 0.995060920715332, 0.9943042397499084]","[0.9943620562553406, 0.9977845549583435, 0.994961678981781, 0.994251549243927, 0.9940259456634521, 0.9950616955757141, 1.0004034042358398, 0.9961227774620056, 2.262824296951294, 0.9939095377922058]","[0.9883974194526672, 0.993895411491394, 0.9896481037139893, 0.9856836199760437, 0.9917052388191223, 0.992933452129364, 0.9977454543113708, 0.9918701648712158, 0.9941851496696472, 2.3036890029907227]"
0,0.4,0.03,fixed,paper,"[2.3013439178466797, 0.9903414845466614, 0.9874969720840454, 0.9877515435218811, 0.9924229979515076, 0.9940955638885498, 0.9929077625274658, 0.990241527557373, 0.9967949390411377, 0.9959692358970642]","[0.9984641671180725, 2.2339284420013428, 0.9976688027381897, 0.9953271746635437, 0.9983285069465637, 1.0039883852005005, 1.0005371570587158, 0.9967514276504517, 0.995959997177124, 0.9992074370384216]","[0.9916628003120422, 0.9934653043746948, 2.303840398788452, 0.9905452728271484, 0.9902471303939819, 0.9889891147613525, 0.9952312111854553, 0.992094874382019, 0.9923147559165955, 0.9909199476242065]","[0.9915514588356018, 1.0002615451812744, 0.9904138445854187, 2.2795863151550293, 0.9969193339347839, 0.994535505771637, 0.9943665862083435, 0.9922550916671753, 0.993865966796875, 0.9924182891845703]","[0.9947115778923035, 0.9947762489318848, 0.9928128123283386, 0.986941397190094, 2.304328203201294, 0.9927694201469421, 0.9904603362083435, 0.9918220639228821, 0.9914618730545044, 0.9894911050796509]","[0.994496762752533, 0.9983050227165222, 0.9903002381324768, 0.9927664399147034, 0.9940608739852905, 2.2787301540374756, 0.9951475858688354, 0.9891228079795837, 0.9999497532844543, 0.9933213591575623]","[0.994642436504364, 0.9966036677360535, 0.9918320178985596, 0.9931280612945557, 0.9965195655822754, 1.00004243850708, 2.2614903450012207, 0.9992129802703857, 0.9966754913330078, 0.9935286045074463]","[0.9902305006980896, 0.9936043620109558, 0.988030195236206, 0.9979017972946167, 1.000025749206543, 0.9946621656417847, 0.9958015084266663, 2.2814152240753174, 0.9931371212005615, 0.9918628334999084]","[0.9939911961555481, 0.9959214329719543, 0.9933807849884033, 0.9945394992828369, 0.9920358657836914, 0.9941068887710571, 0.9965162873268127, 0.99505615234375, 2.2781810760498047, 0.9919224381446838]","[0.9875913262367249, 0.9923471212387085, 0.987469494342804, 0.985469400882721, 0.9897475838661194, 0.9923216104507446, 0.9943872690200806, 0.9907629489898682, 0.9922943115234375, 2.3194849491119385]"
0,0.4,0.01,fixed,paper,"[2.318908214569092, 0.9868714213371277, 0.9861736297607422, 0.9865933060646057, 0.9912103414535522, 0.9932262897491455, 0.9931443333625793, 0.9867416620254517, 0.9952812194824219, 0.9939485788345337]","[0.9985935688018799, 2.226426362991333, 0.9981346130371094, 0.9983316659927368, 0.9987892508506775, 1.0053948163986206, 1.003024935722351, 0.9950117468833923, 0.9962739944458008, 0.9994500875473022]","[0.9896011352539062, 0.990485429763794, 2.322826385498047, 0.9899008870124817, 0.9882076978683472, 0.9877421855926514, 0.9949414134025574, 0.988716721534729, 0.9908533096313477, 0.988905131816864]","[0.9897340536117554, 0.9960675239562988, 0.9887927770614624, 2.3006985187530518, 0.9950234293937683, 0.9938064813613892, 0.9938444495201111, 0.9892151355743408, 0.9919957518577576, 0.9898815751075745]","[0.9938462376594543, 0.9918273091316223, 0.9918686747550964, 0.9860913753509521, 2.3189804553985596, 0.9919593930244446, 0.9901416301727295, 0.9895454049110413, 0.9900566339492798, 0.9874162077903748]","[0.992851197719574, 0.9948412775993347, 0.9886054992675781, 0.9918350577354431, 0.9918531179428101, 2.2995965480804443, 0.995276153087616, 0.9858072400093079, 0.9976487159729004, 0.9908596873283386]","[0.9927730560302734, 0.9930756092071533, 0.9899038076400757, 0.9922432899475098, 0.9943307042121887, 0.9983755350112915, 2.2854297161102295, 0.9956536293029785, 0.9944260120391846, 0.9906445145606995]","[0.9893715977668762, 0.9915602207183838, 0.9878350496292114, 0.9985031485557556, 0.9996743202209473, 0.9948896765708923, 0.9987623691558838, 2.283043146133423, 0.9929815530776978, 0.9905602335929871]","[0.9925976395606995, 0.9927507638931274, 0.9924623370170593, 0.9940164685249329, 0.990363359451294, 0.9930003881454468, 0.9968245625495911, 0.9922494888305664, 2.294126272201538, 0.9895874857902527]","[0.9860398173332214, 0.9888013601303101, 0.9862330555915833, 0.9851627945899963, 0.9883849620819092, 0.9918334484100342, 0.9948863983154297, 0.9878766536712646, 0.9907307624816895, 2.3342444896698]"
0,0.4,0.003,fixed,paper,"[2.3443496227264404, 0.9844896197319031, 0.9838986396789551, 0.9842970967292786, 0.9898643493652344, 0.9912538528442383, 0.990882158279419, 0.9831575155258179, 0.9924545288085938, 0.9914299249649048]","[0.9991588592529297, 2.2443113327026367, 0.996229887008667, 0.9964395761489868, 0.9979962706565857, 1.004509449005127, 1.0012727975845337, 0.9911269545555115, 0.9934308528900146, 0.9974259734153748]","[0.9896634817123413, 0.9892796277999878, 2.338557243347168, 0.9888715147972107, 0.9867516756057739, 0.9861071705818176, 0.9936714172363281, 0.9858599305152893, 0.9887937307357788, 0.9871073365211487]","[0.9907552599906921, 0.994665801525116, 0.9872026443481445, 2.316265344619751, 0.9939767718315125, 0.9929551482200623, 0.9919337034225464, 0.9860624670982361, 0.9897955656051636, 0.9878299236297607]","[0.9942625761032104, 0.9908388257026672, 0.9903246164321899, 0.9844756722450256, 2.3365204334259033, 0.9903978109359741, 0.988166332244873, 0.9867474436759949, 0.9876899719238281, 0.9851948618888855]","[0.9937118887901306, 0.9938958287239075, 0.9868326783180237, 0.990584671497345, 0.990387499332428, 2.317304849624634, 0.9935097694396973, 0.9820833206176758, 0.9949101805686951, 0.9887736439704895]","[0.9934234619140625, 0.9918383359909058, 0.988279402256012, 0.9902946949005127, 0.9932641386985779, 0.9968613982200623, 2.301950454711914, 0.992668092250824, 0.9921193718910217, 0.9885185360908508]","[0.9946100115776062, 0.9917404651641846, 0.9878155589103699, 0.9996000528335571, 1.0004827976226807, 0.9954690337181091, 0.9990370273590088, 2.2750632762908936, 0.9925484657287598, 0.9897804260253906]","[0.9935879707336426, 0.9912782907485962, 0.9916208386421204, 0.9930335283279419, 0.9895880818367004, 0.9918215870857239, 0.9951921701431274, 0.9896723031997681, 2.3061776161193848, 0.9877856373786926]","[0.9863003492355347, 0.987423300743103, 0.9845798015594482, 0.9835702180862427, 0.987423837184906, 0.9907750487327576, 0.9936259984970093, 0.9850859045982361, 0.9883894324302673, 2.349421739578247]"
0,0.4,0.001,fixed,paper,"[2.365941286087036, 0.9826757311820984, 0.981160581111908, 0.981319010257721, 0.9897703528404236, 0.9891756772994995, 0.9890533089637756, 0.9807066321372986, 0.9906709790229797, 0.9892944693565369]","[0.9976440668106079, 2.2640957832336426, 0.9934412240982056, 0.9934451580047607, 0.9979984760284424, 1.0030955076217651, 0.9995329976081848, 0.9888063669204712, 0.9912118911743164, 0.9953641295433044]","[0.9888914823532104, 0.9882863759994507, 2.3490123748779297, 0.9872514605522156, 0.9875917434692383, 0.9847935438156128, 0.9927750825881958, 0.9842385649681091, 0.988021731376648, 0.9854936003684998]","[0.9904170036315918, 0.9940212965011597, 0.9853412508964539, 2.325131893157959, 0.9952023029327393, 0.9921874403953552, 0.990648090839386, 0.984868586063385, 0.9888300895690918, 0.9863532185554504]","[0.9931300282478333, 0.9894914627075195, 0.9873929023742676, 0.9812539219856262, 2.361659049987793, 0.9878062009811401, 0.9857000112533569, 0.9845433235168457, 0.9854418039321899, 0.9824322462081909]","[0.9931925535202026, 0.9934633374214172, 0.9845438003540039, 0.988599956035614, 0.9901148676872253, 2.3328166007995605, 0.9921236038208008, 0.9795749187469482, 0.9931641817092896, 0.9870181083679199]","[0.9927268624305725, 0.9907792806625366, 0.9858046770095825, 0.9872766733169556, 0.9930945634841919, 0.9948539137840271, 2.319002389907837, 0.9914888143539429, 0.9904680848121643, 0.9863882660865784]","[0.9935603141784668, 0.9906023144721985, 0.9848178625106812, 0.9980847239494324, 1.000674843788147, 0.9933914542198181, 0.9982070922851562, 2.2905433177948, 0.9911416172981262, 0.9876200556755066]","[0.9928343892097473, 0.9896784424781799, 0.9896190166473389, 0.9906717538833618, 0.9898740649223328, 0.9898419380187988, 0.9932978749275208, 0.9879199862480164, 2.3228423595428467, 0.9856717586517334]","[0.9852321147918701, 0.9862546324729919, 0.9821071624755859, 0.9809373021125793, 0.988013744354248, 0.9892523288726807, 0.9924404621124268, 0.9834132790565491, 0.9867348074913025, 2.364872932434082]"
3,0.4,10,fixed,paper,"[2.2113866806030273, 1.0075982809066772, 0.9984509348869324, 0.9990559220314026, 0.9999061822891235, 0.9990420341491699, 1.000403642654419, 1.0036025047302246, 1.0020291805267334, 0.9962546825408936]","[0.9952413439750671, 2.2562313079833984, 0.9955142140388489, 0.9955636858940125, 0.9968076944351196, 0.9992485046386719, 1.00015389919281, 0.9975139498710632, 0.9933513402938843, 0.9932637214660645]","[1.0041160583496094, 1.010032296180725, 2.181568145751953, 1.0032426118850708, 1.003840446472168, 1.0043903589248657, 1.0042775869369507, 1.0028618574142456, 1.0010682344436646, 0.9989898204803467]","[1.0043573379516602, 1.0051311254501343, 1.0059068202972412, 2.170607566833496, 1.0103721618652344, 1.0027186870574951, 1.0041769742965698, 1.0062427520751953, 1.0023123025894165, 1.0013610124588013]","[1.008205533027649, 1.007764220237732, 1.0086901187896729, 1.0037213563919067, 2.163174867630005, 1.0032418966293335, 1.007477879524231, 1.0037165880203247, 1.0004817247390747, 1.006026029586792]","[0.9972573518753052, 1.0009312629699707, 1.0012534856796265, 0.9988085031509399, 0.998643696308136, 2.2207539081573486, 0.9991470575332642, 1.0047751665115356, 0.9990926384925842, 0.9978398680686951]","[0.998370885848999, 1.0002118349075317, 0.9968029856681824, 1.0029804706573486, 0.9994823932647705, 1.0024815797805786, 2.229250192642212, 0.9978172779083252, 0.9957947731018066, 0.9963911771774292]","[0.9997575879096985, 1.0006762742996216, 0.9956386089324951, 1.0028232336044312, 0.996826708316803, 0.9979397654533386, 1.0001391172409058, 2.2361416816711426, 0.9952142834663391, 0.9953014254570007]","[0.9949890971183777, 0.9992502331733704, 0.995241641998291, 0.9984166622161865, 0.9964727163314819, 0.9967004656791687, 0.9979422688484192, 0.9970620274543762, 2.251643419265747, 0.9944263100624084]","[1.009477972984314, 1.010054588317871, 1.007322072982788, 1.0136655569076538, 1.008484959602356, 1.0181884765625, 1.010548710823059, 1.010702133178711, 1.0167382955551147, 2.102470636367798]"
3,0.4,3,fixed,paper,"[2.233104944229126, 1.0050462484359741, 0.9971019625663757, 0.9961748123168945, 0.9980289936065674, 0.9966099262237549, 0.9963723421096802, 1.0013381242752075, 1.0004488229751587, 0.9959734082221985]","[0.9948357939720154, 2.2700865268707275, 0.9941909909248352, 0.9940648674964905, 0.9955620765686035, 0.9975989460945129, 0.996859610080719, 0.9956544637680054, 0.9921475052833557, 0.9935685992240906]","[1.0030823945999146, 1.007898211479187, 2.200310468673706, 1.000684380531311, 1.0021932125091553, 1.0024468898773193, 1.0003983974456787, 1.000925064086914, 0.9998059868812561, 0.9985576272010803]","[1.0039680004119873, 1.0034831762313843, 1.0046918392181396, 2.185285806655884, 1.0088977813720703, 1.001044750213623, 1.0009979009628296, 1.0043481588363647, 1.0009688138961792, 1.0009838342666626]","[1.0068488121032715, 1.0053925514221191, 1.0071858167648315, 1.001643180847168, 2.1807801723480225, 1.0016409158706665, 1.0042718648910522, 1.002205729484558, 0.9989917278289795, 1.0052779912948608]","[0.9968198537826538, 0.9989757537841797, 1.000749945640564, 0.9970535635948181, 0.9976738095283508, 2.2357332706451416, 0.9955927729606628, 1.002975344657898, 0.997443675994873, 0.9972724318504333]","[0.9984571933746338, 1.00032377243042, 0.9970953464508057, 1.0019391775131226, 0.9992577433586121, 1.0015891790390015, 2.2289750576019287, 0.9974778890609741, 0.9967172741889954, 0.9975759983062744]","[0.9994118213653564, 0.9985585808753967, 0.9942783117294312, 1.001135230064392, 0.9959162473678589, 0.9960668087005615, 0.9972582459449768, 2.250819683074951, 0.9939233064651489, 0.9948516488075256]","[0.9940223693847656, 0.9970710277557373, 0.9941300749778748, 0.9963251948356628, 0.9951592683792114, 0.9943332672119141, 0.9946403503417969, 0.9952998161315918, 2.2700979709625244, 0.9934139847755432]","[1.0079559087753296, 1.0076483488082886, 1.0057568550109863, 1.0110431909561157, 1.0062333345413208, 1.0153417587280273, 1.00626540184021, 1.0080636739730835, 1.0141222476959229, 2.127072334289551]"
3,0.4,1,fixed,paper,"[2.248241662979126, 1.002345085144043, 0.9956693053245544, 0.9943417310714722, 0.9976071715354919, 0.9970194697380066, 0.993593692779541, 0.9999746680259705, 0.9985134601593018, 0.9946996569633484]","[0.9961662292480469, 2.2498669624328613, 0.9952003955841064, 0.9954692721366882, 1.0004682540893555, 1.0010217428207397, 0.997172474861145, 0.9970055818557739, 0.9934104084968567, 0.996311366558075]","[1.0015630722045898, 1.005408525466919, 2.217454671859741, 0.9979672431945801, 1.00175940990448, 1.0020930767059326, 0.9971921443939209, 0.999207079410553, 0.998191773891449, 0.9974266290664673]","[1.0027111768722534, 1.0009167194366455, 1.0033762454986572, 2.2000222206115723, 1.0080039501190186, 1.0003881454467773, 0.9989800453186035, 1.002685785293579, 0.9992874264717102, 0.9999218583106995]","[1.0052227973937988, 1.0020906925201416, 1.0056341886520386, 0.9993142485618591, 2.199122428894043, 1.0010359287261963, 1.0016560554504395, 1.0009783506393433, 0.997217059135437, 1.0038982629776]","[0.9946742057800293, 0.9956777095794678, 0.9994626045227051, 0.9945234656333923, 0.9975854158401489, 2.2583489418029785, 0.9921308159828186, 1.0007264614105225, 0.9947774410247803, 0.9953384399414062]","[0.9996516704559326, 1.0007420778274536, 0.9992154836654663, 1.0030015707015991, 1.003820538520813, 1.0050441026687622, 2.209170341491699, 0.9991068840026855, 0.9987079501152039, 0.9987496733665466]","[0.9978017210960388, 0.9952912330627441, 0.9927345514297485, 0.9989844560623169, 0.9961816668510437, 0.9953689575195312, 0.994688868522644, 2.2674245834350586, 0.9922116994857788, 0.9936342835426331]","[0.9927610754966736, 0.9938593506813049, 0.9930499792098999, 0.9944451451301575, 0.9947431087493896, 0.9938496351242065, 0.9924178719520569, 0.9939023852348328, 2.2857229709625244, 0.991850733757019]","[1.0063865184783936, 1.0044662952423096, 1.0044102668762207, 1.0086225271224976, 1.0054973363876343, 1.0144097805023193, 1.003312587738037, 1.005979061126709, 1.0114915370941162, 2.146678924560547]"
3,0.4,0.3,fixed,paper,"[2.2642979621887207, 1.0016038417816162, 0.9943605661392212, 0.9927729368209839, 0.9957196712493896, 0.995389997959137, 0.9915412068367004, 0.9974649548530579, 0.9984356760978699, 0.9925969839096069]","[0.993911862373352, 2.2696428298950195, 0.9930728077888489, 0.993988573551178, 0.9985120296478271, 0.9988338947296143, 0.9947894215583801, 0.9942757487297058, 0.9933373332023621, 0.9942324757575989]","[1.000959038734436, 1.005082130432129, 2.2268283367156982, 0.9967779517173767, 1.000327706336975, 1.0012145042419434, 0.995516300201416, 0.9985896944999695, 0.9981932044029236, 0.9959453344345093]","[1.0009205341339111, 0.9999677538871765, 1.0006234645843506, 2.218337297439575, 1.0060828924179077, 0.9984375834465027, 0.9969727396965027, 0.9999759197235107, 0.9995797872543335, 0.997424840927124]","[1.003421425819397, 1.0008341073989868, 1.0032151937484741, 0.9979269504547119, 2.216114044189453, 0.999566912651062, 1.000029444694519, 0.9976850748062134, 0.9977135062217712, 1.0014424324035645]","[0.9930248856544495, 0.9947729706764221, 0.9976027607917786, 0.9933957457542419, 0.9965130686759949, 2.2741405963897705, 0.9900970458984375, 0.9979606866836548, 0.9948071837425232, 0.9929996132850647]","[0.9979302287101746, 1.0009384155273438, 0.9983064532279968, 1.002122163772583, 1.002739429473877, 1.003719449043274, 2.2196710109710693, 0.9973788857460022, 0.999657392501831, 0.9960092306137085]","[0.9984194040298462, 0.996669352054596, 0.9930330514907837, 1.0009299516677856, 0.997296929359436, 0.9959753751754761, 0.9958412647247314, 2.253115653991699, 0.9976758360862732, 0.9935509562492371]","[0.9907314777374268, 0.9922812581062317, 0.9909597635269165, 0.9925334453582764, 0.9928807616233826, 0.9911069273948669, 0.9901857376098633, 0.9909569621086121, 2.309838056564331, 0.9886207580566406]","[1.0052276849746704, 1.004027009010315, 1.0026600360870361, 1.0075465440750122, 1.0040669441223145, 1.012554407119751, 1.0014680624008179, 1.0035709142684937, 1.0118417739868164, 2.159609079360962]"
3,0.4,0.1,fixed,paper,"[2.2463977336883545, 1.002806544303894, 0.9960713982582092, 0.9926661252975464, 0.9977353811264038, 0.995172917842865, 0.9959830641746521, 0.9994655251502991, 1.0009099245071411, 0.9946829080581665]","[0.9914050698280334, 2.2843897342681885, 0.9923761487007141, 0.9904322624206543, 0.9973707795143127, 0.9956232905387878, 0.9945390820503235, 0.9933292269706726, 0.9923241138458252, 0.9948318600654602]","[0.9984268546104431, 1.003549337387085, 2.2419681549072266, 0.9936479330062866, 0.9993147253990173, 0.9982458353042603, 0.9945146441459656, 0.9980905652046204, 0.9976470470428467, 0.9958282709121704]","[1.0006389617919922, 1.0008978843688965, 1.0020194053649902, 2.2039811611175537, 1.0078215599060059, 0.9979237914085388, 0.9988205432891846, 1.0015662908554077, 1.000316858291626, 1.0027544498443604]","[0.999764084815979, 0.9986451864242554, 1.001573085784912, 0.994179904460907, 2.2363734245300293, 0.9955265522003174, 0.99954754114151, 0.9971888661384583, 0.9965181350708008, 1.00111722946167]","[0.9924097061157227, 0.9952691793441772, 1.0008893013000488, 0.9916244745254517, 0.9979473948478699, 2.2606043815612793, 0.992489218711853, 1.0001912117004395, 0.9960578083992004, 0.9963093400001526]","[0.9945106506347656, 0.999320924282074, 0.9970477819442749, 0.999779224395752, 1.0019516944885254, 1.0012277364730835, 2.2354536056518555, 0.9966747164726257, 0.9991203546524048, 0.9952478408813477]","[0.9948087334632874, 0.9942798614501953, 0.9911723136901855, 0.9968876838684082, 0.9961391091346741, 0.9921798706054688, 0.9955152273178101, 2.2752685546875, 0.996220588684082, 0.9928548336029053]","[0.988013505935669, 0.990172266960144, 0.989013671875, 0.9885859489440918, 0.9916686415672302, 0.9877867102622986, 0.9894212484359741, 0.9901018142700195, 2.3306148052215576, 0.9878413677215576]","[1.0022320747375488, 1.002387523651123, 1.0012764930725098, 1.003950834274292, 1.0026191473007202, 1.0097218751907349, 1.0005139112472534, 1.0025428533554077, 1.0101158618927002, 2.1789462566375732]"
3,0.4,0.03,fixed,paper,"[2.261498212814331, 1.0014697313308716, 0.9936394691467285, 0.9911933541297913, 0.9963902831077576, 0.9936121106147766, 0.9945869445800781, 0.9988595843315125, 0.9977139830589294, 0.9948282241821289]","[0.9913753271102905, 2.2723381519317627, 0.9927769303321838, 0.991767406463623, 0.9986220002174377, 0.9961931109428406, 0.9954303503036499, 0.9946292638778687, 0.991339921951294, 1.00083589553833]","[0.9974300861358643, 1.0021188259124756, 2.249720335006714, 0.9927761554718018, 0.9984764456748962, 0.9974513649940491, 0.9943230152130127, 0.9980869293212891, 0.9951238036155701, 0.9966468811035156]","[0.9986720681190491, 0.9991269707679749, 0.9993881583213806, 2.222069263458252, 1.0063352584838867, 0.9959352612495422, 0.9975573420524597, 0.9999476075172424, 0.9970805048942566, 1.0027984380722046]","[0.997566819190979, 0.9960808157920837, 0.9991241097450256, 0.9925590753555298, 2.2560815811157227, 0.9937965869903564, 0.9981134533882141, 0.9961388111114502, 0.9926379323005676, 1.0009175539016724]","[0.9905654191970825, 0.9937273859977722, 0.9988898038864136, 0.9904664754867554, 0.9972880482673645, 2.2755608558654785, 0.9914317727088928, 0.9989972114562988, 0.9924544095993042, 0.9964430332183838]","[0.9922293424606323, 0.9969156980514526, 0.9948481321334839, 0.998633086681366, 1.0010915994644165, 0.9995689392089844, 2.25197696685791, 0.9953829646110535, 0.996250331401825, 0.995528519153595]","[0.9926342964172363, 0.9918529987335205, 0.988462507724762, 0.9955268502235413, 0.9952689409255981, 0.990054190158844, 0.9939507842063904, 2.294261932373047, 0.9928216338157654, 0.9931923747062683]","[0.9885675311088562, 0.9924023151397705, 0.9889237284660339, 0.9897504448890686, 0.9929742813110352, 0.9878125190734863, 0.9910041093826294, 0.9914185404777527, 2.318159818649292, 0.9903857111930847]","[1.0000298023223877, 0.999972403049469, 0.9982060790061951, 1.001997470855713, 1.0007585287094116, 1.0069636106491089, 0.9985126256942749, 1.000584363937378, 1.0061591863632202, 2.2035999298095703]"
3,0.4,0.01,fixed,paper,"[2.278468608856201, 0.998462438583374, 0.9916492104530334, 0.9890789985656738, 0.995499849319458, 0.9919674396514893, 0.993302583694458, 0.9978739619255066, 0.9966065287590027, 0.9931513667106628]","[0.9956196546554565, 2.2487261295318604, 0.9929931163787842, 0.9934949278831482, 1.002658724784851, 0.997983992099762, 0.9985842704772949, 0.9959567785263062, 0.9934673309326172, 1.0029027462005615]","[0.9965810179710388, 0.9995524883270264, 2.262214422225952, 0.9907741546630859, 0.9979668855667114, 0.9960348010063171, 0.9937469959259033, 0.9969706535339355, 0.9945607781410217, 0.9953403472900391]","[0.9981355667114258, 0.996006965637207, 0.9972698092460632, 2.237717628479004, 1.0051922798156738, 0.994330644607544, 0.9966883659362793, 0.9984169006347656, 0.9959762096405029, 1.0010817050933838]","[0.9959411025047302, 0.9922761917114258, 0.9968116283416748, 0.9906663298606873, 2.2750179767608643, 0.9923524856567383, 0.9969580173492432, 0.9950785636901855, 0.9914823770523071, 0.9989296197891235]","[0.9894950985908508, 0.9905449151992798, 0.9974579811096191, 0.9887881278991699, 0.9971228241920471, 2.2909603118896484, 0.9905205965042114, 0.9975468516349792, 0.9910386204719543, 0.9945245981216431]","[0.990517258644104, 0.9933325052261353, 0.9929361939430237, 0.9968317151069641, 1.000579595565796, 0.9978127479553223, 2.270404815673828, 0.9937000274658203, 0.9953335523605347, 0.9934892058372498]","[0.991579532623291, 0.9879669547080994, 0.9860445261001587, 0.9937731623649597, 0.9954646825790405, 0.9880961179733276, 0.9935104846954346, 2.311433792114258, 0.9916104674339294, 0.9912542700767517]","[0.9881446957588196, 0.9883940815925598, 0.98679119348526, 0.9876376986503601, 0.9920976758003235, 0.985403299331665, 0.9901521801948547, 0.9899019002914429, 2.3380324840545654, 0.9879290461540222]","[0.999066174030304, 0.9967154860496521, 0.9965291619300842, 1.0002639293670654, 0.9998423457145691, 1.0049853324890137, 0.9970225095748901, 0.9991101026535034, 1.0045887231826782, 2.2206037044525146]"
3,0.4,0.003,fixed,paper,"[2.2915337085723877, 0.9972800612449646, 0.9904897212982178, 0.9866102933883667, 0.9941641092300415, 0.9912207722663879, 0.991195797920227, 0.9974255561828613, 0.995201587677002, 0.9928738474845886]","[0.9933357238769531, 2.2649378776550293, 0.9911612272262573, 0.9912948608398438, 1.0014346837997437, 0.9968659281730652, 0.9965268969535828, 0.9945623874664307, 0.9917703866958618, 1.002823829650879]","[0.9945812225341797, 0.9979332089424133, 2.2782130241394043, 0.9878506660461426, 0.9966739416122437, 0.9949489235877991, 0.9920091032981873, 0.9958242177963257, 0.9931307435035706, 0.9948657751083374]","[0.9965169429779053, 0.9949964880943298, 0.9960073828697205, 2.2488362789154053, 1.0042046308517456, 0.9936490654945374, 0.9952027201652527, 0.9974480867385864, 0.9945977330207825, 1.0007892847061157]","[0.99354088306427, 0.9901936054229736, 0.9948985576629639, 0.9879856705665588, 2.2938408851623535, 0.9913729429244995, 0.9947493672370911, 0.9941217303276062, 0.9895961284637451, 0.9979094862937927]","[0.987042248249054, 0.9886096715927124, 0.9962663650512695, 0.9861646890640259, 0.9959999322891235, 2.3104567527770996, 0.9882831573486328, 0.9960451126098633, 0.9887374043464661, 0.9934171438217163]","[0.9883863925933838, 0.9921350479125977, 0.9921572804450989, 0.9949781894683838, 1.000015377998352, 0.9972568154335022, 2.28113055229187, 0.9928584098815918, 0.9944214224815369, 0.9931530952453613]","[0.9891477823257446, 0.9859538674354553, 0.9840920567512512, 0.9912980198860168, 0.9944813251495361, 0.9866710305213928, 0.9911161661148071, 2.330841541290283, 0.9897342324256897, 0.9903499484062195]","[0.9862611889839172, 0.9867315888404846, 0.9855039119720459, 0.9851852655410767, 0.9911417961120605, 0.9839088916778564, 0.988519549369812, 0.9889365434646606, 2.353996753692627, 0.9868881702423096]","[0.9966534376144409, 0.9947941303253174, 0.9947531223297119, 0.9972463250160217, 0.997923731803894, 1.0029774904251099, 0.9942435622215271, 0.9972450733184814, 1.0017932653427124, 2.2438852787017822]"
3,0.4,0.001,fixed,paper,"[2.312723398208618, 0.995290219783783, 0.9905157685279846, 0.9844104647636414, 0.9919359087944031, 0.989133894443512, 0.9879844188690186, 0.9967982769012451, 0.9924546480178833, 0.9899051189422607]","[0.9930683970451355, 2.2806854248046875, 0.9900921583175659, 0.9895390272140503, 0.9994233250617981, 0.995753824710846, 0.9936416745185852, 0.9949223399162292, 0.9895927906036377, 0.9999714493751526]","[0.9931477308273315, 0.9959704875946045, 2.3018836975097656, 0.9848164916038513, 0.9942782521247864, 0.9927118420600891, 0.9885553121566772, 0.9956851005554199, 0.9905321002006531, 0.9919661283493042]","[0.9956420063972473, 0.993770956993103, 0.9958969354629517, 2.262169122695923, 1.0022447109222412, 0.9926058053970337, 0.992711067199707, 0.9975219964981079, 0.9935012459754944, 0.9978106617927551]","[0.9925670623779297, 0.9886006116867065, 0.9947966933250427, 0.9858684539794922, 2.30893611907959, 0.9900388121604919, 0.9925612807273865, 0.9940445423126221, 0.9883866310119629, 0.9945947527885437]","[0.9859209656715393, 0.9869531393051147, 0.9961326122283936, 0.9841047525405884, 0.9943944811820984, 2.3281466960906982, 0.9852787852287292, 0.996384859085083, 0.9866974353790283, 0.9899898171424866]","[0.988601565361023, 0.9917053580284119, 0.9923098683357239, 0.9941818714141846, 0.9987192749977112, 0.9968866109848022, 2.286684274673462, 0.9941158890724182, 0.9927310943603516, 0.9912284016609192]","[0.9884900450706482, 0.9838145971298218, 0.9832516312599182, 0.9886938333511353, 0.9926102757453918, 0.98457932472229, 0.9884520173072815, 2.352571725845337, 0.9873337149620056, 0.9872313141822815]","[0.9876497983932495, 0.9871538281440735, 0.987947940826416, 0.9854846000671387, 0.9917402863502502, 0.9842516183853149, 0.9877635836601257, 0.9934916496276855, 2.3438401222229004, 0.9863115549087524]","[0.9971101880073547, 0.9947706460952759, 0.99600750207901, 0.9962215423583984, 0.9972850680351257, 1.003090500831604, 0.9927064180374146, 0.9992188811302185, 1.003279447555542, 2.241729259490967]"
4,0.2,10,fixed,paper,"[0.7699785232543945, 0.6264057755470276, 0.6277814507484436, 0.6259200572967529, 0.6254937052726746, 0.627276599407196, 0.6257773637771606, 0.6268056631088257, 0.6263527870178223, 0.6258309483528137]","[0.625441312789917, 0.7754426598548889, 0.6266893744468689, 0.6253559589385986, 0.6249780058860779, 0.6269311308860779, 0.6253557801246643, 0.6265624165534973, 0.6260800957679749, 0.6253862977027893]","[0.6268584728240967, 0.6273611187934875, 0.7598329186439514, 0.6268087029457092, 0.6288252472877502, 0.6281770467758179, 0.6264081597328186, 0.6280264258384705, 0.6275852918624878, 0.6266746520996094]","[0.6258456110954285, 0.6264356970787048, 0.6271912455558777, 0.7702977061271667, 0.6259775757789612, 0.6269214153289795, 0.6257975697517395, 0.6268967390060425, 0.6263912916183472, 0.625844419002533]","[0.6294316053390503, 0.6295070648193359, 0.6303666830062866, 0.6332533955574036, 0.7343165278434753, 0.629889965057373, 0.628673255443573, 0.6303887963294983, 0.6296653151512146, 0.6289374828338623]","[0.6274499297142029, 0.6282801628112793, 0.6284160017967224, 0.6273477077484131, 0.6276729106903076, 0.7523206472396851, 0.63066565990448, 0.628459095954895, 0.627849817276001, 0.6274320483207703]","[0.6256369352340698, 0.626593291759491, 0.6272602677345276, 0.6259118318557739, 0.6258513927459717, 0.6270436644554138, 0.7700292468070984, 0.6270415782928467, 0.6265394687652588, 0.6256868839263916]","[0.6273887157440186, 0.6303697824478149, 0.62896329164505, 0.6274265646934509, 0.6268569231033325, 0.6289184093475342, 0.627040684223175, 0.7533659338951111, 0.6276102066040039, 0.6281045079231262]","[0.6255398392677307, 0.6260397434234619, 0.6270828247070312, 0.6254231929779053, 0.6248926520347595, 0.6266139149665833, 0.6250457763671875, 0.6265354752540588, 0.7756471633911133, 0.6254415512084961]","[0.629353940486908, 0.6334025859832764, 0.6307256817817688, 0.6292819380760193, 0.6296776533126831, 0.6315935850143433, 0.6289628744125366, 0.6305041909217834, 0.6299562454223633, 0.7307114005088806]"
4,0.2,3,fixed,paper,"[0.784334123134613, 0.6244229674339294, 0.6260684132575989, 0.6252486109733582, 0.6243121027946472, 0.6249156594276428, 0.6246532797813416, 0.6252511143684387, 0.6253306865692139, 0.624696671962738]","[0.6247949004173279, 0.7819011211395264, 0.6256266832351685, 0.6247426271438599, 0.6244616508483887, 0.6255946159362793, 0.625076949596405, 0.6260061860084534, 0.6255557537078857, 0.6251649260520935]","[0.6265516877174377, 0.6258460879325867, 0.7689443826675415, 0.626412570476532, 0.627899169921875, 0.6265321969985962, 0.6255649924278259, 0.6266840100288391, 0.6265528798103333, 0.6264878511428833]","[0.6244619488716125, 0.6239069700241089, 0.625572681427002, 0.7876746654510498, 0.6244165897369385, 0.6245920062065125, 0.6247285604476929, 0.6248270869255066, 0.6245277523994446, 0.624908447265625]","[0.6281408071517944, 0.627432107925415, 0.6285138726234436, 0.6319500803947449, 0.7505297064781189, 0.6276301741600037, 0.6273095607757568, 0.6284108757972717, 0.6279419660568237, 0.628049910068512]","[0.6268428564071655, 0.6265005469322205, 0.6268703937530518, 0.6267158389091492, 0.6267906427383423, 0.7624176740646362, 0.6299702525138855, 0.6271837949752808, 0.6268523335456848, 0.6267818212509155]","[0.6240034699440002, 0.6244257092475891, 0.6252163052558899, 0.624896228313446, 0.6242483854293823, 0.6247392296791077, 0.7869530916213989, 0.6254557371139526, 0.6248732805252075, 0.6247146129608154]","[0.6266936659812927, 0.6286121606826782, 0.6271781921386719, 0.626523494720459, 0.6258389353752136, 0.627042293548584, 0.626401960849762, 0.7647854685783386, 0.626333475112915, 0.6276738047599792]","[0.6242783665657043, 0.6237562298774719, 0.6252492070198059, 0.6244784593582153, 0.6238234639167786, 0.6247829794883728, 0.6237277388572693, 0.624775767326355, 0.7901620864868164, 0.6249111294746399]","[0.6276678442955017, 0.6309789419174194, 0.6283881068229675, 0.6278946995735168, 0.6280845999717712, 0.6288843750953674, 0.6275215744972229, 0.628581166267395, 0.6282095313072205, 0.7494049072265625]"
4,0.2,1,fixed,paper,"[0.7971322536468506, 0.6232602596282959, 0.6246033906936646, 0.6235479712486267, 0.6235090494155884, 0.6236580610275269, 0.6231422424316406, 0.6237717866897583, 0.6242318749427795, 0.6239689588546753]","[0.6235292553901672, 0.794918417930603, 0.6242814660072327, 0.6225209832191467, 0.6237438321113586, 0.6244010329246521, 0.6238476634025574, 0.6247056126594543, 0.6243426203727722, 0.624280571937561]","[0.6252269148826599, 0.6250327825546265, 0.7807607054710388, 0.6247057914733887, 0.6270184516906738, 0.6255623698234558, 0.6240772604942322, 0.6252269744873047, 0.6254505515098572, 0.6258090138435364]","[0.6238082051277161, 0.6228746175765991, 0.6248981356620789, 0.795902669429779, 0.6240124702453613, 0.6237637996673584, 0.6240662932395935, 0.6233724355697632, 0.6233338713645935, 0.6246666312217712]","[0.6261109113693237, 0.6254439353942871, 0.6264899373054504, 0.6293518543243408, 0.7706952095031738, 0.6258275508880615, 0.6253097057342529, 0.6260040998458862, 0.6258442997932434, 0.6268126964569092]","[0.6252725720405579, 0.625000536441803, 0.6251999735832214, 0.6245089173316956, 0.625741183757782, 0.7787724137306213, 0.6283585429191589, 0.6251993775367737, 0.625200092792511, 0.6255027055740356]","[0.6225146651268005, 0.6230337023735046, 0.6236786842346191, 0.6231400370597839, 0.6233134269714355, 0.623447060585022, 0.8008424043655396, 0.6239950656890869, 0.6233881115913391, 0.6239477396011353]","[0.6258891224861145, 0.6279301047325134, 0.626147985458374, 0.6247068643569946, 0.6253153681755066, 0.6260048747062683, 0.6255073547363281, 0.7743787169456482, 0.6250636577606201, 0.6272746920585632]","[0.6230227947235107, 0.6226105093955994, 0.6240454316139221, 0.6225711703300476, 0.6231995224952698, 0.6237416863441467, 0.6221068501472473, 0.6229205131530762, 0.803085446357727, 0.6243634819984436]","[0.6259737610816956, 0.6292871236801147, 0.6262297630310059, 0.6255548596382141, 0.6269469261169434, 0.6269756555557251, 0.625786542892456, 0.6265716552734375, 0.6264308094978333, 0.7677557468414307]"
4,0.2,0.3,fixed,paper,"[0.8117910623550415, 0.6220473647117615, 0.6235530376434326, 0.6210061311721802, 0.622370719909668, 0.6221006512641907, 0.6216717958450317, 0.6224268078804016, 0.6229580640792847, 0.6229586005210876]","[0.6223908066749573, 0.8086978197097778, 0.6231771111488342, 0.6199803948402405, 0.6227630376815796, 0.6229798197746277, 0.62273108959198, 0.6236117482185364, 0.6230279207229614, 0.6231868267059326]","[0.6238560676574707, 0.6240681409835815, 0.7953037619590759, 0.6224603652954102, 0.6257025003433228, 0.624191403388977, 0.6225301623344421, 0.6238042116165161, 0.6240729093551636, 0.624747633934021]","[0.6236803531646729, 0.6226616501808167, 0.6254006624221802, 0.7979187369346619, 0.6240474581718445, 0.6231316924095154, 0.6239136457443237, 0.6225870251655579, 0.62283855676651, 0.6248978972434998]","[0.6244187951087952, 0.6236895322799683, 0.6251187324523926, 0.6267743110656738, 0.7888628244400024, 0.6240078210830688, 0.6236332654953003, 0.6240155100822449, 0.623855471611023, 0.6255753040313721]","[0.6240342259407043, 0.6237284541130066, 0.6238513588905334, 0.6218014359474182, 0.6246333122253418, 0.7941749095916748, 0.6270642280578613, 0.6236271858215332, 0.6236509680747986, 0.6242187023162842]","[0.6210886240005493, 0.6216005682945251, 0.6223967671394348, 0.6208071708679199, 0.622051477432251, 0.6218630075454712, 0.8163676261901855, 0.6226766705513, 0.6217369437217712, 0.6229062080383301]","[0.6250860095024109, 0.6271457076072693, 0.6248922944068909, 0.6222080588340759, 0.6244041323661804, 0.6246151924133301, 0.6245997548103333, 0.7868451476097107, 0.6235676407814026, 0.62654048204422]","[0.6219962239265442, 0.6215899586677551, 0.6229188442230225, 0.6203403472900391, 0.6224147081375122, 0.6225747466087341, 0.6207018494606018, 0.6213759779930115, 0.8159489035606384, 0.6237072348594666]","[0.624586820602417, 0.6277985572814941, 0.6246877312660217, 0.6228134036064148, 0.6257261633872986, 0.625020444393158, 0.6243442893028259, 0.6249496936798096, 0.6247305274009705, 0.7849335670471191]"
4,0.2,0.1,fixed,paper,"[0.8237439393997192, 0.6209178566932678, 0.6222171783447266, 0.6207294464111328, 0.6204123497009277, 0.6210598349571228, 0.6198135614395142, 0.6217494010925293, 0.6222638487815857, 0.6217325329780579]","[0.620880126953125, 0.8214730620384216, 0.6219237446784973, 0.6191480755805969, 0.6208520531654358, 0.6219648718833923, 0.6211166381835938, 0.6230753064155579, 0.622183620929718, 0.6217683553695679]","[0.6227182149887085, 0.6231644749641418, 0.8071889877319336, 0.6220555305480957, 0.6235449314117432, 0.6233148574829102, 0.6205737590789795, 0.6230279207229614, 0.6232538819313049, 0.6234489679336548]","[0.6217421889305115, 0.6205806732177734, 0.6237692832946777, 0.8182522654533386, 0.6214041709899902, 0.6214367747306824, 0.6218186020851135, 0.6208530068397522, 0.6209676265716553, 0.6230739951133728]","[0.6234749555587769, 0.6225979328155518, 0.6240850687026978, 0.6264622807502747, 0.7982041239738464, 0.6232829093933105, 0.6221473217010498, 0.6232738494873047, 0.62302565574646, 0.6247008442878723]","[0.6224507689476013, 0.6220820546150208, 0.6221287846565247, 0.6208382248878479, 0.6222467422485352, 0.811555027961731, 0.6249234080314636, 0.6222650408744812, 0.6222238540649414, 0.6222615242004395]","[0.6197475790977478, 0.6204929351806641, 0.6212375164031982, 0.6207235455513, 0.620210587978363, 0.6210367679595947, 0.8264938592910767, 0.6222672462463379, 0.6209076642990112, 0.621890127658844]","[0.6236350536346436, 0.625874936580658, 0.6233697533607483, 0.6211949586868286, 0.6221031546592712, 0.6231723427772522, 0.6227337718009949, 0.8027612566947937, 0.6220827698707581, 0.6250209808349609]","[0.6202389597892761, 0.6201635003089905, 0.6215287446975708, 0.6195424795150757, 0.6203194260597229, 0.6214339733123779, 0.6184198260307312, 0.6200107932090759, 0.831986129283905, 0.6223451495170593]","[0.6230973601341248, 0.6265082955360413, 0.6230269074440002, 0.6222653985023499, 0.6237995028495789, 0.6236968636512756, 0.6226282715797424, 0.6241105198860168, 0.6237248778343201, 0.7983796000480652]"
4,0.2,0.03,fixed,paper,"[0.8379322290420532, 0.6198276877403259, 0.6208723187446594, 0.619499146938324, 0.6189245581626892, 0.6197825074195862, 0.6187766194343567, 0.6203364729881287, 0.6205127835273743, 0.6203216314315796]","[0.6194548010826111, 0.8363518714904785, 0.6206815838813782, 0.6173844337463379, 0.6194316744804382, 0.6207336783409119, 0.6203436255455017, 0.6218233108520508, 0.6203038692474365, 0.6201861500740051]","[0.621947705745697, 0.622314453125, 0.820679783821106, 0.6208239197731018, 0.6220378279685974, 0.6220963597297668, 0.619559109210968, 0.6213151216506958, 0.6211869716644287, 0.6222198009490967]","[0.6206365823745728, 0.6193087697029114, 0.6228964924812317, 0.8318470120429993, 0.6199999451637268, 0.6202738881111145, 0.6213123798370361, 0.6191532015800476, 0.6188092827796936, 0.6218333840370178]","[0.6222877502441406, 0.621239423751831, 0.6227352023124695, 0.624890148639679, 0.8133091330528259, 0.6220142841339111, 0.6211752891540527, 0.6214904189109802, 0.6208325624465942, 0.6233339309692383]","[0.6211673021316528, 0.6207118034362793, 0.6206331253051758, 0.6191580891609192, 0.6205664277076721, 0.828785240650177, 0.6238395571708679, 0.6204040050506592, 0.6199766993522644, 0.6203561425209045]","[0.6179090142250061, 0.6188632845878601, 0.6195066571235657, 0.6191234588623047, 0.6182774305343628, 0.619411289691925, 0.8458166122436523, 0.6205594539642334, 0.6184597611427307, 0.6201264262199402]","[0.6228541135787964, 0.6252495050430298, 0.6224444508552551, 0.6198352575302124, 0.6208786964416504, 0.6220990419387817, 0.6222938895225525, 0.8139330744743347, 0.6201478838920593, 0.6239224076271057]","[0.6193844676017761, 0.6196150779724121, 0.6209673881530762, 0.6186297535896301, 0.6195322871208191, 0.6208943128585815, 0.6177977323532104, 0.618749737739563, 0.8400871157646179, 0.6216357350349426]","[0.6218628287315369, 0.6254482269287109, 0.6215479969978333, 0.6209545135498047, 0.6225330233573914, 0.6223276257514954, 0.6219232678413391, 0.622726559638977, 0.6218531131744385, 0.8119174242019653]"
4,0.2,0.01,fixed,paper,"[0.8510661125183105, 0.6189717054367065, 0.6194812655448914, 0.6186996102333069, 0.6169825792312622, 0.6180596947669983, 0.6177276968955994, 0.6192389130592346, 0.6194146871566772, 0.6193452477455139]","[0.617806613445282, 0.8525356650352478, 0.619196355342865, 0.6158568859100342, 0.6173604726791382, 0.6188600659370422, 0.6193618178367615, 0.6206899285316467, 0.6188810467720032, 0.6188428401947021]","[0.6211620569229126, 0.6217115521430969, 0.8328986167907715, 0.6200361847877502, 0.620089590549469, 0.6204453706741333, 0.618545413017273, 0.6199318170547485, 0.6197872161865234, 0.6214383840560913]","[0.6191610097885132, 0.6179291605949402, 0.6216335296630859, 0.8485328555107117, 0.6177988052368164, 0.6183226704597473, 0.6204501390457153, 0.6174269318580627, 0.6169621348381042, 0.6206848621368408]","[0.6213935613632202, 0.6204358339309692, 0.6216588020324707, 0.6240699291229248, 0.8234640955924988, 0.6206198930740356, 0.620510995388031, 0.6203430891036987, 0.6196134686470032, 0.6227215528488159]","[0.6201673150062561, 0.6198874115943909, 0.619401752948761, 0.6182205080986023, 0.6187426447868347, 0.8410502672195435, 0.6230543255805969, 0.6191701292991638, 0.6186941266059875, 0.6191972494125366]","[0.6160359382629395, 0.6174600720405579, 0.6177210807800293, 0.6179457902908325, 0.6158816814422607, 0.6173318028450012, 0.8642823100090027, 0.6191584467887878, 0.616657555103302, 0.6187890768051147]","[0.6217884421348572, 0.6246004700660706, 0.6212150454521179, 0.6186497211456299, 0.618942379951477, 0.6203224062919617, 0.621583104133606, 0.827102780342102, 0.6186093688011169, 0.6230009198188782]","[0.6179925203323364, 0.6187903881072998, 0.6198481917381287, 0.6176373362541199, 0.6177794933319092, 0.619397759437561, 0.6166531443595886, 0.6172948479652405, 0.8532485365867615, 0.6208494305610657]","[0.6202558875083923, 0.624276876449585, 0.6196774244308472, 0.6197291016578674, 0.6204659342765808, 0.6201674342155457, 0.620859682559967, 0.6213124990463257, 0.6202889680862427, 0.828556478023529]"
4,0.2,0.003,fixed,paper,"[0.8642441630363464, 0.6177191138267517, 0.6179611682891846, 0.61753910779953, 0.6161052584648132, 0.6168015003204346, 0.6161812543869019, 0.6182608604431152, 0.6186940670013428, 0.6177732348442078]","[0.6164613366127014, 0.8651522994041443, 0.6178805828094482, 0.6142690777778625, 0.6166524291038513, 0.6177498698234558, 0.618181049823761, 0.6199747920036316, 0.6181356310844421, 0.6172033548355103]","[0.6204782128334045, 0.6208115816116333, 0.8439778685569763, 0.6189869046211243, 0.6193054914474487, 0.6193586587905884, 0.6171338558197021, 0.6187687516212463, 0.6188655495643616, 0.620160698890686]","[0.6179577112197876, 0.6164229512214661, 0.6205092072486877, 0.8618245124816895, 0.616931140422821, 0.6171051263809204, 0.6193583607673645, 0.6160902380943298, 0.61576247215271, 0.619209349155426]","[0.6197090744972229, 0.6184432506561279, 0.619659960269928, 0.6220961213111877, 0.8432623744010925, 0.6188967227935791, 0.6185558438301086, 0.6185230612754822, 0.6179794073104858, 0.6207199692726135]","[0.6188265681266785, 0.6183233261108398, 0.6176972389221191, 0.6165789365768433, 0.6176393032073975, 0.8575428128242493, 0.6214277148246765, 0.6177128553390503, 0.6174460053443909, 0.6170994639396667]","[0.6145390272140503, 0.616033136844635, 0.6161782145500183, 0.6167787313461304, 0.6149223446846008, 0.6160888075828552, 0.8781151175498962, 0.6182488203048706, 0.6156054735183716, 0.6172274947166443]","[0.6206344962120056, 0.6234632134437561, 0.6197649836540222, 0.6170127391815186, 0.6179791688919067, 0.6189189553260803, 0.6202823519706726, 0.8412079215049744, 0.6173577308654785, 0.621392011642456]","[0.6163272857666016, 0.6172924637794495, 0.6183223724365234, 0.616007387638092, 0.6168137788772583, 0.6180881857872009, 0.6147345900535583, 0.615683913230896, 0.869962215423584, 0.6191897392272949]","[0.6191014051437378, 0.6231582164764404, 0.6181269288063049, 0.618591845035553, 0.6199116110801697, 0.6189211010932922, 0.6197468638420105, 0.6204673051834106, 0.6195514798164368, 0.8397998809814453]"
4,0.2,0.001,fixed,paper,"[0.8864675760269165, 0.6158377528190613, 0.6157142519950867, 0.615949809551239, 0.6135868430137634, 0.6143296360969543, 0.6135949492454529, 0.6166019439697266, 0.6172495484352112, 0.6161773204803467]","[0.6159027814865112, 0.8786239624023438, 0.6164917945861816, 0.6129082441329956, 0.6149568557739258, 0.6160794496536255, 0.616614043712616, 0.619041919708252, 0.6173208355903625, 0.6161949038505554]","[0.6208317279815674, 0.6199979186058044, 0.8545591235160828, 0.6182239651679993, 0.6175954937934875, 0.6177732348442078, 0.6153975129127502, 0.6179661154747009, 0.6179361343383789, 0.6195743083953857]","[0.617743968963623, 0.6147914528846741, 0.6191598176956177, 0.8776972889900208, 0.6149250268936157, 0.615176260471344, 0.6177282929420471, 0.6143940687179565, 0.6143425107002258, 0.6182126402854919]","[0.6209009885787964, 0.6173180341720581, 0.6187434792518616, 0.6214842200279236, 0.8496403098106384, 0.6178917288780212, 0.6175501346588135, 0.6180246472358704, 0.6173617839813232, 0.6201345920562744]","[0.6186464428901672, 0.6172152161598206, 0.6163495779037476, 0.6155931949615479, 0.6159785389900208, 0.8692302703857422, 0.6198445558547974, 0.6168425679206848, 0.6165584921836853, 0.6160625219345093]","[0.6144649386405945, 0.6149291396141052, 0.6148591041564941, 0.6161336302757263, 0.6132725477218628, 0.6145825982093811, 0.888616681098938, 0.6175245046615601, 0.6147811412811279, 0.6165927648544312]","[0.6203573942184448, 0.6223961710929871, 0.618287205696106, 0.6156469583511353, 0.6160739064216614, 0.6170008182525635, 0.6186395883560181, 0.8556869626045227, 0.6160822510719299, 0.6204583048820496]","[0.61586993932724, 0.6158872246742249, 0.6167901754379272, 0.6146700978279114, 0.6149272322654724, 0.6162851452827454, 0.6124974489212036, 0.6139458417892456, 0.8865053057670593, 0.6182265281677246]","[0.6181384921073914, 0.6216202974319458, 0.6160593628883362, 0.617235541343689, 0.6179247498512268, 0.6166707873344421, 0.6178027391433716, 0.6190060377120972, 0.6182996034622192, 0.8576206564903259]"
2,0.4,10,fixed,paper,"[2.260805606842041, 0.9943027496337891, 0.997503936290741, 0.9923800230026245, 0.9968427419662476, 0.9953861832618713, 0.9949870705604553, 0.9915344715118408, 1.001747965812683, 0.9982069730758667]","[1.0072858333587646, 2.1772634983062744, 1.0052820444107056, 1.0016889572143555, 1.0093268156051636, 1.0043898820877075, 1.0025522708892822, 0.9996855854988098, 1.0033360719680786, 1.003119945526123]","[0.9995937347412109, 1.0075339078903198, 2.214404582977295, 0.9973433613777161, 1.0016605854034424, 0.9981441497802734, 0.9985688328742981, 0.9947836995124817, 1.0056438446044922, 1.0006678104400635]","[1.005002498626709, 1.0055407285690308, 1.0081788301467896, 2.1745059490203857, 1.004014015197754, 1.002860188484192, 1.0015965700149536, 1.0045063495635986, 1.0032705068588257, 1.0039209127426147]","[1.0038988590240479, 1.007580280303955, 1.0073041915893555, 1.003418207168579, 2.147210121154785, 1.0089491605758667, 1.0081974267959595, 1.0104868412017822, 1.0076074600219727, 1.006209373474121]","[0.9961192607879639, 0.9953068494796753, 0.9982945919036865, 0.9950466156005859, 0.9971127510070801, 2.255034923553467, 0.9964138865470886, 0.9944674372673035, 0.996910810470581, 0.9978200793266296]","[0.9953044652938843, 0.9944945573806763, 0.9957443475723267, 0.9927438497543335, 0.9996036291122437, 0.9982208609580994, 2.262979745864868, 0.9921607375144958, 0.9960888624191284, 0.9964285492897034]","[1.0009411573410034, 0.9987208843231201, 1.002802848815918, 1.0025136470794678, 1.0061994791030884, 1.0003077983856201, 1.0053337812423706, 2.1888928413391113, 1.0067992210388184, 1.0025830268859863]","[1.002488613128662, 1.0046583414077759, 1.0098904371261597, 1.0036202669143677, 1.004568338394165, 1.0057973861694336, 1.0073739290237427, 1.0042108297348022, 2.1667866706848145, 1.0033234357833862]","[1.000461220741272, 1.0017112493515015, 1.0001224279403687, 0.9994035959243774, 1.0079617500305176, 1.0000609159469604, 1.0043659210205078, 1.0027382373809814, 1.0046089887619019, 2.1942427158355713]"
2,0.4,3,fixed,paper,"[2.276010751724243, 0.9931846261024475, 0.9971571564674377, 0.9924402832984924, 0.9949372410774231, 0.9936479330062866, 0.9934099912643433, 0.9900878071784973, 0.9987460970878601, 0.9959604144096375]","[1.0050699710845947, 2.1952555179595947, 1.0039870738983154, 1.0010626316070557, 1.0061177015304565, 1.0018728971481323, 1.0007739067077637, 0.9992998242378235, 1.000807523727417, 1.0013937950134277]","[0.9977245330810547, 1.0058246850967407, 2.235473871231079, 0.9969546794891357, 0.9988446831703186, 0.9962807893753052, 0.9962401986122131, 0.9936583042144775, 1.0014727115631104, 0.998166024684906]","[1.0031712055206299, 1.0041301250457764, 1.0074986219406128, 2.193288803100586, 1.0017716884613037, 1.0004920959472656, 0.9997449517250061, 1.0032168626785278, 1.0005404949188232, 1.0016050338745117]","[1.0036420822143555, 1.0092066526412964, 1.0087491273880005, 1.0036505460739136, 2.14778995513916, 1.0084435939788818, 1.0078450441360474, 1.010526180267334, 1.0058057308197021, 1.0053114891052246]","[0.9946976900100708, 0.9933869242668152, 0.9984439015388489, 0.9943536520004272, 0.994688868522644, 2.2698845863342285, 0.9953598380088806, 0.9944882988929749, 0.9931923151016235, 0.9960221648216248]","[0.9938220977783203, 0.9931264519691467, 0.9948725700378418, 0.9931544065475464, 0.9975264072418213, 0.9966213703155518, 2.2784862518310547, 0.9919519424438477, 0.9919493198394775, 0.994246244430542]","[0.9982516765594482, 0.9977306127548218, 1.001968502998352, 1.0014822483062744, 1.0032528638839722, 0.9979100227355957, 1.0038093328475952, 2.2102367877960205, 1.0034887790679932, 0.9992369413375854]","[1.004078984260559, 1.0068397521972656, 1.0126601457595825, 1.008160948753357, 1.005789041519165, 1.0072954893112183, 1.0088238716125488, 1.008233666419983, 2.1444344520568848, 1.0043889284133911]","[0.9988139867782593, 1.001328945159912, 1.0001791715621948, 0.999688982963562, 1.0053340196609497, 0.9986587166786194, 1.0025913715362549, 1.002156376838684, 1.001929759979248, 2.2061166763305664]"
2,0.4,1,fixed,paper,"[2.295409679412842, 0.9892462491989136, 0.996089518070221, 0.990424394607544, 0.9940282702445984, 0.9917914867401123, 0.9918100237846375, 0.9886779189109802, 0.9965072274208069, 0.9943646788597107]","[1.0057353973388672, 2.1899118423461914, 1.0042787790298462, 1.0000885725021362, 1.0091605186462402, 1.0009567737579346, 1.0016080141067505, 1.0003591775894165, 1.00071382522583, 1.0024733543395996]","[0.9966230988502502, 1.0016884803771973, 2.252873182296753, 0.9950865507125854, 0.9980353713035583, 0.9947501420974731, 0.9951454401016235, 0.9928604364395142, 0.9987040162086487, 0.9967678785324097]","[1.0021179914474487, 1.0005666017532349, 1.006561040878296, 2.208488702774048, 1.0012027025222778, 0.9984686970710754, 0.9982132315635681, 1.0019853115081787, 0.9991543292999268, 1.000402808189392]","[1.0024315118789673, 1.0054506063461304, 1.0067983865737915, 1.001592993736267, 2.1666433811187744, 1.006603479385376, 1.0063918828964233, 1.009705901145935, 1.004067301750183, 1.0030815601348877]","[0.9936937093734741, 0.9897127747535706, 0.9979733228683472, 0.9922334551811218, 0.9941325187683105, 2.284438133239746, 0.9944876432418823, 0.9938523173332214, 0.9911626577377319, 0.9949779510498047]","[0.992556631565094, 0.9890604615211487, 0.9931824803352356, 0.9909643530845642, 0.9971432685852051, 0.9948040843009949, 2.2978641986846924, 0.9909422397613525, 0.9894828200340271, 0.9926173090934753]","[0.9960838556289673, 0.993943989276886, 1.0006182193756104, 0.9990027546882629, 1.0031788349151611, 0.9955983757972717, 1.0030170679092407, 2.2303435802459717, 1.0014519691467285, 0.9967482089996338]","[1.0027199983596802, 1.0031309127807617, 1.010565996170044, 1.006510615348816, 1.005709171295166, 1.0052560567855835, 1.0076490640640259, 1.0072489976882935, 2.1602025032043457, 1.0031566619873047]","[0.9972310662269592, 0.9975770711898804, 0.9992627501487732, 0.9976719617843628, 1.0046734809875488, 0.9968857169151306, 1.0012353658676147, 1.0010501146316528, 0.999972403049469, 2.2233095169067383]"
2,0.4,0.3,fixed,paper,"[2.2745938301086426, 0.990492582321167, 1.0022274255752563, 0.9926468729972839, 0.9952524304389954, 0.992316722869873, 0.9939747452735901, 0.9900544285774231, 0.9980618953704834, 0.9961844086647034]","[1.0028208494186401, 2.207345485687256, 1.0043015480041504, 0.9979755282402039, 1.0072615146636963, 0.9984144568443298, 0.9996747374534607, 0.9987928867340088, 0.9991450309753418, 1.0014935731887817]","[0.9936002492904663, 0.9996606111526489, 2.273505210876465, 0.9937340617179871, 0.996480405330658, 0.9924275875091553, 0.9931439161300659, 0.9914348125457764, 0.9960734844207764, 0.995168924331665]","[0.9986301064491272, 0.9989461302757263, 1.006951093673706, 2.228148937225342, 0.9984718561172485, 0.9958928823471069, 0.9965213537216187, 0.9999495148658752, 0.9977233409881592, 0.9984050393104553]","[1.0009788274765015, 1.0048500299453735, 1.0067052841186523, 1.0009413957595825, 2.176146984100342, 1.0054863691329956, 1.0052787065505981, 1.0091482400894165, 1.0033529996871948, 1.0009208917617798]","[0.9923805594444275, 0.9883858561515808, 0.9983186721801758, 0.9914193153381348, 0.9928745031356812, 2.291189193725586, 0.9943222403526306, 0.9936394691467285, 0.9898183345794678, 0.9954239130020142]","[0.9901031851768494, 0.9877218008041382, 0.9932460784912109, 0.9896149039268494, 0.9950337409973145, 0.9923540353775024, 2.314584732055664, 0.9896296262741089, 0.9874773621559143, 0.9912781119346619]","[0.9932929277420044, 0.9929612874984741, 1.0002435445785522, 0.9974548816680908, 1.0014413595199585, 0.9926828145980835, 1.0019830465316772, 2.2475287914276123, 0.9999646544456482, 0.9947068095207214]","[0.9997586607933044, 1.0026233196258545, 1.0097731351852417, 1.0053484439849854, 1.0038342475891113, 1.0025317668914795, 1.0055372714996338, 1.0056113004684448, 2.177351474761963, 1.0015658140182495]","[0.9942620992660522, 0.9965823292732239, 0.9999226331710815, 0.9964380264282227, 1.002273440361023, 0.994746744632721, 0.9993540048599243, 0.9995856881141663, 0.9984182715415955, 2.2392282485961914]"
2,0.4,0.1,fixed,paper,"[2.2895989418029785, 0.9883605241775513, 0.9984509348869324, 0.9909533262252808, 0.9946146607398987, 0.9910460710525513, 0.9930225014686584, 0.9893283843994141, 0.9983237385749817, 0.9940793514251709]","[1.0013494491577148, 2.224597692489624, 1.0003790855407715, 0.9957284331321716, 1.006170630455017, 0.9968204498291016, 0.998267650604248, 0.9977214336395264, 0.9979504942893982, 1.000210165977478]","[0.9930728673934937, 0.9988223910331726, 2.2773478031158447, 0.9929596781730652, 0.9968118667602539, 0.9923000335693359, 0.9927709102630615, 0.9916684031486511, 0.9956997632980347, 0.9942827224731445]","[0.9970603585243225, 0.9976016879081726, 1.004170536994934, 2.2432219982147217, 0.9970541596412659, 0.9941853880882263, 0.9955460429191589, 0.9986633658409119, 0.9972182512283325, 0.9966253638267517]","[0.9996026754379272, 1.0038059949874878, 1.0027590990066528, 0.9992367625236511, 2.1919445991516113, 1.0043118000030518, 1.0041625499725342, 1.0086185932159424, 1.0026386976242065, 0.9984674453735352]","[0.9906764030456543, 0.986346960067749, 0.9953631162643433, 0.9891197681427002, 0.992220938205719, 2.3073947429656982, 0.9935950636863708, 0.9927617907524109, 0.9889686703681946, 0.9936173558235168]","[0.9882583618164062, 0.9860932230949402, 0.9899869561195374, 0.9873661994934082, 0.9942182898521423, 0.9907870292663574, 2.3332526683807373, 0.9884986877441406, 0.9864148497581482, 0.9890084266662598]","[0.9906969666481018, 0.9917442798614502, 0.996856689453125, 0.9950649738311768, 0.9995861649513245, 0.990774393081665, 1.001155138015747, 2.2678866386413574, 0.9995402097702026, 0.9917300939559937]","[0.997242271900177, 1.0015941858291626, 1.005338191986084, 1.0030571222305298, 1.0023701190948486, 1.0001685619354248, 1.003348708152771, 1.0039277076721191, 2.200068235397339, 0.9991117715835571]","[0.9924918413162231, 0.9957439303398132, 0.9969419836997986, 0.9947510957717896, 1.0013442039489746, 0.9936163425445557, 0.9980722665786743, 0.9987514019012451, 0.9979325532913208, 2.2529208660125732]"
2,0.4,0.03,fixed,paper,"[2.3093748092651367, 0.9850164651870728, 0.9964463114738464, 0.989898681640625, 0.9940875768661499, 0.9893890023231506, 0.9906760454177856, 0.9871553182601929, 0.9963710308074951, 0.9923318028450012]","[1.0031417608261108, 2.2087180614471436, 1.0009756088256836, 0.9979363679885864, 1.0107365846633911, 0.9977524280548096, 0.9986549615859985, 0.9986975789070129, 0.9994189143180847, 1.0017012357711792]","[0.9924913644790649, 0.9949994087219238, 2.2911040782928467, 0.9925416111946106, 0.9968710541725159, 0.9914500117301941, 0.9906121492385864, 0.9905894994735718, 0.9937125444412231, 0.9932196736335754]","[0.9955819845199585, 0.9934403300285339, 1.0022720098495483, 2.2649810314178467, 0.9964109659194946, 0.9919033050537109, 0.9929308891296387, 0.9962126016616821, 0.9956570267677307, 0.9948145747184753]","[0.9982877373695374, 1.0002667903900146, 0.9996690154075623, 0.9980037212371826, 2.213963031768799, 1.0025323629379272, 1.0013762712478638, 1.0068920850753784, 1.001044511795044, 0.9959545135498047]","[0.9896661043167114, 0.9826173782348633, 0.9938926100730896, 0.9879247546195984, 0.9920081496238708, 2.323895215988159, 0.9918286204338074, 0.9913198947906494, 0.9871890544891357, 0.9923821687698364]","[0.9876744747161865, 0.9825372695922852, 0.9887796640396118, 0.9867890477180481, 0.9948631525039673, 0.9898133277893066, 2.3454906940460205, 0.9873711466789246, 0.9848861694335938, 0.9878770709037781]","[0.9890725016593933, 0.9879501461982727, 0.9952297806739807, 0.9940544962882996, 1.0003925561904907, 0.989169180393219, 0.9995629191398621, 2.2842857837677, 0.9982911944389343, 0.9896020293235779]","[0.9957984089851379, 0.9986668229103088, 1.002768874168396, 1.0022469758987427, 1.0025469064712524, 0.9982119202613831, 1.0005015134811401, 1.002058744430542, 2.217822790145874, 0.9976056814193726]","[0.991113543510437, 0.9922643303871155, 0.9951441884040833, 0.9938647150993347, 1.0012344121932983, 0.992209792137146, 0.9954512119293213, 0.9970511794090271, 0.996431827545166, 2.2701621055603027]"
2,0.4,0.01,fixed,paper,"[2.2903664112091064, 0.9892634153366089, 0.9955457448959351, 0.9905491471290588, 0.9963799715042114, 0.990670382976532, 0.9921179413795471, 0.9888763427734375, 1.0013747215270996, 0.9929277300834656]","[0.9999909400939941, 2.231778621673584, 0.9972593784332275, 0.9948177337646484, 1.0096133947372437, 0.9948969483375549, 0.99631267786026, 0.9972989559173584, 0.9981629252433777, 1.000488519668579]","[0.9932693839073181, 0.9985523223876953, 2.26952862739563, 0.9941191077232361, 1.001352071762085, 0.9926337003707886, 0.9919513463973999, 0.9932481646537781, 0.9958402514457703, 0.9944304823875427]","[0.992476224899292, 0.993638813495636, 0.9994827508926392, 2.279067277908325, 0.99622642993927, 0.9896127581596375, 0.9914467930793762, 0.9949654936790466, 0.995933473110199, 0.993228018283844]","[0.9968597888946533, 1.000950813293457, 0.9964523315429688, 0.996597170829773, 2.2251508235931396, 1.001132845878601, 1.0001096725463867, 1.0067557096481323, 1.0015023946762085, 0.9940565824508667]","[0.9878863096237183, 0.9823089241981506, 0.9910969734191895, 0.985850989818573, 0.9919041395187378, 2.335916757583618, 0.9908745288848877, 0.9907631874084473, 0.9868310689926147, 0.9910547137260437]","[0.9853681921958923, 0.9825364947319031, 0.9854394197463989, 0.9848154187202454, 0.9939988255500793, 0.9879945516586304, 2.361645460128784, 0.9866107106208801, 0.9841113686561584, 0.9861357808113098]","[0.9860489368438721, 0.9882592558860779, 0.9917265176773071, 0.9915003776550293, 1.000161051750183, 0.9865734577178955, 0.9981179237365723, 2.3035974502563477, 0.9979873895645142, 0.9867184162139893]","[0.9928873181343079, 0.9984799027442932, 0.9986429214477539, 1.0003567934036255, 1.0019475221633911, 0.9957309365272522, 0.9982696175575256, 1.00087571144104, 2.237694025039673, 0.9958060383796692]","[0.988318681716919, 0.9924681186676025, 0.9925701022148132, 0.9920312762260437, 1.0004353523254395, 0.9904099702835083, 0.9935786128044128, 0.996169924736023, 0.995970606803894, 2.285182237625122]"
2,0.4,0.003,fixed,paper,"[2.3105690479278564, 0.9852927327156067, 0.9945861101150513, 0.9902749061584473, 0.9940630793571472, 0.9885387420654297, 0.9905627965927124, 0.9871360063552856, 0.999187171459198, 0.9908511638641357]","[1.0020283460617065, 2.2103986740112305, 0.9995556473731995, 0.9999045729637146, 1.0108119249343872, 0.9953931570053101, 0.997980535030365, 0.999377965927124, 1.00010085105896, 1.002449631690979]","[0.9922865629196167, 0.9941821694374084, 2.2889504432678223, 0.9932929277420044, 0.9998204708099365, 0.9908719062805176, 0.9901492595672607, 0.9921635985374451, 0.9931905269622803, 0.9926042556762695]","[0.9913391470909119, 0.9898669123649597, 0.9985021948814392, 2.2996795177459717, 0.993502676486969, 0.9871646761894226, 0.9899318218231201, 0.9932571053504944, 0.9944469332695007, 0.9913965463638306]","[0.99661785364151, 0.9982413649559021, 0.9955207109451294, 0.9974456429481506, 2.234391689300537, 0.9999180436134338, 0.9991543292999268, 1.0064977407455444, 1.000712513923645, 0.9922581315040588]","[0.9871458411216736, 0.9789670705795288, 0.9909275770187378, 0.9854920506477356, 0.9903017282485962, 2.3490500450134277, 0.9901332855224609, 0.9899887442588806, 0.9850587844848633, 0.9897282123565674]","[0.9844843745231628, 0.9786210060119629, 0.9841735363006592, 0.9845784902572632, 0.9918587803840637, 0.9862098097801208, 2.3799145221710205, 0.985580325126648, 0.9820203185081482, 0.9843435883522034]","[0.9842960834503174, 0.9838621616363525, 0.9908269643783569, 0.9912531971931458, 0.9983210563659668, 0.9843307137489319, 0.9971501231193542, 2.323479413986206, 0.9963415861129761, 0.9841024875640869]","[0.9917120337486267, 0.9954425692558289, 0.9967830181121826, 0.9996112585067749, 1.0001883506774902, 0.9935364723205566, 0.9964508414268494, 0.9996729493141174, 2.2553465366363525, 0.9942031502723694]","[0.9871721863746643, 0.9892936944961548, 0.9921277761459351, 0.9918187856674194, 0.9981108903884888, 0.9887257218360901, 0.9919503331184387, 0.9951000809669495, 0.994438111782074, 2.300522804260254]"
2,0.4,0.001,fixed,paper,"[2.3289923667907715, 0.9821168184280396, 0.9938942193984985, 0.988723635673523, 0.9939600229263306, 0.9873160719871521, 0.9888724684715271, 0.9857099056243896, 0.9971190094947815, 0.9873547554016113]","[1.0040221214294434, 2.190824508666992, 1.0015381574630737, 1.0020250082015991, 1.0161142349243164, 0.9967601299285889, 0.9987067580223083, 1.0017330646514893, 1.001822829246521, 1.0028988122940063]","[0.9909531474113464, 0.990383505821228, 2.3089165687561035, 0.9917219877243042, 0.9998911023139954, 0.9897937774658203, 0.9882163405418396, 0.9911685585975647, 0.9904391169548035, 0.9891397356987]","[0.989988386631012, 0.9867992997169495, 0.9977033138275146, 2.3175201416015625, 0.9938189387321472, 0.9855390787124634, 0.9879037141799927, 0.9917768239974976, 0.9929913878440857, 0.9879055023193359]","[0.9952884316444397, 0.995366632938385, 0.993898868560791, 0.9957941770553589, 2.2544853687286377, 0.9986521005630493, 0.9969450235366821, 1.0055922269821167, 0.9990797638893127, 0.9885030388832092]","[0.9858013987541199, 0.9759390950202942, 0.9905471205711365, 0.9835626482963562, 0.989975094795227, 2.367931365966797, 0.9880815744400024, 0.9890501499176025, 0.9829291701316833, 0.9863397479057312]","[0.9834845662117004, 0.9755098223686218, 0.983187198638916, 0.9831842184066772, 0.9922918081283569, 0.9853436350822449, 2.3955442905426025, 0.9848740100860596, 0.9800599813461304, 0.9814085364341736]","[0.9821391105651855, 0.979981005191803, 0.9899158477783203, 0.9893041253089905, 0.9988862872123718, 0.9827179312705994, 0.9957380890846252, 2.34375, 0.9945336580276489, 0.9807981848716736]","[0.9901710748672485, 0.992957592010498, 0.9949548840522766, 0.9982975721359253, 1.0004433393478394, 0.9920127987861633, 0.9948858022689819, 0.9985443353652954, 2.2712783813476562, 0.9916811585426331]","[0.9875035285949707, 0.9874410033226013, 0.9929178357124329, 0.9917066097259521, 1.0000529289245605, 0.9886869788169861, 0.9937377572059631, 0.995803713798523, 0.9945616126060486, 2.296569347381592]"
0,0.2,10,fixed,paper,"[0.7612168192863464, 0.6295434236526489, 0.6269367933273315, 0.6266531944274902, 0.6265683770179749, 0.6271360516548157, 0.6283432245254517, 0.6269457936286926, 0.6273617148399353, 0.6260887980461121]","[0.6295396089553833, 0.7412921190261841, 0.6287938356399536, 0.628318190574646, 0.6279336214065552, 0.6338008046150208, 0.6303304433822632, 0.6285460591316223, 0.6287249326705933, 0.6280713677406311]","[0.6268409490585327, 0.6261339783668518, 0.7758608460426331, 0.6253653168678284, 0.6253835558891296, 0.6260401606559753, 0.6269002556800842, 0.6256495714187622, 0.6258792281150818, 0.6242474317550659]","[0.6280901432037354, 0.6271123886108398, 0.6276832222938538, 0.757594108581543, 0.6268342137336731, 0.6280244588851929, 0.6305286884307861, 0.626876175403595, 0.6275050640106201, 0.6262637376785278]","[0.6302186846733093, 0.6292021870613098, 0.6332218050956726, 0.6284520626068115, 0.7342049479484558, 0.6301456093788147, 0.6308194398880005, 0.6293540000915527, 0.6306549310684204, 0.6282420754432678]","[0.6289492249488831, 0.6277409195899963, 0.627608060836792, 0.6275214552879333, 0.628023624420166, 0.7511695623397827, 0.6290736198425293, 0.6277468800544739, 0.6278886795043945, 0.6299902200698853]","[0.6276329755783081, 0.6270833611488342, 0.6266621351242065, 0.6264375448226929, 0.6261537075042725, 0.6274382472038269, 0.7642364501953125, 0.6269797086715698, 0.6289805769920349, 0.625485360622406]","[0.6277700662612915, 0.6273459792137146, 0.6268367767333984, 0.6264316439628601, 0.6264380812644958, 0.6273587942123413, 0.6286146640777588, 0.7630711197853088, 0.62713223695755, 0.6258968710899353]","[0.6267557740211487, 0.6264515519142151, 0.6257278323173523, 0.6257235407829285, 0.6255539059638977, 0.6264467835426331, 0.6270365118980408, 0.6260262131690979, 0.7734053134918213, 0.6248541474342346]","[0.6278850436210632, 0.6270397305488586, 0.6264533996582031, 0.626214861869812, 0.6259464621543884, 0.6272754073143005, 0.6279923319816589, 0.6267805695533752, 0.6269914507865906, 0.7644243240356445]"
0,0.2,3,fixed,paper,"[0.7725962400436401, 0.6284778118133545, 0.6253459453582764, 0.6257809400558472, 0.6263379454612732, 0.6258136034011841, 0.6267798542976379, 0.6256060004234314, 0.6259605288505554, 0.6252973675727844]","[0.6275059580802917, 0.7566607594490051, 0.62724769115448, 0.6269621849060059, 0.6274758577346802, 0.6321354508399963, 0.6283680200576782, 0.6268935799598694, 0.6265934109687805, 0.6268653869628906]","[0.6252429485321045, 0.62551349401474, 0.7869687080383301, 0.6242139935493469, 0.6251632571220398, 0.6247615814208984, 0.625299870967865, 0.6243239641189575, 0.6245580315589905, 0.6235242486000061]","[0.6262993812561035, 0.6258416175842285, 0.6257065534591675, 0.7727904319763184, 0.6265016198158264, 0.6262519359588623, 0.6283425092697144, 0.6254016757011414, 0.6256029009819031, 0.6252602934837341]","[0.6282746195793152, 0.6278750896453857, 0.6308810710906982, 0.626880943775177, 0.7534286379814148, 0.6275757551193237, 0.6283589601516724, 0.6276385188102722, 0.6284767389297485, 0.6267018914222717]","[0.6276180148124695, 0.6270114779472351, 0.6262913346290588, 0.6266962289810181, 0.6272584199905396, 0.7626000642776489, 0.6273109316825867, 0.6263839602470398, 0.62630295753479, 0.6294376850128174]","[0.626406729221344, 0.6263801455497742, 0.6254692077636719, 0.6255409717559814, 0.6258544921875, 0.6260512471199036, 0.7733522653579712, 0.6263868808746338, 0.6275492906570435, 0.6250063180923462]","[0.6259373426437378, 0.6262005567550659, 0.6250079870223999, 0.6255183219909668, 0.6259350180625916, 0.6255091428756714, 0.6272187829017639, 0.7764543294906616, 0.6255099177360535, 0.6250373721122742]","[0.6254222393035889, 0.6252985596656799, 0.6244375109672546, 0.6247722506523132, 0.6254631876945496, 0.6248642206192017, 0.6253065466880798, 0.6249755620956421, 0.7847828269004822, 0.6239484548568726]","[0.625705361366272, 0.6253743767738342, 0.6244085431098938, 0.624772846698761, 0.6252169609069824, 0.6252768635749817, 0.6258440613746643, 0.6249970197677612, 0.6247163414955139, 0.7827009558677673]"
0,0.2,1,fixed,paper,"[0.7831566333770752, 0.6270639896392822, 0.6248348951339722, 0.6250213980674744, 0.6254193186759949, 0.6247594356536865, 0.6255221366882324, 0.6246299147605896, 0.6241833567619324, 0.6245765686035156]","[0.6257096529006958, 0.7686238884925842, 0.6270603537559509, 0.6259756088256836, 0.6265866160392761, 0.6309950947761536, 0.6269682049751282, 0.6258617043495178, 0.6242845058441162, 0.6259869933128357]","[0.623237133026123, 0.6241554617881775, 0.8027739524841309, 0.6227880716323853, 0.6238663196563721, 0.6233628988265991, 0.6236169934272766, 0.6229737997055054, 0.6223329901695251, 0.6224833726882935]","[0.624401330947876, 0.62413489818573, 0.6245298385620117, 0.7888074517250061, 0.6253930330276489, 0.6246610283851624, 0.6263755559921265, 0.6242031455039978, 0.623133659362793, 0.6242397427558899]","[0.6268320679664612, 0.6267207264900208, 0.630172073841095, 0.6259445548057556, 0.7665964961051941, 0.6257972717285156, 0.6267262697219849, 0.6268077492713928, 0.6261652112007141, 0.6257544159889221]","[0.6260494589805603, 0.6257156729698181, 0.6259249448776245, 0.6257666945457458, 0.62558913230896, 0.77576744556427, 0.6256370544433594, 0.6251677870750427, 0.6241092681884766, 0.6287379264831543]","[0.6249268651008606, 0.6250945329666138, 0.6248387098312378, 0.624523937702179, 0.6246337890625, 0.6246994137763977, 0.784974992275238, 0.6259225606918335, 0.625316321849823, 0.6243635416030884]","[0.6237940788269043, 0.624415934085846, 0.6243388652801514, 0.6244267225265503, 0.6244527101516724, 0.6236379742622375, 0.6258367300033569, 0.7923442721366882, 0.6230691075325012, 0.6239575743675232]","[0.6261152029037476, 0.626213788986206, 0.627820611000061, 0.6263525485992432, 0.6269850730895996, 0.6261809468269348, 0.6262722611427307, 0.6267837882041931, 0.7688829898834229, 0.6258560419082642]","[0.6234452128410339, 0.6232997179031372, 0.6237247586250305, 0.6233826279640198, 0.623738169670105, 0.623485803604126, 0.623940646648407, 0.6235164403915405, 0.6216499209403992, 0.8012133836746216]"
0,0.2,0.3,fixed,paper,"[0.7999461889266968, 0.6256056427955627, 0.6241348385810852, 0.6233214139938354, 0.6241469979286194, 0.6232596635818481, 0.6239052414894104, 0.6226503849029541, 0.6225894093513489, 0.6218271255493164]","[0.6242737770080566, 0.7855010032653809, 0.626205325126648, 0.624232828617096, 0.6255280375480652, 0.6295932531356812, 0.6253933310508728, 0.624010443687439, 0.6224035620689392, 0.6230695843696594]","[0.6219788789749146, 0.6233232617378235, 0.8185540437698364, 0.6209942698478699, 0.6227872967720032, 0.6220899224281311, 0.6221463084220886, 0.6211915016174316, 0.6210028529167175, 0.6198692321777344]","[0.6235273480415344, 0.6232314705848694, 0.623792290687561, 0.8014186024665833, 0.624778687953949, 0.6234731674194336, 0.6248982548713684, 0.6228490471839905, 0.6218011975288391, 0.6218084096908569]","[0.6259607076644897, 0.6259169578552246, 0.6294912695884705, 0.6244638562202454, 0.7812236547470093, 0.6239702701568604, 0.6251305341720581, 0.625368595123291, 0.624713122844696, 0.623213529586792]","[0.6251245737075806, 0.6248430013656616, 0.625710666179657, 0.6243654489517212, 0.6240359544754028, 0.7896405458450317, 0.6240727305412292, 0.6234167218208313, 0.6225826740264893, 0.6262974739074707]","[0.6240159273147583, 0.6241570711135864, 0.6246394515037537, 0.6229602694511414, 0.6234534382820129, 0.6232957243919373, 0.7977221608161926, 0.624846339225769, 0.6238536238670349, 0.6220633387565613]","[0.6227220296859741, 0.6234816908836365, 0.6241031885147095, 0.6232895255088806, 0.6235118508338928, 0.6222171783447266, 0.6249892711639404, 0.8042069673538208, 0.6218587756156921, 0.6215710639953613]","[0.6251924633979797, 0.6249231100082397, 0.6274063587188721, 0.6248287558555603, 0.6261065602302551, 0.6246761083602905, 0.6247446537017822, 0.6253469586372375, 0.782453715801239, 0.623503565788269]","[0.6249587535858154, 0.6247270107269287, 0.6272814869880676, 0.6246064901351929, 0.6257563233375549, 0.624550998210907, 0.6250680088996887, 0.6243157386779785, 0.6227768659591675, 0.7855663299560547]"
0,0.2,0.1,fixed,paper,"[0.8124639391899109, 0.6236777305603027, 0.6228395104408264, 0.6222891807556152, 0.6234706044197083, 0.6219813823699951, 0.6228414177894592, 0.6213687658309937, 0.6210476756095886, 0.6210617423057556]","[0.6229710578918457, 0.7943112850189209, 0.6256423592567444, 0.6234065890312195, 0.6253141164779663, 0.6286618113517761, 0.624620258808136, 0.6231058239936829, 0.6208244562149048, 0.6225795745849609]","[0.6202327013015747, 0.6216480135917664, 0.8332193493843079, 0.6194968223571777, 0.6219316124916077, 0.6206662654876709, 0.6208562254905701, 0.6197347640991211, 0.6193522810935974, 0.61898273229599]","[0.6219354867935181, 0.6212561726570129, 0.6222720742225647, 0.8163062334060669, 0.6241577863693237, 0.6219057440757751, 0.6233726143836975, 0.6215903759002686, 0.6199195981025696, 0.6209892630577087]","[0.6244314908981323, 0.6241012215614319, 0.6278223991394043, 0.6231095194816589, 0.7977327704429626, 0.6218245625495911, 0.6235464215278625, 0.6240848302841187, 0.6227717399597168, 0.6220763325691223]","[0.6238322854042053, 0.6232488751411438, 0.6246876120567322, 0.6233810186386108, 0.6228288412094116, 0.8023495674133301, 0.622810423374176, 0.6221126914024353, 0.6208573579788208, 0.6257686614990234]","[0.6224849224090576, 0.6222456097602844, 0.6233961582183838, 0.6215609312057495, 0.622365415096283, 0.621610164642334, 0.8121399879455566, 0.62396240234375, 0.6219395399093628, 0.6212642788887024]","[0.620923638343811, 0.6214671730995178, 0.6225627064704895, 0.6222094297409058, 0.6225560903549194, 0.6204082369804382, 0.6240830421447754, 0.819091260433197, 0.620089590549469, 0.6207309365272522]","[0.6240286827087402, 0.6230383515357971, 0.6265385150909424, 0.6238480806350708, 0.6256983876228333, 0.6232683062553406, 0.6236454248428345, 0.6244823336601257, 0.7933012843132019, 0.6227535009384155]","[0.6228324174880981, 0.6222115159034729, 0.6255418062210083, 0.6230171918869019, 0.6245929598808289, 0.6226089000701904, 0.6234319806098938, 0.6226029992103577, 0.6203765869140625, 0.805029571056366]"
0,0.2,0.03,fixed,paper,"[0.8243972063064575, 0.6226209402084351, 0.6214150786399841, 0.6212652325630188, 0.6219643950462341, 0.6206069588661194, 0.621544361114502, 0.6202464699745178, 0.6206490397453308, 0.620004415512085]","[0.6209853291511536, 0.8102410435676575, 0.6242789626121521, 0.6219183206558228, 0.6236001253128052, 0.6269638538360596, 0.6229436993598938, 0.6216904520988464, 0.6197192668914795, 0.621127188205719]","[0.6185608506202698, 0.620930016040802, 0.846253514289856, 0.6180959343910217, 0.6203335523605347, 0.6192335486412048, 0.6194201111793518, 0.6185246109962463, 0.6189320683479309, 0.6178914904594421]","[0.6203105449676514, 0.6201316118240356, 0.6206035614013672, 0.8306862115859985, 0.6226869225502014, 0.6202229857444763, 0.6215946674346924, 0.6204710602760315, 0.61916184425354, 0.6198579668998718]","[0.6235036253929138, 0.6237708330154419, 0.6266395449638367, 0.6223788261413574, 0.8064441084861755, 0.6201992034912109, 0.6223443150520325, 0.6235746741294861, 0.6225888133049011, 0.6212623119354248]","[0.6225859522819519, 0.6225846409797668, 0.6235942840576172, 0.6224647760391235, 0.6208529472351074, 0.8136343359947205, 0.621374785900116, 0.6210280656814575, 0.6203349232673645, 0.6250066757202148]","[0.6211076378822327, 0.6213717460632324, 0.6221901178359985, 0.6203375458717346, 0.6206152439117432, 0.6199961304664612, 0.8240836262702942, 0.6234034299850464, 0.6213361024856567, 0.6203398108482361]","[0.6189828515052795, 0.6201942563056946, 0.6207634806632996, 0.621008038520813, 0.6206409931182861, 0.6183746457099915, 0.6228129863739014, 0.834941029548645, 0.6193341016769409, 0.6194692850112915]","[0.6219820976257324, 0.6211559176445007, 0.624671459197998, 0.622006893157959, 0.6235904693603516, 0.6208956241607666, 0.6214441657066345, 0.6229074597358704, 0.813901424407959, 0.6208425760269165]","[0.6209002733230591, 0.6207741498947144, 0.6238798499107361, 0.6216432452201843, 0.622806966304779, 0.6207776665687561, 0.6217697858810425, 0.621256947517395, 0.6193275451660156, 0.8213180899620056]"
0,0.2,0.01,fixed,paper,"[0.842136800289154, 0.6203222274780273, 0.6196102499961853, 0.6202983856201172, 0.6205428242683411, 0.6190497279167175, 0.6202237010002136, 0.6182005405426025, 0.618571937084198, 0.6185201406478882]","[0.6202214956283569, 0.8194205164909363, 0.6235917806625366, 0.6215448379516602, 0.6230283379554749, 0.6261407136917114, 0.6223011016845703, 0.6204088926315308, 0.6179943084716797, 0.6203057765960693]","[0.6174582242965698, 0.6193738579750061, 0.8600601553916931, 0.6171581149101257, 0.6192246675491333, 0.6180229187011719, 0.6183652281761169, 0.6167957186698914, 0.6172383427619934, 0.6167784929275513]","[0.6189345717430115, 0.6178498864173889, 0.6186404228210449, 0.8500878214836121, 0.6213853359222412, 0.6184430718421936, 0.6198787689208984, 0.6185126304626465, 0.6168113946914673, 0.6183844208717346]","[0.6227931380271912, 0.6222516298294067, 0.6251307725906372, 0.6217593550682068, 0.8200784921646118, 0.6184461712837219, 0.6211727857589722, 0.6221939921379089, 0.6207816004753113, 0.6200757622718811]","[0.6217637658119202, 0.6209384799003601, 0.6223804354667664, 0.6218665242195129, 0.6192234754562378, 0.8276178240776062, 0.6201764345169067, 0.6192806363105774, 0.6183950304985046, 0.6240777373313904]","[0.6200305819511414, 0.619391918182373, 0.6207398176193237, 0.6193081140518188, 0.6190866827964783, 0.6183361411094666, 0.8399879336357117, 0.6220556497573853, 0.6191912889480591, 0.6191244125366211]","[0.6180211305618286, 0.6184942126274109, 0.6193986535072327, 0.6206784248352051, 0.6196251511573792, 0.6169739365577698, 0.6223329305648804, 0.8467493057250977, 0.6177147030830383, 0.6185954213142395]","[0.6214794516563416, 0.6194123029708862, 0.6238039135932922, 0.6216035485267639, 0.6229467988014221, 0.6197207570075989, 0.6206000447273254, 0.6217884421348572, 0.823671281337738, 0.6198856234550476]","[0.6195797920227051, 0.6185421943664551, 0.6222851276397705, 0.6207737326622009, 0.6215529441833496, 0.619210958480835, 0.6205313205718994, 0.6194344758987427, 0.6170485615730286, 0.8382318615913391]"
0,0.2,0.003,fixed,paper,"[0.8542231917381287, 0.6187476515769958, 0.6185024380683899, 0.6191994547843933, 0.619230329990387, 0.6176998615264893, 0.6192801594734192, 0.6173934936523438, 0.6174458861351013, 0.6177003979682922]","[0.6186455488204956, 0.8308512568473816, 0.6229419708251953, 0.6203809380531311, 0.6219072937965393, 0.624866783618927, 0.6213775277137756, 0.6197081804275513, 0.6165632605552673, 0.6194903254508972]","[0.6155698895454407, 0.6179087162017822, 0.876079261302948, 0.6154571771621704, 0.617592990398407, 0.6163875460624695, 0.6170554757118225, 0.6156736016273499, 0.6158635020256042, 0.6156975626945496]","[0.6173872351646423, 0.6162747144699097, 0.6173575520515442, 0.8640303611755371, 0.6201750040054321, 0.6168539524078369, 0.6185234785079956, 0.6177754998207092, 0.6153954267501831, 0.6175576448440552]","[0.6217353940010071, 0.6212629079818726, 0.6241262555122375, 0.6208152770996094, 0.8306217193603516, 0.6167090535163879, 0.6201861500740051, 0.6218588352203369, 0.6197328567504883, 0.6193609833717346]","[0.620518147945404, 0.6197464466094971, 0.6215937733650208, 0.6208676099777222, 0.6174356341362, 0.8392801284790039, 0.619086742401123, 0.6185035109519958, 0.617137610912323, 0.623543381690979]","[0.618409276008606, 0.6177457571029663, 0.6195957660675049, 0.617757260799408, 0.6172778010368347, 0.6164942383766174, 0.8553423285484314, 0.6215553283691406, 0.6176080703735352, 0.6181828379631042]","[0.6158705949783325, 0.6164829730987549, 0.6176956295967102, 0.619181752204895, 0.6176833510398865, 0.6147467494010925, 0.6211940050125122, 0.8657858967781067, 0.616011381149292, 0.6173509359359741]","[0.6199987530708313, 0.6175693869590759, 0.622808575630188, 0.6202446818351746, 0.6215877532958984, 0.617929995059967, 0.6193097233772278, 0.6210840344429016, 0.837931752204895, 0.6187697052955627]","[0.617497444152832, 0.6164261698722839, 0.6207790374755859, 0.619163990020752, 0.6197996735572815, 0.6172434687614441, 0.6190619468688965, 0.6182429194450378, 0.6151134371757507, 0.8570528030395508]"
0,0.2,0.001,fixed,paper,"[0.8691191673278809, 0.617237389087677, 0.6174777150154114, 0.6181779503822327, 0.6175522804260254, 0.6164626479148865, 0.6179540157318115, 0.6159264445304871, 0.6155116558074951, 0.616611897945404]","[0.6171666383743286, 0.8450580835342407, 0.6223903894424438, 0.6193102598190308, 0.6204366683959961, 0.623721182346344, 0.6200870871543884, 0.6183630228042603, 0.6143408417701721, 0.6184221506118774]","[0.6137628555297852, 0.6165072321891785, 0.8950004577636719, 0.6138349175453186, 0.6155961155891418, 0.6148651242256165, 0.6153634786605835, 0.6138917803764343, 0.613680899143219, 0.6143483519554138]","[0.6159231066703796, 0.614766001701355, 0.6161612868309021, 0.8807571530342102, 0.6186016201972961, 0.6153806447982788, 0.616788923740387, 0.6163803935050964, 0.613174557685852, 0.6164644360542297]","[0.6210877299308777, 0.6206676363945007, 0.6235350966453552, 0.6202787160873413, 0.8398239016532898, 0.6154155731201172, 0.6191466450691223, 0.6211922764778137, 0.6182060241699219, 0.6187076568603516]","[0.6193332672119141, 0.6185985207557678, 0.6208699941635132, 0.6199267506599426, 0.6152640581130981, 0.8541774749755859, 0.6175949573516846, 0.6170468330383301, 0.6150524616241455, 0.6227200031280518]","[0.6172116994857788, 0.6165065169334412, 0.6188777089118958, 0.6166274547576904, 0.6154471039772034, 0.6151084899902344, 0.8691760301589966, 0.620736300945282, 0.6155603528022766, 0.617315411567688]","[0.6143519282341003, 0.6150870323181152, 0.6166266798973083, 0.6183131337165833, 0.6159268021583557, 0.6131837964057922, 0.6202219724655151, 0.8807612657546997, 0.614050567150116, 0.6163885593414307]","[0.6192584037780762, 0.6164512634277344, 0.6225559711456299, 0.619623601436615, 0.6205224990844727, 0.6169120669364929, 0.6182971000671387, 0.6203786134719849, 0.8467437028884888, 0.6180453896522522]","[0.6157599091529846, 0.6146382689476013, 0.6196198463439941, 0.6178953647613525, 0.6179448366165161, 0.6156522035598755, 0.6174735426902771, 0.6166547536849976, 0.6126348972320557, 0.8755812048912048]"
2,0.2,10,fixed,fixed,"[0.7594225406646729, 0.6265634894371033, 0.625852108001709, 0.6271372437477112, 0.6280271410942078, 0.6277174353599548, 0.6266000270843506, 0.6267833709716797, 0.630092442035675, 0.628525972366333]","[0.6258478760719299, 0.7699586749076843, 0.625590980052948, 0.6265175342559814, 0.6269252896308899, 0.6275962591171265, 0.6255844831466675, 0.6264008283615112, 0.6266005635261536, 0.6265680193901062]","[0.6261807680130005, 0.6263660788536072, 0.7674885988235474, 0.6264796257019043, 0.626968502998352, 0.6275071501731873, 0.6257761120796204, 0.6266624927520752, 0.627031683921814, 0.6268259882926941]","[0.6261258721351624, 0.6259096264839172, 0.6256424188613892, 0.7696330547332764, 0.627018392086029, 0.627021312713623, 0.6259583830833435, 0.6268899440765381, 0.6265791058540344, 0.6267474889755249]","[0.6307038068771362, 0.6349408030509949, 0.6331492066383362, 0.6309616565704346, 0.7144867777824402, 0.6322067975997925, 0.6305541396141052, 0.6313683986663818, 0.6325750350952148, 0.6320347189903259]","[0.6257068514823914, 0.6247233152389526, 0.6252385377883911, 0.625497043132782, 0.6263118386268616, 0.7767922878265381, 0.6251276731491089, 0.6259342432022095, 0.6266815066337585, 0.6263468861579895]","[0.6285389065742493, 0.6282767057418823, 0.6282662749290466, 0.6287040710449219, 0.6304343342781067, 0.6335083842277527, 0.739124596118927, 0.6291568279266357, 0.62960284948349, 0.6294119358062744]","[0.6256593465805054, 0.625203013420105, 0.6251166462898254, 0.6259534358978271, 0.6264992952346802, 0.6264686584472656, 0.6248779296875, 0.7752231359481812, 0.6269168257713318, 0.6262801289558411]","[0.6276121735572815, 0.6268561482429504, 0.6271369457244873, 0.627743661403656, 0.6286906003952026, 0.6303373575210571, 0.6275858879089355, 0.6295026540756226, 0.7526975870132446, 0.6278212666511536]","[0.6257039308547974, 0.625415027141571, 0.6252048015594482, 0.625968873500824, 0.6272081732749939, 0.6268178820610046, 0.6254719495773315, 0.6262678503990173, 0.6269793510437012, 0.7729054689407349]"
2,0.2,3,fixed,fixed,"[0.7727062106132507, 0.6257971525192261, 0.6254815459251404, 0.6257132291793823, 0.6269209980964661, 0.6256653666496277, 0.6257580518722534, 0.6251121759414673, 0.6278054118156433, 0.6270157694816589]","[0.6243206858634949, 0.7875881195068359, 0.6245433688163757, 0.6251681447029114, 0.6255589723587036, 0.6251959204673767, 0.6241706609725952, 0.624262273311615, 0.6241264343261719, 0.6246827840805054]","[0.6246742010116577, 0.6250336170196533, 0.7864863276481628, 0.6248323917388916, 0.6253557801246643, 0.6253926157951355, 0.6243566274642944, 0.624295711517334, 0.6242421865463257, 0.6247974634170532]","[0.6248296499252319, 0.624950110912323, 0.6250595450401306, 0.7837769389152527, 0.6260175108909607, 0.6251111030578613, 0.6248764991760254, 0.6254118084907532, 0.62449049949646, 0.6246159076690674]","[0.6293444633483887, 0.6342546343803406, 0.6325390338897705, 0.6298315525054932, 0.7287995219230652, 0.6300380229949951, 0.6294724941253662, 0.6294156312942505, 0.6304794549942017, 0.6300303339958191]","[0.6245370507240295, 0.6240541338920593, 0.6252580285072327, 0.6245734691619873, 0.6252864003181458, 0.7863904237747192, 0.6246470808982849, 0.6246945261955261, 0.6248674392700195, 0.6251391172409058]","[0.6269592046737671, 0.6268284916877747, 0.6272578239440918, 0.6271803975105286, 0.6287279725074768, 0.6313680410385132, 0.7567359805107117, 0.6270041465759277, 0.6267562508583069, 0.6277492642402649]","[0.6246163249015808, 0.6245360374450684, 0.6244220733642578, 0.6254922151565552, 0.6253750920295715, 0.6249437928199768, 0.6241287589073181, 0.7858409285545349, 0.6251317858695984, 0.6249025464057922]","[0.6267869472503662, 0.6266165375709534, 0.626814603805542, 0.627031683921814, 0.628157913684845, 0.6290032267570496, 0.626928985118866, 0.6284283995628357, 0.7598432302474976, 0.6269748210906982]","[0.6246410608291626, 0.6247395277023315, 0.6247237324714661, 0.6246958374977112, 0.6257686614990234, 0.6251837015151978, 0.6249623894691467, 0.6246972680091858, 0.6251208782196045, 0.7847051620483398]"
2,0.2,1,fixed,fixed,"[0.7885110378265381, 0.624484121799469, 0.6244881749153137, 0.6236369609832764, 0.6255817413330078, 0.6230728030204773, 0.6246840953826904, 0.6236804127693176, 0.6261763572692871, 0.6255807280540466]","[0.6233294606208801, 0.8021232485771179, 0.6233366131782532, 0.6236294507980347, 0.6244223713874817, 0.6227191090583801, 0.6229883432388306, 0.6228269338607788, 0.6227732300758362, 0.6233367323875427]","[0.6237606406211853, 0.6236754655838013, 0.8017336130142212, 0.623053789138794, 0.6240310668945312, 0.6232574582099915, 0.623225748538971, 0.6226902008056641, 0.6226316094398499, 0.6233649253845215]","[0.6241486072540283, 0.6239868998527527, 0.6243966817855835, 0.7938655614852905, 0.6253253817558289, 0.6232024431228638, 0.6241055130958557, 0.6247147917747498, 0.6236017346382141, 0.6231035590171814]","[0.628283679485321, 0.6332470178604126, 0.6315321922302246, 0.6282745003700256, 0.7427552938461304, 0.6275551319122314, 0.6283849477767944, 0.627928614616394, 0.6292670369148254, 0.6283285021781921]","[0.6238972544670105, 0.6232961416244507, 0.6251111626625061, 0.6234544515609741, 0.6244855523109436, 0.7928692102432251, 0.6243909597396851, 0.6241509318351746, 0.6241680979728699, 0.6244633197784424]","[0.6256786584854126, 0.6250605583190918, 0.6258535981178284, 0.6252303719520569, 0.6270155906677246, 0.628913402557373, 0.7740463614463806, 0.6253179907798767, 0.6247948408126831, 0.6263879537582397]","[0.6235160827636719, 0.6231930255889893, 0.6229763031005859, 0.6242473125457764, 0.623888373374939, 0.6227481365203857, 0.6230180263519287, 0.8003033995628357, 0.623874306678772, 0.6234707236289978]","[0.6255857348442078, 0.6253811717033386, 0.6254211664199829, 0.6252182722091675, 0.626943051815033, 0.6266794800758362, 0.6255917549133301, 0.6271443963050842, 0.7743934988975525, 0.6257544159889221]","[0.6236454844474792, 0.6235125064849854, 0.6236149072647095, 0.6227657794952393, 0.6240923404693604, 0.6230031251907349, 0.6242145895957947, 0.6233611106872559, 0.6239145398139954, 0.7989261150360107]"
2,0.2,0.3,fixed,fixed,"[0.8017594218254089, 0.622668445110321, 0.6230729222297668, 0.6224632859230042, 0.624319314956665, 0.6216778755187988, 0.624032199382782, 0.6228649616241455, 0.6244406700134277, 0.6242817640304565]","[0.6225965023040771, 0.8102328181266785, 0.622035562992096, 0.6233195662498474, 0.6236888766288757, 0.6217671036720276, 0.622555673122406, 0.6223351359367371, 0.621639609336853, 0.622454047203064]","[0.6230441927909851, 0.6220807433128357, 0.8112947344779968, 0.6224439740180969, 0.6230491399765015, 0.6225849390029907, 0.6227831244468689, 0.6219679713249207, 0.6211804151535034, 0.6223345398902893]","[0.6226705312728882, 0.6217929720878601, 0.6225839257240295, 0.8101195693016052, 0.6239808797836304, 0.6217620968818665, 0.6230283379554749, 0.6239049434661865, 0.621877133846283, 0.621000349521637]","[0.6270402073860168, 0.6316221356391907, 0.6299900412559509, 0.627505362033844, 0.7552738785743713, 0.626156210899353, 0.6276059150695801, 0.6269441843032837, 0.6278334259986877, 0.6266502737998962]","[0.6222383975982666, 0.6210854649543762, 0.6235913634300232, 0.6222867369651794, 0.622811496257782, 0.8080921173095703, 0.6236058473587036, 0.6232722997665405, 0.6224109530448914, 0.6229724287986755]","[0.6239694356918335, 0.6224303245544434, 0.6236677765846252, 0.6238222122192383, 0.6250202655792236, 0.6272955536842346, 0.7934907078742981, 0.6238883137702942, 0.6223670840263367, 0.6248019933700562]","[0.6218368411064148, 0.6208375096321106, 0.6205998659133911, 0.6233928203582764, 0.6219685077667236, 0.6212390065193176, 0.6218193769454956, 0.8184734582901001, 0.6219991445541382, 0.6216651201248169]","[0.6243510246276855, 0.6236774921417236, 0.6236414313316345, 0.6243419647216797, 0.6258392930030823, 0.6255876421928406, 0.6247121095657349, 0.6265109181404114, 0.7862241864204407, 0.6247044801712036]","[0.6224292516708374, 0.6216312050819397, 0.6219326853752136, 0.6215866804122925, 0.6223421692848206, 0.6218673586845398, 0.6237362623214722, 0.6224895119667053, 0.6224488019943237, 0.8124661445617676]"
2,0.2,0.1,fixed,fixed,"[0.815165638923645, 0.6220637559890747, 0.6221649646759033, 0.6207595467567444, 0.622715413570404, 0.6202760338783264, 0.6224100589752197, 0.6212422251701355, 0.6238621473312378, 0.6228205561637878]","[0.6209654808044434, 0.8292533159255981, 0.6203368306159973, 0.6215736269950867, 0.6217080950737, 0.6199033856391907, 0.6202479004859924, 0.620131254196167, 0.6207572817802429, 0.6205043792724609]","[0.6219556927680969, 0.6213182806968689, 0.8254126906394958, 0.6209253072738647, 0.6213470101356506, 0.6215256452560425, 0.620991587638855, 0.6200608015060425, 0.6205077171325684, 0.6207631230354309]","[0.6215988397598267, 0.6212099194526672, 0.6216784119606018, 0.8215749859809875, 0.6226937174797058, 0.6207136511802673, 0.6213809847831726, 0.622686505317688, 0.6217086315155029, 0.6191357374191284]","[0.626076877117157, 0.6314805150032043, 0.6292284727096558, 0.6264784932136536, 0.7652296423912048, 0.6250237226486206, 0.6261301636695862, 0.6254258751869202, 0.6278291344642639, 0.6250842213630676]","[0.6205954551696777, 0.6200950145721436, 0.6225870251655579, 0.620597243309021, 0.6208051443099976, 0.823249340057373, 0.6218587160110474, 0.6215946078300476, 0.6218191981315613, 0.6213274598121643]","[0.6229984164237976, 0.6217427253723145, 0.6227208971977234, 0.6226145029067993, 0.6234151721000671, 0.6264012455940247, 0.804227352142334, 0.6223828792572021, 0.621828019618988, 0.6237840056419373]","[0.6207730174064636, 0.6203016042709351, 0.6193403601646423, 0.622614860534668, 0.6203159093856812, 0.6203303933143616, 0.6202592849731445, 0.8293801546096802, 0.6218887567520142, 0.6203058958053589]","[0.6222553253173828, 0.6223161220550537, 0.6215012073516846, 0.6220666170120239, 0.6235254406929016, 0.6236201524734497, 0.6219945549964905, 0.6242014765739441, 0.8083263635635376, 0.6226234436035156]","[0.6213448643684387, 0.621086061000824, 0.6208829283714294, 0.620002806186676, 0.6203768849372864, 0.6208490133285522, 0.622411847114563, 0.6209360361099243, 0.6222645044326782, 0.8245638012886047]"
2,0.2,0.03,fixed,fixed,"[0.8305558562278748, 0.6203468441963196, 0.6209653615951538, 0.619033932685852, 0.6218423247337341, 0.6185169816017151, 0.6216179132461548, 0.6198631525039673, 0.621381938457489, 0.6216772794723511]","[0.620269775390625, 0.8397245407104492, 0.6192245483398438, 0.6206830143928528, 0.6213350296020508, 0.6185606122016907, 0.619648277759552, 0.6190491914749146, 0.6188502907752991, 0.6197505593299866]","[0.6211884617805481, 0.6197075247764587, 0.8384549021720886, 0.6196487545967102, 0.6206396818161011, 0.6203721761703491, 0.6202940940856934, 0.6186625957489014, 0.6181973218917847, 0.6197737455368042]","[0.6206465363502502, 0.619576632976532, 0.6205432415008545, 0.8343647122383118, 0.6221984028816223, 0.6193691492080688, 0.6206256151199341, 0.6217728853225708, 0.6196993589401245, 0.6176521182060242]","[0.624652087688446, 0.6297069191932678, 0.6276566982269287, 0.6249101161956787, 0.7826974391937256, 0.6230155825614929, 0.6249656677246094, 0.6236326694488525, 0.625403642654419, 0.6233185529708862]","[0.6193238496780396, 0.6183062791824341, 0.6216040253639221, 0.6191988587379456, 0.6198437213897705, 0.8367102742195129, 0.6212545037269592, 0.6204736828804016, 0.6196387410163879, 0.6203134655952454]","[0.6215118765830994, 0.6193700432777405, 0.6209094524383545, 0.6208110451698303, 0.6219679713249207, 0.6245759725570679, 0.8241041302680969, 0.6205483675003052, 0.6188144087791443, 0.6225103139877319]","[0.6196272969245911, 0.6185142397880554, 0.6176512241363525, 0.6216737627983093, 0.619255006313324, 0.6189245581626892, 0.6193899512290955, 0.8439335227012634, 0.6197364330291748, 0.6191253662109375]","[0.6216914653778076, 0.621316134929657, 0.6205441355705261, 0.6212432980537415, 0.6234158277511597, 0.6227692365646362, 0.6215817928314209, 0.6236094236373901, 0.814900815486908, 0.6223340630531311]","[0.620124876499176, 0.619235634803772, 0.619348406791687, 0.61820387840271, 0.618950366973877, 0.6192792654037476, 0.6217234134674072, 0.6194331049919128, 0.6199843883514404, 0.8410391807556152]"
2,0.2,0.01,fixed,fixed,"[0.8419365286827087, 0.6200686097145081, 0.6204652190208435, 0.6173134446144104, 0.6206563711166382, 0.6172450184822083, 0.620381236076355, 0.6188100576400757, 0.620189368724823, 0.6205987334251404]","[0.6186357140541077, 0.8567228317260742, 0.6179828643798828, 0.6189709901809692, 0.6198191046714783, 0.6168758273124695, 0.6177750825881958, 0.6174641251564026, 0.6174008250236511, 0.6182325482368469]","[0.6197068095207214, 0.6193807721138, 0.8548240661621094, 0.6173188090324402, 0.6190145611763, 0.619099497795105, 0.6185469627380371, 0.6169862747192383, 0.6165695786476135, 0.6182440519332886]","[0.6214890480041504, 0.623246967792511, 0.6221117973327637, 0.8205611109733582, 0.623239278793335, 0.6202870607376099, 0.6212586760520935, 0.6230459213256836, 0.6207873821258545, 0.618476390838623]","[0.6232916116714478, 0.629342257976532, 0.6269579529762268, 0.6234554052352905, 0.7950450778007507, 0.6216678619384766, 0.6235302686691284, 0.6223390698432922, 0.6244382262229919, 0.6217922568321228]","[0.6174895763397217, 0.6174718737602234, 0.6208662986755371, 0.6177115440368652, 0.6181163191795349, 0.8512253761291504, 0.6197516918182373, 0.6192245483398438, 0.6182914972305298, 0.6189097762107849]","[0.6201484203338623, 0.619242787361145, 0.6200300455093384, 0.6192784309387207, 0.6204404830932617, 0.6234689354896545, 0.8362396359443665, 0.6192724108695984, 0.6173209547996521, 0.6215326189994812]","[0.6180416941642761, 0.6182372570037842, 0.6163321137428284, 0.6201584339141846, 0.6175506711006165, 0.6176741719245911, 0.6177456378936768, 0.858212411403656, 0.6185402274131775, 0.6176791787147522]","[0.6199646592140198, 0.62115079164505, 0.6192328333854675, 0.6192444562911987, 0.6219387054443359, 0.6213503479957581, 0.6196706295013428, 0.6222884654998779, 0.8297422528266907, 0.6210545301437378]","[0.6186625957489014, 0.6189125180244446, 0.6183807849884033, 0.6162104606628418, 0.6170793771743774, 0.6180627346038818, 0.6204565763473511, 0.6181235313415527, 0.6188579201698303, 0.854949951171875]"
2,0.2,0.003,fixed,fixed,"[0.8542518615722656, 0.6184322237968445, 0.6190463304519653, 0.6162364482879639, 0.6197405457496643, 0.6163720488548279, 0.6192497611045837, 0.6173466444015503, 0.61921226978302, 0.6198002099990845]","[0.617737889289856, 0.8655532002449036, 0.6165302991867065, 0.61860591173172, 0.6192802786827087, 0.6162983179092407, 0.6167149543762207, 0.6161768436431885, 0.6168739199638367, 0.6177026033401489]","[0.618959367275238, 0.6179515719413757, 0.8634569048881531, 0.6167920231819153, 0.6183655858039856, 0.6189311146736145, 0.6176109910011292, 0.6156068444252014, 0.6158633232116699, 0.6177003979682922]","[0.6199017763137817, 0.621138334274292, 0.6202028393745422, 0.8366413116455078, 0.6221457123756409, 0.6192725896835327, 0.6196099519729614, 0.6214924454689026, 0.6197252869606018, 0.6167848110198975]","[0.6217621564865112, 0.6276242136955261, 0.6251433491706848, 0.6225100159645081, 0.8099011778831482, 0.6205222606658936, 0.6220028400421143, 0.6204380393028259, 0.6234902143478394, 0.6203499436378479]","[0.6154224276542664, 0.6150494813919067, 0.6189475059509277, 0.6162443161010742, 0.6163977384567261, 0.8705529570579529, 0.6180914640426636, 0.6173027753829956, 0.6168978214263916, 0.6175242066383362]","[0.6187804341316223, 0.6171498894691467, 0.6181991100311279, 0.6183208227157593, 0.6191502809524536, 0.6227274537086487, 0.850858211517334, 0.6175534129142761, 0.6160103678703308, 0.6208012700080872]","[0.6168231964111328, 0.6165385246276855, 0.6144343018531799, 0.6198702454566956, 0.6164553761482239, 0.6171607375144958, 0.6165453791618347, 0.8698089718818665, 0.6178973913192749, 0.6168521046638489]","[0.6181413531303406, 0.6190509796142578, 0.6168782114982605, 0.617888867855072, 0.620606005191803, 0.6202051639556885, 0.6177400946617126, 0.6204317212104797, 0.8477087020874023, 0.6199295520782471]","[0.6170488595962524, 0.6168302893638611, 0.6163144707679749, 0.6147466897964478, 0.6152997612953186, 0.6170645356178284, 0.6191139817237854, 0.6162238121032715, 0.6177663207054138, 0.8723604083061218]"
2,0.2,0.001,fixed,fixed,"[0.866879940032959, 0.6172565817832947, 0.6182575225830078, 0.6145423650741577, 0.6182062029838562, 0.6154926419258118, 0.6176567077636719, 0.6164703369140625, 0.6184227466583252, 0.618704617023468]","[0.6165146231651306, 0.8787420392036438, 0.6153717041015625, 0.6172862648963928, 0.617785632610321, 0.6153779625892639, 0.6148571372032166, 0.6151401996612549, 0.6161971092224121, 0.6165394186973572]","[0.6177623271942139, 0.6165226101875305, 0.8781210780143738, 0.6151875257492065, 0.6166375875473022, 0.6182946562767029, 0.615753173828125, 0.6143550872802734, 0.6148841381072998, 0.6163992285728455]","[0.6187977194786072, 0.6199626922607422, 0.6193966865539551, 0.8474008440971375, 0.6209050416946411, 0.6187231540679932, 0.6179722547531128, 0.6209974884986877, 0.6193221211433411, 0.6152697205543518]","[0.6207219362258911, 0.626844048500061, 0.6244372725486755, 0.6214247345924377, 0.819599449634552, 0.6198485493659973, 0.6204924583435059, 0.6196024417877197, 0.6232069730758667, 0.6190900206565857]","[0.6133857369422913, 0.6131072640419006, 0.6176774501800537, 0.6141783595085144, 0.6140803694725037, 0.8902058005332947, 0.6159884333610535, 0.6159865856170654, 0.6157099008560181, 0.615859866142273]","[0.6177728772163391, 0.6158671379089355, 0.6173478960990906, 0.6170943975448608, 0.6175912618637085, 0.622327983379364, 0.8613408207893372, 0.6167709827423096, 0.6152366995811462, 0.6201213598251343]","[0.6151883602142334, 0.6148732900619507, 0.6127405762672424, 0.6185355186462402, 0.6143145561218262, 0.6162129044532776, 0.6144565939903259, 0.8870483636856079, 0.6170139312744141, 0.6153006553649902]","[0.6162031292915344, 0.6172849535942078, 0.6150279641151428, 0.6157891154289246, 0.6185281872749329, 0.6189265847206116, 0.6152222752571106, 0.619035005569458, 0.8677358031272888, 0.6183806657791138]","[0.615678608417511, 0.6154413819313049, 0.6151112914085388, 0.612898588180542, 0.6131355166435242, 0.6162915825843811, 0.6175417304039001, 0.6151439547538757, 0.6170939207077026, 0.8873388171195984]"
4,0.4,10,fixed,paper,"[2.2361068725585938, 0.995368242263794, 0.9992420673370361, 0.9937247037887573, 0.9980178475379944, 1.0001176595687866, 1.0003089904785156, 1.0026484727859497, 0.9983828663825989, 0.9965378642082214]","[0.9949735403060913, 2.254354238510132, 0.9951581358909607, 0.9919884204864502, 0.9962196350097656, 1.003713846206665, 0.9973065853118896, 0.9992587566375732, 0.994757354259491, 0.9952046871185303]","[0.9957555532455444, 0.9961691498756409, 2.2448196411132812, 0.9920052886009216, 0.9987116456031799, 1.002411127090454, 1.0026215314865112, 0.9962093830108643, 0.9973127841949463, 0.9957248568534851]","[1.0024815797805786, 1.0003814697265625, 1.0074784755706787, 2.1660783290863037, 1.0041968822479248, 1.0119476318359375, 1.009133219718933, 1.0027803182601929, 1.0025569200515747, 1.00606369972229]","[1.0083365440368652, 1.0054806470870972, 1.0056575536727905, 1.003806233406067, 2.1583991050720215, 1.0116232633590698, 1.0048248767852783, 1.0037343502044678, 1.0063707828521729, 1.0037486553192139]","[1.0011956691741943, 1.0012115240097046, 1.0050064325332642, 1.001686930656433, 1.0024350881576538, 2.183438777923584, 1.0049467086791992, 1.0048906803131104, 1.0069756507873535, 1.002551794052124]","[0.9941502213478088, 0.9956961274147034, 0.9944174289703369, 0.99671471118927, 0.9986262917518616, 0.9996269345283508, 2.25956130027771, 0.9948408603668213, 0.9950708150863647, 0.9945234060287476]","[1.0013021230697632, 1.00267493724823, 0.9998941421508789, 0.9983686208724976, 1.0010337829589844, 1.0079145431518555, 1.0010415315628052, 2.205080986022949, 0.9982796907424927, 1.0012773275375366]","[1.0058766603469849, 1.0057199001312256, 1.0072965621948242, 1.004752516746521, 1.0039721727371216, 1.0069735050201416, 1.0062369108200073, 1.0063828229904175, 2.163095712661743, 1.001915454864502]","[1.0006613731384277, 0.9984877705574036, 0.9993587136268616, 0.9956021308898926, 1.0063961744308472, 1.0053036212921143, 1.003038763999939, 0.9988610148429871, 1.0041550397872925, 2.20527982711792]"
4,0.4,3,fixed,paper,"[2.254822015762329, 0.9947041869163513, 0.9969640374183655, 0.9928078651428223, 0.9947906732559204, 0.9967554211616516, 0.9979008436203003, 1.0010803937911987, 0.9972094297409058, 0.9956676363945007]","[0.9937388896942139, 2.274324655532837, 0.9931093454360962, 0.9908359050750732, 0.9925287365913391, 1.0010768175125122, 0.9947673678398132, 0.9977588653564453, 0.9927724599838257, 0.9945836067199707]","[0.994642972946167, 0.9951168894767761, 2.260333299636841, 0.9913288950920105, 0.9954624176025391, 0.999860405921936, 1.0001133680343628, 0.9956241250038147, 0.9958475828170776, 0.9951846599578857]","[1.0008236169815063, 0.9993859529495239, 1.0047074556350708, 2.187140941619873, 1.0009106397628784, 1.0090936422348022, 1.005845308303833, 1.0010058879852295, 1.0012332201004028, 1.0048896074295044]","[1.0095120668411255, 1.007716417312622, 1.006697654724121, 1.0063605308532715, 2.140216112136841, 1.0112652778625488, 1.005325198173523, 1.0054441690444946, 1.0087890625, 1.0088499784469604]","[1.0013700723648071, 1.0008713006973267, 1.0042388439178467, 1.0017777681350708, 0.9996291399002075, 2.192559242248535, 1.0025252103805542, 1.003859281539917, 1.0063852071762085, 1.0020711421966553]","[0.9939460754394531, 0.9956334829330444, 0.9929420948028564, 0.9965311288833618, 0.9965085387229919, 0.9972021579742432, 2.2697157859802246, 0.9941417574882507, 0.9941690564155579, 0.9937010407447815]","[0.9995989799499512, 1.0017400979995728, 0.9987417459487915, 0.9971937537193298, 0.9976993203163147, 1.0047287940979004, 0.9984508156776428, 2.2244436740875244, 0.9964532256126404, 0.9999532103538513]","[1.0042908191680908, 1.0042506456375122, 1.0050065517425537, 1.0037795305252075, 1.00030517578125, 1.0044927597045898, 1.0032246112823486, 1.0044986009597778, 2.183126211166382, 1.001240849494934]","[0.9997899532318115, 0.9983483552932739, 0.9983437061309814, 0.9951713681221008, 1.0035103559494019, 1.002448320388794, 1.0005440711975098, 0.9971991777420044, 1.0035643577575684, 2.219620704650879]"
4,0.4,1,fixed,paper,"[2.266876459121704, 0.9925805330276489, 0.9966952800750732, 0.992477536201477, 0.9940618872642517, 0.9952257871627808, 0.9962354302406311, 0.9999240636825562, 0.9969345331192017, 0.9932956695556641]","[0.9922574758529663, 2.2806386947631836, 0.9939233064651489, 0.9904322624206543, 0.992408037185669, 1.000504493713379, 0.9933170080184937, 0.9967708587646484, 0.9924703240394592, 0.9936171770095825]","[0.9917218685150146, 0.9911384582519531, 2.2850751876831055, 0.9899192452430725, 0.9938747882843018, 0.9978223443031311, 0.9970304369926453, 0.9941287636756897, 0.993963897228241, 0.9921650886535645]","[0.9979779124259949, 0.9959736466407776, 1.003729224205017, 2.208592176437378, 0.9991540312767029, 1.00798761844635, 1.003143548965454, 0.9987742900848389, 0.9999213814735413, 1.0022931098937988]","[1.0063687562942505, 1.0048880577087402, 1.0057848691940308, 1.0050663948059082, 2.160184621810913, 1.0089911222457886, 1.0026437044143677, 1.0039136409759521, 1.0077661275863647, 1.006385326385498]","[0.9998176693916321, 0.9978992342948914, 1.004243016242981, 1.0012197494506836, 0.9981172680854797, 2.209683895111084, 0.9996157288551331, 1.0020065307617188, 1.0054603815078735, 0.999258279800415]","[0.992210328578949, 0.9937463998794556, 0.9928280711174011, 0.9958778023719788, 0.9956264495849609, 0.9963240027427673, 2.280431032180786, 0.9935280084609985, 0.9938392043113708, 0.9915618300437927]","[0.9968074560165405, 0.9994825124740601, 0.9990335702896118, 0.9958555698394775, 0.9965964555740356, 1.0031533241271973, 0.9957560300827026, 2.242114305496216, 0.9947896599769592, 0.9975578784942627]","[1.0014255046844482, 1.0006388425827026, 1.0039355754852295, 1.002602458000183, 0.9989500641822815, 1.0030516386032104, 1.000166416168213, 1.0022376775741577, 2.204556703567505, 0.9989833831787109]","[0.997927188873291, 0.9962558746337891, 0.9988332390785217, 0.9948245882987976, 1.0027642250061035, 1.0009227991104126, 0.9982917308807373, 0.9954484701156616, 1.0033704042434692, 2.231340169906616]"
4,0.4,0.3,fixed,paper,"[2.28232741355896, 0.9916770458221436, 0.995856523513794, 0.9914445281028748, 0.993618369102478, 0.9920662045478821, 0.9955018162727356, 0.998401939868927, 0.9950661063194275, 0.9904886484146118]","[0.9907273650169373, 2.2964866161346436, 0.9938482642173767, 0.9891057014465332, 0.9916558265686035, 0.9977942705154419, 0.9923944473266602, 0.9952588677406311, 0.9897340536117554, 0.9915345907211304]","[0.9896557331085205, 0.9891312718391418, 2.3062210083007812, 0.9884066581726074, 0.9931416511535645, 0.9949056506156921, 0.9954811930656433, 0.9928653240203857, 0.9907498955726624, 0.9893101453781128]","[0.9959293007850647, 0.9942981600761414, 1.0038844347000122, 2.2278151512145996, 0.9979890584945679, 1.0052504539489746, 1.0019173622131348, 0.9967207312583923, 0.9962475299835205, 0.999803364276886]","[1.0043612718582153, 1.0034573078155518, 1.0059584379196167, 1.0040955543518066, 2.1750845909118652, 1.0061957836151123, 1.0023143291473389, 1.0027267932891846, 1.0049211978912354, 1.0042310953140259]","[1.0014338493347168, 0.9995357990264893, 1.0062191486358643, 1.0028630495071411, 1.002642035484314, 2.194209098815918, 1.0011171102523804, 1.002783179283142, 1.005551815032959, 0.9991974234580994]","[0.9904187917709351, 0.99226975440979, 0.9918795228004456, 0.994212806224823, 0.9945001602172852, 0.9937243461608887, 2.299492359161377, 0.9922370910644531, 0.9912801384925842, 0.9886785745620728]","[0.9946258664131165, 0.998285710811615, 0.9993861317634583, 0.9941710233688354, 0.9960628151893616, 1.000382900238037, 0.9943493604660034, 2.2595741748809814, 0.991528332233429, 0.9950818419456482]","[1.0027309656143188, 1.0020942687988281, 1.0090886354446411, 1.0046792030334473, 1.0011446475982666, 1.0038142204284668, 1.00205397605896, 1.0038156509399414, 2.1846771240234375, 1.0004810094833374]","[0.9967173337936401, 0.9957720637321472, 0.9986611604690552, 0.9941726922988892, 1.0028722286224365, 0.9985162019729614, 0.9973704218864441, 0.9937315583229065, 1.001038670539856, 2.242469072341919]"
4,0.4,0.1,fixed,paper,"[2.268723726272583, 0.9930346608161926, 0.999607264995575, 0.992047131061554, 0.9949257373809814, 0.993219792842865, 0.997372567653656, 1.0003796815872192, 0.9960935115814209, 0.9895185232162476]","[0.9872248768806458, 2.3151583671569824, 0.9927448034286499, 0.9871476888656616, 0.9901648759841919, 0.9965428113937378, 0.991351842880249, 0.9943728446960449, 0.9878597855567932, 0.9889036417007446]","[0.9853388071060181, 0.9873489737510681, 2.328512191772461, 0.986271858215332, 0.991528332233429, 0.9930937886238098, 0.9947389364242554, 0.992235004901886, 0.9887447357177734, 0.9856808185577393]","[0.9927092790603638, 0.9935035705566406, 1.003651738166809, 2.2416439056396484, 0.9965395927429199, 1.0040643215179443, 1.001418113708496, 0.9958449602127075, 0.9953171014785767, 0.9970524311065674]","[1.0009262561798096, 1.0021393299102783, 1.0052292346954346, 1.0019609928131104, 2.193032741546631, 1.0040315389633179, 1.0009418725967407, 1.001947045326233, 1.003658413887024, 1.0013747215270996]","[0.9985232949256897, 0.9982517957687378, 1.005338430404663, 1.0012825727462769, 1.000805139541626, 2.210333824157715, 1.0007057189941406, 1.0015045404434204, 1.0042074918746948, 0.9965053200721741]","[0.9876823425292969, 0.9914064407348633, 0.9908203482627869, 0.9925076365470886, 0.9931043982505798, 0.991972029209137, 2.3174827098846436, 0.9914337396621704, 0.9897717833518982, 0.985291063785553]","[0.9898671507835388, 0.9970867037773132, 0.9985703825950623, 0.9916411638259888, 0.9944632649421692, 0.9985617995262146, 0.9936710000038147, 2.2825093269348145, 0.9892746806144714, 0.9911378026008606]","[0.9994626641273499, 1.000320315361023, 1.0080597400665283, 1.002673864364624, 0.9996619820594788, 1.0024932622909546, 1.0012181997299194, 1.0023242235183716, 2.20304012298584, 0.997428297996521]","[0.9961801767349243, 0.9974469542503357, 0.9998788833618164, 0.994317889213562, 1.0037728548049927, 0.9998297095298767, 1.0015233755111694, 0.995100736618042, 1.0024933815002441, 2.2292840480804443]"
4,0.4,0.03,fixed,paper,"[2.285611152648926, 0.9917018413543701, 0.9974902272224426, 0.9910241365432739, 0.9935041666030884, 0.9914476275444031, 0.9960595965385437, 0.9994335174560547, 0.9929518103599548, 0.9880061745643616]","[0.9861321449279785, 2.329537868499756, 0.9905784726142883, 0.9861611723899841, 0.9889450073242188, 0.9957606196403503, 0.9903163909912109, 0.9937679767608643, 0.9840173125267029, 0.9886376261711121]","[0.9840936660766602, 0.9856246113777161, 2.3408544063568115, 0.9854784607887268, 0.9905555844306946, 0.9921232461929321, 0.9943567514419556, 0.9922533631324768, 0.9850300550460815, 0.9852321147918701]","[0.9907773733139038, 0.9914067983627319, 1.0013591051101685, 2.260962724685669, 0.9946418404579163, 1.0032591819763184, 1.0003212690353394, 0.9943774938583374, 0.9915059804916382, 0.9958239197731018]","[0.9987756609916687, 1.000311017036438, 1.0024657249450684, 1.0006016492843628, 2.2119038105010986, 1.0021425485610962, 0.999290943145752, 1.0012500286102295, 1.0000605583190918, 1.0004833936691284]","[0.9975860714912415, 0.9962670207023621, 1.003546118736267, 1.000285029411316, 0.9988523721694946, 2.2275137901306152, 0.9989214539527893, 1.0001202821731567, 1.0008641481399536, 0.9954332113265991]","[0.9860142469406128, 0.9895163178443909, 0.9877901673316956, 0.990869402885437, 0.9912359714508057, 0.990554928779602, 2.3372318744659424, 0.9907336831092834, 0.9865115284919739, 0.9840599298477173]","[0.9875256419181824, 0.9951878190040588, 0.9966415762901306, 0.989699125289917, 0.9927489757537842, 0.9968262910842896, 0.9930031299591064, 2.3039746284484863, 0.9839382767677307, 0.9905585646629333]","[0.9991720914840698, 1.0002137422561646, 1.0082895755767822, 1.0035264492034912, 1.0000584125518799, 1.003483772277832, 1.0023455619812012, 1.00350821018219, 2.1944336891174316, 1.0006519556045532]","[0.9942911863327026, 0.9957451224327087, 0.9974222779273987, 0.9928881525993347, 1.0019437074661255, 0.997669517993927, 0.9999797344207764, 0.9931755065917969, 0.9992194771766663, 2.249976873397827]"
4,0.4,0.01,fixed,paper,"[2.297333240509033, 0.9909759163856506, 0.9964287877082825, 0.9897813200950623, 0.9908115863800049, 0.990355372428894, 0.995427131652832, 0.9992694854736328, 0.9917253255844116, 0.9868862628936768]","[0.9841468930244446, 2.3451290130615234, 0.989501953125, 0.9844427704811096, 0.9856494069099426, 0.9951438903808594, 0.9893555641174316, 0.993432879447937, 0.9817445874214172, 0.9880535006523132]","[0.9815698862075806, 0.983608603477478, 2.3601739406585693, 0.983564555644989, 0.9870247840881348, 0.9909319877624512, 0.993441641330719, 0.9921510815620422, 0.9826092720031738, 0.9838718175888062]","[0.9883689284324646, 0.9898205399513245, 1.000040888786316, 2.2759335041046143, 0.9915704727172852, 1.0030335187911987, 0.9997873902320862, 0.993596076965332, 0.9896972179412842, 0.994926929473877]","[0.9981971979141235, 1.0010149478912354, 1.0030910968780518, 1.00084388256073, 2.2006149291992188, 1.003462553024292, 1.0029935836791992, 1.0034068822860718, 1.0009952783584595, 1.0014797449111938]","[0.9957159757614136, 0.9943387508392334, 1.0024571418762207, 0.9985148906707764, 0.9957895278930664, 2.2463550567626953, 0.9973794221878052, 0.998967707157135, 0.9986924529075623, 0.9935765266418457]","[0.9835874438285828, 0.9878545999526978, 0.9862130880355835, 0.9886331558227539, 0.9880750179290771, 0.9894371032714844, 2.3563027381896973, 0.9904349446296692, 0.9845573902130127, 0.9825004935264587]","[0.9843175411224365, 0.9934074878692627, 0.9957274198532104, 0.987051248550415, 0.9880964159965515, 0.9952823519706726, 0.9910570383071899, 2.329347610473633, 0.9809290170669556, 0.9890086054801941]","[0.9967227578163147, 0.998329758644104, 1.0068538188934326, 1.0018670558929443, 0.9974203705787659, 1.002903938293457, 1.0018154382705688, 1.002677321434021, 2.2087273597717285, 1.0000653266906738]","[0.9916868805885315, 0.9943130016326904, 0.9963908195495605, 0.990901529788971, 0.9989110827445984, 0.9958518147468567, 0.9991209506988525, 0.9916971921920776, 0.9973453283309937, 2.2685093879699707]"
4,0.4,0.003,fixed,paper,"[2.3115243911743164, 0.9898784160614014, 0.9952825307846069, 0.9893708229064941, 0.9885839819908142, 0.9889244437217712, 0.994827151298523, 0.9982346892356873, 0.9909753799438477, 0.9836888313293457]","[0.9826115965843201, 2.3592276573181152, 0.9886031746864319, 0.9838212132453918, 0.9833758473396301, 0.9944512248039246, 0.9886468648910522, 0.9924918413162231, 0.980215311050415, 0.9856542348861694]","[0.9793877601623535, 0.9813778400421143, 2.3803486824035645, 0.9826374650001526, 0.9845012426376343, 0.9895565509796143, 0.9919909238815308, 0.9913303256034851, 0.9808213114738464, 0.9805881977081299]","[0.9858516454696655, 0.9875688552856445, 0.9983415603637695, 2.298083782196045, 0.988475501537323, 1.0021709203720093, 0.9983094334602356, 0.9916497468948364, 0.9880707263946533, 0.9916559457778931]","[0.996131181716919, 0.9996985793113708, 1.0022006034851074, 1.0003738403320312, 2.2122373580932617, 1.002190351486206, 1.0022763013839722, 1.0028935670852661, 1.0003989934921265, 0.9990842342376709]","[0.9943720698356628, 0.9923818111419678, 1.0016220808029175, 0.9979181885719299, 0.9928222894668579, 2.265169620513916, 0.9955891966819763, 0.9972873330116272, 0.9973400831222534, 0.9899848103523254]","[0.9816017150878906, 0.9860774874687195, 0.9848047494888306, 0.9874851703643799, 0.9852772355079651, 0.9882345795631409, 2.3754851818084717, 0.9895195364952087, 0.9833356738090515, 0.9791191220283508]","[0.9817820191383362, 0.9917409420013428, 0.9952090978622437, 0.9857228994369507, 0.9855738282203674, 0.9938849806785583, 0.9895121455192566, 2.3494558334350586, 0.9788855910301208, 0.985866129398346]","[0.9943668246269226, 0.9959825277328491, 1.0052392482757568, 1.000946044921875, 0.9949012398719788, 1.0018891096115112, 1.000162959098816, 1.00088369846344, 2.2281229496002197, 0.9973047971725464]","[0.9909052848815918, 0.9933661222457886, 0.9966925382614136, 0.9907243847846985, 0.9974356293678284, 0.9949781894683838, 0.9982280731201172, 0.9908583164215088, 0.9969068169593811, 2.2755589485168457]"
4,0.4,0.001,fixed,paper,"[2.3294663429260254, 0.9874728322029114, 0.9931724071502686, 0.9878569841384888, 0.9880055785179138, 0.9864216446876526, 0.9941509962081909, 0.9966128468513489, 0.9897629618644714, 0.9812145233154297]","[0.9819563627243042, 2.3650753498077393, 0.9878647327423096, 0.9827991127967834, 0.9843500852584839, 0.9930440783500671, 0.9892657399177551, 0.9917780756950378, 0.9795566201210022, 0.9843661785125732]","[0.978134274482727, 0.978338897228241, 2.396153688430786, 0.9812539219856262, 0.9842734932899475, 0.9877559542655945, 0.9911131262779236, 0.9905673861503601, 0.979219913482666, 0.9786745309829712]","[0.9843239784240723, 0.984746515750885, 0.9963861703872681, 2.3148343563079834, 0.9877398610115051, 1.0009418725967407, 0.9974653720855713, 0.9898263216018677, 0.9866918325424194, 0.9898159503936768]","[0.9936121702194214, 0.9967502355575562, 0.9996094107627869, 0.9980655312538147, 2.2361180782318115, 0.9991111755371094, 1.0007479190826416, 1.0010563135147095, 0.9986056089401245, 0.9966748952865601]","[0.9940004348754883, 0.9898719191551208, 1.0005136728286743, 0.9969106912612915, 0.9921990633010864, 2.278806209564209, 0.9944198727607727, 0.9957148432731628, 0.9962201714515686, 0.9878115653991699]","[0.9800572395324707, 0.9836468696594238, 0.9825919270515442, 0.9853954315185547, 0.984290361404419, 0.9861195087432861, 2.395761728286743, 0.9881764054298401, 0.9818127155303955, 0.976622462272644]","[0.9799442291259766, 0.9896882176399231, 0.9941385984420776, 0.9837093353271484, 0.9851165413856506, 0.9918315410614014, 0.9883093237876892, 2.367199659347534, 0.9767999053001404, 0.9838628172874451]","[0.992667555809021, 0.9928096532821655, 1.003035545349121, 0.9992964863777161, 0.9944064617156982, 1.0001752376556396, 0.9988114237785339, 0.9988800287246704, 2.2462806701660156, 0.9956402778625488]","[0.9897852540016174, 0.9912785887718201, 0.9956232905387878, 0.9894831776618958, 0.9971266388893127, 0.992766261100769, 0.9972561597824097, 0.9889419674873352, 0.9960629343986511, 2.2893569469451904]"
3,0.2,10,fixed,fixed,"[0.7651163935661316, 0.6266412734985352, 0.6268665194511414, 0.628229022026062, 0.626713216304779, 0.6261122226715088, 0.6269755363464355, 0.6265555620193481, 0.6268234252929688, 0.6270113587379456]","[0.6282716393470764, 0.7529801726341248, 0.627761960029602, 0.6280285120010376, 0.628058910369873, 0.6278167366981506, 0.6289463043212891, 0.6271456480026245, 0.6275858879089355, 0.6292300820350647]","[0.62734055519104, 0.6268733143806458, 0.7629753351211548, 0.6272638440132141, 0.6281639337539673, 0.6262967586517334, 0.6272019743919373, 0.6267786622047424, 0.6269735097885132, 0.6269367933273315]","[0.6275311708450317, 0.6268508434295654, 0.6275365352630615, 0.7609674334526062, 0.6271939277648926, 0.626515805721283, 0.6272212266921997, 0.6275259256362915, 0.6269775629043579, 0.6282734274864197]","[0.6267238855361938, 0.6263768672943115, 0.6263388395309448, 0.6266425848007202, 0.7710289359092712, 0.6254822015762329, 0.6267682909965515, 0.6259598135948181, 0.6261904239654541, 0.6261444091796875]","[0.6279085278511047, 0.627683162689209, 0.6278324127197266, 0.6280176043510437, 0.6277596354484558, 0.7568389177322388, 0.6284863352775574, 0.6270745992660522, 0.6274212002754211, 0.6271381974220276]","[0.6264014840126038, 0.6258037090301514, 0.6258726119995117, 0.6262297630310059, 0.6258708834648132, 0.6251251697540283, 0.7759000658988953, 0.6255617141723633, 0.6257781386375427, 0.6256561875343323]","[0.6274200677871704, 0.6269076466560364, 0.6270700097084045, 0.6282773613929749, 0.6268340945243835, 0.6262574791908264, 0.6271274089813232, 0.7633852362632751, 0.6269363164901733, 0.626642644405365]","[0.6266547441482544, 0.6260679364204407, 0.6262065768241882, 0.626498818397522, 0.6262494921684265, 0.6255531311035156, 0.6265329122543335, 0.6259972453117371, 0.7720118165016174, 0.6259821653366089]","[0.6281481981277466, 0.6269603371620178, 0.6272540092468262, 0.6272987723350525, 0.6273762583732605, 0.6263503432273865, 0.6272481679916382, 0.6267149448394775, 0.6270493268966675, 0.7623332142829895]"
3,0.2,3,fixed,fixed,"[0.7770517468452454, 0.6259768605232239, 0.6253722906112671, 0.6266720294952393, 0.6252336502075195, 0.6255607604980469, 0.6251591444015503, 0.6255011558532715, 0.6256837248802185, 0.6261414289474487]","[0.6268267631530762, 0.7677702307701111, 0.625976026058197, 0.6261984705924988, 0.6261869668960571, 0.627352237701416, 0.6268233060836792, 0.6257184743881226, 0.6265497803688049, 0.6279736161231995]","[0.6261397004127502, 0.6261168122291565, 0.7721495628356934, 0.6256364583969116, 0.6269344091415405, 0.6263629794120789, 0.6256349086761475, 0.626084566116333, 0.6263914108276367, 0.6263297200202942]","[0.6265549659729004, 0.626115620136261, 0.6257691979408264, 0.7713896036148071, 0.6257025003433228, 0.6260541677474976, 0.625983476638794, 0.6266207695007324, 0.6260490417480469, 0.6274875998497009]","[0.6255517601966858, 0.6254543662071228, 0.6250008344650269, 0.6253227591514587, 0.7802072763442993, 0.6258360147476196, 0.6257231831550598, 0.6249363422393799, 0.6252434849739075, 0.6254199147224426]","[0.6255930662155151, 0.6257643103599548, 0.6254550814628601, 0.6253039836883545, 0.6258866786956787, 0.7774781584739685, 0.6261502504348755, 0.6255513429641724, 0.6254239678382874, 0.6257651448249817]","[0.6250423789024353, 0.6249427795410156, 0.6244179606437683, 0.6247618794441223, 0.6249182820320129, 0.6253741383552551, 0.785189688205719, 0.6247345805168152, 0.6247493624687195, 0.6251540184020996]","[0.6257655024528503, 0.6256476640701294, 0.6253838539123535, 0.6265248656272888, 0.6247856020927429, 0.6257884502410889, 0.6252145171165466, 0.7779549956321716, 0.6255611777305603, 0.6258302927017212]","[0.6249490976333618, 0.6252291202545166, 0.6248151063919067, 0.6247296929359436, 0.6244479417800903, 0.6250560283660889, 0.6244446039199829, 0.6246481537818909, 0.7862966656684875, 0.6248012185096741]","[0.6262450218200684, 0.6254345774650574, 0.6252824068069458, 0.6252981424331665, 0.6253004670143127, 0.6256543397903442, 0.6251898407936096, 0.6253758668899536, 0.6253131628036499, 0.7795202136039734]"
3,0.2,1,fixed,fixed,"[0.7878090739250183, 0.625263512134552, 0.62504643201828, 0.6256592273712158, 0.6245216727256775, 0.6236263513565063, 0.6237246990203857, 0.6249240040779114, 0.6245614886283875, 0.6245467662811279]","[0.6253595352172852, 0.781032919883728, 0.6253669261932373, 0.6249210238456726, 0.6250910758972168, 0.6256346702575684, 0.6250905990600586, 0.6247768998146057, 0.62553870677948, 0.6260010004043579]","[0.6240021586418152, 0.6244056224822998, 0.7906514406204224, 0.6236472725868225, 0.6255655288696289, 0.6242518424987793, 0.6235424876213074, 0.6249606609344482, 0.6249188184738159, 0.6240910291671753]","[0.6250985860824585, 0.6248820424079895, 0.6247218251228333, 0.7851419448852539, 0.6245290637016296, 0.6243013143539429, 0.6246767640113831, 0.6257431507110596, 0.6246885061264038, 0.6255276203155518]","[0.6237397789955139, 0.6238738894462585, 0.6242210268974304, 0.6239367127418518, 0.7949270606040955, 0.6245341300964355, 0.6244475245475769, 0.6237797141075134, 0.6237037777900696, 0.6233604550361633]","[0.6240940093994141, 0.6246436238288879, 0.6250919699668884, 0.6239814758300781, 0.6256261467933655, 0.7869217395782471, 0.6250407695770264, 0.6253501772880554, 0.6242902278900146, 0.6245124340057373]","[0.6233365535736084, 0.6237170696258545, 0.623814582824707, 0.6235209107398987, 0.6244140863418579, 0.6241834163665771, 0.7966514229774475, 0.6240664124488831, 0.6234212517738342, 0.623609185218811]","[0.6236919164657593, 0.6239507794380188, 0.6244767308235168, 0.6249274611473083, 0.6231154799461365, 0.6238792538642883, 0.6232931613922119, 0.7955787181854248, 0.6238144636154175, 0.6239029765129089]","[0.6231790781021118, 0.6243067383766174, 0.6245561242103577, 0.623469889163971, 0.6233792901039124, 0.6231628656387329, 0.6227031946182251, 0.6237412691116333, 0.7998448014259338, 0.6228609681129456]","[0.6248359680175781, 0.6243849992752075, 0.6250029802322388, 0.6243654489517212, 0.6245160698890686, 0.6241495609283447, 0.6240360140800476, 0.6250366568565369, 0.624118447303772, 0.7893661856651306]"
3,0.2,0.3,fixed,fixed,"[0.8039321303367615, 0.624000072479248, 0.6228164434432983, 0.6245271563529968, 0.6229445934295654, 0.6220477819442749, 0.6223843097686768, 0.6229986548423767, 0.6226945519447327, 0.6234563589096069]","[0.6245754957199097, 0.793560266494751, 0.623385488986969, 0.6240563988685608, 0.6236622333526611, 0.6248040795326233, 0.6239840984344482, 0.6230191588401794, 0.6243135333061218, 0.6250642538070679]","[0.6235629916191101, 0.6236916184425354, 0.796191930770874, 0.6230862736701965, 0.6248777508735657, 0.6240418553352356, 0.6230905652046204, 0.6240348219871521, 0.6242465376853943, 0.6239026188850403]","[0.6239999532699585, 0.6233050227165222, 0.6219779253005981, 0.8019647598266602, 0.6226972937583923, 0.6231099963188171, 0.6236699819564819, 0.623724102973938, 0.6227899193763733, 0.6242785453796387]","[0.6228483319282532, 0.6225126385688782, 0.6223054528236389, 0.623199999332428, 0.8060528635978699, 0.6243534088134766, 0.6240323185920715, 0.6220433712005615, 0.6221876740455627, 0.6225735545158386]","[0.6225935220718384, 0.6228205561637878, 0.622671365737915, 0.6223873496055603, 0.6243460774421692, 0.803534209728241, 0.623870849609375, 0.6236463189125061, 0.622258186340332, 0.623609185218811]","[0.6218301057815552, 0.6219894289970398, 0.6213542819023132, 0.6222080588340759, 0.6230899095535278, 0.623392641544342, 0.8130552172660828, 0.6220963597297668, 0.6213954091072083, 0.6226145029067993]","[0.6229014992713928, 0.6228356957435608, 0.6227964162826538, 0.6243414878845215, 0.6217111349105835, 0.623454749584198, 0.6225958466529846, 0.8052658438682556, 0.6224538087844849, 0.6236096620559692]","[0.6222342252731323, 0.6235070824623108, 0.6230647563934326, 0.6227638721466064, 0.6221185326576233, 0.6222975254058838, 0.6217290163040161, 0.6221592426300049, 0.8106889128684998, 0.6220976710319519]","[0.6233150362968445, 0.6225221753120422, 0.6225553154945374, 0.6230495572090149, 0.622602641582489, 0.6227355003356934, 0.6227112412452698, 0.6230841279029846, 0.6219146251678467, 0.8077306151390076]"
3,0.2,0.1,fixed,fixed,"[0.8234537243843079, 0.6215334534645081, 0.6211422681808472, 0.6229355335235596, 0.6212137341499329, 0.6199281811714172, 0.6204679608345032, 0.6210683584213257, 0.6213204860687256, 0.62153160572052]","[0.62781822681427, 0.784922182559967, 0.6240597367286682, 0.6248267889022827, 0.6244239807128906, 0.6251983642578125, 0.6242063641548157, 0.6232330203056335, 0.6255536675453186, 0.625366747379303]","[0.6230577230453491, 0.6218198537826538, 0.8086109161376953, 0.6217040419578552, 0.6236735582351685, 0.6229270696640015, 0.6216999888420105, 0.6227414608001709, 0.6237034201622009, 0.6225173473358154]","[0.6239199042320251, 0.6212379336357117, 0.6201880574226379, 0.81646329164505, 0.6211087703704834, 0.6217735409736633, 0.6224831342697144, 0.6220972537994385, 0.6217812299728394, 0.6225921511650085]","[0.6225947141647339, 0.6203103065490723, 0.62111896276474, 0.6221768856048584, 0.8177666068077087, 0.6238017082214355, 0.6232123374938965, 0.6204754710197449, 0.6213378310203552, 0.6211256980895996]","[0.6222445368766785, 0.6201978325843811, 0.6212730407714844, 0.6208012700080872, 0.6233775615692139, 0.8173436522483826, 0.6225904822349548, 0.6224029064178467, 0.6211854219436646, 0.6223371624946594]","[0.6214991211891174, 0.6199650168418884, 0.6199286580085754, 0.6209143400192261, 0.6220884919166565, 0.6225364208221436, 0.8258107304573059, 0.6205989718437195, 0.6203411817550659, 0.6212634444236755]","[0.6226310729980469, 0.620843768119812, 0.6217305064201355, 0.6233546733856201, 0.620211660861969, 0.6225457191467285, 0.6213800311088562, 0.8167697191238403, 0.6216446757316589, 0.6225395202636719]","[0.6215695738792419, 0.6213221549987793, 0.6218161582946777, 0.6212860345840454, 0.6203917264938354, 0.6205778121948242, 0.619866669178009, 0.6202600598335266, 0.8279227614402771, 0.6201881766319275]","[0.6231595277786255, 0.6206136345863342, 0.6213365197181702, 0.6219469904899597, 0.6212083697319031, 0.6214524507522583, 0.6214824914932251, 0.6217986345291138, 0.6208769083023071, 0.8201846480369568]"
3,0.2,0.03,fixed,fixed,"[0.8379843831062317, 0.6192948222160339, 0.6198515892028809, 0.6215773224830627, 0.6201710104942322, 0.6179919242858887, 0.6199781894683838, 0.6198136210441589, 0.6200438141822815, 0.6201682090759277]","[0.6271810531616211, 0.7870320081710815, 0.6238007545471191, 0.6243698596954346, 0.6243505477905273, 0.6245900392532349, 0.6249874830245972, 0.6229544878005981, 0.6254143118858337, 0.6251179575920105]","[0.6218338012695312, 0.6198182106018066, 0.8209413886070251, 0.6201724410057068, 0.6227736473083496, 0.6216107606887817, 0.6212383508682251, 0.6217398643493652, 0.6228728890419006, 0.6213094592094421]","[0.6229209303855896, 0.6193274855613708, 0.6185262203216553, 0.8300492167472839, 0.6199517846107483, 0.6203628182411194, 0.6219254732131958, 0.6208893060684204, 0.6206135153770447, 0.6212105751037598]","[0.6212313771247864, 0.6180256009101868, 0.6197094917297363, 0.6207807660102844, 0.8323065638542175, 0.6228235363960266, 0.6228721141815186, 0.6189765334129333, 0.6199787855148315, 0.6196325421333313]","[0.6209415793418884, 0.6181474328041077, 0.6200273036956787, 0.619218647480011, 0.6228652596473694, 0.8293256163597107, 0.6222755908966064, 0.6216031312942505, 0.6199793815612793, 0.6213945746421814]","[0.6194816827774048, 0.6172783374786377, 0.6179354786872864, 0.6189031600952148, 0.6208221912384033, 0.6209092140197754, 0.8461346626281738, 0.6188251972198486, 0.6184335350990295, 0.6195214986801147]","[0.621275007724762, 0.6182814240455627, 0.6204621195793152, 0.6220152974128723, 0.61881422996521, 0.6212316155433655, 0.6206721067428589, 0.831381618976593, 0.6203469038009644, 0.6214438080787659]","[0.6201140880584717, 0.6190571784973145, 0.6207902431488037, 0.6198818683624268, 0.6191934943199158, 0.6188806891441345, 0.6192483901977539, 0.6188769340515137, 0.8428045511245728, 0.6186800003051758]","[0.621768057346344, 0.6183421611785889, 0.6199963688850403, 0.6205729842185974, 0.6199974417686462, 0.6198467016220093, 0.6211228370666504, 0.6206828355789185, 0.6194317936897278, 0.834551990032196]"
3,0.2,0.01,fixed,fixed,"[0.8511837124824524, 0.6187869906425476, 0.6188843250274658, 0.6211549043655396, 0.6183879971504211, 0.6164532899856567, 0.6184946894645691, 0.6186130046844482, 0.6187341213226318, 0.6184315085411072]","[0.6256823539733887, 0.8036753535270691, 0.6224439144134521, 0.6235772371292114, 0.622077465057373, 0.6231584548950195, 0.6230990886688232, 0.6212834119796753, 0.6241062879562378, 0.6228969097137451]","[0.6203118562698364, 0.6188512444496155, 0.8353228569030762, 0.6193135380744934, 0.6208692193031311, 0.6204267144203186, 0.6196324825286865, 0.620527982711792, 0.6217439770698547, 0.6194641590118408]","[0.6211599707603455, 0.6179192662239075, 0.6164618730545044, 0.8510769009590149, 0.6173275709152222, 0.618621826171875, 0.620186448097229, 0.6190086603164673, 0.618685781955719, 0.6187286972999573]","[0.6203614473342896, 0.617516279220581, 0.6191507577896118, 0.6208478212356567, 0.8390641212463379, 0.6227672100067139, 0.6224021315574646, 0.6180591583251953, 0.6191142201423645, 0.6182936429977417]","[0.6192801594734192, 0.6169938445091248, 0.6187805533409119, 0.618248701095581, 0.6212871670722961, 0.8438334465026855, 0.6208707094192505, 0.6205320954322815, 0.6184158325195312, 0.6197530627250671]","[0.6179540753364563, 0.6163595914840698, 0.6167894005775452, 0.6183514595031738, 0.6193370819091797, 0.6202003359794617, 0.8587957620620728, 0.6176282167434692, 0.6170165538787842, 0.6179289817810059]","[0.6198123097419739, 0.6173240542411804, 0.6194442510604858, 0.6215388774871826, 0.6166037321090698, 0.6202405095100403, 0.619228720664978, 0.8452067375183105, 0.6189433932304382, 0.6199007630348206]","[0.6186248660087585, 0.6185417175292969, 0.6200870275497437, 0.6194139719009399, 0.6172551512718201, 0.6175805330276489, 0.6176594495773315, 0.6175480484962463, 0.8563913702964783, 0.6167989373207092]","[0.620601236820221, 0.6176639795303345, 0.6192382574081421, 0.6203935146331787, 0.6183047890663147, 0.6188961863517761, 0.6200785636901855, 0.6198787689208984, 0.6182121634483337, 0.8446759581565857]"
3,0.2,0.003,fixed,fixed,"[0.8689530491828918, 0.6177480816841125, 0.6177659630775452, 0.6194548010826111, 0.6171955466270447, 0.6141172051429749, 0.6165520548820496, 0.6164361834526062, 0.6169122457504272, 0.6171872019767761]","[0.6254181265830994, 0.8181503415107727, 0.6214091181755066, 0.6219797730445862, 0.6208680272102356, 0.6214014291763306, 0.6212246417999268, 0.6194073557853699, 0.6227579712867737, 0.6216414570808411]","[0.6197470426559448, 0.6175447106361389, 0.8510503172874451, 0.6173684000968933, 0.6197459101676941, 0.6186347603797913, 0.6177581548690796, 0.6186440587043762, 0.6202924847602844, 0.6183018088340759]","[0.6209976673126221, 0.6170130968093872, 0.6152808666229248, 0.8632318377494812, 0.6163274049758911, 0.6171155571937561, 0.6190205812454224, 0.6173396110534668, 0.6172791719436646, 0.61777263879776]","[0.6196979880332947, 0.616120457649231, 0.6180845499038696, 0.6192806363105774, 0.8541361093521118, 0.6215538382530212, 0.6211144328117371, 0.6157421469688416, 0.6173808574676514, 0.61709064245224]","[0.6195598840713501, 0.6159858703613281, 0.6180585026741028, 0.6166776418685913, 0.6209743618965149, 0.8538395762443542, 0.6196812987327576, 0.6187201142311096, 0.6170158386230469, 0.6192787885665894]","[0.6177413463592529, 0.6153311729431152, 0.6159128546714783, 0.6169424057006836, 0.6188610196113586, 0.619111180305481, 0.8699175715446472, 0.6158242225646973, 0.6155079007148743, 0.6172483563423157]","[0.6234387159347534, 0.6186283826828003, 0.6211104393005371, 0.6224001049995422, 0.6179655194282532, 0.6209011673927307, 0.6200442314147949, 0.8296844363212585, 0.6200522184371948, 0.6217402219772339]","[0.618056058883667, 0.6179523468017578, 0.619688868522644, 0.6181254982948303, 0.6163648366928101, 0.6159391403198242, 0.6160688996315002, 0.6160768866539001, 0.8678867220878601, 0.6158677935600281]","[0.6199925541877747, 0.6161636710166931, 0.6180371046066284, 0.6186442971229553, 0.6169107556343079, 0.616855263710022, 0.6182821989059448, 0.6179471611976624, 0.6161883473396301, 0.861900806427002]"
3,0.2,0.001,fixed,fixed,"[0.878060519695282, 0.6179460883140564, 0.6170080900192261, 0.6186540722846985, 0.6163613200187683, 0.6124905347824097, 0.6153777241706848, 0.6161388754844666, 0.6159684658050537, 0.616191565990448]","[0.623199999332428, 0.8381237983703613, 0.6196526885032654, 0.6201997399330139, 0.618934690952301, 0.6192706227302551, 0.6190363168716431, 0.6180303692817688, 0.6212046146392822, 0.6195525527000427]","[0.6178792715072632, 0.6170488595962524, 0.8642948269844055, 0.6158964037895203, 0.6185534000396729, 0.6171237826347351, 0.6162247061729431, 0.6180992126464844, 0.6192904710769653, 0.6169607639312744]","[0.6193259358406067, 0.616509735584259, 0.6136272549629211, 0.8776531219482422, 0.6148511171340942, 0.6154835224151611, 0.6177875995635986, 0.6165606379508972, 0.6159164905548096, 0.6162310838699341]","[0.6179244518280029, 0.6155239939689636, 0.6169400215148926, 0.6181740164756775, 0.866189181804657, 0.6206079125404358, 0.6201539039611816, 0.6149327158927917, 0.6160869598388672, 0.6156975626945496]","[0.6177741885185242, 0.6155251860618591, 0.6170063018798828, 0.6153165102005005, 0.6203280687332153, 0.8644129037857056, 0.6185684204101562, 0.6185368895530701, 0.6158032417297363, 0.6183613538742065]","[0.6157933473587036, 0.6148086190223694, 0.614664614200592, 0.6157006621360779, 0.6180087924003601, 0.6179962158203125, 0.8821819424629211, 0.6152172684669495, 0.6141451001167297, 0.6160830855369568]","[0.6210960149765015, 0.6176098585128784, 0.619533121585846, 0.6207768321037292, 0.6159347891807556, 0.6190497875213623, 0.618139386177063, 0.8482887148857117, 0.6182461977005005, 0.6201678514480591]","[0.6161051392555237, 0.6177897453308105, 0.6188399791717529, 0.6169263124465942, 0.6150223612785339, 0.6141959428787231, 0.614436149597168, 0.6152989864349365, 0.8817145228385925, 0.6143749952316284]","[0.6180819869041443, 0.6155589818954468, 0.6168540120124817, 0.6174520254135132, 0.6155325174331665, 0.6151801943778992, 0.6169103980064392, 0.6174107193946838, 0.6147003173828125, 0.8756346702575684]"
0,0.4,10,fixed,fixed,"[2.2136263847351074, 0.9993001818656921, 0.9964190125465393, 0.9976649880409241, 1.0002707242965698, 0.9986732602119446, 0.999021589756012, 1.0023545026779175, 1.006626009941101, 1.0040072202682495]","[1.0106403827667236, 2.1321370601654053, 1.009377121925354, 1.005581259727478, 1.0072855949401855, 1.0071898698806763, 1.0086156129837036, 1.0096522569656372, 1.0098391771316528, 1.0090811252593994]","[1.00307297706604, 0.9991599321365356, 2.2172117233276367, 0.9984467029571533, 1.0020707845687866, 0.9953935742378235, 0.9999170303344727, 1.0027174949645996, 1.0016332864761353, 0.9985283017158508]","[0.9976198077201843, 1.0042803287506104, 0.9954582452774048, 2.2287216186523438, 1.004941701889038, 0.9938257336616516, 0.9975147247314453, 0.9987913370132446, 1.0004364252090454, 0.9982945322990417]","[1.000086784362793, 0.9985736012458801, 0.9994825124740601, 0.9957939982414246, 2.2341463565826416, 0.9967977404594421, 0.9977137446403503, 0.9992982745170593, 1.0005369186401367, 0.9975260496139526]","[1.0043469667434692, 1.00486159324646, 1.00051748752594, 1.004265308380127, 1.0072921514511108, 2.1656086444854736, 1.0031301975250244, 1.004874348640442, 1.0143229961395264, 1.0038793087005615]","[1.0008982419967651, 1.0028220415115356, 0.9993622303009033, 1.000357747077942, 1.0055923461914062, 1.005620002746582, 2.185511827468872, 1.0055491924285889, 1.0067659616470337, 1.0022376775741577]","[0.9998647570610046, 1.000081181526184, 0.9993790984153748, 1.0041377544403076, 1.0072330236434937, 1.0004210472106934, 0.9991506338119507, 2.2017838954925537, 1.002671718597412, 1.0017236471176147]","[1.0014415979385376, 1.0048956871032715, 0.999573290348053, 1.0022324323654175, 1.001444935798645, 0.9997068643569946, 1.004443645477295, 1.0041590929031372, 2.1971383094787598, 1.0007402896881104]","[0.9983305335044861, 1.001281499862671, 0.9974658489227295, 0.9958085417747498, 1.0001331567764282, 0.9962625503540039, 1.000476598739624, 1.000817894935608, 1.0042269229888916, 2.2242136001586914]"
0,0.4,3,fixed,fixed,"[2.227544069290161, 0.9979735612869263, 0.9953614473342896, 0.9966822266578674, 0.9995909929275513, 0.9983618259429932, 0.9979181885719299, 0.9986511468887329, 1.0048003196716309, 1.0025936365127563]","[1.0078719854354858, 2.1507363319396973, 1.0077152252197266, 1.0046913623809814, 1.0060967206954956, 1.0069146156311035, 1.0069602727890015, 1.0059497356414795, 1.0069233179092407, 1.0070993900299072]","[1.0001482963562012, 0.9983642101287842, 2.237760543823242, 0.9969618916511536, 0.9999910593032837, 0.9941453337669373, 0.9985392689704895, 0.9986909627914429, 0.9992998242378235, 0.9965585470199585]","[0.9953373670578003, 1.0029067993164062, 0.9944260120391846, 2.2471189498901367, 1.0034042596817017, 0.9934910535812378, 0.9956104755401611, 0.9955325722694397, 0.9980815649032593, 0.9961931109428406]","[0.9984811544418335, 0.9977061748504639, 0.9986913204193115, 0.9945434927940369, 2.250253677368164, 0.9960997700691223, 0.9960970878601074, 0.9960876703262329, 0.9983723163604736, 0.9956110119819641]","[1.0019186735153198, 1.0036708116531372, 0.9995140433311462, 1.002713680267334, 1.0051175355911255, 2.187696695327759, 1.001158356666565, 1.0006613731384277, 1.011209487915039, 1.001535415649414]","[0.9988802075386047, 1.0012927055358887, 0.9986005425453186, 0.9992042779922485, 1.004078984260559, 1.0046528577804565, 2.2030842304229736, 1.0022854804992676, 1.0043498277664185, 1.00010347366333]","[0.9983527660369873, 1.000195026397705, 0.9990570545196533, 1.004642367362976, 1.0071381330490112, 1.0002416372299194, 0.9992069005966187, 2.20639705657959, 1.0013731718063354, 1.0004160404205322]","[0.9998351335525513, 1.0037741661071777, 0.9991709589958191, 1.0011898279190063, 1.0003846883773804, 0.9992374181747437, 1.0030207633972168, 1.0010530948638916, 2.2104320526123047, 0.9990924596786499]","[0.9959405660629272, 0.9996556639671326, 0.9962911009788513, 0.9952677488327026, 0.9987564086914062, 0.9957957863807678, 0.9993048906326294, 0.9977682828903198, 1.0018033981323242, 2.2402424812316895]"
0,0.4,1,fixed,fixed,"[2.2456374168395996, 0.9965360164642334, 0.9929227232933044, 0.9947471618652344, 0.9972314238548279, 0.9979080557823181, 0.9972018003463745, 0.996432363986969, 1.0024008750915527, 1.0006531476974487]","[1.0057216882705688, 2.171515703201294, 1.0048868656158447, 1.002402663230896, 1.0035303831100464, 1.0067973136901855, 1.0059940814971924, 1.0035237073898315, 1.003738284111023, 1.0048930644989014]","[0.9986489415168762, 0.9979487061500549, 2.2493221759796143, 0.9961398839950562, 0.9973437190055847, 0.9938645362854004, 0.9986563920974731, 0.9972499012947083, 0.997502326965332, 0.9951716065406799]","[0.9940901398658752, 1.0020220279693604, 0.9922391772270203, 2.2620108127593994, 1.0009089708328247, 0.9937335848808289, 0.994814932346344, 0.9939593076705933, 0.9958746433258057, 0.9942864775657654]","[0.9982278943061829, 0.9979121685028076, 0.9972221851348877, 0.9935281872749329, 2.2576487064361572, 0.9962982535362244, 0.9959057569503784, 0.995292067527771, 0.996672511100769, 0.9942076802253723]","[1.0001201629638672, 1.002632737159729, 0.9965298175811768, 1.000777244567871, 1.0015815496444702, 2.2120747566223145, 0.9998894929885864, 0.9973797798156738, 1.0078402757644653, 0.9989807605743408]","[0.997187077999115, 0.9999103546142578, 0.9957115650177002, 0.9965221285820007, 1.0008972883224487, 1.0035547018051147, 2.22594952583313, 1.000649094581604, 1.0013715028762817, 0.997453510761261]","[0.9967470169067383, 0.9991716146469116, 0.9960852861404419, 1.0039159059524536, 1.0049540996551514, 0.9995126128196716, 0.9992384314537048, 2.2219362258911133, 0.9990912675857544, 0.9981740713119507]","[0.9990108013153076, 1.0027655363082886, 0.997693657875061, 1.0000931024551392, 0.9981136322021484, 0.9990947246551514, 1.0024538040161133, 0.9997599720954895, 2.2222230434417725, 0.9973868131637573]","[0.9943783283233643, 0.9986631274223328, 0.9939058423042297, 0.9934772253036499, 0.9962143301963806, 0.9956985712051392, 0.999032199382782, 0.9961296916007996, 0.9993201494216919, 2.2560064792633057]"
0,0.4,0.3,fixed,fixed,"[2.250439167022705, 0.9953930377960205, 0.9924960732460022, 0.9936261177062988, 0.9972411394119263, 0.9980254769325256, 0.9984282851219177, 0.9945812821388245, 1.0011688470840454, 1.0009607076644897]","[1.0019813776016235, 2.187612295150757, 1.0034352540969849, 1.0002927780151367, 1.0026981830596924, 1.0066139698028564, 1.0059623718261719, 1.000830054283142, 1.0010876655578613, 1.0042996406555176]","[0.9952197074890137, 0.9962605834007263, 2.266857385635376, 0.9945645928382874, 0.9955023527145386, 0.99258953332901, 0.9987585544586182, 0.994608998298645, 0.9953070878982544, 0.9944678544998169]","[0.9910593032836914, 1.0005061626434326, 0.9911407828330994, 2.275341033935547, 0.9998593926429749, 0.993621826171875, 0.9947791695594788, 0.991828203201294, 0.9939117431640625, 0.9937046766281128]","[0.9951733350753784, 0.9967379570007324, 0.9960922598838806, 0.9916537404060364, 2.2743875980377197, 0.9953950047492981, 0.9946610331535339, 0.9931893348693848, 0.9944670796394348, 0.9933796525001526]","[0.9965854287147522, 1.0010809898376465, 0.9947516918182373, 0.9988489747047424, 0.9996110796928406, 2.2332236766815186, 0.9998499751091003, 0.9936622977256775, 1.0048346519470215, 0.9978683590888977]","[0.9932637810707092, 0.9978193640708923, 0.993833601474762, 0.993652880191803, 0.9990839958190918, 1.0020266771316528, 2.249532699584961, 0.9983752965927124, 0.9985595941543579, 0.9960508942604065]","[0.9940934181213379, 0.9977599382400513, 0.9944443106651306, 1.003318190574646, 1.0044560432434082, 0.9986734986305237, 0.9996795058250427, 2.2331290245056152, 0.9972937107086182, 0.9974994659423828]","[0.996350884437561, 1.0009539127349854, 0.9971285462379456, 0.9987105131149292, 0.9971142411231995, 0.9984254837036133, 1.0019906759262085, 0.997734546661377, 2.234870433807373, 0.9968315958976746]","[0.9899895191192627, 0.9963487386703491, 0.9919184446334839, 0.9908841848373413, 0.9944269061088562, 0.9945560097694397, 0.9981815218925476, 0.9932423233985901, 0.9963902831077576, 2.2802443504333496]"
0,0.4,0.1,fixed,fixed,"[2.266573429107666, 0.9939209222793579, 0.9905093908309937, 0.9898777604103088, 0.9961012601852417, 0.9975874423980713, 0.9981819987297058, 0.9927036762237549, 0.9998185038566589, 0.9994402527809143]","[0.9996592402458191, 2.2072160243988037, 1.0010192394256592, 0.9960271716117859, 1.0013116598129272, 1.0059051513671875, 1.0060274600982666, 0.9987053871154785, 0.9989161491394043, 1.0024737119674683]","[0.9934816360473633, 0.9950760006904602, 2.280441999435425, 0.9912902116775513, 0.9941921830177307, 0.9919089674949646, 0.9993476271629333, 0.9930276870727539, 0.9944299459457397, 0.9929262399673462]","[0.9924325942993164, 1.0031275749206543, 0.9929263591766357, 2.2520976066589355, 1.0008230209350586, 0.9964929819107056, 0.9998778700828552, 0.9934707283973694, 0.9961484670639038, 0.9954072833061218]","[0.9940932393074036, 0.9962151050567627, 0.9943849444389343, 0.9876106381416321, 2.288815498352051, 0.9947892427444458, 0.9945710301399231, 0.9920406341552734, 0.9931262135505676, 0.9917062520980835]","[0.9947866797447205, 1.0001404285430908, 0.9923557043075562, 0.9942429661750793, 0.9974352121353149, 2.2553324699401855, 0.9995805621147156, 0.9908623695373535, 1.0026551485061646, 0.9958699941635132]","[0.9913978576660156, 0.9963617324829102, 0.9913602471351624, 0.9894223809242249, 0.9970853328704834, 1.0003077983856201, 2.2719733715057373, 0.9970351457595825, 0.9965940117835999, 0.9937847852706909]","[0.9921395182609558, 0.9964874386787415, 0.9917140007019043, 0.9995682835578918, 1.0032768249511719, 0.997811496257782, 1.000036597251892, 2.2501986026763916, 0.9958460927009583, 0.9954671263694763]","[0.99477219581604, 0.9992935657501221, 0.9954820871353149, 0.9953927397727966, 0.9954458475112915, 0.9968984127044678, 1.0016876459121704, 0.9961612224578857, 2.2523255348205566, 0.9949290156364441]","[0.9880285859107971, 0.9950551390647888, 0.9897230863571167, 0.9865533709526062, 0.9928423166275024, 0.9943296313285828, 0.9981140494346619, 0.9916784763336182, 0.9946940541267395, 2.29797101020813]"
0,0.4,0.03,fixed,fixed,"[2.2893402576446533, 0.9915351867675781, 0.9878818392753601, 0.9890466928482056, 0.9939295053482056, 0.9962294101715088, 0.9944195747375488, 0.9906282424926758, 0.9976129531860352, 0.997124195098877]","[0.9985860586166382, 2.22454833984375, 0.9987139701843262, 0.9958483576774597, 0.9996449947357178, 1.0055904388427734, 1.001839280128479, 0.9971345067024231, 0.9966434240341187, 1.0006035566329956]","[0.9926289319992065, 0.9939895868301392, 2.293093204498291, 0.9920750260353088, 0.9920211434364319, 0.9910073280334473, 0.9963570833206177, 0.9920065999031067, 0.9931089282035828, 0.9914471507072449]","[0.9916026592254639, 1.0013465881347656, 0.9906091094017029, 2.2719476222991943, 0.9985737800598145, 0.9958833456039429, 0.9958664178848267, 0.9920926094055176, 0.9941940307617188, 0.9931823015213013]","[0.994321882724762, 0.995589554309845, 0.9928500652313232, 0.98724365234375, 2.3002302646636963, 0.9942064881324768, 0.9912486672401428, 0.9915047883987427, 0.9917433261871338, 0.9900504350662231]","[0.9940743446350098, 0.9988752603530884, 0.9899098873138428, 0.9930411577224731, 0.9948206543922424, 2.2771644592285156, 0.9958898425102234, 0.9884580969810486, 1.000213861465454, 0.9936671853065491]","[0.9946396946907043, 0.997672438621521, 0.9923195242881775, 0.9943668246269226, 0.9982656240463257, 1.00223708152771, 2.25113844871521, 0.9995579719543457, 0.9977726936340332, 0.9944747090339661]","[0.9910886287689209, 0.9947066903114319, 0.9887503981590271, 0.9990183711051941, 1.0014710426330566, 0.9963753819465637, 0.996806800365448, 2.2699854373931885, 0.9939486980438232, 0.9930465817451477]","[0.9944189786911011, 0.997450053691864, 0.9939225912094116, 0.9951685070991516, 0.9934757947921753, 0.9959659576416016, 0.9978101253509521, 0.9951182007789612, 2.268005847930908, 0.9929608106613159]","[0.9872212409973145, 0.9935041666030884, 0.9875450134277344, 0.9863433241844177, 0.9908837676048279, 0.9937179088592529, 0.9947452545166016, 0.9905726909637451, 0.9928010106086731, 2.313753128051758]"
0,0.4,0.01,fixed,fixed,"[2.3063364028930664, 0.9880123138427734, 0.9865178465843201, 0.9880318641662598, 0.9926735758781433, 0.9953157305717468, 0.995093047618866, 0.9872795343399048, 0.9960559606552124, 0.9950582385063171]","[0.9984301328659058, 2.2144103050231934, 0.9994096159934998, 0.9992012977600098, 1.0002224445343018, 1.0075459480285645, 1.0055286884307861, 0.9954482316970825, 0.9970241189002991, 1.001063585281372]","[0.9905421733856201, 0.990980327129364, 2.31176495552063, 0.9912102222442627, 0.9899550676345825, 0.989736795425415, 0.9966688752174377, 0.9886894226074219, 0.9916229248046875, 0.98940509557724]","[0.9899552464485168, 0.9973132014274597, 0.9891605377197266, 2.2912814617156982, 0.9968460202217102, 0.9953214526176453, 0.9963823556900024, 0.9884103536605835, 0.9924933910369873, 0.990813136100769]","[0.9934868216514587, 0.9926636815071106, 0.9919382333755493, 0.98627769947052, 2.315305709838867, 0.9934274554252625, 0.9910671710968018, 0.9886690378189087, 0.9903684258460999, 0.9880041480064392]","[0.9924898147583008, 0.9954644441604614, 0.9882785677909851, 0.9914517998695374, 0.9926751852035522, 2.298872232437134, 0.9966723322868347, 0.9842008948326111, 0.9979739189147949, 0.9912653565406799]","[0.9927306771278381, 0.9940981864929199, 0.9903521537780762, 0.9928768873214722, 0.9960356950759888, 1.00052809715271, 2.276545286178589, 0.995559573173523, 0.9954838752746582, 0.9915477633476257]","[0.9912965893745422, 0.993809700012207, 0.989077091217041, 1.0000171661376953, 1.0024398565292358, 0.9977371692657471, 1.0012065172195435, 2.2610812187194824, 0.9947074055671692, 0.9929916858673096]","[0.9930523633956909, 0.9942986369132996, 0.9930341243743896, 0.9947026968002319, 0.9918310046195984, 0.9948868751525879, 0.9979721307754517, 0.991819441318512, 2.2843799591064453, 0.9906525611877441]","[0.9856952428817749, 0.9899723529815674, 0.9863349199295044, 0.9859106540679932, 0.989545464515686, 0.9932525157928467, 0.9950721859931946, 0.9875510334968567, 0.9912607073783875, 2.32883620262146]"
0,0.4,0.003,fixed,fixed,"[2.3317723274230957, 0.9856216907501221, 0.9842376708984375, 0.9857305288314819, 0.9913192391395569, 0.9933348298072815, 0.9928233027458191, 0.9836754202842712, 0.9932217597961426, 0.9925323128700256]","[0.9989976286888123, 2.232254981994629, 0.9975029826164246, 0.9973053336143494, 0.9994257092475891, 1.0066554546356201, 1.003772497177124, 0.9915480017662048, 0.9941772818565369, 0.9990353584289551]","[0.9906103014945984, 0.989773690700531, 2.3274800777435303, 0.9901817440986633, 0.988493800163269, 0.9881002902984619, 0.9953963756561279, 0.9858198761940002, 0.9895613193511963, 0.9876043796539307]","[0.9909772276878357, 0.9959039092063904, 0.9875704050064087, 2.306859254837036, 0.995793879032135, 0.9944643974304199, 0.9944684505462646, 0.9852472543716431, 0.9902899861335754, 0.988758385181427]","[0.9939063191413879, 0.991673469543457, 0.990394115447998, 0.9846634268760681, 2.3328301906585693, 0.9918652176856995, 0.9890923500061035, 0.9858615398406982, 0.9880002737045288, 0.9857817888259888]","[0.993358314037323, 0.9945188164710999, 0.9865079522132874, 0.9902043342590332, 0.9912100434303284, 2.316603899002075, 0.9949063062667847, 0.9804670810699463, 0.995235800743103, 0.9891804456710815]","[0.9933810830116272, 0.9928548336029053, 0.9887234568595886, 0.9909238219261169, 0.9949619174003601, 0.9990066885948181, 2.2930691242218018, 0.9925603270530701, 0.9931724071502686, 0.9894152283668518]","[0.9968445301055908, 0.9943752884864807, 0.9888168573379517, 1.001418948173523, 1.003800630569458, 0.9986811280250549, 1.0021101236343384, 2.249889850616455, 0.9944222569465637, 0.9926980137825012]","[0.9940438270568848, 0.9928221106529236, 0.9921910762786865, 0.9937163591384888, 0.9910514950752258, 0.9937044382095337, 0.9963380694389343, 0.9892287850379944, 2.2964351177215576, 0.9888477325439453]","[0.9859617948532104, 0.9885905981063843, 0.9846817851066589, 0.9843177199363708, 0.9885819554328918, 0.9921911954879761, 0.9938122630119324, 0.9847469329833984, 0.9889163970947266, 2.344011068344116]"
0,0.4,0.001,fixed,fixed,"[2.3533339500427246, 0.9837999939918518, 0.9814969897270203, 0.9827489256858826, 0.9912197589874268, 0.9912512898445129, 0.9909898042678833, 0.9812189340591431, 0.9914329051971436, 0.9903899431228638]","[0.9974814057350159, 2.251990556716919, 0.9947137236595154, 0.9943069815635681, 0.9994269609451294, 1.0052374601364136, 1.0020298957824707, 0.9892261028289795, 0.9919556975364685, 0.9969680309295654]","[0.9898371696472168, 0.9887761473655701, 2.337944269180298, 0.9885623455047607, 0.9893306493759155, 0.9867834448814392, 0.9944980144500732, 0.9841983318328857, 0.9887855052947998, 0.9859858155250549]","[0.9906397461891174, 0.9952524900436401, 0.9857105016708374, 2.3157427310943604, 0.9970179200172424, 0.9936935901641846, 0.9931817054748535, 0.9840545058250427, 0.9893229603767395, 0.9872781038284302]","[0.9927725195884705, 0.9903218746185303, 0.9874610900878906, 0.9814406633377075, 2.357945680618286, 0.989271879196167, 0.986625075340271, 0.9836556315422058, 0.9857491850852966, 0.983014702796936]","[0.9928411841392517, 0.994084894657135, 0.9842217564582825, 0.9882215261459351, 0.990939199924469, 2.3321478366851807, 0.9935216307640076, 0.9779605865478516, 0.9934899210929871, 0.9874238967895508]","[0.992681086063385, 0.9917882680892944, 0.9862440824508667, 0.9879003167152405, 0.99478679895401, 0.9969924092292786, 2.310124397277832, 0.9913785457611084, 0.9915162324905396, 0.9872761368751526]","[0.9957846403121948, 0.9932268857955933, 0.9858137369155884, 0.9998985528945923, 1.0039843320846558, 0.9965929985046387, 1.0012749433517456, 2.265352964401245, 0.9930112361907959, 0.9905250072479248]","[0.993286669254303, 0.9912159442901611, 0.9901865720748901, 0.9913490414619446, 0.9913341403007507, 0.9917206764221191, 0.9944416880607605, 0.9874746799468994, 2.313086986541748, 0.9867276549339294]","[0.9848960041999817, 0.9874182939529419, 0.9822104573249817, 0.9816849827766418, 0.9891730546951294, 0.9906673431396484, 0.9926287531852722, 0.9830756783485413, 0.9872598052024841, 2.3594484329223633]"
1,0.4,10,fixed,fixed,"[2.177508592605591, 1.0041072368621826, 1.00785231590271, 1.0020195245742798, 1.0033519268035889, 1.005981683731079, 1.0026880502700806, 1.0053123235702515, 1.000428318977356, 1.0045112371444702]","[1.0019099712371826, 2.174678087234497, 1.0017032623291016, 1.0022168159484863, 1.0030289888381958, 1.006376028060913, 1.0051285028457642, 1.0107570886611938, 1.0035818815231323, 1.0042673349380493]","[0.9983481764793396, 0.9991403818130493, 2.2381513118743896, 0.9966614246368408, 0.9978799223899841, 0.9997357130050659, 1.001671552658081, 0.9993672370910645, 0.9940215349197388, 0.9956204295158386]","[1.0017396211624146, 1.004117727279663, 1.00266695022583, 2.1712210178375244, 1.0036301612854004, 1.0030429363250732, 1.0092734098434448, 1.0044164657592773, 1.0064698457717896, 1.0065962076187134]","[0.9970512390136719, 0.9992532134056091, 0.9986411333084106, 0.9961605072021484, 2.2359273433685303, 0.9974132180213928, 1.0020372867584229, 1.0015575885772705, 0.9948011636734009, 0.9974969625473022]","[0.997710108757019, 0.9990596771240234, 1.0007450580596924, 1.000067949295044, 1.0021946430206299, 2.2313880920410156, 0.9982757568359375, 0.9984391331672668, 0.9949187636375427, 0.9969351291656494]","[1.0051653385162354, 1.0011801719665527, 0.9992203116416931, 1.000663161277771, 1.0009360313415527, 1.004535436630249, 2.2014453411102295, 1.0013811588287354, 1.0008511543273926, 1.0008525848388672]","[1.0021611452102661, 1.0052051544189453, 1.0042866468429565, 0.9986079335212708, 1.0029616355895996, 1.0010669231414795, 1.0108925104141235, 2.191758871078491, 0.9991447925567627, 0.9996722340583801]","[1.003171682357788, 1.006800651550293, 1.0057953596115112, 1.0009177923202515, 1.0043586492538452, 1.0062205791473389, 1.0040146112442017, 1.00692617893219, 2.169854164123535, 1.0048716068267822]","[0.995600163936615, 1.001262903213501, 0.9962401986122131, 0.9952472448348999, 1.0030584335327148, 0.9980598092079163, 0.9974209666252136, 0.9957268834114075, 0.9943329095840454, 2.2446157932281494]"
1,0.4,3,fixed,fixed,"[2.199737310409546, 1.0023283958435059, 1.0058730840682983, 0.9997797608375549, 1.0002321004867554, 1.003490686416626, 1.0000436305999756, 1.0025067329406738, 0.9996122121810913, 1.002476692199707]","[1.0013458728790283, 2.194004774093628, 0.9997144341468811, 0.9998288750648499, 1.0005900859832764, 1.0038315057754517, 1.0022886991500854, 1.0082699060440063, 1.0031403303146362, 1.0025757551193237]","[0.9980923533439636, 0.9978099465370178, 2.2548890113830566, 0.9948767423629761, 0.9952683448791504, 0.9977713823318481, 0.9988123774528503, 0.9972004890441895, 0.9936468601226807, 0.994246780872345]","[1.0009976625442505, 1.002255916595459, 1.0006539821624756, 2.1882894039154053, 1.0008931159973145, 1.0010569095611572, 1.0065656900405884, 1.0027670860290527, 1.005935549736023, 1.0055166482925415]","[0.9967890381813049, 0.9992313385009766, 0.9972248077392578, 0.9948959350585938, 2.2472705841064453, 0.9954273104667664, 0.9997846484184265, 0.9997740387916565, 0.9947294592857361, 0.9965362548828125]","[0.9975448250770569, 0.998263418674469, 0.9993190765380859, 0.99880051612854, 0.9994496703147888, 2.245021104812622, 0.996558427810669, 0.9969714879989624, 0.993945837020874, 0.9954756498336792]","[1.0049984455108643, 1.000769019126892, 0.9980791807174683, 0.9997622966766357, 0.9990784525871277, 1.0034573078155518, 2.2109663486480713, 0.9999449849128723, 1.0007553100585938, 0.9995410442352295]","[1.0015108585357666, 1.0044920444488525, 1.0025159120559692, 0.9976990222930908, 1.0007015466690063, 0.9993262887001038, 1.0085076093673706, 2.2044732570648193, 0.9991019368171692, 0.9986506104469299]","[1.00224769115448, 1.0054734945297241, 1.0035583972930908, 0.9989264011383057, 1.0012884140014648, 1.0028184652328491, 1.000462293624878, 1.004460334777832, 2.193582773208618, 1.0025757551193237]","[0.9946569204330444, 1.0004385709762573, 0.9940381646156311, 0.9935613870620728, 1.0004918575286865, 0.996046781539917, 0.9952460527420044, 0.9937862157821655, 0.9940658211708069, 2.2613160610198975]"
1,0.4,1,fixed,fixed,"[2.215447187423706, 1.002021074295044, 1.004533052444458, 0.9985246062278748, 0.9980849623680115, 1.0006461143493652, 0.998512864112854, 1.0008772611618042, 0.9987329244613647, 1.0004650354385376]","[0.9996790885925293, 2.2148351669311523, 0.9977408051490784, 0.9978014230728149, 0.9984980225563049, 1.000292420387268, 1.0004338026046753, 1.0063340663909912, 1.002009630203247, 1.0002832412719727]","[0.9967301487922668, 0.997643232345581, 2.271719455718994, 0.9934483170509338, 0.9930018186569214, 0.9946144223213196, 0.9972824454307556, 0.9955812692642212, 0.992581307888031, 0.9922681450843811]","[0.9989715218544006, 1.0011708736419678, 0.9984747171401978, 2.207662343978882, 0.9983216524124146, 0.9979174733161926, 1.0049641132354736, 1.0014837980270386, 1.004530668258667, 1.0036523342132568]","[0.9952909350395203, 0.9989858865737915, 0.9956903457641602, 0.9938566088676453, 2.261414051055908, 0.9926203489303589, 0.9986138343811035, 0.9984068274497986, 0.9938355684280396, 0.9948394298553467]","[0.9998483061790466, 1.0036494731903076, 1.0007256269454956, 1.001360297203064, 0.9999893307685852, 2.2225303649902344, 0.9988325834274292, 0.9992282390594482, 0.9958859086036682, 0.9966737627983093]","[1.0032111406326294, 1.0001081228256226, 0.9964357614517212, 0.9987027049064636, 0.9970499873161316, 1.0006992816925049, 2.2280101776123047, 0.9985408782958984, 0.9994550347328186, 0.9971109628677368]","[0.9994841814041138, 1.0049490928649902, 1.0004870891571045, 0.9968728423118591, 0.9985145926475525, 0.9959042072296143, 1.0071251392364502, 2.2208261489868164, 0.998096227645874, 0.9967522025108337]","[1.000575304031372, 1.0054410696029663, 1.0016909837722778, 0.9976478219032288, 0.9989192485809326, 0.9991216063499451, 0.9985541105270386, 1.0028984546661377, 2.212737560272217, 1.0000330209732056]","[0.9930455684661865, 1.0005465745925903, 0.9924525022506714, 0.9929264783859253, 0.9983711242675781, 0.9941454529762268, 0.9934853911399841, 0.9927855730056763, 0.9932918548583984, 2.274369478225708]"
1,0.4,0.3,fixed,fixed,"[2.2359793186187744, 0.9996494054794312, 1.0034844875335693, 0.9967465996742249, 0.9942025542259216, 0.9990128874778748, 0.997281014919281, 0.9996204376220703, 0.9960456490516663, 0.9984000325202942]","[0.9995496273040771, 2.2288784980773926, 0.997234046459198, 0.9964265823364258, 0.995402991771698, 0.99915611743927, 0.9994418621063232, 1.0052552223205566, 0.9991773962974548, 0.999082624912262]","[0.9958047270774841, 0.9951699376106262, 2.293445587158203, 0.9915723204612732, 0.9890660047531128, 0.9929549694061279, 0.9961828589439392, 0.9941494464874268, 0.9894461035728455, 0.9902458190917969]","[0.9978044629096985, 0.9982765316963196, 0.9970844984054565, 2.2265751361846924, 0.9943278431892395, 0.9964765906333923, 1.0038434267044067, 0.9998847246170044, 1.0026599168777466, 1.0025361776351929]","[0.9972164630889893, 1.0002583265304565, 0.997890055179596, 0.9959415197372437, 2.238725185394287, 0.9943857789039612, 1.0017105340957642, 1.002914309501648, 0.99517822265625, 0.9966273307800293]","[0.9990789294242859, 1.0011966228485107, 0.9997439384460449, 1.0000630617141724, 0.9960805773735046, 2.241105794906616, 0.9980669021606445, 0.997959315776825, 0.9923558235168457, 0.9954224824905396]","[1.0020191669464111, 0.9977408051490784, 0.9953175187110901, 0.997351348400116, 0.993996262550354, 0.9995676279067993, 2.2461845874786377, 0.9976850748062134, 0.9969648122787476, 0.9948105812072754]","[0.9983620643615723, 1.0026068687438965, 0.9992925524711609, 0.9960623979568481, 0.9946801066398621, 0.9946631789207458, 1.00640869140625, 2.2375831604003906, 0.9957106113433838, 0.9957211017608643]","[1.001470923423767, 1.0048401355743408, 1.0024746656417847, 0.9980946183204651, 0.9972010254859924, 0.999126136302948, 1.0009974241256714, 1.003560185432434, 2.2093026638031006, 1.0001778602600098]","[0.9919407367706299, 0.998207688331604, 0.991303026676178, 0.9919090270996094, 0.9950337409973145, 0.9930388927459717, 0.9923625588417053, 0.9916556477546692, 0.9910199642181396, 2.291109323501587]"
1,0.4,0.1,fixed,fixed,"[2.252107620239258, 0.9957295060157776, 1.002915382385254, 0.9962120056152344, 0.9923432469367981, 0.9975312352180481, 0.9954197406768799, 0.998458206653595, 0.9950209856033325, 0.9967854022979736]","[1.0007661581039429, 2.20851993560791, 0.9991896748542786, 1.0014703273773193, 0.9966273307800293, 1.0005298852920532, 1.0008955001831055, 1.0076133012771606, 1.0013601779937744, 1.0002962350845337]","[0.9941042065620422, 0.990349531173706, 2.3154690265655518, 0.9908866286277771, 0.986709475517273, 0.9909942150115967, 0.9939448833465576, 0.9926201105117798, 0.9878574013710022, 0.988286554813385]","[0.9960202574729919, 0.9943771362304688, 0.9958783984184265, 2.2444207668304443, 0.9922407865524292, 0.9948903918266296, 1.0021106004714966, 0.9992649555206299, 1.0013054609298706, 1.0012658834457397]","[0.9955679178237915, 0.997205376625061, 0.9969366788864136, 0.9956236481666565, 2.254056215286255, 0.9924597144126892, 1.000015139579773, 1.0018149614334106, 0.993943452835083, 0.9951329231262207]","[0.9977034330368042, 0.9970539808273315, 0.9989578723907471, 0.999768078327179, 0.9938226938247681, 2.257809638977051, 0.9967696666717529, 0.9973583221435547, 0.9904066324234009, 0.9936096668243408]","[1.0010100603103638, 0.9937926530838013, 0.9943497180938721, 0.9970676898956299, 0.9922561645507812, 0.9987160563468933, 2.2605583667755127, 0.9968048930168152, 0.9955102801322937, 0.9935134053230286]","[0.9961551427841187, 0.9980472326278687, 0.9978141784667969, 0.9961369037628174, 0.9925556182861328, 0.9928088188171387, 1.0044726133346558, 2.2570888996124268, 0.9943352937698364, 0.9939943552017212]","[0.9999281167984009, 1.0010448694229126, 1.0014680624008179, 0.998031735420227, 0.9952054023742676, 0.9965558648109436, 0.9988457560539246, 1.0025526285171509, 2.2275922298431396, 0.9981210827827454]","[0.9900918006896973, 0.9946784973144531, 0.9900445938110352, 0.9917313456535339, 0.9932494759559631, 0.991560161113739, 0.9905014038085938, 0.9908798336982727, 0.9900659322738647, 2.3069064617156982]"
1,0.4,0.03,fixed,fixed,"[2.2712574005126953, 0.9945746064186096, 1.0011663436889648, 0.9942827224731445, 0.9901491403579712, 0.9960155487060547, 0.9933684468269348, 0.9966027140617371, 0.9924073219299316, 0.9952759742736816]","[0.9992789626121521, 2.2330849170684814, 0.9967188835144043, 0.9986756443977356, 0.9943939447402954, 0.9982466101646423, 0.9975986480712891, 1.0053619146347046, 0.9984018206596375, 0.9983856678009033]","[0.9933677911758423, 0.9902116656303406, 2.3314435482025146, 0.9891425371170044, 0.9847540259361267, 0.9897352457046509, 0.991416871547699, 0.991133451461792, 0.985415518283844, 0.9871025085449219]","[0.9947494864463806, 0.9936140775680542, 0.9937778115272522, 2.2609755992889404, 0.9901024103164673, 0.9935530424118042, 0.9995447397232056, 0.9982329607009888, 0.9986453652381897, 1.0006881952285767]","[0.9944889545440674, 0.997911274433136, 0.995144784450531, 0.9940541982650757, 2.2693581581115723, 0.9908410310745239, 0.9971500039100647, 1.0003615617752075, 0.9914591908454895, 0.9940329194068909]","[0.9966747164726257, 0.9966320991516113, 0.9971106052398682, 0.9981511831283569, 0.9913487434387207, 2.275567054748535, 0.9944184422492981, 0.9961806535720825, 0.9869892597198486, 0.9927453398704529]","[1.000109314918518, 0.9948075413703918, 0.9935464262962341, 0.9961350560188293, 0.9907461404800415, 0.9981687068939209, 2.2682900428771973, 0.996239423751831, 0.9936374425888062, 0.9929535984992981]","[0.9946669340133667, 0.9981068968772888, 0.9956470131874084, 0.9948947429656982, 0.9905848503112793, 0.991409182548523, 1.0013779401779175, 2.2737486362457275, 0.9918596148490906, 0.9932393431663513]","[0.9995580315589905, 1.0018939971923828, 1.000226378440857, 0.9971073865890503, 0.9938173890113831, 0.9948984384536743, 0.9964311718940735, 1.001794457435608, 2.2370991706848145, 0.997819185256958]","[0.9884868264198303, 0.9940148591995239, 0.9876223206520081, 0.9898894429206848, 0.991142213344574, 0.9900608658790588, 0.9878274202346802, 0.9894224405288696, 0.987534761428833, 2.3267650604248047]"
1,0.4,0.01,fixed,fixed,"[2.2573115825653076, 0.9956300854682922, 1.002272367477417, 0.9951498508453369, 0.9912691116333008, 0.9967572093009949, 0.9946844577789307, 0.9966720938682556, 0.9970102310180664, 0.996454656124115]","[0.9964887499809265, 2.2457635402679443, 0.9958167672157288, 0.996837317943573, 0.9937623143196106, 0.996884286403656, 0.9969945549964905, 1.0036038160324097, 0.9980729818344116, 0.9974067807197571]","[0.9891517162322998, 0.9879276752471924, 2.3513987064361572, 0.9870860576629639, 0.9831339120864868, 0.9881283640861511, 0.9903160929679871, 0.9888712763786316, 0.9850913286209106, 0.9856160879135132]","[0.9915062785148621, 0.9909049272537231, 0.992267370223999, 2.2771220207214355, 0.9885877966880798, 0.9921565055847168, 0.9987848997116089, 0.9967119097709656, 0.9985074400901794, 0.9997256398200989]","[0.9909645915031433, 0.9959417581558228, 0.9936094880104065, 0.9921274781227112, 2.2884950637817383, 0.9888314604759216, 0.9961512684822083, 0.9980879426002502, 0.990634024143219, 0.9925698637962341]","[0.9933921098709106, 0.9941973686218262, 0.9958409070968628, 0.9964980483055115, 0.9894882440567017, 2.292299509048462, 0.9939150810241699, 0.9945034980773926, 0.9867976903915405, 0.9910651445388794]","[0.996252715587616, 0.9923180937767029, 0.9920006990432739, 0.9942887425422668, 0.9892057180404663, 0.9967739582061768, 2.288788318634033, 0.9940329194068909, 0.9928228259086609, 0.9908638000488281]","[0.9906439185142517, 0.9959639310836792, 0.9943453669548035, 0.9939019083976746, 0.9895129799842834, 0.9902253150939941, 1.0008964538574219, 2.2874648571014404, 0.9921948313713074, 0.9923012852668762]","[0.9953214526176453, 0.9999328255653381, 0.9988037943840027, 0.9953882098197937, 0.9922823905944824, 0.9924147129058838, 0.9951452016830444, 0.9997785091400146, 2.2582755088806152, 0.9959627985954285]","[0.9846941232681274, 0.9918100237846375, 0.9859073162078857, 0.9881388545036316, 0.989773690700531, 0.9886195659637451, 0.9867870211601257, 0.9875931739807129, 0.9876647591590881, 2.3445451259613037]"
1,0.4,0.003,fixed,fixed,"[2.274362802505493, 0.9943757057189941, 1.0027562379837036, 0.9929698705673218, 0.9899550676345825, 0.9951139688491821, 0.992445170879364, 0.9937217235565186, 0.9953990578651428, 0.9946057200431824]","[0.9953266978263855, 2.2640316486358643, 0.9959757924079895, 0.9942708611488342, 0.9928837418556213, 0.9949504733085632, 0.9944822192192078, 0.9996464252471924, 0.996597409248352, 0.9956359267234802]","[0.9877724647521973, 0.9863629937171936, 2.3740150928497314, 0.9846004247665405, 0.9815678596496582, 0.9862491488456726, 0.987947940826416, 0.9851346611976624, 0.9831656217575073, 0.983601987361908]","[0.9901917576789856, 0.9892268776893616, 0.9925715923309326, 2.291569709777832, 0.9874367713928223, 0.990797221660614, 0.9969333410263062, 0.9936265349388123, 0.9969614744186401, 0.9989126920700073]","[0.9892163276672363, 0.9947081208229065, 0.9935430288314819, 0.9897879958152771, 2.308497667312622, 0.9865681529045105, 0.9933047294616699, 0.9954232573509216, 0.988638162612915, 0.9906110167503357]","[0.9922782182693481, 0.9927636981010437, 0.9955406188964844, 0.9946953058242798, 0.9879633784294128, 2.3090691566467285, 0.9918553829193115, 0.9919551014900208, 0.9844582080841064, 0.9899271726608276]","[0.9953054189682007, 0.991482138633728, 0.9924821853637695, 0.9933019876480103, 0.9888091683387756, 0.9958533644676208, 2.2986607551574707, 0.9921439290046692, 0.9911862015724182, 0.9895172119140625]","[0.9922131299972534, 0.9970601797103882, 1.000113606452942, 0.9948689937591553, 0.9920103549957275, 0.9914149045944214, 1.0011237859725952, 2.268537998199463, 0.9935306310653687, 0.9940016269683838]","[0.9941362142562866, 0.9987146258354187, 0.9993811249732971, 0.993145763874054, 0.9912762641906738, 0.9905766248703003, 0.9933025240898132, 0.9977378249168396, 2.2719860076904297, 0.9949803352355957]","[0.9830797910690308, 0.9905513525009155, 0.9859415292739868, 0.9861835241317749, 0.9886838793754578, 0.9871326088905334, 0.984070360660553, 0.98482745885849, 0.9862785339355469, 2.3615729808807373]"
1,0.4,0.001,fixed,fixed,"[2.2987701892852783, 0.9919008016586304, 1.0012661218643188, 0.990110456943512, 0.9883227944374084, 0.9928787350654602, 0.9895073175430298, 0.99141526222229, 0.9925410151481628, 0.992523729801178]","[0.9956084489822388, 2.2778146266937256, 0.9951380491256714, 0.9919198751449585, 0.9925796985626221, 0.9933198094367981, 0.9916706681251526, 0.9983170032501221, 0.9947675466537476, 0.9945569634437561]","[0.9875547289848328, 0.9841902852058411, 2.3949692249298096, 0.982047975063324, 0.9802961945533752, 0.9843904376029968, 0.9846572875976562, 0.9833185076713562, 0.9806052446365356, 0.9820319414138794]","[0.9900698661804199, 0.9869715571403503, 0.9914839267730713, 2.3054134845733643, 0.9866089224815369, 0.9894869923591614, 0.9942315816879272, 0.9928867220878601, 0.9948096871376038, 0.9982036352157593]","[0.9885274767875671, 0.9927617907524109, 0.9920032024383545, 0.9872772693634033, 2.3309803009033203, 0.9842231273651123, 0.9895493388175964, 0.9935077428817749, 0.9859034419059753, 0.9889764189720154]","[0.9923129677772522, 0.9907089471817017, 0.9946209788322449, 0.9928104877471924, 0.9867200255393982, 2.3258543014526367, 0.98928302526474, 0.9909884333610535, 0.9814733266830444, 0.9884310364723206]","[0.9968612790107727, 0.9906662106513977, 0.9924327731132507, 0.9922841787338257, 0.9885507822036743, 0.995490550994873, 2.303401470184326, 0.9913448095321655, 0.9895192980766296, 0.9890187978744507]","[0.9916415214538574, 0.9948611259460449, 0.9987205862998962, 0.9932066202163696, 0.9911167025566101, 0.9898090362548828, 0.9976640939712524, 2.2859201431274414, 0.9913299679756165, 0.9928082823753357]","[0.9945755004882812, 0.9976333975791931, 0.9988105893135071, 0.99169921875, 0.9908573031425476, 0.9886163473129272, 0.9904168844223022, 0.9969344735145569, 2.283613681793213, 0.9938110709190369]","[0.9825153946876526, 0.9885704517364502, 0.9844226837158203, 0.9840452671051025, 0.9877722859382629, 0.9855522513389587, 0.9811533689498901, 0.9835528135299683, 0.9841420650482178, 2.3796191215515137]"
3,0.4,10,fixed,fixed,"[2.205317735671997, 1.0083458423614502, 0.9993192553520203, 0.9995819330215454, 1.0003801584243774, 0.9996957182884216, 1.0010260343551636, 1.0042043924331665, 1.0028434991836548, 0.9963753819465637]","[0.9958620667457581, 2.2524311542510986, 0.9958940744400024, 0.9958555102348328, 0.9971249103546143, 0.9995864033699036, 1.0009469985961914, 0.997919499874115, 0.9935073852539062, 0.9933146238327026]","[1.0043120384216309, 1.0103451013565063, 2.1795814037323, 1.003313422203064, 1.0039935111999512, 1.0046286582946777, 1.0047239065170288, 1.0031031370162964, 1.0013777017593384, 0.9988342523574829]","[1.0058462619781494, 1.0062427520751953, 1.0074626207351685, 2.1593427658081055, 1.0115652084350586, 1.003738522529602, 1.005306601524353, 1.0074325799942017, 1.0032322406768799, 1.0019725561141968]","[1.0097827911376953, 1.0093045234680176, 1.010167121887207, 1.0046933889389038, 2.1506831645965576, 1.0043784379959106, 1.0086798667907715, 1.0048577785491943, 1.0013375282287598, 1.0075125694274902]","[0.9978991150856018, 1.0015650987625122, 1.0022133588790894, 0.9992735981941223, 0.999028205871582, 2.215402603149414, 0.9997107982635498, 1.0054620504379272, 0.999453604221344, 0.9979100227355957]","[0.9995476603507996, 1.0011600255966187, 0.9978256225585938, 1.0041139125823975, 1.000206470489502, 1.0033384561538696, 2.2205004692077637, 0.9985260367393494, 0.9964253902435303, 0.9969363808631897]","[1.0006968975067139, 1.0016106367111206, 0.9965206980705261, 1.0033562183380127, 0.9973695874214172, 0.9987003207206726, 1.0010390281677246, 2.2289199829101562, 0.9957007169723511, 0.9956960082054138]","[0.9961380362510681, 1.0005143880844116, 0.996627151966095, 0.9995161294937134, 0.9976922869682312, 0.9976468682289124, 0.9992477893829346, 0.9982337951660156, 2.2398526668548584, 0.9952080845832825]","[1.011202096939087, 1.0113857984542847, 1.0087558031082153, 1.0152186155319214, 1.0097554922103882, 1.0193356275558472, 1.0120781660079956, 1.0121643543243408, 1.0185234546661377, 2.088226318359375]"
3,0.4,3,fixed,fixed,"[2.226752519607544, 1.0057724714279175, 0.9979422092437744, 0.9972106218338013, 0.9984800815582275, 0.9972396492958069, 0.9968315362930298, 1.0019196271896362, 1.00123929977417, 0.9960708022117615]","[0.9954242706298828, 2.265864372253418, 0.9945351481437683, 0.994857907295227, 0.9958475828170776, 0.9979037046432495, 0.9977133870124817, 0.9960288405418396, 0.9922704100608826, 0.9935852885246277]","[1.0033156871795654, 1.00777268409729, 2.1978695392608643, 1.0016547441482544, 1.0021573305130005, 1.0030590295791626, 1.0007481575012207, 1.0008882284164429, 0.9998726844787598, 0.99868243932724]","[1.0051519870758057, 1.0042920112609863, 1.0059406757354736, 2.1771538257598877, 1.009786605834961, 1.0017592906951904, 1.0016916990280151, 1.0052345991134644, 1.0015838146209717, 1.0012896060943604]","[1.0084632635116577, 1.0069713592529297, 1.0086971521377563, 1.0031863451004028, 2.168874502182007, 1.0028166770935059, 1.0040173530578613, 1.0033897161483765, 0.9998857378959656, 1.006801724433899]","[0.9974561929702759, 0.999605655670166, 1.0017021894454956, 0.9980469942092896, 0.9980555176734924, 2.2303476333618164, 0.9956729412078857, 1.003659963607788, 0.9977980852127075, 0.9973381161689758]","[1.0003303289413452, 1.0019742250442505, 0.9988113641738892, 1.0043047666549683, 1.0006839036941528, 1.0031453371047974, 2.2125205993652344, 0.9988905191421509, 0.9980481863021851, 0.9988203644752502]","[1.0003623962402344, 0.9995051026344299, 0.9951691031455994, 1.002215027809143, 0.9964749813079834, 0.9968411326408386, 0.9973152279853821, 2.243821144104004, 0.9944216012954712, 0.9952574968338013]","[0.9951478838920593, 0.9983132481575012, 0.995489776134491, 0.9979350566864014, 0.9963569641113281, 0.995256245136261, 0.9957587718963623, 0.9964508414268494, 2.2580463886260986, 0.9941708445549011]","[1.009649395942688, 1.0089515447616577, 1.0071574449539185, 1.0130984783172607, 1.0074734687805176, 1.016458511352539, 1.0077316761016846, 1.0094974040985107, 1.0158753395080566, 2.112457036972046]"
3,0.4,1,fixed,fixed,"[2.2415504455566406, 1.0030388832092285, 0.9964778423309326, 0.9953486323356628, 0.9980309009552002, 0.9976226091384888, 0.9940177202224731, 1.0005340576171875, 0.9998082518577576, 0.9947708249092102]","[0.9967324137687683, 2.245255470275879, 0.995514452457428, 0.9962358474731445, 1.0007303953170776, 1.0013041496276855, 0.9980014562606812, 0.9973664283752441, 0.9940446019172668, 0.9963064789772034]","[1.0017703771591187, 1.0052560567855835, 2.2146291732788086, 0.9989120960235596, 1.0017024278640747, 1.0026795864105225, 0.9975128173828125, 0.9991544485092163, 0.9987671971321106, 0.9975265860557556]","[1.0038632154464722, 1.0016913414001465, 1.0045924186706543, 2.1915366649627686, 1.0088664293289185, 1.0010743141174316, 0.9996345639228821, 1.0035468339920044, 1.00040602684021, 1.0001986026763916]","[1.0068044662475586, 1.0036348104476929, 1.0071088075637817, 1.0008243322372437, 2.186831474304199, 1.002181053161621, 1.0013667345046997, 1.002138376235962, 0.998612642288208, 1.0053907632827759]","[0.9952807426452637, 0.9962720274925232, 1.000381350517273, 0.9954859018325806, 0.9979403614997864, 2.2526168823242188, 0.9921717643737793, 1.0013877153396606, 0.9956343173980713, 0.9953769445419312]","[1.0015010833740234, 1.0023696422576904, 1.000898838043213, 1.0053434371948242, 1.0052313804626465, 1.0065795183181763, 2.19242525100708, 1.0005097389221191, 1.0005526542663574, 0.999975860118866]","[0.9987192749977112, 0.9962023496627808, 0.9935880303382874, 1.0000300407409668, 0.9967043995857239, 0.9961077570915222, 0.9947199821472168, 2.260087490081787, 0.9932103753089905, 0.9940077066421509]","[0.9935802221298218, 0.9947910904884338, 0.9940998554229736, 0.9957484006881714, 0.9956365823745728, 0.994468629360199, 0.9932243824005127, 0.9947525262832642, 2.276787281036377, 0.9923015236854553]","[1.0080496072769165, 1.0057361125946045, 1.0057765245437622, 1.0106444358825684, 1.006705641746521, 1.0154958963394165, 1.0047439336776733, 1.007386326789856, 1.0137455463409424, 2.131704568862915]"
3,0.4,0.3,fixed,fixed,"[2.2579505443573, 1.002322793006897, 0.9951898455619812, 0.9938061237335205, 0.9961696267127991, 0.9965500831604004, 0.9919848442077637, 0.9980413913726807, 0.9997595548629761, 0.991682231426239]","[0.9945113658905029, 2.2655038833618164, 0.9934201240539551, 0.9947932362556458, 0.9988129138946533, 0.9996845126152039, 0.9956493377685547, 0.9946648478507996, 0.994011402130127, 0.9930371642112732]","[1.001159906387329, 1.0049270391464233, 2.2239530086517334, 0.9977208971977234, 1.0002672672271729, 1.0023268461227417, 0.9958348274230957, 0.9985299110412598, 0.9987704753875732, 0.9956066608428955]","[1.0020331144332886, 1.0007071495056152, 1.001802921295166, 2.209442138671875, 1.0069127082824707, 0.9996210336685181, 0.9975869059562683, 1.0007963180541992, 1.0006678104400635, 0.9977579712867737]","[1.0049970149993896, 1.0023728609085083, 1.0046825408935547, 0.9994345307350159, 2.2038702964782715, 1.0012423992156982, 0.9997357726097107, 0.9988391399383545, 0.999106764793396, 1.0023123025894165]","[0.9933604001998901, 0.9950979948043823, 0.9982481598854065, 0.9940913319587708, 0.9966034889221191, 2.2720112800598145, 0.9898636937141418, 0.9983474016189575, 0.9953964352607727, 0.9920812249183655]","[0.9999610185623169, 1.0026910305023193, 1.0001040697097778, 1.0039805173873901, 1.003977656364441, 1.00570547580719, 2.202390193939209, 0.9988523721694946, 1.0015311241149902, 0.997340738773346]","[0.9993211030960083, 0.9975661039352417, 0.9938675761222839, 1.0019664764404297, 0.9978163838386536, 0.9972369074821472, 0.9958599805831909, 2.2456326484680176, 0.9986698031425476, 0.9936748147010803]","[0.9915350675582886, 0.9931988716125488, 0.9919939637184143, 0.9938249588012695, 0.9937638640403748, 0.9922448992729187, 0.9909743666648865, 0.9917901754379272, 2.300786018371582, 0.9887039661407471]","[1.0070022344589233, 1.0053819417953491, 1.0043551921844482, 1.0099879503250122, 1.0057040452957153, 1.0148723125457764, 1.0040068626403809, 1.0058269500732422, 1.015336036682129, 2.1383392810821533]"
3,0.4,0.1,fixed,fixed,"[2.240368604660034, 1.0035569667816162, 0.9968845844268799, 0.9937251806259155, 0.9982179403305054, 0.9963554739952087, 0.9964685440063477, 1.0000797510147095, 1.0017282962799072, 0.9938002824783325]","[0.9920240044593811, 2.280611276626587, 0.9926736950874329, 0.9912576675415039, 0.9976980090141296, 0.9964920282363892, 0.9954327344894409, 0.9937481880187988, 0.9924888610839844, 0.9936647415161133]","[0.9988223910331726, 1.0035936832427979, 2.2376065254211426, 0.9947866797447205, 0.9994519948959351, 0.9995511770248413, 0.9950360059738159, 0.9982357621192932, 0.9978861808776855, 0.9956832528114319]","[1.0017768144607544, 1.0016967058181763, 1.002755880355835, 2.193417549133301, 1.0090874433517456, 0.999683141708374, 0.9999075531959534, 1.0026185512542725, 1.0014680624008179, 1.0031521320343018]","[1.0013335943222046, 1.000183343887329, 1.0034029483795166, 0.9956827759742737, 2.2241921424865723, 0.9971939921379089, 0.9992618560791016, 0.9983501434326172, 0.9973765015602112, 1.001989483833313]","[0.9927433729171753, 0.995599627494812, 1.0021629333496094, 0.9923147559165955, 0.9980435967445374, 2.2583465576171875, 0.9922667741775513, 1.000585913658142, 0.9961115121841431, 0.9953923225402832]","[0.9965360164642334, 1.0010713338851929, 0.9992302060127258, 1.001634955406189, 1.0031901597976685, 1.003210425376892, 2.21821665763855, 0.9981511831283569, 1.0004571676254272, 0.996576189994812]","[0.9957154989242554, 0.9951794147491455, 0.992255687713623, 0.997925341129303, 0.9966652989387512, 0.9934431314468384, 0.9955454468727112, 2.267925977706909, 0.9966831207275391, 0.992983341217041]","[0.9890769124031067, 0.9913548827171326, 0.9909180998802185, 0.9901366829872131, 0.9928165078163147, 0.9891824722290039, 0.9904794096946716, 0.9912036657333374, 2.3179540634155273, 0.9881882071495056]","[1.0040137767791748, 1.003757357597351, 1.0030198097229004, 1.00639808177948, 1.0042680501937866, 1.0120444297790527, 1.0030710697174072, 1.0048143863677979, 1.0130846500396729, 2.157886505126953]"
3,0.4,0.03,fixed,fixed,"[2.2552757263183594, 1.0022010803222656, 0.9946258664131165, 0.9922382235527039, 0.9968568086624146, 0.9947778582572937, 0.9950577616691589, 0.9995104670524597, 0.9985094666481018, 0.9939327836036682]","[0.9920167326927185, 2.268852710723877, 0.9924968481063843, 0.9926170706748962, 0.9989726543426514, 0.9970839619636536, 0.9963454604148865, 0.99515300989151, 0.9915202856063843, 0.9996932148933411]","[0.9981361627578735, 1.002474069595337, 2.241777181625366, 0.9942299127578735, 0.9989262223243713, 0.9990665912628174, 0.9951584339141846, 0.9988569021224976, 0.9956706166267395, 0.996816873550415]","[0.9998109936714172, 0.9999276399612427, 0.9997328519821167, 2.2116336822509766, 1.0076055526733398, 0.9976978302001953, 0.9986478686332703, 1.001181960105896, 0.9982308745384216, 1.00320303440094]","[0.9991601705551147, 0.997642993927002, 1.0006288290023804, 0.9940888285636902, 2.2443203926086426, 0.9954909086227417, 0.9978580474853516, 0.9969686269760132, 0.9935153126716614, 1.0018184185028076]","[0.990934431552887, 0.9940882325172424, 0.9999463558197021, 0.9911956191062927, 0.9974236488342285, 2.2738356590270996, 0.9912511706352234, 0.9988116025924683, 0.992534339427948, 0.9955684542655945]","[0.9942750334739685, 0.9986898899078369, 0.9968090653419495, 1.0005152225494385, 1.0023595094680786, 1.0015782117843628, 2.2350809574127197, 0.9964990615844727, 0.9976134896278381, 0.9968859553337097]","[0.993657648563385, 0.9928751587867737, 0.9899203777313232, 0.996684730052948, 0.9959166049957275, 0.9914368987083435, 0.9941006302833557, 2.285280227661133, 0.9933998584747314, 0.9934388399124146]","[0.9896829724311829, 0.9936386346817017, 0.9904529452323914, 0.9913573861122131, 0.9941778779029846, 0.9892618060112, 0.992120623588562, 0.991969645023346, 2.3061561584472656, 0.9907901287078857]","[1.0017952919006348, 1.0013238191604614, 1.0000557899475098, 1.0044289827346802, 1.002390742301941, 1.0092693567276, 1.0010544061660767, 1.0028058290481567, 1.0091052055358887, 2.182382345199585]"
3,0.4,0.01,fixed,fixed,"[2.2711753845214844, 0.9993571043014526, 0.9922993183135986, 0.9904278516769409, 0.9963717460632324, 0.9928427934646606, 0.9942067861557007, 0.998656153678894, 0.9972186088562012, 0.9925174713134766]","[0.9960658550262451, 2.2458441257476807, 0.9922564625740051, 0.9945306181907654, 1.0032992362976074, 0.998468816280365, 0.9998167753219604, 0.9964991211891174, 0.9933505058288574, 1.0019032955169678]","[0.9973388910293579, 1.000205397605896, 2.251535177230835, 0.9926650524139404, 0.9989569783210754, 0.9974907040596008, 0.9951528906822205, 0.9980072379112244, 0.9950571656227112, 0.9959008097648621]","[0.9989966750144958, 0.9967735409736633, 0.997082531452179, 2.228760242462158, 1.0066707134246826, 0.9956039786338806, 0.9980144500732422, 0.9995822906494141, 0.996745765209198, 1.0015469789505005]","[0.9971969723701477, 0.9937478303909302, 0.9977237582206726, 0.9922440052032471, 2.26532244682312, 0.9935028553009033, 0.9968841671943665, 0.9957873225212097, 0.9919225573539734, 0.9998342394828796]","[0.9898896217346191, 0.9911743998527527, 0.9982849955558777, 0.9899275898933411, 0.9977728128433228, 2.2867989540100098, 0.9908827543258667, 0.9976004958152771, 0.9910418391227722, 0.9940178394317627]","[0.9922117590904236, 0.9950006604194641, 0.9942865967750549, 0.998747706413269, 1.0019841194152832, 0.9992639422416687, 2.255763292312622, 0.994679868221283, 0.9962456822395325, 0.9948368072509766]","[0.9924145340919495, 0.9890459179878235, 0.9870555400848389, 0.9951271414756775, 0.9964064955711365, 0.9890815019607544, 0.9939857125282288, 2.3027944564819336, 0.9918973445892334, 0.9916509985923767]","[0.9892302751541138, 0.9898435473442078, 0.9880340695381165, 0.9895983338356018, 0.9937570691108704, 0.9866126179695129, 0.9917527437210083, 0.9906344413757324, 2.324287176132202, 0.988641619682312]","[1.0005661249160767, 0.9980481863021851, 0.997858464717865, 1.0028140544891357, 1.0016942024230957, 1.0068162679672241, 0.9998111724853516, 1.0012761354446411, 1.0071654319763184, 2.200471878051758]"
3,0.4,0.003,fixed,fixed,"[2.2879199981689453, 0.9974529147148132, 0.9911018013954163, 0.9886506199836731, 0.9944717884063721, 0.9915606379508972, 0.9911773204803467, 0.9977385997772217, 0.9952275156974792, 0.9920611381530762]","[0.9945672154426575, 2.259263277053833, 0.9909040927886963, 0.9935384392738342, 1.0020283460617065, 0.9973312020301819, 0.9973507523536682, 0.9951505064964294, 0.9915846586227417, 1.0021601915359497]","[0.9957678318023682, 0.9980257749557495, 2.269205331802368, 0.990594744682312, 0.9972620606422424, 0.996028482913971, 0.9926530718803406, 0.996555507183075, 0.9932025074958801, 0.9954050183296204]","[0.997430682182312, 0.9948263764381409, 0.9955692887306213, 2.246361255645752, 1.0049042701721191, 0.9941710829734802, 0.9953890442848206, 0.9979275465011597, 0.9945666193962097, 1.000858187675476]","[0.99549800157547, 0.9913735389709473, 0.9962039589881897, 0.9906867146492004, 2.2824463844299316, 0.9924216866493225, 0.9941879510879517, 0.9947967529296875, 0.9898837208747864, 0.9990653991699219]","[0.9881237745285034, 0.9889340400695801, 0.9974733591079712, 0.9884137511253357, 0.9965063333511353, 2.3047499656677246, 0.9881436228752136, 0.9960488677024841, 0.9885718822479248, 0.9931488037109375]","[0.9909685850143433, 0.993702232837677, 0.9940865635871887, 0.9982067942619324, 1.001481533050537, 0.9987959265708923, 2.262401580810547, 0.9939926266670227, 0.9953711628913879, 0.9949420690536499]","[0.9906386137008667, 0.986694872379303, 0.9854499101638794, 0.9937305450439453, 0.9952492713928223, 0.98750901222229, 0.9910550117492676, 2.321119546890259, 0.9898223876953125, 0.9909518957138062]","[0.9880565404891968, 0.9878984689712524, 0.987149178981781, 0.9882775545120239, 0.9926788806915283, 0.985023021697998, 0.9896379709243774, 0.9896406531333923, 2.3383495807647705, 0.9878593683242798]","[0.9986534118652344, 0.9956347346305847, 0.9962733387947083, 1.0007156133651733, 0.9994404315948486, 1.0045018196105957, 0.9963376522064209, 0.9991685152053833, 1.0040111541748047, 2.224480390548706]"
3,0.4,0.001,fixed,fixed,"[2.3077423572540283, 0.9954570531845093, 0.991641104221344, 0.9866304397583008, 0.9922360181808472, 0.9894641041755676, 0.9879545569419861, 0.9971007108688354, 0.9924697875976562, 0.9895966649055481]","[0.9946155548095703, 2.2752292156219482, 0.9898543953895569, 0.9911972284317017, 1.0000331401824951, 0.9962335824966431, 0.9944788217544556, 0.9955253601074219, 0.9894154071807861, 0.9993166923522949]","[0.9943866729736328, 0.996244490146637, 2.2920422554016113, 0.9871596693992615, 0.9950462579727173, 0.9939672350883484, 0.9893804788589478, 0.996595561504364, 0.9907761812210083, 0.9924364686012268]","[0.9974179863929749, 0.9942523837089539, 0.9962404370307922, 2.254030227661133, 1.0036348104476929, 0.9943236112594604, 0.9921919107437134, 0.9985418915748596, 0.9938669204711914, 0.9984378814697266]","[0.9951082468032837, 0.9898034334182739, 0.9957287311553955, 0.9882428050041199, 2.2979228496551514, 0.9911089539527893, 0.9920247793197632, 0.9947447180747986, 0.9886913895606995, 0.9953693151473999]","[0.9867741465568542, 0.9873236417770386, 0.9971979856491089, 0.986147940158844, 0.9949483275413513, 2.3230464458465576, 0.985181450843811, 0.9964343905448914, 0.9865713715553284, 0.9895691871643066]","[0.991671085357666, 0.9932079911231995, 0.9946141839027405, 0.9970967769622803, 1.0001201629638672, 0.9983610510826111, 2.267178535461426, 0.9951846599578857, 0.99361252784729, 0.993392288684845]","[0.9903488159179688, 0.9845689535140991, 0.9841476678848267, 0.9913905262947083, 0.9933956861495972, 0.9854348301887512, 0.9884109497070312, 2.3430979251861572, 0.9874343872070312, 0.9873692989349365]","[0.9893586039543152, 0.988358736038208, 0.9896129369735718, 0.9881818294525146, 0.9933137893676758, 0.9854000806808472, 0.9889190196990967, 0.9942323565483093, 2.328557252883911, 0.987287163734436]","[0.9995110034942627, 0.9962707161903381, 0.9979323148727417, 1.00040864944458, 0.9992261528968811, 1.005004644393921, 0.9952247142791748, 1.0011132955551147, 1.0061131715774536, 2.2177724838256836]"
2,0.4,10,fixed,fixed,"[2.2422938346862793, 0.9936735033988953, 0.9989417195320129, 1.000184178352356, 1.0024349689483643, 0.9940225481987, 0.9952796101570129, 0.9928063750267029, 1.0035886764526367, 0.9984155893325806]","[1.0064259767532349, 2.1699564456939697, 1.0065295696258545, 1.0072424411773682, 1.007766604423523, 1.0034550428390503, 1.0016355514526367, 0.9983751177787781, 1.0045485496520996, 1.007335901260376]","[1.0027263164520264, 1.0035195350646973, 2.206887722015381, 1.0035367012023926, 1.0030463933944702, 0.9974715709686279, 0.9975528717041016, 0.9954255819320679, 1.00568425655365, 1.001427173614502]","[1.0040558576583862, 1.0030643939971924, 1.0155479907989502, 2.1723830699920654, 1.0046318769454956, 1.0007394552230835, 1.0004483461380005, 1.0027133226394653, 1.0038398504257202, 1.0066492557525635]","[1.0017746686935425, 1.0003193616867065, 1.0032179355621338, 1.005231499671936, 2.1976675987243652, 1.000707745552063, 1.001774787902832, 1.0020229816436768, 1.00175940990448, 1.0012619495391846]","[0.9964215755462646, 0.9946848750114441, 0.9970083832740784, 1.0046647787094116, 0.9982010722160339, 2.246053695678711, 0.9962260127067566, 0.9934488534927368, 0.9981255531311035, 0.9969809055328369]","[0.9971445798873901, 0.9946001172065735, 0.9992108941078186, 1.001554012298584, 0.9999141693115234, 0.9967811107635498, 2.237877130508423, 0.9955610632896423, 1.000158429145813, 0.9977574348449707]","[1.0093097686767578, 1.0059534311294556, 1.0119510889053345, 1.025131106376648, 1.0184913873672485, 1.0072880983352661, 1.0104897022247314, 2.09001088142395, 1.0141719579696655, 1.0151487588882446]","[1.0007808208465576, 1.0011138916015625, 1.0041488409042358, 1.0108473300933838, 1.0043104887008667, 1.0004085302352905, 1.0013437271118164, 0.999457061290741, 2.1912078857421875, 1.0019363164901733]","[1.0019932985305786, 1.0021306276321411, 1.0020782947540283, 1.0080342292785645, 1.0073660612106323, 1.0008494853973389, 1.0027908086776733, 1.004103660583496, 1.0156174898147583, 2.168834686279297]"
2,0.4,3,fixed,fixed,"[2.2635319232940674, 0.9917319416999817, 0.9968376159667969, 0.9972188472747803, 1.0000104904174805, 0.9929766654968262, 0.9937309622764587, 0.9918054342269897, 1.000461220741272, 0.9958068132400513]","[1.005005121231079, 2.1885628700256348, 1.004029393196106, 1.00382661819458, 1.0053131580352783, 1.0020135641098022, 1.000396966934204, 0.9978616833686829, 1.0023139715194702, 1.0056726932525635]","[1.0023775100708008, 1.0022337436676025, 2.218782663345337, 1.001341700553894, 1.0019879341125488, 0.9973758459091187, 0.9963340759277344, 0.9956693053245544, 1.0026569366455078, 0.9996490478515625]","[1.003716230392456, 1.0023237466812134, 1.014148235321045, 2.1828601360321045, 1.0025334358215332, 1.000110149383545, 0.9996747374534607, 1.0024800300598145, 1.0021560192108154, 1.005017876625061]","[1.0017050504684448, 0.9999609589576721, 1.0012456178665161, 1.0032371282577515, 2.207138776779175, 1.0006991624832153, 1.0009485483169556, 1.0026360750198364, 1.0001542568206787, 0.9990350008010864]","[0.9951996207237244, 0.9924920797348022, 0.9951596260070801, 1.0012434720993042, 0.9959595799446106, 2.2669970989227295, 0.994957447052002, 0.9928848743438721, 0.9948604106903076, 0.994581401348114]","[0.9962810277938843, 0.9933198690414429, 0.9967540502548218, 0.9986801147460938, 0.9976255297660828, 0.9960529804229736, 2.256312131881714, 0.9952365756034851, 0.9970776438713074, 0.9953934550285339]","[1.0070772171020508, 1.0044900178909302, 1.0093812942504883, 1.0215020179748535, 1.0160325765609741, 1.0056027173995972, 1.0090162754058838, 2.113658905029297, 1.0110677480697632, 1.0114539861679077]","[1.0001109838485718, 1.0013068914413452, 1.0015889406204224, 1.0088045597076416, 1.0029008388519287, 0.9997441172599792, 0.9999826550483704, 0.9994544386863708, 2.20245099067688, 1.0002555847167969]","[1.0011639595031738, 1.0016041994094849, 1.000754475593567, 1.0056897401809692, 1.0052002668380737, 1.0005168914794922, 1.001429557800293, 1.0040417909622192, 1.0133905410766602, 2.180950880050659]"
2,0.4,1,fixed,fixed,"[2.289045810699463, 0.987998902797699, 0.9955227375030518, 0.9943380951881409, 0.9976651668548584, 0.99090576171875, 0.9917125701904297, 0.9901096224784851, 0.9973731637001038, 0.9929142594337463]","[1.0058279037475586, 2.1958093643188477, 1.0032092332839966, 1.0020321607589722, 1.004655361175537, 1.0012118816375732, 0.9994685649871826, 0.9978916645050049, 1.000697135925293, 1.0050007104873657]","[1.0020931959152222, 0.9989091157913208, 2.2378170490264893, 0.9989747405052185, 1.0007503032684326, 0.9959967136383057, 0.9943894743919373, 0.9949599504470825, 0.9994146227836609, 0.9973307251930237]","[1.0038516521453857, 0.9991426467895508, 1.0136921405792236, 2.196474313735962, 1.0006685256958008, 0.9986101984977722, 0.9985856413841248, 1.0017061233520508, 1.0006635189056396, 1.003257155418396]","[1.0020745992660522, 0.9977293610572815, 1.0001834630966187, 1.0014457702636719, 2.219249963760376, 0.9997842907905579, 0.9997711181640625, 1.0026710033416748, 0.9987050890922546, 0.9966452121734619]","[0.9949938058853149, 0.9891360998153687, 0.9947934746742249, 0.9986021518707275, 0.9944906830787659, 2.2834103107452393, 0.9939126968383789, 0.9923197627067566, 0.9923299551010132, 0.9925935864448547]","[0.9961360692977905, 0.9907609820365906, 0.9954848885536194, 0.9962887763977051, 0.9958138465881348, 0.9946956634521484, 2.273695468902588, 0.9946128129959106, 0.9944339394569397, 0.9931435585021973]","[1.005743145942688, 1.0010172128677368, 1.0081760883331299, 1.018532633781433, 1.0142260789871216, 1.0034676790237427, 1.0076462030410767, 2.1356101036071777, 1.008575677871704, 1.0080528259277344]","[0.9999276399612427, 0.9992177486419678, 0.9999860525131226, 1.0070098638534546, 1.0017338991165161, 0.9982203245162964, 0.9983177185058594, 0.9989205598831177, 2.2163476943969727, 0.9984545707702637]","[1.0009639263153076, 0.999496579170227, 1.000525951385498, 1.0037357807159424, 1.0034191608428955, 0.9994651079177856, 0.9999065399169922, 1.003590703010559, 1.011508822441101, 2.1933059692382812]"
2,0.4,0.3,fixed,fixed,"[2.3050575256347656, 0.9877907037734985, 0.9937066435813904, 0.9927144050598145, 0.9962043166160583, 0.9905427098274231, 0.9908287525177002, 0.9871524572372437, 0.9956758618354797, 0.9901566505432129]","[1.0038036108016968, 2.2186119556427, 1.000949501991272, 0.9995042085647583, 1.002010464668274, 1.0008716583251953, 0.9976280331611633, 0.9941923022270203, 0.9987214207649231, 1.0021387338638306]","[1.0008858442306519, 0.9993557929992676, 2.2526838779449463, 0.9979034662246704, 0.9988577365875244, 0.9958314299583435, 0.9931766986846924, 0.9920077919960022, 0.9970798492431641, 0.994814395904541]","[1.002078890800476, 0.9987305998802185, 1.0119465589523315, 2.2141993045806885, 0.9980939626693726, 0.9981263279914856, 0.9972434639930725, 0.9986903071403503, 0.9990893006324768, 1.0003505945205688]","[1.0010302066802979, 0.9984899759292603, 0.9993801712989807, 1.0007624626159668, 2.2258570194244385, 0.9993645548820496, 1.0000884532928467, 0.9996578693389893, 0.9979594945907593, 0.9963522553443909]","[0.9935263991355896, 0.988928496837616, 0.993603527545929, 0.9970656037330627, 0.9928709268569946, 2.2984354496002197, 0.9937624931335449, 0.9900142550468445, 0.9901285767555237, 0.9903801083564758]","[0.994559645652771, 0.9901559948921204, 0.9934026598930359, 0.994684636592865, 0.9932384490966797, 0.9944679737091064, 2.294006109237671, 0.9910508990287781, 0.9921872615814209, 0.990153968334198]","[1.0063276290893555, 1.0066581964492798, 1.009381890296936, 1.0193514823913574, 1.0147703886032104, 1.0064071416854858, 1.0090398788452148, 2.119629383087158, 1.0093988180160522, 1.008287787437439]","[0.9981787204742432, 0.9995377063751221, 0.9974384307861328, 1.0058661699295044, 0.9992653727531433, 0.9980964064598083, 0.9967421293258667, 0.9956588745117188, 2.233678102493286, 0.9958386421203613]","[1.002293586730957, 1.0019972324371338, 1.0019248723983765, 1.0052930116653442, 1.0031133890151978, 1.0043489933013916, 1.0020854473114014, 1.003393530845642, 1.0130826234817505, 2.1765754222869873]"
2,0.4,0.1,fixed,fixed,"[2.2853307723999023, 0.9892823100090027, 0.9971413612365723, 0.9936482906341553, 0.9978393912315369, 0.9922551512718201, 0.9924619197845459, 0.9889345169067383, 0.9949926733970642, 0.9951152801513672]","[1.0008549690246582, 2.2374231815338135, 1.000727653503418, 0.996484637260437, 1.0008560419082642, 0.9985841512680054, 0.995846152305603, 0.9928640127182007, 0.995308518409729, 1.001804232597351]","[0.9978036284446716, 0.9974138140678406, 2.2741503715515137, 0.9956099987030029, 0.9980100989341736, 0.9941307306289673, 0.991294264793396, 0.99078768491745, 0.9924086332321167, 0.9937766194343567]","[0.999011754989624, 0.997676432132721, 1.0127370357513428, 2.2277610301971436, 0.9965577125549316, 0.9962434768676758, 0.9961519241333008, 0.9973421692848206, 0.9964442253112793, 1.0005942583084106]","[0.9992143511772156, 0.9976701736450195, 0.9994712471961975, 0.998867928981781, 2.2408335208892822, 0.9979557991027832, 0.9987953305244446, 0.9990053176879883, 0.9941776990890503, 0.9948539137840271]","[0.991570234298706, 0.9872395396232605, 0.9942726492881775, 0.9947060942649841, 0.9919993281364441, 2.3132331371307373, 0.9929831027984619, 0.989144504070282, 0.9863743782043457, 0.9894532561302185]","[0.9920064806938171, 0.9888580441474915, 0.9941432476043701, 0.992355227470398, 0.9918086528778076, 0.9927777647972107, 2.311901807785034, 0.9899051189422607, 0.9878596067428589, 0.9889302849769592]","[1.0032846927642822, 1.0055612325668335, 1.009535551071167, 1.0166596174240112, 1.013556957244873, 1.0041568279266357, 1.0079315900802612, 2.137367010116577, 1.0057154893875122, 1.0069907903671265]","[0.9982905983924866, 1.0015395879745483, 1.0028917789459229, 1.0069044828414917, 1.0011368989944458, 0.9991766214370728, 0.997967541217804, 0.9976004362106323, 2.2141530513763428, 0.9983116984367371]","[0.9997180700302124, 1.0015240907669067, 1.0024856328964233, 1.0035630464553833, 1.0018774271011353, 1.0031263828277588, 1.000777244567871, 1.0025845766067505, 1.0100414752960205, 2.1895692348480225]"
2,0.4,0.03,fixed,fixed,"[2.303104877471924, 0.9868994951248169, 0.9938889741897583, 0.9917345643043518, 0.9952970147132874, 0.9911553263664246, 0.9915459156036377, 0.9884028434753418, 0.9937606453895569, 0.9936171770095825]","[0.9995708465576172, 2.250969171524048, 0.9975661635398865, 0.9940185546875, 0.9987677335739136, 0.9972445964813232, 0.994762122631073, 0.9932210445404053, 0.9946664571762085, 1.00157630443573]","[0.9997351765632629, 0.9987072944641113, 2.2516705989837646, 0.9970614314079285, 0.9989764094352722, 0.996925950050354, 0.9935901165008545, 0.9958292841911316, 0.9945319294929504, 0.9952195882797241]","[0.9976783394813538, 0.9957427382469177, 1.009845495223999, 2.242008924484253, 0.9935958981513977, 0.9948148131370544, 0.9952641129493713, 0.9978548288345337, 0.9959015846252441, 0.999329149723053]","[0.9988195300102234, 0.9967862963676453, 0.9965431690216064, 0.9978458881378174, 2.2475438117980957, 0.9978163242340088, 0.9985214471817017, 0.9997758865356445, 0.9943837523460388, 0.9936639070510864]","[0.990002453327179, 0.9845082759857178, 0.990985631942749, 0.9922388792037964, 0.9895352125167847, 2.3318521976470947, 0.992240309715271, 0.9894233345985413, 0.9849082231521606, 0.9880689978599548]","[0.9904301166534424, 0.9866657853126526, 0.9903987050056458, 0.9900684356689453, 0.9889385104179382, 0.991524875164032, 2.3322644233703613, 0.9898630976676941, 0.9862105846405029, 0.987215518951416]","[1.0004773139953613, 1.003307819366455, 1.0055859088897705, 1.0137498378753662, 1.0106406211853027, 1.002085566520691, 1.006750226020813, 2.162075996398926, 1.004167079925537, 1.004080057144165]","[0.9962441325187683, 1.0001460313796997, 0.9984323382377625, 1.0047775506973267, 0.9984744787216187, 0.9973291158676147, 0.9961107969284058, 0.9968753457069397, 2.2354209423065186, 0.9966099262237549]","[0.9980595111846924, 1.0001425743103027, 0.9992932081222534, 1.0014338493347168, 0.9989358186721802, 1.0019049644470215, 0.999517023563385, 1.0024704933166504, 1.0090646743774414, 2.206411361694336]"
2,0.4,0.01,fixed,fixed,"[2.2827959060668945, 0.9878804087638855, 0.9963046908378601, 0.9927328824996948, 0.998151957988739, 0.9925946593284607, 0.9969996213912964, 0.9902175068855286, 0.9940155148506165, 0.9950175285339355]","[0.9965295195579529, 2.268915891647339, 0.9962844252586365, 0.9914331436157227, 0.9988095164299011, 0.9949693083763123, 0.9940702319145203, 0.9917037487030029, 0.9912823438644409, 1.0008660554885864]","[0.9966130256652832, 0.9967628717422485, 2.2705278396606445, 0.9952484965324402, 0.9985352754592896, 0.9952840209007263, 0.9931331276893616, 0.9944683909416199, 0.9906790256500244, 0.9935308694839478]","[0.9942967891693115, 0.9944085478782654, 1.009043574333191, 2.2581636905670166, 0.9931334257125854, 0.9927194714546204, 0.995048463344574, 0.9960958361625671, 0.9934296011924744, 0.9978542923927307]","[0.996436357498169, 0.9954301118850708, 0.9947731494903564, 0.9958999156951904, 2.2675962448120117, 0.9959385395050049, 0.9972280859947205, 0.9984540343284607, 0.9914574027061462, 0.9911949634552002]","[0.9879088997840881, 0.9827233552932739, 0.9907203912734985, 0.9902645945549011, 0.9892792701721191, 2.3460397720336914, 0.9917963743209839, 0.9883196949958801, 0.9822655916213989, 0.9868205189704895]","[0.9880528450012207, 0.9855809807777405, 0.9893290996551514, 0.9884374141693115, 0.9888186454772949, 0.9901112914085388, 2.3484060764312744, 0.9887967705726624, 0.9828693270683289, 0.9857996702194214]","[0.9975016713142395, 1.0023099184036255, 1.0046849250793457, 1.0116461515426636, 1.0104691982269287, 1.0000059604644775, 1.0062668323516846, 2.179299831390381, 1.0010793209075928, 1.0016201734542847]","[0.9948535561561584, 1.001135230064392, 0.9992322325706482, 1.0052568912506104, 1.001710295677185, 0.9970434904098511, 0.9972169995307922, 0.9970481991767883, 2.229703903198242, 0.9966580271720886]","[0.995103120803833, 0.9995028376579285, 0.9983925819396973, 0.9995969533920288, 0.998187780380249, 1.0001616477966309, 0.9991788268089294, 1.0005358457565308, 1.0059422254562378, 2.222294330596924]"
2,0.4,0.003,fixed,fixed,"[2.296128988265991, 0.9865818023681641, 0.9957242012023926, 0.9901297092437744, 0.9958901405334473, 0.9917637705802917, 0.9965468049049377, 0.989547610282898, 0.9927312731742859, 0.993549108505249]","[0.9942244291305542, 2.2875940799713135, 0.9947564005851746, 0.9875885248184204, 0.9963052868843079, 0.9932063817977905, 0.9927613139152527, 0.9912093281745911, 0.9898925423622131, 0.9999672174453735]","[0.9946157336235046, 0.9950444102287292, 2.288243532180786, 0.9923397898674011, 0.9965564608573914, 0.9943182468414307, 0.9919389486312866, 0.9939289689064026, 0.9884319305419922, 0.991823673248291]","[0.9929206371307373, 0.9938408136367798, 1.0087039470672607, 2.266767978668213, 0.99073725938797, 0.991844654083252, 0.9949131608009338, 0.99573814868927, 0.9931157827377319, 0.9969040155410767]","[0.9954124689102173, 0.9953247308731079, 0.9939518570899963, 0.9938852190971375, 2.2739458084106445, 0.9957658052444458, 0.997119665145874, 0.9989206194877625, 0.9913058280944824, 0.989736795425415]","[0.9856982231140137, 0.9807630181312561, 0.9899712800979614, 0.986792802810669, 0.9867783784866333, 2.363870859146118, 0.9912036657333374, 0.9884768128395081, 0.9804322123527527, 0.9851521253585815]","[0.9857872128486633, 0.9841089844703674, 0.987568199634552, 0.985099732875824, 0.9858686923980713, 0.9887624382972717, 2.3700804710388184, 0.9879345893859863, 0.9808078408241272, 0.9837543368339539]","[0.9941831827163696, 1.0009474754333496, 1.0031172037124634, 1.0078606605529785, 1.0076438188552856, 0.9980179071426392, 1.005365014076233, 2.202305793762207, 0.9992901682853699, 0.9985580444335938]","[0.992344856262207, 1.0006818771362305, 0.9969354867935181, 1.0023019313812256, 0.9991888403892517, 0.9953302145004272, 0.9956931471824646, 0.9964898228645325, 2.2482948303222656, 0.9948484301567078]","[0.9928082823753357, 0.9987111687660217, 0.9976953268051147, 0.996716320514679, 0.9952903985977173, 0.999144434928894, 0.9980285167694092, 1.0003259181976318, 1.0046590566635132, 2.237504243850708]"
2,0.4,0.001,fixed,fixed,"[2.308692216873169, 0.9868370294570923, 0.9947260618209839, 0.9889652729034424, 0.9948400855064392, 0.9896350502967834, 0.9958056211471558, 0.9875837564468384, 0.9918237924575806, 0.9914839863777161]","[0.9931930899620056, 2.307915449142456, 0.9930235147476196, 0.985214352607727, 0.9951655864715576, 0.9904579520225525, 0.9914665222167969, 0.9878684282302856, 0.9881024360656738, 0.998140811920166]","[0.9938871264457703, 0.9937586784362793, 2.306421995162964, 0.991142988204956, 0.9956273436546326, 0.9917436838150024, 0.9909843802452087, 0.9905344247817993, 0.9864208102226257, 0.9894366264343262]","[0.9924243092536926, 0.9925006628036499, 1.0074412822723389, 2.2854137420654297, 0.9891294836997986, 0.9886616468429565, 0.9939373731613159, 0.992631196975708, 0.9916638731956482, 0.9943121671676636]","[0.9958288073539734, 0.9949821829795837, 0.9932652115821838, 0.9931690096855164, 2.286874771118164, 0.9934273958206177, 0.9971252679824829, 0.9951474070549011, 0.9898333549499512, 0.987561047077179]","[0.9906410574913025, 0.9830226898193359, 0.9921867847442627, 0.9880999326705933, 0.9884624481201172, 2.3452649116516113, 0.993066668510437, 0.9878482818603516, 0.9817510843276978, 0.985848605632782]","[0.9853441119194031, 0.9825935363769531, 0.9859484434127808, 0.9835766553878784, 0.9847487211227417, 0.9859778881072998, 2.3895347118377686, 0.9849270582199097, 0.9792517423629761, 0.9811316728591919]","[0.9969265460968018, 1.0036085844039917, 1.005247712135315, 1.0100899934768677, 1.0119510889053345, 0.9985931515693665, 1.0091050863265991, 2.180088758468628, 1.001420259475708, 0.9983583688735962]","[0.9920176267623901, 1.0001510381698608, 0.9945565462112427, 1.0009336471557617, 0.9980390071868896, 0.9919136166572571, 0.9949434995651245, 0.9931397438049316, 2.2666966915130615, 0.9922339916229248]","[0.9924992918968201, 0.9992933869361877, 0.9970142245292664, 0.9957568645477295, 0.9945505261421204, 0.9970690608024597, 0.9976135492324829, 0.9970493316650391, 1.0038589239120483, 2.2473297119140625]"
4,0.2,10,fixed,fixed,"[0.7697332501411438, 0.6268122792243958, 0.626116931438446, 0.627135157585144, 0.6262556910514832, 0.6260714530944824, 0.6265996694564819, 0.6266420483589172, 0.6255988478660583, 0.6265556216239929]","[0.6271251440048218, 0.7642423510551453, 0.6259111166000366, 0.6279616355895996, 0.6267799139022827, 0.626689612865448, 0.626950740814209, 0.6271892189979553, 0.6265552043914795, 0.627551794052124]","[0.6294291615486145, 0.6299561262130737, 0.7360701560974121, 0.6342321038246155, 0.6297335028648376, 0.6284061074256897, 0.6298101544380188, 0.6299231648445129, 0.6281768083572388, 0.6291260719299316]","[0.6253507137298584, 0.6256711483001709, 0.6244447827339172, 0.7822989821434021, 0.6256299018859863, 0.6249942183494568, 0.6250858902931213, 0.6256282329559326, 0.6245966553688049, 0.6252607107162476]","[0.6312596797943115, 0.6311823725700378, 0.6359317302703857, 0.6320581436157227, 0.7174445390701294, 0.6308527588844299, 0.6315414905548096, 0.6310408115386963, 0.6301288604736328, 0.6319173574447632]","[0.626268744468689, 0.6264427900314331, 0.6249259114265442, 0.6269434094429016, 0.6267526745796204, 0.771669328212738, 0.6263534426689148, 0.6264030337333679, 0.6256902813911438, 0.6263177990913391]","[0.6316022872924805, 0.632134735584259, 0.6298284530639648, 0.632386326789856, 0.6318843364715576, 0.6311620473861694, 0.713193416595459, 0.6315180659294128, 0.6380918622016907, 0.6318077445030212]","[0.6255438327789307, 0.6257354021072388, 0.624021589756012, 0.6267362236976624, 0.6256757378578186, 0.6250677704811096, 0.6261588931083679, 0.7795244455337524, 0.6246324181556702, 0.6256345510482788]","[0.6265308856964111, 0.6268691420555115, 0.6249264478683472, 0.6276711225509644, 0.6264436841011047, 0.6260848045349121, 0.6263899803161621, 0.6265555024147034, 0.7696173191070557, 0.6264829635620117]","[0.629347562789917, 0.6298394203186035, 0.6285677552223206, 0.6300632953643799, 0.6291622519493103, 0.629158616065979, 0.6288736462593079, 0.6293860673904419, 0.6329323649406433, 0.7373232841491699]"
4,0.2,3,fixed,fixed,"[0.7821800708770752, 0.6258653402328491, 0.6252874732017517, 0.6256334781646729, 0.6249476075172424, 0.6252980828285217, 0.6252386569976807, 0.624928891658783, 0.6242030262947083, 0.6253698468208313]","[0.6256684064865112, 0.7787678241729736, 0.625023603439331, 0.6257591247558594, 0.62538081407547, 0.6257786154747009, 0.6256945729255676, 0.6254778504371643, 0.6249476075172424, 0.6260315179824829]","[0.6274673342704773, 0.628743588924408, 0.752663791179657, 0.632035493850708, 0.6278207898139954, 0.6276602745056152, 0.6282092928886414, 0.6275076866149902, 0.626446008682251, 0.6276724934577942]","[0.6245119571685791, 0.6246805787086487, 0.6242344975471497, 0.791520893573761, 0.6245478987693787, 0.6245377063751221, 0.6244029998779297, 0.6237670183181763, 0.6234928965568542, 0.6243880987167358]","[0.6295772194862366, 0.6297684907913208, 0.6348958611488342, 0.630023181438446, 0.7326663732528687, 0.6296613812446594, 0.6300505995750427, 0.6287596225738525, 0.6286550164222717, 0.6305814981460571]","[0.624374508857727, 0.6248465180397034, 0.6235795617103577, 0.6246246695518494, 0.6248884797096252, 0.7910945415496826, 0.6245870590209961, 0.6238753795623779, 0.6239011883735657, 0.6242703795433044]","[0.629949688911438, 0.6308080554008484, 0.6287773251533508, 0.6306816935539246, 0.6302964091300964, 0.6299832463264465, 0.7276961207389832, 0.6296778321266174, 0.636158287525177, 0.6304353475570679]","[0.6246490478515625, 0.625630795955658, 0.6241427063941956, 0.6256424784660339, 0.6252109408378601, 0.6252665519714355, 0.6255789995193481, 0.785330057144165, 0.6231652498245239, 0.6248105764389038]","[0.625281810760498, 0.6259570717811584, 0.624377429485321, 0.6259811520576477, 0.6253342032432556, 0.6255640387535095, 0.6249369978904724, 0.6244852542877197, 0.7814761400222778, 0.6254967451095581]","[0.6279667615890503, 0.6286924481391907, 0.6273683309555054, 0.6282468438148499, 0.6278479695320129, 0.6281231641769409, 0.6276149153709412, 0.6274691224098206, 0.6315680146217346, 0.7509900331497192]"
4,0.2,1,fixed,fixed,"[0.7978113293647766, 0.6241233348846436, 0.6240002512931824, 0.6237791180610657, 0.6234660148620605, 0.6234265565872192, 0.6239786744117737, 0.6237807273864746, 0.622230052947998, 0.6243409514427185]","[0.6247850656509399, 0.7888408303260803, 0.624350905418396, 0.6238781809806824, 0.624480128288269, 0.6244663000106812, 0.6252118349075317, 0.6250038146972656, 0.623436450958252, 0.625341534614563]","[0.6264583468437195, 0.6272590160369873, 0.7676236033439636, 0.6300780773162842, 0.6261729598045349, 0.6259848475456238, 0.6268810629844666, 0.6262919306755066, 0.6243686676025391, 0.6266036629676819]","[0.6239200830459595, 0.6232352256774902, 0.6239046454429626, 0.8001751899719238, 0.6236311197280884, 0.6232611536979675, 0.6241593956947327, 0.622810959815979, 0.6221511363983154, 0.6240113973617554]","[0.6284164786338806, 0.6277493238449097, 0.6335909962654114, 0.6278253197669983, 0.7483068704605103, 0.627794086933136, 0.6288493871688843, 0.6272333264350891, 0.6267927885055542, 0.6295912265777588]","[0.6235832571983337, 0.6232814192771912, 0.622600793838501, 0.6227795481681824, 0.6236759424209595, 0.8037225604057312, 0.6237471699714661, 0.6227391958236694, 0.6223602890968323, 0.6232060194015503]","[0.6282908916473389, 0.628673255443573, 0.6272544860839844, 0.6286100149154663, 0.628520667552948, 0.6279154419898987, 0.7452166080474854, 0.6283886432647705, 0.6336345076560974, 0.6292055249214172]","[0.6237289309501648, 0.6241843700408936, 0.623102605342865, 0.6234831213951111, 0.6238183975219727, 0.6234269142150879, 0.6247478127479553, 0.7999209761619568, 0.62102210521698, 0.6239232420921326]","[0.6244617104530334, 0.6247575879096985, 0.6238772869110107, 0.6244459748268127, 0.624557375907898, 0.6244338154792786, 0.6240924000740051, 0.6234886050224304, 0.7907151579856873, 0.6251737475395203]","[0.6264848709106445, 0.6267033815383911, 0.6256642937660217, 0.6260303258895874, 0.626311719417572, 0.6258794069290161, 0.626409113407135, 0.6260700821876526, 0.6295782327651978, 0.7684949636459351]"
4,0.2,0.3,fixed,fixed,"[0.8065768480300903, 0.6232401132583618, 0.6228548288345337, 0.6225277185440063, 0.6230542659759521, 0.6224674582481384, 0.6229346394538879, 0.623102605342865, 0.622130274772644, 0.6231748461723328]","[0.6229285001754761, 0.8015028238296509, 0.6230342388153076, 0.6218167543411255, 0.6238638162612915, 0.6232807040214539, 0.6241592764854431, 0.6242139935493469, 0.6229318976402283, 0.6237297654151917]","[0.6250138878822327, 0.6263863444328308, 0.7787257432937622, 0.6284778714179993, 0.6253494620323181, 0.6249751448631287, 0.625523030757904, 0.625300407409668, 0.6239304542541504, 0.6251519322395325]","[0.6225578188896179, 0.622067928314209, 0.6231337785720825, 0.8095108866691589, 0.6232025027275085, 0.6223153471946716, 0.6235488653182983, 0.6217442154884338, 0.621540367603302, 0.6229158043861389]","[0.6261318922042847, 0.6256548762321472, 0.6314927935600281, 0.6252961754798889, 0.7686910033226013, 0.6259042024612427, 0.6269291043281555, 0.6252430081367493, 0.6253064870834351, 0.6275285482406616]","[0.6217913627624512, 0.6217643618583679, 0.6209518909454346, 0.6207266449928284, 0.6227214336395264, 0.8198596239089966, 0.6223113536834717, 0.6212621331214905, 0.6214100122451782, 0.6211938261985779]","[0.6261581778526306, 0.6271119713783264, 0.6255870461463928, 0.6268552541732788, 0.6275286674499512, 0.6264738440513611, 0.7600899934768677, 0.6272831559181213, 0.6326912045478821, 0.6275522112846375]","[0.6221305131912231, 0.6231068968772888, 0.6217143535614014, 0.621438205242157, 0.6230061054229736, 0.6220102906227112, 0.6236416697502136, 0.8137230277061462, 0.6200732588768005, 0.622408926486969]","[0.6220977306365967, 0.6230615377426147, 0.6221624612808228, 0.6221585273742676, 0.6234941482543945, 0.6228598356246948, 0.6221087574958801, 0.621607780456543, 0.8096364140510559, 0.6233572363853455]","[0.6247978806495667, 0.6255567669868469, 0.6240856051445007, 0.6244006156921387, 0.6258282661437988, 0.6245321035385132, 0.6254018545150757, 0.6251248717308044, 0.6290525794029236, 0.7803582549095154]"
4,0.2,0.1,fixed,fixed,"[0.8242884874343872, 0.6216146945953369, 0.6216736435890198, 0.6213882565498352, 0.6209049224853516, 0.6207098364830017, 0.6210207939147949, 0.6215482354164124, 0.620193362236023, 0.6212621331214905]","[0.622065007686615, 0.8141003847122192, 0.6224231719970703, 0.6206108927726746, 0.6222513318061829, 0.6220381259918213, 0.6229785084724426, 0.6232894062995911, 0.6213328242301941, 0.6221140027046204]","[0.6240372061729431, 0.6249887347221375, 0.7962841391563416, 0.6272081136703491, 0.6230066418647766, 0.6233841180801392, 0.623513400554657, 0.6236507892608643, 0.6218733787536621, 0.623171865940094]","[0.621551513671875, 0.6202647686004639, 0.6224312782287598, 0.8265986442565918, 0.621141791343689, 0.6206763982772827, 0.6221727132797241, 0.6199074983596802, 0.6191988587379456, 0.6211788058280945]","[0.6256028413772583, 0.6243243217468262, 0.6308637857437134, 0.6243852376937866, 0.7805895805358887, 0.6247206926345825, 0.6256440877914429, 0.6238824129104614, 0.6234892010688782, 0.6262243390083313]","[0.621037483215332, 0.620293378829956, 0.6200546026229858, 0.6195740699768066, 0.6208165884017944, 0.835476815700531, 0.6207930445671082, 0.6196971535682678, 0.6194109916687012, 0.619223415851593]","[0.6251096129417419, 0.6256420612335205, 0.6247163414955139, 0.6260448098182678, 0.6256313920021057, 0.6250661611557007, 0.7735017538070679, 0.6261337399482727, 0.6307443380355835, 0.6259849667549133]","[0.6216282248497009, 0.6221329569816589, 0.6211361289024353, 0.620352029800415, 0.6213020086288452, 0.6206406950950623, 0.6225104928016663, 0.8263505101203918, 0.6181339621543884, 0.6209937334060669]","[0.6215487718582153, 0.6221877932548523, 0.6219752430915833, 0.621547520160675, 0.6222568154335022, 0.6220507025718689, 0.620819628238678, 0.6204161047935486, 0.8186621069908142, 0.6223575472831726]","[0.624101459980011, 0.624407947063446, 0.6232112050056458, 0.6236230731010437, 0.6243460774421692, 0.6231260895729065, 0.6242638826370239, 0.624043345451355, 0.627429723739624, 0.7918710708618164]"
4,0.2,0.03,fixed,fixed,"[0.8346843719482422, 0.6208815574645996, 0.6199913024902344, 0.6209679841995239, 0.6199358105659485, 0.6195839643478394, 0.6199594140052795, 0.621005117893219, 0.619586706161499, 0.6196237206459045]","[0.6201830506324768, 0.829319953918457, 0.6204925775527954, 0.619307816028595, 0.6210005879402161, 0.6206088066101074, 0.621831476688385, 0.6225578188896179, 0.6202465891838074, 0.6199551224708557]","[0.6233363747596741, 0.6246712803840637, 0.803972065448761, 0.6269585490226746, 0.6221975088119507, 0.6224938035011292, 0.622650146484375, 0.6229856014251709, 0.6211286783218384, 0.621893048286438]","[0.6196544170379639, 0.6186652779579163, 0.6205368041992188, 0.8446672558784485, 0.6195713877677917, 0.6189793348312378, 0.620958149433136, 0.61839359998703, 0.6174991130828857, 0.6190266609191895]","[0.6238266825675964, 0.6228407621383667, 0.6286872625350952, 0.6231481432914734, 0.7971882224082947, 0.6231227517127991, 0.6241650581359863, 0.6224880218505859, 0.6219570636749268, 0.6241482496261597]","[0.6194613575935364, 0.619094729423523, 0.6180348992347717, 0.6185204982757568, 0.6194707751274109, 0.8513591885566711, 0.6195058226585388, 0.6185235977172852, 0.6181222796440125, 0.6169072389602661]","[0.6230804920196533, 0.6242848634719849, 0.6225637197494507, 0.6251727342605591, 0.6241335868835449, 0.6235095262527466, 0.789376437664032, 0.6252150535583496, 0.6293482780456543, 0.623911440372467]","[0.6200174689292908, 0.6211438775062561, 0.6191491484642029, 0.619078516960144, 0.6198705434799194, 0.6189953684806824, 0.6213230490684509, 0.8426350951194763, 0.6166186928749084, 0.6189454793930054]","[0.6196522116661072, 0.621059775352478, 0.6201391816139221, 0.6205090284347534, 0.6210519075393677, 0.6207256317138672, 0.6192362904548645, 0.6190903782844543, 0.834230899810791, 0.6204847097396851]","[0.6228548288345337, 0.6238021850585938, 0.6214863657951355, 0.6232151985168457, 0.6236937046051025, 0.6220026016235352, 0.6236278414726257, 0.6236239075660706, 0.6267881393432617, 0.8005756735801697]"
4,0.2,0.01,fixed,fixed,"[0.8526034355163574, 0.619247317314148, 0.618763267993927, 0.6189127564430237, 0.6182330846786499, 0.6178741455078125, 0.617621123790741, 0.6188787817955017, 0.6185762286186218, 0.6183953881263733]","[0.6193422079086304, 0.8419012427330017, 0.6198452115058899, 0.6172009706497192, 0.6198451519012451, 0.6194244027137756, 0.6202365756034851, 0.6210716962814331, 0.6195865273475647, 0.6190361976623535]","[0.6226550936698914, 0.6232621669769287, 0.8210787773132324, 0.6248836517333984, 0.6204641461372375, 0.6208289265632629, 0.6203194856643677, 0.6205474734306335, 0.6197904348373413, 0.6208335757255554]","[0.6193480491638184, 0.6175453066825867, 0.6204753518104553, 0.8534706234931946, 0.6186470985412598, 0.6180780529975891, 0.6198453307151794, 0.6166770458221436, 0.6167759299278259, 0.6186639666557312]","[0.6229809522628784, 0.6211766600608826, 0.6276845335960388, 0.6209967136383057, 0.8131643533706665, 0.6216601133346558, 0.6221285462379456, 0.6202306151390076, 0.6207413673400879, 0.6232014298439026]","[0.618691086769104, 0.6175907850265503, 0.617064356803894, 0.6164279580116272, 0.6179863214492798, 0.8675165176391602, 0.6175366640090942, 0.616362452507019, 0.6170254945755005, 0.6155968904495239]","[0.6223762035369873, 0.6231402158737183, 0.6219782829284668, 0.6237787008285522, 0.6230151653289795, 0.6224817037582397, 0.7992321252822876, 0.6238258481025696, 0.6286619901657104, 0.6233603358268738]","[0.6199545860290527, 0.6205903887748718, 0.618953287601471, 0.6175078749656677, 0.6190422177314758, 0.6181027889251709, 0.6201943159103394, 0.8499674797058105, 0.6160372495651245, 0.6186438202857971]","[0.6184311509132385, 0.6194949150085449, 0.6192209720611572, 0.6183001399040222, 0.6195769309997559, 0.6192799806594849, 0.6168406009674072, 0.6166467666625977, 0.8518996238708496, 0.6194849610328674]","[0.6216664910316467, 0.6221424341201782, 0.6200629472732544, 0.621019721031189, 0.6221539378166199, 0.6201422810554504, 0.6215610504150391, 0.6214683055877686, 0.6255896091461182, 0.8184181451797485]"
4,0.2,0.003,fixed,fixed,"[0.8622660040855408, 0.6185967326164246, 0.6171973943710327, 0.6179717779159546, 0.6168909668922424, 0.617189884185791, 0.6166992783546448, 0.6182669997215271, 0.6180998086929321, 0.617612898349762]","[0.6173750162124634, 0.8574481010437012, 0.6179595589637756, 0.6153100728988647, 0.6181500554084778, 0.6183654069900513, 0.6191577911376953, 0.6201999187469482, 0.618561327457428, 0.6176638603210449]","[0.6218330264091492, 0.6229242086410522, 0.8290894627571106, 0.6240103244781494, 0.6191787719726562, 0.6202770471572876, 0.6194925308227539, 0.6197124123573303, 0.6190748810768127, 0.620307445526123]","[0.6178117394447327, 0.6164072751998901, 0.6190719604492188, 0.8662028312683105, 0.6170805096626282, 0.6171994805335999, 0.6191449761390686, 0.6154730916023254, 0.6155852675437927, 0.6177442669868469]","[0.6214634776115417, 0.6200527548789978, 0.6258993744850159, 0.6195158958435059, 0.8259984850883484, 0.6207786202430725, 0.6210639476776123, 0.6190443634986877, 0.6196164488792419, 0.6222559809684753]","[0.6167640089988708, 0.6161417961120605, 0.6148260235786438, 0.6145208477973938, 0.6159324645996094, 0.887008011341095, 0.6160540580749512, 0.6147871017456055, 0.6155341863632202, 0.6138036251068115]","[0.6202211380004883, 0.6217557191848755, 0.6198300123214722, 0.6222739219665527, 0.6210324168205261, 0.6212546825408936, 0.8158726096153259, 0.6227264404296875, 0.6272861361503601, 0.6220303773880005]","[0.6183686256408691, 0.6197246313095093, 0.6171234250068665, 0.6157565116882324, 0.6172785758972168, 0.6169398427009583, 0.6191849708557129, 0.8650843501091003, 0.6146950125694275, 0.6174919009208679]","[0.6164149045944214, 0.6183459758758545, 0.6173955202102661, 0.6166372895240784, 0.6178933382034302, 0.618290901184082, 0.6152932047843933, 0.6151507496833801, 0.8682683110237122, 0.6183620095252991]","[0.619754433631897, 0.6209699511528015, 0.6178051829338074, 0.6194417476654053, 0.6204770803451538, 0.6188110709190369, 0.620413064956665, 0.6203307509422302, 0.6244288086891174, 0.8343179821968079]"
4,0.2,0.001,fixed,fixed,"[0.8747884035110474, 0.6173942685127258, 0.6162302494049072, 0.6172691583633423, 0.6146699786186218, 0.616089403629303, 0.6154773235321045, 0.6173203587532043, 0.6172360181808472, 0.6166478395462036]","[0.615958571434021, 0.8699315190315247, 0.6171410083770752, 0.6141278147697449, 0.6160442233085632, 0.6173582673072815, 0.6182470917701721, 0.6194614768028259, 0.6176179051399231, 0.616578221321106]","[0.6207069754600525, 0.6216499209403992, 0.8447409868240356, 0.6229909658432007, 0.6166302561759949, 0.618924617767334, 0.6179811954498291, 0.6181592345237732, 0.6175885796546936, 0.6192144155502319]","[0.6162452697753906, 0.6146067380905151, 0.618154764175415, 0.8834226727485657, 0.6145235300064087, 0.6157931089401245, 0.6180319786071777, 0.6138241291046143, 0.6138966679573059, 0.6165304183959961]","[0.6207482218742371, 0.6190986633300781, 0.6254336833953857, 0.6189952492713928, 0.8330325484275818, 0.6202016472816467, 0.6204201579093933, 0.6182453036308289, 0.6188259124755859, 0.6218487620353699]","[0.6152887940406799, 0.6145122051239014, 0.6135570406913757, 0.6132234930992126, 0.6133702993392944, 0.9047355651855469, 0.6146419048309326, 0.6132485866546631, 0.6140268445014954, 0.6121993064880371]","[0.618432879447937, 0.6201044917106628, 0.6185649037361145, 0.6212918162345886, 0.6184551119804382, 0.6198956966400146, 0.8318242430686951, 0.6215764284133911, 0.6258082389831543, 0.6208022236824036]","[0.6171725988388062, 0.6186153292655945, 0.6162010431289673, 0.6145530939102173, 0.6149444580078125, 0.6156691908836365, 0.6181831359863281, 0.8791930079460144, 0.6132749915122986, 0.616466224193573]","[0.6148287057876587, 0.6169933080673218, 0.6165164113044739, 0.615561306476593, 0.6156781911849976, 0.6172327399253845, 0.6137941479682922, 0.6136694550514221, 0.8831579089164734, 0.6174039244651794]","[0.6181182861328125, 0.6194397807121277, 0.6163404583930969, 0.6182965636253357, 0.618114709854126, 0.6172579526901245, 0.6191583275794983, 0.6190527081489563, 0.6230748891830444, 0.8505325317382812]"
4,0.4,10,fixed,fixed,"[2.230419874191284, 0.9956534504890442, 0.9995529651641846, 0.9944383502006531, 0.9986390471458435, 1.0005823373794556, 1.0011383295059204, 1.0038833618164062, 0.9986121654510498, 0.996899425983429]","[0.9954406023025513, 2.247549057006836, 0.9956813454627991, 0.9928134679794312, 0.9969648122787476, 1.0045219659805298, 0.9981744885444641, 1.0002655982971191, 0.9949336647987366, 0.995764970779419]","[0.9964909553527832, 0.9969210624694824, 2.234950065612793, 0.9929981827735901, 0.9998419284820557, 1.0039281845092773, 1.0036426782608032, 0.9973229765892029, 0.9979559183120728, 0.9965247511863708]","[1.0026394128799438, 1.0003554821014404, 1.0076475143432617, 2.1644721031188965, 1.0045384168624878, 1.0120737552642822, 1.0093858242034912, 1.0032463073730469, 1.002278447151184, 1.0063270330429077]","[1.0093635320663452, 1.006428837776184, 1.0069338083267212, 1.0047551393508911, 2.149230480194092, 1.0122663974761963, 1.0057156085968018, 1.0047578811645508, 1.0069016218185425, 1.0047516822814941]","[1.0014358758926392, 1.0015896558761597, 1.0055924654006958, 1.0021541118621826, 1.0031930208206177, 2.1777455806732178, 1.0061393976211548, 1.0056068897247314, 1.0071321725845337, 1.0031805038452148]","[0.9945424795150757, 0.9960362315177917, 0.9948593378067017, 0.9972363114356995, 0.9995721578598022, 1.0004029273986816, 2.253875970840454, 0.9955371618270874, 0.9954555034637451, 0.9950090646743774]","[1.0029305219650269, 1.0043964385986328, 1.0013874769210815, 1.00052809715271, 1.0024925470352173, 1.009348750114441, 1.002422571182251, 2.189936399459839, 0.9993321895599365, 1.002443790435791]","[1.0071933269500732, 1.0068470239639282, 1.008873462677002, 1.0065442323684692, 1.005275011062622, 1.0081396102905273, 1.0076847076416016, 1.0083591938018799, 2.1489858627319336, 1.0030184984207153]","[1.0015655755996704, 0.9990607500076294, 1.000172734260559, 0.9964516162872314, 1.0077296495437622, 1.0063409805297852, 1.0041134357452393, 0.9999271035194397, 1.0044116973876953, 2.196434259414673]"
4,0.4,3,fixed,fixed,"[2.249411106109619, 0.9950165152549744, 0.9973065257072449, 0.9935405254364014, 0.9954285025596619, 0.9972501993179321, 0.9987473487854004, 1.001802921295166, 0.9974620342254639, 0.9960538744926453]","[0.9942190051078796, 2.2678563594818115, 0.9936595559120178, 0.9916772842407227, 0.9932851195335388, 1.0019093751907349, 0.9956495761871338, 0.9982498288154602, 0.9929695129394531, 0.995161771774292]","[0.995392382144928, 0.9958918690681458, 2.2508208751678467, 0.9923408627510071, 0.99660325050354, 1.0013978481292725, 1.0011451244354248, 0.9962232112884521, 0.9965079426765442, 0.9960027933120728]","[1.0010021924972534, 0.9993881583213806, 1.004909634590149, 2.185864210128784, 1.001266360282898, 1.0092519521713257, 1.0061161518096924, 1.0009621381759644, 1.000985026359558, 1.0051811933517456]","[1.010573148727417, 1.0087014436721802, 1.0080214738845825, 1.0073397159576416, 2.1313605308532715, 1.0119494199752808, 1.0062437057495117, 1.0059683322906494, 1.0093576908111572, 1.009893536567688]","[1.0016298294067383, 1.001268744468689, 1.004850149154663, 1.0022609233856201, 1.0004023313522339, 2.1872246265411377, 1.0037310123443604, 1.004056453704834, 1.0065600872039795, 1.0027176141738892]","[0.9943623542785645, 0.9960009455680847, 0.9934200048446655, 0.9970744848251343, 0.9974716305732727, 0.9980082511901855, 2.2643444538116455, 0.994326651096344, 0.9945791959762573, 0.9942130446434021]","[1.0015205144882202, 1.0037592649459839, 1.0005437135696411, 0.9996480345726013, 0.9994408488273621, 1.006460428237915, 1.0001204013824463, 2.2061901092529297, 0.9978058338165283, 1.0014207363128662]","[1.0056207180023193, 1.005396842956543, 1.006608486175537, 1.0055863857269287, 1.0016191005706787, 1.0056833028793335, 1.0046863555908203, 1.005957841873169, 2.1693105697631836, 1.0023635625839233]","[1.000717043876648, 0.9989460706710815, 0.9991908669471741, 0.9960393309593201, 1.0048587322235107, 1.0035151243209839, 1.0016347169876099, 0.9977508783340454, 1.0038467645645142, 2.2110867500305176]"
4,0.4,1,fixed,fixed,"[2.2610819339752197, 0.9934183955192566, 0.9970088601112366, 0.9931812882423401, 0.9946687817573547, 0.9956925511360168, 0.9970507621765137, 1.0006191730499268, 0.9971591830253601, 0.9936525225639343]","[0.9926275014877319, 2.2774269580841064, 0.993754506111145, 0.991249680519104, 0.9926192760467529, 1.0012396574020386, 0.9939894080162048, 0.9973011016845703, 0.9920244812965393, 0.9937106966972351]","[0.9924322366714478, 0.9925798177719116, 2.2750422954559326, 0.9908982515335083, 0.9949719309806824, 0.9993183016777039, 0.9980206489562988, 0.9946943521499634, 0.9945849180221558, 0.9929468035697937]","[0.9981256723403931, 0.9964711666107178, 1.0039006471633911, 2.206972360610962, 0.9994770884513855, 1.008115530014038, 1.0033838748931885, 0.9987046122550964, 0.9996487498283386, 1.0025569200515747]","[1.0074210166931152, 1.0059963464736938, 1.00709867477417, 1.0060369968414307, 2.151200771331787, 1.0096651315689087, 1.0035496950149536, 1.0044304132461548, 1.0083268880844116, 1.0074172019958496]","[1.0000547170639038, 0.9987596273422241, 1.0048253536224365, 1.0016769170761108, 0.9988601207733154, 2.204012155532837, 1.0007922649383545, 1.0021758079528809, 1.0056079626083374, 0.9998731017112732]","[0.9926249980926514, 0.9941638112068176, 0.9933016896247864, 0.9964199066162109, 0.9965821504592896, 0.9971224665641785, 2.2750184535980225, 0.9937101602554321, 0.9942458271980286, 0.9920682311058044]","[0.9987176060676575, 1.0015267133712769, 1.0008286237716675, 0.9982979893684387, 0.998324453830719, 1.0048677921295166, 0.9974099397659302, 2.2238235473632812, 0.9961336255073547, 0.9990119934082031]","[1.0027254819869995, 1.0022023916244507, 1.0055071115493774, 1.0043824911117554, 1.000232219696045, 1.0042146444320679, 1.0015995502471924, 1.003670573234558, 2.190418004989624, 1.0000783205032349]","[0.9988278746604919, 0.9973674416542053, 0.9996527433395386, 0.9956626892089844, 1.0040793418884277, 1.0019611120224, 0.9993495941162109, 0.9959704279899597, 1.003625750541687, 2.2224254608154297]"
4,0.4,0.3,fixed,fixed,"[2.2767763137817383, 0.9925317764282227, 0.9961909055709839, 0.992167592048645, 0.9942427277565002, 0.9925496578216553, 0.99593585729599, 0.9991173148155212, 0.9953038096427917, 0.9908612966537476]","[0.9911186695098877, 2.293614625930786, 0.9937092661857605, 0.98995041847229, 0.9918959736824036, 0.9985395073890686, 0.9925655126571655, 0.9958164691925049, 0.9893075823783875, 0.9916503429412842]","[0.9903853535652161, 0.990592896938324, 2.2964842319488525, 0.9894123673439026, 0.9942603707313538, 0.9964094758033752, 0.9959567189216614, 0.9934565424919128, 0.9913877248764038, 0.9901120662689209]","[0.9960563778877258, 0.9947734475135803, 1.0040383338928223, 2.2260141372680664, 0.9982974529266357, 1.005342960357666, 1.0025079250335693, 0.9966363310813904, 0.995948076248169, 1.0000481605529785]","[1.005851149559021, 1.0043598413467407, 1.0070509910583496, 1.0049941539764404, 2.1642253398895264, 1.0067193508148193, 1.0041886568069458, 1.0032060146331787, 1.005900502204895, 1.0057686567306519]","[1.001670241355896, 1.000383734703064, 1.006792426109314, 1.0033190250396729, 1.0033822059631348, 2.188321828842163, 1.002585530281067, 1.002949595451355, 1.0056918859481812, 0.9997971057891846]","[0.9909809827804565, 0.9928321242332458, 0.9924936294555664, 0.9949046969413757, 0.9956057667732239, 0.9946529865264893, 2.2925264835357666, 0.9925667643547058, 0.9918317198753357, 0.9893269538879395]","[0.9965359568595886, 1.000325322151184, 1.0011805295944214, 0.9966148734092712, 0.9977970123291016, 1.002079725265503, 0.9958206415176392, 2.241410732269287, 0.9928696155548096, 0.9965327382087708]","[1.004042387008667, 1.003658652305603, 1.01067316532135, 1.0064693689346313, 1.0024363994598389, 1.0049757957458496, 1.0035263299942017, 1.0052577257156372, 2.170557737350464, 1.0015807151794434]","[0.9976071715354919, 0.9968667030334473, 0.9994667172431946, 0.9949979186058044, 1.0041779279708862, 0.9995307326316833, 0.9987010955810547, 0.9942402839660645, 1.0012761354446411, 2.2333598136901855]"
4,0.4,0.1,fixed,fixed,"[2.261126756668091, 0.9942004680633545, 1.0000720024108887, 0.9927144646644592, 0.995390772819519, 0.9941614866256714, 0.9976482391357422, 1.0012599229812622, 0.9962869882583618, 0.9909681081771851]","[0.9872941374778748, 2.3121626377105713, 0.9925926327705383, 0.987983226776123, 0.9903877377510071, 0.9972735047340393, 0.9915155172348022, 0.9949214458465576, 0.9874246716499329, 0.9895133972167969]","[0.9864109754562378, 0.9887654185295105, 2.318075180053711, 0.9872366189956665, 0.9925932288169861, 0.9945445656776428, 0.9951685070991516, 0.9927835464477539, 0.9893348813056946, 0.9869565367698669]","[0.9933201670646667, 0.9939695000648499, 1.0037968158721924, 2.239776611328125, 0.9968340992927551, 1.0041463375091553, 1.0020030736923218, 0.9957536458969116, 0.995013952255249, 0.9969004392623901]","[1.0021637678146362, 1.0030760765075684, 1.0063556432724, 1.0028982162475586, 2.182654619216919, 1.0045884847640991, 1.002851128578186, 1.002465009689331, 1.0046757459640503, 1.0024032592773438]","[0.9984351396560669, 0.9991298317909241, 1.0059438943862915, 1.0017738342285156, 1.0015736818313599, 2.204880952835083, 1.0022075176239014, 1.0017030239105225, 1.004380702972412, 0.9968315362930298]","[0.988258957862854, 0.991952121257782, 0.9914184212684631, 0.9931846857070923, 0.9941883683204651, 0.9928805232048035, 2.3102943897247314, 0.9917473793029785, 0.9903078675270081, 0.9861756563186646]","[0.9922022819519043, 0.9990797638893127, 1.0003200769424438, 0.9940427541732788, 0.9961511492729187, 1.0002074241638184, 0.9951015114784241, 2.2638816833496094, 0.9905762672424316, 0.9927055835723877]","[1.0007339715957642, 1.0018795728683472, 1.0096402168273926, 1.0044641494750977, 1.0009465217590332, 1.0036503076553345, 1.0026887655258179, 1.0037658214569092, 2.188948392868042, 0.9984848499298096]","[0.9975190162658691, 0.9987019896507263, 1.0008376836776733, 0.9953076839447021, 1.0052307844161987, 1.0009965896606445, 1.0030149221420288, 0.9957683086395264, 1.002890944480896, 2.218290328979492]"
4,0.4,0.03,fixed,fixed,"[2.2799088954925537, 0.9930645823478699, 0.9975451231002808, 0.9914572238922119, 0.9938859343528748, 0.991682231426239, 0.9957017302513123, 1.0003917217254639, 0.9932296872138977, 0.9894934296607971]","[0.9860852956771851, 2.3291432857513428, 0.9898077249526978, 0.9867567420005798, 0.9890750050544739, 0.9957770109176636, 0.9898455739021301, 0.9943884611129761, 0.9836559295654297, 0.989282488822937]","[0.9861680865287781, 0.9879313111305237, 2.325853109359741, 0.9870960712432861, 0.9922561645507812, 0.9929816722869873, 0.994683027267456, 0.9930396676063538, 0.9858620762825012, 0.9872314929962158]","[0.9919905066490173, 0.9922376871109009, 1.0012941360473633, 2.2582755088806152, 0.995021402835846, 1.0028023719787598, 1.0004475116729736, 0.9945353269577026, 0.9914549589157104, 0.9958860874176025]","[1.0006681680679321, 1.0015379190444946, 1.0031816959381104, 1.0014007091522217, 2.201716661453247, 1.0020869970321655, 1.0006593465805054, 1.0019415616989136, 1.001259446144104, 1.0016460418701172]","[0.9977637529373169, 0.9978224039077759, 1.003598690032959, 1.0010262727737427, 1.0000193119049072, 2.219064235687256, 1.0002737045288086, 1.0008774995803833, 1.001609206199646, 0.9962806105613708]","[0.9874354004859924, 0.9906560778617859, 0.988030195236206, 0.9917109608650208, 0.9926313757896423, 0.9911482334136963, 2.326847553253174, 0.9915206432342529, 0.987533450126648, 0.9853797554969788]","[0.9901525378227234, 0.9974308013916016, 0.9971571564674377, 0.9919220209121704, 0.9944095611572266, 0.9978154897689819, 0.9938622713088989, 2.2872488498687744, 0.9853782653808594, 0.9922259449958801]","[1.001484990119934, 1.0023720264434814, 1.0088192224502563, 1.0056785345077515, 1.0016915798187256, 1.0037606954574585, 1.003422498703003, 1.004896640777588, 2.179757595062256, 1.002143144607544]","[0.9953233003616333, 0.9972782135009766, 0.9978433847427368, 0.9937257170677185, 1.0033988952636719, 0.9982123970985413, 1.000918984413147, 0.9940013885498047, 0.9997885227203369, 2.240677833557129]"
4,0.4,0.01,fixed,fixed,"[2.2911202907562256, 0.992308497428894, 0.9964538216590881, 0.99018394947052, 0.9913030862808228, 0.990554690361023, 0.9956329464912415, 1.000195860862732, 0.9919695854187012, 0.9883374571800232]","[0.9841031432151794, 2.344933032989502, 0.9887449145317078, 0.9850510954856873, 0.9859970211982727, 0.9951663613319397, 0.9884275197982788, 0.9940640330314636, 0.9813939929008484, 0.9887052178382874]","[0.983574390411377, 0.9858566522598267, 2.344393491744995, 0.985126256942749, 0.9895706176757812, 0.991722047328949, 0.993939220905304, 0.9928787350654602, 0.9833762645721436, 0.9858074188232422]","[0.9895782470703125, 0.9906560778617859, 0.999981701374054, 2.2733781337738037, 0.9920677542686462, 1.002576470375061, 0.9995890259742737, 0.9937599301338196, 0.9896525144577026, 0.9949929118156433]","[1.0004851818084717, 1.002595067024231, 1.004704236984253, 1.0026978254318237, 2.1835601329803467, 1.0037087202072144, 1.0052889585494995, 1.0050522089004517, 1.0026482343673706, 1.0035017728805542]","[0.9959226250648499, 0.9959225654602051, 1.0025410652160645, 0.9992881417274475, 0.9963241815567017, 2.2382826805114746, 0.9987741708755493, 0.9997518062591553, 0.9994640946388245, 0.9944463968276978]","[0.9851539134979248, 0.9891455769538879, 0.9866049885749817, 0.9896271228790283, 0.9899061918258667, 0.9901720285415649, 2.3439078330993652, 0.9913699626922607, 0.9857255816459656, 0.9839640259742737]","[0.9868761301040649, 0.9955863356590271, 0.9961889982223511, 0.9892123937606812, 0.9903271198272705, 0.996199905872345, 0.9922506809234619, 2.3118691444396973, 0.9823067784309387, 0.9906085729598999]","[0.9990382194519043, 1.0004968643188477, 1.0073961019515991, 1.0040311813354492, 0.9989898204803467, 1.0031882524490356, 1.0026397705078125, 1.0040761232376099, 2.194213390350342, 1.0015642642974854]","[0.9927136301994324, 0.9958433508872986, 0.9968134164810181, 0.9917369484901428, 1.0003604888916016, 0.9963890910148621, 1.0000542402267456, 0.9925183057785034, 0.9979115128517151, 2.2591657638549805]"
4,0.4,0.003,fixed,fixed,"[2.3050220012664795, 0.9911628365516663, 0.9959370493888855, 0.989631175994873, 0.9891552925109863, 0.988948404788971, 0.9946506023406982, 0.9985636472702026, 0.9916712045669556, 0.9854693412780762]","[0.982557475566864, 2.358584403991699, 0.9884896278381348, 0.9843010902404785, 0.9838132262229919, 0.9943105578422546, 0.9873515963554382, 0.9925389885902405, 0.9803308248519897, 0.9866488575935364]","[0.9810312390327454, 0.9832415580749512, 2.3685362339019775, 0.9837237000465393, 0.9867836236953735, 0.9898305535316467, 0.9917665719985962, 0.991126537322998, 0.9817012548446655, 0.9825181365013123]","[0.9871006011962891, 0.9884178638458252, 0.998974621295929, 2.2945101261138916, 0.9891144633293152, 1.0016006231307983, 0.9977928400039673, 0.9912812113761902, 0.988544762134552, 0.9921187162399292]","[0.9983446002006531, 1.0011751651763916, 1.004389762878418, 1.0020320415496826, 2.195582866668701, 1.0022072792053223, 1.0041333436965942, 1.00388765335083, 1.002450704574585, 1.0013809204101562]","[0.9946447014808655, 0.9939971566200256, 1.0024173259735107, 0.9986320734024048, 0.9935184121131897, 2.2558670043945312, 0.9966830015182495, 0.9975540637969971, 0.9986444711685181, 0.9912640452384949]","[0.9833264350891113, 0.9874985218048096, 0.9860048890113831, 0.9885164499282837, 0.9873638153076172, 0.9889675974845886, 2.3603758811950684, 0.9900339841842651, 0.9851318001747131, 0.9810884594917297]","[0.9846059679985046, 0.9941548705101013, 0.9965935945510864, 0.9880279898643494, 0.9881697297096252, 0.9949081540107727, 0.9906082153320312, 2.327878475189209, 0.9810035228729248, 0.988081693649292]","[0.9964097738265991, 0.9978494644165039, 1.006162405014038, 1.002719521522522, 0.9963007569313049, 1.0017504692077637, 1.0003576278686523, 1.0014371871948242, 2.2163970470428467, 0.9988864660263062]","[0.9917374849319458, 0.9946697950363159, 0.9975677728652954, 0.9912422299385071, 0.998785674571991, 0.995164692401886, 0.9986020922660828, 0.9909047484397888, 0.9977494478225708, 2.268312454223633]"
4,0.4,0.001,fixed,fixed,"[2.323033094406128, 0.9885582327842712, 0.9938346147537231, 0.9881333708763123, 0.9885843992233276, 0.9864555597305298, 0.9939864277839661, 0.9969583749771118, 0.9904670119285583, 0.9830005168914795]","[0.9820971488952637, 2.358795404434204, 0.9880185723304749, 0.9839715361595154, 0.985615074634552, 0.9936832189559937, 0.9882504940032959, 0.9922475218772888, 0.9801844358444214, 0.9860732555389404]","[0.979753315448761, 0.9804639220237732, 2.3841054439544678, 0.9823328852653503, 0.9865303039550781, 0.9880093336105347, 0.9908711314201355, 0.9903559684753418, 0.9800795316696167, 0.9805849194526672]","[0.9855750203132629, 0.9852910041809082, 0.997025728225708, 2.3115172386169434, 0.9883838295936584, 1.0003796815872192, 0.9969608187675476, 0.9894751906394958, 0.9871771335601807, 0.9902873039245605]","[0.9958298802375793, 0.9979325532913208, 1.0018047094345093, 0.9997381567955017, 2.2195892333984375, 0.9991363883018494, 1.0026133060455322, 1.0020650625228882, 1.0006643533706665, 0.9989740252494812]","[0.9942936897277832, 0.9910277724266052, 1.001326322555542, 0.9976513385772705, 0.9929118752479553, 2.2697975635528564, 0.995534360408783, 0.9960055351257324, 0.997541606426239, 0.9891035556793213]","[0.9818130135536194, 0.9842606782913208, 0.9838252067565918, 0.9864684343338013, 0.9864059090614319, 0.986882209777832, 2.3811872005462646, 0.9887301921844482, 0.9836403131484985, 0.9786202311515808]","[0.982786238193512, 0.9913622736930847, 0.9955501556396484, 0.9860422015190125, 0.9877310991287231, 0.9928718209266663, 0.9894278645515442, 2.346109628677368, 0.9789406061172485, 0.9860957860946655]","[0.9946751594543457, 0.9951246976852417, 1.003928303718567, 1.0010474920272827, 0.9957733154296875, 1.0000087022781372, 0.9989804029464722, 0.9994115233421326, 2.23418927192688, 0.9971907138824463]","[0.9906408786773682, 0.9920938611030579, 0.9965234994888306, 0.9900307655334473, 0.9984967112541199, 0.9929780960083008, 0.99765545129776, 0.9890174269676208, 0.9969301223754883, 2.2824270725250244]"
1,0,10,trainable,paper,"[3.82231121420773e-07, 0.0, 0.0, 0.0, 0.0, 0.0, 0.0, 0.0, 0.0, 0.0]","[0.0, 1.5962958741511102e-06, 0.0, 0.0, 0.0, 0.0, 0.0, 0.0, 0.0, 0.0]","[0.0, 0.0, 9.10253959318652e-07, 0.0, 0.0, 0.0, 0.0, 0.0, 0.0, 0.0]","[0.0, 0.0, 0.0, 5.4123165682540275e-06, 0.0, 0.0, 0.0, 0.0, 0.0, 0.0]","[0.0, 0.0, 0.0, 0.0, 3.3475384952907916e-06, 0.0, 0.0, 0.0, 0.0, 0.0]","[0.0, 0.0, 0.0, 0.0, 0.0, 1.2949606116308132e-06, 0.0, 0.0, 0.0, 0.0]","[0.0, 0.0, 0.0, 0.0, 0.0, 0.0, 2.2369718521986215e-07, 0.0, 0.0, 0.0]","[0.0, 0.0, 0.0, 0.0, 0.0, 0.0, 0.0, 5.829192105011316e-06, 0.0, 0.0]","[0.0, 0.0, 0.0, 0.0, 0.0, 0.0, 0.0, 0.0, 5.451076390272647e-07, 0.0]","[0.0, 0.0, 0.0, 0.0, 0.0, 0.0, 0.0, 0.0, 0.0, 5.209840878706018e-07]"
1,0,3,trainable,paper,"[6.154411948955385e-07, 0.0, 0.0, 0.0, 0.0, 0.0, 0.0, 0.0, 0.0, 0.0]","[0.0, 8.80093807609228e-07, 0.0, 0.0, 0.0, 0.0, 0.0, 0.0, 0.0, 0.0]","[0.0, 0.0, 7.770034358145494e-07, 0.0, 0.0, 0.0, 0.0, 0.0, 0.0, 0.0]","[0.0, 0.0, 0.0, 1.0577080047369236e-06, 0.0, 0.0, 0.0, 0.0, 0.0, 0.0]","[0.0, 0.0, 0.0, 0.0, 1.813276753637183e-06, 0.0, 0.0, 0.0, 0.0, 0.0]","[0.0, 0.0, 0.0, 0.0, 0.0, 8.9286959337187e-07, 0.0, 0.0, 0.0, 0.0]","[0.0, 0.0, 0.0, 0.0, 0.0, 0.0, 5.030116199122858e-07, 0.0, 0.0, 0.0]","[0.0, 0.0, 0.0, 0.0, 0.0, 0.0, 0.0, 5.585694111687189e-07, 0.0, 0.0]","[0.0, 0.0, 0.0, 0.0, 0.0, 0.0, 0.0, 0.0, 2.4096036099763296e-07, 0.0]","[0.0, 0.0, 0.0, 0.0, 0.0, 0.0, 0.0, 0.0, 0.0, 6.909596095283632e-07]"
1,0,1,trainable,paper,"[1.4522577203024412e-06, 0.0, 0.0, 0.0, 0.0, 0.0, 0.0, 0.0, 0.0, 0.0]","[0.0, 1.897348624879669e-06, 0.0, 0.0, 0.0, 0.0, 0.0, 0.0, 0.0, 0.0]","[0.0, 0.0, 4.0179093048209324e-06, 0.0, 0.0, 0.0, 0.0, 0.0, 0.0, 0.0]","[0.0, 0.0, 0.0, 3.693327926157508e-06, 0.0, 0.0, 0.0, 0.0, 0.0, 0.0]","[0.0, 0.0, 0.0, 0.0, 2.748032784438692e-06, 0.0, 0.0, 0.0, 0.0, 0.0]","[0.0, 0.0, 0.0, 0.0, 0.0, 2.6343409444962163e-06, 0.0, 0.0, 0.0, 0.0]","[0.0, 0.0, 0.0, 0.0, 0.0, 0.0, 4.339417500887066e-06, 0.0, 0.0, 0.0]","[0.0, 0.0, 0.0, 0.0, 0.0, 0.0, 0.0, 2.1473267679539276e-06, 0.0, 0.0]","[0.0, 0.0, 0.0, 0.0, 0.0, 0.0, 0.0, 0.0, 1.9222343325964175e-06, 0.0]","[0.0, 0.0, 0.0, 0.0, 0.0, 0.0, 0.0, 0.0, 0.0, 3.419381528146914e-06]"
1,0,0.3,trainable,paper,"[5.866955689270981e-06, 0.0, 0.0, 0.0, 0.0, 0.0, 0.0, 0.0, 0.0, 0.0]","[0.0, 2.7336420771462144e-06, 0.0, 0.0, 0.0, 0.0, 0.0, 0.0, 0.0, 0.0]","[0.0, 0.0, 1.2984464774490334e-06, 0.0, 0.0, 0.0, 0.0, 0.0, 0.0, 0.0]","[0.0, 0.0, 0.0, 2.400556923021213e-06, 0.0, 0.0, 0.0, 0.0, 0.0, 0.0]","[0.0, 0.0, 0.0, 0.0, 6.755089088983368e-06, 0.0, 0.0, 0.0, 0.0, 0.0]","[0.0, 0.0, 0.0, 0.0, 0.0, 9.749653145263437e-06, 0.0, 0.0, 0.0, 0.0]","[0.0, 0.0, 0.0, 0.0, 0.0, 0.0, 7.490475582017098e-06, 0.0, 0.0, 0.0]","[0.0, 0.0, 0.0, 0.0, 0.0, 0.0, 0.0, 6.020807177264942e-06, 0.0, 0.0]","[0.0, 0.0, 0.0, 0.0, 0.0, 0.0, 0.0, 0.0, 8.38952291815076e-06, 0.0]","[0.0, 0.0, 0.0, 0.0, 0.0, 0.0, 0.0, 0.0, 0.0, 7.53928270569304e-06]"
1,0,0.1,trainable,paper,"[2.991519977513235e-06, 0.0, 0.0, 0.0, 0.0, 0.0, 0.0, 0.0, 0.0, 0.0]","[0.0, 4.404177889227867e-05, 0.0, 0.0, 0.0, 0.0, 0.0, 0.0, 0.0, 0.0]","[0.0, 0.0, 2.181102672693669e-06, 0.0, 0.0, 0.0, 0.0, 0.0, 0.0, 0.0]","[0.0, 0.0, 0.0, 1.6725850855436875e-06, 0.0, 0.0, 0.0, 0.0, 0.0, 0.0]","[0.0, 0.0, 0.0, 0.0, 2.048763008133392e-06, 0.0, 0.0, 0.0, 0.0, 0.0]","[0.0, 0.0, 0.0, 0.0, 0.0, 3.926761110051302e-06, 0.0, 0.0, 0.0, 0.0]","[0.0, 0.0, 0.0, 0.0, 0.0, 0.0, 2.86259773929487e-06, 0.0, 0.0, 0.0]","[0.0, 0.0, 0.0, 0.0, 0.0, 0.0, 0.0, 1.3034472431172617e-05, 0.0, 0.0]","[0.0, 0.0, 0.0, 0.0, 0.0, 0.0, 0.0, 0.0, 4.502758201851975e-06, 0.0]","[0.0, 0.0, 0.0, 0.0, 0.0, 0.0, 0.0, 0.0, 0.0, 1.72801246662857e-05]"
1,0,0.03,trainable,paper,"[2.653214323800057e-06, 0.0, 0.0, 0.0, 0.0, 0.0, 0.0, 0.0, 0.0, 0.0]","[0.0, 1.7389853610438877e-06, 0.0, 0.0, 0.0, 0.0, 0.0, 0.0, 0.0, 0.0]","[0.0, 0.0, 1.309167487306695e-06, 0.0, 0.0, 0.0, 0.0, 0.0, 0.0, 0.0]","[0.0, 0.0, 0.0, 3.253303930250695e-06, 0.0, 0.0, 0.0, 0.0, 0.0, 0.0]","[0.0, 0.0, 0.0, 0.0, 1.4789632132305996e-06, 0.0, 0.0, 0.0, 0.0, 0.0]","[0.0, 0.0, 0.0, 0.0, 0.0, 2.7653986762743443e-06, 0.0, 0.0, 0.0, 0.0]","[0.0, 0.0, 0.0, 0.0, 0.0, 0.0, 3.395764451852301e-06, 0.0, 0.0, 0.0]","[0.0, 0.0, 0.0, 0.0, 0.0, 0.0, 0.0, 1.2093372561139404e-06, 0.0, 0.0]","[0.0, 0.0, 0.0, 0.0, 0.0, 0.0, 0.0, 0.0, 2.0824761577387108e-06, 0.0]","[0.0, 0.0, 0.0, 0.0, 0.0, 0.0, 0.0, 0.0, 0.0, 3.840584213321563e-06]"
1,0,0.01,trainable,paper,"[6.86512648826465e-05, 0.0, 0.0, 0.0, 0.0, 0.0, 0.0, 0.0, 0.0, 0.0]","[0.0, 8.843399700708687e-05, 0.0, 0.0, 0.0, 0.0, 0.0, 0.0, 0.0, 0.0]","[0.0, 0.0, 0.00019777817942667753, 0.0, 0.0, 0.0, 0.0, 0.0, 0.0, 0.0]","[0.0, 0.0, 0.0, 0.00011729207471944392, 0.0, 0.0, 0.0, 0.0, 0.0, 0.0]","[0.0, 0.0, 0.0, 0.0, 6.728056177962571e-05, 0.0, 0.0, 0.0, 0.0, 0.0]","[0.0, 0.0, 0.0, 0.0, 0.0, 8.67695634951815e-05, 0.0, 0.0, 0.0, 0.0]","[0.0, 0.0, 0.0, 0.0, 0.0, 0.0, 5.993227387079969e-05, 0.0, 0.0, 0.0]","[0.0, 0.0, 0.0, 0.0, 0.0, 0.0, 0.0, 0.0004992940230295062, 0.0, 0.0]","[0.0, 0.0, 0.0, 0.0, 0.0, 0.0, 0.0, 0.0, 4.6777982788626105e-05, 0.0]","[0.0, 0.0, 0.0, 0.0, 0.0, 0.0, 0.0, 0.0, 0.0, 0.00011903328413609415]"
1,0,0.003,trainable,paper,"[0.0004361991595942527, 0.0, 0.0, 0.0, 0.0, 0.0, 0.0, 0.0, 0.0, 0.0]","[0.0, 0.00013675472291652113, 0.0, 0.0, 0.0, 0.0, 0.0, 0.0, 0.0, 0.0]","[0.0, 0.0, 0.00019304333545733243, 0.0, 0.0, 0.0, 0.0, 0.0, 0.0, 0.0]","[0.0, 0.0, 0.0, 8.075939695117995e-05, 0.0, 0.0, 0.0, 0.0, 0.0, 0.0]","[0.0, 0.0, 0.0, 0.0, 0.00011597549018915743, 0.0, 0.0, 0.0, 0.0, 0.0]","[0.0, 0.0, 0.0, 0.0, 0.0, 0.0003055517445318401, 0.0, 0.0, 0.0, 0.0]","[0.0, 0.0, 0.0, 0.0, 0.0, 0.0, 0.00011972546053584665, 0.0, 0.0, 0.0]","[0.0, 0.0, 0.0, 0.0, 0.0, 0.0, 0.0, 9.954410052159801e-05, 0.0, 0.0]","[0.0, 0.0, 0.0, 0.0, 0.0, 0.0, 0.0, 0.0, 0.00010659035615390167, 0.0]","[0.0, 0.0, 0.0, 0.0, 0.0, 0.0, 0.0, 0.0, 0.0, 0.00036069523775950074]"
1,0,0.001,trainable,paper,"[8.624026668258011e-05, 0.0, 0.0, 0.0, 0.0, 0.0, 0.0, 0.0, 0.0, 0.0]","[0.0, 2.8058137104380876e-05, 0.0, 0.0, 0.0, 0.0, 0.0, 0.0, 0.0, 0.0]","[0.0, 0.0, 3.4959819458890706e-05, 0.0, 0.0, 0.0, 0.0, 0.0, 0.0, 0.0]","[0.0, 0.0, 0.0, 3.0723658710485324e-05, 0.0, 0.0, 0.0, 0.0, 0.0, 0.0]","[0.0, 0.0, 0.0, 0.0, 0.00017126515740528703, 0.0, 0.0, 0.0, 0.0, 0.0]","[0.0, 0.0, 0.0, 0.0, 0.0, 0.00022128599812276661, 0.0, 0.0, 0.0, 0.0]","[0.0, 0.0, 0.0, 0.0, 0.0, 0.0, 0.0001497026823926717, 0.0, 0.0, 0.0]","[0.0, 0.0, 0.0, 0.0, 0.0, 0.0, 0.0, 6.828956247773021e-05, 0.0, 0.0]","[0.0, 0.0, 0.0, 0.0, 0.0, 0.0, 0.0, 0.0, 1.1515314326970838e-05, 0.0]","[0.0, 0.0, 0.0, 0.0, 0.0, 0.0, 0.0, 0.0, 0.0, 6.448343629017472e-05]"
0,0,10,trainable,paper,"[1.1788683877966832e-06, 0.0, 0.0, 0.0, 0.0, 0.0, 0.0, 0.0, 0.0, 0.0]","[0.0, 2.8494639536802424e-06, 0.0, 0.0, 0.0, 0.0, 0.0, 0.0, 0.0, 0.0]","[0.0, 0.0, 1.2571988463605521e-06, 0.0, 0.0, 0.0, 0.0, 0.0, 0.0, 0.0]","[0.0, 0.0, 0.0, 9.971242434403393e-06, 0.0, 0.0, 0.0, 0.0, 0.0, 0.0]","[0.0, 0.0, 0.0, 0.0, 3.6954097595298663e-06, 0.0, 0.0, 0.0, 0.0, 0.0]","[0.0, 0.0, 0.0, 0.0, 0.0, 2.3956440600159112e-06, 0.0, 0.0, 0.0, 0.0]","[0.0, 0.0, 0.0, 0.0, 0.0, 0.0, 4.383517534733983e-06, 0.0, 0.0, 0.0]","[0.0, 0.0, 0.0, 0.0, 0.0, 0.0, 0.0, 1.6373974176531192e-06, 0.0, 0.0]","[0.0, 0.0, 0.0, 0.0, 0.0, 0.0, 0.0, 0.0, 2.0702893834823044e-06, 0.0]","[0.0, 0.0, 0.0, 0.0, 0.0, 0.0, 0.0, 0.0, 0.0, 5.309625521476846e-06]"
0,0,3,trainable,paper,"[3.6933640785719035e-06, 0.0, 0.0, 0.0, 0.0, 0.0, 0.0, 0.0, 0.0, 0.0]","[0.0, 3.0505684662784915e-06, 0.0, 0.0, 0.0, 0.0, 0.0, 0.0, 0.0, 0.0]","[0.0, 0.0, 3.645530568974209e-06, 0.0, 0.0, 0.0, 0.0, 0.0, 0.0, 0.0]","[0.0, 0.0, 0.0, 1.2683411114267074e-05, 0.0, 0.0, 0.0, 0.0, 0.0, 0.0]","[0.0, 0.0, 0.0, 0.0, 7.711558282608166e-06, 0.0, 0.0, 0.0, 0.0, 0.0]","[0.0, 0.0, 0.0, 0.0, 0.0, 1.0988571375492029e-05, 0.0, 0.0, 0.0, 0.0]","[0.0, 0.0, 0.0, 0.0, 0.0, 0.0, 9.490755473962054e-06, 0.0, 0.0, 0.0]","[0.0, 0.0, 0.0, 0.0, 0.0, 0.0, 0.0, 6.285542440309655e-06, 0.0, 0.0]","[0.0, 0.0, 0.0, 0.0, 0.0, 0.0, 0.0, 0.0, 7.018265478109242e-06, 0.0]","[0.0, 0.0, 0.0, 0.0, 0.0, 0.0, 0.0, 0.0, 0.0, 1.2584281648742035e-05]"
0,0,1,trainable,paper,"[4.072942829225212e-06, 0.0, 0.0, 0.0, 0.0, 0.0, 0.0, 0.0, 0.0, 0.0]","[0.0, 7.519982773374068e-06, 0.0, 0.0, 0.0, 0.0, 0.0, 0.0, 0.0, 0.0]","[0.0, 0.0, 5.383307325246278e-06, 0.0, 0.0, 0.0, 0.0, 0.0, 0.0, 0.0]","[0.0, 0.0, 0.0, 1.1791091310442425e-05, 0.0, 0.0, 0.0, 0.0, 0.0, 0.0]","[0.0, 0.0, 0.0, 0.0, 7.560311132692732e-06, 0.0, 0.0, 0.0, 0.0, 0.0]","[0.0, 0.0, 0.0, 0.0, 0.0, 1.8500913938623853e-05, 0.0, 0.0, 0.0, 0.0]","[0.0, 0.0, 0.0, 0.0, 0.0, 0.0, 1.8874396118917502e-05, 0.0, 0.0, 0.0]","[0.0, 0.0, 0.0, 0.0, 0.0, 0.0, 0.0, 7.5596317401505075e-06, 0.0, 0.0]","[0.0, 0.0, 0.0, 0.0, 0.0, 0.0, 0.0, 0.0, 3.566412033251254e-06, 0.0]","[0.0, 0.0, 0.0, 0.0, 0.0, 0.0, 0.0, 0.0, 0.0, 6.890130407555262e-06]"
0,0,0.3,trainable,paper,"[1.800054178602295e-06, 0.0, 0.0, 0.0, 0.0, 0.0, 0.0, 0.0, 0.0, 0.0]","[0.0, 6.093935098760994e-07, 0.0, 0.0, 0.0, 0.0, 0.0, 0.0, 0.0, 0.0]","[0.0, 0.0, 1.7875775029096985e-06, 0.0, 0.0, 0.0, 0.0, 0.0, 0.0, 0.0]","[0.0, 0.0, 0.0, 5.691757905879058e-06, 0.0, 0.0, 0.0, 0.0, 0.0, 0.0]","[0.0, 0.0, 0.0, 0.0, 4.574289050651714e-06, 0.0, 0.0, 0.0, 0.0, 0.0]","[0.0, 0.0, 0.0, 0.0, 0.0, 1.7529691831441596e-05, 0.0, 0.0, 0.0, 0.0]","[0.0, 0.0, 0.0, 0.0, 0.0, 0.0, 2.31271610573458e-06, 0.0, 0.0, 0.0]","[0.0, 0.0, 0.0, 0.0, 0.0, 0.0, 0.0, 3.1755953386891633e-06, 0.0, 0.0]","[0.0, 0.0, 0.0, 0.0, 0.0, 0.0, 0.0, 0.0, 9.741523172124289e-06, 0.0]","[0.0, 0.0, 0.0, 0.0, 0.0, 0.0, 0.0, 0.0, 0.0, 2.941144884971436e-06]"
0,0,0.1,trainable,paper,"[4.43417263795709e-07, 0.0, 0.0, 0.0, 0.0, 0.0, 0.0, 0.0, 0.0, 0.0]","[0.0, 2.7349415177013725e-07, 0.0, 0.0, 0.0, 0.0, 0.0, 0.0, 0.0, 0.0]","[0.0, 0.0, 5.269825464893074e-07, 0.0, 0.0, 0.0, 0.0, 0.0, 0.0, 0.0]","[0.0, 0.0, 0.0, 4.141440513194539e-06, 0.0, 0.0, 0.0, 0.0, 0.0, 0.0]","[0.0, 0.0, 0.0, 0.0, 1.9969758113802527e-07, 0.0, 0.0, 0.0, 0.0, 0.0]","[0.0, 0.0, 0.0, 0.0, 0.0, 9.995562777476152e-08, 0.0, 0.0, 0.0, 0.0]","[0.0, 0.0, 0.0, 0.0, 0.0, 0.0, 2.1682571116343752e-07, 0.0, 0.0, 0.0]","[0.0, 0.0, 0.0, 0.0, 0.0, 0.0, 0.0, 9.756414328876417e-06, 0.0, 0.0]","[0.0, 0.0, 0.0, 0.0, 0.0, 0.0, 0.0, 0.0, 6.480868819380703e-07, 0.0]","[0.0, 0.0, 0.0, 0.0, 0.0, 0.0, 0.0, 0.0, 0.0, 9.917006309478893e-07]"
0,0,0.03,trainable,paper,"[1.971999154193327e-06, 0.0, 0.0, 0.0, 0.0, 0.0, 0.0, 0.0, 0.0, 0.0]","[0.0, 4.519081358012045e-06, 0.0, 0.0, 0.0, 0.0, 0.0, 0.0, 0.0, 0.0]","[0.0, 0.0, 1.807467378966976e-05, 0.0, 0.0, 0.0, 0.0, 0.0, 0.0, 0.0]","[0.0, 0.0, 0.0, 2.6918612547888188e-06, 0.0, 0.0, 0.0, 0.0, 0.0, 0.0]","[0.0, 0.0, 0.0, 0.0, 2.813603259710362e-06, 0.0, 0.0, 0.0, 0.0, 0.0]","[0.0, 0.0, 0.0, 0.0, 0.0, 5.206941295909928e-06, 0.0, 0.0, 0.0, 0.0]","[0.0, 0.0, 0.0, 0.0, 0.0, 0.0, 3.5598086469690315e-06, 0.0, 0.0, 0.0]","[0.0, 0.0, 0.0, 0.0, 0.0, 0.0, 0.0, 2.303786459378898e-06, 0.0, 0.0]","[0.0, 0.0, 0.0, 0.0, 0.0, 0.0, 0.0, 0.0, 1.2613045328180306e-06, 0.0]","[0.0, 0.0, 0.0, 0.0, 0.0, 0.0, 0.0, 0.0, 0.0, 7.016512427071575e-06]"
0,0,0.01,trainable,paper,"[9.652710286900401e-05, 0.0, 0.0, 0.0, 0.0, 0.0, 0.0, 0.0, 0.0, 0.0]","[0.0, 0.00021523551549762487, 0.0, 0.0, 0.0, 0.0, 0.0, 0.0, 0.0, 0.0]","[0.0, 0.0, 0.00022654610802419484, 0.0, 0.0, 0.0, 0.0, 0.0, 0.0, 0.0]","[0.0, 0.0, 0.0, 0.00014803389785811305, 0.0, 0.0, 0.0, 0.0, 0.0, 0.0]","[0.0, 0.0, 0.0, 0.0, 0.0002451913896948099, 0.0, 0.0, 0.0, 0.0, 0.0]","[0.0, 0.0, 0.0, 0.0, 0.0, 0.0002940611448138952, 0.0, 0.0, 0.0, 0.0]","[0.0, 0.0, 0.0, 0.0, 0.0, 0.0, 0.00028117396868765354, 0.0, 0.0, 0.0]","[0.0, 0.0, 0.0, 0.0, 0.0, 0.0, 0.0, 0.0004445241065695882, 0.0, 0.0]","[0.0, 0.0, 0.0, 0.0, 0.0, 0.0, 0.0, 0.0, 0.0002605278859846294, 0.0]","[0.0, 0.0, 0.0, 0.0, 0.0, 0.0, 0.0, 0.0, 0.0, 0.00039359359652735293]"
0,0,0.003,trainable,paper,"[1.3052528629486915e-05, 0.0, 0.0, 0.0, 0.0, 0.0, 0.0, 0.0, 0.0, 0.0]","[0.0, 4.4024047383572906e-05, 0.0, 0.0, 0.0, 0.0, 0.0, 0.0, 0.0, 0.0]","[0.0, 0.0, 2.1877214749110863e-05, 0.0, 0.0, 0.0, 0.0, 0.0, 0.0, 0.0]","[0.0, 0.0, 0.0, 5.652463369187899e-05, 0.0, 0.0, 0.0, 0.0, 0.0, 0.0]","[0.0, 0.0, 0.0, 0.0, 5.612398308585398e-05, 0.0, 0.0, 0.0, 0.0, 0.0]","[0.0, 0.0, 0.0, 0.0, 0.0, 1.4443799955188297e-05, 0.0, 0.0, 0.0, 0.0]","[0.0, 0.0, 0.0, 0.0, 0.0, 0.0, 1.694910679361783e-05, 0.0, 0.0, 0.0]","[0.0, 0.0, 0.0, 0.0, 0.0, 0.0, 0.0, 1.2860249626100995e-05, 0.0, 0.0]","[0.0, 0.0, 0.0, 0.0, 0.0, 0.0, 0.0, 0.0, 3.846018444164656e-05, 0.0]","[0.0, 0.0, 0.0, 0.0, 0.0, 0.0, 0.0, 0.0, 0.0, 1.8183020074502565e-05]"
0,0,0.001,trainable,paper,"[0.00012019468704238534, 0.0, 0.0, 0.0, 0.0, 0.0, 0.0, 0.0, 0.0, 0.0]","[0.0, 0.0002785057877190411, 0.0, 0.0, 0.0, 0.0, 0.0, 0.0, 0.0, 0.0]","[0.0, 0.0, 0.0003394591622054577, 0.0, 0.0, 0.0, 0.0, 0.0, 0.0, 0.0]","[0.0, 0.0, 0.0, 0.0007006116211414337, 0.0, 0.0, 0.0, 0.0, 0.0, 0.0]","[0.0, 0.0, 0.0, 0.0, 0.001131493947468698, 0.0, 0.0, 0.0, 0.0, 0.0]","[0.0, 0.0, 0.0, 0.0, 0.0, 0.00020707400108221918, 0.0, 0.0, 0.0, 0.0]","[0.0, 0.0, 0.0, 0.0, 0.0, 0.0, 0.00022269983310252428, 0.0, 0.0, 0.0]","[0.0, 0.0, 0.0, 0.0, 0.0, 0.0, 0.0, 8.93535470822826e-05, 0.0, 0.0]","[0.0, 0.0, 0.0, 0.0, 0.0, 0.0, 0.0, 0.0, 0.00014483810809906572, 0.0]","[0.0, 0.0, 0.0, 0.0, 0.0, 0.0, 0.0, 0.0, 0.0, 0.0002681348705664277]"
2,0.1,10,trainable,paper,"[0.2154277265071869, 0.35375910997390747, 0.3544113337993622, 0.35409119725227356, 0.35383427143096924, 0.3541862964630127, 0.3541013300418854, 0.35400569438934326, 0.3541668951511383, 0.3538285791873932]","[0.3539122939109802, 0.2177831530570984, 0.3537023961544037, 0.3538672924041748, 0.35368120670318604, 0.35389962792396545, 0.35363173484802246, 0.35384950041770935, 0.35392409563064575, 0.3537575602531433]","[0.35345372557640076, 0.3540723919868469, 0.2169301062822342, 0.3540571630001068, 0.3539712131023407, 0.3539751470088959, 0.3534926176071167, 0.3539247512817383, 0.3541206121444702, 0.3539676368236542]","[0.35359928011894226, 0.3537071943283081, 0.3536655604839325, 0.2177249640226364, 0.35381507873535156, 0.35395774245262146, 0.3541412651538849, 0.35387858748435974, 0.35382792353630066, 0.3537023663520813]","[0.3538341522216797, 0.35392335057258606, 0.3538438677787781, 0.3537672460079193, 0.2171483188867569, 0.35405611991882324, 0.35393932461738586, 0.35424336791038513, 0.353573203086853, 0.35364386439323425]","[0.3535389304161072, 0.35380375385284424, 0.353840172290802, 0.3536209464073181, 0.3536987602710724, 0.21848417818546295, 0.3535677194595337, 0.3536597788333893, 0.35406309366226196, 0.3538213074207306]","[0.3541373014450073, 0.3545020520687103, 0.3548126816749573, 0.35439610481262207, 0.3542579412460327, 0.35471299290657043, 0.21228699386119843, 0.35422131419181824, 0.35410019755363464, 0.35410943627357483]","[0.3538675308227539, 0.3539576530456543, 0.3540748357772827, 0.3539591431617737, 0.35362666845321655, 0.3541093170642853, 0.35397765040397644, 0.21679317951202393, 0.3538348376750946, 0.3537287414073944]","[0.35343480110168457, 0.35369548201560974, 0.3536095917224884, 0.35373732447624207, 0.35401588678359985, 0.35360288619995117, 0.35401108860969543, 0.35399848222732544, 0.21844127774238586, 0.35355809330940247]","[0.3538286089897156, 0.3538445830345154, 0.35397830605506897, 0.3538845479488373, 0.35400328040122986, 0.35385099053382874, 0.35404667258262634, 0.3541731536388397, 0.3540293872356415, 0.21621765196323395]"
2,0.1,3,trainable,paper,"[0.22763743996620178, 0.3520074188709259, 0.3522947430610657, 0.3529287576675415, 0.3519045412540436, 0.35256487131118774, 0.3527008891105652, 0.3527739346027374, 0.35444948077201843, 0.35461482405662537]","[0.3540875315666199, 0.22477032244205475, 0.3532063066959381, 0.35252127051353455, 0.35247933864593506, 0.3535979390144348, 0.3520640432834625, 0.35243648290634155, 0.3536898195743561, 0.35452598333358765]","[0.35387924313545227, 0.3530274033546448, 0.2232995480298996, 0.3524787724018097, 0.35257184505462646, 0.35386496782302856, 0.352592796087265, 0.3531498610973358, 0.35406553745269775, 0.3540229797363281]","[0.3534844219684601, 0.35330522060394287, 0.35370945930480957, 0.2221018522977829, 0.3521374464035034, 0.3531111776828766, 0.3524153232574463, 0.35221391916275024, 0.3556109070777893, 0.3562232553958893]","[0.35421502590179443, 0.35349875688552856, 0.35342222452163696, 0.35382094979286194, 0.21923571825027466, 0.35300591588020325, 0.3529461920261383, 0.35232916474342346, 0.35506945848464966, 0.3567727208137512]","[0.353486567735672, 0.3524043560028076, 0.35232824087142944, 0.3525025546550751, 0.3529215157032013, 0.2263008952140808, 0.35346531867980957, 0.3532405495643616, 0.35366982221603394, 0.35292044281959534]","[0.3541406989097595, 0.35427749156951904, 0.35421323776245117, 0.35452035069465637, 0.3536995053291321, 0.353086918592453, 0.21840226650238037, 0.3526563048362732, 0.35331061482429504, 0.35422155261039734]","[0.35331442952156067, 0.353941410779953, 0.35326987504959106, 0.3535778224468231, 0.3539983630180359, 0.3526737093925476, 0.35399937629699707, 0.21830879151821136, 0.3540497422218323, 0.3555964231491089]","[0.35183024406433105, 0.3524459898471832, 0.35188770294189453, 0.3503153622150421, 0.35104793310165405, 0.3523210287094116, 0.3532060980796814, 0.3524510860443115, 0.24291057884693146, 0.34913429617881775]","[0.35184532403945923, 0.35168135166168213, 0.3522532284259796, 0.34980589151382446, 0.3492667078971863, 0.35336729884147644, 0.3524944484233856, 0.35063421726226807, 0.3569496273994446, 0.2412099540233612]"
2,0.1,1,trainable,paper,"[0.23244518041610718, 0.3512423634529114, 0.3524794578552246, 0.35349512100219727, 0.3521081507205963, 0.3519623875617981, 0.35110917687416077, 0.3529781997203827, 0.3527289032936096, 0.35391682386398315]","[0.3530188798904419, 0.2318723499774933, 0.3531448543071747, 0.3531549870967865, 0.35139182209968567, 0.35214880108833313, 0.35099557042121887, 0.3529894948005676, 0.3526115119457245, 0.352916955947876]","[0.35199469327926636, 0.351612389087677, 0.2332562953233719, 0.35300466418266296, 0.35107433795928955, 0.35197094082832336, 0.35201823711395264, 0.353864848613739, 0.35355088114738464, 0.352151095867157]","[0.35153260827064514, 0.35126161575317383, 0.35162702202796936, 0.23541219532489777, 0.35249820351600647, 0.3503217399120331, 0.3510829210281372, 0.35388875007629395, 0.35340604186058044, 0.3549363613128662]","[0.352344810962677, 0.3530634045600891, 0.3532196581363678, 0.3520900011062622, 0.22926189005374908, 0.3501887023448944, 0.3522116541862488, 0.354312002658844, 0.3529973328113556, 0.3567141592502594]","[0.3524610698223114, 0.35216981172561646, 0.35258156061172485, 0.35337162017822266, 0.3539455533027649, 0.2303127497434616, 0.35274386405944824, 0.35210442543029785, 0.3520244061946869, 0.35213303565979004]","[0.35418012738227844, 0.35363948345184326, 0.35335680842399597, 0.35463425517082214, 0.3530464768409729, 0.3521255850791931, 0.22797054052352905, 0.3519298732280731, 0.3517373204231262, 0.35173913836479187]","[0.35166165232658386, 0.35218027234077454, 0.3510621190071106, 0.35045748949050903, 0.35063645243644714, 0.35213541984558105, 0.35319092869758606, 0.23843657970428467, 0.3516874611377716, 0.35470691323280334]","[0.35183700919151306, 0.3518189489841461, 0.3505013883113861, 0.3506321609020233, 0.3515414893627167, 0.35202354192733765, 0.3530483543872833, 0.3534717261791229, 0.24834409356117249, 0.3466895818710327]","[0.3508746027946472, 0.3516833782196045, 0.3523145020008087, 0.34937429428100586, 0.3476908206939697, 0.35256102681159973, 0.35331299901008606, 0.35021457076072693, 0.3574458658695221, 0.24663174152374268]"
2,0.1,0.3,trainable,paper,"[0.24491100013256073, 0.35004159808158875, 0.3504828214645386, 0.3524855673313141, 0.3513319790363312, 0.3512255847454071, 0.34960150718688965, 0.3510512411594391, 0.3532038927078247, 0.3523266911506653]","[0.3525236248970032, 0.24246801435947418, 0.35189300775527954, 0.3518826365470886, 0.3510642647743225, 0.35076943039894104, 0.3493597209453583, 0.35143551230430603, 0.3519884943962097, 0.35258233547210693]","[0.35238730907440186, 0.3514130115509033, 0.2434578835964203, 0.35147202014923096, 0.3501701354980469, 0.3498004078865051, 0.35146433115005493, 0.35264918208122253, 0.35224393010139465, 0.3509884178638458]","[0.351363867521286, 0.3509880006313324, 0.35180139541625977, 0.24887718260288239, 0.35172009468078613, 0.3474510610103607, 0.34872663021087646, 0.3510170876979828, 0.3533971905708313, 0.35415923595428467]","[0.35166993737220764, 0.35198211669921875, 0.3525152802467346, 0.35150784254074097, 0.2426597625017166, 0.3475341200828552, 0.3498949110507965, 0.35187315940856934, 0.35435402393341064, 0.35627493262290955]","[0.35164716839790344, 0.3518942892551422, 0.3531588315963745, 0.3544144034385681, 0.35491645336151123, 0.24028423428535461, 0.3512786626815796, 0.35078608989715576, 0.3497234880924225, 0.3498532772064209]","[0.3542085587978363, 0.35353121161460876, 0.3524571657180786, 0.35556769371032715, 0.3539659082889557, 0.3519548177719116, 0.23744423687458038, 0.3500850200653076, 0.34947800636291504, 0.3500075340270996]","[0.35185784101486206, 0.3521629273891449, 0.3505188524723053, 0.3514338433742523, 0.3516142964363098, 0.3514256775379181, 0.35333290696144104, 0.23595470190048218, 0.3528165817260742, 0.3540852665901184]","[0.34993812441825867, 0.35091108083724976, 0.34999075531959534, 0.3489844501018524, 0.3487468361854553, 0.35249266028404236, 0.3536373972892761, 0.3508623540401459, 0.2628026306629181, 0.34607136249542236]","[0.3510439395904541, 0.35050636529922485, 0.35167205333709717, 0.3484916388988495, 0.3464851975440979, 0.3532141149044037, 0.3534649908542633, 0.3490399420261383, 0.35630685091018677, 0.25394636392593384]"
2,0.1,0.1,trainable,paper,"[0.25202107429504395, 0.3496576249599457, 0.3489100933074951, 0.35209840536117554, 0.35012152791023254, 0.3501834273338318, 0.35022684931755066, 0.3508954346179962, 0.35109105706214905, 0.3525865972042084]","[0.35116180777549744, 0.2537821829319, 0.3501617908477783, 0.35128092765808105, 0.3507758378982544, 0.35013923048973083, 0.34850260615348816, 0.3505198657512665, 0.34982264041900635, 0.35153746604919434]","[0.35225537419319153, 0.35166847705841064, 0.250063955783844, 0.3515479564666748, 0.35063982009887695, 0.34918761253356934, 0.3500792980194092, 0.35179537534713745, 0.3503265380859375, 0.34968456625938416]","[0.3504917323589325, 0.3500122129917145, 0.3503090441226959, 0.2607104480266571, 0.3513431251049042, 0.34521007537841797, 0.34964990615844727, 0.350974977016449, 0.34945860505104065, 0.35435178875923157]","[0.3513735830783844, 0.35084155201911926, 0.35037949681282043, 0.35048335790634155, 0.25483518838882446, 0.3460383713245392, 0.3501932919025421, 0.3524612784385681, 0.35006076097488403, 0.3564256429672241]","[0.35110989212989807, 0.35092267394065857, 0.3522070348262787, 0.3548644185066223, 0.354787141084671, 0.25218236446380615, 0.35027050971984863, 0.35012850165367126, 0.3472227454185486, 0.34887415170669556]","[0.3521435856819153, 0.35276198387145996, 0.35247617959976196, 0.35331156849861145, 0.35239267349243164, 0.35138604044914246, 0.25000810623168945, 0.3486108183860779, 0.3476935029029846, 0.34906718134880066]","[0.3504071831703186, 0.3516881465911865, 0.3497398793697357, 0.3497556447982788, 0.34974220395088196, 0.35025325417518616, 0.35337233543395996, 0.24928170442581177, 0.35057640075683594, 0.35293078422546387]","[0.3503309190273285, 0.35138365626335144, 0.3498391807079315, 0.3510552644729614, 0.3513902425765991, 0.3530898094177246, 0.35376232862472534, 0.35159650444984436, 0.2586912214756012, 0.34357622265815735]","[0.3493025302886963, 0.35006287693977356, 0.3511151373386383, 0.34661439061164856, 0.344659686088562, 0.35260331630706787, 0.35300904512405396, 0.34864386916160583, 0.35670992732048035, 0.26701584458351135]"
2,0.1,0.03,trainable,paper,"[0.2636682391166687, 0.3488275110721588, 0.34862804412841797, 0.35053887963294983, 0.349366694688797, 0.3502384424209595, 0.3481493592262268, 0.3500622808933258, 0.34953558444976807, 0.35072222352027893]","[0.3502907156944275, 0.2632860243320465, 0.3490384817123413, 0.3505745530128479, 0.3503846824169159, 0.34955835342407227, 0.3470965027809143, 0.35072389245033264, 0.3489668667316437, 0.3499429225921631]","[0.35094761848449707, 0.3513469696044922, 0.26169514656066895, 0.3512326180934906, 0.3493475317955017, 0.3488593101501465, 0.3486463129520416, 0.35189348459243774, 0.34920865297317505, 0.347151517868042]","[0.35087719559669495, 0.3491750657558441, 0.3493019938468933, 0.27335789799690247, 0.3507201671600342, 0.345416784286499, 0.34684720635414124, 0.3512156009674072, 0.34678879380226135, 0.3509223461151123]","[0.3507287800312042, 0.34987378120422363, 0.35013866424560547, 0.3497525751590729, 0.2691960334777832, 0.3462560176849365, 0.3468865752220154, 0.3519420623779297, 0.34663841128349304, 0.3524402379989624]","[0.3496018648147583, 0.3499176502227783, 0.3510509729385376, 0.3529617190361023, 0.3531031608581543, 0.2637935280799866, 0.34860527515411377, 0.34991762042045593, 0.34630286693573, 0.3482005000114441]","[0.3526379466056824, 0.3522937297821045, 0.35235559940338135, 0.3546191453933716, 0.35432544350624084, 0.35133838653564453, 0.25074517726898193, 0.3477538228034973, 0.3480127453804016, 0.349505752325058]","[0.34974247217178345, 0.35013607144355774, 0.34813788533210754, 0.34787479043006897, 0.3490730822086334, 0.34877797961235046, 0.3526163697242737, 0.26823297142982483, 0.34762412309646606, 0.34980493783950806]","[0.3502994775772095, 0.3505838215351105, 0.34900811314582825, 0.35205402970314026, 0.35343173146247864, 0.3521796762943268, 0.3515501916408539, 0.3531590402126312, 0.2531825602054596, 0.34593141078948975]","[0.34965673089027405, 0.3500922620296478, 0.35182496905326843, 0.348368376493454, 0.34701791405677795, 0.35187289118766785, 0.35091081261634827, 0.3501274287700653, 0.3522244095802307, 0.2579372525215149]"
2,0.1,0.01,trainable,paper,"[0.2695523202419281, 0.3477274775505066, 0.347430557012558, 0.34910649061203003, 0.3500622510910034, 0.3501015305519104, 0.34850606322288513, 0.34944209456443787, 0.3498285114765167, 0.3491598665714264]","[0.34957167506217957, 0.270292192697525, 0.34852972626686096, 0.3497985005378723, 0.3503148555755615, 0.34864696860313416, 0.34643128514289856, 0.3508935570716858, 0.3486235737800598, 0.34836289286613464]","[0.35046297311782837, 0.35037678480148315, 0.27221423387527466, 0.3508642315864563, 0.34911590814590454, 0.34814026951789856, 0.3475761413574219, 0.35129907727241516, 0.34855034947395325, 0.3449268043041229]","[0.3509364128112793, 0.3482472598552704, 0.3482227325439453, 0.27688395977020264, 0.35268041491508484, 0.34502941370010376, 0.3473966121673584, 0.3507019281387329, 0.34726011753082275, 0.3481181561946869]","[0.34848669171333313, 0.34845229983329773, 0.34872907400131226, 0.34622320532798767, 0.27877599000930786, 0.34584325551986694, 0.34880775213241577, 0.3525707423686981, 0.34744971990585327, 0.34966841340065]","[0.34821033477783203, 0.34922313690185547, 0.35027772188186646, 0.351539671421051, 0.3518843948841095, 0.27715346217155457, 0.3480183780193329, 0.3481181859970093, 0.34471607208251953, 0.34684497117996216]","[0.3508461117744446, 0.3512857258319855, 0.35208430886268616, 0.3526764512062073, 0.3510793149471283, 0.3503853678703308, 0.26323002576828003, 0.3469363749027252, 0.3461718261241913, 0.34924420714378357]","[0.3487248420715332, 0.34848862886428833, 0.3471077084541321, 0.34651443362236023, 0.34714892506599426, 0.34877416491508484, 0.35196971893310547, 0.2790869474411011, 0.34876975417137146, 0.34813839197158813]","[0.3485237956047058, 0.34937137365341187, 0.347812294960022, 0.34988802671432495, 0.35124194622039795, 0.35202863812446594, 0.3518325984477997, 0.3507070541381836, 0.26239272952079773, 0.34738394618034363]","[0.34964683651924133, 0.3500945270061493, 0.35222068428993225, 0.3493996262550354, 0.34812167286872864, 0.35180234909057617, 0.34982550144195557, 0.3501085937023163, 0.34893718361854553, 0.2593362331390381]"
2,0.1,0.003,trainable,paper,"[0.2786881923675537, 0.3466793894767761, 0.3475579023361206, 0.34894859790802, 0.3481329679489136, 0.35021916031837463, 0.34693682193756104, 0.3477615416049957, 0.3495826721191406, 0.34876444935798645]","[0.3488383889198303, 0.27667367458343506, 0.34875956177711487, 0.3486076295375824, 0.34907227754592896, 0.3486314117908478, 0.34484604001045227, 0.3503873348236084, 0.3492330312728882, 0.34810206294059753]","[0.34873858094215393, 0.34867388010025024, 0.2836301326751709, 0.348642498254776, 0.3482392430305481, 0.3475356698036194, 0.3467942774295807, 0.3499511182308197, 0.3489070236682892, 0.34406962990760803]","[0.349821001291275, 0.3477790653705597, 0.3490682542324066, 0.2832247316837311, 0.35086414217948914, 0.34601935744285583, 0.34483426809310913, 0.34851065278053284, 0.34850552678108215, 0.3468717038631439]","[0.3488423526287079, 0.34814271330833435, 0.34794995188713074, 0.3464651107788086, 0.2801078259944916, 0.3476727604866028, 0.3462122976779938, 0.35052213072776794, 0.3494259715080261, 0.34827128052711487]","[0.34663599729537964, 0.3476256728172302, 0.3494114577770233, 0.3487708568572998, 0.34842661023139954, 0.2906297445297241, 0.34790095686912537, 0.3472047448158264, 0.3436361253261566, 0.34658971428871155]","[0.35086458921432495, 0.3510386347770691, 0.351369172334671, 0.35377275943756104, 0.3521760404109955, 0.3488357961177826, 0.2702557146549225, 0.3457811176776886, 0.345680296421051, 0.34933704137802124]","[0.348701149225235, 0.3474353551864624, 0.34683850407600403, 0.34684517979621887, 0.3476831614971161, 0.347907155752182, 0.35143905878067017, 0.28228655457496643, 0.3495974838733673, 0.34626537561416626]","[0.3474161624908447, 0.34730446338653564, 0.3457825481891632, 0.3470722436904907, 0.34790390729904175, 0.35151854157447815, 0.35070469975471497, 0.3486325442790985, 0.28346604108810425, 0.34597519040107727]","[0.34860607981681824, 0.3488602042198181, 0.3513529896736145, 0.34903040528297424, 0.3478330373764038, 0.3506605327129364, 0.34818893671035767, 0.35029396414756775, 0.3486544191837311, 0.2675391435623169]"
2,0.1,0.001,trainable,paper,"[0.2929207980632782, 0.3455362915992737, 0.3467866778373718, 0.3480391204357147, 0.34728923439979553, 0.34977954626083374, 0.34567761421203613, 0.3472881019115448, 0.34693121910095215, 0.3468751609325409]","[0.34826716780662537, 0.28298237919807434, 0.3488632142543793, 0.34812623262405396, 0.348488986492157, 0.3484548330307007, 0.34466636180877686, 0.3501482307910919, 0.34782394766807556, 0.3467763364315033]","[0.3479470908641815, 0.34707531332969666, 0.29215916991233826, 0.3478190004825592, 0.3470176160335541, 0.347414493560791, 0.34636548161506653, 0.3497147262096405, 0.3475920557975769, 0.34374213218688965]","[0.34961146116256714, 0.34667712450027466, 0.3485610783100128, 0.298460990190506, 0.3501827120780945, 0.34567832946777344, 0.3447941243648529, 0.3482545018196106, 0.3443957567214966, 0.3439054489135742]","[0.34828981757164, 0.347268283367157, 0.34759262204170227, 0.34581321477890015, 0.29363179206848145, 0.34763190150260925, 0.3468549847602844, 0.350381463766098, 0.345064252614975, 0.3450770974159241]","[0.34564733505249023, 0.34618404507637024, 0.348005086183548, 0.3474084436893463, 0.3469385504722595, 0.30103349685668945, 0.3466280698776245, 0.34682515263557434, 0.34311044216156006, 0.3468937575817108]","[0.35077282786369324, 0.3495221436023712, 0.35041144490242004, 0.35250669717788696, 0.3502821922302246, 0.3484952747821808, 0.27984216809272766, 0.3443279266357422, 0.3449151813983917, 0.3484719395637512]","[0.34770384430885315, 0.34626585245132446, 0.34554651379585266, 0.3454947769641876, 0.34664252400398254, 0.3465675413608551, 0.35147953033447266, 0.30102306604385376, 0.34679460525512695, 0.3440183997154236]","[0.34838059544563293, 0.3469485938549042, 0.34501898288726807, 0.34939154982566833, 0.35064804553985596, 0.3501029908657074, 0.34978124499320984, 0.3498649299144745, 0.27739670872688293, 0.3486548066139221]","[0.34905773401260376, 0.34866201877593994, 0.34988608956336975, 0.350442498922348, 0.3494310975074768, 0.34890416264533997, 0.3476989269256592, 0.3509509563446045, 0.34396958351135254, 0.2772909104824066]"
2,0,10,trainable,paper,"[8.034272468648851e-06, 0.0, 0.0, 0.0, 0.0, 0.0, 0.0, 0.0, 0.0, 0.0]","[0.0, 7.3043806878558826e-06, 0.0, 0.0, 0.0, 0.0, 0.0, 0.0, 0.0, 0.0]","[0.0, 0.0, 1.0776248018373735e-05, 0.0, 0.0, 0.0, 0.0, 0.0, 0.0, 0.0]","[0.0, 0.0, 0.0, 4.386808541312348e-06, 0.0, 0.0, 0.0, 0.0, 0.0, 0.0]","[0.0, 0.0, 0.0, 0.0, 6.135273451945977e-06, 0.0, 0.0, 0.0, 0.0, 0.0]","[0.0, 0.0, 0.0, 0.0, 0.0, 5.231850991549436e-06, 0.0, 0.0, 0.0, 0.0]","[0.0, 0.0, 0.0, 0.0, 0.0, 0.0, 2.7223200049775187e-06, 0.0, 0.0, 0.0]","[0.0, 0.0, 0.0, 0.0, 0.0, 0.0, 0.0, 1.633539068279788e-05, 0.0, 0.0]","[0.0, 0.0, 0.0, 0.0, 0.0, 0.0, 0.0, 0.0, 3.86374404115486e-06, 0.0]","[0.0, 0.0, 0.0, 0.0, 0.0, 0.0, 0.0, 0.0, 0.0, 7.1897570705914404e-06]"
2,0,3,trainable,paper,"[3.120415385637898e-06, 0.0, 0.0, 0.0, 0.0, 0.0, 0.0, 0.0, 0.0, 0.0]","[0.0, 2.9794721285725245e-06, 0.0, 0.0, 0.0, 0.0, 0.0, 0.0, 0.0, 0.0]","[0.0, 0.0, 8.263585186796263e-06, 0.0, 0.0, 0.0, 0.0, 0.0, 0.0, 0.0]","[0.0, 0.0, 0.0, 7.4443028097448405e-06, 0.0, 0.0, 0.0, 0.0, 0.0, 0.0]","[0.0, 0.0, 0.0, 0.0, 8.018239896045998e-06, 0.0, 0.0, 0.0, 0.0, 0.0]","[0.0, 0.0, 0.0, 0.0, 0.0, 7.971385457494762e-06, 0.0, 0.0, 0.0, 0.0]","[0.0, 0.0, 0.0, 0.0, 0.0, 0.0, 3.6830986118729925e-06, 0.0, 0.0, 0.0]","[0.0, 0.0, 0.0, 0.0, 0.0, 0.0, 0.0, 6.87126703269314e-06, 0.0, 0.0]","[0.0, 0.0, 0.0, 0.0, 0.0, 0.0, 0.0, 0.0, 4.054591499880189e-06, 0.0]","[0.0, 0.0, 0.0, 0.0, 0.0, 0.0, 0.0, 0.0, 0.0, 3.203804453733028e-06]"
2,0,1,trainable,paper,"[7.700811693212017e-06, 0.0, 0.0, 0.0, 0.0, 0.0, 0.0, 0.0, 0.0, 0.0]","[0.0, 4.74273247164092e-06, 0.0, 0.0, 0.0, 0.0, 0.0, 0.0, 0.0, 0.0]","[0.0, 0.0, 9.908038009598386e-06, 0.0, 0.0, 0.0, 0.0, 0.0, 0.0, 0.0]","[0.0, 0.0, 0.0, 4.363269908935763e-06, 0.0, 0.0, 0.0, 0.0, 0.0, 0.0]","[0.0, 0.0, 0.0, 0.0, 7.757960702292621e-06, 0.0, 0.0, 0.0, 0.0, 0.0]","[0.0, 0.0, 0.0, 0.0, 0.0, 7.288306733244099e-06, 0.0, 0.0, 0.0, 0.0]","[0.0, 0.0, 0.0, 0.0, 0.0, 0.0, 5.8054065448231995e-06, 0.0, 0.0, 0.0]","[0.0, 0.0, 0.0, 0.0, 0.0, 0.0, 0.0, 4.593619905790547e-06, 0.0, 0.0]","[0.0, 0.0, 0.0, 0.0, 0.0, 0.0, 0.0, 0.0, 8.717326636542566e-06, 0.0]","[0.0, 0.0, 0.0, 0.0, 0.0, 0.0, 0.0, 0.0, 0.0, 6.5166632339241914e-06]"
2,0,0.3,trainable,paper,"[5.922015134274261e-06, 0.0, 0.0, 0.0, 0.0, 0.0, 0.0, 0.0, 0.0, 0.0]","[0.0, 2.849697693818598e-06, 0.0, 0.0, 0.0, 0.0, 0.0, 0.0, 0.0, 0.0]","[0.0, 0.0, 1.0736787771747913e-05, 0.0, 0.0, 0.0, 0.0, 0.0, 0.0, 0.0]","[0.0, 0.0, 0.0, 7.665004886803217e-06, 0.0, 0.0, 0.0, 0.0, 0.0, 0.0]","[0.0, 0.0, 0.0, 0.0, 3.618262553573004e-06, 0.0, 0.0, 0.0, 0.0, 0.0]","[0.0, 0.0, 0.0, 0.0, 0.0, 2.7250807761447504e-05, 0.0, 0.0, 0.0, 0.0]","[0.0, 0.0, 0.0, 0.0, 0.0, 0.0, 8.13972746982472e-06, 0.0, 0.0, 0.0]","[0.0, 0.0, 0.0, 0.0, 0.0, 0.0, 0.0, 4.343368345871568e-06, 0.0, 0.0]","[0.0, 0.0, 0.0, 0.0, 0.0, 0.0, 0.0, 0.0, 3.002868879775633e-06, 0.0]","[0.0, 0.0, 0.0, 0.0, 0.0, 0.0, 0.0, 0.0, 0.0, 1.4424155097003677e-06]"
2,0,0.1,trainable,paper,"[1.0536257832427509e-05, 0.0, 0.0, 0.0, 0.0, 0.0, 0.0, 0.0, 0.0, 0.0]","[0.0, 1.237877495441353e-05, 0.0, 0.0, 0.0, 0.0, 0.0, 0.0, 0.0, 0.0]","[0.0, 0.0, 1.0777659554150887e-05, 0.0, 0.0, 0.0, 0.0, 0.0, 0.0, 0.0]","[0.0, 0.0, 0.0, 4.3739059947256465e-06, 0.0, 0.0, 0.0, 0.0, 0.0, 0.0]","[0.0, 0.0, 0.0, 0.0, 8.202812750823796e-06, 0.0, 0.0, 0.0, 0.0, 0.0]","[0.0, 0.0, 0.0, 0.0, 0.0, 8.492617780575529e-06, 0.0, 0.0, 0.0, 0.0]","[0.0, 0.0, 0.0, 0.0, 0.0, 0.0, 1.1391730367904529e-05, 0.0, 0.0, 0.0]","[0.0, 0.0, 0.0, 0.0, 0.0, 0.0, 0.0, 7.6146166065882426e-06, 0.0, 0.0]","[0.0, 0.0, 0.0, 0.0, 0.0, 0.0, 0.0, 0.0, 5.573753242060775e-06, 0.0]","[0.0, 0.0, 0.0, 0.0, 0.0, 0.0, 0.0, 0.0, 0.0, 6.847911663498962e-06]"
2,0,0.03,trainable,paper,"[1.8558089323050808e-06, 0.0, 0.0, 0.0, 0.0, 0.0, 0.0, 0.0, 0.0, 0.0]","[0.0, 1.6486386812175624e-05, 0.0, 0.0, 0.0, 0.0, 0.0, 0.0, 0.0, 0.0]","[0.0, 0.0, 1.894366869237274e-05, 0.0, 0.0, 0.0, 0.0, 0.0, 0.0, 0.0]","[0.0, 0.0, 0.0, 2.8858769383077743e-06, 0.0, 0.0, 0.0, 0.0, 0.0, 0.0]","[0.0, 0.0, 0.0, 0.0, 1.656823769735638e-06, 0.0, 0.0, 0.0, 0.0, 0.0]","[0.0, 0.0, 0.0, 0.0, 0.0, 2.5081269541260554e-06, 0.0, 0.0, 0.0, 0.0]","[0.0, 0.0, 0.0, 0.0, 0.0, 0.0, 1.4837728485872503e-06, 0.0, 0.0, 0.0]","[0.0, 0.0, 0.0, 0.0, 0.0, 0.0, 0.0, 6.609865522477776e-06, 0.0, 0.0]","[0.0, 0.0, 0.0, 0.0, 0.0, 0.0, 0.0, 0.0, 3.905831363226753e-06, 0.0]","[0.0, 0.0, 0.0, 0.0, 0.0, 0.0, 0.0, 0.0, 0.0, 5.058617716713343e-06]"
2,0,0.01,trainable,paper,"[9.313434929936193e-06, 0.0, 0.0, 0.0, 0.0, 0.0, 0.0, 0.0, 0.0, 0.0]","[0.0, 7.760752851027064e-06, 0.0, 0.0, 0.0, 0.0, 0.0, 0.0, 0.0, 0.0]","[0.0, 0.0, 2.7832271371153183e-05, 0.0, 0.0, 0.0, 0.0, 0.0, 0.0, 0.0]","[0.0, 0.0, 0.0, 1.8001779608312063e-05, 0.0, 0.0, 0.0, 0.0, 0.0, 0.0]","[0.0, 0.0, 0.0, 0.0, 8.965360393631272e-06, 0.0, 0.0, 0.0, 0.0, 0.0]","[0.0, 0.0, 0.0, 0.0, 0.0, 6.367115020111669e-06, 0.0, 0.0, 0.0, 0.0]","[0.0, 0.0, 0.0, 0.0, 0.0, 0.0, 4.101037575310329e-06, 0.0, 0.0, 0.0]","[0.0, 0.0, 0.0, 0.0, 0.0, 0.0, 0.0, 4.278977030480746e-06, 0.0, 0.0]","[0.0, 0.0, 0.0, 0.0, 0.0, 0.0, 0.0, 0.0, 5.212973519519437e-06, 0.0]","[0.0, 0.0, 0.0, 0.0, 0.0, 0.0, 0.0, 0.0, 0.0, 7.235154043883085e-06]"
2,0,0.003,trainable,paper,"[0.00037926825461909175, 0.0, 0.0, 0.0, 0.0, 0.0, 0.0, 0.0, 0.0, 0.0]","[0.0, 0.0002862940891645849, 0.0, 0.0, 0.0, 0.0, 0.0, 0.0, 0.0, 0.0]","[0.0, 0.0, 0.0004169520107097924, 0.0, 0.0, 0.0, 0.0, 0.0, 0.0, 0.0]","[0.0, 0.0, 0.0, 0.00025503584765829146, 0.0, 0.0, 0.0, 0.0, 0.0, 0.0]","[0.0, 0.0, 0.0, 0.0, 0.00014921429101377726, 0.0, 0.0, 0.0, 0.0, 0.0]","[0.0, 0.0, 0.0, 0.0, 0.0, 0.00023527278972323984, 0.0, 0.0, 0.0, 0.0]","[0.0, 0.0, 0.0, 0.0, 0.0, 0.0, 0.00015332919429056346, 0.0, 0.0, 0.0]","[0.0, 0.0, 0.0, 0.0, 0.0, 0.0, 0.0, 0.0002750521816778928, 0.0, 0.0]","[0.0, 0.0, 0.0, 0.0, 0.0, 0.0, 0.0, 0.0, 9.87179228104651e-05, 0.0]","[0.0, 0.0, 0.0, 0.0, 0.0, 0.0, 0.0, 0.0, 0.0, 8.183128375094384e-05]"
2,0,0.001,trainable,paper,"[0.00013154518092051148, 0.0, 0.0, 0.0, 0.0, 0.0, 0.0, 0.0, 0.0, 0.0]","[0.0, 0.0001452653086744249, 0.0, 0.0, 0.0, 0.0, 0.0, 0.0, 0.0, 0.0]","[0.0, 0.0, 9.794915240490809e-05, 0.0, 0.0, 0.0, 0.0, 0.0, 0.0, 0.0]","[0.0, 0.0, 0.0, 0.00010093091987073421, 0.0, 0.0, 0.0, 0.0, 0.0, 0.0]","[0.0, 0.0, 0.0, 0.0, 9.844543819781393e-05, 0.0, 0.0, 0.0, 0.0, 0.0]","[0.0, 0.0, 0.0, 0.0, 0.0, 8.667461224831641e-05, 0.0, 0.0, 0.0, 0.0]","[0.0, 0.0, 0.0, 0.0, 0.0, 0.0, 7.753329555271193e-05, 0.0, 0.0, 0.0]","[0.0, 0.0, 0.0, 0.0, 0.0, 0.0, 0.0, 0.00010215669317403808, 0.0, 0.0]","[0.0, 0.0, 0.0, 0.0, 0.0, 0.0, 0.0, 0.0, 0.0001296071131946519, 0.0]","[0.0, 0.0, 0.0, 0.0, 0.0, 0.0, 0.0, 0.0, 0.0, 0.00019490632985252887]"
2,0.2,10,trainable,paper,"[0.7628169655799866, 0.6274674534797668, 0.626970112323761, 0.6269155144691467, 0.6270015239715576, 0.6272402405738831, 0.6268420815467834, 0.6278204321861267, 0.6260049939155579, 0.627726137638092]","[0.6272217631340027, 0.7592810988426208, 0.6280131340026855, 0.627425491809845, 0.6274072527885437, 0.6272091865539551, 0.6264058351516724, 0.6275162100791931, 0.6276334524154663, 0.6283138990402222]","[0.6305683851242065, 0.6268078684806824, 0.7536563277244568, 0.6295186281204224, 0.6276537775993347, 0.6273612380027771, 0.6286608576774597, 0.626859724521637, 0.6289183497428894, 0.6262734532356262]","[0.6271035075187683, 0.6257722973823547, 0.6247835159301758, 0.7708869576454163, 0.6274629831314087, 0.6267539858818054, 0.6263129711151123, 0.625436007976532, 0.6260102391242981, 0.6272516846656799]","[0.6273154020309448, 0.6253965497016907, 0.6261075735092163, 0.6251254677772522, 0.7752618789672852, 0.6261031031608582, 0.6255542039871216, 0.6254222393035889, 0.6264779567718506, 0.6254408955574036]","[0.628217875957489, 0.6289461255073547, 0.6279974579811096, 0.6276233792304993, 0.6274552345275879, 0.7535218000411987, 0.6283737421035767, 0.6276318430900574, 0.6284604072570801, 0.627615213394165]","[0.6282193064689636, 0.6265906691551208, 0.6250584721565247, 0.6263809204101562, 0.6264353394508362, 0.6257447004318237, 0.7701439261436462, 0.6268322467803955, 0.6259191632270813, 0.6263599991798401]","[0.6260565519332886, 0.6266312599182129, 0.627158522605896, 0.6277828216552734, 0.6270573139190674, 0.6263414025306702, 0.625507652759552, 0.7692808508872986, 0.6259922385215759, 0.625741183757782]","[0.6270554661750793, 0.6253591775894165, 0.6258132457733154, 0.6264878511428833, 0.6253014206886292, 0.6253662705421448, 0.6259738802909851, 0.6263430714607239, 0.7747882008552551, 0.6256465911865234]","[0.6256531476974487, 0.6256832480430603, 0.6272799968719482, 0.6256192922592163, 0.6261762380599976, 0.6257987022399902, 0.625095009803772, 0.6267396211624146, 0.6259046196937561, 0.7741120457649231]"
2,0.2,3,trainable,paper,"[0.7687358260154724, 0.628546416759491, 0.6254522204399109, 0.6243265271186829, 0.6274151802062988, 0.6283684968948364, 0.624331533908844, 0.6264343857765198, 0.6246739029884338, 0.6299688816070557]","[0.6234915852546692, 0.7788411974906921, 0.6254454255104065, 0.6240261793136597, 0.6264487504959106, 0.6272823810577393, 0.6233906149864197, 0.626139223575592, 0.6251974701881409, 0.6290144324302673]","[0.6293452382087708, 0.6271112561225891, 0.7705356478691101, 0.6257612109184265, 0.6254270672798157, 0.6250796318054199, 0.6274123787879944, 0.6255280375480652, 0.6266149282455444, 0.6251869201660156]","[0.6267257928848267, 0.6264837980270386, 0.6258766055107117, 0.7719834446907043, 0.6288774013519287, 0.625921905040741, 0.6247084140777588, 0.6250030398368835, 0.6238598823547363, 0.6292081475257874]","[0.6241605877876282, 0.6240572333335876, 0.6251866221427917, 0.621041476726532, 0.7859545946121216, 0.6259315609931946, 0.6244796514511108, 0.6241169571876526, 0.6266123056411743, 0.6287372708320618]","[0.6244404911994934, 0.6267082691192627, 0.6275885701179504, 0.6248303651809692, 0.6248523592948914, 0.7731174826622009, 0.6260181069374084, 0.6271862387657166, 0.6274183988571167, 0.6259989738464355]","[0.6280038952827454, 0.6269039511680603, 0.6239482760429382, 0.6254585981369019, 0.6254215836524963, 0.6256662011146545, 0.7789904475212097, 0.6245632767677307, 0.6237660646438599, 0.6263382434844971]","[0.6244632601737976, 0.6251481771469116, 0.6258199214935303, 0.6249305009841919, 0.6261640191078186, 0.6239953637123108, 0.6249354481697083, 0.7815125584602356, 0.6247599124908447, 0.627415120601654]","[0.6253501176834106, 0.6252313256263733, 0.6253095865249634, 0.6252445578575134, 0.6230175495147705, 0.623835027217865, 0.6253098249435425, 0.6250953078269958, 0.792289137840271, 0.6201032400131226]","[0.621625542640686, 0.6234468817710876, 0.6257963180541992, 0.6210944056510925, 0.620986819267273, 0.6255845427513123, 0.6231868267059326, 0.6229692101478577, 0.6285118460655212, 0.7992991805076599]"
2,0.2,1,trainable,paper,"[0.7770790457725525, 0.6294489502906799, 0.6230260133743286, 0.6241446733474731, 0.6248672008514404, 0.6294773817062378, 0.6227430105209351, 0.6246868968009949, 0.6257672905921936, 0.6285147666931152]","[0.6198577880859375, 0.791146457195282, 0.6245935559272766, 0.6240345239639282, 0.6254191398620605, 0.6277023553848267, 0.6218920350074768, 0.6258138418197632, 0.6248490214347839, 0.6258842349052429]","[0.6290758848190308, 0.6254159212112427, 0.7817259430885315, 0.6252523064613342, 0.6228793263435364, 0.6253944039344788, 0.6278257966041565, 0.6251893043518066, 0.6253589987754822, 0.6217349171638489]","[0.6242641806602478, 0.6241151094436646, 0.6237979531288147, 0.7868034839630127, 0.6260153651237488, 0.6274521946907043, 0.6223773956298828, 0.6245737075805664, 0.6252871155738831, 0.6259031891822815]","[0.6237590909004211, 0.6223340630531311, 0.6243948340415955, 0.6213539838790894, 0.7867820262908936, 0.6289223432540894, 0.6230229139328003, 0.6250839829444885, 0.630262553691864, 0.6254483461380005]","[0.6209172010421753, 0.6240218281745911, 0.6248323321342468, 0.6202028393745422, 0.6189249157905579, 0.8008922934532166, 0.6256618499755859, 0.6251620650291443, 0.6274333000183105, 0.6251141428947449]","[0.6271039247512817, 0.62567538022995, 0.6211316585540771, 0.6259426474571228, 0.624647319316864, 0.6237359642982483, 0.7958484888076782, 0.6220959424972534, 0.6204603314399719, 0.625145435333252]","[0.6233154535293579, 0.6227506995201111, 0.6234280467033386, 0.6225900650024414, 0.6228482127189636, 0.6236114501953125, 0.6250838041305542, 0.8000707030296326, 0.6244600415229797, 0.6231693625450134]","[0.6218447089195251, 0.6231222152709961, 0.6235069036483765, 0.6210533380508423, 0.6171827912330627, 0.6216078996658325, 0.6265305280685425, 0.6235679388046265, 0.8201654553413391, 0.6176049709320068]","[0.6205810308456421, 0.6240985989570618, 0.6260043978691101, 0.6216742992401123, 0.6212411522865295, 0.6242854595184326, 0.6218393445014954, 0.6247971653938293, 0.6280539631843567, 0.799801230430603]"
2,0.2,0.3,trainable,paper,"[0.7857164144515991, 0.6295563578605652, 0.6228564977645874, 0.6220341920852661, 0.6231117844581604, 0.6284075379371643, 0.6221942901611328, 0.6249890923500061, 0.6225007772445679, 0.6304541826248169]","[0.6167670488357544, 0.8034588098526001, 0.6248212456703186, 0.623462438583374, 0.623432993888855, 0.6281683444976807, 0.6200517416000366, 0.6260879635810852, 0.6227585673332214, 0.6249043345451355]","[0.6265488266944885, 0.6227492690086365, 0.7938088774681091, 0.625837504863739, 0.6206942796707153, 0.6259105801582336, 0.6259399652481079, 0.625633716583252, 0.6236141920089722, 0.620697021484375]","[0.6236089468002319, 0.6219708919525146, 0.6206808686256409, 0.7992729544639587, 0.6226621270179749, 0.6274492144584656, 0.6220487952232361, 0.6259168982505798, 0.6219461560249329, 0.6280685067176819]","[0.622516930103302, 0.6216399669647217, 0.6233811974525452, 0.622117280960083, 0.7882486581802368, 0.6307276487350464, 0.6212823987007141, 0.6263569593429565, 0.6288430094718933, 0.6281645894050598]","[0.619377851486206, 0.6211936473846436, 0.6217717528343201, 0.6169099807739258, 0.6140412092208862, 0.8228622674942017, 0.6260403394699097, 0.6250886917114258, 0.6251460313796997, 0.6264186501502991]","[0.6251736283302307, 0.6247935891151428, 0.6208190321922302, 0.6243935823440552, 0.6242051720619202, 0.6211543083190918, 0.8173247575759888, 0.6186748147010803, 0.6163032054901123, 0.6225499510765076]","[0.6203632354736328, 0.6200907826423645, 0.6200553178787231, 0.618335485458374, 0.619156539440155, 0.6210938692092896, 0.6260621547698975, 0.8211627006530762, 0.623478353023529, 0.6259353756904602]","[0.621967077255249, 0.6222354769706726, 0.6219378113746643, 0.6208984851837158, 0.6156338453292847, 0.6212102770805359, 0.6283921599388123, 0.6224798560142517, 0.8326581120491028, 0.6129180788993835]","[0.6168280243873596, 0.6233285069465637, 0.6246235370635986, 0.6173030734062195, 0.6162735819816589, 0.6212279796600342, 0.622783362865448, 0.6200817823410034, 0.6298558115959167, 0.8266310691833496]"
2,0.2,0.1,trainable,paper,"[0.8099585771560669, 0.6282880306243896, 0.621235728263855, 0.6200709939002991, 0.6189271211624146, 0.624204158782959, 0.6215877532958984, 0.6231032013893127, 0.6193382143974304, 0.6283122897148132]","[0.6156344413757324, 0.8176342844963074, 0.6228449940681458, 0.6202046275138855, 0.6218549013137817, 0.6267857551574707, 0.620669424533844, 0.6246363520622253, 0.6214035749435425, 0.6240349411964417]","[0.6259016990661621, 0.6222627758979797, 0.807158887386322, 0.6237953901290894, 0.6177334189414978, 0.6249231100082397, 0.6273567080497742, 0.6224828958511353, 0.6227962374687195, 0.6195130944252014]","[0.6234224438667297, 0.6225889325141907, 0.6204774975776672, 0.8157147765159607, 0.6164301037788391, 0.6230911612510681, 0.6250602602958679, 0.6235832571983337, 0.619503378868103, 0.6265119314193726]","[0.6240798830986023, 0.620520293712616, 0.6231657266616821, 0.6258118748664856, 0.7891648411750793, 0.6274623870849609, 0.6254294514656067, 0.6248431205749512, 0.6273379325866699, 0.6257951855659485]","[0.6209396719932556, 0.6198201179504395, 0.6199427247047424, 0.6179558634757996, 0.6137867569923401, 0.8284004330635071, 0.6251930594444275, 0.6223444938659668, 0.625046968460083, 0.6251219511032104]","[0.6240804195404053, 0.6217271089553833, 0.6174078583717346, 0.6198040843009949, 0.6181480288505554, 0.619770348072052, 0.8427237868309021, 0.6178199648857117, 0.6146193146705627, 0.6232454180717468]","[0.619608998298645, 0.6189061403274536, 0.6199951171875, 0.6177781224250793, 0.6179103851318359, 0.6204195618629456, 0.6244463920593262, 0.827779233455658, 0.624184787273407, 0.6258629560470581]","[0.6227369904518127, 0.6210426092147827, 0.6195056438446045, 0.6204182505607605, 0.6146029233932495, 0.6181600093841553, 0.628337562084198, 0.619279682636261, 0.8504588007926941, 0.6099560260772705]","[0.6173778772354126, 0.6222026944160461, 0.6230760216712952, 0.6164819002151489, 0.6160377860069275, 0.6198790669441223, 0.6203539371490479, 0.6175099015235901, 0.6298714876174927, 0.8378341794013977]"
2,0.2,0.03,trainable,paper,"[0.8248870968818665, 0.6248542666435242, 0.6210326552391052, 0.6187644004821777, 0.6183751821517944, 0.621253252029419, 0.6182456016540527, 0.6238123178482056, 0.6182141900062561, 0.6274551153182983]","[0.6181137561798096, 0.7932490706443787, 0.6252592206001282, 0.6211920380592346, 0.6247503161430359, 0.6289257407188416, 0.6206008791923523, 0.6309406757354736, 0.6241215467453003, 0.6264721155166626]","[0.6237141489982605, 0.6186715364456177, 0.8172330856323242, 0.6220706105232239, 0.6175434589385986, 0.6231856942176819, 0.6249333620071411, 0.6251534223556519, 0.6224038004875183, 0.6200613379478455]","[0.6221851706504822, 0.6203711032867432, 0.6199493408203125, 0.8222008943557739, 0.6167919039726257, 0.619683563709259, 0.6229271292686462, 0.627112865447998, 0.6204273104667664, 0.6277139782905579]","[0.621945321559906, 0.6173709630966187, 0.6204597353935242, 0.6234033703804016, 0.8032428622245789, 0.6239956021308899, 0.6221463680267334, 0.6280176043510437, 0.6297703385353088, 0.6282903552055359]","[0.6212620139122009, 0.6167580485343933, 0.6188456416130066, 0.6181448698043823, 0.6140688061714172, 0.8359963297843933, 0.6230945587158203, 0.6241744756698608, 0.6223932504653931, 0.6242930889129639]","[0.6245177984237671, 0.6202569603919983, 0.6170412302017212, 0.6197394728660583, 0.6190330982208252, 0.6190700531005859, 0.8532242178916931, 0.6175792217254639, 0.6114206314086914, 0.6195831298828125]","[0.6176350712776184, 0.6135932207107544, 0.6158432364463806, 0.6123037934303284, 0.6133522391319275, 0.6166771650314331, 0.6224076151847839, 0.8658286929130554, 0.6230942606925964, 0.6251330375671387]","[0.6216591596603394, 0.6173157691955566, 0.6174915432929993, 0.6167683005332947, 0.6099866628646851, 0.618046760559082, 0.6290225386619568, 0.6192000508308411, 0.8786735534667969, 0.6053923964500427]","[0.6161217093467712, 0.6192936301231384, 0.6196821928024292, 0.6128141283988953, 0.6115734577178955, 0.6183738112449646, 0.621421217918396, 0.617021381855011, 0.6321443915367126, 0.8590092062950134]"
2,0.2,0.01,trainable,paper,"[0.8426513671875, 0.6237241625785828, 0.6169414520263672, 0.6180092096328735, 0.6188113689422607, 0.6206575036048889, 0.6147789359092712, 0.6212766766548157, 0.6180510520935059, 0.6245872378349304]","[0.6167697906494141, 0.812038242816925, 0.622447669506073, 0.6189479827880859, 0.6229448914527893, 0.6274862885475159, 0.6187556982040405, 0.6287928819656372, 0.622963011264801, 0.6248908638954163]","[0.6252264380455017, 0.6190024018287659, 0.8234050869941711, 0.6208447217941284, 0.6165657639503479, 0.6222525238990784, 0.6237622499465942, 0.6227522492408752, 0.6221457719802856, 0.6199952363967896]","[0.6207273602485657, 0.620273232460022, 0.6189683675765991, 0.8424890637397766, 0.6168293356895447, 0.6179053783416748, 0.6178783774375916, 0.6229048371315002, 0.6200499534606934, 0.6227570176124573]","[0.6193910241127014, 0.6172680258750916, 0.6187238693237305, 0.6215084791183472, 0.8238257765769958, 0.6234351992607117, 0.6166070103645325, 0.625731348991394, 0.6295681595802307, 0.6252602338790894]","[0.619526207447052, 0.6160323023796082, 0.6171132922172546, 0.6171459555625916, 0.6122186183929443, 0.8568360209465027, 0.6199192404747009, 0.6209691762924194, 0.6208510994911194, 0.6212721467018127]","[0.6253136396408081, 0.6190852522850037, 0.6154280304908752, 0.6226404309272766, 0.6224997639656067, 0.6196148991584778, 0.8574614524841309, 0.6155142784118652, 0.6099961400032043, 0.6166272759437561]","[0.6172200441360474, 0.6130209565162659, 0.614713728427887, 0.6136437058448792, 0.6134311556816101, 0.6167111992835999, 0.6210204362869263, 0.8673245310783386, 0.6244564652442932, 0.6239252090454102]","[0.6193397641181946, 0.616061270236969, 0.614413857460022, 0.6143395304679871, 0.6081896424293518, 0.6171678304672241, 0.6278924942016602, 0.6154510974884033, 0.8965818285942078, 0.6067165732383728]","[0.6169646382331848, 0.618846595287323, 0.6166328191757202, 0.6153447031974792, 0.6124314665794373, 0.6189461350440979, 0.621793270111084, 0.6150373220443726, 0.6276913285255432, 0.8607253432273865]"
2,0.2,0.003,trainable,paper,"[0.8698431253433228, 0.6220271587371826, 0.6146819591522217, 0.6131919026374817, 0.6166192889213562, 0.618337869644165, 0.614302396774292, 0.6200986504554749, 0.61373370885849, 0.6218242645263672]","[0.6160429120063782, 0.8245218396186829, 0.621834397315979, 0.6164407730102539, 0.6211867928504944, 0.6253775358200073, 0.619191586971283, 0.6285201907157898, 0.6213909387588501, 0.6232688426971436]","[0.6253672242164612, 0.6172524690628052, 0.8374517560005188, 0.6199965476989746, 0.61473548412323, 0.6209346652030945, 0.6228126883506775, 0.6229669451713562, 0.6207795739173889, 0.616779625415802]","[0.6233789920806885, 0.6201817393302917, 0.6174970269203186, 0.8591036200523376, 0.6149849891662598, 0.6155925989151001, 0.6187589168548584, 0.6226259469985962, 0.6143929362297058, 0.618069052696228]","[0.6193989515304565, 0.6167128682136536, 0.6178064346313477, 0.6211098432540894, 0.835355281829834, 0.620958685874939, 0.6159691214561462, 0.6257265210151672, 0.6261315941810608, 0.6222985982894897]","[0.6195282340049744, 0.6155577301979065, 0.6156812310218811, 0.6160496473312378, 0.6117227077484131, 0.8664771318435669, 0.6207455992698669, 0.6208313703536987, 0.617285966873169, 0.6197963953018188]","[0.623884916305542, 0.615995466709137, 0.6142323017120361, 0.6201295256614685, 0.6214258670806885, 0.6164453625679016, 0.8780471086502075, 0.6127856373786926, 0.6080531477928162, 0.616875410079956]","[0.6164115071296692, 0.61110520362854, 0.6118069291114807, 0.6112164855003357, 0.6114388704299927, 0.6140477061271667, 0.6215744614601135, 0.891951858997345, 0.6209728121757507, 0.6192744970321655]","[0.6208882927894592, 0.6145015954971313, 0.6122903823852539, 0.6166121959686279, 0.6090030670166016, 0.6174987554550171, 0.6273065209388733, 0.6168167591094971, 0.8945395350456238, 0.6055297255516052]","[0.6178293228149414, 0.6181741952896118, 0.6168882250785828, 0.6174483299255371, 0.6129652261734009, 0.6176223754882812, 0.6194184422492981, 0.617146372795105, 0.6249458193778992, 0.8596896529197693]"
2,0.2,0.001,trainable,paper,"[0.8752437829971313, 0.618865966796875, 0.612604022026062, 0.6127696633338928, 0.6147135496139526, 0.6171108484268188, 0.6162253618240356, 0.6203881502151489, 0.614543616771698, 0.6229812502861023]","[0.6161126494407654, 0.8311572074890137, 0.6206068992614746, 0.6153966188430786, 0.6198825836181641, 0.6254844665527344, 0.6180621981620789, 0.6273820996284485, 0.6218643188476562, 0.6230444312095642]","[0.624584436416626, 0.6157718300819397, 0.8470966219902039, 0.6178616285324097, 0.6133418679237366, 0.6193357706069946, 0.622397780418396, 0.6230277419090271, 0.6220736503601074, 0.6160376667976379]","[0.6207714080810547, 0.6181235313415527, 0.6169010996818542, 0.8633342981338501, 0.6136850714683533, 0.6137209534645081, 0.621402382850647, 0.6224141716957092, 0.6172035932540894, 0.6202486753463745]","[0.6181961297988892, 0.6151525974273682, 0.6158379316329956, 0.6195546388626099, 0.8362489938735962, 0.6195122599601746, 0.6195997595787048, 0.6262367963790894, 0.6307792663574219, 0.6260064840316772]","[0.6178934574127197, 0.6127440929412842, 0.6145960092544556, 0.6144476532936096, 0.6098321676254272, 0.8829910159111023, 0.6210182309150696, 0.6198222637176514, 0.6150182485580444, 0.6188929080963135]","[0.6199053525924683, 0.6146469712257385, 0.6126869916915894, 0.6155202984809875, 0.615733802318573, 0.614341676235199, 0.9094104170799255, 0.6101160049438477, 0.6064854860305786, 0.61356520652771]","[0.6133091449737549, 0.6096064448356628, 0.6086915135383606, 0.6084371209144592, 0.6084391474723816, 0.612191379070282, 0.6221495866775513, 0.9100727438926697, 0.6222426295280457, 0.6219251751899719]","[0.6178032755851746, 0.6118745803833008, 0.6082438230514526, 0.6108622550964355, 0.602118730545044, 0.6176096200942993, 0.6279921531677246, 0.6139929294586182, 0.9429263472557068, 0.5995240807533264]","[0.6148718595504761, 0.6164639592170715, 0.6151025891304016, 0.6127503514289856, 0.6069485545158386, 0.6165062785148621, 0.6213893890380859, 0.612555980682373, 0.6292068362236023, 0.8867893218994141]"
1,0.1,10,trainable,paper,"[0.2172161340713501, 0.35371851921081543, 0.35386690497398376, 0.3536800146102905, 0.35398194193840027, 0.35398685932159424, 0.3538053035736084, 0.3536543548107147, 0.3541501760482788, 0.35390403866767883]","[0.35371530055999756, 0.2155233472585678, 0.3535636365413666, 0.35378557443618774, 0.3543018400669098, 0.35418155789375305, 0.3538897633552551, 0.3540174663066864, 0.3542546331882477, 0.35463935136795044]","[0.35373741388320923, 0.35398903489112854, 0.21743471920490265, 0.3537989556789398, 0.3540443778038025, 0.3541012108325958, 0.35359835624694824, 0.35379835963249207, 0.3538382947444916, 0.35364770889282227]","[0.3540528416633606, 0.3540729880332947, 0.35399767756462097, 0.21466399729251862, 0.3539423644542694, 0.35434475541114807, 0.3539082407951355, 0.3541993498802185, 0.35430291295051575, 0.3542327880859375]","[0.3543054461479187, 0.35394057631492615, 0.35431674122810364, 0.3544057607650757, 0.21206195652484894, 0.35418128967285156, 0.35421621799468994, 0.35438787937164307, 0.3550785779953003, 0.35467728972435]","[0.35368621349334717, 0.3534609079360962, 0.35364413261413574, 0.3533996045589447, 0.3541766107082367, 0.2197374701499939, 0.3534116744995117, 0.3536241054534912, 0.3528740406036377, 0.3543548285961151]","[0.3539399802684784, 0.35388195514678955, 0.35415810346603394, 0.354172021150589, 0.35426056385040283, 0.35427069664001465, 0.21505427360534668, 0.35427162051200867, 0.3537742793560028, 0.3539991080760956]","[0.3538877069950104, 0.35360264778137207, 0.3537261486053467, 0.3535771071910858, 0.35383883118629456, 0.35391876101493835, 0.35354435443878174, 0.21812336146831512, 0.35441336035728455, 0.3534740209579468]","[0.3535037040710449, 0.35339823365211487, 0.3537432551383972, 0.35364964604377747, 0.35414475202560425, 0.3548487722873688, 0.35399746894836426, 0.35323187708854675, 0.2173953801393509, 0.3542604148387909]","[0.3542563021183014, 0.35380303859710693, 0.35457560420036316, 0.35415375232696533, 0.35397854447364807, 0.3538602292537689, 0.35419559478759766, 0.3545176684856415, 0.35399824380874634, 0.2144097089767456]"
1,0.1,3,trainable,paper,"[0.2265496402978897, 0.3548145294189453, 0.35203903913497925, 0.35325488448143005, 0.35268986225128174, 0.3528488576412201, 0.35272395610809326, 0.3526379466056824, 0.3530745208263397, 0.35281702876091003]","[0.3510866165161133, 0.2381509691476822, 0.3506260812282562, 0.35245636105537415, 0.35227763652801514, 0.3517579436302185, 0.3524540364742279, 0.35155850648880005, 0.35276758670806885, 0.3522525727748871]","[0.3541116416454315, 0.3555065393447876, 0.2286529690027237, 0.35266464948654175, 0.3522060513496399, 0.35277536511421204, 0.3519405722618103, 0.35162532329559326, 0.35333743691444397, 0.3517279326915741]","[0.35290345549583435, 0.3540259897708893, 0.35357484221458435, 0.223300501704216, 0.35374101996421814, 0.3528594672679901, 0.353476881980896, 0.3540792763233185, 0.35295525193214417, 0.35203829407691956]","[0.35393503308296204, 0.35465189814567566, 0.35467615723609924, 0.35322678089141846, 0.22017529606819153, 0.3532496392726898, 0.35287824273109436, 0.352469265460968, 0.3539339005947113, 0.35353970527648926]","[0.3534584045410156, 0.35443222522735596, 0.35340598225593567, 0.3530963361263275, 0.3532779812812805, 0.22558602690696716, 0.3538169264793396, 0.35241031646728516, 0.3513442873954773, 0.3526603877544403]","[0.35340335965156555, 0.3536994457244873, 0.35387301445007324, 0.3531920909881592, 0.353920578956604, 0.35249602794647217, 0.22721797227859497, 0.352689266204834, 0.35250726342201233, 0.3508205711841583]","[0.35346996784210205, 0.35486072301864624, 0.3546978235244751, 0.3528439700603485, 0.3541989326477051, 0.3536878526210785, 0.3536563515663147, 0.2252064198255539, 0.35249847173690796, 0.3496950566768646]","[0.35330718755722046, 0.3534596860408783, 0.3529230058193207, 0.3536830544471741, 0.35367268323898315, 0.35453954339027405, 0.35378527641296387, 0.353468656539917, 0.22606059908866882, 0.3496049642562866]","[0.35350945591926575, 0.3544045090675354, 0.35476449131965637, 0.35468369722366333, 0.353255957365036, 0.35358700156211853, 0.35525861382484436, 0.35641294717788696, 0.3564629852771759, 0.21115641295909882]"
1,0.1,1,trainable,paper,"[0.2373737394809723, 0.35503798723220825, 0.35218361020088196, 0.35223230719566345, 0.3516685366630554, 0.3516768217086792, 0.351837158203125, 0.3509690761566162, 0.35107532143592834, 0.3516401946544647]","[0.3490791320800781, 0.25131890177726746, 0.3502921462059021, 0.351519912481308, 0.35173192620277405, 0.35080400109291077, 0.3522675037384033, 0.3496159017086029, 0.3505147695541382, 0.3516731262207031]","[0.3526681363582611, 0.3543512523174286, 0.24229884147644043, 0.35182642936706543, 0.35062792897224426, 0.35163354873657227, 0.3510633707046509, 0.35042649507522583, 0.35090720653533936, 0.3508811891078949]","[0.35241052508354187, 0.35346049070358276, 0.35289767384529114, 0.2314569503068924, 0.352260947227478, 0.3523149788379669, 0.3535234034061432, 0.35292333364486694, 0.3513713777065277, 0.35150274634361267]","[0.3534534275531769, 0.35376596450805664, 0.3548089265823364, 0.353329062461853, 0.2285202592611313, 0.35179486870765686, 0.35267654061317444, 0.35071322321891785, 0.3527798354625702, 0.35250163078308105]","[0.3532198965549469, 0.3538220524787903, 0.35302865505218506, 0.3518601953983307, 0.35291728377342224, 0.23186098039150238, 0.3538628816604614, 0.3506387770175934, 0.35124874114990234, 0.35225045680999756]","[0.35260772705078125, 0.35218289494514465, 0.35286062955856323, 0.351723849773407, 0.35246798396110535, 0.35109129548072815, 0.2394828498363495, 0.3505108058452606, 0.35188114643096924, 0.3506771922111511]","[0.35386502742767334, 0.355471134185791, 0.3546234965324402, 0.3530915677547455, 0.3543625473976135, 0.3541068732738495, 0.35424354672431946, 0.23368026316165924, 0.348564475774765, 0.3479883074760437]","[0.3538627624511719, 0.3540762960910797, 0.3539979159832001, 0.3537924885749817, 0.3531951904296875, 0.35284659266471863, 0.35268187522888184, 0.3556617796421051, 0.23287717998027802, 0.346466064453125]","[0.35295993089675903, 0.35318630933761597, 0.35405126214027405, 0.35369181632995605, 0.35258927941322327, 0.35219690203666687, 0.3534192740917206, 0.3564266860485077, 0.35764873027801514, 0.22159601747989655]"
1,0.1,0.3,trainable,paper,"[0.24206018447875977, 0.35443171858787537, 0.3507363796234131, 0.3524048924446106, 0.3523370325565338, 0.35047757625579834, 0.35013318061828613, 0.35186025500297546, 0.34985846281051636, 0.3525317907333374]","[0.34775450825691223, 0.2579609155654907, 0.3486578166484833, 0.35214611887931824, 0.35151487588882446, 0.3491976857185364, 0.35090312361717224, 0.3505605459213257, 0.34967240691185, 0.35291844606399536]","[0.35258084535598755, 0.3542531132698059, 0.2437497079372406, 0.3519379198551178, 0.35031774640083313, 0.3503425419330597, 0.35025230050086975, 0.3515644073486328, 0.3497864603996277, 0.3522738516330719]","[0.35068297386169434, 0.3513137400150299, 0.351154088973999, 0.24232226610183716, 0.35222503542900085, 0.35157811641693115, 0.3517923355102539, 0.35202980041503906, 0.3510408401489258, 0.3511922359466553]","[0.3512178361415863, 0.35250478982925415, 0.3535374402999878, 0.3520464599132538, 0.23800766468048096, 0.3508424162864685, 0.3506002426147461, 0.3511970639228821, 0.35224834084510803, 0.353199303150177]","[0.3529122471809387, 0.3537464141845703, 0.35264337062835693, 0.3508264720439911, 0.35205188393592834, 0.23774434626102448, 0.35254421830177307, 0.3496816158294678, 0.3513623774051666, 0.35259246826171875]","[0.3524055778980255, 0.3515961170196533, 0.3514788746833801, 0.3519488573074341, 0.35274624824523926, 0.3508974611759186, 0.23990562558174133, 0.3514041006565094, 0.35125628113746643, 0.3514007031917572]","[0.35155433416366577, 0.35324713587760925, 0.35225188732147217, 0.3532143235206604, 0.3524107336997986, 0.3536618649959564, 0.35180312395095825, 0.24322479963302612, 0.34651583433151245, 0.35097628831863403]","[0.3536016345024109, 0.35326239466667175, 0.35365694761276245, 0.35269054770469666, 0.35214415192604065, 0.3509848415851593, 0.3514944016933441, 0.35600146651268005, 0.23765835165977478, 0.3479735553264618]","[0.35057729482650757, 0.35044434666633606, 0.3512662649154663, 0.35276302695274353, 0.35049566626548767, 0.35031378269195557, 0.35088101029396057, 0.3520156145095825, 0.35437333583831787, 0.2438356727361679]"
1,0.1,0.1,trainable,paper,"[0.24483296275138855, 0.35334858298301697, 0.3497367203235626, 0.352472186088562, 0.35166963934898376, 0.3500247001647949, 0.3499237298965454, 0.35215064883232117, 0.3497215807437897, 0.35358089208602905]","[0.3468611538410187, 0.2616256773471832, 0.3477518856525421, 0.3524307906627655, 0.349947452545166, 0.3499196767807007, 0.3504185378551483, 0.35180631279945374, 0.34865602850914, 0.35378924012184143]","[0.3520715832710266, 0.3534545600414276, 0.2498919665813446, 0.3508583903312683, 0.34819063544273376, 0.3503277599811554, 0.34918197989463806, 0.35227614641189575, 0.3495146930217743, 0.35324013233184814]","[0.34901130199432373, 0.3494398593902588, 0.3506165146827698, 0.2511026859283447, 0.3516486883163452, 0.35132765769958496, 0.34980615973472595, 0.352583110332489, 0.35081660747528076, 0.35119542479515076]","[0.35025790333747864, 0.3524894118309021, 0.35410013794898987, 0.35121622681617737, 0.2440256029367447, 0.3498584032058716, 0.34939855337142944, 0.3516079783439636, 0.3507186472415924, 0.3539971709251404]","[0.3519474267959595, 0.35144123435020447, 0.35113099217414856, 0.34937337040901184, 0.35127538442611694, 0.24983973801136017, 0.35020071268081665, 0.3501617908477783, 0.34937918186187744, 0.3531072735786438]","[0.3507448732852936, 0.3501698672771454, 0.35045337677001953, 0.3524373471736908, 0.35214826464653015, 0.3518737852573395, 0.24459385871887207, 0.35145774483680725, 0.349839985370636, 0.35276827216148376]","[0.34986060857772827, 0.3507595956325531, 0.35039016604423523, 0.3518964946269989, 0.3505501449108124, 0.351938933134079, 0.35030966997146606, 0.2585125267505646, 0.34455761313438416, 0.3541969060897827]","[0.3522022068500519, 0.3525857925415039, 0.35247567296028137, 0.35141605138778687, 0.3520236611366272, 0.3512841761112213, 0.3510931134223938, 0.35628339648246765, 0.23898696899414062, 0.3521537780761719]","[0.34809356927871704, 0.3481203317642212, 0.34901389479637146, 0.3515525162220001, 0.3482855260372162, 0.34838905930519104, 0.347781240940094, 0.3475643992424011, 0.34836745262145996, 0.27716711163520813]"
1,0.1,0.03,trainable,paper,"[0.25212806463241577, 0.3532765507698059, 0.3493054509162903, 0.35239601135253906, 0.3513394594192505, 0.34982889890670776, 0.34841111302375793, 0.35056862235069275, 0.34863898158073425, 0.3545370101928711]","[0.34518706798553467, 0.2696070075035095, 0.3474804162979126, 0.3530491888523102, 0.34912899136543274, 0.34962424635887146, 0.34918272495269775, 0.35020577907562256, 0.34836050868034363, 0.3550358712673187]","[0.35099127888679504, 0.3520955443382263, 0.2573487460613251, 0.3505651354789734, 0.34794241189956665, 0.3506363034248352, 0.3477586507797241, 0.3514111638069153, 0.3484581410884857, 0.353459894657135]","[0.34749940037727356, 0.34731003642082214, 0.34935104846954346, 0.2631169855594635, 0.3518528938293457, 0.35005950927734375, 0.3482852876186371, 0.352073073387146, 0.35068392753601074, 0.35096970200538635]","[0.3489541709423065, 0.3518785238265991, 0.3528761565685272, 0.3496991991996765, 0.25544989109039307, 0.34892842173576355, 0.3482668697834015, 0.35059234499931335, 0.34942108392715454, 0.35495132207870483]","[0.35080620646476746, 0.3501722514629364, 0.34928321838378906, 0.34892508387565613, 0.3504645526409149, 0.2589137852191925, 0.34999722242355347, 0.3500291407108307, 0.3480365574359894, 0.3535376191139221]","[0.35056689381599426, 0.3495592772960663, 0.3498591184616089, 0.35248833894729614, 0.3515871465206146, 0.35069766640663147, 0.2507985830307007, 0.350228875875473, 0.34895774722099304, 0.3544151186943054]","[0.3499665856361389, 0.35095635056495667, 0.34998807311058044, 0.3514735698699951, 0.350037157535553, 0.3506455421447754, 0.34995532035827637, 0.2618115246295929, 0.3446996510028839, 0.3585134744644165]","[0.3517671227455139, 0.35126614570617676, 0.35216957330703735, 0.3500837981700897, 0.35178902745246887, 0.35095903277397156, 0.3502528667449951, 0.3544730246067047, 0.2474152147769928, 0.35714849829673767]","[0.3457859754562378, 0.34552323818206787, 0.3475435972213745, 0.3506392240524292, 0.34604552388191223, 0.34653857350349426, 0.3444494903087616, 0.34186944365501404, 0.34156641364097595, 0.33112382888793945]"
1,0.1,0.01,trainable,paper,"[0.2637292742729187, 0.35099077224731445, 0.34943902492523193, 0.35168352723121643, 0.3508549928665161, 0.3486541509628296, 0.3473231792449951, 0.350137323141098, 0.3468014597892761, 0.3517571985721588]","[0.3456447720527649, 0.2746683359146118, 0.34739062190055847, 0.35192590951919556, 0.348896861076355, 0.3495166003704071, 0.3481858968734741, 0.3503553569316864, 0.3467123508453369, 0.3525709807872772]","[0.34956496953964233, 0.3506549596786499, 0.27195632457733154, 0.34872621297836304, 0.3464188575744629, 0.3499520421028137, 0.3464299738407135, 0.3514079749584198, 0.3468778431415558, 0.3517363369464874]","[0.34675008058547974, 0.34688612818717957, 0.34972086548805237, 0.27167126536369324, 0.350337952375412, 0.3490152657032013, 0.34707751870155334, 0.3519154489040375, 0.3502531349658966, 0.34923338890075684]","[0.3479466736316681, 0.350612998008728, 0.3529529869556427, 0.3498631715774536, 0.2625022530555725, 0.3478243350982666, 0.3486040234565735, 0.35001760721206665, 0.348466694355011, 0.35248124599456787]","[0.3506222367286682, 0.34869274497032166, 0.34848496317863464, 0.348227322101593, 0.3497697710990906, 0.26894721388816833, 0.35086381435394287, 0.34911563992500305, 0.34632256627082825, 0.3510017991065979]","[0.35000914335250854, 0.34878987073898315, 0.3493195176124573, 0.3523058593273163, 0.3495992124080658, 0.34852123260498047, 0.26331856846809387, 0.3504708409309387, 0.3471589684486389, 0.3511000871658325]","[0.34911492466926575, 0.3495756983757019, 0.348966509103775, 0.35091355443000793, 0.3491600751876831, 0.35026758909225464, 0.3483615219593048, 0.27607467770576477, 0.3422603905200958, 0.3530852496623993]","[0.35219842195510864, 0.3512486517429352, 0.35242214798927307, 0.3490974009037018, 0.35110658407211304, 0.3509766459465027, 0.35035833716392517, 0.3552131652832031, 0.25463441014289856, 0.35074490308761597]","[0.3466635048389435, 0.34588393568992615, 0.3475244641304016, 0.3506307601928711, 0.34656351804733276, 0.3470863997936249, 0.3456001281738281, 0.3454211354255676, 0.345834344625473, 0.301048219203949]"
1,0.1,0.003,trainable,paper,"[0.27198317646980286, 0.350967139005661, 0.3491680324077606, 0.35047605633735657, 0.3502979576587677, 0.3469601273536682, 0.34729382395744324, 0.3498443365097046, 0.3454004228115082, 0.35157525539398193]","[0.34381943941116333, 0.28551021218299866, 0.34637728333473206, 0.35165032744407654, 0.34747031331062317, 0.34748366475105286, 0.3489905595779419, 0.35055819153785706, 0.3456902503967285, 0.35255923867225647]","[0.34842151403427124, 0.35008031129837036, 0.2798910140991211, 0.3482232093811035, 0.34512341022491455, 0.3480846583843231, 0.34658148884773254, 0.3525761067867279, 0.34620752930641174, 0.35136574506759644]","[0.34640324115753174, 0.3456364572048187, 0.3486531972885132, 0.27927181124687195, 0.34974169731140137, 0.3482145071029663, 0.34634554386138916, 0.3525224030017853, 0.34909918904304504, 0.34947001934051514]","[0.34702593088150024, 0.3506218194961548, 0.35277533531188965, 0.3491012752056122, 0.2738272249698639, 0.3461448848247528, 0.3476039171218872, 0.3496933579444885, 0.34662729501724243, 0.35138121247291565]","[0.3508927822113037, 0.34910228848457336, 0.3487568795681, 0.34723684191703796, 0.34967276453971863, 0.27519550919532776, 0.3496714234352112, 0.34815675020217896, 0.3454941213130951, 0.3497040867805481]","[0.3483313322067261, 0.34629106521606445, 0.34723082184791565, 0.3516610264778137, 0.3489648401737213, 0.3483465909957886, 0.27725061774253845, 0.35131171345710754, 0.34502899646759033, 0.35127270221710205]","[0.3480501174926758, 0.3481687903404236, 0.34666237235069275, 0.3495447337627411, 0.3480650782585144, 0.34985101222991943, 0.3461885452270508, 0.2929270565509796, 0.34100592136383057, 0.3549897074699402]","[0.35218778252601624, 0.3506612777709961, 0.35169920325279236, 0.3487977087497711, 0.3513728380203247, 0.35009700059890747, 0.3508065342903137, 0.354780375957489, 0.26202666759490967, 0.3500913679599762]","[0.34522971510887146, 0.34426215291023254, 0.3463866114616394, 0.348981648683548, 0.34612932801246643, 0.34670329093933105, 0.34361228346824646, 0.34207403659820557, 0.3445257842540741, 0.3233070969581604]"
1,0.1,0.001,trainable,paper,"[0.2784405052661896, 0.35057705640792847, 0.3495275676250458, 0.34951621294021606, 0.350852370262146, 0.3458663821220398, 0.3465876281261444, 0.349938303232193, 0.3451138138771057, 0.3492295742034912]","[0.3422951400279999, 0.29152899980545044, 0.34659504890441895, 0.3503882884979248, 0.34802675247192383, 0.3471088707447052, 0.34856101870536804, 0.34959763288497925, 0.3462071120738983, 0.3495577275753021]","[0.34667715430259705, 0.34829169511795044, 0.2923146188259125, 0.34652140736579895, 0.3453544080257416, 0.34758061170578003, 0.34469324350357056, 0.351812481880188, 0.34658923745155334, 0.34831106662750244]","[0.34581154584884644, 0.345350444316864, 0.34887316823005676, 0.286262571811676, 0.3493565618991852, 0.3469065725803375, 0.34575849771499634, 0.35270023345947266, 0.34848421812057495, 0.3479726314544678]","[0.344955712556839, 0.3486715257167816, 0.35114586353302, 0.3481830656528473, 0.2855304181575775, 0.34577450156211853, 0.34732508659362793, 0.3482481837272644, 0.34691154956817627, 0.34939277172088623]","[0.35061076283454895, 0.3479454517364502, 0.34782320261001587, 0.3468455970287323, 0.34835466742515564, 0.28817716240882874, 0.3483618199825287, 0.34712928533554077, 0.3444425165653229, 0.34678521752357483]","[0.3472599685192108, 0.3449036478996277, 0.34719952940940857, 0.35080403089523315, 0.347623348236084, 0.34836623072624207, 0.2869403064250946, 0.35034164786338806, 0.3443697392940521, 0.34964197874069214]","[0.34646156430244446, 0.34776222705841064, 0.34626084566116333, 0.34852495789527893, 0.34805092215538025, 0.3495467007160187, 0.3456641733646393, 0.2967172861099243, 0.3420512080192566, 0.3506196439266205]","[0.3512140214443207, 0.34874245524406433, 0.3501620590686798, 0.34816306829452515, 0.34969231486320496, 0.34968823194503784, 0.3499506413936615, 0.35223689675331116, 0.2799232602119446, 0.34330475330352783]","[0.34557077288627625, 0.345177561044693, 0.3477250337600708, 0.3487342596054077, 0.3462664783000946, 0.34770411252975464, 0.3430142104625702, 0.3443959653377533, 0.34951597452163696, 0.30359119176864624]"
0,0.1,10,trainable,paper,"[0.2179468721151352, 0.3537448048591614, 0.35376545786857605, 0.35375478863716125, 0.3537316620349884, 0.35360023379325867, 0.3536979854106903, 0.3541089594364166, 0.35385042428970337, 0.35383182764053345]","[0.3549734950065613, 0.2084968388080597, 0.354643315076828, 0.3547094762325287, 0.35463806986808777, 0.3543333113193512, 0.3549584448337555, 0.35504844784736633, 0.3545498549938202, 0.3548601567745209]","[0.35380762815475464, 0.3542333245277405, 0.2168940156698227, 0.3541207015514374, 0.35373544692993164, 0.3537100851535797, 0.35356250405311584, 0.3541751205921173, 0.35389891266822815, 0.353817343711853]","[0.35379326343536377, 0.35402077436447144, 0.35361868143081665, 0.2185516059398651, 0.3536640405654907, 0.3534398376941681, 0.35343074798583984, 0.35400447249412537, 0.3538414239883423, 0.3537518084049225]","[0.3541306257247925, 0.35425618290901184, 0.3540451228618622, 0.3542366027832031, 0.21447594463825226, 0.35423704981803894, 0.3538496792316437, 0.35395389795303345, 0.35414257645606995, 0.3543732166290283]","[0.35405969619750977, 0.3542458415031433, 0.3538707494735718, 0.35409384965896606, 0.35359638929367065, 0.2169334590435028, 0.35406386852264404, 0.3540914058685303, 0.35363563895225525, 0.35339462757110596]","[0.3546931743621826, 0.35500168800354004, 0.3545646667480469, 0.35448023676872253, 0.3543072044849396, 0.3536011576652527, 0.2121029794216156, 0.35468927025794983, 0.3537612855434418, 0.35445740818977356]","[0.3536379039287567, 0.3536871671676636, 0.3535481095314026, 0.3536626994609833, 0.3539083003997803, 0.35346946120262146, 0.35317152738571167, 0.21936185657978058, 0.3539656400680542, 0.35382533073425293]","[0.35383927822113037, 0.354336678981781, 0.3537302315235138, 0.3538779020309448, 0.35390418767929077, 0.3539689779281616, 0.3540768325328827, 0.35371434688568115, 0.21637748181819916, 0.35406389832496643]","[0.35378026962280273, 0.3538088798522949, 0.3537973165512085, 0.35378456115722656, 0.3535718023777008, 0.3539610803127289, 0.3533872067928314, 0.3537464737892151, 0.3536081910133362, 0.2186659574508667]"
0,0.1,3,trainable,paper,"[0.23712220788002014, 0.35166171193122864, 0.35112738609313965, 0.35217317938804626, 0.3526439964771271, 0.35098856687545776, 0.3529571294784546, 0.3514636158943176, 0.3532273769378662, 0.3516167104244232]","[0.353887677192688, 0.22572016716003418, 0.3520689010620117, 0.3527522385120392, 0.35368460416793823, 0.3526172339916229, 0.3538309931755066, 0.3522472679615021, 0.3527938425540924, 0.3537132441997528]","[0.35339146852493286, 0.3534294664859772, 0.23679359257221222, 0.3513629138469696, 0.3530164361000061, 0.350398987531662, 0.3527691960334778, 0.3504946529865265, 0.3523274064064026, 0.3514450788497925]","[0.3525564968585968, 0.35299423336982727, 0.35334107279777527, 0.23449066281318665, 0.3534754514694214, 0.34909600019454956, 0.35433900356292725, 0.3499038517475128, 0.3542500138282776, 0.35224664211273193]","[0.3521452844142914, 0.3521895706653595, 0.35204440355300903, 0.3518644869327545, 0.23325130343437195, 0.3522789180278778, 0.35190391540527344, 0.3518013656139374, 0.3537665903568268, 0.35292360186576843]","[0.3537241220474243, 0.3528114855289459, 0.3542277216911316, 0.35557857155799866, 0.35292768478393555, 0.23000545799732208, 0.3542683720588684, 0.34931543469429016, 0.35300445556640625, 0.3512250483036041]","[0.35259121656417847, 0.353015273809433, 0.35218730568885803, 0.3513805866241455, 0.3531741797924042, 0.35070690512657166, 0.2418036013841629, 0.34783023595809937, 0.3526615500450134, 0.3524550497531891]","[0.35311359167099, 0.3532656133174896, 0.35398250818252563, 0.35478517413139343, 0.35292327404022217, 0.3550944924354553, 0.3573240637779236, 0.2218586653470993, 0.35220232605934143, 0.3519487977027893]","[0.35157904028892517, 0.35302573442459106, 0.35164573788642883, 0.35086989402770996, 0.35153040289878845, 0.351748526096344, 0.35227036476135254, 0.3522554337978363, 0.23907826840877533, 0.35099679231643677]","[0.3531131446361542, 0.35202208161354065, 0.3530532121658325, 0.3526237905025482, 0.35287174582481384, 0.3532049059867859, 0.3525348901748657, 0.3528781235218048, 0.35368096828460693, 0.22741231322288513]"
0,0.1,1,trainable,paper,"[0.23895731568336487, 0.3513903319835663, 0.35161536931991577, 0.3516624867916107, 0.353141725063324, 0.3505679666996002, 0.35174110531806946, 0.3532034754753113, 0.3524513244628906, 0.3506181836128235]","[0.35247132182121277, 0.23141704499721527, 0.3528597056865692, 0.3517626225948334, 0.35436123609542847, 0.35149964690208435, 0.3526778221130371, 0.35428479313850403, 0.35089653730392456, 0.35245585441589355]","[0.3512362241744995, 0.35110384225845337, 0.24832504987716675, 0.3500472903251648, 0.35454240441322327, 0.34992650151252747, 0.35042819380760193, 0.35330265760421753, 0.35017842054367065, 0.3493088185787201]","[0.35159510374069214, 0.3523041307926178, 0.3532213866710663, 0.23974385857582092, 0.3563709855079651, 0.3488115966320038, 0.3521327078342438, 0.3535402715206146, 0.3519720435142517, 0.3491334021091461]","[0.35000672936439514, 0.3499961793422699, 0.3492284417152405, 0.3475308120250702, 0.2529340386390686, 0.3520682752132416, 0.35143205523490906, 0.352059930562973, 0.35281503200531006, 0.352068156003952]","[0.35235804319381714, 0.35231977701187134, 0.35308319330215454, 0.3543730080127716, 0.35181164741516113, 0.24203366041183472, 0.3508525788784027, 0.3529312312602997, 0.35098472237586975, 0.3477691411972046]","[0.3520195186138153, 0.3524503707885742, 0.3527054786682129, 0.3521375358104706, 0.3518390953540802, 0.35255056619644165, 0.24056488275527954, 0.35566267371177673, 0.35018759965896606, 0.3480507731437683]","[0.35031741857528687, 0.3500385582447052, 0.35029175877571106, 0.35036417841911316, 0.3517649173736572, 0.350201278924942, 0.3483690917491913, 0.26213088631629944, 0.3505566716194153, 0.34745287895202637]","[0.3504622280597687, 0.35311388969421387, 0.35158267617225647, 0.35145890712738037, 0.3508094251155853, 0.3521546721458435, 0.35282787680625916, 0.35270145535469055, 0.23834726214408875, 0.3526630699634552]","[0.3522220253944397, 0.3514983654022217, 0.35325127840042114, 0.3539265990257263, 0.35217317938804626, 0.3550039529800415, 0.35485541820526123, 0.35629212856292725, 0.3499648869037628, 0.23014090955257416]"
0,0.1,0.3,trainable,paper,"[0.24375544488430023, 0.351694792509079, 0.3501124680042267, 0.35090598464012146, 0.35302746295928955, 0.3498527705669403, 0.3522813320159912, 0.3511141836643219, 0.3520137369632721, 0.35146552324295044]","[0.3505764603614807, 0.2416127324104309, 0.35045361518859863, 0.3510991632938385, 0.354167103767395, 0.3510960638523102, 0.3527767062187195, 0.35085412859916687, 0.34997132420539856, 0.354730486869812]","[0.35107746720314026, 0.35184040665626526, 0.24913349747657776, 0.3496839702129364, 0.3548257648944855, 0.3500036597251892, 0.3509131968021393, 0.34991616010665894, 0.349126935005188, 0.3522186875343323]","[0.35077300667762756, 0.35143667459487915, 0.35193032026290894, 0.24417336285114288, 0.3566862642765045, 0.3488803803920746, 0.3532976806163788, 0.34871116280555725, 0.3510825037956238, 0.35390520095825195]","[0.3484913408756256, 0.3486683666706085, 0.3473336696624756, 0.34572142362594604, 0.26727524399757385, 0.3514505922794342, 0.35069164633750916, 0.3505389094352722, 0.35323891043663025, 0.35299989581108093]","[0.3516217768192291, 0.35106661915779114, 0.35135993361473083, 0.3526354432106018, 0.35113078355789185, 0.24842000007629395, 0.35145893692970276, 0.34939631819725037, 0.34864166378974915, 0.35228419303894043]","[0.35012951493263245, 0.35086050629615784, 0.3504623472690582, 0.3497864007949829, 0.3509318232536316, 0.3504018485546112, 0.2537851333618164, 0.34922879934310913, 0.3490804433822632, 0.3573884963989258]","[0.3504163920879364, 0.3514724373817444, 0.3514648675918579, 0.35336652398109436, 0.351357102394104, 0.35164377093315125, 0.35281428694725037, 0.23966655135154724, 0.3502187728881836, 0.35420680046081543]","[0.3492448925971985, 0.35246413946151733, 0.3503994047641754, 0.35099416971206665, 0.3487902581691742, 0.35286590456962585, 0.35221201181411743, 0.3511413633823395, 0.253891259431839, 0.3478078246116638]","[0.35013347864151, 0.34820446372032166, 0.3489207327365875, 0.3479720950126648, 0.3505338430404663, 0.34921491146087646, 0.3443382680416107, 0.3481750190258026, 0.3534870743751526, 0.2755122780799866]"
0,0.1,0.1,trainable,paper,"[0.26034310460090637, 0.3498409390449524, 0.349135160446167, 0.3491921126842499, 0.35229775309562683, 0.3486032485961914, 0.3515600860118866, 0.34934771060943604, 0.3511430621147156, 0.34824806451797485]","[0.3510572612285614, 0.2558259665966034, 0.3497832417488098, 0.3493422567844391, 0.35488903522491455, 0.34956270456314087, 0.35099998116493225, 0.34832829236984253, 0.34936076402664185, 0.35135507583618164]","[0.35076749324798584, 0.35113832354545593, 0.26955270767211914, 0.34769463539123535, 0.35579434037208557, 0.3482493460178375, 0.3493199050426483, 0.3473147451877594, 0.3479342758655548, 0.34771522879600525]","[0.35119423270225525, 0.3518858850002289, 0.35269075632095337, 0.2663560211658478, 0.35854774713516235, 0.34578123688697815, 0.35125085711479187, 0.34483811259269714, 0.35052505135536194, 0.34859293699264526]","[0.3478228747844696, 0.3465694785118103, 0.34505578875541687, 0.3424902558326721, 0.29153233766555786, 0.3514752686023712, 0.34923863410949707, 0.34893798828125, 0.3528108596801758, 0.3518286347389221]","[0.35160765051841736, 0.35097965598106384, 0.35169440507888794, 0.3542877435684204, 0.3497794568538666, 0.2638121247291565, 0.35113054513931274, 0.34639883041381836, 0.3478720784187317, 0.34695982933044434]","[0.34966686367988586, 0.3512303829193115, 0.3505516052246094, 0.3509310781955719, 0.35068216919898987, 0.3493790924549103, 0.27614784240722656, 0.34235772490501404, 0.34759625792503357, 0.3502340316772461]","[0.35047197341918945, 0.35212597250938416, 0.3521675765514374, 0.35573187470436096, 0.3510865271091461, 0.3528348505496979, 0.3579593598842621, 0.2459128499031067, 0.3501270115375519, 0.3479948043823242]","[0.34853965044021606, 0.3514881730079651, 0.3494825065135956, 0.35026851296424866, 0.34767305850982666, 0.35198649764060974, 0.3520577847957611, 0.34943369030952454, 0.2596689462661743, 0.3499850034713745]","[0.3515484929084778, 0.3498169183731079, 0.35148343443870544, 0.35146889090538025, 0.350018173456192, 0.3527400493621826, 0.34954407811164856, 0.35249680280685425, 0.3493131995201111, 0.25060713291168213]"
0,0.1,0.03,trainable,paper,"[0.27420008182525635, 0.3498033285140991, 0.34825029969215393, 0.34849032759666443, 0.35073724389076233, 0.3472016453742981, 0.35121795535087585, 0.34844082593917847, 0.3502601981163025, 0.34515371918678284]","[0.34969303011894226, 0.2702695429325104, 0.34910494089126587, 0.3484845459461212, 0.353264182806015, 0.3484130799770355, 0.3503192067146301, 0.3468359708786011, 0.3493855595588684, 0.3480674922466278]","[0.3503270745277405, 0.35040685534477234, 0.2873551547527313, 0.3473843038082123, 0.3536778688430786, 0.34643983840942383, 0.3485334813594818, 0.34656333923339844, 0.34632396697998047, 0.34349295496940613]","[0.35063380002975464, 0.3514716625213623, 0.3517603278160095, 0.2883010506629944, 0.356804758310318, 0.3434738218784332, 0.35007092356681824, 0.34410595893859863, 0.3494938611984253, 0.34318843483924866]","[0.3477482795715332, 0.34664756059646606, 0.3456631898880005, 0.34281736612319946, 0.29134318232536316, 0.35030752420425415, 0.34868231415748596, 0.348240464925766, 0.35239529609680176, 0.3513471484184265]","[0.35174688696861267, 0.3505457937717438, 0.3521723747253418, 0.35525164008140564, 0.34951287508010864, 0.2826958894729614, 0.3500703275203705, 0.3469190001487732, 0.3455309271812439, 0.3413940668106079]","[0.34882450103759766, 0.35053446888923645, 0.34985798597335815, 0.35126248002052307, 0.3493725061416626, 0.34912925958633423, 0.29996538162231445, 0.3415009677410126, 0.34709182381629944, 0.3422467112541199]","[0.3499918580055237, 0.3521442115306854, 0.3514510691165924, 0.35542958974838257, 0.3501902222633362, 0.35086873173713684, 0.3575882911682129, 0.27415886521339417, 0.3486142158508301, 0.3401150405406952]","[0.34777364134788513, 0.3498430550098419, 0.3489363491535187, 0.34998321533203125, 0.34638068079948425, 0.35259974002838135, 0.3507634401321411, 0.3492633104324341, 0.26760485768318176, 0.350691556930542]","[0.3527214825153351, 0.35114479064941406, 0.35364195704460144, 0.3549290597438812, 0.3485279381275177, 0.3565722703933716, 0.35540202260017395, 0.35891348123550415, 0.3466622233390808, 0.2587803900241852]"
0,0.1,0.01,trainable,paper,"[0.2850007116794586, 0.3492790758609772, 0.3472174108028412, 0.34887129068374634, 0.34991875290870667, 0.34536173939704895, 0.3489592671394348, 0.34751248359680176, 0.3484077453613281, 0.34517937898635864]","[0.34875887632369995, 0.28360337018966675, 0.34899643063545227, 0.34855225682258606, 0.3518860936164856, 0.3458404541015625, 0.3477921783924103, 0.34571558237075806, 0.346907377243042, 0.34922540187835693]","[0.34995603561401367, 0.34908580780029297, 0.30355513095855713, 0.34865763783454895, 0.3526013195514679, 0.34414130449295044, 0.34506654739379883, 0.3454234004020691, 0.3429712653160095, 0.34441691637039185]","[0.34894683957099915, 0.3501666188240051, 0.3492250442504883, 0.3088746666908264, 0.3555602431297302, 0.3403611183166504, 0.3467848002910614, 0.34372541308403015, 0.3452468812465668, 0.3452887237071991]","[0.3469621539115906, 0.3464687466621399, 0.34525036811828613, 0.3427688777446747, 0.29604196548461914, 0.3491273820400238, 0.3475959897041321, 0.3479907214641571, 0.35137510299682617, 0.3513851761817932]","[0.35222408175468445, 0.35152456164360046, 0.353106290102005, 0.3569140136241913, 0.34927529096603394, 0.3037290573120117, 0.3456708490848541, 0.344888299703598, 0.3403884470462799, 0.3424777686595917]","[0.34952226281166077, 0.3513799011707306, 0.351554811000824, 0.35333383083343506, 0.34830227494239807, 0.3521294593811035, 0.30955711007118225, 0.3391713500022888, 0.3398961126804352, 0.3456624150276184]","[0.34922876954078674, 0.3515737056732178, 0.3507936894893646, 0.3543579578399658, 0.348794162273407, 0.351129412651062, 0.35829442739486694, 0.2861776351928711, 0.3418959677219391, 0.3428577184677124]","[0.3476788103580475, 0.3502805531024933, 0.3497612476348877, 0.3525165021419525, 0.3452809154987335, 0.3558729887008667, 0.35575148463249207, 0.3543471395969391, 0.2740913927555084, 0.34765103459358215]","[0.35140684247016907, 0.34885263442993164, 0.351304292678833, 0.3516521453857422, 0.3476145565509796, 0.3540627956390381, 0.35063251852989197, 0.3547923266887665, 0.34816333651542664, 0.2656228244304657]"
0,0.1,0.003,trainable,paper,"[0.29793989658355713, 0.3477610647678375, 0.346477746963501, 0.34717193245887756, 0.35054856538772583, 0.34458503127098083, 0.3481086194515228, 0.34587690234184265, 0.3480130434036255, 0.3436138331890106]","[0.3488962650299072, 0.3008157014846802, 0.3483221232891083, 0.3471226394176483, 0.3529725670814514, 0.34386178851127625, 0.3460151255130768, 0.3439634144306183, 0.34638693928718567, 0.347228080034256]","[0.34937751293182373, 0.3484479784965515, 0.32512417435646057, 0.34637510776519775, 0.35444265604019165, 0.3429127633571625, 0.3429853916168213, 0.3427192270755768, 0.3427231013774872, 0.34190404415130615]","[0.34933456778526306, 0.3503844141960144, 0.3503653407096863, 0.3377872109413147, 0.35843542218208313, 0.33777639269828796, 0.3443913757801056, 0.34001561999320984, 0.3463086187839508, 0.3417307138442993]","[0.34500396251678467, 0.34410372376441956, 0.34217721223831177, 0.3385735750198364, 0.3310973048210144, 0.34870532155036926, 0.34660813212394714, 0.3468881845474243, 0.35100555419921875, 0.3492121398448944]","[0.3516829311847687, 0.35191410779953003, 0.35293152928352356, 0.3581486642360687, 0.3483433425426483, 0.3243677616119385, 0.34414801001548767, 0.34159329533576965, 0.34161806106567383, 0.3389061689376831]","[0.34912604093551636, 0.35174810886383057, 0.3521451950073242, 0.35486701130867004, 0.34750792384147644, 0.352556437253952, 0.35106176137924194, 0.3324327766895294, 0.3395850658416748, 0.3405984044075012]","[0.34906336665153503, 0.3513323664665222, 0.3514727056026459, 0.35639551281929016, 0.3480031490325928, 0.35268399119377136, 0.3635474741458893, 0.31453168392181396, 0.34298571944236755, 0.33768144249916077]","[0.34651586413383484, 0.34924933314323425, 0.34791117906570435, 0.35014715790748596, 0.3442854881286621, 0.35295039415359497, 0.354366272687912, 0.3515757620334625, 0.2827656865119934, 0.3495199382305145]","[0.35116103291511536, 0.34900912642478943, 0.35183942317962646, 0.3532617390155792, 0.3481830954551697, 0.3559381365776062, 0.35380592942237854, 0.3586447834968567, 0.34460553526878357, 0.2828541398048401]"
0,0.1,0.001,trainable,paper,"[0.3080284893512726, 0.3469589650630951, 0.3462478220462799, 0.347332626581192, 0.349213570356369, 0.3436368405818939, 0.34798064827919006, 0.3431704342365265, 0.3456224203109741, 0.34452024102211]","[0.34829384088516235, 0.3197239339351654, 0.3477712571620941, 0.3469405174255371, 0.3513224422931671, 0.34307846426963806, 0.34555956721305847, 0.3402048349380493, 0.3422689437866211, 0.3487308621406555]","[0.3482000529766083, 0.3476674258708954, 0.341714471578598, 0.3467312455177307, 0.3533574342727661, 0.34264108538627625, 0.3429887294769287, 0.3389930725097656, 0.33851519227027893, 0.3440980911254883]","[0.3478892147541046, 0.3494594991207123, 0.3488065004348755, 0.36399710178375244, 0.35639259219169617, 0.33624157309532166, 0.34461352229118347, 0.33520424365997314, 0.3408263921737671, 0.34542280435562134]","[0.34466564655303955, 0.34415629506111145, 0.34171947836875916, 0.33924439549446106, 0.32998383045196533, 0.34839630126953125, 0.3464657664299011, 0.3459622859954834, 0.3497767150402069, 0.3498675227165222]","[0.3514324128627777, 0.3514123857021332, 0.3519919514656067, 0.3585028350353241, 0.34738433361053467, 0.3533192574977875, 0.3441550135612488, 0.33610764145851135, 0.3362862467765808, 0.3413245975971222]","[0.34819841384887695, 0.3513203561306, 0.35104405879974365, 0.3543027639389038, 0.3459606468677521, 0.35184621810913086, 0.42716512084007263, 0.32379886507987976, 0.3306219279766083, 0.3475194275379181]","[0.34972503781318665, 0.3530919551849365, 0.3530547618865967, 0.3593641221523285, 0.3467027544975281, 0.35641929507255554, 0.3706899881362915, 0.35631313920021057, 0.33631452918052673, 0.3432404100894928]","[0.3468206226825714, 0.35114434361457825, 0.34939131140708923, 0.35363611578941345, 0.34317904710769653, 0.3563854396343231, 0.36098095774650574, 0.35715609788894653, 0.3126663565635681, 0.34500226378440857]","[0.3491925895214081, 0.34671807289123535, 0.34849733114242554, 0.34875327348709106, 0.34696775674819946, 0.35222694277763367, 0.34573543071746826, 0.35120832920074463, 0.34731805324554443, 0.2883812487125397]"
3,0.2,10,trainable,paper,"[0.7730174660682678, 0.6263002753257751, 0.6267695426940918, 0.6258152723312378, 0.6267094016075134, 0.6252601146697998, 0.6258883476257324, 0.6263393759727478, 0.6260219216346741, 0.6257802844047546]","[0.6267472505569458, 0.7667171955108643, 0.6277902722358704, 0.6259490847587585, 0.6261792182922363, 0.6260999441146851, 0.6270159482955933, 0.6268298029899597, 0.6257855892181396, 0.6281771063804626]","[0.6264225244522095, 0.6264188885688782, 0.7646324038505554, 0.6274704337120056, 0.6272206902503967, 0.6266286969184875, 0.6272614598274231, 0.6272115707397461, 0.6266210675239563, 0.6270938515663147]","[0.6289337873458862, 0.6283636093139648, 0.628444254398346, 0.7552208304405212, 0.6276692748069763, 0.6282997131347656, 0.6266052722930908, 0.6268143653869629, 0.6270690560340881, 0.6287002563476562]","[0.6257470846176147, 0.6268747448921204, 0.6255516409873962, 0.6262027621269226, 0.778002917766571, 0.6237945556640625, 0.6260567903518677, 0.6253570914268494, 0.6253135204315186, 0.6257190704345703]","[0.6309744119644165, 0.6294574737548828, 0.6285190582275391, 0.6306887269020081, 0.6323196291923523, 0.7340594530105591, 0.6301941871643066, 0.6289342641830444, 0.6291601061820984, 0.6300184726715088]","[0.6267378926277161, 0.6264049410820007, 0.6256163120269775, 0.6279526948928833, 0.6258211731910706, 0.6251451373100281, 0.7717691659927368, 0.6256428956985474, 0.6256755590438843, 0.6271031498908997]","[0.6265805959701538, 0.6265594959259033, 0.6259819865226746, 0.6281962394714355, 0.627604603767395, 0.6261351108551025, 0.6270424127578735, 0.7651931643486023, 0.6261466145515442, 0.6276796460151672]","[0.6267247796058655, 0.627316415309906, 0.626241147518158, 0.6268908977508545, 0.6266414523124695, 0.6259061694145203, 0.6265541911125183, 0.6270531415939331, 0.7659537196159363, 0.6279497742652893]","[0.6287353038787842, 0.6259694695472717, 0.6272794008255005, 0.6260181069374084, 0.6273807883262634, 0.6256361603736877, 0.6261340975761414, 0.6260647177696228, 0.6251324415206909, 0.7693635821342468]"
3,0.2,3,trainable,paper,"[0.7768093943595886, 0.6278519034385681, 0.6243168711662292, 0.6258905529975891, 0.6274549961090088, 0.6228722333908081, 0.6268203258514404, 0.6255623698234558, 0.6256776452064514, 0.6256480813026428]","[0.6227315664291382, 0.7818795442581177, 0.62451171875, 0.6261706352233887, 0.6253803372383118, 0.6227879524230957, 0.6276705265045166, 0.6256753206253052, 0.6245032548904419, 0.6283251047134399]","[0.6259467601776123, 0.627139687538147, 0.7703334093093872, 0.6244279146194458, 0.6273643374443054, 0.6251237988471985, 0.6283153891563416, 0.6269668936729431, 0.6269271373748779, 0.6253575682640076]","[0.6259894371032715, 0.6257390379905701, 0.6281437873840332, 0.7715064883232117, 0.6254622936248779, 0.6266756653785706, 0.6266108155250549, 0.6261143088340759, 0.6266481280326843, 0.6249580383300781]","[0.6225790977478027, 0.6249913573265076, 0.6226722598075867, 0.6255692839622498, 0.7927466034889221, 0.6213101148605347, 0.6265469193458557, 0.6255940794944763, 0.6266193389892578, 0.6225454211235046]","[0.6299711465835571, 0.6298379302024841, 0.6275902986526489, 0.6287797689437866, 0.6317477822303772, 0.7398189902305603, 0.6326851844787598, 0.6296458840370178, 0.6296303868293762, 0.6261367201805115]","[0.6236207485198975, 0.6235015392303467, 0.6223005652427673, 0.6250560283660889, 0.6233822703361511, 0.6209862232208252, 0.7935997843742371, 0.6265047192573547, 0.6253689527511597, 0.6269000768661499]","[0.6248247027397156, 0.6250591278076172, 0.6238442659378052, 0.6261887550354004, 0.625156819820404, 0.6231693625450134, 0.6246016621589661, 0.7865874171257019, 0.6246750354766846, 0.6255429983139038]","[0.6243542432785034, 0.6258981227874756, 0.6235297322273254, 0.6249207258224487, 0.62350994348526, 0.6222395896911621, 0.6252508759498596, 0.625891387462616, 0.792216420173645, 0.6227139234542847]","[0.6255285739898682, 0.6228910088539124, 0.6258838176727295, 0.6270572543144226, 0.627957284450531, 0.6263840198516846, 0.6239073276519775, 0.6257951855659485, 0.6278984546661377, 0.7754185199737549]"
3,0.2,1,trainable,paper,"[0.7989503741264343, 0.6272575259208679, 0.6223055720329285, 0.6224105358123779, 0.6258679628372192, 0.6226361393928528, 0.6244206428527832, 0.6247532963752747, 0.6241299510002136, 0.6193536520004272]","[0.6214038729667664, 0.7990434765815735, 0.6232198476791382, 0.6224925518035889, 0.6239017248153687, 0.6240487098693848, 0.625486433506012, 0.6258373260498047, 0.6220748424530029, 0.6239978671073914]","[0.6259914636611938, 0.6263903975486755, 0.7897459864616394, 0.6214673519134521, 0.6247588396072388, 0.6233630776405334, 0.628138542175293, 0.6244632601737976, 0.6252871155738831, 0.6212932467460632]","[0.6272596120834351, 0.6272103786468506, 0.6279931664466858, 0.7870933413505554, 0.6224952340126038, 0.6257571578025818, 0.6252671480178833, 0.6246845722198486, 0.6234285831451416, 0.6197332739830017]","[0.6217186450958252, 0.6237626671791077, 0.6226206421852112, 0.6255313754081726, 0.8048129081726074, 0.6216533184051514, 0.6274028420448303, 0.6237623691558838, 0.6249377131462097, 0.6174300312995911]","[0.6279230713844299, 0.6262830495834351, 0.6277621388435364, 0.6269093751907349, 0.6289798617362976, 0.7676214575767517, 0.6339824795722961, 0.6258023977279663, 0.6276516318321228, 0.6180689930915833]","[0.624393880367279, 0.6234302520751953, 0.6204709410667419, 0.6235276460647583, 0.6205034255981445, 0.6186126470565796, 0.8147377371788025, 0.6267755627632141, 0.6236705780029297, 0.6192120313644409]","[0.6240781545639038, 0.6227542161941528, 0.6245678067207336, 0.6251091361045837, 0.6247591376304626, 0.6255427598953247, 0.6228196024894714, 0.8205223083496094, 0.6211122274398804, 0.608910083770752]","[0.6233584880828857, 0.6254189610481262, 0.6226790547370911, 0.6252110004425049, 0.6226660013198853, 0.6212500929832458, 0.6248670220375061, 0.626855731010437, 0.8032509088516235, 0.6175636053085327]","[0.6280124187469482, 0.6233999133110046, 0.6260890364646912, 0.6284387707710266, 0.6293684244155884, 0.6309987306594849, 0.6280177235603333, 0.6392177939414978, 0.6291014552116394, 0.7520006895065308]"
3,0.2,0.3,trainable,paper,"[0.8238078355789185, 0.6253793835639954, 0.6247654557228088, 0.6199028491973877, 0.623887836933136, 0.6194069981575012, 0.6222295761108398, 0.6215375065803528, 0.6232908368110657, 0.6131073236465454]","[0.6209455728530884, 0.816168487071991, 0.6260969042778015, 0.6226793527603149, 0.6220470070838928, 0.6212466359138489, 0.6245408058166504, 0.6221659779548645, 0.6198859214782715, 0.6186643838882446]","[0.6219711303710938, 0.6215099096298218, 0.8222761154174805, 0.618493914604187, 0.6239839196205139, 0.6207290887832642, 0.6270569562911987, 0.6220180988311768, 0.6234005093574524, 0.6151452660560608]","[0.6272867321968079, 0.6247807741165161, 0.6286602020263672, 0.8045671582221985, 0.6212291121482849, 0.6228675842285156, 0.6255906820297241, 0.6214938163757324, 0.6233644485473633, 0.6151050329208374]","[0.6217184662818909, 0.6233603358268738, 0.6216771006584167, 0.6243923306465149, 0.823005199432373, 0.6195423007011414, 0.628130316734314, 0.6201106905937195, 0.6254693865776062, 0.6115725040435791]","[0.6282827258110046, 0.6265465617179871, 0.6287688612937927, 0.6269073486328125, 0.6285287141799927, 0.7814856767654419, 0.6346163749694824, 0.6239681839942932, 0.6256107687950134, 0.6120348572731018]","[0.6253347992897034, 0.6220545768737793, 0.6198200583457947, 0.6208044290542603, 0.6175115704536438, 0.6158912181854248, 0.8422083258628845, 0.6237159967422485, 0.6218364238739014, 0.6130992770195007]","[0.6248020529747009, 0.623607337474823, 0.6254609823226929, 0.625982403755188, 0.6258206963539124, 0.6253212690353394, 0.6240165829658508, 0.8441387414932251, 0.6179082989692688, 0.5977626442909241]","[0.6219836473464966, 0.6249480247497559, 0.6224802136421204, 0.6231303215026855, 0.6204556226730347, 0.6202967762947083, 0.6250408887863159, 0.627644419670105, 0.82380610704422, 0.6097925305366516]","[0.6320659518241882, 0.6269222497940063, 0.6314987540245056, 0.6310286521911621, 0.6327847242355347, 0.6347905993461609, 0.6329271197319031, 0.6481286287307739, 0.6349738836288452, 0.7193941473960876]"
3,0.2,0.1,trainable,paper,"[0.8353649973869324, 0.6243111491203308, 0.6262771487236023, 0.6197141408920288, 0.6215955018997192, 0.6188571453094482, 0.6219282746315002, 0.6194973587989807, 0.623241126537323, 0.6098262667655945]","[0.6198670268058777, 0.8325141072273254, 0.6268634796142578, 0.6222302913665771, 0.6193216443061829, 0.6203616857528687, 0.6250466704368591, 0.617896556854248, 0.6195982694625854, 0.6147996783256531]","[0.6181233525276184, 0.6187953948974609, 0.8417149782180786, 0.6161431670188904, 0.6225701570510864, 0.6224805116653442, 0.6244105696678162, 0.6192870140075684, 0.6224393844604492, 0.6138415336608887]","[0.6247616410255432, 0.6230266690254211, 0.6278395056724548, 0.8204175233840942, 0.6181155443191528, 0.6227110028266907, 0.6242990493774414, 0.6176646947860718, 0.6239832043647766, 0.6146559715270996]","[0.6215983033180237, 0.6234212517738342, 0.6204715371131897, 0.6246185302734375, 0.8275659680366516, 0.6221824288368225, 0.6258137822151184, 0.6169113516807556, 0.6251757144927979, 0.6114973425865173]","[0.6263099908828735, 0.6253509521484375, 0.6253538727760315, 0.6241759657859802, 0.6234232187271118, 0.8098575472831726, 0.6339505910873413, 0.6186681985855103, 0.6251767873764038, 0.6091917753219604]","[0.6236650347709656, 0.6193243265151978, 0.620031476020813, 0.6192131042480469, 0.6170649528503418, 0.6151676774024963, 0.8603160977363586, 0.6180607676506042, 0.6236250996589661, 0.6099513173103333]","[0.6243605017662048, 0.624927818775177, 0.6259437203407288, 0.6266215443611145, 0.6261885762214661, 0.6285103559494019, 0.6271275877952576, 0.853813648223877, 0.621264636516571, 0.5896462202072144]","[0.619566798210144, 0.6227439045906067, 0.6214512586593628, 0.6199777126312256, 0.6185494661331177, 0.6180040836334229, 0.6216564178466797, 0.6214175820350647, 0.8491992354393005, 0.60938560962677]","[0.6321157813072205, 0.6274688839912415, 0.6299152970314026, 0.6284242272377014, 0.6295928955078125, 0.6346386671066284, 0.6336668133735657, 0.6532531976699829, 0.6325918436050415, 0.7369544506072998]"
3,0.2,0.03,trainable,paper,"[0.8555129170417786, 0.6225409507751465, 0.6234052777290344, 0.6189464926719666, 0.6204854846000671, 0.6191152334213257, 0.6213840842247009, 0.6177129149436951, 0.6197627186775208, 0.6059718132019043]","[0.6199711561203003, 0.8578850030899048, 0.6241533160209656, 0.6227971315383911, 0.6170408129692078, 0.6187935471534729, 0.6236146688461304, 0.6139801144599915, 0.6153406500816345, 0.6108689904212952]","[0.6188699007034302, 0.6197009086608887, 0.8573474287986755, 0.6148319840431213, 0.6203595399856567, 0.6230012774467468, 0.6223385334014893, 0.6151329874992371, 0.6201343536376953, 0.6113128066062927]","[0.6231722831726074, 0.6205901503562927, 0.6260673403739929, 0.8400077223777771, 0.6176728010177612, 0.6219522953033447, 0.6229589581489563, 0.615749180316925, 0.6208033561706543, 0.6117372512817383]","[0.6209548711776733, 0.6236580014228821, 0.620396077632904, 0.6226725578308105, 0.8464199304580688, 0.6207470297813416, 0.6257564425468445, 0.612745463848114, 0.6234086155891418, 0.6078349947929382]","[0.6237708926200867, 0.6250523924827576, 0.623141348361969, 0.6221505403518677, 0.6228485703468323, 0.8405380249023438, 0.6348304748535156, 0.6127997040748596, 0.6225878596305847, 0.6038408875465393]","[0.6227738857269287, 0.6191021800041199, 0.6198514103889465, 0.6180612444877625, 0.6150182485580444, 0.6131370663642883, 0.8893710970878601, 0.6130298376083374, 0.6192274689674377, 0.6056603193283081]","[0.6243645548820496, 0.6266103386878967, 0.628193199634552, 0.6259527802467346, 0.6283094882965088, 0.6327810883522034, 0.6303202509880066, 0.8883571624755859, 0.6117876768112183, 0.5804393291473389]","[0.6201315522193909, 0.6239516735076904, 0.6208935976028442, 0.6200074553489685, 0.6177573800086975, 0.6172178983688354, 0.6238614320755005, 0.6280431747436523, 0.8546971678733826, 0.6027373671531677]","[0.632409393787384, 0.627638578414917, 0.6288653016090393, 0.6279100179672241, 0.6297630667686462, 0.6363587975502014, 0.6349992156028748, 0.6591737866401672, 0.6362124085426331, 0.7480658888816833]"
3,0.2,0.01,trainable,paper,"[0.8746232986450195, 0.6184247732162476, 0.6207901239395142, 0.618419349193573, 0.6191083192825317, 0.6148683428764343, 0.6185153126716614, 0.6174433827400208, 0.6213246583938599, 0.6045764684677124]","[0.6219409704208374, 0.8663085103034973, 0.6218898296356201, 0.6213416457176208, 0.616459846496582, 0.6144751310348511, 0.6226451396942139, 0.6139050126075745, 0.6169496178627014, 0.6096619367599487]","[0.6191331148147583, 0.6195625066757202, 0.867359459400177, 0.6127187013626099, 0.6185509562492371, 0.6200750470161438, 0.6214095950126648, 0.6145074963569641, 0.6207472681999207, 0.6106417179107666]","[0.6210765838623047, 0.6195175051689148, 0.6247168779373169, 0.8531676530838013, 0.6153536438941956, 0.6205525994300842, 0.6204236745834351, 0.613295316696167, 0.6213083863258362, 0.6128788590431213]","[0.6200999021530151, 0.6217027902603149, 0.619627058506012, 0.6220886707305908, 0.8577862977981567, 0.6201010346412659, 0.6244546175003052, 0.6105737090110779, 0.6237903833389282, 0.6067943572998047]","[0.6249452233314514, 0.6263487935066223, 0.6235198974609375, 0.6198815703392029, 0.6206445693969727, 0.8436346054077148, 0.6326178908348083, 0.6125463843345642, 0.6243833303451538, 0.6034501791000366]","[0.6236304640769958, 0.6173509359359741, 0.6178351640701294, 0.6173250675201416, 0.6137052178382874, 0.6128689646720886, 0.8957422375679016, 0.6131948232650757, 0.6214634776115417, 0.6035217642784119]","[0.6223158836364746, 0.6235334277153015, 0.6264238953590393, 0.6251915693283081, 0.627690315246582, 0.6301279664039612, 0.6274893879890442, 0.8838268518447876, 0.6193253993988037, 0.5816302299499512]","[0.6165721416473389, 0.6199999451637268, 0.6184014081954956, 0.6171938180923462, 0.6154783368110657, 0.6123206615447998, 0.6201118230819702, 0.6177470684051514, 0.8865182995796204, 0.6051331758499146]","[0.6313392519950867, 0.626152753829956, 0.6270902752876282, 0.6242246031761169, 0.6284359693527222, 0.6340591311454773, 0.6354263424873352, 0.6556283831596375, 0.6313852071762085, 0.7665203213691711]"
3,0.2,0.003,trainable,paper,"[0.8997481465339661, 0.6154787540435791, 0.616172730922699, 0.6119151711463928, 0.6182969808578491, 0.6076446771621704, 0.6225640177726746, 0.6160585284233093, 0.6226310729980469, 0.6043712496757507]","[0.617779016494751, 0.8994717001914978, 0.6167929172515869, 0.6148525476455688, 0.6141244769096375, 0.6053097248077393, 0.6254469752311707, 0.6110092997550964, 0.6182131767272949, 0.6106976270675659]","[0.6155558228492737, 0.6172760725021362, 0.8878876566886902, 0.6086121201515198, 0.618864893913269, 0.6189891695976257, 0.6184706687927246, 0.6142020225524902, 0.6207501888275146, 0.6085538864135742]","[0.6188036203384399, 0.6185373067855835, 0.6181538701057434, 0.8889827728271484, 0.6149373054504395, 0.6153348684310913, 0.6144280433654785, 0.6083932518959045, 0.6197417378425598, 0.6115785837173462]","[0.6135338544845581, 0.6167237758636475, 0.6114897727966309, 0.6138468384742737, 0.8962727785110474, 0.6159420013427734, 0.624260663986206, 0.6089171171188354, 0.6238669157028198, 0.6083565950393677]","[0.6224029064178467, 0.6268052458763123, 0.6168527007102966, 0.6142118573188782, 0.6165026426315308, 0.8614102602005005, 0.6350640058517456, 0.6152865886688232, 0.6263126730918884, 0.6040621399879456]","[0.61321622133255, 0.6069158911705017, 0.612464427947998, 0.6140545606613159, 0.6072770953178406, 0.6036269068717957, 0.942094624042511, 0.6134880185127258, 0.6233751773834229, 0.6085449457168579]","[0.6163087487220764, 0.6175408959388733, 0.6198309063911438, 0.6213149428367615, 0.621188223361969, 0.6192060708999634, 0.6200952529907227, 0.8912240862846375, 0.6303922533988953, 0.5909774303436279]","[0.6078797578811646, 0.6112177968025208, 0.611663281917572, 0.6112769246101379, 0.6093481183052063, 0.600522518157959, 0.6133979558944702, 0.599137544631958, 0.9842236638069153, 0.605621337890625]","[0.6240589022636414, 0.6175743937492371, 0.6223360300064087, 0.6187170743942261, 0.6207599639892578, 0.6256991624832153, 0.6259936094284058, 0.6395503878593445, 0.6250025033950806, 0.8208516240119934]"
3,0.2,0.001,trainable,paper,"[0.9073120951652527, 0.6130147576332092, 0.6144812703132629, 0.61264568567276, 0.6169235110282898, 0.6056720614433289, 0.6205071210861206, 0.6153973340988159, 0.6233808994293213, 0.6062265038490295]","[0.6178202033042908, 0.9093514680862427, 0.6132935881614685, 0.6154489517211914, 0.6117417812347412, 0.6023777723312378, 0.6236816644668579, 0.6104685664176941, 0.6186784505844116, 0.6134172677993774]","[0.6144170761108398, 0.6182074546813965, 0.8951889872550964, 0.608147382736206, 0.6184837222099304, 0.6178627610206604, 0.6153305768966675, 0.6133699417114258, 0.6188579797744751, 0.6098735928535461]","[0.615378737449646, 0.6157518029212952, 0.6153830289840698, 0.9073469042778015, 0.6148309111595154, 0.6117902398109436, 0.6127833127975464, 0.606001615524292, 0.6191467642784119, 0.6137222647666931]","[0.6124634146690369, 0.616717517375946, 0.6092548966407776, 0.611454427242279, 0.910956084728241, 0.6126020550727844, 0.6229658722877502, 0.6057343482971191, 0.621927797794342, 0.6118062138557434]","[0.6208928227424622, 0.6267679929733276, 0.6154057383537292, 0.6143332719802856, 0.6171269416809082, 0.863063633441925, 0.6329848766326904, 0.6124170422554016, 0.6236767172813416, 0.6086605787277222]","[0.6126721501350403, 0.6058250665664673, 0.6124045252799988, 0.612906277179718, 0.6062196493148804, 0.6031325459480286, 0.9460321664810181, 0.6121103167533875, 0.6224145293235779, 0.611367404460907]","[0.6138448715209961, 0.6144697070121765, 0.6178783178329468, 0.6207777857780457, 0.6210923194885254, 0.6189243793487549, 0.6184688210487366, 0.8767709732055664, 0.6307047009468079, 0.6017473340034485]","[0.6041278839111328, 0.6076756715774536, 0.6108153462409973, 0.6092828512191772, 0.608885645866394, 0.5994017720222473, 0.6121485829353333, 0.5951903462409973, 0.9992329478263855, 0.6124192476272583]","[0.6204808950424194, 0.6132466197013855, 0.6194729208946228, 0.6152488589286804, 0.6160957217216492, 0.6190026998519897, 0.6225125193595886, 0.6270705461502075, 0.6172661185264587, 0.8590493202209473]"
4,0.1,10,trainable,paper,"[0.21764931082725525, 0.3539087474346161, 0.35372287034988403, 0.35398516058921814, 0.3536202609539032, 0.35389313101768494, 0.35396191477775574, 0.35328754782676697, 0.35399752855300903, 0.3540053963661194]","[0.3539597690105438, 0.214527890086174, 0.3541775345802307, 0.35441669821739197, 0.35405609011650085, 0.35423335433006287, 0.3540779650211334, 0.35393181443214417, 0.35421496629714966, 0.3541048467159271]","[0.35392051935195923, 0.35359475016593933, 0.21841222047805786, 0.3539615869522095, 0.35355159640312195, 0.35360607504844666, 0.3540757894515991, 0.35340458154678345, 0.3539251983165741, 0.3536527156829834]","[0.35455629229545593, 0.3549329936504364, 0.35450923442840576, 0.2082841843366623, 0.35465359687805176, 0.3548673987388611, 0.3548981547355652, 0.35473087430000305, 0.3547232449054718, 0.3550163507461548]","[0.35397422313690186, 0.35375162959098816, 0.35402724146842957, 0.35398733615875244, 0.21745175123214722, 0.35362163186073303, 0.35362133383750916, 0.3539547026157379, 0.3538130223751068, 0.35378211736679077]","[0.35363832116127014, 0.3537522554397583, 0.35396501421928406, 0.3540377914905548, 0.3539363145828247, 0.21784773468971252, 0.35387301445007324, 0.3532041311264038, 0.3535696268081665, 0.3542577922344208]","[0.3537699580192566, 0.35376468300819397, 0.353684663772583, 0.353834331035614, 0.3540862798690796, 0.35379186272621155, 0.21803942322731018, 0.3536651134490967, 0.3539252281188965, 0.3535047471523285]","[0.354335755109787, 0.3538423776626587, 0.3541618287563324, 0.35387611389160156, 0.3536675274372101, 0.3543671667575836, 0.3539584279060364, 0.21624553203582764, 0.3537188172340393, 0.3537437617778778]","[0.3536643981933594, 0.3535457253456116, 0.353676974773407, 0.35380637645721436, 0.3538728952407837, 0.3540094792842865, 0.3538159430027008, 0.3539052903652191, 0.21775683760643005, 0.3539605736732483]","[0.3535884618759155, 0.3536831736564636, 0.35398975014686584, 0.3535986840724945, 0.35381415486335754, 0.3533381521701813, 0.35422131419181824, 0.35392555594444275, 0.35361313819885254, 0.2183389812707901]"
4,0.1,3,trainable,paper,"[0.2278357893228531, 0.3543434143066406, 0.35167744755744934, 0.3545391261577606, 0.3521147072315216, 0.35194310545921326, 0.3530036211013794, 0.35285457968711853, 0.35374313592910767, 0.352006196975708]","[0.3520975708961487, 0.23041127622127533, 0.3516940474510193, 0.35422420501708984, 0.3517414331436157, 0.3522774577140808, 0.35349979996681213, 0.35265085101127625, 0.35307106375694275, 0.35255974531173706]","[0.3543633222579956, 0.35465335845947266, 0.22713549435138702, 0.3540307283401489, 0.3513736426830292, 0.3521423041820526, 0.35331907868385315, 0.35247454047203064, 0.3541659414768219, 0.35090354084968567]","[0.3519488573074341, 0.35334643721580505, 0.3524499237537384, 0.2182043045759201, 0.35499000549316406, 0.35350072383880615, 0.3542110025882721, 0.3552534580230713, 0.354681134223938, 0.3545363247394562]","[0.35360443592071533, 0.35463136434555054, 0.3546753525733948, 0.35175514221191406, 0.22252528369426727, 0.35378527641296387, 0.35291415452957153, 0.3536626994609833, 0.35248827934265137, 0.35349780321121216]","[0.3539871573448181, 0.3542805314064026, 0.35358333587646484, 0.3535318076610565, 0.352211058139801, 0.22219349443912506, 0.35271328687667847, 0.3541429936885834, 0.35459354519844055, 0.35204604268074036]","[0.35296621918678284, 0.3529897928237915, 0.3528803288936615, 0.3526453673839569, 0.35331761837005615, 0.35336974263191223, 0.22773538529872894, 0.3520281910896301, 0.3539840281009674, 0.35176777839660645]","[0.3533133268356323, 0.3535560369491577, 0.3535294234752655, 0.35174086689949036, 0.35235580801963806, 0.35167524218559265, 0.35433581471443176, 0.22767069935798645, 0.35392701625823975, 0.3519122898578644]","[0.35249170660972595, 0.35324111580848694, 0.3518020510673523, 0.3523404598236084, 0.3535418212413788, 0.35120731592178345, 0.3525947034358978, 0.35210689902305603, 0.23426884412765503, 0.35134798288345337]","[0.353946328163147, 0.3539721965789795, 0.3548348546028137, 0.35235920548439026, 0.3523278832435608, 0.35355788469314575, 0.3544020354747772, 0.3541432023048401, 0.3546817898750305, 0.21893654763698578]"
4,0.1,1,trainable,paper,"[0.23392589390277863, 0.35270512104034424, 0.3514118492603302, 0.35417261719703674, 0.3509211838245392, 0.3536536991596222, 0.35265102982521057, 0.35184335708618164, 0.35180002450942993, 0.3518173098564148]","[0.3519929349422455, 0.23268964886665344, 0.3511565923690796, 0.35449454188346863, 0.3516729474067688, 0.35328060388565063, 0.3533918559551239, 0.35185229778289795, 0.35205626487731934, 0.352070689201355]","[0.3530017137527466, 0.35358715057373047, 0.23477517068386078, 0.354500949382782, 0.3502570688724518, 0.3542483448982239, 0.35316428542137146, 0.3514804542064667, 0.35153475403785706, 0.34984245896339417]","[0.3502877652645111, 0.3513455390930176, 0.35018661618232727, 0.23024950921535492, 0.3537938594818115, 0.35338321328163147, 0.3524964153766632, 0.35477644205093384, 0.3544219434261322, 0.355552077293396]","[0.3530622124671936, 0.3531818687915802, 0.3541505038738251, 0.3513079285621643, 0.23167933523654938, 0.3527429401874542, 0.3512125611305237, 0.3533085882663727, 0.35160163044929504, 0.35262173414230347]","[0.3509362041950226, 0.35157066583633423, 0.3495241701602936, 0.3520345091819763, 0.3515631854534149, 0.23908059298992157, 0.353651762008667, 0.35208505392074585, 0.3520253300666809, 0.35339999198913574]","[0.35164403915405273, 0.3516198396682739, 0.35146933794021606, 0.3525620102882385, 0.353450208902359, 0.3511984646320343, 0.24064776301383972, 0.3516167402267456, 0.35226452350616455, 0.3498046398162842]","[0.35273662209510803, 0.3526553213596344, 0.35270267724990845, 0.35054072737693787, 0.3512316942214966, 0.35192862153053284, 0.3533051609992981, 0.2345065474510193, 0.3520989716053009, 0.35309305787086487]","[0.3528074622154236, 0.3524777293205261, 0.35247862339019775, 0.3510139584541321, 0.3527882993221283, 0.35203632712364197, 0.3529645502567291, 0.3521329164505005, 0.23567189276218414, 0.3504950702190399]","[0.35257959365844727, 0.35322749614715576, 0.3541553318500519, 0.3498317003250122, 0.3517671823501587, 0.35063689947128296, 0.3550475537776947, 0.35149434208869934, 0.35410770773887634, 0.23376958072185516]"
4,0.1,0.3,trainable,paper,"[0.24394819140434265, 0.35175514221191406, 0.3516921401023865, 0.3531269431114197, 0.3501081168651581, 0.35321909189224243, 0.3512685298919678, 0.3500671088695526, 0.3499757647514343, 0.3514512777328491]","[0.35141173005104065, 0.24027034640312195, 0.3512006103992462, 0.35384422540664673, 0.35165834426879883, 0.3517177999019623, 0.35329797863960266, 0.34948381781578064, 0.35054001212120056, 0.352898508310318]","[0.3511762320995331, 0.3520905673503876, 0.24737347662448883, 0.3520914912223816, 0.3505220413208008, 0.3530672490596771, 0.3533291816711426, 0.3487158417701721, 0.3491915762424469, 0.35041338205337524]","[0.3493010699748993, 0.3501245677471161, 0.35071927309036255, 0.24002806842327118, 0.35191676020622253, 0.35190561413764954, 0.3511355519294739, 0.3541977107524872, 0.3530518114566803, 0.3555477559566498]","[0.3522108495235443, 0.35173746943473816, 0.352470725774765, 0.3514414131641388, 0.2421409636735916, 0.3504713475704193, 0.350475013256073, 0.35250669717788696, 0.35099270939826965, 0.3514215350151062]","[0.349767804145813, 0.3516235649585724, 0.34893032908439636, 0.3516770303249359, 0.35222694277763367, 0.24389545619487762, 0.3526044189929962, 0.35178133845329285, 0.35062891244888306, 0.3540875017642975]","[0.35123082995414734, 0.3502275049686432, 0.3497653305530548, 0.35203880071640015, 0.35261574387550354, 0.35064923763275146, 0.24733252823352814, 0.3511861562728882, 0.35179001092910767, 0.35089242458343506]","[0.3529934883117676, 0.3532920181751251, 0.3539004623889923, 0.3494459092617035, 0.35052040219306946, 0.35039860010147095, 0.35233208537101746, 0.2414267510175705, 0.34991455078125, 0.35395365953445435]","[0.3530309200286865, 0.3522501587867737, 0.35306990146636963, 0.35071608424186707, 0.3517768383026123, 0.35148248076438904, 0.3520163297653198, 0.35249677300453186, 0.2360459715127945, 0.35178419947624207]","[0.3515557050704956, 0.3513289988040924, 0.35200101137161255, 0.34838804602622986, 0.35154587030410767, 0.34820348024368286, 0.35264071822166443, 0.34917494654655457, 0.3513607382774353, 0.2527506351470947]"
4,0.1,0.1,trainable,paper,"[0.2533837854862213, 0.35166049003601074, 0.3511490821838379, 0.35210391879081726, 0.3498896360397339, 0.3506562113761902, 0.3506190776824951, 0.34918534755706787, 0.3500373065471649, 0.3490960896015167]","[0.3499956429004669, 0.2518116235733032, 0.35008928179740906, 0.3528197705745697, 0.3518621325492859, 0.3494953513145447, 0.3534625470638275, 0.3483065366744995, 0.3505958914756775, 0.3504340648651123]","[0.3502469062805176, 0.35186025500297546, 0.25937870144844055, 0.3511805534362793, 0.35125356912612915, 0.34932705760002136, 0.35424965620040894, 0.3472753167152405, 0.348774254322052, 0.3480035960674286]","[0.348296582698822, 0.3492872714996338, 0.34985119104385376, 0.25076425075531006, 0.34995678067207336, 0.35094141960144043, 0.35026198625564575, 0.353095680475235, 0.35282450914382935, 0.35499048233032227]","[0.3507363200187683, 0.3500630855560303, 0.350375235080719, 0.3516472578048706, 0.25124210119247437, 0.35082918405532837, 0.34900251030921936, 0.3523041605949402, 0.3502097427845001, 0.3512832224369049]","[0.3508515954017639, 0.35216861963272095, 0.3508559465408325, 0.3507334589958191, 0.35011905431747437, 0.24668975174427032, 0.3540395200252533, 0.3495192229747772, 0.350220263004303, 0.3526581823825836]","[0.3501187562942505, 0.348542183637619, 0.3475513458251953, 0.3510296940803528, 0.3524690270423889, 0.3477409780025482, 0.2652733623981476, 0.3514201045036316, 0.35100626945495605, 0.3488176763057709]","[0.3523947298526764, 0.35279640555381775, 0.3537975549697876, 0.34892913699150085, 0.3492087721824646, 0.350787490606308, 0.3506932556629181, 0.2491300106048584, 0.3499681055545807, 0.3518056273460388]","[0.35153618454933167, 0.3506940007209778, 0.35199716687202454, 0.34940454363822937, 0.3510376214981079, 0.3501746356487274, 0.3515293300151825, 0.350807249546051, 0.25114381313323975, 0.3490369915962219]","[0.3523120582103729, 0.3524678349494934, 0.3525988459587097, 0.34727755188941956, 0.3499840497970581, 0.34777116775512695, 0.35318830609321594, 0.3496478796005249, 0.3525775074958801, 0.25306084752082825]"
4,0.1,0.03,trainable,paper,"[0.2667655348777771, 0.3500639796257019, 0.34972265362739563, 0.35129252076148987, 0.35040685534477234, 0.35047370195388794, 0.3497425317764282, 0.3488316833972931, 0.34744179248809814, 0.34648633003234863]","[0.3501010239124298, 0.2601953446865082, 0.3486664891242981, 0.3522075116634369, 0.35292312502861023, 0.34922319650650024, 0.3531196713447571, 0.3480733335018158, 0.3483489751815796, 0.34865567088127136]","[0.3503044843673706, 0.3519226014614105, 0.27535414695739746, 0.3500668406486511, 0.35199788212776184, 0.34925124049186707, 0.35353022813796997, 0.34689760208129883, 0.3453516662120819, 0.3440834581851959]","[0.34711703658103943, 0.34800446033477783, 0.3491770923137665, 0.2630479335784912, 0.34818628430366516, 0.3497430384159088, 0.3495642840862274, 0.35140109062194824, 0.3525836169719696, 0.3541034460067749]","[0.34858179092407227, 0.3475256562232971, 0.3482828736305237, 0.3517155945301056, 0.2643430829048157, 0.3511415719985962, 0.34749338030815125, 0.35212719440460205, 0.3492768108844757, 0.35135209560394287]","[0.34979304671287537, 0.35094255208969116, 0.34934350848197937, 0.35022929310798645, 0.3482316732406616, 0.26631614565849304, 0.35417190194129944, 0.34709838032722473, 0.3482297956943512, 0.34828639030456543]","[0.3493083715438843, 0.3473258912563324, 0.3470231890678406, 0.3498240113258362, 0.35238584876060486, 0.3463994264602661, 0.2835014760494232, 0.35200977325439453, 0.34791362285614014, 0.3457185626029968]","[0.35142651200294495, 0.3514534831047058, 0.3528149127960205, 0.3490734100341797, 0.3479873239994049, 0.35158076882362366, 0.34887319803237915, 0.265627920627594, 0.3472599685192108, 0.34706372022628784]","[0.3525034487247467, 0.35114237666130066, 0.35373854637145996, 0.3479146957397461, 0.3502453565597534, 0.35044750571250916, 0.3530576229095459, 0.35184088349342346, 0.2507798969745636, 0.34832748770713806]","[0.35323095321655273, 0.352731853723526, 0.3545962870121002, 0.34646132588386536, 0.3481658697128296, 0.3503662943840027, 0.35460227727890015, 0.35275956988334656, 0.35155507922172546, 0.2507970631122589]"
4,0.1,0.01,trainable,paper,"[0.27734047174453735, 0.34935179352760315, 0.34826087951660156, 0.35229071974754333, 0.3493744730949402, 0.3495667576789856, 0.3486722707748413, 0.34666359424591064, 0.3461437225341797, 0.34667351841926575]","[0.34932976961135864, 0.2715330123901367, 0.34671416878700256, 0.35190194845199585, 0.35118377208709717, 0.3485771119594574, 0.352777898311615, 0.34611138701438904, 0.3476389944553375, 0.3488434851169586]","[0.35021647810935974, 0.3524639308452606, 0.28939634561538696, 0.3515275716781616, 0.35051631927490234, 0.34800660610198975, 0.35291019082069397, 0.3432683050632477, 0.343479722738266, 0.34385696053504944]","[0.3442198932170868, 0.346653550863266, 0.34594234824180603, 0.28202763199806213, 0.34790414571762085, 0.34904929995536804, 0.34761691093444824, 0.35049232840538025, 0.3514856994152069, 0.3537856936454773]","[0.34795281291007996, 0.3478268086910248, 0.34834134578704834, 0.35034438967704773, 0.27388957142829895, 0.3489764332771301, 0.34601840376853943, 0.3511277735233307, 0.34889233112335205, 0.34946295619010925]","[0.3492650091648102, 0.3500077426433563, 0.34875422716140747, 0.34919363260269165, 0.3487045168876648, 0.2744075357913971, 0.354411780834198, 0.3454873859882355, 0.346038818359375, 0.3495674133300781]","[0.34869009256362915, 0.3462629020214081, 0.3461693525314331, 0.3499300181865692, 0.35230737924575806, 0.34482377767562866, 0.29604896903038025, 0.34928542375564575, 0.34779092669487, 0.34488603472709656]","[0.35191765427589417, 0.35161903500556946, 0.35481810569763184, 0.34826722741127014, 0.3473588824272156, 0.3512212336063385, 0.3499431014060974, 0.26904788613319397, 0.3454505503177643, 0.3484117090702057]","[0.35218819975852966, 0.3501555323600769, 0.3538353145122528, 0.3474789261817932, 0.34907588362693787, 0.3508252203464508, 0.35176438093185425, 0.35184699296951294, 0.2562373876571655, 0.34856700897216797]","[0.3515723645687103, 0.35148191452026367, 0.35319530963897705, 0.3453257381916046, 0.3486022353172302, 0.3474520742893219, 0.3540864884853363, 0.3498603403568268, 0.34984976053237915, 0.26453930139541626]"
4,0.1,0.003,trainable,paper,"[0.29173338413238525, 0.3482287526130676, 0.34804877638816833, 0.3506697118282318, 0.34860995411872864, 0.34886083006858826, 0.348103404045105, 0.3444708585739136, 0.3459870517253876, 0.34386390447616577]","[0.349213182926178, 0.2837145924568176, 0.3460099399089813, 0.35033974051475525, 0.3503953814506531, 0.34784844517707825, 0.3522659242153168, 0.34442102909088135, 0.34670335054397583, 0.3471411168575287]","[0.34966030716896057, 0.3520737886428833, 0.31297236680984497, 0.3500833511352539, 0.35038888454437256, 0.3459574282169342, 0.35345906019210815, 0.3400244414806366, 0.34261783957481384, 0.3408224880695343]","[0.3440033793449402, 0.34641608595848083, 0.34600910544395447, 0.2867729961872101, 0.3471181392669678, 0.3482770621776581, 0.34730657935142517, 0.3495044410228729, 0.35172542929649353, 0.3536421060562134]","[0.3475492596626282, 0.3474029004573822, 0.3476291596889496, 0.34978288412094116, 0.281034916639328, 0.3479357659816742, 0.3460018038749695, 0.34875407814979553, 0.34811416268348694, 0.34933289885520935]","[0.3493574857711792, 0.34962940216064453, 0.3501357436180115, 0.3484492599964142, 0.3485679030418396, 0.2848084270954132, 0.3546041250228882, 0.34234222769737244, 0.34599781036376953, 0.3474075496196747]","[0.3479408323764801, 0.34546616673469543, 0.34456267952919006, 0.3485802710056305, 0.3513704240322113, 0.34368228912353516, 0.31914022564888, 0.3459068238735199, 0.34714269638061523, 0.34234514832496643]","[0.3542441725730896, 0.35294246673583984, 0.35828638076782227, 0.3491268754005432, 0.35080525279045105, 0.35516801476478577, 0.3532739579677582, 0.25528791546821594, 0.3471273183822632, 0.3465987741947174]","[0.3511081039905548, 0.34950265288352966, 0.35343214869499207, 0.34569358825683594, 0.3486582934856415, 0.34959250688552856, 0.3514946699142456, 0.35033708810806274, 0.2663689851760864, 0.34804144501686096]","[0.3527675271034241, 0.35185539722442627, 0.35458847880363464, 0.34401240944862366, 0.34760811924934387, 0.34848424792289734, 0.35509806871414185, 0.351620078086853, 0.3488398790359497, 0.2680186331272125]"
4,0.1,0.001,trainable,paper,"[0.30752408504486084, 0.34762218594551086, 0.34867846965789795, 0.3504272997379303, 0.34785550832748413, 0.34757915139198303, 0.34601736068725586, 0.3419705927371979, 0.34430941939353943, 0.34275537729263306]","[0.34839940071105957, 0.294938325881958, 0.34696996212005615, 0.3500464856624603, 0.3491457402706146, 0.34677666425704956, 0.3507345914840698, 0.34229806065559387, 0.3451833724975586, 0.346763551235199]","[0.3478143513202667, 0.34993332624435425, 0.338154137134552, 0.3507346510887146, 0.3501671254634857, 0.3445240259170532, 0.3519788980484009, 0.3364115357398987, 0.3406064510345459, 0.33970656991004944]","[0.3422833979129791, 0.34490132331848145, 0.3437004089355469, 0.3031673729419708, 0.347028911113739, 0.3466182053089142, 0.3455948829650879, 0.3493824005126953, 0.35070085525512695, 0.35304903984069824]","[0.34652382135391235, 0.3471636176109314, 0.34644341468811035, 0.34824106097221375, 0.2874220609664917, 0.34777575731277466, 0.3458453416824341, 0.3486209809780121, 0.34810498356819153, 0.34907689690589905]","[0.34943127632141113, 0.3492358326911926, 0.35009700059890747, 0.3483218252658844, 0.3469904661178589, 0.3022971749305725, 0.3527073562145233, 0.34014996886253357, 0.3434044420719147, 0.3452075123786926]","[0.34832385182380676, 0.34541958570480347, 0.3449447453022003, 0.34839317202568054, 0.34976667165756226, 0.34439074993133545, 0.32732871174812317, 0.3434700667858124, 0.34500959515571594, 0.34044572710990906]","[0.35530778765678406, 0.3533984124660492, 0.3604544401168823, 0.3474366366863251, 0.3494251072406769, 0.35565853118896484, 0.35433584451675415, 0.27450814843177795, 0.34520024061203003, 0.3439701199531555]","[0.35123512148857117, 0.3493447005748749, 0.35382935404777527, 0.34503430128097534, 0.3470141589641571, 0.35047370195388794, 0.3521173298358917, 0.3506532907485962, 0.2735936939716339, 0.3462231755256653]","[0.352292537689209, 0.35091376304626465, 0.3538367450237274, 0.34302017092704773, 0.3462904393672943, 0.3489210307598114, 0.355471670627594, 0.35271593928337097, 0.3491422235965729, 0.27552738785743713]"
3,0.1,10,trainable,paper,"[0.219441756606102, 0.3531983494758606, 0.35334041714668274, 0.35454481840133667, 0.3539362847805023, 0.35368067026138306, 0.3531779944896698, 0.3535037338733673, 0.35378873348236084, 0.35370364785194397]","[0.3544759750366211, 0.21534693241119385, 0.354114294052124, 0.3543735444545746, 0.3540375232696533, 0.35378298163414, 0.35379907488822937, 0.3540692627429962, 0.35386839509010315, 0.35394084453582764]","[0.35485896468162537, 0.3546854257583618, 0.21128574013710022, 0.35447949171066284, 0.3542899787425995, 0.3545014262199402, 0.3545045256614685, 0.354157954454422, 0.3542933762073517, 0.354377806186676]","[0.3542153835296631, 0.35438820719718933, 0.35565945506095886, 0.2086104154586792, 0.3549661338329315, 0.35451140999794006, 0.3548045754432678, 0.3550097346305847, 0.3545801341533661, 0.35460910201072693]","[0.3537481725215912, 0.35368162393569946, 0.353841632604599, 0.35390838980674744, 0.21763519942760468, 0.35376089811325073, 0.3537805676460266, 0.35394787788391113, 0.353728711605072, 0.35396143794059753]","[0.3540257513523102, 0.3540204167366028, 0.3537738025188446, 0.35450735688209534, 0.35401949286460876, 0.21488462388515472, 0.3542037606239319, 0.353912353515625, 0.35402607917785645, 0.35440126061439514]","[0.35435304045677185, 0.35407063364982605, 0.3537154495716095, 0.35470110177993774, 0.3538587689399719, 0.3535103499889374, 0.21656973659992218, 0.35371899604797363, 0.3540246784687042, 0.35348495841026306]","[0.354121595621109, 0.3537096679210663, 0.3539430499076843, 0.35390201210975647, 0.35370442271232605, 0.35385021567344666, 0.3540017008781433, 0.21714025735855103, 0.35385802388191223, 0.35371941328048706]","[0.35381144285202026, 0.3538144826889038, 0.35389283299446106, 0.3542480170726776, 0.3538952171802521, 0.3536575138568878, 0.35362985730171204, 0.35379138588905334, 0.21775712072849274, 0.3535354435443878]","[0.35394254326820374, 0.3537595570087433, 0.3537437319755554, 0.3542554974555969, 0.353611558675766, 0.35332533717155457, 0.35422784090042114, 0.35396724939346313, 0.35410240292549133, 0.21706634759902954]"
3,0.1,3,trainable,paper,"[0.2243012934923172, 0.3540220260620117, 0.35211077332496643, 0.35436609387397766, 0.35370078682899475, 0.3520801067352295, 0.3534379005432129, 0.3526756763458252, 0.3524777889251709, 0.35422512888908386]","[0.3519476652145386, 0.2258385270833969, 0.3530532419681549, 0.3543311655521393, 0.3526708483695984, 0.3520314693450928, 0.35464081168174744, 0.3528582751750946, 0.3521098494529724, 0.3544308543205261]","[0.35458651185035706, 0.35425952076911926, 0.22051022946834564, 0.35350847244262695, 0.3526937663555145, 0.3537229001522064, 0.35461223125457764, 0.35269924998283386, 0.35314854979515076, 0.35301241278648376]","[0.3525559604167938, 0.3528534173965454, 0.35483190417289734, 0.21839596331119537, 0.3538915514945984, 0.3527320623397827, 0.35441067814826965, 0.35526639223098755, 0.3539905250072479, 0.35423794388771057]","[0.3524130582809448, 0.3535161018371582, 0.35397323966026306, 0.3532283902168274, 0.2256566435098648, 0.35283470153808594, 0.35362690687179565, 0.35360556840896606, 0.3526315689086914, 0.35178059339523315]","[0.3537229001522064, 0.35431453585624695, 0.3532245457172394, 0.35435476899147034, 0.3534401059150696, 0.22500140964984894, 0.3543802499771118, 0.35282832384109497, 0.3511976897716522, 0.3515613377094269]","[0.3525811433792114, 0.35160747170448303, 0.3521387577056885, 0.3534436523914337, 0.35277897119522095, 0.35215795040130615, 0.2292003333568573, 0.3528608977794647, 0.352795273065567, 0.3544136881828308]","[0.3530814051628113, 0.3530779182910919, 0.35398009419441223, 0.3519602417945862, 0.35225358605384827, 0.35351356863975525, 0.3535638749599457, 0.22684189677238464, 0.35045966506004333, 0.3564630448818207]","[0.3532916307449341, 0.3538970351219177, 0.3533569574356079, 0.3531767427921295, 0.3534286618232727, 0.3543952405452728, 0.3534703552722931, 0.35531744360923767, 0.2197159379720688, 0.3531114161014557]","[0.3516876697540283, 0.3514385521411896, 0.35358017683029175, 0.3530517518520355, 0.35445284843444824, 0.3545616567134857, 0.35194116830825806, 0.3497539460659027, 0.35288378596305847, 0.23249831795692444]"
3,0.1,1,trainable,paper,"[0.2378770112991333, 0.352969765663147, 0.3524251878261566, 0.3526615500450134, 0.3515201210975647, 0.3519551157951355, 0.3510572612285614, 0.3516039550304413, 0.3512207567691803, 0.35156381130218506]","[0.3514861464500427, 0.2387576401233673, 0.3525184392929077, 0.3531460464000702, 0.3508983254432678, 0.35206058621406555, 0.3515488803386688, 0.35209932923316956, 0.3511335551738739, 0.35136058926582336]","[0.35291895270347595, 0.353514164686203, 0.23509030044078827, 0.3517320156097412, 0.3506619930267334, 0.35372763872146606, 0.35171180963516235, 0.3518899083137512, 0.3516767621040344, 0.3521345853805542]","[0.35252106189727783, 0.3525274693965912, 0.3546813130378723, 0.22274142503738403, 0.35299476981163025, 0.35328102111816406, 0.35312309861183167, 0.35416755080223083, 0.3529898226261139, 0.3541027009487152]","[0.3531445264816284, 0.3537062406539917, 0.35441479086875916, 0.3524000346660614, 0.2293204963207245, 0.3525387644767761, 0.35197916626930237, 0.35208258032798767, 0.3517618179321289, 0.3527146875858307]","[0.3521105647087097, 0.3530159890651703, 0.352044016122818, 0.3518705368041992, 0.35216253995895386, 0.24208858609199524, 0.3509865701198578, 0.3520015478134155, 0.34863582253456116, 0.3514094650745392]","[0.35349521040916443, 0.353091299533844, 0.3535827398300171, 0.3526727259159088, 0.3527163863182068, 0.3543616235256195, 0.22741881012916565, 0.3524092435836792, 0.3518209457397461, 0.3520345091819763]","[0.3526143431663513, 0.35212916135787964, 0.3536321818828583, 0.3514770567417145, 0.3523203432559967, 0.35321366786956787, 0.35275399684906006, 0.24211299419403076, 0.3462921977043152, 0.3523997366428375]","[0.35282042622566223, 0.3533395230770111, 0.35318636894226074, 0.3523293137550354, 0.3527408242225647, 0.35493960976600647, 0.35288554430007935, 0.35778334736824036, 0.22477933764457703, 0.35366541147232056]","[0.3526358902454376, 0.35257044434547424, 0.35286808013916016, 0.35144779086112976, 0.35181158781051636, 0.3530248999595642, 0.35262531042099, 0.3523906171321869, 0.35062074661254883, 0.2345457375049591]"
3,0.1,0.3,trainable,paper,"[0.24551980197429657, 0.35216110944747925, 0.35126158595085144, 0.35286644101142883, 0.35167962312698364, 0.35208776593208313, 0.34883901476860046, 0.3508687913417816, 0.35138556361198425, 0.3500927984714508]","[0.35062429308891296, 0.2424549013376236, 0.3512420952320099, 0.3537116050720215, 0.3515704274177551, 0.3530966639518738, 0.350320965051651, 0.351509690284729, 0.35180747509002686, 0.3501608073711395]","[0.3524818420410156, 0.35297971963882446, 0.23761729896068573, 0.3505200147628784, 0.3509006202220917, 0.3542758524417877, 0.3509180247783661, 0.35202428698539734, 0.3521867096424103, 0.3516389727592468]","[0.35061630606651306, 0.3503198027610779, 0.35392293334007263, 0.23572973906993866, 0.352007657289505, 0.3511783480644226, 0.3520430624485016, 0.354399710893631, 0.3531099855899811, 0.3525996506214142]","[0.35156580805778503, 0.35144859552383423, 0.35253283381462097, 0.3518234193325043, 0.23749832808971405, 0.3515802323818207, 0.35076895356178284, 0.3528750538825989, 0.35296034812927246, 0.3520415425300598]","[0.3500927686691284, 0.3503699004650116, 0.35007378458976746, 0.35202503204345703, 0.3515093922615051, 0.25168368220329285, 0.34920111298561096, 0.35350316762924194, 0.3501438796520233, 0.3496588170528412]","[0.35412004590034485, 0.35250207781791687, 0.35270920395851135, 0.35198086500167847, 0.3524482250213623, 0.3548496663570404, 0.23102480173110962, 0.3516533374786377, 0.3534223735332489, 0.35045596957206726]","[0.35165637731552124, 0.35079407691955566, 0.3520528972148895, 0.34964847564697266, 0.3500269055366516, 0.35033512115478516, 0.35218751430511475, 0.2538211941719055, 0.34979647397994995, 0.34867504239082336]","[0.3511793315410614, 0.351118803024292, 0.35125088691711426, 0.3508067727088928, 0.3503988981246948, 0.35164347290992737, 0.3501034080982208, 0.3527446687221527, 0.24491576850414276, 0.3525989055633545]","[0.352263480424881, 0.3518732488155365, 0.3515690863132477, 0.3513767421245575, 0.3509511947631836, 0.3530343472957611, 0.35257285833358765, 0.3546741008758545, 0.3502548635005951, 0.23719656467437744]"
3,0.1,0.1,trainable,paper,"[0.2534722089767456, 0.35161373019218445, 0.3498811721801758, 0.3524276316165924, 0.351615846157074, 0.34940192103385925, 0.34787601232528687, 0.3508915603160858, 0.3520771861076355, 0.349455863237381]","[0.34955593943595886, 0.25192776322364807, 0.34962305426597595, 0.35345956683158875, 0.35034602880477905, 0.34969082474708557, 0.35034310817718506, 0.35123875737190247, 0.3523039221763611, 0.35004350543022156]","[0.3522704541683197, 0.35299253463745117, 0.24111390113830566, 0.34999075531959534, 0.350349098443985, 0.35353490710258484, 0.3498663604259491, 0.35151877999305725, 0.3522825837135315, 0.35256385803222656]","[0.34936776757240295, 0.3491058349609375, 0.3524726629257202, 0.24727217853069305, 0.35094887018203735, 0.34878936409950256, 0.35078707337379456, 0.35437318682670593, 0.35282766819000244, 0.35325801372528076]","[0.3501971662044525, 0.35105976462364197, 0.35144343972206116, 0.3512755334377289, 0.2444247156381607, 0.35101088881492615, 0.3491324782371521, 0.3533131182193756, 0.3524543344974518, 0.3531394898891449]","[0.350803941488266, 0.3520101308822632, 0.34930771589279175, 0.3523140251636505, 0.35036516189575195, 0.2531788647174835, 0.3471671938896179, 0.3546138405799866, 0.3499327301979065, 0.350532591342926]","[0.35348448157310486, 0.3506578207015991, 0.3521111309528351, 0.35145580768585205, 0.35259243845939636, 0.35549330711364746, 0.2365054339170456, 0.3509780168533325, 0.35450926423072815, 0.35011571645736694]","[0.34987181425094604, 0.349245548248291, 0.35102522373199463, 0.3480115532875061, 0.3480084538459778, 0.3476354479789734, 0.35145193338394165, 0.2620936334133148, 0.3539048135280609, 0.35136914253234863]","[0.34895840287208557, 0.34896403551101685, 0.3496735692024231, 0.3496146500110626, 0.3496602475643158, 0.34988847374916077, 0.34779298305511475, 0.34703853726387024, 0.2671712040901184, 0.35257911682128906]","[0.351305216550827, 0.35049423575401306, 0.3491024672985077, 0.3493655323982239, 0.3485075533390045, 0.3505290150642395, 0.35150954127311707, 0.35072311758995056, 0.3489952087402344, 0.25865066051483154]"
3,0.1,0.03,trainable,paper,"[0.25831153988838196, 0.3505743443965912, 0.3496444821357727, 0.35208943486213684, 0.3518366515636444, 0.34838244318962097, 0.3470515310764313, 0.34947511553764343, 0.35221216082572937, 0.3507397770881653]","[0.3488921821117401, 0.25692734122276306, 0.34920355677604675, 0.35304686427116394, 0.350089967250824, 0.3491407334804535, 0.3495607376098633, 0.3498184382915497, 0.3532045781612396, 0.3513675034046173]","[0.3509422838687897, 0.3518259823322296, 0.2471652328968048, 0.3503238260746002, 0.3495311439037323, 0.3518446385860443, 0.34990477561950684, 0.35057735443115234, 0.35241034626960754, 0.3525158166885376]","[0.3480110466480255, 0.3480125367641449, 0.3502609431743622, 0.2610994279384613, 0.3498154878616333, 0.34637024998664856, 0.3504101037979126, 0.35399091243743896, 0.3524620831012726, 0.352760374546051]","[0.34857383370399475, 0.3497099280357361, 0.3507006764411926, 0.3508893847465515, 0.2549736797809601, 0.34929943084716797, 0.348408043384552, 0.35270366072654724, 0.3526788055896759, 0.35220643877983093]","[0.3498237431049347, 0.35077184438705444, 0.3495449721813202, 0.35271158814430237, 0.3504360616207123, 0.255370169878006, 0.3466607630252838, 0.3544228971004486, 0.3512183725833893, 0.35028916597366333]","[0.3527185916900635, 0.3496228754520416, 0.3504893183708191, 0.35013577342033386, 0.35191845893859863, 0.3546936511993408, 0.24285368621349335, 0.35081401467323303, 0.3560779094696045, 0.35118189454078674]","[0.349418967962265, 0.3487280607223511, 0.3504433333873749, 0.3466724157333374, 0.3470483720302582, 0.3462009131908417, 0.350238561630249, 0.27035143971443176, 0.3582881689071655, 0.3570988178253174]","[0.3473479747772217, 0.34639593958854675, 0.3481466770172119, 0.34858202934265137, 0.3482619822025299, 0.3466757833957672, 0.3450501561164856, 0.34108227491378784, 0.30340224504470825, 0.3520234227180481]","[0.34844255447387695, 0.3476279079914093, 0.3476755619049072, 0.3485574424266815, 0.34814903140068054, 0.3491193354129791, 0.3491038382053375, 0.3436566889286041, 0.34860509634017944, 0.28882959485054016]"
3,0.1,0.01,trainable,paper,"[0.2674841284751892, 0.3500276207923889, 0.34840402007102966, 0.3496512174606323, 0.3514821231365204, 0.3482341766357422, 0.34637102484703064, 0.3494689464569092, 0.3519629240036011, 0.34887421131134033]","[0.34782832860946655, 0.26603248715400696, 0.34736335277557373, 0.350205659866333, 0.3489716053009033, 0.3489592969417572, 0.35031765699386597, 0.3504244089126587, 0.35305556654930115, 0.35008710622787476]","[0.35062339901924133, 0.3520878553390503, 0.25103384256362915, 0.3480226695537567, 0.34937337040901184, 0.35230952501296997, 0.35028257966041565, 0.35123762488365173, 0.35212138295173645, 0.35179537534713745]","[0.348662793636322, 0.3492794632911682, 0.3504796028137207, 0.26109665632247925, 0.3499343991279602, 0.34543171525001526, 0.3497474491596222, 0.35476118326187134, 0.35212451219558716, 0.3523681163787842]","[0.347533255815506, 0.3492380976676941, 0.3492407202720642, 0.3490847051143646, 0.26374804973602295, 0.34885844588279724, 0.34840795397758484, 0.35376331210136414, 0.35105666518211365, 0.35156771540641785]","[0.34810706973075867, 0.34931617975234985, 0.34767699241638184, 0.3515883982181549, 0.3492991626262665, 0.264660507440567, 0.3480471670627594, 0.3547900915145874, 0.35069870948791504, 0.3490966558456421]","[0.35200393199920654, 0.34721535444259644, 0.34859737753868103, 0.3491073548793793, 0.35059383511543274, 0.3522048890590668, 0.2570022940635681, 0.3512989580631256, 0.3551895022392273, 0.3492589294910431]","[0.3478650748729706, 0.34649816155433655, 0.34842535853385925, 0.34423285722732544, 0.34458062052726746, 0.3445892035961151, 0.3487487733364105, 0.2966999113559723, 0.360060453414917, 0.35408833622932434]","[0.345951646566391, 0.34473246335983276, 0.3467656373977661, 0.3471221923828125, 0.3484947979450226, 0.3451777696609497, 0.3447434902191162, 0.33778589963912964, 0.32599449157714844, 0.35263097286224365]","[0.34852421283721924, 0.3472231924533844, 0.34663301706314087, 0.3472241163253784, 0.3472956418991089, 0.348635733127594, 0.3496083617210388, 0.3453276753425598, 0.3464203476905823, 0.29202985763549805]"
3,0.1,0.003,trainable,paper,"[0.27859172224998474, 0.3479655981063843, 0.34751787781715393, 0.3489930331707001, 0.3510769009590149, 0.3465220332145691, 0.34540703892707825, 0.34908777475357056, 0.35306259989738464, 0.34778568148612976]","[0.34835800528526306, 0.27721455693244934, 0.3450458347797394, 0.3501621186733246, 0.3491484820842743, 0.3468656539916992, 0.349491149187088, 0.3496633470058441, 0.35432901978492737, 0.3489188253879547]","[0.3499581217765808, 0.3526785969734192, 0.2541232705116272, 0.3477693200111389, 0.3499288260936737, 0.3518403172492981, 0.3493495285511017, 0.350426584482193, 0.35216253995895386, 0.3516063392162323]","[0.3477117419242859, 0.34779804944992065, 0.348783940076828, 0.2743651568889618, 0.34860941767692566, 0.344009667634964, 0.3493293523788452, 0.354623407125473, 0.35192641615867615, 0.3505185842514038]","[0.3465956747531891, 0.34758177399635315, 0.34707388281822205, 0.3488956093788147, 0.2752021849155426, 0.34791603684425354, 0.3482021391391754, 0.35416990518569946, 0.35016754269599915, 0.3500816822052002]","[0.3479696810245514, 0.34987273812294006, 0.3467331528663635, 0.35105404257774353, 0.34867531061172485, 0.2730400264263153, 0.347623735666275, 0.3539620339870453, 0.3501321077346802, 0.34668979048728943]","[0.3515304923057556, 0.3464185893535614, 0.34795501828193665, 0.3479062020778656, 0.3494643270969391, 0.351450651884079, 0.26848170161247253, 0.35107332468032837, 0.3551090359687805, 0.34700825810432434]","[0.3466772139072418, 0.3454875648021698, 0.3477664291858673, 0.3427799344062805, 0.34267812967300415, 0.34399041533470154, 0.3478173017501831, 0.3211860954761505, 0.364504337310791, 0.3512856066226959]","[0.3433878719806671, 0.3418913781642914, 0.3452421724796295, 0.3458036184310913, 0.3481146991252899, 0.3437725603580475, 0.3436269760131836, 0.3318031430244446, 0.3707929253578186, 0.3520079553127289]","[0.347802996635437, 0.3465673625469208, 0.3450488746166229, 0.3475240468978882, 0.3473183810710907, 0.3493165075778961, 0.35033223032951355, 0.3465490937232971, 0.34550872445106506, 0.29210370779037476]"
3,0.1,0.001,trainable,paper,"[0.29134055972099304, 0.3462172746658325, 0.34642294049263, 0.3480508625507355, 0.3497539758682251, 0.34642109274864197, 0.34415921568870544, 0.3478953242301941, 0.35437360405921936, 0.34643062949180603]","[0.34860315918922424, 0.29073354601860046, 0.34270793199539185, 0.350269079208374, 0.34767377376556396, 0.3467453718185425, 0.34866493940353394, 0.3481203019618988, 0.3560997545719147, 0.34771040081977844]","[0.3495665490627289, 0.3533695638179779, 0.262823224067688, 0.34714362025260925, 0.34932923316955566, 0.3508710265159607, 0.34869787096977234, 0.34901031851768494, 0.3511122167110443, 0.3506637513637543]","[0.3470032513141632, 0.34610557556152344, 0.3474661409854889, 0.28427833318710327, 0.34767019748687744, 0.34348368644714355, 0.34917542338371277, 0.35428038239479065, 0.35215941071510315, 0.34905776381492615]","[0.3465343117713928, 0.3475435972213745, 0.3460944890975952, 0.34822961688041687, 0.2820538580417633, 0.34632110595703125, 0.34867462515830994, 0.35290834307670593, 0.34958508610725403, 0.3492075800895691]","[0.3462514877319336, 0.34848129749298096, 0.34636425971984863, 0.3496193289756775, 0.34867599606513977, 0.2821493148803711, 0.34734711050987244, 0.3532387316226959, 0.3503310978412628, 0.34596022963523865]","[0.3513951301574707, 0.3456781804561615, 0.34708234667778015, 0.34641051292419434, 0.34758058190345764, 0.35054317116737366, 0.2818686068058014, 0.34939002990722656, 0.35722818970680237, 0.34609052538871765]","[0.34627729654312134, 0.34528931975364685, 0.3476375937461853, 0.34142911434173584, 0.342314213514328, 0.3432854413986206, 0.3484322130680084, 0.3488355278968811, 0.3707045316696167, 0.3498499393463135]","[0.3407743275165558, 0.3386409282684326, 0.3448917865753174, 0.3441251814365387, 0.3474622666835785, 0.34172168374061584, 0.3405230641365051, 0.3240605890750885, 0.44439560174942017, 0.3499920964241028]","[0.34743693470954895, 0.3460233509540558, 0.344307005405426, 0.3474629819393158, 0.3467113673686981, 0.3483554422855377, 0.34976819157600403, 0.3464202582836151, 0.3461807668209076, 0.2954290211200714]"
2,0.4,10,trainable,paper,"[2.2326762676239014, 1.0001357793807983, 0.9909061193466187, 0.9956066608428955, 1.0012511014938354, 1.000167965888977, 0.9989662170410156, 1.0016096830368042, 0.998152494430542, 1.0007909536361694]","[1.0007356405258179, 2.2062010765075684, 0.9975531101226807, 1.0029786825180054, 0.9999116659164429, 1.0019407272338867, 1.0012245178222656, 1.0010586977005005, 1.0037797689437866, 1.0013459920883179]","[1.0092805624008179, 1.0045313835144043, 2.1841161251068115, 1.0002164840698242, 1.0017247200012207, 1.003638505935669, 1.0039174556732178, 0.9997782707214355, 1.0020860433578491, 1.0053437948226929]","[1.0016608238220215, 1.0025874376296997, 1.0009502172470093, 2.18184232711792, 1.0027631521224976, 1.0077687501907349, 1.0051448345184326, 1.0005325078964233, 1.0021284818649292, 1.0090560913085938]","[1.002338171005249, 1.0062462091445923, 1.0045552253723145, 1.005218744277954, 2.1744816303253174, 1.0014233589172363, 1.0074694156646729, 1.0052539110183716, 0.999966025352478, 1.0065842866897583]","[0.9998329281806946, 0.9987383484840393, 0.9956209063529968, 0.9950255155563354, 1.0008643865585327, 2.23335862159729, 0.9978376626968384, 1.002447485923767, 0.993889570236206, 1.0026694536209106]","[1.0017985105514526, 0.997755229473114, 0.9995758533477783, 0.9954596757888794, 1.0000033378601074, 1.000967025756836, 2.219114303588867, 1.000588297843933, 1.0009207725524902, 1.0020900964736938]","[0.9928024411201477, 0.9946029782295227, 0.9956826567649841, 0.997204601764679, 0.9985198974609375, 0.9979460835456848, 0.9928463697433472, 2.257063865661621, 0.9950926899909973, 1.001348853111267]","[0.9954746961593628, 0.9919988512992859, 0.9930239319801331, 0.994800329208374, 1.000373125076294, 1.0039681196212769, 0.9938004016876221, 0.998343825340271, 2.254739284515381, 0.9966761469841003]","[0.9972689747810364, 0.9978448152542114, 0.9949982166290283, 0.9916564226150513, 0.9981747269630432, 0.9979614615440369, 0.9963876605033875, 0.9963206052780151, 1.0011823177337646, 2.2504491806030273]"
2,0.4,3,trainable,paper,"[2.241271495819092, 0.9972174763679504, 0.9858248829841614, 0.9926515817642212, 0.9983025789260864, 0.9998549818992615, 0.999900758266449, 1.0032817125320435, 1.001704216003418, 1.0022966861724854]","[0.9998463988304138, 2.2167224884033203, 0.9925707578659058, 1.0004230737686157, 0.9969781637191772, 0.998528003692627, 1.0036141872406006, 1.0038399696350098, 1.0038588047027588, 1.0021272897720337]","[1.0113885402679443, 1.0065817832946777, 2.15645432472229, 1.0016082525253296, 1.0018233060836792, 1.004255771636963, 1.0079255104064941, 1.008126974105835, 1.0066949129104614, 1.0071730613708496]","[1.0003106594085693, 0.9997187256813049, 0.9958577752113342, 2.183553457260132, 0.9993401765823364, 1.006581425666809, 1.0091655254364014, 1.0032919645309448, 1.0047930479049683, 1.0132651329040527]","[0.999991774559021, 1.0040069818496704, 1.0019539594650269, 1.0024462938308716, 2.168240547180176, 1.0010623931884766, 1.0131494998931885, 1.008134365081787, 1.0028729438781738, 1.0121986865997314]","[0.9959031343460083, 0.9974029064178467, 0.9935008883476257, 0.9912307858467102, 0.9968315362930298, 2.2455811500549316, 0.9998485445976257, 1.0035429000854492, 0.9970877170562744, 1.0010944604873657]","[0.9987662434577942, 0.993618905544281, 0.9948561191558838, 0.9880277514457703, 0.9915899038314819, 0.9976682066917419, 2.2539970874786377, 1.002875804901123, 1.0008467435836792, 1.0015232563018799]","[0.9892328381538391, 0.990436851978302, 0.9896328449249268, 0.9920598864555359, 0.9932810664176941, 0.9952163100242615, 0.9906737804412842, 2.2903196811676025, 0.9960798621177673, 1.0010830163955688]","[0.9910244941711426, 0.9903923273086548, 0.9884157776832581, 0.989626407623291, 0.9947400689125061, 0.999800980091095, 0.9944794178009033, 0.9997301697731018, 2.290999174118042, 0.9894095659255981]","[0.9952920079231262, 0.9968869090080261, 0.9936048984527588, 0.9855058789253235, 0.9909884929656982, 0.9987319111824036, 0.9985935091972351, 0.9984883666038513, 1.0136137008666992, 2.2540132999420166]"
2,0.4,1,trainable,paper,"[2.2551732063293457, 0.9929981827735901, 0.987326979637146, 0.9929957389831543, 0.9979869723320007, 1.0023512840270996, 0.9988717436790466, 1.0001229047775269, 0.9946642518043518, 1.001209020614624]","[1.0004427433013916, 2.2299349308013916, 0.9914815425872803, 0.9998395442962646, 0.9950476288795471, 1.0014604330062866, 1.0029295682907104, 0.9987854361534119, 0.9980311393737793, 1.0020737648010254]","[1.0076584815979004, 1.004776120185852, 2.1787400245666504, 1.0004503726959229, 0.9982463717460632, 1.0058887004852295, 1.0052040815353394, 1.00496506690979, 1.0022108554840088, 1.006000280380249]","[0.9971632361412048, 0.9962328672409058, 0.9952566623687744, 2.204772472381592, 0.9968329071998596, 1.011591911315918, 1.0089037418365479, 0.9983716607093811, 0.9969851970672607, 1.0133869647979736]","[0.9964683055877686, 1.0024489164352417, 1.0027711391448975, 1.0016196966171265, 2.1820595264434814, 1.0055826902389526, 1.0144922733306885, 1.0024713277816772, 0.9952182769775391, 1.0134440660476685]","[0.9915246367454529, 0.992518961429596, 0.9916314482688904, 0.984375536441803, 0.9913020133972168, 2.2866129875183105, 0.9987729787826538, 0.9986377358436584, 0.9924495220184326, 1.0001553297042847]","[0.996792733669281, 0.9910039305686951, 0.9955152273178101, 0.9850244522094727, 0.9882721900939941, 0.9978102445602417, 2.2710981369018555, 1.0017732381820679, 0.9985088109970093, 1.0007507801055908]","[0.988159716129303, 0.991387128829956, 0.9896466135978699, 0.9923314452171326, 0.9958310127258301, 0.9976658821105957, 0.9877955317497253, 2.298157215118408, 0.9884709715843201, 0.9999220967292786]","[0.9927128553390503, 0.9906409382820129, 0.9877082109451294, 0.9924905896186829, 0.9971742033958435, 1.0013717412948608, 0.9917710423469543, 1.0029172897338867, 2.2889387607574463, 0.9833959937095642]","[0.9934424757957458, 0.9946991801261902, 0.9924671053886414, 0.98279869556427, 0.9869906902313232, 0.9987118244171143, 0.9965813159942627, 0.9957523345947266, 1.0143966674804688, 2.2736597061157227]"
2,0.4,0.3,trainable,paper,"[2.2695581912994385, 0.9973185658454895, 0.9828113317489624, 0.9895346164703369, 0.9967215657234192, 1.0028022527694702, 0.9950700998306274, 0.9980897903442383, 0.9926436543464661, 1.0018298625946045]","[0.9948844909667969, 2.2681221961975098, 0.985012948513031, 0.9970985651016235, 0.9940941333770752, 0.9988711476325989, 0.9959372878074646, 0.9944126605987549, 0.9932349324226379, 1.0038113594055176]","[1.0091437101364136, 1.01303231716156, 2.165051221847534, 0.9994043111801147, 1.0001803636550903, 1.0086058378219604, 1.0026295185089111, 1.0033262968063354, 1.001686930656433, 1.0106009244918823]","[0.9972394704818726, 0.9968757629394531, 0.9935685396194458, 2.2137863636016846, 0.998760998249054, 1.012807846069336, 1.0010504722595215, 0.9968644976615906, 0.9944279193878174, 1.01572585105896]","[0.9947153329849243, 1.0026768445968628, 0.9996982216835022, 0.9966526627540588, 2.2122855186462402, 1.0047944784164429, 1.0060107707977295, 0.9979584217071533, 0.9907318353652954, 1.0144100189208984]","[0.9877073168754578, 0.9946971535682678, 0.9870115518569946, 0.9798284769058228, 0.9909130930900574, 2.3111937046051025, 0.993284285068512, 0.9952801465988159, 0.9901626706123352, 1.0022413730621338]","[0.9967580437660217, 0.9995468258857727, 0.9948375225067139, 0.9889984130859375, 0.9945595264434814, 1.000095248222351, 2.2397305965423584, 1.0027470588684082, 1.0006200075149536, 1.003793716430664]","[0.9860719442367554, 0.9945127367973328, 0.9878103733062744, 0.989687442779541, 0.9980935454368591, 0.9978380799293518, 0.9828420281410217, 2.3059635162353516, 0.9874311089515686, 1.0012778043746948]","[0.9908865690231323, 0.9933243989944458, 0.9854655861854553, 0.9902467727661133, 0.9985809326171875, 1.0002650022506714, 0.9858347177505493, 0.9999878406524658, 2.302030086517334, 0.984340250492096]","[0.9915723204612732, 0.9951496720314026, 0.987023115158081, 0.9784129858016968, 0.9861274361610413, 0.9957925081253052, 0.9922475218772888, 0.9918822050094604, 1.010480284690857, 2.305777072906494]"
2,0.4,0.1,trainable,paper,"[2.2740354537963867, 0.9956179261207581, 0.9816352128982544, 0.9875431656837463, 0.9949367046356201, 1.006035327911377, 0.9935727715492249, 0.9949876666069031, 0.9962918162345886, 1.0031851530075073]","[0.9921680092811584, 2.2800357341766357, 0.9846867918968201, 0.9940759539604187, 0.9910897612571716, 1.00001060962677, 0.9920098185539246, 0.9928048253059387, 0.994246244430542, 1.0065594911575317]","[1.0071873664855957, 1.0101619958877563, 2.1845762729644775, 0.9990904927253723, 0.9967674612998962, 1.0088599920272827, 0.9980822205543518, 1.0003749132156372, 1.0002485513687134, 1.0106534957885742]","[0.9948257803916931, 0.9948350191116333, 0.9909833669662476, 2.2225091457366943, 0.9960436820983887, 1.0156759023666382, 0.9965616464614868, 0.9934138059616089, 0.999894917011261, 1.0202759504318237]","[0.9909563064575195, 1.0010992288589478, 0.999114990234375, 0.9940754771232605, 2.2115321159362793, 1.0104402303695679, 1.0017281770706177, 0.9971497654914856, 0.9968370199203491, 1.0186131000518799]","[0.9814718961715698, 0.9911697506904602, 0.9858576655387878, 0.9736643433570862, 0.9828482866287231, 2.3480734825134277, 0.9920769929885864, 0.9928801655769348, 0.9909131526947021, 1.0005148649215698]","[0.9933269023895264, 0.9995192289352417, 0.9961410164833069, 0.9881974458694458, 0.9945256114006042, 0.9994072318077087, 2.2446749210357666, 0.9989641308784485, 1.0029339790344238, 1.0047812461853027]","[0.9840966463088989, 0.991912841796875, 0.9872891306877136, 0.9875190854072571, 0.9947599768638611, 0.9972450733184814, 0.981521725654602, 2.311673402786255, 0.9933752417564392, 1.0033832788467407]","[0.9845014214515686, 0.9907312989234924, 0.9850672483444214, 0.9830618500709534, 0.9905426502227783, 0.999947190284729, 0.9817256927490234, 0.9930146932601929, 2.3522329330444336, 0.978833019733429]","[0.9876360893249512, 0.9910559058189392, 0.9852686524391174, 0.971437931060791, 0.9792415499687195, 0.9973005652427673, 0.9888560175895691, 0.9869155287742615, 1.0160927772521973, 2.3403475284576416]"
2,0.4,0.03,trainable,paper,"[2.289072036743164, 0.9984016418457031, 0.9783889055252075, 0.9856436252593994, 0.9914793372154236, 1.0074260234832764, 0.9935269951820374, 0.9894911050796509, 0.9983397126197815, 0.9991848468780518]","[0.9865360856056213, 2.3122427463531494, 0.9816409945487976, 0.9915146231651306, 0.9879320859909058, 0.999114990234375, 0.9917611479759216, 0.9879168272018433, 0.9928964376449585, 1.0006762742996216]","[1.0074037313461304, 1.0111206769943237, 2.199786901473999, 0.9976687431335449, 0.9948376417160034, 1.0082387924194336, 0.9963404536247253, 0.9974051117897034, 0.9977225661277771, 1.007547378540039]","[0.993841826915741, 0.9942330718040466, 0.9897059202194214, 2.237950325012207, 0.9917082190513611, 1.0179939270019531, 0.9968122839927673, 0.9868008494377136, 1.0035866498947144, 1.0149747133255005]","[0.990466833114624, 1.001059651374817, 0.9975967407226562, 0.9941973686218262, 2.218966484069824, 1.0110523700714111, 1.0045493841171265, 0.9919506907463074, 0.9997196197509766, 1.0122911930084229]","[0.9774272441864014, 0.990818977355957, 0.9844567179679871, 0.9682583808898926, 0.9794779419898987, 2.375063180923462, 0.9927962422370911, 0.9872257113456726, 0.990403950214386, 0.9994508028030396]","[0.9911028742790222, 0.9984170198440552, 0.9957563877105713, 0.9849600195884705, 0.9894265532493591, 0.9972686767578125, 2.269603967666626, 0.9960583448410034, 1.0009099245071411, 1.0025699138641357]","[0.9850502014160156, 0.9935709834098816, 0.986464262008667, 0.9892897009849548, 0.9951651692390442, 0.9989874362945557, 0.9809916615486145, 2.309054374694824, 0.9964503049850464, 0.9970194101333618]","[0.9793471097946167, 0.99171382188797, 0.9846104383468628, 0.9772964715957642, 0.985884964466095, 0.9988419413566589, 0.9817661046981812, 0.9874868988990784, 2.3828728199005127, 0.9760265946388245]","[0.9870858192443848, 0.9950538873672485, 0.9841203689575195, 0.9727389812469482, 0.9811334013938904, 0.9947816133499146, 0.987388551235199, 0.9880893230438232, 1.0147185325622559, 2.3368215560913086]"
2,0.4,0.01,trainable,paper,"[2.3113839626312256, 0.9943550229072571, 0.9747766256332397, 0.9820300936698914, 0.9890801310539246, 1.0050246715545654, 0.9920284748077393, 0.9834252595901489, 0.9976758360862732, 1.0062649250030518]","[0.9890816807746887, 2.2972846031188965, 0.9809503555297852, 0.9922550916671753, 0.9871681332588196, 0.9992750883102417, 0.9915673136711121, 0.989020049571991, 0.9959418773651123, 1.0089502334594727]","[1.0079265832901, 1.008160948753357, 2.210188865661621, 0.9958469271659851, 0.9921005368232727, 1.007691502571106, 0.9936636686325073, 0.9934142231941223, 0.9979230761528015, 1.0137012004852295]","[0.9949480295181274, 0.9894302487373352, 0.9883823990821838, 2.2472095489501953, 0.9883175492286682, 1.017212152481079, 0.9939191341400146, 0.9822250604629517, 1.0064623355865479, 1.026196002960205]","[0.9893235564231873, 1.0000189542770386, 0.9969059824943542, 0.993574321269989, 2.223792314529419, 1.009354829788208, 1.0012763738632202, 0.9864611625671387, 1.001389980316162, 1.024139642715454]","[0.9772959351539612, 0.988667905330658, 0.9828570485115051, 0.9657520055770874, 0.9775183200836182, 2.388371229171753, 0.9908185005187988, 0.9847924113273621, 0.9907081723213196, 1.0018483400344849]","[0.9894323945045471, 0.9954383969306946, 0.9945184588432312, 0.9840598702430725, 0.9892573356628418, 0.996415913105011, 2.2796332836151123, 0.9908458590507507, 1.002280592918396, 1.006278395652771]","[0.9881581664085388, 0.9932222366333008, 0.9882723093032837, 0.9915004372596741, 0.9981032013893127, 0.9995343089103699, 0.982794463634491, 2.2734553813934326, 1.0006630420684814, 1.0142005681991577]","[0.9788039326667786, 0.9879788756370544, 0.9810009002685547, 0.9716687202453613, 0.9817343950271606, 0.9974830150604248, 0.9786264300346375, 0.9822586178779602, 2.4173295497894287, 0.9762747883796692]","[0.9810113906860352, 0.9885869026184082, 0.9785645008087158, 0.961876392364502, 0.9701067209243774, 0.993725597858429, 0.9848441481590271, 0.975844144821167, 1.0185561180114746, 2.408935546875]"
2,0.4,0.003,trainable,paper,"[2.3379132747650146, 0.9940025806427002, 0.9719142913818359, 0.984398365020752, 0.989721953868866, 0.9981645345687866, 0.9882690906524658, 0.9782678484916687, 0.9916913509368896, 1.0050805807113647]","[0.9867324233055115, 2.3198533058166504, 0.9804225564002991, 0.996159553527832, 0.9883313179016113, 0.9912936687469482, 0.9865310788154602, 0.9854567050933838, 0.9900580048561096, 1.010528802871704]","[1.0081422328948975, 1.00554621219635, 2.22236704826355, 0.9994783997535706, 0.9935006499290466, 1.000996708869934, 0.9894729852676392, 0.9932613968849182, 0.9948045015335083, 1.014465093612671]","[0.9928262829780579, 0.9860290884971619, 0.9850242137908936, 2.294391393661499, 0.9883176684379578, 1.0068764686584473, 0.9862258434295654, 0.9757412672042847, 0.9984038472175598, 1.0255892276763916]","[0.987532377243042, 0.9978958368301392, 0.9942010045051575, 0.9949703216552734, 2.2621805667877197, 1.0012233257293701, 0.9957376718521118, 0.9804624319076538, 0.9932473301887512, 1.023227334022522]","[0.9812443256378174, 0.9928983449935913, 0.9863286018371582, 0.9775170683860779, 0.9843726754188538, 2.342061758041382, 0.989837646484375, 0.9850196242332458, 0.9910240173339844, 1.0088719129562378]","[0.9897136688232422, 0.9968419671058655, 0.9943159818649292, 0.9900317788124084, 0.9933182001113892, 0.9917823076248169, 2.2755753993988037, 0.9893075227737427, 0.9997144937515259, 1.006272792816162]","[0.9898501038551331, 0.992989182472229, 0.9844738841056824, 0.9968500137329102, 1.0033581256866455, 0.9949113130569458, 0.9788092970848083, 2.2844810485839844, 0.9925748705863953, 1.0144191980361938]","[0.9813036918640137, 0.9894335865974426, 0.9781779050827026, 0.9777874946594238, 0.9865561723709106, 0.9907041192054749, 0.9745060801506042, 0.9858807921409607, 2.4049296379089355, 0.9791646599769592]","[0.9806959629058838, 0.9864683747291565, 0.9755935072898865, 0.9629675149917603, 0.9711889624595642, 0.9865123629570007, 0.9809436798095703, 0.9725360870361328, 1.0119296312332153, 2.4352567195892334]"
2,0.4,0.001,trainable,paper,"[2.3730666637420654, 0.9935567378997803, 0.9672567248344421, 0.9848088622093201, 0.9885743260383606, 0.9891454577445984, 0.9845566153526306, 0.9736257195472717, 0.9869820475578308, 1.0041518211364746]","[0.9862317442893982, 2.345043182373047, 0.9766942858695984, 0.9969513416290283, 0.9886964559555054, 0.9830946326255798, 0.9849872589111328, 0.982194185256958, 0.9850953221321106, 1.0120186805725098]","[1.011365294456482, 1.0063567161560059, 2.2348151206970215, 0.9997122287750244, 0.9932559728622437, 0.993758499622345, 0.9885945320129395, 0.9920858144760132, 0.9918510913848877, 1.0127063989639282]","[0.9923458099365234, 0.9835052490234375, 0.982635498046875, 2.321908712387085, 0.990952730178833, 0.9960907101631165, 0.9841710925102234, 0.9718151688575745, 0.9933320879936218, 1.027287244796753]","[0.9891624450683594, 0.9961127638816833, 0.9928797483444214, 0.9920172095298767, 2.295231342315674, 0.9908524751663208, 0.9921764135360718, 0.977544367313385, 0.9861919283866882, 1.0238847732543945]","[0.9902734756469727, 0.9969707131385803, 0.9896948933601379, 0.9841193556785583, 0.9942824840545654, 2.2916603088378906, 0.9926849007606506, 0.9865189790725708, 0.9929959774017334, 1.0114010572433472]","[0.9921285510063171, 0.9958537220954895, 0.9920639395713806, 0.9899177551269531, 0.9955771565437317, 0.9849357008934021, 2.290194034576416, 0.9845765829086304, 0.9963672161102295, 1.0084394216537476]","[0.9929984211921692, 0.9931256175041199, 0.9819897413253784, 0.9975365996360779, 1.0045992136001587, 0.9886564612388611, 0.9788261651992798, 2.2931969165802, 0.9883579015731812, 1.0167529582977295]","[0.984851598739624, 0.9906975030899048, 0.976220965385437, 0.9797065258026123, 0.9897221326828003, 0.9837738871574402, 0.9735109210014343, 0.9858219027519226, 2.410031795501709, 0.9748392105102539]","[0.9813412427902222, 0.9845089912414551, 0.9747443795204163, 0.9606683850288391, 0.9703665375709534, 0.9817342162132263, 0.9762778878211975, 0.9670214653015137, 1.0127222537994385, 2.461291551589966]"
0,0.4,10,trainable,paper,"[2.2430548667907715, 0.9962510466575623, 1.0043220520019531, 0.9960318803787231, 0.9988139271736145, 0.9958861470222473, 0.9999521374702454, 0.9976581335067749, 0.9960037469863892, 0.9935157895088196]","[1.010482668876648, 2.170555353164673, 1.0061650276184082, 1.0006672143936157, 1.0074131488800049, 1.003772258758545, 1.0010453462600708, 1.0004122257232666, 1.0036790370941162, 1.0093826055526733]","[0.9971809387207031, 0.9970489740371704, 2.2436084747314453, 0.9970666766166687, 1.0010327100753784, 0.9989588856697083, 0.9968770742416382, 0.9961329102516174, 0.9959181547164917, 0.9973175525665283]","[1.0013097524642944, 0.998975932598114, 1.0001198053359985, 2.2220540046691895, 1.0001977682113647, 0.9964032173156738, 0.9992138743400574, 0.9975370168685913, 0.9979979991912842, 1.0049223899841309]","[1.0051329135894775, 0.9982702732086182, 1.0078787803649902, 0.9977078437805176, 2.2074713706970215, 0.9999356269836426, 0.9990749955177307, 0.999557614326477, 0.9999746084213257, 1.0023530721664429]","[0.9983252882957458, 0.994279146194458, 0.9971299171447754, 0.9980146884918213, 0.9957641959190369, 2.246915340423584, 0.9987128376960754, 1.002369999885559, 0.9958887100219727, 0.994346022605896]","[1.0012561082839966, 1.0030661821365356, 1.0053120851516724, 0.9989852905273438, 1.0009959936141968, 0.9978386759757996, 2.207347869873047, 1.0003398656845093, 1.0031839609146118, 0.9986792802810669]","[1.003281831741333, 1.0016287565231323, 1.0090091228485107, 1.0076494216918945, 1.0028706789016724, 0.9982945919036865, 1.0042184591293335, 2.174891233444214, 1.002819538116455, 1.0093029737472534]","[1.0024354457855225, 1.0053828954696655, 1.002191185951233, 0.999001681804657, 1.0073537826538086, 1.0019971132278442, 1.0000147819519043, 1.0041426420211792, 2.190690040588379, 1.002018928527832]","[1.0091683864593506, 0.9940881729125977, 1.0051019191741943, 0.9933655261993408, 0.998435914516449, 1.0004279613494873, 0.997933030128479, 0.9943283200263977, 0.9948011040687561, 2.2336835861206055]"
0,0.4,3,trainable,paper,"[2.2706480026245117, 0.9909916520118713, 1.0031179189682007, 0.9887579679489136, 0.9971780776977539, 0.9962645769119263, 0.9968822002410889, 0.9997757077217102, 0.9881970882415771, 0.9940562844276428]","[1.01189124584198, 2.1819427013397217, 1.0041067600250244, 0.9956016540527344, 1.0061423778533936, 1.006403923034668, 1.0010985136032104, 1.002172827720642, 0.995620846748352, 1.0107922554016113]","[0.9972933530807495, 0.9958846569061279, 2.255624532699585, 0.9898250102996826, 1.000754475593567, 1.0011245012283325, 0.9962320327758789, 1.000717282295227, 0.9872897267341614, 0.9990591406822205]","[1.0103790760040283, 1.0007104873657227, 1.0050787925720215, 2.1821742057800293, 1.0041301250457764, 1.003133773803711, 1.0027990341186523, 1.0043609142303467, 0.9910774230957031, 1.0123178958892822]","[1.0050547122955322, 0.9964398145675659, 1.0067981481552124, 0.9923412203788757, 2.2269749641418457, 0.9990180134773254, 0.9980453848838806, 1.0016502141952515, 0.9899023771286011, 1.0045039653778076]","[0.9973376989364624, 0.9898306131362915, 0.992825448513031, 0.9900765419006348, 0.9947093725204468, 2.272787570953369, 0.9968176484107971, 1.0058996677398682, 0.9880325794219971, 0.9980197548866272]","[1.0021657943725586, 0.999952495098114, 1.0031421184539795, 0.9931988716125488, 0.9989187121391296, 0.9980718493461609, 2.2256174087524414, 1.0111033916473389, 0.9836146235466003, 1.0062493085861206]","[1.0015513896942139, 0.9990738034248352, 1.004372477531433, 1.0006877183914185, 1.0007331371307373, 0.9944010376930237, 0.9930164813995361, 2.223191499710083, 0.9895033240318298, 1.0151336193084717]","[1.0052801370620728, 1.007789969444275, 1.00412917137146, 0.99921053647995, 1.011506199836731, 1.0043623447418213, 1.012945532798767, 1.0131051540374756, 2.1604907512664795, 0.9960782527923584]","[1.0086371898651123, 0.9915125966072083, 1.0020625591278076, 0.9852977395057678, 0.9964451789855957, 0.9970720410346985, 0.9887683391571045, 0.9897369742393494, 0.9956443905830383, 2.2723309993743896]"
0,0.4,1,trainable,paper,"[2.3030848503112793, 0.9918470978736877, 1.0016226768493652, 0.9883185029029846, 0.9919101595878601, 0.9923502206802368, 0.9920060038566589, 1.001090407371521, 0.9857452511787415, 0.9832548499107361]","[1.0111461877822876, 2.2179243564605713, 1.0035786628723145, 0.9922686219215393, 1.0011438131332397, 1.0024096965789795, 0.9952684640884399, 1.0037615299224854, 0.9932346343994141, 0.9990605711936951]","[0.9990328550338745, 0.9970405101776123, 2.2855217456817627, 0.9874943494796753, 0.9973970651626587, 0.9977024793624878, 0.9926124215126038, 1.001656413078308, 0.9844926595687866, 0.9858154654502869]","[1.011328101158142, 1.003529667854309, 1.0067203044891357, 2.2063634395599365, 0.9982843399047852, 1.0007578134536743, 0.9995208382606506, 1.0062508583068848, 0.9885942339897156, 0.9975910782814026]","[1.0082591772079468, 1.0025079250335693, 1.0096584558486938, 0.996870756149292, 2.2091426849365234, 0.9997109770774841, 0.9977729916572571, 1.0089701414108276, 0.9909249544143677, 0.995408296585083]","[0.9999631643295288, 0.9936568737030029, 0.9954811930656433, 0.9908735156059265, 0.9918708205223083, 2.285797119140625, 0.9934742450714111, 1.008731722831726, 0.9860116839408875, 0.9835497736930847]","[1.0070995092391968, 1.0096851587295532, 1.0067448616027832, 0.996590793132782, 0.9988120198249817, 1.0012431144714355, 2.2200098037719727, 1.0155888795852661, 0.981499433517456, 0.987140417098999]","[1.0016725063323975, 0.9991465210914612, 1.004059910774231, 0.9987571239471436, 0.995075523853302, 0.9917134046554565, 0.9887505769729614, 2.2713377475738525, 0.9863908886909485, 0.9911479949951172]","[1.0048718452453613, 1.008594036102295, 1.0041520595550537, 1.0000383853912354, 1.0076175928115845, 1.0030851364135742, 1.0125608444213867, 1.0151299238204956, 2.1646218299865723, 0.9954120516777039]","[1.0137015581130981, 1.000048041343689, 1.0136263370513916, 0.9938430786132812, 0.9993939399719238, 1.0055261850357056, 1.0042287111282349, 1.0103468894958496, 0.9898014068603516, 2.1890926361083984]"
0,0.4,0.3,trainable,paper,"[2.3205370903015137, 0.9930672645568848, 0.9987456798553467, 0.9879571199417114, 0.9938018918037415, 0.9931545853614807, 0.9905696511268616, 0.9927198886871338, 0.9782567620277405, 0.9849114418029785]","[1.0075509548187256, 2.24177622795105, 0.9994257092475891, 0.9939550757408142, 1.0032511949539185, 1.001617193222046, 0.9936966896057129, 0.9965667724609375, 0.9851051568984985, 1.0001493692398071]","[0.9991129636764526, 0.9982057809829712, 2.3025717735290527, 0.9882972240447998, 0.9991776347160339, 0.9984880685806274, 0.9909002780914307, 0.9920392036437988, 0.9749090671539307, 0.9886032342910767]","[1.0104812383651733, 1.0000382661819458, 1.0043524503707886, 2.234304428100586, 1.002929449081421, 1.0020155906677246, 0.9955770969390869, 0.9947811961174011, 0.98017418384552, 0.9989067912101746]","[1.0043736696243286, 0.9987728595733643, 1.0057687759399414, 0.9913842082023621, 2.247084617614746, 0.998345136642456, 0.997545063495636, 1.0002857446670532, 0.9840577840805054, 0.9961193799972534]","[0.9986937046051025, 0.9939072132110596, 0.9934810400009155, 0.9876691699028015, 0.9943963289260864, 2.3075883388519287, 0.991715669631958, 0.9980206489562988, 0.9772784113883972, 0.9891690015792847]","[1.0069856643676758, 1.0104535818099976, 1.006536841392517, 1.0004764795303345, 0.9980347156524658, 1.0025966167449951, 2.2537152767181396, 0.9946535229682922, 0.9653058052062988, 0.9930792450904846]","[1.00429368019104, 1.0005884170532227, 1.0070041418075562, 1.0042468309402466, 0.9982508420944214, 0.9967051148414612, 1.003932237625122, 2.2359731197357178, 0.9746891856193542, 0.999322772026062]","[1.005642056465149, 1.0102136135101318, 1.0065972805023193, 1.0027906894683838, 1.0093460083007812, 1.0074012279510498, 1.0239826440811157, 1.0169224739074707, 2.138101577758789, 0.9971716403961182]","[1.0111234188079834, 0.9990466237068176, 1.0090858936309814, 0.9915158152580261, 0.9991825819015503, 1.000935673713684, 0.9978768229484558, 0.9990264177322388, 0.9841176867485046, 2.231398344039917]"
0,0.4,0.1,trainable,paper,"[2.3323476314544678, 0.9912450313568115, 0.9944106340408325, 0.9868980646133423, 0.9916753172874451, 0.988510012626648, 0.9877387285232544, 0.9893523454666138, 0.9842571020126343, 0.987751305103302]","[1.0059430599212646, 2.258955717086792, 0.9929879903793335, 0.9924452304840088, 0.9997830986976624, 0.9970970153808594, 0.9895734190940857, 0.9936276078224182, 0.990134596824646, 1.0043500661849976]","[0.999352216720581, 1.0004308223724365, 2.303175687789917, 0.9896296262741089, 0.9950748085975647, 0.9942494034767151, 0.9862300753593445, 0.989933967590332, 0.9804942607879639, 0.9925206899642944]","[1.009203314781189, 0.9994936585426331, 0.9998123645782471, 2.256305456161499, 0.9972704648971558, 0.9932569861412048, 0.9900120496749878, 0.9912154674530029, 0.986794114112854, 1.0017354488372803]","[1.001988172531128, 0.9973477721214294, 1.0049797296524048, 0.9943907856941223, 2.249702215194702, 0.9940640330314636, 0.9941759705543518, 0.9983329176902771, 0.9876092672348022, 1.0005664825439453]","[0.9984261393547058, 0.9940938353538513, 0.9924303293228149, 0.9924983978271484, 0.9930610656738281, 2.3062517642974854, 0.9880394339561462, 0.9932993650436401, 0.9840448498725891, 0.9882498979568481]","[1.0041964054107666, 1.0091649293899536, 1.0042123794555664, 1.002233862876892, 0.994684100151062, 0.9999040365219116, 2.2372007369995117, 0.9922996759414673, 0.9764596223831177, 1.004886269569397]","[1.003007173538208, 0.99903804063797, 1.0041073560714722, 1.0042911767959595, 0.9944700598716736, 0.9948995113372803, 0.9997594356536865, 2.2330715656280518, 0.9854868650436401, 1.0035964250564575]","[0.9991861581802368, 1.0059595108032227, 0.9995460510253906, 0.9977494478225708, 1.0060747861862183, 0.9994522333145142, 1.010414719581604, 1.0050891637802124, 2.2000410556793213, 0.995624840259552]","[1.007644534111023, 0.9944068193435669, 1.0033832788467407, 0.9884777665138245, 0.9934631586074829, 0.9996965527534485, 0.9831582903862, 0.9932924509048462, 0.9878534078598022, 2.277177333831787]"
0,0.4,0.03,trainable,paper,"[2.3457233905792236, 0.9876924753189087, 0.9939939975738525, 0.9874016046524048, 0.9883386492729187, 0.9880316853523254, 0.9850196838378906, 0.9883657693862915, 0.9755795001983643, 0.9974021315574646]","[1.0070582628250122, 2.2372493743896484, 0.9948694109916687, 0.9961049556732178, 1.0002539157867432, 0.9996999502182007, 0.9896631836891174, 0.9964337348937988, 0.9837930798530579, 1.0209393501281738]","[0.996833086013794, 0.9959531426429749, 2.3229429721832275, 0.9905562996864319, 0.9911922216415405, 0.9930732846260071, 0.9832016229629517, 0.9890652298927307, 0.970430850982666, 1.0031805038452148]","[1.0072941780090332, 0.9936515092849731, 0.998177170753479, 2.281074047088623, 0.9936237335205078, 0.9913358092308044, 0.9865448474884033, 0.9903607368469238, 0.9750706553459167, 1.0159286260604858]","[1.0023677349090576, 0.9939841032028198, 1.0066778659820557, 0.9960161447525024, 2.2614004611968994, 0.9911936521530151, 0.9894896149635315, 0.997746467590332, 0.9794076681137085, 1.009474754333496]","[0.9957777261734009, 0.988897979259491, 0.991766631603241, 0.99216228723526, 0.9924404621124268, 2.3255317211151123, 0.9856531023979187, 0.9908740520477295, 0.9725298881530762, 0.9997494220733643]","[1.0033472776412964, 1.006653070449829, 1.0047303438186646, 1.0043257474899292, 0.9948828816413879, 0.9995309710502625, 2.2545104026794434, 0.9909656047821045, 0.9537168741226196, 1.0316132307052612]","[1.0008571147918701, 0.9936841726303101, 1.0031203031539917, 1.0032967329025269, 0.9927002191543579, 0.9945936799049377, 0.9982635974884033, 2.2577433586120605, 0.9644801616668701, 1.0279593467712402]","[0.9994813203811646, 1.004417896270752, 1.0015759468078613, 1.0026812553405762, 1.0069159269332886, 1.003806471824646, 1.024355173110962, 1.0182896852493286, 2.179621696472168, 0.9856042265892029]","[1.0016041994094849, 0.9837213754653931, 0.9968996047973633, 0.9788649082183838, 0.987808108329773, 0.9915269613265991, 0.9580756425857544, 0.9715587496757507, 0.9945959448814392, 2.389162302017212]"
0,0.4,0.01,trainable,paper,"[2.368480920791626, 0.986859142780304, 0.9946516752243042, 0.9862574338912964, 0.9808189868927002, 0.9864094257354736, 0.9859116077423096, 0.990447998046875, 0.9658039808273315, 0.9980567097663879]","[1.0060268640518188, 2.2572011947631836, 0.9946349263191223, 0.9975107312202454, 0.9919280409812927, 0.9983397126197815, 0.9905607104301453, 1.000226378440857, 0.9727385640144348, 1.0227851867675781]","[0.9956801533699036, 0.9936615228652954, 2.3487024307250977, 0.9911738038063049, 0.9848337769508362, 0.9905408620834351, 0.9827916026115417, 0.9921671748161316, 0.9586755633354187, 1.0064318180084229]","[1.0077942609786987, 0.9907492995262146, 0.9971803426742554, 2.3085248470306396, 0.9844285845756531, 0.9891128540039062, 0.9882335662841797, 0.9945132732391357, 0.9620285034179688, 1.0206791162490845]","[1.0105971097946167, 0.9989955425262451, 1.011885643005371, 1.0031611919403076, 2.2254319190979004, 0.9937754273414612, 0.9920119047164917, 1.005030632019043, 0.9734920263290405, 1.0131185054779053]","[0.9955570101737976, 0.9875075817108154, 0.9918799996376038, 0.9923962950706482, 0.9862523078918457, 2.3414113521575928, 0.9875633716583252, 0.9921649694442749, 0.9617792963981628, 1.0053000450134277]","[1.0018494129180908, 1.0043126344680786, 1.003882884979248, 1.0033128261566162, 0.9907700419425964, 0.9965333342552185, 2.2998387813568115, 1.001695156097412, 0.9289778470993042, 1.0415663719177246]","[1.0002590417861938, 0.9904904365539551, 1.001524567604065, 1.0003433227539062, 0.9853829741477966, 0.9925586581230164, 0.9897711277008057, 2.3160481452941895, 0.9463411569595337, 1.0356452465057373]","[1.002963662147522, 1.00726318359375, 1.0048861503601074, 1.0091078281402588, 1.0046584606170654, 1.0062729120254517, 1.0411843061447144, 1.0298901796340942, 2.1496124267578125, 0.9846455454826355]","[1.0019595623016357, 0.9814651608467102, 0.9939409494400024, 0.9740305542945862, 0.9827569723129272, 0.9850078225135803, 0.9479879140853882, 0.9672907590866089, 0.9877166748046875, 2.447146415710449]"
0,0.4,0.003,trainable,paper,"[2.3719396591186523, 0.9867258071899414, 0.9955529570579529, 0.9822400808334351, 0.9781150221824646, 0.9903990030288696, 0.9927626848220825, 0.9909852147102356, 0.961132824420929, 0.9962051510810852]","[1.0021464824676514, 2.2781455516815186, 0.9944164156913757, 0.9919914603233337, 0.9873963594436646, 1.0015109777450562, 0.9967604875564575, 0.9991818070411682, 0.9643680453300476, 1.0212754011154175]","[0.9914256930351257, 0.9905568957328796, 2.366867780685425, 0.9874116778373718, 0.9822733998298645, 0.9945204257965088, 0.9900074601173401, 0.9919863343238831, 0.9504884481430054, 1.00479257106781]","[1.0093291997909546, 0.9952681660652161, 0.9986971020698547, 2.281308650970459, 0.9819726347923279, 0.9972054362297058, 1.0036500692367554, 0.9976462721824646, 0.956216037273407, 1.0221633911132812]","[1.0087379217147827, 1.0001215934753418, 1.010978102684021, 1.0029176473617554, 2.2358527183532715, 0.9938485026359558, 0.9967823624610901, 1.0044076442718506, 0.9651976227760315, 1.012834906578064]","[0.9899359345436096, 0.9838641881942749, 0.9869728088378906, 0.9841710925102234, 0.9841057658195496, 2.378167152404785, 0.9965664744377136, 0.9903706908226013, 0.9529504179954529, 1.003571629524231]","[0.9959371089935303, 0.999955952167511, 0.9986943602561951, 0.9936517477035522, 0.9865770936012268, 0.9908980131149292, 2.3819713592529297, 1.0024847984313965, 0.9099452495574951, 1.0410819053649902]","[0.9963861703872681, 0.9899475574493408, 1.0003082752227783, 0.9976151585578918, 0.9839643239974976, 0.9939629435539246, 0.9920259714126587, 2.353166103363037, 0.9305152893066406, 1.0376065969467163]","[0.9997437596321106, 1.0094653367996216, 1.006649136543274, 1.0092440843582153, 1.006386160850525, 1.010462760925293, 1.0577360391616821, 1.039564847946167, 2.147540807723999, 0.9780798554420471]","[0.9995307922363281, 0.9809710383415222, 0.9925283193588257, 0.9713545441627502, 0.9798650145530701, 0.9865398406982422, 0.9501718282699585, 0.9643449783325195, 0.9860599040985107, 2.459310531616211]"
0,0.4,0.001,trainable,paper,"[2.3761792182922363, 0.9863101840019226, 0.9934996962547302, 0.9824382662773132, 0.9760840535163879, 0.9880708456039429, 0.9917378425598145, 0.9899325966835022, 0.9591836929321289, 1.0053503513336182]","[0.9985806941986084, 2.2946484088897705, 0.9934889078140259, 0.9930716156959534, 0.984359860420227, 0.9976093173027039, 0.9946973323822021, 0.9972681999206543, 0.9603062272071838, 1.0306587219238281]","[0.9900749325752258, 0.9872504472732544, 2.3848559856414795, 0.9882587194442749, 0.9784635901451111, 0.9907436966896057, 0.9864758253097534, 0.9911765456199646, 0.9469058513641357, 1.012730598449707]","[1.005858302116394, 0.9917178153991699, 0.9953886270523071, 2.29754900932312, 0.9806185364723206, 0.9958043098449707, 1.0040518045425415, 0.9966493844985962, 0.9513635635375977, 1.034012794494629]","[1.0055750608444214, 0.998335063457489, 1.0104645490646362, 1.0014046430587769, 2.244262456893921, 0.9912365674972534, 0.9946874380111694, 1.004960060119629, 0.9626520872116089, 1.0233467817306519]","[0.9890429973602295, 0.9847028255462646, 0.9877088069915771, 0.9839999675750732, 0.9833068251609802, 2.362009048461914, 0.9966855049133301, 0.9937945008277893, 0.953046441078186, 1.0185298919677734]","[0.9932246804237366, 0.9984228610992432, 0.9989171028137207, 0.9921820163726807, 0.9841381907463074, 0.9884639382362366, 2.403611183166504, 1.0059558153152466, 0.9024022817611694, 1.061064600944519]","[0.9939770698547363, 0.990226686000824, 0.9984264969825745, 0.996272623538971, 0.9803414344787598, 0.9890678524971008, 0.9857277870178223, 2.3782553672790527, 0.9270898699760437, 1.0547186136245728]","[0.996216356754303, 1.0094845294952393, 1.0052111148834229, 1.0106643438339233, 1.0046809911727905, 1.0064339637756348, 1.0601726770401, 1.0387517213821411, 2.169356107711792, 0.9718972444534302]","[0.9919711947441101, 0.9735528826713562, 0.9859982132911682, 0.9608698487281799, 0.9703769683837891, 0.9765124917030334, 0.9303668141365051, 0.9505281448364258, 0.9910686016082764, 2.5796267986297607]"
4,0,10,trainable,paper,"[4.696908888490725e-07, 0.0, 0.0, 0.0, 0.0, 0.0, 0.0, 0.0, 0.0, 0.0]","[0.0, 1.3922613106842618e-05, 0.0, 0.0, 0.0, 0.0, 0.0, 0.0, 0.0, 0.0]","[0.0, 0.0, 1.6864711369635188e-06, 0.0, 0.0, 0.0, 0.0, 0.0, 0.0, 0.0]","[0.0, 0.0, 0.0, 1.8968204358316143e-06, 0.0, 0.0, 0.0, 0.0, 0.0, 0.0]","[0.0, 0.0, 0.0, 0.0, 3.080046099057654e-06, 0.0, 0.0, 0.0, 0.0, 0.0]","[0.0, 0.0, 0.0, 0.0, 0.0, 6.940564958313189e-07, 0.0, 0.0, 0.0, 0.0]","[0.0, 0.0, 0.0, 0.0, 0.0, 0.0, 1.3140164583091973e-06, 0.0, 0.0, 0.0]","[0.0, 0.0, 0.0, 0.0, 0.0, 0.0, 0.0, 2.853740284081141e-07, 0.0, 0.0]","[0.0, 0.0, 0.0, 0.0, 0.0, 0.0, 0.0, 0.0, 7.029735797914327e-07, 0.0]","[0.0, 0.0, 0.0, 0.0, 0.0, 0.0, 0.0, 0.0, 0.0, 2.1324976842151955e-06]"
4,0,3,trainable,paper,"[2.623779437271878e-06, 0.0, 0.0, 0.0, 0.0, 0.0, 0.0, 0.0, 0.0, 0.0]","[0.0, 5.0637700041988865e-06, 0.0, 0.0, 0.0, 0.0, 0.0, 0.0, 0.0, 0.0]","[0.0, 0.0, 3.7229015106277075e-06, 0.0, 0.0, 0.0, 0.0, 0.0, 0.0, 0.0]","[0.0, 0.0, 0.0, 6.64644903736189e-06, 0.0, 0.0, 0.0, 0.0, 0.0, 0.0]","[0.0, 0.0, 0.0, 0.0, 3.941109298466472e-06, 0.0, 0.0, 0.0, 0.0, 0.0]","[0.0, 0.0, 0.0, 0.0, 0.0, 4.2599867811077274e-06, 0.0, 0.0, 0.0, 0.0]","[0.0, 0.0, 0.0, 0.0, 0.0, 0.0, 4.909607469016919e-06, 0.0, 0.0, 0.0]","[0.0, 0.0, 0.0, 0.0, 0.0, 0.0, 0.0, 8.89180137164658e-06, 0.0, 0.0]","[0.0, 0.0, 0.0, 0.0, 0.0, 0.0, 0.0, 0.0, 3.611415650084382e-06, 0.0]","[0.0, 0.0, 0.0, 0.0, 0.0, 0.0, 0.0, 0.0, 0.0, 5.135223545948975e-06]"
4,0,1,trainable,paper,"[3.151451892335899e-06, 0.0, 0.0, 0.0, 0.0, 0.0, 0.0, 0.0, 0.0, 0.0]","[0.0, 6.780866442568367e-06, 0.0, 0.0, 0.0, 0.0, 0.0, 0.0, 0.0, 0.0]","[0.0, 0.0, 4.874700152868172e-06, 0.0, 0.0, 0.0, 0.0, 0.0, 0.0, 0.0]","[0.0, 0.0, 0.0, 6.326294624159345e-06, 0.0, 0.0, 0.0, 0.0, 0.0, 0.0]","[0.0, 0.0, 0.0, 0.0, 6.359402959787985e-06, 0.0, 0.0, 0.0, 0.0, 0.0]","[0.0, 0.0, 0.0, 0.0, 0.0, 7.1295485213340726e-06, 0.0, 0.0, 0.0, 0.0]","[0.0, 0.0, 0.0, 0.0, 0.0, 0.0, 2.9912903301010374e-06, 0.0, 0.0, 0.0]","[0.0, 0.0, 0.0, 0.0, 0.0, 0.0, 0.0, 3.2024254323914647e-06, 0.0, 0.0]","[0.0, 0.0, 0.0, 0.0, 0.0, 0.0, 0.0, 0.0, 5.945889824943151e-06, 0.0]","[0.0, 0.0, 0.0, 0.0, 0.0, 0.0, 0.0, 0.0, 0.0, 6.905764621478738e-06]"
4,0,0.3,trainable,paper,"[1.9307585716887843e-06, 0.0, 0.0, 0.0, 0.0, 0.0, 0.0, 0.0, 0.0, 0.0]","[0.0, 2.1696698695450323e-06, 0.0, 0.0, 0.0, 0.0, 0.0, 0.0, 0.0, 0.0]","[0.0, 0.0, 1.0966006129820016e-06, 0.0, 0.0, 0.0, 0.0, 0.0, 0.0, 0.0]","[0.0, 0.0, 0.0, 1.20362744837621e-06, 0.0, 0.0, 0.0, 0.0, 0.0, 0.0]","[0.0, 0.0, 0.0, 0.0, 1.9351825812918833e-06, 0.0, 0.0, 0.0, 0.0, 0.0]","[0.0, 0.0, 0.0, 0.0, 0.0, 2.5034557893377496e-06, 0.0, 0.0, 0.0, 0.0]","[0.0, 0.0, 0.0, 0.0, 0.0, 0.0, 1.6140061234182213e-06, 0.0, 0.0, 0.0]","[0.0, 0.0, 0.0, 0.0, 0.0, 0.0, 0.0, 1.126892129832413e-06, 0.0, 0.0]","[0.0, 0.0, 0.0, 0.0, 0.0, 0.0, 0.0, 0.0, 1.790341229934711e-06, 0.0]","[0.0, 0.0, 0.0, 0.0, 0.0, 0.0, 0.0, 0.0, 0.0, 2.031560370596708e-06]"
4,0,0.1,trainable,paper,"[2.404765382379992e-07, 0.0, 0.0, 0.0, 0.0, 0.0, 0.0, 0.0, 0.0, 0.0]","[0.0, 1.386945314152399e-07, 0.0, 0.0, 0.0, 0.0, 0.0, 0.0, 0.0, 0.0]","[0.0, 0.0, 2.564517558312218e-07, 0.0, 0.0, 0.0, 0.0, 0.0, 0.0, 0.0]","[0.0, 0.0, 0.0, 1.482323881418779e-07, 0.0, 0.0, 0.0, 0.0, 0.0, 0.0]","[0.0, 0.0, 0.0, 0.0, 2.3358634848591464e-07, 0.0, 0.0, 0.0, 0.0, 0.0]","[0.0, 0.0, 0.0, 0.0, 0.0, 3.6272308534535114e-07, 0.0, 0.0, 0.0, 0.0]","[0.0, 0.0, 0.0, 0.0, 0.0, 0.0, 3.320472785617312e-07, 0.0, 0.0, 0.0]","[0.0, 0.0, 0.0, 0.0, 0.0, 0.0, 0.0, 3.805466235462518e-07, 0.0, 0.0]","[0.0, 0.0, 0.0, 0.0, 0.0, 0.0, 0.0, 0.0, 2.8548120667437615e-07, 0.0]","[0.0, 0.0, 0.0, 0.0, 0.0, 0.0, 0.0, 0.0, 0.0, 7.404447615044774e-07]"
4,0,0.03,trainable,paper,"[3.571169145288877e-06, 0.0, 0.0, 0.0, 0.0, 0.0, 0.0, 0.0, 0.0, 0.0]","[0.0, 1.23411064123502e-06, 0.0, 0.0, 0.0, 0.0, 0.0, 0.0, 0.0, 0.0]","[0.0, 0.0, 4.030967375001637e-06, 0.0, 0.0, 0.0, 0.0, 0.0, 0.0, 0.0]","[0.0, 0.0, 0.0, 6.184785888763145e-06, 0.0, 0.0, 0.0, 0.0, 0.0, 0.0]","[0.0, 0.0, 0.0, 0.0, 1.7622030554775847e-06, 0.0, 0.0, 0.0, 0.0, 0.0]","[0.0, 0.0, 0.0, 0.0, 0.0, 8.014496870600851e-07, 0.0, 0.0, 0.0, 0.0]","[0.0, 0.0, 0.0, 0.0, 0.0, 0.0, 3.5150322219124064e-05, 0.0, 0.0, 0.0]","[0.0, 0.0, 0.0, 0.0, 0.0, 0.0, 0.0, 1.6924553847275092e-06, 0.0, 0.0]","[0.0, 0.0, 0.0, 0.0, 0.0, 0.0, 0.0, 0.0, 3.248010443712701e-06, 0.0]","[0.0, 0.0, 0.0, 0.0, 0.0, 0.0, 0.0, 0.0, 0.0, 6.18253125139745e-07]"
4,0,0.01,trainable,paper,"[2.8888482006550475e-07, 0.0, 0.0, 0.0, 0.0, 0.0, 0.0, 0.0, 0.0, 0.0]","[0.0, 1.0692651812860277e-05, 0.0, 0.0, 0.0, 0.0, 0.0, 0.0, 0.0, 0.0]","[0.0, 0.0, 2.0135225895501208e-06, 0.0, 0.0, 0.0, 0.0, 0.0, 0.0, 0.0]","[0.0, 0.0, 0.0, 2.3751688615902822e-07, 0.0, 0.0, 0.0, 0.0, 0.0, 0.0]","[0.0, 0.0, 0.0, 0.0, 5.79855452542688e-07, 0.0, 0.0, 0.0, 0.0, 0.0]","[0.0, 0.0, 0.0, 0.0, 0.0, 1.4534228398588311e-07, 0.0, 0.0, 0.0, 0.0]","[0.0, 0.0, 0.0, 0.0, 0.0, 0.0, 1.9101338693872094e-05, 0.0, 0.0, 0.0]","[0.0, 0.0, 0.0, 0.0, 0.0, 0.0, 0.0, 1.05298533981113e-06, 0.0, 0.0]","[0.0, 0.0, 0.0, 0.0, 0.0, 0.0, 0.0, 0.0, 9.001965736388229e-06, 0.0]","[0.0, 0.0, 0.0, 0.0, 0.0, 0.0, 0.0, 0.0, 0.0, 6.544324423884973e-05]"
4,0,0.003,trainable,paper,"[2.3367308585875435e-06, 0.0, 0.0, 0.0, 0.0, 0.0, 0.0, 0.0, 0.0, 0.0]","[0.0, 5.916479040024569e-06, 0.0, 0.0, 0.0, 0.0, 0.0, 0.0, 0.0, 0.0]","[0.0, 0.0, 1.81657117082068e-06, 0.0, 0.0, 0.0, 0.0, 0.0, 0.0, 0.0]","[0.0, 0.0, 0.0, 1.3734127605857793e-05, 0.0, 0.0, 0.0, 0.0, 0.0, 0.0]","[0.0, 0.0, 0.0, 0.0, 2.790781309158774e-06, 0.0, 0.0, 0.0, 0.0, 0.0]","[0.0, 0.0, 0.0, 0.0, 0.0, 4.236997938278364e-06, 0.0, 0.0, 0.0, 0.0]","[0.0, 0.0, 0.0, 0.0, 0.0, 0.0, 4.923042070004158e-06, 0.0, 0.0, 0.0]","[0.0, 0.0, 0.0, 0.0, 0.0, 0.0, 0.0, 5.745340331486659e-06, 0.0, 0.0]","[0.0, 0.0, 0.0, 0.0, 0.0, 0.0, 0.0, 0.0, 1.6638136912661139e-06, 0.0]","[0.0, 0.0, 0.0, 0.0, 0.0, 0.0, 0.0, 0.0, 0.0, 6.090394435886992e-06]"
4,0,0.001,trainable,paper,"[0.00019046817033085972, 0.0, 0.0, 0.0, 0.0, 0.0, 0.0, 0.0, 0.0, 0.0]","[0.0, 0.0002419123484287411, 0.0, 0.0, 0.0, 0.0, 0.0, 0.0, 0.0, 0.0]","[0.0, 0.0, 0.00014884627307765186, 0.0, 0.0, 0.0, 0.0, 0.0, 0.0, 0.0]","[0.0, 0.0, 0.0, 0.00023990166664589196, 0.0, 0.0, 0.0, 0.0, 0.0, 0.0]","[0.0, 0.0, 0.0, 0.0, 0.00021505479526240379, 0.0, 0.0, 0.0, 0.0, 0.0]","[0.0, 0.0, 0.0, 0.0, 0.0, 0.00018106050265487283, 0.0, 0.0, 0.0, 0.0]","[0.0, 0.0, 0.0, 0.0, 0.0, 0.0, 0.00017521514382679015, 0.0, 0.0, 0.0]","[0.0, 0.0, 0.0, 0.0, 0.0, 0.0, 0.0, 0.0002558886772021651, 0.0, 0.0]","[0.0, 0.0, 0.0, 0.0, 0.0, 0.0, 0.0, 0.0, 0.00021963758626952767, 0.0]","[0.0, 0.0, 0.0, 0.0, 0.0, 0.0, 0.0, 0.0, 0.0, 0.00019325832545291632]"
4,0.4,10,trainable,paper,"[2.237386465072632, 0.9967437982559204, 0.9967785477638245, 1.0004702806472778, 0.9993410706520081, 0.9951414465904236, 0.9963617920875549, 0.9992777705192566, 1.0014879703521729, 0.997465968132019]","[0.9976922869682312, 2.236076831817627, 0.9996702075004578, 1.0016255378723145, 1.0013879537582397, 1.0012115240097046, 0.9968438148498535, 0.9991123080253601, 0.993459939956665, 0.9935176372528076]","[1.003491997718811, 0.9976378083229065, 2.18463397026062, 1.0025498867034912, 1.0036540031433105, 1.0056023597717285, 0.9995853304862976, 1.0042195320129395, 1.008595585823059, 1.0048161745071411]","[1.0034167766571045, 1.0025862455368042, 1.001179814338684, 2.1955389976501465, 1.00205397605896, 0.9971110224723816, 1.0028682947158813, 1.0009900331497192, 1.0042122602462769, 1.005744457244873]","[1.0025660991668701, 1.0033115148544312, 1.0004690885543823, 1.003767967224121, 2.175359010696411, 1.0101182460784912, 1.0051213502883911, 1.0012966394424438, 1.0072393417358398, 1.004511833190918]","[0.9997786283493042, 0.9948077201843262, 0.9950408935546875, 1.0027847290039062, 0.994857907295227, 2.24247145652771, 0.9987198114395142, 0.9932227730751038, 0.9999986886978149, 0.9997331500053406]","[1.0048508644104004, 1.009986400604248, 1.0035080909729004, 1.0044324398040771, 1.0027645826339722, 1.0032222270965576, 2.1706202030181885, 1.005568265914917, 1.0058010816574097, 1.0023627281188965]","[1.0030349493026733, 1.004996657371521, 0.9982395172119141, 1.0050805807113647, 1.0077091455459595, 1.0070687532424927, 1.0016977787017822, 2.1788833141326904, 1.0009480714797974, 1.0065159797668457]","[0.9958160519599915, 1.0015981197357178, 0.9932500720024109, 0.9931941032409668, 0.9934189915657043, 0.9965010285377502, 0.9953110218048096, 0.9978890419006348, 2.261587619781494, 0.9951091408729553]","[0.9953399300575256, 1.0000109672546387, 0.994717538356781, 0.9984479546546936, 0.999564528465271, 0.9964908361434937, 0.9980617165565491, 0.9970719218254089, 0.9975083470344543, 2.2440483570098877]"
4,0.4,3,trainable,paper,"[2.2558369636535645, 0.995770275592804, 0.9933902621269226, 0.9969679117202759, 1.0001100301742554, 0.9887052774429321, 0.9978564977645874, 1.0011076927185059, 0.9957596063613892, 0.9977524280548096]","[0.9966201782226562, 2.24951434135437, 0.9981402158737183, 0.9977015256881714, 1.0027542114257812, 0.9937820434570312, 0.999447226524353, 1.0022807121276855, 0.9861533641815186, 0.9966267347335815]","[1.0042073726654053, 0.9966343641281128, 2.2017674446105957, 0.9984095692634583, 1.004686713218689, 0.998324453830719, 0.9999468922615051, 1.0072506666183472, 1.0006510019302368, 1.0049195289611816]","[1.0052103996276855, 1.0058448314666748, 1.002181887626648, 2.1835877895355225, 1.0021523237228394, 0.9948145747184753, 1.0039654970169067, 1.0049625635147095, 1.0030241012573242, 1.0091873407363892]","[0.9997088313102722, 0.9992791414260864, 0.996631920337677, 1.0016932487487793, 2.1985578536987305, 1.0092657804489136, 1.004142165184021, 1.0010404586791992, 1.0036083459854126, 1.0024683475494385]","[1.0050301551818848, 0.9992668628692627, 0.9996296763420105, 1.0030993223190308, 0.9937378764152527, 2.2168009281158447, 1.0062059164047241, 1.000597357749939, 0.9927569031715393, 1.0019971132278442]","[1.0014667510986328, 1.0060234069824219, 1.0012120008468628, 1.0025361776351929, 1.0027036666870117, 0.9965981841087341, 2.1975977420806885, 1.0063472986221313, 0.9971702098846436, 1.0045905113220215]","[1.0002073049545288, 1.0015569925308228, 0.9940022230148315, 1.0000890493392944, 1.007426142692566, 0.9990962743759155, 1.0010287761688232, 2.2182834148406982, 0.9915045499801636, 1.0061862468719482]","[0.9988198280334473, 1.0063540935516357, 0.99811190366745, 0.9930296540260315, 0.9954801797866821, 1.0035547018051147, 1.0019841194152832, 1.0061516761779785, 2.212331533432007, 1.0029711723327637]","[0.9933212399482727, 0.9965291619300842, 0.9920037388801575, 0.9946146607398987, 0.999719500541687, 0.9924288392066956, 0.995471715927124, 0.9979060292243958, 0.9893567562103271, 2.274467945098877]"
4,0.4,1,trainable,paper,"[2.2724974155426025, 0.9955554008483887, 0.9870027303695679, 0.9980598092079163, 1.0002574920654297, 0.9879061579704285, 0.9920110106468201, 1.0024847984313965, 0.9956047534942627, 0.9947762489318848]","[0.9939966797828674, 2.262006998062134, 0.9925295114517212, 1.0001604557037354, 1.0056525468826294, 0.9903053641319275, 0.9948149919509888, 1.0017778873443604, 0.9882108569145203, 0.9955658316612244]","[1.007608413696289, 0.9991337656974792, 2.1732285022735596, 1.0038886070251465, 1.0081230401992798, 0.9981092810630798, 0.997286856174469, 1.0123447179794312, 1.00815749168396, 1.0067671537399292]","[1.0004963874816895, 1.0003247261047363, 0.9958101511001587, 2.2162253856658936, 1.0036081075668335, 0.9928485751152039, 0.9978151917457581, 1.0053489208221436, 1.000646948814392, 1.0055526494979858]","[0.9963865876197815, 0.9945328831672668, 0.9920914173126221, 0.9988661408424377, 2.2260372638702393, 1.0056509971618652, 1.0022714138031006, 0.9992542266845703, 1.0045028924942017, 1.0003488063812256]","[1.00213623046875, 0.998907744884491, 0.9964137077331543, 1.0016406774520874, 0.9948539733886719, 2.227130174636841, 0.999923825263977, 1.0055521726608276, 0.9918212890625, 1.0018727779388428]","[1.0025579929351807, 1.006339430809021, 0.9995459318161011, 1.0047638416290283, 1.0005618333816528, 0.9975137710571289, 2.194509744644165, 1.0068544149398804, 1.0001778602600098, 1.0032662153244019]","[0.9966952204704285, 0.9995737671852112, 0.987008273601532, 0.9983152747154236, 1.0082287788391113, 0.9908247590065002, 0.996031641960144, 2.247014045715332, 0.9935430884361267, 1.0068591833114624]","[0.9976478219032288, 1.0022616386413574, 0.9925737977027893, 0.9938450455665588, 0.9939215779304504, 1.0024011135101318, 0.9956634044647217, 1.0029428005218506, 2.23642897605896, 1.0038011074066162]","[0.9939751625061035, 0.9959734678268433, 0.9882858395576477, 0.9956715106964111, 1.0002485513687134, 0.9886500239372253, 0.9927996397018433, 0.9949776530265808, 0.9873639941215515, 2.2904999256134033]"
4,0.4,0.3,trainable,paper,"[2.286484479904175, 0.9954056143760681, 0.9895859956741333, 0.9971674084663391, 1.00068199634552, 0.9831618070602417, 0.9868491291999817, 0.9956622123718262, 0.997762143611908, 0.9956154227256775]","[0.9925020933151245, 2.281914472579956, 0.9931722283363342, 0.9973546862602234, 1.0058168172836304, 0.9844334125518799, 0.989643394947052, 0.9932546019554138, 0.9925218820571899, 0.997201144695282]","[1.0031946897506714, 0.9958890676498413, 2.2006728649139404, 1.0034478902816772, 1.0070050954818726, 0.992810070514679, 0.9919133186340332, 1.0037460327148438, 1.0121599435806274, 1.0077029466629028]","[0.9969987273216248, 0.9997460246086121, 0.9929817318916321, 2.227678060531616, 1.0045913457870483, 0.9919413328170776, 0.9961936473846436, 0.9995357394218445, 1.0038576126098633, 1.0069360733032227]","[0.9926667213439941, 0.9924845695495605, 0.9922316670417786, 0.9947246313095093, 2.2491095066070557, 1.0016006231307983, 1.0018086433410645, 0.9943175911903381, 1.004716396331787, 0.999292254447937]","[1.0025715827941895, 1.0013890266418457, 0.9981542229652405, 0.9975922703742981, 0.9951739311218262, 2.228428602218628, 0.9931278228759766, 0.9984533190727234, 0.9979460835456848, 1.0080887079238892]","[1.0037610530853271, 1.0077366828918457, 1.001755714416504, 1.0022627115249634, 0.9986277222633362, 0.9990938305854797, 2.1967248916625977, 0.9986132383346558, 1.0043864250183105, 1.0034595727920532]","[0.9995089173316956, 1.0051578283309937, 0.992653489112854, 1.000312328338623, 1.010957956314087, 0.9935948848724365, 1.0007089376449585, 2.1969127655029297, 1.0048936605453491, 1.0134528875350952]","[0.9955225586891174, 0.9990341663360596, 0.9894153475761414, 0.99057537317276, 0.9946557879447937, 0.9943708181381226, 0.9908850193023682, 0.9938187003135681, 2.270468235015869, 1.0073235034942627]","[0.991783857345581, 0.9940894246101379, 0.9860429763793945, 0.992128849029541, 1.0007057189941406, 0.9794495701789856, 0.9910197257995605, 0.9856392741203308, 0.9852105379104614, 2.329824209213257]"
4,0.4,0.1,trainable,paper,"[2.30098819732666, 0.9953877925872803, 0.991142213344574, 0.9976115226745605, 0.9950922727584839, 0.9817652702331543, 0.9830365180969238, 0.9918660521507263, 0.9939024448394775, 0.9999021291732788]","[0.9907609820365906, 2.3050782680511475, 0.9923481941223145, 0.9964963793754578, 1.0016000270843506, 0.9804350137710571, 0.9846163392066956, 0.9908942580223083, 0.9872497916221619, 1.0026485919952393]","[0.9994516372680664, 0.9947810769081116, 2.224716901779175, 1.0041061639785767, 1.0005710124969482, 0.9906997084617615, 0.9862996935844421, 0.9997565746307373, 1.0089726448059082, 1.0130772590637207]","[0.9931971430778503, 0.9979482293128967, 0.989147961139679, 2.2544281482696533, 1.0021077394485474, 0.9917391538619995, 0.9944315552711487, 0.9967987537384033, 0.9992117285728455, 1.004652500152588]","[0.9935749769210815, 0.9937838315963745, 0.9948757886886597, 0.9942506551742554, 2.2521770000457764, 1.000443935394287, 1.0024127960205078, 0.9928299188613892, 1.0008344650268555, 0.9976028800010681]","[1.0006033182144165, 1.002999186515808, 0.9969518184661865, 0.9943320751190186, 0.9915164709091187, 2.246466636657715, 0.9861636757850647, 0.9941508769989014, 0.9960894584655762, 1.0166995525360107]","[1.003414511680603, 1.0097551345825195, 1.003860354423523, 1.0005356073379517, 0.993330180644989, 1.0016813278198242, 2.1995935440063477, 0.9948925971984863, 1.0020079612731934, 1.0094783306121826]","[0.9996307492256165, 1.0039763450622559, 0.9926669597625732, 0.9993029236793518, 1.0076385736465454, 0.9931433796882629, 0.9992043375968933, 2.199303388595581, 1.0033595561981201, 1.0217835903167725]","[0.9957869052886963, 1.000947117805481, 0.9885404109954834, 0.9912062287330627, 0.9933599233627319, 0.9919421672821045, 0.9885470867156982, 0.9898920655250549, 2.2744500637054443, 1.0139483213424683]","[0.9874239563941956, 0.9896982908248901, 0.980585515499115, 0.9940040707588196, 1.0011110305786133, 0.9699585437774658, 0.9845395684242249, 0.9760303497314453, 0.9774970412254333, 2.390120029449463]"
4,0.4,0.03,trainable,paper,"[2.317110300064087, 0.9961236119270325, 0.9872084259986877, 0.9929562211036682, 0.9899380207061768, 0.9841286540031433, 0.9842380285263062, 0.9890359044075012, 0.9894238114356995, 1.0027364492416382]","[0.9886996150016785, 2.332305669784546, 0.987143874168396, 0.9902083873748779, 0.9955023527145386, 0.9823238253593445, 0.9844948053359985, 0.9874804615974426, 0.9821143746376038, 1.0060266256332397]","[1.0003855228424072, 0.9974362254142761, 2.235095262527466, 0.999369740486145, 0.9966254830360413, 0.9932773113250732, 0.9851222634315491, 0.9961687326431274, 1.0035204887390137, 1.0168641805648804]","[0.9935044646263123, 1.0007262229919434, 0.9885541796684265, 2.2641899585723877, 0.9985551238059998, 0.9896878004074097, 0.9927128553390503, 0.9958867430686951, 0.9966414570808411, 1.0045932531356812]","[0.9942759275436401, 0.9974015951156616, 0.9941394329071045, 0.9935340881347656, 2.2550301551818848, 1.0006029605865479, 1.0013755559921265, 0.9921178221702576, 0.9991118907928467, 0.9954228401184082]","[0.9957557916641235, 0.9998800158500671, 0.9909143447875977, 0.9925610423088074, 0.987317681312561, 2.2743916511535645, 0.9878702163696289, 0.9920229911804199, 0.9886103272438049, 1.0227729082107544]","[0.9996821880340576, 1.0087878704071045, 1.0021889209747314, 0.9991394877433777, 0.9910780191421509, 0.997581958770752, 2.2198197841644287, 0.9907175898551941, 0.9991747736930847, 1.0136312246322632]","[0.99957674741745, 1.0048850774765015, 0.9919075965881348, 0.9958004951477051, 1.004063606262207, 0.9918933510780334, 1.0002344846725464, 2.2098276615142822, 0.9972400665283203, 1.0282089710235596]","[0.9965855479240417, 1.0028014183044434, 0.988756000995636, 0.988325834274292, 0.9897811412811279, 0.9955714344978333, 0.9878349304199219, 0.990721583366394, 2.274698495864868, 1.0144840478897095]","[0.9838047623634338, 0.98682701587677, 0.974845826625824, 0.991500198841095, 1.0011435747146606, 0.9630886912345886, 0.9809848666191101, 0.9681875705718994, 0.9745299816131592, 2.439774513244629]"
4,0.4,0.01,trainable,paper,"[2.3321707248687744, 0.9941586852073669, 0.9860382080078125, 0.9909281730651855, 0.9866247773170471, 0.9886347651481628, 0.977921724319458, 0.9879474639892578, 0.9852234721183777, 1.0069836378097534]","[0.988066554069519, 2.3465945720672607, 0.9844294190406799, 0.9881189465522766, 0.9937219619750977, 0.9862818717956543, 0.9770694375038147, 0.9857421517372131, 0.9793658256530762, 1.011257529258728]","[0.9994664788246155, 0.9972101449966431, 2.2552711963653564, 0.9966235756874084, 0.9920119643211365, 0.9965034127235413, 0.9779488444328308, 0.9941698312759399, 0.9982104301452637, 1.0219758749008179]","[0.9927076697349548, 0.9995444416999817, 0.9868437051773071, 2.2695558071136475, 1.000886082649231, 0.9911566376686096, 0.9897723197937012, 0.9974409341812134, 0.994315505027771, 1.0037587881088257]","[0.9945358633995056, 0.9966671466827393, 0.9958097338676453, 0.9891865253448486, 2.267995834350586, 1.000307559967041, 1.0001858472824097, 0.9911296367645264, 0.9961355924606323, 0.9929216504096985]","[0.9899335503578186, 0.9953544735908508, 0.9864538908004761, 0.988955020904541, 0.9852754473686218, 2.32053804397583, 0.9770588874816895, 0.9895520806312561, 0.9818401336669922, 1.0278228521347046]","[1.0014971494674683, 1.0116019248962402, 1.005065679550171, 0.9966773390769958, 0.9867438077926636, 1.0044965744018555, 2.215174674987793, 0.9885988831520081, 0.9950992465019226, 1.020925760269165]","[0.9980219602584839, 1.0033776760101318, 0.9908033013343811, 0.9914804697036743, 1.0014894008636475, 0.9927594661712646, 0.9975101947784424, 2.2280023097991943, 0.9909173846244812, 1.0355628728866577]","[0.9973868131637573, 1.0013436079025269, 0.9895908236503601, 0.9852356314659119, 0.9878830313682556, 0.9998990893363953, 0.9859907627105713, 0.9923038482666016, 2.27545166015625, 1.0160785913467407]","[0.9786231517791748, 0.9814462065696716, 0.9688501358032227, 0.9910181164741516, 1.002362847328186, 0.959214985370636, 0.9709064960479736, 0.9602695107460022, 0.9706630706787109, 2.4990739822387695]"
4,0.4,0.003,trainable,paper,"[2.3545453548431396, 0.9947654008865356, 0.9897332191467285, 0.9842837452888489, 0.9806417226791382, 0.9882262349128723, 0.9762680530548096, 0.9871237874031067, 0.982399582862854, 1.0019525289535522]","[0.9862876534461975, 2.370149850845337, 0.9881494641304016, 0.9826507568359375, 0.9868071675300598, 0.9836465716362, 0.9756142497062683, 0.987156867980957, 0.9748861193656921, 1.0091466903686523]","[0.9967877268791199, 0.994200587272644, 2.2942535877227783, 0.9898809194564819, 0.9867075681686401, 0.9927707314491272, 0.9760382175445557, 0.9938886165618896, 0.992434024810791, 1.0166696310043335]","[0.9977748394012451, 1.00197434425354, 0.996486246585846, 2.2366409301757812, 1.000064492225647, 0.9945138096809387, 0.9928854703903198, 1.0015076398849487, 0.9954253435134888, 1.0037065744400024]","[0.9964947700500488, 1.0004432201385498, 0.9999644756317139, 0.9858682751655579, 2.2637903690338135, 1.0007498264312744, 1.00063157081604, 0.9928717017173767, 0.9923813939094543, 0.9920053482055664]","[0.9879111647605896, 0.996337890625, 0.9903911352157593, 0.9831085205078125, 0.980687141418457, 2.344020128250122, 0.9767403602600098, 0.9893180131912231, 0.9764592051506042, 1.0191723108291626]","[1.0018529891967773, 1.0122565031051636, 1.0076249837875366, 0.9914437532424927, 0.9825528860092163, 1.0023999214172363, 2.234485149383545, 0.9872316122055054, 0.9899775981903076, 1.0196173191070557]","[0.9973714351654053, 1.0003533363342285, 0.9905880689620972, 0.9860404133796692, 0.9963948130607605, 0.9904663562774658, 0.9979650378227234, 2.254509687423706, 0.9867895841598511, 1.0324268341064453]","[0.9971460103988647, 1.0021625757217407, 0.9936496615409851, 0.979582667350769, 0.9861887097358704, 1.0014718770980835, 0.9880847930908203, 0.9920871257781982, 2.2775001525878906, 1.0146551132202148]","[0.9797722697257996, 0.9808923006057739, 0.9728338122367859, 0.9876381158828735, 0.9975713491439819, 0.9636949300765991, 0.9703003168106079, 0.960308849811554, 0.966602623462677, 2.4990155696868896]"
4,0.4,0.001,trainable,paper,"[2.3839900493621826, 0.9947507381439209, 0.9841496348381042, 0.9780949950218201, 0.9805624485015869, 0.9855924248695374, 0.9729276299476624, 0.9829725623130798, 0.9810089468955994, 1.001558542251587]","[0.9853087067604065, 2.3906478881835938, 0.9832926392555237, 0.9762277603149414, 0.9883819818496704, 0.9812222123146057, 0.9716308116912842, 0.9864648580551147, 0.974799394607544, 1.0120772123336792]","[1.0003244876861572, 0.9958609342575073, 2.3023462295532227, 0.985309898853302, 0.9879235625267029, 0.9895506501197815, 0.9738696813583374, 0.9893009066581726, 0.9942116737365723, 1.0176544189453125]","[1.0008670091629028, 1.0042349100112915, 0.995560884475708, 2.247215509414673, 0.998341977596283, 0.993048369884491, 0.9889211058616638, 0.9977988004684448, 0.9960117936134338, 1.000852108001709]","[0.9951763153076172, 0.9973317980766296, 0.9956455230712891, 0.9846176505088806, 2.286590814590454, 0.9978812336921692, 0.9972083568572998, 0.9926319718360901, 0.9902459979057312, 0.9904581308364868]","[0.9876165986061096, 0.9957979917526245, 0.9886758923530579, 0.9795475006103516, 0.9803019165992737, 2.353707790374756, 0.9731504321098328, 0.9844555854797363, 0.9809537529945374, 1.024018406867981]","[1.0023484230041504, 1.0129841566085815, 1.0051732063293457, 0.9907823801040649, 0.9824721813201904, 1.0011217594146729, 2.2350661754608154, 0.9881218075752258, 0.9905248880386353, 1.0226566791534424]","[0.9994054436683655, 0.997822105884552, 0.9906436800956726, 0.9852554798126221, 0.9935367107391357, 0.9906991124153137, 0.9923892021179199, 2.26334810256958, 0.9884805083274841, 1.0333912372589111]","[0.9981570243835449, 1.000624418258667, 0.9885683655738831, 0.9755260348320007, 0.9863334894180298, 0.9941056966781616, 0.9843962788581848, 0.9873018264770508, 2.3043720722198486, 1.0189012289047241]","[0.979460597038269, 0.9773757457733154, 0.9689900875091553, 0.9868459105491638, 0.9978697299957275, 0.9562863111495972, 0.965039074420929, 0.9568986892700195, 0.9617413878440857, 2.541699171066284]"
1,0.4,10,trainable,paper,"[2.221961736679077, 1.0020997524261475, 1.0013126134872437, 1.0019710063934326, 1.0021939277648926, 0.9978194832801819, 1.0020390748977661, 0.9916218519210815, 0.9976925849914551, 1.000308871269226]","[0.9993041157722473, 2.2135045528411865, 1.0008158683776855, 1.0053068399429321, 1.0027596950531006, 0.998869776725769, 0.9993293285369873, 0.9957104325294495, 1.0003665685653687, 1.001804232597351]","[0.9961257576942444, 0.9996126294136047, 2.221536874771118, 1.0047496557235718, 1.0040788650512695, 1.0005472898483276, 0.9985653758049011, 0.9944813251495361, 1.001484990119934, 0.9977508783340454]","[1.0061522722244263, 0.9984560608863831, 1.0009599924087524, 2.19037127494812, 1.008443832397461, 1.001757025718689, 1.004957914352417, 0.9992401599884033, 1.0022311210632324, 1.0028218030929565]","[0.9993032813072205, 0.9976717829704285, 0.9960946440696716, 0.9998992085456848, 2.2443549633026123, 0.996702253818512, 0.996712327003479, 0.9932390451431274, 0.9979974627494812, 0.9993953704833984]","[0.9991418123245239, 1.0030916929244995, 0.9992137551307678, 1.0009078979492188, 1.0040526390075684, 2.213805913925171, 1.0040907859802246, 0.9943240880966187, 1.0019822120666504, 0.9974099397659302]","[0.9990484118461609, 1.005599021911621, 0.9999065399169922, 0.9987044930458069, 1.001871943473816, 0.9943553805351257, 2.2233173847198486, 0.995617687702179, 1.002670168876648, 0.9980747699737549]","[1.0004714727401733, 1.003757119178772, 1.0005730390548706, 0.9964300394058228, 1.0059372186660767, 0.9986993074417114, 0.9972810745239258, 2.2101640701293945, 1.0027053356170654, 1.001801609992981]","[1.001424789428711, 1.0026689767837524, 0.9995124340057373, 1.0025088787078857, 1.004786491394043, 0.995741069316864, 0.9991962313652039, 0.9891703724861145, 2.219038963317871, 1.0053492784500122]","[0.9975352883338928, 1.0047606229782104, 1.0008949041366577, 1.0013612508773804, 1.00131094455719, 1.0001461505889893, 1.0030423402786255, 0.9952825307846069, 0.997502863407135, 2.216343402862549]"
1,0.4,3,trainable,paper,"[2.243215560913086, 1.0000498294830322, 0.9981532096862793, 0.9995819926261902, 0.9955837726593018, 0.9934755563735962, 1.0004680156707764, 0.9943864941596985, 1.0001115798950195, 0.996311366558075]","[0.9992504119873047, 2.2286343574523926, 0.998049795627594, 1.0056450366973877, 0.996770441532135, 0.9936652779579163, 0.9996044039726257, 0.9987464547157288, 1.000661015510559, 0.9986690282821655]","[0.998092770576477, 0.9992392659187317, 2.234118700027466, 1.0036522150039673, 0.9976773858070374, 0.9943832755088806, 0.998469889163971, 0.9969131946563721, 1.0016096830368042, 0.9960762858390808]","[1.0061471462249756, 0.9958851337432861, 1.0002413988113403, 2.2100327014923096, 1.0009688138961792, 0.9971200823783875, 1.0030975341796875, 1.0010850429534912, 1.0016446113586426, 1.0012503862380981]","[1.0062590837478638, 1.000988483428955, 1.00054132938385, 1.0038763284683228, 2.210662364959717, 0.993046760559082, 1.0003740787506104, 1.000852108001709, 1.0035264492034912, 0.9977161884307861]","[1.0025006532669067, 1.0067167282104492, 1.0046368837356567, 1.0041762590408325, 1.0063601732254028, 2.1735305786132812, 1.0067574977874756, 0.9999083280563354, 1.0121291875839233, 0.9975776672363281]","[0.9986611604690552, 1.001568078994751, 0.9980635046958923, 0.9981465339660645, 0.9961526989936829, 0.9900857210159302, 2.2372162342071533, 1.000113844871521, 1.0031917095184326, 0.9977213740348816]","[0.9976621866226196, 0.9989541172981262, 0.9969329237937927, 0.9941919445991516, 0.9977163672447205, 0.9924691915512085, 0.9913325905799866, 2.248002767562866, 1.0069040060043335, 0.9984489679336548]","[0.9998374581336975, 1.000760793685913, 0.9987396597862244, 1.0030039548873901, 0.9987922310829163, 0.9885702729225159, 0.9967018961906433, 0.9857010841369629, 2.247225761413574, 1.0043919086456299]","[0.9995136260986328, 1.004417896270752, 0.9997262358665466, 0.9994235634803772, 0.9997069835662842, 0.9972352981567383, 0.9997369647026062, 0.9974027872085571, 0.9970793128013611, 2.2247185707092285]"
1,0.4,1,trainable,paper,"[2.262136936187744, 0.9968942403793335, 0.9937705993652344, 0.9974848628044128, 0.9925717711448669, 0.9892261028289795, 1.000359058380127, 0.9948645234107971, 1.0000659227371216, 0.9967080354690552]","[0.9988257884979248, 2.2459447383880615, 0.9943722486495972, 1.0035841464996338, 0.9930531978607178, 0.988890528678894, 1.000483512878418, 0.9984375238418579, 1.001349687576294, 0.9974310994148254]","[0.9990990161895752, 0.9983793497085571, 2.2367660999298096, 1.0026118755340576, 0.9939544200897217, 0.9893506765365601, 1.000043272972107, 1.00089693069458, 1.0047852993011475, 0.995436429977417]","[1.004941463470459, 0.9953016042709351, 0.9974475502967834, 2.2208189964294434, 0.9972214102745056, 0.9933010935783386, 1.0048960447311401, 1.0011519193649292, 1.004284143447876, 0.9998524188995361]","[1.0045132637023926, 1.0017296075820923, 1.0002144575119019, 1.0027018785476685, 2.217575788497925, 0.9886134266853333, 1.0012457370758057, 1.0040297508239746, 1.0034619569778442, 0.9952414035797119]","[1.0030696392059326, 1.0077226161956787, 1.005551815032959, 1.0037336349487305, 1.005638599395752, 2.181180953979492, 1.004133701324463, 1.0005483627319336, 1.0101618766784668, 0.9939337372779846]","[0.9970449209213257, 0.9979683756828308, 0.9938260912895203, 0.9938763380050659, 0.9918730854988098, 0.9890570044517517, 2.260349750518799, 1.0027822256088257, 1.0032919645309448, 0.9942493438720703]","[0.9958541989326477, 0.9965671300888062, 0.9902054071426392, 0.9921765327453613, 0.9908778667449951, 0.9878348708152771, 0.987349808216095, 2.2779715061187744, 1.0092955827713013, 0.9999342560768127]","[0.9989840388298035, 0.9972619414329529, 0.9924508929252625, 0.999313473701477, 0.9964040517807007, 0.9891432523727417, 0.9947085380554199, 0.9822278618812561, 2.2782695293426514, 0.9991293549537659]","[0.9953429698944092, 1.0029650926589966, 0.9973708391189575, 0.9968239068984985, 0.9988959431648254, 0.9964836239814758, 1.0007399320602417, 0.9940323829650879, 1.0008283853530884, 2.237262725830078]"
1,0.4,0.3,trainable,paper,"[2.274693489074707, 0.9972312450408936, 0.9945725798606873, 0.9984768629074097, 0.9906508922576904, 0.9887968301773071, 0.9948410987854004, 0.9929973483085632, 1.001957654953003, 0.9917927384376526]","[0.9944299459457397, 2.259516954421997, 0.9955662488937378, 1.0060617923736572, 0.9938480854034424, 0.9911180734634399, 0.994675874710083, 0.9954221248626709, 1.0009201765060425, 0.9925857186317444]","[0.9957411289215088, 0.9943323731422424, 2.2665650844573975, 1.0042325258255005, 0.9915017485618591, 0.9908105134963989, 0.9917216300964355, 0.997014582157135, 1.0059716701507568, 0.9879995584487915]","[1.0010168552398682, 0.9908046722412109, 0.9949318766593933, 2.2451324462890625, 0.9959437251091003, 0.9954490065574646, 1.0014550685882568, 0.9971433877944946, 1.0060523748397827, 0.9943744540214539]","[1.0030137300491333, 0.9990537166595459, 1.0009758472442627, 1.0010384321212769, 2.241473913192749, 0.9899629354476929, 0.9941494464874268, 0.9984142780303955, 1.0028175115585327, 0.9911143183708191]","[1.0010393857955933, 1.0031176805496216, 1.002634048461914, 0.9999536275863647, 1.001937747001648, 2.2126412391662598, 1.001440167427063, 0.9951279163360596, 1.0082497596740723, 0.9926754832267761]","[0.9988023638725281, 0.9991510510444641, 0.9990033507347107, 0.9938179850578308, 0.9955363869667053, 0.988192081451416, 2.2616233825683594, 0.996480405330658, 1.002137541770935, 0.989668607711792]","[0.9940141439437866, 0.9944993853569031, 0.990818202495575, 0.9934754371643066, 0.9930688142776489, 0.9892807006835938, 0.9881662130355835, 2.27896785736084, 1.012224793434143, 0.9936802387237549]","[0.9954100251197815, 0.9945722818374634, 0.9895426630973816, 0.9972805976867676, 0.995780348777771, 0.9909490942955017, 0.9920099377632141, 0.9764664173126221, 2.306217670440674, 0.9945854544639587]","[0.994732677936554, 1.0033444166183472, 1.0006945133209229, 0.9983454346656799, 0.9995978474617004, 0.9937745928764343, 0.9996277093887329, 0.9953564405441284, 1.0021867752075195, 2.2331597805023193]"
1,0.4,0.1,trainable,paper,"[2.2884812355041504, 0.9927237033843994, 0.9932688474655151, 0.9964935779571533, 0.991431713104248, 0.9911333322525024, 0.993614912033081, 0.9890143871307373, 0.9964739680290222, 0.9947425127029419]","[0.9951048493385315, 2.2757372856140137, 0.9931076169013977, 1.005244255065918, 0.9959020018577576, 0.9917622208595276, 0.9928616881370544, 0.9882020950317383, 0.9929842948913574, 0.9954257011413574]","[0.9936282634735107, 0.9930593967437744, 2.283486843109131, 1.0038201808929443, 0.9924176931381226, 0.9935043454170227, 0.9875560402870178, 0.9907652139663696, 1.000580072402954, 0.988910436630249]","[0.9999024271965027, 0.989557683467865, 0.9931875467300415, 2.265002727508545, 0.99605792760849, 0.9963008761405945, 0.9978386759757996, 0.9915907979011536, 1.000156283378601, 0.9948533177375793]","[0.9993253946304321, 0.9957423210144043, 0.9978631138801575, 0.9981867671012878, 2.269976854324341, 0.9906589984893799, 0.9921343922615051, 0.9925025105476379, 0.9974485635757446, 0.99116450548172]","[0.9964844584465027, 1.0001819133758545, 0.9978238940238953, 0.9972040057182312, 0.9997730851173401, 2.2436916828155518, 1.0002870559692383, 0.9884076714515686, 1.0053712129592896, 0.9931691884994507]","[0.9975413084030151, 0.997960090637207, 1.0002624988555908, 0.9949436783790588, 0.9957232475280762, 0.986875593662262, 2.281142473220825, 0.9876855611801147, 0.9934663772583008, 0.9914118647575378]","[0.9934268593788147, 0.9959017634391785, 0.9917914867401123, 0.9950253963470459, 0.9949671626091003, 0.9913156628608704, 0.9918396472930908, 2.2672371864318848, 1.0031894445419312, 1.0003840923309326]","[0.9959909319877625, 0.996167004108429, 0.988985538482666, 0.9991320371627808, 0.9969308972358704, 0.9909237623214722, 0.9946098327636719, 0.9784322381019592, 2.2866523265838623, 1.001706600189209]","[0.9897723197937012, 0.9995283484458923, 0.99812912940979, 0.9969455599784851, 0.9998100399971008, 0.9927786588668823, 0.9966322183609009, 0.9861489534378052, 0.9922786355018616, 2.2741878032684326]"
1,0.4,0.03,trainable,paper,"[2.308027505874634, 0.9895163178443909, 0.9950741529464722, 0.9930871725082397, 0.9896645545959473, 0.9907537698745728, 0.9950181841850281, 0.9898432493209839, 0.9939860105514526, 0.9855814576148987]","[0.9966321587562561, 2.2992799282073975, 0.9947844743728638, 1.0022242069244385, 0.9944475293159485, 0.9889317154884338, 0.9939535856246948, 0.9897716045379639, 0.9869374632835388, 0.9832309484481812]","[0.9909010529518127, 0.9894021153450012, 2.315385341644287, 0.9991805553436279, 0.9907593727111816, 0.9897909760475159, 0.9900513887405396, 0.9935111403465271, 0.9947798252105713, 0.9788844585418701]","[1.0010402202606201, 0.9896337389945984, 0.99653559923172, 2.2763466835021973, 0.9942845702171326, 0.9946331977844238, 0.9988722205162048, 0.9926856160163879, 0.9978331327438354, 0.9847011566162109]","[0.9996853470802307, 0.995766818523407, 0.9989227652549744, 0.9971810579299927, 2.295529365539551, 0.9865574836730957, 0.9917170405387878, 0.9948725700378418, 0.9907745718955994, 0.9791855812072754]","[0.9951725602149963, 1.000416874885559, 0.999243438243866, 0.9956862926483154, 1.0011591911315918, 2.2546896934509277, 0.9979867339134216, 0.9906772375106812, 1.00400710105896, 0.9853455424308777]","[0.9952006340026855, 0.9954498410224915, 0.9976259469985962, 0.9926659464836121, 0.9952956438064575, 0.9867333769798279, 2.316457986831665, 0.989691436290741, 0.9861757159233093, 0.9777727723121643]","[0.9934368133544922, 0.99282306432724, 0.9894029498100281, 0.9929044246673584, 0.9919662475585938, 0.9868073463439941, 0.9904772043228149, 2.3134617805480957, 0.9946828484535217, 0.9851067662239075]","[0.9959615468978882, 0.9975374937057495, 0.9912662506103516, 0.9985820651054382, 1.000474452972412, 0.9888709187507629, 0.9984140992164612, 0.9851402640342712, 2.282400369644165, 0.9890846610069275]","[0.9949173331260681, 1.0065163373947144, 1.0032967329025269, 1.0031728744506836, 1.0087827444076538, 0.9954214692115784, 1.007988691329956, 1.000017762184143, 0.9987537860870361, 2.2001190185546875]"
1,0.4,0.01,trainable,paper,"[2.327100992202759, 0.9870923757553101, 0.9981511831283569, 0.9888437390327454, 0.9864860773086548, 0.9901830554008484, 0.9981496334075928, 0.9845350980758667, 0.9905866980552673, 0.9833657145500183]","[0.99659663438797, 2.322387456893921, 0.9973747730255127, 0.9975135922431946, 0.9912698864936829, 0.9897034168243408, 0.9965905547142029, 0.9817556142807007, 0.9815133810043335, 0.9800403118133545]","[0.9865226149559021, 0.9853009581565857, 2.354215621948242, 0.9934329986572266, 0.9886813163757324, 0.9886084794998169, 0.9927482604980469, 0.9865465760231018, 0.9907282590866089, 0.9727662801742554]","[1.0013246536254883, 0.9912735223770142, 1.0003799200057983, 2.276327610015869, 0.9914354085922241, 0.9952011108398438, 1.0019209384918213, 0.9915172457695007, 0.9951750040054321, 0.9826776385307312]","[0.9993394613265991, 0.9969263076782227, 0.9990032911300659, 0.9969426989555359, 2.3100979328155518, 0.9875895380973816, 0.9946121573448181, 0.987468421459198, 0.9882452487945557, 0.9734007120132446]","[0.9945973753929138, 0.9986669421195984, 0.9999716877937317, 0.9935241341590881, 0.9975563287734985, 2.280958652496338, 0.9981774687767029, 0.9836186766624451, 1.0021089315414429, 0.979926586151123]","[0.990737795829773, 0.9912461638450623, 0.9952117204666138, 0.9883187413215637, 0.9910494089126587, 0.9863236546516418, 2.35422682762146, 0.9843655228614807, 0.9826693534851074, 0.9748668670654297]","[0.9963950514793396, 0.9972100257873535, 0.9945396780967712, 0.992896556854248, 0.9965885877609253, 0.9951528310775757, 0.9946146607398987, 2.2829837799072266, 0.9895743131637573, 0.9869098663330078]","[0.996457040309906, 0.9988462328910828, 0.9924149513244629, 0.9989285469055176, 0.9997314810752869, 0.9896319508552551, 0.9991973042488098, 0.9865663647651672, 2.286600351333618, 0.9806732535362244]","[0.9934368133544922, 1.0066245794296265, 1.0066237449645996, 1.0009565353393555, 1.0101685523986816, 0.9980795383453369, 1.0076771974563599, 0.9952504634857178, 1.0031744241714478, 2.198115110397339]"
1,0.4,0.003,trainable,paper,"[2.3463540077209473, 0.9844725131988525, 1.0011539459228516, 0.9846333265304565, 0.9799484610557556, 0.9852707982063293, 0.9981538653373718, 0.9792923927307129, 0.9948782324790955, 0.9851047992706299]","[0.9955633878707886, 2.3338236808776855, 1.0010977983474731, 0.9926546812057495, 0.985406756401062, 0.9859403371810913, 0.9976492524147034, 0.9776648879051208, 0.9858691692352295, 0.9811810255050659]","[0.9825875163078308, 0.9801213145256042, 2.3889265060424805, 0.9874217510223389, 0.9808668494224548, 0.9827929139137268, 0.993416428565979, 0.98000168800354, 0.9946914315223694, 0.9751778841018677]","[1.0013415813446045, 0.9922986030578613, 1.0039088726043701, 2.280400276184082, 0.9847148656845093, 0.9912488460540771, 1.0038776397705078, 0.9893094897270203, 0.9991309642791748, 0.9829651117324829]","[1.002362608909607, 0.9994076490402222, 1.005918264389038, 1.0000871419906616, 2.2757017612457275, 0.9872497916221619, 0.9984316825866699, 0.9840743541717529, 0.9989368319511414, 0.9777666926383972]","[0.9975637197494507, 1.0011911392211914, 1.0079249143600464, 0.9948439002037048, 0.9961941242218018, 2.2544422149658203, 1.001151442527771, 0.9841159582138062, 1.009166955947876, 0.9810143709182739]","[0.9889274835586548, 0.9870988130569458, 0.9947857856750488, 0.9838088154792786, 0.9853965044021606, 0.9821805357933044, 2.3821961879730225, 0.980524480342865, 0.9852212071418762, 0.9736503958702087]","[0.9979890584945679, 0.9961039423942566, 0.9976613521575928, 0.9901044368743896, 0.9948896765708923, 0.9907679557800293, 0.9942389726638794, 2.2772345542907715, 0.9962490797042847, 0.9911134839057922]","[0.9927043914794922, 0.9935663938522339, 0.9900193214416504, 0.9942803382873535, 0.9917436838150024, 0.9825214147567749, 0.9964366555213928, 0.9778413772583008, 2.3285303115844727, 0.9873255491256714]","[0.9903045296669006, 1.0045565366744995, 1.0048577785491943, 0.9977214336395264, 1.0057826042175293, 0.9962773323059082, 1.007457971572876, 0.9882649183273315, 0.9973312616348267, 2.2305383682250977]"
1,0.4,0.001,trainable,paper,"[2.362929582595825, 0.9810261726379395, 1.0001734495162964, 0.9804133176803589, 0.9745820164680481, 0.9855090975761414, 0.9932701587677002, 0.9828253388404846, 0.9878706336021423, 0.9934468269348145]","[0.9972898364067078, 2.320361375808716, 1.001654863357544, 0.9906954765319824, 0.984043300151825, 0.9882230162620544, 0.995107114315033, 0.9816605448722839, 0.9799141883850098, 0.9955699443817139]","[0.9806140661239624, 0.9781594276428223, 2.402350902557373, 0.9830322265625, 0.9756011366844177, 0.9837723970413208, 0.9881995320320129, 0.983622670173645, 0.9858720898628235, 0.9860545992851257]","[1.0016435384750366, 0.992168128490448, 1.0048248767852783, 2.2882001399993896, 0.9814448356628418, 0.9904662370681763, 1.001496434211731, 0.9895727634429932, 0.9934698343276978, 0.9868003129959106]","[1.0024175643920898, 0.9981875419616699, 1.0076513290405273, 0.9978904724121094, 2.275952100753784, 0.9862907528877258, 0.9929926991462708, 0.9875158071517944, 0.9900848865509033, 0.9892515540122986]","[0.9949390292167664, 0.9973154067993164, 1.0049214363098145, 0.9927955865859985, 0.9928461313247681, 2.2772815227508545, 0.9963814616203308, 0.9859254956245422, 1.0012857913970947, 0.9842572808265686]","[0.9893423318862915, 0.9868128895759583, 0.9961639642715454, 0.9823001027107239, 0.985080897808075, 0.9826083183288574, 2.3760199546813965, 0.9840915203094482, 0.9768716096878052, 0.9828067421913147]","[0.9946933388710022, 0.9929662346839905, 0.9931888580322266, 0.9872361421585083, 0.9891189932823181, 0.9876710176467896, 0.988079845905304, 2.3115029335021973, 0.9841547012329102, 1.0035666227340698]","[0.9961273670196533, 0.9962744116783142, 0.9940548539161682, 0.99466472864151, 0.9951401948928833, 0.986406147480011, 0.9989901185035706, 0.9893354773521423, 2.271188735961914, 1.0037435293197632]","[0.9837633371353149, 0.9963317513465881, 0.9959474802017212, 0.994857668876648, 0.9957050085067749, 0.9944712519645691, 0.9983017444610596, 0.9801966547966003, 0.9822588562965393, 2.3109264373779297]"
0,0.2,10,trainable,paper,"[0.7727259993553162, 0.6271529197692871, 0.6278527975082397, 0.6260513663291931, 0.6255390048027039, 0.6257546544075012, 0.6261295080184937, 0.6256060004234314, 0.6249043941497803, 0.6262566447257996]","[0.627496600151062, 0.7493764162063599, 0.6284119486808777, 0.6282120943069458, 0.6285439729690552, 0.6298302412033081, 0.6299232244491577, 0.6272380352020264, 0.6267082095146179, 0.629958987236023]","[0.6246100068092346, 0.6264199018478394, 0.7785669565200806, 0.6253858208656311, 0.6261407732963562, 0.6255130767822266, 0.6256718635559082, 0.6254382133483887, 0.6250253319740295, 0.6258191466331482]","[0.6258725523948669, 0.6260610818862915, 0.626789391040802, 0.7795076966285706, 0.6257559061050415, 0.6255031228065491, 0.6250969171524048, 0.6251703500747681, 0.6247460842132568, 0.6242238879203796]","[0.6273599863052368, 0.6266940832138062, 0.6271617412567139, 0.6269059777259827, 0.7611392140388489, 0.6264725923538208, 0.6299236416816711, 0.628332257270813, 0.6256924271583557, 0.627180814743042]","[0.6278711557388306, 0.6294845938682556, 0.6286198496818542, 0.6281681060791016, 0.6285080909729004, 0.7514111399650574, 0.626413881778717, 0.6286985874176025, 0.6283462047576904, 0.6283165216445923]","[0.6280807852745056, 0.6280009746551514, 0.6286425590515137, 0.628608226776123, 0.6261315941810608, 0.632588803768158, 0.7519216537475586, 0.626819908618927, 0.6258272528648376, 0.6299459934234619]","[0.6263644099235535, 0.6284584999084473, 0.6274245381355286, 0.6273210644721985, 0.6262291073799133, 0.6265479326248169, 0.6286053657531738, 0.7640735507011414, 0.6248711943626404, 0.6273122429847717]","[0.6267679929733276, 0.6279506087303162, 0.6271061897277832, 0.6275123953819275, 0.6271523833274841, 0.6254590153694153, 0.62861567735672, 0.6277899742126465, 0.7631576061248779, 0.6256479620933533]","[0.626474142074585, 0.6268882155418396, 0.628084659576416, 0.6285356283187866, 0.6272100210189819, 0.6260968446731567, 0.6273306012153625, 0.6277609467506409, 0.6275781393051147, 0.7606732249259949]"
0,0.2,3,trainable,paper,"[0.7862918972969055, 0.6268870830535889, 0.6280400156974792, 0.625122606754303, 0.6216675043106079, 0.6252496838569641, 0.6244521141052246, 0.6218247413635254, 0.624733030796051, 0.6260318756103516]","[0.6251487731933594, 0.7637102007865906, 0.6298174858093262, 0.6262297630310059, 0.6247281432151794, 0.6272013783454895, 0.6290070414543152, 0.6233963370323181, 0.6273766160011292, 0.6316465139389038]","[0.622248113155365, 0.6227359771728516, 0.8013782501220703, 0.6240673065185547, 0.6211148500442505, 0.6243402361869812, 0.6248023509979248, 0.6203915476799011, 0.6244938373565674, 0.626971960067749]","[0.6244311332702637, 0.6257014274597168, 0.6260120272636414, 0.79532790184021, 0.6186653971672058, 0.6242850422859192, 0.6258442997932434, 0.6189513206481934, 0.625953733921051, 0.6274155378341675]","[0.6279847025871277, 0.6273999810218811, 0.6294448375701904, 0.6311702728271484, 0.7562184929847717, 0.6252158284187317, 0.6295535564422607, 0.6261847615242004, 0.6258750557899475, 0.6285041570663452]","[0.6260403394699097, 0.6293206810951233, 0.6274555921554565, 0.6268768310546875, 0.627144992351532, 0.7680768370628357, 0.6270298361778259, 0.6216965913772583, 0.6274274587631226, 0.6272417902946472]","[0.6275182962417603, 0.6265095472335815, 0.6269727945327759, 0.626268208026886, 0.6229905486106873, 0.6296141147613525, 0.770932674407959, 0.6179084181785583, 0.6292834877967834, 0.6336187124252319]","[0.6267176270484924, 0.6285950541496277, 0.6291797161102295, 0.6306039094924927, 0.6244583129882812, 0.6295537352561951, 0.6343216300010681, 0.7491557002067566, 0.626011073589325, 0.6315253376960754]","[0.6246418356895447, 0.6252972483634949, 0.6249208450317383, 0.6247115135192871, 0.6244949698448181, 0.624176025390625, 0.6227949261665344, 0.6235149502754211, 0.7978398203849792, 0.6191794872283936]","[0.6246618628501892, 0.623248815536499, 0.624993085861206, 0.6233794093132019, 0.6237550377845764, 0.6249353289604187, 0.6215953826904297, 0.6207965016365051, 0.6321508884429932, 0.7934138178825378]"
0,0.2,1,trainable,paper,"[0.8069496154785156, 0.6250082850456238, 0.6266125440597534, 0.6234154105186462, 0.6211141347885132, 0.6237340569496155, 0.6238518953323364, 0.6212638020515442, 0.6235774159431458, 0.6179105639457703]","[0.6248252987861633, 0.7820455431938171, 0.629253625869751, 0.6243955492973328, 0.6238591074943542, 0.6255167126655579, 0.6275777816772461, 0.6236885190010071, 0.6259245872497559, 0.6227690577507019]","[0.6217295527458191, 0.6211311221122742, 0.823850154876709, 0.6227937936782837, 0.6208100914955139, 0.6232037544250488, 0.6237726807594299, 0.6195084452629089, 0.6227163076400757, 0.6167607307434082]","[0.6241997480392456, 0.6255230903625488, 0.6253776550292969, 0.8195804953575134, 0.6179776191711426, 0.6224157214164734, 0.6258313059806824, 0.6181911826133728, 0.6256340742111206, 0.6134665012359619]","[0.6263285279273987, 0.6261324286460876, 0.6278683543205261, 0.6300283670425415, 0.7802164554595947, 0.6220980286598206, 0.6269375681877136, 0.6249133944511414, 0.6234261989593506, 0.6225094199180603]","[0.6255239844322205, 0.6284864544868469, 0.6263987421989441, 0.6265925168991089, 0.6286142468452454, 0.789578378200531, 0.6268587112426758, 0.6210352182388306, 0.6263048648834229, 0.6146920919418335]","[0.6266525983810425, 0.6260856986045837, 0.6259545087814331, 0.6254879832267761, 0.6233704686164856, 0.6281701922416687, 0.81045001745224, 0.6168336868286133, 0.6290497183799744, 0.6097153425216675]","[0.6255678534507751, 0.6261747479438782, 0.6283321976661682, 0.6301808953285217, 0.6239730715751648, 0.6279765367507935, 0.6343091726303101, 0.7854664921760559, 0.6249768137931824, 0.6114989519119263]","[0.6228262782096863, 0.6242518424987793, 0.6232351660728455, 0.6227728724479675, 0.6246481537818909, 0.6222854852676392, 0.6203405261039734, 0.6220596432685852, 0.8034375309944153, 0.6264744400978088]","[0.6283080577850342, 0.6276131868362427, 0.6303817629814148, 0.6328346729278564, 0.6261091828346252, 0.6325255036354065, 0.6408713459968567, 0.6376270651817322, 0.6193796396255493, 0.7442635297775269]"
0,0.2,0.3,trainable,paper,"[0.8172137141227722, 0.6239413022994995, 0.6250290274620056, 0.6213882565498352, 0.6197017431259155, 0.6236048340797424, 0.6214434504508972, 0.6242571473121643, 0.6239935159683228, 0.6149609684944153]","[0.6230063438415527, 0.7895267009735107, 0.6291972994804382, 0.6222819685935974, 0.6213517785072327, 0.6250985264778137, 0.6260131597518921, 0.627034604549408, 0.627321183681488, 0.6207455992698669]","[0.6206759810447693, 0.6183047890663147, 0.8325112462043762, 0.6215206384658813, 0.619748592376709, 0.6249342560768127, 0.6211773157119751, 0.6231964826583862, 0.6231474876403809, 0.6133553385734558]","[0.6234766840934753, 0.6247882843017578, 0.6238492131233215, 0.8253670930862427, 0.6156820058822632, 0.6228368282318115, 0.6238059401512146, 0.6247205138206482, 0.6289394497871399, 0.6085454225540161]","[0.6247279047966003, 0.6256902813911438, 0.6261433362960815, 0.6295216083526611, 0.7867762446403503, 0.6210779547691345, 0.6262385845184326, 0.6253604888916016, 0.6238433122634888, 0.6220946907997131]","[0.6232972741127014, 0.6259467005729675, 0.6220247149467468, 0.623473048210144, 0.6273607611656189, 0.8096145987510681, 0.6235113739967346, 0.6264696717262268, 0.6284650564193726, 0.609221339225769]","[0.6262447237968445, 0.6245039105415344, 0.6251094341278076, 0.6252222657203674, 0.6203595399856567, 0.628818690776825, 0.8155179023742676, 0.6302767395973206, 0.6342920064926147, 0.6010751128196716]","[0.6212674379348755, 0.6210812330245972, 0.623294472694397, 0.6226950883865356, 0.6218084096908569, 0.6209976077079773, 0.6197150349617004, 0.8432698249816895, 0.6300493478775024, 0.6035142540931702]","[0.6198282837867737, 0.6209383010864258, 0.619883120059967, 0.6172897219657898, 0.6223511099815369, 0.6178393959999084, 0.611926794052124, 0.6159537434577942, 0.8468303084373474, 0.6306401491165161]","[0.6281713247299194, 0.6265683174133301, 0.6304721832275391, 0.6345717906951904, 0.623977541923523, 0.6346918344497681, 0.6459930539131165, 0.6433894038200378, 0.6116299033164978, 0.7646058797836304]"
0,0.2,0.1,trainable,paper,"[0.8352662324905396, 0.6238922476768494, 0.6243405938148499, 0.6210657358169556, 0.617298424243927, 0.6201486587524414, 0.620210587978363, 0.6258487701416016, 0.6214085221290588, 0.6107874512672424]","[0.6207448244094849, 0.8081123232841492, 0.6277586817741394, 0.6223284602165222, 0.6193119883537292, 0.6203244924545288, 0.6243813633918762, 0.6279776096343994, 0.6252942681312561, 0.6185897588729858]","[0.6193693280220032, 0.6175570487976074, 0.8570637702941895, 0.6204749345779419, 0.6176276803016663, 0.6207668781280518, 0.619258463382721, 0.6255635619163513, 0.6202659606933594, 0.6074011921882629]","[0.6221248507499695, 0.6230176687240601, 0.6233865022659302, 0.8625222444534302, 0.6119494438171387, 0.6155796051025391, 0.6222482323646545, 0.6281269788742065, 0.6257649660110474, 0.6005784273147583]","[0.6245580315589905, 0.6252361536026001, 0.6260308027267456, 0.6314041614532471, 0.7993177771568298, 0.6172011494636536, 0.6252101063728333, 0.6259730458259583, 0.6210840940475464, 0.6195915937423706]","[0.6244929432868958, 0.6277064085006714, 0.6237729787826538, 0.628699541091919, 0.6288866996765137, 0.8207805752754211, 0.6210517287254333, 0.6279466152191162, 0.6261258721351624, 0.6004794836044312]","[0.6255735754966736, 0.6237623691558838, 0.624825656414032, 0.6260532736778259, 0.6183331608772278, 0.6291298270225525, 0.853508472442627, 0.6374716758728027, 0.6316993236541748, 0.588060200214386]","[0.6182752251625061, 0.6185800433158875, 0.6195904016494751, 0.619061291217804, 0.619469165802002, 0.6178358197212219, 0.6118091940879822, 0.9107451438903809, 0.627210259437561, 0.5908870100975037]","[0.6190472841262817, 0.6204348206520081, 0.6191573143005371, 0.6180213689804077, 0.6224814653396606, 0.6165030598640442, 0.6107306480407715, 0.6163879632949829, 0.8504120111465454, 0.6318389177322388]","[0.6288267970085144, 0.6253546476364136, 0.6327797770500183, 0.6394512057304382, 0.6237072944641113, 0.6396788358688354, 0.6557236909866333, 0.6527848243713379, 0.6057429909706116, 0.7931398749351501]"
0,0.2,0.03,trainable,paper,"[0.8162282109260559, 0.6241940855979919, 0.6270013451576233, 0.6220325827598572, 0.6188890337944031, 0.6208776235580444, 0.6272017359733582, 0.6266560554504395, 0.6247721314430237, 0.6109490990638733]","[0.6194831728935242, 0.8205627799034119, 0.6259585022926331, 0.6192880868911743, 0.6179839968681335, 0.6189954876899719, 0.6258018016815186, 0.6267955303192139, 0.6278676986694336, 0.6154778599739075]","[0.6158357262611389, 0.616780698299408, 0.8763748407363892, 0.6174752712249756, 0.6158034801483154, 0.6184225082397461, 0.6232614517211914, 0.6236603856086731, 0.6209288835525513, 0.6028728485107422]","[0.6208585500717163, 0.6232510805130005, 0.6243879199028015, 0.8792810440063477, 0.6082490682601929, 0.6122603416442871, 0.6280593872070312, 0.62739098072052, 0.627156674861908, 0.5959879755973816]","[0.6218583583831787, 0.6236475706100464, 0.6253014802932739, 0.632253885269165, 0.810650646686554, 0.615106999874115, 0.6274993419647217, 0.6238244771957397, 0.6215416789054871, 0.6176272630691528]","[0.622818648815155, 0.6266602277755737, 0.624347984790802, 0.6295360922813416, 0.6284297108650208, 0.8303070068359375, 0.6263888478279114, 0.6265689730644226, 0.6264703869819641, 0.5956249833106995]","[0.6203457117080688, 0.6210293173789978, 0.6192933320999146, 0.6196690797805786, 0.6136003732681274, 0.6229976415634155, 0.9199509024620056, 0.6372073888778687, 0.6374830007553101, 0.578369677066803]","[0.6166554093360901, 0.6171320080757141, 0.619215726852417, 0.6178938150405884, 0.6194024682044983, 0.617374837398529, 0.611316442489624, 0.9406687021255493, 0.6322181224822998, 0.5822373628616333]","[0.614517331123352, 0.6158774495124817, 0.6159698963165283, 0.6146249175071716, 0.6198658347129822, 0.6136544942855835, 0.6034676432609558, 0.6094085574150085, 0.899734616279602, 0.6351456642150879]","[0.6271764636039734, 0.6254395842552185, 0.6337260603904724, 0.6411846876144409, 0.622631847858429, 0.642795979976654, 0.6625727415084839, 0.6581740379333496, 0.5987354516983032, 0.8345306515693665]"
0,0.2,0.01,trainable,paper,"[0.8379626274108887, 0.624738335609436, 0.625511109828949, 0.6204724907875061, 0.6159560680389404, 0.6193759441375732, 0.6241791248321533, 0.6238229870796204, 0.6219133734703064, 0.6085991263389587]","[0.6169232130050659, 0.8456522822380066, 0.6261499524116516, 0.6175887584686279, 0.6154225468635559, 0.6166479587554932, 0.6233857870101929, 0.6219726800918579, 0.6244011521339417, 0.6139609813690186]","[0.6155101656913757, 0.6146959066390991, 0.9041124582290649, 0.6164349317550659, 0.6123746633529663, 0.6179231405258179, 0.6194596886634827, 0.618869423866272, 0.6168802380561829, 0.6005162000656128]","[0.6208303570747375, 0.6233916878700256, 0.6239364147186279, 0.9151812791824341, 0.6022312045097351, 0.6094899773597717, 0.6232829093933105, 0.621703028678894, 0.6229562759399414, 0.5929421782493591]","[0.6221058964729309, 0.6236441731452942, 0.6263586282730103, 0.6362327933311462, 0.8201375007629395, 0.6143476366996765, 0.6253769397735596, 0.619940459728241, 0.6194729208946228, 0.6172268986701965]","[0.6226142048835754, 0.6266391277313232, 0.622957170009613, 0.6306509971618652, 0.6271016597747803, 0.8585665822029114, 0.6223995685577393, 0.6239331960678101, 0.6230164766311646, 0.5900843739509583]","[0.6214540600776672, 0.6211296916007996, 0.62077796459198, 0.623332142829895, 0.6124963760375977, 0.6252074241638184, 0.938937783241272, 0.6262082457542419, 0.6307064890861511, 0.5734550356864929]","[0.616671621799469, 0.6190139651298523, 0.6210798621177673, 0.6217945218086243, 0.6201294660568237, 0.6174290180206299, 0.6197090148925781, 0.9450719952583313, 0.6274081468582153, 0.5750828385353088]","[0.6141210198402405, 0.6169075965881348, 0.6165648102760315, 0.616634726524353, 0.6191477179527283, 0.6140283346176147, 0.6068175435066223, 0.6098743081092834, 0.8884832262992859, 0.6335277557373047]","[0.6265682578086853, 0.6240819692611694, 0.6329257488250732, 0.6413612365722656, 0.6206689476966858, 0.6453880667686462, 0.6643591523170471, 0.6630271077156067, 0.5969105958938599, 0.8690070509910583]"
0,0.2,0.003,trainable,paper,"[0.8551251292228699, 0.6218248009681702, 0.6249019503593445, 0.6178147196769714, 0.6135810017585754, 0.6176357865333557, 0.6240649223327637, 0.6197038292884827, 0.6241233348846436, 0.6072843670845032]","[0.6174296736717224, 0.860261082649231, 0.6245841979980469, 0.6141712069511414, 0.6136404275894165, 0.6147769689559937, 0.623960018157959, 0.6174758076667786, 0.6285693645477295, 0.6123335957527161]","[0.6139428019523621, 0.6138430237770081, 0.9219218492507935, 0.6122856736183167, 0.6106280088424683, 0.616038978099823, 0.6199640035629272, 0.6138716340065002, 0.6209726333618164, 0.5986157655715942]","[0.6211355328559875, 0.6244150996208191, 0.6256963014602661, 0.9324042201042175, 0.5985578298568726, 0.6068178415298462, 0.6251435875892639, 0.6149096488952637, 0.6294779181480408, 0.5906832814216614]","[0.6218616366386414, 0.6227068901062012, 0.6256312131881714, 0.6375676989555359, 0.8343270421028137, 0.6123093366622925, 0.6240352988243103, 0.6158148646354675, 0.6218332648277283, 0.6149454712867737]","[0.6221092939376831, 0.6255508065223694, 0.6222774982452393, 0.6306359171867371, 0.6270316243171692, 0.8702160716056824, 0.6225808262825012, 0.617395281791687, 0.6253760457038879, 0.588689923286438]","[0.6197226643562317, 0.6184728145599365, 0.6180204749107361, 0.6202248334884644, 0.6109943389892578, 0.6228687167167664, 0.9842514395713806, 0.6157974600791931, 0.6438206434249878, 0.5683366060256958]","[0.6171047687530518, 0.619698703289032, 0.622138500213623, 0.6254610419273376, 0.6208718419075012, 0.6200187802314758, 0.6272223591804504, 0.9276111721992493, 0.6351321935653687, 0.5743457078933716]","[0.6102653741836548, 0.6118414998054504, 0.6105911135673523, 0.6086118817329407, 0.6154698133468628, 0.6098417043685913, 0.5921450257301331, 0.5988088250160217, 0.9820050597190857, 0.636236310005188]","[0.6251799464225769, 0.6228389739990234, 0.6316620111465454, 0.6405388116836548, 0.6209321618080139, 0.643844485282898, 0.665364146232605, 0.660971999168396, 0.5900441408157349, 0.9033816456794739]"
0,0.2,0.001,trainable,paper,"[0.8720823526382446, 0.6207275986671448, 0.6242759227752686, 0.6172991394996643, 0.6109258532524109, 0.6164954304695129, 0.6260344386100769, 0.6193946003913879, 0.6221045851707458, 0.6030510663986206]","[0.6163650751113892, 0.8837494254112244, 0.6241339445114136, 0.6117494702339172, 0.6122912764549255, 0.6129962205886841, 0.6256972551345825, 0.6158530712127686, 0.6262121796607971, 0.6057045459747314]","[0.6126489639282227, 0.6124025583267212, 0.9509324431419373, 0.6098518371582031, 0.6088245511054993, 0.6150887608528137, 0.6226706504821777, 0.6128478050231934, 0.6187219023704529, 0.5911747813224792]","[0.6197967529296875, 0.6251626014709473, 0.6266550421714783, 0.9691088795661926, 0.596780002117157, 0.6057773232460022, 0.6285021305084229, 0.6138174533843994, 0.6288519501686096, 0.5803564190864563]","[0.6218641996383667, 0.6216137409210205, 0.6251590847969055, 0.637172520160675, 0.8448132872581482, 0.6114954948425293, 0.6244288682937622, 0.6145639419555664, 0.6209478974342346, 0.6126251220703125]","[0.6215834021568298, 0.6252415776252747, 0.6216851472854614, 0.6304763555526733, 0.6259439587593079, 0.9105621576309204, 0.6255955100059509, 0.6163735389709473, 0.6237121820449829, 0.5773269534111023]","[0.6171495914459229, 0.6160575747489929, 0.6148819327354431, 0.6179379820823669, 0.6085780262947083, 0.6204668879508972, 1.0970515012741089, 0.6135502457618713, 0.6400782465934753, 0.548509418964386]","[0.6154130101203918, 0.619491696357727, 0.6214970350265503, 0.626047670841217, 0.6198381185531616, 0.6200252175331116, 0.6305199861526489, 0.9835586547851562, 0.6319977641105652, 0.5614344477653503]","[0.6090723276138306, 0.6114485263824463, 0.6089561581611633, 0.6064189672470093, 0.6135871410369873, 0.6080146431922913, 0.5927338600158691, 0.598304033279419, 0.9918714761734009, 0.6373787522315979]","[0.6255427002906799, 0.6256737112998962, 0.6349937319755554, 0.6470188498497009, 0.620124340057373, 0.6515531539916992, 0.6813052296638489, 0.6707558631896973, 0.5832922458648682, 1.0013669729232788]"
3,0,10,trainable,paper,"[2.2830110424365557e-07, 0.0, 0.0, 0.0, 0.0, 0.0, 0.0, 0.0, 0.0, 0.0]","[0.0, 1.4237977552511438e-07, 0.0, 0.0, 0.0, 0.0, 0.0, 0.0, 0.0, 0.0]","[0.0, 0.0, 1.0126644411911911e-07, 0.0, 0.0, 0.0, 0.0, 0.0, 0.0, 0.0]","[0.0, 0.0, 0.0, 1.8521802758186823e-07, 0.0, 0.0, 0.0, 0.0, 0.0, 0.0]","[0.0, 0.0, 0.0, 0.0, 1.8793629408264678e-07, 0.0, 0.0, 0.0, 0.0, 0.0]","[0.0, 0.0, 0.0, 0.0, 0.0, 1.442401867279841e-06, 0.0, 0.0, 0.0, 0.0]","[0.0, 0.0, 0.0, 0.0, 0.0, 0.0, 6.19221145825577e-06, 0.0, 0.0, 0.0]","[0.0, 0.0, 0.0, 0.0, 0.0, 0.0, 0.0, 5.96980100908695e-07, 0.0, 0.0]","[0.0, 0.0, 0.0, 0.0, 0.0, 0.0, 0.0, 0.0, 8.386347758460033e-07, 0.0]","[0.0, 0.0, 0.0, 0.0, 0.0, 0.0, 0.0, 0.0, 0.0, 2.1528730940190144e-06]"
3,0,3,trainable,paper,"[9.823193067859393e-07, 0.0, 0.0, 0.0, 0.0, 0.0, 0.0, 0.0, 0.0, 0.0]","[0.0, 5.539663561648922e-06, 0.0, 0.0, 0.0, 0.0, 0.0, 0.0, 0.0, 0.0]","[0.0, 0.0, 6.814396442678117e-07, 0.0, 0.0, 0.0, 0.0, 0.0, 0.0, 0.0]","[0.0, 0.0, 0.0, 6.565610988218396e-07, 0.0, 0.0, 0.0, 0.0, 0.0, 0.0]","[0.0, 0.0, 0.0, 0.0, 2.087821030727355e-06, 0.0, 0.0, 0.0, 0.0, 0.0]","[0.0, 0.0, 0.0, 0.0, 0.0, 1.6429791003247374e-06, 0.0, 0.0, 0.0, 0.0]","[0.0, 0.0, 0.0, 0.0, 0.0, 0.0, 1.3779849723505322e-06, 0.0, 0.0, 0.0]","[0.0, 0.0, 0.0, 0.0, 0.0, 0.0, 0.0, 2.0926363504258916e-06, 0.0, 0.0]","[0.0, 0.0, 0.0, 0.0, 0.0, 0.0, 0.0, 0.0, 3.2220348202827154e-06, 0.0]","[0.0, 0.0, 0.0, 0.0, 0.0, 0.0, 0.0, 0.0, 0.0, 4.659582828026032e-06]"
3,0,1,trainable,paper,"[2.3032582703308435e-06, 0.0, 0.0, 0.0, 0.0, 0.0, 0.0, 0.0, 0.0, 0.0]","[0.0, 6.22063635091763e-06, 0.0, 0.0, 0.0, 0.0, 0.0, 0.0, 0.0, 0.0]","[0.0, 0.0, 4.492445441428572e-06, 0.0, 0.0, 0.0, 0.0, 0.0, 0.0, 0.0]","[0.0, 0.0, 0.0, 4.0602913031762e-06, 0.0, 0.0, 0.0, 0.0, 0.0, 0.0]","[0.0, 0.0, 0.0, 0.0, 1.6646337826387025e-05, 0.0, 0.0, 0.0, 0.0, 0.0]","[0.0, 0.0, 0.0, 0.0, 0.0, 4.313025056035258e-05, 0.0, 0.0, 0.0, 0.0]","[0.0, 0.0, 0.0, 0.0, 0.0, 0.0, 1.8231896774523193e-06, 0.0, 0.0, 0.0]","[0.0, 0.0, 0.0, 0.0, 0.0, 0.0, 0.0, 5.481502284965245e-06, 0.0, 0.0]","[0.0, 0.0, 0.0, 0.0, 0.0, 0.0, 0.0, 0.0, 7.038698640826624e-06, 0.0]","[0.0, 0.0, 0.0, 0.0, 0.0, 0.0, 0.0, 0.0, 0.0, 3.614066372392699e-06]"
3,0,0.3,trainable,paper,"[7.757015737297479e-06, 0.0, 0.0, 0.0, 0.0, 0.0, 0.0, 0.0, 0.0, 0.0]","[0.0, 3.998116426373599e-06, 0.0, 0.0, 0.0, 0.0, 0.0, 0.0, 0.0, 0.0]","[0.0, 0.0, 1.9601525309553836e-06, 0.0, 0.0, 0.0, 0.0, 0.0, 0.0, 0.0]","[0.0, 0.0, 0.0, 4.619128958438523e-06, 0.0, 0.0, 0.0, 0.0, 0.0, 0.0]","[0.0, 0.0, 0.0, 0.0, 2.5829549485933967e-06, 0.0, 0.0, 0.0, 0.0, 0.0]","[0.0, 0.0, 0.0, 0.0, 0.0, 6.504431894427398e-06, 0.0, 0.0, 0.0, 0.0]","[0.0, 0.0, 0.0, 0.0, 0.0, 0.0, 2.282754394400399e-06, 0.0, 0.0, 0.0]","[0.0, 0.0, 0.0, 0.0, 0.0, 0.0, 0.0, 4.31148737334297e-06, 0.0, 0.0]","[0.0, 0.0, 0.0, 0.0, 0.0, 0.0, 0.0, 0.0, 4.0274135244544595e-06, 0.0]","[0.0, 0.0, 0.0, 0.0, 0.0, 0.0, 0.0, 0.0, 0.0, 6.591639021280571e-07]"
3,0,0.1,trainable,paper,"[2.9938246370875277e-06, 0.0, 0.0, 0.0, 0.0, 0.0, 0.0, 0.0, 0.0, 0.0]","[0.0, 4.6779377953498624e-06, 0.0, 0.0, 0.0, 0.0, 0.0, 0.0, 0.0, 0.0]","[0.0, 0.0, 5.036987204221077e-06, 0.0, 0.0, 0.0, 0.0, 0.0, 0.0, 0.0]","[0.0, 0.0, 0.0, 4.891757725999923e-06, 0.0, 0.0, 0.0, 0.0, 0.0, 0.0]","[0.0, 0.0, 0.0, 0.0, 4.907411494059488e-06, 0.0, 0.0, 0.0, 0.0, 0.0]","[0.0, 0.0, 0.0, 0.0, 0.0, 8.613404133939184e-06, 0.0, 0.0, 0.0, 0.0]","[0.0, 0.0, 0.0, 0.0, 0.0, 0.0, 6.683991614409024e-06, 0.0, 0.0, 0.0]","[0.0, 0.0, 0.0, 0.0, 0.0, 0.0, 0.0, 4.23272786065354e-06, 0.0, 0.0]","[0.0, 0.0, 0.0, 0.0, 0.0, 0.0, 0.0, 0.0, 6.778160241083242e-06, 0.0]","[0.0, 0.0, 0.0, 0.0, 0.0, 0.0, 0.0, 0.0, 0.0, 5.261334990791511e-06]"
3,0,0.03,trainable,paper,"[6.648467660852475e-07, 0.0, 0.0, 0.0, 0.0, 0.0, 0.0, 0.0, 0.0, 0.0]","[0.0, 1.6031279983508284e-06, 0.0, 0.0, 0.0, 0.0, 0.0, 0.0, 0.0, 0.0]","[0.0, 0.0, 1.112519612433971e-06, 0.0, 0.0, 0.0, 0.0, 0.0, 0.0, 0.0]","[0.0, 0.0, 0.0, 1.306935700995382e-06, 0.0, 0.0, 0.0, 0.0, 0.0, 0.0]","[0.0, 0.0, 0.0, 0.0, 7.677260782656958e-07, 0.0, 0.0, 0.0, 0.0, 0.0]","[0.0, 0.0, 0.0, 0.0, 0.0, 2.1008467854244373e-07, 0.0, 0.0, 0.0, 0.0]","[0.0, 0.0, 0.0, 0.0, 0.0, 0.0, 1.3770411442237673e-06, 0.0, 0.0, 0.0]","[0.0, 0.0, 0.0, 0.0, 0.0, 0.0, 0.0, 6.979793170103221e-07, 0.0, 0.0]","[0.0, 0.0, 0.0, 0.0, 0.0, 0.0, 0.0, 0.0, 2.3963573312357767e-06, 0.0]","[0.0, 0.0, 0.0, 0.0, 0.0, 0.0, 0.0, 0.0, 0.0, 4.603690229032509e-07]"
3,0,0.01,trainable,paper,"[1.0928257324849255e-05, 0.0, 0.0, 0.0, 0.0, 0.0, 0.0, 0.0, 0.0, 0.0]","[0.0, 0.0010304840980097651, 0.0, 0.0, 0.0, 0.0, 0.0, 0.0, 0.0, 0.0]","[0.0, 0.0, 2.253195270895958e-05, 0.0, 0.0, 0.0, 0.0, 0.0, 0.0, 0.0]","[0.0, 0.0, 0.0, 0.00015888010966591537, 0.0, 0.0, 0.0, 0.0, 0.0, 0.0]","[0.0, 0.0, 0.0, 0.0, 5.502934072865173e-05, 0.0, 0.0, 0.0, 0.0, 0.0]","[0.0, 0.0, 0.0, 0.0, 0.0, 9.79376636678353e-05, 0.0, 0.0, 0.0, 0.0]","[0.0, 0.0, 0.0, 0.0, 0.0, 0.0, 0.0002616070269141346, 0.0, 0.0, 0.0]","[0.0, 0.0, 0.0, 0.0, 0.0, 0.0, 0.0, 5.07006625412032e-05, 0.0, 0.0]","[0.0, 0.0, 0.0, 0.0, 0.0, 0.0, 0.0, 0.0, 4.068026100867428e-06, 0.0]","[0.0, 0.0, 0.0, 0.0, 0.0, 0.0, 0.0, 0.0, 0.0, 0.0018078259890899062]"
3,0,0.003,trainable,paper,"[6.593662692466751e-05, 0.0, 0.0, 0.0, 0.0, 0.0, 0.0, 0.0, 0.0, 0.0]","[0.0, 2.0338065951364115e-05, 0.0, 0.0, 0.0, 0.0, 0.0, 0.0, 0.0, 0.0]","[0.0, 0.0, 3.3986336802627193e-06, 0.0, 0.0, 0.0, 0.0, 0.0, 0.0, 0.0]","[0.0, 0.0, 0.0, 1.8033571905107237e-05, 0.0, 0.0, 0.0, 0.0, 0.0, 0.0]","[0.0, 0.0, 0.0, 0.0, 1.1361583347024862e-05, 0.0, 0.0, 0.0, 0.0, 0.0]","[0.0, 0.0, 0.0, 0.0, 0.0, 1.4603852832806297e-05, 0.0, 0.0, 0.0, 0.0]","[0.0, 0.0, 0.0, 0.0, 0.0, 0.0, 4.218627964291954e-06, 0.0, 0.0, 0.0]","[0.0, 0.0, 0.0, 0.0, 0.0, 0.0, 0.0, 6.0025604398106225e-06, 0.0, 0.0]","[0.0, 0.0, 0.0, 0.0, 0.0, 0.0, 0.0, 0.0, 2.5022887712111697e-05, 0.0]","[0.0, 0.0, 0.0, 0.0, 0.0, 0.0, 0.0, 0.0, 0.0, 6.956217112019658e-05]"
3,0,0.001,trainable,paper,"[0.0016702350694686174, 0.0, 0.0, 0.0, 0.0, 0.0, 0.0, 0.0, 0.0, 0.0]","[0.0, 0.00137263850774616, 0.0, 0.0, 0.0, 0.0, 0.0, 0.0, 0.0, 0.0]","[0.0, 0.0, 0.0013229085598140955, 0.0, 0.0, 0.0, 0.0, 0.0, 0.0, 0.0]","[0.0, 0.0, 0.0, 0.002393046859651804, 0.0, 0.0, 0.0, 0.0, 0.0, 0.0]","[0.0, 0.0, 0.0, 0.0, 0.0013939279597252607, 0.0, 0.0, 0.0, 0.0, 0.0]","[0.0, 0.0, 0.0, 0.0, 0.0, 0.0043650115840137005, 0.0, 0.0, 0.0, 0.0]","[0.0, 0.0, 0.0, 0.0, 0.0, 0.0, 0.001042638556100428, 0.0, 0.0, 0.0]","[0.0, 0.0, 0.0, 0.0, 0.0, 0.0, 0.0, 0.0017664129845798016, 0.0, 0.0]","[0.0, 0.0, 0.0, 0.0, 0.0, 0.0, 0.0, 0.0, 0.0015701779630035162, 0.0]","[0.0, 0.0, 0.0, 0.0, 0.0, 0.0, 0.0, 0.0, 0.0, 0.002674872986972332]"
1,0.2,10,trainable,paper,"[0.7823734879493713, 0.6254491806030273, 0.6245087385177612, 0.6250603199005127, 0.6251466274261475, 0.6230611205101013, 0.6263747215270996, 0.6260746717453003, 0.6254714131355286, 0.6256199479103088]","[0.6291760206222534, 0.7572668194770813, 0.6271579265594482, 0.6277456879615784, 0.6266987323760986, 0.6256872415542603, 0.6260898113250732, 0.628049910068512, 0.6305502653121948, 0.6282894611358643]","[0.6268776655197144, 0.626294732093811, 0.7684300541877747, 0.6272380352020264, 0.6255855560302734, 0.6269310712814331, 0.6247315406799316, 0.6281867623329163, 0.6264093518257141, 0.6268619894981384]","[0.6268199682235718, 0.626697838306427, 0.6245679259300232, 0.7737666964530945, 0.6258440613746643, 0.6258368492126465, 0.6255796551704407, 0.626242458820343, 0.6265698075294495, 0.6261036992073059]","[0.6264942288398743, 0.6275482177734375, 0.6261065006256104, 0.6263132691383362, 0.7714484930038452, 0.6243347525596619, 0.6251446604728699, 0.628014326095581, 0.6255292296409607, 0.6270157694816589]","[0.6268941760063171, 0.6277100443840027, 0.6241291761398315, 0.6254714131355286, 0.6263664960861206, 0.7758161425590515, 0.6235750913619995, 0.6265758872032166, 0.6256439089775085, 0.6264124512672424]","[0.630258321762085, 0.6308278441429138, 0.6294925212860107, 0.6293944120407104, 0.6293627023696899, 0.6303209066390991, 0.7362090945243835, 0.6297464966773987, 0.6295293569564819, 0.629143476486206]","[0.6285065412521362, 0.6288092136383057, 0.6261058449745178, 0.6284900307655334, 0.6268405318260193, 0.6316316723823547, 0.6275210380554199, 0.7522285580635071, 0.6266522407531738, 0.6295375823974609]","[0.6287250518798828, 0.6296631693840027, 0.6321936249732971, 0.6283797025680542, 0.6287938356399536, 0.6281883716583252, 0.629643440246582, 0.6310202479362488, 0.7362946271896362, 0.6318822503089905]","[0.6287539601325989, 0.6279605627059937, 0.6276382207870483, 0.6283172965049744, 0.6274257898330688, 0.6268597841262817, 0.627964973449707, 0.6278912425041199, 0.6282047629356384, 0.7550888061523438]"
1,0.2,3,trainable,paper,"[0.7955192923545837, 0.6227815747261047, 0.6255937218666077, 0.6257142424583435, 0.6225749850273132, 0.6236880421638489, 0.6262259483337402, 0.6220088005065918, 0.6227588057518005, 0.6242305636405945]","[0.6287715435028076, 0.7696468234062195, 0.6281183958053589, 0.6294293403625488, 0.6239430904388428, 0.6257269382476807, 0.6253030896186829, 0.6232831478118896, 0.62690669298172, 0.6274225115776062]","[0.6235492825508118, 0.6226819753646851, 0.7895539999008179, 0.6262350678443909, 0.6230721473693848, 0.6272453665733337, 0.623416006565094, 0.6247282028198242, 0.6234553456306458, 0.6264552474021912]","[0.6238420009613037, 0.6225447058677673, 0.6234928965568542, 0.7963408827781677, 0.6243165135383606, 0.6244329214096069, 0.6237179040908813, 0.6245309114456177, 0.6238866448402405, 0.6238297820091248]","[0.6263911128044128, 0.6272541284561157, 0.6262226104736328, 0.6259661316871643, 0.7847962379455566, 0.6245273351669312, 0.6235294938087463, 0.6225599050521851, 0.622437059879303, 0.6262250542640686]","[0.6238328814506531, 0.6253365874290466, 0.6215727925300598, 0.6243686079978943, 0.6231562495231628, 0.7987388968467712, 0.6206656098365784, 0.6235294342041016, 0.6251505613327026, 0.6251779794692993]","[0.6280615925788879, 0.6285261511802673, 0.6282864809036255, 0.6293267011642456, 0.6285873651504517, 0.6316490173339844, 0.7564768195152283, 0.6243900656700134, 0.6262215971946716, 0.6255359053611755]","[0.6301636695861816, 0.6308095455169678, 0.6274237632751465, 0.6287642121315002, 0.6294269561767578, 0.6321455240249634, 0.6298739910125732, 0.7508033514022827, 0.6211469769477844, 0.6271002888679504]","[0.6286578178405762, 0.6300244331359863, 0.632731020450592, 0.6285398602485657, 0.6285833716392517, 0.6260161399841309, 0.6296859979629517, 0.6329857110977173, 0.7364019155502319, 0.6330186128616333]","[0.6277694702148438, 0.6265909671783447, 0.6259757280349731, 0.6282379031181335, 0.62568598985672, 0.6253494620323181, 0.6287151575088501, 0.627319872379303, 0.6237685084342957, 0.7686510682106018]"
1,0.2,1,trainable,paper,"[0.7995269894599915, 0.6219962239265442, 0.6237622499465942, 0.6255347728729248, 0.6224068403244019, 0.6234923005104065, 0.6224796772003174, 0.6233811974525452, 0.6223310232162476, 0.6266919374465942]","[0.6261401772499084, 0.7804447412490845, 0.6262993216514587, 0.6278438568115234, 0.6221532821655273, 0.6258285641670227, 0.6213504672050476, 0.6246172785758972, 0.6249643564224243, 0.630744993686676]","[0.6228005290031433, 0.6220307946205139, 0.8000463843345642, 0.6257109045982361, 0.6212384104728699, 0.6263318657875061, 0.6197478771209717, 0.6255789399147034, 0.6220778822898865, 0.6269965171813965]","[0.6210071444511414, 0.6212319135665894, 0.6212929487228394, 0.8083659410476685, 0.6222482323646545, 0.6239016056060791, 0.6208667159080505, 0.6251702904701233, 0.6229366660118103, 0.6262202262878418]","[0.6236124634742737, 0.6262643933296204, 0.62541663646698, 0.6260636448860168, 0.7945596575737, 0.6251402497291565, 0.6211270093917847, 0.6212591528892517, 0.620383620262146, 0.6282450556755066]","[0.6215992569923401, 0.6228130459785461, 0.6201879382133484, 0.6223003268241882, 0.6199088096618652, 0.8179652094841003, 0.6186742782592773, 0.621985912322998, 0.6240037679672241, 0.6251969337463379]","[0.6304957270622253, 0.6313667893409729, 0.6301803588867188, 0.6308039426803589, 0.6296266317367554, 0.632239818572998, 0.7325119376182556, 0.6274089813232422, 0.6267102956771851, 0.6338748931884766]","[0.6261335611343384, 0.6276033520698547, 0.6248648762702942, 0.6266322135925293, 0.6280015110969543, 0.631598711013794, 0.62581866979599, 0.7668479084968567, 0.6188808083534241, 0.6348044872283936]","[0.626148521900177, 0.6294247508049011, 0.6316229104995728, 0.6270878314971924, 0.6278582215309143, 0.6252022981643677, 0.6279256343841553, 0.632389485836029, 0.7462131381034851, 0.6355132460594177]","[0.6235866546630859, 0.6218964457511902, 0.6238712668418884, 0.6243813633918762, 0.6222302913665771, 0.624180793762207, 0.6220183372497559, 0.6181941628456116, 0.6192403435707092, 0.8173414468765259]"
1,0.2,0.3,trainable,paper,"[0.8154633641242981, 0.6194381713867188, 0.6238152980804443, 0.6257672905921936, 0.6201284527778625, 0.6219464540481567, 0.6243316531181335, 0.6221575736999512, 0.617631733417511, 0.6239830851554871]","[0.6255984306335449, 0.7955837845802307, 0.6250772476196289, 0.6269705891609192, 0.6192401051521301, 0.6237642168998718, 0.6244087815284729, 0.6227344870567322, 0.6197496652603149, 0.6297738552093506]","[0.6211732625961304, 0.6211276650428772, 0.8192758560180664, 0.6257993578910828, 0.6179643869400024, 0.6243942975997925, 0.6208692193031311, 0.6243045330047607, 0.6161583065986633, 0.6249234080314636]","[0.6184545159339905, 0.6197240948677063, 0.6192899346351624, 0.8263226747512817, 0.6195657849311829, 0.6232908368110657, 0.6223845481872559, 0.6243614554405212, 0.6186879873275757, 0.6242944598197937]","[0.6236021518707275, 0.6263068318367004, 0.626433253288269, 0.6264632344245911, 0.8011752963066101, 0.6226639151573181, 0.6234794855117798, 0.61892169713974, 0.6177346706390381, 0.6272766590118408]","[0.6205560564994812, 0.6222735047340393, 0.6202254891395569, 0.6200641393661499, 0.6189947128295898, 0.8253757357597351, 0.621213436126709, 0.6193395853042603, 0.6227611899375916, 0.624570369720459]","[0.6268332004547119, 0.6260673403739929, 0.6275941133499146, 0.6279509663581848, 0.6250375509262085, 0.628071665763855, 0.7715830206871033, 0.6238593459129333, 0.6214505434036255, 0.6309899091720581]","[0.6252144575119019, 0.6276530027389526, 0.6251939535140991, 0.6261881589889526, 0.6279019713401794, 0.6312702894210815, 0.6273891925811768, 0.7810211181640625, 0.612532377243042, 0.6305001974105835]","[0.6303766369819641, 0.6329197883605957, 0.63882976770401, 0.6300649046897888, 0.629059910774231, 0.6252888441085815, 0.632331132888794, 0.6374868154525757, 0.7187073826789856, 0.6372972130775452]","[0.623920738697052, 0.6208913922309875, 0.6238692998886108, 0.6237514019012451, 0.6207974553108215, 0.6217029690742493, 0.6226256489753723, 0.6199440360069275, 0.6158375144004822, 0.8248291015625]"
1,0.2,0.1,trainable,paper,"[0.81764155626297, 0.6208565831184387, 0.6225570440292358, 0.6252090930938721, 0.6177853345870972, 0.6243690848350525, 0.6245697736740112, 0.623045027256012, 0.6153104901313782, 0.6245967149734497]","[0.6220430731773376, 0.8220555186271667, 0.622042179107666, 0.6240754723548889, 0.6150516271591187, 0.6243727803230286, 0.6210051774978638, 0.6223024725914001, 0.6156955361366272, 0.6298710107803345]","[0.6199990510940552, 0.6216990351676941, 0.8375169634819031, 0.6234437227249146, 0.6147910356521606, 0.6246347427368164, 0.6184404492378235, 0.6228625774383545, 0.612123966217041, 0.6250306367874146]","[0.6159936189651489, 0.6201278567314148, 0.6195449829101562, 0.839512825012207, 0.6169745326042175, 0.6233332753181458, 0.6205435395240784, 0.6244925856590271, 0.6159420013427734, 0.6225572228431702]","[0.6230092644691467, 0.6276559233665466, 0.6271573305130005, 0.626606285572052, 0.8105359077453613, 0.6213590502738953, 0.6209848523139954, 0.6170678734779358, 0.6159340739250183, 0.6271006464958191]","[0.6160732507705688, 0.6197203993797302, 0.6179283857345581, 0.617331326007843, 0.6171103119850159, 0.8499599695205688, 0.6174135804176331, 0.6181806921958923, 0.6226040124893188, 0.6238171458244324]","[0.6250836849212646, 0.6265365481376648, 0.6271527409553528, 0.6273525953292847, 0.6248031854629517, 0.630005955696106, 0.782377302646637, 0.6221497654914856, 0.6169190406799316, 0.6299418210983276]","[0.6220924258232117, 0.6264064311981201, 0.6252421140670776, 0.6248466372489929, 0.6271913647651672, 0.6305161118507385, 0.6266806721687317, 0.8000723123550415, 0.6067044734954834, 0.6324954628944397]","[0.6299099922180176, 0.6340581178665161, 0.6399953961372375, 0.6301360130310059, 0.6274858117103577, 0.6228905916213989, 0.6336259841918945, 0.6404037475585938, 0.7246333360671997, 0.6359926462173462]","[0.6213615536689758, 0.6189371943473816, 0.6215067505836487, 0.6230322122573853, 0.61822110414505, 0.6198878884315491, 0.6207204461097717, 0.6158567667007446, 0.6139679551124573, 0.8496736884117126]"
1,0.2,0.03,trainable,paper,"[0.8218939900398254, 0.6210781931877136, 0.6236119866371155, 0.6252853274345398, 0.6180081963539124, 0.6232815384864807, 0.6232540011405945, 0.6230003237724304, 0.6159295439720154, 0.6206644177436829]","[0.6187694668769836, 0.836239755153656, 0.6230261921882629, 0.6230454444885254, 0.6128501892089844, 0.6248841285705566, 0.6190052032470703, 0.6219567060470581, 0.6154220104217529, 0.6250544786453247]","[0.6166810393333435, 0.6182325482368469, 0.8578710556030273, 0.6230144500732422, 0.6122519969940186, 0.6252932548522949, 0.6161852478981018, 0.6234458684921265, 0.6116541624069214, 0.6199121475219727]","[0.6131843328475952, 0.6185060143470764, 0.6177477836608887, 0.8546997904777527, 0.6164352893829346, 0.6232446432113647, 0.6181457042694092, 0.6247645020484924, 0.6173328161239624, 0.6178967952728271]","[0.6200395822525024, 0.6270315647125244, 0.6276440024375916, 0.6251640915870667, 0.8293587565422058, 0.6186957359313965, 0.6184378266334534, 0.6147507429122925, 0.6159283518791199, 0.6236655712127686]","[0.6146463751792908, 0.6168566346168518, 0.6149175763130188, 0.6147192716598511, 0.6168868541717529, 0.8726027607917786, 0.6135316491127014, 0.6172149181365967, 0.6242727041244507, 0.6194440722465515]","[0.6233599185943604, 0.6249687075614929, 0.6262009143829346, 0.6271844506263733, 0.6245987415313721, 0.6318156719207764, 0.7860667109489441, 0.6230921745300293, 0.6188725829124451, 0.6256930232048035]","[0.619891345500946, 0.624678909778595, 0.6233570575714111, 0.6236205101013184, 0.627247154712677, 0.6297054886817932, 0.6229192018508911, 0.8164485096931458, 0.6086877584457397, 0.6242742538452148]","[0.6275527477264404, 0.6322130560874939, 0.638826310634613, 0.6270725131034851, 0.6254259943962097, 0.6195575594902039, 0.6290304064750671, 0.6364393830299377, 0.7564868330955505, 0.6252909898757935]","[0.6214697360992432, 0.6202912330627441, 0.6231502890586853, 0.6240670084953308, 0.618219792842865, 0.6204245686531067, 0.6206310987472534, 0.6206037998199463, 0.6216186285018921, 0.8249215483665466]"
1,0.2,0.01,trainable,paper,"[0.8352667093276978, 0.6204234957695007, 0.6223452091217041, 0.6257916688919067, 0.6174605488777161, 0.6224272847175598, 0.6200774312019348, 0.6234174370765686, 0.6138927340507507, 0.6177099943161011]","[0.6165370941162109, 0.8542872667312622, 0.6211957335472107, 0.6233330965042114, 0.6111841797828674, 0.6231295466423035, 0.617324948310852, 0.6235871911048889, 0.6114230155944824, 0.6227380037307739]","[0.615727424621582, 0.617662250995636, 0.8762990236282349, 0.623386800289154, 0.6099545359611511, 0.6231087446212769, 0.6150880455970764, 0.6232472658157349, 0.6079620718955994, 0.6169403195381165]","[0.6102611422538757, 0.6158146262168884, 0.6151496767997742, 0.8733482360839844, 0.6164619326591492, 0.621178388595581, 0.6180475950241089, 0.6254198551177979, 0.6145185828208923, 0.6164073944091797]","[0.6181362867355347, 0.6259956955909729, 0.627934992313385, 0.6232897639274597, 0.8508225679397583, 0.6162542104721069, 0.6153784394264221, 0.6136036515235901, 0.6120800375938416, 0.6221835613250732]","[0.6128690838813782, 0.616174578666687, 0.6145068407058716, 0.6139278411865234, 0.616319477558136, 0.885947048664093, 0.6105583310127258, 0.6169490218162537, 0.6210861802101135, 0.6189689636230469]","[0.6240065097808838, 0.6234957575798035, 0.6242954134941101, 0.6249837875366211, 0.6252517700195312, 0.6327523589134216, 0.7993919849395752, 0.6226463317871094, 0.6141006946563721, 0.6247308850288391]","[0.6179385185241699, 0.6213603019714355, 0.622418999671936, 0.6223171949386597, 0.6265476942062378, 0.6280587911605835, 0.6210760474205017, 0.8485493063926697, 0.6015937924385071, 0.6212369203567505]","[0.6267300844192505, 0.6329830884933472, 0.6397123336791992, 0.6271187663078308, 0.6261117458343506, 0.6197081804275513, 0.6302415132522583, 0.6406302452087402, 0.7584574222564697, 0.624338686466217]","[0.6218418478965759, 0.6205350756645203, 0.623593270778656, 0.6227759122848511, 0.6175445318222046, 0.6177931427955627, 0.6186986565589905, 0.621332049369812, 0.6189834475517273, 0.8342453837394714]"
1,0.2,0.003,trainable,paper,"[0.8421816825866699, 0.6207759976387024, 0.621263325214386, 0.6249700784683228, 0.614220917224884, 0.6216879487037659, 0.6191619634628296, 0.6209662556648254, 0.6152455806732178, 0.6191028952598572]","[0.6132075190544128, 0.8688237071037292, 0.618617594242096, 0.6241102814674377, 0.6070113182067871, 0.6226727962493896, 0.6156113147735596, 0.6220381855964661, 0.6124405264854431, 0.6251397728919983]","[0.6142837405204773, 0.6174144744873047, 0.884023129940033, 0.6239381432533264, 0.6060495972633362, 0.6227582097053528, 0.6144863963127136, 0.621337354183197, 0.6082394123077393, 0.6195946335792542]","[0.6085105538368225, 0.6124538779258728, 0.6120533347129822, 0.8923596739768982, 0.6152202486991882, 0.6195045709609985, 0.616324782371521, 0.6247025728225708, 0.6144630312919617, 0.6152516603469849]","[0.618287980556488, 0.6268475651741028, 0.6291109323501587, 0.6221156716346741, 0.8563531041145325, 0.6164813041687012, 0.6147450804710388, 0.6108072996139526, 0.6114375591278076, 0.6239542961120605]","[0.611167311668396, 0.6142532825469971, 0.6121159195899963, 0.6128953695297241, 0.6127294301986694, 0.905275285243988, 0.6081921458244324, 0.613895833492279, 0.6217957139015198, 0.6203122735023499]","[0.6222311854362488, 0.6218795776367188, 0.6216233968734741, 0.6245015263557434, 0.6230071187019348, 0.6332507133483887, 0.8133673071861267, 0.6200157999992371, 0.6142783761024475, 0.6237659454345703]","[0.6176391839981079, 0.6201862096786499, 0.6220844388008118, 0.6215962171554565, 0.6261784434318542, 0.628678560256958, 0.6206647157669067, 0.845166027545929, 0.6038332581520081, 0.6219372153282166]","[0.6231951713562012, 0.6293843388557434, 0.6370874047279358, 0.6251540780067444, 0.6239848732948303, 0.6169289350509644, 0.6272224187850952, 0.6356407403945923, 0.776110827922821, 0.6300927400588989]","[0.6184391975402832, 0.6164808869361877, 0.6189185380935669, 0.6221713423728943, 0.6134885549545288, 0.6141404509544373, 0.6173842549324036, 0.6185989379882812, 0.6110811233520508, 0.8761863112449646]"
1,0.2,0.001,trainable,paper,"[0.8522236943244934, 0.6180579662322998, 0.6204402446746826, 0.6236954927444458, 0.6133967638015747, 0.6208705902099609, 0.6167274713516235, 0.6184247732162476, 0.6156036257743835, 0.6217921376228333]","[0.6131184101104736, 0.884351372718811, 0.6180481910705566, 0.6216902732849121, 0.6044232249259949, 0.6211795210838318, 0.6124831438064575, 0.6170545816421509, 0.6136106252670288, 0.6273140907287598]","[0.6129432320594788, 0.6154556274414062, 0.9003567695617676, 0.6212838292121887, 0.604402482509613, 0.6200763583183289, 0.6106399893760681, 0.6180585026741028, 0.610007107257843, 0.6209186315536499]","[0.607077419757843, 0.6119961738586426, 0.6122034192085266, 0.9003902673721313, 0.6151012778282166, 0.617819607257843, 0.6150936484336853, 0.6216679215431213, 0.6153193116188049, 0.614580512046814]","[0.6164587140083313, 0.6268472671508789, 0.6285886168479919, 0.6196433901786804, 0.8694650530815125, 0.6157729625701904, 0.6123948693275452, 0.6073125600814819, 0.6118798851966858, 0.6274941563606262]","[0.6095734238624573, 0.61336350440979, 0.6123507618904114, 0.6114963889122009, 0.6100828647613525, 0.918950080871582, 0.6082465648651123, 0.6100589632987976, 0.6208680868148804, 0.6211066246032715]","[0.6219111680984497, 0.6215593814849854, 0.6222581267356873, 0.6230465769767761, 0.6225904822349548, 0.6310351490974426, 0.8197677731513977, 0.6164478063583374, 0.6156450510025024, 0.6237587928771973]","[0.6172835230827332, 0.6222252249717712, 0.623096764087677, 0.6225920915603638, 0.6265919208526611, 0.6297043561935425, 0.6206669211387634, 0.8301833271980286, 0.607185959815979, 0.6240147352218628]","[0.6208804249763489, 0.6259347796440125, 0.6333588361740112, 0.6221760511398315, 0.6212502717971802, 0.615942656993866, 0.6230966448783875, 0.6294087767601013, 0.7979637980461121, 0.6361514925956726]","[0.6139428019523621, 0.6128614544868469, 0.6160272359848022, 0.6209138035774231, 0.6080496907234192, 0.6111021637916565, 0.6150268316268921, 0.6141538023948669, 0.6031245589256287, 0.9270209670066833]"
3,0.4,10,trainable,paper,"[2.179899215698242, 1.0028976202011108, 1.0073152780532837, 1.0041295289993286, 1.001595377922058, 1.0076178312301636, 0.9990441203117371, 1.0019465684890747, 1.0067124366760254, 1.003087043762207]","[0.9999952912330627, 2.2461533546447754, 0.9966477751731873, 1.0016175508499146, 1.001465082168579, 0.9917299151420593, 0.9975793957710266, 0.9956849813461304, 1.0017849206924438, 0.9897568225860596]","[0.9953372478485107, 1.0044100284576416, 2.232879400253296, 0.9990473389625549, 1.0004328489303589, 0.9957589507102966, 0.9955660104751587, 1.0011099576950073, 0.999821662902832, 0.9958353042602539]","[0.9972148537635803, 0.9974450469017029, 0.9973506927490234, 2.25325083732605, 0.9987850785255432, 0.9943617582321167, 0.9936496615409851, 0.9952928423881531, 0.9990221858024597, 0.9960209727287292]","[0.9976463317871094, 1.0011388063430786, 1.0015381574630737, 0.9959736466407776, 2.2394661903381348, 0.9950831532478333, 0.998762845993042, 0.9969933032989502, 0.9967089295387268, 0.9974463582038879]","[1.0068917274475098, 1.0040839910507202, 1.0005171298980713, 1.006024718284607, 1.0020098686218262, 2.1839230060577393, 0.9998684525489807, 1.005587100982666, 1.0025771856307983, 1.0031156539916992]","[1.0058197975158691, 1.0016416311264038, 0.9985175728797913, 1.002708911895752, 1.0034042596817017, 0.9953359365463257, 2.213552236557007, 0.9994221329689026, 1.0015900135040283, 0.9960753917694092]","[0.9952919483184814, 0.9978635311126709, 0.9925634264945984, 1.0018310546875, 0.9952411651611328, 0.9881014823913574, 0.9969038367271423, 2.259857177734375, 0.9998735189437866, 0.9963774085044861]","[1.0049593448638916, 1.0020307302474976, 1.0065475702285767, 1.0033061504364014, 1.004096269607544, 1.0036834478378296, 1.004978060722351, 1.0007652044296265, 2.1797127723693848, 1.0038115978240967]","[1.004667043685913, 1.0128800868988037, 1.0082488059997559, 1.0051870346069336, 1.008381962776184, 1.0030992031097412, 1.0066708326339722, 1.0040223598480225, 1.0136600732803345, 2.144333839416504]"
3,0.4,3,trainable,paper,"[2.201629400253296, 0.9998044371604919, 1.0039185285568237, 1.0082749128341675, 0.9991028308868408, 1.0027527809143066, 0.9951412081718445, 0.996753454208374, 1.0020564794540405, 1.0077999830245972]","[0.9996581673622131, 2.253481388092041, 0.9941746592521667, 1.006723165512085, 1.000949740409851, 0.9881807565689087, 0.9947254657745361, 0.9914301633834839, 0.9999004006385803, 0.9946812391281128]","[0.9974192380905151, 1.0027724504470825, 2.231588363647461, 1.0019832849502563, 0.9996192455291748, 0.9936360120773315, 0.9916886687278748, 0.9998285174369812, 0.999392569065094, 1.002377986907959]","[0.9932668209075928, 0.9918051958084106, 0.9937267899513245, 2.2859199047088623, 0.9952112436294556, 0.9916239380836487, 0.9871219396591187, 0.9911938309669495, 0.997657299041748, 0.9998146295547485]","[0.9974959492683411, 0.9973330497741699, 0.9979071021080017, 0.9985376596450806, 2.2540462017059326, 0.9919764399528503, 0.9930832386016846, 0.9920836091041565, 0.994781494140625, 1.0061029195785522]","[1.0074505805969238, 1.0034971237182617, 0.9985997676849365, 1.0059783458709717, 1.0011494159698486, 2.190211057662964, 0.9966546297073364, 1.0027954578399658, 0.9993977546691895, 1.010558843612671]","[1.0074702501296997, 1.0016196966171265, 0.9995192289352417, 1.0127891302108765, 1.0069947242736816, 0.9958270192146301, 2.1831064224243164, 0.99631267786026, 1.0021638870239258, 1.0104068517684937]","[0.996065616607666, 0.9970538020133972, 0.9895874261856079, 1.0030996799468994, 0.9958852529525757, 0.9861244559288025, 0.996810793876648, 2.2538647651672363, 0.9959378242492676, 1.0105282068252563]","[1.0058742761611938, 0.9996604323387146, 1.002639651298523, 1.00383460521698, 1.0020085573196411, 1.001720666885376, 1.0016149282455444, 0.9991516470909119, 2.1848866939544678, 1.013907551765442]","[1.0014899969100952, 1.0086114406585693, 1.002894401550293, 1.0060133934020996, 1.001072645187378, 0.9964996576309204, 0.9957259297370911, 0.990898847579956, 1.0036423206329346, 2.2127480506896973]"
3,0.4,1,trainable,paper,"[2.2200534343719482, 0.9977741837501526, 1.0040892362594604, 1.0079697370529175, 0.9961890578269958, 1.0011709928512573, 0.9950723052024841, 0.9987983107566833, 0.9962683916091919, 1.001798152923584]","[0.9990297555923462, 2.2698938846588135, 0.9952799677848816, 1.0051661729812622, 0.9992870092391968, 0.9874809384346008, 0.9951303601264954, 0.9936579465866089, 0.9954303503036499, 0.9858583211898804]","[0.9956060647964478, 1.0000386238098145, 2.2585432529449463, 1.0005276203155518, 0.9960617423057556, 0.9934762120246887, 0.9887353181838989, 1.0027518272399902, 0.9938697218894958, 0.9942514300346375]","[0.9909792542457581, 0.9901365637779236, 0.9924024939537048, 2.3024373054504395, 0.993603527545929, 0.9923665523529053, 0.9862861037254333, 0.9955410957336426, 0.9920862317085266, 0.9934607744216919]","[0.9968315958976746, 0.9943127632141113, 0.9991437792778015, 0.9965531229972839, 2.2713565826416016, 0.9940974712371826, 0.9900191426277161, 0.9978691935539246, 0.987446129322052, 0.9977670907974243]","[1.0065933465957642, 1.0024430751800537, 0.9973967671394348, 1.0026679039001465, 0.9959900379180908, 2.2175259590148926, 0.9963952898979187, 1.0056509971618652, 0.993545413017273, 1.0008529424667358]","[1.0057086944580078, 0.9987775683403015, 1.0017659664154053, 1.010237693786621, 1.0067416429519653, 0.995400607585907, 2.2028725147247314, 1.0026620626449585, 0.9939427971839905, 0.9996479749679565]","[0.9942240715026855, 0.9952630996704102, 0.9869574904441833, 0.9976798295974731, 0.9886369705200195, 0.9839597940444946, 0.9913541674613953, 2.306185245513916, 0.9875783324241638, 0.999221682548523]","[1.0067424774169922, 0.9997929334640503, 1.004562497138977, 1.0043797492980957, 1.0041837692260742, 1.0028213262557983, 1.0053454637527466, 1.0054177045822144, 2.1796231269836426, 1.001375436782837]","[1.001940131187439, 1.0118275880813599, 1.0083690881729126, 1.005785584449768, 1.0032318830490112, 1.0021984577178955, 1.0016610622406006, 1.0003299713134766, 1.0082000494003296, 2.1700377464294434]"
3,0.4,0.3,trainable,paper,"[2.2357234954833984, 0.998687744140625, 1.0030341148376465, 1.0046687126159668, 0.9926798939704895, 0.9993546605110168, 0.9924530982971191, 0.9970974922180176, 0.9974296689033508, 0.9998009204864502]","[0.9954656958580017, 2.2890913486480713, 0.9971246123313904, 1.0010422468185425, 0.9948509335517883, 0.9873484373092651, 0.9915412068367004, 0.9923356771469116, 0.998196005821228, 0.9818269610404968]","[0.9944451451301575, 0.997124195098877, 2.285147190093994, 0.9972009062767029, 0.9928140044212341, 0.9890798330307007, 0.9857006072998047, 0.9997732639312744, 0.9955933690071106, 0.9906282424926758]","[0.9909400343894958, 0.9909384846687317, 0.9915919899940491, 2.3109734058380127, 0.993442714214325, 0.9901728630065918, 0.9826400876045227, 0.9918840527534485, 0.9952794909477234, 0.9929525256156921]","[0.9970518350601196, 0.9950721263885498, 0.9994682669639587, 0.9928763508796692, 2.2902705669403076, 0.9907861948013306, 0.9847471714019775, 0.9930642247200012, 0.9889119863510132, 0.9960010051727295]","[1.0039197206497192, 0.9996369481086731, 0.9993647336959839, 1.0006396770477295, 0.9954954385757446, 2.229635000228882, 0.9921993017196655, 1.003560185432434, 0.9967230558395386, 0.9990324378013611]","[1.0049060583114624, 0.9986308813095093, 1.0021377801895142, 1.0089643001556396, 1.0080751180648804, 0.9959958791732788, 2.2041304111480713, 0.9983552694320679, 0.9996004700660706, 0.996951162815094]","[0.9920803904533386, 0.9934166073799133, 0.9861365556716919, 0.9958899617195129, 0.9888582229614258, 0.9815775156021118, 0.9912291169166565, 2.3053412437438965, 0.995719313621521, 1.0008052587509155]","[1.0042009353637695, 0.9965279698371887, 1.0026999711990356, 0.9990277290344238, 1.0017421245574951, 0.9971089363098145, 0.997520923614502, 0.9950495362281799, 2.2239606380462646, 1.0012840032577515]","[1.0007224082946777, 1.0125538110733032, 1.0098234415054321, 1.0023362636566162, 1.0016402006149292, 1.0006678104400635, 1.0009539127349854, 0.9950592517852783, 1.0067296028137207, 2.1854546070098877]"
3,0.4,0.1,trainable,paper,"[2.258666753768921, 0.9954630136489868, 1.0022883415222168, 1.0062181949615479, 0.9930394887924194, 0.9980384111404419, 0.9878931045532227, 0.9919446706771851, 0.9902043342590332, 1.0012043714523315]","[0.9956684112548828, 2.3034722805023193, 0.9971545338630676, 1.0020530223846436, 0.9950687885284424, 0.9858325123786926, 0.9890345335006714, 0.9874106645584106, 0.9929710626602173, 0.9824081659317017]","[0.9937018752098083, 0.9952512979507446, 2.3150434494018555, 0.9945094585418701, 0.9923306107521057, 0.9847501516342163, 0.9828784465789795, 0.9958413243293762, 0.9877969622612, 0.9898871779441833]","[0.9883054494857788, 0.9880599975585938, 0.992478609085083, 2.341028928756714, 0.9950637817382812, 0.9861820936203003, 0.9770928621292114, 0.9886121153831482, 0.9871845841407776, 0.9920767545700073]","[0.9961155652999878, 0.9937825202941895, 1.0003864765167236, 0.9906664490699768, 2.327122449874878, 0.9852966666221619, 0.9795925617218018, 0.9900009632110596, 0.9783177971839905, 0.9941526651382446]","[1.0027496814727783, 0.9980188608169556, 1.0023950338363647, 1.002311110496521, 1.000067114830017, 2.245685577392578, 0.9874933958053589, 0.9997068643569946, 0.9877697825431824, 0.9970566034317017]","[1.006581425666809, 0.9980769157409668, 1.0030444860458374, 1.011832594871521, 1.0116456747055054, 0.9987601637840271, 2.213815927505493, 0.9911043047904968, 0.9901161193847656, 0.9961404800415039]","[0.992704451084137, 0.9940119385719299, 0.9872522950172424, 0.9959065914154053, 0.9905900955200195, 0.9816706776618958, 0.9945483803749084, 2.305114984512329, 0.985289454460144, 1.004539132118225]","[1.0069377422332764, 0.9985997676849365, 1.0082077980041504, 1.0044748783111572, 1.0121805667877197, 1.0025029182434082, 1.0017975568771362, 0.9998064041137695, 2.173186779022217, 1.0068789720535278]","[0.996814489364624, 1.0093603134155273, 1.0092042684555054, 1.0023199319839478, 1.0037161111831665, 0.9998607635498047, 0.9997023940086365, 0.9886036515235901, 0.9977192878723145, 2.2123756408691406]"
3,0.4,0.03,trainable,paper,"[2.2802112102508545, 0.9923191666603088, 0.9992689490318298, 1.0078682899475098, 0.9912550449371338, 0.9988451600074768, 0.9828321933746338, 0.9916298985481262, 0.9832196235656738, 1.0021637678146362]","[0.9957635998725891, 2.3201873302459717, 0.9940915107727051, 1.004560947418213, 0.9926486611366272, 0.9867958426475525, 0.9846528768539429, 0.9870343804359436, 0.9878914952278137, 0.9805383086204529]","[0.9934718012809753, 0.9957489371299744, 2.3293190002441406, 0.9921501278877258, 0.9925093054771423, 0.9883621335029602, 0.9798368215560913, 0.9951910376548767, 0.9806315898895264, 0.9875369071960449]","[0.9846576452255249, 0.9831403493881226, 0.9909397959709167, 2.368201494216919, 0.9933691620826721, 0.9882107377052307, 0.9743750691413879, 0.9896047115325928, 0.9808411002159119, 0.9875312447547913]","[0.9959624409675598, 0.9929131865501404, 0.9973384737968445, 0.9897759556770325, 2.3504531383514404, 0.9894250631332397, 0.973540186882019, 0.9911231994628906, 0.9697144031524658, 0.9907121658325195]","[1.00114905834198, 0.9968414306640625, 0.9982861876487732, 0.999656081199646, 0.9957476258277893, 2.2856831550598145, 0.9806703329086304, 0.9991022348403931, 0.9786164164543152, 0.9943661689758301]","[1.0079593658447266, 0.9991293549537659, 1.0033851861953735, 1.0109516382217407, 1.014939785003662, 1.0043004751205444, 2.218571186065674, 0.9904685616493225, 0.9831528663635254, 0.9916045665740967]","[0.990584135055542, 0.9927505850791931, 0.9853256344795227, 0.9929078817367554, 0.9879159927368164, 0.9827114939689636, 0.9924485087394714, 2.3297624588012695, 0.9770880937576294, 1.0045825242996216]","[1.0099180936813354, 1.0003864765167236, 1.011755108833313, 1.0070902109146118, 1.017403483390808, 1.0115087032318115, 1.0043851137161255, 1.0059188604354858, 2.1332201957702637, 1.010417103767395]","[0.9927975535392761, 1.007473349571228, 1.008370280265808, 1.0039982795715332, 1.0040992498397827, 1.0011889934539795, 1.000194787979126, 0.9866546988487244, 0.9904547929763794, 2.2270100116729736]"
3,0.4,0.01,trainable,paper,"[2.302326202392578, 0.9894686341285706, 0.9975025653839111, 1.0078972578048706, 0.9910277724266052, 0.9994040131568909, 0.9789232015609741, 0.9877814054489136, 0.9800902605056763, 0.999489426612854]","[0.9966853857040405, 2.345276117324829, 0.9934316277503967, 1.0016276836395264, 0.9922062754631042, 0.9881643652915955, 0.9776322245597839, 0.9842597246170044, 0.983922004699707, 0.9759854674339294]","[0.9930857419967651, 0.9958789348602295, 2.35632586479187, 0.9878054261207581, 0.9925136566162109, 0.9864339232444763, 0.9744908809661865, 0.9920266270637512, 0.9767851233482361, 0.984664797782898]","[0.982627272605896, 0.9836767911911011, 0.9921013116836548, 2.3882758617401123, 0.9922159910202026, 0.9873065948486328, 0.9697756767272949, 0.984573483467102, 0.9766982197761536, 0.987928569316864]","[0.9943821430206299, 0.990503191947937, 0.9953311681747437, 0.9882084727287292, 2.37530517578125, 0.9916061758995056, 0.9684182405471802, 0.9867002964019775, 0.965025007724762, 0.9911289811134338]","[0.9980608224868774, 0.9944626688957214, 0.9990444779396057, 0.9984397888183594, 0.9921559691429138, 2.3181822299957275, 0.9772018790245056, 0.994338870048523, 0.9723869562149048, 0.9917260408401489]","[1.008857250213623, 1.0024513006210327, 1.0087770223617554, 1.0127618312835693, 1.0168023109436035, 1.0056242942810059, 2.2148241996765137, 0.9852437376976013, 0.9793003797531128, 0.9924829602241516]","[0.9912610650062561, 0.9930770993232727, 0.9857032895088196, 0.993467390537262, 0.9894073605537415, 0.9852115511894226, 0.9936647415161133, 2.3361308574676514, 0.9684794545173645, 1.0019160509109497]","[1.0086822509765625, 1.000864863395691, 1.012380599975586, 1.006577491760254, 1.0181925296783447, 1.0133147239685059, 1.0038608312606812, 1.0095088481903076, 2.1348230838775635, 1.005050539970398]","[0.9925468564033508, 1.0089073181152344, 1.0089571475982666, 1.0001415014266968, 1.0008573532104492, 1.001892328262329, 0.9960097074508667, 0.9859243631362915, 0.990532636642456, 2.237882137298584]"
3,0.4,0.003,trainable,paper,"[2.320978879928589, 0.9867256283760071, 0.9972279071807861, 1.0022776126861572, 0.9905477166175842, 0.9988855123519897, 0.9770106077194214, 0.9899027943611145, 0.9743729829788208, 0.9990447163581848]","[0.9965231418609619, 2.359384536743164, 0.9940088987350464, 0.9966400265693665, 0.9917007088661194, 0.986291766166687, 0.977450430393219, 0.9868338108062744, 0.9795993566513062, 0.9730516672134399]","[0.9903558492660522, 0.9927458167076111, 2.3721797466278076, 0.9848597645759583, 0.9906193614006042, 0.9862070083618164, 0.9731562733650208, 0.9937182068824768, 0.9746484756469727, 0.9841352105140686]","[0.985335648059845, 0.9852285981178284, 0.9900853633880615, 2.3992109298706055, 0.9914638996124268, 0.9850775003433228, 0.9690271615982056, 0.985663890838623, 0.9710552096366882, 0.9853799939155579]","[0.9918274283409119, 0.9868724346160889, 0.9934774041175842, 0.9852545857429504, 2.3931798934936523, 0.9922528862953186, 0.9689580798149109, 0.9876447319984436, 0.959737241268158, 0.9911754131317139]","[0.9951694011688232, 0.9937631487846375, 0.9964171648025513, 0.9974633455276489, 0.9884213209152222, 2.340630054473877, 0.9759163856506348, 0.9936753511428833, 0.9667251110076904, 0.9922375679016113]","[1.0083917379379272, 0.9999268054962158, 1.0082684755325317, 1.0102137327194214, 1.013680100440979, 1.0050772428512573, 2.2295093536376953, 0.9857231378555298, 0.9752511382102966, 0.9927928447723389]","[0.9879701733589172, 0.9893304705619812, 0.9820305109024048, 0.9894880652427673, 0.9864209890365601, 0.9847574234008789, 0.9920315742492676, 2.3687191009521484, 0.9622281789779663, 1.0019822120666504]","[1.0098909139633179, 1.0011868476867676, 1.0103665590286255, 1.0070048570632935, 1.0191562175750732, 1.0140039920806885, 1.0037221908569336, 1.0124925374984741, 2.135545492172241, 1.0015491247177124]","[0.9903371334075928, 1.0085690021514893, 1.0068724155426025, 0.9993287920951843, 0.9975764155387878, 0.9992706775665283, 0.993135929107666, 0.9848228096961975, 0.9891269207000732, 2.2573156356811523]"
3,0.4,0.001,trainable,paper,"[2.3347041606903076, 0.9837493896484375, 0.9936580657958984, 1.002397894859314, 0.9946989417076111, 0.995681881904602, 0.9728632569313049, 0.9860044717788696, 0.9725131988525391, 1.0046442747116089]","[0.9954261183738708, 2.3729772567749023, 0.992734968662262, 0.9952269792556763, 0.9929683208465576, 0.9829784035682678, 0.9741694331169128, 0.9829095005989075, 0.9772420525550842, 0.9769985675811768]","[0.990095317363739, 0.9910769462585449, 2.380300760269165, 0.9838482737541199, 0.9921554923057556, 0.9857613444328308, 0.970167875289917, 0.9885280132293701, 0.9719741344451904, 0.9907711744308472]","[0.981929361820221, 0.9831993579864502, 0.9861526489257812, 2.4140021800994873, 0.994001030921936, 0.9856611490249634, 0.965623676776886, 0.9809848666191101, 0.9682321548461914, 0.991978645324707]","[0.9855841994285583, 0.9829770922660828, 0.9895676970481873, 0.9802786111831665, 2.430086851119995, 0.9901340007781982, 0.9640876054763794, 0.9804419279098511, 0.9559231400489807, 1.0000909566879272]","[0.9941296577453613, 0.9940905570983887, 0.9935365915298462, 0.9935293793678284, 0.9884301424026489, 2.3562912940979004, 0.9725072383880615, 0.9872327446937561, 0.9635746479034424, 1.0012073516845703]","[1.0078731775283813, 0.9990864396095276, 1.0070099830627441, 1.0088884830474854, 1.015873670578003, 1.0052076578140259, 2.2267096042633057, 0.9820148348808289, 0.9749956727027893, 1.0021636486053467]","[0.9866319894790649, 0.9891560077667236, 0.9818048477172852, 0.989615797996521, 0.9926634430885315, 0.9868881702423096, 0.9909350872039795, 2.348381280899048, 0.9620625376701355, 1.0185036659240723]","[1.0075860023498535, 0.9999396800994873, 1.0088239908218384, 1.0056313276290894, 1.020859718322754, 1.0126397609710693, 0.9991572499275208, 1.0079127550125122, 2.142444133758545, 1.0116262435913086]","[0.9859170317649841, 1.0056084394454956, 1.0015186071395874, 0.9938008785247803, 0.9916441440582275, 0.9920427203178406, 0.9839709997177124, 0.969234049320221, 0.9787852168083191, 2.341602087020874]"
4,0.2,10,trainable,paper,"[0.715135395526886, 0.6291667819023132, 0.6334208250045776, 0.6323596239089966, 0.6313017010688782, 0.6300751566886902, 0.6320159435272217, 0.6325982213020325, 0.630085825920105, 0.6378488540649414]","[0.6290971040725708, 0.7506057620048523, 0.6304466724395752, 0.6279535293579102, 0.6280242204666138, 0.6276784539222717, 0.6271601915359497, 0.6287181377410889, 0.6279132962226868, 0.6281233429908752]","[0.6258897185325623, 0.6272078156471252, 0.7630167007446289, 0.6280661821365356, 0.6272793412208557, 0.6268737316131592, 0.627821683883667, 0.627112865447998, 0.6263511776924133, 0.6272767782211304]","[0.6249034404754639, 0.6254582405090332, 0.6264435052871704, 0.7702652812004089, 0.6260833740234375, 0.6284374594688416, 0.626571774482727, 0.6260548830032349, 0.6257084608078003, 0.627872884273529]","[0.6287201046943665, 0.6280810236930847, 0.6292571425437927, 0.6285443902015686, 0.7424082159996033, 0.6286298036575317, 0.6333339214324951, 0.6284471750259399, 0.6288030743598938, 0.6290481090545654]","[0.6275907158851624, 0.6264545321464539, 0.6270101070404053, 0.6236433386802673, 0.6264833211898804, 0.7714475989341736, 0.6275365948677063, 0.6259693503379822, 0.6253514289855957, 0.626519501209259]","[0.6252334117889404, 0.6262588500976562, 0.625865638256073, 0.6257777214050293, 0.6255142688751221, 0.6247174739837646, 0.7747172713279724, 0.6265920400619507, 0.627365231513977, 0.6261178851127625]","[0.6251713633537292, 0.6247641444206238, 0.6271428465843201, 0.6252235770225525, 0.6262608766555786, 0.6265427470207214, 0.6255542635917664, 0.7747451663017273, 0.6254900097846985, 0.6273329257965088]","[0.6270802617073059, 0.6256417036056519, 0.6284751892089844, 0.6261214017868042, 0.6259669661521912, 0.62737637758255, 0.6249111294746399, 0.6270920634269714, 0.7676360607147217, 0.6271878480911255]","[0.6286866664886475, 0.633382260799408, 0.6291518211364746, 0.6268506646156311, 0.6285797357559204, 0.6279858946800232, 0.6285821795463562, 0.627732515335083, 0.6278179883956909, 0.7471986413002014]"
4,0.2,3,trainable,paper,"[0.7338624000549316, 0.628868818283081, 0.6309781074523926, 0.6304491758346558, 0.6309370994567871, 0.6250694990158081, 0.6303414106369019, 0.6308820247650146, 0.62932950258255, 0.6346651315689087]","[0.6272478699684143, 0.7664581537246704, 0.6298828125, 0.6250817179679871, 0.6286178231239319, 0.6240891218185425, 0.6252806782722473, 0.6269588470458984, 0.6279661059379578, 0.6262438893318176]","[0.6259249448776245, 0.6255351305007935, 0.7778115272521973, 0.6260849237442017, 0.6282010078430176, 0.6210841536521912, 0.6273050904273987, 0.626137912273407, 0.6264011859893799, 0.6247724294662476]","[0.6238757371902466, 0.6256263852119446, 0.6255577802658081, 0.7922136187553406, 0.6245325803756714, 0.6244144439697266, 0.6227714419364929, 0.6229656338691711, 0.6229953765869141, 0.6254702210426331]","[0.6265100240707397, 0.6255689263343811, 0.6258494853973389, 0.6278259754180908, 0.7623538374900818, 0.6281119585037231, 0.6311073899269104, 0.6265220642089844, 0.6279580593109131, 0.6255444288253784]","[0.6299003958702087, 0.6276344656944275, 0.6294822096824646, 0.6245032548904419, 0.6240273714065552, 0.7753843665122986, 0.624181866645813, 0.6244769096374512, 0.6233684420585632, 0.6268160939216614]","[0.624164879322052, 0.6259971857070923, 0.6236497759819031, 0.62640780210495, 0.6247460246086121, 0.6247525811195374, 0.782697856426239, 0.6267991065979004, 0.62790846824646, 0.6224632859230042]","[0.6244990229606628, 0.6240307688713074, 0.6250433325767517, 0.6262175440788269, 0.6262096762657166, 0.6249921321868896, 0.6231818199157715, 0.7869259715080261, 0.6248372197151184, 0.6237754821777344]","[0.6255802512168884, 0.6231497526168823, 0.625271201133728, 0.6266690492630005, 0.624578595161438, 0.6261702179908752, 0.6221436858177185, 0.6250133514404297, 0.7839772701263428, 0.6271275281906128]","[0.6292522549629211, 0.6333768367767334, 0.6287524700164795, 0.6264826059341431, 0.6295024752616882, 0.6242585778236389, 0.6294527649879456, 0.6284571886062622, 0.6250509023666382, 0.7527961730957031]"
4,0.2,1,trainable,paper,"[0.756525456905365, 0.6286528706550598, 0.6284717917442322, 0.6281648278236389, 0.6265095472335815, 0.6259273290634155, 0.6266809105873108, 0.6275705099105835, 0.6260572075843811, 0.6327831149101257]","[0.6255089640617371, 0.7846564650535583, 0.6280397772789001, 0.6234486103057861, 0.6245596408843994, 0.6233562231063843, 0.6230414509773254, 0.6253271102905273, 0.6252079010009766, 0.6267166137695312]","[0.6261749863624573, 0.6252703666687012, 0.7939812541007996, 0.6250854134559631, 0.623798668384552, 0.622833788394928, 0.6231228709220886, 0.6231741905212402, 0.6231368184089661, 0.6241894364356995]","[0.6231940984725952, 0.6243870258331299, 0.6234930157661438, 0.8107733130455017, 0.6220596432685852, 0.6245534420013428, 0.6206997632980347, 0.6209154725074768, 0.6206631064414978, 0.6224392652511597]","[0.6280234456062317, 0.6270932555198669, 0.6271777153015137, 0.6272839307785034, 0.7615936994552612, 0.6264798045158386, 0.6293188333511353, 0.6262237429618835, 0.6278889775276184, 0.6259079575538635]","[0.6272452473640442, 0.6266381144523621, 0.625103235244751, 0.6218687891960144, 0.623048722743988, 0.8050634264945984, 0.621817946434021, 0.6191099286079407, 0.6186104416847229, 0.6253785490989685]","[0.6249955296516418, 0.6260793805122375, 0.6249528527259827, 0.6254898905754089, 0.6232662200927734, 0.6247518062591553, 0.7864121794700623, 0.6243147253990173, 0.6270631551742554, 0.6227209568023682]","[0.6253061294555664, 0.6230024099349976, 0.6247700452804565, 0.6257234811782837, 0.623448371887207, 0.6277839541435242, 0.623375654220581, 0.7911095023155212, 0.6229730248451233, 0.6231268048286438]","[0.6263908743858337, 0.6232149600982666, 0.6251116991043091, 0.6263439059257507, 0.6214649081230164, 0.6281557679176331, 0.6205117702484131, 0.6235905289649963, 0.7887209057807922, 0.6277124881744385]","[0.6289944648742676, 0.6313688158988953, 0.6267061829566956, 0.6270162463188171, 0.6263678073883057, 0.6233564615249634, 0.6270480751991272, 0.6263669729232788, 0.6217246055603027, 0.7702151536941528]"
4,0.2,0.3,trainable,paper,"[0.766433835029602, 0.6287778615951538, 0.627360999584198, 0.6288542747497559, 0.6246980428695679, 0.6232746839523315, 0.6265057921409607, 0.6267194151878357, 0.626200795173645, 0.6293748617172241]","[0.6231119632720947, 0.7976266741752625, 0.626039445400238, 0.6243302226066589, 0.6220995187759399, 0.6203064918518066, 0.6216292977333069, 0.6258265376091003, 0.6260017156600952, 0.6249610185623169]","[0.624699056148529, 0.6249389052391052, 0.8109112977981567, 0.6251329183578491, 0.6201344132423401, 0.6188088059425354, 0.6211300492286682, 0.6232404708862305, 0.6231111884117126, 0.6215367913246155]","[0.6192030310630798, 0.6206525564193726, 0.6203266382217407, 0.8303112387657166, 0.6219084858894348, 0.6246321797370911, 0.6203388571739197, 0.6193699836730957, 0.6192148923873901, 0.6203868389129639]","[0.626824140548706, 0.6271014213562012, 0.6280303001403809, 0.6246474385261536, 0.7700796723365784, 0.6258217692375183, 0.6272717118263245, 0.625853419303894, 0.6278375387191772, 0.6248348951339722]","[0.62721186876297, 0.6270044445991516, 0.6259731650352478, 0.6187913417816162, 0.6208906769752502, 0.8197159767150879, 0.6233994364738464, 0.6172779202461243, 0.6160439848899841, 0.6211941838264465]","[0.622282087802887, 0.6251251101493835, 0.6243595480918884, 0.6230682730674744, 0.6225345134735107, 0.6205155253410339, 0.7997382283210754, 0.6266950368881226, 0.6279926300048828, 0.6204157471656799]","[0.6238769292831421, 0.6203457713127136, 0.6220414042472839, 0.625343918800354, 0.6215322613716125, 0.62710040807724, 0.6194770336151123, 0.8166149258613586, 0.6207043528556824, 0.6180781126022339]","[0.6238881349563599, 0.6202012300491333, 0.6221672296524048, 0.6256440877914429, 0.619036853313446, 0.6278542280197144, 0.6177747845649719, 0.6236503720283508, 0.8105487823486328, 0.6239119172096252]","[0.6293842792510986, 0.6309821009635925, 0.6262291669845581, 0.6260036826133728, 0.6243950128555298, 0.6242479085922241, 0.6269608736038208, 0.6287463903427124, 0.6227315664291382, 0.7694131135940552]"
4,0.2,0.1,trainable,paper,"[0.7808845043182373, 0.6291420459747314, 0.6271154284477234, 0.6269431710243225, 0.6226847767829895, 0.6213895082473755, 0.6243108510971069, 0.6248108744621277, 0.6238728761672974, 0.6296417117118835]","[0.6207128763198853, 0.8148123621940613, 0.6240395307540894, 0.6211669445037842, 0.6191181540489197, 0.6183713674545288, 0.6209748983383179, 0.6240754723548889, 0.6242142915725708, 0.6279716491699219]","[0.6226242184638977, 0.6248489022254944, 0.8324378132820129, 0.6217231750488281, 0.6164596080780029, 0.6158599257469177, 0.6188095211982727, 0.6216866374015808, 0.621311604976654, 0.6218715906143188]","[0.6176483035087585, 0.6208025813102722, 0.6205155253410339, 0.8398074507713318, 0.6219281554222107, 0.623788058757782, 0.617164671421051, 0.6186226606369019, 0.6186319589614868, 0.6191008687019348]","[0.6258841156959534, 0.6276786923408508, 0.62896728515625, 0.6215429902076721, 0.7787676453590393, 0.6235598921775818, 0.6276201009750366, 0.6247844696044922, 0.6271905303001404, 0.6249746084213257]","[0.6267114281654358, 0.6265435218811035, 0.6260398030281067, 0.6165637969970703, 0.6203956604003906, 0.8385903239250183, 0.6182124018669128, 0.6139999628067017, 0.6134210228919983, 0.621765673160553]","[0.6214295625686646, 0.6232380270957947, 0.6239528656005859, 0.6230661273002625, 0.6192073822021484, 0.6229994893074036, 0.8049409985542297, 0.6248685121536255, 0.6273441314697266, 0.6225437521934509]","[0.623156726360321, 0.6195495128631592, 0.6205518841743469, 0.6234021782875061, 0.6198119521141052, 0.6275842785835266, 0.6191644668579102, 0.8242611885070801, 0.6176567077636719, 0.6211798787117004]","[0.6236273646354675, 0.619526207447052, 0.6207820773124695, 0.6234388947486877, 0.6168267130851746, 0.6275015473365784, 0.6161882877349854, 0.6236611604690552, 0.820063054561615, 0.6252310276031494]","[0.6271716952323914, 0.626867413520813, 0.6238006949424744, 0.6249798536300659, 0.6220120191574097, 0.6213833093643188, 0.6230459809303284, 0.6234195232391357, 0.6192203760147095, 0.800769031047821]"
4,0.2,0.03,trainable,paper,"[0.7945817112922668, 0.6281998157501221, 0.6254673004150391, 0.62530916929245, 0.6236343383789062, 0.619483470916748, 0.6250395774841309, 0.6235844492912292, 0.620622992515564, 0.6267032623291016]","[0.619493842124939, 0.8281387686729431, 0.6225433349609375, 0.6206341981887817, 0.6195621490478516, 0.614931583404541, 0.6217004060745239, 0.6226056218147278, 0.6211822628974915, 0.6268004775047302]","[0.6219239830970764, 0.6241275668144226, 0.8540927171707153, 0.6195105314254761, 0.6166524887084961, 0.612305760383606, 0.6203959584236145, 0.6175004243850708, 0.6170923113822937, 0.6182624697685242]","[0.6160966157913208, 0.6185247302055359, 0.6197713017463684, 0.8595715761184692, 0.6199815273284912, 0.6212790012359619, 0.6164078712463379, 0.6170865297317505, 0.6176433563232422, 0.6151008605957031]","[0.62238609790802, 0.6250922083854675, 0.6263764500617981, 0.6209461092948914, 0.7957300543785095, 0.6220524907112122, 0.6271990537643433, 0.6227901577949524, 0.625586986541748, 0.6248720288276672]","[0.6261959671974182, 0.6273826956748962, 0.6267756223678589, 0.6161209940910339, 0.6193193197250366, 0.8560188412666321, 0.6176354885101318, 0.6121445894241333, 0.6112880110740662, 0.6145601868629456]","[0.6182363033294678, 0.6204317212104797, 0.6201497316360474, 0.6213477849960327, 0.6173941493034363, 0.6212862730026245, 0.828014075756073, 0.624203085899353, 0.6237832307815552, 0.6215865015983582]","[0.6219868063926697, 0.6184579133987427, 0.6219353079795837, 0.6224665641784668, 0.6194489598274231, 0.6267945170402527, 0.6183339357376099, 0.8410032391548157, 0.6136478185653687, 0.6160344481468201]","[0.6241722106933594, 0.6197677850723267, 0.6216524839401245, 0.621554434299469, 0.6157447695732117, 0.626388669013977, 0.6178091168403625, 0.6245819330215454, 0.8217124342918396, 0.6237486004829407]","[0.6271198987960815, 0.6258220672607422, 0.6243379712104797, 0.6259095668792725, 0.6194199323654175, 0.62544184923172, 0.6219825744628906, 0.6258257627487183, 0.6176633834838867, 0.7998470067977905]"
4,0.2,0.01,trainable,paper,"[0.8121103644371033, 0.6283867955207825, 0.625724732875824, 0.6223889589309692, 0.6209812760353088, 0.6187577843666077, 0.623119056224823, 0.6237702369689941, 0.6204578876495361, 0.6199406385421753]","[0.6175994873046875, 0.8376674056053162, 0.6231254935264587, 0.6194366812705994, 0.6173423528671265, 0.6140429377555847, 0.6214790940284729, 0.6226620674133301, 0.622557520866394, 0.6233989596366882]","[0.6200093030929565, 0.6217443346977234, 0.8851367831230164, 0.6159151792526245, 0.6144958734512329, 0.6095173358917236, 0.6183387637138367, 0.6168309450149536, 0.6168875694274902, 0.6103208065032959]","[0.6169919371604919, 0.6183140277862549, 0.6210963129997253, 0.8718010783195496, 0.6183700561523438, 0.6211376786231995, 0.6138738989830017, 0.6177988648414612, 0.6170312762260437, 0.6089838147163391]","[0.6233271360397339, 0.6256346106529236, 0.6270594596862793, 0.6205232739448547, 0.7975484132766724, 0.6214895844459534, 0.6264774203300476, 0.6222710013389587, 0.6250739693641663, 0.6246717572212219]","[0.6258059144020081, 0.6268097758293152, 0.6279597878456116, 0.6148101687431335, 0.6184802055358887, 0.8755275011062622, 0.6147812008857727, 0.614594042301178, 0.6120341420173645, 0.6041792035102844]","[0.6177782416343689, 0.6184738278388977, 0.6199213862419128, 0.6212772727012634, 0.6157912611961365, 0.6223282814025879, 0.839531421661377, 0.6224536299705505, 0.6231998205184937, 0.6176818013191223]","[0.6208885908126831, 0.6171572804450989, 0.621001660823822, 0.6200072765350342, 0.6188749074935913, 0.6239861249923706, 0.6188448667526245, 0.8630947470664978, 0.6137137413024902, 0.6077560186386108]","[0.6223387122154236, 0.616931140422821, 0.6197056770324707, 0.6205015778541565, 0.6148525476455688, 0.6246303915977478, 0.6168769598007202, 0.623543381690979, 0.8394497036933899, 0.6204163432121277]","[0.6335407495498657, 0.628541111946106, 0.6312122344970703, 0.63113933801651, 0.618874728679657, 0.6359356641769409, 0.6247416734695435, 0.636124849319458, 0.6211312413215637, 0.7546963691711426]"
4,0.2,0.003,trainable,paper,"[0.8233384490013123, 0.6293365359306335, 0.6245711445808411, 0.6214470863342285, 0.6218281984329224, 0.6190283894538879, 0.6219757795333862, 0.6213058829307556, 0.6178762912750244, 0.6175455451011658]","[0.61428302526474, 0.8477461934089661, 0.6222940683364868, 0.6183586716651917, 0.6189092397689819, 0.6134049892425537, 0.621894359588623, 0.6205199956893921, 0.6215337514877319, 0.6220472455024719]","[0.6185181736946106, 0.6200234293937683, 0.8977593779563904, 0.6155303120613098, 0.6157740354537964, 0.6105262637138367, 0.6175272464752197, 0.6127089858055115, 0.6137403249740601, 0.6086851954460144]","[0.6148583292961121, 0.6166569590568542, 0.6185147166252136, 0.89735347032547, 0.6172158122062683, 0.6194726824760437, 0.6114563345909119, 0.613473653793335, 0.6147716045379639, 0.6069729328155518]","[0.6199278235435486, 0.6219618916511536, 0.6233009696006775, 0.6193835735321045, 0.8181757926940918, 0.6212718486785889, 0.6259709596633911, 0.6199192404747009, 0.6235640645027161, 0.622856616973877]","[0.623301088809967, 0.6250140070915222, 0.6240790486335754, 0.6138596534729004, 0.6163862943649292, 0.8946802020072937, 0.6143408417701721, 0.6098650693893433, 0.6109442114830017, 0.6040729284286499]","[0.6161050796508789, 0.6156696081161499, 0.6181297302246094, 0.621105432510376, 0.6139904260635376, 0.62043297290802, 0.8553019762039185, 0.6226310729980469, 0.622014045715332, 0.6162145137786865]","[0.6204389333724976, 0.6162450909614563, 0.6217052340507507, 0.6215811967849731, 0.6186590790748596, 0.6257244944572449, 0.6165745854377747, 0.8646634221076965, 0.6129785776138306, 0.6080257296562195]","[0.6224641799926758, 0.615391194820404, 0.619713306427002, 0.6203950643539429, 0.61402428150177, 0.6229906678199768, 0.6161634922027588, 0.6211879849433899, 0.8512571454048157, 0.6175853610038757]","[0.6332276463508606, 0.6279214024543762, 0.6299701929092407, 0.6304798722267151, 0.6184343099594116, 0.633265495300293, 0.6242510676383972, 0.6329882740974426, 0.6214513182640076, 0.7633568644523621]"
4,0.2,0.001,trainable,paper,"[0.8254087567329407, 0.6300840973854065, 0.6258848309516907, 0.6232393383979797, 0.6229491829872131, 0.6178521513938904, 0.6234857439994812, 0.6190890073776245, 0.615470290184021, 0.616657555103302]","[0.6112830638885498, 0.8560618758201599, 0.6231978535652161, 0.6194071769714355, 0.6198264956474304, 0.6112739443778992, 0.6228777766227722, 0.6186537742614746, 0.6187973022460938, 0.6225634217262268]","[0.6150580644607544, 0.6167035698890686, 0.9159432649612427, 0.6163803339004517, 0.6164078116416931, 0.6080319881439209, 0.618341326713562, 0.609785258769989, 0.6098392605781555, 0.6083272099494934]","[0.6102075576782227, 0.6128397583961487, 0.6147891879081726, 0.9269648790359497, 0.6160241365432739, 0.617753803730011, 0.6112504005432129, 0.6126961708068848, 0.6127645373344421, 0.6027898192405701]","[0.6168299317359924, 0.6189455986022949, 0.6204355955123901, 0.618457555770874, 0.8408395648002625, 0.6192542314529419, 0.623352587223053, 0.6182441115379333, 0.622175931930542, 0.6209660172462463]","[0.6220542192459106, 0.6244327425956726, 0.6236528158187866, 0.6127278208732605, 0.6159152984619141, 0.9115821719169617, 0.6159475445747375, 0.6096912622451782, 0.6059091687202454, 0.6007319092750549]","[0.6125755310058594, 0.6126248240470886, 0.6151978969573975, 0.6192213296890259, 0.6144696474075317, 0.6163727045059204, 0.8775774836540222, 0.6224929690361023, 0.6186311841011047, 0.6162495017051697]","[0.6200679540634155, 0.6153457760810852, 0.6217739582061768, 0.6198952794075012, 0.6181058287620544, 0.6230812072753906, 0.6147961020469666, 0.879960834980011, 0.6079789400100708, 0.6087110042572021]","[0.6220263242721558, 0.614995002746582, 0.6201273798942566, 0.6196216940879822, 0.6128003597259521, 0.6245669722557068, 0.6172305941581726, 0.6231573224067688, 0.8537066578865051, 0.6151298880577087]","[0.6311245560646057, 0.6250832676887512, 0.6272053122520447, 0.6321578025817871, 0.6180844902992249, 0.6334993839263916, 0.6223833560943604, 0.6297422051429749, 0.6212684512138367, 0.7757650017738342]"
