mode,frame_type,posterior_var_mode,noise_rate,beta,anchor_scale,seed,checkpoint,best_epoch,total_epochs,hit_epoch_cap,d_hat,kl_var,kl_total,consistency_check,trained_risk,trained_risk_mc,trained_objective,trained_objective_mc,delta_noise,comparator_risk,comparator_objective,L_hat_minus_L_comp,opt_fail,excess_d,beta_excess_d,noisy_label_acc,clean_class_acc,noisy_label_acc_mc,min_center_distance,mean_center_distance,mean_center_anchor_err,min_sigma_u,raw_ortho_dev,eta_dev,fail
population,fixed,paper,0,10,6.0,3,best,1664,3664,0,0.000002,0.000001,0.000003,0.00e+00,-0.000000,0.000445,0.000027,0.000472,0.000000,0.000284,0.000284,0.000188,0,0.000002,0.000019,1.000000,1.000000,1.000000,8.483068,8.485209,0.001814,1.000000,0.000000,0.000000,
population,fixed,paper,0,10,6.0,3,final,1664,3664,0,0.000000,-0.000000,-0.000000,0.00e+00,-0.000000,0.000429,-0.000000,0.000429,0.000000,0.000284,0.000284,0.000145,0,0.000000,0.000000,1.000000,1.000000,1.000000,8.485280,8.485291,0.000037,1.000000,0.000000,0.000000,
population,fixed,paper,0,3,6.0,3,best,28,2028,0,0.000003,0.000001,0.000004,0.00e+00,-0.000000,0.000243,0.000011,0.000254,0.000000,0.000284,0.000284,-0.000030,0,0.000003,0.000009,1.000000,1.000000,1.000000,8.484283,8.486106,0.002438,1.000000,0.000000,0.000000,
population,fixed,paper,0,3,6.0,3,final,28,2028,0,0.000000,0.000001,0.000001,0.00e+00,-0.000000,0.000206,0.000003,0.000208,0.000000,0.000284,0.000284,-0.000076,0,0.000000,0.000001,1.000000,1.000000,1.000000,8.484089,8.485391,0.000735,1.000000,0.000000,0.000000,
population,fixed,paper,0,1,6.0,3,best,66,2066,0,0.000000,0.000001,0.000001,0.00e+00,-0.000000,0.000569,0.000001,0.000571,0.000000,0.000284,0.000284,0.000287,0,0.000000,0.000000,1.000000,1.000000,1.000000,8.484727,8.485430,0.000848,1.000000,0.000000,0.000000,
population,fixed,paper,0,1,6.0,3,final,66,2066,0,0.000000,0.000000,0.000000,0.00e+00,-0.000000,0.000591,0.000000,0.000591,0.000000,0.000284,0.000284,0.000307,0,0.000000,0.000000,1.000000,1.000000,1.000000,8.485182,8.485278,0.000068,1.000000,0.000000,0.000000,
population,fixed,paper,0,0.3,6.0,3,best,18,2018,0,0.000009,0.000001,0.000011,0.00e+00,-0.000000,0.000332,0.000003,0.000335,0.000000,0.000284,0.000284,0.000051,0,0.000009,0.000003,1.000000,1.000000,1.000000,8.482822,8.486134,0.004131,1.000000,0.000000,0.000000,
population,fixed,paper,0,0.3,6.0,3,final,18,2018,0,0.000000,0.000010,0.000011,0.00e+00,-0.000000,0.000223,0.000003,0.000226,0.000000,0.000284,0.000284,-0.000058,0,0.000000,0.000000,1.000000,1.000000,1.000000,8.485090,8.485409,0.000458,1.000000,0.000000,0.000000,
population,fixed,paper,0,0.1,6.0,3,best,22,2022,0,0.000005,0.000002,0.000007,0.00e+00,-0.000000,0.000206,0.000001,0.000207,0.000000,0.000284,0.000284,-0.000077,0,0.000005,0.000001,1.000000,1.000000,1.000000,8.480335,8.484337,0.003206,1.000000,0.000000,0.000000,
population,fixed,paper,0,0.1,6.0,3,final,22,2022,0,0.000120,0.001049,0.001169,0.00e+00,-0.000000,0.000140,0.000117,0.000257,0.000000,0.000284,0.000284,-0.000027,0,0.000120,0.000012,1.000000,1.000000,1.000000,8.480530,8.491443,0.008353,1.000000,0.000000,0.000000,
population,fixed,paper,0,0.03,6.0,3,best,24,2024,0,0.000005,0.000002,0.000007,0.00e+00,-0.000000,0.000217,0.000000,0.000217,0.000000,0.000284,0.000284,-0.000067,0,0.000005,0.000000,1.000000,1.000000,1.000000,8.483297,8.485447,0.002861,1.000000,0.000000,0.000000,
population,fixed,paper,0,0.03,6.0,3,final,24,2024,0,0.000016,0.000946,0.000962,0.00e+00,-0.000000,0.000397,0.000029,0.000426,0.000000,0.000284,0.000284,0.000142,0,0.000016,0.000000,1.000000,1.000000,1.000000,8.484645,8.488674,0.003918,1.000000,0.000000,0.000000,
population,fixed,paper,0,0.01,6.0,3,best,2,2002,0,0.000109,0.000014,0.000122,0.00e+00,-0.000000,0.000307,0.000001,0.000309,0.000000,0.000284,0.000284,0.000025,0,0.000109,0.000001,1.000000,1.000000,1.000000,8.478841,8.486152,0.014285,1.000000,0.000000,0.000000,
population,fixed,paper,0,0.01,6.0,3,final,2,2002,0,0.001602,0.002040,0.003642,0.00e+00,-0.000000,0.000138,0.000036,0.000174,0.000000,0.000284,0.000284,-0.000110,0,0.001602,0.000016,1.000000,1.000000,1.000000,8.484289,8.517368,0.032881,1.000000,0.000000,0.000000,
population,fixed,paper,0,0.003,6.0,3,best,1,2001,0,0.000092,0.000020,0.000113,0.00e+00,-0.000000,0.000477,0.000000,0.000477,0.000000,0.000284,0.000284,0.000193,0,0.000092,0.000000,1.000000,1.000000,1.000000,8.476369,8.485089,0.013296,1.000000,0.000000,0.000000,
population,fixed,paper,0,0.003,6.0,3,final,1,2001,0,0.008552,0.006292,0.014844,0.00e+00,-0.000000,0.000150,0.000045,0.000194,0.000000,0.000284,0.000284,-0.000090,0,0.008552,0.000026,1.000000,1.000000,1.000000,8.487760,8.569077,0.069725,1.000000,0.000000,0.000000,
population,fixed,paper,0,0.001,6.0,3,best,34,2034,0,0.000008,0.000023,0.000031,0.00e+00,-0.000000,0.000398,0.000000,0.000398,0.000000,0.000284,0.000284,0.000114,0,0.000008,0.000000,1.000000,1.000000,1.000000,8.480808,8.486327,0.003537,1.000000,0.000000,0.000000,
population,fixed,paper,0,0.001,6.0,3,final,34,2034,0,0.038719,0.016342,0.055061,0.00e+00,-0.000000,0.000054,0.000055,0.000109,0.000000,0.000284,0.000284,-0.000175,0,0.038719,0.000039,1.000000,1.000000,1.000000,8.497484,8.723988,0.232509,1.000000,0.000000,0.000000,
population,fixed,fixed,0.1,10,6.0,3,best,1609,3609,0,3.401855,0.000000,3.401855,0.00e+00,3.161763,3.161324,37.180310,37.179872,3.400000,3.187217,37.187217,-0.007346,0,0.001855,0.018548,0.900000,1.000000,0.900000,7.446971,7.452351,0.060795,1.000000,0.000000,0.000000,
population,fixed,fixed,0.1,10,6.0,3,final,1609,3609,0,3.401998,0.000000,3.401998,0.00e+00,3.160024,3.157855,37.180002,37.177833,3.400000,3.187217,37.187217,-0.009385,0,0.001998,0.019978,0.900000,1.000000,0.900000,7.448136,7.448247,0.063208,1.000000,0.000000,0.000000,
population,fixed,fixed,0.1,3,6.0,3,best,1,2001,0,3.402740,0.000000,3.402740,0.00e+00,3.153611,3.157599,13.361831,13.365819,3.400000,3.187217,13.387217,-0.021399,0,0.002740,0.008220,0.900000,1.000000,0.900000,7.425587,7.433139,0.073972,1.000000,0.000000,0.000000,
population,fixed,fixed,0.1,3,6.0,3,final,1,2001,0,3.422184,0.000000,3.422184,0.00e+00,3.066930,3.071746,13.333484,13.338300,3.400000,3.187217,13.387217,-0.048918,0,0.022184,0.066553,0.900000,1.000000,0.900000,7.206484,7.228834,0.210532,1.000000,0.000000,0.000000,
population,fixed,fixed,0.1,1,6.0,3,best,1,2001,0,3.403815,0.000000,3.403815,0.00e+00,3.145473,3.144195,6.549288,6.548010,3.400000,3.187217,6.587217,-0.039208,0,0.003815,0.003815,0.900000,1.000000,0.900000,7.400859,7.413965,0.087289,1.000000,0.000000,0.000000,
population,fixed,fixed,0.1,1,6.0,3,final,1,2001,0,3.582703,0.000000,3.582703,0.00e+00,2.818867,2.832207,6.401570,6.414910,3.400000,3.187217,6.587217,-0.172308,0,0.182703,0.182703,0.900000,1.000000,0.900000,6.599993,6.644357,0.603574,1.000000,0.000000,0.000000,
population,fixed,fixed,0.1,0.3,6.0,3,best,1,2001,0,3.405020,0.000000,3.405020,0.00e+00,3.137339,3.137579,4.158845,4.159086,3.400000,3.187217,4.207217,-0.048132,0,0.005020,0.001506,0.900000,1.000000,0.900000,7.376019,7.394807,0.100153,1.000000,0.000000,0.000000,
population,fixed,fixed,0.1,0.3,6.0,3,final,1,2001,0,4.498164,0.000000,4.498164,0.00e+00,2.266603,2.352607,3.616052,3.702056,3.400000,3.187217,4.207217,-0.505161,0,1.098164,0.329449,0.900000,1.000000,0.900000,5.202464,5.344719,1.480104,1.000000,0.000000,0.000000,
population,fixed,fixed,0.1,0.1,6.0,3,best,1,2001,0,3.406459,0.000000,3.406459,0.00e+00,3.129218,3.127729,3.469864,3.468375,3.400000,3.187217,3.527217,-0.058843,0,0.006459,0.000646,0.900000,1.000000,0.900000,7.351233,7.375684,0.113568,1.000000,0.000000,0.000000,
population,fixed,fixed,0.1,0.1,6.0,3,final,1,2001,0,5.312284,0.000000,5.312284,0.00e+00,1.971298,2.205277,2.502526,2.736505,3.400000,3.187217,3.527217,-0.790712,0,1.912284,0.191228,0.900000,1.000000,0.900000,4.450745,4.653159,1.953001,1.000000,0.000000,0.000000,
population,fixed,fixed,0.1,0.03,6.0,3,best,1,2001,0,3.408072,0.000000,3.408072,0.00e+00,3.121108,3.121637,3.223350,3.223879,3.400000,3.187217,3.289217,-0.065339,0,0.008072,0.000242,0.900000,1.000000,0.900000,7.326504,7.356598,0.127004,1.000000,0.000000,0.000000,
population,fixed,fixed,0.1,0.03,6.0,3,final,1,2001,0,5.557037,0.000000,5.557037,0.00e+00,1.899849,2.194005,2.066560,2.360716,3.400000,3.187217,3.289217,-0.928502,0,2.157037,0.064711,0.900000,1.000000,0.900000,4.270708,4.490785,2.075235,1.000000,0.000000,0.000000,
population,fixed,fixed,0.1,0.01,6.0,3,best,1,2001,0,3.409875,0.000000,3.409875,0.00e+00,3.113011,3.113882,3.147110,3.147980,3.400000,3.187217,3.221217,-0.073237,0,0.009875,0.000099,0.900000,1.000000,0.900000,7.301833,7.337547,0.140418,1.000000,0.000000,0.000000,
population,fixed,fixed,0.1,0.01,6.0,3,final,1,2001,0,5.777914,0.000000,5.777914,0.00e+00,1.833917,2.185952,1.891696,2.243732,3.400000,3.187217,3.221217,-0.977486,0,2.377914,0.023779,0.900000,1.000000,0.900000,4.160384,4.340003,2.179688,1.000000,0.000000,0.000000,
population,fixed,fixed,0.1,0.003,6.0,3,best,1,2001,0,3.411871,0.000000,3.411871,0.00e+00,3.104928,3.106739,3.115163,3.116974,3.400000,3.187217,3.197417,-0.080443,0,0.011871,0.000036,0.900000,1.000000,0.900000,7.277216,7.318531,0.153939,1.000000,0.000000,0.000000,
population,fixed,fixed,0.1,0.003,6.0,3,final,1,2001,0,5.662345,0.000000,5.662345,0.00e+00,1.873727,2.195168,1.890714,2.212155,3.400000,3.187217,3.197417,-0.985263,0,2.262345,0.006787,0.900000,1.000000,0.900000,4.206252,4.436487,2.125442,1.000000,0.000000,0.000000,
population,fixed,fixed,0.1,0.001,6.0,3,best,1,2001,0,3.414020,0.000000,3.414020,0.00e+00,3.096855,3.098901,3.100269,3.102315,3.400000,3.187217,3.190617,-0.088302,0,0.014020,0.000014,0.900000,1.000000,0.900000,7.252658,7.299552,0.167332,1.000000,0.000000,0.000000,
population,fixed,fixed,0.1,0.001,6.0,3,final,1,2001,0,5.729438,0.000000,5.729438,0.00e+00,1.849479,2.181823,1.855208,2.187553,3.400000,3.187217,3.190617,-1.003065,0,2.329438,0.002329,0.900000,1.000000,0.900000,4.061689,4.380352,2.157304,1.000000,0.000000,0.000000,
population,fixed,fixed,0,10,6.0,3,best,1731,3731,0,0.000000,0.000000,0.000000,0.00e+00,-0.000000,0.000446,0.000004,0.000449,0.000000,0.000284,0.000284,0.000165,0,0.000000,0.000004,1.000000,1.000000,1.000000,8.484144,8.485105,0.000815,1.000000,0.000000,0.000000,
population,fixed,fixed,0,10,6.0,3,final,1731,3731,0,0.000000,0.000000,0.000000,0.00e+00,-0.000000,0.000428,0.000000,0.000428,0.000000,0.000284,0.000284,0.000144,0,0.000000,0.000000,1.000000,1.000000,1.000000,8.485280,8.485293,0.000030,1.000000,0.000000,0.000000,
population,fixed,fixed,0,3,6.0,3,best,12,2012,0,0.000010,0.000000,0.000010,0.00e+00,-0.000000,0.000255,0.000029,0.000285,0.000000,0.000284,0.000284,0.000001,0,0.000010,0.000029,1.000000,1.000000,1.000000,8.482225,8.485491,0.004237,1.000000,0.000000,0.000000,
population,fixed,fixed,0,3,6.0,3,final,12,2012,0,0.000000,0.000000,0.000000,0.00e+00,-0.000000,0.000194,0.000000,0.000194,0.000000,0.000284,0.000284,-0.000090,0,0.000000,0.000000,1.000000,1.000000,1.000000,8.485248,8.485307,0.000063,1.000000,0.000000,0.000000,
population,fixed,fixed,0,1,6.0,3,best,33,2033,0,0.000005,0.000000,0.000005,0.00e+00,-0.000000,0.000578,0.000005,0.000583,0.000000,0.000284,0.000284,0.000299,0,0.000005,0.000005,1.000000,1.000000,1.000000,8.479524,8.484620,0.003120,1.000000,0.000000,0.000000,
population,fixed,fixed,0,1,6.0,3,final,33,2033,0,0.000000,0.000000,0.000000,0.00e+00,-0.000000,0.000581,0.000000,0.000581,0.000000,0.000284,0.000284,0.000297,0,0.000000,0.000000,1.000000,1.000000,1.000000,8.484781,8.485587,0.000614,1.000000,0.000000,0.000000,
population,fixed,fixed,0,0.3,6.0,3,best,35,2035,0,0.000002,0.000000,0.000002,0.00e+00,-0.000000,0.000335,0.000001,0.000336,0.000000,0.000284,0.000284,0.000052,0,0.000002,0.000001,1.000000,1.000000,1.000000,8.483008,8.485020,0.001976,1.000000,0.000000,0.000000,
population,fixed,fixed,0,0.3,6.0,3,final,35,2035,0,0.000001,0.000000,0.000001,0.00e+00,-0.000000,0.000234,0.000000,0.000235,0.000000,0.000284,0.000284,-0.000049,0,0.000001,0.000000,1.000000,1.000000,1.000000,8.485167,8.485881,0.000765,1.000000,0.000000,0.000000,
population,fixed,fixed,0,0.1,6.0,3,best,53,2053,0,0.000001,0.000000,0.000001,0.00e+00,-0.000000,0.000206,0.000000,0.000206,0.000000,0.000284,0.000284,-0.000078,0,0.000001,0.000000,1.000000,1.000000,1.000000,8.484198,8.485401,0.001037,1.000000,0.000000,0.000000,
population,fixed,fixed,0,0.1,6.0,3,final,53,2053,0,0.000106,0.000000,0.000106,0.00e+00,-0.000000,0.000143,0.000011,0.000153,0.000000,0.000284,0.000284,-0.000131,0,0.000106,0.000011,1.000000,1.000000,1.000000,8.478074,8.490931,0.008575,1.000000,0.000000,0.000000,
population,fixed,fixed,0,0.03,6.0,3,best,60,2060,0,0.000009,0.000000,0.000009,0.00e+00,-0.000000,0.000434,0.000000,0.000434,0.000000,0.000284,0.000284,0.000150,0,0.000009,0.000000,1.000000,1.000000,1.000000,8.472829,8.483783,0.003171,1.000000,0.000000,0.000000,
population,fixed,fixed,0,0.03,6.0,3,final,60,2060,0,0.000010,0.000000,0.000010,0.00e+00,-0.000000,0.000252,0.000000,0.000252,0.000000,0.000284,0.000284,-0.000032,0,0.000010,0.000000,1.000000,1.000000,1.000000,8.484988,8.488189,0.002763,1.000000,0.000000,0.000000,
population,fixed,fixed,0,0.01,6.0,3,best,20,2020,0,0.000006,0.000000,0.000006,0.00e+00,-0.000000,0.000313,0.000000,0.000313,0.000000,0.000284,0.000284,0.000029,0,0.000006,0.000000,1.000000,1.000000,1.000000,8.480971,8.484578,0.003234,1.000000,0.000000,0.000000,
population,fixed,fixed,0,0.01,6.0,3,final,20,2020,0,0.001483,0.000000,0.001483,0.00e+00,-0.000000,0.000155,0.000015,0.000169,0.000000,0.000284,0.000284,-0.000115,0,0.001483,0.000015,1.000000,1.000000,1.000000,8.484645,8.517992,0.033996,1.000000,0.000000,0.000000,
population,fixed,fixed,0,0.003,6.0,3,best,2,2002,0,0.000050,0.000000,0.000050,0.00e+00,-0.000000,0.000476,0.000000,0.000476,0.000000,0.000284,0.000284,0.000192,0,0.000050,0.000000,1.000000,1.000000,1.000000,8.478816,8.486796,0.009876,1.000000,0.000000,0.000000,
population,fixed,fixed,0,0.003,6.0,3,final,2,2002,0,0.019802,0.000000,0.019802,0.00e+00,-0.000000,0.000222,0.000059,0.000282,0.000000,0.000284,0.000284,-0.000002,0,0.019802,0.000059,1.000000,1.000000,1.000000,8.511637,8.634275,0.123676,1.000000,0.000000,0.000000,
population,fixed,fixed,0,0.001,6.0,3,best,23,2023,0,0.000006,0.000000,0.000006,0.00e+00,-0.000000,0.000408,0.000000,0.000408,0.000000,0.000284,0.000284,0.000124,0,0.000006,0.000000,1.000000,1.000000,1.000000,8.482441,8.485534,0.003244,1.000000,0.000000,0.000000,
population,fixed,fixed,0,0.001,6.0,3,final,23,2023,0,0.043375,0.000000,0.043375,0.00e+00,-0.000000,0.000123,0.000043,0.000166,0.000000,0.000284,0.000284,-0.000118,0,0.043375,0.000043,1.000000,1.000000,1.000000,8.495862,8.772745,0.250217,1.000000,0.000000,0.000000,
population,fixed,fixed,0.1,10,6.0,0,best,1718,3718,0,3.401891,0.000000,3.401891,0.00e+00,3.161434,3.155841,37.180347,37.174753,3.400000,3.187217,37.187217,-0.012464,0,0.001891,0.018912,0.900000,1.000000,0.900000,7.447305,7.451576,0.061279,1.000000,0.000000,0.000000,
population,fixed,fixed,0.1,10,6.0,0,final,1718,3718,0,3.401997,0.000000,3.401997,0.00e+00,3.160027,3.157796,37.180000,37.177770,3.400000,3.187217,37.187217,-0.009448,0,0.001997,0.019973,0.900000,1.000000,0.900000,7.448166,7.448254,0.063204,1.000000,0.000000,0.000000,
population,fixed,fixed,0.1,3,6.0,0,best,1,2001,0,3.402803,0.000000,3.402803,0.00e+00,3.153012,3.151239,13.361423,13.359649,3.400000,3.187217,13.387217,-0.027569,0,0.002803,0.008410,0.900000,1.000000,0.900000,7.425119,7.431727,0.074761,1.000000,0.000000,0.000000,
population,fixed,fixed,0.1,3,6.0,0,final,1,2001,0,3.422598,0.000000,3.422598,0.00e+00,3.065702,3.081520,13.333496,13.349313,3.400000,3.187217,13.387217,-0.037904,0,0.022598,0.067794,0.900000,1.000000,0.900000,7.204214,7.225940,0.212543,1.000000,0.000000,0.000000,
population,fixed,fixed,0.1,1,6.0,0,best,1,2001,0,3.403895,0.000000,3.403895,0.00e+00,3.144599,3.154406,6.548495,6.558301,3.400000,3.187217,6.587217,-0.028917,0,0.003895,0.003895,0.900000,1.000000,0.900000,7.402927,7.411902,0.088089,1.000000,0.000000,0.000000,
population,fixed,fixed,0.1,1,6.0,0,final,1,2001,0,3.587091,0.000000,3.587091,0.00e+00,2.813905,2.825531,6.400996,6.412622,3.400000,3.187217,6.587217,-0.174595,0,0.187091,0.187091,0.900000,1.000000,0.900000,6.599168,6.632583,0.611126,1.000000,0.000000,0.000000,
population,fixed,fixed,0.1,0.3,6.0,0,best,1,2001,0,3.405197,0.000000,3.405197,0.00e+00,3.136198,3.139901,4.157757,4.161460,3.400000,3.187217,4.207217,-0.045757,0,0.005197,0.001559,0.900000,1.000000,0.900000,7.379426,7.392109,0.101807,1.000000,0.000000,0.000000,
population,fixed,fixed,0.1,0.3,6.0,0,final,1,2001,0,4.453191,0.000000,4.453191,0.00e+00,2.287425,2.369498,3.623382,3.705455,3.400000,3.187217,4.207217,-0.501762,0,1.053191,0.315957,0.900000,1.000000,0.900000,5.216428,5.393404,1.448171,1.000000,0.000000,0.000000,
population,fixed,fixed,0.1,0.1,6.0,0,best,1,2001,0,3.406659,0.000000,3.406659,0.00e+00,3.127808,3.131361,3.468474,3.472027,3.400000,3.187217,3.527217,-0.055191,0,0.006659,0.000666,0.900000,1.000000,0.900000,7.355970,7.372347,0.115197,1.000000,0.000000,0.000000,
population,fixed,fixed,0.1,0.1,6.0,0,final,1,2001,0,5.176297,0.000000,5.176297,0.00e+00,2.015670,2.213204,2.533300,2.730833,3.400000,3.187217,3.527217,-0.796384,0,1.776297,0.177630,0.900000,1.000000,0.900000,4.572201,4.756084,1.882103,1.000000,0.000000,0.000000,
population,fixed,fixed,0.1,0.03,6.0,0,best,1,2001,0,3.408311,0.000000,3.408311,0.00e+00,3.119429,3.125981,3.221678,3.228230,3.400000,3.187217,3.289217,-0.060988,0,0.008311,0.000249,0.900000,1.000000,0.900000,7.332556,7.352616,0.128819,1.000000,0.000000,0.000000,
population,fixed,fixed,0.1,0.03,6.0,0,final,1,2001,0,5.659511,0.000000,5.659511,0.00e+00,1.865635,2.199771,2.035420,2.369557,3.400000,3.187217,3.289217,-0.919661,0,2.259511,0.067785,0.900000,1.000000,0.900000,4.200291,4.408394,2.123772,1.000000,0.000000,0.000000,
population,fixed,fixed,0.1,0.01,6.0,0,best,1,2001,0,3.410058,0.000000,3.410058,0.00e+00,3.111783,3.115010,3.145884,3.149110,3.400000,3.187217,3.221217,-0.072107,0,0.010058,0.000101,0.900000,1.000000,0.900000,7.309184,7.334611,0.141532,1.000000,0.000000,0.000000,
population,fixed,fixed,0.1,0.01,6.0,0,final,1,2001,0,5.747815,0.000000,5.747815,0.00e+00,1.846685,2.213812,1.904164,2.271290,3.400000,3.187217,3.221217,-0.949927,0,2.347815,0.023478,0.900000,1.000000,0.900000,4.102677,4.366239,2.163289,1.000000,0.000000,0.000000,
population,fixed,fixed,0.1,0.003,6.0,0,best,1,2001,0,3.412041,0.000000,3.412041,0.00e+00,3.103427,3.104997,3.113663,3.115233,3.400000,3.187217,3.197417,-0.082184,0,0.012041,0.000036,0.900000,1.000000,0.900000,7.285855,7.314941,0.154913,1.000000,0.000000,0.000000,
population,fixed,fixed,0.1,0.003,6.0,0,final,1,2001,0,5.737950,0.000000,5.737950,0.00e+00,1.850919,2.186557,1.868133,2.203771,3.400000,3.187217,3.197417,-0.993646,0,2.337950,0.007014,0.900000,1.000000,0.900000,4.193045,4.380071,2.160824,1.000000,0.000000,0.000000,
population,fixed,fixed,0.1,0.001,6.0,0,best,1,2001,0,3.414233,0.000000,3.414233,0.00e+00,3.095083,3.107450,3.098497,3.110864,3.400000,3.187217,3.190617,-0.079753,0,0.014233,0.000014,0.900000,1.000000,0.900000,7.262570,7.295304,0.168533,1.000000,0.000000,0.000000,
population,fixed,fixed,0.1,0.001,6.0,0,final,1,2001,0,5.832776,0.000000,5.832776,0.00e+00,1.823234,2.201237,1.829067,2.207070,3.400000,3.187217,3.190617,-0.983548,0,2.432776,0.002433,0.900000,1.000000,0.900000,3.988441,4.311699,2.199223,1.000000,0.000000,0.000000,
population,fixed,fixed,0,10,6.0,1,best,1592,3592,0,0.000003,0.000000,0.000003,0.00e+00,-0.000000,0.000451,0.000035,0.000486,0.000000,0.000284,0.000284,0.000202,0,0.000003,0.000035,1.000000,1.000000,1.000000,8.483188,8.484686,0.002025,1.000000,0.000000,0.000000,
population,fixed,fixed,0,10,6.0,1,final,1592,3592,0,0.000000,0.000000,0.000000,0.00e+00,-0.000000,0.000205,0.000000,0.000205,0.000000,0.000284,0.000284,-0.000079,0,0.000000,0.000000,1.000000,1.000000,1.000000,8.485257,8.485294,0.000038,1.000000,0.000000,0.000000,
population,fixed,fixed,0,3,6.0,1,best,45,2045,0,0.000003,0.000000,0.000003,0.00e+00,-0.000000,0.000055,0.000009,0.000064,0.000000,0.000284,0.000284,-0.000220,0,0.000003,0.000009,1.000000,1.000000,1.000000,8.484298,8.485411,0.001605,1.000000,0.000000,0.000000,
population,fixed,fixed,0,3,6.0,1,final,45,2045,0,0.000000,0.000000,0.000000,0.00e+00,-0.000000,0.000289,0.000000,0.000290,0.000000,0.000284,0.000284,0.000006,0,0.000000,0.000000,1.000000,1.000000,1.000000,8.484870,8.485346,0.000323,1.000000,0.000000,0.000000,
population,fixed,fixed,0,1,6.0,1,best,23,2023,0,0.000006,0.000000,0.000006,0.00e+00,-0.000000,0.000088,0.000006,0.000094,0.000000,0.000284,0.000284,-0.000190,0,0.000006,0.000006,1.000000,1.000000,1.000000,8.481854,8.484821,0.003350,1.000000,0.000000,0.000000,
population,fixed,fixed,0,1,6.0,1,final,23,2023,0,0.000001,0.000000,0.000001,0.00e+00,-0.000000,0.000177,0.000001,0.000178,0.000000,0.000284,0.000284,-0.000106,0,0.000001,0.000001,1.000000,1.000000,1.000000,8.484580,8.485682,0.000919,1.000000,0.000000,0.000000,
population,fixed,fixed,0,0.3,6.0,1,best,21,2021,0,0.000005,0.000000,0.000005,0.00e+00,-0.000000,0.000344,0.000001,0.000346,0.000000,0.000284,0.000284,0.000062,0,0.000005,0.000001,1.000000,1.000000,1.000000,8.480812,8.484797,0.003038,1.000000,0.000000,0.000000,
population,fixed,fixed,0,0.3,6.0,1,final,21,2021,0,0.000009,0.000000,0.000009,0.00e+00,-0.000000,0.000024,0.000003,0.000026,0.000000,0.000284,0.000284,-0.000258,0,0.000009,0.000003,1.000000,1.000000,1.000000,8.481138,8.485557,0.003147,1.000000,0.000000,0.000000,
population,fixed,fixed,0,0.1,6.0,1,best,15,2015,0,0.000010,0.000000,0.000010,0.00e+00,-0.000000,0.000104,0.000001,0.000105,0.000000,0.000284,0.000284,-0.000179,0,0.000010,0.000001,1.000000,1.000000,1.000000,8.480896,8.485205,0.004352,1.000000,0.000000,0.000000,
population,fixed,fixed,0,0.1,6.0,1,final,15,2015,0,0.001644,0.000000,0.001644,0.00e+00,-0.000000,0.000381,0.000164,0.000546,0.000000,0.000284,0.000284,0.000262,0,0.001644,0.000164,1.000000,1.000000,1.000000,8.483216,8.520740,0.037606,1.000000,0.000000,0.000000,
population,fixed,fixed,0,0.03,6.0,1,best,19,2019,0,0.000009,0.000000,0.000009,0.00e+00,-0.000000,0.000056,0.000000,0.000056,0.000000,0.000284,0.000284,-0.000228,0,0.000009,0.000000,1.000000,1.000000,1.000000,8.481969,8.485393,0.004164,1.000000,0.000000,0.000000,
population,fixed,fixed,0,0.03,6.0,1,final,19,2019,0,0.004953,0.000000,0.004953,0.00e+00,-0.000000,0.000196,0.000149,0.000344,0.000000,0.000284,0.000284,0.000060,0,0.004953,0.000149,1.000000,1.000000,1.000000,8.484621,8.536219,0.048180,1.000000,0.000000,0.000000,
population,fixed,fixed,0,0.01,6.0,1,best,15,2015,0,0.000016,0.000000,0.000016,0.00e+00,-0.000000,0.000246,0.000000,0.000246,0.000000,0.000284,0.000284,-0.000038,0,0.000016,0.000000,1.000000,1.000000,1.000000,8.482670,8.485955,0.005453,1.000000,0.000000,0.000000,
population,fixed,fixed,0,0.01,6.0,1,final,15,2015,0,0.019510,0.000000,0.019510,0.00e+00,-0.000000,0.000356,0.000195,0.000552,0.000000,0.000284,0.000284,0.000268,0,0.019510,0.000195,1.000000,1.000000,1.000000,8.480791,8.634177,0.135367,1.000000,0.000000,0.000000,
population,fixed,fixed,0,0.003,6.0,1,best,49,2049,0,0.000088,0.000000,0.000088,0.00e+00,-0.000000,0.000203,0.000000,0.000203,0.000000,0.000284,0.000284,-0.000081,0,0.000088,0.000000,1.000000,1.000000,1.000000,8.479007,8.490905,0.009019,1.000000,0.000000,0.000000,
population,fixed,fixed,0,0.003,6.0,1,final,49,2049,0,0.038568,0.000000,0.038568,0.00e+00,-0.000000,0.000060,0.000116,0.000176,0.000000,0.000284,0.000284,-0.000108,0,0.038568,0.000116,1.000000,1.000000,1.000000,8.508683,8.722935,0.204650,1.000000,0.000000,0.000000,
population,fixed,fixed,0,0.001,6.0,1,best,2,2002,0,0.000032,0.000000,0.000032,0.00e+00,-0.000000,0.000264,0.000000,0.000264,0.000000,0.000284,0.000284,-0.000020,0,0.000032,0.000000,1.000000,1.000000,1.000000,8.476823,8.483512,0.007892,1.000000,0.000000,0.000000,
population,fixed,fixed,0,0.001,6.0,1,final,2,2002,0,0.056600,0.000000,0.056600,0.00e+00,-0.000000,0.000069,0.000057,0.000126,0.000000,0.000284,0.000284,-0.000158,0,0.056600,0.000057,1.000000,1.000000,1.000000,8.514892,8.816956,0.299988,1.000000,0.000000,0.000000,
population,fixed,paper,0.1,10,6.0,4,best,2245,4245,0,3.401804,0.000304,3.402108,0.00e+00,3.162546,3.162277,37.183627,37.183357,3.400000,3.187217,37.187217,-0.003860,0,0.001804,0.018040,0.900000,1.000000,0.900000,7.447450,7.454200,0.059883,1.000000,0.000000,0.000000,
population,fixed,paper,0.1,10,6.0,4,final,2245,4245,0,3.401978,0.000074,3.402052,0.00e+00,3.160387,3.163858,37.180906,37.184378,3.400000,3.187217,37.187217,-0.002840,0,0.001978,0.019783,0.900000,1.000000,0.900000,7.447010,7.449104,0.062848,1.000000,0.000000,0.000000,
population,fixed,paper,0.1,3,6.0,4,best,1,2001,0,3.402683,0.000289,3.402972,0.00e+00,3.154134,3.151836,13.363051,13.360753,3.400000,3.187217,13.387217,-0.026464,0,0.002683,0.008050,0.900000,1.000000,0.900000,7.425382,7.434374,0.073003,1.000000,0.000000,0.000000,
population,fixed,paper,0.1,3,6.0,4,final,1,2001,0,3.422168,0.000119,3.422287,0.00e+00,3.066834,3.071509,13.333695,13.338371,3.400000,3.187217,13.387217,-0.048847,0,0.022168,0.066504,0.900000,1.000000,0.900000,7.226950,7.228598,0.210559,1.000000,0.000000,0.000000,
population,fixed,paper,0.1,1,6.0,4,best,1,2001,0,3.403754,0.000320,3.404075,0.00e+00,3.145736,3.151379,6.549811,6.555454,3.400000,3.187217,6.587217,-0.031763,0,0.003754,0.003754,0.900000,1.000000,0.900000,7.402525,7.414585,0.086519,1.000000,0.000000,0.000000,
population,fixed,paper,0.1,1,6.0,4,final,1,2001,0,3.587213,0.002809,3.590022,0.00e+00,2.814318,2.822218,6.404341,6.412240,3.400000,3.187217,6.587217,-0.174977,0,0.187213,0.187213,0.900000,1.000000,0.900000,6.596884,6.633636,0.611258,1.000000,0.000000,0.000000,
population,fixed,paper,0.1,0.3,6.0,4,best,1,2001,0,3.405026,0.000302,3.405328,0.00e+00,3.137345,3.145586,4.158943,4.167184,3.400000,3.187217,4.207217,-0.040033,0,0.005026,0.001508,0.900000,1.000000,0.900000,7.378914,7.394817,0.100076,1.000000,0.000000,0.000000,
population,fixed,paper,0.1,0.3,6.0,4,final,1,2001,0,4.835732,0.106345,4.942078,0.00e+00,2.130252,2.167942,3.612875,3.650565,3.400000,3.187217,4.207217,-0.556652,0,1.435732,0.430720,0.900000,1.000000,0.900000,4.926513,5.022388,1.693835,1.000000,0.000000,0.000000,
population,fixed,paper,0.1,0.1,6.0,4,best,1,2001,0,3.406474,0.000354,3.406828,0.00e+00,3.128965,3.139242,3.469648,3.479925,3.400000,3.187217,3.527217,-0.047293,0,0.006474,0.000647,0.900000,1.000000,0.900000,7.355346,7.375082,0.113592,1.000000,0.000000,0.000000,
population,fixed,paper,0.1,0.1,6.0,4,final,1,2001,0,7.741670,1.402564,9.144234,0.00e+00,1.339383,1.428575,2.253807,2.342998,3.400000,3.187217,3.527217,-1.184219,0,4.341670,0.434167,0.900000,1.000000,0.900000,2.976730,3.162415,2.945940,1.000000,0.000000,0.000000,
population,fixed,paper,0.1,0.03,6.0,4,best,1,2001,0,3.408149,0.000369,3.408518,0.00e+00,3.120598,3.122230,3.222853,3.224486,3.400000,3.187217,3.289217,-0.064732,0,0.008149,0.000244,0.900000,1.000000,0.900000,7.331819,7.355381,0.127472,1.000000,0.000000,0.000000,
population,fixed,paper,0.1,0.03,6.0,4,final,1,2001,0,10.703740,5.787620,16.491360,0.00e+00,0.813683,0.896983,1.308424,1.391724,3.400000,3.187217,3.289217,-1.897493,0,7.303740,0.219112,0.900000,1.000000,0.900000,1.712705,1.933747,3.820862,1.000000,0.000000,0.000000,
population,fixed,paper,0.1,0.01,6.0,4,best,1,2001,0,3.410006,0.000391,3.410397,0.00e+00,3.112243,3.115359,3.146347,3.149463,3.400000,3.187217,3.221217,-0.071755,0,0.010006,0.000100,0.900000,1.000000,0.900000,7.308334,7.335713,0.141260,1.000000,0.000000,0.000000,
population,fixed,paper,0.1,0.01,6.0,4,final,1,2001,0,12.490168,9.517909,22.008077,0.00e+00,0.648599,0.719308,0.868680,0.939389,3.400000,3.187217,3.221217,-2.281828,0,9.090168,0.090902,0.900000,1.000000,0.900000,1.387562,1.525556,4.263017,1.000000,0.000000,0.000000,
population,fixed,paper,0.1,0.003,6.0,4,best,1,2001,0,3.412055,0.000395,3.412450,0.00e+00,3.103900,3.110484,3.114137,3.120722,3.400000,3.187217,3.197417,-0.076696,0,0.012055,0.000036,0.900000,1.000000,0.900000,7.284892,7.316079,0.155025,1.000000,0.000000,0.000000,
population,fixed,paper,0.1,0.003,6.0,4,final,1,2001,0,13.894684,11.355938,25.250622,0.00e+00,0.604744,0.667501,0.680496,0.743253,3.400000,3.187217,3.197417,-2.454165,0,10.494684,0.031484,0.900000,1.000000,0.900000,1.254493,1.407630,4.579271,1.000000,0.000000,0.000000,
population,fixed,paper,0.1,0.001,6.0,4,best,1,2001,0,3.414309,0.000446,3.414755,0.00e+00,3.095569,3.091477,3.098984,3.094891,3.400000,3.187217,3.190617,-0.095726,0,0.014309,0.000014,0.900000,1.000000,0.900000,7.261492,7.296479,0.168946,1.000000,0.000000,0.000000,
population,fixed,paper,0.1,0.001,6.0,4,final,1,2001,0,14.509992,11.548588,26.058579,0.00e+00,0.604576,0.665214,0.630635,0.691272,3.400000,3.187217,3.190617,-2.499345,0,11.109992,0.011110,0.900000,1.000000,0.900000,1.229049,1.413657,4.711592,1.000000,0.000000,0.000000,
population,fixed,paper,0.1,10,6.0,2,best,1678,3678,0,3.401877,0.000168,3.402045,0.00e+00,3.161412,3.163815,37.181861,37.184264,3.400000,3.187217,37.187217,-0.002954,0,0.001877,0.018772,0.900000,1.000000,0.900000,7.447480,7.451524,0.061203,1.000000,0.000000,0.000000,
population,fixed,paper,0.1,10,6.0,2,final,1678,3678,0,3.401996,0.000037,3.402033,0.00e+00,3.160045,3.156645,37.180374,37.176974,3.400000,3.187217,37.187217,-0.010244,0,0.001996,0.019959,0.900000,1.000000,0.900000,7.447775,7.448298,0.063176,1.000000,0.000000,0.000000,
population,fixed,paper,0.1,3,6.0,2,best,1,2001,0,3.402797,0.000156,3.402952,0.00e+00,3.153067,3.156162,13.361923,13.365018,3.400000,3.187217,13.387217,-0.022199,0,0.002797,0.008390,0.900000,1.000000,0.900000,7.423890,7.431856,0.074706,1.000000,0.000000,0.000000,
population,fixed,paper,0.1,3,6.0,2,final,1,2001,0,3.421236,0.000473,3.421709,0.00e+00,3.074978,3.075007,13.340104,13.340133,3.400000,3.187217,13.387217,-0.047085,0,0.021236,0.063707,0.900000,1.000000,0.900000,7.226654,7.247973,0.204647,1.000000,0.000000,0.000000,
population,fixed,paper,0.1,1,6.0,2,best,1,2001,0,3.403878,0.000195,3.404073,0.00e+00,3.144735,3.140868,6.548808,6.544941,3.400000,3.187217,6.587217,-0.042277,0,0.003878,0.003878,0.900000,1.000000,0.900000,7.399952,7.412223,0.088015,1.000000,0.000000,0.000000,
population,fixed,paper,0.1,1,6.0,2,final,1,2001,0,3.594705,0.001055,3.595760,0.00e+00,2.805387,2.813100,6.401147,6.408860,3.400000,3.187217,6.587217,-0.178357,0,0.194705,0.194705,0.900000,1.000000,0.900000,6.600419,6.612371,0.623985,1.000000,0.000000,0.000000,
population,fixed,paper,0.1,0.3,6.0,2,best,1,2001,0,3.405163,0.000253,3.405416,0.00e+00,3.136416,3.132474,4.158041,4.154099,3.400000,3.187217,4.207217,-0.053119,0,0.005163,0.001549,0.900000,1.000000,0.900000,7.376057,7.392627,0.101494,1.000000,0.000000,0.000000,
population,fixed,paper,0.1,0.3,6.0,2,final,1,2001,0,4.863485,0.095428,4.958914,0.00e+00,2.120174,2.173520,3.607848,3.661194,3.400000,3.187217,4.207217,-0.546023,0,1.463485,0.439046,0.900000,1.000000,0.900000,4.882068,4.998775,1.709671,1.000000,0.000000,0.000000,
population,fixed,paper,0.1,0.1,6.0,2,best,1,2001,0,3.406644,0.000281,3.406925,0.00e+00,3.128110,3.130963,3.468803,3.471656,3.400000,3.187217,3.527217,-0.055562,0,0.006644,0.000664,0.900000,1.000000,0.900000,7.352203,7.373067,0.115212,1.000000,0.000000,0.000000,
population,fixed,paper,0.1,0.1,6.0,2,final,1,2001,0,7.785280,1.474872,9.260152,0.00e+00,1.330303,1.421280,2.256318,2.347295,3.400000,3.187217,3.527217,-1.179922,0,4.385280,0.438528,0.900000,1.000000,0.900000,3.001164,3.140766,2.960798,1.000000,0.000000,0.000000,
population,fixed,paper,0.1,0.03,6.0,2,best,1,2001,0,3.408317,0.000394,3.408712,0.00e+00,3.119817,3.127603,3.222079,3.229864,3.400000,3.187217,3.289217,-0.059353,0,0.008317,0.000250,0.900000,1.000000,0.900000,7.328391,7.353543,0.128839,1.000000,0.000000,0.000000,
population,fixed,paper,0.1,0.03,6.0,2,final,1,2001,0,10.833147,6.222280,17.055427,0.00e+00,0.783384,0.872566,1.295047,1.384229,3.400000,3.187217,3.289217,-1.904989,0,7.433147,0.222994,0.900000,1.000000,0.900000,1.724834,1.856376,3.855266,1.000000,0.000000,0.000000,
population,fixed,paper,0.1,0.01,6.0,2,best,1,2001,0,3.410143,0.000414,3.410558,0.00e+00,3.111537,3.109851,3.145643,3.143957,3.400000,3.187217,3.221217,-0.077261,0,0.010143,0.000101,0.900000,1.000000,0.900000,7.304622,7.334055,0.142372,1.000000,0.000000,0.000000,
population,fixed,paper,0.1,0.01,6.0,2,final,1,2001,0,12.554445,10.197366,22.751811,0.00e+00,0.627564,0.701674,0.855083,0.929193,3.400000,3.187217,3.221217,-2.292025,0,9.154445,0.091544,0.900000,1.000000,0.900000,1.306965,1.467558,4.278554,1.000000,0.000000,0.000000,
population,fixed,paper,0.1,0.003,6.0,2,best,1,2001,0,3.412211,0.000479,3.412690,0.00e+00,3.103271,3.114592,3.113510,3.124830,3.400000,3.187217,3.197417,-0.072588,0,0.012211,0.000037,0.900000,1.000000,0.900000,7.280895,7.314604,0.156217,1.000000,0.000000,0.000000,
population,fixed,paper,0.1,0.003,6.0,2,final,1,2001,0,14.045687,12.294345,26.340032,0.00e+00,0.594177,0.652684,0.673197,0.731704,3.400000,3.187217,3.197417,-2.465713,0,10.645687,0.031937,0.900000,1.000000,0.900000,1.231890,1.365640,4.613157,1.000000,0.000000,0.000000,
population,fixed,paper,0.1,0.001,6.0,2,best,1,2001,0,3.414424,0.000612,3.415036,0.00e+00,3.095019,3.104582,3.098434,3.107997,3.400000,3.187217,3.190617,-0.082620,0,0.014424,0.000014,0.900000,1.000000,0.900000,7.257210,7.295188,0.169766,1.000000,0.000000,0.000000,
population,fixed,paper,0.1,0.001,6.0,2,final,1,2001,0,14.785100,12.646525,27.431625,0.00e+00,0.590390,0.645311,0.617821,0.672742,3.400000,3.187217,3.190617,-2.517875,0,11.385100,0.011385,0.900000,1.000000,0.900000,1.231564,1.359030,4.770336,1.000000,0.000000,0.000000,
population,fixed,fixed,0.1,10,6.0,4,best,2244,4244,0,3.401804,0.000000,3.401804,0.00e+00,3.162618,3.162255,37.180663,37.180300,3.400000,3.187217,37.187217,-0.006918,0,0.001804,0.018044,0.900000,1.000000,0.900000,7.447393,7.454371,0.059880,1.000000,0.000000,0.000000,
population,fixed,fixed,0.1,10,6.0,4,final,2244,4244,0,3.401980,0.000000,3.401980,0.00e+00,3.160328,3.163715,37.180128,37.183515,3.400000,3.187217,37.187217,-0.003703,0,0.001980,0.019799,0.900000,1.000000,0.900000,7.447245,7.448965,0.062880,1.000000,0.000000,0.000000,
population,fixed,fixed,0.1,3,6.0,4,best,1,2001,0,3.402674,0.000000,3.402674,0.00e+00,3.154207,3.152143,13.362230,13.360166,3.400000,3.187217,13.387217,-0.027052,0,0.002674,0.008023,0.900000,1.000000,0.900000,7.425344,7.434546,0.072870,1.000000,0.000000,0.000000,
population,fixed,fixed,0.1,3,6.0,4,final,1,2001,0,3.422149,0.000000,3.422149,0.00e+00,3.066892,3.071409,13.333339,13.337856,3.400000,3.187217,13.387217,-0.049362,0,0.022149,0.066447,0.900000,1.000000,0.900000,7.226991,7.228733,0.210468,1.000000,0.000000,0.000000,
population,fixed,fixed,0.1,1,6.0,4,best,1,2001,0,3.403750,0.000000,3.403750,0.00e+00,3.145810,3.151459,6.549560,6.555210,3.400000,3.187217,6.587217,-0.032008,0,0.003750,0.003750,0.900000,1.000000,0.900000,7.402491,7.414760,0.086462,1.000000,0.000000,0.000000,
population,fixed,fixed,0.1,1,6.0,4,final,1,2001,0,3.584382,0.000000,3.584382,0.00e+00,2.817658,2.827872,6.402040,6.412254,3.400000,3.187217,6.587217,-0.174964,0,0.184382,0.184382,0.900000,1.000000,0.900000,6.598108,6.641587,0.606426,1.000000,0.000000,0.000000,
population,fixed,fixed,0.1,0.3,6.0,4,best,1,2001,0,3.405013,0.000000,3.405013,0.00e+00,3.137420,3.145700,4.158924,4.167204,3.400000,3.187217,4.207217,-0.040013,0,0.005013,0.001504,0.900000,1.000000,0.900000,7.378877,7.394994,0.099961,1.000000,0.000000,0.000000,
population,fixed,fixed,0.1,0.3,6.0,4,final,1,2001,0,4.458884,0.000000,4.458884,0.00e+00,2.283005,2.366963,3.620670,3.704628,3.400000,3.187217,4.207217,-0.502589,0,1.058884,0.317665,0.900000,1.000000,0.900000,5.279854,5.382927,1.454567,1.000000,0.000000,0.000000,
population,fixed,fixed,0.1,0.1,6.0,4,best,1,2001,0,3.406466,0.000000,3.406466,0.00e+00,3.129041,3.139539,3.469688,3.480185,3.400000,3.187217,3.527217,-0.047032,0,0.006466,0.000647,0.900000,1.000000,0.900000,7.355307,7.375261,0.113606,1.000000,0.000000,0.000000,
population,fixed,fixed,0.1,0.1,6.0,4,final,1,2001,0,5.256974,0.000000,5.256974,0.00e+00,1.986780,2.212495,2.512477,2.738192,3.400000,3.187217,3.527217,-0.789026,0,1.856974,0.185697,0.900000,1.000000,0.900000,4.471268,4.688055,1.925938,1.000000,0.000000,0.000000,
population,fixed,fixed,0.1,0.03,6.0,4,best,1,2001,0,3.407927,0.000000,3.407927,0.00e+00,3.121888,3.123455,3.224125,3.225693,3.400000,3.187217,3.289217,-0.063525,0,0.007927,0.000238,0.900000,1.000000,0.900000,7.331780,7.358416,0.125596,1.000000,0.000000,0.000000,
population,fixed,fixed,0.1,0.03,6.0,4,final,1,2001,0,5.658008,0.000000,5.658008,0.00e+00,1.868255,2.178905,2.037995,2.348646,3.400000,3.187217,3.289217,-0.940572,0,2.258008,0.067740,0.900000,1.000000,0.900000,4.186373,4.419372,2.122824,1.000000,0.000000,0.000000,
population,fixed,fixed,0.1,0.01,6.0,4,best,1,2001,0,3.409672,0.000000,3.409672,0.00e+00,3.113532,3.116787,3.147629,3.150883,3.400000,3.187217,3.221217,-0.070334,0,0.009672,0.000097,0.900000,1.000000,0.900000,7.308294,7.338744,0.138827,1.000000,0.000000,0.000000,
population,fixed,fixed,0.1,0.01,6.0,4,final,1,2001,0,5.696660,0.000000,5.696660,0.00e+00,1.859807,2.190276,1.916773,2.247243,3.400000,3.187217,3.221217,-0.973974,0,2.296660,0.022967,0.900000,1.000000,0.900000,4.176184,4.400142,2.141646,1.000000,0.000000,0.000000,
population,fixed,fixed,0.1,0.003,6.0,4,best,1,2001,0,3.411596,0.000000,3.411596,0.00e+00,3.105905,3.112841,3.116140,3.123076,3.400000,3.187217,3.197417,-0.074341,0,0.011596,0.000035,0.900000,1.000000,0.900000,7.293458,7.320796,0.152090,1.000000,0.000000,0.000000,
population,fixed,fixed,0.1,0.003,6.0,4,final,1,2001,0,5.792283,0.000000,5.792283,0.00e+00,1.830775,2.191858,1.848152,2.209235,3.400000,3.187217,3.197417,-0.988183,0,2.392283,0.007177,0.900000,1.000000,0.900000,4.135222,4.331839,2.186620,1.000000,0.000000,0.000000,
population,fixed,fixed,0.1,0.001,6.0,4,best,1,2001,0,3.413677,0.000000,3.413677,0.00e+00,3.097573,3.093509,3.100986,3.096923,3.400000,3.187217,3.190617,-0.093695,0,0.013677,0.000014,0.900000,1.000000,0.900000,7.270041,7.301188,0.165195,1.000000,0.000000,0.000000,
population,fixed,fixed,0.1,0.001,6.0,4,final,1,2001,0,5.785951,0.000000,5.785951,0.00e+00,1.835025,2.194913,1.840811,2.200699,3.400000,3.187217,3.190617,-0.989918,0,2.385951,0.002386,0.900000,1.000000,0.900000,4.116772,4.345225,2.181264,1.000000,0.000000,0.000000,
population,fixed,fixed,0,10,6.0,2,best,1536,3536,0,0.000010,0.000000,0.000010,0.00e+00,-0.000000,0.000341,0.000096,0.000436,0.000000,0.000284,0.000284,0.000152,0,0.000010,0.000096,1.000000,1.000000,1.000000,8.481351,8.483926,0.003462,1.000000,0.000000,0.000000,
population,fixed,fixed,0,10,6.0,2,final,1536,3536,0,0.000000,0.000000,0.000000,0.00e+00,-0.000000,0.000146,0.000000,0.000146,0.000000,0.000284,0.000284,-0.000138,0,0.000000,0.000000,1.000000,1.000000,1.000000,8.485279,8.485288,0.000010,1.000000,0.000000,0.000000,
population,fixed,fixed,0,3,6.0,2,best,17,2017,0,0.000006,0.000000,0.000006,0.00e+00,-0.000000,0.000360,0.000018,0.000378,0.000000,0.000284,0.000284,0.000094,0,0.000006,0.000018,1.000000,1.000000,1.000000,8.480446,8.484406,0.003396,1.000000,0.000000,0.000000,
population,fixed,fixed,0,3,6.0,2,final,17,2017,0,0.000013,0.000000,0.000013,0.00e+00,-0.000000,0.000084,0.000039,0.000123,0.000000,0.000284,0.000284,-0.000161,0,0.000013,0.000039,1.000000,1.000000,1.000000,8.472732,8.484205,0.003815,1.000000,0.000000,0.000000,
population,fixed,fixed,0,1,6.0,2,best,102,2102,0,0.000006,0.000000,0.000006,0.00e+00,-0.000000,0.000340,0.000006,0.000345,0.000000,0.000284,0.000284,0.000061,0,0.000006,0.000006,1.000000,1.000000,1.000000,8.484740,8.487026,0.001899,1.000000,0.000000,0.000000,
population,fixed,fixed,0,1,6.0,2,final,102,2102,0,0.000000,0.000000,0.000000,0.00e+00,-0.000000,0.000399,0.000000,0.000399,0.000000,0.000284,0.000284,0.000115,0,0.000000,0.000000,1.000000,1.000000,1.000000,8.485214,8.485285,0.000073,1.000000,0.000000,0.000000,
population,fixed,fixed,0,0.3,6.0,2,best,25,2025,0,0.000005,0.000000,0.000005,0.00e+00,-0.000000,0.000139,0.000001,0.000140,0.000000,0.000284,0.000284,-0.000144,0,0.000005,0.000001,1.000000,1.000000,1.000000,8.481141,8.484975,0.003064,1.000000,0.000000,0.000000,
population,fixed,fixed,0,0.3,6.0,2,final,25,2025,0,0.000017,0.000000,0.000017,0.00e+00,-0.000000,0.000256,0.000005,0.000261,0.000000,0.000284,0.000284,-0.000023,0,0.000017,0.000005,1.000000,1.000000,1.000000,8.484288,8.487629,0.003735,1.000000,0.000000,0.000000,
population,fixed,fixed,0,0.1,6.0,2,best,21,2021,0,0.000006,0.000000,0.000006,0.00e+00,-0.000000,0.000228,0.000001,0.000229,0.000000,0.000284,0.000284,-0.000055,0,0.000006,0.000001,1.000000,1.000000,1.000000,8.481771,8.484888,0.003467,1.000000,0.000000,0.000000,
population,fixed,fixed,0,0.1,6.0,2,final,21,2021,0,0.003416,0.000000,0.003416,0.00e+00,-0.000000,0.000142,0.000342,0.000483,0.000000,0.000284,0.000284,0.000199,0,0.003416,0.000342,1.000000,1.000000,1.000000,8.482963,8.522136,0.042295,1.000000,0.000000,0.000000,
population,fixed,fixed,0,0.03,6.0,2,best,26,2026,0,0.000004,0.000000,0.000004,0.00e+00,-0.000000,0.000137,0.000000,0.000137,0.000000,0.000284,0.000284,-0.000147,0,0.000004,0.000000,1.000000,1.000000,1.000000,8.482480,8.484850,0.002732,1.000000,0.000000,0.000000,
population,fixed,fixed,0,0.03,6.0,2,final,26,2026,0,0.001901,0.000000,0.001901,0.00e+00,-0.000000,0.000113,0.000057,0.000170,0.000000,0.000284,0.000284,-0.000114,0,0.001901,0.000057,1.000000,1.000000,1.000000,8.485216,8.521107,0.044332,1.000000,0.000000,0.000000,
population,fixed,fixed,0,0.01,6.0,2,best,22,2022,0,0.000011,0.000000,0.000011,0.00e+00,-0.000000,0.000093,0.000000,0.000093,0.000000,0.000284,0.000284,-0.000191,0,0.000011,0.000000,1.000000,1.000000,1.000000,8.481572,8.486900,0.004658,1.000000,0.000000,0.000000,
population,fixed,fixed,0,0.01,6.0,2,final,22,2022,0,0.022996,0.000000,0.022996,0.00e+00,-0.000000,0.000229,0.000230,0.000459,0.000000,0.000284,0.000284,0.000175,0,0.022996,0.000230,1.000000,1.000000,1.000000,8.475576,8.609922,0.134519,1.000000,0.000000,0.000000,
population,fixed,fixed,0,0.003,6.0,2,best,8,2008,0,0.000029,0.000000,0.000029,0.00e+00,-0.000000,0.000176,0.000000,0.000177,0.000000,0.000284,0.000284,-0.000107,0,0.000029,0.000000,1.000000,1.000000,1.000000,8.482157,8.486202,0.007404,1.000000,0.000000,0.000000,
population,fixed,fixed,0,0.003,6.0,2,final,8,2008,0,0.051475,0.000000,0.051475,0.00e+00,-0.000000,0.000340,0.000154,0.000495,0.000000,0.000284,0.000284,0.000211,0,0.051475,0.000154,1.000000,1.000000,1.000000,8.486637,8.729241,0.221008,1.000000,0.000000,0.000000,
population,fixed,fixed,0,0.001,6.0,2,best,3,2003,0,0.000097,0.000000,0.000097,0.00e+00,-0.000000,0.001180,0.000000,0.001180,0.000000,0.000284,0.000284,0.000896,0,0.000097,0.000000,1.000000,1.000000,1.000000,8.479027,8.486912,0.012482,1.000000,0.000000,0.000000,
population,fixed,fixed,0,0.001,6.0,2,final,3,2003,0,0.022805,0.000000,0.022805,0.00e+00,-0.000000,0.000023,0.000023,0.000046,0.000000,0.000284,0.000284,-0.000238,0,0.022805,0.000023,1.000000,1.000000,1.000000,8.523621,8.710930,0.180474,1.000000,0.000000,0.000000,
population,fixed,fixed,0.2,10,6.0,1,best,5177,7177,0,6.406434,0.000000,6.406434,0.00e+00,5.462508,5.488914,69.526848,69.553255,6.400000,5.597655,69.597655,-0.044401,0,0.006434,0.064341,0.800000,1.000000,0.800000,6.408424,6.437725,0.112258,1.000000,0.000000,0.000000,
population,fixed,fixed,0.2,10,6.0,1,final,5177,7177,0,6.407815,0.000000,6.407815,0.00e+00,5.443116,5.461880,69.521266,69.540030,6.400000,5.597655,69.597655,-0.057626,0,0.007815,0.078150,0.800000,1.000000,0.800000,6.408029,6.414792,0.124740,1.000000,0.000000,0.000000,
population,fixed,fixed,0.2,3,6.0,1,best,1,2001,0,6.407683,0.000000,6.407683,0.00e+00,5.447205,5.463997,24.670254,24.687046,6.400000,5.597655,24.797655,-0.110610,0,0.007683,0.023049,0.800000,1.000000,0.800000,6.391190,6.419681,0.122977,1.000000,0.000000,0.000000,
population,fixed,fixed,0.2,3,6.0,1,final,1,2001,0,6.480216,0.000000,6.480216,0.00e+00,5.094877,5.124627,24.535525,24.565275,6.400000,5.597655,24.797655,-0.232380,0,0.080216,0.240648,0.800000,1.000000,0.800000,5.978449,6.004456,0.400267,1.000000,0.000000,0.000000,
population,fixed,fixed,0.2,1,6.0,1,best,1,2001,0,6.409180,0.000000,6.409180,0.00e+00,5.431894,5.433817,11.841074,11.842996,6.400000,5.597655,11.997655,-0.154659,0,0.009180,0.009180,0.800000,1.000000,0.800000,6.372826,6.401635,0.134729,1.000000,0.000000,0.000000,
population,fixed,fixed,0.2,1,6.0,1,final,1,2001,0,6.934509,0.000000,6.934509,0.00e+00,4.295630,4.429005,11.230139,11.363514,6.400000,5.597655,11.997655,-0.634141,0,0.534509,0.534509,0.800000,1.000000,0.800000,4.985328,5.063228,1.033021,1.000000,0.000000,0.000000,
population,fixed,fixed,0.2,0.3,6.0,1,best,1,2001,0,6.410872,0.000000,6.410872,0.00e+00,5.416603,5.438754,7.339864,7.362015,6.400000,5.597655,7.517655,-0.155640,0,0.010872,0.003262,0.800000,1.000000,0.800000,6.354497,6.383619,0.146624,1.000000,0.000000,0.000000,
population,fixed,fixed,0.2,0.3,6.0,1,final,1,2001,0,7.844121,0.000000,7.844121,0.00e+00,3.459777,3.930729,5.813014,6.283965,6.400000,5.597655,7.517655,-1.233690,0,1.444121,0.433236,0.800000,1.000000,0.800000,3.984241,4.081558,1.698414,1.000000,0.000000,0.000000,
population,fixed,fixed,0.2,0.1,6.0,1,best,1,2001,0,6.412571,0.000000,6.412571,0.00e+00,5.403152,5.422196,6.044410,6.063454,6.400000,5.597655,6.237655,-0.174202,0,0.012571,0.001257,0.800000,1.000000,0.800000,6.334119,6.367775,0.157696,1.000000,0.000000,0.000000,
population,fixed,fixed,0.2,0.1,6.0,1,final,1,2001,0,8.276214,0.000000,8.276214,0.00e+00,3.168119,3.862863,3.995740,4.690485,6.400000,5.597655,6.237655,-1.547171,0,1.876214,0.187621,0.800000,1.000000,0.800000,3.560478,3.741816,1.932864,1.000000,0.000000,0.000000,
population,fixed,fixed,0.2,0.03,6.0,1,best,1,2001,0,6.414541,0.000000,6.414541,0.00e+00,5.387908,5.414740,5.580345,5.607176,6.400000,5.597655,5.789655,-0.182479,0,0.014541,0.000436,0.800000,1.000000,0.800000,6.311985,6.349822,0.169666,1.000000,0.000000,0.000000,
population,fixed,fixed,0.2,0.03,6.0,1,final,1,2001,0,8.409108,0.000000,8.409108,0.00e+00,3.080045,3.851436,3.332318,4.103709,6.400000,5.597655,5.789655,-1.685946,0,2.009108,0.060273,0.800000,1.000000,0.800000,3.481867,3.640170,2.003298,1.000000,0.000000,0.000000,
population,fixed,fixed,0.2,0.01,6.0,1,best,1,2001,0,6.416641,0.000000,6.416641,0.00e+00,5.372688,5.394154,5.436855,5.458320,6.400000,5.597655,5.661655,-0.203335,0,0.016641,0.000166,0.800000,1.000000,0.800000,6.289892,6.331903,0.181660,1.000000,0.000000,0.000000,
population,fixed,fixed,0.2,0.01,6.0,1,final,1,2001,0,8.400636,0.000000,8.400636,0.00e+00,3.091543,3.877861,3.175550,3.961867,6.400000,5.597655,5.661655,-1.699788,0,2.000636,0.020006,0.800000,1.000000,0.800000,3.443109,3.657292,1.997130,1.000000,0.000000,0.000000,
population,fixed,fixed,0.2,0.003,6.0,1,best,1,2001,0,6.418969,0.000000,6.418969,0.00e+00,5.357493,5.377056,5.376750,5.396313,6.400000,5.597655,5.616855,-0.220543,0,0.018969,0.000057,0.800000,1.000000,0.800000,6.267844,6.314016,0.193889,1.000000,0.000000,0.000000,
population,fixed,fixed,0.2,0.003,6.0,1,final,1,2001,0,8.585186,0.000000,8.585186,0.00e+00,2.973597,3.863858,2.999353,3.889614,6.400000,5.597655,5.616855,-1.727242,0,2.185186,0.006556,0.800000,1.000000,0.800000,3.352354,3.517128,2.089431,1.000000,0.000000,0.000000,
population,fixed,fixed,0.2,0.001,6.0,1,best,1,2001,0,6.421446,0.000000,6.421446,0.00e+00,5.342321,5.354904,5.348742,5.361326,6.400000,5.597655,5.604055,-0.242729,0,0.021446,0.000021,0.800000,1.000000,0.800000,6.245838,6.296162,0.206221,1.000000,0.000000,0.000000,
population,fixed,fixed,0.2,0.001,6.0,1,final,1,2001,0,8.525093,0.000000,8.525093,0.00e+00,3.008192,3.848907,3.016717,3.857432,6.400000,5.597655,5.604055,-1.746623,0,2.125093,0.002125,0.800000,1.000000,0.800000,3.413827,3.555737,2.060780,1.000000,0.000000,0.000000,
population,fixed,fixed,0.2,10,6.0,0,best,4951,6951,0,6.406606,0.000000,6.406606,0.00e+00,5.458539,5.467427,69.524597,69.533484,6.400000,5.597655,69.597655,-0.064171,0,0.006606,0.066057,0.800000,1.000000,0.800000,6.406014,6.433012,0.114490,1.000000,0.000000,0.000000,
population,fixed,fixed,0.2,10,6.0,0,final,4951,6951,0,6.407690,0.000000,6.407690,0.00e+00,5.443927,5.465994,69.520823,69.542890,6.400000,5.597655,69.597655,-0.054766,0,0.007690,0.076896,0.800000,1.000000,0.800000,6.409906,6.415742,0.123798,1.000000,0.000000,0.000000,
population,fixed,fixed,0.2,3,6.0,0,best,1,2001,0,6.407969,0.000000,6.407969,0.00e+00,5.442935,5.481134,24.666843,24.705042,6.400000,5.597655,24.797655,-0.092613,0,0.007969,0.023908,0.800000,1.000000,0.800000,6.387014,6.414623,0.125930,1.000000,0.000000,0.000000,
population,fixed,fixed,0.2,3,6.0,0,final,1,2001,0,6.475539,0.000000,6.475539,0.00e+00,5.110523,5.155120,24.537141,24.581738,6.400000,5.597655,24.797655,-0.215918,0,0.075539,0.226618,0.800000,1.000000,0.800000,5.972615,6.022938,0.388049,1.000000,0.000000,0.000000,
population,fixed,fixed,0.2,1,6.0,0,best,1,2001,0,6.409285,0.000000,6.409285,0.00e+00,5.430410,5.456983,11.839695,11.866268,6.400000,5.597655,11.997655,-0.131387,0,0.009285,0.009285,0.800000,1.000000,0.800000,6.372829,6.399867,0.135871,1.000000,0.000000,0.000000,
population,fixed,fixed,0.2,1,6.0,0,final,1,2001,0,6.895018,0.000000,6.895018,0.00e+00,4.346698,4.482453,11.241716,11.377471,6.400000,5.597655,11.997655,-0.620184,0,0.495018,0.495018,0.800000,1.000000,0.800000,5.019685,5.123576,0.994036,1.000000,0.000000,0.000000,
population,fixed,fixed,0.2,0.3,6.0,0,best,1,2001,0,6.410819,0.000000,6.410819,0.00e+00,5.417809,5.432345,7.341055,7.355591,6.400000,5.597655,7.517655,-0.162065,0,0.010819,0.003246,0.800000,1.000000,0.800000,6.363121,6.385024,0.146816,1.000000,0.000000,0.000000,
population,fixed,fixed,0.2,0.3,6.0,0,final,1,2001,0,7.812007,0.000000,7.812007,0.00e+00,3.483564,3.929586,5.827166,6.273188,6.400000,5.597655,7.517655,-1.244467,0,1.412007,0.423602,0.800000,1.000000,0.800000,3.972808,4.108939,1.679858,1.000000,0.000000,0.000000,
population,fixed,fixed,0.2,0.1,6.0,0,best,1,2001,0,6.412608,0.000000,6.412608,0.00e+00,5.402271,5.411035,6.043532,6.052295,6.400000,5.597655,6.237655,-0.185360,0,0.012608,0.001261,0.800000,1.000000,0.800000,6.342778,6.366728,0.158554,1.000000,0.000000,0.000000,
population,fixed,fixed,0.2,0.1,6.0,0,final,1,2001,0,8.148497,0.000000,8.148497,0.00e+00,3.246358,3.888533,4.061207,4.703383,6.400000,5.597655,6.237655,-1.534273,0,1.748497,0.174850,0.800000,1.000000,0.800000,3.660397,3.832108,1.869148,1.000000,0.000000,0.000000,
population,fixed,fixed,0.2,0.03,6.0,0,best,1,2001,0,6.414609,0.000000,6.414609,0.00e+00,5.386759,5.411684,5.579198,5.604122,6.400000,5.597655,5.789655,-0.185533,0,0.014609,0.000438,0.800000,1.000000,0.800000,6.322477,6.348467,0.170749,1.000000,0.000000,0.000000,
population,fixed,fixed,0.2,0.03,6.0,0,final,1,2001,0,8.447515,0.000000,8.447515,0.00e+00,3.065674,3.871401,3.319099,4.124827,6.400000,5.597655,5.789655,-1.664829,0,2.047515,0.061425,0.800000,1.000000,0.800000,3.334862,3.624118,2.021175,1.000000,0.000000,0.000000,
population,fixed,fixed,0.2,0.01,6.0,0,best,1,2001,0,6.416856,0.000000,6.416856,0.00e+00,5.371273,5.388162,5.435442,5.452331,6.400000,5.597655,5.661655,-0.209324,0,0.016856,0.000169,0.800000,1.000000,0.800000,6.302219,6.330241,0.183386,1.000000,0.000000,0.000000,
population,fixed,fixed,0.2,0.01,6.0,0,final,1,2001,0,8.515390,0.000000,8.515390,0.00e+00,3.020893,3.854738,3.106047,3.939892,6.400000,5.597655,5.661655,-1.721764,0,2.115390,0.021154,0.800000,1.000000,0.800000,3.444973,3.570475,2.056240,1.000000,0.000000,0.000000,
population,fixed,fixed,0.2,0.003,6.0,0,best,1,2001,0,6.419179,0.000000,6.419179,0.00e+00,5.355813,5.367601,5.375070,5.386859,6.400000,5.597655,5.616855,-0.229997,0,0.019179,0.000058,0.800000,1.000000,0.800000,6.282004,6.312050,0.195663,1.000000,0.000000,0.000000,
population,fixed,fixed,0.2,0.003,6.0,0,final,1,2001,0,8.491203,0.000000,8.491203,0.00e+00,3.039841,3.844610,3.065315,3.870084,6.400000,5.597655,5.616855,-1.746772,0,2.091203,0.006274,0.800000,1.000000,0.800000,3.373838,3.591900,2.043300,1.000000,0.000000,0.000000,
population,fixed,fixed,0.2,0.001,6.0,0,best,1,2001,0,6.421794,0.000000,6.421794,0.00e+00,5.340379,5.360988,5.346801,5.367410,6.400000,5.597655,5.604055,-0.236646,0,0.021794,0.000022,0.800000,1.000000,0.800000,6.261833,6.293894,0.208565,1.000000,0.000000,0.000000,
population,fixed,fixed,0.2,0.001,6.0,0,final,1,2001,0,8.451351,0.000000,8.451351,0.00e+00,3.070275,3.868895,3.078726,3.877347,6.400000,5.597655,5.604055,-1.726709,0,2.051351,0.002051,0.800000,1.000000,0.800000,3.448163,3.628191,2.022141,1.000000,0.000000,0.000000,
population,fixed,paper,0,10,6.0,0,best,1788,3788,0,0.000000,0.000000,0.000000,0.00e+00,-0.000000,0.000252,0.000005,0.000257,0.000000,0.000284,0.000284,-0.000027,0,0.000000,0.000003,1.000000,1.000000,1.000000,8.484982,8.485354,0.000672,1.000000,0.000000,0.000000,
population,fixed,paper,0,10,6.0,0,final,1788,3788,0,0.000000,-0.000000,-0.000000,0.00e+00,-0.000000,0.000087,-0.000000,0.000087,0.000000,0.000284,0.000284,-0.000197,0,0.000000,0.000000,1.000000,1.000000,1.000000,8.485277,8.485288,0.000020,1.000000,0.000000,0.000000,
population,fixed,paper,0,3,6.0,0,best,34,2034,0,0.000002,0.000000,0.000002,0.00e+00,-0.000000,0.000065,0.000007,0.000072,0.000000,0.000284,0.000284,-0.000212,0,0.000002,0.000006,1.000000,1.000000,1.000000,8.483479,8.485435,0.001952,1.000000,0.000000,0.000000,
population,fixed,paper,0,3,6.0,0,final,34,2034,0,0.000000,0.000000,0.000000,0.00e+00,-0.000000,0.000429,0.000001,0.000429,0.000000,0.000284,0.000284,0.000145,0,0.000000,0.000000,1.000000,1.000000,1.000000,8.485012,8.485368,0.000392,1.000000,0.000000,0.000000,
population,fixed,paper,0,1,6.0,0,best,107,2107,0,0.000009,0.000065,0.000074,0.00e+00,-0.000000,0.000138,0.000074,0.000212,0.000000,0.000284,0.000284,-0.000072,0,0.000009,0.000009,1.000000,1.000000,1.000000,8.477572,8.485289,0.002943,1.000000,0.000000,0.000000,
population,fixed,paper,0,1,6.0,0,final,107,2107,0,0.000003,0.000002,0.000005,0.00e+00,-0.000000,0.000123,0.000005,0.000129,0.000000,0.000284,0.000284,-0.000155,0,0.000003,0.000003,1.000000,1.000000,1.000000,8.483888,8.486007,0.002443,1.000000,0.000000,0.000000,
population,fixed,paper,0,0.3,6.0,0,best,35,2035,0,0.000001,0.000001,0.000003,0.00e+00,-0.000000,0.000369,0.000001,0.000370,0.000000,0.000284,0.000284,0.000086,0,0.000001,0.000000,1.000000,1.000000,1.000000,8.483720,8.484900,0.001563,1.000000,0.000000,0.000000,
population,fixed,paper,0,0.3,6.0,0,final,35,2035,0,0.000002,0.000459,0.000461,0.00e+00,-0.000000,0.000120,0.000138,0.000258,0.000000,0.000284,0.000284,-0.000026,0,0.000002,0.000001,1.000000,1.000000,1.000000,8.484654,8.485738,0.001376,1.000000,0.000000,0.000000,
population,fixed,paper,0,0.1,6.0,0,best,32,2032,0,0.000002,0.000001,0.000003,0.00e+00,-0.000000,0.000256,0.000000,0.000256,0.000000,0.000284,0.000284,-0.000028,0,0.000002,0.000000,1.000000,1.000000,1.000000,8.483659,8.485823,0.001997,1.000000,0.000000,0.000000,
population,fixed,paper,0,0.1,6.0,0,final,32,2032,0,0.000003,0.000171,0.000173,0.00e+00,-0.000000,0.000104,0.000017,0.000121,0.000000,0.000284,0.000284,-0.000163,0,0.000003,0.000000,1.000000,1.000000,1.000000,8.483799,8.485969,0.002196,1.000000,0.000000,0.000000,
population,fixed,paper,0,0.03,6.0,0,best,16,2016,0,0.000008,0.000003,0.000011,0.00e+00,-0.000000,0.000069,0.000000,0.000069,0.000000,0.000284,0.000284,-0.000215,0,0.000008,0.000000,1.000000,1.000000,1.000000,8.482797,8.485605,0.004052,1.000000,0.000000,0.000000,
population,fixed,paper,0,0.03,6.0,0,final,16,2016,0,0.003715,0.004815,0.008530,0.00e+00,-0.000000,0.000205,0.000256,0.000460,0.000000,0.000284,0.000284,0.000176,0,0.003715,0.000111,1.000000,1.000000,1.000000,8.484391,8.535451,0.046469,1.000000,0.000000,0.000000,
population,fixed,paper,0,0.01,6.0,0,best,64,2064,0,0.000006,0.000004,0.000010,0.00e+00,-0.000000,0.000169,0.000000,0.000169,0.000000,0.000284,0.000284,-0.000115,0,0.000006,0.000000,1.000000,1.000000,1.000000,8.476578,8.484169,0.003088,1.000000,0.000000,0.000000,
population,fixed,paper,0,0.01,6.0,0,final,64,2064,0,0.005282,0.006844,0.012127,0.00e+00,-0.000000,0.000189,0.000121,0.000310,0.000000,0.000284,0.000284,0.000026,0,0.005282,0.000053,1.000000,1.000000,1.000000,8.483626,8.563451,0.075867,1.000000,0.000000,0.000000,
population,fixed,paper,0,0.003,6.0,0,best,46,2046,0,0.000013,0.000035,0.000049,0.00e+00,-0.000000,0.000460,0.000000,0.000460,0.000000,0.000284,0.000284,0.000176,0,0.000013,0.000000,1.000000,1.000000,1.000000,8.480533,8.485648,0.003738,1.000000,0.000000,0.000000,
population,fixed,paper,0,0.003,6.0,0,final,46,2046,0,0.014366,0.008529,0.022895,0.00e+00,-0.000000,0.000158,0.000069,0.000226,0.000000,0.000284,0.000284,-0.000058,0,0.014366,0.000043,1.000000,1.000000,1.000000,8.472926,8.591003,0.102711,1.000000,0.000000,0.000000,
population,fixed,paper,0,0.001,6.0,0,best,12,2012,0,0.000024,0.000014,0.000038,0.00e+00,-0.000000,0.000068,0.000000,0.000068,0.000000,0.000284,0.000284,-0.000216,0,0.000024,0.000000,1.000000,1.000000,1.000000,8.485355,8.488463,0.006772,1.000000,0.000000,0.000000,
population,fixed,paper,0,0.001,6.0,0,final,12,2012,0,0.040972,0.014375,0.055347,0.00e+00,-0.000000,0.000023,0.000055,0.000079,0.000000,0.000284,0.000284,-0.000205,0,0.040972,0.000041,1.000000,1.000000,1.000000,8.508453,8.719184,0.205453,1.000000,0.000000,0.000000,
population,fixed,fixed,0,10,6.0,4,best,1540,3540,0,0.000007,0.000000,0.000007,0.00e+00,-0.000000,0.000203,0.000070,0.000273,0.000000,0.000284,0.000284,-0.000011,0,0.000007,0.000070,1.000000,1.000000,1.000000,8.478937,8.483462,0.003433,1.000000,0.000000,0.000000,
population,fixed,fixed,0,10,6.0,4,final,1540,3540,0,0.000000,0.000000,0.000000,0.00e+00,-0.000000,0.000490,0.000000,0.000490,0.000000,0.000284,0.000284,0.000206,0,0.000000,0.000000,1.000000,1.000000,1.000000,8.485280,8.485287,0.000010,1.000000,0.000000,0.000000,
population,fixed,fixed,0,3,6.0,4,best,73,2073,0,0.000001,0.000000,0.000001,0.00e+00,-0.000000,0.000192,0.000002,0.000194,0.000000,0.000284,0.000284,-0.000090,0,0.000001,0.000002,1.000000,1.000000,1.000000,8.481836,8.484885,0.000992,1.000000,0.000000,0.000000,
population,fixed,fixed,0,3,6.0,4,final,73,2073,0,0.000000,0.000000,0.000000,0.00e+00,-0.000000,0.000086,0.000000,0.000086,0.000000,0.000284,0.000284,-0.000198,0,0.000000,0.000000,1.000000,1.000000,1.000000,8.485211,8.485291,0.000083,1.000000,0.000000,0.000000,
population,fixed,fixed,0,1,6.0,4,best,39,2039,0,0.000004,0.000000,0.000004,0.00e+00,-0.000000,0.000150,0.000004,0.000154,0.000000,0.000284,0.000284,-0.000130,0,0.000004,0.000004,1.000000,1.000000,1.000000,8.484414,8.486116,0.002495,1.000000,0.000000,0.000000,
population,fixed,fixed,0,1,6.0,4,final,39,2039,0,0.000000,0.000000,0.000000,0.00e+00,-0.000000,0.000184,0.000000,0.000184,0.000000,0.000284,0.000284,-0.000100,0,0.000000,0.000000,1.000000,1.000000,1.000000,8.484936,8.485271,0.000260,1.000000,0.000000,0.000000,
population,fixed,fixed,0,0.3,6.0,4,best,31,2031,0,0.000002,0.000000,0.000002,0.00e+00,-0.000000,0.000449,0.000001,0.000450,0.000000,0.000284,0.000284,0.000166,0,0.000002,0.000001,1.000000,1.000000,1.000000,8.483507,8.485552,0.002125,1.000000,0.000000,0.000000,
population,fixed,fixed,0,0.3,6.0,4,final,31,2031,0,0.000051,0.000000,0.000051,0.00e+00,-0.000000,0.000120,0.000015,0.000135,0.000000,0.000284,0.000284,-0.000149,0,0.000051,0.000015,1.000000,1.000000,1.000000,8.469246,8.485328,0.006944,1.000000,0.000000,0.000000,
population,fixed,fixed,0,0.1,6.0,4,best,42,2042,0,0.000004,0.000000,0.000004,0.00e+00,-0.000000,0.000277,0.000000,0.000278,0.000000,0.000284,0.000284,-0.000006,0,0.000004,0.000000,1.000000,1.000000,1.000000,8.478545,8.484227,0.002501,1.000000,0.000000,0.000000,
population,fixed,fixed,0,0.1,6.0,4,final,42,2042,0,0.000010,0.000000,0.000010,0.00e+00,-0.000000,0.000309,0.000001,0.000310,0.000000,0.000284,0.000284,0.000026,0,0.000010,0.000001,1.000000,1.000000,1.000000,8.479495,8.484672,0.004173,1.000000,0.000000,0.000000,
population,fixed,fixed,0,0.03,6.0,4,best,19,2019,0,0.000009,0.000000,0.000009,0.00e+00,-0.000000,0.000187,0.000000,0.000187,0.000000,0.000284,0.000284,-0.000097,0,0.000009,0.000000,1.000000,1.000000,1.000000,8.482668,8.485942,0.004222,1.000000,0.000000,0.000000,
population,fixed,fixed,0,0.03,6.0,4,final,19,2019,0,0.000250,0.000000,0.000250,0.00e+00,-0.000000,0.000554,0.000007,0.000561,0.000000,0.000284,0.000284,0.000277,0,0.000250,0.000007,1.000000,1.000000,1.000000,8.485350,8.497231,0.011864,1.000000,0.000000,0.000000,
population,fixed,fixed,0,0.01,6.0,4,best,11,2011,0,0.000019,0.000000,0.000019,0.00e+00,-0.000000,0.000044,0.000000,0.000044,0.000000,0.000284,0.000284,-0.000240,0,0.000019,0.000000,1.000000,1.000000,1.000000,8.477478,8.485007,0.006055,1.000000,0.000000,0.000000,
population,fixed,fixed,0,0.01,6.0,4,final,11,2011,0,0.025176,0.000000,0.025176,0.00e+00,-0.000000,0.000039,0.000252,0.000291,0.000000,0.000284,0.000284,0.000007,0,0.025176,0.000252,1.000000,1.000000,1.000000,8.447132,8.558397,0.152301,1.000000,0.000000,0.000000,
population,fixed,fixed,0,0.003,6.0,4,best,9,2009,0,0.000013,0.000000,0.000013,0.00e+00,-0.000000,0.000264,0.000000,0.000264,0.000000,0.000284,0.000284,-0.000020,0,0.000013,0.000000,1.000000,1.000000,1.000000,8.480400,8.484943,0.005063,1.000000,0.000000,0.000000,
population,fixed,fixed,0,0.003,6.0,4,final,9,2009,0,0.067683,0.000000,0.067683,0.00e+00,-0.000000,0.000165,0.000203,0.000369,0.000000,0.000284,0.000284,0.000085,0,0.067683,0.000203,1.000000,1.000000,1.000000,8.450824,8.681844,0.279214,1.000000,0.000000,0.000000,
population,fixed,fixed,0,0.001,6.0,4,best,15,2015,0,0.000025,0.000000,0.000025,0.00e+00,-0.000000,0.000182,0.000000,0.000182,0.000000,0.000284,0.000284,-0.000102,0,0.000025,0.000000,1.000000,1.000000,1.000000,8.470667,8.485247,0.006126,1.000000,0.000000,0.000000,
population,fixed,fixed,0,0.001,6.0,4,final,15,2015,0,0.043005,0.000000,0.043005,0.00e+00,-0.000000,0.000309,0.000043,0.000352,0.000000,0.000284,0.000284,0.000068,0,0.043005,0.000043,1.000000,1.000000,1.000000,8.491014,8.801548,0.247998,1.000000,0.000000,0.000000,
population,fixed,paper,0.1,10,6.0,1,best,3771,5771,0,3.401808,0.000157,3.401966,0.00e+00,3.162440,3.167807,37.182096,37.187463,3.400000,3.187217,37.187217,0.000245,0,0.001808,0.018083,0.900000,1.000000,0.900000,7.447986,7.453951,0.059945,1.000000,0.000000,0.000000,
population,fixed,paper,0.1,10,6.0,1,final,3771,5771,0,3.401914,0.000081,3.401995,0.00e+00,3.161254,3.166452,37.181207,37.186405,3.400000,3.187217,37.187217,-0.000813,0,0.001914,0.019139,0.900000,1.000000,0.900000,7.446695,7.451157,0.061696,1.000000,0.000000,0.000000,
population,fixed,paper,0.1,3,6.0,1,best,1,2001,0,3.402679,0.000149,3.402829,0.00e+00,3.154171,3.158265,13.362657,13.366752,3.400000,3.187217,13.387217,-0.020466,0,0.002679,0.008038,0.900000,1.000000,0.900000,7.424939,7.434459,0.073002,1.000000,0.000000,0.000000,
population,fixed,paper,0.1,3,6.0,1,final,1,2001,0,3.422120,0.000126,3.422246,0.00e+00,3.066983,3.069883,13.333720,13.336619,3.400000,3.187217,13.387217,-0.050598,0,0.022120,0.066360,0.900000,1.000000,0.900000,7.226497,7.228950,0.210330,1.000000,0.000000,0.000000,
population,fixed,paper,0.1,1,6.0,1,best,1,2001,0,3.403728,0.000192,3.403920,0.00e+00,3.145913,3.149286,6.549833,6.553206,3.400000,3.187217,6.587217,-0.034011,0,0.003728,0.003728,0.900000,1.000000,0.900000,7.400142,7.415002,0.086194,1.000000,0.000000,0.000000,
population,fixed,paper,0.1,1,6.0,1,final,1,2001,0,3.586695,0.002286,3.588981,0.00e+00,2.814198,2.820560,6.403179,6.409541,3.400000,3.187217,6.587217,-0.177677,0,0.186695,0.186695,0.900000,1.000000,0.900000,6.600726,6.633275,0.610617,1.000000,0.000000,0.000000,
population,fixed,paper,0.1,0.3,6.0,1,best,1,2001,0,3.404964,0.000206,3.405169,0.00e+00,3.137668,3.139953,4.159219,4.161504,3.400000,3.187217,4.207217,-0.045714,0,0.004964,0.001489,0.900000,1.000000,0.900000,7.375391,7.395577,0.099517,1.000000,0.000000,0.000000,
population,fixed,paper,0.1,0.3,6.0,1,final,1,2001,0,4.862074,0.085820,4.947895,0.00e+00,2.120516,2.169384,3.604884,3.653753,3.400000,3.187217,4.207217,-0.553465,0,1.462074,0.438622,0.900000,1.000000,0.900000,4.854971,4.999393,1.708774,1.000000,0.000000,0.000000,
population,fixed,paper,0.1,0.1,6.0,1,best,1,2001,0,3.406383,0.000277,3.406660,0.00e+00,3.129434,3.137591,3.470100,3.478257,3.400000,3.187217,3.527217,-0.048960,0,0.006383,0.000638,0.900000,1.000000,0.900000,7.350686,7.376186,0.112826,1.000000,0.000000,0.000000,
population,fixed,paper,0.1,0.1,6.0,1,final,1,2001,0,7.690440,1.420221,9.110661,0.00e+00,1.351931,1.436775,2.262997,2.347841,3.400000,3.187217,3.527217,-1.179376,0,4.290440,0.429044,0.900000,1.000000,0.900000,3.023476,3.192070,2.927362,1.000000,0.000000,0.000000,
population,fixed,paper,0.1,0.03,6.0,1,best,1,2001,0,3.407991,0.000309,3.408301,0.00e+00,3.121214,3.132632,3.223463,3.234881,3.400000,3.187217,3.289217,-0.054336,0,0.007991,0.000240,0.900000,1.000000,0.900000,7.326027,7.356830,0.126334,1.000000,0.000000,0.000000,
population,fixed,paper,0.1,0.03,6.0,1,final,1,2001,0,10.666387,5.902775,16.569162,0.00e+00,0.809781,0.893830,1.306856,1.390905,3.400000,3.187217,3.289217,-1.898312,0,7.266387,0.217992,0.900000,1.000000,0.900000,1.748524,1.924263,3.811074,1.000000,0.000000,0.000000,
population,fixed,paper,0.1,0.01,6.0,1,best,1,2001,0,3.409788,0.000355,3.410144,0.00e+00,3.113005,3.116716,3.147107,3.150817,3.400000,3.187217,3.221217,-0.070400,0,0.009788,0.000098,0.900000,1.000000,0.900000,7.301414,7.337505,0.139777,1.000000,0.000000,0.000000,
population,fixed,paper,0.1,0.01,6.0,1,final,1,2001,0,12.166336,9.632803,21.799139,0.00e+00,0.659682,0.724740,0.877673,0.942732,3.400000,3.187217,3.221217,-2.278486,0,8.766336,0.087663,0.900000,1.000000,0.900000,1.437269,1.563199,4.185671,1.000000,0.000000,0.000000,
population,fixed,paper,0.1,0.003,6.0,1,best,1,2001,0,3.411772,0.000331,3.412103,0.00e+00,3.104809,3.113279,3.115045,3.123516,3.400000,3.187217,3.197417,-0.073902,0,0.011772,0.000035,0.900000,1.000000,0.900000,7.276846,7.318215,0.153351,1.000000,0.000000,0.000000,
population,fixed,paper,0.1,0.003,6.0,1,final,1,2001,0,13.194774,11.484421,24.679194,0.00e+00,0.610324,0.669383,0.684361,0.743421,3.400000,3.187217,3.197417,-2.453997,0,9.794774,0.029384,0.900000,1.000000,0.900000,1.288882,1.427397,4.424572,1.000000,0.000000,0.000000,
population,fixed,paper,0.1,0.001,6.0,1,best,1,2001,0,3.413945,0.000362,3.414307,0.00e+00,3.096624,3.096745,3.100038,3.100159,3.400000,3.187217,3.190617,-0.090458,0,0.013945,0.000014,0.900000,1.000000,0.900000,7.252324,7.298958,0.166916,1.000000,0.000000,0.000000,
population,fixed,paper,0.1,0.001,6.0,1,final,1,2001,0,13.648883,11.820401,25.469284,0.00e+00,0.605489,0.662339,0.630959,0.687809,3.400000,3.187217,3.190617,-2.502809,0,10.248883,0.010249,0.900000,1.000000,0.900000,1.293676,1.422945,4.525494,1.000000,0.000000,0.000000,
population,fixed,paper,0.1,10,6.0,0,best,1719,3719,0,3.401889,0.000108,3.401996,0.00e+00,3.161430,3.155654,37.181395,37.175619,3.400000,3.187217,37.187217,-0.011598,0,0.001889,0.018886,0.900000,1.000000,0.900000,7.447284,7.451565,0.061248,1.000000,0.000000,0.000000,
population,fixed,paper,0.1,10,6.0,0,final,1719,3719,0,3.401998,0.000092,3.402090,0.00e+00,3.160023,3.157886,37.180926,37.178788,3.400000,3.187217,37.187217,-0.008429,0,0.001998,0.019978,0.900000,1.000000,0.900000,7.448154,7.448247,0.063208,1.000000,0.000000,0.000000,
population,fixed,paper,0.1,3,6.0,0,best,1,2001,0,3.402804,0.000111,3.402915,0.00e+00,3.153005,3.151137,13.361751,13.359883,3.400000,3.187217,13.387217,-0.027335,0,0.002804,0.008412,0.900000,1.000000,0.900000,7.425023,7.431709,0.074779,1.000000,0.000000,0.000000,
population,fixed,paper,0.1,3,6.0,0,final,1,2001,0,3.422624,0.000335,3.422959,0.00e+00,3.065605,3.081039,13.334481,13.349915,3.400000,3.187217,13.387217,-0.037303,0,0.022624,0.067872,0.900000,1.000000,0.900000,7.202919,7.225709,0.212659,1.000000,0.000000,0.000000,
population,fixed,paper,0.1,1,6.0,0,best,1,2001,0,3.403900,0.000152,3.404052,0.00e+00,3.144590,3.154076,6.548642,6.558127,3.400000,3.187217,6.587217,-0.029090,0,0.003900,0.003900,0.900000,1.000000,0.900000,7.402940,7.411881,0.088111,1.000000,0.000000,0.000000,
population,fixed,paper,0.1,1,6.0,0,final,1,2001,0,3.589487,0.001706,3.591193,0.00e+00,2.811184,2.820910,6.402378,6.412103,3.400000,3.187217,6.587217,-0.175114,0,0.189487,0.189487,0.900000,1.000000,0.900000,6.599939,6.626127,0.615230,1.000000,0.000000,0.000000,
population,fixed,paper,0.1,0.3,6.0,0,best,1,2001,0,3.405185,0.000212,3.405397,0.00e+00,3.136186,3.139743,4.157805,4.161362,3.400000,3.187217,4.207217,-0.045856,0,0.005185,0.001556,0.900000,1.000000,0.900000,7.379434,7.392080,0.101655,1.000000,0.000000,0.000000,
population,fixed,paper,0.1,0.3,6.0,0,final,1,2001,0,4.839011,0.099924,4.938934,0.00e+00,2.130172,2.167974,3.611852,3.649654,3.400000,3.187217,4.207217,-0.557563,0,1.439011,0.431703,0.900000,1.000000,0.900000,4.880061,5.022205,1.694640,1.000000,0.000000,0.000000,
population,fixed,paper,0.1,0.1,6.0,0,best,1,2001,0,3.406659,0.000250,3.406909,0.00e+00,3.127792,3.131172,3.468483,3.471863,3.400000,3.187217,3.527217,-0.055355,0,0.006659,0.000666,0.900000,1.000000,0.900000,7.355970,7.372310,0.115245,1.000000,0.000000,0.000000,
population,fixed,paper,0.1,0.1,6.0,0,final,1,2001,0,7.800747,1.517311,9.318058,0.00e+00,1.326395,1.407428,2.258200,2.339233,3.400000,3.187217,3.527217,-1.187984,0,4.400747,0.440075,0.900000,1.000000,0.900000,2.993714,3.131737,2.965792,1.000000,0.000000,0.000000,
population,fixed,paper,0.1,0.03,6.0,0,best,1,2001,0,3.408326,0.000280,3.408606,0.00e+00,3.119411,3.125731,3.221669,3.227990,3.400000,3.187217,3.289217,-0.061228,0,0.008326,0.000250,0.900000,1.000000,0.900000,7.332551,7.352573,0.128935,1.000000,0.000000,0.000000,
population,fixed,paper,0.1,0.03,6.0,0,final,1,2001,0,10.953054,6.674988,17.628042,0.00e+00,0.762561,0.846947,1.291402,1.375789,3.400000,3.187217,3.289217,-1.913429,0,7.553054,0.226592,0.900000,1.000000,0.900000,1.582585,1.800606,3.886295,1.000000,0.000000,0.000000,
population,fixed,paper,0.1,0.01,6.0,0,best,1,2001,0,3.409888,0.000422,3.410310,0.00e+00,3.112900,3.115953,3.147003,3.150057,3.400000,3.187217,3.221217,-0.071161,0,0.009888,0.000099,0.900000,1.000000,0.900000,7.315711,7.337252,0.140531,1.000000,0.000000,0.000000,
population,fixed,paper,0.1,0.01,6.0,0,final,1,2001,0,12.678335,10.363812,23.042148,0.00e+00,0.619748,0.695005,0.850170,0.925427,3.400000,3.187217,3.221217,-2.295791,0,9.278335,0.092783,0.900000,1.000000,0.900000,1.268898,1.424770,4.307354,1.000000,0.000000,0.000000,
population,fixed,paper,0.1,0.003,6.0,0,best,1,2001,0,3.411896,0.000403,3.412300,0.00e+00,3.104539,3.106071,3.114776,3.116308,3.400000,3.187217,3.197417,-0.081110,0,0.011896,0.000036,0.900000,1.000000,0.900000,7.293446,7.317570,0.154151,1.000000,0.000000,0.000000,
population,fixed,paper,0.1,0.003,6.0,0,final,1,2001,0,14.603984,13.223401,27.827385,0.00e+00,0.581580,0.632652,0.665062,0.716134,3.400000,3.187217,3.197417,-2.481283,0,11.203984,0.033612,0.900000,1.000000,0.900000,1.183948,1.309391,4.732655,1.000000,0.000000,0.000000,
population,fixed,paper,0.1,0.001,6.0,0,best,1,2001,0,3.414140,0.000417,3.414557,0.00e+00,3.096191,3.107998,3.099605,3.111412,3.400000,3.187217,3.190617,-0.079205,0,0.014140,0.000014,0.900000,1.000000,0.900000,7.271219,7.297921,0.168043,1.000000,0.000000,0.000000,
population,fixed,paper,0.1,0.001,6.0,0,final,1,2001,0,15.757311,14.265491,30.022801,0.00e+00,0.569031,0.616505,0.599054,0.646528,3.400000,3.187217,3.190617,-2.544090,0,12.357311,0.012357,0.900000,1.000000,0.900000,1.084573,1.253051,4.970443,1.000000,0.000000,0.000000,
population,fixed,paper,0.2,10,6.0,2,best,4226,6226,0,6.406766,0.000418,6.407185,0.00e+00,5.456991,5.472925,69.528839,69.544774,6.400000,5.597655,69.597655,-0.052882,0,0.006766,0.067664,0.800000,1.000000,0.800000,6.410060,6.431190,0.115349,1.000000,0.000000,0.000000,
population,fixed,paper,0.2,10,6.0,2,final,4226,6226,0,6.407693,0.000210,6.407903,0.00e+00,5.444927,5.450519,69.523962,69.529554,6.400000,5.597655,69.597655,-0.068102,0,0.007693,0.076934,0.800000,1.000000,0.800000,6.404416,6.416936,0.123549,1.000000,0.000000,0.000000,
population,fixed,paper,0.2,3,6.0,2,best,1,2001,0,6.408168,0.000392,6.408560,0.00e+00,5.441496,5.462740,24.667177,24.688421,6.400000,5.597655,24.797655,-0.109235,0,0.008168,0.024504,0.800000,1.000000,0.800000,6.390587,6.412934,0.127007,1.000000,0.000000,0.000000,
population,fixed,paper,0.2,3,6.0,2,final,1,2001,0,6.485371,0.000879,6.486249,0.00e+00,5.077839,5.093239,24.536588,24.551987,6.400000,5.597655,24.797655,-0.245668,0,0.085371,0.256112,0.800000,1.000000,0.800000,5.970514,5.984324,0.413075,1.000000,0.000000,0.000000,
population,fixed,paper,0.2,1,6.0,2,best,1,2001,0,6.409789,0.000474,6.410263,0.00e+00,5.426025,5.433951,11.836288,11.844214,6.400000,5.597655,11.997655,-0.153441,0,0.009789,0.009789,0.800000,1.000000,0.800000,6.370018,6.394712,0.139229,1.000000,0.000000,0.000000,
population,fixed,paper,0.2,1,6.0,2,final,1,2001,0,6.992337,0.026029,7.018366,0.00e+00,4.226408,4.300977,11.244773,11.319342,6.400000,5.597655,11.997655,-0.678313,0,0.592337,0.592337,0.800000,1.000000,0.800000,4.906079,4.981492,1.087723,1.000000,0.000000,0.000000,
population,fixed,paper,0.2,0.3,6.0,2,best,1,2001,0,6.411592,0.000516,6.412108,0.00e+00,5.410582,5.452387,7.334214,7.376020,6.400000,5.597655,7.517655,-0.141636,0,0.011592,0.003477,0.800000,1.000000,0.800000,6.349495,6.376527,0.151650,1.000000,0.000000,0.000000,
population,fixed,paper,0.2,0.3,6.0,2,final,1,2001,0,9.009542,0.713745,9.723288,0.00e+00,2.714227,2.922584,5.631214,5.839570,6.400000,5.597655,7.517655,-1.678085,0,2.609542,0.782863,0.800000,1.000000,0.800000,3.139139,3.201345,2.284265,1.000000,0.000000,0.000000,
population,fixed,paper,0.2,0.1,6.0,2,best,1,2001,0,6.413541,0.000539,6.414080,0.00e+00,5.395164,5.421870,6.036572,6.063278,6.400000,5.597655,6.237655,-0.174377,0,0.013541,0.001354,0.800000,1.000000,0.800000,6.329015,6.358377,0.163919,1.000000,0.000000,0.000000,
population,fixed,paper,0.2,0.1,6.0,2,final,1,2001,0,11.662011,4.794034,16.456045,0.00e+00,1.508625,1.715046,3.154229,3.360651,6.400000,5.597655,6.237655,-2.877005,0,5.262011,0.526201,0.800000,1.000000,0.800000,1.651758,1.781633,3.243592,1.000000,0.000000,0.000000,
population,fixed,paper,0.2,0.03,6.0,2,best,1,2001,0,6.415685,0.000596,6.416281,0.00e+00,5.379772,5.407209,5.572261,5.599697,6.400000,5.597655,5.789655,-0.189958,0,0.015685,0.000471,0.800000,1.000000,0.800000,6.307395,6.340262,0.176465,1.000000,0.000000,0.000000,
population,fixed,paper,0.2,0.03,6.0,2,final,1,2001,0,13.269198,11.448183,24.717381,0.00e+00,1.033964,1.163549,1.775485,1.905070,6.400000,5.597655,5.789655,-3.884585,0,6.869198,0.206076,0.800000,1.000000,0.800000,1.043747,1.149107,3.706397,1.000000,0.000000,0.000000,
population,fixed,paper,0.2,0.01,6.0,2,best,1,2001,0,6.417562,0.000607,6.418169,0.00e+00,5.367501,5.378634,5.431683,5.442815,6.400000,5.597655,5.661655,-0.218840,0,0.017562,0.000176,0.800000,1.000000,0.800000,6.288193,6.325825,0.186730,1.000000,0.000000,0.000000,
population,fixed,paper,0.2,0.01,6.0,2,final,1,2001,0,14.469866,15.533526,30.003392,0.00e+00,0.962872,1.042113,1.262906,1.342147,6.400000,5.597655,5.661655,-4.319509,0,8.069866,0.080699,0.800000,1.000000,0.800000,0.918249,0.998469,4.017112,1.000000,0.000000,0.000000,
population,fixed,paper,0.2,0.003,6.0,2,best,1,2001,0,6.420029,0.000723,6.420752,0.00e+00,5.352156,5.354937,5.371418,5.374199,6.400000,5.597655,5.616855,-0.242656,0,0.020029,0.000060,0.800000,1.000000,0.800000,6.267846,6.307774,0.199514,1.000000,0.000000,0.000000,
population,fixed,paper,0.2,0.003,6.0,2,final,1,2001,0,16.271814,17.674614,33.946428,0.00e+00,0.954560,1.010175,1.056399,1.112015,6.400000,5.597655,5.616855,-4.504841,0,9.871814,0.029615,0.800000,1.000000,0.800000,0.899698,0.977938,4.442246,1.000000,0.000000,0.000000,
population,fixed,paper,0.2,0.001,6.0,2,best,1,2001,0,6.422717,0.000644,6.423360,0.00e+00,5.336837,5.352866,5.343261,5.359289,6.400000,5.597655,5.604055,-0.244766,0,0.022717,0.000023,0.800000,1.000000,0.800000,6.247543,6.289760,0.212504,1.000000,0.000000,0.000000,
population,fixed,paper,0.2,0.001,6.0,2,final,1,2001,0,17.427546,18.569508,35.997053,0.00e+00,0.950128,0.998645,0.986125,1.034642,6.400000,5.597655,5.604055,-4.569413,0,11.027546,0.011028,0.800000,1.000000,0.800000,0.876167,0.973948,4.694385,1.000000,0.000000,0.000000,
population,fixed,fixed,0,10,6.0,0,best,1640,3640,0,0.000007,0.000000,0.000007,0.00e+00,-0.000000,0.000253,0.000069,0.000321,0.000000,0.000284,0.000284,0.000037,0,0.000007,0.000069,1.000000,1.000000,1.000000,8.482434,8.484339,0.003176,1.000000,0.000000,0.000000,
population,fixed,fixed,0,10,6.0,0,final,1640,3640,0,0.000000,0.000000,0.000000,0.00e+00,-0.000000,0.000086,0.000000,0.000086,0.000000,0.000284,0.000284,-0.000198,0,0.000000,0.000000,1.000000,1.000000,1.000000,8.485276,8.485298,0.000030,1.000000,0.000000,0.000000,
population,fixed,fixed,0,3,6.0,0,best,23,2023,0,0.000004,0.000000,0.000004,0.00e+00,-0.000000,0.000065,0.000013,0.000078,0.000000,0.000284,0.000284,-0.000206,0,0.000004,0.000013,1.000000,1.000000,1.000000,8.483839,8.485762,0.002864,1.000000,0.000000,0.000000,
population,fixed,fixed,0,3,6.0,0,final,23,2023,0,0.000032,0.000000,0.000032,0.00e+00,-0.000000,0.000415,0.000096,0.000510,0.000000,0.000284,0.000284,0.000226,0,0.000032,0.000096,1.000000,1.000000,1.000000,8.475460,8.486091,0.007200,1.000000,0.000000,0.000000,
population,fixed,fixed,0,1,6.0,0,best,22,2022,0,0.000008,0.000000,0.000008,0.00e+00,-0.000000,0.000137,0.000008,0.000144,0.000000,0.000284,0.000284,-0.000140,0,0.000008,0.000008,1.000000,1.000000,1.000000,8.481638,8.485312,0.003841,1.000000,0.000000,0.000000,
population,fixed,fixed,0,1,6.0,0,final,22,2022,0,0.000000,0.000000,0.000000,0.00e+00,-0.000000,0.000126,0.000000,0.000126,0.000000,0.000284,0.000284,-0.000158,0,0.000000,0.000000,1.000000,1.000000,1.000000,8.485006,8.485433,0.000466,1.000000,0.000000,0.000000,
population,fixed,fixed,0,0.3,6.0,0,best,117,2117,0,0.000001,0.000000,0.000001,0.00e+00,-0.000000,0.000275,0.000000,0.000275,0.000000,0.000284,0.000284,-0.000009,0,0.000001,0.000000,1.000000,1.000000,1.000000,8.484636,8.485452,0.001217,1.000000,0.000000,0.000000,
population,fixed,fixed,0,0.3,6.0,0,final,117,2117,0,0.000074,0.000000,0.000074,0.00e+00,-0.000000,0.000185,0.000022,0.000207,0.000000,0.000284,0.000284,-0.000077,0,0.000074,0.000022,1.000000,1.000000,1.000000,8.485115,8.490926,0.005137,1.000000,0.000000,0.000000,
population,fixed,fixed,0,0.1,6.0,0,best,23,2023,0,0.000009,0.000000,0.000009,0.00e+00,-0.000000,0.000260,0.000001,0.000261,0.000000,0.000284,0.000284,-0.000023,0,0.000009,0.000001,1.000000,1.000000,1.000000,8.482846,8.485484,0.004028,1.000000,0.000000,0.000000,
population,fixed,fixed,0,0.1,6.0,0,final,23,2023,0,0.000001,0.000000,0.000001,0.00e+00,-0.000000,0.000103,0.000000,0.000103,0.000000,0.000284,0.000284,-0.000181,0,0.000001,0.000000,1.000000,1.000000,1.000000,8.484010,8.485589,0.001215,1.000000,0.000000,0.000000,
population,fixed,fixed,0,0.03,6.0,0,best,183,2183,0,0.000009,0.000000,0.000009,0.00e+00,-0.000000,0.000069,0.000000,0.000069,0.000000,0.000284,0.000284,-0.000215,0,0.000009,0.000000,1.000000,1.000000,1.000000,8.483754,8.486794,0.002739,1.000000,0.000000,0.000000,
population,fixed,fixed,0,0.03,6.0,0,final,183,2183,0,0.007339,0.000000,0.007339,0.00e+00,-0.000000,0.000224,0.000220,0.000444,0.000000,0.000284,0.000284,0.000160,0,0.007339,0.000220,1.000000,1.000000,1.000000,8.483802,8.557110,0.065792,1.000000,0.000000,0.000000,
population,fixed,fixed,0,0.01,6.0,0,best,62,2062,0,0.000005,0.000000,0.000005,0.00e+00,-0.000000,0.000170,0.000000,0.000170,0.000000,0.000284,0.000284,-0.000114,0,0.000005,0.000000,1.000000,1.000000,1.000000,8.480422,8.484613,0.002933,1.000000,0.000000,0.000000,
population,fixed,fixed,0,0.01,6.0,0,final,62,2062,0,0.020711,0.000000,0.020711,0.00e+00,-0.000000,0.000230,0.000207,0.000438,0.000000,0.000284,0.000284,0.000154,0,0.020711,0.000207,1.000000,1.000000,1.000000,8.483308,8.633551,0.153272,1.000000,0.000000,0.000000,
population,fixed,fixed,0,0.003,6.0,0,best,53,2053,0,0.000005,0.000000,0.000005,0.00e+00,-0.000000,0.000461,0.000000,0.000461,0.000000,0.000284,0.000284,0.000177,0,0.000005,0.000000,1.000000,1.000000,1.000000,8.480227,8.484785,0.002582,1.000000,0.000000,0.000000,
population,fixed,fixed,0,0.003,6.0,0,final,53,2053,0,0.015844,0.000000,0.015844,0.00e+00,-0.000000,0.000236,0.000048,0.000284,0.000000,0.000284,0.000284,-0.000000,0,0.015844,0.000048,1.000000,1.000000,1.000000,8.470715,8.600210,0.110964,1.000000,0.000000,0.000000,
population,fixed,fixed,0,0.001,6.0,0,best,9,2009,0,0.000031,0.000000,0.000031,0.00e+00,-0.000000,0.000068,0.000000,0.000068,0.000000,0.000284,0.000284,-0.000216,0,0.000031,0.000000,1.000000,1.000000,1.000000,8.480966,8.488324,0.007176,1.000000,0.000000,0.000000,
population,fixed,fixed,0,0.001,6.0,0,final,9,2009,0,0.060437,0.000000,0.060437,0.00e+00,-0.000000,0.000046,0.000060,0.000106,0.000000,0.000284,0.000284,-0.000178,0,0.060437,0.000060,1.000000,1.000000,1.000000,8.538935,8.815323,0.276329,1.000000,0.000000,0.000000,
population,fixed,paper,0,10,6.0,4,best,1522,3522,0,0.000008,-0.000000,0.000008,0.00e+00,-0.000000,0.000203,0.000080,0.000283,0.000000,0.000284,0.000284,-0.000001,0,0.000008,0.000080,1.000000,1.000000,1.000000,8.478456,8.483359,0.003595,1.000000,0.000000,0.000000,
population,fixed,paper,0,10,6.0,4,final,1522,3522,0,0.000000,0.000000,0.000000,0.00e+00,-0.000000,0.000490,0.000000,0.000490,0.000000,0.000284,0.000284,0.000206,0,0.000000,0.000000,1.000000,1.000000,1.000000,8.485279,8.485294,0.000021,1.000000,0.000000,0.000000,
population,fixed,paper,0,3,6.0,4,best,20,2020,0,0.000005,0.000001,0.000006,0.00e+00,-0.000000,0.000193,0.000017,0.000209,0.000000,0.000284,0.000284,-0.000075,0,0.000005,0.000014,1.000000,1.000000,1.000000,8.482154,8.484853,0.003034,1.000000,0.000000,0.000000,
population,fixed,paper,0,3,6.0,4,final,20,2020,0,0.000000,0.000000,0.000001,0.00e+00,-0.000000,0.000083,0.000002,0.000086,0.000000,0.000284,0.000284,-0.000198,0,0.000000,0.000001,1.000000,1.000000,1.000000,8.484080,8.485188,0.000876,1.000000,0.000000,0.000000,
population,fixed,paper,0,1,6.0,4,best,14,2014,0,0.000010,0.000002,0.000012,0.00e+00,-0.000000,0.000065,0.000012,0.000077,0.000000,0.000284,0.000284,-0.000207,0,0.000010,0.000010,1.000000,1.000000,1.000000,8.482044,8.486660,0.004390,1.000000,0.000000,0.000000,
population,fixed,paper,0,1,6.0,4,final,14,2014,0,0.000421,0.000508,0.000930,0.00e+00,-0.000000,0.000227,0.000930,0.001156,0.000000,0.000284,0.000284,0.000872,0,0.000421,0.000421,1.000000,1.000000,1.000000,8.452901,8.490860,0.020819,1.000000,0.000000,0.000000,
population,fixed,paper,0,0.3,6.0,4,best,105,2105,0,0.000001,0.000002,0.000003,0.00e+00,-0.000000,0.000445,0.000001,0.000446,0.000000,0.000284,0.000284,0.000162,0,0.000001,0.000000,1.000000,1.000000,1.000000,8.485012,8.485977,0.001096,1.000000,0.000000,0.000000,
population,fixed,paper,0,0.3,6.0,4,final,105,2105,0,0.000588,0.000293,0.000881,0.00e+00,-0.000000,0.000104,0.000264,0.000368,0.000000,0.000284,0.000284,0.000084,0,0.000588,0.000176,1.000000,1.000000,1.000000,8.480063,8.497440,0.016949,1.000000,0.000000,0.000000,
population,fixed,paper,0,0.1,6.0,4,best,76,2076,0,0.000002,0.000002,0.000004,0.00e+00,-0.000000,0.000276,0.000000,0.000277,0.000000,0.000284,0.000284,-0.000007,0,0.000002,0.000000,1.000000,1.000000,1.000000,8.482940,8.485488,0.001677,1.000000,0.000000,0.000000,
population,fixed,paper,0,0.1,6.0,4,final,76,2076,0,0.001934,0.000566,0.002500,0.00e+00,-0.000000,0.000298,0.000250,0.000548,0.000000,0.000284,0.000284,0.000264,0,0.001934,0.000193,1.000000,1.000000,1.000000,8.469769,8.505830,0.032403,1.000000,0.000000,0.000000,
population,fixed,paper,0,0.03,6.0,4,best,20,2020,0,0.000006,0.000001,0.000008,0.00e+00,-0.000000,0.000187,0.000000,0.000188,0.000000,0.000284,0.000284,-0.000096,0,0.000006,0.000000,1.000000,1.000000,1.000000,8.481418,8.484942,0.003538,1.000000,0.000000,0.000000,
population,fixed,paper,0,0.03,6.0,4,final,20,2020,0,0.000117,0.000833,0.000950,0.00e+00,-0.000000,0.000553,0.000029,0.000581,0.000000,0.000284,0.000284,0.000297,0,0.000117,0.000004,1.000000,1.000000,1.000000,8.484968,8.492844,0.008206,1.000000,0.000000,0.000000,
population,fixed,paper,0,0.01,6.0,4,best,156,2156,0,0.000030,0.000112,0.000142,0.00e+00,-0.000000,0.000039,0.000001,0.000040,0.000000,0.000284,0.000284,-0.000244,0,0.000030,0.000000,1.000000,1.000000,1.000000,8.483026,8.487854,0.003872,1.000000,0.000000,0.000000,
population,fixed,paper,0,0.01,6.0,4,final,156,2156,0,0.011256,0.005304,0.016560,0.00e+00,-0.000000,0.000093,0.000166,0.000258,0.000000,0.000284,0.000284,-0.000026,0,0.011256,0.000113,1.000000,1.000000,1.000000,8.461883,8.552728,0.092788,1.000000,0.000000,0.000000,
population,fixed,paper,0,0.003,6.0,4,best,7,2007,0,0.000015,0.000010,0.000025,0.00e+00,-0.000000,0.000265,0.000000,0.000265,0.000000,0.000284,0.000284,-0.000019,0,0.000015,0.000000,1.000000,1.000000,1.000000,8.480701,8.484295,0.005338,1.000000,0.000000,0.000000,
population,fixed,paper,0,0.003,6.0,4,final,7,2007,0,0.030845,0.012521,0.043366,0.00e+00,-0.000000,0.000123,0.000130,0.000253,0.000000,0.000284,0.000284,-0.000031,0,0.030845,0.000093,1.000000,1.000000,1.000000,8.480057,8.631091,0.154116,1.000000,0.000000,0.000000,
population,fixed,paper,0,0.001,6.0,4,best,2,2002,0,0.000029,0.000007,0.000036,0.00e+00,-0.000000,0.000181,0.000000,0.000181,0.000000,0.000284,0.000284,-0.000103,0,0.000029,0.000000,1.000000,1.000000,1.000000,8.478738,8.487439,0.007482,1.000000,0.000000,0.000000,
population,fixed,paper,0,0.001,6.0,4,final,2,2002,0,0.015633,0.010800,0.026432,0.00e+00,-0.000000,0.000261,0.000026,0.000288,0.000000,0.000284,0.000284,0.000004,0,0.015633,0.000016,1.000000,1.000000,1.000000,8.486417,8.660233,0.142976,1.000000,0.000000,0.000000,
population,fixed,fixed,0.1,10,6.0,2,best,1674,3674,0,3.401880,0.000000,3.401880,0.00e+00,3.161460,3.164247,37.180258,37.183045,3.400000,3.187217,37.187217,-0.004173,0,0.001880,0.018798,0.900000,1.000000,0.900000,7.447525,7.451634,0.061240,1.000000,0.000000,0.000000,
population,fixed,fixed,0.1,10,6.0,2,final,1674,3674,0,3.401993,0.000000,3.401993,0.00e+00,3.160071,3.156550,37.179999,37.176478,3.400000,3.187217,37.187217,-0.010739,0,0.001993,0.019928,0.900000,1.000000,0.900000,7.447733,7.448359,0.063135,1.000000,0.000000,0.000000,
population,fixed,fixed,0.1,3,6.0,2,best,1,2001,0,3.402789,0.000000,3.402789,0.00e+00,3.153127,3.156341,13.361495,13.364709,3.400000,3.187217,13.387217,-0.022509,0,0.002789,0.008368,0.900000,1.000000,0.900000,7.423863,7.431999,0.074581,1.000000,0.000000,0.000000,
population,fixed,fixed,0.1,3,6.0,2,final,1,2001,0,3.421155,0.000000,3.421155,0.00e+00,3.072756,3.072570,13.336223,13.336036,3.400000,3.187217,13.387217,-0.051181,0,0.021155,0.063466,0.900000,1.000000,0.900000,7.226357,7.242620,0.204534,1.000000,0.000000,0.000000,
population,fixed,fixed,0.1,1,6.0,2,best,1,2001,0,3.403874,0.000000,3.403874,0.00e+00,3.144797,3.140430,6.548671,6.544304,3.400000,3.187217,6.587217,-0.042914,0,0.003874,0.003874,0.900000,1.000000,0.900000,7.399925,7.412369,0.087949,1.000000,0.000000,0.000000,
population,fixed,fixed,0.1,1,6.0,2,final,1,2001,0,3.591704,0.000000,3.591704,0.00e+00,2.808534,2.818422,6.400238,6.410126,3.400000,3.187217,6.587217,-0.177091,0,0.191704,0.191704,0.900000,1.000000,0.900000,6.600966,6.619811,0.619068,1.000000,0.000000,0.000000,
population,fixed,fixed,0.1,0.3,6.0,2,best,1,2001,0,3.405144,0.000000,3.405144,0.00e+00,3.136479,3.132492,4.158022,4.154035,3.400000,3.187217,4.207217,-0.053183,0,0.005144,0.001543,0.900000,1.000000,0.900000,7.376028,7.392776,0.101331,1.000000,0.000000,0.000000,
population,fixed,fixed,0.1,0.3,6.0,2,final,1,2001,0,4.505324,0.000000,4.505324,0.00e+00,2.263461,2.364712,3.615058,3.716309,3.400000,3.187217,4.207217,-0.490908,0,1.105324,0.331597,0.900000,1.000000,0.900000,5.209589,5.337141,1.485168,1.000000,0.000000,0.000000,
population,fixed,fixed,0.1,0.1,6.0,2,best,1,2001,0,3.406624,0.000000,3.406624,0.00e+00,3.128175,3.131103,3.468838,3.471766,3.400000,3.187217,3.527217,-0.055452,0,0.006624,0.000662,0.900000,1.000000,0.900000,7.352174,7.373220,0.115022,1.000000,0.000000,0.000000,
population,fixed,fixed,0.1,0.1,6.0,2,final,1,2001,0,5.251160,0.000000,5.251160,0.00e+00,1.989993,2.217714,2.515109,2.742830,3.400000,3.187217,3.527217,-0.784387,0,1.851160,0.185116,0.900000,1.000000,0.900000,4.532735,4.695936,1.923030,1.000000,0.000000,0.000000,
population,fixed,fixed,0.1,0.03,6.0,2,best,1,2001,0,3.408268,0.000000,3.408268,0.00e+00,3.119884,3.128078,3.222132,3.230326,3.400000,3.187217,3.289217,-0.058892,0,0.008268,0.000248,0.900000,1.000000,0.900000,7.328361,7.353699,0.128511,1.000000,0.000000,0.000000,
population,fixed,fixed,0.1,0.03,6.0,2,final,1,2001,0,5.705276,0.000000,5.705276,0.00e+00,1.852839,2.196195,2.023997,2.367353,3.400000,3.187217,3.289217,-0.921865,0,2.305276,0.069158,0.900000,1.000000,0.900000,4.161780,4.376816,2.144779,1.000000,0.000000,0.000000,
population,fixed,fixed,0.1,0.01,6.0,2,best,1,2001,0,3.410164,0.000000,3.410164,0.00e+00,3.111606,3.110419,3.145708,3.144520,3.400000,3.187217,3.221217,-0.076697,0,0.010164,0.000102,0.900000,1.000000,0.900000,7.304591,7.334215,0.142467,1.000000,0.000000,0.000000,
population,fixed,fixed,0.1,0.01,6.0,2,final,1,2001,0,5.788373,0.000000,5.788373,0.00e+00,1.830694,2.190330,1.888578,2.248214,3.400000,3.187217,3.221217,-0.973004,0,2.388373,0.023884,0.900000,1.000000,0.900000,4.017791,4.331946,2.183991,1.000000,0.000000,0.000000,
population,fixed,fixed,0.1,0.003,6.0,2,best,1,2001,0,3.412148,0.000000,3.412148,0.00e+00,3.103342,3.114957,3.113578,3.125193,3.400000,3.187217,3.197417,-0.072224,0,0.012148,0.000036,0.900000,1.000000,0.900000,7.280864,7.314766,0.155784,1.000000,0.000000,0.000000,
population,fixed,fixed,0.1,0.003,6.0,2,final,1,2001,0,5.757574,0.000000,5.757574,0.00e+00,1.843591,2.196780,1.860864,2.214052,3.400000,3.187217,3.197417,-0.983365,0,2.357574,0.007073,0.900000,1.000000,0.900000,4.125882,4.362289,2.169078,1.000000,0.000000,0.000000,
population,fixed,fixed,0.1,0.001,6.0,2,best,1,2001,0,3.414349,0.000000,3.414349,0.00e+00,3.095090,3.105334,3.098504,3.108748,3.400000,3.187217,3.190617,-0.081869,0,0.014349,0.000014,0.900000,1.000000,0.900000,7.257178,7.295352,0.169259,1.000000,0.000000,0.000000,
population,fixed,fixed,0.1,0.001,6.0,2,final,1,2001,0,5.749302,0.000000,5.749302,0.00e+00,1.843472,2.188119,1.849221,2.193868,3.400000,3.187217,3.190617,-0.996749,0,2.349302,0.002349,0.900000,1.000000,0.900000,4.109081,4.360909,2.164217,1.000000,0.000000,0.000000,
population,fixed,paper,0.1,10,6.0,3,best,1607,3607,0,3.401860,0.000227,3.402087,0.00e+00,3.161748,3.161259,37.182614,37.182125,3.400000,3.187217,37.187217,-0.005093,0,0.001860,0.018598,0.900000,1.000000,0.900000,7.446936,7.452318,0.060865,1.000000,0.000000,0.000000,
population,fixed,paper,0.1,10,6.0,3,final,1607,3607,0,3.401998,0.000045,3.402043,0.00e+00,3.160022,3.157956,37.180454,37.178388,3.400000,3.187217,37.187217,-0.008830,0,0.001998,0.019978,0.900000,1.000000,0.900000,7.448126,7.448244,0.063211,1.000000,0.000000,0.000000,
population,fixed,paper,0.1,3,6.0,3,best,1,2001,0,3.402739,0.000220,3.402959,0.00e+00,3.153614,3.157526,13.362491,13.366403,3.400000,3.187217,13.387217,-0.020815,0,0.002739,0.008218,0.900000,1.000000,0.900000,7.425580,7.433146,0.073961,1.000000,0.000000,0.000000,
population,fixed,paper,0.1,3,6.0,3,final,1,2001,0,3.422244,0.000244,3.422488,0.00e+00,3.066758,3.071262,13.334223,13.338727,3.400000,3.187217,13.387217,-0.048491,0,0.022244,0.066733,0.900000,1.000000,0.900000,7.205360,7.228429,0.210826,1.000000,0.000000,0.000000,
population,fixed,paper,0.1,1,6.0,3,best,1,2001,0,3.403802,0.000308,3.404110,0.00e+00,3.145468,3.144358,6.549579,6.548468,3.400000,3.187217,6.587217,-0.038749,0,0.003802,0.003802,0.900000,1.000000,0.900000,7.400758,7.413954,0.087093,1.000000,0.000000,0.000000,
population,fixed,paper,0.1,1,6.0,3,final,1,2001,0,3.584500,0.001812,3.586312,0.00e+00,2.816898,2.828109,6.403211,6.414422,3.400000,3.187217,6.587217,-0.172796,0,0.184500,0.184500,0.900000,1.000000,0.900000,6.599280,6.639704,0.606632,1.000000,0.000000,0.000000,
population,fixed,paper,0.1,0.3,6.0,3,best,1,2001,0,3.405027,0.000293,3.405320,0.00e+00,3.137334,3.137220,4.158930,4.158816,3.400000,3.187217,4.207217,-0.048401,0,0.005027,0.001508,0.900000,1.000000,0.900000,7.375911,7.394795,0.100225,1.000000,0.000000,0.000000,
population,fixed,paper,0.1,0.3,6.0,3,final,1,2001,0,4.876777,0.095436,4.972212,0.00e+00,2.115352,2.156057,3.607016,3.647721,3.400000,3.187217,4.207217,-0.559497,0,1.476777,0.443033,0.900000,1.000000,0.900000,4.875949,4.987338,1.717554,1.000000,0.000000,0.000000,
population,fixed,paper,0.1,0.1,6.0,3,best,1,2001,0,3.406451,0.000287,3.406738,0.00e+00,3.129211,3.127762,3.469885,3.468436,3.400000,3.187217,3.527217,-0.058781,0,0.006451,0.000645,0.900000,1.000000,0.900000,7.351120,7.375671,0.113536,1.000000,0.000000,0.000000,
population,fixed,paper,0.1,0.1,6.0,3,final,1,2001,0,7.807899,1.452327,9.260226,0.00e+00,1.325593,1.418919,2.251615,2.344942,3.400000,3.187217,3.527217,-1.182276,0,4.407899,0.440790,0.900000,1.000000,0.900000,2.940985,3.131299,2.968164,1.000000,0.000000,0.000000,
population,fixed,paper,0.1,0.03,6.0,3,best,1,2001,0,3.408084,0.000313,3.408397,0.00e+00,3.121101,3.121521,3.223353,3.223772,3.400000,3.187217,3.289217,-0.065445,0,0.008084,0.000243,0.900000,1.000000,0.900000,7.326385,7.356582,0.127044,1.000000,0.000000,0.000000,
population,fixed,paper,0.1,0.03,6.0,3,final,1,2001,0,10.759081,6.204051,16.963132,0.00e+00,0.797757,0.880063,1.306651,1.388957,3.400000,3.187217,3.289217,-1.900260,0,7.359081,0.220772,0.900000,1.000000,0.900000,1.704864,1.903306,3.835395,1.000000,0.000000,0.000000,
population,fixed,paper,0.1,0.01,6.0,3,best,1,2001,0,3.409901,0.000357,3.410258,0.00e+00,3.113003,3.114005,3.147106,3.148107,3.400000,3.187217,3.221217,-0.073110,0,0.009901,0.000099,0.900000,1.000000,0.900000,7.301708,7.337528,0.140615,1.000000,0.000000,0.000000,
population,fixed,paper,0.1,0.01,6.0,3,final,1,2001,0,12.414011,10.156741,22.570752,0.00e+00,0.631948,0.702099,0.857655,0.927806,3.400000,3.187217,3.221217,-2.293411,0,9.014011,0.090140,0.900000,1.000000,0.900000,1.286682,1.492496,4.244899,1.000000,0.000000,0.000000,
population,fixed,paper,0.1,0.003,6.0,3,best,1,2001,0,3.411871,0.000400,3.412272,0.00e+00,3.105012,3.106802,3.115249,3.117039,3.400000,3.187217,3.197417,-0.080379,0,0.011871,0.000036,0.900000,1.000000,0.900000,7.281145,7.318724,0.154024,1.000000,0.000000,0.000000,
population,fixed,paper,0.1,0.003,6.0,3,final,1,2001,0,13.915637,11.774611,25.690248,0.00e+00,0.605138,0.661991,0.682209,0.739062,3.400000,3.187217,3.197417,-2.458355,0,10.515637,0.031547,0.900000,1.000000,0.900000,1.220974,1.426757,4.583985,1.000000,0.000000,0.000000,
population,fixed,paper,0.1,0.001,6.0,3,best,1,2001,0,3.414015,0.000432,3.414447,0.00e+00,3.096938,3.098678,3.100353,3.102093,3.400000,3.187217,3.190617,-0.088525,0,0.014015,0.000014,0.900000,1.000000,0.900000,7.256563,7.299739,0.167352,1.000000,0.000000,0.000000,
population,fixed,paper,0.1,0.001,6.0,3,final,1,2001,0,14.389407,13.416214,27.805621,0.00e+00,0.580753,0.631055,0.608558,0.658860,3.400000,3.187217,3.190617,-2.531757,0,10.989407,0.010989,0.900000,1.000000,0.900000,1.114405,1.339932,4.686390,1.000000,0.000000,0.000000,
population,fixed,paper,0.2,10,6.0,1,best,5177,7177,0,6.406444,0.000449,6.406893,0.00e+00,5.462398,5.487660,69.531326,69.556588,6.400000,5.597655,69.597655,-0.041068,0,0.006444,0.064436,0.800000,1.000000,0.800000,6.408266,6.437597,0.112335,1.000000,0.000000,0.000000,
population,fixed,paper,0.2,10,6.0,1,final,5177,7177,0,6.407818,0.000118,6.407936,0.00e+00,5.443034,5.461478,69.522392,69.540835,6.400000,5.597655,69.597655,-0.056820,0,0.007818,0.078178,0.800000,1.000000,0.800000,6.408141,6.414694,0.124775,1.000000,0.000000,0.000000,
population,fixed,paper,0.2,3,6.0,1,best,1,2001,0,6.407697,0.000425,6.408122,0.00e+00,5.447093,5.462815,24.671459,24.687180,6.400000,5.597655,24.797655,-0.110475,0,0.007697,0.023090,0.800000,1.000000,0.800000,6.390941,6.419549,0.123071,1.000000,0.000000,0.000000,
population,fixed,paper,0.2,3,6.0,1,final,1,2001,0,6.481634,0.001157,6.482791,0.00e+00,5.090114,5.115856,24.538486,24.564228,6.400000,5.597655,24.797655,-0.233427,0,0.081634,0.244901,0.800000,1.000000,0.800000,5.976442,5.998827,0.403808,1.000000,0.000000,0.000000,
population,fixed,paper,0.2,1,6.0,1,best,1,2001,0,6.409194,0.000505,6.409699,0.00e+00,5.431780,5.432718,11.841479,11.842417,6.400000,5.597655,11.997655,-0.155238,0,0.009194,0.009194,0.800000,1.000000,0.800000,6.372578,6.401503,0.134832,1.000000,0.000000,0.000000,
population,fixed,paper,0.2,1,6.0,1,final,1,2001,0,7.003037,0.025355,7.028393,0.00e+00,4.213385,4.299245,11.241778,11.327638,6.400000,5.597655,11.997655,-0.670018,0,0.603037,0.603037,0.800000,1.000000,0.800000,4.892952,4.966127,1.097630,1.000000,0.000000,0.000000,
population,fixed,paper,0.2,0.3,6.0,1,best,1,2001,0,6.410882,0.000548,6.411431,0.00e+00,5.416488,5.437332,7.339917,7.360761,6.400000,5.597655,7.517655,-0.156895,0,0.010882,0.003265,0.800000,1.000000,0.800000,6.354251,6.383483,0.146731,1.000000,0.000000,0.000000,
population,fixed,paper,0.2,0.3,6.0,1,final,1,2001,0,9.030149,0.676851,9.707000,0.00e+00,2.702230,2.917432,5.614330,5.829532,6.400000,5.597655,7.517655,-1.688124,0,2.630149,0.789045,0.800000,1.000000,0.800000,3.128800,3.187259,2.293261,1.000000,0.000000,0.000000,
population,fixed,paper,0.2,0.1,6.0,1,best,1,2001,0,6.412611,0.000579,6.413189,0.00e+00,5.402832,5.420644,6.044150,6.061963,6.400000,5.597655,6.237655,-0.175693,0,0.012611,0.001261,0.800000,1.000000,0.800000,6.333137,6.367399,0.157960,1.000000,0.000000,0.000000,
population,fixed,paper,0.2,0.1,6.0,1,final,1,2001,0,11.658232,4.687151,16.345383,0.00e+00,1.510870,1.727333,3.145408,3.361872,6.400000,5.597655,6.237655,-2.875784,0,5.258232,0.525823,0.800000,1.000000,0.800000,1.659219,1.786197,3.242289,1.000000,0.000000,0.000000,
population,fixed,paper,0.2,0.03,6.0,1,best,1,2001,0,6.414635,0.000677,6.415311,0.00e+00,5.387586,5.413105,5.580045,5.605565,6.400000,5.597655,5.789655,-0.184091,0,0.014635,0.000439,0.800000,1.000000,0.800000,6.311000,6.349443,0.170193,1.000000,0.000000,0.000000,
population,fixed,paper,0.2,0.03,6.0,1,final,1,2001,0,13.254219,11.177201,24.431420,0.00e+00,1.034650,1.175029,1.767593,1.907972,6.400000,5.597655,5.789655,-3.881684,0,6.854219,0.205627,0.800000,1.000000,0.800000,1.063118,1.153616,3.702081,1.000000,0.000000,0.000000,
population,fixed,paper,0.2,0.01,6.0,1,best,1,2001,0,6.416807,0.000717,6.417524,0.00e+00,5.372365,5.392408,5.436540,5.456584,6.400000,5.597655,5.661655,-0.205072,0,0.016807,0.000168,0.800000,1.000000,0.800000,6.288906,6.331521,0.182512,1.000000,0.000000,0.000000,
population,fixed,paper,0.2,0.01,6.0,1,final,1,2001,0,14.205154,15.255979,29.461133,0.00e+00,0.971325,1.049899,1.265936,1.344510,6.400000,5.597655,5.661655,-4.317145,0,7.805154,0.078052,0.800000,1.000000,0.800000,0.933652,1.027580,3.950381,1.000000,0.000000,0.000000,
population,fixed,paper,0.2,0.003,6.0,1,best,1,2001,0,6.419200,0.000770,6.419970,0.00e+00,5.357169,5.375381,5.376429,5.394641,6.400000,5.597655,5.616855,-0.222214,0,0.019200,0.000058,0.800000,1.000000,0.800000,6.266853,6.313633,0.195080,1.000000,0.000000,0.000000,
population,fixed,paper,0.2,0.003,6.0,1,final,1,2001,0,15.262621,17.173389,32.436010,0.00e+00,0.954349,1.017037,1.051657,1.114345,6.400000,5.597655,5.616855,-4.502510,0,8.862621,0.026588,0.800000,1.000000,0.800000,0.900039,0.985579,4.209096,1.000000,0.000000,0.000000,
population,fixed,paper,0.2,0.001,6.0,1,best,1,2001,0,6.421717,0.000767,6.422485,0.00e+00,5.341997,5.352822,5.348420,5.359244,6.400000,5.597655,5.604055,-0.244811,0,0.021717,0.000022,0.800000,1.000000,0.800000,6.244843,6.295778,0.207516,1.000000,0.000000,0.000000,
population,fixed,paper,0.2,0.001,6.0,1,final,1,2001,0,15.997996,17.715530,33.713527,0.00e+00,0.952684,1.008972,0.986398,1.042686,6.400000,5.597655,5.604055,-4.561370,0,9.597996,0.009598,0.800000,1.000000,0.800000,0.889773,0.984316,4.379668,1.000000,0.000000,0.000000,
population,fixed,paper,0,10,6.0,1,best,1542,3542,0,0.000008,0.000000,0.000008,0.00e+00,-0.000000,0.000452,0.000084,0.000536,0.000000,0.000284,0.000284,0.000252,0,0.000008,0.000084,1.000000,1.000000,1.000000,8.481816,8.484240,0.003163,1.000000,0.000000,0.000000,
population,fixed,paper,0,10,6.0,1,final,1542,3542,0,0.000000,0.000000,0.000000,0.00e+00,-0.000000,0.000205,0.000001,0.000206,0.000000,0.000284,0.000284,-0.000078,0,0.000000,0.000000,1.000000,1.000000,1.000000,8.485088,8.485351,0.000273,1.000000,0.000000,0.000000,
population,fixed,paper,0,3,6.0,1,best,26,2026,0,0.000003,0.000001,0.000004,0.00e+00,-0.000000,0.000055,0.000012,0.000067,0.000000,0.000284,0.000284,-0.000217,0,0.000003,0.000009,1.000000,1.000000,1.000000,8.483511,8.484959,0.002367,1.000000,0.000000,0.000000,
population,fixed,paper,0,3,6.0,1,final,26,2026,0,0.000001,0.000001,0.000001,0.00e+00,-0.000000,0.000290,0.000004,0.000294,0.000000,0.000284,0.000284,0.000010,0,0.000001,0.000002,1.000000,1.000000,1.000000,8.484368,8.485408,0.001147,1.000000,0.000000,0.000000,
population,fixed,paper,0,1,6.0,1,best,86,2086,0,0.000001,0.000001,0.000001,0.00e+00,-0.000000,0.000088,0.000001,0.000089,0.000000,0.000284,0.000284,-0.000195,0,0.000001,0.000001,1.000000,1.000000,1.000000,8.482999,8.484918,0.000943,1.000000,0.000000,0.000000,
population,fixed,paper,0,1,6.0,1,final,86,2086,0,0.000002,0.000001,0.000003,0.00e+00,-0.000000,0.000179,0.000003,0.000182,0.000000,0.000284,0.000284,-0.000102,0,0.000002,0.000002,1.000000,1.000000,1.000000,8.481195,8.484798,0.001488,1.000000,0.000000,0.000000,
population,fixed,paper,0,0.3,6.0,1,best,28,2028,0,0.000004,0.000001,0.000005,0.00e+00,-0.000000,0.000344,0.000002,0.000345,0.000000,0.000284,0.000284,0.000061,0,0.000004,0.000001,1.000000,1.000000,1.000000,8.483738,8.486456,0.002746,1.000000,0.000000,0.000000,
population,fixed,paper,0,0.3,6.0,1,final,28,2028,0,0.000007,0.000339,0.000345,0.00e+00,-0.000000,0.000020,0.000104,0.000124,0.000000,0.000284,0.000284,-0.000160,0,0.000007,0.000002,1.000000,1.000000,1.000000,8.479589,8.485172,0.002823,1.000000,0.000000,0.000000,
population,fixed,paper,0,0.1,6.0,1,best,15,2015,0,0.000010,0.000002,0.000011,0.00e+00,-0.000000,0.000104,0.000001,0.000105,0.000000,0.000284,0.000284,-0.000179,0,0.000010,0.000001,1.000000,1.000000,1.000000,8.478991,8.484281,0.004277,1.000000,0.000000,0.000000,
population,fixed,paper,0,0.1,6.0,1,final,15,2015,0,0.001681,0.002958,0.004639,0.00e+00,-0.000000,0.000288,0.000464,0.000752,0.000000,0.000284,0.000284,0.000468,0,0.001681,0.000168,1.000000,1.000000,1.000000,8.483191,8.520651,0.037991,1.000000,0.000000,0.000000,
population,fixed,paper,0,0.03,6.0,1,best,42,2042,0,0.000001,0.000001,0.000002,0.00e+00,-0.000000,0.000056,0.000000,0.000056,0.000000,0.000284,0.000284,-0.000228,0,0.000001,0.000000,1.000000,1.000000,1.000000,8.484107,8.485417,0.001531,1.000000,0.000000,0.000000,
population,fixed,paper,0,0.03,6.0,1,final,42,2042,0,0.004288,0.004277,0.008565,0.00e+00,-0.000000,0.000177,0.000257,0.000434,0.000000,0.000284,0.000284,0.000150,0,0.004288,0.000129,1.000000,1.000000,1.000000,8.484804,8.531834,0.045002,1.000000,0.000000,0.000000,
population,fixed,paper,0,0.01,6.0,1,best,440,2440,0,0.000086,0.000259,0.000346,0.00e+00,-0.000000,0.000307,0.000003,0.000310,0.000000,0.000284,0.000284,0.000026,0,0.000086,0.000001,1.000000,1.000000,1.000000,8.482260,8.491318,0.007360,1.000000,0.000000,0.000000,
population,fixed,paper,0,0.01,6.0,1,final,440,2440,0,0.005270,0.009119,0.014389,0.00e+00,-0.000000,0.000451,0.000144,0.000594,0.000000,0.000284,0.000284,0.000310,0,0.005270,0.000053,1.000000,1.000000,1.000000,8.483974,8.575773,0.080344,1.000000,0.000000,0.000000,
population,fixed,paper,0,0.003,6.0,1,best,1,2001,0,0.000098,0.000179,0.000277,0.00e+00,-0.000000,0.000211,0.000001,0.000212,0.000000,0.000284,0.000284,-0.000072,0,0.000098,0.000000,1.000000,1.000000,1.000000,8.473104,8.484938,0.013647,1.000000,0.000000,0.000000,
population,fixed,paper,0,0.003,6.0,1,final,1,2001,0,0.023038,0.010410,0.033448,0.00e+00,-0.000000,0.000079,0.000100,0.000179,0.000000,0.000284,0.000284,-0.000105,0,0.023038,0.000069,1.000000,1.000000,1.000000,8.487032,8.640309,0.145947,1.000000,0.000000,0.000000,
population,fixed,paper,0,0.001,6.0,1,best,24,2024,0,0.000012,0.000009,0.000021,0.00e+00,-0.000000,0.000205,0.000000,0.000205,0.000000,0.000284,0.000284,-0.000079,0,0.000012,0.000000,1.000000,1.000000,1.000000,8.482289,8.485990,0.004462,1.000000,0.000000,0.000000,
population,fixed,paper,0,0.001,6.0,1,final,24,2024,0,0.057518,0.017271,0.074789,0.00e+00,-0.000000,0.000041,0.000075,0.000116,0.000000,0.000284,0.000284,-0.000168,0,0.057518,0.000058,1.000000,1.000000,1.000000,8.473190,8.755523,0.297813,1.000000,0.000000,0.000000,
population,fixed,paper,0.4,10,6.0,1,best,4145,6145,0,11.217619,0.002396,11.220014,0.00e+00,7.531920,7.817958,119.732065,120.018103,11.200000,8.191259,120.191259,-0.173156,0,0.017619,0.176189,0.600000,1.000000,0.600000,4.396025,4.438372,0.186932,1.000000,0.000000,0.000000,
population,fixed,paper,0.4,10,6.0,1,final,4145,6145,0,11.221159,0.001566,11.222725,0.00e+00,7.487824,7.780978,119.715076,120.008230,11.200000,8.191259,120.191259,-0.183030,0,0.021159,0.211590,0.600000,1.000000,0.600000,4.366188,4.412382,0.204312,1.000000,0.000000,0.000000,
population,fixed,paper,0.4,3,6.0,1,best,1,2001,0,11.219454,0.002187,11.221640,0.00e+00,7.506532,7.811152,41.171453,41.476074,11.200000,8.191259,41.791259,-0.315186,0,0.019454,0.058361,0.600000,1.000000,0.600000,4.380666,4.423410,0.196606,1.000000,0.000000,0.000000,
population,fixed,paper,0.4,3,6.0,1,final,1,2001,0,11.370588,0.028185,11.398774,0.00e+00,6.529765,6.931827,40.726086,41.128148,11.200000,8.191259,41.791259,-0.663112,0,0.170588,0.511765,0.600000,1.000000,0.600000,3.777041,3.848259,0.582936,1.000000,0.000000,0.000000,
population,fixed,paper,0.4,1,6.0,1,best,1,2001,0,11.221079,0.002126,11.223205,0.00e+00,7.486459,7.744212,18.709664,18.967417,11.200000,8.191259,19.391259,-0.423842,0,0.021079,0.021079,0.600000,1.000000,0.600000,4.365348,4.411588,0.204834,1.000000,0.000000,0.000000,
population,fixed,paper,0.4,1,6.0,1,final,1,2001,0,11.995043,0.331584,12.326626,0.00e+00,4.817134,5.473204,17.143761,17.799830,11.200000,8.191259,19.391259,-1.591429,0,0.795043,0.795043,0.600000,1.000000,0.600000,2.731158,2.839771,1.260451,1.000000,0.000000,0.000000,
population,fixed,paper,0.4,0.3,6.0,1,best,1,2001,0,11.222743,0.002289,11.225032,0.00e+00,7.467052,7.741284,10.834561,11.108794,11.200000,8.191259,11.551259,-0.442466,0,0.022743,0.006823,0.600000,1.000000,0.600000,4.349404,4.400160,0.212824,1.000000,0.000000,0.000000,
population,fixed,paper,0.4,0.3,6.0,1,final,1,2001,0,13.305142,2.936450,16.241592,0.00e+00,2.823969,3.458408,7.696447,8.330886,11.200000,8.191259,11.551259,-3.220374,0,2.105142,0.631543,0.600000,1.000000,0.600000,1.583227,1.663876,2.051366,1.000000,0.000000,0.000000,
population,fixed,paper,0.4,0.1,6.0,1,best,1,2001,0,11.224621,0.002407,11.227027,0.00e+00,7.445441,7.731580,8.568144,8.854282,11.200000,8.191259,9.311259,-0.456977,0,0.024621,0.002462,0.600000,1.000000,0.600000,4.333466,4.387442,0.221283,1.000000,0.000000,0.000000,
population,fixed,paper,0.4,0.1,6.0,1,final,1,2001,0,14.438776,8.940854,23.379630,0.00e+00,1.741383,2.161534,4.079346,4.499497,11.200000,8.191259,9.311259,-4.811762,0,3.238776,0.323878,0.600000,1.000000,0.600000,0.847358,0.944032,2.544756,1.000000,0.000000,0.000000,
population,fixed,paper,0.4,0.03,6.0,1,best,1,2001,0,11.226904,0.002562,11.229465,0.00e+00,7.420458,7.737539,7.757342,8.074423,11.200000,8.191259,8.527259,-0.452837,0,0.026904,0.000807,0.600000,1.000000,0.600000,4.316892,4.372727,0.231361,1.000000,0.000000,0.000000,
population,fixed,paper,0.4,0.03,6.0,1,final,1,2001,0,14.900625,15.385225,30.285851,0.00e+00,1.576567,1.732699,2.485142,2.641274,11.200000,8.191259,8.527259,-5.885985,0,3.700625,0.111019,0.600000,1.000000,0.600000,0.684015,0.745641,2.720454,1.000000,0.000000,0.000000,
population,fixed,paper,0.4,0.01,6.0,1,best,1,2001,0,11.228947,0.002658,11.231604,0.00e+00,7.398297,7.696603,7.510613,7.808919,11.200000,8.191259,8.303259,-0.494341,0,0.028947,0.000289,0.600000,1.000000,0.600000,4.300997,4.359683,0.239946,1.000000,0.000000,0.000000,
population,fixed,paper,0.4,0.01,6.0,1,final,1,2001,0,15.767267,19.727339,35.494606,0.00e+00,1.559295,1.631802,1.914241,1.986748,11.200000,8.191259,8.303259,-6.316512,0,4.567267,0.045673,0.600000,1.000000,0.600000,0.626740,0.694435,3.021436,1.000000,0.000000,0.000000,
population,fixed,paper,0.4,0.003,6.0,1,best,1,2001,0,11.230946,0.002739,11.233684,0.00e+00,7.378198,7.690051,7.411899,7.723752,11.200000,8.191259,8.224859,-0.501108,0,0.030946,0.000093,0.600000,1.000000,0.600000,4.287980,4.347862,0.247986,1.000000,0.000000,0.000000,
population,fixed,paper,0.4,0.003,6.0,1,final,1,2001,0,17.290882,21.976933,39.267815,0.00e+00,1.556090,1.604263,1.673893,1.722067,11.200000,8.191259,8.224859,-6.502793,0,6.090882,0.018273,0.600000,1.000000,0.600000,0.616845,0.692052,3.488379,1.000000,0.000000,0.000000,
population,fixed,paper,0.4,0.001,6.0,1,best,1,2001,0,11.233480,0.002904,11.236385,0.00e+00,7.353370,7.650159,7.364606,7.661395,11.200000,8.191259,8.202459,-0.541064,0,0.033480,0.000033,0.600000,1.000000,0.600000,4.272151,4.333252,0.257918,1.000000,0.000000,0.000000,
population,fixed,paper,0.4,0.001,6.0,1,final,1,2001,0,18.256783,22.685467,40.942249,0.00e+00,1.554885,1.596358,1.595827,1.637301,11.200000,8.191259,8.202459,-6.565159,0,7.056783,0.007057,0.600000,1.000000,0.600000,0.620243,0.700560,3.754368,1.000000,0.000000,0.000000,
population,fixed,paper,0.2,10,6.0,3,best,1621,3621,0,6.407003,0.000357,6.407360,0.00e+00,5.450879,5.461406,69.524474,69.535001,6.400000,5.597655,69.597655,-0.062654,0,0.007003,0.070029,0.800000,1.000000,0.800000,6.413557,6.423932,0.118247,1.000000,0.000000,0.000000,
population,fixed,paper,0.2,10,6.0,3,final,1621,3621,0,6.407805,0.000104,6.407909,0.00e+00,5.442037,5.448582,69.521132,69.527677,6.400000,5.597655,69.597655,-0.069979,0,0.007805,0.078054,0.800000,1.000000,0.800000,6.410494,6.413502,0.124925,1.000000,0.000000,0.000000,
population,fixed,paper,0.2,3,6.0,3,best,1,2001,0,6.408473,0.000394,6.408867,0.00e+00,5.435867,5.455673,24.662468,24.682275,6.400000,5.597655,24.797655,-0.115381,0,0.008473,0.025419,0.800000,1.000000,0.800000,6.393576,6.406242,0.130096,1.000000,0.000000,0.000000,
population,fixed,paper,0.2,3,6.0,3,final,1,2001,0,6.476920,0.001378,6.478298,0.00e+00,5.108531,5.138106,24.543425,24.573000,6.400000,5.597655,24.797655,-0.224655,0,0.076920,0.230759,0.800000,1.000000,0.800000,5.973169,6.020697,0.391320,1.000000,0.000000,0.000000,
population,fixed,paper,0.2,1,6.0,3,best,1,2001,0,6.410104,0.000351,6.410454,0.00e+00,5.420879,5.426522,11.831334,11.836976,6.400000,5.597655,11.997655,-0.160679,0,0.010104,0.010104,0.800000,1.000000,0.800000,6.373643,6.388586,0.142081,1.000000,0.000000,0.000000,
population,fixed,paper,0.2,1,6.0,3,final,1,2001,0,6.976543,0.028865,7.005409,0.00e+00,4.245143,4.325065,11.250552,11.330474,6.400000,5.597655,11.997655,-0.667181,0,0.576543,0.576543,0.800000,1.000000,0.800000,4.920422,5.003535,1.072706,1.000000,0.000000,0.000000,
population,fixed,paper,0.2,0.3,6.0,3,best,1,2001,0,6.411902,0.000359,6.412261,0.00e+00,5.405916,5.420421,7.329595,7.344099,6.400000,5.597655,7.517655,-0.173556,0,0.011902,0.003571,0.800000,1.000000,0.800000,6.353761,6.370966,0.154211,1.000000,0.000000,0.000000,
population,fixed,paper,0.2,0.3,6.0,3,final,1,2001,0,9.052407,0.691436,9.743843,0.00e+00,2.690443,2.896020,5.613596,5.819173,6.400000,5.597655,7.517655,-1.698482,0,2.652407,0.795722,0.800000,1.000000,0.800000,3.069028,3.173836,2.302551,1.000000,0.000000,0.000000,
population,fixed,paper,0.2,0.1,6.0,3,best,1,2001,0,6.413847,0.000373,6.414221,0.00e+00,5.390977,5.402487,6.032399,6.043909,6.400000,5.597655,6.237655,-0.193746,0,0.013847,0.001385,0.800000,1.000000,0.800000,6.333926,6.353381,0.166350,1.000000,0.000000,0.000000,
population,fixed,paper,0.2,0.1,6.0,3,final,1,2001,0,11.667097,4.708530,16.375627,0.00e+00,1.507978,1.720439,3.145540,3.358001,6.400000,5.597655,6.237655,-2.879654,0,5.267097,0.526710,0.800000,1.000000,0.800000,1.646151,1.783760,3.245131,1.000000,0.000000,0.000000,
population,fixed,paper,0.2,0.03,6.0,3,best,1,2001,0,6.415961,0.000322,6.416283,0.00e+00,5.376063,5.391397,5.568551,5.583885,6.400000,5.597655,5.789655,-0.205770,0,0.015961,0.000479,0.800000,1.000000,0.800000,6.314140,6.335830,0.178611,1.000000,0.000000,0.000000,
population,fixed,paper,0.2,0.03,6.0,3,final,1,2001,0,13.239713,11.245217,24.484930,0.00e+00,1.042214,1.171792,1.776761,1.906340,6.400000,5.597655,5.789655,-3.883316,0,6.839713,0.205191,0.800000,1.000000,0.800000,1.058618,1.168557,3.698331,1.000000,0.000000,0.000000,
population,fixed,paper,0.2,0.01,6.0,3,best,1,2001,0,6.418233,0.000307,6.418540,0.00e+00,5.361173,5.375586,5.425358,5.439771,6.400000,5.597655,5.661655,-0.221884,0,0.018233,0.000182,0.800000,1.000000,0.800000,6.294403,6.318315,0.190867,1.000000,0.000000,0.000000,
population,fixed,paper,0.2,0.01,6.0,3,final,1,2001,0,14.451398,15.320366,29.771764,0.00e+00,0.966930,1.049547,1.264648,1.347264,6.400000,5.597655,5.661655,-4.314391,0,8.051398,0.080514,0.800000,1.000000,0.800000,0.908056,1.015802,4.012113,1.000000,0.000000,0.000000,
population,fixed,paper,0.2,0.003,6.0,3,best,1,2001,0,6.420704,0.000339,6.421043,0.00e+00,5.346307,5.362554,5.365570,5.381817,6.400000,5.597655,5.616855,-0.235038,0,0.020704,0.000062,0.800000,1.000000,0.800000,6.274715,6.300833,0.203372,1.000000,0.000000,0.000000,
population,fixed,paper,0.2,0.003,6.0,3,final,1,2001,0,16.095778,17.467115,33.562893,0.00e+00,0.958354,1.013947,1.059043,1.114636,6.400000,5.597655,5.616855,-4.502219,0,9.695778,0.029087,0.800000,1.000000,0.800000,0.881346,1.005102,4.401938,1.000000,0.000000,0.000000,
population,fixed,paper,0.2,0.001,6.0,3,best,1,2001,0,6.423299,0.000351,6.423650,0.00e+00,5.331465,5.348770,5.337888,5.355194,6.400000,5.597655,5.604055,-0.248861,0,0.023299,0.000023,0.800000,1.000000,0.800000,6.255077,6.283387,0.215744,1.000000,0.000000,0.000000,
population,fixed,paper,0.2,0.001,6.0,3,final,1,2001,0,16.871677,18.587856,35.459534,0.00e+00,0.952882,1.000826,0.988341,1.036285,6.400000,5.597655,5.604055,-4.567770,0,10.471677,0.010472,0.800000,1.000000,0.800000,0.869356,0.995074,4.574666,1.000000,0.000000,0.000000,
population,fixed,paper,0,10,6.0,2,best,1554,3554,0,0.000007,0.000000,0.000007,0.00e+00,-0.000000,0.000341,0.000069,0.000409,0.000000,0.000284,0.000284,0.000125,0,0.000007,0.000069,1.000000,1.000000,1.000000,8.482074,8.484191,0.002912,1.000000,0.000000,0.000000,
population,fixed,paper,0,10,6.0,2,final,1554,3554,0,0.000000,-0.000000,-0.000000,0.00e+00,-0.000000,0.000146,-0.000000,0.000146,0.000000,0.000284,0.000284,-0.000138,0,0.000000,0.000000,1.000000,1.000000,1.000000,8.485278,8.485285,0.000005,1.000000,0.000000,0.000000,
population,fixed,paper,0,3,6.0,2,best,17,2017,0,0.000005,0.000002,0.000007,0.00e+00,-0.000000,0.000247,0.000020,0.000267,0.000000,0.000284,0.000284,-0.000017,0,0.000005,0.000015,1.000000,1.000000,1.000000,8.482550,8.484916,0.003079,1.000000,0.000000,0.000000,
population,fixed,paper,0,3,6.0,2,final,17,2017,0,0.002983,0.000752,0.003735,0.00e+00,-0.000000,0.000078,0.011205,0.011283,0.000000,0.000284,0.000284,0.010999,0,0.002983,0.008948,1.000000,1.000000,1.000000,8.472720,8.514663,0.049304,1.000000,0.000000,0.000000,
population,fixed,paper,0,1,6.0,2,best,84,2084,0,0.000005,0.000049,0.000053,0.00e+00,-0.000000,0.000341,0.000053,0.000394,0.000000,0.000284,0.000284,0.000110,0,0.000005,0.000005,1.000000,1.000000,1.000000,8.484872,8.486245,0.001294,1.000000,0.000000,0.000000,
population,fixed,paper,0,1,6.0,2,final,84,2084,0,0.000000,-0.000000,-0.000000,0.00e+00,-0.000000,0.000399,-0.000000,0.000399,0.000000,0.000284,0.000284,0.000115,0,0.000000,0.000000,1.000000,1.000000,1.000000,8.485216,8.485295,0.000099,1.000000,0.000000,0.000000,
population,fixed,paper,0,0.3,6.0,2,best,26,2026,0,0.000004,0.000002,0.000006,0.00e+00,-0.000000,0.000140,0.000002,0.000141,0.000000,0.000284,0.000284,-0.000143,0,0.000004,0.000001,1.000000,1.000000,1.000000,8.483134,8.485453,0.002729,1.000000,0.000000,0.000000,
population,fixed,paper,0,0.3,6.0,2,final,26,2026,0,0.000006,0.000456,0.000462,0.00e+00,-0.000000,0.000245,0.000138,0.000384,0.000000,0.000284,0.000284,0.000100,0,0.000006,0.000002,1.000000,1.000000,1.000000,8.484634,8.486437,0.002443,1.000000,0.000000,0.000000,
population,fixed,paper,0,0.1,6.0,2,best,38,2038,0,0.000001,0.000000,0.000001,0.00e+00,-0.000000,0.000227,0.000000,0.000227,0.000000,0.000284,0.000284,-0.000057,0,0.000001,0.000000,1.000000,1.000000,1.000000,8.484217,8.485359,0.001421,1.000000,0.000000,0.000000,
population,fixed,paper,0,0.1,6.0,2,final,38,2038,0,0.001345,0.002034,0.003379,0.00e+00,-0.000000,0.000124,0.000338,0.000462,0.000000,0.000284,0.000284,0.000178,0,0.001345,0.000135,1.000000,1.000000,1.000000,8.470453,8.503465,0.025127,1.000000,0.000000,0.000000,
population,fixed,paper,0,0.03,6.0,2,best,1189,3189,0,0.000002,0.000282,0.000284,0.00e+00,-0.000000,0.000167,0.000009,0.000175,0.000000,0.000284,0.000284,-0.000109,0,0.000002,0.000000,1.000000,1.000000,1.000000,8.483553,8.485947,0.001815,1.000000,0.000000,0.000000,
population,fixed,paper,0,0.03,6.0,2,final,1189,3189,0,0.016103,0.004124,0.020228,0.00e+00,-0.000000,0.000038,0.000607,0.000644,0.000000,0.000284,0.000284,0.000360,0,0.016103,0.000483,1.000000,1.000000,1.000000,8.455693,8.548233,0.118639,1.000000,0.000000,0.000000,
population,fixed,paper,0,0.01,6.0,2,best,15,2015,0,0.000014,0.000067,0.000081,0.00e+00,-0.000000,0.000267,0.000001,0.000268,0.000000,0.000284,0.000284,-0.000016,0,0.000014,0.000000,1.000000,1.000000,1.000000,8.481298,8.485328,0.004925,1.000000,0.000000,0.000000,
population,fixed,paper,0,0.01,6.0,2,final,15,2015,0,0.006920,0.005859,0.012779,0.00e+00,-0.000000,0.000102,0.000128,0.000230,0.000000,0.000284,0.000284,-0.000054,0,0.006920,0.000069,1.000000,1.000000,1.000000,8.483468,8.561173,0.069578,1.000000,0.000000,0.000000,
population,fixed,paper,0,0.003,6.0,2,best,3,2003,0,0.000064,0.000029,0.000093,0.00e+00,-0.000000,0.000152,0.000000,0.000152,0.000000,0.000284,0.000284,-0.000132,0,0.000064,0.000000,1.000000,1.000000,1.000000,8.477660,8.487186,0.010909,1.000000,0.000000,0.000000,
population,fixed,paper,0,0.003,6.0,2,final,3,2003,0,0.017527,0.010377,0.027904,0.00e+00,-0.000000,0.000289,0.000084,0.000373,0.000000,0.000284,0.000284,0.000089,0,0.017527,0.000053,1.000000,1.000000,1.000000,8.492891,8.622366,0.121384,1.000000,0.000000,0.000000,
population,fixed,paper,0,0.001,6.0,2,best,6,2006,0,0.000032,0.000005,0.000036,0.00e+00,-0.000000,0.000189,0.000000,0.000189,0.000000,0.000284,0.000284,-0.000095,0,0.000032,0.000000,1.000000,1.000000,1.000000,8.482625,8.487173,0.007701,1.000000,0.000000,0.000000,
population,fixed,paper,0,0.001,6.0,2,final,6,2006,0,0.056899,0.025292,0.082192,0.00e+00,-0.000000,0.000085,0.000082,0.000167,0.000000,0.000284,0.000284,-0.000117,0,0.056899,0.000057,1.000000,1.000000,1.000000,8.509838,8.779203,0.276941,1.000000,0.000000,0.000000,
population,fixed,fixed,0.1,10,6.0,1,best,3771,5771,0,3.401808,0.000000,3.401808,0.00e+00,3.162430,3.167894,37.180507,37.185972,3.400000,3.187217,37.187217,-0.001246,0,0.001808,0.018078,0.900000,1.000000,0.900000,7.448013,7.453926,0.059939,1.000000,0.000000,0.000000,
population,fixed,fixed,0.1,10,6.0,1,final,3771,5771,0,3.401912,0.000000,3.401912,0.00e+00,3.161290,3.166442,37.180410,37.185561,3.400000,3.187217,37.187217,-0.001656,0,0.001912,0.019120,0.900000,1.000000,0.900000,7.446698,7.451241,0.061662,1.000000,0.000000,0.000000,
population,fixed,fixed,0.1,3,6.0,1,best,1,2001,0,3.402688,0.000000,3.402688,0.00e+00,3.154161,3.158379,13.362224,13.366442,3.400000,3.187217,13.387217,-0.020776,0,0.002688,0.008063,0.900000,1.000000,0.900000,7.424863,7.434437,0.073137,1.000000,0.000000,0.000000,
population,fixed,fixed,0.1,3,6.0,1,final,1,2001,0,3.422108,0.000000,3.422108,0.00e+00,3.067015,3.069866,13.333341,13.336191,3.400000,3.187217,13.387217,-0.051027,0,0.022108,0.066325,0.900000,1.000000,0.900000,7.226937,7.229025,0.210276,1.000000,0.000000,0.000000,
population,fixed,fixed,0.1,1,6.0,1,best,1,2001,0,3.403727,0.000000,3.403727,0.00e+00,3.145906,3.149402,6.549633,6.553129,3.400000,3.187217,6.587217,-0.034089,0,0.003727,0.003727,0.900000,1.000000,0.900000,7.400070,7.414986,0.086170,1.000000,0.000000,0.000000,
population,fixed,fixed,0.1,1,6.0,1,final,1,2001,0,3.583860,0.000000,3.583860,0.00e+00,2.817279,2.825629,6.401140,6.409489,3.400000,3.187217,6.587217,-0.177728,0,0.183860,0.183860,0.900000,1.000000,0.900000,6.601450,6.640568,0.605909,1.000000,0.000000,0.000000,
population,fixed,fixed,0.1,0.3,6.0,1,best,1,2001,0,3.404973,0.000000,3.404973,0.00e+00,3.137662,3.140001,4.159154,4.161493,3.400000,3.187217,4.207217,-0.045725,0,0.004973,0.001492,0.900000,1.000000,0.900000,7.375324,7.395565,0.099658,1.000000,0.000000,0.000000,
population,fixed,fixed,0.1,0.3,6.0,1,final,1,2001,0,4.480643,0.000000,4.480643,0.00e+00,2.274392,2.367451,3.618585,3.711644,3.400000,3.187217,4.207217,-0.495574,0,1.080643,0.324193,0.900000,1.000000,0.900000,5.174387,5.362771,1.467403,1.000000,0.000000,0.000000,
population,fixed,fixed,0.1,0.1,6.0,1,best,1,2001,0,3.406383,0.000000,3.406383,0.00e+00,3.129430,3.137714,3.470068,3.478353,3.400000,3.187217,3.527217,-0.048865,0,0.006383,0.000638,0.900000,1.000000,0.900000,7.350624,7.376175,0.112868,1.000000,0.000000,0.000000,
population,fixed,fixed,0.1,0.1,6.0,1,final,1,2001,0,5.247781,0.000000,5.247781,0.00e+00,1.990916,2.217828,2.515695,2.742607,3.400000,3.187217,3.527217,-0.784611,0,1.847781,0.184778,0.900000,1.000000,0.900000,4.460480,4.698047,1.919178,1.000000,0.000000,0.000000,
population,fixed,fixed,0.1,0.03,6.0,1,best,1,2001,0,3.407996,0.000000,3.407996,0.00e+00,3.121210,3.132720,3.223450,3.234960,3.400000,3.187217,3.289217,-0.054257,0,0.007996,0.000240,0.900000,1.000000,0.900000,7.325969,7.356820,0.126325,1.000000,0.000000,0.000000,
population,fixed,fixed,0.1,0.03,6.0,1,final,1,2001,0,5.579239,0.000000,5.579239,0.00e+00,1.887656,2.187759,2.055033,2.355136,3.400000,3.187217,3.289217,-0.934081,0,2.179239,0.065377,0.900000,1.000000,0.900000,4.096860,4.458950,2.085886,1.000000,0.000000,0.000000,
population,fixed,fixed,0.1,0.01,6.0,1,best,1,2001,0,3.409781,0.000000,3.409781,0.00e+00,3.113002,3.116956,3.147100,3.151054,3.400000,3.187217,3.221217,-0.070163,0,0.009781,0.000098,0.900000,1.000000,0.900000,7.301360,7.337498,0.139707,1.000000,0.000000,0.000000,
population,fixed,fixed,0.1,0.01,6.0,1,final,1,2001,0,5.622727,0.000000,5.622727,0.00e+00,1.879550,2.195071,1.935777,2.251298,3.400000,3.187217,3.221217,-0.969920,0,2.222727,0.022227,0.900000,1.000000,0.900000,4.241652,4.443165,2.106777,1.000000,0.000000,0.000000,
population,fixed,fixed,0.1,0.003,6.0,1,best,1,2001,0,3.411747,0.000000,3.411747,0.00e+00,3.104806,3.113346,3.115042,3.123582,3.400000,3.187217,3.197417,-0.073836,0,0.011747,0.000035,0.900000,1.000000,0.900000,7.276797,7.318210,0.153178,1.000000,0.000000,0.000000,
population,fixed,fixed,0.1,0.003,6.0,1,final,1,2001,0,5.668198,0.000000,5.668198,0.00e+00,1.865589,2.180422,1.882593,2.197426,3.400000,3.187217,3.197417,-0.999991,0,2.268198,0.006805,0.900000,1.000000,0.900000,4.127857,4.411890,2.128854,1.000000,0.000000,0.000000,
population,fixed,fixed,0.1,0.001,6.0,1,best,1,2001,0,3.413902,0.000000,3.413902,0.00e+00,3.096623,3.096782,3.100037,3.100196,3.400000,3.187217,3.190617,-0.090422,0,0.013902,0.000014,0.900000,1.000000,0.900000,7.252279,7.298954,0.166580,1.000000,0.000000,0.000000,
population,fixed,fixed,0.1,0.001,6.0,1,final,1,2001,0,5.717685,0.000000,5.717685,0.00e+00,1.850759,2.187491,1.856476,2.193209,3.400000,3.187217,3.190617,-0.997409,0,2.317685,0.002318,0.900000,1.000000,0.900000,4.168890,4.378068,2.151578,1.000000,0.000000,0.000000,
population,fixed,paper,0.4,10,6.0,0,best,3456,5456,0,11.217275,0.003264,11.220538,0.00e+00,7.537425,7.776584,119.742809,119.981968,11.200000,8.191259,120.191259,-0.209292,0,0.017275,0.172747,0.600000,1.000000,0.600000,4.407460,4.441614,0.185040,1.000000,0.000000,0.000000,
population,fixed,paper,0.4,10,6.0,0,final,3456,5456,0,11.220111,0.002271,11.222382,0.00e+00,7.504828,7.760674,119.728645,119.984491,11.200000,8.191259,120.191259,-0.206768,0,0.020111,0.201109,0.600000,1.000000,0.600000,4.374880,4.422459,0.197691,1.000000,0.000000,0.000000,
population,fixed,paper,0.4,3,6.0,0,best,1,2001,0,11.219044,0.003162,11.222205,0.00e+00,7.512312,7.814535,41.178928,41.481151,11.200000,8.191259,41.791259,-0.310109,0,0.019044,0.057131,0.600000,1.000000,0.600000,4.393624,4.426812,0.194382,1.000000,0.000000,0.000000,
population,fixed,paper,0.4,3,6.0,0,final,1,2001,0,11.356855,0.037222,11.394077,0.00e+00,6.595693,6.985868,40.777924,41.168099,11.200000,8.191259,41.791259,-0.623161,0,0.156855,0.470566,0.600000,1.000000,0.600000,3.760599,3.887240,0.558442,1.000000,0.000000,0.000000,
population,fixed,paper,0.4,1,6.0,0,best,1,2001,0,11.220984,0.002989,11.223973,0.00e+00,7.487044,7.772536,18.711018,18.996510,11.200000,8.191259,19.391259,-0.394750,0,0.020984,0.020984,0.600000,1.000000,0.600000,4.377881,4.411930,0.204300,1.000000,0.000000,0.000000,
population,fixed,paper,0.4,1,6.0,0,final,1,2001,0,11.981460,0.333330,12.314790,0.00e+00,4.847531,5.485617,17.162321,17.800407,11.200000,8.191259,19.391259,-1.590853,0,0.781460,0.781460,0.600000,1.000000,0.600000,2.800242,2.857460,1.249358,1.000000,0.000000,0.000000,
population,fixed,paper,0.4,0.3,6.0,0,best,1,2001,0,11.223093,0.002941,11.226034,0.00e+00,7.461980,7.740538,10.829790,11.108348,11.200000,8.191259,11.551259,-0.442911,0,0.023093,0.006928,0.600000,1.000000,0.600000,4.362101,4.397174,0.214340,1.000000,0.000000,0.000000,
population,fixed,paper,0.4,0.3,6.0,0,final,1,2001,0,13.314969,2.958116,16.273085,0.00e+00,2.814493,3.440521,7.696418,8.322446,11.200000,8.191259,11.551259,-3.228813,0,2.114969,0.634491,0.600000,1.000000,0.600000,1.566480,1.657643,2.056536,1.000000,0.000000,0.000000,
population,fixed,paper,0.4,0.1,6.0,0,best,1,2001,0,11.225066,0.003156,11.228222,0.00e+00,7.441039,7.710102,8.563861,8.832925,11.200000,8.191259,9.311259,-0.478335,0,0.025066,0.002507,0.600000,1.000000,0.600000,4.353234,4.384842,0.223450,1.000000,0.000000,0.000000,
population,fixed,paper,0.4,0.1,6.0,0,final,1,2001,0,14.405960,9.125548,23.531508,0.00e+00,1.755727,2.138788,4.108878,4.491939,11.200000,8.191259,9.311259,-4.819321,0,3.205960,0.320596,0.600000,1.000000,0.600000,0.908798,0.950891,2.532092,1.000000,0.000000,0.000000,
population,fixed,paper,0.4,0.03,6.0,0,best,1,2001,0,11.226866,0.003465,11.230331,0.00e+00,7.419812,7.699797,7.756722,8.036707,11.200000,8.191259,8.527259,-0.490553,0,0.026866,0.000806,0.600000,1.000000,0.600000,4.337965,4.372355,0.231373,1.000000,0.000000,0.000000,
population,fixed,paper,0.4,0.03,6.0,0,final,1,2001,0,14.907910,15.497701,30.405611,0.00e+00,1.574647,1.730788,2.486816,2.642956,11.200000,8.191259,8.527259,-5.884303,0,3.707910,0.111237,0.600000,1.000000,0.600000,0.656019,0.715342,2.723142,1.000000,0.000000,0.000000,
population,fixed,paper,0.4,0.01,6.0,0,best,1,2001,0,11.228989,0.003737,11.232726,0.00e+00,7.398276,7.712464,7.510603,7.824791,11.200000,8.191259,8.303259,-0.478468,0,0.028989,0.000290,0.600000,1.000000,0.600000,4.322722,4.359687,0.240173,1.000000,0.000000,0.000000,
population,fixed,paper,0.4,0.01,6.0,0,final,1,2001,0,15.927893,19.826591,35.754484,0.00e+00,1.558210,1.629879,1.915755,1.987423,11.200000,8.191259,8.303259,-6.315836,0,4.727893,0.047279,0.600000,1.000000,0.600000,0.629572,0.662665,3.074868,1.000000,0.000000,0.000000,
population,fixed,paper,0.4,0.003,6.0,0,best,1,2001,0,11.231241,0.004060,11.235301,0.00e+00,7.376254,7.637312,7.409960,7.671018,11.200000,8.191259,8.224859,-0.553841,0,0.031241,0.000094,0.600000,1.000000,0.600000,4.307519,4.346730,0.249296,1.000000,0.000000,0.000000,
population,fixed,paper,0.4,0.003,6.0,0,final,1,2001,0,18.382763,22.499249,40.882011,0.00e+00,1.556578,1.599056,1.679224,1.721702,11.200000,8.191259,8.224859,-6.503157,0,7.182763,0.021548,0.600000,1.000000,0.600000,0.612130,0.652852,3.789904,1.000000,0.000000,0.000000,
population,fixed,paper,0.4,0.001,6.0,0,best,1,2001,0,11.233927,0.004193,11.238119,0.00e+00,7.351274,7.640245,7.362512,7.651483,11.200000,8.191259,8.202459,-0.550976,0,0.033927,0.000034,0.600000,1.000000,0.600000,4.291608,4.332041,0.259845,1.000000,0.000000,0.000000,
population,fixed,paper,0.4,0.001,6.0,0,final,1,2001,0,20.038113,23.574425,43.612537,0.00e+00,1.555664,1.590494,1.599276,1.634106,11.200000,8.191259,8.202459,-6.568353,0,8.838113,0.008838,0.600000,1.000000,0.600000,0.603056,0.650477,4.203731,1.000000,0.000000,0.000000,
population,fixed,paper,0.4,10,6.0,3,best,3200,5200,0,11.216904,0.002302,11.219206,0.00e+00,7.546365,7.814379,119.738422,120.006436,11.200000,8.191259,120.191259,-0.184823,0,0.016904,0.169037,0.600000,1.000000,0.600000,4.398310,4.446957,0.181913,1.000000,0.000000,0.000000,
population,fixed,paper,0.4,10,6.0,3,final,3200,5200,0,11.218962,0.001947,11.220909,0.00e+00,7.514459,7.775489,119.723546,119.984576,11.200000,8.191259,120.191259,-0.206684,0,0.018962,0.189617,0.600000,1.000000,0.600000,4.389186,4.428095,0.194128,1.000000,0.000000,0.000000,
population,fixed,paper,0.4,3,6.0,3,best,1,2001,0,11.218591,0.002172,11.220763,0.00e+00,7.521545,7.803228,41.183835,41.465518,11.200000,8.191259,41.791259,-0.325742,0,0.018591,0.055772,0.600000,1.000000,0.600000,4.382989,4.432321,0.191173,1.000000,0.000000,0.000000,
population,fixed,paper,0.4,3,6.0,3,final,1,2001,0,11.369140,0.032169,11.401309,0.00e+00,6.538803,6.926725,40.742729,41.130651,11.200000,8.191259,41.791259,-0.660609,0,0.169140,0.507419,0.600000,1.000000,0.600000,3.802348,3.853405,0.580965,1.000000,0.000000,0.000000,
population,fixed,paper,0.4,1,6.0,3,best,1,2001,0,11.219746,0.002194,11.221939,0.00e+00,7.506071,7.782764,18.728010,19.004703,11.200000,8.191259,19.391259,-0.386556,0,0.019746,0.019746,0.600000,1.000000,0.600000,4.372228,4.423197,0.197386,1.000000,0.000000,0.000000,
population,fixed,paper,0.4,1,6.0,3,final,1,2001,0,11.973845,0.333516,12.307362,0.00e+00,4.859828,5.472704,17.167190,17.780066,11.200000,8.191259,19.391259,-1.611194,0,0.773845,0.773845,0.600000,1.000000,0.600000,2.794219,2.864879,1.243397,1.000000,0.000000,0.000000,
population,fixed,paper,0.4,0.3,6.0,3,best,1,2001,0,11.221344,0.002293,11.223637,0.00e+00,7.486079,7.754678,10.853170,11.121769,11.200000,8.191259,11.551259,-0.429490,0,0.021344,0.006403,0.600000,1.000000,0.600000,4.365668,4.411408,0.205306,1.000000,0.000000,0.000000,
population,fixed,paper,0.4,0.3,6.0,3,final,1,2001,0,13.298836,2.886651,16.185486,0.00e+00,2.832148,3.463138,7.687793,8.318784,11.200000,8.191259,11.551259,-3.232475,0,2.098836,0.629651,0.600000,1.000000,0.600000,1.599706,1.668606,2.048330,1.000000,0.000000,0.000000,
population,fixed,paper,0.4,0.1,6.0,3,best,1,2001,0,11.222391,0.002665,11.225056,0.00e+00,7.473390,7.750653,8.595896,8.873159,11.200000,8.191259,9.311259,-0.438100,0,0.022391,0.002239,0.600000,1.000000,0.600000,4.350539,4.403955,0.210298,1.000000,0.000000,0.000000,
population,fixed,paper,0.4,0.1,6.0,3,final,1,2001,0,14.418941,8.924837,23.343778,0.00e+00,1.752575,2.162649,4.086952,4.497027,11.200000,8.191259,9.311259,-4.814233,0,3.218941,0.321894,0.600000,1.000000,0.600000,0.888949,0.951471,2.537046,1.000000,0.000000,0.000000,
population,fixed,paper,0.4,0.03,6.0,3,best,1,2001,0,11.223764,0.002786,11.226551,0.00e+00,7.456220,7.734921,7.793016,8.071717,11.200000,8.191259,8.527259,-0.455542,0,0.023764,0.000713,0.600000,1.000000,0.600000,4.348863,4.393840,0.217224,1.000000,0.000000,0.000000,
population,fixed,paper,0.4,0.03,6.0,3,final,1,2001,0,14.931993,15.368715,30.300709,0.00e+00,1.577507,1.736099,2.486529,2.645120,11.200000,8.191259,8.527259,-5.882139,0,3.731993,0.111960,0.600000,1.000000,0.600000,0.693914,0.739457,2.731891,1.000000,0.000000,0.000000,
population,fixed,paper,0.4,0.01,6.0,3,best,1,2001,0,11.225542,0.003062,11.228604,0.00e+00,7.436610,7.720975,7.548896,7.833261,11.200000,8.191259,8.303259,-0.469999,0,0.025542,0.000255,0.600000,1.000000,0.600000,4.331809,4.382301,0.225179,1.000000,0.000000,0.000000,
population,fixed,paper,0.4,0.01,6.0,3,final,1,2001,0,16.029791,19.601185,35.630976,0.00e+00,1.559679,1.633767,1.915989,1.990076,11.200000,8.191259,8.303259,-6.313183,0,4.829791,0.048298,0.600000,1.000000,0.600000,0.643852,0.695451,3.107100,1.000000,0.000000,0.000000,
population,fixed,paper,0.4,0.003,6.0,3,best,1,2001,0,11.227899,0.003045,11.230944,0.00e+00,7.411620,7.676577,7.445313,7.710270,11.200000,8.191259,8.224859,-0.514589,0,0.027899,0.000084,0.600000,1.000000,0.600000,4.314795,4.367587,0.235415,1.000000,0.000000,0.000000,
population,fixed,paper,0.4,0.003,6.0,3,final,1,2001,0,18.283848,21.941532,40.225380,0.00e+00,1.558365,1.605198,1.679041,1.725874,11.200000,8.191259,8.224859,-6.498986,0,7.083848,0.021252,0.600000,1.000000,0.600000,0.611320,0.694402,3.761945,1.000000,0.000000,0.000000,
population,fixed,paper,0.4,0.001,6.0,3,best,1,2001,0,11.229691,0.003013,11.232704,0.00e+00,7.393130,7.660880,7.404363,7.672113,11.200000,8.191259,8.202459,-0.530347,0,0.029691,0.000030,0.600000,1.000000,0.600000,4.308770,4.356697,0.242874,1.000000,0.000000,0.000000,
population,fixed,paper,0.4,0.001,6.0,3,final,1,2001,0,19.754675,22.840437,42.595112,0.00e+00,1.555005,1.595046,1.597600,1.637641,11.200000,8.191259,8.202459,-6.564819,0,8.554675,0.008555,0.600000,1.000000,0.600000,0.620702,0.694708,4.133952,1.000000,0.000000,0.000000,
population,fixed,paper,0.2,10,6.0,4,best,4262,6262,0,6.406640,0.000451,6.407091,0.00e+00,5.457646,5.476603,69.528557,69.547514,6.400000,5.597655,69.597655,-0.050141,0,0.006640,0.066401,0.800000,1.000000,0.800000,6.409764,6.431955,0.114528,1.000000,0.000000,0.000000,
population,fixed,paper,0.2,10,6.0,4,final,4262,6262,0,6.407537,0.000146,6.407682,0.00e+00,5.446453,5.446890,69.523277,69.523714,6.400000,5.597655,69.597655,-0.073941,0,0.007537,0.075365,0.800000,1.000000,0.800000,6.410649,6.418736,0.122532,1.000000,0.000000,0.000000,
population,fixed,paper,0.2,3,6.0,4,best,1,2001,0,6.408026,0.000451,6.408477,0.00e+00,5.442137,5.458704,24.667568,24.684135,6.400000,5.597655,24.797655,-0.113521,0,0.008026,0.024079,0.800000,1.000000,0.800000,6.389382,6.413678,0.126092,1.000000,0.000000,0.000000,
population,fixed,paper,0.2,3,6.0,4,final,1,2001,0,6.482240,0.001060,6.483300,0.00e+00,5.088532,5.107008,24.538431,24.556906,6.400000,5.597655,24.797655,-0.240749,0,0.082240,0.246719,0.800000,1.000000,0.800000,5.968825,5.997010,0.405128,1.000000,0.000000,0.000000,
population,fixed,paper,0.2,1,6.0,4,best,1,2001,0,6.409631,0.000511,6.410142,0.00e+00,5.426601,5.439847,11.836743,11.849988,6.400000,5.597655,11.997655,-0.147667,0,0.009631,0.009631,0.800000,1.000000,0.800000,6.368966,6.395373,0.138386,1.000000,0.000000,0.000000,
population,fixed,paper,0.2,1,6.0,4,final,1,2001,0,6.983589,0.028503,7.012092,0.00e+00,4.237457,4.323952,11.249549,11.336044,6.400000,5.597655,11.997655,-0.661611,0,0.583589,0.583589,0.800000,1.000000,0.800000,4.913514,4.994583,1.079110,1.000000,0.000000,0.000000,
population,fixed,paper,0.2,0.3,6.0,4,best,1,2001,0,6.411454,0.000466,6.411921,0.00e+00,5.411349,5.428079,7.334925,7.351655,6.400000,5.597655,7.517655,-0.166000,0,0.011454,0.003436,0.800000,1.000000,0.800000,6.348585,6.377409,0.151053,1.000000,0.000000,0.000000,
population,fixed,paper,0.2,0.3,6.0,4,final,1,2001,0,9.034270,0.697889,9.732160,0.00e+00,2.700443,2.908394,5.620091,5.828042,6.400000,5.597655,7.517655,-1.689613,0,2.634270,0.790281,0.800000,1.000000,0.800000,2.992269,3.185214,2.294332,1.000000,0.000000,0.000000,
population,fixed,paper,0.2,0.1,6.0,4,best,1,2001,0,6.413363,0.000486,6.413849,0.00e+00,5.395858,5.422258,6.037243,6.063643,6.400000,5.597655,6.237655,-0.174013,0,0.013363,0.001336,0.800000,1.000000,0.800000,6.328246,6.359166,0.163195,1.000000,0.000000,0.000000,
population,fixed,paper,0.2,0.1,6.0,4,final,1,2001,0,11.646453,4.585988,16.232441,0.00e+00,1.516673,1.731013,3.139917,3.354258,6.400000,5.597655,6.237655,-2.883398,0,5.246453,0.524645,0.800000,1.000000,0.800000,1.630774,1.796443,3.238665,1.000000,0.000000,0.000000,
population,fixed,paper,0.2,0.03,6.0,4,best,1,2001,0,6.415474,0.000440,6.415914,0.00e+00,5.380392,5.395163,5.572869,5.587641,6.400000,5.597655,5.789655,-0.202015,0,0.015474,0.000464,0.800000,1.000000,0.800000,6.307945,6.340955,0.175652,1.000000,0.000000,0.000000,
population,fixed,paper,0.2,0.03,6.0,4,final,1,2001,0,13.329358,10.855578,24.184937,0.00e+00,1.039973,1.186016,1.765521,1.911564,6.400000,5.597655,5.789655,-3.878091,0,6.929358,0.207881,0.800000,1.000000,0.800000,1.053162,1.170870,3.722530,1.000000,0.000000,0.000000,
population,fixed,paper,0.2,0.01,6.0,4,best,1,2001,0,6.417790,0.000433,6.418223,0.00e+00,5.364948,5.378113,5.429131,5.442296,6.400000,5.597655,5.661655,-0.219360,0,0.017790,0.000178,0.800000,1.000000,0.800000,6.287682,6.322776,0.188324,1.000000,0.000000,0.000000,
population,fixed,paper,0.2,0.01,6.0,4,final,1,2001,0,14.765610,14.603338,29.368948,0.00e+00,0.971550,1.061146,1.265240,1.354835,6.400000,5.597655,5.661655,-4.306820,0,8.365610,0.083656,0.800000,1.000000,0.800000,0.911503,1.034174,4.089421,1.000000,0.000000,0.000000,
population,fixed,paper,0.2,0.003,6.0,4,best,1,2001,0,6.420165,0.000430,6.420595,0.00e+00,5.349529,5.371442,5.368791,5.390704,6.400000,5.597655,5.616855,-0.226151,0,0.020165,0.000060,0.800000,1.000000,0.800000,6.267459,6.304630,0.200540,1.000000,0.000000,0.000000,
population,fixed,paper,0.2,0.003,6.0,4,final,1,2001,0,16.585270,16.874962,33.460232,0.00e+00,0.954556,1.018267,1.054937,1.118647,6.400000,5.597655,5.616855,-4.498208,0,10.185270,0.030556,0.800000,1.000000,0.800000,0.891334,1.001789,4.511481,1.000000,0.000000,0.000000,
population,fixed,paper,0.2,0.001,6.0,4,best,1,2001,0,6.422741,0.000459,6.423200,0.00e+00,5.334661,5.361904,5.341084,5.368327,6.400000,5.597655,5.604055,-0.235728,0,0.022741,0.000023,0.800000,1.000000,0.800000,6.247277,6.287138,0.212946,1.000000,0.000000,0.000000,
population,fixed,paper,0.2,0.001,6.0,4,final,1,2001,0,17.559067,17.388393,34.947460,0.00e+00,0.953897,1.011705,0.988844,1.046653,6.400000,5.597655,5.604055,-4.557403,0,11.159067,0.011159,0.800000,1.000000,0.800000,0.870978,1.003154,4.721517,1.000000,0.000000,0.000000,
population,fixed,paper,0.4,10,6.0,2,best,4237,6237,0,11.217001,0.002775,11.219776,0.00e+00,7.543314,7.816082,119.741071,120.013839,11.200000,8.191259,120.191259,-0.177421,0,0.017001,0.170010,0.600000,1.000000,0.600000,4.389089,4.445148,0.182782,1.000000,0.000000,0.000000,
population,fixed,paper,0.4,10,6.0,2,final,4237,6237,0,11.221438,0.001896,11.223334,0.00e+00,7.482099,7.745280,119.715441,119.978623,11.200000,8.191259,120.191259,-0.212637,0,0.021438,0.214384,0.600000,1.000000,0.600000,4.373319,4.409007,0.205978,1.000000,0.000000,0.000000,
population,fixed,paper,0.4,3,6.0,2,best,1,2001,0,11.218345,0.002683,11.221027,0.00e+00,7.525514,7.808945,41.188596,41.472027,11.200000,8.191259,41.791259,-0.319233,0,0.018345,0.055034,0.600000,1.000000,0.600000,4.374975,4.434679,0.189459,1.000000,0.000000,0.000000,
population,fixed,paper,0.4,3,6.0,2,final,1,2001,0,11.375082,0.028756,11.403838,0.00e+00,6.512230,6.903257,40.723745,41.114772,11.200000,8.191259,41.791259,-0.676487,0,0.175082,0.525246,0.600000,1.000000,0.600000,3.766832,3.837950,0.590907,1.000000,0.000000,0.000000,
population,fixed,paper,0.4,1,6.0,2,best,1,2001,0,11.220239,0.002881,11.223119,0.00e+00,7.501990,7.769341,18.725110,18.992460,11.200000,8.191259,19.391259,-0.398799,0,0.020239,0.020239,0.600000,1.000000,0.600000,4.359780,4.420830,0.199056,1.000000,0.000000,0.000000,
population,fixed,paper,0.4,1,6.0,2,final,1,2001,0,11.975808,0.335073,12.310881,0.00e+00,4.856975,5.469017,17.167855,17.779897,11.200000,8.191259,19.391259,-1.611362,0,0.775808,0.775808,0.600000,1.000000,0.600000,2.771426,2.863379,1.245027,1.000000,0.000000,0.000000,
population,fixed,paper,0.4,0.3,6.0,2,best,1,2001,0,11.221753,0.003225,11.224978,0.00e+00,7.483483,7.792379,10.850977,11.159873,11.200000,8.191259,11.551259,-0.391387,0,0.021753,0.006526,0.600000,1.000000,0.600000,4.359897,4.409923,0.206861,1.000000,0.000000,0.000000,
population,fixed,paper,0.4,0.3,6.0,2,final,1,2001,0,13.306587,2.959853,16.266440,0.00e+00,2.824291,3.454477,7.704223,8.334409,11.200000,8.191259,11.551259,-3.216851,0,2.106587,0.631976,0.600000,1.000000,0.600000,1.556091,1.664739,2.052220,1.000000,0.000000,0.000000,
population,fixed,paper,0.4,0.1,6.0,2,best,1,2001,0,11.223739,0.003236,11.226975,0.00e+00,7.459033,7.762151,8.581730,8.884848,11.200000,8.191259,9.311259,-0.426411,0,0.023739,0.002374,0.600000,1.000000,0.600000,4.345880,4.395535,0.216337,1.000000,0.000000,0.000000,
population,fixed,paper,0.4,0.1,6.0,2,final,1,2001,0,14.416661,9.026522,23.443183,0.00e+00,1.755527,2.149522,4.099846,4.493840,11.200000,8.191259,9.311259,-4.817419,0,3.216661,0.321666,0.600000,1.000000,0.600000,0.874989,0.954347,2.536183,1.000000,0.000000,0.000000,
population,fixed,paper,0.4,0.03,6.0,2,best,1,2001,0,11.225784,0.003391,11.229176,0.00e+00,7.437485,7.731757,7.774360,8.068632,11.200000,8.191259,8.527259,-0.458627,0,0.025784,0.000774,0.600000,1.000000,0.600000,4.331834,4.382872,0.225458,1.000000,0.000000,0.000000,
population,fixed,paper,0.4,0.03,6.0,2,final,1,2001,0,14.948695,15.321788,30.270483,0.00e+00,1.579014,1.734083,2.487128,2.642198,11.200000,8.191259,8.527259,-5.885061,0,3.748695,0.112461,0.600000,1.000000,0.600000,0.701126,0.745127,2.737819,1.000000,0.000000,0.000000,
population,fixed,paper,0.4,0.01,6.0,2,best,1,2001,0,11.227093,0.003596,11.230689,0.00e+00,7.423772,7.695148,7.536079,7.807455,11.200000,8.191259,8.303259,-0.495804,0,0.027093,0.000271,0.600000,1.000000,0.600000,4.324680,4.374825,0.231431,1.000000,0.000000,0.000000,
population,fixed,paper,0.4,0.01,6.0,2,final,1,2001,0,16.105160,19.314663,35.419823,0.00e+00,1.558825,1.636779,1.913024,1.990977,11.200000,8.191259,8.303259,-6.312282,0,4.905160,0.049052,0.600000,1.000000,0.600000,0.638897,0.699913,3.131092,1.000000,0.000000,0.000000,
population,fixed,paper,0.4,0.003,6.0,2,best,1,2001,0,11.229117,0.003961,11.233079,0.00e+00,7.403733,7.668110,7.437432,7.701810,11.200000,8.191259,8.224859,-0.523050,0,0.029117,0.000087,0.600000,1.000000,0.600000,4.311821,4.363057,0.239562,1.000000,0.000000,0.000000,
population,fixed,paper,0.4,0.003,6.0,2,final,1,2001,0,18.169962,21.663486,39.833448,0.00e+00,1.555654,1.605488,1.675155,1.724988,11.200000,8.191259,8.224859,-6.499872,0,6.969962,0.020910,0.600000,1.000000,0.600000,0.629303,0.705430,3.731128,1.000000,0.000000,0.000000,
population,fixed,paper,0.4,0.001,6.0,2,best,1,2001,0,11.231370,0.004117,11.235487,0.00e+00,7.385401,7.664265,7.396637,7.675500,11.200000,8.191259,8.202459,-0.526959,0,0.031370,0.000031,0.600000,1.000000,0.600000,4.297329,4.352314,0.248310,1.000000,0.000000,0.000000,
population,fixed,paper,0.4,0.001,6.0,2,final,1,2001,0,19.490355,22.174118,41.664473,0.00e+00,1.555562,1.600797,1.597226,1.642462,11.200000,8.191259,8.202459,-6.559998,0,8.290355,0.008290,0.600000,1.000000,0.600000,0.628076,0.708613,4.068876,1.000000,0.000000,0.000000,
population,fixed,paper,0.2,10,6.0,0,best,4951,6951,0,6.406615,0.000481,6.407097,0.00e+00,5.458306,5.466518,69.529273,69.537485,6.400000,5.597655,69.597655,-0.060171,0,0.006615,0.066153,0.800000,1.000000,0.800000,6.405939,6.432736,0.114613,1.000000,0.000000,0.000000,
population,fixed,paper,0.2,10,6.0,0,final,4951,6951,0,6.407712,0.000138,6.407850,0.00e+00,5.443510,5.465084,69.522013,69.543587,6.400000,5.597655,69.597655,-0.054069,0,0.007712,0.077125,0.800000,1.000000,0.800000,6.409932,6.415248,0.124036,1.000000,0.000000,0.000000,
population,fixed,paper,0.2,3,6.0,0,best,1,2001,0,6.407990,0.000519,6.408509,0.00e+00,5.442697,5.479486,24.668223,24.705012,6.400000,5.597655,24.797655,-0.092644,0,0.007990,0.023969,0.800000,1.000000,0.800000,6.386931,6.414343,0.126103,1.000000,0.000000,0.000000,
population,fixed,paper,0.2,3,6.0,0,final,1,2001,0,6.477505,0.001703,6.479208,0.00e+00,5.103887,5.143315,24.541509,24.580938,6.400000,5.597655,24.797655,-0.216718,0,0.077505,0.232514,0.800000,1.000000,0.800000,5.972080,6.015095,0.393096,1.000000,0.000000,0.000000,
population,fixed,paper,0.2,1,6.0,0,best,1,2001,0,6.409310,0.000424,6.409735,0.00e+00,5.430167,5.455806,11.839902,11.865541,6.400000,5.597655,11.997655,-0.132115,0,0.009310,0.009310,0.800000,1.000000,0.800000,6.372739,6.399581,0.136069,1.000000,0.000000,0.000000,
population,fixed,paper,0.2,1,6.0,0,final,1,2001,0,6.960498,0.033435,6.993933,0.00e+00,4.266207,4.350078,11.260140,11.344011,6.400000,5.597655,11.997655,-0.653644,0,0.560498,0.560498,0.800000,1.000000,0.800000,4.915781,5.028692,1.057450,1.000000,0.000000,0.000000,
population,fixed,paper,0.2,0.3,6.0,0,best,1,2001,0,6.410841,0.000444,6.411284,0.00e+00,5.417562,5.431375,7.340947,7.354760,6.400000,5.597655,7.517655,-0.162895,0,0.010841,0.003252,0.800000,1.000000,0.800000,6.362857,6.384731,0.146960,1.000000,0.000000,0.000000,
population,fixed,paper,0.2,0.3,6.0,0,final,1,2001,0,9.018141,0.717426,9.735567,0.00e+00,2.709053,2.911141,5.629723,5.831811,6.400000,5.597655,7.517655,-1.685845,0,2.618141,0.785442,0.800000,1.000000,0.800000,3.108680,3.195003,2.287954,1.000000,0.000000,0.000000,
population,fixed,paper,0.2,0.1,6.0,0,best,1,2001,0,6.412763,0.000479,6.413242,0.00e+00,5.402019,5.409801,6.043343,6.051125,6.400000,5.597655,6.237655,-0.186530,0,0.012763,0.001276,0.800000,1.000000,0.800000,6.342506,6.366430,0.159489,1.000000,0.000000,0.000000,
population,fixed,paper,0.2,0.1,6.0,0,final,1,2001,0,11.664477,4.938647,16.603125,0.00e+00,1.506193,1.703088,3.166505,3.363401,6.400000,5.597655,6.237655,-2.874255,0,5.264477,0.526448,0.800000,1.000000,0.800000,1.644731,1.778850,3.244589,1.000000,0.000000,0.000000,
population,fixed,paper,0.2,0.03,6.0,0,best,1,2001,0,6.414741,0.000520,6.415260,0.00e+00,5.386503,5.410073,5.578961,5.602531,6.400000,5.597655,5.789655,-0.187124,0,0.014741,0.000442,0.800000,1.000000,0.800000,6.322199,6.348164,0.171461,1.000000,0.000000,0.000000,
population,fixed,paper,0.2,0.03,6.0,0,final,1,2001,0,13.265907,11.678046,24.943954,0.00e+00,1.026490,1.155013,1.774809,1.903332,6.400000,5.597655,5.789655,-3.886324,0,6.865907,0.205977,0.800000,1.000000,0.800000,1.047626,1.127474,3.705533,1.000000,0.000000,0.000000,
population,fixed,paper,0.2,0.01,6.0,0,best,1,2001,0,6.417018,0.000566,6.417584,0.00e+00,5.371013,5.386533,5.435189,5.450708,6.400000,5.597655,5.661655,-0.210947,0,0.017018,0.000170,0.800000,1.000000,0.800000,6.301935,6.329934,0.184219,1.000000,0.000000,0.000000,
population,fixed,paper,0.2,0.01,6.0,0,final,1,2001,0,14.460541,16.017294,30.477835,0.00e+00,0.960285,1.033164,1.265064,1.337942,6.400000,5.597655,5.661655,-4.323713,0,8.060541,0.080605,0.800000,1.000000,0.800000,0.902924,0.970440,4.014956,1.000000,0.000000,0.000000,
population,fixed,paper,0.2,0.003,6.0,0,best,1,2001,0,6.419448,0.000645,6.420093,0.00e+00,5.355548,5.365893,5.374809,5.385153,6.400000,5.597655,5.616855,-0.231702,0,0.019448,0.000058,0.800000,1.000000,0.800000,6.281712,6.311738,0.196893,1.000000,0.000000,0.000000,
population,fixed,paper,0.2,0.003,6.0,0,final,1,2001,0,16.601513,18.388447,34.989960,0.00e+00,0.951041,1.000112,1.056011,1.105082,6.400000,5.597655,5.616855,-4.511773,0,10.201513,0.030605,0.800000,1.000000,0.800000,0.861547,0.935933,4.516683,1.000000,0.000000,0.000000,
population,fixed,paper,0.2,0.001,6.0,0,best,1,2001,0,6.422134,0.000768,6.422903,0.00e+00,5.340110,5.359254,5.346533,5.365677,6.400000,5.597655,5.604055,-0.238379,0,0.022134,0.000022,0.800000,1.000000,0.800000,6.261532,6.293578,0.209989,1.000000,0.000000,0.000000,
population,fixed,paper,0.2,0.001,6.0,0,final,1,2001,0,18.113815,19.529167,37.642982,0.00e+00,0.946679,0.987705,0.984322,1.025348,6.400000,5.597655,5.604055,-4.578707,0,11.713815,0.011714,0.800000,1.000000,0.800000,0.857442,0.921977,4.839695,1.000000,0.000000,0.000000,
population,fixed,fixed,0.2,10,6.0,2,best,4226,6226,0,6.406762,0.000000,6.406762,0.00e+00,5.457045,5.473366,69.524666,69.540987,6.400000,5.597655,69.597655,-0.056668,0,0.006762,0.067621,0.800000,1.000000,0.800000,6.410010,6.431255,0.115283,1.000000,0.000000,0.000000,
population,fixed,fixed,0.2,10,6.0,2,final,4226,6226,0,6.407674,0.000000,6.407674,0.00e+00,5.445311,5.451297,69.522054,69.528041,6.400000,5.597655,69.597655,-0.069615,0,0.007674,0.076743,0.800000,1.000000,0.800000,6.404660,6.417389,0.123348,1.000000,0.000000,0.000000,
population,fixed,fixed,0.2,3,6.0,2,best,1,2001,0,6.408164,0.000000,6.408164,0.00e+00,5.441554,5.463352,24.666045,24.687842,6.400000,5.597655,24.797655,-0.109813,0,0.008164,0.024491,0.800000,1.000000,0.800000,6.390708,6.413003,0.126929,1.000000,0.000000,0.000000,
population,fixed,fixed,0.2,3,6.0,2,final,1,2001,0,6.484904,0.000000,6.484904,0.00e+00,5.079315,5.097069,24.534028,24.551782,6.400000,5.597655,24.797655,-0.245874,0,0.084904,0.254713,0.800000,1.000000,0.800000,5.971230,5.986066,0.411929,1.000000,0.000000,0.000000,
population,fixed,fixed,0.2,1,6.0,2,best,1,2001,0,6.409780,0.000000,6.409780,0.00e+00,5.426089,5.434824,11.835869,11.844603,6.400000,5.597655,11.997655,-0.153052,0,0.009780,0.009780,0.800000,1.000000,0.800000,6.370158,6.394788,0.139163,1.000000,0.000000,0.000000,
population,fixed,fixed,0.2,1,6.0,2,final,1,2001,0,6.918405,0.000000,6.918405,0.00e+00,4.315720,4.434773,11.234124,11.353177,6.400000,5.597655,11.997655,-0.644478,0,0.518405,0.518405,0.800000,1.000000,0.800000,5.021283,5.086872,1.017746,1.000000,0.000000,0.000000,
population,fixed,fixed,0.2,0.3,6.0,2,best,1,2001,0,6.411579,0.000000,6.411579,0.00e+00,5.410650,5.453339,7.334124,7.376813,6.400000,5.597655,7.517655,-0.140843,0,0.011579,0.003474,0.800000,1.000000,0.800000,6.349654,6.376607,0.151499,1.000000,0.000000,0.000000,
population,fixed,fixed,0.2,0.3,6.0,2,final,1,2001,0,7.799514,0.000000,7.799514,0.00e+00,3.493568,3.956548,5.833422,6.296402,6.400000,5.597655,7.517655,-1.221253,0,1.399514,0.419854,0.800000,1.000000,0.800000,4.014171,4.121531,1.672449,1.000000,0.000000,0.000000,
population,fixed,fixed,0.2,0.1,6.0,2,best,1,2001,0,6.413535,0.000000,6.413535,0.00e+00,5.395236,5.423247,6.036589,6.064601,6.400000,5.597655,6.237655,-0.173055,0,0.013535,0.001353,0.800000,1.000000,0.800000,6.329071,6.358462,0.163916,1.000000,0.000000,0.000000,
population,fixed,fixed,0.2,0.1,6.0,2,final,1,2001,0,8.218373,0.000000,8.218373,0.00e+00,3.197809,3.869470,4.019646,4.691307,6.400000,5.597655,6.237655,-1.546348,0,1.818373,0.181837,0.800000,1.000000,0.800000,3.615913,3.774965,1.906347,1.000000,0.000000,0.000000,
population,fixed,fixed,0.2,0.03,6.0,2,best,1,2001,0,6.415659,0.000000,6.415659,0.00e+00,5.379849,5.408345,5.572319,5.600815,6.400000,5.597655,5.789655,-0.188840,0,0.015659,0.000470,0.800000,1.000000,0.800000,6.307379,6.340353,0.176447,1.000000,0.000000,0.000000,
population,fixed,fixed,0.2,0.03,6.0,2,final,1,2001,0,8.416034,0.000000,8.416034,0.00e+00,3.079875,3.856138,3.332356,4.108619,6.400000,5.597655,5.789655,-1.681036,0,2.016034,0.060481,0.800000,1.000000,0.800000,3.478995,3.640584,2.006984,1.000000,0.000000,0.000000,
population,fixed,fixed,0.2,0.01,6.0,2,best,1,2001,0,6.417514,0.000000,6.417514,0.00e+00,5.367581,5.379610,5.431757,5.443785,6.400000,5.597655,5.661655,-0.217871,0,0.017514,0.000175,0.800000,1.000000,0.800000,6.288406,6.325919,0.186580,1.000000,0.000000,0.000000,
population,fixed,fixed,0.2,0.01,6.0,2,final,1,2001,0,8.478373,0.000000,8.478373,0.00e+00,3.046654,3.864043,3.131437,3.948826,6.400000,5.597655,5.661655,-1.712829,0,2.078373,0.020784,0.800000,1.000000,0.800000,3.394750,3.602428,2.036656,1.000000,0.000000,0.000000,
population,fixed,fixed,0.2,0.003,6.0,2,best,1,2001,0,6.419878,0.000000,6.419878,0.00e+00,5.352241,5.356427,5.371501,5.375686,6.400000,5.597655,5.616855,-0.241169,0,0.019878,0.000060,0.800000,1.000000,0.800000,6.268078,6.307874,0.198881,1.000000,0.000000,0.000000,
population,fixed,fixed,0.2,0.003,6.0,2,final,1,2001,0,8.487085,0.000000,8.487085,0.00e+00,3.045909,3.870843,3.071370,3.896305,6.400000,5.597655,5.616855,-1.720551,0,2.087085,0.006261,0.800000,1.000000,0.800000,3.487591,3.599991,2.042241,1.000000,0.000000,0.000000,
population,fixed,fixed,0.2,0.001,6.0,2,best,1,2001,0,6.422478,0.000000,6.422478,0.00e+00,5.336926,5.353937,5.343349,5.360360,6.400000,5.597655,5.604055,-0.243695,0,0.022478,0.000022,0.800000,1.000000,0.800000,6.247795,6.289866,0.211426,1.000000,0.000000,0.000000,
population,fixed,fixed,0.2,0.001,6.0,2,final,1,2001,0,8.530568,0.000000,8.530568,0.00e+00,3.017195,3.864098,3.025725,3.872629,6.400000,5.597655,5.604055,-1.731427,0,2.130568,0.002131,0.800000,1.000000,0.800000,3.332654,3.568307,2.062269,1.000000,0.000000,0.000000,
population,fixed,paper,0.4,10,6.0,4,best,5845,7845,0,11.217402,0.002424,11.219825,0.00e+00,7.538032,7.781444,119.736282,119.979694,11.200000,8.191259,120.191259,-0.211565,0,0.017402,0.174015,0.600000,1.000000,0.600000,4.395763,4.441999,0.185168,1.000000,0.000000,0.000000,
population,fixed,paper,0.4,10,6.0,4,final,5845,7845,0,11.220502,0.001956,11.222457,0.00e+00,7.494963,7.795257,119.719538,120.019831,11.200000,8.191259,120.191259,-0.171428,0,0.020502,0.205019,0.600000,1.000000,0.600000,4.376077,4.416596,0.201135,1.000000,0.000000,0.000000,
population,fixed,paper,0.4,3,6.0,4,best,1,2001,0,11.218846,0.002600,11.221447,0.00e+00,7.517796,7.782507,41.182136,41.446847,11.200000,8.191259,41.791259,-0.344412,0,0.018846,0.056539,0.600000,1.000000,0.600000,4.381457,4.430086,0.192412,1.000000,0.000000,0.000000,
population,fixed,paper,0.4,3,6.0,4,final,1,2001,0,11.369516,0.028351,11.397867,0.00e+00,6.537234,6.953926,40.730835,41.147527,11.200000,8.191259,41.791259,-0.643733,0,0.169516,0.508549,0.600000,1.000000,0.600000,3.778877,3.852715,0.580600,1.000000,0.000000,0.000000,
population,fixed,paper,0.4,1,6.0,4,best,1,2001,0,11.220798,0.002671,11.223469,0.00e+00,7.492551,7.784828,18.716020,19.008297,11.200000,8.191259,19.391259,-0.382963,0,0.020798,0.020798,0.600000,1.000000,0.600000,4.366958,4.415216,0.202539,1.000000,0.000000,0.000000,
population,fixed,paper,0.4,1,6.0,4,final,1,2001,0,11.985037,0.338809,12.323846,0.00e+00,4.837468,5.465852,17.161314,17.789697,11.200000,8.191259,19.391259,-1.601562,0,0.785037,0.785037,0.600000,1.000000,0.600000,2.772473,2.851910,1.252648,1.000000,0.000000,0.000000,
population,fixed,paper,0.4,0.3,6.0,4,best,1,2001,0,11.222165,0.002826,11.224991,0.00e+00,7.477439,7.730497,10.844936,11.097994,11.200000,8.191259,11.551259,-0.453265,0,0.022165,0.006650,0.600000,1.000000,0.600000,4.354171,4.406352,0.208570,1.000000,0.000000,0.000000,
population,fixed,paper,0.4,0.3,6.0,4,final,1,2001,0,13.315523,2.933580,16.249103,0.00e+00,2.814454,3.430783,7.689185,8.305513,11.200000,8.191259,11.551259,-3.245746,0,2.115523,0.634657,0.600000,1.000000,0.600000,1.521842,1.660217,2.056332,1.000000,0.000000,0.000000,
population,fixed,paper,0.4,0.1,6.0,4,best,1,2001,0,11.223909,0.002987,11.226896,0.00e+00,7.458957,7.742710,8.581646,8.865399,11.200000,8.191259,9.311259,-0.445860,0,0.023909,0.002391,0.600000,1.000000,0.600000,4.338489,4.395470,0.216708,1.000000,0.000000,0.000000,
population,fixed,paper,0.4,0.1,6.0,4,final,1,2001,0,14.405657,8.839179,23.244836,0.00e+00,1.761146,2.166735,4.085629,4.491218,11.200000,8.191259,9.311259,-4.820041,0,3.205657,0.320566,0.600000,1.000000,0.600000,0.872449,0.965751,2.531864,1.000000,0.000000,0.000000,
population,fixed,paper,0.4,0.03,6.0,4,best,1,2001,0,11.226042,0.003089,11.229131,0.00e+00,7.435709,7.723849,7.772582,8.060723,11.200000,8.191259,8.527259,-0.466537,0,0.026042,0.000781,0.600000,1.000000,0.600000,4.322938,4.381806,0.226081,1.000000,0.000000,0.000000,
population,fixed,paper,0.4,0.03,6.0,4,final,1,2001,0,14.955686,15.245852,30.201538,0.00e+00,1.577983,1.736218,2.484030,2.642264,11.200000,8.191259,8.527259,-5.884995,0,3.755686,0.112671,0.600000,1.000000,0.600000,0.669096,0.737734,2.740571,1.000000,0.000000,0.000000,
population,fixed,paper,0.4,0.01,6.0,4,best,1,2001,0,11.228313,0.003098,11.231412,0.00e+00,7.413577,7.731275,7.525891,7.843589,11.200000,8.191259,8.303259,-0.459670,0,0.028313,0.000283,0.600000,1.000000,0.600000,4.307897,4.368800,0.235473,1.000000,0.000000,0.000000,
population,fixed,paper,0.4,0.01,6.0,4,final,1,2001,0,16.089426,19.012661,35.102087,0.00e+00,1.559883,1.640336,1.910904,1.991357,11.200000,8.191259,8.303259,-6.311902,0,4.889426,0.048894,0.600000,1.000000,0.600000,0.639148,0.687165,3.126591,1.000000,0.000000,0.000000,
population,fixed,paper,0.4,0.003,6.0,4,best,1,2001,0,11.230910,0.003213,11.234124,0.00e+00,7.388375,7.693255,7.422078,7.726958,11.200000,8.191259,8.224859,-0.497902,0,0.030910,0.000093,0.600000,1.000000,0.600000,4.292878,4.353982,0.246146,1.000000,0.000000,0.000000,
population,fixed,paper,0.4,0.003,6.0,4,final,1,2001,0,18.030973,21.316128,39.347101,0.00e+00,1.555742,1.608707,1.673783,1.726748,11.200000,8.191259,8.224859,-6.498111,0,6.830973,0.020493,0.600000,1.000000,0.600000,0.631222,0.674060,3.695244,1.000000,0.000000,0.000000,
population,fixed,paper,0.4,0.001,6.0,4,best,1,2001,0,11.233402,0.003220,11.236623,0.00e+00,7.363561,7.682346,7.374797,7.693583,11.200000,8.191259,8.202459,-0.508877,0,0.033402,0.000033,0.600000,1.000000,0.600000,4.278591,4.339395,0.256205,1.000000,0.000000,0.000000,
population,fixed,paper,0.4,0.001,6.0,4,final,1,2001,0,19.071390,22.001570,41.072960,0.00e+00,1.554523,1.601515,1.595596,1.642588,11.200000,8.191259,8.202459,-6.559872,0,7.871390,0.007871,0.600000,1.000000,0.600000,0.631859,0.672928,3.966473,1.000000,0.000000,0.000000,
sampled,fixed,paper,0.1,0.001,6.0,3,best,129,229,0,12.887348,24.001244,36.888592,0.00e+00,0.554204,0.563996,0.591093,0.600884,3.400000,3.187217,3.190617,-2.589733,0,9.487348,0.009487,0.901500,1.000000,0.901500,nan,nan,nan,1.000000,0.000000,0.021132,
sampled,fixed,paper,0.1,0.001,6.0,3,final,129,229,0,12.856671,27.029921,39.886592,0.00e+00,0.552586,0.557720,0.592473,0.597607,3.400000,3.187217,3.190617,-2.593011,0,9.456671,0.009457,0.901500,1.000000,0.901500,nan,nan,nan,1.000000,0.000000,0.021132,
population,fixed,fixed,0.2,10,6.0,3,best,1623,3623,0,6.406963,0.000000,6.406963,0.00e+00,5.451521,5.462704,69.521154,69.532338,6.400000,5.597655,69.597655,-0.065317,0,0.006963,0.069633,0.800000,1.000000,0.800000,6.413353,6.424689,0.117864,1.000000,0.000000,0.000000,
population,fixed,fixed,0.2,10,6.0,3,final,1623,3623,0,6.407773,0.000000,6.407773,0.00e+00,5.442451,5.449266,69.520181,69.526996,6.400000,5.597655,69.597655,-0.070659,0,0.007773,0.077730,0.800000,1.000000,0.800000,6.410157,6.413990,0.124645,1.000000,0.000000,0.000000,
population,fixed,fixed,0.2,3,6.0,3,best,1,2001,0,6.408408,0.000000,6.408408,0.00e+00,5.436532,5.456619,24.661755,24.681843,6.400000,5.597655,24.797655,-0.115813,0,0.008408,0.025223,0.800000,1.000000,0.800000,6.393353,6.407026,0.129585,1.000000,0.000000,0.000000,
population,fixed,fixed,0.2,3,6.0,3,final,1,2001,0,6.476045,0.000000,6.476045,0.00e+00,5.111260,5.144722,24.539396,24.572858,6.400000,5.597655,24.797655,-0.224798,0,0.076045,0.228135,0.800000,1.000000,0.800000,5.973723,6.023932,0.389046,1.000000,0.000000,0.000000,
population,fixed,fixed,0.2,1,6.0,3,best,1,2001,0,6.410029,0.000000,6.410029,0.00e+00,5.421540,5.428171,11.831569,11.838200,6.400000,5.597655,11.997655,-0.159455,0,0.010029,0.010029,0.800000,1.000000,0.800000,6.373401,6.389365,0.141549,1.000000,0.000000,0.000000,
population,fixed,fixed,0.2,1,6.0,3,final,1,2001,0,6.896091,0.000000,6.896091,0.00e+00,4.343956,4.470213,11.240046,11.366304,6.400000,5.597655,11.997655,-0.631352,0,0.496091,0.496091,0.800000,1.000000,0.800000,5.020089,5.120044,0.995042,1.000000,0.000000,0.000000,
population,fixed,fixed,0.2,0.3,6.0,3,best,1,2001,0,6.411819,0.000000,6.411819,0.00e+00,5.406571,5.421601,7.330117,7.345147,6.400000,5.597655,7.517655,-0.172509,0,0.011819,0.003546,0.800000,1.000000,0.800000,6.353498,6.371739,0.153668,1.000000,0.000000,0.000000,
population,fixed,fixed,0.2,0.3,6.0,3,final,1,2001,0,7.815572,0.000000,7.815572,0.00e+00,3.480875,3.921712,5.825546,6.266384,6.400000,5.597655,7.517655,-1.251271,0,1.415572,0.424672,0.800000,1.000000,0.800000,3.987803,4.106047,1.681162,1.000000,0.000000,0.000000,
population,fixed,fixed,0.2,0.1,6.0,3,best,1,2001,0,6.413583,0.000000,6.413583,0.00e+00,5.393678,5.406577,6.035036,6.047936,6.400000,5.597655,6.237655,-0.189720,0,0.013583,0.001358,0.800000,1.000000,0.800000,6.333638,6.356569,0.164540,1.000000,0.000000,0.000000,
population,fixed,fixed,0.2,0.1,6.0,3,final,1,2001,0,8.225198,0.000000,8.225198,0.00e+00,3.200121,3.854197,4.022641,4.676717,6.400000,5.597655,6.237655,-1.560939,0,1.825198,0.182520,0.800000,1.000000,0.800000,3.579080,3.779541,1.907486,1.000000,0.000000,0.000000,
population,fixed,fixed,0.2,0.03,6.0,3,best,1,2001,0,6.415689,0.000000,6.415689,0.00e+00,5.379125,5.395352,5.571595,5.587823,6.400000,5.597655,5.789655,-0.201833,0,0.015689,0.000471,0.800000,1.000000,0.800000,6.315086,6.339437,0.176626,1.000000,0.000000,0.000000,
population,fixed,fixed,0.2,0.03,6.0,3,final,1,2001,0,8.354561,0.000000,8.354561,0.00e+00,3.121612,3.855708,3.372249,4.106345,6.400000,5.597655,5.789655,-1.683310,0,1.954561,0.058637,0.800000,1.000000,0.800000,3.528147,3.691012,1.975558,1.000000,0.000000,0.000000,
population,fixed,fixed,0.2,0.01,6.0,3,best,1,2001,0,6.417879,0.000000,6.417879,0.00e+00,5.364226,5.378271,5.428405,5.442450,6.400000,5.597655,5.661655,-0.219206,0,0.017879,0.000179,0.800000,1.000000,0.800000,6.295322,6.321909,0.188676,1.000000,0.000000,0.000000,
population,fixed,fixed,0.2,0.01,6.0,3,final,1,2001,0,8.552762,0.000000,8.552762,0.00e+00,2.997617,3.855511,3.083145,3.941038,6.400000,5.597655,5.661655,-1.720617,0,2.152762,0.021528,0.800000,1.000000,0.800000,3.385231,3.547137,2.074239,1.000000,0.000000,0.000000,
population,fixed,fixed,0.2,0.003,6.0,3,best,1,2001,0,6.419835,0.000000,6.419835,0.00e+00,5.352492,5.368954,5.371751,5.388214,6.400000,5.597655,5.616855,-0.228641,0,0.019835,0.000060,0.800000,1.000000,0.800000,6.275606,6.308118,0.198708,1.000000,0.000000,0.000000,
population,fixed,fixed,0.2,0.003,6.0,3,final,1,2001,0,8.394181,0.000000,8.394181,0.00e+00,3.096998,3.851442,3.122181,3.876625,6.400000,5.597655,5.616855,-1.740231,0,1.994181,0.005983,0.800000,1.000000,0.800000,3.500886,3.665491,1.996510,1.000000,0.000000,0.000000,
population,fixed,fixed,0.2,0.001,6.0,3,best,1,2001,0,6.422204,0.000000,6.422204,0.00e+00,5.337636,5.355152,5.344058,5.361574,6.400000,5.597655,5.604055,-0.242481,0,0.022204,0.000022,0.800000,1.000000,0.800000,6.255938,6.290652,0.210410,1.000000,0.000000,0.000000,
population,fixed,fixed,0.2,0.001,6.0,3,final,1,2001,0,8.459808,0.000000,8.459808,0.00e+00,3.055151,3.839148,3.063611,3.847608,6.400000,5.597655,5.604055,-1.756447,0,2.059808,0.002060,0.800000,1.000000,0.800000,3.387211,3.617427,2.028337,1.000000,0.000000,0.000000,
sampled,fixed,paper,0.1,0.001,6.0,0,best,168,268,0,12.945056,26.344172,39.289227,0.00e+00,0.545319,0.551990,0.584608,0.591279,3.400000,3.187217,3.190617,-2.599339,0,9.545056,0.009545,0.902000,1.000000,0.902000,nan,nan,nan,1.000000,0.000000,0.024871,
sampled,fixed,paper,0.1,0.001,6.0,0,final,168,268,0,12.930390,27.673119,40.603509,0.00e+00,0.541899,0.546892,0.582503,0.587496,3.400000,3.187217,3.190617,-2.603122,0,9.530390,0.009530,0.902000,1.000000,0.902000,nan,nan,nan,1.000000,0.000000,0.024871,
sampled,fixed,paper,0.1,0.001,6.0,1,best,99,199,0,13.308023,22.320978,35.629002,0.00e+00,0.624807,0.639424,0.660436,0.675053,3.400000,3.187217,3.190617,-2.515565,0,9.908023,0.009908,0.888500,1.000000,0.888500,nan,nan,nan,1.000000,0.000000,0.015271,
sampled,fixed,paper,0.1,0.001,6.0,1,final,99,199,0,13.068088,27.137684,40.205771,0.00e+00,0.620384,0.626040,0.660590,0.666246,3.400000,3.187217,3.190617,-2.524372,0,9.668088,0.009668,0.888500,1.000000,0.888500,nan,nan,nan,1.000000,0.000000,0.015271,
sampled,fixed,paper,0.1,0.003,6.0,1,best,83,183,0,12.983098,19.103403,32.086501,0.00e+00,0.630868,0.656327,0.727128,0.752586,3.400000,3.187217,3.197417,-2.444831,0,9.583098,0.028749,0.888500,1.000000,0.888500,nan,nan,nan,1.000000,0.000000,0.015271,
sampled,fixed,paper,0.1,0.003,6.0,1,final,83,183,0,12.899230,21.912863,34.812093,0.00e+00,0.623731,0.638136,0.728167,0.742572,3.400000,3.187217,3.197417,-2.454846,0,9.499230,0.028498,0.888500,1.000000,0.888500,nan,nan,nan,1.000000,0.000000,0.015271,
sampled,fixed,paper,0.1,0.003,6.0,3,best,110,210,0,12.733115,20.228214,32.961329,0.00e+00,0.557857,0.576842,0.656741,0.675726,3.400000,3.187217,3.197417,-2.521691,0,9.333115,0.027999,0.901500,1.000000,0.901500,nan,nan,nan,1.000000,0.000000,0.021132,
sampled,fixed,paper,0.1,0.003,6.0,3,final,110,210,0,12.765114,21.408604,34.173717,0.00e+00,0.554716,0.568906,0.657237,0.671427,3.400000,3.187217,3.197417,-2.525990,0,9.365114,0.028095,0.901500,1.000000,0.901500,nan,nan,nan,1.000000,0.000000,0.021132,
sampled,fixed,paper,0.1,0.003,6.0,4,best,79,179,0,13.236783,18.339781,31.576564,0.00e+00,0.595811,0.623293,0.690540,0.718023,3.400000,3.187217,3.197417,-2.479395,0,9.836783,0.029510,0.894500,1.000000,0.894500,nan,nan,nan,1.000000,0.000000,0.018977,
sampled,fixed,paper,0.1,0.003,6.0,4,final,79,179,0,12.847231,21.844048,34.691278,0.00e+00,0.588114,0.602041,0.692188,0.706115,3.400000,3.187217,3.197417,-2.491303,0,9.447231,0.028342,0.894500,1.000000,0.894500,nan,nan,nan,1.000000,0.000000,0.018977,
population,fixed,fixed,0.4,10,6.0,0,best,3456,5456,0,11.216440,0.000000,11.216440,0.00e+00,7.549758,7.829183,119.714160,119.993585,11.200000,8.191259,120.191259,-0.197674,0,0.016440,0.164402,0.600000,1.000000,0.600000,4.413141,4.448894,0.180380,1.000000,0.000000,0.000000,
population,fixed,fixed,0.4,10,6.0,0,final,3456,5456,0,11.219429,0.000000,11.219429,0.00e+00,7.514712,7.803894,119.709002,119.998184,11.200000,8.191259,120.191259,-0.193075,0,0.019429,0.194290,0.600000,1.000000,0.600000,4.378438,4.428296,0.194018,1.000000,0.000000,0.000000,
population,fixed,fixed,0.4,3,6.0,0,best,1,2001,0,11.218170,0.000000,11.218170,0.00e+00,7.524626,7.869065,41.179137,41.523575,11.200000,8.191259,41.791259,-0.267684,0,0.018170,0.054510,0.600000,1.000000,0.600000,4.399373,4.434081,0.189762,1.000000,0.000000,0.000000,
population,fixed,fixed,0.4,3,6.0,0,final,1,2001,0,11.328618,0.000000,11.328618,0.00e+00,6.732182,7.287013,40.718036,41.272867,11.200000,8.191259,41.791259,-0.518392,0,0.128618,0.385854,0.600000,1.000000,0.600000,3.833549,3.967719,0.505257,1.000000,0.000000,0.000000,
population,fixed,fixed,0.4,1,6.0,0,best,1,2001,0,11.220064,0.000000,11.220064,0.00e+00,7.499343,7.826090,18.719407,19.046154,11.200000,8.191259,19.391259,-0.345105,0,0.020064,0.020064,0.600000,1.000000,0.600000,4.383549,4.419189,0.199663,1.000000,0.000000,0.000000,
population,fixed,fixed,0.4,1,6.0,0,final,1,2001,0,11.688852,0.000000,11.688852,0.00e+00,5.516227,6.649090,17.205080,18.337943,11.200000,8.191259,19.391259,-1.053317,0,0.488852,0.488852,0.600000,1.000000,0.600000,3.183554,3.251855,0.987339,1.000000,0.000000,0.000000,
population,fixed,fixed,0.4,0.3,6.0,0,best,1,2001,0,11.222135,0.000000,11.222135,0.00e+00,7.474529,7.793802,10.841170,11.160442,11.200000,8.191259,11.551259,-0.390817,0,0.022135,0.006640,0.600000,1.000000,0.600000,4.367748,4.404580,0.209787,1.000000,0.000000,0.000000,
population,fixed,fixed,0.4,0.3,6.0,0,final,1,2001,0,11.989294,0.000000,11.989294,0.00e+00,4.843047,6.448472,8.439835,10.045260,11.200000,8.191259,11.551259,-1.505999,0,0.789294,0.236788,0.600000,1.000000,0.600000,2.746665,2.858409,1.255893,1.000000,0.000000,0.000000,
population,fixed,fixed,0.4,0.1,6.0,0,best,1,2001,0,11.224076,0.000000,11.224076,0.00e+00,7.453585,7.763677,8.575993,8.886084,11.200000,8.191259,9.311259,-0.425175,0,0.024076,0.002408,0.600000,1.000000,0.600000,4.358085,4.392245,0.218962,1.000000,0.000000,0.000000,
population,fixed,fixed,0.4,0.1,6.0,0,final,1,2001,0,12.159287,0.000000,12.159287,0.00e+00,4.527274,6.419024,5.743202,7.634953,11.200000,8.191259,9.311259,-1.676306,0,0.959287,0.095929,0.600000,1.000000,0.600000,2.501071,2.675737,1.383442,1.000000,0.000000,0.000000,
population,fixed,fixed,0.4,0.03,6.0,0,best,1,2001,0,11.225805,0.000000,11.225805,0.00e+00,7.432605,7.757080,7.769379,8.093855,11.200000,8.191259,8.527259,-0.433405,0,0.025805,0.000774,0.600000,1.000000,0.600000,4.342814,4.379901,0.226723,1.000000,0.000000,0.000000,
population,fixed,fixed,0.4,0.03,6.0,0,final,1,2001,0,12.276958,0.000000,12.276958,0.00e+00,4.330620,6.447809,4.698929,6.816118,11.200000,8.191259,8.527259,-1.711141,0,1.076958,0.032309,0.600000,1.000000,0.600000,2.351985,2.560881,1.465266,1.000000,0.000000,0.000000,
population,fixed,fixed,0.4,0.01,6.0,0,best,1,2001,0,11.227795,0.000000,11.227795,0.00e+00,7.412993,7.773868,7.525271,7.886146,11.200000,8.191259,8.303259,-0.417113,0,0.027795,0.000278,0.600000,1.000000,0.600000,4.327563,4.368370,0.235069,1.000000,0.000000,0.000000,
population,fixed,fixed,0.4,0.01,6.0,0,final,1,2001,0,12.286530,0.000000,12.286530,0.00e+00,4.320895,6.436736,4.443760,6.559601,11.200000,8.191259,8.303259,-1.743658,0,1.086530,0.010865,0.600000,1.000000,0.600000,2.421470,2.557898,1.473078,1.000000,0.000000,0.000000,
population,fixed,fixed,0.4,0.003,6.0,0,best,1,2001,0,11.229986,0.000000,11.229986,0.00e+00,7.391454,7.699751,7.425144,7.733441,11.200000,8.191259,8.224859,-0.491419,0,0.029986,0.000090,0.600000,1.000000,0.600000,4.312355,4.355700,0.244074,1.000000,0.000000,0.000000,
population,fixed,fixed,0.4,0.003,6.0,0,final,1,2001,0,12.251163,0.000000,12.251163,0.00e+00,4.388434,6.428451,4.425188,6.465204,11.200000,8.191259,8.224859,-1.759655,0,1.051163,0.003153,0.600000,1.000000,0.600000,2.437166,2.596779,1.448707,1.000000,0.000000,0.000000,
population,fixed,fixed,0.4,0.001,6.0,0,best,1,2001,0,11.232636,0.000000,11.232636,0.00e+00,7.366450,7.704427,7.377682,7.715659,11.200000,8.191259,8.202459,-0.486800,0,0.032636,0.000033,0.600000,1.000000,0.600000,4.296435,4.340998,0.254699,1.000000,0.000000,0.000000,
population,fixed,fixed,0.4,0.001,6.0,0,final,1,2001,0,12.288128,0.000000,12.288128,0.00e+00,4.334888,6.437834,4.347176,6.450122,11.200000,8.191259,8.202459,-1.752338,0,1.088128,0.001088,0.600000,1.000000,0.600000,2.412819,2.562807,1.472861,1.000000,0.000000,0.000000,
population,fixed,fixed,0.4,10,6.0,1,best,4145,6145,0,11.216774,0.000000,11.216774,0.00e+00,7.544016,7.864947,119.711756,120.032687,11.200000,8.191259,120.191259,-0.158573,0,0.016774,0.167740,0.600000,1.000000,0.600000,4.401337,4.445506,0.182293,1.000000,0.000000,0.000000,
population,fixed,fixed,0.4,10,6.0,1,final,4145,6145,0,11.220625,0.000000,11.220625,0.00e+00,7.494514,7.817403,119.700764,120.023652,11.200000,8.191259,120.191259,-0.167607,0,0.020625,0.206249,0.600000,1.000000,0.600000,4.371070,4.416323,0.201759,1.000000,0.000000,0.000000,
population,fixed,fixed,0.4,3,6.0,1,best,1,2001,0,11.218560,0.000000,11.218560,0.00e+00,7.518635,7.857322,41.174315,41.513003,11.200000,8.191259,41.791259,-0.278256,0,0.018560,0.055681,0.600000,1.000000,0.600000,4.385288,4.430550,0.191967,1.000000,0.000000,0.000000,
population,fixed,fixed,0.4,3,6.0,1,final,1,2001,0,11.342810,0.000000,11.342810,0.00e+00,6.657012,7.206621,40.685441,41.235050,11.200000,8.191259,41.791259,-0.556209,0,0.142810,0.428429,0.600000,1.000000,0.600000,3.845851,3.923367,0.533268,1.000000,0.000000,0.000000,
population,fixed,fixed,0.4,1,6.0,1,best,1,2001,0,11.220143,0.000000,11.220143,0.00e+00,7.498549,7.787647,18.718693,19.007790,11.200000,8.191259,19.391259,-0.383469,0,0.020143,0.020143,0.600000,1.000000,0.600000,4.369969,4.418721,0.200172,1.000000,0.000000,0.000000,
population,fixed,fixed,0.4,1,6.0,1,final,1,2001,0,11.691236,0.000000,11.691236,0.00e+00,5.509060,6.659754,17.200296,18.350990,11.200000,8.191259,19.391259,-1.040269,0,0.491236,0.491236,0.600000,1.000000,0.600000,3.084218,3.248090,0.989930,1.000000,0.000000,0.000000,
population,fixed,fixed,0.4,0.3,6.0,1,best,1,2001,0,11.221701,0.000000,11.221701,0.00e+00,7.480219,7.787619,10.846730,11.154130,11.200000,8.191259,11.551259,-0.397130,0,0.021701,0.006510,0.600000,1.000000,0.600000,4.354019,4.407928,0.207772,1.000000,0.000000,0.000000,
population,fixed,fixed,0.4,0.3,6.0,1,final,1,2001,0,12.001650,0.000000,12.001650,0.00e+00,4.820244,6.470615,8.420739,10.071110,11.200000,8.191259,11.551259,-1.480149,0,0.801650,0.240495,0.600000,1.000000,0.600000,2.745713,2.844101,1.263996,1.000000,0.000000,0.000000,
population,fixed,fixed,0.4,0.1,6.0,1,best,1,2001,0,11.223484,0.000000,11.223484,0.00e+00,7.459396,7.780571,8.581745,8.902920,11.200000,8.191259,9.311259,-0.408340,0,0.023484,0.002348,0.600000,1.000000,0.600000,4.338079,4.395680,0.215965,1.000000,0.000000,0.000000,
population,fixed,fixed,0.4,0.1,6.0,1,final,1,2001,0,12.175277,0.000000,12.175277,0.00e+00,4.488654,6.443486,5.706182,7.661013,11.200000,8.191259,9.311259,-1.650246,0,0.975277,0.097528,0.600000,1.000000,0.600000,2.435877,2.652510,1.394413,1.000000,0.000000,0.000000,
population,fixed,fixed,0.4,0.03,6.0,1,best,1,2001,0,11.225705,0.000000,11.225705,0.00e+00,7.434441,7.788893,7.771212,8.125664,11.200000,8.191259,8.527259,-0.401595,0,0.025705,0.000771,0.600000,1.000000,0.600000,4.321489,4.380982,0.226013,1.000000,0.000000,0.000000,
population,fixed,fixed,0.4,0.03,6.0,1,final,1,2001,0,12.218157,0.000000,12.218157,0.00e+00,4.424846,6.432348,4.791390,6.798893,11.200000,8.191259,8.527259,-1.728367,0,1.018157,0.030545,0.600000,1.000000,0.600000,2.446245,2.617729,1.424983,1.000000,0.000000,0.000000,
population,fixed,fixed,0.4,0.01,6.0,1,best,1,2001,0,11.227689,0.000000,11.227689,0.00e+00,7.412444,7.748935,7.524721,7.861212,11.200000,8.191259,8.303259,-0.442047,0,0.027689,0.000277,0.600000,1.000000,0.600000,4.305591,4.368037,0.234513,1.000000,0.000000,0.000000,
population,fixed,fixed,0.4,0.01,6.0,1,final,1,2001,0,12.227379,0.000000,12.227379,0.00e+00,4.415322,6.453614,4.537596,6.575888,11.200000,8.191259,8.303259,-1.727371,0,1.027379,0.010274,0.600000,1.000000,0.600000,2.474014,2.609298,1.430712,1.000000,0.000000,0.000000,
population,fixed,fixed,0.4,0.003,6.0,1,best,1,2001,0,11.229612,0.000000,11.229612,0.00e+00,7.392562,7.741805,7.426251,7.775494,11.200000,8.191259,8.224859,-0.449366,0,0.029612,0.000089,0.600000,1.000000,0.600000,4.292576,4.356341,0.242431,1.000000,0.000000,0.000000,
population,fixed,fixed,0.4,0.003,6.0,1,final,1,2001,0,12.260345,0.000000,12.260345,0.00e+00,4.356812,6.454372,4.393593,6.491153,11.200000,8.191259,8.224859,-1.733706,0,1.060345,0.003181,0.600000,1.000000,0.600000,2.468086,2.578413,1.454944,1.000000,0.000000,0.000000,
population,fixed,fixed,0.4,0.001,6.0,1,best,1,2001,0,11.232103,0.000000,11.232103,0.00e+00,7.367711,7.705025,7.378943,7.716257,11.200000,8.191259,8.202459,-0.486202,0,0.032103,0.000032,0.600000,1.000000,0.600000,4.276745,4.341719,0.252402,1.000000,0.000000,0.000000,
population,fixed,fixed,0.4,0.001,6.0,1,final,1,2001,0,12.237372,0.000000,12.237372,0.00e+00,4.403596,6.428434,4.415834,6.440671,11.200000,8.191259,8.202459,-1.761788,0,1.037372,0.001037,0.600000,1.000000,0.600000,2.460212,2.608044,1.439404,1.000000,0.000000,0.000000,
sampled,fixed,paper,0.1,0.01,6.0,0,best,13,113,0,13.645540,4.305398,17.950938,0.00e+00,0.676390,1.808460,0.855899,1.987969,3.400000,3.187217,3.221217,-1.233248,0,10.245540,0.102455,0.902000,1.000000,0.902000,nan,nan,nan,1.000000,0.000000,0.024871,
sampled,fixed,paper,0.1,0.01,6.0,0,final,13,113,0,12.585717,15.726707,28.312425,0.00e+00,0.563108,0.605383,0.846232,0.888507,3.400000,3.187217,3.221217,-2.332711,0,9.185717,0.091857,0.902000,1.000000,0.902000,nan,nan,nan,1.000000,0.000000,0.024871,
sampled,fixed,paper,0.1,0.001,6.0,4,best,586,686,0,12.911659,25.951176,38.862835,0.00e+00,0.581054,0.586397,0.619917,0.625259,3.400000,3.187217,3.190617,-2.565358,0,9.511659,0.009512,0.894500,1.000000,0.894500,nan,nan,nan,1.000000,0.000000,0.018977,
sampled,fixed,paper,0.1,0.001,6.0,4,final,586,686,0,12.912036,26.537840,39.449876,0.00e+00,0.581064,0.585719,0.620514,0.625168,3.400000,3.187217,3.190617,-2.565449,0,9.512036,0.009512,0.894500,1.000000,0.894500,nan,nan,nan,1.000000,0.000000,0.018977,
sampled,fixed,paper,0.1,0.001,6.0,2,best,643,743,0,12.843092,25.838856,38.681948,0.00e+00,0.534939,0.540053,0.573621,0.578735,3.400000,3.187217,3.190617,-2.611883,0,9.443092,0.009443,0.903500,1.000000,0.903500,nan,nan,nan,1.000000,0.000000,0.012462,
sampled,fixed,paper,0.1,0.001,6.0,2,final,643,743,0,12.843941,26.038105,38.882046,0.00e+00,0.535008,0.539844,0.573891,0.578726,3.400000,3.187217,3.190617,-2.611891,0,9.443941,0.009444,0.903500,1.000000,0.903500,nan,nan,nan,1.000000,0.000000,0.012462,
population,fixed,fixed,0.4,10,6.0,3,best,3200,5200,0,11.216071,0.000000,11.216071,0.00e+00,7.559363,7.860896,119.720074,120.021607,11.200000,8.191259,120.191259,-0.169653,0,0.016071,0.160711,0.600000,1.000000,0.600000,4.405134,4.454630,0.177091,1.000000,0.000000,0.000000,
population,fixed,fixed,0.4,10,6.0,3,final,3200,5200,0,11.218147,0.000000,11.218147,0.00e+00,7.525937,7.816258,119.707410,119.997731,11.200000,8.191259,120.191259,-0.193529,0,0.018147,0.181473,0.600000,1.000000,0.600000,4.392805,4.434874,0.189834,1.000000,0.000000,0.000000,
population,fixed,fixed,0.4,3,6.0,3,best,1,2001,0,11.217638,0.000000,11.217638,0.00e+00,7.535352,7.849496,41.188266,41.502410,11.200000,8.191259,41.791259,-0.288850,0,0.017638,0.052914,0.600000,1.000000,0.600000,4.389806,4.440470,0.185984,1.000000,0.000000,0.000000,
population,fixed,fixed,0.4,3,6.0,3,final,1,2001,0,11.341593,0.000000,11.341593,0.00e+00,6.666367,7.210541,40.691145,41.235320,11.200000,8.191259,41.791259,-0.555940,0,0.141593,0.424778,0.600000,1.000000,0.600000,3.879499,3.928635,0.531471,1.000000,0.000000,0.000000,
population,fixed,fixed,0.4,1,6.0,3,best,1,2001,0,11.218760,0.000000,11.218760,0.00e+00,7.519856,7.829350,18.738616,19.048110,11.200000,8.191259,19.391259,-0.343150,0,0.018760,0.018760,0.600000,1.000000,0.600000,4.380323,4.431334,0.192135,1.000000,0.000000,0.000000,
population,fixed,fixed,0.4,1,6.0,3,final,1,2001,0,11.668000,0.000000,11.668000,0.00e+00,5.565650,6.656102,17.233650,18.324102,11.200000,8.191259,19.391259,-1.067158,0,0.468000,0.468000,0.600000,1.000000,0.600000,3.185264,3.281408,0.966364,1.000000,0.000000,0.000000,
population,fixed,fixed,0.4,0.3,6.0,3,best,1,2001,0,11.220344,0.000000,11.220344,0.00e+00,7.500364,7.802006,10.866467,11.168109,11.200000,8.191259,11.551259,-0.383151,0,0.020344,0.006103,0.600000,1.000000,0.600000,4.372444,4.419841,0.200077,1.000000,0.000000,0.000000,
population,fixed,fixed,0.4,0.3,6.0,3,final,1,2001,0,11.980350,0.000000,11.980350,0.00e+00,4.862904,6.452308,8.457009,10.046412,11.200000,8.191259,11.551259,-1.504847,0,0.780350,0.234105,0.600000,1.000000,0.600000,2.749182,2.871000,1.247616,1.000000,0.000000,0.000000,
population,fixed,fixed,0.4,0.1,6.0,3,best,1,2001,0,11.221229,0.000000,11.221229,0.00e+00,7.488475,7.800961,8.610598,8.923084,11.200000,8.191259,9.311259,-0.388176,0,0.021229,0.002123,0.600000,1.000000,0.600000,4.357325,4.412858,0.204500,1.000000,0.000000,0.000000,
population,fixed,fixed,0.4,0.1,6.0,3,final,1,2001,0,12.176208,0.000000,12.176208,0.00e+00,4.489114,6.437800,5.706735,7.655421,11.200000,8.191259,9.311259,-1.655839,0,0.976208,0.097621,0.600000,1.000000,0.600000,2.498937,2.651385,1.395597,1.000000,0.000000,0.000000,
population,fixed,fixed,0.4,0.03,6.0,3,best,1,2001,0,11.222485,0.000000,11.222485,0.00e+00,7.471718,7.788031,7.808392,8.124705,11.200000,8.191259,8.527259,-0.402554,0,0.022485,0.000675,0.600000,1.000000,0.600000,4.355618,4.402983,0.211090,1.000000,0.000000,0.000000,
population,fixed,fixed,0.4,0.03,6.0,3,final,1,2001,0,12.246269,0.000000,12.246269,0.00e+00,4.371754,6.436017,4.739142,6.803405,11.200000,8.191259,8.527259,-1.723854,0,1.046269,0.031388,0.600000,1.000000,0.600000,2.424186,2.584713,1.445083,1.000000,0.000000,0.000000,
population,fixed,fixed,0.4,0.01,6.0,3,best,1,2001,0,11.224216,0.000000,11.224216,0.00e+00,7.452090,7.776965,7.564332,7.889208,11.200000,8.191259,8.303259,-0.414052,0,0.024216,0.000242,0.600000,1.000000,0.600000,4.338543,4.391430,0.219147,1.000000,0.000000,0.000000,
population,fixed,fixed,0.4,0.01,6.0,3,final,1,2001,0,12.240081,0.000000,12.240081,0.00e+00,4.404143,6.452927,4.526544,6.575328,11.200000,8.191259,8.303259,-1.727931,0,1.040081,0.010401,0.600000,1.000000,0.600000,2.371361,2.605522,1.437433,1.000000,0.000000,0.000000,
population,fixed,fixed,0.4,0.003,6.0,3,best,1,2001,0,11.226459,0.000000,11.226459,0.00e+00,7.427074,7.731683,7.460754,7.765362,11.200000,8.191259,8.224859,-0.459497,0,0.026459,0.000079,0.600000,1.000000,0.600000,4.321507,4.376702,0.229212,1.000000,0.000000,0.000000,
population,fixed,fixed,0.4,0.003,6.0,3,final,1,2001,0,12.224123,0.000000,12.224123,0.00e+00,4.423372,6.441318,4.460045,6.477991,11.200000,8.191259,8.224859,-1.746869,0,1.024123,0.003072,0.600000,1.000000,0.600000,2.498907,2.615294,1.428311,1.000000,0.000000,0.000000,
population,fixed,fixed,0.4,0.001,6.0,3,best,1,2001,0,11.228094,0.000000,11.228094,0.00e+00,7.410324,7.716589,7.421552,7.727817,11.200000,8.191259,8.202459,-0.474642,0,0.028094,0.000028,0.600000,1.000000,0.600000,4.315490,4.366843,0.236057,1.000000,0.000000,0.000000,
population,fixed,fixed,0.4,0.001,6.0,3,final,1,2001,0,12.254606,0.000000,12.254606,0.00e+00,4.376614,6.407213,4.388868,6.419468,11.200000,8.191259,8.202459,-1.782991,0,1.054606,0.001055,0.600000,1.000000,0.600000,2.467841,2.587356,1.450126,1.000000,0.000000,0.000000,
population,fixed,fixed,0.4,10,6.0,2,best,4252,6252,0,11.216168,0.000000,11.216168,0.00e+00,7.562306,7.866289,119.723990,120.027973,11.200000,8.191259,120.191259,-0.163287,0,0.016168,0.161684,0.600000,1.000000,0.600000,4.396494,4.456397,0.178226,1.000000,0.000000,0.000000,
population,fixed,fixed,0.4,10,6.0,2,final,4252,6252,0,11.220369,0.000000,11.220369,0.00e+00,7.496163,7.791542,119.699857,119.995236,11.200000,8.191259,120.191259,-0.196024,0,0.020369,0.203693,0.600000,1.000000,0.600000,4.373718,4.417328,0.200787,1.000000,0.000000,0.000000,
population,fixed,fixed,0.4,3,6.0,2,best,1,2001,0,11.217699,0.000000,11.217699,0.00e+00,7.537492,7.855176,41.190589,41.508274,11.200000,8.191259,41.791259,-0.282986,0,0.017699,0.053097,0.600000,1.000000,0.600000,4.382187,4.441775,0.186508,1.000000,0.000000,0.000000,
population,fixed,fixed,0.4,3,6.0,2,final,1,2001,0,11.340342,0.000000,11.340342,0.00e+00,6.672322,7.205665,40.693347,41.226690,11.200000,8.191259,41.791259,-0.564569,0,0.140342,0.421025,0.600000,1.000000,0.600000,3.855037,3.932496,0.528181,1.000000,0.000000,0.000000,
population,fixed,fixed,0.4,1,6.0,2,best,1,2001,0,11.219569,0.000000,11.219569,0.00e+00,7.512774,7.816823,18.732344,19.036392,11.200000,8.191259,19.391259,-0.354867,0,0.019569,0.019569,0.600000,1.000000,0.600000,4.367911,4.427221,0.196141,1.000000,0.000000,0.000000,
population,fixed,fixed,0.4,1,6.0,2,final,1,2001,0,11.672716,0.000000,11.672716,0.00e+00,5.553026,6.638150,17.225742,18.310866,11.200000,8.191259,19.391259,-1.080393,0,0.472716,0.472716,0.600000,1.000000,0.600000,3.137772,3.274172,0.971278,1.000000,0.000000,0.000000,
population,fixed,fixed,0.4,0.3,6.0,2,best,1,2001,0,11.220862,0.000000,11.220862,0.00e+00,7.497741,7.848534,10.863999,11.214793,11.200000,8.191259,11.551259,-0.336467,0,0.020862,0.006259,0.600000,1.000000,0.600000,4.356984,4.418389,0.201748,1.000000,0.000000,0.000000,
population,fixed,fixed,0.4,0.3,6.0,2,final,1,2001,0,12.015985,0.000000,12.015985,0.00e+00,4.787577,6.470853,8.392372,10.075649,11.200000,8.191259,11.551259,-1.475611,0,0.815985,0.244796,0.600000,1.000000,0.600000,2.666788,2.826085,1.276509,1.000000,0.000000,0.000000,
population,fixed,fixed,0.4,0.1,6.0,2,best,1,2001,0,11.222002,0.000000,11.222002,0.00e+00,7.483382,7.825252,8.605582,8.947453,11.200000,8.191259,9.311259,-0.363807,0,0.022002,0.002200,0.600000,1.000000,0.600000,4.357100,4.409939,0.207530,1.000000,0.000000,0.000000,
population,fixed,fixed,0.4,0.1,6.0,2,final,1,2001,0,12.162985,0.000000,12.162985,0.00e+00,4.510109,6.436338,5.726408,7.652636,11.200000,8.191259,9.311259,-1.658623,0,0.962985,0.096298,0.600000,1.000000,0.600000,2.538399,2.664731,1.387322,1.000000,0.000000,0.000000,
population,fixed,fixed,0.4,0.03,6.0,2,best,1,2001,0,11.223568,0.000000,11.223568,0.00e+00,7.463014,7.798137,7.799721,8.134844,11.200000,8.191259,8.527259,-0.392416,0,0.023568,0.000707,0.600000,1.000000,0.600000,4.343129,4.397963,0.215071,1.000000,0.000000,0.000000,
population,fixed,fixed,0.4,0.03,6.0,2,final,1,2001,0,12.240849,0.000000,12.240849,0.00e+00,4.389354,6.439332,4.756580,6.806558,11.200000,8.191259,8.527259,-1.720702,0,1.040849,0.031225,0.600000,1.000000,0.600000,2.446039,2.596151,1.441664,1.000000,0.000000,0.000000,
population,fixed,fixed,0.4,0.01,6.0,2,best,1,2001,0,11.225094,0.000000,11.225094,0.00e+00,7.446136,7.757026,7.558387,7.869277,11.200000,8.191259,8.303259,-0.433983,0,0.025094,0.000251,0.600000,1.000000,0.600000,4.333276,4.388031,0.222182,1.000000,0.000000,0.000000,
population,fixed,fixed,0.4,0.01,6.0,2,final,1,2001,0,12.283736,0.000000,12.283736,0.00e+00,4.314055,6.439545,4.436893,6.562382,11.200000,8.191259,8.303259,-1.740877,0,1.083736,0.010837,0.600000,1.000000,0.600000,2.411574,2.555612,1.471250,1.000000,0.000000,0.000000,
population,fixed,fixed,0.4,0.003,6.0,2,best,1,2001,0,11.227339,0.000000,11.227339,0.00e+00,7.421550,7.730055,7.455232,7.763737,11.200000,8.191259,8.224859,-0.461123,0,0.027339,0.000082,0.600000,1.000000,0.600000,4.320378,4.373584,0.232053,1.000000,0.000000,0.000000,
population,fixed,fixed,0.4,0.003,6.0,2,final,1,2001,0,12.252637,0.000000,12.252637,0.00e+00,4.383353,6.452942,4.420111,6.489700,11.200000,8.191259,8.224859,-1.735160,0,1.052637,0.003158,0.600000,1.000000,0.600000,2.451397,2.595649,1.450508,1.000000,0.000000,0.000000,
population,fixed,fixed,0.4,0.001,6.0,2,best,1,2001,0,11.228750,0.000000,11.228750,0.00e+00,7.408045,7.733820,7.419274,7.745049,11.200000,8.191259,8.202459,-0.457410,0,0.028750,0.000029,0.600000,1.000000,0.600000,4.312218,4.365662,0.237864,1.000000,0.000000,0.000000,
population,fixed,fixed,0.4,0.001,6.0,2,final,1,2001,0,12.273096,0.000000,12.273096,0.00e+00,4.335068,6.443419,4.347341,6.455692,11.200000,8.191259,8.202459,-1.746767,0,1.073096,0.001073,0.600000,1.000000,0.600000,2.424393,2.567561,1.463602,1.000000,0.000000,0.000000,
sampled,fixed,paper,0.1,0.003,6.0,0,best,782,882,0,12.841598,20.429333,33.270930,0.00e+00,0.542963,0.557706,0.642776,0.657518,3.400000,3.187217,3.197417,-2.539899,0,9.441598,0.028325,0.902000,1.000000,0.902000,nan,nan,nan,1.000000,0.000000,0.024871,
sampled,fixed,paper,0.1,0.003,6.0,0,final,782,882,0,12.843573,20.708878,33.552450,0.00e+00,0.543384,0.557320,0.644042,0.657977,3.400000,3.187217,3.197417,-2.539440,0,9.443573,0.028331,0.902000,1.000000,0.902000,nan,nan,nan,1.000000,0.000000,0.024871,
sampled,fixed,paper,0.1,0.01,6.0,1,best,13,113,0,13.716193,3.831620,17.547813,0.00e+00,0.714253,1.988957,0.889731,2.164435,3.400000,3.187217,3.221217,-1.056782,0,10.316193,0.103162,0.888500,1.000000,0.888500,nan,nan,nan,1.000000,0.000000,0.015271,
sampled,fixed,paper,0.1,0.01,6.0,1,final,13,113,0,12.623055,15.533031,28.156085,0.00e+00,0.643115,0.684685,0.924676,0.966246,3.400000,3.187217,3.221217,-2.254971,0,9.223055,0.092231,0.888500,1.000000,0.888500,nan,nan,nan,1.000000,0.000000,0.015271,
population,fixed,fixed,0.2,10,6.0,4,best,6894,8894,0,6.406400,0.000000,6.406400,0.00e+00,5.463760,5.476409,69.527758,69.540406,6.400000,5.597655,69.597655,-0.057249,0,0.006400,0.063997,0.800000,1.000000,0.800000,6.407219,6.439233,0.111633,1.000000,0.000000,0.000000,
population,fixed,fixed,0.2,10,6.0,4,final,6894,8894,0,6.407506,0.000000,6.407506,0.00e+00,5.445804,5.461694,69.520864,69.536754,6.400000,5.597655,69.597655,-0.060902,0,0.007506,0.075060,0.800000,1.000000,0.800000,6.407071,6.417953,0.122331,1.000000,0.000000,0.000000,
population,fixed,fixed,0.2,3,6.0,4,best,1,2001,0,6.407714,0.000000,6.407714,0.00e+00,5.448416,5.460296,24.671558,24.683438,6.400000,5.597655,24.797655,-0.114218,0,0.007714,0.023142,0.800000,1.000000,0.800000,6.385860,6.421147,0.122973,1.000000,0.000000,0.000000,
population,fixed,fixed,0.2,3,6.0,4,final,1,2001,0,6.479703,0.000000,6.479703,0.00e+00,5.097858,5.147635,24.536967,24.586744,6.400000,5.597655,24.797655,-0.210912,0,0.079703,0.239109,0.800000,1.000000,0.800000,5.972048,6.008039,0.398233,1.000000,0.000000,0.000000,
population,fixed,fixed,0.2,1,6.0,4,best,1,2001,0,6.409226,0.000000,6.409226,0.00e+00,5.432872,5.462385,11.842099,11.871611,6.400000,5.597655,11.997655,-0.126044,0,0.009226,0.009226,0.800000,1.000000,0.800000,6.365703,6.402829,0.134858,1.000000,0.000000,0.000000,
population,fixed,fixed,0.2,1,6.0,4,final,1,2001,0,6.897171,0.000000,6.897171,0.00e+00,4.343472,4.481107,11.240643,11.378278,6.400000,5.597655,11.997655,-0.619377,0,0.497171,0.497171,0.800000,1.000000,0.800000,5.015083,5.119639,0.996345,1.000000,0.000000,0.000000,
population,fixed,fixed,0.2,0.3,6.0,4,best,1,2001,0,6.410933,0.000000,6.410933,0.00e+00,5.417349,5.428790,7.340629,7.352070,6.400000,5.597655,7.517655,-0.165585,0,0.010933,0.003280,0.800000,1.000000,0.800000,6.345886,6.384543,0.147066,1.000000,0.000000,0.000000,
population,fixed,fixed,0.2,0.3,6.0,4,final,1,2001,0,7.775004,0.000000,7.775004,0.00e+00,3.509992,3.948213,5.842493,6.280714,6.400000,5.597655,7.517655,-1.236941,0,1.375004,0.412501,0.800000,1.000000,0.800000,3.992493,4.139559,1.657260,1.000000,0.000000,0.000000,
population,fixed,fixed,0.2,0.1,6.0,4,best,1,2001,0,6.412815,0.000000,6.412815,0.00e+00,5.401851,5.400697,6.043132,6.041978,6.400000,5.597655,6.237655,-0.195677,0,0.012815,0.001282,0.800000,1.000000,0.800000,6.326107,6.366288,0.159274,1.000000,0.000000,0.000000,
population,fixed,fixed,0.2,0.1,6.0,4,final,1,2001,0,8.277351,0.000000,8.277351,0.00e+00,3.165197,3.869122,3.992932,4.696857,6.400000,5.597655,6.237655,-1.540798,0,1.877351,0.187735,0.800000,1.000000,0.800000,3.605045,3.739486,1.936447,1.000000,0.000000,0.000000,
population,fixed,fixed,0.2,0.03,6.0,4,best,1,2001,0,6.414876,0.000000,6.414876,0.00e+00,5.386375,5.405905,5.578821,5.598352,6.400000,5.597655,5.789655,-0.191304,0,0.014876,0.000446,0.800000,1.000000,0.800000,6.306367,6.348068,0.171631,1.000000,0.000000,0.000000,
population,fixed,fixed,0.2,0.03,6.0,4,final,1,2001,0,8.451225,0.000000,8.451225,0.00e+00,3.059298,3.884576,3.312834,4.138113,6.400000,5.597655,5.789655,-1.651543,0,2.051225,0.061537,0.800000,1.000000,0.800000,3.344701,3.619177,2.023344,1.000000,0.000000,0.000000,
population,fixed,fixed,0.2,0.01,6.0,4,best,1,2001,0,6.417079,0.000000,6.417079,0.00e+00,5.370923,5.396861,5.435094,5.461031,6.400000,5.597655,5.661655,-0.200624,0,0.017079,0.000171,0.800000,1.000000,0.800000,6.286665,6.329879,0.184067,1.000000,0.000000,0.000000,
population,fixed,fixed,0.2,0.01,6.0,4,final,1,2001,0,8.564425,0.000000,8.564425,0.00e+00,2.989818,3.848903,3.075462,3.934547,6.400000,5.597655,5.661655,-1.727108,0,2.164425,0.021644,0.800000,1.000000,0.800000,3.336306,3.538572,2.080043,1.000000,0.000000,0.000000,
population,fixed,fixed,0.2,0.003,6.0,4,best,1,2001,0,6.419440,0.000000,6.419440,0.00e+00,5.355495,5.373870,5.374754,5.393129,6.400000,5.597655,5.616855,-0.223727,0,0.019440,0.000058,0.800000,1.000000,0.800000,6.267003,6.311724,0.196416,1.000000,0.000000,0.000000,
population,fixed,fixed,0.2,0.003,6.0,4,final,1,2001,0,8.508321,0.000000,8.508321,0.00e+00,3.026772,3.838089,3.052297,3.863614,6.400000,5.597655,5.616855,-1.753241,0,2.108321,0.006325,0.800000,1.000000,0.800000,3.386089,3.585275,2.052399,1.000000,0.000000,0.000000,
population,fixed,fixed,0.2,0.001,6.0,4,best,1,2001,0,6.422011,0.000000,6.422011,0.00e+00,5.340091,5.373903,5.346513,5.380325,6.400000,5.597655,5.604055,-0.223731,0,0.022011,0.000022,0.800000,1.000000,0.800000,6.247379,6.293600,0.209032,1.000000,0.000000,0.000000,
population,fixed,fixed,0.2,0.001,6.0,4,final,1,2001,0,8.516829,0.000000,8.516829,0.00e+00,3.028747,3.852283,3.037264,3.860799,6.400000,5.597655,5.604055,-1.743256,0,2.116829,0.002117,0.800000,1.000000,0.800000,3.352293,3.587417,2.054822,1.000000,0.000000,0.000000,
sampled,fixed,paper,0.1,0.01,6.0,3,best,12,112,0,13.367839,3.300374,16.668213,0.00e+00,0.675792,2.152272,0.842475,2.318954,3.400000,3.187217,3.221217,-0.902263,0,9.967839,0.099678,0.901500,1.000000,0.901500,nan,nan,nan,1.000000,0.000000,0.021132,
sampled,fixed,paper,0.1,0.01,6.0,3,final,12,112,0,12.449400,15.023561,27.472961,0.00e+00,0.573496,0.614813,0.848225,0.889543,3.400000,3.187217,3.221217,-2.331674,0,9.049400,0.090494,0.901500,1.000000,0.901500,nan,nan,nan,1.000000,0.000000,0.021132,
population,fixed,fixed,0.4,10,6.0,4,best,5845,7845,0,11.216522,0.000000,11.216522,0.00e+00,7.550921,7.828506,119.716144,119.993728,11.200000,8.191259,120.191259,-0.197531,0,0.016522,0.165222,0.600000,1.000000,0.600000,4.400217,4.449605,0.180278,1.000000,0.000000,0.000000,
population,fixed,fixed,0.4,10,6.0,4,final,5845,7845,0,11.219832,0.000000,11.219832,0.00e+00,7.504090,7.837061,119.702415,120.035385,11.200000,8.191259,120.191259,-0.155874,0,0.019832,0.198324,0.600000,1.000000,0.600000,4.379494,4.421987,0.197693,1.000000,0.000000,0.000000,
population,fixed,fixed,0.4,3,6.0,4,best,1,2001,0,11.217914,0.000000,11.217914,0.00e+00,7.530670,7.831767,41.184411,41.485508,11.200000,8.191259,41.791259,-0.305752,0,0.017914,0.053741,0.600000,1.000000,0.600000,4.387588,4.437683,0.187440,1.000000,0.000000,0.000000,
population,fixed,fixed,0.4,3,6.0,4,final,1,2001,0,11.339361,0.000000,11.339361,0.00e+00,6.677248,7.237486,40.695331,41.255570,11.200000,8.191259,41.791259,-0.535690,0,0.139361,0.418084,0.600000,1.000000,0.600000,3.861686,3.935346,0.525952,1.000000,0.000000,0.000000,
population,fixed,fixed,0.4,1,6.0,4,best,1,2001,0,11.219827,0.000000,11.219827,0.00e+00,7.505256,7.837057,18.725082,19.056884,11.200000,8.191259,19.391259,-0.334376,0,0.019827,0.019827,0.600000,1.000000,0.600000,4.372940,4.422713,0.197584,1.000000,0.000000,0.000000,
population,fixed,fixed,0.4,1,6.0,4,final,1,2001,0,11.676332,0.000000,11.676332,0.00e+00,5.547855,6.656574,17.224186,18.332905,11.200000,8.191259,19.391259,-1.058354,0,0.476332,0.476332,0.600000,1.000000,0.600000,3.178578,3.271257,0.975257,1.000000,0.000000,0.000000,
population,fixed,fixed,0.4,0.3,6.0,4,best,1,2001,0,11.221141,0.000000,11.221141,0.00e+00,7.490593,7.781794,10.856935,11.148136,11.200000,8.191259,11.551259,-0.403123,0,0.021141,0.006342,0.600000,1.000000,0.600000,4.360159,4.414113,0.203473,1.000000,0.000000,0.000000,
population,fixed,fixed,0.4,0.3,6.0,4,final,1,2001,0,11.998766,0.000000,11.998766,0.00e+00,4.819980,6.434065,8.419609,10.033695,11.200000,8.191259,11.551259,-1.517564,0,0.798766,0.239630,0.600000,1.000000,0.600000,2.690449,2.845239,1.263195,1.000000,0.000000,0.000000,
population,fixed,fixed,0.4,0.1,6.0,4,best,1,2001,0,11.222771,0.000000,11.222771,0.00e+00,7.472756,7.797663,8.595033,8.919940,11.200000,8.191259,9.311259,-0.391319,0,0.022771,0.002277,0.600000,1.000000,0.600000,4.344480,4.403605,0.211316,1.000000,0.000000,0.000000,
population,fixed,fixed,0.4,0.1,6.0,4,final,1,2001,0,12.150401,0.000000,12.150401,0.00e+00,4.540560,6.439325,5.755600,7.654365,11.200000,8.191259,9.311259,-1.656895,0,0.950401,0.095040,0.600000,1.000000,0.600000,2.522947,2.683869,1.376283,1.000000,0.000000,0.000000,
population,fixed,fixed,0.4,0.03,6.0,4,best,1,2001,0,11.224734,0.000000,11.224734,0.00e+00,7.449986,7.779586,7.786728,8.116328,11.200000,8.191259,8.527259,-0.410931,0,0.024734,0.000742,0.600000,1.000000,0.600000,4.330037,4.390221,0.220144,1.000000,0.000000,0.000000,
population,fixed,fixed,0.4,0.03,6.0,4,final,1,2001,0,12.237524,0.000000,12.237524,0.00e+00,4.392007,6.419189,4.759133,6.786314,11.200000,8.191259,8.527259,-1.740945,0,1.037524,0.031126,0.600000,1.000000,0.600000,2.404782,2.597632,1.439468,1.000000,0.000000,0.000000,
population,fixed,fixed,0.4,0.01,6.0,4,best,1,2001,0,11.226824,0.000000,11.226824,0.00e+00,7.429353,7.789108,7.541621,7.901376,11.200000,8.191259,8.303259,-0.401883,0,0.026824,0.000268,0.600000,1.000000,0.600000,4.315005,4.378102,0.228912,1.000000,0.000000,0.000000,
population,fixed,fixed,0.4,0.01,6.0,4,final,1,2001,0,12.268583,0.000000,12.268583,0.00e+00,4.333717,6.406099,4.456403,6.528785,11.200000,8.191259,8.303259,-1.774474,0,1.068583,0.010686,0.600000,1.000000,0.600000,2.432034,2.564114,1.460760,1.000000,0.000000,0.000000,
population,fixed,fixed,0.4,0.003,6.0,4,best,1,2001,0,11.229300,0.000000,11.229300,0.00e+00,7.404123,7.751664,7.437811,7.785351,11.200000,8.191259,8.224859,-0.439508,0,0.029300,0.000088,0.600000,1.000000,0.600000,4.299977,4.363265,0.239461,1.000000,0.000000,0.000000,
population,fixed,fixed,0.4,0.003,6.0,4,final,1,2001,0,12.263358,0.000000,12.263358,0.00e+00,4.342097,6.413956,4.378887,6.450746,11.200000,8.191259,8.224859,-1.774113,0,1.063358,0.003190,0.600000,1.000000,0.600000,2.446959,2.569488,1.457503,1.000000,0.000000,0.000000,
population,fixed,fixed,0.4,0.001,6.0,4,best,1,2001,0,11.231653,0.000000,11.231653,0.00e+00,7.379861,7.741734,7.391093,7.752966,11.200000,8.191259,8.202459,-0.449494,0,0.031653,0.000032,0.600000,1.000000,0.600000,4.288239,4.348996,0.249296,1.000000,0.000000,0.000000,
population,fixed,fixed,0.4,0.001,6.0,4,final,1,2001,0,12.273568,0.000000,12.273568,0.00e+00,4.326331,6.425816,4.338605,6.438090,11.200000,8.191259,8.202459,-1.764370,0,1.073568,0.001074,0.600000,1.000000,0.600000,2.390106,2.560959,1.464485,1.000000,0.000000,0.000000,
sampled,fixed,paper,0.1,0.003,6.0,2,best,527,627,0,12.756498,20.171312,32.927811,0.00e+00,0.536924,0.551393,0.635707,0.650176,3.400000,3.187217,3.197417,-2.547241,0,9.356498,0.028069,0.903500,1.000000,0.903500,nan,nan,nan,1.000000,0.000000,0.012462,
sampled,fixed,paper,0.1,0.003,6.0,2,final,527,627,0,12.754617,20.364382,33.118999,0.00e+00,0.537067,0.550695,0.636424,0.650052,3.400000,3.187217,3.197417,-2.547365,0,9.354617,0.028064,0.903500,1.000000,0.903500,nan,nan,nan,1.000000,0.000000,0.012462,
sampled,fixed,paper,0.1,0.03,6.0,4,best,14,114,0,13.790616,5.002898,18.793514,0.00e+00,0.690023,1.637716,1.253828,2.201522,3.400000,3.187217,3.289217,-1.087696,0,10.390616,0.311718,0.894500,1.000000,0.894500,nan,nan,nan,1.000000,0.000000,0.018977,
sampled,fixed,paper,0.1,0.03,6.0,4,final,14,114,0,11.658803,8.843325,20.502128,0.00e+00,0.712241,0.791491,1.327305,1.406555,3.400000,3.187217,3.289217,-1.882663,0,8.258803,0.247764,0.894500,1.000000,0.894500,nan,nan,nan,1.000000,0.000000,0.018977,
sampled,fixed,paper,0.1,0.01,6.0,4,best,14,114,0,14.174365,5.192735,19.367100,0.00e+00,0.685287,1.610865,0.878958,1.804536,3.400000,3.187217,3.221217,-1.416681,0,10.774365,0.107744,0.894500,1.000000,0.894500,nan,nan,nan,1.000000,0.000000,0.018977,
sampled,fixed,paper,0.1,0.01,6.0,4,final,14,114,0,12.547742,15.438715,27.986457,0.00e+00,0.605828,0.646728,0.885692,0.926592,3.400000,3.187217,3.221217,-2.294625,0,9.147742,0.091477,0.894500,1.000000,0.894500,nan,nan,nan,1.000000,0.000000,0.018977,
sampled,fixed,paper,0.1,0.03,6.0,1,best,13,113,0,13.505140,3.693406,17.198546,0.00e+00,0.716479,2.014434,1.232435,2.530391,3.400000,3.187217,3.289217,-0.758827,0,10.105140,0.303154,0.888500,1.000000,0.888500,nan,nan,nan,1.000000,0.000000,0.015271,
sampled,fixed,paper,0.1,0.03,6.0,1,final,13,113,0,11.769753,8.897491,20.667244,0.00e+00,0.753242,0.834501,1.373259,1.454518,3.400000,3.187217,3.289217,-1.834699,0,8.369753,0.251093,0.888500,1.000000,0.888500,nan,nan,nan,1.000000,0.000000,0.015271,
sampled,fixed,paper,0.1,0.03,6.0,3,best,12,112,0,13.214822,3.197939,16.412761,0.00e+00,0.677726,2.176342,1.170109,2.668725,3.400000,3.187217,3.289217,-0.620492,0,9.814822,0.294445,0.901500,1.000000,0.901500,nan,nan,nan,1.000000,0.000000,0.021132,
sampled,fixed,paper,0.1,0.03,6.0,3,final,12,112,0,11.518301,8.479552,19.997853,0.00e+00,0.680560,0.757430,1.280496,1.357366,3.400000,3.187217,3.289217,-1.931852,0,8.118301,0.243549,0.901500,1.000000,0.901500,nan,nan,nan,1.000000,0.000000,0.021132,
sampled,fixed,paper,0.1,0.03,6.0,0,best,13,113,0,13.423844,4.178764,17.602608,0.00e+00,0.676758,1.828632,1.204837,2.356710,3.400000,3.187217,3.289217,-0.932508,0,10.023844,0.300715,0.902000,1.000000,0.902000,nan,nan,nan,1.000000,0.000000,0.024871,
sampled,fixed,paper,0.1,0.03,6.0,0,final,13,113,0,11.728807,9.179354,20.908161,0.00e+00,0.644882,0.728361,1.272127,1.355606,3.400000,3.187217,3.289217,-1.933612,0,8.328807,0.249864,0.902000,1.000000,0.902000,nan,nan,nan,1.000000,0.000000,0.024871,
sampled,fixed,paper,0.1,0.03,6.0,2,best,11,111,0,15.103756,2.527310,17.631066,0.00e+00,0.693066,2.572129,1.221998,3.101061,3.400000,3.187217,3.289217,-0.188157,0,11.703756,0.351113,0.903500,1.000000,0.903500,nan,nan,nan,1.000000,0.000000,0.012462,
sampled,fixed,paper,0.1,0.03,6.0,2,final,11,111,0,11.560373,8.575882,20.136255,0.00e+00,0.647480,0.726976,1.251567,1.331063,3.400000,3.187217,3.289217,-1.958154,0,8.160373,0.244811,0.903500,1.000000,0.903500,nan,nan,nan,1.000000,0.000000,0.012462,
sampled,fixed,paper,0.1,0.01,6.0,2,best,315,415,0,12.449472,14.094562,26.544034,0.00e+00,0.551476,0.591701,0.816916,0.857142,3.400000,3.187217,3.221217,-2.364076,0,9.049472,0.090495,0.903500,1.000000,0.903500,nan,nan,nan,1.000000,0.000000,0.012462,
sampled,fixed,paper,0.1,0.01,6.0,2,final,315,415,0,12.452234,14.048695,26.500929,0.00e+00,0.552896,0.591860,0.817905,0.856869,3.400000,3.187217,3.221217,-2.364348,0,9.052234,0.090522,0.903500,1.000000,0.903500,nan,nan,nan,1.000000,0.000000,0.012462,
sampled,fixed,paper,0.1,0.1,6.0,0,best,253,353,0,8.686506,2.006625,10.693131,0.00e+00,1.137969,1.235092,2.207282,2.304405,3.400000,3.187217,3.527217,-1.222813,0,5.286506,0.528651,0.902000,1.000000,0.902000,nan,nan,nan,1.000000,0.000000,0.024871,
sampled,fixed,paper,0.1,0.1,6.0,0,final,253,353,0,8.655752,2.037277,10.693029,0.00e+00,1.144960,1.235237,2.214263,2.304540,3.400000,3.187217,3.527217,-1.222678,0,5.255752,0.525575,0.902000,1.000000,0.902000,nan,nan,nan,1.000000,0.000000,0.024871,
sampled,fixed,paper,0.1,0.3,6.0,0,best,176,276,0,5.090826,0.130398,5.221224,0.00e+00,1.996727,2.044481,3.563094,3.610848,3.400000,3.187217,4.207217,-0.596369,0,1.690826,0.507248,0.902000,1.000000,0.902000,nan,nan,nan,1.000000,0.000000,0.024871,
sampled,fixed,paper,0.1,0.3,6.0,0,final,176,276,0,5.074455,0.132225,5.206680,0.00e+00,2.004151,2.052565,3.566155,3.614569,3.400000,3.187217,4.207217,-0.592648,0,1.674455,0.502337,0.902000,1.000000,0.902000,nan,nan,nan,1.000000,0.000000,0.024871,
population,trainable,paper,0,10,6.0,1,best,1408,3408,0,0.000002,-0.000000,0.000002,0.00e+00,-0.000000,0.000314,0.000020,0.000334,0.000000,0.000284,0.000284,0.000050,0,0.000002,0.000020,1.000000,1.000000,1.000000,8.479156,8.483566,3.125785,0.359120,1.455410,0.000000,
population,trainable,paper,0,10,6.0,1,final,1408,3408,0,0.000000,-0.000000,-0.000000,0.00e+00,-0.000000,0.000061,-0.000000,0.000061,0.000000,0.000284,0.000284,-0.000223,0,0.000000,0.000000,1.000000,1.000000,1.000000,8.485282,8.485285,3.126107,0.359287,1.455281,0.000000,
population,trainable,paper,0,3,6.0,1,best,59,2059,0,0.000001,0.000000,0.000001,0.00e+00,-0.000000,0.000059,0.000003,0.000062,0.000000,0.000284,0.000284,-0.000222,0,0.000001,0.000002,1.000000,1.000000,1.000000,8.484490,8.485261,3.124973,0.358177,1.454525,0.000000,
population,trainable,paper,0,3,6.0,1,final,59,2059,0,0.000000,0.000000,0.000000,0.00e+00,-0.000000,0.000359,0.000000,0.000359,0.000000,0.000284,0.000284,0.000075,0,0.000000,0.000000,1.000000,1.000000,1.000000,8.485209,8.485280,3.147481,0.360133,1.445029,0.000000,
population,trainable,paper,0,1,6.0,1,best,56,2056,0,0.000003,0.000001,0.000004,0.00e+00,-0.000000,0.000249,0.000004,0.000253,0.000000,0.000284,0.000284,-0.000031,0,0.000003,0.000003,1.000000,1.000000,1.000000,8.483948,8.485055,3.123643,0.358545,1.453539,0.000000,
population,trainable,paper,0,1,6.0,1,final,56,2056,0,0.000173,0.000086,0.000258,0.00e+00,-0.000000,0.000053,0.000258,0.000311,0.000000,0.000284,0.000284,0.000027,0,0.000173,0.000173,1.000000,1.000000,1.000000,8.436555,8.481012,3.114106,0.360319,1.443800,0.000000,
population,trainable,paper,0,0.3,6.0,1,best,50,2050,0,0.000006,0.000001,0.000007,0.00e+00,-0.000000,0.000225,0.000002,0.000227,0.000000,0.000284,0.000284,-0.000057,0,0.000006,0.000002,1.000000,1.000000,1.000000,8.483957,8.485095,3.118848,0.359391,1.452008,0.000000,
population,trainable,paper,0,0.3,6.0,1,final,50,2050,0,0.000001,0.000000,0.000002,0.00e+00,-0.000000,0.000058,0.000000,0.000059,0.000000,0.000284,0.000284,-0.000225,0,0.000001,0.000000,1.000000,1.000000,1.000000,8.483188,8.484901,3.144778,0.362519,1.447998,0.000000,
population,trainable,paper,0,0.1,6.0,1,best,144,2144,0,0.000009,0.000030,0.000040,0.00e+00,-0.000000,0.000243,0.000004,0.000247,0.000000,0.000284,0.000284,-0.000037,0,0.000009,0.000001,1.000000,1.000000,1.000000,8.474558,8.484665,3.102713,0.362401,1.444100,0.000000,
population,trainable,paper,0,0.1,6.0,1,final,144,2144,0,0.002163,0.001694,0.003856,0.00e+00,-0.000000,0.000443,0.000386,0.000829,0.000000,0.000284,0.000284,0.000545,0,0.002163,0.000216,1.000000,1.000000,1.000000,8.482885,8.504093,3.114902,0.380698,1.412216,0.000000,
population,trainable,paper,0,0.03,6.0,1,best,59,2059,0,0.000002,0.000000,0.000003,0.00e+00,-0.000000,0.000119,0.000000,0.000119,0.000000,0.000284,0.000284,-0.000165,0,0.000002,0.000000,1.000000,1.000000,1.000000,8.483818,8.485126,3.101475,0.362186,1.442621,0.000000,
population,trainable,paper,0,0.03,6.0,1,final,59,2059,0,0.149231,0.007532,0.156763,0.00e+00,-0.000000,0.000074,0.004703,0.004777,0.000000,0.000284,0.000284,0.004493,0,0.149231,0.004477,1.000000,1.000000,1.000000,8.462469,8.556238,3.176160,0.372303,1.391536,0.000000,
population,trainable,paper,0,0.01,6.0,1,best,23,2023,0,0.000135,0.000035,0.000170,0.00e+00,-0.000000,0.000304,0.000002,0.000306,0.000000,0.000284,0.000284,0.000022,0,0.000135,0.000001,1.000000,1.000000,1.000000,8.481819,8.488913,3.102276,0.363056,1.443179,0.000000,
population,trainable,paper,0,0.01,6.0,1,final,23,2023,0,0.009444,0.004305,0.013750,0.00e+00,-0.000000,0.000175,0.000137,0.000312,0.000000,0.000284,0.000284,0.000028,0,0.009444,0.000094,1.000000,1.000000,1.000000,8.481416,8.561944,3.162510,0.348729,1.428860,0.000000,
population,trainable,paper,0,0.003,6.0,1,best,10,2010,0,0.000195,0.000015,0.000211,0.00e+00,-0.000000,0.000068,0.000001,0.000069,0.000000,0.000284,0.000284,-0.000215,0,0.000195,0.000001,1.000000,1.000000,1.000000,8.477481,8.486477,3.101913,0.360269,1.444701,0.000000,
population,trainable,paper,0,0.003,6.0,1,final,10,2010,0,0.011310,0.009307,0.020618,0.00e+00,-0.000000,0.000030,0.000062,0.000092,0.000000,0.000284,0.000284,-0.000192,0,0.011310,0.000034,1.000000,1.000000,1.000000,8.485016,8.611658,3.101794,0.359150,1.427436,0.000000,
population,trainable,paper,0,0.001,6.0,1,best,80,2080,0,0.000087,0.000177,0.000263,0.00e+00,-0.000000,0.000281,0.000000,0.000281,0.000000,0.000284,0.000284,-0.000003,0,0.000087,0.000000,1.000000,1.000000,1.000000,8.479353,8.488904,3.106190,0.361197,1.443799,0.000000,
population,trainable,paper,0,0.001,6.0,1,final,80,2080,0,0.111629,0.017028,0.128656,0.00e+00,-0.000000,0.000041,0.000129,0.000170,0.000000,0.000284,0.000284,-0.000114,0,0.111629,0.000112,1.000000,1.000000,1.000000,8.471475,8.735764,3.199333,0.354918,1.421895,0.000000,
sampled,fixed,paper,0.1,0.1,6.0,1,best,181,281,0,8.600310,1.829105,10.429415,0.00e+00,1.362485,1.450274,2.405427,2.493215,3.400000,3.187217,3.527217,-1.034002,0,5.200310,0.520031,0.888500,1.000000,0.888500,nan,nan,nan,1.000000,0.000000,0.015271,
sampled,fixed,paper,0.1,0.1,6.0,1,final,181,281,0,8.615019,1.856040,10.471059,0.00e+00,1.360615,1.447265,2.407721,2.494371,3.400000,3.187217,3.527217,-1.032846,0,5.215019,0.521502,0.888500,1.000000,0.888500,nan,nan,nan,1.000000,0.000000,0.015271,
sampled,fixed,paper,0.1,0.1,6.0,4,best,133,233,0,8.564906,1.848787,10.413693,0.00e+00,1.294978,1.385307,2.336347,2.426677,3.400000,3.187217,3.527217,-1.100541,0,5.164906,0.516491,0.894500,1.000000,0.894500,nan,nan,nan,1.000000,0.000000,0.018977,
sampled,fixed,paper,0.1,0.1,6.0,4,final,133,233,0,8.522889,1.859689,10.382578,0.00e+00,1.292174,1.376017,2.330431,2.414275,3.400000,3.187217,3.527217,-1.112942,0,5.122889,0.512289,0.894500,1.000000,0.894500,nan,nan,nan,1.000000,0.000000,0.018977,
population,trainable,paper,0,10,6.0,0,best,1306,3306,0,0.000003,0.000000,0.000003,0.00e+00,-0.000000,0.000438,0.000035,0.000473,0.000000,0.000284,0.000284,0.000189,0,0.000003,0.000035,1.000000,1.000000,1.000000,8.479013,8.482016,4.343648,0.087578,1.468195,0.000000,
population,trainable,paper,0,10,6.0,0,final,1306,3306,0,0.000000,0.000000,0.000000,0.00e+00,-0.000000,0.000187,0.000002,0.000189,0.000000,0.000284,0.000284,-0.000095,0,0.000000,0.000001,1.000000,1.000000,1.000000,8.485268,8.485346,4.344488,0.087564,1.468086,0.000000,
population,trainable,paper,0,3,6.0,0,best,42,2042,0,0.000008,0.000000,0.000008,0.00e+00,-0.000000,0.000134,0.000023,0.000158,0.000000,0.000284,0.000284,-0.000126,0,0.000008,0.000023,1.000000,1.000000,1.000000,8.482882,8.484692,4.349702,0.087102,1.465957,0.000000,
population,trainable,paper,0,3,6.0,0,final,42,2042,0,0.000000,0.000000,0.000000,0.00e+00,-0.000000,0.000247,0.000000,0.000247,0.000000,0.000284,0.000284,-0.000037,0,0.000000,0.000000,1.000000,1.000000,1.000000,8.485229,8.485310,4.272286,0.095739,1.452947,0.000000,
population,trainable,paper,0,1,6.0,0,best,53,2053,0,0.000009,0.000004,0.000013,0.00e+00,-0.000000,0.000046,0.000013,0.000059,0.000000,0.000284,0.000284,-0.000225,0,0.000009,0.000009,1.000000,1.000000,1.000000,8.484018,8.485503,4.346331,0.087452,1.465739,0.000000,
population,trainable,paper,0,1,6.0,0,final,53,2053,0,0.000000,-0.000000,-0.000000,0.00e+00,-0.000000,0.000188,-0.000000,0.000188,0.000000,0.000284,0.000284,-0.000096,0,0.000000,0.000000,1.000000,1.000000,1.000000,8.485275,8.485308,4.324363,0.092713,1.463761,0.000000,
population,trainable,paper,0,0.3,6.0,0,best,122,2122,0,0.000005,0.000049,0.000054,0.00e+00,-0.000000,0.000667,0.000016,0.000683,0.000000,0.000284,0.000284,0.000399,0,0.000005,0.000002,1.000000,1.000000,1.000000,8.478078,8.484967,4.339145,0.088622,1.464612,0.000000,
population,trainable,paper,0,0.3,6.0,0,final,122,2122,0,0.016690,0.003088,0.019778,0.00e+00,-0.000000,0.000253,0.005934,0.006186,0.000000,0.000284,0.000284,0.005902,0,0.016690,0.005007,1.000000,1.000000,1.000000,8.423119,8.535825,4.283725,0.109689,1.463963,0.000000,
population,trainable,paper,0,0.1,6.0,0,best,210,2210,0,0.000002,0.000044,0.000046,0.00e+00,-0.000000,0.000391,0.000005,0.000396,0.000000,0.000284,0.000284,0.000112,0,0.000002,0.000000,1.000000,1.000000,1.000000,8.484997,8.486293,4.362883,0.084589,1.466551,0.000000,
population,trainable,paper,0,0.1,6.0,0,final,210,2210,0,0.000034,0.000196,0.000229,0.00e+00,-0.000000,0.000027,0.000023,0.000050,0.000000,0.000284,0.000284,-0.000234,0,0.000034,0.000003,1.000000,1.000000,1.000000,8.484052,8.487871,4.280048,0.107399,1.463328,0.000000,
population,trainable,paper,0,0.03,6.0,0,best,231,2231,0,0.000005,0.000091,0.000096,0.00e+00,-0.000000,0.000270,0.000003,0.000273,0.000000,0.000284,0.000284,-0.000011,0,0.000005,0.000000,1.000000,1.000000,1.000000,8.480741,8.485527,4.361817,0.086411,1.467040,0.000000,
population,trainable,paper,0,0.03,6.0,0,final,231,2231,0,0.005859,0.005488,0.011347,0.00e+00,-0.000000,0.000414,0.000340,0.000754,0.000000,0.000284,0.000284,0.000470,0,0.005859,0.000176,1.000000,1.000000,1.000000,8.478875,8.539097,4.374563,0.116551,1.481975,0.000000,
population,trainable,paper,0,0.01,6.0,0,best,18,2018,0,0.000261,0.000005,0.000265,0.00e+00,-0.000000,0.000334,0.000003,0.000336,0.000000,0.000284,0.000284,0.000052,0,0.000261,0.000003,1.000000,1.000000,1.000000,8.482236,8.485939,4.360034,0.087809,1.466233,0.000000,
population,trainable,paper,0,0.01,6.0,0,final,18,2018,0,3.993772,0.054614,4.048385,0.00e+00,-0.000000,0.002245,0.040484,0.042729,0.000000,0.000284,0.000284,0.042445,0,3.993772,0.039938,1.000000,1.000000,1.000000,7.776759,8.546824,4.282995,0.420357,1.729543,0.000000,
population,trainable,paper,0,0.003,6.0,0,best,77,2077,0,0.000029,0.000014,0.000043,0.00e+00,-0.000000,0.000080,0.000000,0.000080,0.000000,0.000284,0.000284,-0.000204,0,0.000029,0.000000,1.000000,1.000000,1.000000,8.471446,8.485587,4.352517,0.088100,1.464127,0.000000,
population,trainable,paper,0,0.003,6.0,0,final,77,2077,0,2.437037,0.059201,2.496238,0.00e+00,-0.000000,0.000300,0.007489,0.007789,0.000000,0.000284,0.000284,0.007505,0,2.437037,0.007311,1.000000,1.000000,1.000000,7.836355,8.635421,4.432588,0.287185,1.545430,0.000000,
population,trainable,paper,0,0.001,6.0,0,best,16,2016,0,0.000350,0.000002,0.000352,0.00e+00,-0.000000,0.000323,0.000000,0.000323,0.000000,0.000284,0.000284,0.000039,0,0.000350,0.000000,1.000000,1.000000,1.000000,8.482360,8.486510,4.349586,0.088025,1.464214,0.000000,
population,trainable,paper,0,0.001,6.0,0,final,16,2016,0,3.947366,0.066771,4.014138,0.00e+00,-0.000000,0.000145,0.004014,0.004159,0.000000,0.000284,0.000284,0.003875,0,3.947366,0.003947,1.000000,1.000000,1.000000,8.230355,8.882526,4.229545,0.385817,1.399347,0.000000,
sampled,fixed,paper,0.1,0.1,6.0,3,best,237,337,0,8.080614,1.577079,9.657693,0.00e+00,1.251216,1.333543,2.216985,2.299312,3.400000,3.187217,3.527217,-1.227906,0,4.680614,0.468061,0.901500,1.000000,0.901500,nan,nan,nan,1.000000,0.000000,0.021132,
sampled,fixed,paper,0.1,0.1,6.0,3,final,237,337,0,8.058893,1.640442,9.699335,0.00e+00,1.256713,1.328936,2.226646,2.298870,3.400000,3.187217,3.527217,-1.228348,0,4.658893,0.465889,0.901500,1.000000,0.901500,nan,nan,nan,1.000000,0.000000,0.021132,
sampled,fixed,paper,0.1,0.3,6.0,4,best,127,227,0,5.107496,0.113863,5.221359,0.00e+00,2.207741,2.252972,3.774149,3.819379,3.400000,3.187217,4.207217,-0.387838,0,1.707496,0.512249,0.894500,1.000000,0.894500,nan,nan,nan,1.000000,0.000000,0.018977,
sampled,fixed,paper,0.1,0.3,6.0,4,final,127,227,0,5.079799,0.111330,5.191129,0.00e+00,2.215371,2.257700,3.772710,3.815039,3.400000,3.187217,4.207217,-0.392179,0,1.679799,0.503940,0.894500,1.000000,0.894500,nan,nan,nan,1.000000,0.000000,0.018977,
sampled,fixed,paper,0.1,1,6.0,2,best,71,171,0,3.520028,0.001480,3.521507,0.00e+00,2.703065,2.713836,6.224573,6.235343,3.400000,3.187217,6.587217,-0.351874,0,0.120028,0.120028,0.903500,1.000000,0.903500,nan,nan,nan,1.000000,0.000000,0.012462,
sampled,fixed,paper,0.1,1,6.0,2,final,71,171,0,3.479341,0.001202,3.480543,0.00e+00,2.733154,2.739920,6.213697,6.220463,3.400000,3.187217,6.587217,-0.366755,0,0.079341,0.079341,0.903500,1.000000,0.903500,nan,nan,nan,1.000000,0.000000,0.012462,
population,trainable,paper,0.1,10,6.0,2,best,1748,3748,0,3.401931,0.000027,3.401957,0.00e+00,3.161127,3.165050,37.180699,37.184623,3.400000,3.187217,37.187217,-0.002595,0,0.001931,0.019306,0.900000,1.000000,0.900000,7.447752,7.450856,3.326410,0.355597,1.891159,0.000000,
population,trainable,paper,0.1,10,6.0,2,final,1748,3748,0,3.402467,0.000064,3.402531,0.00e+00,3.160711,3.158164,37.186024,37.183477,3.400000,3.187217,37.187217,-0.003740,0,0.002467,0.024670,0.900000,1.000000,0.900000,7.445926,7.449990,3.321975,0.368806,1.877002,0.000000,
population,trainable,paper,0.1,3,6.0,2,best,1,2001,0,3.404439,0.000045,3.404485,0.00e+00,3.152864,3.156979,13.366318,13.370433,3.400000,3.187217,13.387217,-0.016785,0,0.004439,0.013318,0.900000,1.000000,0.900000,7.425789,7.431726,3.324670,0.348006,1.888984,0.000000,
population,trainable,paper,0.1,3,6.0,2,final,1,2001,0,3.422359,0.000149,3.422508,0.00e+00,3.067121,3.070623,13.334646,13.338148,3.400000,3.187217,13.387217,-0.049070,0,0.022359,0.067076,0.900000,1.000000,0.900000,7.223575,7.229335,3.209328,0.421233,1.874255,0.000000,
population,trainable,paper,0.1,1,6.0,2,best,1,2001,0,3.406196,0.000055,3.406250,0.00e+00,3.144646,3.137389,6.550897,6.543639,3.400000,3.187217,6.587217,-0.043578,0,0.006196,0.006196,0.900000,1.000000,0.900000,7.403176,7.412644,3.324921,0.351505,1.886777,0.000000,
population,trainable,paper,0.1,1,6.0,2,final,1,2001,0,3.586325,0.002178,3.588503,0.00e+00,2.818764,2.829201,6.407268,6.417705,3.400000,3.187217,6.587217,-0.169513,0,0.186325,0.186325,0.900000,1.000000,0.900000,6.594716,6.645081,3.137021,0.416556,1.928348,0.000000,
population,trainable,paper,0.1,0.3,6.0,2,best,1,2001,0,3.408891,0.000080,3.408971,0.00e+00,3.136357,3.135012,4.159048,4.157704,3.400000,3.187217,4.207217,-0.049514,0,0.008891,0.002667,0.900000,1.000000,0.900000,7.381478,7.393534,3.325643,0.348195,1.881554,0.000000,
population,trainable,paper,0.1,0.3,6.0,2,final,1,2001,0,4.792680,0.100142,4.892822,0.00e+00,2.151846,2.203940,3.619693,3.671787,3.400000,3.187217,4.207217,-0.535431,0,1.392680,0.417804,0.900000,1.000000,0.900000,4.915774,5.077607,3.342943,0.381963,1.901540,0.000000,
population,trainable,paper,0.1,0.1,6.0,2,best,1,2001,0,3.411295,0.000107,3.411402,0.00e+00,3.128118,3.132152,3.469258,3.473293,3.400000,3.187217,3.527217,-0.053925,0,0.011295,0.001130,0.900000,1.000000,0.900000,7.359817,7.374455,3.324877,0.349884,1.878746,0.000000,
population,trainable,paper,0.1,0.1,6.0,2,final,1,2001,0,7.819470,1.569286,9.388757,0.00e+00,1.327455,1.429469,2.266331,2.368345,3.400000,3.187217,3.527217,-1.158873,0,4.419470,0.441947,0.900000,1.000000,0.900000,2.971786,3.142740,3.877419,0.454800,1.996241,0.000000,
population,trainable,paper,0.1,0.03,6.0,2,best,1,2001,0,3.411889,0.000123,3.412011,0.00e+00,3.120211,3.123459,3.222571,3.225820,3.400000,3.187217,3.289217,-0.063398,0,0.011889,0.000357,0.900000,1.000000,0.900000,7.338192,7.355405,3.320412,0.356137,1.872352,0.000000,
population,trainable,paper,0.1,0.03,6.0,2,final,1,2001,0,10.729385,6.312230,17.041615,0.00e+00,0.794547,0.882473,1.305796,1.393722,3.400000,3.187217,3.289217,-1.895496,0,7.329385,0.219882,0.900000,1.000000,0.900000,1.757550,1.899116,4.428986,0.478164,1.825048,0.000000,
population,trainable,paper,0.1,0.01,6.0,2,best,1,2001,0,3.413172,0.000134,3.413305,0.00e+00,3.112181,3.112389,3.146314,3.146523,3.400000,3.187217,3.221217,-0.074695,0,0.013172,0.000132,0.900000,1.000000,0.900000,7.316601,7.336387,3.314910,0.357602,1.874415,0.000000,
population,trainable,paper,0.1,0.01,6.0,2,final,1,2001,0,11.892225,10.455297,22.347523,0.00e+00,0.661381,0.721203,0.884856,0.944678,3.400000,3.187217,3.221217,-2.276539,0,8.492225,0.084922,0.900000,1.000000,0.900000,1.384494,1.665496,4.792410,0.261152,2.072052,0.000000,
population,trainable,paper,0.1,0.003,6.0,2,best,1,2001,0,3.414845,0.000145,3.414990,0.00e+00,3.104123,3.115925,3.114368,3.126170,3.400000,3.187217,3.197417,-0.071247,0,0.014845,0.000045,0.900000,1.000000,0.900000,7.294793,7.317399,3.309129,0.354042,1.873630,0.000000,
population,trainable,paper,0.1,0.003,6.0,2,final,1,2001,0,12.601452,11.677277,24.278728,0.00e+00,0.633263,0.697519,0.706099,0.770355,3.400000,3.187217,3.197417,-2.427063,0,9.201452,0.027604,0.900000,1.000000,0.900000,1.299041,1.718053,5.056445,0.293961,2.362734,0.000000,
population,trainable,paper,0.1,0.001,6.0,2,best,1,2001,0,3.417894,0.000172,3.418066,0.00e+00,3.096034,3.100972,3.099452,3.104390,3.400000,3.187217,3.190617,-0.086228,0,0.017894,0.000018,0.900000,1.000000,0.900000,7.272833,7.298441,3.304709,0.359647,1.871667,0.000000,
population,trainable,paper,0.1,0.001,6.0,2,final,1,2001,0,13.087227,12.184461,25.271688,0.00e+00,0.631147,0.695550,0.656419,0.720822,3.400000,3.187217,3.190617,-2.469796,0,9.687227,0.009687,0.900000,1.000000,0.900000,1.270945,1.807855,4.802007,0.498175,2.328196,0.000000,
sampled,fixed,paper,0.1,1,6.0,3,best,146,246,0,3.507456,0.000907,3.508364,0.00e+00,2.812875,2.824185,6.321238,6.332549,3.400000,3.187217,6.587217,-0.254669,0,0.107456,0.107456,0.901500,1.000000,0.901500,nan,nan,nan,1.000000,0.000000,0.021132,
sampled,fixed,paper,0.1,1,6.0,3,final,146,246,0,3.508629,0.001533,3.510162,0.00e+00,2.811527,2.819606,6.321689,6.329768,3.400000,3.187217,6.587217,-0.257450,0,0.108629,0.108629,0.901500,1.000000,0.901500,nan,nan,nan,1.000000,0.000000,0.021132,
sampled,fixed,paper,0.1,1,6.0,0,best,191,291,0,3.593131,0.001803,3.594935,0.00e+00,2.711259,2.720632,6.306194,6.315567,3.400000,3.187217,6.587217,-0.271651,0,0.193131,0.193131,0.902000,1.000000,0.902000,nan,nan,nan,1.000000,0.000000,0.024871,
sampled,fixed,paper,0.1,1,6.0,0,final,191,291,0,3.593287,0.001286,3.594573,0.00e+00,2.710501,2.722984,6.305073,6.317556,3.400000,3.187217,6.587217,-0.269661,0,0.193287,0.193287,0.902000,1.000000,0.902000,nan,nan,nan,1.000000,0.000000,0.024871,
population,trainable,paper,0,10,6.0,2,best,1310,3310,0,0.000007,-0.000000,0.000007,0.00e+00,-0.000000,0.000210,0.000072,0.000282,0.000000,0.000284,0.000284,-0.000002,0,0.000007,0.000072,1.000000,1.000000,1.000000,8.477504,8.481307,3.600721,0.317572,1.778272,0.000000,
population,trainable,paper,0,10,6.0,2,final,1310,3310,0,0.000000,-0.000000,-0.000000,0.00e+00,-0.000000,0.000520,-0.000000,0.000520,0.000000,0.000284,0.000284,0.000236,0,0.000000,0.000000,1.000000,1.000000,1.000000,8.485280,8.485288,3.601086,0.317630,1.777921,0.000000,
population,trainable,paper,0,3,6.0,2,best,44,2044,0,0.000006,0.000000,0.000006,0.00e+00,-0.000000,0.000385,0.000017,0.000402,0.000000,0.000284,0.000284,0.000118,0,0.000006,0.000017,1.000000,1.000000,1.000000,8.483991,8.485860,3.602369,0.317256,1.780097,0.000000,
population,trainable,paper,0,3,6.0,2,final,44,2044,0,0.000270,0.000038,0.000308,0.00e+00,-0.000000,0.000322,0.000924,0.001247,0.000000,0.000284,0.000284,0.000963,0,0.000270,0.000810,1.000000,1.000000,1.000000,8.458152,8.485632,3.580609,0.336833,1.780154,0.000000,
population,trainable,paper,0,1,6.0,2,best,47,2047,0,0.000007,0.000000,0.000007,0.00e+00,-0.000000,0.000253,0.000007,0.000260,0.000000,0.000284,0.000284,-0.000024,0,0.000007,0.000007,1.000000,1.000000,1.000000,8.484043,8.485109,3.599522,0.319054,1.780770,0.000000,
population,trainable,paper,0,1,6.0,2,final,47,2047,0,0.000000,0.000096,0.000097,0.00e+00,-0.000000,0.000785,0.000097,0.000882,0.000000,0.000284,0.000284,0.000598,0,0.000000,0.000000,1.000000,1.000000,1.000000,8.484577,8.485179,3.526292,0.344685,1.758615,0.000000,
population,trainable,paper,0,0.3,6.0,2,best,47,2047,0,0.000007,0.000003,0.000010,0.00e+00,-0.000000,0.000077,0.000003,0.000080,0.000000,0.000284,0.000284,-0.000204,0,0.000007,0.000002,1.000000,1.000000,1.000000,8.481068,8.484965,3.598183,0.319892,1.784004,0.000000,
population,trainable,paper,0,0.3,6.0,2,final,47,2047,0,0.000001,0.000000,0.000001,0.00e+00,-0.000000,0.000376,0.000000,0.000377,0.000000,0.000284,0.000284,0.000093,0,0.000001,0.000000,1.000000,1.000000,1.000000,8.484975,8.485587,3.588887,0.330458,1.776537,0.000000,
population,trainable,paper,0,0.1,6.0,2,best,44,2044,0,0.000009,0.000000,0.000009,0.00e+00,-0.000000,0.000244,0.000001,0.000245,0.000000,0.000284,0.000284,-0.000039,0,0.000009,0.000001,1.000000,1.000000,1.000000,8.483910,8.485515,3.599382,0.321237,1.783487,0.000000,
population,trainable,paper,0,0.1,6.0,2,final,44,2044,0,0.000840,0.002918,0.003757,0.00e+00,-0.000000,0.000106,0.000376,0.000482,0.000000,0.000284,0.000284,0.000198,0,0.000840,0.000084,1.000000,1.000000,1.000000,8.482921,8.509980,3.641319,0.346120,1.781646,0.000000,
population,trainable,paper,0,0.03,6.0,2,best,142,2142,0,0.000006,0.000063,0.000069,0.00e+00,-0.000000,0.000080,0.000002,0.000082,0.000000,0.000284,0.000284,-0.000202,0,0.000006,0.000000,1.000000,1.000000,1.000000,8.477979,8.484616,3.606615,0.324143,1.784839,0.000000,
population,trainable,paper,0,0.03,6.0,2,final,142,2142,0,0.000007,0.000412,0.000419,0.00e+00,-0.000000,0.000337,0.000013,0.000350,0.000000,0.000284,0.000284,0.000066,0,0.000007,0.000000,1.000000,1.000000,1.000000,8.483286,8.487251,3.605317,0.397775,1.845437,0.000000,
population,trainable,paper,0,0.01,6.0,2,best,82,2082,0,0.000010,0.000007,0.000017,0.00e+00,-0.000000,0.000181,0.000000,0.000182,0.000000,0.000284,0.000284,-0.000102,0,0.000010,0.000000,1.000000,1.000000,1.000000,8.481902,8.484548,3.608084,0.326201,1.780490,0.000000,
population,trainable,paper,0,0.01,6.0,2,final,82,2082,0,0.000570,0.002068,0.002638,0.00e+00,-0.000000,0.000092,0.000026,0.000118,0.000000,0.000284,0.000284,-0.000166,0,0.000570,0.000006,1.000000,1.000000,1.000000,8.488112,8.513006,3.624112,0.353037,1.743106,0.000000,
population,trainable,paper,0,0.003,6.0,2,best,9,2009,0,0.000233,0.000005,0.000238,0.00e+00,-0.000000,0.000095,0.000001,0.000096,0.000000,0.000284,0.000284,-0.000188,0,0.000233,0.000001,1.000000,1.000000,1.000000,8.478986,8.485675,3.605864,0.327107,1.780038,0.000000,
population,trainable,paper,0,0.003,6.0,2,final,9,2009,0,0.030539,0.012308,0.042847,0.00e+00,-0.000000,0.000038,0.000129,0.000167,0.000000,0.000284,0.000284,-0.000117,0,0.030539,0.000092,1.000000,1.000000,1.000000,8.436139,8.624240,3.615964,0.360179,1.785441,0.000000,
population,trainable,paper,0,0.001,6.0,2,best,9,2009,0,0.000117,0.000006,0.000122,0.00e+00,-0.000000,0.000747,0.000000,0.000747,0.000000,0.000284,0.000284,0.000463,0,0.000117,0.000000,1.000000,1.000000,1.000000,8.481128,8.486047,3.608845,0.325601,1.779349,0.000000,
population,trainable,paper,0,0.001,6.0,2,final,9,2009,0,0.036075,0.012379,0.048454,0.00e+00,-0.000000,0.000032,0.000048,0.000080,0.000000,0.000284,0.000284,-0.000204,0,0.036075,0.000036,1.000000,1.000000,1.000000,8.502303,8.665183,3.674251,0.362112,1.907248,0.000000,
population,trainable,paper,0.2,10,6.0,2,best,1914,3914,0,6.407277,0.000207,6.407484,0.00e+00,5.449307,5.466142,69.524145,69.540979,6.400000,5.597655,69.597655,-0.056676,0,0.007277,0.072771,0.800000,1.000000,0.800000,6.409208,6.422121,3.054974,0.376852,1.783773,0.000000,
population,trainable,paper,0.2,10,6.0,2,final,1914,3914,0,6.407973,0.000174,6.408147,0.00e+00,5.446625,5.452827,69.528094,69.534297,6.400000,5.597655,69.597655,-0.063359,0,0.007973,0.079728,0.800000,1.000000,0.800000,6.405529,6.419103,3.041231,0.419502,1.789057,0.000000,
population,trainable,paper,0.2,3,6.0,2,best,1,2001,0,6.409411,0.000219,6.409630,0.00e+00,5.434254,5.452033,24.663145,24.680924,6.400000,5.597655,24.797655,-0.116731,0,0.009411,0.028234,0.800000,1.000000,0.800000,6.387715,6.404571,3.051347,0.373755,1.787661,0.000000,
population,trainable,paper,0.2,3,6.0,2,final,1,2001,0,6.482396,0.000743,6.483139,0.00e+00,5.089769,5.125962,24.539186,24.575379,6.400000,5.597655,24.797655,-0.222277,0,0.082396,0.247188,0.800000,1.000000,0.800000,5.974497,5.998627,2.952414,0.450829,1.773167,0.000000,
population,trainable,paper,0.2,1,6.0,2,best,1,2001,0,6.411760,0.000252,6.412011,0.00e+00,5.419220,5.420108,11.831232,11.832120,6.400000,5.597655,11.997655,-0.165535,0,0.011760,0.011760,0.800000,1.000000,0.800000,6.367872,6.387061,3.052279,0.371610,1.787916,0.000000,
population,trainable,paper,0.2,1,6.0,2,final,1,2001,0,6.970046,0.025036,6.995082,0.00e+00,4.256778,4.347340,11.251859,11.342422,6.400000,5.597655,11.997655,-0.655233,0,0.570046,0.570046,0.800000,1.000000,0.800000,4.913793,5.018855,2.950931,0.427351,1.811687,0.000000,
population,trainable,paper,0.2,0.3,6.0,2,best,1,2001,0,6.415331,0.000279,6.415610,0.00e+00,5.403939,5.414134,7.328622,7.338817,6.400000,5.597655,7.517655,-0.178838,0,0.015331,0.004599,0.800000,1.000000,0.800000,6.347382,6.369555,3.052905,0.367968,1.793534,0.000000,
population,trainable,paper,0.2,0.3,6.0,2,final,1,2001,0,9.022049,0.737488,9.759537,0.00e+00,2.719842,2.948639,5.647703,5.876500,6.400000,5.597655,7.517655,-1.641155,0,2.622049,0.786615,0.800000,1.000000,0.800000,3.086122,3.217184,3.346206,0.443811,1.633262,0.000000,
population,trainable,paper,0.2,0.1,6.0,2,best,1,2001,0,6.417456,0.000320,6.417776,0.00e+00,5.389103,5.405091,6.030881,6.046869,6.400000,5.597655,6.237655,-0.190787,0,0.017456,0.001746,0.800000,1.000000,0.800000,6.327891,6.352077,3.052763,0.363906,1.790680,0.000000,
population,trainable,paper,0.2,0.1,6.0,2,final,1,2001,0,11.771291,4.975519,16.746810,0.00e+00,1.469074,1.703865,3.143755,3.378546,6.400000,5.597655,6.237655,-2.859110,0,5.371291,0.537129,0.800000,1.000000,0.800000,1.632753,1.735657,4.009808,0.442395,1.801857,0.000000,
population,trainable,paper,0.2,0.03,6.0,2,best,1,2001,0,6.421088,0.000361,6.421449,0.00e+00,5.376894,5.400639,5.569537,5.593282,6.400000,5.597655,5.789655,-0.196373,0,0.021088,0.000633,0.800000,1.000000,0.800000,6.309089,6.338211,3.051572,0.361779,1.794436,0.000000,
population,trainable,paper,0.2,0.03,6.0,2,final,1,2001,0,13.261508,11.528063,24.789571,0.00e+00,1.040170,1.182073,1.783857,1.925760,6.400000,5.597655,5.789655,-3.863896,0,6.861508,0.205845,0.800000,1.000000,0.800000,1.071142,1.252178,4.522176,0.135997,2.121730,0.000000,
population,trainable,paper,0.2,0.01,6.0,2,best,1,2001,0,6.422568,0.000370,6.422938,0.00e+00,5.362151,5.386483,5.426380,5.450712,6.400000,5.597655,5.661655,-0.210943,0,0.022568,0.000226,0.800000,1.000000,0.800000,6.288756,6.320785,3.049883,0.362591,1.794096,0.000000,
population,trainable,paper,0.2,0.01,6.0,2,final,1,2001,0,13.771225,15.971779,29.743004,0.00e+00,0.985300,1.057207,1.282730,1.354637,6.400000,5.597655,5.661655,-4.307018,0,7.371225,0.073712,0.800000,1.000000,0.800000,0.922635,1.144967,4.557243,0.442723,2.204511,0.000000,
population,trainable,paper,0.2,0.003,6.0,2,best,1,2001,0,6.424603,0.000350,6.424954,0.00e+00,5.347481,5.380526,5.366756,5.399801,6.400000,5.597655,5.616855,-0.217054,0,0.024603,0.000074,0.800000,1.000000,0.800000,6.268415,6.303392,3.049371,0.365268,1.794540,0.000000,
population,trainable,paper,0.2,0.003,6.0,2,final,1,2001,0,14.383412,17.612919,31.996331,0.00e+00,1.000159,1.057457,1.096148,1.153446,6.400000,5.597655,5.616855,-4.463410,0,7.983412,0.023950,0.800000,1.000000,0.800000,0.929389,1.352368,4.981675,0.106194,2.402654,0.000000,
population,trainable,paper,0.2,0.001,6.0,2,best,1,2001,0,6.430317,0.000369,6.430686,0.00e+00,5.332158,5.349419,5.338588,5.355850,6.400000,5.597655,5.604055,-0.248205,0,0.030317,0.000030,0.800000,1.000000,0.800000,6.249071,6.286029,3.046549,0.359533,1.804001,0.000000,
population,trainable,paper,0.2,0.001,6.0,2,final,1,2001,0,14.857618,18.464045,33.321663,0.00e+00,0.985373,1.035529,1.018694,1.068851,6.400000,5.597655,5.604055,-4.535204,0,8.457618,0.008458,0.800000,1.000000,0.800000,0.897422,1.274256,5.290362,0.041264,2.530717,0.000000,
sampled,fixed,paper,0.1,0.3,6.0,3,best,346,446,0,4.709239,0.079374,4.788613,0.00e+00,2.135109,2.176060,3.571693,3.612644,3.400000,3.187217,4.207217,-0.594573,0,1.309239,0.392772,0.901500,1.000000,0.901500,nan,nan,nan,1.000000,0.000000,0.021132,
sampled,fixed,paper,0.1,0.3,6.0,3,final,346,446,0,4.706448,0.086534,4.792982,0.00e+00,2.136386,2.173285,3.574281,3.611179,3.400000,3.187217,4.207217,-0.596038,0,1.306448,0.391934,0.901500,1.000000,0.901500,nan,nan,nan,1.000000,0.000000,0.021132,
sampled,fixed,paper,0.1,0.1,6.0,2,best,376,476,0,8.280887,1.727281,10.008168,0.00e+00,1.190922,1.275405,2.191739,2.276222,3.400000,3.187217,3.527217,-1.250996,0,4.880887,0.488089,0.903500,1.000000,0.903500,nan,nan,nan,1.000000,0.000000,0.012462,
sampled,fixed,paper,0.1,0.1,6.0,2,final,376,476,0,8.240530,1.710440,9.950970,0.00e+00,1.200227,1.283413,2.195324,2.278510,3.400000,3.187217,3.527217,-1.248707,0,4.840530,0.484053,0.903500,1.000000,0.903500,nan,nan,nan,1.000000,0.000000,0.012462,
sampled,fixed,paper,0.1,0.3,6.0,2,best,321,421,0,4.785154,0.093247,4.878401,0.00e+00,2.057181,2.097348,3.520701,3.560868,3.400000,3.187217,4.207217,-0.646349,0,1.385154,0.415546,0.903500,1.000000,0.903500,nan,nan,nan,1.000000,0.000000,0.012462,
sampled,fixed,paper,0.1,0.3,6.0,2,final,321,421,0,4.764360,0.101038,4.865398,0.00e+00,2.064878,2.103851,3.524497,3.563470,3.400000,3.187217,4.207217,-0.643747,0,1.364360,0.409308,0.903500,1.000000,0.903500,nan,nan,nan,1.000000,0.000000,0.012462,
sampled,fixed,paper,0.1,1,6.0,4,best,127,227,0,3.762354,0.001054,3.763407,0.00e+00,2.958321,2.968710,6.721728,6.732117,3.400000,3.187217,6.587217,0.144900,0,0.362354,0.362354,0.894500,1.000000,0.894500,nan,nan,nan,1.000000,0.000000,0.018977,
sampled,fixed,paper,0.1,1,6.0,4,final,127,227,0,3.761573,0.001348,3.762921,0.00e+00,2.959560,2.967370,6.722482,6.730291,3.400000,3.187217,6.587217,0.143074,0,0.361573,0.361573,0.894500,1.000000,0.894500,nan,nan,nan,1.000000,0.000000,0.018977,
sampled,fixed,paper,0.1,3,6.0,0,best,89,189,0,3.380069,0.000086,3.380155,0.00e+00,2.973109,2.976714,13.113574,13.117179,3.400000,3.187217,13.387217,-0.270039,0,-0.019931,-0.059794,0.902000,1.000000,0.902000,nan,nan,nan,1.000000,0.000000,0.024871,
sampled,fixed,paper,0.1,3,6.0,0,final,89,189,0,3.380477,0.000183,3.380660,0.00e+00,2.972313,2.976940,13.114293,13.118921,3.400000,3.187217,13.387217,-0.268297,0,-0.019523,-0.058568,0.902000,1.000000,0.902000,nan,nan,nan,1.000000,0.000000,0.024871,
sampled,fixed,paper,0.1,10,6.0,2,best,60,160,0,3.296852,0.000019,3.296871,0.00e+00,3.041625,3.045051,36.010334,36.013760,3.400000,3.187217,37.187217,-1.173457,0,-0.103148,-1.031481,0.903500,1.000000,0.903500,nan,nan,nan,1.000000,0.000000,0.012462,
sampled,fixed,paper,0.1,10,6.0,2,final,60,160,0,3.293108,0.000039,3.293148,0.00e+00,3.059554,3.059775,35.991030,35.991251,3.400000,3.187217,37.187217,-1.195967,0,-0.106892,-1.068915,0.903500,1.000000,0.903500,nan,nan,nan,1.000000,0.000000,0.012462,
sampled,fixed,paper,0.1,3,6.0,2,best,63,163,0,3.323335,0.000136,3.323472,0.00e+00,2.953234,2.957733,12.923650,12.928148,3.400000,3.187217,13.387217,-0.459069,0,-0.076665,-0.229994,0.903500,1.000000,0.903500,nan,nan,nan,1.000000,0.000000,0.012462,
sampled,fixed,paper,0.1,3,6.0,2,final,63,163,0,3.314334,0.000114,3.314448,0.00e+00,2.972864,2.974283,12.916209,12.917628,3.400000,3.187217,13.387217,-0.469589,0,-0.085666,-0.256998,0.903500,1.000000,0.903500,nan,nan,nan,1.000000,0.000000,0.012462,
sampled,fixed,paper,0.1,10,6.0,0,best,79,179,0,3.347637,0.000045,3.347682,0.00e+00,3.068393,3.070871,36.545215,36.547693,3.400000,3.187217,37.187217,-0.639524,0,-0.052363,-0.523631,0.902000,1.000000,0.902000,nan,nan,nan,1.000000,0.000000,0.024871,
sampled,fixed,paper,0.1,10,6.0,0,final,79,179,0,3.347672,0.000045,3.347718,0.00e+00,3.068083,3.070946,36.545262,36.548126,3.400000,3.187217,37.187217,-0.639092,0,-0.052328,-0.523275,0.902000,1.000000,0.902000,nan,nan,nan,1.000000,0.000000,0.024871,
sampled,fixed,paper,0.1,1,6.0,1,best,286,386,0,3.935047,0.001225,3.936272,0.00e+00,3.133860,3.144214,7.070133,7.080486,3.400000,3.187217,6.587217,0.493269,0,0.535047,0.535047,0.888500,1.000000,0.888500,nan,nan,nan,1.000000,0.000000,0.015271,
sampled,fixed,paper,0.1,1,6.0,1,final,286,386,0,3.936778,0.001238,3.938016,0.00e+00,3.132810,3.145836,7.070826,7.083852,3.400000,3.187217,6.587217,0.496635,0,0.536778,0.536778,0.888500,1.000000,0.888500,nan,nan,nan,1.000000,0.000000,0.015271,
sampled,fixed,paper,0.1,3,6.0,1,best,87,187,0,3.786063,0.000079,3.786142,0.00e+00,3.417245,3.422048,14.775671,14.780474,3.400000,3.187217,13.387217,1.393257,1,0.386063,1.158188,0.888500,1.000000,0.888500,nan,nan,nan,1.000000,0.000000,0.015271,
sampled,fixed,paper,0.1,3,6.0,1,final,87,187,0,3.785991,0.000194,3.786184,0.00e+00,3.417148,3.421659,14.775701,14.780212,3.400000,3.187217,13.387217,1.392995,1,0.385991,1.157972,0.888500,1.000000,0.888500,nan,nan,nan,1.000000,0.000000,0.015271,
sampled,fixed,paper,0.1,0.3,6.0,1,best,370,470,0,5.217572,0.106883,5.324455,0.00e+00,2.344210,2.389148,3.941547,3.986484,3.400000,3.187217,4.207217,-0.220733,0,1.817572,0.545272,0.888500,1.000000,0.888500,nan,nan,nan,1.000000,0.000000,0.015271,
sampled,fixed,paper,0.1,0.3,6.0,1,final,370,470,0,5.226237,0.109731,5.335968,0.00e+00,2.344445,2.392181,3.945235,3.992972,3.400000,3.187217,4.207217,-0.214246,0,1.826237,0.547871,0.888500,1.000000,0.888500,nan,nan,nan,1.000000,0.000000,0.015271,
sampled,fixed,paper,0.1,3,6.0,3,best,134,234,0,3.367956,0.000089,3.368046,0.00e+00,3.049690,3.055855,13.153826,13.159992,3.400000,3.187217,13.387217,-0.227226,0,-0.032044,-0.096132,0.901500,1.000000,0.901500,nan,nan,nan,1.000000,0.000000,0.021132,
sampled,fixed,paper,0.1,3,6.0,3,final,134,234,0,3.368044,0.000104,3.368148,0.00e+00,3.049240,3.052217,13.153685,13.156662,3.400000,3.187217,13.387217,-0.230555,0,-0.031956,-0.095868,0.901500,1.000000,0.901500,nan,nan,nan,1.000000,0.000000,0.021132,
population,trainable,paper,0.1,10,6.0,1,best,2187,4187,0,3.401930,0.000179,3.402109,0.00e+00,3.161750,3.166263,37.182838,37.187352,3.400000,3.187217,37.187217,0.000135,0,0.001930,0.019299,0.900000,1.000000,0.900000,7.446813,7.452338,2.896520,0.300499,1.513775,0.000000,
population,trainable,paper,0.1,10,6.0,1,final,2187,4187,0,3.402066,0.000035,3.402102,0.00e+00,3.160059,3.167141,37.181075,37.188157,3.400000,3.187217,37.187217,0.000939,0,0.002066,0.020665,0.900000,1.000000,0.900000,7.446881,7.448347,2.900909,0.290136,1.528933,0.000000,
population,trainable,paper,0.1,3,6.0,1,best,1,2001,0,3.403920,0.000207,3.404127,0.00e+00,3.153692,3.149107,13.366073,13.361488,3.400000,3.187217,13.387217,-0.025729,0,0.003920,0.011761,0.900000,1.000000,0.900000,7.426459,7.433583,2.894742,0.302440,1.513562,0.000000,
population,trainable,paper,0.1,3,6.0,1,final,1,2001,0,3.426272,0.000217,3.426490,0.00e+00,3.072989,3.078508,13.352458,13.357977,3.400000,3.187217,13.387217,-0.029241,0,0.026272,0.078816,0.900000,1.000000,0.900000,7.214364,7.244102,2.827214,0.284311,1.531500,0.000000,
population,trainable,paper,0.1,1,6.0,1,best,1,2001,0,3.406708,0.000204,3.406912,0.00e+00,3.145545,3.150507,6.552457,6.557419,3.400000,3.187217,6.587217,-0.029798,0,0.006708,0.006708,0.900000,1.000000,0.900000,7.403320,7.414819,2.892814,0.302062,1.514335,0.000000,
population,trainable,paper,0.1,1,6.0,1,final,1,2001,0,3.595981,0.001017,3.596998,0.00e+00,2.808140,2.814124,6.405138,6.411123,3.400000,3.187217,6.587217,-0.176095,0,0.195981,0.195981,0.900000,1.000000,0.900000,6.593144,6.619533,2.835386,0.346146,1.516698,0.000000,
population,trainable,paper,0.1,0.3,6.0,1,best,1,2001,0,3.407235,0.000209,3.407444,0.00e+00,3.137627,3.138112,4.159860,4.160345,3.400000,3.187217,4.207217,-0.046872,0,0.007235,0.002170,0.900000,1.000000,0.900000,7.379912,7.396074,2.892833,0.299666,1.516008,0.000000,
population,trainable,paper,0.1,0.3,6.0,1,final,1,2001,0,4.805209,0.103118,4.908327,0.00e+00,2.149550,2.189756,3.622048,3.662254,3.400000,3.187217,4.207217,-0.544964,0,1.405209,0.421563,0.900000,1.000000,0.900000,4.963746,5.073016,2.975030,0.318048,1.492731,0.000000,
population,trainable,paper,0.1,0.1,6.0,1,best,1,2001,0,3.409705,0.000224,3.409929,0.00e+00,3.129641,3.132977,3.470633,3.473970,3.400000,3.187217,3.527217,-0.053247,0,0.009705,0.000971,0.900000,1.000000,0.900000,7.356548,7.377359,2.893765,0.295008,1.518597,0.000000,
population,trainable,paper,0.1,0.1,6.0,1,final,1,2001,0,7.571799,1.393328,8.965127,0.00e+00,1.381344,1.466589,2.277857,2.363101,3.400000,3.187217,3.527217,-1.164116,0,4.171799,0.417180,0.900000,1.000000,0.900000,3.013192,3.270671,3.562967,0.370545,1.358236,0.000000,
population,trainable,paper,0.1,0.03,6.0,1,best,1,2001,0,3.415596,0.000221,3.415817,0.00e+00,3.121406,3.133857,3.223880,3.236331,3.400000,3.187217,3.289217,-0.052886,0,0.015596,0.000468,0.900000,1.000000,0.900000,7.333227,7.358675,2.893216,0.288359,1.520379,0.000000,
population,trainable,paper,0.1,0.03,6.0,1,final,1,2001,0,10.334635,5.304435,15.639070,0.00e+00,0.862886,0.952725,1.332059,1.421897,3.400000,3.187217,3.289217,-1.867321,0,6.934635,0.208039,0.900000,1.000000,0.900000,1.769515,2.081503,4.324877,0.259512,1.468486,0.000000,
population,trainable,paper,0.1,0.01,6.0,1,best,1,2001,0,3.414577,0.000251,3.414829,0.00e+00,3.113628,3.114113,3.147776,3.148261,3.400000,3.187217,3.221217,-0.072956,0,0.014577,0.000146,0.900000,1.000000,0.900000,7.309950,7.340019,2.893448,0.292681,1.521798,0.000000,
population,trainable,paper,0.1,0.01,6.0,1,final,1,2001,0,11.651629,8.342821,19.994451,0.00e+00,0.703189,0.780337,0.903134,0.980281,3.400000,3.187217,3.221217,-2.240936,0,8.251629,0.082516,0.900000,1.000000,0.900000,1.522372,1.775574,4.801719,0.174699,1.412649,0.000000,
population,trainable,paper,0.1,0.003,6.0,1,best,1,2001,0,3.418955,0.000291,3.419246,0.00e+00,3.105489,3.102183,3.115747,3.112441,3.400000,3.187217,3.197417,-0.084977,0,0.018955,0.000057,0.900000,1.000000,0.900000,7.286716,7.321395,2.891736,0.292552,1.523956,0.000000,
population,trainable,paper,0.1,0.003,6.0,1,final,1,2001,0,12.110952,9.828706,21.939658,0.00e+00,0.659731,0.725659,0.725550,0.791478,3.400000,3.187217,3.197417,-2.405939,0,8.710952,0.026133,0.900000,1.000000,0.900000,1.424610,1.654120,4.638795,0.304210,1.532792,0.000000,
population,trainable,paper,0.1,0.001,6.0,1,best,1,2001,0,3.418764,0.000300,3.419064,0.00e+00,3.097716,3.102957,3.101135,3.106376,3.400000,3.187217,3.190617,-0.084242,0,0.018764,0.000019,0.900000,1.000000,0.900000,7.263526,7.302800,2.890972,0.298761,1.521695,0.000000,
population,trainable,paper,0.1,0.001,6.0,1,final,1,2001,0,12.164778,10.106356,22.271133,0.00e+00,0.656954,0.718536,0.679226,0.740807,3.400000,3.187217,3.190617,-2.449811,0,8.764778,0.008765,0.900000,1.000000,0.900000,1.416354,1.603990,4.621329,0.372742,1.432753,0.000000,
population,trainable,paper,0.1,10,6.0,0,best,2161,4161,0,3.401890,0.000124,3.402014,0.00e+00,3.161911,3.160574,37.182052,37.180714,3.400000,3.187217,37.187217,-0.006503,0,0.001890,0.018898,0.900000,1.000000,0.900000,7.445614,7.452713,3.927034,0.083114,1.496558,0.000000,
population,trainable,paper,0.1,10,6.0,0,final,2161,4161,0,3.402193,0.000053,3.402246,0.00e+00,3.160166,3.153867,37.182624,37.176324,3.400000,3.187217,37.187217,-0.010893,0,0.002193,0.021926,0.900000,1.000000,0.900000,7.446820,7.448633,3.924802,0.052072,1.516930,0.000000,
population,trainable,paper,0.1,3,6.0,0,best,2,2002,0,3.405438,0.000141,3.405578,0.00e+00,3.146822,3.143616,13.363558,13.360352,3.400000,3.187217,13.387217,-0.026866,0,0.005438,0.016314,0.900000,1.000000,0.900000,7.404613,7.417554,3.916381,0.081246,1.499084,0.000000,
population,trainable,paper,0.1,3,6.0,0,final,2,2002,0,3.422653,0.000217,3.422870,0.00e+00,3.066142,3.075746,13.334754,13.344358,3.400000,3.187217,13.387217,-0.042860,0,0.022653,0.067960,0.900000,1.000000,0.900000,7.218603,7.227023,3.790733,0.128176,1.496426,0.000000,
population,trainable,paper,0.1,1,6.0,0,best,1,2001,0,3.408103,0.000162,3.408264,0.00e+00,3.138703,3.143968,6.546967,6.552232,3.400000,3.187217,6.587217,-0.034985,0,0.008103,0.008103,0.900000,1.000000,0.900000,7.380344,7.398741,3.915503,0.077347,1.497993,0.000000,
population,trainable,paper,0.1,1,6.0,0,final,1,2001,0,3.596403,0.002299,3.598702,0.00e+00,2.824141,2.838675,6.422843,6.437376,3.400000,3.187217,6.587217,-0.149841,0,0.196403,0.196403,0.900000,1.000000,0.900000,6.595879,6.662267,3.792194,0.126882,1.537573,0.000000,
population,trainable,paper,0.1,0.3,6.0,0,best,1,2001,0,3.410259,0.000174,3.410434,0.00e+00,3.130567,3.132248,4.153697,4.155378,3.400000,3.187217,4.207217,-0.051840,0,0.010259,0.003078,0.900000,1.000000,0.900000,7.354843,7.379833,3.915562,0.086546,1.498355,0.000000,
population,trainable,paper,0.1,0.3,6.0,0,final,1,2001,0,4.784413,0.101917,4.886330,0.00e+00,2.156149,2.200836,3.622048,3.666735,3.400000,3.187217,4.207217,-0.540482,0,1.384413,0.415324,0.900000,1.000000,0.900000,4.988514,5.088045,3.746660,0.117262,1.542441,0.000000,
population,trainable,paper,0.1,0.1,6.0,0,best,1,2001,0,3.415446,0.000217,3.415663,0.00e+00,3.122139,3.127523,3.463705,3.469089,3.400000,3.187217,3.527217,-0.058129,0,0.015446,0.001545,0.900000,1.000000,0.900000,7.329705,7.360936,3.909862,0.076750,1.500050,0.000000,
population,trainable,paper,0.1,0.1,6.0,0,final,1,2001,0,7.881433,1.567129,9.448561,0.00e+00,1.314203,1.422947,2.259059,2.367803,3.400000,3.187217,3.527217,-1.159414,0,4.481433,0.448143,0.900000,1.000000,0.900000,2.964294,3.110666,4.102557,0.110269,1.423133,0.000000,
population,trainable,paper,0.1,0.03,6.0,0,best,1,2001,0,3.423991,0.000250,3.424241,0.00e+00,3.113472,3.119146,3.216199,3.221873,3.400000,3.187217,3.289217,-0.067344,0,0.023991,0.000720,0.900000,1.000000,0.900000,7.304610,7.342068,3.908744,0.067989,1.500494,0.000000,
population,trainable,paper,0.1,0.03,6.0,0,final,1,2001,0,10.935844,5.856889,16.792734,0.00e+00,0.849817,0.942461,1.353599,1.446243,3.400000,3.187217,3.289217,-1.842975,0,7.535844,0.226075,0.900000,1.000000,0.900000,1.925396,2.531279,5.096585,0.317940,1.368686,0.000000,
population,trainable,paper,0.1,0.01,6.0,0,best,1,2001,0,3.429116,0.000273,3.429389,0.00e+00,3.105088,3.109640,3.139381,3.143934,3.400000,3.187217,3.221217,-0.077284,0,0.029116,0.000291,0.900000,1.000000,0.900000,7.279560,7.323231,3.907231,0.071776,1.499919,0.000000,
population,trainable,paper,0.1,0.01,6.0,0,final,1,2001,0,12.169970,10.375620,22.545589,0.00e+00,0.659031,0.723623,0.884487,0.949079,3.400000,3.187217,3.221217,-2.272139,0,8.769970,0.087700,0.900000,1.000000,0.900000,1.441193,1.817695,4.618747,0.319953,1.428221,0.000000,
population,trainable,paper,0.1,0.003,6.0,0,best,1,2001,0,3.445417,0.000309,3.445725,0.00e+00,3.095601,3.099175,3.105938,3.109513,3.400000,3.187217,3.197417,-0.087905,0,0.045417,0.000136,0.900000,1.000000,0.900000,7.254552,7.304421,3.904385,0.064087,1.501090,0.000000,
population,trainable,paper,0.1,0.003,6.0,0,final,1,2001,0,16.178051,10.991346,27.169397,0.00e+00,0.663894,0.728264,0.745402,0.809773,3.400000,3.187217,3.197417,-2.387645,0,12.778051,0.038334,0.900000,1.000000,0.900000,1.456712,2.662445,4.439187,0.249416,1.377633,0.000000,
population,trainable,paper,0.1,0.001,6.0,0,best,1,2001,0,3.464058,0.000283,3.464341,0.00e+00,3.086136,3.095052,3.089601,3.098516,3.400000,3.187217,3.190617,-0.092101,0,0.064058,0.000064,0.900000,1.000000,0.900000,7.229589,7.285645,3.902472,0.071432,1.499778,0.000000,
population,trainable,paper,0.1,0.001,6.0,0,final,1,2001,0,17.816013,11.579362,29.395375,0.00e+00,0.652590,0.718484,0.681985,0.747879,3.400000,3.187217,3.190617,-2.442738,0,14.416013,0.014416,0.900000,1.000000,0.900000,1.460505,2.718252,4.456353,0.244039,1.454498,0.000000,
sampled,fixed,paper,0.1,10,6.0,3,best,96,196,0,3.353245,0.000023,3.353268,0.00e+00,3.135284,3.139852,36.667959,36.672528,3.400000,3.187217,37.187217,-0.514690,0,-0.046755,-0.467550,0.901500,1.000000,0.901500,nan,nan,nan,1.000000,0.000000,0.021132,
sampled,fixed,paper,0.1,10,6.0,3,final,96,196,0,3.353190,0.000064,3.353255,0.00e+00,3.134966,3.138232,36.667512,36.670778,3.400000,3.187217,37.187217,-0.516440,0,-0.046810,-0.468096,0.901500,1.000000,0.901500,nan,nan,nan,1.000000,0.000000,0.021132,
population,trainable,paper,0.2,10,6.0,3,best,1634,3634,0,6.407117,0.000252,6.407369,0.00e+00,5.451626,5.466185,69.525320,69.539880,6.400000,5.597655,69.597655,-0.057776,0,0.007117,0.071174,0.800000,1.000000,0.800000,6.410820,6.424855,3.104954,0.294634,1.654119,0.000000,
population,trainable,paper,0.2,10,6.0,3,final,1634,3634,0,6.408250,0.000206,6.408457,0.00e+00,5.446732,5.451974,69.531300,69.536542,6.400000,5.597655,69.597655,-0.061114,0,0.008250,0.082503,0.800000,1.000000,0.800000,6.409801,6.419248,3.070841,0.316877,1.599317,0.000000,
population,trainable,paper,0.2,3,6.0,3,best,1,2001,0,6.409143,0.000315,6.409458,0.00e+00,5.436528,5.447699,24.664902,24.676073,6.400000,5.597655,24.797655,-0.121583,0,0.009143,0.027429,0.800000,1.000000,0.800000,6.395192,6.407197,3.104791,0.295241,1.657918,0.000000,
population,trainable,paper,0.2,3,6.0,3,final,1,2001,0,6.479375,0.001023,6.480398,0.00e+00,5.103506,5.136568,24.544701,24.577762,6.400000,5.597655,24.797655,-0.219893,0,0.079375,0.238125,0.800000,1.000000,0.800000,5.969850,6.015074,3.045648,0.305269,1.667472,0.000000,
population,trainable,paper,0.2,1,6.0,3,best,1,2001,0,6.413331,0.000359,6.413690,0.00e+00,5.421108,5.428872,11.834798,11.842563,6.400000,5.597655,11.997655,-0.155093,0,0.013331,0.013331,0.800000,1.000000,0.800000,6.379660,6.389581,3.103372,0.301743,1.657019,0.000000,
population,trainable,paper,0.2,1,6.0,3,final,1,2001,0,6.970501,0.023726,6.994227,0.00e+00,4.254646,4.344281,11.248873,11.338508,6.400000,5.597655,11.997655,-0.659148,0,0.570501,0.570501,0.800000,1.000000,0.800000,4.911727,5.015480,2.950363,0.342781,1.563453,0.000000,
population,trainable,paper,0.2,0.3,6.0,3,best,1,2001,0,6.420021,0.000414,6.420435,0.00e+00,5.407413,5.406486,7.333543,7.332617,6.400000,5.597655,7.517655,-0.185039,0,0.020021,0.006006,0.800000,1.000000,0.800000,6.360761,6.374267,3.103854,0.304274,1.655912,0.000000,
population,trainable,paper,0.2,0.3,6.0,3,final,1,2001,0,8.996202,0.753797,9.749998,0.00e+00,2.726089,2.933699,5.651089,5.858698,6.400000,5.597655,7.517655,-1.658957,0,2.596202,0.778860,0.800000,1.000000,0.800000,3.110718,3.218100,3.241164,0.329297,1.527828,0.000000,
population,trainable,paper,0.2,0.1,6.0,3,best,1,2001,0,6.425250,0.000395,6.425645,0.00e+00,5.391786,5.398140,6.034351,6.040705,6.400000,5.597655,6.237655,-0.196950,0,0.025250,0.002525,0.800000,1.000000,0.800000,6.341165,6.356692,3.098764,0.306978,1.652424,0.000000,
population,trainable,paper,0.2,0.1,6.0,3,final,1,2001,0,11.767275,5.007495,16.774770,0.00e+00,1.470555,1.703740,3.148032,3.381217,6.400000,5.597655,6.237655,-2.856438,0,5.367275,0.536727,0.800000,1.000000,0.800000,1.598222,1.743231,3.696072,0.344333,1.499459,0.000000,
population,trainable,paper,0.2,0.03,6.0,3,best,1,2001,0,6.435223,0.000433,6.435655,0.00e+00,5.375447,5.390083,5.568517,5.583153,6.400000,5.597655,5.789655,-0.206502,0,0.035223,0.001057,0.800000,1.000000,0.800000,6.321609,6.339149,3.093777,0.309474,1.649997,0.000000,
population,trainable,paper,0.2,0.03,6.0,3,final,1,2001,0,13.259479,11.994689,25.254168,0.00e+00,1.033005,1.157841,1.790630,1.915466,6.400000,5.597655,5.789655,-3.874189,0,6.859479,0.205784,0.800000,1.000000,0.800000,1.050493,1.261512,4.030541,0.253265,1.539470,0.000000,
population,trainable,paper,0.2,0.01,6.0,3,best,1,2001,0,6.435359,0.000443,6.435802,0.00e+00,5.360923,5.376301,5.425281,5.440659,6.400000,5.597655,5.661655,-0.220996,0,0.035359,0.000354,0.800000,1.000000,0.800000,6.302089,6.321640,3.089759,0.309522,1.648636,0.000000,
population,trainable,paper,0.2,0.01,6.0,3,final,1,2001,0,13.885516,15.879522,29.765038,0.00e+00,0.974943,1.050926,1.272593,1.348577,6.400000,5.597655,5.661655,-4.313079,0,7.485516,0.074855,0.800000,1.000000,0.800000,0.911202,1.146552,4.243927,0.423860,1.503754,0.000000,
population,trainable,paper,0.2,0.003,6.0,3,best,3,2003,0,6.438673,0.000605,6.439277,0.00e+00,5.317152,5.332734,5.336469,5.352052,6.400000,5.597655,5.616855,-0.264803,0,0.038673,0.000116,0.800000,1.000000,0.800000,6.238696,6.269300,3.078185,0.307407,1.653261,0.000000,
population,trainable,paper,0.2,0.003,6.0,3,final,3,2003,0,14.538539,18.255686,32.794225,0.00e+00,0.967786,1.019101,1.066169,1.117484,6.400000,5.597655,5.616855,-4.499372,0,8.138539,0.024416,0.800000,1.000000,0.800000,0.877798,1.264277,4.435157,0.194353,1.817166,0.000000,
population,trainable,paper,0.2,0.001,6.0,3,best,1,2001,0,6.437332,0.000618,6.437951,0.00e+00,5.303043,5.326732,5.309481,5.333169,6.400000,5.597655,5.604055,-0.270886,0,0.037332,0.000037,0.800000,1.000000,0.800000,6.216786,6.251921,3.077310,0.303000,1.655061,0.000000,
population,trainable,paper,0.2,0.001,6.0,3,final,1,2001,0,14.563501,18.980305,33.543806,0.00e+00,0.955928,1.001636,0.989472,1.035180,6.400000,5.597655,5.604055,-4.568875,0,8.163501,0.008164,0.800000,1.000000,0.800000,0.865553,1.001770,4.586190,0.403234,1.450942,0.000000,
sampled,fixed,paper,0.1,10,6.0,1,best,87,187,0,3.772775,0.000031,3.772806,0.00e+00,3.520100,3.523578,41.248161,41.251639,3.400000,3.187217,37.187217,4.064422,1,0.372775,3.727752,0.888500,1.000000,0.888500,nan,nan,nan,1.000000,0.000000,0.015271,
sampled,fixed,paper,0.1,10,6.0,1,final,87,187,0,3.772711,0.000044,3.772755,0.00e+00,3.519672,3.523021,41.247221,41.250569,3.400000,3.187217,37.187217,4.063352,1,0.372711,3.727106,0.888500,1.000000,0.888500,nan,nan,nan,1.000000,0.000000,0.015271,
population,trainable,paper,0.1,10,6.0,4,best,1656,3656,0,3.401918,0.000082,3.402001,0.00e+00,3.161412,3.165423,37.181420,37.185431,3.400000,3.187217,37.187217,-0.001787,0,0.001918,0.019184,0.900000,1.000000,0.900000,7.447485,7.451535,3.289887,0.253813,1.657100,0.000000,
population,trainable,paper,0.1,10,6.0,4,final,1656,3656,0,3.403044,0.000093,3.403137,0.00e+00,3.160419,3.157963,37.191793,37.189337,3.400000,3.187217,37.187217,0.002120,0,0.003044,0.030445,0.900000,1.000000,0.900000,7.446282,7.449366,3.288841,0.262683,1.645490,0.000000,
population,trainable,paper,0.1,3,6.0,4,best,1,2001,0,3.403860,0.000092,3.403953,0.00e+00,3.153092,3.152887,13.364949,13.364745,3.400000,3.187217,13.387217,-0.022473,0,0.003860,0.011580,0.900000,1.000000,0.900000,7.426395,7.432166,3.289022,0.254054,1.657983,0.000000,
population,trainable,paper,0.1,3,6.0,4,final,1,2001,0,3.421966,0.000156,3.422122,0.00e+00,3.068625,3.068600,13.334993,13.334968,3.400000,3.187217,13.387217,-0.052250,0,0.021966,0.065898,0.900000,1.000000,0.900000,7.216909,7.232920,3.277538,0.281122,1.729971,0.000000,
population,trainable,paper,0.1,1,6.0,4,best,1,2001,0,3.405575,0.000122,3.405697,0.00e+00,3.144798,3.150323,6.550495,6.556021,3.400000,3.187217,6.587217,-0.031197,0,0.005575,0.005575,0.900000,1.000000,0.900000,7.403203,7.412853,3.284616,0.255603,1.659542,0.000000,
population,trainable,paper,0.1,1,6.0,4,final,1,2001,0,3.596732,0.001046,3.597778,0.00e+00,2.804782,2.812951,6.402560,6.410729,3.400000,3.187217,6.587217,-0.176488,0,0.196732,0.196732,0.900000,1.000000,0.900000,6.593010,6.611376,3.251840,0.307838,1.706424,0.000000,
population,trainable,paper,0.1,0.3,6.0,4,best,1,2001,0,3.407146,0.000164,3.407310,0.00e+00,3.136566,3.145258,4.158759,4.167451,3.400000,3.187217,4.207217,-0.039766,0,0.007146,0.002144,0.900000,1.000000,0.900000,7.382071,7.393530,3.281383,0.254175,1.658973,0.000000,
population,trainable,paper,0.1,0.3,6.0,4,final,1,2001,0,4.836327,0.098154,4.934481,0.00e+00,2.137732,2.186406,3.618076,3.666751,3.400000,3.187217,4.207217,-0.540467,0,1.436327,0.430898,0.900000,1.000000,0.900000,4.910474,5.046951,3.308326,0.296939,1.691218,0.000000,
population,trainable,paper,0.1,0.1,6.0,4,best,1,2001,0,3.409575,0.000196,3.409771,0.00e+00,3.128255,3.138401,3.469232,3.479378,3.400000,3.187217,3.527217,-0.047839,0,0.009575,0.000957,0.900000,1.000000,0.900000,7.360733,7.374229,3.280632,0.254155,1.659761,0.000000,
population,trainable,paper,0.1,0.1,6.0,4,final,1,2001,0,7.801849,1.582237,9.384086,0.00e+00,1.331884,1.423488,2.270292,2.361897,3.400000,3.187217,3.527217,-1.165321,0,4.401849,0.440185,0.900000,1.000000,0.900000,2.998245,3.149078,3.771840,0.334960,1.642739,0.000000,
population,trainable,paper,0.1,0.03,6.0,4,best,1,2001,0,3.413875,0.000184,3.414058,0.00e+00,3.119794,3.127571,3.222216,3.229993,3.400000,3.187217,3.289217,-0.059224,0,0.013875,0.000416,0.900000,1.000000,0.900000,7.339428,7.354959,3.277641,0.257727,1.659613,0.000000,
population,trainable,paper,0.1,0.03,6.0,4,final,1,2001,0,10.699904,6.051381,16.751286,0.00e+00,0.807309,0.898109,1.309847,1.400647,3.400000,3.187217,3.289217,-1.888570,0,7.299904,0.218997,0.900000,1.000000,0.900000,1.772706,1.969600,4.188448,0.397641,1.550966,0.000000,
population,trainable,paper,0.1,0.01,6.0,4,best,1,2001,0,3.417463,0.000194,3.417657,0.00e+00,3.111411,3.120964,3.145588,3.155140,3.400000,3.187217,3.221217,-0.066077,0,0.017463,0.000175,0.900000,1.000000,0.900000,7.316598,7.335723,3.275962,0.254061,1.656275,0.000000,
population,trainable,paper,0.1,0.01,6.0,4,final,1,2001,0,11.784290,9.697260,21.481550,0.00e+00,0.664563,0.738859,0.879379,0.953675,3.400000,3.187217,3.221217,-2.267543,0,8.384290,0.083843,0.900000,1.000000,0.900000,1.444853,1.625858,4.597256,0.222201,1.613647,0.000000,
population,trainable,paper,0.1,0.003,6.0,4,best,1,2001,0,3.422642,0.000187,3.422830,0.00e+00,3.105992,3.110101,3.116261,3.120370,3.400000,3.187217,3.197417,-0.077048,0,0.022642,0.000068,0.900000,1.000000,0.900000,7.295444,7.323767,3.276871,0.256551,1.653249,0.000000,
population,trainable,paper,0.1,0.003,6.0,4,final,1,2001,0,13.052141,11.915503,24.967644,0.00e+00,0.657054,0.718522,0.731957,0.793425,3.400000,3.187217,3.197417,-2.403992,0,9.652141,0.028956,0.900000,1.000000,0.900000,1.480502,2.008904,4.575026,0.239778,1.615987,0.000000,
population,trainable,paper,0.1,0.001,6.0,4,best,1,2001,0,3.429035,0.000204,3.429239,0.00e+00,3.097429,3.096393,3.100858,3.099823,3.400000,3.187217,3.190617,-0.090795,0,0.029035,0.000029,0.900000,1.000000,0.900000,7.271695,7.304585,3.275742,0.257085,1.649883,0.000000,
population,trainable,paper,0.1,0.001,6.0,4,final,1,2001,0,13.434435,12.719793,26.154228,0.00e+00,0.664476,0.724009,0.690630,0.750163,3.400000,3.187217,3.190617,-2.440455,0,10.034435,0.010034,0.900000,1.000000,0.900000,1.666994,2.423125,4.526124,0.135019,1.964413,0.000000,
population,trainable,paper,0.1,10,6.0,3,best,1614,3614,0,3.401868,0.000264,3.402131,0.00e+00,3.162341,3.163930,37.183656,37.185244,3.400000,3.187217,37.187217,-0.001973,0,0.001868,0.018676,0.900000,1.000000,0.900000,7.447423,7.453731,3.494572,0.310259,1.633368,0.000000,
population,trainable,paper,0.1,10,6.0,3,final,1614,3614,0,3.402113,0.000040,3.402153,0.00e+00,3.160090,3.156191,37.181623,37.177724,3.400000,3.187217,37.187217,-0.009493,0,0.002113,0.021134,0.900000,1.000000,0.900000,7.447079,7.448432,3.484896,0.312064,1.633458,0.000000,
population,trainable,paper,0.1,3,6.0,3,best,1,2001,0,3.403871,0.000259,3.404130,0.00e+00,3.154097,3.153432,13.366487,13.365821,3.400000,3.187217,13.387217,-0.021396,0,0.003871,0.011612,0.900000,1.000000,0.900000,7.425946,7.434606,3.493963,0.307378,1.636097,0.000000,
population,trainable,paper,0.1,3,6.0,3,final,1,2001,0,3.421401,0.000320,3.421720,0.00e+00,3.071405,3.076333,13.336566,13.341493,3.400000,3.187217,13.387217,-0.045724,0,0.021401,0.064202,0.900000,1.000000,0.900000,7.221047,7.239542,3.452680,0.336811,1.633091,0.000000,
population,trainable,paper,0.1,1,6.0,3,best,1,2001,0,3.405401,0.000251,3.405651,0.00e+00,3.145985,3.144486,6.551637,6.550137,3.400000,3.187217,6.587217,-0.037081,0,0.005401,0.005401,0.900000,1.000000,0.900000,7.402431,7.415531,3.492921,0.310757,1.633346,0.000000,
population,trainable,paper,0.1,1,6.0,3,final,1,2001,0,3.587078,0.001715,3.588793,0.00e+00,2.817240,2.829182,6.406033,6.417975,3.400000,3.187217,6.587217,-0.169243,0,0.187078,0.187078,0.900000,1.000000,0.900000,6.592976,6.641324,3.336090,0.334880,1.588428,0.000000,
population,trainable,paper,0.1,0.3,6.0,3,best,1,2001,0,3.406478,0.000307,3.406784,0.00e+00,3.137871,3.132031,4.159906,4.154066,3.400000,3.187217,4.207217,-0.053151,0,0.006478,0.001943,0.900000,1.000000,0.900000,7.379002,7.396431,3.488028,0.311017,1.630425,0.000000,
population,trainable,paper,0.1,0.3,6.0,3,final,1,2001,0,4.845523,0.087446,4.932969,0.00e+00,2.130922,2.179040,3.610813,3.658931,3.400000,3.187217,4.207217,-0.548286,0,1.445523,0.433657,0.900000,1.000000,0.900000,4.912453,5.026253,3.410595,0.345317,1.582153,0.000000,
population,trainable,paper,0.1,0.1,6.0,3,best,1,2001,0,3.409165,0.000280,3.409445,0.00e+00,3.129631,3.126736,3.470576,3.467681,3.400000,3.187217,3.527217,-0.059537,0,0.009165,0.000917,0.900000,1.000000,0.900000,7.355614,7.377361,3.483743,0.311438,1.631664,0.000000,
population,trainable,paper,0.1,0.1,6.0,3,final,1,2001,0,7.885358,1.606784,9.492141,0.00e+00,1.313409,1.426598,2.262623,2.375812,3.400000,3.187217,3.527217,-1.151405,0,4.485358,0.448536,0.900000,1.000000,0.900000,2.979903,3.115422,3.831092,0.340519,1.531665,0.000000,
population,trainable,paper,0.1,0.03,6.0,3,best,1,2001,0,3.414493,0.000235,3.414728,0.00e+00,3.121239,3.121917,3.223681,3.224359,3.400000,3.187217,3.289217,-0.064859,0,0.014493,0.000435,0.900000,1.000000,0.900000,7.332267,7.358324,3.481594,0.306083,1.633744,0.000000,
population,trainable,paper,0.1,0.03,6.0,3,final,1,2001,0,10.822763,6.897233,17.719997,0.00e+00,0.778319,0.851653,1.309919,1.383253,3.400000,3.187217,3.289217,-1.905964,0,7.422763,0.222683,0.900000,1.000000,0.900000,1.694124,1.870424,4.249504,0.387318,1.453563,0.000000,
population,trainable,paper,0.1,0.01,6.0,3,best,1,2001,0,3.418034,0.000211,3.418246,0.00e+00,3.112947,3.113710,3.147130,3.147892,3.400000,3.187217,3.221217,-0.073325,0,0.018034,0.000180,0.900000,1.000000,0.900000,7.308961,7.339318,3.481824,0.307541,1.631843,0.000000,
population,trainable,paper,0.1,0.01,6.0,3,final,1,2001,0,12.114463,10.952041,23.066504,0.00e+00,0.640529,0.705459,0.871194,0.936124,3.400000,3.187217,3.221217,-2.285094,0,8.714463,0.087145,0.900000,1.000000,0.900000,1.334332,1.672233,4.568284,0.311124,1.528894,0.000000,
population,trainable,paper,0.1,0.003,6.0,3,best,1,2001,0,3.424945,0.000259,3.425204,0.00e+00,3.104378,3.104003,3.114654,3.114279,3.400000,3.187217,3.197417,-0.083139,0,0.024945,0.000075,0.900000,1.000000,0.900000,7.285697,7.320345,3.478640,0.306449,1.630377,0.000000,
population,trainable,paper,0.1,0.003,6.0,3,final,1,2001,0,12.672668,13.792697,26.465365,0.00e+00,0.609176,0.657978,0.688572,0.737374,3.400000,3.187217,3.197417,-2.460043,0,9.272668,0.027818,0.900000,1.000000,0.900000,1.289113,1.740611,5.057548,0.139348,2.058445,0.000000,
population,trainable,paper,0.1,0.001,6.0,3,best,1,2001,0,3.435924,0.000304,3.436228,0.00e+00,3.095490,3.099168,3.098926,3.102604,3.400000,3.187217,3.190617,-0.088013,0,0.035924,0.000036,0.900000,1.000000,0.900000,7.262474,7.301404,3.477427,0.303799,1.630822,0.000000,
population,trainable,paper,0.1,0.001,6.0,3,final,1,2001,0,12.694818,14.255541,26.950359,0.00e+00,0.607433,0.652300,0.634383,0.679250,3.400000,3.187217,3.190617,-2.511367,0,9.294818,0.009295,0.900000,1.000000,0.900000,1.251481,1.713866,5.067539,0.067699,1.701292,0.000000,
sampled,fixed,paper,0.2,0.003,6.0,1,best,66,166,0,14.097415,20.898575,34.995990,0.00e+00,1.034532,1.070869,1.139520,1.175857,6.400000,5.597655,5.616855,-4.440998,0,7.697415,0.023092,0.784000,1.000000,0.784000,nan,nan,nan,1.000000,0.000000,0.034375,
sampled,fixed,paper,0.2,0.003,6.0,1,final,66,166,0,13.900933,25.198841,39.099774,0.00e+00,1.011761,1.026922,1.129060,1.144221,6.400000,5.597655,5.616855,-4.472634,0,7.500933,0.022503,0.784000,1.000000,0.784000,nan,nan,nan,1.000000,0.000000,0.034375,
sampled,fixed,paper,0.2,0.001,6.0,0,best,125,225,0,13.888606,27.665928,41.554534,0.00e+00,0.930875,0.940577,0.972429,0.982132,6.400000,5.597655,5.604055,-4.621923,0,7.488606,0.007489,0.805000,1.000000,0.805000,nan,nan,nan,1.000000,0.000000,0.016024,
sampled,fixed,paper,0.2,0.001,6.0,0,final,125,225,0,13.860478,30.590887,44.451365,0.00e+00,0.928134,0.933456,0.972586,0.977908,6.400000,5.597655,5.604055,-4.626148,0,7.460478,0.007460,0.805000,1.000000,0.805000,nan,nan,nan,1.000000,0.000000,0.016024,
sampled,fixed,paper,0.2,0.001,6.0,2,best,99,199,0,15.477227,25.994980,41.472207,0.00e+00,0.935946,0.949248,0.977418,0.990720,6.400000,5.597655,5.604055,-4.613335,0,9.077227,0.009077,0.807000,1.000000,0.807000,nan,nan,nan,1.000000,0.000000,0.024074,
sampled,fixed,paper,0.2,0.001,6.0,2,final,99,199,0,14.453269,30.295729,44.748998,0.00e+00,0.933634,0.939103,0.978383,0.983852,6.400000,5.597655,5.604055,-4.620203,0,8.053269,0.008053,0.807000,1.000000,0.807000,nan,nan,nan,1.000000,0.000000,0.024074,
sampled,fixed,paper,0.2,0.001,6.0,1,best,181,281,0,14.072656,30.089964,44.162620,0.00e+00,1.007401,1.013459,1.051564,1.057621,6.400000,5.597655,5.604055,-4.546434,0,7.672656,0.007673,0.784000,1.000000,0.784000,nan,nan,nan,1.000000,0.000000,0.034375,
sampled,fixed,paper,0.2,0.001,6.0,1,final,181,281,0,13.973426,30.699154,44.672580,0.00e+00,1.005691,1.010882,1.050364,1.055555,6.400000,5.597655,5.604055,-4.548501,0,7.573426,0.007573,0.784000,1.000000,0.784000,nan,nan,nan,1.000000,0.000000,0.034375,
population,trainable,paper,0.4,10,6.0,2,best,1278,3278,0,11.218671,0.001941,11.220612,0.00e+00,7.519663,7.794690,119.725783,120.000810,11.200000,8.191259,120.191259,-0.190450,0,0.018671,0.186708,0.600000,1.000000,0.600000,4.399851,4.431202,2.442288,0.384727,1.563465,0.000000,
population,trainable,paper,0.4,10,6.0,2,final,1278,3278,0,11.221652,0.001901,11.223553,0.00e+00,7.488360,7.767575,119.723891,120.003106,11.200000,8.191259,120.191259,-0.188153,0,0.021652,0.216520,0.600000,1.000000,0.600000,4.367983,4.412997,2.392403,0.448894,1.588377,0.000000,
population,trainable,paper,0.4,3,6.0,2,best,1,2001,0,11.221094,0.002105,11.223199,0.00e+00,7.504235,7.783546,41.173834,41.453144,11.200000,8.191259,41.791259,-0.338115,0,0.021094,0.063282,0.600000,1.000000,0.600000,4.392670,4.422341,2.445725,0.378408,1.572936,0.000000,
population,trainable,paper,0.4,3,6.0,2,final,1,2001,0,11.370889,0.027314,11.398203,0.00e+00,6.549733,6.973147,40.744342,41.167755,11.200000,8.191259,41.791259,-0.623504,0,0.170889,0.512666,0.600000,1.000000,0.600000,3.742725,3.861737,2.330017,0.425959,1.629036,0.000000,
population,trainable,paper,0.4,1,6.0,2,best,1,2001,0,11.223646,0.002185,11.225831,0.00e+00,7.478789,7.744102,18.704620,18.969933,11.200000,8.191259,19.391259,-0.421326,0,0.023646,0.023646,0.600000,1.000000,0.600000,4.377835,4.407652,2.447942,0.377759,1.578342,0.000000,
population,trainable,paper,0.4,1,6.0,2,final,1,2001,0,11.960828,0.338787,12.299615,0.00e+00,4.895831,5.543433,17.195446,17.843047,11.200000,8.191259,19.391259,-1.548212,0,0.760828,0.760828,0.600000,1.000000,0.600000,2.761133,2.888091,2.397153,0.502033,1.456961,0.000000,
population,trainable,paper,0.4,0.3,6.0,2,best,1,2001,0,11.225754,0.002300,11.228054,0.00e+00,7.460168,7.738156,10.828585,11.106572,11.200000,8.191259,11.551259,-0.444687,0,0.025754,0.007726,0.600000,1.000000,0.600000,4.362304,4.396734,2.445586,0.378117,1.574510,0.000000,
population,trainable,paper,0.4,0.3,6.0,2,final,1,2001,0,13.321111,3.090424,16.411535,0.00e+00,2.825016,3.435780,7.748476,8.359241,11.200000,8.191259,11.551259,-3.192019,0,2.121111,0.636333,0.600000,1.000000,0.600000,1.557006,1.669585,2.766066,0.502266,1.418494,0.000000,
population,trainable,paper,0.4,0.1,6.0,2,best,1,2001,0,11.229662,0.002373,11.232035,0.00e+00,7.434714,7.730990,8.557917,8.854193,11.200000,8.191259,9.311259,-0.457066,0,0.029662,0.002966,0.600000,1.000000,0.600000,4.344937,4.382099,2.446124,0.372010,1.582559,0.000000,
population,trainable,paper,0.4,0.1,6.0,2,final,1,2001,0,14.422729,9.144491,23.567221,0.00e+00,1.755721,2.154273,4.112443,4.510995,11.200000,8.191259,9.311259,-4.800264,0,3.222729,0.322273,0.600000,1.000000,0.600000,0.883484,0.947474,3.098279,0.530891,1.471413,0.000000,
population,trainable,paper,0.4,0.03,6.0,2,best,1,2001,0,11.232199,0.002551,11.234750,0.00e+00,7.410294,7.714687,7.747336,8.051729,11.200000,8.191259,8.527259,-0.475530,0,0.032199,0.000966,0.600000,1.000000,0.600000,4.327981,4.367767,2.444759,0.371399,1.586416,0.000000,
population,trainable,paper,0.4,0.03,6.0,2,final,1,2001,0,14.852260,15.535376,30.387635,0.00e+00,1.577122,1.728926,2.488751,2.640555,11.200000,8.191259,8.527259,-5.886704,0,3.652260,0.109568,0.600000,1.000000,0.600000,0.682795,0.720819,3.305337,0.484464,1.558349,0.000000,
population,trainable,paper,0.4,0.01,6.0,2,best,1,2001,0,11.237061,0.002714,11.239774,0.00e+00,7.394129,7.678961,7.506527,7.791359,11.200000,8.191259,8.303259,-0.511901,0,0.037061,0.000371,0.600000,1.000000,0.600000,4.314443,4.358866,2.442053,0.364916,1.585086,0.000000,
population,trainable,paper,0.4,0.01,6.0,2,final,1,2001,0,15.453474,19.602499,35.055973,0.00e+00,1.559488,1.633768,1.910048,1.984327,11.200000,8.191259,8.303259,-6.318932,0,4.253474,0.042535,0.600000,1.000000,0.600000,0.628657,0.666175,3.660709,0.464064,1.633437,0.000000,
population,trainable,paper,0.4,0.003,6.0,2,best,1,2001,0,11.237823,0.002773,11.240597,0.00e+00,7.374654,7.712391,7.408376,7.746113,11.200000,8.191259,8.224859,-0.478746,0,0.037823,0.000113,0.600000,1.000000,0.600000,4.301925,4.347306,2.442558,0.368673,1.579684,0.000000,
population,trainable,paper,0.4,0.003,6.0,2,final,1,2001,0,16.514254,22.116831,38.631084,0.00e+00,1.558974,1.605741,1.674867,1.721634,11.200000,8.191259,8.224859,-6.503225,0,5.314254,0.015943,0.600000,1.000000,0.600000,0.621970,0.650605,3.991851,0.511579,1.522686,0.000000,
population,trainable,paper,0.4,0.001,6.0,2,best,1,2001,0,11.240788,0.002865,11.243653,0.00e+00,7.354715,7.686926,7.365959,7.698169,11.200000,8.191259,8.202459,-0.504290,0,0.040788,0.000041,0.600000,1.000000,0.600000,4.291263,4.335889,2.443675,0.370173,1.570072,0.000000,
population,trainable,paper,0.4,0.001,6.0,2,final,1,2001,0,17.194204,22.951649,40.145853,0.00e+00,1.555799,1.595347,1.595945,1.635493,11.200000,8.191259,8.202459,-6.566966,0,5.994204,0.005994,0.600000,1.000000,0.600000,0.624793,0.656491,4.202635,0.511207,1.441728,0.000000,
population,trainable,paper,0.4,10,6.0,0,best,2011,4011,0,11.218158,0.002119,11.220277,0.00e+00,7.528112,7.786842,119.730879,119.989609,11.200000,8.191259,120.191259,-0.201651,0,0.018158,0.181578,0.600000,1.000000,0.600000,4.406216,4.436222,2.584585,0.102269,1.322790,0.000000,
population,trainable,paper,0.4,10,6.0,0,final,2011,4011,0,11.220778,0.001824,11.222602,0.00e+00,7.514562,7.753559,119.740587,119.979584,11.200000,8.191259,120.191259,-0.211676,0,0.020778,0.207785,0.600000,1.000000,0.600000,4.369505,4.428681,2.529717,0.120676,1.334404,0.000000,
population,trainable,paper,0.4,3,6.0,0,best,1,2001,0,11.221477,0.002254,11.223730,0.00e+00,7.509514,7.783117,41.180704,41.454307,11.200000,8.191259,41.791259,-0.336952,0,0.021477,0.064430,0.600000,1.000000,0.600000,4.394211,4.425645,2.582763,0.108172,1.319710,0.000000,
population,trainable,paper,0.4,3,6.0,0,final,1,2001,0,11.374246,0.024783,11.399028,0.00e+00,6.526147,6.985420,40.723232,41.182504,11.200000,8.191259,41.791259,-0.608755,0,0.174246,0.522737,0.600000,1.000000,0.600000,3.751732,3.846634,2.398848,0.190329,1.241973,0.000000,
population,trainable,paper,0.4,1,6.0,0,best,1,2001,0,11.223554,0.002414,11.225968,0.00e+00,7.498070,7.788755,18.724038,19.014723,11.200000,8.191259,19.391259,-0.376536,0,0.023554,0.023554,0.600000,1.000000,0.600000,4.381814,4.418925,2.580905,0.098657,1.319960,0.000000,
population,trainable,paper,0.4,1,6.0,0,final,1,2001,0,11.978817,0.338505,12.317322,0.00e+00,4.870344,5.540261,17.187667,17.857584,11.200000,8.191259,19.391259,-1.533676,0,0.778817,0.778817,0.600000,1.000000,0.600000,2.788378,2.875437,2.511455,0.194490,1.275427,0.000000,
population,trainable,paper,0.4,0.3,6.0,0,best,1,2001,0,11.226665,0.002452,11.229116,0.00e+00,7.474490,7.771744,10.843225,11.140478,11.200000,8.191259,11.551259,-0.410781,0,0.026665,0.007999,0.600000,1.000000,0.600000,4.372774,4.405297,2.581990,0.099671,1.319990,0.000000,
population,trainable,paper,0.4,0.3,6.0,0,final,1,2001,0,13.388844,3.006447,16.395292,0.00e+00,2.752761,3.416658,7.671349,8.335245,11.200000,8.191259,11.551259,-3.216014,0,2.188844,0.656653,0.600000,1.000000,0.600000,1.517539,1.633368,3.016383,0.156654,1.253195,0.000000,
population,trainable,paper,0.4,0.1,6.0,0,best,1,2001,0,11.226349,0.002655,11.229004,0.00e+00,7.450644,7.753778,8.573544,8.876678,11.200000,8.191259,9.311259,-0.434581,0,0.026349,0.002635,0.600000,1.000000,0.600000,4.357760,4.390993,2.581682,0.100862,1.319905,0.000000,
population,trainable,paper,0.4,0.1,6.0,0,final,1,2001,0,14.432535,8.896718,23.329253,0.00e+00,1.753205,2.139027,4.086130,4.471952,11.200000,8.191259,9.311259,-4.839308,0,3.232535,0.323254,0.600000,1.000000,0.600000,0.874279,0.948999,3.176036,0.226746,1.297718,0.000000,
population,trainable,paper,0.4,0.03,6.0,0,best,1,2001,0,11.235780,0.002700,11.238480,0.00e+00,7.426620,7.720754,7.763774,8.057908,11.200000,8.191259,8.527259,-0.469351,0,0.035780,0.001073,0.600000,1.000000,0.600000,4.343055,4.378841,2.584137,0.112374,1.317144,0.000000,
population,trainable,paper,0.4,0.03,6.0,0,final,1,2001,0,14.842298,15.439512,30.281810,0.00e+00,1.579985,1.732195,2.488439,2.640649,11.200000,8.191259,8.527259,-5.886611,0,3.642298,0.109269,0.600000,1.000000,0.600000,0.680725,0.774190,3.141127,0.368745,1.144390,0.000000,
population,trainable,paper,0.4,0.01,6.0,0,best,1,2001,0,11.247376,0.002989,11.250366,0.00e+00,7.403642,7.690079,7.516146,7.802583,11.200000,8.191259,8.303259,-0.500677,0,0.047376,0.000474,0.600000,1.000000,0.600000,4.330693,4.367460,2.584465,0.118998,1.314878,0.000000,
population,trainable,paper,0.4,0.01,6.0,0,final,1,2001,0,15.344835,19.858166,35.203001,0.00e+00,1.562842,1.632925,1.914872,1.984955,11.200000,8.191259,8.303259,-6.318304,0,4.144835,0.041448,0.600000,1.000000,0.600000,0.642067,0.677690,3.404142,0.231993,1.186665,0.000000,
population,trainable,paper,0.4,0.003,6.0,0,best,1,2001,0,11.257164,0.003104,11.260268,0.00e+00,7.381452,7.671152,7.415233,7.704932,11.200000,8.191259,8.224859,-0.519927,0,0.057164,0.000171,0.600000,1.000000,0.600000,4.318515,4.356519,2.580920,0.124668,1.312901,0.000000,
population,trainable,paper,0.4,0.003,6.0,0,final,1,2001,0,16.461760,22.128780,38.590540,0.00e+00,1.559098,1.605225,1.674870,1.720997,11.200000,8.191259,8.224859,-6.503863,0,5.261760,0.015785,0.600000,1.000000,0.600000,0.620467,0.702926,3.645690,0.410958,1.162607,0.000000,
population,trainable,paper,0.4,0.001,6.0,0,best,1,2001,0,11.269940,0.003370,11.273311,0.00e+00,7.354881,7.672154,7.366155,7.683427,11.200000,8.191259,8.202459,-0.519032,0,0.069940,0.000070,0.600000,1.000000,0.600000,4.300949,4.343785,2.584139,0.134211,1.311689,0.000000,
population,trainable,paper,0.4,0.001,6.0,0,final,1,2001,0,17.071182,23.084112,40.155294,0.00e+00,1.560098,1.599032,1.600253,1.639188,11.200000,8.191259,8.202459,-6.563272,0,5.871182,0.005871,0.600000,1.000000,0.600000,0.609399,0.700850,3.804462,0.403727,1.130266,0.000000,
population,trainable,paper,0,10,6.0,4,best,1375,3375,0,0.000003,0.000000,0.000003,0.00e+00,-0.000000,0.000211,0.000026,0.000238,0.000000,0.000284,0.000284,-0.000046,0,0.000003,0.000026,1.000000,1.000000,1.000000,8.478853,8.483817,3.665361,0.199102,1.768868,0.000000,
population,trainable,paper,0,10,6.0,4,final,1375,3375,0,0.000000,-0.000000,-0.000000,0.00e+00,-0.000000,0.000444,-0.000000,0.000444,0.000000,0.000284,0.000284,0.000160,0,0.000000,0.000000,1.000000,1.000000,1.000000,8.485273,8.485303,3.664985,0.199248,1.769385,0.000000,
population,trainable,paper,0,3,6.0,4,best,44,2044,0,0.000005,0.000000,0.000005,0.00e+00,-0.000000,0.000332,0.000015,0.000347,0.000000,0.000284,0.000284,0.000063,0,0.000005,0.000015,1.000000,1.000000,1.000000,8.483705,8.485465,3.668496,0.198460,1.770014,0.000000,
population,trainable,paper,0,3,6.0,4,final,44,2044,0,0.000000,0.000000,0.000000,0.00e+00,-0.000000,0.000077,0.000001,0.000078,0.000000,0.000284,0.000284,-0.000206,0,0.000000,0.000001,1.000000,1.000000,1.000000,8.484898,8.485358,3.693002,0.198338,1.777410,0.000000,
population,trainable,paper,0,1,6.0,4,best,49,2049,0,0.000005,0.000001,0.000006,0.00e+00,-0.000000,0.000255,0.000006,0.000261,0.000000,0.000284,0.000284,-0.000023,0,0.000005,0.000005,1.000000,1.000000,1.000000,8.482934,8.485425,3.667529,0.197657,1.772366,0.000000,
population,trainable,paper,0,1,6.0,4,final,49,2049,0,0.000000,0.000000,0.000000,0.00e+00,-0.000000,0.000574,0.000000,0.000574,0.000000,0.000284,0.000284,0.000290,0,0.000000,0.000000,1.000000,1.000000,1.000000,8.484874,8.485247,3.658538,0.205068,1.773917,0.000000,
population,trainable,paper,0,0.3,6.0,4,best,58,2058,0,0.000002,0.000000,0.000002,0.00e+00,-0.000000,0.000290,0.000001,0.000290,0.000000,0.000284,0.000284,0.000006,0,0.000002,0.000001,1.000000,1.000000,1.000000,8.484625,8.485561,3.664772,0.198533,1.774214,0.000000,
population,trainable,paper,0,0.3,6.0,4,final,58,2058,0,0.000001,0.000552,0.000553,0.00e+00,-0.000000,0.000194,0.000166,0.000360,0.000000,0.000284,0.000284,0.000076,0,0.000001,0.000000,1.000000,1.000000,1.000000,8.482430,8.485057,3.690599,0.208510,1.844283,0.000000,
population,trainable,paper,0,0.1,6.0,4,best,333,2333,0,0.000000,0.000000,0.000000,0.00e+00,-0.000000,0.000596,0.000000,0.000596,0.000000,0.000284,0.000284,0.000312,0,0.000000,0.000000,1.000000,1.000000,1.000000,8.484854,8.485348,3.656879,0.200232,1.773219,0.000000,
population,trainable,paper,0,0.1,6.0,4,final,333,2333,0,0.002686,0.002271,0.004958,0.00e+00,-0.000000,0.000315,0.000496,0.000810,0.000000,0.000284,0.000284,0.000526,0,0.002686,0.000269,1.000000,1.000000,1.000000,8.476471,8.518535,3.603397,0.242395,1.924278,0.000000,
population,trainable,paper,0,0.03,6.0,4,best,93,2093,0,0.000006,0.000014,0.000020,0.00e+00,-0.000000,0.000130,0.000001,0.000131,0.000000,0.000284,0.000284,-0.000153,0,0.000006,0.000000,1.000000,1.000000,1.000000,8.477703,8.484177,3.654732,0.201456,1.773268,0.000000,
population,trainable,paper,0,0.03,6.0,4,final,93,2093,0,0.008509,0.005354,0.013862,0.00e+00,-0.000000,0.000176,0.000416,0.000592,0.000000,0.000284,0.000284,0.000308,0,0.008509,0.000255,1.000000,1.000000,1.000000,8.468337,8.546833,3.837605,0.199721,2.008763,0.000000,
population,trainable,paper,0,0.01,6.0,4,best,1186,3186,0,0.000011,0.000598,0.000609,0.00e+00,-0.000000,0.000168,0.000006,0.000174,0.000000,0.000284,0.000284,-0.000110,0,0.000011,0.000000,1.000000,1.000000,1.000000,8.484967,8.488457,3.668869,0.199575,1.777831,0.000000,
population,trainable,paper,0,0.01,6.0,4,final,1186,3186,0,0.004288,0.006880,0.011168,0.00e+00,-0.000000,0.000058,0.000112,0.000169,0.000000,0.000284,0.000284,-0.000115,0,0.004288,0.000043,1.000000,1.000000,1.000000,8.482633,8.548604,3.592575,0.210963,1.807565,0.000000,
population,trainable,paper,0,0.003,6.0,4,best,185,2185,0,0.000005,0.000003,0.000008,0.00e+00,-0.000000,0.000121,0.000000,0.000121,0.000000,0.000284,0.000284,-0.000163,0,0.000005,0.000000,1.000000,1.000000,1.000000,8.483390,8.485775,3.667651,0.201979,1.783771,0.000000,
population,trainable,paper,0,0.003,6.0,4,final,185,2185,0,0.115739,0.021928,0.137666,0.00e+00,-0.000000,0.000010,0.000413,0.000423,0.000000,0.000284,0.000284,0.000139,0,0.115739,0.000347,1.000000,1.000000,1.000000,8.435201,8.721392,3.516783,0.250146,1.747405,0.000000,
population,trainable,paper,0,0.001,6.0,4,best,2,2002,0,0.000206,0.000005,0.000211,0.00e+00,-0.000000,0.000381,0.000000,0.000381,0.000000,0.000284,0.000284,0.000097,0,0.000206,0.000000,1.000000,1.000000,1.000000,8.472934,8.485158,3.670303,0.201902,1.785658,0.000000,
population,trainable,paper,0,0.001,6.0,4,final,2,2002,0,0.058426,0.021099,0.079525,0.00e+00,-0.000000,0.000059,0.000080,0.000138,0.000000,0.000284,0.000284,-0.000146,0,0.058426,0.000058,1.000000,1.000000,1.000000,8.499630,8.742995,3.703843,0.231671,1.842282,0.000000,
sampled,fixed,paper,0.2,0.003,6.0,4,best,56,156,0,14.577409,19.053452,33.630860,0.00e+00,0.955729,1.004331,1.056622,1.105223,6.400000,5.597655,5.616855,-4.511632,0,8.177409,0.024532,0.803000,1.000000,0.803000,nan,nan,nan,1.000000,0.000000,0.027021,
sampled,fixed,paper,0.2,0.003,6.0,4,final,56,156,0,13.878174,25.027456,38.905630,0.00e+00,0.943543,0.958710,1.060260,1.075427,6.400000,5.597655,5.616855,-4.541429,0,7.478174,0.022435,0.803000,1.000000,0.803000,nan,nan,nan,1.000000,0.000000,0.027021,
sampled,fixed,paper,0.2,0.01,6.0,1,best,50,150,0,13.775077,16.460152,30.235229,0.00e+00,1.057241,1.135293,1.359593,1.437645,6.400000,5.597655,5.661655,-4.224010,0,7.375077,0.073751,0.784000,1.000000,0.784000,nan,nan,nan,1.000000,0.000000,0.034375,
sampled,fixed,paper,0.2,0.01,6.0,1,final,50,150,0,13.776842,18.905806,32.682648,0.00e+00,1.024979,1.071307,1.351805,1.398133,6.400000,5.597655,5.661655,-4.263522,0,7.376842,0.073768,0.784000,1.000000,0.784000,nan,nan,nan,1.000000,0.000000,0.034375,
sampled,fixed,paper,0.2,0.003,6.0,0,best,125,225,0,13.817994,24.715714,38.533708,0.00e+00,0.930667,0.947506,1.046268,1.063107,6.400000,5.597655,5.616855,-4.553749,0,7.417994,0.022254,0.805000,1.000000,0.805000,nan,nan,nan,1.000000,0.000000,0.016024,
sampled,fixed,paper,0.2,0.003,6.0,0,final,125,225,0,13.818992,25.161621,38.980613,0.00e+00,0.928146,0.942909,1.045087,1.059851,6.400000,5.597655,5.616855,-4.557005,0,7.418992,0.022257,0.805000,1.000000,0.805000,nan,nan,nan,1.000000,0.000000,0.016024,
population,trainable,paper,0.4,10,6.0,4,best,1708,3708,0,11.217894,0.002152,11.220045,0.00e+00,7.530126,7.804414,119.730579,120.004867,11.200000,8.191259,120.191259,-0.186392,0,0.017894,0.178936,0.600000,1.000000,0.600000,4.398851,4.437401,1.874095,0.387848,1.524938,0.000000,
population,trainable,paper,0.4,10,6.0,4,final,1708,3708,0,11.221910,0.001626,11.223536,0.00e+00,7.480461,7.765302,119.715817,120.000658,11.200000,8.191259,120.191259,-0.190601,0,0.021910,0.219095,0.600000,1.000000,0.600000,4.373351,4.408159,1.918723,0.436236,1.575083,0.000000,
population,trainable,paper,0.4,3,6.0,4,best,1,2001,0,11.219377,0.002216,11.221593,0.00e+00,7.517918,7.772586,41.182695,41.437363,11.200000,8.191259,41.791259,-0.353896,0,0.019377,0.058130,0.600000,1.000000,0.600000,4.389980,4.430375,1.875287,0.384570,1.531311,0.000000,
population,trainable,paper,0.4,3,6.0,4,final,1,2001,0,11.372067,0.026164,11.398232,0.00e+00,6.533112,6.960324,40.727807,41.155019,11.200000,8.191259,41.791259,-0.636240,0,0.172067,0.516202,0.600000,1.000000,0.600000,3.798153,3.851223,1.824637,0.385524,1.456846,0.000000,
population,trainable,paper,0.4,1,6.0,4,best,1,2001,0,11.221481,0.002169,11.223650,0.00e+00,7.497219,7.787401,18.720869,19.011051,11.200000,8.191259,19.391259,-0.380209,0,0.021481,0.021481,0.600000,1.000000,0.600000,4.377499,4.418265,1.876110,0.383865,1.534450,0.000000,
population,trainable,paper,0.4,1,6.0,4,final,1,2001,0,11.973008,0.337563,12.310571,0.00e+00,4.870173,5.519566,17.180743,17.830137,11.200000,8.191259,19.391259,-1.561122,0,0.773008,0.773008,0.600000,1.000000,0.600000,2.770488,2.874014,1.942193,0.540799,1.463731,0.000000,
population,trainable,paper,0.4,0.3,6.0,4,best,1,2001,0,11.223562,0.002452,11.226014,0.00e+00,7.478858,7.791378,10.846662,11.159182,11.200000,8.191259,11.551259,-0.392077,0,0.023562,0.007069,0.600000,1.000000,0.600000,4.363840,4.407578,1.877496,0.380323,1.539103,0.000000,
population,trainable,paper,0.4,0.3,6.0,4,final,1,2001,0,13.324140,3.047469,16.371609,0.00e+00,2.808980,3.439132,7.720462,8.350614,11.200000,8.191259,11.551259,-3.200645,0,2.124140,0.637242,0.600000,1.000000,0.600000,1.561935,1.659747,2.479470,0.537409,1.472326,0.000000,
population,trainable,paper,0.4,0.1,6.0,4,best,1,2001,0,11.227583,0.002547,11.230130,0.00e+00,7.453029,7.755339,8.576042,8.878352,11.200000,8.191259,9.311259,-0.432908,0,0.027583,0.002758,0.600000,1.000000,0.600000,4.350076,4.392840,1.879711,0.375088,1.542030,0.000000,
population,trainable,paper,0.4,0.1,6.0,4,final,1,2001,0,14.436317,9.122222,23.558539,0.00e+00,1.742468,2.144687,4.098322,4.500541,11.200000,8.191259,9.311259,-4.810718,0,3.236317,0.323632,0.600000,1.000000,0.600000,0.898369,0.950216,2.803018,0.475526,1.423568,0.000000,
population,trainable,paper,0.4,0.03,6.0,4,best,1,2001,0,11.231291,0.002697,11.233988,0.00e+00,7.427583,7.736238,7.764603,8.073258,11.200000,8.191259,8.527259,-0.454002,0,0.031291,0.000939,0.600000,1.000000,0.600000,4.336336,4.378132,1.880743,0.372209,1.542629,0.000000,
population,trainable,paper,0.4,0.03,6.0,4,final,1,2001,0,14.879488,15.621927,30.501415,0.00e+00,1.574113,1.727897,2.489156,2.642939,11.200000,8.191259,8.527259,-5.884320,0,3.679488,0.110385,0.600000,1.000000,0.600000,0.663605,0.732058,2.952580,0.432435,1.588441,0.000000,
population,trainable,paper,0.4,0.01,6.0,4,best,1,2001,0,11.236972,0.002752,11.239724,0.00e+00,7.401999,7.729801,7.514397,7.842199,11.200000,8.191259,8.303259,-0.461061,0,0.036972,0.000370,0.600000,1.000000,0.600000,4.321407,4.363909,1.881633,0.369023,1.545992,0.000000,
population,trainable,paper,0.4,0.01,6.0,4,final,1,2001,0,15.332934,19.816708,35.149642,0.00e+00,1.560927,1.632379,1.912423,1.983875,11.200000,8.191259,8.303259,-6.319384,0,4.132934,0.041329,0.600000,1.000000,0.600000,0.650996,0.707209,3.216045,0.346035,1.514555,0.000000,
population,trainable,paper,0.4,0.003,6.0,4,best,1,2001,0,11.238191,0.002928,11.241118,0.00e+00,7.383372,7.692574,7.417095,7.726297,11.200000,8.191259,8.224859,-0.498562,0,0.038191,0.000115,0.600000,1.000000,0.600000,4.306250,4.352801,1.882549,0.371486,1.548914,0.000000,
population,trainable,paper,0.4,0.003,6.0,4,final,1,2001,0,16.350199,22.305828,38.656027,0.00e+00,1.556502,1.601719,1.672470,1.717687,11.200000,8.191259,8.224859,-6.507172,0,5.150199,0.015451,0.600000,1.000000,0.600000,0.612815,0.665588,3.486795,0.478512,1.570465,0.000000,
population,trainable,paper,0.4,0.001,6.0,4,best,1,2001,0,11.242760,0.002982,11.245742,0.00e+00,7.357928,7.645622,7.369174,7.656868,11.200000,8.191259,8.202459,-0.545592,0,0.042760,0.000043,0.600000,1.000000,0.600000,4.291343,4.338175,1.882868,0.368493,1.548304,0.000000,
population,trainable,paper,0.4,0.001,6.0,4,final,1,2001,0,16.775974,23.156101,39.932076,0.00e+00,1.556075,1.594022,1.596007,1.633954,11.200000,8.191259,8.202459,-6.568505,0,5.575974,0.005576,0.600000,1.000000,0.600000,0.624068,0.689302,3.676327,0.420102,1.533406,0.000000,
sampled,fixed,paper,0.2,0.1,6.0,0,best,11,111,0,14.316636,2.879898,17.196534,0.00e+00,1.116165,3.214218,2.835819,4.933871,6.400000,5.597655,6.237655,-1.303784,0,7.916636,0.791664,0.805000,1.000000,0.805000,nan,nan,nan,1.000000,0.000000,0.016024,
sampled,fixed,paper,0.2,0.1,6.0,0,final,11,111,0,11.986244,5.341685,17.327929,0.00e+00,1.358628,1.570848,3.091421,3.303641,6.400000,5.597655,6.237655,-2.934014,0,5.586244,0.558624,0.805000,1.000000,0.805000,nan,nan,nan,1.000000,0.000000,0.016024,
population,trainable,paper,0.4,10,6.0,1,best,1760,3760,0,11.218508,0.001930,11.220437,0.00e+00,7.522774,7.800665,119.727147,120.005039,11.200000,8.191259,120.191259,-0.186221,0,0.018508,0.185078,0.600000,1.000000,0.600000,4.412082,4.433012,2.096899,0.322875,1.447341,0.000000,
population,trainable,paper,0.4,10,6.0,1,final,1760,3760,0,11.220756,0.001575,11.222331,0.00e+00,7.498427,7.786215,119.721736,120.009524,11.200000,8.191259,120.191259,-0.181735,0,0.020756,0.207556,0.600000,1.000000,0.600000,4.385983,4.418872,2.097867,0.390993,1.527435,0.000000,
population,trainable,paper,0.4,3,6.0,1,best,1,2001,0,11.219710,0.002101,11.221811,0.00e+00,7.510150,7.763465,41.175584,41.428900,11.200000,8.191259,41.791259,-0.362360,0,0.019710,0.059131,0.600000,1.000000,0.600000,4.399756,4.425668,2.097194,0.324698,1.446618,0.000000,
population,trainable,paper,0.4,3,6.0,1,final,1,2001,0,11.374231,0.024664,11.398895,0.00e+00,6.535736,6.969954,40.732422,41.166640,11.200000,8.191259,41.791259,-0.624619,0,0.174231,0.522694,0.600000,1.000000,0.600000,3.799897,3.852693,1.963288,0.396038,1.344331,0.000000,
population,trainable,paper,0.4,1,6.0,1,best,1,2001,0,11.222301,0.001962,11.224263,0.00e+00,7.485923,7.769148,18.710186,18.993411,11.200000,8.191259,19.391259,-0.397849,0,0.022301,0.022301,0.600000,1.000000,0.600000,4.386011,4.411564,2.094062,0.328236,1.447974,0.000000,
population,trainable,paper,0.4,1,6.0,1,final,1,2001,0,11.954854,0.339453,12.294308,0.00e+00,4.913633,5.523359,17.207941,17.817667,11.200000,8.191259,19.391259,-1.573593,0,0.754854,0.754854,0.600000,1.000000,0.600000,2.798534,2.900218,2.068338,0.489430,1.239435,0.000000,
population,trainable,paper,0.4,0.3,6.0,1,best,1,2001,0,11.224543,0.002100,11.226643,0.00e+00,7.461211,7.748110,10.829204,11.116103,11.200000,8.191259,11.551259,-0.435157,0,0.024543,0.007363,0.600000,1.000000,0.600000,4.371132,4.397057,2.095507,0.330553,1.445321,0.000000,
population,trainable,paper,0.4,0.3,6.0,1,final,1,2001,0,13.331808,3.057721,16.389529,0.00e+00,2.811504,3.433807,7.728363,8.350666,11.200000,8.191259,11.551259,-3.200594,0,2.131808,0.639542,0.600000,1.000000,0.600000,1.554059,1.660762,2.569580,0.445252,1.343062,0.000000,
population,trainable,paper,0.4,0.1,6.0,1,best,1,2001,0,11.226112,0.002062,11.228174,0.00e+00,7.436846,7.706070,8.559664,8.828888,11.200000,8.191259,9.311259,-0.482372,0,0.026112,0.002611,0.600000,1.000000,0.600000,4.356109,4.382617,2.092611,0.324339,1.447458,0.000000,
population,trainable,paper,0.4,0.1,6.0,1,final,1,2001,0,14.402084,9.052751,23.454835,0.00e+00,1.759557,2.155903,4.105041,4.501387,11.200000,8.191259,9.311259,-4.809873,0,3.202084,0.320208,0.600000,1.000000,0.600000,0.892365,0.959852,2.879800,0.436066,1.274017,0.000000,
population,trainable,paper,0.4,0.03,6.0,1,best,1,2001,0,11.228539,0.002201,11.230741,0.00e+00,7.418256,7.724079,7.755179,8.061001,11.200000,8.191259,8.527259,-0.466259,0,0.028539,0.000856,0.600000,1.000000,0.600000,4.341665,4.371751,2.096733,0.326410,1.449751,0.000000,
population,trainable,paper,0.4,0.03,6.0,1,final,1,2001,0,14.860097,15.594188,30.454285,0.00e+00,1.578216,1.731429,2.491845,2.645058,11.200000,8.191259,8.527259,-5.882202,0,3.660097,0.109803,0.600000,1.000000,0.600000,0.684790,0.730947,3.075982,0.419391,1.359099,0.000000,
population,trainable,paper,0.4,0.01,6.0,1,best,1,2001,0,11.231379,0.002396,11.233775,0.00e+00,7.399210,7.708246,7.511548,7.820584,11.200000,8.191259,8.303259,-0.482676,0,0.031379,0.000314,0.600000,1.000000,0.600000,4.337091,4.360669,2.097477,0.325223,1.450990,0.000000,
population,trainable,paper,0.4,0.01,6.0,1,final,1,2001,0,15.517275,19.657831,35.175106,0.00e+00,1.559905,1.634244,1.911656,1.985995,11.200000,8.191259,8.303259,-6.317265,0,4.317275,0.043173,0.600000,1.000000,0.600000,0.639273,0.675878,3.289511,0.480665,1.334688,0.000000,
population,trainable,paper,0.4,0.003,6.0,1,best,1,2001,0,11.233706,0.002440,11.236145,0.00e+00,7.384014,7.663540,7.417723,7.697249,11.200000,8.191259,8.224859,-0.527611,0,0.033706,0.000101,0.600000,1.000000,0.600000,4.322025,4.351882,2.100964,0.323191,1.449263,0.000000,
population,trainable,paper,0.4,0.003,6.0,1,final,1,2001,0,16.344507,21.759539,38.104046,0.00e+00,1.560806,1.609354,1.675118,1.723666,11.200000,8.191259,8.224859,-6.501193,0,5.144507,0.015434,0.600000,1.000000,0.600000,0.630061,0.669123,3.609945,0.424110,1.387945,0.000000,
population,trainable,paper,0.4,0.001,6.0,1,best,1,2001,0,11.234308,0.002707,11.237015,0.00e+00,7.368189,7.681993,7.379426,7.693230,11.200000,8.191259,8.202459,-0.509230,0,0.034308,0.000034,0.600000,1.000000,0.600000,4.309622,4.342663,2.097851,0.315182,1.454713,0.000000,
population,trainable,paper,0.4,0.001,6.0,1,final,1,2001,0,16.675785,22.843706,39.519491,0.00e+00,1.557248,1.598446,1.596768,1.637965,11.200000,8.191259,8.202459,-6.564494,0,5.475785,0.005476,0.600000,1.000000,0.600000,0.622419,0.654568,3.803549,0.369837,1.405210,0.000000,
sampled,fixed,paper,0.2,0.001,6.0,3,best,186,286,0,13.837533,29.861280,43.698813,0.00e+00,0.940843,0.946859,0.984542,0.990558,6.400000,5.597655,5.604055,-4.613498,0,7.437533,0.007438,0.801000,1.000000,0.801000,nan,nan,nan,1.000000,0.000000,0.020463,
sampled,fixed,paper,0.2,0.001,6.0,3,final,186,286,0,13.821945,30.606272,44.428217,0.00e+00,0.939892,0.944871,0.984320,0.989299,6.400000,5.597655,5.604055,-4.614756,0,7.421945,0.007422,0.801000,1.000000,0.801000,nan,nan,nan,1.000000,0.000000,0.020463,
sampled,fixed,paper,0.2,0.003,6.0,2,best,85,185,0,14.442243,22.965908,37.408151,0.00e+00,0.937217,0.960853,1.049442,1.073077,6.400000,5.597655,5.616855,-4.543778,0,8.042243,0.024127,0.807000,1.000000,0.807000,nan,nan,nan,1.000000,0.000000,0.024074,
sampled,fixed,paper,0.2,0.003,6.0,2,final,85,185,0,13.823883,25.049381,38.873264,0.00e+00,0.934972,0.949782,1.051591,1.066401,6.400000,5.597655,5.616855,-4.550454,0,7.423883,0.022272,0.807000,1.000000,0.807000,nan,nan,nan,1.000000,0.000000,0.024074,
sampled,fixed,paper,0.2,0.03,6.0,0,best,11,111,0,14.728494,3.095222,17.823716,0.00e+00,1.120193,3.136728,1.654905,3.671439,6.400000,5.597655,5.789655,-2.118216,0,8.328494,0.249855,0.805000,1.000000,0.805000,nan,nan,nan,1.000000,0.000000,0.016024,
sampled,fixed,paper,0.2,0.03,6.0,0,final,11,111,0,13.367229,12.963831,26.331059,0.00e+00,0.969644,1.087886,1.759575,1.877818,6.400000,5.597655,5.789655,-3.911838,0,6.967229,0.209017,0.805000,1.000000,0.805000,nan,nan,nan,1.000000,0.000000,0.016024,
sampled,fixed,paper,0.2,0.03,6.0,2,best,9,109,0,16.263248,1.501613,17.764862,0.00e+00,1.166891,4.180543,1.699837,4.713489,6.400000,5.597655,5.789655,-1.076167,0,9.863248,0.295897,0.807000,1.000000,0.758000,nan,nan,nan,1.000000,0.000000,0.024074,
sampled,fixed,paper,0.2,0.03,6.0,2,final,9,109,0,13.307221,12.623628,25.930849,0.00e+00,0.981401,1.099285,1.759326,1.877210,6.400000,5.597655,5.789655,-3.912445,0,6.907221,0.207217,0.807000,1.000000,0.807000,nan,nan,nan,1.000000,0.000000,0.024074,
sampled,fixed,paper,0.2,0.03,6.0,1,best,11,111,0,14.668385,2.712859,17.381243,0.00e+00,1.189209,3.333928,1.710647,3.855366,6.400000,5.597655,5.789655,-1.934290,0,8.268385,0.248052,0.784000,1.000000,0.784000,nan,nan,nan,1.000000,0.000000,0.034375,
sampled,fixed,paper,0.2,0.03,6.0,1,final,11,111,0,13.458973,12.793774,26.252747,0.00e+00,1.087534,1.207105,1.875117,1.994687,6.400000,5.597655,5.789655,-3.794968,0,7.058973,0.211769,0.784000,1.000000,0.784000,nan,nan,nan,1.000000,0.000000,0.034375,
sampled,fixed,paper,0.2,0.1,6.0,1,best,10,110,0,14.586638,1.948626,16.535265,0.00e+00,1.198306,3.917220,2.851832,5.570746,6.400000,5.597655,6.237655,-0.666909,0,8.186638,0.818664,0.784000,1.000000,0.784000,nan,nan,nan,1.000000,0.000000,0.034375,
sampled,fixed,paper,0.2,0.1,6.0,1,final,10,110,0,12.141842,5.241002,17.382844,0.00e+00,1.532980,1.745903,3.271265,3.484187,6.400000,5.597655,6.237655,-2.753468,0,5.741842,0.574184,0.784000,1.000000,0.784000,nan,nan,nan,1.000000,0.000000,0.034375,
sampled,fixed,paper,0.2,0.03,6.0,3,best,10,110,0,14.457951,2.236391,16.694341,0.00e+00,1.144213,3.567660,1.645044,4.068491,6.400000,5.597655,5.789655,-1.721165,0,8.057951,0.241739,0.801000,1.000000,0.801000,nan,nan,nan,1.000000,0.000000,0.020463,
sampled,fixed,paper,0.2,0.03,6.0,3,final,10,110,0,13.313954,12.566183,25.880137,0.00e+00,1.005010,1.122757,1.781414,1.899161,6.400000,5.597655,5.789655,-3.890494,0,6.913954,0.207419,0.801000,1.000000,0.801000,nan,nan,nan,1.000000,0.000000,0.020463,
sampled,fixed,paper,0.2,0.03,6.0,4,best,12,112,0,14.960737,3.931159,18.891896,0.00e+00,1.126415,2.777207,1.693172,3.343964,6.400000,5.597655,5.789655,-2.445691,0,8.560737,0.256822,0.803000,1.000000,0.803000,nan,nan,nan,1.000000,0.000000,0.027021,
sampled,fixed,paper,0.2,0.03,6.0,4,final,12,112,0,13.351559,12.828884,26.180443,0.00e+00,0.994525,1.111531,1.779939,1.896944,6.400000,5.597655,5.789655,-3.892711,0,6.951559,0.208547,0.803000,1.000000,0.803000,nan,nan,nan,1.000000,0.000000,0.027021,
sampled,fixed,paper,0.2,0.01,6.0,4,best,48,148,0,13.833943,15.989576,29.823520,0.00e+00,0.969626,1.050878,1.267861,1.349113,6.400000,5.597655,5.661655,-4.312542,0,7.433943,0.074339,0.803000,1.000000,0.803000,nan,nan,nan,1.000000,0.000000,0.027021,
sampled,fixed,paper,0.2,0.01,6.0,4,final,48,148,0,13.696979,18.839977,32.536956,0.00e+00,0.949281,0.995693,1.274650,1.321063,6.400000,5.597655,5.661655,-4.340592,0,7.296979,0.072970,0.803000,1.000000,0.803000,nan,nan,nan,1.000000,0.000000,0.027021,
sampled,fixed,paper,0.1,3,6.0,4,best,341,441,0,3.597992,0.000113,3.598105,0.00e+00,3.229499,3.232616,14.023816,14.026933,3.400000,3.187217,13.387217,0.639715,0,0.197992,0.593977,0.894500,1.000000,0.894500,nan,nan,nan,1.000000,0.000000,0.018977,
sampled,fixed,paper,0.1,3,6.0,4,final,341,441,0,3.597841,0.000165,3.598006,0.00e+00,3.229505,3.234307,14.023523,14.028325,3.400000,3.187217,13.387217,0.641108,0,0.197841,0.593523,0.894500,1.000000,0.894500,nan,nan,nan,1.000000,0.000000,0.018977,
population,trainable,paper,0.2,10,6.0,0,best,3439,5439,0,6.407126,0.000341,6.407467,0.00e+00,5.453057,5.456076,69.527731,69.530749,6.400000,5.597655,69.597655,-0.066907,0,0.007126,0.071259,0.800000,1.000000,0.800000,6.410685,6.426591,3.452783,0.076172,1.469146,0.000000,
population,trainable,paper,0.2,10,6.0,0,final,3439,5439,0,6.407741,0.000079,6.407819,0.00e+00,5.445051,5.455076,69.523244,69.533270,6.400000,5.597655,69.597655,-0.064386,0,0.007741,0.077406,0.800000,1.000000,0.800000,6.409321,6.417118,3.433447,0.098267,1.472526,0.000000,
population,trainable,paper,0.2,3,6.0,0,best,1,2001,0,6.410580,0.000348,6.410928,0.00e+00,5.437787,5.454683,24.670570,24.687466,6.400000,5.597655,24.797655,-0.110190,0,0.010580,0.031739,0.800000,1.000000,0.800000,6.390923,6.409014,3.448248,0.080464,1.466988,0.000000,
population,trainable,paper,0.2,3,6.0,0,final,1,2001,0,6.479201,0.001427,6.480628,0.00e+00,5.104361,5.148040,24.546245,24.589924,6.400000,5.597655,24.797655,-0.207732,0,0.079201,0.237603,0.800000,1.000000,0.800000,5.969897,6.016110,3.355011,0.047605,1.470465,0.000000,
population,trainable,paper,0.2,1,6.0,0,best,1,2001,0,6.415479,0.000334,6.415812,0.00e+00,5.422248,5.450707,11.838061,11.866519,6.400000,5.597655,11.997655,-0.131136,0,0.015479,0.015479,0.800000,1.000000,0.800000,6.368713,6.391460,3.443068,0.066073,1.467283,0.000000,
population,trainable,paper,0.2,1,6.0,0,final,1,2001,0,6.979208,0.021328,7.000537,0.00e+00,4.251237,4.354078,11.251774,11.354615,6.400000,5.597655,11.997655,-0.643040,0,0.579208,0.579208,0.800000,1.000000,0.800000,4.925676,5.013269,3.339535,0.073771,1.505500,0.000000,
population,trainable,paper,0.2,0.3,6.0,0,best,1,2001,0,6.422522,0.000372,6.422894,0.00e+00,5.406117,5.414982,7.332986,7.341850,6.400000,5.597655,7.517655,-0.175805,0,0.022522,0.006757,0.800000,1.000000,0.800000,6.347070,6.373935,3.443976,0.061419,1.468648,0.000000,
population,trainable,paper,0.2,0.3,6.0,0,final,1,2001,0,8.967348,0.775641,9.742989,0.00e+00,2.744944,2.952947,5.667840,5.875844,6.400000,5.597655,7.517655,-1.641811,0,2.567348,0.770204,0.800000,1.000000,0.800000,3.142567,3.243247,3.487678,0.173009,1.431483,0.000000,
population,trainable,paper,0.2,0.1,6.0,0,best,1,2001,0,6.437537,0.000466,6.438003,0.00e+00,5.388679,5.401274,6.032479,6.045074,6.400000,5.597655,6.237655,-0.192581,0,0.037537,0.003754,0.800000,1.000000,0.800000,6.325266,6.356427,3.445590,0.052856,1.468608,0.000000,
population,trainable,paper,0.2,0.1,6.0,0,final,1,2001,0,11.772392,4.875823,16.648215,0.00e+00,1.523895,1.743281,3.188717,3.408102,6.400000,5.597655,6.237655,-2.829553,0,5.372392,0.537239,0.800000,1.000000,0.800000,1.723693,1.963959,4.802072,0.450276,1.283918,0.000000,
population,trainable,paper,0.2,0.03,6.0,0,best,1,2001,0,6.452508,0.000551,6.453059,0.00e+00,5.373971,5.393890,5.567563,5.587482,6.400000,5.597655,5.789655,-0.202173,0,0.052508,0.001575,0.800000,1.000000,0.800000,6.305513,6.342616,3.444828,0.047576,1.471438,0.000000,
population,trainable,paper,0.2,0.03,6.0,0,final,1,2001,0,13.493428,10.977127,24.470555,0.00e+00,1.091539,1.235400,1.825655,1.969516,6.400000,5.597655,5.789655,-3.820139,0,7.093428,0.212803,0.800000,1.000000,0.800000,1.145787,1.835164,4.819482,0.351978,1.314975,0.000000,
population,trainable,paper,0.2,0.01,6.0,0,best,1,2001,0,6.460767,0.000595,6.461362,0.00e+00,5.357878,5.382211,5.422492,5.446825,6.400000,5.597655,5.661655,-0.214831,0,0.060767,0.000608,0.800000,1.000000,0.800000,6.283782,6.325161,3.445749,0.043161,1.471092,0.000000,
population,trainable,paper,0.2,0.01,6.0,0,final,1,2001,0,14.816350,14.631178,29.447528,0.00e+00,1.013074,1.104359,1.307549,1.398835,6.400000,5.597655,5.661655,-4.262821,0,8.416350,0.084163,0.800000,1.000000,0.800000,1.035085,1.878317,4.407856,0.299177,1.379569,0.000000,
population,trainable,paper,0.2,0.003,6.0,0,best,1,2001,0,6.474017,0.000618,6.474635,0.00e+00,5.340079,5.349948,5.359503,5.369372,6.400000,5.597655,5.616855,-0.247483,0,0.074017,0.000222,0.800000,1.000000,0.800000,6.262093,6.307737,3.445161,0.039052,1.471804,0.000000,
population,trainable,paper,0.2,0.003,6.0,0,final,1,2001,0,17.551126,16.752266,34.303392,0.00e+00,1.017349,1.081117,1.120259,1.184027,6.400000,5.597655,5.616855,-4.432828,0,11.151126,0.033453,0.800000,1.000000,0.800000,1.008275,2.053402,4.131373,0.403271,1.602250,0.000000,
population,trainable,paper,0.2,0.001,6.0,0,best,1,2001,0,6.507380,0.000649,6.508029,0.00e+00,5.319242,5.338152,5.325751,5.344660,6.400000,5.597655,5.604055,-0.259395,0,0.107380,0.000107,0.800000,1.000000,0.800000,6.239658,6.290347,3.441840,0.028403,1.471413,0.000000,
population,trainable,paper,0.2,0.001,6.0,0,final,1,2001,0,20.323219,17.057455,37.380674,0.00e+00,0.995464,1.061048,1.032844,1.098429,6.400000,5.597655,5.604055,-4.505626,0,13.923219,0.013923,0.800000,1.000000,0.800000,1.004500,1.943283,4.101600,0.464089,1.426551,0.000000,
sampled,fixed,paper,0.2,0.1,6.0,3,best,10,110,0,14.172008,2.065771,16.237778,0.00e+00,1.153691,3.647806,2.777469,5.271584,6.400000,5.597655,6.237655,-0.966072,0,7.772008,0.777201,0.801000,1.000000,0.801000,nan,nan,nan,1.000000,0.000000,0.020463,
sampled,fixed,paper,0.2,0.1,6.0,3,final,10,110,0,11.860315,5.039241,16.899557,0.00e+00,1.435645,1.640124,3.125601,3.330079,6.400000,5.597655,6.237655,-2.907576,0,5.460315,0.546032,0.801000,1.000000,0.801000,nan,nan,nan,1.000000,0.000000,0.020463,
sampled,fixed,paper,0.2,0.1,6.0,2,best,9,109,0,15.553308,1.353062,16.906370,0.00e+00,1.171481,4.277252,2.862118,5.967889,6.400000,5.597655,6.237655,-0.269767,0,9.153308,0.915331,0.727000,0.900500,0.736500,nan,nan,nan,1.000000,0.000000,0.024074,
sampled,fixed,paper,0.2,0.1,6.0,2,final,9,109,0,11.944731,5.167576,17.112307,0.00e+00,1.377839,1.585241,3.089070,3.296472,6.400000,5.597655,6.237655,-2.941184,0,5.544731,0.554473,0.807000,1.000000,0.807000,nan,nan,nan,1.000000,0.000000,0.024074,
sampled,fixed,paper,0.2,0.1,6.0,4,best,11,111,0,14.655074,2.954637,17.609711,0.00e+00,1.163737,3.323470,2.924708,5.084441,6.400000,5.597655,6.237655,-1.153215,0,8.255074,0.825507,0.728000,0.901500,0.765000,nan,nan,nan,1.000000,0.000000,0.027021,
sampled,fixed,paper,0.2,0.1,6.0,4,final,11,111,0,11.969689,5.194863,17.164552,0.00e+00,1.402791,1.609839,3.119246,3.326294,6.400000,5.597655,6.237655,-2.911361,0,5.569689,0.556969,0.803000,1.000000,0.803000,nan,nan,nan,1.000000,0.000000,0.027021,
sampled,fixed,paper,0.1,10,6.0,4,best,413,513,0,3.579764,0.000024,3.579788,0.00e+00,3.327475,3.328747,39.125359,39.126631,3.400000,3.187217,37.187217,1.939414,1,0.179764,1.797641,0.894500,1.000000,0.894500,nan,nan,nan,1.000000,0.000000,0.018977,
sampled,fixed,paper,0.1,10,6.0,4,final,413,513,0,3.579751,0.000042,3.579793,0.00e+00,3.327297,3.331367,39.125231,39.129301,3.400000,3.187217,37.187217,1.942083,1,0.179751,1.797510,0.894500,1.000000,0.894500,nan,nan,nan,1.000000,0.000000,0.018977,
sampled,fixed,paper,0.2,1,6.0,1,best,99,199,0,7.386068,0.028331,7.414400,0.00e+00,4.538232,4.626763,11.952632,12.041163,6.400000,5.597655,11.997655,0.043507,0,0.986068,0.986068,0.784000,1.000000,0.784000,nan,nan,nan,1.000000,0.000000,0.034375,
sampled,fixed,paper,0.2,1,6.0,1,final,99,199,0,7.386538,0.031757,7.418295,0.00e+00,4.536580,4.622913,11.954874,12.041207,6.400000,5.597655,11.997655,0.043552,0,0.986538,0.986538,0.784000,1.000000,0.784000,nan,nan,nan,1.000000,0.000000,0.034375,
population,trainable,paper,0,10,6.0,3,best,1346,3346,0,0.000001,-0.000000,0.000001,0.00e+00,-0.000000,0.000300,0.000012,0.000312,0.000000,0.000284,0.000284,0.000028,0,0.000001,0.000012,1.000000,1.000000,1.000000,8.480489,8.483932,3.922742,0.293161,1.653963,0.000000,
population,trainable,paper,0,10,6.0,3,final,1346,3346,0,0.000000,-0.000000,-0.000000,0.00e+00,-0.000000,0.000224,-0.000000,0.000224,0.000000,0.000284,0.000284,-0.000060,0,0.000000,0.000000,1.000000,1.000000,1.000000,8.485270,8.485288,3.923489,0.293579,1.653900,0.000000,
population,trainable,paper,0,3,6.0,3,best,58,2058,0,0.000002,0.000000,0.000002,0.00e+00,-0.000000,0.000171,0.000007,0.000178,0.000000,0.000284,0.000284,-0.000106,0,0.000002,0.000007,1.000000,1.000000,1.000000,8.484250,8.485085,3.925147,0.294698,1.651986,0.000000,
population,trainable,paper,0,3,6.0,3,final,58,2058,0,0.000019,0.000008,0.000027,0.00e+00,-0.000000,0.000208,0.000082,0.000290,0.000000,0.000284,0.000284,0.000006,0,0.000019,0.000058,1.000000,1.000000,1.000000,8.470163,8.483054,3.897571,0.305432,1.638506,0.000000,
population,trainable,paper,0,1,6.0,3,best,90,2090,0,0.000009,0.000085,0.000094,0.00e+00,-0.000000,0.000150,0.000094,0.000244,0.000000,0.000284,0.000284,-0.000040,0,0.000009,0.000009,1.000000,1.000000,1.000000,8.479110,8.486057,3.916729,0.294548,1.648404,0.000000,
population,trainable,paper,0,1,6.0,3,final,90,2090,0,0.000424,0.000193,0.000617,0.00e+00,-0.000000,0.000379,0.000617,0.000996,0.000000,0.000284,0.000284,0.000712,0,0.000424,0.000424,1.000000,1.000000,1.000000,8.477906,8.493402,3.924363,0.295447,1.649963,0.000000,
population,trainable,paper,0,0.3,6.0,3,best,56,2056,0,0.000004,0.000000,0.000004,0.00e+00,-0.000000,0.000135,0.000001,0.000137,0.000000,0.000284,0.000284,-0.000147,0,0.000004,0.000001,1.000000,1.000000,1.000000,8.484326,8.485128,3.915367,0.295243,1.647129,0.000000,
population,trainable,paper,0,0.3,6.0,3,final,56,2056,0,0.000000,0.000101,0.000101,0.00e+00,-0.000000,0.000406,0.000030,0.000437,0.000000,0.000284,0.000284,0.000153,0,0.000000,0.000000,1.000000,1.000000,1.000000,8.485094,8.485290,3.940365,0.314876,1.638877,0.000000,
population,trainable,paper,0,0.1,6.0,3,best,52,2052,0,0.000005,0.000001,0.000006,0.00e+00,-0.000000,0.000533,0.000001,0.000534,0.000000,0.000284,0.000284,0.000250,0,0.000005,0.000001,1.000000,1.000000,1.000000,8.484002,8.485380,3.913768,0.295936,1.647066,0.000000,
population,trainable,paper,0,0.1,6.0,3,final,52,2052,0,0.000108,0.001320,0.001429,0.00e+00,-0.000000,0.000253,0.000143,0.000396,0.000000,0.000284,0.000284,0.000112,0,0.000108,0.000011,1.000000,1.000000,1.000000,8.480723,8.493598,3.909316,0.329533,1.625323,0.000000,
population,trainable,paper,0,0.03,6.0,3,best,83,2083,0,0.000001,0.000000,0.000001,0.00e+00,-0.000000,0.000180,0.000000,0.000180,0.000000,0.000284,0.000284,-0.000104,0,0.000001,0.000000,1.000000,1.000000,1.000000,8.483827,8.485190,3.911150,0.296908,1.645990,0.000000,
population,trainable,paper,0,0.03,6.0,3,final,83,2083,0,0.000088,0.001105,0.001193,0.00e+00,-0.000000,0.000159,0.000036,0.000194,0.000000,0.000284,0.000284,-0.000090,0,0.000088,0.000003,1.000000,1.000000,1.000000,8.479181,8.491609,3.883827,0.340507,1.630464,0.000000,
population,trainable,paper,0,0.01,6.0,3,best,3481,5481,0,0.000350,0.003013,0.003363,0.00e+00,-0.000000,0.000448,0.000034,0.000482,0.000000,0.000284,0.000284,0.000198,0,0.000350,0.000003,1.000000,1.000000,1.000000,8.485213,8.507649,3.881964,0.325652,1.613989,0.000000,
population,trainable,paper,0,0.01,6.0,3,final,3481,5481,0,0.002534,0.005549,0.008083,0.00e+00,-0.000000,0.000283,0.000081,0.000364,0.000000,0.000284,0.000284,0.000080,0,0.002534,0.000025,1.000000,1.000000,1.000000,8.489229,8.537283,3.836615,0.357268,1.576889,0.000000,
population,trainable,paper,0,0.003,6.0,3,best,184,2184,0,0.000024,0.000213,0.000237,0.00e+00,-0.000000,0.000691,0.000001,0.000692,0.000000,0.000284,0.000284,0.000408,0,0.000024,0.000000,1.000000,1.000000,1.000000,8.479708,8.487217,3.843875,0.328663,1.592173,0.000000,
population,trainable,paper,0,0.003,6.0,3,final,184,2184,0,0.432512,0.018067,0.450579,0.00e+00,-0.000000,0.000355,0.001352,0.001706,0.000000,0.000284,0.000284,0.001422,0,0.432512,0.001298,1.000000,1.000000,1.000000,8.451858,8.666792,4.004955,0.289695,1.615654,0.000000,
population,trainable,paper,0,0.001,6.0,3,best,2,2002,0,0.001957,0.000164,0.002122,0.00e+00,-0.000000,0.000449,0.000002,0.000451,0.000000,0.000284,0.000284,0.000167,0,0.001957,0.000002,1.000000,1.000000,1.000000,8.478304,8.487167,3.843690,0.329763,1.589569,0.000000,
population,trainable,paper,0,0.001,6.0,3,final,2,2002,0,0.083292,0.015211,0.098503,0.00e+00,-0.000000,0.000097,0.000099,0.000196,0.000000,0.000284,0.000284,-0.000088,0,0.083292,0.000083,1.000000,1.000000,1.000000,8.481832,8.687739,3.947955,0.323902,1.575706,0.000000,
population,trainable,paper,0.2,10,6.0,1,best,5069,7069,0,6.406947,0.000400,6.407347,0.00e+00,5.455832,5.478128,69.529303,69.551599,6.400000,5.597655,69.597655,-0.046057,0,0.006947,0.069471,0.800000,1.000000,0.800000,6.399458,6.429870,2.615063,0.356456,1.518346,0.000000,
population,trainable,paper,0.2,10,6.0,1,final,5069,7069,0,6.408068,0.000102,6.408170,0.00e+00,5.441754,5.453907,69.523456,69.535609,6.400000,5.597655,69.597655,-0.062047,0,0.008068,0.080682,0.800000,1.000000,0.800000,6.400845,6.413236,2.593758,0.374901,1.489548,0.000000,
population,trainable,paper,0.2,3,6.0,1,best,1,2001,0,6.409184,0.000389,6.409573,0.00e+00,5.440818,5.466295,24.669538,24.695014,6.400000,5.597655,24.797655,-0.102641,0,0.009184,0.027553,0.800000,1.000000,0.800000,6.381406,6.412402,2.614851,0.351211,1.521284,0.000000,
population,trainable,paper,0.2,3,6.0,1,final,1,2001,0,6.479341,0.001022,6.480362,0.00e+00,5.100521,5.127524,24.541607,24.568611,6.400000,5.597655,24.797655,-0.229044,0,0.079341,0.238022,0.800000,1.000000,0.800000,5.970323,6.011407,2.647867,0.403745,1.557032,0.000000,
population,trainable,paper,0.2,1,6.0,1,best,1,2001,0,6.411723,0.000443,6.412166,0.00e+00,5.428745,5.431639,11.840911,11.843805,6.400000,5.597655,11.997655,-0.153851,0,0.011723,0.011723,0.800000,1.000000,0.800000,6.364998,6.398336,2.614387,0.348434,1.519340,0.000000,
population,trainable,paper,0.2,1,6.0,1,final,1,2001,0,7.000381,0.022155,7.022537,0.00e+00,4.228434,4.317477,11.250971,11.340014,6.400000,5.597655,11.997655,-0.657642,0,0.600381,0.600381,0.800000,1.000000,0.800000,4.915505,4.986016,2.618191,0.364073,1.460221,0.000000,
population,trainable,paper,0.2,0.3,6.0,1,best,1,2001,0,6.414420,0.000510,6.414930,0.00e+00,5.417003,5.426287,7.341482,7.350766,6.400000,5.597655,7.517655,-0.166890,0,0.014420,0.004326,0.800000,1.000000,0.800000,6.345811,6.384803,2.613833,0.345909,1.520330,0.000000,
population,trainable,paper,0.2,0.3,6.0,1,final,1,2001,0,8.998957,0.714128,9.713085,0.00e+00,2.728112,2.954545,5.642037,5.868470,6.400000,5.597655,7.517655,-1.649185,0,2.598957,0.779687,0.800000,1.000000,0.800000,3.121435,3.224690,3.052104,0.437891,1.390337,0.000000,
population,trainable,paper,0.2,0.1,6.0,1,best,1,2001,0,6.418844,0.000488,6.419332,0.00e+00,5.402097,5.421466,6.044030,6.063400,6.400000,5.597655,6.237655,-0.174256,0,0.018844,0.001884,0.800000,1.000000,0.800000,6.324703,6.367785,2.613134,0.342214,1.518008,0.000000,
population,trainable,paper,0.2,0.1,6.0,1,final,1,2001,0,11.632711,4.568202,16.200913,0.00e+00,1.524238,1.760186,3.144330,3.380277,6.400000,5.597655,6.237655,-2.857378,0,5.232711,0.523271,0.800000,1.000000,0.800000,1.688137,1.806063,3.624963,0.513223,1.311270,0.000000,
population,trainable,paper,0.2,0.03,6.0,1,best,1,2001,0,6.419455,0.000556,6.420011,0.00e+00,5.387381,5.416159,5.579981,5.608759,6.400000,5.597655,5.789655,-0.180896,0,0.019455,0.000584,0.800000,1.000000,0.800000,6.304151,6.350416,2.615041,0.347798,1.515613,0.000000,
population,trainable,paper,0.2,0.03,6.0,1,final,1,2001,0,13.170634,10.957042,24.127676,0.00e+00,1.054440,1.191882,1.778270,1.915712,6.400000,5.597655,5.789655,-3.873943,0,6.770634,0.203119,0.800000,1.000000,0.800000,1.078727,1.200801,4.064847,0.443066,1.448231,0.000000,
population,trainable,paper,0.2,0.01,6.0,1,best,1,2001,0,6.424265,0.000594,6.424860,0.00e+00,5.372189,5.390509,5.436437,5.454757,6.400000,5.597655,5.661655,-0.206898,0,0.024265,0.000243,0.800000,1.000000,0.800000,6.283135,6.333111,2.617713,0.346292,1.513844,0.000000,
population,trainable,paper,0.2,0.01,6.0,1,final,1,2001,0,13.969038,14.381963,28.351001,0.00e+00,0.982214,1.073767,1.265724,1.357277,6.400000,5.597655,5.661655,-4.304378,0,7.569038,0.075690,0.800000,1.000000,0.800000,0.962363,1.105813,4.313783,0.420858,1.434118,0.000000,
population,trainable,paper,0.2,0.003,6.0,1,best,1,2001,0,6.427257,0.000604,6.427860,0.00e+00,5.357276,5.383849,5.376560,5.403132,6.400000,5.597655,5.616855,-0.213723,0,0.027257,0.000082,0.800000,1.000000,0.800000,6.262672,6.315804,2.616992,0.343860,1.512493,0.000000,
population,trainable,paper,0.2,0.003,6.0,1,final,1,2001,0,14.916348,16.201071,31.117419,0.00e+00,0.967925,1.040616,1.061278,1.133969,6.400000,5.597655,5.616855,-4.482887,0,8.516348,0.025549,0.800000,1.000000,0.800000,0.912392,1.081021,4.490599,0.425153,1.425628,0.000000,
population,trainable,paper,0.2,0.001,6.0,1,best,1,2001,0,6.430181,0.000619,6.430800,0.00e+00,5.342597,5.357983,5.349027,5.364413,6.400000,5.597655,5.604055,-0.239642,0,0.030181,0.000030,0.800000,1.000000,0.800000,6.240715,6.298537,2.615617,0.341176,1.513018,0.000000,
population,trainable,paper,0.2,0.001,6.0,1,final,1,2001,0,15.045509,16.565254,31.610764,0.00e+00,0.965939,1.032476,0.997549,1.064087,6.400000,5.597655,5.604055,-4.539968,0,8.645509,0.008646,0.800000,1.000000,0.800000,0.863967,1.085712,5.017000,0.192668,1.503569,0.000000,
sampled,fixed,paper,0.2,0.001,6.0,4,best,511,611,0,13.871301,29.579884,43.451184,0.00e+00,0.936450,0.941931,0.979901,0.985382,6.400000,5.597655,5.604055,-4.618673,0,7.471301,0.007471,0.803000,1.000000,0.803000,nan,nan,nan,1.000000,0.000000,0.027021,
sampled,fixed,paper,0.2,0.001,6.0,4,final,511,611,0,13.856267,29.865835,43.722102,0.00e+00,0.936349,0.941420,0.980071,0.985142,6.400000,5.597655,5.604055,-4.618913,0,7.456267,0.007456,0.803000,1.000000,0.803000,nan,nan,nan,1.000000,0.000000,0.027021,
sampled,fixed,paper,0.2,0.3,6.0,1,best,138,238,0,9.478189,0.828366,10.306556,0.00e+00,2.814826,3.019089,5.906792,6.111056,6.400000,5.597655,7.517655,-1.406600,0,3.078189,0.923457,0.784000,1.000000,0.784000,nan,nan,nan,1.000000,0.000000,0.034375,
sampled,fixed,paper,0.2,0.3,6.0,1,final,138,238,0,9.469155,0.860441,10.329596,0.00e+00,2.821232,3.013321,5.920111,6.112200,6.400000,5.597655,7.517655,-1.405455,0,3.069155,0.920747,0.784000,1.000000,0.784000,nan,nan,nan,1.000000,0.000000,0.034375,
sampled,fixed,paper,0.2,3,6.0,3,best,63,163,0,6.460442,0.000592,6.461034,0.00e+00,5.082664,5.113903,24.465764,24.497003,6.400000,5.597655,24.797655,-0.300652,0,0.060442,0.181325,0.801000,1.000000,0.801000,nan,nan,nan,1.000000,0.000000,0.020463,
sampled,fixed,paper,0.2,3,6.0,3,final,63,163,0,6.454099,0.000819,6.454918,0.00e+00,5.105897,5.133670,24.470651,24.498424,6.400000,5.597655,24.797655,-0.299232,0,0.054099,0.162298,0.801000,1.000000,0.801000,nan,nan,nan,1.000000,0.000000,0.020463,
sampled,fixed,paper,0.2,1,6.0,2,best,64,164,0,6.912937,0.035013,6.947950,0.00e+00,4.031772,4.117022,10.979721,11.064972,6.400000,5.597655,11.997655,-0.932684,0,0.512937,0.512937,0.807000,1.000000,0.807000,nan,nan,nan,1.000000,0.000000,0.024074,
sampled,fixed,paper,0.2,1,6.0,2,final,64,164,0,6.835531,0.025976,6.861507,0.00e+00,4.106151,4.184593,10.967658,11.046100,6.400000,5.597655,11.997655,-0.951555,0,0.435531,0.435531,0.807000,1.000000,0.807000,nan,nan,nan,1.000000,0.000000,0.024074,
sampled,fixed,paper,0.2,3,6.0,1,best,77,177,0,6.917347,0.000520,6.917867,0.00e+00,5.467604,5.502067,26.221205,26.255668,6.400000,5.597655,24.797655,1.458013,1,0.517347,1.552042,0.784000,1.000000,0.784000,nan,nan,nan,1.000000,0.000000,0.034375,
sampled,fixed,paper,0.2,3,6.0,1,final,77,177,0,6.917162,0.001269,6.918431,0.00e+00,5.470016,5.501574,26.225309,26.256867,6.400000,5.597655,24.797655,1.459212,1,0.517162,1.551487,0.784000,1.000000,0.784000,nan,nan,nan,1.000000,0.000000,0.034375,
sampled,fixed,paper,0.2,1,6.0,3,best,76,176,0,6.957209,0.024829,6.982038,0.00e+00,4.242570,4.323549,11.224608,11.305587,6.400000,5.597655,11.997655,-0.692068,0,0.557209,0.557209,0.801000,1.000000,0.801000,nan,nan,nan,1.000000,0.000000,0.020463,
sampled,fixed,paper,0.2,1,6.0,3,final,76,176,0,6.938727,0.025450,6.964177,0.00e+00,4.263544,4.339146,11.227721,11.303323,6.400000,5.597655,11.997655,-0.694332,0,0.538727,0.538727,0.801000,1.000000,0.801000,nan,nan,nan,1.000000,0.000000,0.020463,
population,trainable,paper,0.4,10,6.0,3,best,3904,5904,0,11.218163,0.002273,11.220435,0.00e+00,7.529325,7.786499,119.733676,119.990851,11.200000,8.191259,120.191259,-0.200409,0,0.018163,0.181625,0.600000,1.000000,0.600000,4.399242,4.436955,2.234281,0.389158,1.432845,0.000000,
population,trainable,paper,0.4,10,6.0,3,final,3904,5904,0,11.223421,0.001970,11.225392,0.00e+00,7.468013,7.757646,119.721929,120.011562,11.200000,8.191259,120.191259,-0.179698,0,0.023421,0.234211,0.600000,1.000000,0.600000,4.362083,4.400959,2.216708,0.381194,1.435769,0.000000,
population,trainable,paper,0.4,3,6.0,3,best,1,2001,0,11.220449,0.002431,11.222881,0.00e+00,7.511868,7.813944,41.180511,41.482587,11.200000,8.191259,41.791259,-0.308673,0,0.020449,0.061348,0.600000,1.000000,0.600000,4.386235,4.426824,2.230165,0.382000,1.435502,0.000000,
population,trainable,paper,0.4,3,6.0,3,final,1,2001,0,11.373770,0.024865,11.398634,0.00e+00,6.531500,6.961920,40.727403,41.157823,11.200000,8.191259,41.791259,-0.633436,0,0.173770,0.521309,0.600000,1.000000,0.600000,3.789829,3.850448,2.101426,0.379927,1.385037,0.000000,
population,trainable,paper,0.4,1,6.0,3,best,1,2001,0,11.221965,0.002466,11.224431,0.00e+00,7.488879,7.767019,18.713309,18.991450,11.200000,8.191259,19.391259,-0.399809,0,0.021965,0.021965,0.600000,1.000000,0.600000,4.368833,4.413312,2.232433,0.387437,1.430888,0.000000,
population,trainable,paper,0.4,1,6.0,3,final,1,2001,0,11.984045,0.324550,12.308595,0.00e+00,4.856360,5.520389,17.164956,17.828984,11.200000,8.191259,19.391259,-1.562275,0,0.784045,0.784045,0.600000,1.000000,0.600000,2.777524,2.864750,2.209071,0.448254,1.322509,0.000000,
population,trainable,paper,0.4,0.3,6.0,3,best,1,2001,0,11.224040,0.002644,11.226684,0.00e+00,7.464085,7.722179,10.832090,11.090185,11.200000,8.191259,11.551259,-0.461075,0,0.024040,0.007212,0.600000,1.000000,0.600000,4.353380,4.398749,2.233490,0.386499,1.433600,0.000000,
population,trainable,paper,0.4,0.3,6.0,3,final,1,2001,0,13.334646,3.019709,16.354355,0.00e+00,2.797514,3.438864,7.703821,8.345170,11.200000,8.191259,11.551259,-3.206089,0,2.134646,0.640394,0.600000,1.000000,0.600000,1.534814,1.650340,2.644011,0.478638,1.278212,0.000000,
population,trainable,paper,0.4,0.1,6.0,3,best,1,2001,0,11.226979,0.002821,11.229801,0.00e+00,7.444394,7.751419,8.567374,8.874399,11.200000,8.191259,9.311259,-0.436860,0,0.026979,0.002698,0.600000,1.000000,0.600000,4.342917,4.387382,2.230314,0.381979,1.436084,0.000000,
population,trainable,paper,0.4,0.1,6.0,3,final,1,2001,0,14.420771,9.047961,23.468732,0.00e+00,1.756936,2.155860,4.103809,4.502733,11.200000,8.191259,9.311259,-4.808527,0,3.220771,0.322077,0.600000,1.000000,0.600000,0.882539,0.948275,2.912090,0.451726,1.329758,0.000000,
population,trainable,paper,0.4,0.03,6.0,3,best,1,2001,0,11.230526,0.003065,11.233591,0.00e+00,7.423424,7.698490,7.760432,8.035498,11.200000,8.191259,8.527259,-0.491762,0,0.030526,0.000916,0.600000,1.000000,0.600000,4.329778,4.375371,2.229885,0.378801,1.435408,0.000000,
population,trainable,paper,0.4,0.03,6.0,3,final,1,2001,0,14.850128,15.509212,30.359340,0.00e+00,1.576056,1.728460,2.486836,2.639240,11.200000,8.191259,8.527259,-5.888019,0,3.650128,0.109504,0.600000,1.000000,0.600000,0.678586,0.727028,3.079502,0.521173,1.284128,0.000000,
population,trainable,paper,0.4,0.01,6.0,3,best,1,2001,0,11.234325,0.003094,11.237419,0.00e+00,7.399434,7.703832,7.511808,7.816206,11.200000,8.191259,8.303259,-0.487054,0,0.034325,0.000343,0.600000,1.000000,0.600000,4.315963,4.361458,2.228717,0.378954,1.437028,0.000000,
population,trainable,paper,0.4,0.01,6.0,3,final,1,2001,0,15.414670,19.893719,35.308389,0.00e+00,1.558336,1.628650,1.911420,1.981733,11.200000,8.191259,8.303259,-6.321526,0,4.214670,0.042147,0.600000,1.000000,0.600000,0.629025,0.676275,3.388535,0.441671,1.283802,0.000000,
population,trainable,paper,0.4,0.003,6.0,3,best,1,2001,0,11.237448,0.003311,11.240759,0.00e+00,7.374673,7.637470,7.408396,7.671192,11.200000,8.191259,8.224859,-0.553667,0,0.037448,0.000112,0.600000,1.000000,0.600000,4.299963,4.347004,2.230932,0.378516,1.435576,0.000000,
population,trainable,paper,0.4,0.003,6.0,3,final,1,2001,0,16.376066,22.283955,38.660021,0.00e+00,1.558055,1.602792,1.674035,1.718772,11.200000,8.191259,8.224859,-6.506087,0,5.176066,0.015528,0.600000,1.000000,0.600000,0.619399,0.672444,3.731752,0.443815,1.455806,0.000000,
population,trainable,paper,0.4,0.001,6.0,3,best,1,2001,0,11.242191,0.003320,11.245512,0.00e+00,7.350940,7.659467,7.362185,7.670713,11.200000,8.191259,8.202459,-0.531747,0,0.042191,0.000042,0.600000,1.000000,0.600000,4.282363,4.333438,2.226121,0.371933,1.436415,0.000000,
population,trainable,paper,0.4,0.001,6.0,3,final,1,2001,0,17.203564,23.261150,40.464714,0.00e+00,1.557691,1.594998,1.598155,1.635462,11.200000,8.191259,8.202459,-6.566997,0,6.003564,0.006004,0.600000,1.000000,0.600000,0.627726,0.676250,4.071747,0.432428,1.327996,0.000000,
sampled,fixed,paper,0.2,3,6.0,2,best,57,157,0,6.331258,0.000791,6.332049,0.00e+00,4.869858,4.904378,23.866006,23.900525,6.400000,5.597655,24.797655,-0.897130,0,-0.068742,-0.206227,0.807000,1.000000,0.807000,nan,nan,nan,1.000000,0.000000,0.024074,
sampled,fixed,paper,0.2,3,6.0,2,final,57,157,0,6.304979,0.000910,6.305889,0.00e+00,4.932108,4.958975,23.849775,23.876642,6.400000,5.597655,24.797655,-0.921013,0,-0.095021,-0.285062,0.807000,1.000000,0.807000,nan,nan,nan,1.000000,0.000000,0.024074,
sampled,fixed,paper,0.2,0.3,6.0,2,best,135,235,0,9.084735,0.787923,9.872658,0.00e+00,2.552844,2.747597,5.514641,5.709394,6.400000,5.597655,7.517655,-1.808261,0,2.684735,0.805420,0.807000,1.000000,0.807000,nan,nan,nan,1.000000,0.000000,0.024074,
sampled,fixed,paper,0.2,0.3,6.0,2,final,135,235,0,9.083447,0.793936,9.877384,0.00e+00,2.553877,2.744649,5.517092,5.707864,6.400000,5.597655,7.517655,-1.809791,0,2.683447,0.805034,0.807000,1.000000,0.807000,nan,nan,nan,1.000000,0.000000,0.024074,
sampled,fixed,paper,0.2,0.3,6.0,0,best,141,241,0,9.287439,0.851504,10.138943,0.00e+00,2.494234,2.707619,5.535917,5.749302,6.400000,5.597655,7.517655,-1.768353,0,2.887439,0.866232,0.805000,1.000000,0.805000,nan,nan,nan,1.000000,0.000000,0.016024,
sampled,fixed,paper,0.2,0.3,6.0,0,final,141,241,0,9.285875,0.874640,10.160516,0.00e+00,2.491756,2.697669,5.539911,5.745823,6.400000,5.597655,7.517655,-1.771832,0,2.885875,0.865763,0.805000,1.000000,0.805000,nan,nan,nan,1.000000,0.000000,0.016024,
sampled,fixed,paper,0.4,0.001,6.0,3,best,97,197,0,15.066961,28.418352,43.485313,0.00e+00,1.541295,1.555743,1.584780,1.599228,11.200000,8.191259,8.202459,-6.603232,0,3.866961,0.003867,0.606500,1.000000,0.606500,nan,nan,nan,1.000000,0.000000,0.032139,
sampled,fixed,paper,0.4,0.001,6.0,3,final,97,197,0,14.993265,32.915737,47.909002,0.00e+00,1.537722,1.543449,1.585631,1.591358,11.200000,8.191259,8.202459,-6.611101,0,3.793265,0.003793,0.606500,1.000000,0.606500,nan,nan,nan,1.000000,0.000000,0.032139,
sampled,fixed,paper,0.2,10,6.0,2,best,57,157,0,6.232267,0.000073,6.232341,0.00e+00,5.214314,5.234303,67.537719,67.557709,6.400000,5.597655,69.597655,-2.039946,0,-0.167733,-1.677326,0.807000,1.000000,0.807000,nan,nan,nan,1.000000,0.000000,0.024074,
sampled,fixed,paper,0.2,10,6.0,2,final,57,157,0,6.221628,0.000059,6.221687,0.00e+00,5.265651,5.280117,67.482525,67.496991,6.400000,5.597655,69.597655,-2.100664,0,-0.178372,-1.783718,0.807000,1.000000,0.807000,nan,nan,nan,1.000000,0.000000,0.024074,
sampled,fixed,paper,0.2,10,6.0,1,best,84,184,0,6.859706,0.000054,6.859760,0.00e+00,5.850371,5.869153,74.447968,74.466750,6.400000,5.597655,69.597655,4.869095,1,0.459706,4.597059,0.784000,1.000000,0.784000,nan,nan,nan,1.000000,0.000000,0.034375,
sampled,fixed,paper,0.2,10,6.0,1,final,84,184,0,6.859662,0.000070,6.859732,0.00e+00,5.850155,5.869221,74.447476,74.466542,6.400000,5.597655,69.597655,4.868886,1,0.459662,4.596621,0.784000,1.000000,0.784000,nan,nan,nan,1.000000,0.000000,0.034375,
sampled,fixed,paper,0.2,0.01,6.0,2,best,526,626,0,13.641025,17.503862,31.144887,0.00e+00,0.929293,0.975870,1.240742,1.287319,6.400000,5.597655,5.661655,-4.374336,0,7.241025,0.072410,0.807000,1.000000,0.807000,nan,nan,nan,1.000000,0.000000,0.024074,
sampled,fixed,paper,0.2,0.01,6.0,2,final,526,626,0,13.639149,17.559177,31.198326,0.00e+00,0.929662,0.975282,1.241645,1.287266,6.400000,5.597655,5.661655,-4.374390,0,7.239149,0.072391,0.807000,1.000000,0.807000,nan,nan,nan,1.000000,0.000000,0.024074,
sampled,fixed,paper,0.2,1,6.0,4,best,185,285,0,6.963256,0.028310,6.991566,0.00e+00,4.138360,4.222809,11.129926,11.214375,6.400000,5.597655,11.997655,-0.783280,0,0.563256,0.563256,0.803000,1.000000,0.803000,nan,nan,nan,1.000000,0.000000,0.027021,
sampled,fixed,paper,0.2,1,6.0,4,final,185,285,0,6.962847,0.030844,6.993691,0.00e+00,4.139502,4.220510,11.133193,11.214201,6.400000,5.597655,11.997655,-0.783454,0,0.562847,0.562847,0.803000,1.000000,0.803000,nan,nan,nan,1.000000,0.000000,0.027021,
sampled,fixed,paper,0.2,3,6.0,4,best,107,207,0,6.420907,0.000605,6.421512,0.00e+00,4.989079,5.022119,24.253615,24.286655,6.400000,5.597655,24.797655,-0.511001,0,0.020907,0.062720,0.803000,1.000000,0.803000,nan,nan,nan,1.000000,0.000000,0.027021,
sampled,fixed,paper,0.2,3,6.0,4,final,107,207,0,6.421253,0.000945,6.422198,0.00e+00,4.987940,5.016374,24.254536,24.282970,6.400000,5.597655,24.797655,-0.514686,0,0.021253,0.063760,0.803000,1.000000,0.803000,nan,nan,nan,1.000000,0.000000,0.027021,
sampled,fixed,paper,0.2,1,6.0,0,best,141,241,0,6.982073,0.029758,7.011831,0.00e+00,4.039260,4.130483,11.051091,11.142314,6.400000,5.597655,11.997655,-0.855341,0,0.582073,0.582073,0.805000,1.000000,0.805000,nan,nan,nan,1.000000,0.000000,0.016024,
sampled,fixed,paper,0.2,1,6.0,0,final,141,241,0,6.976523,0.030791,7.007314,0.00e+00,4.042070,4.132215,11.049385,11.139530,6.400000,5.597655,11.997655,-0.858126,0,0.576523,0.576523,0.805000,1.000000,0.805000,nan,nan,nan,1.000000,0.000000,0.016024,
sampled,fixed,paper,0.2,0.3,6.0,4,best,213,313,0,9.228291,0.820964,10.049255,0.00e+00,2.554610,2.758502,5.569387,5.773278,6.400000,5.597655,7.517655,-1.744377,0,2.828291,0.848487,0.803000,1.000000,0.803000,nan,nan,nan,1.000000,0.000000,0.027021,
sampled,fixed,paper,0.2,0.3,6.0,4,final,213,313,0,9.212324,0.851433,10.063758,0.00e+00,2.564239,2.755416,5.583367,5.774543,6.400000,5.597655,7.517655,-1.743112,0,2.812324,0.843697,0.803000,1.000000,0.803000,nan,nan,nan,1.000000,0.000000,0.027021,
sampled,fixed,paper,0.2,10,6.0,3,best,62,162,0,6.386235,0.000055,6.386290,0.00e+00,5.433390,5.451682,69.296289,69.314581,6.400000,5.597655,69.597655,-0.283075,0,-0.013765,-0.137648,0.801000,1.000000,0.801000,nan,nan,nan,1.000000,0.000000,0.020463,
sampled,fixed,paper,0.2,10,6.0,3,final,62,162,0,6.385434,0.000082,6.385516,0.00e+00,5.447247,5.463065,69.302403,69.318222,6.400000,5.597655,69.597655,-0.279434,0,-0.014566,-0.145658,0.801000,1.000000,0.801000,nan,nan,nan,1.000000,0.000000,0.020463,
sampled,fixed,paper,0.2,3,6.0,0,best,192,292,0,6.389726,0.001076,6.390802,0.00e+00,4.894555,4.924878,24.066960,24.097283,6.400000,5.597655,24.797655,-0.700373,0,-0.010274,-0.030823,0.805000,1.000000,0.805000,nan,nan,nan,1.000000,0.000000,0.016024,
sampled,fixed,paper,0.2,3,6.0,0,final,192,292,0,6.390035,0.000814,6.390849,0.00e+00,4.892039,4.926404,24.064586,24.098950,6.400000,5.597655,24.797655,-0.698705,0,-0.009965,-0.029895,0.805000,1.000000,0.805000,nan,nan,nan,1.000000,0.000000,0.016024,
sampled,fixed,paper,0.4,0.001,6.0,0,best,106,206,0,14.965533,29.113129,44.078662,0.00e+00,1.497836,1.510139,1.541915,1.554218,11.200000,8.191259,8.202459,-6.648242,0,3.765533,0.003766,0.624000,1.000000,0.624000,nan,nan,nan,1.000000,0.000000,0.017659,
sampled,fixed,paper,0.4,0.001,6.0,0,final,106,206,0,14.931299,32.967735,47.899035,0.00e+00,1.495910,1.501511,1.543809,1.549410,11.200000,8.191259,8.202459,-6.653050,0,3.731299,0.003731,0.624000,1.000000,0.624000,nan,nan,nan,1.000000,0.000000,0.017659,
sampled,fixed,paper,0.2,0.003,6.0,3,best,899,999,0,13.775820,23.468678,37.244497,0.00e+00,0.941128,0.956489,1.052861,1.068222,6.400000,5.597655,5.616855,-4.548633,0,7.375820,0.022127,0.801000,1.000000,0.801000,nan,nan,nan,1.000000,0.000000,0.020463,
sampled,fixed,paper,0.2,0.003,6.0,3,final,899,999,0,13.776885,23.812576,37.589461,0.00e+00,0.941078,0.955407,1.053847,1.068175,6.400000,5.597655,5.616855,-4.548680,0,7.376885,0.022131,0.801000,1.000000,0.801000,nan,nan,nan,1.000000,0.000000,0.020463,
sampled,fixed,paper,0.4,0.001,6.0,1,best,97,197,0,15.428424,28.631166,44.059590,0.00e+00,1.581862,1.595863,1.625922,1.639923,11.200000,8.191259,8.202459,-6.562536,0,4.228424,0.004228,0.592000,1.000000,0.592000,nan,nan,nan,1.000000,0.000000,0.026758,
sampled,fixed,paper,0.4,0.001,6.0,1,final,97,197,0,15.208090,33.040276,48.248365,0.00e+00,1.579911,1.585667,1.628160,1.633915,11.200000,8.191259,8.202459,-6.568544,0,4.008090,0.004008,0.592000,1.000000,0.592000,nan,nan,nan,1.000000,0.000000,0.026758,
sampled,fixed,paper,0.4,0.003,6.0,1,best,50,150,0,15.379391,21.500872,36.880262,0.00e+00,1.601744,1.659341,1.712384,1.769981,11.200000,8.191259,8.224859,-6.454878,0,4.179391,0.012538,0.592000,1.000000,0.592000,nan,nan,nan,1.000000,0.000000,0.026758,
sampled,fixed,paper,0.4,0.003,6.0,1,final,50,150,0,15.049098,27.877142,42.926240,0.00e+00,1.580100,1.595934,1.708879,1.724713,11.200000,8.191259,8.224859,-6.500146,0,3.849098,0.011547,0.592000,1.000000,0.592000,nan,nan,nan,1.000000,0.000000,0.026758,
sampled,fixed,paper,0.2,10,6.0,4,best,196,296,0,6.334197,0.000077,6.334273,0.00e+00,5.335821,5.353109,68.678552,68.695840,6.400000,5.597655,69.597655,-0.901815,0,-0.065803,-0.658034,0.803000,1.000000,0.803000,nan,nan,nan,1.000000,0.000000,0.027021,
sampled,fixed,paper,0.2,10,6.0,4,final,196,296,0,6.334135,0.000066,6.334201,0.00e+00,5.335811,5.351960,68.677818,68.693967,6.400000,5.597655,69.597655,-0.903688,0,-0.065865,-0.658654,0.803000,1.000000,0.803000,nan,nan,nan,1.000000,0.000000,0.027021,
sampled,fixed,paper,0.4,0.001,6.0,2,best,99,199,0,16.935589,28.924187,45.859776,0.00e+00,1.568020,1.580789,1.613880,1.626649,11.200000,8.191259,8.202459,-6.575810,0,5.735589,0.005736,0.598500,1.000000,0.598500,nan,nan,nan,1.000000,0.000000,0.032716,
sampled,fixed,paper,0.4,0.001,6.0,2,final,99,199,0,15.909461,32.955227,48.864688,0.00e+00,1.562914,1.568488,1.611779,1.617352,11.200000,8.191259,8.202459,-6.585107,0,4.709461,0.004709,0.598500,1.000000,0.598500,nan,nan,nan,1.000000,0.000000,0.032716,
sampled,fixed,paper,0.2,10,6.0,0,best,191,291,0,6.287847,0.000074,6.287920,0.00e+00,5.243334,5.259352,68.122535,68.138552,6.400000,5.597655,69.597655,-1.459103,0,-0.112153,-1.121534,0.805000,1.000000,0.805000,nan,nan,nan,1.000000,0.000000,0.016024,
sampled,fixed,paper,0.2,10,6.0,0,final,191,291,0,6.287719,0.000073,6.287792,0.00e+00,5.242942,5.262068,68.120860,68.139987,6.400000,5.597655,69.597655,-1.457669,0,-0.112281,-1.122812,0.805000,1.000000,0.805000,nan,nan,nan,1.000000,0.000000,0.016024,
sampled,fixed,paper,0.2,0.3,6.0,3,best,237,337,0,9.131756,0.767091,9.898847,0.00e+00,2.641225,2.834168,5.610879,5.803822,6.400000,5.597655,7.517655,-1.713833,0,2.731756,0.819527,0.801000,1.000000,0.801000,nan,nan,nan,1.000000,0.000000,0.020463,
sampled,fixed,paper,0.2,0.3,6.0,3,final,237,337,0,9.103954,0.787990,9.891944,0.00e+00,2.657004,2.835563,5.624587,5.803146,6.400000,5.597655,7.517655,-1.714509,0,2.703954,0.811186,0.801000,1.000000,0.801000,nan,nan,nan,1.000000,0.000000,0.020463,
sampled,fixed,paper,0.4,0.03,6.0,1,best,9,109,0,16.038294,1.757448,17.795742,0.00e+00,1.849274,5.082479,2.383147,5.616351,11.200000,8.191259,8.527259,-2.910909,0,4.838294,0.145149,0.592000,1.000000,0.592000,nan,nan,nan,1.000000,0.000000,0.026758,
sampled,fixed,paper,0.4,0.03,6.0,1,final,9,109,0,14.879178,16.174284,31.053462,0.00e+00,1.596763,1.738980,2.528367,2.670584,11.200000,8.191259,8.527259,-5.856675,0,3.679178,0.110375,0.592000,1.000000,0.592000,nan,nan,nan,1.000000,0.000000,0.026758,
sampled,fixed,paper,0.4,0.003,6.0,2,best,99,199,0,15.539834,26.720997,42.260831,0.00e+00,1.568037,1.587633,1.694819,1.714416,11.200000,8.191259,8.224859,-6.510444,0,4.339834,0.013020,0.598500,1.000000,0.598500,nan,nan,nan,1.000000,0.000000,0.032716,
sampled,fixed,paper,0.4,0.003,6.0,2,final,99,199,0,15.042897,27.847387,42.890285,0.00e+00,1.563255,1.578402,1.691926,1.707073,11.200000,8.191259,8.224859,-6.517786,0,3.842897,0.011529,0.598500,1.000000,0.598500,nan,nan,nan,1.000000,0.000000,0.032716,
sampled,fixed,paper,0.4,0.003,6.0,4,best,45,145,0,15.829626,20.265072,36.094698,0.00e+00,1.573180,1.643558,1.681465,1.751842,11.200000,8.191259,8.224859,-6.473017,0,4.629626,0.013889,0.601000,1.000000,0.601000,nan,nan,nan,1.000000,0.000000,0.026140,
sampled,fixed,paper,0.4,0.003,6.0,4,final,45,145,0,15.066442,27.749952,42.816395,0.00e+00,1.554320,1.570111,1.682769,1.698561,11.200000,8.191259,8.224859,-6.526299,0,3.866442,0.011599,0.601000,1.000000,0.601000,nan,nan,nan,1.000000,0.000000,0.026140,
sampled,fixed,paper,0.4,0.01,6.0,3,best,33,133,0,14.912053,15.696216,30.608269,0.00e+00,1.583605,1.752193,1.889687,2.058275,11.200000,8.191259,8.303259,-6.244984,0,3.712053,0.037121,0.606500,1.000000,0.606500,nan,nan,nan,1.000000,0.000000,0.032139,
sampled,fixed,paper,0.4,0.01,6.0,3,final,33,133,0,14.908419,21.764864,36.673283,0.00e+00,1.539252,1.589140,1.905985,1.955873,11.200000,8.191259,8.303259,-6.347387,0,3.708419,0.037084,0.606500,1.000000,0.606500,nan,nan,nan,1.000000,0.000000,0.032139,
sampled,fixed,paper,0.4,0.01,6.0,1,best,34,134,0,15.143508,16.358086,31.501594,0.00e+00,1.625813,1.777350,1.940829,2.092366,11.200000,8.191259,8.303259,-6.210893,0,3.943508,0.039435,0.592000,1.000000,0.592000,nan,nan,nan,1.000000,0.000000,0.026758,
sampled,fixed,paper,0.4,0.01,6.0,1,final,34,134,0,14.973872,21.834543,36.808415,0.00e+00,1.581962,1.632345,1.950047,2.000429,11.200000,8.191259,8.303259,-6.302830,0,3.773872,0.037739,0.592000,1.000000,0.592000,nan,nan,nan,1.000000,0.000000,0.026758,
sampled,fixed,paper,0.4,0.003,6.0,3,best,64,164,0,15.016387,23.478022,38.494409,0.00e+00,1.552599,1.591040,1.668082,1.706524,11.200000,8.191259,8.224859,-6.518336,0,3.816387,0.011449,0.606500,1.000000,0.606500,nan,nan,nan,1.000000,0.000000,0.032139,
sampled,fixed,paper,0.4,0.003,6.0,3,final,64,164,0,14.947264,27.864759,42.812023,0.00e+00,1.537797,1.553193,1.666233,1.681629,11.200000,8.191259,8.224859,-6.543231,0,3.747264,0.011242,0.606500,1.000000,0.606500,nan,nan,nan,1.000000,0.000000,0.032139,
sampled,fixed,paper,0.4,0.01,6.0,0,best,33,133,0,14.857115,15.871848,30.728963,0.00e+00,1.532335,1.692310,1.839625,1.999599,11.200000,8.191259,8.303259,-6.303660,0,3.657115,0.036571,0.624000,1.000000,0.624000,nan,nan,nan,1.000000,0.000000,0.017659,
sampled,fixed,paper,0.4,0.01,6.0,0,final,33,133,0,14.872311,21.817461,36.689772,0.00e+00,1.495417,1.544897,1.862315,1.911795,11.200000,8.191259,8.303259,-6.391465,0,3.672311,0.036723,0.624000,1.000000,0.624000,nan,nan,nan,1.000000,0.000000,0.017659,
sampled,fixed,paper,0.4,0.01,6.0,4,best,31,131,0,15.371849,15.469933,30.841782,0.00e+00,1.597182,1.768290,1.905599,2.076708,11.200000,8.191259,8.303259,-6.226551,0,4.171849,0.041718,0.601000,1.000000,0.601000,nan,nan,nan,1.000000,0.000000,0.026140,
sampled,fixed,paper,0.4,0.01,6.0,4,final,31,131,0,14.935264,21.833727,36.768991,0.00e+00,1.556386,1.605795,1.924076,1.973485,11.200000,8.191259,8.303259,-6.329774,0,3.735264,0.037353,0.601000,1.000000,0.601000,nan,nan,nan,1.000000,0.000000,0.026140,
sampled,fixed,paper,0.4,0.03,6.0,0,best,9,109,0,16.031538,1.998395,18.029933,0.00e+00,1.716828,4.857964,2.257726,5.398862,11.200000,8.191259,8.527259,-3.128397,0,4.831538,0.144946,0.561500,0.896000,0.597500,nan,nan,nan,1.000000,0.000000,0.017659,
sampled,fixed,paper,0.4,0.03,6.0,0,final,9,109,0,14.763638,16.082836,30.846475,0.00e+00,1.504522,1.645643,2.429917,2.571037,11.200000,8.191259,8.527259,-5.956222,0,3.563638,0.106909,0.624000,1.000000,0.624000,nan,nan,nan,1.000000,0.000000,0.017659,
sampled,fixed,paper,0.4,0.003,6.0,0,best,55,155,0,14.966101,22.138189,37.104290,0.00e+00,1.510323,1.559464,1.621636,1.670776,11.200000,8.191259,8.224859,-6.554083,0,3.766101,0.011298,0.624000,1.000000,0.624000,nan,nan,nan,1.000000,0.000000,0.017659,
sampled,fixed,paper,0.4,0.003,6.0,0,final,55,155,0,14.909514,27.927725,42.837239,0.00e+00,1.495783,1.510930,1.624295,1.639442,11.200000,8.191259,8.224859,-6.585417,0,3.709514,0.011129,0.624000,1.000000,0.624000,nan,nan,nan,1.000000,0.000000,0.017659,
sampled,fixed,paper,0.2,0.01,6.0,0,best,567,667,0,13.693118,17.736122,31.429240,0.00e+00,0.932792,0.979526,1.247084,1.293819,6.400000,5.597655,5.661655,-4.367837,0,7.293118,0.072931,0.805000,1.000000,0.805000,nan,nan,nan,1.000000,0.000000,0.016024,
sampled,fixed,paper,0.2,0.01,6.0,0,final,567,667,0,13.691324,17.790619,31.481943,0.00e+00,0.932767,0.978718,1.247586,1.293537,6.400000,5.597655,5.661655,-4.368118,0,7.291324,0.072913,0.805000,1.000000,0.805000,nan,nan,nan,1.000000,0.000000,0.016024,
sampled,fixed,paper,0.4,0.001,6.0,4,best,106,206,0,15.852054,29.201895,45.053948,0.00e+00,1.557407,1.569498,1.602461,1.614552,11.200000,8.191259,8.202459,-6.587907,0,4.652054,0.004652,0.601000,1.000000,0.601000,nan,nan,nan,1.000000,0.000000,0.026140,
sampled,fixed,paper,0.4,0.001,6.0,4,final,106,206,0,15.395230,33.039478,48.434709,0.00e+00,1.554170,1.559641,1.602605,1.608076,11.200000,8.191259,8.202459,-6.594384,0,4.195230,0.004195,0.601000,1.000000,0.601000,nan,nan,nan,1.000000,0.000000,0.026140,
sampled,fixed,paper,0.4,0.01,6.0,2,best,37,137,0,15.702029,17.223343,32.925372,0.00e+00,1.603372,1.731097,1.932626,2.060351,11.200000,8.191259,8.303259,-6.242908,0,4.502029,0.045020,0.598500,1.000000,0.598500,nan,nan,nan,1.000000,0.000000,0.032716,
sampled,fixed,paper,0.4,0.01,6.0,2,final,37,137,0,14.942031,21.830524,36.772555,0.00e+00,1.565770,1.614696,1.933496,1.982421,11.200000,8.191259,8.303259,-6.320838,0,3.742031,0.037420,0.598500,1.000000,0.598500,nan,nan,nan,1.000000,0.000000,0.032716,
sampled,fixed,paper,0.4,0.03,6.0,2,best,7,107,0,17.539759,0.764284,18.304043,0.00e+00,1.831686,6.105298,2.380807,6.654419,11.200000,8.191259,8.527259,-1.872840,0,6.339759,0.190193,0.547000,0.900500,0.547000,nan,nan,nan,1.000000,0.000000,0.032716,
sampled,fixed,paper,0.4,0.03,6.0,2,final,7,107,0,14.838744,15.972959,30.811703,0.00e+00,1.582468,1.725785,2.506819,2.650137,11.200000,8.191259,8.527259,-5.877123,0,3.638744,0.109162,0.598500,1.000000,0.598500,nan,nan,nan,1.000000,0.000000,0.032716,
sampled,fixed,paper,0.4,0.03,6.0,3,best,8,108,0,15.868476,1.366405,17.234881,0.00e+00,1.760639,5.347537,2.277685,5.864583,11.200000,8.191259,8.527259,-2.662676,0,4.668476,0.140054,0.606500,1.000000,0.582500,nan,nan,nan,1.000000,0.000000,0.032139,
sampled,fixed,paper,0.4,0.03,6.0,3,final,8,108,0,14.804955,15.980638,30.785593,0.00e+00,1.553570,1.696769,2.477138,2.620337,11.200000,8.191259,8.527259,-5.906923,0,3.604955,0.108149,0.606500,1.000000,0.606500,nan,nan,nan,1.000000,0.000000,0.032139,
sampled,fixed,paper,0.4,0.03,6.0,4,best,10,110,0,16.198271,2.769858,18.968129,0.00e+00,1.773946,4.401311,2.342990,4.970355,11.200000,8.191259,8.527259,-3.556905,0,4.998271,0.149948,0.549000,0.901500,0.548000,nan,nan,nan,1.000000,0.000000,0.026140,
sampled,fixed,paper,0.4,0.03,6.0,4,final,10,110,0,14.831096,15.992041,30.823136,0.00e+00,1.573224,1.716922,2.497918,2.641616,11.200000,8.191259,8.527259,-5.885644,0,3.631096,0.108933,0.601000,1.000000,0.601000,nan,nan,nan,1.000000,0.000000,0.026140,
sampled,fixed,paper,0.4,0.1,6.0,0,best,9,109,0,15.660506,1.915761,17.576267,0.00e+00,1.710966,4.910764,3.468593,6.668391,11.200000,8.191259,9.311259,-2.642868,0,4.460506,0.446051,0.624000,1.000000,0.613000,nan,nan,nan,1.000000,0.000000,0.017659,
sampled,fixed,paper,0.4,0.1,6.0,0,final,9,109,0,14.329614,9.083413,23.413027,0.00e+00,1.658829,2.042387,4.000132,4.383690,11.200000,8.191259,9.311259,-4.927570,0,3.129614,0.312961,0.624000,1.000000,0.624000,nan,nan,nan,1.000000,0.000000,0.017659,
sampled,fixed,paper,0.4,0.3,6.0,2,best,8,108,0,15.880028,0.838256,16.718284,0.00e+00,1.869647,5.852494,6.885132,10.867979,11.200000,8.191259,11.551259,-0.683280,0,4.680028,1.404008,0.547000,0.900500,0.547000,nan,nan,nan,1.000000,0.000000,0.032716,
sampled,fixed,paper,0.4,0.3,6.0,2,final,8,108,0,13.364382,2.964127,16.328509,0.00e+00,2.824718,3.418655,7.723271,8.317208,11.200000,8.191259,11.551259,-3.234051,0,2.164382,0.649315,0.598500,1.000000,0.598500,nan,nan,nan,1.000000,0.000000,0.032716,
sampled,fixed,paper,0.4,0.1,6.0,1,best,8,108,0,15.931752,1.162934,17.094687,0.00e+00,1.854681,5.697141,3.564150,7.406610,11.200000,8.191259,9.311259,-1.904650,0,4.731752,0.473175,0.592000,1.000000,0.592000,nan,nan,nan,1.000000,0.000000,0.026758,
sampled,fixed,paper,0.4,0.1,6.0,1,final,8,108,0,14.491117,9.154577,23.645695,0.00e+00,1.776374,2.168022,4.140943,4.532592,11.200000,8.191259,9.311259,-4.778668,0,3.291117,0.329112,0.592000,1.000000,0.592000,nan,nan,nan,1.000000,0.000000,0.026758,
sampled,fixed,paper,0.4,0.1,6.0,3,best,8,108,0,15.586096,1.294687,16.880783,0.00e+00,1.768021,5.405745,3.456099,7.093824,11.200000,8.191259,9.311259,-2.217436,0,4.386096,0.438610,0.606500,1.000000,0.595000,nan,nan,nan,1.000000,0.000000,0.032139,
sampled,fixed,paper,0.4,0.1,6.0,3,final,8,108,0,14.381082,8.998577,23.379659,0.00e+00,1.730528,2.116348,4.068494,4.454313,11.200000,8.191259,9.311259,-4.856946,0,3.181082,0.318108,0.606500,1.000000,0.606500,nan,nan,nan,1.000000,0.000000,0.032139,
population,trainable,paper,0.2,10,6.0,4,best,8793,10793,0,6.406755,0.000250,6.407005,0.00e+00,5.459609,5.480092,69.529659,69.550143,6.400000,5.597655,69.597655,-0.047513,0,0.006755,0.067550,0.800000,1.000000,0.800000,6.408327,6.434361,2.805946,0.326730,1.830386,0.000000,
population,trainable,paper,0.2,10,6.0,4,final,8793,10793,0,6.408350,0.000179,6.408529,0.00e+00,5.439502,5.454119,69.524789,69.539406,6.400000,5.597655,69.597655,-0.058249,0,0.008350,0.083495,0.800000,1.000000,0.800000,6.394619,6.410592,2.794267,0.329496,1.928540,0.000000,
population,trainable,paper,0.2,3,6.0,4,best,1,2001,0,6.408638,0.000302,6.408940,0.00e+00,5.444328,5.473641,24.671147,24.700460,6.400000,5.597655,24.797655,-0.097195,0,0.008638,0.025914,0.800000,1.000000,0.800000,6.392234,6.416513,2.807229,0.325190,1.827962,0.000000,
population,trainable,paper,0.2,3,6.0,4,final,1,2001,0,6.482155,0.000725,6.482880,0.00e+00,5.094384,5.123455,24.543025,24.572095,6.400000,5.597655,24.797655,-0.225560,0,0.082155,0.246465,0.800000,1.000000,0.800000,5.966200,6.004384,2.734518,0.338403,1.914406,0.000000,
population,trainable,paper,0.2,1,6.0,4,best,1,2001,0,6.410308,0.000307,6.410615,0.00e+00,5.429176,5.451069,11.839792,11.861684,6.400000,5.597655,11.997655,-0.135971,0,0.010308,0.010308,0.800000,1.000000,0.800000,6.372378,6.398652,2.805579,0.324447,1.819376,0.000000,
population,trainable,paper,0.2,1,6.0,4,final,1,2001,0,6.977107,0.022884,6.999991,0.00e+00,4.247571,4.351828,11.247562,11.351819,6.400000,5.597655,11.997655,-0.645836,0,0.577107,0.577107,0.800000,1.000000,0.800000,4.883235,5.007424,2.788931,0.375076,2.067162,0.000000,
population,trainable,paper,0.2,0.3,6.0,4,best,1,2001,0,6.412753,0.000322,6.413075,0.00e+00,5.413831,5.441759,7.337753,7.365682,6.400000,5.597655,7.517655,-0.151974,0,0.012753,0.003826,0.800000,1.000000,0.800000,6.352074,6.380816,2.805387,0.325136,1.820027,0.000000,
population,trainable,paper,0.2,0.3,6.0,4,final,1,2001,0,9.026929,0.734178,9.761107,0.00e+00,2.715122,2.943002,5.643454,5.871334,6.400000,5.597655,7.517655,-1.646321,0,2.626929,0.788079,0.800000,1.000000,0.800000,3.105347,3.208739,3.162051,0.424929,1.861059,0.000000,
population,trainable,paper,0.2,0.1,6.0,4,best,1,2001,0,6.415454,0.000377,6.415831,0.00e+00,5.398537,5.418491,6.040120,6.060074,6.400000,5.597655,6.237655,-0.177581,0,0.015454,0.001545,0.800000,1.000000,0.800000,6.331805,6.363010,2.804410,0.321444,1.817286,0.000000,
population,trainable,paper,0.2,0.1,6.0,4,final,1,2001,0,11.692745,4.790282,16.483027,0.00e+00,1.496734,1.725643,3.145037,3.373946,6.400000,5.597655,6.237655,-2.863709,0,5.292745,0.529275,0.800000,1.000000,0.800000,1.616404,1.769722,3.675135,0.422147,1.739748,0.000000,
population,trainable,paper,0.2,0.03,6.0,4,best,1,2001,0,6.418106,0.000418,6.418524,0.00e+00,5.383267,5.400482,5.575823,5.593038,6.400000,5.597655,5.789655,-0.196618,0,0.018106,0.000543,0.800000,1.000000,0.800000,6.311078,6.345241,2.804292,0.323501,1.815290,0.000000,
population,trainable,paper,0.2,0.03,6.0,4,final,1,2001,0,13.207376,11.457316,24.664693,0.00e+00,1.038425,1.173107,1.778366,1.913048,6.400000,5.597655,5.789655,-3.876607,0,6.807376,0.204221,0.800000,1.000000,0.800000,1.079009,1.171277,4.014279,0.439629,1.723614,0.000000,
population,trainable,paper,0.2,0.01,6.0,4,best,1,2001,0,6.421756,0.000474,6.422230,0.00e+00,5.374684,5.389694,5.438907,5.453916,6.400000,5.597655,5.661655,-0.207739,0,0.021756,0.000218,0.800000,1.000000,0.800000,6.298479,6.335613,2.807363,0.329219,1.809070,0.000000,
population,trainable,paper,0.2,0.01,6.0,4,final,1,2001,0,14.149692,15.296254,29.445946,0.00e+00,0.975993,1.056491,1.270452,1.350951,6.400000,5.597655,5.661655,-4.310705,0,7.749692,0.077497,0.800000,1.000000,0.800000,0.920846,1.087081,4.142728,0.590046,1.597438,0.000000,
population,trainable,paper,0.2,0.003,6.0,4,best,1,2001,0,6.423837,0.000471,6.424309,0.00e+00,5.359633,5.365166,5.378906,5.384439,6.400000,5.597655,5.616855,-0.232417,0,0.023837,0.000072,0.800000,1.000000,0.800000,6.277813,6.317893,2.805673,0.328076,1.808957,0.000000,
population,trainable,paper,0.2,0.003,6.0,4,final,1,2001,0,14.964172,17.457289,32.421461,0.00e+00,0.961851,1.018809,1.059115,1.116074,6.400000,5.597655,5.616855,-4.500782,0,8.564172,0.025693,0.800000,1.000000,0.800000,0.923769,1.067107,4.380774,0.437064,1.865602,0.000000,
population,trainable,paper,0.2,0.001,6.0,4,best,1,2001,0,6.427392,0.000472,6.427864,0.00e+00,5.344415,5.352362,5.350843,5.358790,6.400000,5.597655,5.604055,-0.245265,0,0.027392,0.000027,0.800000,1.000000,0.800000,6.256791,6.300318,2.804243,0.326599,1.816345,0.000000,
population,trainable,paper,0.2,0.001,6.0,4,final,1,2001,0,15.012654,17.820454,32.833108,0.00e+00,0.967177,1.023742,1.000010,1.056575,6.400000,5.597655,5.604055,-4.547481,0,8.612654,0.008613,0.800000,1.000000,0.800000,0.904196,1.077748,4.378813,0.301193,1.807224,0.000000,
sampled,fixed,paper,0.4,0.1,6.0,2,best,7,107,0,16.977430,0.697646,17.675076,0.00e+00,1.835737,6.184171,3.603245,7.951679,11.200000,8.191259,9.311259,-1.359581,0,5.777430,0.577743,0.547000,0.900500,0.545500,nan,nan,nan,1.000000,0.000000,0.032716,
sampled,fixed,paper,0.4,0.1,6.0,2,final,7,107,0,14.424316,8.963982,23.388298,0.00e+00,1.774114,2.156803,4.112944,4.495633,11.200000,8.191259,9.311259,-4.815627,0,3.224316,0.322432,0.598500,1.000000,0.598500,nan,nan,nan,1.000000,0.000000,0.032716,
sampled,fixed,paper,0.4,0.3,6.0,4,best,8,108,0,15.709319,1.176540,16.885859,0.00e+00,1.849467,5.821475,6.915224,10.887233,11.200000,8.191259,11.551259,-0.664026,0,4.509319,1.352796,0.492000,0.800500,0.462000,nan,nan,nan,1.000000,0.000000,0.026140,
sampled,fixed,paper,0.4,0.3,6.0,4,final,8,108,0,13.370555,2.983557,16.354112,0.00e+00,2.783533,3.387051,7.689767,8.293285,11.200000,8.191259,11.551259,-3.257975,0,2.170555,0.651166,0.601000,1.000000,0.601000,nan,nan,nan,1.000000,0.000000,0.026140,
sampled,fixed,paper,0.4,0.3,6.0,0,best,9,109,0,15.279250,1.681186,16.960436,0.00e+00,1.709434,5.089374,6.797564,10.177504,11.200000,8.191259,11.551259,-1.373755,0,4.079250,1.223775,0.624000,1.000000,0.615500,nan,nan,nan,1.000000,0.000000,0.017659,
sampled,fixed,paper,0.4,0.3,6.0,0,final,9,109,0,13.184751,2.969411,16.154161,0.00e+00,2.639628,3.233838,7.485877,8.080087,11.200000,8.191259,11.551259,-3.471173,0,1.984751,0.595425,0.624000,1.000000,0.624000,nan,nan,nan,1.000000,0.000000,0.017659,
sampled,fixed,paper,0.4,0.3,6.0,1,best,8,108,0,15.544713,0.966947,16.511660,0.00e+00,1.850472,5.877311,6.803970,10.830810,11.200000,8.191259,11.551259,-0.720450,0,4.344713,1.303414,0.592000,1.000000,0.591500,nan,nan,nan,1.000000,0.000000,0.026758,
sampled,fixed,paper,0.4,0.3,6.0,1,final,8,108,0,13.479854,3.067168,16.547022,0.00e+00,2.804124,3.420771,7.768231,8.384878,11.200000,8.191259,11.551259,-3.166381,0,2.279854,0.683956,0.592000,1.000000,0.592000,nan,nan,nan,1.000000,0.000000,0.026758,
sampled,fixed,paper,0.4,0.1,6.0,4,best,9,109,0,15.907753,1.939407,17.847160,0.00e+00,1.797403,5.029214,3.582119,6.813930,11.200000,8.191259,9.311259,-2.497330,0,4.707753,0.470775,0.549000,0.901500,0.532000,nan,nan,nan,1.000000,0.000000,0.026140,
sampled,fixed,paper,0.4,0.1,6.0,4,final,9,109,0,14.417058,8.987869,23.404927,0.00e+00,1.757923,2.142944,4.098416,4.483436,11.200000,8.191259,9.311259,-4.827823,0,3.217058,0.321706,0.601000,1.000000,0.601000,nan,nan,nan,1.000000,0.000000,0.026140,
sampled,fixed,paper,0.4,0.3,6.0,3,best,8,108,0,15.262501,1.110116,16.372616,0.00e+00,1.790609,5.586100,6.702394,10.497885,11.200000,8.191259,11.551259,-1.053374,0,4.062501,1.218750,0.606500,1.000000,0.600500,nan,nan,nan,1.000000,0.000000,0.032139,
sampled,fixed,paper,0.4,0.3,6.0,3,final,8,108,0,13.264932,2.897141,16.162072,0.00e+00,2.780016,3.375899,7.628638,8.224521,11.200000,8.191259,11.551259,-3.326738,0,2.064932,0.619480,0.606500,1.000000,0.606500,nan,nan,nan,1.000000,0.000000,0.032139,
sampled,fixed,paper,0.4,1,6.0,2,best,49,149,0,12.090359,0.380906,12.471265,0.00e+00,4.790371,5.421829,17.261637,17.893094,11.200000,8.191259,19.391259,-1.498166,0,0.890359,0.890359,0.598500,1.000000,0.598500,nan,nan,nan,1.000000,0.000000,0.032716,
sampled,fixed,paper,0.4,1,6.0,2,final,49,149,0,12.011336,0.369483,12.380819,0.00e+00,4.898184,5.470247,17.279003,17.851067,11.200000,8.191259,19.391259,-1.540193,0,0.811336,0.811336,0.598500,1.000000,0.598500,nan,nan,nan,1.000000,0.000000,0.032716,
sampled,fixed,paper,0.2,0.01,6.0,3,best,683,783,0,13.648272,17.369152,31.017424,0.00e+00,0.949213,0.996334,1.259387,1.306508,6.400000,5.597655,5.661655,-4.355147,0,7.248272,0.072483,0.801000,1.000000,0.801000,nan,nan,nan,1.000000,0.000000,0.020463,
sampled,fixed,paper,0.2,0.01,6.0,3,final,683,783,0,13.648726,17.532223,31.180948,0.00e+00,0.949311,0.994557,1.261120,1.306366,6.400000,5.597655,5.661655,-4.355289,0,7.248726,0.072487,0.801000,1.000000,0.801000,nan,nan,nan,1.000000,0.000000,0.020463,
sampled,fixed,paper,0.4,1,6.0,3,best,69,169,0,11.889020,0.340299,12.229319,0.00e+00,4.817664,5.410980,17.046983,17.640299,11.200000,8.191259,19.391259,-1.750960,0,0.689020,0.689020,0.606500,1.000000,0.606500,nan,nan,nan,1.000000,0.000000,0.032139,
sampled,fixed,paper,0.4,1,6.0,3,final,69,169,0,11.886187,0.345409,12.231596,0.00e+00,4.827494,5.406628,17.059090,17.638224,11.200000,8.191259,19.391259,-1.753036,0,0.686187,0.686187,0.606500,1.000000,0.606500,nan,nan,nan,1.000000,0.000000,0.032139,
sampled,fixed,paper,0.4,3,6.0,0,best,76,176,0,10.993368,0.027257,11.020625,0.00e+00,6.155501,6.565034,39.217377,39.626911,11.200000,8.191259,41.791259,-2.164349,0,-0.206632,-0.619896,0.624000,1.000000,0.624000,nan,nan,nan,1.000000,0.000000,0.017659,
sampled,fixed,paper,0.4,3,6.0,0,final,76,176,0,10.991330,0.029300,11.020630,0.00e+00,6.163891,6.562516,39.225780,39.624406,11.200000,8.191259,41.791259,-2.166854,0,-0.208670,-0.626010,0.624000,1.000000,0.624000,nan,nan,nan,1.000000,0.000000,0.017659,
sampled,fixed,paper,0.4,1,6.0,0,best,141,241,0,11.708423,0.353249,12.061672,0.00e+00,4.566024,5.162481,16.627696,17.224152,11.200000,8.191259,19.391259,-2.167107,0,0.508423,0.508423,0.624000,1.000000,0.624000,nan,nan,nan,1.000000,0.000000,0.017659,
sampled,fixed,paper,0.4,1,6.0,0,final,141,241,0,11.701756,0.359902,12.061657,0.00e+00,4.576958,5.158944,16.638615,17.220601,11.200000,8.191259,19.391259,-2.170659,0,0.501756,0.501756,0.624000,1.000000,0.624000,nan,nan,nan,1.000000,0.000000,0.017659,
sampled,fixed,paper,0.4,1,6.0,1,best,138,238,0,12.128691,0.371875,12.500566,0.00e+00,4.869499,5.491724,17.370064,17.992290,11.200000,8.191259,19.391259,-1.398969,0,0.928691,0.928691,0.592000,1.000000,0.592000,nan,nan,nan,1.000000,0.000000,0.026758,
sampled,fixed,paper,0.4,1,6.0,1,final,138,238,0,12.124523,0.384114,12.508637,0.00e+00,4.880949,5.484952,17.389586,17.993589,11.200000,8.191259,19.391259,-1.397670,0,0.924523,0.924523,0.592000,1.000000,0.592000,nan,nan,nan,1.000000,0.000000,0.026758,
sampled,fixed,paper,0.4,3,6.0,2,best,44,144,0,11.476963,0.037524,11.514487,0.00e+00,6.358089,6.813918,40.901549,41.357378,11.200000,8.191259,41.791259,-0.433882,0,0.276963,0.830889,0.598500,1.000000,0.598500,nan,nan,nan,1.000000,0.000000,0.032716,
sampled,fixed,paper,0.4,3,6.0,2,final,44,144,0,11.408533,0.029606,11.438139,0.00e+00,6.582122,6.981011,40.896538,41.295428,11.200000,8.191259,41.791259,-0.495832,0,0.208533,0.625599,0.598500,1.000000,0.598500,nan,nan,nan,1.000000,0.000000,0.032716,
sampled,fixed,paper,0.4,3,6.0,1,best,62,162,0,11.533428,0.029838,11.563266,0.00e+00,6.567099,7.003146,41.256899,41.692945,11.200000,8.191259,41.791259,-0.098314,0,0.333428,1.000285,0.592000,1.000000,0.592000,nan,nan,nan,1.000000,0.000000,0.026758,
sampled,fixed,paper,0.4,3,6.0,1,final,62,162,0,11.533580,0.031816,11.565396,0.00e+00,6.569488,7.000698,41.265675,41.696885,11.200000,8.191259,41.791259,-0.094374,0,0.333580,1.000739,0.592000,1.000000,0.592000,nan,nan,nan,1.000000,0.000000,0.026758,
sampled,fixed,paper,0.4,10,6.0,1,best,49,149,0,11.394140,0.002207,11.396347,0.00e+00,7.457613,7.774787,121.421088,121.738261,11.200000,8.191259,120.191259,1.547002,1,0.194140,1.941402,0.592000,1.000000,0.592000,nan,nan,nan,1.000000,0.000000,0.026758,
sampled,fixed,paper,0.4,10,6.0,1,final,49,149,0,11.386899,0.002057,11.388956,0.00e+00,7.560925,7.857667,121.450481,121.747223,11.200000,8.191259,120.191259,1.555963,1,0.186899,1.868990,0.592000,1.000000,0.592000,nan,nan,nan,1.000000,0.000000,0.026758,
sampled,fixed,paper,0.4,3,6.0,3,best,69,169,0,11.275797,0.028019,11.303816,0.00e+00,6.465208,6.871899,40.376655,40.783347,11.200000,8.191259,41.791259,-1.007912,0,0.075797,0.227391,0.606500,1.000000,0.606500,nan,nan,nan,1.000000,0.000000,0.032139,
sampled,fixed,paper,0.4,3,6.0,3,final,69,169,0,11.260981,0.027584,11.288565,0.00e+00,6.502257,6.893405,40.367952,40.759100,11.200000,8.191259,41.791259,-1.032160,0,0.060981,0.182942,0.606500,1.000000,0.606500,nan,nan,nan,1.000000,0.000000,0.032139,
sampled,fixed,paper,0.4,3,6.0,4,best,70,170,0,11.363456,0.028521,11.391977,0.00e+00,6.510636,6.921182,40.686568,41.097114,11.200000,8.191259,41.791259,-0.694146,0,0.163456,0.490367,0.601000,1.000000,0.601000,nan,nan,nan,1.000000,0.000000,0.026140,
sampled,fixed,paper,0.4,3,6.0,4,final,70,170,0,11.360406,0.030277,11.390683,0.00e+00,6.514200,6.915415,40.686248,41.087463,11.200000,8.191259,41.791259,-0.703797,0,0.160406,0.481218,0.601000,1.000000,0.601000,nan,nan,nan,1.000000,0.000000,0.026140,
sampled,fixed,paper,0.4,10,6.0,2,best,47,147,0,11.279706,0.001801,11.281507,0.00e+00,7.385246,7.700333,120.200315,120.515401,11.200000,8.191259,120.191259,0.324142,0,0.079706,0.797060,0.598500,1.000000,0.598500,nan,nan,nan,1.000000,0.000000,0.032716,
sampled,fixed,paper,0.4,10,6.0,2,final,47,147,0,11.263263,0.001813,11.265076,0.00e+00,7.560453,7.831729,120.211215,120.482490,11.200000,8.191259,120.191259,0.291231,0,0.063263,0.632627,0.598500,1.000000,0.598500,nan,nan,nan,1.000000,0.000000,0.032716,
sampled,fixed,paper,0.4,10,6.0,3,best,58,158,0,11.114272,0.001596,11.115869,0.00e+00,7.410339,7.690241,118.569025,118.848927,11.200000,8.191259,120.191259,-1.342332,0,-0.085728,-0.857279,0.606500,1.000000,0.606500,nan,nan,nan,1.000000,0.000000,0.032139,
sampled,fixed,paper,0.4,10,6.0,3,final,58,158,0,11.105597,0.001618,11.107214,0.00e+00,7.462343,7.727127,118.534488,118.799271,11.200000,8.191259,120.191259,-1.391989,0,-0.094403,-0.944035,0.606500,1.000000,0.606500,nan,nan,nan,1.000000,0.000000,0.032139,
sampled,fixed,paper,0.4,1,6.0,4,best,212,312,0,11.984541,0.352929,12.337470,0.00e+00,4.827824,5.431967,17.165294,17.769436,11.200000,8.191259,19.391259,-1.621823,0,0.784541,0.784541,0.601000,1.000000,0.601000,nan,nan,nan,1.000000,0.000000,0.026140,
sampled,fixed,paper,0.4,1,6.0,4,final,212,312,0,11.981203,0.370570,12.351773,0.00e+00,4.836420,5.416097,17.188193,17.767870,11.200000,8.191259,19.391259,-1.623390,0,0.781203,0.781203,0.601000,1.000000,0.601000,nan,nan,nan,1.000000,0.000000,0.026140,
sampled,fixed,paper,0.4,10,6.0,4,best,70,170,0,11.208590,0.001464,11.210053,0.00e+00,7.472661,7.755962,119.573195,119.856496,11.200000,8.191259,120.191259,-0.334764,0,0.008590,0.085896,0.601000,1.000000,0.601000,nan,nan,nan,1.000000,0.000000,0.026140,
sampled,fixed,paper,0.4,10,6.0,4,final,70,170,0,11.206124,0.001864,11.207989,0.00e+00,7.482900,7.757043,119.562785,119.836929,11.200000,8.191259,120.191259,-0.354331,0,0.006124,0.061243,0.601000,1.000000,0.601000,nan,nan,nan,1.000000,0.000000,0.026140,
sampled,fixed,paper,0.4,10,6.0,0,best,115,215,0,10.783682,0.001369,10.785050,0.00e+00,7.072867,7.349077,114.923372,115.199582,11.200000,8.191259,120.191259,-4.991677,0,-0.416318,-4.163181,0.624000,1.000000,0.624000,nan,nan,nan,1.000000,0.000000,0.017659,
sampled,fixed,paper,0.4,10,6.0,0,final,115,215,0,10.783727,0.001699,10.785426,0.00e+00,7.072849,7.345607,114.927107,115.199865,11.200000,8.191259,120.191259,-4.991394,0,-0.416273,-4.162733,0.624000,1.000000,0.624000,nan,nan,nan,1.000000,0.000000,0.017659,
