2026-08-30 06:53:07 | Device: cuda
2026-08-30 06:53:07 | Args: {'model': 'dceb', 'backbone': 'mlp', 'task': 'mnist', 'epochs': 400, 'batch_size': 512, 'lr': 0.001, 'hidden_dims': [512, 256], 'dropout': 0.2, 'z_dim': 256, 'anchor_scale': 4.0, 'anchor_geometry': 'qr', 'max_len': 250, 'random_labels': False, 'beta': 10.0, 'patience': 400, 'runs': 5, 'seed': 0, 'data_dir': './data', 'save_path': 'output/mnist_mlp_dceb/mnist_mlp_dceb.pt', 'log_path': '/root/autodl-tmp/FGIB/tune_results_ablation/dceb_diag/mnist_mlp_dceb_beta_10/train.log', 'no_save': True, 'freeze_a': False, 'a_identity': False, 'cosine_classifier': False, 'log_variance_stats': True, 'subject_disjoint': False}
2026-08-30 06:53:07 | ===== Run 1/5 (seed 0) =====
2026-08-30 06:53:12 | Epoch   1/400 | Train Loss 2.6891 Acc 0.1060 | Val Loss 2.3015 Acc 0.1129 AUC 0.5000 Pre 0.0113 Rec 0.1000
2026-08-30 06:53:12 | Diag logvar_q_mean=0.0128 logvar_q_clamp=0.0000 logvar_p_mean=0.0128 logvar_p_clamp=0.0000 kappa_log10=3.2106
2026-08-30 06:53:12 |   Val AUC improved to 0.5000, model saved
2026-08-30 06:53:16 | Epoch   2/400 | Train Loss 2.3015 Acc 0.1123 | Val Loss 2.3010 Acc 0.1129 AUC 0.5000 Pre 0.0113 Rec 0.1000
2026-08-30 06:53:17 | Diag logvar_q_mean=0.0128 logvar_q_clamp=0.0000 logvar_p_mean=0.0128 logvar_p_clamp=0.0000 kappa_log10=3.2103
2026-08-30 06:53:21 | Epoch   3/400 | Train Loss 2.3014 Acc 0.1123 | Val Loss 2.3008 Acc 0.1129 AUC 0.5000 Pre 0.0113 Rec 0.1000
2026-08-30 06:53:21 | Diag logvar_q_mean=0.0128 logvar_q_clamp=0.0000 logvar_p_mean=0.0128 logvar_p_clamp=0.0000 kappa_log10=3.2124
2026-08-30 06:53:25 | Epoch   4/400 | Train Loss 2.3013 Acc 0.1123 | Val Loss 2.3008 Acc 0.1129 AUC 0.5000 Pre 0.0113 Rec 0.1000
2026-08-30 06:53:26 | Diag logvar_q_mean=0.0128 logvar_q_clamp=0.0000 logvar_p_mean=0.0128 logvar_p_clamp=0.0000 kappa_log10=3.2126
2026-08-30 06:53:30 | Epoch   5/400 | Train Loss 2.3013 Acc 0.1123 | Val Loss 2.3008 Acc 0.1129 AUC 0.5000 Pre 0.0113 Rec 0.1000
2026-08-30 06:53:30 | Diag logvar_q_mean=0.0128 logvar_q_clamp=0.0000 logvar_p_mean=0.0128 logvar_p_clamp=0.0000 kappa_log10=3.2127
2026-08-30 06:53:34 | Epoch   6/400 | Train Loss 2.3013 Acc 0.1123 | Val Loss 2.3008 Acc 0.1129 AUC 0.5000 Pre 0.0113 Rec 0.1000
2026-08-30 06:53:35 | Diag logvar_q_mean=0.0128 logvar_q_clamp=0.0000 logvar_p_mean=0.0128 logvar_p_clamp=0.0000 kappa_log10=3.2128
2026-08-30 06:53:39 | Epoch   7/400 | Train Loss 2.3013 Acc 0.1123 | Val Loss 2.3008 Acc 0.1129 AUC 0.5000 Pre 0.0113 Rec 0.1000
2026-08-30 06:53:40 | Diag logvar_q_mean=0.0128 logvar_q_clamp=0.0000 logvar_p_mean=0.0128 logvar_p_clamp=0.0000 kappa_log10=3.2130
2026-08-30 06:53:44 | Epoch   8/400 | Train Loss 2.3013 Acc 0.1123 | Val Loss 2.3007 Acc 0.1129 AUC 0.5000 Pre 0.0113 Rec 0.1000
2026-08-30 06:53:44 | Diag logvar_q_mean=0.0128 logvar_q_clamp=0.0000 logvar_p_mean=0.0128 logvar_p_clamp=0.0000 kappa_log10=3.2132
2026-08-30 06:53:48 | Epoch   9/400 | Train Loss 2.3013 Acc 0.1123 | Val Loss 2.3007 Acc 0.1129 AUC 0.5000 Pre 0.0113 Rec 0.1000
2026-08-30 06:53:49 | Diag logvar_q_mean=0.0128 logvar_q_clamp=0.0000 logvar_p_mean=0.0128 logvar_p_clamp=0.0000 kappa_log10=3.2130
2026-08-30 06:53:53 | Epoch  10/400 | Train Loss 2.3013 Acc 0.1123 | Val Loss 2.3008 Acc 0.1129 AUC 0.5000 Pre 0.0113 Rec 0.1000
2026-08-30 06:53:53 | Diag logvar_q_mean=0.0128 logvar_q_clamp=0.0000 logvar_p_mean=0.0128 logvar_p_clamp=0.0000 kappa_log10=3.2131
2026-08-30 06:53:57 | Epoch  11/400 | Train Loss 2.3013 Acc 0.1123 | Val Loss 2.3007 Acc 0.1129 AUC 0.5000 Pre 0.0113 Rec 0.1000
2026-08-30 06:53:58 | Diag logvar_q_mean=0.0128 logvar_q_clamp=0.0000 logvar_p_mean=0.0128 logvar_p_clamp=0.0000 kappa_log10=3.2131
2026-08-30 06:54:02 | Epoch  12/400 | Train Loss 2.3013 Acc 0.1123 | Val Loss 2.3007 Acc 0.1129 AUC 0.5000 Pre 0.0113 Rec 0.1000
2026-08-30 06:54:02 | Diag logvar_q_mean=0.0128 logvar_q_clamp=0.0000 logvar_p_mean=0.0128 logvar_p_clamp=0.0000 kappa_log10=3.2128
2026-08-30 06:54:06 | Epoch  13/400 | Train Loss 2.3013 Acc 0.1123 | Val Loss 2.3007 Acc 0.1129 AUC 0.5000 Pre 0.0113 Rec 0.1000
2026-08-30 06:54:07 | Diag logvar_q_mean=0.0128 logvar_q_clamp=0.0000 logvar_p_mean=0.0128 logvar_p_clamp=0.0000 kappa_log10=3.2123
2026-08-30 06:54:11 | Epoch  14/400 | Train Loss 2.3013 Acc 0.1123 | Val Loss 2.3007 Acc 0.1129 AUC 0.5000 Pre 0.0113 Rec 0.1000
2026-08-30 06:54:12 | Diag logvar_q_mean=0.0128 logvar_q_clamp=0.0000 logvar_p_mean=0.0128 logvar_p_clamp=0.0000 kappa_log10=3.2125
2026-08-30 06:54:16 | Epoch  15/400 | Train Loss 2.3013 Acc 0.1123 | Val Loss 2.3008 Acc 0.1129 AUC 0.5000 Pre 0.0113 Rec 0.1000
2026-08-30 06:54:16 | Diag logvar_q_mean=0.0128 logvar_q_clamp=0.0000 logvar_p_mean=0.0128 logvar_p_clamp=0.0000 kappa_log10=3.2133
2026-08-30 06:54:20 | Epoch  16/400 | Train Loss 2.3013 Acc 0.1123 | Val Loss 2.3007 Acc 0.1129 AUC 0.5000 Pre 0.0113 Rec 0.1000
2026-08-30 06:54:21 | Diag logvar_q_mean=0.0128 logvar_q_clamp=0.0000 logvar_p_mean=0.0128 logvar_p_clamp=0.0000 kappa_log10=3.2133
2026-08-30 06:54:25 | Epoch  17/400 | Train Loss 2.3013 Acc 0.1123 | Val Loss 2.3008 Acc 0.1129 AUC 0.5000 Pre 0.0113 Rec 0.1000
2026-08-30 06:54:26 | Diag logvar_q_mean=0.0128 logvar_q_clamp=0.0000 logvar_p_mean=0.0128 logvar_p_clamp=0.0000 kappa_log10=3.2133
2026-08-30 06:54:29 | Epoch  18/400 | Train Loss 2.3013 Acc 0.1123 | Val Loss 2.3008 Acc 0.1129 AUC 0.5000 Pre 0.0113 Rec 0.1000
2026-08-30 06:54:30 | Diag logvar_q_mean=0.0128 logvar_q_clamp=0.0000 logvar_p_mean=0.0128 logvar_p_clamp=0.0000 kappa_log10=3.2126
2026-08-30 06:54:34 | Epoch  19/400 | Train Loss 2.3013 Acc 0.1123 | Val Loss 2.3007 Acc 0.1129 AUC 0.5000 Pre 0.0113 Rec 0.1000
2026-08-30 06:54:35 | Diag logvar_q_mean=0.0128 logvar_q_clamp=0.0000 logvar_p_mean=0.0128 logvar_p_clamp=0.0000 kappa_log10=3.2126
2026-08-30 06:54:39 | Epoch  20/400 | Train Loss 2.3013 Acc 0.1123 | Val Loss 2.3008 Acc 0.1129 AUC 0.5000 Pre 0.0113 Rec 0.1000
2026-08-30 06:54:39 | Diag logvar_q_mean=0.0128 logvar_q_clamp=0.0000 logvar_p_mean=0.0128 logvar_p_clamp=0.0000 kappa_log10=3.2133
2026-08-30 06:54:43 | Epoch  21/400 | Train Loss 2.3013 Acc 0.1123 | Val Loss 2.3007 Acc 0.1129 AUC 0.5000 Pre 0.0113 Rec 0.1000
2026-08-30 06:54:44 | Diag logvar_q_mean=0.0128 logvar_q_clamp=0.0000 logvar_p_mean=0.0128 logvar_p_clamp=0.0000 kappa_log10=3.2133
2026-08-30 06:54:48 | Epoch  22/400 | Train Loss 2.3013 Acc 0.1123 | Val Loss 2.3008 Acc 0.1129 AUC 0.5000 Pre 0.0113 Rec 0.1000
2026-08-30 06:54:48 | Diag logvar_q_mean=0.0128 logvar_q_clamp=0.0000 logvar_p_mean=0.0128 logvar_p_clamp=0.0000 kappa_log10=3.2175
2026-08-30 06:54:52 | Epoch  23/400 | Train Loss 2.3013 Acc 0.1123 | Val Loss 2.3008 Acc 0.1129 AUC 0.5000 Pre 0.0113 Rec 0.1000
2026-08-30 06:54:53 | Diag logvar_q_mean=0.0128 logvar_q_clamp=0.0000 logvar_p_mean=0.0128 logvar_p_clamp=0.0000 kappa_log10=3.2198
2026-08-30 06:54:57 | Epoch  24/400 | Train Loss 2.3013 Acc 0.1123 | Val Loss 2.3008 Acc 0.1129 AUC 0.5000 Pre 0.0113 Rec 0.1000
2026-08-30 06:54:57 | Diag logvar_q_mean=0.0128 logvar_q_clamp=0.0000 logvar_p_mean=0.0128 logvar_p_clamp=0.0000 kappa_log10=3.2205
2026-08-30 06:55:01 | Epoch  25/400 | Train Loss 2.3013 Acc 0.1123 | Val Loss 2.3007 Acc 0.1129 AUC 0.5000 Pre 0.0113 Rec 0.1000
2026-08-30 06:55:02 | Diag logvar_q_mean=0.0128 logvar_q_clamp=0.0000 logvar_p_mean=0.0129 logvar_p_clamp=0.0000 kappa_log10=3.2176
2026-08-30 06:55:06 | Epoch  26/400 | Train Loss 2.3013 Acc 0.1123 | Val Loss 2.3008 Acc 0.1129 AUC 0.5000 Pre 0.0113 Rec 0.1000
2026-08-30 06:55:06 | Diag logvar_q_mean=0.0129 logvar_q_clamp=0.0000 logvar_p_mean=0.0128 logvar_p_clamp=0.0000 kappa_log10=3.2176
2026-08-30 06:55:10 | Epoch  27/400 | Train Loss 2.3013 Acc 0.1123 | Val Loss 2.3007 Acc 0.1129 AUC 0.5000 Pre 0.0113 Rec 0.1000
2026-08-30 06:55:11 | Diag logvar_q_mean=0.0129 logvar_q_clamp=0.0000 logvar_p_mean=0.0129 logvar_p_clamp=0.0000 kappa_log10=3.2166
2026-08-30 06:55:15 | Epoch  28/400 | Train Loss 2.3013 Acc 0.1123 | Val Loss 2.3008 Acc 0.1129 AUC 0.5000 Pre 0.0113 Rec 0.1000
2026-08-30 06:55:15 | Diag logvar_q_mean=0.0129 logvar_q_clamp=0.0000 logvar_p_mean=0.0129 logvar_p_clamp=0.0000 kappa_log10=3.2166
2026-08-30 06:55:19 | Epoch  29/400 | Train Loss 2.3013 Acc 0.1123 | Val Loss 2.3008 Acc 0.1129 AUC 0.5000 Pre 0.0113 Rec 0.1000
2026-08-30 06:55:20 | Diag logvar_q_mean=0.0129 logvar_q_clamp=0.0000 logvar_p_mean=0.0129 logvar_p_clamp=0.0000 kappa_log10=3.2158
2026-08-30 06:55:24 | Epoch  30/400 | Train Loss 2.3013 Acc 0.1123 | Val Loss 2.3007 Acc 0.1129 AUC 0.5000 Pre 0.0113 Rec 0.1000
2026-08-30 06:55:25 | Diag logvar_q_mean=0.0129 logvar_q_clamp=0.0000 logvar_p_mean=0.0129 logvar_p_clamp=0.0000 kappa_log10=3.2158
2026-08-30 06:55:28 | Epoch  31/400 | Train Loss 2.3013 Acc 0.1123 | Val Loss 2.3008 Acc 0.1129 AUC 0.5000 Pre 0.0113 Rec 0.1000
2026-08-30 06:55:29 | Diag logvar_q_mean=0.0129 logvar_q_clamp=0.0000 logvar_p_mean=0.0129 logvar_p_clamp=0.0000 kappa_log10=3.2158
2026-08-30 06:55:33 | Epoch  32/400 | Train Loss 2.3013 Acc 0.1123 | Val Loss 2.3007 Acc 0.1129 AUC 0.5000 Pre 0.0113 Rec 0.1000
2026-08-30 06:55:34 | Diag logvar_q_mean=0.0129 logvar_q_clamp=0.0000 logvar_p_mean=0.0129 logvar_p_clamp=0.0000 kappa_log10=3.2051
2026-08-30 06:55:38 | Epoch  33/400 | Train Loss 2.3013 Acc 0.1123 | Val Loss 2.3007 Acc 0.1129 AUC 0.5000 Pre 0.0113 Rec 0.1000
2026-08-30 06:55:38 | Diag logvar_q_mean=0.0129 logvar_q_clamp=0.0000 logvar_p_mean=0.0129 logvar_p_clamp=0.0000 kappa_log10=3.2050
2026-08-30 06:55:42 | Epoch  34/400 | Train Loss 2.3013 Acc 0.1123 | Val Loss 2.3008 Acc 0.1129 AUC 0.5000 Pre 0.0113 Rec 0.1000
2026-08-30 06:55:43 | Diag logvar_q_mean=0.0129 logvar_q_clamp=0.0000 logvar_p_mean=0.0129 logvar_p_clamp=0.0000 kappa_log10=3.2043
2026-08-30 06:55:47 | Epoch  35/400 | Train Loss 2.3013 Acc 0.1123 | Val Loss 2.3008 Acc 0.1129 AUC 0.5000 Pre 0.0113 Rec 0.1000
2026-08-30 06:55:47 | Diag logvar_q_mean=0.0129 logvar_q_clamp=0.0000 logvar_p_mean=0.0129 logvar_p_clamp=0.0000 kappa_log10=3.2043
2026-08-30 06:55:51 | Epoch  36/400 | Train Loss 2.3013 Acc 0.1123 | Val Loss 2.3007 Acc 0.1129 AUC 0.5000 Pre 0.0113 Rec 0.1000
2026-08-30 06:55:52 | Diag logvar_q_mean=0.0129 logvar_q_clamp=0.0000 logvar_p_mean=0.0129 logvar_p_clamp=0.0000 kappa_log10=3.2043
2026-08-30 06:55:56 | Epoch  37/400 | Train Loss 2.3013 Acc 0.1123 | Val Loss 2.3008 Acc 0.1129 AUC 0.5000 Pre 0.0113 Rec 0.1000
2026-08-30 06:55:57 | Diag logvar_q_mean=0.0129 logvar_q_clamp=0.0000 logvar_p_mean=0.0129 logvar_p_clamp=0.0000 kappa_log10=3.2043
2026-08-30 06:56:01 | Epoch  38/400 | Train Loss 2.3013 Acc 0.1123 | Val Loss 2.3008 Acc 0.1129 AUC 0.5000 Pre 0.0113 Rec 0.1000
2026-08-30 06:56:01 | Diag logvar_q_mean=0.0129 logvar_q_clamp=0.0000 logvar_p_mean=0.0129 logvar_p_clamp=0.0000 kappa_log10=3.2043
2026-08-30 06:56:05 | Epoch  39/400 | Train Loss 2.3013 Acc 0.1123 | Val Loss 2.3007 Acc 0.1129 AUC 0.5000 Pre 0.0113 Rec 0.1000
2026-08-30 06:56:06 | Diag logvar_q_mean=0.0129 logvar_q_clamp=0.0000 logvar_p_mean=0.0129 logvar_p_clamp=0.0000 kappa_log10=3.2040
2026-08-30 06:56:10 | Epoch  40/400 | Train Loss 2.3013 Acc 0.1123 | Val Loss 2.3008 Acc 0.1129 AUC 0.5000 Pre 0.0113 Rec 0.1000
2026-08-30 06:56:10 | Diag logvar_q_mean=0.0129 logvar_q_clamp=0.0000 logvar_p_mean=0.0129 logvar_p_clamp=0.0000 kappa_log10=3.2040
2026-08-30 06:56:14 | Epoch  41/400 | Train Loss 2.3013 Acc 0.1123 | Val Loss 2.3008 Acc 0.1129 AUC 0.5000 Pre 0.0113 Rec 0.1000
2026-08-30 06:56:15 | Diag logvar_q_mean=0.0129 logvar_q_clamp=0.0000 logvar_p_mean=0.0129 logvar_p_clamp=0.0000 kappa_log10=3.2040
2026-08-30 06:56:19 | Epoch  42/400 | Train Loss 2.3013 Acc 0.1123 | Val Loss 2.3007 Acc 0.1129 AUC 0.5000 Pre 0.0113 Rec 0.1000
2026-08-30 06:56:20 | Diag logvar_q_mean=0.0129 logvar_q_clamp=0.0000 logvar_p_mean=0.0129 logvar_p_clamp=0.0000 kappa_log10=3.2040
2026-08-30 06:56:23 | Epoch  43/400 | Train Loss 2.3013 Acc 0.1123 | Val Loss 2.3007 Acc 0.1129 AUC 0.5000 Pre 0.0113 Rec 0.1000
2026-08-30 06:56:24 | Diag logvar_q_mean=0.0129 logvar_q_clamp=0.0000 logvar_p_mean=0.0129 logvar_p_clamp=0.0000 kappa_log10=3.2040
2026-08-30 06:56:28 | Epoch  44/400 | Train Loss 2.3013 Acc 0.1123 | Val Loss 2.3008 Acc 0.1129 AUC 0.5000 Pre 0.0113 Rec 0.1000
2026-08-30 06:56:29 | Diag logvar_q_mean=0.0129 logvar_q_clamp=0.0000 logvar_p_mean=0.0129 logvar_p_clamp=0.0000 kappa_log10=3.2016
2026-08-30 06:56:33 | Epoch  45/400 | Train Loss 2.3013 Acc 0.1123 | Val Loss 2.3007 Acc 0.1129 AUC 0.5000 Pre 0.0113 Rec 0.1000
2026-08-30 06:56:33 | Diag logvar_q_mean=0.0129 logvar_q_clamp=0.0000 logvar_p_mean=0.0129 logvar_p_clamp=0.0000 kappa_log10=3.2012
2026-08-30 06:56:37 | Epoch  46/400 | Train Loss 2.3013 Acc 0.1123 | Val Loss 2.3008 Acc 0.1129 AUC 0.5000 Pre 0.0113 Rec 0.1000
2026-08-30 06:56:38 | Diag logvar_q_mean=0.0129 logvar_q_clamp=0.0000 logvar_p_mean=0.0129 logvar_p_clamp=0.0000 kappa_log10=3.2018
2026-08-30 06:56:42 | Epoch  47/400 | Train Loss 2.3013 Acc 0.1123 | Val Loss 2.3008 Acc 0.1129 AUC 0.5000 Pre 0.0113 Rec 0.1000
2026-08-30 06:56:42 | Diag logvar_q_mean=0.0129 logvar_q_clamp=0.0000 logvar_p_mean=0.0129 logvar_p_clamp=0.0000 kappa_log10=3.2018
2026-08-30 06:56:46 | Epoch  48/400 | Train Loss 2.3013 Acc 0.1123 | Val Loss 2.3008 Acc 0.1129 AUC 0.5000 Pre 0.0113 Rec 0.1000
2026-08-30 06:56:47 | Diag logvar_q_mean=0.0129 logvar_q_clamp=0.0000 logvar_p_mean=0.0129 logvar_p_clamp=0.0000 kappa_log10=3.2018
2026-08-30 06:56:51 | Epoch  49/400 | Train Loss 2.3013 Acc 0.1123 | Val Loss 2.3008 Acc 0.1129 AUC 0.5000 Pre 0.0113 Rec 0.1000
2026-08-30 06:56:51 | Diag logvar_q_mean=0.0129 logvar_q_clamp=0.0000 logvar_p_mean=0.0129 logvar_p_clamp=0.0000 kappa_log10=3.2035
2026-08-30 06:56:55 | Epoch  50/400 | Train Loss 2.3013 Acc 0.1123 | Val Loss 2.3007 Acc 0.1129 AUC 0.5000 Pre 0.0113 Rec 0.1000
2026-08-30 06:56:56 | Diag logvar_q_mean=0.0129 logvar_q_clamp=0.0000 logvar_p_mean=0.0129 logvar_p_clamp=0.0000 kappa_log10=3.2034
2026-08-30 06:57:00 | Epoch  51/400 | Train Loss 2.3013 Acc 0.1123 | Val Loss 2.3007 Acc 0.1129 AUC 0.5000 Pre 0.0113 Rec 0.1000
2026-08-30 06:57:00 | Diag logvar_q_mean=0.0129 logvar_q_clamp=0.0000 logvar_p_mean=0.0129 logvar_p_clamp=0.0000 kappa_log10=3.2034
2026-08-30 06:57:04 | Epoch  52/400 | Train Loss 2.3013 Acc 0.1123 | Val Loss 2.3007 Acc 0.1129 AUC 0.5000 Pre 0.0113 Rec 0.1000
2026-08-30 06:57:05 | Diag logvar_q_mean=0.0129 logvar_q_clamp=0.0000 logvar_p_mean=0.0129 logvar_p_clamp=0.0000 kappa_log10=3.2034
2026-08-30 06:57:09 | Epoch  53/400 | Train Loss 2.3013 Acc 0.1123 | Val Loss 2.3008 Acc 0.1129 AUC 0.5000 Pre 0.0113 Rec 0.1000
2026-08-30 06:57:10 | Diag logvar_q_mean=0.0129 logvar_q_clamp=0.0000 logvar_p_mean=0.0129 logvar_p_clamp=0.0000 kappa_log10=3.2034
2026-08-30 06:57:13 | Epoch  54/400 | Train Loss 2.3013 Acc 0.1123 | Val Loss 2.3008 Acc 0.1129 AUC 0.5000 Pre 0.0113 Rec 0.1000
2026-08-30 06:57:14 | Diag logvar_q_mean=0.0129 logvar_q_clamp=0.0000 logvar_p_mean=0.0129 logvar_p_clamp=0.0000 kappa_log10=3.2036
2026-08-30 06:57:18 | Epoch  55/400 | Train Loss 2.3013 Acc 0.1123 | Val Loss 2.3007 Acc 0.1129 AUC 0.5000 Pre 0.0113 Rec 0.1000
2026-08-30 06:57:19 | Diag logvar_q_mean=0.0129 logvar_q_clamp=0.0000 logvar_p_mean=0.0129 logvar_p_clamp=0.0000 kappa_log10=3.2036
2026-08-30 06:57:22 | Epoch  56/400 | Train Loss 2.3013 Acc 0.1123 | Val Loss 2.3008 Acc 0.1129 AUC 0.5000 Pre 0.0113 Rec 0.1000
2026-08-30 06:57:23 | Diag logvar_q_mean=0.0129 logvar_q_clamp=0.0000 logvar_p_mean=0.0129 logvar_p_clamp=0.0000 kappa_log10=3.2036
2026-08-30 06:57:27 | Epoch  57/400 | Train Loss 2.3013 Acc 0.1123 | Val Loss 2.3008 Acc 0.1129 AUC 0.5000 Pre 0.0113 Rec 0.1000
2026-08-30 06:57:28 | Diag logvar_q_mean=0.0129 logvar_q_clamp=0.0000 logvar_p_mean=0.0129 logvar_p_clamp=0.0000 kappa_log10=3.2036
2026-08-30 06:57:32 | Epoch  58/400 | Train Loss 2.3013 Acc 0.1123 | Val Loss 2.3008 Acc 0.1129 AUC 0.5000 Pre 0.0113 Rec 0.1000
2026-08-30 06:57:32 | Diag logvar_q_mean=0.0129 logvar_q_clamp=0.0000 logvar_p_mean=0.0129 logvar_p_clamp=0.0000 kappa_log10=3.2036
2026-08-30 06:57:36 | Epoch  59/400 | Train Loss 2.3013 Acc 0.1123 | Val Loss 2.3008 Acc 0.1129 AUC 0.5000 Pre 0.0113 Rec 0.1000
2026-08-30 06:57:37 | Diag logvar_q_mean=0.0129 logvar_q_clamp=0.0000 logvar_p_mean=0.0129 logvar_p_clamp=0.0000 kappa_log10=3.2036
2026-08-30 06:57:41 | Epoch  60/400 | Train Loss 2.3013 Acc 0.1123 | Val Loss 2.3008 Acc 0.1129 AUC 0.5000 Pre 0.0113 Rec 0.1000
2026-08-30 06:57:41 | Diag logvar_q_mean=0.0129 logvar_q_clamp=0.0000 logvar_p_mean=0.0129 logvar_p_clamp=0.0000 kappa_log10=3.2036
2026-08-30 06:57:45 | Epoch  61/400 | Train Loss 2.3013 Acc 0.1123 | Val Loss 2.3007 Acc 0.1129 AUC 0.5000 Pre 0.0113 Rec 0.1000
2026-08-30 06:57:46 | Diag logvar_q_mean=0.0129 logvar_q_clamp=0.0000 logvar_p_mean=0.0129 logvar_p_clamp=0.0000 kappa_log10=3.2036
2026-08-30 06:57:50 | Epoch  62/400 | Train Loss 2.3013 Acc 0.1123 | Val Loss 2.3007 Acc 0.1129 AUC 0.5000 Pre 0.0113 Rec 0.1000
2026-08-30 06:57:51 | Diag logvar_q_mean=0.0129 logvar_q_clamp=0.0000 logvar_p_mean=0.0129 logvar_p_clamp=0.0000 kappa_log10=3.1998
2026-08-30 06:57:55 | Epoch  63/400 | Train Loss 2.3013 Acc 0.1123 | Val Loss 2.3008 Acc 0.1129 AUC 0.5000 Pre 0.0113 Rec 0.1000
2026-08-30 06:57:55 | Diag logvar_q_mean=0.0129 logvar_q_clamp=0.0000 logvar_p_mean=0.0129 logvar_p_clamp=0.0000 kappa_log10=3.1999
2026-08-30 06:57:59 | Epoch  64/400 | Train Loss 2.3013 Acc 0.1123 | Val Loss 2.3007 Acc 0.1129 AUC 0.5000 Pre 0.0113 Rec 0.1000
2026-08-30 06:58:00 | Diag logvar_q_mean=0.0129 logvar_q_clamp=0.0000 logvar_p_mean=0.0129 logvar_p_clamp=0.0000 kappa_log10=3.1999
2026-08-30 06:58:04 | Epoch  65/400 | Train Loss 2.3013 Acc 0.1123 | Val Loss 2.3007 Acc 0.1129 AUC 0.5000 Pre 0.0113 Rec 0.1000
2026-08-30 06:58:04 | Diag logvar_q_mean=0.0129 logvar_q_clamp=0.0000 logvar_p_mean=0.0129 logvar_p_clamp=0.0000 kappa_log10=3.1999
2026-08-30 06:58:08 | Epoch  66/400 | Train Loss 2.3013 Acc 0.1123 | Val Loss 2.3008 Acc 0.1129 AUC 0.5000 Pre 0.0113 Rec 0.1000
2026-08-30 06:58:09 | Diag logvar_q_mean=0.0129 logvar_q_clamp=0.0000 logvar_p_mean=0.0129 logvar_p_clamp=0.0000 kappa_log10=3.1999
2026-08-30 06:58:13 | Epoch  67/400 | Train Loss 2.3013 Acc 0.1123 | Val Loss 2.3007 Acc 0.1129 AUC 0.5000 Pre 0.0113 Rec 0.1000
2026-08-30 06:58:13 | Diag logvar_q_mean=0.0129 logvar_q_clamp=0.0000 logvar_p_mean=0.0129 logvar_p_clamp=0.0000 kappa_log10=3.1999
2026-08-30 06:58:17 | Epoch  68/400 | Train Loss 2.3013 Acc 0.1123 | Val Loss 2.3008 Acc 0.1129 AUC 0.5000 Pre 0.0113 Rec 0.1000
2026-08-30 06:58:18 | Diag logvar_q_mean=0.0129 logvar_q_clamp=0.0000 logvar_p_mean=0.0129 logvar_p_clamp=0.0000 kappa_log10=3.1999
2026-08-30 06:58:22 | Epoch  69/400 | Train Loss 2.3013 Acc 0.1123 | Val Loss 2.3008 Acc 0.1129 AUC 0.5000 Pre 0.0113 Rec 0.1000
2026-08-30 06:58:22 | Diag logvar_q_mean=0.0129 logvar_q_clamp=0.0000 logvar_p_mean=0.0129 logvar_p_clamp=0.0000 kappa_log10=3.1999
2026-08-30 06:58:26 | Epoch  70/400 | Train Loss 2.3013 Acc 0.1123 | Val Loss 2.3007 Acc 0.1129 AUC 0.5000 Pre 0.0113 Rec 0.1000
2026-08-30 06:58:27 | Diag logvar_q_mean=0.0129 logvar_q_clamp=0.0000 logvar_p_mean=0.0129 logvar_p_clamp=0.0000 kappa_log10=3.1999
2026-08-30 06:58:31 | Epoch  71/400 | Train Loss 2.3013 Acc 0.1123 | Val Loss 2.3007 Acc 0.1129 AUC 0.5000 Pre 0.0113 Rec 0.1000
2026-08-30 06:58:32 | Diag logvar_q_mean=0.0129 logvar_q_clamp=0.0000 logvar_p_mean=0.0129 logvar_p_clamp=0.0000 kappa_log10=3.1999
2026-08-30 06:58:36 | Epoch  72/400 | Train Loss 2.3013 Acc 0.1123 | Val Loss 2.3007 Acc 0.1129 AUC 0.5000 Pre 0.0113 Rec 0.1000
2026-08-30 06:58:36 | Diag logvar_q_mean=0.0129 logvar_q_clamp=0.0000 logvar_p_mean=0.0129 logvar_p_clamp=0.0000 kappa_log10=3.1971
2026-08-30 06:58:40 | Epoch  73/400 | Train Loss 2.3013 Acc 0.1123 | Val Loss 2.3008 Acc 0.1129 AUC 0.5000 Pre 0.0113 Rec 0.1000
2026-08-30 06:58:41 | Diag logvar_q_mean=0.0129 logvar_q_clamp=0.0000 logvar_p_mean=0.0129 logvar_p_clamp=0.0000 kappa_log10=3.1971
2026-08-30 06:58:45 | Epoch  74/400 | Train Loss 2.3013 Acc 0.1123 | Val Loss 2.3008 Acc 0.1129 AUC 0.5000 Pre 0.0113 Rec 0.1000
2026-08-30 06:58:45 | Diag logvar_q_mean=0.0129 logvar_q_clamp=0.0000 logvar_p_mean=0.0129 logvar_p_clamp=0.0000 kappa_log10=3.1973
2026-08-30 06:58:49 | Epoch  75/400 | Train Loss 2.3013 Acc 0.1123 | Val Loss 2.3008 Acc 0.1129 AUC 0.5000 Pre 0.0113 Rec 0.1000
2026-08-30 06:58:50 | Diag logvar_q_mean=0.0129 logvar_q_clamp=0.0000 logvar_p_mean=0.0129 logvar_p_clamp=0.0000 kappa_log10=3.1973
2026-08-30 06:58:54 | Epoch  76/400 | Train Loss 2.3013 Acc 0.1123 | Val Loss 2.3008 Acc 0.1129 AUC 0.5000 Pre 0.0113 Rec 0.1000
2026-08-30 06:58:54 | Diag logvar_q_mean=0.0129 logvar_q_clamp=0.0000 logvar_p_mean=0.0129 logvar_p_clamp=0.0000 kappa_log10=3.2111
2026-08-30 06:58:58 | Epoch  77/400 | Train Loss 2.3013 Acc 0.1123 | Val Loss 2.3008 Acc 0.1129 AUC 0.5000 Pre 0.0113 Rec 0.1000
2026-08-30 06:58:59 | Diag logvar_q_mean=0.0129 logvar_q_clamp=0.0000 logvar_p_mean=0.0129 logvar_p_clamp=0.0000 kappa_log10=3.8694
2026-08-30 06:59:03 | Epoch  78/400 | Train Loss 2.3013 Acc 0.1123 | Val Loss 2.3008 Acc 0.1129 AUC 0.5000 Pre 0.0113 Rec 0.1000
2026-08-30 06:59:04 | Diag logvar_q_mean=0.0129 logvar_q_clamp=0.0000 logvar_p_mean=0.0129 logvar_p_clamp=0.0000 kappa_log10=3.1205
2026-08-30 06:59:08 | Epoch  79/400 | Train Loss 2.3013 Acc 0.1123 | Val Loss 2.3008 Acc 0.1129 AUC 0.5000 Pre 0.0113 Rec 0.1000
2026-08-30 06:59:08 | Diag logvar_q_mean=0.0129 logvar_q_clamp=0.0000 logvar_p_mean=0.0129 logvar_p_clamp=0.0000 kappa_log10=3.0234
2026-08-30 06:59:12 | Epoch  80/400 | Train Loss 2.3014 Acc 0.1123 | Val Loss 2.3008 Acc 0.1129 AUC 0.5000 Pre 0.0113 Rec 0.1000
2026-08-30 06:59:13 | Diag logvar_q_mean=0.0130 logvar_q_clamp=0.0000 logvar_p_mean=0.0130 logvar_p_clamp=0.0000 kappa_log10=3.0104
2026-08-30 06:59:17 | Epoch  81/400 | Train Loss 2.3013 Acc 0.1123 | Val Loss 2.3008 Acc 0.1129 AUC 0.5000 Pre 0.0113 Rec 0.1000
2026-08-30 06:59:17 | Diag logvar_q_mean=0.0130 logvar_q_clamp=0.0000 logvar_p_mean=0.0130 logvar_p_clamp=0.0000 kappa_log10=4.1660
2026-08-30 06:59:21 | Epoch  82/400 | Train Loss 2.3013 Acc 0.1123 | Val Loss 2.3008 Acc 0.1129 AUC 0.5000 Pre 0.0113 Rec 0.1000
2026-08-30 06:59:22 | Diag logvar_q_mean=0.0130 logvar_q_clamp=0.0000 logvar_p_mean=0.0130 logvar_p_clamp=0.0000 kappa_log10=3.4552
2026-08-30 06:59:26 | Epoch  83/400 | Train Loss 2.3013 Acc 0.1123 | Val Loss 2.3007 Acc 0.1129 AUC 0.5000 Pre 0.0113 Rec 0.1000
2026-08-30 06:59:27 | Diag logvar_q_mean=0.0130 logvar_q_clamp=0.0000 logvar_p_mean=0.0130 logvar_p_clamp=0.0000 kappa_log10=3.4492
2026-08-30 06:59:31 | Epoch  84/400 | Train Loss 2.3013 Acc 0.1123 | Val Loss 2.3008 Acc 0.1129 AUC 0.5000 Pre 0.0113 Rec 0.1000
2026-08-30 06:59:32 | Diag logvar_q_mean=0.0130 logvar_q_clamp=0.0000 logvar_p_mean=0.0130 logvar_p_clamp=0.0000 kappa_log10=3.5049
2026-08-30 06:59:36 | Epoch  85/400 | Train Loss 2.3013 Acc 0.1123 | Val Loss 2.3008 Acc 0.1129 AUC 0.5000 Pre 0.0113 Rec 0.1000
2026-08-30 06:59:36 | Diag logvar_q_mean=0.0130 logvar_q_clamp=0.0000 logvar_p_mean=0.0130 logvar_p_clamp=0.0000 kappa_log10=3.4380
2026-08-30 06:59:40 | Epoch  86/400 | Train Loss 2.3013 Acc 0.1123 | Val Loss 2.3007 Acc 0.1129 AUC 0.5000 Pre 0.0113 Rec 0.1000
2026-08-30 06:59:41 | Diag logvar_q_mean=0.0130 logvar_q_clamp=0.0000 logvar_p_mean=0.0130 logvar_p_clamp=0.0000 kappa_log10=4.1302
2026-08-30 06:59:45 | Epoch  87/400 | Train Loss 2.3013 Acc 0.1123 | Val Loss 2.3007 Acc 0.1129 AUC 0.5000 Pre 0.0113 Rec 0.1000
2026-08-30 06:59:45 | Diag logvar_q_mean=0.0130 logvar_q_clamp=0.0000 logvar_p_mean=0.0130 logvar_p_clamp=0.0000 kappa_log10=4.1260
2026-08-30 06:59:49 | Epoch  88/400 | Train Loss 2.3013 Acc 0.1123 | Val Loss 2.3007 Acc 0.1129 AUC 0.5000 Pre 0.0113 Rec 0.1000
2026-08-30 06:59:50 | Diag logvar_q_mean=0.0130 logvar_q_clamp=0.0000 logvar_p_mean=0.0130 logvar_p_clamp=0.0000 kappa_log10=4.1241
2026-08-30 06:59:54 | Epoch  89/400 | Train Loss 2.3013 Acc 0.1123 | Val Loss 2.3007 Acc 0.1129 AUC 0.5000 Pre 0.0113 Rec 0.1000
2026-08-30 06:59:55 | Diag logvar_q_mean=0.0130 logvar_q_clamp=0.0000 logvar_p_mean=0.0130 logvar_p_clamp=0.0000 kappa_log10=4.3077
2026-08-30 06:59:58 | Epoch  90/400 | Train Loss 2.3013 Acc 0.1123 | Val Loss 2.3008 Acc 0.1129 AUC 0.5000 Pre 0.0113 Rec 0.1000
2026-08-30 06:59:59 | Diag logvar_q_mean=0.0130 logvar_q_clamp=0.0000 logvar_p_mean=0.0130 logvar_p_clamp=0.0000 kappa_log10=4.3179
2026-08-30 07:00:03 | Epoch  91/400 | Train Loss 2.3013 Acc 0.1123 | Val Loss 2.3007 Acc 0.1129 AUC 0.5000 Pre 0.0113 Rec 0.1000
2026-08-30 07:00:04 | Diag logvar_q_mean=0.0131 logvar_q_clamp=0.0000 logvar_p_mean=0.0130 logvar_p_clamp=0.0000 kappa_log10=4.3177
2026-08-30 07:00:08 | Epoch  92/400 | Train Loss 2.3013 Acc 0.1123 | Val Loss 2.3008 Acc 0.1129 AUC 0.5000 Pre 0.0113 Rec 0.1000
2026-08-30 07:00:08 | Diag logvar_q_mean=0.0131 logvar_q_clamp=0.0000 logvar_p_mean=0.0131 logvar_p_clamp=0.0000 kappa_log10=4.5057
2026-08-30 07:00:12 | Epoch  93/400 | Train Loss 2.3013 Acc 0.1123 | Val Loss 2.3007 Acc 0.1129 AUC 0.5000 Pre 0.0113 Rec 0.1000
2026-08-30 07:00:13 | Diag logvar_q_mean=0.0131 logvar_q_clamp=0.0000 logvar_p_mean=0.0131 logvar_p_clamp=0.0000 kappa_log10=4.4058
2026-08-30 07:00:17 | Epoch  94/400 | Train Loss 2.3013 Acc 0.1123 | Val Loss 2.3007 Acc 0.1129 AUC 0.5000 Pre 0.0113 Rec 0.1000
2026-08-30 07:00:17 | Diag logvar_q_mean=0.0131 logvar_q_clamp=0.0000 logvar_p_mean=0.0131 logvar_p_clamp=0.0000 kappa_log10=3.7812
2026-08-30 07:00:21 | Epoch  95/400 | Train Loss 2.3013 Acc 0.1123 | Val Loss 2.3007 Acc 0.1129 AUC 0.5000 Pre 0.0113 Rec 0.1000
2026-08-30 07:00:22 | Diag logvar_q_mean=0.0131 logvar_q_clamp=0.0000 logvar_p_mean=0.0131 logvar_p_clamp=0.0000 kappa_log10=3.7811
2026-08-30 07:00:26 | Epoch  96/400 | Train Loss 2.3013 Acc 0.1123 | Val Loss 2.3008 Acc 0.1129 AUC 0.5000 Pre 0.0113 Rec 0.1000
2026-08-30 07:00:26 | Diag logvar_q_mean=0.0131 logvar_q_clamp=0.0000 logvar_p_mean=0.0131 logvar_p_clamp=0.0000 kappa_log10=3.7811
2026-08-30 07:00:30 | Epoch  97/400 | Train Loss 2.3013 Acc 0.1123 | Val Loss 2.3008 Acc 0.1129 AUC 0.5000 Pre 0.0113 Rec 0.1000
2026-08-30 07:00:31 | Diag logvar_q_mean=0.0131 logvar_q_clamp=0.0000 logvar_p_mean=0.0131 logvar_p_clamp=0.0000 kappa_log10=3.7811
2026-08-30 07:00:35 | Epoch  98/400 | Train Loss 2.3013 Acc 0.1123 | Val Loss 2.3008 Acc 0.1129 AUC 0.5000 Pre 0.0113 Rec 0.1000
2026-08-30 07:00:36 | Diag logvar_q_mean=0.0131 logvar_q_clamp=0.0000 logvar_p_mean=0.0131 logvar_p_clamp=0.0000 kappa_log10=3.7811
2026-08-30 07:00:40 | Epoch  99/400 | Train Loss 2.3013 Acc 0.1123 | Val Loss 2.3007 Acc 0.1129 AUC 0.5000 Pre 0.0113 Rec 0.1000
2026-08-30 07:00:40 | Diag logvar_q_mean=0.0131 logvar_q_clamp=0.0000 logvar_p_mean=0.0131 logvar_p_clamp=0.0000 kappa_log10=3.0585
2026-08-30 07:00:44 | Epoch 100/400 | Train Loss 2.3013 Acc 0.1123 | Val Loss 2.3008 Acc 0.1129 AUC 0.5000 Pre 0.0113 Rec 0.1000
2026-08-30 07:00:45 | Diag logvar_q_mean=0.0131 logvar_q_clamp=0.0000 logvar_p_mean=0.0131 logvar_p_clamp=0.0000 kappa_log10=3.0613
2026-08-30 07:00:49 | Epoch 101/400 | Train Loss 2.3013 Acc 0.1123 | Val Loss 2.3008 Acc 0.1129 AUC 0.5000 Pre 0.0113 Rec 0.1000
2026-08-30 07:00:49 | Diag logvar_q_mean=0.0131 logvar_q_clamp=0.0000 logvar_p_mean=0.0131 logvar_p_clamp=0.0000 kappa_log10=3.0622
2026-08-30 07:00:53 | Epoch 102/400 | Train Loss 2.3013 Acc 0.1123 | Val Loss 2.3007 Acc 0.1129 AUC 0.5000 Pre 0.0113 Rec 0.1000
2026-08-30 07:00:54 | Diag logvar_q_mean=0.0131 logvar_q_clamp=0.0000 logvar_p_mean=0.0131 logvar_p_clamp=0.0000 kappa_log10=3.0360
2026-08-30 07:00:58 | Epoch 103/400 | Train Loss 2.3014 Acc 0.1123 | Val Loss 2.3008 Acc 0.1129 AUC 0.5000 Pre 0.0113 Rec 0.1000
2026-08-30 07:00:58 | Diag logvar_q_mean=0.0132 logvar_q_clamp=0.0000 logvar_p_mean=0.0131 logvar_p_clamp=0.0000 kappa_log10=3.2009
2026-08-30 07:01:02 | Epoch 104/400 | Train Loss 2.3013 Acc 0.1123 | Val Loss 2.3008 Acc 0.1129 AUC 0.5000 Pre 0.0113 Rec 0.1000
2026-08-30 07:01:03 | Diag logvar_q_mean=0.0132 logvar_q_clamp=0.0000 logvar_p_mean=0.0132 logvar_p_clamp=0.0000 kappa_log10=3.0873
2026-08-30 07:01:07 | Epoch 105/400 | Train Loss 2.3013 Acc 0.1123 | Val Loss 2.3007 Acc 0.1129 AUC 0.5000 Pre 0.0113 Rec 0.1000
2026-08-30 07:01:08 | Diag logvar_q_mean=0.0132 logvar_q_clamp=0.0000 logvar_p_mean=0.0132 logvar_p_clamp=0.0000 kappa_log10=3.0976
2026-08-30 07:01:12 | Epoch 106/400 | Train Loss 2.3013 Acc 0.1123 | Val Loss 2.3008 Acc 0.1129 AUC 0.5000 Pre 0.0113 Rec 0.1000
2026-08-30 07:01:12 | Diag logvar_q_mean=0.0132 logvar_q_clamp=0.0000 logvar_p_mean=0.0132 logvar_p_clamp=0.0000 kappa_log10=3.1950
2026-08-30 07:01:16 | Epoch 107/400 | Train Loss 2.3013 Acc 0.1123 | Val Loss 2.3007 Acc 0.1129 AUC 0.5000 Pre 0.0113 Rec 0.1000
2026-08-30 07:01:17 | Diag logvar_q_mean=0.0132 logvar_q_clamp=0.0000 logvar_p_mean=0.0132 logvar_p_clamp=0.0000 kappa_log10=3.2008
2026-08-30 07:01:21 | Epoch 108/400 | Train Loss 2.3013 Acc 0.1123 | Val Loss 2.3007 Acc 0.1129 AUC 0.5000 Pre 0.0113 Rec 0.1000
2026-08-30 07:01:22 | Diag logvar_q_mean=0.0132 logvar_q_clamp=0.0000 logvar_p_mean=0.0132 logvar_p_clamp=0.0000 kappa_log10=3.1336
2026-08-30 07:01:26 | Epoch 109/400 | Train Loss 2.3013 Acc 0.1123 | Val Loss 2.3008 Acc 0.1129 AUC 0.5000 Pre 0.0113 Rec 0.1000
2026-08-30 07:01:26 | Diag logvar_q_mean=0.0132 logvar_q_clamp=0.0000 logvar_p_mean=0.0132 logvar_p_clamp=0.0000 kappa_log10=3.1316
2026-08-30 07:01:30 | Epoch 110/400 | Train Loss 2.3013 Acc 0.1123 | Val Loss 2.3008 Acc 0.1129 AUC 0.5000 Pre 0.0113 Rec 0.1000
2026-08-30 07:01:31 | Diag logvar_q_mean=0.0132 logvar_q_clamp=0.0000 logvar_p_mean=0.0132 logvar_p_clamp=0.0000 kappa_log10=3.1316
2026-08-30 07:01:35 | Epoch 111/400 | Train Loss 2.3013 Acc 0.1123 | Val Loss 2.3007 Acc 0.1129 AUC 0.5000 Pre 0.0113 Rec 0.1000
2026-08-30 07:01:35 | Diag logvar_q_mean=0.0132 logvar_q_clamp=0.0000 logvar_p_mean=0.0132 logvar_p_clamp=0.0000 kappa_log10=3.1316
2026-08-30 07:01:39 | Epoch 112/400 | Train Loss 2.3013 Acc 0.1123 | Val Loss 2.3008 Acc 0.1129 AUC 0.5000 Pre 0.0113 Rec 0.1000
2026-08-30 07:01:40 | Diag logvar_q_mean=0.0132 logvar_q_clamp=0.0000 logvar_p_mean=0.0132 logvar_p_clamp=0.0000 kappa_log10=3.1316
2026-08-30 07:01:44 | Epoch 113/400 | Train Loss 2.3013 Acc 0.1123 | Val Loss 2.3008 Acc 0.1129 AUC 0.5000 Pre 0.0113 Rec 0.1000
2026-08-30 07:01:45 | Diag logvar_q_mean=0.0132 logvar_q_clamp=0.0000 logvar_p_mean=0.0132 logvar_p_clamp=0.0000 kappa_log10=3.1342
2026-08-30 07:01:49 | Epoch 114/400 | Train Loss 2.3013 Acc 0.1123 | Val Loss 2.3008 Acc 0.1129 AUC 0.5000 Pre 0.0113 Rec 0.1000
2026-08-30 07:01:49 | Diag logvar_q_mean=0.0132 logvar_q_clamp=0.0000 logvar_p_mean=0.0132 logvar_p_clamp=0.0000 kappa_log10=3.1342
2026-08-30 07:01:53 | Epoch 115/400 | Train Loss 2.3013 Acc 0.1123 | Val Loss 2.3008 Acc 0.1129 AUC 0.5000 Pre 0.0113 Rec 0.1000
2026-08-30 07:01:54 | Diag logvar_q_mean=0.0132 logvar_q_clamp=0.0000 logvar_p_mean=0.0132 logvar_p_clamp=0.0000 kappa_log10=3.1342
2026-08-30 07:01:58 | Epoch 116/400 | Train Loss 2.3013 Acc 0.1123 | Val Loss 2.3007 Acc 0.1129 AUC 0.5000 Pre 0.0113 Rec 0.1000
2026-08-30 07:01:58 | Diag logvar_q_mean=0.0132 logvar_q_clamp=0.0000 logvar_p_mean=0.0132 logvar_p_clamp=0.0000 kappa_log10=3.1342
2026-08-30 07:02:02 | Epoch 117/400 | Train Loss 2.3014 Acc 0.1123 | Val Loss 2.3008 Acc 0.1129 AUC 0.5000 Pre 0.0113 Rec 0.1000
2026-08-30 07:02:03 | Diag logvar_q_mean=0.0133 logvar_q_clamp=0.0000 logvar_p_mean=0.0133 logvar_p_clamp=0.0000 kappa_log10=2.8515
2026-08-30 07:02:07 | Epoch 118/400 | Train Loss 2.3013 Acc 0.1123 | Val Loss 2.3008 Acc 0.1129 AUC 0.5000 Pre 0.0113 Rec 0.1000
2026-08-30 07:02:07 | Diag logvar_q_mean=0.0133 logvar_q_clamp=0.0000 logvar_p_mean=0.0133 logvar_p_clamp=0.0000 kappa_log10=3.2196
2026-08-30 07:02:11 | Epoch 119/400 | Train Loss 2.3013 Acc 0.1123 | Val Loss 2.3007 Acc 0.1129 AUC 0.5000 Pre 0.0113 Rec 0.1000
2026-08-30 07:02:12 | Diag logvar_q_mean=0.0133 logvar_q_clamp=0.0000 logvar_p_mean=0.0133 logvar_p_clamp=0.0000 kappa_log10=3.5380
2026-08-30 07:02:16 | Epoch 120/400 | Train Loss 2.3013 Acc 0.1123 | Val Loss 2.3007 Acc 0.1129 AUC 0.5000 Pre 0.0113 Rec 0.1000
2026-08-30 07:02:16 | Diag logvar_q_mean=0.0133 logvar_q_clamp=0.0000 logvar_p_mean=0.0133 logvar_p_clamp=0.0000 kappa_log10=3.5920
2026-08-30 07:02:20 | Epoch 121/400 | Train Loss 2.3013 Acc 0.1123 | Val Loss 2.3007 Acc 0.1129 AUC 0.5000 Pre 0.0113 Rec 0.1000
2026-08-30 07:02:21 | Diag logvar_q_mean=0.0133 logvar_q_clamp=0.0000 logvar_p_mean=0.0133 logvar_p_clamp=0.0000 kappa_log10=3.9878
2026-08-30 07:02:25 | Epoch 122/400 | Train Loss 2.3013 Acc 0.1123 | Val Loss 2.3007 Acc 0.1129 AUC 0.5000 Pre 0.0113 Rec 0.1000
2026-08-30 07:02:26 | Diag logvar_q_mean=0.0133 logvar_q_clamp=0.0000 logvar_p_mean=0.0133 logvar_p_clamp=0.0000 kappa_log10=3.7844
2026-08-30 07:02:30 | Epoch 123/400 | Train Loss 2.3013 Acc 0.1123 | Val Loss 2.3008 Acc 0.1129 AUC 0.5000 Pre 0.0113 Rec 0.1000
2026-08-30 07:02:30 | Diag logvar_q_mean=0.0133 logvar_q_clamp=0.0000 logvar_p_mean=0.0133 logvar_p_clamp=0.0000 kappa_log10=3.7837
2026-08-30 07:02:34 | Epoch 124/400 | Train Loss 2.3013 Acc 0.1123 | Val Loss 2.3008 Acc 0.1129 AUC 0.5000 Pre 0.0113 Rec 0.1000
2026-08-30 07:02:35 | Diag logvar_q_mean=0.0133 logvar_q_clamp=0.0000 logvar_p_mean=0.0133 logvar_p_clamp=0.0000 kappa_log10=3.8312
2026-08-30 07:02:39 | Epoch 125/400 | Train Loss 2.3013 Acc 0.1123 | Val Loss 2.3008 Acc 0.1129 AUC 0.5000 Pre 0.0113 Rec 0.1000
2026-08-30 07:02:39 | Diag logvar_q_mean=0.0133 logvar_q_clamp=0.0000 logvar_p_mean=0.0133 logvar_p_clamp=0.0000 kappa_log10=3.3775
2026-08-30 07:02:43 | Epoch 126/400 | Train Loss 2.3013 Acc 0.1123 | Val Loss 2.3009 Acc 0.1129 AUC 0.5000 Pre 0.0113 Rec 0.1000
2026-08-30 07:02:44 | Diag logvar_q_mean=0.0134 logvar_q_clamp=0.0000 logvar_p_mean=0.0133 logvar_p_clamp=0.0000 kappa_log10=3.7262
2026-08-30 07:02:48 | Epoch 127/400 | Train Loss 2.3013 Acc 0.1123 | Val Loss 2.3008 Acc 0.1129 AUC 0.5000 Pre 0.0113 Rec 0.1000
2026-08-30 07:02:48 | Diag logvar_q_mean=0.0134 logvar_q_clamp=0.0000 logvar_p_mean=0.0134 logvar_p_clamp=0.0000 kappa_log10=2.8571
2026-08-30 07:02:52 | Epoch 128/400 | Train Loss 2.3013 Acc 0.1123 | Val Loss 2.3008 Acc 0.1129 AUC 0.5000 Pre 0.0113 Rec 0.1000
2026-08-30 07:02:53 | Diag logvar_q_mean=0.0134 logvar_q_clamp=0.0000 logvar_p_mean=0.0134 logvar_p_clamp=0.0000 kappa_log10=3.1218
2026-08-30 07:02:57 | Epoch 129/400 | Train Loss 2.3013 Acc 0.1123 | Val Loss 2.3008 Acc 0.1129 AUC 0.5000 Pre 0.0113 Rec 0.1000
2026-08-30 07:02:57 | Diag logvar_q_mean=0.0134 logvar_q_clamp=0.0000 logvar_p_mean=0.0134 logvar_p_clamp=0.0000 kappa_log10=3.1216
2026-08-30 07:03:01 | Epoch 130/400 | Train Loss 2.3013 Acc 0.1123 | Val Loss 2.3008 Acc 0.1129 AUC 0.5000 Pre 0.0113 Rec 0.1000
2026-08-30 07:03:02 | Diag logvar_q_mean=0.0134 logvar_q_clamp=0.0000 logvar_p_mean=0.0134 logvar_p_clamp=0.0000 kappa_log10=3.1216
2026-08-30 07:03:06 | Epoch 131/400 | Train Loss 2.3013 Acc 0.1123 | Val Loss 2.3008 Acc 0.1129 AUC 0.5000 Pre 0.0113 Rec 0.1000
2026-08-30 07:03:07 | Diag logvar_q_mean=0.0134 logvar_q_clamp=0.0000 logvar_p_mean=0.0134 logvar_p_clamp=0.0000 kappa_log10=3.1216
2026-08-30 07:03:11 | Epoch 132/400 | Train Loss 2.3013 Acc 0.1123 | Val Loss 2.3008 Acc 0.1129 AUC 0.5000 Pre 0.0113 Rec 0.1000
2026-08-30 07:03:11 | Diag logvar_q_mean=0.0134 logvar_q_clamp=0.0000 logvar_p_mean=0.0134 logvar_p_clamp=0.0000 kappa_log10=3.1216
2026-08-30 07:03:15 | Epoch 133/400 | Train Loss 2.3013 Acc 0.1123 | Val Loss 2.3008 Acc 0.1129 AUC 0.5000 Pre 0.0113 Rec 0.1000
2026-08-30 07:03:16 | Diag logvar_q_mean=0.0134 logvar_q_clamp=0.0000 logvar_p_mean=0.0134 logvar_p_clamp=0.0000 kappa_log10=3.1216
2026-08-30 07:03:20 | Epoch 134/400 | Train Loss 2.3013 Acc 0.1123 | Val Loss 2.3008 Acc 0.1129 AUC 0.5000 Pre 0.0113 Rec 0.1000
2026-08-30 07:03:21 | Diag logvar_q_mean=0.0134 logvar_q_clamp=0.0000 logvar_p_mean=0.0134 logvar_p_clamp=0.0000 kappa_log10=3.0822
2026-08-30 07:03:25 | Epoch 135/400 | Train Loss 2.3013 Acc 0.1123 | Val Loss 2.3007 Acc 0.1129 AUC 0.5000 Pre 0.0113 Rec 0.1000
2026-08-30 07:03:26 | Diag logvar_q_mean=0.0134 logvar_q_clamp=0.0000 logvar_p_mean=0.0134 logvar_p_clamp=0.0000 kappa_log10=3.2800
2026-08-30 07:03:30 | Epoch 136/400 | Train Loss 2.3013 Acc 0.1123 | Val Loss 2.3007 Acc 0.1129 AUC 0.5000 Pre 0.0113 Rec 0.1000
2026-08-30 07:03:30 | Diag logvar_q_mean=0.0134 logvar_q_clamp=0.0000 logvar_p_mean=0.0134 logvar_p_clamp=0.0000 kappa_log10=3.2448
2026-08-30 07:03:34 | Epoch 137/400 | Train Loss 2.3013 Acc 0.1123 | Val Loss 2.3007 Acc 0.1129 AUC 0.5000 Pre 0.0113 Rec 0.1000
2026-08-30 07:03:35 | Diag logvar_q_mean=0.0134 logvar_q_clamp=0.0000 logvar_p_mean=0.0134 logvar_p_clamp=0.0000 kappa_log10=3.2448
2026-08-30 07:03:39 | Epoch 138/400 | Train Loss 2.3013 Acc 0.1123 | Val Loss 2.3007 Acc 0.1129 AUC 0.5000 Pre 0.0113 Rec 0.1000
2026-08-30 07:03:40 | Diag logvar_q_mean=0.0134 logvar_q_clamp=0.0000 logvar_p_mean=0.0134 logvar_p_clamp=0.0000 kappa_log10=2.9794
2026-08-30 07:03:44 | Epoch 139/400 | Train Loss 2.3013 Acc 0.1123 | Val Loss 2.3008 Acc 0.1129 AUC 0.5000 Pre 0.0113 Rec 0.1000
2026-08-30 07:03:44 | Diag logvar_q_mean=0.0134 logvar_q_clamp=0.0000 logvar_p_mean=0.0134 logvar_p_clamp=0.0000 kappa_log10=2.8694
2026-08-30 07:03:48 | Epoch 140/400 | Train Loss 2.3013 Acc 0.1123 | Val Loss 2.3007 Acc 0.1129 AUC 0.5000 Pre 0.0113 Rec 0.1000
2026-08-30 07:03:49 | Diag logvar_q_mean=0.0134 logvar_q_clamp=0.0000 logvar_p_mean=0.0134 logvar_p_clamp=0.0000 kappa_log10=2.8363
2026-08-30 07:03:53 | Epoch 141/400 | Train Loss 2.3013 Acc 0.1123 | Val Loss 2.3008 Acc 0.1129 AUC 0.5000 Pre 0.0113 Rec 0.1000
2026-08-30 07:03:53 | Diag logvar_q_mean=0.0134 logvar_q_clamp=0.0000 logvar_p_mean=0.0134 logvar_p_clamp=0.0000 kappa_log10=2.8363
2026-08-30 07:03:57 | Epoch 142/400 | Train Loss 2.3013 Acc 0.1123 | Val Loss 2.3008 Acc 0.1129 AUC 0.5000 Pre 0.0113 Rec 0.1000
2026-08-30 07:03:58 | Diag logvar_q_mean=0.0135 logvar_q_clamp=0.0000 logvar_p_mean=0.0134 logvar_p_clamp=0.0000 kappa_log10=2.8461
2026-08-30 07:04:02 | Epoch 143/400 | Train Loss 2.3013 Acc 0.1123 | Val Loss 2.3008 Acc 0.1129 AUC 0.5000 Pre 0.0113 Rec 0.1000
2026-08-30 07:04:03 | Diag logvar_q_mean=0.0135 logvar_q_clamp=0.0000 logvar_p_mean=0.0134 logvar_p_clamp=0.0000 kappa_log10=2.8543
2026-08-30 07:04:07 | Epoch 144/400 | Train Loss 2.3013 Acc 0.1123 | Val Loss 2.3008 Acc 0.1129 AUC 0.5000 Pre 0.0113 Rec 0.1000
2026-08-30 07:04:07 | Diag logvar_q_mean=0.0135 logvar_q_clamp=0.0000 logvar_p_mean=0.0135 logvar_p_clamp=0.0000 kappa_log10=2.8542
2026-08-30 07:04:11 | Epoch 145/400 | Train Loss 2.3013 Acc 0.1123 | Val Loss 2.3008 Acc 0.1129 AUC 0.5000 Pre 0.0113 Rec 0.1000
2026-08-30 07:04:12 | Diag logvar_q_mean=0.0135 logvar_q_clamp=0.0000 logvar_p_mean=0.0135 logvar_p_clamp=0.0000 kappa_log10=2.8542
2026-08-30 07:04:16 | Epoch 146/400 | Train Loss 2.3013 Acc 0.1123 | Val Loss 2.3008 Acc 0.1129 AUC 0.5000 Pre 0.0113 Rec 0.1000
2026-08-30 07:04:16 | Diag logvar_q_mean=0.0135 logvar_q_clamp=0.0000 logvar_p_mean=0.0135 logvar_p_clamp=0.0000 kappa_log10=2.8542
2026-08-30 07:04:20 | Epoch 147/400 | Train Loss 2.3014 Acc 0.1123 | Val Loss 2.3008 Acc 0.1129 AUC 0.5000 Pre 0.0113 Rec 0.1000
2026-08-30 07:04:21 | Diag logvar_q_mean=0.0135 logvar_q_clamp=0.0000 logvar_p_mean=0.0135 logvar_p_clamp=0.0000 kappa_log10=2.9528
2026-08-30 07:04:25 | Epoch 148/400 | Train Loss 2.3013 Acc 0.1123 | Val Loss 2.3008 Acc 0.1129 AUC 0.5000 Pre 0.0113 Rec 0.1000
2026-08-30 07:04:25 | Diag logvar_q_mean=0.0135 logvar_q_clamp=0.0000 logvar_p_mean=0.0135 logvar_p_clamp=0.0000 kappa_log10=2.9528
2026-08-30 07:04:29 | Epoch 149/400 | Train Loss 2.3013 Acc 0.1123 | Val Loss 2.3007 Acc 0.1129 AUC 0.5000 Pre 0.0113 Rec 0.1000
2026-08-30 07:04:30 | Diag logvar_q_mean=0.0135 logvar_q_clamp=0.0000 logvar_p_mean=0.0135 logvar_p_clamp=0.0000 kappa_log10=2.9528
2026-08-30 07:04:34 | Epoch 150/400 | Train Loss 2.3013 Acc 0.1123 | Val Loss 2.3008 Acc 0.1129 AUC 0.5000 Pre 0.0113 Rec 0.1000
2026-08-30 07:04:34 | Diag logvar_q_mean=0.0135 logvar_q_clamp=0.0000 logvar_p_mean=0.0135 logvar_p_clamp=0.0000 kappa_log10=2.9528
2026-08-30 07:04:38 | Epoch 151/400 | Train Loss 2.3013 Acc 0.1123 | Val Loss 2.3008 Acc 0.1129 AUC 0.5000 Pre 0.0113 Rec 0.1000
2026-08-30 07:04:39 | Diag logvar_q_mean=0.0135 logvar_q_clamp=0.0000 logvar_p_mean=0.0135 logvar_p_clamp=0.0000 kappa_log10=2.9528
2026-08-30 07:04:43 | Epoch 152/400 | Train Loss 2.3013 Acc 0.1123 | Val Loss 2.3008 Acc 0.1129 AUC 0.5000 Pre 0.0113 Rec 0.1000
2026-08-30 07:04:44 | Diag logvar_q_mean=0.0135 logvar_q_clamp=0.0000 logvar_p_mean=0.0135 logvar_p_clamp=0.0000 kappa_log10=2.9528
2026-08-30 07:04:47 | Epoch 153/400 | Train Loss 2.3013 Acc 0.1123 | Val Loss 2.3007 Acc 0.1129 AUC 0.5000 Pre 0.0113 Rec 0.1000
2026-08-30 07:04:48 | Diag logvar_q_mean=0.0135 logvar_q_clamp=0.0000 logvar_p_mean=0.0135 logvar_p_clamp=0.0000 kappa_log10=2.9528
2026-08-30 07:04:52 | Epoch 154/400 | Train Loss 2.3013 Acc 0.1123 | Val Loss 2.3008 Acc 0.1129 AUC 0.5000 Pre 0.0113 Rec 0.1000
2026-08-30 07:04:53 | Diag logvar_q_mean=0.0135 logvar_q_clamp=0.0000 logvar_p_mean=0.0135 logvar_p_clamp=0.0000 kappa_log10=2.9954
2026-08-30 07:04:57 | Epoch 155/400 | Train Loss 2.3013 Acc 0.1123 | Val Loss 2.3008 Acc 0.1129 AUC 0.5000 Pre 0.0113 Rec 0.1000
2026-08-30 07:04:57 | Diag logvar_q_mean=0.0135 logvar_q_clamp=0.0000 logvar_p_mean=0.0136 logvar_p_clamp=0.0000 kappa_log10=2.9965
2026-08-30 07:05:01 | Epoch 156/400 | Train Loss 2.3013 Acc 0.1123 | Val Loss 2.3008 Acc 0.1129 AUC 0.5000 Pre 0.0113 Rec 0.1000
2026-08-30 07:05:02 | Diag logvar_q_mean=0.0136 logvar_q_clamp=0.0000 logvar_p_mean=0.0136 logvar_p_clamp=0.0000 kappa_log10=2.9965
2026-08-30 07:05:06 | Epoch 157/400 | Train Loss 2.3013 Acc 0.1123 | Val Loss 2.3008 Acc 0.1129 AUC 0.5000 Pre 0.0113 Rec 0.1000
2026-08-30 07:05:06 | Diag logvar_q_mean=0.0136 logvar_q_clamp=0.0000 logvar_p_mean=0.0136 logvar_p_clamp=0.0000 kappa_log10=2.9965
2026-08-30 07:05:10 | Epoch 158/400 | Train Loss 2.3013 Acc 0.1123 | Val Loss 2.3008 Acc 0.1129 AUC 0.5000 Pre 0.0113 Rec 0.1000
2026-08-30 07:05:11 | Diag logvar_q_mean=0.0136 logvar_q_clamp=0.0000 logvar_p_mean=0.0136 logvar_p_clamp=0.0000 kappa_log10=2.9965
2026-08-30 07:05:15 | Epoch 159/400 | Train Loss 2.3013 Acc 0.1123 | Val Loss 2.3007 Acc 0.1129 AUC 0.5000 Pre 0.0113 Rec 0.1000
2026-08-30 07:05:15 | Diag logvar_q_mean=0.0136 logvar_q_clamp=0.0000 logvar_p_mean=0.0136 logvar_p_clamp=0.0000 kappa_log10=2.9965
2026-08-30 07:05:19 | Epoch 160/400 | Train Loss 2.3013 Acc 0.1123 | Val Loss 2.3008 Acc 0.1129 AUC 0.5000 Pre 0.0113 Rec 0.1000
2026-08-30 07:05:20 | Diag logvar_q_mean=0.0136 logvar_q_clamp=0.0000 logvar_p_mean=0.0136 logvar_p_clamp=0.0000 kappa_log10=2.9965
2026-08-30 07:05:24 | Epoch 161/400 | Train Loss 2.3013 Acc 0.1123 | Val Loss 2.3008 Acc 0.1129 AUC 0.5000 Pre 0.0113 Rec 0.1000
2026-08-30 07:05:24 | Diag logvar_q_mean=0.0136 logvar_q_clamp=0.0000 logvar_p_mean=0.0136 logvar_p_clamp=0.0000 kappa_log10=2.9965
2026-08-30 07:05:28 | Epoch 162/400 | Train Loss 2.3013 Acc 0.1123 | Val Loss 2.3008 Acc 0.1129 AUC 0.5000 Pre 0.0113 Rec 0.1000
2026-08-30 07:05:29 | Diag logvar_q_mean=0.0136 logvar_q_clamp=0.0000 logvar_p_mean=0.0136 logvar_p_clamp=0.0000 kappa_log10=2.9552
2026-08-30 07:05:33 | Epoch 163/400 | Train Loss 2.3013 Acc 0.1123 | Val Loss 2.3008 Acc 0.1129 AUC 0.5000 Pre 0.0113 Rec 0.1000
2026-08-30 07:05:33 | Diag logvar_q_mean=0.0136 logvar_q_clamp=0.0000 logvar_p_mean=0.0136 logvar_p_clamp=0.0000 kappa_log10=2.9528
2026-08-30 07:05:37 | Epoch 164/400 | Train Loss 2.3013 Acc 0.1123 | Val Loss 2.3008 Acc 0.1129 AUC 0.5000 Pre 0.0113 Rec 0.1000
2026-08-30 07:05:38 | Diag logvar_q_mean=0.0136 logvar_q_clamp=0.0000 logvar_p_mean=0.0136 logvar_p_clamp=0.0000 kappa_log10=2.9528
2026-08-30 07:05:42 | Epoch 165/400 | Train Loss 2.3013 Acc 0.1123 | Val Loss 2.3008 Acc 0.1129 AUC 0.5000 Pre 0.0113 Rec 0.1000
2026-08-30 07:05:42 | Diag logvar_q_mean=0.0136 logvar_q_clamp=0.0000 logvar_p_mean=0.0136 logvar_p_clamp=0.0000 kappa_log10=2.9528
2026-08-30 07:05:46 | Epoch 166/400 | Train Loss 2.3013 Acc 0.1123 | Val Loss 2.3008 Acc 0.1129 AUC 0.5000 Pre 0.0113 Rec 0.1000
2026-08-30 07:05:47 | Diag logvar_q_mean=0.0136 logvar_q_clamp=0.0000 logvar_p_mean=0.0136 logvar_p_clamp=0.0000 kappa_log10=2.9528
2026-08-30 07:05:51 | Epoch 167/400 | Train Loss 2.3013 Acc 0.1123 | Val Loss 2.3008 Acc 0.1129 AUC 0.5000 Pre 0.0113 Rec 0.1000
2026-08-30 07:05:52 | Diag logvar_q_mean=0.0136 logvar_q_clamp=0.0000 logvar_p_mean=0.0136 logvar_p_clamp=0.0000 kappa_log10=2.9528
2026-08-30 07:05:56 | Epoch 168/400 | Train Loss 2.3013 Acc 0.1123 | Val Loss 2.3007 Acc 0.1129 AUC 0.5000 Pre 0.0113 Rec 0.1000
2026-08-30 07:05:56 | Diag logvar_q_mean=0.0136 logvar_q_clamp=0.0000 logvar_p_mean=0.0136 logvar_p_clamp=0.0000 kappa_log10=2.9528
2026-08-30 07:06:00 | Epoch 169/400 | Train Loss 2.3013 Acc 0.1123 | Val Loss 2.3007 Acc 0.1129 AUC 0.5000 Pre 0.0113 Rec 0.1000
2026-08-30 07:06:01 | Diag logvar_q_mean=0.0136 logvar_q_clamp=0.0000 logvar_p_mean=0.0136 logvar_p_clamp=0.0000 kappa_log10=2.9528
2026-08-30 07:06:05 | Epoch 170/400 | Train Loss 2.3016 Acc 0.1123 | Val Loss 2.3007 Acc 0.1129 AUC 0.5000 Pre 0.0113 Rec 0.1000
2026-08-30 07:06:05 | Diag logvar_q_mean=0.0138 logvar_q_clamp=0.0000 logvar_p_mean=0.0138 logvar_p_clamp=0.0000 kappa_log10=3.0301
2026-08-30 07:06:09 | Epoch 171/400 | Train Loss 2.3013 Acc 0.1123 | Val Loss 2.3007 Acc 0.1129 AUC 0.5000 Pre 0.0113 Rec 0.1000
2026-08-30 07:06:10 | Diag logvar_q_mean=0.0138 logvar_q_clamp=0.0000 logvar_p_mean=0.0138 logvar_p_clamp=0.0000 kappa_log10=3.0464
2026-08-30 07:06:14 | Epoch 172/400 | Train Loss 2.3013 Acc 0.1123 | Val Loss 2.3008 Acc 0.1129 AUC 0.5000 Pre 0.0113 Rec 0.1000
2026-08-30 07:06:14 | Diag logvar_q_mean=0.0138 logvar_q_clamp=0.0000 logvar_p_mean=0.0138 logvar_p_clamp=0.0000 kappa_log10=2.9824
2026-08-30 07:06:18 | Epoch 173/400 | Train Loss 2.3013 Acc 0.1123 | Val Loss 2.3008 Acc 0.1129 AUC 0.5000 Pre 0.0113 Rec 0.1000
2026-08-30 07:06:19 | Diag logvar_q_mean=0.0138 logvar_q_clamp=0.0000 logvar_p_mean=0.0138 logvar_p_clamp=0.0000 kappa_log10=3.1186
2026-08-30 07:06:23 | Epoch 174/400 | Train Loss 2.3013 Acc 0.1123 | Val Loss 2.3008 Acc 0.1129 AUC 0.5000 Pre 0.0113 Rec 0.1000
2026-08-30 07:06:24 | Diag logvar_q_mean=0.0138 logvar_q_clamp=0.0000 logvar_p_mean=0.0138 logvar_p_clamp=0.0000 kappa_log10=3.1282
2026-08-30 07:06:28 | Epoch 175/400 | Train Loss 2.3013 Acc 0.1123 | Val Loss 2.3008 Acc 0.1129 AUC 0.5000 Pre 0.0113 Rec 0.1000
2026-08-30 07:06:28 | Diag logvar_q_mean=0.0138 logvar_q_clamp=0.0000 logvar_p_mean=0.0138 logvar_p_clamp=0.0000 kappa_log10=2.9489
2026-08-30 07:06:32 | Epoch 176/400 | Train Loss 2.3013 Acc 0.1123 | Val Loss 2.3007 Acc 0.1129 AUC 0.5000 Pre 0.0113 Rec 0.1000
2026-08-30 07:06:33 | Diag logvar_q_mean=0.0138 logvar_q_clamp=0.0000 logvar_p_mean=0.0138 logvar_p_clamp=0.0000 kappa_log10=3.1686
2026-08-30 07:06:37 | Epoch 177/400 | Train Loss 2.3013 Acc 0.1123 | Val Loss 2.3008 Acc 0.1129 AUC 0.5000 Pre 0.0113 Rec 0.1000
2026-08-30 07:06:37 | Diag logvar_q_mean=0.0139 logvar_q_clamp=0.0000 logvar_p_mean=0.0139 logvar_p_clamp=0.0000 kappa_log10=3.0830
2026-08-30 07:06:41 | Epoch 178/400 | Train Loss 2.3013 Acc 0.1123 | Val Loss 2.3008 Acc 0.1129 AUC 0.5000 Pre 0.0113 Rec 0.1000
2026-08-30 07:06:42 | Diag logvar_q_mean=0.0139 logvar_q_clamp=0.0000 logvar_p_mean=0.0139 logvar_p_clamp=0.0000 kappa_log10=3.0879
2026-08-30 07:06:46 | Epoch 179/400 | Train Loss 2.3013 Acc 0.1123 | Val Loss 2.3007 Acc 0.1129 AUC 0.5000 Pre 0.0113 Rec 0.1000
2026-08-30 07:06:47 | Diag logvar_q_mean=0.0139 logvar_q_clamp=0.0000 logvar_p_mean=0.0139 logvar_p_clamp=0.0000 kappa_log10=3.0879
2026-08-30 07:06:50 | Epoch 180/400 | Train Loss 2.3013 Acc 0.1123 | Val Loss 2.3007 Acc 0.1129 AUC 0.5000 Pre 0.0113 Rec 0.1000
2026-08-30 07:06:51 | Diag logvar_q_mean=0.0139 logvar_q_clamp=0.0000 logvar_p_mean=0.0139 logvar_p_clamp=0.0000 kappa_log10=3.0879
2026-08-30 07:06:55 | Epoch 181/400 | Train Loss 2.3013 Acc 0.1123 | Val Loss 2.3008 Acc 0.1129 AUC 0.5000 Pre 0.0113 Rec 0.1000
2026-08-30 07:06:56 | Diag logvar_q_mean=0.0139 logvar_q_clamp=0.0000 logvar_p_mean=0.0139 logvar_p_clamp=0.0000 kappa_log10=2.9555
2026-08-30 07:07:00 | Epoch 182/400 | Train Loss 2.3013 Acc 0.1123 | Val Loss 2.3008 Acc 0.1129 AUC 0.5000 Pre 0.0113 Rec 0.1000
2026-08-30 07:07:00 | Diag logvar_q_mean=0.0139 logvar_q_clamp=0.0000 logvar_p_mean=0.0139 logvar_p_clamp=0.0000 kappa_log10=2.9554
2026-08-30 07:07:04 | Epoch 183/400 | Train Loss 2.3013 Acc 0.1123 | Val Loss 2.3008 Acc 0.1129 AUC 0.5000 Pre 0.0113 Rec 0.1000
2026-08-30 07:07:05 | Diag logvar_q_mean=0.0139 logvar_q_clamp=0.0000 logvar_p_mean=0.0139 logvar_p_clamp=0.0000 kappa_log10=2.9554
2026-08-30 07:07:09 | Epoch 184/400 | Train Loss 2.3013 Acc 0.1123 | Val Loss 2.3007 Acc 0.1129 AUC 0.5000 Pre 0.0113 Rec 0.1000
2026-08-30 07:07:09 | Diag logvar_q_mean=0.0139 logvar_q_clamp=0.0000 logvar_p_mean=0.0139 logvar_p_clamp=0.0000 kappa_log10=2.9554
2026-08-30 07:07:13 | Epoch 185/400 | Train Loss 2.3013 Acc 0.1123 | Val Loss 2.3008 Acc 0.1129 AUC 0.5000 Pre 0.0113 Rec 0.1000
2026-08-30 07:07:14 | Diag logvar_q_mean=0.0139 logvar_q_clamp=0.0000 logvar_p_mean=0.0139 logvar_p_clamp=0.0000 kappa_log10=2.9554
2026-08-30 07:07:18 | Epoch 186/400 | Train Loss 2.3013 Acc 0.1123 | Val Loss 2.3007 Acc 0.1129 AUC 0.5000 Pre 0.0113 Rec 0.1000
2026-08-30 07:07:19 | Diag logvar_q_mean=0.0139 logvar_q_clamp=0.0000 logvar_p_mean=0.0139 logvar_p_clamp=0.0000 kappa_log10=2.9554
2026-08-30 07:07:22 | Epoch 187/400 | Train Loss 2.3014 Acc 0.1123 | Val Loss 2.3007 Acc 0.1129 AUC 0.5000 Pre 0.0113 Rec 0.1000
2026-08-30 07:07:23 | Diag logvar_q_mean=0.0139 logvar_q_clamp=0.0000 logvar_p_mean=0.0139 logvar_p_clamp=0.0000 kappa_log10=2.8256
2026-08-30 07:07:27 | Epoch 188/400 | Train Loss 2.3013 Acc 0.1123 | Val Loss 2.3008 Acc 0.1129 AUC 0.5000 Pre 0.0113 Rec 0.1000
2026-08-30 07:07:28 | Diag logvar_q_mean=0.0139 logvar_q_clamp=0.0000 logvar_p_mean=0.0139 logvar_p_clamp=0.0000 kappa_log10=2.8252
2026-08-30 07:07:32 | Epoch 189/400 | Train Loss 2.3013 Acc 0.1123 | Val Loss 2.3007 Acc 0.1129 AUC 0.5000 Pre 0.0113 Rec 0.1000
2026-08-30 07:07:32 | Diag logvar_q_mean=0.0139 logvar_q_clamp=0.0000 logvar_p_mean=0.0139 logvar_p_clamp=0.0000 kappa_log10=2.8252
2026-08-30 07:07:36 | Epoch 190/400 | Train Loss 2.3013 Acc 0.1123 | Val Loss 2.3008 Acc 0.1129 AUC 0.5000 Pre 0.0113 Rec 0.1000
2026-08-30 07:07:37 | Diag logvar_q_mean=0.0139 logvar_q_clamp=0.0000 logvar_p_mean=0.0139 logvar_p_clamp=0.0000 kappa_log10=2.8252
2026-08-30 07:07:41 | Epoch 191/400 | Train Loss 2.3013 Acc 0.1123 | Val Loss 2.3008 Acc 0.1129 AUC 0.5000 Pre 0.0113 Rec 0.1000
2026-08-30 07:07:41 | Diag logvar_q_mean=0.0139 logvar_q_clamp=0.0000 logvar_p_mean=0.0140 logvar_p_clamp=0.0000 kappa_log10=2.8252
2026-08-30 07:07:45 | Epoch 192/400 | Train Loss 2.3013 Acc 0.1123 | Val Loss 2.3008 Acc 0.1129 AUC 0.5000 Pre 0.0113 Rec 0.1000
2026-08-30 07:07:46 | Diag logvar_q_mean=0.0140 logvar_q_clamp=0.0000 logvar_p_mean=0.0140 logvar_p_clamp=0.0000 kappa_log10=2.9573
2026-08-30 07:07:50 | Epoch 193/400 | Train Loss 2.3013 Acc 0.1123 | Val Loss 2.3008 Acc 0.1129 AUC 0.5000 Pre 0.0113 Rec 0.1000
2026-08-30 07:07:50 | Diag logvar_q_mean=0.0140 logvar_q_clamp=0.0000 logvar_p_mean=0.0140 logvar_p_clamp=0.0000 kappa_log10=3.2197
2026-08-30 07:07:54 | Epoch 194/400 | Train Loss 2.3013 Acc 0.1123 | Val Loss 2.3008 Acc 0.1129 AUC 0.5000 Pre 0.0113 Rec 0.1000
2026-08-30 07:07:55 | Diag logvar_q_mean=0.0140 logvar_q_clamp=0.0000 logvar_p_mean=0.0140 logvar_p_clamp=0.0000 kappa_log10=3.1050
2026-08-30 07:07:59 | Epoch 195/400 | Train Loss 2.3013 Acc 0.1123 | Val Loss 2.3008 Acc 0.1129 AUC 0.5000 Pre 0.0113 Rec 0.1000
2026-08-30 07:07:59 | Diag logvar_q_mean=0.0140 logvar_q_clamp=0.0000 logvar_p_mean=0.0140 logvar_p_clamp=0.0000 kappa_log10=3.1049
2026-08-30 07:08:03 | Epoch 196/400 | Train Loss 2.3013 Acc 0.1123 | Val Loss 2.3008 Acc 0.1129 AUC 0.5000 Pre 0.0113 Rec 0.1000
2026-08-30 07:08:04 | Diag logvar_q_mean=0.0140 logvar_q_clamp=0.0000 logvar_p_mean=0.0140 logvar_p_clamp=0.0000 kappa_log10=3.1050
2026-08-30 07:08:08 | Epoch 197/400 | Train Loss 2.3013 Acc 0.1123 | Val Loss 2.3008 Acc 0.1129 AUC 0.5000 Pre 0.0113 Rec 0.1000
2026-08-30 07:08:09 | Diag logvar_q_mean=0.0140 logvar_q_clamp=0.0000 logvar_p_mean=0.0140 logvar_p_clamp=0.0000 kappa_log10=3.1050
2026-08-30 07:08:13 | Epoch 198/400 | Train Loss 2.3013 Acc 0.1123 | Val Loss 2.3007 Acc 0.1129 AUC 0.5000 Pre 0.0113 Rec 0.1000
2026-08-30 07:08:13 | Diag logvar_q_mean=0.0140 logvar_q_clamp=0.0000 logvar_p_mean=0.0140 logvar_p_clamp=0.0000 kappa_log10=3.1050
2026-08-30 07:08:17 | Epoch 199/400 | Train Loss 2.3013 Acc 0.1123 | Val Loss 2.3008 Acc 0.1129 AUC 0.5000 Pre 0.0113 Rec 0.1000
2026-08-30 07:08:18 | Diag logvar_q_mean=0.0140 logvar_q_clamp=0.0000 logvar_p_mean=0.0140 logvar_p_clamp=0.0000 kappa_log10=2.9958
2026-08-30 07:08:22 | Epoch 200/400 | Train Loss 2.3013 Acc 0.1123 | Val Loss 2.3008 Acc 0.1129 AUC 0.5000 Pre 0.0113 Rec 0.1000
2026-08-30 07:08:22 | Diag logvar_q_mean=0.0140 logvar_q_clamp=0.0000 logvar_p_mean=0.0140 logvar_p_clamp=0.0000 kappa_log10=2.9428
2026-08-30 07:08:26 | Epoch 201/400 | Train Loss 2.3013 Acc 0.1123 | Val Loss 2.3008 Acc 0.1129 AUC 0.5000 Pre 0.0113 Rec 0.1000
2026-08-30 07:08:27 | Diag logvar_q_mean=0.0140 logvar_q_clamp=0.0000 logvar_p_mean=0.0140 logvar_p_clamp=0.0000 kappa_log10=2.9428
2026-08-30 07:08:31 | Epoch 202/400 | Train Loss 2.3013 Acc 0.1123 | Val Loss 2.3008 Acc 0.1129 AUC 0.5000 Pre 0.0113 Rec 0.1000
2026-08-30 07:08:32 | Diag logvar_q_mean=0.0140 logvar_q_clamp=0.0000 logvar_p_mean=0.0140 logvar_p_clamp=0.0000 kappa_log10=2.9428
2026-08-30 07:08:35 | Epoch 203/400 | Train Loss 2.3013 Acc 0.1123 | Val Loss 2.3008 Acc 0.1129 AUC 0.5000 Pre 0.0113 Rec 0.1000
2026-08-30 07:08:36 | Diag logvar_q_mean=0.0140 logvar_q_clamp=0.0000 logvar_p_mean=0.0140 logvar_p_clamp=0.0000 kappa_log10=2.9428
2026-08-30 07:08:40 | Epoch 204/400 | Train Loss 2.3013 Acc 0.1123 | Val Loss 2.3008 Acc 0.1129 AUC 0.5000 Pre 0.0113 Rec 0.1000
2026-08-30 07:08:41 | Diag logvar_q_mean=0.0140 logvar_q_clamp=0.0000 logvar_p_mean=0.0140 logvar_p_clamp=0.0000 kappa_log10=2.9428
2026-08-30 07:08:45 | Epoch 205/400 | Train Loss 2.3013 Acc 0.1123 | Val Loss 2.3008 Acc 0.1129 AUC 0.5000 Pre 0.0113 Rec 0.1000
2026-08-30 07:08:45 | Diag logvar_q_mean=0.0140 logvar_q_clamp=0.0000 logvar_p_mean=0.0140 logvar_p_clamp=0.0000 kappa_log10=2.9428
2026-08-30 07:08:49 | Epoch 206/400 | Train Loss 2.3013 Acc 0.1123 | Val Loss 2.3008 Acc 0.1129 AUC 0.5000 Pre 0.0113 Rec 0.1000
2026-08-30 07:08:50 | Diag logvar_q_mean=0.0140 logvar_q_clamp=0.0000 logvar_p_mean=0.0140 logvar_p_clamp=0.0000 kappa_log10=2.9428
2026-08-30 07:08:54 | Epoch 207/400 | Train Loss 2.3013 Acc 0.1123 | Val Loss 2.3007 Acc 0.1129 AUC 0.5000 Pre 0.0113 Rec 0.1000
2026-08-30 07:08:54 | Diag logvar_q_mean=0.0140 logvar_q_clamp=0.0000 logvar_p_mean=0.0140 logvar_p_clamp=0.0000 kappa_log10=2.9428
2026-08-30 07:08:58 | Epoch 208/400 | Train Loss 2.3013 Acc 0.1123 | Val Loss 2.3007 Acc 0.1129 AUC 0.5000 Pre 0.0113 Rec 0.1000
2026-08-30 07:08:59 | Diag logvar_q_mean=0.0140 logvar_q_clamp=0.0000 logvar_p_mean=0.0140 logvar_p_clamp=0.0000 kappa_log10=2.9428
2026-08-30 07:09:03 | Epoch 209/400 | Train Loss 2.3013 Acc 0.1123 | Val Loss 2.3007 Acc 0.1129 AUC 0.5000 Pre 0.0113 Rec 0.1000
2026-08-30 07:09:03 | Diag logvar_q_mean=0.0140 logvar_q_clamp=0.0000 logvar_p_mean=0.0140 logvar_p_clamp=0.0000 kappa_log10=2.9428
2026-08-30 07:09:07 | Epoch 210/400 | Train Loss 2.3013 Acc 0.1123 | Val Loss 2.3008 Acc 0.1129 AUC 0.5000 Pre 0.0113 Rec 0.1000
2026-08-30 07:09:08 | Diag logvar_q_mean=0.0140 logvar_q_clamp=0.0000 logvar_p_mean=0.0140 logvar_p_clamp=0.0000 kappa_log10=2.9428
2026-08-30 07:09:12 | Epoch 211/400 | Train Loss 2.3013 Acc 0.1123 | Val Loss 2.3007 Acc 0.1129 AUC 0.5000 Pre 0.0113 Rec 0.1000
2026-08-30 07:09:13 | Diag logvar_q_mean=0.0140 logvar_q_clamp=0.0000 logvar_p_mean=0.0141 logvar_p_clamp=0.0000 kappa_log10=2.9428
2026-08-30 07:09:17 | Epoch 212/400 | Train Loss 2.3013 Acc 0.1123 | Val Loss 2.3008 Acc 0.1129 AUC 0.5000 Pre 0.0113 Rec 0.1000
2026-08-30 07:09:17 | Diag logvar_q_mean=0.0141 logvar_q_clamp=0.0000 logvar_p_mean=0.0141 logvar_p_clamp=0.0000 kappa_log10=2.9428
2026-08-30 07:09:21 | Epoch 213/400 | Train Loss 2.3013 Acc 0.1123 | Val Loss 2.3008 Acc 0.1129 AUC 0.5000 Pre 0.0113 Rec 0.1000
2026-08-30 07:09:22 | Diag logvar_q_mean=0.0141 logvar_q_clamp=0.0000 logvar_p_mean=0.0141 logvar_p_clamp=0.0000 kappa_log10=2.9428
2026-08-30 07:09:26 | Epoch 214/400 | Train Loss 2.3013 Acc 0.1123 | Val Loss 2.3008 Acc 0.1129 AUC 0.5000 Pre 0.0113 Rec 0.1000
2026-08-30 07:09:26 | Diag logvar_q_mean=0.0141 logvar_q_clamp=0.0000 logvar_p_mean=0.0141 logvar_p_clamp=0.0000 kappa_log10=2.9428
2026-08-30 07:09:30 | Epoch 215/400 | Train Loss 2.3013 Acc 0.1123 | Val Loss 2.3008 Acc 0.1129 AUC 0.5000 Pre 0.0113 Rec 0.1000
2026-08-30 07:09:31 | Diag logvar_q_mean=0.0141 logvar_q_clamp=0.0000 logvar_p_mean=0.0141 logvar_p_clamp=0.0000 kappa_log10=2.6577
2026-08-30 07:09:35 | Epoch 216/400 | Train Loss 2.3013 Acc 0.1123 | Val Loss 2.3007 Acc 0.1129 AUC 0.5000 Pre 0.0113 Rec 0.1000
2026-08-30 07:09:35 | Diag logvar_q_mean=0.0141 logvar_q_clamp=0.0000 logvar_p_mean=0.0141 logvar_p_clamp=0.0000 kappa_log10=2.5151
2026-08-30 07:09:39 | Epoch 217/400 | Train Loss 2.3015 Acc 0.1123 | Val Loss 2.3007 Acc 0.1129 AUC 0.5000 Pre 0.0113 Rec 0.1000
2026-08-30 07:09:40 | Diag logvar_q_mean=0.0142 logvar_q_clamp=0.0000 logvar_p_mean=0.0142 logvar_p_clamp=0.0000 kappa_log10=2.7564
2026-08-30 07:09:44 | Epoch 218/400 | Train Loss 2.3013 Acc 0.1123 | Val Loss 2.3008 Acc 0.1129 AUC 0.5000 Pre 0.0113 Rec 0.1000
2026-08-30 07:09:44 | Diag logvar_q_mean=0.0142 logvar_q_clamp=0.0000 logvar_p_mean=0.0142 logvar_p_clamp=0.0000 kappa_log10=2.7573
2026-08-30 07:09:48 | Epoch 219/400 | Train Loss 2.3013 Acc 0.1123 | Val Loss 2.3007 Acc 0.1129 AUC 0.5000 Pre 0.0113 Rec 0.1000
2026-08-30 07:09:49 | Diag logvar_q_mean=0.0142 logvar_q_clamp=0.0000 logvar_p_mean=0.0142 logvar_p_clamp=0.0000 kappa_log10=2.7573
2026-08-30 07:09:53 | Epoch 220/400 | Train Loss 2.3013 Acc 0.1123 | Val Loss 2.3007 Acc 0.1129 AUC 0.5000 Pre 0.0113 Rec 0.1000
2026-08-30 07:09:54 | Diag logvar_q_mean=0.0142 logvar_q_clamp=0.0000 logvar_p_mean=0.0142 logvar_p_clamp=0.0000 kappa_log10=2.7573
2026-08-30 07:09:58 | Epoch 221/400 | Train Loss 2.3013 Acc 0.1123 | Val Loss 2.3007 Acc 0.1129 AUC 0.5000 Pre 0.0113 Rec 0.1000
2026-08-30 07:09:58 | Diag logvar_q_mean=0.0142 logvar_q_clamp=0.0000 logvar_p_mean=0.0142 logvar_p_clamp=0.0000 kappa_log10=2.7573
2026-08-30 07:10:02 | Epoch 222/400 | Train Loss 2.3013 Acc 0.1123 | Val Loss 2.3007 Acc 0.1129 AUC 0.5000 Pre 0.0113 Rec 0.1000
2026-08-30 07:10:03 | Diag logvar_q_mean=0.0142 logvar_q_clamp=0.0000 logvar_p_mean=0.0142 logvar_p_clamp=0.0000 kappa_log10=2.7573
2026-08-30 07:10:07 | Epoch 223/400 | Train Loss 2.3013 Acc 0.1123 | Val Loss 2.3008 Acc 0.1129 AUC 0.5000 Pre 0.0113 Rec 0.1000
2026-08-30 07:10:07 | Diag logvar_q_mean=0.0142 logvar_q_clamp=0.0000 logvar_p_mean=0.0142 logvar_p_clamp=0.0000 kappa_log10=2.7573
2026-08-30 07:10:11 | Epoch 224/400 | Train Loss 2.3013 Acc 0.1123 | Val Loss 2.3008 Acc 0.1129 AUC 0.5000 Pre 0.0113 Rec 0.1000
2026-08-30 07:10:12 | Diag logvar_q_mean=0.0142 logvar_q_clamp=0.0000 logvar_p_mean=0.0142 logvar_p_clamp=0.0000 kappa_log10=2.7573
2026-08-30 07:10:16 | Epoch 225/400 | Train Loss 2.3013 Acc 0.1123 | Val Loss 2.3008 Acc 0.1129 AUC 0.5000 Pre 0.0113 Rec 0.1000
2026-08-30 07:10:16 | Diag logvar_q_mean=0.0142 logvar_q_clamp=0.0000 logvar_p_mean=0.0142 logvar_p_clamp=0.0000 kappa_log10=2.7573
2026-08-30 07:10:20 | Epoch 226/400 | Train Loss 2.3013 Acc 0.1123 | Val Loss 2.3008 Acc 0.1129 AUC 0.5000 Pre 0.0113 Rec 0.1000
2026-08-30 07:10:21 | Diag logvar_q_mean=0.0142 logvar_q_clamp=0.0000 logvar_p_mean=0.0142 logvar_p_clamp=0.0000 kappa_log10=2.7573
2026-08-30 07:10:25 | Epoch 227/400 | Train Loss 2.3013 Acc 0.1123 | Val Loss 2.3008 Acc 0.1129 AUC 0.5000 Pre 0.0113 Rec 0.1000
2026-08-30 07:10:25 | Diag logvar_q_mean=0.0142 logvar_q_clamp=0.0000 logvar_p_mean=0.0142 logvar_p_clamp=0.0000 kappa_log10=2.7573
2026-08-30 07:10:29 | Epoch 228/400 | Train Loss 2.3013 Acc 0.1123 | Val Loss 2.3008 Acc 0.1129 AUC 0.5000 Pre 0.0113 Rec 0.1000
2026-08-30 07:10:30 | Diag logvar_q_mean=0.0142 logvar_q_clamp=0.0000 logvar_p_mean=0.0142 logvar_p_clamp=0.0000 kappa_log10=2.7573
2026-08-30 07:10:34 | Epoch 229/400 | Train Loss 2.3013 Acc 0.1123 | Val Loss 2.3008 Acc 0.1129 AUC 0.5000 Pre 0.0113 Rec 0.1000
2026-08-30 07:10:34 | Diag logvar_q_mean=0.0142 logvar_q_clamp=0.0000 logvar_p_mean=0.0142 logvar_p_clamp=0.0000 kappa_log10=2.7573
2026-08-30 07:10:38 | Epoch 230/400 | Train Loss 2.3013 Acc 0.1123 | Val Loss 2.3008 Acc 0.1129 AUC 0.5000 Pre 0.0113 Rec 0.1000
2026-08-30 07:10:39 | Diag logvar_q_mean=0.0142 logvar_q_clamp=0.0000 logvar_p_mean=0.0142 logvar_p_clamp=0.0000 kappa_log10=2.7573
2026-08-30 07:10:43 | Epoch 231/400 | Train Loss 2.3013 Acc 0.1123 | Val Loss 2.3008 Acc 0.1129 AUC 0.5000 Pre 0.0113 Rec 0.1000
2026-08-30 07:10:44 | Diag logvar_q_mean=0.0142 logvar_q_clamp=0.0000 logvar_p_mean=0.0142 logvar_p_clamp=0.0000 kappa_log10=2.7573
2026-08-30 07:10:48 | Epoch 232/400 | Train Loss 2.3013 Acc 0.1123 | Val Loss 2.3008 Acc 0.1129 AUC 0.5000 Pre 0.0113 Rec 0.1000
2026-08-30 07:10:48 | Diag logvar_q_mean=0.0142 logvar_q_clamp=0.0000 logvar_p_mean=0.0142 logvar_p_clamp=0.0000 kappa_log10=2.7573
2026-08-30 07:10:52 | Epoch 233/400 | Train Loss 2.3013 Acc 0.1123 | Val Loss 2.3008 Acc 0.1129 AUC 0.5000 Pre 0.0113 Rec 0.1000
2026-08-30 07:10:53 | Diag logvar_q_mean=0.0143 logvar_q_clamp=0.0000 logvar_p_mean=0.0143 logvar_p_clamp=0.0000 kappa_log10=2.7573
2026-08-30 07:10:57 | Epoch 234/400 | Train Loss 2.3013 Acc 0.1123 | Val Loss 2.3007 Acc 0.1129 AUC 0.5000 Pre 0.0113 Rec 0.1000
2026-08-30 07:10:57 | Diag logvar_q_mean=0.0143 logvar_q_clamp=0.0000 logvar_p_mean=0.0143 logvar_p_clamp=0.0000 kappa_log10=3.5044
2026-08-30 07:11:01 | Epoch 235/400 | Train Loss 2.3013 Acc 0.1123 | Val Loss 2.3008 Acc 0.1129 AUC 0.5000 Pre 0.0113 Rec 0.1000
2026-08-30 07:11:02 | Diag logvar_q_mean=0.0143 logvar_q_clamp=0.0000 logvar_p_mean=0.0143 logvar_p_clamp=0.0000 kappa_log10=3.5094
2026-08-30 07:11:06 | Epoch 236/400 | Train Loss 2.3013 Acc 0.1123 | Val Loss 2.3008 Acc 0.1129 AUC 0.5000 Pre 0.0113 Rec 0.1000
2026-08-30 07:11:06 | Diag logvar_q_mean=0.0143 logvar_q_clamp=0.0000 logvar_p_mean=0.0143 logvar_p_clamp=0.0000 kappa_log10=3.5094
2026-08-30 07:11:10 | Epoch 237/400 | Train Loss 2.3013 Acc 0.1123 | Val Loss 2.3008 Acc 0.1129 AUC 0.5000 Pre 0.0113 Rec 0.1000
2026-08-30 07:11:11 | Diag logvar_q_mean=0.0143 logvar_q_clamp=0.0000 logvar_p_mean=0.0143 logvar_p_clamp=0.0000 kappa_log10=3.5094
2026-08-30 07:11:15 | Epoch 238/400 | Train Loss 2.3013 Acc 0.1123 | Val Loss 2.3007 Acc 0.1129 AUC 0.5000 Pre 0.0113 Rec 0.1000
2026-08-30 07:11:16 | Diag logvar_q_mean=0.0143 logvar_q_clamp=0.0000 logvar_p_mean=0.0143 logvar_p_clamp=0.0000 kappa_log10=3.5094
2026-08-30 07:11:19 | Epoch 239/400 | Train Loss 2.3013 Acc 0.1123 | Val Loss 2.3007 Acc 0.1129 AUC 0.5000 Pre 0.0113 Rec 0.1000
2026-08-30 07:11:20 | Diag logvar_q_mean=0.0143 logvar_q_clamp=0.0000 logvar_p_mean=0.0143 logvar_p_clamp=0.0000 kappa_log10=3.5094
2026-08-30 07:11:24 | Epoch 240/400 | Train Loss 2.3013 Acc 0.1123 | Val Loss 2.3008 Acc 0.1129 AUC 0.5000 Pre 0.0113 Rec 0.1000
2026-08-30 07:11:25 | Diag logvar_q_mean=0.0143 logvar_q_clamp=0.0000 logvar_p_mean=0.0143 logvar_p_clamp=0.0000 kappa_log10=3.5094
2026-08-30 07:11:29 | Epoch 241/400 | Train Loss 2.3013 Acc 0.1123 | Val Loss 2.3008 Acc 0.1129 AUC 0.5000 Pre 0.0113 Rec 0.1000
2026-08-30 07:11:29 | Diag logvar_q_mean=0.0143 logvar_q_clamp=0.0000 logvar_p_mean=0.0143 logvar_p_clamp=0.0000 kappa_log10=3.5094
2026-08-30 07:11:33 | Epoch 242/400 | Train Loss 2.3013 Acc 0.1123 | Val Loss 2.3008 Acc 0.1129 AUC 0.5000 Pre 0.0113 Rec 0.1000
2026-08-30 07:11:34 | Diag logvar_q_mean=0.0143 logvar_q_clamp=0.0000 logvar_p_mean=0.0143 logvar_p_clamp=0.0000 kappa_log10=3.5094
2026-08-30 07:11:38 | Epoch 243/400 | Train Loss 2.3014 Acc 0.1123 | Val Loss 2.3008 Acc 0.1129 AUC 0.5000 Pre 0.0113 Rec 0.1000
2026-08-30 07:11:38 | Diag logvar_q_mean=0.0144 logvar_q_clamp=0.0000 logvar_p_mean=0.0144 logvar_p_clamp=0.0000 kappa_log10=3.5715
2026-08-30 07:11:42 | Epoch 244/400 | Train Loss 2.3013 Acc 0.1123 | Val Loss 2.3008 Acc 0.1129 AUC 0.5000 Pre 0.0113 Rec 0.1000
2026-08-30 07:11:43 | Diag logvar_q_mean=0.0144 logvar_q_clamp=0.0000 logvar_p_mean=0.0144 logvar_p_clamp=0.0000 kappa_log10=3.5706
2026-08-30 07:11:47 | Epoch 245/400 | Train Loss 2.3013 Acc 0.1123 | Val Loss 2.3008 Acc 0.1129 AUC 0.5000 Pre 0.0113 Rec 0.1000
2026-08-30 07:11:48 | Diag logvar_q_mean=0.0144 logvar_q_clamp=0.0000 logvar_p_mean=0.0144 logvar_p_clamp=0.0000 kappa_log10=3.5706
2026-08-30 07:11:51 | Epoch 246/400 | Train Loss 2.3013 Acc 0.1123 | Val Loss 2.3007 Acc 0.1129 AUC 0.5000 Pre 0.0113 Rec 0.1000
2026-08-30 07:11:52 | Diag logvar_q_mean=0.0144 logvar_q_clamp=0.0000 logvar_p_mean=0.0144 logvar_p_clamp=0.0000 kappa_log10=3.5706
2026-08-30 07:11:56 | Epoch 247/400 | Train Loss 2.3013 Acc 0.1123 | Val Loss 2.3008 Acc 0.1129 AUC 0.5000 Pre 0.0113 Rec 0.1000
2026-08-30 07:11:57 | Diag logvar_q_mean=0.0144 logvar_q_clamp=0.0000 logvar_p_mean=0.0144 logvar_p_clamp=0.0000 kappa_log10=3.5706
2026-08-30 07:12:00 | Epoch 248/400 | Train Loss 2.3013 Acc 0.1123 | Val Loss 2.3007 Acc 0.1129 AUC 0.5000 Pre 0.0113 Rec 0.1000
2026-08-30 07:12:01 | Diag logvar_q_mean=0.0144 logvar_q_clamp=0.0000 logvar_p_mean=0.0144 logvar_p_clamp=0.0000 kappa_log10=3.5706
2026-08-30 07:12:05 | Epoch 249/400 | Train Loss 2.3013 Acc 0.1123 | Val Loss 2.3008 Acc 0.1129 AUC 0.5000 Pre 0.0113 Rec 0.1000
2026-08-30 07:12:06 | Diag logvar_q_mean=0.0144 logvar_q_clamp=0.0000 logvar_p_mean=0.0144 logvar_p_clamp=0.0000 kappa_log10=3.5706
2026-08-30 07:12:10 | Epoch 250/400 | Train Loss 2.3013 Acc 0.1123 | Val Loss 2.3007 Acc 0.1129 AUC 0.5000 Pre 0.0113 Rec 0.1000
2026-08-30 07:12:10 | Diag logvar_q_mean=0.0144 logvar_q_clamp=0.0000 logvar_p_mean=0.0144 logvar_p_clamp=0.0000 kappa_log10=3.5706
2026-08-30 07:12:14 | Epoch 251/400 | Train Loss 2.3013 Acc 0.1123 | Val Loss 2.3008 Acc 0.1129 AUC 0.5000 Pre 0.0113 Rec 0.1000
2026-08-30 07:12:15 | Diag logvar_q_mean=0.0144 logvar_q_clamp=0.0000 logvar_p_mean=0.0144 logvar_p_clamp=0.0000 kappa_log10=3.5706
2026-08-30 07:12:19 | Epoch 252/400 | Train Loss 2.3013 Acc 0.1123 | Val Loss 2.3008 Acc 0.1129 AUC 0.5000 Pre 0.0113 Rec 0.1000
2026-08-30 07:12:19 | Diag logvar_q_mean=0.0144 logvar_q_clamp=0.0000 logvar_p_mean=0.0144 logvar_p_clamp=0.0000 kappa_log10=3.5706
2026-08-30 07:12:23 | Epoch 253/400 | Train Loss 2.3013 Acc 0.1123 | Val Loss 2.3008 Acc 0.1129 AUC 0.5000 Pre 0.0113 Rec 0.1000
2026-08-30 07:12:24 | Diag logvar_q_mean=0.0144 logvar_q_clamp=0.0000 logvar_p_mean=0.0144 logvar_p_clamp=0.0000 kappa_log10=3.5706
2026-08-30 07:12:28 | Epoch 254/400 | Train Loss 2.3013 Acc 0.1123 | Val Loss 2.3008 Acc 0.1129 AUC 0.5000 Pre 0.0113 Rec 0.1000
2026-08-30 07:12:28 | Diag logvar_q_mean=0.0144 logvar_q_clamp=0.0000 logvar_p_mean=0.0144 logvar_p_clamp=0.0000 kappa_log10=3.5706
2026-08-30 07:12:33 | Epoch 255/400 | Train Loss 2.3013 Acc 0.1123 | Val Loss 2.3008 Acc 0.1129 AUC 0.5000 Pre 0.0113 Rec 0.1000
2026-08-30 07:12:33 | Diag logvar_q_mean=0.0144 logvar_q_clamp=0.0000 logvar_p_mean=0.0144 logvar_p_clamp=0.0000 kappa_log10=3.5706
2026-08-30 07:12:37 | Epoch 256/400 | Train Loss 2.3013 Acc 0.1123 | Val Loss 2.3008 Acc 0.1129 AUC 0.5000 Pre 0.0113 Rec 0.1000
2026-08-30 07:12:38 | Diag logvar_q_mean=0.0144 logvar_q_clamp=0.0000 logvar_p_mean=0.0144 logvar_p_clamp=0.0000 kappa_log10=3.5706
2026-08-30 07:12:42 | Epoch 257/400 | Train Loss 2.3013 Acc 0.1123 | Val Loss 2.3007 Acc 0.1129 AUC 0.5000 Pre 0.0113 Rec 0.1000
2026-08-30 07:12:42 | Diag logvar_q_mean=0.0144 logvar_q_clamp=0.0000 logvar_p_mean=0.0144 logvar_p_clamp=0.0000 kappa_log10=3.5676
2026-08-30 07:12:46 | Epoch 258/400 | Train Loss 2.3013 Acc 0.1123 | Val Loss 2.3007 Acc 0.1129 AUC 0.5000 Pre 0.0113 Rec 0.1000
2026-08-30 07:12:47 | Diag logvar_q_mean=0.0144 logvar_q_clamp=0.0000 logvar_p_mean=0.0144 logvar_p_clamp=0.0000 kappa_log10=3.5676
2026-08-30 07:12:51 | Epoch 259/400 | Train Loss 2.3013 Acc 0.1123 | Val Loss 2.3008 Acc 0.1129 AUC 0.5000 Pre 0.0113 Rec 0.1000
2026-08-30 07:12:51 | Diag logvar_q_mean=0.0144 logvar_q_clamp=0.0000 logvar_p_mean=0.0144 logvar_p_clamp=0.0000 kappa_log10=3.5675
2026-08-30 07:12:55 | Epoch 260/400 | Train Loss 2.3013 Acc 0.1123 | Val Loss 2.3008 Acc 0.1129 AUC 0.5000 Pre 0.0113 Rec 0.1000
2026-08-30 07:12:56 | Diag logvar_q_mean=0.0144 logvar_q_clamp=0.0000 logvar_p_mean=0.0144 logvar_p_clamp=0.0000 kappa_log10=3.5675
2026-08-30 07:13:00 | Epoch 261/400 | Train Loss 2.3013 Acc 0.1123 | Val Loss 2.3008 Acc 0.1129 AUC 0.5000 Pre 0.0113 Rec 0.1000
2026-08-30 07:13:00 | Diag logvar_q_mean=0.0144 logvar_q_clamp=0.0000 logvar_p_mean=0.0145 logvar_p_clamp=0.0000 kappa_log10=3.5675
2026-08-30 07:13:04 | Epoch 262/400 | Train Loss 2.3013 Acc 0.1123 | Val Loss 2.3008 Acc 0.1129 AUC 0.5000 Pre 0.0113 Rec 0.1000
2026-08-30 07:13:05 | Diag logvar_q_mean=0.0145 logvar_q_clamp=0.0000 logvar_p_mean=0.0145 logvar_p_clamp=0.0000 kappa_log10=3.5675
2026-08-30 07:13:09 | Epoch 263/400 | Train Loss 2.3013 Acc 0.1123 | Val Loss 2.3007 Acc 0.1129 AUC 0.5000 Pre 0.0113 Rec 0.1000
2026-08-30 07:13:10 | Diag logvar_q_mean=0.0145 logvar_q_clamp=0.0000 logvar_p_mean=0.0145 logvar_p_clamp=0.0000 kappa_log10=3.5675
2026-08-30 07:13:13 | Epoch 264/400 | Train Loss 2.3013 Acc 0.1123 | Val Loss 2.3008 Acc 0.1129 AUC 0.5000 Pre 0.0113 Rec 0.1000
2026-08-30 07:13:14 | Diag logvar_q_mean=0.0145 logvar_q_clamp=0.0000 logvar_p_mean=0.0145 logvar_p_clamp=0.0000 kappa_log10=3.5675
2026-08-30 07:13:18 | Epoch 265/400 | Train Loss 2.3013 Acc 0.1123 | Val Loss 2.3008 Acc 0.1129 AUC 0.5000 Pre 0.0113 Rec 0.1000
2026-08-30 07:13:19 | Diag logvar_q_mean=0.0145 logvar_q_clamp=0.0000 logvar_p_mean=0.0145 logvar_p_clamp=0.0000 kappa_log10=3.5675
2026-08-30 07:13:23 | Epoch 266/400 | Train Loss 2.3013 Acc 0.1123 | Val Loss 2.3007 Acc 0.1129 AUC 0.5000 Pre 0.0113 Rec 0.1000
2026-08-30 07:13:23 | Diag logvar_q_mean=0.0145 logvar_q_clamp=0.0000 logvar_p_mean=0.0145 logvar_p_clamp=0.0000 kappa_log10=3.5675
2026-08-30 07:13:27 | Epoch 267/400 | Train Loss 2.3013 Acc 0.1123 | Val Loss 2.3007 Acc 0.1129 AUC 0.5000 Pre 0.0113 Rec 0.1000
2026-08-30 07:13:28 | Diag logvar_q_mean=0.0145 logvar_q_clamp=0.0000 logvar_p_mean=0.0145 logvar_p_clamp=0.0000 kappa_log10=3.8798
2026-08-30 07:13:32 | Epoch 268/400 | Train Loss 2.3013 Acc 0.1123 | Val Loss 2.3008 Acc 0.1129 AUC 0.5000 Pre 0.0113 Rec 0.1000
2026-08-30 07:13:32 | Diag logvar_q_mean=0.0145 logvar_q_clamp=0.0000 logvar_p_mean=0.0145 logvar_p_clamp=0.0000 kappa_log10=3.8803
2026-08-30 07:13:36 | Epoch 269/400 | Train Loss 2.3013 Acc 0.1123 | Val Loss 2.3007 Acc 0.1129 AUC 0.5000 Pre 0.0113 Rec 0.1000
2026-08-30 07:13:37 | Diag logvar_q_mean=0.0145 logvar_q_clamp=0.0000 logvar_p_mean=0.0145 logvar_p_clamp=0.0000 kappa_log10=3.8802
2026-08-30 07:13:41 | Epoch 270/400 | Train Loss 2.3013 Acc 0.1123 | Val Loss 2.3008 Acc 0.1129 AUC 0.5000 Pre 0.0113 Rec 0.1000
2026-08-30 07:13:41 | Diag logvar_q_mean=0.0145 logvar_q_clamp=0.0000 logvar_p_mean=0.0145 logvar_p_clamp=0.0000 kappa_log10=3.8802
2026-08-30 07:13:45 | Epoch 271/400 | Train Loss 2.3013 Acc 0.1123 | Val Loss 2.3008 Acc 0.1129 AUC 0.5000 Pre 0.0113 Rec 0.1000
2026-08-30 07:13:46 | Diag logvar_q_mean=0.0145 logvar_q_clamp=0.0000 logvar_p_mean=0.0145 logvar_p_clamp=0.0000 kappa_log10=3.8802
2026-08-30 07:13:50 | Epoch 272/400 | Train Loss 2.3013 Acc 0.1123 | Val Loss 2.3008 Acc 0.1129 AUC 0.5000 Pre 0.0113 Rec 0.1000
2026-08-30 07:13:50 | Diag logvar_q_mean=0.0145 logvar_q_clamp=0.0000 logvar_p_mean=0.0145 logvar_p_clamp=0.0000 kappa_log10=3.8802
2026-08-30 07:13:54 | Epoch 273/400 | Train Loss 2.3013 Acc 0.1123 | Val Loss 2.3008 Acc 0.1129 AUC 0.5000 Pre 0.0113 Rec 0.1000
2026-08-30 07:13:55 | Diag logvar_q_mean=0.0145 logvar_q_clamp=0.0000 logvar_p_mean=0.0145 logvar_p_clamp=0.0000 kappa_log10=3.8802
2026-08-30 07:13:59 | Epoch 274/400 | Train Loss 2.3013 Acc 0.1123 | Val Loss 2.3007 Acc 0.1129 AUC 0.5000 Pre 0.0113 Rec 0.1000
2026-08-30 07:14:00 | Diag logvar_q_mean=0.0145 logvar_q_clamp=0.0000 logvar_p_mean=0.0145 logvar_p_clamp=0.0000 kappa_log10=3.8802
2026-08-30 07:14:04 | Epoch 275/400 | Train Loss 2.3013 Acc 0.1123 | Val Loss 2.3008 Acc 0.1129 AUC 0.5000 Pre 0.0113 Rec 0.1000
2026-08-30 07:14:04 | Diag logvar_q_mean=0.0145 logvar_q_clamp=0.0000 logvar_p_mean=0.0145 logvar_p_clamp=0.0000 kappa_log10=3.8802
2026-08-30 07:14:08 | Epoch 276/400 | Train Loss 2.3013 Acc 0.1123 | Val Loss 2.3008 Acc 0.1129 AUC 0.5000 Pre 0.0113 Rec 0.1000
2026-08-30 07:14:09 | Diag logvar_q_mean=0.0145 logvar_q_clamp=0.0000 logvar_p_mean=0.0145 logvar_p_clamp=0.0000 kappa_log10=3.8802
2026-08-30 07:14:13 | Epoch 277/400 | Train Loss 2.3013 Acc 0.1123 | Val Loss 2.3008 Acc 0.1129 AUC 0.5000 Pre 0.0113 Rec 0.1000
2026-08-30 07:14:13 | Diag logvar_q_mean=0.0145 logvar_q_clamp=0.0000 logvar_p_mean=0.0145 logvar_p_clamp=0.0000 kappa_log10=3.8802
2026-08-30 07:14:17 | Epoch 278/400 | Train Loss 2.3013 Acc 0.1123 | Val Loss 2.3007 Acc 0.1129 AUC 0.5000 Pre 0.0113 Rec 0.1000
2026-08-30 07:14:18 | Diag logvar_q_mean=0.0145 logvar_q_clamp=0.0000 logvar_p_mean=0.0145 logvar_p_clamp=0.0000 kappa_log10=3.5372
2026-08-30 07:14:22 | Epoch 279/400 | Train Loss 2.3013 Acc 0.1123 | Val Loss 2.3007 Acc 0.1129 AUC 0.5000 Pre 0.0113 Rec 0.1000
2026-08-30 07:14:22 | Diag logvar_q_mean=0.0145 logvar_q_clamp=0.0000 logvar_p_mean=0.0145 logvar_p_clamp=0.0000 kappa_log10=3.5371
2026-08-30 07:14:26 | Epoch 280/400 | Train Loss 2.3013 Acc 0.1123 | Val Loss 2.3007 Acc 0.1129 AUC 0.5000 Pre 0.0113 Rec 0.1000
2026-08-30 07:14:27 | Diag logvar_q_mean=0.0145 logvar_q_clamp=0.0000 logvar_p_mean=0.0145 logvar_p_clamp=0.0000 kappa_log10=3.5729
2026-08-30 07:14:31 | Epoch 281/400 | Train Loss 2.3013 Acc 0.1123 | Val Loss 2.3008 Acc 0.1129 AUC 0.5000 Pre 0.0113 Rec 0.1000
2026-08-30 07:14:32 | Diag logvar_q_mean=0.0145 logvar_q_clamp=0.0000 logvar_p_mean=0.0145 logvar_p_clamp=0.0000 kappa_log10=3.5260
2026-08-30 07:14:36 | Epoch 282/400 | Train Loss 2.3013 Acc 0.1123 | Val Loss 2.3007 Acc 0.1129 AUC 0.5000 Pre 0.0113 Rec 0.1000
2026-08-30 07:14:36 | Diag logvar_q_mean=0.0145 logvar_q_clamp=0.0000 logvar_p_mean=0.0145 logvar_p_clamp=0.0000 kappa_log10=3.5260
2026-08-30 07:14:40 | Epoch 283/400 | Train Loss 2.3013 Acc 0.1123 | Val Loss 2.3008 Acc 0.1129 AUC 0.5000 Pre 0.0113 Rec 0.1000
2026-08-30 07:14:41 | Diag logvar_q_mean=0.0145 logvar_q_clamp=0.0000 logvar_p_mean=0.0145 logvar_p_clamp=0.0000 kappa_log10=3.5260
2026-08-30 07:14:45 | Epoch 284/400 | Train Loss 2.3013 Acc 0.1123 | Val Loss 2.3008 Acc 0.1129 AUC 0.5000 Pre 0.0113 Rec 0.1000
2026-08-30 07:14:45 | Diag logvar_q_mean=0.0145 logvar_q_clamp=0.0000 logvar_p_mean=0.0146 logvar_p_clamp=0.0000 kappa_log10=3.5260
2026-08-30 07:14:49 | Epoch 285/400 | Train Loss 2.3013 Acc 0.1123 | Val Loss 2.3007 Acc 0.1129 AUC 0.5000 Pre 0.0113 Rec 0.1000
2026-08-30 07:14:50 | Diag logvar_q_mean=0.0146 logvar_q_clamp=0.0000 logvar_p_mean=0.0146 logvar_p_clamp=0.0000 kappa_log10=3.5260
2026-08-30 07:14:54 | Epoch 286/400 | Train Loss 2.3013 Acc 0.1123 | Val Loss 2.3008 Acc 0.1129 AUC 0.5000 Pre 0.0113 Rec 0.1000
2026-08-30 07:14:55 | Diag logvar_q_mean=0.0146 logvar_q_clamp=0.0000 logvar_p_mean=0.0146 logvar_p_clamp=0.0000 kappa_log10=3.5260
2026-08-30 07:14:58 | Epoch 287/400 | Train Loss 2.3013 Acc 0.1123 | Val Loss 2.3007 Acc 0.1129 AUC 0.5000 Pre 0.0113 Rec 0.1000
2026-08-30 07:14:59 | Diag logvar_q_mean=0.0146 logvar_q_clamp=0.0000 logvar_p_mean=0.0146 logvar_p_clamp=0.0000 kappa_log10=3.5260
2026-08-30 07:15:03 | Epoch 288/400 | Train Loss 2.3013 Acc 0.1123 | Val Loss 2.3007 Acc 0.1129 AUC 0.5000 Pre 0.0113 Rec 0.1000
2026-08-30 07:15:04 | Diag logvar_q_mean=0.0146 logvar_q_clamp=0.0000 logvar_p_mean=0.0146 logvar_p_clamp=0.0000 kappa_log10=3.5260
2026-08-30 07:15:08 | Epoch 289/400 | Train Loss 2.3013 Acc 0.1123 | Val Loss 2.3008 Acc 0.1129 AUC 0.5000 Pre 0.0113 Rec 0.1000
2026-08-30 07:15:08 | Diag logvar_q_mean=0.0146 logvar_q_clamp=0.0000 logvar_p_mean=0.0146 logvar_p_clamp=0.0000 kappa_log10=3.5260
2026-08-30 07:15:12 | Epoch 290/400 | Train Loss 2.3013 Acc 0.1123 | Val Loss 2.3008 Acc 0.1129 AUC 0.5000 Pre 0.0113 Rec 0.1000
2026-08-30 07:15:13 | Diag logvar_q_mean=0.0146 logvar_q_clamp=0.0000 logvar_p_mean=0.0146 logvar_p_clamp=0.0000 kappa_log10=3.5260
2026-08-30 07:15:17 | Epoch 291/400 | Train Loss 2.3013 Acc 0.1123 | Val Loss 2.3008 Acc 0.1129 AUC 0.5000 Pre 0.0113 Rec 0.1000
2026-08-30 07:15:17 | Diag logvar_q_mean=0.0146 logvar_q_clamp=0.0000 logvar_p_mean=0.0146 logvar_p_clamp=0.0000 kappa_log10=3.4154
2026-08-30 07:15:21 | Epoch 292/400 | Train Loss 2.3013 Acc 0.1123 | Val Loss 2.3008 Acc 0.1129 AUC 0.5000 Pre 0.0113 Rec 0.1000
2026-08-30 07:15:22 | Diag logvar_q_mean=0.0146 logvar_q_clamp=0.0000 logvar_p_mean=0.0146 logvar_p_clamp=0.0000 kappa_log10=2.9561
2026-08-30 07:15:26 | Epoch 293/400 | Train Loss 2.3013 Acc 0.1123 | Val Loss 2.3008 Acc 0.1129 AUC 0.5000 Pre 0.0113 Rec 0.1000
2026-08-30 07:15:26 | Diag logvar_q_mean=0.0146 logvar_q_clamp=0.0000 logvar_p_mean=0.0146 logvar_p_clamp=0.0000 kappa_log10=2.9560
2026-08-30 07:15:30 | Epoch 294/400 | Train Loss 2.3013 Acc 0.1123 | Val Loss 2.3008 Acc 0.1129 AUC 0.5000 Pre 0.0113 Rec 0.1000
2026-08-30 07:15:31 | Diag logvar_q_mean=0.0146 logvar_q_clamp=0.0000 logvar_p_mean=0.0146 logvar_p_clamp=0.0000 kappa_log10=2.9560
2026-08-30 07:15:35 | Epoch 295/400 | Train Loss 2.3013 Acc 0.1123 | Val Loss 2.3008 Acc 0.1129 AUC 0.5000 Pre 0.0113 Rec 0.1000
2026-08-30 07:15:36 | Diag logvar_q_mean=0.0146 logvar_q_clamp=0.0000 logvar_p_mean=0.0146 logvar_p_clamp=0.0000 kappa_log10=2.9560
2026-08-30 07:15:40 | Epoch 296/400 | Train Loss 2.3013 Acc 0.1123 | Val Loss 2.3008 Acc 0.1129 AUC 0.5000 Pre 0.0113 Rec 0.1000
2026-08-30 07:15:40 | Diag logvar_q_mean=0.0146 logvar_q_clamp=0.0000 logvar_p_mean=0.0146 logvar_p_clamp=0.0000 kappa_log10=2.9560
2026-08-30 07:15:44 | Epoch 297/400 | Train Loss 2.3013 Acc 0.1123 | Val Loss 2.3008 Acc 0.1129 AUC 0.5000 Pre 0.0113 Rec 0.1000
2026-08-30 07:15:45 | Diag logvar_q_mean=0.0146 logvar_q_clamp=0.0000 logvar_p_mean=0.0146 logvar_p_clamp=0.0000 kappa_log10=2.9161
2026-08-30 07:15:49 | Epoch 298/400 | Train Loss 2.3013 Acc 0.1123 | Val Loss 2.3008 Acc 0.1129 AUC 0.5000 Pre 0.0113 Rec 0.1000
2026-08-30 07:15:49 | Diag logvar_q_mean=0.0146 logvar_q_clamp=0.0000 logvar_p_mean=0.0146 logvar_p_clamp=0.0000 kappa_log10=2.9163
2026-08-30 07:15:53 | Epoch 299/400 | Train Loss 2.3014 Acc 0.1123 | Val Loss 2.3007 Acc 0.1129 AUC 0.5000 Pre 0.0113 Rec 0.1000
2026-08-30 07:15:54 | Diag logvar_q_mean=0.0147 logvar_q_clamp=0.0000 logvar_p_mean=0.0147 logvar_p_clamp=0.0000 kappa_log10=2.9097
2026-08-30 07:15:58 | Epoch 300/400 | Train Loss 2.3013 Acc 0.1123 | Val Loss 2.3008 Acc 0.1129 AUC 0.5000 Pre 0.0113 Rec 0.1000
2026-08-30 07:15:59 | Diag logvar_q_mean=0.0147 logvar_q_clamp=0.0000 logvar_p_mean=0.0147 logvar_p_clamp=0.0000 kappa_log10=2.9097
2026-08-30 07:16:02 | Epoch 301/400 | Train Loss 2.3013 Acc 0.1123 | Val Loss 2.3008 Acc 0.1129 AUC 0.5000 Pre 0.0113 Rec 0.1000
2026-08-30 07:16:03 | Diag logvar_q_mean=0.0147 logvar_q_clamp=0.0000 logvar_p_mean=0.0147 logvar_p_clamp=0.0000 kappa_log10=3.0547
2026-08-30 07:16:07 | Epoch 302/400 | Train Loss 2.3013 Acc 0.1123 | Val Loss 2.3008 Acc 0.1129 AUC 0.5000 Pre 0.0113 Rec 0.1000
2026-08-30 07:16:08 | Diag logvar_q_mean=0.0147 logvar_q_clamp=0.0000 logvar_p_mean=0.0147 logvar_p_clamp=0.0000 kappa_log10=3.0541
2026-08-30 07:16:12 | Epoch 303/400 | Train Loss 2.3013 Acc 0.1123 | Val Loss 2.3008 Acc 0.1129 AUC 0.5000 Pre 0.0113 Rec 0.1000
2026-08-30 07:16:12 | Diag logvar_q_mean=0.0147 logvar_q_clamp=0.0000 logvar_p_mean=0.0147 logvar_p_clamp=0.0000 kappa_log10=3.0541
2026-08-30 07:16:16 | Epoch 304/400 | Train Loss 2.3013 Acc 0.1123 | Val Loss 2.3008 Acc 0.1129 AUC 0.5000 Pre 0.0113 Rec 0.1000
2026-08-30 07:16:17 | Diag logvar_q_mean=0.0147 logvar_q_clamp=0.0000 logvar_p_mean=0.0147 logvar_p_clamp=0.0000 kappa_log10=3.0541
2026-08-30 07:16:21 | Epoch 305/400 | Train Loss 2.3013 Acc 0.1123 | Val Loss 2.3008 Acc 0.1129 AUC 0.5000 Pre 0.0113 Rec 0.1000
2026-08-30 07:16:21 | Diag logvar_q_mean=0.0147 logvar_q_clamp=0.0000 logvar_p_mean=0.0147 logvar_p_clamp=0.0000 kappa_log10=3.0541
2026-08-30 07:16:25 | Epoch 306/400 | Train Loss 2.3013 Acc 0.1123 | Val Loss 2.3008 Acc 0.1129 AUC 0.5000 Pre 0.0113 Rec 0.1000
2026-08-30 07:16:26 | Diag logvar_q_mean=0.0147 logvar_q_clamp=0.0000 logvar_p_mean=0.0148 logvar_p_clamp=0.0000 kappa_log10=3.0541
2026-08-30 07:16:30 | Epoch 307/400 | Train Loss 2.3013 Acc 0.1123 | Val Loss 2.3008 Acc 0.1129 AUC 0.5000 Pre 0.0113 Rec 0.1000
2026-08-30 07:16:30 | Diag logvar_q_mean=0.0148 logvar_q_clamp=0.0000 logvar_p_mean=0.0148 logvar_p_clamp=0.0000 kappa_log10=3.0541
2026-08-30 07:16:34 | Epoch 308/400 | Train Loss 2.3013 Acc 0.1123 | Val Loss 2.3008 Acc 0.1129 AUC 0.5000 Pre 0.0113 Rec 0.1000
2026-08-30 07:16:35 | Diag logvar_q_mean=0.0148 logvar_q_clamp=0.0000 logvar_p_mean=0.0148 logvar_p_clamp=0.0000 kappa_log10=3.0541
2026-08-30 07:16:39 | Epoch 309/400 | Train Loss 2.3013 Acc 0.1123 | Val Loss 2.3007 Acc 0.1129 AUC 0.5000 Pre 0.0113 Rec 0.1000
2026-08-30 07:16:39 | Diag logvar_q_mean=0.0148 logvar_q_clamp=0.0000 logvar_p_mean=0.0148 logvar_p_clamp=0.0000 kappa_log10=3.0541
2026-08-30 07:16:43 | Epoch 310/400 | Train Loss 2.3013 Acc 0.1123 | Val Loss 2.3008 Acc 0.1129 AUC 0.5000 Pre 0.0113 Rec 0.1000
2026-08-30 07:16:44 | Diag logvar_q_mean=0.0148 logvar_q_clamp=0.0000 logvar_p_mean=0.0148 logvar_p_clamp=0.0000 kappa_log10=3.0541
2026-08-30 07:16:48 | Epoch 311/400 | Train Loss 2.3013 Acc 0.1123 | Val Loss 2.3008 Acc 0.1129 AUC 0.5000 Pre 0.0113 Rec 0.1000
2026-08-30 07:16:49 | Diag logvar_q_mean=0.0148 logvar_q_clamp=0.0000 logvar_p_mean=0.0148 logvar_p_clamp=0.0000 kappa_log10=3.0541
2026-08-30 07:16:53 | Epoch 312/400 | Train Loss 2.3013 Acc 0.1123 | Val Loss 2.3008 Acc 0.1129 AUC 0.5000 Pre 0.0113 Rec 0.1000
2026-08-30 07:16:53 | Diag logvar_q_mean=0.0148 logvar_q_clamp=0.0000 logvar_p_mean=0.0148 logvar_p_clamp=0.0000 kappa_log10=3.0541
2026-08-30 07:16:57 | Epoch 313/400 | Train Loss 2.3013 Acc 0.1123 | Val Loss 2.3008 Acc 0.1129 AUC 0.5000 Pre 0.0113 Rec 0.1000
2026-08-30 07:16:58 | Diag logvar_q_mean=0.0148 logvar_q_clamp=0.0000 logvar_p_mean=0.0148 logvar_p_clamp=0.0000 kappa_log10=3.0541
2026-08-30 07:17:02 | Epoch 314/400 | Train Loss 2.3013 Acc 0.1123 | Val Loss 2.3008 Acc 0.1129 AUC 0.5000 Pre 0.0113 Rec 0.1000
2026-08-30 07:17:02 | Diag logvar_q_mean=0.0148 logvar_q_clamp=0.0000 logvar_p_mean=0.0148 logvar_p_clamp=0.0000 kappa_log10=3.0541
2026-08-30 07:17:06 | Epoch 315/400 | Train Loss 2.3013 Acc 0.1123 | Val Loss 2.3008 Acc 0.1129 AUC 0.5000 Pre 0.0113 Rec 0.1000
2026-08-30 07:17:07 | Diag logvar_q_mean=0.0148 logvar_q_clamp=0.0000 logvar_p_mean=0.0148 logvar_p_clamp=0.0000 kappa_log10=3.0541
2026-08-30 07:17:11 | Epoch 316/400 | Train Loss 2.3013 Acc 0.1123 | Val Loss 2.3008 Acc 0.1129 AUC 0.5000 Pre 0.0113 Rec 0.1000
2026-08-30 07:17:11 | Diag logvar_q_mean=0.0148 logvar_q_clamp=0.0000 logvar_p_mean=0.0148 logvar_p_clamp=0.0000 kappa_log10=3.0541
2026-08-30 07:17:15 | Epoch 317/400 | Train Loss 2.3013 Acc 0.1123 | Val Loss 2.3008 Acc 0.1129 AUC 0.5000 Pre 0.0113 Rec 0.1000
2026-08-30 07:17:16 | Diag logvar_q_mean=0.0148 logvar_q_clamp=0.0000 logvar_p_mean=0.0148 logvar_p_clamp=0.0000 kappa_log10=3.0541
2026-08-30 07:17:20 | Epoch 318/400 | Train Loss 2.3013 Acc 0.1123 | Val Loss 2.3008 Acc 0.1129 AUC 0.5000 Pre 0.0113 Rec 0.1000
2026-08-30 07:17:20 | Diag logvar_q_mean=0.0148 logvar_q_clamp=0.0000 logvar_p_mean=0.0148 logvar_p_clamp=0.0000 kappa_log10=3.0541
2026-08-30 07:17:24 | Epoch 319/400 | Train Loss 2.3013 Acc 0.1123 | Val Loss 2.3008 Acc 0.1129 AUC 0.5000 Pre 0.0113 Rec 0.1000
2026-08-30 07:17:25 | Diag logvar_q_mean=0.0148 logvar_q_clamp=0.0000 logvar_p_mean=0.0148 logvar_p_clamp=0.0000 kappa_log10=3.0541
2026-08-30 07:17:29 | Epoch 320/400 | Train Loss 2.3013 Acc 0.1123 | Val Loss 2.3008 Acc 0.1129 AUC 0.5000 Pre 0.0113 Rec 0.1000
2026-08-30 07:17:30 | Diag logvar_q_mean=0.0148 logvar_q_clamp=0.0000 logvar_p_mean=0.0148 logvar_p_clamp=0.0000 kappa_log10=3.0541
2026-08-30 07:17:34 | Epoch 321/400 | Train Loss 2.3013 Acc 0.1123 | Val Loss 2.3008 Acc 0.1129 AUC 0.5000 Pre 0.0113 Rec 0.1000
2026-08-30 07:17:34 | Diag logvar_q_mean=0.0148 logvar_q_clamp=0.0000 logvar_p_mean=0.0148 logvar_p_clamp=0.0000 kappa_log10=3.0541
2026-08-30 07:17:38 | Epoch 322/400 | Train Loss 2.3013 Acc 0.1123 | Val Loss 2.3008 Acc 0.1129 AUC 0.5000 Pre 0.0113 Rec 0.1000
2026-08-30 07:17:39 | Diag logvar_q_mean=0.0148 logvar_q_clamp=0.0000 logvar_p_mean=0.0148 logvar_p_clamp=0.0000 kappa_log10=3.0541
2026-08-30 07:17:43 | Epoch 323/400 | Train Loss 2.3013 Acc 0.1123 | Val Loss 2.3008 Acc 0.1129 AUC 0.5000 Pre 0.0113 Rec 0.1000
2026-08-30 07:17:43 | Diag logvar_q_mean=0.0148 logvar_q_clamp=0.0000 logvar_p_mean=0.0148 logvar_p_clamp=0.0000 kappa_log10=3.0541
2026-08-30 07:17:47 | Epoch 324/400 | Train Loss 2.3013 Acc 0.1123 | Val Loss 2.3007 Acc 0.1129 AUC 0.5000 Pre 0.0113 Rec 0.1000
2026-08-30 07:17:48 | Diag logvar_q_mean=0.0148 logvar_q_clamp=0.0000 logvar_p_mean=0.0148 logvar_p_clamp=0.0000 kappa_log10=3.0541
2026-08-30 07:17:52 | Epoch 325/400 | Train Loss 2.3013 Acc 0.1123 | Val Loss 2.3008 Acc 0.1129 AUC 0.5000 Pre 0.0113 Rec 0.1000
2026-08-30 07:17:53 | Diag logvar_q_mean=0.0148 logvar_q_clamp=0.0000 logvar_p_mean=0.0148 logvar_p_clamp=0.0000 kappa_log10=3.0541
2026-08-30 07:17:57 | Epoch 326/400 | Train Loss 2.3013 Acc 0.1123 | Val Loss 2.3008 Acc 0.1129 AUC 0.5000 Pre 0.0113 Rec 0.1000
2026-08-30 07:17:57 | Diag logvar_q_mean=0.0148 logvar_q_clamp=0.0000 logvar_p_mean=0.0148 logvar_p_clamp=0.0000 kappa_log10=3.0541
2026-08-30 07:18:01 | Epoch 327/400 | Train Loss 2.3013 Acc 0.1123 | Val Loss 2.3008 Acc 0.1129 AUC 0.5000 Pre 0.0113 Rec 0.1000
2026-08-30 07:18:02 | Diag logvar_q_mean=0.0148 logvar_q_clamp=0.0000 logvar_p_mean=0.0148 logvar_p_clamp=0.0000 kappa_log10=3.0541
2026-08-30 07:18:06 | Epoch 328/400 | Train Loss 2.3013 Acc 0.1123 | Val Loss 2.3007 Acc 0.1129 AUC 0.5000 Pre 0.0113 Rec 0.1000
2026-08-30 07:18:07 | Diag logvar_q_mean=0.0148 logvar_q_clamp=0.0000 logvar_p_mean=0.0149 logvar_p_clamp=0.0000 kappa_log10=3.0541
2026-08-30 07:18:11 | Epoch 329/400 | Train Loss 2.3013 Acc 0.1123 | Val Loss 2.3007 Acc 0.1129 AUC 0.5000 Pre 0.0113 Rec 0.1000
2026-08-30 07:18:11 | Diag logvar_q_mean=0.0149 logvar_q_clamp=0.0000 logvar_p_mean=0.0149 logvar_p_clamp=0.0000 kappa_log10=3.0541
2026-08-30 07:18:16 | Epoch 330/400 | Train Loss 2.3013 Acc 0.1123 | Val Loss 2.3008 Acc 0.1129 AUC 0.5000 Pre 0.0113 Rec 0.1000
2026-08-30 07:18:16 | Diag logvar_q_mean=0.0149 logvar_q_clamp=0.0000 logvar_p_mean=0.0149 logvar_p_clamp=0.0000 kappa_log10=3.0541
2026-08-30 07:18:20 | Epoch 331/400 | Train Loss 2.3013 Acc 0.1123 | Val Loss 2.3007 Acc 0.1129 AUC 0.5000 Pre 0.0113 Rec 0.1000
2026-08-30 07:18:21 | Diag logvar_q_mean=0.0149 logvar_q_clamp=0.0000 logvar_p_mean=0.0149 logvar_p_clamp=0.0000 kappa_log10=3.0541
2026-08-30 07:18:25 | Epoch 332/400 | Train Loss 2.3013 Acc 0.1123 | Val Loss 2.3007 Acc 0.1129 AUC 0.5000 Pre 0.0113 Rec 0.1000
2026-08-30 07:18:25 | Diag logvar_q_mean=0.0149 logvar_q_clamp=0.0000 logvar_p_mean=0.0149 logvar_p_clamp=0.0000 kappa_log10=2.5935
2026-08-30 07:18:29 | Epoch 333/400 | Train Loss 2.3013 Acc 0.1123 | Val Loss 2.3008 Acc 0.1129 AUC 0.5000 Pre 0.0113 Rec 0.1000
2026-08-30 07:18:30 | Diag logvar_q_mean=0.0149 logvar_q_clamp=0.0000 logvar_p_mean=0.0149 logvar_p_clamp=0.0000 kappa_log10=2.5934
2026-08-30 07:18:34 | Epoch 334/400 | Train Loss 2.3013 Acc 0.1123 | Val Loss 2.3008 Acc 0.1129 AUC 0.5000 Pre 0.0113 Rec 0.1000
2026-08-30 07:18:35 | Diag logvar_q_mean=0.0149 logvar_q_clamp=0.0000 logvar_p_mean=0.0149 logvar_p_clamp=0.0000 kappa_log10=2.5934
2026-08-30 07:18:39 | Epoch 335/400 | Train Loss 2.3013 Acc 0.1123 | Val Loss 2.3008 Acc 0.1129 AUC 0.5000 Pre 0.0113 Rec 0.1000
2026-08-30 07:18:39 | Diag logvar_q_mean=0.0149 logvar_q_clamp=0.0000 logvar_p_mean=0.0149 logvar_p_clamp=0.0000 kappa_log10=2.5934
2026-08-30 07:18:43 | Epoch 336/400 | Train Loss 2.3013 Acc 0.1123 | Val Loss 2.3008 Acc 0.1129 AUC 0.5000 Pre 0.0113 Rec 0.1000
2026-08-30 07:18:44 | Diag logvar_q_mean=0.0149 logvar_q_clamp=0.0000 logvar_p_mean=0.0149 logvar_p_clamp=0.0000 kappa_log10=2.5934
2026-08-30 07:18:48 | Epoch 337/400 | Train Loss 2.3013 Acc 0.1123 | Val Loss 2.3008 Acc 0.1129 AUC 0.5000 Pre 0.0113 Rec 0.1000
2026-08-30 07:18:48 | Diag logvar_q_mean=0.0149 logvar_q_clamp=0.0000 logvar_p_mean=0.0149 logvar_p_clamp=0.0000 kappa_log10=2.5934
2026-08-30 07:18:52 | Epoch 338/400 | Train Loss 2.3013 Acc 0.1123 | Val Loss 2.3008 Acc 0.1129 AUC 0.5000 Pre 0.0113 Rec 0.1000
2026-08-30 07:18:53 | Diag logvar_q_mean=0.0149 logvar_q_clamp=0.0000 logvar_p_mean=0.0149 logvar_p_clamp=0.0000 kappa_log10=2.5934
2026-08-30 07:18:57 | Epoch 339/400 | Train Loss 2.3013 Acc 0.1123 | Val Loss 2.3008 Acc 0.1129 AUC 0.5000 Pre 0.0113 Rec 0.1000
2026-08-30 07:18:58 | Diag logvar_q_mean=0.0149 logvar_q_clamp=0.0000 logvar_p_mean=0.0149 logvar_p_clamp=0.0000 kappa_log10=2.5934
2026-08-30 07:19:02 | Epoch 340/400 | Train Loss 2.3013 Acc 0.1123 | Val Loss 2.3008 Acc 0.1129 AUC 0.5000 Pre 0.0113 Rec 0.1000
2026-08-30 07:19:02 | Diag logvar_q_mean=0.0149 logvar_q_clamp=0.0000 logvar_p_mean=0.0149 logvar_p_clamp=0.0000 kappa_log10=2.5934
2026-08-30 07:19:06 | Epoch 341/400 | Train Loss 2.3013 Acc 0.1123 | Val Loss 2.3008 Acc 0.1129 AUC 0.5000 Pre 0.0113 Rec 0.1000
2026-08-30 07:19:07 | Diag logvar_q_mean=0.0149 logvar_q_clamp=0.0000 logvar_p_mean=0.0149 logvar_p_clamp=0.0000 kappa_log10=2.5934
2026-08-30 07:19:11 | Epoch 342/400 | Train Loss 2.3013 Acc 0.1123 | Val Loss 2.3008 Acc 0.1129 AUC 0.5000 Pre 0.0113 Rec 0.1000
2026-08-30 07:19:11 | Diag logvar_q_mean=0.0149 logvar_q_clamp=0.0000 logvar_p_mean=0.0149 logvar_p_clamp=0.0000 kappa_log10=2.5934
2026-08-30 07:19:15 | Epoch 343/400 | Train Loss 2.3013 Acc 0.1123 | Val Loss 2.3008 Acc 0.1129 AUC 0.5000 Pre 0.0113 Rec 0.1000
2026-08-30 07:19:16 | Diag logvar_q_mean=0.0149 logvar_q_clamp=0.0000 logvar_p_mean=0.0149 logvar_p_clamp=0.0000 kappa_log10=2.5934
2026-08-30 07:19:20 | Epoch 344/400 | Train Loss 2.3013 Acc 0.1123 | Val Loss 2.3008 Acc 0.1129 AUC 0.5000 Pre 0.0113 Rec 0.1000
2026-08-30 07:19:21 | Diag logvar_q_mean=0.0149 logvar_q_clamp=0.0000 logvar_p_mean=0.0149 logvar_p_clamp=0.0000 kappa_log10=2.5934
2026-08-30 07:19:25 | Epoch 345/400 | Train Loss 2.3013 Acc 0.1123 | Val Loss 2.3007 Acc 0.1129 AUC 0.5000 Pre 0.0113 Rec 0.1000
2026-08-30 07:19:25 | Diag logvar_q_mean=0.0149 logvar_q_clamp=0.0000 logvar_p_mean=0.0149 logvar_p_clamp=0.0000 kappa_log10=2.5934
2026-08-30 07:19:29 | Epoch 346/400 | Train Loss 2.3013 Acc 0.1123 | Val Loss 2.3008 Acc 0.1129 AUC 0.5000 Pre 0.0113 Rec 0.1000
2026-08-30 07:19:30 | Diag logvar_q_mean=0.0149 logvar_q_clamp=0.0000 logvar_p_mean=0.0149 logvar_p_clamp=0.0000 kappa_log10=2.5934
2026-08-30 07:19:34 | Epoch 347/400 | Train Loss 2.3013 Acc 0.1123 | Val Loss 2.3008 Acc 0.1129 AUC 0.5000 Pre 0.0113 Rec 0.1000
2026-08-30 07:19:34 | Diag logvar_q_mean=0.0149 logvar_q_clamp=0.0000 logvar_p_mean=0.0149 logvar_p_clamp=0.0000 kappa_log10=2.5934
2026-08-30 07:19:38 | Epoch 348/400 | Train Loss 2.3013 Acc 0.1123 | Val Loss 2.3007 Acc 0.1129 AUC 0.5000 Pre 0.0113 Rec 0.1000
2026-08-30 07:19:39 | Diag logvar_q_mean=0.0149 logvar_q_clamp=0.0000 logvar_p_mean=0.0149 logvar_p_clamp=0.0000 kappa_log10=2.5934
2026-08-30 07:19:43 | Epoch 349/400 | Train Loss 2.3013 Acc 0.1123 | Val Loss 2.3008 Acc 0.1129 AUC 0.5000 Pre 0.0113 Rec 0.1000
2026-08-30 07:19:44 | Diag logvar_q_mean=0.0149 logvar_q_clamp=0.0000 logvar_p_mean=0.0149 logvar_p_clamp=0.0000 kappa_log10=2.5934
2026-08-30 07:19:48 | Epoch 350/400 | Train Loss 2.3014 Acc 0.1123 | Val Loss 2.3008 Acc 0.1129 AUC 0.5000 Pre 0.0113 Rec 0.1000
2026-08-30 07:19:48 | Diag logvar_q_mean=0.0150 logvar_q_clamp=0.0000 logvar_p_mean=0.0150 logvar_p_clamp=0.0000 kappa_log10=2.7557
2026-08-30 07:19:52 | Epoch 351/400 | Train Loss 2.3013 Acc 0.1123 | Val Loss 2.3007 Acc 0.1129 AUC 0.5000 Pre 0.0113 Rec 0.1000
2026-08-30 07:19:53 | Diag logvar_q_mean=0.0150 logvar_q_clamp=0.0000 logvar_p_mean=0.0150 logvar_p_clamp=0.0000 kappa_log10=2.7562
2026-08-30 07:19:57 | Epoch 352/400 | Train Loss 2.3013 Acc 0.1123 | Val Loss 2.3007 Acc 0.1129 AUC 0.5000 Pre 0.0113 Rec 0.1000
2026-08-30 07:19:57 | Diag logvar_q_mean=0.0150 logvar_q_clamp=0.0000 logvar_p_mean=0.0150 logvar_p_clamp=0.0000 kappa_log10=2.7562
2026-08-30 07:20:01 | Epoch 353/400 | Train Loss 2.3013 Acc 0.1123 | Val Loss 2.3008 Acc 0.1129 AUC 0.5000 Pre 0.0113 Rec 0.1000
2026-08-30 07:20:02 | Diag logvar_q_mean=0.0150 logvar_q_clamp=0.0000 logvar_p_mean=0.0150 logvar_p_clamp=0.0000 kappa_log10=2.7562
2026-08-30 07:20:06 | Epoch 354/400 | Train Loss 2.3013 Acc 0.1123 | Val Loss 2.3007 Acc 0.1129 AUC 0.5000 Pre 0.0113 Rec 0.1000
2026-08-30 07:20:06 | Diag logvar_q_mean=0.0150 logvar_q_clamp=0.0000 logvar_p_mean=0.0150 logvar_p_clamp=0.0000 kappa_log10=2.7562
2026-08-30 07:20:10 | Epoch 355/400 | Train Loss 2.3014 Acc 0.1123 | Val Loss 2.3007 Acc 0.1129 AUC 0.5000 Pre 0.0113 Rec 0.1000
2026-08-30 07:20:11 | Diag logvar_q_mean=0.0151 logvar_q_clamp=0.0000 logvar_p_mean=0.0151 logvar_p_clamp=0.0000 kappa_log10=3.8987
2026-08-30 07:20:15 | Epoch 356/400 | Train Loss 2.3013 Acc 0.1123 | Val Loss 2.3008 Acc 0.1129 AUC 0.5000 Pre 0.0113 Rec 0.1000
2026-08-30 07:20:15 | Diag logvar_q_mean=0.0151 logvar_q_clamp=0.0000 logvar_p_mean=0.0151 logvar_p_clamp=0.0000 kappa_log10=3.8176
2026-08-30 07:20:19 | Epoch 357/400 | Train Loss 2.3013 Acc 0.1123 | Val Loss 2.3008 Acc 0.1129 AUC 0.5000 Pre 0.0113 Rec 0.1000
2026-08-30 07:20:20 | Diag logvar_q_mean=0.0151 logvar_q_clamp=0.0000 logvar_p_mean=0.0151 logvar_p_clamp=0.0000 kappa_log10=3.8175
2026-08-30 07:20:24 | Epoch 358/400 | Train Loss 2.3013 Acc 0.1123 | Val Loss 2.3008 Acc 0.1129 AUC 0.5000 Pre 0.0113 Rec 0.1000
2026-08-30 07:20:25 | Diag logvar_q_mean=0.0151 logvar_q_clamp=0.0000 logvar_p_mean=0.0151 logvar_p_clamp=0.0000 kappa_log10=3.8175
2026-08-30 07:20:29 | Epoch 359/400 | Train Loss 2.3013 Acc 0.1123 | Val Loss 2.3008 Acc 0.1129 AUC 0.5000 Pre 0.0113 Rec 0.1000
2026-08-30 07:20:29 | Diag logvar_q_mean=0.0151 logvar_q_clamp=0.0000 logvar_p_mean=0.0151 logvar_p_clamp=0.0000 kappa_log10=3.8175
2026-08-30 07:20:33 | Epoch 360/400 | Train Loss 2.3013 Acc 0.1123 | Val Loss 2.3008 Acc 0.1129 AUC 0.5000 Pre 0.0113 Rec 0.1000
2026-08-30 07:20:34 | Diag logvar_q_mean=0.0151 logvar_q_clamp=0.0000 logvar_p_mean=0.0151 logvar_p_clamp=0.0000 kappa_log10=3.8175
2026-08-30 07:20:38 | Epoch 361/400 | Train Loss 2.3013 Acc 0.1123 | Val Loss 2.3007 Acc 0.1129 AUC 0.5000 Pre 0.0113 Rec 0.1000
2026-08-30 07:20:38 | Diag logvar_q_mean=0.0151 logvar_q_clamp=0.0000 logvar_p_mean=0.0151 logvar_p_clamp=0.0000 kappa_log10=2.9814
2026-08-30 07:20:42 | Epoch 362/400 | Train Loss 2.3013 Acc 0.1123 | Val Loss 2.3007 Acc 0.1129 AUC 0.5000 Pre 0.0113 Rec 0.1000
2026-08-30 07:20:43 | Diag logvar_q_mean=0.0151 logvar_q_clamp=0.0000 logvar_p_mean=0.0151 logvar_p_clamp=0.0000 kappa_log10=2.9783
2026-08-30 07:20:47 | Epoch 363/400 | Train Loss 2.3013 Acc 0.1123 | Val Loss 2.3008 Acc 0.1129 AUC 0.5000 Pre 0.0113 Rec 0.1000
2026-08-30 07:20:47 | Diag logvar_q_mean=0.0151 logvar_q_clamp=0.0000 logvar_p_mean=0.0151 logvar_p_clamp=0.0000 kappa_log10=2.9783
2026-08-30 07:20:51 | Epoch 364/400 | Train Loss 2.3013 Acc 0.1123 | Val Loss 2.3007 Acc 0.1129 AUC 0.5000 Pre 0.0113 Rec 0.1000
2026-08-30 07:20:52 | Diag logvar_q_mean=0.0151 logvar_q_clamp=0.0000 logvar_p_mean=0.0151 logvar_p_clamp=0.0000 kappa_log10=2.9783
2026-08-30 07:20:56 | Epoch 365/400 | Train Loss 2.3013 Acc 0.1123 | Val Loss 2.3008 Acc 0.1129 AUC 0.5000 Pre 0.0113 Rec 0.1000
2026-08-30 07:20:56 | Diag logvar_q_mean=0.0151 logvar_q_clamp=0.0000 logvar_p_mean=0.0151 logvar_p_clamp=0.0000 kappa_log10=2.9783
2026-08-30 07:21:00 | Epoch 366/400 | Train Loss 2.3013 Acc 0.1123 | Val Loss 2.3007 Acc 0.1129 AUC 0.5000 Pre 0.0113 Rec 0.1000
2026-08-30 07:21:01 | Diag logvar_q_mean=0.0151 logvar_q_clamp=0.0000 logvar_p_mean=0.0151 logvar_p_clamp=0.0000 kappa_log10=2.9783
2026-08-30 07:21:05 | Epoch 367/400 | Train Loss 2.3013 Acc 0.1123 | Val Loss 2.3007 Acc 0.1129 AUC 0.5000 Pre 0.0113 Rec 0.1000
2026-08-30 07:21:06 | Diag logvar_q_mean=0.0151 logvar_q_clamp=0.0000 logvar_p_mean=0.0151 logvar_p_clamp=0.0000 kappa_log10=2.9783
2026-08-30 07:21:09 | Epoch 368/400 | Train Loss 2.3013 Acc 0.1123 | Val Loss 2.3008 Acc 0.1129 AUC 0.5000 Pre 0.0113 Rec 0.1000
2026-08-30 07:21:10 | Diag logvar_q_mean=0.0151 logvar_q_clamp=0.0000 logvar_p_mean=0.0151 logvar_p_clamp=0.0000 kappa_log10=2.9783
2026-08-30 07:21:14 | Epoch 369/400 | Train Loss 2.3013 Acc 0.1123 | Val Loss 2.3007 Acc 0.1129 AUC 0.5000 Pre 0.0113 Rec 0.1000
2026-08-30 07:21:15 | Diag logvar_q_mean=0.0151 logvar_q_clamp=0.0000 logvar_p_mean=0.0151 logvar_p_clamp=0.0000 kappa_log10=2.9783
2026-08-30 07:21:19 | Epoch 370/400 | Train Loss 2.3013 Acc 0.1123 | Val Loss 2.3008 Acc 0.1129 AUC 0.5000 Pre 0.0113 Rec 0.1000
2026-08-30 07:21:19 | Diag logvar_q_mean=0.0151 logvar_q_clamp=0.0000 logvar_p_mean=0.0151 logvar_p_clamp=0.0000 kappa_log10=2.9783
2026-08-30 07:21:23 | Epoch 371/400 | Train Loss 2.3013 Acc 0.1123 | Val Loss 2.3008 Acc 0.1129 AUC 0.5000 Pre 0.0113 Rec 0.1000
2026-08-30 07:21:24 | Diag logvar_q_mean=0.0151 logvar_q_clamp=0.0000 logvar_p_mean=0.0151 logvar_p_clamp=0.0000 kappa_log10=2.9783
2026-08-30 07:21:28 | Epoch 372/400 | Train Loss 2.3013 Acc 0.1123 | Val Loss 2.3008 Acc 0.1129 AUC 0.5000 Pre 0.0113 Rec 0.1000
2026-08-30 07:21:28 | Diag logvar_q_mean=0.0151 logvar_q_clamp=0.0000 logvar_p_mean=0.0151 logvar_p_clamp=0.0000 kappa_log10=2.9783
2026-08-30 07:21:32 | Epoch 373/400 | Train Loss 2.3013 Acc 0.1123 | Val Loss 2.3008 Acc 0.1129 AUC 0.5000 Pre 0.0113 Rec 0.1000
2026-08-30 07:21:33 | Diag logvar_q_mean=0.0151 logvar_q_clamp=0.0000 logvar_p_mean=0.0151 logvar_p_clamp=0.0000 kappa_log10=2.9783
2026-08-30 07:21:37 | Epoch 374/400 | Train Loss 2.3013 Acc 0.1123 | Val Loss 2.3008 Acc 0.1129 AUC 0.5000 Pre 0.0113 Rec 0.1000
2026-08-30 07:21:38 | Diag logvar_q_mean=0.0151 logvar_q_clamp=0.0000 logvar_p_mean=0.0151 logvar_p_clamp=0.0000 kappa_log10=2.9961
2026-08-30 07:21:42 | Epoch 375/400 | Train Loss 2.3013 Acc 0.1123 | Val Loss 2.3008 Acc 0.1129 AUC 0.5000 Pre 0.0113 Rec 0.1000
2026-08-30 07:21:42 | Diag logvar_q_mean=0.0151 logvar_q_clamp=0.0000 logvar_p_mean=0.0151 logvar_p_clamp=0.0000 kappa_log10=2.9962
2026-08-30 07:21:46 | Epoch 376/400 | Train Loss 2.3013 Acc 0.1123 | Val Loss 2.3008 Acc 0.1129 AUC 0.5000 Pre 0.0113 Rec 0.1000
2026-08-30 07:21:47 | Diag logvar_q_mean=0.0152 logvar_q_clamp=0.0000 logvar_p_mean=0.0151 logvar_p_clamp=0.0000 kappa_log10=2.9962
2026-08-30 07:21:51 | Epoch 377/400 | Train Loss 2.3013 Acc 0.1123 | Val Loss 2.3008 Acc 0.1129 AUC 0.5000 Pre 0.0113 Rec 0.1000
2026-08-30 07:21:51 | Diag logvar_q_mean=0.0152 logvar_q_clamp=0.0000 logvar_p_mean=0.0152 logvar_p_clamp=0.0000 kappa_log10=2.9962
2026-08-30 07:21:55 | Epoch 378/400 | Train Loss 2.3013 Acc 0.1123 | Val Loss 2.3008 Acc 0.1129 AUC 0.5000 Pre 0.0113 Rec 0.1000
2026-08-30 07:21:56 | Diag logvar_q_mean=0.0152 logvar_q_clamp=0.0000 logvar_p_mean=0.0152 logvar_p_clamp=0.0000 kappa_log10=2.9962
2026-08-30 07:22:00 | Epoch 379/400 | Train Loss 2.3013 Acc 0.1123 | Val Loss 2.3008 Acc 0.1129 AUC 0.5000 Pre 0.0113 Rec 0.1000
2026-08-30 07:22:00 | Diag logvar_q_mean=0.0152 logvar_q_clamp=0.0000 logvar_p_mean=0.0152 logvar_p_clamp=0.0000 kappa_log10=2.9962
2026-08-30 07:22:04 | Epoch 380/400 | Train Loss 2.3013 Acc 0.1123 | Val Loss 2.3008 Acc 0.1129 AUC 0.5000 Pre 0.0113 Rec 0.1000
2026-08-30 07:22:05 | Diag logvar_q_mean=0.0152 logvar_q_clamp=0.0000 logvar_p_mean=0.0152 logvar_p_clamp=0.0000 kappa_log10=2.9962
2026-08-30 07:22:09 | Epoch 381/400 | Train Loss 2.3013 Acc 0.1123 | Val Loss 2.3008 Acc 0.1129 AUC 0.5000 Pre 0.0113 Rec 0.1000
2026-08-30 07:22:10 | Diag logvar_q_mean=0.0152 logvar_q_clamp=0.0000 logvar_p_mean=0.0152 logvar_p_clamp=0.0000 kappa_log10=2.9962
2026-08-30 07:22:13 | Epoch 382/400 | Train Loss 2.3013 Acc 0.1123 | Val Loss 2.3008 Acc 0.1129 AUC 0.5000 Pre 0.0113 Rec 0.1000
2026-08-30 07:22:14 | Diag logvar_q_mean=0.0152 logvar_q_clamp=0.0000 logvar_p_mean=0.0152 logvar_p_clamp=0.0000 kappa_log10=2.9962
2026-08-30 07:22:18 | Epoch 383/400 | Train Loss 2.3013 Acc 0.1123 | Val Loss 2.3008 Acc 0.1129 AUC 0.5000 Pre 0.0113 Rec 0.1000
2026-08-30 07:22:19 | Diag logvar_q_mean=0.0152 logvar_q_clamp=0.0000 logvar_p_mean=0.0152 logvar_p_clamp=0.0000 kappa_log10=2.9962
2026-08-30 07:22:23 | Epoch 384/400 | Train Loss 2.3013 Acc 0.1123 | Val Loss 2.3008 Acc 0.1129 AUC 0.5000 Pre 0.0113 Rec 0.1000
2026-08-30 07:22:23 | Diag logvar_q_mean=0.0152 logvar_q_clamp=0.0000 logvar_p_mean=0.0152 logvar_p_clamp=0.0000 kappa_log10=2.9962
2026-08-30 07:22:27 | Epoch 385/400 | Train Loss 2.3013 Acc 0.1123 | Val Loss 2.3008 Acc 0.1129 AUC 0.5000 Pre 0.0113 Rec 0.1000
2026-08-30 07:22:28 | Diag logvar_q_mean=0.0152 logvar_q_clamp=0.0000 logvar_p_mean=0.0152 logvar_p_clamp=0.0000 kappa_log10=2.9962
2026-08-30 07:22:32 | Epoch 386/400 | Train Loss 2.3013 Acc 0.1123 | Val Loss 2.3008 Acc 0.1129 AUC 0.5000 Pre 0.0113 Rec 0.1000
2026-08-30 07:22:32 | Diag logvar_q_mean=0.0152 logvar_q_clamp=0.0000 logvar_p_mean=0.0152 logvar_p_clamp=0.0000 kappa_log10=2.9962
2026-08-30 07:22:36 | Epoch 387/400 | Train Loss 2.3013 Acc 0.1123 | Val Loss 2.3008 Acc 0.1129 AUC 0.5000 Pre 0.0113 Rec 0.1000
2026-08-30 07:22:37 | Diag logvar_q_mean=0.0152 logvar_q_clamp=0.0000 logvar_p_mean=0.0152 logvar_p_clamp=0.0000 kappa_log10=2.9962
2026-08-30 07:22:41 | Epoch 388/400 | Train Loss 2.3013 Acc 0.1123 | Val Loss 2.3007 Acc 0.1129 AUC 0.5000 Pre 0.0113 Rec 0.1000
2026-08-30 07:22:41 | Diag logvar_q_mean=0.0152 logvar_q_clamp=0.0000 logvar_p_mean=0.0152 logvar_p_clamp=0.0000 kappa_log10=2.9962
2026-08-30 07:22:46 | Epoch 389/400 | Train Loss 2.3013 Acc 0.1123 | Val Loss 2.3008 Acc 0.1129 AUC 0.5000 Pre 0.0113 Rec 0.1000
2026-08-30 07:22:46 | Diag logvar_q_mean=0.0152 logvar_q_clamp=0.0000 logvar_p_mean=0.0152 logvar_p_clamp=0.0000 kappa_log10=2.9962
2026-08-30 07:22:50 | Epoch 390/400 | Train Loss 2.3013 Acc 0.1123 | Val Loss 2.3008 Acc 0.1129 AUC 0.5000 Pre 0.0113 Rec 0.1000
2026-08-30 07:22:51 | Diag logvar_q_mean=0.0152 logvar_q_clamp=0.0000 logvar_p_mean=0.0152 logvar_p_clamp=0.0000 kappa_log10=2.9962
2026-08-30 07:22:55 | Epoch 391/400 | Train Loss 2.3013 Acc 0.1123 | Val Loss 2.3007 Acc 0.1129 AUC 0.5000 Pre 0.0113 Rec 0.1000
2026-08-30 07:22:55 | Diag logvar_q_mean=0.0152 logvar_q_clamp=0.0000 logvar_p_mean=0.0152 logvar_p_clamp=0.0000 kappa_log10=2.9962
2026-08-30 07:22:59 | Epoch 392/400 | Train Loss 2.3013 Acc 0.1123 | Val Loss 2.3008 Acc 0.1129 AUC 0.5000 Pre 0.0113 Rec 0.1000
2026-08-30 07:23:00 | Diag logvar_q_mean=0.0152 logvar_q_clamp=0.0000 logvar_p_mean=0.0152 logvar_p_clamp=0.0000 kappa_log10=2.9962
2026-08-30 07:23:04 | Epoch 393/400 | Train Loss 2.3013 Acc 0.1123 | Val Loss 2.3008 Acc 0.1129 AUC 0.5000 Pre 0.0113 Rec 0.1000
2026-08-30 07:23:04 | Diag logvar_q_mean=0.0152 logvar_q_clamp=0.0000 logvar_p_mean=0.0152 logvar_p_clamp=0.0000 kappa_log10=2.9962
2026-08-30 07:23:09 | Epoch 394/400 | Train Loss 2.3013 Acc 0.1123 | Val Loss 2.3008 Acc 0.1129 AUC 0.5000 Pre 0.0113 Rec 0.1000
2026-08-30 07:23:09 | Diag logvar_q_mean=0.0152 logvar_q_clamp=0.0000 logvar_p_mean=0.0152 logvar_p_clamp=0.0000 kappa_log10=2.9962
2026-08-30 07:23:13 | Epoch 395/400 | Train Loss 2.3013 Acc 0.1123 | Val Loss 2.3008 Acc 0.1129 AUC 0.5000 Pre 0.0113 Rec 0.1000
2026-08-30 07:23:14 | Diag logvar_q_mean=0.0153 logvar_q_clamp=0.0000 logvar_p_mean=0.0153 logvar_p_clamp=0.0000 kappa_log10=3.8635
2026-08-30 07:23:18 | Epoch 396/400 | Train Loss 2.3013 Acc 0.1123 | Val Loss 2.3008 Acc 0.1129 AUC 0.5000 Pre 0.0113 Rec 0.1000
2026-08-30 07:23:18 | Diag logvar_q_mean=0.0153 logvar_q_clamp=0.0000 logvar_p_mean=0.0153 logvar_p_clamp=0.0000 kappa_log10=3.8638
2026-08-30 07:23:22 | Epoch 397/400 | Train Loss 2.3013 Acc 0.1123 | Val Loss 2.3008 Acc 0.1129 AUC 0.5000 Pre 0.0113 Rec 0.1000
2026-08-30 07:23:23 | Diag logvar_q_mean=0.0153 logvar_q_clamp=0.0000 logvar_p_mean=0.0153 logvar_p_clamp=0.0000 kappa_log10=3.8638
2026-08-30 07:23:27 | Epoch 398/400 | Train Loss 2.3013 Acc 0.1123 | Val Loss 2.3007 Acc 0.1129 AUC 0.5000 Pre 0.0113 Rec 0.1000
2026-08-30 07:23:28 | Diag logvar_q_mean=0.0153 logvar_q_clamp=0.0000 logvar_p_mean=0.0153 logvar_p_clamp=0.0000 kappa_log10=3.8638
2026-08-30 07:23:32 | Epoch 399/400 | Train Loss 2.3013 Acc 0.1123 | Val Loss 2.3008 Acc 0.1129 AUC 0.5000 Pre 0.0113 Rec 0.1000
2026-08-30 07:23:32 | Diag logvar_q_mean=0.0153 logvar_q_clamp=0.0000 logvar_p_mean=0.0153 logvar_p_clamp=0.0000 kappa_log10=3.8638
2026-08-30 07:23:36 | Epoch 400/400 | Train Loss 2.3013 Acc 0.1123 | Val Loss 2.3008 Acc 0.1129 AUC 0.5000 Pre 0.0113 Rec 0.1000
2026-08-30 07:23:37 | Diag logvar_q_mean=0.0153 logvar_q_clamp=0.0000 logvar_p_mean=0.0153 logvar_p_clamp=0.0000 kappa_log10=3.8638
2026-08-30 07:23:37 | Run 1/5 | Test (best model @ Epoch 1) | Loss 2.3015 Acc 0.1135 AUC 0.5000 Pre 0.0114 Rec 0.1000
2026-08-30 07:23:37 | ===== Run 2/5 (seed 1) =====
2026-08-30 07:23:41 | Epoch   1/400 | Train Loss 2.7445 Acc 0.1082 | Val Loss 2.3015 Acc 0.1129 AUC 0.5000 Pre 0.0113 Rec 0.1000
2026-08-30 07:23:42 | Diag logvar_q_mean=0.0122 logvar_q_clamp=0.0000 logvar_p_mean=0.0122 logvar_p_clamp=0.0000 kappa_log10=4.6680
2026-08-30 07:23:42 |   Val AUC improved to 0.5000, model saved
2026-08-30 07:23:46 | Epoch   2/400 | Train Loss 2.3015 Acc 0.1123 | Val Loss 2.3010 Acc 0.1129 AUC 0.5000 Pre 0.0113 Rec 0.1000
2026-08-30 07:23:47 | Diag logvar_q_mean=0.0122 logvar_q_clamp=0.0000 logvar_p_mean=0.0122 logvar_p_clamp=0.0000 kappa_log10=4.6584
2026-08-30 07:23:51 | Epoch   3/400 | Train Loss 2.3014 Acc 0.1123 | Val Loss 2.3008 Acc 0.1129 AUC 0.5000 Pre 0.0113 Rec 0.1000
2026-08-30 07:23:51 | Diag logvar_q_mean=0.0122 logvar_q_clamp=0.0000 logvar_p_mean=0.0122 logvar_p_clamp=0.0000 kappa_log10=4.9537
2026-08-30 07:23:55 | Epoch   4/400 | Train Loss 2.3013 Acc 0.1123 | Val Loss 2.3008 Acc 0.1129 AUC 0.5000 Pre 0.0113 Rec 0.1000
2026-08-30 07:23:56 | Diag logvar_q_mean=0.0122 logvar_q_clamp=0.0000 logvar_p_mean=0.0122 logvar_p_clamp=0.0000 kappa_log10=5.1936
2026-08-30 07:24:00 | Epoch   5/400 | Train Loss 2.3013 Acc 0.1123 | Val Loss 2.3008 Acc 0.1129 AUC 0.5000 Pre 0.0113 Rec 0.1000
2026-08-30 07:24:00 | Diag logvar_q_mean=0.0122 logvar_q_clamp=0.0000 logvar_p_mean=0.0122 logvar_p_clamp=0.0000 kappa_log10=4.9641
2026-08-30 07:24:04 | Epoch   6/400 | Train Loss 2.3013 Acc 0.1123 | Val Loss 2.3008 Acc 0.1129 AUC 0.5000 Pre 0.0113 Rec 0.1000
2026-08-30 07:24:05 | Diag logvar_q_mean=0.0122 logvar_q_clamp=0.0000 logvar_p_mean=0.0122 logvar_p_clamp=0.0000 kappa_log10=4.9336
2026-08-30 07:24:09 | Epoch   7/400 | Train Loss 2.3013 Acc 0.1123 | Val Loss 2.3008 Acc 0.1129 AUC 0.5000 Pre 0.0113 Rec 0.1000
2026-08-30 07:24:10 | Diag logvar_q_mean=0.0122 logvar_q_clamp=0.0000 logvar_p_mean=0.0122 logvar_p_clamp=0.0000 kappa_log10=4.9371
2026-08-30 07:24:13 | Epoch   8/400 | Train Loss 2.3013 Acc 0.1123 | Val Loss 2.3008 Acc 0.1129 AUC 0.5000 Pre 0.0113 Rec 0.1000
2026-08-30 07:24:14 | Diag logvar_q_mean=0.0122 logvar_q_clamp=0.0000 logvar_p_mean=0.0122 logvar_p_clamp=0.0000 kappa_log10=4.9338
2026-08-30 07:24:18 | Epoch   9/400 | Train Loss 2.3013 Acc 0.1123 | Val Loss 2.3007 Acc 0.1129 AUC 0.5000 Pre 0.0113 Rec 0.1000
2026-08-30 07:24:19 | Diag logvar_q_mean=0.0122 logvar_q_clamp=0.0000 logvar_p_mean=0.0122 logvar_p_clamp=0.0000 kappa_log10=4.9108
2026-08-30 07:24:23 | Epoch  10/400 | Train Loss 2.3013 Acc 0.1123 | Val Loss 2.3007 Acc 0.1129 AUC 0.5000 Pre 0.0113 Rec 0.1000
2026-08-30 07:24:23 | Diag logvar_q_mean=0.0122 logvar_q_clamp=0.0000 logvar_p_mean=0.0122 logvar_p_clamp=0.0000 kappa_log10=4.9242
2026-08-30 07:24:27 | Epoch  11/400 | Train Loss 2.3013 Acc 0.1123 | Val Loss 2.3007 Acc 0.1129 AUC 0.5000 Pre 0.0113 Rec 0.1000
2026-08-30 07:24:28 | Diag logvar_q_mean=0.0122 logvar_q_clamp=0.0000 logvar_p_mean=0.0122 logvar_p_clamp=0.0000 kappa_log10=4.8043
2026-08-30 07:24:32 | Epoch  12/400 | Train Loss 2.3013 Acc 0.1123 | Val Loss 2.3008 Acc 0.1129 AUC 0.5000 Pre 0.0113 Rec 0.1000
2026-08-30 07:24:32 | Diag logvar_q_mean=0.0122 logvar_q_clamp=0.0000 logvar_p_mean=0.0122 logvar_p_clamp=0.0000 kappa_log10=4.7989
2026-08-30 07:24:36 | Epoch  13/400 | Train Loss 2.3013 Acc 0.1123 | Val Loss 2.3008 Acc 0.1129 AUC 0.5000 Pre 0.0113 Rec 0.1000
2026-08-30 07:24:37 | Diag logvar_q_mean=0.0122 logvar_q_clamp=0.0000 logvar_p_mean=0.0122 logvar_p_clamp=0.0000 kappa_log10=4.8152
2026-08-30 07:24:41 | Epoch  14/400 | Train Loss 2.3013 Acc 0.1123 | Val Loss 2.3007 Acc 0.1129 AUC 0.5000 Pre 0.0113 Rec 0.1000
2026-08-30 07:24:41 | Diag logvar_q_mean=0.0122 logvar_q_clamp=0.0000 logvar_p_mean=0.0122 logvar_p_clamp=0.0000 kappa_log10=4.7845
2026-08-30 07:24:45 | Epoch  15/400 | Train Loss 2.3013 Acc 0.1123 | Val Loss 2.3008 Acc 0.1129 AUC 0.5000 Pre 0.0113 Rec 0.1000
2026-08-30 07:24:46 | Diag logvar_q_mean=0.0122 logvar_q_clamp=0.0000 logvar_p_mean=0.0122 logvar_p_clamp=0.0000 kappa_log10=4.8021
2026-08-30 07:24:50 | Epoch  16/400 | Train Loss 2.3013 Acc 0.1123 | Val Loss 2.3008 Acc 0.1129 AUC 0.5000 Pre 0.0113 Rec 0.1000
2026-08-30 07:24:51 | Diag logvar_q_mean=0.0122 logvar_q_clamp=0.0000 logvar_p_mean=0.0122 logvar_p_clamp=0.0000 kappa_log10=4.7813
2026-08-30 07:24:55 | Epoch  17/400 | Train Loss 2.3013 Acc 0.1123 | Val Loss 2.3007 Acc 0.1129 AUC 0.5000 Pre 0.0113 Rec 0.1000
2026-08-30 07:24:55 | Diag logvar_q_mean=0.0122 logvar_q_clamp=0.0000 logvar_p_mean=0.0122 logvar_p_clamp=0.0000 kappa_log10=4.7425
2026-08-30 07:24:59 | Epoch  18/400 | Train Loss 2.3013 Acc 0.1123 | Val Loss 2.3008 Acc 0.1129 AUC 0.5000 Pre 0.0113 Rec 0.1000
2026-08-30 07:25:00 | Diag logvar_q_mean=0.0122 logvar_q_clamp=0.0000 logvar_p_mean=0.0122 logvar_p_clamp=0.0000 kappa_log10=4.7317
2026-08-30 07:25:04 | Epoch  19/400 | Train Loss 2.3013 Acc 0.1123 | Val Loss 2.3007 Acc 0.1129 AUC 0.5000 Pre 0.0113 Rec 0.1000
2026-08-30 07:25:04 | Diag logvar_q_mean=0.0122 logvar_q_clamp=0.0000 logvar_p_mean=0.0122 logvar_p_clamp=0.0000 kappa_log10=4.7306
2026-08-30 07:25:08 | Epoch  20/400 | Train Loss 2.3013 Acc 0.1123 | Val Loss 2.3007 Acc 0.1129 AUC 0.5000 Pre 0.0113 Rec 0.1000
2026-08-30 07:25:09 | Diag logvar_q_mean=0.0122 logvar_q_clamp=0.0000 logvar_p_mean=0.0122 logvar_p_clamp=0.0000 kappa_log10=4.7212
2026-08-30 07:25:13 | Epoch  21/400 | Train Loss 2.3013 Acc 0.1123 | Val Loss 2.3007 Acc 0.1129 AUC 0.5000 Pre 0.0113 Rec 0.1000
2026-08-30 07:25:14 | Diag logvar_q_mean=0.0122 logvar_q_clamp=0.0000 logvar_p_mean=0.0122 logvar_p_clamp=0.0000 kappa_log10=4.7271
2026-08-30 07:25:18 | Epoch  22/400 | Train Loss 2.3013 Acc 0.1123 | Val Loss 2.3007 Acc 0.1129 AUC 0.5000 Pre 0.0113 Rec 0.1000
2026-08-30 07:25:18 | Diag logvar_q_mean=0.0122 logvar_q_clamp=0.0000 logvar_p_mean=0.0122 logvar_p_clamp=0.0000 kappa_log10=4.7345
2026-08-30 07:25:22 | Epoch  23/400 | Train Loss 2.3013 Acc 0.1123 | Val Loss 2.3008 Acc 0.1129 AUC 0.5000 Pre 0.0113 Rec 0.1000
2026-08-30 07:25:23 | Diag logvar_q_mean=0.0122 logvar_q_clamp=0.0000 logvar_p_mean=0.0122 logvar_p_clamp=0.0000 kappa_log10=4.7354
2026-08-30 07:25:27 | Epoch  24/400 | Train Loss 2.3013 Acc 0.1123 | Val Loss 2.3008 Acc 0.1129 AUC 0.5000 Pre 0.0113 Rec 0.1000
2026-08-30 07:25:28 | Diag logvar_q_mean=0.0122 logvar_q_clamp=0.0000 logvar_p_mean=0.0122 logvar_p_clamp=0.0000 kappa_log10=4.7184
2026-08-30 07:25:32 | Epoch  25/400 | Train Loss 2.3013 Acc 0.1123 | Val Loss 2.3008 Acc 0.1129 AUC 0.5000 Pre 0.0113 Rec 0.1000
2026-08-30 07:25:32 | Diag logvar_q_mean=0.0122 logvar_q_clamp=0.0000 logvar_p_mean=0.0122 logvar_p_clamp=0.0000 kappa_log10=4.6936
2026-08-30 07:25:36 | Epoch  26/400 | Train Loss 2.3013 Acc 0.1123 | Val Loss 2.3007 Acc 0.1129 AUC 0.5000 Pre 0.0113 Rec 0.1000
2026-08-30 07:25:37 | Diag logvar_q_mean=0.0122 logvar_q_clamp=0.0000 logvar_p_mean=0.0122 logvar_p_clamp=0.0000 kappa_log10=4.6736
2026-08-30 07:25:41 | Epoch  27/400 | Train Loss 2.3013 Acc 0.1123 | Val Loss 2.3007 Acc 0.1129 AUC 0.5000 Pre 0.0113 Rec 0.1000
2026-08-30 07:25:41 | Diag logvar_q_mean=0.0122 logvar_q_clamp=0.0000 logvar_p_mean=0.0122 logvar_p_clamp=0.0000 kappa_log10=4.6066
2026-08-30 07:25:45 | Epoch  28/400 | Train Loss 2.3013 Acc 0.1123 | Val Loss 2.3007 Acc 0.1129 AUC 0.5000 Pre 0.0113 Rec 0.1000
2026-08-30 07:25:46 | Diag logvar_q_mean=0.0122 logvar_q_clamp=0.0000 logvar_p_mean=0.0122 logvar_p_clamp=0.0000 kappa_log10=4.6079
2026-08-30 07:25:50 | Epoch  29/400 | Train Loss 2.3013 Acc 0.1123 | Val Loss 2.3008 Acc 0.1129 AUC 0.5000 Pre 0.0113 Rec 0.1000
2026-08-30 07:25:51 | Diag logvar_q_mean=0.0122 logvar_q_clamp=0.0000 logvar_p_mean=0.0122 logvar_p_clamp=0.0000 kappa_log10=4.6053
2026-08-30 07:25:55 | Epoch  30/400 | Train Loss 2.3013 Acc 0.1123 | Val Loss 2.3008 Acc 0.1129 AUC 0.5000 Pre 0.0113 Rec 0.1000
2026-08-30 07:25:55 | Diag logvar_q_mean=0.0122 logvar_q_clamp=0.0000 logvar_p_mean=0.0122 logvar_p_clamp=0.0000 kappa_log10=4.4510
2026-08-30 07:25:59 | Epoch  31/400 | Train Loss 2.3013 Acc 0.1123 | Val Loss 2.3008 Acc 0.1129 AUC 0.5000 Pre 0.0113 Rec 0.1000
2026-08-30 07:26:00 | Diag logvar_q_mean=0.0122 logvar_q_clamp=0.0000 logvar_p_mean=0.0122 logvar_p_clamp=0.0000 kappa_log10=4.3466
2026-08-30 07:26:04 | Epoch  32/400 | Train Loss 2.3013 Acc 0.1123 | Val Loss 2.3008 Acc 0.1129 AUC 0.5000 Pre 0.0113 Rec 0.1000
2026-08-30 07:26:04 | Diag logvar_q_mean=0.0122 logvar_q_clamp=0.0000 logvar_p_mean=0.0122 logvar_p_clamp=0.0000 kappa_log10=4.3441
2026-08-30 07:26:08 | Epoch  33/400 | Train Loss 2.3013 Acc 0.1123 | Val Loss 2.3008 Acc 0.1129 AUC 0.5000 Pre 0.0113 Rec 0.1000
2026-08-30 07:26:09 | Diag logvar_q_mean=0.0122 logvar_q_clamp=0.0000 logvar_p_mean=0.0122 logvar_p_clamp=0.0000 kappa_log10=4.3522
2026-08-30 07:26:13 | Epoch  34/400 | Train Loss 2.3013 Acc 0.1123 | Val Loss 2.3008 Acc 0.1129 AUC 0.5000 Pre 0.0113 Rec 0.1000
2026-08-30 07:26:14 | Diag logvar_q_mean=0.0122 logvar_q_clamp=0.0000 logvar_p_mean=0.0122 logvar_p_clamp=0.0000 kappa_log10=4.4233
2026-08-30 07:26:18 | Epoch  35/400 | Train Loss 2.3013 Acc 0.1123 | Val Loss 2.3007 Acc 0.1129 AUC 0.5000 Pre 0.0113 Rec 0.1000
2026-08-30 07:26:18 | Diag logvar_q_mean=0.0122 logvar_q_clamp=0.0000 logvar_p_mean=0.0123 logvar_p_clamp=0.0000 kappa_log10=4.4308
2026-08-30 07:26:22 | Epoch  36/400 | Train Loss 2.3013 Acc 0.1123 | Val Loss 2.3007 Acc 0.1129 AUC 0.5000 Pre 0.0113 Rec 0.1000
2026-08-30 07:26:23 | Diag logvar_q_mean=0.0122 logvar_q_clamp=0.0000 logvar_p_mean=0.0122 logvar_p_clamp=0.0000 kappa_log10=4.4331
2026-08-30 07:26:27 | Epoch  37/400 | Train Loss 2.3013 Acc 0.1123 | Val Loss 2.3008 Acc 0.1129 AUC 0.5000 Pre 0.0113 Rec 0.1000
2026-08-30 07:26:27 | Diag logvar_q_mean=0.0123 logvar_q_clamp=0.0000 logvar_p_mean=0.0122 logvar_p_clamp=0.0000 kappa_log10=4.4330
2026-08-30 07:26:31 | Epoch  38/400 | Train Loss 2.3013 Acc 0.1123 | Val Loss 2.3008 Acc 0.1129 AUC 0.5000 Pre 0.0113 Rec 0.1000
2026-08-30 07:26:32 | Diag logvar_q_mean=0.0123 logvar_q_clamp=0.0000 logvar_p_mean=0.0123 logvar_p_clamp=0.0000 kappa_log10=4.0245
2026-08-30 07:26:36 | Epoch  39/400 | Train Loss 2.3013 Acc 0.1123 | Val Loss 2.3008 Acc 0.1129 AUC 0.5000 Pre 0.0113 Rec 0.1000
2026-08-30 07:26:37 | Diag logvar_q_mean=0.0123 logvar_q_clamp=0.0000 logvar_p_mean=0.0123 logvar_p_clamp=0.0000 kappa_log10=4.0212
2026-08-30 07:26:41 | Epoch  40/400 | Train Loss 2.3013 Acc 0.1123 | Val Loss 2.3008 Acc 0.1129 AUC 0.5000 Pre 0.0113 Rec 0.1000
2026-08-30 07:26:41 | Diag logvar_q_mean=0.0123 logvar_q_clamp=0.0000 logvar_p_mean=0.0123 logvar_p_clamp=0.0000 kappa_log10=4.0213
2026-08-30 07:26:45 | Epoch  41/400 | Train Loss 2.3013 Acc 0.1123 | Val Loss 2.3007 Acc 0.1129 AUC 0.5000 Pre 0.0113 Rec 0.1000
2026-08-30 07:26:46 | Diag logvar_q_mean=0.0123 logvar_q_clamp=0.0000 logvar_p_mean=0.0123 logvar_p_clamp=0.0000 kappa_log10=4.0212
2026-08-30 07:26:50 | Epoch  42/400 | Train Loss 2.3013 Acc 0.1123 | Val Loss 2.3007 Acc 0.1129 AUC 0.5000 Pre 0.0113 Rec 0.1000
2026-08-30 07:26:51 | Diag logvar_q_mean=0.0123 logvar_q_clamp=0.0000 logvar_p_mean=0.0123 logvar_p_clamp=0.0000 kappa_log10=4.0222
2026-08-30 07:26:54 | Epoch  43/400 | Train Loss 2.3013 Acc 0.1123 | Val Loss 2.3007 Acc 0.1129 AUC 0.5000 Pre 0.0113 Rec 0.1000
2026-08-30 07:26:55 | Diag logvar_q_mean=0.0123 logvar_q_clamp=0.0000 logvar_p_mean=0.0123 logvar_p_clamp=0.0000 kappa_log10=4.0220
2026-08-30 07:26:59 | Epoch  44/400 | Train Loss 2.3013 Acc 0.1123 | Val Loss 2.3007 Acc 0.1129 AUC 0.5000 Pre 0.0113 Rec 0.1000
2026-08-30 07:27:00 | Diag logvar_q_mean=0.0123 logvar_q_clamp=0.0000 logvar_p_mean=0.0123 logvar_p_clamp=0.0000 kappa_log10=4.0210
2026-08-30 07:27:04 | Epoch  45/400 | Train Loss 2.3013 Acc 0.1123 | Val Loss 2.3007 Acc 0.1129 AUC 0.5000 Pre 0.0113 Rec 0.1000
2026-08-30 07:27:04 | Diag logvar_q_mean=0.0123 logvar_q_clamp=0.0000 logvar_p_mean=0.0123 logvar_p_clamp=0.0000 kappa_log10=4.0214
2026-08-30 07:27:08 | Epoch  46/400 | Train Loss 2.3013 Acc 0.1123 | Val Loss 2.3008 Acc 0.1129 AUC 0.5000 Pre 0.0113 Rec 0.1000
2026-08-30 07:27:09 | Diag logvar_q_mean=0.0123 logvar_q_clamp=0.0000 logvar_p_mean=0.0123 logvar_p_clamp=0.0000 kappa_log10=4.0216
2026-08-30 07:27:13 | Epoch  47/400 | Train Loss 2.3013 Acc 0.1123 | Val Loss 2.3008 Acc 0.1129 AUC 0.5000 Pre 0.0113 Rec 0.1000
2026-08-30 07:27:13 | Diag logvar_q_mean=0.0123 logvar_q_clamp=0.0000 logvar_p_mean=0.0123 logvar_p_clamp=0.0000 kappa_log10=4.0218
2026-08-30 07:27:17 | Epoch  48/400 | Train Loss 2.3013 Acc 0.1123 | Val Loss 2.3007 Acc 0.1129 AUC 0.5000 Pre 0.0113 Rec 0.1000
2026-08-30 07:27:18 | Diag logvar_q_mean=0.0123 logvar_q_clamp=0.0000 logvar_p_mean=0.0123 logvar_p_clamp=0.0000 kappa_log10=4.0797
2026-08-30 07:27:22 | Epoch  49/400 | Train Loss 2.3013 Acc 0.1123 | Val Loss 2.3008 Acc 0.1129 AUC 0.5000 Pre 0.0113 Rec 0.1000
2026-08-30 07:27:23 | Diag logvar_q_mean=0.0123 logvar_q_clamp=0.0000 logvar_p_mean=0.0123 logvar_p_clamp=0.0000 kappa_log10=4.0798
2026-08-30 07:27:27 | Epoch  50/400 | Train Loss 2.3013 Acc 0.1123 | Val Loss 2.3008 Acc 0.1129 AUC 0.5000 Pre 0.0113 Rec 0.1000
2026-08-30 07:27:27 | Diag logvar_q_mean=0.0123 logvar_q_clamp=0.0000 logvar_p_mean=0.0123 logvar_p_clamp=0.0000 kappa_log10=4.0798
2026-08-30 07:27:31 | Epoch  51/400 | Train Loss 2.3013 Acc 0.1123 | Val Loss 2.3008 Acc 0.1129 AUC 0.5000 Pre 0.0113 Rec 0.1000
2026-08-30 07:27:32 | Diag logvar_q_mean=0.0123 logvar_q_clamp=0.0000 logvar_p_mean=0.0123 logvar_p_clamp=0.0000 kappa_log10=4.0873
2026-08-30 07:27:36 | Epoch  52/400 | Train Loss 2.3013 Acc 0.1123 | Val Loss 2.3007 Acc 0.1129 AUC 0.5000 Pre 0.0113 Rec 0.1000
2026-08-30 07:27:36 | Diag logvar_q_mean=0.0123 logvar_q_clamp=0.0000 logvar_p_mean=0.0123 logvar_p_clamp=0.0000 kappa_log10=4.0873
2026-08-30 07:27:40 | Epoch  53/400 | Train Loss 2.3013 Acc 0.1123 | Val Loss 2.3007 Acc 0.1129 AUC 0.5000 Pre 0.0113 Rec 0.1000
2026-08-30 07:27:41 | Diag logvar_q_mean=0.0123 logvar_q_clamp=0.0000 logvar_p_mean=0.0123 logvar_p_clamp=0.0000 kappa_log10=4.0873
2026-08-30 07:27:45 | Epoch  54/400 | Train Loss 2.3013 Acc 0.1123 | Val Loss 2.3008 Acc 0.1129 AUC 0.5000 Pre 0.0113 Rec 0.1000
2026-08-30 07:27:46 | Diag logvar_q_mean=0.0123 logvar_q_clamp=0.0000 logvar_p_mean=0.0123 logvar_p_clamp=0.0000 kappa_log10=4.0873
2026-08-30 07:27:49 | Epoch  55/400 | Train Loss 2.3013 Acc 0.1123 | Val Loss 2.3007 Acc 0.1129 AUC 0.5000 Pre 0.0113 Rec 0.1000
2026-08-30 07:27:50 | Diag logvar_q_mean=0.0123 logvar_q_clamp=0.0000 logvar_p_mean=0.0123 logvar_p_clamp=0.0000 kappa_log10=4.0688
2026-08-30 07:27:54 | Epoch  56/400 | Train Loss 2.3013 Acc 0.1123 | Val Loss 2.3008 Acc 0.1129 AUC 0.5000 Pre 0.0113 Rec 0.1000
2026-08-30 07:27:55 | Diag logvar_q_mean=0.0123 logvar_q_clamp=0.0000 logvar_p_mean=0.0123 logvar_p_clamp=0.0000 kappa_log10=4.0569
2026-08-30 07:27:59 | Epoch  57/400 | Train Loss 2.3013 Acc 0.1123 | Val Loss 2.3008 Acc 0.1129 AUC 0.5000 Pre 0.0113 Rec 0.1000
2026-08-30 07:27:59 | Diag logvar_q_mean=0.0123 logvar_q_clamp=0.0000 logvar_p_mean=0.0123 logvar_p_clamp=0.0000 kappa_log10=4.0414
2026-08-30 07:28:03 | Epoch  58/400 | Train Loss 2.3013 Acc 0.1123 | Val Loss 2.3007 Acc 0.1129 AUC 0.5000 Pre 0.0113 Rec 0.1000
2026-08-30 07:28:04 | Diag logvar_q_mean=0.0123 logvar_q_clamp=0.0000 logvar_p_mean=0.0123 logvar_p_clamp=0.0000 kappa_log10=4.0415
2026-08-30 07:28:08 | Epoch  59/400 | Train Loss 2.3013 Acc 0.1123 | Val Loss 2.3007 Acc 0.1129 AUC 0.5000 Pre 0.0113 Rec 0.1000
2026-08-30 07:28:08 | Diag logvar_q_mean=0.0123 logvar_q_clamp=0.0000 logvar_p_mean=0.0123 logvar_p_clamp=0.0000 kappa_log10=4.0415
2026-08-30 07:28:12 | Epoch  60/400 | Train Loss 2.3013 Acc 0.1123 | Val Loss 2.3008 Acc 0.1129 AUC 0.5000 Pre 0.0113 Rec 0.1000
2026-08-30 07:28:13 | Diag logvar_q_mean=0.0123 logvar_q_clamp=0.0000 logvar_p_mean=0.0123 logvar_p_clamp=0.0000 kappa_log10=4.0416
2026-08-30 07:28:17 | Epoch  61/400 | Train Loss 2.3013 Acc 0.1123 | Val Loss 2.3007 Acc 0.1129 AUC 0.5000 Pre 0.0113 Rec 0.1000
2026-08-30 07:28:17 | Diag logvar_q_mean=0.0123 logvar_q_clamp=0.0000 logvar_p_mean=0.0123 logvar_p_clamp=0.0000 kappa_log10=4.0419
2026-08-30 07:28:21 | Epoch  62/400 | Train Loss 2.3013 Acc 0.1123 | Val Loss 2.3007 Acc 0.1129 AUC 0.5000 Pre 0.0113 Rec 0.1000
2026-08-30 07:28:22 | Diag logvar_q_mean=0.0123 logvar_q_clamp=0.0000 logvar_p_mean=0.0123 logvar_p_clamp=0.0000 kappa_log10=4.0419
2026-08-30 07:28:26 | Epoch  63/400 | Train Loss 2.3013 Acc 0.1123 | Val Loss 2.3007 Acc 0.1129 AUC 0.5000 Pre 0.0113 Rec 0.1000
2026-08-30 07:28:27 | Diag logvar_q_mean=0.0123 logvar_q_clamp=0.0000 logvar_p_mean=0.0123 logvar_p_clamp=0.0000 kappa_log10=4.0419
2026-08-30 07:28:31 | Epoch  64/400 | Train Loss 2.3013 Acc 0.1123 | Val Loss 2.3008 Acc 0.1129 AUC 0.5000 Pre 0.0113 Rec 0.1000
2026-08-30 07:28:31 | Diag logvar_q_mean=0.0123 logvar_q_clamp=0.0000 logvar_p_mean=0.0123 logvar_p_clamp=0.0000 kappa_log10=3.8265
2026-08-30 07:28:35 | Epoch  65/400 | Train Loss 2.3013 Acc 0.1123 | Val Loss 2.3007 Acc 0.1129 AUC 0.5000 Pre 0.0113 Rec 0.1000
2026-08-30 07:28:36 | Diag logvar_q_mean=0.0123 logvar_q_clamp=0.0000 logvar_p_mean=0.0123 logvar_p_clamp=0.0000 kappa_log10=3.8259
2026-08-30 07:28:40 | Epoch  66/400 | Train Loss 2.3013 Acc 0.1123 | Val Loss 2.3007 Acc 0.1129 AUC 0.5000 Pre 0.0113 Rec 0.1000
2026-08-30 07:28:40 | Diag logvar_q_mean=0.0123 logvar_q_clamp=0.0000 logvar_p_mean=0.0123 logvar_p_clamp=0.0000 kappa_log10=3.8254
2026-08-30 07:28:44 | Epoch  67/400 | Train Loss 2.3013 Acc 0.1123 | Val Loss 2.3007 Acc 0.1129 AUC 0.5000 Pre 0.0113 Rec 0.1000
2026-08-30 07:28:45 | Diag logvar_q_mean=0.0123 logvar_q_clamp=0.0000 logvar_p_mean=0.0123 logvar_p_clamp=0.0000 kappa_log10=3.8061
2026-08-30 07:28:49 | Epoch  68/400 | Train Loss 2.3013 Acc 0.1123 | Val Loss 2.3008 Acc 0.1129 AUC 0.5000 Pre 0.0113 Rec 0.1000
2026-08-30 07:28:50 | Diag logvar_q_mean=0.0123 logvar_q_clamp=0.0000 logvar_p_mean=0.0123 logvar_p_clamp=0.0000 kappa_log10=3.8021
2026-08-30 07:28:54 | Epoch  69/400 | Train Loss 2.3013 Acc 0.1123 | Val Loss 2.3008 Acc 0.1129 AUC 0.5000 Pre 0.0113 Rec 0.1000
2026-08-30 07:28:54 | Diag logvar_q_mean=0.0123 logvar_q_clamp=0.0000 logvar_p_mean=0.0123 logvar_p_clamp=0.0000 kappa_log10=3.8033
2026-08-30 07:28:58 | Epoch  70/400 | Train Loss 2.3013 Acc 0.1123 | Val Loss 2.3008 Acc 0.1129 AUC 0.5000 Pre 0.0113 Rec 0.1000
2026-08-30 07:28:59 | Diag logvar_q_mean=0.0123 logvar_q_clamp=0.0000 logvar_p_mean=0.0123 logvar_p_clamp=0.0000 kappa_log10=3.8031
2026-08-30 07:29:03 | Epoch  71/400 | Train Loss 2.3013 Acc 0.1123 | Val Loss 2.3007 Acc 0.1129 AUC 0.5000 Pre 0.0113 Rec 0.1000
2026-08-30 07:29:03 | Diag logvar_q_mean=0.0123 logvar_q_clamp=0.0000 logvar_p_mean=0.0123 logvar_p_clamp=0.0000 kappa_log10=3.8031
2026-08-30 07:29:07 | Epoch  72/400 | Train Loss 2.3013 Acc 0.1123 | Val Loss 2.3007 Acc 0.1129 AUC 0.5000 Pre 0.0113 Rec 0.1000
2026-08-30 07:29:08 | Diag logvar_q_mean=0.0123 logvar_q_clamp=0.0000 logvar_p_mean=0.0123 logvar_p_clamp=0.0000 kappa_log10=3.8031
2026-08-30 07:29:12 | Epoch  73/400 | Train Loss 2.3013 Acc 0.1123 | Val Loss 2.3007 Acc 0.1129 AUC 0.5000 Pre 0.0113 Rec 0.1000
2026-08-30 07:29:13 | Diag logvar_q_mean=0.0123 logvar_q_clamp=0.0000 logvar_p_mean=0.0123 logvar_p_clamp=0.0000 kappa_log10=3.8031
2026-08-30 07:29:17 | Epoch  74/400 | Train Loss 2.3013 Acc 0.1123 | Val Loss 2.3008 Acc 0.1129 AUC 0.5000 Pre 0.0113 Rec 0.1000
2026-08-30 07:29:17 | Diag logvar_q_mean=0.0123 logvar_q_clamp=0.0000 logvar_p_mean=0.0123 logvar_p_clamp=0.0000 kappa_log10=3.8029
2026-08-30 07:29:21 | Epoch  75/400 | Train Loss 2.3013 Acc 0.1123 | Val Loss 2.3007 Acc 0.1129 AUC 0.5000 Pre 0.0113 Rec 0.1000
2026-08-30 07:29:22 | Diag logvar_q_mean=0.0123 logvar_q_clamp=0.0000 logvar_p_mean=0.0123 logvar_p_clamp=0.0000 kappa_log10=3.8029
2026-08-30 07:29:26 | Epoch  76/400 | Train Loss 2.3013 Acc 0.1123 | Val Loss 2.3007 Acc 0.1129 AUC 0.5000 Pre 0.0113 Rec 0.1000
2026-08-30 07:29:26 | Diag logvar_q_mean=0.0123 logvar_q_clamp=0.0000 logvar_p_mean=0.0123 logvar_p_clamp=0.0000 kappa_log10=3.8030
2026-08-30 07:29:30 | Epoch  77/400 | Train Loss 2.3013 Acc 0.1123 | Val Loss 2.3007 Acc 0.1129 AUC 0.5000 Pre 0.0113 Rec 0.1000
2026-08-30 07:29:31 | Diag logvar_q_mean=0.0123 logvar_q_clamp=0.0000 logvar_p_mean=0.0123 logvar_p_clamp=0.0000 kappa_log10=3.8035
2026-08-30 07:29:35 | Epoch  78/400 | Train Loss 2.3013 Acc 0.1123 | Val Loss 2.3007 Acc 0.1129 AUC 0.5000 Pre 0.0113 Rec 0.1000
2026-08-30 07:29:36 | Diag logvar_q_mean=0.0123 logvar_q_clamp=0.0000 logvar_p_mean=0.0123 logvar_p_clamp=0.0000 kappa_log10=3.8040
2026-08-30 07:29:40 | Epoch  79/400 | Train Loss 2.3013 Acc 0.1123 | Val Loss 2.3008 Acc 0.1129 AUC 0.5000 Pre 0.0113 Rec 0.1000
2026-08-30 07:29:40 | Diag logvar_q_mean=0.0123 logvar_q_clamp=0.0000 logvar_p_mean=0.0123 logvar_p_clamp=0.0000 kappa_log10=3.8092
2026-08-30 07:29:44 | Epoch  80/400 | Train Loss 2.3013 Acc 0.1123 | Val Loss 2.3008 Acc 0.1129 AUC 0.5000 Pre 0.0113 Rec 0.1000
2026-08-30 07:29:45 | Diag logvar_q_mean=0.0123 logvar_q_clamp=0.0000 logvar_p_mean=0.0123 logvar_p_clamp=0.0000 kappa_log10=3.8433
2026-08-30 07:29:49 | Epoch  81/400 | Train Loss 2.3013 Acc 0.1123 | Val Loss 2.3007 Acc 0.1129 AUC 0.5000 Pre 0.0113 Rec 0.1000
2026-08-30 07:29:49 | Diag logvar_q_mean=0.0123 logvar_q_clamp=0.0000 logvar_p_mean=0.0123 logvar_p_clamp=0.0000 kappa_log10=3.9069
2026-08-30 07:29:53 | Epoch  82/400 | Train Loss 2.3013 Acc 0.1123 | Val Loss 2.3008 Acc 0.1129 AUC 0.5000 Pre 0.0113 Rec 0.1000
2026-08-30 07:29:54 | Diag logvar_q_mean=0.0123 logvar_q_clamp=0.0000 logvar_p_mean=0.0123 logvar_p_clamp=0.0000 kappa_log10=3.9119
2026-08-30 07:29:58 | Epoch  83/400 | Train Loss 2.3013 Acc 0.1123 | Val Loss 2.3008 Acc 0.1129 AUC 0.5000 Pre 0.0113 Rec 0.1000
2026-08-30 07:29:58 | Diag logvar_q_mean=0.0123 logvar_q_clamp=0.0000 logvar_p_mean=0.0123 logvar_p_clamp=0.0000 kappa_log10=3.9121
2026-08-30 07:30:02 | Epoch  84/400 | Train Loss 2.3013 Acc 0.1123 | Val Loss 2.3008 Acc 0.1129 AUC 0.5000 Pre 0.0113 Rec 0.1000
2026-08-30 07:30:03 | Diag logvar_q_mean=0.0123 logvar_q_clamp=0.0000 logvar_p_mean=0.0123 logvar_p_clamp=0.0000 kappa_log10=3.9110
2026-08-30 07:30:07 | Epoch  85/400 | Train Loss 2.3013 Acc 0.1123 | Val Loss 2.3008 Acc 0.1129 AUC 0.5000 Pre 0.0113 Rec 0.1000
2026-08-30 07:30:08 | Diag logvar_q_mean=0.0123 logvar_q_clamp=0.0000 logvar_p_mean=0.0123 logvar_p_clamp=0.0000 kappa_log10=3.6037
2026-08-30 07:30:11 | Epoch  86/400 | Train Loss 2.3013 Acc 0.1123 | Val Loss 2.3007 Acc 0.1129 AUC 0.5000 Pre 0.0113 Rec 0.1000
2026-08-30 07:30:12 | Diag logvar_q_mean=0.0123 logvar_q_clamp=0.0000 logvar_p_mean=0.0123 logvar_p_clamp=0.0000 kappa_log10=3.6287
2026-08-30 07:30:16 | Epoch  87/400 | Train Loss 2.3013 Acc 0.1123 | Val Loss 2.3008 Acc 0.1129 AUC 0.5000 Pre 0.0113 Rec 0.1000
2026-08-30 07:30:17 | Diag logvar_q_mean=0.0123 logvar_q_clamp=0.0000 logvar_p_mean=0.0124 logvar_p_clamp=0.0000 kappa_log10=3.5417
2026-08-30 07:30:21 | Epoch  88/400 | Train Loss 2.3014 Acc 0.1123 | Val Loss 2.3008 Acc 0.1129 AUC 0.5000 Pre 0.0113 Rec 0.1000
2026-08-30 07:30:21 | Diag logvar_q_mean=0.0124 logvar_q_clamp=0.0000 logvar_p_mean=0.0123 logvar_p_clamp=0.0000 kappa_log10=2.9690
2026-08-30 07:30:25 | Epoch  89/400 | Train Loss 2.3013 Acc 0.1123 | Val Loss 2.3007 Acc 0.1129 AUC 0.5000 Pre 0.0113 Rec 0.1000
2026-08-30 07:30:26 | Diag logvar_q_mean=0.0124 logvar_q_clamp=0.0000 logvar_p_mean=0.0124 logvar_p_clamp=0.0000 kappa_log10=2.7886
2026-08-30 07:30:30 | Epoch  90/400 | Train Loss 2.3014 Acc 0.1123 | Val Loss 2.3008 Acc 0.1129 AUC 0.5000 Pre 0.0113 Rec 0.1000
2026-08-30 07:30:31 | Diag logvar_q_mean=0.0124 logvar_q_clamp=0.0000 logvar_p_mean=0.0125 logvar_p_clamp=0.0000 kappa_log10=2.8160
2026-08-30 07:30:35 | Epoch  91/400 | Train Loss 2.3013 Acc 0.1123 | Val Loss 2.3008 Acc 0.1129 AUC 0.5000 Pre 0.0113 Rec 0.1000
2026-08-30 07:30:35 | Diag logvar_q_mean=0.0125 logvar_q_clamp=0.0000 logvar_p_mean=0.0124 logvar_p_clamp=0.0000 kappa_log10=3.1439
2026-08-30 07:30:39 | Epoch  92/400 | Train Loss 2.3013 Acc 0.1123 | Val Loss 2.3008 Acc 0.1129 AUC 0.5000 Pre 0.0113 Rec 0.1000
2026-08-30 07:30:40 | Diag logvar_q_mean=0.0124 logvar_q_clamp=0.0000 logvar_p_mean=0.0124 logvar_p_clamp=0.0000 kappa_log10=3.2838
2026-08-30 07:30:44 | Epoch  93/400 | Train Loss 2.3013 Acc 0.1123 | Val Loss 2.3008 Acc 0.1129 AUC 0.5000 Pre 0.0113 Rec 0.1000
2026-08-30 07:30:45 | Diag logvar_q_mean=0.0124 logvar_q_clamp=0.0000 logvar_p_mean=0.0125 logvar_p_clamp=0.0000 kappa_log10=3.3043
2026-08-30 07:30:49 | Epoch  94/400 | Train Loss 2.3013 Acc 0.1123 | Val Loss 2.3007 Acc 0.1129 AUC 0.5000 Pre 0.0113 Rec 0.1000
2026-08-30 07:30:49 | Diag logvar_q_mean=0.0124 logvar_q_clamp=0.0000 logvar_p_mean=0.0124 logvar_p_clamp=0.0000 kappa_log10=3.2983
2026-08-30 07:30:53 | Epoch  95/400 | Train Loss 2.3013 Acc 0.1123 | Val Loss 2.3008 Acc 0.1129 AUC 0.5000 Pre 0.0113 Rec 0.1000
2026-08-30 07:30:54 | Diag logvar_q_mean=0.0125 logvar_q_clamp=0.0000 logvar_p_mean=0.0124 logvar_p_clamp=0.0000 kappa_log10=3.2983
2026-08-30 07:30:58 | Epoch  96/400 | Train Loss 2.3013 Acc 0.1123 | Val Loss 2.3007 Acc 0.1129 AUC 0.5000 Pre 0.0113 Rec 0.1000
2026-08-30 07:30:58 | Diag logvar_q_mean=0.0125 logvar_q_clamp=0.0000 logvar_p_mean=0.0125 logvar_p_clamp=0.0000 kappa_log10=3.3447
2026-08-30 07:31:02 | Epoch  97/400 | Train Loss 2.3013 Acc 0.1123 | Val Loss 2.3007 Acc 0.1129 AUC 0.5000 Pre 0.0113 Rec 0.1000
2026-08-30 07:31:03 | Diag logvar_q_mean=0.0125 logvar_q_clamp=0.0000 logvar_p_mean=0.0125 logvar_p_clamp=0.0000 kappa_log10=3.3446
2026-08-30 07:31:07 | Epoch  98/400 | Train Loss 2.3013 Acc 0.1123 | Val Loss 2.3008 Acc 0.1129 AUC 0.5000 Pre 0.0113 Rec 0.1000
2026-08-30 07:31:08 | Diag logvar_q_mean=0.0125 logvar_q_clamp=0.0000 logvar_p_mean=0.0125 logvar_p_clamp=0.0000 kappa_log10=3.5253
2026-08-30 07:31:12 | Epoch  99/400 | Train Loss 2.3013 Acc 0.1123 | Val Loss 2.3008 Acc 0.1129 AUC 0.5000 Pre 0.0113 Rec 0.1000
2026-08-30 07:31:12 | Diag logvar_q_mean=0.0125 logvar_q_clamp=0.0000 logvar_p_mean=0.0125 logvar_p_clamp=0.0000 kappa_log10=3.5315
2026-08-30 07:31:16 | Epoch 100/400 | Train Loss 2.3013 Acc 0.1123 | Val Loss 2.3007 Acc 0.1129 AUC 0.5000 Pre 0.0113 Rec 0.1000
2026-08-30 07:31:17 | Diag logvar_q_mean=0.0125 logvar_q_clamp=0.0000 logvar_p_mean=0.0125 logvar_p_clamp=0.0000 kappa_log10=3.7169
2026-08-30 07:31:21 | Epoch 101/400 | Train Loss 2.3013 Acc 0.1123 | Val Loss 2.3007 Acc 0.1129 AUC 0.5000 Pre 0.0113 Rec 0.1000
2026-08-30 07:31:21 | Diag logvar_q_mean=0.0125 logvar_q_clamp=0.0000 logvar_p_mean=0.0125 logvar_p_clamp=0.0000 kappa_log10=3.6593
2026-08-30 07:31:25 | Epoch 102/400 | Train Loss 2.3013 Acc 0.1123 | Val Loss 2.3007 Acc 0.1129 AUC 0.5000 Pre 0.0113 Rec 0.1000
2026-08-30 07:31:26 | Diag logvar_q_mean=0.0125 logvar_q_clamp=0.0000 logvar_p_mean=0.0125 logvar_p_clamp=0.0000 kappa_log10=3.6590
2026-08-30 07:31:30 | Epoch 103/400 | Train Loss 2.3013 Acc 0.1123 | Val Loss 2.3008 Acc 0.1129 AUC 0.5000 Pre 0.0113 Rec 0.1000
2026-08-30 07:31:31 | Diag logvar_q_mean=0.0125 logvar_q_clamp=0.0000 logvar_p_mean=0.0125 logvar_p_clamp=0.0000 kappa_log10=3.6590
2026-08-30 07:31:35 | Epoch 104/400 | Train Loss 2.3013 Acc 0.1123 | Val Loss 2.3008 Acc 0.1129 AUC 0.5000 Pre 0.0113 Rec 0.1000
2026-08-30 07:31:35 | Diag logvar_q_mean=0.0125 logvar_q_clamp=0.0000 logvar_p_mean=0.0125 logvar_p_clamp=0.0000 kappa_log10=3.5946
2026-08-30 07:31:39 | Epoch 105/400 | Train Loss 2.3013 Acc 0.1123 | Val Loss 2.3008 Acc 0.1129 AUC 0.5000 Pre 0.0113 Rec 0.1000
2026-08-30 07:31:40 | Diag logvar_q_mean=0.0125 logvar_q_clamp=0.0000 logvar_p_mean=0.0125 logvar_p_clamp=0.0000 kappa_log10=3.5942
2026-08-30 07:31:44 | Epoch 106/400 | Train Loss 2.3013 Acc 0.1123 | Val Loss 2.3008 Acc 0.1129 AUC 0.5000 Pre 0.0113 Rec 0.1000
2026-08-30 07:31:44 | Diag logvar_q_mean=0.0125 logvar_q_clamp=0.0000 logvar_p_mean=0.0125 logvar_p_clamp=0.0000 kappa_log10=3.5942
2026-08-30 07:31:48 | Epoch 107/400 | Train Loss 2.3013 Acc 0.1123 | Val Loss 2.3008 Acc 0.1129 AUC 0.5000 Pre 0.0113 Rec 0.1000
2026-08-30 07:31:49 | Diag logvar_q_mean=0.0125 logvar_q_clamp=0.0000 logvar_p_mean=0.0125 logvar_p_clamp=0.0000 kappa_log10=3.5942
2026-08-30 07:31:53 | Epoch 108/400 | Train Loss 2.3013 Acc 0.1123 | Val Loss 2.3007 Acc 0.1129 AUC 0.5000 Pre 0.0113 Rec 0.1000
2026-08-30 07:31:54 | Diag logvar_q_mean=0.0125 logvar_q_clamp=0.0000 logvar_p_mean=0.0125 logvar_p_clamp=0.0000 kappa_log10=3.5942
2026-08-30 07:31:57 | Epoch 109/400 | Train Loss 2.3013 Acc 0.1123 | Val Loss 2.3007 Acc 0.1129 AUC 0.5000 Pre 0.0113 Rec 0.1000
2026-08-30 07:31:58 | Diag logvar_q_mean=0.0125 logvar_q_clamp=0.0000 logvar_p_mean=0.0125 logvar_p_clamp=0.0000 kappa_log10=3.5942
2026-08-30 07:32:02 | Epoch 110/400 | Train Loss 2.3013 Acc 0.1123 | Val Loss 2.3008 Acc 0.1129 AUC 0.5000 Pre 0.0113 Rec 0.1000
2026-08-30 07:32:03 | Diag logvar_q_mean=0.0125 logvar_q_clamp=0.0000 logvar_p_mean=0.0125 logvar_p_clamp=0.0000 kappa_log10=3.5942
2026-08-30 07:32:07 | Epoch 111/400 | Train Loss 2.3013 Acc 0.1123 | Val Loss 2.3008 Acc 0.1129 AUC 0.5000 Pre 0.0113 Rec 0.1000
2026-08-30 07:32:07 | Diag logvar_q_mean=0.0125 logvar_q_clamp=0.0000 logvar_p_mean=0.0125 logvar_p_clamp=0.0000 kappa_log10=3.5942
2026-08-30 07:32:11 | Epoch 112/400 | Train Loss 2.3013 Acc 0.1123 | Val Loss 2.3008 Acc 0.1129 AUC 0.5000 Pre 0.0113 Rec 0.1000
2026-08-30 07:32:12 | Diag logvar_q_mean=0.0125 logvar_q_clamp=0.0000 logvar_p_mean=0.0125 logvar_p_clamp=0.0000 kappa_log10=3.5942
2026-08-30 07:32:16 | Epoch 113/400 | Train Loss 2.3013 Acc 0.1123 | Val Loss 2.3008 Acc 0.1129 AUC 0.5000 Pre 0.0113 Rec 0.1000
2026-08-30 07:32:17 | Diag logvar_q_mean=0.0125 logvar_q_clamp=0.0000 logvar_p_mean=0.0125 logvar_p_clamp=0.0000 kappa_log10=3.5942
2026-08-30 07:32:21 | Epoch 114/400 | Train Loss 2.3013 Acc 0.1123 | Val Loss 2.3008 Acc 0.1129 AUC 0.5000 Pre 0.0113 Rec 0.1000
2026-08-30 07:32:21 | Diag logvar_q_mean=0.0125 logvar_q_clamp=0.0000 logvar_p_mean=0.0125 logvar_p_clamp=0.0000 kappa_log10=3.5942
2026-08-30 07:32:25 | Epoch 115/400 | Train Loss 2.3013 Acc 0.1123 | Val Loss 2.3007 Acc 0.1129 AUC 0.5000 Pre 0.0113 Rec 0.1000
2026-08-30 07:32:26 | Diag logvar_q_mean=0.0125 logvar_q_clamp=0.0000 logvar_p_mean=0.0125 logvar_p_clamp=0.0000 kappa_log10=3.5942
2026-08-30 07:32:30 | Epoch 116/400 | Train Loss 2.3013 Acc 0.1123 | Val Loss 2.3007 Acc 0.1129 AUC 0.5000 Pre 0.0113 Rec 0.1000
2026-08-30 07:32:30 | Diag logvar_q_mean=0.0125 logvar_q_clamp=0.0000 logvar_p_mean=0.0125 logvar_p_clamp=0.0000 kappa_log10=3.5942
2026-08-30 07:32:34 | Epoch 117/400 | Train Loss 2.3013 Acc 0.1123 | Val Loss 2.3007 Acc 0.1129 AUC 0.5000 Pre 0.0113 Rec 0.1000
2026-08-30 07:32:35 | Diag logvar_q_mean=0.0125 logvar_q_clamp=0.0000 logvar_p_mean=0.0126 logvar_p_clamp=0.0000 kappa_log10=3.5917
2026-08-30 07:32:39 | Epoch 118/400 | Train Loss 2.3013 Acc 0.1123 | Val Loss 2.3008 Acc 0.1129 AUC 0.5000 Pre 0.0113 Rec 0.1000
2026-08-30 07:32:40 | Diag logvar_q_mean=0.0126 logvar_q_clamp=0.0000 logvar_p_mean=0.0126 logvar_p_clamp=0.0000 kappa_log10=3.5880
2026-08-30 07:32:44 | Epoch 119/400 | Train Loss 2.3013 Acc 0.1123 | Val Loss 2.3007 Acc 0.1129 AUC 0.5000 Pre 0.0113 Rec 0.1000
2026-08-30 07:32:44 | Diag logvar_q_mean=0.0126 logvar_q_clamp=0.0000 logvar_p_mean=0.0126 logvar_p_clamp=0.0000 kappa_log10=3.5881
2026-08-30 07:32:48 | Epoch 120/400 | Train Loss 2.3013 Acc 0.1123 | Val Loss 2.3008 Acc 0.1129 AUC 0.5000 Pre 0.0113 Rec 0.1000
2026-08-30 07:32:49 | Diag logvar_q_mean=0.0126 logvar_q_clamp=0.0000 logvar_p_mean=0.0126 logvar_p_clamp=0.0000 kappa_log10=3.5881
2026-08-30 07:32:53 | Epoch 121/400 | Train Loss 2.3013 Acc 0.1123 | Val Loss 2.3008 Acc 0.1129 AUC 0.5000 Pre 0.0113 Rec 0.1000
2026-08-30 07:32:53 | Diag logvar_q_mean=0.0126 logvar_q_clamp=0.0000 logvar_p_mean=0.0126 logvar_p_clamp=0.0000 kappa_log10=3.5881
2026-08-30 07:32:57 | Epoch 122/400 | Train Loss 2.3013 Acc 0.1123 | Val Loss 2.3008 Acc 0.1129 AUC 0.5000 Pre 0.0113 Rec 0.1000
2026-08-30 07:32:58 | Diag logvar_q_mean=0.0126 logvar_q_clamp=0.0000 logvar_p_mean=0.0126 logvar_p_clamp=0.0000 kappa_log10=3.5881
2026-08-30 07:33:02 | Epoch 123/400 | Train Loss 2.3013 Acc 0.1123 | Val Loss 2.3008 Acc 0.1129 AUC 0.5000 Pre 0.0113 Rec 0.1000
2026-08-30 07:33:03 | Diag logvar_q_mean=0.0126 logvar_q_clamp=0.0000 logvar_p_mean=0.0126 logvar_p_clamp=0.0000 kappa_log10=3.5881
2026-08-30 07:33:07 | Epoch 124/400 | Train Loss 2.3013 Acc 0.1123 | Val Loss 2.3008 Acc 0.1129 AUC 0.5000 Pre 0.0113 Rec 0.1000
2026-08-30 07:33:07 | Diag logvar_q_mean=0.0126 logvar_q_clamp=0.0000 logvar_p_mean=0.0126 logvar_p_clamp=0.0000 kappa_log10=3.5616
2026-08-30 07:33:11 | Epoch 125/400 | Train Loss 2.3013 Acc 0.1123 | Val Loss 2.3008 Acc 0.1129 AUC 0.5000 Pre 0.0113 Rec 0.1000
2026-08-30 07:33:12 | Diag logvar_q_mean=0.0126 logvar_q_clamp=0.0000 logvar_p_mean=0.0126 logvar_p_clamp=0.0000 kappa_log10=3.4528
2026-08-30 07:33:16 | Epoch 126/400 | Train Loss 2.3013 Acc 0.1123 | Val Loss 2.3008 Acc 0.1129 AUC 0.5000 Pre 0.0113 Rec 0.1000
2026-08-30 07:33:16 | Diag logvar_q_mean=0.0126 logvar_q_clamp=0.0000 logvar_p_mean=0.0126 logvar_p_clamp=0.0000 kappa_log10=3.4470
2026-08-30 07:33:20 | Epoch 127/400 | Train Loss 2.3013 Acc 0.1123 | Val Loss 2.3008 Acc 0.1129 AUC 0.5000 Pre 0.0113 Rec 0.1000
2026-08-30 07:33:21 | Diag logvar_q_mean=0.0126 logvar_q_clamp=0.0000 logvar_p_mean=0.0126 logvar_p_clamp=0.0000 kappa_log10=3.4469
2026-08-30 07:33:25 | Epoch 128/400 | Train Loss 2.3013 Acc 0.1123 | Val Loss 2.3008 Acc 0.1129 AUC 0.5000 Pre 0.0113 Rec 0.1000
2026-08-30 07:33:26 | Diag logvar_q_mean=0.0126 logvar_q_clamp=0.0000 logvar_p_mean=0.0126 logvar_p_clamp=0.0000 kappa_log10=3.3856
2026-08-30 07:33:30 | Epoch 129/400 | Train Loss 2.3013 Acc 0.1123 | Val Loss 2.3008 Acc 0.1129 AUC 0.5000 Pre 0.0113 Rec 0.1000
2026-08-30 07:33:30 | Diag logvar_q_mean=0.0126 logvar_q_clamp=0.0000 logvar_p_mean=0.0126 logvar_p_clamp=0.0000 kappa_log10=3.3826
2026-08-30 07:33:34 | Epoch 130/400 | Train Loss 2.3013 Acc 0.1123 | Val Loss 2.3008 Acc 0.1129 AUC 0.5000 Pre 0.0113 Rec 0.1000
2026-08-30 07:33:35 | Diag logvar_q_mean=0.0126 logvar_q_clamp=0.0000 logvar_p_mean=0.0126 logvar_p_clamp=0.0000 kappa_log10=3.3826
2026-08-30 07:33:39 | Epoch 131/400 | Train Loss 2.3013 Acc 0.1123 | Val Loss 2.3008 Acc 0.1129 AUC 0.5000 Pre 0.0113 Rec 0.1000
2026-08-30 07:33:39 | Diag logvar_q_mean=0.0126 logvar_q_clamp=0.0000 logvar_p_mean=0.0126 logvar_p_clamp=0.0000 kappa_log10=3.3826
2026-08-30 07:33:43 | Epoch 132/400 | Train Loss 2.3013 Acc 0.1123 | Val Loss 2.3008 Acc 0.1129 AUC 0.5000 Pre 0.0113 Rec 0.1000
2026-08-30 07:33:44 | Diag logvar_q_mean=0.0126 logvar_q_clamp=0.0000 logvar_p_mean=0.0126 logvar_p_clamp=0.0000 kappa_log10=3.3837
2026-08-30 07:33:48 | Epoch 133/400 | Train Loss 2.3013 Acc 0.1123 | Val Loss 2.3008 Acc 0.1129 AUC 0.5000 Pre 0.0113 Rec 0.1000
2026-08-30 07:33:49 | Diag logvar_q_mean=0.0126 logvar_q_clamp=0.0000 logvar_p_mean=0.0126 logvar_p_clamp=0.0000 kappa_log10=3.3837
2026-08-30 07:33:52 | Epoch 134/400 | Train Loss 2.3013 Acc 0.1123 | Val Loss 2.3008 Acc 0.1129 AUC 0.5000 Pre 0.0113 Rec 0.1000
2026-08-30 07:33:53 | Diag logvar_q_mean=0.0126 logvar_q_clamp=0.0000 logvar_p_mean=0.0126 logvar_p_clamp=0.0000 kappa_log10=3.1265
2026-08-30 07:33:57 | Epoch 135/400 | Train Loss 2.3013 Acc 0.1123 | Val Loss 2.3008 Acc 0.1129 AUC 0.5000 Pre 0.0113 Rec 0.1000
2026-08-30 07:33:58 | Diag logvar_q_mean=0.0126 logvar_q_clamp=0.0000 logvar_p_mean=0.0126 logvar_p_clamp=0.0000 kappa_log10=3.1260
2026-08-30 07:34:02 | Epoch 136/400 | Train Loss 2.3013 Acc 0.1123 | Val Loss 2.3008 Acc 0.1129 AUC 0.5000 Pre 0.0113 Rec 0.1000
2026-08-30 07:34:02 | Diag logvar_q_mean=0.0126 logvar_q_clamp=0.0000 logvar_p_mean=0.0126 logvar_p_clamp=0.0000 kappa_log10=3.0081
2026-08-30 07:34:06 | Epoch 137/400 | Train Loss 2.3013 Acc 0.1123 | Val Loss 2.3008 Acc 0.1129 AUC 0.5000 Pre 0.0113 Rec 0.1000
2026-08-30 07:34:07 | Diag logvar_q_mean=0.0126 logvar_q_clamp=0.0000 logvar_p_mean=0.0126 logvar_p_clamp=0.0000 kappa_log10=3.0065
2026-08-30 07:34:11 | Epoch 138/400 | Train Loss 2.3013 Acc 0.1123 | Val Loss 2.3009 Acc 0.1129 AUC 0.5000 Pre 0.0113 Rec 0.1000
2026-08-30 07:34:12 | Diag logvar_q_mean=0.0127 logvar_q_clamp=0.0000 logvar_p_mean=0.0126 logvar_p_clamp=0.0000 kappa_log10=3.2324
2026-08-30 07:34:16 | Epoch 139/400 | Train Loss 2.3014 Acc 0.1123 | Val Loss 2.3007 Acc 0.1129 AUC 0.5000 Pre 0.0113 Rec 0.1000
2026-08-30 07:34:16 | Diag logvar_q_mean=0.0127 logvar_q_clamp=0.0000 logvar_p_mean=0.0127 logvar_p_clamp=0.0000 kappa_log10=3.2094
2026-08-30 07:34:20 | Epoch 140/400 | Train Loss 2.3013 Acc 0.1123 | Val Loss 2.3008 Acc 0.1129 AUC 0.5000 Pre 0.0113 Rec 0.1000
2026-08-30 07:34:21 | Diag logvar_q_mean=0.0127 logvar_q_clamp=0.0000 logvar_p_mean=0.0127 logvar_p_clamp=0.0000 kappa_log10=3.4086
2026-08-30 07:34:25 | Epoch 141/400 | Train Loss 2.3013 Acc 0.1123 | Val Loss 2.3007 Acc 0.1129 AUC 0.5000 Pre 0.0113 Rec 0.1000
2026-08-30 07:34:26 | Diag logvar_q_mean=0.0127 logvar_q_clamp=0.0000 logvar_p_mean=0.0127 logvar_p_clamp=0.0000 kappa_log10=3.4085
2026-08-30 07:34:30 | Epoch 142/400 | Train Loss 2.3013 Acc 0.1123 | Val Loss 2.3008 Acc 0.1129 AUC 0.5000 Pre 0.0113 Rec 0.1000
2026-08-30 07:34:30 | Diag logvar_q_mean=0.0127 logvar_q_clamp=0.0000 logvar_p_mean=0.0127 logvar_p_clamp=0.0000 kappa_log10=3.1677
2026-08-30 07:34:34 | Epoch 143/400 | Train Loss 2.3013 Acc 0.1123 | Val Loss 2.3008 Acc 0.1129 AUC 0.5000 Pre 0.0113 Rec 0.1000
2026-08-30 07:34:35 | Diag logvar_q_mean=0.0127 logvar_q_clamp=0.0000 logvar_p_mean=0.0127 logvar_p_clamp=0.0000 kappa_log10=3.6072
2026-08-30 07:34:39 | Epoch 144/400 | Train Loss 2.3013 Acc 0.1123 | Val Loss 2.3008 Acc 0.1129 AUC 0.5000 Pre 0.0113 Rec 0.1000
2026-08-30 07:34:39 | Diag logvar_q_mean=0.0127 logvar_q_clamp=0.0000 logvar_p_mean=0.0127 logvar_p_clamp=0.0000 kappa_log10=3.4370
2026-08-30 07:34:43 | Epoch 145/400 | Train Loss 2.3013 Acc 0.1123 | Val Loss 2.3008 Acc 0.1129 AUC 0.5000 Pre 0.0113 Rec 0.1000
2026-08-30 07:34:44 | Diag logvar_q_mean=0.0127 logvar_q_clamp=0.0000 logvar_p_mean=0.0127 logvar_p_clamp=0.0000 kappa_log10=2.9116
2026-08-30 07:34:48 | Epoch 146/400 | Train Loss 2.3013 Acc 0.1123 | Val Loss 2.3008 Acc 0.1129 AUC 0.5000 Pre 0.0113 Rec 0.1000
2026-08-30 07:34:49 | Diag logvar_q_mean=0.0127 logvar_q_clamp=0.0000 logvar_p_mean=0.0127 logvar_p_clamp=0.0000 kappa_log10=2.9079
2026-08-30 07:34:53 | Epoch 147/400 | Train Loss 2.3013 Acc 0.1123 | Val Loss 2.3007 Acc 0.1129 AUC 0.5000 Pre 0.0113 Rec 0.1000
2026-08-30 07:34:53 | Diag logvar_q_mean=0.0127 logvar_q_clamp=0.0000 logvar_p_mean=0.0128 logvar_p_clamp=0.0000 kappa_log10=2.9803
2026-08-30 07:34:57 | Epoch 148/400 | Train Loss 2.3013 Acc 0.1123 | Val Loss 2.3008 Acc 0.1129 AUC 0.5000 Pre 0.0113 Rec 0.1000
2026-08-30 07:34:58 | Diag logvar_q_mean=0.0128 logvar_q_clamp=0.0000 logvar_p_mean=0.0127 logvar_p_clamp=0.0000 kappa_log10=2.9811
2026-08-30 07:35:02 | Epoch 149/400 | Train Loss 2.3013 Acc 0.1123 | Val Loss 2.3008 Acc 0.1129 AUC 0.5000 Pre 0.0113 Rec 0.1000
2026-08-30 07:35:02 | Diag logvar_q_mean=0.0128 logvar_q_clamp=0.0000 logvar_p_mean=0.0128 logvar_p_clamp=0.0000 kappa_log10=3.0162
2026-08-30 07:35:06 | Epoch 150/400 | Train Loss 2.3013 Acc 0.1123 | Val Loss 2.3008 Acc 0.1129 AUC 0.5000 Pre 0.0113 Rec 0.1000
2026-08-30 07:35:07 | Diag logvar_q_mean=0.0128 logvar_q_clamp=0.0000 logvar_p_mean=0.0128 logvar_p_clamp=0.0000 kappa_log10=3.0282
2026-08-30 07:35:11 | Epoch 151/400 | Train Loss 2.3013 Acc 0.1123 | Val Loss 2.3008 Acc 0.1129 AUC 0.5000 Pre 0.0113 Rec 0.1000
2026-08-30 07:35:12 | Diag logvar_q_mean=0.0128 logvar_q_clamp=0.0000 logvar_p_mean=0.0128 logvar_p_clamp=0.0000 kappa_log10=3.0282
2026-08-30 07:35:16 | Epoch 152/400 | Train Loss 2.3013 Acc 0.1123 | Val Loss 2.3008 Acc 0.1129 AUC 0.5000 Pre 0.0113 Rec 0.1000
2026-08-30 07:35:16 | Diag logvar_q_mean=0.0128 logvar_q_clamp=0.0000 logvar_p_mean=0.0128 logvar_p_clamp=0.0000 kappa_log10=3.0282
2026-08-30 07:35:20 | Epoch 153/400 | Train Loss 2.3013 Acc 0.1123 | Val Loss 2.3008 Acc 0.1129 AUC 0.5000 Pre 0.0113 Rec 0.1000
2026-08-30 07:35:21 | Diag logvar_q_mean=0.0128 logvar_q_clamp=0.0000 logvar_p_mean=0.0128 logvar_p_clamp=0.0000 kappa_log10=3.0282
2026-08-30 07:35:25 | Epoch 154/400 | Train Loss 2.3013 Acc 0.1123 | Val Loss 2.3008 Acc 0.1129 AUC 0.5000 Pre 0.0113 Rec 0.1000
2026-08-30 07:35:25 | Diag logvar_q_mean=0.0128 logvar_q_clamp=0.0000 logvar_p_mean=0.0128 logvar_p_clamp=0.0000 kappa_log10=3.0282
2026-08-30 07:35:29 | Epoch 155/400 | Train Loss 2.3013 Acc 0.1123 | Val Loss 2.3008 Acc 0.1129 AUC 0.5000 Pre 0.0113 Rec 0.1000
2026-08-30 07:35:30 | Diag logvar_q_mean=0.0128 logvar_q_clamp=0.0000 logvar_p_mean=0.0128 logvar_p_clamp=0.0000 kappa_log10=3.0282
2026-08-30 07:35:34 | Epoch 156/400 | Train Loss 2.3013 Acc 0.1123 | Val Loss 2.3008 Acc 0.1129 AUC 0.5000 Pre 0.0113 Rec 0.1000
2026-08-30 07:35:34 | Diag logvar_q_mean=0.0128 logvar_q_clamp=0.0000 logvar_p_mean=0.0128 logvar_p_clamp=0.0000 kappa_log10=3.0282
2026-08-30 07:35:38 | Epoch 157/400 | Train Loss 2.3013 Acc 0.1123 | Val Loss 2.3008 Acc 0.1129 AUC 0.5000 Pre 0.0113 Rec 0.1000
2026-08-30 07:35:39 | Diag logvar_q_mean=0.0128 logvar_q_clamp=0.0000 logvar_p_mean=0.0128 logvar_p_clamp=0.0000 kappa_log10=3.0282
2026-08-30 07:35:43 | Epoch 158/400 | Train Loss 2.3013 Acc 0.1123 | Val Loss 2.3008 Acc 0.1129 AUC 0.5000 Pre 0.0113 Rec 0.1000
2026-08-30 07:35:44 | Diag logvar_q_mean=0.0128 logvar_q_clamp=0.0000 logvar_p_mean=0.0128 logvar_p_clamp=0.0000 kappa_log10=3.0282
2026-08-30 07:35:48 | Epoch 159/400 | Train Loss 2.3013 Acc 0.1123 | Val Loss 2.3007 Acc 0.1129 AUC 0.5000 Pre 0.0113 Rec 0.1000
2026-08-30 07:35:48 | Diag logvar_q_mean=0.0128 logvar_q_clamp=0.0000 logvar_p_mean=0.0128 logvar_p_clamp=0.0000 kappa_log10=3.0282
2026-08-30 07:35:52 | Epoch 160/400 | Train Loss 2.3013 Acc 0.1123 | Val Loss 2.3008 Acc 0.1129 AUC 0.5000 Pre 0.0113 Rec 0.1000
2026-08-30 07:35:53 | Diag logvar_q_mean=0.0128 logvar_q_clamp=0.0000 logvar_p_mean=0.0128 logvar_p_clamp=0.0000 kappa_log10=3.9787
2026-08-30 07:35:57 | Epoch 161/400 | Train Loss 2.3013 Acc 0.1123 | Val Loss 2.3008 Acc 0.1129 AUC 0.5000 Pre 0.0113 Rec 0.1000
2026-08-30 07:35:58 | Diag logvar_q_mean=0.0128 logvar_q_clamp=0.0000 logvar_p_mean=0.0128 logvar_p_clamp=0.0000 kappa_log10=3.9804
2026-08-30 07:36:02 | Epoch 162/400 | Train Loss 2.3013 Acc 0.1123 | Val Loss 2.3007 Acc 0.1129 AUC 0.5000 Pre 0.0113 Rec 0.1000
2026-08-30 07:36:02 | Diag logvar_q_mean=0.0128 logvar_q_clamp=0.0000 logvar_p_mean=0.0128 logvar_p_clamp=0.0000 kappa_log10=3.9804
2026-08-30 07:36:06 | Epoch 163/400 | Train Loss 2.3015 Acc 0.1123 | Val Loss 2.3007 Acc 0.1129 AUC 0.5000 Pre 0.0113 Rec 0.1000
2026-08-30 07:36:07 | Diag logvar_q_mean=0.0129 logvar_q_clamp=0.0000 logvar_p_mean=0.0129 logvar_p_clamp=0.0000 kappa_log10=3.4871
2026-08-30 07:36:11 | Epoch 164/400 | Train Loss 2.3013 Acc 0.1123 | Val Loss 2.3007 Acc 0.1129 AUC 0.5000 Pre 0.0113 Rec 0.1000
2026-08-30 07:36:12 | Diag logvar_q_mean=0.0129 logvar_q_clamp=0.0000 logvar_p_mean=0.0129 logvar_p_clamp=0.0000 kappa_log10=3.4799
2026-08-30 07:36:16 | Epoch 165/400 | Train Loss 2.3013 Acc 0.1123 | Val Loss 2.3007 Acc 0.1129 AUC 0.5000 Pre 0.0113 Rec 0.1000
2026-08-30 07:36:16 | Diag logvar_q_mean=0.0129 logvar_q_clamp=0.0000 logvar_p_mean=0.0129 logvar_p_clamp=0.0000 kappa_log10=3.4799
2026-08-30 07:36:20 | Epoch 166/400 | Train Loss 2.3013 Acc 0.1123 | Val Loss 2.3008 Acc 0.1129 AUC 0.5000 Pre 0.0113 Rec 0.1000
2026-08-30 07:36:21 | Diag logvar_q_mean=0.0129 logvar_q_clamp=0.0000 logvar_p_mean=0.0129 logvar_p_clamp=0.0000 kappa_log10=3.4799
2026-08-30 07:36:25 | Epoch 167/400 | Train Loss 2.3014 Acc 0.1123 | Val Loss 2.3007 Acc 0.1129 AUC 0.5000 Pre 0.0113 Rec 0.1000
2026-08-30 07:36:25 | Diag logvar_q_mean=0.0130 logvar_q_clamp=0.0000 logvar_p_mean=0.0130 logvar_p_clamp=0.0000 kappa_log10=3.9126
2026-08-30 07:36:29 | Epoch 168/400 | Train Loss 2.3013 Acc 0.1123 | Val Loss 2.3008 Acc 0.1129 AUC 0.5000 Pre 0.0113 Rec 0.1000
2026-08-30 07:36:30 | Diag logvar_q_mean=0.0130 logvar_q_clamp=0.0000 logvar_p_mean=0.0130 logvar_p_clamp=0.0000 kappa_log10=3.9893
2026-08-30 07:36:34 | Epoch 169/400 | Train Loss 2.3013 Acc 0.1123 | Val Loss 2.3008 Acc 0.1129 AUC 0.5000 Pre 0.0113 Rec 0.1000
2026-08-30 07:36:35 | Diag logvar_q_mean=0.0130 logvar_q_clamp=0.0000 logvar_p_mean=0.0130 logvar_p_clamp=0.0000 kappa_log10=3.5181
2026-08-30 07:36:39 | Epoch 170/400 | Train Loss 2.3013 Acc 0.1123 | Val Loss 2.3008 Acc 0.1129 AUC 0.5000 Pre 0.0113 Rec 0.1000
2026-08-30 07:36:39 | Diag logvar_q_mean=0.0130 logvar_q_clamp=0.0000 logvar_p_mean=0.0130 logvar_p_clamp=0.0000 kappa_log10=3.5011
2026-08-30 07:36:43 | Epoch 171/400 | Train Loss 2.3013 Acc 0.1123 | Val Loss 2.3008 Acc 0.1129 AUC 0.5000 Pre 0.0113 Rec 0.1000
2026-08-30 07:36:44 | Diag logvar_q_mean=0.0130 logvar_q_clamp=0.0000 logvar_p_mean=0.0130 logvar_p_clamp=0.0000 kappa_log10=3.5011
2026-08-30 07:36:48 | Epoch 172/400 | Train Loss 2.3013 Acc 0.1123 | Val Loss 2.3008 Acc 0.1129 AUC 0.5000 Pre 0.0113 Rec 0.1000
2026-08-30 07:36:48 | Diag logvar_q_mean=0.0130 logvar_q_clamp=0.0000 logvar_p_mean=0.0130 logvar_p_clamp=0.0000 kappa_log10=3.2764
2026-08-30 07:36:52 | Epoch 173/400 | Train Loss 2.3013 Acc 0.1123 | Val Loss 2.3007 Acc 0.1129 AUC 0.5000 Pre 0.0113 Rec 0.1000
2026-08-30 07:36:53 | Diag logvar_q_mean=0.0130 logvar_q_clamp=0.0000 logvar_p_mean=0.0130 logvar_p_clamp=0.0000 kappa_log10=3.2763
2026-08-30 07:36:57 | Epoch 174/400 | Train Loss 2.3013 Acc 0.1123 | Val Loss 2.3008 Acc 0.1129 AUC 0.5000 Pre 0.0113 Rec 0.1000
2026-08-30 07:36:58 | Diag logvar_q_mean=0.0130 logvar_q_clamp=0.0000 logvar_p_mean=0.0130 logvar_p_clamp=0.0000 kappa_log10=3.2763
2026-08-30 07:37:02 | Epoch 175/400 | Train Loss 2.3013 Acc 0.1123 | Val Loss 2.3008 Acc 0.1129 AUC 0.5000 Pre 0.0113 Rec 0.1000
2026-08-30 07:37:02 | Diag logvar_q_mean=0.0130 logvar_q_clamp=0.0000 logvar_p_mean=0.0130 logvar_p_clamp=0.0000 kappa_log10=3.2763
2026-08-30 07:37:06 | Epoch 176/400 | Train Loss 2.3013 Acc 0.1123 | Val Loss 2.3008 Acc 0.1129 AUC 0.5000 Pre 0.0113 Rec 0.1000
2026-08-30 07:37:07 | Diag logvar_q_mean=0.0130 logvar_q_clamp=0.0000 logvar_p_mean=0.0130 logvar_p_clamp=0.0000 kappa_log10=3.2763
2026-08-30 07:37:11 | Epoch 177/400 | Train Loss 2.3013 Acc 0.1123 | Val Loss 2.3007 Acc 0.1129 AUC 0.5000 Pre 0.0113 Rec 0.1000
2026-08-30 07:37:11 | Diag logvar_q_mean=0.0130 logvar_q_clamp=0.0000 logvar_p_mean=0.0130 logvar_p_clamp=0.0000 kappa_log10=3.2763
2026-08-30 07:37:15 | Epoch 178/400 | Train Loss 2.3013 Acc 0.1123 | Val Loss 2.3008 Acc 0.1129 AUC 0.5000 Pre 0.0113 Rec 0.1000
2026-08-30 07:37:16 | Diag logvar_q_mean=0.0130 logvar_q_clamp=0.0000 logvar_p_mean=0.0130 logvar_p_clamp=0.0000 kappa_log10=3.2763
2026-08-30 07:37:20 | Epoch 179/400 | Train Loss 2.3013 Acc 0.1123 | Val Loss 2.3008 Acc 0.1129 AUC 0.5000 Pre 0.0113 Rec 0.1000
2026-08-30 07:37:20 | Diag logvar_q_mean=0.0130 logvar_q_clamp=0.0000 logvar_p_mean=0.0130 logvar_p_clamp=0.0000 kappa_log10=3.2763
2026-08-30 07:37:24 | Epoch 180/400 | Train Loss 2.3013 Acc 0.1123 | Val Loss 2.3007 Acc 0.1129 AUC 0.5000 Pre 0.0113 Rec 0.1000
2026-08-30 07:37:25 | Diag logvar_q_mean=0.0130 logvar_q_clamp=0.0000 logvar_p_mean=0.0130 logvar_p_clamp=0.0000 kappa_log10=3.2763
2026-08-30 07:37:29 | Epoch 181/400 | Train Loss 2.3013 Acc 0.1123 | Val Loss 2.3007 Acc 0.1129 AUC 0.5000 Pre 0.0113 Rec 0.1000
2026-08-30 07:37:30 | Diag logvar_q_mean=0.0130 logvar_q_clamp=0.0000 logvar_p_mean=0.0130 logvar_p_clamp=0.0000 kappa_log10=4.0369
2026-08-30 07:37:34 | Epoch 182/400 | Train Loss 2.3013 Acc 0.1123 | Val Loss 2.3008 Acc 0.1129 AUC 0.5000 Pre 0.0113 Rec 0.1000
2026-08-30 07:37:34 | Diag logvar_q_mean=0.0130 logvar_q_clamp=0.0000 logvar_p_mean=0.0130 logvar_p_clamp=0.0000 kappa_log10=4.1044
2026-08-30 07:37:38 | Epoch 183/400 | Train Loss 2.3013 Acc 0.1123 | Val Loss 2.3008 Acc 0.1129 AUC 0.5000 Pre 0.0113 Rec 0.1000
2026-08-30 07:37:39 | Diag logvar_q_mean=0.0130 logvar_q_clamp=0.0000 logvar_p_mean=0.0130 logvar_p_clamp=0.0000 kappa_log10=4.1046
2026-08-30 07:37:43 | Epoch 184/400 | Train Loss 2.3013 Acc 0.1123 | Val Loss 2.3008 Acc 0.1129 AUC 0.5000 Pre 0.0113 Rec 0.1000
2026-08-30 07:37:43 | Diag logvar_q_mean=0.0130 logvar_q_clamp=0.0000 logvar_p_mean=0.0130 logvar_p_clamp=0.0000 kappa_log10=4.1046
2026-08-30 07:37:48 | Epoch 185/400 | Train Loss 2.3013 Acc 0.1123 | Val Loss 2.3008 Acc 0.1129 AUC 0.5000 Pre 0.0113 Rec 0.1000
2026-08-30 07:37:48 | Diag logvar_q_mean=0.0130 logvar_q_clamp=0.0000 logvar_p_mean=0.0130 logvar_p_clamp=0.0000 kappa_log10=4.1046
2026-08-30 07:37:52 | Epoch 186/400 | Train Loss 2.3013 Acc 0.1123 | Val Loss 2.3008 Acc 0.1129 AUC 0.5000 Pre 0.0113 Rec 0.1000
2026-08-30 07:37:53 | Diag logvar_q_mean=0.0130 logvar_q_clamp=0.0000 logvar_p_mean=0.0130 logvar_p_clamp=0.0000 kappa_log10=4.1046
2026-08-30 07:37:57 | Epoch 187/400 | Train Loss 2.3013 Acc 0.1123 | Val Loss 2.3008 Acc 0.1129 AUC 0.5000 Pre 0.0113 Rec 0.1000
2026-08-30 07:37:57 | Diag logvar_q_mean=0.0130 logvar_q_clamp=0.0000 logvar_p_mean=0.0130 logvar_p_clamp=0.0000 kappa_log10=4.1046
2026-08-30 07:38:01 | Epoch 188/400 | Train Loss 2.3013 Acc 0.1123 | Val Loss 2.3008 Acc 0.1129 AUC 0.5000 Pre 0.0113 Rec 0.1000
2026-08-30 07:38:02 | Diag logvar_q_mean=0.0130 logvar_q_clamp=0.0000 logvar_p_mean=0.0131 logvar_p_clamp=0.0000 kappa_log10=4.9052
2026-08-30 07:38:06 | Epoch 189/400 | Train Loss 2.3013 Acc 0.1123 | Val Loss 2.3008 Acc 0.1129 AUC 0.5000 Pre 0.0113 Rec 0.1000
2026-08-30 07:38:07 | Diag logvar_q_mean=0.0131 logvar_q_clamp=0.0000 logvar_p_mean=0.0130 logvar_p_clamp=0.0000 kappa_log10=4.9424
2026-08-30 07:38:11 | Epoch 190/400 | Train Loss 2.3013 Acc 0.1123 | Val Loss 2.3008 Acc 0.1129 AUC 0.5000 Pre 0.0113 Rec 0.1000
2026-08-30 07:38:11 | Diag logvar_q_mean=0.0131 logvar_q_clamp=0.0000 logvar_p_mean=0.0130 logvar_p_clamp=0.0000 kappa_log10=4.9434
2026-08-30 07:38:15 | Epoch 191/400 | Train Loss 2.3013 Acc 0.1123 | Val Loss 2.3008 Acc 0.1129 AUC 0.5000 Pre 0.0113 Rec 0.1000
2026-08-30 07:38:16 | Diag logvar_q_mean=0.0131 logvar_q_clamp=0.0000 logvar_p_mean=0.0131 logvar_p_clamp=0.0000 kappa_log10=4.9434
2026-08-30 07:38:20 | Epoch 192/400 | Train Loss 2.3013 Acc 0.1123 | Val Loss 2.3008 Acc 0.1129 AUC 0.5000 Pre 0.0113 Rec 0.1000
2026-08-30 07:38:21 | Diag logvar_q_mean=0.0131 logvar_q_clamp=0.0000 logvar_p_mean=0.0131 logvar_p_clamp=0.0000 kappa_log10=4.9434
2026-08-30 07:38:25 | Epoch 193/400 | Train Loss 2.3013 Acc 0.1123 | Val Loss 2.3008 Acc 0.1129 AUC 0.5000 Pre 0.0113 Rec 0.1000
2026-08-30 07:38:25 | Diag logvar_q_mean=0.0131 logvar_q_clamp=0.0000 logvar_p_mean=0.0131 logvar_p_clamp=0.0000 kappa_log10=4.9434
2026-08-30 07:38:29 | Epoch 194/400 | Train Loss 2.3013 Acc 0.1123 | Val Loss 2.3008 Acc 0.1129 AUC 0.5000 Pre 0.0113 Rec 0.1000
2026-08-30 07:38:30 | Diag logvar_q_mean=0.0131 logvar_q_clamp=0.0000 logvar_p_mean=0.0131 logvar_p_clamp=0.0000 kappa_log10=4.9434
2026-08-30 07:38:34 | Epoch 195/400 | Train Loss 2.3013 Acc 0.1123 | Val Loss 2.3008 Acc 0.1129 AUC 0.5000 Pre 0.0113 Rec 0.1000
2026-08-30 07:38:34 | Diag logvar_q_mean=0.0131 logvar_q_clamp=0.0000 logvar_p_mean=0.0131 logvar_p_clamp=0.0000 kappa_log10=4.9434
2026-08-30 07:38:38 | Epoch 196/400 | Train Loss 2.3013 Acc 0.1123 | Val Loss 2.3008 Acc 0.1129 AUC 0.5000 Pre 0.0113 Rec 0.1000
2026-08-30 07:38:39 | Diag logvar_q_mean=0.0131 logvar_q_clamp=0.0000 logvar_p_mean=0.0131 logvar_p_clamp=0.0000 kappa_log10=4.9434
2026-08-30 07:38:43 | Epoch 197/400 | Train Loss 2.3013 Acc 0.1123 | Val Loss 2.3008 Acc 0.1129 AUC 0.5000 Pre 0.0113 Rec 0.1000
2026-08-30 07:38:43 | Diag logvar_q_mean=0.0131 logvar_q_clamp=0.0000 logvar_p_mean=0.0131 logvar_p_clamp=0.0000 kappa_log10=4.9434
2026-08-30 07:38:47 | Epoch 198/400 | Train Loss 2.3013 Acc 0.1123 | Val Loss 2.3008 Acc 0.1129 AUC 0.5000 Pre 0.0113 Rec 0.1000
2026-08-30 07:38:48 | Diag logvar_q_mean=0.0131 logvar_q_clamp=0.0000 logvar_p_mean=0.0131 logvar_p_clamp=0.0000 kappa_log10=4.9434
2026-08-30 07:38:52 | Epoch 199/400 | Train Loss 2.3013 Acc 0.1123 | Val Loss 2.3008 Acc 0.1129 AUC 0.5000 Pre 0.0113 Rec 0.1000
2026-08-30 07:38:53 | Diag logvar_q_mean=0.0131 logvar_q_clamp=0.0000 logvar_p_mean=0.0131 logvar_p_clamp=0.0000 kappa_log10=4.9434
2026-08-30 07:38:57 | Epoch 200/400 | Train Loss 2.3013 Acc 0.1123 | Val Loss 2.3008 Acc 0.1129 AUC 0.5000 Pre 0.0113 Rec 0.1000
2026-08-30 07:38:57 | Diag logvar_q_mean=0.0131 logvar_q_clamp=0.0000 logvar_p_mean=0.0131 logvar_p_clamp=0.0000 kappa_log10=4.9434
2026-08-30 07:39:01 | Epoch 201/400 | Train Loss 2.3013 Acc 0.1123 | Val Loss 2.3007 Acc 0.1129 AUC 0.5000 Pre 0.0113 Rec 0.1000
2026-08-30 07:39:02 | Diag logvar_q_mean=0.0131 logvar_q_clamp=0.0000 logvar_p_mean=0.0131 logvar_p_clamp=0.0000 kappa_log10=4.9434
2026-08-30 07:39:06 | Epoch 202/400 | Train Loss 2.3013 Acc 0.1123 | Val Loss 2.3008 Acc 0.1129 AUC 0.5000 Pre 0.0113 Rec 0.1000
2026-08-30 07:39:06 | Diag logvar_q_mean=0.0131 logvar_q_clamp=0.0000 logvar_p_mean=0.0131 logvar_p_clamp=0.0000 kappa_log10=4.9434
2026-08-30 07:39:10 | Epoch 203/400 | Train Loss 2.3013 Acc 0.1123 | Val Loss 2.3008 Acc 0.1129 AUC 0.5000 Pre 0.0113 Rec 0.1000
2026-08-30 07:39:11 | Diag logvar_q_mean=0.0131 logvar_q_clamp=0.0000 logvar_p_mean=0.0131 logvar_p_clamp=0.0000 kappa_log10=4.9434
2026-08-30 07:39:15 | Epoch 204/400 | Train Loss 2.3013 Acc 0.1123 | Val Loss 2.3008 Acc 0.1129 AUC 0.5000 Pre 0.0113 Rec 0.1000
2026-08-30 07:39:15 | Diag logvar_q_mean=0.0131 logvar_q_clamp=0.0000 logvar_p_mean=0.0131 logvar_p_clamp=0.0000 kappa_log10=4.9434
2026-08-30 07:39:19 | Epoch 205/400 | Train Loss 2.3013 Acc 0.1123 | Val Loss 2.3008 Acc 0.1129 AUC 0.5000 Pre 0.0113 Rec 0.1000
2026-08-30 07:39:20 | Diag logvar_q_mean=0.0131 logvar_q_clamp=0.0000 logvar_p_mean=0.0131 logvar_p_clamp=0.0000 kappa_log10=4.9434
2026-08-30 07:39:24 | Epoch 206/400 | Train Loss 2.3013 Acc 0.1123 | Val Loss 2.3008 Acc 0.1129 AUC 0.5000 Pre 0.0113 Rec 0.1000
2026-08-30 07:39:25 | Diag logvar_q_mean=0.0131 logvar_q_clamp=0.0000 logvar_p_mean=0.0131 logvar_p_clamp=0.0000 kappa_log10=4.9434
2026-08-30 07:39:29 | Epoch 207/400 | Train Loss 2.3013 Acc 0.1123 | Val Loss 2.3008 Acc 0.1129 AUC 0.5000 Pre 0.0113 Rec 0.1000
2026-08-30 07:39:29 | Diag logvar_q_mean=0.0131 logvar_q_clamp=0.0000 logvar_p_mean=0.0131 logvar_p_clamp=0.0000 kappa_log10=3.5139
2026-08-30 07:39:33 | Epoch 208/400 | Train Loss 2.3013 Acc 0.1123 | Val Loss 2.3007 Acc 0.1129 AUC 0.5000 Pre 0.0113 Rec 0.1000
2026-08-30 07:39:34 | Diag logvar_q_mean=0.0131 logvar_q_clamp=0.0000 logvar_p_mean=0.0131 logvar_p_clamp=0.0000 kappa_log10=3.4936
2026-08-30 07:39:38 | Epoch 209/400 | Train Loss 2.3013 Acc 0.1123 | Val Loss 2.3008 Acc 0.1129 AUC 0.5000 Pre 0.0113 Rec 0.1000
2026-08-30 07:39:39 | Diag logvar_q_mean=0.0131 logvar_q_clamp=0.0000 logvar_p_mean=0.0131 logvar_p_clamp=0.0000 kappa_log10=3.4936
2026-08-30 07:39:43 | Epoch 210/400 | Train Loss 2.3013 Acc 0.1123 | Val Loss 2.3008 Acc 0.1129 AUC 0.5000 Pre 0.0113 Rec 0.1000
2026-08-30 07:39:43 | Diag logvar_q_mean=0.0131 logvar_q_clamp=0.0000 logvar_p_mean=0.0131 logvar_p_clamp=0.0000 kappa_log10=3.4936
2026-08-30 07:39:47 | Epoch 211/400 | Train Loss 2.3013 Acc 0.1123 | Val Loss 2.3007 Acc 0.1129 AUC 0.5000 Pre 0.0113 Rec 0.1000
2026-08-30 07:39:48 | Diag logvar_q_mean=0.0131 logvar_q_clamp=0.0000 logvar_p_mean=0.0132 logvar_p_clamp=0.0000 kappa_log10=3.4936
2026-08-30 07:39:52 | Epoch 212/400 | Train Loss 2.3013 Acc 0.1123 | Val Loss 2.3008 Acc 0.1129 AUC 0.5000 Pre 0.0113 Rec 0.1000
2026-08-30 07:39:53 | Diag logvar_q_mean=0.0131 logvar_q_clamp=0.0000 logvar_p_mean=0.0132 logvar_p_clamp=0.0000 kappa_log10=3.4936
2026-08-30 07:39:57 | Epoch 213/400 | Train Loss 2.3013 Acc 0.1123 | Val Loss 2.3008 Acc 0.1129 AUC 0.5000 Pre 0.0113 Rec 0.1000
2026-08-30 07:39:57 | Diag logvar_q_mean=0.0132 logvar_q_clamp=0.0000 logvar_p_mean=0.0132 logvar_p_clamp=0.0000 kappa_log10=3.4936
2026-08-30 07:40:01 | Epoch 214/400 | Train Loss 2.3013 Acc 0.1123 | Val Loss 2.3008 Acc 0.1129 AUC 0.5000 Pre 0.0113 Rec 0.1000
2026-08-30 07:40:02 | Diag logvar_q_mean=0.0132 logvar_q_clamp=0.0000 logvar_p_mean=0.0132 logvar_p_clamp=0.0000 kappa_log10=3.4936
2026-08-30 07:40:06 | Epoch 215/400 | Train Loss 2.3013 Acc 0.1123 | Val Loss 2.3008 Acc 0.1129 AUC 0.5000 Pre 0.0113 Rec 0.1000
2026-08-30 07:40:06 | Diag logvar_q_mean=0.0132 logvar_q_clamp=0.0000 logvar_p_mean=0.0132 logvar_p_clamp=0.0000 kappa_log10=3.4936
2026-08-30 07:40:10 | Epoch 216/400 | Train Loss 2.3013 Acc 0.1123 | Val Loss 2.3008 Acc 0.1129 AUC 0.5000 Pre 0.0113 Rec 0.1000
2026-08-30 07:40:11 | Diag logvar_q_mean=0.0132 logvar_q_clamp=0.0000 logvar_p_mean=0.0132 logvar_p_clamp=0.0000 kappa_log10=3.4936
2026-08-30 07:40:15 | Epoch 217/400 | Train Loss 2.3013 Acc 0.1123 | Val Loss 2.3008 Acc 0.1129 AUC 0.5000 Pre 0.0113 Rec 0.1000
2026-08-30 07:40:16 | Diag logvar_q_mean=0.0132 logvar_q_clamp=0.0000 logvar_p_mean=0.0132 logvar_p_clamp=0.0000 kappa_log10=3.4936
2026-08-30 07:40:20 | Epoch 218/400 | Train Loss 2.3013 Acc 0.1123 | Val Loss 2.3008 Acc 0.1129 AUC 0.5000 Pre 0.0113 Rec 0.1000
2026-08-30 07:40:20 | Diag logvar_q_mean=0.0132 logvar_q_clamp=0.0000 logvar_p_mean=0.0132 logvar_p_clamp=0.0000 kappa_log10=3.4936
2026-08-30 07:40:24 | Epoch 219/400 | Train Loss 2.3013 Acc 0.1123 | Val Loss 2.3007 Acc 0.1129 AUC 0.5000 Pre 0.0113 Rec 0.1000
2026-08-30 07:40:25 | Diag logvar_q_mean=0.0132 logvar_q_clamp=0.0000 logvar_p_mean=0.0132 logvar_p_clamp=0.0000 kappa_log10=3.4936
2026-08-30 07:40:29 | Epoch 220/400 | Train Loss 2.3013 Acc 0.1123 | Val Loss 2.3008 Acc 0.1129 AUC 0.5000 Pre 0.0113 Rec 0.1000
2026-08-30 07:40:29 | Diag logvar_q_mean=0.0132 logvar_q_clamp=0.0000 logvar_p_mean=0.0132 logvar_p_clamp=0.0000 kappa_log10=3.4936
2026-08-30 07:40:33 | Epoch 221/400 | Train Loss 2.3013 Acc 0.1123 | Val Loss 2.3008 Acc 0.1129 AUC 0.5000 Pre 0.0113 Rec 0.1000
2026-08-30 07:40:34 | Diag logvar_q_mean=0.0132 logvar_q_clamp=0.0000 logvar_p_mean=0.0132 logvar_p_clamp=0.0000 kappa_log10=3.4936
2026-08-30 07:40:38 | Epoch 222/400 | Train Loss 2.3013 Acc 0.1123 | Val Loss 2.3008 Acc 0.1129 AUC 0.5000 Pre 0.0113 Rec 0.1000
2026-08-30 07:40:38 | Diag logvar_q_mean=0.0132 logvar_q_clamp=0.0000 logvar_p_mean=0.0132 logvar_p_clamp=0.0000 kappa_log10=3.4936
2026-08-30 07:40:42 | Epoch 223/400 | Train Loss 2.3013 Acc 0.1123 | Val Loss 2.3008 Acc 0.1129 AUC 0.5000 Pre 0.0113 Rec 0.1000
2026-08-30 07:40:43 | Diag logvar_q_mean=0.0132 logvar_q_clamp=0.0000 logvar_p_mean=0.0132 logvar_p_clamp=0.0000 kappa_log10=3.4936
2026-08-30 07:40:47 | Epoch 224/400 | Train Loss 2.3013 Acc 0.1123 | Val Loss 2.3008 Acc 0.1129 AUC 0.5000 Pre 0.0113 Rec 0.1000
2026-08-30 07:40:48 | Diag logvar_q_mean=0.0132 logvar_q_clamp=0.0000 logvar_p_mean=0.0132 logvar_p_clamp=0.0000 kappa_log10=3.4936
2026-08-30 07:40:52 | Epoch 225/400 | Train Loss 2.3013 Acc 0.1123 | Val Loss 2.3008 Acc 0.1129 AUC 0.5000 Pre 0.0113 Rec 0.1000
2026-08-30 07:40:52 | Diag logvar_q_mean=0.0132 logvar_q_clamp=0.0000 logvar_p_mean=0.0132 logvar_p_clamp=0.0000 kappa_log10=3.4936
2026-08-30 07:40:56 | Epoch 226/400 | Train Loss 2.3013 Acc 0.1123 | Val Loss 2.3007 Acc 0.1129 AUC 0.5000 Pre 0.0113 Rec 0.1000
2026-08-30 07:40:57 | Diag logvar_q_mean=0.0132 logvar_q_clamp=0.0000 logvar_p_mean=0.0132 logvar_p_clamp=0.0000 kappa_log10=3.4936
2026-08-30 07:41:01 | Epoch 227/400 | Train Loss 2.3013 Acc 0.1123 | Val Loss 2.3008 Acc 0.1129 AUC 0.5000 Pre 0.0113 Rec 0.1000
2026-08-30 07:41:01 | Diag logvar_q_mean=0.0132 logvar_q_clamp=0.0000 logvar_p_mean=0.0132 logvar_p_clamp=0.0000 kappa_log10=3.4936
2026-08-30 07:41:05 | Epoch 228/400 | Train Loss 2.3013 Acc 0.1123 | Val Loss 2.3008 Acc 0.1129 AUC 0.5000 Pre 0.0113 Rec 0.1000
2026-08-30 07:41:06 | Diag logvar_q_mean=0.0132 logvar_q_clamp=0.0000 logvar_p_mean=0.0132 logvar_p_clamp=0.0000 kappa_log10=3.4936
2026-08-30 07:41:10 | Epoch 229/400 | Train Loss 2.3013 Acc 0.1123 | Val Loss 2.3008 Acc 0.1129 AUC 0.5000 Pre 0.0113 Rec 0.1000
2026-08-30 07:41:11 | Diag logvar_q_mean=0.0132 logvar_q_clamp=0.0000 logvar_p_mean=0.0132 logvar_p_clamp=0.0000 kappa_log10=3.4936
2026-08-30 07:41:15 | Epoch 230/400 | Train Loss 2.3013 Acc 0.1123 | Val Loss 2.3008 Acc 0.1129 AUC 0.5000 Pre 0.0113 Rec 0.1000
2026-08-30 07:41:15 | Diag logvar_q_mean=0.0132 logvar_q_clamp=0.0000 logvar_p_mean=0.0132 logvar_p_clamp=0.0000 kappa_log10=3.4936
2026-08-30 07:41:19 | Epoch 231/400 | Train Loss 2.3013 Acc 0.1123 | Val Loss 2.3008 Acc 0.1129 AUC 0.5000 Pre 0.0113 Rec 0.1000
2026-08-30 07:41:20 | Diag logvar_q_mean=0.0132 logvar_q_clamp=0.0000 logvar_p_mean=0.0132 logvar_p_clamp=0.0000 kappa_log10=3.4936
2026-08-30 07:41:24 | Epoch 232/400 | Train Loss 2.3013 Acc 0.1123 | Val Loss 2.3008 Acc 0.1129 AUC 0.5000 Pre 0.0113 Rec 0.1000
2026-08-30 07:41:25 | Diag logvar_q_mean=0.0132 logvar_q_clamp=0.0000 logvar_p_mean=0.0132 logvar_p_clamp=0.0000 kappa_log10=3.4936
2026-08-30 07:41:29 | Epoch 233/400 | Train Loss 2.3013 Acc 0.1123 | Val Loss 2.3008 Acc 0.1129 AUC 0.5000 Pre 0.0113 Rec 0.1000
2026-08-30 07:41:29 | Diag logvar_q_mean=0.0132 logvar_q_clamp=0.0000 logvar_p_mean=0.0132 logvar_p_clamp=0.0000 kappa_log10=3.4936
2026-08-30 07:41:33 | Epoch 234/400 | Train Loss 2.3013 Acc 0.1123 | Val Loss 2.3007 Acc 0.1129 AUC 0.5000 Pre 0.0113 Rec 0.1000
2026-08-30 07:41:34 | Diag logvar_q_mean=0.0133 logvar_q_clamp=0.0000 logvar_p_mean=0.0132 logvar_p_clamp=0.0000 kappa_log10=3.4936
2026-08-30 07:41:38 | Epoch 235/400 | Train Loss 2.3013 Acc 0.1123 | Val Loss 2.3008 Acc 0.1129 AUC 0.5000 Pre 0.0113 Rec 0.1000
2026-08-30 07:41:38 | Diag logvar_q_mean=0.0133 logvar_q_clamp=0.0000 logvar_p_mean=0.0133 logvar_p_clamp=0.0000 kappa_log10=3.4936
2026-08-30 07:41:42 | Epoch 236/400 | Train Loss 2.3013 Acc 0.1123 | Val Loss 2.3008 Acc 0.1129 AUC 0.5000 Pre 0.0113 Rec 0.1000
2026-08-30 07:41:43 | Diag logvar_q_mean=0.0133 logvar_q_clamp=0.0000 logvar_p_mean=0.0133 logvar_p_clamp=0.0000 kappa_log10=3.4936
2026-08-30 07:41:47 | Epoch 237/400 | Train Loss 2.3013 Acc 0.1123 | Val Loss 2.3008 Acc 0.1129 AUC 0.5000 Pre 0.0113 Rec 0.1000
2026-08-30 07:41:48 | Diag logvar_q_mean=0.0133 logvar_q_clamp=0.0000 logvar_p_mean=0.0133 logvar_p_clamp=0.0000 kappa_log10=3.4936
2026-08-30 07:41:52 | Epoch 238/400 | Train Loss 2.3013 Acc 0.1123 | Val Loss 2.3007 Acc 0.1129 AUC 0.5000 Pre 0.0113 Rec 0.1000
2026-08-30 07:41:52 | Diag logvar_q_mean=0.0133 logvar_q_clamp=0.0000 logvar_p_mean=0.0133 logvar_p_clamp=0.0000 kappa_log10=3.4936
2026-08-30 07:41:56 | Epoch 239/400 | Train Loss 2.3013 Acc 0.1123 | Val Loss 2.3007 Acc 0.1129 AUC 0.5000 Pre 0.0113 Rec 0.1000
2026-08-30 07:41:57 | Diag logvar_q_mean=0.0133 logvar_q_clamp=0.0000 logvar_p_mean=0.0133 logvar_p_clamp=0.0000 kappa_log10=3.4936
2026-08-30 07:42:01 | Epoch 240/400 | Train Loss 2.3013 Acc 0.1123 | Val Loss 2.3008 Acc 0.1129 AUC 0.5000 Pre 0.0113 Rec 0.1000
2026-08-30 07:42:01 | Diag logvar_q_mean=0.0133 logvar_q_clamp=0.0000 logvar_p_mean=0.0133 logvar_p_clamp=0.0000 kappa_log10=3.4936
2026-08-30 07:42:05 | Epoch 241/400 | Train Loss 2.3013 Acc 0.1123 | Val Loss 2.3008 Acc 0.1129 AUC 0.5000 Pre 0.0113 Rec 0.1000
2026-08-30 07:42:06 | Diag logvar_q_mean=0.0133 logvar_q_clamp=0.0000 logvar_p_mean=0.0133 logvar_p_clamp=0.0000 kappa_log10=3.4936
2026-08-30 07:42:10 | Epoch 242/400 | Train Loss 2.3013 Acc 0.1123 | Val Loss 2.3008 Acc 0.1129 AUC 0.5000 Pre 0.0113 Rec 0.1000
2026-08-30 07:42:11 | Diag logvar_q_mean=0.0133 logvar_q_clamp=0.0000 logvar_p_mean=0.0133 logvar_p_clamp=0.0000 kappa_log10=3.4936
2026-08-30 07:42:15 | Epoch 243/400 | Train Loss 2.3013 Acc 0.1123 | Val Loss 2.3008 Acc 0.1129 AUC 0.5000 Pre 0.0113 Rec 0.1000
2026-08-30 07:42:15 | Diag logvar_q_mean=0.0133 logvar_q_clamp=0.0000 logvar_p_mean=0.0133 logvar_p_clamp=0.0000 kappa_log10=3.4936
2026-08-30 07:42:19 | Epoch 244/400 | Train Loss 2.3013 Acc 0.1123 | Val Loss 2.3007 Acc 0.1129 AUC 0.5000 Pre 0.0113 Rec 0.1000
2026-08-30 07:42:20 | Diag logvar_q_mean=0.0133 logvar_q_clamp=0.0000 logvar_p_mean=0.0133 logvar_p_clamp=0.0000 kappa_log10=3.4936
2026-08-30 07:42:24 | Epoch 245/400 | Train Loss 2.3013 Acc 0.1123 | Val Loss 2.3008 Acc 0.1129 AUC 0.5000 Pre 0.0113 Rec 0.1000
2026-08-30 07:42:24 | Diag logvar_q_mean=0.0133 logvar_q_clamp=0.0000 logvar_p_mean=0.0133 logvar_p_clamp=0.0000 kappa_log10=3.4936
2026-08-30 07:42:28 | Epoch 246/400 | Train Loss 2.3013 Acc 0.1123 | Val Loss 2.3008 Acc 0.1129 AUC 0.5000 Pre 0.0113 Rec 0.1000
2026-08-30 07:42:29 | Diag logvar_q_mean=0.0133 logvar_q_clamp=0.0000 logvar_p_mean=0.0133 logvar_p_clamp=0.0000 kappa_log10=3.4936
2026-08-30 07:42:33 | Epoch 247/400 | Train Loss 2.3013 Acc 0.1123 | Val Loss 2.3008 Acc 0.1129 AUC 0.5000 Pre 0.0113 Rec 0.1000
2026-08-30 07:42:34 | Diag logvar_q_mean=0.0133 logvar_q_clamp=0.0000 logvar_p_mean=0.0133 logvar_p_clamp=0.0000 kappa_log10=3.4936
2026-08-30 07:42:38 | Epoch 248/400 | Train Loss 2.3013 Acc 0.1123 | Val Loss 2.3008 Acc 0.1129 AUC 0.5000 Pre 0.0113 Rec 0.1000
2026-08-30 07:42:38 | Diag logvar_q_mean=0.0133 logvar_q_clamp=0.0000 logvar_p_mean=0.0133 logvar_p_clamp=0.0000 kappa_log10=3.4936
2026-08-30 07:42:42 | Epoch 249/400 | Train Loss 2.3013 Acc 0.1123 | Val Loss 2.3008 Acc 0.1129 AUC 0.5000 Pre 0.0113 Rec 0.1000
2026-08-30 07:42:43 | Diag logvar_q_mean=0.0133 logvar_q_clamp=0.0000 logvar_p_mean=0.0133 logvar_p_clamp=0.0000 kappa_log10=3.4936
2026-08-30 07:42:47 | Epoch 250/400 | Train Loss 2.3013 Acc 0.1123 | Val Loss 2.3007 Acc 0.1129 AUC 0.5000 Pre 0.0113 Rec 0.1000
2026-08-30 07:42:47 | Diag logvar_q_mean=0.0133 logvar_q_clamp=0.0000 logvar_p_mean=0.0133 logvar_p_clamp=0.0000 kappa_log10=3.4936
2026-08-30 07:42:51 | Epoch 251/400 | Train Loss 2.3013 Acc 0.1123 | Val Loss 2.3007 Acc 0.1129 AUC 0.5000 Pre 0.0113 Rec 0.1000
2026-08-30 07:42:52 | Diag logvar_q_mean=0.0133 logvar_q_clamp=0.0000 logvar_p_mean=0.0133 logvar_p_clamp=0.0000 kappa_log10=3.4936
2026-08-30 07:42:56 | Epoch 252/400 | Train Loss 2.3013 Acc 0.1123 | Val Loss 2.3008 Acc 0.1129 AUC 0.5000 Pre 0.0113 Rec 0.1000
2026-08-30 07:42:57 | Diag logvar_q_mean=0.0133 logvar_q_clamp=0.0000 logvar_p_mean=0.0133 logvar_p_clamp=0.0000 kappa_log10=3.4936
2026-08-30 07:43:01 | Epoch 253/400 | Train Loss 2.3013 Acc 0.1123 | Val Loss 2.3008 Acc 0.1129 AUC 0.5000 Pre 0.0113 Rec 0.1000
2026-08-30 07:43:01 | Diag logvar_q_mean=0.0133 logvar_q_clamp=0.0000 logvar_p_mean=0.0133 logvar_p_clamp=0.0000 kappa_log10=3.4936
2026-08-30 07:43:05 | Epoch 254/400 | Train Loss 2.3013 Acc 0.1123 | Val Loss 2.3008 Acc 0.1129 AUC 0.5000 Pre 0.0113 Rec 0.1000
2026-08-30 07:43:06 | Diag logvar_q_mean=0.0133 logvar_q_clamp=0.0000 logvar_p_mean=0.0133 logvar_p_clamp=0.0000 kappa_log10=3.4936
2026-08-30 07:43:10 | Epoch 255/400 | Train Loss 2.3013 Acc 0.1123 | Val Loss 2.3008 Acc 0.1129 AUC 0.5000 Pre 0.0113 Rec 0.1000
2026-08-30 07:43:10 | Diag logvar_q_mean=0.0133 logvar_q_clamp=0.0000 logvar_p_mean=0.0133 logvar_p_clamp=0.0000 kappa_log10=3.4936
2026-08-30 07:43:14 | Epoch 256/400 | Train Loss 2.3013 Acc 0.1123 | Val Loss 2.3007 Acc 0.1129 AUC 0.5000 Pre 0.0113 Rec 0.1000
2026-08-30 07:43:15 | Diag logvar_q_mean=0.0133 logvar_q_clamp=0.0000 logvar_p_mean=0.0134 logvar_p_clamp=0.0000 kappa_log10=3.4936
2026-08-30 07:43:19 | Epoch 257/400 | Train Loss 2.3013 Acc 0.1123 | Val Loss 2.3008 Acc 0.1129 AUC 0.5000 Pre 0.0113 Rec 0.1000
2026-08-30 07:43:20 | Diag logvar_q_mean=0.0134 logvar_q_clamp=0.0000 logvar_p_mean=0.0134 logvar_p_clamp=0.0000 kappa_log10=3.4936
2026-08-30 07:43:24 | Epoch 258/400 | Train Loss 2.3013 Acc 0.1123 | Val Loss 2.3007 Acc 0.1129 AUC 0.5000 Pre 0.0113 Rec 0.1000
2026-08-30 07:43:24 | Diag logvar_q_mean=0.0134 logvar_q_clamp=0.0000 logvar_p_mean=0.0134 logvar_p_clamp=0.0000 kappa_log10=3.4936
2026-08-30 07:43:28 | Epoch 259/400 | Train Loss 2.3013 Acc 0.1123 | Val Loss 2.3007 Acc 0.1129 AUC 0.5000 Pre 0.0113 Rec 0.1000
2026-08-30 07:43:29 | Diag logvar_q_mean=0.0134 logvar_q_clamp=0.0000 logvar_p_mean=0.0134 logvar_p_clamp=0.0000 kappa_log10=3.4936
2026-08-30 07:43:33 | Epoch 260/400 | Train Loss 2.3013 Acc 0.1123 | Val Loss 2.3008 Acc 0.1129 AUC 0.5000 Pre 0.0113 Rec 0.1000
2026-08-30 07:43:34 | Diag logvar_q_mean=0.0134 logvar_q_clamp=0.0000 logvar_p_mean=0.0134 logvar_p_clamp=0.0000 kappa_log10=3.3555
2026-08-30 07:43:38 | Epoch 261/400 | Train Loss 2.3013 Acc 0.1123 | Val Loss 2.3008 Acc 0.1129 AUC 0.5000 Pre 0.0113 Rec 0.1000
2026-08-30 07:43:38 | Diag logvar_q_mean=0.0134 logvar_q_clamp=0.0000 logvar_p_mean=0.0134 logvar_p_clamp=0.0000 kappa_log10=3.2165
2026-08-30 07:43:42 | Epoch 262/400 | Train Loss 2.3015 Acc 0.1123 | Val Loss 2.3008 Acc 0.1129 AUC 0.5000 Pre 0.0113 Rec 0.1000
2026-08-30 07:43:43 | Diag logvar_q_mean=0.0135 logvar_q_clamp=0.0000 logvar_p_mean=0.0135 logvar_p_clamp=0.0000 kappa_log10=2.6719
2026-08-30 07:43:47 | Epoch 263/400 | Train Loss 2.3013 Acc 0.1123 | Val Loss 2.3008 Acc 0.1129 AUC 0.5000 Pre 0.0113 Rec 0.1000
2026-08-30 07:43:47 | Diag logvar_q_mean=0.0135 logvar_q_clamp=0.0000 logvar_p_mean=0.0135 logvar_p_clamp=0.0000 kappa_log10=2.6719
2026-08-30 07:43:51 | Epoch 264/400 | Train Loss 2.3013 Acc 0.1123 | Val Loss 2.3008 Acc 0.1129 AUC 0.5000 Pre 0.0113 Rec 0.1000
2026-08-30 07:43:52 | Diag logvar_q_mean=0.0135 logvar_q_clamp=0.0000 logvar_p_mean=0.0135 logvar_p_clamp=0.0000 kappa_log10=2.6719
2026-08-30 07:43:56 | Epoch 265/400 | Train Loss 2.3013 Acc 0.1123 | Val Loss 2.3008 Acc 0.1129 AUC 0.5000 Pre 0.0113 Rec 0.1000
2026-08-30 07:43:57 | Diag logvar_q_mean=0.0135 logvar_q_clamp=0.0000 logvar_p_mean=0.0135 logvar_p_clamp=0.0000 kappa_log10=2.6757
2026-08-30 07:44:01 | Epoch 266/400 | Train Loss 2.3013 Acc 0.1123 | Val Loss 2.3007 Acc 0.1129 AUC 0.5000 Pre 0.0113 Rec 0.1000
2026-08-30 07:44:01 | Diag logvar_q_mean=0.0135 logvar_q_clamp=0.0000 logvar_p_mean=0.0135 logvar_p_clamp=0.0000 kappa_log10=2.6392
2026-08-30 07:44:05 | Epoch 267/400 | Train Loss 2.3013 Acc 0.1123 | Val Loss 2.3008 Acc 0.1129 AUC 0.5000 Pre 0.0113 Rec 0.1000
2026-08-30 07:44:06 | Diag logvar_q_mean=0.0135 logvar_q_clamp=0.0000 logvar_p_mean=0.0135 logvar_p_clamp=0.0000 kappa_log10=2.6386
2026-08-30 07:44:10 | Epoch 268/400 | Train Loss 2.3013 Acc 0.1123 | Val Loss 2.3008 Acc 0.1129 AUC 0.5000 Pre 0.0113 Rec 0.1000
2026-08-30 07:44:10 | Diag logvar_q_mean=0.0135 logvar_q_clamp=0.0000 logvar_p_mean=0.0135 logvar_p_clamp=0.0000 kappa_log10=3.1522
2026-08-30 07:44:14 | Epoch 269/400 | Train Loss 2.3013 Acc 0.1123 | Val Loss 2.3008 Acc 0.1129 AUC 0.5000 Pre 0.0113 Rec 0.1000
2026-08-30 07:44:15 | Diag logvar_q_mean=0.0135 logvar_q_clamp=0.0000 logvar_p_mean=0.0135 logvar_p_clamp=0.0000 kappa_log10=3.1542
2026-08-30 07:44:19 | Epoch 270/400 | Train Loss 2.3013 Acc 0.1123 | Val Loss 2.3008 Acc 0.1129 AUC 0.5000 Pre 0.0113 Rec 0.1000
2026-08-30 07:44:19 | Diag logvar_q_mean=0.0135 logvar_q_clamp=0.0000 logvar_p_mean=0.0135 logvar_p_clamp=0.0000 kappa_log10=3.1147
2026-08-30 07:44:23 | Epoch 271/400 | Train Loss 2.3014 Acc 0.1123 | Val Loss 2.3008 Acc 0.1129 AUC 0.5000 Pre 0.0113 Rec 0.1000
2026-08-30 07:44:24 | Diag logvar_q_mean=0.0136 logvar_q_clamp=0.0000 logvar_p_mean=0.0136 logvar_p_clamp=0.0000 kappa_log10=4.5215
2026-08-30 07:44:28 | Epoch 272/400 | Train Loss 2.3013 Acc 0.1123 | Val Loss 2.3008 Acc 0.1129 AUC 0.5000 Pre 0.0113 Rec 0.1000
2026-08-30 07:44:29 | Diag logvar_q_mean=0.0136 logvar_q_clamp=0.0000 logvar_p_mean=0.0136 logvar_p_clamp=0.0000 kappa_log10=4.5160
2026-08-30 07:44:33 | Epoch 273/400 | Train Loss 2.3013 Acc 0.1123 | Val Loss 2.3008 Acc 0.1129 AUC 0.5000 Pre 0.0113 Rec 0.1000
2026-08-30 07:44:33 | Diag logvar_q_mean=0.0136 logvar_q_clamp=0.0000 logvar_p_mean=0.0136 logvar_p_clamp=0.0000 kappa_log10=4.4184
2026-08-30 07:44:37 | Epoch 274/400 | Train Loss 2.3013 Acc 0.1123 | Val Loss 2.3008 Acc 0.1129 AUC 0.5000 Pre 0.0113 Rec 0.1000
2026-08-30 07:44:38 | Diag logvar_q_mean=0.0136 logvar_q_clamp=0.0000 logvar_p_mean=0.0136 logvar_p_clamp=0.0000 kappa_log10=3.5781
2026-08-30 07:44:42 | Epoch 275/400 | Train Loss 2.3013 Acc 0.1123 | Val Loss 2.3008 Acc 0.1129 AUC 0.5000 Pre 0.0113 Rec 0.1000
2026-08-30 07:44:42 | Diag logvar_q_mean=0.0136 logvar_q_clamp=0.0000 logvar_p_mean=0.0136 logvar_p_clamp=0.0000 kappa_log10=7.3694
2026-08-30 07:44:46 | Epoch 276/400 | Train Loss 2.3013 Acc 0.1123 | Val Loss 2.3007 Acc 0.1129 AUC 0.5000 Pre 0.0113 Rec 0.1000
2026-08-30 07:44:47 | Diag logvar_q_mean=0.0136 logvar_q_clamp=0.0000 logvar_p_mean=0.0136 logvar_p_clamp=0.0000 kappa_log10=7.2786
2026-08-30 07:44:51 | Epoch 277/400 | Train Loss 2.3013 Acc 0.1123 | Val Loss 2.3008 Acc 0.1129 AUC 0.5000 Pre 0.0113 Rec 0.1000
2026-08-30 07:44:52 | Diag logvar_q_mean=0.0136 logvar_q_clamp=0.0000 logvar_p_mean=0.0136 logvar_p_clamp=0.0000 kappa_log10=7.2786
2026-08-30 07:44:56 | Epoch 278/400 | Train Loss 2.3013 Acc 0.1123 | Val Loss 2.3008 Acc 0.1129 AUC 0.5000 Pre 0.0113 Rec 0.1000
2026-08-30 07:44:56 | Diag logvar_q_mean=0.0136 logvar_q_clamp=0.0000 logvar_p_mean=0.0136 logvar_p_clamp=0.0000 kappa_log10=7.2786
2026-08-30 07:45:00 | Epoch 279/400 | Train Loss 2.3013 Acc 0.1123 | Val Loss 2.3008 Acc 0.1129 AUC 0.5000 Pre 0.0113 Rec 0.1000
2026-08-30 07:45:01 | Diag logvar_q_mean=0.0136 logvar_q_clamp=0.0000 logvar_p_mean=0.0136 logvar_p_clamp=0.0000 kappa_log10=7.2786
2026-08-30 07:45:05 | Epoch 280/400 | Train Loss 2.3013 Acc 0.1123 | Val Loss 2.3008 Acc 0.1129 AUC 0.5000 Pre 0.0113 Rec 0.1000
2026-08-30 07:45:06 | Diag logvar_q_mean=0.0136 logvar_q_clamp=0.0000 logvar_p_mean=0.0136 logvar_p_clamp=0.0000 kappa_log10=7.2786
2026-08-30 07:45:10 | Epoch 281/400 | Train Loss 2.3013 Acc 0.1123 | Val Loss 2.3008 Acc 0.1129 AUC 0.5000 Pre 0.0113 Rec 0.1000
2026-08-30 07:45:10 | Diag logvar_q_mean=0.0136 logvar_q_clamp=0.0000 logvar_p_mean=0.0136 logvar_p_clamp=0.0000 kappa_log10=7.2786
2026-08-30 07:45:14 | Epoch 282/400 | Train Loss 2.3013 Acc 0.1123 | Val Loss 2.3008 Acc 0.1129 AUC 0.5000 Pre 0.0113 Rec 0.1000
2026-08-30 07:45:15 | Diag logvar_q_mean=0.0136 logvar_q_clamp=0.0000 logvar_p_mean=0.0136 logvar_p_clamp=0.0000 kappa_log10=7.2786
2026-08-30 07:45:19 | Epoch 283/400 | Train Loss 2.3013 Acc 0.1123 | Val Loss 2.3007 Acc 0.1129 AUC 0.5000 Pre 0.0113 Rec 0.1000
2026-08-30 07:45:20 | Diag logvar_q_mean=0.0136 logvar_q_clamp=0.0000 logvar_p_mean=0.0136 logvar_p_clamp=0.0000 kappa_log10=7.2786
2026-08-30 07:45:24 | Epoch 284/400 | Train Loss 2.3013 Acc 0.1123 | Val Loss 2.3008 Acc 0.1129 AUC 0.5000 Pre 0.0113 Rec 0.1000
2026-08-30 07:45:24 | Diag logvar_q_mean=0.0136 logvar_q_clamp=0.0000 logvar_p_mean=0.0136 logvar_p_clamp=0.0000 kappa_log10=7.2786
2026-08-30 07:45:28 | Epoch 285/400 | Train Loss 2.3013 Acc 0.1123 | Val Loss 2.3008 Acc 0.1129 AUC 0.5000 Pre 0.0113 Rec 0.1000
2026-08-30 07:45:29 | Diag logvar_q_mean=0.0136 logvar_q_clamp=0.0000 logvar_p_mean=0.0136 logvar_p_clamp=0.0000 kappa_log10=7.2786
2026-08-30 07:45:33 | Epoch 286/400 | Train Loss 2.3013 Acc 0.1123 | Val Loss 2.3008 Acc 0.1129 AUC 0.5000 Pre 0.0113 Rec 0.1000
2026-08-30 07:45:34 | Diag logvar_q_mean=0.0136 logvar_q_clamp=0.0000 logvar_p_mean=0.0136 logvar_p_clamp=0.0000 kappa_log10=7.2786
2026-08-30 07:45:37 | Epoch 287/400 | Train Loss 2.3013 Acc 0.1123 | Val Loss 2.3008 Acc 0.1129 AUC 0.5000 Pre 0.0113 Rec 0.1000
2026-08-30 07:45:38 | Diag logvar_q_mean=0.0136 logvar_q_clamp=0.0000 logvar_p_mean=0.0136 logvar_p_clamp=0.0000 kappa_log10=7.2786
2026-08-30 07:45:42 | Epoch 288/400 | Train Loss 2.3013 Acc 0.1123 | Val Loss 2.3008 Acc 0.1129 AUC 0.5000 Pre 0.0113 Rec 0.1000
2026-08-30 07:45:43 | Diag logvar_q_mean=0.0136 logvar_q_clamp=0.0000 logvar_p_mean=0.0136 logvar_p_clamp=0.0000 kappa_log10=7.2786
2026-08-30 07:45:47 | Epoch 289/400 | Train Loss 2.3013 Acc 0.1123 | Val Loss 2.3008 Acc 0.1129 AUC 0.5000 Pre 0.0113 Rec 0.1000
2026-08-30 07:45:47 | Diag logvar_q_mean=0.0136 logvar_q_clamp=0.0000 logvar_p_mean=0.0136 logvar_p_clamp=0.0000 kappa_log10=7.2786
2026-08-30 07:45:51 | Epoch 290/400 | Train Loss 2.3013 Acc 0.1123 | Val Loss 2.3008 Acc 0.1129 AUC 0.5000 Pre 0.0113 Rec 0.1000
2026-08-30 07:45:52 | Diag logvar_q_mean=0.0136 logvar_q_clamp=0.0000 logvar_p_mean=0.0137 logvar_p_clamp=0.0000 kappa_log10=7.2786
2026-08-30 07:45:56 | Epoch 291/400 | Train Loss 2.3013 Acc 0.1123 | Val Loss 2.3008 Acc 0.1129 AUC 0.5000 Pre 0.0113 Rec 0.1000
2026-08-30 07:45:56 | Diag logvar_q_mean=0.0136 logvar_q_clamp=0.0000 logvar_p_mean=0.0136 logvar_p_clamp=0.0000 kappa_log10=7.2786
2026-08-30 07:46:00 | Epoch 292/400 | Train Loss 2.3013 Acc 0.1123 | Val Loss 2.3008 Acc 0.1129 AUC 0.5000 Pre 0.0113 Rec 0.1000
2026-08-30 07:46:01 | Diag logvar_q_mean=0.0136 logvar_q_clamp=0.0000 logvar_p_mean=0.0137 logvar_p_clamp=0.0000 kappa_log10=7.2786
2026-08-30 07:46:05 | Epoch 293/400 | Train Loss 2.3013 Acc 0.1123 | Val Loss 2.3008 Acc 0.1129 AUC 0.5000 Pre 0.0113 Rec 0.1000
2026-08-30 07:46:06 | Diag logvar_q_mean=0.0137 logvar_q_clamp=0.0000 logvar_p_mean=0.0137 logvar_p_clamp=0.0000 kappa_log10=3.8363
2026-08-30 07:46:10 | Epoch 294/400 | Train Loss 2.3013 Acc 0.1123 | Val Loss 2.3007 Acc 0.1129 AUC 0.5000 Pre 0.0113 Rec 0.1000
2026-08-30 07:46:10 | Diag logvar_q_mean=0.0137 logvar_q_clamp=0.0000 logvar_p_mean=0.0137 logvar_p_clamp=0.0000 kappa_log10=3.8362
2026-08-30 07:46:14 | Epoch 295/400 | Train Loss 2.3013 Acc 0.1123 | Val Loss 2.3008 Acc 0.1129 AUC 0.5000 Pre 0.0113 Rec 0.1000
2026-08-30 07:46:15 | Diag logvar_q_mean=0.0137 logvar_q_clamp=0.0000 logvar_p_mean=0.0137 logvar_p_clamp=0.0000 kappa_log10=3.8362
2026-08-30 07:46:19 | Epoch 296/400 | Train Loss 2.3013 Acc 0.1123 | Val Loss 2.3007 Acc 0.1129 AUC 0.5000 Pre 0.0113 Rec 0.1000
2026-08-30 07:46:19 | Diag logvar_q_mean=0.0137 logvar_q_clamp=0.0000 logvar_p_mean=0.0137 logvar_p_clamp=0.0000 kappa_log10=3.8362
2026-08-30 07:46:23 | Epoch 297/400 | Train Loss 2.3015 Acc 0.1123 | Val Loss 2.3008 Acc 0.1129 AUC 0.5000 Pre 0.0113 Rec 0.1000
2026-08-30 07:46:24 | Diag logvar_q_mean=0.0138 logvar_q_clamp=0.0000 logvar_p_mean=0.0138 logvar_p_clamp=0.0000 kappa_log10=3.4817
2026-08-30 07:46:28 | Epoch 298/400 | Train Loss 2.3014 Acc 0.1123 | Val Loss 2.3007 Acc 0.1129 AUC 0.5000 Pre 0.0113 Rec 0.1000
2026-08-30 07:46:29 | Diag logvar_q_mean=0.0138 logvar_q_clamp=0.0000 logvar_p_mean=0.0139 logvar_p_clamp=0.0000 kappa_log10=2.9578
2026-08-30 07:46:33 | Epoch 299/400 | Train Loss 2.3013 Acc 0.1123 | Val Loss 2.3008 Acc 0.1129 AUC 0.5000 Pre 0.0113 Rec 0.1000
2026-08-30 07:46:33 | Diag logvar_q_mean=0.0139 logvar_q_clamp=0.0000 logvar_p_mean=0.0139 logvar_p_clamp=0.0000 kappa_log10=3.0046
2026-08-30 07:46:37 | Epoch 300/400 | Train Loss 2.3013 Acc 0.1123 | Val Loss 2.3007 Acc 0.1129 AUC 0.5000 Pre 0.0113 Rec 0.1000
2026-08-30 07:46:38 | Diag logvar_q_mean=0.0139 logvar_q_clamp=0.0000 logvar_p_mean=0.0139 logvar_p_clamp=0.0000 kappa_log10=3.0046
2026-08-30 07:46:42 | Epoch 301/400 | Train Loss 2.3013 Acc 0.1123 | Val Loss 2.3008 Acc 0.1129 AUC 0.5000 Pre 0.0113 Rec 0.1000
2026-08-30 07:46:42 | Diag logvar_q_mean=0.0139 logvar_q_clamp=0.0000 logvar_p_mean=0.0139 logvar_p_clamp=0.0000 kappa_log10=3.0046
2026-08-30 07:46:46 | Epoch 302/400 | Train Loss 2.3013 Acc 0.1123 | Val Loss 2.3008 Acc 0.1129 AUC 0.5000 Pre 0.0113 Rec 0.1000
2026-08-30 07:46:47 | Diag logvar_q_mean=0.0139 logvar_q_clamp=0.0000 logvar_p_mean=0.0139 logvar_p_clamp=0.0000 kappa_log10=3.0046
2026-08-30 07:46:51 | Epoch 303/400 | Train Loss 2.3013 Acc 0.1123 | Val Loss 2.3007 Acc 0.1129 AUC 0.5000 Pre 0.0113 Rec 0.1000
2026-08-30 07:46:52 | Diag logvar_q_mean=0.0139 logvar_q_clamp=0.0000 logvar_p_mean=0.0139 logvar_p_clamp=0.0000 kappa_log10=3.7179
2026-08-30 07:46:56 | Epoch 304/400 | Train Loss 2.3013 Acc 0.1123 | Val Loss 2.3007 Acc 0.1129 AUC 0.5000 Pre 0.0113 Rec 0.1000
2026-08-30 07:46:56 | Diag logvar_q_mean=0.0139 logvar_q_clamp=0.0000 logvar_p_mean=0.0139 logvar_p_clamp=0.0000 kappa_log10=3.7052
2026-08-30 07:47:00 | Epoch 305/400 | Train Loss 2.3013 Acc 0.1123 | Val Loss 2.3007 Acc 0.1129 AUC 0.5000 Pre 0.0113 Rec 0.1000
2026-08-30 07:47:01 | Diag logvar_q_mean=0.0139 logvar_q_clamp=0.0000 logvar_p_mean=0.0139 logvar_p_clamp=0.0000 kappa_log10=3.7052
2026-08-30 07:47:05 | Epoch 306/400 | Train Loss 2.3013 Acc 0.1123 | Val Loss 2.3008 Acc 0.1129 AUC 0.5000 Pre 0.0113 Rec 0.1000
2026-08-30 07:47:06 | Diag logvar_q_mean=0.0139 logvar_q_clamp=0.0000 logvar_p_mean=0.0139 logvar_p_clamp=0.0000 kappa_log10=2.6359
2026-08-30 07:47:10 | Epoch 307/400 | Train Loss 2.3013 Acc 0.1123 | Val Loss 2.3008 Acc 0.1129 AUC 0.5000 Pre 0.0113 Rec 0.1000
2026-08-30 07:47:10 | Diag logvar_q_mean=0.0139 logvar_q_clamp=0.0000 logvar_p_mean=0.0139 logvar_p_clamp=0.0000 kappa_log10=2.6318
2026-08-30 07:47:14 | Epoch 308/400 | Train Loss 2.3013 Acc 0.1123 | Val Loss 2.3008 Acc 0.1129 AUC 0.5000 Pre 0.0113 Rec 0.1000
2026-08-30 07:47:15 | Diag logvar_q_mean=0.0139 logvar_q_clamp=0.0000 logvar_p_mean=0.0139 logvar_p_clamp=0.0000 kappa_log10=2.6318
2026-08-30 07:47:19 | Epoch 309/400 | Train Loss 2.3013 Acc 0.1123 | Val Loss 2.3008 Acc 0.1129 AUC 0.5000 Pre 0.0113 Rec 0.1000
2026-08-30 07:47:19 | Diag logvar_q_mean=0.0139 logvar_q_clamp=0.0000 logvar_p_mean=0.0139 logvar_p_clamp=0.0000 kappa_log10=2.6318
2026-08-30 07:47:23 | Epoch 310/400 | Train Loss 2.3013 Acc 0.1123 | Val Loss 2.3008 Acc 0.1129 AUC 0.5000 Pre 0.0113 Rec 0.1000
2026-08-30 07:47:24 | Diag logvar_q_mean=0.0139 logvar_q_clamp=0.0000 logvar_p_mean=0.0139 logvar_p_clamp=0.0000 kappa_log10=2.6318
2026-08-30 07:47:28 | Epoch 311/400 | Train Loss 2.3013 Acc 0.1123 | Val Loss 2.3008 Acc 0.1129 AUC 0.5000 Pre 0.0113 Rec 0.1000
2026-08-30 07:47:29 | Diag logvar_q_mean=0.0139 logvar_q_clamp=0.0000 logvar_p_mean=0.0139 logvar_p_clamp=0.0000 kappa_log10=2.6318
2026-08-30 07:47:33 | Epoch 312/400 | Train Loss 2.3014 Acc 0.1123 | Val Loss 2.3011 Acc 0.1129 AUC 0.5000 Pre 0.0113 Rec 0.1000
2026-08-30 07:47:33 | Diag logvar_q_mean=0.0139 logvar_q_clamp=0.0000 logvar_p_mean=0.0140 logvar_p_clamp=0.0000 kappa_log10=2.7449
2026-08-30 07:47:37 | Epoch 313/400 | Train Loss 2.3013 Acc 0.1123 | Val Loss 2.3008 Acc 0.1129 AUC 0.5000 Pre 0.0113 Rec 0.1000
2026-08-30 07:47:38 | Diag logvar_q_mean=0.0140 logvar_q_clamp=0.0000 logvar_p_mean=0.0140 logvar_p_clamp=0.0000 kappa_log10=3.2058
2026-08-30 07:47:42 | Epoch 314/400 | Train Loss 2.3013 Acc 0.1123 | Val Loss 2.3008 Acc 0.1129 AUC 0.5000 Pre 0.0113 Rec 0.1000
2026-08-30 07:47:42 | Diag logvar_q_mean=0.0140 logvar_q_clamp=0.0000 logvar_p_mean=0.0140 logvar_p_clamp=0.0000 kappa_log10=3.2058
2026-08-30 07:47:46 | Epoch 315/400 | Train Loss 2.3013 Acc 0.1123 | Val Loss 2.3008 Acc 0.1129 AUC 0.5000 Pre 0.0113 Rec 0.1000
2026-08-30 07:47:47 | Diag logvar_q_mean=0.0140 logvar_q_clamp=0.0000 logvar_p_mean=0.0140 logvar_p_clamp=0.0000 kappa_log10=3.2058
2026-08-30 07:47:51 | Epoch 316/400 | Train Loss 2.3013 Acc 0.1123 | Val Loss 2.3008 Acc 0.1129 AUC 0.5000 Pre 0.0113 Rec 0.1000
2026-08-30 07:47:52 | Diag logvar_q_mean=0.0140 logvar_q_clamp=0.0000 logvar_p_mean=0.0140 logvar_p_clamp=0.0000 kappa_log10=3.2058
2026-08-30 07:47:56 | Epoch 317/400 | Train Loss 2.3013 Acc 0.1123 | Val Loss 2.3008 Acc 0.1129 AUC 0.5000 Pre 0.0113 Rec 0.1000
2026-08-30 07:47:56 | Diag logvar_q_mean=0.0140 logvar_q_clamp=0.0000 logvar_p_mean=0.0140 logvar_p_clamp=0.0000 kappa_log10=3.2058
2026-08-30 07:48:00 | Epoch 318/400 | Train Loss 2.3013 Acc 0.1123 | Val Loss 2.3007 Acc 0.1129 AUC 0.5000 Pre 0.0113 Rec 0.1000
2026-08-30 07:48:01 | Diag logvar_q_mean=0.0140 logvar_q_clamp=0.0000 logvar_p_mean=0.0140 logvar_p_clamp=0.0000 kappa_log10=3.2058
2026-08-30 07:48:05 | Epoch 319/400 | Train Loss 2.3013 Acc 0.1123 | Val Loss 2.3008 Acc 0.1129 AUC 0.5000 Pre 0.0113 Rec 0.1000
2026-08-30 07:48:05 | Diag logvar_q_mean=0.0140 logvar_q_clamp=0.0000 logvar_p_mean=0.0140 logvar_p_clamp=0.0000 kappa_log10=3.2058
2026-08-30 07:48:09 | Epoch 320/400 | Train Loss 2.3013 Acc 0.1123 | Val Loss 2.3007 Acc 0.1129 AUC 0.5000 Pre 0.0113 Rec 0.1000
2026-08-30 07:48:10 | Diag logvar_q_mean=0.0141 logvar_q_clamp=0.0000 logvar_p_mean=0.0141 logvar_p_clamp=0.0000 kappa_log10=3.2058
2026-08-30 07:48:14 | Epoch 321/400 | Train Loss 2.3013 Acc 0.1123 | Val Loss 2.3008 Acc 0.1129 AUC 0.5000 Pre 0.0113 Rec 0.1000
2026-08-30 07:48:14 | Diag logvar_q_mean=0.0141 logvar_q_clamp=0.0000 logvar_p_mean=0.0141 logvar_p_clamp=0.0000 kappa_log10=3.2058
2026-08-30 07:48:19 | Epoch 322/400 | Train Loss 2.3013 Acc 0.1123 | Val Loss 2.3008 Acc 0.1129 AUC 0.5000 Pre 0.0113 Rec 0.1000
2026-08-30 07:48:19 | Diag logvar_q_mean=0.0141 logvar_q_clamp=0.0000 logvar_p_mean=0.0141 logvar_p_clamp=0.0000 kappa_log10=3.2058
2026-08-30 07:48:23 | Epoch 323/400 | Train Loss 2.3013 Acc 0.1123 | Val Loss 2.3007 Acc 0.1129 AUC 0.5000 Pre 0.0113 Rec 0.1000
2026-08-30 07:48:24 | Diag logvar_q_mean=0.0141 logvar_q_clamp=0.0000 logvar_p_mean=0.0141 logvar_p_clamp=0.0000 kappa_log10=3.2058
2026-08-30 07:48:28 | Epoch 324/400 | Train Loss 2.3013 Acc 0.1123 | Val Loss 2.3007 Acc 0.1129 AUC 0.5000 Pre 0.0113 Rec 0.1000
2026-08-30 07:48:28 | Diag logvar_q_mean=0.0141 logvar_q_clamp=0.0000 logvar_p_mean=0.0141 logvar_p_clamp=0.0000 kappa_log10=3.2910
2026-08-30 07:48:32 | Epoch 325/400 | Train Loss 2.3013 Acc 0.1123 | Val Loss 2.3008 Acc 0.1129 AUC 0.5000 Pre 0.0113 Rec 0.1000
2026-08-30 07:48:33 | Diag logvar_q_mean=0.0141 logvar_q_clamp=0.0000 logvar_p_mean=0.0141 logvar_p_clamp=0.0000 kappa_log10=3.2911
2026-08-30 07:48:37 | Epoch 326/400 | Train Loss 2.3013 Acc 0.1123 | Val Loss 2.3008 Acc 0.1129 AUC 0.5000 Pre 0.0113 Rec 0.1000
2026-08-30 07:48:37 | Diag logvar_q_mean=0.0141 logvar_q_clamp=0.0000 logvar_p_mean=0.0141 logvar_p_clamp=0.0000 kappa_log10=3.5963
2026-08-30 07:48:41 | Epoch 327/400 | Train Loss 2.3013 Acc 0.1123 | Val Loss 2.3007 Acc 0.1129 AUC 0.5000 Pre 0.0113 Rec 0.1000
2026-08-30 07:48:42 | Diag logvar_q_mean=0.0141 logvar_q_clamp=0.0000 logvar_p_mean=0.0141 logvar_p_clamp=0.0000 kappa_log10=3.5964
2026-08-30 07:48:46 | Epoch 328/400 | Train Loss 2.3013 Acc 0.1123 | Val Loss 2.3007 Acc 0.1129 AUC 0.5000 Pre 0.0113 Rec 0.1000
2026-08-30 07:48:47 | Diag logvar_q_mean=0.0141 logvar_q_clamp=0.0000 logvar_p_mean=0.0141 logvar_p_clamp=0.0000 kappa_log10=3.5964
2026-08-30 07:48:50 | Epoch 329/400 | Train Loss 2.3013 Acc 0.1123 | Val Loss 2.3007 Acc 0.1129 AUC 0.5000 Pre 0.0113 Rec 0.1000
2026-08-30 07:48:51 | Diag logvar_q_mean=0.0141 logvar_q_clamp=0.0000 logvar_p_mean=0.0141 logvar_p_clamp=0.0000 kappa_log10=3.1730
2026-08-30 07:48:55 | Epoch 330/400 | Train Loss 2.3013 Acc 0.1123 | Val Loss 2.3008 Acc 0.1129 AUC 0.5000 Pre 0.0113 Rec 0.1000
2026-08-30 07:48:56 | Diag logvar_q_mean=0.0141 logvar_q_clamp=0.0000 logvar_p_mean=0.0141 logvar_p_clamp=0.0000 kappa_log10=3.1716
2026-08-30 07:49:00 | Epoch 331/400 | Train Loss 2.3013 Acc 0.1123 | Val Loss 2.3008 Acc 0.1129 AUC 0.5000 Pre 0.0113 Rec 0.1000
2026-08-30 07:49:00 | Diag logvar_q_mean=0.0141 logvar_q_clamp=0.0000 logvar_p_mean=0.0141 logvar_p_clamp=0.0000 kappa_log10=3.1716
2026-08-30 07:49:04 | Epoch 332/400 | Train Loss 2.3013 Acc 0.1123 | Val Loss 2.3007 Acc 0.1129 AUC 0.5000 Pre 0.0113 Rec 0.1000
2026-08-30 07:49:05 | Diag logvar_q_mean=0.0141 logvar_q_clamp=0.0000 logvar_p_mean=0.0141 logvar_p_clamp=0.0000 kappa_log10=3.1761
2026-08-30 07:49:09 | Epoch 333/400 | Train Loss 2.3013 Acc 0.1123 | Val Loss 2.3007 Acc 0.1129 AUC 0.5000 Pre 0.0113 Rec 0.1000
2026-08-30 07:49:09 | Diag logvar_q_mean=0.0141 logvar_q_clamp=0.0000 logvar_p_mean=0.0141 logvar_p_clamp=0.0000 kappa_log10=3.1864
2026-08-30 07:49:13 | Epoch 334/400 | Train Loss 2.3014 Acc 0.1123 | Val Loss 2.3007 Acc 0.1129 AUC 0.5000 Pre 0.0113 Rec 0.1000
2026-08-30 07:49:14 | Diag logvar_q_mean=0.0142 logvar_q_clamp=0.0000 logvar_p_mean=0.0142 logvar_p_clamp=0.0000 kappa_log10=3.2655
2026-08-30 07:49:18 | Epoch 335/400 | Train Loss 2.3013 Acc 0.1123 | Val Loss 2.3010 Acc 0.1129 AUC 0.5000 Pre 0.0113 Rec 0.1000
2026-08-30 07:49:18 | Diag logvar_q_mean=0.0142 logvar_q_clamp=0.0000 logvar_p_mean=0.0141 logvar_p_clamp=0.0000 kappa_log10=3.5143
2026-08-30 07:49:23 | Epoch 336/400 | Train Loss 2.3013 Acc 0.1123 | Val Loss 2.3007 Acc 0.1129 AUC 0.5000 Pre 0.0113 Rec 0.1000
2026-08-30 07:49:23 | Diag logvar_q_mean=0.0142 logvar_q_clamp=0.0000 logvar_p_mean=0.0142 logvar_p_clamp=0.0000 kappa_log10=2.8437
2026-08-30 07:49:27 | Epoch 337/400 | Train Loss 2.3013 Acc 0.1123 | Val Loss 2.3008 Acc 0.1129 AUC 0.5000 Pre 0.0113 Rec 0.1000
2026-08-30 07:49:28 | Diag logvar_q_mean=0.0142 logvar_q_clamp=0.0000 logvar_p_mean=0.0142 logvar_p_clamp=0.0000 kappa_log10=2.8530
2026-08-30 07:49:32 | Epoch 338/400 | Train Loss 2.3013 Acc 0.1123 | Val Loss 2.3007 Acc 0.1129 AUC 0.5000 Pre 0.0113 Rec 0.1000
2026-08-30 07:49:32 | Diag logvar_q_mean=0.0142 logvar_q_clamp=0.0000 logvar_p_mean=0.0142 logvar_p_clamp=0.0000 kappa_log10=2.8530
2026-08-30 07:49:36 | Epoch 339/400 | Train Loss 2.3013 Acc 0.1123 | Val Loss 2.3008 Acc 0.1129 AUC 0.5000 Pre 0.0113 Rec 0.1000
2026-08-30 07:49:37 | Diag logvar_q_mean=0.0142 logvar_q_clamp=0.0000 logvar_p_mean=0.0142 logvar_p_clamp=0.0000 kappa_log10=2.8530
2026-08-30 07:49:41 | Epoch 340/400 | Train Loss 2.3013 Acc 0.1123 | Val Loss 2.3007 Acc 0.1129 AUC 0.5000 Pre 0.0113 Rec 0.1000
2026-08-30 07:49:41 | Diag logvar_q_mean=0.0142 logvar_q_clamp=0.0000 logvar_p_mean=0.0142 logvar_p_clamp=0.0000 kappa_log10=2.8307
2026-08-30 07:49:45 | Epoch 341/400 | Train Loss 2.3013 Acc 0.1123 | Val Loss 2.3007 Acc 0.1129 AUC 0.5000 Pre 0.0113 Rec 0.1000
2026-08-30 07:49:46 | Diag logvar_q_mean=0.0142 logvar_q_clamp=0.0000 logvar_p_mean=0.0142 logvar_p_clamp=0.0000 kappa_log10=2.8306
2026-08-30 07:49:50 | Epoch 342/400 | Train Loss 2.3013 Acc 0.1123 | Val Loss 2.3008 Acc 0.1129 AUC 0.5000 Pre 0.0113 Rec 0.1000
2026-08-30 07:49:51 | Diag logvar_q_mean=0.0142 logvar_q_clamp=0.0000 logvar_p_mean=0.0143 logvar_p_clamp=0.0000 kappa_log10=2.8306
2026-08-30 07:49:54 | Epoch 343/400 | Train Loss 2.3013 Acc 0.1123 | Val Loss 2.3008 Acc 0.1129 AUC 0.5000 Pre 0.0113 Rec 0.1000
2026-08-30 07:49:55 | Diag logvar_q_mean=0.0143 logvar_q_clamp=0.0000 logvar_p_mean=0.0142 logvar_p_clamp=0.0000 kappa_log10=2.6809
2026-08-30 07:49:59 | Epoch 344/400 | Train Loss 2.3013 Acc 0.1123 | Val Loss 2.3008 Acc 0.1129 AUC 0.5000 Pre 0.0113 Rec 0.1000
2026-08-30 07:50:00 | Diag logvar_q_mean=0.0143 logvar_q_clamp=0.0000 logvar_p_mean=0.0143 logvar_p_clamp=0.0000 kappa_log10=2.8602
2026-08-30 07:50:04 | Epoch 345/400 | Train Loss 2.3013 Acc 0.1123 | Val Loss 2.3008 Acc 0.1129 AUC 0.5000 Pre 0.0113 Rec 0.1000
2026-08-30 07:50:04 | Diag logvar_q_mean=0.0143 logvar_q_clamp=0.0000 logvar_p_mean=0.0143 logvar_p_clamp=0.0000 kappa_log10=2.8552
2026-08-30 07:50:08 | Epoch 346/400 | Train Loss 2.3013 Acc 0.1123 | Val Loss 2.3008 Acc 0.1129 AUC 0.5000 Pre 0.0113 Rec 0.1000
2026-08-30 07:50:09 | Diag logvar_q_mean=0.0143 logvar_q_clamp=0.0000 logvar_p_mean=0.0143 logvar_p_clamp=0.0000 kappa_log10=2.8552
2026-08-30 07:50:13 | Epoch 347/400 | Train Loss 2.3013 Acc 0.1123 | Val Loss 2.3008 Acc 0.1129 AUC 0.5000 Pre 0.0113 Rec 0.1000
2026-08-30 07:50:13 | Diag logvar_q_mean=0.0143 logvar_q_clamp=0.0000 logvar_p_mean=0.0143 logvar_p_clamp=0.0000 kappa_log10=2.8552
2026-08-30 07:50:17 | Epoch 348/400 | Train Loss 2.3013 Acc 0.1123 | Val Loss 2.3008 Acc 0.1129 AUC 0.5000 Pre 0.0113 Rec 0.1000
2026-08-30 07:50:18 | Diag logvar_q_mean=0.0143 logvar_q_clamp=0.0000 logvar_p_mean=0.0143 logvar_p_clamp=0.0000 kappa_log10=2.8552
2026-08-30 07:50:22 | Epoch 349/400 | Train Loss 2.3013 Acc 0.1123 | Val Loss 2.3007 Acc 0.1129 AUC 0.5000 Pre 0.0113 Rec 0.1000
2026-08-30 07:50:23 | Diag logvar_q_mean=0.0143 logvar_q_clamp=0.0000 logvar_p_mean=0.0143 logvar_p_clamp=0.0000 kappa_log10=2.8552
2026-08-30 07:50:27 | Epoch 350/400 | Train Loss 2.3013 Acc 0.1123 | Val Loss 2.3008 Acc 0.1129 AUC 0.5000 Pre 0.0113 Rec 0.1000
2026-08-30 07:50:27 | Diag logvar_q_mean=0.0143 logvar_q_clamp=0.0000 logvar_p_mean=0.0143 logvar_p_clamp=0.0000 kappa_log10=2.8552
2026-08-30 07:50:31 | Epoch 351/400 | Train Loss 2.3016 Acc 0.1123 | Val Loss 2.3008 Acc 0.1129 AUC 0.5000 Pre 0.0113 Rec 0.1000
2026-08-30 07:50:32 | Diag logvar_q_mean=0.0145 logvar_q_clamp=0.0000 logvar_p_mean=0.0145 logvar_p_clamp=0.0000 kappa_log10=2.9687
2026-08-30 07:50:36 | Epoch 352/400 | Train Loss 2.3013 Acc 0.1123 | Val Loss 2.3007 Acc 0.1129 AUC 0.5000 Pre 0.0113 Rec 0.1000
2026-08-30 07:50:36 | Diag logvar_q_mean=0.0145 logvar_q_clamp=0.0000 logvar_p_mean=0.0145 logvar_p_clamp=0.0000 kappa_log10=2.9685
2026-08-30 07:50:40 | Epoch 353/400 | Train Loss 2.3013 Acc 0.1123 | Val Loss 2.3008 Acc 0.1129 AUC 0.5000 Pre 0.0113 Rec 0.1000
2026-08-30 07:50:41 | Diag logvar_q_mean=0.0145 logvar_q_clamp=0.0000 logvar_p_mean=0.0145 logvar_p_clamp=0.0000 kappa_log10=2.9685
2026-08-30 07:50:45 | Epoch 354/400 | Train Loss 2.3013 Acc 0.1123 | Val Loss 2.3008 Acc 0.1129 AUC 0.5000 Pre 0.0113 Rec 0.1000
2026-08-30 07:50:45 | Diag logvar_q_mean=0.0145 logvar_q_clamp=0.0000 logvar_p_mean=0.0145 logvar_p_clamp=0.0000 kappa_log10=2.9685
2026-08-30 07:50:49 | Epoch 355/400 | Train Loss 2.3013 Acc 0.1123 | Val Loss 2.3008 Acc 0.1129 AUC 0.5000 Pre 0.0113 Rec 0.1000
2026-08-30 07:50:50 | Diag logvar_q_mean=0.0145 logvar_q_clamp=0.0000 logvar_p_mean=0.0145 logvar_p_clamp=0.0000 kappa_log10=2.9685
2026-08-30 07:50:54 | Epoch 356/400 | Train Loss 2.3013 Acc 0.1123 | Val Loss 2.3008 Acc 0.1129 AUC 0.5000 Pre 0.0113 Rec 0.1000
2026-08-30 07:50:55 | Diag logvar_q_mean=0.0145 logvar_q_clamp=0.0000 logvar_p_mean=0.0145 logvar_p_clamp=0.0000 kappa_log10=2.9685
2026-08-30 07:50:59 | Epoch 357/400 | Train Loss 2.3013 Acc 0.1123 | Val Loss 2.3008 Acc 0.1129 AUC 0.5000 Pre 0.0113 Rec 0.1000
2026-08-30 07:50:59 | Diag logvar_q_mean=0.0145 logvar_q_clamp=0.0000 logvar_p_mean=0.0145 logvar_p_clamp=0.0000 kappa_log10=2.9685
2026-08-30 07:51:03 | Epoch 358/400 | Train Loss 2.3013 Acc 0.1123 | Val Loss 2.3008 Acc 0.1129 AUC 0.5000 Pre 0.0113 Rec 0.1000
2026-08-30 07:51:04 | Diag logvar_q_mean=0.0145 logvar_q_clamp=0.0000 logvar_p_mean=0.0145 logvar_p_clamp=0.0000 kappa_log10=2.9685
2026-08-30 07:51:08 | Epoch 359/400 | Train Loss 2.3013 Acc 0.1123 | Val Loss 2.3007 Acc 0.1129 AUC 0.5000 Pre 0.0113 Rec 0.1000
2026-08-30 07:51:09 | Diag logvar_q_mean=0.0145 logvar_q_clamp=0.0000 logvar_p_mean=0.0145 logvar_p_clamp=0.0000 kappa_log10=2.9685
2026-08-30 07:51:13 | Epoch 360/400 | Train Loss 2.3013 Acc 0.1123 | Val Loss 2.3008 Acc 0.1129 AUC 0.5000 Pre 0.0113 Rec 0.1000
2026-08-30 07:51:13 | Diag logvar_q_mean=0.0145 logvar_q_clamp=0.0000 logvar_p_mean=0.0145 logvar_p_clamp=0.0000 kappa_log10=2.9685
2026-08-30 07:51:17 | Epoch 361/400 | Train Loss 2.3013 Acc 0.1123 | Val Loss 2.3008 Acc 0.1129 AUC 0.5000 Pre 0.0113 Rec 0.1000
2026-08-30 07:51:18 | Diag logvar_q_mean=0.0145 logvar_q_clamp=0.0000 logvar_p_mean=0.0145 logvar_p_clamp=0.0000 kappa_log10=2.9685
2026-08-30 07:51:22 | Epoch 362/400 | Train Loss 2.3013 Acc 0.1123 | Val Loss 2.3007 Acc 0.1129 AUC 0.5000 Pre 0.0113 Rec 0.1000
2026-08-30 07:51:23 | Diag logvar_q_mean=0.0145 logvar_q_clamp=0.0000 logvar_p_mean=0.0145 logvar_p_clamp=0.0000 kappa_log10=2.9685
2026-08-30 07:51:27 | Epoch 363/400 | Train Loss 2.3013 Acc 0.1123 | Val Loss 2.3008 Acc 0.1129 AUC 0.5000 Pre 0.0113 Rec 0.1000
2026-08-30 07:51:27 | Diag logvar_q_mean=0.0145 logvar_q_clamp=0.0000 logvar_p_mean=0.0145 logvar_p_clamp=0.0000 kappa_log10=2.9685
2026-08-30 07:51:31 | Epoch 364/400 | Train Loss 2.3013 Acc 0.1123 | Val Loss 2.3007 Acc 0.1129 AUC 0.5000 Pre 0.0113 Rec 0.1000
2026-08-30 07:51:32 | Diag logvar_q_mean=0.0145 logvar_q_clamp=0.0000 logvar_p_mean=0.0145 logvar_p_clamp=0.0000 kappa_log10=2.9685
2026-08-30 07:51:36 | Epoch 365/400 | Train Loss 2.3013 Acc 0.1123 | Val Loss 2.3008 Acc 0.1129 AUC 0.5000 Pre 0.0113 Rec 0.1000
2026-08-30 07:51:36 | Diag logvar_q_mean=0.0145 logvar_q_clamp=0.0000 logvar_p_mean=0.0145 logvar_p_clamp=0.0000 kappa_log10=2.9685
2026-08-30 07:51:41 | Epoch 366/400 | Train Loss 2.3013 Acc 0.1123 | Val Loss 2.3007 Acc 0.1129 AUC 0.5000 Pre 0.0113 Rec 0.1000
2026-08-30 07:51:41 | Diag logvar_q_mean=0.0145 logvar_q_clamp=0.0000 logvar_p_mean=0.0145 logvar_p_clamp=0.0000 kappa_log10=2.9685
2026-08-30 07:51:45 | Epoch 367/400 | Train Loss 2.3013 Acc 0.1123 | Val Loss 2.3008 Acc 0.1129 AUC 0.5000 Pre 0.0113 Rec 0.1000
2026-08-30 07:51:46 | Diag logvar_q_mean=0.0145 logvar_q_clamp=0.0000 logvar_p_mean=0.0145 logvar_p_clamp=0.0000 kappa_log10=2.9685
2026-08-30 07:51:50 | Epoch 368/400 | Train Loss 2.3013 Acc 0.1123 | Val Loss 2.3007 Acc 0.1129 AUC 0.5000 Pre 0.0113 Rec 0.1000
2026-08-30 07:51:51 | Diag logvar_q_mean=0.0145 logvar_q_clamp=0.0000 logvar_p_mean=0.0145 logvar_p_clamp=0.0000 kappa_log10=2.9685
2026-08-30 07:51:55 | Epoch 369/400 | Train Loss 2.3013 Acc 0.1123 | Val Loss 2.3007 Acc 0.1129 AUC 0.5000 Pre 0.0113 Rec 0.1000
2026-08-30 07:51:55 | Diag logvar_q_mean=0.0145 logvar_q_clamp=0.0000 logvar_p_mean=0.0145 logvar_p_clamp=0.0000 kappa_log10=2.9685
2026-08-30 07:51:59 | Epoch 370/400 | Train Loss 2.3014 Acc 0.1123 | Val Loss 2.3009 Acc 0.1129 AUC 0.5000 Pre 0.0113 Rec 0.1000
2026-08-30 07:52:00 | Diag logvar_q_mean=0.0145 logvar_q_clamp=0.0000 logvar_p_mean=0.0146 logvar_p_clamp=0.0000 kappa_log10=2.9098
2026-08-30 07:52:04 | Epoch 371/400 | Train Loss 2.3013 Acc 0.1123 | Val Loss 2.3008 Acc 0.1129 AUC 0.5000 Pre 0.0113 Rec 0.1000
2026-08-30 07:52:05 | Diag logvar_q_mean=0.0146 logvar_q_clamp=0.0000 logvar_p_mean=0.0146 logvar_p_clamp=0.0000 kappa_log10=2.8721
2026-08-30 07:52:09 | Epoch 372/400 | Train Loss 2.3013 Acc 0.1123 | Val Loss 2.3007 Acc 0.1129 AUC 0.5000 Pre 0.0113 Rec 0.1000
2026-08-30 07:52:09 | Diag logvar_q_mean=0.0146 logvar_q_clamp=0.0000 logvar_p_mean=0.0146 logvar_p_clamp=0.0000 kappa_log10=2.8721
2026-08-30 07:52:13 | Epoch 373/400 | Train Loss 2.3013 Acc 0.1123 | Val Loss 2.3008 Acc 0.1129 AUC 0.5000 Pre 0.0113 Rec 0.1000
2026-08-30 07:52:14 | Diag logvar_q_mean=0.0146 logvar_q_clamp=0.0000 logvar_p_mean=0.0146 logvar_p_clamp=0.0000 kappa_log10=2.8721
2026-08-30 07:52:18 | Epoch 374/400 | Train Loss 2.3013 Acc 0.1123 | Val Loss 2.3008 Acc 0.1129 AUC 0.5000 Pre 0.0113 Rec 0.1000
2026-08-30 07:52:18 | Diag logvar_q_mean=0.0146 logvar_q_clamp=0.0000 logvar_p_mean=0.0146 logvar_p_clamp=0.0000 kappa_log10=2.8721
2026-08-30 07:52:22 | Epoch 375/400 | Train Loss 2.3013 Acc 0.1123 | Val Loss 2.3008 Acc 0.1129 AUC 0.5000 Pre 0.0113 Rec 0.1000
2026-08-30 07:52:23 | Diag logvar_q_mean=0.0146 logvar_q_clamp=0.0000 logvar_p_mean=0.0146 logvar_p_clamp=0.0000 kappa_log10=2.8721
2026-08-30 07:52:27 | Epoch 376/400 | Train Loss 2.3013 Acc 0.1123 | Val Loss 2.3008 Acc 0.1129 AUC 0.5000 Pre 0.0113 Rec 0.1000
2026-08-30 07:52:28 | Diag logvar_q_mean=0.0146 logvar_q_clamp=0.0000 logvar_p_mean=0.0146 logvar_p_clamp=0.0000 kappa_log10=2.8721
2026-08-30 07:52:32 | Epoch 377/400 | Train Loss 2.3013 Acc 0.1123 | Val Loss 2.3008 Acc 0.1129 AUC 0.5000 Pre 0.0113 Rec 0.1000
2026-08-30 07:52:32 | Diag logvar_q_mean=0.0146 logvar_q_clamp=0.0000 logvar_p_mean=0.0146 logvar_p_clamp=0.0000 kappa_log10=2.8721
2026-08-30 07:52:36 | Epoch 378/400 | Train Loss 2.3013 Acc 0.1123 | Val Loss 2.3008 Acc 0.1129 AUC 0.5000 Pre 0.0113 Rec 0.1000
2026-08-30 07:52:37 | Diag logvar_q_mean=0.0146 logvar_q_clamp=0.0000 logvar_p_mean=0.0146 logvar_p_clamp=0.0000 kappa_log10=2.8721
2026-08-30 07:52:41 | Epoch 379/400 | Train Loss 2.3013 Acc 0.1123 | Val Loss 2.3008 Acc 0.1129 AUC 0.5000 Pre 0.0113 Rec 0.1000
2026-08-30 07:52:41 | Diag logvar_q_mean=0.0146 logvar_q_clamp=0.0000 logvar_p_mean=0.0146 logvar_p_clamp=0.0000 kappa_log10=2.8721
2026-08-30 07:52:45 | Epoch 380/400 | Train Loss 2.3013 Acc 0.1123 | Val Loss 2.3008 Acc 0.1129 AUC 0.5000 Pre 0.0113 Rec 0.1000
2026-08-30 07:52:46 | Diag logvar_q_mean=0.0146 logvar_q_clamp=0.0000 logvar_p_mean=0.0146 logvar_p_clamp=0.0000 kappa_log10=2.8721
2026-08-30 07:52:50 | Epoch 381/400 | Train Loss 2.3013 Acc 0.1123 | Val Loss 2.3008 Acc 0.1129 AUC 0.5000 Pre 0.0113 Rec 0.1000
2026-08-30 07:52:51 | Diag logvar_q_mean=0.0146 logvar_q_clamp=0.0000 logvar_p_mean=0.0146 logvar_p_clamp=0.0000 kappa_log10=2.8721
2026-08-30 07:52:54 | Epoch 382/400 | Train Loss 2.3013 Acc 0.1123 | Val Loss 2.3007 Acc 0.1129 AUC 0.5000 Pre 0.0113 Rec 0.1000
2026-08-30 07:52:55 | Diag logvar_q_mean=0.0146 logvar_q_clamp=0.0000 logvar_p_mean=0.0146 logvar_p_clamp=0.0000 kappa_log10=2.8721
2026-08-30 07:52:59 | Epoch 383/400 | Train Loss 2.3013 Acc 0.1123 | Val Loss 2.3008 Acc 0.1129 AUC 0.5000 Pre 0.0113 Rec 0.1000
2026-08-30 07:53:00 | Diag logvar_q_mean=0.0146 logvar_q_clamp=0.0000 logvar_p_mean=0.0146 logvar_p_clamp=0.0000 kappa_log10=2.8721
2026-08-30 07:53:04 | Epoch 384/400 | Train Loss 2.3013 Acc 0.1123 | Val Loss 2.3008 Acc 0.1129 AUC 0.5000 Pre 0.0113 Rec 0.1000
2026-08-30 07:53:04 | Diag logvar_q_mean=0.0146 logvar_q_clamp=0.0000 logvar_p_mean=0.0146 logvar_p_clamp=0.0000 kappa_log10=2.8721
2026-08-30 07:53:08 | Epoch 385/400 | Train Loss 2.3013 Acc 0.1123 | Val Loss 2.3008 Acc 0.1129 AUC 0.5000 Pre 0.0113 Rec 0.1000
2026-08-30 07:53:09 | Diag logvar_q_mean=0.0146 logvar_q_clamp=0.0000 logvar_p_mean=0.0146 logvar_p_clamp=0.0000 kappa_log10=2.8721
2026-08-30 07:53:13 | Epoch 386/400 | Train Loss 2.3013 Acc 0.1123 | Val Loss 2.3008 Acc 0.1129 AUC 0.5000 Pre 0.0113 Rec 0.1000
2026-08-30 07:53:13 | Diag logvar_q_mean=0.0146 logvar_q_clamp=0.0000 logvar_p_mean=0.0146 logvar_p_clamp=0.0000 kappa_log10=2.8721
2026-08-30 07:53:17 | Epoch 387/400 | Train Loss 2.3013 Acc 0.1123 | Val Loss 2.3008 Acc 0.1129 AUC 0.5000 Pre 0.0113 Rec 0.1000
2026-08-30 07:53:18 | Diag logvar_q_mean=0.0146 logvar_q_clamp=0.0000 logvar_p_mean=0.0146 logvar_p_clamp=0.0000 kappa_log10=2.8721
2026-08-30 07:53:22 | Epoch 388/400 | Train Loss 2.3013 Acc 0.1123 | Val Loss 2.3008 Acc 0.1129 AUC 0.5000 Pre 0.0113 Rec 0.1000
2026-08-30 07:53:22 | Diag logvar_q_mean=0.0146 logvar_q_clamp=0.0000 logvar_p_mean=0.0146 logvar_p_clamp=0.0000 kappa_log10=2.8721
2026-08-30 07:53:26 | Epoch 389/400 | Train Loss 2.3013 Acc 0.1123 | Val Loss 2.3008 Acc 0.1129 AUC 0.5000 Pre 0.0113 Rec 0.1000
2026-08-30 07:53:27 | Diag logvar_q_mean=0.0146 logvar_q_clamp=0.0000 logvar_p_mean=0.0147 logvar_p_clamp=0.0000 kappa_log10=2.8721
2026-08-30 07:53:31 | Epoch 390/400 | Train Loss 2.3013 Acc 0.1123 | Val Loss 2.3008 Acc 0.1129 AUC 0.5000 Pre 0.0113 Rec 0.1000
2026-08-30 07:53:32 | Diag logvar_q_mean=0.0147 logvar_q_clamp=0.0000 logvar_p_mean=0.0147 logvar_p_clamp=0.0000 kappa_log10=2.8721
2026-08-30 07:53:36 | Epoch 391/400 | Train Loss 2.3013 Acc 0.1123 | Val Loss 2.3008 Acc 0.1129 AUC 0.5000 Pre 0.0113 Rec 0.1000
2026-08-30 07:53:36 | Diag logvar_q_mean=0.0147 logvar_q_clamp=0.0000 logvar_p_mean=0.0147 logvar_p_clamp=0.0000 kappa_log10=2.8721
2026-08-30 07:53:40 | Epoch 392/400 | Train Loss 2.3013 Acc 0.1123 | Val Loss 2.3007 Acc 0.1129 AUC 0.5000 Pre 0.0113 Rec 0.1000
2026-08-30 07:53:41 | Diag logvar_q_mean=0.0147 logvar_q_clamp=0.0000 logvar_p_mean=0.0147 logvar_p_clamp=0.0000 kappa_log10=2.8721
2026-08-30 07:53:45 | Epoch 393/400 | Train Loss 2.3013 Acc 0.1123 | Val Loss 2.3008 Acc 0.1129 AUC 0.5000 Pre 0.0113 Rec 0.1000
2026-08-30 07:53:45 | Diag logvar_q_mean=0.0147 logvar_q_clamp=0.0000 logvar_p_mean=0.0147 logvar_p_clamp=0.0000 kappa_log10=2.8721
2026-08-30 07:53:49 | Epoch 394/400 | Train Loss 2.3013 Acc 0.1123 | Val Loss 2.3008 Acc 0.1129 AUC 0.5000 Pre 0.0113 Rec 0.1000
2026-08-30 07:53:50 | Diag logvar_q_mean=0.0147 logvar_q_clamp=0.0000 logvar_p_mean=0.0147 logvar_p_clamp=0.0000 kappa_log10=2.8721
2026-08-30 07:53:54 | Epoch 395/400 | Train Loss 2.3013 Acc 0.1123 | Val Loss 2.3008 Acc 0.1129 AUC 0.5000 Pre 0.0113 Rec 0.1000
2026-08-30 07:53:54 | Diag logvar_q_mean=0.0147 logvar_q_clamp=0.0000 logvar_p_mean=0.0147 logvar_p_clamp=0.0000 kappa_log10=2.8721
2026-08-30 07:53:58 | Epoch 396/400 | Train Loss 2.3013 Acc 0.1123 | Val Loss 2.3007 Acc 0.1129 AUC 0.5000 Pre 0.0113 Rec 0.1000
2026-08-30 07:53:59 | Diag logvar_q_mean=0.0147 logvar_q_clamp=0.0000 logvar_p_mean=0.0147 logvar_p_clamp=0.0000 kappa_log10=2.8721
2026-08-30 07:54:03 | Epoch 397/400 | Train Loss 2.3013 Acc 0.1123 | Val Loss 2.3008 Acc 0.1129 AUC 0.5000 Pre 0.0113 Rec 0.1000
2026-08-30 07:54:04 | Diag logvar_q_mean=0.0147 logvar_q_clamp=0.0000 logvar_p_mean=0.0147 logvar_p_clamp=0.0000 kappa_log10=2.8721
2026-08-30 07:54:08 | Epoch 398/400 | Train Loss 2.3013 Acc 0.1123 | Val Loss 2.3008 Acc 0.1129 AUC 0.5000 Pre 0.0113 Rec 0.1000
2026-08-30 07:54:08 | Diag logvar_q_mean=0.0147 logvar_q_clamp=0.0000 logvar_p_mean=0.0147 logvar_p_clamp=0.0000 kappa_log10=2.8721
2026-08-30 07:54:12 | Epoch 399/400 | Train Loss 2.3013 Acc 0.1123 | Val Loss 2.3008 Acc 0.1129 AUC 0.5000 Pre 0.0113 Rec 0.1000
2026-08-30 07:54:13 | Diag logvar_q_mean=0.0147 logvar_q_clamp=0.0000 logvar_p_mean=0.0147 logvar_p_clamp=0.0000 kappa_log10=2.8721
2026-08-30 07:54:17 | Epoch 400/400 | Train Loss 2.3013 Acc 0.1123 | Val Loss 2.3008 Acc 0.1129 AUC 0.5000 Pre 0.0113 Rec 0.1000
2026-08-30 07:54:17 | Diag logvar_q_mean=0.0147 logvar_q_clamp=0.0000 logvar_p_mean=0.0147 logvar_p_clamp=0.0000 kappa_log10=2.8721
2026-08-30 07:54:18 | Run 2/5 | Test (best model @ Epoch 1) | Loss 2.3014 Acc 0.1135 AUC 0.5000 Pre 0.0114 Rec 0.1000
2026-08-30 07:54:18 | ===== Run 3/5 (seed 2) =====
2026-08-30 07:54:22 | Epoch   1/400 | Train Loss 2.6820 Acc 0.1065 | Val Loss 2.3015 Acc 0.1129 AUC 0.5000 Pre 0.0113 Rec 0.1000
2026-08-30 07:54:23 | Diag logvar_q_mean=0.0121 logvar_q_clamp=0.0000 logvar_p_mean=0.0121 logvar_p_clamp=0.0000 kappa_log10=2.7732
2026-08-30 07:54:23 |   Val AUC improved to 0.5000, model saved
2026-08-30 07:54:26 | Epoch   2/400 | Train Loss 2.3016 Acc 0.1123 | Val Loss 2.3010 Acc 0.1129 AUC 0.5000 Pre 0.0113 Rec 0.1000
2026-08-30 07:54:27 | Diag logvar_q_mean=0.0121 logvar_q_clamp=0.0000 logvar_p_mean=0.0121 logvar_p_clamp=0.0000 kappa_log10=2.7744
2026-08-30 07:54:31 | Epoch   3/400 | Train Loss 2.3014 Acc 0.1123 | Val Loss 2.3008 Acc 0.1129 AUC 0.5000 Pre 0.0113 Rec 0.1000
2026-08-30 07:54:32 | Diag logvar_q_mean=0.0121 logvar_q_clamp=0.0000 logvar_p_mean=0.0121 logvar_p_clamp=0.0000 kappa_log10=2.7738
2026-08-30 07:54:36 | Epoch   4/400 | Train Loss 2.3013 Acc 0.1123 | Val Loss 2.3008 Acc 0.1129 AUC 0.5000 Pre 0.0113 Rec 0.1000
2026-08-30 07:54:36 | Diag logvar_q_mean=0.0121 logvar_q_clamp=0.0000 logvar_p_mean=0.0121 logvar_p_clamp=0.0000 kappa_log10=2.7736
2026-08-30 07:54:40 | Epoch   5/400 | Train Loss 2.3013 Acc 0.1123 | Val Loss 2.3008 Acc 0.1129 AUC 0.5000 Pre 0.0113 Rec 0.1000
2026-08-30 07:54:41 | Diag logvar_q_mean=0.0121 logvar_q_clamp=0.0000 logvar_p_mean=0.0121 logvar_p_clamp=0.0000 kappa_log10=2.7738
2026-08-30 07:54:45 | Epoch   6/400 | Train Loss 2.3013 Acc 0.1123 | Val Loss 2.3008 Acc 0.1129 AUC 0.5000 Pre 0.0113 Rec 0.1000
2026-08-30 07:54:45 | Diag logvar_q_mean=0.0121 logvar_q_clamp=0.0000 logvar_p_mean=0.0121 logvar_p_clamp=0.0000 kappa_log10=2.7727
2026-08-30 07:54:49 | Epoch   7/400 | Train Loss 2.3013 Acc 0.1123 | Val Loss 2.3007 Acc 0.1129 AUC 0.5000 Pre 0.0113 Rec 0.1000
2026-08-30 07:54:50 | Diag logvar_q_mean=0.0121 logvar_q_clamp=0.0000 logvar_p_mean=0.0121 logvar_p_clamp=0.0000 kappa_log10=2.7723
2026-08-30 07:54:54 | Epoch   8/400 | Train Loss 2.3013 Acc 0.1123 | Val Loss 2.3007 Acc 0.1129 AUC 0.5000 Pre 0.0113 Rec 0.1000
2026-08-30 07:54:55 | Diag logvar_q_mean=0.0121 logvar_q_clamp=0.0000 logvar_p_mean=0.0121 logvar_p_clamp=0.0000 kappa_log10=2.7723
2026-08-30 07:54:58 | Epoch   9/400 | Train Loss 2.3013 Acc 0.1123 | Val Loss 2.3007 Acc 0.1129 AUC 0.5000 Pre 0.0113 Rec 0.1000
2026-08-30 07:54:59 | Diag logvar_q_mean=0.0121 logvar_q_clamp=0.0000 logvar_p_mean=0.0121 logvar_p_clamp=0.0000 kappa_log10=2.7720
2026-08-30 07:55:03 | Epoch  10/400 | Train Loss 2.3013 Acc 0.1123 | Val Loss 2.3008 Acc 0.1129 AUC 0.5000 Pre 0.0113 Rec 0.1000
2026-08-30 07:55:04 | Diag logvar_q_mean=0.0121 logvar_q_clamp=0.0000 logvar_p_mean=0.0121 logvar_p_clamp=0.0000 kappa_log10=2.7720
2026-08-30 07:55:08 | Epoch  11/400 | Train Loss 2.3013 Acc 0.1123 | Val Loss 2.3007 Acc 0.1129 AUC 0.5000 Pre 0.0113 Rec 0.1000
2026-08-30 07:55:08 | Diag logvar_q_mean=0.0121 logvar_q_clamp=0.0000 logvar_p_mean=0.0121 logvar_p_clamp=0.0000 kappa_log10=2.7721
2026-08-30 07:55:12 | Epoch  12/400 | Train Loss 2.3013 Acc 0.1123 | Val Loss 2.3008 Acc 0.1129 AUC 0.5000 Pre 0.0113 Rec 0.1000
2026-08-30 07:55:13 | Diag logvar_q_mean=0.0121 logvar_q_clamp=0.0000 logvar_p_mean=0.0121 logvar_p_clamp=0.0000 kappa_log10=2.7728
2026-08-30 07:55:17 | Epoch  13/400 | Train Loss 2.3013 Acc 0.1123 | Val Loss 2.3007 Acc 0.1129 AUC 0.5000 Pre 0.0113 Rec 0.1000
2026-08-30 07:55:17 | Diag logvar_q_mean=0.0121 logvar_q_clamp=0.0000 logvar_p_mean=0.0121 logvar_p_clamp=0.0000 kappa_log10=2.7733
2026-08-30 07:55:21 | Epoch  14/400 | Train Loss 2.3013 Acc 0.1123 | Val Loss 2.3007 Acc 0.1129 AUC 0.5000 Pre 0.0113 Rec 0.1000
2026-08-30 07:55:22 | Diag logvar_q_mean=0.0121 logvar_q_clamp=0.0000 logvar_p_mean=0.0121 logvar_p_clamp=0.0000 kappa_log10=2.7733
2026-08-30 07:55:26 | Epoch  15/400 | Train Loss 2.3013 Acc 0.1123 | Val Loss 2.3007 Acc 0.1129 AUC 0.5000 Pre 0.0113 Rec 0.1000
2026-08-30 07:55:27 | Diag logvar_q_mean=0.0121 logvar_q_clamp=0.0000 logvar_p_mean=0.0121 logvar_p_clamp=0.0000 kappa_log10=2.7738
2026-08-30 07:55:31 | Epoch  16/400 | Train Loss 2.3013 Acc 0.1123 | Val Loss 2.3007 Acc 0.1129 AUC 0.5000 Pre 0.0113 Rec 0.1000
2026-08-30 07:55:31 | Diag logvar_q_mean=0.0121 logvar_q_clamp=0.0000 logvar_p_mean=0.0121 logvar_p_clamp=0.0000 kappa_log10=2.7726
2026-08-30 07:55:35 | Epoch  17/400 | Train Loss 2.3013 Acc 0.1123 | Val Loss 2.3008 Acc 0.1129 AUC 0.5000 Pre 0.0113 Rec 0.1000
2026-08-30 07:55:36 | Diag logvar_q_mean=0.0121 logvar_q_clamp=0.0000 logvar_p_mean=0.0121 logvar_p_clamp=0.0000 kappa_log10=2.7726
2026-08-30 07:55:40 | Epoch  18/400 | Train Loss 2.3013 Acc 0.1123 | Val Loss 2.3007 Acc 0.1129 AUC 0.5000 Pre 0.0113 Rec 0.1000
2026-08-30 07:55:40 | Diag logvar_q_mean=0.0121 logvar_q_clamp=0.0000 logvar_p_mean=0.0121 logvar_p_clamp=0.0000 kappa_log10=2.7726
2026-08-30 07:55:44 | Epoch  19/400 | Train Loss 2.3013 Acc 0.1123 | Val Loss 2.3008 Acc 0.1129 AUC 0.5000 Pre 0.0113 Rec 0.1000
2026-08-30 07:55:45 | Diag logvar_q_mean=0.0121 logvar_q_clamp=0.0000 logvar_p_mean=0.0121 logvar_p_clamp=0.0000 kappa_log10=2.7730
2026-08-30 07:55:49 | Epoch  20/400 | Train Loss 2.3013 Acc 0.1123 | Val Loss 2.3008 Acc 0.1129 AUC 0.5000 Pre 0.0113 Rec 0.1000
2026-08-30 07:55:50 | Diag logvar_q_mean=0.0121 logvar_q_clamp=0.0000 logvar_p_mean=0.0121 logvar_p_clamp=0.0000 kappa_log10=2.7733
2026-08-30 07:55:54 | Epoch  21/400 | Train Loss 2.3013 Acc 0.1123 | Val Loss 2.3007 Acc 0.1129 AUC 0.5000 Pre 0.0113 Rec 0.1000
2026-08-30 07:55:54 | Diag logvar_q_mean=0.0121 logvar_q_clamp=0.0000 logvar_p_mean=0.0121 logvar_p_clamp=0.0000 kappa_log10=2.7734
2026-08-30 07:55:58 | Epoch  22/400 | Train Loss 2.3013 Acc 0.1123 | Val Loss 2.3008 Acc 0.1129 AUC 0.5000 Pre 0.0113 Rec 0.1000
2026-08-30 07:55:59 | Diag logvar_q_mean=0.0121 logvar_q_clamp=0.0000 logvar_p_mean=0.0121 logvar_p_clamp=0.0000 kappa_log10=2.7735
2026-08-30 07:56:03 | Epoch  23/400 | Train Loss 2.3013 Acc 0.1123 | Val Loss 2.3007 Acc 0.1129 AUC 0.5000 Pre 0.0113 Rec 0.1000
2026-08-30 07:56:03 | Diag logvar_q_mean=0.0121 logvar_q_clamp=0.0000 logvar_p_mean=0.0121 logvar_p_clamp=0.0000 kappa_log10=2.7780
2026-08-30 07:56:07 | Epoch  24/400 | Train Loss 2.3013 Acc 0.1123 | Val Loss 2.3007 Acc 0.1129 AUC 0.5000 Pre 0.0113 Rec 0.1000
2026-08-30 07:56:08 | Diag logvar_q_mean=0.0121 logvar_q_clamp=0.0000 logvar_p_mean=0.0121 logvar_p_clamp=0.0000 kappa_log10=2.7782
2026-08-30 07:56:12 | Epoch  25/400 | Train Loss 2.3013 Acc 0.1123 | Val Loss 2.3008 Acc 0.1129 AUC 0.5000 Pre 0.0113 Rec 0.1000
2026-08-30 07:56:13 | Diag logvar_q_mean=0.0121 logvar_q_clamp=0.0000 logvar_p_mean=0.0121 logvar_p_clamp=0.0000 kappa_log10=2.7782
2026-08-30 07:56:17 | Epoch  26/400 | Train Loss 2.3013 Acc 0.1123 | Val Loss 2.3007 Acc 0.1129 AUC 0.5000 Pre 0.0113 Rec 0.1000
2026-08-30 07:56:17 | Diag logvar_q_mean=0.0121 logvar_q_clamp=0.0000 logvar_p_mean=0.0121 logvar_p_clamp=0.0000 kappa_log10=2.7782
2026-08-30 07:56:21 | Epoch  27/400 | Train Loss 2.3013 Acc 0.1123 | Val Loss 2.3007 Acc 0.1129 AUC 0.5000 Pre 0.0113 Rec 0.1000
2026-08-30 07:56:22 | Diag logvar_q_mean=0.0121 logvar_q_clamp=0.0000 logvar_p_mean=0.0121 logvar_p_clamp=0.0000 kappa_log10=2.7814
2026-08-30 07:56:26 | Epoch  28/400 | Train Loss 2.3013 Acc 0.1123 | Val Loss 2.3007 Acc 0.1129 AUC 0.5000 Pre 0.0113 Rec 0.1000
2026-08-30 07:56:26 | Diag logvar_q_mean=0.0121 logvar_q_clamp=0.0000 logvar_p_mean=0.0121 logvar_p_clamp=0.0000 kappa_log10=2.7822
2026-08-30 07:56:30 | Epoch  29/400 | Train Loss 2.3013 Acc 0.1123 | Val Loss 2.3007 Acc 0.1129 AUC 0.5000 Pre 0.0113 Rec 0.1000
2026-08-30 07:56:31 | Diag logvar_q_mean=0.0121 logvar_q_clamp=0.0000 logvar_p_mean=0.0121 logvar_p_clamp=0.0000 kappa_log10=2.7822
2026-08-30 07:56:35 | Epoch  30/400 | Train Loss 2.3013 Acc 0.1123 | Val Loss 2.3008 Acc 0.1129 AUC 0.5000 Pre 0.0113 Rec 0.1000
2026-08-30 07:56:35 | Diag logvar_q_mean=0.0121 logvar_q_clamp=0.0000 logvar_p_mean=0.0121 logvar_p_clamp=0.0000 kappa_log10=2.7827
2026-08-30 07:56:39 | Epoch  31/400 | Train Loss 2.3013 Acc 0.1123 | Val Loss 2.3008 Acc 0.1129 AUC 0.5000 Pre 0.0113 Rec 0.1000
2026-08-30 07:56:40 | Diag logvar_q_mean=0.0121 logvar_q_clamp=0.0000 logvar_p_mean=0.0121 logvar_p_clamp=0.0000 kappa_log10=2.7828
2026-08-30 07:56:44 | Epoch  32/400 | Train Loss 2.3013 Acc 0.1123 | Val Loss 2.3007 Acc 0.1129 AUC 0.5000 Pre 0.0113 Rec 0.1000
2026-08-30 07:56:44 | Diag logvar_q_mean=0.0121 logvar_q_clamp=0.0000 logvar_p_mean=0.0121 logvar_p_clamp=0.0000 kappa_log10=2.7827
2026-08-30 07:56:48 | Epoch  33/400 | Train Loss 2.3013 Acc 0.1123 | Val Loss 2.3007 Acc 0.1129 AUC 0.5000 Pre 0.0113 Rec 0.1000
2026-08-30 07:56:49 | Diag logvar_q_mean=0.0121 logvar_q_clamp=0.0000 logvar_p_mean=0.0121 logvar_p_clamp=0.0000 kappa_log10=2.7827
2026-08-30 07:56:53 | Epoch  34/400 | Train Loss 2.3013 Acc 0.1123 | Val Loss 2.3007 Acc 0.1129 AUC 0.5000 Pre 0.0113 Rec 0.1000
2026-08-30 07:56:54 | Diag logvar_q_mean=0.0121 logvar_q_clamp=0.0000 logvar_p_mean=0.0121 logvar_p_clamp=0.0000 kappa_log10=2.7822
2026-08-30 07:56:58 | Epoch  35/400 | Train Loss 2.3013 Acc 0.1123 | Val Loss 2.3007 Acc 0.1129 AUC 0.5000 Pre 0.0113 Rec 0.1000
2026-08-30 07:56:58 | Diag logvar_q_mean=0.0121 logvar_q_clamp=0.0000 logvar_p_mean=0.0121 logvar_p_clamp=0.0000 kappa_log10=2.7824
2026-08-30 07:57:02 | Epoch  36/400 | Train Loss 2.3013 Acc 0.1123 | Val Loss 2.3007 Acc 0.1129 AUC 0.5000 Pre 0.0113 Rec 0.1000
2026-08-30 07:57:03 | Diag logvar_q_mean=0.0121 logvar_q_clamp=0.0000 logvar_p_mean=0.0121 logvar_p_clamp=0.0000 kappa_log10=2.7818
2026-08-30 07:57:07 | Epoch  37/400 | Train Loss 2.3013 Acc 0.1123 | Val Loss 2.3007 Acc 0.1129 AUC 0.5000 Pre 0.0113 Rec 0.1000
2026-08-30 07:57:07 | Diag logvar_q_mean=0.0121 logvar_q_clamp=0.0000 logvar_p_mean=0.0121 logvar_p_clamp=0.0000 kappa_log10=2.7818
2026-08-30 07:57:11 | Epoch  38/400 | Train Loss 2.3013 Acc 0.1123 | Val Loss 2.3007 Acc 0.1129 AUC 0.5000 Pre 0.0113 Rec 0.1000
2026-08-30 07:57:12 | Diag logvar_q_mean=0.0121 logvar_q_clamp=0.0000 logvar_p_mean=0.0121 logvar_p_clamp=0.0000 kappa_log10=2.7818
2026-08-30 07:57:16 | Epoch  39/400 | Train Loss 2.3013 Acc 0.1123 | Val Loss 2.3007 Acc 0.1129 AUC 0.5000 Pre 0.0113 Rec 0.1000
2026-08-30 07:57:16 | Diag logvar_q_mean=0.0121 logvar_q_clamp=0.0000 logvar_p_mean=0.0121 logvar_p_clamp=0.0000 kappa_log10=2.7818
2026-08-30 07:57:20 | Epoch  40/400 | Train Loss 2.3013 Acc 0.1123 | Val Loss 2.3008 Acc 0.1129 AUC 0.5000 Pre 0.0113 Rec 0.1000
2026-08-30 07:57:21 | Diag logvar_q_mean=0.0121 logvar_q_clamp=0.0000 logvar_p_mean=0.0121 logvar_p_clamp=0.0000 kappa_log10=2.7818
2026-08-30 07:57:25 | Epoch  41/400 | Train Loss 2.3013 Acc 0.1123 | Val Loss 2.3008 Acc 0.1129 AUC 0.5000 Pre 0.0113 Rec 0.1000
2026-08-30 07:57:26 | Diag logvar_q_mean=0.0121 logvar_q_clamp=0.0000 logvar_p_mean=0.0121 logvar_p_clamp=0.0000 kappa_log10=2.7818
2026-08-30 07:57:29 | Epoch  42/400 | Train Loss 2.3013 Acc 0.1123 | Val Loss 2.3007 Acc 0.1129 AUC 0.5000 Pre 0.0113 Rec 0.1000
2026-08-30 07:57:30 | Diag logvar_q_mean=0.0121 logvar_q_clamp=0.0000 logvar_p_mean=0.0121 logvar_p_clamp=0.0000 kappa_log10=2.7818
2026-08-30 07:57:34 | Epoch  43/400 | Train Loss 2.3013 Acc 0.1123 | Val Loss 2.3008 Acc 0.1129 AUC 0.5000 Pre 0.0113 Rec 0.1000
2026-08-30 07:57:35 | Diag logvar_q_mean=0.0121 logvar_q_clamp=0.0000 logvar_p_mean=0.0121 logvar_p_clamp=0.0000 kappa_log10=2.7818
2026-08-30 07:57:39 | Epoch  44/400 | Train Loss 2.3013 Acc 0.1123 | Val Loss 2.3008 Acc 0.1129 AUC 0.5000 Pre 0.0113 Rec 0.1000
2026-08-30 07:57:39 | Diag logvar_q_mean=0.0121 logvar_q_clamp=0.0000 logvar_p_mean=0.0122 logvar_p_clamp=0.0000 kappa_log10=2.7818
2026-08-30 07:57:43 | Epoch  45/400 | Train Loss 2.3013 Acc 0.1123 | Val Loss 2.3008 Acc 0.1129 AUC 0.5000 Pre 0.0113 Rec 0.1000
2026-08-30 07:57:44 | Diag logvar_q_mean=0.0122 logvar_q_clamp=0.0000 logvar_p_mean=0.0121 logvar_p_clamp=0.0000 kappa_log10=2.7818
2026-08-30 07:57:48 | Epoch  46/400 | Train Loss 2.3013 Acc 0.1123 | Val Loss 2.3008 Acc 0.1129 AUC 0.5000 Pre 0.0113 Rec 0.1000
2026-08-30 07:57:48 | Diag logvar_q_mean=0.0122 logvar_q_clamp=0.0000 logvar_p_mean=0.0121 logvar_p_clamp=0.0000 kappa_log10=2.7831
2026-08-30 07:57:52 | Epoch  47/400 | Train Loss 2.3013 Acc 0.1123 | Val Loss 2.3007 Acc 0.1129 AUC 0.5000 Pre 0.0113 Rec 0.1000
2026-08-30 07:57:53 | Diag logvar_q_mean=0.0122 logvar_q_clamp=0.0000 logvar_p_mean=0.0121 logvar_p_clamp=0.0000 kappa_log10=2.7843
2026-08-30 07:57:57 | Epoch  48/400 | Train Loss 2.3013 Acc 0.1123 | Val Loss 2.3008 Acc 0.1129 AUC 0.5000 Pre 0.0113 Rec 0.1000
2026-08-30 07:57:57 | Diag logvar_q_mean=0.0121 logvar_q_clamp=0.0000 logvar_p_mean=0.0122 logvar_p_clamp=0.0000 kappa_log10=2.7843
2026-08-30 07:58:01 | Epoch  49/400 | Train Loss 2.3013 Acc 0.1123 | Val Loss 2.3007 Acc 0.1129 AUC 0.5000 Pre 0.0113 Rec 0.1000
2026-08-30 07:58:02 | Diag logvar_q_mean=0.0122 logvar_q_clamp=0.0000 logvar_p_mean=0.0122 logvar_p_clamp=0.0000 kappa_log10=2.7844
2026-08-30 07:58:06 | Epoch  50/400 | Train Loss 2.3013 Acc 0.1123 | Val Loss 2.3008 Acc 0.1129 AUC 0.5000 Pre 0.0113 Rec 0.1000
2026-08-30 07:58:07 | Diag logvar_q_mean=0.0122 logvar_q_clamp=0.0000 logvar_p_mean=0.0122 logvar_p_clamp=0.0000 kappa_log10=2.7844
2026-08-30 07:58:11 | Epoch  51/400 | Train Loss 2.3013 Acc 0.1123 | Val Loss 2.3008 Acc 0.1129 AUC 0.5000 Pre 0.0113 Rec 0.1000
2026-08-30 07:58:11 | Diag logvar_q_mean=0.0122 logvar_q_clamp=0.0000 logvar_p_mean=0.0122 logvar_p_clamp=0.0000 kappa_log10=2.7846
2026-08-30 07:58:15 | Epoch  52/400 | Train Loss 2.3013 Acc 0.1123 | Val Loss 2.3007 Acc 0.1129 AUC 0.5000 Pre 0.0113 Rec 0.1000
2026-08-30 07:58:16 | Diag logvar_q_mean=0.0122 logvar_q_clamp=0.0000 logvar_p_mean=0.0122 logvar_p_clamp=0.0000 kappa_log10=2.7857
2026-08-30 07:58:20 | Epoch  53/400 | Train Loss 2.3013 Acc 0.1123 | Val Loss 2.3008 Acc 0.1129 AUC 0.5000 Pre 0.0113 Rec 0.1000
2026-08-30 07:58:20 | Diag logvar_q_mean=0.0122 logvar_q_clamp=0.0000 logvar_p_mean=0.0122 logvar_p_clamp=0.0000 kappa_log10=2.7857
2026-08-30 07:58:24 | Epoch  54/400 | Train Loss 2.3013 Acc 0.1123 | Val Loss 2.3007 Acc 0.1129 AUC 0.5000 Pre 0.0113 Rec 0.1000
2026-08-30 07:58:25 | Diag logvar_q_mean=0.0122 logvar_q_clamp=0.0000 logvar_p_mean=0.0122 logvar_p_clamp=0.0000 kappa_log10=2.7857
2026-08-30 07:58:29 | Epoch  55/400 | Train Loss 2.3013 Acc 0.1123 | Val Loss 2.3007 Acc 0.1129 AUC 0.5000 Pre 0.0113 Rec 0.1000
2026-08-30 07:58:30 | Diag logvar_q_mean=0.0122 logvar_q_clamp=0.0000 logvar_p_mean=0.0122 logvar_p_clamp=0.0000 kappa_log10=2.7857
2026-08-30 07:58:34 | Epoch  56/400 | Train Loss 2.3013 Acc 0.1123 | Val Loss 2.3008 Acc 0.1129 AUC 0.5000 Pre 0.0113 Rec 0.1000
2026-08-30 07:58:34 | Diag logvar_q_mean=0.0122 logvar_q_clamp=0.0000 logvar_p_mean=0.0122 logvar_p_clamp=0.0000 kappa_log10=2.7857
2026-08-30 07:58:38 | Epoch  57/400 | Train Loss 2.3013 Acc 0.1123 | Val Loss 2.3008 Acc 0.1129 AUC 0.5000 Pre 0.0113 Rec 0.1000
2026-08-30 07:58:39 | Diag logvar_q_mean=0.0122 logvar_q_clamp=0.0000 logvar_p_mean=0.0122 logvar_p_clamp=0.0000 kappa_log10=2.7857
2026-08-30 07:58:43 | Epoch  58/400 | Train Loss 2.3013 Acc 0.1123 | Val Loss 2.3008 Acc 0.1129 AUC 0.5000 Pre 0.0113 Rec 0.1000
2026-08-30 07:58:43 | Diag logvar_q_mean=0.0122 logvar_q_clamp=0.0000 logvar_p_mean=0.0122 logvar_p_clamp=0.0000 kappa_log10=2.7847
2026-08-30 07:58:47 | Epoch  59/400 | Train Loss 2.3013 Acc 0.1123 | Val Loss 2.3008 Acc 0.1129 AUC 0.5000 Pre 0.0113 Rec 0.1000
2026-08-30 07:58:48 | Diag logvar_q_mean=0.0122 logvar_q_clamp=0.0000 logvar_p_mean=0.0122 logvar_p_clamp=0.0000 kappa_log10=2.7847
2026-08-30 07:58:52 | Epoch  60/400 | Train Loss 2.3013 Acc 0.1123 | Val Loss 2.3008 Acc 0.1129 AUC 0.5000 Pre 0.0113 Rec 0.1000
2026-08-30 07:58:52 | Diag logvar_q_mean=0.0122 logvar_q_clamp=0.0000 logvar_p_mean=0.0122 logvar_p_clamp=0.0000 kappa_log10=2.7847
2026-08-30 07:58:56 | Epoch  61/400 | Train Loss 2.3013 Acc 0.1123 | Val Loss 2.3008 Acc 0.1129 AUC 0.5000 Pre 0.0113 Rec 0.1000
2026-08-30 07:58:57 | Diag logvar_q_mean=0.0122 logvar_q_clamp=0.0000 logvar_p_mean=0.0122 logvar_p_clamp=0.0000 kappa_log10=2.7847
2026-08-30 07:59:01 | Epoch  62/400 | Train Loss 2.3013 Acc 0.1123 | Val Loss 2.3008 Acc 0.1129 AUC 0.5000 Pre 0.0113 Rec 0.1000
2026-08-30 07:59:02 | Diag logvar_q_mean=0.0122 logvar_q_clamp=0.0000 logvar_p_mean=0.0122 logvar_p_clamp=0.0000 kappa_log10=2.7847
2026-08-30 07:59:06 | Epoch  63/400 | Train Loss 2.3013 Acc 0.1123 | Val Loss 2.3007 Acc 0.1129 AUC 0.5000 Pre 0.0113 Rec 0.1000
2026-08-30 07:59:06 | Diag logvar_q_mean=0.0122 logvar_q_clamp=0.0000 logvar_p_mean=0.0122 logvar_p_clamp=0.0000 kappa_log10=2.7847
2026-08-30 07:59:10 | Epoch  64/400 | Train Loss 2.3013 Acc 0.1123 | Val Loss 2.3008 Acc 0.1129 AUC 0.5000 Pre 0.0113 Rec 0.1000
2026-08-30 07:59:11 | Diag logvar_q_mean=0.0122 logvar_q_clamp=0.0000 logvar_p_mean=0.0122 logvar_p_clamp=0.0000 kappa_log10=2.7847
2026-08-30 07:59:15 | Epoch  65/400 | Train Loss 2.3013 Acc 0.1123 | Val Loss 2.3007 Acc 0.1129 AUC 0.5000 Pre 0.0113 Rec 0.1000
2026-08-30 07:59:15 | Diag logvar_q_mean=0.0122 logvar_q_clamp=0.0000 logvar_p_mean=0.0122 logvar_p_clamp=0.0000 kappa_log10=2.7847
2026-08-30 07:59:19 | Epoch  66/400 | Train Loss 2.3013 Acc 0.1123 | Val Loss 2.3007 Acc 0.1129 AUC 0.5000 Pre 0.0113 Rec 0.1000
2026-08-30 07:59:20 | Diag logvar_q_mean=0.0122 logvar_q_clamp=0.0000 logvar_p_mean=0.0122 logvar_p_clamp=0.0000 kappa_log10=2.7847
2026-08-30 07:59:24 | Epoch  67/400 | Train Loss 2.3013 Acc 0.1123 | Val Loss 2.3007 Acc 0.1129 AUC 0.5000 Pre 0.0113 Rec 0.1000
2026-08-30 07:59:25 | Diag logvar_q_mean=0.0122 logvar_q_clamp=0.0000 logvar_p_mean=0.0122 logvar_p_clamp=0.0000 kappa_log10=2.7847
2026-08-30 07:59:28 | Epoch  68/400 | Train Loss 2.3013 Acc 0.1123 | Val Loss 2.3008 Acc 0.1129 AUC 0.5000 Pre 0.0113 Rec 0.1000
2026-08-30 07:59:29 | Diag logvar_q_mean=0.0122 logvar_q_clamp=0.0000 logvar_p_mean=0.0122 logvar_p_clamp=0.0000 kappa_log10=2.7865
2026-08-30 07:59:33 | Epoch  69/400 | Train Loss 2.3013 Acc 0.1123 | Val Loss 2.3007 Acc 0.1129 AUC 0.5000 Pre 0.0113 Rec 0.1000
2026-08-30 07:59:34 | Diag logvar_q_mean=0.0122 logvar_q_clamp=0.0000 logvar_p_mean=0.0122 logvar_p_clamp=0.0000 kappa_log10=2.7866
2026-08-30 07:59:38 | Epoch  70/400 | Train Loss 2.3013 Acc 0.1123 | Val Loss 2.3007 Acc 0.1129 AUC 0.5000 Pre 0.0113 Rec 0.1000
2026-08-30 07:59:38 | Diag logvar_q_mean=0.0122 logvar_q_clamp=0.0000 logvar_p_mean=0.0122 logvar_p_clamp=0.0000 kappa_log10=2.7866
2026-08-30 07:59:42 | Epoch  71/400 | Train Loss 2.3013 Acc 0.1123 | Val Loss 2.3008 Acc 0.1129 AUC 0.5000 Pre 0.0113 Rec 0.1000
2026-08-30 07:59:43 | Diag logvar_q_mean=0.0122 logvar_q_clamp=0.0000 logvar_p_mean=0.0122 logvar_p_clamp=0.0000 kappa_log10=2.7613
2026-08-30 07:59:47 | Epoch  72/400 | Train Loss 2.3013 Acc 0.1123 | Val Loss 2.3008 Acc 0.1129 AUC 0.5000 Pre 0.0113 Rec 0.1000
2026-08-30 07:59:47 | Diag logvar_q_mean=0.0122 logvar_q_clamp=0.0000 logvar_p_mean=0.0122 logvar_p_clamp=0.0000 kappa_log10=2.7611
2026-08-30 07:59:51 | Epoch  73/400 | Train Loss 2.3013 Acc 0.1123 | Val Loss 2.3008 Acc 0.1129 AUC 0.5000 Pre 0.0113 Rec 0.1000
2026-08-30 07:59:52 | Diag logvar_q_mean=0.0122 logvar_q_clamp=0.0000 logvar_p_mean=0.0122 logvar_p_clamp=0.0000 kappa_log10=2.7611
2026-08-30 07:59:56 | Epoch  74/400 | Train Loss 2.3013 Acc 0.1123 | Val Loss 2.3008 Acc 0.1129 AUC 0.5000 Pre 0.0113 Rec 0.1000
2026-08-30 07:59:57 | Diag logvar_q_mean=0.0122 logvar_q_clamp=0.0000 logvar_p_mean=0.0122 logvar_p_clamp=0.0000 kappa_log10=2.7610
2026-08-30 08:00:01 | Epoch  75/400 | Train Loss 2.3013 Acc 0.1123 | Val Loss 2.3007 Acc 0.1129 AUC 0.5000 Pre 0.0113 Rec 0.1000
2026-08-30 08:00:01 | Diag logvar_q_mean=0.0122 logvar_q_clamp=0.0000 logvar_p_mean=0.0122 logvar_p_clamp=0.0000 kappa_log10=2.7610
2026-08-30 08:00:05 | Epoch  76/400 | Train Loss 2.3013 Acc 0.1123 | Val Loss 2.3008 Acc 0.1129 AUC 0.5000 Pre 0.0113 Rec 0.1000
2026-08-30 08:00:06 | Diag logvar_q_mean=0.0122 logvar_q_clamp=0.0000 logvar_p_mean=0.0122 logvar_p_clamp=0.0000 kappa_log10=2.7610
2026-08-30 08:00:10 | Epoch  77/400 | Train Loss 2.3013 Acc 0.1123 | Val Loss 2.3008 Acc 0.1129 AUC 0.5000 Pre 0.0113 Rec 0.1000
2026-08-30 08:00:10 | Diag logvar_q_mean=0.0122 logvar_q_clamp=0.0000 logvar_p_mean=0.0122 logvar_p_clamp=0.0000 kappa_log10=2.7610
2026-08-30 08:00:14 | Epoch  78/400 | Train Loss 2.3013 Acc 0.1123 | Val Loss 2.3008 Acc 0.1129 AUC 0.5000 Pre 0.0113 Rec 0.1000
2026-08-30 08:00:15 | Diag logvar_q_mean=0.0122 logvar_q_clamp=0.0000 logvar_p_mean=0.0122 logvar_p_clamp=0.0000 kappa_log10=2.7604
2026-08-30 08:00:19 | Epoch  79/400 | Train Loss 2.3013 Acc 0.1123 | Val Loss 2.3008 Acc 0.1129 AUC 0.5000 Pre 0.0113 Rec 0.1000
2026-08-30 08:00:19 | Diag logvar_q_mean=0.0122 logvar_q_clamp=0.0000 logvar_p_mean=0.0122 logvar_p_clamp=0.0000 kappa_log10=2.7603
2026-08-30 08:00:23 | Epoch  80/400 | Train Loss 2.3013 Acc 0.1123 | Val Loss 2.3008 Acc 0.1129 AUC 0.5000 Pre 0.0113 Rec 0.1000
2026-08-30 08:00:24 | Diag logvar_q_mean=0.0122 logvar_q_clamp=0.0000 logvar_p_mean=0.0122 logvar_p_clamp=0.0000 kappa_log10=2.7603
2026-08-30 08:00:28 | Epoch  81/400 | Train Loss 2.3013 Acc 0.1123 | Val Loss 2.3008 Acc 0.1129 AUC 0.5000 Pre 0.0113 Rec 0.1000
2026-08-30 08:00:28 | Diag logvar_q_mean=0.0122 logvar_q_clamp=0.0000 logvar_p_mean=0.0122 logvar_p_clamp=0.0000 kappa_log10=2.7604
2026-08-30 08:00:32 | Epoch  82/400 | Train Loss 2.3013 Acc 0.1123 | Val Loss 2.3008 Acc 0.1129 AUC 0.5000 Pre 0.0113 Rec 0.1000
2026-08-30 08:00:33 | Diag logvar_q_mean=0.0122 logvar_q_clamp=0.0000 logvar_p_mean=0.0122 logvar_p_clamp=0.0000 kappa_log10=2.7604
2026-08-30 08:00:37 | Epoch  83/400 | Train Loss 2.3013 Acc 0.1123 | Val Loss 2.3008 Acc 0.1129 AUC 0.5000 Pre 0.0113 Rec 0.1000
2026-08-30 08:00:38 | Diag logvar_q_mean=0.0122 logvar_q_clamp=0.0000 logvar_p_mean=0.0122 logvar_p_clamp=0.0000 kappa_log10=2.7768
2026-08-30 08:00:42 | Epoch  84/400 | Train Loss 2.3013 Acc 0.1123 | Val Loss 2.3008 Acc 0.1129 AUC 0.5000 Pre 0.0113 Rec 0.1000
2026-08-30 08:00:42 | Diag logvar_q_mean=0.0122 logvar_q_clamp=0.0000 logvar_p_mean=0.0122 logvar_p_clamp=0.0000 kappa_log10=2.7871
2026-08-30 08:00:46 | Epoch  85/400 | Train Loss 2.3013 Acc 0.1123 | Val Loss 2.3007 Acc 0.1129 AUC 0.5000 Pre 0.0113 Rec 0.1000
2026-08-30 08:00:47 | Diag logvar_q_mean=0.0122 logvar_q_clamp=0.0000 logvar_p_mean=0.0122 logvar_p_clamp=0.0000 kappa_log10=2.7855
2026-08-30 08:00:51 | Epoch  86/400 | Train Loss 2.3013 Acc 0.1123 | Val Loss 2.3008 Acc 0.1129 AUC 0.5000 Pre 0.0113 Rec 0.1000
2026-08-30 08:00:51 | Diag logvar_q_mean=0.0122 logvar_q_clamp=0.0000 logvar_p_mean=0.0122 logvar_p_clamp=0.0000 kappa_log10=3.1122
2026-08-30 08:00:55 | Epoch  87/400 | Train Loss 2.3013 Acc 0.1123 | Val Loss 2.3007 Acc 0.1129 AUC 0.5000 Pre 0.0113 Rec 0.1000
2026-08-30 08:00:56 | Diag logvar_q_mean=0.0123 logvar_q_clamp=0.0000 logvar_p_mean=0.0122 logvar_p_clamp=0.0000 kappa_log10=3.0534
2026-08-30 08:01:00 | Epoch  88/400 | Train Loss 2.3013 Acc 0.1123 | Val Loss 2.3008 Acc 0.1129 AUC 0.5000 Pre 0.0113 Rec 0.1000
2026-08-30 08:01:01 | Diag logvar_q_mean=0.0122 logvar_q_clamp=0.0000 logvar_p_mean=0.0123 logvar_p_clamp=0.0000 kappa_log10=3.0086
2026-08-30 08:01:05 | Epoch  89/400 | Train Loss 2.3013 Acc 0.1123 | Val Loss 2.3007 Acc 0.1129 AUC 0.5000 Pre 0.0113 Rec 0.1000
2026-08-30 08:01:05 | Diag logvar_q_mean=0.0122 logvar_q_clamp=0.0000 logvar_p_mean=0.0123 logvar_p_clamp=0.0000 kappa_log10=2.9884
2026-08-30 08:01:09 | Epoch  90/400 | Train Loss 2.3013 Acc 0.1123 | Val Loss 2.3007 Acc 0.1129 AUC 0.5000 Pre 0.0113 Rec 0.1000
2026-08-30 08:01:10 | Diag logvar_q_mean=0.0122 logvar_q_clamp=0.0000 logvar_p_mean=0.0123 logvar_p_clamp=0.0000 kappa_log10=2.9614
2026-08-30 08:01:14 | Epoch  91/400 | Train Loss 2.3013 Acc 0.1123 | Val Loss 2.3008 Acc 0.1129 AUC 0.5000 Pre 0.0113 Rec 0.1000
2026-08-30 08:01:14 | Diag logvar_q_mean=0.0123 logvar_q_clamp=0.0000 logvar_p_mean=0.0123 logvar_p_clamp=0.0000 kappa_log10=2.9577
2026-08-30 08:01:18 | Epoch  92/400 | Train Loss 2.3013 Acc 0.1123 | Val Loss 2.3008 Acc 0.1129 AUC 0.5000 Pre 0.0113 Rec 0.1000
2026-08-30 08:01:19 | Diag logvar_q_mean=0.0123 logvar_q_clamp=0.0000 logvar_p_mean=0.0123 logvar_p_clamp=0.0000 kappa_log10=3.1486
2026-08-30 08:01:23 | Epoch  93/400 | Train Loss 2.3013 Acc 0.1123 | Val Loss 2.3008 Acc 0.1129 AUC 0.5000 Pre 0.0113 Rec 0.1000
2026-08-30 08:01:23 | Diag logvar_q_mean=0.0123 logvar_q_clamp=0.0000 logvar_p_mean=0.0123 logvar_p_clamp=0.0000 kappa_log10=3.1901
2026-08-30 08:01:28 | Epoch  94/400 | Train Loss 2.3013 Acc 0.1123 | Val Loss 2.3007 Acc 0.1129 AUC 0.5000 Pre 0.0113 Rec 0.1000
2026-08-30 08:01:28 | Diag logvar_q_mean=0.0123 logvar_q_clamp=0.0000 logvar_p_mean=0.0123 logvar_p_clamp=0.0000 kappa_log10=2.8080
2026-08-30 08:01:32 | Epoch  95/400 | Train Loss 2.3013 Acc 0.1123 | Val Loss 2.3008 Acc 0.1129 AUC 0.5000 Pre 0.0113 Rec 0.1000
2026-08-30 08:01:33 | Diag logvar_q_mean=0.0123 logvar_q_clamp=0.0000 logvar_p_mean=0.0123 logvar_p_clamp=0.0000 kappa_log10=2.9539
2026-08-30 08:01:37 | Epoch  96/400 | Train Loss 2.3013 Acc 0.1123 | Val Loss 2.3008 Acc 0.1129 AUC 0.5000 Pre 0.0113 Rec 0.1000
2026-08-30 08:01:37 | Diag logvar_q_mean=0.0123 logvar_q_clamp=0.0000 logvar_p_mean=0.0123 logvar_p_clamp=0.0000 kappa_log10=2.9900
2026-08-30 08:01:41 | Epoch  97/400 | Train Loss 2.3013 Acc 0.1123 | Val Loss 2.3007 Acc 0.1129 AUC 0.5000 Pre 0.0113 Rec 0.1000
2026-08-30 08:01:42 | Diag logvar_q_mean=0.0123 logvar_q_clamp=0.0000 logvar_p_mean=0.0123 logvar_p_clamp=0.0000 kappa_log10=2.9911
2026-08-30 08:01:46 | Epoch  98/400 | Train Loss 2.3013 Acc 0.1123 | Val Loss 2.3007 Acc 0.1129 AUC 0.5000 Pre 0.0113 Rec 0.1000
2026-08-30 08:01:46 | Diag logvar_q_mean=0.0123 logvar_q_clamp=0.0000 logvar_p_mean=0.0123 logvar_p_clamp=0.0000 kappa_log10=2.9911
2026-08-30 08:01:51 | Epoch  99/400 | Train Loss 2.3013 Acc 0.1123 | Val Loss 2.3008 Acc 0.1129 AUC 0.5000 Pre 0.0113 Rec 0.1000
2026-08-30 08:01:51 | Diag logvar_q_mean=0.0123 logvar_q_clamp=0.0000 logvar_p_mean=0.0123 logvar_p_clamp=0.0000 kappa_log10=3.0933
2026-08-30 08:01:55 | Epoch 100/400 | Train Loss 2.3013 Acc 0.1123 | Val Loss 2.3007 Acc 0.1129 AUC 0.5000 Pre 0.0113 Rec 0.1000
2026-08-30 08:01:56 | Diag logvar_q_mean=0.0123 logvar_q_clamp=0.0000 logvar_p_mean=0.0123 logvar_p_clamp=0.0000 kappa_log10=3.0934
2026-08-30 08:02:00 | Epoch 101/400 | Train Loss 2.3013 Acc 0.1123 | Val Loss 2.3008 Acc 0.1129 AUC 0.5000 Pre 0.0113 Rec 0.1000
2026-08-30 08:02:00 | Diag logvar_q_mean=0.0123 logvar_q_clamp=0.0000 logvar_p_mean=0.0123 logvar_p_clamp=0.0000 kappa_log10=3.0934
2026-08-30 08:02:04 | Epoch 102/400 | Train Loss 2.3013 Acc 0.1123 | Val Loss 2.3007 Acc 0.1129 AUC 0.5000 Pre 0.0113 Rec 0.1000
2026-08-30 08:02:05 | Diag logvar_q_mean=0.0123 logvar_q_clamp=0.0000 logvar_p_mean=0.0123 logvar_p_clamp=0.0000 kappa_log10=3.0934
2026-08-30 08:02:09 | Epoch 103/400 | Train Loss 2.3013 Acc 0.1123 | Val Loss 2.3007 Acc 0.1129 AUC 0.5000 Pre 0.0113 Rec 0.1000
2026-08-30 08:02:09 | Diag logvar_q_mean=0.0123 logvar_q_clamp=0.0000 logvar_p_mean=0.0123 logvar_p_clamp=0.0000 kappa_log10=3.0934
2026-08-30 08:02:14 | Epoch 104/400 | Train Loss 2.3013 Acc 0.1123 | Val Loss 2.3008 Acc 0.1129 AUC 0.5000 Pre 0.0113 Rec 0.1000
2026-08-30 08:02:14 | Diag logvar_q_mean=0.0123 logvar_q_clamp=0.0000 logvar_p_mean=0.0123 logvar_p_clamp=0.0000 kappa_log10=3.0934
2026-08-30 08:02:18 | Epoch 105/400 | Train Loss 2.3013 Acc 0.1123 | Val Loss 2.3007 Acc 0.1129 AUC 0.5000 Pre 0.0113 Rec 0.1000
2026-08-30 08:02:19 | Diag logvar_q_mean=0.0123 logvar_q_clamp=0.0000 logvar_p_mean=0.0123 logvar_p_clamp=0.0000 kappa_log10=3.0934
2026-08-30 08:02:23 | Epoch 106/400 | Train Loss 2.3013 Acc 0.1123 | Val Loss 2.3008 Acc 0.1129 AUC 0.5000 Pre 0.0113 Rec 0.1000
2026-08-30 08:02:23 | Diag logvar_q_mean=0.0124 logvar_q_clamp=0.0000 logvar_p_mean=0.0123 logvar_p_clamp=0.0000 kappa_log10=3.0235
2026-08-30 08:02:27 | Epoch 107/400 | Train Loss 2.3013 Acc 0.1123 | Val Loss 2.3008 Acc 0.1129 AUC 0.5000 Pre 0.0113 Rec 0.1000
2026-08-30 08:02:28 | Diag logvar_q_mean=0.0123 logvar_q_clamp=0.0000 logvar_p_mean=0.0124 logvar_p_clamp=0.0000 kappa_log10=2.9824
2026-08-30 08:02:32 | Epoch 108/400 | Train Loss 2.3013 Acc 0.1123 | Val Loss 2.3008 Acc 0.1129 AUC 0.5000 Pre 0.0113 Rec 0.1000
2026-08-30 08:02:32 | Diag logvar_q_mean=0.0123 logvar_q_clamp=0.0000 logvar_p_mean=0.0123 logvar_p_clamp=0.0000 kappa_log10=2.9121
2026-08-30 08:02:37 | Epoch 109/400 | Train Loss 2.3013 Acc 0.1123 | Val Loss 2.3008 Acc 0.1129 AUC 0.5000 Pre 0.0113 Rec 0.1000
2026-08-30 08:02:37 | Diag logvar_q_mean=0.0124 logvar_q_clamp=0.0000 logvar_p_mean=0.0123 logvar_p_clamp=0.0000 kappa_log10=2.9121
2026-08-30 08:02:41 | Epoch 110/400 | Train Loss 2.3013 Acc 0.1123 | Val Loss 2.3007 Acc 0.1129 AUC 0.5000 Pre 0.0113 Rec 0.1000
2026-08-30 08:02:42 | Diag logvar_q_mean=0.0124 logvar_q_clamp=0.0000 logvar_p_mean=0.0124 logvar_p_clamp=0.0000 kappa_log10=3.1388
2026-08-30 08:02:46 | Epoch 111/400 | Train Loss 2.3015 Acc 0.1123 | Val Loss 2.3008 Acc 0.1129 AUC 0.5000 Pre 0.0113 Rec 0.1000
2026-08-30 08:02:46 | Diag logvar_q_mean=0.0124 logvar_q_clamp=0.0000 logvar_p_mean=0.0125 logvar_p_clamp=0.0000 kappa_log10=3.5354
2026-08-30 08:02:50 | Epoch 112/400 | Train Loss 2.3013 Acc 0.1123 | Val Loss 2.3007 Acc 0.1129 AUC 0.5000 Pre 0.0113 Rec 0.1000
2026-08-30 08:02:51 | Diag logvar_q_mean=0.0125 logvar_q_clamp=0.0000 logvar_p_mean=0.0125 logvar_p_clamp=0.0000 kappa_log10=3.0110
2026-08-30 08:02:55 | Epoch 113/400 | Train Loss 2.3013 Acc 0.1123 | Val Loss 2.3007 Acc 0.1129 AUC 0.5000 Pre 0.0113 Rec 0.1000
2026-08-30 08:02:55 | Diag logvar_q_mean=0.0125 logvar_q_clamp=0.0000 logvar_p_mean=0.0125 logvar_p_clamp=0.0000 kappa_log10=3.0109
2026-08-30 08:02:59 | Epoch 114/400 | Train Loss 2.3013 Acc 0.1123 | Val Loss 2.3008 Acc 0.1129 AUC 0.5000 Pre 0.0113 Rec 0.1000
2026-08-30 08:03:00 | Diag logvar_q_mean=0.0125 logvar_q_clamp=0.0000 logvar_p_mean=0.0125 logvar_p_clamp=0.0000 kappa_log10=3.0109
2026-08-30 08:03:04 | Epoch 115/400 | Train Loss 2.3013 Acc 0.1123 | Val Loss 2.3007 Acc 0.1129 AUC 0.5000 Pre 0.0113 Rec 0.1000
2026-08-30 08:03:05 | Diag logvar_q_mean=0.0125 logvar_q_clamp=0.0000 logvar_p_mean=0.0125 logvar_p_clamp=0.0000 kappa_log10=3.0095
2026-08-30 08:03:09 | Epoch 116/400 | Train Loss 2.3013 Acc 0.1123 | Val Loss 2.3008 Acc 0.1129 AUC 0.5000 Pre 0.0113 Rec 0.1000
2026-08-30 08:03:09 | Diag logvar_q_mean=0.0125 logvar_q_clamp=0.0000 logvar_p_mean=0.0125 logvar_p_clamp=0.0000 kappa_log10=2.9891
2026-08-30 08:03:13 | Epoch 117/400 | Train Loss 2.3013 Acc 0.1123 | Val Loss 2.3008 Acc 0.1129 AUC 0.5000 Pre 0.0113 Rec 0.1000
2026-08-30 08:03:14 | Diag logvar_q_mean=0.0125 logvar_q_clamp=0.0000 logvar_p_mean=0.0125 logvar_p_clamp=0.0000 kappa_log10=2.9891
2026-08-30 08:03:18 | Epoch 118/400 | Train Loss 2.3013 Acc 0.1123 | Val Loss 2.3008 Acc 0.1129 AUC 0.5000 Pre 0.0113 Rec 0.1000
2026-08-30 08:03:18 | Diag logvar_q_mean=0.0125 logvar_q_clamp=0.0000 logvar_p_mean=0.0125 logvar_p_clamp=0.0000 kappa_log10=2.9891
2026-08-30 08:03:23 | Epoch 119/400 | Train Loss 2.3013 Acc 0.1123 | Val Loss 2.3007 Acc 0.1129 AUC 0.5000 Pre 0.0113 Rec 0.1000
2026-08-30 08:03:23 | Diag logvar_q_mean=0.0125 logvar_q_clamp=0.0000 logvar_p_mean=0.0125 logvar_p_clamp=0.0000 kappa_log10=2.9870
2026-08-30 08:03:27 | Epoch 120/400 | Train Loss 2.3013 Acc 0.1123 | Val Loss 2.3007 Acc 0.1129 AUC 0.5000 Pre 0.0113 Rec 0.1000
2026-08-30 08:03:28 | Diag logvar_q_mean=0.0125 logvar_q_clamp=0.0000 logvar_p_mean=0.0125 logvar_p_clamp=0.0000 kappa_log10=3.0293
2026-08-30 08:03:32 | Epoch 121/400 | Train Loss 2.3013 Acc 0.1123 | Val Loss 2.3007 Acc 0.1129 AUC 0.5000 Pre 0.0113 Rec 0.1000
2026-08-30 08:03:32 | Diag logvar_q_mean=0.0125 logvar_q_clamp=0.0000 logvar_p_mean=0.0125 logvar_p_clamp=0.0000 kappa_log10=3.7290
2026-08-30 08:03:36 | Epoch 122/400 | Train Loss 2.3013 Acc 0.1123 | Val Loss 2.3008 Acc 0.1129 AUC 0.5000 Pre 0.0113 Rec 0.1000
2026-08-30 08:03:37 | Diag logvar_q_mean=0.0125 logvar_q_clamp=0.0000 logvar_p_mean=0.0125 logvar_p_clamp=0.0000 kappa_log10=3.7266
2026-08-30 08:03:41 | Epoch 123/400 | Train Loss 2.3013 Acc 0.1123 | Val Loss 2.3007 Acc 0.1129 AUC 0.5000 Pre 0.0113 Rec 0.1000
2026-08-30 08:03:42 | Diag logvar_q_mean=0.0125 logvar_q_clamp=0.0000 logvar_p_mean=0.0125 logvar_p_clamp=0.0000 kappa_log10=3.7266
2026-08-30 08:03:46 | Epoch 124/400 | Train Loss 2.3013 Acc 0.1123 | Val Loss 2.3008 Acc 0.1129 AUC 0.5000 Pre 0.0113 Rec 0.1000
2026-08-30 08:03:46 | Diag logvar_q_mean=0.0126 logvar_q_clamp=0.0000 logvar_p_mean=0.0125 logvar_p_clamp=0.0000 kappa_log10=3.1137
2026-08-30 08:03:50 | Epoch 125/400 | Train Loss 2.3014 Acc 0.1123 | Val Loss 2.3008 Acc 0.1129 AUC 0.5000 Pre 0.0113 Rec 0.1000
2026-08-30 08:03:51 | Diag logvar_q_mean=0.0126 logvar_q_clamp=0.0000 logvar_p_mean=0.0126 logvar_p_clamp=0.0000 kappa_log10=2.7023
2026-08-30 08:03:55 | Epoch 126/400 | Train Loss 2.3013 Acc 0.1123 | Val Loss 2.3008 Acc 0.1129 AUC 0.5000 Pre 0.0113 Rec 0.1000
2026-08-30 08:03:55 | Diag logvar_q_mean=0.0126 logvar_q_clamp=0.0000 logvar_p_mean=0.0126 logvar_p_clamp=0.0000 kappa_log10=2.8530
2026-08-30 08:03:59 | Epoch 127/400 | Train Loss 2.3013 Acc 0.1123 | Val Loss 2.3008 Acc 0.1129 AUC 0.5000 Pre 0.0113 Rec 0.1000
2026-08-30 08:04:00 | Diag logvar_q_mean=0.0126 logvar_q_clamp=0.0000 logvar_p_mean=0.0126 logvar_p_clamp=0.0000 kappa_log10=2.7999
2026-08-30 08:04:04 | Epoch 128/400 | Train Loss 2.3013 Acc 0.1123 | Val Loss 2.3008 Acc 0.1129 AUC 0.5000 Pre 0.0113 Rec 0.1000
2026-08-30 08:04:04 | Diag logvar_q_mean=0.0126 logvar_q_clamp=0.0000 logvar_p_mean=0.0126 logvar_p_clamp=0.0000 kappa_log10=2.7226
2026-08-30 08:04:09 | Epoch 129/400 | Train Loss 2.3013 Acc 0.1123 | Val Loss 2.3008 Acc 0.1129 AUC 0.5000 Pre 0.0113 Rec 0.1000
2026-08-30 08:04:09 | Diag logvar_q_mean=0.0126 logvar_q_clamp=0.0000 logvar_p_mean=0.0126 logvar_p_clamp=0.0000 kappa_log10=2.6785
2026-08-30 08:04:13 | Epoch 130/400 | Train Loss 2.3013 Acc 0.1123 | Val Loss 2.3008 Acc 0.1129 AUC 0.5000 Pre 0.0113 Rec 0.1000
2026-08-30 08:04:14 | Diag logvar_q_mean=0.0126 logvar_q_clamp=0.0000 logvar_p_mean=0.0126 logvar_p_clamp=0.0000 kappa_log10=2.8124
2026-08-30 08:04:18 | Epoch 131/400 | Train Loss 2.3013 Acc 0.1123 | Val Loss 2.3007 Acc 0.1129 AUC 0.5000 Pre 0.0113 Rec 0.1000
2026-08-30 08:04:18 | Diag logvar_q_mean=0.0127 logvar_q_clamp=0.0000 logvar_p_mean=0.0126 logvar_p_clamp=0.0000 kappa_log10=2.9573
2026-08-30 08:04:22 | Epoch 132/400 | Train Loss 2.3013 Acc 0.1123 | Val Loss 2.3008 Acc 0.1129 AUC 0.5000 Pre 0.0113 Rec 0.1000
2026-08-30 08:04:23 | Diag logvar_q_mean=0.0126 logvar_q_clamp=0.0000 logvar_p_mean=0.0126 logvar_p_clamp=0.0000 kappa_log10=2.9573
2026-08-30 08:04:27 | Epoch 133/400 | Train Loss 2.3013 Acc 0.1123 | Val Loss 2.3008 Acc 0.1129 AUC 0.5000 Pre 0.0113 Rec 0.1000
2026-08-30 08:04:27 | Diag logvar_q_mean=0.0126 logvar_q_clamp=0.0000 logvar_p_mean=0.0127 logvar_p_clamp=0.0000 kappa_log10=2.9573
2026-08-30 08:04:32 | Epoch 134/400 | Train Loss 2.3014 Acc 0.1123 | Val Loss 2.3007 Acc 0.1129 AUC 0.5000 Pre 0.0113 Rec 0.1000
2026-08-30 08:04:32 | Diag logvar_q_mean=0.0127 logvar_q_clamp=0.0000 logvar_p_mean=0.0127 logvar_p_clamp=0.0000 kappa_log10=3.3317
2026-08-30 08:04:36 | Epoch 135/400 | Train Loss 2.3013 Acc 0.1123 | Val Loss 2.3008 Acc 0.1129 AUC 0.5000 Pre 0.0113 Rec 0.1000
2026-08-30 08:04:37 | Diag logvar_q_mean=0.0127 logvar_q_clamp=0.0000 logvar_p_mean=0.0127 logvar_p_clamp=0.0000 kappa_log10=3.2469
2026-08-30 08:04:41 | Epoch 136/400 | Train Loss 2.3013 Acc 0.1123 | Val Loss 2.3008 Acc 0.1129 AUC 0.5000 Pre 0.0113 Rec 0.1000
2026-08-30 08:04:41 | Diag logvar_q_mean=0.0127 logvar_q_clamp=0.0000 logvar_p_mean=0.0127 logvar_p_clamp=0.0000 kappa_log10=3.3670
2026-08-30 08:04:45 | Epoch 137/400 | Train Loss 2.3013 Acc 0.1123 | Val Loss 2.3007 Acc 0.1129 AUC 0.5000 Pre 0.0113 Rec 0.1000
2026-08-30 08:04:46 | Diag logvar_q_mean=0.0127 logvar_q_clamp=0.0000 logvar_p_mean=0.0127 logvar_p_clamp=0.0000 kappa_log10=3.4741
2026-08-30 08:04:50 | Epoch 138/400 | Train Loss 2.3013 Acc 0.1123 | Val Loss 2.3008 Acc 0.1129 AUC 0.5000 Pre 0.0113 Rec 0.1000
2026-08-30 08:04:50 | Diag logvar_q_mean=0.0127 logvar_q_clamp=0.0000 logvar_p_mean=0.0127 logvar_p_clamp=0.0000 kappa_log10=3.3865
2026-08-30 08:04:54 | Epoch 139/400 | Train Loss 2.3013 Acc 0.1123 | Val Loss 2.3008 Acc 0.1129 AUC 0.5000 Pre 0.0113 Rec 0.1000
2026-08-30 08:04:55 | Diag logvar_q_mean=0.0127 logvar_q_clamp=0.0000 logvar_p_mean=0.0127 logvar_p_clamp=0.0000 kappa_log10=3.3510
2026-08-30 08:04:59 | Epoch 140/400 | Train Loss 2.3013 Acc 0.1123 | Val Loss 2.3008 Acc 0.1129 AUC 0.5000 Pre 0.0113 Rec 0.1000
2026-08-30 08:05:00 | Diag logvar_q_mean=0.0127 logvar_q_clamp=0.0000 logvar_p_mean=0.0127 logvar_p_clamp=0.0000 kappa_log10=3.3509
2026-08-30 08:05:04 | Epoch 141/400 | Train Loss 2.3013 Acc 0.1123 | Val Loss 2.3008 Acc 0.1129 AUC 0.5000 Pre 0.0113 Rec 0.1000
2026-08-30 08:05:04 | Diag logvar_q_mean=0.0128 logvar_q_clamp=0.0000 logvar_p_mean=0.0128 logvar_p_clamp=0.0000 kappa_log10=3.3424
2026-08-30 08:05:08 | Epoch 142/400 | Train Loss 2.3013 Acc 0.1123 | Val Loss 2.3008 Acc 0.1129 AUC 0.5000 Pre 0.0113 Rec 0.1000
2026-08-30 08:05:09 | Diag logvar_q_mean=0.0128 logvar_q_clamp=0.0000 logvar_p_mean=0.0128 logvar_p_clamp=0.0000 kappa_log10=3.3424
2026-08-30 08:05:13 | Epoch 143/400 | Train Loss 2.3013 Acc 0.1123 | Val Loss 2.3008 Acc 0.1129 AUC 0.5000 Pre 0.0113 Rec 0.1000
2026-08-30 08:05:14 | Diag logvar_q_mean=0.0128 logvar_q_clamp=0.0000 logvar_p_mean=0.0128 logvar_p_clamp=0.0000 kappa_log10=3.3423
2026-08-30 08:05:18 | Epoch 144/400 | Train Loss 2.3013 Acc 0.1123 | Val Loss 2.3008 Acc 0.1129 AUC 0.5000 Pre 0.0113 Rec 0.1000
2026-08-30 08:05:18 | Diag logvar_q_mean=0.0128 logvar_q_clamp=0.0000 logvar_p_mean=0.0128 logvar_p_clamp=0.0000 kappa_log10=2.8375
2026-08-30 08:05:22 | Epoch 145/400 | Train Loss 2.3013 Acc 0.1123 | Val Loss 2.3008 Acc 0.1129 AUC 0.5000 Pre 0.0113 Rec 0.1000
2026-08-30 08:05:23 | Diag logvar_q_mean=0.0128 logvar_q_clamp=0.0000 logvar_p_mean=0.0128 logvar_p_clamp=0.0000 kappa_log10=2.8375
2026-08-30 08:05:27 | Epoch 146/400 | Train Loss 2.3013 Acc 0.1123 | Val Loss 2.3008 Acc 0.1129 AUC 0.5000 Pre 0.0113 Rec 0.1000
2026-08-30 08:05:28 | Diag logvar_q_mean=0.0128 logvar_q_clamp=0.0000 logvar_p_mean=0.0128 logvar_p_clamp=0.0000 kappa_log10=2.8517
2026-08-30 08:05:32 | Epoch 147/400 | Train Loss 2.3013 Acc 0.1123 | Val Loss 2.3008 Acc 0.1129 AUC 0.5000 Pre 0.0113 Rec 0.1000
2026-08-30 08:05:32 | Diag logvar_q_mean=0.0128 logvar_q_clamp=0.0000 logvar_p_mean=0.0128 logvar_p_clamp=0.0000 kappa_log10=2.8534
2026-08-30 08:05:36 | Epoch 148/400 | Train Loss 2.3013 Acc 0.1123 | Val Loss 2.3007 Acc 0.1129 AUC 0.5000 Pre 0.0113 Rec 0.1000
2026-08-30 08:05:37 | Diag logvar_q_mean=0.0128 logvar_q_clamp=0.0000 logvar_p_mean=0.0128 logvar_p_clamp=0.0000 kappa_log10=2.8534
2026-08-30 08:05:41 | Epoch 149/400 | Train Loss 2.3013 Acc 0.1123 | Val Loss 2.3007 Acc 0.1129 AUC 0.5000 Pre 0.0113 Rec 0.1000
2026-08-30 08:05:41 | Diag logvar_q_mean=0.0128 logvar_q_clamp=0.0000 logvar_p_mean=0.0128 logvar_p_clamp=0.0000 kappa_log10=2.8568
2026-08-30 08:05:45 | Epoch 150/400 | Train Loss 2.3013 Acc 0.1123 | Val Loss 2.3007 Acc 0.1129 AUC 0.5000 Pre 0.0113 Rec 0.1000
2026-08-30 08:05:46 | Diag logvar_q_mean=0.0128 logvar_q_clamp=0.0000 logvar_p_mean=0.0128 logvar_p_clamp=0.0000 kappa_log10=2.8589
2026-08-30 08:05:50 | Epoch 151/400 | Train Loss 2.3013 Acc 0.1123 | Val Loss 2.3008 Acc 0.1129 AUC 0.5000 Pre 0.0113 Rec 0.1000
2026-08-30 08:05:51 | Diag logvar_q_mean=0.0128 logvar_q_clamp=0.0000 logvar_p_mean=0.0128 logvar_p_clamp=0.0000 kappa_log10=2.8589
2026-08-30 08:05:54 | Epoch 152/400 | Train Loss 2.3013 Acc 0.1123 | Val Loss 2.3008 Acc 0.1129 AUC 0.5000 Pre 0.0113 Rec 0.1000
2026-08-30 08:05:55 | Diag logvar_q_mean=0.0128 logvar_q_clamp=0.0000 logvar_p_mean=0.0128 logvar_p_clamp=0.0000 kappa_log10=2.8589
2026-08-30 08:05:59 | Epoch 153/400 | Train Loss 2.3013 Acc 0.1123 | Val Loss 2.3007 Acc 0.1129 AUC 0.5000 Pre 0.0113 Rec 0.1000
2026-08-30 08:06:00 | Diag logvar_q_mean=0.0128 logvar_q_clamp=0.0000 logvar_p_mean=0.0128 logvar_p_clamp=0.0000 kappa_log10=2.8589
2026-08-30 08:06:04 | Epoch 154/400 | Train Loss 2.3013 Acc 0.1123 | Val Loss 2.3007 Acc 0.1129 AUC 0.5000 Pre 0.0113 Rec 0.1000
2026-08-30 08:06:04 | Diag logvar_q_mean=0.0128 logvar_q_clamp=0.0000 logvar_p_mean=0.0128 logvar_p_clamp=0.0000 kappa_log10=2.8589
2026-08-30 08:06:08 | Epoch 155/400 | Train Loss 2.3013 Acc 0.1123 | Val Loss 2.3007 Acc 0.1129 AUC 0.5000 Pre 0.0113 Rec 0.1000
2026-08-30 08:06:09 | Diag logvar_q_mean=0.0128 logvar_q_clamp=0.0000 logvar_p_mean=0.0128 logvar_p_clamp=0.0000 kappa_log10=2.8589
2026-08-30 08:06:13 | Epoch 156/400 | Train Loss 2.3013 Acc 0.1123 | Val Loss 2.3008 Acc 0.1129 AUC 0.5000 Pre 0.0113 Rec 0.1000
2026-08-30 08:06:13 | Diag logvar_q_mean=0.0128 logvar_q_clamp=0.0000 logvar_p_mean=0.0128 logvar_p_clamp=0.0000 kappa_log10=2.8589
2026-08-30 08:06:17 | Epoch 157/400 | Train Loss 2.3013 Acc 0.1123 | Val Loss 2.3008 Acc 0.1129 AUC 0.5000 Pre 0.0113 Rec 0.1000
2026-08-30 08:06:18 | Diag logvar_q_mean=0.0128 logvar_q_clamp=0.0000 logvar_p_mean=0.0128 logvar_p_clamp=0.0000 kappa_log10=2.8589
2026-08-30 08:06:22 | Epoch 158/400 | Train Loss 2.3013 Acc 0.1123 | Val Loss 2.3008 Acc 0.1129 AUC 0.5000 Pre 0.0113 Rec 0.1000
2026-08-30 08:06:23 | Diag logvar_q_mean=0.0128 logvar_q_clamp=0.0000 logvar_p_mean=0.0128 logvar_p_clamp=0.0000 kappa_log10=2.8589
2026-08-30 08:06:27 | Epoch 159/400 | Train Loss 2.3013 Acc 0.1123 | Val Loss 2.3008 Acc 0.1129 AUC 0.5000 Pre 0.0113 Rec 0.1000
2026-08-30 08:06:27 | Diag logvar_q_mean=0.0128 logvar_q_clamp=0.0000 logvar_p_mean=0.0128 logvar_p_clamp=0.0000 kappa_log10=2.8589
2026-08-30 08:06:31 | Epoch 160/400 | Train Loss 2.3013 Acc 0.1123 | Val Loss 2.3008 Acc 0.1129 AUC 0.5000 Pre 0.0113 Rec 0.1000
2026-08-30 08:06:32 | Diag logvar_q_mean=0.0129 logvar_q_clamp=0.0000 logvar_p_mean=0.0129 logvar_p_clamp=0.0000 kappa_log10=2.8589
2026-08-30 08:06:36 | Epoch 161/400 | Train Loss 2.3013 Acc 0.1123 | Val Loss 2.3008 Acc 0.1129 AUC 0.5000 Pre 0.0113 Rec 0.1000
2026-08-30 08:06:36 | Diag logvar_q_mean=0.0129 logvar_q_clamp=0.0000 logvar_p_mean=0.0129 logvar_p_clamp=0.0000 kappa_log10=2.8589
2026-08-30 08:06:40 | Epoch 162/400 | Train Loss 2.3013 Acc 0.1123 | Val Loss 2.3008 Acc 0.1129 AUC 0.5000 Pre 0.0113 Rec 0.1000
2026-08-30 08:06:41 | Diag logvar_q_mean=0.0129 logvar_q_clamp=0.0000 logvar_p_mean=0.0129 logvar_p_clamp=0.0000 kappa_log10=2.8589
2026-08-30 08:06:45 | Epoch 163/400 | Train Loss 2.3013 Acc 0.1123 | Val Loss 2.3008 Acc 0.1129 AUC 0.5000 Pre 0.0113 Rec 0.1000
2026-08-30 08:06:45 | Diag logvar_q_mean=0.0129 logvar_q_clamp=0.0000 logvar_p_mean=0.0129 logvar_p_clamp=0.0000 kappa_log10=2.8589
2026-08-30 08:06:50 | Epoch 164/400 | Train Loss 2.3013 Acc 0.1123 | Val Loss 2.3007 Acc 0.1129 AUC 0.5000 Pre 0.0113 Rec 0.1000
2026-08-30 08:06:50 | Diag logvar_q_mean=0.0129 logvar_q_clamp=0.0000 logvar_p_mean=0.0129 logvar_p_clamp=0.0000 kappa_log10=3.2538
2026-08-30 08:06:54 | Epoch 165/400 | Train Loss 2.3013 Acc 0.1123 | Val Loss 2.3007 Acc 0.1129 AUC 0.5000 Pre 0.0113 Rec 0.1000
2026-08-30 08:06:55 | Diag logvar_q_mean=0.0129 logvar_q_clamp=0.0000 logvar_p_mean=0.0129 logvar_p_clamp=0.0000 kappa_log10=3.4700
2026-08-30 08:06:59 | Epoch 166/400 | Train Loss 2.3013 Acc 0.1123 | Val Loss 2.3008 Acc 0.1129 AUC 0.5000 Pre 0.0113 Rec 0.1000
2026-08-30 08:06:59 | Diag logvar_q_mean=0.0129 logvar_q_clamp=0.0000 logvar_p_mean=0.0129 logvar_p_clamp=0.0000 kappa_log10=3.4700
2026-08-30 08:07:03 | Epoch 167/400 | Train Loss 2.3014 Acc 0.1123 | Val Loss 2.3008 Acc 0.1129 AUC 0.5000 Pre 0.0113 Rec 0.1000
2026-08-30 08:07:04 | Diag logvar_q_mean=0.0129 logvar_q_clamp=0.0000 logvar_p_mean=0.0129 logvar_p_clamp=0.0000 kappa_log10=3.8054
2026-08-30 08:07:08 | Epoch 168/400 | Train Loss 2.3013 Acc 0.1123 | Val Loss 2.3007 Acc 0.1129 AUC 0.5000 Pre 0.0113 Rec 0.1000
2026-08-30 08:07:09 | Diag logvar_q_mean=0.0129 logvar_q_clamp=0.0000 logvar_p_mean=0.0129 logvar_p_clamp=0.0000 kappa_log10=3.8110
2026-08-30 08:07:13 | Epoch 169/400 | Train Loss 2.3013 Acc 0.1123 | Val Loss 2.3007 Acc 0.1129 AUC 0.5000 Pre 0.0113 Rec 0.1000
2026-08-30 08:07:13 | Diag logvar_q_mean=0.0129 logvar_q_clamp=0.0000 logvar_p_mean=0.0129 logvar_p_clamp=0.0000 kappa_log10=3.6768
2026-08-30 08:07:17 | Epoch 170/400 | Train Loss 2.3013 Acc 0.1123 | Val Loss 2.3008 Acc 0.1129 AUC 0.5000 Pre 0.0113 Rec 0.1000
2026-08-30 08:07:18 | Diag logvar_q_mean=0.0129 logvar_q_clamp=0.0000 logvar_p_mean=0.0129 logvar_p_clamp=0.0000 kappa_log10=3.6768
2026-08-30 08:07:22 | Epoch 171/400 | Train Loss 2.3013 Acc 0.1123 | Val Loss 2.3008 Acc 0.1129 AUC 0.5000 Pre 0.0113 Rec 0.1000
2026-08-30 08:07:23 | Diag logvar_q_mean=0.0129 logvar_q_clamp=0.0000 logvar_p_mean=0.0129 logvar_p_clamp=0.0000 kappa_log10=3.6768
2026-08-30 08:07:27 | Epoch 172/400 | Train Loss 2.3013 Acc 0.1123 | Val Loss 2.3008 Acc 0.1129 AUC 0.5000 Pre 0.0113 Rec 0.1000
2026-08-30 08:07:27 | Diag logvar_q_mean=0.0129 logvar_q_clamp=0.0000 logvar_p_mean=0.0129 logvar_p_clamp=0.0000 kappa_log10=3.6768
2026-08-30 08:07:31 | Epoch 173/400 | Train Loss 2.3013 Acc 0.1123 | Val Loss 2.3008 Acc 0.1129 AUC 0.5000 Pre 0.0113 Rec 0.1000
2026-08-30 08:07:32 | Diag logvar_q_mean=0.0129 logvar_q_clamp=0.0000 logvar_p_mean=0.0130 logvar_p_clamp=0.0000 kappa_log10=3.6768
2026-08-30 08:07:36 | Epoch 174/400 | Train Loss 2.3013 Acc 0.1123 | Val Loss 2.3008 Acc 0.1129 AUC 0.5000 Pre 0.0113 Rec 0.1000
2026-08-30 08:07:36 | Diag logvar_q_mean=0.0129 logvar_q_clamp=0.0000 logvar_p_mean=0.0130 logvar_p_clamp=0.0000 kappa_log10=3.6768
2026-08-30 08:07:40 | Epoch 175/400 | Train Loss 2.3013 Acc 0.1123 | Val Loss 2.3008 Acc 0.1129 AUC 0.5000 Pre 0.0113 Rec 0.1000
2026-08-30 08:07:41 | Diag logvar_q_mean=0.0130 logvar_q_clamp=0.0000 logvar_p_mean=0.0130 logvar_p_clamp=0.0000 kappa_log10=3.6768
2026-08-30 08:07:45 | Epoch 176/400 | Train Loss 2.3013 Acc 0.1123 | Val Loss 2.3008 Acc 0.1129 AUC 0.5000 Pre 0.0113 Rec 0.1000
2026-08-30 08:07:45 | Diag logvar_q_mean=0.0130 logvar_q_clamp=0.0000 logvar_p_mean=0.0130 logvar_p_clamp=0.0000 kappa_log10=3.3536
2026-08-30 08:07:49 | Epoch 177/400 | Train Loss 2.3013 Acc 0.1123 | Val Loss 2.3007 Acc 0.1129 AUC 0.5000 Pre 0.0113 Rec 0.1000
2026-08-30 08:07:50 | Diag logvar_q_mean=0.0130 logvar_q_clamp=0.0000 logvar_p_mean=0.0130 logvar_p_clamp=0.0000 kappa_log10=3.3536
2026-08-30 08:07:54 | Epoch 178/400 | Train Loss 2.3013 Acc 0.1123 | Val Loss 2.3008 Acc 0.1129 AUC 0.5000 Pre 0.0113 Rec 0.1000
2026-08-30 08:07:54 | Diag logvar_q_mean=0.0130 logvar_q_clamp=0.0000 logvar_p_mean=0.0130 logvar_p_clamp=0.0000 kappa_log10=3.3536
2026-08-30 08:07:58 | Epoch 179/400 | Train Loss 2.3013 Acc 0.1123 | Val Loss 2.3008 Acc 0.1129 AUC 0.5000 Pre 0.0113 Rec 0.1000
2026-08-30 08:07:59 | Diag logvar_q_mean=0.0130 logvar_q_clamp=0.0000 logvar_p_mean=0.0130 logvar_p_clamp=0.0000 kappa_log10=3.3536
2026-08-30 08:08:03 | Epoch 180/400 | Train Loss 2.3013 Acc 0.1123 | Val Loss 2.3008 Acc 0.1129 AUC 0.5000 Pre 0.0113 Rec 0.1000
2026-08-30 08:08:04 | Diag logvar_q_mean=0.0130 logvar_q_clamp=0.0000 logvar_p_mean=0.0130 logvar_p_clamp=0.0000 kappa_log10=3.3536
2026-08-30 08:08:08 | Epoch 181/400 | Train Loss 2.3013 Acc 0.1123 | Val Loss 2.3007 Acc 0.1129 AUC 0.5000 Pre 0.0113 Rec 0.1000
2026-08-30 08:08:08 | Diag logvar_q_mean=0.0130 logvar_q_clamp=0.0000 logvar_p_mean=0.0130 logvar_p_clamp=0.0000 kappa_log10=3.3536
2026-08-30 08:08:12 | Epoch 182/400 | Train Loss 2.3013 Acc 0.1123 | Val Loss 2.3008 Acc 0.1129 AUC 0.5000 Pre 0.0113 Rec 0.1000
2026-08-30 08:08:13 | Diag logvar_q_mean=0.0130 logvar_q_clamp=0.0000 logvar_p_mean=0.0130 logvar_p_clamp=0.0000 kappa_log10=3.3536
2026-08-30 08:08:17 | Epoch 183/400 | Train Loss 2.3013 Acc 0.1123 | Val Loss 2.3008 Acc 0.1129 AUC 0.5000 Pre 0.0113 Rec 0.1000
2026-08-30 08:08:17 | Diag logvar_q_mean=0.0130 logvar_q_clamp=0.0000 logvar_p_mean=0.0130 logvar_p_clamp=0.0000 kappa_log10=3.3536
2026-08-30 08:08:21 | Epoch 184/400 | Train Loss 2.3013 Acc 0.1123 | Val Loss 2.3007 Acc 0.1129 AUC 0.5000 Pre 0.0113 Rec 0.1000
2026-08-30 08:08:22 | Diag logvar_q_mean=0.0130 logvar_q_clamp=0.0000 logvar_p_mean=0.0130 logvar_p_clamp=0.0000 kappa_log10=3.3536
2026-08-30 08:08:26 | Epoch 185/400 | Train Loss 2.3013 Acc 0.1123 | Val Loss 2.3008 Acc 0.1129 AUC 0.5000 Pre 0.0113 Rec 0.1000
2026-08-30 08:08:26 | Diag logvar_q_mean=0.0130 logvar_q_clamp=0.0000 logvar_p_mean=0.0130 logvar_p_clamp=0.0000 kappa_log10=3.3536
2026-08-30 08:08:30 | Epoch 186/400 | Train Loss 2.3013 Acc 0.1123 | Val Loss 2.3007 Acc 0.1129 AUC 0.5000 Pre 0.0113 Rec 0.1000
2026-08-30 08:08:31 | Diag logvar_q_mean=0.0130 logvar_q_clamp=0.0000 logvar_p_mean=0.0130 logvar_p_clamp=0.0000 kappa_log10=3.3536
2026-08-30 08:08:35 | Epoch 187/400 | Train Loss 2.3013 Acc 0.1123 | Val Loss 2.3008 Acc 0.1129 AUC 0.5000 Pre 0.0113 Rec 0.1000
2026-08-30 08:08:35 | Diag logvar_q_mean=0.0130 logvar_q_clamp=0.0000 logvar_p_mean=0.0130 logvar_p_clamp=0.0000 kappa_log10=3.3536
2026-08-30 08:08:39 | Epoch 188/400 | Train Loss 2.3013 Acc 0.1123 | Val Loss 2.3008 Acc 0.1129 AUC 0.5000 Pre 0.0113 Rec 0.1000
2026-08-30 08:08:40 | Diag logvar_q_mean=0.0130 logvar_q_clamp=0.0000 logvar_p_mean=0.0130 logvar_p_clamp=0.0000 kappa_log10=3.3536
2026-08-30 08:08:44 | Epoch 189/400 | Train Loss 2.3013 Acc 0.1123 | Val Loss 2.3008 Acc 0.1129 AUC 0.5000 Pre 0.0113 Rec 0.1000
2026-08-30 08:08:45 | Diag logvar_q_mean=0.0130 logvar_q_clamp=0.0000 logvar_p_mean=0.0130 logvar_p_clamp=0.0000 kappa_log10=3.0399
2026-08-30 08:08:48 | Epoch 190/400 | Train Loss 2.3013 Acc 0.1123 | Val Loss 2.3008 Acc 0.1129 AUC 0.5000 Pre 0.0113 Rec 0.1000
2026-08-30 08:08:49 | Diag logvar_q_mean=0.0130 logvar_q_clamp=0.0000 logvar_p_mean=0.0130 logvar_p_clamp=0.0000 kappa_log10=2.9174
2026-08-30 08:08:53 | Epoch 191/400 | Train Loss 2.3013 Acc 0.1123 | Val Loss 2.3007 Acc 0.1129 AUC 0.5000 Pre 0.0113 Rec 0.1000
2026-08-30 08:08:54 | Diag logvar_q_mean=0.0131 logvar_q_clamp=0.0000 logvar_p_mean=0.0130 logvar_p_clamp=0.0000 kappa_log10=3.5343
2026-08-30 08:08:57 | Epoch 192/400 | Train Loss 2.3013 Acc 0.1123 | Val Loss 2.3008 Acc 0.1129 AUC 0.5000 Pre 0.0113 Rec 0.1000
2026-08-30 08:08:58 | Diag logvar_q_mean=0.0131 logvar_q_clamp=0.0000 logvar_p_mean=0.0130 logvar_p_clamp=0.0000 kappa_log10=3.3847
2026-08-30 08:09:02 | Epoch 193/400 | Train Loss 2.3013 Acc 0.1123 | Val Loss 2.3008 Acc 0.1129 AUC 0.5000 Pre 0.0113 Rec 0.1000
2026-08-30 08:09:03 | Diag logvar_q_mean=0.0131 logvar_q_clamp=0.0000 logvar_p_mean=0.0130 logvar_p_clamp=0.0000 kappa_log10=3.9488
2026-08-30 08:09:06 | Epoch 194/400 | Train Loss 2.3013 Acc 0.1123 | Val Loss 2.3008 Acc 0.1129 AUC 0.5000 Pre 0.0113 Rec 0.1000
2026-08-30 08:09:07 | Diag logvar_q_mean=0.0131 logvar_q_clamp=0.0000 logvar_p_mean=0.0131 logvar_p_clamp=0.0000 kappa_log10=3.9553
2026-08-30 08:09:11 | Epoch 195/400 | Train Loss 2.3013 Acc 0.1123 | Val Loss 2.3008 Acc 0.1129 AUC 0.5000 Pre 0.0113 Rec 0.1000
2026-08-30 08:09:12 | Diag logvar_q_mean=0.0131 logvar_q_clamp=0.0000 logvar_p_mean=0.0131 logvar_p_clamp=0.0000 kappa_log10=3.9553
2026-08-30 08:09:15 | Epoch 196/400 | Train Loss 2.3013 Acc 0.1123 | Val Loss 2.3008 Acc 0.1129 AUC 0.5000 Pre 0.0113 Rec 0.1000
2026-08-30 08:09:16 | Diag logvar_q_mean=0.0131 logvar_q_clamp=0.0000 logvar_p_mean=0.0131 logvar_p_clamp=0.0000 kappa_log10=3.3119
2026-08-30 08:09:20 | Epoch 197/400 | Train Loss 2.3013 Acc 0.1123 | Val Loss 2.3008 Acc 0.1129 AUC 0.5000 Pre 0.0113 Rec 0.1000
2026-08-30 08:09:21 | Diag logvar_q_mean=0.0131 logvar_q_clamp=0.0000 logvar_p_mean=0.0131 logvar_p_clamp=0.0000 kappa_log10=3.6597
2026-08-30 08:09:25 | Epoch 198/400 | Train Loss 2.3013 Acc 0.1123 | Val Loss 2.3008 Acc 0.1129 AUC 0.5000 Pre 0.0113 Rec 0.1000
2026-08-30 08:09:25 | Diag logvar_q_mean=0.0131 logvar_q_clamp=0.0000 logvar_p_mean=0.0131 logvar_p_clamp=0.0000 kappa_log10=3.6666
2026-08-30 08:09:29 | Epoch 199/400 | Train Loss 2.3013 Acc 0.1123 | Val Loss 2.3007 Acc 0.1129 AUC 0.5000 Pre 0.0113 Rec 0.1000
2026-08-30 08:09:30 | Diag logvar_q_mean=0.0131 logvar_q_clamp=0.0000 logvar_p_mean=0.0131 logvar_p_clamp=0.0000 kappa_log10=3.2379
2026-08-30 08:09:34 | Epoch 200/400 | Train Loss 2.3013 Acc 0.1123 | Val Loss 2.3007 Acc 0.1129 AUC 0.5000 Pre 0.0113 Rec 0.1000
2026-08-30 08:09:34 | Diag logvar_q_mean=0.0131 logvar_q_clamp=0.0000 logvar_p_mean=0.0131 logvar_p_clamp=0.0000 kappa_log10=3.2379
2026-08-30 08:09:38 | Epoch 201/400 | Train Loss 2.3013 Acc 0.1123 | Val Loss 2.3008 Acc 0.1129 AUC 0.5000 Pre 0.0113 Rec 0.1000
2026-08-30 08:09:39 | Diag logvar_q_mean=0.0131 logvar_q_clamp=0.0000 logvar_p_mean=0.0131 logvar_p_clamp=0.0000 kappa_log10=3.2379
2026-08-30 08:09:43 | Epoch 202/400 | Train Loss 2.3013 Acc 0.1123 | Val Loss 2.3008 Acc 0.1129 AUC 0.5000 Pre 0.0113 Rec 0.1000
2026-08-30 08:09:44 | Diag logvar_q_mean=0.0131 logvar_q_clamp=0.0000 logvar_p_mean=0.0131 logvar_p_clamp=0.0000 kappa_log10=3.2379
2026-08-30 08:09:48 | Epoch 203/400 | Train Loss 2.3013 Acc 0.1123 | Val Loss 2.3008 Acc 0.1129 AUC 0.5000 Pre 0.0113 Rec 0.1000
2026-08-30 08:09:48 | Diag logvar_q_mean=0.0131 logvar_q_clamp=0.0000 logvar_p_mean=0.0131 logvar_p_clamp=0.0000 kappa_log10=3.2379
2026-08-30 08:09:52 | Epoch 204/400 | Train Loss 2.3013 Acc 0.1123 | Val Loss 2.3008 Acc 0.1129 AUC 0.5000 Pre 0.0113 Rec 0.1000
2026-08-30 08:09:53 | Diag logvar_q_mean=0.0131 logvar_q_clamp=0.0000 logvar_p_mean=0.0131 logvar_p_clamp=0.0000 kappa_log10=3.2379
2026-08-30 08:09:57 | Epoch 205/400 | Train Loss 2.3013 Acc 0.1123 | Val Loss 2.3007 Acc 0.1129 AUC 0.5000 Pre 0.0113 Rec 0.1000
2026-08-30 08:09:57 | Diag logvar_q_mean=0.0131 logvar_q_clamp=0.0000 logvar_p_mean=0.0131 logvar_p_clamp=0.0000 kappa_log10=3.2379
2026-08-30 08:10:01 | Epoch 206/400 | Train Loss 2.3014 Acc 0.1123 | Val Loss 2.3007 Acc 0.1129 AUC 0.5000 Pre 0.0113 Rec 0.1000
2026-08-30 08:10:02 | Diag logvar_q_mean=0.0132 logvar_q_clamp=0.0000 logvar_p_mean=0.0132 logvar_p_clamp=0.0000 kappa_log10=2.8213
2026-08-30 08:10:06 | Epoch 207/400 | Train Loss 2.3013 Acc 0.1123 | Val Loss 2.3008 Acc 0.1129 AUC 0.5000 Pre 0.0113 Rec 0.1000
2026-08-30 08:10:07 | Diag logvar_q_mean=0.0132 logvar_q_clamp=0.0000 logvar_p_mean=0.0132 logvar_p_clamp=0.0000 kappa_log10=2.8411
2026-08-30 08:10:11 | Epoch 208/400 | Train Loss 2.3013 Acc 0.1123 | Val Loss 2.3008 Acc 0.1129 AUC 0.5000 Pre 0.0113 Rec 0.1000
2026-08-30 08:10:11 | Diag logvar_q_mean=0.0132 logvar_q_clamp=0.0000 logvar_p_mean=0.0132 logvar_p_clamp=0.0000 kappa_log10=2.8411
2026-08-30 08:10:15 | Epoch 209/400 | Train Loss 2.3013 Acc 0.1123 | Val Loss 2.3007 Acc 0.1129 AUC 0.5000 Pre 0.0113 Rec 0.1000
2026-08-30 08:10:16 | Diag logvar_q_mean=0.0132 logvar_q_clamp=0.0000 logvar_p_mean=0.0132 logvar_p_clamp=0.0000 kappa_log10=2.8411
2026-08-30 08:10:20 | Epoch 210/400 | Train Loss 2.3013 Acc 0.1123 | Val Loss 2.3007 Acc 0.1129 AUC 0.5000 Pre 0.0113 Rec 0.1000
2026-08-30 08:10:20 | Diag logvar_q_mean=0.0132 logvar_q_clamp=0.0000 logvar_p_mean=0.0132 logvar_p_clamp=0.0000 kappa_log10=2.8411
2026-08-30 08:10:24 | Epoch 211/400 | Train Loss 2.3013 Acc 0.1123 | Val Loss 2.3007 Acc 0.1129 AUC 0.5000 Pre 0.0113 Rec 0.1000
2026-08-30 08:10:25 | Diag logvar_q_mean=0.0132 logvar_q_clamp=0.0000 logvar_p_mean=0.0132 logvar_p_clamp=0.0000 kappa_log10=3.7480
2026-08-30 08:10:29 | Epoch 212/400 | Train Loss 2.3013 Acc 0.1123 | Val Loss 2.3008 Acc 0.1129 AUC 0.5000 Pre 0.0113 Rec 0.1000
2026-08-30 08:10:30 | Diag logvar_q_mean=0.0132 logvar_q_clamp=0.0000 logvar_p_mean=0.0132 logvar_p_clamp=0.0000 kappa_log10=3.7474
2026-08-30 08:10:34 | Epoch 213/400 | Train Loss 2.3013 Acc 0.1123 | Val Loss 2.3008 Acc 0.1129 AUC 0.5000 Pre 0.0113 Rec 0.1000
2026-08-30 08:10:34 | Diag logvar_q_mean=0.0132 logvar_q_clamp=0.0000 logvar_p_mean=0.0132 logvar_p_clamp=0.0000 kappa_log10=3.7473
2026-08-30 08:10:38 | Epoch 214/400 | Train Loss 2.3013 Acc 0.1123 | Val Loss 2.3008 Acc 0.1129 AUC 0.5000 Pre 0.0113 Rec 0.1000
2026-08-30 08:10:39 | Diag logvar_q_mean=0.0132 logvar_q_clamp=0.0000 logvar_p_mean=0.0132 logvar_p_clamp=0.0000 kappa_log10=3.7473
2026-08-30 08:10:43 | Epoch 215/400 | Train Loss 2.3013 Acc 0.1123 | Val Loss 2.3008 Acc 0.1129 AUC 0.5000 Pre 0.0113 Rec 0.1000
2026-08-30 08:10:43 | Diag logvar_q_mean=0.0132 logvar_q_clamp=0.0000 logvar_p_mean=0.0132 logvar_p_clamp=0.0000 kappa_log10=3.7473
2026-08-30 08:10:47 | Epoch 216/400 | Train Loss 2.3013 Acc 0.1123 | Val Loss 2.3008 Acc 0.1129 AUC 0.5000 Pre 0.0113 Rec 0.1000
2026-08-30 08:10:48 | Diag logvar_q_mean=0.0132 logvar_q_clamp=0.0000 logvar_p_mean=0.0132 logvar_p_clamp=0.0000 kappa_log10=3.7473
2026-08-30 08:10:52 | Epoch 217/400 | Train Loss 2.3013 Acc 0.1123 | Val Loss 2.3007 Acc 0.1129 AUC 0.5000 Pre 0.0113 Rec 0.1000
2026-08-30 08:10:53 | Diag logvar_q_mean=0.0132 logvar_q_clamp=0.0000 logvar_p_mean=0.0132 logvar_p_clamp=0.0000 kappa_log10=3.7473
2026-08-30 08:10:57 | Epoch 218/400 | Train Loss 2.3013 Acc 0.1123 | Val Loss 2.3007 Acc 0.1129 AUC 0.5000 Pre 0.0113 Rec 0.1000
2026-08-30 08:10:57 | Diag logvar_q_mean=0.0132 logvar_q_clamp=0.0000 logvar_p_mean=0.0132 logvar_p_clamp=0.0000 kappa_log10=3.7473
2026-08-30 08:11:01 | Epoch 219/400 | Train Loss 2.3013 Acc 0.1123 | Val Loss 2.3007 Acc 0.1129 AUC 0.5000 Pre 0.0113 Rec 0.1000
2026-08-30 08:11:02 | Diag logvar_q_mean=0.0132 logvar_q_clamp=0.0000 logvar_p_mean=0.0132 logvar_p_clamp=0.0000 kappa_log10=3.7473
2026-08-30 08:11:06 | Epoch 220/400 | Train Loss 2.3013 Acc 0.1123 | Val Loss 2.3007 Acc 0.1129 AUC 0.5000 Pre 0.0113 Rec 0.1000
2026-08-30 08:11:06 | Diag logvar_q_mean=0.0132 logvar_q_clamp=0.0000 logvar_p_mean=0.0132 logvar_p_clamp=0.0000 kappa_log10=3.7473
2026-08-30 08:11:10 | Epoch 221/400 | Train Loss 2.3013 Acc 0.1123 | Val Loss 2.3007 Acc 0.1129 AUC 0.5000 Pre 0.0113 Rec 0.1000
2026-08-30 08:11:11 | Diag logvar_q_mean=0.0132 logvar_q_clamp=0.0000 logvar_p_mean=0.0132 logvar_p_clamp=0.0000 kappa_log10=2.6514
2026-08-30 08:11:15 | Epoch 222/400 | Train Loss 2.3013 Acc 0.1123 | Val Loss 2.3007 Acc 0.1129 AUC 0.5000 Pre 0.0113 Rec 0.1000
2026-08-30 08:11:16 | Diag logvar_q_mean=0.0132 logvar_q_clamp=0.0000 logvar_p_mean=0.0132 logvar_p_clamp=0.0000 kappa_log10=2.6513
2026-08-30 08:11:20 | Epoch 223/400 | Train Loss 2.3013 Acc 0.1123 | Val Loss 2.3008 Acc 0.1129 AUC 0.5000 Pre 0.0113 Rec 0.1000
2026-08-30 08:11:20 | Diag logvar_q_mean=0.0132 logvar_q_clamp=0.0000 logvar_p_mean=0.0132 logvar_p_clamp=0.0000 kappa_log10=2.6513
2026-08-30 08:11:24 | Epoch 224/400 | Train Loss 2.3013 Acc 0.1123 | Val Loss 2.3007 Acc 0.1129 AUC 0.5000 Pre 0.0113 Rec 0.1000
2026-08-30 08:11:25 | Diag logvar_q_mean=0.0132 logvar_q_clamp=0.0000 logvar_p_mean=0.0133 logvar_p_clamp=0.0000 kappa_log10=2.6513
2026-08-30 08:11:29 | Epoch 225/400 | Train Loss 2.3013 Acc 0.1123 | Val Loss 2.3007 Acc 0.1129 AUC 0.5000 Pre 0.0113 Rec 0.1000
2026-08-30 08:11:29 | Diag logvar_q_mean=0.0133 logvar_q_clamp=0.0000 logvar_p_mean=0.0133 logvar_p_clamp=0.0000 kappa_log10=2.6513
2026-08-30 08:11:33 | Epoch 226/400 | Train Loss 2.3014 Acc 0.1123 | Val Loss 2.3007 Acc 0.1129 AUC 0.5000 Pre 0.0113 Rec 0.1000
2026-08-30 08:11:34 | Diag logvar_q_mean=0.0133 logvar_q_clamp=0.0000 logvar_p_mean=0.0133 logvar_p_clamp=0.0000 kappa_log10=2.5933
2026-08-30 08:11:38 | Epoch 227/400 | Train Loss 2.3013 Acc 0.1123 | Val Loss 2.3008 Acc 0.1129 AUC 0.5000 Pre 0.0113 Rec 0.1000
2026-08-30 08:11:39 | Diag logvar_q_mean=0.0133 logvar_q_clamp=0.0000 logvar_p_mean=0.0133 logvar_p_clamp=0.0000 kappa_log10=2.5933
2026-08-30 08:11:43 | Epoch 228/400 | Train Loss 2.3013 Acc 0.1123 | Val Loss 2.3007 Acc 0.1129 AUC 0.5000 Pre 0.0113 Rec 0.1000
2026-08-30 08:11:43 | Diag logvar_q_mean=0.0133 logvar_q_clamp=0.0000 logvar_p_mean=0.0133 logvar_p_clamp=0.0000 kappa_log10=2.5933
2026-08-30 08:11:47 | Epoch 229/400 | Train Loss 2.3013 Acc 0.1123 | Val Loss 2.3008 Acc 0.1129 AUC 0.5000 Pre 0.0113 Rec 0.1000
2026-08-30 08:11:48 | Diag logvar_q_mean=0.0133 logvar_q_clamp=0.0000 logvar_p_mean=0.0133 logvar_p_clamp=0.0000 kappa_log10=2.5933
2026-08-30 08:11:52 | Epoch 230/400 | Train Loss 2.3013 Acc 0.1123 | Val Loss 2.3008 Acc 0.1129 AUC 0.5000 Pre 0.0113 Rec 0.1000
2026-08-30 08:11:52 | Diag logvar_q_mean=0.0133 logvar_q_clamp=0.0000 logvar_p_mean=0.0133 logvar_p_clamp=0.0000 kappa_log10=2.5933
2026-08-30 08:11:56 | Epoch 231/400 | Train Loss 2.3013 Acc 0.1123 | Val Loss 2.3008 Acc 0.1129 AUC 0.5000 Pre 0.0113 Rec 0.1000
2026-08-30 08:11:57 | Diag logvar_q_mean=0.0133 logvar_q_clamp=0.0000 logvar_p_mean=0.0133 logvar_p_clamp=0.0000 kappa_log10=2.5933
2026-08-30 08:12:01 | Epoch 232/400 | Train Loss 2.3013 Acc 0.1123 | Val Loss 2.3008 Acc 0.1129 AUC 0.5000 Pre 0.0113 Rec 0.1000
2026-08-30 08:12:02 | Diag logvar_q_mean=0.0133 logvar_q_clamp=0.0000 logvar_p_mean=0.0133 logvar_p_clamp=0.0000 kappa_log10=2.5933
2026-08-30 08:12:06 | Epoch 233/400 | Train Loss 2.3013 Acc 0.1123 | Val Loss 2.3008 Acc 0.1129 AUC 0.5000 Pre 0.0113 Rec 0.1000
2026-08-30 08:12:06 | Diag logvar_q_mean=0.0133 logvar_q_clamp=0.0000 logvar_p_mean=0.0133 logvar_p_clamp=0.0000 kappa_log10=2.5933
2026-08-30 08:12:10 | Epoch 234/400 | Train Loss 2.3013 Acc 0.1123 | Val Loss 2.3007 Acc 0.1129 AUC 0.5000 Pre 0.0113 Rec 0.1000
2026-08-30 08:12:11 | Diag logvar_q_mean=0.0133 logvar_q_clamp=0.0000 logvar_p_mean=0.0133 logvar_p_clamp=0.0000 kappa_log10=2.5933
2026-08-30 08:12:15 | Epoch 235/400 | Train Loss 2.3013 Acc 0.1123 | Val Loss 2.3008 Acc 0.1129 AUC 0.5000 Pre 0.0113 Rec 0.1000
2026-08-30 08:12:15 | Diag logvar_q_mean=0.0133 logvar_q_clamp=0.0000 logvar_p_mean=0.0133 logvar_p_clamp=0.0000 kappa_log10=2.5933
2026-08-30 08:12:19 | Epoch 236/400 | Train Loss 2.3013 Acc 0.1123 | Val Loss 2.3007 Acc 0.1129 AUC 0.5000 Pre 0.0113 Rec 0.1000
2026-08-30 08:12:20 | Diag logvar_q_mean=0.0133 logvar_q_clamp=0.0000 logvar_p_mean=0.0133 logvar_p_clamp=0.0000 kappa_log10=2.5933
2026-08-30 08:12:24 | Epoch 237/400 | Train Loss 2.3013 Acc 0.1123 | Val Loss 2.3008 Acc 0.1129 AUC 0.5000 Pre 0.0113 Rec 0.1000
2026-08-30 08:12:25 | Diag logvar_q_mean=0.0133 logvar_q_clamp=0.0000 logvar_p_mean=0.0133 logvar_p_clamp=0.0000 kappa_log10=2.5933
2026-08-30 08:12:29 | Epoch 238/400 | Train Loss 2.3013 Acc 0.1123 | Val Loss 2.3008 Acc 0.1129 AUC 0.5000 Pre 0.0113 Rec 0.1000
2026-08-30 08:12:29 | Diag logvar_q_mean=0.0133 logvar_q_clamp=0.0000 logvar_p_mean=0.0133 logvar_p_clamp=0.0000 kappa_log10=2.5933
2026-08-30 08:12:33 | Epoch 239/400 | Train Loss 2.3013 Acc 0.1123 | Val Loss 2.3008 Acc 0.1129 AUC 0.5000 Pre 0.0113 Rec 0.1000
2026-08-30 08:12:34 | Diag logvar_q_mean=0.0133 logvar_q_clamp=0.0000 logvar_p_mean=0.0133 logvar_p_clamp=0.0000 kappa_log10=2.5933
2026-08-30 08:12:38 | Epoch 240/400 | Train Loss 2.3013 Acc 0.1123 | Val Loss 2.3007 Acc 0.1129 AUC 0.5000 Pre 0.0113 Rec 0.1000
2026-08-30 08:12:39 | Diag logvar_q_mean=0.0134 logvar_q_clamp=0.0000 logvar_p_mean=0.0133 logvar_p_clamp=0.0000 kappa_log10=2.5933
2026-08-30 08:12:43 | Epoch 241/400 | Train Loss 2.3013 Acc 0.1123 | Val Loss 2.3008 Acc 0.1129 AUC 0.5000 Pre 0.0113 Rec 0.1000
2026-08-30 08:12:43 | Diag logvar_q_mean=0.0134 logvar_q_clamp=0.0000 logvar_p_mean=0.0133 logvar_p_clamp=0.0000 kappa_log10=2.5933
2026-08-30 08:12:47 | Epoch 242/400 | Train Loss 2.3013 Acc 0.1123 | Val Loss 2.3008 Acc 0.1129 AUC 0.5000 Pre 0.0113 Rec 0.1000
2026-08-30 08:12:48 | Diag logvar_q_mean=0.0134 logvar_q_clamp=0.0000 logvar_p_mean=0.0134 logvar_p_clamp=0.0000 kappa_log10=2.5933
2026-08-30 08:12:52 | Epoch 243/400 | Train Loss 2.3013 Acc 0.1123 | Val Loss 2.3008 Acc 0.1129 AUC 0.5000 Pre 0.0113 Rec 0.1000
2026-08-30 08:12:53 | Diag logvar_q_mean=0.0134 logvar_q_clamp=0.0000 logvar_p_mean=0.0134 logvar_p_clamp=0.0000 kappa_log10=2.5933
2026-08-30 08:12:57 | Epoch 244/400 | Train Loss 2.3013 Acc 0.1123 | Val Loss 2.3008 Acc 0.1129 AUC 0.5000 Pre 0.0113 Rec 0.1000
2026-08-30 08:12:57 | Diag logvar_q_mean=0.0134 logvar_q_clamp=0.0000 logvar_p_mean=0.0134 logvar_p_clamp=0.0000 kappa_log10=2.5933
2026-08-30 08:13:01 | Epoch 245/400 | Train Loss 2.3013 Acc 0.1123 | Val Loss 2.3008 Acc 0.1129 AUC 0.5000 Pre 0.0113 Rec 0.1000
2026-08-30 08:13:02 | Diag logvar_q_mean=0.0134 logvar_q_clamp=0.0000 logvar_p_mean=0.0134 logvar_p_clamp=0.0000 kappa_log10=2.5933
2026-08-30 08:13:06 | Epoch 246/400 | Train Loss 2.3013 Acc 0.1123 | Val Loss 2.3008 Acc 0.1129 AUC 0.5000 Pre 0.0113 Rec 0.1000
2026-08-30 08:13:06 | Diag logvar_q_mean=0.0134 logvar_q_clamp=0.0000 logvar_p_mean=0.0134 logvar_p_clamp=0.0000 kappa_log10=2.5933
2026-08-30 08:13:10 | Epoch 247/400 | Train Loss 2.3013 Acc 0.1123 | Val Loss 2.3008 Acc 0.1129 AUC 0.5000 Pre 0.0113 Rec 0.1000
2026-08-30 08:13:11 | Diag logvar_q_mean=0.0134 logvar_q_clamp=0.0000 logvar_p_mean=0.0134 logvar_p_clamp=0.0000 kappa_log10=2.5806
2026-08-30 08:13:15 | Epoch 248/400 | Train Loss 2.3013 Acc 0.1123 | Val Loss 2.3008 Acc 0.1129 AUC 0.5000 Pre 0.0113 Rec 0.1000
2026-08-30 08:13:16 | Diag logvar_q_mean=0.0134 logvar_q_clamp=0.0000 logvar_p_mean=0.0134 logvar_p_clamp=0.0000 kappa_log10=2.5824
2026-08-30 08:13:20 | Epoch 249/400 | Train Loss 2.3013 Acc 0.1123 | Val Loss 2.3008 Acc 0.1129 AUC 0.5000 Pre 0.0113 Rec 0.1000
2026-08-30 08:13:20 | Diag logvar_q_mean=0.0134 logvar_q_clamp=0.0000 logvar_p_mean=0.0134 logvar_p_clamp=0.0000 kappa_log10=2.5823
2026-08-30 08:13:24 | Epoch 250/400 | Train Loss 2.3013 Acc 0.1123 | Val Loss 2.3008 Acc 0.1129 AUC 0.5000 Pre 0.0113 Rec 0.1000
2026-08-30 08:13:25 | Diag logvar_q_mean=0.0134 logvar_q_clamp=0.0000 logvar_p_mean=0.0134 logvar_p_clamp=0.0000 kappa_log10=2.5823
2026-08-30 08:13:29 | Epoch 251/400 | Train Loss 2.3013 Acc 0.1123 | Val Loss 2.3008 Acc 0.1129 AUC 0.5000 Pre 0.0113 Rec 0.1000
2026-08-30 08:13:29 | Diag logvar_q_mean=0.0134 logvar_q_clamp=0.0000 logvar_p_mean=0.0134 logvar_p_clamp=0.0000 kappa_log10=2.5823
2026-08-30 08:13:33 | Epoch 252/400 | Train Loss 2.3013 Acc 0.1123 | Val Loss 2.3008 Acc 0.1129 AUC 0.5000 Pre 0.0113 Rec 0.1000
2026-08-30 08:13:34 | Diag logvar_q_mean=0.0134 logvar_q_clamp=0.0000 logvar_p_mean=0.0134 logvar_p_clamp=0.0000 kappa_log10=2.5823
2026-08-30 08:13:38 | Epoch 253/400 | Train Loss 2.3013 Acc 0.1123 | Val Loss 2.3008 Acc 0.1129 AUC 0.5000 Pre 0.0113 Rec 0.1000
2026-08-30 08:13:39 | Diag logvar_q_mean=0.0134 logvar_q_clamp=0.0000 logvar_p_mean=0.0134 logvar_p_clamp=0.0000 kappa_log10=2.5823
2026-08-30 08:13:43 | Epoch 254/400 | Train Loss 2.3013 Acc 0.1123 | Val Loss 2.3008 Acc 0.1129 AUC 0.5000 Pre 0.0113 Rec 0.1000
2026-08-30 08:13:43 | Diag logvar_q_mean=0.0134 logvar_q_clamp=0.0000 logvar_p_mean=0.0134 logvar_p_clamp=0.0000 kappa_log10=2.5823
2026-08-30 08:13:47 | Epoch 255/400 | Train Loss 2.3013 Acc 0.1123 | Val Loss 2.3007 Acc 0.1129 AUC 0.5000 Pre 0.0113 Rec 0.1000
2026-08-30 08:13:48 | Diag logvar_q_mean=0.0134 logvar_q_clamp=0.0000 logvar_p_mean=0.0134 logvar_p_clamp=0.0000 kappa_log10=2.4499
2026-08-30 08:13:52 | Epoch 256/400 | Train Loss 2.3013 Acc 0.1123 | Val Loss 2.3008 Acc 0.1129 AUC 0.5000 Pre 0.0113 Rec 0.1000
2026-08-30 08:13:52 | Diag logvar_q_mean=0.0134 logvar_q_clamp=0.0000 logvar_p_mean=0.0134 logvar_p_clamp=0.0000 kappa_log10=2.4498
2026-08-30 08:13:56 | Epoch 257/400 | Train Loss 2.3013 Acc 0.1123 | Val Loss 2.3008 Acc 0.1129 AUC 0.5000 Pre 0.0113 Rec 0.1000
2026-08-30 08:13:57 | Diag logvar_q_mean=0.0134 logvar_q_clamp=0.0000 logvar_p_mean=0.0134 logvar_p_clamp=0.0000 kappa_log10=2.4498
2026-08-30 08:14:01 | Epoch 258/400 | Train Loss 2.3013 Acc 0.1123 | Val Loss 2.3007 Acc 0.1129 AUC 0.5000 Pre 0.0113 Rec 0.1000
2026-08-30 08:14:02 | Diag logvar_q_mean=0.0134 logvar_q_clamp=0.0000 logvar_p_mean=0.0134 logvar_p_clamp=0.0000 kappa_log10=2.4498
2026-08-30 08:14:05 | Epoch 259/400 | Train Loss 2.3013 Acc 0.1123 | Val Loss 2.3008 Acc 0.1129 AUC 0.5000 Pre 0.0113 Rec 0.1000
2026-08-30 08:14:06 | Diag logvar_q_mean=0.0134 logvar_q_clamp=0.0000 logvar_p_mean=0.0134 logvar_p_clamp=0.0000 kappa_log10=2.4498
2026-08-30 08:14:10 | Epoch 260/400 | Train Loss 2.3013 Acc 0.1123 | Val Loss 2.3008 Acc 0.1129 AUC 0.5000 Pre 0.0113 Rec 0.1000
2026-08-30 08:14:11 | Diag logvar_q_mean=0.0134 logvar_q_clamp=0.0000 logvar_p_mean=0.0134 logvar_p_clamp=0.0000 kappa_log10=2.4498
2026-08-30 08:14:15 | Epoch 261/400 | Train Loss 2.3013 Acc 0.1123 | Val Loss 2.3008 Acc 0.1129 AUC 0.5000 Pre 0.0113 Rec 0.1000
2026-08-30 08:14:15 | Diag logvar_q_mean=0.0134 logvar_q_clamp=0.0000 logvar_p_mean=0.0135 logvar_p_clamp=0.0000 kappa_log10=2.4498
2026-08-30 08:14:19 | Epoch 262/400 | Train Loss 2.3014 Acc 0.1122 | Val Loss 2.3008 Acc 0.1129 AUC 0.5000 Pre 0.0113 Rec 0.1000
2026-08-30 08:14:20 | Diag logvar_q_mean=0.0135 logvar_q_clamp=0.0000 logvar_p_mean=0.0135 logvar_p_clamp=0.0000 kappa_log10=2.4866
2026-08-30 08:14:24 | Epoch 263/400 | Train Loss 2.3013 Acc 0.1123 | Val Loss 2.3007 Acc 0.1129 AUC 0.5000 Pre 0.0113 Rec 0.1000
2026-08-30 08:14:25 | Diag logvar_q_mean=0.0135 logvar_q_clamp=0.0000 logvar_p_mean=0.0135 logvar_p_clamp=0.0000 kappa_log10=2.5476
2026-08-30 08:14:29 | Epoch 264/400 | Train Loss 2.3013 Acc 0.1123 | Val Loss 2.3008 Acc 0.1129 AUC 0.5000 Pre 0.0113 Rec 0.1000
2026-08-30 08:14:29 | Diag logvar_q_mean=0.0135 logvar_q_clamp=0.0000 logvar_p_mean=0.0135 logvar_p_clamp=0.0000 kappa_log10=2.5476
2026-08-30 08:14:33 | Epoch 265/400 | Train Loss 2.3013 Acc 0.1123 | Val Loss 2.3008 Acc 0.1129 AUC 0.5000 Pre 0.0113 Rec 0.1000
2026-08-30 08:14:34 | Diag logvar_q_mean=0.0135 logvar_q_clamp=0.0000 logvar_p_mean=0.0135 logvar_p_clamp=0.0000 kappa_log10=2.5476
2026-08-30 08:14:38 | Epoch 266/400 | Train Loss 2.3013 Acc 0.1123 | Val Loss 2.3008 Acc 0.1129 AUC 0.5000 Pre 0.0113 Rec 0.1000
2026-08-30 08:14:38 | Diag logvar_q_mean=0.0135 logvar_q_clamp=0.0000 logvar_p_mean=0.0135 logvar_p_clamp=0.0000 kappa_log10=2.5476
2026-08-30 08:14:42 | Epoch 267/400 | Train Loss 2.3013 Acc 0.1123 | Val Loss 2.3008 Acc 0.1129 AUC 0.5000 Pre 0.0113 Rec 0.1000
2026-08-30 08:14:43 | Diag logvar_q_mean=0.0135 logvar_q_clamp=0.0000 logvar_p_mean=0.0135 logvar_p_clamp=0.0000 kappa_log10=2.5476
2026-08-30 08:14:47 | Epoch 268/400 | Train Loss 2.3013 Acc 0.1123 | Val Loss 2.3008 Acc 0.1129 AUC 0.5000 Pre 0.0113 Rec 0.1000
2026-08-30 08:14:47 | Diag logvar_q_mean=0.0135 logvar_q_clamp=0.0000 logvar_p_mean=0.0135 logvar_p_clamp=0.0000 kappa_log10=2.5476
2026-08-30 08:14:51 | Epoch 269/400 | Train Loss 2.3013 Acc 0.1123 | Val Loss 2.3007 Acc 0.1129 AUC 0.5000 Pre 0.0113 Rec 0.1000
2026-08-30 08:14:52 | Diag logvar_q_mean=0.0135 logvar_q_clamp=0.0000 logvar_p_mean=0.0135 logvar_p_clamp=0.0000 kappa_log10=2.5476
2026-08-30 08:14:56 | Epoch 270/400 | Train Loss 2.3013 Acc 0.1123 | Val Loss 2.3007 Acc 0.1129 AUC 0.5000 Pre 0.0113 Rec 0.1000
2026-08-30 08:14:56 | Diag logvar_q_mean=0.0135 logvar_q_clamp=0.0000 logvar_p_mean=0.0135 logvar_p_clamp=0.0000 kappa_log10=2.5476
2026-08-30 08:15:00 | Epoch 271/400 | Train Loss 2.3013 Acc 0.1123 | Val Loss 2.3008 Acc 0.1129 AUC 0.5000 Pre 0.0113 Rec 0.1000
2026-08-30 08:15:01 | Diag logvar_q_mean=0.0135 logvar_q_clamp=0.0000 logvar_p_mean=0.0135 logvar_p_clamp=0.0000 kappa_log10=2.6804
2026-08-30 08:15:05 | Epoch 272/400 | Train Loss 2.3013 Acc 0.1123 | Val Loss 2.3007 Acc 0.1129 AUC 0.5000 Pre 0.0113 Rec 0.1000
2026-08-30 08:15:06 | Diag logvar_q_mean=0.0135 logvar_q_clamp=0.0000 logvar_p_mean=0.0136 logvar_p_clamp=0.0000 kappa_log10=3.1863
2026-08-30 08:15:10 | Epoch 273/400 | Train Loss 2.3013 Acc 0.1123 | Val Loss 2.3008 Acc 0.1129 AUC 0.5000 Pre 0.0113 Rec 0.1000
2026-08-30 08:15:10 | Diag logvar_q_mean=0.0136 logvar_q_clamp=0.0000 logvar_p_mean=0.0135 logvar_p_clamp=0.0000 kappa_log10=3.2692
2026-08-30 08:15:14 | Epoch 274/400 | Train Loss 2.3013 Acc 0.1123 | Val Loss 2.3007 Acc 0.1129 AUC 0.5000 Pre 0.0113 Rec 0.1000
2026-08-30 08:15:15 | Diag logvar_q_mean=0.0135 logvar_q_clamp=0.0000 logvar_p_mean=0.0136 logvar_p_clamp=0.0000 kappa_log10=3.2692
2026-08-30 08:15:19 | Epoch 275/400 | Train Loss 2.3013 Acc 0.1123 | Val Loss 2.3008 Acc 0.1129 AUC 0.5000 Pre 0.0113 Rec 0.1000
2026-08-30 08:15:19 | Diag logvar_q_mean=0.0136 logvar_q_clamp=0.0000 logvar_p_mean=0.0136 logvar_p_clamp=0.0000 kappa_log10=3.2692
2026-08-30 08:15:23 | Epoch 276/400 | Train Loss 2.3013 Acc 0.1123 | Val Loss 2.3008 Acc 0.1129 AUC 0.5000 Pre 0.0113 Rec 0.1000
2026-08-30 08:15:24 | Diag logvar_q_mean=0.0136 logvar_q_clamp=0.0000 logvar_p_mean=0.0136 logvar_p_clamp=0.0000 kappa_log10=3.2692
2026-08-30 08:15:28 | Epoch 277/400 | Train Loss 2.3013 Acc 0.1123 | Val Loss 2.3008 Acc 0.1129 AUC 0.5000 Pre 0.0113 Rec 0.1000
2026-08-30 08:15:28 | Diag logvar_q_mean=0.0136 logvar_q_clamp=0.0000 logvar_p_mean=0.0136 logvar_p_clamp=0.0000 kappa_log10=3.2692
2026-08-30 08:15:32 | Epoch 278/400 | Train Loss 2.3013 Acc 0.1123 | Val Loss 2.3008 Acc 0.1129 AUC 0.5000 Pre 0.0113 Rec 0.1000
2026-08-30 08:15:33 | Diag logvar_q_mean=0.0136 logvar_q_clamp=0.0000 logvar_p_mean=0.0136 logvar_p_clamp=0.0000 kappa_log10=3.2692
2026-08-30 08:15:37 | Epoch 279/400 | Train Loss 2.3013 Acc 0.1123 | Val Loss 2.3008 Acc 0.1129 AUC 0.5000 Pre 0.0113 Rec 0.1000
2026-08-30 08:15:38 | Diag logvar_q_mean=0.0136 logvar_q_clamp=0.0000 logvar_p_mean=0.0136 logvar_p_clamp=0.0000 kappa_log10=3.2692
2026-08-30 08:15:42 | Epoch 280/400 | Train Loss 2.3013 Acc 0.1123 | Val Loss 2.3007 Acc 0.1129 AUC 0.5000 Pre 0.0113 Rec 0.1000
2026-08-30 08:15:42 | Diag logvar_q_mean=0.0136 logvar_q_clamp=0.0000 logvar_p_mean=0.0136 logvar_p_clamp=0.0000 kappa_log10=3.2692
2026-08-30 08:15:46 | Epoch 281/400 | Train Loss 2.3013 Acc 0.1123 | Val Loss 2.3008 Acc 0.1129 AUC 0.5000 Pre 0.0113 Rec 0.1000
2026-08-30 08:15:47 | Diag logvar_q_mean=0.0136 logvar_q_clamp=0.0000 logvar_p_mean=0.0136 logvar_p_clamp=0.0000 kappa_log10=3.2692
2026-08-30 08:15:51 | Epoch 282/400 | Train Loss 2.3014 Acc 0.1123 | Val Loss 2.3008 Acc 0.1129 AUC 0.5000 Pre 0.0113 Rec 0.1000
2026-08-30 08:15:51 | Diag logvar_q_mean=0.0136 logvar_q_clamp=0.0000 logvar_p_mean=0.0137 logvar_p_clamp=0.0000 kappa_log10=3.7211
2026-08-30 08:15:56 | Epoch 283/400 | Train Loss 2.3013 Acc 0.1123 | Val Loss 2.3008 Acc 0.1129 AUC 0.5000 Pre 0.0113 Rec 0.1000
2026-08-30 08:15:56 | Diag logvar_q_mean=0.0137 logvar_q_clamp=0.0000 logvar_p_mean=0.0136 logvar_p_clamp=0.0000 kappa_log10=3.7210
2026-08-30 08:16:00 | Epoch 284/400 | Train Loss 2.3013 Acc 0.1123 | Val Loss 2.3008 Acc 0.1129 AUC 0.5000 Pre 0.0113 Rec 0.1000
2026-08-30 08:16:01 | Diag logvar_q_mean=0.0137 logvar_q_clamp=0.0000 logvar_p_mean=0.0136 logvar_p_clamp=0.0000 kappa_log10=3.7210
2026-08-30 08:16:05 | Epoch 285/400 | Train Loss 2.3013 Acc 0.1123 | Val Loss 2.3008 Acc 0.1129 AUC 0.5000 Pre 0.0113 Rec 0.1000
2026-08-30 08:16:05 | Diag logvar_q_mean=0.0137 logvar_q_clamp=0.0000 logvar_p_mean=0.0137 logvar_p_clamp=0.0000 kappa_log10=3.7210
2026-08-30 08:16:09 | Epoch 286/400 | Train Loss 2.3013 Acc 0.1123 | Val Loss 2.3008 Acc 0.1129 AUC 0.5000 Pre 0.0113 Rec 0.1000
2026-08-30 08:16:10 | Diag logvar_q_mean=0.0137 logvar_q_clamp=0.0000 logvar_p_mean=0.0137 logvar_p_clamp=0.0000 kappa_log10=3.7210
2026-08-30 08:16:14 | Epoch 287/400 | Train Loss 2.3013 Acc 0.1123 | Val Loss 2.3008 Acc 0.1129 AUC 0.5000 Pre 0.0113 Rec 0.1000
2026-08-30 08:16:14 | Diag logvar_q_mean=0.0137 logvar_q_clamp=0.0000 logvar_p_mean=0.0137 logvar_p_clamp=0.0000 kappa_log10=3.7210
2026-08-30 08:16:19 | Epoch 288/400 | Train Loss 2.3013 Acc 0.1123 | Val Loss 2.3008 Acc 0.1129 AUC 0.5000 Pre 0.0113 Rec 0.1000
2026-08-30 08:16:19 | Diag logvar_q_mean=0.0137 logvar_q_clamp=0.0000 logvar_p_mean=0.0137 logvar_p_clamp=0.0000 kappa_log10=3.7210
2026-08-30 08:16:23 | Epoch 289/400 | Train Loss 2.3013 Acc 0.1123 | Val Loss 2.3007 Acc 0.1129 AUC 0.5000 Pre 0.0113 Rec 0.1000
2026-08-30 08:16:24 | Diag logvar_q_mean=0.0137 logvar_q_clamp=0.0000 logvar_p_mean=0.0137 logvar_p_clamp=0.0000 kappa_log10=3.7210
2026-08-30 08:16:28 | Epoch 290/400 | Train Loss 2.3013 Acc 0.1123 | Val Loss 2.3008 Acc 0.1129 AUC 0.5000 Pre 0.0113 Rec 0.1000
2026-08-30 08:16:28 | Diag logvar_q_mean=0.0137 logvar_q_clamp=0.0000 logvar_p_mean=0.0137 logvar_p_clamp=0.0000 kappa_log10=3.7210
2026-08-30 08:16:32 | Epoch 291/400 | Train Loss 2.3013 Acc 0.1123 | Val Loss 2.3008 Acc 0.1129 AUC 0.5000 Pre 0.0113 Rec 0.1000
2026-08-30 08:16:33 | Diag logvar_q_mean=0.0137 logvar_q_clamp=0.0000 logvar_p_mean=0.0137 logvar_p_clamp=0.0000 kappa_log10=3.7210
2026-08-30 08:16:37 | Epoch 292/400 | Train Loss 2.3013 Acc 0.1123 | Val Loss 2.3008 Acc 0.1129 AUC 0.5000 Pre 0.0113 Rec 0.1000
2026-08-30 08:16:37 | Diag logvar_q_mean=0.0137 logvar_q_clamp=0.0000 logvar_p_mean=0.0137 logvar_p_clamp=0.0000 kappa_log10=3.7210
2026-08-30 08:16:41 | Epoch 293/400 | Train Loss 2.3013 Acc 0.1123 | Val Loss 2.3008 Acc 0.1129 AUC 0.5000 Pre 0.0113 Rec 0.1000
2026-08-30 08:16:42 | Diag logvar_q_mean=0.0137 logvar_q_clamp=0.0000 logvar_p_mean=0.0137 logvar_p_clamp=0.0000 kappa_log10=3.7210
2026-08-30 08:16:46 | Epoch 294/400 | Train Loss 2.3013 Acc 0.1123 | Val Loss 2.3008 Acc 0.1129 AUC 0.5000 Pre 0.0113 Rec 0.1000
2026-08-30 08:16:47 | Diag logvar_q_mean=0.0137 logvar_q_clamp=0.0000 logvar_p_mean=0.0137 logvar_p_clamp=0.0000 kappa_log10=3.7210
2026-08-30 08:16:50 | Epoch 295/400 | Train Loss 2.3013 Acc 0.1123 | Val Loss 2.3007 Acc 0.1129 AUC 0.5000 Pre 0.0113 Rec 0.1000
2026-08-30 08:16:51 | Diag logvar_q_mean=0.0137 logvar_q_clamp=0.0000 logvar_p_mean=0.0137 logvar_p_clamp=0.0000 kappa_log10=3.7210
2026-08-30 08:16:55 | Epoch 296/400 | Train Loss 2.3013 Acc 0.1123 | Val Loss 2.3008 Acc 0.1129 AUC 0.5000 Pre 0.0113 Rec 0.1000
2026-08-30 08:16:56 | Diag logvar_q_mean=0.0137 logvar_q_clamp=0.0000 logvar_p_mean=0.0137 logvar_p_clamp=0.0000 kappa_log10=3.7210
2026-08-30 08:17:00 | Epoch 297/400 | Train Loss 2.3014 Acc 0.1123 | Val Loss 2.3007 Acc 0.1129 AUC 0.5000 Pre 0.0113 Rec 0.1000
2026-08-30 08:17:00 | Diag logvar_q_mean=0.0138 logvar_q_clamp=0.0000 logvar_p_mean=0.0138 logvar_p_clamp=0.0000 kappa_log10=4.0789
2026-08-30 08:17:04 | Epoch 298/400 | Train Loss 2.3013 Acc 0.1123 | Val Loss 2.3008 Acc 0.1129 AUC 0.5000 Pre 0.0113 Rec 0.1000
2026-08-30 08:17:05 | Diag logvar_q_mean=0.0138 logvar_q_clamp=0.0000 logvar_p_mean=0.0138 logvar_p_clamp=0.0000 kappa_log10=4.0136
2026-08-30 08:17:09 | Epoch 299/400 | Train Loss 2.3013 Acc 0.1123 | Val Loss 2.3007 Acc 0.1129 AUC 0.5000 Pre 0.0113 Rec 0.1000
2026-08-30 08:17:09 | Diag logvar_q_mean=0.0138 logvar_q_clamp=0.0000 logvar_p_mean=0.0138 logvar_p_clamp=0.0000 kappa_log10=4.0136
2026-08-30 08:17:13 | Epoch 300/400 | Train Loss 2.3013 Acc 0.1123 | Val Loss 2.3007 Acc 0.1129 AUC 0.5000 Pre 0.0113 Rec 0.1000
2026-08-30 08:17:14 | Diag logvar_q_mean=0.0138 logvar_q_clamp=0.0000 logvar_p_mean=0.0138 logvar_p_clamp=0.0000 kappa_log10=4.0136
2026-08-30 08:17:18 | Epoch 301/400 | Train Loss 2.3013 Acc 0.1123 | Val Loss 2.3008 Acc 0.1129 AUC 0.5000 Pre 0.0113 Rec 0.1000
2026-08-30 08:17:18 | Diag logvar_q_mean=0.0138 logvar_q_clamp=0.0000 logvar_p_mean=0.0138 logvar_p_clamp=0.0000 kappa_log10=4.0136
2026-08-30 08:17:22 | Epoch 302/400 | Train Loss 2.3013 Acc 0.1123 | Val Loss 2.3008 Acc 0.1129 AUC 0.5000 Pre 0.0113 Rec 0.1000
2026-08-30 08:17:23 | Diag logvar_q_mean=0.0138 logvar_q_clamp=0.0000 logvar_p_mean=0.0138 logvar_p_clamp=0.0000 kappa_log10=4.0136
2026-08-30 08:17:27 | Epoch 303/400 | Train Loss 2.3013 Acc 0.1123 | Val Loss 2.3008 Acc 0.1129 AUC 0.5000 Pre 0.0113 Rec 0.1000
2026-08-30 08:17:28 | Diag logvar_q_mean=0.0138 logvar_q_clamp=0.0000 logvar_p_mean=0.0138 logvar_p_clamp=0.0000 kappa_log10=4.0136
2026-08-30 08:17:32 | Epoch 304/400 | Train Loss 2.3013 Acc 0.1123 | Val Loss 2.3008 Acc 0.1129 AUC 0.5000 Pre 0.0113 Rec 0.1000
2026-08-30 08:17:32 | Diag logvar_q_mean=0.0138 logvar_q_clamp=0.0000 logvar_p_mean=0.0138 logvar_p_clamp=0.0000 kappa_log10=4.0136
2026-08-30 08:17:36 | Epoch 305/400 | Train Loss 2.3013 Acc 0.1123 | Val Loss 2.3008 Acc 0.1129 AUC 0.5000 Pre 0.0113 Rec 0.1000
2026-08-30 08:17:37 | Diag logvar_q_mean=0.0138 logvar_q_clamp=0.0000 logvar_p_mean=0.0138 logvar_p_clamp=0.0000 kappa_log10=4.0136
2026-08-30 08:17:41 | Epoch 306/400 | Train Loss 2.3013 Acc 0.1123 | Val Loss 2.3008 Acc 0.1129 AUC 0.5000 Pre 0.0113 Rec 0.1000
2026-08-30 08:17:42 | Diag logvar_q_mean=0.0138 logvar_q_clamp=0.0000 logvar_p_mean=0.0138 logvar_p_clamp=0.0000 kappa_log10=4.0136
2026-08-30 08:17:46 | Epoch 307/400 | Train Loss 2.3013 Acc 0.1123 | Val Loss 2.3008 Acc 0.1129 AUC 0.5000 Pre 0.0113 Rec 0.1000
2026-08-30 08:17:46 | Diag logvar_q_mean=0.0138 logvar_q_clamp=0.0000 logvar_p_mean=0.0138 logvar_p_clamp=0.0000 kappa_log10=4.0136
2026-08-30 08:17:50 | Epoch 308/400 | Train Loss 2.3013 Acc 0.1123 | Val Loss 2.3008 Acc 0.1129 AUC 0.5000 Pre 0.0113 Rec 0.1000
2026-08-30 08:17:51 | Diag logvar_q_mean=0.0138 logvar_q_clamp=0.0000 logvar_p_mean=0.0138 logvar_p_clamp=0.0000 kappa_log10=4.0136
2026-08-30 08:17:55 | Epoch 309/400 | Train Loss 2.3013 Acc 0.1123 | Val Loss 2.3007 Acc 0.1129 AUC 0.5000 Pre 0.0113 Rec 0.1000
2026-08-30 08:17:55 | Diag logvar_q_mean=0.0138 logvar_q_clamp=0.0000 logvar_p_mean=0.0138 logvar_p_clamp=0.0000 kappa_log10=4.0136
2026-08-30 08:17:59 | Epoch 310/400 | Train Loss 2.3013 Acc 0.1123 | Val Loss 2.3008 Acc 0.1129 AUC 0.5000 Pre 0.0113 Rec 0.1000
2026-08-30 08:18:00 | Diag logvar_q_mean=0.0138 logvar_q_clamp=0.0000 logvar_p_mean=0.0138 logvar_p_clamp=0.0000 kappa_log10=4.0136
2026-08-30 08:18:04 | Epoch 311/400 | Train Loss 2.3016 Acc 0.1123 | Val Loss 2.3009 Acc 0.1129 AUC 0.5000 Pre 0.0113 Rec 0.1000
2026-08-30 08:18:05 | Diag logvar_q_mean=0.0140 logvar_q_clamp=0.0000 logvar_p_mean=0.0139 logvar_p_clamp=0.0000 kappa_log10=3.3451
2026-08-30 08:18:09 | Epoch 312/400 | Train Loss 2.3013 Acc 0.1123 | Val Loss 2.3008 Acc 0.1129 AUC 0.5000 Pre 0.0113 Rec 0.1000
2026-08-30 08:18:09 | Diag logvar_q_mean=0.0140 logvar_q_clamp=0.0000 logvar_p_mean=0.0140 logvar_p_clamp=0.0000 kappa_log10=3.3684
2026-08-30 08:18:13 | Epoch 313/400 | Train Loss 2.3013 Acc 0.1123 | Val Loss 2.3008 Acc 0.1129 AUC 0.5000 Pre 0.0113 Rec 0.1000
2026-08-30 08:18:14 | Diag logvar_q_mean=0.0140 logvar_q_clamp=0.0000 logvar_p_mean=0.0140 logvar_p_clamp=0.0000 kappa_log10=3.3684
2026-08-30 08:18:18 | Epoch 314/400 | Train Loss 2.3013 Acc 0.1123 | Val Loss 2.3008 Acc 0.1129 AUC 0.5000 Pre 0.0113 Rec 0.1000
2026-08-30 08:18:18 | Diag logvar_q_mean=0.0140 logvar_q_clamp=0.0000 logvar_p_mean=0.0140 logvar_p_clamp=0.0000 kappa_log10=3.3684
2026-08-30 08:18:22 | Epoch 315/400 | Train Loss 2.3013 Acc 0.1123 | Val Loss 2.3008 Acc 0.1129 AUC 0.5000 Pre 0.0113 Rec 0.1000
2026-08-30 08:18:23 | Diag logvar_q_mean=0.0140 logvar_q_clamp=0.0000 logvar_p_mean=0.0140 logvar_p_clamp=0.0000 kappa_log10=3.3684
2026-08-30 08:18:27 | Epoch 316/400 | Train Loss 2.3013 Acc 0.1123 | Val Loss 2.3008 Acc 0.1129 AUC 0.5000 Pre 0.0113 Rec 0.1000
2026-08-30 08:18:27 | Diag logvar_q_mean=0.0140 logvar_q_clamp=0.0000 logvar_p_mean=0.0140 logvar_p_clamp=0.0000 kappa_log10=3.3684
2026-08-30 08:18:31 | Epoch 317/400 | Train Loss 2.3013 Acc 0.1123 | Val Loss 2.3008 Acc 0.1129 AUC 0.5000 Pre 0.0113 Rec 0.1000
2026-08-30 08:18:32 | Diag logvar_q_mean=0.0140 logvar_q_clamp=0.0000 logvar_p_mean=0.0140 logvar_p_clamp=0.0000 kappa_log10=3.3684
2026-08-30 08:18:36 | Epoch 318/400 | Train Loss 2.3013 Acc 0.1123 | Val Loss 2.3008 Acc 0.1129 AUC 0.5000 Pre 0.0113 Rec 0.1000
2026-08-30 08:18:37 | Diag logvar_q_mean=0.0140 logvar_q_clamp=0.0000 logvar_p_mean=0.0140 logvar_p_clamp=0.0000 kappa_log10=3.3684
2026-08-30 08:18:41 | Epoch 319/400 | Train Loss 2.3013 Acc 0.1123 | Val Loss 2.3008 Acc 0.1129 AUC 0.5000 Pre 0.0113 Rec 0.1000
2026-08-30 08:18:41 | Diag logvar_q_mean=0.0140 logvar_q_clamp=0.0000 logvar_p_mean=0.0140 logvar_p_clamp=0.0000 kappa_log10=3.3684
2026-08-30 08:18:45 | Epoch 320/400 | Train Loss 2.3013 Acc 0.1123 | Val Loss 2.3008 Acc 0.1129 AUC 0.5000 Pre 0.0113 Rec 0.1000
2026-08-30 08:18:46 | Diag logvar_q_mean=0.0140 logvar_q_clamp=0.0000 logvar_p_mean=0.0140 logvar_p_clamp=0.0000 kappa_log10=3.3684
2026-08-30 08:18:50 | Epoch 321/400 | Train Loss 2.3013 Acc 0.1123 | Val Loss 2.3008 Acc 0.1129 AUC 0.5000 Pre 0.0113 Rec 0.1000
2026-08-30 08:18:50 | Diag logvar_q_mean=0.0140 logvar_q_clamp=0.0000 logvar_p_mean=0.0140 logvar_p_clamp=0.0000 kappa_log10=3.3684
2026-08-30 08:18:54 | Epoch 322/400 | Train Loss 2.3013 Acc 0.1123 | Val Loss 2.3008 Acc 0.1129 AUC 0.5000 Pre 0.0113 Rec 0.1000
2026-08-30 08:18:55 | Diag logvar_q_mean=0.0140 logvar_q_clamp=0.0000 logvar_p_mean=0.0140 logvar_p_clamp=0.0000 kappa_log10=3.3684
2026-08-30 08:18:59 | Epoch 323/400 | Train Loss 2.3013 Acc 0.1123 | Val Loss 2.3007 Acc 0.1129 AUC 0.5000 Pre 0.0113 Rec 0.1000
2026-08-30 08:18:59 | Diag logvar_q_mean=0.0140 logvar_q_clamp=0.0000 logvar_p_mean=0.0140 logvar_p_clamp=0.0000 kappa_log10=3.3684
2026-08-30 08:19:03 | Epoch 324/400 | Train Loss 2.3013 Acc 0.1123 | Val Loss 2.3008 Acc 0.1129 AUC 0.5000 Pre 0.0113 Rec 0.1000
2026-08-30 08:19:04 | Diag logvar_q_mean=0.0140 logvar_q_clamp=0.0000 logvar_p_mean=0.0140 logvar_p_clamp=0.0000 kappa_log10=3.3684
2026-08-30 08:19:08 | Epoch 325/400 | Train Loss 2.3013 Acc 0.1123 | Val Loss 2.3008 Acc 0.1129 AUC 0.5000 Pre 0.0113 Rec 0.1000
2026-08-30 08:19:09 | Diag logvar_q_mean=0.0140 logvar_q_clamp=0.0000 logvar_p_mean=0.0140 logvar_p_clamp=0.0000 kappa_log10=3.3684
2026-08-30 08:19:13 | Epoch 326/400 | Train Loss 2.3013 Acc 0.1123 | Val Loss 2.3008 Acc 0.1129 AUC 0.5000 Pre 0.0113 Rec 0.1000
2026-08-30 08:19:13 | Diag logvar_q_mean=0.0140 logvar_q_clamp=0.0000 logvar_p_mean=0.0140 logvar_p_clamp=0.0000 kappa_log10=3.3684
2026-08-30 08:19:17 | Epoch 327/400 | Train Loss 2.3013 Acc 0.1123 | Val Loss 2.3008 Acc 0.1129 AUC 0.5000 Pre 0.0113 Rec 0.1000
2026-08-30 08:19:18 | Diag logvar_q_mean=0.0140 logvar_q_clamp=0.0000 logvar_p_mean=0.0140 logvar_p_clamp=0.0000 kappa_log10=3.3684
2026-08-30 08:19:22 | Epoch 328/400 | Train Loss 2.3013 Acc 0.1123 | Val Loss 2.3008 Acc 0.1129 AUC 0.5000 Pre 0.0113 Rec 0.1000
2026-08-30 08:19:22 | Diag logvar_q_mean=0.0140 logvar_q_clamp=0.0000 logvar_p_mean=0.0140 logvar_p_clamp=0.0000 kappa_log10=3.3684
2026-08-30 08:19:26 | Epoch 329/400 | Train Loss 2.3013 Acc 0.1123 | Val Loss 2.3008 Acc 0.1129 AUC 0.5000 Pre 0.0113 Rec 0.1000
2026-08-30 08:19:27 | Diag logvar_q_mean=0.0141 logvar_q_clamp=0.0000 logvar_p_mean=0.0141 logvar_p_clamp=0.0000 kappa_log10=3.3684
2026-08-30 08:19:31 | Epoch 330/400 | Train Loss 2.3013 Acc 0.1123 | Val Loss 2.3008 Acc 0.1129 AUC 0.5000 Pre 0.0113 Rec 0.1000
2026-08-30 08:19:31 | Diag logvar_q_mean=0.0141 logvar_q_clamp=0.0000 logvar_p_mean=0.0141 logvar_p_clamp=0.0000 kappa_log10=3.3684
2026-08-30 08:19:35 | Epoch 331/400 | Train Loss 2.3013 Acc 0.1123 | Val Loss 2.3008 Acc 0.1129 AUC 0.5000 Pre 0.0113 Rec 0.1000
2026-08-30 08:19:36 | Diag logvar_q_mean=0.0141 logvar_q_clamp=0.0000 logvar_p_mean=0.0141 logvar_p_clamp=0.0000 kappa_log10=3.3684
2026-08-30 08:19:40 | Epoch 332/400 | Train Loss 2.3013 Acc 0.1123 | Val Loss 2.3008 Acc 0.1129 AUC 0.5000 Pre 0.0113 Rec 0.1000
2026-08-30 08:19:41 | Diag logvar_q_mean=0.0141 logvar_q_clamp=0.0000 logvar_p_mean=0.0141 logvar_p_clamp=0.0000 kappa_log10=3.3684
2026-08-30 08:19:45 | Epoch 333/400 | Train Loss 2.3013 Acc 0.1123 | Val Loss 2.3007 Acc 0.1129 AUC 0.5000 Pre 0.0113 Rec 0.1000
2026-08-30 08:19:45 | Diag logvar_q_mean=0.0141 logvar_q_clamp=0.0000 logvar_p_mean=0.0141 logvar_p_clamp=0.0000 kappa_log10=3.3684
2026-08-30 08:19:49 | Epoch 334/400 | Train Loss 2.3014 Acc 0.1123 | Val Loss 2.3008 Acc 0.1129 AUC 0.5000 Pre 0.0113 Rec 0.1000
2026-08-30 08:19:50 | Diag logvar_q_mean=0.0141 logvar_q_clamp=0.0000 logvar_p_mean=0.0141 logvar_p_clamp=0.0000 kappa_log10=3.2797
2026-08-30 08:19:54 | Epoch 335/400 | Train Loss 2.3013 Acc 0.1123 | Val Loss 2.3007 Acc 0.1129 AUC 0.5000 Pre 0.0113 Rec 0.1000
2026-08-30 08:19:54 | Diag logvar_q_mean=0.0141 logvar_q_clamp=0.0000 logvar_p_mean=0.0141 logvar_p_clamp=0.0000 kappa_log10=3.2752
2026-08-30 08:19:58 | Epoch 336/400 | Train Loss 2.3013 Acc 0.1123 | Val Loss 2.3008 Acc 0.1129 AUC 0.5000 Pre 0.0113 Rec 0.1000
2026-08-30 08:19:59 | Diag logvar_q_mean=0.0141 logvar_q_clamp=0.0000 logvar_p_mean=0.0141 logvar_p_clamp=0.0000 kappa_log10=3.2752
2026-08-30 08:20:03 | Epoch 337/400 | Train Loss 2.3013 Acc 0.1123 | Val Loss 2.3008 Acc 0.1129 AUC 0.5000 Pre 0.0113 Rec 0.1000
2026-08-30 08:20:04 | Diag logvar_q_mean=0.0141 logvar_q_clamp=0.0000 logvar_p_mean=0.0141 logvar_p_clamp=0.0000 kappa_log10=3.2752
2026-08-30 08:20:08 | Epoch 338/400 | Train Loss 2.3013 Acc 0.1123 | Val Loss 2.3008 Acc 0.1129 AUC 0.5000 Pre 0.0113 Rec 0.1000
2026-08-30 08:20:08 | Diag logvar_q_mean=0.0141 logvar_q_clamp=0.0000 logvar_p_mean=0.0141 logvar_p_clamp=0.0000 kappa_log10=3.2752
2026-08-30 08:20:12 | Epoch 339/400 | Train Loss 2.3013 Acc 0.1123 | Val Loss 2.3007 Acc 0.1129 AUC 0.5000 Pre 0.0113 Rec 0.1000
2026-08-30 08:20:13 | Diag logvar_q_mean=0.0141 logvar_q_clamp=0.0000 logvar_p_mean=0.0141 logvar_p_clamp=0.0000 kappa_log10=3.2752
2026-08-30 08:20:17 | Epoch 340/400 | Train Loss 2.3013 Acc 0.1123 | Val Loss 2.3008 Acc 0.1129 AUC 0.5000 Pre 0.0113 Rec 0.1000
2026-08-30 08:20:17 | Diag logvar_q_mean=0.0141 logvar_q_clamp=0.0000 logvar_p_mean=0.0141 logvar_p_clamp=0.0000 kappa_log10=3.2752
2026-08-30 08:20:21 | Epoch 341/400 | Train Loss 2.3013 Acc 0.1123 | Val Loss 2.3008 Acc 0.1129 AUC 0.5000 Pre 0.0113 Rec 0.1000
2026-08-30 08:20:22 | Diag logvar_q_mean=0.0141 logvar_q_clamp=0.0000 logvar_p_mean=0.0141 logvar_p_clamp=0.0000 kappa_log10=3.2752
2026-08-30 08:20:26 | Epoch 342/400 | Train Loss 2.3013 Acc 0.1123 | Val Loss 2.3007 Acc 0.1129 AUC 0.5000 Pre 0.0113 Rec 0.1000
2026-08-30 08:20:27 | Diag logvar_q_mean=0.0141 logvar_q_clamp=0.0000 logvar_p_mean=0.0141 logvar_p_clamp=0.0000 kappa_log10=3.2752
2026-08-30 08:20:30 | Epoch 343/400 | Train Loss 2.3013 Acc 0.1123 | Val Loss 2.3007 Acc 0.1129 AUC 0.5000 Pre 0.0113 Rec 0.1000
2026-08-30 08:20:31 | Diag logvar_q_mean=0.0141 logvar_q_clamp=0.0000 logvar_p_mean=0.0141 logvar_p_clamp=0.0000 kappa_log10=3.2752
2026-08-30 08:20:35 | Epoch 344/400 | Train Loss 2.3013 Acc 0.1123 | Val Loss 2.3008 Acc 0.1129 AUC 0.5000 Pre 0.0113 Rec 0.1000
2026-08-30 08:20:36 | Diag logvar_q_mean=0.0141 logvar_q_clamp=0.0000 logvar_p_mean=0.0141 logvar_p_clamp=0.0000 kappa_log10=3.2752
2026-08-30 08:20:39 | Epoch 345/400 | Train Loss 2.3013 Acc 0.1123 | Val Loss 2.3008 Acc 0.1129 AUC 0.5000 Pre 0.0113 Rec 0.1000
2026-08-30 08:20:40 | Diag logvar_q_mean=0.0142 logvar_q_clamp=0.0000 logvar_p_mean=0.0141 logvar_p_clamp=0.0000 kappa_log10=3.2752
2026-08-30 08:20:44 | Epoch 346/400 | Train Loss 2.3013 Acc 0.1123 | Val Loss 2.3007 Acc 0.1129 AUC 0.5000 Pre 0.0113 Rec 0.1000
2026-08-30 08:20:45 | Diag logvar_q_mean=0.0142 logvar_q_clamp=0.0000 logvar_p_mean=0.0142 logvar_p_clamp=0.0000 kappa_log10=3.2752
2026-08-30 08:20:49 | Epoch 347/400 | Train Loss 2.3013 Acc 0.1123 | Val Loss 2.3007 Acc 0.1129 AUC 0.5000 Pre 0.0113 Rec 0.1000
2026-08-30 08:20:49 | Diag logvar_q_mean=0.0142 logvar_q_clamp=0.0000 logvar_p_mean=0.0142 logvar_p_clamp=0.0000 kappa_log10=3.2752
2026-08-30 08:20:53 | Epoch 348/400 | Train Loss 2.3013 Acc 0.1123 | Val Loss 2.3008 Acc 0.1129 AUC 0.5000 Pre 0.0113 Rec 0.1000
2026-08-30 08:20:54 | Diag logvar_q_mean=0.0142 logvar_q_clamp=0.0000 logvar_p_mean=0.0142 logvar_p_clamp=0.0000 kappa_log10=3.2752
2026-08-30 08:20:58 | Epoch 349/400 | Train Loss 2.3013 Acc 0.1123 | Val Loss 2.3008 Acc 0.1129 AUC 0.5000 Pre 0.0113 Rec 0.1000
2026-08-30 08:20:58 | Diag logvar_q_mean=0.0142 logvar_q_clamp=0.0000 logvar_p_mean=0.0142 logvar_p_clamp=0.0000 kappa_log10=3.2752
2026-08-30 08:21:02 | Epoch 350/400 | Train Loss 2.3013 Acc 0.1123 | Val Loss 2.3007 Acc 0.1129 AUC 0.5000 Pre 0.0113 Rec 0.1000
2026-08-30 08:21:03 | Diag logvar_q_mean=0.0142 logvar_q_clamp=0.0000 logvar_p_mean=0.0142 logvar_p_clamp=0.0000 kappa_log10=3.2752
2026-08-30 08:21:07 | Epoch 351/400 | Train Loss 2.3013 Acc 0.1123 | Val Loss 2.3008 Acc 0.1129 AUC 0.5000 Pre 0.0113 Rec 0.1000
2026-08-30 08:21:08 | Diag logvar_q_mean=0.0142 logvar_q_clamp=0.0000 logvar_p_mean=0.0142 logvar_p_clamp=0.0000 kappa_log10=3.2752
2026-08-30 08:21:12 | Epoch 352/400 | Train Loss 2.3013 Acc 0.1123 | Val Loss 2.3007 Acc 0.1129 AUC 0.5000 Pre 0.0113 Rec 0.1000
2026-08-30 08:21:12 | Diag logvar_q_mean=0.0142 logvar_q_clamp=0.0000 logvar_p_mean=0.0142 logvar_p_clamp=0.0000 kappa_log10=3.2752
2026-08-30 08:21:16 | Epoch 353/400 | Train Loss 2.3013 Acc 0.1123 | Val Loss 2.3008 Acc 0.1129 AUC 0.5000 Pre 0.0113 Rec 0.1000
2026-08-30 08:21:17 | Diag logvar_q_mean=0.0142 logvar_q_clamp=0.0000 logvar_p_mean=0.0142 logvar_p_clamp=0.0000 kappa_log10=3.2752
2026-08-30 08:21:21 | Epoch 354/400 | Train Loss 2.3013 Acc 0.1123 | Val Loss 2.3007 Acc 0.1129 AUC 0.5000 Pre 0.0113 Rec 0.1000
2026-08-30 08:21:22 | Diag logvar_q_mean=0.0142 logvar_q_clamp=0.0000 logvar_p_mean=0.0142 logvar_p_clamp=0.0000 kappa_log10=3.2752
2026-08-30 08:21:26 | Epoch 355/400 | Train Loss 2.3013 Acc 0.1123 | Val Loss 2.3008 Acc 0.1129 AUC 0.5000 Pre 0.0113 Rec 0.1000
2026-08-30 08:21:26 | Diag logvar_q_mean=0.0142 logvar_q_clamp=0.0000 logvar_p_mean=0.0142 logvar_p_clamp=0.0000 kappa_log10=3.2752
2026-08-30 08:21:30 | Epoch 356/400 | Train Loss 2.3013 Acc 0.1123 | Val Loss 2.3007 Acc 0.1129 AUC 0.5000 Pre 0.0113 Rec 0.1000
2026-08-30 08:21:31 | Diag logvar_q_mean=0.0142 logvar_q_clamp=0.0000 logvar_p_mean=0.0142 logvar_p_clamp=0.0000 kappa_log10=3.2752
2026-08-30 08:21:35 | Epoch 357/400 | Train Loss 2.3013 Acc 0.1123 | Val Loss 2.3008 Acc 0.1129 AUC 0.5000 Pre 0.0113 Rec 0.1000
2026-08-30 08:21:35 | Diag logvar_q_mean=0.0142 logvar_q_clamp=0.0000 logvar_p_mean=0.0142 logvar_p_clamp=0.0000 kappa_log10=3.2752
2026-08-30 08:21:39 | Epoch 358/400 | Train Loss 2.3013 Acc 0.1123 | Val Loss 2.3008 Acc 0.1129 AUC 0.5000 Pre 0.0113 Rec 0.1000
2026-08-30 08:21:40 | Diag logvar_q_mean=0.0142 logvar_q_clamp=0.0000 logvar_p_mean=0.0142 logvar_p_clamp=0.0000 kappa_log10=3.2752
2026-08-30 08:21:44 | Epoch 359/400 | Train Loss 2.3013 Acc 0.1123 | Val Loss 2.3008 Acc 0.1129 AUC 0.5000 Pre 0.0113 Rec 0.1000
2026-08-30 08:21:44 | Diag logvar_q_mean=0.0142 logvar_q_clamp=0.0000 logvar_p_mean=0.0142 logvar_p_clamp=0.0000 kappa_log10=3.2752
2026-08-30 08:21:48 | Epoch 360/400 | Train Loss 2.3013 Acc 0.1123 | Val Loss 2.3008 Acc 0.1129 AUC 0.5000 Pre 0.0113 Rec 0.1000
2026-08-30 08:21:49 | Diag logvar_q_mean=0.0142 logvar_q_clamp=0.0000 logvar_p_mean=0.0142 logvar_p_clamp=0.0000 kappa_log10=3.2752
2026-08-30 08:21:53 | Epoch 361/400 | Train Loss 2.3013 Acc 0.1123 | Val Loss 2.3008 Acc 0.1129 AUC 0.5000 Pre 0.0113 Rec 0.1000
2026-08-30 08:21:54 | Diag logvar_q_mean=0.0142 logvar_q_clamp=0.0000 logvar_p_mean=0.0142 logvar_p_clamp=0.0000 kappa_log10=3.2752
2026-08-30 08:21:58 | Epoch 362/400 | Train Loss 2.3013 Acc 0.1123 | Val Loss 2.3008 Acc 0.1129 AUC 0.5000 Pre 0.0113 Rec 0.1000
2026-08-30 08:21:58 | Diag logvar_q_mean=0.0142 logvar_q_clamp=0.0000 logvar_p_mean=0.0142 logvar_p_clamp=0.0000 kappa_log10=3.2752
2026-08-30 08:22:02 | Epoch 363/400 | Train Loss 2.3013 Acc 0.1123 | Val Loss 2.3007 Acc 0.1129 AUC 0.5000 Pre 0.0113 Rec 0.1000
2026-08-30 08:22:03 | Diag logvar_q_mean=0.0142 logvar_q_clamp=0.0000 logvar_p_mean=0.0142 logvar_p_clamp=0.0000 kappa_log10=3.2752
2026-08-30 08:22:07 | Epoch 364/400 | Train Loss 2.3013 Acc 0.1123 | Val Loss 2.3007 Acc 0.1129 AUC 0.5000 Pre 0.0113 Rec 0.1000
2026-08-30 08:22:07 | Diag logvar_q_mean=0.0142 logvar_q_clamp=0.0000 logvar_p_mean=0.0142 logvar_p_clamp=0.0000 kappa_log10=3.2752
2026-08-30 08:22:11 | Epoch 365/400 | Train Loss 2.3013 Acc 0.1123 | Val Loss 2.3007 Acc 0.1129 AUC 0.5000 Pre 0.0113 Rec 0.1000
2026-08-30 08:22:12 | Diag logvar_q_mean=0.0142 logvar_q_clamp=0.0000 logvar_p_mean=0.0142 logvar_p_clamp=0.0000 kappa_log10=3.2752
2026-08-30 08:22:16 | Epoch 366/400 | Train Loss 2.3013 Acc 0.1123 | Val Loss 2.3007 Acc 0.1129 AUC 0.5000 Pre 0.0113 Rec 0.1000
2026-08-30 08:22:16 | Diag logvar_q_mean=0.0142 logvar_q_clamp=0.0000 logvar_p_mean=0.0142 logvar_p_clamp=0.0000 kappa_log10=3.2752
2026-08-30 08:22:20 | Epoch 367/400 | Train Loss 2.3013 Acc 0.1123 | Val Loss 2.3007 Acc 0.1129 AUC 0.5000 Pre 0.0113 Rec 0.1000
2026-08-30 08:22:21 | Diag logvar_q_mean=0.0142 logvar_q_clamp=0.0000 logvar_p_mean=0.0142 logvar_p_clamp=0.0000 kappa_log10=3.2752
2026-08-30 08:22:25 | Epoch 368/400 | Train Loss 2.3013 Acc 0.1123 | Val Loss 2.3008 Acc 0.1129 AUC 0.5000 Pre 0.0113 Rec 0.1000
2026-08-30 08:22:26 | Diag logvar_q_mean=0.0143 logvar_q_clamp=0.0000 logvar_p_mean=0.0143 logvar_p_clamp=0.0000 kappa_log10=3.2752
2026-08-30 08:22:29 | Epoch 369/400 | Train Loss 2.3013 Acc 0.1123 | Val Loss 2.3008 Acc 0.1129 AUC 0.5000 Pre 0.0113 Rec 0.1000
2026-08-30 08:22:30 | Diag logvar_q_mean=0.0143 logvar_q_clamp=0.0000 logvar_p_mean=0.0143 logvar_p_clamp=0.0000 kappa_log10=3.2752
2026-08-30 08:22:34 | Epoch 370/400 | Train Loss 2.3013 Acc 0.1123 | Val Loss 2.3008 Acc 0.1129 AUC 0.5000 Pre 0.0113 Rec 0.1000
2026-08-30 08:22:35 | Diag logvar_q_mean=0.0143 logvar_q_clamp=0.0000 logvar_p_mean=0.0143 logvar_p_clamp=0.0000 kappa_log10=3.2752
2026-08-30 08:22:39 | Epoch 371/400 | Train Loss 2.3013 Acc 0.1123 | Val Loss 2.3007 Acc 0.1129 AUC 0.5000 Pre 0.0113 Rec 0.1000
2026-08-30 08:22:39 | Diag logvar_q_mean=0.0143 logvar_q_clamp=0.0000 logvar_p_mean=0.0143 logvar_p_clamp=0.0000 kappa_log10=3.2752
2026-08-30 08:22:43 | Epoch 372/400 | Train Loss 2.3013 Acc 0.1123 | Val Loss 2.3008 Acc 0.1129 AUC 0.5000 Pre 0.0113 Rec 0.1000
2026-08-30 08:22:44 | Diag logvar_q_mean=0.0143 logvar_q_clamp=0.0000 logvar_p_mean=0.0143 logvar_p_clamp=0.0000 kappa_log10=3.2752
2026-08-30 08:22:48 | Epoch 373/400 | Train Loss 2.3013 Acc 0.1123 | Val Loss 2.3008 Acc 0.1129 AUC 0.5000 Pre 0.0113 Rec 0.1000
2026-08-30 08:22:48 | Diag logvar_q_mean=0.0143 logvar_q_clamp=0.0000 logvar_p_mean=0.0143 logvar_p_clamp=0.0000 kappa_log10=3.2752
2026-08-30 08:22:52 | Epoch 374/400 | Train Loss 2.3013 Acc 0.1123 | Val Loss 2.3007 Acc 0.1129 AUC 0.5000 Pre 0.0113 Rec 0.1000
2026-08-30 08:22:53 | Diag logvar_q_mean=0.0143 logvar_q_clamp=0.0000 logvar_p_mean=0.0143 logvar_p_clamp=0.0000 kappa_log10=3.2752
2026-08-30 08:22:57 | Epoch 375/400 | Train Loss 2.3013 Acc 0.1123 | Val Loss 2.3008 Acc 0.1129 AUC 0.5000 Pre 0.0113 Rec 0.1000
2026-08-30 08:22:57 | Diag logvar_q_mean=0.0143 logvar_q_clamp=0.0000 logvar_p_mean=0.0143 logvar_p_clamp=0.0000 kappa_log10=3.2752
2026-08-30 08:23:01 | Epoch 376/400 | Train Loss 2.3013 Acc 0.1123 | Val Loss 2.3007 Acc 0.1129 AUC 0.5000 Pre 0.0113 Rec 0.1000
2026-08-30 08:23:02 | Diag logvar_q_mean=0.0143 logvar_q_clamp=0.0000 logvar_p_mean=0.0143 logvar_p_clamp=0.0000 kappa_log10=3.2752
2026-08-30 08:23:06 | Epoch 377/400 | Train Loss 2.3013 Acc 0.1123 | Val Loss 2.3008 Acc 0.1129 AUC 0.5000 Pre 0.0113 Rec 0.1000
2026-08-30 08:23:07 | Diag logvar_q_mean=0.0143 logvar_q_clamp=0.0000 logvar_p_mean=0.0143 logvar_p_clamp=0.0000 kappa_log10=3.2752
2026-08-30 08:23:11 | Epoch 378/400 | Train Loss 2.3013 Acc 0.1123 | Val Loss 2.3007 Acc 0.1129 AUC 0.5000 Pre 0.0113 Rec 0.1000
2026-08-30 08:23:11 | Diag logvar_q_mean=0.0143 logvar_q_clamp=0.0000 logvar_p_mean=0.0143 logvar_p_clamp=0.0000 kappa_log10=3.2752
2026-08-30 08:23:15 | Epoch 379/400 | Train Loss 2.3013 Acc 0.1123 | Val Loss 2.3008 Acc 0.1129 AUC 0.5000 Pre 0.0113 Rec 0.1000
2026-08-30 08:23:16 | Diag logvar_q_mean=0.0143 logvar_q_clamp=0.0000 logvar_p_mean=0.0143 logvar_p_clamp=0.0000 kappa_log10=3.2752
2026-08-30 08:23:20 | Epoch 380/400 | Train Loss 2.3013 Acc 0.1123 | Val Loss 2.3008 Acc 0.1129 AUC 0.5000 Pre 0.0113 Rec 0.1000
2026-08-30 08:23:20 | Diag logvar_q_mean=0.0143 logvar_q_clamp=0.0000 logvar_p_mean=0.0143 logvar_p_clamp=0.0000 kappa_log10=3.2752
2026-08-30 08:23:24 | Epoch 381/400 | Train Loss 2.3013 Acc 0.1123 | Val Loss 2.3008 Acc 0.1129 AUC 0.5000 Pre 0.0113 Rec 0.1000
2026-08-30 08:23:25 | Diag logvar_q_mean=0.0143 logvar_q_clamp=0.0000 logvar_p_mean=0.0143 logvar_p_clamp=0.0000 kappa_log10=3.2752
2026-08-30 08:23:29 | Epoch 382/400 | Train Loss 2.3013 Acc 0.1123 | Val Loss 2.3008 Acc 0.1129 AUC 0.5000 Pre 0.0113 Rec 0.1000
2026-08-30 08:23:30 | Diag logvar_q_mean=0.0143 logvar_q_clamp=0.0000 logvar_p_mean=0.0143 logvar_p_clamp=0.0000 kappa_log10=3.2752
2026-08-30 08:23:34 | Epoch 383/400 | Train Loss 2.3013 Acc 0.1123 | Val Loss 2.3008 Acc 0.1129 AUC 0.5000 Pre 0.0113 Rec 0.1000
2026-08-30 08:23:34 | Diag logvar_q_mean=0.0143 logvar_q_clamp=0.0000 logvar_p_mean=0.0143 logvar_p_clamp=0.0000 kappa_log10=3.2752
2026-08-30 08:23:38 | Epoch 384/400 | Train Loss 2.3013 Acc 0.1123 | Val Loss 2.3008 Acc 0.1129 AUC 0.5000 Pre 0.0113 Rec 0.1000
2026-08-30 08:23:39 | Diag logvar_q_mean=0.0143 logvar_q_clamp=0.0000 logvar_p_mean=0.0143 logvar_p_clamp=0.0000 kappa_log10=3.2752
2026-08-30 08:23:43 | Epoch 385/400 | Train Loss 2.3013 Acc 0.1123 | Val Loss 2.3008 Acc 0.1129 AUC 0.5000 Pre 0.0113 Rec 0.1000
2026-08-30 08:23:43 | Diag logvar_q_mean=0.0143 logvar_q_clamp=0.0000 logvar_p_mean=0.0143 logvar_p_clamp=0.0000 kappa_log10=3.2752
2026-08-30 08:23:47 | Epoch 386/400 | Train Loss 2.3013 Acc 0.1123 | Val Loss 2.3008 Acc 0.1129 AUC 0.5000 Pre 0.0113 Rec 0.1000
2026-08-30 08:23:48 | Diag logvar_q_mean=0.0143 logvar_q_clamp=0.0000 logvar_p_mean=0.0143 logvar_p_clamp=0.0000 kappa_log10=3.2752
2026-08-30 08:23:52 | Epoch 387/400 | Train Loss 2.3013 Acc 0.1123 | Val Loss 2.3008 Acc 0.1129 AUC 0.5000 Pre 0.0113 Rec 0.1000
2026-08-30 08:23:52 | Diag logvar_q_mean=0.0143 logvar_q_clamp=0.0000 logvar_p_mean=0.0143 logvar_p_clamp=0.0000 kappa_log10=3.2752
2026-08-30 08:23:56 | Epoch 388/400 | Train Loss 2.3013 Acc 0.1123 | Val Loss 2.3008 Acc 0.1129 AUC 0.5000 Pre 0.0113 Rec 0.1000
2026-08-30 08:23:57 | Diag logvar_q_mean=0.0143 logvar_q_clamp=0.0000 logvar_p_mean=0.0143 logvar_p_clamp=0.0000 kappa_log10=3.2752
2026-08-30 08:24:02 | Epoch 389/400 | Train Loss 2.3013 Acc 0.1123 | Val Loss 2.3008 Acc 0.1129 AUC 0.5000 Pre 0.0113 Rec 0.1000
2026-08-30 08:24:02 | Diag logvar_q_mean=0.0143 logvar_q_clamp=0.0000 logvar_p_mean=0.0143 logvar_p_clamp=0.0000 kappa_log10=3.2752
2026-08-30 08:24:06 | Epoch 390/400 | Train Loss 2.3013 Acc 0.1123 | Val Loss 2.3008 Acc 0.1129 AUC 0.5000 Pre 0.0113 Rec 0.1000
2026-08-30 08:24:07 | Diag logvar_q_mean=0.0143 logvar_q_clamp=0.0000 logvar_p_mean=0.0143 logvar_p_clamp=0.0000 kappa_log10=3.2752
2026-08-30 08:24:11 | Epoch 391/400 | Train Loss 2.3013 Acc 0.1123 | Val Loss 2.3008 Acc 0.1129 AUC 0.5000 Pre 0.0113 Rec 0.1000
2026-08-30 08:24:11 | Diag logvar_q_mean=0.0143 logvar_q_clamp=0.0000 logvar_p_mean=0.0144 logvar_p_clamp=0.0000 kappa_log10=3.2752
2026-08-30 08:24:15 | Epoch 392/400 | Train Loss 2.3013 Acc 0.1123 | Val Loss 2.3008 Acc 0.1129 AUC 0.5000 Pre 0.0113 Rec 0.1000
2026-08-30 08:24:16 | Diag logvar_q_mean=0.0144 logvar_q_clamp=0.0000 logvar_p_mean=0.0143 logvar_p_clamp=0.0000 kappa_log10=3.2752
2026-08-30 08:24:20 | Epoch 393/400 | Train Loss 2.3014 Acc 0.1123 | Val Loss 2.3007 Acc 0.1129 AUC 0.5000 Pre 0.0113 Rec 0.1000
2026-08-30 08:24:21 | Diag logvar_q_mean=0.0144 logvar_q_clamp=0.0000 logvar_p_mean=0.0144 logvar_p_clamp=0.0000 kappa_log10=2.9534
2026-08-30 08:24:25 | Epoch 394/400 | Train Loss 2.3013 Acc 0.1123 | Val Loss 2.3008 Acc 0.1129 AUC 0.5000 Pre 0.0113 Rec 0.1000
2026-08-30 08:24:25 | Diag logvar_q_mean=0.0144 logvar_q_clamp=0.0000 logvar_p_mean=0.0144 logvar_p_clamp=0.0000 kappa_log10=2.9570
2026-08-30 08:24:29 | Epoch 395/400 | Train Loss 2.3013 Acc 0.1123 | Val Loss 2.3007 Acc 0.1129 AUC 0.5000 Pre 0.0113 Rec 0.1000
2026-08-30 08:24:30 | Diag logvar_q_mean=0.0144 logvar_q_clamp=0.0000 logvar_p_mean=0.0144 logvar_p_clamp=0.0000 kappa_log10=2.9570
2026-08-30 08:24:34 | Epoch 396/400 | Train Loss 2.3013 Acc 0.1123 | Val Loss 2.3008 Acc 0.1129 AUC 0.5000 Pre 0.0113 Rec 0.1000
2026-08-30 08:24:34 | Diag logvar_q_mean=0.0144 logvar_q_clamp=0.0000 logvar_p_mean=0.0144 logvar_p_clamp=0.0000 kappa_log10=2.9570
2026-08-30 08:24:38 | Epoch 397/400 | Train Loss 2.3013 Acc 0.1123 | Val Loss 2.3007 Acc 0.1129 AUC 0.5000 Pre 0.0113 Rec 0.1000
2026-08-30 08:24:39 | Diag logvar_q_mean=0.0144 logvar_q_clamp=0.0000 logvar_p_mean=0.0144 logvar_p_clamp=0.0000 kappa_log10=2.9570
2026-08-30 08:24:43 | Epoch 398/400 | Train Loss 2.3013 Acc 0.1123 | Val Loss 2.3008 Acc 0.1129 AUC 0.5000 Pre 0.0113 Rec 0.1000
2026-08-30 08:24:44 | Diag logvar_q_mean=0.0144 logvar_q_clamp=0.0000 logvar_p_mean=0.0144 logvar_p_clamp=0.0000 kappa_log10=2.9570
2026-08-30 08:24:48 | Epoch 399/400 | Train Loss 2.3013 Acc 0.1123 | Val Loss 2.3008 Acc 0.1129 AUC 0.5000 Pre 0.0113 Rec 0.1000
2026-08-30 08:24:48 | Diag logvar_q_mean=0.0144 logvar_q_clamp=0.0000 logvar_p_mean=0.0144 logvar_p_clamp=0.0000 kappa_log10=2.9570
2026-08-30 08:24:52 | Epoch 400/400 | Train Loss 2.3013 Acc 0.1123 | Val Loss 2.3008 Acc 0.1129 AUC 0.5000 Pre 0.0113 Rec 0.1000
2026-08-30 08:24:53 | Diag logvar_q_mean=0.0145 logvar_q_clamp=0.0000 logvar_p_mean=0.0145 logvar_p_clamp=0.0000 kappa_log10=2.9570
2026-08-30 08:24:54 | Run 3/5 | Test (best model @ Epoch 1) | Loss 2.3017 Acc 0.1135 AUC 0.5000 Pre 0.0114 Rec 0.1000
2026-08-30 08:24:54 | ===== Run 4/5 (seed 3) =====
2026-08-30 08:24:58 | Epoch   1/400 | Train Loss 2.7215 Acc 0.1090 | Val Loss 2.3011 Acc 0.1129 AUC 0.5000 Pre 0.0113 Rec 0.1000
2026-08-30 08:24:58 | Diag logvar_q_mean=0.0132 logvar_q_clamp=0.0000 logvar_p_mean=0.0132 logvar_p_clamp=0.0000 kappa_log10=3.2965
2026-08-30 08:24:58 |   Val AUC improved to 0.5000, model saved
2026-08-30 08:25:02 | Epoch   2/400 | Train Loss 2.3014 Acc 0.1123 | Val Loss 2.3009 Acc 0.1129 AUC 0.5000 Pre 0.0113 Rec 0.1000
2026-08-30 08:25:03 | Diag logvar_q_mean=0.0132 logvar_q_clamp=0.0000 logvar_p_mean=0.0132 logvar_p_clamp=0.0000 kappa_log10=3.3001
2026-08-30 08:25:07 | Epoch   3/400 | Train Loss 2.3013 Acc 0.1123 | Val Loss 2.3008 Acc 0.1129 AUC 0.5000 Pre 0.0113 Rec 0.1000
2026-08-30 08:25:08 | Diag logvar_q_mean=0.0132 logvar_q_clamp=0.0000 logvar_p_mean=0.0132 logvar_p_clamp=0.0000 kappa_log10=3.3045
2026-08-30 08:25:11 | Epoch   4/400 | Train Loss 2.3013 Acc 0.1123 | Val Loss 2.3007 Acc 0.1129 AUC 0.5000 Pre 0.0113 Rec 0.1000
2026-08-30 08:25:12 | Diag logvar_q_mean=0.0132 logvar_q_clamp=0.0000 logvar_p_mean=0.0132 logvar_p_clamp=0.0000 kappa_log10=3.3060
2026-08-30 08:25:16 | Epoch   5/400 | Train Loss 2.3013 Acc 0.1123 | Val Loss 2.3008 Acc 0.1129 AUC 0.5000 Pre 0.0113 Rec 0.1000
2026-08-30 08:25:17 | Diag logvar_q_mean=0.0132 logvar_q_clamp=0.0000 logvar_p_mean=0.0132 logvar_p_clamp=0.0000 kappa_log10=3.3068
2026-08-30 08:25:21 | Epoch   6/400 | Train Loss 2.3013 Acc 0.1123 | Val Loss 2.3008 Acc 0.1129 AUC 0.5000 Pre 0.0113 Rec 0.1000
2026-08-30 08:25:21 | Diag logvar_q_mean=0.0132 logvar_q_clamp=0.0000 logvar_p_mean=0.0132 logvar_p_clamp=0.0000 kappa_log10=3.2911
2026-08-30 08:25:25 | Epoch   7/400 | Train Loss 2.3013 Acc 0.1123 | Val Loss 2.3007 Acc 0.1129 AUC 0.5000 Pre 0.0113 Rec 0.1000
2026-08-30 08:25:26 | Diag logvar_q_mean=0.0132 logvar_q_clamp=0.0000 logvar_p_mean=0.0132 logvar_p_clamp=0.0000 kappa_log10=3.2920
2026-08-30 08:25:30 | Epoch   8/400 | Train Loss 2.3013 Acc 0.1123 | Val Loss 2.3008 Acc 0.1129 AUC 0.5000 Pre 0.0113 Rec 0.1000
2026-08-30 08:25:30 | Diag logvar_q_mean=0.0132 logvar_q_clamp=0.0000 logvar_p_mean=0.0132 logvar_p_clamp=0.0000 kappa_log10=3.2918
2026-08-30 08:25:34 | Epoch   9/400 | Train Loss 2.3013 Acc 0.1123 | Val Loss 2.3007 Acc 0.1129 AUC 0.5000 Pre 0.0113 Rec 0.1000
2026-08-30 08:25:35 | Diag logvar_q_mean=0.0132 logvar_q_clamp=0.0000 logvar_p_mean=0.0132 logvar_p_clamp=0.0000 kappa_log10=3.2922
2026-08-30 08:25:39 | Epoch  10/400 | Train Loss 2.3013 Acc 0.1123 | Val Loss 2.3008 Acc 0.1129 AUC 0.5000 Pre 0.0113 Rec 0.1000
2026-08-30 08:25:40 | Diag logvar_q_mean=0.0132 logvar_q_clamp=0.0000 logvar_p_mean=0.0132 logvar_p_clamp=0.0000 kappa_log10=3.2917
2026-08-30 08:25:44 | Epoch  11/400 | Train Loss 2.3013 Acc 0.1123 | Val Loss 2.3007 Acc 0.1129 AUC 0.5000 Pre 0.0113 Rec 0.1000
2026-08-30 08:25:44 | Diag logvar_q_mean=0.0132 logvar_q_clamp=0.0000 logvar_p_mean=0.0132 logvar_p_clamp=0.0000 kappa_log10=3.2933
2026-08-30 08:25:48 | Epoch  12/400 | Train Loss 2.3013 Acc 0.1123 | Val Loss 2.3007 Acc 0.1129 AUC 0.5000 Pre 0.0113 Rec 0.1000
2026-08-30 08:25:49 | Diag logvar_q_mean=0.0132 logvar_q_clamp=0.0000 logvar_p_mean=0.0132 logvar_p_clamp=0.0000 kappa_log10=3.2939
2026-08-30 08:25:53 | Epoch  13/400 | Train Loss 2.3013 Acc 0.1123 | Val Loss 2.3008 Acc 0.1129 AUC 0.5000 Pre 0.0113 Rec 0.1000
2026-08-30 08:25:53 | Diag logvar_q_mean=0.0132 logvar_q_clamp=0.0000 logvar_p_mean=0.0132 logvar_p_clamp=0.0000 kappa_log10=3.2938
2026-08-30 08:25:57 | Epoch  14/400 | Train Loss 2.3013 Acc 0.1123 | Val Loss 2.3008 Acc 0.1129 AUC 0.5000 Pre 0.0113 Rec 0.1000
2026-08-30 08:25:58 | Diag logvar_q_mean=0.0132 logvar_q_clamp=0.0000 logvar_p_mean=0.0132 logvar_p_clamp=0.0000 kappa_log10=3.2944
2026-08-30 08:26:02 | Epoch  15/400 | Train Loss 2.3013 Acc 0.1123 | Val Loss 2.3008 Acc 0.1129 AUC 0.5000 Pre 0.0113 Rec 0.1000
2026-08-30 08:26:02 | Diag logvar_q_mean=0.0132 logvar_q_clamp=0.0000 logvar_p_mean=0.0132 logvar_p_clamp=0.0000 kappa_log10=3.2953
2026-08-30 08:26:07 | Epoch  16/400 | Train Loss 2.3013 Acc 0.1123 | Val Loss 2.3007 Acc 0.1129 AUC 0.5000 Pre 0.0113 Rec 0.1000
2026-08-30 08:26:07 | Diag logvar_q_mean=0.0132 logvar_q_clamp=0.0000 logvar_p_mean=0.0132 logvar_p_clamp=0.0000 kappa_log10=3.2964
2026-08-30 08:26:11 | Epoch  17/400 | Train Loss 2.3013 Acc 0.1123 | Val Loss 2.3007 Acc 0.1129 AUC 0.5000 Pre 0.0113 Rec 0.1000
2026-08-30 08:26:12 | Diag logvar_q_mean=0.0132 logvar_q_clamp=0.0000 logvar_p_mean=0.0132 logvar_p_clamp=0.0000 kappa_log10=3.2956
2026-08-30 08:26:16 | Epoch  18/400 | Train Loss 2.3013 Acc 0.1123 | Val Loss 2.3007 Acc 0.1129 AUC 0.5000 Pre 0.0113 Rec 0.1000
2026-08-30 08:26:16 | Diag logvar_q_mean=0.0132 logvar_q_clamp=0.0000 logvar_p_mean=0.0132 logvar_p_clamp=0.0000 kappa_log10=3.2966
2026-08-30 08:26:20 | Epoch  19/400 | Train Loss 2.3013 Acc 0.1123 | Val Loss 2.3008 Acc 0.1129 AUC 0.5000 Pre 0.0113 Rec 0.1000
2026-08-30 08:26:21 | Diag logvar_q_mean=0.0132 logvar_q_clamp=0.0000 logvar_p_mean=0.0132 logvar_p_clamp=0.0000 kappa_log10=3.2967
2026-08-30 08:26:25 | Epoch  20/400 | Train Loss 2.3013 Acc 0.1123 | Val Loss 2.3008 Acc 0.1129 AUC 0.5000 Pre 0.0113 Rec 0.1000
2026-08-30 08:26:25 | Diag logvar_q_mean=0.0132 logvar_q_clamp=0.0000 logvar_p_mean=0.0132 logvar_p_clamp=0.0000 kappa_log10=3.2942
2026-08-30 08:26:29 | Epoch  21/400 | Train Loss 2.3013 Acc 0.1123 | Val Loss 2.3007 Acc 0.1129 AUC 0.5000 Pre 0.0113 Rec 0.1000
2026-08-30 08:26:30 | Diag logvar_q_mean=0.0132 logvar_q_clamp=0.0000 logvar_p_mean=0.0132 logvar_p_clamp=0.0000 kappa_log10=3.2937
2026-08-30 08:26:34 | Epoch  22/400 | Train Loss 2.3013 Acc 0.1123 | Val Loss 2.3007 Acc 0.1129 AUC 0.5000 Pre 0.0113 Rec 0.1000
2026-08-30 08:26:34 | Diag logvar_q_mean=0.0132 logvar_q_clamp=0.0000 logvar_p_mean=0.0132 logvar_p_clamp=0.0000 kappa_log10=3.2938
2026-08-30 08:26:38 | Epoch  23/400 | Train Loss 2.3013 Acc 0.1123 | Val Loss 2.3008 Acc 0.1129 AUC 0.5000 Pre 0.0113 Rec 0.1000
2026-08-30 08:26:39 | Diag logvar_q_mean=0.0132 logvar_q_clamp=0.0000 logvar_p_mean=0.0132 logvar_p_clamp=0.0000 kappa_log10=3.2980
2026-08-30 08:26:43 | Epoch  24/400 | Train Loss 2.3013 Acc 0.1123 | Val Loss 2.3008 Acc 0.1129 AUC 0.5000 Pre 0.0113 Rec 0.1000
2026-08-30 08:26:44 | Diag logvar_q_mean=0.0132 logvar_q_clamp=0.0000 logvar_p_mean=0.0132 logvar_p_clamp=0.0000 kappa_log10=3.2983
2026-08-30 08:26:48 | Epoch  25/400 | Train Loss 2.3013 Acc 0.1123 | Val Loss 2.3007 Acc 0.1129 AUC 0.5000 Pre 0.0113 Rec 0.1000
2026-08-30 08:26:48 | Diag logvar_q_mean=0.0132 logvar_q_clamp=0.0000 logvar_p_mean=0.0132 logvar_p_clamp=0.0000 kappa_log10=3.3055
2026-08-30 08:26:52 | Epoch  26/400 | Train Loss 2.3013 Acc 0.1123 | Val Loss 2.3007 Acc 0.1129 AUC 0.5000 Pre 0.0113 Rec 0.1000
2026-08-30 08:26:53 | Diag logvar_q_mean=0.0132 logvar_q_clamp=0.0000 logvar_p_mean=0.0132 logvar_p_clamp=0.0000 kappa_log10=3.3052
2026-08-30 08:26:57 | Epoch  27/400 | Train Loss 2.3013 Acc 0.1123 | Val Loss 2.3008 Acc 0.1129 AUC 0.5000 Pre 0.0113 Rec 0.1000
2026-08-30 08:26:58 | Diag logvar_q_mean=0.0132 logvar_q_clamp=0.0000 logvar_p_mean=0.0132 logvar_p_clamp=0.0000 kappa_log10=3.3053
2026-08-30 08:27:02 | Epoch  28/400 | Train Loss 2.3013 Acc 0.1123 | Val Loss 2.3007 Acc 0.1129 AUC 0.5000 Pre 0.0113 Rec 0.1000
2026-08-30 08:27:02 | Diag logvar_q_mean=0.0132 logvar_q_clamp=0.0000 logvar_p_mean=0.0132 logvar_p_clamp=0.0000 kappa_log10=3.3050
2026-08-30 08:27:06 | Epoch  29/400 | Train Loss 2.3013 Acc 0.1123 | Val Loss 2.3008 Acc 0.1129 AUC 0.5000 Pre 0.0113 Rec 0.1000
2026-08-30 08:27:07 | Diag logvar_q_mean=0.0132 logvar_q_clamp=0.0000 logvar_p_mean=0.0132 logvar_p_clamp=0.0000 kappa_log10=3.3052
2026-08-30 08:27:11 | Epoch  30/400 | Train Loss 2.3013 Acc 0.1123 | Val Loss 2.3007 Acc 0.1129 AUC 0.5000 Pre 0.0113 Rec 0.1000
2026-08-30 08:27:11 | Diag logvar_q_mean=0.0132 logvar_q_clamp=0.0000 logvar_p_mean=0.0132 logvar_p_clamp=0.0000 kappa_log10=3.3057
2026-08-30 08:27:15 | Epoch  31/400 | Train Loss 2.3013 Acc 0.1123 | Val Loss 2.3007 Acc 0.1129 AUC 0.5000 Pre 0.0113 Rec 0.1000
2026-08-30 08:27:16 | Diag logvar_q_mean=0.0132 logvar_q_clamp=0.0000 logvar_p_mean=0.0132 logvar_p_clamp=0.0000 kappa_log10=3.3075
2026-08-30 08:27:20 | Epoch  32/400 | Train Loss 2.3013 Acc 0.1123 | Val Loss 2.3008 Acc 0.1129 AUC 0.5000 Pre 0.0113 Rec 0.1000
2026-08-30 08:27:21 | Diag logvar_q_mean=0.0132 logvar_q_clamp=0.0000 logvar_p_mean=0.0132 logvar_p_clamp=0.0000 kappa_log10=3.3076
2026-08-30 08:27:25 | Epoch  33/400 | Train Loss 2.3013 Acc 0.1123 | Val Loss 2.3008 Acc 0.1129 AUC 0.5000 Pre 0.0113 Rec 0.1000
2026-08-30 08:27:25 | Diag logvar_q_mean=0.0132 logvar_q_clamp=0.0000 logvar_p_mean=0.0132 logvar_p_clamp=0.0000 kappa_log10=3.3083
2026-08-30 08:27:29 | Epoch  34/400 | Train Loss 2.3013 Acc 0.1123 | Val Loss 2.3008 Acc 0.1129 AUC 0.5000 Pre 0.0113 Rec 0.1000
2026-08-30 08:27:30 | Diag logvar_q_mean=0.0132 logvar_q_clamp=0.0000 logvar_p_mean=0.0132 logvar_p_clamp=0.0000 kappa_log10=3.3083
2026-08-30 08:27:34 | Epoch  35/400 | Train Loss 2.3013 Acc 0.1123 | Val Loss 2.3008 Acc 0.1129 AUC 0.5000 Pre 0.0113 Rec 0.1000
2026-08-30 08:27:34 | Diag logvar_q_mean=0.0132 logvar_q_clamp=0.0000 logvar_p_mean=0.0132 logvar_p_clamp=0.0000 kappa_log10=3.3068
2026-08-30 08:27:38 | Epoch  36/400 | Train Loss 2.3013 Acc 0.1123 | Val Loss 2.3007 Acc 0.1129 AUC 0.5000 Pre 0.0113 Rec 0.1000
2026-08-30 08:27:39 | Diag logvar_q_mean=0.0132 logvar_q_clamp=0.0000 logvar_p_mean=0.0132 logvar_p_clamp=0.0000 kappa_log10=3.3068
2026-08-30 08:27:43 | Epoch  37/400 | Train Loss 2.3013 Acc 0.1123 | Val Loss 2.3008 Acc 0.1129 AUC 0.5000 Pre 0.0113 Rec 0.1000
2026-08-30 08:27:44 | Diag logvar_q_mean=0.0132 logvar_q_clamp=0.0000 logvar_p_mean=0.0132 logvar_p_clamp=0.0000 kappa_log10=3.3069
2026-08-30 08:27:48 | Epoch  38/400 | Train Loss 2.3013 Acc 0.1123 | Val Loss 2.3007 Acc 0.1129 AUC 0.5000 Pre 0.0113 Rec 0.1000
2026-08-30 08:27:48 | Diag logvar_q_mean=0.0132 logvar_q_clamp=0.0000 logvar_p_mean=0.0132 logvar_p_clamp=0.0000 kappa_log10=3.3067
2026-08-30 08:27:52 | Epoch  39/400 | Train Loss 2.3013 Acc 0.1123 | Val Loss 2.3008 Acc 0.1129 AUC 0.5000 Pre 0.0113 Rec 0.1000
2026-08-30 08:27:53 | Diag logvar_q_mean=0.0132 logvar_q_clamp=0.0000 logvar_p_mean=0.0132 logvar_p_clamp=0.0000 kappa_log10=3.3066
2026-08-30 08:27:57 | Epoch  40/400 | Train Loss 2.3013 Acc 0.1123 | Val Loss 2.3007 Acc 0.1129 AUC 0.5000 Pre 0.0113 Rec 0.1000
2026-08-30 08:27:57 | Diag logvar_q_mean=0.0132 logvar_q_clamp=0.0000 logvar_p_mean=0.0132 logvar_p_clamp=0.0000 kappa_log10=3.3060
2026-08-30 08:28:01 | Epoch  41/400 | Train Loss 2.3013 Acc 0.1123 | Val Loss 2.3007 Acc 0.1129 AUC 0.5000 Pre 0.0113 Rec 0.1000
2026-08-30 08:28:02 | Diag logvar_q_mean=0.0132 logvar_q_clamp=0.0000 logvar_p_mean=0.0132 logvar_p_clamp=0.0000 kappa_log10=3.3059
2026-08-30 08:28:06 | Epoch  42/400 | Train Loss 2.3013 Acc 0.1123 | Val Loss 2.3007 Acc 0.1129 AUC 0.5000 Pre 0.0113 Rec 0.1000
2026-08-30 08:28:07 | Diag logvar_q_mean=0.0132 logvar_q_clamp=0.0000 logvar_p_mean=0.0132 logvar_p_clamp=0.0000 kappa_log10=3.3058
2026-08-30 08:28:10 | Epoch  43/400 | Train Loss 2.3013 Acc 0.1123 | Val Loss 2.3008 Acc 0.1129 AUC 0.5000 Pre 0.0113 Rec 0.1000
2026-08-30 08:28:11 | Diag logvar_q_mean=0.0132 logvar_q_clamp=0.0000 logvar_p_mean=0.0132 logvar_p_clamp=0.0000 kappa_log10=3.3061
2026-08-30 08:28:15 | Epoch  44/400 | Train Loss 2.3013 Acc 0.1123 | Val Loss 2.3008 Acc 0.1129 AUC 0.5000 Pre 0.0113 Rec 0.1000
2026-08-30 08:28:16 | Diag logvar_q_mean=0.0132 logvar_q_clamp=0.0000 logvar_p_mean=0.0132 logvar_p_clamp=0.0000 kappa_log10=3.3059
2026-08-30 08:28:20 | Epoch  45/400 | Train Loss 2.3013 Acc 0.1123 | Val Loss 2.3007 Acc 0.1129 AUC 0.5000 Pre 0.0113 Rec 0.1000
2026-08-30 08:28:20 | Diag logvar_q_mean=0.0132 logvar_q_clamp=0.0000 logvar_p_mean=0.0132 logvar_p_clamp=0.0000 kappa_log10=3.3059
2026-08-30 08:28:24 | Epoch  46/400 | Train Loss 2.3013 Acc 0.1123 | Val Loss 2.3008 Acc 0.1129 AUC 0.5000 Pre 0.0113 Rec 0.1000
2026-08-30 08:28:25 | Diag logvar_q_mean=0.0132 logvar_q_clamp=0.0000 logvar_p_mean=0.0132 logvar_p_clamp=0.0000 kappa_log10=3.3059
2026-08-30 08:28:29 | Epoch  47/400 | Train Loss 2.3013 Acc 0.1123 | Val Loss 2.3007 Acc 0.1129 AUC 0.5000 Pre 0.0113 Rec 0.1000
2026-08-30 08:28:30 | Diag logvar_q_mean=0.0132 logvar_q_clamp=0.0000 logvar_p_mean=0.0132 logvar_p_clamp=0.0000 kappa_log10=3.3076
2026-08-30 08:28:34 | Epoch  48/400 | Train Loss 2.3013 Acc 0.1123 | Val Loss 2.3008 Acc 0.1129 AUC 0.5000 Pre 0.0113 Rec 0.1000
2026-08-30 08:28:34 | Diag logvar_q_mean=0.0132 logvar_q_clamp=0.0000 logvar_p_mean=0.0132 logvar_p_clamp=0.0000 kappa_log10=3.3081
2026-08-30 08:28:38 | Epoch  49/400 | Train Loss 2.3013 Acc 0.1123 | Val Loss 2.3007 Acc 0.1129 AUC 0.5000 Pre 0.0113 Rec 0.1000
2026-08-30 08:28:39 | Diag logvar_q_mean=0.0132 logvar_q_clamp=0.0000 logvar_p_mean=0.0132 logvar_p_clamp=0.0000 kappa_log10=3.3083
2026-08-30 08:28:43 | Epoch  50/400 | Train Loss 2.3013 Acc 0.1123 | Val Loss 2.3008 Acc 0.1129 AUC 0.5000 Pre 0.0113 Rec 0.1000
2026-08-30 08:28:43 | Diag logvar_q_mean=0.0132 logvar_q_clamp=0.0000 logvar_p_mean=0.0132 logvar_p_clamp=0.0000 kappa_log10=3.3087
2026-08-30 08:28:48 | Epoch  51/400 | Train Loss 2.3013 Acc 0.1123 | Val Loss 2.3008 Acc 0.1129 AUC 0.5000 Pre 0.0113 Rec 0.1000
2026-08-30 08:28:48 | Diag logvar_q_mean=0.0132 logvar_q_clamp=0.0000 logvar_p_mean=0.0132 logvar_p_clamp=0.0000 kappa_log10=3.3088
2026-08-30 08:28:52 | Epoch  52/400 | Train Loss 2.3013 Acc 0.1123 | Val Loss 2.3008 Acc 0.1129 AUC 0.5000 Pre 0.0113 Rec 0.1000
2026-08-30 08:28:53 | Diag logvar_q_mean=0.0132 logvar_q_clamp=0.0000 logvar_p_mean=0.0132 logvar_p_clamp=0.0000 kappa_log10=3.3088
2026-08-30 08:28:57 | Epoch  53/400 | Train Loss 2.3013 Acc 0.1123 | Val Loss 2.3008 Acc 0.1129 AUC 0.5000 Pre 0.0113 Rec 0.1000
2026-08-30 08:28:57 | Diag logvar_q_mean=0.0132 logvar_q_clamp=0.0000 logvar_p_mean=0.0132 logvar_p_clamp=0.0000 kappa_log10=3.3087
2026-08-30 08:29:01 | Epoch  54/400 | Train Loss 2.3013 Acc 0.1123 | Val Loss 2.3008 Acc 0.1129 AUC 0.5000 Pre 0.0113 Rec 0.1000
2026-08-30 08:29:02 | Diag logvar_q_mean=0.0132 logvar_q_clamp=0.0000 logvar_p_mean=0.0132 logvar_p_clamp=0.0000 kappa_log10=3.3087
2026-08-30 08:29:06 | Epoch  55/400 | Train Loss 2.3013 Acc 0.1123 | Val Loss 2.3007 Acc 0.1129 AUC 0.5000 Pre 0.0113 Rec 0.1000
2026-08-30 08:29:07 | Diag logvar_q_mean=0.0132 logvar_q_clamp=0.0000 logvar_p_mean=0.0132 logvar_p_clamp=0.0000 kappa_log10=3.3087
2026-08-30 08:29:11 | Epoch  56/400 | Train Loss 2.3013 Acc 0.1123 | Val Loss 2.3007 Acc 0.1129 AUC 0.5000 Pre 0.0113 Rec 0.1000
2026-08-30 08:29:11 | Diag logvar_q_mean=0.0132 logvar_q_clamp=0.0000 logvar_p_mean=0.0132 logvar_p_clamp=0.0000 kappa_log10=3.3081
2026-08-30 08:29:15 | Epoch  57/400 | Train Loss 2.3013 Acc 0.1123 | Val Loss 2.3008 Acc 0.1129 AUC 0.5000 Pre 0.0113 Rec 0.1000
2026-08-30 08:29:16 | Diag logvar_q_mean=0.0132 logvar_q_clamp=0.0000 logvar_p_mean=0.0132 logvar_p_clamp=0.0000 kappa_log10=3.3091
2026-08-30 08:29:20 | Epoch  58/400 | Train Loss 2.3013 Acc 0.1123 | Val Loss 2.3008 Acc 0.1129 AUC 0.5000 Pre 0.0113 Rec 0.1000
2026-08-30 08:29:20 | Diag logvar_q_mean=0.0132 logvar_q_clamp=0.0000 logvar_p_mean=0.0132 logvar_p_clamp=0.0000 kappa_log10=3.3107
2026-08-30 08:29:24 | Epoch  59/400 | Train Loss 2.3013 Acc 0.1123 | Val Loss 2.3007 Acc 0.1129 AUC 0.5000 Pre 0.0113 Rec 0.1000
2026-08-30 08:29:25 | Diag logvar_q_mean=0.0132 logvar_q_clamp=0.0000 logvar_p_mean=0.0132 logvar_p_clamp=0.0000 kappa_log10=3.3107
2026-08-30 08:29:29 | Epoch  60/400 | Train Loss 2.3013 Acc 0.1123 | Val Loss 2.3008 Acc 0.1129 AUC 0.5000 Pre 0.0113 Rec 0.1000
2026-08-30 08:29:29 | Diag logvar_q_mean=0.0132 logvar_q_clamp=0.0000 logvar_p_mean=0.0132 logvar_p_clamp=0.0000 kappa_log10=3.3109
2026-08-30 08:29:34 | Epoch  61/400 | Train Loss 2.3013 Acc 0.1123 | Val Loss 2.3008 Acc 0.1129 AUC 0.5000 Pre 0.0113 Rec 0.1000
2026-08-30 08:29:34 | Diag logvar_q_mean=0.0132 logvar_q_clamp=0.0000 logvar_p_mean=0.0132 logvar_p_clamp=0.0000 kappa_log10=3.3302
2026-08-30 08:29:38 | Epoch  62/400 | Train Loss 2.3013 Acc 0.1123 | Val Loss 2.3007 Acc 0.1129 AUC 0.5000 Pre 0.0113 Rec 0.1000
2026-08-30 08:29:39 | Diag logvar_q_mean=0.0132 logvar_q_clamp=0.0000 logvar_p_mean=0.0132 logvar_p_clamp=0.0000 kappa_log10=3.3310
2026-08-30 08:29:43 | Epoch  63/400 | Train Loss 2.3013 Acc 0.1123 | Val Loss 2.3008 Acc 0.1129 AUC 0.5000 Pre 0.0113 Rec 0.1000
2026-08-30 08:29:43 | Diag logvar_q_mean=0.0132 logvar_q_clamp=0.0000 logvar_p_mean=0.0132 logvar_p_clamp=0.0000 kappa_log10=3.3310
2026-08-30 08:29:47 | Epoch  64/400 | Train Loss 2.3013 Acc 0.1123 | Val Loss 2.3008 Acc 0.1129 AUC 0.5000 Pre 0.0113 Rec 0.1000
2026-08-30 08:29:48 | Diag logvar_q_mean=0.0132 logvar_q_clamp=0.0000 logvar_p_mean=0.0132 logvar_p_clamp=0.0000 kappa_log10=3.3310
2026-08-30 08:29:52 | Epoch  65/400 | Train Loss 2.3013 Acc 0.1123 | Val Loss 2.3008 Acc 0.1129 AUC 0.5000 Pre 0.0113 Rec 0.1000
2026-08-30 08:29:52 | Diag logvar_q_mean=0.0132 logvar_q_clamp=0.0000 logvar_p_mean=0.0132 logvar_p_clamp=0.0000 kappa_log10=3.3311
2026-08-30 08:29:57 | Epoch  66/400 | Train Loss 2.3013 Acc 0.1123 | Val Loss 2.3008 Acc 0.1129 AUC 0.5000 Pre 0.0113 Rec 0.1000
2026-08-30 08:29:57 | Diag logvar_q_mean=0.0132 logvar_q_clamp=0.0000 logvar_p_mean=0.0132 logvar_p_clamp=0.0000 kappa_log10=3.3311
2026-08-30 08:30:01 | Epoch  67/400 | Train Loss 2.3013 Acc 0.1123 | Val Loss 2.3007 Acc 0.1129 AUC 0.5000 Pre 0.0113 Rec 0.1000
2026-08-30 08:30:02 | Diag logvar_q_mean=0.0132 logvar_q_clamp=0.0000 logvar_p_mean=0.0132 logvar_p_clamp=0.0000 kappa_log10=3.3501
2026-08-30 08:30:06 | Epoch  68/400 | Train Loss 2.3013 Acc 0.1123 | Val Loss 2.3008 Acc 0.1129 AUC 0.5000 Pre 0.0113 Rec 0.1000
2026-08-30 08:30:06 | Diag logvar_q_mean=0.0133 logvar_q_clamp=0.0000 logvar_p_mean=0.0132 logvar_p_clamp=0.0000 kappa_log10=3.3502
2026-08-30 08:30:10 | Epoch  69/400 | Train Loss 2.3013 Acc 0.1123 | Val Loss 2.3008 Acc 0.1129 AUC 0.5000 Pre 0.0113 Rec 0.1000
2026-08-30 08:30:11 | Diag logvar_q_mean=0.0133 logvar_q_clamp=0.0000 logvar_p_mean=0.0132 logvar_p_clamp=0.0000 kappa_log10=3.3502
2026-08-30 08:30:15 | Epoch  70/400 | Train Loss 2.3013 Acc 0.1123 | Val Loss 2.3007 Acc 0.1129 AUC 0.5000 Pre 0.0113 Rec 0.1000
2026-08-30 08:30:16 | Diag logvar_q_mean=0.0133 logvar_q_clamp=0.0000 logvar_p_mean=0.0132 logvar_p_clamp=0.0000 kappa_log10=3.3495
2026-08-30 08:30:20 | Epoch  71/400 | Train Loss 2.3013 Acc 0.1123 | Val Loss 2.3008 Acc 0.1129 AUC 0.5000 Pre 0.0113 Rec 0.1000
2026-08-30 08:30:20 | Diag logvar_q_mean=0.0133 logvar_q_clamp=0.0000 logvar_p_mean=0.0132 logvar_p_clamp=0.0000 kappa_log10=3.3497
2026-08-30 08:30:24 | Epoch  72/400 | Train Loss 2.3013 Acc 0.1123 | Val Loss 2.3007 Acc 0.1129 AUC 0.5000 Pre 0.0113 Rec 0.1000
2026-08-30 08:30:25 | Diag logvar_q_mean=0.0133 logvar_q_clamp=0.0000 logvar_p_mean=0.0133 logvar_p_clamp=0.0000 kappa_log10=3.3492
2026-08-30 08:30:29 | Epoch  73/400 | Train Loss 2.3013 Acc 0.1123 | Val Loss 2.3007 Acc 0.1129 AUC 0.5000 Pre 0.0113 Rec 0.1000
2026-08-30 08:30:30 | Diag logvar_q_mean=0.0133 logvar_q_clamp=0.0000 logvar_p_mean=0.0133 logvar_p_clamp=0.0000 kappa_log10=3.3492
2026-08-30 08:30:34 | Epoch  74/400 | Train Loss 2.3013 Acc 0.1123 | Val Loss 2.3008 Acc 0.1129 AUC 0.5000 Pre 0.0113 Rec 0.1000
2026-08-30 08:30:34 | Diag logvar_q_mean=0.0133 logvar_q_clamp=0.0000 logvar_p_mean=0.0133 logvar_p_clamp=0.0000 kappa_log10=3.3489
2026-08-30 08:30:38 | Epoch  75/400 | Train Loss 2.3013 Acc 0.1123 | Val Loss 2.3007 Acc 0.1129 AUC 0.5000 Pre 0.0113 Rec 0.1000
2026-08-30 08:30:39 | Diag logvar_q_mean=0.0133 logvar_q_clamp=0.0000 logvar_p_mean=0.0133 logvar_p_clamp=0.0000 kappa_log10=3.3489
2026-08-30 08:30:43 | Epoch  76/400 | Train Loss 2.3013 Acc 0.1123 | Val Loss 2.3007 Acc 0.1129 AUC 0.5000 Pre 0.0113 Rec 0.1000
2026-08-30 08:30:44 | Diag logvar_q_mean=0.0133 logvar_q_clamp=0.0000 logvar_p_mean=0.0133 logvar_p_clamp=0.0000 kappa_log10=3.3489
2026-08-30 08:30:48 | Epoch  77/400 | Train Loss 2.3013 Acc 0.1123 | Val Loss 2.3008 Acc 0.1129 AUC 0.5000 Pre 0.0113 Rec 0.1000
2026-08-30 08:30:48 | Diag logvar_q_mean=0.0133 logvar_q_clamp=0.0000 logvar_p_mean=0.0133 logvar_p_clamp=0.0000 kappa_log10=3.3489
2026-08-30 08:30:52 | Epoch  78/400 | Train Loss 2.3013 Acc 0.1123 | Val Loss 2.3007 Acc 0.1129 AUC 0.5000 Pre 0.0113 Rec 0.1000
2026-08-30 08:30:53 | Diag logvar_q_mean=0.0133 logvar_q_clamp=0.0000 logvar_p_mean=0.0133 logvar_p_clamp=0.0000 kappa_log10=3.3489
2026-08-30 08:30:57 | Epoch  79/400 | Train Loss 2.3013 Acc 0.1123 | Val Loss 2.3007 Acc 0.1129 AUC 0.5000 Pre 0.0113 Rec 0.1000
2026-08-30 08:30:57 | Diag logvar_q_mean=0.0133 logvar_q_clamp=0.0000 logvar_p_mean=0.0133 logvar_p_clamp=0.0000 kappa_log10=3.3850
2026-08-30 08:31:01 | Epoch  80/400 | Train Loss 2.3013 Acc 0.1123 | Val Loss 2.3008 Acc 0.1129 AUC 0.5000 Pre 0.0113 Rec 0.1000
2026-08-30 08:31:02 | Diag logvar_q_mean=0.0133 logvar_q_clamp=0.0000 logvar_p_mean=0.0133 logvar_p_clamp=0.0000 kappa_log10=3.3838
2026-08-30 08:31:06 | Epoch  81/400 | Train Loss 2.3013 Acc 0.1123 | Val Loss 2.3008 Acc 0.1129 AUC 0.5000 Pre 0.0113 Rec 0.1000
2026-08-30 08:31:07 | Diag logvar_q_mean=0.0133 logvar_q_clamp=0.0000 logvar_p_mean=0.0133 logvar_p_clamp=0.0000 kappa_log10=3.3914
2026-08-30 08:31:11 | Epoch  82/400 | Train Loss 2.3013 Acc 0.1123 | Val Loss 2.3008 Acc 0.1129 AUC 0.5000 Pre 0.0113 Rec 0.1000
2026-08-30 08:31:11 | Diag logvar_q_mean=0.0133 logvar_q_clamp=0.0000 logvar_p_mean=0.0133 logvar_p_clamp=0.0000 kappa_log10=3.4684
2026-08-30 08:31:15 | Epoch  83/400 | Train Loss 2.3013 Acc 0.1123 | Val Loss 2.3008 Acc 0.1129 AUC 0.5000 Pre 0.0113 Rec 0.1000
2026-08-30 08:31:16 | Diag logvar_q_mean=0.0133 logvar_q_clamp=0.0000 logvar_p_mean=0.0133 logvar_p_clamp=0.0000 kappa_log10=3.4599
2026-08-30 08:31:20 | Epoch  84/400 | Train Loss 2.3013 Acc 0.1123 | Val Loss 2.3008 Acc 0.1129 AUC 0.5000 Pre 0.0113 Rec 0.1000
2026-08-30 08:31:20 | Diag logvar_q_mean=0.0133 logvar_q_clamp=0.0000 logvar_p_mean=0.0133 logvar_p_clamp=0.0000 kappa_log10=3.3224
2026-08-30 08:31:24 | Epoch  85/400 | Train Loss 2.3013 Acc 0.1123 | Val Loss 2.3008 Acc 0.1129 AUC 0.5000 Pre 0.0113 Rec 0.1000
2026-08-30 08:31:25 | Diag logvar_q_mean=0.0133 logvar_q_clamp=0.0000 logvar_p_mean=0.0133 logvar_p_clamp=0.0000 kappa_log10=3.3179
2026-08-30 08:31:29 | Epoch  86/400 | Train Loss 2.3013 Acc 0.1123 | Val Loss 2.3008 Acc 0.1129 AUC 0.5000 Pre 0.0113 Rec 0.1000
2026-08-30 08:31:29 | Diag logvar_q_mean=0.0133 logvar_q_clamp=0.0000 logvar_p_mean=0.0133 logvar_p_clamp=0.0000 kappa_log10=3.2984
2026-08-30 08:31:33 | Epoch  87/400 | Train Loss 2.3013 Acc 0.1123 | Val Loss 2.3007 Acc 0.1129 AUC 0.5000 Pre 0.0113 Rec 0.1000
2026-08-30 08:31:34 | Diag logvar_q_mean=0.0133 logvar_q_clamp=0.0000 logvar_p_mean=0.0133 logvar_p_clamp=0.0000 kappa_log10=3.3208
2026-08-30 08:31:38 | Epoch  88/400 | Train Loss 2.3013 Acc 0.1123 | Val Loss 2.3008 Acc 0.1129 AUC 0.5000 Pre 0.0113 Rec 0.1000
2026-08-30 08:31:39 | Diag logvar_q_mean=0.0133 logvar_q_clamp=0.0000 logvar_p_mean=0.0133 logvar_p_clamp=0.0000 kappa_log10=3.3584
2026-08-30 08:31:42 | Epoch  89/400 | Train Loss 2.3013 Acc 0.1123 | Val Loss 2.3008 Acc 0.1129 AUC 0.5000 Pre 0.0113 Rec 0.1000
2026-08-30 08:31:43 | Diag logvar_q_mean=0.0133 logvar_q_clamp=0.0000 logvar_p_mean=0.0133 logvar_p_clamp=0.0000 kappa_log10=3.3941
2026-08-30 08:31:47 | Epoch  90/400 | Train Loss 2.3013 Acc 0.1123 | Val Loss 2.3008 Acc 0.1129 AUC 0.5000 Pre 0.0113 Rec 0.1000
2026-08-30 08:31:48 | Diag logvar_q_mean=0.0133 logvar_q_clamp=0.0000 logvar_p_mean=0.0133 logvar_p_clamp=0.0000 kappa_log10=3.4867
2026-08-30 08:31:52 | Epoch  91/400 | Train Loss 2.3013 Acc 0.1123 | Val Loss 2.3008 Acc 0.1129 AUC 0.5000 Pre 0.0113 Rec 0.1000
2026-08-30 08:31:52 | Diag logvar_q_mean=0.0133 logvar_q_clamp=0.0000 logvar_p_mean=0.0133 logvar_p_clamp=0.0000 kappa_log10=3.5007
2026-08-30 08:31:56 | Epoch  92/400 | Train Loss 2.3013 Acc 0.1123 | Val Loss 2.3007 Acc 0.1129 AUC 0.5000 Pre 0.0113 Rec 0.1000
2026-08-30 08:31:57 | Diag logvar_q_mean=0.0133 logvar_q_clamp=0.0000 logvar_p_mean=0.0133 logvar_p_clamp=0.0000 kappa_log10=3.5010
2026-08-30 08:32:01 | Epoch  93/400 | Train Loss 2.3013 Acc 0.1123 | Val Loss 2.3008 Acc 0.1129 AUC 0.5000 Pre 0.0113 Rec 0.1000
2026-08-30 08:32:01 | Diag logvar_q_mean=0.0133 logvar_q_clamp=0.0000 logvar_p_mean=0.0133 logvar_p_clamp=0.0000 kappa_log10=3.4987
2026-08-30 08:32:05 | Epoch  94/400 | Train Loss 2.3013 Acc 0.1123 | Val Loss 2.3008 Acc 0.1129 AUC 0.5000 Pre 0.0113 Rec 0.1000
2026-08-30 08:32:06 | Diag logvar_q_mean=0.0133 logvar_q_clamp=0.0000 logvar_p_mean=0.0133 logvar_p_clamp=0.0000 kappa_log10=3.5144
2026-08-30 08:32:10 | Epoch  95/400 | Train Loss 2.3013 Acc 0.1123 | Val Loss 2.3008 Acc 0.1129 AUC 0.5000 Pre 0.0113 Rec 0.1000
2026-08-30 08:32:11 | Diag logvar_q_mean=0.0133 logvar_q_clamp=0.0000 logvar_p_mean=0.0133 logvar_p_clamp=0.0000 kappa_log10=3.5144
2026-08-30 08:32:15 | Epoch  96/400 | Train Loss 2.3013 Acc 0.1123 | Val Loss 2.3008 Acc 0.1129 AUC 0.5000 Pre 0.0113 Rec 0.1000
2026-08-30 08:32:15 | Diag logvar_q_mean=0.0133 logvar_q_clamp=0.0000 logvar_p_mean=0.0133 logvar_p_clamp=0.0000 kappa_log10=3.2150
2026-08-30 08:32:19 | Epoch  97/400 | Train Loss 2.3013 Acc 0.1123 | Val Loss 2.3008 Acc 0.1129 AUC 0.5000 Pre 0.0113 Rec 0.1000
2026-08-30 08:32:20 | Diag logvar_q_mean=0.0133 logvar_q_clamp=0.0000 logvar_p_mean=0.0133 logvar_p_clamp=0.0000 kappa_log10=3.2155
2026-08-30 08:32:24 | Epoch  98/400 | Train Loss 2.3013 Acc 0.1123 | Val Loss 2.3008 Acc 0.1129 AUC 0.5000 Pre 0.0113 Rec 0.1000
2026-08-30 08:32:24 | Diag logvar_q_mean=0.0133 logvar_q_clamp=0.0000 logvar_p_mean=0.0133 logvar_p_clamp=0.0000 kappa_log10=3.2155
2026-08-30 08:32:28 | Epoch  99/400 | Train Loss 2.3013 Acc 0.1123 | Val Loss 2.3008 Acc 0.1129 AUC 0.5000 Pre 0.0113 Rec 0.1000
2026-08-30 08:32:29 | Diag logvar_q_mean=0.0133 logvar_q_clamp=0.0000 logvar_p_mean=0.0133 logvar_p_clamp=0.0000 kappa_log10=3.2155
2026-08-30 08:32:33 | Epoch 100/400 | Train Loss 2.3013 Acc 0.1123 | Val Loss 2.3008 Acc 0.1129 AUC 0.5000 Pre 0.0113 Rec 0.1000
2026-08-30 08:32:34 | Diag logvar_q_mean=0.0133 logvar_q_clamp=0.0000 logvar_p_mean=0.0133 logvar_p_clamp=0.0000 kappa_log10=3.2153
2026-08-30 08:32:38 | Epoch 101/400 | Train Loss 2.3013 Acc 0.1123 | Val Loss 2.3008 Acc 0.1129 AUC 0.5000 Pre 0.0113 Rec 0.1000
2026-08-30 08:32:38 | Diag logvar_q_mean=0.0133 logvar_q_clamp=0.0000 logvar_p_mean=0.0133 logvar_p_clamp=0.0000 kappa_log10=3.2153
2026-08-30 08:32:42 | Epoch 102/400 | Train Loss 2.3013 Acc 0.1123 | Val Loss 2.3007 Acc 0.1129 AUC 0.5000 Pre 0.0113 Rec 0.1000
2026-08-30 08:32:43 | Diag logvar_q_mean=0.0133 logvar_q_clamp=0.0000 logvar_p_mean=0.0133 logvar_p_clamp=0.0000 kappa_log10=3.2153
2026-08-30 08:32:47 | Epoch 103/400 | Train Loss 2.3016 Acc 0.1123 | Val Loss 2.3008 Acc 0.1129 AUC 0.5000 Pre 0.0113 Rec 0.1000
2026-08-30 08:32:47 | Diag logvar_q_mean=0.0136 logvar_q_clamp=0.0000 logvar_p_mean=0.0135 logvar_p_clamp=0.0000 kappa_log10=4.0669
2026-08-30 08:32:51 | Epoch 104/400 | Train Loss 2.3013 Acc 0.1123 | Val Loss 2.3007 Acc 0.1129 AUC 0.5000 Pre 0.0113 Rec 0.1000
2026-08-30 08:32:52 | Diag logvar_q_mean=0.0136 logvar_q_clamp=0.0000 logvar_p_mean=0.0136 logvar_p_clamp=0.0000 kappa_log10=3.0637
2026-08-30 08:32:56 | Epoch 105/400 | Train Loss 2.3013 Acc 0.1123 | Val Loss 2.3007 Acc 0.1129 AUC 0.5000 Pre 0.0113 Rec 0.1000
2026-08-30 08:32:56 | Diag logvar_q_mean=0.0136 logvar_q_clamp=0.0000 logvar_p_mean=0.0136 logvar_p_clamp=0.0000 kappa_log10=3.0405
2026-08-30 08:33:00 | Epoch 106/400 | Train Loss 2.3013 Acc 0.1123 | Val Loss 2.3008 Acc 0.1129 AUC 0.5000 Pre 0.0113 Rec 0.1000
2026-08-30 08:33:01 | Diag logvar_q_mean=0.0136 logvar_q_clamp=0.0000 logvar_p_mean=0.0136 logvar_p_clamp=0.0000 kappa_log10=3.0746
2026-08-30 08:33:05 | Epoch 107/400 | Train Loss 2.3013 Acc 0.1123 | Val Loss 2.3008 Acc 0.1129 AUC 0.5000 Pre 0.0113 Rec 0.1000
2026-08-30 08:33:05 | Diag logvar_q_mean=0.0136 logvar_q_clamp=0.0000 logvar_p_mean=0.0136 logvar_p_clamp=0.0000 kappa_log10=3.0803
2026-08-30 08:33:09 | Epoch 108/400 | Train Loss 2.3013 Acc 0.1123 | Val Loss 2.3007 Acc 0.1129 AUC 0.5000 Pre 0.0113 Rec 0.1000
2026-08-30 08:33:10 | Diag logvar_q_mean=0.0136 logvar_q_clamp=0.0000 logvar_p_mean=0.0136 logvar_p_clamp=0.0000 kappa_log10=3.0815
2026-08-30 08:33:14 | Epoch 109/400 | Train Loss 2.3013 Acc 0.1123 | Val Loss 2.3008 Acc 0.1129 AUC 0.5000 Pre 0.0113 Rec 0.1000
2026-08-30 08:33:14 | Diag logvar_q_mean=0.0136 logvar_q_clamp=0.0000 logvar_p_mean=0.0136 logvar_p_clamp=0.0000 kappa_log10=3.4690
2026-08-30 08:33:18 | Epoch 110/400 | Train Loss 2.3013 Acc 0.1123 | Val Loss 2.3008 Acc 0.1129 AUC 0.5000 Pre 0.0113 Rec 0.1000
2026-08-30 08:33:19 | Diag logvar_q_mean=0.0136 logvar_q_clamp=0.0000 logvar_p_mean=0.0136 logvar_p_clamp=0.0000 kappa_log10=3.4747
2026-08-30 08:33:23 | Epoch 111/400 | Train Loss 2.3013 Acc 0.1123 | Val Loss 2.3007 Acc 0.1129 AUC 0.5000 Pre 0.0113 Rec 0.1000
2026-08-30 08:33:24 | Diag logvar_q_mean=0.0136 logvar_q_clamp=0.0000 logvar_p_mean=0.0136 logvar_p_clamp=0.0000 kappa_log10=3.4407
2026-08-30 08:33:28 | Epoch 112/400 | Train Loss 2.3013 Acc 0.1123 | Val Loss 2.3008 Acc 0.1129 AUC 0.5000 Pre 0.0113 Rec 0.1000
2026-08-30 08:33:28 | Diag logvar_q_mean=0.0136 logvar_q_clamp=0.0000 logvar_p_mean=0.0136 logvar_p_clamp=0.0000 kappa_log10=3.4407
2026-08-30 08:33:32 | Epoch 113/400 | Train Loss 2.3013 Acc 0.1123 | Val Loss 2.3008 Acc 0.1129 AUC 0.5000 Pre 0.0113 Rec 0.1000
2026-08-30 08:33:33 | Diag logvar_q_mean=0.0136 logvar_q_clamp=0.0000 logvar_p_mean=0.0136 logvar_p_clamp=0.0000 kappa_log10=3.4327
2026-08-30 08:33:37 | Epoch 114/400 | Train Loss 2.3013 Acc 0.1123 | Val Loss 2.3008 Acc 0.1129 AUC 0.5000 Pre 0.0113 Rec 0.1000
2026-08-30 08:33:37 | Diag logvar_q_mean=0.0136 logvar_q_clamp=0.0000 logvar_p_mean=0.0136 logvar_p_clamp=0.0000 kappa_log10=3.4316
2026-08-30 08:33:42 | Epoch 115/400 | Train Loss 2.3013 Acc 0.1123 | Val Loss 2.3008 Acc 0.1129 AUC 0.5000 Pre 0.0113 Rec 0.1000
2026-08-30 08:33:42 | Diag logvar_q_mean=0.0136 logvar_q_clamp=0.0000 logvar_p_mean=0.0136 logvar_p_clamp=0.0000 kappa_log10=3.4316
2026-08-30 08:33:46 | Epoch 116/400 | Train Loss 2.3013 Acc 0.1123 | Val Loss 2.3008 Acc 0.1129 AUC 0.5000 Pre 0.0113 Rec 0.1000
2026-08-30 08:33:47 | Diag logvar_q_mean=0.0136 logvar_q_clamp=0.0000 logvar_p_mean=0.0136 logvar_p_clamp=0.0000 kappa_log10=3.4270
2026-08-30 08:33:51 | Epoch 117/400 | Train Loss 2.3013 Acc 0.1123 | Val Loss 2.3008 Acc 0.1129 AUC 0.5000 Pre 0.0113 Rec 0.1000
2026-08-30 08:33:51 | Diag logvar_q_mean=0.0136 logvar_q_clamp=0.0000 logvar_p_mean=0.0136 logvar_p_clamp=0.0000 kappa_log10=3.3769
2026-08-30 08:33:55 | Epoch 118/400 | Train Loss 2.3013 Acc 0.1123 | Val Loss 2.3008 Acc 0.1129 AUC 0.5000 Pre 0.0113 Rec 0.1000
2026-08-30 08:33:56 | Diag logvar_q_mean=0.0136 logvar_q_clamp=0.0000 logvar_p_mean=0.0137 logvar_p_clamp=0.0000 kappa_log10=3.3454
2026-08-30 08:34:00 | Epoch 119/400 | Train Loss 2.3013 Acc 0.1123 | Val Loss 2.3008 Acc 0.1129 AUC 0.5000 Pre 0.0113 Rec 0.1000
2026-08-30 08:34:01 | Diag logvar_q_mean=0.0137 logvar_q_clamp=0.0000 logvar_p_mean=0.0137 logvar_p_clamp=0.0000 kappa_log10=2.8411
2026-08-30 08:34:05 | Epoch 120/400 | Train Loss 2.3013 Acc 0.1123 | Val Loss 2.3008 Acc 0.1129 AUC 0.5000 Pre 0.0113 Rec 0.1000
2026-08-30 08:34:05 | Diag logvar_q_mean=0.0137 logvar_q_clamp=0.0000 logvar_p_mean=0.0137 logvar_p_clamp=0.0000 kappa_log10=3.2136
2026-08-30 08:34:09 | Epoch 121/400 | Train Loss 2.3013 Acc 0.1123 | Val Loss 2.3008 Acc 0.1129 AUC 0.5000 Pre 0.0113 Rec 0.1000
2026-08-30 08:34:10 | Diag logvar_q_mean=0.0137 logvar_q_clamp=0.0000 logvar_p_mean=0.0137 logvar_p_clamp=0.0000 kappa_log10=3.2581
2026-08-30 08:34:14 | Epoch 122/400 | Train Loss 2.3013 Acc 0.1123 | Val Loss 2.3008 Acc 0.1129 AUC 0.5000 Pre 0.0113 Rec 0.1000
2026-08-30 08:34:15 | Diag logvar_q_mean=0.0137 logvar_q_clamp=0.0000 logvar_p_mean=0.0137 logvar_p_clamp=0.0000 kappa_log10=3.1568
2026-08-30 08:34:19 | Epoch 123/400 | Train Loss 2.3013 Acc 0.1123 | Val Loss 2.3008 Acc 0.1129 AUC 0.5000 Pre 0.0113 Rec 0.1000
2026-08-30 08:34:19 | Diag logvar_q_mean=0.0137 logvar_q_clamp=0.0000 logvar_p_mean=0.0137 logvar_p_clamp=0.0000 kappa_log10=3.1382
2026-08-30 08:34:23 | Epoch 124/400 | Train Loss 2.3013 Acc 0.1123 | Val Loss 2.3008 Acc 0.1129 AUC 0.5000 Pre 0.0113 Rec 0.1000
2026-08-30 08:34:24 | Diag logvar_q_mean=0.0137 logvar_q_clamp=0.0000 logvar_p_mean=0.0137 logvar_p_clamp=0.0000 kappa_log10=3.1382
2026-08-30 08:34:28 | Epoch 125/400 | Train Loss 2.3015 Acc 0.1123 | Val Loss 2.3008 Acc 0.1129 AUC 0.5000 Pre 0.0113 Rec 0.1000
2026-08-30 08:34:28 | Diag logvar_q_mean=0.0138 logvar_q_clamp=0.0000 logvar_p_mean=0.0138 logvar_p_clamp=0.0000 kappa_log10=4.2643
2026-08-30 08:34:32 | Epoch 126/400 | Train Loss 2.3013 Acc 0.1123 | Val Loss 2.3008 Acc 0.1129 AUC 0.5000 Pre 0.0113 Rec 0.1000
2026-08-30 08:34:33 | Diag logvar_q_mean=0.0138 logvar_q_clamp=0.0000 logvar_p_mean=0.0138 logvar_p_clamp=0.0000 kappa_log10=2.5232
2026-08-30 08:34:37 | Epoch 127/400 | Train Loss 2.3013 Acc 0.1123 | Val Loss 2.3008 Acc 0.1129 AUC 0.5000 Pre 0.0113 Rec 0.1000
2026-08-30 08:34:37 | Diag logvar_q_mean=0.0138 logvar_q_clamp=0.0000 logvar_p_mean=0.0138 logvar_p_clamp=0.0000 kappa_log10=2.5225
2026-08-30 08:34:41 | Epoch 128/400 | Train Loss 2.3013 Acc 0.1123 | Val Loss 2.3007 Acc 0.1129 AUC 0.5000 Pre 0.0113 Rec 0.1000
2026-08-30 08:34:42 | Diag logvar_q_mean=0.0138 logvar_q_clamp=0.0000 logvar_p_mean=0.0138 logvar_p_clamp=0.0000 kappa_log10=2.4862
2026-08-30 08:34:46 | Epoch 129/400 | Train Loss 2.3013 Acc 0.1123 | Val Loss 2.3007 Acc 0.1129 AUC 0.5000 Pre 0.0113 Rec 0.1000
2026-08-30 08:34:47 | Diag logvar_q_mean=0.0138 logvar_q_clamp=0.0000 logvar_p_mean=0.0138 logvar_p_clamp=0.0000 kappa_log10=2.4863
2026-08-30 08:34:51 | Epoch 130/400 | Train Loss 2.3013 Acc 0.1123 | Val Loss 2.3008 Acc 0.1129 AUC 0.5000 Pre 0.0113 Rec 0.1000
2026-08-30 08:34:51 | Diag logvar_q_mean=0.0139 logvar_q_clamp=0.0000 logvar_p_mean=0.0139 logvar_p_clamp=0.0000 kappa_log10=2.4789
2026-08-30 08:34:55 | Epoch 131/400 | Train Loss 2.3013 Acc 0.1123 | Val Loss 2.3008 Acc 0.1129 AUC 0.5000 Pre 0.0113 Rec 0.1000
2026-08-30 08:34:56 | Diag logvar_q_mean=0.0139 logvar_q_clamp=0.0000 logvar_p_mean=0.0139 logvar_p_clamp=0.0000 kappa_log10=2.4789
2026-08-30 08:35:00 | Epoch 132/400 | Train Loss 2.3013 Acc 0.1123 | Val Loss 2.3008 Acc 0.1129 AUC 0.5000 Pre 0.0113 Rec 0.1000
2026-08-30 08:35:00 | Diag logvar_q_mean=0.0139 logvar_q_clamp=0.0000 logvar_p_mean=0.0139 logvar_p_clamp=0.0000 kappa_log10=2.6458
2026-08-30 08:35:04 | Epoch 133/400 | Train Loss 2.3014 Acc 0.1123 | Val Loss 2.3007 Acc 0.1129 AUC 0.5000 Pre 0.0113 Rec 0.1000
2026-08-30 08:35:05 | Diag logvar_q_mean=0.0139 logvar_q_clamp=0.0000 logvar_p_mean=0.0139 logvar_p_clamp=0.0000 kappa_log10=3.5392
2026-08-30 08:35:09 | Epoch 134/400 | Train Loss 2.3013 Acc 0.1123 | Val Loss 2.3008 Acc 0.1129 AUC 0.5000 Pre 0.0113 Rec 0.1000
2026-08-30 08:35:10 | Diag logvar_q_mean=0.0139 logvar_q_clamp=0.0000 logvar_p_mean=0.0139 logvar_p_clamp=0.0000 kappa_log10=3.7880
2026-08-30 08:35:14 | Epoch 135/400 | Train Loss 2.3015 Acc 0.1123 | Val Loss 2.3009 Acc 0.1129 AUC 0.5000 Pre 0.0113 Rec 0.1000
2026-08-30 08:35:14 | Diag logvar_q_mean=0.0140 logvar_q_clamp=0.0000 logvar_p_mean=0.0140 logvar_p_clamp=0.0000 kappa_log10=3.2306
2026-08-30 08:35:18 | Epoch 136/400 | Train Loss 2.3013 Acc 0.1123 | Val Loss 2.3008 Acc 0.1129 AUC 0.5000 Pre 0.0113 Rec 0.1000
2026-08-30 08:35:19 | Diag logvar_q_mean=0.0140 logvar_q_clamp=0.0000 logvar_p_mean=0.0140 logvar_p_clamp=0.0000 kappa_log10=2.8634
2026-08-30 08:35:23 | Epoch 137/400 | Train Loss 2.3013 Acc 0.1123 | Val Loss 2.3008 Acc 0.1129 AUC 0.5000 Pre 0.0113 Rec 0.1000
2026-08-30 08:35:23 | Diag logvar_q_mean=0.0140 logvar_q_clamp=0.0000 logvar_p_mean=0.0140 logvar_p_clamp=0.0000 kappa_log10=2.8634
2026-08-30 08:35:27 | Epoch 138/400 | Train Loss 2.3013 Acc 0.1123 | Val Loss 2.3007 Acc 0.1129 AUC 0.5000 Pre 0.0113 Rec 0.1000
2026-08-30 08:35:28 | Diag logvar_q_mean=0.0140 logvar_q_clamp=0.0000 logvar_p_mean=0.0140 logvar_p_clamp=0.0000 kappa_log10=2.8634
2026-08-30 08:35:32 | Epoch 139/400 | Train Loss 2.3013 Acc 0.1123 | Val Loss 2.3008 Acc 0.1129 AUC 0.5000 Pre 0.0113 Rec 0.1000
2026-08-30 08:35:32 | Diag logvar_q_mean=0.0140 logvar_q_clamp=0.0000 logvar_p_mean=0.0140 logvar_p_clamp=0.0000 kappa_log10=2.8620
2026-08-30 08:35:37 | Epoch 140/400 | Train Loss 2.3013 Acc 0.1123 | Val Loss 2.3007 Acc 0.1129 AUC 0.5000 Pre 0.0113 Rec 0.1000
2026-08-30 08:35:37 | Diag logvar_q_mean=0.0140 logvar_q_clamp=0.0000 logvar_p_mean=0.0140 logvar_p_clamp=0.0000 kappa_log10=2.8836
2026-08-30 08:35:41 | Epoch 141/400 | Train Loss 2.3013 Acc 0.1123 | Val Loss 2.3008 Acc 0.1129 AUC 0.5000 Pre 0.0113 Rec 0.1000
2026-08-30 08:35:42 | Diag logvar_q_mean=0.0140 logvar_q_clamp=0.0000 logvar_p_mean=0.0140 logvar_p_clamp=0.0000 kappa_log10=2.8836
2026-08-30 08:35:46 | Epoch 142/400 | Train Loss 2.3013 Acc 0.1123 | Val Loss 2.3007 Acc 0.1129 AUC 0.5000 Pre 0.0113 Rec 0.1000
2026-08-30 08:35:46 | Diag logvar_q_mean=0.0140 logvar_q_clamp=0.0000 logvar_p_mean=0.0140 logvar_p_clamp=0.0000 kappa_log10=2.8836
2026-08-30 08:35:50 | Epoch 143/400 | Train Loss 2.3013 Acc 0.1123 | Val Loss 2.3008 Acc 0.1129 AUC 0.5000 Pre 0.0113 Rec 0.1000
2026-08-30 08:35:51 | Diag logvar_q_mean=0.0140 logvar_q_clamp=0.0000 logvar_p_mean=0.0140 logvar_p_clamp=0.0000 kappa_log10=2.8836
2026-08-30 08:35:55 | Epoch 144/400 | Train Loss 2.3013 Acc 0.1123 | Val Loss 2.3007 Acc 0.1129 AUC 0.5000 Pre 0.0113 Rec 0.1000
2026-08-30 08:35:56 | Diag logvar_q_mean=0.0140 logvar_q_clamp=0.0000 logvar_p_mean=0.0140 logvar_p_clamp=0.0000 kappa_log10=2.8836
2026-08-30 08:36:00 | Epoch 145/400 | Train Loss 2.3013 Acc 0.1123 | Val Loss 2.3008 Acc 0.1129 AUC 0.5000 Pre 0.0113 Rec 0.1000
2026-08-30 08:36:00 | Diag logvar_q_mean=0.0140 logvar_q_clamp=0.0000 logvar_p_mean=0.0141 logvar_p_clamp=0.0000 kappa_log10=2.8836
2026-08-30 08:36:04 | Epoch 146/400 | Train Loss 2.3013 Acc 0.1123 | Val Loss 2.3008 Acc 0.1129 AUC 0.5000 Pre 0.0113 Rec 0.1000
2026-08-30 08:36:05 | Diag logvar_q_mean=0.0141 logvar_q_clamp=0.0000 logvar_p_mean=0.0141 logvar_p_clamp=0.0000 kappa_log10=2.8836
2026-08-30 08:36:09 | Epoch 147/400 | Train Loss 2.3013 Acc 0.1123 | Val Loss 2.3007 Acc 0.1129 AUC 0.5000 Pre 0.0113 Rec 0.1000
2026-08-30 08:36:09 | Diag logvar_q_mean=0.0141 logvar_q_clamp=0.0000 logvar_p_mean=0.0141 logvar_p_clamp=0.0000 kappa_log10=2.8836
2026-08-30 08:36:13 | Epoch 148/400 | Train Loss 2.3013 Acc 0.1123 | Val Loss 2.3008 Acc 0.1129 AUC 0.5000 Pre 0.0113 Rec 0.1000
2026-08-30 08:36:14 | Diag logvar_q_mean=0.0141 logvar_q_clamp=0.0000 logvar_p_mean=0.0141 logvar_p_clamp=0.0000 kappa_log10=2.8836
2026-08-30 08:36:18 | Epoch 149/400 | Train Loss 2.3013 Acc 0.1123 | Val Loss 2.3008 Acc 0.1129 AUC 0.5000 Pre 0.0113 Rec 0.1000
2026-08-30 08:36:19 | Diag logvar_q_mean=0.0141 logvar_q_clamp=0.0000 logvar_p_mean=0.0141 logvar_p_clamp=0.0000 kappa_log10=2.6175
2026-08-30 08:36:23 | Epoch 150/400 | Train Loss 2.3013 Acc 0.1123 | Val Loss 2.3007 Acc 0.1129 AUC 0.5000 Pre 0.0113 Rec 0.1000
2026-08-30 08:36:23 | Diag logvar_q_mean=0.0141 logvar_q_clamp=0.0000 logvar_p_mean=0.0141 logvar_p_clamp=0.0000 kappa_log10=2.6150
2026-08-30 08:36:27 | Epoch 151/400 | Train Loss 2.3013 Acc 0.1123 | Val Loss 2.3008 Acc 0.1129 AUC 0.5000 Pre 0.0113 Rec 0.1000
2026-08-30 08:36:28 | Diag logvar_q_mean=0.0141 logvar_q_clamp=0.0000 logvar_p_mean=0.0141 logvar_p_clamp=0.0000 kappa_log10=2.6150
2026-08-30 08:36:32 | Epoch 152/400 | Train Loss 2.3013 Acc 0.1123 | Val Loss 2.3008 Acc 0.1129 AUC 0.5000 Pre 0.0113 Rec 0.1000
2026-08-30 08:36:32 | Diag logvar_q_mean=0.0141 logvar_q_clamp=0.0000 logvar_p_mean=0.0141 logvar_p_clamp=0.0000 kappa_log10=2.6150
2026-08-30 08:36:36 | Epoch 153/400 | Train Loss 2.3014 Acc 0.1123 | Val Loss 2.3007 Acc 0.1129 AUC 0.5000 Pre 0.0113 Rec 0.1000
2026-08-30 08:36:37 | Diag logvar_q_mean=0.0141 logvar_q_clamp=0.0000 logvar_p_mean=0.0142 logvar_p_clamp=0.0000 kappa_log10=2.5559
2026-08-30 08:36:41 | Epoch 154/400 | Train Loss 2.3013 Acc 0.1123 | Val Loss 2.3008 Acc 0.1129 AUC 0.5000 Pre 0.0113 Rec 0.1000
2026-08-30 08:36:41 | Diag logvar_q_mean=0.0141 logvar_q_clamp=0.0000 logvar_p_mean=0.0141 logvar_p_clamp=0.0000 kappa_log10=2.5532
2026-08-30 08:36:45 | Epoch 155/400 | Train Loss 2.3013 Acc 0.1123 | Val Loss 2.3008 Acc 0.1129 AUC 0.5000 Pre 0.0113 Rec 0.1000
2026-08-30 08:36:46 | Diag logvar_q_mean=0.0142 logvar_q_clamp=0.0000 logvar_p_mean=0.0142 logvar_p_clamp=0.0000 kappa_log10=3.7346
2026-08-30 08:36:50 | Epoch 156/400 | Train Loss 2.3013 Acc 0.1123 | Val Loss 2.3007 Acc 0.1129 AUC 0.5000 Pre 0.0113 Rec 0.1000
2026-08-30 08:36:51 | Diag logvar_q_mean=0.0142 logvar_q_clamp=0.0000 logvar_p_mean=0.0142 logvar_p_clamp=0.0000 kappa_log10=3.7374
2026-08-30 08:36:55 | Epoch 157/400 | Train Loss 2.3014 Acc 0.1123 | Val Loss 2.3008 Acc 0.1129 AUC 0.5000 Pre 0.0113 Rec 0.1000
2026-08-30 08:36:55 | Diag logvar_q_mean=0.0142 logvar_q_clamp=0.0000 logvar_p_mean=0.0142 logvar_p_clamp=0.0000 kappa_log10=3.5793
2026-08-30 08:36:59 | Epoch 158/400 | Train Loss 2.3013 Acc 0.1123 | Val Loss 2.3008 Acc 0.1129 AUC 0.5000 Pre 0.0113 Rec 0.1000
2026-08-30 08:37:00 | Diag logvar_q_mean=0.0142 logvar_q_clamp=0.0000 logvar_p_mean=0.0142 logvar_p_clamp=0.0000 kappa_log10=4.1063
2026-08-30 08:37:04 | Epoch 159/400 | Train Loss 2.3013 Acc 0.1123 | Val Loss 2.3007 Acc 0.1129 AUC 0.5000 Pre 0.0113 Rec 0.1000
2026-08-30 08:37:04 | Diag logvar_q_mean=0.0142 logvar_q_clamp=0.0000 logvar_p_mean=0.0142 logvar_p_clamp=0.0000 kappa_log10=3.7105
2026-08-30 08:37:08 | Epoch 160/400 | Train Loss 2.3013 Acc 0.1123 | Val Loss 2.3008 Acc 0.1129 AUC 0.5000 Pre 0.0113 Rec 0.1000
2026-08-30 08:37:09 | Diag logvar_q_mean=0.0142 logvar_q_clamp=0.0000 logvar_p_mean=0.0142 logvar_p_clamp=0.0000 kappa_log10=3.1023
2026-08-30 08:37:13 | Epoch 161/400 | Train Loss 2.3013 Acc 0.1123 | Val Loss 2.3007 Acc 0.1129 AUC 0.5000 Pre 0.0113 Rec 0.1000
2026-08-30 08:37:13 | Diag logvar_q_mean=0.0142 logvar_q_clamp=0.0000 logvar_p_mean=0.0142 logvar_p_clamp=0.0000 kappa_log10=3.0706
2026-08-30 08:37:17 | Epoch 162/400 | Train Loss 2.3013 Acc 0.1123 | Val Loss 2.3007 Acc 0.1129 AUC 0.5000 Pre 0.0113 Rec 0.1000
2026-08-30 08:37:18 | Diag logvar_q_mean=0.0142 logvar_q_clamp=0.0000 logvar_p_mean=0.0142 logvar_p_clamp=0.0000 kappa_log10=3.0706
2026-08-30 08:37:22 | Epoch 163/400 | Train Loss 2.3013 Acc 0.1123 | Val Loss 2.3008 Acc 0.1129 AUC 0.5000 Pre 0.0113 Rec 0.1000
2026-08-30 08:37:23 | Diag logvar_q_mean=0.0143 logvar_q_clamp=0.0000 logvar_p_mean=0.0143 logvar_p_clamp=0.0000 kappa_log10=2.8278
2026-08-30 08:37:27 | Epoch 164/400 | Train Loss 2.3013 Acc 0.1123 | Val Loss 2.3008 Acc 0.1129 AUC 0.5000 Pre 0.0113 Rec 0.1000
2026-08-30 08:37:27 | Diag logvar_q_mean=0.0143 logvar_q_clamp=0.0000 logvar_p_mean=0.0143 logvar_p_clamp=0.0000 kappa_log10=2.9318
2026-08-30 08:37:31 | Epoch 165/400 | Train Loss 2.3013 Acc 0.1123 | Val Loss 2.3008 Acc 0.1129 AUC 0.5000 Pre 0.0113 Rec 0.1000
2026-08-30 08:37:32 | Diag logvar_q_mean=0.0143 logvar_q_clamp=0.0000 logvar_p_mean=0.0143 logvar_p_clamp=0.0000 kappa_log10=2.8782
2026-08-30 08:37:36 | Epoch 166/400 | Train Loss 2.3013 Acc 0.1123 | Val Loss 2.3008 Acc 0.1129 AUC 0.5000 Pre 0.0113 Rec 0.1000
2026-08-30 08:37:36 | Diag logvar_q_mean=0.0143 logvar_q_clamp=0.0000 logvar_p_mean=0.0143 logvar_p_clamp=0.0000 kappa_log10=2.8782
2026-08-30 08:37:40 | Epoch 167/400 | Train Loss 2.3013 Acc 0.1123 | Val Loss 2.3007 Acc 0.1129 AUC 0.5000 Pre 0.0113 Rec 0.1000
2026-08-30 08:37:41 | Diag logvar_q_mean=0.0143 logvar_q_clamp=0.0000 logvar_p_mean=0.0143 logvar_p_clamp=0.0000 kappa_log10=2.8782
2026-08-30 08:37:45 | Epoch 168/400 | Train Loss 2.3013 Acc 0.1123 | Val Loss 2.3008 Acc 0.1129 AUC 0.5000 Pre 0.0113 Rec 0.1000
2026-08-30 08:37:45 | Diag logvar_q_mean=0.0143 logvar_q_clamp=0.0000 logvar_p_mean=0.0143 logvar_p_clamp=0.0000 kappa_log10=2.8782
2026-08-30 08:37:49 | Epoch 169/400 | Train Loss 2.3013 Acc 0.1123 | Val Loss 2.3007 Acc 0.1129 AUC 0.5000 Pre 0.0113 Rec 0.1000
2026-08-30 08:37:50 | Diag logvar_q_mean=0.0143 logvar_q_clamp=0.0000 logvar_p_mean=0.0143 logvar_p_clamp=0.0000 kappa_log10=2.8782
2026-08-30 08:37:54 | Epoch 170/400 | Train Loss 2.3013 Acc 0.1123 | Val Loss 2.3008 Acc 0.1129 AUC 0.5000 Pre 0.0113 Rec 0.1000
2026-08-30 08:37:55 | Diag logvar_q_mean=0.0143 logvar_q_clamp=0.0000 logvar_p_mean=0.0143 logvar_p_clamp=0.0000 kappa_log10=2.8782
2026-08-30 08:37:58 | Epoch 171/400 | Train Loss 2.3013 Acc 0.1123 | Val Loss 2.3008 Acc 0.1129 AUC 0.5000 Pre 0.0113 Rec 0.1000
2026-08-30 08:37:59 | Diag logvar_q_mean=0.0143 logvar_q_clamp=0.0000 logvar_p_mean=0.0143 logvar_p_clamp=0.0000 kappa_log10=2.8782
2026-08-30 08:38:03 | Epoch 172/400 | Train Loss 2.3013 Acc 0.1123 | Val Loss 2.3008 Acc 0.1129 AUC 0.5000 Pre 0.0113 Rec 0.1000
2026-08-30 08:38:04 | Diag logvar_q_mean=0.0143 logvar_q_clamp=0.0000 logvar_p_mean=0.0143 logvar_p_clamp=0.0000 kappa_log10=2.8782
2026-08-30 08:38:08 | Epoch 173/400 | Train Loss 2.3013 Acc 0.1123 | Val Loss 2.3008 Acc 0.1129 AUC 0.5000 Pre 0.0113 Rec 0.1000
2026-08-30 08:38:08 | Diag logvar_q_mean=0.0143 logvar_q_clamp=0.0000 logvar_p_mean=0.0143 logvar_p_clamp=0.0000 kappa_log10=2.8782
2026-08-30 08:38:12 | Epoch 174/400 | Train Loss 2.3013 Acc 0.1123 | Val Loss 2.3008 Acc 0.1129 AUC 0.5000 Pre 0.0113 Rec 0.1000
2026-08-30 08:38:13 | Diag logvar_q_mean=0.0143 logvar_q_clamp=0.0000 logvar_p_mean=0.0143 logvar_p_clamp=0.0000 kappa_log10=2.8782
2026-08-30 08:38:17 | Epoch 175/400 | Train Loss 2.3013 Acc 0.1123 | Val Loss 2.3008 Acc 0.1129 AUC 0.5000 Pre 0.0113 Rec 0.1000
2026-08-30 08:38:17 | Diag logvar_q_mean=0.0143 logvar_q_clamp=0.0000 logvar_p_mean=0.0143 logvar_p_clamp=0.0000 kappa_log10=2.8782
2026-08-30 08:38:21 | Epoch 176/400 | Train Loss 2.3013 Acc 0.1123 | Val Loss 2.3008 Acc 0.1129 AUC 0.5000 Pre 0.0113 Rec 0.1000
2026-08-30 08:38:22 | Diag logvar_q_mean=0.0143 logvar_q_clamp=0.0000 logvar_p_mean=0.0143 logvar_p_clamp=0.0000 kappa_log10=2.8782
2026-08-30 08:38:26 | Epoch 177/400 | Train Loss 2.3013 Acc 0.1123 | Val Loss 2.3008 Acc 0.1129 AUC 0.5000 Pre 0.0113 Rec 0.1000
2026-08-30 08:38:26 | Diag logvar_q_mean=0.0143 logvar_q_clamp=0.0000 logvar_p_mean=0.0143 logvar_p_clamp=0.0000 kappa_log10=2.8782
2026-08-30 08:38:30 | Epoch 178/400 | Train Loss 2.3013 Acc 0.1123 | Val Loss 2.3008 Acc 0.1129 AUC 0.5000 Pre 0.0113 Rec 0.1000
2026-08-30 08:38:31 | Diag logvar_q_mean=0.0143 logvar_q_clamp=0.0000 logvar_p_mean=0.0143 logvar_p_clamp=0.0000 kappa_log10=2.8782
2026-08-30 08:38:35 | Epoch 179/400 | Train Loss 2.3013 Acc 0.1123 | Val Loss 2.3008 Acc 0.1129 AUC 0.5000 Pre 0.0113 Rec 0.1000
2026-08-30 08:38:36 | Diag logvar_q_mean=0.0143 logvar_q_clamp=0.0000 logvar_p_mean=0.0143 logvar_p_clamp=0.0000 kappa_log10=2.8782
2026-08-30 08:38:40 | Epoch 180/400 | Train Loss 2.3013 Acc 0.1123 | Val Loss 2.3008 Acc 0.1129 AUC 0.5000 Pre 0.0113 Rec 0.1000
2026-08-30 08:38:40 | Diag logvar_q_mean=0.0143 logvar_q_clamp=0.0000 logvar_p_mean=0.0144 logvar_p_clamp=0.0000 kappa_log10=2.9652
2026-08-30 08:38:44 | Epoch 181/400 | Train Loss 2.3013 Acc 0.1123 | Val Loss 2.3007 Acc 0.1129 AUC 0.5000 Pre 0.0113 Rec 0.1000
2026-08-30 08:38:45 | Diag logvar_q_mean=0.0143 logvar_q_clamp=0.0000 logvar_p_mean=0.0144 logvar_p_clamp=0.0000 kappa_log10=3.0543
2026-08-30 08:38:49 | Epoch 182/400 | Train Loss 2.3013 Acc 0.1123 | Val Loss 2.3007 Acc 0.1129 AUC 0.5000 Pre 0.0113 Rec 0.1000
2026-08-30 08:38:49 | Diag logvar_q_mean=0.0144 logvar_q_clamp=0.0000 logvar_p_mean=0.0144 logvar_p_clamp=0.0000 kappa_log10=3.0543
2026-08-30 08:38:53 | Epoch 183/400 | Train Loss 2.3013 Acc 0.1123 | Val Loss 2.3008 Acc 0.1129 AUC 0.5000 Pre 0.0113 Rec 0.1000
2026-08-30 08:38:54 | Diag logvar_q_mean=0.0144 logvar_q_clamp=0.0000 logvar_p_mean=0.0144 logvar_p_clamp=0.0000 kappa_log10=3.0855
2026-08-30 08:38:58 | Epoch 184/400 | Train Loss 2.3013 Acc 0.1123 | Val Loss 2.3008 Acc 0.1129 AUC 0.5000 Pre 0.0113 Rec 0.1000
2026-08-30 08:38:58 | Diag logvar_q_mean=0.0144 logvar_q_clamp=0.0000 logvar_p_mean=0.0144 logvar_p_clamp=0.0000 kappa_log10=3.1536
2026-08-30 08:39:02 | Epoch 185/400 | Train Loss 2.3013 Acc 0.1123 | Val Loss 2.3007 Acc 0.1129 AUC 0.5000 Pre 0.0113 Rec 0.1000
2026-08-30 08:39:03 | Diag logvar_q_mean=0.0144 logvar_q_clamp=0.0000 logvar_p_mean=0.0144 logvar_p_clamp=0.0000 kappa_log10=3.1536
2026-08-30 08:39:07 | Epoch 186/400 | Train Loss 2.3013 Acc 0.1123 | Val Loss 2.3008 Acc 0.1129 AUC 0.5000 Pre 0.0113 Rec 0.1000
2026-08-30 08:39:07 | Diag logvar_q_mean=0.0144 logvar_q_clamp=0.0000 logvar_p_mean=0.0144 logvar_p_clamp=0.0000 kappa_log10=3.1536
2026-08-30 08:39:11 | Epoch 187/400 | Train Loss 2.3013 Acc 0.1123 | Val Loss 2.3007 Acc 0.1129 AUC 0.5000 Pre 0.0113 Rec 0.1000
2026-08-30 08:39:12 | Diag logvar_q_mean=0.0144 logvar_q_clamp=0.0000 logvar_p_mean=0.0144 logvar_p_clamp=0.0000 kappa_log10=3.1536
2026-08-30 08:39:16 | Epoch 188/400 | Train Loss 2.3013 Acc 0.1123 | Val Loss 2.3007 Acc 0.1129 AUC 0.5000 Pre 0.0113 Rec 0.1000
2026-08-30 08:39:17 | Diag logvar_q_mean=0.0144 logvar_q_clamp=0.0000 logvar_p_mean=0.0144 logvar_p_clamp=0.0000 kappa_log10=3.1536
2026-08-30 08:39:21 | Epoch 189/400 | Train Loss 2.3013 Acc 0.1123 | Val Loss 2.3008 Acc 0.1129 AUC 0.5000 Pre 0.0113 Rec 0.1000
2026-08-30 08:39:21 | Diag logvar_q_mean=0.0144 logvar_q_clamp=0.0000 logvar_p_mean=0.0144 logvar_p_clamp=0.0000 kappa_log10=3.1536
2026-08-30 08:39:25 | Epoch 190/400 | Train Loss 2.3013 Acc 0.1123 | Val Loss 2.3008 Acc 0.1129 AUC 0.5000 Pre 0.0113 Rec 0.1000
2026-08-30 08:39:26 | Diag logvar_q_mean=0.0144 logvar_q_clamp=0.0000 logvar_p_mean=0.0144 logvar_p_clamp=0.0000 kappa_log10=3.1536
2026-08-30 08:39:30 | Epoch 191/400 | Train Loss 2.3013 Acc 0.1123 | Val Loss 2.3008 Acc 0.1129 AUC 0.5000 Pre 0.0113 Rec 0.1000
2026-08-30 08:39:31 | Diag logvar_q_mean=0.0144 logvar_q_clamp=0.0000 logvar_p_mean=0.0144 logvar_p_clamp=0.0000 kappa_log10=3.1089
2026-08-30 08:39:35 | Epoch 192/400 | Train Loss 2.3013 Acc 0.1123 | Val Loss 2.3008 Acc 0.1129 AUC 0.5000 Pre 0.0113 Rec 0.1000
2026-08-30 08:39:35 | Diag logvar_q_mean=0.0144 logvar_q_clamp=0.0000 logvar_p_mean=0.0144 logvar_p_clamp=0.0000 kappa_log10=3.0971
2026-08-30 08:39:39 | Epoch 193/400 | Train Loss 2.3013 Acc 0.1123 | Val Loss 2.3008 Acc 0.1129 AUC 0.5000 Pre 0.0113 Rec 0.1000
2026-08-30 08:39:40 | Diag logvar_q_mean=0.0144 logvar_q_clamp=0.0000 logvar_p_mean=0.0144 logvar_p_clamp=0.0000 kappa_log10=3.0971
2026-08-30 08:39:44 | Epoch 194/400 | Train Loss 2.3013 Acc 0.1123 | Val Loss 2.3007 Acc 0.1129 AUC 0.5000 Pre 0.0113 Rec 0.1000
2026-08-30 08:39:44 | Diag logvar_q_mean=0.0144 logvar_q_clamp=0.0000 logvar_p_mean=0.0144 logvar_p_clamp=0.0000 kappa_log10=3.0971
2026-08-30 08:39:48 | Epoch 195/400 | Train Loss 2.3013 Acc 0.1123 | Val Loss 2.3008 Acc 0.1129 AUC 0.5000 Pre 0.0113 Rec 0.1000
2026-08-30 08:39:49 | Diag logvar_q_mean=0.0144 logvar_q_clamp=0.0000 logvar_p_mean=0.0144 logvar_p_clamp=0.0000 kappa_log10=3.0971
2026-08-30 08:39:53 | Epoch 196/400 | Train Loss 2.3013 Acc 0.1123 | Val Loss 2.3008 Acc 0.1129 AUC 0.5000 Pre 0.0113 Rec 0.1000
2026-08-30 08:39:54 | Diag logvar_q_mean=0.0144 logvar_q_clamp=0.0000 logvar_p_mean=0.0144 logvar_p_clamp=0.0000 kappa_log10=3.0971
2026-08-30 08:39:58 | Epoch 197/400 | Train Loss 2.3013 Acc 0.1123 | Val Loss 2.3008 Acc 0.1129 AUC 0.5000 Pre 0.0113 Rec 0.1000
2026-08-30 08:39:58 | Diag logvar_q_mean=0.0144 logvar_q_clamp=0.0000 logvar_p_mean=0.0144 logvar_p_clamp=0.0000 kappa_log10=3.0971
2026-08-30 08:40:02 | Epoch 198/400 | Train Loss 2.3013 Acc 0.1123 | Val Loss 2.3008 Acc 0.1129 AUC 0.5000 Pre 0.0113 Rec 0.1000
2026-08-30 08:40:03 | Diag logvar_q_mean=0.0144 logvar_q_clamp=0.0000 logvar_p_mean=0.0144 logvar_p_clamp=0.0000 kappa_log10=3.0971
2026-08-30 08:40:07 | Epoch 199/400 | Train Loss 2.3013 Acc 0.1123 | Val Loss 2.3008 Acc 0.1129 AUC 0.5000 Pre 0.0113 Rec 0.1000
2026-08-30 08:40:07 | Diag logvar_q_mean=0.0144 logvar_q_clamp=0.0000 logvar_p_mean=0.0144 logvar_p_clamp=0.0000 kappa_log10=3.0971
2026-08-30 08:40:11 | Epoch 200/400 | Train Loss 2.3013 Acc 0.1123 | Val Loss 2.3007 Acc 0.1129 AUC 0.5000 Pre 0.0113 Rec 0.1000
2026-08-30 08:40:12 | Diag logvar_q_mean=0.0144 logvar_q_clamp=0.0000 logvar_p_mean=0.0144 logvar_p_clamp=0.0000 kappa_log10=3.0971
2026-08-30 08:40:16 | Epoch 201/400 | Train Loss 2.3013 Acc 0.1123 | Val Loss 2.3008 Acc 0.1129 AUC 0.5000 Pre 0.0113 Rec 0.1000
2026-08-30 08:40:16 | Diag logvar_q_mean=0.0144 logvar_q_clamp=0.0000 logvar_p_mean=0.0144 logvar_p_clamp=0.0000 kappa_log10=3.0971
2026-08-30 08:40:20 | Epoch 202/400 | Train Loss 2.3013 Acc 0.1123 | Val Loss 2.3008 Acc 0.1129 AUC 0.5000 Pre 0.0113 Rec 0.1000
2026-08-30 08:40:21 | Diag logvar_q_mean=0.0144 logvar_q_clamp=0.0000 logvar_p_mean=0.0144 logvar_p_clamp=0.0000 kappa_log10=3.0971
2026-08-30 08:40:25 | Epoch 203/400 | Train Loss 2.3013 Acc 0.1123 | Val Loss 2.3007 Acc 0.1129 AUC 0.5000 Pre 0.0113 Rec 0.1000
2026-08-30 08:40:25 | Diag logvar_q_mean=0.0144 logvar_q_clamp=0.0000 logvar_p_mean=0.0144 logvar_p_clamp=0.0000 kappa_log10=3.0339
2026-08-30 08:40:29 | Epoch 204/400 | Train Loss 2.3013 Acc 0.1123 | Val Loss 2.3007 Acc 0.1129 AUC 0.5000 Pre 0.0113 Rec 0.1000
2026-08-30 08:40:30 | Diag logvar_q_mean=0.0144 logvar_q_clamp=0.0000 logvar_p_mean=0.0144 logvar_p_clamp=0.0000 kappa_log10=3.0339
2026-08-30 08:40:34 | Epoch 205/400 | Train Loss 2.3013 Acc 0.1123 | Val Loss 2.3008 Acc 0.1129 AUC 0.5000 Pre 0.0113 Rec 0.1000
2026-08-30 08:40:35 | Diag logvar_q_mean=0.0144 logvar_q_clamp=0.0000 logvar_p_mean=0.0144 logvar_p_clamp=0.0000 kappa_log10=3.0339
2026-08-30 08:40:39 | Epoch 206/400 | Train Loss 2.3013 Acc 0.1123 | Val Loss 2.3008 Acc 0.1129 AUC 0.5000 Pre 0.0113 Rec 0.1000
2026-08-30 08:40:39 | Diag logvar_q_mean=0.0145 logvar_q_clamp=0.0000 logvar_p_mean=0.0144 logvar_p_clamp=0.0000 kappa_log10=3.0339
2026-08-30 08:40:43 | Epoch 207/400 | Train Loss 2.3013 Acc 0.1123 | Val Loss 2.3008 Acc 0.1129 AUC 0.5000 Pre 0.0113 Rec 0.1000
2026-08-30 08:40:44 | Diag logvar_q_mean=0.0145 logvar_q_clamp=0.0000 logvar_p_mean=0.0145 logvar_p_clamp=0.0000 kappa_log10=3.0339
2026-08-30 08:40:48 | Epoch 208/400 | Train Loss 2.3013 Acc 0.1123 | Val Loss 2.3007 Acc 0.1129 AUC 0.5000 Pre 0.0113 Rec 0.1000
2026-08-30 08:40:48 | Diag logvar_q_mean=0.0145 logvar_q_clamp=0.0000 logvar_p_mean=0.0145 logvar_p_clamp=0.0000 kappa_log10=3.0339
2026-08-30 08:40:52 | Epoch 209/400 | Train Loss 2.3013 Acc 0.1123 | Val Loss 2.3008 Acc 0.1129 AUC 0.5000 Pre 0.0113 Rec 0.1000
2026-08-30 08:40:53 | Diag logvar_q_mean=0.0145 logvar_q_clamp=0.0000 logvar_p_mean=0.0145 logvar_p_clamp=0.0000 kappa_log10=3.0339
2026-08-30 08:40:57 | Epoch 210/400 | Train Loss 2.3013 Acc 0.1123 | Val Loss 2.3008 Acc 0.1129 AUC 0.5000 Pre 0.0113 Rec 0.1000
2026-08-30 08:40:57 | Diag logvar_q_mean=0.0145 logvar_q_clamp=0.0000 logvar_p_mean=0.0145 logvar_p_clamp=0.0000 kappa_log10=3.0339
2026-08-30 08:41:01 | Epoch 211/400 | Train Loss 2.3013 Acc 0.1123 | Val Loss 2.3008 Acc 0.1129 AUC 0.5000 Pre 0.0113 Rec 0.1000
2026-08-30 08:41:02 | Diag logvar_q_mean=0.0145 logvar_q_clamp=0.0000 logvar_p_mean=0.0145 logvar_p_clamp=0.0000 kappa_log10=3.0339
2026-08-30 08:41:06 | Epoch 212/400 | Train Loss 2.3013 Acc 0.1123 | Val Loss 2.3008 Acc 0.1129 AUC 0.5000 Pre 0.0113 Rec 0.1000
2026-08-30 08:41:06 | Diag logvar_q_mean=0.0145 logvar_q_clamp=0.0000 logvar_p_mean=0.0145 logvar_p_clamp=0.0000 kappa_log10=2.9386
2026-08-30 08:41:10 | Epoch 213/400 | Train Loss 2.3013 Acc 0.1123 | Val Loss 2.3008 Acc 0.1129 AUC 0.5000 Pre 0.0113 Rec 0.1000
2026-08-30 08:41:11 | Diag logvar_q_mean=0.0145 logvar_q_clamp=0.0000 logvar_p_mean=0.0145 logvar_p_clamp=0.0000 kappa_log10=2.9409
2026-08-30 08:41:15 | Epoch 214/400 | Train Loss 2.3013 Acc 0.1123 | Val Loss 2.3008 Acc 0.1129 AUC 0.5000 Pre 0.0113 Rec 0.1000
2026-08-30 08:41:16 | Diag logvar_q_mean=0.0145 logvar_q_clamp=0.0000 logvar_p_mean=0.0145 logvar_p_clamp=0.0000 kappa_log10=2.9409
2026-08-30 08:41:20 | Epoch 215/400 | Train Loss 2.3013 Acc 0.1123 | Val Loss 2.3008 Acc 0.1129 AUC 0.5000 Pre 0.0113 Rec 0.1000
2026-08-30 08:41:20 | Diag logvar_q_mean=0.0145 logvar_q_clamp=0.0000 logvar_p_mean=0.0145 logvar_p_clamp=0.0000 kappa_log10=2.9409
2026-08-30 08:41:24 | Epoch 216/400 | Train Loss 2.3013 Acc 0.1123 | Val Loss 2.3007 Acc 0.1129 AUC 0.5000 Pre 0.0113 Rec 0.1000
2026-08-30 08:41:25 | Diag logvar_q_mean=0.0145 logvar_q_clamp=0.0000 logvar_p_mean=0.0145 logvar_p_clamp=0.0000 kappa_log10=2.9409
2026-08-30 08:41:29 | Epoch 217/400 | Train Loss 2.3013 Acc 0.1123 | Val Loss 2.3008 Acc 0.1129 AUC 0.5000 Pre 0.0113 Rec 0.1000
2026-08-30 08:41:29 | Diag logvar_q_mean=0.0145 logvar_q_clamp=0.0000 logvar_p_mean=0.0145 logvar_p_clamp=0.0000 kappa_log10=2.9409
2026-08-30 08:41:33 | Epoch 218/400 | Train Loss 2.3013 Acc 0.1123 | Val Loss 2.3008 Acc 0.1129 AUC 0.5000 Pre 0.0113 Rec 0.1000
2026-08-30 08:41:34 | Diag logvar_q_mean=0.0145 logvar_q_clamp=0.0000 logvar_p_mean=0.0145 logvar_p_clamp=0.0000 kappa_log10=2.9409
2026-08-30 08:41:38 | Epoch 219/400 | Train Loss 2.3013 Acc 0.1123 | Val Loss 2.3008 Acc 0.1129 AUC 0.5000 Pre 0.0113 Rec 0.1000
2026-08-30 08:41:39 | Diag logvar_q_mean=0.0145 logvar_q_clamp=0.0000 logvar_p_mean=0.0145 logvar_p_clamp=0.0000 kappa_log10=2.9409
2026-08-30 08:41:43 | Epoch 220/400 | Train Loss 2.3013 Acc 0.1123 | Val Loss 2.3008 Acc 0.1129 AUC 0.5000 Pre 0.0113 Rec 0.1000
2026-08-30 08:41:43 | Diag logvar_q_mean=0.0145 logvar_q_clamp=0.0000 logvar_p_mean=0.0145 logvar_p_clamp=0.0000 kappa_log10=2.9409
2026-08-30 08:41:47 | Epoch 221/400 | Train Loss 2.3013 Acc 0.1123 | Val Loss 2.3007 Acc 0.1129 AUC 0.5000 Pre 0.0113 Rec 0.1000
2026-08-30 08:41:48 | Diag logvar_q_mean=0.0145 logvar_q_clamp=0.0000 logvar_p_mean=0.0145 logvar_p_clamp=0.0000 kappa_log10=2.9409
2026-08-30 08:41:52 | Epoch 222/400 | Train Loss 2.3013 Acc 0.1123 | Val Loss 2.3008 Acc 0.1129 AUC 0.5000 Pre 0.0113 Rec 0.1000
2026-08-30 08:41:52 | Diag logvar_q_mean=0.0145 logvar_q_clamp=0.0000 logvar_p_mean=0.0145 logvar_p_clamp=0.0000 kappa_log10=2.9409
2026-08-30 08:41:56 | Epoch 223/400 | Train Loss 2.3013 Acc 0.1123 | Val Loss 2.3008 Acc 0.1129 AUC 0.5000 Pre 0.0113 Rec 0.1000
2026-08-30 08:41:57 | Diag logvar_q_mean=0.0145 logvar_q_clamp=0.0000 logvar_p_mean=0.0145 logvar_p_clamp=0.0000 kappa_log10=2.9409
2026-08-30 08:42:01 | Epoch 224/400 | Train Loss 2.3013 Acc 0.1123 | Val Loss 2.3008 Acc 0.1129 AUC 0.5000 Pre 0.0113 Rec 0.1000
2026-08-30 08:42:02 | Diag logvar_q_mean=0.0145 logvar_q_clamp=0.0000 logvar_p_mean=0.0145 logvar_p_clamp=0.0000 kappa_log10=2.9409
2026-08-30 08:42:06 | Epoch 225/400 | Train Loss 2.3013 Acc 0.1123 | Val Loss 2.3007 Acc 0.1129 AUC 0.5000 Pre 0.0113 Rec 0.1000
2026-08-30 08:42:06 | Diag logvar_q_mean=0.0145 logvar_q_clamp=0.0000 logvar_p_mean=0.0145 logvar_p_clamp=0.0000 kappa_log10=2.9409
2026-08-30 08:42:10 | Epoch 226/400 | Train Loss 2.3013 Acc 0.1123 | Val Loss 2.3007 Acc 0.1129 AUC 0.5000 Pre 0.0113 Rec 0.1000
2026-08-30 08:42:11 | Diag logvar_q_mean=0.0145 logvar_q_clamp=0.0000 logvar_p_mean=0.0145 logvar_p_clamp=0.0000 kappa_log10=2.9409
2026-08-30 08:42:15 | Epoch 227/400 | Train Loss 2.3013 Acc 0.1123 | Val Loss 2.3008 Acc 0.1129 AUC 0.5000 Pre 0.0113 Rec 0.1000
2026-08-30 08:42:15 | Diag logvar_q_mean=0.0145 logvar_q_clamp=0.0000 logvar_p_mean=0.0145 logvar_p_clamp=0.0000 kappa_log10=2.9409
2026-08-30 08:42:19 | Epoch 228/400 | Train Loss 2.3013 Acc 0.1123 | Val Loss 2.3008 Acc 0.1129 AUC 0.5000 Pre 0.0113 Rec 0.1000
2026-08-30 08:42:20 | Diag logvar_q_mean=0.0145 logvar_q_clamp=0.0000 logvar_p_mean=0.0145 logvar_p_clamp=0.0000 kappa_log10=2.9409
2026-08-30 08:42:24 | Epoch 229/400 | Train Loss 2.3013 Acc 0.1123 | Val Loss 2.3008 Acc 0.1129 AUC 0.5000 Pre 0.0113 Rec 0.1000
2026-08-30 08:42:25 | Diag logvar_q_mean=0.0146 logvar_q_clamp=0.0000 logvar_p_mean=0.0145 logvar_p_clamp=0.0000 kappa_log10=2.9409
2026-08-30 08:42:29 | Epoch 230/400 | Train Loss 2.3013 Acc 0.1123 | Val Loss 2.3007 Acc 0.1129 AUC 0.5000 Pre 0.0113 Rec 0.1000
2026-08-30 08:42:30 | Diag logvar_q_mean=0.0146 logvar_q_clamp=0.0000 logvar_p_mean=0.0146 logvar_p_clamp=0.0000 kappa_log10=2.9409
2026-08-30 08:42:34 | Epoch 231/400 | Train Loss 2.3013 Acc 0.1123 | Val Loss 2.3008 Acc 0.1129 AUC 0.5000 Pre 0.0113 Rec 0.1000
2026-08-30 08:42:34 | Diag logvar_q_mean=0.0146 logvar_q_clamp=0.0000 logvar_p_mean=0.0146 logvar_p_clamp=0.0000 kappa_log10=2.9409
2026-08-30 08:42:39 | Epoch 232/400 | Train Loss 2.3013 Acc 0.1123 | Val Loss 2.3007 Acc 0.1129 AUC 0.5000 Pre 0.0113 Rec 0.1000
2026-08-30 08:42:39 | Diag logvar_q_mean=0.0146 logvar_q_clamp=0.0000 logvar_p_mean=0.0146 logvar_p_clamp=0.0000 kappa_log10=2.9409
2026-08-30 08:42:43 | Epoch 233/400 | Train Loss 2.3013 Acc 0.1123 | Val Loss 2.3008 Acc 0.1129 AUC 0.5000 Pre 0.0113 Rec 0.1000
2026-08-30 08:42:44 | Diag logvar_q_mean=0.0146 logvar_q_clamp=0.0000 logvar_p_mean=0.0146 logvar_p_clamp=0.0000 kappa_log10=2.9409
2026-08-30 08:42:48 | Epoch 234/400 | Train Loss 2.3013 Acc 0.1123 | Val Loss 2.3008 Acc 0.1129 AUC 0.5000 Pre 0.0113 Rec 0.1000
2026-08-30 08:42:49 | Diag logvar_q_mean=0.0146 logvar_q_clamp=0.0000 logvar_p_mean=0.0146 logvar_p_clamp=0.0000 kappa_log10=2.9409
2026-08-30 08:42:52 | Epoch 235/400 | Train Loss 2.3013 Acc 0.1123 | Val Loss 2.3008 Acc 0.1129 AUC 0.5000 Pre 0.0113 Rec 0.1000
2026-08-30 08:42:53 | Diag logvar_q_mean=0.0146 logvar_q_clamp=0.0000 logvar_p_mean=0.0146 logvar_p_clamp=0.0000 kappa_log10=2.9409
2026-08-30 08:42:57 | Epoch 236/400 | Train Loss 2.3013 Acc 0.1123 | Val Loss 2.3007 Acc 0.1129 AUC 0.5000 Pre 0.0113 Rec 0.1000
2026-08-30 08:42:58 | Diag logvar_q_mean=0.0146 logvar_q_clamp=0.0000 logvar_p_mean=0.0146 logvar_p_clamp=0.0000 kappa_log10=2.9409
2026-08-30 08:43:02 | Epoch 237/400 | Train Loss 2.3013 Acc 0.1123 | Val Loss 2.3008 Acc 0.1129 AUC 0.5000 Pre 0.0113 Rec 0.1000
2026-08-30 08:43:02 | Diag logvar_q_mean=0.0146 logvar_q_clamp=0.0000 logvar_p_mean=0.0146 logvar_p_clamp=0.0000 kappa_log10=2.9409
2026-08-30 08:43:06 | Epoch 238/400 | Train Loss 2.3013 Acc 0.1123 | Val Loss 2.3007 Acc 0.1129 AUC 0.5000 Pre 0.0113 Rec 0.1000
2026-08-30 08:43:07 | Diag logvar_q_mean=0.0146 logvar_q_clamp=0.0000 logvar_p_mean=0.0146 logvar_p_clamp=0.0000 kappa_log10=2.9409
2026-08-30 08:43:11 | Epoch 239/400 | Train Loss 2.3013 Acc 0.1123 | Val Loss 2.3008 Acc 0.1129 AUC 0.5000 Pre 0.0113 Rec 0.1000
2026-08-30 08:43:12 | Diag logvar_q_mean=0.0146 logvar_q_clamp=0.0000 logvar_p_mean=0.0146 logvar_p_clamp=0.0000 kappa_log10=2.9409
2026-08-30 08:43:15 | Epoch 240/400 | Train Loss 2.3013 Acc 0.1123 | Val Loss 2.3008 Acc 0.1129 AUC 0.5000 Pre 0.0113 Rec 0.1000
2026-08-30 08:43:16 | Diag logvar_q_mean=0.0146 logvar_q_clamp=0.0000 logvar_p_mean=0.0146 logvar_p_clamp=0.0000 kappa_log10=2.9409
2026-08-30 08:43:20 | Epoch 241/400 | Train Loss 2.3013 Acc 0.1123 | Val Loss 2.3008 Acc 0.1129 AUC 0.5000 Pre 0.0113 Rec 0.1000
2026-08-30 08:43:21 | Diag logvar_q_mean=0.0146 logvar_q_clamp=0.0000 logvar_p_mean=0.0146 logvar_p_clamp=0.0000 kappa_log10=2.9409
2026-08-30 08:43:25 | Epoch 242/400 | Train Loss 2.3013 Acc 0.1123 | Val Loss 2.3008 Acc 0.1129 AUC 0.5000 Pre 0.0113 Rec 0.1000
2026-08-30 08:43:25 | Diag logvar_q_mean=0.0146 logvar_q_clamp=0.0000 logvar_p_mean=0.0146 logvar_p_clamp=0.0000 kappa_log10=2.9409
2026-08-30 08:43:29 | Epoch 243/400 | Train Loss 2.3013 Acc 0.1123 | Val Loss 2.3008 Acc 0.1129 AUC 0.5000 Pre 0.0113 Rec 0.1000
2026-08-30 08:43:30 | Diag logvar_q_mean=0.0146 logvar_q_clamp=0.0000 logvar_p_mean=0.0146 logvar_p_clamp=0.0000 kappa_log10=2.9409
2026-08-30 08:43:34 | Epoch 244/400 | Train Loss 2.3013 Acc 0.1123 | Val Loss 2.3008 Acc 0.1129 AUC 0.5000 Pre 0.0113 Rec 0.1000
2026-08-30 08:43:34 | Diag logvar_q_mean=0.0146 logvar_q_clamp=0.0000 logvar_p_mean=0.0146 logvar_p_clamp=0.0000 kappa_log10=2.9409
2026-08-30 08:43:38 | Epoch 245/400 | Train Loss 2.3013 Acc 0.1123 | Val Loss 2.3007 Acc 0.1129 AUC 0.5000 Pre 0.0113 Rec 0.1000
2026-08-30 08:43:39 | Diag logvar_q_mean=0.0146 logvar_q_clamp=0.0000 logvar_p_mean=0.0146 logvar_p_clamp=0.0000 kappa_log10=2.9409
2026-08-30 08:43:43 | Epoch 246/400 | Train Loss 2.3013 Acc 0.1123 | Val Loss 2.3008 Acc 0.1129 AUC 0.5000 Pre 0.0113 Rec 0.1000
2026-08-30 08:43:43 | Diag logvar_q_mean=0.0146 logvar_q_clamp=0.0000 logvar_p_mean=0.0146 logvar_p_clamp=0.0000 kappa_log10=2.9409
2026-08-30 08:43:47 | Epoch 247/400 | Train Loss 2.3013 Acc 0.1123 | Val Loss 2.3008 Acc 0.1129 AUC 0.5000 Pre 0.0113 Rec 0.1000
2026-08-30 08:43:48 | Diag logvar_q_mean=0.0146 logvar_q_clamp=0.0000 logvar_p_mean=0.0146 logvar_p_clamp=0.0000 kappa_log10=2.9409
2026-08-30 08:43:52 | Epoch 248/400 | Train Loss 2.3013 Acc 0.1123 | Val Loss 2.3007 Acc 0.1129 AUC 0.5000 Pre 0.0113 Rec 0.1000
2026-08-30 08:43:53 | Diag logvar_q_mean=0.0146 logvar_q_clamp=0.0000 logvar_p_mean=0.0146 logvar_p_clamp=0.0000 kappa_log10=2.9409
2026-08-30 08:43:57 | Epoch 249/400 | Train Loss 2.3013 Acc 0.1123 | Val Loss 2.3008 Acc 0.1129 AUC 0.5000 Pre 0.0113 Rec 0.1000
2026-08-30 08:43:57 | Diag logvar_q_mean=0.0146 logvar_q_clamp=0.0000 logvar_p_mean=0.0146 logvar_p_clamp=0.0000 kappa_log10=2.9409
2026-08-30 08:44:01 | Epoch 250/400 | Train Loss 2.3013 Acc 0.1123 | Val Loss 2.3007 Acc 0.1129 AUC 0.5000 Pre 0.0113 Rec 0.1000
2026-08-30 08:44:02 | Diag logvar_q_mean=0.0146 logvar_q_clamp=0.0000 logvar_p_mean=0.0146 logvar_p_clamp=0.0000 kappa_log10=2.9409
2026-08-30 08:44:06 | Epoch 251/400 | Train Loss 2.3013 Acc 0.1123 | Val Loss 2.3008 Acc 0.1129 AUC 0.5000 Pre 0.0113 Rec 0.1000
2026-08-30 08:44:06 | Diag logvar_q_mean=0.0147 logvar_q_clamp=0.0000 logvar_p_mean=0.0146 logvar_p_clamp=0.0000 kappa_log10=2.9409
2026-08-30 08:44:10 | Epoch 252/400 | Train Loss 2.3013 Acc 0.1123 | Val Loss 2.3007 Acc 0.1129 AUC 0.5000 Pre 0.0113 Rec 0.1000
2026-08-30 08:44:11 | Diag logvar_q_mean=0.0147 logvar_q_clamp=0.0000 logvar_p_mean=0.0147 logvar_p_clamp=0.0000 kappa_log10=2.9409
2026-08-30 08:44:15 | Epoch 253/400 | Train Loss 2.3013 Acc 0.1123 | Val Loss 2.3008 Acc 0.1129 AUC 0.5000 Pre 0.0113 Rec 0.1000
2026-08-30 08:44:15 | Diag logvar_q_mean=0.0147 logvar_q_clamp=0.0000 logvar_p_mean=0.0147 logvar_p_clamp=0.0000 kappa_log10=2.9409
2026-08-30 08:44:19 | Epoch 254/400 | Train Loss 2.3013 Acc 0.1123 | Val Loss 2.3008 Acc 0.1129 AUC 0.5000 Pre 0.0113 Rec 0.1000
2026-08-30 08:44:20 | Diag logvar_q_mean=0.0147 logvar_q_clamp=0.0000 logvar_p_mean=0.0147 logvar_p_clamp=0.0000 kappa_log10=2.9409
2026-08-30 08:44:24 | Epoch 255/400 | Train Loss 2.3013 Acc 0.1123 | Val Loss 2.3008 Acc 0.1129 AUC 0.5000 Pre 0.0113 Rec 0.1000
2026-08-30 08:44:25 | Diag logvar_q_mean=0.0147 logvar_q_clamp=0.0000 logvar_p_mean=0.0147 logvar_p_clamp=0.0000 kappa_log10=2.9409
2026-08-30 08:44:29 | Epoch 256/400 | Train Loss 2.3013 Acc 0.1123 | Val Loss 2.3008 Acc 0.1129 AUC 0.5000 Pre 0.0113 Rec 0.1000
2026-08-30 08:44:29 | Diag logvar_q_mean=0.0147 logvar_q_clamp=0.0000 logvar_p_mean=0.0147 logvar_p_clamp=0.0000 kappa_log10=2.9409
2026-08-30 08:44:33 | Epoch 257/400 | Train Loss 2.3013 Acc 0.1123 | Val Loss 2.3008 Acc 0.1129 AUC 0.5000 Pre 0.0113 Rec 0.1000
2026-08-30 08:44:34 | Diag logvar_q_mean=0.0147 logvar_q_clamp=0.0000 logvar_p_mean=0.0147 logvar_p_clamp=0.0000 kappa_log10=2.9409
2026-08-30 08:44:38 | Epoch 258/400 | Train Loss 2.3013 Acc 0.1123 | Val Loss 2.3008 Acc 0.1129 AUC 0.5000 Pre 0.0113 Rec 0.1000
2026-08-30 08:44:38 | Diag logvar_q_mean=0.0147 logvar_q_clamp=0.0000 logvar_p_mean=0.0147 logvar_p_clamp=0.0000 kappa_log10=2.9409
2026-08-30 08:44:42 | Epoch 259/400 | Train Loss 2.3013 Acc 0.1123 | Val Loss 2.3008 Acc 0.1129 AUC 0.5000 Pre 0.0113 Rec 0.1000
2026-08-30 08:44:43 | Diag logvar_q_mean=0.0147 logvar_q_clamp=0.0000 logvar_p_mean=0.0147 logvar_p_clamp=0.0000 kappa_log10=2.9409
2026-08-30 08:44:47 | Epoch 260/400 | Train Loss 2.3013 Acc 0.1123 | Val Loss 2.3007 Acc 0.1129 AUC 0.5000 Pre 0.0113 Rec 0.1000
2026-08-30 08:44:48 | Diag logvar_q_mean=0.0147 logvar_q_clamp=0.0000 logvar_p_mean=0.0147 logvar_p_clamp=0.0000 kappa_log10=2.9409
2026-08-30 08:44:52 | Epoch 261/400 | Train Loss 2.3013 Acc 0.1123 | Val Loss 2.3008 Acc 0.1129 AUC 0.5000 Pre 0.0113 Rec 0.1000
2026-08-30 08:44:52 | Diag logvar_q_mean=0.0147 logvar_q_clamp=0.0000 logvar_p_mean=0.0147 logvar_p_clamp=0.0000 kappa_log10=2.9409
2026-08-30 08:44:56 | Epoch 262/400 | Train Loss 2.3013 Acc 0.1123 | Val Loss 2.3008 Acc 0.1129 AUC 0.5000 Pre 0.0113 Rec 0.1000
2026-08-30 08:44:57 | Diag logvar_q_mean=0.0147 logvar_q_clamp=0.0000 logvar_p_mean=0.0147 logvar_p_clamp=0.0000 kappa_log10=2.9409
2026-08-30 08:45:01 | Epoch 263/400 | Train Loss 2.3013 Acc 0.1123 | Val Loss 2.3008 Acc 0.1129 AUC 0.5000 Pre 0.0113 Rec 0.1000
2026-08-30 08:45:01 | Diag logvar_q_mean=0.0147 logvar_q_clamp=0.0000 logvar_p_mean=0.0147 logvar_p_clamp=0.0000 kappa_log10=2.9409
2026-08-30 08:45:05 | Epoch 264/400 | Train Loss 2.3013 Acc 0.1123 | Val Loss 2.3008 Acc 0.1129 AUC 0.5000 Pre 0.0113 Rec 0.1000
2026-08-30 08:45:06 | Diag logvar_q_mean=0.0147 logvar_q_clamp=0.0000 logvar_p_mean=0.0147 logvar_p_clamp=0.0000 kappa_log10=2.9409
2026-08-30 08:45:10 | Epoch 265/400 | Train Loss 2.3013 Acc 0.1123 | Val Loss 2.3008 Acc 0.1129 AUC 0.5000 Pre 0.0113 Rec 0.1000
2026-08-30 08:45:10 | Diag logvar_q_mean=0.0147 logvar_q_clamp=0.0000 logvar_p_mean=0.0147 logvar_p_clamp=0.0000 kappa_log10=2.9409
2026-08-30 08:45:14 | Epoch 266/400 | Train Loss 2.3013 Acc 0.1123 | Val Loss 2.3008 Acc 0.1129 AUC 0.5000 Pre 0.0113 Rec 0.1000
2026-08-30 08:45:15 | Diag logvar_q_mean=0.0147 logvar_q_clamp=0.0000 logvar_p_mean=0.0147 logvar_p_clamp=0.0000 kappa_log10=2.9409
2026-08-30 08:45:19 | Epoch 267/400 | Train Loss 2.3013 Acc 0.1123 | Val Loss 2.3008 Acc 0.1129 AUC 0.5000 Pre 0.0113 Rec 0.1000
2026-08-30 08:45:19 | Diag logvar_q_mean=0.0147 logvar_q_clamp=0.0000 logvar_p_mean=0.0147 logvar_p_clamp=0.0000 kappa_log10=2.9409
2026-08-30 08:45:23 | Epoch 268/400 | Train Loss 2.3013 Acc 0.1123 | Val Loss 2.3007 Acc 0.1129 AUC 0.5000 Pre 0.0113 Rec 0.1000
2026-08-30 08:45:24 | Diag logvar_q_mean=0.0147 logvar_q_clamp=0.0000 logvar_p_mean=0.0147 logvar_p_clamp=0.0000 kappa_log10=2.9409
2026-08-30 08:45:28 | Epoch 269/400 | Train Loss 2.3013 Acc 0.1123 | Val Loss 2.3007 Acc 0.1129 AUC 0.5000 Pre 0.0113 Rec 0.1000
2026-08-30 08:45:29 | Diag logvar_q_mean=0.0147 logvar_q_clamp=0.0000 logvar_p_mean=0.0147 logvar_p_clamp=0.0000 kappa_log10=2.9409
2026-08-30 08:45:33 | Epoch 270/400 | Train Loss 2.3013 Acc 0.1123 | Val Loss 2.3008 Acc 0.1129 AUC 0.5000 Pre 0.0113 Rec 0.1000
2026-08-30 08:45:33 | Diag logvar_q_mean=0.0147 logvar_q_clamp=0.0000 logvar_p_mean=0.0147 logvar_p_clamp=0.0000 kappa_log10=2.9409
2026-08-30 08:45:37 | Epoch 271/400 | Train Loss 2.3013 Acc 0.1123 | Val Loss 2.3008 Acc 0.1129 AUC 0.5000 Pre 0.0113 Rec 0.1000
2026-08-30 08:45:38 | Diag logvar_q_mean=0.0147 logvar_q_clamp=0.0000 logvar_p_mean=0.0147 logvar_p_clamp=0.0000 kappa_log10=2.9409
2026-08-30 08:45:41 | Epoch 272/400 | Train Loss 2.3013 Acc 0.1123 | Val Loss 2.3008 Acc 0.1129 AUC 0.5000 Pre 0.0113 Rec 0.1000
2026-08-30 08:45:42 | Diag logvar_q_mean=0.0147 logvar_q_clamp=0.0000 logvar_p_mean=0.0147 logvar_p_clamp=0.0000 kappa_log10=2.9409
2026-08-30 08:45:46 | Epoch 273/400 | Train Loss 2.3013 Acc 0.1123 | Val Loss 2.3008 Acc 0.1129 AUC 0.5000 Pre 0.0113 Rec 0.1000
2026-08-30 08:45:47 | Diag logvar_q_mean=0.0147 logvar_q_clamp=0.0000 logvar_p_mean=0.0147 logvar_p_clamp=0.0000 kappa_log10=2.9409
2026-08-30 08:45:51 | Epoch 274/400 | Train Loss 2.3013 Acc 0.1123 | Val Loss 2.3008 Acc 0.1129 AUC 0.5000 Pre 0.0113 Rec 0.1000
2026-08-30 08:45:51 | Diag logvar_q_mean=0.0147 logvar_q_clamp=0.0000 logvar_p_mean=0.0148 logvar_p_clamp=0.0000 kappa_log10=2.9409
2026-08-30 08:45:55 | Epoch 275/400 | Train Loss 2.3013 Acc 0.1123 | Val Loss 2.3008 Acc 0.1129 AUC 0.5000 Pre 0.0113 Rec 0.1000
2026-08-30 08:45:56 | Diag logvar_q_mean=0.0148 logvar_q_clamp=0.0000 logvar_p_mean=0.0147 logvar_p_clamp=0.0000 kappa_log10=2.9409
2026-08-30 08:46:00 | Epoch 276/400 | Train Loss 2.3013 Acc 0.1123 | Val Loss 2.3008 Acc 0.1129 AUC 0.5000 Pre 0.0113 Rec 0.1000
2026-08-30 08:46:00 | Diag logvar_q_mean=0.0148 logvar_q_clamp=0.0000 logvar_p_mean=0.0148 logvar_p_clamp=0.0000 kappa_log10=2.9409
2026-08-30 08:46:04 | Epoch 277/400 | Train Loss 2.3013 Acc 0.1123 | Val Loss 2.3008 Acc 0.1129 AUC 0.5000 Pre 0.0113 Rec 0.1000
2026-08-30 08:46:05 | Diag logvar_q_mean=0.0148 logvar_q_clamp=0.0000 logvar_p_mean=0.0148 logvar_p_clamp=0.0000 kappa_log10=2.9409
2026-08-30 08:46:09 | Epoch 278/400 | Train Loss 2.3013 Acc 0.1123 | Val Loss 2.3008 Acc 0.1129 AUC 0.5000 Pre 0.0113 Rec 0.1000
2026-08-30 08:46:10 | Diag logvar_q_mean=0.0148 logvar_q_clamp=0.0000 logvar_p_mean=0.0148 logvar_p_clamp=0.0000 kappa_log10=2.9409
2026-08-30 08:46:14 | Epoch 279/400 | Train Loss 2.3013 Acc 0.1123 | Val Loss 2.3008 Acc 0.1129 AUC 0.5000 Pre 0.0113 Rec 0.1000
2026-08-30 08:46:14 | Diag logvar_q_mean=0.0148 logvar_q_clamp=0.0000 logvar_p_mean=0.0148 logvar_p_clamp=0.0000 kappa_log10=2.9409
2026-08-30 08:46:18 | Epoch 280/400 | Train Loss 2.3013 Acc 0.1123 | Val Loss 2.3008 Acc 0.1129 AUC 0.5000 Pre 0.0113 Rec 0.1000
2026-08-30 08:46:19 | Diag logvar_q_mean=0.0148 logvar_q_clamp=0.0000 logvar_p_mean=0.0148 logvar_p_clamp=0.0000 kappa_log10=2.9409
2026-08-30 08:46:23 | Epoch 281/400 | Train Loss 2.3013 Acc 0.1123 | Val Loss 2.3008 Acc 0.1129 AUC 0.5000 Pre 0.0113 Rec 0.1000
2026-08-30 08:46:23 | Diag logvar_q_mean=0.0148 logvar_q_clamp=0.0000 logvar_p_mean=0.0148 logvar_p_clamp=0.0000 kappa_log10=2.9409
2026-08-30 08:46:27 | Epoch 282/400 | Train Loss 2.3013 Acc 0.1123 | Val Loss 2.3008 Acc 0.1129 AUC 0.5000 Pre 0.0113 Rec 0.1000
2026-08-30 08:46:28 | Diag logvar_q_mean=0.0148 logvar_q_clamp=0.0000 logvar_p_mean=0.0148 logvar_p_clamp=0.0000 kappa_log10=2.9409
2026-08-30 08:46:32 | Epoch 283/400 | Train Loss 2.3013 Acc 0.1123 | Val Loss 2.3007 Acc 0.1129 AUC 0.5000 Pre 0.0113 Rec 0.1000
2026-08-30 08:46:33 | Diag logvar_q_mean=0.0148 logvar_q_clamp=0.0000 logvar_p_mean=0.0148 logvar_p_clamp=0.0000 kappa_log10=2.9409
2026-08-30 08:46:37 | Epoch 284/400 | Train Loss 2.3013 Acc 0.1123 | Val Loss 2.3008 Acc 0.1129 AUC 0.5000 Pre 0.0113 Rec 0.1000
2026-08-30 08:46:38 | Diag logvar_q_mean=0.0148 logvar_q_clamp=0.0000 logvar_p_mean=0.0148 logvar_p_clamp=0.0000 kappa_log10=2.9409
2026-08-30 08:46:42 | Epoch 285/400 | Train Loss 2.3013 Acc 0.1123 | Val Loss 2.3008 Acc 0.1129 AUC 0.5000 Pre 0.0113 Rec 0.1000
2026-08-30 08:46:42 | Diag logvar_q_mean=0.0148 logvar_q_clamp=0.0000 logvar_p_mean=0.0148 logvar_p_clamp=0.0000 kappa_log10=2.9409
2026-08-30 08:46:46 | Epoch 286/400 | Train Loss 2.3013 Acc 0.1123 | Val Loss 2.3008 Acc 0.1129 AUC 0.5000 Pre 0.0113 Rec 0.1000
2026-08-30 08:46:47 | Diag logvar_q_mean=0.0148 logvar_q_clamp=0.0000 logvar_p_mean=0.0148 logvar_p_clamp=0.0000 kappa_log10=2.9409
2026-08-30 08:46:51 | Epoch 287/400 | Train Loss 2.3013 Acc 0.1123 | Val Loss 2.3007 Acc 0.1129 AUC 0.5000 Pre 0.0113 Rec 0.1000
2026-08-30 08:46:51 | Diag logvar_q_mean=0.0148 logvar_q_clamp=0.0000 logvar_p_mean=0.0148 logvar_p_clamp=0.0000 kappa_log10=2.9409
2026-08-30 08:46:55 | Epoch 288/400 | Train Loss 2.3013 Acc 0.1123 | Val Loss 2.3008 Acc 0.1129 AUC 0.5000 Pre 0.0113 Rec 0.1000
2026-08-30 08:46:56 | Diag logvar_q_mean=0.0148 logvar_q_clamp=0.0000 logvar_p_mean=0.0148 logvar_p_clamp=0.0000 kappa_log10=2.9409
2026-08-30 08:47:00 | Epoch 289/400 | Train Loss 2.3013 Acc 0.1123 | Val Loss 2.3008 Acc 0.1129 AUC 0.5000 Pre 0.0113 Rec 0.1000
2026-08-30 08:47:01 | Diag logvar_q_mean=0.0148 logvar_q_clamp=0.0000 logvar_p_mean=0.0148 logvar_p_clamp=0.0000 kappa_log10=2.9409
2026-08-30 08:47:05 | Epoch 290/400 | Train Loss 2.3013 Acc 0.1123 | Val Loss 2.3008 Acc 0.1129 AUC 0.5000 Pre 0.0113 Rec 0.1000
2026-08-30 08:47:05 | Diag logvar_q_mean=0.0148 logvar_q_clamp=0.0000 logvar_p_mean=0.0148 logvar_p_clamp=0.0000 kappa_log10=2.9409
2026-08-30 08:47:09 | Epoch 291/400 | Train Loss 2.3013 Acc 0.1123 | Val Loss 2.3008 Acc 0.1129 AUC 0.5000 Pre 0.0113 Rec 0.1000
2026-08-30 08:47:10 | Diag logvar_q_mean=0.0148 logvar_q_clamp=0.0000 logvar_p_mean=0.0148 logvar_p_clamp=0.0000 kappa_log10=2.9409
2026-08-30 08:47:14 | Epoch 292/400 | Train Loss 2.3013 Acc 0.1123 | Val Loss 2.3008 Acc 0.1129 AUC 0.5000 Pre 0.0113 Rec 0.1000
2026-08-30 08:47:14 | Diag logvar_q_mean=0.0148 logvar_q_clamp=0.0000 logvar_p_mean=0.0148 logvar_p_clamp=0.0000 kappa_log10=2.9409
2026-08-30 08:47:18 | Epoch 293/400 | Train Loss 2.3013 Acc 0.1123 | Val Loss 2.3008 Acc 0.1129 AUC 0.5000 Pre 0.0113 Rec 0.1000
2026-08-30 08:47:19 | Diag logvar_q_mean=0.0148 logvar_q_clamp=0.0000 logvar_p_mean=0.0148 logvar_p_clamp=0.0000 kappa_log10=2.9409
2026-08-30 08:47:23 | Epoch 294/400 | Train Loss 2.3013 Acc 0.1123 | Val Loss 2.3008 Acc 0.1129 AUC 0.5000 Pre 0.0113 Rec 0.1000
2026-08-30 08:47:24 | Diag logvar_q_mean=0.0148 logvar_q_clamp=0.0000 logvar_p_mean=0.0148 logvar_p_clamp=0.0000 kappa_log10=2.9409
2026-08-30 08:47:27 | Epoch 295/400 | Train Loss 2.3013 Acc 0.1123 | Val Loss 2.3008 Acc 0.1129 AUC 0.5000 Pre 0.0113 Rec 0.1000
2026-08-30 08:47:28 | Diag logvar_q_mean=0.0148 logvar_q_clamp=0.0000 logvar_p_mean=0.0148 logvar_p_clamp=0.0000 kappa_log10=2.9409
2026-08-30 08:47:32 | Epoch 296/400 | Train Loss 2.3013 Acc 0.1123 | Val Loss 2.3008 Acc 0.1129 AUC 0.5000 Pre 0.0113 Rec 0.1000
2026-08-30 08:47:33 | Diag logvar_q_mean=0.0148 logvar_q_clamp=0.0000 logvar_p_mean=0.0148 logvar_p_clamp=0.0000 kappa_log10=2.9409
2026-08-30 08:47:36 | Epoch 297/400 | Train Loss 2.3013 Acc 0.1123 | Val Loss 2.3008 Acc 0.1129 AUC 0.5000 Pre 0.0113 Rec 0.1000
2026-08-30 08:47:37 | Diag logvar_q_mean=0.0148 logvar_q_clamp=0.0000 logvar_p_mean=0.0148 logvar_p_clamp=0.0000 kappa_log10=2.9409
2026-08-30 08:47:41 | Epoch 298/400 | Train Loss 2.3013 Acc 0.1123 | Val Loss 2.3008 Acc 0.1129 AUC 0.5000 Pre 0.0113 Rec 0.1000
2026-08-30 08:47:42 | Diag logvar_q_mean=0.0149 logvar_q_clamp=0.0000 logvar_p_mean=0.0148 logvar_p_clamp=0.0000 kappa_log10=2.9409
2026-08-30 08:47:46 | Epoch 299/400 | Train Loss 2.3013 Acc 0.1123 | Val Loss 2.3007 Acc 0.1129 AUC 0.5000 Pre 0.0113 Rec 0.1000
2026-08-30 08:47:46 | Diag logvar_q_mean=0.0149 logvar_q_clamp=0.0000 logvar_p_mean=0.0149 logvar_p_clamp=0.0000 kappa_log10=2.9409
2026-08-30 08:47:50 | Epoch 300/400 | Train Loss 2.3013 Acc 0.1123 | Val Loss 2.3008 Acc 0.1129 AUC 0.5000 Pre 0.0113 Rec 0.1000
2026-08-30 08:47:51 | Diag logvar_q_mean=0.0149 logvar_q_clamp=0.0000 logvar_p_mean=0.0149 logvar_p_clamp=0.0000 kappa_log10=2.9409
2026-08-30 08:47:55 | Epoch 301/400 | Train Loss 2.3013 Acc 0.1123 | Val Loss 2.3008 Acc 0.1129 AUC 0.5000 Pre 0.0113 Rec 0.1000
2026-08-30 08:47:55 | Diag logvar_q_mean=0.0149 logvar_q_clamp=0.0000 logvar_p_mean=0.0149 logvar_p_clamp=0.0000 kappa_log10=2.9409
2026-08-30 08:47:59 | Epoch 302/400 | Train Loss 2.3013 Acc 0.1123 | Val Loss 2.3008 Acc 0.1129 AUC 0.5000 Pre 0.0113 Rec 0.1000
2026-08-30 08:48:00 | Diag logvar_q_mean=0.0149 logvar_q_clamp=0.0000 logvar_p_mean=0.0149 logvar_p_clamp=0.0000 kappa_log10=2.9481
2026-08-30 08:48:04 | Epoch 303/400 | Train Loss 2.3013 Acc 0.1123 | Val Loss 2.3007 Acc 0.1129 AUC 0.5000 Pre 0.0113 Rec 0.1000
2026-08-30 08:48:04 | Diag logvar_q_mean=0.0149 logvar_q_clamp=0.0000 logvar_p_mean=0.0149 logvar_p_clamp=0.0000 kappa_log10=3.0646
2026-08-30 08:48:08 | Epoch 304/400 | Train Loss 2.3013 Acc 0.1123 | Val Loss 2.3007 Acc 0.1129 AUC 0.5000 Pre 0.0113 Rec 0.1000
2026-08-30 08:48:09 | Diag logvar_q_mean=0.0149 logvar_q_clamp=0.0000 logvar_p_mean=0.0149 logvar_p_clamp=0.0000 kappa_log10=2.9527
2026-08-30 08:48:13 | Epoch 305/400 | Train Loss 2.3014 Acc 0.1123 | Val Loss 2.3011 Acc 0.1129 AUC 0.5000 Pre 0.0113 Rec 0.1000
2026-08-30 08:48:13 | Diag logvar_q_mean=0.0149 logvar_q_clamp=0.0000 logvar_p_mean=0.0150 logvar_p_clamp=0.0000 kappa_log10=2.9530
2026-08-30 08:48:17 | Epoch 306/400 | Train Loss 2.3014 Acc 0.1123 | Val Loss 2.3008 Acc 0.1129 AUC 0.5000 Pre 0.0113 Rec 0.1000
2026-08-30 08:48:18 | Diag logvar_q_mean=0.0151 logvar_q_clamp=0.0000 logvar_p_mean=0.0151 logvar_p_clamp=0.0000 kappa_log10=3.1062
2026-08-30 08:48:22 | Epoch 307/400 | Train Loss 2.3013 Acc 0.1123 | Val Loss 2.3007 Acc 0.1129 AUC 0.5000 Pre 0.0113 Rec 0.1000
2026-08-30 08:48:23 | Diag logvar_q_mean=0.0151 logvar_q_clamp=0.0000 logvar_p_mean=0.0151 logvar_p_clamp=0.0000 kappa_log10=3.1053
2026-08-30 08:48:27 | Epoch 308/400 | Train Loss 2.3013 Acc 0.1123 | Val Loss 2.3008 Acc 0.1129 AUC 0.5000 Pre 0.0113 Rec 0.1000
2026-08-30 08:48:27 | Diag logvar_q_mean=0.0151 logvar_q_clamp=0.0000 logvar_p_mean=0.0151 logvar_p_clamp=0.0000 kappa_log10=3.0872
2026-08-30 08:48:31 | Epoch 309/400 | Train Loss 2.3013 Acc 0.1123 | Val Loss 2.3008 Acc 0.1129 AUC 0.5000 Pre 0.0113 Rec 0.1000
2026-08-30 08:48:32 | Diag logvar_q_mean=0.0151 logvar_q_clamp=0.0000 logvar_p_mean=0.0151 logvar_p_clamp=0.0000 kappa_log10=3.0868
2026-08-30 08:48:36 | Epoch 310/400 | Train Loss 2.3013 Acc 0.1123 | Val Loss 2.3007 Acc 0.1129 AUC 0.5000 Pre 0.0113 Rec 0.1000
2026-08-30 08:48:36 | Diag logvar_q_mean=0.0151 logvar_q_clamp=0.0000 logvar_p_mean=0.0151 logvar_p_clamp=0.0000 kappa_log10=3.0868
2026-08-30 08:48:40 | Epoch 311/400 | Train Loss 2.3013 Acc 0.1123 | Val Loss 2.3008 Acc 0.1129 AUC 0.5000 Pre 0.0113 Rec 0.1000
2026-08-30 08:48:41 | Diag logvar_q_mean=0.0151 logvar_q_clamp=0.0000 logvar_p_mean=0.0151 logvar_p_clamp=0.0000 kappa_log10=3.0868
2026-08-30 08:48:45 | Epoch 312/400 | Train Loss 2.3013 Acc 0.1123 | Val Loss 2.3008 Acc 0.1129 AUC 0.5000 Pre 0.0113 Rec 0.1000
2026-08-30 08:48:45 | Diag logvar_q_mean=0.0151 logvar_q_clamp=0.0000 logvar_p_mean=0.0151 logvar_p_clamp=0.0000 kappa_log10=3.7154
2026-08-30 08:48:49 | Epoch 313/400 | Train Loss 2.3013 Acc 0.1123 | Val Loss 2.3007 Acc 0.1129 AUC 0.5000 Pre 0.0113 Rec 0.1000
2026-08-30 08:48:50 | Diag logvar_q_mean=0.0151 logvar_q_clamp=0.0000 logvar_p_mean=0.0151 logvar_p_clamp=0.0000 kappa_log10=3.7151
2026-08-30 08:48:54 | Epoch 314/400 | Train Loss 2.3013 Acc 0.1123 | Val Loss 2.3008 Acc 0.1129 AUC 0.5000 Pre 0.0113 Rec 0.1000
2026-08-30 08:48:55 | Diag logvar_q_mean=0.0151 logvar_q_clamp=0.0000 logvar_p_mean=0.0151 logvar_p_clamp=0.0000 kappa_log10=3.7151
2026-08-30 08:48:59 | Epoch 315/400 | Train Loss 2.3013 Acc 0.1123 | Val Loss 2.3008 Acc 0.1129 AUC 0.5000 Pre 0.0113 Rec 0.1000
2026-08-30 08:48:59 | Diag logvar_q_mean=0.0151 logvar_q_clamp=0.0000 logvar_p_mean=0.0151 logvar_p_clamp=0.0000 kappa_log10=3.7151
2026-08-30 08:49:03 | Epoch 316/400 | Train Loss 2.3013 Acc 0.1123 | Val Loss 2.3007 Acc 0.1129 AUC 0.5000 Pre 0.0113 Rec 0.1000
2026-08-30 08:49:04 | Diag logvar_q_mean=0.0151 logvar_q_clamp=0.0000 logvar_p_mean=0.0151 logvar_p_clamp=0.0000 kappa_log10=3.7151
2026-08-30 08:49:08 | Epoch 317/400 | Train Loss 2.3013 Acc 0.1123 | Val Loss 2.3008 Acc 0.1129 AUC 0.5000 Pre 0.0113 Rec 0.1000
2026-08-30 08:49:08 | Diag logvar_q_mean=0.0151 logvar_q_clamp=0.0000 logvar_p_mean=0.0151 logvar_p_clamp=0.0000 kappa_log10=3.7151
2026-08-30 08:49:12 | Epoch 318/400 | Train Loss 2.3013 Acc 0.1123 | Val Loss 2.3008 Acc 0.1129 AUC 0.5000 Pre 0.0113 Rec 0.1000
2026-08-30 08:49:13 | Diag logvar_q_mean=0.0151 logvar_q_clamp=0.0000 logvar_p_mean=0.0151 logvar_p_clamp=0.0000 kappa_log10=3.7151
2026-08-30 08:49:17 | Epoch 319/400 | Train Loss 2.3013 Acc 0.1123 | Val Loss 2.3007 Acc 0.1129 AUC 0.5000 Pre 0.0113 Rec 0.1000
2026-08-30 08:49:18 | Diag logvar_q_mean=0.0151 logvar_q_clamp=0.0000 logvar_p_mean=0.0151 logvar_p_clamp=0.0000 kappa_log10=3.7151
2026-08-30 08:49:22 | Epoch 320/400 | Train Loss 2.3014 Acc 0.1123 | Val Loss 2.3007 Acc 0.1129 AUC 0.5000 Pre 0.0113 Rec 0.1000
2026-08-30 08:49:22 | Diag logvar_q_mean=0.0152 logvar_q_clamp=0.0000 logvar_p_mean=0.0152 logvar_p_clamp=0.0000 kappa_log10=3.7961
2026-08-30 08:49:26 | Epoch 321/400 | Train Loss 2.3013 Acc 0.1123 | Val Loss 2.3008 Acc 0.1129 AUC 0.5000 Pre 0.0113 Rec 0.1000
2026-08-30 08:49:27 | Diag logvar_q_mean=0.0152 logvar_q_clamp=0.0000 logvar_p_mean=0.0152 logvar_p_clamp=0.0000 kappa_log10=3.7964
2026-08-30 08:49:31 | Epoch 322/400 | Train Loss 2.3013 Acc 0.1123 | Val Loss 2.3008 Acc 0.1129 AUC 0.5000 Pre 0.0113 Rec 0.1000
2026-08-30 08:49:31 | Diag logvar_q_mean=0.0152 logvar_q_clamp=0.0000 logvar_p_mean=0.0152 logvar_p_clamp=0.0000 kappa_log10=3.7964
2026-08-30 08:49:35 | Epoch 323/400 | Train Loss 2.3013 Acc 0.1123 | Val Loss 2.3007 Acc 0.1129 AUC 0.5000 Pre 0.0113 Rec 0.1000
2026-08-30 08:49:36 | Diag logvar_q_mean=0.0152 logvar_q_clamp=0.0000 logvar_p_mean=0.0152 logvar_p_clamp=0.0000 kappa_log10=3.3961
2026-08-30 08:49:40 | Epoch 324/400 | Train Loss 2.3013 Acc 0.1123 | Val Loss 2.3007 Acc 0.1129 AUC 0.5000 Pre 0.0113 Rec 0.1000
2026-08-30 08:49:41 | Diag logvar_q_mean=0.0152 logvar_q_clamp=0.0000 logvar_p_mean=0.0152 logvar_p_clamp=0.0000 kappa_log10=3.3985
2026-08-30 08:49:45 | Epoch 325/400 | Train Loss 2.3013 Acc 0.1123 | Val Loss 2.3008 Acc 0.1129 AUC 0.5000 Pre 0.0113 Rec 0.1000
2026-08-30 08:49:45 | Diag logvar_q_mean=0.0152 logvar_q_clamp=0.0000 logvar_p_mean=0.0152 logvar_p_clamp=0.0000 kappa_log10=3.3985
2026-08-30 08:49:49 | Epoch 326/400 | Train Loss 2.3013 Acc 0.1123 | Val Loss 2.3008 Acc 0.1129 AUC 0.5000 Pre 0.0113 Rec 0.1000
2026-08-30 08:49:50 | Diag logvar_q_mean=0.0152 logvar_q_clamp=0.0000 logvar_p_mean=0.0152 logvar_p_clamp=0.0000 kappa_log10=3.8169
2026-08-30 08:49:54 | Epoch 327/400 | Train Loss 2.3013 Acc 0.1123 | Val Loss 2.3008 Acc 0.1129 AUC 0.5000 Pre 0.0113 Rec 0.1000
2026-08-30 08:49:55 | Diag logvar_q_mean=0.0152 logvar_q_clamp=0.0000 logvar_p_mean=0.0152 logvar_p_clamp=0.0000 kappa_log10=3.8179
2026-08-30 08:49:59 | Epoch 328/400 | Train Loss 2.3013 Acc 0.1123 | Val Loss 2.3007 Acc 0.1129 AUC 0.5000 Pre 0.0113 Rec 0.1000
2026-08-30 08:49:59 | Diag logvar_q_mean=0.0152 logvar_q_clamp=0.0000 logvar_p_mean=0.0152 logvar_p_clamp=0.0000 kappa_log10=3.8180
2026-08-30 08:50:03 | Epoch 329/400 | Train Loss 2.3013 Acc 0.1123 | Val Loss 2.3008 Acc 0.1129 AUC 0.5000 Pre 0.0113 Rec 0.1000
2026-08-30 08:50:04 | Diag logvar_q_mean=0.0152 logvar_q_clamp=0.0000 logvar_p_mean=0.0152 logvar_p_clamp=0.0000 kappa_log10=3.8180
2026-08-30 08:50:08 | Epoch 330/400 | Train Loss 2.3013 Acc 0.1123 | Val Loss 2.3008 Acc 0.1129 AUC 0.5000 Pre 0.0113 Rec 0.1000
2026-08-30 08:50:08 | Diag logvar_q_mean=0.0152 logvar_q_clamp=0.0000 logvar_p_mean=0.0152 logvar_p_clamp=0.0000 kappa_log10=3.8180
2026-08-30 08:50:12 | Epoch 331/400 | Train Loss 2.3013 Acc 0.1123 | Val Loss 2.3008 Acc 0.1129 AUC 0.5000 Pre 0.0113 Rec 0.1000
2026-08-30 08:50:13 | Diag logvar_q_mean=0.0152 logvar_q_clamp=0.0000 logvar_p_mean=0.0152 logvar_p_clamp=0.0000 kappa_log10=3.8180
2026-08-30 08:50:17 | Epoch 332/400 | Train Loss 2.3013 Acc 0.1123 | Val Loss 2.3008 Acc 0.1129 AUC 0.5000 Pre 0.0113 Rec 0.1000
2026-08-30 08:50:17 | Diag logvar_q_mean=0.0152 logvar_q_clamp=0.0000 logvar_p_mean=0.0152 logvar_p_clamp=0.0000 kappa_log10=3.8180
2026-08-30 08:50:21 | Epoch 333/400 | Train Loss 2.3013 Acc 0.1123 | Val Loss 2.3008 Acc 0.1129 AUC 0.5000 Pre 0.0113 Rec 0.1000
2026-08-30 08:50:22 | Diag logvar_q_mean=0.0152 logvar_q_clamp=0.0000 logvar_p_mean=0.0152 logvar_p_clamp=0.0000 kappa_log10=3.8180
2026-08-30 08:50:26 | Epoch 334/400 | Train Loss 2.3013 Acc 0.1123 | Val Loss 2.3008 Acc 0.1129 AUC 0.5000 Pre 0.0113 Rec 0.1000
2026-08-30 08:50:27 | Diag logvar_q_mean=0.0152 logvar_q_clamp=0.0000 logvar_p_mean=0.0152 logvar_p_clamp=0.0000 kappa_log10=3.8180
2026-08-30 08:50:31 | Epoch 335/400 | Train Loss 2.3013 Acc 0.1123 | Val Loss 2.3008 Acc 0.1129 AUC 0.5000 Pre 0.0113 Rec 0.1000
2026-08-30 08:50:31 | Diag logvar_q_mean=0.0152 logvar_q_clamp=0.0000 logvar_p_mean=0.0152 logvar_p_clamp=0.0000 kappa_log10=3.8180
2026-08-30 08:50:35 | Epoch 336/400 | Train Loss 2.3013 Acc 0.1123 | Val Loss 2.3008 Acc 0.1129 AUC 0.5000 Pre 0.0113 Rec 0.1000
2026-08-30 08:50:36 | Diag logvar_q_mean=0.0152 logvar_q_clamp=0.0000 logvar_p_mean=0.0152 logvar_p_clamp=0.0000 kappa_log10=3.8180
2026-08-30 08:50:40 | Epoch 337/400 | Train Loss 2.3013 Acc 0.1123 | Val Loss 2.3008 Acc 0.1129 AUC 0.5000 Pre 0.0113 Rec 0.1000
2026-08-30 08:50:40 | Diag logvar_q_mean=0.0152 logvar_q_clamp=0.0000 logvar_p_mean=0.0152 logvar_p_clamp=0.0000 kappa_log10=3.8180
2026-08-30 08:50:44 | Epoch 338/400 | Train Loss 2.3013 Acc 0.1123 | Val Loss 2.3008 Acc 0.1129 AUC 0.5000 Pre 0.0113 Rec 0.1000
2026-08-30 08:50:45 | Diag logvar_q_mean=0.0152 logvar_q_clamp=0.0000 logvar_p_mean=0.0152 logvar_p_clamp=0.0000 kappa_log10=3.8180
2026-08-30 08:50:49 | Epoch 339/400 | Train Loss 2.3013 Acc 0.1123 | Val Loss 2.3008 Acc 0.1129 AUC 0.5000 Pre 0.0113 Rec 0.1000
2026-08-30 08:50:50 | Diag logvar_q_mean=0.0152 logvar_q_clamp=0.0000 logvar_p_mean=0.0152 logvar_p_clamp=0.0000 kappa_log10=3.8180
2026-08-30 08:50:54 | Epoch 340/400 | Train Loss 2.3013 Acc 0.1123 | Val Loss 2.3008 Acc 0.1129 AUC 0.5000 Pre 0.0113 Rec 0.1000
2026-08-30 08:50:54 | Diag logvar_q_mean=0.0152 logvar_q_clamp=0.0000 logvar_p_mean=0.0152 logvar_p_clamp=0.0000 kappa_log10=3.8180
2026-08-30 08:50:58 | Epoch 341/400 | Train Loss 2.3013 Acc 0.1123 | Val Loss 2.3008 Acc 0.1129 AUC 0.5000 Pre 0.0113 Rec 0.1000
2026-08-30 08:50:59 | Diag logvar_q_mean=0.0152 logvar_q_clamp=0.0000 logvar_p_mean=0.0152 logvar_p_clamp=0.0000 kappa_log10=3.8180
2026-08-30 08:51:03 | Epoch 342/400 | Train Loss 2.3013 Acc 0.1123 | Val Loss 2.3008 Acc 0.1129 AUC 0.5000 Pre 0.0113 Rec 0.1000
2026-08-30 08:51:04 | Diag logvar_q_mean=0.0152 logvar_q_clamp=0.0000 logvar_p_mean=0.0152 logvar_p_clamp=0.0000 kappa_log10=3.8180
2026-08-30 08:51:08 | Epoch 343/400 | Train Loss 2.3013 Acc 0.1123 | Val Loss 2.3008 Acc 0.1129 AUC 0.5000 Pre 0.0113 Rec 0.1000
2026-08-30 08:51:08 | Diag logvar_q_mean=0.0153 logvar_q_clamp=0.0000 logvar_p_mean=0.0153 logvar_p_clamp=0.0000 kappa_log10=3.8180
2026-08-30 08:51:12 | Epoch 344/400 | Train Loss 2.3013 Acc 0.1123 | Val Loss 2.3007 Acc 0.1129 AUC 0.5000 Pre 0.0113 Rec 0.1000
2026-08-30 08:51:13 | Diag logvar_q_mean=0.0153 logvar_q_clamp=0.0000 logvar_p_mean=0.0153 logvar_p_clamp=0.0000 kappa_log10=3.8180
2026-08-30 08:51:17 | Epoch 345/400 | Train Loss 2.3013 Acc 0.1123 | Val Loss 2.3008 Acc 0.1129 AUC 0.5000 Pre 0.0113 Rec 0.1000
2026-08-30 08:51:17 | Diag logvar_q_mean=0.0153 logvar_q_clamp=0.0000 logvar_p_mean=0.0153 logvar_p_clamp=0.0000 kappa_log10=3.8180
2026-08-30 08:51:21 | Epoch 346/400 | Train Loss 2.3013 Acc 0.1123 | Val Loss 2.3007 Acc 0.1129 AUC 0.5000 Pre 0.0113 Rec 0.1000
2026-08-30 08:51:22 | Diag logvar_q_mean=0.0153 logvar_q_clamp=0.0000 logvar_p_mean=0.0153 logvar_p_clamp=0.0000 kappa_log10=3.8180
2026-08-30 08:51:26 | Epoch 347/400 | Train Loss 2.3013 Acc 0.1123 | Val Loss 2.3008 Acc 0.1129 AUC 0.5000 Pre 0.0113 Rec 0.1000
2026-08-30 08:51:26 | Diag logvar_q_mean=0.0153 logvar_q_clamp=0.0000 logvar_p_mean=0.0153 logvar_p_clamp=0.0000 kappa_log10=3.8180
2026-08-30 08:51:31 | Epoch 348/400 | Train Loss 2.3013 Acc 0.1123 | Val Loss 2.3008 Acc 0.1129 AUC 0.5000 Pre 0.0113 Rec 0.1000
2026-08-30 08:51:31 | Diag logvar_q_mean=0.0153 logvar_q_clamp=0.0000 logvar_p_mean=0.0153 logvar_p_clamp=0.0000 kappa_log10=3.8180
2026-08-30 08:51:35 | Epoch 349/400 | Train Loss 2.3013 Acc 0.1123 | Val Loss 2.3008 Acc 0.1129 AUC 0.5000 Pre 0.0113 Rec 0.1000
2026-08-30 08:51:36 | Diag logvar_q_mean=0.0153 logvar_q_clamp=0.0000 logvar_p_mean=0.0153 logvar_p_clamp=0.0000 kappa_log10=3.8180
2026-08-30 08:51:40 | Epoch 350/400 | Train Loss 2.3013 Acc 0.1123 | Val Loss 2.3008 Acc 0.1129 AUC 0.5000 Pre 0.0113 Rec 0.1000
2026-08-30 08:51:40 | Diag logvar_q_mean=0.0153 logvar_q_clamp=0.0000 logvar_p_mean=0.0153 logvar_p_clamp=0.0000 kappa_log10=3.8180
2026-08-30 08:51:44 | Epoch 351/400 | Train Loss 2.3013 Acc 0.1123 | Val Loss 2.3008 Acc 0.1129 AUC 0.5000 Pre 0.0113 Rec 0.1000
2026-08-30 08:51:45 | Diag logvar_q_mean=0.0153 logvar_q_clamp=0.0000 logvar_p_mean=0.0153 logvar_p_clamp=0.0000 kappa_log10=3.8180
2026-08-30 08:51:49 | Epoch 352/400 | Train Loss 2.3013 Acc 0.1123 | Val Loss 2.3008 Acc 0.1129 AUC 0.5000 Pre 0.0113 Rec 0.1000
2026-08-30 08:51:49 | Diag logvar_q_mean=0.0153 logvar_q_clamp=0.0000 logvar_p_mean=0.0153 logvar_p_clamp=0.0000 kappa_log10=3.8180
2026-08-30 08:51:53 | Epoch 353/400 | Train Loss 2.3014 Acc 0.1123 | Val Loss 2.3011 Acc 0.1129 AUC 0.5000 Pre 0.0113 Rec 0.1000
2026-08-30 08:51:54 | Diag logvar_q_mean=0.0153 logvar_q_clamp=0.0000 logvar_p_mean=0.0154 logvar_p_clamp=0.0000 kappa_log10=3.7604
2026-08-30 08:51:58 | Epoch 354/400 | Train Loss 2.3013 Acc 0.1123 | Val Loss 2.3008 Acc 0.1129 AUC 0.5000 Pre 0.0113 Rec 0.1000
2026-08-30 08:51:59 | Diag logvar_q_mean=0.0153 logvar_q_clamp=0.0000 logvar_p_mean=0.0153 logvar_p_clamp=0.0000 kappa_log10=4.1118
2026-08-30 08:52:03 | Epoch 355/400 | Train Loss 2.3013 Acc 0.1123 | Val Loss 2.3007 Acc 0.1129 AUC 0.5000 Pre 0.0113 Rec 0.1000
2026-08-30 08:52:03 | Diag logvar_q_mean=0.0153 logvar_q_clamp=0.0000 logvar_p_mean=0.0153 logvar_p_clamp=0.0000 kappa_log10=4.1117
2026-08-30 08:52:07 | Epoch 356/400 | Train Loss 2.3013 Acc 0.1123 | Val Loss 2.3007 Acc 0.1129 AUC 0.5000 Pre 0.0113 Rec 0.1000
2026-08-30 08:52:08 | Diag logvar_q_mean=0.0153 logvar_q_clamp=0.0000 logvar_p_mean=0.0153 logvar_p_clamp=0.0000 kappa_log10=4.1117
2026-08-30 08:52:12 | Epoch 357/400 | Train Loss 2.3014 Acc 0.1123 | Val Loss 2.3008 Acc 0.1129 AUC 0.5000 Pre 0.0113 Rec 0.1000
2026-08-30 08:52:13 | Diag logvar_q_mean=0.0154 logvar_q_clamp=0.0000 logvar_p_mean=0.0154 logvar_p_clamp=0.0000 kappa_log10=3.0287
2026-08-30 08:52:17 | Epoch 358/400 | Train Loss 2.3013 Acc 0.1123 | Val Loss 2.3007 Acc 0.1129 AUC 0.5000 Pre 0.0113 Rec 0.1000
2026-08-30 08:52:17 | Diag logvar_q_mean=0.0154 logvar_q_clamp=0.0000 logvar_p_mean=0.0154 logvar_p_clamp=0.0000 kappa_log10=3.0318
2026-08-30 08:52:21 | Epoch 359/400 | Train Loss 2.3013 Acc 0.1123 | Val Loss 2.3007 Acc 0.1129 AUC 0.5000 Pre 0.0113 Rec 0.1000
2026-08-30 08:52:22 | Diag logvar_q_mean=0.0154 logvar_q_clamp=0.0000 logvar_p_mean=0.0154 logvar_p_clamp=0.0000 kappa_log10=2.8975
2026-08-30 08:52:26 | Epoch 360/400 | Train Loss 2.3013 Acc 0.1123 | Val Loss 2.3007 Acc 0.1129 AUC 0.5000 Pre 0.0113 Rec 0.1000
2026-08-30 08:52:27 | Diag logvar_q_mean=0.0154 logvar_q_clamp=0.0000 logvar_p_mean=0.0154 logvar_p_clamp=0.0000 kappa_log10=2.8975
2026-08-30 08:52:31 | Epoch 361/400 | Train Loss 2.3013 Acc 0.1123 | Val Loss 2.3007 Acc 0.1129 AUC 0.5000 Pre 0.0113 Rec 0.1000
2026-08-30 08:52:31 | Diag logvar_q_mean=0.0154 logvar_q_clamp=0.0000 logvar_p_mean=0.0154 logvar_p_clamp=0.0000 kappa_log10=2.8975
2026-08-30 08:52:35 | Epoch 362/400 | Train Loss 2.3013 Acc 0.1123 | Val Loss 2.3007 Acc 0.1129 AUC 0.5000 Pre 0.0113 Rec 0.1000
2026-08-30 08:52:36 | Diag logvar_q_mean=0.0154 logvar_q_clamp=0.0000 logvar_p_mean=0.0154 logvar_p_clamp=0.0000 kappa_log10=2.8975
2026-08-30 08:52:40 | Epoch 363/400 | Train Loss 2.3013 Acc 0.1123 | Val Loss 2.3007 Acc 0.1129 AUC 0.5000 Pre 0.0113 Rec 0.1000
2026-08-30 08:52:41 | Diag logvar_q_mean=0.0154 logvar_q_clamp=0.0000 logvar_p_mean=0.0154 logvar_p_clamp=0.0000 kappa_log10=2.8975
2026-08-30 08:52:44 | Epoch 364/400 | Train Loss 2.3013 Acc 0.1123 | Val Loss 2.3008 Acc 0.1129 AUC 0.5000 Pre 0.0113 Rec 0.1000
2026-08-30 08:52:45 | Diag logvar_q_mean=0.0154 logvar_q_clamp=0.0000 logvar_p_mean=0.0154 logvar_p_clamp=0.0000 kappa_log10=2.8975
2026-08-30 08:52:49 | Epoch 365/400 | Train Loss 2.3013 Acc 0.1123 | Val Loss 2.3008 Acc 0.1129 AUC 0.5000 Pre 0.0113 Rec 0.1000
2026-08-30 08:52:50 | Diag logvar_q_mean=0.0154 logvar_q_clamp=0.0000 logvar_p_mean=0.0154 logvar_p_clamp=0.0000 kappa_log10=2.8975
2026-08-30 08:52:54 | Epoch 366/400 | Train Loss 2.3013 Acc 0.1123 | Val Loss 2.3008 Acc 0.1129 AUC 0.5000 Pre 0.0113 Rec 0.1000
2026-08-30 08:52:54 | Diag logvar_q_mean=0.0154 logvar_q_clamp=0.0000 logvar_p_mean=0.0154 logvar_p_clamp=0.0000 kappa_log10=2.8975
2026-08-30 08:52:58 | Epoch 367/400 | Train Loss 2.3013 Acc 0.1123 | Val Loss 2.3008 Acc 0.1129 AUC 0.5000 Pre 0.0113 Rec 0.1000
2026-08-30 08:52:59 | Diag logvar_q_mean=0.0154 logvar_q_clamp=0.0000 logvar_p_mean=0.0154 logvar_p_clamp=0.0000 kappa_log10=2.8975
2026-08-30 08:53:03 | Epoch 368/400 | Train Loss 2.3013 Acc 0.1123 | Val Loss 2.3007 Acc 0.1129 AUC 0.5000 Pre 0.0113 Rec 0.1000
2026-08-30 08:53:03 | Diag logvar_q_mean=0.0155 logvar_q_clamp=0.0000 logvar_p_mean=0.0155 logvar_p_clamp=0.0000 kappa_log10=2.8975
2026-08-30 08:53:07 | Epoch 369/400 | Train Loss 2.3013 Acc 0.1123 | Val Loss 2.3008 Acc 0.1129 AUC 0.5000 Pre 0.0113 Rec 0.1000
2026-08-30 08:53:08 | Diag logvar_q_mean=0.0155 logvar_q_clamp=0.0000 logvar_p_mean=0.0155 logvar_p_clamp=0.0000 kappa_log10=2.8975
2026-08-30 08:53:12 | Epoch 370/400 | Train Loss 2.3013 Acc 0.1123 | Val Loss 2.3008 Acc 0.1129 AUC 0.5000 Pre 0.0113 Rec 0.1000
2026-08-30 08:53:13 | Diag logvar_q_mean=0.0155 logvar_q_clamp=0.0000 logvar_p_mean=0.0155 logvar_p_clamp=0.0000 kappa_log10=2.8975
2026-08-30 08:53:16 | Epoch 371/400 | Train Loss 2.3013 Acc 0.1123 | Val Loss 2.3008 Acc 0.1129 AUC 0.5000 Pre 0.0113 Rec 0.1000
2026-08-30 08:53:17 | Diag logvar_q_mean=0.0155 logvar_q_clamp=0.0000 logvar_p_mean=0.0155 logvar_p_clamp=0.0000 kappa_log10=2.8975
2026-08-30 08:53:21 | Epoch 372/400 | Train Loss 2.3013 Acc 0.1123 | Val Loss 2.3007 Acc 0.1129 AUC 0.5000 Pre 0.0113 Rec 0.1000
2026-08-30 08:53:22 | Diag logvar_q_mean=0.0155 logvar_q_clamp=0.0000 logvar_p_mean=0.0155 logvar_p_clamp=0.0000 kappa_log10=2.8975
2026-08-30 08:53:26 | Epoch 373/400 | Train Loss 2.3013 Acc 0.1123 | Val Loss 2.3007 Acc 0.1129 AUC 0.5000 Pre 0.0113 Rec 0.1000
2026-08-30 08:53:26 | Diag logvar_q_mean=0.0155 logvar_q_clamp=0.0000 logvar_p_mean=0.0155 logvar_p_clamp=0.0000 kappa_log10=2.8975
2026-08-30 08:53:30 | Epoch 374/400 | Train Loss 2.3013 Acc 0.1123 | Val Loss 2.3008 Acc 0.1129 AUC 0.5000 Pre 0.0113 Rec 0.1000
2026-08-30 08:53:31 | Diag logvar_q_mean=0.0155 logvar_q_clamp=0.0000 logvar_p_mean=0.0155 logvar_p_clamp=0.0000 kappa_log10=2.8975
2026-08-30 08:53:35 | Epoch 375/400 | Train Loss 2.3013 Acc 0.1123 | Val Loss 2.3008 Acc 0.1129 AUC 0.5000 Pre 0.0113 Rec 0.1000
2026-08-30 08:53:35 | Diag logvar_q_mean=0.0155 logvar_q_clamp=0.0000 logvar_p_mean=0.0155 logvar_p_clamp=0.0000 kappa_log10=2.9801
2026-08-30 08:53:39 | Epoch 376/400 | Train Loss 2.3013 Acc 0.1123 | Val Loss 2.3008 Acc 0.1129 AUC 0.5000 Pre 0.0113 Rec 0.1000
2026-08-30 08:53:40 | Diag logvar_q_mean=0.0155 logvar_q_clamp=0.0000 logvar_p_mean=0.0155 logvar_p_clamp=0.0000 kappa_log10=2.9825
2026-08-30 08:53:44 | Epoch 377/400 | Train Loss 2.3013 Acc 0.1123 | Val Loss 2.3008 Acc 0.1129 AUC 0.5000 Pre 0.0113 Rec 0.1000
2026-08-30 08:53:45 | Diag logvar_q_mean=0.0155 logvar_q_clamp=0.0000 logvar_p_mean=0.0155 logvar_p_clamp=0.0000 kappa_log10=2.9825
2026-08-30 08:53:49 | Epoch 378/400 | Train Loss 2.3013 Acc 0.1123 | Val Loss 2.3008 Acc 0.1129 AUC 0.5000 Pre 0.0113 Rec 0.1000
2026-08-30 08:53:49 | Diag logvar_q_mean=0.0155 logvar_q_clamp=0.0000 logvar_p_mean=0.0155 logvar_p_clamp=0.0000 kappa_log10=3.6932
2026-08-30 08:53:53 | Epoch 379/400 | Train Loss 2.3013 Acc 0.1123 | Val Loss 2.3008 Acc 0.1129 AUC 0.5000 Pre 0.0113 Rec 0.1000
2026-08-30 08:53:54 | Diag logvar_q_mean=0.0155 logvar_q_clamp=0.0000 logvar_p_mean=0.0155 logvar_p_clamp=0.0000 kappa_log10=3.8255
2026-08-30 08:53:58 | Epoch 380/400 | Train Loss 2.3013 Acc 0.1123 | Val Loss 2.3008 Acc 0.1129 AUC 0.5000 Pre 0.0113 Rec 0.1000
2026-08-30 08:53:58 | Diag logvar_q_mean=0.0155 logvar_q_clamp=0.0000 logvar_p_mean=0.0155 logvar_p_clamp=0.0000 kappa_log10=3.8256
2026-08-30 08:54:02 | Epoch 381/400 | Train Loss 2.3013 Acc 0.1123 | Val Loss 2.3008 Acc 0.1129 AUC 0.5000 Pre 0.0113 Rec 0.1000
2026-08-30 08:54:03 | Diag logvar_q_mean=0.0155 logvar_q_clamp=0.0000 logvar_p_mean=0.0155 logvar_p_clamp=0.0000 kappa_log10=3.8256
2026-08-30 08:54:07 | Epoch 382/400 | Train Loss 2.3013 Acc 0.1123 | Val Loss 2.3008 Acc 0.1129 AUC 0.5000 Pre 0.0113 Rec 0.1000
2026-08-30 08:54:08 | Diag logvar_q_mean=0.0155 logvar_q_clamp=0.0000 logvar_p_mean=0.0155 logvar_p_clamp=0.0000 kappa_log10=3.8256
2026-08-30 08:54:12 | Epoch 383/400 | Train Loss 2.3013 Acc 0.1123 | Val Loss 2.3008 Acc 0.1129 AUC 0.5000 Pre 0.0113 Rec 0.1000
2026-08-30 08:54:12 | Diag logvar_q_mean=0.0155 logvar_q_clamp=0.0000 logvar_p_mean=0.0155 logvar_p_clamp=0.0000 kappa_log10=3.8256
2026-08-30 08:54:16 | Epoch 384/400 | Train Loss 2.3013 Acc 0.1123 | Val Loss 2.3007 Acc 0.1129 AUC 0.5000 Pre 0.0113 Rec 0.1000
2026-08-30 08:54:17 | Diag logvar_q_mean=0.0155 logvar_q_clamp=0.0000 logvar_p_mean=0.0155 logvar_p_clamp=0.0000 kappa_log10=3.8256
2026-08-30 08:54:21 | Epoch 385/400 | Train Loss 2.3013 Acc 0.1123 | Val Loss 2.3007 Acc 0.1129 AUC 0.5000 Pre 0.0113 Rec 0.1000
2026-08-30 08:54:22 | Diag logvar_q_mean=0.0155 logvar_q_clamp=0.0000 logvar_p_mean=0.0155 logvar_p_clamp=0.0000 kappa_log10=3.8256
2026-08-30 08:54:26 | Epoch 386/400 | Train Loss 2.3013 Acc 0.1123 | Val Loss 2.3008 Acc 0.1129 AUC 0.5000 Pre 0.0113 Rec 0.1000
2026-08-30 08:54:26 | Diag logvar_q_mean=0.0155 logvar_q_clamp=0.0000 logvar_p_mean=0.0155 logvar_p_clamp=0.0000 kappa_log10=3.8256
2026-08-30 08:54:30 | Epoch 387/400 | Train Loss 2.3013 Acc 0.1123 | Val Loss 2.3008 Acc 0.1129 AUC 0.5000 Pre 0.0113 Rec 0.1000
2026-08-30 08:54:31 | Diag logvar_q_mean=0.0155 logvar_q_clamp=0.0000 logvar_p_mean=0.0155 logvar_p_clamp=0.0000 kappa_log10=3.8256
2026-08-30 08:54:35 | Epoch 388/400 | Train Loss 2.3013 Acc 0.1123 | Val Loss 2.3008 Acc 0.1129 AUC 0.5000 Pre 0.0113 Rec 0.1000
2026-08-30 08:54:35 | Diag logvar_q_mean=0.0155 logvar_q_clamp=0.0000 logvar_p_mean=0.0156 logvar_p_clamp=0.0000 kappa_log10=3.8256
2026-08-30 08:54:39 | Epoch 389/400 | Train Loss 2.3013 Acc 0.1123 | Val Loss 2.3008 Acc 0.1129 AUC 0.5000 Pre 0.0113 Rec 0.1000
2026-08-30 08:54:40 | Diag logvar_q_mean=0.0156 logvar_q_clamp=0.0000 logvar_p_mean=0.0156 logvar_p_clamp=0.0000 kappa_log10=3.8256
2026-08-30 08:54:44 | Epoch 390/400 | Train Loss 2.3013 Acc 0.1123 | Val Loss 2.3007 Acc 0.1129 AUC 0.5000 Pre 0.0113 Rec 0.1000
2026-08-30 08:54:45 | Diag logvar_q_mean=0.0156 logvar_q_clamp=0.0000 logvar_p_mean=0.0155 logvar_p_clamp=0.0000 kappa_log10=3.8256
2026-08-30 08:54:49 | Epoch 391/400 | Train Loss 2.3013 Acc 0.1123 | Val Loss 2.3008 Acc 0.1129 AUC 0.5000 Pre 0.0113 Rec 0.1000
2026-08-30 08:54:49 | Diag logvar_q_mean=0.0156 logvar_q_clamp=0.0000 logvar_p_mean=0.0156 logvar_p_clamp=0.0000 kappa_log10=3.8256
2026-08-30 08:54:53 | Epoch 392/400 | Train Loss 2.3013 Acc 0.1123 | Val Loss 2.3008 Acc 0.1129 AUC 0.5000 Pre 0.0113 Rec 0.1000
2026-08-30 08:54:54 | Diag logvar_q_mean=0.0156 logvar_q_clamp=0.0000 logvar_p_mean=0.0156 logvar_p_clamp=0.0000 kappa_log10=3.8256
2026-08-30 08:54:58 | Epoch 393/400 | Train Loss 2.3013 Acc 0.1123 | Val Loss 2.3008 Acc 0.1129 AUC 0.5000 Pre 0.0113 Rec 0.1000
2026-08-30 08:54:58 | Diag logvar_q_mean=0.0156 logvar_q_clamp=0.0000 logvar_p_mean=0.0156 logvar_p_clamp=0.0000 kappa_log10=3.8256
2026-08-30 08:55:02 | Epoch 394/400 | Train Loss 2.3013 Acc 0.1123 | Val Loss 2.3008 Acc 0.1129 AUC 0.5000 Pre 0.0113 Rec 0.1000
2026-08-30 08:55:03 | Diag logvar_q_mean=0.0156 logvar_q_clamp=0.0000 logvar_p_mean=0.0156 logvar_p_clamp=0.0000 kappa_log10=3.8256
2026-08-30 08:55:07 | Epoch 395/400 | Train Loss 2.3013 Acc 0.1123 | Val Loss 2.3008 Acc 0.1129 AUC 0.5000 Pre 0.0113 Rec 0.1000
2026-08-30 08:55:08 | Diag logvar_q_mean=0.0156 logvar_q_clamp=0.0000 logvar_p_mean=0.0156 logvar_p_clamp=0.0000 kappa_log10=3.8256
2026-08-30 08:55:12 | Epoch 396/400 | Train Loss 2.3013 Acc 0.1123 | Val Loss 2.3008 Acc 0.1129 AUC 0.5000 Pre 0.0113 Rec 0.1000
2026-08-30 08:55:13 | Diag logvar_q_mean=0.0156 logvar_q_clamp=0.0000 logvar_p_mean=0.0156 logvar_p_clamp=0.0000 kappa_log10=3.8256
2026-08-30 08:55:17 | Epoch 397/400 | Train Loss 2.3013 Acc 0.1123 | Val Loss 2.3008 Acc 0.1129 AUC 0.5000 Pre 0.0113 Rec 0.1000
2026-08-30 08:55:17 | Diag logvar_q_mean=0.0156 logvar_q_clamp=0.0000 logvar_p_mean=0.0156 logvar_p_clamp=0.0000 kappa_log10=3.8256
2026-08-30 08:55:21 | Epoch 398/400 | Train Loss 2.3013 Acc 0.1123 | Val Loss 2.3008 Acc 0.1129 AUC 0.5000 Pre 0.0113 Rec 0.1000
2026-08-30 08:55:22 | Diag logvar_q_mean=0.0156 logvar_q_clamp=0.0000 logvar_p_mean=0.0156 logvar_p_clamp=0.0000 kappa_log10=3.8256
2026-08-30 08:55:26 | Epoch 399/400 | Train Loss 2.3013 Acc 0.1123 | Val Loss 2.3008 Acc 0.1129 AUC 0.5000 Pre 0.0113 Rec 0.1000
2026-08-30 08:55:26 | Diag logvar_q_mean=0.0156 logvar_q_clamp=0.0000 logvar_p_mean=0.0156 logvar_p_clamp=0.0000 kappa_log10=3.8256
2026-08-30 08:55:30 | Epoch 400/400 | Train Loss 2.3013 Acc 0.1123 | Val Loss 2.3008 Acc 0.1129 AUC 0.5000 Pre 0.0113 Rec 0.1000
2026-08-30 08:55:31 | Diag logvar_q_mean=0.0156 logvar_q_clamp=0.0000 logvar_p_mean=0.0156 logvar_p_clamp=0.0000 kappa_log10=3.8256
2026-08-30 08:55:32 | Run 4/5 | Test (best model @ Epoch 1) | Loss 2.3014 Acc 0.1135 AUC 0.5000 Pre 0.0114 Rec 0.1000
2026-08-30 08:55:32 | ===== Run 5/5 (seed 4) =====
2026-08-30 08:55:36 | Epoch   1/400 | Train Loss 2.6503 Acc 0.1074 | Val Loss 2.3016 Acc 0.1129 AUC 0.5000 Pre 0.0113 Rec 0.1000
2026-08-30 08:55:36 | Diag logvar_q_mean=0.0132 logvar_q_clamp=0.0000 logvar_p_mean=0.0132 logvar_p_clamp=0.0000 kappa_log10=4.0770
2026-08-30 08:55:36 |   Val AUC improved to 0.5000, model saved
2026-08-30 08:55:40 | Epoch   2/400 | Train Loss 2.3016 Acc 0.1123 | Val Loss 2.3010 Acc 0.1129 AUC 0.5000 Pre 0.0113 Rec 0.1000
2026-08-30 08:55:41 | Diag logvar_q_mean=0.0132 logvar_q_clamp=0.0000 logvar_p_mean=0.0132 logvar_p_clamp=0.0000 kappa_log10=4.0816
2026-08-30 08:55:45 | Epoch   3/400 | Train Loss 2.3013 Acc 0.1123 | Val Loss 2.3009 Acc 0.1129 AUC 0.5000 Pre 0.0113 Rec 0.1000
2026-08-30 08:55:45 | Diag logvar_q_mean=0.0132 logvar_q_clamp=0.0000 logvar_p_mean=0.0132 logvar_p_clamp=0.0000 kappa_log10=4.0844
2026-08-30 08:55:49 | Epoch   4/400 | Train Loss 2.3013 Acc 0.1123 | Val Loss 2.3008 Acc 0.1129 AUC 0.5000 Pre 0.0113 Rec 0.1000
2026-08-30 08:55:50 | Diag logvar_q_mean=0.0132 logvar_q_clamp=0.0000 logvar_p_mean=0.0132 logvar_p_clamp=0.0000 kappa_log10=4.0856
2026-08-30 08:55:54 | Epoch   5/400 | Train Loss 2.3013 Acc 0.1123 | Val Loss 2.3008 Acc 0.1129 AUC 0.5000 Pre 0.0113 Rec 0.1000
2026-08-30 08:55:55 | Diag logvar_q_mean=0.0132 logvar_q_clamp=0.0000 logvar_p_mean=0.0132 logvar_p_clamp=0.0000 kappa_log10=4.0845
2026-08-30 08:55:58 | Epoch   6/400 | Train Loss 2.3013 Acc 0.1123 | Val Loss 2.3007 Acc 0.1129 AUC 0.5000 Pre 0.0113 Rec 0.1000
2026-08-30 08:55:59 | Diag logvar_q_mean=0.0132 logvar_q_clamp=0.0000 logvar_p_mean=0.0132 logvar_p_clamp=0.0000 kappa_log10=4.0803
2026-08-30 08:56:03 | Epoch   7/400 | Train Loss 2.3013 Acc 0.1123 | Val Loss 2.3007 Acc 0.1129 AUC 0.5000 Pre 0.0113 Rec 0.1000
2026-08-30 08:56:04 | Diag logvar_q_mean=0.0132 logvar_q_clamp=0.0000 logvar_p_mean=0.0132 logvar_p_clamp=0.0000 kappa_log10=4.0959
2026-08-30 08:56:08 | Epoch   8/400 | Train Loss 2.3013 Acc 0.1123 | Val Loss 2.3007 Acc 0.1129 AUC 0.5000 Pre 0.0113 Rec 0.1000
2026-08-30 08:56:08 | Diag logvar_q_mean=0.0132 logvar_q_clamp=0.0000 logvar_p_mean=0.0132 logvar_p_clamp=0.0000 kappa_log10=4.1092
2026-08-30 08:56:12 | Epoch   9/400 | Train Loss 2.3013 Acc 0.1123 | Val Loss 2.3007 Acc 0.1129 AUC 0.5000 Pre 0.0113 Rec 0.1000
2026-08-30 08:56:13 | Diag logvar_q_mean=0.0132 logvar_q_clamp=0.0000 logvar_p_mean=0.0132 logvar_p_clamp=0.0000 kappa_log10=4.1283
2026-08-30 08:56:17 | Epoch  10/400 | Train Loss 2.3013 Acc 0.1123 | Val Loss 2.3007 Acc 0.1129 AUC 0.5000 Pre 0.0113 Rec 0.1000
2026-08-30 08:56:17 | Diag logvar_q_mean=0.0132 logvar_q_clamp=0.0000 logvar_p_mean=0.0132 logvar_p_clamp=0.0000 kappa_log10=4.1284
2026-08-30 08:56:21 | Epoch  11/400 | Train Loss 2.3013 Acc 0.1123 | Val Loss 2.3008 Acc 0.1129 AUC 0.5000 Pre 0.0113 Rec 0.1000
2026-08-30 08:56:22 | Diag logvar_q_mean=0.0132 logvar_q_clamp=0.0000 logvar_p_mean=0.0132 logvar_p_clamp=0.0000 kappa_log10=4.1337
2026-08-30 08:56:26 | Epoch  12/400 | Train Loss 2.3013 Acc 0.1123 | Val Loss 2.3008 Acc 0.1129 AUC 0.5000 Pre 0.0113 Rec 0.1000
2026-08-30 08:56:26 | Diag logvar_q_mean=0.0132 logvar_q_clamp=0.0000 logvar_p_mean=0.0132 logvar_p_clamp=0.0000 kappa_log10=4.1320
2026-08-30 08:56:31 | Epoch  13/400 | Train Loss 2.3013 Acc 0.1123 | Val Loss 2.3007 Acc 0.1129 AUC 0.5000 Pre 0.0113 Rec 0.1000
2026-08-30 08:56:31 | Diag logvar_q_mean=0.0132 logvar_q_clamp=0.0000 logvar_p_mean=0.0132 logvar_p_clamp=0.0000 kappa_log10=4.1316
2026-08-30 08:56:35 | Epoch  14/400 | Train Loss 2.3013 Acc 0.1123 | Val Loss 2.3007 Acc 0.1129 AUC 0.5000 Pre 0.0113 Rec 0.1000
2026-08-30 08:56:36 | Diag logvar_q_mean=0.0132 logvar_q_clamp=0.0000 logvar_p_mean=0.0132 logvar_p_clamp=0.0000 kappa_log10=4.1263
2026-08-30 08:56:40 | Epoch  15/400 | Train Loss 2.3013 Acc 0.1123 | Val Loss 2.3007 Acc 0.1129 AUC 0.5000 Pre 0.0113 Rec 0.1000
2026-08-30 08:56:40 | Diag logvar_q_mean=0.0132 logvar_q_clamp=0.0000 logvar_p_mean=0.0132 logvar_p_clamp=0.0000 kappa_log10=4.1224
2026-08-30 08:56:44 | Epoch  16/400 | Train Loss 2.3013 Acc 0.1123 | Val Loss 2.3008 Acc 0.1129 AUC 0.5000 Pre 0.0113 Rec 0.1000
2026-08-30 08:56:45 | Diag logvar_q_mean=0.0132 logvar_q_clamp=0.0000 logvar_p_mean=0.0132 logvar_p_clamp=0.0000 kappa_log10=4.1596
2026-08-30 08:56:49 | Epoch  17/400 | Train Loss 2.3013 Acc 0.1123 | Val Loss 2.3007 Acc 0.1129 AUC 0.5000 Pre 0.0113 Rec 0.1000
2026-08-30 08:56:49 | Diag logvar_q_mean=0.0132 logvar_q_clamp=0.0000 logvar_p_mean=0.0132 logvar_p_clamp=0.0000 kappa_log10=4.1710
2026-08-30 08:56:53 | Epoch  18/400 | Train Loss 2.3013 Acc 0.1123 | Val Loss 2.3008 Acc 0.1129 AUC 0.5000 Pre 0.0113 Rec 0.1000
2026-08-30 08:56:54 | Diag logvar_q_mean=0.0132 logvar_q_clamp=0.0000 logvar_p_mean=0.0132 logvar_p_clamp=0.0000 kappa_log10=4.1723
2026-08-30 08:56:58 | Epoch  19/400 | Train Loss 2.3013 Acc 0.1123 | Val Loss 2.3007 Acc 0.1129 AUC 0.5000 Pre 0.0113 Rec 0.1000
2026-08-30 08:56:58 | Diag logvar_q_mean=0.0132 logvar_q_clamp=0.0000 logvar_p_mean=0.0132 logvar_p_clamp=0.0000 kappa_log10=4.1723
2026-08-30 08:57:02 | Epoch  20/400 | Train Loss 2.3013 Acc 0.1123 | Val Loss 2.3008 Acc 0.1129 AUC 0.5000 Pre 0.0113 Rec 0.1000
2026-08-30 08:57:03 | Diag logvar_q_mean=0.0132 logvar_q_clamp=0.0000 logvar_p_mean=0.0132 logvar_p_clamp=0.0000 kappa_log10=4.1758
2026-08-30 08:57:07 | Epoch  21/400 | Train Loss 2.3013 Acc 0.1123 | Val Loss 2.3007 Acc 0.1129 AUC 0.5000 Pre 0.0113 Rec 0.1000
2026-08-30 08:57:07 | Diag logvar_q_mean=0.0132 logvar_q_clamp=0.0000 logvar_p_mean=0.0132 logvar_p_clamp=0.0000 kappa_log10=4.1765
2026-08-30 08:57:11 | Epoch  22/400 | Train Loss 2.3013 Acc 0.1123 | Val Loss 2.3007 Acc 0.1129 AUC 0.5000 Pre 0.0113 Rec 0.1000
2026-08-30 08:57:12 | Diag logvar_q_mean=0.0132 logvar_q_clamp=0.0000 logvar_p_mean=0.0132 logvar_p_clamp=0.0000 kappa_log10=4.1771
2026-08-30 08:57:16 | Epoch  23/400 | Train Loss 2.3013 Acc 0.1123 | Val Loss 2.3008 Acc 0.1129 AUC 0.5000 Pre 0.0113 Rec 0.1000
2026-08-30 08:57:17 | Diag logvar_q_mean=0.0132 logvar_q_clamp=0.0000 logvar_p_mean=0.0132 logvar_p_clamp=0.0000 kappa_log10=4.1770
2026-08-30 08:57:20 | Epoch  24/400 | Train Loss 2.3013 Acc 0.1123 | Val Loss 2.3008 Acc 0.1129 AUC 0.5000 Pre 0.0113 Rec 0.1000
2026-08-30 08:57:21 | Diag logvar_q_mean=0.0132 logvar_q_clamp=0.0000 logvar_p_mean=0.0132 logvar_p_clamp=0.0000 kappa_log10=4.1770
2026-08-30 08:57:25 | Epoch  25/400 | Train Loss 2.3013 Acc 0.1123 | Val Loss 2.3008 Acc 0.1129 AUC 0.5000 Pre 0.0113 Rec 0.1000
2026-08-30 08:57:26 | Diag logvar_q_mean=0.0132 logvar_q_clamp=0.0000 logvar_p_mean=0.0132 logvar_p_clamp=0.0000 kappa_log10=4.1768
2026-08-30 08:57:29 | Epoch  26/400 | Train Loss 2.3013 Acc 0.1123 | Val Loss 2.3007 Acc 0.1129 AUC 0.5000 Pre 0.0113 Rec 0.1000
2026-08-30 08:57:30 | Diag logvar_q_mean=0.0132 logvar_q_clamp=0.0000 logvar_p_mean=0.0132 logvar_p_clamp=0.0000 kappa_log10=4.1770
2026-08-30 08:57:34 | Epoch  27/400 | Train Loss 2.3013 Acc 0.1123 | Val Loss 2.3007 Acc 0.1129 AUC 0.5000 Pre 0.0113 Rec 0.1000
2026-08-30 08:57:35 | Diag logvar_q_mean=0.0132 logvar_q_clamp=0.0000 logvar_p_mean=0.0132 logvar_p_clamp=0.0000 kappa_log10=4.1767
2026-08-30 08:57:39 | Epoch  28/400 | Train Loss 2.3013 Acc 0.1123 | Val Loss 2.3007 Acc 0.1129 AUC 0.5000 Pre 0.0113 Rec 0.1000
2026-08-30 08:57:39 | Diag logvar_q_mean=0.0132 logvar_q_clamp=0.0000 logvar_p_mean=0.0132 logvar_p_clamp=0.0000 kappa_log10=4.1769
2026-08-30 08:57:43 | Epoch  29/400 | Train Loss 2.3013 Acc 0.1123 | Val Loss 2.3008 Acc 0.1129 AUC 0.5000 Pre 0.0113 Rec 0.1000
2026-08-30 08:57:44 | Diag logvar_q_mean=0.0132 logvar_q_clamp=0.0000 logvar_p_mean=0.0132 logvar_p_clamp=0.0000 kappa_log10=4.1762
2026-08-30 08:57:48 | Epoch  30/400 | Train Loss 2.3013 Acc 0.1123 | Val Loss 2.3007 Acc 0.1129 AUC 0.5000 Pre 0.0113 Rec 0.1000
2026-08-30 08:57:48 | Diag logvar_q_mean=0.0132 logvar_q_clamp=0.0000 logvar_p_mean=0.0132 logvar_p_clamp=0.0000 kappa_log10=4.1763
2026-08-30 08:57:52 | Epoch  31/400 | Train Loss 2.3013 Acc 0.1123 | Val Loss 2.3008 Acc 0.1129 AUC 0.5000 Pre 0.0113 Rec 0.1000
2026-08-30 08:57:53 | Diag logvar_q_mean=0.0132 logvar_q_clamp=0.0000 logvar_p_mean=0.0132 logvar_p_clamp=0.0000 kappa_log10=4.1763
2026-08-30 08:57:57 | Epoch  32/400 | Train Loss 2.3013 Acc 0.1123 | Val Loss 2.3007 Acc 0.1129 AUC 0.5000 Pre 0.0113 Rec 0.1000
2026-08-30 08:57:57 | Diag logvar_q_mean=0.0132 logvar_q_clamp=0.0000 logvar_p_mean=0.0132 logvar_p_clamp=0.0000 kappa_log10=4.1767
2026-08-30 08:58:02 | Epoch  33/400 | Train Loss 2.3013 Acc 0.1123 | Val Loss 2.3007 Acc 0.1129 AUC 0.5000 Pre 0.0113 Rec 0.1000
2026-08-30 08:58:02 | Diag logvar_q_mean=0.0132 logvar_q_clamp=0.0000 logvar_p_mean=0.0132 logvar_p_clamp=0.0000 kappa_log10=4.1765
2026-08-30 08:58:06 | Epoch  34/400 | Train Loss 2.3013 Acc 0.1123 | Val Loss 2.3007 Acc 0.1129 AUC 0.5000 Pre 0.0113 Rec 0.1000
2026-08-30 08:58:07 | Diag logvar_q_mean=0.0132 logvar_q_clamp=0.0000 logvar_p_mean=0.0132 logvar_p_clamp=0.0000 kappa_log10=4.1777
2026-08-30 08:58:11 | Epoch  35/400 | Train Loss 2.3013 Acc 0.1123 | Val Loss 2.3007 Acc 0.1129 AUC 0.5000 Pre 0.0113 Rec 0.1000
2026-08-30 08:58:11 | Diag logvar_q_mean=0.0132 logvar_q_clamp=0.0000 logvar_p_mean=0.0132 logvar_p_clamp=0.0000 kappa_log10=4.1781
2026-08-30 08:58:15 | Epoch  36/400 | Train Loss 2.3013 Acc 0.1123 | Val Loss 2.3008 Acc 0.1129 AUC 0.5000 Pre 0.0113 Rec 0.1000
2026-08-30 08:58:16 | Diag logvar_q_mean=0.0132 logvar_q_clamp=0.0000 logvar_p_mean=0.0132 logvar_p_clamp=0.0000 kappa_log10=4.1785
2026-08-30 08:58:20 | Epoch  37/400 | Train Loss 2.3013 Acc 0.1123 | Val Loss 2.3008 Acc 0.1129 AUC 0.5000 Pre 0.0113 Rec 0.1000
2026-08-30 08:58:21 | Diag logvar_q_mean=0.0132 logvar_q_clamp=0.0000 logvar_p_mean=0.0132 logvar_p_clamp=0.0000 kappa_log10=4.1429
2026-08-30 08:58:24 | Epoch  38/400 | Train Loss 2.3013 Acc 0.1123 | Val Loss 2.3008 Acc 0.1129 AUC 0.5000 Pre 0.0113 Rec 0.1000
2026-08-30 08:58:25 | Diag logvar_q_mean=0.0132 logvar_q_clamp=0.0000 logvar_p_mean=0.0132 logvar_p_clamp=0.0000 kappa_log10=4.1426
2026-08-30 08:58:29 | Epoch  39/400 | Train Loss 2.3013 Acc 0.1123 | Val Loss 2.3008 Acc 0.1129 AUC 0.5000 Pre 0.0113 Rec 0.1000
2026-08-30 08:58:30 | Diag logvar_q_mean=0.0132 logvar_q_clamp=0.0000 logvar_p_mean=0.0132 logvar_p_clamp=0.0000 kappa_log10=4.1453
2026-08-30 08:58:34 | Epoch  40/400 | Train Loss 2.3013 Acc 0.1123 | Val Loss 2.3007 Acc 0.1129 AUC 0.5000 Pre 0.0113 Rec 0.1000
2026-08-30 08:58:34 | Diag logvar_q_mean=0.0132 logvar_q_clamp=0.0000 logvar_p_mean=0.0132 logvar_p_clamp=0.0000 kappa_log10=4.1453
2026-08-30 08:58:38 | Epoch  41/400 | Train Loss 2.3013 Acc 0.1123 | Val Loss 2.3007 Acc 0.1129 AUC 0.5000 Pre 0.0113 Rec 0.1000
2026-08-30 08:58:39 | Diag logvar_q_mean=0.0132 logvar_q_clamp=0.0000 logvar_p_mean=0.0132 logvar_p_clamp=0.0000 kappa_log10=4.1453
2026-08-30 08:58:43 | Epoch  42/400 | Train Loss 2.3013 Acc 0.1123 | Val Loss 2.3007 Acc 0.1129 AUC 0.5000 Pre 0.0113 Rec 0.1000
2026-08-30 08:58:43 | Diag logvar_q_mean=0.0132 logvar_q_clamp=0.0000 logvar_p_mean=0.0132 logvar_p_clamp=0.0000 kappa_log10=4.1483
2026-08-30 08:58:47 | Epoch  43/400 | Train Loss 2.3013 Acc 0.1123 | Val Loss 2.3008 Acc 0.1129 AUC 0.5000 Pre 0.0113 Rec 0.1000
2026-08-30 08:58:48 | Diag logvar_q_mean=0.0132 logvar_q_clamp=0.0000 logvar_p_mean=0.0132 logvar_p_clamp=0.0000 kappa_log10=4.1314
2026-08-30 08:58:52 | Epoch  44/400 | Train Loss 2.3013 Acc 0.1123 | Val Loss 2.3007 Acc 0.1129 AUC 0.5000 Pre 0.0113 Rec 0.1000
2026-08-30 08:58:53 | Diag logvar_q_mean=0.0132 logvar_q_clamp=0.0000 logvar_p_mean=0.0132 logvar_p_clamp=0.0000 kappa_log10=4.1477
2026-08-30 08:58:56 | Epoch  45/400 | Train Loss 2.3013 Acc 0.1123 | Val Loss 2.3008 Acc 0.1129 AUC 0.5000 Pre 0.0113 Rec 0.1000
2026-08-30 08:58:57 | Diag logvar_q_mean=0.0132 logvar_q_clamp=0.0000 logvar_p_mean=0.0132 logvar_p_clamp=0.0000 kappa_log10=4.1505
2026-08-30 08:59:01 | Epoch  46/400 | Train Loss 2.3013 Acc 0.1123 | Val Loss 2.3007 Acc 0.1129 AUC 0.5000 Pre 0.0113 Rec 0.1000
2026-08-30 08:59:02 | Diag logvar_q_mean=0.0132 logvar_q_clamp=0.0000 logvar_p_mean=0.0132 logvar_p_clamp=0.0000 kappa_log10=4.1504
2026-08-30 08:59:06 | Epoch  47/400 | Train Loss 2.3013 Acc 0.1123 | Val Loss 2.3008 Acc 0.1129 AUC 0.5000 Pre 0.0113 Rec 0.1000
2026-08-30 08:59:06 | Diag logvar_q_mean=0.0132 logvar_q_clamp=0.0000 logvar_p_mean=0.0132 logvar_p_clamp=0.0000 kappa_log10=4.1504
2026-08-30 08:59:10 | Epoch  48/400 | Train Loss 2.3013 Acc 0.1123 | Val Loss 2.3007 Acc 0.1129 AUC 0.5000 Pre 0.0113 Rec 0.1000
2026-08-30 08:59:11 | Diag logvar_q_mean=0.0132 logvar_q_clamp=0.0000 logvar_p_mean=0.0132 logvar_p_clamp=0.0000 kappa_log10=4.1561
2026-08-30 08:59:15 | Epoch  49/400 | Train Loss 2.3013 Acc 0.1123 | Val Loss 2.3008 Acc 0.1129 AUC 0.5000 Pre 0.0113 Rec 0.1000
2026-08-30 08:59:15 | Diag logvar_q_mean=0.0132 logvar_q_clamp=0.0000 logvar_p_mean=0.0132 logvar_p_clamp=0.0000 kappa_log10=4.1638
2026-08-30 08:59:19 | Epoch  50/400 | Train Loss 2.3013 Acc 0.1123 | Val Loss 2.3007 Acc 0.1129 AUC 0.5000 Pre 0.0113 Rec 0.1000
2026-08-30 08:59:20 | Diag logvar_q_mean=0.0132 logvar_q_clamp=0.0000 logvar_p_mean=0.0132 logvar_p_clamp=0.0000 kappa_log10=4.1696
2026-08-30 08:59:24 | Epoch  51/400 | Train Loss 2.3013 Acc 0.1123 | Val Loss 2.3007 Acc 0.1129 AUC 0.5000 Pre 0.0113 Rec 0.1000
2026-08-30 08:59:25 | Diag logvar_q_mean=0.0132 logvar_q_clamp=0.0000 logvar_p_mean=0.0132 logvar_p_clamp=0.0000 kappa_log10=4.1893
2026-08-30 08:59:29 | Epoch  52/400 | Train Loss 2.3013 Acc 0.1123 | Val Loss 2.3008 Acc 0.1129 AUC 0.5000 Pre 0.0113 Rec 0.1000
2026-08-30 08:59:29 | Diag logvar_q_mean=0.0132 logvar_q_clamp=0.0000 logvar_p_mean=0.0132 logvar_p_clamp=0.0000 kappa_log10=4.1888
2026-08-30 08:59:33 | Epoch  53/400 | Train Loss 2.3013 Acc 0.1123 | Val Loss 2.3007 Acc 0.1129 AUC 0.5000 Pre 0.0113 Rec 0.1000
2026-08-30 08:59:34 | Diag logvar_q_mean=0.0132 logvar_q_clamp=0.0000 logvar_p_mean=0.0132 logvar_p_clamp=0.0000 kappa_log10=4.1766
2026-08-30 08:59:38 | Epoch  54/400 | Train Loss 2.3013 Acc 0.1123 | Val Loss 2.3008 Acc 0.1129 AUC 0.5000 Pre 0.0113 Rec 0.1000
2026-08-30 08:59:39 | Diag logvar_q_mean=0.0132 logvar_q_clamp=0.0000 logvar_p_mean=0.0132 logvar_p_clamp=0.0000 kappa_log10=4.1752
2026-08-30 08:59:43 | Epoch  55/400 | Train Loss 2.3013 Acc 0.1123 | Val Loss 2.3007 Acc 0.1129 AUC 0.5000 Pre 0.0113 Rec 0.1000
2026-08-30 08:59:43 | Diag logvar_q_mean=0.0132 logvar_q_clamp=0.0000 logvar_p_mean=0.0132 logvar_p_clamp=0.0000 kappa_log10=4.1752
2026-08-30 08:59:47 | Epoch  56/400 | Train Loss 2.3013 Acc 0.1123 | Val Loss 2.3007 Acc 0.1129 AUC 0.5000 Pre 0.0113 Rec 0.1000
2026-08-30 08:59:48 | Diag logvar_q_mean=0.0132 logvar_q_clamp=0.0000 logvar_p_mean=0.0132 logvar_p_clamp=0.0000 kappa_log10=4.1723
2026-08-30 08:59:52 | Epoch  57/400 | Train Loss 2.3013 Acc 0.1123 | Val Loss 2.3008 Acc 0.1129 AUC 0.5000 Pre 0.0113 Rec 0.1000
2026-08-30 08:59:52 | Diag logvar_q_mean=0.0132 logvar_q_clamp=0.0000 logvar_p_mean=0.0132 logvar_p_clamp=0.0000 kappa_log10=4.1737
2026-08-30 08:59:56 | Epoch  58/400 | Train Loss 2.3013 Acc 0.1123 | Val Loss 2.3008 Acc 0.1129 AUC 0.5000 Pre 0.0113 Rec 0.1000
2026-08-30 08:59:57 | Diag logvar_q_mean=0.0132 logvar_q_clamp=0.0000 logvar_p_mean=0.0132 logvar_p_clamp=0.0000 kappa_log10=4.1594
2026-08-30 09:00:01 | Epoch  59/400 | Train Loss 2.3013 Acc 0.1123 | Val Loss 2.3008 Acc 0.1129 AUC 0.5000 Pre 0.0113 Rec 0.1000
2026-08-30 09:00:02 | Diag logvar_q_mean=0.0132 logvar_q_clamp=0.0000 logvar_p_mean=0.0132 logvar_p_clamp=0.0000 kappa_log10=4.1593
2026-08-30 09:00:05 | Epoch  60/400 | Train Loss 2.3013 Acc 0.1123 | Val Loss 2.3007 Acc 0.1129 AUC 0.5000 Pre 0.0113 Rec 0.1000
2026-08-30 09:00:06 | Diag logvar_q_mean=0.0132 logvar_q_clamp=0.0000 logvar_p_mean=0.0132 logvar_p_clamp=0.0000 kappa_log10=4.1593
2026-08-30 09:00:10 | Epoch  61/400 | Train Loss 2.3013 Acc 0.1123 | Val Loss 2.3008 Acc 0.1129 AUC 0.5000 Pre 0.0113 Rec 0.1000
2026-08-30 09:00:11 | Diag logvar_q_mean=0.0132 logvar_q_clamp=0.0000 logvar_p_mean=0.0132 logvar_p_clamp=0.0000 kappa_log10=4.1593
2026-08-30 09:00:15 | Epoch  62/400 | Train Loss 2.3013 Acc 0.1123 | Val Loss 2.3008 Acc 0.1129 AUC 0.5000 Pre 0.0113 Rec 0.1000
2026-08-30 09:00:15 | Diag logvar_q_mean=0.0132 logvar_q_clamp=0.0000 logvar_p_mean=0.0132 logvar_p_clamp=0.0000 kappa_log10=4.1593
2026-08-30 09:00:19 | Epoch  63/400 | Train Loss 2.3013 Acc 0.1123 | Val Loss 2.3008 Acc 0.1129 AUC 0.5000 Pre 0.0113 Rec 0.1000
2026-08-30 09:00:20 | Diag logvar_q_mean=0.0132 logvar_q_clamp=0.0000 logvar_p_mean=0.0132 logvar_p_clamp=0.0000 kappa_log10=4.1593
2026-08-30 09:00:24 | Epoch  64/400 | Train Loss 2.3013 Acc 0.1123 | Val Loss 2.3007 Acc 0.1129 AUC 0.5000 Pre 0.0113 Rec 0.1000
2026-08-30 09:00:24 | Diag logvar_q_mean=0.0132 logvar_q_clamp=0.0000 logvar_p_mean=0.0132 logvar_p_clamp=0.0000 kappa_log10=4.1593
2026-08-30 09:00:28 | Epoch  65/400 | Train Loss 2.3013 Acc 0.1123 | Val Loss 2.3007 Acc 0.1129 AUC 0.5000 Pre 0.0113 Rec 0.1000
2026-08-30 09:00:29 | Diag logvar_q_mean=0.0132 logvar_q_clamp=0.0000 logvar_p_mean=0.0132 logvar_p_clamp=0.0000 kappa_log10=4.1591
2026-08-30 09:00:33 | Epoch  66/400 | Train Loss 2.3013 Acc 0.1123 | Val Loss 2.3008 Acc 0.1129 AUC 0.5000 Pre 0.0113 Rec 0.1000
2026-08-30 09:00:33 | Diag logvar_q_mean=0.0132 logvar_q_clamp=0.0000 logvar_p_mean=0.0132 logvar_p_clamp=0.0000 kappa_log10=4.1588
2026-08-30 09:00:37 | Epoch  67/400 | Train Loss 2.3013 Acc 0.1123 | Val Loss 2.3007 Acc 0.1129 AUC 0.5000 Pre 0.0113 Rec 0.1000
2026-08-30 09:00:38 | Diag logvar_q_mean=0.0132 logvar_q_clamp=0.0000 logvar_p_mean=0.0132 logvar_p_clamp=0.0000 kappa_log10=4.1589
2026-08-30 09:00:42 | Epoch  68/400 | Train Loss 2.3013 Acc 0.1123 | Val Loss 2.3008 Acc 0.1129 AUC 0.5000 Pre 0.0113 Rec 0.1000
2026-08-30 09:00:43 | Diag logvar_q_mean=0.0132 logvar_q_clamp=0.0000 logvar_p_mean=0.0132 logvar_p_clamp=0.0000 kappa_log10=4.1606
2026-08-30 09:00:47 | Epoch  69/400 | Train Loss 2.3013 Acc 0.1123 | Val Loss 2.3007 Acc 0.1129 AUC 0.5000 Pre 0.0113 Rec 0.1000
2026-08-30 09:00:47 | Diag logvar_q_mean=0.0132 logvar_q_clamp=0.0000 logvar_p_mean=0.0132 logvar_p_clamp=0.0000 kappa_log10=4.1607
2026-08-30 09:00:51 | Epoch  70/400 | Train Loss 2.3013 Acc 0.1123 | Val Loss 2.3007 Acc 0.1129 AUC 0.5000 Pre 0.0113 Rec 0.1000
2026-08-30 09:00:52 | Diag logvar_q_mean=0.0132 logvar_q_clamp=0.0000 logvar_p_mean=0.0132 logvar_p_clamp=0.0000 kappa_log10=4.1607
2026-08-30 09:00:56 | Epoch  71/400 | Train Loss 2.3013 Acc 0.1123 | Val Loss 2.3007 Acc 0.1129 AUC 0.5000 Pre 0.0113 Rec 0.1000
2026-08-30 09:00:56 | Diag logvar_q_mean=0.0132 logvar_q_clamp=0.0000 logvar_p_mean=0.0132 logvar_p_clamp=0.0000 kappa_log10=4.1607
2026-08-30 09:01:00 | Epoch  72/400 | Train Loss 2.3013 Acc 0.1123 | Val Loss 2.3007 Acc 0.1129 AUC 0.5000 Pre 0.0113 Rec 0.1000
2026-08-30 09:01:01 | Diag logvar_q_mean=0.0132 logvar_q_clamp=0.0000 logvar_p_mean=0.0133 logvar_p_clamp=0.0000 kappa_log10=4.4061
2026-08-30 09:01:05 | Epoch  73/400 | Train Loss 2.3013 Acc 0.1123 | Val Loss 2.3008 Acc 0.1129 AUC 0.5000 Pre 0.0113 Rec 0.1000
2026-08-30 09:01:05 | Diag logvar_q_mean=0.0132 logvar_q_clamp=0.0000 logvar_p_mean=0.0132 logvar_p_clamp=0.0000 kappa_log10=4.4252
2026-08-30 09:01:10 | Epoch  74/400 | Train Loss 2.3013 Acc 0.1123 | Val Loss 2.3007 Acc 0.1129 AUC 0.5000 Pre 0.0113 Rec 0.1000
2026-08-30 09:01:11 | Diag logvar_q_mean=0.0132 logvar_q_clamp=0.0000 logvar_p_mean=0.0133 logvar_p_clamp=0.0000 kappa_log10=4.5518
2026-08-30 09:01:15 | Epoch  75/400 | Train Loss 2.3013 Acc 0.1123 | Val Loss 2.3007 Acc 0.1129 AUC 0.5000 Pre 0.0113 Rec 0.1000
2026-08-30 09:01:15 | Diag logvar_q_mean=0.0132 logvar_q_clamp=0.0000 logvar_p_mean=0.0133 logvar_p_clamp=0.0000 kappa_log10=4.4107
2026-08-30 09:01:19 | Epoch  76/400 | Train Loss 2.3013 Acc 0.1123 | Val Loss 2.3008 Acc 0.1129 AUC 0.5000 Pre 0.0113 Rec 0.1000
2026-08-30 09:01:20 | Diag logvar_q_mean=0.0132 logvar_q_clamp=0.0000 logvar_p_mean=0.0133 logvar_p_clamp=0.0000 kappa_log10=4.4108
2026-08-30 09:01:24 | Epoch  77/400 | Train Loss 2.3013 Acc 0.1123 | Val Loss 2.3007 Acc 0.1129 AUC 0.5000 Pre 0.0113 Rec 0.1000
2026-08-30 09:01:25 | Diag logvar_q_mean=0.0132 logvar_q_clamp=0.0000 logvar_p_mean=0.0133 logvar_p_clamp=0.0000 kappa_log10=4.4249
2026-08-30 09:01:29 | Epoch  78/400 | Train Loss 2.3013 Acc 0.1123 | Val Loss 2.3007 Acc 0.1129 AUC 0.5000 Pre 0.0113 Rec 0.1000
2026-08-30 09:01:29 | Diag logvar_q_mean=0.0133 logvar_q_clamp=0.0000 logvar_p_mean=0.0133 logvar_p_clamp=0.0000 kappa_log10=4.4247
2026-08-30 09:01:33 | Epoch  79/400 | Train Loss 2.3013 Acc 0.1123 | Val Loss 2.3008 Acc 0.1129 AUC 0.5000 Pre 0.0113 Rec 0.1000
2026-08-30 09:01:34 | Diag logvar_q_mean=0.0133 logvar_q_clamp=0.0000 logvar_p_mean=0.0133 logvar_p_clamp=0.0000 kappa_log10=4.4247
2026-08-30 09:01:38 | Epoch  80/400 | Train Loss 2.3013 Acc 0.1123 | Val Loss 2.3007 Acc 0.1129 AUC 0.5000 Pre 0.0113 Rec 0.1000
2026-08-30 09:01:38 | Diag logvar_q_mean=0.0133 logvar_q_clamp=0.0000 logvar_p_mean=0.0133 logvar_p_clamp=0.0000 kappa_log10=4.4248
2026-08-30 09:01:42 | Epoch  81/400 | Train Loss 2.3013 Acc 0.1123 | Val Loss 2.3007 Acc 0.1129 AUC 0.5000 Pre 0.0113 Rec 0.1000
2026-08-30 09:01:43 | Diag logvar_q_mean=0.0133 logvar_q_clamp=0.0000 logvar_p_mean=0.0133 logvar_p_clamp=0.0000 kappa_log10=4.4224
2026-08-30 09:01:47 | Epoch  82/400 | Train Loss 2.3013 Acc 0.1123 | Val Loss 2.3008 Acc 0.1129 AUC 0.5000 Pre 0.0113 Rec 0.1000
2026-08-30 09:01:47 | Diag logvar_q_mean=0.0133 logvar_q_clamp=0.0000 logvar_p_mean=0.0133 logvar_p_clamp=0.0000 kappa_log10=4.4088
2026-08-30 09:01:51 | Epoch  83/400 | Train Loss 2.3013 Acc 0.1123 | Val Loss 2.3008 Acc 0.1129 AUC 0.5000 Pre 0.0113 Rec 0.1000
2026-08-30 09:01:52 | Diag logvar_q_mean=0.0133 logvar_q_clamp=0.0000 logvar_p_mean=0.0133 logvar_p_clamp=0.0000 kappa_log10=4.3708
2026-08-30 09:01:56 | Epoch  84/400 | Train Loss 2.3013 Acc 0.1123 | Val Loss 2.3008 Acc 0.1129 AUC 0.5000 Pre 0.0113 Rec 0.1000
2026-08-30 09:01:56 | Diag logvar_q_mean=0.0133 logvar_q_clamp=0.0000 logvar_p_mean=0.0133 logvar_p_clamp=0.0000 kappa_log10=4.3713
2026-08-30 09:02:00 | Epoch  85/400 | Train Loss 2.3013 Acc 0.1123 | Val Loss 2.3007 Acc 0.1129 AUC 0.5000 Pre 0.0113 Rec 0.1000
2026-08-30 09:02:01 | Diag logvar_q_mean=0.0133 logvar_q_clamp=0.0000 logvar_p_mean=0.0133 logvar_p_clamp=0.0000 kappa_log10=4.3026
2026-08-30 09:02:05 | Epoch  86/400 | Train Loss 2.3013 Acc 0.1123 | Val Loss 2.3007 Acc 0.1129 AUC 0.5000 Pre 0.0113 Rec 0.1000
2026-08-30 09:02:05 | Diag logvar_q_mean=0.0133 logvar_q_clamp=0.0000 logvar_p_mean=0.0133 logvar_p_clamp=0.0000 kappa_log10=4.2983
2026-08-30 09:02:09 | Epoch  87/400 | Train Loss 2.3013 Acc 0.1123 | Val Loss 2.3008 Acc 0.1129 AUC 0.5000 Pre 0.0113 Rec 0.1000
2026-08-30 09:02:10 | Diag logvar_q_mean=0.0133 logvar_q_clamp=0.0000 logvar_p_mean=0.0133 logvar_p_clamp=0.0000 kappa_log10=4.2983
2026-08-30 09:02:14 | Epoch  88/400 | Train Loss 2.3013 Acc 0.1123 | Val Loss 2.3008 Acc 0.1129 AUC 0.5000 Pre 0.0113 Rec 0.1000
2026-08-30 09:02:15 | Diag logvar_q_mean=0.0133 logvar_q_clamp=0.0000 logvar_p_mean=0.0133 logvar_p_clamp=0.0000 kappa_log10=4.2983
2026-08-30 09:02:18 | Epoch  89/400 | Train Loss 2.3013 Acc 0.1123 | Val Loss 2.3007 Acc 0.1129 AUC 0.5000 Pre 0.0113 Rec 0.1000
2026-08-30 09:02:19 | Diag logvar_q_mean=0.0133 logvar_q_clamp=0.0000 logvar_p_mean=0.0133 logvar_p_clamp=0.0000 kappa_log10=4.2983
2026-08-30 09:02:23 | Epoch  90/400 | Train Loss 2.3013 Acc 0.1123 | Val Loss 2.3008 Acc 0.1129 AUC 0.5000 Pre 0.0113 Rec 0.1000
2026-08-30 09:02:24 | Diag logvar_q_mean=0.0133 logvar_q_clamp=0.0000 logvar_p_mean=0.0133 logvar_p_clamp=0.0000 kappa_log10=4.2983
2026-08-30 09:02:27 | Epoch  91/400 | Train Loss 2.3013 Acc 0.1123 | Val Loss 2.3007 Acc 0.1129 AUC 0.5000 Pre 0.0113 Rec 0.1000
2026-08-30 09:02:28 | Diag logvar_q_mean=0.0133 logvar_q_clamp=0.0000 logvar_p_mean=0.0133 logvar_p_clamp=0.0000 kappa_log10=4.2983
2026-08-30 09:02:32 | Epoch  92/400 | Train Loss 2.3013 Acc 0.1123 | Val Loss 2.3008 Acc 0.1129 AUC 0.5000 Pre 0.0113 Rec 0.1000
2026-08-30 09:02:33 | Diag logvar_q_mean=0.0133 logvar_q_clamp=0.0000 logvar_p_mean=0.0133 logvar_p_clamp=0.0000 kappa_log10=4.2983
2026-08-30 09:02:37 | Epoch  93/400 | Train Loss 2.3013 Acc 0.1123 | Val Loss 2.3008 Acc 0.1129 AUC 0.5000 Pre 0.0113 Rec 0.1000
2026-08-30 09:02:37 | Diag logvar_q_mean=0.0133 logvar_q_clamp=0.0000 logvar_p_mean=0.0133 logvar_p_clamp=0.0000 kappa_log10=4.3168
2026-08-30 09:02:41 | Epoch  94/400 | Train Loss 2.3013 Acc 0.1123 | Val Loss 2.3008 Acc 0.1129 AUC 0.5000 Pre 0.0113 Rec 0.1000
2026-08-30 09:02:42 | Diag logvar_q_mean=0.0133 logvar_q_clamp=0.0000 logvar_p_mean=0.0133 logvar_p_clamp=0.0000 kappa_log10=4.3170
2026-08-30 09:02:46 | Epoch  95/400 | Train Loss 2.3013 Acc 0.1123 | Val Loss 2.3008 Acc 0.1129 AUC 0.5000 Pre 0.0113 Rec 0.1000
2026-08-30 09:02:46 | Diag logvar_q_mean=0.0133 logvar_q_clamp=0.0000 logvar_p_mean=0.0133 logvar_p_clamp=0.0000 kappa_log10=4.3128
2026-08-30 09:02:50 | Epoch  96/400 | Train Loss 2.3013 Acc 0.1123 | Val Loss 2.3008 Acc 0.1129 AUC 0.5000 Pre 0.0113 Rec 0.1000
2026-08-30 09:02:51 | Diag logvar_q_mean=0.0133 logvar_q_clamp=0.0000 logvar_p_mean=0.0133 logvar_p_clamp=0.0000 kappa_log10=4.3388
2026-08-30 09:02:55 | Epoch  97/400 | Train Loss 2.3013 Acc 0.1123 | Val Loss 2.3008 Acc 0.1129 AUC 0.5000 Pre 0.0113 Rec 0.1000
2026-08-30 09:02:56 | Diag logvar_q_mean=0.0133 logvar_q_clamp=0.0000 logvar_p_mean=0.0133 logvar_p_clamp=0.0000 kappa_log10=4.3390
2026-08-30 09:03:00 | Epoch  98/400 | Train Loss 2.3013 Acc 0.1123 | Val Loss 2.3008 Acc 0.1129 AUC 0.5000 Pre 0.0113 Rec 0.1000
2026-08-30 09:03:00 | Diag logvar_q_mean=0.0133 logvar_q_clamp=0.0000 logvar_p_mean=0.0133 logvar_p_clamp=0.0000 kappa_log10=4.3390
2026-08-30 09:03:04 | Epoch  99/400 | Train Loss 2.3013 Acc 0.1123 | Val Loss 2.3008 Acc 0.1129 AUC 0.5000 Pre 0.0113 Rec 0.1000
2026-08-30 09:03:05 | Diag logvar_q_mean=0.0133 logvar_q_clamp=0.0000 logvar_p_mean=0.0133 logvar_p_clamp=0.0000 kappa_log10=4.2480
2026-08-30 09:03:09 | Epoch 100/400 | Train Loss 2.3013 Acc 0.1123 | Val Loss 2.3007 Acc 0.1129 AUC 0.5000 Pre 0.0113 Rec 0.1000
2026-08-30 09:03:09 | Diag logvar_q_mean=0.0133 logvar_q_clamp=0.0000 logvar_p_mean=0.0133 logvar_p_clamp=0.0000 kappa_log10=4.2880
2026-08-30 09:03:13 | Epoch 101/400 | Train Loss 2.3013 Acc 0.1123 | Val Loss 2.3008 Acc 0.1129 AUC 0.5000 Pre 0.0113 Rec 0.1000
2026-08-30 09:03:14 | Diag logvar_q_mean=0.0133 logvar_q_clamp=0.0000 logvar_p_mean=0.0133 logvar_p_clamp=0.0000 kappa_log10=4.3142
2026-08-30 09:03:18 | Epoch 102/400 | Train Loss 2.3016 Acc 0.1123 | Val Loss 2.3008 Acc 0.1129 AUC 0.5000 Pre 0.0113 Rec 0.1000
2026-08-30 09:03:19 | Diag logvar_q_mean=0.0135 logvar_q_clamp=0.0000 logvar_p_mean=0.0135 logvar_p_clamp=0.0000 kappa_log10=2.5236
2026-08-30 09:03:23 | Epoch 103/400 | Train Loss 2.3013 Acc 0.1123 | Val Loss 2.3008 Acc 0.1129 AUC 0.5000 Pre 0.0113 Rec 0.1000
2026-08-30 09:03:23 | Diag logvar_q_mean=0.0135 logvar_q_clamp=0.0000 logvar_p_mean=0.0136 logvar_p_clamp=0.0000 kappa_log10=2.5428
2026-08-30 09:03:27 | Epoch 104/400 | Train Loss 2.3015 Acc 0.1123 | Val Loss 2.3008 Acc 0.1129 AUC 0.5000 Pre 0.0113 Rec 0.1000
2026-08-30 09:03:28 | Diag logvar_q_mean=0.0136 logvar_q_clamp=0.0000 logvar_p_mean=0.0136 logvar_p_clamp=0.0000 kappa_log10=3.4151
2026-08-30 09:03:32 | Epoch 105/400 | Train Loss 2.3013 Acc 0.1123 | Val Loss 2.3007 Acc 0.1129 AUC 0.5000 Pre 0.0113 Rec 0.1000
2026-08-30 09:03:33 | Diag logvar_q_mean=0.0136 logvar_q_clamp=0.0000 logvar_p_mean=0.0136 logvar_p_clamp=0.0000 kappa_log10=3.1617
2026-08-30 09:03:37 | Epoch 106/400 | Train Loss 2.3013 Acc 0.1123 | Val Loss 2.3008 Acc 0.1129 AUC 0.5000 Pre 0.0113 Rec 0.1000
2026-08-30 09:03:37 | Diag logvar_q_mean=0.0136 logvar_q_clamp=0.0000 logvar_p_mean=0.0136 logvar_p_clamp=0.0000 kappa_log10=3.1688
2026-08-30 09:03:41 | Epoch 107/400 | Train Loss 2.3013 Acc 0.1123 | Val Loss 2.3008 Acc 0.1129 AUC 0.5000 Pre 0.0113 Rec 0.1000
2026-08-30 09:03:42 | Diag logvar_q_mean=0.0137 logvar_q_clamp=0.0000 logvar_p_mean=0.0136 logvar_p_clamp=0.0000 kappa_log10=3.1688
2026-08-30 09:03:46 | Epoch 108/400 | Train Loss 2.3013 Acc 0.1123 | Val Loss 2.3008 Acc 0.1129 AUC 0.5000 Pre 0.0113 Rec 0.1000
2026-08-30 09:03:46 | Diag logvar_q_mean=0.0136 logvar_q_clamp=0.0000 logvar_p_mean=0.0136 logvar_p_clamp=0.0000 kappa_log10=3.1688
2026-08-30 09:03:50 | Epoch 109/400 | Train Loss 2.3013 Acc 0.1123 | Val Loss 2.3008 Acc 0.1129 AUC 0.5000 Pre 0.0113 Rec 0.1000
2026-08-30 09:03:51 | Diag logvar_q_mean=0.0137 logvar_q_clamp=0.0000 logvar_p_mean=0.0136 logvar_p_clamp=0.0000 kappa_log10=3.1715
2026-08-30 09:03:55 | Epoch 110/400 | Train Loss 2.3013 Acc 0.1123 | Val Loss 2.3007 Acc 0.1129 AUC 0.5000 Pre 0.0113 Rec 0.1000
2026-08-30 09:03:56 | Diag logvar_q_mean=0.0137 logvar_q_clamp=0.0000 logvar_p_mean=0.0137 logvar_p_clamp=0.0000 kappa_log10=3.2383
2026-08-30 09:04:00 | Epoch 111/400 | Train Loss 2.3013 Acc 0.1123 | Val Loss 2.3008 Acc 0.1129 AUC 0.5000 Pre 0.0113 Rec 0.1000
2026-08-30 09:04:00 | Diag logvar_q_mean=0.0137 logvar_q_clamp=0.0000 logvar_p_mean=0.0137 logvar_p_clamp=0.0000 kappa_log10=3.1448
2026-08-30 09:04:04 | Epoch 112/400 | Train Loss 2.3013 Acc 0.1123 | Val Loss 2.3008 Acc 0.1129 AUC 0.5000 Pre 0.0113 Rec 0.1000
2026-08-30 09:04:05 | Diag logvar_q_mean=0.0137 logvar_q_clamp=0.0000 logvar_p_mean=0.0137 logvar_p_clamp=0.0000 kappa_log10=3.1439
2026-08-30 09:04:09 | Epoch 113/400 | Train Loss 2.3013 Acc 0.1123 | Val Loss 2.3008 Acc 0.1129 AUC 0.5000 Pre 0.0113 Rec 0.1000
2026-08-30 09:04:09 | Diag logvar_q_mean=0.0137 logvar_q_clamp=0.0000 logvar_p_mean=0.0137 logvar_p_clamp=0.0000 kappa_log10=3.1439
2026-08-30 09:04:13 | Epoch 114/400 | Train Loss 2.3013 Acc 0.1123 | Val Loss 2.3008 Acc 0.1129 AUC 0.5000 Pre 0.0113 Rec 0.1000
2026-08-30 09:04:14 | Diag logvar_q_mean=0.0137 logvar_q_clamp=0.0000 logvar_p_mean=0.0137 logvar_p_clamp=0.0000 kappa_log10=3.1439
2026-08-30 09:04:18 | Epoch 115/400 | Train Loss 2.3013 Acc 0.1123 | Val Loss 2.3008 Acc 0.1129 AUC 0.5000 Pre 0.0113 Rec 0.1000
2026-08-30 09:04:18 | Diag logvar_q_mean=0.0137 logvar_q_clamp=0.0000 logvar_p_mean=0.0137 logvar_p_clamp=0.0000 kappa_log10=3.1439
2026-08-30 09:04:22 | Epoch 116/400 | Train Loss 2.3013 Acc 0.1123 | Val Loss 2.3007 Acc 0.1129 AUC 0.5000 Pre 0.0113 Rec 0.1000
2026-08-30 09:04:23 | Diag logvar_q_mean=0.0137 logvar_q_clamp=0.0000 logvar_p_mean=0.0137 logvar_p_clamp=0.0000 kappa_log10=3.1439
2026-08-30 09:04:27 | Epoch 117/400 | Train Loss 2.3013 Acc 0.1123 | Val Loss 2.3007 Acc 0.1129 AUC 0.5000 Pre 0.0113 Rec 0.1000
2026-08-30 09:04:28 | Diag logvar_q_mean=0.0137 logvar_q_clamp=0.0000 logvar_p_mean=0.0137 logvar_p_clamp=0.0000 kappa_log10=3.0509
2026-08-30 09:04:32 | Epoch 118/400 | Train Loss 2.3013 Acc 0.1123 | Val Loss 2.3008 Acc 0.1129 AUC 0.5000 Pre 0.0113 Rec 0.1000
2026-08-30 09:04:32 | Diag logvar_q_mean=0.0137 logvar_q_clamp=0.0000 logvar_p_mean=0.0137 logvar_p_clamp=0.0000 kappa_log10=3.0508
2026-08-30 09:04:36 | Epoch 119/400 | Train Loss 2.3013 Acc 0.1123 | Val Loss 2.3008 Acc 0.1129 AUC 0.5000 Pre 0.0113 Rec 0.1000
2026-08-30 09:04:37 | Diag logvar_q_mean=0.0137 logvar_q_clamp=0.0000 logvar_p_mean=0.0137 logvar_p_clamp=0.0000 kappa_log10=3.0508
2026-08-30 09:04:41 | Epoch 120/400 | Train Loss 2.3013 Acc 0.1123 | Val Loss 2.3008 Acc 0.1129 AUC 0.5000 Pre 0.0113 Rec 0.1000
2026-08-30 09:04:41 | Diag logvar_q_mean=0.0137 logvar_q_clamp=0.0000 logvar_p_mean=0.0137 logvar_p_clamp=0.0000 kappa_log10=3.0561
2026-08-30 09:04:45 | Epoch 121/400 | Train Loss 2.3013 Acc 0.1123 | Val Loss 2.3007 Acc 0.1129 AUC 0.5000 Pre 0.0113 Rec 0.1000
2026-08-30 09:04:46 | Diag logvar_q_mean=0.0137 logvar_q_clamp=0.0000 logvar_p_mean=0.0137 logvar_p_clamp=0.0000 kappa_log10=3.0564
2026-08-30 09:04:50 | Epoch 122/400 | Train Loss 2.3013 Acc 0.1123 | Val Loss 2.3008 Acc 0.1129 AUC 0.5000 Pre 0.0113 Rec 0.1000
2026-08-30 09:04:51 | Diag logvar_q_mean=0.0137 logvar_q_clamp=0.0000 logvar_p_mean=0.0137 logvar_p_clamp=0.0000 kappa_log10=3.0564
2026-08-30 09:04:55 | Epoch 123/400 | Train Loss 2.3013 Acc 0.1123 | Val Loss 2.3008 Acc 0.1129 AUC 0.5000 Pre 0.0113 Rec 0.1000
2026-08-30 09:04:55 | Diag logvar_q_mean=0.0137 logvar_q_clamp=0.0000 logvar_p_mean=0.0137 logvar_p_clamp=0.0000 kappa_log10=3.1479
2026-08-30 09:04:59 | Epoch 124/400 | Train Loss 2.3013 Acc 0.1123 | Val Loss 2.3008 Acc 0.1129 AUC 0.5000 Pre 0.0113 Rec 0.1000
2026-08-30 09:05:00 | Diag logvar_q_mean=0.0137 logvar_q_clamp=0.0000 logvar_p_mean=0.0137 logvar_p_clamp=0.0000 kappa_log10=2.8556
2026-08-30 09:05:04 | Epoch 125/400 | Train Loss 2.3013 Acc 0.1123 | Val Loss 2.3007 Acc 0.1129 AUC 0.5000 Pre 0.0113 Rec 0.1000
2026-08-30 09:05:04 | Diag logvar_q_mean=0.0138 logvar_q_clamp=0.0000 logvar_p_mean=0.0137 logvar_p_clamp=0.0000 kappa_log10=2.8533
2026-08-30 09:05:08 | Epoch 126/400 | Train Loss 2.3013 Acc 0.1123 | Val Loss 2.3008 Acc 0.1129 AUC 0.5000 Pre 0.0113 Rec 0.1000
2026-08-30 09:05:09 | Diag logvar_q_mean=0.0137 logvar_q_clamp=0.0000 logvar_p_mean=0.0138 logvar_p_clamp=0.0000 kappa_log10=2.8762
2026-08-30 09:05:13 | Epoch 127/400 | Train Loss 2.3013 Acc 0.1123 | Val Loss 2.3007 Acc 0.1129 AUC 0.5000 Pre 0.0113 Rec 0.1000
2026-08-30 09:05:13 | Diag logvar_q_mean=0.0138 logvar_q_clamp=0.0000 logvar_p_mean=0.0138 logvar_p_clamp=0.0000 kappa_log10=2.7522
2026-08-30 09:05:17 | Epoch 128/400 | Train Loss 2.3013 Acc 0.1123 | Val Loss 2.3008 Acc 0.1129 AUC 0.5000 Pre 0.0113 Rec 0.1000
2026-08-30 09:05:18 | Diag logvar_q_mean=0.0138 logvar_q_clamp=0.0000 logvar_p_mean=0.0138 logvar_p_clamp=0.0000 kappa_log10=2.7780
2026-08-30 09:05:22 | Epoch 129/400 | Train Loss 2.3013 Acc 0.1123 | Val Loss 2.3008 Acc 0.1129 AUC 0.5000 Pre 0.0113 Rec 0.1000
2026-08-30 09:05:22 | Diag logvar_q_mean=0.0138 logvar_q_clamp=0.0000 logvar_p_mean=0.0138 logvar_p_clamp=0.0000 kappa_log10=2.9857
2026-08-30 09:05:26 | Epoch 130/400 | Train Loss 2.3013 Acc 0.1123 | Val Loss 2.3008 Acc 0.1129 AUC 0.5000 Pre 0.0113 Rec 0.1000
2026-08-30 09:05:27 | Diag logvar_q_mean=0.0138 logvar_q_clamp=0.0000 logvar_p_mean=0.0138 logvar_p_clamp=0.0000 kappa_log10=2.9860
2026-08-30 09:05:31 | Epoch 131/400 | Train Loss 2.3013 Acc 0.1123 | Val Loss 2.3008 Acc 0.1129 AUC 0.5000 Pre 0.0113 Rec 0.1000
2026-08-30 09:05:32 | Diag logvar_q_mean=0.0138 logvar_q_clamp=0.0000 logvar_p_mean=0.0138 logvar_p_clamp=0.0000 kappa_log10=2.9860
2026-08-30 09:05:35 | Epoch 132/400 | Train Loss 2.3013 Acc 0.1123 | Val Loss 2.3007 Acc 0.1129 AUC 0.5000 Pre 0.0113 Rec 0.1000
2026-08-30 09:05:36 | Diag logvar_q_mean=0.0138 logvar_q_clamp=0.0000 logvar_p_mean=0.0138 logvar_p_clamp=0.0000 kappa_log10=2.9860
2026-08-30 09:05:40 | Epoch 133/400 | Train Loss 2.3013 Acc 0.1123 | Val Loss 2.3008 Acc 0.1129 AUC 0.5000 Pre 0.0113 Rec 0.1000
2026-08-30 09:05:41 | Diag logvar_q_mean=0.0138 logvar_q_clamp=0.0000 logvar_p_mean=0.0138 logvar_p_clamp=0.0000 kappa_log10=2.9860
2026-08-30 09:05:45 | Epoch 134/400 | Train Loss 2.3013 Acc 0.1123 | Val Loss 2.3007 Acc 0.1129 AUC 0.5000 Pre 0.0113 Rec 0.1000
2026-08-30 09:05:45 | Diag logvar_q_mean=0.0138 logvar_q_clamp=0.0000 logvar_p_mean=0.0138 logvar_p_clamp=0.0000 kappa_log10=2.9903
2026-08-30 09:05:49 | Epoch 135/400 | Train Loss 2.3013 Acc 0.1123 | Val Loss 2.3008 Acc 0.1129 AUC 0.5000 Pre 0.0113 Rec 0.1000
2026-08-30 09:05:50 | Diag logvar_q_mean=0.0138 logvar_q_clamp=0.0000 logvar_p_mean=0.0138 logvar_p_clamp=0.0000 kappa_log10=2.9913
2026-08-30 09:05:54 | Epoch 136/400 | Train Loss 2.3014 Acc 0.1123 | Val Loss 2.3008 Acc 0.1129 AUC 0.5000 Pre 0.0113 Rec 0.1000
2026-08-30 09:05:54 | Diag logvar_q_mean=0.0138 logvar_q_clamp=0.0000 logvar_p_mean=0.0138 logvar_p_clamp=0.0000 kappa_log10=2.8428
2026-08-30 09:05:58 | Epoch 137/400 | Train Loss 2.3013 Acc 0.1123 | Val Loss 2.3008 Acc 0.1129 AUC 0.5000 Pre 0.0113 Rec 0.1000
2026-08-30 09:05:59 | Diag logvar_q_mean=0.0138 logvar_q_clamp=0.0000 logvar_p_mean=0.0138 logvar_p_clamp=0.0000 kappa_log10=2.8474
2026-08-30 09:06:03 | Epoch 138/400 | Train Loss 2.3013 Acc 0.1123 | Val Loss 2.3008 Acc 0.1129 AUC 0.5000 Pre 0.0113 Rec 0.1000
2026-08-30 09:06:03 | Diag logvar_q_mean=0.0138 logvar_q_clamp=0.0000 logvar_p_mean=0.0138 logvar_p_clamp=0.0000 kappa_log10=2.8385
2026-08-30 09:06:07 | Epoch 139/400 | Train Loss 2.3013 Acc 0.1123 | Val Loss 2.3008 Acc 0.1129 AUC 0.5000 Pre 0.0113 Rec 0.1000
2026-08-30 09:06:08 | Diag logvar_q_mean=0.0138 logvar_q_clamp=0.0000 logvar_p_mean=0.0139 logvar_p_clamp=0.0000 kappa_log10=3.2547
2026-08-30 09:06:12 | Epoch 140/400 | Train Loss 2.3013 Acc 0.1123 | Val Loss 2.3007 Acc 0.1129 AUC 0.5000 Pre 0.0113 Rec 0.1000
2026-08-30 09:06:12 | Diag logvar_q_mean=0.0139 logvar_q_clamp=0.0000 logvar_p_mean=0.0139 logvar_p_clamp=0.0000 kappa_log10=3.2084
2026-08-30 09:06:16 | Epoch 141/400 | Train Loss 2.3013 Acc 0.1123 | Val Loss 2.3008 Acc 0.1129 AUC 0.5000 Pre 0.0113 Rec 0.1000
2026-08-30 09:06:17 | Diag logvar_q_mean=0.0139 logvar_q_clamp=0.0000 logvar_p_mean=0.0139 logvar_p_clamp=0.0000 kappa_log10=3.2082
2026-08-30 09:06:21 | Epoch 142/400 | Train Loss 2.3013 Acc 0.1123 | Val Loss 2.3008 Acc 0.1129 AUC 0.5000 Pre 0.0113 Rec 0.1000
2026-08-30 09:06:22 | Diag logvar_q_mean=0.0139 logvar_q_clamp=0.0000 logvar_p_mean=0.0139 logvar_p_clamp=0.0000 kappa_log10=3.1019
2026-08-30 09:06:26 | Epoch 143/400 | Train Loss 2.3013 Acc 0.1123 | Val Loss 2.3008 Acc 0.1129 AUC 0.5000 Pre 0.0113 Rec 0.1000
2026-08-30 09:06:26 | Diag logvar_q_mean=0.0139 logvar_q_clamp=0.0000 logvar_p_mean=0.0139 logvar_p_clamp=0.0000 kappa_log10=2.9421
2026-08-30 09:06:30 | Epoch 144/400 | Train Loss 2.3013 Acc 0.1123 | Val Loss 2.3008 Acc 0.1129 AUC 0.5000 Pre 0.0113 Rec 0.1000
2026-08-30 09:06:31 | Diag logvar_q_mean=0.0139 logvar_q_clamp=0.0000 logvar_p_mean=0.0139 logvar_p_clamp=0.0000 kappa_log10=2.9420
2026-08-30 09:06:35 | Epoch 145/400 | Train Loss 2.3013 Acc 0.1123 | Val Loss 2.3008 Acc 0.1129 AUC 0.5000 Pre 0.0113 Rec 0.1000
2026-08-30 09:06:35 | Diag logvar_q_mean=0.0139 logvar_q_clamp=0.0000 logvar_p_mean=0.0139 logvar_p_clamp=0.0000 kappa_log10=2.9420
2026-08-30 09:06:39 | Epoch 146/400 | Train Loss 2.3013 Acc 0.1123 | Val Loss 2.3008 Acc 0.1129 AUC 0.5000 Pre 0.0113 Rec 0.1000
2026-08-30 09:06:40 | Diag logvar_q_mean=0.0139 logvar_q_clamp=0.0000 logvar_p_mean=0.0139 logvar_p_clamp=0.0000 kappa_log10=2.9420
2026-08-30 09:06:44 | Epoch 147/400 | Train Loss 2.3013 Acc 0.1123 | Val Loss 2.3008 Acc 0.1129 AUC 0.5000 Pre 0.0113 Rec 0.1000
2026-08-30 09:06:45 | Diag logvar_q_mean=0.0139 logvar_q_clamp=0.0000 logvar_p_mean=0.0139 logvar_p_clamp=0.0000 kappa_log10=2.9420
2026-08-30 09:06:48 | Epoch 148/400 | Train Loss 2.3013 Acc 0.1123 | Val Loss 2.3008 Acc 0.1129 AUC 0.5000 Pre 0.0113 Rec 0.1000
2026-08-30 09:06:49 | Diag logvar_q_mean=0.0139 logvar_q_clamp=0.0000 logvar_p_mean=0.0139 logvar_p_clamp=0.0000 kappa_log10=2.9420
2026-08-30 09:06:53 | Epoch 149/400 | Train Loss 2.3013 Acc 0.1123 | Val Loss 2.3008 Acc 0.1129 AUC 0.5000 Pre 0.0113 Rec 0.1000
2026-08-30 09:06:54 | Diag logvar_q_mean=0.0139 logvar_q_clamp=0.0000 logvar_p_mean=0.0139 logvar_p_clamp=0.0000 kappa_log10=2.9420
2026-08-30 09:06:58 | Epoch 150/400 | Train Loss 2.3013 Acc 0.1123 | Val Loss 2.3008 Acc 0.1129 AUC 0.5000 Pre 0.0113 Rec 0.1000
2026-08-30 09:06:58 | Diag logvar_q_mean=0.0139 logvar_q_clamp=0.0000 logvar_p_mean=0.0139 logvar_p_clamp=0.0000 kappa_log10=2.9420
2026-08-30 09:07:02 | Epoch 151/400 | Train Loss 2.3013 Acc 0.1123 | Val Loss 2.3008 Acc 0.1129 AUC 0.5000 Pre 0.0113 Rec 0.1000
2026-08-30 09:07:03 | Diag logvar_q_mean=0.0139 logvar_q_clamp=0.0000 logvar_p_mean=0.0139 logvar_p_clamp=0.0000 kappa_log10=2.9420
2026-08-30 09:07:07 | Epoch 152/400 | Train Loss 2.3013 Acc 0.1123 | Val Loss 2.3008 Acc 0.1129 AUC 0.5000 Pre 0.0113 Rec 0.1000
2026-08-30 09:07:08 | Diag logvar_q_mean=0.0139 logvar_q_clamp=0.0000 logvar_p_mean=0.0139 logvar_p_clamp=0.0000 kappa_log10=2.9420
2026-08-30 09:07:12 | Epoch 153/400 | Train Loss 2.3013 Acc 0.1123 | Val Loss 2.3008 Acc 0.1129 AUC 0.5000 Pre 0.0113 Rec 0.1000
2026-08-30 09:07:12 | Diag logvar_q_mean=0.0139 logvar_q_clamp=0.0000 logvar_p_mean=0.0139 logvar_p_clamp=0.0000 kappa_log10=2.9420
2026-08-30 09:07:16 | Epoch 154/400 | Train Loss 2.3013 Acc 0.1123 | Val Loss 2.3008 Acc 0.1129 AUC 0.5000 Pre 0.0113 Rec 0.1000
2026-08-30 09:07:17 | Diag logvar_q_mean=0.0139 logvar_q_clamp=0.0000 logvar_p_mean=0.0139 logvar_p_clamp=0.0000 kappa_log10=2.9420
2026-08-30 09:07:21 | Epoch 155/400 | Train Loss 2.3013 Acc 0.1123 | Val Loss 2.3008 Acc 0.1129 AUC 0.5000 Pre 0.0113 Rec 0.1000
2026-08-30 09:07:21 | Diag logvar_q_mean=0.0139 logvar_q_clamp=0.0000 logvar_p_mean=0.0139 logvar_p_clamp=0.0000 kappa_log10=2.9420
2026-08-30 09:07:25 | Epoch 156/400 | Train Loss 2.3013 Acc 0.1123 | Val Loss 2.3008 Acc 0.1129 AUC 0.5000 Pre 0.0113 Rec 0.1000
2026-08-30 09:07:26 | Diag logvar_q_mean=0.0139 logvar_q_clamp=0.0000 logvar_p_mean=0.0139 logvar_p_clamp=0.0000 kappa_log10=2.9420
2026-08-30 09:07:30 | Epoch 157/400 | Train Loss 2.3013 Acc 0.1123 | Val Loss 2.3008 Acc 0.1129 AUC 0.5000 Pre 0.0113 Rec 0.1000
2026-08-30 09:07:30 | Diag logvar_q_mean=0.0139 logvar_q_clamp=0.0000 logvar_p_mean=0.0139 logvar_p_clamp=0.0000 kappa_log10=2.9420
2026-08-30 09:07:34 | Epoch 158/400 | Train Loss 2.3013 Acc 0.1123 | Val Loss 2.3007 Acc 0.1129 AUC 0.5000 Pre 0.0113 Rec 0.1000
2026-08-30 09:07:35 | Diag logvar_q_mean=0.0139 logvar_q_clamp=0.0000 logvar_p_mean=0.0139 logvar_p_clamp=0.0000 kappa_log10=2.9420
2026-08-30 09:07:39 | Epoch 159/400 | Train Loss 2.3013 Acc 0.1123 | Val Loss 2.3008 Acc 0.1129 AUC 0.5000 Pre 0.0113 Rec 0.1000
2026-08-30 09:07:40 | Diag logvar_q_mean=0.0139 logvar_q_clamp=0.0000 logvar_p_mean=0.0139 logvar_p_clamp=0.0000 kappa_log10=2.9420
2026-08-30 09:07:43 | Epoch 160/400 | Train Loss 2.3013 Acc 0.1123 | Val Loss 2.3008 Acc 0.1129 AUC 0.5000 Pre 0.0113 Rec 0.1000
2026-08-30 09:07:44 | Diag logvar_q_mean=0.0139 logvar_q_clamp=0.0000 logvar_p_mean=0.0139 logvar_p_clamp=0.0000 kappa_log10=2.9420
2026-08-30 09:07:48 | Epoch 161/400 | Train Loss 2.3013 Acc 0.1123 | Val Loss 2.3008 Acc 0.1129 AUC 0.5000 Pre 0.0113 Rec 0.1000
2026-08-30 09:07:49 | Diag logvar_q_mean=0.0139 logvar_q_clamp=0.0000 logvar_p_mean=0.0140 logvar_p_clamp=0.0000 kappa_log10=2.9420
2026-08-30 09:07:53 | Epoch 162/400 | Train Loss 2.3013 Acc 0.1123 | Val Loss 2.3008 Acc 0.1129 AUC 0.5000 Pre 0.0113 Rec 0.1000
2026-08-30 09:07:53 | Diag logvar_q_mean=0.0140 logvar_q_clamp=0.0000 logvar_p_mean=0.0140 logvar_p_clamp=0.0000 kappa_log10=3.0415
2026-08-30 09:07:57 | Epoch 163/400 | Train Loss 2.3013 Acc 0.1123 | Val Loss 2.3008 Acc 0.1129 AUC 0.5000 Pre 0.0113 Rec 0.1000
2026-08-30 09:07:58 | Diag logvar_q_mean=0.0140 logvar_q_clamp=0.0000 logvar_p_mean=0.0140 logvar_p_clamp=0.0000 kappa_log10=2.9563
2026-08-30 09:08:02 | Epoch 164/400 | Train Loss 2.3013 Acc 0.1123 | Val Loss 2.3008 Acc 0.1129 AUC 0.5000 Pre 0.0113 Rec 0.1000
2026-08-30 09:08:02 | Diag logvar_q_mean=0.0140 logvar_q_clamp=0.0000 logvar_p_mean=0.0140 logvar_p_clamp=0.0000 kappa_log10=2.9563
2026-08-30 09:08:06 | Epoch 165/400 | Train Loss 2.3013 Acc 0.1123 | Val Loss 2.3008 Acc 0.1129 AUC 0.5000 Pre 0.0113 Rec 0.1000
2026-08-30 09:08:07 | Diag logvar_q_mean=0.0140 logvar_q_clamp=0.0000 logvar_p_mean=0.0140 logvar_p_clamp=0.0000 kappa_log10=2.9992
2026-08-30 09:08:11 | Epoch 166/400 | Train Loss 2.3013 Acc 0.1123 | Val Loss 2.3008 Acc 0.1129 AUC 0.5000 Pre 0.0113 Rec 0.1000
2026-08-30 09:08:11 | Diag logvar_q_mean=0.0140 logvar_q_clamp=0.0000 logvar_p_mean=0.0140 logvar_p_clamp=0.0000 kappa_log10=2.9992
2026-08-30 09:08:15 | Epoch 167/400 | Train Loss 2.3013 Acc 0.1123 | Val Loss 2.3008 Acc 0.1129 AUC 0.5000 Pre 0.0113 Rec 0.1000
2026-08-30 09:08:16 | Diag logvar_q_mean=0.0140 logvar_q_clamp=0.0000 logvar_p_mean=0.0140 logvar_p_clamp=0.0000 kappa_log10=2.9992
2026-08-30 09:08:20 | Epoch 168/400 | Train Loss 2.3013 Acc 0.1123 | Val Loss 2.3007 Acc 0.1129 AUC 0.5000 Pre 0.0113 Rec 0.1000
2026-08-30 09:08:21 | Diag logvar_q_mean=0.0140 logvar_q_clamp=0.0000 logvar_p_mean=0.0140 logvar_p_clamp=0.0000 kappa_log10=2.9992
2026-08-30 09:08:24 | Epoch 169/400 | Train Loss 2.3013 Acc 0.1123 | Val Loss 2.3008 Acc 0.1129 AUC 0.5000 Pre 0.0113 Rec 0.1000
2026-08-30 09:08:25 | Diag logvar_q_mean=0.0140 logvar_q_clamp=0.0000 logvar_p_mean=0.0140 logvar_p_clamp=0.0000 kappa_log10=2.9992
2026-08-30 09:08:29 | Epoch 170/400 | Train Loss 2.3013 Acc 0.1123 | Val Loss 2.3007 Acc 0.1129 AUC 0.5000 Pre 0.0113 Rec 0.1000
2026-08-30 09:08:30 | Diag logvar_q_mean=0.0140 logvar_q_clamp=0.0000 logvar_p_mean=0.0140 logvar_p_clamp=0.0000 kappa_log10=2.9992
2026-08-30 09:08:34 | Epoch 171/400 | Train Loss 2.3013 Acc 0.1123 | Val Loss 2.3007 Acc 0.1129 AUC 0.5000 Pre 0.0113 Rec 0.1000
2026-08-30 09:08:34 | Diag logvar_q_mean=0.0140 logvar_q_clamp=0.0000 logvar_p_mean=0.0140 logvar_p_clamp=0.0000 kappa_log10=2.9992
2026-08-30 09:08:38 | Epoch 172/400 | Train Loss 2.3013 Acc 0.1123 | Val Loss 2.3008 Acc 0.1129 AUC 0.5000 Pre 0.0113 Rec 0.1000
2026-08-30 09:08:39 | Diag logvar_q_mean=0.0140 logvar_q_clamp=0.0000 logvar_p_mean=0.0140 logvar_p_clamp=0.0000 kappa_log10=2.9992
2026-08-30 09:08:43 | Epoch 173/400 | Train Loss 2.3013 Acc 0.1123 | Val Loss 2.3008 Acc 0.1129 AUC 0.5000 Pre 0.0113 Rec 0.1000
2026-08-30 09:08:43 | Diag logvar_q_mean=0.0140 logvar_q_clamp=0.0000 logvar_p_mean=0.0140 logvar_p_clamp=0.0000 kappa_log10=2.9992
2026-08-30 09:08:47 | Epoch 174/400 | Train Loss 2.3013 Acc 0.1123 | Val Loss 2.3008 Acc 0.1129 AUC 0.5000 Pre 0.0113 Rec 0.1000
2026-08-30 09:08:48 | Diag logvar_q_mean=0.0140 logvar_q_clamp=0.0000 logvar_p_mean=0.0140 logvar_p_clamp=0.0000 kappa_log10=2.9992
2026-08-30 09:08:52 | Epoch 175/400 | Train Loss 2.3013 Acc 0.1123 | Val Loss 2.3008 Acc 0.1129 AUC 0.5000 Pre 0.0113 Rec 0.1000
2026-08-30 09:08:52 | Diag logvar_q_mean=0.0140 logvar_q_clamp=0.0000 logvar_p_mean=0.0140 logvar_p_clamp=0.0000 kappa_log10=2.9992
2026-08-30 09:08:57 | Epoch 176/400 | Train Loss 2.3013 Acc 0.1123 | Val Loss 2.3008 Acc 0.1129 AUC 0.5000 Pre 0.0113 Rec 0.1000
2026-08-30 09:08:57 | Diag logvar_q_mean=0.0140 logvar_q_clamp=0.0000 logvar_p_mean=0.0140 logvar_p_clamp=0.0000 kappa_log10=2.9992
2026-08-30 09:09:01 | Epoch 177/400 | Train Loss 2.3013 Acc 0.1123 | Val Loss 2.3008 Acc 0.1129 AUC 0.5000 Pre 0.0113 Rec 0.1000
2026-08-30 09:09:02 | Diag logvar_q_mean=0.0140 logvar_q_clamp=0.0000 logvar_p_mean=0.0140 logvar_p_clamp=0.0000 kappa_log10=2.9992
2026-08-30 09:09:06 | Epoch 178/400 | Train Loss 2.3013 Acc 0.1123 | Val Loss 2.3008 Acc 0.1129 AUC 0.5000 Pre 0.0113 Rec 0.1000
2026-08-30 09:09:06 | Diag logvar_q_mean=0.0140 logvar_q_clamp=0.0000 logvar_p_mean=0.0140 logvar_p_clamp=0.0000 kappa_log10=2.9992
2026-08-30 09:09:10 | Epoch 179/400 | Train Loss 2.3013 Acc 0.1123 | Val Loss 2.3008 Acc 0.1129 AUC 0.5000 Pre 0.0113 Rec 0.1000
2026-08-30 09:09:11 | Diag logvar_q_mean=0.0140 logvar_q_clamp=0.0000 logvar_p_mean=0.0140 logvar_p_clamp=0.0000 kappa_log10=2.9992
2026-08-30 09:09:15 | Epoch 180/400 | Train Loss 2.3013 Acc 0.1123 | Val Loss 2.3008 Acc 0.1129 AUC 0.5000 Pre 0.0113 Rec 0.1000
2026-08-30 09:09:15 | Diag logvar_q_mean=0.0140 logvar_q_clamp=0.0000 logvar_p_mean=0.0140 logvar_p_clamp=0.0000 kappa_log10=2.9992
2026-08-30 09:09:19 | Epoch 181/400 | Train Loss 2.3013 Acc 0.1123 | Val Loss 2.3008 Acc 0.1129 AUC 0.5000 Pre 0.0113 Rec 0.1000
2026-08-30 09:09:20 | Diag logvar_q_mean=0.0140 logvar_q_clamp=0.0000 logvar_p_mean=0.0140 logvar_p_clamp=0.0000 kappa_log10=2.9992
2026-08-30 09:09:24 | Epoch 182/400 | Train Loss 2.3013 Acc 0.1123 | Val Loss 2.3008 Acc 0.1129 AUC 0.5000 Pre 0.0113 Rec 0.1000
2026-08-30 09:09:25 | Diag logvar_q_mean=0.0140 logvar_q_clamp=0.0000 logvar_p_mean=0.0140 logvar_p_clamp=0.0000 kappa_log10=2.9992
2026-08-30 09:09:29 | Epoch 183/400 | Train Loss 2.3013 Acc 0.1123 | Val Loss 2.3008 Acc 0.1129 AUC 0.5000 Pre 0.0113 Rec 0.1000
2026-08-30 09:09:29 | Diag logvar_q_mean=0.0140 logvar_q_clamp=0.0000 logvar_p_mean=0.0140 logvar_p_clamp=0.0000 kappa_log10=2.9992
2026-08-30 09:09:33 | Epoch 184/400 | Train Loss 2.3013 Acc 0.1123 | Val Loss 2.3008 Acc 0.1129 AUC 0.5000 Pre 0.0113 Rec 0.1000
2026-08-30 09:09:34 | Diag logvar_q_mean=0.0140 logvar_q_clamp=0.0000 logvar_p_mean=0.0140 logvar_p_clamp=0.0000 kappa_log10=2.9992
2026-08-30 09:09:38 | Epoch 185/400 | Train Loss 2.3013 Acc 0.1123 | Val Loss 2.3008 Acc 0.1129 AUC 0.5000 Pre 0.0113 Rec 0.1000
2026-08-30 09:09:38 | Diag logvar_q_mean=0.0140 logvar_q_clamp=0.0000 logvar_p_mean=0.0141 logvar_p_clamp=0.0000 kappa_log10=2.9992
2026-08-30 09:09:42 | Epoch 186/400 | Train Loss 2.3013 Acc 0.1123 | Val Loss 2.3008 Acc 0.1129 AUC 0.5000 Pre 0.0113 Rec 0.1000
2026-08-30 09:09:43 | Diag logvar_q_mean=0.0141 logvar_q_clamp=0.0000 logvar_p_mean=0.0141 logvar_p_clamp=0.0000 kappa_log10=2.9992
2026-08-30 09:09:47 | Epoch 187/400 | Train Loss 2.3013 Acc 0.1123 | Val Loss 2.3008 Acc 0.1129 AUC 0.5000 Pre 0.0113 Rec 0.1000
2026-08-30 09:09:47 | Diag logvar_q_mean=0.0141 logvar_q_clamp=0.0000 logvar_p_mean=0.0141 logvar_p_clamp=0.0000 kappa_log10=2.9992
2026-08-30 09:09:51 | Epoch 188/400 | Train Loss 2.3013 Acc 0.1123 | Val Loss 2.3008 Acc 0.1129 AUC 0.5000 Pre 0.0113 Rec 0.1000
2026-08-30 09:09:52 | Diag logvar_q_mean=0.0141 logvar_q_clamp=0.0000 logvar_p_mean=0.0141 logvar_p_clamp=0.0000 kappa_log10=2.9992
2026-08-30 09:09:56 | Epoch 189/400 | Train Loss 2.3013 Acc 0.1123 | Val Loss 2.3008 Acc 0.1129 AUC 0.5000 Pre 0.0113 Rec 0.1000
2026-08-30 09:09:57 | Diag logvar_q_mean=0.0141 logvar_q_clamp=0.0000 logvar_p_mean=0.0141 logvar_p_clamp=0.0000 kappa_log10=2.9992
2026-08-30 09:10:01 | Epoch 190/400 | Train Loss 2.3013 Acc 0.1123 | Val Loss 2.3007 Acc 0.1129 AUC 0.5000 Pre 0.0113 Rec 0.1000
2026-08-30 09:10:01 | Diag logvar_q_mean=0.0141 logvar_q_clamp=0.0000 logvar_p_mean=0.0141 logvar_p_clamp=0.0000 kappa_log10=2.9992
2026-08-30 09:10:05 | Epoch 191/400 | Train Loss 2.3013 Acc 0.1123 | Val Loss 2.3007 Acc 0.1129 AUC 0.5000 Pre 0.0113 Rec 0.1000
2026-08-30 09:10:06 | Diag logvar_q_mean=0.0141 logvar_q_clamp=0.0000 logvar_p_mean=0.0141 logvar_p_clamp=0.0000 kappa_log10=3.1579
2026-08-30 09:10:10 | Epoch 192/400 | Train Loss 2.3013 Acc 0.1123 | Val Loss 2.3007 Acc 0.1129 AUC 0.5000 Pre 0.0113 Rec 0.1000
2026-08-30 09:10:10 | Diag logvar_q_mean=0.0141 logvar_q_clamp=0.0000 logvar_p_mean=0.0141 logvar_p_clamp=0.0000 kappa_log10=3.1582
2026-08-30 09:10:14 | Epoch 193/400 | Train Loss 2.3013 Acc 0.1123 | Val Loss 2.3007 Acc 0.1129 AUC 0.5000 Pre 0.0113 Rec 0.1000
2026-08-30 09:10:15 | Diag logvar_q_mean=0.0141 logvar_q_clamp=0.0000 logvar_p_mean=0.0141 logvar_p_clamp=0.0000 kappa_log10=3.1581
2026-08-30 09:10:19 | Epoch 194/400 | Train Loss 2.3013 Acc 0.1123 | Val Loss 2.3008 Acc 0.1129 AUC 0.5000 Pre 0.0113 Rec 0.1000
2026-08-30 09:10:20 | Diag logvar_q_mean=0.0141 logvar_q_clamp=0.0000 logvar_p_mean=0.0141 logvar_p_clamp=0.0000 kappa_log10=2.9886
2026-08-30 09:10:24 | Epoch 195/400 | Train Loss 2.3013 Acc 0.1123 | Val Loss 2.3008 Acc 0.1129 AUC 0.5000 Pre 0.0113 Rec 0.1000
2026-08-30 09:10:24 | Diag logvar_q_mean=0.0141 logvar_q_clamp=0.0000 logvar_p_mean=0.0141 logvar_p_clamp=0.0000 kappa_log10=3.3421
2026-08-30 09:10:28 | Epoch 196/400 | Train Loss 2.3013 Acc 0.1123 | Val Loss 2.3007 Acc 0.1129 AUC 0.5000 Pre 0.0113 Rec 0.1000
2026-08-30 09:10:29 | Diag logvar_q_mean=0.0141 logvar_q_clamp=0.0000 logvar_p_mean=0.0141 logvar_p_clamp=0.0000 kappa_log10=3.3420
2026-08-30 09:10:33 | Epoch 197/400 | Train Loss 2.3014 Acc 0.1123 | Val Loss 2.3008 Acc 0.1129 AUC 0.5000 Pre 0.0113 Rec 0.1000
2026-08-30 09:10:34 | Diag logvar_q_mean=0.0142 logvar_q_clamp=0.0000 logvar_p_mean=0.0142 logvar_p_clamp=0.0000 kappa_log10=3.0719
2026-08-30 09:10:38 | Epoch 198/400 | Train Loss 2.3013 Acc 0.1123 | Val Loss 2.3008 Acc 0.1129 AUC 0.5000 Pre 0.0113 Rec 0.1000
2026-08-30 09:10:38 | Diag logvar_q_mean=0.0142 logvar_q_clamp=0.0000 logvar_p_mean=0.0142 logvar_p_clamp=0.0000 kappa_log10=3.0734
2026-08-30 09:10:42 | Epoch 199/400 | Train Loss 2.3013 Acc 0.1123 | Val Loss 2.3008 Acc 0.1129 AUC 0.5000 Pre 0.0113 Rec 0.1000
2026-08-30 09:10:43 | Diag logvar_q_mean=0.0142 logvar_q_clamp=0.0000 logvar_p_mean=0.0142 logvar_p_clamp=0.0000 kappa_log10=3.0734
2026-08-30 09:10:47 | Epoch 200/400 | Train Loss 2.3013 Acc 0.1123 | Val Loss 2.3007 Acc 0.1129 AUC 0.5000 Pre 0.0113 Rec 0.1000
2026-08-30 09:10:48 | Diag logvar_q_mean=0.0142 logvar_q_clamp=0.0000 logvar_p_mean=0.0142 logvar_p_clamp=0.0000 kappa_log10=3.0734
2026-08-30 09:10:52 | Epoch 201/400 | Train Loss 2.3013 Acc 0.1123 | Val Loss 2.3008 Acc 0.1129 AUC 0.5000 Pre 0.0113 Rec 0.1000
2026-08-30 09:10:52 | Diag logvar_q_mean=0.0142 logvar_q_clamp=0.0000 logvar_p_mean=0.0142 logvar_p_clamp=0.0000 kappa_log10=3.0734
2026-08-30 09:10:56 | Epoch 202/400 | Train Loss 2.3013 Acc 0.1123 | Val Loss 2.3008 Acc 0.1129 AUC 0.5000 Pre 0.0113 Rec 0.1000
2026-08-30 09:10:57 | Diag logvar_q_mean=0.0142 logvar_q_clamp=0.0000 logvar_p_mean=0.0142 logvar_p_clamp=0.0000 kappa_log10=3.0734
2026-08-30 09:11:01 | Epoch 203/400 | Train Loss 2.3013 Acc 0.1123 | Val Loss 2.3008 Acc 0.1129 AUC 0.5000 Pre 0.0113 Rec 0.1000
2026-08-30 09:11:01 | Diag logvar_q_mean=0.0142 logvar_q_clamp=0.0000 logvar_p_mean=0.0142 logvar_p_clamp=0.0000 kappa_log10=3.0734
2026-08-30 09:11:05 | Epoch 204/400 | Train Loss 2.3013 Acc 0.1123 | Val Loss 2.3008 Acc 0.1129 AUC 0.5000 Pre 0.0113 Rec 0.1000
2026-08-30 09:11:06 | Diag logvar_q_mean=0.0142 logvar_q_clamp=0.0000 logvar_p_mean=0.0142 logvar_p_clamp=0.0000 kappa_log10=3.0734
2026-08-30 09:11:10 | Epoch 205/400 | Train Loss 2.3013 Acc 0.1123 | Val Loss 2.3008 Acc 0.1129 AUC 0.5000 Pre 0.0113 Rec 0.1000
2026-08-30 09:11:11 | Diag logvar_q_mean=0.0142 logvar_q_clamp=0.0000 logvar_p_mean=0.0142 logvar_p_clamp=0.0000 kappa_log10=3.0734
2026-08-30 09:11:15 | Epoch 206/400 | Train Loss 2.3013 Acc 0.1123 | Val Loss 2.3008 Acc 0.1129 AUC 0.5000 Pre 0.0113 Rec 0.1000
2026-08-30 09:11:15 | Diag logvar_q_mean=0.0143 logvar_q_clamp=0.0000 logvar_p_mean=0.0143 logvar_p_clamp=0.0000 kappa_log10=3.7778
2026-08-30 09:11:19 | Epoch 207/400 | Train Loss 2.3013 Acc 0.1123 | Val Loss 2.3008 Acc 0.1129 AUC 0.5000 Pre 0.0113 Rec 0.1000
2026-08-30 09:11:20 | Diag logvar_q_mean=0.0143 logvar_q_clamp=0.0000 logvar_p_mean=0.0143 logvar_p_clamp=0.0000 kappa_log10=3.7759
2026-08-30 09:11:24 | Epoch 208/400 | Train Loss 2.3013 Acc 0.1123 | Val Loss 2.3007 Acc 0.1129 AUC 0.5000 Pre 0.0113 Rec 0.1000
2026-08-30 09:11:24 | Diag logvar_q_mean=0.0143 logvar_q_clamp=0.0000 logvar_p_mean=0.0143 logvar_p_clamp=0.0000 kappa_log10=3.7759
2026-08-30 09:11:28 | Epoch 209/400 | Train Loss 2.3013 Acc 0.1123 | Val Loss 2.3008 Acc 0.1129 AUC 0.5000 Pre 0.0113 Rec 0.1000
2026-08-30 09:11:29 | Diag logvar_q_mean=0.0143 logvar_q_clamp=0.0000 logvar_p_mean=0.0143 logvar_p_clamp=0.0000 kappa_log10=3.7759
2026-08-30 09:11:33 | Epoch 210/400 | Train Loss 2.3013 Acc 0.1123 | Val Loss 2.3007 Acc 0.1129 AUC 0.5000 Pre 0.0113 Rec 0.1000
2026-08-30 09:11:33 | Diag logvar_q_mean=0.0143 logvar_q_clamp=0.0000 logvar_p_mean=0.0143 logvar_p_clamp=0.0000 kappa_log10=3.7759
2026-08-30 09:11:38 | Epoch 211/400 | Train Loss 2.3013 Acc 0.1123 | Val Loss 2.3007 Acc 0.1129 AUC 0.5000 Pre 0.0113 Rec 0.1000
2026-08-30 09:11:38 | Diag logvar_q_mean=0.0143 logvar_q_clamp=0.0000 logvar_p_mean=0.0143 logvar_p_clamp=0.0000 kappa_log10=3.7759
2026-08-30 09:11:42 | Epoch 212/400 | Train Loss 2.3013 Acc 0.1123 | Val Loss 2.3008 Acc 0.1129 AUC 0.5000 Pre 0.0113 Rec 0.1000
2026-08-30 09:11:43 | Diag logvar_q_mean=0.0143 logvar_q_clamp=0.0000 logvar_p_mean=0.0143 logvar_p_clamp=0.0000 kappa_log10=3.7759
2026-08-30 09:11:47 | Epoch 213/400 | Train Loss 2.3013 Acc 0.1123 | Val Loss 2.3008 Acc 0.1129 AUC 0.5000 Pre 0.0113 Rec 0.1000
2026-08-30 09:11:47 | Diag logvar_q_mean=0.0143 logvar_q_clamp=0.0000 logvar_p_mean=0.0143 logvar_p_clamp=0.0000 kappa_log10=3.5541
2026-08-30 09:11:51 | Epoch 214/400 | Train Loss 2.3013 Acc 0.1123 | Val Loss 2.3007 Acc 0.1129 AUC 0.5000 Pre 0.0113 Rec 0.1000
2026-08-30 09:11:52 | Diag logvar_q_mean=0.0143 logvar_q_clamp=0.0000 logvar_p_mean=0.0143 logvar_p_clamp=0.0000 kappa_log10=3.1160
2026-08-30 09:11:56 | Epoch 215/400 | Train Loss 2.3014 Acc 0.1123 | Val Loss 2.3008 Acc 0.1129 AUC 0.5000 Pre 0.0113 Rec 0.1000
2026-08-30 09:11:56 | Diag logvar_q_mean=0.0144 logvar_q_clamp=0.0000 logvar_p_mean=0.0144 logvar_p_clamp=0.0000 kappa_log10=3.1713
2026-08-30 09:12:00 | Epoch 216/400 | Train Loss 2.3013 Acc 0.1123 | Val Loss 2.3008 Acc 0.1129 AUC 0.5000 Pre 0.0113 Rec 0.1000
2026-08-30 09:12:01 | Diag logvar_q_mean=0.0144 logvar_q_clamp=0.0000 logvar_p_mean=0.0144 logvar_p_clamp=0.0000 kappa_log10=3.1752
2026-08-30 09:12:05 | Epoch 217/400 | Train Loss 2.3013 Acc 0.1123 | Val Loss 2.3007 Acc 0.1129 AUC 0.5000 Pre 0.0113 Rec 0.1000
2026-08-30 09:12:05 | Diag logvar_q_mean=0.0144 logvar_q_clamp=0.0000 logvar_p_mean=0.0144 logvar_p_clamp=0.0000 kappa_log10=3.1752
2026-08-30 09:12:09 | Epoch 218/400 | Train Loss 2.3013 Acc 0.1123 | Val Loss 2.3008 Acc 0.1129 AUC 0.5000 Pre 0.0113 Rec 0.1000
2026-08-30 09:12:10 | Diag logvar_q_mean=0.0144 logvar_q_clamp=0.0000 logvar_p_mean=0.0144 logvar_p_clamp=0.0000 kappa_log10=3.1752
2026-08-30 09:12:14 | Epoch 219/400 | Train Loss 2.3013 Acc 0.1123 | Val Loss 2.3007 Acc 0.1129 AUC 0.5000 Pre 0.0113 Rec 0.1000
2026-08-30 09:12:15 | Diag logvar_q_mean=0.0144 logvar_q_clamp=0.0000 logvar_p_mean=0.0144 logvar_p_clamp=0.0000 kappa_log10=3.1752
2026-08-30 09:12:18 | Epoch 220/400 | Train Loss 2.3013 Acc 0.1123 | Val Loss 2.3008 Acc 0.1129 AUC 0.5000 Pre 0.0113 Rec 0.1000
2026-08-30 09:12:19 | Diag logvar_q_mean=0.0144 logvar_q_clamp=0.0000 logvar_p_mean=0.0144 logvar_p_clamp=0.0000 kappa_log10=3.1752
2026-08-30 09:12:23 | Epoch 221/400 | Train Loss 2.3013 Acc 0.1123 | Val Loss 2.3008 Acc 0.1129 AUC 0.5000 Pre 0.0113 Rec 0.1000
2026-08-30 09:12:24 | Diag logvar_q_mean=0.0144 logvar_q_clamp=0.0000 logvar_p_mean=0.0144 logvar_p_clamp=0.0000 kappa_log10=3.1752
2026-08-30 09:12:28 | Epoch 222/400 | Train Loss 2.3013 Acc 0.1123 | Val Loss 2.3008 Acc 0.1129 AUC 0.5000 Pre 0.0113 Rec 0.1000
2026-08-30 09:12:28 | Diag logvar_q_mean=0.0144 logvar_q_clamp=0.0000 logvar_p_mean=0.0144 logvar_p_clamp=0.0000 kappa_log10=3.1752
2026-08-30 09:12:32 | Epoch 223/400 | Train Loss 2.3013 Acc 0.1123 | Val Loss 2.3008 Acc 0.1129 AUC 0.5000 Pre 0.0113 Rec 0.1000
2026-08-30 09:12:33 | Diag logvar_q_mean=0.0144 logvar_q_clamp=0.0000 logvar_p_mean=0.0144 logvar_p_clamp=0.0000 kappa_log10=3.1752
2026-08-30 09:12:37 | Epoch 224/400 | Train Loss 2.3013 Acc 0.1123 | Val Loss 2.3007 Acc 0.1129 AUC 0.5000 Pre 0.0113 Rec 0.1000
2026-08-30 09:12:37 | Diag logvar_q_mean=0.0144 logvar_q_clamp=0.0000 logvar_p_mean=0.0144 logvar_p_clamp=0.0000 kappa_log10=3.1818
2026-08-30 09:12:41 | Epoch 225/400 | Train Loss 2.3013 Acc 0.1123 | Val Loss 2.3008 Acc 0.1129 AUC 0.5000 Pre 0.0113 Rec 0.1000
2026-08-30 09:12:42 | Diag logvar_q_mean=0.0144 logvar_q_clamp=0.0000 logvar_p_mean=0.0144 logvar_p_clamp=0.0000 kappa_log10=3.1952
2026-08-30 09:12:46 | Epoch 226/400 | Train Loss 2.3013 Acc 0.1123 | Val Loss 2.3007 Acc 0.1129 AUC 0.5000 Pre 0.0113 Rec 0.1000
2026-08-30 09:12:47 | Diag logvar_q_mean=0.0145 logvar_q_clamp=0.0000 logvar_p_mean=0.0144 logvar_p_clamp=0.0000 kappa_log10=3.1868
2026-08-30 09:12:51 | Epoch 227/400 | Train Loss 2.3013 Acc 0.1123 | Val Loss 2.3008 Acc 0.1129 AUC 0.5000 Pre 0.0113 Rec 0.1000
2026-08-30 09:12:51 | Diag logvar_q_mean=0.0145 logvar_q_clamp=0.0000 logvar_p_mean=0.0145 logvar_p_clamp=0.0000 kappa_log10=3.1876
2026-08-30 09:12:55 | Epoch 228/400 | Train Loss 2.3013 Acc 0.1123 | Val Loss 2.3008 Acc 0.1129 AUC 0.5000 Pre 0.0113 Rec 0.1000
2026-08-30 09:12:56 | Diag logvar_q_mean=0.0145 logvar_q_clamp=0.0000 logvar_p_mean=0.0145 logvar_p_clamp=0.0000 kappa_log10=3.2390
2026-08-30 09:13:00 | Epoch 229/400 | Train Loss 2.3013 Acc 0.1123 | Val Loss 2.3008 Acc 0.1129 AUC 0.5000 Pre 0.0113 Rec 0.1000
2026-08-30 09:13:00 | Diag logvar_q_mean=0.0145 logvar_q_clamp=0.0000 logvar_p_mean=0.0145 logvar_p_clamp=0.0000 kappa_log10=3.3443
2026-08-30 09:13:04 | Epoch 230/400 | Train Loss 2.3013 Acc 0.1123 | Val Loss 2.3008 Acc 0.1129 AUC 0.5000 Pre 0.0113 Rec 0.1000
2026-08-30 09:13:05 | Diag logvar_q_mean=0.0145 logvar_q_clamp=0.0000 logvar_p_mean=0.0145 logvar_p_clamp=0.0000 kappa_log10=3.3443
2026-08-30 09:13:09 | Epoch 231/400 | Train Loss 2.3013 Acc 0.1123 | Val Loss 2.3008 Acc 0.1129 AUC 0.5000 Pre 0.0113 Rec 0.1000
2026-08-30 09:13:09 | Diag logvar_q_mean=0.0145 logvar_q_clamp=0.0000 logvar_p_mean=0.0145 logvar_p_clamp=0.0000 kappa_log10=3.3443
2026-08-30 09:13:13 | Epoch 232/400 | Train Loss 2.3013 Acc 0.1123 | Val Loss 2.3008 Acc 0.1129 AUC 0.5000 Pre 0.0113 Rec 0.1000
2026-08-30 09:13:14 | Diag logvar_q_mean=0.0145 logvar_q_clamp=0.0000 logvar_p_mean=0.0145 logvar_p_clamp=0.0000 kappa_log10=3.3443
2026-08-30 09:13:18 | Epoch 233/400 | Train Loss 2.3013 Acc 0.1123 | Val Loss 2.3008 Acc 0.1129 AUC 0.5000 Pre 0.0113 Rec 0.1000
2026-08-30 09:13:19 | Diag logvar_q_mean=0.0145 logvar_q_clamp=0.0000 logvar_p_mean=0.0145 logvar_p_clamp=0.0000 kappa_log10=3.2897
2026-08-30 09:13:23 | Epoch 234/400 | Train Loss 2.3013 Acc 0.1123 | Val Loss 2.3007 Acc 0.1129 AUC 0.5000 Pre 0.0113 Rec 0.1000
2026-08-30 09:13:24 | Diag logvar_q_mean=0.0145 logvar_q_clamp=0.0000 logvar_p_mean=0.0145 logvar_p_clamp=0.0000 kappa_log10=3.2898
2026-08-30 09:13:27 | Epoch 235/400 | Train Loss 2.3013 Acc 0.1123 | Val Loss 2.3008 Acc 0.1129 AUC 0.5000 Pre 0.0113 Rec 0.1000
2026-08-30 09:13:28 | Diag logvar_q_mean=0.0145 logvar_q_clamp=0.0000 logvar_p_mean=0.0145 logvar_p_clamp=0.0000 kappa_log10=3.2898
2026-08-30 09:13:32 | Epoch 236/400 | Train Loss 2.3013 Acc 0.1123 | Val Loss 2.3008 Acc 0.1129 AUC 0.5000 Pre 0.0113 Rec 0.1000
2026-08-30 09:13:33 | Diag logvar_q_mean=0.0145 logvar_q_clamp=0.0000 logvar_p_mean=0.0145 logvar_p_clamp=0.0000 kappa_log10=3.2898
2026-08-30 09:13:36 | Epoch 237/400 | Train Loss 2.3013 Acc 0.1123 | Val Loss 2.3008 Acc 0.1129 AUC 0.5000 Pre 0.0113 Rec 0.1000
2026-08-30 09:13:37 | Diag logvar_q_mean=0.0145 logvar_q_clamp=0.0000 logvar_p_mean=0.0145 logvar_p_clamp=0.0000 kappa_log10=3.2898
2026-08-30 09:13:41 | Epoch 238/400 | Train Loss 2.3013 Acc 0.1123 | Val Loss 2.3008 Acc 0.1129 AUC 0.5000 Pre 0.0113 Rec 0.1000
2026-08-30 09:13:42 | Diag logvar_q_mean=0.0145 logvar_q_clamp=0.0000 logvar_p_mean=0.0145 logvar_p_clamp=0.0000 kappa_log10=3.2898
2026-08-30 09:13:45 | Epoch 239/400 | Train Loss 2.3013 Acc 0.1123 | Val Loss 2.3008 Acc 0.1129 AUC 0.5000 Pre 0.0113 Rec 0.1000
2026-08-30 09:13:46 | Diag logvar_q_mean=0.0145 logvar_q_clamp=0.0000 logvar_p_mean=0.0145 logvar_p_clamp=0.0000 kappa_log10=3.2898
2026-08-30 09:13:50 | Epoch 240/400 | Train Loss 2.3013 Acc 0.1123 | Val Loss 2.3008 Acc 0.1129 AUC 0.5000 Pre 0.0113 Rec 0.1000
2026-08-30 09:13:51 | Diag logvar_q_mean=0.0145 logvar_q_clamp=0.0000 logvar_p_mean=0.0145 logvar_p_clamp=0.0000 kappa_log10=3.2898
2026-08-30 09:13:54 | Epoch 241/400 | Train Loss 2.3013 Acc 0.1123 | Val Loss 2.3007 Acc 0.1129 AUC 0.5000 Pre 0.0113 Rec 0.1000
2026-08-30 09:13:55 | Diag logvar_q_mean=0.0145 logvar_q_clamp=0.0000 logvar_p_mean=0.0145 logvar_p_clamp=0.0000 kappa_log10=3.2898
2026-08-30 09:13:59 | Epoch 242/400 | Train Loss 2.3013 Acc 0.1123 | Val Loss 2.3008 Acc 0.1129 AUC 0.5000 Pre 0.0113 Rec 0.1000
2026-08-30 09:13:59 | Diag logvar_q_mean=0.0145 logvar_q_clamp=0.0000 logvar_p_mean=0.0145 logvar_p_clamp=0.0000 kappa_log10=3.2898
2026-08-30 09:14:03 | Epoch 243/400 | Train Loss 2.3013 Acc 0.1123 | Val Loss 2.3008 Acc 0.1129 AUC 0.5000 Pre 0.0113 Rec 0.1000
2026-08-30 09:14:04 | Diag logvar_q_mean=0.0145 logvar_q_clamp=0.0000 logvar_p_mean=0.0145 logvar_p_clamp=0.0000 kappa_log10=2.9904
2026-08-30 09:14:08 | Epoch 244/400 | Train Loss 2.3013 Acc 0.1123 | Val Loss 2.3007 Acc 0.1129 AUC 0.5000 Pre 0.0113 Rec 0.1000
2026-08-30 09:14:08 | Diag logvar_q_mean=0.0145 logvar_q_clamp=0.0000 logvar_p_mean=0.0145 logvar_p_clamp=0.0000 kappa_log10=2.9904
2026-08-30 09:14:12 | Epoch 245/400 | Train Loss 2.3013 Acc 0.1123 | Val Loss 2.3008 Acc 0.1129 AUC 0.5000 Pre 0.0113 Rec 0.1000
2026-08-30 09:14:13 | Diag logvar_q_mean=0.0145 logvar_q_clamp=0.0000 logvar_p_mean=0.0145 logvar_p_clamp=0.0000 kappa_log10=2.9904
2026-08-30 09:14:16 | Epoch 246/400 | Train Loss 2.3013 Acc 0.1123 | Val Loss 2.3008 Acc 0.1129 AUC 0.5000 Pre 0.0113 Rec 0.1000
2026-08-30 09:14:17 | Diag logvar_q_mean=0.0145 logvar_q_clamp=0.0000 logvar_p_mean=0.0146 logvar_p_clamp=0.0000 kappa_log10=2.9904
2026-08-30 09:14:21 | Epoch 247/400 | Train Loss 2.3013 Acc 0.1123 | Val Loss 2.3008 Acc 0.1129 AUC 0.5000 Pre 0.0113 Rec 0.1000
2026-08-30 09:14:21 | Diag logvar_q_mean=0.0146 logvar_q_clamp=0.0000 logvar_p_mean=0.0146 logvar_p_clamp=0.0000 kappa_log10=2.9904
2026-08-30 09:14:25 | Epoch 248/400 | Train Loss 2.3014 Acc 0.1123 | Val Loss 2.3009 Acc 0.1129 AUC 0.5000 Pre 0.0113 Rec 0.1000
2026-08-30 09:14:26 | Diag logvar_q_mean=0.0146 logvar_q_clamp=0.0000 logvar_p_mean=0.0145 logvar_p_clamp=0.0000 kappa_log10=3.2655
2026-08-30 09:14:30 | Epoch 249/400 | Train Loss 2.3013 Acc 0.1123 | Val Loss 2.3008 Acc 0.1129 AUC 0.5000 Pre 0.0113 Rec 0.1000
2026-08-30 09:14:30 | Diag logvar_q_mean=0.0146 logvar_q_clamp=0.0000 logvar_p_mean=0.0146 logvar_p_clamp=0.0000 kappa_log10=2.9942
2026-08-30 09:14:34 | Epoch 250/400 | Train Loss 2.3013 Acc 0.1123 | Val Loss 2.3008 Acc 0.1129 AUC 0.5000 Pre 0.0113 Rec 0.1000
2026-08-30 09:14:35 | Diag logvar_q_mean=0.0146 logvar_q_clamp=0.0000 logvar_p_mean=0.0146 logvar_p_clamp=0.0000 kappa_log10=2.9942
2026-08-30 09:14:39 | Epoch 251/400 | Train Loss 2.3013 Acc 0.1123 | Val Loss 2.3008 Acc 0.1129 AUC 0.5000 Pre 0.0113 Rec 0.1000
2026-08-30 09:14:39 | Diag logvar_q_mean=0.0146 logvar_q_clamp=0.0000 logvar_p_mean=0.0146 logvar_p_clamp=0.0000 kappa_log10=2.9917
2026-08-30 09:14:43 | Epoch 252/400 | Train Loss 2.3013 Acc 0.1123 | Val Loss 2.3008 Acc 0.1129 AUC 0.5000 Pre 0.0113 Rec 0.1000
2026-08-30 09:14:44 | Diag logvar_q_mean=0.0146 logvar_q_clamp=0.0000 logvar_p_mean=0.0146 logvar_p_clamp=0.0000 kappa_log10=2.9917
2026-08-30 09:14:47 | Epoch 253/400 | Train Loss 2.3013 Acc 0.1123 | Val Loss 2.3008 Acc 0.1129 AUC 0.5000 Pre 0.0113 Rec 0.1000
2026-08-30 09:14:48 | Diag logvar_q_mean=0.0147 logvar_q_clamp=0.0000 logvar_p_mean=0.0146 logvar_p_clamp=0.0000 kappa_log10=2.7944
2026-08-30 09:14:52 | Epoch 254/400 | Train Loss 2.3013 Acc 0.1123 | Val Loss 2.3008 Acc 0.1129 AUC 0.5000 Pre 0.0113 Rec 0.1000
2026-08-30 09:14:52 | Diag logvar_q_mean=0.0146 logvar_q_clamp=0.0000 logvar_p_mean=0.0146 logvar_p_clamp=0.0000 kappa_log10=2.8278
2026-08-30 09:14:56 | Epoch 255/400 | Train Loss 2.3013 Acc 0.1123 | Val Loss 2.3007 Acc 0.1129 AUC 0.5000 Pre 0.0113 Rec 0.1000
2026-08-30 09:14:57 | Diag logvar_q_mean=0.0146 logvar_q_clamp=0.0000 logvar_p_mean=0.0146 logvar_p_clamp=0.0000 kappa_log10=2.8278
2026-08-30 09:15:01 | Epoch 256/400 | Train Loss 2.3013 Acc 0.1123 | Val Loss 2.3007 Acc 0.1129 AUC 0.5000 Pre 0.0113 Rec 0.1000
2026-08-30 09:15:01 | Diag logvar_q_mean=0.0147 logvar_q_clamp=0.0000 logvar_p_mean=0.0147 logvar_p_clamp=0.0000 kappa_log10=2.8276
2026-08-30 09:15:05 | Epoch 257/400 | Train Loss 2.3013 Acc 0.1123 | Val Loss 2.3008 Acc 0.1129 AUC 0.5000 Pre 0.0113 Rec 0.1000
2026-08-30 09:15:06 | Diag logvar_q_mean=0.0147 logvar_q_clamp=0.0000 logvar_p_mean=0.0147 logvar_p_clamp=0.0000 kappa_log10=2.8276
2026-08-30 09:15:09 | Epoch 258/400 | Train Loss 2.3013 Acc 0.1123 | Val Loss 2.3007 Acc 0.1129 AUC 0.5000 Pre 0.0113 Rec 0.1000
2026-08-30 09:15:10 | Diag logvar_q_mean=0.0147 logvar_q_clamp=0.0000 logvar_p_mean=0.0147 logvar_p_clamp=0.0000 kappa_log10=2.8276
2026-08-30 09:15:14 | Epoch 259/400 | Train Loss 2.3013 Acc 0.1123 | Val Loss 2.3008 Acc 0.1129 AUC 0.5000 Pre 0.0113 Rec 0.1000
2026-08-30 09:15:14 | Diag logvar_q_mean=0.0147 logvar_q_clamp=0.0000 logvar_p_mean=0.0147 logvar_p_clamp=0.0000 kappa_log10=2.8276
2026-08-30 09:15:18 | Epoch 260/400 | Train Loss 2.3013 Acc 0.1123 | Val Loss 2.3008 Acc 0.1129 AUC 0.5000 Pre 0.0113 Rec 0.1000
2026-08-30 09:15:19 | Diag logvar_q_mean=0.0147 logvar_q_clamp=0.0000 logvar_p_mean=0.0147 logvar_p_clamp=0.0000 kappa_log10=2.8276
2026-08-30 09:15:23 | Epoch 261/400 | Train Loss 2.3013 Acc 0.1123 | Val Loss 2.3008 Acc 0.1129 AUC 0.5000 Pre 0.0113 Rec 0.1000
2026-08-30 09:15:23 | Diag logvar_q_mean=0.0147 logvar_q_clamp=0.0000 logvar_p_mean=0.0147 logvar_p_clamp=0.0000 kappa_log10=2.8276
2026-08-30 09:15:27 | Epoch 262/400 | Train Loss 2.3013 Acc 0.1123 | Val Loss 2.3008 Acc 0.1129 AUC 0.5000 Pre 0.0113 Rec 0.1000
2026-08-30 09:15:28 | Diag logvar_q_mean=0.0147 logvar_q_clamp=0.0000 logvar_p_mean=0.0147 logvar_p_clamp=0.0000 kappa_log10=2.8276
2026-08-30 09:15:31 | Epoch 263/400 | Train Loss 2.3013 Acc 0.1123 | Val Loss 2.3007 Acc 0.1129 AUC 0.5000 Pre 0.0113 Rec 0.1000
2026-08-30 09:15:32 | Diag logvar_q_mean=0.0147 logvar_q_clamp=0.0000 logvar_p_mean=0.0147 logvar_p_clamp=0.0000 kappa_log10=2.8276
2026-08-30 09:15:36 | Epoch 264/400 | Train Loss 2.3013 Acc 0.1123 | Val Loss 2.3008 Acc 0.1129 AUC 0.5000 Pre 0.0113 Rec 0.1000
2026-08-30 09:15:36 | Diag logvar_q_mean=0.0147 logvar_q_clamp=0.0000 logvar_p_mean=0.0147 logvar_p_clamp=0.0000 kappa_log10=2.8276
2026-08-30 09:15:40 | Epoch 265/400 | Train Loss 2.3013 Acc 0.1123 | Val Loss 2.3007 Acc 0.1129 AUC 0.5000 Pre 0.0113 Rec 0.1000
2026-08-30 09:15:41 | Diag logvar_q_mean=0.0147 logvar_q_clamp=0.0000 logvar_p_mean=0.0147 logvar_p_clamp=0.0000 kappa_log10=2.8276
2026-08-30 09:15:45 | Epoch 266/400 | Train Loss 2.3013 Acc 0.1123 | Val Loss 2.3007 Acc 0.1129 AUC 0.5000 Pre 0.0113 Rec 0.1000
2026-08-30 09:15:45 | Diag logvar_q_mean=0.0147 logvar_q_clamp=0.0000 logvar_p_mean=0.0147 logvar_p_clamp=0.0000 kappa_log10=2.8276
2026-08-30 09:15:49 | Epoch 267/400 | Train Loss 2.3013 Acc 0.1123 | Val Loss 2.3007 Acc 0.1129 AUC 0.5000 Pre 0.0113 Rec 0.1000
2026-08-30 09:15:50 | Diag logvar_q_mean=0.0147 logvar_q_clamp=0.0000 logvar_p_mean=0.0147 logvar_p_clamp=0.0000 kappa_log10=2.8276
2026-08-30 09:15:53 | Epoch 268/400 | Train Loss 2.3013 Acc 0.1123 | Val Loss 2.3008 Acc 0.1129 AUC 0.5000 Pre 0.0113 Rec 0.1000
2026-08-30 09:15:54 | Diag logvar_q_mean=0.0147 logvar_q_clamp=0.0000 logvar_p_mean=0.0147 logvar_p_clamp=0.0000 kappa_log10=2.8276
2026-08-30 09:15:58 | Epoch 269/400 | Train Loss 2.3013 Acc 0.1123 | Val Loss 2.3007 Acc 0.1129 AUC 0.5000 Pre 0.0113 Rec 0.1000
2026-08-30 09:15:59 | Diag logvar_q_mean=0.0147 logvar_q_clamp=0.0000 logvar_p_mean=0.0147 logvar_p_clamp=0.0000 kappa_log10=2.8276
2026-08-30 09:16:03 | Epoch 270/400 | Train Loss 2.3013 Acc 0.1123 | Val Loss 2.3008 Acc 0.1129 AUC 0.5000 Pre 0.0113 Rec 0.1000
2026-08-30 09:16:03 | Diag logvar_q_mean=0.0147 logvar_q_clamp=0.0000 logvar_p_mean=0.0147 logvar_p_clamp=0.0000 kappa_log10=2.8276
2026-08-30 09:16:07 | Epoch 271/400 | Train Loss 2.3013 Acc 0.1123 | Val Loss 2.3008 Acc 0.1129 AUC 0.5000 Pre 0.0113 Rec 0.1000
2026-08-30 09:16:08 | Diag logvar_q_mean=0.0147 logvar_q_clamp=0.0000 logvar_p_mean=0.0147 logvar_p_clamp=0.0000 kappa_log10=2.8276
2026-08-30 09:16:12 | Epoch 272/400 | Train Loss 2.3013 Acc 0.1123 | Val Loss 2.3008 Acc 0.1129 AUC 0.5000 Pre 0.0113 Rec 0.1000
2026-08-30 09:16:12 | Diag logvar_q_mean=0.0147 logvar_q_clamp=0.0000 logvar_p_mean=0.0147 logvar_p_clamp=0.0000 kappa_log10=2.8276
2026-08-30 09:16:16 | Epoch 273/400 | Train Loss 2.3013 Acc 0.1123 | Val Loss 2.3008 Acc 0.1129 AUC 0.5000 Pre 0.0113 Rec 0.1000
2026-08-30 09:16:17 | Diag logvar_q_mean=0.0147 logvar_q_clamp=0.0000 logvar_p_mean=0.0147 logvar_p_clamp=0.0000 kappa_log10=2.8276
2026-08-30 09:16:21 | Epoch 274/400 | Train Loss 2.3013 Acc 0.1123 | Val Loss 2.3008 Acc 0.1129 AUC 0.5000 Pre 0.0113 Rec 0.1000
2026-08-30 09:16:21 | Diag logvar_q_mean=0.0147 logvar_q_clamp=0.0000 logvar_p_mean=0.0147 logvar_p_clamp=0.0000 kappa_log10=2.8276
2026-08-30 09:16:25 | Epoch 275/400 | Train Loss 2.3013 Acc 0.1123 | Val Loss 2.3008 Acc 0.1129 AUC 0.5000 Pre 0.0113 Rec 0.1000
2026-08-30 09:16:26 | Diag logvar_q_mean=0.0147 logvar_q_clamp=0.0000 logvar_p_mean=0.0147 logvar_p_clamp=0.0000 kappa_log10=2.8276
2026-08-30 09:16:30 | Epoch 276/400 | Train Loss 2.3013 Acc 0.1123 | Val Loss 2.3007 Acc 0.1129 AUC 0.5000 Pre 0.0113 Rec 0.1000
2026-08-30 09:16:30 | Diag logvar_q_mean=0.0147 logvar_q_clamp=0.0000 logvar_p_mean=0.0147 logvar_p_clamp=0.0000 kappa_log10=2.8276
2026-08-30 09:16:34 | Epoch 277/400 | Train Loss 2.3013 Acc 0.1123 | Val Loss 2.3008 Acc 0.1129 AUC 0.5000 Pre 0.0113 Rec 0.1000
2026-08-30 09:16:35 | Diag logvar_q_mean=0.0147 logvar_q_clamp=0.0000 logvar_p_mean=0.0147 logvar_p_clamp=0.0000 kappa_log10=2.8276
2026-08-30 09:16:39 | Epoch 278/400 | Train Loss 2.3013 Acc 0.1123 | Val Loss 2.3008 Acc 0.1129 AUC 0.5000 Pre 0.0113 Rec 0.1000
2026-08-30 09:16:39 | Diag logvar_q_mean=0.0147 logvar_q_clamp=0.0000 logvar_p_mean=0.0147 logvar_p_clamp=0.0000 kappa_log10=2.8276
2026-08-30 09:16:43 | Epoch 279/400 | Train Loss 2.3013 Acc 0.1123 | Val Loss 2.3007 Acc 0.1129 AUC 0.5000 Pre 0.0113 Rec 0.1000
2026-08-30 09:16:44 | Diag logvar_q_mean=0.0147 logvar_q_clamp=0.0000 logvar_p_mean=0.0147 logvar_p_clamp=0.0000 kappa_log10=2.8276
2026-08-30 09:16:48 | Epoch 280/400 | Train Loss 2.3013 Acc 0.1123 | Val Loss 2.3008 Acc 0.1129 AUC 0.5000 Pre 0.0113 Rec 0.1000
2026-08-30 09:16:49 | Diag logvar_q_mean=0.0148 logvar_q_clamp=0.0000 logvar_p_mean=0.0147 logvar_p_clamp=0.0000 kappa_log10=2.8276
2026-08-30 09:16:53 | Epoch 281/400 | Train Loss 2.3013 Acc 0.1123 | Val Loss 2.3007 Acc 0.1129 AUC 0.5000 Pre 0.0113 Rec 0.1000
2026-08-30 09:16:53 | Diag logvar_q_mean=0.0147 logvar_q_clamp=0.0000 logvar_p_mean=0.0148 logvar_p_clamp=0.0000 kappa_log10=2.8276
2026-08-30 09:16:57 | Epoch 282/400 | Train Loss 2.3014 Acc 0.1123 | Val Loss 2.3008 Acc 0.1129 AUC 0.5000 Pre 0.0113 Rec 0.1000
2026-08-30 09:16:58 | Diag logvar_q_mean=0.0148 logvar_q_clamp=0.0000 logvar_p_mean=0.0148 logvar_p_clamp=0.0000 kappa_log10=3.1568
2026-08-30 09:17:02 | Epoch 283/400 | Train Loss 2.3013 Acc 0.1123 | Val Loss 2.3007 Acc 0.1129 AUC 0.5000 Pre 0.0113 Rec 0.1000
2026-08-30 09:17:02 | Diag logvar_q_mean=0.0148 logvar_q_clamp=0.0000 logvar_p_mean=0.0148 logvar_p_clamp=0.0000 kappa_log10=3.2322
2026-08-30 09:17:06 | Epoch 284/400 | Train Loss 2.3013 Acc 0.1123 | Val Loss 2.3008 Acc 0.1129 AUC 0.5000 Pre 0.0113 Rec 0.1000
2026-08-30 09:17:07 | Diag logvar_q_mean=0.0148 logvar_q_clamp=0.0000 logvar_p_mean=0.0148 logvar_p_clamp=0.0000 kappa_log10=3.2322
2026-08-30 09:17:11 | Epoch 285/400 | Train Loss 2.3013 Acc 0.1123 | Val Loss 2.3007 Acc 0.1129 AUC 0.5000 Pre 0.0113 Rec 0.1000
2026-08-30 09:17:11 | Diag logvar_q_mean=0.0148 logvar_q_clamp=0.0000 logvar_p_mean=0.0148 logvar_p_clamp=0.0000 kappa_log10=3.2322
2026-08-30 09:17:15 | Epoch 286/400 | Train Loss 2.3013 Acc 0.1123 | Val Loss 2.3007 Acc 0.1129 AUC 0.5000 Pre 0.0113 Rec 0.1000
2026-08-30 09:17:16 | Diag logvar_q_mean=0.0148 logvar_q_clamp=0.0000 logvar_p_mean=0.0148 logvar_p_clamp=0.0000 kappa_log10=3.2322
2026-08-30 09:17:20 | Epoch 287/400 | Train Loss 2.3013 Acc 0.1123 | Val Loss 2.3008 Acc 0.1129 AUC 0.5000 Pre 0.0113 Rec 0.1000
2026-08-30 09:17:21 | Diag logvar_q_mean=0.0148 logvar_q_clamp=0.0000 logvar_p_mean=0.0148 logvar_p_clamp=0.0000 kappa_log10=3.2322
2026-08-30 09:17:25 | Epoch 288/400 | Train Loss 2.3013 Acc 0.1123 | Val Loss 2.3007 Acc 0.1129 AUC 0.5000 Pre 0.0113 Rec 0.1000
2026-08-30 09:17:25 | Diag logvar_q_mean=0.0148 logvar_q_clamp=0.0000 logvar_p_mean=0.0148 logvar_p_clamp=0.0000 kappa_log10=3.2322
2026-08-30 09:17:29 | Epoch 289/400 | Train Loss 2.3013 Acc 0.1123 | Val Loss 2.3008 Acc 0.1129 AUC 0.5000 Pre 0.0113 Rec 0.1000
2026-08-30 09:17:30 | Diag logvar_q_mean=0.0148 logvar_q_clamp=0.0000 logvar_p_mean=0.0148 logvar_p_clamp=0.0000 kappa_log10=3.2322
2026-08-30 09:17:34 | Epoch 290/400 | Train Loss 2.3013 Acc 0.1123 | Val Loss 2.3007 Acc 0.1129 AUC 0.5000 Pre 0.0113 Rec 0.1000
2026-08-30 09:17:35 | Diag logvar_q_mean=0.0148 logvar_q_clamp=0.0000 logvar_p_mean=0.0148 logvar_p_clamp=0.0000 kappa_log10=3.2322
2026-08-30 09:17:39 | Epoch 291/400 | Train Loss 2.3013 Acc 0.1123 | Val Loss 2.3008 Acc 0.1129 AUC 0.5000 Pre 0.0113 Rec 0.1000
2026-08-30 09:17:39 | Diag logvar_q_mean=0.0148 logvar_q_clamp=0.0000 logvar_p_mean=0.0148 logvar_p_clamp=0.0000 kappa_log10=3.2322
2026-08-30 09:17:43 | Epoch 292/400 | Train Loss 2.3013 Acc 0.1123 | Val Loss 2.3008 Acc 0.1129 AUC 0.5000 Pre 0.0113 Rec 0.1000
2026-08-30 09:17:44 | Diag logvar_q_mean=0.0148 logvar_q_clamp=0.0000 logvar_p_mean=0.0148 logvar_p_clamp=0.0000 kappa_log10=3.2322
2026-08-30 09:17:48 | Epoch 293/400 | Train Loss 2.3013 Acc 0.1123 | Val Loss 2.3008 Acc 0.1129 AUC 0.5000 Pre 0.0113 Rec 0.1000
2026-08-30 09:17:48 | Diag logvar_q_mean=0.0148 logvar_q_clamp=0.0000 logvar_p_mean=0.0148 logvar_p_clamp=0.0000 kappa_log10=3.2322
2026-08-30 09:17:52 | Epoch 294/400 | Train Loss 2.3013 Acc 0.1123 | Val Loss 2.3008 Acc 0.1129 AUC 0.5000 Pre 0.0113 Rec 0.1000
2026-08-30 09:17:53 | Diag logvar_q_mean=0.0148 logvar_q_clamp=0.0000 logvar_p_mean=0.0148 logvar_p_clamp=0.0000 kappa_log10=3.2322
2026-08-30 09:17:57 | Epoch 295/400 | Train Loss 2.3013 Acc 0.1123 | Val Loss 2.3008 Acc 0.1129 AUC 0.5000 Pre 0.0113 Rec 0.1000
2026-08-30 09:17:58 | Diag logvar_q_mean=0.0148 logvar_q_clamp=0.0000 logvar_p_mean=0.0148 logvar_p_clamp=0.0000 kappa_log10=3.2322
2026-08-30 09:18:02 | Epoch 296/400 | Train Loss 2.3013 Acc 0.1123 | Val Loss 2.3008 Acc 0.1129 AUC 0.5000 Pre 0.0113 Rec 0.1000
2026-08-30 09:18:03 | Diag logvar_q_mean=0.0148 logvar_q_clamp=0.0000 logvar_p_mean=0.0148 logvar_p_clamp=0.0000 kappa_log10=3.2322
2026-08-30 09:18:07 | Epoch 297/400 | Train Loss 2.3013 Acc 0.1123 | Val Loss 2.3008 Acc 0.1129 AUC 0.5000 Pre 0.0113 Rec 0.1000
2026-08-30 09:18:07 | Diag logvar_q_mean=0.0148 logvar_q_clamp=0.0000 logvar_p_mean=0.0148 logvar_p_clamp=0.0000 kappa_log10=3.2322
2026-08-30 09:18:11 | Epoch 298/400 | Train Loss 2.3013 Acc 0.1123 | Val Loss 2.3008 Acc 0.1129 AUC 0.5000 Pre 0.0113 Rec 0.1000
2026-08-30 09:18:12 | Diag logvar_q_mean=0.0148 logvar_q_clamp=0.0000 logvar_p_mean=0.0149 logvar_p_clamp=0.0000 kappa_log10=2.6146
2026-08-30 09:18:16 | Epoch 299/400 | Train Loss 2.3013 Acc 0.1123 | Val Loss 2.3008 Acc 0.1129 AUC 0.5000 Pre 0.0113 Rec 0.1000
2026-08-30 09:18:16 | Diag logvar_q_mean=0.0149 logvar_q_clamp=0.0000 logvar_p_mean=0.0149 logvar_p_clamp=0.0000 kappa_log10=2.6022
2026-08-30 09:18:20 | Epoch 300/400 | Train Loss 2.3013 Acc 0.1123 | Val Loss 2.3008 Acc 0.1129 AUC 0.5000 Pre 0.0113 Rec 0.1000
2026-08-30 09:18:21 | Diag logvar_q_mean=0.0149 logvar_q_clamp=0.0000 logvar_p_mean=0.0149 logvar_p_clamp=0.0000 kappa_log10=2.6022
2026-08-30 09:18:25 | Epoch 301/400 | Train Loss 2.3013 Acc 0.1123 | Val Loss 2.3008 Acc 0.1129 AUC 0.5000 Pre 0.0113 Rec 0.1000
2026-08-30 09:18:26 | Diag logvar_q_mean=0.0149 logvar_q_clamp=0.0000 logvar_p_mean=0.0149 logvar_p_clamp=0.0000 kappa_log10=2.6022
2026-08-30 09:18:30 | Epoch 302/400 | Train Loss 2.3013 Acc 0.1123 | Val Loss 2.3008 Acc 0.1129 AUC 0.5000 Pre 0.0113 Rec 0.1000
2026-08-30 09:18:31 | Diag logvar_q_mean=0.0149 logvar_q_clamp=0.0000 logvar_p_mean=0.0149 logvar_p_clamp=0.0000 kappa_log10=2.6053
2026-08-30 09:18:35 | Epoch 303/400 | Train Loss 2.3013 Acc 0.1123 | Val Loss 2.3008 Acc 0.1129 AUC 0.5000 Pre 0.0113 Rec 0.1000
2026-08-30 09:18:35 | Diag logvar_q_mean=0.0149 logvar_q_clamp=0.0000 logvar_p_mean=0.0149 logvar_p_clamp=0.0000 kappa_log10=2.6068
2026-08-30 09:18:39 | Epoch 304/400 | Train Loss 2.3016 Acc 0.1123 | Val Loss 2.3007 Acc 0.1129 AUC 0.5000 Pre 0.0113 Rec 0.1000
2026-08-30 09:18:40 | Diag logvar_q_mean=0.0150 logvar_q_clamp=0.0000 logvar_p_mean=0.0150 logvar_p_clamp=0.0000 kappa_log10=3.4028
2026-08-30 09:18:44 | Epoch 305/400 | Train Loss 2.3013 Acc 0.1123 | Val Loss 2.3008 Acc 0.1129 AUC 0.5000 Pre 0.0113 Rec 0.1000
2026-08-30 09:18:45 | Diag logvar_q_mean=0.0150 logvar_q_clamp=0.0000 logvar_p_mean=0.0150 logvar_p_clamp=0.0000 kappa_log10=3.4026
2026-08-30 09:18:48 | Epoch 306/400 | Train Loss 2.3013 Acc 0.1123 | Val Loss 2.3007 Acc 0.1129 AUC 0.5000 Pre 0.0113 Rec 0.1000
2026-08-30 09:18:49 | Diag logvar_q_mean=0.0150 logvar_q_clamp=0.0000 logvar_p_mean=0.0150 logvar_p_clamp=0.0000 kappa_log10=3.9657
2026-08-30 09:18:53 | Epoch 307/400 | Train Loss 2.3013 Acc 0.1123 | Val Loss 2.3008 Acc 0.1129 AUC 0.5000 Pre 0.0113 Rec 0.1000
2026-08-30 09:18:54 | Diag logvar_q_mean=0.0150 logvar_q_clamp=0.0000 logvar_p_mean=0.0150 logvar_p_clamp=0.0000 kappa_log10=6.6383
2026-08-30 09:18:58 | Epoch 308/400 | Train Loss 2.3013 Acc 0.1123 | Val Loss 2.3008 Acc 0.1129 AUC 0.5000 Pre 0.0113 Rec 0.1000
2026-08-30 09:18:58 | Diag logvar_q_mean=0.0150 logvar_q_clamp=0.0000 logvar_p_mean=0.0150 logvar_p_clamp=0.0000 kappa_log10=6.6129
2026-08-30 09:19:02 | Epoch 309/400 | Train Loss 2.3013 Acc 0.1123 | Val Loss 2.3008 Acc 0.1129 AUC 0.5000 Pre 0.0113 Rec 0.1000
2026-08-30 09:19:03 | Diag logvar_q_mean=0.0150 logvar_q_clamp=0.0000 logvar_p_mean=0.0150 logvar_p_clamp=0.0000 kappa_log10=6.6129
2026-08-30 09:19:07 | Epoch 310/400 | Train Loss 2.3013 Acc 0.1123 | Val Loss 2.3007 Acc 0.1129 AUC 0.5000 Pre 0.0113 Rec 0.1000
2026-08-30 09:19:07 | Diag logvar_q_mean=0.0150 logvar_q_clamp=0.0000 logvar_p_mean=0.0150 logvar_p_clamp=0.0000 kappa_log10=6.6129
2026-08-30 09:19:11 | Epoch 311/400 | Train Loss 2.3013 Acc 0.1123 | Val Loss 2.3008 Acc 0.1129 AUC 0.5000 Pre 0.0113 Rec 0.1000
2026-08-30 09:19:12 | Diag logvar_q_mean=0.0150 logvar_q_clamp=0.0000 logvar_p_mean=0.0150 logvar_p_clamp=0.0000 kappa_log10=6.6129
2026-08-30 09:19:16 | Epoch 312/400 | Train Loss 2.3013 Acc 0.1123 | Val Loss 2.3008 Acc 0.1129 AUC 0.5000 Pre 0.0113 Rec 0.1000
2026-08-30 09:19:17 | Diag logvar_q_mean=0.0151 logvar_q_clamp=0.0000 logvar_p_mean=0.0151 logvar_p_clamp=0.0000 kappa_log10=6.6129
2026-08-30 09:19:20 | Epoch 313/400 | Train Loss 2.3013 Acc 0.1123 | Val Loss 2.3008 Acc 0.1129 AUC 0.5000 Pre 0.0113 Rec 0.1000
2026-08-30 09:19:21 | Diag logvar_q_mean=0.0151 logvar_q_clamp=0.0000 logvar_p_mean=0.0151 logvar_p_clamp=0.0000 kappa_log10=6.6129
2026-08-30 09:19:25 | Epoch 314/400 | Train Loss 2.3013 Acc 0.1123 | Val Loss 2.3008 Acc 0.1129 AUC 0.5000 Pre 0.0113 Rec 0.1000
2026-08-30 09:19:26 | Diag logvar_q_mean=0.0151 logvar_q_clamp=0.0000 logvar_p_mean=0.0151 logvar_p_clamp=0.0000 kappa_log10=6.6129
2026-08-30 09:19:30 | Epoch 315/400 | Train Loss 2.3014 Acc 0.1123 | Val Loss 2.3007 Acc 0.1129 AUC 0.5000 Pre 0.0113 Rec 0.1000
2026-08-30 09:19:30 | Diag logvar_q_mean=0.0151 logvar_q_clamp=0.0000 logvar_p_mean=0.0151 logvar_p_clamp=0.0000 kappa_log10=3.1986
2026-08-30 09:19:34 | Epoch 316/400 | Train Loss 2.3013 Acc 0.1123 | Val Loss 2.3008 Acc 0.1129 AUC 0.5000 Pre 0.0113 Rec 0.1000
2026-08-30 09:19:35 | Diag logvar_q_mean=0.0151 logvar_q_clamp=0.0000 logvar_p_mean=0.0151 logvar_p_clamp=0.0000 kappa_log10=3.1988
2026-08-30 09:19:39 | Epoch 317/400 | Train Loss 2.3013 Acc 0.1123 | Val Loss 2.3008 Acc 0.1129 AUC 0.5000 Pre 0.0113 Rec 0.1000
2026-08-30 09:19:39 | Diag logvar_q_mean=0.0151 logvar_q_clamp=0.0000 logvar_p_mean=0.0151 logvar_p_clamp=0.0000 kappa_log10=3.1988
2026-08-30 09:19:43 | Epoch 318/400 | Train Loss 2.3013 Acc 0.1123 | Val Loss 2.3008 Acc 0.1129 AUC 0.5000 Pre 0.0113 Rec 0.1000
2026-08-30 09:19:44 | Diag logvar_q_mean=0.0151 logvar_q_clamp=0.0000 logvar_p_mean=0.0151 logvar_p_clamp=0.0000 kappa_log10=3.1988
2026-08-30 09:19:48 | Epoch 319/400 | Train Loss 2.3013 Acc 0.1123 | Val Loss 2.3008 Acc 0.1129 AUC 0.5000 Pre 0.0113 Rec 0.1000
2026-08-30 09:19:48 | Diag logvar_q_mean=0.0151 logvar_q_clamp=0.0000 logvar_p_mean=0.0151 logvar_p_clamp=0.0000 kappa_log10=3.1988
2026-08-30 09:19:52 | Epoch 320/400 | Train Loss 2.3014 Acc 0.1123 | Val Loss 2.3007 Acc 0.1129 AUC 0.5000 Pre 0.0113 Rec 0.1000
2026-08-30 09:19:53 | Diag logvar_q_mean=0.0151 logvar_q_clamp=0.0000 logvar_p_mean=0.0151 logvar_p_clamp=0.0000 kappa_log10=3.5125
2026-08-30 09:19:57 | Epoch 321/400 | Train Loss 2.3013 Acc 0.1123 | Val Loss 2.3007 Acc 0.1129 AUC 0.5000 Pre 0.0113 Rec 0.1000
2026-08-30 09:19:58 | Diag logvar_q_mean=0.0151 logvar_q_clamp=0.0000 logvar_p_mean=0.0151 logvar_p_clamp=0.0000 kappa_log10=3.5120
2026-08-30 09:20:02 | Epoch 322/400 | Train Loss 2.3013 Acc 0.1123 | Val Loss 2.3008 Acc 0.1129 AUC 0.5000 Pre 0.0113 Rec 0.1000
2026-08-30 09:20:02 | Diag logvar_q_mean=0.0151 logvar_q_clamp=0.0000 logvar_p_mean=0.0151 logvar_p_clamp=0.0000 kappa_log10=3.5121
2026-08-30 09:20:06 | Epoch 323/400 | Train Loss 2.3013 Acc 0.1123 | Val Loss 2.3008 Acc 0.1129 AUC 0.5000 Pre 0.0113 Rec 0.1000
2026-08-30 09:20:07 | Diag logvar_q_mean=0.0151 logvar_q_clamp=0.0000 logvar_p_mean=0.0151 logvar_p_clamp=0.0000 kappa_log10=3.5121
2026-08-30 09:20:11 | Epoch 324/400 | Train Loss 2.3013 Acc 0.1123 | Val Loss 2.3008 Acc 0.1129 AUC 0.5000 Pre 0.0113 Rec 0.1000
2026-08-30 09:20:11 | Diag logvar_q_mean=0.0152 logvar_q_clamp=0.0000 logvar_p_mean=0.0151 logvar_p_clamp=0.0000 kappa_log10=3.5121
2026-08-30 09:20:15 | Epoch 325/400 | Train Loss 2.3013 Acc 0.1123 | Val Loss 2.3007 Acc 0.1129 AUC 0.5000 Pre 0.0113 Rec 0.1000
2026-08-30 09:20:16 | Diag logvar_q_mean=0.0152 logvar_q_clamp=0.0000 logvar_p_mean=0.0152 logvar_p_clamp=0.0000 kappa_log10=3.6169
2026-08-30 09:20:20 | Epoch 326/400 | Train Loss 2.3013 Acc 0.1123 | Val Loss 2.3008 Acc 0.1129 AUC 0.5000 Pre 0.0113 Rec 0.1000
2026-08-30 09:20:20 | Diag logvar_q_mean=0.0152 logvar_q_clamp=0.0000 logvar_p_mean=0.0152 logvar_p_clamp=0.0000 kappa_log10=3.6169
2026-08-30 09:20:24 | Epoch 327/400 | Train Loss 2.3013 Acc 0.1123 | Val Loss 2.3008 Acc 0.1129 AUC 0.5000 Pre 0.0113 Rec 0.1000
2026-08-30 09:20:25 | Diag logvar_q_mean=0.0152 logvar_q_clamp=0.0000 logvar_p_mean=0.0152 logvar_p_clamp=0.0000 kappa_log10=3.6169
2026-08-30 09:20:29 | Epoch 328/400 | Train Loss 2.3013 Acc 0.1123 | Val Loss 2.3008 Acc 0.1129 AUC 0.5000 Pre 0.0113 Rec 0.1000
2026-08-30 09:20:30 | Diag logvar_q_mean=0.0152 logvar_q_clamp=0.0000 logvar_p_mean=0.0152 logvar_p_clamp=0.0000 kappa_log10=3.6169
2026-08-30 09:20:34 | Epoch 329/400 | Train Loss 2.3013 Acc 0.1123 | Val Loss 2.3008 Acc 0.1129 AUC 0.5000 Pre 0.0113 Rec 0.1000
2026-08-30 09:20:34 | Diag logvar_q_mean=0.0152 logvar_q_clamp=0.0000 logvar_p_mean=0.0152 logvar_p_clamp=0.0000 kappa_log10=3.6169
2026-08-30 09:20:38 | Epoch 330/400 | Train Loss 2.3013 Acc 0.1123 | Val Loss 2.3008 Acc 0.1129 AUC 0.5000 Pre 0.0113 Rec 0.1000
2026-08-30 09:20:39 | Diag logvar_q_mean=0.0152 logvar_q_clamp=0.0000 logvar_p_mean=0.0152 logvar_p_clamp=0.0000 kappa_log10=3.6169
2026-08-30 09:20:43 | Epoch 331/400 | Train Loss 2.3013 Acc 0.1123 | Val Loss 2.3008 Acc 0.1129 AUC 0.5000 Pre 0.0113 Rec 0.1000
2026-08-30 09:20:43 | Diag logvar_q_mean=0.0152 logvar_q_clamp=0.0000 logvar_p_mean=0.0152 logvar_p_clamp=0.0000 kappa_log10=3.6169
2026-08-30 09:20:47 | Epoch 332/400 | Train Loss 2.3013 Acc 0.1123 | Val Loss 2.3008 Acc 0.1129 AUC 0.5000 Pre 0.0113 Rec 0.1000
2026-08-30 09:20:48 | Diag logvar_q_mean=0.0152 logvar_q_clamp=0.0000 logvar_p_mean=0.0152 logvar_p_clamp=0.0000 kappa_log10=3.6169
2026-08-30 09:20:52 | Epoch 333/400 | Train Loss 2.3013 Acc 0.1123 | Val Loss 2.3008 Acc 0.1129 AUC 0.5000 Pre 0.0113 Rec 0.1000
2026-08-30 09:20:52 | Diag logvar_q_mean=0.0152 logvar_q_clamp=0.0000 logvar_p_mean=0.0152 logvar_p_clamp=0.0000 kappa_log10=3.6169
2026-08-30 09:20:56 | Epoch 334/400 | Train Loss 2.3014 Acc 0.1123 | Val Loss 2.3008 Acc 0.1129 AUC 0.5000 Pre 0.0113 Rec 0.1000
2026-08-30 09:20:57 | Diag logvar_q_mean=0.0152 logvar_q_clamp=0.0000 logvar_p_mean=0.0153 logvar_p_clamp=0.0000 kappa_log10=3.9185
2026-08-30 09:21:01 | Epoch 335/400 | Train Loss 2.3013 Acc 0.1123 | Val Loss 2.3008 Acc 0.1129 AUC 0.5000 Pre 0.0113 Rec 0.1000
2026-08-30 09:21:02 | Diag logvar_q_mean=0.0153 logvar_q_clamp=0.0000 logvar_p_mean=0.0153 logvar_p_clamp=0.0000 kappa_log10=2.9929
2026-08-30 09:21:06 | Epoch 336/400 | Train Loss 2.3013 Acc 0.1123 | Val Loss 2.3008 Acc 0.1129 AUC 0.5000 Pre 0.0113 Rec 0.1000
2026-08-30 09:21:06 | Diag logvar_q_mean=0.0153 logvar_q_clamp=0.0000 logvar_p_mean=0.0153 logvar_p_clamp=0.0000 kappa_log10=2.9809
2026-08-30 09:21:10 | Epoch 337/400 | Train Loss 2.3013 Acc 0.1123 | Val Loss 2.3008 Acc 0.1129 AUC 0.5000 Pre 0.0113 Rec 0.1000
2026-08-30 09:21:11 | Diag logvar_q_mean=0.0153 logvar_q_clamp=0.0000 logvar_p_mean=0.0153 logvar_p_clamp=0.0000 kappa_log10=2.9809
2026-08-30 09:21:15 | Epoch 338/400 | Train Loss 2.3013 Acc 0.1123 | Val Loss 2.3008 Acc 0.1129 AUC 0.5000 Pre 0.0113 Rec 0.1000
2026-08-30 09:21:15 | Diag logvar_q_mean=0.0153 logvar_q_clamp=0.0000 logvar_p_mean=0.0153 logvar_p_clamp=0.0000 kappa_log10=2.9809
2026-08-30 09:21:19 | Epoch 339/400 | Train Loss 2.3013 Acc 0.1123 | Val Loss 2.3008 Acc 0.1129 AUC 0.5000 Pre 0.0113 Rec 0.1000
2026-08-30 09:21:20 | Diag logvar_q_mean=0.0153 logvar_q_clamp=0.0000 logvar_p_mean=0.0153 logvar_p_clamp=0.0000 kappa_log10=2.9809
2026-08-30 09:21:24 | Epoch 340/400 | Train Loss 2.3013 Acc 0.1123 | Val Loss 2.3008 Acc 0.1129 AUC 0.5000 Pre 0.0113 Rec 0.1000
2026-08-30 09:21:24 | Diag logvar_q_mean=0.0153 logvar_q_clamp=0.0000 logvar_p_mean=0.0153 logvar_p_clamp=0.0000 kappa_log10=2.9809
2026-08-30 09:21:28 | Epoch 341/400 | Train Loss 2.3013 Acc 0.1123 | Val Loss 2.3008 Acc 0.1129 AUC 0.5000 Pre 0.0113 Rec 0.1000
2026-08-30 09:21:29 | Diag logvar_q_mean=0.0153 logvar_q_clamp=0.0000 logvar_p_mean=0.0153 logvar_p_clamp=0.0000 kappa_log10=3.5809
2026-08-30 09:21:33 | Epoch 342/400 | Train Loss 2.3013 Acc 0.1123 | Val Loss 2.3008 Acc 0.1129 AUC 0.5000 Pre 0.0113 Rec 0.1000
2026-08-30 09:21:34 | Diag logvar_q_mean=0.0153 logvar_q_clamp=0.0000 logvar_p_mean=0.0153 logvar_p_clamp=0.0000 kappa_log10=3.5785
2026-08-30 09:21:38 | Epoch 343/400 | Train Loss 2.3013 Acc 0.1123 | Val Loss 2.3008 Acc 0.1129 AUC 0.5000 Pre 0.0113 Rec 0.1000
2026-08-30 09:21:38 | Diag logvar_q_mean=0.0153 logvar_q_clamp=0.0000 logvar_p_mean=0.0153 logvar_p_clamp=0.0000 kappa_log10=3.5785
2026-08-30 09:21:42 | Epoch 344/400 | Train Loss 2.3013 Acc 0.1123 | Val Loss 2.3007 Acc 0.1129 AUC 0.5000 Pre 0.0113 Rec 0.1000
2026-08-30 09:21:43 | Diag logvar_q_mean=0.0153 logvar_q_clamp=0.0000 logvar_p_mean=0.0153 logvar_p_clamp=0.0000 kappa_log10=3.5785
2026-08-30 09:21:47 | Epoch 345/400 | Train Loss 2.3013 Acc 0.1123 | Val Loss 2.3008 Acc 0.1129 AUC 0.5000 Pre 0.0113 Rec 0.1000
2026-08-30 09:21:47 | Diag logvar_q_mean=0.0153 logvar_q_clamp=0.0000 logvar_p_mean=0.0153 logvar_p_clamp=0.0000 kappa_log10=3.4925
2026-08-30 09:21:51 | Epoch 346/400 | Train Loss 2.3013 Acc 0.1123 | Val Loss 2.3007 Acc 0.1129 AUC 0.5000 Pre 0.0113 Rec 0.1000
2026-08-30 09:21:52 | Diag logvar_q_mean=0.0153 logvar_q_clamp=0.0000 logvar_p_mean=0.0153 logvar_p_clamp=0.0000 kappa_log10=3.3925
2026-08-30 09:21:56 | Epoch 347/400 | Train Loss 2.3013 Acc 0.1123 | Val Loss 2.3008 Acc 0.1129 AUC 0.5000 Pre 0.0113 Rec 0.1000
2026-08-30 09:21:56 | Diag logvar_q_mean=0.0153 logvar_q_clamp=0.0000 logvar_p_mean=0.0153 logvar_p_clamp=0.0000 kappa_log10=3.3925
2026-08-30 09:22:00 | Epoch 348/400 | Train Loss 2.3013 Acc 0.1123 | Val Loss 2.3008 Acc 0.1129 AUC 0.5000 Pre 0.0113 Rec 0.1000
2026-08-30 09:22:01 | Diag logvar_q_mean=0.0153 logvar_q_clamp=0.0000 logvar_p_mean=0.0153 logvar_p_clamp=0.0000 kappa_log10=3.3925
2026-08-30 09:22:05 | Epoch 349/400 | Train Loss 2.3013 Acc 0.1123 | Val Loss 2.3008 Acc 0.1129 AUC 0.5000 Pre 0.0113 Rec 0.1000
2026-08-30 09:22:06 | Diag logvar_q_mean=0.0153 logvar_q_clamp=0.0000 logvar_p_mean=0.0153 logvar_p_clamp=0.0000 kappa_log10=3.3925
2026-08-30 09:22:10 | Epoch 350/400 | Train Loss 2.3013 Acc 0.1123 | Val Loss 2.3008 Acc 0.1129 AUC 0.5000 Pre 0.0113 Rec 0.1000
2026-08-30 09:22:10 | Diag logvar_q_mean=0.0153 logvar_q_clamp=0.0000 logvar_p_mean=0.0153 logvar_p_clamp=0.0000 kappa_log10=3.3925
2026-08-30 09:22:14 | Epoch 351/400 | Train Loss 2.3013 Acc 0.1123 | Val Loss 2.3008 Acc 0.1129 AUC 0.5000 Pre 0.0113 Rec 0.1000
2026-08-30 09:22:15 | Diag logvar_q_mean=0.0153 logvar_q_clamp=0.0000 logvar_p_mean=0.0153 logvar_p_clamp=0.0000 kappa_log10=3.3925
2026-08-30 09:22:19 | Epoch 352/400 | Train Loss 2.3013 Acc 0.1123 | Val Loss 2.3008 Acc 0.1129 AUC 0.5000 Pre 0.0113 Rec 0.1000
2026-08-30 09:22:19 | Diag logvar_q_mean=0.0153 logvar_q_clamp=0.0000 logvar_p_mean=0.0153 logvar_p_clamp=0.0000 kappa_log10=3.3925
2026-08-30 09:22:23 | Epoch 353/400 | Train Loss 2.3013 Acc 0.1123 | Val Loss 2.3008 Acc 0.1129 AUC 0.5000 Pre 0.0113 Rec 0.1000
2026-08-30 09:22:24 | Diag logvar_q_mean=0.0153 logvar_q_clamp=0.0000 logvar_p_mean=0.0154 logvar_p_clamp=0.0000 kappa_log10=3.0956
2026-08-30 09:22:28 | Epoch 354/400 | Train Loss 2.3013 Acc 0.1123 | Val Loss 2.3008 Acc 0.1129 AUC 0.5000 Pre 0.0113 Rec 0.1000
2026-08-30 09:22:28 | Diag logvar_q_mean=0.0153 logvar_q_clamp=0.0000 logvar_p_mean=0.0153 logvar_p_clamp=0.0000 kappa_log10=3.0955
2026-08-30 09:22:32 | Epoch 355/400 | Train Loss 2.3013 Acc 0.1123 | Val Loss 2.3008 Acc 0.1129 AUC 0.5000 Pre 0.0113 Rec 0.1000
2026-08-30 09:22:33 | Diag logvar_q_mean=0.0154 logvar_q_clamp=0.0000 logvar_p_mean=0.0153 logvar_p_clamp=0.0000 kappa_log10=3.0955
2026-08-30 09:22:37 | Epoch 356/400 | Train Loss 2.3013 Acc 0.1123 | Val Loss 2.3008 Acc 0.1129 AUC 0.5000 Pre 0.0113 Rec 0.1000
2026-08-30 09:22:37 | Diag logvar_q_mean=0.0154 logvar_q_clamp=0.0000 logvar_p_mean=0.0154 logvar_p_clamp=0.0000 kappa_log10=3.0955
2026-08-30 09:22:41 | Epoch 357/400 | Train Loss 2.3013 Acc 0.1123 | Val Loss 2.3007 Acc 0.1129 AUC 0.5000 Pre 0.0113 Rec 0.1000
2026-08-30 09:22:42 | Diag logvar_q_mean=0.0154 logvar_q_clamp=0.0000 logvar_p_mean=0.0154 logvar_p_clamp=0.0000 kappa_log10=3.0955
2026-08-30 09:22:46 | Epoch 358/400 | Train Loss 2.3013 Acc 0.1123 | Val Loss 2.3008 Acc 0.1129 AUC 0.5000 Pre 0.0113 Rec 0.1000
2026-08-30 09:22:47 | Diag logvar_q_mean=0.0154 logvar_q_clamp=0.0000 logvar_p_mean=0.0154 logvar_p_clamp=0.0000 kappa_log10=3.0955
2026-08-30 09:22:51 | Epoch 359/400 | Train Loss 2.3013 Acc 0.1123 | Val Loss 2.3008 Acc 0.1129 AUC 0.5000 Pre 0.0113 Rec 0.1000
2026-08-30 09:22:51 | Diag logvar_q_mean=0.0154 logvar_q_clamp=0.0000 logvar_p_mean=0.0154 logvar_p_clamp=0.0000 kappa_log10=3.0955
2026-08-30 09:22:55 | Epoch 360/400 | Train Loss 2.3013 Acc 0.1123 | Val Loss 2.3008 Acc 0.1129 AUC 0.5000 Pre 0.0113 Rec 0.1000
2026-08-30 09:22:56 | Diag logvar_q_mean=0.0154 logvar_q_clamp=0.0000 logvar_p_mean=0.0154 logvar_p_clamp=0.0000 kappa_log10=3.0955
2026-08-30 09:23:00 | Epoch 361/400 | Train Loss 2.3013 Acc 0.1123 | Val Loss 2.3008 Acc 0.1129 AUC 0.5000 Pre 0.0113 Rec 0.1000
2026-08-30 09:23:00 | Diag logvar_q_mean=0.0154 logvar_q_clamp=0.0000 logvar_p_mean=0.0154 logvar_p_clamp=0.0000 kappa_log10=3.0955
2026-08-30 09:23:04 | Epoch 362/400 | Train Loss 2.3013 Acc 0.1123 | Val Loss 2.3008 Acc 0.1129 AUC 0.5000 Pre 0.0113 Rec 0.1000
2026-08-30 09:23:05 | Diag logvar_q_mean=0.0154 logvar_q_clamp=0.0000 logvar_p_mean=0.0154 logvar_p_clamp=0.0000 kappa_log10=3.0955
2026-08-30 09:23:09 | Epoch 363/400 | Train Loss 2.3013 Acc 0.1123 | Val Loss 2.3008 Acc 0.1129 AUC 0.5000 Pre 0.0113 Rec 0.1000
2026-08-30 09:23:10 | Diag logvar_q_mean=0.0154 logvar_q_clamp=0.0000 logvar_p_mean=0.0154 logvar_p_clamp=0.0000 kappa_log10=3.0955
2026-08-30 09:23:14 | Epoch 364/400 | Train Loss 2.3013 Acc 0.1123 | Val Loss 2.3008 Acc 0.1129 AUC 0.5000 Pre 0.0113 Rec 0.1000
2026-08-30 09:23:14 | Diag logvar_q_mean=0.0154 logvar_q_clamp=0.0000 logvar_p_mean=0.0154 logvar_p_clamp=0.0000 kappa_log10=3.0955
2026-08-30 09:23:18 | Epoch 365/400 | Train Loss 2.3013 Acc 0.1123 | Val Loss 2.3008 Acc 0.1129 AUC 0.5000 Pre 0.0113 Rec 0.1000
2026-08-30 09:23:19 | Diag logvar_q_mean=0.0154 logvar_q_clamp=0.0000 logvar_p_mean=0.0154 logvar_p_clamp=0.0000 kappa_log10=3.0955
2026-08-30 09:23:23 | Epoch 366/400 | Train Loss 2.3013 Acc 0.1123 | Val Loss 2.3008 Acc 0.1129 AUC 0.5000 Pre 0.0113 Rec 0.1000
2026-08-30 09:23:23 | Diag logvar_q_mean=0.0154 logvar_q_clamp=0.0000 logvar_p_mean=0.0154 logvar_p_clamp=0.0000 kappa_log10=3.0955
2026-08-30 09:23:27 | Epoch 367/400 | Train Loss 2.3013 Acc 0.1123 | Val Loss 2.3008 Acc 0.1129 AUC 0.5000 Pre 0.0113 Rec 0.1000
2026-08-30 09:23:28 | Diag logvar_q_mean=0.0154 logvar_q_clamp=0.0000 logvar_p_mean=0.0154 logvar_p_clamp=0.0000 kappa_log10=3.0955
2026-08-30 09:23:32 | Epoch 368/400 | Train Loss 2.3013 Acc 0.1123 | Val Loss 2.3008 Acc 0.1129 AUC 0.5000 Pre 0.0113 Rec 0.1000
2026-08-30 09:23:33 | Diag logvar_q_mean=0.0154 logvar_q_clamp=0.0000 logvar_p_mean=0.0154 logvar_p_clamp=0.0000 kappa_log10=3.0955
2026-08-30 09:23:37 | Epoch 369/400 | Train Loss 2.3013 Acc 0.1123 | Val Loss 2.3008 Acc 0.1129 AUC 0.5000 Pre 0.0113 Rec 0.1000
2026-08-30 09:23:37 | Diag logvar_q_mean=0.0154 logvar_q_clamp=0.0000 logvar_p_mean=0.0154 logvar_p_clamp=0.0000 kappa_log10=3.0955
2026-08-30 09:23:41 | Epoch 370/400 | Train Loss 2.3013 Acc 0.1123 | Val Loss 2.3008 Acc 0.1129 AUC 0.5000 Pre 0.0113 Rec 0.1000
2026-08-30 09:23:42 | Diag logvar_q_mean=0.0154 logvar_q_clamp=0.0000 logvar_p_mean=0.0154 logvar_p_clamp=0.0000 kappa_log10=3.7059
2026-08-30 09:23:46 | Epoch 371/400 | Train Loss 2.3013 Acc 0.1123 | Val Loss 2.3008 Acc 0.1129 AUC 0.5000 Pre 0.0113 Rec 0.1000
2026-08-30 09:23:46 | Diag logvar_q_mean=0.0154 logvar_q_clamp=0.0000 logvar_p_mean=0.0154 logvar_p_clamp=0.0000 kappa_log10=3.7062
2026-08-30 09:23:50 | Epoch 372/400 | Train Loss 2.3013 Acc 0.1123 | Val Loss 2.3008 Acc 0.1129 AUC 0.5000 Pre 0.0113 Rec 0.1000
2026-08-30 09:23:51 | Diag logvar_q_mean=0.0154 logvar_q_clamp=0.0000 logvar_p_mean=0.0154 logvar_p_clamp=0.0000 kappa_log10=3.7062
2026-08-30 09:23:55 | Epoch 373/400 | Train Loss 2.3013 Acc 0.1123 | Val Loss 2.3008 Acc 0.1129 AUC 0.5000 Pre 0.0113 Rec 0.1000
2026-08-30 09:23:55 | Diag logvar_q_mean=0.0154 logvar_q_clamp=0.0000 logvar_p_mean=0.0154 logvar_p_clamp=0.0000 kappa_log10=3.7062
2026-08-30 09:23:59 | Epoch 374/400 | Train Loss 2.3013 Acc 0.1123 | Val Loss 2.3008 Acc 0.1129 AUC 0.5000 Pre 0.0113 Rec 0.1000
2026-08-30 09:24:00 | Diag logvar_q_mean=0.0154 logvar_q_clamp=0.0000 logvar_p_mean=0.0154 logvar_p_clamp=0.0000 kappa_log10=3.7062
2026-08-30 09:24:04 | Epoch 375/400 | Train Loss 2.3013 Acc 0.1123 | Val Loss 2.3008 Acc 0.1129 AUC 0.5000 Pre 0.0113 Rec 0.1000
2026-08-30 09:24:04 | Diag logvar_q_mean=0.0154 logvar_q_clamp=0.0000 logvar_p_mean=0.0154 logvar_p_clamp=0.0000 kappa_log10=3.7062
2026-08-30 09:24:08 | Epoch 376/400 | Train Loss 2.3013 Acc 0.1123 | Val Loss 2.3008 Acc 0.1129 AUC 0.5000 Pre 0.0113 Rec 0.1000
2026-08-30 09:24:09 | Diag logvar_q_mean=0.0154 logvar_q_clamp=0.0000 logvar_p_mean=0.0155 logvar_p_clamp=0.0000 kappa_log10=3.7062
2026-08-30 09:24:13 | Epoch 377/400 | Train Loss 2.3013 Acc 0.1123 | Val Loss 2.3008 Acc 0.1129 AUC 0.5000 Pre 0.0113 Rec 0.1000
2026-08-30 09:24:14 | Diag logvar_q_mean=0.0155 logvar_q_clamp=0.0000 logvar_p_mean=0.0155 logvar_p_clamp=0.0000 kappa_log10=3.7062
2026-08-30 09:24:18 | Epoch 378/400 | Train Loss 2.3013 Acc 0.1123 | Val Loss 2.3007 Acc 0.1129 AUC 0.5000 Pre 0.0113 Rec 0.1000
2026-08-30 09:24:18 | Diag logvar_q_mean=0.0155 logvar_q_clamp=0.0000 logvar_p_mean=0.0155 logvar_p_clamp=0.0000 kappa_log10=3.7062
2026-08-30 09:24:22 | Epoch 379/400 | Train Loss 2.3013 Acc 0.1123 | Val Loss 2.3008 Acc 0.1129 AUC 0.5000 Pre 0.0113 Rec 0.1000
2026-08-30 09:24:23 | Diag logvar_q_mean=0.0155 logvar_q_clamp=0.0000 logvar_p_mean=0.0155 logvar_p_clamp=0.0000 kappa_log10=3.7062
2026-08-30 09:24:27 | Epoch 380/400 | Train Loss 2.3013 Acc 0.1123 | Val Loss 2.3007 Acc 0.1129 AUC 0.5000 Pre 0.0113 Rec 0.1000
2026-08-30 09:24:27 | Diag logvar_q_mean=0.0155 logvar_q_clamp=0.0000 logvar_p_mean=0.0155 logvar_p_clamp=0.0000 kappa_log10=3.7062
2026-08-30 09:24:31 | Epoch 381/400 | Train Loss 2.3013 Acc 0.1123 | Val Loss 2.3007 Acc 0.1129 AUC 0.5000 Pre 0.0113 Rec 0.1000
2026-08-30 09:24:32 | Diag logvar_q_mean=0.0155 logvar_q_clamp=0.0000 logvar_p_mean=0.0155 logvar_p_clamp=0.0000 kappa_log10=3.7062
2026-08-30 09:24:36 | Epoch 382/400 | Train Loss 2.3013 Acc 0.1123 | Val Loss 2.3007 Acc 0.1129 AUC 0.5000 Pre 0.0113 Rec 0.1000
2026-08-30 09:24:36 | Diag logvar_q_mean=0.0155 logvar_q_clamp=0.0000 logvar_p_mean=0.0155 logvar_p_clamp=0.0000 kappa_log10=3.0947
2026-08-30 09:24:40 | Epoch 383/400 | Train Loss 2.3013 Acc 0.1123 | Val Loss 2.3007 Acc 0.1129 AUC 0.5000 Pre 0.0113 Rec 0.1000
2026-08-30 09:24:41 | Diag logvar_q_mean=0.0155 logvar_q_clamp=0.0000 logvar_p_mean=0.0155 logvar_p_clamp=0.0000 kappa_log10=3.0946
2026-08-30 09:24:45 | Epoch 384/400 | Train Loss 2.3013 Acc 0.1123 | Val Loss 2.3007 Acc 0.1129 AUC 0.5000 Pre 0.0113 Rec 0.1000
2026-08-30 09:24:46 | Diag logvar_q_mean=0.0155 logvar_q_clamp=0.0000 logvar_p_mean=0.0155 logvar_p_clamp=0.0000 kappa_log10=3.0946
2026-08-30 09:24:50 | Epoch 385/400 | Train Loss 2.3014 Acc 0.1123 | Val Loss 2.3007 Acc 0.1129 AUC 0.5000 Pre 0.0113 Rec 0.1000
2026-08-30 09:24:50 | Diag logvar_q_mean=0.0155 logvar_q_clamp=0.0000 logvar_p_mean=0.0155 logvar_p_clamp=0.0000 kappa_log10=3.0384
2026-08-30 09:24:54 | Epoch 386/400 | Train Loss 2.3013 Acc 0.1123 | Val Loss 2.3008 Acc 0.1129 AUC 0.5000 Pre 0.0113 Rec 0.1000
2026-08-30 09:24:55 | Diag logvar_q_mean=0.0155 logvar_q_clamp=0.0000 logvar_p_mean=0.0155 logvar_p_clamp=0.0000 kappa_log10=3.0381
2026-08-30 09:24:59 | Epoch 387/400 | Train Loss 2.3013 Acc 0.1123 | Val Loss 2.3008 Acc 0.1129 AUC 0.5000 Pre 0.0113 Rec 0.1000
2026-08-30 09:25:00 | Diag logvar_q_mean=0.0155 logvar_q_clamp=0.0000 logvar_p_mean=0.0155 logvar_p_clamp=0.0000 kappa_log10=3.0381
2026-08-30 09:25:04 | Epoch 388/400 | Train Loss 2.3013 Acc 0.1123 | Val Loss 2.3007 Acc 0.1129 AUC 0.5000 Pre 0.0113 Rec 0.1000
2026-08-30 09:25:04 | Diag logvar_q_mean=0.0155 logvar_q_clamp=0.0000 logvar_p_mean=0.0155 logvar_p_clamp=0.0000 kappa_log10=3.0381
2026-08-30 09:25:08 | Epoch 389/400 | Train Loss 2.3013 Acc 0.1123 | Val Loss 2.3008 Acc 0.1129 AUC 0.5000 Pre 0.0113 Rec 0.1000
2026-08-30 09:25:09 | Diag logvar_q_mean=0.0155 logvar_q_clamp=0.0000 logvar_p_mean=0.0155 logvar_p_clamp=0.0000 kappa_log10=3.0381
2026-08-30 09:25:13 | Epoch 390/400 | Train Loss 2.3013 Acc 0.1123 | Val Loss 2.3008 Acc 0.1129 AUC 0.5000 Pre 0.0113 Rec 0.1000
2026-08-30 09:25:14 | Diag logvar_q_mean=0.0155 logvar_q_clamp=0.0000 logvar_p_mean=0.0155 logvar_p_clamp=0.0000 kappa_log10=3.0381
2026-08-30 09:25:18 | Epoch 391/400 | Train Loss 2.3013 Acc 0.1123 | Val Loss 2.3008 Acc 0.1129 AUC 0.5000 Pre 0.0113 Rec 0.1000
2026-08-30 09:25:18 | Diag logvar_q_mean=0.0156 logvar_q_clamp=0.0000 logvar_p_mean=0.0155 logvar_p_clamp=0.0000 kappa_log10=3.0381
2026-08-30 09:25:22 | Epoch 392/400 | Train Loss 2.3013 Acc 0.1123 | Val Loss 2.3008 Acc 0.1129 AUC 0.5000 Pre 0.0113 Rec 0.1000
2026-08-30 09:25:23 | Diag logvar_q_mean=0.0156 logvar_q_clamp=0.0000 logvar_p_mean=0.0156 logvar_p_clamp=0.0000 kappa_log10=3.0381
2026-08-30 09:25:27 | Epoch 393/400 | Train Loss 2.3013 Acc 0.1123 | Val Loss 2.3007 Acc 0.1129 AUC 0.5000 Pre 0.0113 Rec 0.1000
2026-08-30 09:25:27 | Diag logvar_q_mean=0.0156 logvar_q_clamp=0.0000 logvar_p_mean=0.0156 logvar_p_clamp=0.0000 kappa_log10=3.0381
2026-08-30 09:25:31 | Epoch 394/400 | Train Loss 2.3013 Acc 0.1123 | Val Loss 2.3007 Acc 0.1129 AUC 0.5000 Pre 0.0113 Rec 0.1000
2026-08-30 09:25:32 | Diag logvar_q_mean=0.0156 logvar_q_clamp=0.0000 logvar_p_mean=0.0156 logvar_p_clamp=0.0000 kappa_log10=3.0381
2026-08-30 09:25:36 | Epoch 395/400 | Train Loss 2.3013 Acc 0.1123 | Val Loss 2.3008 Acc 0.1129 AUC 0.5000 Pre 0.0113 Rec 0.1000
2026-08-30 09:25:36 | Diag logvar_q_mean=0.0156 logvar_q_clamp=0.0000 logvar_p_mean=0.0156 logvar_p_clamp=0.0000 kappa_log10=3.0381
2026-08-30 09:25:40 | Epoch 396/400 | Train Loss 2.3013 Acc 0.1123 | Val Loss 2.3008 Acc 0.1129 AUC 0.5000 Pre 0.0113 Rec 0.1000
2026-08-30 09:25:41 | Diag logvar_q_mean=0.0156 logvar_q_clamp=0.0000 logvar_p_mean=0.0156 logvar_p_clamp=0.0000 kappa_log10=3.0381
2026-08-30 09:25:45 | Epoch 397/400 | Train Loss 2.3013 Acc 0.1123 | Val Loss 2.3007 Acc 0.1129 AUC 0.5000 Pre 0.0113 Rec 0.1000
2026-08-30 09:25:46 | Diag logvar_q_mean=0.0156 logvar_q_clamp=0.0000 logvar_p_mean=0.0156 logvar_p_clamp=0.0000 kappa_log10=3.0381
2026-08-30 09:25:50 | Epoch 398/400 | Train Loss 2.3013 Acc 0.1123 | Val Loss 2.3008 Acc 0.1129 AUC 0.5000 Pre 0.0113 Rec 0.1000
2026-08-30 09:25:50 | Diag logvar_q_mean=0.0156 logvar_q_clamp=0.0000 logvar_p_mean=0.0156 logvar_p_clamp=0.0000 kappa_log10=3.0381
2026-08-30 09:25:54 | Epoch 399/400 | Train Loss 2.3013 Acc 0.1123 | Val Loss 2.3008 Acc 0.1129 AUC 0.5000 Pre 0.0113 Rec 0.1000
2026-08-30 09:25:55 | Diag logvar_q_mean=0.0156 logvar_q_clamp=0.0000 logvar_p_mean=0.0156 logvar_p_clamp=0.0000 kappa_log10=3.0381
2026-08-30 09:25:59 | Epoch 400/400 | Train Loss 2.3013 Acc 0.1123 | Val Loss 2.3008 Acc 0.1129 AUC 0.5000 Pre 0.0113 Rec 0.1000
2026-08-30 09:25:59 | Diag logvar_q_mean=0.0156 logvar_q_clamp=0.0000 logvar_p_mean=0.0156 logvar_p_clamp=0.0000 kappa_log10=3.0381
2026-08-30 09:26:00 | Run 5/5 | Test (best model @ Epoch 1) | Loss 2.3018 Acc 0.1135 AUC 0.5000 Pre 0.0114 Rec 0.1000
2026-08-30 09:26:00 | Average over 5 runs | Test Loss 2.3015±0.0002 Acc 0.1135±0.0000 AUC 0.5000±0.0000 Pre 0.0114±0.0000 Rec 0.1000±0.0000
