2026-08-30 00:23:50 | Device: cuda
2026-08-30 00:23:50 | Args: {'model': 'ceb', 'backbone': 'mlp', 'task': 'mnist', 'epochs': 400, 'batch_size': 512, 'lr': 0.001, 'hidden_dims': [512, 256], 'dropout': 0.2, 'z_dim': 256, 'anchor_scale': 4.0, 'max_len': 250, 'random_labels': False, 'beta': 10.0, 'patience': 400, 'runs': 5, 'seed': 0, 'data_dir': './data', 'save_path': 'output/mnist_mlp_ceb/mnist_mlp_ceb.pt', 'log_path': '/root/autodl-tmp/FGIB/tune_results_ablation/longtrain/mnist_mlp_ceb_beta_10/train.log', 'no_save': True, 'freeze_a': False, 'a_identity': False, 'cosine_classifier': False, 'log_variance_stats': True, 'subject_disjoint': False}
2026-08-30 00:23:51 | ===== Run 1/5 (seed 0) =====
2026-08-30 00:23:55 | Epoch   1/400 | Train Loss 2.7893 Acc 0.0988 | Val Loss 2.3016 Acc 0.1061 AUC 0.5000 Pre 0.0106 Rec 0.1000
2026-08-30 00:23:55 | Diag logvar_q_mean=0.0069 logvar_q_clamp=0.0000 logvar_p_mean=0.0070 logvar_p_clamp=0.0000
2026-08-30 00:23:55 |   Val AUC improved to 0.5000, model saved
2026-08-30 00:23:59 | Epoch   2/400 | Train Loss 2.3286 Acc 0.0996 | Val Loss 2.3010 Acc 0.1129 AUC 0.5000 Pre 0.0113 Rec 0.1000
2026-08-30 00:23:59 | Diag logvar_q_mean=0.0054 logvar_q_clamp=0.0000 logvar_p_mean=0.0054 logvar_p_clamp=0.0000
2026-08-30 00:24:02 | Epoch   3/400 | Train Loss 2.3134 Acc 0.1011 | Val Loss 2.3008 Acc 0.1129 AUC 0.5000 Pre 0.0113 Rec 0.1000
2026-08-30 00:24:03 | Diag logvar_q_mean=0.0045 logvar_q_clamp=0.0000 logvar_p_mean=0.0045 logvar_p_clamp=0.0000
2026-08-30 00:24:06 | Epoch   4/400 | Train Loss 2.3098 Acc 0.1044 | Val Loss 2.3008 Acc 0.1129 AUC 0.5000 Pre 0.0113 Rec 0.1000
2026-08-30 00:24:07 | Diag logvar_q_mean=0.0037 logvar_q_clamp=0.0000 logvar_p_mean=0.0037 logvar_p_clamp=0.0000
2026-08-30 00:24:10 | Epoch   5/400 | Train Loss 2.3108 Acc 0.1008 | Val Loss 2.3008 Acc 0.1129 AUC 0.5000 Pre 0.0113 Rec 0.1000
2026-08-30 00:24:11 | Diag logvar_q_mean=0.0027 logvar_q_clamp=0.0000 logvar_p_mean=0.0027 logvar_p_clamp=0.0000
2026-08-30 00:24:14 | Epoch   6/400 | Train Loss 2.3099 Acc 0.1034 | Val Loss 2.3008 Acc 0.1129 AUC 0.5000 Pre 0.0113 Rec 0.1000
2026-08-30 00:24:14 | Diag logvar_q_mean=0.0017 logvar_q_clamp=0.0000 logvar_p_mean=0.0017 logvar_p_clamp=0.0000
2026-08-30 00:24:18 | Epoch   7/400 | Train Loss 2.3098 Acc 0.1022 | Val Loss 2.3008 Acc 0.1129 AUC 0.5000 Pre 0.0113 Rec 0.1000
2026-08-30 00:24:18 | Diag logvar_q_mean=0.0006 logvar_q_clamp=0.0000 logvar_p_mean=0.0006 logvar_p_clamp=0.0000
2026-08-30 00:24:22 | Epoch   8/400 | Train Loss 2.3098 Acc 0.1043 | Val Loss 2.3008 Acc 0.1129 AUC 0.5000 Pre 0.0113 Rec 0.1000
2026-08-30 00:24:22 | Diag logvar_q_mean=-0.0006 logvar_q_clamp=0.0000 logvar_p_mean=-0.0006 logvar_p_clamp=0.0000
2026-08-30 00:24:25 | Epoch   9/400 | Train Loss 2.3093 Acc 0.1054 | Val Loss 2.3008 Acc 0.1129 AUC 0.5000 Pre 0.0113 Rec 0.1000
2026-08-30 00:24:26 | Diag logvar_q_mean=-0.0019 logvar_q_clamp=0.0000 logvar_p_mean=-0.0019 logvar_p_clamp=0.0000
2026-08-30 00:24:29 | Epoch  10/400 | Train Loss 2.3092 Acc 0.1031 | Val Loss 2.3008 Acc 0.1129 AUC 0.5000 Pre 0.0113 Rec 0.1000
2026-08-30 00:24:30 | Diag logvar_q_mean=-0.0033 logvar_q_clamp=0.0000 logvar_p_mean=-0.0033 logvar_p_clamp=0.0000
2026-08-30 00:24:33 | Epoch  11/400 | Train Loss 2.3094 Acc 0.1023 | Val Loss 2.3008 Acc 0.1129 AUC 0.5000 Pre 0.0113 Rec 0.1000
2026-08-30 00:24:33 | Diag logvar_q_mean=-0.0049 logvar_q_clamp=0.0000 logvar_p_mean=-0.0049 logvar_p_clamp=0.0000
2026-08-30 00:24:37 | Epoch  12/400 | Train Loss 2.3104 Acc 0.1047 | Val Loss 2.3008 Acc 0.1129 AUC 0.5000 Pre 0.0113 Rec 0.1000
2026-08-30 00:24:37 | Diag logvar_q_mean=-0.0066 logvar_q_clamp=0.0000 logvar_p_mean=-0.0066 logvar_p_clamp=0.0000
2026-08-30 00:24:40 | Epoch  13/400 | Train Loss 2.3096 Acc 0.1043 | Val Loss 2.3007 Acc 0.1129 AUC 0.5000 Pre 0.0113 Rec 0.1000
2026-08-30 00:24:41 | Diag logvar_q_mean=-0.0083 logvar_q_clamp=0.0000 logvar_p_mean=-0.0083 logvar_p_clamp=0.0000
2026-08-30 00:24:44 | Epoch  14/400 | Train Loss 2.3092 Acc 0.1013 | Val Loss 2.3007 Acc 0.1129 AUC 0.5000 Pre 0.0113 Rec 0.1000
2026-08-30 00:24:45 | Diag logvar_q_mean=-0.0102 logvar_q_clamp=0.0000 logvar_p_mean=-0.0102 logvar_p_clamp=0.0000
2026-08-30 00:24:48 | Epoch  15/400 | Train Loss 2.3104 Acc 0.1051 | Val Loss 2.3007 Acc 0.1129 AUC 0.5000 Pre 0.0113 Rec 0.1000
2026-08-30 00:24:48 | Diag logvar_q_mean=-0.0123 logvar_q_clamp=0.0000 logvar_p_mean=-0.0123 logvar_p_clamp=0.0000
2026-08-30 00:24:51 | Epoch  16/400 | Train Loss 2.3102 Acc 0.1015 | Val Loss 2.3007 Acc 0.1129 AUC 0.5000 Pre 0.0113 Rec 0.1000
2026-08-30 00:24:52 | Diag logvar_q_mean=-0.0144 logvar_q_clamp=0.0000 logvar_p_mean=-0.0144 logvar_p_clamp=0.0000
2026-08-30 00:24:55 | Epoch  17/400 | Train Loss 2.3086 Acc 0.1046 | Val Loss 2.3007 Acc 0.1129 AUC 0.5000 Pre 0.0113 Rec 0.1000
2026-08-30 00:24:56 | Diag logvar_q_mean=-0.0165 logvar_q_clamp=0.0000 logvar_p_mean=-0.0165 logvar_p_clamp=0.0000
2026-08-30 00:24:59 | Epoch  18/400 | Train Loss 2.3105 Acc 0.1022 | Val Loss 2.3008 Acc 0.1129 AUC 0.5000 Pre 0.0113 Rec 0.1000
2026-08-30 00:25:00 | Diag logvar_q_mean=-0.0189 logvar_q_clamp=0.0000 logvar_p_mean=-0.0189 logvar_p_clamp=0.0000
2026-08-30 00:25:03 | Epoch  19/400 | Train Loss 2.3090 Acc 0.1032 | Val Loss 2.3007 Acc 0.1129 AUC 0.5000 Pre 0.0113 Rec 0.1000
2026-08-30 00:25:03 | Diag logvar_q_mean=-0.0213 logvar_q_clamp=0.0000 logvar_p_mean=-0.0213 logvar_p_clamp=0.0000
2026-08-30 00:25:07 | Epoch  20/400 | Train Loss 2.3094 Acc 0.1059 | Val Loss 2.3008 Acc 0.1129 AUC 0.5000 Pre 0.0113 Rec 0.1000
2026-08-30 00:25:07 | Diag logvar_q_mean=-0.0239 logvar_q_clamp=0.0000 logvar_p_mean=-0.0239 logvar_p_clamp=0.0000
2026-08-30 00:25:10 | Epoch  21/400 | Train Loss 2.3099 Acc 0.1028 | Val Loss 2.3008 Acc 0.1129 AUC 0.5000 Pre 0.0113 Rec 0.1000
2026-08-30 00:25:11 | Diag logvar_q_mean=-0.0266 logvar_q_clamp=0.0000 logvar_p_mean=-0.0266 logvar_p_clamp=0.0000
2026-08-30 00:25:14 | Epoch  22/400 | Train Loss 2.3099 Acc 0.1029 | Val Loss 2.3008 Acc 0.1129 AUC 0.5000 Pre 0.0113 Rec 0.1000
2026-08-30 00:25:15 | Diag logvar_q_mean=-0.0293 logvar_q_clamp=0.0000 logvar_p_mean=-0.0293 logvar_p_clamp=0.0000
2026-08-30 00:25:18 | Epoch  23/400 | Train Loss 2.3083 Acc 0.1039 | Val Loss 2.3008 Acc 0.1129 AUC 0.5000 Pre 0.0113 Rec 0.1000
2026-08-30 00:25:18 | Diag logvar_q_mean=-0.0320 logvar_q_clamp=0.0000 logvar_p_mean=-0.0320 logvar_p_clamp=0.0000
2026-08-30 00:25:22 | Epoch  24/400 | Train Loss 2.3105 Acc 0.1036 | Val Loss 2.3007 Acc 0.1129 AUC 0.5000 Pre 0.0113 Rec 0.1000
2026-08-30 00:25:22 | Diag logvar_q_mean=-0.0351 logvar_q_clamp=0.0000 logvar_p_mean=-0.0351 logvar_p_clamp=0.0000
2026-08-30 00:25:25 | Epoch  25/400 | Train Loss 2.3099 Acc 0.1049 | Val Loss 2.3007 Acc 0.1129 AUC 0.5000 Pre 0.0113 Rec 0.1000
2026-08-30 00:25:26 | Diag logvar_q_mean=-0.0382 logvar_q_clamp=0.0000 logvar_p_mean=-0.0382 logvar_p_clamp=0.0000
2026-08-30 00:25:29 | Epoch  26/400 | Train Loss 2.3096 Acc 0.1047 | Val Loss 2.3008 Acc 0.1129 AUC 0.5000 Pre 0.0113 Rec 0.1000
2026-08-30 00:25:30 | Diag logvar_q_mean=-0.0413 logvar_q_clamp=0.0000 logvar_p_mean=-0.0413 logvar_p_clamp=0.0000
2026-08-30 00:25:33 | Epoch  27/400 | Train Loss 2.3092 Acc 0.1029 | Val Loss 2.3007 Acc 0.1129 AUC 0.5000 Pre 0.0113 Rec 0.1000
2026-08-30 00:25:33 | Diag logvar_q_mean=-0.0444 logvar_q_clamp=0.0000 logvar_p_mean=-0.0444 logvar_p_clamp=0.0000
2026-08-30 00:25:37 | Epoch  28/400 | Train Loss 2.3101 Acc 0.1036 | Val Loss 2.3007 Acc 0.1129 AUC 0.5000 Pre 0.0113 Rec 0.1000
2026-08-30 00:25:37 | Diag logvar_q_mean=-0.0478 logvar_q_clamp=0.0000 logvar_p_mean=-0.0478 logvar_p_clamp=0.0000
2026-08-30 00:25:40 | Epoch  29/400 | Train Loss 2.3088 Acc 0.1038 | Val Loss 2.3007 Acc 0.1129 AUC 0.5000 Pre 0.0113 Rec 0.1000
2026-08-30 00:25:41 | Diag logvar_q_mean=-0.0511 logvar_q_clamp=0.0000 logvar_p_mean=-0.0511 logvar_p_clamp=0.0000
2026-08-30 00:25:44 | Epoch  30/400 | Train Loss 2.3097 Acc 0.1050 | Val Loss 2.3008 Acc 0.1129 AUC 0.5000 Pre 0.0113 Rec 0.1000
2026-08-30 00:25:45 | Diag logvar_q_mean=-0.0546 logvar_q_clamp=0.0000 logvar_p_mean=-0.0546 logvar_p_clamp=0.0000
2026-08-30 00:25:48 | Epoch  31/400 | Train Loss 2.3095 Acc 0.1031 | Val Loss 2.3008 Acc 0.1129 AUC 0.5000 Pre 0.0113 Rec 0.1000
2026-08-30 00:25:48 | Diag logvar_q_mean=-0.0581 logvar_q_clamp=0.0000 logvar_p_mean=-0.0581 logvar_p_clamp=0.0000
2026-08-30 00:25:52 | Epoch  32/400 | Train Loss 2.3092 Acc 0.1045 | Val Loss 2.3007 Acc 0.1129 AUC 0.5000 Pre 0.0113 Rec 0.1000
2026-08-30 00:25:52 | Diag logvar_q_mean=-0.0616 logvar_q_clamp=0.0000 logvar_p_mean=-0.0616 logvar_p_clamp=0.0000
2026-08-30 00:25:55 | Epoch  33/400 | Train Loss 2.3108 Acc 0.1021 | Val Loss 2.3007 Acc 0.1129 AUC 0.5000 Pre 0.0113 Rec 0.1000
2026-08-30 00:25:56 | Diag logvar_q_mean=-0.0655 logvar_q_clamp=0.0000 logvar_p_mean=-0.0655 logvar_p_clamp=0.0000
2026-08-30 00:25:59 | Epoch  34/400 | Train Loss 2.3095 Acc 0.1037 | Val Loss 2.3007 Acc 0.1129 AUC 0.5000 Pre 0.0113 Rec 0.1000
2026-08-30 00:26:00 | Diag logvar_q_mean=-0.0691 logvar_q_clamp=0.0000 logvar_p_mean=-0.0691 logvar_p_clamp=0.0000
2026-08-30 00:26:03 | Epoch  35/400 | Train Loss 2.3090 Acc 0.1032 | Val Loss 2.3007 Acc 0.1129 AUC 0.5000 Pre 0.0113 Rec 0.1000
2026-08-30 00:26:03 | Diag logvar_q_mean=-0.0727 logvar_q_clamp=0.0000 logvar_p_mean=-0.0727 logvar_p_clamp=0.0000
2026-08-30 00:26:07 | Epoch  36/400 | Train Loss 2.3085 Acc 0.1056 | Val Loss 2.3007 Acc 0.1129 AUC 0.5000 Pre 0.0113 Rec 0.1000
2026-08-30 00:26:07 | Diag logvar_q_mean=-0.0763 logvar_q_clamp=0.0000 logvar_p_mean=-0.0763 logvar_p_clamp=0.0000
2026-08-30 00:26:11 | Epoch  37/400 | Train Loss 2.3090 Acc 0.1041 | Val Loss 2.3007 Acc 0.1129 AUC 0.5000 Pre 0.0113 Rec 0.1000
2026-08-30 00:26:11 | Diag logvar_q_mean=-0.0800 logvar_q_clamp=0.0000 logvar_p_mean=-0.0800 logvar_p_clamp=0.0000
2026-08-30 00:26:14 | Epoch  38/400 | Train Loss 2.3103 Acc 0.1045 | Val Loss 2.3008 Acc 0.1129 AUC 0.5000 Pre 0.0113 Rec 0.1000
2026-08-30 00:26:15 | Diag logvar_q_mean=-0.0841 logvar_q_clamp=0.0000 logvar_p_mean=-0.0841 logvar_p_clamp=0.0000
2026-08-30 00:26:18 | Epoch  39/400 | Train Loss 2.3093 Acc 0.1043 | Val Loss 2.3008 Acc 0.1129 AUC 0.5000 Pre 0.0113 Rec 0.1000
2026-08-30 00:26:19 | Diag logvar_q_mean=-0.0878 logvar_q_clamp=0.0000 logvar_p_mean=-0.0878 logvar_p_clamp=0.0000
2026-08-30 00:26:22 | Epoch  40/400 | Train Loss 2.3089 Acc 0.1053 | Val Loss 2.3007 Acc 0.1129 AUC 0.5000 Pre 0.0113 Rec 0.1000
2026-08-30 00:26:22 | Diag logvar_q_mean=-0.0914 logvar_q_clamp=0.0000 logvar_p_mean=-0.0914 logvar_p_clamp=0.0000
2026-08-30 00:26:26 | Epoch  41/400 | Train Loss 2.3098 Acc 0.1048 | Val Loss 2.3008 Acc 0.1129 AUC 0.5000 Pre 0.0113 Rec 0.1000
2026-08-30 00:26:26 | Diag logvar_q_mean=-0.0954 logvar_q_clamp=0.0000 logvar_p_mean=-0.0954 logvar_p_clamp=0.0000
2026-08-30 00:26:29 | Epoch  42/400 | Train Loss 2.3089 Acc 0.1073 | Val Loss 2.3007 Acc 0.1129 AUC 0.5000 Pre 0.0113 Rec 0.1000
2026-08-30 00:26:30 | Diag logvar_q_mean=-0.0991 logvar_q_clamp=0.0000 logvar_p_mean=-0.0991 logvar_p_clamp=0.0000
2026-08-30 00:26:33 | Epoch  43/400 | Train Loss 2.3089 Acc 0.1064 | Val Loss 2.3007 Acc 0.1129 AUC 0.5000 Pre 0.0113 Rec 0.1000
2026-08-30 00:26:34 | Diag logvar_q_mean=-0.1029 logvar_q_clamp=0.0000 logvar_p_mean=-0.1029 logvar_p_clamp=0.0000
2026-08-30 00:26:37 | Epoch  44/400 | Train Loss 2.3087 Acc 0.1060 | Val Loss 2.3008 Acc 0.1129 AUC 0.5000 Pre 0.0113 Rec 0.1000
2026-08-30 00:26:37 | Diag logvar_q_mean=-0.1066 logvar_q_clamp=0.0000 logvar_p_mean=-0.1066 logvar_p_clamp=0.0000
2026-08-30 00:26:41 | Epoch  45/400 | Train Loss 2.3088 Acc 0.1054 | Val Loss 2.3008 Acc 0.1129 AUC 0.5000 Pre 0.0113 Rec 0.1000
2026-08-30 00:26:41 | Diag logvar_q_mean=-0.1105 logvar_q_clamp=0.0000 logvar_p_mean=-0.1105 logvar_p_clamp=0.0000
2026-08-30 00:26:44 | Epoch  46/400 | Train Loss 2.3105 Acc 0.1024 | Val Loss 2.3008 Acc 0.1129 AUC 0.5000 Pre 0.0113 Rec 0.1000
2026-08-30 00:26:45 | Diag logvar_q_mean=-0.1145 logvar_q_clamp=0.0000 logvar_p_mean=-0.1145 logvar_p_clamp=0.0000
2026-08-30 00:26:48 | Epoch  47/400 | Train Loss 2.3087 Acc 0.1044 | Val Loss 2.3008 Acc 0.1129 AUC 0.5000 Pre 0.0113 Rec 0.1000
2026-08-30 00:26:49 | Diag logvar_q_mean=-0.1183 logvar_q_clamp=0.0000 logvar_p_mean=-0.1183 logvar_p_clamp=0.0000
2026-08-30 00:26:52 | Epoch  48/400 | Train Loss 2.3091 Acc 0.1037 | Val Loss 2.3008 Acc 0.1129 AUC 0.5000 Pre 0.0113 Rec 0.1000
2026-08-30 00:26:53 | Diag logvar_q_mean=-0.1222 logvar_q_clamp=0.0000 logvar_p_mean=-0.1222 logvar_p_clamp=0.0000
2026-08-30 00:26:56 | Epoch  49/400 | Train Loss 2.3088 Acc 0.1052 | Val Loss 2.3008 Acc 0.1129 AUC 0.5000 Pre 0.0113 Rec 0.1000
2026-08-30 00:26:56 | Diag logvar_q_mean=-0.1260 logvar_q_clamp=0.0000 logvar_p_mean=-0.1260 logvar_p_clamp=0.0000
2026-08-30 00:27:00 | Epoch  50/400 | Train Loss 2.3092 Acc 0.1045 | Val Loss 2.3007 Acc 0.1129 AUC 0.5000 Pre 0.0113 Rec 0.1000
2026-08-30 00:27:00 | Diag logvar_q_mean=-0.1299 logvar_q_clamp=0.0000 logvar_p_mean=-0.1299 logvar_p_clamp=0.0000
2026-08-30 00:27:03 | Epoch  51/400 | Train Loss 2.3096 Acc 0.1051 | Val Loss 2.3008 Acc 0.1129 AUC 0.5000 Pre 0.0113 Rec 0.1000
2026-08-30 00:27:04 | Diag logvar_q_mean=-0.1338 logvar_q_clamp=0.0000 logvar_p_mean=-0.1338 logvar_p_clamp=0.0000
2026-08-30 00:27:07 | Epoch  52/400 | Train Loss 2.3087 Acc 0.1065 | Val Loss 2.3007 Acc 0.1129 AUC 0.5000 Pre 0.0113 Rec 0.1000
2026-08-30 00:27:08 | Diag logvar_q_mean=-0.1376 logvar_q_clamp=0.0000 logvar_p_mean=-0.1375 logvar_p_clamp=0.0000
2026-08-30 00:27:11 | Epoch  53/400 | Train Loss 2.3090 Acc 0.1047 | Val Loss 2.3008 Acc 0.1129 AUC 0.5000 Pre 0.0113 Rec 0.1000
2026-08-30 00:27:12 | Diag logvar_q_mean=-0.1414 logvar_q_clamp=0.0000 logvar_p_mean=-0.1414 logvar_p_clamp=0.0000
2026-08-30 00:27:15 | Epoch  54/400 | Train Loss 2.3098 Acc 0.1060 | Val Loss 2.3007 Acc 0.1129 AUC 0.5000 Pre 0.0113 Rec 0.1000
2026-08-30 00:27:15 | Diag logvar_q_mean=-0.1454 logvar_q_clamp=0.0000 logvar_p_mean=-0.1454 logvar_p_clamp=0.0000
2026-08-30 00:27:19 | Epoch  55/400 | Train Loss 2.3089 Acc 0.1047 | Val Loss 2.3007 Acc 0.1129 AUC 0.5000 Pre 0.0113 Rec 0.1000
2026-08-30 00:27:19 | Diag logvar_q_mean=-0.1492 logvar_q_clamp=0.0000 logvar_p_mean=-0.1492 logvar_p_clamp=0.0000
2026-08-30 00:27:22 | Epoch  56/400 | Train Loss 2.3093 Acc 0.1021 | Val Loss 2.3007 Acc 0.1129 AUC 0.5000 Pre 0.0113 Rec 0.1000
2026-08-30 00:27:23 | Diag logvar_q_mean=-0.1531 logvar_q_clamp=0.0000 logvar_p_mean=-0.1531 logvar_p_clamp=0.0000
2026-08-30 00:27:26 | Epoch  57/400 | Train Loss 2.3089 Acc 0.1036 | Val Loss 2.3007 Acc 0.1129 AUC 0.5000 Pre 0.0113 Rec 0.1000
2026-08-30 00:27:27 | Diag logvar_q_mean=-0.1569 logvar_q_clamp=0.0000 logvar_p_mean=-0.1569 logvar_p_clamp=0.0000
2026-08-30 00:27:30 | Epoch  58/400 | Train Loss 2.3094 Acc 0.1031 | Val Loss 2.3007 Acc 0.1129 AUC 0.5000 Pre 0.0113 Rec 0.1000
2026-08-30 00:27:30 | Diag logvar_q_mean=-0.1608 logvar_q_clamp=0.0000 logvar_p_mean=-0.1608 logvar_p_clamp=0.0000
2026-08-30 00:27:34 | Epoch  59/400 | Train Loss 2.3093 Acc 0.1040 | Val Loss 2.3008 Acc 0.1129 AUC 0.5000 Pre 0.0113 Rec 0.1000
2026-08-30 00:27:34 | Diag logvar_q_mean=-0.1647 logvar_q_clamp=0.0000 logvar_p_mean=-0.1647 logvar_p_clamp=0.0000
2026-08-30 00:27:38 | Epoch  60/400 | Train Loss 2.3084 Acc 0.1038 | Val Loss 2.3008 Acc 0.1129 AUC 0.5000 Pre 0.0113 Rec 0.1000
2026-08-30 00:27:38 | Diag logvar_q_mean=-0.1683 logvar_q_clamp=0.0000 logvar_p_mean=-0.1683 logvar_p_clamp=0.0000
2026-08-30 00:27:42 | Epoch  61/400 | Train Loss 2.3094 Acc 0.1026 | Val Loss 2.3008 Acc 0.1129 AUC 0.5000 Pre 0.0113 Rec 0.1000
2026-08-30 00:27:42 | Diag logvar_q_mean=-0.1722 logvar_q_clamp=0.0000 logvar_p_mean=-0.1722 logvar_p_clamp=0.0000
2026-08-30 00:27:45 | Epoch  62/400 | Train Loss 2.3090 Acc 0.1036 | Val Loss 2.3007 Acc 0.1129 AUC 0.5000 Pre 0.0113 Rec 0.1000
2026-08-30 00:27:46 | Diag logvar_q_mean=-0.1761 logvar_q_clamp=0.0000 logvar_p_mean=-0.1761 logvar_p_clamp=0.0000
2026-08-30 00:27:49 | Epoch  63/400 | Train Loss 2.3092 Acc 0.1039 | Val Loss 2.3007 Acc 0.1129 AUC 0.5000 Pre 0.0113 Rec 0.1000
2026-08-30 00:27:50 | Diag logvar_q_mean=-0.1800 logvar_q_clamp=0.0000 logvar_p_mean=-0.1800 logvar_p_clamp=0.0000
2026-08-30 00:27:53 | Epoch  64/400 | Train Loss 2.3093 Acc 0.1017 | Val Loss 2.3007 Acc 0.1129 AUC 0.5000 Pre 0.0113 Rec 0.1000
2026-08-30 00:27:53 | Diag logvar_q_mean=-0.1839 logvar_q_clamp=0.0000 logvar_p_mean=-0.1838 logvar_p_clamp=0.0000
2026-08-30 00:27:57 | Epoch  65/400 | Train Loss 2.3086 Acc 0.1060 | Val Loss 2.3007 Acc 0.1129 AUC 0.5000 Pre 0.0113 Rec 0.1000
2026-08-30 00:27:57 | Diag logvar_q_mean=-0.1876 logvar_q_clamp=0.0000 logvar_p_mean=-0.1876 logvar_p_clamp=0.0000
2026-08-30 00:28:01 | Epoch  66/400 | Train Loss 2.3088 Acc 0.1042 | Val Loss 2.3008 Acc 0.1129 AUC 0.5000 Pre 0.0113 Rec 0.1000
2026-08-30 00:28:01 | Diag logvar_q_mean=-0.1914 logvar_q_clamp=0.0000 logvar_p_mean=-0.1914 logvar_p_clamp=0.0000
2026-08-30 00:28:04 | Epoch  67/400 | Train Loss 2.3087 Acc 0.1048 | Val Loss 2.3008 Acc 0.1129 AUC 0.5000 Pre 0.0113 Rec 0.1000
2026-08-30 00:28:05 | Diag logvar_q_mean=-0.1952 logvar_q_clamp=0.0000 logvar_p_mean=-0.1952 logvar_p_clamp=0.0000
2026-08-30 00:28:08 | Epoch  68/400 | Train Loss 2.3088 Acc 0.1038 | Val Loss 2.3008 Acc 0.1129 AUC 0.5000 Pre 0.0113 Rec 0.1000
2026-08-30 00:28:09 | Diag logvar_q_mean=-0.1990 logvar_q_clamp=0.0000 logvar_p_mean=-0.1990 logvar_p_clamp=0.0000
2026-08-30 00:28:12 | Epoch  69/400 | Train Loss 2.3089 Acc 0.1032 | Val Loss 2.3008 Acc 0.1129 AUC 0.5000 Pre 0.0113 Rec 0.1000
2026-08-30 00:28:12 | Diag logvar_q_mean=-0.2027 logvar_q_clamp=0.0000 logvar_p_mean=-0.2027 logvar_p_clamp=0.0000
2026-08-30 00:28:16 | Epoch  70/400 | Train Loss 2.3079 Acc 0.1039 | Val Loss 2.3008 Acc 0.1129 AUC 0.5000 Pre 0.0113 Rec 0.1000
2026-08-30 00:28:16 | Diag logvar_q_mean=-0.2064 logvar_q_clamp=0.0000 logvar_p_mean=-0.2064 logvar_p_clamp=0.0000
2026-08-30 00:28:20 | Epoch  71/400 | Train Loss 2.3094 Acc 0.1022 | Val Loss 2.3008 Acc 0.1129 AUC 0.5000 Pre 0.0113 Rec 0.1000
2026-08-30 00:28:20 | Diag logvar_q_mean=-0.2103 logvar_q_clamp=0.0000 logvar_p_mean=-0.2103 logvar_p_clamp=0.0000
2026-08-30 00:28:24 | Epoch  72/400 | Train Loss 2.3085 Acc 0.1035 | Val Loss 2.3008 Acc 0.1129 AUC 0.5000 Pre 0.0113 Rec 0.1000
2026-08-30 00:28:24 | Diag logvar_q_mean=-0.2140 logvar_q_clamp=0.0000 logvar_p_mean=-0.2140 logvar_p_clamp=0.0000
2026-08-30 00:28:28 | Epoch  73/400 | Train Loss 2.3087 Acc 0.1050 | Val Loss 2.3007 Acc 0.1129 AUC 0.5000 Pre 0.0113 Rec 0.1000
2026-08-30 00:28:28 | Diag logvar_q_mean=-0.2178 logvar_q_clamp=0.0000 logvar_p_mean=-0.2178 logvar_p_clamp=0.0000
2026-08-30 00:28:31 | Epoch  74/400 | Train Loss 2.3089 Acc 0.1032 | Val Loss 2.3008 Acc 0.1129 AUC 0.5000 Pre 0.0113 Rec 0.1000
2026-08-30 00:28:32 | Diag logvar_q_mean=-0.2216 logvar_q_clamp=0.0000 logvar_p_mean=-0.2216 logvar_p_clamp=0.0000
2026-08-30 00:28:35 | Epoch  75/400 | Train Loss 2.3095 Acc 0.1049 | Val Loss 2.3008 Acc 0.1129 AUC 0.5000 Pre 0.0113 Rec 0.1000
2026-08-30 00:28:35 | Diag logvar_q_mean=-0.2255 logvar_q_clamp=0.0000 logvar_p_mean=-0.2255 logvar_p_clamp=0.0000
2026-08-30 00:28:39 | Epoch  76/400 | Train Loss 2.3081 Acc 0.1041 | Val Loss 2.3008 Acc 0.1129 AUC 0.5000 Pre 0.0113 Rec 0.1000
2026-08-30 00:28:39 | Diag logvar_q_mean=-0.2291 logvar_q_clamp=0.0000 logvar_p_mean=-0.2291 logvar_p_clamp=0.0000
2026-08-30 00:28:43 | Epoch  77/400 | Train Loss 2.3095 Acc 0.1037 | Val Loss 2.3008 Acc 0.1129 AUC 0.5000 Pre 0.0113 Rec 0.1000
2026-08-30 00:28:43 | Diag logvar_q_mean=-0.2331 logvar_q_clamp=0.0000 logvar_p_mean=-0.2331 logvar_p_clamp=0.0000
2026-08-30 00:28:46 | Epoch  78/400 | Train Loss 2.3090 Acc 0.1038 | Val Loss 2.3008 Acc 0.1129 AUC 0.5000 Pre 0.0113 Rec 0.1000
2026-08-30 00:28:47 | Diag logvar_q_mean=-0.2368 logvar_q_clamp=0.0000 logvar_p_mean=-0.2368 logvar_p_clamp=0.0000
2026-08-30 00:28:50 | Epoch  79/400 | Train Loss 2.3093 Acc 0.1028 | Val Loss 2.3008 Acc 0.1129 AUC 0.5000 Pre 0.0113 Rec 0.1000
2026-08-30 00:28:51 | Diag logvar_q_mean=-0.2406 logvar_q_clamp=0.0000 logvar_p_mean=-0.2407 logvar_p_clamp=0.0000
2026-08-30 00:28:54 | Epoch  80/400 | Train Loss 2.3081 Acc 0.1064 | Val Loss 2.3007 Acc 0.1129 AUC 0.5000 Pre 0.0113 Rec 0.1000
2026-08-30 00:28:54 | Diag logvar_q_mean=-0.2443 logvar_q_clamp=0.0000 logvar_p_mean=-0.2443 logvar_p_clamp=0.0000
2026-08-30 00:28:58 | Epoch  81/400 | Train Loss 2.3088 Acc 0.1045 | Val Loss 2.3008 Acc 0.1129 AUC 0.5000 Pre 0.0113 Rec 0.1000
2026-08-30 00:28:58 | Diag logvar_q_mean=-0.2480 logvar_q_clamp=0.0000 logvar_p_mean=-0.2480 logvar_p_clamp=0.0000
2026-08-30 00:29:02 | Epoch  82/400 | Train Loss 2.3079 Acc 0.1045 | Val Loss 2.3008 Acc 0.1129 AUC 0.5000 Pre 0.0113 Rec 0.1000
2026-08-30 00:29:02 | Diag logvar_q_mean=-0.2516 logvar_q_clamp=0.0000 logvar_p_mean=-0.2516 logvar_p_clamp=0.0000
2026-08-30 00:29:05 | Epoch  83/400 | Train Loss 2.3079 Acc 0.1045 | Val Loss 2.3008 Acc 0.1129 AUC 0.5000 Pre 0.0113 Rec 0.1000
2026-08-30 00:29:06 | Diag logvar_q_mean=-0.2551 logvar_q_clamp=0.0000 logvar_p_mean=-0.2551 logvar_p_clamp=0.0000
2026-08-30 00:29:09 | Epoch  84/400 | Train Loss 2.3084 Acc 0.1058 | Val Loss 2.3008 Acc 0.1129 AUC 0.5000 Pre 0.0113 Rec 0.1000
2026-08-30 00:29:10 | Diag logvar_q_mean=-0.2588 logvar_q_clamp=0.0000 logvar_p_mean=-0.2588 logvar_p_clamp=0.0000
2026-08-30 00:29:13 | Epoch  85/400 | Train Loss 2.3093 Acc 0.1020 | Val Loss 2.3008 Acc 0.1129 AUC 0.5000 Pre 0.0113 Rec 0.1000
2026-08-30 00:29:13 | Diag logvar_q_mean=-0.2626 logvar_q_clamp=0.0000 logvar_p_mean=-0.2626 logvar_p_clamp=0.0000
2026-08-30 00:29:17 | Epoch  86/400 | Train Loss 2.3087 Acc 0.1044 | Val Loss 2.3007 Acc 0.1129 AUC 0.5000 Pre 0.0113 Rec 0.1000
2026-08-30 00:29:17 | Diag logvar_q_mean=-0.2663 logvar_q_clamp=0.0000 logvar_p_mean=-0.2663 logvar_p_clamp=0.0000
2026-08-30 00:29:20 | Epoch  87/400 | Train Loss 2.3077 Acc 0.1053 | Val Loss 2.3008 Acc 0.1129 AUC 0.5000 Pre 0.0113 Rec 0.1000
2026-08-30 00:29:21 | Diag logvar_q_mean=-0.2698 logvar_q_clamp=0.0000 logvar_p_mean=-0.2698 logvar_p_clamp=0.0000
2026-08-30 00:29:24 | Epoch  88/400 | Train Loss 2.3086 Acc 0.1044 | Val Loss 2.3007 Acc 0.1129 AUC 0.5000 Pre 0.0113 Rec 0.1000
2026-08-30 00:29:25 | Diag logvar_q_mean=-0.2735 logvar_q_clamp=0.0000 logvar_p_mean=-0.2735 logvar_p_clamp=0.0000
2026-08-30 00:29:28 | Epoch  89/400 | Train Loss 2.3089 Acc 0.1015 | Val Loss 2.3007 Acc 0.1129 AUC 0.5000 Pre 0.0113 Rec 0.1000
2026-08-30 00:29:28 | Diag logvar_q_mean=-0.2772 logvar_q_clamp=0.0000 logvar_p_mean=-0.2772 logvar_p_clamp=0.0000
2026-08-30 00:29:32 | Epoch  90/400 | Train Loss 2.3086 Acc 0.1050 | Val Loss 2.3008 Acc 0.1129 AUC 0.5000 Pre 0.0113 Rec 0.1000
2026-08-30 00:29:32 | Diag logvar_q_mean=-0.2809 logvar_q_clamp=0.0000 logvar_p_mean=-0.2809 logvar_p_clamp=0.0000
2026-08-30 00:29:36 | Epoch  91/400 | Train Loss 2.3087 Acc 0.1027 | Val Loss 2.3008 Acc 0.1129 AUC 0.5000 Pre 0.0113 Rec 0.1000
2026-08-30 00:29:36 | Diag logvar_q_mean=-0.2846 logvar_q_clamp=0.0000 logvar_p_mean=-0.2846 logvar_p_clamp=0.0000
2026-08-30 00:29:39 | Epoch  92/400 | Train Loss 2.3086 Acc 0.1040 | Val Loss 2.3008 Acc 0.1129 AUC 0.5000 Pre 0.0113 Rec 0.1000
2026-08-30 00:29:40 | Diag logvar_q_mean=-0.2883 logvar_q_clamp=0.0000 logvar_p_mean=-0.2883 logvar_p_clamp=0.0000
2026-08-30 00:29:43 | Epoch  93/400 | Train Loss 2.3083 Acc 0.1048 | Val Loss 2.3008 Acc 0.1129 AUC 0.5000 Pre 0.0113 Rec 0.1000
2026-08-30 00:29:44 | Diag logvar_q_mean=-0.2919 logvar_q_clamp=0.0000 logvar_p_mean=-0.2919 logvar_p_clamp=0.0000
2026-08-30 00:29:47 | Epoch  94/400 | Train Loss 2.3087 Acc 0.1035 | Val Loss 2.3008 Acc 0.1129 AUC 0.5000 Pre 0.0113 Rec 0.1000
2026-08-30 00:29:47 | Diag logvar_q_mean=-0.2956 logvar_q_clamp=0.0000 logvar_p_mean=-0.2956 logvar_p_clamp=0.0000
2026-08-30 00:29:51 | Epoch  95/400 | Train Loss 2.3085 Acc 0.1031 | Val Loss 2.3008 Acc 0.1129 AUC 0.5000 Pre 0.0113 Rec 0.1000
2026-08-30 00:29:51 | Diag logvar_q_mean=-0.2992 logvar_q_clamp=0.0000 logvar_p_mean=-0.2992 logvar_p_clamp=0.0000
2026-08-30 00:29:55 | Epoch  96/400 | Train Loss 2.3082 Acc 0.1048 | Val Loss 2.3008 Acc 0.1129 AUC 0.5000 Pre 0.0113 Rec 0.1000
2026-08-30 00:29:55 | Diag logvar_q_mean=-0.3028 logvar_q_clamp=0.0000 logvar_p_mean=-0.3028 logvar_p_clamp=0.0000
2026-08-30 00:29:58 | Epoch  97/400 | Train Loss 2.3084 Acc 0.1035 | Val Loss 2.3007 Acc 0.1129 AUC 0.5000 Pre 0.0113 Rec 0.1000
2026-08-30 00:29:59 | Diag logvar_q_mean=-0.3064 logvar_q_clamp=0.0000 logvar_p_mean=-0.3064 logvar_p_clamp=0.0000
2026-08-30 00:30:02 | Epoch  98/400 | Train Loss 2.3083 Acc 0.1050 | Val Loss 2.3007 Acc 0.1129 AUC 0.5000 Pre 0.0113 Rec 0.1000
2026-08-30 00:30:03 | Diag logvar_q_mean=-0.3100 logvar_q_clamp=0.0000 logvar_p_mean=-0.3100 logvar_p_clamp=0.0000
2026-08-30 00:30:06 | Epoch  99/400 | Train Loss 2.3084 Acc 0.1052 | Val Loss 2.3008 Acc 0.1129 AUC 0.5000 Pre 0.0113 Rec 0.1000
2026-08-30 00:30:06 | Diag logvar_q_mean=-0.3137 logvar_q_clamp=0.0000 logvar_p_mean=-0.3137 logvar_p_clamp=0.0000
2026-08-30 00:30:10 | Epoch 100/400 | Train Loss 2.3087 Acc 0.1039 | Val Loss 2.3008 Acc 0.1129 AUC 0.5000 Pre 0.0113 Rec 0.1000
2026-08-30 00:30:10 | Diag logvar_q_mean=-0.3173 logvar_q_clamp=0.0000 logvar_p_mean=-0.3173 logvar_p_clamp=0.0000
2026-08-30 00:30:13 | Epoch 101/400 | Train Loss 2.3091 Acc 0.1040 | Val Loss 2.3008 Acc 0.1129 AUC 0.5000 Pre 0.0113 Rec 0.1000
2026-08-30 00:30:14 | Diag logvar_q_mean=-0.3210 logvar_q_clamp=0.0000 logvar_p_mean=-0.3210 logvar_p_clamp=0.0000
2026-08-30 00:30:17 | Epoch 102/400 | Train Loss 2.3074 Acc 0.1065 | Val Loss 2.3008 Acc 0.1129 AUC 0.5000 Pre 0.0113 Rec 0.1000
2026-08-30 00:30:18 | Diag logvar_q_mean=-0.3243 logvar_q_clamp=0.0000 logvar_p_mean=-0.3243 logvar_p_clamp=0.0000
2026-08-30 00:30:21 | Epoch 103/400 | Train Loss 2.3082 Acc 0.1051 | Val Loss 2.3008 Acc 0.1129 AUC 0.5000 Pre 0.0113 Rec 0.1000
2026-08-30 00:30:21 | Diag logvar_q_mean=-0.3278 logvar_q_clamp=0.0000 logvar_p_mean=-0.3278 logvar_p_clamp=0.0000
2026-08-30 00:30:25 | Epoch 104/400 | Train Loss 2.3078 Acc 0.1049 | Val Loss 2.3007 Acc 0.1129 AUC 0.5000 Pre 0.0113 Rec 0.1000
2026-08-30 00:30:25 | Diag logvar_q_mean=-0.3313 logvar_q_clamp=0.0000 logvar_p_mean=-0.3313 logvar_p_clamp=0.0000
2026-08-30 00:30:28 | Epoch 105/400 | Train Loss 2.3090 Acc 0.1033 | Val Loss 2.3008 Acc 0.1129 AUC 0.5000 Pre 0.0113 Rec 0.1000
2026-08-30 00:30:29 | Diag logvar_q_mean=-0.3350 logvar_q_clamp=0.0000 logvar_p_mean=-0.3350 logvar_p_clamp=0.0000
2026-08-30 00:30:32 | Epoch 106/400 | Train Loss 2.3086 Acc 0.1046 | Val Loss 2.3007 Acc 0.1129 AUC 0.5000 Pre 0.0113 Rec 0.1000
2026-08-30 00:30:33 | Diag logvar_q_mean=-0.3386 logvar_q_clamp=0.0000 logvar_p_mean=-0.3386 logvar_p_clamp=0.0000
2026-08-30 00:30:36 | Epoch 107/400 | Train Loss 2.3080 Acc 0.1044 | Val Loss 2.3008 Acc 0.1129 AUC 0.5000 Pre 0.0113 Rec 0.1000
2026-08-30 00:30:37 | Diag logvar_q_mean=-0.3421 logvar_q_clamp=0.0000 logvar_p_mean=-0.3421 logvar_p_clamp=0.0000
2026-08-30 00:30:40 | Epoch 108/400 | Train Loss 2.3082 Acc 0.1050 | Val Loss 2.3007 Acc 0.1129 AUC 0.5000 Pre 0.0113 Rec 0.1000
2026-08-30 00:30:40 | Diag logvar_q_mean=-0.3456 logvar_q_clamp=0.0000 logvar_p_mean=-0.3456 logvar_p_clamp=0.0000
2026-08-30 00:30:44 | Epoch 109/400 | Train Loss 2.3092 Acc 0.1017 | Val Loss 2.3007 Acc 0.1129 AUC 0.5000 Pre 0.0113 Rec 0.1000
2026-08-30 00:30:44 | Diag logvar_q_mean=-0.3494 logvar_q_clamp=0.0000 logvar_p_mean=-0.3494 logvar_p_clamp=0.0000
2026-08-30 00:30:47 | Epoch 110/400 | Train Loss 2.3083 Acc 0.1042 | Val Loss 2.3008 Acc 0.1129 AUC 0.5000 Pre 0.0113 Rec 0.1000
2026-08-30 00:30:48 | Diag logvar_q_mean=-0.3528 logvar_q_clamp=0.0000 logvar_p_mean=-0.3528 logvar_p_clamp=0.0000
2026-08-30 00:30:51 | Epoch 111/400 | Train Loss 2.3082 Acc 0.1041 | Val Loss 2.3008 Acc 0.1129 AUC 0.5000 Pre 0.0113 Rec 0.1000
2026-08-30 00:30:52 | Diag logvar_q_mean=-0.3564 logvar_q_clamp=0.0000 logvar_p_mean=-0.3564 logvar_p_clamp=0.0000
2026-08-30 00:30:55 | Epoch 112/400 | Train Loss 2.3074 Acc 0.1046 | Val Loss 2.3008 Acc 0.1129 AUC 0.5000 Pre 0.0113 Rec 0.1000
2026-08-30 00:30:55 | Diag logvar_q_mean=-0.3597 logvar_q_clamp=0.0000 logvar_p_mean=-0.3597 logvar_p_clamp=0.0000
2026-08-30 00:30:59 | Epoch 113/400 | Train Loss 2.3083 Acc 0.1039 | Val Loss 2.3008 Acc 0.1129 AUC 0.5000 Pre 0.0113 Rec 0.1000
2026-08-30 00:30:59 | Diag logvar_q_mean=-0.3633 logvar_q_clamp=0.0000 logvar_p_mean=-0.3633 logvar_p_clamp=0.0000
2026-08-30 00:31:02 | Epoch 114/400 | Train Loss 2.3080 Acc 0.1038 | Val Loss 2.3008 Acc 0.1129 AUC 0.5000 Pre 0.0113 Rec 0.1000
2026-08-30 00:31:03 | Diag logvar_q_mean=-0.3667 logvar_q_clamp=0.0000 logvar_p_mean=-0.3667 logvar_p_clamp=0.0000
2026-08-30 00:31:06 | Epoch 115/400 | Train Loss 2.3087 Acc 0.1043 | Val Loss 2.3007 Acc 0.1129 AUC 0.5000 Pre 0.0113 Rec 0.1000
2026-08-30 00:31:07 | Diag logvar_q_mean=-0.3703 logvar_q_clamp=0.0000 logvar_p_mean=-0.3703 logvar_p_clamp=0.0000
2026-08-30 00:31:10 | Epoch 116/400 | Train Loss 2.3075 Acc 0.1051 | Val Loss 2.3007 Acc 0.1129 AUC 0.5000 Pre 0.0113 Rec 0.1000
2026-08-30 00:31:10 | Diag logvar_q_mean=-0.3737 logvar_q_clamp=0.0000 logvar_p_mean=-0.3737 logvar_p_clamp=0.0000
2026-08-30 00:31:14 | Epoch 117/400 | Train Loss 2.3087 Acc 0.1018 | Val Loss 2.3007 Acc 0.1129 AUC 0.5000 Pre 0.0113 Rec 0.1000
2026-08-30 00:31:14 | Diag logvar_q_mean=-0.3773 logvar_q_clamp=0.0000 logvar_p_mean=-0.3774 logvar_p_clamp=0.0000
2026-08-30 00:31:18 | Epoch 118/400 | Train Loss 2.3083 Acc 0.1030 | Val Loss 2.3007 Acc 0.1129 AUC 0.5000 Pre 0.0113 Rec 0.1000
2026-08-30 00:31:18 | Diag logvar_q_mean=-0.3808 logvar_q_clamp=0.0000 logvar_p_mean=-0.3808 logvar_p_clamp=0.0000
2026-08-30 00:31:21 | Epoch 119/400 | Train Loss 2.3081 Acc 0.1043 | Val Loss 2.3007 Acc 0.1129 AUC 0.5000 Pre 0.0113 Rec 0.1000
2026-08-30 00:31:22 | Diag logvar_q_mean=-0.3843 logvar_q_clamp=0.0000 logvar_p_mean=-0.3843 logvar_p_clamp=0.0000
2026-08-30 00:31:25 | Epoch 120/400 | Train Loss 2.3082 Acc 0.1063 | Val Loss 2.3008 Acc 0.1129 AUC 0.5000 Pre 0.0113 Rec 0.1000
2026-08-30 00:31:26 | Diag logvar_q_mean=-0.3878 logvar_q_clamp=0.0000 logvar_p_mean=-0.3878 logvar_p_clamp=0.0000
2026-08-30 00:31:29 | Epoch 121/400 | Train Loss 2.3079 Acc 0.1058 | Val Loss 2.3008 Acc 0.1129 AUC 0.5000 Pre 0.0113 Rec 0.1000
2026-08-30 00:31:30 | Diag logvar_q_mean=-0.3913 logvar_q_clamp=0.0000 logvar_p_mean=-0.3913 logvar_p_clamp=0.0000
2026-08-30 00:31:33 | Epoch 122/400 | Train Loss 2.3073 Acc 0.1047 | Val Loss 2.3008 Acc 0.1129 AUC 0.5000 Pre 0.0113 Rec 0.1000
2026-08-30 00:31:33 | Diag logvar_q_mean=-0.3947 logvar_q_clamp=0.0000 logvar_p_mean=-0.3947 logvar_p_clamp=0.0000
2026-08-30 00:31:37 | Epoch 123/400 | Train Loss 2.3082 Acc 0.1046 | Val Loss 2.3007 Acc 0.1129 AUC 0.5000 Pre 0.0113 Rec 0.1000
2026-08-30 00:31:37 | Diag logvar_q_mean=-0.3983 logvar_q_clamp=0.0000 logvar_p_mean=-0.3983 logvar_p_clamp=0.0000
2026-08-30 00:31:41 | Epoch 124/400 | Train Loss 2.3076 Acc 0.1052 | Val Loss 2.3008 Acc 0.1129 AUC 0.5000 Pre 0.0113 Rec 0.1000
2026-08-30 00:31:41 | Diag logvar_q_mean=-0.4017 logvar_q_clamp=0.0000 logvar_p_mean=-0.4017 logvar_p_clamp=0.0000
2026-08-30 00:31:44 | Epoch 125/400 | Train Loss 2.3088 Acc 0.1031 | Val Loss 2.3008 Acc 0.1129 AUC 0.5000 Pre 0.0113 Rec 0.1000
2026-08-30 00:31:45 | Diag logvar_q_mean=-0.4054 logvar_q_clamp=0.0000 logvar_p_mean=-0.4054 logvar_p_clamp=0.0000
2026-08-30 00:31:48 | Epoch 126/400 | Train Loss 2.3076 Acc 0.1046 | Val Loss 2.3008 Acc 0.1129 AUC 0.5000 Pre 0.0113 Rec 0.1000
2026-08-30 00:31:49 | Diag logvar_q_mean=-0.4087 logvar_q_clamp=0.0000 logvar_p_mean=-0.4087 logvar_p_clamp=0.0000
2026-08-30 00:31:52 | Epoch 127/400 | Train Loss 2.3081 Acc 0.1038 | Val Loss 2.3008 Acc 0.1129 AUC 0.5000 Pre 0.0113 Rec 0.1000
2026-08-30 00:31:52 | Diag logvar_q_mean=-0.4122 logvar_q_clamp=0.0000 logvar_p_mean=-0.4122 logvar_p_clamp=0.0000
2026-08-30 00:31:56 | Epoch 128/400 | Train Loss 2.3072 Acc 0.1059 | Val Loss 2.3008 Acc 0.1129 AUC 0.5000 Pre 0.0113 Rec 0.1000
2026-08-30 00:31:56 | Diag logvar_q_mean=-0.4155 logvar_q_clamp=0.0000 logvar_p_mean=-0.4155 logvar_p_clamp=0.0000
2026-08-30 00:31:59 | Epoch 129/400 | Train Loss 2.3083 Acc 0.1064 | Val Loss 2.3007 Acc 0.1129 AUC 0.5000 Pre 0.0113 Rec 0.1000
2026-08-30 00:32:00 | Diag logvar_q_mean=-0.4190 logvar_q_clamp=0.0000 logvar_p_mean=-0.4190 logvar_p_clamp=0.0000
2026-08-30 00:32:03 | Epoch 130/400 | Train Loss 2.3077 Acc 0.1042 | Val Loss 2.3008 Acc 0.1129 AUC 0.5000 Pre 0.0113 Rec 0.1000
2026-08-30 00:32:04 | Diag logvar_q_mean=-0.4224 logvar_q_clamp=0.0000 logvar_p_mean=-0.4224 logvar_p_clamp=0.0000
2026-08-30 00:32:07 | Epoch 131/400 | Train Loss 2.3083 Acc 0.1032 | Val Loss 2.3008 Acc 0.1129 AUC 0.5000 Pre 0.0113 Rec 0.1000
2026-08-30 00:32:07 | Diag logvar_q_mean=-0.4259 logvar_q_clamp=0.0000 logvar_p_mean=-0.4259 logvar_p_clamp=0.0000
2026-08-30 00:32:11 | Epoch 132/400 | Train Loss 2.3079 Acc 0.1051 | Val Loss 2.3008 Acc 0.1129 AUC 0.5000 Pre 0.0113 Rec 0.1000
2026-08-30 00:32:11 | Diag logvar_q_mean=-0.4294 logvar_q_clamp=0.0000 logvar_p_mean=-0.4294 logvar_p_clamp=0.0000
2026-08-30 00:32:14 | Epoch 133/400 | Train Loss 2.3089 Acc 0.1036 | Val Loss 2.3008 Acc 0.1129 AUC 0.5000 Pre 0.0113 Rec 0.1000
2026-08-30 00:32:15 | Diag logvar_q_mean=-0.4329 logvar_q_clamp=0.0000 logvar_p_mean=-0.4329 logvar_p_clamp=0.0000
2026-08-30 00:32:18 | Epoch 134/400 | Train Loss 2.3075 Acc 0.1040 | Val Loss 2.3007 Acc 0.1129 AUC 0.5000 Pre 0.0113 Rec 0.1000
2026-08-30 00:32:19 | Diag logvar_q_mean=-0.4362 logvar_q_clamp=0.0000 logvar_p_mean=-0.4362 logvar_p_clamp=0.0000
2026-08-30 00:32:22 | Epoch 135/400 | Train Loss 2.3076 Acc 0.1041 | Val Loss 2.3007 Acc 0.1129 AUC 0.5000 Pre 0.0113 Rec 0.1000
2026-08-30 00:32:22 | Diag logvar_q_mean=-0.4396 logvar_q_clamp=0.0000 logvar_p_mean=-0.4396 logvar_p_clamp=0.0000
2026-08-30 00:32:26 | Epoch 136/400 | Train Loss 2.3080 Acc 0.1026 | Val Loss 2.3008 Acc 0.1129 AUC 0.5000 Pre 0.0113 Rec 0.1000
2026-08-30 00:32:26 | Diag logvar_q_mean=-0.4430 logvar_q_clamp=0.0000 logvar_p_mean=-0.4430 logvar_p_clamp=0.0000
2026-08-30 00:32:29 | Epoch 137/400 | Train Loss 2.3083 Acc 0.1028 | Val Loss 2.3008 Acc 0.1129 AUC 0.5000 Pre 0.0113 Rec 0.1000
2026-08-30 00:32:30 | Diag logvar_q_mean=-0.4466 logvar_q_clamp=0.0000 logvar_p_mean=-0.4466 logvar_p_clamp=0.0000
2026-08-30 00:32:33 | Epoch 138/400 | Train Loss 2.3083 Acc 0.1028 | Val Loss 2.3007 Acc 0.1129 AUC 0.5000 Pre 0.0113 Rec 0.1000
2026-08-30 00:32:34 | Diag logvar_q_mean=-0.4500 logvar_q_clamp=0.0000 logvar_p_mean=-0.4500 logvar_p_clamp=0.0000
2026-08-30 00:32:37 | Epoch 139/400 | Train Loss 2.3079 Acc 0.1038 | Val Loss 2.3008 Acc 0.1129 AUC 0.5000 Pre 0.0113 Rec 0.1000
2026-08-30 00:32:37 | Diag logvar_q_mean=-0.4534 logvar_q_clamp=0.0000 logvar_p_mean=-0.4534 logvar_p_clamp=0.0000
2026-08-30 00:32:41 | Epoch 140/400 | Train Loss 2.3078 Acc 0.1052 | Val Loss 2.3007 Acc 0.1129 AUC 0.5000 Pre 0.0113 Rec 0.1000
2026-08-30 00:32:41 | Diag logvar_q_mean=-0.4567 logvar_q_clamp=0.0000 logvar_p_mean=-0.4567 logvar_p_clamp=0.0000
2026-08-30 00:32:45 | Epoch 141/400 | Train Loss 2.3074 Acc 0.1040 | Val Loss 2.3007 Acc 0.1129 AUC 0.5000 Pre 0.0113 Rec 0.1000
2026-08-30 00:32:45 | Diag logvar_q_mean=-0.4601 logvar_q_clamp=0.0000 logvar_p_mean=-0.4601 logvar_p_clamp=0.0000
2026-08-30 00:32:48 | Epoch 142/400 | Train Loss 2.3088 Acc 0.1020 | Val Loss 2.3008 Acc 0.1129 AUC 0.5000 Pre 0.0113 Rec 0.1000
2026-08-30 00:32:49 | Diag logvar_q_mean=-0.4637 logvar_q_clamp=0.0000 logvar_p_mean=-0.4637 logvar_p_clamp=0.0000
2026-08-30 00:32:52 | Epoch 143/400 | Train Loss 2.3077 Acc 0.1035 | Val Loss 2.3008 Acc 0.1129 AUC 0.5000 Pre 0.0113 Rec 0.1000
2026-08-30 00:32:53 | Diag logvar_q_mean=-0.4670 logvar_q_clamp=0.0000 logvar_p_mean=-0.4670 logvar_p_clamp=0.0000
2026-08-30 00:32:56 | Epoch 144/400 | Train Loss 2.3074 Acc 0.1034 | Val Loss 2.3008 Acc 0.1129 AUC 0.5000 Pre 0.0113 Rec 0.1000
2026-08-30 00:32:56 | Diag logvar_q_mean=-0.4702 logvar_q_clamp=0.0000 logvar_p_mean=-0.4702 logvar_p_clamp=0.0000
2026-08-30 00:33:00 | Epoch 145/400 | Train Loss 2.3085 Acc 0.1034 | Val Loss 2.3008 Acc 0.1129 AUC 0.5000 Pre 0.0113 Rec 0.1000
2026-08-30 00:33:00 | Diag logvar_q_mean=-0.4736 logvar_q_clamp=0.0000 logvar_p_mean=-0.4736 logvar_p_clamp=0.0000
2026-08-30 00:33:03 | Epoch 146/400 | Train Loss 2.3076 Acc 0.1048 | Val Loss 2.3008 Acc 0.1129 AUC 0.5000 Pre 0.0113 Rec 0.1000
2026-08-30 00:33:04 | Diag logvar_q_mean=-0.4769 logvar_q_clamp=0.0000 logvar_p_mean=-0.4769 logvar_p_clamp=0.0000
2026-08-30 00:33:07 | Epoch 147/400 | Train Loss 2.3082 Acc 0.1060 | Val Loss 2.3007 Acc 0.1129 AUC 0.5000 Pre 0.0113 Rec 0.1000
2026-08-30 00:33:08 | Diag logvar_q_mean=-0.4803 logvar_q_clamp=0.0000 logvar_p_mean=-0.4803 logvar_p_clamp=0.0000
2026-08-30 00:33:11 | Epoch 148/400 | Train Loss 2.3077 Acc 0.1047 | Val Loss 2.3008 Acc 0.1129 AUC 0.5000 Pre 0.0113 Rec 0.1000
2026-08-30 00:33:11 | Diag logvar_q_mean=-0.4837 logvar_q_clamp=0.0000 logvar_p_mean=-0.4836 logvar_p_clamp=0.0000
2026-08-30 00:33:15 | Epoch 149/400 | Train Loss 2.3078 Acc 0.1030 | Val Loss 2.3008 Acc 0.1129 AUC 0.5000 Pre 0.0113 Rec 0.1000
2026-08-30 00:33:15 | Diag logvar_q_mean=-0.4870 logvar_q_clamp=0.0000 logvar_p_mean=-0.4870 logvar_p_clamp=0.0000
2026-08-30 00:33:18 | Epoch 150/400 | Train Loss 2.3074 Acc 0.1041 | Val Loss 2.3008 Acc 0.1129 AUC 0.5000 Pre 0.0113 Rec 0.1000
2026-08-30 00:33:19 | Diag logvar_q_mean=-0.4903 logvar_q_clamp=0.0000 logvar_p_mean=-0.4903 logvar_p_clamp=0.0000
2026-08-30 00:33:22 | Epoch 151/400 | Train Loss 2.3084 Acc 0.1045 | Val Loss 2.3008 Acc 0.1129 AUC 0.5000 Pre 0.0113 Rec 0.1000
2026-08-30 00:33:23 | Diag logvar_q_mean=-0.4938 logvar_q_clamp=0.0000 logvar_p_mean=-0.4938 logvar_p_clamp=0.0000
2026-08-30 00:33:26 | Epoch 152/400 | Train Loss 2.3073 Acc 0.1030 | Val Loss 2.3007 Acc 0.1129 AUC 0.5000 Pre 0.0113 Rec 0.1000
2026-08-30 00:33:27 | Diag logvar_q_mean=-0.4970 logvar_q_clamp=0.0000 logvar_p_mean=-0.4970 logvar_p_clamp=0.0000
2026-08-30 00:33:30 | Epoch 153/400 | Train Loss 2.3077 Acc 0.1066 | Val Loss 2.3007 Acc 0.1129 AUC 0.5000 Pre 0.0113 Rec 0.1000
2026-08-30 00:33:30 | Diag logvar_q_mean=-0.5003 logvar_q_clamp=0.0000 logvar_p_mean=-0.5003 logvar_p_clamp=0.0000
2026-08-30 00:33:34 | Epoch 154/400 | Train Loss 2.3076 Acc 0.1047 | Val Loss 2.3007 Acc 0.1129 AUC 0.5000 Pre 0.0113 Rec 0.1000
2026-08-30 00:33:34 | Diag logvar_q_mean=-0.5036 logvar_q_clamp=0.0000 logvar_p_mean=-0.5036 logvar_p_clamp=0.0000
2026-08-30 00:33:37 | Epoch 155/400 | Train Loss 2.3077 Acc 0.1039 | Val Loss 2.3007 Acc 0.1129 AUC 0.5000 Pre 0.0113 Rec 0.1000
2026-08-30 00:33:38 | Diag logvar_q_mean=-0.5069 logvar_q_clamp=0.0000 logvar_p_mean=-0.5069 logvar_p_clamp=0.0000
2026-08-30 00:33:41 | Epoch 156/400 | Train Loss 2.3072 Acc 0.1047 | Val Loss 2.3007 Acc 0.1129 AUC 0.5000 Pre 0.0113 Rec 0.1000
2026-08-30 00:33:42 | Diag logvar_q_mean=-0.5101 logvar_q_clamp=0.0000 logvar_p_mean=-0.5101 logvar_p_clamp=0.0000
2026-08-30 00:33:45 | Epoch 157/400 | Train Loss 2.3083 Acc 0.1044 | Val Loss 2.3007 Acc 0.1129 AUC 0.5000 Pre 0.0113 Rec 0.1000
2026-08-30 00:33:45 | Diag logvar_q_mean=-0.5135 logvar_q_clamp=0.0000 logvar_p_mean=-0.5135 logvar_p_clamp=0.0000
2026-08-30 00:33:49 | Epoch 158/400 | Train Loss 2.3075 Acc 0.1053 | Val Loss 2.3007 Acc 0.1129 AUC 0.5000 Pre 0.0113 Rec 0.1000
2026-08-30 00:33:49 | Diag logvar_q_mean=-0.5168 logvar_q_clamp=0.0000 logvar_p_mean=-0.5168 logvar_p_clamp=0.0000
2026-08-30 00:33:52 | Epoch 159/400 | Train Loss 2.3079 Acc 0.1045 | Val Loss 2.3007 Acc 0.1129 AUC 0.5000 Pre 0.0113 Rec 0.1000
2026-08-30 00:33:53 | Diag logvar_q_mean=-0.5201 logvar_q_clamp=0.0000 logvar_p_mean=-0.5201 logvar_p_clamp=0.0000
2026-08-30 00:33:56 | Epoch 160/400 | Train Loss 2.3076 Acc 0.1039 | Val Loss 2.3008 Acc 0.1129 AUC 0.5000 Pre 0.0113 Rec 0.1000
2026-08-30 00:33:57 | Diag logvar_q_mean=-0.5233 logvar_q_clamp=0.0000 logvar_p_mean=-0.5233 logvar_p_clamp=0.0000
2026-08-30 00:34:00 | Epoch 161/400 | Train Loss 2.3079 Acc 0.1047 | Val Loss 2.3007 Acc 0.1129 AUC 0.5000 Pre 0.0113 Rec 0.1000
2026-08-30 00:34:01 | Diag logvar_q_mean=-0.5266 logvar_q_clamp=0.0000 logvar_p_mean=-0.5266 logvar_p_clamp=0.0000
2026-08-30 00:34:04 | Epoch 162/400 | Train Loss 2.3089 Acc 0.1041 | Val Loss 2.3007 Acc 0.1129 AUC 0.5000 Pre 0.0113 Rec 0.1000
2026-08-30 00:34:04 | Diag logvar_q_mean=-0.5301 logvar_q_clamp=0.0000 logvar_p_mean=-0.5301 logvar_p_clamp=0.0000
2026-08-30 00:34:07 | Epoch 163/400 | Train Loss 2.3075 Acc 0.1047 | Val Loss 2.3008 Acc 0.1129 AUC 0.5000 Pre 0.0113 Rec 0.1000
2026-08-30 00:34:08 | Diag logvar_q_mean=-0.5333 logvar_q_clamp=0.0000 logvar_p_mean=-0.5333 logvar_p_clamp=0.0000
2026-08-30 00:34:11 | Epoch 164/400 | Train Loss 2.3080 Acc 0.1036 | Val Loss 2.3008 Acc 0.1129 AUC 0.5000 Pre 0.0113 Rec 0.1000
2026-08-30 00:34:12 | Diag logvar_q_mean=-0.5366 logvar_q_clamp=0.0000 logvar_p_mean=-0.5366 logvar_p_clamp=0.0000
2026-08-30 00:34:15 | Epoch 165/400 | Train Loss 2.3082 Acc 0.1030 | Val Loss 2.3008 Acc 0.1129 AUC 0.5000 Pre 0.0113 Rec 0.1000
2026-08-30 00:34:16 | Diag logvar_q_mean=-0.5400 logvar_q_clamp=0.0000 logvar_p_mean=-0.5400 logvar_p_clamp=0.0000
2026-08-30 00:34:19 | Epoch 166/400 | Train Loss 2.3073 Acc 0.1053 | Val Loss 2.3008 Acc 0.1129 AUC 0.5000 Pre 0.0113 Rec 0.1000
2026-08-30 00:34:19 | Diag logvar_q_mean=-0.5431 logvar_q_clamp=0.0000 logvar_p_mean=-0.5431 logvar_p_clamp=0.0000
2026-08-30 00:34:23 | Epoch 167/400 | Train Loss 2.3076 Acc 0.1058 | Val Loss 2.3008 Acc 0.1129 AUC 0.5000 Pre 0.0113 Rec 0.1000
2026-08-30 00:34:23 | Diag logvar_q_mean=-0.5464 logvar_q_clamp=0.0000 logvar_p_mean=-0.5464 logvar_p_clamp=0.0000
2026-08-30 00:34:26 | Epoch 168/400 | Train Loss 2.3075 Acc 0.1016 | Val Loss 2.3007 Acc 0.1129 AUC 0.5000 Pre 0.0113 Rec 0.1000
2026-08-30 00:34:27 | Diag logvar_q_mean=-0.5496 logvar_q_clamp=0.0000 logvar_p_mean=-0.5496 logvar_p_clamp=0.0000
2026-08-30 00:34:30 | Epoch 169/400 | Train Loss 2.3076 Acc 0.1033 | Val Loss 2.3008 Acc 0.1129 AUC 0.5000 Pre 0.0113 Rec 0.1000
2026-08-30 00:34:31 | Diag logvar_q_mean=-0.5529 logvar_q_clamp=0.0000 logvar_p_mean=-0.5529 logvar_p_clamp=0.0000
2026-08-30 00:34:34 | Epoch 170/400 | Train Loss 2.3074 Acc 0.1057 | Val Loss 2.3008 Acc 0.1129 AUC 0.5000 Pre 0.0113 Rec 0.1000
2026-08-30 00:34:34 | Diag logvar_q_mean=-0.5561 logvar_q_clamp=0.0000 logvar_p_mean=-0.5561 logvar_p_clamp=0.0000
2026-08-30 00:34:38 | Epoch 171/400 | Train Loss 2.3082 Acc 0.1050 | Val Loss 2.3007 Acc 0.1129 AUC 0.5000 Pre 0.0113 Rec 0.1000
2026-08-30 00:34:38 | Diag logvar_q_mean=-0.5594 logvar_q_clamp=0.0000 logvar_p_mean=-0.5594 logvar_p_clamp=0.0000
2026-08-30 00:34:42 | Epoch 172/400 | Train Loss 2.3075 Acc 0.1041 | Val Loss 2.3007 Acc 0.1129 AUC 0.5000 Pre 0.0113 Rec 0.1000
2026-08-30 00:34:42 | Diag logvar_q_mean=-0.5626 logvar_q_clamp=0.0000 logvar_p_mean=-0.5626 logvar_p_clamp=0.0000
2026-08-30 00:34:45 | Epoch 173/400 | Train Loss 2.3081 Acc 0.1045 | Val Loss 2.3008 Acc 0.1129 AUC 0.5000 Pre 0.0113 Rec 0.1000
2026-08-30 00:34:46 | Diag logvar_q_mean=-0.5659 logvar_q_clamp=0.0000 logvar_p_mean=-0.5659 logvar_p_clamp=0.0000
2026-08-30 00:34:49 | Epoch 174/400 | Train Loss 2.3072 Acc 0.1055 | Val Loss 2.3008 Acc 0.1129 AUC 0.5000 Pre 0.0113 Rec 0.1000
2026-08-30 00:34:50 | Diag logvar_q_mean=-0.5690 logvar_q_clamp=0.0000 logvar_p_mean=-0.5690 logvar_p_clamp=0.0000
2026-08-30 00:34:53 | Epoch 175/400 | Train Loss 2.3076 Acc 0.1049 | Val Loss 2.3008 Acc 0.1129 AUC 0.5000 Pre 0.0113 Rec 0.1000
2026-08-30 00:34:53 | Diag logvar_q_mean=-0.5722 logvar_q_clamp=0.0000 logvar_p_mean=-0.5722 logvar_p_clamp=0.0000
2026-08-30 00:34:56 | Epoch 176/400 | Train Loss 2.3074 Acc 0.1043 | Val Loss 2.3007 Acc 0.1129 AUC 0.5000 Pre 0.0113 Rec 0.1000
2026-08-30 00:34:57 | Diag logvar_q_mean=-0.5755 logvar_q_clamp=0.0000 logvar_p_mean=-0.5755 logvar_p_clamp=0.0000
2026-08-30 00:35:00 | Epoch 177/400 | Train Loss 2.3076 Acc 0.1025 | Val Loss 2.3007 Acc 0.1129 AUC 0.5000 Pre 0.0113 Rec 0.1000
2026-08-30 00:35:00 | Diag logvar_q_mean=-0.5787 logvar_q_clamp=0.0000 logvar_p_mean=-0.5787 logvar_p_clamp=0.0000
2026-08-30 00:35:04 | Epoch 178/400 | Train Loss 2.3071 Acc 0.1064 | Val Loss 2.3008 Acc 0.1129 AUC 0.5000 Pre 0.0113 Rec 0.1000
2026-08-30 00:35:04 | Diag logvar_q_mean=-0.5818 logvar_q_clamp=0.0000 logvar_p_mean=-0.5818 logvar_p_clamp=0.0000
2026-08-30 00:35:07 | Epoch 179/400 | Train Loss 2.3077 Acc 0.1055 | Val Loss 2.3008 Acc 0.1129 AUC 0.5000 Pre 0.0113 Rec 0.1000
2026-08-30 00:35:08 | Diag logvar_q_mean=-0.5851 logvar_q_clamp=0.0000 logvar_p_mean=-0.5851 logvar_p_clamp=0.0000
2026-08-30 00:35:11 | Epoch 180/400 | Train Loss 2.3067 Acc 0.1053 | Val Loss 2.3007 Acc 0.1129 AUC 0.5000 Pre 0.0113 Rec 0.1000
2026-08-30 00:35:11 | Diag logvar_q_mean=-0.5881 logvar_q_clamp=0.0000 logvar_p_mean=-0.5881 logvar_p_clamp=0.0000
2026-08-30 00:35:15 | Epoch 181/400 | Train Loss 2.3080 Acc 0.1030 | Val Loss 2.3008 Acc 0.1129 AUC 0.5000 Pre 0.0113 Rec 0.1000
2026-08-30 00:35:15 | Diag logvar_q_mean=-0.5915 logvar_q_clamp=0.0000 logvar_p_mean=-0.5915 logvar_p_clamp=0.0000
2026-08-30 00:35:18 | Epoch 182/400 | Train Loss 2.3077 Acc 0.1037 | Val Loss 2.3008 Acc 0.1129 AUC 0.5000 Pre 0.0113 Rec 0.1000
2026-08-30 00:35:19 | Diag logvar_q_mean=-0.5947 logvar_q_clamp=0.0000 logvar_p_mean=-0.5947 logvar_p_clamp=0.0000
2026-08-30 00:35:22 | Epoch 183/400 | Train Loss 2.3075 Acc 0.1036 | Val Loss 2.3008 Acc 0.1129 AUC 0.5000 Pre 0.0113 Rec 0.1000
2026-08-30 00:35:23 | Diag logvar_q_mean=-0.5979 logvar_q_clamp=0.0000 logvar_p_mean=-0.5979 logvar_p_clamp=0.0000
2026-08-30 00:35:26 | Epoch 184/400 | Train Loss 2.3067 Acc 0.1054 | Val Loss 2.3007 Acc 0.1129 AUC 0.5000 Pre 0.0113 Rec 0.1000
2026-08-30 00:35:27 | Diag logvar_q_mean=-0.6010 logvar_q_clamp=0.0000 logvar_p_mean=-0.6010 logvar_p_clamp=0.0000
2026-08-30 00:35:30 | Epoch 185/400 | Train Loss 2.3081 Acc 0.1020 | Val Loss 2.3007 Acc 0.1129 AUC 0.5000 Pre 0.0113 Rec 0.1000
2026-08-30 00:35:30 | Diag logvar_q_mean=-0.6043 logvar_q_clamp=0.0000 logvar_p_mean=-0.6043 logvar_p_clamp=0.0000
2026-08-30 00:35:34 | Epoch 186/400 | Train Loss 2.3082 Acc 0.1043 | Val Loss 2.3008 Acc 0.1129 AUC 0.5000 Pre 0.0113 Rec 0.1000
2026-08-30 00:35:34 | Diag logvar_q_mean=-0.6077 logvar_q_clamp=0.0000 logvar_p_mean=-0.6077 logvar_p_clamp=0.0000
2026-08-30 00:35:37 | Epoch 187/400 | Train Loss 2.3078 Acc 0.1047 | Val Loss 2.3008 Acc 0.1129 AUC 0.5000 Pre 0.0113 Rec 0.1000
2026-08-30 00:35:38 | Diag logvar_q_mean=-0.6109 logvar_q_clamp=0.0000 logvar_p_mean=-0.6109 logvar_p_clamp=0.0000
2026-08-30 00:35:41 | Epoch 188/400 | Train Loss 2.3070 Acc 0.1020 | Val Loss 2.3008 Acc 0.1129 AUC 0.5000 Pre 0.0113 Rec 0.1000
2026-08-30 00:35:42 | Diag logvar_q_mean=-0.6139 logvar_q_clamp=0.0000 logvar_p_mean=-0.6139 logvar_p_clamp=0.0000
2026-08-30 00:35:45 | Epoch 189/400 | Train Loss 2.3069 Acc 0.1037 | Val Loss 2.3008 Acc 0.1129 AUC 0.5000 Pre 0.0113 Rec 0.1000
2026-08-30 00:35:45 | Diag logvar_q_mean=-0.6170 logvar_q_clamp=0.0000 logvar_p_mean=-0.6170 logvar_p_clamp=0.0000
2026-08-30 00:35:49 | Epoch 190/400 | Train Loss 2.3075 Acc 0.1052 | Val Loss 2.3008 Acc 0.1129 AUC 0.5000 Pre 0.0113 Rec 0.1000
2026-08-30 00:35:49 | Diag logvar_q_mean=-0.6203 logvar_q_clamp=0.0000 logvar_p_mean=-0.6203 logvar_p_clamp=0.0000
2026-08-30 00:35:52 | Epoch 191/400 | Train Loss 2.3076 Acc 0.1058 | Val Loss 2.3008 Acc 0.1129 AUC 0.5000 Pre 0.0113 Rec 0.1000
2026-08-30 00:35:53 | Diag logvar_q_mean=-0.6235 logvar_q_clamp=0.0000 logvar_p_mean=-0.6235 logvar_p_clamp=0.0000
2026-08-30 00:35:56 | Epoch 192/400 | Train Loss 2.3069 Acc 0.1054 | Val Loss 2.3007 Acc 0.1129 AUC 0.5000 Pre 0.0113 Rec 0.1000
2026-08-30 00:35:57 | Diag logvar_q_mean=-0.6265 logvar_q_clamp=0.0000 logvar_p_mean=-0.6265 logvar_p_clamp=0.0000
2026-08-30 00:36:00 | Epoch 193/400 | Train Loss 2.3074 Acc 0.1058 | Val Loss 2.3007 Acc 0.1129 AUC 0.5000 Pre 0.0113 Rec 0.1000
2026-08-30 00:36:00 | Diag logvar_q_mean=-0.6297 logvar_q_clamp=0.0000 logvar_p_mean=-0.6297 logvar_p_clamp=0.0000
2026-08-30 00:36:04 | Epoch 194/400 | Train Loss 2.3068 Acc 0.1036 | Val Loss 2.3008 Acc 0.1129 AUC 0.5000 Pre 0.0113 Rec 0.1000
2026-08-30 00:36:04 | Diag logvar_q_mean=-0.6328 logvar_q_clamp=0.0000 logvar_p_mean=-0.6328 logvar_p_clamp=0.0000
2026-08-30 00:36:07 | Epoch 195/400 | Train Loss 2.3077 Acc 0.1064 | Val Loss 2.3008 Acc 0.1129 AUC 0.5000 Pre 0.0113 Rec 0.1000
2026-08-30 00:36:08 | Diag logvar_q_mean=-0.6360 logvar_q_clamp=0.0000 logvar_p_mean=-0.6360 logvar_p_clamp=0.0000
2026-08-30 00:36:11 | Epoch 196/400 | Train Loss 2.3079 Acc 0.1027 | Val Loss 2.3008 Acc 0.1129 AUC 0.5000 Pre 0.0113 Rec 0.1000
2026-08-30 00:36:12 | Diag logvar_q_mean=-0.6393 logvar_q_clamp=0.0000 logvar_p_mean=-0.6393 logvar_p_clamp=0.0000
2026-08-30 00:36:15 | Epoch 197/400 | Train Loss 2.3076 Acc 0.1040 | Val Loss 2.3007 Acc 0.1129 AUC 0.5000 Pre 0.0113 Rec 0.1000
2026-08-30 00:36:15 | Diag logvar_q_mean=-0.6424 logvar_q_clamp=0.0000 logvar_p_mean=-0.6424 logvar_p_clamp=0.0000
2026-08-30 00:36:19 | Epoch 198/400 | Train Loss 2.3073 Acc 0.1050 | Val Loss 2.3008 Acc 0.1129 AUC 0.5000 Pre 0.0113 Rec 0.1000
2026-08-30 00:36:19 | Diag logvar_q_mean=-0.6455 logvar_q_clamp=0.0000 logvar_p_mean=-0.6455 logvar_p_clamp=0.0000
2026-08-30 00:36:23 | Epoch 199/400 | Train Loss 2.3075 Acc 0.1052 | Val Loss 2.3007 Acc 0.1129 AUC 0.5000 Pre 0.0113 Rec 0.1000
2026-08-30 00:36:23 | Diag logvar_q_mean=-0.6486 logvar_q_clamp=0.0000 logvar_p_mean=-0.6486 logvar_p_clamp=0.0000
2026-08-30 00:36:26 | Epoch 200/400 | Train Loss 2.3064 Acc 0.1056 | Val Loss 2.3008 Acc 0.1129 AUC 0.5000 Pre 0.0113 Rec 0.1000
2026-08-30 00:36:27 | Diag logvar_q_mean=-0.6515 logvar_q_clamp=0.0000 logvar_p_mean=-0.6515 logvar_p_clamp=0.0000
2026-08-30 00:36:30 | Epoch 201/400 | Train Loss 2.3068 Acc 0.1058 | Val Loss 2.3007 Acc 0.1129 AUC 0.5000 Pre 0.0113 Rec 0.1000
2026-08-30 00:36:31 | Diag logvar_q_mean=-0.6546 logvar_q_clamp=0.0000 logvar_p_mean=-0.6546 logvar_p_clamp=0.0000
2026-08-30 00:36:34 | Epoch 202/400 | Train Loss 2.3079 Acc 0.1036 | Val Loss 2.3008 Acc 0.1129 AUC 0.5000 Pre 0.0113 Rec 0.1000
2026-08-30 00:36:34 | Diag logvar_q_mean=-0.6579 logvar_q_clamp=0.0000 logvar_p_mean=-0.6579 logvar_p_clamp=0.0000
2026-08-30 00:36:38 | Epoch 203/400 | Train Loss 2.3073 Acc 0.1043 | Val Loss 2.3008 Acc 0.1129 AUC 0.5000 Pre 0.0113 Rec 0.1000
2026-08-30 00:36:38 | Diag logvar_q_mean=-0.6610 logvar_q_clamp=0.0000 logvar_p_mean=-0.6610 logvar_p_clamp=0.0000
2026-08-30 00:36:42 | Epoch 204/400 | Train Loss 2.3074 Acc 0.1045 | Val Loss 2.3007 Acc 0.1129 AUC 0.5000 Pre 0.0113 Rec 0.1000
2026-08-30 00:36:42 | Diag logvar_q_mean=-0.6641 logvar_q_clamp=0.0000 logvar_p_mean=-0.6641 logvar_p_clamp=0.0000
2026-08-30 00:36:45 | Epoch 205/400 | Train Loss 2.3072 Acc 0.1043 | Val Loss 2.3008 Acc 0.1129 AUC 0.5000 Pre 0.0113 Rec 0.1000
2026-08-30 00:36:46 | Diag logvar_q_mean=-0.6673 logvar_q_clamp=0.0000 logvar_p_mean=-0.6673 logvar_p_clamp=0.0000
2026-08-30 00:36:49 | Epoch 206/400 | Train Loss 2.3078 Acc 0.1031 | Val Loss 2.3007 Acc 0.1129 AUC 0.5000 Pre 0.0113 Rec 0.1000
2026-08-30 00:36:50 | Diag logvar_q_mean=-0.6704 logvar_q_clamp=0.0000 logvar_p_mean=-0.6704 logvar_p_clamp=0.0000
2026-08-30 00:36:53 | Epoch 207/400 | Train Loss 2.3073 Acc 0.1024 | Val Loss 2.3008 Acc 0.1129 AUC 0.5000 Pre 0.0113 Rec 0.1000
2026-08-30 00:36:53 | Diag logvar_q_mean=-0.6735 logvar_q_clamp=0.0000 logvar_p_mean=-0.6735 logvar_p_clamp=0.0000
2026-08-30 00:36:57 | Epoch 208/400 | Train Loss 2.3074 Acc 0.1031 | Val Loss 2.3007 Acc 0.1129 AUC 0.5000 Pre 0.0113 Rec 0.1000
2026-08-30 00:36:57 | Diag logvar_q_mean=-0.6765 logvar_q_clamp=0.0000 logvar_p_mean=-0.6765 logvar_p_clamp=0.0000
2026-08-30 00:37:00 | Epoch 209/400 | Train Loss 2.3074 Acc 0.1036 | Val Loss 2.3007 Acc 0.1129 AUC 0.5000 Pre 0.0113 Rec 0.1000
2026-08-30 00:37:01 | Diag logvar_q_mean=-0.6797 logvar_q_clamp=0.0000 logvar_p_mean=-0.6797 logvar_p_clamp=0.0000
2026-08-30 00:37:04 | Epoch 210/400 | Train Loss 2.3075 Acc 0.1050 | Val Loss 2.3007 Acc 0.1129 AUC 0.5000 Pre 0.0113 Rec 0.1000
2026-08-30 00:37:05 | Diag logvar_q_mean=-0.6828 logvar_q_clamp=0.0000 logvar_p_mean=-0.6828 logvar_p_clamp=0.0000
2026-08-30 00:37:08 | Epoch 211/400 | Train Loss 2.3074 Acc 0.1031 | Val Loss 2.3008 Acc 0.1129 AUC 0.5000 Pre 0.0113 Rec 0.1000
2026-08-30 00:37:08 | Diag logvar_q_mean=-0.6859 logvar_q_clamp=0.0000 logvar_p_mean=-0.6859 logvar_p_clamp=0.0000
2026-08-30 00:37:12 | Epoch 212/400 | Train Loss 2.3073 Acc 0.1037 | Val Loss 2.3008 Acc 0.1129 AUC 0.5000 Pre 0.0113 Rec 0.1000
2026-08-30 00:37:12 | Diag logvar_q_mean=-0.6889 logvar_q_clamp=0.0000 logvar_p_mean=-0.6889 logvar_p_clamp=0.0000
2026-08-30 00:37:16 | Epoch 213/400 | Train Loss 2.3071 Acc 0.1049 | Val Loss 2.3008 Acc 0.1129 AUC 0.5000 Pre 0.0113 Rec 0.1000
2026-08-30 00:37:16 | Diag logvar_q_mean=-0.6920 logvar_q_clamp=0.0000 logvar_p_mean=-0.6920 logvar_p_clamp=0.0000
2026-08-30 00:37:19 | Epoch 214/400 | Train Loss 2.3078 Acc 0.1060 | Val Loss 2.3008 Acc 0.1129 AUC 0.5000 Pre 0.0113 Rec 0.1000
2026-08-30 00:37:20 | Diag logvar_q_mean=-0.6951 logvar_q_clamp=0.0000 logvar_p_mean=-0.6951 logvar_p_clamp=0.0000
2026-08-30 00:37:23 | Epoch 215/400 | Train Loss 2.3068 Acc 0.1066 | Val Loss 2.3008 Acc 0.1129 AUC 0.5000 Pre 0.0113 Rec 0.1000
2026-08-30 00:37:24 | Diag logvar_q_mean=-0.6981 logvar_q_clamp=0.0000 logvar_p_mean=-0.6980 logvar_p_clamp=0.0000
2026-08-30 00:37:27 | Epoch 216/400 | Train Loss 2.3070 Acc 0.1023 | Val Loss 2.3008 Acc 0.1129 AUC 0.5000 Pre 0.0113 Rec 0.1000
2026-08-30 00:37:27 | Diag logvar_q_mean=-0.7010 logvar_q_clamp=0.0000 logvar_p_mean=-0.7010 logvar_p_clamp=0.0000
2026-08-30 00:37:31 | Epoch 217/400 | Train Loss 2.3072 Acc 0.1034 | Val Loss 2.3008 Acc 0.1129 AUC 0.5000 Pre 0.0113 Rec 0.1000
2026-08-30 00:37:31 | Diag logvar_q_mean=-0.7041 logvar_q_clamp=0.0000 logvar_p_mean=-0.7041 logvar_p_clamp=0.0000
2026-08-30 00:37:35 | Epoch 218/400 | Train Loss 2.3074 Acc 0.1059 | Val Loss 2.3008 Acc 0.1129 AUC 0.5000 Pre 0.0113 Rec 0.1000
2026-08-30 00:37:35 | Diag logvar_q_mean=-0.7072 logvar_q_clamp=0.0000 logvar_p_mean=-0.7072 logvar_p_clamp=0.0000
2026-08-30 00:37:38 | Epoch 219/400 | Train Loss 2.3076 Acc 0.1035 | Val Loss 2.3008 Acc 0.1129 AUC 0.5000 Pre 0.0113 Rec 0.1000
2026-08-30 00:37:39 | Diag logvar_q_mean=-0.7103 logvar_q_clamp=0.0000 logvar_p_mean=-0.7103 logvar_p_clamp=0.0000
2026-08-30 00:37:42 | Epoch 220/400 | Train Loss 2.3070 Acc 0.1036 | Val Loss 2.3008 Acc 0.1129 AUC 0.5000 Pre 0.0113 Rec 0.1000
2026-08-30 00:37:43 | Diag logvar_q_mean=-0.7132 logvar_q_clamp=0.0000 logvar_p_mean=-0.7132 logvar_p_clamp=0.0000
2026-08-30 00:37:46 | Epoch 221/400 | Train Loss 2.3062 Acc 0.1050 | Val Loss 2.3008 Acc 0.1129 AUC 0.5000 Pre 0.0113 Rec 0.1000
2026-08-30 00:37:46 | Diag logvar_q_mean=-0.7161 logvar_q_clamp=0.0000 logvar_p_mean=-0.7161 logvar_p_clamp=0.0000
2026-08-30 00:37:50 | Epoch 222/400 | Train Loss 2.3071 Acc 0.1042 | Val Loss 2.3007 Acc 0.1129 AUC 0.5000 Pre 0.0113 Rec 0.1000
2026-08-30 00:37:50 | Diag logvar_q_mean=-0.7192 logvar_q_clamp=0.0000 logvar_p_mean=-0.7192 logvar_p_clamp=0.0000
2026-08-30 00:37:53 | Epoch 223/400 | Train Loss 2.3068 Acc 0.1054 | Val Loss 2.3008 Acc 0.1129 AUC 0.5000 Pre 0.0113 Rec 0.1000
2026-08-30 00:37:54 | Diag logvar_q_mean=-0.7222 logvar_q_clamp=0.0000 logvar_p_mean=-0.7222 logvar_p_clamp=0.0000
2026-08-30 00:37:57 | Epoch 224/400 | Train Loss 2.3074 Acc 0.1038 | Val Loss 2.3007 Acc 0.1129 AUC 0.5000 Pre 0.0113 Rec 0.1000
2026-08-30 00:37:58 | Diag logvar_q_mean=-0.7253 logvar_q_clamp=0.0000 logvar_p_mean=-0.7253 logvar_p_clamp=0.0000
2026-08-30 00:38:01 | Epoch 225/400 | Train Loss 2.3068 Acc 0.1074 | Val Loss 2.3008 Acc 0.1129 AUC 0.5000 Pre 0.0113 Rec 0.1000
2026-08-30 00:38:01 | Diag logvar_q_mean=-0.7283 logvar_q_clamp=0.0000 logvar_p_mean=-0.7283 logvar_p_clamp=0.0000
2026-08-30 00:38:05 | Epoch 226/400 | Train Loss 2.3067 Acc 0.1045 | Val Loss 2.3007 Acc 0.1129 AUC 0.5000 Pre 0.0113 Rec 0.1000
2026-08-30 00:38:05 | Diag logvar_q_mean=-0.7313 logvar_q_clamp=0.0000 logvar_p_mean=-0.7313 logvar_p_clamp=0.0000
2026-08-30 00:38:08 | Epoch 227/400 | Train Loss 2.3068 Acc 0.1058 | Val Loss 2.3007 Acc 0.1129 AUC 0.5000 Pre 0.0113 Rec 0.1000
2026-08-30 00:38:09 | Diag logvar_q_mean=-0.7343 logvar_q_clamp=0.0000 logvar_p_mean=-0.7343 logvar_p_clamp=0.0000
2026-08-30 00:38:12 | Epoch 228/400 | Train Loss 2.3072 Acc 0.1042 | Val Loss 2.3008 Acc 0.1129 AUC 0.5000 Pre 0.0113 Rec 0.1000
2026-08-30 00:38:13 | Diag logvar_q_mean=-0.7374 logvar_q_clamp=0.0000 logvar_p_mean=-0.7374 logvar_p_clamp=0.0000
2026-08-30 00:38:16 | Epoch 229/400 | Train Loss 2.3071 Acc 0.1049 | Val Loss 2.3008 Acc 0.1129 AUC 0.5000 Pre 0.0113 Rec 0.1000
2026-08-30 00:38:16 | Diag logvar_q_mean=-0.7404 logvar_q_clamp=0.0000 logvar_p_mean=-0.7404 logvar_p_clamp=0.0000
2026-08-30 00:38:20 | Epoch 230/400 | Train Loss 2.3074 Acc 0.1050 | Val Loss 2.3008 Acc 0.1129 AUC 0.5000 Pre 0.0113 Rec 0.1000
2026-08-30 00:38:20 | Diag logvar_q_mean=-0.7435 logvar_q_clamp=0.0000 logvar_p_mean=-0.7435 logvar_p_clamp=0.0000
2026-08-30 00:38:24 | Epoch 231/400 | Train Loss 2.3068 Acc 0.1053 | Val Loss 2.3008 Acc 0.1129 AUC 0.5000 Pre 0.0113 Rec 0.1000
2026-08-30 00:38:24 | Diag logvar_q_mean=-0.7465 logvar_q_clamp=0.0000 logvar_p_mean=-0.7465 logvar_p_clamp=0.0000
2026-08-30 00:38:27 | Epoch 232/400 | Train Loss 2.3075 Acc 0.1047 | Val Loss 2.3008 Acc 0.1129 AUC 0.5000 Pre 0.0113 Rec 0.1000
2026-08-30 00:38:28 | Diag logvar_q_mean=-0.7496 logvar_q_clamp=0.0000 logvar_p_mean=-0.7496 logvar_p_clamp=0.0000
2026-08-30 00:38:31 | Epoch 233/400 | Train Loss 2.3066 Acc 0.1044 | Val Loss 2.3007 Acc 0.1129 AUC 0.5000 Pre 0.0113 Rec 0.1000
2026-08-30 00:38:32 | Diag logvar_q_mean=-0.7524 logvar_q_clamp=0.0000 logvar_p_mean=-0.7524 logvar_p_clamp=0.0000
2026-08-30 00:38:35 | Epoch 234/400 | Train Loss 2.3075 Acc 0.1042 | Val Loss 2.3007 Acc 0.1129 AUC 0.5000 Pre 0.0113 Rec 0.1000
2026-08-30 00:38:35 | Diag logvar_q_mean=-0.7555 logvar_q_clamp=0.0000 logvar_p_mean=-0.7555 logvar_p_clamp=0.0000
2026-08-30 00:38:39 | Epoch 235/400 | Train Loss 2.3075 Acc 0.1031 | Val Loss 2.3008 Acc 0.1129 AUC 0.5000 Pre 0.0113 Rec 0.1000
2026-08-30 00:38:39 | Diag logvar_q_mean=-0.7586 logvar_q_clamp=0.0000 logvar_p_mean=-0.7586 logvar_p_clamp=0.0000
2026-08-30 00:38:42 | Epoch 236/400 | Train Loss 2.3067 Acc 0.1049 | Val Loss 2.3008 Acc 0.1129 AUC 0.5000 Pre 0.0113 Rec 0.1000
2026-08-30 00:38:43 | Diag logvar_q_mean=-0.7615 logvar_q_clamp=0.0000 logvar_p_mean=-0.7614 logvar_p_clamp=0.0000
2026-08-30 00:38:46 | Epoch 237/400 | Train Loss 2.3076 Acc 0.1032 | Val Loss 2.3008 Acc 0.1129 AUC 0.5000 Pre 0.0113 Rec 0.1000
2026-08-30 00:38:47 | Diag logvar_q_mean=-0.7642 logvar_q_clamp=0.0000 logvar_p_mean=-0.7642 logvar_p_clamp=0.0000
2026-08-30 00:38:50 | Epoch 238/400 | Train Loss 2.3073 Acc 0.1033 | Val Loss 2.3008 Acc 0.1129 AUC 0.5000 Pre 0.0113 Rec 0.1000
2026-08-30 00:38:50 | Diag logvar_q_mean=-0.7672 logvar_q_clamp=0.0000 logvar_p_mean=-0.7672 logvar_p_clamp=0.0000
2026-08-30 00:38:54 | Epoch 239/400 | Train Loss 2.3069 Acc 0.1059 | Val Loss 2.3007 Acc 0.1129 AUC 0.5000 Pre 0.0113 Rec 0.1000
2026-08-30 00:38:54 | Diag logvar_q_mean=-0.7702 logvar_q_clamp=0.0000 logvar_p_mean=-0.7702 logvar_p_clamp=0.0000
2026-08-30 00:38:58 | Epoch 240/400 | Train Loss 2.3071 Acc 0.1029 | Val Loss 2.3008 Acc 0.1129 AUC 0.5000 Pre 0.0113 Rec 0.1000
2026-08-30 00:38:58 | Diag logvar_q_mean=-0.7732 logvar_q_clamp=0.0000 logvar_p_mean=-0.7732 logvar_p_clamp=0.0000
2026-08-30 00:39:01 | Epoch 241/400 | Train Loss 2.3071 Acc 0.1054 | Val Loss 2.3008 Acc 0.1129 AUC 0.5000 Pre 0.0113 Rec 0.1000
2026-08-30 00:39:02 | Diag logvar_q_mean=-0.7759 logvar_q_clamp=0.0000 logvar_p_mean=-0.7760 logvar_p_clamp=0.0000
2026-08-30 00:39:05 | Epoch 242/400 | Train Loss 2.3061 Acc 0.1063 | Val Loss 2.3007 Acc 0.1129 AUC 0.5000 Pre 0.0113 Rec 0.1000
2026-08-30 00:39:06 | Diag logvar_q_mean=-0.7787 logvar_q_clamp=0.0000 logvar_p_mean=-0.7787 logvar_p_clamp=0.0000
2026-08-30 00:39:09 | Epoch 243/400 | Train Loss 2.3076 Acc 0.1040 | Val Loss 2.3007 Acc 0.1129 AUC 0.5000 Pre 0.0113 Rec 0.1000
2026-08-30 00:39:10 | Diag logvar_q_mean=-0.7818 logvar_q_clamp=0.0000 logvar_p_mean=-0.7818 logvar_p_clamp=0.0000
2026-08-30 00:39:13 | Epoch 244/400 | Train Loss 2.3071 Acc 0.1048 | Val Loss 2.3007 Acc 0.1129 AUC 0.5000 Pre 0.0113 Rec 0.1000
2026-08-30 00:39:13 | Diag logvar_q_mean=-0.7848 logvar_q_clamp=0.0000 logvar_p_mean=-0.7848 logvar_p_clamp=0.0000
2026-08-30 00:39:17 | Epoch 245/400 | Train Loss 2.3070 Acc 0.1045 | Val Loss 2.3008 Acc 0.1129 AUC 0.5000 Pre 0.0113 Rec 0.1000
2026-08-30 00:39:17 | Diag logvar_q_mean=-0.7877 logvar_q_clamp=0.0000 logvar_p_mean=-0.7877 logvar_p_clamp=0.0000
2026-08-30 00:39:20 | Epoch 246/400 | Train Loss 2.3069 Acc 0.1046 | Val Loss 2.3007 Acc 0.1129 AUC 0.5000 Pre 0.0113 Rec 0.1000
2026-08-30 00:39:21 | Diag logvar_q_mean=-0.7907 logvar_q_clamp=0.0000 logvar_p_mean=-0.7907 logvar_p_clamp=0.0000
2026-08-30 00:39:24 | Epoch 247/400 | Train Loss 2.3070 Acc 0.1050 | Val Loss 2.3007 Acc 0.1129 AUC 0.5000 Pre 0.0113 Rec 0.1000
2026-08-30 00:39:25 | Diag logvar_q_mean=-0.7936 logvar_q_clamp=0.0000 logvar_p_mean=-0.7936 logvar_p_clamp=0.0000
2026-08-30 00:39:28 | Epoch 248/400 | Train Loss 2.3068 Acc 0.1031 | Val Loss 2.3008 Acc 0.1129 AUC 0.5000 Pre 0.0113 Rec 0.1000
2026-08-30 00:39:29 | Diag logvar_q_mean=-0.7964 logvar_q_clamp=0.0000 logvar_p_mean=-0.7964 logvar_p_clamp=0.0000
2026-08-30 00:39:32 | Epoch 249/400 | Train Loss 2.3073 Acc 0.1041 | Val Loss 2.3008 Acc 0.1129 AUC 0.5000 Pre 0.0113 Rec 0.1000
2026-08-30 00:39:32 | Diag logvar_q_mean=-0.7994 logvar_q_clamp=0.0000 logvar_p_mean=-0.7994 logvar_p_clamp=0.0000
2026-08-30 00:39:36 | Epoch 250/400 | Train Loss 2.3071 Acc 0.1033 | Val Loss 2.3008 Acc 0.1129 AUC 0.5000 Pre 0.0113 Rec 0.1000
2026-08-30 00:39:36 | Diag logvar_q_mean=-0.8024 logvar_q_clamp=0.0000 logvar_p_mean=-0.8024 logvar_p_clamp=0.0000
2026-08-30 00:39:39 | Epoch 251/400 | Train Loss 2.3065 Acc 0.1053 | Val Loss 2.3008 Acc 0.1129 AUC 0.5000 Pre 0.0113 Rec 0.1000
2026-08-30 00:39:40 | Diag logvar_q_mean=-0.8052 logvar_q_clamp=0.0000 logvar_p_mean=-0.8052 logvar_p_clamp=0.0000
2026-08-30 00:39:43 | Epoch 252/400 | Train Loss 2.3069 Acc 0.1055 | Val Loss 2.3008 Acc 0.1129 AUC 0.5000 Pre 0.0113 Rec 0.1000
2026-08-30 00:39:44 | Diag logvar_q_mean=-0.8081 logvar_q_clamp=0.0000 logvar_p_mean=-0.8081 logvar_p_clamp=0.0000
2026-08-30 00:39:47 | Epoch 253/400 | Train Loss 2.3060 Acc 0.1065 | Val Loss 2.3007 Acc 0.1129 AUC 0.5000 Pre 0.0113 Rec 0.1000
2026-08-30 00:39:47 | Diag logvar_q_mean=-0.8109 logvar_q_clamp=0.0000 logvar_p_mean=-0.8110 logvar_p_clamp=0.0000
2026-08-30 00:39:51 | Epoch 254/400 | Train Loss 2.3068 Acc 0.1043 | Val Loss 2.3008 Acc 0.1129 AUC 0.5000 Pre 0.0113 Rec 0.1000
2026-08-30 00:39:51 | Diag logvar_q_mean=-0.8139 logvar_q_clamp=0.0000 logvar_p_mean=-0.8139 logvar_p_clamp=0.0000
2026-08-30 00:39:54 | Epoch 255/400 | Train Loss 2.3068 Acc 0.1052 | Val Loss 2.3008 Acc 0.1129 AUC 0.5000 Pre 0.0113 Rec 0.1000
2026-08-30 00:39:55 | Diag logvar_q_mean=-0.8169 logvar_q_clamp=0.0000 logvar_p_mean=-0.8169 logvar_p_clamp=0.0000
2026-08-30 00:39:58 | Epoch 256/400 | Train Loss 2.3072 Acc 0.1058 | Val Loss 2.3008 Acc 0.1129 AUC 0.5000 Pre 0.0113 Rec 0.1000
2026-08-30 00:39:59 | Diag logvar_q_mean=-0.8198 logvar_q_clamp=0.0000 logvar_p_mean=-0.8198 logvar_p_clamp=0.0000
2026-08-30 00:40:02 | Epoch 257/400 | Train Loss 2.3066 Acc 0.1044 | Val Loss 2.3008 Acc 0.1129 AUC 0.5000 Pre 0.0113 Rec 0.1000
2026-08-30 00:40:03 | Diag logvar_q_mean=-0.8228 logvar_q_clamp=0.0000 logvar_p_mean=-0.8228 logvar_p_clamp=0.0000
2026-08-30 00:40:06 | Epoch 258/400 | Train Loss 2.3078 Acc 0.1033 | Val Loss 2.3008 Acc 0.1129 AUC 0.5000 Pre 0.0113 Rec 0.1000
2026-08-30 00:40:06 | Diag logvar_q_mean=-0.8258 logvar_q_clamp=0.0000 logvar_p_mean=-0.8258 logvar_p_clamp=0.0000
2026-08-30 00:40:10 | Epoch 259/400 | Train Loss 2.3068 Acc 0.1050 | Val Loss 2.3007 Acc 0.1129 AUC 0.5000 Pre 0.0113 Rec 0.1000
2026-08-30 00:40:10 | Diag logvar_q_mean=-0.8287 logvar_q_clamp=0.0000 logvar_p_mean=-0.8287 logvar_p_clamp=0.0000
2026-08-30 00:40:13 | Epoch 260/400 | Train Loss 2.3072 Acc 0.1048 | Val Loss 2.3007 Acc 0.1129 AUC 0.5000 Pre 0.0113 Rec 0.1000
2026-08-30 00:40:14 | Diag logvar_q_mean=-0.8316 logvar_q_clamp=0.0000 logvar_p_mean=-0.8316 logvar_p_clamp=0.0000
2026-08-30 00:40:17 | Epoch 261/400 | Train Loss 2.3064 Acc 0.1062 | Val Loss 2.3007 Acc 0.1129 AUC 0.5000 Pre 0.0113 Rec 0.1000
2026-08-30 00:40:18 | Diag logvar_q_mean=-0.8343 logvar_q_clamp=0.0000 logvar_p_mean=-0.8343 logvar_p_clamp=0.0000
2026-08-30 00:40:21 | Epoch 262/400 | Train Loss 2.3066 Acc 0.1054 | Val Loss 2.3008 Acc 0.1129 AUC 0.5000 Pre 0.0113 Rec 0.1000
2026-08-30 00:40:21 | Diag logvar_q_mean=-0.8372 logvar_q_clamp=0.0000 logvar_p_mean=-0.8372 logvar_p_clamp=0.0000
2026-08-30 00:40:25 | Epoch 263/400 | Train Loss 2.3066 Acc 0.1048 | Val Loss 2.3008 Acc 0.1129 AUC 0.5000 Pre 0.0113 Rec 0.1000
2026-08-30 00:40:25 | Diag logvar_q_mean=-0.8401 logvar_q_clamp=0.0000 logvar_p_mean=-0.8401 logvar_p_clamp=0.0000
2026-08-30 00:40:29 | Epoch 264/400 | Train Loss 2.3065 Acc 0.1051 | Val Loss 2.3008 Acc 0.1129 AUC 0.5000 Pre 0.0113 Rec 0.1000
2026-08-30 00:40:29 | Diag logvar_q_mean=-0.8430 logvar_q_clamp=0.0000 logvar_p_mean=-0.8430 logvar_p_clamp=0.0000
2026-08-30 00:40:32 | Epoch 265/400 | Train Loss 2.3069 Acc 0.1038 | Val Loss 2.3008 Acc 0.1129 AUC 0.5000 Pre 0.0113 Rec 0.1000
2026-08-30 00:40:33 | Diag logvar_q_mean=-0.8458 logvar_q_clamp=0.0000 logvar_p_mean=-0.8458 logvar_p_clamp=0.0000
2026-08-30 00:40:36 | Epoch 266/400 | Train Loss 2.3078 Acc 0.1043 | Val Loss 2.3008 Acc 0.1129 AUC 0.5000 Pre 0.0113 Rec 0.1000
2026-08-30 00:40:37 | Diag logvar_q_mean=-0.8489 logvar_q_clamp=0.0000 logvar_p_mean=-0.8489 logvar_p_clamp=0.0000
2026-08-30 00:40:40 | Epoch 267/400 | Train Loss 2.3070 Acc 0.1033 | Val Loss 2.3008 Acc 0.1129 AUC 0.5000 Pre 0.0113 Rec 0.1000
2026-08-30 00:40:40 | Diag logvar_q_mean=-0.8518 logvar_q_clamp=0.0000 logvar_p_mean=-0.8518 logvar_p_clamp=0.0000
2026-08-30 00:40:44 | Epoch 268/400 | Train Loss 2.3070 Acc 0.1040 | Val Loss 2.3007 Acc 0.1129 AUC 0.5000 Pre 0.0113 Rec 0.1000
2026-08-30 00:40:44 | Diag logvar_q_mean=-0.8547 logvar_q_clamp=0.0000 logvar_p_mean=-0.8547 logvar_p_clamp=0.0000
2026-08-30 00:40:47 | Epoch 269/400 | Train Loss 2.3071 Acc 0.1047 | Val Loss 2.3008 Acc 0.1129 AUC 0.5000 Pre 0.0113 Rec 0.1000
2026-08-30 00:40:48 | Diag logvar_q_mean=-0.8576 logvar_q_clamp=0.0000 logvar_p_mean=-0.8576 logvar_p_clamp=0.0000
2026-08-30 00:40:51 | Epoch 270/400 | Train Loss 2.3067 Acc 0.1046 | Val Loss 2.3007 Acc 0.1129 AUC 0.5000 Pre 0.0113 Rec 0.1000
2026-08-30 00:40:52 | Diag logvar_q_mean=-0.8604 logvar_q_clamp=0.0000 logvar_p_mean=-0.8604 logvar_p_clamp=0.0000
2026-08-30 00:40:55 | Epoch 271/400 | Train Loss 2.3059 Acc 0.1074 | Val Loss 2.3008 Acc 0.1129 AUC 0.5000 Pre 0.0113 Rec 0.1000
2026-08-30 00:40:55 | Diag logvar_q_mean=-0.8630 logvar_q_clamp=0.0000 logvar_p_mean=-0.8630 logvar_p_clamp=0.0000
2026-08-30 00:40:59 | Epoch 272/400 | Train Loss 2.3068 Acc 0.1036 | Val Loss 2.3008 Acc 0.1129 AUC 0.5000 Pre 0.0113 Rec 0.1000
2026-08-30 00:40:59 | Diag logvar_q_mean=-0.8660 logvar_q_clamp=0.0000 logvar_p_mean=-0.8660 logvar_p_clamp=0.0000
2026-08-30 00:41:02 | Epoch 273/400 | Train Loss 2.3070 Acc 0.1046 | Val Loss 2.3008 Acc 0.1129 AUC 0.5000 Pre 0.0113 Rec 0.1000
2026-08-30 00:41:03 | Diag logvar_q_mean=-0.8688 logvar_q_clamp=0.0000 logvar_p_mean=-0.8688 logvar_p_clamp=0.0000
2026-08-30 00:41:06 | Epoch 274/400 | Train Loss 2.3062 Acc 0.1046 | Val Loss 2.3008 Acc 0.1129 AUC 0.5000 Pre 0.0113 Rec 0.1000
2026-08-30 00:41:07 | Diag logvar_q_mean=-0.8716 logvar_q_clamp=0.0000 logvar_p_mean=-0.8716 logvar_p_clamp=0.0000
2026-08-30 00:41:10 | Epoch 275/400 | Train Loss 2.3070 Acc 0.1045 | Val Loss 2.3007 Acc 0.1129 AUC 0.5000 Pre 0.0113 Rec 0.1000
2026-08-30 00:41:10 | Diag logvar_q_mean=-0.8745 logvar_q_clamp=0.0000 logvar_p_mean=-0.8745 logvar_p_clamp=0.0000
2026-08-30 00:41:14 | Epoch 276/400 | Train Loss 2.3073 Acc 0.1057 | Val Loss 2.3008 Acc 0.1129 AUC 0.5000 Pre 0.0113 Rec 0.1000
2026-08-30 00:41:14 | Diag logvar_q_mean=-0.8775 logvar_q_clamp=0.0000 logvar_p_mean=-0.8775 logvar_p_clamp=0.0000
2026-08-30 00:41:17 | Epoch 277/400 | Train Loss 2.3064 Acc 0.1046 | Val Loss 2.3007 Acc 0.1129 AUC 0.5000 Pre 0.0113 Rec 0.1000
2026-08-30 00:41:18 | Diag logvar_q_mean=-0.8802 logvar_q_clamp=0.0000 logvar_p_mean=-0.8802 logvar_p_clamp=0.0000
2026-08-30 00:41:21 | Epoch 278/400 | Train Loss 2.3063 Acc 0.1043 | Val Loss 2.3007 Acc 0.1129 AUC 0.5000 Pre 0.0113 Rec 0.1000
2026-08-30 00:41:22 | Diag logvar_q_mean=-0.8829 logvar_q_clamp=0.0000 logvar_p_mean=-0.8829 logvar_p_clamp=0.0000
2026-08-30 00:41:25 | Epoch 279/400 | Train Loss 2.3066 Acc 0.1033 | Val Loss 2.3008 Acc 0.1129 AUC 0.5000 Pre 0.0113 Rec 0.1000
2026-08-30 00:41:25 | Diag logvar_q_mean=-0.8857 logvar_q_clamp=0.0000 logvar_p_mean=-0.8857 logvar_p_clamp=0.0000
2026-08-30 00:41:29 | Epoch 280/400 | Train Loss 2.3064 Acc 0.1041 | Val Loss 2.3008 Acc 0.1129 AUC 0.5000 Pre 0.0113 Rec 0.1000
2026-08-30 00:41:29 | Diag logvar_q_mean=-0.8885 logvar_q_clamp=0.0000 logvar_p_mean=-0.8885 logvar_p_clamp=0.0000
2026-08-30 00:41:33 | Epoch 281/400 | Train Loss 2.3069 Acc 0.1046 | Val Loss 2.3008 Acc 0.1129 AUC 0.5000 Pre 0.0113 Rec 0.1000
2026-08-30 00:41:33 | Diag logvar_q_mean=-0.8913 logvar_q_clamp=0.0000 logvar_p_mean=-0.8913 logvar_p_clamp=0.0000
2026-08-30 00:41:36 | Epoch 282/400 | Train Loss 2.3063 Acc 0.1055 | Val Loss 2.3008 Acc 0.1129 AUC 0.5000 Pre 0.0113 Rec 0.1000
2026-08-30 00:41:37 | Diag logvar_q_mean=-0.8940 logvar_q_clamp=0.0000 logvar_p_mean=-0.8940 logvar_p_clamp=0.0000
2026-08-30 00:41:40 | Epoch 283/400 | Train Loss 2.3066 Acc 0.1045 | Val Loss 2.3008 Acc 0.1129 AUC 0.5000 Pre 0.0113 Rec 0.1000
2026-08-30 00:41:41 | Diag logvar_q_mean=-0.8969 logvar_q_clamp=0.0000 logvar_p_mean=-0.8969 logvar_p_clamp=0.0000
2026-08-30 00:41:44 | Epoch 284/400 | Train Loss 2.3073 Acc 0.1059 | Val Loss 2.3008 Acc 0.1129 AUC 0.5000 Pre 0.0113 Rec 0.1000
2026-08-30 00:41:44 | Diag logvar_q_mean=-0.8998 logvar_q_clamp=0.0000 logvar_p_mean=-0.8998 logvar_p_clamp=0.0000
2026-08-30 00:41:48 | Epoch 285/400 | Train Loss 2.3062 Acc 0.1063 | Val Loss 2.3007 Acc 0.1129 AUC 0.5000 Pre 0.0113 Rec 0.1000
2026-08-30 00:41:48 | Diag logvar_q_mean=-0.9025 logvar_q_clamp=0.0000 logvar_p_mean=-0.9025 logvar_p_clamp=0.0000
2026-08-30 00:41:51 | Epoch 286/400 | Train Loss 2.3067 Acc 0.1053 | Val Loss 2.3007 Acc 0.1129 AUC 0.5000 Pre 0.0113 Rec 0.1000
2026-08-30 00:41:52 | Diag logvar_q_mean=-0.9054 logvar_q_clamp=0.0000 logvar_p_mean=-0.9054 logvar_p_clamp=0.0000
2026-08-30 00:41:55 | Epoch 287/400 | Train Loss 2.3068 Acc 0.1051 | Val Loss 2.3007 Acc 0.1129 AUC 0.5000 Pre 0.0113 Rec 0.1000
2026-08-30 00:41:56 | Diag logvar_q_mean=-0.9082 logvar_q_clamp=0.0000 logvar_p_mean=-0.9082 logvar_p_clamp=0.0000
2026-08-30 00:41:59 | Epoch 288/400 | Train Loss 2.3062 Acc 0.1037 | Val Loss 2.3008 Acc 0.1129 AUC 0.5000 Pre 0.0113 Rec 0.1000
2026-08-30 00:41:59 | Diag logvar_q_mean=-0.9109 logvar_q_clamp=0.0000 logvar_p_mean=-0.9109 logvar_p_clamp=0.0000
2026-08-30 00:42:03 | Epoch 289/400 | Train Loss 2.3066 Acc 0.1053 | Val Loss 2.3008 Acc 0.1129 AUC 0.5000 Pre 0.0113 Rec 0.1000
2026-08-30 00:42:03 | Diag logvar_q_mean=-0.9137 logvar_q_clamp=0.0000 logvar_p_mean=-0.9137 logvar_p_clamp=0.0000
2026-08-30 00:42:07 | Epoch 290/400 | Train Loss 2.3069 Acc 0.1029 | Val Loss 2.3007 Acc 0.1129 AUC 0.5000 Pre 0.0113 Rec 0.1000
2026-08-30 00:42:07 | Diag logvar_q_mean=-0.9165 logvar_q_clamp=0.0000 logvar_p_mean=-0.9165 logvar_p_clamp=0.0000
2026-08-30 00:42:10 | Epoch 291/400 | Train Loss 2.3068 Acc 0.1056 | Val Loss 2.3007 Acc 0.1129 AUC 0.5000 Pre 0.0113 Rec 0.1000
2026-08-30 00:42:11 | Diag logvar_q_mean=-0.9194 logvar_q_clamp=0.0000 logvar_p_mean=-0.9194 logvar_p_clamp=0.0000
2026-08-30 00:42:14 | Epoch 292/400 | Train Loss 2.3066 Acc 0.1057 | Val Loss 2.3008 Acc 0.1129 AUC 0.5000 Pre 0.0113 Rec 0.1000
2026-08-30 00:42:15 | Diag logvar_q_mean=-0.9221 logvar_q_clamp=0.0000 logvar_p_mean=-0.9221 logvar_p_clamp=0.0000
2026-08-30 00:42:18 | Epoch 293/400 | Train Loss 2.3061 Acc 0.1059 | Val Loss 2.3008 Acc 0.1129 AUC 0.5000 Pre 0.0113 Rec 0.1000
2026-08-30 00:42:18 | Diag logvar_q_mean=-0.9248 logvar_q_clamp=0.0000 logvar_p_mean=-0.9248 logvar_p_clamp=0.0000
2026-08-30 00:42:22 | Epoch 294/400 | Train Loss 2.3071 Acc 0.1063 | Val Loss 2.3008 Acc 0.1129 AUC 0.5000 Pre 0.0113 Rec 0.1000
2026-08-30 00:42:22 | Diag logvar_q_mean=-0.9277 logvar_q_clamp=0.0000 logvar_p_mean=-0.9277 logvar_p_clamp=0.0000
2026-08-30 00:42:26 | Epoch 295/400 | Train Loss 2.3068 Acc 0.1029 | Val Loss 2.3008 Acc 0.1129 AUC 0.5000 Pre 0.0113 Rec 0.1000
2026-08-30 00:42:26 | Diag logvar_q_mean=-0.9305 logvar_q_clamp=0.0000 logvar_p_mean=-0.9305 logvar_p_clamp=0.0000
2026-08-30 00:42:29 | Epoch 296/400 | Train Loss 2.3060 Acc 0.1052 | Val Loss 2.3007 Acc 0.1129 AUC 0.5000 Pre 0.0113 Rec 0.1000
2026-08-30 00:42:30 | Diag logvar_q_mean=-0.9331 logvar_q_clamp=0.0000 logvar_p_mean=-0.9331 logvar_p_clamp=0.0000
2026-08-30 00:42:33 | Epoch 297/400 | Train Loss 2.3063 Acc 0.1069 | Val Loss 2.3007 Acc 0.1129 AUC 0.5000 Pre 0.0113 Rec 0.1000
2026-08-30 00:42:33 | Diag logvar_q_mean=-0.9359 logvar_q_clamp=0.0000 logvar_p_mean=-0.9359 logvar_p_clamp=0.0000
2026-08-30 00:42:37 | Epoch 298/400 | Train Loss 2.3069 Acc 0.1021 | Val Loss 2.3007 Acc 0.1129 AUC 0.5000 Pre 0.0113 Rec 0.1000
2026-08-30 00:42:37 | Diag logvar_q_mean=-0.9387 logvar_q_clamp=0.0000 logvar_p_mean=-0.9387 logvar_p_clamp=0.0000
2026-08-30 00:42:41 | Epoch 299/400 | Train Loss 2.3068 Acc 0.1044 | Val Loss 2.3007 Acc 0.1129 AUC 0.5000 Pre 0.0113 Rec 0.1000
2026-08-30 00:42:41 | Diag logvar_q_mean=-0.9415 logvar_q_clamp=0.0000 logvar_p_mean=-0.9415 logvar_p_clamp=0.0000
2026-08-30 00:42:44 | Epoch 300/400 | Train Loss 2.3059 Acc 0.1068 | Val Loss 2.3008 Acc 0.1129 AUC 0.5000 Pre 0.0113 Rec 0.1000
2026-08-30 00:42:45 | Diag logvar_q_mean=-0.9441 logvar_q_clamp=0.0000 logvar_p_mean=-0.9441 logvar_p_clamp=0.0000
2026-08-30 00:42:48 | Epoch 301/400 | Train Loss 2.3061 Acc 0.1041 | Val Loss 2.3007 Acc 0.1129 AUC 0.5000 Pre 0.0113 Rec 0.1000
2026-08-30 00:42:49 | Diag logvar_q_mean=-0.9467 logvar_q_clamp=0.0000 logvar_p_mean=-0.9467 logvar_p_clamp=0.0000
2026-08-30 00:42:52 | Epoch 302/400 | Train Loss 2.3075 Acc 0.1048 | Val Loss 2.3008 Acc 0.1129 AUC 0.5000 Pre 0.0113 Rec 0.1000
2026-08-30 00:42:53 | Diag logvar_q_mean=-0.9496 logvar_q_clamp=0.0000 logvar_p_mean=-0.9496 logvar_p_clamp=0.0000
2026-08-30 00:42:56 | Epoch 303/400 | Train Loss 2.3063 Acc 0.1030 | Val Loss 2.3007 Acc 0.1129 AUC 0.5000 Pre 0.0113 Rec 0.1000
2026-08-30 00:42:56 | Diag logvar_q_mean=-0.9523 logvar_q_clamp=0.0000 logvar_p_mean=-0.9523 logvar_p_clamp=0.0000
2026-08-30 00:43:00 | Epoch 304/400 | Train Loss 2.3063 Acc 0.1045 | Val Loss 2.3007 Acc 0.1129 AUC 0.5000 Pre 0.0113 Rec 0.1000
2026-08-30 00:43:00 | Diag logvar_q_mean=-0.9549 logvar_q_clamp=0.0000 logvar_p_mean=-0.9549 logvar_p_clamp=0.0000
2026-08-30 00:43:03 | Epoch 305/400 | Train Loss 2.3068 Acc 0.1068 | Val Loss 2.3007 Acc 0.1129 AUC 0.5000 Pre 0.0113 Rec 0.1000
2026-08-30 00:43:04 | Diag logvar_q_mean=-0.9578 logvar_q_clamp=0.0000 logvar_p_mean=-0.9578 logvar_p_clamp=0.0000
2026-08-30 00:43:07 | Epoch 306/400 | Train Loss 2.3067 Acc 0.1043 | Val Loss 2.3008 Acc 0.1129 AUC 0.5000 Pre 0.0113 Rec 0.1000
2026-08-30 00:43:08 | Diag logvar_q_mean=-0.9605 logvar_q_clamp=0.0000 logvar_p_mean=-0.9605 logvar_p_clamp=0.0000
2026-08-30 00:43:11 | Epoch 307/400 | Train Loss 2.3060 Acc 0.1058 | Val Loss 2.3008 Acc 0.1129 AUC 0.5000 Pre 0.0113 Rec 0.1000
2026-08-30 00:43:11 | Diag logvar_q_mean=-0.9632 logvar_q_clamp=0.0000 logvar_p_mean=-0.9632 logvar_p_clamp=0.0000
2026-08-30 00:43:15 | Epoch 308/400 | Train Loss 2.3067 Acc 0.1049 | Val Loss 2.3008 Acc 0.1129 AUC 0.5000 Pre 0.0113 Rec 0.1000
2026-08-30 00:43:15 | Diag logvar_q_mean=-0.9658 logvar_q_clamp=0.0000 logvar_p_mean=-0.9658 logvar_p_clamp=0.0000
2026-08-30 00:43:18 | Epoch 309/400 | Train Loss 2.3064 Acc 0.1056 | Val Loss 2.3007 Acc 0.1129 AUC 0.5000 Pre 0.0113 Rec 0.1000
2026-08-30 00:43:19 | Diag logvar_q_mean=-0.9686 logvar_q_clamp=0.0000 logvar_p_mean=-0.9686 logvar_p_clamp=0.0000
2026-08-30 00:43:22 | Epoch 310/400 | Train Loss 2.3058 Acc 0.1057 | Val Loss 2.3007 Acc 0.1129 AUC 0.5000 Pre 0.0113 Rec 0.1000
2026-08-30 00:43:23 | Diag logvar_q_mean=-0.9712 logvar_q_clamp=0.0000 logvar_p_mean=-0.9712 logvar_p_clamp=0.0000
2026-08-30 00:43:26 | Epoch 311/400 | Train Loss 2.3063 Acc 0.1058 | Val Loss 2.3008 Acc 0.1129 AUC 0.5000 Pre 0.0113 Rec 0.1000
2026-08-30 00:43:27 | Diag logvar_q_mean=-0.9739 logvar_q_clamp=0.0000 logvar_p_mean=-0.9739 logvar_p_clamp=0.0000
2026-08-30 00:43:30 | Epoch 312/400 | Train Loss 2.3061 Acc 0.1024 | Val Loss 2.3008 Acc 0.1129 AUC 0.5000 Pre 0.0113 Rec 0.1000
2026-08-30 00:43:30 | Diag logvar_q_mean=-0.9765 logvar_q_clamp=0.0000 logvar_p_mean=-0.9765 logvar_p_clamp=0.0000
2026-08-30 00:43:33 | Epoch 313/400 | Train Loss 2.3068 Acc 0.1056 | Val Loss 2.3007 Acc 0.1129 AUC 0.5000 Pre 0.0113 Rec 0.1000
2026-08-30 00:43:34 | Diag logvar_q_mean=-0.9794 logvar_q_clamp=0.0000 logvar_p_mean=-0.9794 logvar_p_clamp=0.0000
2026-08-30 00:43:37 | Epoch 314/400 | Train Loss 2.3065 Acc 0.1063 | Val Loss 2.3007 Acc 0.1129 AUC 0.5000 Pre 0.0113 Rec 0.1000
2026-08-30 00:43:38 | Diag logvar_q_mean=-0.9821 logvar_q_clamp=0.0000 logvar_p_mean=-0.9821 logvar_p_clamp=0.0000
2026-08-30 00:43:41 | Epoch 315/400 | Train Loss 2.3067 Acc 0.1074 | Val Loss 2.3007 Acc 0.1129 AUC 0.5000 Pre 0.0113 Rec 0.1000
2026-08-30 00:43:42 | Diag logvar_q_mean=-0.9848 logvar_q_clamp=0.0000 logvar_p_mean=-0.9848 logvar_p_clamp=0.0000
2026-08-30 00:43:45 | Epoch 316/400 | Train Loss 2.3065 Acc 0.1042 | Val Loss 2.3007 Acc 0.1129 AUC 0.5000 Pre 0.0113 Rec 0.1000
2026-08-30 00:43:45 | Diag logvar_q_mean=-0.9876 logvar_q_clamp=0.0000 logvar_p_mean=-0.9876 logvar_p_clamp=0.0000
2026-08-30 00:43:49 | Epoch 317/400 | Train Loss 2.3062 Acc 0.1038 | Val Loss 2.3007 Acc 0.1129 AUC 0.5000 Pre 0.0113 Rec 0.1000
2026-08-30 00:43:49 | Diag logvar_q_mean=-0.9902 logvar_q_clamp=0.0000 logvar_p_mean=-0.9902 logvar_p_clamp=0.0000
2026-08-30 00:43:52 | Epoch 318/400 | Train Loss 2.3066 Acc 0.1052 | Val Loss 2.3007 Acc 0.1129 AUC 0.5000 Pre 0.0113 Rec 0.1000
2026-08-30 00:43:53 | Diag logvar_q_mean=-0.9929 logvar_q_clamp=0.0000 logvar_p_mean=-0.9929 logvar_p_clamp=0.0000
2026-08-30 00:43:56 | Epoch 319/400 | Train Loss 2.3058 Acc 0.1053 | Val Loss 2.3007 Acc 0.1129 AUC 0.5000 Pre 0.0113 Rec 0.1000
2026-08-30 00:43:57 | Diag logvar_q_mean=-0.9955 logvar_q_clamp=0.0000 logvar_p_mean=-0.9955 logvar_p_clamp=0.0000
2026-08-30 00:44:00 | Epoch 320/400 | Train Loss 2.3064 Acc 0.1065 | Val Loss 2.3008 Acc 0.1129 AUC 0.5000 Pre 0.0113 Rec 0.1000
2026-08-30 00:44:01 | Diag logvar_q_mean=-0.9983 logvar_q_clamp=0.0000 logvar_p_mean=-0.9983 logvar_p_clamp=0.0000
2026-08-30 00:44:04 | Epoch 321/400 | Train Loss 2.3059 Acc 0.1032 | Val Loss 2.3008 Acc 0.1129 AUC 0.5000 Pre 0.0113 Rec 0.1000
2026-08-30 00:44:04 | Diag logvar_q_mean=-1.0009 logvar_q_clamp=0.0000 logvar_p_mean=-1.0009 logvar_p_clamp=0.0000
2026-08-30 00:44:08 | Epoch 322/400 | Train Loss 2.3058 Acc 0.1067 | Val Loss 2.3008 Acc 0.1129 AUC 0.5000 Pre 0.0113 Rec 0.1000
2026-08-30 00:44:08 | Diag logvar_q_mean=-1.0035 logvar_q_clamp=0.0000 logvar_p_mean=-1.0035 logvar_p_clamp=0.0000
2026-08-30 00:44:12 | Epoch 323/400 | Train Loss 2.3070 Acc 0.1055 | Val Loss 2.3008 Acc 0.1129 AUC 0.5000 Pre 0.0113 Rec 0.1000
2026-08-30 00:44:12 | Diag logvar_q_mean=-1.0063 logvar_q_clamp=0.0000 logvar_p_mean=-1.0063 logvar_p_clamp=0.0000
2026-08-30 00:44:15 | Epoch 324/400 | Train Loss 2.3065 Acc 0.1031 | Val Loss 2.3008 Acc 0.1129 AUC 0.5000 Pre 0.0113 Rec 0.1000
2026-08-30 00:44:16 | Diag logvar_q_mean=-1.0090 logvar_q_clamp=0.0000 logvar_p_mean=-1.0090 logvar_p_clamp=0.0000
2026-08-30 00:44:19 | Epoch 325/400 | Train Loss 2.3060 Acc 0.1057 | Val Loss 2.3008 Acc 0.1129 AUC 0.5000 Pre 0.0113 Rec 0.1000
2026-08-30 00:44:20 | Diag logvar_q_mean=-1.0116 logvar_q_clamp=0.0000 logvar_p_mean=-1.0116 logvar_p_clamp=0.0000
2026-08-30 00:44:23 | Epoch 326/400 | Train Loss 2.3066 Acc 0.1043 | Val Loss 2.3008 Acc 0.1129 AUC 0.5000 Pre 0.0113 Rec 0.1000
2026-08-30 00:44:24 | Diag logvar_q_mean=-1.0143 logvar_q_clamp=0.0000 logvar_p_mean=-1.0143 logvar_p_clamp=0.0000
2026-08-30 00:44:27 | Epoch 327/400 | Train Loss 2.3062 Acc 0.1031 | Val Loss 2.3008 Acc 0.1129 AUC 0.5000 Pre 0.0113 Rec 0.1000
2026-08-30 00:44:27 | Diag logvar_q_mean=-1.0170 logvar_q_clamp=0.0000 logvar_p_mean=-1.0170 logvar_p_clamp=0.0000
2026-08-30 00:44:31 | Epoch 328/400 | Train Loss 2.3063 Acc 0.1036 | Val Loss 2.3008 Acc 0.1129 AUC 0.5000 Pre 0.0113 Rec 0.1000
2026-08-30 00:44:31 | Diag logvar_q_mean=-1.0196 logvar_q_clamp=0.0000 logvar_p_mean=-1.0196 logvar_p_clamp=0.0000
2026-08-30 00:44:34 | Epoch 329/400 | Train Loss 2.3067 Acc 0.1023 | Val Loss 2.3008 Acc 0.1129 AUC 0.5000 Pre 0.0113 Rec 0.1000
2026-08-30 00:44:35 | Diag logvar_q_mean=-1.0223 logvar_q_clamp=0.0000 logvar_p_mean=-1.0223 logvar_p_clamp=0.0000
2026-08-30 00:44:38 | Epoch 330/400 | Train Loss 2.3064 Acc 0.1046 | Val Loss 2.3008 Acc 0.1129 AUC 0.5000 Pre 0.0113 Rec 0.1000
2026-08-30 00:44:39 | Diag logvar_q_mean=-1.0250 logvar_q_clamp=0.0000 logvar_p_mean=-1.0250 logvar_p_clamp=0.0000
2026-08-30 00:44:42 | Epoch 331/400 | Train Loss 2.3061 Acc 0.1046 | Val Loss 2.3008 Acc 0.1129 AUC 0.5000 Pre 0.0113 Rec 0.1000
2026-08-30 00:44:43 | Diag logvar_q_mean=-1.0275 logvar_q_clamp=0.0000 logvar_p_mean=-1.0275 logvar_p_clamp=0.0000
2026-08-30 00:44:46 | Epoch 332/400 | Train Loss 2.3065 Acc 0.1060 | Val Loss 2.3007 Acc 0.1129 AUC 0.5000 Pre 0.0113 Rec 0.1000
2026-08-30 00:44:46 | Diag logvar_q_mean=-1.0302 logvar_q_clamp=0.0000 logvar_p_mean=-1.0302 logvar_p_clamp=0.0000
2026-08-30 00:44:50 | Epoch 333/400 | Train Loss 2.3057 Acc 0.1058 | Val Loss 2.3008 Acc 0.1129 AUC 0.5000 Pre 0.0113 Rec 0.1000
2026-08-30 00:44:50 | Diag logvar_q_mean=-1.0327 logvar_q_clamp=0.0000 logvar_p_mean=-1.0327 logvar_p_clamp=0.0000
2026-08-30 00:44:54 | Epoch 334/400 | Train Loss 2.3065 Acc 0.1043 | Val Loss 2.3008 Acc 0.1129 AUC 0.5000 Pre 0.0113 Rec 0.1000
2026-08-30 00:44:54 | Diag logvar_q_mean=-1.0354 logvar_q_clamp=0.0000 logvar_p_mean=-1.0354 logvar_p_clamp=0.0000
2026-08-30 00:44:57 | Epoch 335/400 | Train Loss 2.3065 Acc 0.1039 | Val Loss 2.3008 Acc 0.1129 AUC 0.5000 Pre 0.0113 Rec 0.1000
2026-08-30 00:44:58 | Diag logvar_q_mean=-1.0381 logvar_q_clamp=0.0000 logvar_p_mean=-1.0381 logvar_p_clamp=0.0000
2026-08-30 00:45:01 | Epoch 336/400 | Train Loss 2.3063 Acc 0.1031 | Val Loss 2.3008 Acc 0.1129 AUC 0.5000 Pre 0.0113 Rec 0.1000
2026-08-30 00:45:02 | Diag logvar_q_mean=-1.0407 logvar_q_clamp=0.0000 logvar_p_mean=-1.0408 logvar_p_clamp=0.0000
2026-08-30 00:45:05 | Epoch 337/400 | Train Loss 2.3057 Acc 0.1066 | Val Loss 2.3007 Acc 0.1129 AUC 0.5000 Pre 0.0113 Rec 0.1000
2026-08-30 00:45:05 | Diag logvar_q_mean=-1.0432 logvar_q_clamp=0.0000 logvar_p_mean=-1.0432 logvar_p_clamp=0.0000
2026-08-30 00:45:09 | Epoch 338/400 | Train Loss 2.3066 Acc 0.1041 | Val Loss 2.3008 Acc 0.1129 AUC 0.5000 Pre 0.0113 Rec 0.1000
2026-08-30 00:45:09 | Diag logvar_q_mean=-1.0459 logvar_q_clamp=0.0000 logvar_p_mean=-1.0460 logvar_p_clamp=0.0000
2026-08-30 00:45:12 | Epoch 339/400 | Train Loss 2.3063 Acc 0.1047 | Val Loss 2.3008 Acc 0.1129 AUC 0.5000 Pre 0.0113 Rec 0.1000
2026-08-30 00:45:13 | Diag logvar_q_mean=-1.0486 logvar_q_clamp=0.0000 logvar_p_mean=-1.0486 logvar_p_clamp=0.0000
2026-08-30 00:45:16 | Epoch 340/400 | Train Loss 2.3060 Acc 0.1046 | Val Loss 2.3008 Acc 0.1129 AUC 0.5000 Pre 0.0113 Rec 0.1000
2026-08-30 00:45:17 | Diag logvar_q_mean=-1.0511 logvar_q_clamp=0.0000 logvar_p_mean=-1.0511 logvar_p_clamp=0.0000
2026-08-30 00:45:20 | Epoch 341/400 | Train Loss 2.3058 Acc 0.1049 | Val Loss 2.3007 Acc 0.1129 AUC 0.5000 Pre 0.0113 Rec 0.1000
2026-08-30 00:45:21 | Diag logvar_q_mean=-1.0537 logvar_q_clamp=0.0000 logvar_p_mean=-1.0537 logvar_p_clamp=0.0000
2026-08-30 00:45:24 | Epoch 342/400 | Train Loss 2.3061 Acc 0.1077 | Val Loss 2.3008 Acc 0.1129 AUC 0.5000 Pre 0.0113 Rec 0.1000
2026-08-30 00:45:24 | Diag logvar_q_mean=-1.0563 logvar_q_clamp=0.0000 logvar_p_mean=-1.0563 logvar_p_clamp=0.0000
2026-08-30 00:45:28 | Epoch 343/400 | Train Loss 2.3070 Acc 0.1046 | Val Loss 2.3008 Acc 0.1129 AUC 0.5000 Pre 0.0113 Rec 0.1000
2026-08-30 00:45:28 | Diag logvar_q_mean=-1.0592 logvar_q_clamp=0.0000 logvar_p_mean=-1.0592 logvar_p_clamp=0.0000
2026-08-30 00:45:31 | Epoch 344/400 | Train Loss 2.3066 Acc 0.1050 | Val Loss 2.3008 Acc 0.1129 AUC 0.5000 Pre 0.0113 Rec 0.1000
2026-08-30 00:45:32 | Diag logvar_q_mean=-1.0618 logvar_q_clamp=0.0000 logvar_p_mean=-1.0618 logvar_p_clamp=0.0000
2026-08-30 00:45:35 | Epoch 345/400 | Train Loss 2.3065 Acc 0.1023 | Val Loss 2.3007 Acc 0.1129 AUC 0.5000 Pre 0.0113 Rec 0.1000
2026-08-30 00:45:36 | Diag logvar_q_mean=-1.0645 logvar_q_clamp=0.0000 logvar_p_mean=-1.0645 logvar_p_clamp=0.0000
2026-08-30 00:45:39 | Epoch 346/400 | Train Loss 2.3065 Acc 0.1036 | Val Loss 2.3008 Acc 0.1129 AUC 0.5000 Pre 0.0113 Rec 0.1000
2026-08-30 00:45:39 | Diag logvar_q_mean=-1.0671 logvar_q_clamp=0.0000 logvar_p_mean=-1.0671 logvar_p_clamp=0.0000
2026-08-30 00:45:43 | Epoch 347/400 | Train Loss 2.3066 Acc 0.1037 | Val Loss 2.3008 Acc 0.1129 AUC 0.5000 Pre 0.0113 Rec 0.1000
2026-08-30 00:45:43 | Diag logvar_q_mean=-1.0698 logvar_q_clamp=0.0000 logvar_p_mean=-1.0698 logvar_p_clamp=0.0000
2026-08-30 00:45:47 | Epoch 348/400 | Train Loss 2.3057 Acc 0.1052 | Val Loss 2.3008 Acc 0.1129 AUC 0.5000 Pre 0.0113 Rec 0.1000
2026-08-30 00:45:47 | Diag logvar_q_mean=-1.0722 logvar_q_clamp=0.0000 logvar_p_mean=-1.0722 logvar_p_clamp=0.0000
2026-08-30 00:45:50 | Epoch 349/400 | Train Loss 2.3066 Acc 0.1030 | Val Loss 2.3008 Acc 0.1129 AUC 0.5000 Pre 0.0113 Rec 0.1000
2026-08-30 00:45:51 | Diag logvar_q_mean=-1.0749 logvar_q_clamp=0.0000 logvar_p_mean=-1.0749 logvar_p_clamp=0.0000
2026-08-30 00:45:54 | Epoch 350/400 | Train Loss 2.3064 Acc 0.1060 | Val Loss 2.3008 Acc 0.1129 AUC 0.5000 Pre 0.0113 Rec 0.1000
2026-08-30 00:45:55 | Diag logvar_q_mean=-1.0776 logvar_q_clamp=0.0000 logvar_p_mean=-1.0776 logvar_p_clamp=0.0000
2026-08-30 00:45:58 | Epoch 351/400 | Train Loss 2.3065 Acc 0.1023 | Val Loss 2.3008 Acc 0.1129 AUC 0.5000 Pre 0.0113 Rec 0.1000
2026-08-30 00:45:58 | Diag logvar_q_mean=-1.0802 logvar_q_clamp=0.0000 logvar_p_mean=-1.0802 logvar_p_clamp=0.0000
2026-08-30 00:46:02 | Epoch 352/400 | Train Loss 2.3059 Acc 0.1033 | Val Loss 2.3008 Acc 0.1129 AUC 0.5000 Pre 0.0113 Rec 0.1000
2026-08-30 00:46:02 | Diag logvar_q_mean=-1.0827 logvar_q_clamp=0.0000 logvar_p_mean=-1.0827 logvar_p_clamp=0.0000
2026-08-30 00:46:05 | Epoch 353/400 | Train Loss 2.3062 Acc 0.1044 | Val Loss 2.3008 Acc 0.1129 AUC 0.5000 Pre 0.0113 Rec 0.1000
2026-08-30 00:46:06 | Diag logvar_q_mean=-1.0853 logvar_q_clamp=0.0000 logvar_p_mean=-1.0852 logvar_p_clamp=0.0000
2026-08-30 00:46:09 | Epoch 354/400 | Train Loss 2.3060 Acc 0.1041 | Val Loss 2.3008 Acc 0.1129 AUC 0.5000 Pre 0.0113 Rec 0.1000
2026-08-30 00:46:10 | Diag logvar_q_mean=-1.0878 logvar_q_clamp=0.0000 logvar_p_mean=-1.0878 logvar_p_clamp=0.0000
2026-08-30 00:46:13 | Epoch 355/400 | Train Loss 2.3055 Acc 0.1052 | Val Loss 2.3008 Acc 0.1129 AUC 0.5000 Pre 0.0113 Rec 0.1000
2026-08-30 00:46:13 | Diag logvar_q_mean=-1.0903 logvar_q_clamp=0.0000 logvar_p_mean=-1.0903 logvar_p_clamp=0.0000
2026-08-30 00:46:17 | Epoch 356/400 | Train Loss 2.3064 Acc 0.1052 | Val Loss 2.3008 Acc 0.1129 AUC 0.5000 Pre 0.0113 Rec 0.1000
2026-08-30 00:46:17 | Diag logvar_q_mean=-1.0930 logvar_q_clamp=0.0000 logvar_p_mean=-1.0930 logvar_p_clamp=0.0000
2026-08-30 00:46:20 | Epoch 357/400 | Train Loss 2.3067 Acc 0.1045 | Val Loss 2.3008 Acc 0.1129 AUC 0.5000 Pre 0.0113 Rec 0.1000
2026-08-30 00:46:21 | Diag logvar_q_mean=-1.0957 logvar_q_clamp=0.0000 logvar_p_mean=-1.0957 logvar_p_clamp=0.0000
2026-08-30 00:46:24 | Epoch 358/400 | Train Loss 2.3060 Acc 0.1034 | Val Loss 2.3008 Acc 0.1129 AUC 0.5000 Pre 0.0113 Rec 0.1000
2026-08-30 00:46:25 | Diag logvar_q_mean=-1.0982 logvar_q_clamp=0.0000 logvar_p_mean=-1.0982 logvar_p_clamp=0.0000
2026-08-30 00:46:28 | Epoch 359/400 | Train Loss 2.3060 Acc 0.1061 | Val Loss 2.3008 Acc 0.1129 AUC 0.5000 Pre 0.0113 Rec 0.1000
2026-08-30 00:46:29 | Diag logvar_q_mean=-1.1008 logvar_q_clamp=0.0000 logvar_p_mean=-1.1008 logvar_p_clamp=0.0000
2026-08-30 00:46:32 | Epoch 360/400 | Train Loss 2.3070 Acc 0.1068 | Val Loss 2.3008 Acc 0.1129 AUC 0.5000 Pre 0.0113 Rec 0.1000
2026-08-30 00:46:32 | Diag logvar_q_mean=-1.1036 logvar_q_clamp=0.0000 logvar_p_mean=-1.1036 logvar_p_clamp=0.0000
2026-08-30 00:46:36 | Epoch 361/400 | Train Loss 2.3054 Acc 0.1074 | Val Loss 2.3008 Acc 0.1129 AUC 0.5000 Pre 0.0113 Rec 0.1000
2026-08-30 00:46:36 | Diag logvar_q_mean=-1.1059 logvar_q_clamp=0.0000 logvar_p_mean=-1.1059 logvar_p_clamp=0.0000
2026-08-30 00:46:40 | Epoch 362/400 | Train Loss 2.3058 Acc 0.1038 | Val Loss 2.3007 Acc 0.1129 AUC 0.5000 Pre 0.0113 Rec 0.1000
2026-08-30 00:46:40 | Diag logvar_q_mean=-1.1085 logvar_q_clamp=0.0000 logvar_p_mean=-1.1085 logvar_p_clamp=0.0000
2026-08-30 00:46:43 | Epoch 363/400 | Train Loss 2.3057 Acc 0.1055 | Val Loss 2.3008 Acc 0.1129 AUC 0.5000 Pre 0.0113 Rec 0.1000
2026-08-30 00:46:44 | Diag logvar_q_mean=-1.1109 logvar_q_clamp=0.0000 logvar_p_mean=-1.1109 logvar_p_clamp=0.0000
2026-08-30 00:46:47 | Epoch 364/400 | Train Loss 2.3059 Acc 0.1037 | Val Loss 2.3008 Acc 0.1129 AUC 0.5000 Pre 0.0113 Rec 0.1000
2026-08-30 00:46:48 | Diag logvar_q_mean=-1.1135 logvar_q_clamp=0.0000 logvar_p_mean=-1.1135 logvar_p_clamp=0.0000
2026-08-30 00:46:51 | Epoch 365/400 | Train Loss 2.3062 Acc 0.1061 | Val Loss 2.3008 Acc 0.1129 AUC 0.5000 Pre 0.0113 Rec 0.1000
2026-08-30 00:46:51 | Diag logvar_q_mean=-1.1161 logvar_q_clamp=0.0000 logvar_p_mean=-1.1161 logvar_p_clamp=0.0000
2026-08-30 00:46:55 | Epoch 366/400 | Train Loss 2.3058 Acc 0.1047 | Val Loss 2.3008 Acc 0.1129 AUC 0.5000 Pre 0.0113 Rec 0.1000
2026-08-30 00:46:55 | Diag logvar_q_mean=-1.1186 logvar_q_clamp=0.0000 logvar_p_mean=-1.1186 logvar_p_clamp=0.0000
2026-08-30 00:46:58 | Epoch 367/400 | Train Loss 2.3061 Acc 0.1054 | Val Loss 2.3008 Acc 0.1129 AUC 0.5000 Pre 0.0113 Rec 0.1000
2026-08-30 00:46:59 | Diag logvar_q_mean=-1.1212 logvar_q_clamp=0.0000 logvar_p_mean=-1.1212 logvar_p_clamp=0.0000
2026-08-30 00:47:02 | Epoch 368/400 | Train Loss 2.3061 Acc 0.1054 | Val Loss 2.3008 Acc 0.1129 AUC 0.5000 Pre 0.0113 Rec 0.1000
2026-08-30 00:47:03 | Diag logvar_q_mean=-1.1237 logvar_q_clamp=0.0000 logvar_p_mean=-1.1237 logvar_p_clamp=0.0000
2026-08-30 00:47:06 | Epoch 369/400 | Train Loss 2.3063 Acc 0.1042 | Val Loss 2.3008 Acc 0.1129 AUC 0.5000 Pre 0.0113 Rec 0.1000
2026-08-30 00:47:07 | Diag logvar_q_mean=-1.1263 logvar_q_clamp=0.0000 logvar_p_mean=-1.1263 logvar_p_clamp=0.0000
2026-08-30 00:47:10 | Epoch 370/400 | Train Loss 2.3068 Acc 0.1037 | Val Loss 2.3008 Acc 0.1129 AUC 0.5000 Pre 0.0113 Rec 0.1000
2026-08-30 00:47:10 | Diag logvar_q_mean=-1.1290 logvar_q_clamp=0.0000 logvar_p_mean=-1.1290 logvar_p_clamp=0.0000
2026-08-30 00:47:14 | Epoch 371/400 | Train Loss 2.3062 Acc 0.1061 | Val Loss 2.3008 Acc 0.1129 AUC 0.5000 Pre 0.0113 Rec 0.1000
2026-08-30 00:47:14 | Diag logvar_q_mean=-1.1315 logvar_q_clamp=0.0000 logvar_p_mean=-1.1315 logvar_p_clamp=0.0000
2026-08-30 00:47:17 | Epoch 372/400 | Train Loss 2.3054 Acc 0.1078 | Val Loss 2.3007 Acc 0.1129 AUC 0.5000 Pre 0.0113 Rec 0.1000
2026-08-30 00:47:18 | Diag logvar_q_mean=-1.1339 logvar_q_clamp=0.0000 logvar_p_mean=-1.1339 logvar_p_clamp=0.0000
2026-08-30 00:47:21 | Epoch 373/400 | Train Loss 2.3060 Acc 0.1059 | Val Loss 2.3008 Acc 0.1129 AUC 0.5000 Pre 0.0113 Rec 0.1000
2026-08-30 00:47:22 | Diag logvar_q_mean=-1.1364 logvar_q_clamp=0.0000 logvar_p_mean=-1.1364 logvar_p_clamp=0.0000
2026-08-30 00:47:25 | Epoch 374/400 | Train Loss 2.3066 Acc 0.1057 | Val Loss 2.3008 Acc 0.1129 AUC 0.5000 Pre 0.0113 Rec 0.1000
2026-08-30 00:47:25 | Diag logvar_q_mean=-1.1391 logvar_q_clamp=0.0000 logvar_p_mean=-1.1391 logvar_p_clamp=0.0000
2026-08-30 00:47:29 | Epoch 375/400 | Train Loss 2.3060 Acc 0.1041 | Val Loss 2.3008 Acc 0.1129 AUC 0.5000 Pre 0.0113 Rec 0.1000
2026-08-30 00:47:29 | Diag logvar_q_mean=-1.1416 logvar_q_clamp=0.0000 logvar_p_mean=-1.1416 logvar_p_clamp=0.0000
2026-08-30 00:47:32 | Epoch 376/400 | Train Loss 2.3061 Acc 0.1052 | Val Loss 2.3008 Acc 0.1129 AUC 0.5000 Pre 0.0113 Rec 0.1000
2026-08-30 00:47:33 | Diag logvar_q_mean=-1.1441 logvar_q_clamp=0.0000 logvar_p_mean=-1.1441 logvar_p_clamp=0.0000
2026-08-30 00:47:36 | Epoch 377/400 | Train Loss 2.3057 Acc 0.1052 | Val Loss 2.3008 Acc 0.1129 AUC 0.5000 Pre 0.0113 Rec 0.1000
2026-08-30 00:47:37 | Diag logvar_q_mean=-1.1465 logvar_q_clamp=0.0000 logvar_p_mean=-1.1465 logvar_p_clamp=0.0000
2026-08-30 00:47:40 | Epoch 378/400 | Train Loss 2.3064 Acc 0.1056 | Val Loss 2.3008 Acc 0.1129 AUC 0.5000 Pre 0.0113 Rec 0.1000
2026-08-30 00:47:40 | Diag logvar_q_mean=-1.1491 logvar_q_clamp=0.0000 logvar_p_mean=-1.1491 logvar_p_clamp=0.0000
2026-08-30 00:47:44 | Epoch 379/400 | Train Loss 2.3057 Acc 0.1056 | Val Loss 2.3008 Acc 0.1129 AUC 0.5000 Pre 0.0113 Rec 0.1000
2026-08-30 00:47:44 | Diag logvar_q_mean=-1.1516 logvar_q_clamp=0.0000 logvar_p_mean=-1.1516 logvar_p_clamp=0.0000
2026-08-30 00:47:47 | Epoch 380/400 | Train Loss 2.3058 Acc 0.1061 | Val Loss 2.3008 Acc 0.1129 AUC 0.5000 Pre 0.0113 Rec 0.1000
2026-08-30 00:47:48 | Diag logvar_q_mean=-1.1541 logvar_q_clamp=0.0000 logvar_p_mean=-1.1541 logvar_p_clamp=0.0000
2026-08-30 00:47:51 | Epoch 381/400 | Train Loss 2.3063 Acc 0.1044 | Val Loss 2.3008 Acc 0.1129 AUC 0.5000 Pre 0.0113 Rec 0.1000
2026-08-30 00:47:52 | Diag logvar_q_mean=-1.1566 logvar_q_clamp=0.0000 logvar_p_mean=-1.1566 logvar_p_clamp=0.0000
2026-08-30 00:47:55 | Epoch 382/400 | Train Loss 2.3060 Acc 0.1039 | Val Loss 2.3007 Acc 0.1129 AUC 0.5000 Pre 0.0113 Rec 0.1000
2026-08-30 00:47:56 | Diag logvar_q_mean=-1.1592 logvar_q_clamp=0.0000 logvar_p_mean=-1.1592 logvar_p_clamp=0.0000
2026-08-30 00:47:59 | Epoch 383/400 | Train Loss 2.3056 Acc 0.1056 | Val Loss 2.3008 Acc 0.1129 AUC 0.5000 Pre 0.0113 Rec 0.1000
2026-08-30 00:47:59 | Diag logvar_q_mean=-1.1616 logvar_q_clamp=0.0000 logvar_p_mean=-1.1616 logvar_p_clamp=0.0000
2026-08-30 00:48:03 | Epoch 384/400 | Train Loss 2.3065 Acc 0.1032 | Val Loss 2.3008 Acc 0.1129 AUC 0.5000 Pre 0.0113 Rec 0.1000
2026-08-30 00:48:03 | Diag logvar_q_mean=-1.1642 logvar_q_clamp=0.0000 logvar_p_mean=-1.1642 logvar_p_clamp=0.0000
2026-08-30 00:48:06 | Epoch 385/400 | Train Loss 2.3058 Acc 0.1045 | Val Loss 2.3008 Acc 0.1129 AUC 0.5000 Pre 0.0113 Rec 0.1000
2026-08-30 00:48:07 | Diag logvar_q_mean=-1.1667 logvar_q_clamp=0.0000 logvar_p_mean=-1.1667 logvar_p_clamp=0.0000
2026-08-30 00:48:10 | Epoch 386/400 | Train Loss 2.3059 Acc 0.1061 | Val Loss 2.3008 Acc 0.1129 AUC 0.5000 Pre 0.0113 Rec 0.1000
2026-08-30 00:48:11 | Diag logvar_q_mean=-1.1691 logvar_q_clamp=0.0000 logvar_p_mean=-1.1691 logvar_p_clamp=0.0000
2026-08-30 00:48:14 | Epoch 387/400 | Train Loss 2.3058 Acc 0.1044 | Val Loss 2.3008 Acc 0.1129 AUC 0.5000 Pre 0.0113 Rec 0.1000
2026-08-30 00:48:14 | Diag logvar_q_mean=-1.1716 logvar_q_clamp=0.0000 logvar_p_mean=-1.1716 logvar_p_clamp=0.0000
2026-08-30 00:48:18 | Epoch 388/400 | Train Loss 2.3060 Acc 0.1058 | Val Loss 2.3008 Acc 0.1129 AUC 0.5000 Pre 0.0113 Rec 0.1000
2026-08-30 00:48:18 | Diag logvar_q_mean=-1.1741 logvar_q_clamp=0.0000 logvar_p_mean=-1.1741 logvar_p_clamp=0.0000
2026-08-30 00:48:21 | Epoch 389/400 | Train Loss 2.3061 Acc 0.1049 | Val Loss 2.3008 Acc 0.1129 AUC 0.5000 Pre 0.0113 Rec 0.1000
2026-08-30 00:48:22 | Diag logvar_q_mean=-1.1766 logvar_q_clamp=0.0000 logvar_p_mean=-1.1766 logvar_p_clamp=0.0000
2026-08-30 00:48:25 | Epoch 390/400 | Train Loss 2.3069 Acc 0.1032 | Val Loss 2.3007 Acc 0.1129 AUC 0.5000 Pre 0.0113 Rec 0.1000
2026-08-30 00:48:26 | Diag logvar_q_mean=-1.1793 logvar_q_clamp=0.0000 logvar_p_mean=-1.1793 logvar_p_clamp=0.0000
2026-08-30 00:48:29 | Epoch 391/400 | Train Loss 2.3060 Acc 0.1053 | Val Loss 2.3008 Acc 0.1129 AUC 0.5000 Pre 0.0113 Rec 0.1000
2026-08-30 00:48:29 | Diag logvar_q_mean=-1.1818 logvar_q_clamp=0.0000 logvar_p_mean=-1.1818 logvar_p_clamp=0.0000
2026-08-30 00:48:33 | Epoch 392/400 | Train Loss 2.3059 Acc 0.1077 | Val Loss 2.3008 Acc 0.1129 AUC 0.5000 Pre 0.0113 Rec 0.1000
2026-08-30 00:48:33 | Diag logvar_q_mean=-1.1842 logvar_q_clamp=0.0000 logvar_p_mean=-1.1842 logvar_p_clamp=0.0000
2026-08-30 00:48:37 | Epoch 393/400 | Train Loss 2.3063 Acc 0.1047 | Val Loss 2.3008 Acc 0.1129 AUC 0.5000 Pre 0.0113 Rec 0.1000
2026-08-30 00:48:37 | Diag logvar_q_mean=-1.1868 logvar_q_clamp=0.0000 logvar_p_mean=-1.1868 logvar_p_clamp=0.0000
2026-08-30 00:48:40 | Epoch 394/400 | Train Loss 2.3058 Acc 0.1066 | Val Loss 2.3008 Acc 0.1129 AUC 0.5000 Pre 0.0113 Rec 0.1000
2026-08-30 00:48:41 | Diag logvar_q_mean=-1.1892 logvar_q_clamp=0.0000 logvar_p_mean=-1.1892 logvar_p_clamp=0.0000
2026-08-30 00:48:44 | Epoch 395/400 | Train Loss 2.3054 Acc 0.1052 | Val Loss 2.3008 Acc 0.1129 AUC 0.5000 Pre 0.0113 Rec 0.1000
2026-08-30 00:48:45 | Diag logvar_q_mean=-1.1915 logvar_q_clamp=0.0000 logvar_p_mean=-1.1915 logvar_p_clamp=0.0000
2026-08-30 00:48:48 | Epoch 396/400 | Train Loss 2.3057 Acc 0.1081 | Val Loss 2.3007 Acc 0.1129 AUC 0.5000 Pre 0.0113 Rec 0.1000
2026-08-30 00:48:48 | Diag logvar_q_mean=-1.1939 logvar_q_clamp=0.0000 logvar_p_mean=-1.1939 logvar_p_clamp=0.0000
2026-08-30 00:48:52 | Epoch 397/400 | Train Loss 2.3058 Acc 0.1071 | Val Loss 2.3008 Acc 0.1129 AUC 0.5000 Pre 0.0113 Rec 0.1000
2026-08-30 00:48:52 | Diag logvar_q_mean=-1.1965 logvar_q_clamp=0.0000 logvar_p_mean=-1.1965 logvar_p_clamp=0.0000
2026-08-30 00:48:55 | Epoch 398/400 | Train Loss 2.3065 Acc 0.1029 | Val Loss 2.3008 Acc 0.1129 AUC 0.5000 Pre 0.0113 Rec 0.1000
2026-08-30 00:48:56 | Diag logvar_q_mean=-1.1990 logvar_q_clamp=0.0000 logvar_p_mean=-1.1990 logvar_p_clamp=0.0000
2026-08-30 00:48:59 | Epoch 399/400 | Train Loss 2.3064 Acc 0.1050 | Val Loss 2.3008 Acc 0.1129 AUC 0.5000 Pre 0.0113 Rec 0.1000
2026-08-30 00:49:00 | Diag logvar_q_mean=-1.2016 logvar_q_clamp=0.0000 logvar_p_mean=-1.2016 logvar_p_clamp=0.0000
2026-08-30 00:49:03 | Epoch 400/400 | Train Loss 2.3058 Acc 0.1078 | Val Loss 2.3008 Acc 0.1129 AUC 0.5000 Pre 0.0113 Rec 0.1000
2026-08-30 00:49:03 | Diag logvar_q_mean=-1.2040 logvar_q_clamp=0.0000 logvar_p_mean=-1.2040 logvar_p_clamp=0.0000
2026-08-30 00:49:04 | Run 1/5 | Test (best model @ Epoch 1) | Loss 2.3020 Acc 0.1028 AUC 0.5000 Pre 0.0103 Rec 0.1000
2026-08-30 00:49:04 | ===== Run 2/5 (seed 1) =====
2026-08-30 00:49:07 | Epoch   1/400 | Train Loss 2.8143 Acc 0.1011 | Val Loss 2.3013 Acc 0.1129 AUC 0.5000 Pre 0.0113 Rec 0.1000
2026-08-30 00:49:08 | Diag logvar_q_mean=0.0072 logvar_q_clamp=0.0000 logvar_p_mean=0.0072 logvar_p_clamp=0.0000
2026-08-30 00:49:08 |   Val AUC improved to 0.5000, model saved
2026-08-30 00:49:11 | Epoch   2/400 | Train Loss 2.3269 Acc 0.1022 | Val Loss 2.3009 Acc 0.1129 AUC 0.5000 Pre 0.0113 Rec 0.1000
2026-08-30 00:49:11 | Diag logvar_q_mean=0.0057 logvar_q_clamp=0.0000 logvar_p_mean=0.0057 logvar_p_clamp=0.0000
2026-08-30 00:49:15 | Epoch   3/400 | Train Loss 2.3146 Acc 0.1015 | Val Loss 2.3008 Acc 0.1129 AUC 0.5000 Pre 0.0113 Rec 0.1000
2026-08-30 00:49:15 | Diag logvar_q_mean=0.0047 logvar_q_clamp=0.0000 logvar_p_mean=0.0047 logvar_p_clamp=0.0000
2026-08-30 00:49:19 | Epoch   4/400 | Train Loss 2.3099 Acc 0.1050 | Val Loss 2.3008 Acc 0.1129 AUC 0.5000 Pre 0.0113 Rec 0.1000
2026-08-30 00:49:19 | Diag logvar_q_mean=0.0040 logvar_q_clamp=0.0000 logvar_p_mean=0.0040 logvar_p_clamp=0.0000
2026-08-30 00:49:22 | Epoch   5/400 | Train Loss 2.3102 Acc 0.1040 | Val Loss 2.3008 Acc 0.1129 AUC 0.5000 Pre 0.0113 Rec 0.1000
2026-08-30 00:49:23 | Diag logvar_q_mean=0.0031 logvar_q_clamp=0.0000 logvar_p_mean=0.0031 logvar_p_clamp=0.0000
2026-08-30 00:49:26 | Epoch   6/400 | Train Loss 2.3100 Acc 0.1031 | Val Loss 2.3008 Acc 0.1129 AUC 0.5000 Pre 0.0113 Rec 0.1000
2026-08-30 00:49:27 | Diag logvar_q_mean=0.0021 logvar_q_clamp=0.0000 logvar_p_mean=0.0021 logvar_p_clamp=0.0000
2026-08-30 00:49:30 | Epoch   7/400 | Train Loss 2.3096 Acc 0.1047 | Val Loss 2.3007 Acc 0.1129 AUC 0.5000 Pre 0.0113 Rec 0.1000
2026-08-30 00:49:30 | Diag logvar_q_mean=0.0010 logvar_q_clamp=0.0000 logvar_p_mean=0.0011 logvar_p_clamp=0.0000
2026-08-30 00:49:34 | Epoch   8/400 | Train Loss 2.3098 Acc 0.1023 | Val Loss 2.3007 Acc 0.1129 AUC 0.5000 Pre 0.0113 Rec 0.1000
2026-08-30 00:49:34 | Diag logvar_q_mean=-0.0002 logvar_q_clamp=0.0000 logvar_p_mean=-0.0002 logvar_p_clamp=0.0000
2026-08-30 00:49:37 | Epoch   9/400 | Train Loss 2.3095 Acc 0.1028 | Val Loss 2.3007 Acc 0.1129 AUC 0.5000 Pre 0.0113 Rec 0.1000
2026-08-30 00:49:38 | Diag logvar_q_mean=-0.0014 logvar_q_clamp=0.0000 logvar_p_mean=-0.0014 logvar_p_clamp=0.0000
2026-08-30 00:49:41 | Epoch  10/400 | Train Loss 2.3095 Acc 0.1028 | Val Loss 2.3007 Acc 0.1129 AUC 0.5000 Pre 0.0113 Rec 0.1000
2026-08-30 00:49:42 | Diag logvar_q_mean=-0.0028 logvar_q_clamp=0.0000 logvar_p_mean=-0.0028 logvar_p_clamp=0.0000
2026-08-30 00:49:45 | Epoch  11/400 | Train Loss 2.3100 Acc 0.1046 | Val Loss 2.3007 Acc 0.1129 AUC 0.5000 Pre 0.0113 Rec 0.1000
2026-08-30 00:49:45 | Diag logvar_q_mean=-0.0044 logvar_q_clamp=0.0000 logvar_p_mean=-0.0044 logvar_p_clamp=0.0000
2026-08-30 00:49:49 | Epoch  12/400 | Train Loss 2.3100 Acc 0.1031 | Val Loss 2.3008 Acc 0.1129 AUC 0.5000 Pre 0.0113 Rec 0.1000
2026-08-30 00:49:49 | Diag logvar_q_mean=-0.0060 logvar_q_clamp=0.0000 logvar_p_mean=-0.0060 logvar_p_clamp=0.0000
2026-08-30 00:49:52 | Epoch  13/400 | Train Loss 2.3089 Acc 0.1057 | Val Loss 2.3008 Acc 0.1129 AUC 0.5000 Pre 0.0113 Rec 0.1000
2026-08-30 00:49:53 | Diag logvar_q_mean=-0.0077 logvar_q_clamp=0.0000 logvar_p_mean=-0.0077 logvar_p_clamp=0.0000
2026-08-30 00:49:56 | Epoch  14/400 | Train Loss 2.3090 Acc 0.1052 | Val Loss 2.3007 Acc 0.1129 AUC 0.5000 Pre 0.0113 Rec 0.1000
2026-08-30 00:49:57 | Diag logvar_q_mean=-0.0094 logvar_q_clamp=0.0000 logvar_p_mean=-0.0094 logvar_p_clamp=0.0000
2026-08-30 00:50:00 | Epoch  15/400 | Train Loss 2.3097 Acc 0.1033 | Val Loss 2.3008 Acc 0.1129 AUC 0.5000 Pre 0.0113 Rec 0.1000
2026-08-30 00:50:00 | Diag logvar_q_mean=-0.0114 logvar_q_clamp=0.0000 logvar_p_mean=-0.0114 logvar_p_clamp=0.0000
2026-08-30 00:50:04 | Epoch  16/400 | Train Loss 2.3107 Acc 0.1025 | Val Loss 2.3007 Acc 0.1129 AUC 0.5000 Pre 0.0113 Rec 0.1000
2026-08-30 00:50:04 | Diag logvar_q_mean=-0.0136 logvar_q_clamp=0.0000 logvar_p_mean=-0.0136 logvar_p_clamp=0.0000
2026-08-30 00:50:08 | Epoch  17/400 | Train Loss 2.3096 Acc 0.1037 | Val Loss 2.3008 Acc 0.1129 AUC 0.5000 Pre 0.0113 Rec 0.1000
2026-08-30 00:50:08 | Diag logvar_q_mean=-0.0157 logvar_q_clamp=0.0000 logvar_p_mean=-0.0157 logvar_p_clamp=0.0000
2026-08-30 00:50:11 | Epoch  18/400 | Train Loss 2.3106 Acc 0.1032 | Val Loss 2.3008 Acc 0.1129 AUC 0.5000 Pre 0.0113 Rec 0.1000
2026-08-30 00:50:12 | Diag logvar_q_mean=-0.0181 logvar_q_clamp=0.0000 logvar_p_mean=-0.0181 logvar_p_clamp=0.0000
2026-08-30 00:50:15 | Epoch  19/400 | Train Loss 2.3089 Acc 0.1047 | Val Loss 2.3007 Acc 0.1129 AUC 0.5000 Pre 0.0113 Rec 0.1000
2026-08-30 00:50:16 | Diag logvar_q_mean=-0.0203 logvar_q_clamp=0.0000 logvar_p_mean=-0.0203 logvar_p_clamp=0.0000
2026-08-30 00:50:19 | Epoch  20/400 | Train Loss 2.3094 Acc 0.1047 | Val Loss 2.3007 Acc 0.1129 AUC 0.5000 Pre 0.0113 Rec 0.1000
2026-08-30 00:50:20 | Diag logvar_q_mean=-0.0228 logvar_q_clamp=0.0000 logvar_p_mean=-0.0228 logvar_p_clamp=0.0000
2026-08-30 00:50:23 | Epoch  21/400 | Train Loss 2.3095 Acc 0.1032 | Val Loss 2.3007 Acc 0.1129 AUC 0.5000 Pre 0.0113 Rec 0.1000
2026-08-30 00:50:23 | Diag logvar_q_mean=-0.0254 logvar_q_clamp=0.0000 logvar_p_mean=-0.0254 logvar_p_clamp=0.0000
2026-08-30 00:50:27 | Epoch  22/400 | Train Loss 2.3099 Acc 0.1054 | Val Loss 2.3007 Acc 0.1129 AUC 0.5000 Pre 0.0113 Rec 0.1000
2026-08-30 00:50:27 | Diag logvar_q_mean=-0.0281 logvar_q_clamp=0.0000 logvar_p_mean=-0.0281 logvar_p_clamp=0.0000
2026-08-30 00:50:31 | Epoch  23/400 | Train Loss 2.3096 Acc 0.1060 | Val Loss 2.3007 Acc 0.1129 AUC 0.5000 Pre 0.0113 Rec 0.1000
2026-08-30 00:50:31 | Diag logvar_q_mean=-0.0309 logvar_q_clamp=0.0000 logvar_p_mean=-0.0309 logvar_p_clamp=0.0000
2026-08-30 00:50:35 | Epoch  24/400 | Train Loss 2.3095 Acc 0.1023 | Val Loss 2.3008 Acc 0.1129 AUC 0.5000 Pre 0.0113 Rec 0.1000
2026-08-30 00:50:35 | Diag logvar_q_mean=-0.0338 logvar_q_clamp=0.0000 logvar_p_mean=-0.0338 logvar_p_clamp=0.0000
2026-08-30 00:50:38 | Epoch  25/400 | Train Loss 2.3100 Acc 0.1039 | Val Loss 2.3007 Acc 0.1129 AUC 0.5000 Pre 0.0113 Rec 0.1000
2026-08-30 00:50:39 | Diag logvar_q_mean=-0.0369 logvar_q_clamp=0.0000 logvar_p_mean=-0.0369 logvar_p_clamp=0.0000
2026-08-30 00:50:42 | Epoch  26/400 | Train Loss 2.3097 Acc 0.1032 | Val Loss 2.3007 Acc 0.1129 AUC 0.5000 Pre 0.0113 Rec 0.1000
2026-08-30 00:50:43 | Diag logvar_q_mean=-0.0399 logvar_q_clamp=0.0000 logvar_p_mean=-0.0399 logvar_p_clamp=0.0000
2026-08-30 00:50:46 | Epoch  27/400 | Train Loss 2.3095 Acc 0.1050 | Val Loss 2.3008 Acc 0.1129 AUC 0.5000 Pre 0.0113 Rec 0.1000
2026-08-30 00:50:47 | Diag logvar_q_mean=-0.0431 logvar_q_clamp=0.0000 logvar_p_mean=-0.0431 logvar_p_clamp=0.0000
2026-08-30 00:50:50 | Epoch  28/400 | Train Loss 2.3097 Acc 0.1039 | Val Loss 2.3007 Acc 0.1129 AUC 0.5000 Pre 0.0113 Rec 0.1000
2026-08-30 00:50:50 | Diag logvar_q_mean=-0.0463 logvar_q_clamp=0.0000 logvar_p_mean=-0.0463 logvar_p_clamp=0.0000
2026-08-30 00:50:54 | Epoch  29/400 | Train Loss 2.3094 Acc 0.1035 | Val Loss 2.3008 Acc 0.1129 AUC 0.5000 Pre 0.0113 Rec 0.1000
2026-08-30 00:50:54 | Diag logvar_q_mean=-0.0495 logvar_q_clamp=0.0000 logvar_p_mean=-0.0495 logvar_p_clamp=0.0000
2026-08-30 00:50:58 | Epoch  30/400 | Train Loss 2.3095 Acc 0.1031 | Val Loss 2.3008 Acc 0.1129 AUC 0.5000 Pre 0.0113 Rec 0.1000
2026-08-30 00:50:58 | Diag logvar_q_mean=-0.0529 logvar_q_clamp=0.0000 logvar_p_mean=-0.0529 logvar_p_clamp=0.0000
2026-08-30 00:51:01 | Epoch  31/400 | Train Loss 2.3093 Acc 0.1038 | Val Loss 2.3008 Acc 0.1129 AUC 0.5000 Pre 0.0113 Rec 0.1000
2026-08-30 00:51:02 | Diag logvar_q_mean=-0.0563 logvar_q_clamp=0.0000 logvar_p_mean=-0.0563 logvar_p_clamp=0.0000
2026-08-30 00:51:05 | Epoch  32/400 | Train Loss 2.3094 Acc 0.1049 | Val Loss 2.3008 Acc 0.1129 AUC 0.5000 Pre 0.0113 Rec 0.1000
2026-08-30 00:51:06 | Diag logvar_q_mean=-0.0598 logvar_q_clamp=0.0000 logvar_p_mean=-0.0598 logvar_p_clamp=0.0000
2026-08-30 00:51:09 | Epoch  33/400 | Train Loss 2.3091 Acc 0.1040 | Val Loss 2.3008 Acc 0.1129 AUC 0.5000 Pre 0.0113 Rec 0.1000
2026-08-30 00:51:09 | Diag logvar_q_mean=-0.0633 logvar_q_clamp=0.0000 logvar_p_mean=-0.0633 logvar_p_clamp=0.0000
2026-08-30 00:51:13 | Epoch  34/400 | Train Loss 2.3093 Acc 0.1033 | Val Loss 2.3008 Acc 0.1129 AUC 0.5000 Pre 0.0113 Rec 0.1000
2026-08-30 00:51:13 | Diag logvar_q_mean=-0.0669 logvar_q_clamp=0.0000 logvar_p_mean=-0.0669 logvar_p_clamp=0.0000
2026-08-30 00:51:17 | Epoch  35/400 | Train Loss 2.3096 Acc 0.1033 | Val Loss 2.3007 Acc 0.1129 AUC 0.5000 Pre 0.0113 Rec 0.1000
2026-08-30 00:51:17 | Diag logvar_q_mean=-0.0706 logvar_q_clamp=0.0000 logvar_p_mean=-0.0706 logvar_p_clamp=0.0000
2026-08-30 00:51:20 | Epoch  36/400 | Train Loss 2.3093 Acc 0.1033 | Val Loss 2.3008 Acc 0.1129 AUC 0.5000 Pre 0.0113 Rec 0.1000
2026-08-30 00:51:21 | Diag logvar_q_mean=-0.0743 logvar_q_clamp=0.0000 logvar_p_mean=-0.0743 logvar_p_clamp=0.0000
2026-08-30 00:51:24 | Epoch  37/400 | Train Loss 2.3090 Acc 0.1038 | Val Loss 2.3007 Acc 0.1129 AUC 0.5000 Pre 0.0113 Rec 0.1000
2026-08-30 00:51:25 | Diag logvar_q_mean=-0.0779 logvar_q_clamp=0.0000 logvar_p_mean=-0.0779 logvar_p_clamp=0.0000
2026-08-30 00:51:28 | Epoch  38/400 | Train Loss 2.3098 Acc 0.1026 | Val Loss 2.3007 Acc 0.1129 AUC 0.5000 Pre 0.0113 Rec 0.1000
2026-08-30 00:51:28 | Diag logvar_q_mean=-0.0817 logvar_q_clamp=0.0000 logvar_p_mean=-0.0817 logvar_p_clamp=0.0000
2026-08-30 00:51:32 | Epoch  39/400 | Train Loss 2.3091 Acc 0.1052 | Val Loss 2.3008 Acc 0.1129 AUC 0.5000 Pre 0.0113 Rec 0.1000
2026-08-30 00:51:32 | Diag logvar_q_mean=-0.0854 logvar_q_clamp=0.0000 logvar_p_mean=-0.0854 logvar_p_clamp=0.0000
2026-08-30 00:51:35 | Epoch  40/400 | Train Loss 2.3091 Acc 0.1052 | Val Loss 2.3008 Acc 0.1129 AUC 0.5000 Pre 0.0113 Rec 0.1000
2026-08-30 00:51:36 | Diag logvar_q_mean=-0.0891 logvar_q_clamp=0.0000 logvar_p_mean=-0.0891 logvar_p_clamp=0.0000
2026-08-30 00:51:39 | Epoch  41/400 | Train Loss 2.3096 Acc 0.1029 | Val Loss 2.3008 Acc 0.1129 AUC 0.5000 Pre 0.0113 Rec 0.1000
2026-08-30 00:51:40 | Diag logvar_q_mean=-0.0930 logvar_q_clamp=0.0000 logvar_p_mean=-0.0930 logvar_p_clamp=0.0000
2026-08-30 00:51:43 | Epoch  42/400 | Train Loss 2.3096 Acc 0.1030 | Val Loss 2.3007 Acc 0.1129 AUC 0.5000 Pre 0.0113 Rec 0.1000
2026-08-30 00:51:43 | Diag logvar_q_mean=-0.0968 logvar_q_clamp=0.0000 logvar_p_mean=-0.0968 logvar_p_clamp=0.0000
2026-08-30 00:51:46 | Epoch  43/400 | Train Loss 2.3095 Acc 0.1026 | Val Loss 2.3008 Acc 0.1129 AUC 0.5000 Pre 0.0113 Rec 0.1000
2026-08-30 00:51:47 | Diag logvar_q_mean=-0.1006 logvar_q_clamp=0.0000 logvar_p_mean=-0.1006 logvar_p_clamp=0.0000
2026-08-30 00:51:50 | Epoch  44/400 | Train Loss 2.3083 Acc 0.1070 | Val Loss 2.3008 Acc 0.1129 AUC 0.5000 Pre 0.0113 Rec 0.1000
2026-08-30 00:51:51 | Diag logvar_q_mean=-0.1042 logvar_q_clamp=0.0000 logvar_p_mean=-0.1042 logvar_p_clamp=0.0000
2026-08-30 00:51:54 | Epoch  45/400 | Train Loss 2.3100 Acc 0.1038 | Val Loss 2.3008 Acc 0.1129 AUC 0.5000 Pre 0.0113 Rec 0.1000
2026-08-30 00:51:55 | Diag logvar_q_mean=-0.1082 logvar_q_clamp=0.0000 logvar_p_mean=-0.1082 logvar_p_clamp=0.0000
2026-08-30 00:51:58 | Epoch  46/400 | Train Loss 2.3097 Acc 0.1026 | Val Loss 2.3008 Acc 0.1129 AUC 0.5000 Pre 0.0113 Rec 0.1000
2026-08-30 00:51:58 | Diag logvar_q_mean=-0.1121 logvar_q_clamp=0.0000 logvar_p_mean=-0.1121 logvar_p_clamp=0.0000
2026-08-30 00:52:02 | Epoch  47/400 | Train Loss 2.3082 Acc 0.1035 | Val Loss 2.3007 Acc 0.1129 AUC 0.5000 Pre 0.0113 Rec 0.1000
2026-08-30 00:52:02 | Diag logvar_q_mean=-0.1157 logvar_q_clamp=0.0000 logvar_p_mean=-0.1157 logvar_p_clamp=0.0000
2026-08-30 00:52:05 | Epoch  48/400 | Train Loss 2.3090 Acc 0.1016 | Val Loss 2.3007 Acc 0.1129 AUC 0.5000 Pre 0.0113 Rec 0.1000
2026-08-30 00:52:06 | Diag logvar_q_mean=-0.1197 logvar_q_clamp=0.0000 logvar_p_mean=-0.1197 logvar_p_clamp=0.0000
2026-08-30 00:52:09 | Epoch  49/400 | Train Loss 2.3095 Acc 0.1040 | Val Loss 2.3007 Acc 0.1129 AUC 0.5000 Pre 0.0113 Rec 0.1000
2026-08-30 00:52:10 | Diag logvar_q_mean=-0.1236 logvar_q_clamp=0.0000 logvar_p_mean=-0.1236 logvar_p_clamp=0.0000
2026-08-30 00:52:13 | Epoch  50/400 | Train Loss 2.3094 Acc 0.1032 | Val Loss 2.3008 Acc 0.1129 AUC 0.5000 Pre 0.0113 Rec 0.1000
2026-08-30 00:52:14 | Diag logvar_q_mean=-0.1275 logvar_q_clamp=0.0000 logvar_p_mean=-0.1275 logvar_p_clamp=0.0000
2026-08-30 00:52:17 | Epoch  51/400 | Train Loss 2.3088 Acc 0.1039 | Val Loss 2.3008 Acc 0.1129 AUC 0.5000 Pre 0.0113 Rec 0.1000
2026-08-30 00:52:17 | Diag logvar_q_mean=-0.1313 logvar_q_clamp=0.0000 logvar_p_mean=-0.1313 logvar_p_clamp=0.0000
2026-08-30 00:52:21 | Epoch  52/400 | Train Loss 2.3092 Acc 0.1022 | Val Loss 2.3007 Acc 0.1129 AUC 0.5000 Pre 0.0113 Rec 0.1000
2026-08-30 00:52:21 | Diag logvar_q_mean=-0.1352 logvar_q_clamp=0.0000 logvar_p_mean=-0.1352 logvar_p_clamp=0.0000
2026-08-30 00:52:25 | Epoch  53/400 | Train Loss 2.3087 Acc 0.1043 | Val Loss 2.3008 Acc 0.1129 AUC 0.5000 Pre 0.0113 Rec 0.1000
2026-08-30 00:52:25 | Diag logvar_q_mean=-0.1390 logvar_q_clamp=0.0000 logvar_p_mean=-0.1390 logvar_p_clamp=0.0000
2026-08-30 00:52:28 | Epoch  54/400 | Train Loss 2.3093 Acc 0.1039 | Val Loss 2.3008 Acc 0.1129 AUC 0.5000 Pre 0.0113 Rec 0.1000
2026-08-30 00:52:29 | Diag logvar_q_mean=-0.1429 logvar_q_clamp=0.0000 logvar_p_mean=-0.1429 logvar_p_clamp=0.0000
2026-08-30 00:52:32 | Epoch  55/400 | Train Loss 2.3087 Acc 0.1048 | Val Loss 2.3008 Acc 0.1129 AUC 0.5000 Pre 0.0113 Rec 0.1000
2026-08-30 00:52:33 | Diag logvar_q_mean=-0.1468 logvar_q_clamp=0.0000 logvar_p_mean=-0.1468 logvar_p_clamp=0.0000
2026-08-30 00:52:36 | Epoch  56/400 | Train Loss 2.3091 Acc 0.1033 | Val Loss 2.3008 Acc 0.1129 AUC 0.5000 Pre 0.0113 Rec 0.1000
2026-08-30 00:52:36 | Diag logvar_q_mean=-0.1506 logvar_q_clamp=0.0000 logvar_p_mean=-0.1506 logvar_p_clamp=0.0000
2026-08-30 00:52:40 | Epoch  57/400 | Train Loss 2.3092 Acc 0.1048 | Val Loss 2.3007 Acc 0.1129 AUC 0.5000 Pre 0.0113 Rec 0.1000
2026-08-30 00:52:40 | Diag logvar_q_mean=-0.1545 logvar_q_clamp=0.0000 logvar_p_mean=-0.1545 logvar_p_clamp=0.0000
2026-08-30 00:52:44 | Epoch  58/400 | Train Loss 2.3088 Acc 0.1057 | Val Loss 2.3008 Acc 0.1129 AUC 0.5000 Pre 0.0113 Rec 0.1000
2026-08-30 00:52:44 | Diag logvar_q_mean=-0.1583 logvar_q_clamp=0.0000 logvar_p_mean=-0.1583 logvar_p_clamp=0.0000
2026-08-30 00:52:47 | Epoch  59/400 | Train Loss 2.3088 Acc 0.1032 | Val Loss 2.3007 Acc 0.1129 AUC 0.5000 Pre 0.0113 Rec 0.1000
2026-08-30 00:52:48 | Diag logvar_q_mean=-0.1621 logvar_q_clamp=0.0000 logvar_p_mean=-0.1621 logvar_p_clamp=0.0000
2026-08-30 00:52:51 | Epoch  60/400 | Train Loss 2.3087 Acc 0.1054 | Val Loss 2.3008 Acc 0.1129 AUC 0.5000 Pre 0.0113 Rec 0.1000
2026-08-30 00:52:52 | Diag logvar_q_mean=-0.1658 logvar_q_clamp=0.0000 logvar_p_mean=-0.1658 logvar_p_clamp=0.0000
2026-08-30 00:52:55 | Epoch  61/400 | Train Loss 2.3083 Acc 0.1058 | Val Loss 2.3008 Acc 0.1129 AUC 0.5000 Pre 0.0113 Rec 0.1000
2026-08-30 00:52:56 | Diag logvar_q_mean=-0.1696 logvar_q_clamp=0.0000 logvar_p_mean=-0.1696 logvar_p_clamp=0.0000
2026-08-30 00:52:59 | Epoch  62/400 | Train Loss 2.3091 Acc 0.1038 | Val Loss 2.3007 Acc 0.1129 AUC 0.5000 Pre 0.0113 Rec 0.1000
2026-08-30 00:52:59 | Diag logvar_q_mean=-0.1734 logvar_q_clamp=0.0000 logvar_p_mean=-0.1734 logvar_p_clamp=0.0000
2026-08-30 00:53:03 | Epoch  63/400 | Train Loss 2.3099 Acc 0.1030 | Val Loss 2.3008 Acc 0.1129 AUC 0.5000 Pre 0.0113 Rec 0.1000
2026-08-30 00:53:03 | Diag logvar_q_mean=-0.1775 logvar_q_clamp=0.0000 logvar_p_mean=-0.1775 logvar_p_clamp=0.0000
2026-08-30 00:53:07 | Epoch  64/400 | Train Loss 2.3087 Acc 0.1020 | Val Loss 2.3007 Acc 0.1129 AUC 0.5000 Pre 0.0113 Rec 0.1000
2026-08-30 00:53:07 | Diag logvar_q_mean=-0.1812 logvar_q_clamp=0.0000 logvar_p_mean=-0.1812 logvar_p_clamp=0.0000
2026-08-30 00:53:10 | Epoch  65/400 | Train Loss 2.3090 Acc 0.1052 | Val Loss 2.3007 Acc 0.1129 AUC 0.5000 Pre 0.0113 Rec 0.1000
2026-08-30 00:53:11 | Diag logvar_q_mean=-0.1849 logvar_q_clamp=0.0000 logvar_p_mean=-0.1849 logvar_p_clamp=0.0000
2026-08-30 00:53:14 | Epoch  66/400 | Train Loss 2.3089 Acc 0.1036 | Val Loss 2.3007 Acc 0.1129 AUC 0.5000 Pre 0.0113 Rec 0.1000
2026-08-30 00:53:15 | Diag logvar_q_mean=-0.1887 logvar_q_clamp=0.0000 logvar_p_mean=-0.1887 logvar_p_clamp=0.0000
2026-08-30 00:53:18 | Epoch  67/400 | Train Loss 2.3084 Acc 0.1037 | Val Loss 2.3008 Acc 0.1129 AUC 0.5000 Pre 0.0113 Rec 0.1000
2026-08-30 00:53:18 | Diag logvar_q_mean=-0.1924 logvar_q_clamp=0.0000 logvar_p_mean=-0.1924 logvar_p_clamp=0.0000
2026-08-30 00:53:22 | Epoch  68/400 | Train Loss 2.3091 Acc 0.1042 | Val Loss 2.3008 Acc 0.1129 AUC 0.5000 Pre 0.0113 Rec 0.1000
2026-08-30 00:53:22 | Diag logvar_q_mean=-0.1963 logvar_q_clamp=0.0000 logvar_p_mean=-0.1964 logvar_p_clamp=0.0000
2026-08-30 00:53:25 | Epoch  69/400 | Train Loss 2.3086 Acc 0.1040 | Val Loss 2.3008 Acc 0.1129 AUC 0.5000 Pre 0.0113 Rec 0.1000
2026-08-30 00:53:26 | Diag logvar_q_mean=-0.2001 logvar_q_clamp=0.0000 logvar_p_mean=-0.2001 logvar_p_clamp=0.0000
2026-08-30 00:53:29 | Epoch  70/400 | Train Loss 2.3093 Acc 0.1022 | Val Loss 2.3008 Acc 0.1129 AUC 0.5000 Pre 0.0113 Rec 0.1000
2026-08-30 00:53:30 | Diag logvar_q_mean=-0.2040 logvar_q_clamp=0.0000 logvar_p_mean=-0.2039 logvar_p_clamp=0.0000
2026-08-30 00:53:33 | Epoch  71/400 | Train Loss 2.3089 Acc 0.1040 | Val Loss 2.3008 Acc 0.1129 AUC 0.5000 Pre 0.0113 Rec 0.1000
2026-08-30 00:53:33 | Diag logvar_q_mean=-0.2077 logvar_q_clamp=0.0000 logvar_p_mean=-0.2077 logvar_p_clamp=0.0000
2026-08-30 00:53:37 | Epoch  72/400 | Train Loss 2.3092 Acc 0.1068 | Val Loss 2.3008 Acc 0.1129 AUC 0.5000 Pre 0.0113 Rec 0.1000
2026-08-30 00:53:37 | Diag logvar_q_mean=-0.2114 logvar_q_clamp=0.0000 logvar_p_mean=-0.2115 logvar_p_clamp=0.0000
2026-08-30 00:53:40 | Epoch  73/400 | Train Loss 2.3089 Acc 0.1024 | Val Loss 2.3008 Acc 0.1129 AUC 0.5000 Pre 0.0113 Rec 0.1000
2026-08-30 00:53:41 | Diag logvar_q_mean=-0.2152 logvar_q_clamp=0.0000 logvar_p_mean=-0.2152 logvar_p_clamp=0.0000
2026-08-30 00:53:44 | Epoch  74/400 | Train Loss 2.3088 Acc 0.1024 | Val Loss 2.3008 Acc 0.1129 AUC 0.5000 Pre 0.0113 Rec 0.1000
2026-08-30 00:53:45 | Diag logvar_q_mean=-0.2189 logvar_q_clamp=0.0000 logvar_p_mean=-0.2190 logvar_p_clamp=0.0000
2026-08-30 00:53:48 | Epoch  75/400 | Train Loss 2.3091 Acc 0.1053 | Val Loss 2.3008 Acc 0.1129 AUC 0.5000 Pre 0.0113 Rec 0.1000
2026-08-30 00:53:48 | Diag logvar_q_mean=-0.2228 logvar_q_clamp=0.0000 logvar_p_mean=-0.2228 logvar_p_clamp=0.0000
2026-08-30 00:53:52 | Epoch  76/400 | Train Loss 2.3083 Acc 0.1042 | Val Loss 2.3008 Acc 0.1129 AUC 0.5000 Pre 0.0113 Rec 0.1000
2026-08-30 00:53:52 | Diag logvar_q_mean=-0.2264 logvar_q_clamp=0.0000 logvar_p_mean=-0.2264 logvar_p_clamp=0.0000
2026-08-30 00:53:55 | Epoch  77/400 | Train Loss 2.3092 Acc 0.1031 | Val Loss 2.3008 Acc 0.1129 AUC 0.5000 Pre 0.0113 Rec 0.1000
2026-08-30 00:53:56 | Diag logvar_q_mean=-0.2302 logvar_q_clamp=0.0000 logvar_p_mean=-0.2302 logvar_p_clamp=0.0000
2026-08-30 00:53:59 | Epoch  78/400 | Train Loss 2.3087 Acc 0.1033 | Val Loss 2.3007 Acc 0.1129 AUC 0.5000 Pre 0.0113 Rec 0.1000
2026-08-30 00:54:00 | Diag logvar_q_mean=-0.2340 logvar_q_clamp=0.0000 logvar_p_mean=-0.2339 logvar_p_clamp=0.0000
2026-08-30 00:54:03 | Epoch  79/400 | Train Loss 2.3090 Acc 0.1037 | Val Loss 2.3008 Acc 0.1129 AUC 0.5000 Pre 0.0113 Rec 0.1000
2026-08-30 00:54:04 | Diag logvar_q_mean=-0.2378 logvar_q_clamp=0.0000 logvar_p_mean=-0.2377 logvar_p_clamp=0.0000
2026-08-30 00:54:07 | Epoch  80/400 | Train Loss 2.3080 Acc 0.1039 | Val Loss 2.3007 Acc 0.1129 AUC 0.5000 Pre 0.0113 Rec 0.1000
2026-08-30 00:54:07 | Diag logvar_q_mean=-0.2413 logvar_q_clamp=0.0000 logvar_p_mean=-0.2413 logvar_p_clamp=0.0000
2026-08-30 00:54:11 | Epoch  81/400 | Train Loss 2.3088 Acc 0.1039 | Val Loss 2.3007 Acc 0.1129 AUC 0.5000 Pre 0.0113 Rec 0.1000
2026-08-30 00:54:11 | Diag logvar_q_mean=-0.2451 logvar_q_clamp=0.0000 logvar_p_mean=-0.2451 logvar_p_clamp=0.0000
2026-08-30 00:54:14 | Epoch  82/400 | Train Loss 2.3082 Acc 0.1053 | Val Loss 2.3007 Acc 0.1129 AUC 0.5000 Pre 0.0113 Rec 0.1000
2026-08-30 00:54:15 | Diag logvar_q_mean=-0.2488 logvar_q_clamp=0.0000 logvar_p_mean=-0.2487 logvar_p_clamp=0.0000
2026-08-30 00:54:18 | Epoch  83/400 | Train Loss 2.3096 Acc 0.1044 | Val Loss 2.3008 Acc 0.1129 AUC 0.5000 Pre 0.0113 Rec 0.1000
2026-08-30 00:54:19 | Diag logvar_q_mean=-0.2526 logvar_q_clamp=0.0000 logvar_p_mean=-0.2526 logvar_p_clamp=0.0000
2026-08-30 00:54:22 | Epoch  84/400 | Train Loss 2.3090 Acc 0.1034 | Val Loss 2.3008 Acc 0.1129 AUC 0.5000 Pre 0.0113 Rec 0.1000
2026-08-30 00:54:22 | Diag logvar_q_mean=-0.2563 logvar_q_clamp=0.0000 logvar_p_mean=-0.2563 logvar_p_clamp=0.0000
2026-08-30 00:54:26 | Epoch  85/400 | Train Loss 2.3080 Acc 0.1058 | Val Loss 2.3008 Acc 0.1129 AUC 0.5000 Pre 0.0113 Rec 0.1000
2026-08-30 00:54:26 | Diag logvar_q_mean=-0.2599 logvar_q_clamp=0.0000 logvar_p_mean=-0.2599 logvar_p_clamp=0.0000
2026-08-30 00:54:29 | Epoch  86/400 | Train Loss 2.3082 Acc 0.1043 | Val Loss 2.3008 Acc 0.1129 AUC 0.5000 Pre 0.0113 Rec 0.1000
2026-08-30 00:54:30 | Diag logvar_q_mean=-0.2635 logvar_q_clamp=0.0000 logvar_p_mean=-0.2635 logvar_p_clamp=0.0000
2026-08-30 00:54:33 | Epoch  87/400 | Train Loss 2.3094 Acc 0.1036 | Val Loss 2.3007 Acc 0.1129 AUC 0.5000 Pre 0.0113 Rec 0.1000
2026-08-30 00:54:34 | Diag logvar_q_mean=-0.2674 logvar_q_clamp=0.0000 logvar_p_mean=-0.2674 logvar_p_clamp=0.0000
2026-08-30 00:54:37 | Epoch  88/400 | Train Loss 2.3083 Acc 0.1056 | Val Loss 2.3008 Acc 0.1129 AUC 0.5000 Pre 0.0113 Rec 0.1000
2026-08-30 00:54:37 | Diag logvar_q_mean=-0.2710 logvar_q_clamp=0.0000 logvar_p_mean=-0.2710 logvar_p_clamp=0.0000
2026-08-30 00:54:41 | Epoch  89/400 | Train Loss 2.3094 Acc 0.1022 | Val Loss 2.3008 Acc 0.1129 AUC 0.5000 Pre 0.0113 Rec 0.1000
2026-08-30 00:54:41 | Diag logvar_q_mean=-0.2749 logvar_q_clamp=0.0000 logvar_p_mean=-0.2749 logvar_p_clamp=0.0000
2026-08-30 00:54:44 | Epoch  90/400 | Train Loss 2.3081 Acc 0.1046 | Val Loss 2.3008 Acc 0.1129 AUC 0.5000 Pre 0.0113 Rec 0.1000
2026-08-30 00:54:45 | Diag logvar_q_mean=-0.2784 logvar_q_clamp=0.0000 logvar_p_mean=-0.2784 logvar_p_clamp=0.0000
2026-08-30 00:54:48 | Epoch  91/400 | Train Loss 2.3084 Acc 0.1057 | Val Loss 2.3008 Acc 0.1129 AUC 0.5000 Pre 0.0113 Rec 0.1000
2026-08-30 00:54:49 | Diag logvar_q_mean=-0.2821 logvar_q_clamp=0.0000 logvar_p_mean=-0.2821 logvar_p_clamp=0.0000
2026-08-30 00:54:52 | Epoch  92/400 | Train Loss 2.3085 Acc 0.1020 | Val Loss 2.3008 Acc 0.1129 AUC 0.5000 Pre 0.0113 Rec 0.1000
2026-08-30 00:54:53 | Diag logvar_q_mean=-0.2858 logvar_q_clamp=0.0000 logvar_p_mean=-0.2858 logvar_p_clamp=0.0000
2026-08-30 00:54:56 | Epoch  93/400 | Train Loss 2.3079 Acc 0.1038 | Val Loss 2.3008 Acc 0.1129 AUC 0.5000 Pre 0.0113 Rec 0.1000
2026-08-30 00:54:56 | Diag logvar_q_mean=-0.2893 logvar_q_clamp=0.0000 logvar_p_mean=-0.2893 logvar_p_clamp=0.0000
2026-08-30 00:55:00 | Epoch  94/400 | Train Loss 2.3080 Acc 0.1031 | Val Loss 2.3007 Acc 0.1129 AUC 0.5000 Pre 0.0113 Rec 0.1000
2026-08-30 00:55:00 | Diag logvar_q_mean=-0.2928 logvar_q_clamp=0.0000 logvar_p_mean=-0.2928 logvar_p_clamp=0.0000
2026-08-30 00:55:03 | Epoch  95/400 | Train Loss 2.3087 Acc 0.1044 | Val Loss 2.3008 Acc 0.1129 AUC 0.5000 Pre 0.0113 Rec 0.1000
2026-08-30 00:55:04 | Diag logvar_q_mean=-0.2967 logvar_q_clamp=0.0000 logvar_p_mean=-0.2967 logvar_p_clamp=0.0000
2026-08-30 00:55:07 | Epoch  96/400 | Train Loss 2.3078 Acc 0.1055 | Val Loss 2.3008 Acc 0.1129 AUC 0.5000 Pre 0.0113 Rec 0.1000
2026-08-30 00:55:08 | Diag logvar_q_mean=-0.3002 logvar_q_clamp=0.0000 logvar_p_mean=-0.3002 logvar_p_clamp=0.0000
2026-08-30 00:55:11 | Epoch  97/400 | Train Loss 2.3083 Acc 0.1043 | Val Loss 2.3007 Acc 0.1129 AUC 0.5000 Pre 0.0113 Rec 0.1000
2026-08-30 00:55:11 | Diag logvar_q_mean=-0.3037 logvar_q_clamp=0.0000 logvar_p_mean=-0.3038 logvar_p_clamp=0.0000
2026-08-30 00:55:15 | Epoch  98/400 | Train Loss 2.3087 Acc 0.1046 | Val Loss 2.3007 Acc 0.1129 AUC 0.5000 Pre 0.0113 Rec 0.1000
2026-08-30 00:55:15 | Diag logvar_q_mean=-0.3075 logvar_q_clamp=0.0000 logvar_p_mean=-0.3075 logvar_p_clamp=0.0000
2026-08-30 00:55:19 | Epoch  99/400 | Train Loss 2.3087 Acc 0.1061 | Val Loss 2.3007 Acc 0.1129 AUC 0.5000 Pre 0.0113 Rec 0.1000
2026-08-30 00:55:19 | Diag logvar_q_mean=-0.3111 logvar_q_clamp=0.0000 logvar_p_mean=-0.3111 logvar_p_clamp=0.0000
2026-08-30 00:55:23 | Epoch 100/400 | Train Loss 2.3086 Acc 0.1029 | Val Loss 2.3008 Acc 0.1129 AUC 0.5000 Pre 0.0113 Rec 0.1000
2026-08-30 00:55:23 | Diag logvar_q_mean=-0.3148 logvar_q_clamp=0.0000 logvar_p_mean=-0.3148 logvar_p_clamp=0.0000
2026-08-30 00:55:27 | Epoch 101/400 | Train Loss 2.3080 Acc 0.1036 | Val Loss 2.3008 Acc 0.1129 AUC 0.5000 Pre 0.0113 Rec 0.1000
2026-08-30 00:55:27 | Diag logvar_q_mean=-0.3183 logvar_q_clamp=0.0000 logvar_p_mean=-0.3183 logvar_p_clamp=0.0000
2026-08-30 00:55:30 | Epoch 102/400 | Train Loss 2.3086 Acc 0.1029 | Val Loss 2.3008 Acc 0.1129 AUC 0.5000 Pre 0.0113 Rec 0.1000
2026-08-30 00:55:31 | Diag logvar_q_mean=-0.3219 logvar_q_clamp=0.0000 logvar_p_mean=-0.3219 logvar_p_clamp=0.0000
2026-08-30 00:55:34 | Epoch 103/400 | Train Loss 2.3085 Acc 0.1062 | Val Loss 2.3008 Acc 0.1129 AUC 0.5000 Pre 0.0113 Rec 0.1000
2026-08-30 00:55:35 | Diag logvar_q_mean=-0.3256 logvar_q_clamp=0.0000 logvar_p_mean=-0.3256 logvar_p_clamp=0.0000
2026-08-30 00:55:38 | Epoch 104/400 | Train Loss 2.3089 Acc 0.1035 | Val Loss 2.3008 Acc 0.1129 AUC 0.5000 Pre 0.0113 Rec 0.1000
2026-08-30 00:55:38 | Diag logvar_q_mean=-0.3293 logvar_q_clamp=0.0000 logvar_p_mean=-0.3292 logvar_p_clamp=0.0000
2026-08-30 00:55:42 | Epoch 105/400 | Train Loss 2.3082 Acc 0.1033 | Val Loss 2.3008 Acc 0.1129 AUC 0.5000 Pre 0.0113 Rec 0.1000
2026-08-30 00:55:42 | Diag logvar_q_mean=-0.3327 logvar_q_clamp=0.0000 logvar_p_mean=-0.3327 logvar_p_clamp=0.0000
2026-08-30 00:55:46 | Epoch 106/400 | Train Loss 2.3088 Acc 0.1029 | Val Loss 2.3008 Acc 0.1129 AUC 0.5000 Pre 0.0113 Rec 0.1000
2026-08-30 00:55:46 | Diag logvar_q_mean=-0.3364 logvar_q_clamp=0.0000 logvar_p_mean=-0.3364 logvar_p_clamp=0.0000
2026-08-30 00:55:50 | Epoch 107/400 | Train Loss 2.3075 Acc 0.1064 | Val Loss 2.3008 Acc 0.1129 AUC 0.5000 Pre 0.0113 Rec 0.1000
2026-08-30 00:55:50 | Diag logvar_q_mean=-0.3397 logvar_q_clamp=0.0000 logvar_p_mean=-0.3397 logvar_p_clamp=0.0000
2026-08-30 00:55:53 | Epoch 108/400 | Train Loss 2.3086 Acc 0.1025 | Val Loss 2.3007 Acc 0.1129 AUC 0.5000 Pre 0.0113 Rec 0.1000
2026-08-30 00:55:54 | Diag logvar_q_mean=-0.3434 logvar_q_clamp=0.0000 logvar_p_mean=-0.3434 logvar_p_clamp=0.0000
2026-08-30 00:55:57 | Epoch 109/400 | Train Loss 2.3081 Acc 0.1049 | Val Loss 2.3007 Acc 0.1129 AUC 0.5000 Pre 0.0113 Rec 0.1000
2026-08-30 00:55:58 | Diag logvar_q_mean=-0.3470 logvar_q_clamp=0.0000 logvar_p_mean=-0.3470 logvar_p_clamp=0.0000
2026-08-30 00:56:01 | Epoch 110/400 | Train Loss 2.3088 Acc 0.1040 | Val Loss 2.3007 Acc 0.1129 AUC 0.5000 Pre 0.0113 Rec 0.1000
2026-08-30 00:56:01 | Diag logvar_q_mean=-0.3507 logvar_q_clamp=0.0000 logvar_p_mean=-0.3506 logvar_p_clamp=0.0000
2026-08-30 00:56:05 | Epoch 111/400 | Train Loss 2.3092 Acc 0.1029 | Val Loss 2.3007 Acc 0.1129 AUC 0.5000 Pre 0.0113 Rec 0.1000
2026-08-30 00:56:05 | Diag logvar_q_mean=-0.3544 logvar_q_clamp=0.0000 logvar_p_mean=-0.3543 logvar_p_clamp=0.0000
2026-08-30 00:56:09 | Epoch 112/400 | Train Loss 2.3074 Acc 0.1026 | Val Loss 2.3008 Acc 0.1129 AUC 0.5000 Pre 0.0113 Rec 0.1000
2026-08-30 00:56:09 | Diag logvar_q_mean=-0.3576 logvar_q_clamp=0.0000 logvar_p_mean=-0.3576 logvar_p_clamp=0.0000
2026-08-30 00:56:12 | Epoch 113/400 | Train Loss 2.3083 Acc 0.1028 | Val Loss 2.3008 Acc 0.1129 AUC 0.5000 Pre 0.0113 Rec 0.1000
2026-08-30 00:56:13 | Diag logvar_q_mean=-0.3611 logvar_q_clamp=0.0000 logvar_p_mean=-0.3612 logvar_p_clamp=0.0000
2026-08-30 00:56:16 | Epoch 114/400 | Train Loss 2.3080 Acc 0.1035 | Val Loss 2.3007 Acc 0.1129 AUC 0.5000 Pre 0.0113 Rec 0.1000
2026-08-30 00:56:17 | Diag logvar_q_mean=-0.3646 logvar_q_clamp=0.0000 logvar_p_mean=-0.3646 logvar_p_clamp=0.0000
2026-08-30 00:56:20 | Epoch 115/400 | Train Loss 2.3081 Acc 0.1041 | Val Loss 2.3007 Acc 0.1129 AUC 0.5000 Pre 0.0113 Rec 0.1000
2026-08-30 00:56:20 | Diag logvar_q_mean=-0.3681 logvar_q_clamp=0.0000 logvar_p_mean=-0.3681 logvar_p_clamp=0.0000
2026-08-30 00:56:24 | Epoch 116/400 | Train Loss 2.3084 Acc 0.1050 | Val Loss 2.3007 Acc 0.1129 AUC 0.5000 Pre 0.0113 Rec 0.1000
2026-08-30 00:56:24 | Diag logvar_q_mean=-0.3717 logvar_q_clamp=0.0000 logvar_p_mean=-0.3717 logvar_p_clamp=0.0000
2026-08-30 00:56:27 | Epoch 117/400 | Train Loss 2.3075 Acc 0.1062 | Val Loss 2.3008 Acc 0.1129 AUC 0.5000 Pre 0.0113 Rec 0.1000
2026-08-30 00:56:28 | Diag logvar_q_mean=-0.3751 logvar_q_clamp=0.0000 logvar_p_mean=-0.3751 logvar_p_clamp=0.0000
2026-08-30 00:56:31 | Epoch 118/400 | Train Loss 2.3084 Acc 0.1031 | Val Loss 2.3008 Acc 0.1129 AUC 0.5000 Pre 0.0113 Rec 0.1000
2026-08-30 00:56:32 | Diag logvar_q_mean=-0.3787 logvar_q_clamp=0.0000 logvar_p_mean=-0.3787 logvar_p_clamp=0.0000
2026-08-30 00:56:35 | Epoch 119/400 | Train Loss 2.3085 Acc 0.1010 | Val Loss 2.3008 Acc 0.1129 AUC 0.5000 Pre 0.0113 Rec 0.1000
2026-08-30 00:56:36 | Diag logvar_q_mean=-0.3823 logvar_q_clamp=0.0000 logvar_p_mean=-0.3823 logvar_p_clamp=0.0000
2026-08-30 00:56:39 | Epoch 120/400 | Train Loss 2.3079 Acc 0.1044 | Val Loss 2.3007 Acc 0.1129 AUC 0.5000 Pre 0.0113 Rec 0.1000
2026-08-30 00:56:39 | Diag logvar_q_mean=-0.3857 logvar_q_clamp=0.0000 logvar_p_mean=-0.3857 logvar_p_clamp=0.0000
2026-08-30 00:56:43 | Epoch 121/400 | Train Loss 2.3076 Acc 0.1049 | Val Loss 2.3007 Acc 0.1129 AUC 0.5000 Pre 0.0113 Rec 0.1000
2026-08-30 00:56:43 | Diag logvar_q_mean=-0.3891 logvar_q_clamp=0.0000 logvar_p_mean=-0.3891 logvar_p_clamp=0.0000
2026-08-30 00:56:46 | Epoch 122/400 | Train Loss 2.3087 Acc 0.1050 | Val Loss 2.3007 Acc 0.1129 AUC 0.5000 Pre 0.0113 Rec 0.1000
2026-08-30 00:56:47 | Diag logvar_q_mean=-0.3927 logvar_q_clamp=0.0000 logvar_p_mean=-0.3927 logvar_p_clamp=0.0000
2026-08-30 00:56:50 | Epoch 123/400 | Train Loss 2.3077 Acc 0.1032 | Val Loss 2.3008 Acc 0.1129 AUC 0.5000 Pre 0.0113 Rec 0.1000
2026-08-30 00:56:51 | Diag logvar_q_mean=-0.3961 logvar_q_clamp=0.0000 logvar_p_mean=-0.3961 logvar_p_clamp=0.0000
2026-08-30 00:56:54 | Epoch 124/400 | Train Loss 2.3080 Acc 0.1025 | Val Loss 2.3007 Acc 0.1129 AUC 0.5000 Pre 0.0113 Rec 0.1000
2026-08-30 00:56:54 | Diag logvar_q_mean=-0.3997 logvar_q_clamp=0.0000 logvar_p_mean=-0.3997 logvar_p_clamp=0.0000
2026-08-30 00:56:58 | Epoch 125/400 | Train Loss 2.3085 Acc 0.1025 | Val Loss 2.3008 Acc 0.1129 AUC 0.5000 Pre 0.0113 Rec 0.1000
2026-08-30 00:56:58 | Diag logvar_q_mean=-0.4032 logvar_q_clamp=0.0000 logvar_p_mean=-0.4032 logvar_p_clamp=0.0000
2026-08-30 00:57:01 | Epoch 126/400 | Train Loss 2.3085 Acc 0.1043 | Val Loss 2.3008 Acc 0.1129 AUC 0.5000 Pre 0.0113 Rec 0.1000
2026-08-30 00:57:02 | Diag logvar_q_mean=-0.4068 logvar_q_clamp=0.0000 logvar_p_mean=-0.4068 logvar_p_clamp=0.0000
2026-08-30 00:57:05 | Epoch 127/400 | Train Loss 2.3083 Acc 0.1038 | Val Loss 2.3008 Acc 0.1129 AUC 0.5000 Pre 0.0113 Rec 0.1000
2026-08-30 00:57:06 | Diag logvar_q_mean=-0.4103 logvar_q_clamp=0.0000 logvar_p_mean=-0.4103 logvar_p_clamp=0.0000
2026-08-30 00:57:09 | Epoch 128/400 | Train Loss 2.3079 Acc 0.1030 | Val Loss 2.3007 Acc 0.1129 AUC 0.5000 Pre 0.0113 Rec 0.1000
2026-08-30 00:57:09 | Diag logvar_q_mean=-0.4136 logvar_q_clamp=0.0000 logvar_p_mean=-0.4136 logvar_p_clamp=0.0000
2026-08-30 00:57:13 | Epoch 129/400 | Train Loss 2.3085 Acc 0.1038 | Val Loss 2.3008 Acc 0.1129 AUC 0.5000 Pre 0.0113 Rec 0.1000
2026-08-30 00:57:13 | Diag logvar_q_mean=-0.4173 logvar_q_clamp=0.0000 logvar_p_mean=-0.4173 logvar_p_clamp=0.0000
2026-08-30 00:57:17 | Epoch 130/400 | Train Loss 2.3080 Acc 0.1045 | Val Loss 2.3007 Acc 0.1129 AUC 0.5000 Pre 0.0113 Rec 0.1000
2026-08-30 00:57:17 | Diag logvar_q_mean=-0.4207 logvar_q_clamp=0.0000 logvar_p_mean=-0.4207 logvar_p_clamp=0.0000
2026-08-30 00:57:20 | Epoch 131/400 | Train Loss 2.3072 Acc 0.1058 | Val Loss 2.3008 Acc 0.1129 AUC 0.5000 Pre 0.0113 Rec 0.1000
2026-08-30 00:57:21 | Diag logvar_q_mean=-0.4239 logvar_q_clamp=0.0000 logvar_p_mean=-0.4239 logvar_p_clamp=0.0000
2026-08-30 00:57:24 | Epoch 132/400 | Train Loss 2.3077 Acc 0.1050 | Val Loss 2.3008 Acc 0.1129 AUC 0.5000 Pre 0.0113 Rec 0.1000
2026-08-30 00:57:24 | Diag logvar_q_mean=-0.4273 logvar_q_clamp=0.0000 logvar_p_mean=-0.4273 logvar_p_clamp=0.0000
2026-08-30 00:57:28 | Epoch 133/400 | Train Loss 2.3083 Acc 0.1015 | Val Loss 2.3007 Acc 0.1129 AUC 0.5000 Pre 0.0113 Rec 0.1000
2026-08-30 00:57:28 | Diag logvar_q_mean=-0.4309 logvar_q_clamp=0.0000 logvar_p_mean=-0.4309 logvar_p_clamp=0.0000
2026-08-30 00:57:32 | Epoch 134/400 | Train Loss 2.3082 Acc 0.1027 | Val Loss 2.3007 Acc 0.1129 AUC 0.5000 Pre 0.0113 Rec 0.1000
2026-08-30 00:57:32 | Diag logvar_q_mean=-0.4343 logvar_q_clamp=0.0000 logvar_p_mean=-0.4343 logvar_p_clamp=0.0000
2026-08-30 00:57:36 | Epoch 135/400 | Train Loss 2.3090 Acc 0.1045 | Val Loss 2.3008 Acc 0.1129 AUC 0.5000 Pre 0.0113 Rec 0.1000
2026-08-30 00:57:36 | Diag logvar_q_mean=-0.4380 logvar_q_clamp=0.0000 logvar_p_mean=-0.4380 logvar_p_clamp=0.0000
2026-08-30 00:57:39 | Epoch 136/400 | Train Loss 2.3083 Acc 0.1050 | Val Loss 2.3008 Acc 0.1129 AUC 0.5000 Pre 0.0113 Rec 0.1000
2026-08-30 00:57:40 | Diag logvar_q_mean=-0.4414 logvar_q_clamp=0.0000 logvar_p_mean=-0.4414 logvar_p_clamp=0.0000
2026-08-30 00:57:43 | Epoch 137/400 | Train Loss 2.3080 Acc 0.1038 | Val Loss 2.3008 Acc 0.1129 AUC 0.5000 Pre 0.0113 Rec 0.1000
2026-08-30 00:57:44 | Diag logvar_q_mean=-0.4447 logvar_q_clamp=0.0000 logvar_p_mean=-0.4447 logvar_p_clamp=0.0000
2026-08-30 00:57:47 | Epoch 138/400 | Train Loss 2.3080 Acc 0.1049 | Val Loss 2.3008 Acc 0.1129 AUC 0.5000 Pre 0.0113 Rec 0.1000
2026-08-30 00:57:47 | Diag logvar_q_mean=-0.4480 logvar_q_clamp=0.0000 logvar_p_mean=-0.4480 logvar_p_clamp=0.0000
2026-08-30 00:57:51 | Epoch 139/400 | Train Loss 2.3076 Acc 0.1045 | Val Loss 2.3008 Acc 0.1129 AUC 0.5000 Pre 0.0113 Rec 0.1000
2026-08-30 00:57:51 | Diag logvar_q_mean=-0.4512 logvar_q_clamp=0.0000 logvar_p_mean=-0.4512 logvar_p_clamp=0.0000
2026-08-30 00:57:55 | Epoch 140/400 | Train Loss 2.3084 Acc 0.1041 | Val Loss 2.3007 Acc 0.1129 AUC 0.5000 Pre 0.0113 Rec 0.1000
2026-08-30 00:57:55 | Diag logvar_q_mean=-0.4547 logvar_q_clamp=0.0000 logvar_p_mean=-0.4547 logvar_p_clamp=0.0000
2026-08-30 00:57:58 | Epoch 141/400 | Train Loss 2.3071 Acc 0.1053 | Val Loss 2.3007 Acc 0.1129 AUC 0.5000 Pre 0.0113 Rec 0.1000
2026-08-30 00:57:59 | Diag logvar_q_mean=-0.4579 logvar_q_clamp=0.0000 logvar_p_mean=-0.4579 logvar_p_clamp=0.0000
2026-08-30 00:58:02 | Epoch 142/400 | Train Loss 2.3076 Acc 0.1031 | Val Loss 2.3007 Acc 0.1129 AUC 0.5000 Pre 0.0113 Rec 0.1000
2026-08-30 00:58:02 | Diag logvar_q_mean=-0.4613 logvar_q_clamp=0.0000 logvar_p_mean=-0.4613 logvar_p_clamp=0.0000
2026-08-30 00:58:06 | Epoch 143/400 | Train Loss 2.3083 Acc 0.1017 | Val Loss 2.3008 Acc 0.1129 AUC 0.5000 Pre 0.0113 Rec 0.1000
2026-08-30 00:58:06 | Diag logvar_q_mean=-0.4648 logvar_q_clamp=0.0000 logvar_p_mean=-0.4647 logvar_p_clamp=0.0000
2026-08-30 00:58:10 | Epoch 144/400 | Train Loss 2.3074 Acc 0.1046 | Val Loss 2.3008 Acc 0.1129 AUC 0.5000 Pre 0.0113 Rec 0.1000
2026-08-30 00:58:10 | Diag logvar_q_mean=-0.4681 logvar_q_clamp=0.0000 logvar_p_mean=-0.4681 logvar_p_clamp=0.0000
2026-08-30 00:58:13 | Epoch 145/400 | Train Loss 2.3081 Acc 0.1060 | Val Loss 2.3008 Acc 0.1129 AUC 0.5000 Pre 0.0113 Rec 0.1000
2026-08-30 00:58:14 | Diag logvar_q_mean=-0.4715 logvar_q_clamp=0.0000 logvar_p_mean=-0.4715 logvar_p_clamp=0.0000
2026-08-30 00:58:17 | Epoch 146/400 | Train Loss 2.3082 Acc 0.1038 | Val Loss 2.3007 Acc 0.1129 AUC 0.5000 Pre 0.0113 Rec 0.1000
2026-08-30 00:58:18 | Diag logvar_q_mean=-0.4749 logvar_q_clamp=0.0000 logvar_p_mean=-0.4749 logvar_p_clamp=0.0000
2026-08-30 00:58:21 | Epoch 147/400 | Train Loss 2.3079 Acc 0.1033 | Val Loss 2.3008 Acc 0.1129 AUC 0.5000 Pre 0.0113 Rec 0.1000
2026-08-30 00:58:21 | Diag logvar_q_mean=-0.4782 logvar_q_clamp=0.0000 logvar_p_mean=-0.4782 logvar_p_clamp=0.0000
2026-08-30 00:58:25 | Epoch 148/400 | Train Loss 2.3075 Acc 0.1052 | Val Loss 2.3009 Acc 0.1129 AUC 0.5000 Pre 0.0113 Rec 0.1000
2026-08-30 00:58:25 | Diag logvar_q_mean=-0.4813 logvar_q_clamp=0.0000 logvar_p_mean=-0.4813 logvar_p_clamp=0.0000
2026-08-30 00:58:29 | Epoch 149/400 | Train Loss 2.3082 Acc 0.1047 | Val Loss 2.3010 Acc 0.1129 AUC 0.5000 Pre 0.0113 Rec 0.1000
2026-08-30 00:58:29 | Diag logvar_q_mean=-0.4846 logvar_q_clamp=0.0000 logvar_p_mean=-0.4847 logvar_p_clamp=0.0000
2026-08-30 00:58:32 | Epoch 150/400 | Train Loss 2.3086 Acc 0.1009 | Val Loss 2.3008 Acc 0.1129 AUC 0.5000 Pre 0.0113 Rec 0.1000
2026-08-30 00:58:33 | Diag logvar_q_mean=-0.4878 logvar_q_clamp=0.0000 logvar_p_mean=-0.4878 logvar_p_clamp=0.0000
2026-08-30 00:58:36 | Epoch 151/400 | Train Loss 2.3081 Acc 0.1048 | Val Loss 2.3008 Acc 0.1129 AUC 0.5000 Pre 0.0113 Rec 0.1000
2026-08-30 00:58:36 | Diag logvar_q_mean=-0.4911 logvar_q_clamp=0.0000 logvar_p_mean=-0.4911 logvar_p_clamp=0.0000
2026-08-30 00:58:40 | Epoch 152/400 | Train Loss 2.3077 Acc 0.1043 | Val Loss 2.3008 Acc 0.1129 AUC 0.5000 Pre 0.0113 Rec 0.1000
2026-08-30 00:58:40 | Diag logvar_q_mean=-0.4944 logvar_q_clamp=0.0000 logvar_p_mean=-0.4944 logvar_p_clamp=0.0000
2026-08-30 00:58:43 | Epoch 153/400 | Train Loss 2.3071 Acc 0.1051 | Val Loss 2.3007 Acc 0.1129 AUC 0.5000 Pre 0.0113 Rec 0.1000
2026-08-30 00:58:44 | Diag logvar_q_mean=-0.4975 logvar_q_clamp=0.0000 logvar_p_mean=-0.4975 logvar_p_clamp=0.0000
2026-08-30 00:58:47 | Epoch 154/400 | Train Loss 2.3085 Acc 0.1054 | Val Loss 2.3007 Acc 0.1129 AUC 0.5000 Pre 0.0113 Rec 0.1000
2026-08-30 00:58:47 | Diag logvar_q_mean=-0.5011 logvar_q_clamp=0.0000 logvar_p_mean=-0.5011 logvar_p_clamp=0.0000
2026-08-30 00:58:51 | Epoch 155/400 | Train Loss 2.3080 Acc 0.1054 | Val Loss 2.3008 Acc 0.1129 AUC 0.5000 Pre 0.0113 Rec 0.1000
2026-08-30 00:58:51 | Diag logvar_q_mean=-0.5044 logvar_q_clamp=0.0000 logvar_p_mean=-0.5044 logvar_p_clamp=0.0000
2026-08-30 00:58:54 | Epoch 156/400 | Train Loss 2.3077 Acc 0.1014 | Val Loss 2.3007 Acc 0.1129 AUC 0.5000 Pre 0.0113 Rec 0.1000
2026-08-30 00:58:55 | Diag logvar_q_mean=-0.5077 logvar_q_clamp=0.0000 logvar_p_mean=-0.5077 logvar_p_clamp=0.0000
2026-08-30 00:58:58 | Epoch 157/400 | Train Loss 2.3090 Acc 0.1039 | Val Loss 2.3008 Acc 0.1129 AUC 0.5000 Pre 0.0113 Rec 0.1000
2026-08-30 00:58:59 | Diag logvar_q_mean=-0.5113 logvar_q_clamp=0.0000 logvar_p_mean=-0.5113 logvar_p_clamp=0.0000
2026-08-30 00:59:02 | Epoch 158/400 | Train Loss 2.3079 Acc 0.1031 | Val Loss 2.3007 Acc 0.1129 AUC 0.5000 Pre 0.0113 Rec 0.1000
2026-08-30 00:59:02 | Diag logvar_q_mean=-0.5146 logvar_q_clamp=0.0000 logvar_p_mean=-0.5146 logvar_p_clamp=0.0000
2026-08-30 00:59:06 | Epoch 159/400 | Train Loss 2.3079 Acc 0.1033 | Val Loss 2.3008 Acc 0.1129 AUC 0.5000 Pre 0.0113 Rec 0.1000
2026-08-30 00:59:06 | Diag logvar_q_mean=-0.5179 logvar_q_clamp=0.0000 logvar_p_mean=-0.5179 logvar_p_clamp=0.0000
2026-08-30 00:59:09 | Epoch 160/400 | Train Loss 2.3084 Acc 0.1022 | Val Loss 2.3008 Acc 0.1129 AUC 0.5000 Pre 0.0113 Rec 0.1000
2026-08-30 00:59:10 | Diag logvar_q_mean=-0.5213 logvar_q_clamp=0.0000 logvar_p_mean=-0.5213 logvar_p_clamp=0.0000
2026-08-30 00:59:13 | Epoch 161/400 | Train Loss 2.3074 Acc 0.1050 | Val Loss 2.3007 Acc 0.1129 AUC 0.5000 Pre 0.0113 Rec 0.1000
2026-08-30 00:59:14 | Diag logvar_q_mean=-0.5244 logvar_q_clamp=0.0000 logvar_p_mean=-0.5244 logvar_p_clamp=0.0000
2026-08-30 00:59:17 | Epoch 162/400 | Train Loss 2.3070 Acc 0.1033 | Val Loss 2.3008 Acc 0.1129 AUC 0.5000 Pre 0.0113 Rec 0.1000
2026-08-30 00:59:17 | Diag logvar_q_mean=-0.5276 logvar_q_clamp=0.0000 logvar_p_mean=-0.5276 logvar_p_clamp=0.0000
2026-08-30 00:59:21 | Epoch 163/400 | Train Loss 2.3079 Acc 0.1032 | Val Loss 2.3008 Acc 0.1129 AUC 0.5000 Pre 0.0113 Rec 0.1000
2026-08-30 00:59:21 | Diag logvar_q_mean=-0.5310 logvar_q_clamp=0.0000 logvar_p_mean=-0.5310 logvar_p_clamp=0.0000
2026-08-30 00:59:24 | Epoch 164/400 | Train Loss 2.3082 Acc 0.1036 | Val Loss 2.3007 Acc 0.1129 AUC 0.5000 Pre 0.0113 Rec 0.1000
2026-08-30 00:59:25 | Diag logvar_q_mean=-0.5343 logvar_q_clamp=0.0000 logvar_p_mean=-0.5343 logvar_p_clamp=0.0000
2026-08-30 00:59:28 | Epoch 165/400 | Train Loss 2.3077 Acc 0.1036 | Val Loss 2.3007 Acc 0.1129 AUC 0.5000 Pre 0.0113 Rec 0.1000
2026-08-30 00:59:29 | Diag logvar_q_mean=-0.5376 logvar_q_clamp=0.0000 logvar_p_mean=-0.5376 logvar_p_clamp=0.0000
2026-08-30 00:59:32 | Epoch 166/400 | Train Loss 2.3080 Acc 0.1039 | Val Loss 2.3007 Acc 0.1129 AUC 0.5000 Pre 0.0113 Rec 0.1000
2026-08-30 00:59:33 | Diag logvar_q_mean=-0.5410 logvar_q_clamp=0.0000 logvar_p_mean=-0.5410 logvar_p_clamp=0.0000
2026-08-30 00:59:36 | Epoch 167/400 | Train Loss 2.3072 Acc 0.1033 | Val Loss 2.3008 Acc 0.1129 AUC 0.5000 Pre 0.0113 Rec 0.1000
2026-08-30 00:59:36 | Diag logvar_q_mean=-0.5442 logvar_q_clamp=0.0000 logvar_p_mean=-0.5442 logvar_p_clamp=0.0000
2026-08-30 00:59:40 | Epoch 168/400 | Train Loss 2.3072 Acc 0.1053 | Val Loss 2.3008 Acc 0.1129 AUC 0.5000 Pre 0.0113 Rec 0.1000
2026-08-30 00:59:40 | Diag logvar_q_mean=-0.5474 logvar_q_clamp=0.0000 logvar_p_mean=-0.5474 logvar_p_clamp=0.0000
2026-08-30 00:59:43 | Epoch 169/400 | Train Loss 2.3078 Acc 0.1053 | Val Loss 2.3007 Acc 0.1129 AUC 0.5000 Pre 0.0113 Rec 0.1000
2026-08-30 00:59:44 | Diag logvar_q_mean=-0.5507 logvar_q_clamp=0.0000 logvar_p_mean=-0.5507 logvar_p_clamp=0.0000
2026-08-30 00:59:47 | Epoch 170/400 | Train Loss 2.3079 Acc 0.1029 | Val Loss 2.3007 Acc 0.1129 AUC 0.5000 Pre 0.0113 Rec 0.1000
2026-08-30 00:59:48 | Diag logvar_q_mean=-0.5541 logvar_q_clamp=0.0000 logvar_p_mean=-0.5541 logvar_p_clamp=0.0000
2026-08-30 00:59:51 | Epoch 171/400 | Train Loss 2.3065 Acc 0.1040 | Val Loss 2.3007 Acc 0.1129 AUC 0.5000 Pre 0.0113 Rec 0.1000
2026-08-30 00:59:51 | Diag logvar_q_mean=-0.5571 logvar_q_clamp=0.0000 logvar_p_mean=-0.5571 logvar_p_clamp=0.0000
2026-08-30 00:59:55 | Epoch 172/400 | Train Loss 2.3088 Acc 0.1038 | Val Loss 2.3007 Acc 0.1129 AUC 0.5000 Pre 0.0113 Rec 0.1000
2026-08-30 00:59:55 | Diag logvar_q_mean=-0.5606 logvar_q_clamp=0.0000 logvar_p_mean=-0.5606 logvar_p_clamp=0.0000
2026-08-30 00:59:58 | Epoch 173/400 | Train Loss 2.3071 Acc 0.1049 | Val Loss 2.3007 Acc 0.1129 AUC 0.5000 Pre 0.0113 Rec 0.1000
2026-08-30 00:59:59 | Diag logvar_q_mean=-0.5637 logvar_q_clamp=0.0000 logvar_p_mean=-0.5637 logvar_p_clamp=0.0000
2026-08-30 01:00:02 | Epoch 174/400 | Train Loss 2.3076 Acc 0.1051 | Val Loss 2.3008 Acc 0.1129 AUC 0.5000 Pre 0.0113 Rec 0.1000
2026-08-30 01:00:03 | Diag logvar_q_mean=-0.5670 logvar_q_clamp=0.0000 logvar_p_mean=-0.5670 logvar_p_clamp=0.0000
2026-08-30 01:00:06 | Epoch 175/400 | Train Loss 2.3078 Acc 0.1045 | Val Loss 2.3008 Acc 0.1129 AUC 0.5000 Pre 0.0113 Rec 0.1000
2026-08-30 01:00:06 | Diag logvar_q_mean=-0.5703 logvar_q_clamp=0.0000 logvar_p_mean=-0.5703 logvar_p_clamp=0.0000
2026-08-30 01:00:10 | Epoch 176/400 | Train Loss 2.3078 Acc 0.1035 | Val Loss 2.3008 Acc 0.1129 AUC 0.5000 Pre 0.0113 Rec 0.1000
2026-08-30 01:00:10 | Diag logvar_q_mean=-0.5736 logvar_q_clamp=0.0000 logvar_p_mean=-0.5736 logvar_p_clamp=0.0000
2026-08-30 01:00:14 | Epoch 177/400 | Train Loss 2.3074 Acc 0.1034 | Val Loss 2.3007 Acc 0.1129 AUC 0.5000 Pre 0.0113 Rec 0.1000
2026-08-30 01:00:14 | Diag logvar_q_mean=-0.5767 logvar_q_clamp=0.0000 logvar_p_mean=-0.5767 logvar_p_clamp=0.0000
2026-08-30 01:00:17 | Epoch 178/400 | Train Loss 2.3067 Acc 0.1062 | Val Loss 2.3007 Acc 0.1129 AUC 0.5000 Pre 0.0113 Rec 0.1000
2026-08-30 01:00:18 | Diag logvar_q_mean=-0.5797 logvar_q_clamp=0.0000 logvar_p_mean=-0.5797 logvar_p_clamp=0.0000
2026-08-30 01:00:21 | Epoch 179/400 | Train Loss 2.3082 Acc 0.1013 | Val Loss 2.3008 Acc 0.1129 AUC 0.5000 Pre 0.0113 Rec 0.1000
2026-08-30 01:00:22 | Diag logvar_q_mean=-0.5831 logvar_q_clamp=0.0000 logvar_p_mean=-0.5831 logvar_p_clamp=0.0000
2026-08-30 01:00:25 | Epoch 180/400 | Train Loss 2.3070 Acc 0.1061 | Val Loss 2.3008 Acc 0.1129 AUC 0.5000 Pre 0.0113 Rec 0.1000
2026-08-30 01:00:25 | Diag logvar_q_mean=-0.5861 logvar_q_clamp=0.0000 logvar_p_mean=-0.5861 logvar_p_clamp=0.0000
2026-08-30 01:00:29 | Epoch 181/400 | Train Loss 2.3075 Acc 0.1051 | Val Loss 2.3008 Acc 0.1129 AUC 0.5000 Pre 0.0113 Rec 0.1000
2026-08-30 01:00:29 | Diag logvar_q_mean=-0.5893 logvar_q_clamp=0.0000 logvar_p_mean=-0.5893 logvar_p_clamp=0.0000
2026-08-30 01:00:32 | Epoch 182/400 | Train Loss 2.3074 Acc 0.1048 | Val Loss 2.3008 Acc 0.1129 AUC 0.5000 Pre 0.0113 Rec 0.1000
2026-08-30 01:00:33 | Diag logvar_q_mean=-0.5925 logvar_q_clamp=0.0000 logvar_p_mean=-0.5925 logvar_p_clamp=0.0000
2026-08-30 01:00:36 | Epoch 183/400 | Train Loss 2.3070 Acc 0.1039 | Val Loss 2.3008 Acc 0.1129 AUC 0.5000 Pre 0.0113 Rec 0.1000
2026-08-30 01:00:37 | Diag logvar_q_mean=-0.5957 logvar_q_clamp=0.0000 logvar_p_mean=-0.5957 logvar_p_clamp=0.0000
2026-08-30 01:00:40 | Epoch 184/400 | Train Loss 2.3083 Acc 0.1040 | Val Loss 2.3008 Acc 0.1129 AUC 0.5000 Pre 0.0113 Rec 0.1000
2026-08-30 01:00:40 | Diag logvar_q_mean=-0.5990 logvar_q_clamp=0.0000 logvar_p_mean=-0.5990 logvar_p_clamp=0.0000
2026-08-30 01:00:44 | Epoch 185/400 | Train Loss 2.3076 Acc 0.1046 | Val Loss 2.3008 Acc 0.1129 AUC 0.5000 Pre 0.0113 Rec 0.1000
2026-08-30 01:00:44 | Diag logvar_q_mean=-0.6022 logvar_q_clamp=0.0000 logvar_p_mean=-0.6022 logvar_p_clamp=0.0000
2026-08-30 01:00:47 | Epoch 186/400 | Train Loss 2.3077 Acc 0.1034 | Val Loss 2.3008 Acc 0.1129 AUC 0.5000 Pre 0.0113 Rec 0.1000
2026-08-30 01:00:48 | Diag logvar_q_mean=-0.6055 logvar_q_clamp=0.0000 logvar_p_mean=-0.6055 logvar_p_clamp=0.0000
2026-08-30 01:00:51 | Epoch 187/400 | Train Loss 2.3073 Acc 0.1049 | Val Loss 2.3007 Acc 0.1129 AUC 0.5000 Pre 0.0113 Rec 0.1000
2026-08-30 01:00:52 | Diag logvar_q_mean=-0.6086 logvar_q_clamp=0.0000 logvar_p_mean=-0.6086 logvar_p_clamp=0.0000
2026-08-30 01:00:55 | Epoch 188/400 | Train Loss 2.3080 Acc 0.1048 | Val Loss 2.3008 Acc 0.1129 AUC 0.5000 Pre 0.0113 Rec 0.1000
2026-08-30 01:00:56 | Diag logvar_q_mean=-0.6119 logvar_q_clamp=0.0000 logvar_p_mean=-0.6119 logvar_p_clamp=0.0000
2026-08-30 01:00:59 | Epoch 189/400 | Train Loss 2.3069 Acc 0.1068 | Val Loss 2.3008 Acc 0.1129 AUC 0.5000 Pre 0.0113 Rec 0.1000
2026-08-30 01:00:59 | Diag logvar_q_mean=-0.6149 logvar_q_clamp=0.0000 logvar_p_mean=-0.6149 logvar_p_clamp=0.0000
2026-08-30 01:01:03 | Epoch 190/400 | Train Loss 2.3074 Acc 0.1039 | Val Loss 2.3008 Acc 0.1129 AUC 0.5000 Pre 0.0113 Rec 0.1000
2026-08-30 01:01:03 | Diag logvar_q_mean=-0.6181 logvar_q_clamp=0.0000 logvar_p_mean=-0.6181 logvar_p_clamp=0.0000
2026-08-30 01:01:06 | Epoch 191/400 | Train Loss 2.3076 Acc 0.1047 | Val Loss 2.3007 Acc 0.1129 AUC 0.5000 Pre 0.0113 Rec 0.1000
2026-08-30 01:01:07 | Diag logvar_q_mean=-0.6213 logvar_q_clamp=0.0000 logvar_p_mean=-0.6213 logvar_p_clamp=0.0000
2026-08-30 01:01:10 | Epoch 192/400 | Train Loss 2.3077 Acc 0.1055 | Val Loss 2.3008 Acc 0.1129 AUC 0.5000 Pre 0.0113 Rec 0.1000
2026-08-30 01:01:11 | Diag logvar_q_mean=-0.6245 logvar_q_clamp=0.0000 logvar_p_mean=-0.6245 logvar_p_clamp=0.0000
2026-08-30 01:01:14 | Epoch 193/400 | Train Loss 2.3071 Acc 0.1066 | Val Loss 2.3008 Acc 0.1129 AUC 0.5000 Pre 0.0113 Rec 0.1000
2026-08-30 01:01:14 | Diag logvar_q_mean=-0.6276 logvar_q_clamp=0.0000 logvar_p_mean=-0.6276 logvar_p_clamp=0.0000
2026-08-30 01:01:17 | Epoch 194/400 | Train Loss 2.3070 Acc 0.1041 | Val Loss 2.3008 Acc 0.1129 AUC 0.5000 Pre 0.0113 Rec 0.1000
2026-08-30 01:01:18 | Diag logvar_q_mean=-0.6307 logvar_q_clamp=0.0000 logvar_p_mean=-0.6307 logvar_p_clamp=0.0000
2026-08-30 01:01:21 | Epoch 195/400 | Train Loss 2.3066 Acc 0.1062 | Val Loss 2.3007 Acc 0.1129 AUC 0.5000 Pre 0.0113 Rec 0.1000
2026-08-30 01:01:21 | Diag logvar_q_mean=-0.6337 logvar_q_clamp=0.0000 logvar_p_mean=-0.6337 logvar_p_clamp=0.0000
2026-08-30 01:01:25 | Epoch 196/400 | Train Loss 2.3079 Acc 0.1046 | Val Loss 2.3007 Acc 0.1129 AUC 0.5000 Pre 0.0113 Rec 0.1000
2026-08-30 01:01:25 | Diag logvar_q_mean=-0.6370 logvar_q_clamp=0.0000 logvar_p_mean=-0.6370 logvar_p_clamp=0.0000
2026-08-30 01:01:29 | Epoch 197/400 | Train Loss 2.3075 Acc 0.1037 | Val Loss 2.3008 Acc 0.1129 AUC 0.5000 Pre 0.0113 Rec 0.1000
2026-08-30 01:01:29 | Diag logvar_q_mean=-0.6402 logvar_q_clamp=0.0000 logvar_p_mean=-0.6402 logvar_p_clamp=0.0000
2026-08-30 01:01:32 | Epoch 198/400 | Train Loss 2.3063 Acc 0.1054 | Val Loss 2.3007 Acc 0.1129 AUC 0.5000 Pre 0.0113 Rec 0.1000
2026-08-30 01:01:33 | Diag logvar_q_mean=-0.6432 logvar_q_clamp=0.0000 logvar_p_mean=-0.6431 logvar_p_clamp=0.0000
2026-08-30 01:01:36 | Epoch 199/400 | Train Loss 2.3078 Acc 0.1051 | Val Loss 2.3007 Acc 0.1129 AUC 0.5000 Pre 0.0113 Rec 0.1000
2026-08-30 01:01:37 | Diag logvar_q_mean=-0.6464 logvar_q_clamp=0.0000 logvar_p_mean=-0.6464 logvar_p_clamp=0.0000
2026-08-30 01:01:40 | Epoch 200/400 | Train Loss 2.3073 Acc 0.1045 | Val Loss 2.3008 Acc 0.1129 AUC 0.5000 Pre 0.0113 Rec 0.1000
2026-08-30 01:01:40 | Diag logvar_q_mean=-0.6495 logvar_q_clamp=0.0000 logvar_p_mean=-0.6495 logvar_p_clamp=0.0000
2026-08-30 01:01:44 | Epoch 201/400 | Train Loss 2.3081 Acc 0.1017 | Val Loss 2.3008 Acc 0.1129 AUC 0.5000 Pre 0.0113 Rec 0.1000
2026-08-30 01:01:44 | Diag logvar_q_mean=-0.6528 logvar_q_clamp=0.0000 logvar_p_mean=-0.6528 logvar_p_clamp=0.0000
2026-08-30 01:01:47 | Epoch 202/400 | Train Loss 2.3072 Acc 0.1045 | Val Loss 2.3008 Acc 0.1129 AUC 0.5000 Pre 0.0113 Rec 0.1000
2026-08-30 01:01:48 | Diag logvar_q_mean=-0.6558 logvar_q_clamp=0.0000 logvar_p_mean=-0.6558 logvar_p_clamp=0.0000
2026-08-30 01:01:51 | Epoch 203/400 | Train Loss 2.3072 Acc 0.1073 | Val Loss 2.3007 Acc 0.1129 AUC 0.5000 Pre 0.0113 Rec 0.1000
2026-08-30 01:01:52 | Diag logvar_q_mean=-0.6590 logvar_q_clamp=0.0000 logvar_p_mean=-0.6589 logvar_p_clamp=0.0000
2026-08-30 01:01:55 | Epoch 204/400 | Train Loss 2.3075 Acc 0.1038 | Val Loss 2.3008 Acc 0.1129 AUC 0.5000 Pre 0.0113 Rec 0.1000
2026-08-30 01:01:56 | Diag logvar_q_mean=-0.6621 logvar_q_clamp=0.0000 logvar_p_mean=-0.6621 logvar_p_clamp=0.0000
2026-08-30 01:01:59 | Epoch 205/400 | Train Loss 2.3076 Acc 0.1043 | Val Loss 2.3007 Acc 0.1129 AUC 0.5000 Pre 0.0113 Rec 0.1000
2026-08-30 01:01:59 | Diag logvar_q_mean=-0.6653 logvar_q_clamp=0.0000 logvar_p_mean=-0.6653 logvar_p_clamp=0.0000
2026-08-30 01:02:02 | Epoch 206/400 | Train Loss 2.3073 Acc 0.1049 | Val Loss 2.3007 Acc 0.1129 AUC 0.5000 Pre 0.0113 Rec 0.1000
2026-08-30 01:02:03 | Diag logvar_q_mean=-0.6684 logvar_q_clamp=0.0000 logvar_p_mean=-0.6684 logvar_p_clamp=0.0000
2026-08-30 01:02:06 | Epoch 207/400 | Train Loss 2.3078 Acc 0.1042 | Val Loss 2.3008 Acc 0.1129 AUC 0.5000 Pre 0.0113 Rec 0.1000
2026-08-30 01:02:07 | Diag logvar_q_mean=-0.6715 logvar_q_clamp=0.0000 logvar_p_mean=-0.6716 logvar_p_clamp=0.0000
2026-08-30 01:02:10 | Epoch 208/400 | Train Loss 2.3069 Acc 0.1058 | Val Loss 2.3007 Acc 0.1129 AUC 0.5000 Pre 0.0113 Rec 0.1000
2026-08-30 01:02:11 | Diag logvar_q_mean=-0.6745 logvar_q_clamp=0.0000 logvar_p_mean=-0.6745 logvar_p_clamp=0.0000
2026-08-30 01:02:14 | Epoch 209/400 | Train Loss 2.3067 Acc 0.1056 | Val Loss 2.3008 Acc 0.1129 AUC 0.5000 Pre 0.0113 Rec 0.1000
2026-08-30 01:02:14 | Diag logvar_q_mean=-0.6775 logvar_q_clamp=0.0000 logvar_p_mean=-0.6775 logvar_p_clamp=0.0000
2026-08-30 01:02:18 | Epoch 210/400 | Train Loss 2.3074 Acc 0.1040 | Val Loss 2.3008 Acc 0.1129 AUC 0.5000 Pre 0.0113 Rec 0.1000
2026-08-30 01:02:18 | Diag logvar_q_mean=-0.6806 logvar_q_clamp=0.0000 logvar_p_mean=-0.6806 logvar_p_clamp=0.0000
2026-08-30 01:02:21 | Epoch 211/400 | Train Loss 2.3074 Acc 0.1033 | Val Loss 2.3008 Acc 0.1129 AUC 0.5000 Pre 0.0113 Rec 0.1000
2026-08-30 01:02:22 | Diag logvar_q_mean=-0.6838 logvar_q_clamp=0.0000 logvar_p_mean=-0.6838 logvar_p_clamp=0.0000
2026-08-30 01:02:25 | Epoch 212/400 | Train Loss 2.3074 Acc 0.1031 | Val Loss 2.3008 Acc 0.1129 AUC 0.5000 Pre 0.0113 Rec 0.1000
2026-08-30 01:02:26 | Diag logvar_q_mean=-0.6869 logvar_q_clamp=0.0000 logvar_p_mean=-0.6869 logvar_p_clamp=0.0000
2026-08-30 01:02:29 | Epoch 213/400 | Train Loss 2.3067 Acc 0.1038 | Val Loss 2.3008 Acc 0.1129 AUC 0.5000 Pre 0.0113 Rec 0.1000
2026-08-30 01:02:29 | Diag logvar_q_mean=-0.6899 logvar_q_clamp=0.0000 logvar_p_mean=-0.6899 logvar_p_clamp=0.0000
2026-08-30 01:02:33 | Epoch 214/400 | Train Loss 2.3076 Acc 0.1042 | Val Loss 2.3007 Acc 0.1129 AUC 0.5000 Pre 0.0113 Rec 0.1000
2026-08-30 01:02:33 | Diag logvar_q_mean=-0.6930 logvar_q_clamp=0.0000 logvar_p_mean=-0.6930 logvar_p_clamp=0.0000
2026-08-30 01:02:36 | Epoch 215/400 | Train Loss 2.3071 Acc 0.1044 | Val Loss 2.3008 Acc 0.1129 AUC 0.5000 Pre 0.0113 Rec 0.1000
2026-08-30 01:02:37 | Diag logvar_q_mean=-0.6960 logvar_q_clamp=0.0000 logvar_p_mean=-0.6960 logvar_p_clamp=0.0000
2026-08-30 01:02:40 | Epoch 216/400 | Train Loss 2.3072 Acc 0.1042 | Val Loss 2.3008 Acc 0.1129 AUC 0.5000 Pre 0.0113 Rec 0.1000
2026-08-30 01:02:41 | Diag logvar_q_mean=-0.6991 logvar_q_clamp=0.0000 logvar_p_mean=-0.6991 logvar_p_clamp=0.0000
2026-08-30 01:02:44 | Epoch 217/400 | Train Loss 2.3076 Acc 0.1013 | Val Loss 2.3008 Acc 0.1129 AUC 0.5000 Pre 0.0113 Rec 0.1000
2026-08-30 01:02:44 | Diag logvar_q_mean=-0.7022 logvar_q_clamp=0.0000 logvar_p_mean=-0.7022 logvar_p_clamp=0.0000
2026-08-30 01:02:48 | Epoch 218/400 | Train Loss 2.3071 Acc 0.1055 | Val Loss 2.3008 Acc 0.1129 AUC 0.5000 Pre 0.0113 Rec 0.1000
2026-08-30 01:02:48 | Diag logvar_q_mean=-0.7052 logvar_q_clamp=0.0000 logvar_p_mean=-0.7052 logvar_p_clamp=0.0000
2026-08-30 01:02:52 | Epoch 219/400 | Train Loss 2.3076 Acc 0.1056 | Val Loss 2.3010 Acc 0.1129 AUC 0.5000 Pre 0.0113 Rec 0.1000
2026-08-30 01:02:52 | Diag logvar_q_mean=-0.7080 logvar_q_clamp=0.0000 logvar_p_mean=-0.7080 logvar_p_clamp=0.0000
2026-08-30 01:02:55 | Epoch 220/400 | Train Loss 2.3074 Acc 0.1025 | Val Loss 2.3008 Acc 0.1129 AUC 0.5000 Pre 0.0113 Rec 0.1000
2026-08-30 01:02:56 | Diag logvar_q_mean=-0.7109 logvar_q_clamp=0.0000 logvar_p_mean=-0.7109 logvar_p_clamp=0.0000
2026-08-30 01:02:59 | Epoch 221/400 | Train Loss 2.3077 Acc 0.1038 | Val Loss 2.3007 Acc 0.1129 AUC 0.5000 Pre 0.0113 Rec 0.1000
2026-08-30 01:03:00 | Diag logvar_q_mean=-0.7141 logvar_q_clamp=0.0000 logvar_p_mean=-0.7141 logvar_p_clamp=0.0000
2026-08-30 01:03:03 | Epoch 222/400 | Train Loss 2.3065 Acc 0.1058 | Val Loss 2.3008 Acc 0.1129 AUC 0.5000 Pre 0.0113 Rec 0.1000
2026-08-30 01:03:03 | Diag logvar_q_mean=-0.7169 logvar_q_clamp=0.0000 logvar_p_mean=-0.7169 logvar_p_clamp=0.0000
2026-08-30 01:03:07 | Epoch 223/400 | Train Loss 2.3073 Acc 0.1051 | Val Loss 2.3008 Acc 0.1129 AUC 0.5000 Pre 0.0113 Rec 0.1000
2026-08-30 01:03:07 | Diag logvar_q_mean=-0.7200 logvar_q_clamp=0.0000 logvar_p_mean=-0.7200 logvar_p_clamp=0.0000
2026-08-30 01:03:11 | Epoch 224/400 | Train Loss 2.3078 Acc 0.1024 | Val Loss 2.3008 Acc 0.1129 AUC 0.5000 Pre 0.0113 Rec 0.1000
2026-08-30 01:03:11 | Diag logvar_q_mean=-0.7231 logvar_q_clamp=0.0000 logvar_p_mean=-0.7231 logvar_p_clamp=0.0000
2026-08-30 01:03:14 | Epoch 225/400 | Train Loss 2.3066 Acc 0.1058 | Val Loss 2.3009 Acc 0.1129 AUC 0.5000 Pre 0.0113 Rec 0.1000
2026-08-30 01:03:15 | Diag logvar_q_mean=-0.7259 logvar_q_clamp=0.0000 logvar_p_mean=-0.7259 logvar_p_clamp=0.0000
2026-08-30 01:03:18 | Epoch 226/400 | Train Loss 2.3078 Acc 0.1038 | Val Loss 2.3008 Acc 0.1129 AUC 0.5000 Pre 0.0113 Rec 0.1000
2026-08-30 01:03:19 | Diag logvar_q_mean=-0.7290 logvar_q_clamp=0.0000 logvar_p_mean=-0.7290 logvar_p_clamp=0.0000
2026-08-30 01:03:22 | Epoch 227/400 | Train Loss 2.3068 Acc 0.1057 | Val Loss 2.3007 Acc 0.1129 AUC 0.5000 Pre 0.0113 Rec 0.1000
2026-08-30 01:03:22 | Diag logvar_q_mean=-0.7320 logvar_q_clamp=0.0000 logvar_p_mean=-0.7320 logvar_p_clamp=0.0000
2026-08-30 01:03:26 | Epoch 228/400 | Train Loss 2.3069 Acc 0.1059 | Val Loss 2.3008 Acc 0.1129 AUC 0.5000 Pre 0.0113 Rec 0.1000
2026-08-30 01:03:26 | Diag logvar_q_mean=-0.7349 logvar_q_clamp=0.0000 logvar_p_mean=-0.7349 logvar_p_clamp=0.0000
2026-08-30 01:03:30 | Epoch 229/400 | Train Loss 2.3071 Acc 0.1065 | Val Loss 2.3007 Acc 0.1129 AUC 0.5000 Pre 0.0113 Rec 0.1000
2026-08-30 01:03:30 | Diag logvar_q_mean=-0.7380 logvar_q_clamp=0.0000 logvar_p_mean=-0.7380 logvar_p_clamp=0.0000
2026-08-30 01:03:33 | Epoch 230/400 | Train Loss 2.3076 Acc 0.1023 | Val Loss 2.3008 Acc 0.1129 AUC 0.5000 Pre 0.0113 Rec 0.1000
2026-08-30 01:03:34 | Diag logvar_q_mean=-0.7411 logvar_q_clamp=0.0000 logvar_p_mean=-0.7411 logvar_p_clamp=0.0000
2026-08-30 01:03:37 | Epoch 231/400 | Train Loss 2.3075 Acc 0.1017 | Val Loss 2.3008 Acc 0.1129 AUC 0.5000 Pre 0.0113 Rec 0.1000
2026-08-30 01:03:37 | Diag logvar_q_mean=-0.7442 logvar_q_clamp=0.0000 logvar_p_mean=-0.7442 logvar_p_clamp=0.0000
2026-08-30 01:03:41 | Epoch 232/400 | Train Loss 2.3071 Acc 0.1048 | Val Loss 2.3007 Acc 0.1129 AUC 0.5000 Pre 0.0113 Rec 0.1000
2026-08-30 01:03:41 | Diag logvar_q_mean=-0.7472 logvar_q_clamp=0.0000 logvar_p_mean=-0.7472 logvar_p_clamp=0.0000
2026-08-30 01:03:45 | Epoch 233/400 | Train Loss 2.3062 Acc 0.1048 | Val Loss 2.3008 Acc 0.1129 AUC 0.5000 Pre 0.0113 Rec 0.1000
2026-08-30 01:03:45 | Diag logvar_q_mean=-0.7500 logvar_q_clamp=0.0000 logvar_p_mean=-0.7500 logvar_p_clamp=0.0000
2026-08-30 01:03:48 | Epoch 234/400 | Train Loss 2.3070 Acc 0.1044 | Val Loss 2.3007 Acc 0.1129 AUC 0.5000 Pre 0.0113 Rec 0.1000
2026-08-30 01:03:49 | Diag logvar_q_mean=-0.7529 logvar_q_clamp=0.0000 logvar_p_mean=-0.7529 logvar_p_clamp=0.0000
2026-08-30 01:03:52 | Epoch 235/400 | Train Loss 2.3074 Acc 0.1043 | Val Loss 2.3008 Acc 0.1129 AUC 0.5000 Pre 0.0113 Rec 0.1000
2026-08-30 01:03:53 | Diag logvar_q_mean=-0.7561 logvar_q_clamp=0.0000 logvar_p_mean=-0.7561 logvar_p_clamp=0.0000
2026-08-30 01:03:56 | Epoch 236/400 | Train Loss 2.3066 Acc 0.1034 | Val Loss 2.3008 Acc 0.1129 AUC 0.5000 Pre 0.0113 Rec 0.1000
2026-08-30 01:03:56 | Diag logvar_q_mean=-0.7590 logvar_q_clamp=0.0000 logvar_p_mean=-0.7590 logvar_p_clamp=0.0000
2026-08-30 01:04:00 | Epoch 237/400 | Train Loss 2.3068 Acc 0.1070 | Val Loss 2.3008 Acc 0.1129 AUC 0.5000 Pre 0.0113 Rec 0.1000
2026-08-30 01:04:00 | Diag logvar_q_mean=-0.7620 logvar_q_clamp=0.0000 logvar_p_mean=-0.7620 logvar_p_clamp=0.0000
2026-08-30 01:04:04 | Epoch 238/400 | Train Loss 2.3071 Acc 0.1044 | Val Loss 2.3008 Acc 0.1129 AUC 0.5000 Pre 0.0113 Rec 0.1000
2026-08-30 01:04:04 | Diag logvar_q_mean=-0.7649 logvar_q_clamp=0.0000 logvar_p_mean=-0.7649 logvar_p_clamp=0.0000
2026-08-30 01:04:07 | Epoch 239/400 | Train Loss 2.3061 Acc 0.1082 | Val Loss 2.3007 Acc 0.1129 AUC 0.5000 Pre 0.0113 Rec 0.1000
2026-08-30 01:04:08 | Diag logvar_q_mean=-0.7678 logvar_q_clamp=0.0000 logvar_p_mean=-0.7678 logvar_p_clamp=0.0000
2026-08-30 01:04:11 | Epoch 240/400 | Train Loss 2.3070 Acc 0.1039 | Val Loss 2.3008 Acc 0.1129 AUC 0.5000 Pre 0.0113 Rec 0.1000
2026-08-30 01:04:12 | Diag logvar_q_mean=-0.7707 logvar_q_clamp=0.0000 logvar_p_mean=-0.7707 logvar_p_clamp=0.0000
2026-08-30 01:04:15 | Epoch 241/400 | Train Loss 2.3068 Acc 0.1060 | Val Loss 2.3007 Acc 0.1129 AUC 0.5000 Pre 0.0113 Rec 0.1000
2026-08-30 01:04:15 | Diag logvar_q_mean=-0.7737 logvar_q_clamp=0.0000 logvar_p_mean=-0.7736 logvar_p_clamp=0.0000
2026-08-30 01:04:19 | Epoch 242/400 | Train Loss 2.3074 Acc 0.1049 | Val Loss 2.3008 Acc 0.1129 AUC 0.5000 Pre 0.0113 Rec 0.1000
2026-08-30 01:04:19 | Diag logvar_q_mean=-0.7768 logvar_q_clamp=0.0000 logvar_p_mean=-0.7767 logvar_p_clamp=0.0000
2026-08-30 01:04:22 | Epoch 243/400 | Train Loss 2.3068 Acc 0.1058 | Val Loss 2.3007 Acc 0.1129 AUC 0.5000 Pre 0.0113 Rec 0.1000
2026-08-30 01:04:23 | Diag logvar_q_mean=-0.7796 logvar_q_clamp=0.0000 logvar_p_mean=-0.7796 logvar_p_clamp=0.0000
2026-08-30 01:04:26 | Epoch 244/400 | Train Loss 2.3072 Acc 0.1039 | Val Loss 2.3007 Acc 0.1129 AUC 0.5000 Pre 0.0113 Rec 0.1000
2026-08-30 01:04:27 | Diag logvar_q_mean=-0.7826 logvar_q_clamp=0.0000 logvar_p_mean=-0.7827 logvar_p_clamp=0.0000
2026-08-30 01:04:30 | Epoch 245/400 | Train Loss 2.3068 Acc 0.1053 | Val Loss 2.3007 Acc 0.1129 AUC 0.5000 Pre 0.0113 Rec 0.1000
2026-08-30 01:04:31 | Diag logvar_q_mean=-0.7855 logvar_q_clamp=0.0000 logvar_p_mean=-0.7855 logvar_p_clamp=0.0000
2026-08-30 01:04:34 | Epoch 246/400 | Train Loss 2.3065 Acc 0.1068 | Val Loss 2.3008 Acc 0.1129 AUC 0.5000 Pre 0.0113 Rec 0.1000
2026-08-30 01:04:34 | Diag logvar_q_mean=-0.7883 logvar_q_clamp=0.0000 logvar_p_mean=-0.7883 logvar_p_clamp=0.0000
2026-08-30 01:04:38 | Epoch 247/400 | Train Loss 2.3076 Acc 0.1024 | Val Loss 2.3007 Acc 0.1129 AUC 0.5000 Pre 0.0113 Rec 0.1000
2026-08-30 01:04:38 | Diag logvar_q_mean=-0.7914 logvar_q_clamp=0.0000 logvar_p_mean=-0.7914 logvar_p_clamp=0.0000
2026-08-30 01:04:41 | Epoch 248/400 | Train Loss 2.3076 Acc 0.1016 | Val Loss 2.3007 Acc 0.1129 AUC 0.5000 Pre 0.0113 Rec 0.1000
2026-08-30 01:04:42 | Diag logvar_q_mean=-0.7945 logvar_q_clamp=0.0000 logvar_p_mean=-0.7945 logvar_p_clamp=0.0000
2026-08-30 01:04:45 | Epoch 249/400 | Train Loss 2.3066 Acc 0.1037 | Val Loss 2.3007 Acc 0.1129 AUC 0.5000 Pre 0.0113 Rec 0.1000
2026-08-30 01:04:46 | Diag logvar_q_mean=-0.7974 logvar_q_clamp=0.0000 logvar_p_mean=-0.7974 logvar_p_clamp=0.0000
2026-08-30 01:04:49 | Epoch 250/400 | Train Loss 2.3073 Acc 0.1042 | Val Loss 2.3007 Acc 0.1129 AUC 0.5000 Pre 0.0113 Rec 0.1000
2026-08-30 01:04:49 | Diag logvar_q_mean=-0.8003 logvar_q_clamp=0.0000 logvar_p_mean=-0.8003 logvar_p_clamp=0.0000
2026-08-30 01:04:53 | Epoch 251/400 | Train Loss 2.3070 Acc 0.1046 | Val Loss 2.3008 Acc 0.1129 AUC 0.5000 Pre 0.0113 Rec 0.1000
2026-08-30 01:04:53 | Diag logvar_q_mean=-0.8033 logvar_q_clamp=0.0000 logvar_p_mean=-0.8033 logvar_p_clamp=0.0000
2026-08-30 01:04:57 | Epoch 252/400 | Train Loss 2.3067 Acc 0.1052 | Val Loss 2.3008 Acc 0.1129 AUC 0.5000 Pre 0.0113 Rec 0.1000
2026-08-30 01:04:57 | Diag logvar_q_mean=-0.8061 logvar_q_clamp=0.0000 logvar_p_mean=-0.8061 logvar_p_clamp=0.0000
2026-08-30 01:05:00 | Epoch 253/400 | Train Loss 2.3073 Acc 0.1048 | Val Loss 2.3008 Acc 0.1129 AUC 0.5000 Pre 0.0113 Rec 0.1000
2026-08-30 01:05:01 | Diag logvar_q_mean=-0.8091 logvar_q_clamp=0.0000 logvar_p_mean=-0.8091 logvar_p_clamp=0.0000
2026-08-30 01:05:04 | Epoch 254/400 | Train Loss 2.3068 Acc 0.1065 | Val Loss 2.3008 Acc 0.1129 AUC 0.5000 Pre 0.0113 Rec 0.1000
2026-08-30 01:05:05 | Diag logvar_q_mean=-0.8120 logvar_q_clamp=0.0000 logvar_p_mean=-0.8120 logvar_p_clamp=0.0000
2026-08-30 01:05:08 | Epoch 255/400 | Train Loss 2.3062 Acc 0.1063 | Val Loss 2.3008 Acc 0.1129 AUC 0.5000 Pre 0.0113 Rec 0.1000
2026-08-30 01:05:08 | Diag logvar_q_mean=-0.8148 logvar_q_clamp=0.0000 logvar_p_mean=-0.8148 logvar_p_clamp=0.0000
2026-08-30 01:05:12 | Epoch 256/400 | Train Loss 2.3072 Acc 0.1069 | Val Loss 2.3008 Acc 0.1129 AUC 0.5000 Pre 0.0113 Rec 0.1000
2026-08-30 01:05:12 | Diag logvar_q_mean=-0.8177 logvar_q_clamp=0.0000 logvar_p_mean=-0.8177 logvar_p_clamp=0.0000
2026-08-30 01:05:16 | Epoch 257/400 | Train Loss 2.3070 Acc 0.1050 | Val Loss 2.3008 Acc 0.1129 AUC 0.5000 Pre 0.0113 Rec 0.1000
2026-08-30 01:05:16 | Diag logvar_q_mean=-0.8207 logvar_q_clamp=0.0000 logvar_p_mean=-0.8207 logvar_p_clamp=0.0000
2026-08-30 01:05:19 | Epoch 258/400 | Train Loss 2.3066 Acc 0.1057 | Val Loss 2.3007 Acc 0.1129 AUC 0.5000 Pre 0.0113 Rec 0.1000
2026-08-30 01:05:20 | Diag logvar_q_mean=-0.8236 logvar_q_clamp=0.0000 logvar_p_mean=-0.8236 logvar_p_clamp=0.0000
2026-08-30 01:05:23 | Epoch 259/400 | Train Loss 2.3065 Acc 0.1065 | Val Loss 2.3007 Acc 0.1129 AUC 0.5000 Pre 0.0113 Rec 0.1000
2026-08-30 01:05:24 | Diag logvar_q_mean=-0.8264 logvar_q_clamp=0.0000 logvar_p_mean=-0.8264 logvar_p_clamp=0.0000
2026-08-30 01:05:27 | Epoch 260/400 | Train Loss 2.3073 Acc 0.1024 | Val Loss 2.3007 Acc 0.1129 AUC 0.5000 Pre 0.0113 Rec 0.1000
2026-08-30 01:05:27 | Diag logvar_q_mean=-0.8294 logvar_q_clamp=0.0000 logvar_p_mean=-0.8294 logvar_p_clamp=0.0000
2026-08-30 01:05:31 | Epoch 261/400 | Train Loss 2.3067 Acc 0.1058 | Val Loss 2.3010 Acc 0.1129 AUC 0.5000 Pre 0.0113 Rec 0.1000
2026-08-30 01:05:31 | Diag logvar_q_mean=-0.8323 logvar_q_clamp=0.0000 logvar_p_mean=-0.8323 logvar_p_clamp=0.0000
2026-08-30 01:05:34 | Epoch 262/400 | Train Loss 2.3065 Acc 0.1062 | Val Loss 2.3008 Acc 0.1129 AUC 0.5000 Pre 0.0113 Rec 0.1000
2026-08-30 01:05:35 | Diag logvar_q_mean=-0.8351 logvar_q_clamp=0.0000 logvar_p_mean=-0.8351 logvar_p_clamp=0.0000
2026-08-30 01:05:38 | Epoch 263/400 | Train Loss 2.3065 Acc 0.1031 | Val Loss 2.3007 Acc 0.1129 AUC 0.5000 Pre 0.0113 Rec 0.1000
2026-08-30 01:05:39 | Diag logvar_q_mean=-0.8377 logvar_q_clamp=0.0000 logvar_p_mean=-0.8377 logvar_p_clamp=0.0000
2026-08-30 01:05:42 | Epoch 264/400 | Train Loss 2.3070 Acc 0.1052 | Val Loss 2.3007 Acc 0.1129 AUC 0.5000 Pre 0.0113 Rec 0.1000
2026-08-30 01:05:42 | Diag logvar_q_mean=-0.8407 logvar_q_clamp=0.0000 logvar_p_mean=-0.8407 logvar_p_clamp=0.0000
2026-08-30 01:05:46 | Epoch 265/400 | Train Loss 2.3064 Acc 0.1057 | Val Loss 2.3007 Acc 0.1129 AUC 0.5000 Pre 0.0113 Rec 0.1000
2026-08-30 01:05:46 | Diag logvar_q_mean=-0.8435 logvar_q_clamp=0.0000 logvar_p_mean=-0.8435 logvar_p_clamp=0.0000
2026-08-30 01:05:49 | Epoch 266/400 | Train Loss 2.3075 Acc 0.1031 | Val Loss 2.3008 Acc 0.1129 AUC 0.5000 Pre 0.0113 Rec 0.1000
2026-08-30 01:05:50 | Diag logvar_q_mean=-0.8465 logvar_q_clamp=0.0000 logvar_p_mean=-0.8465 logvar_p_clamp=0.0000
2026-08-30 01:05:53 | Epoch 267/400 | Train Loss 2.3083 Acc 0.1049 | Val Loss 2.3015 Acc 0.1129 AUC 0.5000 Pre 0.0113 Rec 0.1000
2026-08-30 01:05:54 | Diag logvar_q_mean=-0.8490 logvar_q_clamp=0.0000 logvar_p_mean=-0.8488 logvar_p_clamp=0.0000
2026-08-30 01:05:57 | Epoch 268/400 | Train Loss 2.3073 Acc 0.1040 | Val Loss 2.3008 Acc 0.1129 AUC 0.5000 Pre 0.0113 Rec 0.1000
2026-08-30 01:05:57 | Diag logvar_q_mean=-0.8512 logvar_q_clamp=0.0000 logvar_p_mean=-0.8512 logvar_p_clamp=0.0000
