2026-08-30 00:23:50 | Device: cuda
2026-08-30 00:23:50 | Args: {'model': 'ceb', 'backbone': 'mlp', 'task': 'mnist', 'epochs': 400, 'batch_size': 512, 'lr': 0.001, 'hidden_dims': [512, 256], 'dropout': 0.2, 'z_dim': 256, 'anchor_scale': 4.0, 'max_len': 250, 'random_labels': False, 'beta': 10.0, 'patience': 400, 'runs': 5, 'seed': 0, 'data_dir': './data', 'save_path': 'output/mnist_mlp_ceb/mnist_mlp_ceb.pt', 'log_path': '/root/autodl-tmp/FGIB/tune_results_ablation/longtrain/mnist_mlp_ceb_beta_10/train.log', 'no_save': True, 'freeze_a': False, 'a_identity': False, 'cosine_classifier': False, 'log_variance_stats': True, 'subject_disjoint': False}
2026-08-30 00:23:51 | ===== Run 1/5 (seed 0) =====
2026-08-30 00:23:55 | Epoch   1/400 | Train Loss 2.7893 Acc 0.0988 | Val Loss 2.3016 Acc 0.1061 AUC 0.5000 Pre 0.0106 Rec 0.1000
2026-08-30 00:23:55 | Diag logvar_q_mean=0.0069 logvar_q_clamp=0.0000 logvar_p_mean=0.0070 logvar_p_clamp=0.0000
2026-08-30 00:23:55 |   Val AUC improved to 0.5000, model saved
2026-08-30 00:23:59 | Epoch   2/400 | Train Loss 2.3286 Acc 0.0996 | Val Loss 2.3010 Acc 0.1129 AUC 0.5000 Pre 0.0113 Rec 0.1000
2026-08-30 00:23:59 | Diag logvar_q_mean=0.0054 logvar_q_clamp=0.0000 logvar_p_mean=0.0054 logvar_p_clamp=0.0000
2026-08-30 00:24:02 | Epoch   3/400 | Train Loss 2.3134 Acc 0.1011 | Val Loss 2.3008 Acc 0.1129 AUC 0.5000 Pre 0.0113 Rec 0.1000
2026-08-30 00:24:03 | Diag logvar_q_mean=0.0045 logvar_q_clamp=0.0000 logvar_p_mean=0.0045 logvar_p_clamp=0.0000
2026-08-30 00:24:06 | Epoch   4/400 | Train Loss 2.3098 Acc 0.1044 | Val Loss 2.3008 Acc 0.1129 AUC 0.5000 Pre 0.0113 Rec 0.1000
2026-08-30 00:24:07 | Diag logvar_q_mean=0.0037 logvar_q_clamp=0.0000 logvar_p_mean=0.0037 logvar_p_clamp=0.0000
2026-08-30 00:24:10 | Epoch   5/400 | Train Loss 2.3108 Acc 0.1008 | Val Loss 2.3008 Acc 0.1129 AUC 0.5000 Pre 0.0113 Rec 0.1000
2026-08-30 00:24:11 | Diag logvar_q_mean=0.0027 logvar_q_clamp=0.0000 logvar_p_mean=0.0027 logvar_p_clamp=0.0000
2026-08-30 00:24:14 | Epoch   6/400 | Train Loss 2.3099 Acc 0.1034 | Val Loss 2.3008 Acc 0.1129 AUC 0.5000 Pre 0.0113 Rec 0.1000
2026-08-30 00:24:14 | Diag logvar_q_mean=0.0017 logvar_q_clamp=0.0000 logvar_p_mean=0.0017 logvar_p_clamp=0.0000
2026-08-30 00:24:18 | Epoch   7/400 | Train Loss 2.3098 Acc 0.1022 | Val Loss 2.3008 Acc 0.1129 AUC 0.5000 Pre 0.0113 Rec 0.1000
2026-08-30 00:24:18 | Diag logvar_q_mean=0.0006 logvar_q_clamp=0.0000 logvar_p_mean=0.0006 logvar_p_clamp=0.0000
2026-08-30 00:24:22 | Epoch   8/400 | Train Loss 2.3098 Acc 0.1043 | Val Loss 2.3008 Acc 0.1129 AUC 0.5000 Pre 0.0113 Rec 0.1000
2026-08-30 00:24:22 | Diag logvar_q_mean=-0.0006 logvar_q_clamp=0.0000 logvar_p_mean=-0.0006 logvar_p_clamp=0.0000
2026-08-30 00:24:25 | Epoch   9/400 | Train Loss 2.3093 Acc 0.1054 | Val Loss 2.3008 Acc 0.1129 AUC 0.5000 Pre 0.0113 Rec 0.1000
2026-08-30 00:24:26 | Diag logvar_q_mean=-0.0019 logvar_q_clamp=0.0000 logvar_p_mean=-0.0019 logvar_p_clamp=0.0000
2026-08-30 00:24:29 | Epoch  10/400 | Train Loss 2.3092 Acc 0.1031 | Val Loss 2.3008 Acc 0.1129 AUC 0.5000 Pre 0.0113 Rec 0.1000
2026-08-30 00:24:30 | Diag logvar_q_mean=-0.0033 logvar_q_clamp=0.0000 logvar_p_mean=-0.0033 logvar_p_clamp=0.0000
2026-08-30 00:24:33 | Epoch  11/400 | Train Loss 2.3094 Acc 0.1023 | Val Loss 2.3008 Acc 0.1129 AUC 0.5000 Pre 0.0113 Rec 0.1000
2026-08-30 00:24:33 | Diag logvar_q_mean=-0.0049 logvar_q_clamp=0.0000 logvar_p_mean=-0.0049 logvar_p_clamp=0.0000
2026-08-30 00:24:37 | Epoch  12/400 | Train Loss 2.3104 Acc 0.1047 | Val Loss 2.3008 Acc 0.1129 AUC 0.5000 Pre 0.0113 Rec 0.1000
2026-08-30 00:24:37 | Diag logvar_q_mean=-0.0066 logvar_q_clamp=0.0000 logvar_p_mean=-0.0066 logvar_p_clamp=0.0000
2026-08-30 00:24:40 | Epoch  13/400 | Train Loss 2.3096 Acc 0.1043 | Val Loss 2.3007 Acc 0.1129 AUC 0.5000 Pre 0.0113 Rec 0.1000
2026-08-30 00:24:41 | Diag logvar_q_mean=-0.0083 logvar_q_clamp=0.0000 logvar_p_mean=-0.0083 logvar_p_clamp=0.0000
2026-08-30 00:24:44 | Epoch  14/400 | Train Loss 2.3092 Acc 0.1013 | Val Loss 2.3007 Acc 0.1129 AUC 0.5000 Pre 0.0113 Rec 0.1000
2026-08-30 00:24:45 | Diag logvar_q_mean=-0.0102 logvar_q_clamp=0.0000 logvar_p_mean=-0.0102 logvar_p_clamp=0.0000
2026-08-30 00:24:48 | Epoch  15/400 | Train Loss 2.3104 Acc 0.1051 | Val Loss 2.3007 Acc 0.1129 AUC 0.5000 Pre 0.0113 Rec 0.1000
2026-08-30 00:24:48 | Diag logvar_q_mean=-0.0123 logvar_q_clamp=0.0000 logvar_p_mean=-0.0123 logvar_p_clamp=0.0000
2026-08-30 00:24:51 | Epoch  16/400 | Train Loss 2.3102 Acc 0.1015 | Val Loss 2.3007 Acc 0.1129 AUC 0.5000 Pre 0.0113 Rec 0.1000
2026-08-30 00:24:52 | Diag logvar_q_mean=-0.0144 logvar_q_clamp=0.0000 logvar_p_mean=-0.0144 logvar_p_clamp=0.0000
2026-08-30 00:24:55 | Epoch  17/400 | Train Loss 2.3086 Acc 0.1046 | Val Loss 2.3007 Acc 0.1129 AUC 0.5000 Pre 0.0113 Rec 0.1000
2026-08-30 00:24:56 | Diag logvar_q_mean=-0.0165 logvar_q_clamp=0.0000 logvar_p_mean=-0.0165 logvar_p_clamp=0.0000
2026-08-30 00:24:59 | Epoch  18/400 | Train Loss 2.3105 Acc 0.1022 | Val Loss 2.3008 Acc 0.1129 AUC 0.5000 Pre 0.0113 Rec 0.1000
2026-08-30 00:25:00 | Diag logvar_q_mean=-0.0189 logvar_q_clamp=0.0000 logvar_p_mean=-0.0189 logvar_p_clamp=0.0000
2026-08-30 00:25:03 | Epoch  19/400 | Train Loss 2.3090 Acc 0.1032 | Val Loss 2.3007 Acc 0.1129 AUC 0.5000 Pre 0.0113 Rec 0.1000
2026-08-30 00:25:03 | Diag logvar_q_mean=-0.0213 logvar_q_clamp=0.0000 logvar_p_mean=-0.0213 logvar_p_clamp=0.0000
2026-08-30 00:25:07 | Epoch  20/400 | Train Loss 2.3094 Acc 0.1059 | Val Loss 2.3008 Acc 0.1129 AUC 0.5000 Pre 0.0113 Rec 0.1000
2026-08-30 00:25:07 | Diag logvar_q_mean=-0.0239 logvar_q_clamp=0.0000 logvar_p_mean=-0.0239 logvar_p_clamp=0.0000
2026-08-30 00:25:10 | Epoch  21/400 | Train Loss 2.3099 Acc 0.1028 | Val Loss 2.3008 Acc 0.1129 AUC 0.5000 Pre 0.0113 Rec 0.1000
2026-08-30 00:25:11 | Diag logvar_q_mean=-0.0266 logvar_q_clamp=0.0000 logvar_p_mean=-0.0266 logvar_p_clamp=0.0000
2026-08-30 00:25:14 | Epoch  22/400 | Train Loss 2.3099 Acc 0.1029 | Val Loss 2.3008 Acc 0.1129 AUC 0.5000 Pre 0.0113 Rec 0.1000
2026-08-30 00:25:15 | Diag logvar_q_mean=-0.0293 logvar_q_clamp=0.0000 logvar_p_mean=-0.0293 logvar_p_clamp=0.0000
2026-08-30 00:25:18 | Epoch  23/400 | Train Loss 2.3083 Acc 0.1039 | Val Loss 2.3008 Acc 0.1129 AUC 0.5000 Pre 0.0113 Rec 0.1000
2026-08-30 00:25:18 | Diag logvar_q_mean=-0.0320 logvar_q_clamp=0.0000 logvar_p_mean=-0.0320 logvar_p_clamp=0.0000
2026-08-30 00:25:22 | Epoch  24/400 | Train Loss 2.3105 Acc 0.1036 | Val Loss 2.3007 Acc 0.1129 AUC 0.5000 Pre 0.0113 Rec 0.1000
2026-08-30 00:25:22 | Diag logvar_q_mean=-0.0351 logvar_q_clamp=0.0000 logvar_p_mean=-0.0351 logvar_p_clamp=0.0000
2026-08-30 00:25:25 | Epoch  25/400 | Train Loss 2.3099 Acc 0.1049 | Val Loss 2.3007 Acc 0.1129 AUC 0.5000 Pre 0.0113 Rec 0.1000
2026-08-30 00:25:26 | Diag logvar_q_mean=-0.0382 logvar_q_clamp=0.0000 logvar_p_mean=-0.0382 logvar_p_clamp=0.0000
2026-08-30 00:25:29 | Epoch  26/400 | Train Loss 2.3096 Acc 0.1047 | Val Loss 2.3008 Acc 0.1129 AUC 0.5000 Pre 0.0113 Rec 0.1000
2026-08-30 00:25:30 | Diag logvar_q_mean=-0.0413 logvar_q_clamp=0.0000 logvar_p_mean=-0.0413 logvar_p_clamp=0.0000
2026-08-30 00:25:33 | Epoch  27/400 | Train Loss 2.3092 Acc 0.1029 | Val Loss 2.3007 Acc 0.1129 AUC 0.5000 Pre 0.0113 Rec 0.1000
2026-08-30 00:25:33 | Diag logvar_q_mean=-0.0444 logvar_q_clamp=0.0000 logvar_p_mean=-0.0444 logvar_p_clamp=0.0000
2026-08-30 00:25:37 | Epoch  28/400 | Train Loss 2.3101 Acc 0.1036 | Val Loss 2.3007 Acc 0.1129 AUC 0.5000 Pre 0.0113 Rec 0.1000
2026-08-30 00:25:37 | Diag logvar_q_mean=-0.0478 logvar_q_clamp=0.0000 logvar_p_mean=-0.0478 logvar_p_clamp=0.0000
2026-08-30 00:25:40 | Epoch  29/400 | Train Loss 2.3088 Acc 0.1038 | Val Loss 2.3007 Acc 0.1129 AUC 0.5000 Pre 0.0113 Rec 0.1000
2026-08-30 00:25:41 | Diag logvar_q_mean=-0.0511 logvar_q_clamp=0.0000 logvar_p_mean=-0.0511 logvar_p_clamp=0.0000
2026-08-30 00:25:44 | Epoch  30/400 | Train Loss 2.3097 Acc 0.1050 | Val Loss 2.3008 Acc 0.1129 AUC 0.5000 Pre 0.0113 Rec 0.1000
2026-08-30 00:25:45 | Diag logvar_q_mean=-0.0546 logvar_q_clamp=0.0000 logvar_p_mean=-0.0546 logvar_p_clamp=0.0000
2026-08-30 00:25:48 | Epoch  31/400 | Train Loss 2.3095 Acc 0.1031 | Val Loss 2.3008 Acc 0.1129 AUC 0.5000 Pre 0.0113 Rec 0.1000
2026-08-30 00:25:48 | Diag logvar_q_mean=-0.0581 logvar_q_clamp=0.0000 logvar_p_mean=-0.0581 logvar_p_clamp=0.0000
2026-08-30 00:25:52 | Epoch  32/400 | Train Loss 2.3092 Acc 0.1045 | Val Loss 2.3007 Acc 0.1129 AUC 0.5000 Pre 0.0113 Rec 0.1000
2026-08-30 00:25:52 | Diag logvar_q_mean=-0.0616 logvar_q_clamp=0.0000 logvar_p_mean=-0.0616 logvar_p_clamp=0.0000
2026-08-30 00:25:55 | Epoch  33/400 | Train Loss 2.3108 Acc 0.1021 | Val Loss 2.3007 Acc 0.1129 AUC 0.5000 Pre 0.0113 Rec 0.1000
2026-08-30 00:25:56 | Diag logvar_q_mean=-0.0655 logvar_q_clamp=0.0000 logvar_p_mean=-0.0655 logvar_p_clamp=0.0000
2026-08-30 00:25:59 | Epoch  34/400 | Train Loss 2.3095 Acc 0.1037 | Val Loss 2.3007 Acc 0.1129 AUC 0.5000 Pre 0.0113 Rec 0.1000
2026-08-30 00:26:00 | Diag logvar_q_mean=-0.0691 logvar_q_clamp=0.0000 logvar_p_mean=-0.0691 logvar_p_clamp=0.0000
2026-08-30 00:26:03 | Epoch  35/400 | Train Loss 2.3090 Acc 0.1032 | Val Loss 2.3007 Acc 0.1129 AUC 0.5000 Pre 0.0113 Rec 0.1000
2026-08-30 00:26:03 | Diag logvar_q_mean=-0.0727 logvar_q_clamp=0.0000 logvar_p_mean=-0.0727 logvar_p_clamp=0.0000
2026-08-30 00:26:07 | Epoch  36/400 | Train Loss 2.3085 Acc 0.1056 | Val Loss 2.3007 Acc 0.1129 AUC 0.5000 Pre 0.0113 Rec 0.1000
2026-08-30 00:26:07 | Diag logvar_q_mean=-0.0763 logvar_q_clamp=0.0000 logvar_p_mean=-0.0763 logvar_p_clamp=0.0000
2026-08-30 00:26:11 | Epoch  37/400 | Train Loss 2.3090 Acc 0.1041 | Val Loss 2.3007 Acc 0.1129 AUC 0.5000 Pre 0.0113 Rec 0.1000
2026-08-30 00:26:11 | Diag logvar_q_mean=-0.0800 logvar_q_clamp=0.0000 logvar_p_mean=-0.0800 logvar_p_clamp=0.0000
2026-08-30 00:26:14 | Epoch  38/400 | Train Loss 2.3103 Acc 0.1045 | Val Loss 2.3008 Acc 0.1129 AUC 0.5000 Pre 0.0113 Rec 0.1000
2026-08-30 00:26:15 | Diag logvar_q_mean=-0.0841 logvar_q_clamp=0.0000 logvar_p_mean=-0.0841 logvar_p_clamp=0.0000
2026-08-30 00:26:18 | Epoch  39/400 | Train Loss 2.3093 Acc 0.1043 | Val Loss 2.3008 Acc 0.1129 AUC 0.5000 Pre 0.0113 Rec 0.1000
2026-08-30 00:26:19 | Diag logvar_q_mean=-0.0878 logvar_q_clamp=0.0000 logvar_p_mean=-0.0878 logvar_p_clamp=0.0000
2026-08-30 00:26:22 | Epoch  40/400 | Train Loss 2.3089 Acc 0.1053 | Val Loss 2.3007 Acc 0.1129 AUC 0.5000 Pre 0.0113 Rec 0.1000
2026-08-30 00:26:22 | Diag logvar_q_mean=-0.0914 logvar_q_clamp=0.0000 logvar_p_mean=-0.0914 logvar_p_clamp=0.0000
2026-08-30 00:26:26 | Epoch  41/400 | Train Loss 2.3098 Acc 0.1048 | Val Loss 2.3008 Acc 0.1129 AUC 0.5000 Pre 0.0113 Rec 0.1000
2026-08-30 00:26:26 | Diag logvar_q_mean=-0.0954 logvar_q_clamp=0.0000 logvar_p_mean=-0.0954 logvar_p_clamp=0.0000
2026-08-30 00:26:29 | Epoch  42/400 | Train Loss 2.3089 Acc 0.1073 | Val Loss 2.3007 Acc 0.1129 AUC 0.5000 Pre 0.0113 Rec 0.1000
2026-08-30 00:26:30 | Diag logvar_q_mean=-0.0991 logvar_q_clamp=0.0000 logvar_p_mean=-0.0991 logvar_p_clamp=0.0000
2026-08-30 00:26:33 | Epoch  43/400 | Train Loss 2.3089 Acc 0.1064 | Val Loss 2.3007 Acc 0.1129 AUC 0.5000 Pre 0.0113 Rec 0.1000
2026-08-30 00:26:34 | Diag logvar_q_mean=-0.1029 logvar_q_clamp=0.0000 logvar_p_mean=-0.1029 logvar_p_clamp=0.0000
2026-08-30 00:26:37 | Epoch  44/400 | Train Loss 2.3087 Acc 0.1060 | Val Loss 2.3008 Acc 0.1129 AUC 0.5000 Pre 0.0113 Rec 0.1000
2026-08-30 00:26:37 | Diag logvar_q_mean=-0.1066 logvar_q_clamp=0.0000 logvar_p_mean=-0.1066 logvar_p_clamp=0.0000
2026-08-30 00:26:41 | Epoch  45/400 | Train Loss 2.3088 Acc 0.1054 | Val Loss 2.3008 Acc 0.1129 AUC 0.5000 Pre 0.0113 Rec 0.1000
2026-08-30 00:26:41 | Diag logvar_q_mean=-0.1105 logvar_q_clamp=0.0000 logvar_p_mean=-0.1105 logvar_p_clamp=0.0000
2026-08-30 00:26:44 | Epoch  46/400 | Train Loss 2.3105 Acc 0.1024 | Val Loss 2.3008 Acc 0.1129 AUC 0.5000 Pre 0.0113 Rec 0.1000
2026-08-30 00:26:45 | Diag logvar_q_mean=-0.1145 logvar_q_clamp=0.0000 logvar_p_mean=-0.1145 logvar_p_clamp=0.0000
2026-08-30 00:26:48 | Epoch  47/400 | Train Loss 2.3087 Acc 0.1044 | Val Loss 2.3008 Acc 0.1129 AUC 0.5000 Pre 0.0113 Rec 0.1000
2026-08-30 00:26:49 | Diag logvar_q_mean=-0.1183 logvar_q_clamp=0.0000 logvar_p_mean=-0.1183 logvar_p_clamp=0.0000
2026-08-30 00:26:52 | Epoch  48/400 | Train Loss 2.3091 Acc 0.1037 | Val Loss 2.3008 Acc 0.1129 AUC 0.5000 Pre 0.0113 Rec 0.1000
2026-08-30 00:26:53 | Diag logvar_q_mean=-0.1222 logvar_q_clamp=0.0000 logvar_p_mean=-0.1222 logvar_p_clamp=0.0000
2026-08-30 00:26:56 | Epoch  49/400 | Train Loss 2.3088 Acc 0.1052 | Val Loss 2.3008 Acc 0.1129 AUC 0.5000 Pre 0.0113 Rec 0.1000
2026-08-30 00:26:56 | Diag logvar_q_mean=-0.1260 logvar_q_clamp=0.0000 logvar_p_mean=-0.1260 logvar_p_clamp=0.0000
2026-08-30 00:27:00 | Epoch  50/400 | Train Loss 2.3092 Acc 0.1045 | Val Loss 2.3007 Acc 0.1129 AUC 0.5000 Pre 0.0113 Rec 0.1000
2026-08-30 00:27:00 | Diag logvar_q_mean=-0.1299 logvar_q_clamp=0.0000 logvar_p_mean=-0.1299 logvar_p_clamp=0.0000
2026-08-30 00:27:03 | Epoch  51/400 | Train Loss 2.3096 Acc 0.1051 | Val Loss 2.3008 Acc 0.1129 AUC 0.5000 Pre 0.0113 Rec 0.1000
2026-08-30 00:27:04 | Diag logvar_q_mean=-0.1338 logvar_q_clamp=0.0000 logvar_p_mean=-0.1338 logvar_p_clamp=0.0000
2026-08-30 00:27:07 | Epoch  52/400 | Train Loss 2.3087 Acc 0.1065 | Val Loss 2.3007 Acc 0.1129 AUC 0.5000 Pre 0.0113 Rec 0.1000
2026-08-30 00:27:08 | Diag logvar_q_mean=-0.1376 logvar_q_clamp=0.0000 logvar_p_mean=-0.1375 logvar_p_clamp=0.0000
2026-08-30 00:27:11 | Epoch  53/400 | Train Loss 2.3090 Acc 0.1047 | Val Loss 2.3008 Acc 0.1129 AUC 0.5000 Pre 0.0113 Rec 0.1000
2026-08-30 00:27:12 | Diag logvar_q_mean=-0.1414 logvar_q_clamp=0.0000 logvar_p_mean=-0.1414 logvar_p_clamp=0.0000
2026-08-30 00:27:15 | Epoch  54/400 | Train Loss 2.3098 Acc 0.1060 | Val Loss 2.3007 Acc 0.1129 AUC 0.5000 Pre 0.0113 Rec 0.1000
2026-08-30 00:27:15 | Diag logvar_q_mean=-0.1454 logvar_q_clamp=0.0000 logvar_p_mean=-0.1454 logvar_p_clamp=0.0000
2026-08-30 00:27:19 | Epoch  55/400 | Train Loss 2.3089 Acc 0.1047 | Val Loss 2.3007 Acc 0.1129 AUC 0.5000 Pre 0.0113 Rec 0.1000
2026-08-30 00:27:19 | Diag logvar_q_mean=-0.1492 logvar_q_clamp=0.0000 logvar_p_mean=-0.1492 logvar_p_clamp=0.0000
2026-08-30 00:27:22 | Epoch  56/400 | Train Loss 2.3093 Acc 0.1021 | Val Loss 2.3007 Acc 0.1129 AUC 0.5000 Pre 0.0113 Rec 0.1000
2026-08-30 00:27:23 | Diag logvar_q_mean=-0.1531 logvar_q_clamp=0.0000 logvar_p_mean=-0.1531 logvar_p_clamp=0.0000
2026-08-30 00:27:26 | Epoch  57/400 | Train Loss 2.3089 Acc 0.1036 | Val Loss 2.3007 Acc 0.1129 AUC 0.5000 Pre 0.0113 Rec 0.1000
2026-08-30 00:27:27 | Diag logvar_q_mean=-0.1569 logvar_q_clamp=0.0000 logvar_p_mean=-0.1569 logvar_p_clamp=0.0000
2026-08-30 00:27:30 | Epoch  58/400 | Train Loss 2.3094 Acc 0.1031 | Val Loss 2.3007 Acc 0.1129 AUC 0.5000 Pre 0.0113 Rec 0.1000
2026-08-30 00:27:30 | Diag logvar_q_mean=-0.1608 logvar_q_clamp=0.0000 logvar_p_mean=-0.1608 logvar_p_clamp=0.0000
2026-08-30 00:27:34 | Epoch  59/400 | Train Loss 2.3093 Acc 0.1040 | Val Loss 2.3008 Acc 0.1129 AUC 0.5000 Pre 0.0113 Rec 0.1000
2026-08-30 00:27:34 | Diag logvar_q_mean=-0.1647 logvar_q_clamp=0.0000 logvar_p_mean=-0.1647 logvar_p_clamp=0.0000
2026-08-30 00:27:38 | Epoch  60/400 | Train Loss 2.3084 Acc 0.1038 | Val Loss 2.3008 Acc 0.1129 AUC 0.5000 Pre 0.0113 Rec 0.1000
2026-08-30 00:27:38 | Diag logvar_q_mean=-0.1683 logvar_q_clamp=0.0000 logvar_p_mean=-0.1683 logvar_p_clamp=0.0000
2026-08-30 00:27:42 | Epoch  61/400 | Train Loss 2.3094 Acc 0.1026 | Val Loss 2.3008 Acc 0.1129 AUC 0.5000 Pre 0.0113 Rec 0.1000
2026-08-30 00:27:42 | Diag logvar_q_mean=-0.1722 logvar_q_clamp=0.0000 logvar_p_mean=-0.1722 logvar_p_clamp=0.0000
2026-08-30 00:27:45 | Epoch  62/400 | Train Loss 2.3090 Acc 0.1036 | Val Loss 2.3007 Acc 0.1129 AUC 0.5000 Pre 0.0113 Rec 0.1000
2026-08-30 00:27:46 | Diag logvar_q_mean=-0.1761 logvar_q_clamp=0.0000 logvar_p_mean=-0.1761 logvar_p_clamp=0.0000
2026-08-30 00:27:49 | Epoch  63/400 | Train Loss 2.3092 Acc 0.1039 | Val Loss 2.3007 Acc 0.1129 AUC 0.5000 Pre 0.0113 Rec 0.1000
2026-08-30 00:27:50 | Diag logvar_q_mean=-0.1800 logvar_q_clamp=0.0000 logvar_p_mean=-0.1800 logvar_p_clamp=0.0000
2026-08-30 00:27:53 | Epoch  64/400 | Train Loss 2.3093 Acc 0.1017 | Val Loss 2.3007 Acc 0.1129 AUC 0.5000 Pre 0.0113 Rec 0.1000
2026-08-30 00:27:53 | Diag logvar_q_mean=-0.1839 logvar_q_clamp=0.0000 logvar_p_mean=-0.1838 logvar_p_clamp=0.0000
2026-08-30 00:27:57 | Epoch  65/400 | Train Loss 2.3086 Acc 0.1060 | Val Loss 2.3007 Acc 0.1129 AUC 0.5000 Pre 0.0113 Rec 0.1000
2026-08-30 00:27:57 | Diag logvar_q_mean=-0.1876 logvar_q_clamp=0.0000 logvar_p_mean=-0.1876 logvar_p_clamp=0.0000
2026-08-30 00:28:01 | Epoch  66/400 | Train Loss 2.3088 Acc 0.1042 | Val Loss 2.3008 Acc 0.1129 AUC 0.5000 Pre 0.0113 Rec 0.1000
2026-08-30 00:28:01 | Diag logvar_q_mean=-0.1914 logvar_q_clamp=0.0000 logvar_p_mean=-0.1914 logvar_p_clamp=0.0000
2026-08-30 00:28:04 | Epoch  67/400 | Train Loss 2.3087 Acc 0.1048 | Val Loss 2.3008 Acc 0.1129 AUC 0.5000 Pre 0.0113 Rec 0.1000
2026-08-30 00:28:05 | Diag logvar_q_mean=-0.1952 logvar_q_clamp=0.0000 logvar_p_mean=-0.1952 logvar_p_clamp=0.0000
2026-08-30 00:28:08 | Epoch  68/400 | Train Loss 2.3088 Acc 0.1038 | Val Loss 2.3008 Acc 0.1129 AUC 0.5000 Pre 0.0113 Rec 0.1000
2026-08-30 00:28:09 | Diag logvar_q_mean=-0.1990 logvar_q_clamp=0.0000 logvar_p_mean=-0.1990 logvar_p_clamp=0.0000
2026-08-30 00:28:12 | Epoch  69/400 | Train Loss 2.3089 Acc 0.1032 | Val Loss 2.3008 Acc 0.1129 AUC 0.5000 Pre 0.0113 Rec 0.1000
2026-08-30 00:28:12 | Diag logvar_q_mean=-0.2027 logvar_q_clamp=0.0000 logvar_p_mean=-0.2027 logvar_p_clamp=0.0000
2026-08-30 00:28:16 | Epoch  70/400 | Train Loss 2.3079 Acc 0.1039 | Val Loss 2.3008 Acc 0.1129 AUC 0.5000 Pre 0.0113 Rec 0.1000
2026-08-30 00:28:16 | Diag logvar_q_mean=-0.2064 logvar_q_clamp=0.0000 logvar_p_mean=-0.2064 logvar_p_clamp=0.0000
2026-08-30 00:28:20 | Epoch  71/400 | Train Loss 2.3094 Acc 0.1022 | Val Loss 2.3008 Acc 0.1129 AUC 0.5000 Pre 0.0113 Rec 0.1000
2026-08-30 00:28:20 | Diag logvar_q_mean=-0.2103 logvar_q_clamp=0.0000 logvar_p_mean=-0.2103 logvar_p_clamp=0.0000
2026-08-30 00:28:24 | Epoch  72/400 | Train Loss 2.3085 Acc 0.1035 | Val Loss 2.3008 Acc 0.1129 AUC 0.5000 Pre 0.0113 Rec 0.1000
2026-08-30 00:28:24 | Diag logvar_q_mean=-0.2140 logvar_q_clamp=0.0000 logvar_p_mean=-0.2140 logvar_p_clamp=0.0000
2026-08-30 00:28:28 | Epoch  73/400 | Train Loss 2.3087 Acc 0.1050 | Val Loss 2.3007 Acc 0.1129 AUC 0.5000 Pre 0.0113 Rec 0.1000
2026-08-30 00:28:28 | Diag logvar_q_mean=-0.2178 logvar_q_clamp=0.0000 logvar_p_mean=-0.2178 logvar_p_clamp=0.0000
2026-08-30 00:28:31 | Epoch  74/400 | Train Loss 2.3089 Acc 0.1032 | Val Loss 2.3008 Acc 0.1129 AUC 0.5000 Pre 0.0113 Rec 0.1000
2026-08-30 00:28:32 | Diag logvar_q_mean=-0.2216 logvar_q_clamp=0.0000 logvar_p_mean=-0.2216 logvar_p_clamp=0.0000
2026-08-30 00:28:35 | Epoch  75/400 | Train Loss 2.3095 Acc 0.1049 | Val Loss 2.3008 Acc 0.1129 AUC 0.5000 Pre 0.0113 Rec 0.1000
2026-08-30 00:28:35 | Diag logvar_q_mean=-0.2255 logvar_q_clamp=0.0000 logvar_p_mean=-0.2255 logvar_p_clamp=0.0000
2026-08-30 00:28:39 | Epoch  76/400 | Train Loss 2.3081 Acc 0.1041 | Val Loss 2.3008 Acc 0.1129 AUC 0.5000 Pre 0.0113 Rec 0.1000
2026-08-30 00:28:39 | Diag logvar_q_mean=-0.2291 logvar_q_clamp=0.0000 logvar_p_mean=-0.2291 logvar_p_clamp=0.0000
2026-08-30 00:28:43 | Epoch  77/400 | Train Loss 2.3095 Acc 0.1037 | Val Loss 2.3008 Acc 0.1129 AUC 0.5000 Pre 0.0113 Rec 0.1000
2026-08-30 00:28:43 | Diag logvar_q_mean=-0.2331 logvar_q_clamp=0.0000 logvar_p_mean=-0.2331 logvar_p_clamp=0.0000
2026-08-30 00:28:46 | Epoch  78/400 | Train Loss 2.3090 Acc 0.1038 | Val Loss 2.3008 Acc 0.1129 AUC 0.5000 Pre 0.0113 Rec 0.1000
2026-08-30 00:28:47 | Diag logvar_q_mean=-0.2368 logvar_q_clamp=0.0000 logvar_p_mean=-0.2368 logvar_p_clamp=0.0000
2026-08-30 00:28:50 | Epoch  79/400 | Train Loss 2.3093 Acc 0.1028 | Val Loss 2.3008 Acc 0.1129 AUC 0.5000 Pre 0.0113 Rec 0.1000
2026-08-30 00:28:51 | Diag logvar_q_mean=-0.2406 logvar_q_clamp=0.0000 logvar_p_mean=-0.2407 logvar_p_clamp=0.0000
2026-08-30 00:28:54 | Epoch  80/400 | Train Loss 2.3081 Acc 0.1064 | Val Loss 2.3007 Acc 0.1129 AUC 0.5000 Pre 0.0113 Rec 0.1000
2026-08-30 00:28:54 | Diag logvar_q_mean=-0.2443 logvar_q_clamp=0.0000 logvar_p_mean=-0.2443 logvar_p_clamp=0.0000
2026-08-30 00:28:58 | Epoch  81/400 | Train Loss 2.3088 Acc 0.1045 | Val Loss 2.3008 Acc 0.1129 AUC 0.5000 Pre 0.0113 Rec 0.1000
2026-08-30 00:28:58 | Diag logvar_q_mean=-0.2480 logvar_q_clamp=0.0000 logvar_p_mean=-0.2480 logvar_p_clamp=0.0000
2026-08-30 00:29:02 | Epoch  82/400 | Train Loss 2.3079 Acc 0.1045 | Val Loss 2.3008 Acc 0.1129 AUC 0.5000 Pre 0.0113 Rec 0.1000
2026-08-30 00:29:02 | Diag logvar_q_mean=-0.2516 logvar_q_clamp=0.0000 logvar_p_mean=-0.2516 logvar_p_clamp=0.0000
2026-08-30 00:29:05 | Epoch  83/400 | Train Loss 2.3079 Acc 0.1045 | Val Loss 2.3008 Acc 0.1129 AUC 0.5000 Pre 0.0113 Rec 0.1000
2026-08-30 00:29:06 | Diag logvar_q_mean=-0.2551 logvar_q_clamp=0.0000 logvar_p_mean=-0.2551 logvar_p_clamp=0.0000
2026-08-30 00:29:09 | Epoch  84/400 | Train Loss 2.3084 Acc 0.1058 | Val Loss 2.3008 Acc 0.1129 AUC 0.5000 Pre 0.0113 Rec 0.1000
2026-08-30 00:29:10 | Diag logvar_q_mean=-0.2588 logvar_q_clamp=0.0000 logvar_p_mean=-0.2588 logvar_p_clamp=0.0000
2026-08-30 00:29:13 | Epoch  85/400 | Train Loss 2.3093 Acc 0.1020 | Val Loss 2.3008 Acc 0.1129 AUC 0.5000 Pre 0.0113 Rec 0.1000
2026-08-30 00:29:13 | Diag logvar_q_mean=-0.2626 logvar_q_clamp=0.0000 logvar_p_mean=-0.2626 logvar_p_clamp=0.0000
2026-08-30 00:29:17 | Epoch  86/400 | Train Loss 2.3087 Acc 0.1044 | Val Loss 2.3007 Acc 0.1129 AUC 0.5000 Pre 0.0113 Rec 0.1000
2026-08-30 00:29:17 | Diag logvar_q_mean=-0.2663 logvar_q_clamp=0.0000 logvar_p_mean=-0.2663 logvar_p_clamp=0.0000
2026-08-30 00:29:20 | Epoch  87/400 | Train Loss 2.3077 Acc 0.1053 | Val Loss 2.3008 Acc 0.1129 AUC 0.5000 Pre 0.0113 Rec 0.1000
2026-08-30 00:29:21 | Diag logvar_q_mean=-0.2698 logvar_q_clamp=0.0000 logvar_p_mean=-0.2698 logvar_p_clamp=0.0000
2026-08-30 00:29:24 | Epoch  88/400 | Train Loss 2.3086 Acc 0.1044 | Val Loss 2.3007 Acc 0.1129 AUC 0.5000 Pre 0.0113 Rec 0.1000
2026-08-30 00:29:25 | Diag logvar_q_mean=-0.2735 logvar_q_clamp=0.0000 logvar_p_mean=-0.2735 logvar_p_clamp=0.0000
2026-08-30 00:29:28 | Epoch  89/400 | Train Loss 2.3089 Acc 0.1015 | Val Loss 2.3007 Acc 0.1129 AUC 0.5000 Pre 0.0113 Rec 0.1000
2026-08-30 00:29:28 | Diag logvar_q_mean=-0.2772 logvar_q_clamp=0.0000 logvar_p_mean=-0.2772 logvar_p_clamp=0.0000
2026-08-30 00:29:32 | Epoch  90/400 | Train Loss 2.3086 Acc 0.1050 | Val Loss 2.3008 Acc 0.1129 AUC 0.5000 Pre 0.0113 Rec 0.1000
2026-08-30 00:29:32 | Diag logvar_q_mean=-0.2809 logvar_q_clamp=0.0000 logvar_p_mean=-0.2809 logvar_p_clamp=0.0000
2026-08-30 00:29:36 | Epoch  91/400 | Train Loss 2.3087 Acc 0.1027 | Val Loss 2.3008 Acc 0.1129 AUC 0.5000 Pre 0.0113 Rec 0.1000
2026-08-30 00:29:36 | Diag logvar_q_mean=-0.2846 logvar_q_clamp=0.0000 logvar_p_mean=-0.2846 logvar_p_clamp=0.0000
2026-08-30 00:29:39 | Epoch  92/400 | Train Loss 2.3086 Acc 0.1040 | Val Loss 2.3008 Acc 0.1129 AUC 0.5000 Pre 0.0113 Rec 0.1000
2026-08-30 00:29:40 | Diag logvar_q_mean=-0.2883 logvar_q_clamp=0.0000 logvar_p_mean=-0.2883 logvar_p_clamp=0.0000
2026-08-30 00:29:43 | Epoch  93/400 | Train Loss 2.3083 Acc 0.1048 | Val Loss 2.3008 Acc 0.1129 AUC 0.5000 Pre 0.0113 Rec 0.1000
2026-08-30 00:29:44 | Diag logvar_q_mean=-0.2919 logvar_q_clamp=0.0000 logvar_p_mean=-0.2919 logvar_p_clamp=0.0000
2026-08-30 00:29:47 | Epoch  94/400 | Train Loss 2.3087 Acc 0.1035 | Val Loss 2.3008 Acc 0.1129 AUC 0.5000 Pre 0.0113 Rec 0.1000
2026-08-30 00:29:47 | Diag logvar_q_mean=-0.2956 logvar_q_clamp=0.0000 logvar_p_mean=-0.2956 logvar_p_clamp=0.0000
2026-08-30 00:29:51 | Epoch  95/400 | Train Loss 2.3085 Acc 0.1031 | Val Loss 2.3008 Acc 0.1129 AUC 0.5000 Pre 0.0113 Rec 0.1000
2026-08-30 00:29:51 | Diag logvar_q_mean=-0.2992 logvar_q_clamp=0.0000 logvar_p_mean=-0.2992 logvar_p_clamp=0.0000
2026-08-30 00:29:55 | Epoch  96/400 | Train Loss 2.3082 Acc 0.1048 | Val Loss 2.3008 Acc 0.1129 AUC 0.5000 Pre 0.0113 Rec 0.1000
2026-08-30 00:29:55 | Diag logvar_q_mean=-0.3028 logvar_q_clamp=0.0000 logvar_p_mean=-0.3028 logvar_p_clamp=0.0000
2026-08-30 00:29:58 | Epoch  97/400 | Train Loss 2.3084 Acc 0.1035 | Val Loss 2.3007 Acc 0.1129 AUC 0.5000 Pre 0.0113 Rec 0.1000
2026-08-30 00:29:59 | Diag logvar_q_mean=-0.3064 logvar_q_clamp=0.0000 logvar_p_mean=-0.3064 logvar_p_clamp=0.0000
2026-08-30 00:30:02 | Epoch  98/400 | Train Loss 2.3083 Acc 0.1050 | Val Loss 2.3007 Acc 0.1129 AUC 0.5000 Pre 0.0113 Rec 0.1000
2026-08-30 00:30:03 | Diag logvar_q_mean=-0.3100 logvar_q_clamp=0.0000 logvar_p_mean=-0.3100 logvar_p_clamp=0.0000
2026-08-30 00:30:06 | Epoch  99/400 | Train Loss 2.3084 Acc 0.1052 | Val Loss 2.3008 Acc 0.1129 AUC 0.5000 Pre 0.0113 Rec 0.1000
2026-08-30 00:30:06 | Diag logvar_q_mean=-0.3137 logvar_q_clamp=0.0000 logvar_p_mean=-0.3137 logvar_p_clamp=0.0000
2026-08-30 00:30:10 | Epoch 100/400 | Train Loss 2.3087 Acc 0.1039 | Val Loss 2.3008 Acc 0.1129 AUC 0.5000 Pre 0.0113 Rec 0.1000
2026-08-30 00:30:10 | Diag logvar_q_mean=-0.3173 logvar_q_clamp=0.0000 logvar_p_mean=-0.3173 logvar_p_clamp=0.0000
2026-08-30 00:30:13 | Epoch 101/400 | Train Loss 2.3091 Acc 0.1040 | Val Loss 2.3008 Acc 0.1129 AUC 0.5000 Pre 0.0113 Rec 0.1000
2026-08-30 00:30:14 | Diag logvar_q_mean=-0.3210 logvar_q_clamp=0.0000 logvar_p_mean=-0.3210 logvar_p_clamp=0.0000
2026-08-30 00:30:17 | Epoch 102/400 | Train Loss 2.3074 Acc 0.1065 | Val Loss 2.3008 Acc 0.1129 AUC 0.5000 Pre 0.0113 Rec 0.1000
2026-08-30 00:30:18 | Diag logvar_q_mean=-0.3243 logvar_q_clamp=0.0000 logvar_p_mean=-0.3243 logvar_p_clamp=0.0000
2026-08-30 00:30:21 | Epoch 103/400 | Train Loss 2.3082 Acc 0.1051 | Val Loss 2.3008 Acc 0.1129 AUC 0.5000 Pre 0.0113 Rec 0.1000
2026-08-30 00:30:21 | Diag logvar_q_mean=-0.3278 logvar_q_clamp=0.0000 logvar_p_mean=-0.3278 logvar_p_clamp=0.0000
2026-08-30 00:30:25 | Epoch 104/400 | Train Loss 2.3078 Acc 0.1049 | Val Loss 2.3007 Acc 0.1129 AUC 0.5000 Pre 0.0113 Rec 0.1000
2026-08-30 00:30:25 | Diag logvar_q_mean=-0.3313 logvar_q_clamp=0.0000 logvar_p_mean=-0.3313 logvar_p_clamp=0.0000
2026-08-30 00:30:28 | Epoch 105/400 | Train Loss 2.3090 Acc 0.1033 | Val Loss 2.3008 Acc 0.1129 AUC 0.5000 Pre 0.0113 Rec 0.1000
2026-08-30 00:30:29 | Diag logvar_q_mean=-0.3350 logvar_q_clamp=0.0000 logvar_p_mean=-0.3350 logvar_p_clamp=0.0000
2026-08-30 00:30:32 | Epoch 106/400 | Train Loss 2.3086 Acc 0.1046 | Val Loss 2.3007 Acc 0.1129 AUC 0.5000 Pre 0.0113 Rec 0.1000
2026-08-30 00:30:33 | Diag logvar_q_mean=-0.3386 logvar_q_clamp=0.0000 logvar_p_mean=-0.3386 logvar_p_clamp=0.0000
2026-08-30 00:30:36 | Epoch 107/400 | Train Loss 2.3080 Acc 0.1044 | Val Loss 2.3008 Acc 0.1129 AUC 0.5000 Pre 0.0113 Rec 0.1000
2026-08-30 00:30:37 | Diag logvar_q_mean=-0.3421 logvar_q_clamp=0.0000 logvar_p_mean=-0.3421 logvar_p_clamp=0.0000
2026-08-30 00:30:40 | Epoch 108/400 | Train Loss 2.3082 Acc 0.1050 | Val Loss 2.3007 Acc 0.1129 AUC 0.5000 Pre 0.0113 Rec 0.1000
2026-08-30 00:30:40 | Diag logvar_q_mean=-0.3456 logvar_q_clamp=0.0000 logvar_p_mean=-0.3456 logvar_p_clamp=0.0000
2026-08-30 00:30:44 | Epoch 109/400 | Train Loss 2.3092 Acc 0.1017 | Val Loss 2.3007 Acc 0.1129 AUC 0.5000 Pre 0.0113 Rec 0.1000
2026-08-30 00:30:44 | Diag logvar_q_mean=-0.3494 logvar_q_clamp=0.0000 logvar_p_mean=-0.3494 logvar_p_clamp=0.0000
2026-08-30 00:30:47 | Epoch 110/400 | Train Loss 2.3083 Acc 0.1042 | Val Loss 2.3008 Acc 0.1129 AUC 0.5000 Pre 0.0113 Rec 0.1000
2026-08-30 00:30:48 | Diag logvar_q_mean=-0.3528 logvar_q_clamp=0.0000 logvar_p_mean=-0.3528 logvar_p_clamp=0.0000
2026-08-30 00:30:51 | Epoch 111/400 | Train Loss 2.3082 Acc 0.1041 | Val Loss 2.3008 Acc 0.1129 AUC 0.5000 Pre 0.0113 Rec 0.1000
2026-08-30 00:30:52 | Diag logvar_q_mean=-0.3564 logvar_q_clamp=0.0000 logvar_p_mean=-0.3564 logvar_p_clamp=0.0000
2026-08-30 00:30:55 | Epoch 112/400 | Train Loss 2.3074 Acc 0.1046 | Val Loss 2.3008 Acc 0.1129 AUC 0.5000 Pre 0.0113 Rec 0.1000
2026-08-30 00:30:55 | Diag logvar_q_mean=-0.3597 logvar_q_clamp=0.0000 logvar_p_mean=-0.3597 logvar_p_clamp=0.0000
2026-08-30 00:30:59 | Epoch 113/400 | Train Loss 2.3083 Acc 0.1039 | Val Loss 2.3008 Acc 0.1129 AUC 0.5000 Pre 0.0113 Rec 0.1000
2026-08-30 00:30:59 | Diag logvar_q_mean=-0.3633 logvar_q_clamp=0.0000 logvar_p_mean=-0.3633 logvar_p_clamp=0.0000
2026-08-30 00:31:02 | Epoch 114/400 | Train Loss 2.3080 Acc 0.1038 | Val Loss 2.3008 Acc 0.1129 AUC 0.5000 Pre 0.0113 Rec 0.1000
2026-08-30 00:31:03 | Diag logvar_q_mean=-0.3667 logvar_q_clamp=0.0000 logvar_p_mean=-0.3667 logvar_p_clamp=0.0000
2026-08-30 00:31:06 | Epoch 115/400 | Train Loss 2.3087 Acc 0.1043 | Val Loss 2.3007 Acc 0.1129 AUC 0.5000 Pre 0.0113 Rec 0.1000
2026-08-30 00:31:07 | Diag logvar_q_mean=-0.3703 logvar_q_clamp=0.0000 logvar_p_mean=-0.3703 logvar_p_clamp=0.0000
2026-08-30 00:31:10 | Epoch 116/400 | Train Loss 2.3075 Acc 0.1051 | Val Loss 2.3007 Acc 0.1129 AUC 0.5000 Pre 0.0113 Rec 0.1000
2026-08-30 00:31:10 | Diag logvar_q_mean=-0.3737 logvar_q_clamp=0.0000 logvar_p_mean=-0.3737 logvar_p_clamp=0.0000
2026-08-30 00:31:14 | Epoch 117/400 | Train Loss 2.3087 Acc 0.1018 | Val Loss 2.3007 Acc 0.1129 AUC 0.5000 Pre 0.0113 Rec 0.1000
2026-08-30 00:31:14 | Diag logvar_q_mean=-0.3773 logvar_q_clamp=0.0000 logvar_p_mean=-0.3774 logvar_p_clamp=0.0000
2026-08-30 00:31:18 | Epoch 118/400 | Train Loss 2.3083 Acc 0.1030 | Val Loss 2.3007 Acc 0.1129 AUC 0.5000 Pre 0.0113 Rec 0.1000
2026-08-30 00:31:18 | Diag logvar_q_mean=-0.3808 logvar_q_clamp=0.0000 logvar_p_mean=-0.3808 logvar_p_clamp=0.0000
2026-08-30 00:31:21 | Epoch 119/400 | Train Loss 2.3081 Acc 0.1043 | Val Loss 2.3007 Acc 0.1129 AUC 0.5000 Pre 0.0113 Rec 0.1000
2026-08-30 00:31:22 | Diag logvar_q_mean=-0.3843 logvar_q_clamp=0.0000 logvar_p_mean=-0.3843 logvar_p_clamp=0.0000
2026-08-30 00:31:25 | Epoch 120/400 | Train Loss 2.3082 Acc 0.1063 | Val Loss 2.3008 Acc 0.1129 AUC 0.5000 Pre 0.0113 Rec 0.1000
2026-08-30 00:31:26 | Diag logvar_q_mean=-0.3878 logvar_q_clamp=0.0000 logvar_p_mean=-0.3878 logvar_p_clamp=0.0000
2026-08-30 00:31:29 | Epoch 121/400 | Train Loss 2.3079 Acc 0.1058 | Val Loss 2.3008 Acc 0.1129 AUC 0.5000 Pre 0.0113 Rec 0.1000
2026-08-30 00:31:30 | Diag logvar_q_mean=-0.3913 logvar_q_clamp=0.0000 logvar_p_mean=-0.3913 logvar_p_clamp=0.0000
2026-08-30 00:31:33 | Epoch 122/400 | Train Loss 2.3073 Acc 0.1047 | Val Loss 2.3008 Acc 0.1129 AUC 0.5000 Pre 0.0113 Rec 0.1000
2026-08-30 00:31:33 | Diag logvar_q_mean=-0.3947 logvar_q_clamp=0.0000 logvar_p_mean=-0.3947 logvar_p_clamp=0.0000
2026-08-30 00:31:37 | Epoch 123/400 | Train Loss 2.3082 Acc 0.1046 | Val Loss 2.3007 Acc 0.1129 AUC 0.5000 Pre 0.0113 Rec 0.1000
2026-08-30 00:31:37 | Diag logvar_q_mean=-0.3983 logvar_q_clamp=0.0000 logvar_p_mean=-0.3983 logvar_p_clamp=0.0000
2026-08-30 00:31:41 | Epoch 124/400 | Train Loss 2.3076 Acc 0.1052 | Val Loss 2.3008 Acc 0.1129 AUC 0.5000 Pre 0.0113 Rec 0.1000
2026-08-30 00:31:41 | Diag logvar_q_mean=-0.4017 logvar_q_clamp=0.0000 logvar_p_mean=-0.4017 logvar_p_clamp=0.0000
2026-08-30 00:31:44 | Epoch 125/400 | Train Loss 2.3088 Acc 0.1031 | Val Loss 2.3008 Acc 0.1129 AUC 0.5000 Pre 0.0113 Rec 0.1000
2026-08-30 00:31:45 | Diag logvar_q_mean=-0.4054 logvar_q_clamp=0.0000 logvar_p_mean=-0.4054 logvar_p_clamp=0.0000
2026-08-30 00:31:48 | Epoch 126/400 | Train Loss 2.3076 Acc 0.1046 | Val Loss 2.3008 Acc 0.1129 AUC 0.5000 Pre 0.0113 Rec 0.1000
2026-08-30 00:31:49 | Diag logvar_q_mean=-0.4087 logvar_q_clamp=0.0000 logvar_p_mean=-0.4087 logvar_p_clamp=0.0000
2026-08-30 00:31:52 | Epoch 127/400 | Train Loss 2.3081 Acc 0.1038 | Val Loss 2.3008 Acc 0.1129 AUC 0.5000 Pre 0.0113 Rec 0.1000
2026-08-30 00:31:52 | Diag logvar_q_mean=-0.4122 logvar_q_clamp=0.0000 logvar_p_mean=-0.4122 logvar_p_clamp=0.0000
2026-08-30 00:31:56 | Epoch 128/400 | Train Loss 2.3072 Acc 0.1059 | Val Loss 2.3008 Acc 0.1129 AUC 0.5000 Pre 0.0113 Rec 0.1000
2026-08-30 00:31:56 | Diag logvar_q_mean=-0.4155 logvar_q_clamp=0.0000 logvar_p_mean=-0.4155 logvar_p_clamp=0.0000
2026-08-30 00:31:59 | Epoch 129/400 | Train Loss 2.3083 Acc 0.1064 | Val Loss 2.3007 Acc 0.1129 AUC 0.5000 Pre 0.0113 Rec 0.1000
2026-08-30 00:32:00 | Diag logvar_q_mean=-0.4190 logvar_q_clamp=0.0000 logvar_p_mean=-0.4190 logvar_p_clamp=0.0000
2026-08-30 00:32:03 | Epoch 130/400 | Train Loss 2.3077 Acc 0.1042 | Val Loss 2.3008 Acc 0.1129 AUC 0.5000 Pre 0.0113 Rec 0.1000
2026-08-30 00:32:04 | Diag logvar_q_mean=-0.4224 logvar_q_clamp=0.0000 logvar_p_mean=-0.4224 logvar_p_clamp=0.0000
2026-08-30 00:32:07 | Epoch 131/400 | Train Loss 2.3083 Acc 0.1032 | Val Loss 2.3008 Acc 0.1129 AUC 0.5000 Pre 0.0113 Rec 0.1000
2026-08-30 00:32:07 | Diag logvar_q_mean=-0.4259 logvar_q_clamp=0.0000 logvar_p_mean=-0.4259 logvar_p_clamp=0.0000
2026-08-30 00:32:11 | Epoch 132/400 | Train Loss 2.3079 Acc 0.1051 | Val Loss 2.3008 Acc 0.1129 AUC 0.5000 Pre 0.0113 Rec 0.1000
2026-08-30 00:32:11 | Diag logvar_q_mean=-0.4294 logvar_q_clamp=0.0000 logvar_p_mean=-0.4294 logvar_p_clamp=0.0000
2026-08-30 00:32:14 | Epoch 133/400 | Train Loss 2.3089 Acc 0.1036 | Val Loss 2.3008 Acc 0.1129 AUC 0.5000 Pre 0.0113 Rec 0.1000
2026-08-30 00:32:15 | Diag logvar_q_mean=-0.4329 logvar_q_clamp=0.0000 logvar_p_mean=-0.4329 logvar_p_clamp=0.0000
2026-08-30 00:32:18 | Epoch 134/400 | Train Loss 2.3075 Acc 0.1040 | Val Loss 2.3007 Acc 0.1129 AUC 0.5000 Pre 0.0113 Rec 0.1000
2026-08-30 00:32:19 | Diag logvar_q_mean=-0.4362 logvar_q_clamp=0.0000 logvar_p_mean=-0.4362 logvar_p_clamp=0.0000
2026-08-30 00:32:22 | Epoch 135/400 | Train Loss 2.3076 Acc 0.1041 | Val Loss 2.3007 Acc 0.1129 AUC 0.5000 Pre 0.0113 Rec 0.1000
2026-08-30 00:32:22 | Diag logvar_q_mean=-0.4396 logvar_q_clamp=0.0000 logvar_p_mean=-0.4396 logvar_p_clamp=0.0000
2026-08-30 00:32:26 | Epoch 136/400 | Train Loss 2.3080 Acc 0.1026 | Val Loss 2.3008 Acc 0.1129 AUC 0.5000 Pre 0.0113 Rec 0.1000
2026-08-30 00:32:26 | Diag logvar_q_mean=-0.4430 logvar_q_clamp=0.0000 logvar_p_mean=-0.4430 logvar_p_clamp=0.0000
2026-08-30 00:32:29 | Epoch 137/400 | Train Loss 2.3083 Acc 0.1028 | Val Loss 2.3008 Acc 0.1129 AUC 0.5000 Pre 0.0113 Rec 0.1000
2026-08-30 00:32:30 | Diag logvar_q_mean=-0.4466 logvar_q_clamp=0.0000 logvar_p_mean=-0.4466 logvar_p_clamp=0.0000
2026-08-30 00:32:33 | Epoch 138/400 | Train Loss 2.3083 Acc 0.1028 | Val Loss 2.3007 Acc 0.1129 AUC 0.5000 Pre 0.0113 Rec 0.1000
2026-08-30 00:32:34 | Diag logvar_q_mean=-0.4500 logvar_q_clamp=0.0000 logvar_p_mean=-0.4500 logvar_p_clamp=0.0000
2026-08-30 00:32:37 | Epoch 139/400 | Train Loss 2.3079 Acc 0.1038 | Val Loss 2.3008 Acc 0.1129 AUC 0.5000 Pre 0.0113 Rec 0.1000
2026-08-30 00:32:37 | Diag logvar_q_mean=-0.4534 logvar_q_clamp=0.0000 logvar_p_mean=-0.4534 logvar_p_clamp=0.0000
2026-08-30 00:32:41 | Epoch 140/400 | Train Loss 2.3078 Acc 0.1052 | Val Loss 2.3007 Acc 0.1129 AUC 0.5000 Pre 0.0113 Rec 0.1000
2026-08-30 00:32:41 | Diag logvar_q_mean=-0.4567 logvar_q_clamp=0.0000 logvar_p_mean=-0.4567 logvar_p_clamp=0.0000
2026-08-30 00:32:45 | Epoch 141/400 | Train Loss 2.3074 Acc 0.1040 | Val Loss 2.3007 Acc 0.1129 AUC 0.5000 Pre 0.0113 Rec 0.1000
2026-08-30 00:32:45 | Diag logvar_q_mean=-0.4601 logvar_q_clamp=0.0000 logvar_p_mean=-0.4601 logvar_p_clamp=0.0000
2026-08-30 00:32:48 | Epoch 142/400 | Train Loss 2.3088 Acc 0.1020 | Val Loss 2.3008 Acc 0.1129 AUC 0.5000 Pre 0.0113 Rec 0.1000
2026-08-30 00:32:49 | Diag logvar_q_mean=-0.4637 logvar_q_clamp=0.0000 logvar_p_mean=-0.4637 logvar_p_clamp=0.0000
2026-08-30 00:32:52 | Epoch 143/400 | Train Loss 2.3077 Acc 0.1035 | Val Loss 2.3008 Acc 0.1129 AUC 0.5000 Pre 0.0113 Rec 0.1000
2026-08-30 00:32:53 | Diag logvar_q_mean=-0.4670 logvar_q_clamp=0.0000 logvar_p_mean=-0.4670 logvar_p_clamp=0.0000
2026-08-30 00:32:56 | Epoch 144/400 | Train Loss 2.3074 Acc 0.1034 | Val Loss 2.3008 Acc 0.1129 AUC 0.5000 Pre 0.0113 Rec 0.1000
2026-08-30 00:32:56 | Diag logvar_q_mean=-0.4702 logvar_q_clamp=0.0000 logvar_p_mean=-0.4702 logvar_p_clamp=0.0000
2026-08-30 00:33:00 | Epoch 145/400 | Train Loss 2.3085 Acc 0.1034 | Val Loss 2.3008 Acc 0.1129 AUC 0.5000 Pre 0.0113 Rec 0.1000
2026-08-30 00:33:00 | Diag logvar_q_mean=-0.4736 logvar_q_clamp=0.0000 logvar_p_mean=-0.4736 logvar_p_clamp=0.0000
2026-08-30 00:33:03 | Epoch 146/400 | Train Loss 2.3076 Acc 0.1048 | Val Loss 2.3008 Acc 0.1129 AUC 0.5000 Pre 0.0113 Rec 0.1000
2026-08-30 00:33:04 | Diag logvar_q_mean=-0.4769 logvar_q_clamp=0.0000 logvar_p_mean=-0.4769 logvar_p_clamp=0.0000
2026-08-30 00:33:07 | Epoch 147/400 | Train Loss 2.3082 Acc 0.1060 | Val Loss 2.3007 Acc 0.1129 AUC 0.5000 Pre 0.0113 Rec 0.1000
2026-08-30 00:33:08 | Diag logvar_q_mean=-0.4803 logvar_q_clamp=0.0000 logvar_p_mean=-0.4803 logvar_p_clamp=0.0000
2026-08-30 00:33:11 | Epoch 148/400 | Train Loss 2.3077 Acc 0.1047 | Val Loss 2.3008 Acc 0.1129 AUC 0.5000 Pre 0.0113 Rec 0.1000
2026-08-30 00:33:11 | Diag logvar_q_mean=-0.4837 logvar_q_clamp=0.0000 logvar_p_mean=-0.4836 logvar_p_clamp=0.0000
2026-08-30 00:33:15 | Epoch 149/400 | Train Loss 2.3078 Acc 0.1030 | Val Loss 2.3008 Acc 0.1129 AUC 0.5000 Pre 0.0113 Rec 0.1000
2026-08-30 00:33:15 | Diag logvar_q_mean=-0.4870 logvar_q_clamp=0.0000 logvar_p_mean=-0.4870 logvar_p_clamp=0.0000
2026-08-30 00:33:18 | Epoch 150/400 | Train Loss 2.3074 Acc 0.1041 | Val Loss 2.3008 Acc 0.1129 AUC 0.5000 Pre 0.0113 Rec 0.1000
2026-08-30 00:33:19 | Diag logvar_q_mean=-0.4903 logvar_q_clamp=0.0000 logvar_p_mean=-0.4903 logvar_p_clamp=0.0000
2026-08-30 00:33:22 | Epoch 151/400 | Train Loss 2.3084 Acc 0.1045 | Val Loss 2.3008 Acc 0.1129 AUC 0.5000 Pre 0.0113 Rec 0.1000
2026-08-30 00:33:23 | Diag logvar_q_mean=-0.4938 logvar_q_clamp=0.0000 logvar_p_mean=-0.4938 logvar_p_clamp=0.0000
2026-08-30 00:33:26 | Epoch 152/400 | Train Loss 2.3073 Acc 0.1030 | Val Loss 2.3007 Acc 0.1129 AUC 0.5000 Pre 0.0113 Rec 0.1000
2026-08-30 00:33:27 | Diag logvar_q_mean=-0.4970 logvar_q_clamp=0.0000 logvar_p_mean=-0.4970 logvar_p_clamp=0.0000
2026-08-30 00:33:30 | Epoch 153/400 | Train Loss 2.3077 Acc 0.1066 | Val Loss 2.3007 Acc 0.1129 AUC 0.5000 Pre 0.0113 Rec 0.1000
2026-08-30 00:33:30 | Diag logvar_q_mean=-0.5003 logvar_q_clamp=0.0000 logvar_p_mean=-0.5003 logvar_p_clamp=0.0000
2026-08-30 00:33:34 | Epoch 154/400 | Train Loss 2.3076 Acc 0.1047 | Val Loss 2.3007 Acc 0.1129 AUC 0.5000 Pre 0.0113 Rec 0.1000
2026-08-30 00:33:34 | Diag logvar_q_mean=-0.5036 logvar_q_clamp=0.0000 logvar_p_mean=-0.5036 logvar_p_clamp=0.0000
2026-08-30 00:33:37 | Epoch 155/400 | Train Loss 2.3077 Acc 0.1039 | Val Loss 2.3007 Acc 0.1129 AUC 0.5000 Pre 0.0113 Rec 0.1000
2026-08-30 00:33:38 | Diag logvar_q_mean=-0.5069 logvar_q_clamp=0.0000 logvar_p_mean=-0.5069 logvar_p_clamp=0.0000
2026-08-30 00:33:41 | Epoch 156/400 | Train Loss 2.3072 Acc 0.1047 | Val Loss 2.3007 Acc 0.1129 AUC 0.5000 Pre 0.0113 Rec 0.1000
2026-08-30 00:33:42 | Diag logvar_q_mean=-0.5101 logvar_q_clamp=0.0000 logvar_p_mean=-0.5101 logvar_p_clamp=0.0000
2026-08-30 00:33:45 | Epoch 157/400 | Train Loss 2.3083 Acc 0.1044 | Val Loss 2.3007 Acc 0.1129 AUC 0.5000 Pre 0.0113 Rec 0.1000
2026-08-30 00:33:45 | Diag logvar_q_mean=-0.5135 logvar_q_clamp=0.0000 logvar_p_mean=-0.5135 logvar_p_clamp=0.0000
2026-08-30 00:33:49 | Epoch 158/400 | Train Loss 2.3075 Acc 0.1053 | Val Loss 2.3007 Acc 0.1129 AUC 0.5000 Pre 0.0113 Rec 0.1000
2026-08-30 00:33:49 | Diag logvar_q_mean=-0.5168 logvar_q_clamp=0.0000 logvar_p_mean=-0.5168 logvar_p_clamp=0.0000
2026-08-30 00:33:52 | Epoch 159/400 | Train Loss 2.3079 Acc 0.1045 | Val Loss 2.3007 Acc 0.1129 AUC 0.5000 Pre 0.0113 Rec 0.1000
2026-08-30 00:33:53 | Diag logvar_q_mean=-0.5201 logvar_q_clamp=0.0000 logvar_p_mean=-0.5201 logvar_p_clamp=0.0000
2026-08-30 00:33:56 | Epoch 160/400 | Train Loss 2.3076 Acc 0.1039 | Val Loss 2.3008 Acc 0.1129 AUC 0.5000 Pre 0.0113 Rec 0.1000
2026-08-30 00:33:57 | Diag logvar_q_mean=-0.5233 logvar_q_clamp=0.0000 logvar_p_mean=-0.5233 logvar_p_clamp=0.0000
2026-08-30 00:34:00 | Epoch 161/400 | Train Loss 2.3079 Acc 0.1047 | Val Loss 2.3007 Acc 0.1129 AUC 0.5000 Pre 0.0113 Rec 0.1000
2026-08-30 00:34:01 | Diag logvar_q_mean=-0.5266 logvar_q_clamp=0.0000 logvar_p_mean=-0.5266 logvar_p_clamp=0.0000
2026-08-30 00:34:04 | Epoch 162/400 | Train Loss 2.3089 Acc 0.1041 | Val Loss 2.3007 Acc 0.1129 AUC 0.5000 Pre 0.0113 Rec 0.1000
2026-08-30 00:34:04 | Diag logvar_q_mean=-0.5301 logvar_q_clamp=0.0000 logvar_p_mean=-0.5301 logvar_p_clamp=0.0000
2026-08-30 00:34:07 | Epoch 163/400 | Train Loss 2.3075 Acc 0.1047 | Val Loss 2.3008 Acc 0.1129 AUC 0.5000 Pre 0.0113 Rec 0.1000
2026-08-30 00:34:08 | Diag logvar_q_mean=-0.5333 logvar_q_clamp=0.0000 logvar_p_mean=-0.5333 logvar_p_clamp=0.0000
2026-08-30 00:34:11 | Epoch 164/400 | Train Loss 2.3080 Acc 0.1036 | Val Loss 2.3008 Acc 0.1129 AUC 0.5000 Pre 0.0113 Rec 0.1000
2026-08-30 00:34:12 | Diag logvar_q_mean=-0.5366 logvar_q_clamp=0.0000 logvar_p_mean=-0.5366 logvar_p_clamp=0.0000
2026-08-30 00:34:15 | Epoch 165/400 | Train Loss 2.3082 Acc 0.1030 | Val Loss 2.3008 Acc 0.1129 AUC 0.5000 Pre 0.0113 Rec 0.1000
2026-08-30 00:34:16 | Diag logvar_q_mean=-0.5400 logvar_q_clamp=0.0000 logvar_p_mean=-0.5400 logvar_p_clamp=0.0000
2026-08-30 00:34:19 | Epoch 166/400 | Train Loss 2.3073 Acc 0.1053 | Val Loss 2.3008 Acc 0.1129 AUC 0.5000 Pre 0.0113 Rec 0.1000
2026-08-30 00:34:19 | Diag logvar_q_mean=-0.5431 logvar_q_clamp=0.0000 logvar_p_mean=-0.5431 logvar_p_clamp=0.0000
2026-08-30 00:34:23 | Epoch 167/400 | Train Loss 2.3076 Acc 0.1058 | Val Loss 2.3008 Acc 0.1129 AUC 0.5000 Pre 0.0113 Rec 0.1000
2026-08-30 00:34:23 | Diag logvar_q_mean=-0.5464 logvar_q_clamp=0.0000 logvar_p_mean=-0.5464 logvar_p_clamp=0.0000
2026-08-30 00:34:26 | Epoch 168/400 | Train Loss 2.3075 Acc 0.1016 | Val Loss 2.3007 Acc 0.1129 AUC 0.5000 Pre 0.0113 Rec 0.1000
2026-08-30 00:34:27 | Diag logvar_q_mean=-0.5496 logvar_q_clamp=0.0000 logvar_p_mean=-0.5496 logvar_p_clamp=0.0000
2026-08-30 00:34:30 | Epoch 169/400 | Train Loss 2.3076 Acc 0.1033 | Val Loss 2.3008 Acc 0.1129 AUC 0.5000 Pre 0.0113 Rec 0.1000
2026-08-30 00:34:31 | Diag logvar_q_mean=-0.5529 logvar_q_clamp=0.0000 logvar_p_mean=-0.5529 logvar_p_clamp=0.0000
2026-08-30 00:34:34 | Epoch 170/400 | Train Loss 2.3074 Acc 0.1057 | Val Loss 2.3008 Acc 0.1129 AUC 0.5000 Pre 0.0113 Rec 0.1000
2026-08-30 00:34:34 | Diag logvar_q_mean=-0.5561 logvar_q_clamp=0.0000 logvar_p_mean=-0.5561 logvar_p_clamp=0.0000
2026-08-30 00:34:38 | Epoch 171/400 | Train Loss 2.3082 Acc 0.1050 | Val Loss 2.3007 Acc 0.1129 AUC 0.5000 Pre 0.0113 Rec 0.1000
2026-08-30 00:34:38 | Diag logvar_q_mean=-0.5594 logvar_q_clamp=0.0000 logvar_p_mean=-0.5594 logvar_p_clamp=0.0000
2026-08-30 00:34:42 | Epoch 172/400 | Train Loss 2.3075 Acc 0.1041 | Val Loss 2.3007 Acc 0.1129 AUC 0.5000 Pre 0.0113 Rec 0.1000
2026-08-30 00:34:42 | Diag logvar_q_mean=-0.5626 logvar_q_clamp=0.0000 logvar_p_mean=-0.5626 logvar_p_clamp=0.0000
2026-08-30 00:34:45 | Epoch 173/400 | Train Loss 2.3081 Acc 0.1045 | Val Loss 2.3008 Acc 0.1129 AUC 0.5000 Pre 0.0113 Rec 0.1000
2026-08-30 00:34:46 | Diag logvar_q_mean=-0.5659 logvar_q_clamp=0.0000 logvar_p_mean=-0.5659 logvar_p_clamp=0.0000
2026-08-30 00:34:49 | Epoch 174/400 | Train Loss 2.3072 Acc 0.1055 | Val Loss 2.3008 Acc 0.1129 AUC 0.5000 Pre 0.0113 Rec 0.1000
2026-08-30 00:34:50 | Diag logvar_q_mean=-0.5690 logvar_q_clamp=0.0000 logvar_p_mean=-0.5690 logvar_p_clamp=0.0000
2026-08-30 00:34:53 | Epoch 175/400 | Train Loss 2.3076 Acc 0.1049 | Val Loss 2.3008 Acc 0.1129 AUC 0.5000 Pre 0.0113 Rec 0.1000
2026-08-30 00:34:53 | Diag logvar_q_mean=-0.5722 logvar_q_clamp=0.0000 logvar_p_mean=-0.5722 logvar_p_clamp=0.0000
2026-08-30 00:34:56 | Epoch 176/400 | Train Loss 2.3074 Acc 0.1043 | Val Loss 2.3007 Acc 0.1129 AUC 0.5000 Pre 0.0113 Rec 0.1000
2026-08-30 00:34:57 | Diag logvar_q_mean=-0.5755 logvar_q_clamp=0.0000 logvar_p_mean=-0.5755 logvar_p_clamp=0.0000
2026-08-30 00:35:00 | Epoch 177/400 | Train Loss 2.3076 Acc 0.1025 | Val Loss 2.3007 Acc 0.1129 AUC 0.5000 Pre 0.0113 Rec 0.1000
2026-08-30 00:35:00 | Diag logvar_q_mean=-0.5787 logvar_q_clamp=0.0000 logvar_p_mean=-0.5787 logvar_p_clamp=0.0000
2026-08-30 00:35:04 | Epoch 178/400 | Train Loss 2.3071 Acc 0.1064 | Val Loss 2.3008 Acc 0.1129 AUC 0.5000 Pre 0.0113 Rec 0.1000
2026-08-30 00:35:04 | Diag logvar_q_mean=-0.5818 logvar_q_clamp=0.0000 logvar_p_mean=-0.5818 logvar_p_clamp=0.0000
2026-08-30 00:35:07 | Epoch 179/400 | Train Loss 2.3077 Acc 0.1055 | Val Loss 2.3008 Acc 0.1129 AUC 0.5000 Pre 0.0113 Rec 0.1000
2026-08-30 00:35:08 | Diag logvar_q_mean=-0.5851 logvar_q_clamp=0.0000 logvar_p_mean=-0.5851 logvar_p_clamp=0.0000
2026-08-30 00:35:11 | Epoch 180/400 | Train Loss 2.3067 Acc 0.1053 | Val Loss 2.3007 Acc 0.1129 AUC 0.5000 Pre 0.0113 Rec 0.1000
2026-08-30 00:35:11 | Diag logvar_q_mean=-0.5881 logvar_q_clamp=0.0000 logvar_p_mean=-0.5881 logvar_p_clamp=0.0000
2026-08-30 00:35:15 | Epoch 181/400 | Train Loss 2.3080 Acc 0.1030 | Val Loss 2.3008 Acc 0.1129 AUC 0.5000 Pre 0.0113 Rec 0.1000
2026-08-30 00:35:15 | Diag logvar_q_mean=-0.5915 logvar_q_clamp=0.0000 logvar_p_mean=-0.5915 logvar_p_clamp=0.0000
2026-08-30 00:35:18 | Epoch 182/400 | Train Loss 2.3077 Acc 0.1037 | Val Loss 2.3008 Acc 0.1129 AUC 0.5000 Pre 0.0113 Rec 0.1000
2026-08-30 00:35:19 | Diag logvar_q_mean=-0.5947 logvar_q_clamp=0.0000 logvar_p_mean=-0.5947 logvar_p_clamp=0.0000
2026-08-30 00:35:22 | Epoch 183/400 | Train Loss 2.3075 Acc 0.1036 | Val Loss 2.3008 Acc 0.1129 AUC 0.5000 Pre 0.0113 Rec 0.1000
2026-08-30 00:35:23 | Diag logvar_q_mean=-0.5979 logvar_q_clamp=0.0000 logvar_p_mean=-0.5979 logvar_p_clamp=0.0000
2026-08-30 00:35:26 | Epoch 184/400 | Train Loss 2.3067 Acc 0.1054 | Val Loss 2.3007 Acc 0.1129 AUC 0.5000 Pre 0.0113 Rec 0.1000
2026-08-30 00:35:27 | Diag logvar_q_mean=-0.6010 logvar_q_clamp=0.0000 logvar_p_mean=-0.6010 logvar_p_clamp=0.0000
2026-08-30 00:35:30 | Epoch 185/400 | Train Loss 2.3081 Acc 0.1020 | Val Loss 2.3007 Acc 0.1129 AUC 0.5000 Pre 0.0113 Rec 0.1000
2026-08-30 00:35:30 | Diag logvar_q_mean=-0.6043 logvar_q_clamp=0.0000 logvar_p_mean=-0.6043 logvar_p_clamp=0.0000
2026-08-30 00:35:34 | Epoch 186/400 | Train Loss 2.3082 Acc 0.1043 | Val Loss 2.3008 Acc 0.1129 AUC 0.5000 Pre 0.0113 Rec 0.1000
2026-08-30 00:35:34 | Diag logvar_q_mean=-0.6077 logvar_q_clamp=0.0000 logvar_p_mean=-0.6077 logvar_p_clamp=0.0000
2026-08-30 00:35:37 | Epoch 187/400 | Train Loss 2.3078 Acc 0.1047 | Val Loss 2.3008 Acc 0.1129 AUC 0.5000 Pre 0.0113 Rec 0.1000
2026-08-30 00:35:38 | Diag logvar_q_mean=-0.6109 logvar_q_clamp=0.0000 logvar_p_mean=-0.6109 logvar_p_clamp=0.0000
2026-08-30 00:35:41 | Epoch 188/400 | Train Loss 2.3070 Acc 0.1020 | Val Loss 2.3008 Acc 0.1129 AUC 0.5000 Pre 0.0113 Rec 0.1000
2026-08-30 00:35:42 | Diag logvar_q_mean=-0.6139 logvar_q_clamp=0.0000 logvar_p_mean=-0.6139 logvar_p_clamp=0.0000
2026-08-30 00:35:45 | Epoch 189/400 | Train Loss 2.3069 Acc 0.1037 | Val Loss 2.3008 Acc 0.1129 AUC 0.5000 Pre 0.0113 Rec 0.1000
2026-08-30 00:35:45 | Diag logvar_q_mean=-0.6170 logvar_q_clamp=0.0000 logvar_p_mean=-0.6170 logvar_p_clamp=0.0000
2026-08-30 00:35:49 | Epoch 190/400 | Train Loss 2.3075 Acc 0.1052 | Val Loss 2.3008 Acc 0.1129 AUC 0.5000 Pre 0.0113 Rec 0.1000
2026-08-30 00:35:49 | Diag logvar_q_mean=-0.6203 logvar_q_clamp=0.0000 logvar_p_mean=-0.6203 logvar_p_clamp=0.0000
2026-08-30 00:35:52 | Epoch 191/400 | Train Loss 2.3076 Acc 0.1058 | Val Loss 2.3008 Acc 0.1129 AUC 0.5000 Pre 0.0113 Rec 0.1000
2026-08-30 00:35:53 | Diag logvar_q_mean=-0.6235 logvar_q_clamp=0.0000 logvar_p_mean=-0.6235 logvar_p_clamp=0.0000
2026-08-30 00:35:56 | Epoch 192/400 | Train Loss 2.3069 Acc 0.1054 | Val Loss 2.3007 Acc 0.1129 AUC 0.5000 Pre 0.0113 Rec 0.1000
2026-08-30 00:35:57 | Diag logvar_q_mean=-0.6265 logvar_q_clamp=0.0000 logvar_p_mean=-0.6265 logvar_p_clamp=0.0000
2026-08-30 00:36:00 | Epoch 193/400 | Train Loss 2.3074 Acc 0.1058 | Val Loss 2.3007 Acc 0.1129 AUC 0.5000 Pre 0.0113 Rec 0.1000
2026-08-30 00:36:00 | Diag logvar_q_mean=-0.6297 logvar_q_clamp=0.0000 logvar_p_mean=-0.6297 logvar_p_clamp=0.0000
2026-08-30 00:36:04 | Epoch 194/400 | Train Loss 2.3068 Acc 0.1036 | Val Loss 2.3008 Acc 0.1129 AUC 0.5000 Pre 0.0113 Rec 0.1000
2026-08-30 00:36:04 | Diag logvar_q_mean=-0.6328 logvar_q_clamp=0.0000 logvar_p_mean=-0.6328 logvar_p_clamp=0.0000
2026-08-30 00:36:07 | Epoch 195/400 | Train Loss 2.3077 Acc 0.1064 | Val Loss 2.3008 Acc 0.1129 AUC 0.5000 Pre 0.0113 Rec 0.1000
2026-08-30 00:36:08 | Diag logvar_q_mean=-0.6360 logvar_q_clamp=0.0000 logvar_p_mean=-0.6360 logvar_p_clamp=0.0000
2026-08-30 00:36:11 | Epoch 196/400 | Train Loss 2.3079 Acc 0.1027 | Val Loss 2.3008 Acc 0.1129 AUC 0.5000 Pre 0.0113 Rec 0.1000
2026-08-30 00:36:12 | Diag logvar_q_mean=-0.6393 logvar_q_clamp=0.0000 logvar_p_mean=-0.6393 logvar_p_clamp=0.0000
2026-08-30 00:36:15 | Epoch 197/400 | Train Loss 2.3076 Acc 0.1040 | Val Loss 2.3007 Acc 0.1129 AUC 0.5000 Pre 0.0113 Rec 0.1000
2026-08-30 00:36:15 | Diag logvar_q_mean=-0.6424 logvar_q_clamp=0.0000 logvar_p_mean=-0.6424 logvar_p_clamp=0.0000
2026-08-30 00:36:19 | Epoch 198/400 | Train Loss 2.3073 Acc 0.1050 | Val Loss 2.3008 Acc 0.1129 AUC 0.5000 Pre 0.0113 Rec 0.1000
2026-08-30 00:36:19 | Diag logvar_q_mean=-0.6455 logvar_q_clamp=0.0000 logvar_p_mean=-0.6455 logvar_p_clamp=0.0000
2026-08-30 00:36:23 | Epoch 199/400 | Train Loss 2.3075 Acc 0.1052 | Val Loss 2.3007 Acc 0.1129 AUC 0.5000 Pre 0.0113 Rec 0.1000
2026-08-30 00:36:23 | Diag logvar_q_mean=-0.6486 logvar_q_clamp=0.0000 logvar_p_mean=-0.6486 logvar_p_clamp=0.0000
2026-08-30 00:36:26 | Epoch 200/400 | Train Loss 2.3064 Acc 0.1056 | Val Loss 2.3008 Acc 0.1129 AUC 0.5000 Pre 0.0113 Rec 0.1000
2026-08-30 00:36:27 | Diag logvar_q_mean=-0.6515 logvar_q_clamp=0.0000 logvar_p_mean=-0.6515 logvar_p_clamp=0.0000
2026-08-30 00:36:30 | Epoch 201/400 | Train Loss 2.3068 Acc 0.1058 | Val Loss 2.3007 Acc 0.1129 AUC 0.5000 Pre 0.0113 Rec 0.1000
2026-08-30 00:36:31 | Diag logvar_q_mean=-0.6546 logvar_q_clamp=0.0000 logvar_p_mean=-0.6546 logvar_p_clamp=0.0000
2026-08-30 00:36:34 | Epoch 202/400 | Train Loss 2.3079 Acc 0.1036 | Val Loss 2.3008 Acc 0.1129 AUC 0.5000 Pre 0.0113 Rec 0.1000
2026-08-30 00:36:34 | Diag logvar_q_mean=-0.6579 logvar_q_clamp=0.0000 logvar_p_mean=-0.6579 logvar_p_clamp=0.0000
2026-08-30 00:36:38 | Epoch 203/400 | Train Loss 2.3073 Acc 0.1043 | Val Loss 2.3008 Acc 0.1129 AUC 0.5000 Pre 0.0113 Rec 0.1000
2026-08-30 00:36:38 | Diag logvar_q_mean=-0.6610 logvar_q_clamp=0.0000 logvar_p_mean=-0.6610 logvar_p_clamp=0.0000
2026-08-30 00:36:42 | Epoch 204/400 | Train Loss 2.3074 Acc 0.1045 | Val Loss 2.3007 Acc 0.1129 AUC 0.5000 Pre 0.0113 Rec 0.1000
2026-08-30 00:36:42 | Diag logvar_q_mean=-0.6641 logvar_q_clamp=0.0000 logvar_p_mean=-0.6641 logvar_p_clamp=0.0000
2026-08-30 00:36:45 | Epoch 205/400 | Train Loss 2.3072 Acc 0.1043 | Val Loss 2.3008 Acc 0.1129 AUC 0.5000 Pre 0.0113 Rec 0.1000
2026-08-30 00:36:46 | Diag logvar_q_mean=-0.6673 logvar_q_clamp=0.0000 logvar_p_mean=-0.6673 logvar_p_clamp=0.0000
2026-08-30 00:36:49 | Epoch 206/400 | Train Loss 2.3078 Acc 0.1031 | Val Loss 2.3007 Acc 0.1129 AUC 0.5000 Pre 0.0113 Rec 0.1000
2026-08-30 00:36:50 | Diag logvar_q_mean=-0.6704 logvar_q_clamp=0.0000 logvar_p_mean=-0.6704 logvar_p_clamp=0.0000
2026-08-30 00:36:53 | Epoch 207/400 | Train Loss 2.3073 Acc 0.1024 | Val Loss 2.3008 Acc 0.1129 AUC 0.5000 Pre 0.0113 Rec 0.1000
2026-08-30 00:36:53 | Diag logvar_q_mean=-0.6735 logvar_q_clamp=0.0000 logvar_p_mean=-0.6735 logvar_p_clamp=0.0000
2026-08-30 00:36:57 | Epoch 208/400 | Train Loss 2.3074 Acc 0.1031 | Val Loss 2.3007 Acc 0.1129 AUC 0.5000 Pre 0.0113 Rec 0.1000
2026-08-30 00:36:57 | Diag logvar_q_mean=-0.6765 logvar_q_clamp=0.0000 logvar_p_mean=-0.6765 logvar_p_clamp=0.0000
2026-08-30 00:37:00 | Epoch 209/400 | Train Loss 2.3074 Acc 0.1036 | Val Loss 2.3007 Acc 0.1129 AUC 0.5000 Pre 0.0113 Rec 0.1000
2026-08-30 00:37:01 | Diag logvar_q_mean=-0.6797 logvar_q_clamp=0.0000 logvar_p_mean=-0.6797 logvar_p_clamp=0.0000
2026-08-30 00:37:04 | Epoch 210/400 | Train Loss 2.3075 Acc 0.1050 | Val Loss 2.3007 Acc 0.1129 AUC 0.5000 Pre 0.0113 Rec 0.1000
2026-08-30 00:37:05 | Diag logvar_q_mean=-0.6828 logvar_q_clamp=0.0000 logvar_p_mean=-0.6828 logvar_p_clamp=0.0000
2026-08-30 00:37:08 | Epoch 211/400 | Train Loss 2.3074 Acc 0.1031 | Val Loss 2.3008 Acc 0.1129 AUC 0.5000 Pre 0.0113 Rec 0.1000
2026-08-30 00:37:08 | Diag logvar_q_mean=-0.6859 logvar_q_clamp=0.0000 logvar_p_mean=-0.6859 logvar_p_clamp=0.0000
2026-08-30 00:37:12 | Epoch 212/400 | Train Loss 2.3073 Acc 0.1037 | Val Loss 2.3008 Acc 0.1129 AUC 0.5000 Pre 0.0113 Rec 0.1000
2026-08-30 00:37:12 | Diag logvar_q_mean=-0.6889 logvar_q_clamp=0.0000 logvar_p_mean=-0.6889 logvar_p_clamp=0.0000
2026-08-30 00:37:16 | Epoch 213/400 | Train Loss 2.3071 Acc 0.1049 | Val Loss 2.3008 Acc 0.1129 AUC 0.5000 Pre 0.0113 Rec 0.1000
2026-08-30 00:37:16 | Diag logvar_q_mean=-0.6920 logvar_q_clamp=0.0000 logvar_p_mean=-0.6920 logvar_p_clamp=0.0000
2026-08-30 00:37:19 | Epoch 214/400 | Train Loss 2.3078 Acc 0.1060 | Val Loss 2.3008 Acc 0.1129 AUC 0.5000 Pre 0.0113 Rec 0.1000
2026-08-30 00:37:20 | Diag logvar_q_mean=-0.6951 logvar_q_clamp=0.0000 logvar_p_mean=-0.6951 logvar_p_clamp=0.0000
2026-08-30 00:37:23 | Epoch 215/400 | Train Loss 2.3068 Acc 0.1066 | Val Loss 2.3008 Acc 0.1129 AUC 0.5000 Pre 0.0113 Rec 0.1000
2026-08-30 00:37:24 | Diag logvar_q_mean=-0.6981 logvar_q_clamp=0.0000 logvar_p_mean=-0.6980 logvar_p_clamp=0.0000
2026-08-30 00:37:27 | Epoch 216/400 | Train Loss 2.3070 Acc 0.1023 | Val Loss 2.3008 Acc 0.1129 AUC 0.5000 Pre 0.0113 Rec 0.1000
2026-08-30 00:37:27 | Diag logvar_q_mean=-0.7010 logvar_q_clamp=0.0000 logvar_p_mean=-0.7010 logvar_p_clamp=0.0000
2026-08-30 00:37:31 | Epoch 217/400 | Train Loss 2.3072 Acc 0.1034 | Val Loss 2.3008 Acc 0.1129 AUC 0.5000 Pre 0.0113 Rec 0.1000
2026-08-30 00:37:31 | Diag logvar_q_mean=-0.7041 logvar_q_clamp=0.0000 logvar_p_mean=-0.7041 logvar_p_clamp=0.0000
2026-08-30 00:37:35 | Epoch 218/400 | Train Loss 2.3074 Acc 0.1059 | Val Loss 2.3008 Acc 0.1129 AUC 0.5000 Pre 0.0113 Rec 0.1000
2026-08-30 00:37:35 | Diag logvar_q_mean=-0.7072 logvar_q_clamp=0.0000 logvar_p_mean=-0.7072 logvar_p_clamp=0.0000
2026-08-30 00:37:38 | Epoch 219/400 | Train Loss 2.3076 Acc 0.1035 | Val Loss 2.3008 Acc 0.1129 AUC 0.5000 Pre 0.0113 Rec 0.1000
2026-08-30 00:37:39 | Diag logvar_q_mean=-0.7103 logvar_q_clamp=0.0000 logvar_p_mean=-0.7103 logvar_p_clamp=0.0000
2026-08-30 00:37:42 | Epoch 220/400 | Train Loss 2.3070 Acc 0.1036 | Val Loss 2.3008 Acc 0.1129 AUC 0.5000 Pre 0.0113 Rec 0.1000
2026-08-30 00:37:43 | Diag logvar_q_mean=-0.7132 logvar_q_clamp=0.0000 logvar_p_mean=-0.7132 logvar_p_clamp=0.0000
2026-08-30 00:37:46 | Epoch 221/400 | Train Loss 2.3062 Acc 0.1050 | Val Loss 2.3008 Acc 0.1129 AUC 0.5000 Pre 0.0113 Rec 0.1000
2026-08-30 00:37:46 | Diag logvar_q_mean=-0.7161 logvar_q_clamp=0.0000 logvar_p_mean=-0.7161 logvar_p_clamp=0.0000
2026-08-30 00:37:50 | Epoch 222/400 | Train Loss 2.3071 Acc 0.1042 | Val Loss 2.3007 Acc 0.1129 AUC 0.5000 Pre 0.0113 Rec 0.1000
2026-08-30 00:37:50 | Diag logvar_q_mean=-0.7192 logvar_q_clamp=0.0000 logvar_p_mean=-0.7192 logvar_p_clamp=0.0000
2026-08-30 00:37:53 | Epoch 223/400 | Train Loss 2.3068 Acc 0.1054 | Val Loss 2.3008 Acc 0.1129 AUC 0.5000 Pre 0.0113 Rec 0.1000
2026-08-30 00:37:54 | Diag logvar_q_mean=-0.7222 logvar_q_clamp=0.0000 logvar_p_mean=-0.7222 logvar_p_clamp=0.0000
2026-08-30 00:37:57 | Epoch 224/400 | Train Loss 2.3074 Acc 0.1038 | Val Loss 2.3007 Acc 0.1129 AUC 0.5000 Pre 0.0113 Rec 0.1000
2026-08-30 00:37:58 | Diag logvar_q_mean=-0.7253 logvar_q_clamp=0.0000 logvar_p_mean=-0.7253 logvar_p_clamp=0.0000
2026-08-30 00:38:01 | Epoch 225/400 | Train Loss 2.3068 Acc 0.1074 | Val Loss 2.3008 Acc 0.1129 AUC 0.5000 Pre 0.0113 Rec 0.1000
2026-08-30 00:38:01 | Diag logvar_q_mean=-0.7283 logvar_q_clamp=0.0000 logvar_p_mean=-0.7283 logvar_p_clamp=0.0000
2026-08-30 00:38:05 | Epoch 226/400 | Train Loss 2.3067 Acc 0.1045 | Val Loss 2.3007 Acc 0.1129 AUC 0.5000 Pre 0.0113 Rec 0.1000
2026-08-30 00:38:05 | Diag logvar_q_mean=-0.7313 logvar_q_clamp=0.0000 logvar_p_mean=-0.7313 logvar_p_clamp=0.0000
2026-08-30 00:38:08 | Epoch 227/400 | Train Loss 2.3068 Acc 0.1058 | Val Loss 2.3007 Acc 0.1129 AUC 0.5000 Pre 0.0113 Rec 0.1000
2026-08-30 00:38:09 | Diag logvar_q_mean=-0.7343 logvar_q_clamp=0.0000 logvar_p_mean=-0.7343 logvar_p_clamp=0.0000
2026-08-30 00:38:12 | Epoch 228/400 | Train Loss 2.3072 Acc 0.1042 | Val Loss 2.3008 Acc 0.1129 AUC 0.5000 Pre 0.0113 Rec 0.1000
2026-08-30 00:38:13 | Diag logvar_q_mean=-0.7374 logvar_q_clamp=0.0000 logvar_p_mean=-0.7374 logvar_p_clamp=0.0000
2026-08-30 00:38:16 | Epoch 229/400 | Train Loss 2.3071 Acc 0.1049 | Val Loss 2.3008 Acc 0.1129 AUC 0.5000 Pre 0.0113 Rec 0.1000
2026-08-30 00:38:16 | Diag logvar_q_mean=-0.7404 logvar_q_clamp=0.0000 logvar_p_mean=-0.7404 logvar_p_clamp=0.0000
2026-08-30 00:38:20 | Epoch 230/400 | Train Loss 2.3074 Acc 0.1050 | Val Loss 2.3008 Acc 0.1129 AUC 0.5000 Pre 0.0113 Rec 0.1000
2026-08-30 00:38:20 | Diag logvar_q_mean=-0.7435 logvar_q_clamp=0.0000 logvar_p_mean=-0.7435 logvar_p_clamp=0.0000
2026-08-30 00:38:24 | Epoch 231/400 | Train Loss 2.3068 Acc 0.1053 | Val Loss 2.3008 Acc 0.1129 AUC 0.5000 Pre 0.0113 Rec 0.1000
2026-08-30 00:38:24 | Diag logvar_q_mean=-0.7465 logvar_q_clamp=0.0000 logvar_p_mean=-0.7465 logvar_p_clamp=0.0000
2026-08-30 00:38:27 | Epoch 232/400 | Train Loss 2.3075 Acc 0.1047 | Val Loss 2.3008 Acc 0.1129 AUC 0.5000 Pre 0.0113 Rec 0.1000
2026-08-30 00:38:28 | Diag logvar_q_mean=-0.7496 logvar_q_clamp=0.0000 logvar_p_mean=-0.7496 logvar_p_clamp=0.0000
2026-08-30 00:38:31 | Epoch 233/400 | Train Loss 2.3066 Acc 0.1044 | Val Loss 2.3007 Acc 0.1129 AUC 0.5000 Pre 0.0113 Rec 0.1000
2026-08-30 00:38:32 | Diag logvar_q_mean=-0.7524 logvar_q_clamp=0.0000 logvar_p_mean=-0.7524 logvar_p_clamp=0.0000
2026-08-30 00:38:35 | Epoch 234/400 | Train Loss 2.3075 Acc 0.1042 | Val Loss 2.3007 Acc 0.1129 AUC 0.5000 Pre 0.0113 Rec 0.1000
2026-08-30 00:38:35 | Diag logvar_q_mean=-0.7555 logvar_q_clamp=0.0000 logvar_p_mean=-0.7555 logvar_p_clamp=0.0000
2026-08-30 00:38:39 | Epoch 235/400 | Train Loss 2.3075 Acc 0.1031 | Val Loss 2.3008 Acc 0.1129 AUC 0.5000 Pre 0.0113 Rec 0.1000
2026-08-30 00:38:39 | Diag logvar_q_mean=-0.7586 logvar_q_clamp=0.0000 logvar_p_mean=-0.7586 logvar_p_clamp=0.0000
2026-08-30 00:38:42 | Epoch 236/400 | Train Loss 2.3067 Acc 0.1049 | Val Loss 2.3008 Acc 0.1129 AUC 0.5000 Pre 0.0113 Rec 0.1000
2026-08-30 00:38:43 | Diag logvar_q_mean=-0.7615 logvar_q_clamp=0.0000 logvar_p_mean=-0.7614 logvar_p_clamp=0.0000
2026-08-30 00:38:46 | Epoch 237/400 | Train Loss 2.3076 Acc 0.1032 | Val Loss 2.3008 Acc 0.1129 AUC 0.5000 Pre 0.0113 Rec 0.1000
2026-08-30 00:38:47 | Diag logvar_q_mean=-0.7642 logvar_q_clamp=0.0000 logvar_p_mean=-0.7642 logvar_p_clamp=0.0000
2026-08-30 00:38:50 | Epoch 238/400 | Train Loss 2.3073 Acc 0.1033 | Val Loss 2.3008 Acc 0.1129 AUC 0.5000 Pre 0.0113 Rec 0.1000
2026-08-30 00:38:50 | Diag logvar_q_mean=-0.7672 logvar_q_clamp=0.0000 logvar_p_mean=-0.7672 logvar_p_clamp=0.0000
2026-08-30 00:38:54 | Epoch 239/400 | Train Loss 2.3069 Acc 0.1059 | Val Loss 2.3007 Acc 0.1129 AUC 0.5000 Pre 0.0113 Rec 0.1000
2026-08-30 00:38:54 | Diag logvar_q_mean=-0.7702 logvar_q_clamp=0.0000 logvar_p_mean=-0.7702 logvar_p_clamp=0.0000
2026-08-30 00:38:58 | Epoch 240/400 | Train Loss 2.3071 Acc 0.1029 | Val Loss 2.3008 Acc 0.1129 AUC 0.5000 Pre 0.0113 Rec 0.1000
2026-08-30 00:38:58 | Diag logvar_q_mean=-0.7732 logvar_q_clamp=0.0000 logvar_p_mean=-0.7732 logvar_p_clamp=0.0000
2026-08-30 00:39:01 | Epoch 241/400 | Train Loss 2.3071 Acc 0.1054 | Val Loss 2.3008 Acc 0.1129 AUC 0.5000 Pre 0.0113 Rec 0.1000
2026-08-30 00:39:02 | Diag logvar_q_mean=-0.7759 logvar_q_clamp=0.0000 logvar_p_mean=-0.7760 logvar_p_clamp=0.0000
2026-08-30 00:39:05 | Epoch 242/400 | Train Loss 2.3061 Acc 0.1063 | Val Loss 2.3007 Acc 0.1129 AUC 0.5000 Pre 0.0113 Rec 0.1000
2026-08-30 00:39:06 | Diag logvar_q_mean=-0.7787 logvar_q_clamp=0.0000 logvar_p_mean=-0.7787 logvar_p_clamp=0.0000
2026-08-30 00:39:09 | Epoch 243/400 | Train Loss 2.3076 Acc 0.1040 | Val Loss 2.3007 Acc 0.1129 AUC 0.5000 Pre 0.0113 Rec 0.1000
2026-08-30 00:39:10 | Diag logvar_q_mean=-0.7818 logvar_q_clamp=0.0000 logvar_p_mean=-0.7818 logvar_p_clamp=0.0000
2026-08-30 00:39:13 | Epoch 244/400 | Train Loss 2.3071 Acc 0.1048 | Val Loss 2.3007 Acc 0.1129 AUC 0.5000 Pre 0.0113 Rec 0.1000
2026-08-30 00:39:13 | Diag logvar_q_mean=-0.7848 logvar_q_clamp=0.0000 logvar_p_mean=-0.7848 logvar_p_clamp=0.0000
2026-08-30 00:39:17 | Epoch 245/400 | Train Loss 2.3070 Acc 0.1045 | Val Loss 2.3008 Acc 0.1129 AUC 0.5000 Pre 0.0113 Rec 0.1000
2026-08-30 00:39:17 | Diag logvar_q_mean=-0.7877 logvar_q_clamp=0.0000 logvar_p_mean=-0.7877 logvar_p_clamp=0.0000
2026-08-30 00:39:20 | Epoch 246/400 | Train Loss 2.3069 Acc 0.1046 | Val Loss 2.3007 Acc 0.1129 AUC 0.5000 Pre 0.0113 Rec 0.1000
2026-08-30 00:39:21 | Diag logvar_q_mean=-0.7907 logvar_q_clamp=0.0000 logvar_p_mean=-0.7907 logvar_p_clamp=0.0000
2026-08-30 00:39:24 | Epoch 247/400 | Train Loss 2.3070 Acc 0.1050 | Val Loss 2.3007 Acc 0.1129 AUC 0.5000 Pre 0.0113 Rec 0.1000
2026-08-30 00:39:25 | Diag logvar_q_mean=-0.7936 logvar_q_clamp=0.0000 logvar_p_mean=-0.7936 logvar_p_clamp=0.0000
2026-08-30 00:39:28 | Epoch 248/400 | Train Loss 2.3068 Acc 0.1031 | Val Loss 2.3008 Acc 0.1129 AUC 0.5000 Pre 0.0113 Rec 0.1000
2026-08-30 00:39:29 | Diag logvar_q_mean=-0.7964 logvar_q_clamp=0.0000 logvar_p_mean=-0.7964 logvar_p_clamp=0.0000
2026-08-30 00:39:32 | Epoch 249/400 | Train Loss 2.3073 Acc 0.1041 | Val Loss 2.3008 Acc 0.1129 AUC 0.5000 Pre 0.0113 Rec 0.1000
2026-08-30 00:39:32 | Diag logvar_q_mean=-0.7994 logvar_q_clamp=0.0000 logvar_p_mean=-0.7994 logvar_p_clamp=0.0000
2026-08-30 00:39:36 | Epoch 250/400 | Train Loss 2.3071 Acc 0.1033 | Val Loss 2.3008 Acc 0.1129 AUC 0.5000 Pre 0.0113 Rec 0.1000
2026-08-30 00:39:36 | Diag logvar_q_mean=-0.8024 logvar_q_clamp=0.0000 logvar_p_mean=-0.8024 logvar_p_clamp=0.0000
2026-08-30 00:39:39 | Epoch 251/400 | Train Loss 2.3065 Acc 0.1053 | Val Loss 2.3008 Acc 0.1129 AUC 0.5000 Pre 0.0113 Rec 0.1000
2026-08-30 00:39:40 | Diag logvar_q_mean=-0.8052 logvar_q_clamp=0.0000 logvar_p_mean=-0.8052 logvar_p_clamp=0.0000
2026-08-30 00:39:43 | Epoch 252/400 | Train Loss 2.3069 Acc 0.1055 | Val Loss 2.3008 Acc 0.1129 AUC 0.5000 Pre 0.0113 Rec 0.1000
2026-08-30 00:39:44 | Diag logvar_q_mean=-0.8081 logvar_q_clamp=0.0000 logvar_p_mean=-0.8081 logvar_p_clamp=0.0000
2026-08-30 00:39:47 | Epoch 253/400 | Train Loss 2.3060 Acc 0.1065 | Val Loss 2.3007 Acc 0.1129 AUC 0.5000 Pre 0.0113 Rec 0.1000
2026-08-30 00:39:47 | Diag logvar_q_mean=-0.8109 logvar_q_clamp=0.0000 logvar_p_mean=-0.8110 logvar_p_clamp=0.0000
2026-08-30 00:39:51 | Epoch 254/400 | Train Loss 2.3068 Acc 0.1043 | Val Loss 2.3008 Acc 0.1129 AUC 0.5000 Pre 0.0113 Rec 0.1000
2026-08-30 00:39:51 | Diag logvar_q_mean=-0.8139 logvar_q_clamp=0.0000 logvar_p_mean=-0.8139 logvar_p_clamp=0.0000
2026-08-30 00:39:54 | Epoch 255/400 | Train Loss 2.3068 Acc 0.1052 | Val Loss 2.3008 Acc 0.1129 AUC 0.5000 Pre 0.0113 Rec 0.1000
2026-08-30 00:39:55 | Diag logvar_q_mean=-0.8169 logvar_q_clamp=0.0000 logvar_p_mean=-0.8169 logvar_p_clamp=0.0000
2026-08-30 00:39:58 | Epoch 256/400 | Train Loss 2.3072 Acc 0.1058 | Val Loss 2.3008 Acc 0.1129 AUC 0.5000 Pre 0.0113 Rec 0.1000
2026-08-30 00:39:59 | Diag logvar_q_mean=-0.8198 logvar_q_clamp=0.0000 logvar_p_mean=-0.8198 logvar_p_clamp=0.0000
2026-08-30 00:40:02 | Epoch 257/400 | Train Loss 2.3066 Acc 0.1044 | Val Loss 2.3008 Acc 0.1129 AUC 0.5000 Pre 0.0113 Rec 0.1000
2026-08-30 00:40:03 | Diag logvar_q_mean=-0.8228 logvar_q_clamp=0.0000 logvar_p_mean=-0.8228 logvar_p_clamp=0.0000
2026-08-30 00:40:06 | Epoch 258/400 | Train Loss 2.3078 Acc 0.1033 | Val Loss 2.3008 Acc 0.1129 AUC 0.5000 Pre 0.0113 Rec 0.1000
2026-08-30 00:40:06 | Diag logvar_q_mean=-0.8258 logvar_q_clamp=0.0000 logvar_p_mean=-0.8258 logvar_p_clamp=0.0000
2026-08-30 00:40:10 | Epoch 259/400 | Train Loss 2.3068 Acc 0.1050 | Val Loss 2.3007 Acc 0.1129 AUC 0.5000 Pre 0.0113 Rec 0.1000
2026-08-30 00:40:10 | Diag logvar_q_mean=-0.8287 logvar_q_clamp=0.0000 logvar_p_mean=-0.8287 logvar_p_clamp=0.0000
2026-08-30 00:40:13 | Epoch 260/400 | Train Loss 2.3072 Acc 0.1048 | Val Loss 2.3007 Acc 0.1129 AUC 0.5000 Pre 0.0113 Rec 0.1000
2026-08-30 00:40:14 | Diag logvar_q_mean=-0.8316 logvar_q_clamp=0.0000 logvar_p_mean=-0.8316 logvar_p_clamp=0.0000
2026-08-30 00:40:17 | Epoch 261/400 | Train Loss 2.3064 Acc 0.1062 | Val Loss 2.3007 Acc 0.1129 AUC 0.5000 Pre 0.0113 Rec 0.1000
2026-08-30 00:40:18 | Diag logvar_q_mean=-0.8343 logvar_q_clamp=0.0000 logvar_p_mean=-0.8343 logvar_p_clamp=0.0000
2026-08-30 00:40:21 | Epoch 262/400 | Train Loss 2.3066 Acc 0.1054 | Val Loss 2.3008 Acc 0.1129 AUC 0.5000 Pre 0.0113 Rec 0.1000
2026-08-30 00:40:21 | Diag logvar_q_mean=-0.8372 logvar_q_clamp=0.0000 logvar_p_mean=-0.8372 logvar_p_clamp=0.0000
2026-08-30 00:40:25 | Epoch 263/400 | Train Loss 2.3066 Acc 0.1048 | Val Loss 2.3008 Acc 0.1129 AUC 0.5000 Pre 0.0113 Rec 0.1000
2026-08-30 00:40:25 | Diag logvar_q_mean=-0.8401 logvar_q_clamp=0.0000 logvar_p_mean=-0.8401 logvar_p_clamp=0.0000
2026-08-30 00:40:29 | Epoch 264/400 | Train Loss 2.3065 Acc 0.1051 | Val Loss 2.3008 Acc 0.1129 AUC 0.5000 Pre 0.0113 Rec 0.1000
2026-08-30 00:40:29 | Diag logvar_q_mean=-0.8430 logvar_q_clamp=0.0000 logvar_p_mean=-0.8430 logvar_p_clamp=0.0000
2026-08-30 00:40:32 | Epoch 265/400 | Train Loss 2.3069 Acc 0.1038 | Val Loss 2.3008 Acc 0.1129 AUC 0.5000 Pre 0.0113 Rec 0.1000
2026-08-30 00:40:33 | Diag logvar_q_mean=-0.8458 logvar_q_clamp=0.0000 logvar_p_mean=-0.8458 logvar_p_clamp=0.0000
2026-08-30 00:40:36 | Epoch 266/400 | Train Loss 2.3078 Acc 0.1043 | Val Loss 2.3008 Acc 0.1129 AUC 0.5000 Pre 0.0113 Rec 0.1000
2026-08-30 00:40:37 | Diag logvar_q_mean=-0.8489 logvar_q_clamp=0.0000 logvar_p_mean=-0.8489 logvar_p_clamp=0.0000
2026-08-30 00:40:40 | Epoch 267/400 | Train Loss 2.3070 Acc 0.1033 | Val Loss 2.3008 Acc 0.1129 AUC 0.5000 Pre 0.0113 Rec 0.1000
2026-08-30 00:40:40 | Diag logvar_q_mean=-0.8518 logvar_q_clamp=0.0000 logvar_p_mean=-0.8518 logvar_p_clamp=0.0000
2026-08-30 00:40:44 | Epoch 268/400 | Train Loss 2.3070 Acc 0.1040 | Val Loss 2.3007 Acc 0.1129 AUC 0.5000 Pre 0.0113 Rec 0.1000
2026-08-30 00:40:44 | Diag logvar_q_mean=-0.8547 logvar_q_clamp=0.0000 logvar_p_mean=-0.8547 logvar_p_clamp=0.0000
2026-08-30 00:40:47 | Epoch 269/400 | Train Loss 2.3071 Acc 0.1047 | Val Loss 2.3008 Acc 0.1129 AUC 0.5000 Pre 0.0113 Rec 0.1000
2026-08-30 00:40:48 | Diag logvar_q_mean=-0.8576 logvar_q_clamp=0.0000 logvar_p_mean=-0.8576 logvar_p_clamp=0.0000
2026-08-30 00:40:51 | Epoch 270/400 | Train Loss 2.3067 Acc 0.1046 | Val Loss 2.3007 Acc 0.1129 AUC 0.5000 Pre 0.0113 Rec 0.1000
2026-08-30 00:40:52 | Diag logvar_q_mean=-0.8604 logvar_q_clamp=0.0000 logvar_p_mean=-0.8604 logvar_p_clamp=0.0000
2026-08-30 00:40:55 | Epoch 271/400 | Train Loss 2.3059 Acc 0.1074 | Val Loss 2.3008 Acc 0.1129 AUC 0.5000 Pre 0.0113 Rec 0.1000
2026-08-30 00:40:55 | Diag logvar_q_mean=-0.8630 logvar_q_clamp=0.0000 logvar_p_mean=-0.8630 logvar_p_clamp=0.0000
2026-08-30 00:40:59 | Epoch 272/400 | Train Loss 2.3068 Acc 0.1036 | Val Loss 2.3008 Acc 0.1129 AUC 0.5000 Pre 0.0113 Rec 0.1000
2026-08-30 00:40:59 | Diag logvar_q_mean=-0.8660 logvar_q_clamp=0.0000 logvar_p_mean=-0.8660 logvar_p_clamp=0.0000
2026-08-30 00:41:02 | Epoch 273/400 | Train Loss 2.3070 Acc 0.1046 | Val Loss 2.3008 Acc 0.1129 AUC 0.5000 Pre 0.0113 Rec 0.1000
2026-08-30 00:41:03 | Diag logvar_q_mean=-0.8688 logvar_q_clamp=0.0000 logvar_p_mean=-0.8688 logvar_p_clamp=0.0000
2026-08-30 00:41:06 | Epoch 274/400 | Train Loss 2.3062 Acc 0.1046 | Val Loss 2.3008 Acc 0.1129 AUC 0.5000 Pre 0.0113 Rec 0.1000
2026-08-30 00:41:07 | Diag logvar_q_mean=-0.8716 logvar_q_clamp=0.0000 logvar_p_mean=-0.8716 logvar_p_clamp=0.0000
2026-08-30 00:41:10 | Epoch 275/400 | Train Loss 2.3070 Acc 0.1045 | Val Loss 2.3007 Acc 0.1129 AUC 0.5000 Pre 0.0113 Rec 0.1000
2026-08-30 00:41:10 | Diag logvar_q_mean=-0.8745 logvar_q_clamp=0.0000 logvar_p_mean=-0.8745 logvar_p_clamp=0.0000
2026-08-30 00:41:14 | Epoch 276/400 | Train Loss 2.3073 Acc 0.1057 | Val Loss 2.3008 Acc 0.1129 AUC 0.5000 Pre 0.0113 Rec 0.1000
2026-08-30 00:41:14 | Diag logvar_q_mean=-0.8775 logvar_q_clamp=0.0000 logvar_p_mean=-0.8775 logvar_p_clamp=0.0000
2026-08-30 00:41:17 | Epoch 277/400 | Train Loss 2.3064 Acc 0.1046 | Val Loss 2.3007 Acc 0.1129 AUC 0.5000 Pre 0.0113 Rec 0.1000
2026-08-30 00:41:18 | Diag logvar_q_mean=-0.8802 logvar_q_clamp=0.0000 logvar_p_mean=-0.8802 logvar_p_clamp=0.0000
2026-08-30 00:41:21 | Epoch 278/400 | Train Loss 2.3063 Acc 0.1043 | Val Loss 2.3007 Acc 0.1129 AUC 0.5000 Pre 0.0113 Rec 0.1000
2026-08-30 00:41:22 | Diag logvar_q_mean=-0.8829 logvar_q_clamp=0.0000 logvar_p_mean=-0.8829 logvar_p_clamp=0.0000
2026-08-30 00:41:25 | Epoch 279/400 | Train Loss 2.3066 Acc 0.1033 | Val Loss 2.3008 Acc 0.1129 AUC 0.5000 Pre 0.0113 Rec 0.1000
2026-08-30 00:41:25 | Diag logvar_q_mean=-0.8857 logvar_q_clamp=0.0000 logvar_p_mean=-0.8857 logvar_p_clamp=0.0000
2026-08-30 00:41:29 | Epoch 280/400 | Train Loss 2.3064 Acc 0.1041 | Val Loss 2.3008 Acc 0.1129 AUC 0.5000 Pre 0.0113 Rec 0.1000
2026-08-30 00:41:29 | Diag logvar_q_mean=-0.8885 logvar_q_clamp=0.0000 logvar_p_mean=-0.8885 logvar_p_clamp=0.0000
2026-08-30 00:41:33 | Epoch 281/400 | Train Loss 2.3069 Acc 0.1046 | Val Loss 2.3008 Acc 0.1129 AUC 0.5000 Pre 0.0113 Rec 0.1000
2026-08-30 00:41:33 | Diag logvar_q_mean=-0.8913 logvar_q_clamp=0.0000 logvar_p_mean=-0.8913 logvar_p_clamp=0.0000
2026-08-30 00:41:36 | Epoch 282/400 | Train Loss 2.3063 Acc 0.1055 | Val Loss 2.3008 Acc 0.1129 AUC 0.5000 Pre 0.0113 Rec 0.1000
2026-08-30 00:41:37 | Diag logvar_q_mean=-0.8940 logvar_q_clamp=0.0000 logvar_p_mean=-0.8940 logvar_p_clamp=0.0000
2026-08-30 00:41:40 | Epoch 283/400 | Train Loss 2.3066 Acc 0.1045 | Val Loss 2.3008 Acc 0.1129 AUC 0.5000 Pre 0.0113 Rec 0.1000
2026-08-30 00:41:41 | Diag logvar_q_mean=-0.8969 logvar_q_clamp=0.0000 logvar_p_mean=-0.8969 logvar_p_clamp=0.0000
2026-08-30 00:41:44 | Epoch 284/400 | Train Loss 2.3073 Acc 0.1059 | Val Loss 2.3008 Acc 0.1129 AUC 0.5000 Pre 0.0113 Rec 0.1000
2026-08-30 00:41:44 | Diag logvar_q_mean=-0.8998 logvar_q_clamp=0.0000 logvar_p_mean=-0.8998 logvar_p_clamp=0.0000
2026-08-30 00:41:48 | Epoch 285/400 | Train Loss 2.3062 Acc 0.1063 | Val Loss 2.3007 Acc 0.1129 AUC 0.5000 Pre 0.0113 Rec 0.1000
2026-08-30 00:41:48 | Diag logvar_q_mean=-0.9025 logvar_q_clamp=0.0000 logvar_p_mean=-0.9025 logvar_p_clamp=0.0000
2026-08-30 00:41:51 | Epoch 286/400 | Train Loss 2.3067 Acc 0.1053 | Val Loss 2.3007 Acc 0.1129 AUC 0.5000 Pre 0.0113 Rec 0.1000
2026-08-30 00:41:52 | Diag logvar_q_mean=-0.9054 logvar_q_clamp=0.0000 logvar_p_mean=-0.9054 logvar_p_clamp=0.0000
2026-08-30 00:41:55 | Epoch 287/400 | Train Loss 2.3068 Acc 0.1051 | Val Loss 2.3007 Acc 0.1129 AUC 0.5000 Pre 0.0113 Rec 0.1000
2026-08-30 00:41:56 | Diag logvar_q_mean=-0.9082 logvar_q_clamp=0.0000 logvar_p_mean=-0.9082 logvar_p_clamp=0.0000
2026-08-30 00:41:59 | Epoch 288/400 | Train Loss 2.3062 Acc 0.1037 | Val Loss 2.3008 Acc 0.1129 AUC 0.5000 Pre 0.0113 Rec 0.1000
2026-08-30 00:41:59 | Diag logvar_q_mean=-0.9109 logvar_q_clamp=0.0000 logvar_p_mean=-0.9109 logvar_p_clamp=0.0000
2026-08-30 00:42:03 | Epoch 289/400 | Train Loss 2.3066 Acc 0.1053 | Val Loss 2.3008 Acc 0.1129 AUC 0.5000 Pre 0.0113 Rec 0.1000
2026-08-30 00:42:03 | Diag logvar_q_mean=-0.9137 logvar_q_clamp=0.0000 logvar_p_mean=-0.9137 logvar_p_clamp=0.0000
2026-08-30 00:42:07 | Epoch 290/400 | Train Loss 2.3069 Acc 0.1029 | Val Loss 2.3007 Acc 0.1129 AUC 0.5000 Pre 0.0113 Rec 0.1000
2026-08-30 00:42:07 | Diag logvar_q_mean=-0.9165 logvar_q_clamp=0.0000 logvar_p_mean=-0.9165 logvar_p_clamp=0.0000
2026-08-30 00:42:10 | Epoch 291/400 | Train Loss 2.3068 Acc 0.1056 | Val Loss 2.3007 Acc 0.1129 AUC 0.5000 Pre 0.0113 Rec 0.1000
2026-08-30 00:42:11 | Diag logvar_q_mean=-0.9194 logvar_q_clamp=0.0000 logvar_p_mean=-0.9194 logvar_p_clamp=0.0000
2026-08-30 00:42:14 | Epoch 292/400 | Train Loss 2.3066 Acc 0.1057 | Val Loss 2.3008 Acc 0.1129 AUC 0.5000 Pre 0.0113 Rec 0.1000
2026-08-30 00:42:15 | Diag logvar_q_mean=-0.9221 logvar_q_clamp=0.0000 logvar_p_mean=-0.9221 logvar_p_clamp=0.0000
2026-08-30 00:42:18 | Epoch 293/400 | Train Loss 2.3061 Acc 0.1059 | Val Loss 2.3008 Acc 0.1129 AUC 0.5000 Pre 0.0113 Rec 0.1000
2026-08-30 00:42:18 | Diag logvar_q_mean=-0.9248 logvar_q_clamp=0.0000 logvar_p_mean=-0.9248 logvar_p_clamp=0.0000
2026-08-30 00:42:22 | Epoch 294/400 | Train Loss 2.3071 Acc 0.1063 | Val Loss 2.3008 Acc 0.1129 AUC 0.5000 Pre 0.0113 Rec 0.1000
2026-08-30 00:42:22 | Diag logvar_q_mean=-0.9277 logvar_q_clamp=0.0000 logvar_p_mean=-0.9277 logvar_p_clamp=0.0000
2026-08-30 00:42:26 | Epoch 295/400 | Train Loss 2.3068 Acc 0.1029 | Val Loss 2.3008 Acc 0.1129 AUC 0.5000 Pre 0.0113 Rec 0.1000
2026-08-30 00:42:26 | Diag logvar_q_mean=-0.9305 logvar_q_clamp=0.0000 logvar_p_mean=-0.9305 logvar_p_clamp=0.0000
2026-08-30 00:42:29 | Epoch 296/400 | Train Loss 2.3060 Acc 0.1052 | Val Loss 2.3007 Acc 0.1129 AUC 0.5000 Pre 0.0113 Rec 0.1000
2026-08-30 00:42:30 | Diag logvar_q_mean=-0.9331 logvar_q_clamp=0.0000 logvar_p_mean=-0.9331 logvar_p_clamp=0.0000
2026-08-30 00:42:33 | Epoch 297/400 | Train Loss 2.3063 Acc 0.1069 | Val Loss 2.3007 Acc 0.1129 AUC 0.5000 Pre 0.0113 Rec 0.1000
2026-08-30 00:42:33 | Diag logvar_q_mean=-0.9359 logvar_q_clamp=0.0000 logvar_p_mean=-0.9359 logvar_p_clamp=0.0000
2026-08-30 00:42:37 | Epoch 298/400 | Train Loss 2.3069 Acc 0.1021 | Val Loss 2.3007 Acc 0.1129 AUC 0.5000 Pre 0.0113 Rec 0.1000
2026-08-30 00:42:37 | Diag logvar_q_mean=-0.9387 logvar_q_clamp=0.0000 logvar_p_mean=-0.9387 logvar_p_clamp=0.0000
2026-08-30 00:42:41 | Epoch 299/400 | Train Loss 2.3068 Acc 0.1044 | Val Loss 2.3007 Acc 0.1129 AUC 0.5000 Pre 0.0113 Rec 0.1000
2026-08-30 00:42:41 | Diag logvar_q_mean=-0.9415 logvar_q_clamp=0.0000 logvar_p_mean=-0.9415 logvar_p_clamp=0.0000
2026-08-30 00:42:44 | Epoch 300/400 | Train Loss 2.3059 Acc 0.1068 | Val Loss 2.3008 Acc 0.1129 AUC 0.5000 Pre 0.0113 Rec 0.1000
2026-08-30 00:42:45 | Diag logvar_q_mean=-0.9441 logvar_q_clamp=0.0000 logvar_p_mean=-0.9441 logvar_p_clamp=0.0000
2026-08-30 00:42:48 | Epoch 301/400 | Train Loss 2.3061 Acc 0.1041 | Val Loss 2.3007 Acc 0.1129 AUC 0.5000 Pre 0.0113 Rec 0.1000
2026-08-30 00:42:49 | Diag logvar_q_mean=-0.9467 logvar_q_clamp=0.0000 logvar_p_mean=-0.9467 logvar_p_clamp=0.0000
2026-08-30 00:42:52 | Epoch 302/400 | Train Loss 2.3075 Acc 0.1048 | Val Loss 2.3008 Acc 0.1129 AUC 0.5000 Pre 0.0113 Rec 0.1000
2026-08-30 00:42:53 | Diag logvar_q_mean=-0.9496 logvar_q_clamp=0.0000 logvar_p_mean=-0.9496 logvar_p_clamp=0.0000
2026-08-30 00:42:56 | Epoch 303/400 | Train Loss 2.3063 Acc 0.1030 | Val Loss 2.3007 Acc 0.1129 AUC 0.5000 Pre 0.0113 Rec 0.1000
2026-08-30 00:42:56 | Diag logvar_q_mean=-0.9523 logvar_q_clamp=0.0000 logvar_p_mean=-0.9523 logvar_p_clamp=0.0000
2026-08-30 00:43:00 | Epoch 304/400 | Train Loss 2.3063 Acc 0.1045 | Val Loss 2.3007 Acc 0.1129 AUC 0.5000 Pre 0.0113 Rec 0.1000
2026-08-30 00:43:00 | Diag logvar_q_mean=-0.9549 logvar_q_clamp=0.0000 logvar_p_mean=-0.9549 logvar_p_clamp=0.0000
2026-08-30 00:43:03 | Epoch 305/400 | Train Loss 2.3068 Acc 0.1068 | Val Loss 2.3007 Acc 0.1129 AUC 0.5000 Pre 0.0113 Rec 0.1000
2026-08-30 00:43:04 | Diag logvar_q_mean=-0.9578 logvar_q_clamp=0.0000 logvar_p_mean=-0.9578 logvar_p_clamp=0.0000
2026-08-30 00:43:07 | Epoch 306/400 | Train Loss 2.3067 Acc 0.1043 | Val Loss 2.3008 Acc 0.1129 AUC 0.5000 Pre 0.0113 Rec 0.1000
2026-08-30 00:43:08 | Diag logvar_q_mean=-0.9605 logvar_q_clamp=0.0000 logvar_p_mean=-0.9605 logvar_p_clamp=0.0000
2026-08-30 00:43:11 | Epoch 307/400 | Train Loss 2.3060 Acc 0.1058 | Val Loss 2.3008 Acc 0.1129 AUC 0.5000 Pre 0.0113 Rec 0.1000
2026-08-30 00:43:11 | Diag logvar_q_mean=-0.9632 logvar_q_clamp=0.0000 logvar_p_mean=-0.9632 logvar_p_clamp=0.0000
2026-08-30 00:43:15 | Epoch 308/400 | Train Loss 2.3067 Acc 0.1049 | Val Loss 2.3008 Acc 0.1129 AUC 0.5000 Pre 0.0113 Rec 0.1000
2026-08-30 00:43:15 | Diag logvar_q_mean=-0.9658 logvar_q_clamp=0.0000 logvar_p_mean=-0.9658 logvar_p_clamp=0.0000
2026-08-30 00:43:18 | Epoch 309/400 | Train Loss 2.3064 Acc 0.1056 | Val Loss 2.3007 Acc 0.1129 AUC 0.5000 Pre 0.0113 Rec 0.1000
2026-08-30 00:43:19 | Diag logvar_q_mean=-0.9686 logvar_q_clamp=0.0000 logvar_p_mean=-0.9686 logvar_p_clamp=0.0000
2026-08-30 00:43:22 | Epoch 310/400 | Train Loss 2.3058 Acc 0.1057 | Val Loss 2.3007 Acc 0.1129 AUC 0.5000 Pre 0.0113 Rec 0.1000
2026-08-30 00:43:23 | Diag logvar_q_mean=-0.9712 logvar_q_clamp=0.0000 logvar_p_mean=-0.9712 logvar_p_clamp=0.0000
2026-08-30 00:43:26 | Epoch 311/400 | Train Loss 2.3063 Acc 0.1058 | Val Loss 2.3008 Acc 0.1129 AUC 0.5000 Pre 0.0113 Rec 0.1000
2026-08-30 00:43:27 | Diag logvar_q_mean=-0.9739 logvar_q_clamp=0.0000 logvar_p_mean=-0.9739 logvar_p_clamp=0.0000
2026-08-30 00:43:30 | Epoch 312/400 | Train Loss 2.3061 Acc 0.1024 | Val Loss 2.3008 Acc 0.1129 AUC 0.5000 Pre 0.0113 Rec 0.1000
2026-08-30 00:43:30 | Diag logvar_q_mean=-0.9765 logvar_q_clamp=0.0000 logvar_p_mean=-0.9765 logvar_p_clamp=0.0000
2026-08-30 00:43:33 | Epoch 313/400 | Train Loss 2.3068 Acc 0.1056 | Val Loss 2.3007 Acc 0.1129 AUC 0.5000 Pre 0.0113 Rec 0.1000
2026-08-30 00:43:34 | Diag logvar_q_mean=-0.9794 logvar_q_clamp=0.0000 logvar_p_mean=-0.9794 logvar_p_clamp=0.0000
2026-08-30 00:43:37 | Epoch 314/400 | Train Loss 2.3065 Acc 0.1063 | Val Loss 2.3007 Acc 0.1129 AUC 0.5000 Pre 0.0113 Rec 0.1000
2026-08-30 00:43:38 | Diag logvar_q_mean=-0.9821 logvar_q_clamp=0.0000 logvar_p_mean=-0.9821 logvar_p_clamp=0.0000
2026-08-30 00:43:41 | Epoch 315/400 | Train Loss 2.3067 Acc 0.1074 | Val Loss 2.3007 Acc 0.1129 AUC 0.5000 Pre 0.0113 Rec 0.1000
2026-08-30 00:43:42 | Diag logvar_q_mean=-0.9848 logvar_q_clamp=0.0000 logvar_p_mean=-0.9848 logvar_p_clamp=0.0000
2026-08-30 00:43:45 | Epoch 316/400 | Train Loss 2.3065 Acc 0.1042 | Val Loss 2.3007 Acc 0.1129 AUC 0.5000 Pre 0.0113 Rec 0.1000
2026-08-30 00:43:45 | Diag logvar_q_mean=-0.9876 logvar_q_clamp=0.0000 logvar_p_mean=-0.9876 logvar_p_clamp=0.0000
2026-08-30 00:43:49 | Epoch 317/400 | Train Loss 2.3062 Acc 0.1038 | Val Loss 2.3007 Acc 0.1129 AUC 0.5000 Pre 0.0113 Rec 0.1000
2026-08-30 00:43:49 | Diag logvar_q_mean=-0.9902 logvar_q_clamp=0.0000 logvar_p_mean=-0.9902 logvar_p_clamp=0.0000
2026-08-30 00:43:52 | Epoch 318/400 | Train Loss 2.3066 Acc 0.1052 | Val Loss 2.3007 Acc 0.1129 AUC 0.5000 Pre 0.0113 Rec 0.1000
2026-08-30 00:43:53 | Diag logvar_q_mean=-0.9929 logvar_q_clamp=0.0000 logvar_p_mean=-0.9929 logvar_p_clamp=0.0000
2026-08-30 00:43:56 | Epoch 319/400 | Train Loss 2.3058 Acc 0.1053 | Val Loss 2.3007 Acc 0.1129 AUC 0.5000 Pre 0.0113 Rec 0.1000
2026-08-30 00:43:57 | Diag logvar_q_mean=-0.9955 logvar_q_clamp=0.0000 logvar_p_mean=-0.9955 logvar_p_clamp=0.0000
2026-08-30 00:44:00 | Epoch 320/400 | Train Loss 2.3064 Acc 0.1065 | Val Loss 2.3008 Acc 0.1129 AUC 0.5000 Pre 0.0113 Rec 0.1000
2026-08-30 00:44:01 | Diag logvar_q_mean=-0.9983 logvar_q_clamp=0.0000 logvar_p_mean=-0.9983 logvar_p_clamp=0.0000
2026-08-30 00:44:04 | Epoch 321/400 | Train Loss 2.3059 Acc 0.1032 | Val Loss 2.3008 Acc 0.1129 AUC 0.5000 Pre 0.0113 Rec 0.1000
2026-08-30 00:44:04 | Diag logvar_q_mean=-1.0009 logvar_q_clamp=0.0000 logvar_p_mean=-1.0009 logvar_p_clamp=0.0000
2026-08-30 00:44:08 | Epoch 322/400 | Train Loss 2.3058 Acc 0.1067 | Val Loss 2.3008 Acc 0.1129 AUC 0.5000 Pre 0.0113 Rec 0.1000
2026-08-30 00:44:08 | Diag logvar_q_mean=-1.0035 logvar_q_clamp=0.0000 logvar_p_mean=-1.0035 logvar_p_clamp=0.0000
2026-08-30 00:44:12 | Epoch 323/400 | Train Loss 2.3070 Acc 0.1055 | Val Loss 2.3008 Acc 0.1129 AUC 0.5000 Pre 0.0113 Rec 0.1000
2026-08-30 00:44:12 | Diag logvar_q_mean=-1.0063 logvar_q_clamp=0.0000 logvar_p_mean=-1.0063 logvar_p_clamp=0.0000
2026-08-30 00:44:15 | Epoch 324/400 | Train Loss 2.3065 Acc 0.1031 | Val Loss 2.3008 Acc 0.1129 AUC 0.5000 Pre 0.0113 Rec 0.1000
2026-08-30 00:44:16 | Diag logvar_q_mean=-1.0090 logvar_q_clamp=0.0000 logvar_p_mean=-1.0090 logvar_p_clamp=0.0000
2026-08-30 00:44:19 | Epoch 325/400 | Train Loss 2.3060 Acc 0.1057 | Val Loss 2.3008 Acc 0.1129 AUC 0.5000 Pre 0.0113 Rec 0.1000
2026-08-30 00:44:20 | Diag logvar_q_mean=-1.0116 logvar_q_clamp=0.0000 logvar_p_mean=-1.0116 logvar_p_clamp=0.0000
2026-08-30 00:44:23 | Epoch 326/400 | Train Loss 2.3066 Acc 0.1043 | Val Loss 2.3008 Acc 0.1129 AUC 0.5000 Pre 0.0113 Rec 0.1000
2026-08-30 00:44:24 | Diag logvar_q_mean=-1.0143 logvar_q_clamp=0.0000 logvar_p_mean=-1.0143 logvar_p_clamp=0.0000
2026-08-30 00:44:27 | Epoch 327/400 | Train Loss 2.3062 Acc 0.1031 | Val Loss 2.3008 Acc 0.1129 AUC 0.5000 Pre 0.0113 Rec 0.1000
2026-08-30 00:44:27 | Diag logvar_q_mean=-1.0170 logvar_q_clamp=0.0000 logvar_p_mean=-1.0170 logvar_p_clamp=0.0000
2026-08-30 00:44:31 | Epoch 328/400 | Train Loss 2.3063 Acc 0.1036 | Val Loss 2.3008 Acc 0.1129 AUC 0.5000 Pre 0.0113 Rec 0.1000
2026-08-30 00:44:31 | Diag logvar_q_mean=-1.0196 logvar_q_clamp=0.0000 logvar_p_mean=-1.0196 logvar_p_clamp=0.0000
2026-08-30 00:44:34 | Epoch 329/400 | Train Loss 2.3067 Acc 0.1023 | Val Loss 2.3008 Acc 0.1129 AUC 0.5000 Pre 0.0113 Rec 0.1000
2026-08-30 00:44:35 | Diag logvar_q_mean=-1.0223 logvar_q_clamp=0.0000 logvar_p_mean=-1.0223 logvar_p_clamp=0.0000
2026-08-30 00:44:38 | Epoch 330/400 | Train Loss 2.3064 Acc 0.1046 | Val Loss 2.3008 Acc 0.1129 AUC 0.5000 Pre 0.0113 Rec 0.1000
2026-08-30 00:44:39 | Diag logvar_q_mean=-1.0250 logvar_q_clamp=0.0000 logvar_p_mean=-1.0250 logvar_p_clamp=0.0000
2026-08-30 00:44:42 | Epoch 331/400 | Train Loss 2.3061 Acc 0.1046 | Val Loss 2.3008 Acc 0.1129 AUC 0.5000 Pre 0.0113 Rec 0.1000
2026-08-30 00:44:43 | Diag logvar_q_mean=-1.0275 logvar_q_clamp=0.0000 logvar_p_mean=-1.0275 logvar_p_clamp=0.0000
2026-08-30 00:44:46 | Epoch 332/400 | Train Loss 2.3065 Acc 0.1060 | Val Loss 2.3007 Acc 0.1129 AUC 0.5000 Pre 0.0113 Rec 0.1000
2026-08-30 00:44:46 | Diag logvar_q_mean=-1.0302 logvar_q_clamp=0.0000 logvar_p_mean=-1.0302 logvar_p_clamp=0.0000
2026-08-30 00:44:50 | Epoch 333/400 | Train Loss 2.3057 Acc 0.1058 | Val Loss 2.3008 Acc 0.1129 AUC 0.5000 Pre 0.0113 Rec 0.1000
2026-08-30 00:44:50 | Diag logvar_q_mean=-1.0327 logvar_q_clamp=0.0000 logvar_p_mean=-1.0327 logvar_p_clamp=0.0000
2026-08-30 00:44:54 | Epoch 334/400 | Train Loss 2.3065 Acc 0.1043 | Val Loss 2.3008 Acc 0.1129 AUC 0.5000 Pre 0.0113 Rec 0.1000
2026-08-30 00:44:54 | Diag logvar_q_mean=-1.0354 logvar_q_clamp=0.0000 logvar_p_mean=-1.0354 logvar_p_clamp=0.0000
2026-08-30 00:44:57 | Epoch 335/400 | Train Loss 2.3065 Acc 0.1039 | Val Loss 2.3008 Acc 0.1129 AUC 0.5000 Pre 0.0113 Rec 0.1000
2026-08-30 00:44:58 | Diag logvar_q_mean=-1.0381 logvar_q_clamp=0.0000 logvar_p_mean=-1.0381 logvar_p_clamp=0.0000
2026-08-30 00:45:01 | Epoch 336/400 | Train Loss 2.3063 Acc 0.1031 | Val Loss 2.3008 Acc 0.1129 AUC 0.5000 Pre 0.0113 Rec 0.1000
2026-08-30 00:45:02 | Diag logvar_q_mean=-1.0407 logvar_q_clamp=0.0000 logvar_p_mean=-1.0408 logvar_p_clamp=0.0000
2026-08-30 00:45:05 | Epoch 337/400 | Train Loss 2.3057 Acc 0.1066 | Val Loss 2.3007 Acc 0.1129 AUC 0.5000 Pre 0.0113 Rec 0.1000
2026-08-30 00:45:05 | Diag logvar_q_mean=-1.0432 logvar_q_clamp=0.0000 logvar_p_mean=-1.0432 logvar_p_clamp=0.0000
2026-08-30 00:45:09 | Epoch 338/400 | Train Loss 2.3066 Acc 0.1041 | Val Loss 2.3008 Acc 0.1129 AUC 0.5000 Pre 0.0113 Rec 0.1000
2026-08-30 00:45:09 | Diag logvar_q_mean=-1.0459 logvar_q_clamp=0.0000 logvar_p_mean=-1.0460 logvar_p_clamp=0.0000
2026-08-30 00:45:12 | Epoch 339/400 | Train Loss 2.3063 Acc 0.1047 | Val Loss 2.3008 Acc 0.1129 AUC 0.5000 Pre 0.0113 Rec 0.1000
2026-08-30 00:45:13 | Diag logvar_q_mean=-1.0486 logvar_q_clamp=0.0000 logvar_p_mean=-1.0486 logvar_p_clamp=0.0000
2026-08-30 00:45:16 | Epoch 340/400 | Train Loss 2.3060 Acc 0.1046 | Val Loss 2.3008 Acc 0.1129 AUC 0.5000 Pre 0.0113 Rec 0.1000
2026-08-30 00:45:17 | Diag logvar_q_mean=-1.0511 logvar_q_clamp=0.0000 logvar_p_mean=-1.0511 logvar_p_clamp=0.0000
2026-08-30 00:45:20 | Epoch 341/400 | Train Loss 2.3058 Acc 0.1049 | Val Loss 2.3007 Acc 0.1129 AUC 0.5000 Pre 0.0113 Rec 0.1000
2026-08-30 00:45:21 | Diag logvar_q_mean=-1.0537 logvar_q_clamp=0.0000 logvar_p_mean=-1.0537 logvar_p_clamp=0.0000
2026-08-30 00:45:24 | Epoch 342/400 | Train Loss 2.3061 Acc 0.1077 | Val Loss 2.3008 Acc 0.1129 AUC 0.5000 Pre 0.0113 Rec 0.1000
2026-08-30 00:45:24 | Diag logvar_q_mean=-1.0563 logvar_q_clamp=0.0000 logvar_p_mean=-1.0563 logvar_p_clamp=0.0000
2026-08-30 00:45:28 | Epoch 343/400 | Train Loss 2.3070 Acc 0.1046 | Val Loss 2.3008 Acc 0.1129 AUC 0.5000 Pre 0.0113 Rec 0.1000
2026-08-30 00:45:28 | Diag logvar_q_mean=-1.0592 logvar_q_clamp=0.0000 logvar_p_mean=-1.0592 logvar_p_clamp=0.0000
2026-08-30 00:45:31 | Epoch 344/400 | Train Loss 2.3066 Acc 0.1050 | Val Loss 2.3008 Acc 0.1129 AUC 0.5000 Pre 0.0113 Rec 0.1000
2026-08-30 00:45:32 | Diag logvar_q_mean=-1.0618 logvar_q_clamp=0.0000 logvar_p_mean=-1.0618 logvar_p_clamp=0.0000
2026-08-30 00:45:35 | Epoch 345/400 | Train Loss 2.3065 Acc 0.1023 | Val Loss 2.3007 Acc 0.1129 AUC 0.5000 Pre 0.0113 Rec 0.1000
2026-08-30 00:45:36 | Diag logvar_q_mean=-1.0645 logvar_q_clamp=0.0000 logvar_p_mean=-1.0645 logvar_p_clamp=0.0000
2026-08-30 00:45:39 | Epoch 346/400 | Train Loss 2.3065 Acc 0.1036 | Val Loss 2.3008 Acc 0.1129 AUC 0.5000 Pre 0.0113 Rec 0.1000
2026-08-30 00:45:39 | Diag logvar_q_mean=-1.0671 logvar_q_clamp=0.0000 logvar_p_mean=-1.0671 logvar_p_clamp=0.0000
2026-08-30 00:45:43 | Epoch 347/400 | Train Loss 2.3066 Acc 0.1037 | Val Loss 2.3008 Acc 0.1129 AUC 0.5000 Pre 0.0113 Rec 0.1000
2026-08-30 00:45:43 | Diag logvar_q_mean=-1.0698 logvar_q_clamp=0.0000 logvar_p_mean=-1.0698 logvar_p_clamp=0.0000
2026-08-30 00:45:47 | Epoch 348/400 | Train Loss 2.3057 Acc 0.1052 | Val Loss 2.3008 Acc 0.1129 AUC 0.5000 Pre 0.0113 Rec 0.1000
2026-08-30 00:45:47 | Diag logvar_q_mean=-1.0722 logvar_q_clamp=0.0000 logvar_p_mean=-1.0722 logvar_p_clamp=0.0000
2026-08-30 00:45:50 | Epoch 349/400 | Train Loss 2.3066 Acc 0.1030 | Val Loss 2.3008 Acc 0.1129 AUC 0.5000 Pre 0.0113 Rec 0.1000
2026-08-30 00:45:51 | Diag logvar_q_mean=-1.0749 logvar_q_clamp=0.0000 logvar_p_mean=-1.0749 logvar_p_clamp=0.0000
2026-08-30 00:45:54 | Epoch 350/400 | Train Loss 2.3064 Acc 0.1060 | Val Loss 2.3008 Acc 0.1129 AUC 0.5000 Pre 0.0113 Rec 0.1000
2026-08-30 00:45:55 | Diag logvar_q_mean=-1.0776 logvar_q_clamp=0.0000 logvar_p_mean=-1.0776 logvar_p_clamp=0.0000
2026-08-30 00:45:58 | Epoch 351/400 | Train Loss 2.3065 Acc 0.1023 | Val Loss 2.3008 Acc 0.1129 AUC 0.5000 Pre 0.0113 Rec 0.1000
2026-08-30 00:45:58 | Diag logvar_q_mean=-1.0802 logvar_q_clamp=0.0000 logvar_p_mean=-1.0802 logvar_p_clamp=0.0000
2026-08-30 00:46:02 | Epoch 352/400 | Train Loss 2.3059 Acc 0.1033 | Val Loss 2.3008 Acc 0.1129 AUC 0.5000 Pre 0.0113 Rec 0.1000
2026-08-30 00:46:02 | Diag logvar_q_mean=-1.0827 logvar_q_clamp=0.0000 logvar_p_mean=-1.0827 logvar_p_clamp=0.0000
2026-08-30 00:46:05 | Epoch 353/400 | Train Loss 2.3062 Acc 0.1044 | Val Loss 2.3008 Acc 0.1129 AUC 0.5000 Pre 0.0113 Rec 0.1000
2026-08-30 00:46:06 | Diag logvar_q_mean=-1.0853 logvar_q_clamp=0.0000 logvar_p_mean=-1.0852 logvar_p_clamp=0.0000
2026-08-30 00:46:09 | Epoch 354/400 | Train Loss 2.3060 Acc 0.1041 | Val Loss 2.3008 Acc 0.1129 AUC 0.5000 Pre 0.0113 Rec 0.1000
2026-08-30 00:46:10 | Diag logvar_q_mean=-1.0878 logvar_q_clamp=0.0000 logvar_p_mean=-1.0878 logvar_p_clamp=0.0000
2026-08-30 00:46:13 | Epoch 355/400 | Train Loss 2.3055 Acc 0.1052 | Val Loss 2.3008 Acc 0.1129 AUC 0.5000 Pre 0.0113 Rec 0.1000
2026-08-30 00:46:13 | Diag logvar_q_mean=-1.0903 logvar_q_clamp=0.0000 logvar_p_mean=-1.0903 logvar_p_clamp=0.0000
2026-08-30 00:46:17 | Epoch 356/400 | Train Loss 2.3064 Acc 0.1052 | Val Loss 2.3008 Acc 0.1129 AUC 0.5000 Pre 0.0113 Rec 0.1000
2026-08-30 00:46:17 | Diag logvar_q_mean=-1.0930 logvar_q_clamp=0.0000 logvar_p_mean=-1.0930 logvar_p_clamp=0.0000
2026-08-30 00:46:20 | Epoch 357/400 | Train Loss 2.3067 Acc 0.1045 | Val Loss 2.3008 Acc 0.1129 AUC 0.5000 Pre 0.0113 Rec 0.1000
2026-08-30 00:46:21 | Diag logvar_q_mean=-1.0957 logvar_q_clamp=0.0000 logvar_p_mean=-1.0957 logvar_p_clamp=0.0000
2026-08-30 00:46:24 | Epoch 358/400 | Train Loss 2.3060 Acc 0.1034 | Val Loss 2.3008 Acc 0.1129 AUC 0.5000 Pre 0.0113 Rec 0.1000
2026-08-30 00:46:25 | Diag logvar_q_mean=-1.0982 logvar_q_clamp=0.0000 logvar_p_mean=-1.0982 logvar_p_clamp=0.0000
2026-08-30 00:46:28 | Epoch 359/400 | Train Loss 2.3060 Acc 0.1061 | Val Loss 2.3008 Acc 0.1129 AUC 0.5000 Pre 0.0113 Rec 0.1000
2026-08-30 00:46:29 | Diag logvar_q_mean=-1.1008 logvar_q_clamp=0.0000 logvar_p_mean=-1.1008 logvar_p_clamp=0.0000
2026-08-30 00:46:32 | Epoch 360/400 | Train Loss 2.3070 Acc 0.1068 | Val Loss 2.3008 Acc 0.1129 AUC 0.5000 Pre 0.0113 Rec 0.1000
2026-08-30 00:46:32 | Diag logvar_q_mean=-1.1036 logvar_q_clamp=0.0000 logvar_p_mean=-1.1036 logvar_p_clamp=0.0000
2026-08-30 00:46:36 | Epoch 361/400 | Train Loss 2.3054 Acc 0.1074 | Val Loss 2.3008 Acc 0.1129 AUC 0.5000 Pre 0.0113 Rec 0.1000
2026-08-30 00:46:36 | Diag logvar_q_mean=-1.1059 logvar_q_clamp=0.0000 logvar_p_mean=-1.1059 logvar_p_clamp=0.0000
2026-08-30 00:46:40 | Epoch 362/400 | Train Loss 2.3058 Acc 0.1038 | Val Loss 2.3007 Acc 0.1129 AUC 0.5000 Pre 0.0113 Rec 0.1000
2026-08-30 00:46:40 | Diag logvar_q_mean=-1.1085 logvar_q_clamp=0.0000 logvar_p_mean=-1.1085 logvar_p_clamp=0.0000
2026-08-30 00:46:43 | Epoch 363/400 | Train Loss 2.3057 Acc 0.1055 | Val Loss 2.3008 Acc 0.1129 AUC 0.5000 Pre 0.0113 Rec 0.1000
2026-08-30 00:46:44 | Diag logvar_q_mean=-1.1109 logvar_q_clamp=0.0000 logvar_p_mean=-1.1109 logvar_p_clamp=0.0000
2026-08-30 00:46:47 | Epoch 364/400 | Train Loss 2.3059 Acc 0.1037 | Val Loss 2.3008 Acc 0.1129 AUC 0.5000 Pre 0.0113 Rec 0.1000
2026-08-30 00:46:48 | Diag logvar_q_mean=-1.1135 logvar_q_clamp=0.0000 logvar_p_mean=-1.1135 logvar_p_clamp=0.0000
2026-08-30 00:46:51 | Epoch 365/400 | Train Loss 2.3062 Acc 0.1061 | Val Loss 2.3008 Acc 0.1129 AUC 0.5000 Pre 0.0113 Rec 0.1000
2026-08-30 00:46:51 | Diag logvar_q_mean=-1.1161 logvar_q_clamp=0.0000 logvar_p_mean=-1.1161 logvar_p_clamp=0.0000
2026-08-30 00:46:55 | Epoch 366/400 | Train Loss 2.3058 Acc 0.1047 | Val Loss 2.3008 Acc 0.1129 AUC 0.5000 Pre 0.0113 Rec 0.1000
2026-08-30 00:46:55 | Diag logvar_q_mean=-1.1186 logvar_q_clamp=0.0000 logvar_p_mean=-1.1186 logvar_p_clamp=0.0000
2026-08-30 00:46:58 | Epoch 367/400 | Train Loss 2.3061 Acc 0.1054 | Val Loss 2.3008 Acc 0.1129 AUC 0.5000 Pre 0.0113 Rec 0.1000
2026-08-30 00:46:59 | Diag logvar_q_mean=-1.1212 logvar_q_clamp=0.0000 logvar_p_mean=-1.1212 logvar_p_clamp=0.0000
2026-08-30 00:47:02 | Epoch 368/400 | Train Loss 2.3061 Acc 0.1054 | Val Loss 2.3008 Acc 0.1129 AUC 0.5000 Pre 0.0113 Rec 0.1000
2026-08-30 00:47:03 | Diag logvar_q_mean=-1.1237 logvar_q_clamp=0.0000 logvar_p_mean=-1.1237 logvar_p_clamp=0.0000
2026-08-30 00:47:06 | Epoch 369/400 | Train Loss 2.3063 Acc 0.1042 | Val Loss 2.3008 Acc 0.1129 AUC 0.5000 Pre 0.0113 Rec 0.1000
2026-08-30 00:47:07 | Diag logvar_q_mean=-1.1263 logvar_q_clamp=0.0000 logvar_p_mean=-1.1263 logvar_p_clamp=0.0000
2026-08-30 00:47:10 | Epoch 370/400 | Train Loss 2.3068 Acc 0.1037 | Val Loss 2.3008 Acc 0.1129 AUC 0.5000 Pre 0.0113 Rec 0.1000
2026-08-30 00:47:10 | Diag logvar_q_mean=-1.1290 logvar_q_clamp=0.0000 logvar_p_mean=-1.1290 logvar_p_clamp=0.0000
2026-08-30 00:47:14 | Epoch 371/400 | Train Loss 2.3062 Acc 0.1061 | Val Loss 2.3008 Acc 0.1129 AUC 0.5000 Pre 0.0113 Rec 0.1000
2026-08-30 00:47:14 | Diag logvar_q_mean=-1.1315 logvar_q_clamp=0.0000 logvar_p_mean=-1.1315 logvar_p_clamp=0.0000
2026-08-30 00:47:17 | Epoch 372/400 | Train Loss 2.3054 Acc 0.1078 | Val Loss 2.3007 Acc 0.1129 AUC 0.5000 Pre 0.0113 Rec 0.1000
2026-08-30 00:47:18 | Diag logvar_q_mean=-1.1339 logvar_q_clamp=0.0000 logvar_p_mean=-1.1339 logvar_p_clamp=0.0000
2026-08-30 00:47:21 | Epoch 373/400 | Train Loss 2.3060 Acc 0.1059 | Val Loss 2.3008 Acc 0.1129 AUC 0.5000 Pre 0.0113 Rec 0.1000
2026-08-30 00:47:22 | Diag logvar_q_mean=-1.1364 logvar_q_clamp=0.0000 logvar_p_mean=-1.1364 logvar_p_clamp=0.0000
2026-08-30 00:47:25 | Epoch 374/400 | Train Loss 2.3066 Acc 0.1057 | Val Loss 2.3008 Acc 0.1129 AUC 0.5000 Pre 0.0113 Rec 0.1000
2026-08-30 00:47:25 | Diag logvar_q_mean=-1.1391 logvar_q_clamp=0.0000 logvar_p_mean=-1.1391 logvar_p_clamp=0.0000
2026-08-30 00:47:29 | Epoch 375/400 | Train Loss 2.3060 Acc 0.1041 | Val Loss 2.3008 Acc 0.1129 AUC 0.5000 Pre 0.0113 Rec 0.1000
2026-08-30 00:47:29 | Diag logvar_q_mean=-1.1416 logvar_q_clamp=0.0000 logvar_p_mean=-1.1416 logvar_p_clamp=0.0000
2026-08-30 00:47:32 | Epoch 376/400 | Train Loss 2.3061 Acc 0.1052 | Val Loss 2.3008 Acc 0.1129 AUC 0.5000 Pre 0.0113 Rec 0.1000
2026-08-30 00:47:33 | Diag logvar_q_mean=-1.1441 logvar_q_clamp=0.0000 logvar_p_mean=-1.1441 logvar_p_clamp=0.0000
2026-08-30 00:47:36 | Epoch 377/400 | Train Loss 2.3057 Acc 0.1052 | Val Loss 2.3008 Acc 0.1129 AUC 0.5000 Pre 0.0113 Rec 0.1000
2026-08-30 00:47:37 | Diag logvar_q_mean=-1.1465 logvar_q_clamp=0.0000 logvar_p_mean=-1.1465 logvar_p_clamp=0.0000
2026-08-30 00:47:40 | Epoch 378/400 | Train Loss 2.3064 Acc 0.1056 | Val Loss 2.3008 Acc 0.1129 AUC 0.5000 Pre 0.0113 Rec 0.1000
2026-08-30 00:47:40 | Diag logvar_q_mean=-1.1491 logvar_q_clamp=0.0000 logvar_p_mean=-1.1491 logvar_p_clamp=0.0000
2026-08-30 00:47:44 | Epoch 379/400 | Train Loss 2.3057 Acc 0.1056 | Val Loss 2.3008 Acc 0.1129 AUC 0.5000 Pre 0.0113 Rec 0.1000
2026-08-30 00:47:44 | Diag logvar_q_mean=-1.1516 logvar_q_clamp=0.0000 logvar_p_mean=-1.1516 logvar_p_clamp=0.0000
2026-08-30 00:47:47 | Epoch 380/400 | Train Loss 2.3058 Acc 0.1061 | Val Loss 2.3008 Acc 0.1129 AUC 0.5000 Pre 0.0113 Rec 0.1000
2026-08-30 00:47:48 | Diag logvar_q_mean=-1.1541 logvar_q_clamp=0.0000 logvar_p_mean=-1.1541 logvar_p_clamp=0.0000
2026-08-30 00:47:51 | Epoch 381/400 | Train Loss 2.3063 Acc 0.1044 | Val Loss 2.3008 Acc 0.1129 AUC 0.5000 Pre 0.0113 Rec 0.1000
2026-08-30 00:47:52 | Diag logvar_q_mean=-1.1566 logvar_q_clamp=0.0000 logvar_p_mean=-1.1566 logvar_p_clamp=0.0000
2026-08-30 00:47:55 | Epoch 382/400 | Train Loss 2.3060 Acc 0.1039 | Val Loss 2.3007 Acc 0.1129 AUC 0.5000 Pre 0.0113 Rec 0.1000
2026-08-30 00:47:56 | Diag logvar_q_mean=-1.1592 logvar_q_clamp=0.0000 logvar_p_mean=-1.1592 logvar_p_clamp=0.0000
2026-08-30 00:47:59 | Epoch 383/400 | Train Loss 2.3056 Acc 0.1056 | Val Loss 2.3008 Acc 0.1129 AUC 0.5000 Pre 0.0113 Rec 0.1000
2026-08-30 00:47:59 | Diag logvar_q_mean=-1.1616 logvar_q_clamp=0.0000 logvar_p_mean=-1.1616 logvar_p_clamp=0.0000
2026-08-30 00:48:03 | Epoch 384/400 | Train Loss 2.3065 Acc 0.1032 | Val Loss 2.3008 Acc 0.1129 AUC 0.5000 Pre 0.0113 Rec 0.1000
2026-08-30 00:48:03 | Diag logvar_q_mean=-1.1642 logvar_q_clamp=0.0000 logvar_p_mean=-1.1642 logvar_p_clamp=0.0000
2026-08-30 00:48:06 | Epoch 385/400 | Train Loss 2.3058 Acc 0.1045 | Val Loss 2.3008 Acc 0.1129 AUC 0.5000 Pre 0.0113 Rec 0.1000
2026-08-30 00:48:07 | Diag logvar_q_mean=-1.1667 logvar_q_clamp=0.0000 logvar_p_mean=-1.1667 logvar_p_clamp=0.0000
2026-08-30 00:48:10 | Epoch 386/400 | Train Loss 2.3059 Acc 0.1061 | Val Loss 2.3008 Acc 0.1129 AUC 0.5000 Pre 0.0113 Rec 0.1000
2026-08-30 00:48:11 | Diag logvar_q_mean=-1.1691 logvar_q_clamp=0.0000 logvar_p_mean=-1.1691 logvar_p_clamp=0.0000
2026-08-30 00:48:14 | Epoch 387/400 | Train Loss 2.3058 Acc 0.1044 | Val Loss 2.3008 Acc 0.1129 AUC 0.5000 Pre 0.0113 Rec 0.1000
2026-08-30 00:48:14 | Diag logvar_q_mean=-1.1716 logvar_q_clamp=0.0000 logvar_p_mean=-1.1716 logvar_p_clamp=0.0000
2026-08-30 00:48:18 | Epoch 388/400 | Train Loss 2.3060 Acc 0.1058 | Val Loss 2.3008 Acc 0.1129 AUC 0.5000 Pre 0.0113 Rec 0.1000
2026-08-30 00:48:18 | Diag logvar_q_mean=-1.1741 logvar_q_clamp=0.0000 logvar_p_mean=-1.1741 logvar_p_clamp=0.0000
2026-08-30 00:48:21 | Epoch 389/400 | Train Loss 2.3061 Acc 0.1049 | Val Loss 2.3008 Acc 0.1129 AUC 0.5000 Pre 0.0113 Rec 0.1000
2026-08-30 00:48:22 | Diag logvar_q_mean=-1.1766 logvar_q_clamp=0.0000 logvar_p_mean=-1.1766 logvar_p_clamp=0.0000
2026-08-30 00:48:25 | Epoch 390/400 | Train Loss 2.3069 Acc 0.1032 | Val Loss 2.3007 Acc 0.1129 AUC 0.5000 Pre 0.0113 Rec 0.1000
2026-08-30 00:48:26 | Diag logvar_q_mean=-1.1793 logvar_q_clamp=0.0000 logvar_p_mean=-1.1793 logvar_p_clamp=0.0000
2026-08-30 00:48:29 | Epoch 391/400 | Train Loss 2.3060 Acc 0.1053 | Val Loss 2.3008 Acc 0.1129 AUC 0.5000 Pre 0.0113 Rec 0.1000
2026-08-30 00:48:29 | Diag logvar_q_mean=-1.1818 logvar_q_clamp=0.0000 logvar_p_mean=-1.1818 logvar_p_clamp=0.0000
2026-08-30 00:48:33 | Epoch 392/400 | Train Loss 2.3059 Acc 0.1077 | Val Loss 2.3008 Acc 0.1129 AUC 0.5000 Pre 0.0113 Rec 0.1000
2026-08-30 00:48:33 | Diag logvar_q_mean=-1.1842 logvar_q_clamp=0.0000 logvar_p_mean=-1.1842 logvar_p_clamp=0.0000
2026-08-30 00:48:37 | Epoch 393/400 | Train Loss 2.3063 Acc 0.1047 | Val Loss 2.3008 Acc 0.1129 AUC 0.5000 Pre 0.0113 Rec 0.1000
2026-08-30 00:48:37 | Diag logvar_q_mean=-1.1868 logvar_q_clamp=0.0000 logvar_p_mean=-1.1868 logvar_p_clamp=0.0000
2026-08-30 00:48:40 | Epoch 394/400 | Train Loss 2.3058 Acc 0.1066 | Val Loss 2.3008 Acc 0.1129 AUC 0.5000 Pre 0.0113 Rec 0.1000
2026-08-30 00:48:41 | Diag logvar_q_mean=-1.1892 logvar_q_clamp=0.0000 logvar_p_mean=-1.1892 logvar_p_clamp=0.0000
2026-08-30 00:48:44 | Epoch 395/400 | Train Loss 2.3054 Acc 0.1052 | Val Loss 2.3008 Acc 0.1129 AUC 0.5000 Pre 0.0113 Rec 0.1000
2026-08-30 00:48:45 | Diag logvar_q_mean=-1.1915 logvar_q_clamp=0.0000 logvar_p_mean=-1.1915 logvar_p_clamp=0.0000
2026-08-30 00:48:48 | Epoch 396/400 | Train Loss 2.3057 Acc 0.1081 | Val Loss 2.3007 Acc 0.1129 AUC 0.5000 Pre 0.0113 Rec 0.1000
2026-08-30 00:48:48 | Diag logvar_q_mean=-1.1939 logvar_q_clamp=0.0000 logvar_p_mean=-1.1939 logvar_p_clamp=0.0000
2026-08-30 00:48:52 | Epoch 397/400 | Train Loss 2.3058 Acc 0.1071 | Val Loss 2.3008 Acc 0.1129 AUC 0.5000 Pre 0.0113 Rec 0.1000
2026-08-30 00:48:52 | Diag logvar_q_mean=-1.1965 logvar_q_clamp=0.0000 logvar_p_mean=-1.1965 logvar_p_clamp=0.0000
2026-08-30 00:48:55 | Epoch 398/400 | Train Loss 2.3065 Acc 0.1029 | Val Loss 2.3008 Acc 0.1129 AUC 0.5000 Pre 0.0113 Rec 0.1000
2026-08-30 00:48:56 | Diag logvar_q_mean=-1.1990 logvar_q_clamp=0.0000 logvar_p_mean=-1.1990 logvar_p_clamp=0.0000
2026-08-30 00:48:59 | Epoch 399/400 | Train Loss 2.3064 Acc 0.1050 | Val Loss 2.3008 Acc 0.1129 AUC 0.5000 Pre 0.0113 Rec 0.1000
2026-08-30 00:49:00 | Diag logvar_q_mean=-1.2016 logvar_q_clamp=0.0000 logvar_p_mean=-1.2016 logvar_p_clamp=0.0000
2026-08-30 00:49:03 | Epoch 400/400 | Train Loss 2.3058 Acc 0.1078 | Val Loss 2.3008 Acc 0.1129 AUC 0.5000 Pre 0.0113 Rec 0.1000
2026-08-30 00:49:03 | Diag logvar_q_mean=-1.2040 logvar_q_clamp=0.0000 logvar_p_mean=-1.2040 logvar_p_clamp=0.0000
2026-08-30 00:49:04 | Run 1/5 | Test (best model @ Epoch 1) | Loss 2.3020 Acc 0.1028 AUC 0.5000 Pre 0.0103 Rec 0.1000
2026-08-30 00:49:04 | ===== Run 2/5 (seed 1) =====
2026-08-30 00:49:07 | Epoch   1/400 | Train Loss 2.8143 Acc 0.1011 | Val Loss 2.3013 Acc 0.1129 AUC 0.5000 Pre 0.0113 Rec 0.1000
2026-08-30 00:49:08 | Diag logvar_q_mean=0.0072 logvar_q_clamp=0.0000 logvar_p_mean=0.0072 logvar_p_clamp=0.0000
2026-08-30 00:49:08 |   Val AUC improved to 0.5000, model saved
2026-08-30 00:49:11 | Epoch   2/400 | Train Loss 2.3269 Acc 0.1022 | Val Loss 2.3009 Acc 0.1129 AUC 0.5000 Pre 0.0113 Rec 0.1000
2026-08-30 00:49:11 | Diag logvar_q_mean=0.0057 logvar_q_clamp=0.0000 logvar_p_mean=0.0057 logvar_p_clamp=0.0000
2026-08-30 00:49:15 | Epoch   3/400 | Train Loss 2.3146 Acc 0.1015 | Val Loss 2.3008 Acc 0.1129 AUC 0.5000 Pre 0.0113 Rec 0.1000
2026-08-30 00:49:15 | Diag logvar_q_mean=0.0047 logvar_q_clamp=0.0000 logvar_p_mean=0.0047 logvar_p_clamp=0.0000
2026-08-30 00:49:19 | Epoch   4/400 | Train Loss 2.3099 Acc 0.1050 | Val Loss 2.3008 Acc 0.1129 AUC 0.5000 Pre 0.0113 Rec 0.1000
2026-08-30 00:49:19 | Diag logvar_q_mean=0.0040 logvar_q_clamp=0.0000 logvar_p_mean=0.0040 logvar_p_clamp=0.0000
2026-08-30 00:49:22 | Epoch   5/400 | Train Loss 2.3102 Acc 0.1040 | Val Loss 2.3008 Acc 0.1129 AUC 0.5000 Pre 0.0113 Rec 0.1000
2026-08-30 00:49:23 | Diag logvar_q_mean=0.0031 logvar_q_clamp=0.0000 logvar_p_mean=0.0031 logvar_p_clamp=0.0000
2026-08-30 00:49:26 | Epoch   6/400 | Train Loss 2.3100 Acc 0.1031 | Val Loss 2.3008 Acc 0.1129 AUC 0.5000 Pre 0.0113 Rec 0.1000
2026-08-30 00:49:27 | Diag logvar_q_mean=0.0021 logvar_q_clamp=0.0000 logvar_p_mean=0.0021 logvar_p_clamp=0.0000
2026-08-30 00:49:30 | Epoch   7/400 | Train Loss 2.3096 Acc 0.1047 | Val Loss 2.3007 Acc 0.1129 AUC 0.5000 Pre 0.0113 Rec 0.1000
2026-08-30 00:49:30 | Diag logvar_q_mean=0.0010 logvar_q_clamp=0.0000 logvar_p_mean=0.0011 logvar_p_clamp=0.0000
2026-08-30 00:49:34 | Epoch   8/400 | Train Loss 2.3098 Acc 0.1023 | Val Loss 2.3007 Acc 0.1129 AUC 0.5000 Pre 0.0113 Rec 0.1000
2026-08-30 00:49:34 | Diag logvar_q_mean=-0.0002 logvar_q_clamp=0.0000 logvar_p_mean=-0.0002 logvar_p_clamp=0.0000
2026-08-30 00:49:37 | Epoch   9/400 | Train Loss 2.3095 Acc 0.1028 | Val Loss 2.3007 Acc 0.1129 AUC 0.5000 Pre 0.0113 Rec 0.1000
2026-08-30 00:49:38 | Diag logvar_q_mean=-0.0014 logvar_q_clamp=0.0000 logvar_p_mean=-0.0014 logvar_p_clamp=0.0000
2026-08-30 00:49:41 | Epoch  10/400 | Train Loss 2.3095 Acc 0.1028 | Val Loss 2.3007 Acc 0.1129 AUC 0.5000 Pre 0.0113 Rec 0.1000
2026-08-30 00:49:42 | Diag logvar_q_mean=-0.0028 logvar_q_clamp=0.0000 logvar_p_mean=-0.0028 logvar_p_clamp=0.0000
2026-08-30 00:49:45 | Epoch  11/400 | Train Loss 2.3100 Acc 0.1046 | Val Loss 2.3007 Acc 0.1129 AUC 0.5000 Pre 0.0113 Rec 0.1000
2026-08-30 00:49:45 | Diag logvar_q_mean=-0.0044 logvar_q_clamp=0.0000 logvar_p_mean=-0.0044 logvar_p_clamp=0.0000
2026-08-30 00:49:49 | Epoch  12/400 | Train Loss 2.3100 Acc 0.1031 | Val Loss 2.3008 Acc 0.1129 AUC 0.5000 Pre 0.0113 Rec 0.1000
2026-08-30 00:49:49 | Diag logvar_q_mean=-0.0060 logvar_q_clamp=0.0000 logvar_p_mean=-0.0060 logvar_p_clamp=0.0000
2026-08-30 00:49:52 | Epoch  13/400 | Train Loss 2.3089 Acc 0.1057 | Val Loss 2.3008 Acc 0.1129 AUC 0.5000 Pre 0.0113 Rec 0.1000
2026-08-30 00:49:53 | Diag logvar_q_mean=-0.0077 logvar_q_clamp=0.0000 logvar_p_mean=-0.0077 logvar_p_clamp=0.0000
2026-08-30 00:49:56 | Epoch  14/400 | Train Loss 2.3090 Acc 0.1052 | Val Loss 2.3007 Acc 0.1129 AUC 0.5000 Pre 0.0113 Rec 0.1000
2026-08-30 00:49:57 | Diag logvar_q_mean=-0.0094 logvar_q_clamp=0.0000 logvar_p_mean=-0.0094 logvar_p_clamp=0.0000
2026-08-30 00:50:00 | Epoch  15/400 | Train Loss 2.3097 Acc 0.1033 | Val Loss 2.3008 Acc 0.1129 AUC 0.5000 Pre 0.0113 Rec 0.1000
2026-08-30 00:50:00 | Diag logvar_q_mean=-0.0114 logvar_q_clamp=0.0000 logvar_p_mean=-0.0114 logvar_p_clamp=0.0000
2026-08-30 00:50:04 | Epoch  16/400 | Train Loss 2.3107 Acc 0.1025 | Val Loss 2.3007 Acc 0.1129 AUC 0.5000 Pre 0.0113 Rec 0.1000
2026-08-30 00:50:04 | Diag logvar_q_mean=-0.0136 logvar_q_clamp=0.0000 logvar_p_mean=-0.0136 logvar_p_clamp=0.0000
2026-08-30 00:50:08 | Epoch  17/400 | Train Loss 2.3096 Acc 0.1037 | Val Loss 2.3008 Acc 0.1129 AUC 0.5000 Pre 0.0113 Rec 0.1000
2026-08-30 00:50:08 | Diag logvar_q_mean=-0.0157 logvar_q_clamp=0.0000 logvar_p_mean=-0.0157 logvar_p_clamp=0.0000
2026-08-30 00:50:11 | Epoch  18/400 | Train Loss 2.3106 Acc 0.1032 | Val Loss 2.3008 Acc 0.1129 AUC 0.5000 Pre 0.0113 Rec 0.1000
2026-08-30 00:50:12 | Diag logvar_q_mean=-0.0181 logvar_q_clamp=0.0000 logvar_p_mean=-0.0181 logvar_p_clamp=0.0000
2026-08-30 00:50:15 | Epoch  19/400 | Train Loss 2.3089 Acc 0.1047 | Val Loss 2.3007 Acc 0.1129 AUC 0.5000 Pre 0.0113 Rec 0.1000
2026-08-30 00:50:16 | Diag logvar_q_mean=-0.0203 logvar_q_clamp=0.0000 logvar_p_mean=-0.0203 logvar_p_clamp=0.0000
2026-08-30 00:50:19 | Epoch  20/400 | Train Loss 2.3094 Acc 0.1047 | Val Loss 2.3007 Acc 0.1129 AUC 0.5000 Pre 0.0113 Rec 0.1000
2026-08-30 00:50:20 | Diag logvar_q_mean=-0.0228 logvar_q_clamp=0.0000 logvar_p_mean=-0.0228 logvar_p_clamp=0.0000
2026-08-30 00:50:23 | Epoch  21/400 | Train Loss 2.3095 Acc 0.1032 | Val Loss 2.3007 Acc 0.1129 AUC 0.5000 Pre 0.0113 Rec 0.1000
2026-08-30 00:50:23 | Diag logvar_q_mean=-0.0254 logvar_q_clamp=0.0000 logvar_p_mean=-0.0254 logvar_p_clamp=0.0000
2026-08-30 00:50:27 | Epoch  22/400 | Train Loss 2.3099 Acc 0.1054 | Val Loss 2.3007 Acc 0.1129 AUC 0.5000 Pre 0.0113 Rec 0.1000
2026-08-30 00:50:27 | Diag logvar_q_mean=-0.0281 logvar_q_clamp=0.0000 logvar_p_mean=-0.0281 logvar_p_clamp=0.0000
2026-08-30 00:50:31 | Epoch  23/400 | Train Loss 2.3096 Acc 0.1060 | Val Loss 2.3007 Acc 0.1129 AUC 0.5000 Pre 0.0113 Rec 0.1000
2026-08-30 00:50:31 | Diag logvar_q_mean=-0.0309 logvar_q_clamp=0.0000 logvar_p_mean=-0.0309 logvar_p_clamp=0.0000
2026-08-30 00:50:35 | Epoch  24/400 | Train Loss 2.3095 Acc 0.1023 | Val Loss 2.3008 Acc 0.1129 AUC 0.5000 Pre 0.0113 Rec 0.1000
2026-08-30 00:50:35 | Diag logvar_q_mean=-0.0338 logvar_q_clamp=0.0000 logvar_p_mean=-0.0338 logvar_p_clamp=0.0000
2026-08-30 00:50:38 | Epoch  25/400 | Train Loss 2.3100 Acc 0.1039 | Val Loss 2.3007 Acc 0.1129 AUC 0.5000 Pre 0.0113 Rec 0.1000
2026-08-30 00:50:39 | Diag logvar_q_mean=-0.0369 logvar_q_clamp=0.0000 logvar_p_mean=-0.0369 logvar_p_clamp=0.0000
2026-08-30 00:50:42 | Epoch  26/400 | Train Loss 2.3097 Acc 0.1032 | Val Loss 2.3007 Acc 0.1129 AUC 0.5000 Pre 0.0113 Rec 0.1000
2026-08-30 00:50:43 | Diag logvar_q_mean=-0.0399 logvar_q_clamp=0.0000 logvar_p_mean=-0.0399 logvar_p_clamp=0.0000
2026-08-30 00:50:46 | Epoch  27/400 | Train Loss 2.3095 Acc 0.1050 | Val Loss 2.3008 Acc 0.1129 AUC 0.5000 Pre 0.0113 Rec 0.1000
2026-08-30 00:50:47 | Diag logvar_q_mean=-0.0431 logvar_q_clamp=0.0000 logvar_p_mean=-0.0431 logvar_p_clamp=0.0000
2026-08-30 00:50:50 | Epoch  28/400 | Train Loss 2.3097 Acc 0.1039 | Val Loss 2.3007 Acc 0.1129 AUC 0.5000 Pre 0.0113 Rec 0.1000
2026-08-30 00:50:50 | Diag logvar_q_mean=-0.0463 logvar_q_clamp=0.0000 logvar_p_mean=-0.0463 logvar_p_clamp=0.0000
2026-08-30 00:50:54 | Epoch  29/400 | Train Loss 2.3094 Acc 0.1035 | Val Loss 2.3008 Acc 0.1129 AUC 0.5000 Pre 0.0113 Rec 0.1000
2026-08-30 00:50:54 | Diag logvar_q_mean=-0.0495 logvar_q_clamp=0.0000 logvar_p_mean=-0.0495 logvar_p_clamp=0.0000
2026-08-30 00:50:58 | Epoch  30/400 | Train Loss 2.3095 Acc 0.1031 | Val Loss 2.3008 Acc 0.1129 AUC 0.5000 Pre 0.0113 Rec 0.1000
2026-08-30 00:50:58 | Diag logvar_q_mean=-0.0529 logvar_q_clamp=0.0000 logvar_p_mean=-0.0529 logvar_p_clamp=0.0000
2026-08-30 00:51:01 | Epoch  31/400 | Train Loss 2.3093 Acc 0.1038 | Val Loss 2.3008 Acc 0.1129 AUC 0.5000 Pre 0.0113 Rec 0.1000
2026-08-30 00:51:02 | Diag logvar_q_mean=-0.0563 logvar_q_clamp=0.0000 logvar_p_mean=-0.0563 logvar_p_clamp=0.0000
2026-08-30 00:51:05 | Epoch  32/400 | Train Loss 2.3094 Acc 0.1049 | Val Loss 2.3008 Acc 0.1129 AUC 0.5000 Pre 0.0113 Rec 0.1000
2026-08-30 00:51:06 | Diag logvar_q_mean=-0.0598 logvar_q_clamp=0.0000 logvar_p_mean=-0.0598 logvar_p_clamp=0.0000
2026-08-30 00:51:09 | Epoch  33/400 | Train Loss 2.3091 Acc 0.1040 | Val Loss 2.3008 Acc 0.1129 AUC 0.5000 Pre 0.0113 Rec 0.1000
2026-08-30 00:51:09 | Diag logvar_q_mean=-0.0633 logvar_q_clamp=0.0000 logvar_p_mean=-0.0633 logvar_p_clamp=0.0000
2026-08-30 00:51:13 | Epoch  34/400 | Train Loss 2.3093 Acc 0.1033 | Val Loss 2.3008 Acc 0.1129 AUC 0.5000 Pre 0.0113 Rec 0.1000
2026-08-30 00:51:13 | Diag logvar_q_mean=-0.0669 logvar_q_clamp=0.0000 logvar_p_mean=-0.0669 logvar_p_clamp=0.0000
2026-08-30 00:51:17 | Epoch  35/400 | Train Loss 2.3096 Acc 0.1033 | Val Loss 2.3007 Acc 0.1129 AUC 0.5000 Pre 0.0113 Rec 0.1000
2026-08-30 00:51:17 | Diag logvar_q_mean=-0.0706 logvar_q_clamp=0.0000 logvar_p_mean=-0.0706 logvar_p_clamp=0.0000
2026-08-30 00:51:20 | Epoch  36/400 | Train Loss 2.3093 Acc 0.1033 | Val Loss 2.3008 Acc 0.1129 AUC 0.5000 Pre 0.0113 Rec 0.1000
2026-08-30 00:51:21 | Diag logvar_q_mean=-0.0743 logvar_q_clamp=0.0000 logvar_p_mean=-0.0743 logvar_p_clamp=0.0000
2026-08-30 00:51:24 | Epoch  37/400 | Train Loss 2.3090 Acc 0.1038 | Val Loss 2.3007 Acc 0.1129 AUC 0.5000 Pre 0.0113 Rec 0.1000
2026-08-30 00:51:25 | Diag logvar_q_mean=-0.0779 logvar_q_clamp=0.0000 logvar_p_mean=-0.0779 logvar_p_clamp=0.0000
2026-08-30 00:51:28 | Epoch  38/400 | Train Loss 2.3098 Acc 0.1026 | Val Loss 2.3007 Acc 0.1129 AUC 0.5000 Pre 0.0113 Rec 0.1000
2026-08-30 00:51:28 | Diag logvar_q_mean=-0.0817 logvar_q_clamp=0.0000 logvar_p_mean=-0.0817 logvar_p_clamp=0.0000
2026-08-30 00:51:32 | Epoch  39/400 | Train Loss 2.3091 Acc 0.1052 | Val Loss 2.3008 Acc 0.1129 AUC 0.5000 Pre 0.0113 Rec 0.1000
2026-08-30 00:51:32 | Diag logvar_q_mean=-0.0854 logvar_q_clamp=0.0000 logvar_p_mean=-0.0854 logvar_p_clamp=0.0000
2026-08-30 00:51:35 | Epoch  40/400 | Train Loss 2.3091 Acc 0.1052 | Val Loss 2.3008 Acc 0.1129 AUC 0.5000 Pre 0.0113 Rec 0.1000
2026-08-30 00:51:36 | Diag logvar_q_mean=-0.0891 logvar_q_clamp=0.0000 logvar_p_mean=-0.0891 logvar_p_clamp=0.0000
2026-08-30 00:51:39 | Epoch  41/400 | Train Loss 2.3096 Acc 0.1029 | Val Loss 2.3008 Acc 0.1129 AUC 0.5000 Pre 0.0113 Rec 0.1000
2026-08-30 00:51:40 | Diag logvar_q_mean=-0.0930 logvar_q_clamp=0.0000 logvar_p_mean=-0.0930 logvar_p_clamp=0.0000
2026-08-30 00:51:43 | Epoch  42/400 | Train Loss 2.3096 Acc 0.1030 | Val Loss 2.3007 Acc 0.1129 AUC 0.5000 Pre 0.0113 Rec 0.1000
2026-08-30 00:51:43 | Diag logvar_q_mean=-0.0968 logvar_q_clamp=0.0000 logvar_p_mean=-0.0968 logvar_p_clamp=0.0000
2026-08-30 00:51:46 | Epoch  43/400 | Train Loss 2.3095 Acc 0.1026 | Val Loss 2.3008 Acc 0.1129 AUC 0.5000 Pre 0.0113 Rec 0.1000
2026-08-30 00:51:47 | Diag logvar_q_mean=-0.1006 logvar_q_clamp=0.0000 logvar_p_mean=-0.1006 logvar_p_clamp=0.0000
2026-08-30 00:51:50 | Epoch  44/400 | Train Loss 2.3083 Acc 0.1070 | Val Loss 2.3008 Acc 0.1129 AUC 0.5000 Pre 0.0113 Rec 0.1000
2026-08-30 00:51:51 | Diag logvar_q_mean=-0.1042 logvar_q_clamp=0.0000 logvar_p_mean=-0.1042 logvar_p_clamp=0.0000
2026-08-30 00:51:54 | Epoch  45/400 | Train Loss 2.3100 Acc 0.1038 | Val Loss 2.3008 Acc 0.1129 AUC 0.5000 Pre 0.0113 Rec 0.1000
2026-08-30 00:51:55 | Diag logvar_q_mean=-0.1082 logvar_q_clamp=0.0000 logvar_p_mean=-0.1082 logvar_p_clamp=0.0000
2026-08-30 00:51:58 | Epoch  46/400 | Train Loss 2.3097 Acc 0.1026 | Val Loss 2.3008 Acc 0.1129 AUC 0.5000 Pre 0.0113 Rec 0.1000
2026-08-30 00:51:58 | Diag logvar_q_mean=-0.1121 logvar_q_clamp=0.0000 logvar_p_mean=-0.1121 logvar_p_clamp=0.0000
2026-08-30 00:52:02 | Epoch  47/400 | Train Loss 2.3082 Acc 0.1035 | Val Loss 2.3007 Acc 0.1129 AUC 0.5000 Pre 0.0113 Rec 0.1000
2026-08-30 00:52:02 | Diag logvar_q_mean=-0.1157 logvar_q_clamp=0.0000 logvar_p_mean=-0.1157 logvar_p_clamp=0.0000
2026-08-30 00:52:05 | Epoch  48/400 | Train Loss 2.3090 Acc 0.1016 | Val Loss 2.3007 Acc 0.1129 AUC 0.5000 Pre 0.0113 Rec 0.1000
2026-08-30 00:52:06 | Diag logvar_q_mean=-0.1197 logvar_q_clamp=0.0000 logvar_p_mean=-0.1197 logvar_p_clamp=0.0000
2026-08-30 00:52:09 | Epoch  49/400 | Train Loss 2.3095 Acc 0.1040 | Val Loss 2.3007 Acc 0.1129 AUC 0.5000 Pre 0.0113 Rec 0.1000
2026-08-30 00:52:10 | Diag logvar_q_mean=-0.1236 logvar_q_clamp=0.0000 logvar_p_mean=-0.1236 logvar_p_clamp=0.0000
2026-08-30 00:52:13 | Epoch  50/400 | Train Loss 2.3094 Acc 0.1032 | Val Loss 2.3008 Acc 0.1129 AUC 0.5000 Pre 0.0113 Rec 0.1000
2026-08-30 00:52:14 | Diag logvar_q_mean=-0.1275 logvar_q_clamp=0.0000 logvar_p_mean=-0.1275 logvar_p_clamp=0.0000
2026-08-30 00:52:17 | Epoch  51/400 | Train Loss 2.3088 Acc 0.1039 | Val Loss 2.3008 Acc 0.1129 AUC 0.5000 Pre 0.0113 Rec 0.1000
2026-08-30 00:52:17 | Diag logvar_q_mean=-0.1313 logvar_q_clamp=0.0000 logvar_p_mean=-0.1313 logvar_p_clamp=0.0000
2026-08-30 00:52:21 | Epoch  52/400 | Train Loss 2.3092 Acc 0.1022 | Val Loss 2.3007 Acc 0.1129 AUC 0.5000 Pre 0.0113 Rec 0.1000
2026-08-30 00:52:21 | Diag logvar_q_mean=-0.1352 logvar_q_clamp=0.0000 logvar_p_mean=-0.1352 logvar_p_clamp=0.0000
2026-08-30 00:52:25 | Epoch  53/400 | Train Loss 2.3087 Acc 0.1043 | Val Loss 2.3008 Acc 0.1129 AUC 0.5000 Pre 0.0113 Rec 0.1000
2026-08-30 00:52:25 | Diag logvar_q_mean=-0.1390 logvar_q_clamp=0.0000 logvar_p_mean=-0.1390 logvar_p_clamp=0.0000
2026-08-30 00:52:28 | Epoch  54/400 | Train Loss 2.3093 Acc 0.1039 | Val Loss 2.3008 Acc 0.1129 AUC 0.5000 Pre 0.0113 Rec 0.1000
2026-08-30 00:52:29 | Diag logvar_q_mean=-0.1429 logvar_q_clamp=0.0000 logvar_p_mean=-0.1429 logvar_p_clamp=0.0000
2026-08-30 00:52:32 | Epoch  55/400 | Train Loss 2.3087 Acc 0.1048 | Val Loss 2.3008 Acc 0.1129 AUC 0.5000 Pre 0.0113 Rec 0.1000
2026-08-30 00:52:33 | Diag logvar_q_mean=-0.1468 logvar_q_clamp=0.0000 logvar_p_mean=-0.1468 logvar_p_clamp=0.0000
2026-08-30 00:52:36 | Epoch  56/400 | Train Loss 2.3091 Acc 0.1033 | Val Loss 2.3008 Acc 0.1129 AUC 0.5000 Pre 0.0113 Rec 0.1000
2026-08-30 00:52:36 | Diag logvar_q_mean=-0.1506 logvar_q_clamp=0.0000 logvar_p_mean=-0.1506 logvar_p_clamp=0.0000
2026-08-30 00:52:40 | Epoch  57/400 | Train Loss 2.3092 Acc 0.1048 | Val Loss 2.3007 Acc 0.1129 AUC 0.5000 Pre 0.0113 Rec 0.1000
2026-08-30 00:52:40 | Diag logvar_q_mean=-0.1545 logvar_q_clamp=0.0000 logvar_p_mean=-0.1545 logvar_p_clamp=0.0000
2026-08-30 00:52:44 | Epoch  58/400 | Train Loss 2.3088 Acc 0.1057 | Val Loss 2.3008 Acc 0.1129 AUC 0.5000 Pre 0.0113 Rec 0.1000
2026-08-30 00:52:44 | Diag logvar_q_mean=-0.1583 logvar_q_clamp=0.0000 logvar_p_mean=-0.1583 logvar_p_clamp=0.0000
2026-08-30 00:52:47 | Epoch  59/400 | Train Loss 2.3088 Acc 0.1032 | Val Loss 2.3007 Acc 0.1129 AUC 0.5000 Pre 0.0113 Rec 0.1000
2026-08-30 00:52:48 | Diag logvar_q_mean=-0.1621 logvar_q_clamp=0.0000 logvar_p_mean=-0.1621 logvar_p_clamp=0.0000
2026-08-30 00:52:51 | Epoch  60/400 | Train Loss 2.3087 Acc 0.1054 | Val Loss 2.3008 Acc 0.1129 AUC 0.5000 Pre 0.0113 Rec 0.1000
2026-08-30 00:52:52 | Diag logvar_q_mean=-0.1658 logvar_q_clamp=0.0000 logvar_p_mean=-0.1658 logvar_p_clamp=0.0000
2026-08-30 00:52:55 | Epoch  61/400 | Train Loss 2.3083 Acc 0.1058 | Val Loss 2.3008 Acc 0.1129 AUC 0.5000 Pre 0.0113 Rec 0.1000
2026-08-30 00:52:56 | Diag logvar_q_mean=-0.1696 logvar_q_clamp=0.0000 logvar_p_mean=-0.1696 logvar_p_clamp=0.0000
2026-08-30 00:52:59 | Epoch  62/400 | Train Loss 2.3091 Acc 0.1038 | Val Loss 2.3007 Acc 0.1129 AUC 0.5000 Pre 0.0113 Rec 0.1000
2026-08-30 00:52:59 | Diag logvar_q_mean=-0.1734 logvar_q_clamp=0.0000 logvar_p_mean=-0.1734 logvar_p_clamp=0.0000
2026-08-30 00:53:03 | Epoch  63/400 | Train Loss 2.3099 Acc 0.1030 | Val Loss 2.3008 Acc 0.1129 AUC 0.5000 Pre 0.0113 Rec 0.1000
2026-08-30 00:53:03 | Diag logvar_q_mean=-0.1775 logvar_q_clamp=0.0000 logvar_p_mean=-0.1775 logvar_p_clamp=0.0000
2026-08-30 00:53:07 | Epoch  64/400 | Train Loss 2.3087 Acc 0.1020 | Val Loss 2.3007 Acc 0.1129 AUC 0.5000 Pre 0.0113 Rec 0.1000
2026-08-30 00:53:07 | Diag logvar_q_mean=-0.1812 logvar_q_clamp=0.0000 logvar_p_mean=-0.1812 logvar_p_clamp=0.0000
2026-08-30 00:53:10 | Epoch  65/400 | Train Loss 2.3090 Acc 0.1052 | Val Loss 2.3007 Acc 0.1129 AUC 0.5000 Pre 0.0113 Rec 0.1000
2026-08-30 00:53:11 | Diag logvar_q_mean=-0.1849 logvar_q_clamp=0.0000 logvar_p_mean=-0.1849 logvar_p_clamp=0.0000
2026-08-30 00:53:14 | Epoch  66/400 | Train Loss 2.3089 Acc 0.1036 | Val Loss 2.3007 Acc 0.1129 AUC 0.5000 Pre 0.0113 Rec 0.1000
2026-08-30 00:53:15 | Diag logvar_q_mean=-0.1887 logvar_q_clamp=0.0000 logvar_p_mean=-0.1887 logvar_p_clamp=0.0000
2026-08-30 00:53:18 | Epoch  67/400 | Train Loss 2.3084 Acc 0.1037 | Val Loss 2.3008 Acc 0.1129 AUC 0.5000 Pre 0.0113 Rec 0.1000
2026-08-30 00:53:18 | Diag logvar_q_mean=-0.1924 logvar_q_clamp=0.0000 logvar_p_mean=-0.1924 logvar_p_clamp=0.0000
2026-08-30 00:53:22 | Epoch  68/400 | Train Loss 2.3091 Acc 0.1042 | Val Loss 2.3008 Acc 0.1129 AUC 0.5000 Pre 0.0113 Rec 0.1000
2026-08-30 00:53:22 | Diag logvar_q_mean=-0.1963 logvar_q_clamp=0.0000 logvar_p_mean=-0.1964 logvar_p_clamp=0.0000
2026-08-30 00:53:25 | Epoch  69/400 | Train Loss 2.3086 Acc 0.1040 | Val Loss 2.3008 Acc 0.1129 AUC 0.5000 Pre 0.0113 Rec 0.1000
2026-08-30 00:53:26 | Diag logvar_q_mean=-0.2001 logvar_q_clamp=0.0000 logvar_p_mean=-0.2001 logvar_p_clamp=0.0000
2026-08-30 00:53:29 | Epoch  70/400 | Train Loss 2.3093 Acc 0.1022 | Val Loss 2.3008 Acc 0.1129 AUC 0.5000 Pre 0.0113 Rec 0.1000
2026-08-30 00:53:30 | Diag logvar_q_mean=-0.2040 logvar_q_clamp=0.0000 logvar_p_mean=-0.2039 logvar_p_clamp=0.0000
2026-08-30 00:53:33 | Epoch  71/400 | Train Loss 2.3089 Acc 0.1040 | Val Loss 2.3008 Acc 0.1129 AUC 0.5000 Pre 0.0113 Rec 0.1000
2026-08-30 00:53:33 | Diag logvar_q_mean=-0.2077 logvar_q_clamp=0.0000 logvar_p_mean=-0.2077 logvar_p_clamp=0.0000
2026-08-30 00:53:37 | Epoch  72/400 | Train Loss 2.3092 Acc 0.1068 | Val Loss 2.3008 Acc 0.1129 AUC 0.5000 Pre 0.0113 Rec 0.1000
2026-08-30 00:53:37 | Diag logvar_q_mean=-0.2114 logvar_q_clamp=0.0000 logvar_p_mean=-0.2115 logvar_p_clamp=0.0000
2026-08-30 00:53:40 | Epoch  73/400 | Train Loss 2.3089 Acc 0.1024 | Val Loss 2.3008 Acc 0.1129 AUC 0.5000 Pre 0.0113 Rec 0.1000
2026-08-30 00:53:41 | Diag logvar_q_mean=-0.2152 logvar_q_clamp=0.0000 logvar_p_mean=-0.2152 logvar_p_clamp=0.0000
2026-08-30 00:53:44 | Epoch  74/400 | Train Loss 2.3088 Acc 0.1024 | Val Loss 2.3008 Acc 0.1129 AUC 0.5000 Pre 0.0113 Rec 0.1000
2026-08-30 00:53:45 | Diag logvar_q_mean=-0.2189 logvar_q_clamp=0.0000 logvar_p_mean=-0.2190 logvar_p_clamp=0.0000
2026-08-30 00:53:48 | Epoch  75/400 | Train Loss 2.3091 Acc 0.1053 | Val Loss 2.3008 Acc 0.1129 AUC 0.5000 Pre 0.0113 Rec 0.1000
2026-08-30 00:53:48 | Diag logvar_q_mean=-0.2228 logvar_q_clamp=0.0000 logvar_p_mean=-0.2228 logvar_p_clamp=0.0000
2026-08-30 00:53:52 | Epoch  76/400 | Train Loss 2.3083 Acc 0.1042 | Val Loss 2.3008 Acc 0.1129 AUC 0.5000 Pre 0.0113 Rec 0.1000
2026-08-30 00:53:52 | Diag logvar_q_mean=-0.2264 logvar_q_clamp=0.0000 logvar_p_mean=-0.2264 logvar_p_clamp=0.0000
2026-08-30 00:53:55 | Epoch  77/400 | Train Loss 2.3092 Acc 0.1031 | Val Loss 2.3008 Acc 0.1129 AUC 0.5000 Pre 0.0113 Rec 0.1000
2026-08-30 00:53:56 | Diag logvar_q_mean=-0.2302 logvar_q_clamp=0.0000 logvar_p_mean=-0.2302 logvar_p_clamp=0.0000
2026-08-30 00:53:59 | Epoch  78/400 | Train Loss 2.3087 Acc 0.1033 | Val Loss 2.3007 Acc 0.1129 AUC 0.5000 Pre 0.0113 Rec 0.1000
2026-08-30 00:54:00 | Diag logvar_q_mean=-0.2340 logvar_q_clamp=0.0000 logvar_p_mean=-0.2339 logvar_p_clamp=0.0000
2026-08-30 00:54:03 | Epoch  79/400 | Train Loss 2.3090 Acc 0.1037 | Val Loss 2.3008 Acc 0.1129 AUC 0.5000 Pre 0.0113 Rec 0.1000
2026-08-30 00:54:04 | Diag logvar_q_mean=-0.2378 logvar_q_clamp=0.0000 logvar_p_mean=-0.2377 logvar_p_clamp=0.0000
2026-08-30 00:54:07 | Epoch  80/400 | Train Loss 2.3080 Acc 0.1039 | Val Loss 2.3007 Acc 0.1129 AUC 0.5000 Pre 0.0113 Rec 0.1000
2026-08-30 00:54:07 | Diag logvar_q_mean=-0.2413 logvar_q_clamp=0.0000 logvar_p_mean=-0.2413 logvar_p_clamp=0.0000
2026-08-30 00:54:11 | Epoch  81/400 | Train Loss 2.3088 Acc 0.1039 | Val Loss 2.3007 Acc 0.1129 AUC 0.5000 Pre 0.0113 Rec 0.1000
2026-08-30 00:54:11 | Diag logvar_q_mean=-0.2451 logvar_q_clamp=0.0000 logvar_p_mean=-0.2451 logvar_p_clamp=0.0000
2026-08-30 00:54:14 | Epoch  82/400 | Train Loss 2.3082 Acc 0.1053 | Val Loss 2.3007 Acc 0.1129 AUC 0.5000 Pre 0.0113 Rec 0.1000
2026-08-30 00:54:15 | Diag logvar_q_mean=-0.2488 logvar_q_clamp=0.0000 logvar_p_mean=-0.2487 logvar_p_clamp=0.0000
2026-08-30 00:54:18 | Epoch  83/400 | Train Loss 2.3096 Acc 0.1044 | Val Loss 2.3008 Acc 0.1129 AUC 0.5000 Pre 0.0113 Rec 0.1000
2026-08-30 00:54:19 | Diag logvar_q_mean=-0.2526 logvar_q_clamp=0.0000 logvar_p_mean=-0.2526 logvar_p_clamp=0.0000
2026-08-30 00:54:22 | Epoch  84/400 | Train Loss 2.3090 Acc 0.1034 | Val Loss 2.3008 Acc 0.1129 AUC 0.5000 Pre 0.0113 Rec 0.1000
2026-08-30 00:54:22 | Diag logvar_q_mean=-0.2563 logvar_q_clamp=0.0000 logvar_p_mean=-0.2563 logvar_p_clamp=0.0000
2026-08-30 00:54:26 | Epoch  85/400 | Train Loss 2.3080 Acc 0.1058 | Val Loss 2.3008 Acc 0.1129 AUC 0.5000 Pre 0.0113 Rec 0.1000
2026-08-30 00:54:26 | Diag logvar_q_mean=-0.2599 logvar_q_clamp=0.0000 logvar_p_mean=-0.2599 logvar_p_clamp=0.0000
2026-08-30 00:54:29 | Epoch  86/400 | Train Loss 2.3082 Acc 0.1043 | Val Loss 2.3008 Acc 0.1129 AUC 0.5000 Pre 0.0113 Rec 0.1000
2026-08-30 00:54:30 | Diag logvar_q_mean=-0.2635 logvar_q_clamp=0.0000 logvar_p_mean=-0.2635 logvar_p_clamp=0.0000
2026-08-30 00:54:33 | Epoch  87/400 | Train Loss 2.3094 Acc 0.1036 | Val Loss 2.3007 Acc 0.1129 AUC 0.5000 Pre 0.0113 Rec 0.1000
2026-08-30 00:54:34 | Diag logvar_q_mean=-0.2674 logvar_q_clamp=0.0000 logvar_p_mean=-0.2674 logvar_p_clamp=0.0000
2026-08-30 00:54:37 | Epoch  88/400 | Train Loss 2.3083 Acc 0.1056 | Val Loss 2.3008 Acc 0.1129 AUC 0.5000 Pre 0.0113 Rec 0.1000
2026-08-30 00:54:37 | Diag logvar_q_mean=-0.2710 logvar_q_clamp=0.0000 logvar_p_mean=-0.2710 logvar_p_clamp=0.0000
2026-08-30 00:54:41 | Epoch  89/400 | Train Loss 2.3094 Acc 0.1022 | Val Loss 2.3008 Acc 0.1129 AUC 0.5000 Pre 0.0113 Rec 0.1000
2026-08-30 00:54:41 | Diag logvar_q_mean=-0.2749 logvar_q_clamp=0.0000 logvar_p_mean=-0.2749 logvar_p_clamp=0.0000
2026-08-30 00:54:44 | Epoch  90/400 | Train Loss 2.3081 Acc 0.1046 | Val Loss 2.3008 Acc 0.1129 AUC 0.5000 Pre 0.0113 Rec 0.1000
2026-08-30 00:54:45 | Diag logvar_q_mean=-0.2784 logvar_q_clamp=0.0000 logvar_p_mean=-0.2784 logvar_p_clamp=0.0000
2026-08-30 00:54:48 | Epoch  91/400 | Train Loss 2.3084 Acc 0.1057 | Val Loss 2.3008 Acc 0.1129 AUC 0.5000 Pre 0.0113 Rec 0.1000
2026-08-30 00:54:49 | Diag logvar_q_mean=-0.2821 logvar_q_clamp=0.0000 logvar_p_mean=-0.2821 logvar_p_clamp=0.0000
2026-08-30 00:54:52 | Epoch  92/400 | Train Loss 2.3085 Acc 0.1020 | Val Loss 2.3008 Acc 0.1129 AUC 0.5000 Pre 0.0113 Rec 0.1000
2026-08-30 00:54:53 | Diag logvar_q_mean=-0.2858 logvar_q_clamp=0.0000 logvar_p_mean=-0.2858 logvar_p_clamp=0.0000
2026-08-30 00:54:56 | Epoch  93/400 | Train Loss 2.3079 Acc 0.1038 | Val Loss 2.3008 Acc 0.1129 AUC 0.5000 Pre 0.0113 Rec 0.1000
2026-08-30 00:54:56 | Diag logvar_q_mean=-0.2893 logvar_q_clamp=0.0000 logvar_p_mean=-0.2893 logvar_p_clamp=0.0000
2026-08-30 00:55:00 | Epoch  94/400 | Train Loss 2.3080 Acc 0.1031 | Val Loss 2.3007 Acc 0.1129 AUC 0.5000 Pre 0.0113 Rec 0.1000
2026-08-30 00:55:00 | Diag logvar_q_mean=-0.2928 logvar_q_clamp=0.0000 logvar_p_mean=-0.2928 logvar_p_clamp=0.0000
2026-08-30 00:55:03 | Epoch  95/400 | Train Loss 2.3087 Acc 0.1044 | Val Loss 2.3008 Acc 0.1129 AUC 0.5000 Pre 0.0113 Rec 0.1000
2026-08-30 00:55:04 | Diag logvar_q_mean=-0.2967 logvar_q_clamp=0.0000 logvar_p_mean=-0.2967 logvar_p_clamp=0.0000
2026-08-30 00:55:07 | Epoch  96/400 | Train Loss 2.3078 Acc 0.1055 | Val Loss 2.3008 Acc 0.1129 AUC 0.5000 Pre 0.0113 Rec 0.1000
2026-08-30 00:55:08 | Diag logvar_q_mean=-0.3002 logvar_q_clamp=0.0000 logvar_p_mean=-0.3002 logvar_p_clamp=0.0000
2026-08-30 00:55:11 | Epoch  97/400 | Train Loss 2.3083 Acc 0.1043 | Val Loss 2.3007 Acc 0.1129 AUC 0.5000 Pre 0.0113 Rec 0.1000
2026-08-30 00:55:11 | Diag logvar_q_mean=-0.3037 logvar_q_clamp=0.0000 logvar_p_mean=-0.3038 logvar_p_clamp=0.0000
2026-08-30 00:55:15 | Epoch  98/400 | Train Loss 2.3087 Acc 0.1046 | Val Loss 2.3007 Acc 0.1129 AUC 0.5000 Pre 0.0113 Rec 0.1000
2026-08-30 00:55:15 | Diag logvar_q_mean=-0.3075 logvar_q_clamp=0.0000 logvar_p_mean=-0.3075 logvar_p_clamp=0.0000
2026-08-30 00:55:19 | Epoch  99/400 | Train Loss 2.3087 Acc 0.1061 | Val Loss 2.3007 Acc 0.1129 AUC 0.5000 Pre 0.0113 Rec 0.1000
2026-08-30 00:55:19 | Diag logvar_q_mean=-0.3111 logvar_q_clamp=0.0000 logvar_p_mean=-0.3111 logvar_p_clamp=0.0000
2026-08-30 00:55:23 | Epoch 100/400 | Train Loss 2.3086 Acc 0.1029 | Val Loss 2.3008 Acc 0.1129 AUC 0.5000 Pre 0.0113 Rec 0.1000
2026-08-30 00:55:23 | Diag logvar_q_mean=-0.3148 logvar_q_clamp=0.0000 logvar_p_mean=-0.3148 logvar_p_clamp=0.0000
2026-08-30 00:55:27 | Epoch 101/400 | Train Loss 2.3080 Acc 0.1036 | Val Loss 2.3008 Acc 0.1129 AUC 0.5000 Pre 0.0113 Rec 0.1000
2026-08-30 00:55:27 | Diag logvar_q_mean=-0.3183 logvar_q_clamp=0.0000 logvar_p_mean=-0.3183 logvar_p_clamp=0.0000
2026-08-30 00:55:30 | Epoch 102/400 | Train Loss 2.3086 Acc 0.1029 | Val Loss 2.3008 Acc 0.1129 AUC 0.5000 Pre 0.0113 Rec 0.1000
2026-08-30 00:55:31 | Diag logvar_q_mean=-0.3219 logvar_q_clamp=0.0000 logvar_p_mean=-0.3219 logvar_p_clamp=0.0000
2026-08-30 00:55:34 | Epoch 103/400 | Train Loss 2.3085 Acc 0.1062 | Val Loss 2.3008 Acc 0.1129 AUC 0.5000 Pre 0.0113 Rec 0.1000
2026-08-30 00:55:35 | Diag logvar_q_mean=-0.3256 logvar_q_clamp=0.0000 logvar_p_mean=-0.3256 logvar_p_clamp=0.0000
2026-08-30 00:55:38 | Epoch 104/400 | Train Loss 2.3089 Acc 0.1035 | Val Loss 2.3008 Acc 0.1129 AUC 0.5000 Pre 0.0113 Rec 0.1000
2026-08-30 00:55:38 | Diag logvar_q_mean=-0.3293 logvar_q_clamp=0.0000 logvar_p_mean=-0.3292 logvar_p_clamp=0.0000
2026-08-30 00:55:42 | Epoch 105/400 | Train Loss 2.3082 Acc 0.1033 | Val Loss 2.3008 Acc 0.1129 AUC 0.5000 Pre 0.0113 Rec 0.1000
2026-08-30 00:55:42 | Diag logvar_q_mean=-0.3327 logvar_q_clamp=0.0000 logvar_p_mean=-0.3327 logvar_p_clamp=0.0000
2026-08-30 00:55:46 | Epoch 106/400 | Train Loss 2.3088 Acc 0.1029 | Val Loss 2.3008 Acc 0.1129 AUC 0.5000 Pre 0.0113 Rec 0.1000
2026-08-30 00:55:46 | Diag logvar_q_mean=-0.3364 logvar_q_clamp=0.0000 logvar_p_mean=-0.3364 logvar_p_clamp=0.0000
2026-08-30 00:55:50 | Epoch 107/400 | Train Loss 2.3075 Acc 0.1064 | Val Loss 2.3008 Acc 0.1129 AUC 0.5000 Pre 0.0113 Rec 0.1000
2026-08-30 00:55:50 | Diag logvar_q_mean=-0.3397 logvar_q_clamp=0.0000 logvar_p_mean=-0.3397 logvar_p_clamp=0.0000
2026-08-30 00:55:53 | Epoch 108/400 | Train Loss 2.3086 Acc 0.1025 | Val Loss 2.3007 Acc 0.1129 AUC 0.5000 Pre 0.0113 Rec 0.1000
2026-08-30 00:55:54 | Diag logvar_q_mean=-0.3434 logvar_q_clamp=0.0000 logvar_p_mean=-0.3434 logvar_p_clamp=0.0000
2026-08-30 00:55:57 | Epoch 109/400 | Train Loss 2.3081 Acc 0.1049 | Val Loss 2.3007 Acc 0.1129 AUC 0.5000 Pre 0.0113 Rec 0.1000
2026-08-30 00:55:58 | Diag logvar_q_mean=-0.3470 logvar_q_clamp=0.0000 logvar_p_mean=-0.3470 logvar_p_clamp=0.0000
2026-08-30 00:56:01 | Epoch 110/400 | Train Loss 2.3088 Acc 0.1040 | Val Loss 2.3007 Acc 0.1129 AUC 0.5000 Pre 0.0113 Rec 0.1000
2026-08-30 00:56:01 | Diag logvar_q_mean=-0.3507 logvar_q_clamp=0.0000 logvar_p_mean=-0.3506 logvar_p_clamp=0.0000
2026-08-30 00:56:05 | Epoch 111/400 | Train Loss 2.3092 Acc 0.1029 | Val Loss 2.3007 Acc 0.1129 AUC 0.5000 Pre 0.0113 Rec 0.1000
2026-08-30 00:56:05 | Diag logvar_q_mean=-0.3544 logvar_q_clamp=0.0000 logvar_p_mean=-0.3543 logvar_p_clamp=0.0000
2026-08-30 00:56:09 | Epoch 112/400 | Train Loss 2.3074 Acc 0.1026 | Val Loss 2.3008 Acc 0.1129 AUC 0.5000 Pre 0.0113 Rec 0.1000
2026-08-30 00:56:09 | Diag logvar_q_mean=-0.3576 logvar_q_clamp=0.0000 logvar_p_mean=-0.3576 logvar_p_clamp=0.0000
2026-08-30 00:56:12 | Epoch 113/400 | Train Loss 2.3083 Acc 0.1028 | Val Loss 2.3008 Acc 0.1129 AUC 0.5000 Pre 0.0113 Rec 0.1000
2026-08-30 00:56:13 | Diag logvar_q_mean=-0.3611 logvar_q_clamp=0.0000 logvar_p_mean=-0.3612 logvar_p_clamp=0.0000
2026-08-30 00:56:16 | Epoch 114/400 | Train Loss 2.3080 Acc 0.1035 | Val Loss 2.3007 Acc 0.1129 AUC 0.5000 Pre 0.0113 Rec 0.1000
2026-08-30 00:56:17 | Diag logvar_q_mean=-0.3646 logvar_q_clamp=0.0000 logvar_p_mean=-0.3646 logvar_p_clamp=0.0000
2026-08-30 00:56:20 | Epoch 115/400 | Train Loss 2.3081 Acc 0.1041 | Val Loss 2.3007 Acc 0.1129 AUC 0.5000 Pre 0.0113 Rec 0.1000
2026-08-30 00:56:20 | Diag logvar_q_mean=-0.3681 logvar_q_clamp=0.0000 logvar_p_mean=-0.3681 logvar_p_clamp=0.0000
2026-08-30 00:56:24 | Epoch 116/400 | Train Loss 2.3084 Acc 0.1050 | Val Loss 2.3007 Acc 0.1129 AUC 0.5000 Pre 0.0113 Rec 0.1000
2026-08-30 00:56:24 | Diag logvar_q_mean=-0.3717 logvar_q_clamp=0.0000 logvar_p_mean=-0.3717 logvar_p_clamp=0.0000
2026-08-30 00:56:27 | Epoch 117/400 | Train Loss 2.3075 Acc 0.1062 | Val Loss 2.3008 Acc 0.1129 AUC 0.5000 Pre 0.0113 Rec 0.1000
2026-08-30 00:56:28 | Diag logvar_q_mean=-0.3751 logvar_q_clamp=0.0000 logvar_p_mean=-0.3751 logvar_p_clamp=0.0000
2026-08-30 00:56:31 | Epoch 118/400 | Train Loss 2.3084 Acc 0.1031 | Val Loss 2.3008 Acc 0.1129 AUC 0.5000 Pre 0.0113 Rec 0.1000
2026-08-30 00:56:32 | Diag logvar_q_mean=-0.3787 logvar_q_clamp=0.0000 logvar_p_mean=-0.3787 logvar_p_clamp=0.0000
2026-08-30 00:56:35 | Epoch 119/400 | Train Loss 2.3085 Acc 0.1010 | Val Loss 2.3008 Acc 0.1129 AUC 0.5000 Pre 0.0113 Rec 0.1000
2026-08-30 00:56:36 | Diag logvar_q_mean=-0.3823 logvar_q_clamp=0.0000 logvar_p_mean=-0.3823 logvar_p_clamp=0.0000
2026-08-30 00:56:39 | Epoch 120/400 | Train Loss 2.3079 Acc 0.1044 | Val Loss 2.3007 Acc 0.1129 AUC 0.5000 Pre 0.0113 Rec 0.1000
2026-08-30 00:56:39 | Diag logvar_q_mean=-0.3857 logvar_q_clamp=0.0000 logvar_p_mean=-0.3857 logvar_p_clamp=0.0000
2026-08-30 00:56:43 | Epoch 121/400 | Train Loss 2.3076 Acc 0.1049 | Val Loss 2.3007 Acc 0.1129 AUC 0.5000 Pre 0.0113 Rec 0.1000
2026-08-30 00:56:43 | Diag logvar_q_mean=-0.3891 logvar_q_clamp=0.0000 logvar_p_mean=-0.3891 logvar_p_clamp=0.0000
2026-08-30 00:56:46 | Epoch 122/400 | Train Loss 2.3087 Acc 0.1050 | Val Loss 2.3007 Acc 0.1129 AUC 0.5000 Pre 0.0113 Rec 0.1000
2026-08-30 00:56:47 | Diag logvar_q_mean=-0.3927 logvar_q_clamp=0.0000 logvar_p_mean=-0.3927 logvar_p_clamp=0.0000
2026-08-30 00:56:50 | Epoch 123/400 | Train Loss 2.3077 Acc 0.1032 | Val Loss 2.3008 Acc 0.1129 AUC 0.5000 Pre 0.0113 Rec 0.1000
2026-08-30 00:56:51 | Diag logvar_q_mean=-0.3961 logvar_q_clamp=0.0000 logvar_p_mean=-0.3961 logvar_p_clamp=0.0000
2026-08-30 00:56:54 | Epoch 124/400 | Train Loss 2.3080 Acc 0.1025 | Val Loss 2.3007 Acc 0.1129 AUC 0.5000 Pre 0.0113 Rec 0.1000
2026-08-30 00:56:54 | Diag logvar_q_mean=-0.3997 logvar_q_clamp=0.0000 logvar_p_mean=-0.3997 logvar_p_clamp=0.0000
2026-08-30 00:56:58 | Epoch 125/400 | Train Loss 2.3085 Acc 0.1025 | Val Loss 2.3008 Acc 0.1129 AUC 0.5000 Pre 0.0113 Rec 0.1000
2026-08-30 00:56:58 | Diag logvar_q_mean=-0.4032 logvar_q_clamp=0.0000 logvar_p_mean=-0.4032 logvar_p_clamp=0.0000
2026-08-30 00:57:01 | Epoch 126/400 | Train Loss 2.3085 Acc 0.1043 | Val Loss 2.3008 Acc 0.1129 AUC 0.5000 Pre 0.0113 Rec 0.1000
2026-08-30 00:57:02 | Diag logvar_q_mean=-0.4068 logvar_q_clamp=0.0000 logvar_p_mean=-0.4068 logvar_p_clamp=0.0000
2026-08-30 00:57:05 | Epoch 127/400 | Train Loss 2.3083 Acc 0.1038 | Val Loss 2.3008 Acc 0.1129 AUC 0.5000 Pre 0.0113 Rec 0.1000
2026-08-30 00:57:06 | Diag logvar_q_mean=-0.4103 logvar_q_clamp=0.0000 logvar_p_mean=-0.4103 logvar_p_clamp=0.0000
2026-08-30 00:57:09 | Epoch 128/400 | Train Loss 2.3079 Acc 0.1030 | Val Loss 2.3007 Acc 0.1129 AUC 0.5000 Pre 0.0113 Rec 0.1000
2026-08-30 00:57:09 | Diag logvar_q_mean=-0.4136 logvar_q_clamp=0.0000 logvar_p_mean=-0.4136 logvar_p_clamp=0.0000
2026-08-30 00:57:13 | Epoch 129/400 | Train Loss 2.3085 Acc 0.1038 | Val Loss 2.3008 Acc 0.1129 AUC 0.5000 Pre 0.0113 Rec 0.1000
2026-08-30 00:57:13 | Diag logvar_q_mean=-0.4173 logvar_q_clamp=0.0000 logvar_p_mean=-0.4173 logvar_p_clamp=0.0000
2026-08-30 00:57:17 | Epoch 130/400 | Train Loss 2.3080 Acc 0.1045 | Val Loss 2.3007 Acc 0.1129 AUC 0.5000 Pre 0.0113 Rec 0.1000
2026-08-30 00:57:17 | Diag logvar_q_mean=-0.4207 logvar_q_clamp=0.0000 logvar_p_mean=-0.4207 logvar_p_clamp=0.0000
2026-08-30 00:57:20 | Epoch 131/400 | Train Loss 2.3072 Acc 0.1058 | Val Loss 2.3008 Acc 0.1129 AUC 0.5000 Pre 0.0113 Rec 0.1000
2026-08-30 00:57:21 | Diag logvar_q_mean=-0.4239 logvar_q_clamp=0.0000 logvar_p_mean=-0.4239 logvar_p_clamp=0.0000
2026-08-30 00:57:24 | Epoch 132/400 | Train Loss 2.3077 Acc 0.1050 | Val Loss 2.3008 Acc 0.1129 AUC 0.5000 Pre 0.0113 Rec 0.1000
2026-08-30 00:57:24 | Diag logvar_q_mean=-0.4273 logvar_q_clamp=0.0000 logvar_p_mean=-0.4273 logvar_p_clamp=0.0000
2026-08-30 00:57:28 | Epoch 133/400 | Train Loss 2.3083 Acc 0.1015 | Val Loss 2.3007 Acc 0.1129 AUC 0.5000 Pre 0.0113 Rec 0.1000
2026-08-30 00:57:28 | Diag logvar_q_mean=-0.4309 logvar_q_clamp=0.0000 logvar_p_mean=-0.4309 logvar_p_clamp=0.0000
2026-08-30 00:57:32 | Epoch 134/400 | Train Loss 2.3082 Acc 0.1027 | Val Loss 2.3007 Acc 0.1129 AUC 0.5000 Pre 0.0113 Rec 0.1000
2026-08-30 00:57:32 | Diag logvar_q_mean=-0.4343 logvar_q_clamp=0.0000 logvar_p_mean=-0.4343 logvar_p_clamp=0.0000
2026-08-30 00:57:36 | Epoch 135/400 | Train Loss 2.3090 Acc 0.1045 | Val Loss 2.3008 Acc 0.1129 AUC 0.5000 Pre 0.0113 Rec 0.1000
2026-08-30 00:57:36 | Diag logvar_q_mean=-0.4380 logvar_q_clamp=0.0000 logvar_p_mean=-0.4380 logvar_p_clamp=0.0000
2026-08-30 00:57:39 | Epoch 136/400 | Train Loss 2.3083 Acc 0.1050 | Val Loss 2.3008 Acc 0.1129 AUC 0.5000 Pre 0.0113 Rec 0.1000
2026-08-30 00:57:40 | Diag logvar_q_mean=-0.4414 logvar_q_clamp=0.0000 logvar_p_mean=-0.4414 logvar_p_clamp=0.0000
2026-08-30 00:57:43 | Epoch 137/400 | Train Loss 2.3080 Acc 0.1038 | Val Loss 2.3008 Acc 0.1129 AUC 0.5000 Pre 0.0113 Rec 0.1000
2026-08-30 00:57:44 | Diag logvar_q_mean=-0.4447 logvar_q_clamp=0.0000 logvar_p_mean=-0.4447 logvar_p_clamp=0.0000
2026-08-30 00:57:47 | Epoch 138/400 | Train Loss 2.3080 Acc 0.1049 | Val Loss 2.3008 Acc 0.1129 AUC 0.5000 Pre 0.0113 Rec 0.1000
2026-08-30 00:57:47 | Diag logvar_q_mean=-0.4480 logvar_q_clamp=0.0000 logvar_p_mean=-0.4480 logvar_p_clamp=0.0000
2026-08-30 00:57:51 | Epoch 139/400 | Train Loss 2.3076 Acc 0.1045 | Val Loss 2.3008 Acc 0.1129 AUC 0.5000 Pre 0.0113 Rec 0.1000
2026-08-30 00:57:51 | Diag logvar_q_mean=-0.4512 logvar_q_clamp=0.0000 logvar_p_mean=-0.4512 logvar_p_clamp=0.0000
2026-08-30 00:57:55 | Epoch 140/400 | Train Loss 2.3084 Acc 0.1041 | Val Loss 2.3007 Acc 0.1129 AUC 0.5000 Pre 0.0113 Rec 0.1000
2026-08-30 00:57:55 | Diag logvar_q_mean=-0.4547 logvar_q_clamp=0.0000 logvar_p_mean=-0.4547 logvar_p_clamp=0.0000
2026-08-30 00:57:58 | Epoch 141/400 | Train Loss 2.3071 Acc 0.1053 | Val Loss 2.3007 Acc 0.1129 AUC 0.5000 Pre 0.0113 Rec 0.1000
2026-08-30 00:57:59 | Diag logvar_q_mean=-0.4579 logvar_q_clamp=0.0000 logvar_p_mean=-0.4579 logvar_p_clamp=0.0000
2026-08-30 00:58:02 | Epoch 142/400 | Train Loss 2.3076 Acc 0.1031 | Val Loss 2.3007 Acc 0.1129 AUC 0.5000 Pre 0.0113 Rec 0.1000
2026-08-30 00:58:02 | Diag logvar_q_mean=-0.4613 logvar_q_clamp=0.0000 logvar_p_mean=-0.4613 logvar_p_clamp=0.0000
2026-08-30 00:58:06 | Epoch 143/400 | Train Loss 2.3083 Acc 0.1017 | Val Loss 2.3008 Acc 0.1129 AUC 0.5000 Pre 0.0113 Rec 0.1000
2026-08-30 00:58:06 | Diag logvar_q_mean=-0.4648 logvar_q_clamp=0.0000 logvar_p_mean=-0.4647 logvar_p_clamp=0.0000
2026-08-30 00:58:10 | Epoch 144/400 | Train Loss 2.3074 Acc 0.1046 | Val Loss 2.3008 Acc 0.1129 AUC 0.5000 Pre 0.0113 Rec 0.1000
2026-08-30 00:58:10 | Diag logvar_q_mean=-0.4681 logvar_q_clamp=0.0000 logvar_p_mean=-0.4681 logvar_p_clamp=0.0000
2026-08-30 00:58:13 | Epoch 145/400 | Train Loss 2.3081 Acc 0.1060 | Val Loss 2.3008 Acc 0.1129 AUC 0.5000 Pre 0.0113 Rec 0.1000
2026-08-30 00:58:14 | Diag logvar_q_mean=-0.4715 logvar_q_clamp=0.0000 logvar_p_mean=-0.4715 logvar_p_clamp=0.0000
2026-08-30 00:58:17 | Epoch 146/400 | Train Loss 2.3082 Acc 0.1038 | Val Loss 2.3007 Acc 0.1129 AUC 0.5000 Pre 0.0113 Rec 0.1000
2026-08-30 00:58:18 | Diag logvar_q_mean=-0.4749 logvar_q_clamp=0.0000 logvar_p_mean=-0.4749 logvar_p_clamp=0.0000
2026-08-30 00:58:21 | Epoch 147/400 | Train Loss 2.3079 Acc 0.1033 | Val Loss 2.3008 Acc 0.1129 AUC 0.5000 Pre 0.0113 Rec 0.1000
2026-08-30 00:58:21 | Diag logvar_q_mean=-0.4782 logvar_q_clamp=0.0000 logvar_p_mean=-0.4782 logvar_p_clamp=0.0000
2026-08-30 00:58:25 | Epoch 148/400 | Train Loss 2.3075 Acc 0.1052 | Val Loss 2.3009 Acc 0.1129 AUC 0.5000 Pre 0.0113 Rec 0.1000
2026-08-30 00:58:25 | Diag logvar_q_mean=-0.4813 logvar_q_clamp=0.0000 logvar_p_mean=-0.4813 logvar_p_clamp=0.0000
2026-08-30 00:58:29 | Epoch 149/400 | Train Loss 2.3082 Acc 0.1047 | Val Loss 2.3010 Acc 0.1129 AUC 0.5000 Pre 0.0113 Rec 0.1000
2026-08-30 00:58:29 | Diag logvar_q_mean=-0.4846 logvar_q_clamp=0.0000 logvar_p_mean=-0.4847 logvar_p_clamp=0.0000
2026-08-30 00:58:32 | Epoch 150/400 | Train Loss 2.3086 Acc 0.1009 | Val Loss 2.3008 Acc 0.1129 AUC 0.5000 Pre 0.0113 Rec 0.1000
2026-08-30 00:58:33 | Diag logvar_q_mean=-0.4878 logvar_q_clamp=0.0000 logvar_p_mean=-0.4878 logvar_p_clamp=0.0000
2026-08-30 00:58:36 | Epoch 151/400 | Train Loss 2.3081 Acc 0.1048 | Val Loss 2.3008 Acc 0.1129 AUC 0.5000 Pre 0.0113 Rec 0.1000
2026-08-30 00:58:36 | Diag logvar_q_mean=-0.4911 logvar_q_clamp=0.0000 logvar_p_mean=-0.4911 logvar_p_clamp=0.0000
2026-08-30 00:58:40 | Epoch 152/400 | Train Loss 2.3077 Acc 0.1043 | Val Loss 2.3008 Acc 0.1129 AUC 0.5000 Pre 0.0113 Rec 0.1000
2026-08-30 00:58:40 | Diag logvar_q_mean=-0.4944 logvar_q_clamp=0.0000 logvar_p_mean=-0.4944 logvar_p_clamp=0.0000
2026-08-30 00:58:43 | Epoch 153/400 | Train Loss 2.3071 Acc 0.1051 | Val Loss 2.3007 Acc 0.1129 AUC 0.5000 Pre 0.0113 Rec 0.1000
2026-08-30 00:58:44 | Diag logvar_q_mean=-0.4975 logvar_q_clamp=0.0000 logvar_p_mean=-0.4975 logvar_p_clamp=0.0000
2026-08-30 00:58:47 | Epoch 154/400 | Train Loss 2.3085 Acc 0.1054 | Val Loss 2.3007 Acc 0.1129 AUC 0.5000 Pre 0.0113 Rec 0.1000
2026-08-30 00:58:47 | Diag logvar_q_mean=-0.5011 logvar_q_clamp=0.0000 logvar_p_mean=-0.5011 logvar_p_clamp=0.0000
2026-08-30 00:58:51 | Epoch 155/400 | Train Loss 2.3080 Acc 0.1054 | Val Loss 2.3008 Acc 0.1129 AUC 0.5000 Pre 0.0113 Rec 0.1000
2026-08-30 00:58:51 | Diag logvar_q_mean=-0.5044 logvar_q_clamp=0.0000 logvar_p_mean=-0.5044 logvar_p_clamp=0.0000
2026-08-30 00:58:54 | Epoch 156/400 | Train Loss 2.3077 Acc 0.1014 | Val Loss 2.3007 Acc 0.1129 AUC 0.5000 Pre 0.0113 Rec 0.1000
2026-08-30 00:58:55 | Diag logvar_q_mean=-0.5077 logvar_q_clamp=0.0000 logvar_p_mean=-0.5077 logvar_p_clamp=0.0000
2026-08-30 00:58:58 | Epoch 157/400 | Train Loss 2.3090 Acc 0.1039 | Val Loss 2.3008 Acc 0.1129 AUC 0.5000 Pre 0.0113 Rec 0.1000
2026-08-30 00:58:59 | Diag logvar_q_mean=-0.5113 logvar_q_clamp=0.0000 logvar_p_mean=-0.5113 logvar_p_clamp=0.0000
2026-08-30 00:59:02 | Epoch 158/400 | Train Loss 2.3079 Acc 0.1031 | Val Loss 2.3007 Acc 0.1129 AUC 0.5000 Pre 0.0113 Rec 0.1000
2026-08-30 00:59:02 | Diag logvar_q_mean=-0.5146 logvar_q_clamp=0.0000 logvar_p_mean=-0.5146 logvar_p_clamp=0.0000
2026-08-30 00:59:06 | Epoch 159/400 | Train Loss 2.3079 Acc 0.1033 | Val Loss 2.3008 Acc 0.1129 AUC 0.5000 Pre 0.0113 Rec 0.1000
2026-08-30 00:59:06 | Diag logvar_q_mean=-0.5179 logvar_q_clamp=0.0000 logvar_p_mean=-0.5179 logvar_p_clamp=0.0000
2026-08-30 00:59:09 | Epoch 160/400 | Train Loss 2.3084 Acc 0.1022 | Val Loss 2.3008 Acc 0.1129 AUC 0.5000 Pre 0.0113 Rec 0.1000
2026-08-30 00:59:10 | Diag logvar_q_mean=-0.5213 logvar_q_clamp=0.0000 logvar_p_mean=-0.5213 logvar_p_clamp=0.0000
2026-08-30 00:59:13 | Epoch 161/400 | Train Loss 2.3074 Acc 0.1050 | Val Loss 2.3007 Acc 0.1129 AUC 0.5000 Pre 0.0113 Rec 0.1000
2026-08-30 00:59:14 | Diag logvar_q_mean=-0.5244 logvar_q_clamp=0.0000 logvar_p_mean=-0.5244 logvar_p_clamp=0.0000
2026-08-30 00:59:17 | Epoch 162/400 | Train Loss 2.3070 Acc 0.1033 | Val Loss 2.3008 Acc 0.1129 AUC 0.5000 Pre 0.0113 Rec 0.1000
2026-08-30 00:59:17 | Diag logvar_q_mean=-0.5276 logvar_q_clamp=0.0000 logvar_p_mean=-0.5276 logvar_p_clamp=0.0000
2026-08-30 00:59:21 | Epoch 163/400 | Train Loss 2.3079 Acc 0.1032 | Val Loss 2.3008 Acc 0.1129 AUC 0.5000 Pre 0.0113 Rec 0.1000
2026-08-30 00:59:21 | Diag logvar_q_mean=-0.5310 logvar_q_clamp=0.0000 logvar_p_mean=-0.5310 logvar_p_clamp=0.0000
2026-08-30 00:59:24 | Epoch 164/400 | Train Loss 2.3082 Acc 0.1036 | Val Loss 2.3007 Acc 0.1129 AUC 0.5000 Pre 0.0113 Rec 0.1000
2026-08-30 00:59:25 | Diag logvar_q_mean=-0.5343 logvar_q_clamp=0.0000 logvar_p_mean=-0.5343 logvar_p_clamp=0.0000
2026-08-30 00:59:28 | Epoch 165/400 | Train Loss 2.3077 Acc 0.1036 | Val Loss 2.3007 Acc 0.1129 AUC 0.5000 Pre 0.0113 Rec 0.1000
2026-08-30 00:59:29 | Diag logvar_q_mean=-0.5376 logvar_q_clamp=0.0000 logvar_p_mean=-0.5376 logvar_p_clamp=0.0000
2026-08-30 00:59:32 | Epoch 166/400 | Train Loss 2.3080 Acc 0.1039 | Val Loss 2.3007 Acc 0.1129 AUC 0.5000 Pre 0.0113 Rec 0.1000
2026-08-30 00:59:33 | Diag logvar_q_mean=-0.5410 logvar_q_clamp=0.0000 logvar_p_mean=-0.5410 logvar_p_clamp=0.0000
2026-08-30 00:59:36 | Epoch 167/400 | Train Loss 2.3072 Acc 0.1033 | Val Loss 2.3008 Acc 0.1129 AUC 0.5000 Pre 0.0113 Rec 0.1000
2026-08-30 00:59:36 | Diag logvar_q_mean=-0.5442 logvar_q_clamp=0.0000 logvar_p_mean=-0.5442 logvar_p_clamp=0.0000
2026-08-30 00:59:40 | Epoch 168/400 | Train Loss 2.3072 Acc 0.1053 | Val Loss 2.3008 Acc 0.1129 AUC 0.5000 Pre 0.0113 Rec 0.1000
2026-08-30 00:59:40 | Diag logvar_q_mean=-0.5474 logvar_q_clamp=0.0000 logvar_p_mean=-0.5474 logvar_p_clamp=0.0000
2026-08-30 00:59:43 | Epoch 169/400 | Train Loss 2.3078 Acc 0.1053 | Val Loss 2.3007 Acc 0.1129 AUC 0.5000 Pre 0.0113 Rec 0.1000
2026-08-30 00:59:44 | Diag logvar_q_mean=-0.5507 logvar_q_clamp=0.0000 logvar_p_mean=-0.5507 logvar_p_clamp=0.0000
2026-08-30 00:59:47 | Epoch 170/400 | Train Loss 2.3079 Acc 0.1029 | Val Loss 2.3007 Acc 0.1129 AUC 0.5000 Pre 0.0113 Rec 0.1000
2026-08-30 00:59:48 | Diag logvar_q_mean=-0.5541 logvar_q_clamp=0.0000 logvar_p_mean=-0.5541 logvar_p_clamp=0.0000
2026-08-30 00:59:51 | Epoch 171/400 | Train Loss 2.3065 Acc 0.1040 | Val Loss 2.3007 Acc 0.1129 AUC 0.5000 Pre 0.0113 Rec 0.1000
2026-08-30 00:59:51 | Diag logvar_q_mean=-0.5571 logvar_q_clamp=0.0000 logvar_p_mean=-0.5571 logvar_p_clamp=0.0000
2026-08-30 00:59:55 | Epoch 172/400 | Train Loss 2.3088 Acc 0.1038 | Val Loss 2.3007 Acc 0.1129 AUC 0.5000 Pre 0.0113 Rec 0.1000
2026-08-30 00:59:55 | Diag logvar_q_mean=-0.5606 logvar_q_clamp=0.0000 logvar_p_mean=-0.5606 logvar_p_clamp=0.0000
2026-08-30 00:59:58 | Epoch 173/400 | Train Loss 2.3071 Acc 0.1049 | Val Loss 2.3007 Acc 0.1129 AUC 0.5000 Pre 0.0113 Rec 0.1000
2026-08-30 00:59:59 | Diag logvar_q_mean=-0.5637 logvar_q_clamp=0.0000 logvar_p_mean=-0.5637 logvar_p_clamp=0.0000
2026-08-30 01:00:02 | Epoch 174/400 | Train Loss 2.3076 Acc 0.1051 | Val Loss 2.3008 Acc 0.1129 AUC 0.5000 Pre 0.0113 Rec 0.1000
2026-08-30 01:00:03 | Diag logvar_q_mean=-0.5670 logvar_q_clamp=0.0000 logvar_p_mean=-0.5670 logvar_p_clamp=0.0000
2026-08-30 01:00:06 | Epoch 175/400 | Train Loss 2.3078 Acc 0.1045 | Val Loss 2.3008 Acc 0.1129 AUC 0.5000 Pre 0.0113 Rec 0.1000
2026-08-30 01:00:06 | Diag logvar_q_mean=-0.5703 logvar_q_clamp=0.0000 logvar_p_mean=-0.5703 logvar_p_clamp=0.0000
2026-08-30 01:00:10 | Epoch 176/400 | Train Loss 2.3078 Acc 0.1035 | Val Loss 2.3008 Acc 0.1129 AUC 0.5000 Pre 0.0113 Rec 0.1000
2026-08-30 01:00:10 | Diag logvar_q_mean=-0.5736 logvar_q_clamp=0.0000 logvar_p_mean=-0.5736 logvar_p_clamp=0.0000
2026-08-30 01:00:14 | Epoch 177/400 | Train Loss 2.3074 Acc 0.1034 | Val Loss 2.3007 Acc 0.1129 AUC 0.5000 Pre 0.0113 Rec 0.1000
2026-08-30 01:00:14 | Diag logvar_q_mean=-0.5767 logvar_q_clamp=0.0000 logvar_p_mean=-0.5767 logvar_p_clamp=0.0000
2026-08-30 01:00:17 | Epoch 178/400 | Train Loss 2.3067 Acc 0.1062 | Val Loss 2.3007 Acc 0.1129 AUC 0.5000 Pre 0.0113 Rec 0.1000
2026-08-30 01:00:18 | Diag logvar_q_mean=-0.5797 logvar_q_clamp=0.0000 logvar_p_mean=-0.5797 logvar_p_clamp=0.0000
2026-08-30 01:00:21 | Epoch 179/400 | Train Loss 2.3082 Acc 0.1013 | Val Loss 2.3008 Acc 0.1129 AUC 0.5000 Pre 0.0113 Rec 0.1000
2026-08-30 01:00:22 | Diag logvar_q_mean=-0.5831 logvar_q_clamp=0.0000 logvar_p_mean=-0.5831 logvar_p_clamp=0.0000
2026-08-30 01:00:25 | Epoch 180/400 | Train Loss 2.3070 Acc 0.1061 | Val Loss 2.3008 Acc 0.1129 AUC 0.5000 Pre 0.0113 Rec 0.1000
2026-08-30 01:00:25 | Diag logvar_q_mean=-0.5861 logvar_q_clamp=0.0000 logvar_p_mean=-0.5861 logvar_p_clamp=0.0000
2026-08-30 01:00:29 | Epoch 181/400 | Train Loss 2.3075 Acc 0.1051 | Val Loss 2.3008 Acc 0.1129 AUC 0.5000 Pre 0.0113 Rec 0.1000
2026-08-30 01:00:29 | Diag logvar_q_mean=-0.5893 logvar_q_clamp=0.0000 logvar_p_mean=-0.5893 logvar_p_clamp=0.0000
2026-08-30 01:00:32 | Epoch 182/400 | Train Loss 2.3074 Acc 0.1048 | Val Loss 2.3008 Acc 0.1129 AUC 0.5000 Pre 0.0113 Rec 0.1000
2026-08-30 01:00:33 | Diag logvar_q_mean=-0.5925 logvar_q_clamp=0.0000 logvar_p_mean=-0.5925 logvar_p_clamp=0.0000
2026-08-30 01:00:36 | Epoch 183/400 | Train Loss 2.3070 Acc 0.1039 | Val Loss 2.3008 Acc 0.1129 AUC 0.5000 Pre 0.0113 Rec 0.1000
2026-08-30 01:00:37 | Diag logvar_q_mean=-0.5957 logvar_q_clamp=0.0000 logvar_p_mean=-0.5957 logvar_p_clamp=0.0000
2026-08-30 01:00:40 | Epoch 184/400 | Train Loss 2.3083 Acc 0.1040 | Val Loss 2.3008 Acc 0.1129 AUC 0.5000 Pre 0.0113 Rec 0.1000
2026-08-30 01:00:40 | Diag logvar_q_mean=-0.5990 logvar_q_clamp=0.0000 logvar_p_mean=-0.5990 logvar_p_clamp=0.0000
2026-08-30 01:00:44 | Epoch 185/400 | Train Loss 2.3076 Acc 0.1046 | Val Loss 2.3008 Acc 0.1129 AUC 0.5000 Pre 0.0113 Rec 0.1000
2026-08-30 01:00:44 | Diag logvar_q_mean=-0.6022 logvar_q_clamp=0.0000 logvar_p_mean=-0.6022 logvar_p_clamp=0.0000
2026-08-30 01:00:47 | Epoch 186/400 | Train Loss 2.3077 Acc 0.1034 | Val Loss 2.3008 Acc 0.1129 AUC 0.5000 Pre 0.0113 Rec 0.1000
2026-08-30 01:00:48 | Diag logvar_q_mean=-0.6055 logvar_q_clamp=0.0000 logvar_p_mean=-0.6055 logvar_p_clamp=0.0000
2026-08-30 01:00:51 | Epoch 187/400 | Train Loss 2.3073 Acc 0.1049 | Val Loss 2.3007 Acc 0.1129 AUC 0.5000 Pre 0.0113 Rec 0.1000
2026-08-30 01:00:52 | Diag logvar_q_mean=-0.6086 logvar_q_clamp=0.0000 logvar_p_mean=-0.6086 logvar_p_clamp=0.0000
2026-08-30 01:00:55 | Epoch 188/400 | Train Loss 2.3080 Acc 0.1048 | Val Loss 2.3008 Acc 0.1129 AUC 0.5000 Pre 0.0113 Rec 0.1000
2026-08-30 01:00:56 | Diag logvar_q_mean=-0.6119 logvar_q_clamp=0.0000 logvar_p_mean=-0.6119 logvar_p_clamp=0.0000
2026-08-30 01:00:59 | Epoch 189/400 | Train Loss 2.3069 Acc 0.1068 | Val Loss 2.3008 Acc 0.1129 AUC 0.5000 Pre 0.0113 Rec 0.1000
2026-08-30 01:00:59 | Diag logvar_q_mean=-0.6149 logvar_q_clamp=0.0000 logvar_p_mean=-0.6149 logvar_p_clamp=0.0000
2026-08-30 01:01:03 | Epoch 190/400 | Train Loss 2.3074 Acc 0.1039 | Val Loss 2.3008 Acc 0.1129 AUC 0.5000 Pre 0.0113 Rec 0.1000
2026-08-30 01:01:03 | Diag logvar_q_mean=-0.6181 logvar_q_clamp=0.0000 logvar_p_mean=-0.6181 logvar_p_clamp=0.0000
2026-08-30 01:01:06 | Epoch 191/400 | Train Loss 2.3076 Acc 0.1047 | Val Loss 2.3007 Acc 0.1129 AUC 0.5000 Pre 0.0113 Rec 0.1000
2026-08-30 01:01:07 | Diag logvar_q_mean=-0.6213 logvar_q_clamp=0.0000 logvar_p_mean=-0.6213 logvar_p_clamp=0.0000
2026-08-30 01:01:10 | Epoch 192/400 | Train Loss 2.3077 Acc 0.1055 | Val Loss 2.3008 Acc 0.1129 AUC 0.5000 Pre 0.0113 Rec 0.1000
2026-08-30 01:01:11 | Diag logvar_q_mean=-0.6245 logvar_q_clamp=0.0000 logvar_p_mean=-0.6245 logvar_p_clamp=0.0000
2026-08-30 01:01:14 | Epoch 193/400 | Train Loss 2.3071 Acc 0.1066 | Val Loss 2.3008 Acc 0.1129 AUC 0.5000 Pre 0.0113 Rec 0.1000
2026-08-30 01:01:14 | Diag logvar_q_mean=-0.6276 logvar_q_clamp=0.0000 logvar_p_mean=-0.6276 logvar_p_clamp=0.0000
2026-08-30 01:01:17 | Epoch 194/400 | Train Loss 2.3070 Acc 0.1041 | Val Loss 2.3008 Acc 0.1129 AUC 0.5000 Pre 0.0113 Rec 0.1000
2026-08-30 01:01:18 | Diag logvar_q_mean=-0.6307 logvar_q_clamp=0.0000 logvar_p_mean=-0.6307 logvar_p_clamp=0.0000
2026-08-30 01:01:21 | Epoch 195/400 | Train Loss 2.3066 Acc 0.1062 | Val Loss 2.3007 Acc 0.1129 AUC 0.5000 Pre 0.0113 Rec 0.1000
2026-08-30 01:01:21 | Diag logvar_q_mean=-0.6337 logvar_q_clamp=0.0000 logvar_p_mean=-0.6337 logvar_p_clamp=0.0000
2026-08-30 01:01:25 | Epoch 196/400 | Train Loss 2.3079 Acc 0.1046 | Val Loss 2.3007 Acc 0.1129 AUC 0.5000 Pre 0.0113 Rec 0.1000
2026-08-30 01:01:25 | Diag logvar_q_mean=-0.6370 logvar_q_clamp=0.0000 logvar_p_mean=-0.6370 logvar_p_clamp=0.0000
2026-08-30 01:01:29 | Epoch 197/400 | Train Loss 2.3075 Acc 0.1037 | Val Loss 2.3008 Acc 0.1129 AUC 0.5000 Pre 0.0113 Rec 0.1000
2026-08-30 01:01:29 | Diag logvar_q_mean=-0.6402 logvar_q_clamp=0.0000 logvar_p_mean=-0.6402 logvar_p_clamp=0.0000
2026-08-30 01:01:32 | Epoch 198/400 | Train Loss 2.3063 Acc 0.1054 | Val Loss 2.3007 Acc 0.1129 AUC 0.5000 Pre 0.0113 Rec 0.1000
2026-08-30 01:01:33 | Diag logvar_q_mean=-0.6432 logvar_q_clamp=0.0000 logvar_p_mean=-0.6431 logvar_p_clamp=0.0000
2026-08-30 01:01:36 | Epoch 199/400 | Train Loss 2.3078 Acc 0.1051 | Val Loss 2.3007 Acc 0.1129 AUC 0.5000 Pre 0.0113 Rec 0.1000
2026-08-30 01:01:37 | Diag logvar_q_mean=-0.6464 logvar_q_clamp=0.0000 logvar_p_mean=-0.6464 logvar_p_clamp=0.0000
2026-08-30 01:01:40 | Epoch 200/400 | Train Loss 2.3073 Acc 0.1045 | Val Loss 2.3008 Acc 0.1129 AUC 0.5000 Pre 0.0113 Rec 0.1000
2026-08-30 01:01:40 | Diag logvar_q_mean=-0.6495 logvar_q_clamp=0.0000 logvar_p_mean=-0.6495 logvar_p_clamp=0.0000
2026-08-30 01:01:44 | Epoch 201/400 | Train Loss 2.3081 Acc 0.1017 | Val Loss 2.3008 Acc 0.1129 AUC 0.5000 Pre 0.0113 Rec 0.1000
2026-08-30 01:01:44 | Diag logvar_q_mean=-0.6528 logvar_q_clamp=0.0000 logvar_p_mean=-0.6528 logvar_p_clamp=0.0000
2026-08-30 01:01:47 | Epoch 202/400 | Train Loss 2.3072 Acc 0.1045 | Val Loss 2.3008 Acc 0.1129 AUC 0.5000 Pre 0.0113 Rec 0.1000
2026-08-30 01:01:48 | Diag logvar_q_mean=-0.6558 logvar_q_clamp=0.0000 logvar_p_mean=-0.6558 logvar_p_clamp=0.0000
2026-08-30 01:01:51 | Epoch 203/400 | Train Loss 2.3072 Acc 0.1073 | Val Loss 2.3007 Acc 0.1129 AUC 0.5000 Pre 0.0113 Rec 0.1000
2026-08-30 01:01:52 | Diag logvar_q_mean=-0.6590 logvar_q_clamp=0.0000 logvar_p_mean=-0.6589 logvar_p_clamp=0.0000
2026-08-30 01:01:55 | Epoch 204/400 | Train Loss 2.3075 Acc 0.1038 | Val Loss 2.3008 Acc 0.1129 AUC 0.5000 Pre 0.0113 Rec 0.1000
2026-08-30 01:01:56 | Diag logvar_q_mean=-0.6621 logvar_q_clamp=0.0000 logvar_p_mean=-0.6621 logvar_p_clamp=0.0000
2026-08-30 01:01:59 | Epoch 205/400 | Train Loss 2.3076 Acc 0.1043 | Val Loss 2.3007 Acc 0.1129 AUC 0.5000 Pre 0.0113 Rec 0.1000
2026-08-30 01:01:59 | Diag logvar_q_mean=-0.6653 logvar_q_clamp=0.0000 logvar_p_mean=-0.6653 logvar_p_clamp=0.0000
2026-08-30 01:02:02 | Epoch 206/400 | Train Loss 2.3073 Acc 0.1049 | Val Loss 2.3007 Acc 0.1129 AUC 0.5000 Pre 0.0113 Rec 0.1000
2026-08-30 01:02:03 | Diag logvar_q_mean=-0.6684 logvar_q_clamp=0.0000 logvar_p_mean=-0.6684 logvar_p_clamp=0.0000
2026-08-30 01:02:06 | Epoch 207/400 | Train Loss 2.3078 Acc 0.1042 | Val Loss 2.3008 Acc 0.1129 AUC 0.5000 Pre 0.0113 Rec 0.1000
2026-08-30 01:02:07 | Diag logvar_q_mean=-0.6715 logvar_q_clamp=0.0000 logvar_p_mean=-0.6716 logvar_p_clamp=0.0000
2026-08-30 01:02:10 | Epoch 208/400 | Train Loss 2.3069 Acc 0.1058 | Val Loss 2.3007 Acc 0.1129 AUC 0.5000 Pre 0.0113 Rec 0.1000
2026-08-30 01:02:11 | Diag logvar_q_mean=-0.6745 logvar_q_clamp=0.0000 logvar_p_mean=-0.6745 logvar_p_clamp=0.0000
2026-08-30 01:02:14 | Epoch 209/400 | Train Loss 2.3067 Acc 0.1056 | Val Loss 2.3008 Acc 0.1129 AUC 0.5000 Pre 0.0113 Rec 0.1000
2026-08-30 01:02:14 | Diag logvar_q_mean=-0.6775 logvar_q_clamp=0.0000 logvar_p_mean=-0.6775 logvar_p_clamp=0.0000
2026-08-30 01:02:18 | Epoch 210/400 | Train Loss 2.3074 Acc 0.1040 | Val Loss 2.3008 Acc 0.1129 AUC 0.5000 Pre 0.0113 Rec 0.1000
2026-08-30 01:02:18 | Diag logvar_q_mean=-0.6806 logvar_q_clamp=0.0000 logvar_p_mean=-0.6806 logvar_p_clamp=0.0000
2026-08-30 01:02:21 | Epoch 211/400 | Train Loss 2.3074 Acc 0.1033 | Val Loss 2.3008 Acc 0.1129 AUC 0.5000 Pre 0.0113 Rec 0.1000
2026-08-30 01:02:22 | Diag logvar_q_mean=-0.6838 logvar_q_clamp=0.0000 logvar_p_mean=-0.6838 logvar_p_clamp=0.0000
2026-08-30 01:02:25 | Epoch 212/400 | Train Loss 2.3074 Acc 0.1031 | Val Loss 2.3008 Acc 0.1129 AUC 0.5000 Pre 0.0113 Rec 0.1000
2026-08-30 01:02:26 | Diag logvar_q_mean=-0.6869 logvar_q_clamp=0.0000 logvar_p_mean=-0.6869 logvar_p_clamp=0.0000
2026-08-30 01:02:29 | Epoch 213/400 | Train Loss 2.3067 Acc 0.1038 | Val Loss 2.3008 Acc 0.1129 AUC 0.5000 Pre 0.0113 Rec 0.1000
2026-08-30 01:02:29 | Diag logvar_q_mean=-0.6899 logvar_q_clamp=0.0000 logvar_p_mean=-0.6899 logvar_p_clamp=0.0000
2026-08-30 01:02:33 | Epoch 214/400 | Train Loss 2.3076 Acc 0.1042 | Val Loss 2.3007 Acc 0.1129 AUC 0.5000 Pre 0.0113 Rec 0.1000
2026-08-30 01:02:33 | Diag logvar_q_mean=-0.6930 logvar_q_clamp=0.0000 logvar_p_mean=-0.6930 logvar_p_clamp=0.0000
2026-08-30 01:02:36 | Epoch 215/400 | Train Loss 2.3071 Acc 0.1044 | Val Loss 2.3008 Acc 0.1129 AUC 0.5000 Pre 0.0113 Rec 0.1000
2026-08-30 01:02:37 | Diag logvar_q_mean=-0.6960 logvar_q_clamp=0.0000 logvar_p_mean=-0.6960 logvar_p_clamp=0.0000
2026-08-30 01:02:40 | Epoch 216/400 | Train Loss 2.3072 Acc 0.1042 | Val Loss 2.3008 Acc 0.1129 AUC 0.5000 Pre 0.0113 Rec 0.1000
2026-08-30 01:02:41 | Diag logvar_q_mean=-0.6991 logvar_q_clamp=0.0000 logvar_p_mean=-0.6991 logvar_p_clamp=0.0000
2026-08-30 01:02:44 | Epoch 217/400 | Train Loss 2.3076 Acc 0.1013 | Val Loss 2.3008 Acc 0.1129 AUC 0.5000 Pre 0.0113 Rec 0.1000
2026-08-30 01:02:44 | Diag logvar_q_mean=-0.7022 logvar_q_clamp=0.0000 logvar_p_mean=-0.7022 logvar_p_clamp=0.0000
2026-08-30 01:02:48 | Epoch 218/400 | Train Loss 2.3071 Acc 0.1055 | Val Loss 2.3008 Acc 0.1129 AUC 0.5000 Pre 0.0113 Rec 0.1000
2026-08-30 01:02:48 | Diag logvar_q_mean=-0.7052 logvar_q_clamp=0.0000 logvar_p_mean=-0.7052 logvar_p_clamp=0.0000
2026-08-30 01:02:52 | Epoch 219/400 | Train Loss 2.3076 Acc 0.1056 | Val Loss 2.3010 Acc 0.1129 AUC 0.5000 Pre 0.0113 Rec 0.1000
2026-08-30 01:02:52 | Diag logvar_q_mean=-0.7080 logvar_q_clamp=0.0000 logvar_p_mean=-0.7080 logvar_p_clamp=0.0000
2026-08-30 01:02:55 | Epoch 220/400 | Train Loss 2.3074 Acc 0.1025 | Val Loss 2.3008 Acc 0.1129 AUC 0.5000 Pre 0.0113 Rec 0.1000
2026-08-30 01:02:56 | Diag logvar_q_mean=-0.7109 logvar_q_clamp=0.0000 logvar_p_mean=-0.7109 logvar_p_clamp=0.0000
2026-08-30 01:02:59 | Epoch 221/400 | Train Loss 2.3077 Acc 0.1038 | Val Loss 2.3007 Acc 0.1129 AUC 0.5000 Pre 0.0113 Rec 0.1000
2026-08-30 01:03:00 | Diag logvar_q_mean=-0.7141 logvar_q_clamp=0.0000 logvar_p_mean=-0.7141 logvar_p_clamp=0.0000
2026-08-30 01:03:03 | Epoch 222/400 | Train Loss 2.3065 Acc 0.1058 | Val Loss 2.3008 Acc 0.1129 AUC 0.5000 Pre 0.0113 Rec 0.1000
2026-08-30 01:03:03 | Diag logvar_q_mean=-0.7169 logvar_q_clamp=0.0000 logvar_p_mean=-0.7169 logvar_p_clamp=0.0000
2026-08-30 01:03:07 | Epoch 223/400 | Train Loss 2.3073 Acc 0.1051 | Val Loss 2.3008 Acc 0.1129 AUC 0.5000 Pre 0.0113 Rec 0.1000
2026-08-30 01:03:07 | Diag logvar_q_mean=-0.7200 logvar_q_clamp=0.0000 logvar_p_mean=-0.7200 logvar_p_clamp=0.0000
2026-08-30 01:03:11 | Epoch 224/400 | Train Loss 2.3078 Acc 0.1024 | Val Loss 2.3008 Acc 0.1129 AUC 0.5000 Pre 0.0113 Rec 0.1000
2026-08-30 01:03:11 | Diag logvar_q_mean=-0.7231 logvar_q_clamp=0.0000 logvar_p_mean=-0.7231 logvar_p_clamp=0.0000
2026-08-30 01:03:14 | Epoch 225/400 | Train Loss 2.3066 Acc 0.1058 | Val Loss 2.3009 Acc 0.1129 AUC 0.5000 Pre 0.0113 Rec 0.1000
2026-08-30 01:03:15 | Diag logvar_q_mean=-0.7259 logvar_q_clamp=0.0000 logvar_p_mean=-0.7259 logvar_p_clamp=0.0000
2026-08-30 01:03:18 | Epoch 226/400 | Train Loss 2.3078 Acc 0.1038 | Val Loss 2.3008 Acc 0.1129 AUC 0.5000 Pre 0.0113 Rec 0.1000
2026-08-30 01:03:19 | Diag logvar_q_mean=-0.7290 logvar_q_clamp=0.0000 logvar_p_mean=-0.7290 logvar_p_clamp=0.0000
2026-08-30 01:03:22 | Epoch 227/400 | Train Loss 2.3068 Acc 0.1057 | Val Loss 2.3007 Acc 0.1129 AUC 0.5000 Pre 0.0113 Rec 0.1000
2026-08-30 01:03:22 | Diag logvar_q_mean=-0.7320 logvar_q_clamp=0.0000 logvar_p_mean=-0.7320 logvar_p_clamp=0.0000
2026-08-30 01:03:26 | Epoch 228/400 | Train Loss 2.3069 Acc 0.1059 | Val Loss 2.3008 Acc 0.1129 AUC 0.5000 Pre 0.0113 Rec 0.1000
2026-08-30 01:03:26 | Diag logvar_q_mean=-0.7349 logvar_q_clamp=0.0000 logvar_p_mean=-0.7349 logvar_p_clamp=0.0000
2026-08-30 01:03:30 | Epoch 229/400 | Train Loss 2.3071 Acc 0.1065 | Val Loss 2.3007 Acc 0.1129 AUC 0.5000 Pre 0.0113 Rec 0.1000
2026-08-30 01:03:30 | Diag logvar_q_mean=-0.7380 logvar_q_clamp=0.0000 logvar_p_mean=-0.7380 logvar_p_clamp=0.0000
2026-08-30 01:03:33 | Epoch 230/400 | Train Loss 2.3076 Acc 0.1023 | Val Loss 2.3008 Acc 0.1129 AUC 0.5000 Pre 0.0113 Rec 0.1000
2026-08-30 01:03:34 | Diag logvar_q_mean=-0.7411 logvar_q_clamp=0.0000 logvar_p_mean=-0.7411 logvar_p_clamp=0.0000
2026-08-30 01:03:37 | Epoch 231/400 | Train Loss 2.3075 Acc 0.1017 | Val Loss 2.3008 Acc 0.1129 AUC 0.5000 Pre 0.0113 Rec 0.1000
2026-08-30 01:03:37 | Diag logvar_q_mean=-0.7442 logvar_q_clamp=0.0000 logvar_p_mean=-0.7442 logvar_p_clamp=0.0000
2026-08-30 01:03:41 | Epoch 232/400 | Train Loss 2.3071 Acc 0.1048 | Val Loss 2.3007 Acc 0.1129 AUC 0.5000 Pre 0.0113 Rec 0.1000
2026-08-30 01:03:41 | Diag logvar_q_mean=-0.7472 logvar_q_clamp=0.0000 logvar_p_mean=-0.7472 logvar_p_clamp=0.0000
2026-08-30 01:03:45 | Epoch 233/400 | Train Loss 2.3062 Acc 0.1048 | Val Loss 2.3008 Acc 0.1129 AUC 0.5000 Pre 0.0113 Rec 0.1000
2026-08-30 01:03:45 | Diag logvar_q_mean=-0.7500 logvar_q_clamp=0.0000 logvar_p_mean=-0.7500 logvar_p_clamp=0.0000
2026-08-30 01:03:48 | Epoch 234/400 | Train Loss 2.3070 Acc 0.1044 | Val Loss 2.3007 Acc 0.1129 AUC 0.5000 Pre 0.0113 Rec 0.1000
2026-08-30 01:03:49 | Diag logvar_q_mean=-0.7529 logvar_q_clamp=0.0000 logvar_p_mean=-0.7529 logvar_p_clamp=0.0000
2026-08-30 01:03:52 | Epoch 235/400 | Train Loss 2.3074 Acc 0.1043 | Val Loss 2.3008 Acc 0.1129 AUC 0.5000 Pre 0.0113 Rec 0.1000
2026-08-30 01:03:53 | Diag logvar_q_mean=-0.7561 logvar_q_clamp=0.0000 logvar_p_mean=-0.7561 logvar_p_clamp=0.0000
2026-08-30 01:03:56 | Epoch 236/400 | Train Loss 2.3066 Acc 0.1034 | Val Loss 2.3008 Acc 0.1129 AUC 0.5000 Pre 0.0113 Rec 0.1000
2026-08-30 01:03:56 | Diag logvar_q_mean=-0.7590 logvar_q_clamp=0.0000 logvar_p_mean=-0.7590 logvar_p_clamp=0.0000
2026-08-30 01:04:00 | Epoch 237/400 | Train Loss 2.3068 Acc 0.1070 | Val Loss 2.3008 Acc 0.1129 AUC 0.5000 Pre 0.0113 Rec 0.1000
2026-08-30 01:04:00 | Diag logvar_q_mean=-0.7620 logvar_q_clamp=0.0000 logvar_p_mean=-0.7620 logvar_p_clamp=0.0000
2026-08-30 01:04:04 | Epoch 238/400 | Train Loss 2.3071 Acc 0.1044 | Val Loss 2.3008 Acc 0.1129 AUC 0.5000 Pre 0.0113 Rec 0.1000
2026-08-30 01:04:04 | Diag logvar_q_mean=-0.7649 logvar_q_clamp=0.0000 logvar_p_mean=-0.7649 logvar_p_clamp=0.0000
2026-08-30 01:04:07 | Epoch 239/400 | Train Loss 2.3061 Acc 0.1082 | Val Loss 2.3007 Acc 0.1129 AUC 0.5000 Pre 0.0113 Rec 0.1000
2026-08-30 01:04:08 | Diag logvar_q_mean=-0.7678 logvar_q_clamp=0.0000 logvar_p_mean=-0.7678 logvar_p_clamp=0.0000
2026-08-30 01:04:11 | Epoch 240/400 | Train Loss 2.3070 Acc 0.1039 | Val Loss 2.3008 Acc 0.1129 AUC 0.5000 Pre 0.0113 Rec 0.1000
2026-08-30 01:04:12 | Diag logvar_q_mean=-0.7707 logvar_q_clamp=0.0000 logvar_p_mean=-0.7707 logvar_p_clamp=0.0000
2026-08-30 01:04:15 | Epoch 241/400 | Train Loss 2.3068 Acc 0.1060 | Val Loss 2.3007 Acc 0.1129 AUC 0.5000 Pre 0.0113 Rec 0.1000
2026-08-30 01:04:15 | Diag logvar_q_mean=-0.7737 logvar_q_clamp=0.0000 logvar_p_mean=-0.7736 logvar_p_clamp=0.0000
2026-08-30 01:04:19 | Epoch 242/400 | Train Loss 2.3074 Acc 0.1049 | Val Loss 2.3008 Acc 0.1129 AUC 0.5000 Pre 0.0113 Rec 0.1000
2026-08-30 01:04:19 | Diag logvar_q_mean=-0.7768 logvar_q_clamp=0.0000 logvar_p_mean=-0.7767 logvar_p_clamp=0.0000
2026-08-30 01:04:22 | Epoch 243/400 | Train Loss 2.3068 Acc 0.1058 | Val Loss 2.3007 Acc 0.1129 AUC 0.5000 Pre 0.0113 Rec 0.1000
2026-08-30 01:04:23 | Diag logvar_q_mean=-0.7796 logvar_q_clamp=0.0000 logvar_p_mean=-0.7796 logvar_p_clamp=0.0000
2026-08-30 01:04:26 | Epoch 244/400 | Train Loss 2.3072 Acc 0.1039 | Val Loss 2.3007 Acc 0.1129 AUC 0.5000 Pre 0.0113 Rec 0.1000
2026-08-30 01:04:27 | Diag logvar_q_mean=-0.7826 logvar_q_clamp=0.0000 logvar_p_mean=-0.7827 logvar_p_clamp=0.0000
2026-08-30 01:04:30 | Epoch 245/400 | Train Loss 2.3068 Acc 0.1053 | Val Loss 2.3007 Acc 0.1129 AUC 0.5000 Pre 0.0113 Rec 0.1000
2026-08-30 01:04:31 | Diag logvar_q_mean=-0.7855 logvar_q_clamp=0.0000 logvar_p_mean=-0.7855 logvar_p_clamp=0.0000
2026-08-30 01:04:34 | Epoch 246/400 | Train Loss 2.3065 Acc 0.1068 | Val Loss 2.3008 Acc 0.1129 AUC 0.5000 Pre 0.0113 Rec 0.1000
2026-08-30 01:04:34 | Diag logvar_q_mean=-0.7883 logvar_q_clamp=0.0000 logvar_p_mean=-0.7883 logvar_p_clamp=0.0000
2026-08-30 01:04:38 | Epoch 247/400 | Train Loss 2.3076 Acc 0.1024 | Val Loss 2.3007 Acc 0.1129 AUC 0.5000 Pre 0.0113 Rec 0.1000
2026-08-30 01:04:38 | Diag logvar_q_mean=-0.7914 logvar_q_clamp=0.0000 logvar_p_mean=-0.7914 logvar_p_clamp=0.0000
2026-08-30 01:04:41 | Epoch 248/400 | Train Loss 2.3076 Acc 0.1016 | Val Loss 2.3007 Acc 0.1129 AUC 0.5000 Pre 0.0113 Rec 0.1000
2026-08-30 01:04:42 | Diag logvar_q_mean=-0.7945 logvar_q_clamp=0.0000 logvar_p_mean=-0.7945 logvar_p_clamp=0.0000
2026-08-30 01:04:45 | Epoch 249/400 | Train Loss 2.3066 Acc 0.1037 | Val Loss 2.3007 Acc 0.1129 AUC 0.5000 Pre 0.0113 Rec 0.1000
2026-08-30 01:04:46 | Diag logvar_q_mean=-0.7974 logvar_q_clamp=0.0000 logvar_p_mean=-0.7974 logvar_p_clamp=0.0000
2026-08-30 01:04:49 | Epoch 250/400 | Train Loss 2.3073 Acc 0.1042 | Val Loss 2.3007 Acc 0.1129 AUC 0.5000 Pre 0.0113 Rec 0.1000
2026-08-30 01:04:49 | Diag logvar_q_mean=-0.8003 logvar_q_clamp=0.0000 logvar_p_mean=-0.8003 logvar_p_clamp=0.0000
2026-08-30 01:04:53 | Epoch 251/400 | Train Loss 2.3070 Acc 0.1046 | Val Loss 2.3008 Acc 0.1129 AUC 0.5000 Pre 0.0113 Rec 0.1000
2026-08-30 01:04:53 | Diag logvar_q_mean=-0.8033 logvar_q_clamp=0.0000 logvar_p_mean=-0.8033 logvar_p_clamp=0.0000
2026-08-30 01:04:57 | Epoch 252/400 | Train Loss 2.3067 Acc 0.1052 | Val Loss 2.3008 Acc 0.1129 AUC 0.5000 Pre 0.0113 Rec 0.1000
2026-08-30 01:04:57 | Diag logvar_q_mean=-0.8061 logvar_q_clamp=0.0000 logvar_p_mean=-0.8061 logvar_p_clamp=0.0000
2026-08-30 01:05:00 | Epoch 253/400 | Train Loss 2.3073 Acc 0.1048 | Val Loss 2.3008 Acc 0.1129 AUC 0.5000 Pre 0.0113 Rec 0.1000
2026-08-30 01:05:01 | Diag logvar_q_mean=-0.8091 logvar_q_clamp=0.0000 logvar_p_mean=-0.8091 logvar_p_clamp=0.0000
2026-08-30 01:05:04 | Epoch 254/400 | Train Loss 2.3068 Acc 0.1065 | Val Loss 2.3008 Acc 0.1129 AUC 0.5000 Pre 0.0113 Rec 0.1000
2026-08-30 01:05:05 | Diag logvar_q_mean=-0.8120 logvar_q_clamp=0.0000 logvar_p_mean=-0.8120 logvar_p_clamp=0.0000
2026-08-30 01:05:08 | Epoch 255/400 | Train Loss 2.3062 Acc 0.1063 | Val Loss 2.3008 Acc 0.1129 AUC 0.5000 Pre 0.0113 Rec 0.1000
2026-08-30 01:05:08 | Diag logvar_q_mean=-0.8148 logvar_q_clamp=0.0000 logvar_p_mean=-0.8148 logvar_p_clamp=0.0000
2026-08-30 01:05:12 | Epoch 256/400 | Train Loss 2.3072 Acc 0.1069 | Val Loss 2.3008 Acc 0.1129 AUC 0.5000 Pre 0.0113 Rec 0.1000
2026-08-30 01:05:12 | Diag logvar_q_mean=-0.8177 logvar_q_clamp=0.0000 logvar_p_mean=-0.8177 logvar_p_clamp=0.0000
2026-08-30 01:05:16 | Epoch 257/400 | Train Loss 2.3070 Acc 0.1050 | Val Loss 2.3008 Acc 0.1129 AUC 0.5000 Pre 0.0113 Rec 0.1000
2026-08-30 01:05:16 | Diag logvar_q_mean=-0.8207 logvar_q_clamp=0.0000 logvar_p_mean=-0.8207 logvar_p_clamp=0.0000
2026-08-30 01:05:19 | Epoch 258/400 | Train Loss 2.3066 Acc 0.1057 | Val Loss 2.3007 Acc 0.1129 AUC 0.5000 Pre 0.0113 Rec 0.1000
2026-08-30 01:05:20 | Diag logvar_q_mean=-0.8236 logvar_q_clamp=0.0000 logvar_p_mean=-0.8236 logvar_p_clamp=0.0000
2026-08-30 01:05:23 | Epoch 259/400 | Train Loss 2.3065 Acc 0.1065 | Val Loss 2.3007 Acc 0.1129 AUC 0.5000 Pre 0.0113 Rec 0.1000
2026-08-30 01:05:24 | Diag logvar_q_mean=-0.8264 logvar_q_clamp=0.0000 logvar_p_mean=-0.8264 logvar_p_clamp=0.0000
2026-08-30 01:05:27 | Epoch 260/400 | Train Loss 2.3073 Acc 0.1024 | Val Loss 2.3007 Acc 0.1129 AUC 0.5000 Pre 0.0113 Rec 0.1000
2026-08-30 01:05:27 | Diag logvar_q_mean=-0.8294 logvar_q_clamp=0.0000 logvar_p_mean=-0.8294 logvar_p_clamp=0.0000
2026-08-30 01:05:31 | Epoch 261/400 | Train Loss 2.3067 Acc 0.1058 | Val Loss 2.3010 Acc 0.1129 AUC 0.5000 Pre 0.0113 Rec 0.1000
2026-08-30 01:05:31 | Diag logvar_q_mean=-0.8323 logvar_q_clamp=0.0000 logvar_p_mean=-0.8323 logvar_p_clamp=0.0000
2026-08-30 01:05:34 | Epoch 262/400 | Train Loss 2.3065 Acc 0.1062 | Val Loss 2.3008 Acc 0.1129 AUC 0.5000 Pre 0.0113 Rec 0.1000
2026-08-30 01:05:35 | Diag logvar_q_mean=-0.8351 logvar_q_clamp=0.0000 logvar_p_mean=-0.8351 logvar_p_clamp=0.0000
2026-08-30 01:05:38 | Epoch 263/400 | Train Loss 2.3065 Acc 0.1031 | Val Loss 2.3007 Acc 0.1129 AUC 0.5000 Pre 0.0113 Rec 0.1000
2026-08-30 01:05:39 | Diag logvar_q_mean=-0.8377 logvar_q_clamp=0.0000 logvar_p_mean=-0.8377 logvar_p_clamp=0.0000
2026-08-30 01:05:42 | Epoch 264/400 | Train Loss 2.3070 Acc 0.1052 | Val Loss 2.3007 Acc 0.1129 AUC 0.5000 Pre 0.0113 Rec 0.1000
2026-08-30 01:05:42 | Diag logvar_q_mean=-0.8407 logvar_q_clamp=0.0000 logvar_p_mean=-0.8407 logvar_p_clamp=0.0000
2026-08-30 01:05:46 | Epoch 265/400 | Train Loss 2.3064 Acc 0.1057 | Val Loss 2.3007 Acc 0.1129 AUC 0.5000 Pre 0.0113 Rec 0.1000
2026-08-30 01:05:46 | Diag logvar_q_mean=-0.8435 logvar_q_clamp=0.0000 logvar_p_mean=-0.8435 logvar_p_clamp=0.0000
2026-08-30 01:05:49 | Epoch 266/400 | Train Loss 2.3075 Acc 0.1031 | Val Loss 2.3008 Acc 0.1129 AUC 0.5000 Pre 0.0113 Rec 0.1000
2026-08-30 01:05:50 | Diag logvar_q_mean=-0.8465 logvar_q_clamp=0.0000 logvar_p_mean=-0.8465 logvar_p_clamp=0.0000
2026-08-30 01:05:53 | Epoch 267/400 | Train Loss 2.3083 Acc 0.1049 | Val Loss 2.3015 Acc 0.1129 AUC 0.5000 Pre 0.0113 Rec 0.1000
2026-08-30 01:05:54 | Diag logvar_q_mean=-0.8490 logvar_q_clamp=0.0000 logvar_p_mean=-0.8488 logvar_p_clamp=0.0000
2026-08-30 01:05:57 | Epoch 268/400 | Train Loss 2.3073 Acc 0.1040 | Val Loss 2.3008 Acc 0.1129 AUC 0.5000 Pre 0.0113 Rec 0.1000
2026-08-30 01:05:57 | Diag logvar_q_mean=-0.8512 logvar_q_clamp=0.0000 logvar_p_mean=-0.8512 logvar_p_clamp=0.0000
2026-08-30 01:06:01 | Epoch 269/400 | Train Loss 2.3066 Acc 0.1059 | Val Loss 2.3007 Acc 0.1129 AUC 0.5000 Pre 0.0113 Rec 0.1000
2026-08-30 01:06:01 | Diag logvar_q_mean=-0.8540 logvar_q_clamp=0.0000 logvar_p_mean=-0.8540 logvar_p_clamp=0.0000
2026-08-30 01:06:04 | Epoch 270/400 | Train Loss 2.3068 Acc 0.1032 | Val Loss 2.3008 Acc 0.1129 AUC 0.5000 Pre 0.0113 Rec 0.1000
2026-08-30 01:06:05 | Diag logvar_q_mean=-0.8568 logvar_q_clamp=0.0000 logvar_p_mean=-0.8568 logvar_p_clamp=0.0000
2026-08-30 01:06:08 | Epoch 271/400 | Train Loss 2.3062 Acc 0.1062 | Val Loss 2.3008 Acc 0.1129 AUC 0.5000 Pre 0.0113 Rec 0.1000
2026-08-30 01:06:09 | Diag logvar_q_mean=-0.8595 logvar_q_clamp=0.0000 logvar_p_mean=-0.8595 logvar_p_clamp=0.0000
2026-08-30 01:06:12 | Epoch 272/400 | Train Loss 2.3074 Acc 0.1026 | Val Loss 2.3007 Acc 0.1129 AUC 0.5000 Pre 0.0113 Rec 0.1000
2026-08-30 01:06:13 | Diag logvar_q_mean=-0.8625 logvar_q_clamp=0.0000 logvar_p_mean=-0.8625 logvar_p_clamp=0.0000
2026-08-30 01:06:16 | Epoch 273/400 | Train Loss 2.3065 Acc 0.1045 | Val Loss 2.3008 Acc 0.1129 AUC 0.5000 Pre 0.0113 Rec 0.1000
2026-08-30 01:06:16 | Diag logvar_q_mean=-0.8653 logvar_q_clamp=0.0000 logvar_p_mean=-0.8653 logvar_p_clamp=0.0000
2026-08-30 01:06:20 | Epoch 274/400 | Train Loss 2.3066 Acc 0.1043 | Val Loss 2.3007 Acc 0.1129 AUC 0.5000 Pre 0.0113 Rec 0.1000
2026-08-30 01:06:20 | Diag logvar_q_mean=-0.8681 logvar_q_clamp=0.0000 logvar_p_mean=-0.8681 logvar_p_clamp=0.0000
2026-08-30 01:06:23 | Epoch 275/400 | Train Loss 2.3074 Acc 0.1033 | Val Loss 2.3007 Acc 0.1129 AUC 0.5000 Pre 0.0113 Rec 0.1000
2026-08-30 01:06:24 | Diag logvar_q_mean=-0.8711 logvar_q_clamp=0.0000 logvar_p_mean=-0.8710 logvar_p_clamp=0.0000
2026-08-30 01:06:27 | Epoch 276/400 | Train Loss 2.3061 Acc 0.1035 | Val Loss 2.3008 Acc 0.1129 AUC 0.5000 Pre 0.0113 Rec 0.1000
2026-08-30 01:06:28 | Diag logvar_q_mean=-0.8738 logvar_q_clamp=0.0000 logvar_p_mean=-0.8738 logvar_p_clamp=0.0000
2026-08-30 01:06:31 | Epoch 277/400 | Train Loss 2.3072 Acc 0.1019 | Val Loss 2.3008 Acc 0.1129 AUC 0.5000 Pre 0.0113 Rec 0.1000
2026-08-30 01:06:31 | Diag logvar_q_mean=-0.8767 logvar_q_clamp=0.0000 logvar_p_mean=-0.8767 logvar_p_clamp=0.0000
2026-08-30 01:06:35 | Epoch 278/400 | Train Loss 2.3065 Acc 0.1062 | Val Loss 2.3007 Acc 0.1129 AUC 0.5000 Pre 0.0113 Rec 0.1000
2026-08-30 01:06:35 | Diag logvar_q_mean=-0.8795 logvar_q_clamp=0.0000 logvar_p_mean=-0.8795 logvar_p_clamp=0.0000
2026-08-30 01:06:39 | Epoch 279/400 | Train Loss 2.3066 Acc 0.1048 | Val Loss 2.3008 Acc 0.1129 AUC 0.5000 Pre 0.0113 Rec 0.1000
2026-08-30 01:06:39 | Diag logvar_q_mean=-0.8823 logvar_q_clamp=0.0000 logvar_p_mean=-0.8823 logvar_p_clamp=0.0000
2026-08-30 01:06:43 | Epoch 280/400 | Train Loss 2.3063 Acc 0.1048 | Val Loss 2.3007 Acc 0.1129 AUC 0.5000 Pre 0.0113 Rec 0.1000
2026-08-30 01:06:43 | Diag logvar_q_mean=-0.8850 logvar_q_clamp=0.0000 logvar_p_mean=-0.8850 logvar_p_clamp=0.0000
2026-08-30 01:06:47 | Epoch 281/400 | Train Loss 2.3068 Acc 0.1025 | Val Loss 2.3008 Acc 0.1129 AUC 0.5000 Pre 0.0113 Rec 0.1000
2026-08-30 01:06:47 | Diag logvar_q_mean=-0.8879 logvar_q_clamp=0.0000 logvar_p_mean=-0.8879 logvar_p_clamp=0.0000
2026-08-30 01:06:50 | Epoch 282/400 | Train Loss 2.3062 Acc 0.1066 | Val Loss 2.3007 Acc 0.1129 AUC 0.5000 Pre 0.0113 Rec 0.1000
2026-08-30 01:06:51 | Diag logvar_q_mean=-0.8906 logvar_q_clamp=0.0000 logvar_p_mean=-0.8906 logvar_p_clamp=0.0000
2026-08-30 01:06:54 | Epoch 283/400 | Train Loss 2.3068 Acc 0.1045 | Val Loss 2.3007 Acc 0.1129 AUC 0.5000 Pre 0.0113 Rec 0.1000
2026-08-30 01:06:55 | Diag logvar_q_mean=-0.8935 logvar_q_clamp=0.0000 logvar_p_mean=-0.8935 logvar_p_clamp=0.0000
2026-08-30 01:06:58 | Epoch 284/400 | Train Loss 2.3067 Acc 0.1059 | Val Loss 2.3007 Acc 0.1129 AUC 0.5000 Pre 0.0113 Rec 0.1000
2026-08-30 01:06:59 | Diag logvar_q_mean=-0.8964 logvar_q_clamp=0.0000 logvar_p_mean=-0.8964 logvar_p_clamp=0.0000
2026-08-30 01:07:02 | Epoch 285/400 | Train Loss 2.3069 Acc 0.1023 | Val Loss 2.3008 Acc 0.1129 AUC 0.5000 Pre 0.0113 Rec 0.1000
2026-08-30 01:07:02 | Diag logvar_q_mean=-0.8992 logvar_q_clamp=0.0000 logvar_p_mean=-0.8992 logvar_p_clamp=0.0000
2026-08-30 01:07:06 | Epoch 286/400 | Train Loss 2.3059 Acc 0.1067 | Val Loss 2.3008 Acc 0.1129 AUC 0.5000 Pre 0.0113 Rec 0.1000
2026-08-30 01:07:06 | Diag logvar_q_mean=-0.9018 logvar_q_clamp=0.0000 logvar_p_mean=-0.9018 logvar_p_clamp=0.0000
2026-08-30 01:07:10 | Epoch 287/400 | Train Loss 2.3063 Acc 0.1063 | Val Loss 2.3008 Acc 0.1129 AUC 0.5000 Pre 0.0113 Rec 0.1000
2026-08-30 01:07:10 | Diag logvar_q_mean=-0.9046 logvar_q_clamp=0.0000 logvar_p_mean=-0.9046 logvar_p_clamp=0.0000
2026-08-30 01:07:14 | Epoch 288/400 | Train Loss 2.3071 Acc 0.1044 | Val Loss 2.3007 Acc 0.1129 AUC 0.5000 Pre 0.0113 Rec 0.1000
2026-08-30 01:07:14 | Diag logvar_q_mean=-0.9075 logvar_q_clamp=0.0000 logvar_p_mean=-0.9075 logvar_p_clamp=0.0000
2026-08-30 01:07:17 | Epoch 289/400 | Train Loss 2.3064 Acc 0.1013 | Val Loss 2.3007 Acc 0.1129 AUC 0.5000 Pre 0.0113 Rec 0.1000
2026-08-30 01:07:18 | Diag logvar_q_mean=-0.9102 logvar_q_clamp=0.0000 logvar_p_mean=-0.9102 logvar_p_clamp=0.0000
2026-08-30 01:07:21 | Epoch 290/400 | Train Loss 2.3060 Acc 0.1062 | Val Loss 2.3007 Acc 0.1129 AUC 0.5000 Pre 0.0113 Rec 0.1000
2026-08-30 01:07:22 | Diag logvar_q_mean=-0.9129 logvar_q_clamp=0.0000 logvar_p_mean=-0.9129 logvar_p_clamp=0.0000
2026-08-30 01:07:25 | Epoch 291/400 | Train Loss 2.3063 Acc 0.1044 | Val Loss 2.3007 Acc 0.1129 AUC 0.5000 Pre 0.0113 Rec 0.1000
2026-08-30 01:07:25 | Diag logvar_q_mean=-0.9156 logvar_q_clamp=0.0000 logvar_p_mean=-0.9156 logvar_p_clamp=0.0000
2026-08-30 01:07:29 | Epoch 292/400 | Train Loss 2.3069 Acc 0.1043 | Val Loss 2.3007 Acc 0.1129 AUC 0.5000 Pre 0.0113 Rec 0.1000
2026-08-30 01:07:29 | Diag logvar_q_mean=-0.9185 logvar_q_clamp=0.0000 logvar_p_mean=-0.9185 logvar_p_clamp=0.0000
2026-08-30 01:07:32 | Epoch 293/400 | Train Loss 2.3063 Acc 0.1054 | Val Loss 2.3008 Acc 0.1129 AUC 0.5000 Pre 0.0113 Rec 0.1000
2026-08-30 01:07:33 | Diag logvar_q_mean=-0.9213 logvar_q_clamp=0.0000 logvar_p_mean=-0.9213 logvar_p_clamp=0.0000
2026-08-30 01:07:36 | Epoch 294/400 | Train Loss 2.3068 Acc 0.1031 | Val Loss 2.3007 Acc 0.1129 AUC 0.5000 Pre 0.0113 Rec 0.1000
2026-08-30 01:07:37 | Diag logvar_q_mean=-0.9241 logvar_q_clamp=0.0000 logvar_p_mean=-0.9241 logvar_p_clamp=0.0000
2026-08-30 01:07:40 | Epoch 295/400 | Train Loss 2.3069 Acc 0.1061 | Val Loss 2.3007 Acc 0.1129 AUC 0.5000 Pre 0.0113 Rec 0.1000
2026-08-30 01:07:40 | Diag logvar_q_mean=-0.9269 logvar_q_clamp=0.0000 logvar_p_mean=-0.9269 logvar_p_clamp=0.0000
2026-08-30 01:07:44 | Epoch 296/400 | Train Loss 2.3070 Acc 0.1047 | Val Loss 2.3008 Acc 0.1129 AUC 0.5000 Pre 0.0113 Rec 0.1000
2026-08-30 01:07:44 | Diag logvar_q_mean=-0.9298 logvar_q_clamp=0.0000 logvar_p_mean=-0.9298 logvar_p_clamp=0.0000
2026-08-30 01:07:48 | Epoch 297/400 | Train Loss 2.3067 Acc 0.1045 | Val Loss 2.3007 Acc 0.1129 AUC 0.5000 Pre 0.0113 Rec 0.1000
2026-08-30 01:07:48 | Diag logvar_q_mean=-0.9325 logvar_q_clamp=0.0000 logvar_p_mean=-0.9325 logvar_p_clamp=0.0000
2026-08-30 01:07:51 | Epoch 298/400 | Train Loss 2.3064 Acc 0.1047 | Val Loss 2.3008 Acc 0.1129 AUC 0.5000 Pre 0.0113 Rec 0.1000
2026-08-30 01:07:52 | Diag logvar_q_mean=-0.9352 logvar_q_clamp=0.0000 logvar_p_mean=-0.9352 logvar_p_clamp=0.0000
2026-08-30 01:07:55 | Epoch 299/400 | Train Loss 2.3068 Acc 0.1033 | Val Loss 2.3007 Acc 0.1129 AUC 0.5000 Pre 0.0113 Rec 0.1000
2026-08-30 01:07:56 | Diag logvar_q_mean=-0.9381 logvar_q_clamp=0.0000 logvar_p_mean=-0.9381 logvar_p_clamp=0.0000
2026-08-30 01:07:59 | Epoch 300/400 | Train Loss 2.3058 Acc 0.1064 | Val Loss 2.3007 Acc 0.1129 AUC 0.5000 Pre 0.0113 Rec 0.1000
2026-08-30 01:07:59 | Diag logvar_q_mean=-0.9406 logvar_q_clamp=0.0000 logvar_p_mean=-0.9406 logvar_p_clamp=0.0000
2026-08-30 01:08:03 | Epoch 301/400 | Train Loss 2.3070 Acc 0.1047 | Val Loss 2.3008 Acc 0.1129 AUC 0.5000 Pre 0.0113 Rec 0.1000
2026-08-30 01:08:03 | Diag logvar_q_mean=-0.9435 logvar_q_clamp=0.0000 logvar_p_mean=-0.9435 logvar_p_clamp=0.0000
2026-08-30 01:08:06 | Epoch 302/400 | Train Loss 2.3068 Acc 0.1022 | Val Loss 2.3008 Acc 0.1129 AUC 0.5000 Pre 0.0113 Rec 0.1000
2026-08-30 01:08:07 | Diag logvar_q_mean=-0.9463 logvar_q_clamp=0.0000 logvar_p_mean=-0.9463 logvar_p_clamp=0.0000
2026-08-30 01:08:10 | Epoch 303/400 | Train Loss 2.3059 Acc 0.1042 | Val Loss 2.3008 Acc 0.1129 AUC 0.5000 Pre 0.0113 Rec 0.1000
2026-08-30 01:08:11 | Diag logvar_q_mean=-0.9488 logvar_q_clamp=0.0000 logvar_p_mean=-0.9488 logvar_p_clamp=0.0000
2026-08-30 01:08:14 | Epoch 304/400 | Train Loss 2.3069 Acc 0.1039 | Val Loss 2.3008 Acc 0.1129 AUC 0.5000 Pre 0.0113 Rec 0.1000
2026-08-30 01:08:15 | Diag logvar_q_mean=-0.9517 logvar_q_clamp=0.0000 logvar_p_mean=-0.9517 logvar_p_clamp=0.0000
2026-08-30 01:08:18 | Epoch 305/400 | Train Loss 2.3061 Acc 0.1045 | Val Loss 2.3008 Acc 0.1129 AUC 0.5000 Pre 0.0113 Rec 0.1000
2026-08-30 01:08:19 | Diag logvar_q_mean=-0.9543 logvar_q_clamp=0.0000 logvar_p_mean=-0.9543 logvar_p_clamp=0.0000
2026-08-30 01:08:22 | Epoch 306/400 | Train Loss 2.3064 Acc 0.1058 | Val Loss 2.3008 Acc 0.1129 AUC 0.5000 Pre 0.0113 Rec 0.1000
2026-08-30 01:08:22 | Diag logvar_q_mean=-0.9571 logvar_q_clamp=0.0000 logvar_p_mean=-0.9571 logvar_p_clamp=0.0000
2026-08-30 01:08:26 | Epoch 307/400 | Train Loss 2.3070 Acc 0.1020 | Val Loss 2.3008 Acc 0.1129 AUC 0.5000 Pre 0.0113 Rec 0.1000
2026-08-30 01:08:26 | Diag logvar_q_mean=-0.9599 logvar_q_clamp=0.0000 logvar_p_mean=-0.9599 logvar_p_clamp=0.0000
2026-08-30 01:08:30 | Epoch 308/400 | Train Loss 2.3066 Acc 0.1047 | Val Loss 2.3008 Acc 0.1129 AUC 0.5000 Pre 0.0113 Rec 0.1000
2026-08-30 01:08:30 | Diag logvar_q_mean=-0.9626 logvar_q_clamp=0.0000 logvar_p_mean=-0.9626 logvar_p_clamp=0.0000
2026-08-30 01:08:33 | Epoch 309/400 | Train Loss 2.3057 Acc 0.1082 | Val Loss 2.3007 Acc 0.1129 AUC 0.5000 Pre 0.0113 Rec 0.1000
2026-08-30 01:08:34 | Diag logvar_q_mean=-0.9652 logvar_q_clamp=0.0000 logvar_p_mean=-0.9652 logvar_p_clamp=0.0000
2026-08-30 01:08:37 | Epoch 310/400 | Train Loss 2.3069 Acc 0.1061 | Val Loss 2.3008 Acc 0.1129 AUC 0.5000 Pre 0.0113 Rec 0.1000
2026-08-30 01:08:38 | Diag logvar_q_mean=-0.9680 logvar_q_clamp=0.0000 logvar_p_mean=-0.9680 logvar_p_clamp=0.0000
2026-08-30 01:08:41 | Epoch 311/400 | Train Loss 2.3058 Acc 0.1064 | Val Loss 2.3008 Acc 0.1129 AUC 0.5000 Pre 0.0113 Rec 0.1000
2026-08-30 01:08:42 | Diag logvar_q_mean=-0.9706 logvar_q_clamp=0.0000 logvar_p_mean=-0.9706 logvar_p_clamp=0.0000
2026-08-30 01:08:45 | Epoch 312/400 | Train Loss 2.3066 Acc 0.1035 | Val Loss 2.3007 Acc 0.1129 AUC 0.5000 Pre 0.0113 Rec 0.1000
2026-08-30 01:08:46 | Diag logvar_q_mean=-0.9734 logvar_q_clamp=0.0000 logvar_p_mean=-0.9734 logvar_p_clamp=0.0000
2026-08-30 01:08:49 | Epoch 313/400 | Train Loss 2.3065 Acc 0.1075 | Val Loss 2.3008 Acc 0.1129 AUC 0.5000 Pre 0.0113 Rec 0.1000
2026-08-30 01:08:49 | Diag logvar_q_mean=-0.9761 logvar_q_clamp=0.0000 logvar_p_mean=-0.9761 logvar_p_clamp=0.0000
2026-08-30 01:08:53 | Epoch 314/400 | Train Loss 2.3066 Acc 0.1036 | Val Loss 2.3007 Acc 0.1129 AUC 0.5000 Pre 0.0113 Rec 0.1000
2026-08-30 01:08:53 | Diag logvar_q_mean=-0.9789 logvar_q_clamp=0.0000 logvar_p_mean=-0.9789 logvar_p_clamp=0.0000
2026-08-30 01:08:56 | Epoch 315/400 | Train Loss 2.3065 Acc 0.1029 | Val Loss 2.3008 Acc 0.1129 AUC 0.5000 Pre 0.0113 Rec 0.1000
2026-08-30 01:08:57 | Diag logvar_q_mean=-0.9816 logvar_q_clamp=0.0000 logvar_p_mean=-0.9816 logvar_p_clamp=0.0000
2026-08-30 01:09:00 | Epoch 316/400 | Train Loss 2.3062 Acc 0.1072 | Val Loss 2.3008 Acc 0.1129 AUC 0.5000 Pre 0.0113 Rec 0.1000
2026-08-30 01:09:01 | Diag logvar_q_mean=-0.9842 logvar_q_clamp=0.0000 logvar_p_mean=-0.9842 logvar_p_clamp=0.0000
2026-08-30 01:09:04 | Epoch 317/400 | Train Loss 2.3067 Acc 0.1059 | Val Loss 2.3008 Acc 0.1129 AUC 0.5000 Pre 0.0113 Rec 0.1000
2026-08-30 01:09:05 | Diag logvar_q_mean=-0.9870 logvar_q_clamp=0.0000 logvar_p_mean=-0.9870 logvar_p_clamp=0.0000
2026-08-30 01:09:08 | Epoch 318/400 | Train Loss 2.3065 Acc 0.1042 | Val Loss 2.3007 Acc 0.1129 AUC 0.5000 Pre 0.0113 Rec 0.1000
2026-08-30 01:09:08 | Diag logvar_q_mean=-0.9897 logvar_q_clamp=0.0000 logvar_p_mean=-0.9897 logvar_p_clamp=0.0000
2026-08-30 01:09:12 | Epoch 319/400 | Train Loss 2.3071 Acc 0.1029 | Val Loss 2.3008 Acc 0.1129 AUC 0.5000 Pre 0.0113 Rec 0.1000
2026-08-30 01:09:12 | Diag logvar_q_mean=-0.9926 logvar_q_clamp=0.0000 logvar_p_mean=-0.9926 logvar_p_clamp=0.0000
2026-08-30 01:09:15 | Epoch 320/400 | Train Loss 2.3062 Acc 0.1041 | Val Loss 2.3008 Acc 0.1129 AUC 0.5000 Pre 0.0113 Rec 0.1000
2026-08-30 01:09:16 | Diag logvar_q_mean=-0.9952 logvar_q_clamp=0.0000 logvar_p_mean=-0.9952 logvar_p_clamp=0.0000
2026-08-30 01:09:19 | Epoch 321/400 | Train Loss 2.3065 Acc 0.1049 | Val Loss 2.3008 Acc 0.1129 AUC 0.5000 Pre 0.0113 Rec 0.1000
2026-08-30 01:09:20 | Diag logvar_q_mean=-0.9979 logvar_q_clamp=0.0000 logvar_p_mean=-0.9979 logvar_p_clamp=0.0000
2026-08-30 01:09:23 | Epoch 322/400 | Train Loss 2.3071 Acc 0.1023 | Val Loss 2.3007 Acc 0.1129 AUC 0.5000 Pre 0.0113 Rec 0.1000
2026-08-30 01:09:23 | Diag logvar_q_mean=-1.0007 logvar_q_clamp=0.0000 logvar_p_mean=-1.0007 logvar_p_clamp=0.0000
2026-08-30 01:09:27 | Epoch 323/400 | Train Loss 2.3067 Acc 0.1068 | Val Loss 2.3008 Acc 0.1129 AUC 0.5000 Pre 0.0113 Rec 0.1000
2026-08-30 01:09:27 | Diag logvar_q_mean=-1.0034 logvar_q_clamp=0.0000 logvar_p_mean=-1.0034 logvar_p_clamp=0.0000
2026-08-30 01:09:30 | Epoch 324/400 | Train Loss 2.3062 Acc 0.1052 | Val Loss 2.3008 Acc 0.1129 AUC 0.5000 Pre 0.0113 Rec 0.1000
2026-08-30 01:09:31 | Diag logvar_q_mean=-1.0060 logvar_q_clamp=0.0000 logvar_p_mean=-1.0060 logvar_p_clamp=0.0000
2026-08-30 01:09:34 | Epoch 325/400 | Train Loss 2.3062 Acc 0.1059 | Val Loss 2.3008 Acc 0.1129 AUC 0.5000 Pre 0.0113 Rec 0.1000
2026-08-30 01:09:35 | Diag logvar_q_mean=-1.0086 logvar_q_clamp=0.0000 logvar_p_mean=-1.0086 logvar_p_clamp=0.0000
2026-08-30 01:09:38 | Epoch 326/400 | Train Loss 2.3064 Acc 0.1057 | Val Loss 2.3008 Acc 0.1129 AUC 0.5000 Pre 0.0113 Rec 0.1000
2026-08-30 01:09:38 | Diag logvar_q_mean=-1.0113 logvar_q_clamp=0.0000 logvar_p_mean=-1.0113 logvar_p_clamp=0.0000
2026-08-30 01:09:42 | Epoch 327/400 | Train Loss 2.3066 Acc 0.1061 | Val Loss 2.3008 Acc 0.1129 AUC 0.5000 Pre 0.0113 Rec 0.1000
2026-08-30 01:09:42 | Diag logvar_q_mean=-1.0140 logvar_q_clamp=0.0000 logvar_p_mean=-1.0140 logvar_p_clamp=0.0000
2026-08-30 01:09:45 | Epoch 328/400 | Train Loss 2.3063 Acc 0.1029 | Val Loss 2.3008 Acc 0.1129 AUC 0.5000 Pre 0.0113 Rec 0.1000
2026-08-30 01:09:46 | Diag logvar_q_mean=-1.0166 logvar_q_clamp=0.0000 logvar_p_mean=-1.0166 logvar_p_clamp=0.0000
2026-08-30 01:09:49 | Epoch 329/400 | Train Loss 2.3061 Acc 0.1057 | Val Loss 2.3008 Acc 0.1129 AUC 0.5000 Pre 0.0113 Rec 0.1000
2026-08-30 01:09:50 | Diag logvar_q_mean=-1.0193 logvar_q_clamp=0.0000 logvar_p_mean=-1.0192 logvar_p_clamp=0.0000
2026-08-30 01:09:53 | Epoch 330/400 | Train Loss 2.3064 Acc 0.1020 | Val Loss 2.3008 Acc 0.1129 AUC 0.5000 Pre 0.0113 Rec 0.1000
2026-08-30 01:09:53 | Diag logvar_q_mean=-1.0219 logvar_q_clamp=0.0000 logvar_p_mean=-1.0219 logvar_p_clamp=0.0000
2026-08-30 01:09:57 | Epoch 331/400 | Train Loss 2.3063 Acc 0.1052 | Val Loss 2.3007 Acc 0.1129 AUC 0.5000 Pre 0.0113 Rec 0.1000
2026-08-30 01:09:57 | Diag logvar_q_mean=-1.0246 logvar_q_clamp=0.0000 logvar_p_mean=-1.0246 logvar_p_clamp=0.0000
2026-08-30 01:10:00 | Epoch 332/400 | Train Loss 2.3057 Acc 0.1069 | Val Loss 2.3008 Acc 0.1129 AUC 0.5000 Pre 0.0113 Rec 0.1000
2026-08-30 01:10:01 | Diag logvar_q_mean=-1.0271 logvar_q_clamp=0.0000 logvar_p_mean=-1.0271 logvar_p_clamp=0.0000
2026-08-30 01:10:04 | Epoch 333/400 | Train Loss 2.3061 Acc 0.1059 | Val Loss 2.3008 Acc 0.1129 AUC 0.5000 Pre 0.0113 Rec 0.1000
2026-08-30 01:10:05 | Diag logvar_q_mean=-1.0298 logvar_q_clamp=0.0000 logvar_p_mean=-1.0298 logvar_p_clamp=0.0000
2026-08-30 01:10:08 | Epoch 334/400 | Train Loss 2.3074 Acc 0.1032 | Val Loss 2.3008 Acc 0.1129 AUC 0.5000 Pre 0.0113 Rec 0.1000
2026-08-30 01:10:08 | Diag logvar_q_mean=-1.0327 logvar_q_clamp=0.0000 logvar_p_mean=-1.0327 logvar_p_clamp=0.0000
2026-08-30 01:10:12 | Epoch 335/400 | Train Loss 2.3062 Acc 0.1033 | Val Loss 2.3008 Acc 0.1129 AUC 0.5000 Pre 0.0113 Rec 0.1000
2026-08-30 01:10:12 | Diag logvar_q_mean=-1.0353 logvar_q_clamp=0.0000 logvar_p_mean=-1.0353 logvar_p_clamp=0.0000
2026-08-30 01:10:16 | Epoch 336/400 | Train Loss 2.3063 Acc 0.1057 | Val Loss 2.3008 Acc 0.1129 AUC 0.5000 Pre 0.0113 Rec 0.1000
2026-08-30 01:10:16 | Diag logvar_q_mean=-1.0379 logvar_q_clamp=0.0000 logvar_p_mean=-1.0380 logvar_p_clamp=0.0000
2026-08-30 01:10:20 | Epoch 337/400 | Train Loss 2.3060 Acc 0.1054 | Val Loss 2.3008 Acc 0.1129 AUC 0.5000 Pre 0.0113 Rec 0.1000
2026-08-30 01:10:20 | Diag logvar_q_mean=-1.0405 logvar_q_clamp=0.0000 logvar_p_mean=-1.0405 logvar_p_clamp=0.0000
2026-08-30 01:10:23 | Epoch 338/400 | Train Loss 2.3064 Acc 0.1040 | Val Loss 2.3008 Acc 0.1129 AUC 0.5000 Pre 0.0113 Rec 0.1000
2026-08-30 01:10:24 | Diag logvar_q_mean=-1.0432 logvar_q_clamp=0.0000 logvar_p_mean=-1.0432 logvar_p_clamp=0.0000
2026-08-30 01:10:27 | Epoch 339/400 | Train Loss 2.3064 Acc 0.1051 | Val Loss 2.3008 Acc 0.1129 AUC 0.5000 Pre 0.0113 Rec 0.1000
2026-08-30 01:10:28 | Diag logvar_q_mean=-1.0458 logvar_q_clamp=0.0000 logvar_p_mean=-1.0458 logvar_p_clamp=0.0000
2026-08-30 01:10:31 | Epoch 340/400 | Train Loss 2.3060 Acc 0.1046 | Val Loss 2.3008 Acc 0.1129 AUC 0.5000 Pre 0.0113 Rec 0.1000
2026-08-30 01:10:32 | Diag logvar_q_mean=-1.0484 logvar_q_clamp=0.0000 logvar_p_mean=-1.0484 logvar_p_clamp=0.0000
2026-08-30 01:10:35 | Epoch 341/400 | Train Loss 2.3066 Acc 0.1003 | Val Loss 2.3008 Acc 0.1129 AUC 0.5000 Pre 0.0113 Rec 0.1000
2026-08-30 01:10:36 | Diag logvar_q_mean=-1.0511 logvar_q_clamp=0.0000 logvar_p_mean=-1.0511 logvar_p_clamp=0.0000
2026-08-30 01:10:39 | Epoch 342/400 | Train Loss 2.3056 Acc 0.1049 | Val Loss 2.3008 Acc 0.1129 AUC 0.5000 Pre 0.0113 Rec 0.1000
2026-08-30 01:10:39 | Diag logvar_q_mean=-1.0536 logvar_q_clamp=0.0000 logvar_p_mean=-1.0536 logvar_p_clamp=0.0000
2026-08-30 01:10:42 | Epoch 343/400 | Train Loss 2.3062 Acc 0.1038 | Val Loss 2.3008 Acc 0.1129 AUC 0.5000 Pre 0.0113 Rec 0.1000
2026-08-30 01:10:43 | Diag logvar_q_mean=-1.0562 logvar_q_clamp=0.0000 logvar_p_mean=-1.0562 logvar_p_clamp=0.0000
2026-08-30 01:10:46 | Epoch 344/400 | Train Loss 2.3066 Acc 0.1039 | Val Loss 2.3008 Acc 0.1129 AUC 0.5000 Pre 0.0113 Rec 0.1000
2026-08-30 01:10:46 | Diag logvar_q_mean=-1.0590 logvar_q_clamp=0.0000 logvar_p_mean=-1.0589 logvar_p_clamp=0.0000
2026-08-30 01:10:50 | Epoch 345/400 | Train Loss 2.3058 Acc 0.1052 | Val Loss 2.3008 Acc 0.1129 AUC 0.5000 Pre 0.0113 Rec 0.1000
2026-08-30 01:10:50 | Diag logvar_q_mean=-1.0615 logvar_q_clamp=0.0000 logvar_p_mean=-1.0615 logvar_p_clamp=0.0000
2026-08-30 01:10:53 | Epoch 346/400 | Train Loss 2.3061 Acc 0.1043 | Val Loss 2.3008 Acc 0.1129 AUC 0.5000 Pre 0.0113 Rec 0.1000
2026-08-30 01:10:54 | Diag logvar_q_mean=-1.0641 logvar_q_clamp=0.0000 logvar_p_mean=-1.0641 logvar_p_clamp=0.0000
2026-08-30 01:10:57 | Epoch 347/400 | Train Loss 2.3056 Acc 0.1047 | Val Loss 2.3008 Acc 0.1129 AUC 0.5000 Pre 0.0113 Rec 0.1000
2026-08-30 01:10:58 | Diag logvar_q_mean=-1.0666 logvar_q_clamp=0.0000 logvar_p_mean=-1.0666 logvar_p_clamp=0.0000
2026-08-30 01:11:01 | Epoch 348/400 | Train Loss 2.3057 Acc 0.1065 | Val Loss 2.3008 Acc 0.1129 AUC 0.5000 Pre 0.0113 Rec 0.1000
2026-08-30 01:11:01 | Diag logvar_q_mean=-1.0691 logvar_q_clamp=0.0000 logvar_p_mean=-1.0691 logvar_p_clamp=0.0000
2026-08-30 01:11:05 | Epoch 349/400 | Train Loss 2.3069 Acc 0.1013 | Val Loss 2.3008 Acc 0.1129 AUC 0.5000 Pre 0.0113 Rec 0.1000
2026-08-30 01:11:05 | Diag logvar_q_mean=-1.0719 logvar_q_clamp=0.0000 logvar_p_mean=-1.0719 logvar_p_clamp=0.0000
2026-08-30 01:11:08 | Epoch 350/400 | Train Loss 2.3072 Acc 0.1035 | Val Loss 2.3008 Acc 0.1129 AUC 0.5000 Pre 0.0113 Rec 0.1000
2026-08-30 01:11:09 | Diag logvar_q_mean=-1.0747 logvar_q_clamp=0.0000 logvar_p_mean=-1.0747 logvar_p_clamp=0.0000
2026-08-30 01:11:12 | Epoch 351/400 | Train Loss 2.3066 Acc 0.1039 | Val Loss 2.3008 Acc 0.1129 AUC 0.5000 Pre 0.0113 Rec 0.1000
2026-08-30 01:11:13 | Diag logvar_q_mean=-1.0773 logvar_q_clamp=0.0000 logvar_p_mean=-1.0773 logvar_p_clamp=0.0000
2026-08-30 01:11:16 | Epoch 352/400 | Train Loss 2.3066 Acc 0.1037 | Val Loss 2.3008 Acc 0.1129 AUC 0.5000 Pre 0.0113 Rec 0.1000
2026-08-30 01:11:17 | Diag logvar_q_mean=-1.0799 logvar_q_clamp=0.0000 logvar_p_mean=-1.0799 logvar_p_clamp=0.0000
2026-08-30 01:11:20 | Epoch 353/400 | Train Loss 2.3065 Acc 0.1053 | Val Loss 2.3008 Acc 0.1129 AUC 0.5000 Pre 0.0113 Rec 0.1000
2026-08-30 01:11:20 | Diag logvar_q_mean=-1.0825 logvar_q_clamp=0.0000 logvar_p_mean=-1.0825 logvar_p_clamp=0.0000
2026-08-30 01:11:24 | Epoch 354/400 | Train Loss 2.3058 Acc 0.1065 | Val Loss 2.3008 Acc 0.1129 AUC 0.5000 Pre 0.0113 Rec 0.1000
2026-08-30 01:11:24 | Diag logvar_q_mean=-1.0850 logvar_q_clamp=0.0000 logvar_p_mean=-1.0850 logvar_p_clamp=0.0000
2026-08-30 01:11:27 | Epoch 355/400 | Train Loss 2.3063 Acc 0.1055 | Val Loss 2.3008 Acc 0.1129 AUC 0.5000 Pre 0.0113 Rec 0.1000
2026-08-30 01:11:28 | Diag logvar_q_mean=-1.0875 logvar_q_clamp=0.0000 logvar_p_mean=-1.0875 logvar_p_clamp=0.0000
2026-08-30 01:11:31 | Epoch 356/400 | Train Loss 2.3069 Acc 0.1046 | Val Loss 2.3008 Acc 0.1129 AUC 0.5000 Pre 0.0113 Rec 0.1000
2026-08-30 01:11:32 | Diag logvar_q_mean=-1.0902 logvar_q_clamp=0.0000 logvar_p_mean=-1.0902 logvar_p_clamp=0.0000
2026-08-30 01:11:35 | Epoch 357/400 | Train Loss 2.3058 Acc 0.1060 | Val Loss 2.3008 Acc 0.1129 AUC 0.5000 Pre 0.0113 Rec 0.1000
2026-08-30 01:11:35 | Diag logvar_q_mean=-1.0927 logvar_q_clamp=0.0000 logvar_p_mean=-1.0927 logvar_p_clamp=0.0000
2026-08-30 01:11:39 | Epoch 358/400 | Train Loss 2.3064 Acc 0.1045 | Val Loss 2.3008 Acc 0.1129 AUC 0.5000 Pre 0.0113 Rec 0.1000
2026-08-30 01:11:39 | Diag logvar_q_mean=-1.0954 logvar_q_clamp=0.0000 logvar_p_mean=-1.0953 logvar_p_clamp=0.0000
2026-08-30 01:11:42 | Epoch 359/400 | Train Loss 2.3057 Acc 0.1059 | Val Loss 2.3008 Acc 0.1129 AUC 0.5000 Pre 0.0113 Rec 0.1000
2026-08-30 01:11:43 | Diag logvar_q_mean=-1.0978 logvar_q_clamp=0.0000 logvar_p_mean=-1.0978 logvar_p_clamp=0.0000
2026-08-30 01:11:46 | Epoch 360/400 | Train Loss 2.3065 Acc 0.1064 | Val Loss 2.3008 Acc 0.1129 AUC 0.5000 Pre 0.0113 Rec 0.1000
2026-08-30 01:11:47 | Diag logvar_q_mean=-1.1005 logvar_q_clamp=0.0000 logvar_p_mean=-1.1005 logvar_p_clamp=0.0000
2026-08-30 01:11:50 | Epoch 361/400 | Train Loss 2.3054 Acc 0.1063 | Val Loss 2.3007 Acc 0.1129 AUC 0.5000 Pre 0.0113 Rec 0.1000
2026-08-30 01:11:51 | Diag logvar_q_mean=-1.1029 logvar_q_clamp=0.0000 logvar_p_mean=-1.1029 logvar_p_clamp=0.0000
2026-08-30 01:11:54 | Epoch 362/400 | Train Loss 2.3065 Acc 0.1044 | Val Loss 2.3007 Acc 0.1129 AUC 0.5000 Pre 0.0113 Rec 0.1000
2026-08-30 01:11:54 | Diag logvar_q_mean=-1.1055 logvar_q_clamp=0.0000 logvar_p_mean=-1.1056 logvar_p_clamp=0.0000
2026-08-30 01:11:58 | Epoch 363/400 | Train Loss 2.3060 Acc 0.1059 | Val Loss 2.3008 Acc 0.1129 AUC 0.5000 Pre 0.0113 Rec 0.1000
2026-08-30 01:11:58 | Diag logvar_q_mean=-1.1080 logvar_q_clamp=0.0000 logvar_p_mean=-1.1080 logvar_p_clamp=0.0000
2026-08-30 01:12:01 | Epoch 364/400 | Train Loss 2.3064 Acc 0.1051 | Val Loss 2.3008 Acc 0.1129 AUC 0.5000 Pre 0.0113 Rec 0.1000
2026-08-30 01:12:02 | Diag logvar_q_mean=-1.1107 logvar_q_clamp=0.0000 logvar_p_mean=-1.1107 logvar_p_clamp=0.0000
2026-08-30 01:12:05 | Epoch 365/400 | Train Loss 2.3054 Acc 0.1050 | Val Loss 2.3007 Acc 0.1129 AUC 0.5000 Pre 0.0113 Rec 0.1000
2026-08-30 01:12:06 | Diag logvar_q_mean=-1.1131 logvar_q_clamp=0.0000 logvar_p_mean=-1.1131 logvar_p_clamp=0.0000
2026-08-30 01:12:09 | Epoch 366/400 | Train Loss 2.3062 Acc 0.1057 | Val Loss 2.3008 Acc 0.1129 AUC 0.5000 Pre 0.0113 Rec 0.1000
2026-08-30 01:12:09 | Diag logvar_q_mean=-1.1157 logvar_q_clamp=0.0000 logvar_p_mean=-1.1157 logvar_p_clamp=0.0000
2026-08-30 01:12:13 | Epoch 367/400 | Train Loss 2.3061 Acc 0.1035 | Val Loss 2.3008 Acc 0.1129 AUC 0.5000 Pre 0.0113 Rec 0.1000
2026-08-30 01:12:13 | Diag logvar_q_mean=-1.1183 logvar_q_clamp=0.0000 logvar_p_mean=-1.1183 logvar_p_clamp=0.0000
2026-08-30 01:12:16 | Epoch 368/400 | Train Loss 2.3056 Acc 0.1063 | Val Loss 2.3008 Acc 0.1129 AUC 0.5000 Pre 0.0113 Rec 0.1000
2026-08-30 01:12:17 | Diag logvar_q_mean=-1.1207 logvar_q_clamp=0.0000 logvar_p_mean=-1.1207 logvar_p_clamp=0.0000
2026-08-30 01:12:20 | Epoch 369/400 | Train Loss 2.3070 Acc 0.1049 | Val Loss 2.3008 Acc 0.1129 AUC 0.5000 Pre 0.0113 Rec 0.1000
2026-08-30 01:12:20 | Diag logvar_q_mean=-1.1235 logvar_q_clamp=0.0000 logvar_p_mean=-1.1235 logvar_p_clamp=0.0000
2026-08-30 01:12:24 | Epoch 370/400 | Train Loss 2.3058 Acc 0.1037 | Val Loss 2.3008 Acc 0.1129 AUC 0.5000 Pre 0.0113 Rec 0.1000
2026-08-30 01:12:24 | Diag logvar_q_mean=-1.1259 logvar_q_clamp=0.0000 logvar_p_mean=-1.1260 logvar_p_clamp=0.0000
2026-08-30 01:12:28 | Epoch 371/400 | Train Loss 2.3067 Acc 0.1021 | Val Loss 2.3008 Acc 0.1129 AUC 0.5000 Pre 0.0113 Rec 0.1000
2026-08-30 01:12:28 | Diag logvar_q_mean=-1.1286 logvar_q_clamp=0.0000 logvar_p_mean=-1.1286 logvar_p_clamp=0.0000
2026-08-30 01:12:31 | Epoch 372/400 | Train Loss 2.3057 Acc 0.1075 | Val Loss 2.3008 Acc 0.1129 AUC 0.5000 Pre 0.0113 Rec 0.1000
2026-08-30 01:12:32 | Diag logvar_q_mean=-1.1310 logvar_q_clamp=0.0000 logvar_p_mean=-1.1310 logvar_p_clamp=0.0000
2026-08-30 01:12:35 | Epoch 373/400 | Train Loss 2.3065 Acc 0.1038 | Val Loss 2.3008 Acc 0.1129 AUC 0.5000 Pre 0.0113 Rec 0.1000
2026-08-30 01:12:36 | Diag logvar_q_mean=-1.1336 logvar_q_clamp=0.0000 logvar_p_mean=-1.1336 logvar_p_clamp=0.0000
2026-08-30 01:12:39 | Epoch 374/400 | Train Loss 2.3055 Acc 0.1048 | Val Loss 2.3008 Acc 0.1129 AUC 0.5000 Pre 0.0113 Rec 0.1000
2026-08-30 01:12:39 | Diag logvar_q_mean=-1.1360 logvar_q_clamp=0.0000 logvar_p_mean=-1.1360 logvar_p_clamp=0.0000
2026-08-30 01:12:43 | Epoch 375/400 | Train Loss 2.3065 Acc 0.1057 | Val Loss 2.3008 Acc 0.1129 AUC 0.5000 Pre 0.0113 Rec 0.1000
2026-08-30 01:12:43 | Diag logvar_q_mean=-1.1386 logvar_q_clamp=0.0000 logvar_p_mean=-1.1386 logvar_p_clamp=0.0000
2026-08-30 01:12:47 | Epoch 376/400 | Train Loss 2.3061 Acc 0.1051 | Val Loss 2.3008 Acc 0.1129 AUC 0.5000 Pre 0.0113 Rec 0.1000
2026-08-30 01:12:47 | Diag logvar_q_mean=-1.1412 logvar_q_clamp=0.0000 logvar_p_mean=-1.1412 logvar_p_clamp=0.0000
2026-08-30 01:12:50 | Epoch 377/400 | Train Loss 2.3063 Acc 0.1042 | Val Loss 2.3008 Acc 0.1129 AUC 0.5000 Pre 0.0113 Rec 0.1000
2026-08-30 01:12:51 | Diag logvar_q_mean=-1.1437 logvar_q_clamp=0.0000 logvar_p_mean=-1.1437 logvar_p_clamp=0.0000
2026-08-30 01:12:54 | Epoch 378/400 | Train Loss 2.3066 Acc 0.1043 | Val Loss 2.3008 Acc 0.1129 AUC 0.5000 Pre 0.0113 Rec 0.1000
2026-08-30 01:12:55 | Diag logvar_q_mean=-1.1464 logvar_q_clamp=0.0000 logvar_p_mean=-1.1464 logvar_p_clamp=0.0000
2026-08-30 01:12:58 | Epoch 379/400 | Train Loss 2.3053 Acc 0.1056 | Val Loss 2.3008 Acc 0.1129 AUC 0.5000 Pre 0.0113 Rec 0.1000
2026-08-30 01:12:58 | Diag logvar_q_mean=-1.1487 logvar_q_clamp=0.0000 logvar_p_mean=-1.1487 logvar_p_clamp=0.0000
2026-08-30 01:13:02 | Epoch 380/400 | Train Loss 2.3060 Acc 0.1030 | Val Loss 2.3008 Acc 0.1129 AUC 0.5000 Pre 0.0113 Rec 0.1000
2026-08-30 01:13:02 | Diag logvar_q_mean=-1.1512 logvar_q_clamp=0.0000 logvar_p_mean=-1.1512 logvar_p_clamp=0.0000
2026-08-30 01:13:05 | Epoch 381/400 | Train Loss 2.3060 Acc 0.1047 | Val Loss 2.3008 Acc 0.1129 AUC 0.5000 Pre 0.0113 Rec 0.1000
2026-08-30 01:13:06 | Diag logvar_q_mean=-1.1537 logvar_q_clamp=0.0000 logvar_p_mean=-1.1537 logvar_p_clamp=0.0000
2026-08-30 01:13:09 | Epoch 382/400 | Train Loss 2.3061 Acc 0.1060 | Val Loss 2.3008 Acc 0.1129 AUC 0.5000 Pre 0.0113 Rec 0.1000
2026-08-30 01:13:10 | Diag logvar_q_mean=-1.1563 logvar_q_clamp=0.0000 logvar_p_mean=-1.1563 logvar_p_clamp=0.0000
2026-08-30 01:13:13 | Epoch 383/400 | Train Loss 2.3060 Acc 0.1042 | Val Loss 2.3007 Acc 0.1129 AUC 0.5000 Pre 0.0113 Rec 0.1000
2026-08-30 01:13:13 | Diag logvar_q_mean=-1.1587 logvar_q_clamp=0.0000 logvar_p_mean=-1.1587 logvar_p_clamp=0.0000
2026-08-30 01:13:17 | Epoch 384/400 | Train Loss 2.3062 Acc 0.1048 | Val Loss 2.3008 Acc 0.1129 AUC 0.5000 Pre 0.0113 Rec 0.1000
2026-08-30 01:13:17 | Diag logvar_q_mean=-1.1613 logvar_q_clamp=0.0000 logvar_p_mean=-1.1613 logvar_p_clamp=0.0000
2026-08-30 01:13:20 | Epoch 385/400 | Train Loss 2.3061 Acc 0.1053 | Val Loss 2.3008 Acc 0.1129 AUC 0.5000 Pre 0.0113 Rec 0.1000
2026-08-30 01:13:21 | Diag logvar_q_mean=-1.1638 logvar_q_clamp=0.0000 logvar_p_mean=-1.1638 logvar_p_clamp=0.0000
2026-08-30 01:13:24 | Epoch 386/400 | Train Loss 2.3059 Acc 0.1040 | Val Loss 2.3008 Acc 0.1129 AUC 0.5000 Pre 0.0113 Rec 0.1000
2026-08-30 01:13:25 | Diag logvar_q_mean=-1.1663 logvar_q_clamp=0.0000 logvar_p_mean=-1.1662 logvar_p_clamp=0.0000
2026-08-30 01:13:28 | Epoch 387/400 | Train Loss 2.3061 Acc 0.1061 | Val Loss 2.3008 Acc 0.1129 AUC 0.5000 Pre 0.0113 Rec 0.1000
2026-08-30 01:13:29 | Diag logvar_q_mean=-1.1687 logvar_q_clamp=0.0000 logvar_p_mean=-1.1687 logvar_p_clamp=0.0000
2026-08-30 01:13:32 | Epoch 388/400 | Train Loss 2.3058 Acc 0.1042 | Val Loss 2.3008 Acc 0.1129 AUC 0.5000 Pre 0.0113 Rec 0.1000
2026-08-30 01:13:32 | Diag logvar_q_mean=-1.1712 logvar_q_clamp=0.0000 logvar_p_mean=-1.1712 logvar_p_clamp=0.0000
2026-08-30 01:13:36 | Epoch 389/400 | Train Loss 2.3058 Acc 0.1058 | Val Loss 2.3008 Acc 0.1129 AUC 0.5000 Pre 0.0113 Rec 0.1000
2026-08-30 01:13:36 | Diag logvar_q_mean=-1.1736 logvar_q_clamp=0.0000 logvar_p_mean=-1.1736 logvar_p_clamp=0.0000
2026-08-30 01:13:39 | Epoch 390/400 | Train Loss 2.3062 Acc 0.1040 | Val Loss 2.3008 Acc 0.1129 AUC 0.5000 Pre 0.0113 Rec 0.1000
2026-08-30 01:13:40 | Diag logvar_q_mean=-1.1761 logvar_q_clamp=0.0000 logvar_p_mean=-1.1761 logvar_p_clamp=0.0000
2026-08-30 01:13:43 | Epoch 391/400 | Train Loss 2.3061 Acc 0.1069 | Val Loss 2.3007 Acc 0.1129 AUC 0.5000 Pre 0.0113 Rec 0.1000
2026-08-30 01:13:44 | Diag logvar_q_mean=-1.1787 logvar_q_clamp=0.0000 logvar_p_mean=-1.1787 logvar_p_clamp=0.0000
2026-08-30 01:13:47 | Epoch 392/400 | Train Loss 2.3064 Acc 0.1052 | Val Loss 2.3008 Acc 0.1129 AUC 0.5000 Pre 0.0113 Rec 0.1000
2026-08-30 01:13:48 | Diag logvar_q_mean=-1.1812 logvar_q_clamp=0.0000 logvar_p_mean=-1.1812 logvar_p_clamp=0.0000
2026-08-30 01:13:51 | Epoch 393/400 | Train Loss 2.3060 Acc 0.1067 | Val Loss 2.3008 Acc 0.1129 AUC 0.5000 Pre 0.0113 Rec 0.1000
2026-08-30 01:13:51 | Diag logvar_q_mean=-1.1837 logvar_q_clamp=0.0000 logvar_p_mean=-1.1837 logvar_p_clamp=0.0000
2026-08-30 01:13:55 | Epoch 394/400 | Train Loss 2.3057 Acc 0.1069 | Val Loss 2.3008 Acc 0.1129 AUC 0.5000 Pre 0.0113 Rec 0.1000
2026-08-30 01:13:55 | Diag logvar_q_mean=-1.1861 logvar_q_clamp=0.0000 logvar_p_mean=-1.1861 logvar_p_clamp=0.0000
2026-08-30 01:13:58 | Epoch 395/400 | Train Loss 2.3063 Acc 0.1040 | Val Loss 2.3008 Acc 0.1129 AUC 0.5000 Pre 0.0113 Rec 0.1000
2026-08-30 01:13:59 | Diag logvar_q_mean=-1.1886 logvar_q_clamp=0.0000 logvar_p_mean=-1.1886 logvar_p_clamp=0.0000
2026-08-30 01:14:02 | Epoch 396/400 | Train Loss 2.3054 Acc 0.1083 | Val Loss 2.3007 Acc 0.1129 AUC 0.5000 Pre 0.0113 Rec 0.1000
2026-08-30 01:14:03 | Diag logvar_q_mean=-1.1909 logvar_q_clamp=0.0000 logvar_p_mean=-1.1909 logvar_p_clamp=0.0000
2026-08-30 01:14:06 | Epoch 397/400 | Train Loss 2.3061 Acc 0.1079 | Val Loss 2.3008 Acc 0.1129 AUC 0.5000 Pre 0.0113 Rec 0.1000
2026-08-30 01:14:07 | Diag logvar_q_mean=-1.1935 logvar_q_clamp=0.0000 logvar_p_mean=-1.1935 logvar_p_clamp=0.0000
2026-08-30 01:14:10 | Epoch 398/400 | Train Loss 2.3057 Acc 0.1065 | Val Loss 2.3008 Acc 0.1129 AUC 0.5000 Pre 0.0113 Rec 0.1000
2026-08-30 01:14:10 | Diag logvar_q_mean=-1.1960 logvar_q_clamp=0.0000 logvar_p_mean=-1.1959 logvar_p_clamp=0.0000
2026-08-30 01:14:14 | Epoch 399/400 | Train Loss 2.3058 Acc 0.1060 | Val Loss 2.3008 Acc 0.1129 AUC 0.5000 Pre 0.0113 Rec 0.1000
2026-08-30 01:14:14 | Diag logvar_q_mean=-1.1984 logvar_q_clamp=0.0000 logvar_p_mean=-1.1984 logvar_p_clamp=0.0000
2026-08-30 01:14:17 | Epoch 400/400 | Train Loss 2.3064 Acc 0.1024 | Val Loss 2.3008 Acc 0.1129 AUC 0.5000 Pre 0.0113 Rec 0.1000
2026-08-30 01:14:18 | Diag logvar_q_mean=-1.2010 logvar_q_clamp=0.0000 logvar_p_mean=-1.2010 logvar_p_clamp=0.0000
2026-08-30 01:14:18 | Run 2/5 | Test (best model @ Epoch 1) | Loss 2.3015 Acc 0.1135 AUC 0.5000 Pre 0.0114 Rec 0.1000
2026-08-30 01:14:18 | ===== Run 3/5 (seed 2) =====
2026-08-30 01:14:22 | Epoch   1/400 | Train Loss 2.7790 Acc 0.1019 | Val Loss 2.3021 Acc 0.1038 AUC 0.5000 Pre 0.0104 Rec 0.1000
2026-08-30 01:14:22 | Diag logvar_q_mean=0.0071 logvar_q_clamp=0.0000 logvar_p_mean=0.0071 logvar_p_clamp=0.0000
2026-08-30 01:14:22 |   Val AUC improved to 0.5000, model saved
2026-08-30 01:14:26 | Epoch   2/400 | Train Loss 2.3268 Acc 0.1008 | Val Loss 2.3013 Acc 0.1129 AUC 0.5000 Pre 0.0113 Rec 0.1000
2026-08-30 01:14:26 | Diag logvar_q_mean=0.0055 logvar_q_clamp=0.0000 logvar_p_mean=0.0055 logvar_p_clamp=0.0000
2026-08-30 01:14:29 | Epoch   3/400 | Train Loss 2.3125 Acc 0.1034 | Val Loss 2.3009 Acc 0.1129 AUC 0.5000 Pre 0.0113 Rec 0.1000
2026-08-30 01:14:30 | Diag logvar_q_mean=0.0046 logvar_q_clamp=0.0000 logvar_p_mean=0.0046 logvar_p_clamp=0.0000
2026-08-30 01:14:33 | Epoch   4/400 | Train Loss 2.3108 Acc 0.1024 | Val Loss 2.3008 Acc 0.1129 AUC 0.5000 Pre 0.0113 Rec 0.1000
2026-08-30 01:14:34 | Diag logvar_q_mean=0.0037 logvar_q_clamp=0.0000 logvar_p_mean=0.0037 logvar_p_clamp=0.0000
2026-08-30 01:14:37 | Epoch   5/400 | Train Loss 2.3106 Acc 0.1020 | Val Loss 2.3008 Acc 0.1129 AUC 0.5000 Pre 0.0113 Rec 0.1000
2026-08-30 01:14:37 | Diag logvar_q_mean=0.0027 logvar_q_clamp=0.0000 logvar_p_mean=0.0027 logvar_p_clamp=0.0000
2026-08-30 01:14:41 | Epoch   6/400 | Train Loss 2.3099 Acc 0.1025 | Val Loss 2.3007 Acc 0.1129 AUC 0.5000 Pre 0.0113 Rec 0.1000
2026-08-30 01:14:41 | Diag logvar_q_mean=0.0017 logvar_q_clamp=0.0000 logvar_p_mean=0.0017 logvar_p_clamp=0.0000
2026-08-30 01:14:45 | Epoch   7/400 | Train Loss 2.3098 Acc 0.1037 | Val Loss 2.3008 Acc 0.1129 AUC 0.5000 Pre 0.0113 Rec 0.1000
2026-08-30 01:14:45 | Diag logvar_q_mean=0.0006 logvar_q_clamp=0.0000 logvar_p_mean=0.0006 logvar_p_clamp=0.0000
2026-08-30 01:14:49 | Epoch   8/400 | Train Loss 2.3103 Acc 0.1038 | Val Loss 2.3007 Acc 0.1129 AUC 0.5000 Pre 0.0113 Rec 0.1000
2026-08-30 01:14:49 | Diag logvar_q_mean=-0.0007 logvar_q_clamp=0.0000 logvar_p_mean=-0.0007 logvar_p_clamp=0.0000
2026-08-30 01:14:52 | Epoch   9/400 | Train Loss 2.3093 Acc 0.1034 | Val Loss 2.3008 Acc 0.1129 AUC 0.5000 Pre 0.0113 Rec 0.1000
2026-08-30 01:14:53 | Diag logvar_q_mean=-0.0021 logvar_q_clamp=0.0000 logvar_p_mean=-0.0021 logvar_p_clamp=0.0000
2026-08-30 01:14:56 | Epoch  10/400 | Train Loss 2.3095 Acc 0.1049 | Val Loss 2.3008 Acc 0.1129 AUC 0.5000 Pre 0.0113 Rec 0.1000
2026-08-30 01:14:57 | Diag logvar_q_mean=-0.0036 logvar_q_clamp=0.0000 logvar_p_mean=-0.0036 logvar_p_clamp=0.0000
2026-08-30 01:15:00 | Epoch  11/400 | Train Loss 2.3099 Acc 0.1038 | Val Loss 2.3008 Acc 0.1129 AUC 0.5000 Pre 0.0113 Rec 0.1000
2026-08-30 01:15:01 | Diag logvar_q_mean=-0.0051 logvar_q_clamp=0.0000 logvar_p_mean=-0.0051 logvar_p_clamp=0.0000
2026-08-30 01:15:04 | Epoch  12/400 | Train Loss 2.3097 Acc 0.1044 | Val Loss 2.3008 Acc 0.1129 AUC 0.5000 Pre 0.0113 Rec 0.1000
2026-08-30 01:15:04 | Diag logvar_q_mean=-0.0069 logvar_q_clamp=0.0000 logvar_p_mean=-0.0069 logvar_p_clamp=0.0000
2026-08-30 01:15:08 | Epoch  13/400 | Train Loss 2.3099 Acc 0.1041 | Val Loss 2.3008 Acc 0.1129 AUC 0.5000 Pre 0.0113 Rec 0.1000
2026-08-30 01:15:08 | Diag logvar_q_mean=-0.0087 logvar_q_clamp=0.0000 logvar_p_mean=-0.0087 logvar_p_clamp=0.0000
2026-08-30 01:15:11 | Epoch  14/400 | Train Loss 2.3088 Acc 0.1050 | Val Loss 2.3007 Acc 0.1129 AUC 0.5000 Pre 0.0113 Rec 0.1000
2026-08-30 01:15:12 | Diag logvar_q_mean=-0.0106 logvar_q_clamp=0.0000 logvar_p_mean=-0.0106 logvar_p_clamp=0.0000
2026-08-30 01:15:15 | Epoch  15/400 | Train Loss 2.3103 Acc 0.1057 | Val Loss 2.3007 Acc 0.1129 AUC 0.5000 Pre 0.0113 Rec 0.1000
2026-08-30 01:15:16 | Diag logvar_q_mean=-0.0127 logvar_q_clamp=0.0000 logvar_p_mean=-0.0127 logvar_p_clamp=0.0000
2026-08-30 01:15:19 | Epoch  16/400 | Train Loss 2.3096 Acc 0.1056 | Val Loss 2.3007 Acc 0.1129 AUC 0.5000 Pre 0.0113 Rec 0.1000
2026-08-30 01:15:20 | Diag logvar_q_mean=-0.0149 logvar_q_clamp=0.0000 logvar_p_mean=-0.0149 logvar_p_clamp=0.0000
2026-08-30 01:15:23 | Epoch  17/400 | Train Loss 2.3101 Acc 0.1024 | Val Loss 2.3008 Acc 0.1129 AUC 0.5000 Pre 0.0113 Rec 0.1000
2026-08-30 01:15:23 | Diag logvar_q_mean=-0.0172 logvar_q_clamp=0.0000 logvar_p_mean=-0.0172 logvar_p_clamp=0.0000
2026-08-30 01:15:27 | Epoch  18/400 | Train Loss 2.3085 Acc 0.1042 | Val Loss 2.3008 Acc 0.1129 AUC 0.5000 Pre 0.0113 Rec 0.1000
2026-08-30 01:15:27 | Diag logvar_q_mean=-0.0194 logvar_q_clamp=0.0000 logvar_p_mean=-0.0194 logvar_p_clamp=0.0000
2026-08-30 01:15:30 | Epoch  19/400 | Train Loss 2.3102 Acc 0.1020 | Val Loss 2.3007 Acc 0.1129 AUC 0.5000 Pre 0.0113 Rec 0.1000
2026-08-30 01:15:31 | Diag logvar_q_mean=-0.0220 logvar_q_clamp=0.0000 logvar_p_mean=-0.0220 logvar_p_clamp=0.0000
2026-08-30 01:15:34 | Epoch  20/400 | Train Loss 2.3100 Acc 0.1045 | Val Loss 2.3007 Acc 0.1129 AUC 0.5000 Pre 0.0113 Rec 0.1000
2026-08-30 01:15:35 | Diag logvar_q_mean=-0.0246 logvar_q_clamp=0.0000 logvar_p_mean=-0.0246 logvar_p_clamp=0.0000
2026-08-30 01:15:38 | Epoch  21/400 | Train Loss 2.3087 Acc 0.1041 | Val Loss 2.3008 Acc 0.1129 AUC 0.5000 Pre 0.0113 Rec 0.1000
2026-08-30 01:15:39 | Diag logvar_q_mean=-0.0272 logvar_q_clamp=0.0000 logvar_p_mean=-0.0272 logvar_p_clamp=0.0000
2026-08-30 01:15:42 | Epoch  22/400 | Train Loss 2.3103 Acc 0.1036 | Val Loss 2.3007 Acc 0.1129 AUC 0.5000 Pre 0.0113 Rec 0.1000
2026-08-30 01:15:42 | Diag logvar_q_mean=-0.0302 logvar_q_clamp=0.0000 logvar_p_mean=-0.0302 logvar_p_clamp=0.0000
2026-08-30 01:15:46 | Epoch  23/400 | Train Loss 2.3103 Acc 0.1040 | Val Loss 2.3008 Acc 0.1129 AUC 0.5000 Pre 0.0113 Rec 0.1000
2026-08-30 01:15:46 | Diag logvar_q_mean=-0.0331 logvar_q_clamp=0.0000 logvar_p_mean=-0.0331 logvar_p_clamp=0.0000
2026-08-30 01:15:49 | Epoch  24/400 | Train Loss 2.3093 Acc 0.1037 | Val Loss 2.3007 Acc 0.1129 AUC 0.5000 Pre 0.0113 Rec 0.1000
2026-08-30 01:15:50 | Diag logvar_q_mean=-0.0360 logvar_q_clamp=0.0000 logvar_p_mean=-0.0360 logvar_p_clamp=0.0000
2026-08-30 01:15:53 | Epoch  25/400 | Train Loss 2.3099 Acc 0.1029 | Val Loss 2.3007 Acc 0.1129 AUC 0.5000 Pre 0.0113 Rec 0.1000
2026-08-30 01:15:54 | Diag logvar_q_mean=-0.0391 logvar_q_clamp=0.0000 logvar_p_mean=-0.0391 logvar_p_clamp=0.0000
2026-08-30 01:15:57 | Epoch  26/400 | Train Loss 2.3101 Acc 0.1019 | Val Loss 2.3007 Acc 0.1129 AUC 0.5000 Pre 0.0113 Rec 0.1000
2026-08-30 01:15:58 | Diag logvar_q_mean=-0.0424 logvar_q_clamp=0.0000 logvar_p_mean=-0.0424 logvar_p_clamp=0.0000
2026-08-30 01:16:01 | Epoch  27/400 | Train Loss 2.3098 Acc 0.1016 | Val Loss 2.3008 Acc 0.1129 AUC 0.5000 Pre 0.0113 Rec 0.1000
2026-08-30 01:16:02 | Diag logvar_q_mean=-0.0456 logvar_q_clamp=0.0000 logvar_p_mean=-0.0456 logvar_p_clamp=0.0000
2026-08-30 01:16:05 | Epoch  28/400 | Train Loss 2.3086 Acc 0.1047 | Val Loss 2.3007 Acc 0.1129 AUC 0.5000 Pre 0.0113 Rec 0.1000
2026-08-30 01:16:05 | Diag logvar_q_mean=-0.0487 logvar_q_clamp=0.0000 logvar_p_mean=-0.0487 logvar_p_clamp=0.0000
2026-08-30 01:16:09 | Epoch  29/400 | Train Loss 2.3100 Acc 0.1046 | Val Loss 2.3008 Acc 0.1129 AUC 0.5000 Pre 0.0113 Rec 0.1000
2026-08-30 01:16:09 | Diag logvar_q_mean=-0.0522 logvar_q_clamp=0.0000 logvar_p_mean=-0.0522 logvar_p_clamp=0.0000
2026-08-30 01:16:12 | Epoch  30/400 | Train Loss 2.3094 Acc 0.1057 | Val Loss 2.3007 Acc 0.1129 AUC 0.5000 Pre 0.0113 Rec 0.1000
2026-08-30 01:16:13 | Diag logvar_q_mean=-0.0556 logvar_q_clamp=0.0000 logvar_p_mean=-0.0556 logvar_p_clamp=0.0000
2026-08-30 01:16:16 | Epoch  31/400 | Train Loss 2.3100 Acc 0.1053 | Val Loss 2.3008 Acc 0.1129 AUC 0.5000 Pre 0.0113 Rec 0.1000
2026-08-30 01:16:17 | Diag logvar_q_mean=-0.0592 logvar_q_clamp=0.0000 logvar_p_mean=-0.0592 logvar_p_clamp=0.0000
2026-08-30 01:16:20 | Epoch  32/400 | Train Loss 2.3088 Acc 0.1058 | Val Loss 2.3008 Acc 0.1129 AUC 0.5000 Pre 0.0113 Rec 0.1000
2026-08-30 01:16:21 | Diag logvar_q_mean=-0.0626 logvar_q_clamp=0.0000 logvar_p_mean=-0.0626 logvar_p_clamp=0.0000
2026-08-30 01:16:24 | Epoch  33/400 | Train Loss 2.3092 Acc 0.1035 | Val Loss 2.3008 Acc 0.1129 AUC 0.5000 Pre 0.0113 Rec 0.1000
2026-08-30 01:16:25 | Diag logvar_q_mean=-0.0662 logvar_q_clamp=0.0000 logvar_p_mean=-0.0662 logvar_p_clamp=0.0000
2026-08-30 01:16:28 | Epoch  34/400 | Train Loss 2.3092 Acc 0.1053 | Val Loss 2.3008 Acc 0.1129 AUC 0.5000 Pre 0.0113 Rec 0.1000
2026-08-30 01:16:28 | Diag logvar_q_mean=-0.0699 logvar_q_clamp=0.0000 logvar_p_mean=-0.0699 logvar_p_clamp=0.0000
2026-08-30 01:16:32 | Epoch  35/400 | Train Loss 2.3096 Acc 0.1021 | Val Loss 2.3007 Acc 0.1129 AUC 0.5000 Pre 0.0113 Rec 0.1000
2026-08-30 01:16:32 | Diag logvar_q_mean=-0.0737 logvar_q_clamp=0.0000 logvar_p_mean=-0.0736 logvar_p_clamp=0.0000
2026-08-30 01:16:36 | Epoch  36/400 | Train Loss 2.3091 Acc 0.1033 | Val Loss 2.3008 Acc 0.1129 AUC 0.5000 Pre 0.0113 Rec 0.1000
2026-08-30 01:16:36 | Diag logvar_q_mean=-0.0773 logvar_q_clamp=0.0000 logvar_p_mean=-0.0773 logvar_p_clamp=0.0000
2026-08-30 01:16:40 | Epoch  37/400 | Train Loss 2.3093 Acc 0.1042 | Val Loss 2.3007 Acc 0.1129 AUC 0.5000 Pre 0.0113 Rec 0.1000
2026-08-30 01:16:40 | Diag logvar_q_mean=-0.0810 logvar_q_clamp=0.0000 logvar_p_mean=-0.0810 logvar_p_clamp=0.0000
2026-08-30 01:16:43 | Epoch  38/400 | Train Loss 2.3095 Acc 0.1049 | Val Loss 2.3007 Acc 0.1129 AUC 0.5000 Pre 0.0113 Rec 0.1000
2026-08-30 01:16:44 | Diag logvar_q_mean=-0.0848 logvar_q_clamp=0.0000 logvar_p_mean=-0.0848 logvar_p_clamp=0.0000
2026-08-30 01:16:47 | Epoch  39/400 | Train Loss 2.3092 Acc 0.1046 | Val Loss 2.3007 Acc 0.1129 AUC 0.5000 Pre 0.0113 Rec 0.1000
2026-08-30 01:16:48 | Diag logvar_q_mean=-0.0886 logvar_q_clamp=0.0000 logvar_p_mean=-0.0886 logvar_p_clamp=0.0000
2026-08-30 01:16:51 | Epoch  40/400 | Train Loss 2.3088 Acc 0.1055 | Val Loss 2.3008 Acc 0.1129 AUC 0.5000 Pre 0.0113 Rec 0.1000
2026-08-30 01:16:52 | Diag logvar_q_mean=-0.0923 logvar_q_clamp=0.0000 logvar_p_mean=-0.0923 logvar_p_clamp=0.0000
2026-08-30 01:16:55 | Epoch  41/400 | Train Loss 2.3086 Acc 0.1057 | Val Loss 2.3008 Acc 0.1129 AUC 0.5000 Pre 0.0113 Rec 0.1000
2026-08-30 01:16:55 | Diag logvar_q_mean=-0.0960 logvar_q_clamp=0.0000 logvar_p_mean=-0.0960 logvar_p_clamp=0.0000
2026-08-30 01:16:59 | Epoch  42/400 | Train Loss 2.3094 Acc 0.1009 | Val Loss 2.3008 Acc 0.1129 AUC 0.5000 Pre 0.0113 Rec 0.1000
2026-08-30 01:16:59 | Diag logvar_q_mean=-0.0999 logvar_q_clamp=0.0000 logvar_p_mean=-0.0999 logvar_p_clamp=0.0000
2026-08-30 01:17:02 | Epoch  43/400 | Train Loss 2.3101 Acc 0.1026 | Val Loss 2.3008 Acc 0.1129 AUC 0.5000 Pre 0.0113 Rec 0.1000
2026-08-30 01:17:03 | Diag logvar_q_mean=-0.1039 logvar_q_clamp=0.0000 logvar_p_mean=-0.1039 logvar_p_clamp=0.0000
2026-08-30 01:17:06 | Epoch  44/400 | Train Loss 2.3079 Acc 0.1061 | Val Loss 2.3008 Acc 0.1129 AUC 0.5000 Pre 0.0113 Rec 0.1000
2026-08-30 01:17:07 | Diag logvar_q_mean=-0.1075 logvar_q_clamp=0.0000 logvar_p_mean=-0.1075 logvar_p_clamp=0.0000
2026-08-30 01:17:10 | Epoch  45/400 | Train Loss 2.3100 Acc 0.1036 | Val Loss 2.3008 Acc 0.1129 AUC 0.5000 Pre 0.0113 Rec 0.1000
2026-08-30 01:17:11 | Diag logvar_q_mean=-0.1115 logvar_q_clamp=0.0000 logvar_p_mean=-0.1116 logvar_p_clamp=0.0000
2026-08-30 01:17:14 | Epoch  46/400 | Train Loss 2.3095 Acc 0.1027 | Val Loss 2.3008 Acc 0.1129 AUC 0.5000 Pre 0.0113 Rec 0.1000
2026-08-30 01:17:14 | Diag logvar_q_mean=-0.1154 logvar_q_clamp=0.0000 logvar_p_mean=-0.1154 logvar_p_clamp=0.0000
2026-08-30 01:17:18 | Epoch  47/400 | Train Loss 2.3105 Acc 0.1014 | Val Loss 2.3007 Acc 0.1129 AUC 0.5000 Pre 0.0113 Rec 0.1000
2026-08-30 01:17:18 | Diag logvar_q_mean=-0.1195 logvar_q_clamp=0.0000 logvar_p_mean=-0.1195 logvar_p_clamp=0.0000
2026-08-30 01:17:21 | Epoch  48/400 | Train Loss 2.3087 Acc 0.1056 | Val Loss 2.3007 Acc 0.1129 AUC 0.5000 Pre 0.0113 Rec 0.1000
2026-08-30 01:17:22 | Diag logvar_q_mean=-0.1233 logvar_q_clamp=0.0000 logvar_p_mean=-0.1232 logvar_p_clamp=0.0000
2026-08-30 01:17:25 | Epoch  49/400 | Train Loss 2.3089 Acc 0.1060 | Val Loss 2.3007 Acc 0.1129 AUC 0.5000 Pre 0.0113 Rec 0.1000
2026-08-30 01:17:26 | Diag logvar_q_mean=-0.1270 logvar_q_clamp=0.0000 logvar_p_mean=-0.1270 logvar_p_clamp=0.0000
2026-08-30 01:17:29 | Epoch  50/400 | Train Loss 2.3093 Acc 0.1045 | Val Loss 2.3008 Acc 0.1129 AUC 0.5000 Pre 0.0113 Rec 0.1000
2026-08-30 01:17:30 | Diag logvar_q_mean=-0.1309 logvar_q_clamp=0.0000 logvar_p_mean=-0.1309 logvar_p_clamp=0.0000
2026-08-30 01:17:33 | Epoch  51/400 | Train Loss 2.3090 Acc 0.1033 | Val Loss 2.3007 Acc 0.1129 AUC 0.5000 Pre 0.0113 Rec 0.1000
2026-08-30 01:17:34 | Diag logvar_q_mean=-0.1348 logvar_q_clamp=0.0000 logvar_p_mean=-0.1347 logvar_p_clamp=0.0000
2026-08-30 01:17:37 | Epoch  52/400 | Train Loss 2.3091 Acc 0.1040 | Val Loss 2.3007 Acc 0.1129 AUC 0.5000 Pre 0.0113 Rec 0.1000
2026-08-30 01:17:37 | Diag logvar_q_mean=-0.1386 logvar_q_clamp=0.0000 logvar_p_mean=-0.1387 logvar_p_clamp=0.0000
2026-08-30 01:17:41 | Epoch  53/400 | Train Loss 2.3095 Acc 0.1057 | Val Loss 2.3008 Acc 0.1129 AUC 0.5000 Pre 0.0113 Rec 0.1000
2026-08-30 01:17:41 | Diag logvar_q_mean=-0.1426 logvar_q_clamp=0.0000 logvar_p_mean=-0.1426 logvar_p_clamp=0.0000
2026-08-30 01:17:45 | Epoch  54/400 | Train Loss 2.3091 Acc 0.1028 | Val Loss 2.3008 Acc 0.1129 AUC 0.5000 Pre 0.0113 Rec 0.1000
2026-08-30 01:17:45 | Diag logvar_q_mean=-0.1464 logvar_q_clamp=0.0000 logvar_p_mean=-0.1464 logvar_p_clamp=0.0000
2026-08-30 01:17:49 | Epoch  55/400 | Train Loss 2.3090 Acc 0.1021 | Val Loss 2.3008 Acc 0.1129 AUC 0.5000 Pre 0.0113 Rec 0.1000
2026-08-30 01:17:49 | Diag logvar_q_mean=-0.1503 logvar_q_clamp=0.0000 logvar_p_mean=-0.1503 logvar_p_clamp=0.0000
2026-08-30 01:17:52 | Epoch  56/400 | Train Loss 2.3095 Acc 0.1025 | Val Loss 2.3008 Acc 0.1129 AUC 0.5000 Pre 0.0113 Rec 0.1000
2026-08-30 01:17:53 | Diag logvar_q_mean=-0.1543 logvar_q_clamp=0.0000 logvar_p_mean=-0.1543 logvar_p_clamp=0.0000
2026-08-30 01:17:56 | Epoch  57/400 | Train Loss 2.3092 Acc 0.1034 | Val Loss 2.3008 Acc 0.1129 AUC 0.5000 Pre 0.0113 Rec 0.1000
2026-08-30 01:17:57 | Diag logvar_q_mean=-0.1581 logvar_q_clamp=0.0000 logvar_p_mean=-0.1581 logvar_p_clamp=0.0000
2026-08-30 01:18:00 | Epoch  58/400 | Train Loss 2.3092 Acc 0.1033 | Val Loss 2.3008 Acc 0.1129 AUC 0.5000 Pre 0.0113 Rec 0.1000
2026-08-30 01:18:01 | Diag logvar_q_mean=-0.1619 logvar_q_clamp=0.0000 logvar_p_mean=-0.1619 logvar_p_clamp=0.0000
2026-08-30 01:18:04 | Epoch  59/400 | Train Loss 2.3090 Acc 0.1005 | Val Loss 2.3007 Acc 0.1129 AUC 0.5000 Pre 0.0113 Rec 0.1000
2026-08-30 01:18:04 | Diag logvar_q_mean=-0.1658 logvar_q_clamp=0.0000 logvar_p_mean=-0.1658 logvar_p_clamp=0.0000
2026-08-30 01:18:08 | Epoch  60/400 | Train Loss 2.3087 Acc 0.1026 | Val Loss 2.3007 Acc 0.1129 AUC 0.5000 Pre 0.0113 Rec 0.1000
2026-08-30 01:18:08 | Diag logvar_q_mean=-0.1695 logvar_q_clamp=0.0000 logvar_p_mean=-0.1695 logvar_p_clamp=0.0000
2026-08-30 01:18:12 | Epoch  61/400 | Train Loss 2.3086 Acc 0.1061 | Val Loss 2.3007 Acc 0.1129 AUC 0.5000 Pre 0.0113 Rec 0.1000
2026-08-30 01:18:12 | Diag logvar_q_mean=-0.1733 logvar_q_clamp=0.0000 logvar_p_mean=-0.1733 logvar_p_clamp=0.0000
2026-08-30 01:18:16 | Epoch  62/400 | Train Loss 2.3085 Acc 0.1068 | Val Loss 2.3007 Acc 0.1129 AUC 0.5000 Pre 0.0113 Rec 0.1000
2026-08-30 01:18:16 | Diag logvar_q_mean=-0.1772 logvar_q_clamp=0.0000 logvar_p_mean=-0.1772 logvar_p_clamp=0.0000
2026-08-30 01:18:19 | Epoch  63/400 | Train Loss 2.3093 Acc 0.1035 | Val Loss 2.3007 Acc 0.1129 AUC 0.5000 Pre 0.0113 Rec 0.1000
2026-08-30 01:18:20 | Diag logvar_q_mean=-0.1811 logvar_q_clamp=0.0000 logvar_p_mean=-0.1810 logvar_p_clamp=0.0000
2026-08-30 01:18:23 | Epoch  64/400 | Train Loss 2.3092 Acc 0.1038 | Val Loss 2.3007 Acc 0.1129 AUC 0.5000 Pre 0.0113 Rec 0.1000
2026-08-30 01:18:24 | Diag logvar_q_mean=-0.1848 logvar_q_clamp=0.0000 logvar_p_mean=-0.1848 logvar_p_clamp=0.0000
2026-08-30 01:18:27 | Epoch  65/400 | Train Loss 2.3090 Acc 0.1068 | Val Loss 2.3007 Acc 0.1129 AUC 0.5000 Pre 0.0113 Rec 0.1000
2026-08-30 01:18:28 | Diag logvar_q_mean=-0.1887 logvar_q_clamp=0.0000 logvar_p_mean=-0.1887 logvar_p_clamp=0.0000
2026-08-30 01:18:31 | Epoch  66/400 | Train Loss 2.3088 Acc 0.1038 | Val Loss 2.3008 Acc 0.1129 AUC 0.5000 Pre 0.0113 Rec 0.1000
2026-08-30 01:18:32 | Diag logvar_q_mean=-0.1924 logvar_q_clamp=0.0000 logvar_p_mean=-0.1924 logvar_p_clamp=0.0000
2026-08-30 01:18:35 | Epoch  67/400 | Train Loss 2.3093 Acc 0.1028 | Val Loss 2.3008 Acc 0.1129 AUC 0.5000 Pre 0.0113 Rec 0.1000
2026-08-30 01:18:35 | Diag logvar_q_mean=-0.1963 logvar_q_clamp=0.0000 logvar_p_mean=-0.1963 logvar_p_clamp=0.0000
2026-08-30 01:18:39 | Epoch  68/400 | Train Loss 2.3084 Acc 0.1070 | Val Loss 2.3007 Acc 0.1129 AUC 0.5000 Pre 0.0113 Rec 0.1000
2026-08-30 01:18:39 | Diag logvar_q_mean=-0.1999 logvar_q_clamp=0.0000 logvar_p_mean=-0.1999 logvar_p_clamp=0.0000
2026-08-30 01:18:42 | Epoch  69/400 | Train Loss 2.3094 Acc 0.1025 | Val Loss 2.3007 Acc 0.1129 AUC 0.5000 Pre 0.0113 Rec 0.1000
2026-08-30 01:18:43 | Diag logvar_q_mean=-0.2038 logvar_q_clamp=0.0000 logvar_p_mean=-0.2038 logvar_p_clamp=0.0000
2026-08-30 01:18:46 | Epoch  70/400 | Train Loss 2.3086 Acc 0.1049 | Val Loss 2.3008 Acc 0.1129 AUC 0.5000 Pre 0.0113 Rec 0.1000
2026-08-30 01:18:47 | Diag logvar_q_mean=-0.2076 logvar_q_clamp=0.0000 logvar_p_mean=-0.2075 logvar_p_clamp=0.0000
2026-08-30 01:18:50 | Epoch  71/400 | Train Loss 2.3083 Acc 0.1055 | Val Loss 2.3007 Acc 0.1129 AUC 0.5000 Pre 0.0113 Rec 0.1000
2026-08-30 01:18:51 | Diag logvar_q_mean=-0.2112 logvar_q_clamp=0.0000 logvar_p_mean=-0.2112 logvar_p_clamp=0.0000
2026-08-30 01:18:54 | Epoch  72/400 | Train Loss 2.3087 Acc 0.1013 | Val Loss 2.3007 Acc 0.1129 AUC 0.5000 Pre 0.0113 Rec 0.1000
2026-08-30 01:18:54 | Diag logvar_q_mean=-0.2150 logvar_q_clamp=0.0000 logvar_p_mean=-0.2150 logvar_p_clamp=0.0000
2026-08-30 01:18:58 | Epoch  73/400 | Train Loss 2.3085 Acc 0.1056 | Val Loss 2.3007 Acc 0.1129 AUC 0.5000 Pre 0.0113 Rec 0.1000
2026-08-30 01:18:58 | Diag logvar_q_mean=-0.2187 logvar_q_clamp=0.0000 logvar_p_mean=-0.2187 logvar_p_clamp=0.0000
2026-08-30 01:19:01 | Epoch  74/400 | Train Loss 2.3093 Acc 0.1040 | Val Loss 2.3008 Acc 0.1129 AUC 0.5000 Pre 0.0113 Rec 0.1000
2026-08-30 01:19:02 | Diag logvar_q_mean=-0.2226 logvar_q_clamp=0.0000 logvar_p_mean=-0.2226 logvar_p_clamp=0.0000
2026-08-30 01:19:05 | Epoch  75/400 | Train Loss 2.3090 Acc 0.1043 | Val Loss 2.3008 Acc 0.1129 AUC 0.5000 Pre 0.0113 Rec 0.1000
2026-08-30 01:19:06 | Diag logvar_q_mean=-0.2263 logvar_q_clamp=0.0000 logvar_p_mean=-0.2263 logvar_p_clamp=0.0000
2026-08-30 01:19:09 | Epoch  76/400 | Train Loss 2.3087 Acc 0.1033 | Val Loss 2.3008 Acc 0.1129 AUC 0.5000 Pre 0.0113 Rec 0.1000
2026-08-30 01:19:09 | Diag logvar_q_mean=-0.2300 logvar_q_clamp=0.0000 logvar_p_mean=-0.2300 logvar_p_clamp=0.0000
2026-08-30 01:19:13 | Epoch  77/400 | Train Loss 2.3094 Acc 0.1041 | Val Loss 2.3008 Acc 0.1129 AUC 0.5000 Pre 0.0113 Rec 0.1000
2026-08-30 01:19:13 | Diag logvar_q_mean=-0.2338 logvar_q_clamp=0.0000 logvar_p_mean=-0.2338 logvar_p_clamp=0.0000
2026-08-30 01:19:17 | Epoch  78/400 | Train Loss 2.3080 Acc 0.1060 | Val Loss 2.3008 Acc 0.1129 AUC 0.5000 Pre 0.0113 Rec 0.1000
2026-08-30 01:19:17 | Diag logvar_q_mean=-0.2374 logvar_q_clamp=0.0000 logvar_p_mean=-0.2374 logvar_p_clamp=0.0000
2026-08-30 01:19:20 | Epoch  79/400 | Train Loss 2.3087 Acc 0.1032 | Val Loss 2.3008 Acc 0.1129 AUC 0.5000 Pre 0.0113 Rec 0.1000
2026-08-30 01:19:21 | Diag logvar_q_mean=-0.2412 logvar_q_clamp=0.0000 logvar_p_mean=-0.2412 logvar_p_clamp=0.0000
2026-08-30 01:19:24 | Epoch  80/400 | Train Loss 2.3086 Acc 0.1026 | Val Loss 2.3008 Acc 0.1129 AUC 0.5000 Pre 0.0113 Rec 0.1000
2026-08-30 01:19:25 | Diag logvar_q_mean=-0.2449 logvar_q_clamp=0.0000 logvar_p_mean=-0.2449 logvar_p_clamp=0.0000
2026-08-30 01:19:28 | Epoch  81/400 | Train Loss 2.3082 Acc 0.1044 | Val Loss 2.3008 Acc 0.1129 AUC 0.5000 Pre 0.0113 Rec 0.1000
2026-08-30 01:19:28 | Diag logvar_q_mean=-0.2485 logvar_q_clamp=0.0000 logvar_p_mean=-0.2485 logvar_p_clamp=0.0000
2026-08-30 01:19:32 | Epoch  82/400 | Train Loss 2.3089 Acc 0.1037 | Val Loss 2.3008 Acc 0.1129 AUC 0.5000 Pre 0.0113 Rec 0.1000
2026-08-30 01:19:32 | Diag logvar_q_mean=-0.2522 logvar_q_clamp=0.0000 logvar_p_mean=-0.2522 logvar_p_clamp=0.0000
2026-08-30 01:19:36 | Epoch  83/400 | Train Loss 2.3090 Acc 0.1045 | Val Loss 2.3008 Acc 0.1129 AUC 0.5000 Pre 0.0113 Rec 0.1000
2026-08-30 01:19:36 | Diag logvar_q_mean=-0.2559 logvar_q_clamp=0.0000 logvar_p_mean=-0.2559 logvar_p_clamp=0.0000
2026-08-30 01:19:39 | Epoch  84/400 | Train Loss 2.3080 Acc 0.1057 | Val Loss 2.3008 Acc 0.1129 AUC 0.5000 Pre 0.0113 Rec 0.1000
2026-08-30 01:19:40 | Diag logvar_q_mean=-0.2595 logvar_q_clamp=0.0000 logvar_p_mean=-0.2595 logvar_p_clamp=0.0000
2026-08-30 01:19:43 | Epoch  85/400 | Train Loss 2.3087 Acc 0.1026 | Val Loss 2.3008 Acc 0.1129 AUC 0.5000 Pre 0.0113 Rec 0.1000
2026-08-30 01:19:44 | Diag logvar_q_mean=-0.2632 logvar_q_clamp=0.0000 logvar_p_mean=-0.2632 logvar_p_clamp=0.0000
2026-08-30 01:19:47 | Epoch  86/400 | Train Loss 2.3086 Acc 0.1025 | Val Loss 2.3008 Acc 0.1129 AUC 0.5000 Pre 0.0113 Rec 0.1000
2026-08-30 01:19:48 | Diag logvar_q_mean=-0.2669 logvar_q_clamp=0.0000 logvar_p_mean=-0.2669 logvar_p_clamp=0.0000
2026-08-30 01:19:51 | Epoch  87/400 | Train Loss 2.3081 Acc 0.1057 | Val Loss 2.3007 Acc 0.1129 AUC 0.5000 Pre 0.0113 Rec 0.1000
2026-08-30 01:19:51 | Diag logvar_q_mean=-0.2705 logvar_q_clamp=0.0000 logvar_p_mean=-0.2705 logvar_p_clamp=0.0000
2026-08-30 01:19:55 | Epoch  88/400 | Train Loss 2.3081 Acc 0.1048 | Val Loss 2.3008 Acc 0.1129 AUC 0.5000 Pre 0.0113 Rec 0.1000
2026-08-30 01:19:55 | Diag logvar_q_mean=-0.2742 logvar_q_clamp=0.0000 logvar_p_mean=-0.2742 logvar_p_clamp=0.0000
2026-08-30 01:19:59 | Epoch  89/400 | Train Loss 2.3077 Acc 0.1053 | Val Loss 2.3007 Acc 0.1129 AUC 0.5000 Pre 0.0113 Rec 0.1000
2026-08-30 01:19:59 | Diag logvar_q_mean=-0.2777 logvar_q_clamp=0.0000 logvar_p_mean=-0.2777 logvar_p_clamp=0.0000
2026-08-30 01:20:02 | Epoch  90/400 | Train Loss 2.3087 Acc 0.1057 | Val Loss 2.3008 Acc 0.1129 AUC 0.5000 Pre 0.0113 Rec 0.1000
2026-08-30 01:20:03 | Diag logvar_q_mean=-0.2814 logvar_q_clamp=0.0000 logvar_p_mean=-0.2815 logvar_p_clamp=0.0000
2026-08-30 01:20:06 | Epoch  91/400 | Train Loss 2.3093 Acc 0.1044 | Val Loss 2.3008 Acc 0.1129 AUC 0.5000 Pre 0.0113 Rec 0.1000
2026-08-30 01:20:07 | Diag logvar_q_mean=-0.2853 logvar_q_clamp=0.0000 logvar_p_mean=-0.2853 logvar_p_clamp=0.0000
2026-08-30 01:20:10 | Epoch  92/400 | Train Loss 2.3080 Acc 0.1042 | Val Loss 2.3008 Acc 0.1129 AUC 0.5000 Pre 0.0113 Rec 0.1000
2026-08-30 01:20:11 | Diag logvar_q_mean=-0.2888 logvar_q_clamp=0.0000 logvar_p_mean=-0.2888 logvar_p_clamp=0.0000
2026-08-30 01:20:14 | Epoch  93/400 | Train Loss 2.3086 Acc 0.1033 | Val Loss 2.3008 Acc 0.1129 AUC 0.5000 Pre 0.0113 Rec 0.1000
2026-08-30 01:20:14 | Diag logvar_q_mean=-0.2923 logvar_q_clamp=0.0000 logvar_p_mean=-0.2923 logvar_p_clamp=0.0000
2026-08-30 01:20:18 | Epoch  94/400 | Train Loss 2.3080 Acc 0.1044 | Val Loss 2.3008 Acc 0.1129 AUC 0.5000 Pre 0.0113 Rec 0.1000
2026-08-30 01:20:18 | Diag logvar_q_mean=-0.2958 logvar_q_clamp=0.0000 logvar_p_mean=-0.2958 logvar_p_clamp=0.0000
2026-08-30 01:20:22 | Epoch  95/400 | Train Loss 2.3087 Acc 0.1027 | Val Loss 2.3007 Acc 0.1129 AUC 0.5000 Pre 0.0113 Rec 0.1000
2026-08-30 01:20:22 | Diag logvar_q_mean=-0.2995 logvar_q_clamp=0.0000 logvar_p_mean=-0.2995 logvar_p_clamp=0.0000
2026-08-30 01:20:25 | Epoch  96/400 | Train Loss 2.3073 Acc 0.1049 | Val Loss 2.3008 Acc 0.1129 AUC 0.5000 Pre 0.0113 Rec 0.1000
2026-08-30 01:20:26 | Diag logvar_q_mean=-0.3030 logvar_q_clamp=0.0000 logvar_p_mean=-0.3030 logvar_p_clamp=0.0000
2026-08-30 01:20:29 | Epoch  97/400 | Train Loss 2.3079 Acc 0.1047 | Val Loss 2.3008 Acc 0.1129 AUC 0.5000 Pre 0.0113 Rec 0.1000
2026-08-30 01:20:30 | Diag logvar_q_mean=-0.3066 logvar_q_clamp=0.0000 logvar_p_mean=-0.3066 logvar_p_clamp=0.0000
2026-08-30 01:20:33 | Epoch  98/400 | Train Loss 2.3080 Acc 0.1041 | Val Loss 2.3008 Acc 0.1129 AUC 0.5000 Pre 0.0113 Rec 0.1000
2026-08-30 01:20:33 | Diag logvar_q_mean=-0.3102 logvar_q_clamp=0.0000 logvar_p_mean=-0.3102 logvar_p_clamp=0.0000
2026-08-30 01:20:37 | Epoch  99/400 | Train Loss 2.3090 Acc 0.1029 | Val Loss 2.3007 Acc 0.1129 AUC 0.5000 Pre 0.0113 Rec 0.1000
2026-08-30 01:20:37 | Diag logvar_q_mean=-0.3140 logvar_q_clamp=0.0000 logvar_p_mean=-0.3140 logvar_p_clamp=0.0000
2026-08-30 01:20:41 | Epoch 100/400 | Train Loss 2.3085 Acc 0.1016 | Val Loss 2.3007 Acc 0.1129 AUC 0.5000 Pre 0.0113 Rec 0.1000
2026-08-30 01:20:41 | Diag logvar_q_mean=-0.3176 logvar_q_clamp=0.0000 logvar_p_mean=-0.3176 logvar_p_clamp=0.0000
2026-08-30 01:20:44 | Epoch 101/400 | Train Loss 2.3077 Acc 0.1033 | Val Loss 2.3008 Acc 0.1129 AUC 0.5000 Pre 0.0113 Rec 0.1000
2026-08-30 01:20:45 | Diag logvar_q_mean=-0.3210 logvar_q_clamp=0.0000 logvar_p_mean=-0.3210 logvar_p_clamp=0.0000
2026-08-30 01:20:48 | Epoch 102/400 | Train Loss 2.3091 Acc 0.1038 | Val Loss 2.3008 Acc 0.1129 AUC 0.5000 Pre 0.0113 Rec 0.1000
2026-08-30 01:20:49 | Diag logvar_q_mean=-0.3245 logvar_q_clamp=0.0000 logvar_p_mean=-0.3245 logvar_p_clamp=0.0000
2026-08-30 01:20:52 | Epoch 103/400 | Train Loss 2.3088 Acc 0.1036 | Val Loss 2.3008 Acc 0.1129 AUC 0.5000 Pre 0.0113 Rec 0.1000
2026-08-30 01:20:53 | Diag logvar_q_mean=-0.3280 logvar_q_clamp=0.0000 logvar_p_mean=-0.3280 logvar_p_clamp=0.0000
2026-08-30 01:20:56 | Epoch 104/400 | Train Loss 2.3085 Acc 0.1015 | Val Loss 2.3007 Acc 0.1129 AUC 0.5000 Pre 0.0113 Rec 0.1000
2026-08-30 01:20:57 | Diag logvar_q_mean=-0.3315 logvar_q_clamp=0.0000 logvar_p_mean=-0.3316 logvar_p_clamp=0.0000
2026-08-30 01:21:00 | Epoch 105/400 | Train Loss 2.3079 Acc 0.1036 | Val Loss 2.3008 Acc 0.1129 AUC 0.5000 Pre 0.0113 Rec 0.1000
2026-08-30 01:21:00 | Diag logvar_q_mean=-0.3349 logvar_q_clamp=0.0000 logvar_p_mean=-0.3349 logvar_p_clamp=0.0000
2026-08-30 01:21:04 | Epoch 106/400 | Train Loss 2.3083 Acc 0.1050 | Val Loss 2.3008 Acc 0.1129 AUC 0.5000 Pre 0.0113 Rec 0.1000
2026-08-30 01:21:04 | Diag logvar_q_mean=-0.3385 logvar_q_clamp=0.0000 logvar_p_mean=-0.3385 logvar_p_clamp=0.0000
2026-08-30 01:21:08 | Epoch 107/400 | Train Loss 2.3078 Acc 0.1040 | Val Loss 2.3008 Acc 0.1129 AUC 0.5000 Pre 0.0113 Rec 0.1000
2026-08-30 01:21:08 | Diag logvar_q_mean=-0.3420 logvar_q_clamp=0.0000 logvar_p_mean=-0.3420 logvar_p_clamp=0.0000
2026-08-30 01:21:11 | Epoch 108/400 | Train Loss 2.3088 Acc 0.1043 | Val Loss 2.3008 Acc 0.1129 AUC 0.5000 Pre 0.0113 Rec 0.1000
2026-08-30 01:21:12 | Diag logvar_q_mean=-0.3456 logvar_q_clamp=0.0000 logvar_p_mean=-0.3456 logvar_p_clamp=0.0000
2026-08-30 01:21:15 | Epoch 109/400 | Train Loss 2.3079 Acc 0.1043 | Val Loss 2.3007 Acc 0.1129 AUC 0.5000 Pre 0.0113 Rec 0.1000
2026-08-30 01:21:16 | Diag logvar_q_mean=-0.3491 logvar_q_clamp=0.0000 logvar_p_mean=-0.3491 logvar_p_clamp=0.0000
2026-08-30 01:21:19 | Epoch 110/400 | Train Loss 2.3088 Acc 0.1027 | Val Loss 2.3008 Acc 0.1129 AUC 0.5000 Pre 0.0113 Rec 0.1000
2026-08-30 01:21:20 | Diag logvar_q_mean=-0.3528 logvar_q_clamp=0.0000 logvar_p_mean=-0.3528 logvar_p_clamp=0.0000
2026-08-30 01:21:23 | Epoch 111/400 | Train Loss 2.3069 Acc 0.1065 | Val Loss 2.3008 Acc 0.1129 AUC 0.5000 Pre 0.0113 Rec 0.1000
2026-08-30 01:21:23 | Diag logvar_q_mean=-0.3560 logvar_q_clamp=0.0000 logvar_p_mean=-0.3560 logvar_p_clamp=0.0000
2026-08-30 01:21:27 | Epoch 112/400 | Train Loss 2.3088 Acc 0.1030 | Val Loss 2.3007 Acc 0.1129 AUC 0.5000 Pre 0.0113 Rec 0.1000
2026-08-30 01:21:27 | Diag logvar_q_mean=-0.3597 logvar_q_clamp=0.0000 logvar_p_mean=-0.3597 logvar_p_clamp=0.0000
2026-08-30 01:21:31 | Epoch 113/400 | Train Loss 2.3089 Acc 0.1039 | Val Loss 2.3007 Acc 0.1129 AUC 0.5000 Pre 0.0113 Rec 0.1000
2026-08-30 01:21:31 | Diag logvar_q_mean=-0.3633 logvar_q_clamp=0.0000 logvar_p_mean=-0.3633 logvar_p_clamp=0.0000
2026-08-30 01:21:35 | Epoch 114/400 | Train Loss 2.3085 Acc 0.1045 | Val Loss 2.3007 Acc 0.1129 AUC 0.5000 Pre 0.0113 Rec 0.1000
2026-08-30 01:21:35 | Diag logvar_q_mean=-0.3669 logvar_q_clamp=0.0000 logvar_p_mean=-0.3669 logvar_p_clamp=0.0000
2026-08-30 01:21:39 | Epoch 115/400 | Train Loss 2.3082 Acc 0.1046 | Val Loss 2.3008 Acc 0.1129 AUC 0.5000 Pre 0.0113 Rec 0.1000
2026-08-30 01:21:39 | Diag logvar_q_mean=-0.3703 logvar_q_clamp=0.0000 logvar_p_mean=-0.3703 logvar_p_clamp=0.0000
2026-08-30 01:21:42 | Epoch 116/400 | Train Loss 2.3072 Acc 0.1044 | Val Loss 2.3007 Acc 0.1129 AUC 0.5000 Pre 0.0113 Rec 0.1000
2026-08-30 01:21:43 | Diag logvar_q_mean=-0.3737 logvar_q_clamp=0.0000 logvar_p_mean=-0.3737 logvar_p_clamp=0.0000
2026-08-30 01:21:46 | Epoch 117/400 | Train Loss 2.3086 Acc 0.1031 | Val Loss 2.3008 Acc 0.1129 AUC 0.5000 Pre 0.0113 Rec 0.1000
2026-08-30 01:21:47 | Diag logvar_q_mean=-0.3772 logvar_q_clamp=0.0000 logvar_p_mean=-0.3772 logvar_p_clamp=0.0000
2026-08-30 01:21:50 | Epoch 118/400 | Train Loss 2.3088 Acc 0.1028 | Val Loss 2.3008 Acc 0.1129 AUC 0.5000 Pre 0.0113 Rec 0.1000
2026-08-30 01:21:51 | Diag logvar_q_mean=-0.3810 logvar_q_clamp=0.0000 logvar_p_mean=-0.3810 logvar_p_clamp=0.0000
2026-08-30 01:21:54 | Epoch 119/400 | Train Loss 2.3088 Acc 0.1026 | Val Loss 2.3008 Acc 0.1129 AUC 0.5000 Pre 0.0113 Rec 0.1000
2026-08-30 01:21:55 | Diag logvar_q_mean=-0.3845 logvar_q_clamp=0.0000 logvar_p_mean=-0.3845 logvar_p_clamp=0.0000
2026-08-30 01:21:58 | Epoch 120/400 | Train Loss 2.3075 Acc 0.1036 | Val Loss 2.3008 Acc 0.1129 AUC 0.5000 Pre 0.0113 Rec 0.1000
2026-08-30 01:21:58 | Diag logvar_q_mean=-0.3879 logvar_q_clamp=0.0000 logvar_p_mean=-0.3879 logvar_p_clamp=0.0000
2026-08-30 01:22:02 | Epoch 121/400 | Train Loss 2.3069 Acc 0.1065 | Val Loss 2.3007 Acc 0.1129 AUC 0.5000 Pre 0.0113 Rec 0.1000
2026-08-30 01:22:02 | Diag logvar_q_mean=-0.3911 logvar_q_clamp=0.0000 logvar_p_mean=-0.3911 logvar_p_clamp=0.0000
2026-08-30 01:22:06 | Epoch 122/400 | Train Loss 2.3087 Acc 0.1023 | Val Loss 2.3007 Acc 0.1129 AUC 0.5000 Pre 0.0113 Rec 0.1000
2026-08-30 01:22:06 | Diag logvar_q_mean=-0.3948 logvar_q_clamp=0.0000 logvar_p_mean=-0.3948 logvar_p_clamp=0.0000
2026-08-30 01:22:10 | Epoch 123/400 | Train Loss 2.3083 Acc 0.1047 | Val Loss 2.3007 Acc 0.1129 AUC 0.5000 Pre 0.0113 Rec 0.1000
2026-08-30 01:22:10 | Diag logvar_q_mean=-0.3984 logvar_q_clamp=0.0000 logvar_p_mean=-0.3984 logvar_p_clamp=0.0000
2026-08-30 01:22:13 | Epoch 124/400 | Train Loss 2.3084 Acc 0.1049 | Val Loss 2.3008 Acc 0.1129 AUC 0.5000 Pre 0.0113 Rec 0.1000
2026-08-30 01:22:14 | Diag logvar_q_mean=-0.4020 logvar_q_clamp=0.0000 logvar_p_mean=-0.4020 logvar_p_clamp=0.0000
2026-08-30 01:22:17 | Epoch 125/400 | Train Loss 2.3083 Acc 0.1047 | Val Loss 2.3007 Acc 0.1129 AUC 0.5000 Pre 0.0113 Rec 0.1000
2026-08-30 01:22:18 | Diag logvar_q_mean=-0.4055 logvar_q_clamp=0.0000 logvar_p_mean=-0.4055 logvar_p_clamp=0.0000
2026-08-30 01:22:21 | Epoch 126/400 | Train Loss 2.3080 Acc 0.1033 | Val Loss 2.3008 Acc 0.1129 AUC 0.5000 Pre 0.0113 Rec 0.1000
2026-08-30 01:22:22 | Diag logvar_q_mean=-0.4089 logvar_q_clamp=0.0000 logvar_p_mean=-0.4089 logvar_p_clamp=0.0000
2026-08-30 01:22:25 | Epoch 127/400 | Train Loss 2.3085 Acc 0.1023 | Val Loss 2.3008 Acc 0.1129 AUC 0.5000 Pre 0.0113 Rec 0.1000
2026-08-30 01:22:25 | Diag logvar_q_mean=-0.4125 logvar_q_clamp=0.0000 logvar_p_mean=-0.4125 logvar_p_clamp=0.0000
2026-08-30 01:22:29 | Epoch 128/400 | Train Loss 2.3078 Acc 0.1075 | Val Loss 2.3007 Acc 0.1129 AUC 0.5000 Pre 0.0113 Rec 0.1000
2026-08-30 01:22:29 | Diag logvar_q_mean=-0.4159 logvar_q_clamp=0.0000 logvar_p_mean=-0.4159 logvar_p_clamp=0.0000
2026-08-30 01:22:33 | Epoch 129/400 | Train Loss 2.3079 Acc 0.1040 | Val Loss 2.3008 Acc 0.1129 AUC 0.5000 Pre 0.0113 Rec 0.1000
2026-08-30 01:22:33 | Diag logvar_q_mean=-0.4193 logvar_q_clamp=0.0000 logvar_p_mean=-0.4193 logvar_p_clamp=0.0000
2026-08-30 01:22:36 | Epoch 130/400 | Train Loss 2.3077 Acc 0.1053 | Val Loss 2.3008 Acc 0.1129 AUC 0.5000 Pre 0.0113 Rec 0.1000
2026-08-30 01:22:37 | Diag logvar_q_mean=-0.4227 logvar_q_clamp=0.0000 logvar_p_mean=-0.4227 logvar_p_clamp=0.0000
2026-08-30 01:22:40 | Epoch 131/400 | Train Loss 2.3080 Acc 0.1047 | Val Loss 2.3007 Acc 0.1129 AUC 0.5000 Pre 0.0113 Rec 0.1000
2026-08-30 01:22:41 | Diag logvar_q_mean=-0.4261 logvar_q_clamp=0.0000 logvar_p_mean=-0.4261 logvar_p_clamp=0.0000
2026-08-30 01:22:44 | Epoch 132/400 | Train Loss 2.3079 Acc 0.1042 | Val Loss 2.3008 Acc 0.1129 AUC 0.5000 Pre 0.0113 Rec 0.1000
2026-08-30 01:22:45 | Diag logvar_q_mean=-0.4296 logvar_q_clamp=0.0000 logvar_p_mean=-0.4296 logvar_p_clamp=0.0000
2026-08-30 01:22:48 | Epoch 133/400 | Train Loss 2.3077 Acc 0.1041 | Val Loss 2.3007 Acc 0.1129 AUC 0.5000 Pre 0.0113 Rec 0.1000
2026-08-30 01:22:49 | Diag logvar_q_mean=-0.4331 logvar_q_clamp=0.0000 logvar_p_mean=-0.4331 logvar_p_clamp=0.0000
2026-08-30 01:22:52 | Epoch 134/400 | Train Loss 2.3080 Acc 0.1045 | Val Loss 2.3008 Acc 0.1129 AUC 0.5000 Pre 0.0113 Rec 0.1000
2026-08-30 01:22:52 | Diag logvar_q_mean=-0.4365 logvar_q_clamp=0.0000 logvar_p_mean=-0.4365 logvar_p_clamp=0.0000
2026-08-30 01:22:56 | Epoch 135/400 | Train Loss 2.3086 Acc 0.1030 | Val Loss 2.3008 Acc 0.1129 AUC 0.5000 Pre 0.0113 Rec 0.1000
2026-08-30 01:22:56 | Diag logvar_q_mean=-0.4400 logvar_q_clamp=0.0000 logvar_p_mean=-0.4400 logvar_p_clamp=0.0000
2026-08-30 01:23:00 | Epoch 136/400 | Train Loss 2.3079 Acc 0.1027 | Val Loss 2.3008 Acc 0.1129 AUC 0.5000 Pre 0.0113 Rec 0.1000
2026-08-30 01:23:00 | Diag logvar_q_mean=-0.4434 logvar_q_clamp=0.0000 logvar_p_mean=-0.4435 logvar_p_clamp=0.0000
2026-08-30 01:23:03 | Epoch 137/400 | Train Loss 2.3081 Acc 0.1051 | Val Loss 2.3008 Acc 0.1129 AUC 0.5000 Pre 0.0113 Rec 0.1000
2026-08-30 01:23:04 | Diag logvar_q_mean=-0.4469 logvar_q_clamp=0.0000 logvar_p_mean=-0.4469 logvar_p_clamp=0.0000
2026-08-30 01:23:07 | Epoch 138/400 | Train Loss 2.3078 Acc 0.1037 | Val Loss 2.3008 Acc 0.1129 AUC 0.5000 Pre 0.0113 Rec 0.1000
2026-08-30 01:23:08 | Diag logvar_q_mean=-0.4503 logvar_q_clamp=0.0000 logvar_p_mean=-0.4503 logvar_p_clamp=0.0000
2026-08-30 01:23:11 | Epoch 139/400 | Train Loss 2.3075 Acc 0.1053 | Val Loss 2.3008 Acc 0.1129 AUC 0.5000 Pre 0.0113 Rec 0.1000
2026-08-30 01:23:11 | Diag logvar_q_mean=-0.4536 logvar_q_clamp=0.0000 logvar_p_mean=-0.4536 logvar_p_clamp=0.0000
2026-08-30 01:23:15 | Epoch 140/400 | Train Loss 2.3079 Acc 0.1028 | Val Loss 2.3008 Acc 0.1129 AUC 0.5000 Pre 0.0113 Rec 0.1000
2026-08-30 01:23:15 | Diag logvar_q_mean=-0.4570 logvar_q_clamp=0.0000 logvar_p_mean=-0.4570 logvar_p_clamp=0.0000
2026-08-30 01:23:19 | Epoch 141/400 | Train Loss 2.3080 Acc 0.1065 | Val Loss 2.3008 Acc 0.1129 AUC 0.5000 Pre 0.0113 Rec 0.1000
2026-08-30 01:23:19 | Diag logvar_q_mean=-0.4604 logvar_q_clamp=0.0000 logvar_p_mean=-0.4604 logvar_p_clamp=0.0000
2026-08-30 01:23:23 | Epoch 142/400 | Train Loss 2.3085 Acc 0.1025 | Val Loss 2.3007 Acc 0.1129 AUC 0.5000 Pre 0.0113 Rec 0.1000
2026-08-30 01:23:23 | Diag logvar_q_mean=-0.4639 logvar_q_clamp=0.0000 logvar_p_mean=-0.4639 logvar_p_clamp=0.0000
2026-08-30 01:23:26 | Epoch 143/400 | Train Loss 2.3079 Acc 0.1038 | Val Loss 2.3009 Acc 0.1129 AUC 0.5000 Pre 0.0113 Rec 0.1000
2026-08-30 01:23:27 | Diag logvar_q_mean=-0.4672 logvar_q_clamp=0.0000 logvar_p_mean=-0.4673 logvar_p_clamp=0.0000
2026-08-30 01:23:30 | Epoch 144/400 | Train Loss 2.3083 Acc 0.1032 | Val Loss 2.3007 Acc 0.1129 AUC 0.5000 Pre 0.0113 Rec 0.1000
2026-08-30 01:23:31 | Diag logvar_q_mean=-0.4706 logvar_q_clamp=0.0000 logvar_p_mean=-0.4706 logvar_p_clamp=0.0000
2026-08-30 01:23:34 | Epoch 145/400 | Train Loss 2.3078 Acc 0.1044 | Val Loss 2.3008 Acc 0.1129 AUC 0.5000 Pre 0.0113 Rec 0.1000
2026-08-30 01:23:35 | Diag logvar_q_mean=-0.4739 logvar_q_clamp=0.0000 logvar_p_mean=-0.4739 logvar_p_clamp=0.0000
2026-08-30 01:23:38 | Epoch 146/400 | Train Loss 2.3078 Acc 0.1052 | Val Loss 2.3008 Acc 0.1129 AUC 0.5000 Pre 0.0113 Rec 0.1000
2026-08-30 01:23:38 | Diag logvar_q_mean=-0.4771 logvar_q_clamp=0.0000 logvar_p_mean=-0.4771 logvar_p_clamp=0.0000
2026-08-30 01:23:42 | Epoch 147/400 | Train Loss 2.3082 Acc 0.1029 | Val Loss 2.3008 Acc 0.1129 AUC 0.5000 Pre 0.0113 Rec 0.1000
2026-08-30 01:23:42 | Diag logvar_q_mean=-0.4805 logvar_q_clamp=0.0000 logvar_p_mean=-0.4805 logvar_p_clamp=0.0000
2026-08-30 01:23:45 | Epoch 148/400 | Train Loss 2.3080 Acc 0.1031 | Val Loss 2.3008 Acc 0.1129 AUC 0.5000 Pre 0.0113 Rec 0.1000
2026-08-30 01:23:46 | Diag logvar_q_mean=-0.4838 logvar_q_clamp=0.0000 logvar_p_mean=-0.4838 logvar_p_clamp=0.0000
2026-08-30 01:23:49 | Epoch 149/400 | Train Loss 2.3081 Acc 0.1054 | Val Loss 2.3008 Acc 0.1129 AUC 0.5000 Pre 0.0113 Rec 0.1000
2026-08-30 01:23:49 | Diag logvar_q_mean=-0.4872 logvar_q_clamp=0.0000 logvar_p_mean=-0.4872 logvar_p_clamp=0.0000
2026-08-30 01:23:53 | Epoch 150/400 | Train Loss 2.3084 Acc 0.1038 | Val Loss 2.3008 Acc 0.1129 AUC 0.5000 Pre 0.0113 Rec 0.1000
2026-08-30 01:23:53 | Diag logvar_q_mean=-0.4907 logvar_q_clamp=0.0000 logvar_p_mean=-0.4907 logvar_p_clamp=0.0000
2026-08-30 01:23:56 | Epoch 151/400 | Train Loss 2.3071 Acc 0.1065 | Val Loss 2.3007 Acc 0.1129 AUC 0.5000 Pre 0.0113 Rec 0.1000
2026-08-30 01:23:57 | Diag logvar_q_mean=-0.4938 logvar_q_clamp=0.0000 logvar_p_mean=-0.4938 logvar_p_clamp=0.0000
2026-08-30 01:24:00 | Epoch 152/400 | Train Loss 2.3079 Acc 0.1035 | Val Loss 2.3008 Acc 0.1129 AUC 0.5000 Pre 0.0113 Rec 0.1000
2026-08-30 01:24:00 | Diag logvar_q_mean=-0.4972 logvar_q_clamp=0.0000 logvar_p_mean=-0.4972 logvar_p_clamp=0.0000
2026-08-30 01:24:04 | Epoch 153/400 | Train Loss 2.3078 Acc 0.1050 | Val Loss 2.3007 Acc 0.1129 AUC 0.5000 Pre 0.0113 Rec 0.1000
2026-08-30 01:24:04 | Diag logvar_q_mean=-0.5006 logvar_q_clamp=0.0000 logvar_p_mean=-0.5006 logvar_p_clamp=0.0000
2026-08-30 01:24:08 | Epoch 154/400 | Train Loss 2.3082 Acc 0.1037 | Val Loss 2.3007 Acc 0.1129 AUC 0.5000 Pre 0.0113 Rec 0.1000
2026-08-30 01:24:08 | Diag logvar_q_mean=-0.5040 logvar_q_clamp=0.0000 logvar_p_mean=-0.5040 logvar_p_clamp=0.0000
2026-08-30 01:24:11 | Epoch 155/400 | Train Loss 2.3081 Acc 0.1034 | Val Loss 2.3008 Acc 0.1129 AUC 0.5000 Pre 0.0113 Rec 0.1000
2026-08-30 01:24:12 | Diag logvar_q_mean=-0.5074 logvar_q_clamp=0.0000 logvar_p_mean=-0.5074 logvar_p_clamp=0.0000
2026-08-30 01:24:15 | Epoch 156/400 | Train Loss 2.3081 Acc 0.1053 | Val Loss 2.3007 Acc 0.1129 AUC 0.5000 Pre 0.0113 Rec 0.1000
2026-08-30 01:24:16 | Diag logvar_q_mean=-0.5108 logvar_q_clamp=0.0000 logvar_p_mean=-0.5108 logvar_p_clamp=0.0000
2026-08-30 01:24:19 | Epoch 157/400 | Train Loss 2.3073 Acc 0.1033 | Val Loss 2.3007 Acc 0.1129 AUC 0.5000 Pre 0.0113 Rec 0.1000
2026-08-30 01:24:20 | Diag logvar_q_mean=-0.5140 logvar_q_clamp=0.0000 logvar_p_mean=-0.5140 logvar_p_clamp=0.0000
2026-08-30 01:24:23 | Epoch 158/400 | Train Loss 2.3070 Acc 0.1063 | Val Loss 2.3007 Acc 0.1129 AUC 0.5000 Pre 0.0113 Rec 0.1000
2026-08-30 01:24:23 | Diag logvar_q_mean=-0.5172 logvar_q_clamp=0.0000 logvar_p_mean=-0.5172 logvar_p_clamp=0.0000
2026-08-30 01:24:27 | Epoch 159/400 | Train Loss 2.3078 Acc 0.1049 | Val Loss 2.3008 Acc 0.1129 AUC 0.5000 Pre 0.0113 Rec 0.1000
2026-08-30 01:24:27 | Diag logvar_q_mean=-0.5206 logvar_q_clamp=0.0000 logvar_p_mean=-0.5205 logvar_p_clamp=0.0000
2026-08-30 01:24:31 | Epoch 160/400 | Train Loss 2.3080 Acc 0.1030 | Val Loss 2.3008 Acc 0.1129 AUC 0.5000 Pre 0.0113 Rec 0.1000
2026-08-30 01:24:31 | Diag logvar_q_mean=-0.5240 logvar_q_clamp=0.0000 logvar_p_mean=-0.5240 logvar_p_clamp=0.0000
2026-08-30 01:24:34 | Epoch 161/400 | Train Loss 2.3076 Acc 0.1053 | Val Loss 2.3008 Acc 0.1129 AUC 0.5000 Pre 0.0113 Rec 0.1000
2026-08-30 01:24:35 | Diag logvar_q_mean=-0.5272 logvar_q_clamp=0.0000 logvar_p_mean=-0.5272 logvar_p_clamp=0.0000
2026-08-30 01:24:38 | Epoch 162/400 | Train Loss 2.3077 Acc 0.1050 | Val Loss 2.3008 Acc 0.1129 AUC 0.5000 Pre 0.0113 Rec 0.1000
2026-08-30 01:24:39 | Diag logvar_q_mean=-0.5305 logvar_q_clamp=0.0000 logvar_p_mean=-0.5305 logvar_p_clamp=0.0000
2026-08-30 01:24:42 | Epoch 163/400 | Train Loss 2.3077 Acc 0.1037 | Val Loss 2.3007 Acc 0.1129 AUC 0.5000 Pre 0.0113 Rec 0.1000
2026-08-30 01:24:42 | Diag logvar_q_mean=-0.5337 logvar_q_clamp=0.0000 logvar_p_mean=-0.5337 logvar_p_clamp=0.0000
2026-08-30 01:24:46 | Epoch 164/400 | Train Loss 2.3081 Acc 0.1058 | Val Loss 2.3008 Acc 0.1129 AUC 0.5000 Pre 0.0113 Rec 0.1000
2026-08-30 01:24:46 | Diag logvar_q_mean=-0.5372 logvar_q_clamp=0.0000 logvar_p_mean=-0.5372 logvar_p_clamp=0.0000
2026-08-30 01:24:50 | Epoch 165/400 | Train Loss 2.3073 Acc 0.1063 | Val Loss 2.3008 Acc 0.1129 AUC 0.5000 Pre 0.0113 Rec 0.1000
2026-08-30 01:24:50 | Diag logvar_q_mean=-0.5404 logvar_q_clamp=0.0000 logvar_p_mean=-0.5404 logvar_p_clamp=0.0000
2026-08-30 01:24:53 | Epoch 166/400 | Train Loss 2.3085 Acc 0.1026 | Val Loss 2.3007 Acc 0.1129 AUC 0.5000 Pre 0.0113 Rec 0.1000
2026-08-30 01:24:54 | Diag logvar_q_mean=-0.5438 logvar_q_clamp=0.0000 logvar_p_mean=-0.5438 logvar_p_clamp=0.0000
2026-08-30 01:24:57 | Epoch 167/400 | Train Loss 2.3070 Acc 0.1058 | Val Loss 2.3008 Acc 0.1129 AUC 0.5000 Pre 0.0113 Rec 0.1000
2026-08-30 01:24:58 | Diag logvar_q_mean=-0.5470 logvar_q_clamp=0.0000 logvar_p_mean=-0.5470 logvar_p_clamp=0.0000
2026-08-30 01:25:01 | Epoch 168/400 | Train Loss 2.3077 Acc 0.1045 | Val Loss 2.3008 Acc 0.1129 AUC 0.5000 Pre 0.0113 Rec 0.1000
2026-08-30 01:25:02 | Diag logvar_q_mean=-0.5502 logvar_q_clamp=0.0000 logvar_p_mean=-0.5502 logvar_p_clamp=0.0000
2026-08-30 01:25:05 | Epoch 169/400 | Train Loss 2.3083 Acc 0.1031 | Val Loss 2.3008 Acc 0.1129 AUC 0.5000 Pre 0.0113 Rec 0.1000
2026-08-30 01:25:05 | Diag logvar_q_mean=-0.5536 logvar_q_clamp=0.0000 logvar_p_mean=-0.5537 logvar_p_clamp=0.0000
2026-08-30 01:25:09 | Epoch 170/400 | Train Loss 2.3082 Acc 0.1034 | Val Loss 2.3007 Acc 0.1129 AUC 0.5000 Pre 0.0113 Rec 0.1000
2026-08-30 01:25:09 | Diag logvar_q_mean=-0.5570 logvar_q_clamp=0.0000 logvar_p_mean=-0.5570 logvar_p_clamp=0.0000
2026-08-30 01:25:12 | Epoch 171/400 | Train Loss 2.3086 Acc 0.1041 | Val Loss 2.3008 Acc 0.1129 AUC 0.5000 Pre 0.0113 Rec 0.1000
2026-08-30 01:25:13 | Diag logvar_q_mean=-0.5595 logvar_q_clamp=0.0000 logvar_p_mean=-0.5595 logvar_p_clamp=0.0000
2026-08-30 01:25:16 | Epoch 172/400 | Train Loss 2.3074 Acc 0.1045 | Val Loss 2.3007 Acc 0.1129 AUC 0.5000 Pre 0.0113 Rec 0.1000
2026-08-30 01:25:17 | Diag logvar_q_mean=-0.5624 logvar_q_clamp=0.0000 logvar_p_mean=-0.5624 logvar_p_clamp=0.0000
2026-08-30 01:25:20 | Epoch 173/400 | Train Loss 2.3076 Acc 0.1028 | Val Loss 2.3007 Acc 0.1129 AUC 0.5000 Pre 0.0113 Rec 0.1000
2026-08-30 01:25:21 | Diag logvar_q_mean=-0.5654 logvar_q_clamp=0.0000 logvar_p_mean=-0.5654 logvar_p_clamp=0.0000
2026-08-30 01:25:24 | Epoch 174/400 | Train Loss 2.3077 Acc 0.1048 | Val Loss 2.3007 Acc 0.1129 AUC 0.5000 Pre 0.0113 Rec 0.1000
2026-08-30 01:25:24 | Diag logvar_q_mean=-0.5685 logvar_q_clamp=0.0000 logvar_p_mean=-0.5685 logvar_p_clamp=0.0000
2026-08-30 01:25:28 | Epoch 175/400 | Train Loss 2.3078 Acc 0.1026 | Val Loss 2.3007 Acc 0.1129 AUC 0.5000 Pre 0.0113 Rec 0.1000
2026-08-30 01:25:28 | Diag logvar_q_mean=-0.5717 logvar_q_clamp=0.0000 logvar_p_mean=-0.5717 logvar_p_clamp=0.0000
2026-08-30 01:25:32 | Epoch 176/400 | Train Loss 2.3068 Acc 0.1071 | Val Loss 2.3008 Acc 0.1129 AUC 0.5000 Pre 0.0113 Rec 0.1000
2026-08-30 01:25:32 | Diag logvar_q_mean=-0.5746 logvar_q_clamp=0.0000 logvar_p_mean=-0.5746 logvar_p_clamp=0.0000
2026-08-30 01:25:35 | Epoch 177/400 | Train Loss 2.3081 Acc 0.1020 | Val Loss 2.3007 Acc 0.1129 AUC 0.5000 Pre 0.0113 Rec 0.1000
2026-08-30 01:25:36 | Diag logvar_q_mean=-0.5779 logvar_q_clamp=0.0000 logvar_p_mean=-0.5779 logvar_p_clamp=0.0000
2026-08-30 01:25:39 | Epoch 178/400 | Train Loss 2.3081 Acc 0.1036 | Val Loss 2.3007 Acc 0.1129 AUC 0.5000 Pre 0.0113 Rec 0.1000
2026-08-30 01:25:40 | Diag logvar_q_mean=-0.5811 logvar_q_clamp=0.0000 logvar_p_mean=-0.5811 logvar_p_clamp=0.0000
2026-08-30 01:25:43 | Epoch 179/400 | Train Loss 2.3075 Acc 0.1046 | Val Loss 2.3007 Acc 0.1129 AUC 0.5000 Pre 0.0113 Rec 0.1000
2026-08-30 01:25:44 | Diag logvar_q_mean=-0.5842 logvar_q_clamp=0.0000 logvar_p_mean=-0.5842 logvar_p_clamp=0.0000
2026-08-30 01:25:47 | Epoch 180/400 | Train Loss 2.3080 Acc 0.1049 | Val Loss 2.3008 Acc 0.1129 AUC 0.5000 Pre 0.0113 Rec 0.1000
2026-08-30 01:25:48 | Diag logvar_q_mean=-0.5875 logvar_q_clamp=0.0000 logvar_p_mean=-0.5875 logvar_p_clamp=0.0000
2026-08-30 01:25:51 | Epoch 181/400 | Train Loss 2.3065 Acc 0.1046 | Val Loss 2.3007 Acc 0.1129 AUC 0.5000 Pre 0.0113 Rec 0.1000
2026-08-30 01:25:51 | Diag logvar_q_mean=-0.5905 logvar_q_clamp=0.0000 logvar_p_mean=-0.5905 logvar_p_clamp=0.0000
2026-08-30 01:25:55 | Epoch 182/400 | Train Loss 2.3078 Acc 0.1040 | Val Loss 2.3008 Acc 0.1129 AUC 0.5000 Pre 0.0113 Rec 0.1000
2026-08-30 01:25:55 | Diag logvar_q_mean=-0.5937 logvar_q_clamp=0.0000 logvar_p_mean=-0.5937 logvar_p_clamp=0.0000
2026-08-30 01:25:59 | Epoch 183/400 | Train Loss 2.3076 Acc 0.1057 | Val Loss 2.3008 Acc 0.1129 AUC 0.5000 Pre 0.0113 Rec 0.1000
2026-08-30 01:25:59 | Diag logvar_q_mean=-0.5970 logvar_q_clamp=0.0000 logvar_p_mean=-0.5970 logvar_p_clamp=0.0000
2026-08-30 01:26:02 | Epoch 184/400 | Train Loss 2.3078 Acc 0.1068 | Val Loss 2.3007 Acc 0.1129 AUC 0.5000 Pre 0.0113 Rec 0.1000
2026-08-30 01:26:03 | Diag logvar_q_mean=-0.6002 logvar_q_clamp=0.0000 logvar_p_mean=-0.6002 logvar_p_clamp=0.0000
2026-08-30 01:26:06 | Epoch 185/400 | Train Loss 2.3076 Acc 0.1059 | Val Loss 2.3008 Acc 0.1129 AUC 0.5000 Pre 0.0113 Rec 0.1000
2026-08-30 01:26:07 | Diag logvar_q_mean=-0.6034 logvar_q_clamp=0.0000 logvar_p_mean=-0.6034 logvar_p_clamp=0.0000
2026-08-30 01:26:10 | Epoch 186/400 | Train Loss 2.3073 Acc 0.1033 | Val Loss 2.3008 Acc 0.1129 AUC 0.5000 Pre 0.0113 Rec 0.1000
2026-08-30 01:26:11 | Diag logvar_q_mean=-0.6065 logvar_q_clamp=0.0000 logvar_p_mean=-0.6065 logvar_p_clamp=0.0000
2026-08-30 01:26:14 | Epoch 187/400 | Train Loss 2.3065 Acc 0.1039 | Val Loss 2.3007 Acc 0.1129 AUC 0.5000 Pre 0.0113 Rec 0.1000
2026-08-30 01:26:15 | Diag logvar_q_mean=-0.6096 logvar_q_clamp=0.0000 logvar_p_mean=-0.6096 logvar_p_clamp=0.0000
2026-08-30 01:26:18 | Epoch 188/400 | Train Loss 2.3081 Acc 0.1024 | Val Loss 2.3007 Acc 0.1129 AUC 0.5000 Pre 0.0113 Rec 0.1000
2026-08-30 01:26:18 | Diag logvar_q_mean=-0.6130 logvar_q_clamp=0.0000 logvar_p_mean=-0.6130 logvar_p_clamp=0.0000
2026-08-30 01:26:22 | Epoch 189/400 | Train Loss 2.3073 Acc 0.1039 | Val Loss 2.3007 Acc 0.1129 AUC 0.5000 Pre 0.0113 Rec 0.1000
2026-08-30 01:26:22 | Diag logvar_q_mean=-0.6161 logvar_q_clamp=0.0000 logvar_p_mean=-0.6161 logvar_p_clamp=0.0000
2026-08-30 01:26:25 | Epoch 190/400 | Train Loss 2.3080 Acc 0.1042 | Val Loss 2.3008 Acc 0.1129 AUC 0.5000 Pre 0.0113 Rec 0.1000
2026-08-30 01:26:26 | Diag logvar_q_mean=-0.6195 logvar_q_clamp=0.0000 logvar_p_mean=-0.6195 logvar_p_clamp=0.0000
2026-08-30 01:26:29 | Epoch 191/400 | Train Loss 2.3071 Acc 0.1031 | Val Loss 2.3008 Acc 0.1129 AUC 0.5000 Pre 0.0113 Rec 0.1000
2026-08-30 01:26:30 | Diag logvar_q_mean=-0.6225 logvar_q_clamp=0.0000 logvar_p_mean=-0.6225 logvar_p_clamp=0.0000
2026-08-30 01:26:33 | Epoch 192/400 | Train Loss 2.3069 Acc 0.1056 | Val Loss 2.3007 Acc 0.1129 AUC 0.5000 Pre 0.0113 Rec 0.1000
2026-08-30 01:26:34 | Diag logvar_q_mean=-0.6256 logvar_q_clamp=0.0000 logvar_p_mean=-0.6256 logvar_p_clamp=0.0000
2026-08-30 01:26:37 | Epoch 193/400 | Train Loss 2.3070 Acc 0.1059 | Val Loss 2.3008 Acc 0.1129 AUC 0.5000 Pre 0.0113 Rec 0.1000
2026-08-30 01:26:38 | Diag logvar_q_mean=-0.6288 logvar_q_clamp=0.0000 logvar_p_mean=-0.6287 logvar_p_clamp=0.0000
2026-08-30 01:26:41 | Epoch 194/400 | Train Loss 2.3074 Acc 0.1063 | Val Loss 2.3008 Acc 0.1129 AUC 0.5000 Pre 0.0113 Rec 0.1000
2026-08-30 01:26:41 | Diag logvar_q_mean=-0.6319 logvar_q_clamp=0.0000 logvar_p_mean=-0.6319 logvar_p_clamp=0.0000
2026-08-30 01:26:45 | Epoch 195/400 | Train Loss 2.3073 Acc 0.1045 | Val Loss 2.3007 Acc 0.1129 AUC 0.5000 Pre 0.0113 Rec 0.1000
2026-08-30 01:26:45 | Diag logvar_q_mean=-0.6351 logvar_q_clamp=0.0000 logvar_p_mean=-0.6351 logvar_p_clamp=0.0000
2026-08-30 01:26:49 | Epoch 196/400 | Train Loss 2.3069 Acc 0.1065 | Val Loss 2.3007 Acc 0.1129 AUC 0.5000 Pre 0.0113 Rec 0.1000
2026-08-30 01:26:49 | Diag logvar_q_mean=-0.6382 logvar_q_clamp=0.0000 logvar_p_mean=-0.6382 logvar_p_clamp=0.0000
2026-08-30 01:26:52 | Epoch 197/400 | Train Loss 2.3079 Acc 0.1030 | Val Loss 2.3007 Acc 0.1129 AUC 0.5000 Pre 0.0113 Rec 0.1000
2026-08-30 01:26:53 | Diag logvar_q_mean=-0.6415 logvar_q_clamp=0.0000 logvar_p_mean=-0.6415 logvar_p_clamp=0.0000
2026-08-30 01:26:56 | Epoch 198/400 | Train Loss 2.3078 Acc 0.1037 | Val Loss 2.3008 Acc 0.1129 AUC 0.5000 Pre 0.0113 Rec 0.1000
2026-08-30 01:26:57 | Diag logvar_q_mean=-0.6447 logvar_q_clamp=0.0000 logvar_p_mean=-0.6447 logvar_p_clamp=0.0000
2026-08-30 01:27:00 | Epoch 199/400 | Train Loss 2.3078 Acc 0.1038 | Val Loss 2.3008 Acc 0.1129 AUC 0.5000 Pre 0.0113 Rec 0.1000
2026-08-30 01:27:01 | Diag logvar_q_mean=-0.6473 logvar_q_clamp=0.0000 logvar_p_mean=-0.6473 logvar_p_clamp=0.0000
2026-08-30 01:27:04 | Epoch 200/400 | Train Loss 2.3077 Acc 0.1053 | Val Loss 2.3008 Acc 0.1129 AUC 0.5000 Pre 0.0113 Rec 0.1000
2026-08-30 01:27:05 | Diag logvar_q_mean=-0.6505 logvar_q_clamp=0.0000 logvar_p_mean=-0.6505 logvar_p_clamp=0.0000
2026-08-30 01:27:08 | Epoch 201/400 | Train Loss 2.3072 Acc 0.1035 | Val Loss 2.3008 Acc 0.1129 AUC 0.5000 Pre 0.0113 Rec 0.1000
2026-08-30 01:27:08 | Diag logvar_q_mean=-0.6536 logvar_q_clamp=0.0000 logvar_p_mean=-0.6536 logvar_p_clamp=0.0000
2026-08-30 01:27:12 | Epoch 202/400 | Train Loss 2.3067 Acc 0.1048 | Val Loss 2.3008 Acc 0.1129 AUC 0.5000 Pre 0.0113 Rec 0.1000
2026-08-30 01:27:12 | Diag logvar_q_mean=-0.6566 logvar_q_clamp=0.0000 logvar_p_mean=-0.6566 logvar_p_clamp=0.0000
2026-08-30 01:27:16 | Epoch 203/400 | Train Loss 2.3069 Acc 0.1042 | Val Loss 2.3007 Acc 0.1129 AUC 0.5000 Pre 0.0113 Rec 0.1000
2026-08-30 01:27:16 | Diag logvar_q_mean=-0.6596 logvar_q_clamp=0.0000 logvar_p_mean=-0.6596 logvar_p_clamp=0.0000
2026-08-30 01:27:19 | Epoch 204/400 | Train Loss 2.3070 Acc 0.1062 | Val Loss 2.3007 Acc 0.1129 AUC 0.5000 Pre 0.0113 Rec 0.1000
2026-08-30 01:27:20 | Diag logvar_q_mean=-0.6627 logvar_q_clamp=0.0000 logvar_p_mean=-0.6627 logvar_p_clamp=0.0000
2026-08-30 01:27:23 | Epoch 205/400 | Train Loss 2.3080 Acc 0.1026 | Val Loss 2.3007 Acc 0.1129 AUC 0.5000 Pre 0.0113 Rec 0.1000
2026-08-30 01:27:23 | Diag logvar_q_mean=-0.6659 logvar_q_clamp=0.0000 logvar_p_mean=-0.6659 logvar_p_clamp=0.0000
2026-08-30 01:27:27 | Epoch 206/400 | Train Loss 2.3069 Acc 0.1062 | Val Loss 2.3007 Acc 0.1129 AUC 0.5000 Pre 0.0113 Rec 0.1000
2026-08-30 01:27:27 | Diag logvar_q_mean=-0.6690 logvar_q_clamp=0.0000 logvar_p_mean=-0.6690 logvar_p_clamp=0.0000
2026-08-30 01:27:30 | Epoch 207/400 | Train Loss 2.3078 Acc 0.1036 | Val Loss 2.3007 Acc 0.1129 AUC 0.5000 Pre 0.0113 Rec 0.1000
2026-08-30 01:27:31 | Diag logvar_q_mean=-0.6721 logvar_q_clamp=0.0000 logvar_p_mean=-0.6721 logvar_p_clamp=0.0000
2026-08-30 01:27:34 | Epoch 208/400 | Train Loss 2.3075 Acc 0.1033 | Val Loss 2.3008 Acc 0.1129 AUC 0.5000 Pre 0.0113 Rec 0.1000
2026-08-30 01:27:35 | Diag logvar_q_mean=-0.6753 logvar_q_clamp=0.0000 logvar_p_mean=-0.6753 logvar_p_clamp=0.0000
2026-08-30 01:27:38 | Epoch 209/400 | Train Loss 2.3066 Acc 0.1053 | Val Loss 2.3008 Acc 0.1129 AUC 0.5000 Pre 0.0113 Rec 0.1000
2026-08-30 01:27:39 | Diag logvar_q_mean=-0.6782 logvar_q_clamp=0.0000 logvar_p_mean=-0.6782 logvar_p_clamp=0.0000
2026-08-30 01:27:42 | Epoch 210/400 | Train Loss 2.3074 Acc 0.1044 | Val Loss 2.3008 Acc 0.1129 AUC 0.5000 Pre 0.0113 Rec 0.1000
2026-08-30 01:27:42 | Diag logvar_q_mean=-0.6813 logvar_q_clamp=0.0000 logvar_p_mean=-0.6813 logvar_p_clamp=0.0000
2026-08-30 01:27:46 | Epoch 211/400 | Train Loss 2.3077 Acc 0.1023 | Val Loss 2.3007 Acc 0.1129 AUC 0.5000 Pre 0.0113 Rec 0.1000
2026-08-30 01:27:46 | Diag logvar_q_mean=-0.6845 logvar_q_clamp=0.0000 logvar_p_mean=-0.6845 logvar_p_clamp=0.0000
2026-08-30 01:27:50 | Epoch 212/400 | Train Loss 2.3071 Acc 0.1050 | Val Loss 2.3008 Acc 0.1129 AUC 0.5000 Pre 0.0113 Rec 0.1000
2026-08-30 01:27:50 | Diag logvar_q_mean=-0.6875 logvar_q_clamp=0.0000 logvar_p_mean=-0.6875 logvar_p_clamp=0.0000
2026-08-30 01:27:54 | Epoch 213/400 | Train Loss 2.3070 Acc 0.1050 | Val Loss 2.3007 Acc 0.1129 AUC 0.5000 Pre 0.0113 Rec 0.1000
2026-08-30 01:27:54 | Diag logvar_q_mean=-0.6905 logvar_q_clamp=0.0000 logvar_p_mean=-0.6905 logvar_p_clamp=0.0000
2026-08-30 01:27:57 | Epoch 214/400 | Train Loss 2.3075 Acc 0.1050 | Val Loss 2.3007 Acc 0.1129 AUC 0.5000 Pre 0.0113 Rec 0.1000
2026-08-30 01:27:58 | Diag logvar_q_mean=-0.6936 logvar_q_clamp=0.0000 logvar_p_mean=-0.6936 logvar_p_clamp=0.0000
2026-08-30 01:28:01 | Epoch 215/400 | Train Loss 2.3070 Acc 0.1059 | Val Loss 2.3008 Acc 0.1129 AUC 0.5000 Pre 0.0113 Rec 0.1000
2026-08-30 01:28:02 | Diag logvar_q_mean=-0.6967 logvar_q_clamp=0.0000 logvar_p_mean=-0.6967 logvar_p_clamp=0.0000
2026-08-30 01:28:05 | Epoch 216/400 | Train Loss 2.3065 Acc 0.1052 | Val Loss 2.3007 Acc 0.1129 AUC 0.5000 Pre 0.0113 Rec 0.1000
2026-08-30 01:28:05 | Diag logvar_q_mean=-0.6995 logvar_q_clamp=0.0000 logvar_p_mean=-0.6995 logvar_p_clamp=0.0000
2026-08-30 01:28:09 | Epoch 217/400 | Train Loss 2.3081 Acc 0.1049 | Val Loss 2.3007 Acc 0.1129 AUC 0.5000 Pre 0.0113 Rec 0.1000
2026-08-30 01:28:09 | Diag logvar_q_mean=-0.7028 logvar_q_clamp=0.0000 logvar_p_mean=-0.7028 logvar_p_clamp=0.0000
2026-08-30 01:28:13 | Epoch 218/400 | Train Loss 2.3073 Acc 0.1040 | Val Loss 2.3008 Acc 0.1129 AUC 0.5000 Pre 0.0113 Rec 0.1000
2026-08-30 01:28:13 | Diag logvar_q_mean=-0.7059 logvar_q_clamp=0.0000 logvar_p_mean=-0.7059 logvar_p_clamp=0.0000
2026-08-30 01:28:16 | Epoch 219/400 | Train Loss 2.3071 Acc 0.1042 | Val Loss 2.3008 Acc 0.1129 AUC 0.5000 Pre 0.0113 Rec 0.1000
2026-08-30 01:28:17 | Diag logvar_q_mean=-0.7089 logvar_q_clamp=0.0000 logvar_p_mean=-0.7089 logvar_p_clamp=0.0000
2026-08-30 01:28:20 | Epoch 220/400 | Train Loss 2.3070 Acc 0.1040 | Val Loss 2.3007 Acc 0.1129 AUC 0.5000 Pre 0.0113 Rec 0.1000
2026-08-30 01:28:21 | Diag logvar_q_mean=-0.7119 logvar_q_clamp=0.0000 logvar_p_mean=-0.7119 logvar_p_clamp=0.0000
2026-08-30 01:28:24 | Epoch 221/400 | Train Loss 2.3069 Acc 0.1035 | Val Loss 2.3007 Acc 0.1129 AUC 0.5000 Pre 0.0113 Rec 0.1000
2026-08-30 01:28:25 | Diag logvar_q_mean=-0.7149 logvar_q_clamp=0.0000 logvar_p_mean=-0.7149 logvar_p_clamp=0.0000
2026-08-30 01:28:28 | Epoch 222/400 | Train Loss 2.3067 Acc 0.1065 | Val Loss 2.3007 Acc 0.1129 AUC 0.5000 Pre 0.0113 Rec 0.1000
2026-08-30 01:28:28 | Diag logvar_q_mean=-0.7179 logvar_q_clamp=0.0000 logvar_p_mean=-0.7179 logvar_p_clamp=0.0000
2026-08-30 01:28:32 | Epoch 223/400 | Train Loss 2.3066 Acc 0.1059 | Val Loss 2.3007 Acc 0.1129 AUC 0.5000 Pre 0.0113 Rec 0.1000
2026-08-30 01:28:32 | Diag logvar_q_mean=-0.7208 logvar_q_clamp=0.0000 logvar_p_mean=-0.7208 logvar_p_clamp=0.0000
2026-08-30 01:28:36 | Epoch 224/400 | Train Loss 2.3074 Acc 0.1045 | Val Loss 2.3008 Acc 0.1129 AUC 0.5000 Pre 0.0113 Rec 0.1000
2026-08-30 01:28:36 | Diag logvar_q_mean=-0.7240 logvar_q_clamp=0.0000 logvar_p_mean=-0.7240 logvar_p_clamp=0.0000
2026-08-30 01:28:40 | Epoch 225/400 | Train Loss 2.3075 Acc 0.1031 | Val Loss 2.3007 Acc 0.1129 AUC 0.5000 Pre 0.0113 Rec 0.1000
2026-08-30 01:28:40 | Diag logvar_q_mean=-0.7272 logvar_q_clamp=0.0000 logvar_p_mean=-0.7272 logvar_p_clamp=0.0000
2026-08-30 01:28:43 | Epoch 226/400 | Train Loss 2.3064 Acc 0.1046 | Val Loss 2.3007 Acc 0.1129 AUC 0.5000 Pre 0.0113 Rec 0.1000
2026-08-30 01:28:44 | Diag logvar_q_mean=-0.7300 logvar_q_clamp=0.0000 logvar_p_mean=-0.7300 logvar_p_clamp=0.0000
2026-08-30 01:28:47 | Epoch 227/400 | Train Loss 2.3075 Acc 0.1044 | Val Loss 2.3008 Acc 0.1129 AUC 0.5000 Pre 0.0113 Rec 0.1000
2026-08-30 01:28:48 | Diag logvar_q_mean=-0.7329 logvar_q_clamp=0.0000 logvar_p_mean=-0.7329 logvar_p_clamp=0.0000
2026-08-30 01:28:51 | Epoch 228/400 | Train Loss 2.3071 Acc 0.1063 | Val Loss 2.3007 Acc 0.1129 AUC 0.5000 Pre 0.0113 Rec 0.1000
2026-08-30 01:28:51 | Diag logvar_q_mean=-0.7359 logvar_q_clamp=0.0000 logvar_p_mean=-0.7359 logvar_p_clamp=0.0000
2026-08-30 01:28:55 | Epoch 229/400 | Train Loss 2.3077 Acc 0.1026 | Val Loss 2.3007 Acc 0.1129 AUC 0.5000 Pre 0.0113 Rec 0.1000
2026-08-30 01:28:55 | Diag logvar_q_mean=-0.7391 logvar_q_clamp=0.0000 logvar_p_mean=-0.7391 logvar_p_clamp=0.0000
2026-08-30 01:28:59 | Epoch 230/400 | Train Loss 2.3078 Acc 0.1040 | Val Loss 2.3009 Acc 0.1129 AUC 0.5000 Pre 0.0113 Rec 0.1000
2026-08-30 01:28:59 | Diag logvar_q_mean=-0.7416 logvar_q_clamp=0.0000 logvar_p_mean=-0.7416 logvar_p_clamp=0.0000
2026-08-30 01:29:02 | Epoch 231/400 | Train Loss 2.3073 Acc 0.1024 | Val Loss 2.3007 Acc 0.1129 AUC 0.5000 Pre 0.0113 Rec 0.1000
2026-08-30 01:29:03 | Diag logvar_q_mean=-0.7446 logvar_q_clamp=0.0000 logvar_p_mean=-0.7446 logvar_p_clamp=0.0000
2026-08-30 01:29:06 | Epoch 232/400 | Train Loss 2.3070 Acc 0.1027 | Val Loss 2.3007 Acc 0.1129 AUC 0.5000 Pre 0.0113 Rec 0.1000
2026-08-30 01:29:07 | Diag logvar_q_mean=-0.7476 logvar_q_clamp=0.0000 logvar_p_mean=-0.7476 logvar_p_clamp=0.0000
2026-08-30 01:29:10 | Epoch 233/400 | Train Loss 2.3067 Acc 0.1033 | Val Loss 2.3008 Acc 0.1129 AUC 0.5000 Pre 0.0113 Rec 0.1000
2026-08-30 01:29:11 | Diag logvar_q_mean=-0.7505 logvar_q_clamp=0.0000 logvar_p_mean=-0.7505 logvar_p_clamp=0.0000
2026-08-30 01:29:14 | Epoch 234/400 | Train Loss 2.3065 Acc 0.1038 | Val Loss 2.3007 Acc 0.1129 AUC 0.5000 Pre 0.0113 Rec 0.1000
2026-08-30 01:29:14 | Diag logvar_q_mean=-0.7534 logvar_q_clamp=0.0000 logvar_p_mean=-0.7534 logvar_p_clamp=0.0000
2026-08-30 01:29:18 | Epoch 235/400 | Train Loss 2.3069 Acc 0.1040 | Val Loss 2.3007 Acc 0.1129 AUC 0.5000 Pre 0.0113 Rec 0.1000
2026-08-30 01:29:18 | Diag logvar_q_mean=-0.7564 logvar_q_clamp=0.0000 logvar_p_mean=-0.7564 logvar_p_clamp=0.0000
2026-08-30 01:29:21 | Epoch 236/400 | Train Loss 2.3076 Acc 0.1038 | Val Loss 2.3008 Acc 0.1129 AUC 0.5000 Pre 0.0113 Rec 0.1000
2026-08-30 01:29:22 | Diag logvar_q_mean=-0.7595 logvar_q_clamp=0.0000 logvar_p_mean=-0.7595 logvar_p_clamp=0.0000
2026-08-30 01:29:25 | Epoch 237/400 | Train Loss 2.3072 Acc 0.1029 | Val Loss 2.3008 Acc 0.1129 AUC 0.5000 Pre 0.0113 Rec 0.1000
2026-08-30 01:29:26 | Diag logvar_q_mean=-0.7625 logvar_q_clamp=0.0000 logvar_p_mean=-0.7625 logvar_p_clamp=0.0000
2026-08-30 01:29:29 | Epoch 238/400 | Train Loss 2.3071 Acc 0.1043 | Val Loss 2.3007 Acc 0.1129 AUC 0.5000 Pre 0.0113 Rec 0.1000
2026-08-30 01:29:30 | Diag logvar_q_mean=-0.7655 logvar_q_clamp=0.0000 logvar_p_mean=-0.7655 logvar_p_clamp=0.0000
2026-08-30 01:29:33 | Epoch 239/400 | Train Loss 2.3075 Acc 0.1035 | Val Loss 2.3008 Acc 0.1129 AUC 0.5000 Pre 0.0113 Rec 0.1000
2026-08-30 01:29:33 | Diag logvar_q_mean=-0.7686 logvar_q_clamp=0.0000 logvar_p_mean=-0.7686 logvar_p_clamp=0.0000
2026-08-30 01:29:36 | Epoch 240/400 | Train Loss 2.3064 Acc 0.1050 | Val Loss 2.3008 Acc 0.1129 AUC 0.5000 Pre 0.0113 Rec 0.1000
2026-08-30 01:29:37 | Diag logvar_q_mean=-0.7714 logvar_q_clamp=0.0000 logvar_p_mean=-0.7714 logvar_p_clamp=0.0000
2026-08-30 01:29:40 | Epoch 241/400 | Train Loss 2.3084 Acc 0.1031 | Val Loss 2.3008 Acc 0.1129 AUC 0.5000 Pre 0.0113 Rec 0.1000
2026-08-30 01:29:41 | Diag logvar_q_mean=-0.7746 logvar_q_clamp=0.0000 logvar_p_mean=-0.7746 logvar_p_clamp=0.0000
2026-08-30 01:29:44 | Epoch 242/400 | Train Loss 2.3064 Acc 0.1056 | Val Loss 2.3008 Acc 0.1129 AUC 0.5000 Pre 0.0113 Rec 0.1000
2026-08-30 01:29:45 | Diag logvar_q_mean=-0.7774 logvar_q_clamp=0.0000 logvar_p_mean=-0.7774 logvar_p_clamp=0.0000
2026-08-30 01:29:48 | Epoch 243/400 | Train Loss 2.3061 Acc 0.1066 | Val Loss 2.3008 Acc 0.1129 AUC 0.5000 Pre 0.0113 Rec 0.1000
2026-08-30 01:29:49 | Diag logvar_q_mean=-0.7802 logvar_q_clamp=0.0000 logvar_p_mean=-0.7801 logvar_p_clamp=0.0000
2026-08-30 01:29:52 | Epoch 244/400 | Train Loss 2.3072 Acc 0.1045 | Val Loss 2.3008 Acc 0.1129 AUC 0.5000 Pre 0.0113 Rec 0.1000
2026-08-30 01:29:52 | Diag logvar_q_mean=-0.7832 logvar_q_clamp=0.0000 logvar_p_mean=-0.7832 logvar_p_clamp=0.0000
2026-08-30 01:29:56 | Epoch 245/400 | Train Loss 2.3069 Acc 0.1036 | Val Loss 2.3007 Acc 0.1129 AUC 0.5000 Pre 0.0113 Rec 0.1000
2026-08-30 01:29:56 | Diag logvar_q_mean=-0.7859 logvar_q_clamp=0.0000 logvar_p_mean=-0.7859 logvar_p_clamp=0.0000
2026-08-30 01:30:00 | Epoch 246/400 | Train Loss 2.3064 Acc 0.1051 | Val Loss 2.3008 Acc 0.1129 AUC 0.5000 Pre 0.0113 Rec 0.1000
2026-08-30 01:30:00 | Diag logvar_q_mean=-0.7888 logvar_q_clamp=0.0000 logvar_p_mean=-0.7888 logvar_p_clamp=0.0000
2026-08-30 01:30:03 | Epoch 247/400 | Train Loss 2.3073 Acc 0.1041 | Val Loss 2.3008 Acc 0.1129 AUC 0.5000 Pre 0.0113 Rec 0.1000
2026-08-30 01:30:04 | Diag logvar_q_mean=-0.7918 logvar_q_clamp=0.0000 logvar_p_mean=-0.7917 logvar_p_clamp=0.0000
2026-08-30 01:30:07 | Epoch 248/400 | Train Loss 2.3070 Acc 0.1043 | Val Loss 2.3007 Acc 0.1129 AUC 0.5000 Pre 0.0113 Rec 0.1000
2026-08-30 01:30:08 | Diag logvar_q_mean=-0.7947 logvar_q_clamp=0.0000 logvar_p_mean=-0.7947 logvar_p_clamp=0.0000
2026-08-30 01:30:11 | Epoch 249/400 | Train Loss 2.3067 Acc 0.1058 | Val Loss 2.3007 Acc 0.1129 AUC 0.5000 Pre 0.0113 Rec 0.1000
2026-08-30 01:30:12 | Diag logvar_q_mean=-0.7976 logvar_q_clamp=0.0000 logvar_p_mean=-0.7976 logvar_p_clamp=0.0000
2026-08-30 01:30:15 | Epoch 250/400 | Train Loss 2.3070 Acc 0.1051 | Val Loss 2.3008 Acc 0.1129 AUC 0.5000 Pre 0.0113 Rec 0.1000
2026-08-30 01:30:16 | Diag logvar_q_mean=-0.8006 logvar_q_clamp=0.0000 logvar_p_mean=-0.8006 logvar_p_clamp=0.0000
2026-08-30 01:30:19 | Epoch 251/400 | Train Loss 2.3071 Acc 0.1037 | Val Loss 2.3008 Acc 0.1129 AUC 0.5000 Pre 0.0113 Rec 0.1000
2026-08-30 01:30:20 | Diag logvar_q_mean=-0.8036 logvar_q_clamp=0.0000 logvar_p_mean=-0.8036 logvar_p_clamp=0.0000
2026-08-30 01:30:23 | Epoch 252/400 | Train Loss 2.3067 Acc 0.1047 | Val Loss 2.3008 Acc 0.1129 AUC 0.5000 Pre 0.0113 Rec 0.1000
2026-08-30 01:30:23 | Diag logvar_q_mean=-0.8064 logvar_q_clamp=0.0000 logvar_p_mean=-0.8064 logvar_p_clamp=0.0000
2026-08-30 01:30:27 | Epoch 253/400 | Train Loss 2.3068 Acc 0.1068 | Val Loss 2.3007 Acc 0.1129 AUC 0.5000 Pre 0.0113 Rec 0.1000
2026-08-30 01:30:27 | Diag logvar_q_mean=-0.8094 logvar_q_clamp=0.0000 logvar_p_mean=-0.8094 logvar_p_clamp=0.0000
2026-08-30 01:30:31 | Epoch 254/400 | Train Loss 2.3071 Acc 0.1047 | Val Loss 2.3007 Acc 0.1129 AUC 0.5000 Pre 0.0113 Rec 0.1000
2026-08-30 01:30:31 | Diag logvar_q_mean=-0.8123 logvar_q_clamp=0.0000 logvar_p_mean=-0.8123 logvar_p_clamp=0.0000
2026-08-30 01:30:34 | Epoch 255/400 | Train Loss 2.3075 Acc 0.1048 | Val Loss 2.3007 Acc 0.1129 AUC 0.5000 Pre 0.0113 Rec 0.1000
2026-08-30 01:30:35 | Diag logvar_q_mean=-0.8153 logvar_q_clamp=0.0000 logvar_p_mean=-0.8153 logvar_p_clamp=0.0000
2026-08-30 01:30:39 | Epoch 256/400 | Train Loss 2.3068 Acc 0.1039 | Val Loss 2.3008 Acc 0.1129 AUC 0.5000 Pre 0.0113 Rec 0.1000
2026-08-30 01:30:39 | Diag logvar_q_mean=-0.8182 logvar_q_clamp=0.0000 logvar_p_mean=-0.8182 logvar_p_clamp=0.0000
2026-08-30 01:30:42 | Epoch 257/400 | Train Loss 2.3067 Acc 0.1066 | Val Loss 2.3007 Acc 0.1129 AUC 0.5000 Pre 0.0113 Rec 0.1000
2026-08-30 01:30:43 | Diag logvar_q_mean=-0.8210 logvar_q_clamp=0.0000 logvar_p_mean=-0.8210 logvar_p_clamp=0.0000
2026-08-30 01:30:46 | Epoch 258/400 | Train Loss 2.3068 Acc 0.1044 | Val Loss 2.3007 Acc 0.1129 AUC 0.5000 Pre 0.0113 Rec 0.1000
2026-08-30 01:30:47 | Diag logvar_q_mean=-0.8239 logvar_q_clamp=0.0000 logvar_p_mean=-0.8239 logvar_p_clamp=0.0000
2026-08-30 01:30:50 | Epoch 259/400 | Train Loss 2.3075 Acc 0.1029 | Val Loss 2.3008 Acc 0.1129 AUC 0.5000 Pre 0.0113 Rec 0.1000
2026-08-30 01:30:51 | Diag logvar_q_mean=-0.8269 logvar_q_clamp=0.0000 logvar_p_mean=-0.8269 logvar_p_clamp=0.0000
2026-08-30 01:30:54 | Epoch 260/400 | Train Loss 2.3060 Acc 0.1063 | Val Loss 2.3008 Acc 0.1129 AUC 0.5000 Pre 0.0113 Rec 0.1000
2026-08-30 01:30:54 | Diag logvar_q_mean=-0.8295 logvar_q_clamp=0.0000 logvar_p_mean=-0.8295 logvar_p_clamp=0.0000
2026-08-30 01:30:58 | Epoch 261/400 | Train Loss 2.3070 Acc 0.1042 | Val Loss 2.3008 Acc 0.1129 AUC 0.5000 Pre 0.0113 Rec 0.1000
2026-08-30 01:30:58 | Diag logvar_q_mean=-0.8325 logvar_q_clamp=0.0000 logvar_p_mean=-0.8325 logvar_p_clamp=0.0000
2026-08-30 01:31:02 | Epoch 262/400 | Train Loss 2.3064 Acc 0.1040 | Val Loss 2.3007 Acc 0.1129 AUC 0.5000 Pre 0.0113 Rec 0.1000
2026-08-30 01:31:02 | Diag logvar_q_mean=-0.8354 logvar_q_clamp=0.0000 logvar_p_mean=-0.8354 logvar_p_clamp=0.0000
2026-08-30 01:31:06 | Epoch 263/400 | Train Loss 2.3067 Acc 0.1046 | Val Loss 2.3007 Acc 0.1129 AUC 0.5000 Pre 0.0113 Rec 0.1000
2026-08-30 01:31:06 | Diag logvar_q_mean=-0.8382 logvar_q_clamp=0.0000 logvar_p_mean=-0.8382 logvar_p_clamp=0.0000
2026-08-30 01:31:10 | Epoch 264/400 | Train Loss 2.3064 Acc 0.1033 | Val Loss 2.3007 Acc 0.1129 AUC 0.5000 Pre 0.0113 Rec 0.1000
2026-08-30 01:31:10 | Diag logvar_q_mean=-0.8410 logvar_q_clamp=0.0000 logvar_p_mean=-0.8410 logvar_p_clamp=0.0000
2026-08-30 01:31:13 | Epoch 265/400 | Train Loss 2.3067 Acc 0.1040 | Val Loss 2.3008 Acc 0.1129 AUC 0.5000 Pre 0.0113 Rec 0.1000
2026-08-30 01:31:14 | Diag logvar_q_mean=-0.8439 logvar_q_clamp=0.0000 logvar_p_mean=-0.8439 logvar_p_clamp=0.0000
2026-08-30 01:31:17 | Epoch 266/400 | Train Loss 2.3066 Acc 0.1057 | Val Loss 2.3008 Acc 0.1129 AUC 0.5000 Pre 0.0113 Rec 0.1000
2026-08-30 01:31:18 | Diag logvar_q_mean=-0.8468 logvar_q_clamp=0.0000 logvar_p_mean=-0.8468 logvar_p_clamp=0.0000
2026-08-30 01:31:21 | Epoch 267/400 | Train Loss 2.3065 Acc 0.1061 | Val Loss 2.3008 Acc 0.1129 AUC 0.5000 Pre 0.0113 Rec 0.1000
2026-08-30 01:31:21 | Diag logvar_q_mean=-0.8496 logvar_q_clamp=0.0000 logvar_p_mean=-0.8496 logvar_p_clamp=0.0000
2026-08-30 01:31:25 | Epoch 268/400 | Train Loss 2.3064 Acc 0.1049 | Val Loss 2.3008 Acc 0.1129 AUC 0.5000 Pre 0.0113 Rec 0.1000
2026-08-30 01:31:26 | Diag logvar_q_mean=-0.8525 logvar_q_clamp=0.0000 logvar_p_mean=-0.8525 logvar_p_clamp=0.0000
2026-08-30 01:31:29 | Epoch 269/400 | Train Loss 2.3070 Acc 0.1054 | Val Loss 2.3008 Acc 0.1129 AUC 0.5000 Pre 0.0113 Rec 0.1000
2026-08-30 01:31:29 | Diag logvar_q_mean=-0.8554 logvar_q_clamp=0.0000 logvar_p_mean=-0.8554 logvar_p_clamp=0.0000
2026-08-30 01:31:33 | Epoch 270/400 | Train Loss 2.3071 Acc 0.1033 | Val Loss 2.3008 Acc 0.1129 AUC 0.5000 Pre 0.0113 Rec 0.1000
2026-08-30 01:31:33 | Diag logvar_q_mean=-0.8584 logvar_q_clamp=0.0000 logvar_p_mean=-0.8584 logvar_p_clamp=0.0000
2026-08-30 01:31:37 | Epoch 271/400 | Train Loss 2.3070 Acc 0.1033 | Val Loss 2.3007 Acc 0.1129 AUC 0.5000 Pre 0.0113 Rec 0.1000
2026-08-30 01:31:37 | Diag logvar_q_mean=-0.8612 logvar_q_clamp=0.0000 logvar_p_mean=-0.8612 logvar_p_clamp=0.0000
2026-08-30 01:31:40 | Epoch 272/400 | Train Loss 2.3062 Acc 0.1051 | Val Loss 2.3008 Acc 0.1129 AUC 0.5000 Pre 0.0113 Rec 0.1000
2026-08-30 01:31:41 | Diag logvar_q_mean=-0.8639 logvar_q_clamp=0.0000 logvar_p_mean=-0.8639 logvar_p_clamp=0.0000
2026-08-30 01:31:44 | Epoch 273/400 | Train Loss 2.3068 Acc 0.1051 | Val Loss 2.3008 Acc 0.1129 AUC 0.5000 Pre 0.0113 Rec 0.1000
2026-08-30 01:31:45 | Diag logvar_q_mean=-0.8668 logvar_q_clamp=0.0000 logvar_p_mean=-0.8668 logvar_p_clamp=0.0000
2026-08-30 01:31:48 | Epoch 274/400 | Train Loss 2.3073 Acc 0.1033 | Val Loss 2.3008 Acc 0.1129 AUC 0.5000 Pre 0.0113 Rec 0.1000
2026-08-30 01:31:49 | Diag logvar_q_mean=-0.8698 logvar_q_clamp=0.0000 logvar_p_mean=-0.8698 logvar_p_clamp=0.0000
2026-08-30 01:31:52 | Epoch 275/400 | Train Loss 2.3058 Acc 0.1043 | Val Loss 2.3008 Acc 0.1129 AUC 0.5000 Pre 0.0113 Rec 0.1000
2026-08-30 01:31:53 | Diag logvar_q_mean=-0.8724 logvar_q_clamp=0.0000 logvar_p_mean=-0.8724 logvar_p_clamp=0.0000
2026-08-30 01:31:56 | Epoch 276/400 | Train Loss 2.3065 Acc 0.1062 | Val Loss 2.3008 Acc 0.1129 AUC 0.5000 Pre 0.0113 Rec 0.1000
2026-08-30 01:31:56 | Diag logvar_q_mean=-0.8752 logvar_q_clamp=0.0000 logvar_p_mean=-0.8752 logvar_p_clamp=0.0000
2026-08-30 01:32:00 | Epoch 277/400 | Train Loss 2.3065 Acc 0.1072 | Val Loss 2.3008 Acc 0.1129 AUC 0.5000 Pre 0.0113 Rec 0.1000
2026-08-30 01:32:00 | Diag logvar_q_mean=-0.8781 logvar_q_clamp=0.0000 logvar_p_mean=-0.8781 logvar_p_clamp=0.0000
2026-08-30 01:32:04 | Epoch 278/400 | Train Loss 2.3074 Acc 0.1045 | Val Loss 2.3007 Acc 0.1129 AUC 0.5000 Pre 0.0113 Rec 0.1000
2026-08-30 01:32:04 | Diag logvar_q_mean=-0.8810 logvar_q_clamp=0.0000 logvar_p_mean=-0.8810 logvar_p_clamp=0.0000
2026-08-30 01:32:08 | Epoch 279/400 | Train Loss 2.3070 Acc 0.1049 | Val Loss 2.3007 Acc 0.1129 AUC 0.5000 Pre 0.0113 Rec 0.1000
2026-08-30 01:32:08 | Diag logvar_q_mean=-0.8839 logvar_q_clamp=0.0000 logvar_p_mean=-0.8839 logvar_p_clamp=0.0000
2026-08-30 01:32:11 | Epoch 280/400 | Train Loss 2.3065 Acc 0.1055 | Val Loss 2.3008 Acc 0.1129 AUC 0.5000 Pre 0.0113 Rec 0.1000
2026-08-30 01:32:12 | Diag logvar_q_mean=-0.8867 logvar_q_clamp=0.0000 logvar_p_mean=-0.8867 logvar_p_clamp=0.0000
2026-08-30 01:32:15 | Epoch 281/400 | Train Loss 2.3057 Acc 0.1076 | Val Loss 2.3007 Acc 0.1129 AUC 0.5000 Pre 0.0113 Rec 0.1000
2026-08-30 01:32:16 | Diag logvar_q_mean=-0.8893 logvar_q_clamp=0.0000 logvar_p_mean=-0.8893 logvar_p_clamp=0.0000
2026-08-30 01:32:19 | Epoch 282/400 | Train Loss 2.3078 Acc 0.1050 | Val Loss 2.3008 Acc 0.1129 AUC 0.5000 Pre 0.0113 Rec 0.1000
2026-08-30 01:32:19 | Diag logvar_q_mean=-0.8924 logvar_q_clamp=0.0000 logvar_p_mean=-0.8924 logvar_p_clamp=0.0000
2026-08-30 01:32:23 | Epoch 283/400 | Train Loss 2.3064 Acc 0.1052 | Val Loss 2.3008 Acc 0.1129 AUC 0.5000 Pre 0.0113 Rec 0.1000
2026-08-30 01:32:23 | Diag logvar_q_mean=-0.8952 logvar_q_clamp=0.0000 logvar_p_mean=-0.8952 logvar_p_clamp=0.0000
2026-08-30 01:32:27 | Epoch 284/400 | Train Loss 2.3067 Acc 0.1050 | Val Loss 2.3008 Acc 0.1129 AUC 0.5000 Pre 0.0113 Rec 0.1000
2026-08-30 01:32:27 | Diag logvar_q_mean=-0.8980 logvar_q_clamp=0.0000 logvar_p_mean=-0.8980 logvar_p_clamp=0.0000
2026-08-30 01:32:30 | Epoch 285/400 | Train Loss 2.3071 Acc 0.1039 | Val Loss 2.3008 Acc 0.1129 AUC 0.5000 Pre 0.0113 Rec 0.1000
2026-08-30 01:32:31 | Diag logvar_q_mean=-0.9009 logvar_q_clamp=0.0000 logvar_p_mean=-0.9009 logvar_p_clamp=0.0000
2026-08-30 01:32:34 | Epoch 286/400 | Train Loss 2.3070 Acc 0.1041 | Val Loss 2.3008 Acc 0.1129 AUC 0.5000 Pre 0.0113 Rec 0.1000
2026-08-30 01:32:35 | Diag logvar_q_mean=-0.9037 logvar_q_clamp=0.0000 logvar_p_mean=-0.9037 logvar_p_clamp=0.0000
2026-08-30 01:32:38 | Epoch 287/400 | Train Loss 2.3066 Acc 0.1035 | Val Loss 2.3008 Acc 0.1129 AUC 0.5000 Pre 0.0113 Rec 0.1000
2026-08-30 01:32:38 | Diag logvar_q_mean=-0.9064 logvar_q_clamp=0.0000 logvar_p_mean=-0.9064 logvar_p_clamp=0.0000
2026-08-30 01:32:42 | Epoch 288/400 | Train Loss 2.3064 Acc 0.1045 | Val Loss 2.3008 Acc 0.1129 AUC 0.5000 Pre 0.0113 Rec 0.1000
2026-08-30 01:32:42 | Diag logvar_q_mean=-0.9092 logvar_q_clamp=0.0000 logvar_p_mean=-0.9092 logvar_p_clamp=0.0000
2026-08-30 01:32:46 | Epoch 289/400 | Train Loss 2.3063 Acc 0.1033 | Val Loss 2.3008 Acc 0.1129 AUC 0.5000 Pre 0.0113 Rec 0.1000
2026-08-30 01:32:46 | Diag logvar_q_mean=-0.9119 logvar_q_clamp=0.0000 logvar_p_mean=-0.9119 logvar_p_clamp=0.0000
2026-08-30 01:32:50 | Epoch 290/400 | Train Loss 2.3074 Acc 0.1041 | Val Loss 2.3008 Acc 0.1129 AUC 0.5000 Pre 0.0113 Rec 0.1000
2026-08-30 01:32:50 | Diag logvar_q_mean=-0.9149 logvar_q_clamp=0.0000 logvar_p_mean=-0.9149 logvar_p_clamp=0.0000
2026-08-30 01:32:53 | Epoch 291/400 | Train Loss 2.3065 Acc 0.1046 | Val Loss 2.3008 Acc 0.1129 AUC 0.5000 Pre 0.0113 Rec 0.1000
2026-08-30 01:32:54 | Diag logvar_q_mean=-0.9177 logvar_q_clamp=0.0000 logvar_p_mean=-0.9177 logvar_p_clamp=0.0000
2026-08-30 01:32:57 | Epoch 292/400 | Train Loss 2.3070 Acc 0.1030 | Val Loss 2.3008 Acc 0.1129 AUC 0.5000 Pre 0.0113 Rec 0.1000
2026-08-30 01:32:58 | Diag logvar_q_mean=-0.9203 logvar_q_clamp=0.0000 logvar_p_mean=-0.9202 logvar_p_clamp=0.0000
2026-08-30 01:33:01 | Epoch 293/400 | Train Loss 2.3059 Acc 0.1067 | Val Loss 2.3007 Acc 0.1129 AUC 0.5000 Pre 0.0113 Rec 0.1000
2026-08-30 01:33:02 | Diag logvar_q_mean=-0.9229 logvar_q_clamp=0.0000 logvar_p_mean=-0.9229 logvar_p_clamp=0.0000
2026-08-30 01:33:05 | Epoch 294/400 | Train Loss 2.3063 Acc 0.1039 | Val Loss 2.3008 Acc 0.1129 AUC 0.5000 Pre 0.0113 Rec 0.1000
2026-08-30 01:33:05 | Diag logvar_q_mean=-0.9256 logvar_q_clamp=0.0000 logvar_p_mean=-0.9256 logvar_p_clamp=0.0000
2026-08-30 01:33:09 | Epoch 295/400 | Train Loss 2.3067 Acc 0.1031 | Val Loss 2.3007 Acc 0.1129 AUC 0.5000 Pre 0.0113 Rec 0.1000
2026-08-30 01:33:09 | Diag logvar_q_mean=-0.9285 logvar_q_clamp=0.0000 logvar_p_mean=-0.9285 logvar_p_clamp=0.0000
2026-08-30 01:33:12 | Epoch 296/400 | Train Loss 2.3069 Acc 0.1037 | Val Loss 2.3007 Acc 0.1129 AUC 0.5000 Pre 0.0113 Rec 0.1000
2026-08-30 01:33:13 | Diag logvar_q_mean=-0.9314 logvar_q_clamp=0.0000 logvar_p_mean=-0.9314 logvar_p_clamp=0.0000
2026-08-30 01:33:16 | Epoch 297/400 | Train Loss 2.3068 Acc 0.1057 | Val Loss 2.3007 Acc 0.1129 AUC 0.5000 Pre 0.0113 Rec 0.1000
2026-08-30 01:33:17 | Diag logvar_q_mean=-0.9342 logvar_q_clamp=0.0000 logvar_p_mean=-0.9341 logvar_p_clamp=0.0000
2026-08-30 01:33:20 | Epoch 298/400 | Train Loss 2.3059 Acc 0.1054 | Val Loss 2.3008 Acc 0.1129 AUC 0.5000 Pre 0.0113 Rec 0.1000
2026-08-30 01:33:21 | Diag logvar_q_mean=-0.9368 logvar_q_clamp=0.0000 logvar_p_mean=-0.9368 logvar_p_clamp=0.0000
2026-08-30 01:33:24 | Epoch 299/400 | Train Loss 2.3066 Acc 0.1046 | Val Loss 2.3007 Acc 0.1129 AUC 0.5000 Pre 0.0113 Rec 0.1000
2026-08-30 01:33:25 | Diag logvar_q_mean=-0.9391 logvar_q_clamp=0.0000 logvar_p_mean=-0.9391 logvar_p_clamp=0.0000
2026-08-30 01:33:28 | Epoch 300/400 | Train Loss 2.3069 Acc 0.1029 | Val Loss 2.3007 Acc 0.1129 AUC 0.5000 Pre 0.0113 Rec 0.1000
2026-08-30 01:33:29 | Diag logvar_q_mean=-0.9420 logvar_q_clamp=0.0000 logvar_p_mean=-0.9420 logvar_p_clamp=0.0000
2026-08-30 01:33:32 | Epoch 301/400 | Train Loss 2.3060 Acc 0.1038 | Val Loss 2.3007 Acc 0.1129 AUC 0.5000 Pre 0.0113 Rec 0.1000
2026-08-30 01:33:32 | Diag logvar_q_mean=-0.9447 logvar_q_clamp=0.0000 logvar_p_mean=-0.9447 logvar_p_clamp=0.0000
2026-08-30 01:33:36 | Epoch 302/400 | Train Loss 2.3067 Acc 0.1068 | Val Loss 2.3007 Acc 0.1129 AUC 0.5000 Pre 0.0113 Rec 0.1000
2026-08-30 01:33:36 | Diag logvar_q_mean=-0.9475 logvar_q_clamp=0.0000 logvar_p_mean=-0.9475 logvar_p_clamp=0.0000
2026-08-30 01:33:40 | Epoch 303/400 | Train Loss 2.3069 Acc 0.1045 | Val Loss 2.3007 Acc 0.1129 AUC 0.5000 Pre 0.0113 Rec 0.1000
2026-08-30 01:33:40 | Diag logvar_q_mean=-0.9503 logvar_q_clamp=0.0000 logvar_p_mean=-0.9503 logvar_p_clamp=0.0000
2026-08-30 01:33:43 | Epoch 304/400 | Train Loss 2.3065 Acc 0.1042 | Val Loss 2.3008 Acc 0.1129 AUC 0.5000 Pre 0.0113 Rec 0.1000
2026-08-30 01:33:44 | Diag logvar_q_mean=-0.9531 logvar_q_clamp=0.0000 logvar_p_mean=-0.9531 logvar_p_clamp=0.0000
2026-08-30 01:33:47 | Epoch 305/400 | Train Loss 2.3064 Acc 0.1038 | Val Loss 2.3007 Acc 0.1129 AUC 0.5000 Pre 0.0113 Rec 0.1000
2026-08-30 01:33:48 | Diag logvar_q_mean=-0.9558 logvar_q_clamp=0.0000 logvar_p_mean=-0.9558 logvar_p_clamp=0.0000
2026-08-30 01:33:51 | Epoch 306/400 | Train Loss 2.3072 Acc 0.1046 | Val Loss 2.3008 Acc 0.1129 AUC 0.5000 Pre 0.0113 Rec 0.1000
2026-08-30 01:33:52 | Diag logvar_q_mean=-0.9587 logvar_q_clamp=0.0000 logvar_p_mean=-0.9587 logvar_p_clamp=0.0000
2026-08-30 01:33:55 | Epoch 307/400 | Train Loss 2.3064 Acc 0.1052 | Val Loss 2.3007 Acc 0.1129 AUC 0.5000 Pre 0.0113 Rec 0.1000
2026-08-30 01:33:56 | Diag logvar_q_mean=-0.9614 logvar_q_clamp=0.0000 logvar_p_mean=-0.9614 logvar_p_clamp=0.0000
2026-08-30 01:33:59 | Epoch 308/400 | Train Loss 2.3062 Acc 0.1053 | Val Loss 2.3008 Acc 0.1129 AUC 0.5000 Pre 0.0113 Rec 0.1000
2026-08-30 01:34:00 | Diag logvar_q_mean=-0.9641 logvar_q_clamp=0.0000 logvar_p_mean=-0.9641 logvar_p_clamp=0.0000
2026-08-30 01:34:03 | Epoch 309/400 | Train Loss 2.3065 Acc 0.1045 | Val Loss 2.3008 Acc 0.1129 AUC 0.5000 Pre 0.0113 Rec 0.1000
2026-08-30 01:34:03 | Diag logvar_q_mean=-0.9668 logvar_q_clamp=0.0000 logvar_p_mean=-0.9668 logvar_p_clamp=0.0000
2026-08-30 01:34:07 | Epoch 310/400 | Train Loss 2.3059 Acc 0.1051 | Val Loss 2.3008 Acc 0.1129 AUC 0.5000 Pre 0.0113 Rec 0.1000
2026-08-30 01:34:07 | Diag logvar_q_mean=-0.9694 logvar_q_clamp=0.0000 logvar_p_mean=-0.9694 logvar_p_clamp=0.0000
2026-08-30 01:34:10 | Epoch 311/400 | Train Loss 2.3070 Acc 0.1026 | Val Loss 2.3008 Acc 0.1129 AUC 0.5000 Pre 0.0113 Rec 0.1000
2026-08-30 01:34:11 | Diag logvar_q_mean=-0.9722 logvar_q_clamp=0.0000 logvar_p_mean=-0.9722 logvar_p_clamp=0.0000
2026-08-30 01:34:14 | Epoch 312/400 | Train Loss 2.3064 Acc 0.1058 | Val Loss 2.3008 Acc 0.1129 AUC 0.5000 Pre 0.0113 Rec 0.1000
2026-08-30 01:34:15 | Diag logvar_q_mean=-0.9749 logvar_q_clamp=0.0000 logvar_p_mean=-0.9749 logvar_p_clamp=0.0000
2026-08-30 01:34:18 | Epoch 313/400 | Train Loss 2.3061 Acc 0.1045 | Val Loss 2.3007 Acc 0.1129 AUC 0.5000 Pre 0.0113 Rec 0.1000
2026-08-30 01:34:19 | Diag logvar_q_mean=-0.9776 logvar_q_clamp=0.0000 logvar_p_mean=-0.9776 logvar_p_clamp=0.0000
2026-08-30 01:34:22 | Epoch 314/400 | Train Loss 2.3067 Acc 0.1053 | Val Loss 2.3007 Acc 0.1129 AUC 0.5000 Pre 0.0113 Rec 0.1000
2026-08-30 01:34:22 | Diag logvar_q_mean=-0.9804 logvar_q_clamp=0.0000 logvar_p_mean=-0.9804 logvar_p_clamp=0.0000
2026-08-30 01:34:26 | Epoch 315/400 | Train Loss 2.3058 Acc 0.1032 | Val Loss 2.3007 Acc 0.1129 AUC 0.5000 Pre 0.0113 Rec 0.1000
2026-08-30 01:34:26 | Diag logvar_q_mean=-0.9830 logvar_q_clamp=0.0000 logvar_p_mean=-0.9830 logvar_p_clamp=0.0000
2026-08-30 01:34:30 | Epoch 316/400 | Train Loss 2.3067 Acc 0.1069 | Val Loss 2.3008 Acc 0.1129 AUC 0.5000 Pre 0.0113 Rec 0.1000
2026-08-30 01:34:30 | Diag logvar_q_mean=-0.9857 logvar_q_clamp=0.0000 logvar_p_mean=-0.9857 logvar_p_clamp=0.0000
2026-08-30 01:34:33 | Epoch 317/400 | Train Loss 2.3068 Acc 0.1046 | Val Loss 2.3008 Acc 0.1129 AUC 0.5000 Pre 0.0113 Rec 0.1000
2026-08-30 01:34:34 | Diag logvar_q_mean=-0.9885 logvar_q_clamp=0.0000 logvar_p_mean=-0.9885 logvar_p_clamp=0.0000
2026-08-30 01:34:37 | Epoch 318/400 | Train Loss 2.3060 Acc 0.1056 | Val Loss 2.3008 Acc 0.1129 AUC 0.5000 Pre 0.0113 Rec 0.1000
2026-08-30 01:34:38 | Diag logvar_q_mean=-0.9911 logvar_q_clamp=0.0000 logvar_p_mean=-0.9911 logvar_p_clamp=0.0000
2026-08-30 01:34:41 | Epoch 319/400 | Train Loss 2.3057 Acc 0.1059 | Val Loss 2.3008 Acc 0.1129 AUC 0.5000 Pre 0.0113 Rec 0.1000
2026-08-30 01:34:42 | Diag logvar_q_mean=-0.9937 logvar_q_clamp=0.0000 logvar_p_mean=-0.9937 logvar_p_clamp=0.0000
2026-08-30 01:34:45 | Epoch 320/400 | Train Loss 2.3070 Acc 0.1034 | Val Loss 2.3008 Acc 0.1129 AUC 0.5000 Pre 0.0113 Rec 0.1000
2026-08-30 01:34:45 | Diag logvar_q_mean=-0.9966 logvar_q_clamp=0.0000 logvar_p_mean=-0.9966 logvar_p_clamp=0.0000
2026-08-30 01:34:49 | Epoch 321/400 | Train Loss 2.3060 Acc 0.1055 | Val Loss 2.3008 Acc 0.1129 AUC 0.5000 Pre 0.0113 Rec 0.1000
2026-08-30 01:34:49 | Diag logvar_q_mean=-0.9991 logvar_q_clamp=0.0000 logvar_p_mean=-0.9991 logvar_p_clamp=0.0000
2026-08-30 01:34:53 | Epoch 322/400 | Train Loss 2.3070 Acc 0.1024 | Val Loss 2.3008 Acc 0.1129 AUC 0.5000 Pre 0.0113 Rec 0.1000
2026-08-30 01:34:53 | Diag logvar_q_mean=-1.0019 logvar_q_clamp=0.0000 logvar_p_mean=-1.0019 logvar_p_clamp=0.0000
2026-08-30 01:34:56 | Epoch 323/400 | Train Loss 2.3064 Acc 0.1027 | Val Loss 2.3008 Acc 0.1129 AUC 0.5000 Pre 0.0113 Rec 0.1000
2026-08-30 01:34:57 | Diag logvar_q_mean=-1.0046 logvar_q_clamp=0.0000 logvar_p_mean=-1.0046 logvar_p_clamp=0.0000
2026-08-30 01:35:00 | Epoch 324/400 | Train Loss 2.3062 Acc 0.1062 | Val Loss 2.3007 Acc 0.1129 AUC 0.5000 Pre 0.0113 Rec 0.1000
2026-08-30 01:35:01 | Diag logvar_q_mean=-1.0073 logvar_q_clamp=0.0000 logvar_p_mean=-1.0073 logvar_p_clamp=0.0000
2026-08-30 01:35:04 | Epoch 325/400 | Train Loss 2.3066 Acc 0.1032 | Val Loss 2.3008 Acc 0.1129 AUC 0.5000 Pre 0.0113 Rec 0.1000
2026-08-30 01:35:05 | Diag logvar_q_mean=-1.0100 logvar_q_clamp=0.0000 logvar_p_mean=-1.0100 logvar_p_clamp=0.0000
2026-08-30 01:35:08 | Epoch 326/400 | Train Loss 2.3066 Acc 0.1029 | Val Loss 2.3008 Acc 0.1129 AUC 0.5000 Pre 0.0113 Rec 0.1000
2026-08-30 01:35:08 | Diag logvar_q_mean=-1.0127 logvar_q_clamp=0.0000 logvar_p_mean=-1.0127 logvar_p_clamp=0.0000
2026-08-30 01:35:12 | Epoch 327/400 | Train Loss 2.3065 Acc 0.1056 | Val Loss 2.3007 Acc 0.1129 AUC 0.5000 Pre 0.0113 Rec 0.1000
2026-08-30 01:35:12 | Diag logvar_q_mean=-1.0154 logvar_q_clamp=0.0000 logvar_p_mean=-1.0154 logvar_p_clamp=0.0000
2026-08-30 01:35:15 | Epoch 328/400 | Train Loss 2.3061 Acc 0.1068 | Val Loss 2.3008 Acc 0.1129 AUC 0.5000 Pre 0.0113 Rec 0.1000
2026-08-30 01:35:16 | Diag logvar_q_mean=-1.0180 logvar_q_clamp=0.0000 logvar_p_mean=-1.0180 logvar_p_clamp=0.0000
2026-08-30 01:35:19 | Epoch 329/400 | Train Loss 2.3058 Acc 0.1036 | Val Loss 2.3008 Acc 0.1129 AUC 0.5000 Pre 0.0113 Rec 0.1000
2026-08-30 01:35:20 | Diag logvar_q_mean=-1.0206 logvar_q_clamp=0.0000 logvar_p_mean=-1.0206 logvar_p_clamp=0.0000
2026-08-30 01:35:23 | Epoch 330/400 | Train Loss 2.3067 Acc 0.1040 | Val Loss 2.3008 Acc 0.1129 AUC 0.5000 Pre 0.0113 Rec 0.1000
2026-08-30 01:35:23 | Diag logvar_q_mean=-1.0233 logvar_q_clamp=0.0000 logvar_p_mean=-1.0233 logvar_p_clamp=0.0000
2026-08-30 01:35:26 | Epoch 331/400 | Train Loss 2.3061 Acc 0.1054 | Val Loss 2.3008 Acc 0.1129 AUC 0.5000 Pre 0.0113 Rec 0.1000
2026-08-30 01:35:27 | Diag logvar_q_mean=-1.0260 logvar_q_clamp=0.0000 logvar_p_mean=-1.0260 logvar_p_clamp=0.0000
2026-08-30 01:35:30 | Epoch 332/400 | Train Loss 2.3062 Acc 0.1039 | Val Loss 2.3008 Acc 0.1129 AUC 0.5000 Pre 0.0113 Rec 0.1000
2026-08-30 01:35:31 | Diag logvar_q_mean=-1.0286 logvar_q_clamp=0.0000 logvar_p_mean=-1.0286 logvar_p_clamp=0.0000
2026-08-30 01:35:34 | Epoch 333/400 | Train Loss 2.3064 Acc 0.1048 | Val Loss 2.3007 Acc 0.1129 AUC 0.5000 Pre 0.0113 Rec 0.1000
2026-08-30 01:35:35 | Diag logvar_q_mean=-1.0313 logvar_q_clamp=0.0000 logvar_p_mean=-1.0313 logvar_p_clamp=0.0000
2026-08-30 01:35:38 | Epoch 334/400 | Train Loss 2.3058 Acc 0.1055 | Val Loss 2.3008 Acc 0.1129 AUC 0.5000 Pre 0.0113 Rec 0.1000
2026-08-30 01:35:39 | Diag logvar_q_mean=-1.0338 logvar_q_clamp=0.0000 logvar_p_mean=-1.0338 logvar_p_clamp=0.0000
2026-08-30 01:35:42 | Epoch 335/400 | Train Loss 2.3063 Acc 0.1038 | Val Loss 2.3008 Acc 0.1129 AUC 0.5000 Pre 0.0113 Rec 0.1000
2026-08-30 01:35:43 | Diag logvar_q_mean=-1.0365 logvar_q_clamp=0.0000 logvar_p_mean=-1.0365 logvar_p_clamp=0.0000
2026-08-30 01:35:46 | Epoch 336/400 | Train Loss 2.3066 Acc 0.1048 | Val Loss 2.3008 Acc 0.1129 AUC 0.5000 Pre 0.0113 Rec 0.1000
2026-08-30 01:35:46 | Diag logvar_q_mean=-1.0392 logvar_q_clamp=0.0000 logvar_p_mean=-1.0392 logvar_p_clamp=0.0000
2026-08-30 01:35:50 | Epoch 337/400 | Train Loss 2.3059 Acc 0.1042 | Val Loss 2.3008 Acc 0.1129 AUC 0.5000 Pre 0.0113 Rec 0.1000
2026-08-30 01:35:50 | Diag logvar_q_mean=-1.0417 logvar_q_clamp=0.0000 logvar_p_mean=-1.0417 logvar_p_clamp=0.0000
2026-08-30 01:35:54 | Epoch 338/400 | Train Loss 2.3068 Acc 0.1054 | Val Loss 2.3008 Acc 0.1129 AUC 0.5000 Pre 0.0113 Rec 0.1000
2026-08-30 01:35:54 | Diag logvar_q_mean=-1.0445 logvar_q_clamp=0.0000 logvar_p_mean=-1.0445 logvar_p_clamp=0.0000
2026-08-30 01:35:58 | Epoch 339/400 | Train Loss 2.3062 Acc 0.1078 | Val Loss 2.3008 Acc 0.1129 AUC 0.5000 Pre 0.0113 Rec 0.1000
2026-08-30 01:35:58 | Diag logvar_q_mean=-1.0471 logvar_q_clamp=0.0000 logvar_p_mean=-1.0471 logvar_p_clamp=0.0000
2026-08-30 01:36:02 | Epoch 340/400 | Train Loss 2.3059 Acc 0.1058 | Val Loss 2.3008 Acc 0.1129 AUC 0.5000 Pre 0.0113 Rec 0.1000
2026-08-30 01:36:02 | Diag logvar_q_mean=-1.0496 logvar_q_clamp=0.0000 logvar_p_mean=-1.0496 logvar_p_clamp=0.0000
2026-08-30 01:36:05 | Epoch 341/400 | Train Loss 2.3059 Acc 0.1066 | Val Loss 2.3008 Acc 0.1129 AUC 0.5000 Pre 0.0113 Rec 0.1000
2026-08-30 01:36:06 | Diag logvar_q_mean=-1.0522 logvar_q_clamp=0.0000 logvar_p_mean=-1.0522 logvar_p_clamp=0.0000
2026-08-30 01:36:09 | Epoch 342/400 | Train Loss 2.3072 Acc 0.1045 | Val Loss 2.3008 Acc 0.1129 AUC 0.5000 Pre 0.0113 Rec 0.1000
2026-08-30 01:36:10 | Diag logvar_q_mean=-1.0551 logvar_q_clamp=0.0000 logvar_p_mean=-1.0551 logvar_p_clamp=0.0000
2026-08-30 01:36:13 | Epoch 343/400 | Train Loss 2.3060 Acc 0.1048 | Val Loss 2.3008 Acc 0.1129 AUC 0.5000 Pre 0.0113 Rec 0.1000
2026-08-30 01:36:13 | Diag logvar_q_mean=-1.0576 logvar_q_clamp=0.0000 logvar_p_mean=-1.0576 logvar_p_clamp=0.0000
2026-08-30 01:36:17 | Epoch 344/400 | Train Loss 2.3066 Acc 0.1024 | Val Loss 2.3008 Acc 0.1129 AUC 0.5000 Pre 0.0113 Rec 0.1000
2026-08-30 01:36:17 | Diag logvar_q_mean=-1.0603 logvar_q_clamp=0.0000 logvar_p_mean=-1.0603 logvar_p_clamp=0.0000
2026-08-30 01:36:21 | Epoch 345/400 | Train Loss 2.3058 Acc 0.1050 | Val Loss 2.3008 Acc 0.1129 AUC 0.5000 Pre 0.0113 Rec 0.1000
2026-08-30 01:36:21 | Diag logvar_q_mean=-1.0628 logvar_q_clamp=0.0000 logvar_p_mean=-1.0628 logvar_p_clamp=0.0000
2026-08-30 01:36:24 | Epoch 346/400 | Train Loss 2.3058 Acc 0.1055 | Val Loss 2.3007 Acc 0.1129 AUC 0.5000 Pre 0.0113 Rec 0.1000
2026-08-30 01:36:25 | Diag logvar_q_mean=-1.0653 logvar_q_clamp=0.0000 logvar_p_mean=-1.0653 logvar_p_clamp=0.0000
2026-08-30 01:36:28 | Epoch 347/400 | Train Loss 2.3065 Acc 0.1052 | Val Loss 2.3007 Acc 0.1129 AUC 0.5000 Pre 0.0113 Rec 0.1000
2026-08-30 01:36:29 | Diag logvar_q_mean=-1.0680 logvar_q_clamp=0.0000 logvar_p_mean=-1.0680 logvar_p_clamp=0.0000
2026-08-30 01:36:32 | Epoch 348/400 | Train Loss 2.3065 Acc 0.1061 | Val Loss 2.3008 Acc 0.1129 AUC 0.5000 Pre 0.0113 Rec 0.1000
2026-08-30 01:36:33 | Diag logvar_q_mean=-1.0707 logvar_q_clamp=0.0000 logvar_p_mean=-1.0707 logvar_p_clamp=0.0000
2026-08-30 01:36:36 | Epoch 349/400 | Train Loss 2.3063 Acc 0.1039 | Val Loss 2.3008 Acc 0.1129 AUC 0.5000 Pre 0.0113 Rec 0.1000
2026-08-30 01:36:37 | Diag logvar_q_mean=-1.0733 logvar_q_clamp=0.0000 logvar_p_mean=-1.0733 logvar_p_clamp=0.0000
2026-08-30 01:36:40 | Epoch 350/400 | Train Loss 2.3062 Acc 0.1048 | Val Loss 2.3008 Acc 0.1129 AUC 0.5000 Pre 0.0113 Rec 0.1000
2026-08-30 01:36:40 | Diag logvar_q_mean=-1.0759 logvar_q_clamp=0.0000 logvar_p_mean=-1.0759 logvar_p_clamp=0.0000
2026-08-30 01:36:44 | Epoch 351/400 | Train Loss 2.3064 Acc 0.1035 | Val Loss 2.3008 Acc 0.1129 AUC 0.5000 Pre 0.0113 Rec 0.1000
2026-08-30 01:36:44 | Diag logvar_q_mean=-1.0785 logvar_q_clamp=0.0000 logvar_p_mean=-1.0785 logvar_p_clamp=0.0000
2026-08-30 01:36:47 | Epoch 352/400 | Train Loss 2.3064 Acc 0.1051 | Val Loss 2.3008 Acc 0.1129 AUC 0.5000 Pre 0.0113 Rec 0.1000
2026-08-30 01:36:48 | Diag logvar_q_mean=-1.0811 logvar_q_clamp=0.0000 logvar_p_mean=-1.0811 logvar_p_clamp=0.0000
2026-08-30 01:36:51 | Epoch 353/400 | Train Loss 2.3063 Acc 0.1050 | Val Loss 2.3008 Acc 0.1129 AUC 0.5000 Pre 0.0113 Rec 0.1000
2026-08-30 01:36:52 | Diag logvar_q_mean=-1.0837 logvar_q_clamp=0.0000 logvar_p_mean=-1.0837 logvar_p_clamp=0.0000
2026-08-30 01:36:55 | Epoch 354/400 | Train Loss 2.3065 Acc 0.1049 | Val Loss 2.3008 Acc 0.1129 AUC 0.5000 Pre 0.0113 Rec 0.1000
2026-08-30 01:36:55 | Diag logvar_q_mean=-1.0864 logvar_q_clamp=0.0000 logvar_p_mean=-1.0864 logvar_p_clamp=0.0000
2026-08-30 01:36:59 | Epoch 355/400 | Train Loss 2.3058 Acc 0.1055 | Val Loss 2.3007 Acc 0.1129 AUC 0.5000 Pre 0.0113 Rec 0.1000
2026-08-30 01:36:59 | Diag logvar_q_mean=-1.0889 logvar_q_clamp=0.0000 logvar_p_mean=-1.0889 logvar_p_clamp=0.0000
2026-08-30 01:37:02 | Epoch 356/400 | Train Loss 2.3066 Acc 0.1063 | Val Loss 2.3007 Acc 0.1129 AUC 0.5000 Pre 0.0113 Rec 0.1000
2026-08-30 01:37:03 | Diag logvar_q_mean=-1.0915 logvar_q_clamp=0.0000 logvar_p_mean=-1.0915 logvar_p_clamp=0.0000
2026-08-30 01:37:06 | Epoch 357/400 | Train Loss 2.3058 Acc 0.1072 | Val Loss 2.3008 Acc 0.1129 AUC 0.5000 Pre 0.0113 Rec 0.1000
2026-08-30 01:37:07 | Diag logvar_q_mean=-1.0941 logvar_q_clamp=0.0000 logvar_p_mean=-1.0941 logvar_p_clamp=0.0000
2026-08-30 01:37:10 | Epoch 358/400 | Train Loss 2.3063 Acc 0.1052 | Val Loss 2.3008 Acc 0.1129 AUC 0.5000 Pre 0.0113 Rec 0.1000
2026-08-30 01:37:11 | Diag logvar_q_mean=-1.0967 logvar_q_clamp=0.0000 logvar_p_mean=-1.0967 logvar_p_clamp=0.0000
2026-08-30 01:37:14 | Epoch 359/400 | Train Loss 2.3063 Acc 0.1058 | Val Loss 2.3008 Acc 0.1129 AUC 0.5000 Pre 0.0113 Rec 0.1000
2026-08-30 01:37:14 | Diag logvar_q_mean=-1.0993 logvar_q_clamp=0.0000 logvar_p_mean=-1.0993 logvar_p_clamp=0.0000
2026-08-30 01:37:18 | Epoch 360/400 | Train Loss 2.3067 Acc 0.1043 | Val Loss 2.3008 Acc 0.1129 AUC 0.5000 Pre 0.0113 Rec 0.1000
2026-08-30 01:37:18 | Diag logvar_q_mean=-1.1019 logvar_q_clamp=0.0000 logvar_p_mean=-1.1019 logvar_p_clamp=0.0000
2026-08-30 01:37:21 | Epoch 361/400 | Train Loss 2.3060 Acc 0.1046 | Val Loss 2.3008 Acc 0.1129 AUC 0.5000 Pre 0.0113 Rec 0.1000
2026-08-30 01:37:22 | Diag logvar_q_mean=-1.1044 logvar_q_clamp=0.0000 logvar_p_mean=-1.1044 logvar_p_clamp=0.0000
2026-08-30 01:37:25 | Epoch 362/400 | Train Loss 2.3063 Acc 0.1059 | Val Loss 2.3008 Acc 0.1129 AUC 0.5000 Pre 0.0113 Rec 0.1000
2026-08-30 01:37:26 | Diag logvar_q_mean=-1.1070 logvar_q_clamp=0.0000 logvar_p_mean=-1.1070 logvar_p_clamp=0.0000
2026-08-30 01:37:29 | Epoch 363/400 | Train Loss 2.3062 Acc 0.1053 | Val Loss 2.3008 Acc 0.1129 AUC 0.5000 Pre 0.0113 Rec 0.1000
2026-08-30 01:37:29 | Diag logvar_q_mean=-1.1096 logvar_q_clamp=0.0000 logvar_p_mean=-1.1096 logvar_p_clamp=0.0000
2026-08-30 01:37:33 | Epoch 364/400 | Train Loss 2.3065 Acc 0.1042 | Val Loss 2.3008 Acc 0.1129 AUC 0.5000 Pre 0.0113 Rec 0.1000
2026-08-30 01:37:33 | Diag logvar_q_mean=-1.1122 logvar_q_clamp=0.0000 logvar_p_mean=-1.1122 logvar_p_clamp=0.0000
2026-08-30 01:37:36 | Epoch 365/400 | Train Loss 2.3056 Acc 0.1061 | Val Loss 2.3008 Acc 0.1129 AUC 0.5000 Pre 0.0113 Rec 0.1000
2026-08-30 01:37:37 | Diag logvar_q_mean=-1.1146 logvar_q_clamp=0.0000 logvar_p_mean=-1.1146 logvar_p_clamp=0.0000
2026-08-30 01:37:40 | Epoch 366/400 | Train Loss 2.3062 Acc 0.1047 | Val Loss 2.3008 Acc 0.1129 AUC 0.5000 Pre 0.0113 Rec 0.1000
2026-08-30 01:37:41 | Diag logvar_q_mean=-1.1172 logvar_q_clamp=0.0000 logvar_p_mean=-1.1171 logvar_p_clamp=0.0000
2026-08-30 01:37:44 | Epoch 367/400 | Train Loss 2.3059 Acc 0.1047 | Val Loss 2.3008 Acc 0.1129 AUC 0.5000 Pre 0.0113 Rec 0.1000
2026-08-30 01:37:44 | Diag logvar_q_mean=-1.1196 logvar_q_clamp=0.0000 logvar_p_mean=-1.1196 logvar_p_clamp=0.0000
2026-08-30 01:37:48 | Epoch 368/400 | Train Loss 2.3058 Acc 0.1060 | Val Loss 2.3008 Acc 0.1129 AUC 0.5000 Pre 0.0113 Rec 0.1000
2026-08-30 01:37:48 | Diag logvar_q_mean=-1.1221 logvar_q_clamp=0.0000 logvar_p_mean=-1.1221 logvar_p_clamp=0.0000
2026-08-30 01:37:51 | Epoch 369/400 | Train Loss 2.3059 Acc 0.1054 | Val Loss 2.3008 Acc 0.1129 AUC 0.5000 Pre 0.0113 Rec 0.1000
2026-08-30 01:37:52 | Diag logvar_q_mean=-1.1247 logvar_q_clamp=0.0000 logvar_p_mean=-1.1247 logvar_p_clamp=0.0000
2026-08-30 01:37:55 | Epoch 370/400 | Train Loss 2.3065 Acc 0.1025 | Val Loss 2.3008 Acc 0.1129 AUC 0.5000 Pre 0.0113 Rec 0.1000
2026-08-30 01:37:56 | Diag logvar_q_mean=-1.1274 logvar_q_clamp=0.0000 logvar_p_mean=-1.1274 logvar_p_clamp=0.0000
2026-08-30 01:37:59 | Epoch 371/400 | Train Loss 2.3057 Acc 0.1044 | Val Loss 2.3008 Acc 0.1129 AUC 0.5000 Pre 0.0113 Rec 0.1000
2026-08-30 01:37:59 | Diag logvar_q_mean=-1.1299 logvar_q_clamp=0.0000 logvar_p_mean=-1.1299 logvar_p_clamp=0.0000
2026-08-30 01:38:03 | Epoch 372/400 | Train Loss 2.3063 Acc 0.1046 | Val Loss 2.3008 Acc 0.1129 AUC 0.5000 Pre 0.0113 Rec 0.1000
2026-08-30 01:38:03 | Diag logvar_q_mean=-1.1325 logvar_q_clamp=0.0000 logvar_p_mean=-1.1325 logvar_p_clamp=0.0000
2026-08-30 01:38:06 | Epoch 373/400 | Train Loss 2.3065 Acc 0.1040 | Val Loss 2.3008 Acc 0.1129 AUC 0.5000 Pre 0.0113 Rec 0.1000
2026-08-30 01:38:07 | Diag logvar_q_mean=-1.1351 logvar_q_clamp=0.0000 logvar_p_mean=-1.1351 logvar_p_clamp=0.0000
2026-08-30 01:38:10 | Epoch 374/400 | Train Loss 2.3060 Acc 0.1051 | Val Loss 2.3007 Acc 0.1129 AUC 0.5000 Pre 0.0113 Rec 0.1000
2026-08-30 01:38:11 | Diag logvar_q_mean=-1.1376 logvar_q_clamp=0.0000 logvar_p_mean=-1.1376 logvar_p_clamp=0.0000
2026-08-30 01:38:14 | Epoch 375/400 | Train Loss 2.3065 Acc 0.1048 | Val Loss 2.3008 Acc 0.1129 AUC 0.5000 Pre 0.0113 Rec 0.1000
2026-08-30 01:38:14 | Diag logvar_q_mean=-1.1403 logvar_q_clamp=0.0000 logvar_p_mean=-1.1403 logvar_p_clamp=0.0000
2026-08-30 01:38:18 | Epoch 376/400 | Train Loss 2.3060 Acc 0.1056 | Val Loss 2.3008 Acc 0.1129 AUC 0.5000 Pre 0.0113 Rec 0.1000
2026-08-30 01:38:18 | Diag logvar_q_mean=-1.1427 logvar_q_clamp=0.0000 logvar_p_mean=-1.1427 logvar_p_clamp=0.0000
2026-08-30 01:38:21 | Epoch 377/400 | Train Loss 2.3064 Acc 0.1042 | Val Loss 2.3008 Acc 0.1129 AUC 0.5000 Pre 0.0113 Rec 0.1000
2026-08-30 01:38:22 | Diag logvar_q_mean=-1.1453 logvar_q_clamp=0.0000 logvar_p_mean=-1.1453 logvar_p_clamp=0.0000
2026-08-30 01:38:25 | Epoch 378/400 | Train Loss 2.3057 Acc 0.1069 | Val Loss 2.3008 Acc 0.1129 AUC 0.5000 Pre 0.0113 Rec 0.1000
2026-08-30 01:38:26 | Diag logvar_q_mean=-1.1477 logvar_q_clamp=0.0000 logvar_p_mean=-1.1477 logvar_p_clamp=0.0000
2026-08-30 01:38:29 | Epoch 379/400 | Train Loss 2.3054 Acc 0.1070 | Val Loss 2.3008 Acc 0.1129 AUC 0.5000 Pre 0.0113 Rec 0.1000
2026-08-30 01:38:30 | Diag logvar_q_mean=-1.1501 logvar_q_clamp=0.0000 logvar_p_mean=-1.1501 logvar_p_clamp=0.0000
2026-08-30 01:38:33 | Epoch 380/400 | Train Loss 2.3061 Acc 0.1049 | Val Loss 2.3008 Acc 0.1129 AUC 0.5000 Pre 0.0113 Rec 0.1000
2026-08-30 01:38:33 | Diag logvar_q_mean=-1.1526 logvar_q_clamp=0.0000 logvar_p_mean=-1.1526 logvar_p_clamp=0.0000
2026-08-30 01:38:37 | Epoch 381/400 | Train Loss 2.3053 Acc 0.1077 | Val Loss 2.3008 Acc 0.1129 AUC 0.5000 Pre 0.0113 Rec 0.1000
2026-08-30 01:38:37 | Diag logvar_q_mean=-1.1550 logvar_q_clamp=0.0000 logvar_p_mean=-1.1550 logvar_p_clamp=0.0000
2026-08-30 01:38:40 | Epoch 382/400 | Train Loss 2.3058 Acc 0.1053 | Val Loss 2.3008 Acc 0.1129 AUC 0.5000 Pre 0.0113 Rec 0.1000
2026-08-30 01:38:41 | Diag logvar_q_mean=-1.1575 logvar_q_clamp=0.0000 logvar_p_mean=-1.1575 logvar_p_clamp=0.0000
2026-08-30 01:38:44 | Epoch 383/400 | Train Loss 2.3065 Acc 0.1044 | Val Loss 2.3008 Acc 0.1129 AUC 0.5000 Pre 0.0113 Rec 0.1000
2026-08-30 01:38:45 | Diag logvar_q_mean=-1.1602 logvar_q_clamp=0.0000 logvar_p_mean=-1.1601 logvar_p_clamp=0.0000
2026-08-30 01:38:48 | Epoch 384/400 | Train Loss 2.3053 Acc 0.1064 | Val Loss 2.3007 Acc 0.1129 AUC 0.5000 Pre 0.0113 Rec 0.1000
2026-08-30 01:38:48 | Diag logvar_q_mean=-1.1625 logvar_q_clamp=0.0000 logvar_p_mean=-1.1625 logvar_p_clamp=0.0000
2026-08-30 01:38:52 | Epoch 385/400 | Train Loss 2.3061 Acc 0.1039 | Val Loss 2.3008 Acc 0.1129 AUC 0.5000 Pre 0.0113 Rec 0.1000
2026-08-30 01:38:52 | Diag logvar_q_mean=-1.1651 logvar_q_clamp=0.0000 logvar_p_mean=-1.1651 logvar_p_clamp=0.0000
2026-08-30 01:38:55 | Epoch 386/400 | Train Loss 2.3064 Acc 0.1043 | Val Loss 2.3007 Acc 0.1129 AUC 0.5000 Pre 0.0113 Rec 0.1000
2026-08-30 01:38:56 | Diag logvar_q_mean=-1.1677 logvar_q_clamp=0.0000 logvar_p_mean=-1.1677 logvar_p_clamp=0.0000
2026-08-30 01:38:59 | Epoch 387/400 | Train Loss 2.3059 Acc 0.1050 | Val Loss 2.3008 Acc 0.1129 AUC 0.5000 Pre 0.0113 Rec 0.1000
2026-08-30 01:39:00 | Diag logvar_q_mean=-1.1701 logvar_q_clamp=0.0000 logvar_p_mean=-1.1701 logvar_p_clamp=0.0000
2026-08-30 01:39:03 | Epoch 388/400 | Train Loss 2.3056 Acc 0.1053 | Val Loss 2.3008 Acc 0.1129 AUC 0.5000 Pre 0.0113 Rec 0.1000
2026-08-30 01:39:03 | Diag logvar_q_mean=-1.1725 logvar_q_clamp=0.0000 logvar_p_mean=-1.1725 logvar_p_clamp=0.0000
2026-08-30 01:39:07 | Epoch 389/400 | Train Loss 2.3060 Acc 0.1069 | Val Loss 2.3008 Acc 0.1129 AUC 0.5000 Pre 0.0113 Rec 0.1000
2026-08-30 01:39:07 | Diag logvar_q_mean=-1.1750 logvar_q_clamp=0.0000 logvar_p_mean=-1.1750 logvar_p_clamp=0.0000
2026-08-30 01:39:11 | Epoch 390/400 | Train Loss 2.3060 Acc 0.1048 | Val Loss 2.3008 Acc 0.1129 AUC 0.5000 Pre 0.0113 Rec 0.1000
2026-08-30 01:39:11 | Diag logvar_q_mean=-1.1775 logvar_q_clamp=0.0000 logvar_p_mean=-1.1775 logvar_p_clamp=0.0000
2026-08-30 01:39:14 | Epoch 391/400 | Train Loss 2.3062 Acc 0.1038 | Val Loss 2.3008 Acc 0.1129 AUC 0.5000 Pre 0.0113 Rec 0.1000
2026-08-30 01:39:15 | Diag logvar_q_mean=-1.1801 logvar_q_clamp=0.0000 logvar_p_mean=-1.1801 logvar_p_clamp=0.0000
2026-08-30 01:39:18 | Epoch 392/400 | Train Loss 2.3056 Acc 0.1058 | Val Loss 2.3008 Acc 0.1129 AUC 0.5000 Pre 0.0113 Rec 0.1000
2026-08-30 01:39:19 | Diag logvar_q_mean=-1.1825 logvar_q_clamp=0.0000 logvar_p_mean=-1.1825 logvar_p_clamp=0.0000
2026-08-30 01:39:22 | Epoch 393/400 | Train Loss 2.3059 Acc 0.1038 | Val Loss 2.3008 Acc 0.1129 AUC 0.5000 Pre 0.0113 Rec 0.1000
2026-08-30 01:39:22 | Diag logvar_q_mean=-1.1850 logvar_q_clamp=0.0000 logvar_p_mean=-1.1850 logvar_p_clamp=0.0000
2026-08-30 01:39:26 | Epoch 394/400 | Train Loss 2.3057 Acc 0.1042 | Val Loss 2.3008 Acc 0.1129 AUC 0.5000 Pre 0.0113 Rec 0.1000
2026-08-30 01:39:26 | Diag logvar_q_mean=-1.1874 logvar_q_clamp=0.0000 logvar_p_mean=-1.1874 logvar_p_clamp=0.0000
2026-08-30 01:39:29 | Epoch 395/400 | Train Loss 2.3057 Acc 0.1081 | Val Loss 2.3008 Acc 0.1129 AUC 0.5000 Pre 0.0113 Rec 0.1000
2026-08-30 01:39:30 | Diag logvar_q_mean=-1.1899 logvar_q_clamp=0.0000 logvar_p_mean=-1.1899 logvar_p_clamp=0.0000
2026-08-30 01:39:33 | Epoch 396/400 | Train Loss 2.3064 Acc 0.1058 | Val Loss 2.3008 Acc 0.1129 AUC 0.5000 Pre 0.0113 Rec 0.1000
2026-08-30 01:39:34 | Diag logvar_q_mean=-1.1925 logvar_q_clamp=0.0000 logvar_p_mean=-1.1924 logvar_p_clamp=0.0000
2026-08-30 01:39:37 | Epoch 397/400 | Train Loss 2.3057 Acc 0.1067 | Val Loss 2.3008 Acc 0.1129 AUC 0.5000 Pre 0.0113 Rec 0.1000
2026-08-30 01:39:38 | Diag logvar_q_mean=-1.1949 logvar_q_clamp=0.0000 logvar_p_mean=-1.1949 logvar_p_clamp=0.0000
2026-08-30 01:39:41 | Epoch 398/400 | Train Loss 2.3055 Acc 0.1067 | Val Loss 2.3008 Acc 0.1129 AUC 0.5000 Pre 0.0113 Rec 0.1000
2026-08-30 01:39:42 | Diag logvar_q_mean=-1.1972 logvar_q_clamp=0.0000 logvar_p_mean=-1.1972 logvar_p_clamp=0.0000
2026-08-30 01:39:45 | Epoch 399/400 | Train Loss 2.3060 Acc 0.1060 | Val Loss 2.3008 Acc 0.1129 AUC 0.5000 Pre 0.0113 Rec 0.1000
2026-08-30 01:39:45 | Diag logvar_q_mean=-1.1997 logvar_q_clamp=0.0000 logvar_p_mean=-1.1997 logvar_p_clamp=0.0000
2026-08-30 01:39:49 | Epoch 400/400 | Train Loss 2.3066 Acc 0.1053 | Val Loss 2.3008 Acc 0.1129 AUC 0.5000 Pre 0.0113 Rec 0.1000
2026-08-30 01:39:49 | Diag logvar_q_mean=-1.2024 logvar_q_clamp=0.0000 logvar_p_mean=-1.2024 logvar_p_clamp=0.0000
2026-08-30 01:39:50 | Run 3/5 | Test (best model @ Epoch 1) | Loss 2.3022 Acc 0.1010 AUC 0.5000 Pre 0.0101 Rec 0.1000
2026-08-30 01:39:50 | ===== Run 4/5 (seed 3) =====
2026-08-30 01:39:53 | Epoch   1/400 | Train Loss 2.7851 Acc 0.1001 | Val Loss 2.3016 Acc 0.1038 AUC 0.5000 Pre 0.0104 Rec 0.1000
2026-08-30 01:39:53 | Diag logvar_q_mean=0.0068 logvar_q_clamp=0.0000 logvar_p_mean=0.0068 logvar_p_clamp=0.0000
2026-08-30 01:39:53 |   Val AUC improved to 0.5000, model saved
2026-08-30 01:39:57 | Epoch   2/400 | Train Loss 2.3295 Acc 0.0995 | Val Loss 2.3010 Acc 0.1129 AUC 0.5000 Pre 0.0113 Rec 0.1000
2026-08-30 01:39:57 | Diag logvar_q_mean=0.0053 logvar_q_clamp=0.0000 logvar_p_mean=0.0053 logvar_p_clamp=0.0000
2026-08-30 01:40:01 | Epoch   3/400 | Train Loss 2.3138 Acc 0.1023 | Val Loss 2.3009 Acc 0.1129 AUC 0.5000 Pre 0.0113 Rec 0.1000
2026-08-30 01:40:01 | Diag logvar_q_mean=0.0044 logvar_q_clamp=0.0000 logvar_p_mean=0.0044 logvar_p_clamp=0.0000
2026-08-30 01:40:04 | Epoch   4/400 | Train Loss 2.3104 Acc 0.1042 | Val Loss 2.3008 Acc 0.1129 AUC 0.5000 Pre 0.0113 Rec 0.1000
2026-08-30 01:40:05 | Diag logvar_q_mean=0.0036 logvar_q_clamp=0.0000 logvar_p_mean=0.0036 logvar_p_clamp=0.0000
2026-08-30 01:40:08 | Epoch   5/400 | Train Loss 2.3097 Acc 0.1045 | Val Loss 2.3008 Acc 0.1129 AUC 0.5000 Pre 0.0113 Rec 0.1000
2026-08-30 01:40:09 | Diag logvar_q_mean=0.0028 logvar_q_clamp=0.0000 logvar_p_mean=0.0028 logvar_p_clamp=0.0000
2026-08-30 01:40:12 | Epoch   6/400 | Train Loss 2.3107 Acc 0.1042 | Val Loss 2.3007 Acc 0.1129 AUC 0.5000 Pre 0.0113 Rec 0.1000
2026-08-30 01:40:12 | Diag logvar_q_mean=0.0018 logvar_q_clamp=0.0000 logvar_p_mean=0.0018 logvar_p_clamp=0.0000
2026-08-30 01:40:16 | Epoch   7/400 | Train Loss 2.3100 Acc 0.1043 | Val Loss 2.3008 Acc 0.1129 AUC 0.5000 Pre 0.0113 Rec 0.1000
2026-08-30 01:40:16 | Diag logvar_q_mean=0.0007 logvar_q_clamp=0.0000 logvar_p_mean=0.0007 logvar_p_clamp=0.0000
2026-08-30 01:40:20 | Epoch   8/400 | Train Loss 2.3089 Acc 0.1047 | Val Loss 2.3008 Acc 0.1129 AUC 0.5000 Pre 0.0113 Rec 0.1000
2026-08-30 01:40:20 | Diag logvar_q_mean=-0.0004 logvar_q_clamp=0.0000 logvar_p_mean=-0.0004 logvar_p_clamp=0.0000
2026-08-30 01:40:23 | Epoch   9/400 | Train Loss 2.3104 Acc 0.1033 | Val Loss 2.3007 Acc 0.1129 AUC 0.5000 Pre 0.0113 Rec 0.1000
2026-08-30 01:40:24 | Diag logvar_q_mean=-0.0017 logvar_q_clamp=0.0000 logvar_p_mean=-0.0017 logvar_p_clamp=0.0000
2026-08-30 01:40:27 | Epoch  10/400 | Train Loss 2.3084 Acc 0.1067 | Val Loss 2.3008 Acc 0.1129 AUC 0.5000 Pre 0.0113 Rec 0.1000
2026-08-30 01:40:28 | Diag logvar_q_mean=-0.0030 logvar_q_clamp=0.0000 logvar_p_mean=-0.0030 logvar_p_clamp=0.0000
2026-08-30 01:40:31 | Epoch  11/400 | Train Loss 2.3108 Acc 0.1048 | Val Loss 2.3007 Acc 0.1129 AUC 0.5000 Pre 0.0113 Rec 0.1000
2026-08-30 01:40:31 | Diag logvar_q_mean=-0.0047 logvar_q_clamp=0.0000 logvar_p_mean=-0.0047 logvar_p_clamp=0.0000
2026-08-30 01:40:35 | Epoch  12/400 | Train Loss 2.3104 Acc 0.1014 | Val Loss 2.3007 Acc 0.1129 AUC 0.5000 Pre 0.0113 Rec 0.1000
2026-08-30 01:40:35 | Diag logvar_q_mean=-0.0063 logvar_q_clamp=0.0000 logvar_p_mean=-0.0063 logvar_p_clamp=0.0000
2026-08-30 01:40:38 | Epoch  13/400 | Train Loss 2.3092 Acc 0.1051 | Val Loss 2.3007 Acc 0.1129 AUC 0.5000 Pre 0.0113 Rec 0.1000
2026-08-30 01:40:39 | Diag logvar_q_mean=-0.0079 logvar_q_clamp=0.0000 logvar_p_mean=-0.0079 logvar_p_clamp=0.0000
2026-08-30 01:40:42 | Epoch  14/400 | Train Loss 2.3097 Acc 0.1045 | Val Loss 2.3007 Acc 0.1129 AUC 0.5000 Pre 0.0113 Rec 0.1000
2026-08-30 01:40:43 | Diag logvar_q_mean=-0.0097 logvar_q_clamp=0.0000 logvar_p_mean=-0.0097 logvar_p_clamp=0.0000
2026-08-30 01:40:46 | Epoch  15/400 | Train Loss 2.3098 Acc 0.1034 | Val Loss 2.3007 Acc 0.1129 AUC 0.5000 Pre 0.0113 Rec 0.1000
2026-08-30 01:40:47 | Diag logvar_q_mean=-0.0116 logvar_q_clamp=0.0000 logvar_p_mean=-0.0116 logvar_p_clamp=0.0000
2026-08-30 01:40:50 | Epoch  16/400 | Train Loss 2.3090 Acc 0.1031 | Val Loss 2.3007 Acc 0.1129 AUC 0.5000 Pre 0.0113 Rec 0.1000
2026-08-30 01:40:50 | Diag logvar_q_mean=-0.0137 logvar_q_clamp=0.0000 logvar_p_mean=-0.0137 logvar_p_clamp=0.0000
2026-08-30 01:40:54 | Epoch  17/400 | Train Loss 2.3102 Acc 0.1047 | Val Loss 2.3007 Acc 0.1129 AUC 0.5000 Pre 0.0113 Rec 0.1000
2026-08-30 01:40:54 | Diag logvar_q_mean=-0.0158 logvar_q_clamp=0.0000 logvar_p_mean=-0.0158 logvar_p_clamp=0.0000
2026-08-30 01:40:57 | Epoch  18/400 | Train Loss 2.3096 Acc 0.1043 | Val Loss 2.3007 Acc 0.1129 AUC 0.5000 Pre 0.0113 Rec 0.1000
2026-08-30 01:40:58 | Diag logvar_q_mean=-0.0180 logvar_q_clamp=0.0000 logvar_p_mean=-0.0180 logvar_p_clamp=0.0000
2026-08-30 01:41:01 | Epoch  19/400 | Train Loss 2.3093 Acc 0.1051 | Val Loss 2.3007 Acc 0.1129 AUC 0.5000 Pre 0.0113 Rec 0.1000
2026-08-30 01:41:02 | Diag logvar_q_mean=-0.0203 logvar_q_clamp=0.0000 logvar_p_mean=-0.0203 logvar_p_clamp=0.0000
2026-08-30 01:41:05 | Epoch  20/400 | Train Loss 2.3090 Acc 0.1049 | Val Loss 2.3007 Acc 0.1129 AUC 0.5000 Pre 0.0113 Rec 0.1000
2026-08-30 01:41:06 | Diag logvar_q_mean=-0.0227 logvar_q_clamp=0.0000 logvar_p_mean=-0.0227 logvar_p_clamp=0.0000
2026-08-30 01:41:09 | Epoch  21/400 | Train Loss 2.3096 Acc 0.1049 | Val Loss 2.3007 Acc 0.1129 AUC 0.5000 Pre 0.0113 Rec 0.1000
2026-08-30 01:41:10 | Diag logvar_q_mean=-0.0254 logvar_q_clamp=0.0000 logvar_p_mean=-0.0254 logvar_p_clamp=0.0000
2026-08-30 01:41:13 | Epoch  22/400 | Train Loss 2.3095 Acc 0.1015 | Val Loss 2.3008 Acc 0.1129 AUC 0.5000 Pre 0.0113 Rec 0.1000
2026-08-30 01:41:14 | Diag logvar_q_mean=-0.0281 logvar_q_clamp=0.0000 logvar_p_mean=-0.0281 logvar_p_clamp=0.0000
2026-08-30 01:41:17 | Epoch  23/400 | Train Loss 2.3102 Acc 0.1033 | Val Loss 2.3008 Acc 0.1129 AUC 0.5000 Pre 0.0113 Rec 0.1000
2026-08-30 01:41:17 | Diag logvar_q_mean=-0.0309 logvar_q_clamp=0.0000 logvar_p_mean=-0.0310 logvar_p_clamp=0.0000
2026-08-30 01:41:21 | Epoch  24/400 | Train Loss 2.3097 Acc 0.1019 | Val Loss 2.3007 Acc 0.1129 AUC 0.5000 Pre 0.0113 Rec 0.1000
2026-08-30 01:41:21 | Diag logvar_q_mean=-0.0338 logvar_q_clamp=0.0000 logvar_p_mean=-0.0338 logvar_p_clamp=0.0000
2026-08-30 01:41:24 | Epoch  25/400 | Train Loss 2.3099 Acc 0.1031 | Val Loss 2.3007 Acc 0.1129 AUC 0.5000 Pre 0.0113 Rec 0.1000
2026-08-30 01:41:25 | Diag logvar_q_mean=-0.0368 logvar_q_clamp=0.0000 logvar_p_mean=-0.0368 logvar_p_clamp=0.0000
2026-08-30 01:41:28 | Epoch  26/400 | Train Loss 2.3092 Acc 0.1039 | Val Loss 2.3007 Acc 0.1129 AUC 0.5000 Pre 0.0113 Rec 0.1000
2026-08-30 01:41:29 | Diag logvar_q_mean=-0.0398 logvar_q_clamp=0.0000 logvar_p_mean=-0.0398 logvar_p_clamp=0.0000
2026-08-30 01:41:32 | Epoch  27/400 | Train Loss 2.3093 Acc 0.1040 | Val Loss 2.3007 Acc 0.1129 AUC 0.5000 Pre 0.0113 Rec 0.1000
2026-08-30 01:41:33 | Diag logvar_q_mean=-0.0429 logvar_q_clamp=0.0000 logvar_p_mean=-0.0429 logvar_p_clamp=0.0000
2026-08-30 01:41:36 | Epoch  28/400 | Train Loss 2.3095 Acc 0.1006 | Val Loss 2.3007 Acc 0.1129 AUC 0.5000 Pre 0.0113 Rec 0.1000
2026-08-30 01:41:36 | Diag logvar_q_mean=-0.0461 logvar_q_clamp=0.0000 logvar_p_mean=-0.0461 logvar_p_clamp=0.0000
2026-08-30 01:41:40 | Epoch  29/400 | Train Loss 2.3094 Acc 0.1026 | Val Loss 2.3007 Acc 0.1129 AUC 0.5000 Pre 0.0113 Rec 0.1000
2026-08-30 01:41:40 | Diag logvar_q_mean=-0.0494 logvar_q_clamp=0.0000 logvar_p_mean=-0.0494 logvar_p_clamp=0.0000
2026-08-30 01:41:43 | Epoch  30/400 | Train Loss 2.3095 Acc 0.1045 | Val Loss 2.3008 Acc 0.1129 AUC 0.5000 Pre 0.0113 Rec 0.1000
2026-08-30 01:41:44 | Diag logvar_q_mean=-0.0528 logvar_q_clamp=0.0000 logvar_p_mean=-0.0528 logvar_p_clamp=0.0000
2026-08-30 01:41:47 | Epoch  31/400 | Train Loss 2.3099 Acc 0.1045 | Val Loss 2.3007 Acc 0.1129 AUC 0.5000 Pre 0.0113 Rec 0.1000
2026-08-30 01:41:48 | Diag logvar_q_mean=-0.0563 logvar_q_clamp=0.0000 logvar_p_mean=-0.0563 logvar_p_clamp=0.0000
2026-08-30 01:41:51 | Epoch  32/400 | Train Loss 2.3101 Acc 0.1039 | Val Loss 2.3008 Acc 0.1129 AUC 0.5000 Pre 0.0113 Rec 0.1000
2026-08-30 01:41:52 | Diag logvar_q_mean=-0.0599 logvar_q_clamp=0.0000 logvar_p_mean=-0.0598 logvar_p_clamp=0.0000
2026-08-30 01:41:55 | Epoch  33/400 | Train Loss 2.3092 Acc 0.1065 | Val Loss 2.3008 Acc 0.1129 AUC 0.5000 Pre 0.0113 Rec 0.1000
2026-08-30 01:41:55 | Diag logvar_q_mean=-0.0633 logvar_q_clamp=0.0000 logvar_p_mean=-0.0633 logvar_p_clamp=0.0000
2026-08-30 01:41:59 | Epoch  34/400 | Train Loss 2.3091 Acc 0.1058 | Val Loss 2.3007 Acc 0.1129 AUC 0.5000 Pre 0.0113 Rec 0.1000
2026-08-30 01:41:59 | Diag logvar_q_mean=-0.0668 logvar_q_clamp=0.0000 logvar_p_mean=-0.0668 logvar_p_clamp=0.0000
2026-08-30 01:42:02 | Epoch  35/400 | Train Loss 2.3099 Acc 0.1047 | Val Loss 2.3008 Acc 0.1129 AUC 0.5000 Pre 0.0113 Rec 0.1000
2026-08-30 01:42:03 | Diag logvar_q_mean=-0.0705 logvar_q_clamp=0.0000 logvar_p_mean=-0.0705 logvar_p_clamp=0.0000
2026-08-30 01:42:06 | Epoch  36/400 | Train Loss 2.3095 Acc 0.1046 | Val Loss 2.3008 Acc 0.1129 AUC 0.5000 Pre 0.0113 Rec 0.1000
2026-08-30 01:42:07 | Diag logvar_q_mean=-0.0742 logvar_q_clamp=0.0000 logvar_p_mean=-0.0741 logvar_p_clamp=0.0000
2026-08-30 01:42:10 | Epoch  37/400 | Train Loss 2.3099 Acc 0.1034 | Val Loss 2.3008 Acc 0.1129 AUC 0.5000 Pre 0.0113 Rec 0.1000
2026-08-30 01:42:10 | Diag logvar_q_mean=-0.0779 logvar_q_clamp=0.0000 logvar_p_mean=-0.0779 logvar_p_clamp=0.0000
2026-08-30 01:42:14 | Epoch  38/400 | Train Loss 2.3090 Acc 0.1047 | Val Loss 2.3008 Acc 0.1129 AUC 0.5000 Pre 0.0113 Rec 0.1000
2026-08-30 01:42:14 | Diag logvar_q_mean=-0.0815 logvar_q_clamp=0.0000 logvar_p_mean=-0.0815 logvar_p_clamp=0.0000
2026-08-30 01:42:17 | Epoch  39/400 | Train Loss 2.3098 Acc 0.1037 | Val Loss 2.3007 Acc 0.1129 AUC 0.5000 Pre 0.0113 Rec 0.1000
2026-08-30 01:42:18 | Diag logvar_q_mean=-0.0854 logvar_q_clamp=0.0000 logvar_p_mean=-0.0854 logvar_p_clamp=0.0000
2026-08-30 01:42:21 | Epoch  40/400 | Train Loss 2.3088 Acc 0.1056 | Val Loss 2.3008 Acc 0.1129 AUC 0.5000 Pre 0.0113 Rec 0.1000
2026-08-30 01:42:22 | Diag logvar_q_mean=-0.0891 logvar_q_clamp=0.0000 logvar_p_mean=-0.0891 logvar_p_clamp=0.0000
2026-08-30 01:42:25 | Epoch  41/400 | Train Loss 2.3095 Acc 0.1027 | Val Loss 2.3008 Acc 0.1129 AUC 0.5000 Pre 0.0113 Rec 0.1000
2026-08-30 01:42:26 | Diag logvar_q_mean=-0.0929 logvar_q_clamp=0.0000 logvar_p_mean=-0.0929 logvar_p_clamp=0.0000
2026-08-30 01:42:29 | Epoch  42/400 | Train Loss 2.3089 Acc 0.1045 | Val Loss 2.3007 Acc 0.1129 AUC 0.5000 Pre 0.0113 Rec 0.1000
2026-08-30 01:42:29 | Diag logvar_q_mean=-0.0966 logvar_q_clamp=0.0000 logvar_p_mean=-0.0966 logvar_p_clamp=0.0000
2026-08-30 01:42:33 | Epoch  43/400 | Train Loss 2.3096 Acc 0.1036 | Val Loss 2.3008 Acc 0.1129 AUC 0.5000 Pre 0.0113 Rec 0.1000
2026-08-30 01:42:33 | Diag logvar_q_mean=-0.1005 logvar_q_clamp=0.0000 logvar_p_mean=-0.1005 logvar_p_clamp=0.0000
2026-08-30 01:42:36 | Epoch  44/400 | Train Loss 2.3093 Acc 0.1016 | Val Loss 2.3008 Acc 0.1129 AUC 0.5000 Pre 0.0113 Rec 0.1000
2026-08-30 01:42:37 | Diag logvar_q_mean=-0.1043 logvar_q_clamp=0.0000 logvar_p_mean=-0.1043 logvar_p_clamp=0.0000
2026-08-30 01:42:40 | Epoch  45/400 | Train Loss 2.3090 Acc 0.1026 | Val Loss 2.3008 Acc 0.1129 AUC 0.5000 Pre 0.0113 Rec 0.1000
2026-08-30 01:42:41 | Diag logvar_q_mean=-0.1081 logvar_q_clamp=0.0000 logvar_p_mean=-0.1081 logvar_p_clamp=0.0000
2026-08-30 01:42:44 | Epoch  46/400 | Train Loss 2.3095 Acc 0.1038 | Val Loss 2.3008 Acc 0.1129 AUC 0.5000 Pre 0.0113 Rec 0.1000
2026-08-30 01:42:45 | Diag logvar_q_mean=-0.1120 logvar_q_clamp=0.0000 logvar_p_mean=-0.1120 logvar_p_clamp=0.0000
2026-08-30 01:42:48 | Epoch  47/400 | Train Loss 2.3094 Acc 0.1051 | Val Loss 2.3007 Acc 0.1129 AUC 0.5000 Pre 0.0113 Rec 0.1000
2026-08-30 01:42:48 | Diag logvar_q_mean=-0.1159 logvar_q_clamp=0.0000 logvar_p_mean=-0.1159 logvar_p_clamp=0.0000
2026-08-30 01:42:52 | Epoch  48/400 | Train Loss 2.3090 Acc 0.1019 | Val Loss 2.3007 Acc 0.1129 AUC 0.5000 Pre 0.0113 Rec 0.1000
2026-08-30 01:42:52 | Diag logvar_q_mean=-0.1196 logvar_q_clamp=0.0000 logvar_p_mean=-0.1196 logvar_p_clamp=0.0000
2026-08-30 01:42:55 | Epoch  49/400 | Train Loss 2.3089 Acc 0.1044 | Val Loss 2.3007 Acc 0.1129 AUC 0.5000 Pre 0.0113 Rec 0.1000
2026-08-30 01:42:56 | Diag logvar_q_mean=-0.1235 logvar_q_clamp=0.0000 logvar_p_mean=-0.1235 logvar_p_clamp=0.0000
2026-08-30 01:42:59 | Epoch  50/400 | Train Loss 2.3095 Acc 0.1027 | Val Loss 2.3008 Acc 0.1129 AUC 0.5000 Pre 0.0113 Rec 0.1000
2026-08-30 01:43:00 | Diag logvar_q_mean=-0.1274 logvar_q_clamp=0.0000 logvar_p_mean=-0.1274 logvar_p_clamp=0.0000
2026-08-30 01:43:03 | Epoch  51/400 | Train Loss 2.3089 Acc 0.1053 | Val Loss 2.3008 Acc 0.1129 AUC 0.5000 Pre 0.0113 Rec 0.1000
2026-08-30 01:43:04 | Diag logvar_q_mean=-0.1312 logvar_q_clamp=0.0000 logvar_p_mean=-0.1312 logvar_p_clamp=0.0000
2026-08-30 01:43:07 | Epoch  52/400 | Train Loss 2.3092 Acc 0.1033 | Val Loss 2.3007 Acc 0.1129 AUC 0.5000 Pre 0.0113 Rec 0.1000
2026-08-30 01:43:07 | Diag logvar_q_mean=-0.1351 logvar_q_clamp=0.0000 logvar_p_mean=-0.1351 logvar_p_clamp=0.0000
2026-08-30 01:43:11 | Epoch  53/400 | Train Loss 2.3094 Acc 0.1039 | Val Loss 2.3008 Acc 0.1129 AUC 0.5000 Pre 0.0113 Rec 0.1000
2026-08-30 01:43:11 | Diag logvar_q_mean=-0.1391 logvar_q_clamp=0.0000 logvar_p_mean=-0.1391 logvar_p_clamp=0.0000
2026-08-30 01:43:15 | Epoch  54/400 | Train Loss 2.3093 Acc 0.1036 | Val Loss 2.3007 Acc 0.1129 AUC 0.5000 Pre 0.0113 Rec 0.1000
2026-08-30 01:43:15 | Diag logvar_q_mean=-0.1430 logvar_q_clamp=0.0000 logvar_p_mean=-0.1430 logvar_p_clamp=0.0000
2026-08-30 01:43:18 | Epoch  55/400 | Train Loss 2.3090 Acc 0.1015 | Val Loss 2.3008 Acc 0.1129 AUC 0.5000 Pre 0.0113 Rec 0.1000
2026-08-30 01:43:19 | Diag logvar_q_mean=-0.1468 logvar_q_clamp=0.0000 logvar_p_mean=-0.1468 logvar_p_clamp=0.0000
2026-08-30 01:43:22 | Epoch  56/400 | Train Loss 2.3081 Acc 0.1057 | Val Loss 2.3007 Acc 0.1129 AUC 0.5000 Pre 0.0113 Rec 0.1000
2026-08-30 01:43:23 | Diag logvar_q_mean=-0.1504 logvar_q_clamp=0.0000 logvar_p_mean=-0.1504 logvar_p_clamp=0.0000
2026-08-30 01:43:26 | Epoch  57/400 | Train Loss 2.3095 Acc 0.1036 | Val Loss 2.3008 Acc 0.1129 AUC 0.5000 Pre 0.0113 Rec 0.1000
2026-08-30 01:43:27 | Diag logvar_q_mean=-0.1544 logvar_q_clamp=0.0000 logvar_p_mean=-0.1544 logvar_p_clamp=0.0000
2026-08-30 01:43:30 | Epoch  58/400 | Train Loss 2.3084 Acc 0.1064 | Val Loss 2.3007 Acc 0.1129 AUC 0.5000 Pre 0.0113 Rec 0.1000
2026-08-30 01:43:30 | Diag logvar_q_mean=-0.1582 logvar_q_clamp=0.0000 logvar_p_mean=-0.1582 logvar_p_clamp=0.0000
2026-08-30 01:43:34 | Epoch  59/400 | Train Loss 2.3087 Acc 0.1035 | Val Loss 2.3007 Acc 0.1129 AUC 0.5000 Pre 0.0113 Rec 0.1000
2026-08-30 01:43:34 | Diag logvar_q_mean=-0.1620 logvar_q_clamp=0.0000 logvar_p_mean=-0.1620 logvar_p_clamp=0.0000
2026-08-30 01:43:37 | Epoch  60/400 | Train Loss 2.3097 Acc 0.1032 | Val Loss 2.3008 Acc 0.1129 AUC 0.5000 Pre 0.0113 Rec 0.1000
2026-08-30 01:43:38 | Diag logvar_q_mean=-0.1660 logvar_q_clamp=0.0000 logvar_p_mean=-0.1660 logvar_p_clamp=0.0000
2026-08-30 01:43:41 | Epoch  61/400 | Train Loss 2.3089 Acc 0.1050 | Val Loss 2.3008 Acc 0.1129 AUC 0.5000 Pre 0.0113 Rec 0.1000
2026-08-30 01:43:42 | Diag logvar_q_mean=-0.1698 logvar_q_clamp=0.0000 logvar_p_mean=-0.1698 logvar_p_clamp=0.0000
2026-08-30 01:43:45 | Epoch  62/400 | Train Loss 2.3084 Acc 0.1032 | Val Loss 2.3008 Acc 0.1129 AUC 0.5000 Pre 0.0113 Rec 0.1000
2026-08-30 01:43:45 | Diag logvar_q_mean=-0.1736 logvar_q_clamp=0.0000 logvar_p_mean=-0.1736 logvar_p_clamp=0.0000
2026-08-30 01:43:49 | Epoch  63/400 | Train Loss 2.3088 Acc 0.1060 | Val Loss 2.3008 Acc 0.1129 AUC 0.5000 Pre 0.0113 Rec 0.1000
2026-08-30 01:43:49 | Diag logvar_q_mean=-0.1774 logvar_q_clamp=0.0000 logvar_p_mean=-0.1774 logvar_p_clamp=0.0000
2026-08-30 01:43:52 | Epoch  64/400 | Train Loss 2.3081 Acc 0.1048 | Val Loss 2.3007 Acc 0.1129 AUC 0.5000 Pre 0.0113 Rec 0.1000
2026-08-30 01:43:53 | Diag logvar_q_mean=-0.1811 logvar_q_clamp=0.0000 logvar_p_mean=-0.1811 logvar_p_clamp=0.0000
2026-08-30 01:43:56 | Epoch  65/400 | Train Loss 2.3091 Acc 0.1044 | Val Loss 2.3007 Acc 0.1129 AUC 0.5000 Pre 0.0113 Rec 0.1000
2026-08-30 01:43:57 | Diag logvar_q_mean=-0.1850 logvar_q_clamp=0.0000 logvar_p_mean=-0.1850 logvar_p_clamp=0.0000
2026-08-30 01:44:00 | Epoch  66/400 | Train Loss 2.3088 Acc 0.1041 | Val Loss 2.3007 Acc 0.1129 AUC 0.5000 Pre 0.0113 Rec 0.1000
2026-08-30 01:44:01 | Diag logvar_q_mean=-0.1888 logvar_q_clamp=0.0000 logvar_p_mean=-0.1888 logvar_p_clamp=0.0000
2026-08-30 01:44:04 | Epoch  67/400 | Train Loss 2.3088 Acc 0.1050 | Val Loss 2.3008 Acc 0.1129 AUC 0.5000 Pre 0.0113 Rec 0.1000
2026-08-30 01:44:04 | Diag logvar_q_mean=-0.1926 logvar_q_clamp=0.0000 logvar_p_mean=-0.1926 logvar_p_clamp=0.0000
2026-08-30 01:44:08 | Epoch  68/400 | Train Loss 2.3089 Acc 0.1045 | Val Loss 2.3008 Acc 0.1129 AUC 0.5000 Pre 0.0113 Rec 0.1000
2026-08-30 01:44:08 | Diag logvar_q_mean=-0.1964 logvar_q_clamp=0.0000 logvar_p_mean=-0.1964 logvar_p_clamp=0.0000
2026-08-30 01:44:11 | Epoch  69/400 | Train Loss 2.3090 Acc 0.1034 | Val Loss 2.3008 Acc 0.1129 AUC 0.5000 Pre 0.0113 Rec 0.1000
2026-08-30 01:44:12 | Diag logvar_q_mean=-0.2002 logvar_q_clamp=0.0000 logvar_p_mean=-0.2002 logvar_p_clamp=0.0000
2026-08-30 01:44:15 | Epoch  70/400 | Train Loss 2.3093 Acc 0.1044 | Val Loss 2.3008 Acc 0.1129 AUC 0.5000 Pre 0.0113 Rec 0.1000
2026-08-30 01:44:16 | Diag logvar_q_mean=-0.2041 logvar_q_clamp=0.0000 logvar_p_mean=-0.2041 logvar_p_clamp=0.0000
2026-08-30 01:44:19 | Epoch  71/400 | Train Loss 2.3090 Acc 0.1049 | Val Loss 2.3008 Acc 0.1129 AUC 0.5000 Pre 0.0113 Rec 0.1000
2026-08-30 01:44:20 | Diag logvar_q_mean=-0.2079 logvar_q_clamp=0.0000 logvar_p_mean=-0.2079 logvar_p_clamp=0.0000
2026-08-30 01:44:23 | Epoch  72/400 | Train Loss 2.3089 Acc 0.1034 | Val Loss 2.3007 Acc 0.1129 AUC 0.5000 Pre 0.0113 Rec 0.1000
2026-08-30 01:44:23 | Diag logvar_q_mean=-0.2117 logvar_q_clamp=0.0000 logvar_p_mean=-0.2116 logvar_p_clamp=0.0000
2026-08-30 01:44:27 | Epoch  73/400 | Train Loss 2.3091 Acc 0.1049 | Val Loss 2.3008 Acc 0.1129 AUC 0.5000 Pre 0.0113 Rec 0.1000
2026-08-30 01:44:27 | Diag logvar_q_mean=-0.2154 logvar_q_clamp=0.0000 logvar_p_mean=-0.2154 logvar_p_clamp=0.0000
2026-08-30 01:44:30 | Epoch  74/400 | Train Loss 2.3087 Acc 0.1059 | Val Loss 2.3008 Acc 0.1129 AUC 0.5000 Pre 0.0113 Rec 0.1000
2026-08-30 01:44:31 | Diag logvar_q_mean=-0.2191 logvar_q_clamp=0.0000 logvar_p_mean=-0.2191 logvar_p_clamp=0.0000
2026-08-30 01:44:34 | Epoch  75/400 | Train Loss 2.3086 Acc 0.1047 | Val Loss 2.3008 Acc 0.1129 AUC 0.5000 Pre 0.0113 Rec 0.1000
2026-08-30 01:44:35 | Diag logvar_q_mean=-0.2228 logvar_q_clamp=0.0000 logvar_p_mean=-0.2228 logvar_p_clamp=0.0000
2026-08-30 01:44:38 | Epoch  76/400 | Train Loss 2.3094 Acc 0.1038 | Val Loss 2.3007 Acc 0.1129 AUC 0.5000 Pre 0.0113 Rec 0.1000
2026-08-30 01:44:39 | Diag logvar_q_mean=-0.2267 logvar_q_clamp=0.0000 logvar_p_mean=-0.2267 logvar_p_clamp=0.0000
2026-08-30 01:44:42 | Epoch  77/400 | Train Loss 2.3097 Acc 0.1006 | Val Loss 2.3008 Acc 0.1129 AUC 0.5000 Pre 0.0113 Rec 0.1000
2026-08-30 01:44:42 | Diag logvar_q_mean=-0.2306 logvar_q_clamp=0.0000 logvar_p_mean=-0.2306 logvar_p_clamp=0.0000
2026-08-30 01:44:46 | Epoch  78/400 | Train Loss 2.3086 Acc 0.1039 | Val Loss 2.3008 Acc 0.1129 AUC 0.5000 Pre 0.0113 Rec 0.1000
2026-08-30 01:44:46 | Diag logvar_q_mean=-0.2342 logvar_q_clamp=0.0000 logvar_p_mean=-0.2342 logvar_p_clamp=0.0000
2026-08-30 01:44:49 | Epoch  79/400 | Train Loss 2.3086 Acc 0.1016 | Val Loss 2.3008 Acc 0.1129 AUC 0.5000 Pre 0.0113 Rec 0.1000
2026-08-30 01:44:50 | Diag logvar_q_mean=-0.2380 logvar_q_clamp=0.0000 logvar_p_mean=-0.2380 logvar_p_clamp=0.0000
2026-08-30 01:44:53 | Epoch  80/400 | Train Loss 2.3086 Acc 0.1059 | Val Loss 2.3007 Acc 0.1129 AUC 0.5000 Pre 0.0113 Rec 0.1000
2026-08-30 01:44:54 | Diag logvar_q_mean=-0.2417 logvar_q_clamp=0.0000 logvar_p_mean=-0.2417 logvar_p_clamp=0.0000
2026-08-30 01:44:57 | Epoch  81/400 | Train Loss 2.3083 Acc 0.1067 | Val Loss 2.3007 Acc 0.1129 AUC 0.5000 Pre 0.0113 Rec 0.1000
2026-08-30 01:44:58 | Diag logvar_q_mean=-0.2453 logvar_q_clamp=0.0000 logvar_p_mean=-0.2453 logvar_p_clamp=0.0000
2026-08-30 01:45:01 | Epoch  82/400 | Train Loss 2.3085 Acc 0.1049 | Val Loss 2.3008 Acc 0.1129 AUC 0.5000 Pre 0.0113 Rec 0.1000
2026-08-30 01:45:01 | Diag logvar_q_mean=-0.2490 logvar_q_clamp=0.0000 logvar_p_mean=-0.2490 logvar_p_clamp=0.0000
2026-08-30 01:45:05 | Epoch  83/400 | Train Loss 2.3085 Acc 0.1063 | Val Loss 2.3008 Acc 0.1129 AUC 0.5000 Pre 0.0113 Rec 0.1000
2026-08-30 01:45:05 | Diag logvar_q_mean=-0.2526 logvar_q_clamp=0.0000 logvar_p_mean=-0.2526 logvar_p_clamp=0.0000
2026-08-30 01:45:08 | Epoch  84/400 | Train Loss 2.3085 Acc 0.1061 | Val Loss 2.3008 Acc 0.1129 AUC 0.5000 Pre 0.0113 Rec 0.1000
2026-08-30 01:45:09 | Diag logvar_q_mean=-0.2563 logvar_q_clamp=0.0000 logvar_p_mean=-0.2563 logvar_p_clamp=0.0000
2026-08-30 01:45:12 | Epoch  85/400 | Train Loss 2.3092 Acc 0.1025 | Val Loss 2.3008 Acc 0.1129 AUC 0.5000 Pre 0.0113 Rec 0.1000
2026-08-30 01:45:13 | Diag logvar_q_mean=-0.2601 logvar_q_clamp=0.0000 logvar_p_mean=-0.2601 logvar_p_clamp=0.0000
2026-08-30 01:45:16 | Epoch  86/400 | Train Loss 2.3081 Acc 0.1034 | Val Loss 2.3007 Acc 0.1129 AUC 0.5000 Pre 0.0113 Rec 0.1000
2026-08-30 01:45:17 | Diag logvar_q_mean=-0.2637 logvar_q_clamp=0.0000 logvar_p_mean=-0.2637 logvar_p_clamp=0.0000
2026-08-30 01:45:20 | Epoch  87/400 | Train Loss 2.3090 Acc 0.1030 | Val Loss 2.3007 Acc 0.1129 AUC 0.5000 Pre 0.0113 Rec 0.1000
2026-08-30 01:45:20 | Diag logvar_q_mean=-0.2674 logvar_q_clamp=0.0000 logvar_p_mean=-0.2674 logvar_p_clamp=0.0000
2026-08-30 01:45:24 | Epoch  88/400 | Train Loss 2.3085 Acc 0.1031 | Val Loss 2.3008 Acc 0.1129 AUC 0.5000 Pre 0.0113 Rec 0.1000
2026-08-30 01:45:24 | Diag logvar_q_mean=-0.2710 logvar_q_clamp=0.0000 logvar_p_mean=-0.2710 logvar_p_clamp=0.0000
2026-08-30 01:45:27 | Epoch  89/400 | Train Loss 2.3091 Acc 0.1018 | Val Loss 2.3008 Acc 0.1129 AUC 0.5000 Pre 0.0113 Rec 0.1000
2026-08-30 01:45:28 | Diag logvar_q_mean=-0.2747 logvar_q_clamp=0.0000 logvar_p_mean=-0.2747 logvar_p_clamp=0.0000
2026-08-30 01:45:31 | Epoch  90/400 | Train Loss 2.3077 Acc 0.1039 | Val Loss 2.3008 Acc 0.1129 AUC 0.5000 Pre 0.0113 Rec 0.1000
2026-08-30 01:45:32 | Diag logvar_q_mean=-0.2781 logvar_q_clamp=0.0000 logvar_p_mean=-0.2781 logvar_p_clamp=0.0000
2026-08-30 01:45:35 | Epoch  91/400 | Train Loss 2.3085 Acc 0.1039 | Val Loss 2.3008 Acc 0.1129 AUC 0.5000 Pre 0.0113 Rec 0.1000
2026-08-30 01:45:36 | Diag logvar_q_mean=-0.2818 logvar_q_clamp=0.0000 logvar_p_mean=-0.2818 logvar_p_clamp=0.0000
2026-08-30 01:45:39 | Epoch  92/400 | Train Loss 2.3085 Acc 0.1060 | Val Loss 2.3008 Acc 0.1129 AUC 0.5000 Pre 0.0113 Rec 0.1000
2026-08-30 01:45:39 | Diag logvar_q_mean=-0.2855 logvar_q_clamp=0.0000 logvar_p_mean=-0.2855 logvar_p_clamp=0.0000
2026-08-30 01:45:43 | Epoch  93/400 | Train Loss 2.3085 Acc 0.1058 | Val Loss 2.3007 Acc 0.1129 AUC 0.5000 Pre 0.0113 Rec 0.1000
2026-08-30 01:45:43 | Diag logvar_q_mean=-0.2891 logvar_q_clamp=0.0000 logvar_p_mean=-0.2891 logvar_p_clamp=0.0000
2026-08-30 01:45:46 | Epoch  94/400 | Train Loss 2.3078 Acc 0.1051 | Val Loss 2.3007 Acc 0.1129 AUC 0.5000 Pre 0.0113 Rec 0.1000
2026-08-30 01:45:47 | Diag logvar_q_mean=-0.2927 logvar_q_clamp=0.0000 logvar_p_mean=-0.2927 logvar_p_clamp=0.0000
2026-08-30 01:45:50 | Epoch  95/400 | Train Loss 2.3093 Acc 0.1030 | Val Loss 2.3007 Acc 0.1129 AUC 0.5000 Pre 0.0113 Rec 0.1000
2026-08-30 01:45:51 | Diag logvar_q_mean=-0.2966 logvar_q_clamp=0.0000 logvar_p_mean=-0.2966 logvar_p_clamp=0.0000
2026-08-30 01:45:54 | Epoch  96/400 | Train Loss 2.3080 Acc 0.1037 | Val Loss 2.3008 Acc 0.1129 AUC 0.5000 Pre 0.0113 Rec 0.1000
2026-08-30 01:45:54 | Diag logvar_q_mean=-0.3000 logvar_q_clamp=0.0000 logvar_p_mean=-0.3000 logvar_p_clamp=0.0000
2026-08-30 01:45:58 | Epoch  97/400 | Train Loss 2.3082 Acc 0.1013 | Val Loss 2.3008 Acc 0.1129 AUC 0.5000 Pre 0.0113 Rec 0.1000
2026-08-30 01:45:58 | Diag logvar_q_mean=-0.3036 logvar_q_clamp=0.0000 logvar_p_mean=-0.3036 logvar_p_clamp=0.0000
2026-08-30 01:46:01 | Epoch  98/400 | Train Loss 2.3088 Acc 0.1056 | Val Loss 2.3008 Acc 0.1129 AUC 0.5000 Pre 0.0113 Rec 0.1000
2026-08-30 01:46:02 | Diag logvar_q_mean=-0.3074 logvar_q_clamp=0.0000 logvar_p_mean=-0.3074 logvar_p_clamp=0.0000
2026-08-30 01:46:05 | Epoch  99/400 | Train Loss 2.3079 Acc 0.1034 | Val Loss 2.3007 Acc 0.1129 AUC 0.5000 Pre 0.0113 Rec 0.1000
2026-08-30 01:46:06 | Diag logvar_q_mean=-0.3109 logvar_q_clamp=0.0000 logvar_p_mean=-0.3109 logvar_p_clamp=0.0000
2026-08-30 01:46:09 | Epoch 100/400 | Train Loss 2.3084 Acc 0.1034 | Val Loss 2.3007 Acc 0.1129 AUC 0.5000 Pre 0.0113 Rec 0.1000
2026-08-30 01:46:10 | Diag logvar_q_mean=-0.3145 logvar_q_clamp=0.0000 logvar_p_mean=-0.3145 logvar_p_clamp=0.0000
2026-08-30 01:46:13 | Epoch 101/400 | Train Loss 2.3086 Acc 0.1036 | Val Loss 2.3007 Acc 0.1129 AUC 0.5000 Pre 0.0113 Rec 0.1000
2026-08-30 01:46:13 | Diag logvar_q_mean=-0.3182 logvar_q_clamp=0.0000 logvar_p_mean=-0.3182 logvar_p_clamp=0.0000
2026-08-30 01:46:17 | Epoch 102/400 | Train Loss 2.3093 Acc 0.1032 | Val Loss 2.3007 Acc 0.1129 AUC 0.5000 Pre 0.0113 Rec 0.1000
2026-08-30 01:46:17 | Diag logvar_q_mean=-0.3220 logvar_q_clamp=0.0000 logvar_p_mean=-0.3220 logvar_p_clamp=0.0000
2026-08-30 01:46:20 | Epoch 103/400 | Train Loss 2.3079 Acc 0.1040 | Val Loss 2.3008 Acc 0.1129 AUC 0.5000 Pre 0.0113 Rec 0.1000
2026-08-30 01:46:21 | Diag logvar_q_mean=-0.3254 logvar_q_clamp=0.0000 logvar_p_mean=-0.3254 logvar_p_clamp=0.0000
2026-08-30 01:46:24 | Epoch 104/400 | Train Loss 2.3082 Acc 0.1023 | Val Loss 2.3007 Acc 0.1129 AUC 0.5000 Pre 0.0113 Rec 0.1000
2026-08-30 01:46:25 | Diag logvar_q_mean=-0.3289 logvar_q_clamp=0.0000 logvar_p_mean=-0.3289 logvar_p_clamp=0.0000
2026-08-30 01:46:28 | Epoch 105/400 | Train Loss 2.3078 Acc 0.1056 | Val Loss 2.3008 Acc 0.1129 AUC 0.5000 Pre 0.0113 Rec 0.1000
2026-08-30 01:46:29 | Diag logvar_q_mean=-0.3324 logvar_q_clamp=0.0000 logvar_p_mean=-0.3324 logvar_p_clamp=0.0000
2026-08-30 01:46:32 | Epoch 106/400 | Train Loss 2.3086 Acc 0.1035 | Val Loss 2.3008 Acc 0.1129 AUC 0.5000 Pre 0.0113 Rec 0.1000
2026-08-30 01:46:32 | Diag logvar_q_mean=-0.3360 logvar_q_clamp=0.0000 logvar_p_mean=-0.3360 logvar_p_clamp=0.0000
2026-08-30 01:46:36 | Epoch 107/400 | Train Loss 2.3080 Acc 0.1022 | Val Loss 2.3008 Acc 0.1129 AUC 0.5000 Pre 0.0113 Rec 0.1000
2026-08-30 01:46:36 | Diag logvar_q_mean=-0.3395 logvar_q_clamp=0.0000 logvar_p_mean=-0.3395 logvar_p_clamp=0.0000
2026-08-30 01:46:39 | Epoch 108/400 | Train Loss 2.3085 Acc 0.1046 | Val Loss 2.3008 Acc 0.1129 AUC 0.5000 Pre 0.0113 Rec 0.1000
2026-08-30 01:46:40 | Diag logvar_q_mean=-0.3431 logvar_q_clamp=0.0000 logvar_p_mean=-0.3431 logvar_p_clamp=0.0000
2026-08-30 01:46:43 | Epoch 109/400 | Train Loss 2.3080 Acc 0.1050 | Val Loss 2.3007 Acc 0.1129 AUC 0.5000 Pre 0.0113 Rec 0.1000
2026-08-30 01:46:44 | Diag logvar_q_mean=-0.3466 logvar_q_clamp=0.0000 logvar_p_mean=-0.3466 logvar_p_clamp=0.0000
2026-08-30 01:46:47 | Epoch 110/400 | Train Loss 2.3086 Acc 0.1044 | Val Loss 2.3007 Acc 0.1129 AUC 0.5000 Pre 0.0113 Rec 0.1000
2026-08-30 01:46:48 | Diag logvar_q_mean=-0.3502 logvar_q_clamp=0.0000 logvar_p_mean=-0.3502 logvar_p_clamp=0.0000
2026-08-30 01:46:51 | Epoch 111/400 | Train Loss 2.3081 Acc 0.1048 | Val Loss 2.3007 Acc 0.1129 AUC 0.5000 Pre 0.0113 Rec 0.1000
2026-08-30 01:46:52 | Diag logvar_q_mean=-0.3537 logvar_q_clamp=0.0000 logvar_p_mean=-0.3537 logvar_p_clamp=0.0000
2026-08-30 01:46:55 | Epoch 112/400 | Train Loss 2.3081 Acc 0.1056 | Val Loss 2.3008 Acc 0.1129 AUC 0.5000 Pre 0.0113 Rec 0.1000
2026-08-30 01:46:55 | Diag logvar_q_mean=-0.3572 logvar_q_clamp=0.0000 logvar_p_mean=-0.3572 logvar_p_clamp=0.0000
2026-08-30 01:46:59 | Epoch 113/400 | Train Loss 2.3087 Acc 0.1050 | Val Loss 2.3007 Acc 0.1129 AUC 0.5000 Pre 0.0113 Rec 0.1000
2026-08-30 01:46:59 | Diag logvar_q_mean=-0.3608 logvar_q_clamp=0.0000 logvar_p_mean=-0.3608 logvar_p_clamp=0.0000
2026-08-30 01:47:02 | Epoch 114/400 | Train Loss 2.3083 Acc 0.1040 | Val Loss 2.3008 Acc 0.1129 AUC 0.5000 Pre 0.0113 Rec 0.1000
2026-08-30 01:47:03 | Diag logvar_q_mean=-0.3643 logvar_q_clamp=0.0000 logvar_p_mean=-0.3643 logvar_p_clamp=0.0000
2026-08-30 01:47:06 | Epoch 115/400 | Train Loss 2.3084 Acc 0.1026 | Val Loss 2.3008 Acc 0.1129 AUC 0.5000 Pre 0.0113 Rec 0.1000
2026-08-30 01:47:07 | Diag logvar_q_mean=-0.3678 logvar_q_clamp=0.0000 logvar_p_mean=-0.3678 logvar_p_clamp=0.0000
2026-08-30 01:47:10 | Epoch 116/400 | Train Loss 2.3081 Acc 0.1042 | Val Loss 2.3008 Acc 0.1129 AUC 0.5000 Pre 0.0113 Rec 0.1000
2026-08-30 01:47:11 | Diag logvar_q_mean=-0.3713 logvar_q_clamp=0.0000 logvar_p_mean=-0.3713 logvar_p_clamp=0.0000
2026-08-30 01:47:14 | Epoch 117/400 | Train Loss 2.3080 Acc 0.1019 | Val Loss 2.3008 Acc 0.1129 AUC 0.5000 Pre 0.0113 Rec 0.1000
2026-08-30 01:47:14 | Diag logvar_q_mean=-0.3748 logvar_q_clamp=0.0000 logvar_p_mean=-0.3748 logvar_p_clamp=0.0000
2026-08-30 01:47:18 | Epoch 118/400 | Train Loss 2.3086 Acc 0.1021 | Val Loss 2.3008 Acc 0.1129 AUC 0.5000 Pre 0.0113 Rec 0.1000
2026-08-30 01:47:18 | Diag logvar_q_mean=-0.3784 logvar_q_clamp=0.0000 logvar_p_mean=-0.3784 logvar_p_clamp=0.0000
2026-08-30 01:47:21 | Epoch 119/400 | Train Loss 2.3074 Acc 0.1050 | Val Loss 2.3008 Acc 0.1129 AUC 0.5000 Pre 0.0113 Rec 0.1000
2026-08-30 01:47:22 | Diag logvar_q_mean=-0.3818 logvar_q_clamp=0.0000 logvar_p_mean=-0.3818 logvar_p_clamp=0.0000
2026-08-30 01:47:25 | Epoch 120/400 | Train Loss 2.3087 Acc 0.1031 | Val Loss 2.3008 Acc 0.1129 AUC 0.5000 Pre 0.0113 Rec 0.1000
2026-08-30 01:47:26 | Diag logvar_q_mean=-0.3854 logvar_q_clamp=0.0000 logvar_p_mean=-0.3854 logvar_p_clamp=0.0000
2026-08-30 01:47:29 | Epoch 121/400 | Train Loss 2.3078 Acc 0.1060 | Val Loss 2.3008 Acc 0.1129 AUC 0.5000 Pre 0.0113 Rec 0.1000
2026-08-30 01:47:30 | Diag logvar_q_mean=-0.3888 logvar_q_clamp=0.0000 logvar_p_mean=-0.3888 logvar_p_clamp=0.0000
2026-08-30 01:47:33 | Epoch 122/400 | Train Loss 2.3084 Acc 0.1033 | Val Loss 2.3008 Acc 0.1129 AUC 0.5000 Pre 0.0113 Rec 0.1000
2026-08-30 01:47:34 | Diag logvar_q_mean=-0.3923 logvar_q_clamp=0.0000 logvar_p_mean=-0.3923 logvar_p_clamp=0.0000
2026-08-30 01:47:37 | Epoch 123/400 | Train Loss 2.3082 Acc 0.1039 | Val Loss 2.3007 Acc 0.1129 AUC 0.5000 Pre 0.0113 Rec 0.1000
2026-08-30 01:47:37 | Diag logvar_q_mean=-0.3958 logvar_q_clamp=0.0000 logvar_p_mean=-0.3958 logvar_p_clamp=0.0000
2026-08-30 01:47:41 | Epoch 124/400 | Train Loss 2.3083 Acc 0.1039 | Val Loss 2.3007 Acc 0.1129 AUC 0.5000 Pre 0.0113 Rec 0.1000
2026-08-30 01:47:41 | Diag logvar_q_mean=-0.3993 logvar_q_clamp=0.0000 logvar_p_mean=-0.3993 logvar_p_clamp=0.0000
2026-08-30 01:47:44 | Epoch 125/400 | Train Loss 2.3080 Acc 0.1028 | Val Loss 2.3008 Acc 0.1129 AUC 0.5000 Pre 0.0113 Rec 0.1000
2026-08-30 01:47:45 | Diag logvar_q_mean=-0.4027 logvar_q_clamp=0.0000 logvar_p_mean=-0.4027 logvar_p_clamp=0.0000
2026-08-30 01:47:48 | Epoch 126/400 | Train Loss 2.3081 Acc 0.1043 | Val Loss 2.3007 Acc 0.1129 AUC 0.5000 Pre 0.0113 Rec 0.1000
2026-08-30 01:47:49 | Diag logvar_q_mean=-0.4061 logvar_q_clamp=0.0000 logvar_p_mean=-0.4061 logvar_p_clamp=0.0000
2026-08-30 01:47:52 | Epoch 127/400 | Train Loss 2.3078 Acc 0.1050 | Val Loss 2.3008 Acc 0.1129 AUC 0.5000 Pre 0.0113 Rec 0.1000
2026-08-30 01:47:52 | Diag logvar_q_mean=-0.4096 logvar_q_clamp=0.0000 logvar_p_mean=-0.4096 logvar_p_clamp=0.0000
2026-08-30 01:47:56 | Epoch 128/400 | Train Loss 2.3084 Acc 0.1065 | Val Loss 2.3008 Acc 0.1129 AUC 0.5000 Pre 0.0113 Rec 0.1000
2026-08-30 01:47:56 | Diag logvar_q_mean=-0.4131 logvar_q_clamp=0.0000 logvar_p_mean=-0.4131 logvar_p_clamp=0.0000
2026-08-30 01:48:00 | Epoch 129/400 | Train Loss 2.3082 Acc 0.1049 | Val Loss 2.3008 Acc 0.1129 AUC 0.5000 Pre 0.0113 Rec 0.1000
2026-08-30 01:48:00 | Diag logvar_q_mean=-0.4165 logvar_q_clamp=0.0000 logvar_p_mean=-0.4165 logvar_p_clamp=0.0000
2026-08-30 01:48:03 | Epoch 130/400 | Train Loss 2.3076 Acc 0.1046 | Val Loss 2.3008 Acc 0.1129 AUC 0.5000 Pre 0.0113 Rec 0.1000
2026-08-30 01:48:04 | Diag logvar_q_mean=-0.4199 logvar_q_clamp=0.0000 logvar_p_mean=-0.4199 logvar_p_clamp=0.0000
2026-08-30 01:48:07 | Epoch 131/400 | Train Loss 2.3082 Acc 0.1042 | Val Loss 2.3008 Acc 0.1129 AUC 0.5000 Pre 0.0113 Rec 0.1000
2026-08-30 01:48:08 | Diag logvar_q_mean=-0.4234 logvar_q_clamp=0.0000 logvar_p_mean=-0.4234 logvar_p_clamp=0.0000
2026-08-30 01:48:11 | Epoch 132/400 | Train Loss 2.3084 Acc 0.1021 | Val Loss 2.3008 Acc 0.1129 AUC 0.5000 Pre 0.0113 Rec 0.1000
2026-08-30 01:48:11 | Diag logvar_q_mean=-0.4269 logvar_q_clamp=0.0000 logvar_p_mean=-0.4270 logvar_p_clamp=0.0000
2026-08-30 01:48:15 | Epoch 133/400 | Train Loss 2.3079 Acc 0.1039 | Val Loss 2.3008 Acc 0.1129 AUC 0.5000 Pre 0.0113 Rec 0.1000
2026-08-30 01:48:15 | Diag logvar_q_mean=-0.4303 logvar_q_clamp=0.0000 logvar_p_mean=-0.4303 logvar_p_clamp=0.0000
2026-08-30 01:48:18 | Epoch 134/400 | Train Loss 2.3083 Acc 0.1050 | Val Loss 2.3008 Acc 0.1129 AUC 0.5000 Pre 0.0113 Rec 0.1000
2026-08-30 01:48:19 | Diag logvar_q_mean=-0.4339 logvar_q_clamp=0.0000 logvar_p_mean=-0.4339 logvar_p_clamp=0.0000
2026-08-30 01:48:22 | Epoch 135/400 | Train Loss 2.3079 Acc 0.1033 | Val Loss 2.3008 Acc 0.1129 AUC 0.5000 Pre 0.0113 Rec 0.1000
2026-08-30 01:48:23 | Diag logvar_q_mean=-0.4372 logvar_q_clamp=0.0000 logvar_p_mean=-0.4373 logvar_p_clamp=0.0000
2026-08-30 01:48:26 | Epoch 136/400 | Train Loss 2.3081 Acc 0.1028 | Val Loss 2.3008 Acc 0.1129 AUC 0.5000 Pre 0.0113 Rec 0.1000
2026-08-30 01:48:26 | Diag logvar_q_mean=-0.4406 logvar_q_clamp=0.0000 logvar_p_mean=-0.4406 logvar_p_clamp=0.0000
2026-08-30 01:48:30 | Epoch 137/400 | Train Loss 2.3085 Acc 0.1008 | Val Loss 2.3008 Acc 0.1129 AUC 0.5000 Pre 0.0113 Rec 0.1000
2026-08-30 01:48:30 | Diag logvar_q_mean=-0.4441 logvar_q_clamp=0.0000 logvar_p_mean=-0.4441 logvar_p_clamp=0.0000
2026-08-30 01:48:33 | Epoch 138/400 | Train Loss 2.3070 Acc 0.1065 | Val Loss 2.3007 Acc 0.1129 AUC 0.5000 Pre 0.0113 Rec 0.1000
2026-08-30 01:48:34 | Diag logvar_q_mean=-0.4473 logvar_q_clamp=0.0000 logvar_p_mean=-0.4473 logvar_p_clamp=0.0000
2026-08-30 01:48:37 | Epoch 139/400 | Train Loss 2.3075 Acc 0.1053 | Val Loss 2.3007 Acc 0.1129 AUC 0.5000 Pre 0.0113 Rec 0.1000
2026-08-30 01:48:38 | Diag logvar_q_mean=-0.4507 logvar_q_clamp=0.0000 logvar_p_mean=-0.4507 logvar_p_clamp=0.0000
2026-08-30 01:48:41 | Epoch 140/400 | Train Loss 2.3079 Acc 0.1043 | Val Loss 2.3008 Acc 0.1129 AUC 0.5000 Pre 0.0113 Rec 0.1000
2026-08-30 01:48:42 | Diag logvar_q_mean=-0.4541 logvar_q_clamp=0.0000 logvar_p_mean=-0.4541 logvar_p_clamp=0.0000
2026-08-30 01:48:45 | Epoch 141/400 | Train Loss 2.3077 Acc 0.1049 | Val Loss 2.3007 Acc 0.1129 AUC 0.5000 Pre 0.0113 Rec 0.1000
2026-08-30 01:48:45 | Diag logvar_q_mean=-0.4575 logvar_q_clamp=0.0000 logvar_p_mean=-0.4575 logvar_p_clamp=0.0000
2026-08-30 01:48:49 | Epoch 142/400 | Train Loss 2.3082 Acc 0.1035 | Val Loss 2.3008 Acc 0.1129 AUC 0.5000 Pre 0.0113 Rec 0.1000
2026-08-30 01:48:49 | Diag logvar_q_mean=-0.4609 logvar_q_clamp=0.0000 logvar_p_mean=-0.4609 logvar_p_clamp=0.0000
2026-08-30 01:48:53 | Epoch 143/400 | Train Loss 2.3071 Acc 0.1040 | Val Loss 2.3007 Acc 0.1129 AUC 0.5000 Pre 0.0113 Rec 0.1000
2026-08-30 01:48:53 | Diag logvar_q_mean=-0.4642 logvar_q_clamp=0.0000 logvar_p_mean=-0.4642 logvar_p_clamp=0.0000
2026-08-30 01:48:56 | Epoch 144/400 | Train Loss 2.3075 Acc 0.1053 | Val Loss 2.3007 Acc 0.1129 AUC 0.5000 Pre 0.0113 Rec 0.1000
2026-08-30 01:48:57 | Diag logvar_q_mean=-0.4676 logvar_q_clamp=0.0000 logvar_p_mean=-0.4676 logvar_p_clamp=0.0000
2026-08-30 01:49:00 | Epoch 145/400 | Train Loss 2.3089 Acc 0.1035 | Val Loss 2.3008 Acc 0.1129 AUC 0.5000 Pre 0.0113 Rec 0.1000
2026-08-30 01:49:01 | Diag logvar_q_mean=-0.4712 logvar_q_clamp=0.0000 logvar_p_mean=-0.4712 logvar_p_clamp=0.0000
2026-08-30 01:49:04 | Epoch 146/400 | Train Loss 2.3085 Acc 0.1033 | Val Loss 2.3008 Acc 0.1129 AUC 0.5000 Pre 0.0113 Rec 0.1000
2026-08-30 01:49:05 | Diag logvar_q_mean=-0.4747 logvar_q_clamp=0.0000 logvar_p_mean=-0.4747 logvar_p_clamp=0.0000
2026-08-30 01:49:08 | Epoch 147/400 | Train Loss 2.3088 Acc 0.1016 | Val Loss 2.3008 Acc 0.1129 AUC 0.5000 Pre 0.0113 Rec 0.1000
2026-08-30 01:49:08 | Diag logvar_q_mean=-0.4782 logvar_q_clamp=0.0000 logvar_p_mean=-0.4782 logvar_p_clamp=0.0000
2026-08-30 01:49:12 | Epoch 148/400 | Train Loss 2.3082 Acc 0.1048 | Val Loss 2.3008 Acc 0.1129 AUC 0.5000 Pre 0.0113 Rec 0.1000
2026-08-30 01:49:12 | Diag logvar_q_mean=-0.4816 logvar_q_clamp=0.0000 logvar_p_mean=-0.4816 logvar_p_clamp=0.0000
2026-08-30 01:49:15 | Epoch 149/400 | Train Loss 2.3075 Acc 0.1048 | Val Loss 2.3008 Acc 0.1129 AUC 0.5000 Pre 0.0113 Rec 0.1000
2026-08-30 01:49:16 | Diag logvar_q_mean=-0.4847 logvar_q_clamp=0.0000 logvar_p_mean=-0.4847 logvar_p_clamp=0.0000
2026-08-30 01:49:19 | Epoch 150/400 | Train Loss 2.3076 Acc 0.1054 | Val Loss 2.3008 Acc 0.1129 AUC 0.5000 Pre 0.0113 Rec 0.1000
2026-08-30 01:49:20 | Diag logvar_q_mean=-0.4881 logvar_q_clamp=0.0000 logvar_p_mean=-0.4881 logvar_p_clamp=0.0000
2026-08-30 01:49:23 | Epoch 151/400 | Train Loss 2.3077 Acc 0.1040 | Val Loss 2.3008 Acc 0.1129 AUC 0.5000 Pre 0.0113 Rec 0.1000
2026-08-30 01:49:23 | Diag logvar_q_mean=-0.4914 logvar_q_clamp=0.0000 logvar_p_mean=-0.4914 logvar_p_clamp=0.0000
2026-08-30 01:49:27 | Epoch 152/400 | Train Loss 2.3075 Acc 0.1062 | Val Loss 2.3008 Acc 0.1129 AUC 0.5000 Pre 0.0113 Rec 0.1000
2026-08-30 01:49:27 | Diag logvar_q_mean=-0.4947 logvar_q_clamp=0.0000 logvar_p_mean=-0.4947 logvar_p_clamp=0.0000
2026-08-30 01:49:30 | Epoch 153/400 | Train Loss 2.3077 Acc 0.1064 | Val Loss 2.3008 Acc 0.1129 AUC 0.5000 Pre 0.0113 Rec 0.1000
2026-08-30 01:49:31 | Diag logvar_q_mean=-0.4980 logvar_q_clamp=0.0000 logvar_p_mean=-0.4980 logvar_p_clamp=0.0000
2026-08-30 01:49:34 | Epoch 154/400 | Train Loss 2.3085 Acc 0.1023 | Val Loss 2.3008 Acc 0.1129 AUC 0.5000 Pre 0.0113 Rec 0.1000
2026-08-30 01:49:35 | Diag logvar_q_mean=-0.5015 logvar_q_clamp=0.0000 logvar_p_mean=-0.5016 logvar_p_clamp=0.0000
2026-08-30 01:49:38 | Epoch 155/400 | Train Loss 2.3081 Acc 0.1031 | Val Loss 2.3008 Acc 0.1129 AUC 0.5000 Pre 0.0113 Rec 0.1000
2026-08-30 01:49:39 | Diag logvar_q_mean=-0.5049 logvar_q_clamp=0.0000 logvar_p_mean=-0.5049 logvar_p_clamp=0.0000
2026-08-30 01:49:42 | Epoch 156/400 | Train Loss 2.3073 Acc 0.1039 | Val Loss 2.3007 Acc 0.1129 AUC 0.5000 Pre 0.0113 Rec 0.1000
2026-08-30 01:49:42 | Diag logvar_q_mean=-0.5081 logvar_q_clamp=0.0000 logvar_p_mean=-0.5081 logvar_p_clamp=0.0000
2026-08-30 01:49:46 | Epoch 157/400 | Train Loss 2.3081 Acc 0.1039 | Val Loss 2.3007 Acc 0.1129 AUC 0.5000 Pre 0.0113 Rec 0.1000
2026-08-30 01:49:46 | Diag logvar_q_mean=-0.5114 logvar_q_clamp=0.0000 logvar_p_mean=-0.5114 logvar_p_clamp=0.0000
2026-08-30 01:49:49 | Epoch 158/400 | Train Loss 2.3071 Acc 0.1047 | Val Loss 2.3008 Acc 0.1129 AUC 0.5000 Pre 0.0113 Rec 0.1000
2026-08-30 01:49:50 | Diag logvar_q_mean=-0.5147 logvar_q_clamp=0.0000 logvar_p_mean=-0.5147 logvar_p_clamp=0.0000
2026-08-30 01:49:53 | Epoch 159/400 | Train Loss 2.3079 Acc 0.1036 | Val Loss 2.3008 Acc 0.1129 AUC 0.5000 Pre 0.0113 Rec 0.1000
2026-08-30 01:49:54 | Diag logvar_q_mean=-0.5180 logvar_q_clamp=0.0000 logvar_p_mean=-0.5180 logvar_p_clamp=0.0000
2026-08-30 01:49:57 | Epoch 160/400 | Train Loss 2.3074 Acc 0.1052 | Val Loss 2.3008 Acc 0.1129 AUC 0.5000 Pre 0.0113 Rec 0.1000
2026-08-30 01:49:58 | Diag logvar_q_mean=-0.5212 logvar_q_clamp=0.0000 logvar_p_mean=-0.5212 logvar_p_clamp=0.0000
2026-08-30 01:50:01 | Epoch 161/400 | Train Loss 2.3079 Acc 0.1027 | Val Loss 2.3008 Acc 0.1129 AUC 0.5000 Pre 0.0113 Rec 0.1000
2026-08-30 01:50:01 | Diag logvar_q_mean=-0.5245 logvar_q_clamp=0.0000 logvar_p_mean=-0.5245 logvar_p_clamp=0.0000
2026-08-30 01:50:05 | Epoch 162/400 | Train Loss 2.3081 Acc 0.1028 | Val Loss 2.3007 Acc 0.1129 AUC 0.5000 Pre 0.0113 Rec 0.1000
2026-08-30 01:50:05 | Diag logvar_q_mean=-0.5279 logvar_q_clamp=0.0000 logvar_p_mean=-0.5279 logvar_p_clamp=0.0000
2026-08-30 01:50:08 | Epoch 163/400 | Train Loss 2.3075 Acc 0.1060 | Val Loss 2.3007 Acc 0.1129 AUC 0.5000 Pre 0.0113 Rec 0.1000
2026-08-30 01:50:09 | Diag logvar_q_mean=-0.5311 logvar_q_clamp=0.0000 logvar_p_mean=-0.5311 logvar_p_clamp=0.0000
2026-08-30 01:50:12 | Epoch 164/400 | Train Loss 2.3078 Acc 0.1046 | Val Loss 2.3007 Acc 0.1129 AUC 0.5000 Pre 0.0113 Rec 0.1000
2026-08-30 01:50:13 | Diag logvar_q_mean=-0.5344 logvar_q_clamp=0.0000 logvar_p_mean=-0.5344 logvar_p_clamp=0.0000
2026-08-30 01:50:16 | Epoch 165/400 | Train Loss 2.3073 Acc 0.1054 | Val Loss 2.3007 Acc 0.1129 AUC 0.5000 Pre 0.0113 Rec 0.1000
2026-08-30 01:50:17 | Diag logvar_q_mean=-0.5376 logvar_q_clamp=0.0000 logvar_p_mean=-0.5376 logvar_p_clamp=0.0000
2026-08-30 01:50:20 | Epoch 166/400 | Train Loss 2.3081 Acc 0.1037 | Val Loss 2.3007 Acc 0.1129 AUC 0.5000 Pre 0.0113 Rec 0.1000
2026-08-30 01:50:20 | Diag logvar_q_mean=-0.5410 logvar_q_clamp=0.0000 logvar_p_mean=-0.5410 logvar_p_clamp=0.0000
2026-08-30 01:50:24 | Epoch 167/400 | Train Loss 2.3073 Acc 0.1040 | Val Loss 2.3008 Acc 0.1129 AUC 0.5000 Pre 0.0113 Rec 0.1000
2026-08-30 01:50:24 | Diag logvar_q_mean=-0.5442 logvar_q_clamp=0.0000 logvar_p_mean=-0.5442 logvar_p_clamp=0.0000
2026-08-30 01:50:27 | Epoch 168/400 | Train Loss 2.3078 Acc 0.1046 | Val Loss 2.3008 Acc 0.1129 AUC 0.5000 Pre 0.0113 Rec 0.1000
2026-08-30 01:50:28 | Diag logvar_q_mean=-0.5475 logvar_q_clamp=0.0000 logvar_p_mean=-0.5475 logvar_p_clamp=0.0000
2026-08-30 01:50:31 | Epoch 169/400 | Train Loss 2.3082 Acc 0.1028 | Val Loss 2.3007 Acc 0.1129 AUC 0.5000 Pre 0.0113 Rec 0.1000
2026-08-30 01:50:32 | Diag logvar_q_mean=-0.5509 logvar_q_clamp=0.0000 logvar_p_mean=-0.5509 logvar_p_clamp=0.0000
2026-08-30 01:50:35 | Epoch 170/400 | Train Loss 2.3071 Acc 0.1062 | Val Loss 2.3008 Acc 0.1129 AUC 0.5000 Pre 0.0113 Rec 0.1000
2026-08-30 01:50:36 | Diag logvar_q_mean=-0.5541 logvar_q_clamp=0.0000 logvar_p_mean=-0.5540 logvar_p_clamp=0.0000
2026-08-30 01:50:39 | Epoch 171/400 | Train Loss 2.3061 Acc 0.1046 | Val Loss 2.3007 Acc 0.1129 AUC 0.5000 Pre 0.0113 Rec 0.1000
2026-08-30 01:50:39 | Diag logvar_q_mean=-0.5570 logvar_q_clamp=0.0000 logvar_p_mean=-0.5570 logvar_p_clamp=0.0000
2026-08-30 01:50:43 | Epoch 172/400 | Train Loss 2.3083 Acc 0.1023 | Val Loss 2.3008 Acc 0.1129 AUC 0.5000 Pre 0.0113 Rec 0.1000
2026-08-30 01:50:43 | Diag logvar_q_mean=-0.5605 logvar_q_clamp=0.0000 logvar_p_mean=-0.5605 logvar_p_clamp=0.0000
2026-08-30 01:50:47 | Epoch 173/400 | Train Loss 2.3081 Acc 0.1052 | Val Loss 2.3007 Acc 0.1129 AUC 0.5000 Pre 0.0113 Rec 0.1000
2026-08-30 01:50:47 | Diag logvar_q_mean=-0.5638 logvar_q_clamp=0.0000 logvar_p_mean=-0.5638 logvar_p_clamp=0.0000
2026-08-30 01:50:50 | Epoch 174/400 | Train Loss 2.3080 Acc 0.1039 | Val Loss 2.3007 Acc 0.1129 AUC 0.5000 Pre 0.0113 Rec 0.1000
2026-08-30 01:50:51 | Diag logvar_q_mean=-0.5671 logvar_q_clamp=0.0000 logvar_p_mean=-0.5671 logvar_p_clamp=0.0000
2026-08-30 01:50:54 | Epoch 175/400 | Train Loss 2.3069 Acc 0.1057 | Val Loss 2.3007 Acc 0.1129 AUC 0.5000 Pre 0.0113 Rec 0.1000
2026-08-30 01:50:55 | Diag logvar_q_mean=-0.5702 logvar_q_clamp=0.0000 logvar_p_mean=-0.5702 logvar_p_clamp=0.0000
2026-08-30 01:50:58 | Epoch 176/400 | Train Loss 2.3071 Acc 0.1058 | Val Loss 2.3008 Acc 0.1129 AUC 0.5000 Pre 0.0113 Rec 0.1000
2026-08-30 01:50:58 | Diag logvar_q_mean=-0.5733 logvar_q_clamp=0.0000 logvar_p_mean=-0.5733 logvar_p_clamp=0.0000
2026-08-30 01:51:02 | Epoch 177/400 | Train Loss 2.3078 Acc 0.1018 | Val Loss 2.3008 Acc 0.1129 AUC 0.5000 Pre 0.0113 Rec 0.1000
2026-08-30 01:51:02 | Diag logvar_q_mean=-0.5767 logvar_q_clamp=0.0000 logvar_p_mean=-0.5767 logvar_p_clamp=0.0000
2026-08-30 01:51:05 | Epoch 178/400 | Train Loss 2.3075 Acc 0.1048 | Val Loss 2.3008 Acc 0.1129 AUC 0.5000 Pre 0.0113 Rec 0.1000
2026-08-30 01:51:06 | Diag logvar_q_mean=-0.5800 logvar_q_clamp=0.0000 logvar_p_mean=-0.5800 logvar_p_clamp=0.0000
2026-08-30 01:51:09 | Epoch 179/400 | Train Loss 2.3069 Acc 0.1052 | Val Loss 2.3007 Acc 0.1129 AUC 0.5000 Pre 0.0113 Rec 0.1000
2026-08-30 01:51:10 | Diag logvar_q_mean=-0.5831 logvar_q_clamp=0.0000 logvar_p_mean=-0.5831 logvar_p_clamp=0.0000
2026-08-30 01:51:13 | Epoch 180/400 | Train Loss 2.3074 Acc 0.1044 | Val Loss 2.3008 Acc 0.1129 AUC 0.5000 Pre 0.0113 Rec 0.1000
2026-08-30 01:51:14 | Diag logvar_q_mean=-0.5863 logvar_q_clamp=0.0000 logvar_p_mean=-0.5863 logvar_p_clamp=0.0000
2026-08-30 01:51:17 | Epoch 181/400 | Train Loss 2.3082 Acc 0.1056 | Val Loss 2.3008 Acc 0.1129 AUC 0.5000 Pre 0.0113 Rec 0.1000
2026-08-30 01:51:17 | Diag logvar_q_mean=-0.5896 logvar_q_clamp=0.0000 logvar_p_mean=-0.5896 logvar_p_clamp=0.0000
2026-08-30 01:51:21 | Epoch 182/400 | Train Loss 2.3076 Acc 0.1039 | Val Loss 2.3007 Acc 0.1129 AUC 0.5000 Pre 0.0113 Rec 0.1000
2026-08-30 01:51:21 | Diag logvar_q_mean=-0.5929 logvar_q_clamp=0.0000 logvar_p_mean=-0.5929 logvar_p_clamp=0.0000
2026-08-30 01:51:25 | Epoch 183/400 | Train Loss 2.3075 Acc 0.1048 | Val Loss 2.3007 Acc 0.1129 AUC 0.5000 Pre 0.0113 Rec 0.1000
2026-08-30 01:51:25 | Diag logvar_q_mean=-0.5960 logvar_q_clamp=0.0000 logvar_p_mean=-0.5960 logvar_p_clamp=0.0000
2026-08-30 01:51:28 | Epoch 184/400 | Train Loss 2.3070 Acc 0.1062 | Val Loss 2.3007 Acc 0.1129 AUC 0.5000 Pre 0.0113 Rec 0.1000
2026-08-30 01:51:29 | Diag logvar_q_mean=-0.5989 logvar_q_clamp=0.0000 logvar_p_mean=-0.5989 logvar_p_clamp=0.0000
2026-08-30 01:51:32 | Epoch 185/400 | Train Loss 2.3077 Acc 0.1047 | Val Loss 2.3007 Acc 0.1129 AUC 0.5000 Pre 0.0113 Rec 0.1000
2026-08-30 01:51:33 | Diag logvar_q_mean=-0.6022 logvar_q_clamp=0.0000 logvar_p_mean=-0.6022 logvar_p_clamp=0.0000
2026-08-30 01:51:36 | Epoch 186/400 | Train Loss 2.3074 Acc 0.1045 | Val Loss 2.3008 Acc 0.1129 AUC 0.5000 Pre 0.0113 Rec 0.1000
2026-08-30 01:51:36 | Diag logvar_q_mean=-0.6054 logvar_q_clamp=0.0000 logvar_p_mean=-0.6054 logvar_p_clamp=0.0000
2026-08-30 01:51:40 | Epoch 187/400 | Train Loss 2.3076 Acc 0.1050 | Val Loss 2.3007 Acc 0.1129 AUC 0.5000 Pre 0.0113 Rec 0.1000
2026-08-30 01:51:40 | Diag logvar_q_mean=-0.6087 logvar_q_clamp=0.0000 logvar_p_mean=-0.6087 logvar_p_clamp=0.0000
2026-08-30 01:51:43 | Epoch 188/400 | Train Loss 2.3076 Acc 0.1035 | Val Loss 2.3008 Acc 0.1129 AUC 0.5000 Pre 0.0113 Rec 0.1000
2026-08-30 01:51:44 | Diag logvar_q_mean=-0.6118 logvar_q_clamp=0.0000 logvar_p_mean=-0.6118 logvar_p_clamp=0.0000
2026-08-30 01:51:47 | Epoch 189/400 | Train Loss 2.3076 Acc 0.1006 | Val Loss 2.3007 Acc 0.1129 AUC 0.5000 Pre 0.0113 Rec 0.1000
2026-08-30 01:51:48 | Diag logvar_q_mean=-0.6150 logvar_q_clamp=0.0000 logvar_p_mean=-0.6150 logvar_p_clamp=0.0000
2026-08-30 01:51:51 | Epoch 190/400 | Train Loss 2.3070 Acc 0.1042 | Val Loss 2.3007 Acc 0.1129 AUC 0.5000 Pre 0.0113 Rec 0.1000
2026-08-30 01:51:52 | Diag logvar_q_mean=-0.6181 logvar_q_clamp=0.0000 logvar_p_mean=-0.6181 logvar_p_clamp=0.0000
2026-08-30 01:51:55 | Epoch 191/400 | Train Loss 2.3080 Acc 0.1046 | Val Loss 2.3007 Acc 0.1129 AUC 0.5000 Pre 0.0113 Rec 0.1000
2026-08-30 01:51:55 | Diag logvar_q_mean=-0.6213 logvar_q_clamp=0.0000 logvar_p_mean=-0.6213 logvar_p_clamp=0.0000
2026-08-30 01:51:59 | Epoch 192/400 | Train Loss 2.3072 Acc 0.1053 | Val Loss 2.3008 Acc 0.1129 AUC 0.5000 Pre 0.0113 Rec 0.1000
2026-08-30 01:51:59 | Diag logvar_q_mean=-0.6244 logvar_q_clamp=0.0000 logvar_p_mean=-0.6244 logvar_p_clamp=0.0000
2026-08-30 01:52:02 | Epoch 193/400 | Train Loss 2.3079 Acc 0.1037 | Val Loss 2.3007 Acc 0.1129 AUC 0.5000 Pre 0.0113 Rec 0.1000
2026-08-30 01:52:03 | Diag logvar_q_mean=-0.6277 logvar_q_clamp=0.0000 logvar_p_mean=-0.6277 logvar_p_clamp=0.0000
2026-08-30 01:52:06 | Epoch 194/400 | Train Loss 2.3071 Acc 0.1036 | Val Loss 2.3007 Acc 0.1129 AUC 0.5000 Pre 0.0113 Rec 0.1000
2026-08-30 01:52:07 | Diag logvar_q_mean=-0.6308 logvar_q_clamp=0.0000 logvar_p_mean=-0.6308 logvar_p_clamp=0.0000
2026-08-30 01:52:10 | Epoch 195/400 | Train Loss 2.3069 Acc 0.1047 | Val Loss 2.3007 Acc 0.1129 AUC 0.5000 Pre 0.0113 Rec 0.1000
2026-08-30 01:52:11 | Diag logvar_q_mean=-0.6339 logvar_q_clamp=0.0000 logvar_p_mean=-0.6339 logvar_p_clamp=0.0000
2026-08-30 01:52:14 | Epoch 196/400 | Train Loss 2.3072 Acc 0.1039 | Val Loss 2.3008 Acc 0.1129 AUC 0.5000 Pre 0.0113 Rec 0.1000
2026-08-30 01:52:14 | Diag logvar_q_mean=-0.6369 logvar_q_clamp=0.0000 logvar_p_mean=-0.6369 logvar_p_clamp=0.0000
2026-08-30 01:52:18 | Epoch 197/400 | Train Loss 2.3075 Acc 0.1047 | Val Loss 2.3007 Acc 0.1129 AUC 0.5000 Pre 0.0113 Rec 0.1000
2026-08-30 01:52:18 | Diag logvar_q_mean=-0.6401 logvar_q_clamp=0.0000 logvar_p_mean=-0.6401 logvar_p_clamp=0.0000
2026-08-30 01:52:21 | Epoch 198/400 | Train Loss 2.3075 Acc 0.1045 | Val Loss 2.3008 Acc 0.1129 AUC 0.5000 Pre 0.0113 Rec 0.1000
2026-08-30 01:52:22 | Diag logvar_q_mean=-0.6433 logvar_q_clamp=0.0000 logvar_p_mean=-0.6433 logvar_p_clamp=0.0000
2026-08-30 01:52:25 | Epoch 199/400 | Train Loss 2.3076 Acc 0.1044 | Val Loss 2.3008 Acc 0.1129 AUC 0.5000 Pre 0.0113 Rec 0.1000
2026-08-30 01:52:26 | Diag logvar_q_mean=-0.6464 logvar_q_clamp=0.0000 logvar_p_mean=-0.6464 logvar_p_clamp=0.0000
2026-08-30 01:52:29 | Epoch 200/400 | Train Loss 2.3076 Acc 0.1038 | Val Loss 2.3008 Acc 0.1129 AUC 0.5000 Pre 0.0113 Rec 0.1000
2026-08-30 01:52:30 | Diag logvar_q_mean=-0.6497 logvar_q_clamp=0.0000 logvar_p_mean=-0.6497 logvar_p_clamp=0.0000
2026-08-30 01:52:33 | Epoch 201/400 | Train Loss 2.3073 Acc 0.1045 | Val Loss 2.3008 Acc 0.1129 AUC 0.5000 Pre 0.0113 Rec 0.1000
2026-08-30 01:52:33 | Diag logvar_q_mean=-0.6527 logvar_q_clamp=0.0000 logvar_p_mean=-0.6527 logvar_p_clamp=0.0000
2026-08-30 01:52:37 | Epoch 202/400 | Train Loss 2.3077 Acc 0.1038 | Val Loss 2.3007 Acc 0.1129 AUC 0.5000 Pre 0.0113 Rec 0.1000
2026-08-30 01:52:37 | Diag logvar_q_mean=-0.6559 logvar_q_clamp=0.0000 logvar_p_mean=-0.6559 logvar_p_clamp=0.0000
2026-08-30 01:52:41 | Epoch 203/400 | Train Loss 2.3072 Acc 0.1030 | Val Loss 2.3008 Acc 0.1129 AUC 0.5000 Pre 0.0113 Rec 0.1000
2026-08-30 01:52:41 | Diag logvar_q_mean=-0.6590 logvar_q_clamp=0.0000 logvar_p_mean=-0.6590 logvar_p_clamp=0.0000
2026-08-30 01:52:44 | Epoch 204/400 | Train Loss 2.3069 Acc 0.1050 | Val Loss 2.3008 Acc 0.1129 AUC 0.5000 Pre 0.0113 Rec 0.1000
2026-08-30 01:52:45 | Diag logvar_q_mean=-0.6620 logvar_q_clamp=0.0000 logvar_p_mean=-0.6620 logvar_p_clamp=0.0000
2026-08-30 01:52:48 | Epoch 205/400 | Train Loss 2.3075 Acc 0.1037 | Val Loss 2.3008 Acc 0.1129 AUC 0.5000 Pre 0.0113 Rec 0.1000
2026-08-30 01:52:49 | Diag logvar_q_mean=-0.6652 logvar_q_clamp=0.0000 logvar_p_mean=-0.6652 logvar_p_clamp=0.0000
2026-08-30 01:52:52 | Epoch 206/400 | Train Loss 2.3072 Acc 0.1066 | Val Loss 2.3007 Acc 0.1129 AUC 0.5000 Pre 0.0113 Rec 0.1000
2026-08-30 01:52:52 | Diag logvar_q_mean=-0.6683 logvar_q_clamp=0.0000 logvar_p_mean=-0.6683 logvar_p_clamp=0.0000
2026-08-30 01:52:56 | Epoch 207/400 | Train Loss 2.3069 Acc 0.1047 | Val Loss 2.3008 Acc 0.1129 AUC 0.5000 Pre 0.0113 Rec 0.1000
2026-08-30 01:52:56 | Diag logvar_q_mean=-0.6713 logvar_q_clamp=0.0000 logvar_p_mean=-0.6713 logvar_p_clamp=0.0000
2026-08-30 01:53:00 | Epoch 208/400 | Train Loss 2.3067 Acc 0.1052 | Val Loss 2.3007 Acc 0.1129 AUC 0.5000 Pre 0.0113 Rec 0.1000
2026-08-30 01:53:00 | Diag logvar_q_mean=-0.6744 logvar_q_clamp=0.0000 logvar_p_mean=-0.6743 logvar_p_clamp=0.0000
2026-08-30 01:53:03 | Epoch 209/400 | Train Loss 2.3071 Acc 0.1070 | Val Loss 2.3007 Acc 0.1129 AUC 0.5000 Pre 0.0113 Rec 0.1000
2026-08-30 01:53:04 | Diag logvar_q_mean=-0.6775 logvar_q_clamp=0.0000 logvar_p_mean=-0.6775 logvar_p_clamp=0.0000
2026-08-30 01:53:07 | Epoch 210/400 | Train Loss 2.3080 Acc 0.1031 | Val Loss 2.3008 Acc 0.1129 AUC 0.5000 Pre 0.0113 Rec 0.1000
2026-08-30 01:53:08 | Diag logvar_q_mean=-0.6807 logvar_q_clamp=0.0000 logvar_p_mean=-0.6807 logvar_p_clamp=0.0000
2026-08-30 01:53:11 | Epoch 211/400 | Train Loss 2.3071 Acc 0.1034 | Val Loss 2.3007 Acc 0.1129 AUC 0.5000 Pre 0.0113 Rec 0.1000
2026-08-30 01:53:11 | Diag logvar_q_mean=-0.6838 logvar_q_clamp=0.0000 logvar_p_mean=-0.6838 logvar_p_clamp=0.0000
2026-08-30 01:53:15 | Epoch 212/400 | Train Loss 2.3068 Acc 0.1045 | Val Loss 2.3008 Acc 0.1129 AUC 0.5000 Pre 0.0113 Rec 0.1000
2026-08-30 01:53:15 | Diag logvar_q_mean=-0.6867 logvar_q_clamp=0.0000 logvar_p_mean=-0.6868 logvar_p_clamp=0.0000
2026-08-30 01:53:19 | Epoch 213/400 | Train Loss 2.3077 Acc 0.1057 | Val Loss 2.3007 Acc 0.1129 AUC 0.5000 Pre 0.0113 Rec 0.1000
2026-08-30 01:53:19 | Diag logvar_q_mean=-0.6900 logvar_q_clamp=0.0000 logvar_p_mean=-0.6900 logvar_p_clamp=0.0000
2026-08-30 01:53:22 | Epoch 214/400 | Train Loss 2.3077 Acc 0.1048 | Val Loss 2.3008 Acc 0.1129 AUC 0.5000 Pre 0.0113 Rec 0.1000
2026-08-30 01:53:23 | Diag logvar_q_mean=-0.6931 logvar_q_clamp=0.0000 logvar_p_mean=-0.6931 logvar_p_clamp=0.0000
2026-08-30 01:53:26 | Epoch 215/400 | Train Loss 2.3067 Acc 0.1054 | Val Loss 2.3007 Acc 0.1129 AUC 0.5000 Pre 0.0113 Rec 0.1000
2026-08-30 01:53:27 | Diag logvar_q_mean=-0.6961 logvar_q_clamp=0.0000 logvar_p_mean=-0.6961 logvar_p_clamp=0.0000
2026-08-30 01:53:30 | Epoch 216/400 | Train Loss 2.3072 Acc 0.1036 | Val Loss 2.3008 Acc 0.1129 AUC 0.5000 Pre 0.0113 Rec 0.1000
2026-08-30 01:53:30 | Diag logvar_q_mean=-0.6991 logvar_q_clamp=0.0000 logvar_p_mean=-0.6991 logvar_p_clamp=0.0000
2026-08-30 01:53:34 | Epoch 217/400 | Train Loss 2.3072 Acc 0.1049 | Val Loss 2.3008 Acc 0.1129 AUC 0.5000 Pre 0.0113 Rec 0.1000
2026-08-30 01:53:34 | Diag logvar_q_mean=-0.7022 logvar_q_clamp=0.0000 logvar_p_mean=-0.7022 logvar_p_clamp=0.0000
2026-08-30 01:53:38 | Epoch 218/400 | Train Loss 2.3075 Acc 0.1033 | Val Loss 2.3007 Acc 0.1129 AUC 0.5000 Pre 0.0113 Rec 0.1000
2026-08-30 01:53:38 | Diag logvar_q_mean=-0.7051 logvar_q_clamp=0.0000 logvar_p_mean=-0.7051 logvar_p_clamp=0.0000
2026-08-30 01:53:41 | Epoch 219/400 | Train Loss 2.3066 Acc 0.1058 | Val Loss 2.3008 Acc 0.1129 AUC 0.5000 Pre 0.0113 Rec 0.1000
2026-08-30 01:53:42 | Diag logvar_q_mean=-0.7080 logvar_q_clamp=0.0000 logvar_p_mean=-0.7080 logvar_p_clamp=0.0000
2026-08-30 01:53:45 | Epoch 220/400 | Train Loss 2.3077 Acc 0.1030 | Val Loss 2.3007 Acc 0.1129 AUC 0.5000 Pre 0.0113 Rec 0.1000
2026-08-30 01:53:46 | Diag logvar_q_mean=-0.7112 logvar_q_clamp=0.0000 logvar_p_mean=-0.7112 logvar_p_clamp=0.0000
2026-08-30 01:53:49 | Epoch 221/400 | Train Loss 2.3071 Acc 0.1038 | Val Loss 2.3007 Acc 0.1129 AUC 0.5000 Pre 0.0113 Rec 0.1000
2026-08-30 01:53:49 | Diag logvar_q_mean=-0.7142 logvar_q_clamp=0.0000 logvar_p_mean=-0.7142 logvar_p_clamp=0.0000
2026-08-30 01:53:53 | Epoch 222/400 | Train Loss 2.3071 Acc 0.1032 | Val Loss 2.3008 Acc 0.1129 AUC 0.5000 Pre 0.0113 Rec 0.1000
2026-08-30 01:53:53 | Diag logvar_q_mean=-0.7171 logvar_q_clamp=0.0000 logvar_p_mean=-0.7171 logvar_p_clamp=0.0000
2026-08-30 01:53:57 | Epoch 223/400 | Train Loss 2.3078 Acc 0.1025 | Val Loss 2.3008 Acc 0.1129 AUC 0.5000 Pre 0.0113 Rec 0.1000
2026-08-30 01:53:57 | Diag logvar_q_mean=-0.7202 logvar_q_clamp=0.0000 logvar_p_mean=-0.7202 logvar_p_clamp=0.0000
2026-08-30 01:54:00 | Epoch 224/400 | Train Loss 2.3068 Acc 0.1039 | Val Loss 2.3007 Acc 0.1129 AUC 0.5000 Pre 0.0113 Rec 0.1000
2026-08-30 01:54:01 | Diag logvar_q_mean=-0.7232 logvar_q_clamp=0.0000 logvar_p_mean=-0.7232 logvar_p_clamp=0.0000
2026-08-30 01:54:04 | Epoch 225/400 | Train Loss 2.3078 Acc 0.1029 | Val Loss 2.3007 Acc 0.1129 AUC 0.5000 Pre 0.0113 Rec 0.1000
2026-08-30 01:54:05 | Diag logvar_q_mean=-0.7264 logvar_q_clamp=0.0000 logvar_p_mean=-0.7264 logvar_p_clamp=0.0000
2026-08-30 01:54:08 | Epoch 226/400 | Train Loss 2.3073 Acc 0.1038 | Val Loss 2.3008 Acc 0.1129 AUC 0.5000 Pre 0.0113 Rec 0.1000
2026-08-30 01:54:08 | Diag logvar_q_mean=-0.7293 logvar_q_clamp=0.0000 logvar_p_mean=-0.7293 logvar_p_clamp=0.0000
2026-08-30 01:54:12 | Epoch 227/400 | Train Loss 2.3074 Acc 0.1043 | Val Loss 2.3008 Acc 0.1129 AUC 0.5000 Pre 0.0113 Rec 0.1000
2026-08-30 01:54:12 | Diag logvar_q_mean=-0.7324 logvar_q_clamp=0.0000 logvar_p_mean=-0.7324 logvar_p_clamp=0.0000
2026-08-30 01:54:15 | Epoch 228/400 | Train Loss 2.3065 Acc 0.1061 | Val Loss 2.3007 Acc 0.1129 AUC 0.5000 Pre 0.0113 Rec 0.1000
2026-08-30 01:54:16 | Diag logvar_q_mean=-0.7353 logvar_q_clamp=0.0000 logvar_p_mean=-0.7353 logvar_p_clamp=0.0000
2026-08-30 01:54:19 | Epoch 229/400 | Train Loss 2.3073 Acc 0.1044 | Val Loss 2.3008 Acc 0.1129 AUC 0.5000 Pre 0.0113 Rec 0.1000
2026-08-30 01:54:20 | Diag logvar_q_mean=-0.7383 logvar_q_clamp=0.0000 logvar_p_mean=-0.7383 logvar_p_clamp=0.0000
2026-08-30 01:54:23 | Epoch 230/400 | Train Loss 2.3073 Acc 0.1059 | Val Loss 2.3007 Acc 0.1129 AUC 0.5000 Pre 0.0113 Rec 0.1000
2026-08-30 01:54:24 | Diag logvar_q_mean=-0.7413 logvar_q_clamp=0.0000 logvar_p_mean=-0.7413 logvar_p_clamp=0.0000
2026-08-30 01:54:27 | Epoch 231/400 | Train Loss 2.3071 Acc 0.1041 | Val Loss 2.3007 Acc 0.1129 AUC 0.5000 Pre 0.0113 Rec 0.1000
2026-08-30 01:54:27 | Diag logvar_q_mean=-0.7444 logvar_q_clamp=0.0000 logvar_p_mean=-0.7444 logvar_p_clamp=0.0000
2026-08-30 01:54:31 | Epoch 232/400 | Train Loss 2.3072 Acc 0.1055 | Val Loss 2.3008 Acc 0.1129 AUC 0.5000 Pre 0.0113 Rec 0.1000
2026-08-30 01:54:31 | Diag logvar_q_mean=-0.7474 logvar_q_clamp=0.0000 logvar_p_mean=-0.7474 logvar_p_clamp=0.0000
2026-08-30 01:54:35 | Epoch 233/400 | Train Loss 2.3074 Acc 0.1042 | Val Loss 2.3007 Acc 0.1129 AUC 0.5000 Pre 0.0113 Rec 0.1000
2026-08-30 01:54:35 | Diag logvar_q_mean=-0.7504 logvar_q_clamp=0.0000 logvar_p_mean=-0.7504 logvar_p_clamp=0.0000
2026-08-30 01:54:39 | Epoch 234/400 | Train Loss 2.3068 Acc 0.1044 | Val Loss 2.3007 Acc 0.1129 AUC 0.5000 Pre 0.0113 Rec 0.1000
2026-08-30 01:54:39 | Diag logvar_q_mean=-0.7534 logvar_q_clamp=0.0000 logvar_p_mean=-0.7534 logvar_p_clamp=0.0000
2026-08-30 01:54:42 | Epoch 235/400 | Train Loss 2.3073 Acc 0.1025 | Val Loss 2.3007 Acc 0.1129 AUC 0.5000 Pre 0.0113 Rec 0.1000
2026-08-30 01:54:43 | Diag logvar_q_mean=-0.7564 logvar_q_clamp=0.0000 logvar_p_mean=-0.7564 logvar_p_clamp=0.0000
2026-08-30 01:54:46 | Epoch 236/400 | Train Loss 2.3062 Acc 0.1035 | Val Loss 2.3008 Acc 0.1129 AUC 0.5000 Pre 0.0113 Rec 0.1000
2026-08-30 01:54:47 | Diag logvar_q_mean=-0.7591 logvar_q_clamp=0.0000 logvar_p_mean=-0.7591 logvar_p_clamp=0.0000
2026-08-30 01:54:50 | Epoch 237/400 | Train Loss 2.3066 Acc 0.1047 | Val Loss 2.3007 Acc 0.1129 AUC 0.5000 Pre 0.0113 Rec 0.1000
2026-08-30 01:54:50 | Diag logvar_q_mean=-0.7621 logvar_q_clamp=0.0000 logvar_p_mean=-0.7621 logvar_p_clamp=0.0000
2026-08-30 01:54:54 | Epoch 238/400 | Train Loss 2.3072 Acc 0.1048 | Val Loss 2.3007 Acc 0.1129 AUC 0.5000 Pre 0.0113 Rec 0.1000
2026-08-30 01:54:54 | Diag logvar_q_mean=-0.7652 logvar_q_clamp=0.0000 logvar_p_mean=-0.7651 logvar_p_clamp=0.0000
2026-08-30 01:54:58 | Epoch 239/400 | Train Loss 2.3071 Acc 0.1025 | Val Loss 2.3007 Acc 0.1129 AUC 0.5000 Pre 0.0113 Rec 0.1000
2026-08-30 01:54:58 | Diag logvar_q_mean=-0.7682 logvar_q_clamp=0.0000 logvar_p_mean=-0.7682 logvar_p_clamp=0.0000
2026-08-30 01:55:01 | Epoch 240/400 | Train Loss 2.3075 Acc 0.1037 | Val Loss 2.3008 Acc 0.1129 AUC 0.5000 Pre 0.0113 Rec 0.1000
2026-08-30 01:55:02 | Diag logvar_q_mean=-0.7713 logvar_q_clamp=0.0000 logvar_p_mean=-0.7713 logvar_p_clamp=0.0000
2026-08-30 01:55:05 | Epoch 241/400 | Train Loss 2.3063 Acc 0.1045 | Val Loss 2.3007 Acc 0.1129 AUC 0.5000 Pre 0.0113 Rec 0.1000
2026-08-30 01:55:06 | Diag logvar_q_mean=-0.7741 logvar_q_clamp=0.0000 logvar_p_mean=-0.7741 logvar_p_clamp=0.0000
2026-08-30 01:55:09 | Epoch 242/400 | Train Loss 2.3074 Acc 0.1051 | Val Loss 2.3008 Acc 0.1129 AUC 0.5000 Pre 0.0113 Rec 0.1000
2026-08-30 01:55:09 | Diag logvar_q_mean=-0.7772 logvar_q_clamp=0.0000 logvar_p_mean=-0.7772 logvar_p_clamp=0.0000
2026-08-30 01:55:13 | Epoch 243/400 | Train Loss 2.3068 Acc 0.1050 | Val Loss 2.3008 Acc 0.1129 AUC 0.5000 Pre 0.0113 Rec 0.1000
2026-08-30 01:55:13 | Diag logvar_q_mean=-0.7801 logvar_q_clamp=0.0000 logvar_p_mean=-0.7801 logvar_p_clamp=0.0000
2026-08-30 01:55:17 | Epoch 244/400 | Train Loss 2.3079 Acc 0.1044 | Val Loss 2.3007 Acc 0.1129 AUC 0.5000 Pre 0.0113 Rec 0.1000
2026-08-30 01:55:17 | Diag logvar_q_mean=-0.7833 logvar_q_clamp=0.0000 logvar_p_mean=-0.7833 logvar_p_clamp=0.0000
2026-08-30 01:55:20 | Epoch 245/400 | Train Loss 2.3069 Acc 0.1020 | Val Loss 2.3008 Acc 0.1129 AUC 0.5000 Pre 0.0113 Rec 0.1000
2026-08-30 01:55:21 | Diag logvar_q_mean=-0.7862 logvar_q_clamp=0.0000 logvar_p_mean=-0.7862 logvar_p_clamp=0.0000
2026-08-30 01:55:24 | Epoch 246/400 | Train Loss 2.3057 Acc 0.1044 | Val Loss 2.3008 Acc 0.1129 AUC 0.5000 Pre 0.0113 Rec 0.1000
2026-08-30 01:55:25 | Diag logvar_q_mean=-0.7888 logvar_q_clamp=0.0000 logvar_p_mean=-0.7888 logvar_p_clamp=0.0000
2026-08-30 01:55:28 | Epoch 247/400 | Train Loss 2.3073 Acc 0.1031 | Val Loss 2.3008 Acc 0.1129 AUC 0.5000 Pre 0.0113 Rec 0.1000
2026-08-30 01:55:28 | Diag logvar_q_mean=-0.7917 logvar_q_clamp=0.0000 logvar_p_mean=-0.7917 logvar_p_clamp=0.0000
2026-08-30 01:55:32 | Epoch 248/400 | Train Loss 2.3075 Acc 0.1049 | Val Loss 2.3008 Acc 0.1129 AUC 0.5000 Pre 0.0113 Rec 0.1000
2026-08-30 01:55:32 | Diag logvar_q_mean=-0.7948 logvar_q_clamp=0.0000 logvar_p_mean=-0.7948 logvar_p_clamp=0.0000
2026-08-30 01:55:36 | Epoch 249/400 | Train Loss 2.3065 Acc 0.1020 | Val Loss 2.3008 Acc 0.1129 AUC 0.5000 Pre 0.0113 Rec 0.1000
2026-08-30 01:55:36 | Diag logvar_q_mean=-0.7977 logvar_q_clamp=0.0000 logvar_p_mean=-0.7977 logvar_p_clamp=0.0000
2026-08-30 01:55:39 | Epoch 250/400 | Train Loss 2.3067 Acc 0.1060 | Val Loss 2.3008 Acc 0.1129 AUC 0.5000 Pre 0.0113 Rec 0.1000
2026-08-30 01:55:40 | Diag logvar_q_mean=-0.8006 logvar_q_clamp=0.0000 logvar_p_mean=-0.8006 logvar_p_clamp=0.0000
2026-08-30 01:55:43 | Epoch 251/400 | Train Loss 2.3071 Acc 0.1054 | Val Loss 2.3007 Acc 0.1129 AUC 0.5000 Pre 0.0113 Rec 0.1000
2026-08-30 01:55:44 | Diag logvar_q_mean=-0.8036 logvar_q_clamp=0.0000 logvar_p_mean=-0.8036 logvar_p_clamp=0.0000
2026-08-30 01:55:47 | Epoch 252/400 | Train Loss 2.3073 Acc 0.1036 | Val Loss 2.3007 Acc 0.1129 AUC 0.5000 Pre 0.0113 Rec 0.1000
2026-08-30 01:55:48 | Diag logvar_q_mean=-0.8066 logvar_q_clamp=0.0000 logvar_p_mean=-0.8066 logvar_p_clamp=0.0000
2026-08-30 01:55:51 | Epoch 253/400 | Train Loss 2.3067 Acc 0.1041 | Val Loss 2.3007 Acc 0.1129 AUC 0.5000 Pre 0.0113 Rec 0.1000
2026-08-30 01:55:51 | Diag logvar_q_mean=-0.8094 logvar_q_clamp=0.0000 logvar_p_mean=-0.8094 logvar_p_clamp=0.0000
2026-08-30 01:55:55 | Epoch 254/400 | Train Loss 2.3071 Acc 0.1055 | Val Loss 2.3008 Acc 0.1129 AUC 0.5000 Pre 0.0113 Rec 0.1000
2026-08-30 01:55:55 | Diag logvar_q_mean=-0.8124 logvar_q_clamp=0.0000 logvar_p_mean=-0.8124 logvar_p_clamp=0.0000
2026-08-30 01:55:58 | Epoch 255/400 | Train Loss 2.3073 Acc 0.1034 | Val Loss 2.3007 Acc 0.1129 AUC 0.5000 Pre 0.0113 Rec 0.1000
2026-08-30 01:55:59 | Diag logvar_q_mean=-0.8154 logvar_q_clamp=0.0000 logvar_p_mean=-0.8153 logvar_p_clamp=0.0000
2026-08-30 01:56:02 | Epoch 256/400 | Train Loss 2.3068 Acc 0.1057 | Val Loss 2.3008 Acc 0.1129 AUC 0.5000 Pre 0.0113 Rec 0.1000
2026-08-30 01:56:03 | Diag logvar_q_mean=-0.8182 logvar_q_clamp=0.0000 logvar_p_mean=-0.8182 logvar_p_clamp=0.0000
2026-08-30 01:56:06 | Epoch 257/400 | Train Loss 2.3069 Acc 0.1051 | Val Loss 2.3008 Acc 0.1129 AUC 0.5000 Pre 0.0113 Rec 0.1000
2026-08-30 01:56:07 | Diag logvar_q_mean=-0.8212 logvar_q_clamp=0.0000 logvar_p_mean=-0.8212 logvar_p_clamp=0.0000
2026-08-30 01:56:10 | Epoch 258/400 | Train Loss 2.3067 Acc 0.1045 | Val Loss 2.3008 Acc 0.1129 AUC 0.5000 Pre 0.0113 Rec 0.1000
2026-08-30 01:56:10 | Diag logvar_q_mean=-0.8240 logvar_q_clamp=0.0000 logvar_p_mean=-0.8240 logvar_p_clamp=0.0000
2026-08-30 01:56:14 | Epoch 259/400 | Train Loss 2.3067 Acc 0.1059 | Val Loss 2.3008 Acc 0.1129 AUC 0.5000 Pre 0.0113 Rec 0.1000
2026-08-30 01:56:14 | Diag logvar_q_mean=-0.8268 logvar_q_clamp=0.0000 logvar_p_mean=-0.8268 logvar_p_clamp=0.0000
2026-08-30 01:56:17 | Epoch 260/400 | Train Loss 2.3075 Acc 0.1043 | Val Loss 2.3008 Acc 0.1129 AUC 0.5000 Pre 0.0113 Rec 0.1000
2026-08-30 01:56:18 | Diag logvar_q_mean=-0.8297 logvar_q_clamp=0.0000 logvar_p_mean=-0.8297 logvar_p_clamp=0.0000
2026-08-30 01:56:21 | Epoch 261/400 | Train Loss 2.3070 Acc 0.1043 | Val Loss 2.3007 Acc 0.1129 AUC 0.5000 Pre 0.0113 Rec 0.1000
2026-08-30 01:56:22 | Diag logvar_q_mean=-0.8326 logvar_q_clamp=0.0000 logvar_p_mean=-0.8326 logvar_p_clamp=0.0000
2026-08-30 01:56:25 | Epoch 262/400 | Train Loss 2.3071 Acc 0.1046 | Val Loss 2.3008 Acc 0.1129 AUC 0.5000 Pre 0.0113 Rec 0.1000
2026-08-30 01:56:25 | Diag logvar_q_mean=-0.8356 logvar_q_clamp=0.0000 logvar_p_mean=-0.8356 logvar_p_clamp=0.0000
2026-08-30 01:56:28 | Epoch 263/400 | Train Loss 2.3070 Acc 0.1052 | Val Loss 2.3008 Acc 0.1129 AUC 0.5000 Pre 0.0113 Rec 0.1000
2026-08-30 01:56:29 | Diag logvar_q_mean=-0.8384 logvar_q_clamp=0.0000 logvar_p_mean=-0.8384 logvar_p_clamp=0.0000
2026-08-30 01:56:32 | Epoch 264/400 | Train Loss 2.3062 Acc 0.1019 | Val Loss 2.3008 Acc 0.1129 AUC 0.5000 Pre 0.0113 Rec 0.1000
2026-08-30 01:56:33 | Diag logvar_q_mean=-0.8412 logvar_q_clamp=0.0000 logvar_p_mean=-0.8411 logvar_p_clamp=0.0000
2026-08-30 01:56:36 | Epoch 265/400 | Train Loss 2.3071 Acc 0.1019 | Val Loss 2.3007 Acc 0.1129 AUC 0.5000 Pre 0.0113 Rec 0.1000
2026-08-30 01:56:36 | Diag logvar_q_mean=-0.8441 logvar_q_clamp=0.0000 logvar_p_mean=-0.8441 logvar_p_clamp=0.0000
2026-08-30 01:56:40 | Epoch 266/400 | Train Loss 2.3064 Acc 0.1067 | Val Loss 2.3007 Acc 0.1129 AUC 0.5000 Pre 0.0113 Rec 0.1000
2026-08-30 01:56:40 | Diag logvar_q_mean=-0.8468 logvar_q_clamp=0.0000 logvar_p_mean=-0.8468 logvar_p_clamp=0.0000
2026-08-30 01:56:43 | Epoch 267/400 | Train Loss 2.3069 Acc 0.1033 | Val Loss 2.3008 Acc 0.1129 AUC 0.5000 Pre 0.0113 Rec 0.1000
2026-08-30 01:56:44 | Diag logvar_q_mean=-0.8498 logvar_q_clamp=0.0000 logvar_p_mean=-0.8498 logvar_p_clamp=0.0000
2026-08-30 01:56:47 | Epoch 268/400 | Train Loss 2.3077 Acc 0.1027 | Val Loss 2.3007 Acc 0.1129 AUC 0.5000 Pre 0.0113 Rec 0.1000
2026-08-30 01:56:47 | Diag logvar_q_mean=-0.8529 logvar_q_clamp=0.0000 logvar_p_mean=-0.8529 logvar_p_clamp=0.0000
2026-08-30 01:56:51 | Epoch 269/400 | Train Loss 2.3063 Acc 0.1036 | Val Loss 2.3008 Acc 0.1129 AUC 0.5000 Pre 0.0113 Rec 0.1000
2026-08-30 01:56:51 | Diag logvar_q_mean=-0.8556 logvar_q_clamp=0.0000 logvar_p_mean=-0.8555 logvar_p_clamp=0.0000
2026-08-30 01:56:54 | Epoch 270/400 | Train Loss 2.3075 Acc 0.1033 | Val Loss 2.3007 Acc 0.1129 AUC 0.5000 Pre 0.0113 Rec 0.1000
2026-08-30 01:56:55 | Diag logvar_q_mean=-0.8586 logvar_q_clamp=0.0000 logvar_p_mean=-0.8586 logvar_p_clamp=0.0000
2026-08-30 01:56:58 | Epoch 271/400 | Train Loss 2.3069 Acc 0.1042 | Val Loss 2.3008 Acc 0.1129 AUC 0.5000 Pre 0.0113 Rec 0.1000
2026-08-30 01:56:59 | Diag logvar_q_mean=-0.8614 logvar_q_clamp=0.0000 logvar_p_mean=-0.8614 logvar_p_clamp=0.0000
2026-08-30 01:57:02 | Epoch 272/400 | Train Loss 2.3064 Acc 0.1031 | Val Loss 2.3008 Acc 0.1129 AUC 0.5000 Pre 0.0113 Rec 0.1000
2026-08-30 01:57:02 | Diag logvar_q_mean=-0.8642 logvar_q_clamp=0.0000 logvar_p_mean=-0.8642 logvar_p_clamp=0.0000
2026-08-30 01:57:06 | Epoch 273/400 | Train Loss 2.3061 Acc 0.1035 | Val Loss 2.3007 Acc 0.1129 AUC 0.5000 Pre 0.0113 Rec 0.1000
2026-08-30 01:57:06 | Diag logvar_q_mean=-0.8669 logvar_q_clamp=0.0000 logvar_p_mean=-0.8669 logvar_p_clamp=0.0000
2026-08-30 01:57:10 | Epoch 274/400 | Train Loss 2.3066 Acc 0.1054 | Val Loss 2.3008 Acc 0.1129 AUC 0.5000 Pre 0.0113 Rec 0.1000
2026-08-30 01:57:10 | Diag logvar_q_mean=-0.8697 logvar_q_clamp=0.0000 logvar_p_mean=-0.8697 logvar_p_clamp=0.0000
2026-08-30 01:57:13 | Epoch 275/400 | Train Loss 2.3066 Acc 0.1042 | Val Loss 2.3008 Acc 0.1129 AUC 0.5000 Pre 0.0113 Rec 0.1000
2026-08-30 01:57:14 | Diag logvar_q_mean=-0.8726 logvar_q_clamp=0.0000 logvar_p_mean=-0.8726 logvar_p_clamp=0.0000
2026-08-30 01:57:17 | Epoch 276/400 | Train Loss 2.3073 Acc 0.1019 | Val Loss 2.3008 Acc 0.1129 AUC 0.5000 Pre 0.0113 Rec 0.1000
2026-08-30 01:57:17 | Diag logvar_q_mean=-0.8755 logvar_q_clamp=0.0000 logvar_p_mean=-0.8755 logvar_p_clamp=0.0000
2026-08-30 01:57:21 | Epoch 277/400 | Train Loss 2.3067 Acc 0.1054 | Val Loss 2.3008 Acc 0.1129 AUC 0.5000 Pre 0.0113 Rec 0.1000
2026-08-30 01:57:21 | Diag logvar_q_mean=-0.8784 logvar_q_clamp=0.0000 logvar_p_mean=-0.8784 logvar_p_clamp=0.0000
2026-08-30 01:57:25 | Epoch 278/400 | Train Loss 2.3069 Acc 0.1043 | Val Loss 2.3007 Acc 0.1129 AUC 0.5000 Pre 0.0113 Rec 0.1000
2026-08-30 01:57:25 | Diag logvar_q_mean=-0.8812 logvar_q_clamp=0.0000 logvar_p_mean=-0.8812 logvar_p_clamp=0.0000
2026-08-30 01:57:28 | Epoch 279/400 | Train Loss 2.3062 Acc 0.1065 | Val Loss 2.3008 Acc 0.1129 AUC 0.5000 Pre 0.0113 Rec 0.1000
2026-08-30 01:57:29 | Diag logvar_q_mean=-0.8840 logvar_q_clamp=0.0000 logvar_p_mean=-0.8839 logvar_p_clamp=0.0000
2026-08-30 01:57:32 | Epoch 280/400 | Train Loss 2.3069 Acc 0.1038 | Val Loss 2.3007 Acc 0.1129 AUC 0.5000 Pre 0.0113 Rec 0.1000
2026-08-30 01:57:33 | Diag logvar_q_mean=-0.8868 logvar_q_clamp=0.0000 logvar_p_mean=-0.8868 logvar_p_clamp=0.0000
2026-08-30 01:57:36 | Epoch 281/400 | Train Loss 2.3065 Acc 0.1051 | Val Loss 2.3008 Acc 0.1129 AUC 0.5000 Pre 0.0113 Rec 0.1000
2026-08-30 01:57:36 | Diag logvar_q_mean=-0.8896 logvar_q_clamp=0.0000 logvar_p_mean=-0.8896 logvar_p_clamp=0.0000
2026-08-30 01:57:40 | Epoch 282/400 | Train Loss 2.3065 Acc 0.1052 | Val Loss 2.3008 Acc 0.1129 AUC 0.5000 Pre 0.0113 Rec 0.1000
2026-08-30 01:57:40 | Diag logvar_q_mean=-0.8924 logvar_q_clamp=0.0000 logvar_p_mean=-0.8924 logvar_p_clamp=0.0000
2026-08-30 01:57:43 | Epoch 283/400 | Train Loss 2.3064 Acc 0.1058 | Val Loss 2.3008 Acc 0.1129 AUC 0.5000 Pre 0.0113 Rec 0.1000
2026-08-30 01:57:44 | Diag logvar_q_mean=-0.8952 logvar_q_clamp=0.0000 logvar_p_mean=-0.8952 logvar_p_clamp=0.0000
2026-08-30 01:57:47 | Epoch 284/400 | Train Loss 2.3071 Acc 0.1053 | Val Loss 2.3008 Acc 0.1129 AUC 0.5000 Pre 0.0113 Rec 0.1000
2026-08-30 01:57:47 | Diag logvar_q_mean=-0.8982 logvar_q_clamp=0.0000 logvar_p_mean=-0.8982 logvar_p_clamp=0.0000
2026-08-30 01:57:51 | Epoch 285/400 | Train Loss 2.3062 Acc 0.1063 | Val Loss 2.3007 Acc 0.1129 AUC 0.5000 Pre 0.0113 Rec 0.1000
2026-08-30 01:57:51 | Diag logvar_q_mean=-0.9009 logvar_q_clamp=0.0000 logvar_p_mean=-0.9009 logvar_p_clamp=0.0000
2026-08-30 01:57:54 | Epoch 286/400 | Train Loss 2.3069 Acc 0.1038 | Val Loss 2.3008 Acc 0.1129 AUC 0.5000 Pre 0.0113 Rec 0.1000
2026-08-30 01:57:55 | Diag logvar_q_mean=-0.9037 logvar_q_clamp=0.0000 logvar_p_mean=-0.9037 logvar_p_clamp=0.0000
2026-08-30 01:57:58 | Epoch 287/400 | Train Loss 2.3066 Acc 0.1042 | Val Loss 2.3009 Acc 0.1129 AUC 0.5000 Pre 0.0113 Rec 0.1000
2026-08-30 01:57:58 | Diag logvar_q_mean=-0.9065 logvar_q_clamp=0.0000 logvar_p_mean=-0.9065 logvar_p_clamp=0.0000
2026-08-30 01:58:01 | Epoch 288/400 | Train Loss 2.3062 Acc 0.1035 | Val Loss 2.3007 Acc 0.1129 AUC 0.5000 Pre 0.0113 Rec 0.1000
2026-08-30 01:58:02 | Diag logvar_q_mean=-0.9092 logvar_q_clamp=0.0000 logvar_p_mean=-0.9092 logvar_p_clamp=0.0000
2026-08-30 01:58:05 | Epoch 289/400 | Train Loss 2.3066 Acc 0.1062 | Val Loss 2.3008 Acc 0.1129 AUC 0.5000 Pre 0.0113 Rec 0.1000
2026-08-30 01:58:06 | Diag logvar_q_mean=-0.9120 logvar_q_clamp=0.0000 logvar_p_mean=-0.9120 logvar_p_clamp=0.0000
2026-08-30 01:58:09 | Epoch 290/400 | Train Loss 2.3071 Acc 0.1043 | Val Loss 2.3008 Acc 0.1129 AUC 0.5000 Pre 0.0113 Rec 0.1000
2026-08-30 01:58:09 | Diag logvar_q_mean=-0.9150 logvar_q_clamp=0.0000 logvar_p_mean=-0.9149 logvar_p_clamp=0.0000
2026-08-30 01:58:13 | Epoch 291/400 | Train Loss 2.3065 Acc 0.1074 | Val Loss 2.3008 Acc 0.1129 AUC 0.5000 Pre 0.0113 Rec 0.1000
2026-08-30 01:58:13 | Diag logvar_q_mean=-0.9177 logvar_q_clamp=0.0000 logvar_p_mean=-0.9177 logvar_p_clamp=0.0000
2026-08-30 01:58:16 | Epoch 292/400 | Train Loss 2.3068 Acc 0.1052 | Val Loss 2.3008 Acc 0.1129 AUC 0.5000 Pre 0.0113 Rec 0.1000
2026-08-30 01:58:17 | Diag logvar_q_mean=-0.9205 logvar_q_clamp=0.0000 logvar_p_mean=-0.9205 logvar_p_clamp=0.0000
2026-08-30 01:58:20 | Epoch 293/400 | Train Loss 2.3067 Acc 0.1042 | Val Loss 2.3007 Acc 0.1129 AUC 0.5000 Pre 0.0113 Rec 0.1000
2026-08-30 01:58:21 | Diag logvar_q_mean=-0.9233 logvar_q_clamp=0.0000 logvar_p_mean=-0.9233 logvar_p_clamp=0.0000
2026-08-30 01:58:24 | Epoch 294/400 | Train Loss 2.3066 Acc 0.1016 | Val Loss 2.3008 Acc 0.1129 AUC 0.5000 Pre 0.0113 Rec 0.1000
2026-08-30 01:58:25 | Diag logvar_q_mean=-0.9260 logvar_q_clamp=0.0000 logvar_p_mean=-0.9260 logvar_p_clamp=0.0000
2026-08-30 01:58:28 | Epoch 295/400 | Train Loss 2.3067 Acc 0.1041 | Val Loss 2.3008 Acc 0.1129 AUC 0.5000 Pre 0.0113 Rec 0.1000
2026-08-30 01:58:28 | Diag logvar_q_mean=-0.9289 logvar_q_clamp=0.0000 logvar_p_mean=-0.9289 logvar_p_clamp=0.0000
2026-08-30 01:58:32 | Epoch 296/400 | Train Loss 2.3064 Acc 0.1044 | Val Loss 2.3008 Acc 0.1129 AUC 0.5000 Pre 0.0113 Rec 0.1000
2026-08-30 01:58:32 | Diag logvar_q_mean=-0.9316 logvar_q_clamp=0.0000 logvar_p_mean=-0.9316 logvar_p_clamp=0.0000
2026-08-30 01:58:35 | Epoch 297/400 | Train Loss 2.3068 Acc 0.1008 | Val Loss 2.3007 Acc 0.1129 AUC 0.5000 Pre 0.0113 Rec 0.1000
2026-08-30 01:58:36 | Diag logvar_q_mean=-0.9344 logvar_q_clamp=0.0000 logvar_p_mean=-0.9344 logvar_p_clamp=0.0000
2026-08-30 01:58:39 | Epoch 298/400 | Train Loss 2.3062 Acc 0.1039 | Val Loss 2.3008 Acc 0.1129 AUC 0.5000 Pre 0.0113 Rec 0.1000
2026-08-30 01:58:40 | Diag logvar_q_mean=-0.9371 logvar_q_clamp=0.0000 logvar_p_mean=-0.9371 logvar_p_clamp=0.0000
2026-08-30 01:58:43 | Epoch 299/400 | Train Loss 2.3072 Acc 0.1037 | Val Loss 2.3008 Acc 0.1129 AUC 0.5000 Pre 0.0113 Rec 0.1000
2026-08-30 01:58:43 | Diag logvar_q_mean=-0.9400 logvar_q_clamp=0.0000 logvar_p_mean=-0.9400 logvar_p_clamp=0.0000
2026-08-30 01:58:47 | Epoch 300/400 | Train Loss 2.3061 Acc 0.1061 | Val Loss 2.3008 Acc 0.1129 AUC 0.5000 Pre 0.0113 Rec 0.1000
2026-08-30 01:58:47 | Diag logvar_q_mean=-0.9427 logvar_q_clamp=0.0000 logvar_p_mean=-0.9427 logvar_p_clamp=0.0000
2026-08-30 01:58:50 | Epoch 301/400 | Train Loss 2.3073 Acc 0.1045 | Val Loss 2.3008 Acc 0.1129 AUC 0.5000 Pre 0.0113 Rec 0.1000
2026-08-30 01:58:51 | Diag logvar_q_mean=-0.9456 logvar_q_clamp=0.0000 logvar_p_mean=-0.9456 logvar_p_clamp=0.0000
2026-08-30 01:58:54 | Epoch 302/400 | Train Loss 2.3063 Acc 0.1028 | Val Loss 2.3007 Acc 0.1129 AUC 0.5000 Pre 0.0113 Rec 0.1000
2026-08-30 01:58:55 | Diag logvar_q_mean=-0.9482 logvar_q_clamp=0.0000 logvar_p_mean=-0.9482 logvar_p_clamp=0.0000
2026-08-30 01:58:58 | Epoch 303/400 | Train Loss 2.3063 Acc 0.1038 | Val Loss 2.3008 Acc 0.1129 AUC 0.5000 Pre 0.0113 Rec 0.1000
2026-08-30 01:58:58 | Diag logvar_q_mean=-0.9509 logvar_q_clamp=0.0000 logvar_p_mean=-0.9509 logvar_p_clamp=0.0000
2026-08-30 01:59:02 | Epoch 304/400 | Train Loss 2.3066 Acc 0.1028 | Val Loss 2.3008 Acc 0.1129 AUC 0.5000 Pre 0.0113 Rec 0.1000
2026-08-30 01:59:02 | Diag logvar_q_mean=-0.9537 logvar_q_clamp=0.0000 logvar_p_mean=-0.9537 logvar_p_clamp=0.0000
2026-08-30 01:59:06 | Epoch 305/400 | Train Loss 2.3062 Acc 0.1043 | Val Loss 2.3008 Acc 0.1129 AUC 0.5000 Pre 0.0113 Rec 0.1000
2026-08-30 01:59:06 | Diag logvar_q_mean=-0.9564 logvar_q_clamp=0.0000 logvar_p_mean=-0.9564 logvar_p_clamp=0.0000
2026-08-30 01:59:09 | Epoch 306/400 | Train Loss 2.3063 Acc 0.1063 | Val Loss 2.3008 Acc 0.1129 AUC 0.5000 Pre 0.0113 Rec 0.1000
2026-08-30 01:59:10 | Diag logvar_q_mean=-0.9590 logvar_q_clamp=0.0000 logvar_p_mean=-0.9590 logvar_p_clamp=0.0000
2026-08-30 01:59:13 | Epoch 307/400 | Train Loss 2.3058 Acc 0.1064 | Val Loss 2.3007 Acc 0.1129 AUC 0.5000 Pre 0.0113 Rec 0.1000
2026-08-30 01:59:14 | Diag logvar_q_mean=-0.9617 logvar_q_clamp=0.0000 logvar_p_mean=-0.9617 logvar_p_clamp=0.0000
2026-08-30 01:59:17 | Epoch 308/400 | Train Loss 2.3066 Acc 0.1040 | Val Loss 2.3008 Acc 0.1129 AUC 0.5000 Pre 0.0113 Rec 0.1000
2026-08-30 01:59:18 | Diag logvar_q_mean=-0.9645 logvar_q_clamp=0.0000 logvar_p_mean=-0.9645 logvar_p_clamp=0.0000
2026-08-30 01:59:21 | Epoch 309/400 | Train Loss 2.3060 Acc 0.1053 | Val Loss 2.3007 Acc 0.1129 AUC 0.5000 Pre 0.0113 Rec 0.1000
2026-08-30 01:59:21 | Diag logvar_q_mean=-0.9671 logvar_q_clamp=0.0000 logvar_p_mean=-0.9671 logvar_p_clamp=0.0000
2026-08-30 01:59:25 | Epoch 310/400 | Train Loss 2.3065 Acc 0.1047 | Val Loss 2.3008 Acc 0.1129 AUC 0.5000 Pre 0.0113 Rec 0.1000
2026-08-30 01:59:25 | Diag logvar_q_mean=-0.9699 logvar_q_clamp=0.0000 logvar_p_mean=-0.9699 logvar_p_clamp=0.0000
2026-08-30 01:59:29 | Epoch 311/400 | Train Loss 2.3068 Acc 0.1051 | Val Loss 2.3008 Acc 0.1129 AUC 0.5000 Pre 0.0113 Rec 0.1000
2026-08-30 01:59:29 | Diag logvar_q_mean=-0.9728 logvar_q_clamp=0.0000 logvar_p_mean=-0.9728 logvar_p_clamp=0.0000
2026-08-30 01:59:32 | Epoch 312/400 | Train Loss 2.3071 Acc 0.1041 | Val Loss 2.3008 Acc 0.1129 AUC 0.5000 Pre 0.0113 Rec 0.1000
2026-08-30 01:59:33 | Diag logvar_q_mean=-0.9755 logvar_q_clamp=0.0000 logvar_p_mean=-0.9756 logvar_p_clamp=0.0000
2026-08-30 01:59:36 | Epoch 313/400 | Train Loss 2.3066 Acc 0.1038 | Val Loss 2.3008 Acc 0.1129 AUC 0.5000 Pre 0.0113 Rec 0.1000
2026-08-30 01:59:36 | Diag logvar_q_mean=-0.9783 logvar_q_clamp=0.0000 logvar_p_mean=-0.9783 logvar_p_clamp=0.0000
2026-08-30 01:59:40 | Epoch 314/400 | Train Loss 2.3062 Acc 0.1040 | Val Loss 2.3008 Acc 0.1129 AUC 0.5000 Pre 0.0113 Rec 0.1000
2026-08-30 01:59:40 | Diag logvar_q_mean=-0.9810 logvar_q_clamp=0.0000 logvar_p_mean=-0.9810 logvar_p_clamp=0.0000
2026-08-30 01:59:44 | Epoch 315/400 | Train Loss 2.3062 Acc 0.1049 | Val Loss 2.3008 Acc 0.1129 AUC 0.5000 Pre 0.0113 Rec 0.1000
2026-08-30 01:59:44 | Diag logvar_q_mean=-0.9836 logvar_q_clamp=0.0000 logvar_p_mean=-0.9836 logvar_p_clamp=0.0000
2026-08-30 01:59:47 | Epoch 316/400 | Train Loss 2.3063 Acc 0.1039 | Val Loss 2.3008 Acc 0.1129 AUC 0.5000 Pre 0.0113 Rec 0.1000
2026-08-30 01:59:48 | Diag logvar_q_mean=-0.9862 logvar_q_clamp=0.0000 logvar_p_mean=-0.9863 logvar_p_clamp=0.0000
2026-08-30 01:59:51 | Epoch 317/400 | Train Loss 2.3060 Acc 0.1050 | Val Loss 2.3008 Acc 0.1129 AUC 0.5000 Pre 0.0113 Rec 0.1000
2026-08-30 01:59:52 | Diag logvar_q_mean=-0.9889 logvar_q_clamp=0.0000 logvar_p_mean=-0.9889 logvar_p_clamp=0.0000
2026-08-30 01:59:55 | Epoch 318/400 | Train Loss 2.3063 Acc 0.1070 | Val Loss 2.3008 Acc 0.1129 AUC 0.5000 Pre 0.0113 Rec 0.1000
2026-08-30 01:59:56 | Diag logvar_q_mean=-0.9916 logvar_q_clamp=0.0000 logvar_p_mean=-0.9916 logvar_p_clamp=0.0000
2026-08-30 01:59:59 | Epoch 319/400 | Train Loss 2.3065 Acc 0.1040 | Val Loss 2.3008 Acc 0.1129 AUC 0.5000 Pre 0.0113 Rec 0.1000
2026-08-30 01:59:59 | Diag logvar_q_mean=-0.9943 logvar_q_clamp=0.0000 logvar_p_mean=-0.9943 logvar_p_clamp=0.0000
2026-08-30 02:00:03 | Epoch 320/400 | Train Loss 2.3062 Acc 0.1077 | Val Loss 2.3008 Acc 0.1129 AUC 0.5000 Pre 0.0113 Rec 0.1000
2026-08-30 02:00:03 | Diag logvar_q_mean=-0.9970 logvar_q_clamp=0.0000 logvar_p_mean=-0.9970 logvar_p_clamp=0.0000
2026-08-30 02:00:06 | Epoch 321/400 | Train Loss 2.3060 Acc 0.1057 | Val Loss 2.3008 Acc 0.1129 AUC 0.5000 Pre 0.0113 Rec 0.1000
2026-08-30 02:00:07 | Diag logvar_q_mean=-0.9996 logvar_q_clamp=0.0000 logvar_p_mean=-0.9996 logvar_p_clamp=0.0000
2026-08-30 02:00:10 | Epoch 322/400 | Train Loss 2.3065 Acc 0.1032 | Val Loss 2.3008 Acc 0.1129 AUC 0.5000 Pre 0.0113 Rec 0.1000
2026-08-30 02:00:11 | Diag logvar_q_mean=-1.0023 logvar_q_clamp=0.0000 logvar_p_mean=-1.0023 logvar_p_clamp=0.0000
2026-08-30 02:00:14 | Epoch 323/400 | Train Loss 2.3064 Acc 0.1064 | Val Loss 2.3008 Acc 0.1129 AUC 0.5000 Pre 0.0113 Rec 0.1000
2026-08-30 02:00:15 | Diag logvar_q_mean=-1.0050 logvar_q_clamp=0.0000 logvar_p_mean=-1.0050 logvar_p_clamp=0.0000
2026-08-30 02:00:18 | Epoch 324/400 | Train Loss 2.3065 Acc 0.1056 | Val Loss 2.3007 Acc 0.1129 AUC 0.5000 Pre 0.0113 Rec 0.1000
2026-08-30 02:00:18 | Diag logvar_q_mean=-1.0077 logvar_q_clamp=0.0000 logvar_p_mean=-1.0077 logvar_p_clamp=0.0000
2026-08-30 02:00:22 | Epoch 325/400 | Train Loss 2.3067 Acc 0.1048 | Val Loss 2.3008 Acc 0.1129 AUC 0.5000 Pre 0.0113 Rec 0.1000
2026-08-30 02:00:22 | Diag logvar_q_mean=-1.0103 logvar_q_clamp=0.0000 logvar_p_mean=-1.0103 logvar_p_clamp=0.0000
2026-08-30 02:00:25 | Epoch 326/400 | Train Loss 2.3061 Acc 0.1053 | Val Loss 2.3008 Acc 0.1129 AUC 0.5000 Pre 0.0113 Rec 0.1000
2026-08-30 02:00:26 | Diag logvar_q_mean=-1.0129 logvar_q_clamp=0.0000 logvar_p_mean=-1.0129 logvar_p_clamp=0.0000
2026-08-30 02:00:29 | Epoch 327/400 | Train Loss 2.3064 Acc 0.1050 | Val Loss 2.3008 Acc 0.1129 AUC 0.5000 Pre 0.0113 Rec 0.1000
2026-08-30 02:00:30 | Diag logvar_q_mean=-1.0156 logvar_q_clamp=0.0000 logvar_p_mean=-1.0156 logvar_p_clamp=0.0000
2026-08-30 02:00:33 | Epoch 328/400 | Train Loss 2.3067 Acc 0.1050 | Val Loss 2.3008 Acc 0.1129 AUC 0.5000 Pre 0.0113 Rec 0.1000
2026-08-30 02:00:33 | Diag logvar_q_mean=-1.0184 logvar_q_clamp=0.0000 logvar_p_mean=-1.0184 logvar_p_clamp=0.0000
2026-08-30 02:00:37 | Epoch 329/400 | Train Loss 2.3065 Acc 0.1044 | Val Loss 2.3007 Acc 0.1129 AUC 0.5000 Pre 0.0113 Rec 0.1000
2026-08-30 02:00:37 | Diag logvar_q_mean=-1.0210 logvar_q_clamp=0.0000 logvar_p_mean=-1.0210 logvar_p_clamp=0.0000
2026-08-30 02:00:41 | Epoch 330/400 | Train Loss 2.3057 Acc 0.1080 | Val Loss 2.3008 Acc 0.1129 AUC 0.5000 Pre 0.0113 Rec 0.1000
2026-08-30 02:00:41 | Diag logvar_q_mean=-1.0235 logvar_q_clamp=0.0000 logvar_p_mean=-1.0235 logvar_p_clamp=0.0000
2026-08-30 02:00:44 | Epoch 331/400 | Train Loss 2.3059 Acc 0.1040 | Val Loss 2.3008 Acc 0.1129 AUC 0.5000 Pre 0.0113 Rec 0.1000
2026-08-30 02:00:45 | Diag logvar_q_mean=-1.0261 logvar_q_clamp=0.0000 logvar_p_mean=-1.0261 logvar_p_clamp=0.0000
2026-08-30 02:00:48 | Epoch 332/400 | Train Loss 2.3070 Acc 0.1045 | Val Loss 2.3008 Acc 0.1129 AUC 0.5000 Pre 0.0113 Rec 0.1000
2026-08-30 02:00:49 | Diag logvar_q_mean=-1.0289 logvar_q_clamp=0.0000 logvar_p_mean=-1.0289 logvar_p_clamp=0.0000
2026-08-30 02:00:52 | Epoch 333/400 | Train Loss 2.3061 Acc 0.1040 | Val Loss 2.3008 Acc 0.1129 AUC 0.5000 Pre 0.0113 Rec 0.1000
2026-08-30 02:00:53 | Diag logvar_q_mean=-1.0315 logvar_q_clamp=0.0000 logvar_p_mean=-1.0315 logvar_p_clamp=0.0000
2026-08-30 02:00:56 | Epoch 334/400 | Train Loss 2.3065 Acc 0.1062 | Val Loss 2.3008 Acc 0.1129 AUC 0.5000 Pre 0.0113 Rec 0.1000
2026-08-30 02:00:56 | Diag logvar_q_mean=-1.0342 logvar_q_clamp=0.0000 logvar_p_mean=-1.0342 logvar_p_clamp=0.0000
2026-08-30 02:01:00 | Epoch 335/400 | Train Loss 2.3059 Acc 0.1052 | Val Loss 2.3008 Acc 0.1129 AUC 0.5000 Pre 0.0113 Rec 0.1000
2026-08-30 02:01:00 | Diag logvar_q_mean=-1.0367 logvar_q_clamp=0.0000 logvar_p_mean=-1.0367 logvar_p_clamp=0.0000
2026-08-30 02:01:03 | Epoch 336/400 | Train Loss 2.3061 Acc 0.1060 | Val Loss 2.3008 Acc 0.1129 AUC 0.5000 Pre 0.0113 Rec 0.1000
2026-08-30 02:01:04 | Diag logvar_q_mean=-1.0393 logvar_q_clamp=0.0000 logvar_p_mean=-1.0393 logvar_p_clamp=0.0000
2026-08-30 02:01:07 | Epoch 337/400 | Train Loss 2.3064 Acc 0.1045 | Val Loss 2.3008 Acc 0.1129 AUC 0.5000 Pre 0.0113 Rec 0.1000
2026-08-30 02:01:08 | Diag logvar_q_mean=-1.0419 logvar_q_clamp=0.0000 logvar_p_mean=-1.0419 logvar_p_clamp=0.0000
2026-08-30 02:01:11 | Epoch 338/400 | Train Loss 2.3063 Acc 0.1048 | Val Loss 2.3007 Acc 0.1129 AUC 0.5000 Pre 0.0113 Rec 0.1000
2026-08-30 02:01:11 | Diag logvar_q_mean=-1.0446 logvar_q_clamp=0.0000 logvar_p_mean=-1.0446 logvar_p_clamp=0.0000
2026-08-30 02:01:15 | Epoch 339/400 | Train Loss 2.3072 Acc 0.1030 | Val Loss 2.3008 Acc 0.1129 AUC 0.5000 Pre 0.0113 Rec 0.1000
2026-08-30 02:01:15 | Diag logvar_q_mean=-1.0474 logvar_q_clamp=0.0000 logvar_p_mean=-1.0474 logvar_p_clamp=0.0000
2026-08-30 02:01:19 | Epoch 340/400 | Train Loss 2.3062 Acc 0.1030 | Val Loss 2.3008 Acc 0.1129 AUC 0.5000 Pre 0.0113 Rec 0.1000
2026-08-30 02:01:19 | Diag logvar_q_mean=-1.0500 logvar_q_clamp=0.0000 logvar_p_mean=-1.0500 logvar_p_clamp=0.0000
2026-08-30 02:01:22 | Epoch 341/400 | Train Loss 2.3068 Acc 0.1043 | Val Loss 2.3008 Acc 0.1129 AUC 0.5000 Pre 0.0113 Rec 0.1000
2026-08-30 02:01:23 | Diag logvar_q_mean=-1.0527 logvar_q_clamp=0.0000 logvar_p_mean=-1.0527 logvar_p_clamp=0.0000
2026-08-30 02:01:26 | Epoch 342/400 | Train Loss 2.3051 Acc 0.1043 | Val Loss 2.3008 Acc 0.1129 AUC 0.5000 Pre 0.0113 Rec 0.1000
2026-08-30 02:01:27 | Diag logvar_q_mean=-1.0551 logvar_q_clamp=0.0000 logvar_p_mean=-1.0551 logvar_p_clamp=0.0000
2026-08-30 02:01:30 | Epoch 343/400 | Train Loss 2.3065 Acc 0.1025 | Val Loss 2.3008 Acc 0.1129 AUC 0.5000 Pre 0.0113 Rec 0.1000
2026-08-30 02:01:30 | Diag logvar_q_mean=-1.0577 logvar_q_clamp=0.0000 logvar_p_mean=-1.0577 logvar_p_clamp=0.0000
2026-08-30 02:01:34 | Epoch 344/400 | Train Loss 2.3059 Acc 0.1076 | Val Loss 2.3008 Acc 0.1129 AUC 0.5000 Pre 0.0113 Rec 0.1000
2026-08-30 02:01:34 | Diag logvar_q_mean=-1.0603 logvar_q_clamp=0.0000 logvar_p_mean=-1.0603 logvar_p_clamp=0.0000
2026-08-30 02:01:38 | Epoch 345/400 | Train Loss 2.3074 Acc 0.1056 | Val Loss 2.3007 Acc 0.1129 AUC 0.5000 Pre 0.0113 Rec 0.1000
2026-08-30 02:01:38 | Diag logvar_q_mean=-1.0632 logvar_q_clamp=0.0000 logvar_p_mean=-1.0632 logvar_p_clamp=0.0000
2026-08-30 02:01:41 | Epoch 346/400 | Train Loss 2.3061 Acc 0.1058 | Val Loss 2.3008 Acc 0.1129 AUC 0.5000 Pre 0.0113 Rec 0.1000
2026-08-30 02:01:42 | Diag logvar_q_mean=-1.0657 logvar_q_clamp=0.0000 logvar_p_mean=-1.0657 logvar_p_clamp=0.0000
2026-08-30 02:01:45 | Epoch 347/400 | Train Loss 2.3063 Acc 0.1036 | Val Loss 2.3008 Acc 0.1129 AUC 0.5000 Pre 0.0113 Rec 0.1000
2026-08-30 02:01:46 | Diag logvar_q_mean=-1.0684 logvar_q_clamp=0.0000 logvar_p_mean=-1.0684 logvar_p_clamp=0.0000
2026-08-30 02:01:49 | Epoch 348/400 | Train Loss 2.3069 Acc 0.1020 | Val Loss 2.3008 Acc 0.1129 AUC 0.5000 Pre 0.0113 Rec 0.1000
2026-08-30 02:01:50 | Diag logvar_q_mean=-1.0711 logvar_q_clamp=0.0000 logvar_p_mean=-1.0711 logvar_p_clamp=0.0000
2026-08-30 02:01:53 | Epoch 349/400 | Train Loss 2.3058 Acc 0.1077 | Val Loss 2.3008 Acc 0.1129 AUC 0.5000 Pre 0.0113 Rec 0.1000
2026-08-30 02:01:53 | Diag logvar_q_mean=-1.0736 logvar_q_clamp=0.0000 logvar_p_mean=-1.0736 logvar_p_clamp=0.0000
2026-08-30 02:01:57 | Epoch 350/400 | Train Loss 2.3064 Acc 0.1051 | Val Loss 2.3008 Acc 0.1129 AUC 0.5000 Pre 0.0113 Rec 0.1000
2026-08-30 02:01:57 | Diag logvar_q_mean=-1.0762 logvar_q_clamp=0.0000 logvar_p_mean=-1.0762 logvar_p_clamp=0.0000
2026-08-30 02:02:00 | Epoch 351/400 | Train Loss 2.3062 Acc 0.1042 | Val Loss 2.3008 Acc 0.1129 AUC 0.5000 Pre 0.0113 Rec 0.1000
2026-08-30 02:02:01 | Diag logvar_q_mean=-1.0788 logvar_q_clamp=0.0000 logvar_p_mean=-1.0788 logvar_p_clamp=0.0000
2026-08-30 02:02:04 | Epoch 352/400 | Train Loss 2.3059 Acc 0.1056 | Val Loss 2.3008 Acc 0.1129 AUC 0.5000 Pre 0.0113 Rec 0.1000
2026-08-30 02:02:05 | Diag logvar_q_mean=-1.0813 logvar_q_clamp=0.0000 logvar_p_mean=-1.0813 logvar_p_clamp=0.0000
2026-08-30 02:02:08 | Epoch 353/400 | Train Loss 2.3062 Acc 0.1056 | Val Loss 2.3008 Acc 0.1129 AUC 0.5000 Pre 0.0113 Rec 0.1000
2026-08-30 02:02:08 | Diag logvar_q_mean=-1.0839 logvar_q_clamp=0.0000 logvar_p_mean=-1.0839 logvar_p_clamp=0.0000
2026-08-30 02:02:12 | Epoch 354/400 | Train Loss 2.3061 Acc 0.1056 | Val Loss 2.3008 Acc 0.1129 AUC 0.5000 Pre 0.0113 Rec 0.1000
2026-08-30 02:02:12 | Diag logvar_q_mean=-1.0865 logvar_q_clamp=0.0000 logvar_p_mean=-1.0865 logvar_p_clamp=0.0000
2026-08-30 02:02:16 | Epoch 355/400 | Train Loss 2.3059 Acc 0.1063 | Val Loss 2.3007 Acc 0.1129 AUC 0.5000 Pre 0.0113 Rec 0.1000
2026-08-30 02:02:16 | Diag logvar_q_mean=-1.0891 logvar_q_clamp=0.0000 logvar_p_mean=-1.0891 logvar_p_clamp=0.0000
2026-08-30 02:02:19 | Epoch 356/400 | Train Loss 2.3061 Acc 0.1056 | Val Loss 2.3007 Acc 0.1129 AUC 0.5000 Pre 0.0113 Rec 0.1000
2026-08-30 02:02:20 | Diag logvar_q_mean=-1.0916 logvar_q_clamp=0.0000 logvar_p_mean=-1.0916 logvar_p_clamp=0.0000
2026-08-30 02:02:23 | Epoch 357/400 | Train Loss 2.3067 Acc 0.1043 | Val Loss 2.3008 Acc 0.1129 AUC 0.5000 Pre 0.0113 Rec 0.1000
2026-08-30 02:02:24 | Diag logvar_q_mean=-1.0943 logvar_q_clamp=0.0000 logvar_p_mean=-1.0943 logvar_p_clamp=0.0000
2026-08-30 02:02:27 | Epoch 358/400 | Train Loss 2.3063 Acc 0.1048 | Val Loss 2.3008 Acc 0.1129 AUC 0.5000 Pre 0.0113 Rec 0.1000
2026-08-30 02:02:28 | Diag logvar_q_mean=-1.0969 logvar_q_clamp=0.0000 logvar_p_mean=-1.0969 logvar_p_clamp=0.0000
2026-08-30 02:02:31 | Epoch 359/400 | Train Loss 2.3064 Acc 0.1070 | Val Loss 2.3008 Acc 0.1129 AUC 0.5000 Pre 0.0113 Rec 0.1000
2026-08-30 02:02:31 | Diag logvar_q_mean=-1.0995 logvar_q_clamp=0.0000 logvar_p_mean=-1.0995 logvar_p_clamp=0.0000
2026-08-30 02:02:35 | Epoch 360/400 | Train Loss 2.3058 Acc 0.1057 | Val Loss 2.3007 Acc 0.1129 AUC 0.5000 Pre 0.0113 Rec 0.1000
2026-08-30 02:02:35 | Diag logvar_q_mean=-1.1020 logvar_q_clamp=0.0000 logvar_p_mean=-1.1020 logvar_p_clamp=0.0000
2026-08-30 02:02:38 | Epoch 361/400 | Train Loss 2.3061 Acc 0.1044 | Val Loss 2.3008 Acc 0.1129 AUC 0.5000 Pre 0.0113 Rec 0.1000
2026-08-30 02:02:39 | Diag logvar_q_mean=-1.1046 logvar_q_clamp=0.0000 logvar_p_mean=-1.1046 logvar_p_clamp=0.0000
2026-08-30 02:02:42 | Epoch 362/400 | Train Loss 2.3063 Acc 0.1043 | Val Loss 2.3008 Acc 0.1129 AUC 0.5000 Pre 0.0113 Rec 0.1000
2026-08-30 02:02:43 | Diag logvar_q_mean=-1.1072 logvar_q_clamp=0.0000 logvar_p_mean=-1.1072 logvar_p_clamp=0.0000
2026-08-30 02:02:46 | Epoch 363/400 | Train Loss 2.3066 Acc 0.1023 | Val Loss 2.3008 Acc 0.1129 AUC 0.5000 Pre 0.0113 Rec 0.1000
2026-08-30 02:02:46 | Diag logvar_q_mean=-1.1098 logvar_q_clamp=0.0000 logvar_p_mean=-1.1098 logvar_p_clamp=0.0000
2026-08-30 02:02:50 | Epoch 364/400 | Train Loss 2.3070 Acc 0.1029 | Val Loss 2.3008 Acc 0.1129 AUC 0.5000 Pre 0.0113 Rec 0.1000
2026-08-30 02:02:50 | Diag logvar_q_mean=-1.1125 logvar_q_clamp=0.0000 logvar_p_mean=-1.1125 logvar_p_clamp=0.0000
2026-08-30 02:02:54 | Epoch 365/400 | Train Loss 2.3064 Acc 0.1053 | Val Loss 2.3008 Acc 0.1129 AUC 0.5000 Pre 0.0113 Rec 0.1000
2026-08-30 02:02:54 | Diag logvar_q_mean=-1.1151 logvar_q_clamp=0.0000 logvar_p_mean=-1.1151 logvar_p_clamp=0.0000
2026-08-30 02:02:57 | Epoch 366/400 | Train Loss 2.3059 Acc 0.1028 | Val Loss 2.3008 Acc 0.1129 AUC 0.5000 Pre 0.0113 Rec 0.1000
2026-08-30 02:02:58 | Diag logvar_q_mean=-1.1175 logvar_q_clamp=0.0000 logvar_p_mean=-1.1175 logvar_p_clamp=0.0000
2026-08-30 02:03:01 | Epoch 367/400 | Train Loss 2.3063 Acc 0.1053 | Val Loss 2.3008 Acc 0.1129 AUC 0.5000 Pre 0.0113 Rec 0.1000
2026-08-30 02:03:02 | Diag logvar_q_mean=-1.1201 logvar_q_clamp=0.0000 logvar_p_mean=-1.1201 logvar_p_clamp=0.0000
2026-08-30 02:03:05 | Epoch 368/400 | Train Loss 2.3064 Acc 0.1054 | Val Loss 2.3008 Acc 0.1129 AUC 0.5000 Pre 0.0113 Rec 0.1000
2026-08-30 02:03:06 | Diag logvar_q_mean=-1.1227 logvar_q_clamp=0.0000 logvar_p_mean=-1.1227 logvar_p_clamp=0.0000
2026-08-30 02:03:09 | Epoch 369/400 | Train Loss 2.3058 Acc 0.1062 | Val Loss 2.3008 Acc 0.1129 AUC 0.5000 Pre 0.0113 Rec 0.1000
2026-08-30 02:03:09 | Diag logvar_q_mean=-1.1252 logvar_q_clamp=0.0000 logvar_p_mean=-1.1252 logvar_p_clamp=0.0000
2026-08-30 02:03:13 | Epoch 370/400 | Train Loss 2.3058 Acc 0.1085 | Val Loss 2.3008 Acc 0.1129 AUC 0.5000 Pre 0.0113 Rec 0.1000
2026-08-30 02:03:13 | Diag logvar_q_mean=-1.1276 logvar_q_clamp=0.0000 logvar_p_mean=-1.1276 logvar_p_clamp=0.0000
2026-08-30 02:03:17 | Epoch 371/400 | Train Loss 2.3058 Acc 0.1050 | Val Loss 2.3008 Acc 0.1129 AUC 0.5000 Pre 0.0113 Rec 0.1000
2026-08-30 02:03:17 | Diag logvar_q_mean=-1.1301 logvar_q_clamp=0.0000 logvar_p_mean=-1.1301 logvar_p_clamp=0.0000
2026-08-30 02:03:20 | Epoch 372/400 | Train Loss 2.3061 Acc 0.1061 | Val Loss 2.3008 Acc 0.1129 AUC 0.5000 Pre 0.0113 Rec 0.1000
2026-08-30 02:03:21 | Diag logvar_q_mean=-1.1327 logvar_q_clamp=0.0000 logvar_p_mean=-1.1327 logvar_p_clamp=0.0000
2026-08-30 02:03:24 | Epoch 373/400 | Train Loss 2.3066 Acc 0.1029 | Val Loss 2.3008 Acc 0.1129 AUC 0.5000 Pre 0.0113 Rec 0.1000
2026-08-30 02:03:25 | Diag logvar_q_mean=-1.1353 logvar_q_clamp=0.0000 logvar_p_mean=-1.1353 logvar_p_clamp=0.0000
2026-08-30 02:03:28 | Epoch 374/400 | Train Loss 2.3065 Acc 0.1059 | Val Loss 2.3007 Acc 0.1129 AUC 0.5000 Pre 0.0113 Rec 0.1000
2026-08-30 02:03:29 | Diag logvar_q_mean=-1.1378 logvar_q_clamp=0.0000 logvar_p_mean=-1.1378 logvar_p_clamp=0.0000
2026-08-30 02:03:32 | Epoch 375/400 | Train Loss 2.3058 Acc 0.1031 | Val Loss 2.3007 Acc 0.1129 AUC 0.5000 Pre 0.0113 Rec 0.1000
2026-08-30 02:03:33 | Diag logvar_q_mean=-1.1403 logvar_q_clamp=0.0000 logvar_p_mean=-1.1403 logvar_p_clamp=0.0000
2026-08-30 02:03:36 | Epoch 376/400 | Train Loss 2.3057 Acc 0.1065 | Val Loss 2.3007 Acc 0.1129 AUC 0.5000 Pre 0.0113 Rec 0.1000
2026-08-30 02:03:36 | Diag logvar_q_mean=-1.1428 logvar_q_clamp=0.0000 logvar_p_mean=-1.1427 logvar_p_clamp=0.0000
2026-08-30 02:03:40 | Epoch 377/400 | Train Loss 2.3065 Acc 0.1024 | Val Loss 2.3008 Acc 0.1129 AUC 0.5000 Pre 0.0113 Rec 0.1000
2026-08-30 02:03:40 | Diag logvar_q_mean=-1.1454 logvar_q_clamp=0.0000 logvar_p_mean=-1.1454 logvar_p_clamp=0.0000
2026-08-30 02:03:44 | Epoch 378/400 | Train Loss 2.3059 Acc 0.1055 | Val Loss 2.3008 Acc 0.1129 AUC 0.5000 Pre 0.0113 Rec 0.1000
2026-08-30 02:03:44 | Diag logvar_q_mean=-1.1478 logvar_q_clamp=0.0000 logvar_p_mean=-1.1479 logvar_p_clamp=0.0000
2026-08-30 02:03:48 | Epoch 379/400 | Train Loss 2.3060 Acc 0.1073 | Val Loss 2.3008 Acc 0.1129 AUC 0.5000 Pre 0.0113 Rec 0.1000
2026-08-30 02:03:48 | Diag logvar_q_mean=-1.1504 logvar_q_clamp=0.0000 logvar_p_mean=-1.1504 logvar_p_clamp=0.0000
2026-08-30 02:03:51 | Epoch 380/400 | Train Loss 2.3060 Acc 0.1057 | Val Loss 2.3008 Acc 0.1129 AUC 0.5000 Pre 0.0113 Rec 0.1000
2026-08-30 02:03:52 | Diag logvar_q_mean=-1.1529 logvar_q_clamp=0.0000 logvar_p_mean=-1.1529 logvar_p_clamp=0.0000
2026-08-30 02:03:55 | Epoch 381/400 | Train Loss 2.3065 Acc 0.1056 | Val Loss 2.3008 Acc 0.1129 AUC 0.5000 Pre 0.0113 Rec 0.1000
2026-08-30 02:03:55 | Diag logvar_q_mean=-1.1553 logvar_q_clamp=0.0000 logvar_p_mean=-1.1553 logvar_p_clamp=0.0000
2026-08-30 02:03:59 | Epoch 382/400 | Train Loss 2.3065 Acc 0.1051 | Val Loss 2.3008 Acc 0.1129 AUC 0.5000 Pre 0.0113 Rec 0.1000
2026-08-30 02:03:59 | Diag logvar_q_mean=-1.1579 logvar_q_clamp=0.0000 logvar_p_mean=-1.1579 logvar_p_clamp=0.0000
2026-08-30 02:04:02 | Epoch 383/400 | Train Loss 2.3062 Acc 0.1038 | Val Loss 2.3008 Acc 0.1129 AUC 0.5000 Pre 0.0113 Rec 0.1000
2026-08-30 02:04:03 | Diag logvar_q_mean=-1.1605 logvar_q_clamp=0.0000 logvar_p_mean=-1.1605 logvar_p_clamp=0.0000
2026-08-30 02:04:06 | Epoch 384/400 | Train Loss 2.3052 Acc 0.1057 | Val Loss 2.3007 Acc 0.1129 AUC 0.5000 Pre 0.0113 Rec 0.1000
2026-08-30 02:04:06 | Diag logvar_q_mean=-1.1628 logvar_q_clamp=0.0000 logvar_p_mean=-1.1628 logvar_p_clamp=0.0000
2026-08-30 02:04:10 | Epoch 385/400 | Train Loss 2.3056 Acc 0.1060 | Val Loss 2.3008 Acc 0.1129 AUC 0.5000 Pre 0.0113 Rec 0.1000
2026-08-30 02:04:10 | Diag logvar_q_mean=-1.1652 logvar_q_clamp=0.0000 logvar_p_mean=-1.1652 logvar_p_clamp=0.0000
2026-08-30 02:04:13 | Epoch 386/400 | Train Loss 2.3064 Acc 0.1064 | Val Loss 2.3008 Acc 0.1129 AUC 0.5000 Pre 0.0113 Rec 0.1000
2026-08-30 02:04:14 | Diag logvar_q_mean=-1.1678 logvar_q_clamp=0.0000 logvar_p_mean=-1.1678 logvar_p_clamp=0.0000
2026-08-30 02:04:17 | Epoch 387/400 | Train Loss 2.3061 Acc 0.1027 | Val Loss 2.3008 Acc 0.1129 AUC 0.5000 Pre 0.0113 Rec 0.1000
2026-08-30 02:04:17 | Diag logvar_q_mean=-1.1703 logvar_q_clamp=0.0000 logvar_p_mean=-1.1703 logvar_p_clamp=0.0000
2026-08-30 02:04:21 | Epoch 388/400 | Train Loss 2.3056 Acc 0.1056 | Val Loss 2.3008 Acc 0.1129 AUC 0.5000 Pre 0.0113 Rec 0.1000
2026-08-30 02:04:21 | Diag logvar_q_mean=-1.1728 logvar_q_clamp=0.0000 logvar_p_mean=-1.1728 logvar_p_clamp=0.0000
2026-08-30 02:04:24 | Epoch 389/400 | Train Loss 2.3064 Acc 0.1046 | Val Loss 2.3008 Acc 0.1129 AUC 0.5000 Pre 0.0113 Rec 0.1000
2026-08-30 02:04:25 | Diag logvar_q_mean=-1.1754 logvar_q_clamp=0.0000 logvar_p_mean=-1.1754 logvar_p_clamp=0.0000
2026-08-30 02:04:28 | Epoch 390/400 | Train Loss 2.3052 Acc 0.1066 | Val Loss 2.3008 Acc 0.1129 AUC 0.5000 Pre 0.0113 Rec 0.1000
2026-08-30 02:04:29 | Diag logvar_q_mean=-1.1777 logvar_q_clamp=0.0000 logvar_p_mean=-1.1777 logvar_p_clamp=0.0000
2026-08-30 02:04:32 | Epoch 391/400 | Train Loss 2.3060 Acc 0.1062 | Val Loss 2.3008 Acc 0.1129 AUC 0.5000 Pre 0.0113 Rec 0.1000
2026-08-30 02:04:32 | Diag logvar_q_mean=-1.1802 logvar_q_clamp=0.0000 logvar_p_mean=-1.1802 logvar_p_clamp=0.0000
2026-08-30 02:04:36 | Epoch 392/400 | Train Loss 2.3059 Acc 0.1039 | Val Loss 2.3008 Acc 0.1129 AUC 0.5000 Pre 0.0113 Rec 0.1000
2026-08-30 02:04:36 | Diag logvar_q_mean=-1.1827 logvar_q_clamp=0.0000 logvar_p_mean=-1.1827 logvar_p_clamp=0.0000
2026-08-30 02:04:39 | Epoch 393/400 | Train Loss 2.3060 Acc 0.1045 | Val Loss 2.3008 Acc 0.1129 AUC 0.5000 Pre 0.0113 Rec 0.1000
2026-08-30 02:04:40 | Diag logvar_q_mean=-1.1852 logvar_q_clamp=0.0000 logvar_p_mean=-1.1852 logvar_p_clamp=0.0000
2026-08-30 02:04:43 | Epoch 394/400 | Train Loss 2.3063 Acc 0.1031 | Val Loss 2.3008 Acc 0.1129 AUC 0.5000 Pre 0.0113 Rec 0.1000
2026-08-30 02:04:44 | Diag logvar_q_mean=-1.1878 logvar_q_clamp=0.0000 logvar_p_mean=-1.1878 logvar_p_clamp=0.0000
2026-08-30 02:04:47 | Epoch 395/400 | Train Loss 2.3056 Acc 0.1067 | Val Loss 2.3008 Acc 0.1129 AUC 0.5000 Pre 0.0113 Rec 0.1000
2026-08-30 02:04:48 | Diag logvar_q_mean=-1.1901 logvar_q_clamp=0.0000 logvar_p_mean=-1.1901 logvar_p_clamp=0.0000
2026-08-30 02:04:51 | Epoch 396/400 | Train Loss 2.3057 Acc 0.1053 | Val Loss 2.3008 Acc 0.1129 AUC 0.5000 Pre 0.0113 Rec 0.1000
2026-08-30 02:04:51 | Diag logvar_q_mean=-1.1926 logvar_q_clamp=0.0000 logvar_p_mean=-1.1926 logvar_p_clamp=0.0000
2026-08-30 02:04:55 | Epoch 397/400 | Train Loss 2.3058 Acc 0.1045 | Val Loss 2.3008 Acc 0.1129 AUC 0.5000 Pre 0.0113 Rec 0.1000
2026-08-30 02:04:55 | Diag logvar_q_mean=-1.1950 logvar_q_clamp=0.0000 logvar_p_mean=-1.1950 logvar_p_clamp=0.0000
2026-08-30 02:04:58 | Epoch 398/400 | Train Loss 2.3062 Acc 0.1066 | Val Loss 2.3007 Acc 0.1129 AUC 0.5000 Pre 0.0113 Rec 0.1000
2026-08-30 02:04:59 | Diag logvar_q_mean=-1.1975 logvar_q_clamp=0.0000 logvar_p_mean=-1.1975 logvar_p_clamp=0.0000
2026-08-30 02:05:02 | Epoch 399/400 | Train Loss 2.3058 Acc 0.1041 | Val Loss 2.3008 Acc 0.1129 AUC 0.5000 Pre 0.0113 Rec 0.1000
2026-08-30 02:05:03 | Diag logvar_q_mean=-1.2000 logvar_q_clamp=0.0000 logvar_p_mean=-1.2000 logvar_p_clamp=0.0000
2026-08-30 02:05:06 | Epoch 400/400 | Train Loss 2.3063 Acc 0.1057 | Val Loss 2.3008 Acc 0.1129 AUC 0.5000 Pre 0.0113 Rec 0.1000
2026-08-30 02:05:07 | Diag logvar_q_mean=-1.2025 logvar_q_clamp=0.0000 logvar_p_mean=-1.2025 logvar_p_clamp=0.0000
2026-08-30 02:05:07 | Run 4/5 | Test (best model @ Epoch 1) | Loss 2.3017 Acc 0.1010 AUC 0.5000 Pre 0.0101 Rec 0.1000
2026-08-30 02:05:07 | ===== Run 5/5 (seed 4) =====
2026-08-30 02:05:10 | Epoch   1/400 | Train Loss 2.7535 Acc 0.1038 | Val Loss 2.3013 Acc 0.1129 AUC 0.5000 Pre 0.0113 Rec 0.1000
2026-08-30 02:05:11 | Diag logvar_q_mean=0.0067 logvar_q_clamp=0.0000 logvar_p_mean=0.0067 logvar_p_clamp=0.0000
2026-08-30 02:05:11 |   Val AUC improved to 0.5000, model saved
2026-08-30 02:05:14 | Epoch   2/400 | Train Loss 2.3282 Acc 0.1016 | Val Loss 2.3009 Acc 0.1129 AUC 0.5000 Pre 0.0113 Rec 0.1000
2026-08-30 02:05:14 | Diag logvar_q_mean=0.0050 logvar_q_clamp=0.0000 logvar_p_mean=0.0050 logvar_p_clamp=0.0000
2026-08-30 02:05:18 | Epoch   3/400 | Train Loss 2.3136 Acc 0.1022 | Val Loss 2.3008 Acc 0.1129 AUC 0.5000 Pre 0.0113 Rec 0.1000
2026-08-30 02:05:18 | Diag logvar_q_mean=0.0040 logvar_q_clamp=0.0000 logvar_p_mean=0.0040 logvar_p_clamp=0.0000
2026-08-30 02:05:22 | Epoch   4/400 | Train Loss 2.3104 Acc 0.1038 | Val Loss 2.3007 Acc 0.1129 AUC 0.5000 Pre 0.0113 Rec 0.1000
2026-08-30 02:05:22 | Diag logvar_q_mean=0.0031 logvar_q_clamp=0.0000 logvar_p_mean=0.0031 logvar_p_clamp=0.0000
2026-08-30 02:05:26 | Epoch   5/400 | Train Loss 2.3093 Acc 0.1056 | Val Loss 2.3008 Acc 0.1129 AUC 0.5000 Pre 0.0113 Rec 0.1000
2026-08-30 02:05:26 | Diag logvar_q_mean=0.0021 logvar_q_clamp=0.0000 logvar_p_mean=0.0021 logvar_p_clamp=0.0000
2026-08-30 02:05:29 | Epoch   6/400 | Train Loss 2.3102 Acc 0.1051 | Val Loss 2.3007 Acc 0.1129 AUC 0.5000 Pre 0.0113 Rec 0.1000
2026-08-30 02:05:30 | Diag logvar_q_mean=0.0010 logvar_q_clamp=0.0000 logvar_p_mean=0.0010 logvar_p_clamp=0.0000
2026-08-30 02:05:33 | Epoch   7/400 | Train Loss 2.3111 Acc 0.1012 | Val Loss 2.3008 Acc 0.1129 AUC 0.5000 Pre 0.0113 Rec 0.1000
2026-08-30 02:05:34 | Diag logvar_q_mean=-0.0003 logvar_q_clamp=0.0000 logvar_p_mean=-0.0003 logvar_p_clamp=0.0000
2026-08-30 02:05:37 | Epoch   8/400 | Train Loss 2.3089 Acc 0.1023 | Val Loss 2.3007 Acc 0.1129 AUC 0.5000 Pre 0.0113 Rec 0.1000
2026-08-30 02:05:38 | Diag logvar_q_mean=-0.0015 logvar_q_clamp=0.0000 logvar_p_mean=-0.0015 logvar_p_clamp=0.0000
2026-08-30 02:05:41 | Epoch   9/400 | Train Loss 2.3094 Acc 0.1023 | Val Loss 2.3007 Acc 0.1129 AUC 0.5000 Pre 0.0113 Rec 0.1000
2026-08-30 02:05:41 | Diag logvar_q_mean=-0.0029 logvar_q_clamp=0.0000 logvar_p_mean=-0.0029 logvar_p_clamp=0.0000
2026-08-30 02:05:45 | Epoch  10/400 | Train Loss 2.3094 Acc 0.1063 | Val Loss 2.3007 Acc 0.1129 AUC 0.5000 Pre 0.0113 Rec 0.1000
2026-08-30 02:05:45 | Diag logvar_q_mean=-0.0045 logvar_q_clamp=0.0000 logvar_p_mean=-0.0045 logvar_p_clamp=0.0000
2026-08-30 02:05:48 | Epoch  11/400 | Train Loss 2.3109 Acc 0.1021 | Val Loss 2.3008 Acc 0.1129 AUC 0.5000 Pre 0.0113 Rec 0.1000
2026-08-30 02:05:49 | Diag logvar_q_mean=-0.0063 logvar_q_clamp=0.0000 logvar_p_mean=-0.0063 logvar_p_clamp=0.0000
2026-08-30 02:05:52 | Epoch  12/400 | Train Loss 2.3095 Acc 0.1011 | Val Loss 2.3007 Acc 0.1129 AUC 0.5000 Pre 0.0113 Rec 0.1000
2026-08-30 02:05:53 | Diag logvar_q_mean=-0.0080 logvar_q_clamp=0.0000 logvar_p_mean=-0.0080 logvar_p_clamp=0.0000
2026-08-30 02:05:56 | Epoch  13/400 | Train Loss 2.3096 Acc 0.1019 | Val Loss 2.3007 Acc 0.1129 AUC 0.5000 Pre 0.0113 Rec 0.1000
2026-08-30 02:05:57 | Diag logvar_q_mean=-0.0099 logvar_q_clamp=0.0000 logvar_p_mean=-0.0099 logvar_p_clamp=0.0000
2026-08-30 02:06:00 | Epoch  14/400 | Train Loss 2.3092 Acc 0.1051 | Val Loss 2.3008 Acc 0.1129 AUC 0.5000 Pre 0.0113 Rec 0.1000
2026-08-30 02:06:00 | Diag logvar_q_mean=-0.0118 logvar_q_clamp=0.0000 logvar_p_mean=-0.0118 logvar_p_clamp=0.0000
2026-08-30 02:06:04 | Epoch  15/400 | Train Loss 2.3099 Acc 0.1040 | Val Loss 2.3007 Acc 0.1129 AUC 0.5000 Pre 0.0113 Rec 0.1000
2026-08-30 02:06:04 | Diag logvar_q_mean=-0.0140 logvar_q_clamp=0.0000 logvar_p_mean=-0.0140 logvar_p_clamp=0.0000
2026-08-30 02:06:07 | Epoch  16/400 | Train Loss 2.3108 Acc 0.1034 | Val Loss 2.3007 Acc 0.1129 AUC 0.5000 Pre 0.0113 Rec 0.1000
2026-08-30 02:06:08 | Diag logvar_q_mean=-0.0164 logvar_q_clamp=0.0000 logvar_p_mean=-0.0164 logvar_p_clamp=0.0000
2026-08-30 02:06:11 | Epoch  17/400 | Train Loss 2.3095 Acc 0.1041 | Val Loss 2.3007 Acc 0.1129 AUC 0.5000 Pre 0.0113 Rec 0.1000
2026-08-30 02:06:12 | Diag logvar_q_mean=-0.0187 logvar_q_clamp=0.0000 logvar_p_mean=-0.0187 logvar_p_clamp=0.0000
2026-08-30 02:06:15 | Epoch  18/400 | Train Loss 2.3098 Acc 0.1023 | Val Loss 2.3007 Acc 0.1129 AUC 0.5000 Pre 0.0113 Rec 0.1000
2026-08-30 02:06:16 | Diag logvar_q_mean=-0.0212 logvar_q_clamp=0.0000 logvar_p_mean=-0.0212 logvar_p_clamp=0.0000
2026-08-30 02:06:19 | Epoch  19/400 | Train Loss 2.3098 Acc 0.1040 | Val Loss 2.3008 Acc 0.1129 AUC 0.5000 Pre 0.0113 Rec 0.1000
2026-08-30 02:06:19 | Diag logvar_q_mean=-0.0238 logvar_q_clamp=0.0000 logvar_p_mean=-0.0238 logvar_p_clamp=0.0000
2026-08-30 02:06:23 | Epoch  20/400 | Train Loss 2.3100 Acc 0.1054 | Val Loss 2.3008 Acc 0.1129 AUC 0.5000 Pre 0.0113 Rec 0.1000
2026-08-30 02:06:23 | Diag logvar_q_mean=-0.0265 logvar_q_clamp=0.0000 logvar_p_mean=-0.0265 logvar_p_clamp=0.0000
2026-08-30 02:06:26 | Epoch  21/400 | Train Loss 2.3091 Acc 0.1037 | Val Loss 2.3008 Acc 0.1129 AUC 0.5000 Pre 0.0113 Rec 0.1000
2026-08-30 02:06:27 | Diag logvar_q_mean=-0.0292 logvar_q_clamp=0.0000 logvar_p_mean=-0.0292 logvar_p_clamp=0.0000
2026-08-30 02:06:30 | Epoch  22/400 | Train Loss 2.3101 Acc 0.1040 | Val Loss 2.3008 Acc 0.1129 AUC 0.5000 Pre 0.0113 Rec 0.1000
2026-08-30 02:06:31 | Diag logvar_q_mean=-0.0322 logvar_q_clamp=0.0000 logvar_p_mean=-0.0322 logvar_p_clamp=0.0000
2026-08-30 02:06:34 | Epoch  23/400 | Train Loss 2.3097 Acc 0.1031 | Val Loss 2.3008 Acc 0.1129 AUC 0.5000 Pre 0.0113 Rec 0.1000
2026-08-30 02:06:35 | Diag logvar_q_mean=-0.0352 logvar_q_clamp=0.0000 logvar_p_mean=-0.0352 logvar_p_clamp=0.0000
2026-08-30 02:06:38 | Epoch  24/400 | Train Loss 2.3098 Acc 0.1024 | Val Loss 2.3008 Acc 0.1129 AUC 0.5000 Pre 0.0113 Rec 0.1000
2026-08-30 02:06:38 | Diag logvar_q_mean=-0.0384 logvar_q_clamp=0.0000 logvar_p_mean=-0.0383 logvar_p_clamp=0.0000
2026-08-30 02:06:42 | Epoch  25/400 | Train Loss 2.3099 Acc 0.1038 | Val Loss 2.3008 Acc 0.1129 AUC 0.5000 Pre 0.0113 Rec 0.1000
2026-08-30 02:06:42 | Diag logvar_q_mean=-0.0416 logvar_q_clamp=0.0000 logvar_p_mean=-0.0415 logvar_p_clamp=0.0000
2026-08-30 02:06:45 | Epoch  26/400 | Train Loss 2.3096 Acc 0.1041 | Val Loss 2.3008 Acc 0.1129 AUC 0.5000 Pre 0.0113 Rec 0.1000
2026-08-30 02:06:46 | Diag logvar_q_mean=-0.0448 logvar_q_clamp=0.0000 logvar_p_mean=-0.0448 logvar_p_clamp=0.0000
2026-08-30 02:06:49 | Epoch  27/400 | Train Loss 2.3090 Acc 0.1040 | Val Loss 2.3007 Acc 0.1129 AUC 0.5000 Pre 0.0113 Rec 0.1000
2026-08-30 02:06:50 | Diag logvar_q_mean=-0.0480 logvar_q_clamp=0.0000 logvar_p_mean=-0.0480 logvar_p_clamp=0.0000
2026-08-30 02:06:53 | Epoch  28/400 | Train Loss 2.3100 Acc 0.1028 | Val Loss 2.3008 Acc 0.1129 AUC 0.5000 Pre 0.0113 Rec 0.1000
2026-08-30 02:06:53 | Diag logvar_q_mean=-0.0516 logvar_q_clamp=0.0000 logvar_p_mean=-0.0516 logvar_p_clamp=0.0000
2026-08-30 02:06:57 | Epoch  29/400 | Train Loss 2.3093 Acc 0.1048 | Val Loss 2.3008 Acc 0.1129 AUC 0.5000 Pre 0.0113 Rec 0.1000
2026-08-30 02:06:57 | Diag logvar_q_mean=-0.0550 logvar_q_clamp=0.0000 logvar_p_mean=-0.0551 logvar_p_clamp=0.0000
2026-08-30 02:07:00 | Epoch  30/400 | Train Loss 2.3091 Acc 0.1033 | Val Loss 2.3008 Acc 0.1129 AUC 0.5000 Pre 0.0113 Rec 0.1000
2026-08-30 02:07:01 | Diag logvar_q_mean=-0.0586 logvar_q_clamp=0.0000 logvar_p_mean=-0.0585 logvar_p_clamp=0.0000
2026-08-30 02:07:04 | Epoch  31/400 | Train Loss 2.3094 Acc 0.1034 | Val Loss 2.3008 Acc 0.1129 AUC 0.5000 Pre 0.0113 Rec 0.1000
2026-08-30 02:07:05 | Diag logvar_q_mean=-0.0622 logvar_q_clamp=0.0000 logvar_p_mean=-0.0622 logvar_p_clamp=0.0000
2026-08-30 02:07:08 | Epoch  32/400 | Train Loss 2.3092 Acc 0.1038 | Val Loss 2.3007 Acc 0.1129 AUC 0.5000 Pre 0.0113 Rec 0.1000
2026-08-30 02:07:08 | Diag logvar_q_mean=-0.0658 logvar_q_clamp=0.0000 logvar_p_mean=-0.0658 logvar_p_clamp=0.0000
2026-08-30 02:07:12 | Epoch  33/400 | Train Loss 2.3094 Acc 0.1027 | Val Loss 2.3008 Acc 0.1129 AUC 0.5000 Pre 0.0113 Rec 0.1000
2026-08-30 02:07:12 | Diag logvar_q_mean=-0.0695 logvar_q_clamp=0.0000 logvar_p_mean=-0.0695 logvar_p_clamp=0.0000
2026-08-30 02:07:16 | Epoch  34/400 | Train Loss 2.3092 Acc 0.1045 | Val Loss 2.3007 Acc 0.1129 AUC 0.5000 Pre 0.0113 Rec 0.1000
2026-08-30 02:07:16 | Diag logvar_q_mean=-0.0731 logvar_q_clamp=0.0000 logvar_p_mean=-0.0731 logvar_p_clamp=0.0000
2026-08-30 02:07:19 | Epoch  35/400 | Train Loss 2.3095 Acc 0.1051 | Val Loss 2.3007 Acc 0.1129 AUC 0.5000 Pre 0.0113 Rec 0.1000
2026-08-30 02:07:20 | Diag logvar_q_mean=-0.0768 logvar_q_clamp=0.0000 logvar_p_mean=-0.0768 logvar_p_clamp=0.0000
2026-08-30 02:07:23 | Epoch  36/400 | Train Loss 2.3099 Acc 0.1037 | Val Loss 2.3008 Acc 0.1129 AUC 0.5000 Pre 0.0113 Rec 0.1000
2026-08-30 02:07:24 | Diag logvar_q_mean=-0.0806 logvar_q_clamp=0.0000 logvar_p_mean=-0.0806 logvar_p_clamp=0.0000
2026-08-30 02:07:27 | Epoch  37/400 | Train Loss 2.3097 Acc 0.1008 | Val Loss 2.3008 Acc 0.1129 AUC 0.5000 Pre 0.0113 Rec 0.1000
2026-08-30 02:07:28 | Diag logvar_q_mean=-0.0845 logvar_q_clamp=0.0000 logvar_p_mean=-0.0845 logvar_p_clamp=0.0000
2026-08-30 02:07:31 | Epoch  38/400 | Train Loss 2.3088 Acc 0.1051 | Val Loss 2.3008 Acc 0.1129 AUC 0.5000 Pre 0.0113 Rec 0.1000
2026-08-30 02:07:31 | Diag logvar_q_mean=-0.0881 logvar_q_clamp=0.0000 logvar_p_mean=-0.0881 logvar_p_clamp=0.0000
2026-08-30 02:07:35 | Epoch  39/400 | Train Loss 2.3093 Acc 0.1018 | Val Loss 2.3008 Acc 0.1129 AUC 0.5000 Pre 0.0113 Rec 0.1000
2026-08-30 02:07:35 | Diag logvar_q_mean=-0.0919 logvar_q_clamp=0.0000 logvar_p_mean=-0.0919 logvar_p_clamp=0.0000
2026-08-30 02:07:38 | Epoch  40/400 | Train Loss 2.3100 Acc 0.1037 | Val Loss 2.3008 Acc 0.1129 AUC 0.5000 Pre 0.0113 Rec 0.1000
2026-08-30 02:07:39 | Diag logvar_q_mean=-0.0959 logvar_q_clamp=0.0000 logvar_p_mean=-0.0959 logvar_p_clamp=0.0000
2026-08-30 02:07:42 | Epoch  41/400 | Train Loss 2.3088 Acc 0.1030 | Val Loss 2.3008 Acc 0.1129 AUC 0.5000 Pre 0.0113 Rec 0.1000
2026-08-30 02:07:43 | Diag logvar_q_mean=-0.0995 logvar_q_clamp=0.0000 logvar_p_mean=-0.0995 logvar_p_clamp=0.0000
2026-08-30 02:07:46 | Epoch  42/400 | Train Loss 2.3079 Acc 0.1057 | Val Loss 2.3007 Acc 0.1129 AUC 0.5000 Pre 0.0113 Rec 0.1000
2026-08-30 02:07:47 | Diag logvar_q_mean=-0.1032 logvar_q_clamp=0.0000 logvar_p_mean=-0.1032 logvar_p_clamp=0.0000
2026-08-30 02:07:50 | Epoch  43/400 | Train Loss 2.3096 Acc 0.1011 | Val Loss 2.3008 Acc 0.1129 AUC 0.5000 Pre 0.0113 Rec 0.1000
2026-08-30 02:07:50 | Diag logvar_q_mean=-0.1072 logvar_q_clamp=0.0000 logvar_p_mean=-0.1072 logvar_p_clamp=0.0000
2026-08-30 02:07:54 | Epoch  44/400 | Train Loss 2.3092 Acc 0.1034 | Val Loss 2.3008 Acc 0.1129 AUC 0.5000 Pre 0.0113 Rec 0.1000
2026-08-30 02:07:54 | Diag logvar_q_mean=-0.1110 logvar_q_clamp=0.0000 logvar_p_mean=-0.1110 logvar_p_clamp=0.0000
2026-08-30 02:07:57 | Epoch  45/400 | Train Loss 2.3093 Acc 0.1040 | Val Loss 2.3008 Acc 0.1129 AUC 0.5000 Pre 0.0113 Rec 0.1000
2026-08-30 02:07:58 | Diag logvar_q_mean=-0.1149 logvar_q_clamp=0.0000 logvar_p_mean=-0.1149 logvar_p_clamp=0.0000
2026-08-30 02:08:01 | Epoch  46/400 | Train Loss 2.3093 Acc 0.1011 | Val Loss 2.3007 Acc 0.1129 AUC 0.5000 Pre 0.0113 Rec 0.1000
2026-08-30 02:08:02 | Diag logvar_q_mean=-0.1188 logvar_q_clamp=0.0000 logvar_p_mean=-0.1188 logvar_p_clamp=0.0000
2026-08-30 02:08:05 | Epoch  47/400 | Train Loss 2.3096 Acc 0.1041 | Val Loss 2.3007 Acc 0.1129 AUC 0.5000 Pre 0.0113 Rec 0.1000
2026-08-30 02:08:05 | Diag logvar_q_mean=-0.1227 logvar_q_clamp=0.0000 logvar_p_mean=-0.1227 logvar_p_clamp=0.0000
2026-08-30 02:08:09 | Epoch  48/400 | Train Loss 2.3088 Acc 0.1043 | Val Loss 2.3008 Acc 0.1129 AUC 0.5000 Pre 0.0113 Rec 0.1000
2026-08-30 02:08:09 | Diag logvar_q_mean=-0.1264 logvar_q_clamp=0.0000 logvar_p_mean=-0.1264 logvar_p_clamp=0.0000
2026-08-30 02:08:12 | Epoch  49/400 | Train Loss 2.3088 Acc 0.1051 | Val Loss 2.3007 Acc 0.1129 AUC 0.5000 Pre 0.0113 Rec 0.1000
2026-08-30 02:08:13 | Diag logvar_q_mean=-0.1302 logvar_q_clamp=0.0000 logvar_p_mean=-0.1302 logvar_p_clamp=0.0000
2026-08-30 02:08:16 | Epoch  50/400 | Train Loss 2.3084 Acc 0.1039 | Val Loss 2.3008 Acc 0.1129 AUC 0.5000 Pre 0.0113 Rec 0.1000
2026-08-30 02:08:17 | Diag logvar_q_mean=-0.1340 logvar_q_clamp=0.0000 logvar_p_mean=-0.1340 logvar_p_clamp=0.0000
2026-08-30 02:08:20 | Epoch  51/400 | Train Loss 2.3090 Acc 0.1047 | Val Loss 2.3007 Acc 0.1129 AUC 0.5000 Pre 0.0113 Rec 0.1000
2026-08-30 02:08:20 | Diag logvar_q_mean=-0.1379 logvar_q_clamp=0.0000 logvar_p_mean=-0.1379 logvar_p_clamp=0.0000
2026-08-30 02:08:24 | Epoch  52/400 | Train Loss 2.3090 Acc 0.1023 | Val Loss 2.3008 Acc 0.1129 AUC 0.5000 Pre 0.0113 Rec 0.1000
2026-08-30 02:08:24 | Diag logvar_q_mean=-0.1418 logvar_q_clamp=0.0000 logvar_p_mean=-0.1418 logvar_p_clamp=0.0000
2026-08-30 02:08:27 | Epoch  53/400 | Train Loss 2.3086 Acc 0.1058 | Val Loss 2.3007 Acc 0.1129 AUC 0.5000 Pre 0.0113 Rec 0.1000
2026-08-30 02:08:28 | Diag logvar_q_mean=-0.1456 logvar_q_clamp=0.0000 logvar_p_mean=-0.1456 logvar_p_clamp=0.0000
2026-08-30 02:08:31 | Epoch  54/400 | Train Loss 2.3093 Acc 0.1033 | Val Loss 2.3007 Acc 0.1129 AUC 0.5000 Pre 0.0113 Rec 0.1000
2026-08-30 02:08:31 | Diag logvar_q_mean=-0.1496 logvar_q_clamp=0.0000 logvar_p_mean=-0.1496 logvar_p_clamp=0.0000
2026-08-30 02:08:35 | Epoch  55/400 | Train Loss 2.3099 Acc 0.1021 | Val Loss 2.3008 Acc 0.1129 AUC 0.5000 Pre 0.0113 Rec 0.1000
2026-08-30 02:08:35 | Diag logvar_q_mean=-0.1536 logvar_q_clamp=0.0000 logvar_p_mean=-0.1536 logvar_p_clamp=0.0000
2026-08-30 02:08:38 | Epoch  56/400 | Train Loss 2.3087 Acc 0.1032 | Val Loss 2.3008 Acc 0.1129 AUC 0.5000 Pre 0.0113 Rec 0.1000
2026-08-30 02:08:39 | Diag logvar_q_mean=-0.1573 logvar_q_clamp=0.0000 logvar_p_mean=-0.1573 logvar_p_clamp=0.0000
2026-08-30 02:08:42 | Epoch  57/400 | Train Loss 2.3083 Acc 0.1039 | Val Loss 2.3008 Acc 0.1129 AUC 0.5000 Pre 0.0113 Rec 0.1000
2026-08-30 02:08:43 | Diag logvar_q_mean=-0.1610 logvar_q_clamp=0.0000 logvar_p_mean=-0.1610 logvar_p_clamp=0.0000
2026-08-30 02:08:46 | Epoch  58/400 | Train Loss 2.3093 Acc 0.1042 | Val Loss 2.3008 Acc 0.1129 AUC 0.5000 Pre 0.0113 Rec 0.1000
2026-08-30 02:08:46 | Diag logvar_q_mean=-0.1649 logvar_q_clamp=0.0000 logvar_p_mean=-0.1649 logvar_p_clamp=0.0000
2026-08-30 02:08:50 | Epoch  59/400 | Train Loss 2.3091 Acc 0.1028 | Val Loss 2.3008 Acc 0.1129 AUC 0.5000 Pre 0.0113 Rec 0.1000
2026-08-30 02:08:50 | Diag logvar_q_mean=-0.1688 logvar_q_clamp=0.0000 logvar_p_mean=-0.1688 logvar_p_clamp=0.0000
2026-08-30 02:08:53 | Epoch  60/400 | Train Loss 2.3093 Acc 0.1018 | Val Loss 2.3008 Acc 0.1129 AUC 0.5000 Pre 0.0113 Rec 0.1000
2026-08-30 02:08:54 | Diag logvar_q_mean=-0.1728 logvar_q_clamp=0.0000 logvar_p_mean=-0.1728 logvar_p_clamp=0.0000
2026-08-30 02:08:57 | Epoch  61/400 | Train Loss 2.3086 Acc 0.1041 | Val Loss 2.3007 Acc 0.1129 AUC 0.5000 Pre 0.0113 Rec 0.1000
2026-08-30 02:08:57 | Diag logvar_q_mean=-0.1765 logvar_q_clamp=0.0000 logvar_p_mean=-0.1765 logvar_p_clamp=0.0000
2026-08-30 02:09:01 | Epoch  62/400 | Train Loss 2.3096 Acc 0.1029 | Val Loss 2.3007 Acc 0.1129 AUC 0.5000 Pre 0.0113 Rec 0.1000
2026-08-30 02:09:01 | Diag logvar_q_mean=-0.1804 logvar_q_clamp=0.0000 logvar_p_mean=-0.1804 logvar_p_clamp=0.0000
2026-08-30 02:09:04 | Epoch  63/400 | Train Loss 2.3093 Acc 0.1033 | Val Loss 2.3007 Acc 0.1129 AUC 0.5000 Pre 0.0113 Rec 0.1000
2026-08-30 02:09:05 | Diag logvar_q_mean=-0.1842 logvar_q_clamp=0.0000 logvar_p_mean=-0.1842 logvar_p_clamp=0.0000
2026-08-30 02:09:08 | Epoch  64/400 | Train Loss 2.3078 Acc 0.1077 | Val Loss 2.3008 Acc 0.1129 AUC 0.5000 Pre 0.0113 Rec 0.1000
2026-08-30 02:09:08 | Diag logvar_q_mean=-0.1878 logvar_q_clamp=0.0000 logvar_p_mean=-0.1878 logvar_p_clamp=0.0000
2026-08-30 02:09:12 | Epoch  65/400 | Train Loss 2.3089 Acc 0.1043 | Val Loss 2.3008 Acc 0.1129 AUC 0.5000 Pre 0.0113 Rec 0.1000
2026-08-30 02:09:12 | Diag logvar_q_mean=-0.1917 logvar_q_clamp=0.0000 logvar_p_mean=-0.1917 logvar_p_clamp=0.0000
2026-08-30 02:09:15 | Epoch  66/400 | Train Loss 2.3088 Acc 0.1050 | Val Loss 2.3007 Acc 0.1129 AUC 0.5000 Pre 0.0113 Rec 0.1000
2026-08-30 02:09:16 | Diag logvar_q_mean=-0.1954 logvar_q_clamp=0.0000 logvar_p_mean=-0.1954 logvar_p_clamp=0.0000
2026-08-30 02:09:19 | Epoch  67/400 | Train Loss 2.3093 Acc 0.1041 | Val Loss 2.3008 Acc 0.1129 AUC 0.5000 Pre 0.0113 Rec 0.1000
2026-08-30 02:09:20 | Diag logvar_q_mean=-0.1994 logvar_q_clamp=0.0000 logvar_p_mean=-0.1993 logvar_p_clamp=0.0000
2026-08-30 02:09:23 | Epoch  68/400 | Train Loss 2.3078 Acc 0.1061 | Val Loss 2.3008 Acc 0.1129 AUC 0.5000 Pre 0.0113 Rec 0.1000
2026-08-30 02:09:23 | Diag logvar_q_mean=-0.2029 logvar_q_clamp=0.0000 logvar_p_mean=-0.2029 logvar_p_clamp=0.0000
2026-08-30 02:09:26 | Epoch  69/400 | Train Loss 2.3087 Acc 0.1050 | Val Loss 2.3008 Acc 0.1129 AUC 0.5000 Pre 0.0113 Rec 0.1000
2026-08-30 02:09:27 | Diag logvar_q_mean=-0.2067 logvar_q_clamp=0.0000 logvar_p_mean=-0.2067 logvar_p_clamp=0.0000
2026-08-30 02:09:30 | Epoch  70/400 | Train Loss 2.3091 Acc 0.1023 | Val Loss 2.3008 Acc 0.1129 AUC 0.5000 Pre 0.0113 Rec 0.1000
2026-08-30 02:09:31 | Diag logvar_q_mean=-0.2105 logvar_q_clamp=0.0000 logvar_p_mean=-0.2105 logvar_p_clamp=0.0000
2026-08-30 02:09:34 | Epoch  71/400 | Train Loss 2.3082 Acc 0.1051 | Val Loss 2.3007 Acc 0.1129 AUC 0.5000 Pre 0.0113 Rec 0.1000
2026-08-30 02:09:34 | Diag logvar_q_mean=-0.2142 logvar_q_clamp=0.0000 logvar_p_mean=-0.2142 logvar_p_clamp=0.0000
2026-08-30 02:09:38 | Epoch  72/400 | Train Loss 2.3090 Acc 0.1046 | Val Loss 2.3007 Acc 0.1129 AUC 0.5000 Pre 0.0113 Rec 0.1000
2026-08-30 02:09:38 | Diag logvar_q_mean=-0.2180 logvar_q_clamp=0.0000 logvar_p_mean=-0.2180 logvar_p_clamp=0.0000
2026-08-30 02:09:41 | Epoch  73/400 | Train Loss 2.3088 Acc 0.1041 | Val Loss 2.3007 Acc 0.1129 AUC 0.5000 Pre 0.0113 Rec 0.1000
2026-08-30 02:09:42 | Diag logvar_q_mean=-0.2218 logvar_q_clamp=0.0000 logvar_p_mean=-0.2218 logvar_p_clamp=0.0000
2026-08-30 02:09:45 | Epoch  74/400 | Train Loss 2.3089 Acc 0.1016 | Val Loss 2.3008 Acc 0.1129 AUC 0.5000 Pre 0.0113 Rec 0.1000
2026-08-30 02:09:46 | Diag logvar_q_mean=-0.2255 logvar_q_clamp=0.0000 logvar_p_mean=-0.2255 logvar_p_clamp=0.0000
2026-08-30 02:09:49 | Epoch  75/400 | Train Loss 2.3083 Acc 0.1037 | Val Loss 2.3008 Acc 0.1129 AUC 0.5000 Pre 0.0113 Rec 0.1000
2026-08-30 02:09:50 | Diag logvar_q_mean=-0.2292 logvar_q_clamp=0.0000 logvar_p_mean=-0.2292 logvar_p_clamp=0.0000
2026-08-30 02:09:53 | Epoch  76/400 | Train Loss 2.3081 Acc 0.1025 | Val Loss 2.3008 Acc 0.1129 AUC 0.5000 Pre 0.0113 Rec 0.1000
2026-08-30 02:09:53 | Diag logvar_q_mean=-0.2329 logvar_q_clamp=0.0000 logvar_p_mean=-0.2329 logvar_p_clamp=0.0000
2026-08-30 02:09:57 | Epoch  77/400 | Train Loss 2.3086 Acc 0.1046 | Val Loss 2.3008 Acc 0.1129 AUC 0.5000 Pre 0.0113 Rec 0.1000
2026-08-30 02:09:57 | Diag logvar_q_mean=-0.2366 logvar_q_clamp=0.0000 logvar_p_mean=-0.2366 logvar_p_clamp=0.0000
2026-08-30 02:10:01 | Epoch  78/400 | Train Loss 2.3092 Acc 0.1050 | Val Loss 2.3007 Acc 0.1129 AUC 0.5000 Pre 0.0113 Rec 0.1000
2026-08-30 02:10:01 | Diag logvar_q_mean=-0.2405 logvar_q_clamp=0.0000 logvar_p_mean=-0.2405 logvar_p_clamp=0.0000
2026-08-30 02:10:04 | Epoch  79/400 | Train Loss 2.3087 Acc 0.1052 | Val Loss 2.3007 Acc 0.1129 AUC 0.5000 Pre 0.0113 Rec 0.1000
2026-08-30 02:10:05 | Diag logvar_q_mean=-0.2442 logvar_q_clamp=0.0000 logvar_p_mean=-0.2442 logvar_p_clamp=0.0000
2026-08-30 02:10:08 | Epoch  80/400 | Train Loss 2.3088 Acc 0.1028 | Val Loss 2.3008 Acc 0.1129 AUC 0.5000 Pre 0.0113 Rec 0.1000
2026-08-30 02:10:09 | Diag logvar_q_mean=-0.2480 logvar_q_clamp=0.0000 logvar_p_mean=-0.2480 logvar_p_clamp=0.0000
2026-08-30 02:10:12 | Epoch  81/400 | Train Loss 2.3089 Acc 0.1027 | Val Loss 2.3008 Acc 0.1129 AUC 0.5000 Pre 0.0113 Rec 0.1000
2026-08-30 02:10:12 | Diag logvar_q_mean=-0.2517 logvar_q_clamp=0.0000 logvar_p_mean=-0.2517 logvar_p_clamp=0.0000
2026-08-30 02:10:16 | Epoch  82/400 | Train Loss 2.3092 Acc 0.1031 | Val Loss 2.3008 Acc 0.1129 AUC 0.5000 Pre 0.0113 Rec 0.1000
2026-08-30 02:10:16 | Diag logvar_q_mean=-0.2555 logvar_q_clamp=0.0000 logvar_p_mean=-0.2555 logvar_p_clamp=0.0000
2026-08-30 02:10:20 | Epoch  83/400 | Train Loss 2.3082 Acc 0.1052 | Val Loss 2.3008 Acc 0.1129 AUC 0.5000 Pre 0.0113 Rec 0.1000
2026-08-30 02:10:20 | Diag logvar_q_mean=-0.2590 logvar_q_clamp=0.0000 logvar_p_mean=-0.2590 logvar_p_clamp=0.0000
2026-08-30 02:10:23 | Epoch  84/400 | Train Loss 2.3077 Acc 0.1060 | Val Loss 2.3007 Acc 0.1129 AUC 0.5000 Pre 0.0113 Rec 0.1000
2026-08-30 02:10:24 | Diag logvar_q_mean=-0.2625 logvar_q_clamp=0.0000 logvar_p_mean=-0.2625 logvar_p_clamp=0.0000
2026-08-30 02:10:27 | Epoch  85/400 | Train Loss 2.3092 Acc 0.1031 | Val Loss 2.3008 Acc 0.1129 AUC 0.5000 Pre 0.0113 Rec 0.1000
2026-08-30 02:10:28 | Diag logvar_q_mean=-0.2663 logvar_q_clamp=0.0000 logvar_p_mean=-0.2663 logvar_p_clamp=0.0000
2026-08-30 02:10:31 | Epoch  86/400 | Train Loss 2.3082 Acc 0.1064 | Val Loss 2.3008 Acc 0.1129 AUC 0.5000 Pre 0.0113 Rec 0.1000
2026-08-30 02:10:31 | Diag logvar_q_mean=-0.2699 logvar_q_clamp=0.0000 logvar_p_mean=-0.2699 logvar_p_clamp=0.0000
2026-08-30 02:10:35 | Epoch  87/400 | Train Loss 2.3102 Acc 0.1009 | Val Loss 2.3008 Acc 0.1129 AUC 0.5000 Pre 0.0113 Rec 0.1000
2026-08-30 02:10:35 | Diag logvar_q_mean=-0.2739 logvar_q_clamp=0.0000 logvar_p_mean=-0.2739 logvar_p_clamp=0.0000
2026-08-30 02:10:39 | Epoch  88/400 | Train Loss 2.3083 Acc 0.1038 | Val Loss 2.3008 Acc 0.1129 AUC 0.5000 Pre 0.0113 Rec 0.1000
2026-08-30 02:10:39 | Diag logvar_q_mean=-0.2774 logvar_q_clamp=0.0000 logvar_p_mean=-0.2774 logvar_p_clamp=0.0000
2026-08-30 02:10:42 | Epoch  89/400 | Train Loss 2.3089 Acc 0.1032 | Val Loss 2.3008 Acc 0.1129 AUC 0.5000 Pre 0.0113 Rec 0.1000
2026-08-30 02:10:43 | Diag logvar_q_mean=-0.2811 logvar_q_clamp=0.0000 logvar_p_mean=-0.2811 logvar_p_clamp=0.0000
2026-08-30 02:10:46 | Epoch  90/400 | Train Loss 2.3083 Acc 0.1042 | Val Loss 2.3008 Acc 0.1129 AUC 0.5000 Pre 0.0113 Rec 0.1000
2026-08-30 02:10:47 | Diag logvar_q_mean=-0.2846 logvar_q_clamp=0.0000 logvar_p_mean=-0.2847 logvar_p_clamp=0.0000
2026-08-30 02:10:50 | Epoch  91/400 | Train Loss 2.3085 Acc 0.1039 | Val Loss 2.3008 Acc 0.1129 AUC 0.5000 Pre 0.0113 Rec 0.1000
2026-08-30 02:10:50 | Diag logvar_q_mean=-0.2882 logvar_q_clamp=0.0000 logvar_p_mean=-0.2882 logvar_p_clamp=0.0000
2026-08-30 02:10:54 | Epoch  92/400 | Train Loss 2.3095 Acc 0.1014 | Val Loss 2.3008 Acc 0.1129 AUC 0.5000 Pre 0.0113 Rec 0.1000
2026-08-30 02:10:54 | Diag logvar_q_mean=-0.2921 logvar_q_clamp=0.0000 logvar_p_mean=-0.2920 logvar_p_clamp=0.0000
2026-08-30 02:10:57 | Epoch  93/400 | Train Loss 2.3084 Acc 0.1048 | Val Loss 2.3008 Acc 0.1129 AUC 0.5000 Pre 0.0113 Rec 0.1000
2026-08-30 02:10:58 | Diag logvar_q_mean=-0.2956 logvar_q_clamp=0.0000 logvar_p_mean=-0.2956 logvar_p_clamp=0.0000
2026-08-30 02:11:01 | Epoch  94/400 | Train Loss 2.3077 Acc 0.1078 | Val Loss 2.3008 Acc 0.1129 AUC 0.5000 Pre 0.0113 Rec 0.1000
2026-08-30 02:11:02 | Diag logvar_q_mean=-0.2990 logvar_q_clamp=0.0000 logvar_p_mean=-0.2990 logvar_p_clamp=0.0000
2026-08-30 02:11:05 | Epoch  95/400 | Train Loss 2.3085 Acc 0.1053 | Val Loss 2.3008 Acc 0.1129 AUC 0.5000 Pre 0.0113 Rec 0.1000
2026-08-30 02:11:06 | Diag logvar_q_mean=-0.3027 logvar_q_clamp=0.0000 logvar_p_mean=-0.3027 logvar_p_clamp=0.0000
2026-08-30 02:11:09 | Epoch  96/400 | Train Loss 2.3084 Acc 0.1036 | Val Loss 2.3007 Acc 0.1129 AUC 0.5000 Pre 0.0113 Rec 0.1000
2026-08-30 02:11:09 | Diag logvar_q_mean=-0.3063 logvar_q_clamp=0.0000 logvar_p_mean=-0.3063 logvar_p_clamp=0.0000
2026-08-30 02:11:13 | Epoch  97/400 | Train Loss 2.3084 Acc 0.1018 | Val Loss 2.3007 Acc 0.1129 AUC 0.5000 Pre 0.0113 Rec 0.1000
2026-08-30 02:11:13 | Diag logvar_q_mean=-0.3099 logvar_q_clamp=0.0000 logvar_p_mean=-0.3099 logvar_p_clamp=0.0000
2026-08-30 02:11:17 | Epoch  98/400 | Train Loss 2.3079 Acc 0.1035 | Val Loss 2.3007 Acc 0.1129 AUC 0.5000 Pre 0.0113 Rec 0.1000
2026-08-30 02:11:17 | Diag logvar_q_mean=-0.3134 logvar_q_clamp=0.0000 logvar_p_mean=-0.3134 logvar_p_clamp=0.0000
2026-08-30 02:11:20 | Epoch  99/400 | Train Loss 2.3091 Acc 0.1014 | Val Loss 2.3008 Acc 0.1129 AUC 0.5000 Pre 0.0113 Rec 0.1000
2026-08-30 02:11:21 | Diag logvar_q_mean=-0.3172 logvar_q_clamp=0.0000 logvar_p_mean=-0.3172 logvar_p_clamp=0.0000
2026-08-30 02:11:24 | Epoch 100/400 | Train Loss 2.3081 Acc 0.1040 | Val Loss 2.3008 Acc 0.1129 AUC 0.5000 Pre 0.0113 Rec 0.1000
2026-08-30 02:11:25 | Diag logvar_q_mean=-0.3207 logvar_q_clamp=0.0000 logvar_p_mean=-0.3207 logvar_p_clamp=0.0000
2026-08-30 02:11:28 | Epoch 101/400 | Train Loss 2.3087 Acc 0.1038 | Val Loss 2.3007 Acc 0.1129 AUC 0.5000 Pre 0.0113 Rec 0.1000
2026-08-30 02:11:28 | Diag logvar_q_mean=-0.3243 logvar_q_clamp=0.0000 logvar_p_mean=-0.3243 logvar_p_clamp=0.0000
2026-08-30 02:11:32 | Epoch 102/400 | Train Loss 2.3081 Acc 0.1044 | Val Loss 2.3007 Acc 0.1129 AUC 0.5000 Pre 0.0113 Rec 0.1000
2026-08-30 02:11:32 | Diag logvar_q_mean=-0.3278 logvar_q_clamp=0.0000 logvar_p_mean=-0.3278 logvar_p_clamp=0.0000
2026-08-30 02:11:36 | Epoch 103/400 | Train Loss 2.3088 Acc 0.1042 | Val Loss 2.3008 Acc 0.1129 AUC 0.5000 Pre 0.0113 Rec 0.1000
2026-08-30 02:11:36 | Diag logvar_q_mean=-0.3314 logvar_q_clamp=0.0000 logvar_p_mean=-0.3314 logvar_p_clamp=0.0000
2026-08-30 02:11:39 | Epoch 104/400 | Train Loss 2.3082 Acc 0.1076 | Val Loss 2.3007 Acc 0.1129 AUC 0.5000 Pre 0.0113 Rec 0.1000
2026-08-30 02:11:40 | Diag logvar_q_mean=-0.3349 logvar_q_clamp=0.0000 logvar_p_mean=-0.3349 logvar_p_clamp=0.0000
2026-08-30 02:11:43 | Epoch 105/400 | Train Loss 2.3082 Acc 0.1033 | Val Loss 2.3008 Acc 0.1129 AUC 0.5000 Pre 0.0113 Rec 0.1000
2026-08-30 02:11:44 | Diag logvar_q_mean=-0.3385 logvar_q_clamp=0.0000 logvar_p_mean=-0.3385 logvar_p_clamp=0.0000
2026-08-30 02:11:47 | Epoch 106/400 | Train Loss 2.3090 Acc 0.1031 | Val Loss 2.3009 Acc 0.1129 AUC 0.5000 Pre 0.0113 Rec 0.1000
2026-08-30 02:11:47 | Diag logvar_q_mean=-0.3422 logvar_q_clamp=0.0000 logvar_p_mean=-0.3423 logvar_p_clamp=0.0000
2026-08-30 02:11:51 | Epoch 107/400 | Train Loss 2.3078 Acc 0.1051 | Val Loss 2.3008 Acc 0.1129 AUC 0.5000 Pre 0.0113 Rec 0.1000
2026-08-30 02:11:51 | Diag logvar_q_mean=-0.3457 logvar_q_clamp=0.0000 logvar_p_mean=-0.3457 logvar_p_clamp=0.0000
2026-08-30 02:11:55 | Epoch 108/400 | Train Loss 2.3085 Acc 0.1045 | Val Loss 2.3008 Acc 0.1129 AUC 0.5000 Pre 0.0113 Rec 0.1000
2026-08-30 02:11:55 | Diag logvar_q_mean=-0.3493 logvar_q_clamp=0.0000 logvar_p_mean=-0.3493 logvar_p_clamp=0.0000
2026-08-30 02:11:58 | Epoch 109/400 | Train Loss 2.3070 Acc 0.1060 | Val Loss 2.3008 Acc 0.1129 AUC 0.5000 Pre 0.0113 Rec 0.1000
2026-08-30 02:11:59 | Diag logvar_q_mean=-0.3526 logvar_q_clamp=0.0000 logvar_p_mean=-0.3526 logvar_p_clamp=0.0000
2026-08-30 02:12:02 | Epoch 110/400 | Train Loss 2.3089 Acc 0.1028 | Val Loss 2.3007 Acc 0.1129 AUC 0.5000 Pre 0.0113 Rec 0.1000
2026-08-30 02:12:03 | Diag logvar_q_mean=-0.3564 logvar_q_clamp=0.0000 logvar_p_mean=-0.3564 logvar_p_clamp=0.0000
2026-08-30 02:12:06 | Epoch 111/400 | Train Loss 2.3085 Acc 0.1051 | Val Loss 2.3008 Acc 0.1129 AUC 0.5000 Pre 0.0113 Rec 0.1000
2026-08-30 02:12:06 | Diag logvar_q_mean=-0.3599 logvar_q_clamp=0.0000 logvar_p_mean=-0.3599 logvar_p_clamp=0.0000
2026-08-30 02:12:10 | Epoch 112/400 | Train Loss 2.3084 Acc 0.1036 | Val Loss 2.3008 Acc 0.1129 AUC 0.5000 Pre 0.0113 Rec 0.1000
2026-08-30 02:12:10 | Diag logvar_q_mean=-0.3635 logvar_q_clamp=0.0000 logvar_p_mean=-0.3635 logvar_p_clamp=0.0000
2026-08-30 02:12:14 | Epoch 113/400 | Train Loss 2.3079 Acc 0.1056 | Val Loss 2.3008 Acc 0.1129 AUC 0.5000 Pre 0.0113 Rec 0.1000
2026-08-30 02:12:14 | Diag logvar_q_mean=-0.3669 logvar_q_clamp=0.0000 logvar_p_mean=-0.3669 logvar_p_clamp=0.0000
2026-08-30 02:12:17 | Epoch 114/400 | Train Loss 2.3086 Acc 0.1036 | Val Loss 2.3008 Acc 0.1129 AUC 0.5000 Pre 0.0113 Rec 0.1000
2026-08-30 02:12:18 | Diag logvar_q_mean=-0.3704 logvar_q_clamp=0.0000 logvar_p_mean=-0.3704 logvar_p_clamp=0.0000
2026-08-30 02:12:21 | Epoch 115/400 | Train Loss 2.3079 Acc 0.1057 | Val Loss 2.3007 Acc 0.1129 AUC 0.5000 Pre 0.0113 Rec 0.1000
2026-08-30 02:12:21 | Diag logvar_q_mean=-0.3739 logvar_q_clamp=0.0000 logvar_p_mean=-0.3739 logvar_p_clamp=0.0000
2026-08-30 02:12:25 | Epoch 116/400 | Train Loss 2.3084 Acc 0.1018 | Val Loss 2.3008 Acc 0.1129 AUC 0.5000 Pre 0.0113 Rec 0.1000
2026-08-30 02:12:25 | Diag logvar_q_mean=-0.3774 logvar_q_clamp=0.0000 logvar_p_mean=-0.3774 logvar_p_clamp=0.0000
2026-08-30 02:12:29 | Epoch 117/400 | Train Loss 2.3080 Acc 0.1026 | Val Loss 2.3008 Acc 0.1129 AUC 0.5000 Pre 0.0113 Rec 0.1000
2026-08-30 02:12:29 | Diag logvar_q_mean=-0.3809 logvar_q_clamp=0.0000 logvar_p_mean=-0.3809 logvar_p_clamp=0.0000
2026-08-30 02:12:32 | Epoch 118/400 | Train Loss 2.3083 Acc 0.1044 | Val Loss 2.3008 Acc 0.1129 AUC 0.5000 Pre 0.0113 Rec 0.1000
2026-08-30 02:12:33 | Diag logvar_q_mean=-0.3844 logvar_q_clamp=0.0000 logvar_p_mean=-0.3844 logvar_p_clamp=0.0000
2026-08-30 02:12:36 | Epoch 119/400 | Train Loss 2.3083 Acc 0.1055 | Val Loss 2.3007 Acc 0.1129 AUC 0.5000 Pre 0.0113 Rec 0.1000
2026-08-30 02:12:37 | Diag logvar_q_mean=-0.3880 logvar_q_clamp=0.0000 logvar_p_mean=-0.3880 logvar_p_clamp=0.0000
2026-08-30 02:12:40 | Epoch 120/400 | Train Loss 2.3087 Acc 0.1025 | Val Loss 2.3008 Acc 0.1129 AUC 0.5000 Pre 0.0113 Rec 0.1000
2026-08-30 02:12:40 | Diag logvar_q_mean=-0.3916 logvar_q_clamp=0.0000 logvar_p_mean=-0.3916 logvar_p_clamp=0.0000
2026-08-30 02:12:44 | Epoch 121/400 | Train Loss 2.3083 Acc 0.1051 | Val Loss 2.3007 Acc 0.1129 AUC 0.5000 Pre 0.0113 Rec 0.1000
2026-08-30 02:12:44 | Diag logvar_q_mean=-0.3951 logvar_q_clamp=0.0000 logvar_p_mean=-0.3951 logvar_p_clamp=0.0000
2026-08-30 02:12:48 | Epoch 122/400 | Train Loss 2.3078 Acc 0.1045 | Val Loss 2.3008 Acc 0.1129 AUC 0.5000 Pre 0.0113 Rec 0.1000
2026-08-30 02:12:48 | Diag logvar_q_mean=-0.3984 logvar_q_clamp=0.0000 logvar_p_mean=-0.3984 logvar_p_clamp=0.0000
2026-08-30 02:12:51 | Epoch 123/400 | Train Loss 2.3072 Acc 0.1042 | Val Loss 2.3007 Acc 0.1129 AUC 0.5000 Pre 0.0113 Rec 0.1000
2026-08-30 02:12:52 | Diag logvar_q_mean=-0.4017 logvar_q_clamp=0.0000 logvar_p_mean=-0.4017 logvar_p_clamp=0.0000
2026-08-30 02:12:55 | Epoch 124/400 | Train Loss 2.3082 Acc 0.1047 | Val Loss 2.3008 Acc 0.1129 AUC 0.5000 Pre 0.0113 Rec 0.1000
2026-08-30 02:12:56 | Diag logvar_q_mean=-0.4053 logvar_q_clamp=0.0000 logvar_p_mean=-0.4053 logvar_p_clamp=0.0000
2026-08-30 02:12:59 | Epoch 125/400 | Train Loss 2.3082 Acc 0.1060 | Val Loss 2.3007 Acc 0.1129 AUC 0.5000 Pre 0.0113 Rec 0.1000
2026-08-30 02:12:59 | Diag logvar_q_mean=-0.4089 logvar_q_clamp=0.0000 logvar_p_mean=-0.4089 logvar_p_clamp=0.0000
2026-08-30 02:13:03 | Epoch 126/400 | Train Loss 2.3081 Acc 0.1033 | Val Loss 2.3007 Acc 0.1129 AUC 0.5000 Pre 0.0113 Rec 0.1000
2026-08-30 02:13:03 | Diag logvar_q_mean=-0.4124 logvar_q_clamp=0.0000 logvar_p_mean=-0.4124 logvar_p_clamp=0.0000
2026-08-30 02:13:07 | Epoch 127/400 | Train Loss 2.3090 Acc 0.1032 | Val Loss 2.3008 Acc 0.1129 AUC 0.5000 Pre 0.0113 Rec 0.1000
2026-08-30 02:13:07 | Diag logvar_q_mean=-0.4160 logvar_q_clamp=0.0000 logvar_p_mean=-0.4160 logvar_p_clamp=0.0000
2026-08-30 02:13:10 | Epoch 128/400 | Train Loss 2.3083 Acc 0.1032 | Val Loss 2.3007 Acc 0.1129 AUC 0.5000 Pre 0.0113 Rec 0.1000
2026-08-30 02:13:11 | Diag logvar_q_mean=-0.4194 logvar_q_clamp=0.0000 logvar_p_mean=-0.4194 logvar_p_clamp=0.0000
2026-08-30 02:13:14 | Epoch 129/400 | Train Loss 2.3081 Acc 0.1025 | Val Loss 2.3008 Acc 0.1129 AUC 0.5000 Pre 0.0113 Rec 0.1000
2026-08-30 02:13:15 | Diag logvar_q_mean=-0.4228 logvar_q_clamp=0.0000 logvar_p_mean=-0.4228 logvar_p_clamp=0.0000
2026-08-30 02:13:18 | Epoch 130/400 | Train Loss 2.3079 Acc 0.1041 | Val Loss 2.3008 Acc 0.1129 AUC 0.5000 Pre 0.0113 Rec 0.1000
2026-08-30 02:13:18 | Diag logvar_q_mean=-0.4262 logvar_q_clamp=0.0000 logvar_p_mean=-0.4262 logvar_p_clamp=0.0000
2026-08-30 02:13:22 | Epoch 131/400 | Train Loss 2.3081 Acc 0.1031 | Val Loss 2.3007 Acc 0.1129 AUC 0.5000 Pre 0.0113 Rec 0.1000
2026-08-30 02:13:22 | Diag logvar_q_mean=-0.4297 logvar_q_clamp=0.0000 logvar_p_mean=-0.4297 logvar_p_clamp=0.0000
2026-08-30 02:13:26 | Epoch 132/400 | Train Loss 2.3082 Acc 0.1031 | Val Loss 2.3007 Acc 0.1129 AUC 0.5000 Pre 0.0113 Rec 0.1000
2026-08-30 02:13:26 | Diag logvar_q_mean=-0.4331 logvar_q_clamp=0.0000 logvar_p_mean=-0.4331 logvar_p_clamp=0.0000
2026-08-30 02:13:29 | Epoch 133/400 | Train Loss 2.3076 Acc 0.1044 | Val Loss 2.3007 Acc 0.1129 AUC 0.5000 Pre 0.0113 Rec 0.1000
2026-08-30 02:13:30 | Diag logvar_q_mean=-0.4364 logvar_q_clamp=0.0000 logvar_p_mean=-0.4364 logvar_p_clamp=0.0000
2026-08-30 02:13:33 | Epoch 134/400 | Train Loss 2.3076 Acc 0.1076 | Val Loss 2.3007 Acc 0.1129 AUC 0.5000 Pre 0.0113 Rec 0.1000
2026-08-30 02:13:34 | Diag logvar_q_mean=-0.4399 logvar_q_clamp=0.0000 logvar_p_mean=-0.4399 logvar_p_clamp=0.0000
2026-08-30 02:13:37 | Epoch 135/400 | Train Loss 2.3081 Acc 0.1062 | Val Loss 2.3007 Acc 0.1129 AUC 0.5000 Pre 0.0113 Rec 0.1000
2026-08-30 02:13:37 | Diag logvar_q_mean=-0.4433 logvar_q_clamp=0.0000 logvar_p_mean=-0.4433 logvar_p_clamp=0.0000
2026-08-30 02:13:40 | Epoch 136/400 | Train Loss 2.3084 Acc 0.1021 | Val Loss 2.3008 Acc 0.1129 AUC 0.5000 Pre 0.0113 Rec 0.1000
2026-08-30 02:13:41 | Diag logvar_q_mean=-0.4469 logvar_q_clamp=0.0000 logvar_p_mean=-0.4469 logvar_p_clamp=0.0000
2026-08-30 02:13:44 | Epoch 137/400 | Train Loss 2.3077 Acc 0.1049 | Val Loss 2.3007 Acc 0.1129 AUC 0.5000 Pre 0.0113 Rec 0.1000
2026-08-30 02:13:45 | Diag logvar_q_mean=-0.4502 logvar_q_clamp=0.0000 logvar_p_mean=-0.4502 logvar_p_clamp=0.0000
2026-08-30 02:13:48 | Epoch 138/400 | Train Loss 2.3074 Acc 0.1037 | Val Loss 2.3008 Acc 0.1129 AUC 0.5000 Pre 0.0113 Rec 0.1000
2026-08-30 02:13:49 | Diag logvar_q_mean=-0.4535 logvar_q_clamp=0.0000 logvar_p_mean=-0.4535 logvar_p_clamp=0.0000
2026-08-30 02:13:52 | Epoch 139/400 | Train Loss 2.3087 Acc 0.1039 | Val Loss 2.3008 Acc 0.1129 AUC 0.5000 Pre 0.0113 Rec 0.1000
2026-08-30 02:13:52 | Diag logvar_q_mean=-0.4572 logvar_q_clamp=0.0000 logvar_p_mean=-0.4572 logvar_p_clamp=0.0000
2026-08-30 02:13:56 | Epoch 140/400 | Train Loss 2.3080 Acc 0.1049 | Val Loss 2.3007 Acc 0.1129 AUC 0.5000 Pre 0.0113 Rec 0.1000
2026-08-30 02:13:56 | Diag logvar_q_mean=-0.4605 logvar_q_clamp=0.0000 logvar_p_mean=-0.4605 logvar_p_clamp=0.0000
2026-08-30 02:13:59 | Epoch 141/400 | Train Loss 2.3073 Acc 0.1042 | Val Loss 2.3008 Acc 0.1129 AUC 0.5000 Pre 0.0113 Rec 0.1000
2026-08-30 02:14:00 | Diag logvar_q_mean=-0.4638 logvar_q_clamp=0.0000 logvar_p_mean=-0.4638 logvar_p_clamp=0.0000
2026-08-30 02:14:03 | Epoch 142/400 | Train Loss 2.3087 Acc 0.1048 | Val Loss 2.3008 Acc 0.1129 AUC 0.5000 Pre 0.0113 Rec 0.1000
2026-08-30 02:14:04 | Diag logvar_q_mean=-0.4673 logvar_q_clamp=0.0000 logvar_p_mean=-0.4674 logvar_p_clamp=0.0000
2026-08-30 02:14:07 | Epoch 143/400 | Train Loss 2.3082 Acc 0.1014 | Val Loss 2.3008 Acc 0.1129 AUC 0.5000 Pre 0.0113 Rec 0.1000
2026-08-30 02:14:08 | Diag logvar_q_mean=-0.4707 logvar_q_clamp=0.0000 logvar_p_mean=-0.4707 logvar_p_clamp=0.0000
2026-08-30 02:14:11 | Epoch 144/400 | Train Loss 2.3087 Acc 0.1029 | Val Loss 2.3008 Acc 0.1129 AUC 0.5000 Pre 0.0113 Rec 0.1000
2026-08-30 02:14:11 | Diag logvar_q_mean=-0.4743 logvar_q_clamp=0.0000 logvar_p_mean=-0.4743 logvar_p_clamp=0.0000
2026-08-30 02:14:15 | Epoch 145/400 | Train Loss 2.3080 Acc 0.1041 | Val Loss 2.3008 Acc 0.1129 AUC 0.5000 Pre 0.0113 Rec 0.1000
2026-08-30 02:14:15 | Diag logvar_q_mean=-0.4776 logvar_q_clamp=0.0000 logvar_p_mean=-0.4776 logvar_p_clamp=0.0000
2026-08-30 02:14:18 | Epoch 146/400 | Train Loss 2.3079 Acc 0.1032 | Val Loss 2.3008 Acc 0.1129 AUC 0.5000 Pre 0.0113 Rec 0.1000
2026-08-30 02:14:19 | Diag logvar_q_mean=-0.4810 logvar_q_clamp=0.0000 logvar_p_mean=-0.4810 logvar_p_clamp=0.0000
2026-08-30 02:14:22 | Epoch 147/400 | Train Loss 2.3081 Acc 0.1037 | Val Loss 2.3008 Acc 0.1129 AUC 0.5000 Pre 0.0113 Rec 0.1000
2026-08-30 02:14:23 | Diag logvar_q_mean=-0.4844 logvar_q_clamp=0.0000 logvar_p_mean=-0.4844 logvar_p_clamp=0.0000
2026-08-30 02:14:26 | Epoch 148/400 | Train Loss 2.3078 Acc 0.1031 | Val Loss 2.3007 Acc 0.1129 AUC 0.5000 Pre 0.0113 Rec 0.1000
2026-08-30 02:14:26 | Diag logvar_q_mean=-0.4877 logvar_q_clamp=0.0000 logvar_p_mean=-0.4877 logvar_p_clamp=0.0000
2026-08-30 02:14:30 | Epoch 149/400 | Train Loss 2.3077 Acc 0.1055 | Val Loss 2.3008 Acc 0.1129 AUC 0.5000 Pre 0.0113 Rec 0.1000
2026-08-30 02:14:30 | Diag logvar_q_mean=-0.4910 logvar_q_clamp=0.0000 logvar_p_mean=-0.4910 logvar_p_clamp=0.0000
2026-08-30 02:14:33 | Epoch 150/400 | Train Loss 2.3080 Acc 0.1051 | Val Loss 2.3007 Acc 0.1129 AUC 0.5000 Pre 0.0113 Rec 0.1000
2026-08-30 02:14:34 | Diag logvar_q_mean=-0.4944 logvar_q_clamp=0.0000 logvar_p_mean=-0.4944 logvar_p_clamp=0.0000
2026-08-30 02:14:37 | Epoch 151/400 | Train Loss 2.3072 Acc 0.1053 | Val Loss 2.3008 Acc 0.1129 AUC 0.5000 Pre 0.0113 Rec 0.1000
2026-08-30 02:14:38 | Diag logvar_q_mean=-0.4977 logvar_q_clamp=0.0000 logvar_p_mean=-0.4977 logvar_p_clamp=0.0000
2026-08-30 02:14:41 | Epoch 152/400 | Train Loss 2.3081 Acc 0.1048 | Val Loss 2.3007 Acc 0.1129 AUC 0.5000 Pre 0.0113 Rec 0.1000
2026-08-30 02:14:42 | Diag logvar_q_mean=-0.5011 logvar_q_clamp=0.0000 logvar_p_mean=-0.5011 logvar_p_clamp=0.0000
2026-08-30 02:14:45 | Epoch 153/400 | Train Loss 2.3072 Acc 0.1050 | Val Loss 2.3008 Acc 0.1129 AUC 0.5000 Pre 0.0113 Rec 0.1000
2026-08-30 02:14:45 | Diag logvar_q_mean=-0.5044 logvar_q_clamp=0.0000 logvar_p_mean=-0.5043 logvar_p_clamp=0.0000
2026-08-30 02:14:49 | Epoch 154/400 | Train Loss 2.3078 Acc 0.1052 | Val Loss 2.3007 Acc 0.1129 AUC 0.5000 Pre 0.0113 Rec 0.1000
2026-08-30 02:14:49 | Diag logvar_q_mean=-0.5077 logvar_q_clamp=0.0000 logvar_p_mean=-0.5077 logvar_p_clamp=0.0000
2026-08-30 02:14:52 | Epoch 155/400 | Train Loss 2.3074 Acc 0.1055 | Val Loss 2.3007 Acc 0.1129 AUC 0.5000 Pre 0.0113 Rec 0.1000
2026-08-30 02:14:53 | Diag logvar_q_mean=-0.5110 logvar_q_clamp=0.0000 logvar_p_mean=-0.5110 logvar_p_clamp=0.0000
2026-08-30 02:14:56 | Epoch 156/400 | Train Loss 2.3082 Acc 0.1037 | Val Loss 2.3008 Acc 0.1129 AUC 0.5000 Pre 0.0113 Rec 0.1000
2026-08-30 02:14:57 | Diag logvar_q_mean=-0.5145 logvar_q_clamp=0.0000 logvar_p_mean=-0.5145 logvar_p_clamp=0.0000
2026-08-30 02:15:00 | Epoch 157/400 | Train Loss 2.3079 Acc 0.1047 | Val Loss 2.3008 Acc 0.1129 AUC 0.5000 Pre 0.0113 Rec 0.1000
2026-08-30 02:15:01 | Diag logvar_q_mean=-0.5175 logvar_q_clamp=0.0000 logvar_p_mean=-0.5175 logvar_p_clamp=0.0000
2026-08-30 02:15:04 | Epoch 158/400 | Train Loss 2.3094 Acc 0.1053 | Val Loss 2.3008 Acc 0.1129 AUC 0.5000 Pre 0.0113 Rec 0.1000
2026-08-30 02:15:04 | Diag logvar_q_mean=-0.5203 logvar_q_clamp=0.0000 logvar_p_mean=-0.5203 logvar_p_clamp=0.0000
2026-08-30 02:15:08 | Epoch 159/400 | Train Loss 2.3074 Acc 0.1050 | Val Loss 2.3008 Acc 0.1129 AUC 0.5000 Pre 0.0113 Rec 0.1000
2026-08-30 02:15:08 | Diag logvar_q_mean=-0.5234 logvar_q_clamp=0.0000 logvar_p_mean=-0.5234 logvar_p_clamp=0.0000
2026-08-30 02:15:11 | Epoch 160/400 | Train Loss 2.3077 Acc 0.1042 | Val Loss 2.3007 Acc 0.1129 AUC 0.5000 Pre 0.0113 Rec 0.1000
2026-08-30 02:15:12 | Diag logvar_q_mean=-0.5266 logvar_q_clamp=0.0000 logvar_p_mean=-0.5266 logvar_p_clamp=0.0000
2026-08-30 02:15:15 | Epoch 161/400 | Train Loss 2.3076 Acc 0.1062 | Val Loss 2.3007 Acc 0.1129 AUC 0.5000 Pre 0.0113 Rec 0.1000
2026-08-30 02:15:16 | Diag logvar_q_mean=-0.5298 logvar_q_clamp=0.0000 logvar_p_mean=-0.5298 logvar_p_clamp=0.0000
2026-08-30 02:15:19 | Epoch 162/400 | Train Loss 2.3077 Acc 0.1051 | Val Loss 2.3007 Acc 0.1129 AUC 0.5000 Pre 0.0113 Rec 0.1000
2026-08-30 02:15:19 | Diag logvar_q_mean=-0.5331 logvar_q_clamp=0.0000 logvar_p_mean=-0.5331 logvar_p_clamp=0.0000
2026-08-30 02:15:23 | Epoch 163/400 | Train Loss 2.3077 Acc 0.1053 | Val Loss 2.3008 Acc 0.1129 AUC 0.5000 Pre 0.0113 Rec 0.1000
2026-08-30 02:15:23 | Diag logvar_q_mean=-0.5364 logvar_q_clamp=0.0000 logvar_p_mean=-0.5364 logvar_p_clamp=0.0000
2026-08-30 02:15:26 | Epoch 164/400 | Train Loss 2.3077 Acc 0.1052 | Val Loss 2.3008 Acc 0.1129 AUC 0.5000 Pre 0.0113 Rec 0.1000
2026-08-30 02:15:27 | Diag logvar_q_mean=-0.5397 logvar_q_clamp=0.0000 logvar_p_mean=-0.5397 logvar_p_clamp=0.0000
2026-08-30 02:15:30 | Epoch 165/400 | Train Loss 2.3077 Acc 0.1035 | Val Loss 2.3007 Acc 0.1129 AUC 0.5000 Pre 0.0113 Rec 0.1000
2026-08-30 02:15:31 | Diag logvar_q_mean=-0.5429 logvar_q_clamp=0.0000 logvar_p_mean=-0.5429 logvar_p_clamp=0.0000
2026-08-30 02:15:34 | Epoch 166/400 | Train Loss 2.3082 Acc 0.1027 | Val Loss 2.3007 Acc 0.1129 AUC 0.5000 Pre 0.0113 Rec 0.1000
2026-08-30 02:15:35 | Diag logvar_q_mean=-0.5462 logvar_q_clamp=0.0000 logvar_p_mean=-0.5462 logvar_p_clamp=0.0000
2026-08-30 02:15:38 | Epoch 167/400 | Train Loss 2.3073 Acc 0.1055 | Val Loss 2.3008 Acc 0.1129 AUC 0.5000 Pre 0.0113 Rec 0.1000
2026-08-30 02:15:38 | Diag logvar_q_mean=-0.5493 logvar_q_clamp=0.0000 logvar_p_mean=-0.5493 logvar_p_clamp=0.0000
2026-08-30 02:15:41 | Epoch 168/400 | Train Loss 2.3076 Acc 0.1067 | Val Loss 2.3007 Acc 0.1129 AUC 0.5000 Pre 0.0113 Rec 0.1000
2026-08-30 02:15:42 | Diag logvar_q_mean=-0.5526 logvar_q_clamp=0.0000 logvar_p_mean=-0.5526 logvar_p_clamp=0.0000
2026-08-30 02:15:45 | Epoch 169/400 | Train Loss 2.3078 Acc 0.1040 | Val Loss 2.3008 Acc 0.1129 AUC 0.5000 Pre 0.0113 Rec 0.1000
2026-08-30 02:15:46 | Diag logvar_q_mean=-0.5559 logvar_q_clamp=0.0000 logvar_p_mean=-0.5559 logvar_p_clamp=0.0000
2026-08-30 02:15:49 | Epoch 170/400 | Train Loss 2.3082 Acc 0.1031 | Val Loss 2.3007 Acc 0.1129 AUC 0.5000 Pre 0.0113 Rec 0.1000
2026-08-30 02:15:49 | Diag logvar_q_mean=-0.5592 logvar_q_clamp=0.0000 logvar_p_mean=-0.5592 logvar_p_clamp=0.0000
2026-08-30 02:15:53 | Epoch 171/400 | Train Loss 2.3076 Acc 0.1049 | Val Loss 2.3007 Acc 0.1129 AUC 0.5000 Pre 0.0113 Rec 0.1000
2026-08-30 02:15:53 | Diag logvar_q_mean=-0.5625 logvar_q_clamp=0.0000 logvar_p_mean=-0.5624 logvar_p_clamp=0.0000
2026-08-30 02:15:57 | Epoch 172/400 | Train Loss 2.3076 Acc 0.1034 | Val Loss 2.3008 Acc 0.1129 AUC 0.5000 Pre 0.0113 Rec 0.1000
2026-08-30 02:15:57 | Diag logvar_q_mean=-0.5657 logvar_q_clamp=0.0000 logvar_p_mean=-0.5658 logvar_p_clamp=0.0000
2026-08-30 02:16:00 | Epoch 173/400 | Train Loss 2.3076 Acc 0.1037 | Val Loss 2.3008 Acc 0.1129 AUC 0.5000 Pre 0.0113 Rec 0.1000
2026-08-30 02:16:01 | Diag logvar_q_mean=-0.5690 logvar_q_clamp=0.0000 logvar_p_mean=-0.5690 logvar_p_clamp=0.0000
2026-08-30 02:16:04 | Epoch 174/400 | Train Loss 2.3074 Acc 0.1063 | Val Loss 2.3008 Acc 0.1129 AUC 0.5000 Pre 0.0113 Rec 0.1000
2026-08-30 02:16:05 | Diag logvar_q_mean=-0.5722 logvar_q_clamp=0.0000 logvar_p_mean=-0.5722 logvar_p_clamp=0.0000
2026-08-30 02:16:08 | Epoch 175/400 | Train Loss 2.3069 Acc 0.1052 | Val Loss 2.3008 Acc 0.1129 AUC 0.5000 Pre 0.0113 Rec 0.1000
2026-08-30 02:16:08 | Diag logvar_q_mean=-0.5753 logvar_q_clamp=0.0000 logvar_p_mean=-0.5753 logvar_p_clamp=0.0000
2026-08-30 02:16:12 | Epoch 176/400 | Train Loss 2.3078 Acc 0.1027 | Val Loss 2.3008 Acc 0.1129 AUC 0.5000 Pre 0.0113 Rec 0.1000
2026-08-30 02:16:12 | Diag logvar_q_mean=-0.5786 logvar_q_clamp=0.0000 logvar_p_mean=-0.5786 logvar_p_clamp=0.0000
2026-08-30 02:16:16 | Epoch 177/400 | Train Loss 2.3076 Acc 0.1055 | Val Loss 2.3008 Acc 0.1129 AUC 0.5000 Pre 0.0113 Rec 0.1000
2026-08-30 02:16:16 | Diag logvar_q_mean=-0.5819 logvar_q_clamp=0.0000 logvar_p_mean=-0.5819 logvar_p_clamp=0.0000
2026-08-30 02:16:19 | Epoch 178/400 | Train Loss 2.3077 Acc 0.1029 | Val Loss 2.3008 Acc 0.1129 AUC 0.5000 Pre 0.0113 Rec 0.1000
2026-08-30 02:16:20 | Diag logvar_q_mean=-0.5851 logvar_q_clamp=0.0000 logvar_p_mean=-0.5851 logvar_p_clamp=0.0000
2026-08-30 02:16:23 | Epoch 179/400 | Train Loss 2.3081 Acc 0.1040 | Val Loss 2.3007 Acc 0.1129 AUC 0.5000 Pre 0.0113 Rec 0.1000
2026-08-30 02:16:24 | Diag logvar_q_mean=-0.5884 logvar_q_clamp=0.0000 logvar_p_mean=-0.5884 logvar_p_clamp=0.0000
2026-08-30 02:16:27 | Epoch 180/400 | Train Loss 2.3073 Acc 0.1031 | Val Loss 2.3008 Acc 0.1129 AUC 0.5000 Pre 0.0113 Rec 0.1000
2026-08-30 02:16:27 | Diag logvar_q_mean=-0.5915 logvar_q_clamp=0.0000 logvar_p_mean=-0.5915 logvar_p_clamp=0.0000
2026-08-30 02:16:31 | Epoch 181/400 | Train Loss 2.3078 Acc 0.1028 | Val Loss 2.3007 Acc 0.1129 AUC 0.5000 Pre 0.0113 Rec 0.1000
2026-08-30 02:16:31 | Diag logvar_q_mean=-0.5948 logvar_q_clamp=0.0000 logvar_p_mean=-0.5948 logvar_p_clamp=0.0000
2026-08-30 02:16:34 | Epoch 182/400 | Train Loss 2.3074 Acc 0.1057 | Val Loss 2.3008 Acc 0.1129 AUC 0.5000 Pre 0.0113 Rec 0.1000
2026-08-30 02:16:35 | Diag logvar_q_mean=-0.5979 logvar_q_clamp=0.0000 logvar_p_mean=-0.5979 logvar_p_clamp=0.0000
2026-08-30 02:16:38 | Epoch 183/400 | Train Loss 2.3070 Acc 0.1033 | Val Loss 2.3008 Acc 0.1129 AUC 0.5000 Pre 0.0113 Rec 0.1000
2026-08-30 02:16:39 | Diag logvar_q_mean=-0.6010 logvar_q_clamp=0.0000 logvar_p_mean=-0.6010 logvar_p_clamp=0.0000
2026-08-30 02:16:42 | Epoch 184/400 | Train Loss 2.3076 Acc 0.1032 | Val Loss 2.3008 Acc 0.1129 AUC 0.5000 Pre 0.0113 Rec 0.1000
2026-08-30 02:16:42 | Diag logvar_q_mean=-0.6042 logvar_q_clamp=0.0000 logvar_p_mean=-0.6042 logvar_p_clamp=0.0000
2026-08-30 02:16:46 | Epoch 185/400 | Train Loss 2.3080 Acc 0.1003 | Val Loss 2.3007 Acc 0.1129 AUC 0.5000 Pre 0.0113 Rec 0.1000
2026-08-30 02:16:46 | Diag logvar_q_mean=-0.6075 logvar_q_clamp=0.0000 logvar_p_mean=-0.6075 logvar_p_clamp=0.0000
2026-08-30 02:16:50 | Epoch 186/400 | Train Loss 2.3071 Acc 0.1058 | Val Loss 2.3007 Acc 0.1129 AUC 0.5000 Pre 0.0113 Rec 0.1000
2026-08-30 02:16:50 | Diag logvar_q_mean=-0.6107 logvar_q_clamp=0.0000 logvar_p_mean=-0.6106 logvar_p_clamp=0.0000
2026-08-30 02:16:54 | Epoch 187/400 | Train Loss 2.3067 Acc 0.1047 | Val Loss 2.3007 Acc 0.1129 AUC 0.5000 Pre 0.0113 Rec 0.1000
2026-08-30 02:16:54 | Diag logvar_q_mean=-0.6137 logvar_q_clamp=0.0000 logvar_p_mean=-0.6137 logvar_p_clamp=0.0000
2026-08-30 02:16:58 | Epoch 188/400 | Train Loss 2.3076 Acc 0.1049 | Val Loss 2.3008 Acc 0.1129 AUC 0.5000 Pre 0.0113 Rec 0.1000
2026-08-30 02:16:58 | Diag logvar_q_mean=-0.6169 logvar_q_clamp=0.0000 logvar_p_mean=-0.6169 logvar_p_clamp=0.0000
2026-08-30 02:17:01 | Epoch 189/400 | Train Loss 2.3070 Acc 0.1046 | Val Loss 2.3007 Acc 0.1129 AUC 0.5000 Pre 0.0113 Rec 0.1000
2026-08-30 02:17:02 | Diag logvar_q_mean=-0.6201 logvar_q_clamp=0.0000 logvar_p_mean=-0.6201 logvar_p_clamp=0.0000
2026-08-30 02:17:05 | Epoch 190/400 | Train Loss 2.3075 Acc 0.1048 | Val Loss 2.3008 Acc 0.1129 AUC 0.5000 Pre 0.0113 Rec 0.1000
2026-08-30 02:17:06 | Diag logvar_q_mean=-0.6233 logvar_q_clamp=0.0000 logvar_p_mean=-0.6233 logvar_p_clamp=0.0000
2026-08-30 02:17:09 | Epoch 191/400 | Train Loss 2.3073 Acc 0.1046 | Val Loss 2.3008 Acc 0.1129 AUC 0.5000 Pre 0.0113 Rec 0.1000
2026-08-30 02:17:10 | Diag logvar_q_mean=-0.6265 logvar_q_clamp=0.0000 logvar_p_mean=-0.6265 logvar_p_clamp=0.0000
2026-08-30 02:17:13 | Epoch 192/400 | Train Loss 2.3075 Acc 0.1054 | Val Loss 2.3008 Acc 0.1129 AUC 0.5000 Pre 0.0113 Rec 0.1000
2026-08-30 02:17:13 | Diag logvar_q_mean=-0.6297 logvar_q_clamp=0.0000 logvar_p_mean=-0.6297 logvar_p_clamp=0.0000
2026-08-30 02:17:17 | Epoch 193/400 | Train Loss 2.3080 Acc 0.1041 | Val Loss 2.3007 Acc 0.1129 AUC 0.5000 Pre 0.0113 Rec 0.1000
2026-08-30 02:17:17 | Diag logvar_q_mean=-0.6330 logvar_q_clamp=0.0000 logvar_p_mean=-0.6330 logvar_p_clamp=0.0000
2026-08-30 02:17:20 | Epoch 194/400 | Train Loss 2.3067 Acc 0.1050 | Val Loss 2.3007 Acc 0.1129 AUC 0.5000 Pre 0.0113 Rec 0.1000
2026-08-30 02:17:21 | Diag logvar_q_mean=-0.6359 logvar_q_clamp=0.0000 logvar_p_mean=-0.6359 logvar_p_clamp=0.0000
2026-08-30 02:17:24 | Epoch 195/400 | Train Loss 2.3078 Acc 0.1044 | Val Loss 2.3008 Acc 0.1129 AUC 0.5000 Pre 0.0113 Rec 0.1000
2026-08-30 02:17:25 | Diag logvar_q_mean=-0.6391 logvar_q_clamp=0.0000 logvar_p_mean=-0.6391 logvar_p_clamp=0.0000
2026-08-30 02:17:28 | Epoch 196/400 | Train Loss 2.3071 Acc 0.1043 | Val Loss 2.3008 Acc 0.1129 AUC 0.5000 Pre 0.0113 Rec 0.1000
2026-08-30 02:17:29 | Diag logvar_q_mean=-0.6422 logvar_q_clamp=0.0000 logvar_p_mean=-0.6422 logvar_p_clamp=0.0000
2026-08-30 02:17:32 | Epoch 197/400 | Train Loss 2.3070 Acc 0.1067 | Val Loss 2.3008 Acc 0.1129 AUC 0.5000 Pre 0.0113 Rec 0.1000
2026-08-30 02:17:32 | Diag logvar_q_mean=-0.6452 logvar_q_clamp=0.0000 logvar_p_mean=-0.6452 logvar_p_clamp=0.0000
2026-08-30 02:17:36 | Epoch 198/400 | Train Loss 2.3074 Acc 0.1040 | Val Loss 2.3007 Acc 0.1129 AUC 0.5000 Pre 0.0113 Rec 0.1000
2026-08-30 02:17:36 | Diag logvar_q_mean=-0.6484 logvar_q_clamp=0.0000 logvar_p_mean=-0.6484 logvar_p_clamp=0.0000
2026-08-30 02:17:40 | Epoch 199/400 | Train Loss 2.3076 Acc 0.1034 | Val Loss 2.3008 Acc 0.1129 AUC 0.5000 Pre 0.0113 Rec 0.1000
2026-08-30 02:17:40 | Diag logvar_q_mean=-0.6515 logvar_q_clamp=0.0000 logvar_p_mean=-0.6515 logvar_p_clamp=0.0000
2026-08-30 02:17:43 | Epoch 200/400 | Train Loss 2.3078 Acc 0.1036 | Val Loss 2.3007 Acc 0.1129 AUC 0.5000 Pre 0.0113 Rec 0.1000
2026-08-30 02:17:44 | Diag logvar_q_mean=-0.6548 logvar_q_clamp=0.0000 logvar_p_mean=-0.6548 logvar_p_clamp=0.0000
2026-08-30 02:17:47 | Epoch 201/400 | Train Loss 2.3075 Acc 0.1055 | Val Loss 2.3008 Acc 0.1129 AUC 0.5000 Pre 0.0113 Rec 0.1000
2026-08-30 02:17:48 | Diag logvar_q_mean=-0.6578 logvar_q_clamp=0.0000 logvar_p_mean=-0.6578 logvar_p_clamp=0.0000
2026-08-30 02:17:51 | Epoch 202/400 | Train Loss 2.3064 Acc 0.1038 | Val Loss 2.3008 Acc 0.1129 AUC 0.5000 Pre 0.0113 Rec 0.1000
2026-08-30 02:17:52 | Diag logvar_q_mean=-0.6608 logvar_q_clamp=0.0000 logvar_p_mean=-0.6608 logvar_p_clamp=0.0000
2026-08-30 02:17:55 | Epoch 203/400 | Train Loss 2.3081 Acc 0.1024 | Val Loss 2.3008 Acc 0.1129 AUC 0.5000 Pre 0.0113 Rec 0.1000
2026-08-30 02:17:55 | Diag logvar_q_mean=-0.6640 logvar_q_clamp=0.0000 logvar_p_mean=-0.6640 logvar_p_clamp=0.0000
2026-08-30 02:17:59 | Epoch 204/400 | Train Loss 2.3071 Acc 0.1048 | Val Loss 2.3008 Acc 0.1129 AUC 0.5000 Pre 0.0113 Rec 0.1000
2026-08-30 02:17:59 | Diag logvar_q_mean=-0.6671 logvar_q_clamp=0.0000 logvar_p_mean=-0.6671 logvar_p_clamp=0.0000
2026-08-30 02:18:02 | Epoch 205/400 | Train Loss 2.3077 Acc 0.1030 | Val Loss 2.3008 Acc 0.1129 AUC 0.5000 Pre 0.0113 Rec 0.1000
2026-08-30 02:18:03 | Diag logvar_q_mean=-0.6703 logvar_q_clamp=0.0000 logvar_p_mean=-0.6703 logvar_p_clamp=0.0000
2026-08-30 02:18:06 | Epoch 206/400 | Train Loss 2.3077 Acc 0.1027 | Val Loss 2.3008 Acc 0.1129 AUC 0.5000 Pre 0.0113 Rec 0.1000
2026-08-30 02:18:07 | Diag logvar_q_mean=-0.6735 logvar_q_clamp=0.0000 logvar_p_mean=-0.6734 logvar_p_clamp=0.0000
2026-08-30 02:18:10 | Epoch 207/400 | Train Loss 2.3073 Acc 0.1020 | Val Loss 2.3008 Acc 0.1129 AUC 0.5000 Pre 0.0113 Rec 0.1000
2026-08-30 02:18:10 | Diag logvar_q_mean=-0.6765 logvar_q_clamp=0.0000 logvar_p_mean=-0.6765 logvar_p_clamp=0.0000
2026-08-30 02:18:14 | Epoch 208/400 | Train Loss 2.3073 Acc 0.1037 | Val Loss 2.3007 Acc 0.1129 AUC 0.5000 Pre 0.0113 Rec 0.1000
2026-08-30 02:18:14 | Diag logvar_q_mean=-0.6796 logvar_q_clamp=0.0000 logvar_p_mean=-0.6796 logvar_p_clamp=0.0000
2026-08-30 02:18:17 | Epoch 209/400 | Train Loss 2.3074 Acc 0.1041 | Val Loss 2.3007 Acc 0.1129 AUC 0.5000 Pre 0.0113 Rec 0.1000
2026-08-30 02:18:18 | Diag logvar_q_mean=-0.6827 logvar_q_clamp=0.0000 logvar_p_mean=-0.6827 logvar_p_clamp=0.0000
2026-08-30 02:18:21 | Epoch 210/400 | Train Loss 2.3075 Acc 0.1041 | Val Loss 2.3008 Acc 0.1129 AUC 0.5000 Pre 0.0113 Rec 0.1000
2026-08-30 02:18:22 | Diag logvar_q_mean=-0.6858 logvar_q_clamp=0.0000 logvar_p_mean=-0.6858 logvar_p_clamp=0.0000
2026-08-30 02:18:25 | Epoch 211/400 | Train Loss 2.3068 Acc 0.1040 | Val Loss 2.3008 Acc 0.1129 AUC 0.5000 Pre 0.0113 Rec 0.1000
2026-08-30 02:18:26 | Diag logvar_q_mean=-0.6888 logvar_q_clamp=0.0000 logvar_p_mean=-0.6888 logvar_p_clamp=0.0000
2026-08-30 02:18:29 | Epoch 212/400 | Train Loss 2.3077 Acc 0.1061 | Val Loss 2.3008 Acc 0.1129 AUC 0.5000 Pre 0.0113 Rec 0.1000
2026-08-30 02:18:29 | Diag logvar_q_mean=-0.6920 logvar_q_clamp=0.0000 logvar_p_mean=-0.6920 logvar_p_clamp=0.0000
2026-08-30 02:18:33 | Epoch 213/400 | Train Loss 2.3068 Acc 0.1042 | Val Loss 2.3008 Acc 0.1129 AUC 0.5000 Pre 0.0113 Rec 0.1000
2026-08-30 02:18:33 | Diag logvar_q_mean=-0.6949 logvar_q_clamp=0.0000 logvar_p_mean=-0.6949 logvar_p_clamp=0.0000
2026-08-30 02:18:36 | Epoch 214/400 | Train Loss 2.3074 Acc 0.1072 | Val Loss 2.3008 Acc 0.1129 AUC 0.5000 Pre 0.0113 Rec 0.1000
2026-08-30 02:18:37 | Diag logvar_q_mean=-0.6980 logvar_q_clamp=0.0000 logvar_p_mean=-0.6980 logvar_p_clamp=0.0000
2026-08-30 02:18:40 | Epoch 215/400 | Train Loss 2.3078 Acc 0.1029 | Val Loss 2.3008 Acc 0.1129 AUC 0.5000 Pre 0.0113 Rec 0.1000
2026-08-30 02:18:41 | Diag logvar_q_mean=-0.7012 logvar_q_clamp=0.0000 logvar_p_mean=-0.7012 logvar_p_clamp=0.0000
2026-08-30 02:18:44 | Epoch 216/400 | Train Loss 2.3072 Acc 0.1022 | Val Loss 2.3008 Acc 0.1129 AUC 0.5000 Pre 0.0113 Rec 0.1000
2026-08-30 02:18:45 | Diag logvar_q_mean=-0.7042 logvar_q_clamp=0.0000 logvar_p_mean=-0.7042 logvar_p_clamp=0.0000
2026-08-30 02:18:48 | Epoch 217/400 | Train Loss 2.3078 Acc 0.1044 | Val Loss 2.3007 Acc 0.1129 AUC 0.5000 Pre 0.0113 Rec 0.1000
2026-08-30 02:18:48 | Diag logvar_q_mean=-0.7074 logvar_q_clamp=0.0000 logvar_p_mean=-0.7074 logvar_p_clamp=0.0000
2026-08-30 02:18:52 | Epoch 218/400 | Train Loss 2.3074 Acc 0.1048 | Val Loss 2.3007 Acc 0.1129 AUC 0.5000 Pre 0.0113 Rec 0.1000
2026-08-30 02:18:52 | Diag logvar_q_mean=-0.7105 logvar_q_clamp=0.0000 logvar_p_mean=-0.7105 logvar_p_clamp=0.0000
2026-08-30 02:18:55 | Epoch 219/400 | Train Loss 2.3069 Acc 0.1023 | Val Loss 2.3007 Acc 0.1129 AUC 0.5000 Pre 0.0113 Rec 0.1000
2026-08-30 02:18:56 | Diag logvar_q_mean=-0.7134 logvar_q_clamp=0.0000 logvar_p_mean=-0.7134 logvar_p_clamp=0.0000
2026-08-30 02:18:59 | Epoch 220/400 | Train Loss 2.3070 Acc 0.1048 | Val Loss 2.3008 Acc 0.1129 AUC 0.5000 Pre 0.0113 Rec 0.1000
2026-08-30 02:19:00 | Diag logvar_q_mean=-0.7165 logvar_q_clamp=0.0000 logvar_p_mean=-0.7165 logvar_p_clamp=0.0000
2026-08-30 02:19:03 | Epoch 221/400 | Train Loss 2.3075 Acc 0.1051 | Val Loss 2.3008 Acc 0.1129 AUC 0.5000 Pre 0.0113 Rec 0.1000
2026-08-30 02:19:04 | Diag logvar_q_mean=-0.7196 logvar_q_clamp=0.0000 logvar_p_mean=-0.7196 logvar_p_clamp=0.0000
2026-08-30 02:19:07 | Epoch 222/400 | Train Loss 2.3070 Acc 0.1060 | Val Loss 2.3008 Acc 0.1129 AUC 0.5000 Pre 0.0113 Rec 0.1000
2026-08-30 02:19:07 | Diag logvar_q_mean=-0.7226 logvar_q_clamp=0.0000 logvar_p_mean=-0.7226 logvar_p_clamp=0.0000
2026-08-30 02:19:11 | Epoch 223/400 | Train Loss 2.3074 Acc 0.1045 | Val Loss 2.3007 Acc 0.1129 AUC 0.5000 Pre 0.0113 Rec 0.1000
2026-08-30 02:19:11 | Diag logvar_q_mean=-0.7257 logvar_q_clamp=0.0000 logvar_p_mean=-0.7256 logvar_p_clamp=0.0000
2026-08-30 02:19:14 | Epoch 224/400 | Train Loss 2.3067 Acc 0.1032 | Val Loss 2.3008 Acc 0.1129 AUC 0.5000 Pre 0.0113 Rec 0.1000
2026-08-30 02:19:15 | Diag logvar_q_mean=-0.7286 logvar_q_clamp=0.0000 logvar_p_mean=-0.7286 logvar_p_clamp=0.0000
2026-08-30 02:19:18 | Epoch 225/400 | Train Loss 2.3077 Acc 0.1028 | Val Loss 2.3008 Acc 0.1129 AUC 0.5000 Pre 0.0113 Rec 0.1000
2026-08-30 02:19:19 | Diag logvar_q_mean=-0.7317 logvar_q_clamp=0.0000 logvar_p_mean=-0.7317 logvar_p_clamp=0.0000
2026-08-30 02:19:22 | Epoch 226/400 | Train Loss 2.3077 Acc 0.1034 | Val Loss 2.3008 Acc 0.1129 AUC 0.5000 Pre 0.0113 Rec 0.1000
2026-08-30 02:19:23 | Diag logvar_q_mean=-0.7348 logvar_q_clamp=0.0000 logvar_p_mean=-0.7348 logvar_p_clamp=0.0000
2026-08-30 02:19:26 | Epoch 227/400 | Train Loss 2.3074 Acc 0.1046 | Val Loss 2.3007 Acc 0.1129 AUC 0.5000 Pre 0.0113 Rec 0.1000
2026-08-30 02:19:26 | Diag logvar_q_mean=-0.7379 logvar_q_clamp=0.0000 logvar_p_mean=-0.7379 logvar_p_clamp=0.0000
2026-08-30 02:19:30 | Epoch 228/400 | Train Loss 2.3073 Acc 0.1060 | Val Loss 2.3007 Acc 0.1129 AUC 0.5000 Pre 0.0113 Rec 0.1000
2026-08-30 02:19:30 | Diag logvar_q_mean=-0.7409 logvar_q_clamp=0.0000 logvar_p_mean=-0.7409 logvar_p_clamp=0.0000
2026-08-30 02:19:33 | Epoch 229/400 | Train Loss 2.3067 Acc 0.1056 | Val Loss 2.3008 Acc 0.1129 AUC 0.5000 Pre 0.0113 Rec 0.1000
2026-08-30 02:19:34 | Diag logvar_q_mean=-0.7437 logvar_q_clamp=0.0000 logvar_p_mean=-0.7437 logvar_p_clamp=0.0000
2026-08-30 02:19:37 | Epoch 230/400 | Train Loss 2.3071 Acc 0.1057 | Val Loss 2.3008 Acc 0.1129 AUC 0.5000 Pre 0.0113 Rec 0.1000
2026-08-30 02:19:38 | Diag logvar_q_mean=-0.7468 logvar_q_clamp=0.0000 logvar_p_mean=-0.7468 logvar_p_clamp=0.0000
2026-08-30 02:19:41 | Epoch 231/400 | Train Loss 2.3072 Acc 0.1039 | Val Loss 2.3007 Acc 0.1129 AUC 0.5000 Pre 0.0113 Rec 0.1000
2026-08-30 02:19:41 | Diag logvar_q_mean=-0.7498 logvar_q_clamp=0.0000 logvar_p_mean=-0.7498 logvar_p_clamp=0.0000
2026-08-30 02:19:45 | Epoch 232/400 | Train Loss 2.3069 Acc 0.1031 | Val Loss 2.3007 Acc 0.1129 AUC 0.5000 Pre 0.0113 Rec 0.1000
2026-08-30 02:19:45 | Diag logvar_q_mean=-0.7527 logvar_q_clamp=0.0000 logvar_p_mean=-0.7527 logvar_p_clamp=0.0000
2026-08-30 02:19:49 | Epoch 233/400 | Train Loss 2.3068 Acc 0.1047 | Val Loss 2.3007 Acc 0.1129 AUC 0.5000 Pre 0.0113 Rec 0.1000
2026-08-30 02:19:49 | Diag logvar_q_mean=-0.7556 logvar_q_clamp=0.0000 logvar_p_mean=-0.7556 logvar_p_clamp=0.0000
2026-08-30 02:19:52 | Epoch 234/400 | Train Loss 2.3064 Acc 0.1076 | Val Loss 2.3007 Acc 0.1129 AUC 0.5000 Pre 0.0113 Rec 0.1000
2026-08-30 02:19:53 | Diag logvar_q_mean=-0.7585 logvar_q_clamp=0.0000 logvar_p_mean=-0.7585 logvar_p_clamp=0.0000
2026-08-30 02:19:56 | Epoch 235/400 | Train Loss 2.3066 Acc 0.1057 | Val Loss 2.3008 Acc 0.1129 AUC 0.5000 Pre 0.0113 Rec 0.1000
2026-08-30 02:19:56 | Diag logvar_q_mean=-0.7614 logvar_q_clamp=0.0000 logvar_p_mean=-0.7614 logvar_p_clamp=0.0000
2026-08-30 02:20:00 | Epoch 236/400 | Train Loss 2.3069 Acc 0.1053 | Val Loss 2.3008 Acc 0.1129 AUC 0.5000 Pre 0.0113 Rec 0.1000
2026-08-30 02:20:00 | Diag logvar_q_mean=-0.7644 logvar_q_clamp=0.0000 logvar_p_mean=-0.7644 logvar_p_clamp=0.0000
2026-08-30 02:20:03 | Epoch 237/400 | Train Loss 2.3075 Acc 0.1038 | Val Loss 2.3007 Acc 0.1129 AUC 0.5000 Pre 0.0113 Rec 0.1000
2026-08-30 02:20:04 | Diag logvar_q_mean=-0.7675 logvar_q_clamp=0.0000 logvar_p_mean=-0.7675 logvar_p_clamp=0.0000
2026-08-30 02:20:07 | Epoch 238/400 | Train Loss 2.3069 Acc 0.1046 | Val Loss 2.3008 Acc 0.1129 AUC 0.5000 Pre 0.0113 Rec 0.1000
2026-08-30 02:20:08 | Diag logvar_q_mean=-0.7704 logvar_q_clamp=0.0000 logvar_p_mean=-0.7704 logvar_p_clamp=0.0000
2026-08-30 02:20:11 | Epoch 239/400 | Train Loss 2.3061 Acc 0.1056 | Val Loss 2.3007 Acc 0.1129 AUC 0.5000 Pre 0.0113 Rec 0.1000
2026-08-30 02:20:11 | Diag logvar_q_mean=-0.7732 logvar_q_clamp=0.0000 logvar_p_mean=-0.7732 logvar_p_clamp=0.0000
2026-08-30 02:20:15 | Epoch 240/400 | Train Loss 2.3064 Acc 0.1063 | Val Loss 2.3007 Acc 0.1129 AUC 0.5000 Pre 0.0113 Rec 0.1000
2026-08-30 02:20:15 | Diag logvar_q_mean=-0.7761 logvar_q_clamp=0.0000 logvar_p_mean=-0.7761 logvar_p_clamp=0.0000
2026-08-30 02:20:19 | Epoch 241/400 | Train Loss 2.3070 Acc 0.1072 | Val Loss 2.3008 Acc 0.1129 AUC 0.5000 Pre 0.0113 Rec 0.1000
2026-08-30 02:20:19 | Diag logvar_q_mean=-0.7791 logvar_q_clamp=0.0000 logvar_p_mean=-0.7791 logvar_p_clamp=0.0000
2026-08-30 02:20:22 | Epoch 242/400 | Train Loss 2.3071 Acc 0.1054 | Val Loss 2.3008 Acc 0.1129 AUC 0.5000 Pre 0.0113 Rec 0.1000
2026-08-30 02:20:23 | Diag logvar_q_mean=-0.7821 logvar_q_clamp=0.0000 logvar_p_mean=-0.7821 logvar_p_clamp=0.0000
2026-08-30 02:20:26 | Epoch 243/400 | Train Loss 2.3074 Acc 0.1042 | Val Loss 2.3008 Acc 0.1129 AUC 0.5000 Pre 0.0113 Rec 0.1000
2026-08-30 02:20:27 | Diag logvar_q_mean=-0.7852 logvar_q_clamp=0.0000 logvar_p_mean=-0.7852 logvar_p_clamp=0.0000
2026-08-30 02:20:30 | Epoch 244/400 | Train Loss 2.3068 Acc 0.1067 | Val Loss 2.3007 Acc 0.1129 AUC 0.5000 Pre 0.0113 Rec 0.1000
2026-08-30 02:20:30 | Diag logvar_q_mean=-0.7880 logvar_q_clamp=0.0000 logvar_p_mean=-0.7880 logvar_p_clamp=0.0000
2026-08-30 02:20:34 | Epoch 245/400 | Train Loss 2.3068 Acc 0.1057 | Val Loss 2.3007 Acc 0.1129 AUC 0.5000 Pre 0.0113 Rec 0.1000
2026-08-30 02:20:34 | Diag logvar_q_mean=-0.7910 logvar_q_clamp=0.0000 logvar_p_mean=-0.7910 logvar_p_clamp=0.0000
2026-08-30 02:20:38 | Epoch 246/400 | Train Loss 2.3070 Acc 0.1033 | Val Loss 2.3008 Acc 0.1129 AUC 0.5000 Pre 0.0113 Rec 0.1000
2026-08-30 02:20:38 | Diag logvar_q_mean=-0.7939 logvar_q_clamp=0.0000 logvar_p_mean=-0.7939 logvar_p_clamp=0.0000
2026-08-30 02:20:41 | Epoch 247/400 | Train Loss 2.3064 Acc 0.1044 | Val Loss 2.3007 Acc 0.1129 AUC 0.5000 Pre 0.0113 Rec 0.1000
2026-08-30 02:20:42 | Diag logvar_q_mean=-0.7967 logvar_q_clamp=0.0000 logvar_p_mean=-0.7967 logvar_p_clamp=0.0000
2026-08-30 02:20:45 | Epoch 248/400 | Train Loss 2.3079 Acc 0.1042 | Val Loss 2.3007 Acc 0.1129 AUC 0.5000 Pre 0.0113 Rec 0.1000
2026-08-30 02:20:46 | Diag logvar_q_mean=-0.7999 logvar_q_clamp=0.0000 logvar_p_mean=-0.7999 logvar_p_clamp=0.0000
2026-08-30 02:20:49 | Epoch 249/400 | Train Loss 2.3071 Acc 0.1028 | Val Loss 2.3008 Acc 0.1129 AUC 0.5000 Pre 0.0113 Rec 0.1000
2026-08-30 02:20:49 | Diag logvar_q_mean=-0.8029 logvar_q_clamp=0.0000 logvar_p_mean=-0.8029 logvar_p_clamp=0.0000
2026-08-30 02:20:53 | Epoch 250/400 | Train Loss 2.3073 Acc 0.1021 | Val Loss 2.3007 Acc 0.1129 AUC 0.5000 Pre 0.0113 Rec 0.1000
2026-08-30 02:20:53 | Diag logvar_q_mean=-0.8059 logvar_q_clamp=0.0000 logvar_p_mean=-0.8059 logvar_p_clamp=0.0000
2026-08-30 02:20:56 | Epoch 251/400 | Train Loss 2.3073 Acc 0.1041 | Val Loss 2.3008 Acc 0.1129 AUC 0.5000 Pre 0.0113 Rec 0.1000
2026-08-30 02:20:57 | Diag logvar_q_mean=-0.8087 logvar_q_clamp=0.0000 logvar_p_mean=-0.8087 logvar_p_clamp=0.0000
2026-08-30 02:21:00 | Epoch 252/400 | Train Loss 2.3070 Acc 0.1049 | Val Loss 2.3007 Acc 0.1129 AUC 0.5000 Pre 0.0113 Rec 0.1000
2026-08-30 02:21:01 | Diag logvar_q_mean=-0.8117 logvar_q_clamp=0.0000 logvar_p_mean=-0.8117 logvar_p_clamp=0.0000
2026-08-30 02:21:04 | Epoch 253/400 | Train Loss 2.3063 Acc 0.1055 | Val Loss 2.3008 Acc 0.1129 AUC 0.5000 Pre 0.0113 Rec 0.1000
2026-08-30 02:21:04 | Diag logvar_q_mean=-0.8144 logvar_q_clamp=0.0000 logvar_p_mean=-0.8144 logvar_p_clamp=0.0000
2026-08-30 02:21:08 | Epoch 254/400 | Train Loss 2.3070 Acc 0.1035 | Val Loss 2.3008 Acc 0.1129 AUC 0.5000 Pre 0.0113 Rec 0.1000
2026-08-30 02:21:08 | Diag logvar_q_mean=-0.8173 logvar_q_clamp=0.0000 logvar_p_mean=-0.8172 logvar_p_clamp=0.0000
2026-08-30 02:21:12 | Epoch 255/400 | Train Loss 2.3067 Acc 0.1063 | Val Loss 2.3008 Acc 0.1129 AUC 0.5000 Pre 0.0113 Rec 0.1000
2026-08-30 02:21:12 | Diag logvar_q_mean=-0.8199 logvar_q_clamp=0.0000 logvar_p_mean=-0.8199 logvar_p_clamp=0.0000
2026-08-30 02:21:15 | Epoch 256/400 | Train Loss 2.3071 Acc 0.1038 | Val Loss 2.3008 Acc 0.1129 AUC 0.5000 Pre 0.0113 Rec 0.1000
2026-08-30 02:21:16 | Diag logvar_q_mean=-0.8228 logvar_q_clamp=0.0000 logvar_p_mean=-0.8228 logvar_p_clamp=0.0000
2026-08-30 02:21:19 | Epoch 257/400 | Train Loss 2.3074 Acc 0.1022 | Val Loss 2.3008 Acc 0.1129 AUC 0.5000 Pre 0.0113 Rec 0.1000
2026-08-30 02:21:20 | Diag logvar_q_mean=-0.8258 logvar_q_clamp=0.0000 logvar_p_mean=-0.8258 logvar_p_clamp=0.0000
2026-08-30 02:21:23 | Epoch 258/400 | Train Loss 2.3067 Acc 0.1043 | Val Loss 2.3007 Acc 0.1129 AUC 0.5000 Pre 0.0113 Rec 0.1000
2026-08-30 02:21:23 | Diag logvar_q_mean=-0.8287 logvar_q_clamp=0.0000 logvar_p_mean=-0.8287 logvar_p_clamp=0.0000
2026-08-30 02:21:27 | Epoch 259/400 | Train Loss 2.3066 Acc 0.1035 | Val Loss 2.3007 Acc 0.1129 AUC 0.5000 Pre 0.0113 Rec 0.1000
2026-08-30 02:21:27 | Diag logvar_q_mean=-0.8315 logvar_q_clamp=0.0000 logvar_p_mean=-0.8315 logvar_p_clamp=0.0000
2026-08-30 02:21:31 | Epoch 260/400 | Train Loss 2.3064 Acc 0.1031 | Val Loss 2.3007 Acc 0.1129 AUC 0.5000 Pre 0.0113 Rec 0.1000
2026-08-30 02:21:31 | Diag logvar_q_mean=-0.8343 logvar_q_clamp=0.0000 logvar_p_mean=-0.8343 logvar_p_clamp=0.0000
2026-08-30 02:21:34 | Epoch 261/400 | Train Loss 2.3076 Acc 0.1035 | Val Loss 2.3007 Acc 0.1129 AUC 0.5000 Pre 0.0113 Rec 0.1000
2026-08-30 02:21:35 | Diag logvar_q_mean=-0.8373 logvar_q_clamp=0.0000 logvar_p_mean=-0.8373 logvar_p_clamp=0.0000
2026-08-30 02:21:38 | Epoch 262/400 | Train Loss 2.3063 Acc 0.1073 | Val Loss 2.3008 Acc 0.1129 AUC 0.5000 Pre 0.0113 Rec 0.1000
2026-08-30 02:21:39 | Diag logvar_q_mean=-0.8401 logvar_q_clamp=0.0000 logvar_p_mean=-0.8401 logvar_p_clamp=0.0000
2026-08-30 02:21:42 | Epoch 263/400 | Train Loss 2.3066 Acc 0.1044 | Val Loss 2.3007 Acc 0.1129 AUC 0.5000 Pre 0.0113 Rec 0.1000
2026-08-30 02:21:42 | Diag logvar_q_mean=-0.8429 logvar_q_clamp=0.0000 logvar_p_mean=-0.8429 logvar_p_clamp=0.0000
2026-08-30 02:21:46 | Epoch 264/400 | Train Loss 2.3073 Acc 0.1031 | Val Loss 2.3007 Acc 0.1129 AUC 0.5000 Pre 0.0113 Rec 0.1000
2026-08-30 02:21:46 | Diag logvar_q_mean=-0.8459 logvar_q_clamp=0.0000 logvar_p_mean=-0.8459 logvar_p_clamp=0.0000
2026-08-30 02:21:49 | Epoch 265/400 | Train Loss 2.3067 Acc 0.1062 | Val Loss 2.3008 Acc 0.1129 AUC 0.5000 Pre 0.0113 Rec 0.1000
2026-08-30 02:21:50 | Diag logvar_q_mean=-0.8488 logvar_q_clamp=0.0000 logvar_p_mean=-0.8488 logvar_p_clamp=0.0000
2026-08-30 02:21:53 | Epoch 266/400 | Train Loss 2.3056 Acc 0.1078 | Val Loss 2.3008 Acc 0.1129 AUC 0.5000 Pre 0.0113 Rec 0.1000
2026-08-30 02:21:54 | Diag logvar_q_mean=-0.8515 logvar_q_clamp=0.0000 logvar_p_mean=-0.8515 logvar_p_clamp=0.0000
2026-08-30 02:21:57 | Epoch 267/400 | Train Loss 2.3069 Acc 0.1058 | Val Loss 2.3007 Acc 0.1129 AUC 0.5000 Pre 0.0113 Rec 0.1000
2026-08-30 02:21:58 | Diag logvar_q_mean=-0.8544 logvar_q_clamp=0.0000 logvar_p_mean=-0.8544 logvar_p_clamp=0.0000
2026-08-30 02:22:01 | Epoch 268/400 | Train Loss 2.3064 Acc 0.1067 | Val Loss 2.3007 Acc 0.1129 AUC 0.5000 Pre 0.0113 Rec 0.1000
2026-08-30 02:22:02 | Diag logvar_q_mean=-0.8573 logvar_q_clamp=0.0000 logvar_p_mean=-0.8573 logvar_p_clamp=0.0000
2026-08-30 02:22:05 | Epoch 269/400 | Train Loss 2.3072 Acc 0.1062 | Val Loss 2.3007 Acc 0.1129 AUC 0.5000 Pre 0.0113 Rec 0.1000
2026-08-30 02:22:06 | Diag logvar_q_mean=-0.8603 logvar_q_clamp=0.0000 logvar_p_mean=-0.8602 logvar_p_clamp=0.0000
2026-08-30 02:22:09 | Epoch 270/400 | Train Loss 2.3064 Acc 0.1049 | Val Loss 2.3007 Acc 0.1129 AUC 0.5000 Pre 0.0113 Rec 0.1000
2026-08-30 02:22:10 | Diag logvar_q_mean=-0.8631 logvar_q_clamp=0.0000 logvar_p_mean=-0.8631 logvar_p_clamp=0.0000
2026-08-30 02:22:13 | Epoch 271/400 | Train Loss 2.3068 Acc 0.1052 | Val Loss 2.3008 Acc 0.1129 AUC 0.5000 Pre 0.0113 Rec 0.1000
2026-08-30 02:22:13 | Diag logvar_q_mean=-0.8659 logvar_q_clamp=0.0000 logvar_p_mean=-0.8659 logvar_p_clamp=0.0000
2026-08-30 02:22:17 | Epoch 272/400 | Train Loss 2.3066 Acc 0.1053 | Val Loss 2.3008 Acc 0.1129 AUC 0.5000 Pre 0.0113 Rec 0.1000
2026-08-30 02:22:17 | Diag logvar_q_mean=-0.8687 logvar_q_clamp=0.0000 logvar_p_mean=-0.8687 logvar_p_clamp=0.0000
2026-08-30 02:22:20 | Epoch 273/400 | Train Loss 2.3068 Acc 0.1027 | Val Loss 2.3008 Acc 0.1129 AUC 0.5000 Pre 0.0113 Rec 0.1000
2026-08-30 02:22:21 | Diag logvar_q_mean=-0.8716 logvar_q_clamp=0.0000 logvar_p_mean=-0.8716 logvar_p_clamp=0.0000
2026-08-30 02:22:24 | Epoch 274/400 | Train Loss 2.3077 Acc 0.1043 | Val Loss 2.3007 Acc 0.1129 AUC 0.5000 Pre 0.0113 Rec 0.1000
2026-08-30 02:22:25 | Diag logvar_q_mean=-0.8746 logvar_q_clamp=0.0000 logvar_p_mean=-0.8746 logvar_p_clamp=0.0000
2026-08-30 02:22:28 | Epoch 275/400 | Train Loss 2.3069 Acc 0.1054 | Val Loss 2.3008 Acc 0.1129 AUC 0.5000 Pre 0.0113 Rec 0.1000
2026-08-30 02:22:29 | Diag logvar_q_mean=-0.8773 logvar_q_clamp=0.0000 logvar_p_mean=-0.8773 logvar_p_clamp=0.0000
2026-08-30 02:22:32 | Epoch 276/400 | Train Loss 2.3064 Acc 0.1035 | Val Loss 2.3008 Acc 0.1129 AUC 0.5000 Pre 0.0113 Rec 0.1000
2026-08-30 02:22:32 | Diag logvar_q_mean=-0.8800 logvar_q_clamp=0.0000 logvar_p_mean=-0.8800 logvar_p_clamp=0.0000
2026-08-30 02:22:36 | Epoch 277/400 | Train Loss 2.3071 Acc 0.1035 | Val Loss 2.3008 Acc 0.1129 AUC 0.5000 Pre 0.0113 Rec 0.1000
2026-08-30 02:22:36 | Diag logvar_q_mean=-0.8829 logvar_q_clamp=0.0000 logvar_p_mean=-0.8829 logvar_p_clamp=0.0000
2026-08-30 02:22:39 | Epoch 278/400 | Train Loss 2.3067 Acc 0.1044 | Val Loss 2.3007 Acc 0.1129 AUC 0.5000 Pre 0.0113 Rec 0.1000
2026-08-30 02:22:40 | Diag logvar_q_mean=-0.8857 logvar_q_clamp=0.0000 logvar_p_mean=-0.8857 logvar_p_clamp=0.0000
2026-08-30 02:22:43 | Epoch 279/400 | Train Loss 2.3052 Acc 0.1074 | Val Loss 2.3008 Acc 0.1129 AUC 0.5000 Pre 0.0113 Rec 0.1000
2026-08-30 02:22:44 | Diag logvar_q_mean=-0.8881 logvar_q_clamp=0.0000 logvar_p_mean=-0.8881 logvar_p_clamp=0.0000
2026-08-30 02:22:47 | Epoch 280/400 | Train Loss 2.3063 Acc 0.1047 | Val Loss 2.3007 Acc 0.1129 AUC 0.5000 Pre 0.0113 Rec 0.1000
2026-08-30 02:22:47 | Diag logvar_q_mean=-0.8910 logvar_q_clamp=0.0000 logvar_p_mean=-0.8910 logvar_p_clamp=0.0000
2026-08-30 02:22:51 | Epoch 281/400 | Train Loss 2.3068 Acc 0.1080 | Val Loss 2.3007 Acc 0.1129 AUC 0.5000 Pre 0.0113 Rec 0.1000
2026-08-30 02:22:51 | Diag logvar_q_mean=-0.8939 logvar_q_clamp=0.0000 logvar_p_mean=-0.8939 logvar_p_clamp=0.0000
2026-08-30 02:22:55 | Epoch 282/400 | Train Loss 2.3072 Acc 0.1070 | Val Loss 2.3007 Acc 0.1129 AUC 0.5000 Pre 0.0113 Rec 0.1000
2026-08-30 02:22:55 | Diag logvar_q_mean=-0.8969 logvar_q_clamp=0.0000 logvar_p_mean=-0.8969 logvar_p_clamp=0.0000
2026-08-30 02:22:58 | Epoch 283/400 | Train Loss 2.3065 Acc 0.1057 | Val Loss 2.3007 Acc 0.1129 AUC 0.5000 Pre 0.0113 Rec 0.1000
2026-08-30 02:22:59 | Diag logvar_q_mean=-0.8997 logvar_q_clamp=0.0000 logvar_p_mean=-0.8996 logvar_p_clamp=0.0000
2026-08-30 02:23:02 | Epoch 284/400 | Train Loss 2.3076 Acc 0.1033 | Val Loss 2.3008 Acc 0.1129 AUC 0.5000 Pre 0.0113 Rec 0.1000
2026-08-30 02:23:03 | Diag logvar_q_mean=-0.9026 logvar_q_clamp=0.0000 logvar_p_mean=-0.9026 logvar_p_clamp=0.0000
2026-08-30 02:23:06 | Epoch 285/400 | Train Loss 2.3065 Acc 0.1039 | Val Loss 2.3007 Acc 0.1129 AUC 0.5000 Pre 0.0113 Rec 0.1000
2026-08-30 02:23:06 | Diag logvar_q_mean=-0.9054 logvar_q_clamp=0.0000 logvar_p_mean=-0.9053 logvar_p_clamp=0.0000
2026-08-30 02:23:10 | Epoch 286/400 | Train Loss 2.3072 Acc 0.1036 | Val Loss 2.3008 Acc 0.1129 AUC 0.5000 Pre 0.0113 Rec 0.1000
2026-08-30 02:23:10 | Diag logvar_q_mean=-0.9082 logvar_q_clamp=0.0000 logvar_p_mean=-0.9082 logvar_p_clamp=0.0000
2026-08-30 02:23:13 | Epoch 287/400 | Train Loss 2.3057 Acc 0.1057 | Val Loss 2.3008 Acc 0.1129 AUC 0.5000 Pre 0.0113 Rec 0.1000
2026-08-30 02:23:14 | Diag logvar_q_mean=-0.9108 logvar_q_clamp=0.0000 logvar_p_mean=-0.9108 logvar_p_clamp=0.0000
2026-08-30 02:23:17 | Epoch 288/400 | Train Loss 2.3071 Acc 0.1031 | Val Loss 2.3008 Acc 0.1129 AUC 0.5000 Pre 0.0113 Rec 0.1000
2026-08-30 02:23:18 | Diag logvar_q_mean=-0.9137 logvar_q_clamp=0.0000 logvar_p_mean=-0.9137 logvar_p_clamp=0.0000
2026-08-30 02:23:21 | Epoch 289/400 | Train Loss 2.3069 Acc 0.1034 | Val Loss 2.3008 Acc 0.1129 AUC 0.5000 Pre 0.0113 Rec 0.1000
2026-08-30 02:23:22 | Diag logvar_q_mean=-0.9165 logvar_q_clamp=0.0000 logvar_p_mean=-0.9165 logvar_p_clamp=0.0000
2026-08-30 02:23:25 | Epoch 290/400 | Train Loss 2.3066 Acc 0.1051 | Val Loss 2.3008 Acc 0.1129 AUC 0.5000 Pre 0.0113 Rec 0.1000
2026-08-30 02:23:25 | Diag logvar_q_mean=-0.9193 logvar_q_clamp=0.0000 logvar_p_mean=-0.9193 logvar_p_clamp=0.0000
2026-08-30 02:23:29 | Epoch 291/400 | Train Loss 2.3063 Acc 0.1075 | Val Loss 2.3008 Acc 0.1129 AUC 0.5000 Pre 0.0113 Rec 0.1000
2026-08-30 02:23:29 | Diag logvar_q_mean=-0.9220 logvar_q_clamp=0.0000 logvar_p_mean=-0.9220 logvar_p_clamp=0.0000
2026-08-30 02:23:32 | Epoch 292/400 | Train Loss 2.3053 Acc 0.1073 | Val Loss 2.3008 Acc 0.1129 AUC 0.5000 Pre 0.0113 Rec 0.1000
2026-08-30 02:23:33 | Diag logvar_q_mean=-0.9246 logvar_q_clamp=0.0000 logvar_p_mean=-0.9246 logvar_p_clamp=0.0000
2026-08-30 02:23:36 | Epoch 293/400 | Train Loss 2.3061 Acc 0.1065 | Val Loss 2.3008 Acc 0.1129 AUC 0.5000 Pre 0.0113 Rec 0.1000
2026-08-30 02:23:37 | Diag logvar_q_mean=-0.9273 logvar_q_clamp=0.0000 logvar_p_mean=-0.9273 logvar_p_clamp=0.0000
2026-08-30 02:23:40 | Epoch 294/400 | Train Loss 2.3076 Acc 0.1025 | Val Loss 2.3008 Acc 0.1129 AUC 0.5000 Pre 0.0113 Rec 0.1000
2026-08-30 02:23:40 | Diag logvar_q_mean=-0.9304 logvar_q_clamp=0.0000 logvar_p_mean=-0.9303 logvar_p_clamp=0.0000
2026-08-30 02:23:44 | Epoch 295/400 | Train Loss 2.3062 Acc 0.1040 | Val Loss 2.3008 Acc 0.1129 AUC 0.5000 Pre 0.0113 Rec 0.1000
2026-08-30 02:23:44 | Diag logvar_q_mean=-0.9331 logvar_q_clamp=0.0000 logvar_p_mean=-0.9331 logvar_p_clamp=0.0000
2026-08-30 02:23:48 | Epoch 296/400 | Train Loss 2.3067 Acc 0.1033 | Val Loss 2.3007 Acc 0.1129 AUC 0.5000 Pre 0.0113 Rec 0.1000
2026-08-30 02:23:48 | Diag logvar_q_mean=-0.9359 logvar_q_clamp=0.0000 logvar_p_mean=-0.9359 logvar_p_clamp=0.0000
2026-08-30 02:23:51 | Epoch 297/400 | Train Loss 2.3065 Acc 0.1024 | Val Loss 2.3008 Acc 0.1129 AUC 0.5000 Pre 0.0113 Rec 0.1000
2026-08-30 02:23:52 | Diag logvar_q_mean=-0.9386 logvar_q_clamp=0.0000 logvar_p_mean=-0.9386 logvar_p_clamp=0.0000
2026-08-30 02:23:55 | Epoch 298/400 | Train Loss 2.3066 Acc 0.1038 | Val Loss 2.3008 Acc 0.1129 AUC 0.5000 Pre 0.0113 Rec 0.1000
2026-08-30 02:23:56 | Diag logvar_q_mean=-0.9414 logvar_q_clamp=0.0000 logvar_p_mean=-0.9414 logvar_p_clamp=0.0000
2026-08-30 02:23:59 | Epoch 299/400 | Train Loss 2.3067 Acc 0.1044 | Val Loss 2.3008 Acc 0.1129 AUC 0.5000 Pre 0.0113 Rec 0.1000
2026-08-30 02:24:00 | Diag logvar_q_mean=-0.9442 logvar_q_clamp=0.0000 logvar_p_mean=-0.9442 logvar_p_clamp=0.0000
2026-08-30 02:24:03 | Epoch 300/400 | Train Loss 2.3060 Acc 0.1064 | Val Loss 2.3008 Acc 0.1129 AUC 0.5000 Pre 0.0113 Rec 0.1000
2026-08-30 02:24:03 | Diag logvar_q_mean=-0.9468 logvar_q_clamp=0.0000 logvar_p_mean=-0.9468 logvar_p_clamp=0.0000
2026-08-30 02:24:07 | Epoch 301/400 | Train Loss 2.3064 Acc 0.1049 | Val Loss 2.3008 Acc 0.1129 AUC 0.5000 Pre 0.0113 Rec 0.1000
2026-08-30 02:24:07 | Diag logvar_q_mean=-0.9495 logvar_q_clamp=0.0000 logvar_p_mean=-0.9495 logvar_p_clamp=0.0000
2026-08-30 02:24:11 | Epoch 302/400 | Train Loss 2.3063 Acc 0.1047 | Val Loss 2.3008 Acc 0.1129 AUC 0.5000 Pre 0.0113 Rec 0.1000
2026-08-30 02:24:11 | Diag logvar_q_mean=-0.9523 logvar_q_clamp=0.0000 logvar_p_mean=-0.9523 logvar_p_clamp=0.0000
2026-08-30 02:24:14 | Epoch 303/400 | Train Loss 2.3068 Acc 0.1029 | Val Loss 2.3008 Acc 0.1129 AUC 0.5000 Pre 0.0113 Rec 0.1000
2026-08-30 02:24:15 | Diag logvar_q_mean=-0.9551 logvar_q_clamp=0.0000 logvar_p_mean=-0.9551 logvar_p_clamp=0.0000
2026-08-30 02:24:18 | Epoch 304/400 | Train Loss 2.3076 Acc 0.1040 | Val Loss 2.3008 Acc 0.1129 AUC 0.5000 Pre 0.0113 Rec 0.1000
2026-08-30 02:24:19 | Diag logvar_q_mean=-0.9580 logvar_q_clamp=0.0000 logvar_p_mean=-0.9580 logvar_p_clamp=0.0000
2026-08-30 02:24:22 | Epoch 305/400 | Train Loss 2.3066 Acc 0.1043 | Val Loss 2.3007 Acc 0.1129 AUC 0.5000 Pre 0.0113 Rec 0.1000
2026-08-30 02:24:22 | Diag logvar_q_mean=-0.9608 logvar_q_clamp=0.0000 logvar_p_mean=-0.9608 logvar_p_clamp=0.0000
2026-08-30 02:24:25 | Epoch 306/400 | Train Loss 2.3055 Acc 0.1082 | Val Loss 2.3007 Acc 0.1129 AUC 0.5000 Pre 0.0113 Rec 0.1000
2026-08-30 02:24:26 | Diag logvar_q_mean=-0.9633 logvar_q_clamp=0.0000 logvar_p_mean=-0.9633 logvar_p_clamp=0.0000
2026-08-30 02:24:29 | Epoch 307/400 | Train Loss 2.3062 Acc 0.1052 | Val Loss 2.3008 Acc 0.1129 AUC 0.5000 Pre 0.0113 Rec 0.1000
2026-08-30 02:24:30 | Diag logvar_q_mean=-0.9660 logvar_q_clamp=0.0000 logvar_p_mean=-0.9660 logvar_p_clamp=0.0000
2026-08-30 02:24:33 | Epoch 308/400 | Train Loss 2.3066 Acc 0.1063 | Val Loss 2.3008 Acc 0.1129 AUC 0.5000 Pre 0.0113 Rec 0.1000
2026-08-30 02:24:33 | Diag logvar_q_mean=-0.9688 logvar_q_clamp=0.0000 logvar_p_mean=-0.9688 logvar_p_clamp=0.0000
2026-08-30 02:24:37 | Epoch 309/400 | Train Loss 2.3067 Acc 0.1054 | Val Loss 2.3008 Acc 0.1129 AUC 0.5000 Pre 0.0113 Rec 0.1000
2026-08-30 02:24:37 | Diag logvar_q_mean=-0.9715 logvar_q_clamp=0.0000 logvar_p_mean=-0.9716 logvar_p_clamp=0.0000
2026-08-30 02:24:40 | Epoch 310/400 | Train Loss 2.3068 Acc 0.1054 | Val Loss 2.3008 Acc 0.1129 AUC 0.5000 Pre 0.0113 Rec 0.1000
2026-08-30 02:24:41 | Diag logvar_q_mean=-0.9743 logvar_q_clamp=0.0000 logvar_p_mean=-0.9743 logvar_p_clamp=0.0000
2026-08-30 02:24:44 | Epoch 311/400 | Train Loss 2.3064 Acc 0.1048 | Val Loss 2.3008 Acc 0.1129 AUC 0.5000 Pre 0.0113 Rec 0.1000
2026-08-30 02:24:45 | Diag logvar_q_mean=-0.9770 logvar_q_clamp=0.0000 logvar_p_mean=-0.9770 logvar_p_clamp=0.0000
2026-08-30 02:24:48 | Epoch 312/400 | Train Loss 2.3065 Acc 0.1051 | Val Loss 2.3007 Acc 0.1129 AUC 0.5000 Pre 0.0113 Rec 0.1000
2026-08-30 02:24:48 | Diag logvar_q_mean=-0.9797 logvar_q_clamp=0.0000 logvar_p_mean=-0.9797 logvar_p_clamp=0.0000
2026-08-30 02:24:52 | Epoch 313/400 | Train Loss 2.3061 Acc 0.1049 | Val Loss 2.3008 Acc 0.1129 AUC 0.5000 Pre 0.0113 Rec 0.1000
2026-08-30 02:24:52 | Diag logvar_q_mean=-0.9823 logvar_q_clamp=0.0000 logvar_p_mean=-0.9823 logvar_p_clamp=0.0000
2026-08-30 02:24:55 | Epoch 314/400 | Train Loss 2.3066 Acc 0.1042 | Val Loss 2.3007 Acc 0.1129 AUC 0.5000 Pre 0.0113 Rec 0.1000
2026-08-30 02:24:56 | Diag logvar_q_mean=-0.9851 logvar_q_clamp=0.0000 logvar_p_mean=-0.9851 logvar_p_clamp=0.0000
2026-08-30 02:24:59 | Epoch 315/400 | Train Loss 2.3058 Acc 0.1027 | Val Loss 2.3008 Acc 0.1129 AUC 0.5000 Pre 0.0113 Rec 0.1000
2026-08-30 02:25:00 | Diag logvar_q_mean=-0.9877 logvar_q_clamp=0.0000 logvar_p_mean=-0.9877 logvar_p_clamp=0.0000
2026-08-30 02:25:03 | Epoch 316/400 | Train Loss 2.3068 Acc 0.1048 | Val Loss 2.3008 Acc 0.1129 AUC 0.5000 Pre 0.0113 Rec 0.1000
2026-08-30 02:25:03 | Diag logvar_q_mean=-0.9904 logvar_q_clamp=0.0000 logvar_p_mean=-0.9904 logvar_p_clamp=0.0000
2026-08-30 02:25:07 | Epoch 317/400 | Train Loss 2.3058 Acc 0.1076 | Val Loss 2.3008 Acc 0.1129 AUC 0.5000 Pre 0.0113 Rec 0.1000
2026-08-30 02:25:07 | Diag logvar_q_mean=-0.9930 logvar_q_clamp=0.0000 logvar_p_mean=-0.9930 logvar_p_clamp=0.0000
2026-08-30 02:25:10 | Epoch 318/400 | Train Loss 2.3064 Acc 0.1043 | Val Loss 2.3008 Acc 0.1129 AUC 0.5000 Pre 0.0113 Rec 0.1000
2026-08-30 02:25:11 | Diag logvar_q_mean=-0.9957 logvar_q_clamp=0.0000 logvar_p_mean=-0.9957 logvar_p_clamp=0.0000
2026-08-30 02:25:14 | Epoch 319/400 | Train Loss 2.3069 Acc 0.1044 | Val Loss 2.3008 Acc 0.1129 AUC 0.5000 Pre 0.0113 Rec 0.1000
2026-08-30 02:25:15 | Diag logvar_q_mean=-0.9985 logvar_q_clamp=0.0000 logvar_p_mean=-0.9985 logvar_p_clamp=0.0000
2026-08-30 02:25:18 | Epoch 320/400 | Train Loss 2.3061 Acc 0.1072 | Val Loss 2.3008 Acc 0.1129 AUC 0.5000 Pre 0.0113 Rec 0.1000
2026-08-30 02:25:19 | Diag logvar_q_mean=-1.0011 logvar_q_clamp=0.0000 logvar_p_mean=-1.0011 logvar_p_clamp=0.0000
2026-08-30 02:25:22 | Epoch 321/400 | Train Loss 2.3056 Acc 0.1048 | Val Loss 2.3008 Acc 0.1129 AUC 0.5000 Pre 0.0113 Rec 0.1000
2026-08-30 02:25:22 | Diag logvar_q_mean=-1.0037 logvar_q_clamp=0.0000 logvar_p_mean=-1.0037 logvar_p_clamp=0.0000
2026-08-30 02:25:26 | Epoch 322/400 | Train Loss 2.3064 Acc 0.1063 | Val Loss 2.3008 Acc 0.1129 AUC 0.5000 Pre 0.0113 Rec 0.1000
2026-08-30 02:25:26 | Diag logvar_q_mean=-1.0064 logvar_q_clamp=0.0000 logvar_p_mean=-1.0064 logvar_p_clamp=0.0000
2026-08-30 02:25:30 | Epoch 323/400 | Train Loss 2.3063 Acc 0.1061 | Val Loss 2.3008 Acc 0.1129 AUC 0.5000 Pre 0.0113 Rec 0.1000
2026-08-30 02:25:30 | Diag logvar_q_mean=-1.0091 logvar_q_clamp=0.0000 logvar_p_mean=-1.0091 logvar_p_clamp=0.0000
2026-08-30 02:25:33 | Epoch 324/400 | Train Loss 2.3067 Acc 0.1044 | Val Loss 2.3008 Acc 0.1129 AUC 0.5000 Pre 0.0113 Rec 0.1000
2026-08-30 02:25:34 | Diag logvar_q_mean=-1.0119 logvar_q_clamp=0.0000 logvar_p_mean=-1.0119 logvar_p_clamp=0.0000
2026-08-30 02:25:37 | Epoch 325/400 | Train Loss 2.3066 Acc 0.1054 | Val Loss 2.3008 Acc 0.1129 AUC 0.5000 Pre 0.0113 Rec 0.1000
2026-08-30 02:25:38 | Diag logvar_q_mean=-1.0146 logvar_q_clamp=0.0000 logvar_p_mean=-1.0146 logvar_p_clamp=0.0000
2026-08-30 02:25:41 | Epoch 326/400 | Train Loss 2.3063 Acc 0.1047 | Val Loss 2.3008 Acc 0.1129 AUC 0.5000 Pre 0.0113 Rec 0.1000
2026-08-30 02:25:41 | Diag logvar_q_mean=-1.0173 logvar_q_clamp=0.0000 logvar_p_mean=-1.0173 logvar_p_clamp=0.0000
2026-08-30 02:25:45 | Epoch 327/400 | Train Loss 2.3066 Acc 0.1035 | Val Loss 2.3008 Acc 0.1129 AUC 0.5000 Pre 0.0113 Rec 0.1000
2026-08-30 02:25:45 | Diag logvar_q_mean=-1.0201 logvar_q_clamp=0.0000 logvar_p_mean=-1.0201 logvar_p_clamp=0.0000
2026-08-30 02:25:49 | Epoch 328/400 | Train Loss 2.3063 Acc 0.1066 | Val Loss 2.3007 Acc 0.1129 AUC 0.5000 Pre 0.0113 Rec 0.1000
2026-08-30 02:25:49 | Diag logvar_q_mean=-1.0227 logvar_q_clamp=0.0000 logvar_p_mean=-1.0227 logvar_p_clamp=0.0000
2026-08-30 02:25:52 | Epoch 329/400 | Train Loss 2.3066 Acc 0.1048 | Val Loss 2.3008 Acc 0.1129 AUC 0.5000 Pre 0.0113 Rec 0.1000
2026-08-30 02:25:53 | Diag logvar_q_mean=-1.0254 logvar_q_clamp=0.0000 logvar_p_mean=-1.0254 logvar_p_clamp=0.0000
2026-08-30 02:25:56 | Epoch 330/400 | Train Loss 2.3062 Acc 0.1038 | Val Loss 2.3008 Acc 0.1129 AUC 0.5000 Pre 0.0113 Rec 0.1000
2026-08-30 02:25:57 | Diag logvar_q_mean=-1.0280 logvar_q_clamp=0.0000 logvar_p_mean=-1.0280 logvar_p_clamp=0.0000
2026-08-30 02:26:00 | Epoch 331/400 | Train Loss 2.3064 Acc 0.1060 | Val Loss 2.3008 Acc 0.1129 AUC 0.5000 Pre 0.0113 Rec 0.1000
2026-08-30 02:26:01 | Diag logvar_q_mean=-1.0306 logvar_q_clamp=0.0000 logvar_p_mean=-1.0306 logvar_p_clamp=0.0000
2026-08-30 02:26:04 | Epoch 332/400 | Train Loss 2.3065 Acc 0.1050 | Val Loss 2.3008 Acc 0.1129 AUC 0.5000 Pre 0.0113 Rec 0.1000
2026-08-30 02:26:05 | Diag logvar_q_mean=-1.0333 logvar_q_clamp=0.0000 logvar_p_mean=-1.0333 logvar_p_clamp=0.0000
2026-08-30 02:26:08 | Epoch 333/400 | Train Loss 2.3066 Acc 0.1039 | Val Loss 2.3008 Acc 0.1129 AUC 0.5000 Pre 0.0113 Rec 0.1000
2026-08-30 02:26:08 | Diag logvar_q_mean=-1.0360 logvar_q_clamp=0.0000 logvar_p_mean=-1.0360 logvar_p_clamp=0.0000
2026-08-30 02:26:12 | Epoch 334/400 | Train Loss 2.3062 Acc 0.1024 | Val Loss 2.3008 Acc 0.1129 AUC 0.5000 Pre 0.0113 Rec 0.1000
2026-08-30 02:26:12 | Diag logvar_q_mean=-1.0386 logvar_q_clamp=0.0000 logvar_p_mean=-1.0386 logvar_p_clamp=0.0000
2026-08-30 02:26:15 | Epoch 335/400 | Train Loss 2.3069 Acc 0.1065 | Val Loss 2.3007 Acc 0.1129 AUC 0.5000 Pre 0.0113 Rec 0.1000
2026-08-30 02:26:16 | Diag logvar_q_mean=-1.0414 logvar_q_clamp=0.0000 logvar_p_mean=-1.0414 logvar_p_clamp=0.0000
2026-08-30 02:26:19 | Epoch 336/400 | Train Loss 2.3054 Acc 0.1057 | Val Loss 2.3008 Acc 0.1129 AUC 0.5000 Pre 0.0113 Rec 0.1000
2026-08-30 02:26:20 | Diag logvar_q_mean=-1.0438 logvar_q_clamp=0.0000 logvar_p_mean=-1.0438 logvar_p_clamp=0.0000
2026-08-30 02:26:23 | Epoch 337/400 | Train Loss 2.3064 Acc 0.1053 | Val Loss 2.3008 Acc 0.1129 AUC 0.5000 Pre 0.0113 Rec 0.1000
2026-08-30 02:26:24 | Diag logvar_q_mean=-1.0465 logvar_q_clamp=0.0000 logvar_p_mean=-1.0465 logvar_p_clamp=0.0000
2026-08-30 02:26:27 | Epoch 338/400 | Train Loss 2.3057 Acc 0.1031 | Val Loss 2.3008 Acc 0.1129 AUC 0.5000 Pre 0.0113 Rec 0.1000
2026-08-30 02:26:27 | Diag logvar_q_mean=-1.0490 logvar_q_clamp=0.0000 logvar_p_mean=-1.0490 logvar_p_clamp=0.0000
2026-08-30 02:26:31 | Epoch 339/400 | Train Loss 2.3056 Acc 0.1060 | Val Loss 2.3008 Acc 0.1129 AUC 0.5000 Pre 0.0113 Rec 0.1000
2026-08-30 02:26:31 | Diag logvar_q_mean=-1.0515 logvar_q_clamp=0.0000 logvar_p_mean=-1.0515 logvar_p_clamp=0.0000
2026-08-30 02:26:35 | Epoch 340/400 | Train Loss 2.3066 Acc 0.1057 | Val Loss 2.3008 Acc 0.1129 AUC 0.5000 Pre 0.0113 Rec 0.1000
2026-08-30 02:26:35 | Diag logvar_q_mean=-1.0543 logvar_q_clamp=0.0000 logvar_p_mean=-1.0543 logvar_p_clamp=0.0000
2026-08-30 02:26:39 | Epoch 341/400 | Train Loss 2.3068 Acc 0.1050 | Val Loss 2.3008 Acc 0.1129 AUC 0.5000 Pre 0.0113 Rec 0.1000
2026-08-30 02:26:39 | Diag logvar_q_mean=-1.0571 logvar_q_clamp=0.0000 logvar_p_mean=-1.0571 logvar_p_clamp=0.0000
2026-08-30 02:26:42 | Epoch 342/400 | Train Loss 2.3058 Acc 0.1050 | Val Loss 2.3008 Acc 0.1129 AUC 0.5000 Pre 0.0113 Rec 0.1000
2026-08-30 02:26:43 | Diag logvar_q_mean=-1.0596 logvar_q_clamp=0.0000 logvar_p_mean=-1.0596 logvar_p_clamp=0.0000
2026-08-30 02:26:46 | Epoch 343/400 | Train Loss 2.3059 Acc 0.1064 | Val Loss 2.3008 Acc 0.1129 AUC 0.5000 Pre 0.0113 Rec 0.1000
2026-08-30 02:26:47 | Diag logvar_q_mean=-1.0621 logvar_q_clamp=0.0000 logvar_p_mean=-1.0621 logvar_p_clamp=0.0000
2026-08-30 02:26:50 | Epoch 344/400 | Train Loss 2.3063 Acc 0.1049 | Val Loss 2.3008 Acc 0.1129 AUC 0.5000 Pre 0.0113 Rec 0.1000
2026-08-30 02:26:50 | Diag logvar_q_mean=-1.0648 logvar_q_clamp=0.0000 logvar_p_mean=-1.0648 logvar_p_clamp=0.0000
2026-08-30 02:26:54 | Epoch 345/400 | Train Loss 2.3063 Acc 0.1047 | Val Loss 2.3008 Acc 0.1129 AUC 0.5000 Pre 0.0113 Rec 0.1000
2026-08-30 02:26:54 | Diag logvar_q_mean=-1.0675 logvar_q_clamp=0.0000 logvar_p_mean=-1.0675 logvar_p_clamp=0.0000
2026-08-30 02:26:58 | Epoch 346/400 | Train Loss 2.3059 Acc 0.1067 | Val Loss 2.3008 Acc 0.1129 AUC 0.5000 Pre 0.0113 Rec 0.1000
2026-08-30 02:26:58 | Diag logvar_q_mean=-1.0700 logvar_q_clamp=0.0000 logvar_p_mean=-1.0700 logvar_p_clamp=0.0000
2026-08-30 02:27:01 | Epoch 347/400 | Train Loss 2.3066 Acc 0.1058 | Val Loss 2.3008 Acc 0.1129 AUC 0.5000 Pre 0.0113 Rec 0.1000
2026-08-30 02:27:02 | Diag logvar_q_mean=-1.0726 logvar_q_clamp=0.0000 logvar_p_mean=-1.0726 logvar_p_clamp=0.0000
2026-08-30 02:27:05 | Epoch 348/400 | Train Loss 2.3064 Acc 0.1054 | Val Loss 2.3008 Acc 0.1129 AUC 0.5000 Pre 0.0113 Rec 0.1000
2026-08-30 02:27:06 | Diag logvar_q_mean=-1.0753 logvar_q_clamp=0.0000 logvar_p_mean=-1.0753 logvar_p_clamp=0.0000
2026-08-30 02:27:09 | Epoch 349/400 | Train Loss 2.3055 Acc 0.1046 | Val Loss 2.3008 Acc 0.1129 AUC 0.5000 Pre 0.0113 Rec 0.1000
2026-08-30 02:27:10 | Diag logvar_q_mean=-1.0777 logvar_q_clamp=0.0000 logvar_p_mean=-1.0777 logvar_p_clamp=0.0000
2026-08-30 02:27:13 | Epoch 350/400 | Train Loss 2.3063 Acc 0.1045 | Val Loss 2.3007 Acc 0.1129 AUC 0.5000 Pre 0.0113 Rec 0.1000
2026-08-30 02:27:13 | Diag logvar_q_mean=-1.0803 logvar_q_clamp=0.0000 logvar_p_mean=-1.0803 logvar_p_clamp=0.0000
2026-08-30 02:27:17 | Epoch 351/400 | Train Loss 2.3062 Acc 0.1051 | Val Loss 2.3008 Acc 0.1129 AUC 0.5000 Pre 0.0113 Rec 0.1000
2026-08-30 02:27:17 | Diag logvar_q_mean=-1.0829 logvar_q_clamp=0.0000 logvar_p_mean=-1.0829 logvar_p_clamp=0.0000
2026-08-30 02:27:21 | Epoch 352/400 | Train Loss 2.3065 Acc 0.1049 | Val Loss 2.3008 Acc 0.1129 AUC 0.5000 Pre 0.0113 Rec 0.1000
2026-08-30 02:27:21 | Diag logvar_q_mean=-1.0856 logvar_q_clamp=0.0000 logvar_p_mean=-1.0856 logvar_p_clamp=0.0000
2026-08-30 02:27:24 | Epoch 353/400 | Train Loss 2.3062 Acc 0.1046 | Val Loss 2.3008 Acc 0.1129 AUC 0.5000 Pre 0.0113 Rec 0.1000
2026-08-30 02:27:25 | Diag logvar_q_mean=-1.0882 logvar_q_clamp=0.0000 logvar_p_mean=-1.0882 logvar_p_clamp=0.0000
2026-08-30 02:27:28 | Epoch 354/400 | Train Loss 2.3065 Acc 0.1033 | Val Loss 2.3008 Acc 0.1129 AUC 0.5000 Pre 0.0113 Rec 0.1000
2026-08-30 02:27:29 | Diag logvar_q_mean=-1.0908 logvar_q_clamp=0.0000 logvar_p_mean=-1.0908 logvar_p_clamp=0.0000
2026-08-30 02:27:32 | Epoch 355/400 | Train Loss 2.3069 Acc 0.1024 | Val Loss 2.3008 Acc 0.1129 AUC 0.5000 Pre 0.0113 Rec 0.1000
2026-08-30 02:27:33 | Diag logvar_q_mean=-1.0935 logvar_q_clamp=0.0000 logvar_p_mean=-1.0935 logvar_p_clamp=0.0000
2026-08-30 02:27:36 | Epoch 356/400 | Train Loss 2.3061 Acc 0.1066 | Val Loss 2.3008 Acc 0.1129 AUC 0.5000 Pre 0.0113 Rec 0.1000
2026-08-30 02:27:36 | Diag logvar_q_mean=-1.0961 logvar_q_clamp=0.0000 logvar_p_mean=-1.0961 logvar_p_clamp=0.0000
2026-08-30 02:27:40 | Epoch 357/400 | Train Loss 2.3062 Acc 0.1062 | Val Loss 2.3008 Acc 0.1129 AUC 0.5000 Pre 0.0113 Rec 0.1000
2026-08-30 02:27:40 | Diag logvar_q_mean=-1.0986 logvar_q_clamp=0.0000 logvar_p_mean=-1.0986 logvar_p_clamp=0.0000
2026-08-30 02:27:43 | Epoch 358/400 | Train Loss 2.3059 Acc 0.1054 | Val Loss 2.3008 Acc 0.1129 AUC 0.5000 Pre 0.0113 Rec 0.1000
2026-08-30 02:27:44 | Diag logvar_q_mean=-1.1011 logvar_q_clamp=0.0000 logvar_p_mean=-1.1011 logvar_p_clamp=0.0000
2026-08-30 02:27:47 | Epoch 359/400 | Train Loss 2.3062 Acc 0.1050 | Val Loss 2.3008 Acc 0.1129 AUC 0.5000 Pre 0.0113 Rec 0.1000
2026-08-30 02:27:48 | Diag logvar_q_mean=-1.1037 logvar_q_clamp=0.0000 logvar_p_mean=-1.1037 logvar_p_clamp=0.0000
2026-08-30 02:27:51 | Epoch 360/400 | Train Loss 2.3067 Acc 0.1029 | Val Loss 2.3008 Acc 0.1129 AUC 0.5000 Pre 0.0113 Rec 0.1000
2026-08-30 02:27:52 | Diag logvar_q_mean=-1.1064 logvar_q_clamp=0.0000 logvar_p_mean=-1.1064 logvar_p_clamp=0.0000
2026-08-30 02:27:55 | Epoch 361/400 | Train Loss 2.3062 Acc 0.1051 | Val Loss 2.3007 Acc 0.1129 AUC 0.5000 Pre 0.0113 Rec 0.1000
2026-08-30 02:27:55 | Diag logvar_q_mean=-1.1090 logvar_q_clamp=0.0000 logvar_p_mean=-1.1090 logvar_p_clamp=0.0000
2026-08-30 02:27:59 | Epoch 362/400 | Train Loss 2.3065 Acc 0.1008 | Val Loss 2.3007 Acc 0.1129 AUC 0.5000 Pre 0.0113 Rec 0.1000
2026-08-30 02:27:59 | Diag logvar_q_mean=-1.1114 logvar_q_clamp=0.0000 logvar_p_mean=-1.1114 logvar_p_clamp=0.0000
2026-08-30 02:28:02 | Epoch 363/400 | Train Loss 2.3058 Acc 0.1041 | Val Loss 2.3008 Acc 0.1129 AUC 0.5000 Pre 0.0113 Rec 0.1000
2026-08-30 02:28:03 | Diag logvar_q_mean=-1.1138 logvar_q_clamp=0.0000 logvar_p_mean=-1.1138 logvar_p_clamp=0.0000
2026-08-30 02:28:06 | Epoch 364/400 | Train Loss 2.3061 Acc 0.1047 | Val Loss 2.3007 Acc 0.1129 AUC 0.5000 Pre 0.0113 Rec 0.1000
2026-08-30 02:28:07 | Diag logvar_q_mean=-1.1163 logvar_q_clamp=0.0000 logvar_p_mean=-1.1163 logvar_p_clamp=0.0000
2026-08-30 02:28:10 | Epoch 365/400 | Train Loss 2.3062 Acc 0.1050 | Val Loss 2.3008 Acc 0.1129 AUC 0.5000 Pre 0.0113 Rec 0.1000
2026-08-30 02:28:11 | Diag logvar_q_mean=-1.1189 logvar_q_clamp=0.0000 logvar_p_mean=-1.1189 logvar_p_clamp=0.0000
2026-08-30 02:28:14 | Epoch 366/400 | Train Loss 2.3062 Acc 0.1048 | Val Loss 2.3007 Acc 0.1129 AUC 0.5000 Pre 0.0113 Rec 0.1000
2026-08-30 02:28:14 | Diag logvar_q_mean=-1.1215 logvar_q_clamp=0.0000 logvar_p_mean=-1.1215 logvar_p_clamp=0.0000
2026-08-30 02:28:18 | Epoch 367/400 | Train Loss 2.3060 Acc 0.1034 | Val Loss 2.3008 Acc 0.1129 AUC 0.5000 Pre 0.0113 Rec 0.1000
2026-08-30 02:28:18 | Diag logvar_q_mean=-1.1240 logvar_q_clamp=0.0000 logvar_p_mean=-1.1240 logvar_p_clamp=0.0000
2026-08-30 02:28:21 | Epoch 368/400 | Train Loss 2.3067 Acc 0.1025 | Val Loss 2.3008 Acc 0.1129 AUC 0.5000 Pre 0.0113 Rec 0.1000
2026-08-30 02:28:22 | Diag logvar_q_mean=-1.1266 logvar_q_clamp=0.0000 logvar_p_mean=-1.1266 logvar_p_clamp=0.0000
2026-08-30 02:28:25 | Epoch 369/400 | Train Loss 2.3061 Acc 0.1042 | Val Loss 2.3008 Acc 0.1129 AUC 0.5000 Pre 0.0113 Rec 0.1000
2026-08-30 02:28:26 | Diag logvar_q_mean=-1.1292 logvar_q_clamp=0.0000 logvar_p_mean=-1.1292 logvar_p_clamp=0.0000
2026-08-30 02:28:29 | Epoch 370/400 | Train Loss 2.3062 Acc 0.1057 | Val Loss 2.3009 Acc 0.1129 AUC 0.5000 Pre 0.0113 Rec 0.1000
2026-08-30 02:28:29 | Diag logvar_q_mean=-1.1317 logvar_q_clamp=0.0000 logvar_p_mean=-1.1317 logvar_p_clamp=0.0000
2026-08-30 02:28:33 | Epoch 371/400 | Train Loss 2.3064 Acc 0.1046 | Val Loss 2.3008 Acc 0.1129 AUC 0.5000 Pre 0.0113 Rec 0.1000
2026-08-30 02:28:33 | Diag logvar_q_mean=-1.1343 logvar_q_clamp=0.0000 logvar_p_mean=-1.1342 logvar_p_clamp=0.0000
2026-08-30 02:28:36 | Epoch 372/400 | Train Loss 2.3063 Acc 0.1042 | Val Loss 2.3008 Acc 0.1129 AUC 0.5000 Pre 0.0113 Rec 0.1000
2026-08-30 02:28:37 | Diag logvar_q_mean=-1.1369 logvar_q_clamp=0.0000 logvar_p_mean=-1.1368 logvar_p_clamp=0.0000
2026-08-30 02:28:40 | Epoch 373/400 | Train Loss 2.3066 Acc 0.1041 | Val Loss 2.3007 Acc 0.1129 AUC 0.5000 Pre 0.0113 Rec 0.1000
2026-08-30 02:28:41 | Diag logvar_q_mean=-1.1395 logvar_q_clamp=0.0000 logvar_p_mean=-1.1395 logvar_p_clamp=0.0000
2026-08-30 02:28:44 | Epoch 374/400 | Train Loss 2.3056 Acc 0.1039 | Val Loss 2.3008 Acc 0.1129 AUC 0.5000 Pre 0.0113 Rec 0.1000
2026-08-30 02:28:45 | Diag logvar_q_mean=-1.1419 logvar_q_clamp=0.0000 logvar_p_mean=-1.1419 logvar_p_clamp=0.0000
2026-08-30 02:28:48 | Epoch 375/400 | Train Loss 2.3062 Acc 0.1033 | Val Loss 2.3008 Acc 0.1129 AUC 0.5000 Pre 0.0113 Rec 0.1000
2026-08-30 02:28:48 | Diag logvar_q_mean=-1.1444 logvar_q_clamp=0.0000 logvar_p_mean=-1.1444 logvar_p_clamp=0.0000
2026-08-30 02:28:52 | Epoch 376/400 | Train Loss 2.3063 Acc 0.1044 | Val Loss 2.3008 Acc 0.1129 AUC 0.5000 Pre 0.0113 Rec 0.1000
2026-08-30 02:28:52 | Diag logvar_q_mean=-1.1470 logvar_q_clamp=0.0000 logvar_p_mean=-1.1470 logvar_p_clamp=0.0000
2026-08-30 02:28:55 | Epoch 377/400 | Train Loss 2.3065 Acc 0.1031 | Val Loss 2.3008 Acc 0.1129 AUC 0.5000 Pre 0.0113 Rec 0.1000
2026-08-30 02:28:56 | Diag logvar_q_mean=-1.1495 logvar_q_clamp=0.0000 logvar_p_mean=-1.1495 logvar_p_clamp=0.0000
2026-08-30 02:28:59 | Epoch 378/400 | Train Loss 2.3055 Acc 0.1049 | Val Loss 2.3008 Acc 0.1129 AUC 0.5000 Pre 0.0113 Rec 0.1000
2026-08-30 02:29:00 | Diag logvar_q_mean=-1.1520 logvar_q_clamp=0.0000 logvar_p_mean=-1.1520 logvar_p_clamp=0.0000
2026-08-30 02:29:03 | Epoch 379/400 | Train Loss 2.3061 Acc 0.1046 | Val Loss 2.3008 Acc 0.1129 AUC 0.5000 Pre 0.0113 Rec 0.1000
2026-08-30 02:29:03 | Diag logvar_q_mean=-1.1545 logvar_q_clamp=0.0000 logvar_p_mean=-1.1545 logvar_p_clamp=0.0000
2026-08-30 02:29:07 | Epoch 380/400 | Train Loss 2.3051 Acc 0.1065 | Val Loss 2.3008 Acc 0.1129 AUC 0.5000 Pre 0.0113 Rec 0.1000
2026-08-30 02:29:07 | Diag logvar_q_mean=-1.1568 logvar_q_clamp=0.0000 logvar_p_mean=-1.1568 logvar_p_clamp=0.0000
2026-08-30 02:29:11 | Epoch 381/400 | Train Loss 2.3068 Acc 0.1045 | Val Loss 2.3008 Acc 0.1129 AUC 0.5000 Pre 0.0113 Rec 0.1000
2026-08-30 02:29:11 | Diag logvar_q_mean=-1.1595 logvar_q_clamp=0.0000 logvar_p_mean=-1.1596 logvar_p_clamp=0.0000
2026-08-30 02:29:14 | Epoch 382/400 | Train Loss 2.3059 Acc 0.1041 | Val Loss 2.3008 Acc 0.1129 AUC 0.5000 Pre 0.0113 Rec 0.1000
2026-08-30 02:29:15 | Diag logvar_q_mean=-1.1620 logvar_q_clamp=0.0000 logvar_p_mean=-1.1620 logvar_p_clamp=0.0000
2026-08-30 02:29:18 | Epoch 383/400 | Train Loss 2.3062 Acc 0.1040 | Val Loss 2.3008 Acc 0.1129 AUC 0.5000 Pre 0.0113 Rec 0.1000
2026-08-30 02:29:18 | Diag logvar_q_mean=-1.1645 logvar_q_clamp=0.0000 logvar_p_mean=-1.1645 logvar_p_clamp=0.0000
2026-08-30 02:29:22 | Epoch 384/400 | Train Loss 2.3060 Acc 0.1032 | Val Loss 2.3008 Acc 0.1129 AUC 0.5000 Pre 0.0113 Rec 0.1000
2026-08-30 02:29:22 | Diag logvar_q_mean=-1.1671 logvar_q_clamp=0.0000 logvar_p_mean=-1.1670 logvar_p_clamp=0.0000
2026-08-30 02:29:26 | Epoch 385/400 | Train Loss 2.3066 Acc 0.1047 | Val Loss 2.3007 Acc 0.1129 AUC 0.5000 Pre 0.0113 Rec 0.1000
2026-08-30 02:29:26 | Diag logvar_q_mean=-1.1696 logvar_q_clamp=0.0000 logvar_p_mean=-1.1696 logvar_p_clamp=0.0000
2026-08-30 02:29:29 | Epoch 386/400 | Train Loss 2.3060 Acc 0.1046 | Val Loss 2.3008 Acc 0.1129 AUC 0.5000 Pre 0.0113 Rec 0.1000
2026-08-30 02:29:30 | Diag logvar_q_mean=-1.1721 logvar_q_clamp=0.0000 logvar_p_mean=-1.1721 logvar_p_clamp=0.0000
2026-08-30 02:29:33 | Epoch 387/400 | Train Loss 2.3053 Acc 0.1055 | Val Loss 2.3008 Acc 0.1129 AUC 0.5000 Pre 0.0113 Rec 0.1000
2026-08-30 02:29:34 | Diag logvar_q_mean=-1.1744 logvar_q_clamp=0.0000 logvar_p_mean=-1.1744 logvar_p_clamp=0.0000
2026-08-30 02:29:37 | Epoch 388/400 | Train Loss 2.3063 Acc 0.1047 | Val Loss 2.3008 Acc 0.1129 AUC 0.5000 Pre 0.0113 Rec 0.1000
2026-08-30 02:29:38 | Diag logvar_q_mean=-1.1770 logvar_q_clamp=0.0000 logvar_p_mean=-1.1770 logvar_p_clamp=0.0000
2026-08-30 02:29:41 | Epoch 389/400 | Train Loss 2.3061 Acc 0.1045 | Val Loss 2.3008 Acc 0.1129 AUC 0.5000 Pre 0.0113 Rec 0.1000
2026-08-30 02:29:42 | Diag logvar_q_mean=-1.1795 logvar_q_clamp=0.0000 logvar_p_mean=-1.1795 logvar_p_clamp=0.0000
2026-08-30 02:29:45 | Epoch 390/400 | Train Loss 2.3055 Acc 0.1045 | Val Loss 2.3008 Acc 0.1129 AUC 0.5000 Pre 0.0113 Rec 0.1000
2026-08-30 02:29:45 | Diag logvar_q_mean=-1.1819 logvar_q_clamp=0.0000 logvar_p_mean=-1.1818 logvar_p_clamp=0.0000
2026-08-30 02:29:49 | Epoch 391/400 | Train Loss 2.3055 Acc 0.1040 | Val Loss 2.3008 Acc 0.1129 AUC 0.5000 Pre 0.0113 Rec 0.1000
2026-08-30 02:29:49 | Diag logvar_q_mean=-1.1843 logvar_q_clamp=0.0000 logvar_p_mean=-1.1843 logvar_p_clamp=0.0000
2026-08-30 02:29:52 | Epoch 392/400 | Train Loss 2.3061 Acc 0.1039 | Val Loss 2.3008 Acc 0.1129 AUC 0.5000 Pre 0.0113 Rec 0.1000
2026-08-30 02:29:53 | Diag logvar_q_mean=-1.1868 logvar_q_clamp=0.0000 logvar_p_mean=-1.1868 logvar_p_clamp=0.0000
2026-08-30 02:29:56 | Epoch 393/400 | Train Loss 2.3062 Acc 0.1032 | Val Loss 2.3008 Acc 0.1129 AUC 0.5000 Pre 0.0113 Rec 0.1000
2026-08-30 02:29:57 | Diag logvar_q_mean=-1.1893 logvar_q_clamp=0.0000 logvar_p_mean=-1.1893 logvar_p_clamp=0.0000
2026-08-30 02:30:00 | Epoch 394/400 | Train Loss 2.3059 Acc 0.1051 | Val Loss 2.3007 Acc 0.1129 AUC 0.5000 Pre 0.0113 Rec 0.1000
2026-08-30 02:30:00 | Diag logvar_q_mean=-1.1918 logvar_q_clamp=0.0000 logvar_p_mean=-1.1918 logvar_p_clamp=0.0000
2026-08-30 02:30:04 | Epoch 395/400 | Train Loss 2.3057 Acc 0.1081 | Val Loss 2.3008 Acc 0.1129 AUC 0.5000 Pre 0.0113 Rec 0.1000
2026-08-30 02:30:04 | Diag logvar_q_mean=-1.1942 logvar_q_clamp=0.0000 logvar_p_mean=-1.1941 logvar_p_clamp=0.0000
2026-08-30 02:30:07 | Epoch 396/400 | Train Loss 2.3059 Acc 0.1054 | Val Loss 2.3008 Acc 0.1129 AUC 0.5000 Pre 0.0113 Rec 0.1000
2026-08-30 02:30:08 | Diag logvar_q_mean=-1.1966 logvar_q_clamp=0.0000 logvar_p_mean=-1.1967 logvar_p_clamp=0.0000
2026-08-30 02:30:11 | Epoch 397/400 | Train Loss 2.3059 Acc 0.1063 | Val Loss 2.3007 Acc 0.1129 AUC 0.5000 Pre 0.0113 Rec 0.1000
2026-08-30 02:30:12 | Diag logvar_q_mean=-1.1991 logvar_q_clamp=0.0000 logvar_p_mean=-1.1991 logvar_p_clamp=0.0000
2026-08-30 02:30:15 | Epoch 398/400 | Train Loss 2.3062 Acc 0.1062 | Val Loss 2.3008 Acc 0.1129 AUC 0.5000 Pre 0.0113 Rec 0.1000
2026-08-30 02:30:15 | Diag logvar_q_mean=-1.2014 logvar_q_clamp=0.0000 logvar_p_mean=-1.2014 logvar_p_clamp=0.0000
2026-08-30 02:30:19 | Epoch 399/400 | Train Loss 2.3063 Acc 0.1038 | Val Loss 2.3008 Acc 0.1129 AUC 0.5000 Pre 0.0113 Rec 0.1000
2026-08-30 02:30:19 | Diag logvar_q_mean=-1.2040 logvar_q_clamp=0.0000 logvar_p_mean=-1.2040 logvar_p_clamp=0.0000
2026-08-30 02:30:23 | Epoch 400/400 | Train Loss 2.3055 Acc 0.1070 | Val Loss 2.3008 Acc 0.1129 AUC 0.5000 Pre 0.0113 Rec 0.1000
2026-08-30 02:30:23 | Diag logvar_q_mean=-1.2063 logvar_q_clamp=0.0000 logvar_p_mean=-1.2063 logvar_p_clamp=0.0000
2026-08-30 02:30:24 | Run 5/5 | Test (best model @ Epoch 1) | Loss 2.3016 Acc 0.1135 AUC 0.5000 Pre 0.0114 Rec 0.1000
2026-08-30 02:30:24 | Average over 5 runs | Test Loss 2.3018±0.0003 Acc 0.1064±0.0066 AUC 0.5000±0.0000 Pre 0.0106±0.0007 Rec 0.1000±0.0000
