config,run,norm,eps,acc,succ
mnist_mlp,1,none,0,0.981000,
mnist_mlp,1,linf,0.05,0.925000,0.057085
mnist_mlp,1,linf,0.1,0.777000,0.207951
mnist_mlp,1,linf,0.15,0.484000,0.506626
mnist_mlp,1,linf,0.2,0.234000,0.761468
mnist_mlp,1,linf,0.25,0.095000,0.903160
mnist_mlp,1,linf,0.3,0.039000,0.960245
mnist_mlp,1,l2,1,0.924000,0.058104
mnist_mlp,1,l2,2,0.777000,0.207951
mnist_mlp,1,l2,3,0.499000,0.491335
mnist_mlp,1,l2,4,0.237000,0.758410
mnist_mlp,1,l2,5,0.101000,0.897044
mnist_mlp,1,l2,6,0.044000,0.955148
mnist_mlp,2,none,0,0.980000,
mnist_mlp,2,linf,0.05,0.937000,0.043878
mnist_mlp,2,linf,0.1,0.760000,0.224490
mnist_mlp,2,linf,0.15,0.436000,0.555102
mnist_mlp,2,linf,0.2,0.215000,0.780612
mnist_mlp,2,linf,0.25,0.100000,0.897959
mnist_mlp,2,linf,0.3,0.052000,0.946939
mnist_mlp,2,l2,1,0.937000,0.043878
mnist_mlp,2,l2,2,0.753000,0.231633
mnist_mlp,2,l2,3,0.439000,0.552041
mnist_mlp,2,l2,4,0.213000,0.782653
mnist_mlp,2,l2,5,0.105000,0.892857
mnist_mlp,2,l2,6,0.059000,0.939796
mnist_mlp,3,none,0,0.980000,
mnist_mlp,3,linf,0.05,0.932000,0.048980
mnist_mlp,3,linf,0.1,0.760000,0.224490
mnist_mlp,3,linf,0.15,0.434000,0.557143
mnist_mlp,3,linf,0.2,0.228000,0.767347
mnist_mlp,3,linf,0.25,0.100000,0.897959
mnist_mlp,3,linf,0.3,0.055000,0.943878
mnist_mlp,3,l2,1,0.931000,0.050000
mnist_mlp,3,l2,2,0.764000,0.220408
mnist_mlp,3,l2,3,0.438000,0.553061
mnist_mlp,3,l2,4,0.230000,0.765306
mnist_mlp,3,l2,5,0.124000,0.873469
mnist_mlp,3,l2,6,0.089000,0.909184
mnist_mlp,4,none,0,0.988000,
mnist_mlp,4,linf,0.05,0.933000,0.055668
mnist_mlp,4,linf,0.1,0.759000,0.231781
mnist_mlp,4,linf,0.15,0.425000,0.569838
mnist_mlp,4,linf,0.2,0.197000,0.800607
mnist_mlp,4,linf,0.25,0.080000,0.919028
mnist_mlp,4,linf,0.3,0.030000,0.969636
mnist_mlp,4,l2,1,0.933000,0.055668
mnist_mlp,4,l2,2,0.757000,0.233806
mnist_mlp,4,l2,3,0.421000,0.573887
mnist_mlp,4,l2,4,0.200000,0.797571
mnist_mlp,4,l2,5,0.110000,0.888664
mnist_mlp,4,l2,6,0.081000,0.918016
mnist_mlp,5,none,0,0.979000,
mnist_mlp,5,linf,0.05,0.933000,0.046987
mnist_mlp,5,linf,0.1,0.767000,0.216547
mnist_mlp,5,linf,0.15,0.484000,0.505618
mnist_mlp,5,linf,0.2,0.274000,0.720123
mnist_mlp,5,linf,0.25,0.148000,0.848825
mnist_mlp,5,linf,0.3,0.094000,0.903984
mnist_mlp,5,l2,1,0.932000,0.048008
mnist_mlp,5,l2,2,0.764000,0.219612
mnist_mlp,5,l2,3,0.484000,0.505618
mnist_mlp,5,l2,4,0.332000,0.660878
mnist_mlp,5,l2,5,0.274000,0.720123
mnist_mlp,5,l2,6,0.255000,0.739530
mnist_mlp_ceb_beta_0.0001,1,none,0,0.979000,
mnist_mlp_ceb_beta_0.0001,1,linf,0.05,0.919000,0.061287
mnist_mlp_ceb_beta_0.0001,1,linf,0.1,0.750000,0.233912
mnist_mlp_ceb_beta_0.0001,1,linf,0.15,0.464000,0.526047
mnist_mlp_ceb_beta_0.0001,1,linf,0.2,0.315000,0.678243
mnist_mlp_ceb_beta_0.0001,1,linf,0.25,0.195000,0.800817
mnist_mlp_ceb_beta_0.0001,1,linf,0.3,0.146000,0.850868
mnist_mlp_ceb_beta_0.0001,1,l2,1,0.918000,0.062308
mnist_mlp_ceb_beta_0.0001,1,l2,2,0.768000,0.215526
mnist_mlp_ceb_beta_0.0001,1,l2,3,0.457000,0.533197
mnist_mlp_ceb_beta_0.0001,1,l2,4,0.282000,0.711951
mnist_mlp_ceb_beta_0.0001,1,l2,5,0.201000,0.794688
mnist_mlp_ceb_beta_0.0001,1,l2,6,0.175000,0.821246
mnist_mlp_ceb_beta_0.0001,2,none,0,0.984000,
mnist_mlp_ceb_beta_0.0001,2,linf,0.05,0.930000,0.054878
mnist_mlp_ceb_beta_0.0001,2,linf,0.1,0.741000,0.246951
mnist_mlp_ceb_beta_0.0001,2,linf,0.15,0.444000,0.548781
mnist_mlp_ceb_beta_0.0001,2,linf,0.2,0.244000,0.752033
mnist_mlp_ceb_beta_0.0001,2,linf,0.25,0.113000,0.885163
mnist_mlp_ceb_beta_0.0001,2,linf,0.3,0.061000,0.938008
mnist_mlp_ceb_beta_0.0001,2,l2,1,0.930000,0.054878
mnist_mlp_ceb_beta_0.0001,2,l2,2,0.758000,0.229675
mnist_mlp_ceb_beta_0.0001,2,l2,3,0.456000,0.536585
mnist_mlp_ceb_beta_0.0001,2,l2,4,0.231000,0.765244
mnist_mlp_ceb_beta_0.0001,2,l2,5,0.109000,0.889228
mnist_mlp_ceb_beta_0.0001,2,l2,6,0.053000,0.946138
mnist_mlp_ceb_beta_0.0001,3,none,0,0.984000,
mnist_mlp_ceb_beta_0.0001,3,linf,0.05,0.930000,0.054878
mnist_mlp_ceb_beta_0.0001,3,linf,0.1,0.758000,0.229675
mnist_mlp_ceb_beta_0.0001,3,linf,0.15,0.471000,0.521341
mnist_mlp_ceb_beta_0.0001,3,linf,0.2,0.257000,0.738821
mnist_mlp_ceb_beta_0.0001,3,linf,0.25,0.140000,0.857724
mnist_mlp_ceb_beta_0.0001,3,linf,0.3,0.094000,0.904472
mnist_mlp_ceb_beta_0.0001,3,l2,1,0.929000,0.055894
mnist_mlp_ceb_beta_0.0001,3,l2,2,0.756000,0.231707
mnist_mlp_ceb_beta_0.0001,3,l2,3,0.470000,0.522358
mnist_mlp_ceb_beta_0.0001,3,l2,4,0.238000,0.758130
mnist_mlp_ceb_beta_0.0001,3,l2,5,0.128000,0.869919
mnist_mlp_ceb_beta_0.0001,3,l2,6,0.097000,0.901423
mnist_mlp_ceb_beta_0.0001,4,none,0,0.981000,
mnist_mlp_ceb_beta_0.0001,4,linf,0.05,0.927000,0.055046
mnist_mlp_ceb_beta_0.0001,4,linf,0.1,0.773000,0.212029
mnist_mlp_ceb_beta_0.0001,4,linf,0.15,0.525000,0.464832
mnist_mlp_ceb_beta_0.0001,4,linf,0.2,0.309000,0.685015
mnist_mlp_ceb_beta_0.0001,4,linf,0.25,0.177000,0.819572
mnist_mlp_ceb_beta_0.0001,4,linf,0.3,0.121000,0.876656
mnist_mlp_ceb_beta_0.0001,4,l2,1,0.927000,0.055046
mnist_mlp_ceb_beta_0.0001,4,l2,2,0.773000,0.212029
mnist_mlp_ceb_beta_0.0001,4,l2,3,0.504000,0.486239
mnist_mlp_ceb_beta_0.0001,4,l2,4,0.270000,0.724771
mnist_mlp_ceb_beta_0.0001,4,l2,5,0.195000,0.801223
mnist_mlp_ceb_beta_0.0001,4,l2,6,0.160000,0.836901
mnist_mlp_ceb_beta_0.0001,5,none,0,0.981000,
mnist_mlp_ceb_beta_0.0001,5,linf,0.05,0.932000,0.049949
mnist_mlp_ceb_beta_0.0001,5,linf,0.1,0.781000,0.203874
mnist_mlp_ceb_beta_0.0001,5,linf,0.15,0.507000,0.483180
mnist_mlp_ceb_beta_0.0001,5,linf,0.2,0.290000,0.704383
mnist_mlp_ceb_beta_0.0001,5,linf,0.25,0.172000,0.824669
mnist_mlp_ceb_beta_0.0001,5,linf,0.3,0.121000,0.876656
mnist_mlp_ceb_beta_0.0001,5,l2,1,0.933000,0.048930
mnist_mlp_ceb_beta_0.0001,5,l2,2,0.779000,0.205912
mnist_mlp_ceb_beta_0.0001,5,l2,3,0.510000,0.480122
mnist_mlp_ceb_beta_0.0001,5,l2,4,0.273000,0.721713
mnist_mlp_ceb_beta_0.0001,5,l2,5,0.177000,0.819572
mnist_mlp_ceb_beta_0.0001,5,l2,6,0.150000,0.847095
mnist_mlp_ceb_beta_0.001,1,none,0,0.973000,
mnist_mlp_ceb_beta_0.001,1,linf,0.05,0.938000,0.035971
mnist_mlp_ceb_beta_0.001,1,linf,0.1,0.740000,0.239466
mnist_mlp_ceb_beta_0.001,1,linf,0.15,0.471000,0.515930
mnist_mlp_ceb_beta_0.001,1,linf,0.2,0.274000,0.718397
mnist_mlp_ceb_beta_0.001,1,linf,0.25,0.123000,0.873587
mnist_mlp_ceb_beta_0.001,1,linf,0.3,0.057000,0.941418
mnist_mlp_ceb_beta_0.001,1,l2,1,0.940000,0.033916
mnist_mlp_ceb_beta_0.001,1,l2,2,0.768000,0.210689
mnist_mlp_ceb_beta_0.001,1,l2,3,0.485000,0.501542
mnist_mlp_ceb_beta_0.001,1,l2,4,0.269000,0.723535
mnist_mlp_ceb_beta_0.001,1,l2,5,0.134000,0.862282
mnist_mlp_ceb_beta_0.001,1,l2,6,0.059000,0.939363
mnist_mlp_ceb_beta_0.001,2,none,0,0.985000,
mnist_mlp_ceb_beta_0.001,2,linf,0.05,0.930000,0.055838
mnist_mlp_ceb_beta_0.001,2,linf,0.1,0.759000,0.229442
mnist_mlp_ceb_beta_0.001,2,linf,0.15,0.489000,0.503553
mnist_mlp_ceb_beta_0.001,2,linf,0.2,0.310000,0.685279
mnist_mlp_ceb_beta_0.001,2,linf,0.25,0.162000,0.835533
mnist_mlp_ceb_beta_0.001,2,linf,0.3,0.080000,0.918782
mnist_mlp_ceb_beta_0.001,2,l2,1,0.928000,0.057868
mnist_mlp_ceb_beta_0.001,2,l2,2,0.757000,0.231472
mnist_mlp_ceb_beta_0.001,2,l2,3,0.498000,0.494416
mnist_mlp_ceb_beta_0.001,2,l2,4,0.287000,0.708629
mnist_mlp_ceb_beta_0.001,2,l2,5,0.143000,0.854822
mnist_mlp_ceb_beta_0.001,2,l2,6,0.082000,0.916751
mnist_mlp_ceb_beta_0.001,3,none,0,0.982000,
mnist_mlp_ceb_beta_0.001,3,linf,0.05,0.938000,0.044806
mnist_mlp_ceb_beta_0.001,3,linf,0.1,0.790000,0.195519
mnist_mlp_ceb_beta_0.001,3,linf,0.15,0.500000,0.490835
mnist_mlp_ceb_beta_0.001,3,linf,0.2,0.247000,0.748472
mnist_mlp_ceb_beta_0.001,3,linf,0.25,0.116000,0.881874
mnist_mlp_ceb_beta_0.001,3,linf,0.3,0.043000,0.956212
mnist_mlp_ceb_beta_0.001,3,l2,1,0.941000,0.041752
mnist_mlp_ceb_beta_0.001,3,l2,2,0.792000,0.193483
mnist_mlp_ceb_beta_0.001,3,l2,3,0.511000,0.479633
mnist_mlp_ceb_beta_0.001,3,l2,4,0.244000,0.751527
mnist_mlp_ceb_beta_0.001,3,l2,5,0.115000,0.882892
mnist_mlp_ceb_beta_0.001,3,l2,6,0.045000,0.954175
mnist_mlp_ceb_beta_0.001,4,none,0,0.980000,
mnist_mlp_ceb_beta_0.001,4,linf,0.05,0.928000,0.053061
mnist_mlp_ceb_beta_0.001,4,linf,0.1,0.772000,0.212245
mnist_mlp_ceb_beta_0.001,4,linf,0.15,0.457000,0.533673
mnist_mlp_ceb_beta_0.001,4,linf,0.2,0.263000,0.731633
mnist_mlp_ceb_beta_0.001,4,linf,0.25,0.125000,0.872449
mnist_mlp_ceb_beta_0.001,4,linf,0.3,0.061000,0.937755
mnist_mlp_ceb_beta_0.001,4,l2,1,0.931000,0.050000
mnist_mlp_ceb_beta_0.001,4,l2,2,0.782000,0.202041
mnist_mlp_ceb_beta_0.001,4,l2,3,0.458000,0.532653
mnist_mlp_ceb_beta_0.001,4,l2,4,0.249000,0.745918
mnist_mlp_ceb_beta_0.001,4,l2,5,0.120000,0.877551
mnist_mlp_ceb_beta_0.001,4,l2,6,0.057000,0.941837
mnist_mlp_ceb_beta_0.001,5,none,0,0.981000,
mnist_mlp_ceb_beta_0.001,5,linf,0.05,0.933000,0.048930
mnist_mlp_ceb_beta_0.001,5,linf,0.1,0.782000,0.202854
mnist_mlp_ceb_beta_0.001,5,linf,0.15,0.481000,0.509684
mnist_mlp_ceb_beta_0.001,5,linf,0.2,0.255000,0.740061
mnist_mlp_ceb_beta_0.001,5,linf,0.25,0.121000,0.876656
mnist_mlp_ceb_beta_0.001,5,linf,0.3,0.066000,0.932722
mnist_mlp_ceb_beta_0.001,5,l2,1,0.937000,0.044852
mnist_mlp_ceb_beta_0.001,5,l2,2,0.779000,0.205912
mnist_mlp_ceb_beta_0.001,5,l2,3,0.490000,0.500510
mnist_mlp_ceb_beta_0.001,5,l2,4,0.256000,0.739042
mnist_mlp_ceb_beta_0.001,5,l2,5,0.125000,0.872579
mnist_mlp_ceb_beta_0.001,5,l2,6,0.062000,0.936799
mnist_mlp_ceb_beta_0.01,1,none,0,0.985000,
mnist_mlp_ceb_beta_0.01,1,linf,0.05,0.934000,0.051777
mnist_mlp_ceb_beta_0.01,1,linf,0.1,0.777000,0.211168
mnist_mlp_ceb_beta_0.01,1,linf,0.15,0.484000,0.508629
mnist_mlp_ceb_beta_0.01,1,linf,0.2,0.259000,0.737056
mnist_mlp_ceb_beta_0.01,1,linf,0.25,0.135000,0.862944
mnist_mlp_ceb_beta_0.01,1,linf,0.3,0.061000,0.938071
mnist_mlp_ceb_beta_0.01,1,l2,1,0.929000,0.056853
mnist_mlp_ceb_beta_0.01,1,l2,2,0.786000,0.202030
mnist_mlp_ceb_beta_0.01,1,l2,3,0.479000,0.513706
mnist_mlp_ceb_beta_0.01,1,l2,4,0.248000,0.748223
mnist_mlp_ceb_beta_0.01,1,l2,5,0.129000,0.869036
mnist_mlp_ceb_beta_0.01,1,l2,6,0.059000,0.940102
mnist_mlp_ceb_beta_0.01,2,none,0,0.983000,
mnist_mlp_ceb_beta_0.01,2,linf,0.05,0.934000,0.049847
mnist_mlp_ceb_beta_0.01,2,linf,0.1,0.718000,0.269583
mnist_mlp_ceb_beta_0.01,2,linf,0.15,0.453000,0.539166
mnist_mlp_ceb_beta_0.01,2,linf,0.2,0.245000,0.750763
mnist_mlp_ceb_beta_0.01,2,linf,0.25,0.134000,0.863683
mnist_mlp_ceb_beta_0.01,2,linf,0.3,0.070000,0.928789
mnist_mlp_ceb_beta_0.01,2,l2,1,0.936000,0.047813
mnist_mlp_ceb_beta_0.01,2,l2,2,0.751000,0.236012
mnist_mlp_ceb_beta_0.01,2,l2,3,0.457000,0.535097
mnist_mlp_ceb_beta_0.01,2,l2,4,0.247000,0.748728
mnist_mlp_ceb_beta_0.01,2,l2,5,0.115000,0.883011
mnist_mlp_ceb_beta_0.01,2,l2,6,0.060000,0.938962
mnist_mlp_ceb_beta_0.01,3,none,0,0.981000,
mnist_mlp_ceb_beta_0.01,3,linf,0.05,0.930000,0.051988
mnist_mlp_ceb_beta_0.01,3,linf,0.1,0.735000,0.250765
mnist_mlp_ceb_beta_0.01,3,linf,0.15,0.478000,0.512742
mnist_mlp_ceb_beta_0.01,3,linf,0.2,0.286000,0.708461
mnist_mlp_ceb_beta_0.01,3,linf,0.25,0.164000,0.832824
mnist_mlp_ceb_beta_0.01,3,linf,0.3,0.075000,0.923547
mnist_mlp_ceb_beta_0.01,3,l2,1,0.930000,0.051988
mnist_mlp_ceb_beta_0.01,3,l2,2,0.770000,0.215087
mnist_mlp_ceb_beta_0.01,3,l2,3,0.460000,0.531091
mnist_mlp_ceb_beta_0.01,3,l2,4,0.264000,0.730887
mnist_mlp_ceb_beta_0.01,3,l2,5,0.130000,0.867482
mnist_mlp_ceb_beta_0.01,3,l2,6,0.065000,0.933741
mnist_mlp_ceb_beta_0.01,4,none,0,0.987000,
mnist_mlp_ceb_beta_0.01,4,linf,0.05,0.922000,0.065856
mnist_mlp_ceb_beta_0.01,4,linf,0.1,0.693000,0.297872
mnist_mlp_ceb_beta_0.01,4,linf,0.15,0.440000,0.554205
mnist_mlp_ceb_beta_0.01,4,linf,0.2,0.243000,0.753799
mnist_mlp_ceb_beta_0.01,4,linf,0.25,0.124000,0.874367
mnist_mlp_ceb_beta_0.01,4,linf,0.3,0.074000,0.925025
mnist_mlp_ceb_beta_0.01,4,l2,1,0.923000,0.064843
mnist_mlp_ceb_beta_0.01,4,l2,2,0.721000,0.269504
mnist_mlp_ceb_beta_0.01,4,l2,3,0.438000,0.556231
mnist_mlp_ceb_beta_0.01,4,l2,4,0.251000,0.745694
mnist_mlp_ceb_beta_0.01,4,l2,5,0.124000,0.874367
mnist_mlp_ceb_beta_0.01,4,l2,6,0.065000,0.934144
mnist_mlp_ceb_beta_0.01,5,none,0,0.977000,
mnist_mlp_ceb_beta_0.01,5,linf,0.05,0.930000,0.048106
mnist_mlp_ceb_beta_0.01,5,linf,0.1,0.787000,0.194473
mnist_mlp_ceb_beta_0.01,5,linf,0.15,0.520000,0.467758
mnist_mlp_ceb_beta_0.01,5,linf,0.2,0.296000,0.697032
mnist_mlp_ceb_beta_0.01,5,linf,0.25,0.153000,0.843398
mnist_mlp_ceb_beta_0.01,5,linf,0.3,0.062000,0.936540
mnist_mlp_ceb_beta_0.01,5,l2,1,0.930000,0.048106
mnist_mlp_ceb_beta_0.01,5,l2,2,0.790000,0.191402
mnist_mlp_ceb_beta_0.01,5,l2,3,0.540000,0.447288
mnist_mlp_ceb_beta_0.01,5,l2,4,0.292000,0.701126
mnist_mlp_ceb_beta_0.01,5,l2,5,0.151000,0.845445
mnist_mlp_ceb_beta_0.01,5,l2,6,0.068000,0.930399
mnist_mlp_ceb_beta_0.1,1,none,0,0.981000,
mnist_mlp_ceb_beta_0.1,1,linf,0.05,0.907000,0.075433
mnist_mlp_ceb_beta_0.1,1,linf,0.1,0.747000,0.238532
mnist_mlp_ceb_beta_0.1,1,linf,0.15,0.434000,0.557594
mnist_mlp_ceb_beta_0.1,1,linf,0.2,0.249000,0.746177
mnist_mlp_ceb_beta_0.1,1,linf,0.25,0.128000,0.869521
mnist_mlp_ceb_beta_0.1,1,linf,0.3,0.079000,0.919470
mnist_mlp_ceb_beta_0.1,1,l2,1,0.914000,0.068298
mnist_mlp_ceb_beta_0.1,1,l2,2,0.768000,0.217125
mnist_mlp_ceb_beta_0.1,1,l2,3,0.450000,0.541284
mnist_mlp_ceb_beta_0.1,1,l2,4,0.254000,0.741081
mnist_mlp_ceb_beta_0.1,1,l2,5,0.124000,0.873598
mnist_mlp_ceb_beta_0.1,1,l2,6,0.053000,0.945974
mnist_mlp_ceb_beta_0.1,2,none,0,0.975000,
mnist_mlp_ceb_beta_0.1,2,linf,0.05,0.918000,0.058462
mnist_mlp_ceb_beta_0.1,2,linf,0.1,0.669000,0.313846
mnist_mlp_ceb_beta_0.1,2,linf,0.15,0.424000,0.565128
mnist_mlp_ceb_beta_0.1,2,linf,0.2,0.210000,0.784615
mnist_mlp_ceb_beta_0.1,2,linf,0.25,0.113000,0.884103
mnist_mlp_ceb_beta_0.1,2,linf,0.3,0.072000,0.926154
mnist_mlp_ceb_beta_0.1,2,l2,1,0.916000,0.060513
mnist_mlp_ceb_beta_0.1,2,l2,2,0.699000,0.283077
mnist_mlp_ceb_beta_0.1,2,l2,3,0.434000,0.554872
mnist_mlp_ceb_beta_0.1,2,l2,4,0.215000,0.779487
mnist_mlp_ceb_beta_0.1,2,l2,5,0.111000,0.886154
mnist_mlp_ceb_beta_0.1,2,l2,6,0.064000,0.934359
mnist_mlp_ceb_beta_0.1,3,none,0,0.980000,
mnist_mlp_ceb_beta_0.1,3,linf,0.05,0.919000,0.062245
mnist_mlp_ceb_beta_0.1,3,linf,0.1,0.679000,0.307143
mnist_mlp_ceb_beta_0.1,3,linf,0.15,0.401000,0.590816
mnist_mlp_ceb_beta_0.1,3,linf,0.2,0.207000,0.788776
mnist_mlp_ceb_beta_0.1,3,linf,0.25,0.113000,0.884694
mnist_mlp_ceb_beta_0.1,3,linf,0.3,0.059000,0.939796
mnist_mlp_ceb_beta_0.1,3,l2,1,0.922000,0.059184
mnist_mlp_ceb_beta_0.1,3,l2,2,0.707000,0.278571
mnist_mlp_ceb_beta_0.1,3,l2,3,0.417000,0.574490
mnist_mlp_ceb_beta_0.1,3,l2,4,0.207000,0.788776
mnist_mlp_ceb_beta_0.1,3,l2,5,0.097000,0.901020
mnist_mlp_ceb_beta_0.1,3,l2,6,0.048000,0.951020
mnist_mlp_ceb_beta_0.1,4,none,0,0.975000,
mnist_mlp_ceb_beta_0.1,4,linf,0.05,0.922000,0.054359
mnist_mlp_ceb_beta_0.1,4,linf,0.1,0.717000,0.264615
mnist_mlp_ceb_beta_0.1,4,linf,0.15,0.434000,0.554872
mnist_mlp_ceb_beta_0.1,4,linf,0.2,0.247000,0.746667
mnist_mlp_ceb_beta_0.1,4,linf,0.25,0.128000,0.868718
mnist_mlp_ceb_beta_0.1,4,linf,0.3,0.078000,0.920000
mnist_mlp_ceb_beta_0.1,4,l2,1,0.924000,0.052308
mnist_mlp_ceb_beta_0.1,4,l2,2,0.741000,0.240000
mnist_mlp_ceb_beta_0.1,4,l2,3,0.453000,0.535385
mnist_mlp_ceb_beta_0.1,4,l2,4,0.257000,0.736410
mnist_mlp_ceb_beta_0.1,4,l2,5,0.129000,0.867692
mnist_mlp_ceb_beta_0.1,4,l2,6,0.076000,0.922051
mnist_mlp_ceb_beta_0.1,5,none,0,0.977000,
mnist_mlp_ceb_beta_0.1,5,linf,0.05,0.916000,0.062436
mnist_mlp_ceb_beta_0.1,5,linf,0.1,0.700000,0.283521
mnist_mlp_ceb_beta_0.1,5,linf,0.15,0.469000,0.519959
mnist_mlp_ceb_beta_0.1,5,linf,0.2,0.269000,0.724667
mnist_mlp_ceb_beta_0.1,5,linf,0.25,0.146000,0.850563
mnist_mlp_ceb_beta_0.1,5,linf,0.3,0.069000,0.929376
mnist_mlp_ceb_beta_0.1,5,l2,1,0.920000,0.058342
mnist_mlp_ceb_beta_0.1,5,l2,2,0.742000,0.240532
mnist_mlp_ceb_beta_0.1,5,l2,3,0.472000,0.516888
mnist_mlp_ceb_beta_0.1,5,l2,4,0.275000,0.718526
mnist_mlp_ceb_beta_0.1,5,l2,5,0.138000,0.858751
mnist_mlp_ceb_beta_0.1,5,l2,6,0.065000,0.933470
mnist_mlp_ceb_beta_0.0005,1,none,0,0.977000,
mnist_mlp_ceb_beta_0.0005,1,linf,0.05,0.928000,0.050154
mnist_mlp_ceb_beta_0.0005,1,linf,0.1,0.782000,0.199591
mnist_mlp_ceb_beta_0.0005,1,linf,0.15,0.497000,0.491300
mnist_mlp_ceb_beta_0.0005,1,linf,0.2,0.283000,0.710338
mnist_mlp_ceb_beta_0.0005,1,linf,0.25,0.150000,0.846469
mnist_mlp_ceb_beta_0.0005,1,linf,0.3,0.067000,0.931423
mnist_mlp_ceb_beta_0.0005,1,l2,1,0.929000,0.049130
mnist_mlp_ceb_beta_0.0005,1,l2,2,0.779000,0.202661
mnist_mlp_ceb_beta_0.0005,1,l2,3,0.491000,0.497441
mnist_mlp_ceb_beta_0.0005,1,l2,4,0.259000,0.734903
mnist_mlp_ceb_beta_0.0005,1,l2,5,0.132000,0.864893
mnist_mlp_ceb_beta_0.0005,1,l2,6,0.080000,0.918117
mnist_mlp_ceb_beta_0.0005,2,none,0,0.984000,
mnist_mlp_ceb_beta_0.0005,2,linf,0.05,0.923000,0.061992
mnist_mlp_ceb_beta_0.0005,2,linf,0.1,0.778000,0.209350
mnist_mlp_ceb_beta_0.0005,2,linf,0.15,0.524000,0.467480
mnist_mlp_ceb_beta_0.0005,2,linf,0.2,0.303000,0.692073
mnist_mlp_ceb_beta_0.0005,2,linf,0.25,0.154000,0.843496
mnist_mlp_ceb_beta_0.0005,2,linf,0.3,0.083000,0.915650
mnist_mlp_ceb_beta_0.0005,2,l2,1,0.925000,0.059959
mnist_mlp_ceb_beta_0.0005,2,l2,2,0.789000,0.198171
mnist_mlp_ceb_beta_0.0005,2,l2,3,0.521000,0.470528
mnist_mlp_ceb_beta_0.0005,2,l2,4,0.289000,0.706301
mnist_mlp_ceb_beta_0.0005,2,l2,5,0.146000,0.851626
mnist_mlp_ceb_beta_0.0005,2,l2,6,0.083000,0.915650
mnist_mlp_ceb_beta_0.0005,3,none,0,0.982000,
mnist_mlp_ceb_beta_0.0005,3,linf,0.05,0.940000,0.042770
mnist_mlp_ceb_beta_0.0005,3,linf,0.1,0.756000,0.230143
mnist_mlp_ceb_beta_0.0005,3,linf,0.15,0.450000,0.541752
mnist_mlp_ceb_beta_0.0005,3,linf,0.2,0.236000,0.759674
mnist_mlp_ceb_beta_0.0005,3,linf,0.25,0.092000,0.906314
mnist_mlp_ceb_beta_0.0005,3,linf,0.3,0.033000,0.966395
mnist_mlp_ceb_beta_0.0005,3,l2,1,0.939000,0.043788
mnist_mlp_ceb_beta_0.0005,3,l2,2,0.764000,0.221996
mnist_mlp_ceb_beta_0.0005,3,l2,3,0.459000,0.532587
mnist_mlp_ceb_beta_0.0005,3,l2,4,0.234000,0.761711
mnist_mlp_ceb_beta_0.0005,3,l2,5,0.096000,0.902240
mnist_mlp_ceb_beta_0.0005,3,l2,6,0.034000,0.965377
mnist_mlp_ceb_beta_0.0005,4,none,0,0.979000,
mnist_mlp_ceb_beta_0.0005,4,linf,0.05,0.930000,0.050051
mnist_mlp_ceb_beta_0.0005,4,linf,0.1,0.774000,0.209397
mnist_mlp_ceb_beta_0.0005,4,linf,0.15,0.482000,0.507661
mnist_mlp_ceb_beta_0.0005,4,linf,0.2,0.285000,0.708887
mnist_mlp_ceb_beta_0.0005,4,linf,0.25,0.185000,0.811032
mnist_mlp_ceb_beta_0.0005,4,linf,0.3,0.110000,0.887640
mnist_mlp_ceb_beta_0.0005,4,l2,1,0.932000,0.048008
mnist_mlp_ceb_beta_0.0005,4,l2,2,0.769000,0.214505
mnist_mlp_ceb_beta_0.0005,4,l2,3,0.477000,0.512768
mnist_mlp_ceb_beta_0.0005,4,l2,4,0.275000,0.719101
mnist_mlp_ceb_beta_0.0005,4,l2,5,0.157000,0.839632
mnist_mlp_ceb_beta_0.0005,4,l2,6,0.097000,0.900919
mnist_mlp_ceb_beta_0.0005,5,none,0,0.983000,
mnist_mlp_ceb_beta_0.0005,5,linf,0.05,0.934000,0.049847
mnist_mlp_ceb_beta_0.0005,5,linf,0.1,0.783000,0.203459
mnist_mlp_ceb_beta_0.0005,5,linf,0.15,0.525000,0.465921
mnist_mlp_ceb_beta_0.0005,5,linf,0.2,0.304000,0.690743
mnist_mlp_ceb_beta_0.0005,5,linf,0.25,0.173000,0.824008
mnist_mlp_ceb_beta_0.0005,5,linf,0.3,0.114000,0.884028
mnist_mlp_ceb_beta_0.0005,5,l2,1,0.935000,0.048830
mnist_mlp_ceb_beta_0.0005,5,l2,2,0.769000,0.217701
mnist_mlp_ceb_beta_0.0005,5,l2,3,0.499000,0.492370
mnist_mlp_ceb_beta_0.0005,5,l2,4,0.279000,0.716175
mnist_mlp_ceb_beta_0.0005,5,l2,5,0.181000,0.815870
mnist_mlp_ceb_beta_0.0005,5,l2,6,0.149000,0.848423
mnist_mlp_ceb_beta_0.005,1,none,0,0.982000,
mnist_mlp_ceb_beta_0.005,1,linf,0.05,0.927000,0.056008
mnist_mlp_ceb_beta_0.005,1,linf,0.1,0.758000,0.228106
mnist_mlp_ceb_beta_0.005,1,linf,0.15,0.494000,0.496945
mnist_mlp_ceb_beta_0.005,1,linf,0.2,0.301000,0.693483
mnist_mlp_ceb_beta_0.005,1,linf,0.25,0.156000,0.841141
mnist_mlp_ceb_beta_0.005,1,linf,0.3,0.068000,0.930754
mnist_mlp_ceb_beta_0.005,1,l2,1,0.926000,0.057026
mnist_mlp_ceb_beta_0.005,1,l2,2,0.774000,0.211813
mnist_mlp_ceb_beta_0.005,1,l2,3,0.488000,0.503055
mnist_mlp_ceb_beta_0.005,1,l2,4,0.300000,0.694501
mnist_mlp_ceb_beta_0.005,1,l2,5,0.162000,0.835031
mnist_mlp_ceb_beta_0.005,1,l2,6,0.068000,0.930754
mnist_mlp_ceb_beta_0.005,2,none,0,0.980000,
mnist_mlp_ceb_beta_0.005,2,linf,0.05,0.922000,0.059184
mnist_mlp_ceb_beta_0.005,2,linf,0.1,0.766000,0.218367
mnist_mlp_ceb_beta_0.005,2,linf,0.15,0.518000,0.471429
mnist_mlp_ceb_beta_0.005,2,linf,0.2,0.288000,0.706122
mnist_mlp_ceb_beta_0.005,2,linf,0.25,0.134000,0.863265
mnist_mlp_ceb_beta_0.005,2,linf,0.3,0.062000,0.936735
mnist_mlp_ceb_beta_0.005,2,l2,1,0.922000,0.059184
mnist_mlp_ceb_beta_0.005,2,l2,2,0.772000,0.212245
mnist_mlp_ceb_beta_0.005,2,l2,3,0.523000,0.466327
mnist_mlp_ceb_beta_0.005,2,l2,4,0.285000,0.709184
mnist_mlp_ceb_beta_0.005,2,l2,5,0.143000,0.854082
mnist_mlp_ceb_beta_0.005,2,l2,6,0.064000,0.934694
mnist_mlp_ceb_beta_0.005,3,none,0,0.980000,
mnist_mlp_ceb_beta_0.005,3,linf,0.05,0.926000,0.055102
mnist_mlp_ceb_beta_0.005,3,linf,0.1,0.749000,0.235714
mnist_mlp_ceb_beta_0.005,3,linf,0.15,0.476000,0.514286
mnist_mlp_ceb_beta_0.005,3,linf,0.2,0.277000,0.717347
mnist_mlp_ceb_beta_0.005,3,linf,0.25,0.153000,0.843878
mnist_mlp_ceb_beta_0.005,3,linf,0.3,0.068000,0.930612
mnist_mlp_ceb_beta_0.005,3,l2,1,0.929000,0.052041
mnist_mlp_ceb_beta_0.005,3,l2,2,0.768000,0.216327
mnist_mlp_ceb_beta_0.005,3,l2,3,0.494000,0.495918
mnist_mlp_ceb_beta_0.005,3,l2,4,0.286000,0.708163
mnist_mlp_ceb_beta_0.005,3,l2,5,0.142000,0.855102
mnist_mlp_ceb_beta_0.005,3,l2,6,0.067000,0.931633
mnist_mlp_ceb_beta_0.005,4,none,0,0.982000,
mnist_mlp_ceb_beta_0.005,4,linf,0.05,0.939000,0.043788
mnist_mlp_ceb_beta_0.005,4,linf,0.1,0.783000,0.202648
mnist_mlp_ceb_beta_0.005,4,linf,0.15,0.512000,0.478615
mnist_mlp_ceb_beta_0.005,4,linf,0.2,0.294000,0.700611
mnist_mlp_ceb_beta_0.005,4,linf,0.25,0.154000,0.843177
mnist_mlp_ceb_beta_0.005,4,linf,0.3,0.076000,0.922607
mnist_mlp_ceb_beta_0.005,4,l2,1,0.940000,0.042770
mnist_mlp_ceb_beta_0.005,4,l2,2,0.785000,0.200611
mnist_mlp_ceb_beta_0.005,4,l2,3,0.517000,0.473523
mnist_mlp_ceb_beta_0.005,4,l2,4,0.291000,0.703666
mnist_mlp_ceb_beta_0.005,4,l2,5,0.155000,0.842159
mnist_mlp_ceb_beta_0.005,4,l2,6,0.083000,0.915479
mnist_mlp_ceb_beta_0.005,5,none,0,0.982000,
mnist_mlp_ceb_beta_0.005,5,linf,0.05,0.911000,0.072301
mnist_mlp_ceb_beta_0.005,5,linf,0.1,0.754000,0.232179
mnist_mlp_ceb_beta_0.005,5,linf,0.15,0.472000,0.519348
mnist_mlp_ceb_beta_0.005,5,linf,0.2,0.265000,0.730143
mnist_mlp_ceb_beta_0.005,5,linf,0.25,0.125000,0.872709
mnist_mlp_ceb_beta_0.005,5,linf,0.3,0.047000,0.952138
mnist_mlp_ceb_beta_0.005,5,l2,1,0.911000,0.072301
mnist_mlp_ceb_beta_0.005,5,l2,2,0.759000,0.227088
mnist_mlp_ceb_beta_0.005,5,l2,3,0.502000,0.488798
mnist_mlp_ceb_beta_0.005,5,l2,4,0.267000,0.728106
mnist_mlp_ceb_beta_0.005,5,l2,5,0.128000,0.869654
mnist_mlp_ceb_beta_0.005,5,l2,6,0.055000,0.943992
mnist_mlp_ceb_beta_0.05,1,none,0,0.981000,
mnist_mlp_ceb_beta_0.05,1,linf,0.05,0.927000,0.055046
mnist_mlp_ceb_beta_0.05,1,linf,0.1,0.702000,0.284404
mnist_mlp_ceb_beta_0.05,1,linf,0.15,0.385000,0.607543
mnist_mlp_ceb_beta_0.05,1,linf,0.2,0.210000,0.785933
mnist_mlp_ceb_beta_0.05,1,linf,0.25,0.128000,0.869521
mnist_mlp_ceb_beta_0.05,1,linf,0.3,0.082000,0.916412
mnist_mlp_ceb_beta_0.05,1,l2,1,0.927000,0.055046
mnist_mlp_ceb_beta_0.05,1,l2,2,0.751000,0.234455
mnist_mlp_ceb_beta_0.05,1,l2,3,0.410000,0.582059
mnist_mlp_ceb_beta_0.05,1,l2,4,0.226000,0.769623
mnist_mlp_ceb_beta_0.05,1,l2,5,0.116000,0.881753
mnist_mlp_ceb_beta_0.05,1,l2,6,0.067000,0.931702
mnist_mlp_ceb_beta_0.05,2,none,0,0.979000,
mnist_mlp_ceb_beta_0.05,2,linf,0.05,0.922000,0.058223
mnist_mlp_ceb_beta_0.05,2,linf,0.1,0.724000,0.260470
mnist_mlp_ceb_beta_0.05,2,linf,0.15,0.451000,0.539326
mnist_mlp_ceb_beta_0.05,2,linf,0.2,0.251000,0.743616
mnist_mlp_ceb_beta_0.05,2,linf,0.25,0.134000,0.863126
mnist_mlp_ceb_beta_0.05,2,linf,0.3,0.077000,0.921348
mnist_mlp_ceb_beta_0.05,2,l2,1,0.928000,0.052094
mnist_mlp_ceb_beta_0.05,2,l2,2,0.759000,0.224719
mnist_mlp_ceb_beta_0.05,2,l2,3,0.468000,0.521961
mnist_mlp_ceb_beta_0.05,2,l2,4,0.252000,0.742594
mnist_mlp_ceb_beta_0.05,2,l2,5,0.129000,0.868233
mnist_mlp_ceb_beta_0.05,2,l2,6,0.069000,0.929520
mnist_mlp_ceb_beta_0.05,3,none,0,0.979000,
mnist_mlp_ceb_beta_0.05,3,linf,0.05,0.930000,0.050051
mnist_mlp_ceb_beta_0.05,3,linf,0.1,0.705000,0.279877
mnist_mlp_ceb_beta_0.05,3,linf,0.15,0.435000,0.555669
mnist_mlp_ceb_beta_0.05,3,linf,0.2,0.243000,0.751788
mnist_mlp_ceb_beta_0.05,3,linf,0.25,0.116000,0.881512
mnist_mlp_ceb_beta_0.05,3,linf,0.3,0.042000,0.957099
mnist_mlp_ceb_beta_0.05,3,l2,1,0.930000,0.050051
mnist_mlp_ceb_beta_0.05,3,l2,2,0.758000,0.225740
mnist_mlp_ceb_beta_0.05,3,l2,3,0.443000,0.547497
mnist_mlp_ceb_beta_0.05,3,l2,4,0.245000,0.749745
mnist_mlp_ceb_beta_0.05,3,l2,5,0.109000,0.888662
mnist_mlp_ceb_beta_0.05,3,l2,6,0.044000,0.955056
mnist_mlp_ceb_beta_0.05,4,none,0,0.985000,
mnist_mlp_ceb_beta_0.05,4,linf,0.05,0.923000,0.062944
mnist_mlp_ceb_beta_0.05,4,linf,0.1,0.702000,0.287310
mnist_mlp_ceb_beta_0.05,4,linf,0.15,0.449000,0.544162
mnist_mlp_ceb_beta_0.05,4,linf,0.2,0.245000,0.751269
mnist_mlp_ceb_beta_0.05,4,linf,0.25,0.133000,0.864975
mnist_mlp_ceb_beta_0.05,4,linf,0.3,0.083000,0.915736
mnist_mlp_ceb_beta_0.05,4,l2,1,0.928000,0.057868
mnist_mlp_ceb_beta_0.05,4,l2,2,0.736000,0.252792
mnist_mlp_ceb_beta_0.05,4,l2,3,0.436000,0.557360
mnist_mlp_ceb_beta_0.05,4,l2,4,0.256000,0.740102
mnist_mlp_ceb_beta_0.05,4,l2,5,0.129000,0.869036
mnist_mlp_ceb_beta_0.05,4,l2,6,0.066000,0.932995
mnist_mlp_ceb_beta_0.05,5,none,0,0.981000,
mnist_mlp_ceb_beta_0.05,5,linf,0.05,0.927000,0.055046
mnist_mlp_ceb_beta_0.05,5,linf,0.1,0.743000,0.242610
mnist_mlp_ceb_beta_0.05,5,linf,0.15,0.441000,0.550459
mnist_mlp_ceb_beta_0.05,5,linf,0.2,0.245000,0.750255
mnist_mlp_ceb_beta_0.05,5,linf,0.25,0.138000,0.859327
mnist_mlp_ceb_beta_0.05,5,linf,0.3,0.073000,0.925586
mnist_mlp_ceb_beta_0.05,5,l2,1,0.928000,0.054027
mnist_mlp_ceb_beta_0.05,5,l2,2,0.769000,0.216106
mnist_mlp_ceb_beta_0.05,5,l2,3,0.469000,0.521916
mnist_mlp_ceb_beta_0.05,5,l2,4,0.243000,0.752294
mnist_mlp_ceb_beta_0.05,5,l2,5,0.135000,0.862385
mnist_mlp_ceb_beta_0.05,5,l2,6,0.074000,0.924567
mnist_mlp_ceb_beta_0.5,1,none,0,0.412000,
mnist_mlp_ceb_beta_0.5,1,linf,0.05,0.396000,0.038835
mnist_mlp_ceb_beta_0.5,1,linf,0.1,0.365000,0.114078
mnist_mlp_ceb_beta_0.5,1,linf,0.15,0.318000,0.228155
mnist_mlp_ceb_beta_0.5,1,linf,0.2,0.257000,0.376214
mnist_mlp_ceb_beta_0.5,1,linf,0.25,0.187000,0.546117
mnist_mlp_ceb_beta_0.5,1,linf,0.3,0.133000,0.677184
mnist_mlp_ceb_beta_0.5,1,l2,1,0.396000,0.038835
mnist_mlp_ceb_beta_0.5,1,l2,2,0.367000,0.109223
mnist_mlp_ceb_beta_0.5,1,l2,3,0.317000,0.230583
mnist_mlp_ceb_beta_0.5,1,l2,4,0.255000,0.381068
mnist_mlp_ceb_beta_0.5,1,l2,5,0.188000,0.543689
mnist_mlp_ceb_beta_0.5,1,l2,6,0.150000,0.635922
mnist_mlp_ceb_beta_0.5,2,none,0,0.973000,
mnist_mlp_ceb_beta_0.5,2,linf,0.05,0.907000,0.067831
mnist_mlp_ceb_beta_0.5,2,linf,0.1,0.728000,0.251799
mnist_mlp_ceb_beta_0.5,2,linf,0.15,0.492000,0.494347
mnist_mlp_ceb_beta_0.5,2,linf,0.2,0.326000,0.664954
mnist_mlp_ceb_beta_0.5,2,linf,0.25,0.179000,0.816033
mnist_mlp_ceb_beta_0.5,2,linf,0.3,0.120000,0.876670
mnist_mlp_ceb_beta_0.5,2,l2,1,0.911000,0.063720
mnist_mlp_ceb_beta_0.5,2,l2,2,0.773000,0.205550
mnist_mlp_ceb_beta_0.5,2,l2,3,0.498000,0.488181
mnist_mlp_ceb_beta_0.5,2,l2,4,0.320000,0.671120
mnist_mlp_ceb_beta_0.5,2,l2,5,0.182000,0.812950
mnist_mlp_ceb_beta_0.5,2,l2,6,0.113000,0.883864
mnist_mlp_ceb_beta_0.5,3,none,0,0.966000,
mnist_mlp_ceb_beta_0.5,3,linf,0.05,0.859000,0.110766
mnist_mlp_ceb_beta_0.5,3,linf,0.1,0.603000,0.375776
mnist_mlp_ceb_beta_0.5,3,linf,0.15,0.389000,0.597308
mnist_mlp_ceb_beta_0.5,3,linf,0.2,0.266000,0.724638
mnist_mlp_ceb_beta_0.5,3,linf,0.25,0.199000,0.793996
mnist_mlp_ceb_beta_0.5,3,linf,0.3,0.158000,0.836439
mnist_mlp_ceb_beta_0.5,3,l2,1,0.863000,0.106625
mnist_mlp_ceb_beta_0.5,3,l2,2,0.645000,0.332298
mnist_mlp_ceb_beta_0.5,3,l2,3,0.412000,0.573499
mnist_mlp_ceb_beta_0.5,3,l2,4,0.280000,0.710145
mnist_mlp_ceb_beta_0.5,3,l2,5,0.192000,0.801242
mnist_mlp_ceb_beta_0.5,3,l2,6,0.140000,0.855072
mnist_mlp_ceb_beta_0.5,4,none,0,0.979000,
mnist_mlp_ceb_beta_0.5,4,linf,0.05,0.906000,0.074566
mnist_mlp_ceb_beta_0.5,4,linf,0.1,0.672000,0.313585
mnist_mlp_ceb_beta_0.5,4,linf,0.15,0.414000,0.577119
mnist_mlp_ceb_beta_0.5,4,linf,0.2,0.245000,0.749745
mnist_mlp_ceb_beta_0.5,4,linf,0.25,0.137000,0.860061
mnist_mlp_ceb_beta_0.5,4,linf,0.3,0.084000,0.914198
mnist_mlp_ceb_beta_0.5,4,l2,1,0.906000,0.074566
mnist_mlp_ceb_beta_0.5,4,l2,2,0.724000,0.260470
mnist_mlp_ceb_beta_0.5,4,l2,3,0.422000,0.568948
mnist_mlp_ceb_beta_0.5,4,l2,4,0.232000,0.763023
mnist_mlp_ceb_beta_0.5,4,l2,5,0.130000,0.867211
mnist_mlp_ceb_beta_0.5,4,l2,6,0.071000,0.927477
mnist_mlp_ceb_beta_0.5,5,none,0,0.955000,
mnist_mlp_ceb_beta_0.5,5,linf,0.05,0.821000,0.140314
mnist_mlp_ceb_beta_0.5,5,linf,0.1,0.580000,0.392670
mnist_mlp_ceb_beta_0.5,5,linf,0.15,0.343000,0.640838
mnist_mlp_ceb_beta_0.5,5,linf,0.2,0.212000,0.778010
mnist_mlp_ceb_beta_0.5,5,linf,0.25,0.153000,0.839791
mnist_mlp_ceb_beta_0.5,5,linf,0.3,0.120000,0.874346
mnist_mlp_ceb_beta_0.5,5,l2,1,0.836000,0.124607
mnist_mlp_ceb_beta_0.5,5,l2,2,0.627000,0.343455
mnist_mlp_ceb_beta_0.5,5,l2,3,0.366000,0.616754
mnist_mlp_ceb_beta_0.5,5,l2,4,0.221000,0.768586
mnist_mlp_ceb_beta_0.5,5,l2,5,0.147000,0.846073
mnist_mlp_ceb_beta_0.5,5,l2,6,0.104000,0.891099
mnist_mlp_ceb_beta_1,1,none,0,0.099000,
mnist_mlp_ceb_beta_1,1,linf,0.05,0.099000,0.000000
mnist_mlp_ceb_beta_1,1,linf,0.1,0.099000,0.000000
mnist_mlp_ceb_beta_1,1,linf,0.15,0.099000,0.000000
mnist_mlp_ceb_beta_1,1,linf,0.2,0.099000,0.000000
mnist_mlp_ceb_beta_1,1,linf,0.25,0.099000,0.000000
mnist_mlp_ceb_beta_1,1,linf,0.3,0.099000,0.000000
mnist_mlp_ceb_beta_1,1,l2,1,0.099000,0.000000
mnist_mlp_ceb_beta_1,1,l2,2,0.099000,0.000000
mnist_mlp_ceb_beta_1,1,l2,3,0.099000,0.000000
mnist_mlp_ceb_beta_1,1,l2,4,0.099000,0.000000
mnist_mlp_ceb_beta_1,1,l2,5,0.099000,0.000000
mnist_mlp_ceb_beta_1,1,l2,6,0.099000,0.000000
mnist_mlp_ceb_beta_1,2,none,0,0.308000,
mnist_mlp_ceb_beta_1,2,linf,0.05,0.301000,0.022727
mnist_mlp_ceb_beta_1,2,linf,0.1,0.290000,0.058442
mnist_mlp_ceb_beta_1,2,linf,0.15,0.252000,0.181818
mnist_mlp_ceb_beta_1,2,linf,0.2,0.212000,0.311688
mnist_mlp_ceb_beta_1,2,linf,0.25,0.175000,0.431818
mnist_mlp_ceb_beta_1,2,linf,0.3,0.125000,0.594156
mnist_mlp_ceb_beta_1,2,l2,1,0.301000,0.022727
mnist_mlp_ceb_beta_1,2,l2,2,0.290000,0.058442
mnist_mlp_ceb_beta_1,2,l2,3,0.248000,0.194805
mnist_mlp_ceb_beta_1,2,l2,4,0.206000,0.331169
mnist_mlp_ceb_beta_1,2,l2,5,0.177000,0.425325
mnist_mlp_ceb_beta_1,2,l2,6,0.148000,0.519481
mnist_mlp_ceb_beta_1,3,none,0,0.224000,
mnist_mlp_ceb_beta_1,3,linf,0.05,0.221000,0.013393
mnist_mlp_ceb_beta_1,3,linf,0.1,0.209000,0.066964
mnist_mlp_ceb_beta_1,3,linf,0.15,0.189000,0.156250
mnist_mlp_ceb_beta_1,3,linf,0.2,0.164000,0.267857
mnist_mlp_ceb_beta_1,3,linf,0.25,0.137000,0.388393
mnist_mlp_ceb_beta_1,3,linf,0.3,0.109000,0.513393
mnist_mlp_ceb_beta_1,3,l2,1,0.221000,0.013393
mnist_mlp_ceb_beta_1,3,l2,2,0.206000,0.080357
mnist_mlp_ceb_beta_1,3,l2,3,0.179000,0.200893
mnist_mlp_ceb_beta_1,3,l2,4,0.150000,0.330357
mnist_mlp_ceb_beta_1,3,l2,5,0.125000,0.441964
mnist_mlp_ceb_beta_1,3,l2,6,0.112000,0.500000
mnist_mlp_ceb_beta_1,4,none,0,0.487000,
mnist_mlp_ceb_beta_1,4,linf,0.05,0.477000,0.022587
mnist_mlp_ceb_beta_1,4,linf,0.1,0.455000,0.067762
mnist_mlp_ceb_beta_1,4,linf,0.15,0.405000,0.172485
mnist_mlp_ceb_beta_1,4,linf,0.2,0.331000,0.324435
mnist_mlp_ceb_beta_1,4,linf,0.25,0.247000,0.494866
mnist_mlp_ceb_beta_1,4,linf,0.3,0.161000,0.671458
mnist_mlp_ceb_beta_1,4,l2,1,0.478000,0.020534
mnist_mlp_ceb_beta_1,4,l2,2,0.456000,0.065708
mnist_mlp_ceb_beta_1,4,l2,3,0.415000,0.151951
mnist_mlp_ceb_beta_1,4,l2,4,0.342000,0.297741
mnist_mlp_ceb_beta_1,4,l2,5,0.257000,0.478439
mnist_mlp_ceb_beta_1,4,l2,6,0.182000,0.626283
mnist_mlp_ceb_beta_1,5,none,0,0.223000,
mnist_mlp_ceb_beta_1,5,linf,0.05,0.219000,0.017937
mnist_mlp_ceb_beta_1,5,linf,0.1,0.207000,0.071749
mnist_mlp_ceb_beta_1,5,linf,0.15,0.178000,0.201794
mnist_mlp_ceb_beta_1,5,linf,0.2,0.140000,0.372197
mnist_mlp_ceb_beta_1,5,linf,0.25,0.111000,0.502242
mnist_mlp_ceb_beta_1,5,linf,0.3,0.099000,0.556054
mnist_mlp_ceb_beta_1,5,l2,1,0.220000,0.013453
mnist_mlp_ceb_beta_1,5,l2,2,0.208000,0.067265
mnist_mlp_ceb_beta_1,5,l2,3,0.173000,0.224215
mnist_mlp_ceb_beta_1,5,l2,4,0.132000,0.408072
mnist_mlp_ceb_beta_1,5,l2,5,0.100000,0.551569
mnist_mlp_ceb_beta_1,5,l2,6,0.097000,0.565022
mnist_mlp_ceb_beta_5,1,none,0,0.099000,
mnist_mlp_ceb_beta_5,1,linf,0.05,0.099000,0.000000
mnist_mlp_ceb_beta_5,1,linf,0.1,0.099000,0.000000
mnist_mlp_ceb_beta_5,1,linf,0.15,0.099000,0.000000
mnist_mlp_ceb_beta_5,1,linf,0.2,0.099000,0.000000
mnist_mlp_ceb_beta_5,1,linf,0.25,0.099000,0.000000
mnist_mlp_ceb_beta_5,1,linf,0.3,0.099000,0.000000
mnist_mlp_ceb_beta_5,1,l2,1,0.099000,0.000000
mnist_mlp_ceb_beta_5,1,l2,2,0.099000,0.000000
mnist_mlp_ceb_beta_5,1,l2,3,0.099000,0.000000
mnist_mlp_ceb_beta_5,1,l2,4,0.099000,0.000000
mnist_mlp_ceb_beta_5,1,l2,5,0.099000,0.000000
mnist_mlp_ceb_beta_5,1,l2,6,0.099000,0.000000
mnist_mlp_ceb_beta_5,2,none,0,0.126000,
mnist_mlp_ceb_beta_5,2,linf,0.05,0.126000,0.000000
mnist_mlp_ceb_beta_5,2,linf,0.1,0.126000,0.000000
mnist_mlp_ceb_beta_5,2,linf,0.15,0.126000,0.000000
mnist_mlp_ceb_beta_5,2,linf,0.2,0.126000,0.000000
mnist_mlp_ceb_beta_5,2,linf,0.25,0.126000,0.000000
mnist_mlp_ceb_beta_5,2,linf,0.3,0.126000,0.000000
mnist_mlp_ceb_beta_5,2,l2,1,0.126000,0.000000
mnist_mlp_ceb_beta_5,2,l2,2,0.126000,0.000000
mnist_mlp_ceb_beta_5,2,l2,3,0.126000,0.000000
mnist_mlp_ceb_beta_5,2,l2,4,0.126000,0.000000
mnist_mlp_ceb_beta_5,2,l2,5,0.126000,0.000000
mnist_mlp_ceb_beta_5,2,l2,6,0.126000,0.000000
mnist_mlp_ceb_beta_5,3,none,0,0.107000,
mnist_mlp_ceb_beta_5,3,linf,0.05,0.107000,0.000000
mnist_mlp_ceb_beta_5,3,linf,0.1,0.107000,0.000000
mnist_mlp_ceb_beta_5,3,linf,0.15,0.107000,0.000000
mnist_mlp_ceb_beta_5,3,linf,0.2,0.107000,0.000000
mnist_mlp_ceb_beta_5,3,linf,0.25,0.107000,0.000000
mnist_mlp_ceb_beta_5,3,linf,0.3,0.107000,0.000000
mnist_mlp_ceb_beta_5,3,l2,1,0.107000,0.000000
mnist_mlp_ceb_beta_5,3,l2,2,0.107000,0.000000
mnist_mlp_ceb_beta_5,3,l2,3,0.107000,0.000000
mnist_mlp_ceb_beta_5,3,l2,4,0.107000,0.000000
mnist_mlp_ceb_beta_5,3,l2,5,0.107000,0.000000
mnist_mlp_ceb_beta_5,3,l2,6,0.107000,0.000000
mnist_mlp_ceb_beta_5,4,none,0,0.107000,
mnist_mlp_ceb_beta_5,4,linf,0.05,0.107000,0.000000
mnist_mlp_ceb_beta_5,4,linf,0.1,0.107000,0.000000
mnist_mlp_ceb_beta_5,4,linf,0.15,0.107000,0.000000
mnist_mlp_ceb_beta_5,4,linf,0.2,0.107000,0.000000
mnist_mlp_ceb_beta_5,4,linf,0.25,0.107000,0.000000
mnist_mlp_ceb_beta_5,4,linf,0.3,0.107000,0.000000
mnist_mlp_ceb_beta_5,4,l2,1,0.107000,0.000000
mnist_mlp_ceb_beta_5,4,l2,2,0.107000,0.000000
mnist_mlp_ceb_beta_5,4,l2,3,0.107000,0.000000
mnist_mlp_ceb_beta_5,4,l2,4,0.107000,0.000000
mnist_mlp_ceb_beta_5,4,l2,5,0.107000,0.000000
mnist_mlp_ceb_beta_5,4,l2,6,0.107000,0.000000
mnist_mlp_ceb_beta_5,5,none,0,0.126000,
mnist_mlp_ceb_beta_5,5,linf,0.05,0.126000,0.000000
mnist_mlp_ceb_beta_5,5,linf,0.1,0.126000,0.000000
mnist_mlp_ceb_beta_5,5,linf,0.15,0.126000,0.000000
mnist_mlp_ceb_beta_5,5,linf,0.2,0.126000,0.000000
mnist_mlp_ceb_beta_5,5,linf,0.25,0.126000,0.000000
mnist_mlp_ceb_beta_5,5,linf,0.3,0.126000,0.000000
mnist_mlp_ceb_beta_5,5,l2,1,0.126000,0.000000
mnist_mlp_ceb_beta_5,5,l2,2,0.126000,0.000000
mnist_mlp_ceb_beta_5,5,l2,3,0.126000,0.000000
mnist_mlp_ceb_beta_5,5,l2,4,0.126000,0.000000
mnist_mlp_ceb_beta_5,5,l2,5,0.126000,0.000000
mnist_mlp_ceb_beta_5,5,l2,6,0.126000,0.000000
mnist_mlp_ceb_beta_5e-05,1,none,0,0.980000,
mnist_mlp_ceb_beta_5e-05,1,linf,0.05,0.924000,0.057143
mnist_mlp_ceb_beta_5e-05,1,linf,0.1,0.777000,0.207143
mnist_mlp_ceb_beta_5e-05,1,linf,0.15,0.487000,0.503061
mnist_mlp_ceb_beta_5e-05,1,linf,0.2,0.255000,0.739796
mnist_mlp_ceb_beta_5e-05,1,linf,0.25,0.135000,0.862245
mnist_mlp_ceb_beta_5e-05,1,linf,0.3,0.091000,0.907143
mnist_mlp_ceb_beta_5e-05,1,l2,1,0.926000,0.055102
mnist_mlp_ceb_beta_5e-05,1,l2,2,0.773000,0.211224
mnist_mlp_ceb_beta_5e-05,1,l2,3,0.488000,0.502041
mnist_mlp_ceb_beta_5e-05,1,l2,4,0.233000,0.762245
mnist_mlp_ceb_beta_5e-05,1,l2,5,0.127000,0.870408
mnist_mlp_ceb_beta_5e-05,1,l2,6,0.085000,0.913265
mnist_mlp_ceb_beta_5e-05,2,none,0,0.984000,
mnist_mlp_ceb_beta_5e-05,2,linf,0.05,0.940000,0.044715
mnist_mlp_ceb_beta_5e-05,2,linf,0.1,0.788000,0.199187
mnist_mlp_ceb_beta_5e-05,2,linf,0.15,0.501000,0.490854
mnist_mlp_ceb_beta_5e-05,2,linf,0.2,0.285000,0.710366
mnist_mlp_ceb_beta_5e-05,2,linf,0.25,0.170000,0.827236
mnist_mlp_ceb_beta_5e-05,2,linf,0.3,0.118000,0.880081
mnist_mlp_ceb_beta_5e-05,2,l2,1,0.937000,0.047764
mnist_mlp_ceb_beta_5e-05,2,l2,2,0.782000,0.205285
mnist_mlp_ceb_beta_5e-05,2,l2,3,0.491000,0.501016
mnist_mlp_ceb_beta_5e-05,2,l2,4,0.269000,0.726626
mnist_mlp_ceb_beta_5e-05,2,l2,5,0.156000,0.841463
mnist_mlp_ceb_beta_5e-05,2,l2,6,0.112000,0.886179
mnist_mlp_ceb_beta_5e-05,3,none,0,0.981000,
mnist_mlp_ceb_beta_5e-05,3,linf,0.05,0.940000,0.041794
mnist_mlp_ceb_beta_5e-05,3,linf,0.1,0.761000,0.224261
mnist_mlp_ceb_beta_5e-05,3,linf,0.15,0.417000,0.574924
mnist_mlp_ceb_beta_5e-05,3,linf,0.2,0.219000,0.776758
mnist_mlp_ceb_beta_5e-05,3,linf,0.25,0.106000,0.891947
mnist_mlp_ceb_beta_5e-05,3,linf,0.3,0.059000,0.939857
mnist_mlp_ceb_beta_5e-05,3,l2,1,0.938000,0.043833
mnist_mlp_ceb_beta_5e-05,3,l2,2,0.764000,0.221203
mnist_mlp_ceb_beta_5e-05,3,l2,3,0.427000,0.564730
mnist_mlp_ceb_beta_5e-05,3,l2,4,0.222000,0.773700
mnist_mlp_ceb_beta_5e-05,3,l2,5,0.105000,0.892966
mnist_mlp_ceb_beta_5e-05,3,l2,6,0.063000,0.935780
mnist_mlp_ceb_beta_5e-05,4,none,0,0.976000,
mnist_mlp_ceb_beta_5e-05,4,linf,0.05,0.927000,0.050205
mnist_mlp_ceb_beta_5e-05,4,linf,0.1,0.720000,0.262295
mnist_mlp_ceb_beta_5e-05,4,linf,0.15,0.424000,0.565574
mnist_mlp_ceb_beta_5e-05,4,linf,0.2,0.202000,0.793033
mnist_mlp_ceb_beta_5e-05,4,linf,0.25,0.081000,0.917008
mnist_mlp_ceb_beta_5e-05,4,linf,0.3,0.032000,0.967213
mnist_mlp_ceb_beta_5e-05,4,l2,1,0.925000,0.052254
mnist_mlp_ceb_beta_5e-05,4,l2,2,0.733000,0.248975
mnist_mlp_ceb_beta_5e-05,4,l2,3,0.425000,0.564549
mnist_mlp_ceb_beta_5e-05,4,l2,4,0.209000,0.785861
mnist_mlp_ceb_beta_5e-05,4,l2,5,0.089000,0.908811
mnist_mlp_ceb_beta_5e-05,4,l2,6,0.033000,0.966189
mnist_mlp_ceb_beta_5e-05,5,none,0,0.974000,
mnist_mlp_ceb_beta_5e-05,5,linf,0.05,0.903000,0.072895
mnist_mlp_ceb_beta_5e-05,5,linf,0.1,0.731000,0.249487
mnist_mlp_ceb_beta_5e-05,5,linf,0.15,0.483000,0.504107
mnist_mlp_ceb_beta_5e-05,5,linf,0.2,0.224000,0.770021
mnist_mlp_ceb_beta_5e-05,5,linf,0.25,0.117000,0.879877
mnist_mlp_ceb_beta_5e-05,5,linf,0.3,0.079000,0.918891
mnist_mlp_ceb_beta_5e-05,5,l2,1,0.903000,0.072895
mnist_mlp_ceb_beta_5e-05,5,l2,2,0.730000,0.250513
mnist_mlp_ceb_beta_5e-05,5,l2,3,0.494000,0.492813
mnist_mlp_ceb_beta_5e-05,5,l2,4,0.227000,0.766940
mnist_mlp_ceb_beta_5e-05,5,l2,5,0.117000,0.879877
mnist_mlp_ceb_beta_5e-05,5,l2,6,0.072000,0.926078
mnist_mlp_ceb_beta_10,1,none,0,0.099000,
mnist_mlp_ceb_beta_10,1,linf,0.05,0.099000,0.000000
mnist_mlp_ceb_beta_10,1,linf,0.1,0.099000,0.000000
mnist_mlp_ceb_beta_10,1,linf,0.15,0.099000,0.000000
mnist_mlp_ceb_beta_10,1,linf,0.2,0.099000,0.000000
mnist_mlp_ceb_beta_10,1,linf,0.25,0.099000,0.000000
mnist_mlp_ceb_beta_10,1,linf,0.3,0.099000,0.000000
mnist_mlp_ceb_beta_10,1,l2,1,0.099000,0.000000
mnist_mlp_ceb_beta_10,1,l2,2,0.099000,0.000000
mnist_mlp_ceb_beta_10,1,l2,3,0.099000,0.000000
mnist_mlp_ceb_beta_10,1,l2,4,0.099000,0.000000
mnist_mlp_ceb_beta_10,1,l2,5,0.099000,0.000000
mnist_mlp_ceb_beta_10,1,l2,6,0.099000,0.000000
mnist_mlp_ceb_beta_10,2,none,0,0.126000,
mnist_mlp_ceb_beta_10,2,linf,0.05,0.126000,0.000000
mnist_mlp_ceb_beta_10,2,linf,0.1,0.126000,0.000000
mnist_mlp_ceb_beta_10,2,linf,0.15,0.126000,0.000000
mnist_mlp_ceb_beta_10,2,linf,0.2,0.126000,0.000000
mnist_mlp_ceb_beta_10,2,linf,0.25,0.126000,0.000000
mnist_mlp_ceb_beta_10,2,linf,0.3,0.126000,0.000000
mnist_mlp_ceb_beta_10,2,l2,1,0.126000,0.000000
mnist_mlp_ceb_beta_10,2,l2,2,0.126000,0.000000
mnist_mlp_ceb_beta_10,2,l2,3,0.126000,0.000000
mnist_mlp_ceb_beta_10,2,l2,4,0.126000,0.000000
mnist_mlp_ceb_beta_10,2,l2,5,0.126000,0.000000
mnist_mlp_ceb_beta_10,2,l2,6,0.126000,0.000000
mnist_mlp_ceb_beta_10,3,none,0,0.107000,
mnist_mlp_ceb_beta_10,3,linf,0.05,0.107000,0.000000
mnist_mlp_ceb_beta_10,3,linf,0.1,0.107000,0.000000
mnist_mlp_ceb_beta_10,3,linf,0.15,0.107000,0.000000
mnist_mlp_ceb_beta_10,3,linf,0.2,0.107000,0.000000
mnist_mlp_ceb_beta_10,3,linf,0.25,0.107000,0.000000
mnist_mlp_ceb_beta_10,3,linf,0.3,0.107000,0.000000
mnist_mlp_ceb_beta_10,3,l2,1,0.107000,0.000000
mnist_mlp_ceb_beta_10,3,l2,2,0.107000,0.000000
mnist_mlp_ceb_beta_10,3,l2,3,0.107000,0.000000
mnist_mlp_ceb_beta_10,3,l2,4,0.107000,0.000000
mnist_mlp_ceb_beta_10,3,l2,5,0.107000,0.000000
mnist_mlp_ceb_beta_10,3,l2,6,0.107000,0.000000
mnist_mlp_ceb_beta_10,4,none,0,0.107000,
mnist_mlp_ceb_beta_10,4,linf,0.05,0.107000,0.000000
mnist_mlp_ceb_beta_10,4,linf,0.1,0.107000,0.000000
mnist_mlp_ceb_beta_10,4,linf,0.15,0.107000,0.000000
mnist_mlp_ceb_beta_10,4,linf,0.2,0.107000,0.000000
mnist_mlp_ceb_beta_10,4,linf,0.25,0.107000,0.000000
mnist_mlp_ceb_beta_10,4,linf,0.3,0.107000,0.000000
mnist_mlp_ceb_beta_10,4,l2,1,0.107000,0.000000
mnist_mlp_ceb_beta_10,4,l2,2,0.107000,0.000000
mnist_mlp_ceb_beta_10,4,l2,3,0.107000,0.000000
mnist_mlp_ceb_beta_10,4,l2,4,0.107000,0.000000
mnist_mlp_ceb_beta_10,4,l2,5,0.107000,0.000000
mnist_mlp_ceb_beta_10,4,l2,6,0.107000,0.000000
mnist_mlp_ceb_beta_10,5,none,0,0.126000,
mnist_mlp_ceb_beta_10,5,linf,0.05,0.126000,0.000000
mnist_mlp_ceb_beta_10,5,linf,0.1,0.126000,0.000000
mnist_mlp_ceb_beta_10,5,linf,0.15,0.126000,0.000000
mnist_mlp_ceb_beta_10,5,linf,0.2,0.126000,0.000000
mnist_mlp_ceb_beta_10,5,linf,0.25,0.126000,0.000000
mnist_mlp_ceb_beta_10,5,linf,0.3,0.126000,0.000000
mnist_mlp_ceb_beta_10,5,l2,1,0.126000,0.000000
mnist_mlp_ceb_beta_10,5,l2,2,0.126000,0.000000
mnist_mlp_ceb_beta_10,5,l2,3,0.126000,0.000000
mnist_mlp_ceb_beta_10,5,l2,4,0.126000,0.000000
mnist_mlp_ceb_beta_10,5,l2,5,0.126000,0.000000
mnist_mlp_ceb_beta_10,5,l2,6,0.126000,0.000000
mnist_mlp_ceb_beta_15,1,none,0,0.099000,
mnist_mlp_ceb_beta_15,1,linf,0.05,0.099000,0.000000
mnist_mlp_ceb_beta_15,1,linf,0.1,0.099000,0.000000
mnist_mlp_ceb_beta_15,1,linf,0.15,0.099000,0.000000
mnist_mlp_ceb_beta_15,1,linf,0.2,0.099000,0.000000
mnist_mlp_ceb_beta_15,1,linf,0.25,0.099000,0.000000
mnist_mlp_ceb_beta_15,1,linf,0.3,0.099000,0.000000
mnist_mlp_ceb_beta_15,1,l2,1,0.099000,0.000000
mnist_mlp_ceb_beta_15,1,l2,2,0.099000,0.000000
mnist_mlp_ceb_beta_15,1,l2,3,0.099000,0.000000
mnist_mlp_ceb_beta_15,1,l2,4,0.099000,0.000000
mnist_mlp_ceb_beta_15,1,l2,5,0.099000,0.000000
mnist_mlp_ceb_beta_15,1,l2,6,0.099000,0.000000
mnist_mlp_ceb_beta_15,2,none,0,0.126000,
mnist_mlp_ceb_beta_15,2,linf,0.05,0.126000,0.000000
mnist_mlp_ceb_beta_15,2,linf,0.1,0.126000,0.000000
mnist_mlp_ceb_beta_15,2,linf,0.15,0.126000,0.000000
mnist_mlp_ceb_beta_15,2,linf,0.2,0.126000,0.000000
mnist_mlp_ceb_beta_15,2,linf,0.25,0.126000,0.000000
mnist_mlp_ceb_beta_15,2,linf,0.3,0.126000,0.000000
mnist_mlp_ceb_beta_15,2,l2,1,0.126000,0.000000
mnist_mlp_ceb_beta_15,2,l2,2,0.126000,0.000000
mnist_mlp_ceb_beta_15,2,l2,3,0.126000,0.000000
mnist_mlp_ceb_beta_15,2,l2,4,0.126000,0.000000
mnist_mlp_ceb_beta_15,2,l2,5,0.126000,0.000000
mnist_mlp_ceb_beta_15,2,l2,6,0.126000,0.000000
mnist_mlp_ceb_beta_15,3,none,0,0.107000,
mnist_mlp_ceb_beta_15,3,linf,0.05,0.107000,0.000000
mnist_mlp_ceb_beta_15,3,linf,0.1,0.107000,0.000000
mnist_mlp_ceb_beta_15,3,linf,0.15,0.107000,0.000000
mnist_mlp_ceb_beta_15,3,linf,0.2,0.107000,0.000000
mnist_mlp_ceb_beta_15,3,linf,0.25,0.107000,0.000000
mnist_mlp_ceb_beta_15,3,linf,0.3,0.107000,0.000000
mnist_mlp_ceb_beta_15,3,l2,1,0.107000,0.000000
mnist_mlp_ceb_beta_15,3,l2,2,0.107000,0.000000
mnist_mlp_ceb_beta_15,3,l2,3,0.107000,0.000000
mnist_mlp_ceb_beta_15,3,l2,4,0.107000,0.000000
mnist_mlp_ceb_beta_15,3,l2,5,0.107000,0.000000
mnist_mlp_ceb_beta_15,3,l2,6,0.107000,0.000000
mnist_mlp_ceb_beta_15,4,none,0,0.107000,
mnist_mlp_ceb_beta_15,4,linf,0.05,0.107000,0.000000
mnist_mlp_ceb_beta_15,4,linf,0.1,0.107000,0.000000
mnist_mlp_ceb_beta_15,4,linf,0.15,0.107000,0.000000
mnist_mlp_ceb_beta_15,4,linf,0.2,0.107000,0.000000
mnist_mlp_ceb_beta_15,4,linf,0.25,0.107000,0.000000
mnist_mlp_ceb_beta_15,4,linf,0.3,0.107000,0.000000
mnist_mlp_ceb_beta_15,4,l2,1,0.107000,0.000000
mnist_mlp_ceb_beta_15,4,l2,2,0.107000,0.000000
mnist_mlp_ceb_beta_15,4,l2,3,0.107000,0.000000
mnist_mlp_ceb_beta_15,4,l2,4,0.107000,0.000000
mnist_mlp_ceb_beta_15,4,l2,5,0.107000,0.000000
mnist_mlp_ceb_beta_15,4,l2,6,0.107000,0.000000
mnist_mlp_ceb_beta_15,5,none,0,0.126000,
mnist_mlp_ceb_beta_15,5,linf,0.05,0.126000,0.000000
mnist_mlp_ceb_beta_15,5,linf,0.1,0.126000,0.000000
mnist_mlp_ceb_beta_15,5,linf,0.15,0.126000,0.000000
mnist_mlp_ceb_beta_15,5,linf,0.2,0.126000,0.000000
mnist_mlp_ceb_beta_15,5,linf,0.25,0.126000,0.000000
mnist_mlp_ceb_beta_15,5,linf,0.3,0.126000,0.000000
mnist_mlp_ceb_beta_15,5,l2,1,0.126000,0.000000
mnist_mlp_ceb_beta_15,5,l2,2,0.126000,0.000000
mnist_mlp_ceb_beta_15,5,l2,3,0.126000,0.000000
mnist_mlp_ceb_beta_15,5,l2,4,0.126000,0.000000
mnist_mlp_ceb_beta_15,5,l2,5,0.126000,0.000000
mnist_mlp_ceb_beta_15,5,l2,6,0.126000,0.000000
mnist_mlp_ceb_beta_20,1,none,0,0.099000,
mnist_mlp_ceb_beta_20,1,linf,0.05,0.099000,0.000000
mnist_mlp_ceb_beta_20,1,linf,0.1,0.099000,0.000000
mnist_mlp_ceb_beta_20,1,linf,0.15,0.099000,0.000000
mnist_mlp_ceb_beta_20,1,linf,0.2,0.099000,0.000000
mnist_mlp_ceb_beta_20,1,linf,0.25,0.099000,0.000000
mnist_mlp_ceb_beta_20,1,linf,0.3,0.099000,0.000000
mnist_mlp_ceb_beta_20,1,l2,1,0.099000,0.000000
mnist_mlp_ceb_beta_20,1,l2,2,0.099000,0.000000
mnist_mlp_ceb_beta_20,1,l2,3,0.099000,0.000000
mnist_mlp_ceb_beta_20,1,l2,4,0.099000,0.000000
mnist_mlp_ceb_beta_20,1,l2,5,0.099000,0.000000
mnist_mlp_ceb_beta_20,1,l2,6,0.099000,0.000000
mnist_mlp_ceb_beta_20,2,none,0,0.126000,
mnist_mlp_ceb_beta_20,2,linf,0.05,0.126000,0.000000
mnist_mlp_ceb_beta_20,2,linf,0.1,0.126000,0.000000
mnist_mlp_ceb_beta_20,2,linf,0.15,0.126000,0.000000
mnist_mlp_ceb_beta_20,2,linf,0.2,0.126000,0.000000
mnist_mlp_ceb_beta_20,2,linf,0.25,0.126000,0.000000
mnist_mlp_ceb_beta_20,2,linf,0.3,0.126000,0.000000
mnist_mlp_ceb_beta_20,2,l2,1,0.126000,0.000000
mnist_mlp_ceb_beta_20,2,l2,2,0.126000,0.000000
mnist_mlp_ceb_beta_20,2,l2,3,0.126000,0.000000
mnist_mlp_ceb_beta_20,2,l2,4,0.126000,0.000000
mnist_mlp_ceb_beta_20,2,l2,5,0.126000,0.000000
mnist_mlp_ceb_beta_20,2,l2,6,0.126000,0.000000
mnist_mlp_ceb_beta_20,3,none,0,0.107000,
mnist_mlp_ceb_beta_20,3,linf,0.05,0.107000,0.000000
mnist_mlp_ceb_beta_20,3,linf,0.1,0.107000,0.000000
mnist_mlp_ceb_beta_20,3,linf,0.15,0.107000,0.000000
mnist_mlp_ceb_beta_20,3,linf,0.2,0.107000,0.000000
mnist_mlp_ceb_beta_20,3,linf,0.25,0.107000,0.000000
mnist_mlp_ceb_beta_20,3,linf,0.3,0.107000,0.000000
mnist_mlp_ceb_beta_20,3,l2,1,0.107000,0.000000
mnist_mlp_ceb_beta_20,3,l2,2,0.107000,0.000000
mnist_mlp_ceb_beta_20,3,l2,3,0.107000,0.000000
mnist_mlp_ceb_beta_20,3,l2,4,0.107000,0.000000
mnist_mlp_ceb_beta_20,3,l2,5,0.107000,0.000000
mnist_mlp_ceb_beta_20,3,l2,6,0.107000,0.000000
mnist_mlp_ceb_beta_20,4,none,0,0.107000,
mnist_mlp_ceb_beta_20,4,linf,0.05,0.107000,0.000000
mnist_mlp_ceb_beta_20,4,linf,0.1,0.107000,0.000000
mnist_mlp_ceb_beta_20,4,linf,0.15,0.107000,0.000000
mnist_mlp_ceb_beta_20,4,linf,0.2,0.107000,0.000000
mnist_mlp_ceb_beta_20,4,linf,0.25,0.107000,0.000000
mnist_mlp_ceb_beta_20,4,linf,0.3,0.107000,0.000000
mnist_mlp_ceb_beta_20,4,l2,1,0.107000,0.000000
mnist_mlp_ceb_beta_20,4,l2,2,0.107000,0.000000
mnist_mlp_ceb_beta_20,4,l2,3,0.107000,0.000000
mnist_mlp_ceb_beta_20,4,l2,4,0.107000,0.000000
mnist_mlp_ceb_beta_20,4,l2,5,0.107000,0.000000
mnist_mlp_ceb_beta_20,4,l2,6,0.107000,0.000000
mnist_mlp_ceb_beta_20,5,none,0,0.126000,
mnist_mlp_ceb_beta_20,5,linf,0.05,0.126000,0.000000
mnist_mlp_ceb_beta_20,5,linf,0.1,0.126000,0.000000
mnist_mlp_ceb_beta_20,5,linf,0.15,0.126000,0.000000
mnist_mlp_ceb_beta_20,5,linf,0.2,0.126000,0.000000
mnist_mlp_ceb_beta_20,5,linf,0.25,0.126000,0.000000
mnist_mlp_ceb_beta_20,5,linf,0.3,0.126000,0.000000
mnist_mlp_ceb_beta_20,5,l2,1,0.126000,0.000000
mnist_mlp_ceb_beta_20,5,l2,2,0.126000,0.000000
mnist_mlp_ceb_beta_20,5,l2,3,0.126000,0.000000
mnist_mlp_ceb_beta_20,5,l2,4,0.126000,0.000000
mnist_mlp_ceb_beta_20,5,l2,5,0.126000,0.000000
mnist_mlp_ceb_beta_20,5,l2,6,0.126000,0.000000
mnist_mlp_ceb_beta_25,1,none,0,0.099000,
mnist_mlp_ceb_beta_25,1,linf,0.05,0.099000,0.000000
mnist_mlp_ceb_beta_25,1,linf,0.1,0.099000,0.000000
mnist_mlp_ceb_beta_25,1,linf,0.15,0.099000,0.000000
mnist_mlp_ceb_beta_25,1,linf,0.2,0.099000,0.000000
mnist_mlp_ceb_beta_25,1,linf,0.25,0.099000,0.000000
mnist_mlp_ceb_beta_25,1,linf,0.3,0.099000,0.000000
mnist_mlp_ceb_beta_25,1,l2,1,0.099000,0.000000
mnist_mlp_ceb_beta_25,1,l2,2,0.099000,0.000000
mnist_mlp_ceb_beta_25,1,l2,3,0.099000,0.000000
mnist_mlp_ceb_beta_25,1,l2,4,0.099000,0.000000
mnist_mlp_ceb_beta_25,1,l2,5,0.099000,0.000000
mnist_mlp_ceb_beta_25,1,l2,6,0.099000,0.000000
mnist_mlp_ceb_beta_25,2,none,0,0.126000,
mnist_mlp_ceb_beta_25,2,linf,0.05,0.126000,0.000000
mnist_mlp_ceb_beta_25,2,linf,0.1,0.126000,0.000000
mnist_mlp_ceb_beta_25,2,linf,0.15,0.126000,0.000000
mnist_mlp_ceb_beta_25,2,linf,0.2,0.126000,0.000000
mnist_mlp_ceb_beta_25,2,linf,0.25,0.126000,0.000000
mnist_mlp_ceb_beta_25,2,linf,0.3,0.126000,0.000000
mnist_mlp_ceb_beta_25,2,l2,1,0.126000,0.000000
mnist_mlp_ceb_beta_25,2,l2,2,0.126000,0.000000
mnist_mlp_ceb_beta_25,2,l2,3,0.126000,0.000000
mnist_mlp_ceb_beta_25,2,l2,4,0.126000,0.000000
mnist_mlp_ceb_beta_25,2,l2,5,0.126000,0.000000
mnist_mlp_ceb_beta_25,2,l2,6,0.126000,0.000000
mnist_mlp_ceb_beta_25,3,none,0,0.107000,
mnist_mlp_ceb_beta_25,3,linf,0.05,0.107000,0.000000
mnist_mlp_ceb_beta_25,3,linf,0.1,0.107000,0.000000
mnist_mlp_ceb_beta_25,3,linf,0.15,0.107000,0.000000
mnist_mlp_ceb_beta_25,3,linf,0.2,0.107000,0.000000
mnist_mlp_ceb_beta_25,3,linf,0.25,0.107000,0.000000
mnist_mlp_ceb_beta_25,3,linf,0.3,0.107000,0.000000
mnist_mlp_ceb_beta_25,3,l2,1,0.107000,0.000000
mnist_mlp_ceb_beta_25,3,l2,2,0.107000,0.000000
mnist_mlp_ceb_beta_25,3,l2,3,0.107000,0.000000
mnist_mlp_ceb_beta_25,3,l2,4,0.107000,0.000000
mnist_mlp_ceb_beta_25,3,l2,5,0.107000,0.000000
mnist_mlp_ceb_beta_25,3,l2,6,0.107000,0.000000
mnist_mlp_ceb_beta_25,4,none,0,0.107000,
mnist_mlp_ceb_beta_25,4,linf,0.05,0.107000,0.000000
mnist_mlp_ceb_beta_25,4,linf,0.1,0.107000,0.000000
mnist_mlp_ceb_beta_25,4,linf,0.15,0.107000,0.000000
mnist_mlp_ceb_beta_25,4,linf,0.2,0.107000,0.000000
mnist_mlp_ceb_beta_25,4,linf,0.25,0.107000,0.000000
mnist_mlp_ceb_beta_25,4,linf,0.3,0.107000,0.000000
mnist_mlp_ceb_beta_25,4,l2,1,0.107000,0.000000
mnist_mlp_ceb_beta_25,4,l2,2,0.107000,0.000000
mnist_mlp_ceb_beta_25,4,l2,3,0.107000,0.000000
mnist_mlp_ceb_beta_25,4,l2,4,0.107000,0.000000
mnist_mlp_ceb_beta_25,4,l2,5,0.107000,0.000000
mnist_mlp_ceb_beta_25,4,l2,6,0.107000,0.000000
mnist_mlp_ceb_beta_25,5,none,0,0.126000,
mnist_mlp_ceb_beta_25,5,linf,0.05,0.126000,0.000000
mnist_mlp_ceb_beta_25,5,linf,0.1,0.126000,0.000000
mnist_mlp_ceb_beta_25,5,linf,0.15,0.126000,0.000000
mnist_mlp_ceb_beta_25,5,linf,0.2,0.126000,0.000000
mnist_mlp_ceb_beta_25,5,linf,0.25,0.126000,0.000000
mnist_mlp_ceb_beta_25,5,linf,0.3,0.126000,0.000000
mnist_mlp_ceb_beta_25,5,l2,1,0.126000,0.000000
mnist_mlp_ceb_beta_25,5,l2,2,0.126000,0.000000
mnist_mlp_ceb_beta_25,5,l2,3,0.126000,0.000000
mnist_mlp_ceb_beta_25,5,l2,4,0.126000,0.000000
mnist_mlp_ceb_beta_25,5,l2,5,0.126000,0.000000
mnist_mlp_ceb_beta_25,5,l2,6,0.126000,0.000000
mnist_mlp_opb_beta_0.0001_anchor_1,1,none,0,0.980000,
mnist_mlp_opb_beta_0.0001_anchor_1,1,linf,0.05,0.930000,0.051020
mnist_mlp_opb_beta_0.0001_anchor_1,1,linf,0.1,0.780000,0.204082
mnist_mlp_opb_beta_0.0001_anchor_1,1,linf,0.15,0.519000,0.470408
mnist_mlp_opb_beta_0.0001_anchor_1,1,linf,0.2,0.259000,0.735714
mnist_mlp_opb_beta_0.0001_anchor_1,1,linf,0.25,0.101000,0.896939
mnist_mlp_opb_beta_0.0001_anchor_1,1,linf,0.3,0.041000,0.958163
mnist_mlp_opb_beta_0.0001_anchor_1,1,l2,1,0.932000,0.048980
mnist_mlp_opb_beta_0.0001_anchor_1,1,l2,2,0.782000,0.202041
mnist_mlp_opb_beta_0.0001_anchor_1,1,l2,3,0.515000,0.474490
mnist_mlp_opb_beta_0.0001_anchor_1,1,l2,4,0.270000,0.724490
mnist_mlp_opb_beta_0.0001_anchor_1,1,l2,5,0.099000,0.898980
mnist_mlp_opb_beta_0.0001_anchor_1,1,l2,6,0.039000,0.960204
mnist_mlp_opb_beta_0.0001_anchor_1,2,none,0,0.981000,
mnist_mlp_opb_beta_0.0001_anchor_1,2,linf,0.05,0.932000,0.049949
mnist_mlp_opb_beta_0.0001_anchor_1,2,linf,0.1,0.776000,0.208970
mnist_mlp_opb_beta_0.0001_anchor_1,2,linf,0.15,0.536000,0.453619
mnist_mlp_opb_beta_0.0001_anchor_1,2,linf,0.2,0.256000,0.739042
mnist_mlp_opb_beta_0.0001_anchor_1,2,linf,0.25,0.107000,0.890928
mnist_mlp_opb_beta_0.0001_anchor_1,2,linf,0.3,0.052000,0.946993
mnist_mlp_opb_beta_0.0001_anchor_1,2,l2,1,0.933000,0.048930
mnist_mlp_opb_beta_0.0001_anchor_1,2,l2,2,0.783000,0.201835
mnist_mlp_opb_beta_0.0001_anchor_1,2,l2,3,0.530000,0.459735
mnist_mlp_opb_beta_0.0001_anchor_1,2,l2,4,0.257000,0.738022
mnist_mlp_opb_beta_0.0001_anchor_1,2,l2,5,0.102000,0.896024
mnist_mlp_opb_beta_0.0001_anchor_1,2,l2,6,0.052000,0.946993
mnist_mlp_opb_beta_0.0001_anchor_1,3,none,0,0.978000,
mnist_mlp_opb_beta_0.0001_anchor_1,3,linf,0.05,0.920000,0.059305
mnist_mlp_opb_beta_0.0001_anchor_1,3,linf,0.1,0.766000,0.216769
mnist_mlp_opb_beta_0.0001_anchor_1,3,linf,0.15,0.457000,0.532720
mnist_mlp_opb_beta_0.0001_anchor_1,3,linf,0.2,0.236000,0.758691
mnist_mlp_opb_beta_0.0001_anchor_1,3,linf,0.25,0.109000,0.888548
mnist_mlp_opb_beta_0.0001_anchor_1,3,linf,0.3,0.041000,0.958078
mnist_mlp_opb_beta_0.0001_anchor_1,3,l2,1,0.922000,0.057260
mnist_mlp_opb_beta_0.0001_anchor_1,3,l2,2,0.770000,0.212679
mnist_mlp_opb_beta_0.0001_anchor_1,3,l2,3,0.477000,0.512270
mnist_mlp_opb_beta_0.0001_anchor_1,3,l2,4,0.229000,0.765849
mnist_mlp_opb_beta_0.0001_anchor_1,3,l2,5,0.103000,0.894683
mnist_mlp_opb_beta_0.0001_anchor_1,3,l2,6,0.034000,0.965235
mnist_mlp_opb_beta_0.0001_anchor_1,4,none,0,0.982000,
mnist_mlp_opb_beta_0.0001_anchor_1,4,linf,0.05,0.922000,0.061100
mnist_mlp_opb_beta_0.0001_anchor_1,4,linf,0.1,0.772000,0.213849
mnist_mlp_opb_beta_0.0001_anchor_1,4,linf,0.15,0.465000,0.526477
mnist_mlp_opb_beta_0.0001_anchor_1,4,linf,0.2,0.266000,0.729124
mnist_mlp_opb_beta_0.0001_anchor_1,4,linf,0.25,0.124000,0.873727
mnist_mlp_opb_beta_0.0001_anchor_1,4,linf,0.3,0.055000,0.943992
mnist_mlp_opb_beta_0.0001_anchor_1,4,l2,1,0.919000,0.064155
mnist_mlp_opb_beta_0.0001_anchor_1,4,l2,2,0.767000,0.218941
mnist_mlp_opb_beta_0.0001_anchor_1,4,l2,3,0.458000,0.533605
mnist_mlp_opb_beta_0.0001_anchor_1,4,l2,4,0.252000,0.743381
mnist_mlp_opb_beta_0.0001_anchor_1,4,l2,5,0.114000,0.883910
mnist_mlp_opb_beta_0.0001_anchor_1,4,l2,6,0.055000,0.943992
mnist_mlp_opb_beta_0.0001_anchor_1,5,none,0,0.982000,
mnist_mlp_opb_beta_0.0001_anchor_1,5,linf,0.05,0.927000,0.056008
mnist_mlp_opb_beta_0.0001_anchor_1,5,linf,0.1,0.779000,0.206721
mnist_mlp_opb_beta_0.0001_anchor_1,5,linf,0.15,0.521000,0.469450
mnist_mlp_opb_beta_0.0001_anchor_1,5,linf,0.2,0.247000,0.748472
mnist_mlp_opb_beta_0.0001_anchor_1,5,linf,0.25,0.097000,0.901222
mnist_mlp_opb_beta_0.0001_anchor_1,5,linf,0.3,0.041000,0.958248
mnist_mlp_opb_beta_0.0001_anchor_1,5,l2,1,0.926000,0.057026
mnist_mlp_opb_beta_0.0001_anchor_1,5,l2,2,0.774000,0.211813
mnist_mlp_opb_beta_0.0001_anchor_1,5,l2,3,0.531000,0.459267
mnist_mlp_opb_beta_0.0001_anchor_1,5,l2,4,0.230000,0.765784
mnist_mlp_opb_beta_0.0001_anchor_1,5,l2,5,0.098000,0.900204
mnist_mlp_opb_beta_0.0001_anchor_1,5,l2,6,0.032000,0.967413
mnist_mlp_opb_beta_0.001_anchor_1,1,none,0,0.983000,
mnist_mlp_opb_beta_0.001_anchor_1,1,linf,0.05,0.928000,0.055951
mnist_mlp_opb_beta_0.001_anchor_1,1,linf,0.1,0.766000,0.220753
mnist_mlp_opb_beta_0.001_anchor_1,1,linf,0.15,0.495000,0.496439
mnist_mlp_opb_beta_0.001_anchor_1,1,linf,0.2,0.325000,0.669379
mnist_mlp_opb_beta_0.001_anchor_1,1,linf,0.25,0.181000,0.815870
mnist_mlp_opb_beta_0.001_anchor_1,1,linf,0.3,0.093000,0.905392
mnist_mlp_opb_beta_0.001_anchor_1,1,l2,1,0.930000,0.053917
mnist_mlp_opb_beta_0.001_anchor_1,1,l2,2,0.760000,0.226857
mnist_mlp_opb_beta_0.001_anchor_1,1,l2,3,0.479000,0.512716
mnist_mlp_opb_beta_0.001_anchor_1,1,l2,4,0.295000,0.699898
mnist_mlp_opb_beta_0.001_anchor_1,1,l2,5,0.161000,0.836216
mnist_mlp_opb_beta_0.001_anchor_1,1,l2,6,0.080000,0.918616
mnist_mlp_opb_beta_0.001_anchor_1,2,none,0,0.980000,
mnist_mlp_opb_beta_0.001_anchor_1,2,linf,0.05,0.933000,0.047959
mnist_mlp_opb_beta_0.001_anchor_1,2,linf,0.1,0.793000,0.190816
mnist_mlp_opb_beta_0.001_anchor_1,2,linf,0.15,0.540000,0.448980
mnist_mlp_opb_beta_0.001_anchor_1,2,linf,0.2,0.290000,0.704082
mnist_mlp_opb_beta_0.001_anchor_1,2,linf,0.25,0.146000,0.851020
mnist_mlp_opb_beta_0.001_anchor_1,2,linf,0.3,0.078000,0.920408
mnist_mlp_opb_beta_0.001_anchor_1,2,l2,1,0.936000,0.044898
mnist_mlp_opb_beta_0.001_anchor_1,2,l2,2,0.794000,0.189796
mnist_mlp_opb_beta_0.001_anchor_1,2,l2,3,0.540000,0.448980
mnist_mlp_opb_beta_0.001_anchor_1,2,l2,4,0.283000,0.711224
mnist_mlp_opb_beta_0.001_anchor_1,2,l2,5,0.144000,0.853061
mnist_mlp_opb_beta_0.001_anchor_1,2,l2,6,0.078000,0.920408
mnist_mlp_opb_beta_0.001_anchor_1,3,none,0,0.981000,
mnist_mlp_opb_beta_0.001_anchor_1,3,linf,0.05,0.934000,0.047910
mnist_mlp_opb_beta_0.001_anchor_1,3,linf,0.1,0.768000,0.217125
mnist_mlp_opb_beta_0.001_anchor_1,3,linf,0.15,0.505000,0.485219
mnist_mlp_opb_beta_0.001_anchor_1,3,linf,0.2,0.312000,0.681957
mnist_mlp_opb_beta_0.001_anchor_1,3,linf,0.25,0.188000,0.808359
mnist_mlp_opb_beta_0.001_anchor_1,3,linf,0.3,0.087000,0.911315
mnist_mlp_opb_beta_0.001_anchor_1,3,l2,1,0.933000,0.048930
mnist_mlp_opb_beta_0.001_anchor_1,3,l2,2,0.772000,0.213048
mnist_mlp_opb_beta_0.001_anchor_1,3,l2,3,0.519000,0.470948
mnist_mlp_opb_beta_0.001_anchor_1,3,l2,4,0.305000,0.689093
mnist_mlp_opb_beta_0.001_anchor_1,3,l2,5,0.183000,0.813456
mnist_mlp_opb_beta_0.001_anchor_1,3,l2,6,0.082000,0.916412
mnist_mlp_opb_beta_0.001_anchor_1,4,none,0,0.983000,
mnist_mlp_opb_beta_0.001_anchor_1,4,linf,0.05,0.927000,0.056968
mnist_mlp_opb_beta_0.001_anchor_1,4,linf,0.1,0.775000,0.211597
mnist_mlp_opb_beta_0.001_anchor_1,4,linf,0.15,0.464000,0.527976
mnist_mlp_opb_beta_0.001_anchor_1,4,linf,0.2,0.255000,0.740590
mnist_mlp_opb_beta_0.001_anchor_1,4,linf,0.25,0.122000,0.875890
mnist_mlp_opb_beta_0.001_anchor_1,4,linf,0.3,0.056000,0.943032
mnist_mlp_opb_beta_0.001_anchor_1,4,l2,1,0.927000,0.056968
mnist_mlp_opb_beta_0.001_anchor_1,4,l2,2,0.779000,0.207528
mnist_mlp_opb_beta_0.001_anchor_1,4,l2,3,0.498000,0.493388
mnist_mlp_opb_beta_0.001_anchor_1,4,l2,4,0.241000,0.754832
mnist_mlp_opb_beta_0.001_anchor_1,4,l2,5,0.114000,0.884028
mnist_mlp_opb_beta_0.001_anchor_1,4,l2,6,0.052000,0.947101
mnist_mlp_opb_beta_0.001_anchor_1,5,none,0,0.976000,
mnist_mlp_opb_beta_0.001_anchor_1,5,linf,0.05,0.934000,0.043033
mnist_mlp_opb_beta_0.001_anchor_1,5,linf,0.1,0.765000,0.216189
mnist_mlp_opb_beta_0.001_anchor_1,5,linf,0.15,0.519000,0.468238
mnist_mlp_opb_beta_0.001_anchor_1,5,linf,0.2,0.331000,0.660861
mnist_mlp_opb_beta_0.001_anchor_1,5,linf,0.25,0.181000,0.814549
mnist_mlp_opb_beta_0.001_anchor_1,5,linf,0.3,0.092000,0.905738
mnist_mlp_opb_beta_0.001_anchor_1,5,l2,1,0.935000,0.042008
mnist_mlp_opb_beta_0.001_anchor_1,5,l2,2,0.757000,0.224385
mnist_mlp_opb_beta_0.001_anchor_1,5,l2,3,0.525000,0.462090
mnist_mlp_opb_beta_0.001_anchor_1,5,l2,4,0.302000,0.690574
mnist_mlp_opb_beta_0.001_anchor_1,5,l2,5,0.160000,0.836066
mnist_mlp_opb_beta_0.001_anchor_1,5,l2,6,0.084000,0.913934
mnist_mlp_opb_beta_0.01_anchor_1,1,none,0,0.980000,
mnist_mlp_opb_beta_0.01_anchor_1,1,linf,0.05,0.922000,0.059184
mnist_mlp_opb_beta_0.01_anchor_1,1,linf,0.1,0.789000,0.194898
mnist_mlp_opb_beta_0.01_anchor_1,1,linf,0.15,0.558000,0.430612
mnist_mlp_opb_beta_0.01_anchor_1,1,linf,0.2,0.332000,0.661225
mnist_mlp_opb_beta_0.01_anchor_1,1,linf,0.25,0.184000,0.812245
mnist_mlp_opb_beta_0.01_anchor_1,1,linf,0.3,0.094000,0.904082
mnist_mlp_opb_beta_0.01_anchor_1,1,l2,1,0.926000,0.055102
mnist_mlp_opb_beta_0.01_anchor_1,1,l2,2,0.785000,0.198980
mnist_mlp_opb_beta_0.01_anchor_1,1,l2,3,0.571000,0.417347
mnist_mlp_opb_beta_0.01_anchor_1,1,l2,4,0.322000,0.671429
mnist_mlp_opb_beta_0.01_anchor_1,1,l2,5,0.173000,0.823469
mnist_mlp_opb_beta_0.01_anchor_1,1,l2,6,0.080000,0.918367
mnist_mlp_opb_beta_0.01_anchor_1,2,none,0,0.979000,
mnist_mlp_opb_beta_0.01_anchor_1,2,linf,0.05,0.917000,0.063330
mnist_mlp_opb_beta_0.01_anchor_1,2,linf,0.1,0.769000,0.214505
mnist_mlp_opb_beta_0.01_anchor_1,2,linf,0.15,0.557000,0.431052
mnist_mlp_opb_beta_0.01_anchor_1,2,linf,0.2,0.366000,0.626149
mnist_mlp_opb_beta_0.01_anchor_1,2,linf,0.25,0.208000,0.787538
mnist_mlp_opb_beta_0.01_anchor_1,2,linf,0.3,0.105000,0.892748
mnist_mlp_opb_beta_0.01_anchor_1,2,l2,1,0.922000,0.058223
mnist_mlp_opb_beta_0.01_anchor_1,2,l2,2,0.772000,0.211440
mnist_mlp_opb_beta_0.01_anchor_1,2,l2,3,0.570000,0.417773
mnist_mlp_opb_beta_0.01_anchor_1,2,l2,4,0.347000,0.645557
mnist_mlp_opb_beta_0.01_anchor_1,2,l2,5,0.191000,0.804903
mnist_mlp_opb_beta_0.01_anchor_1,2,l2,6,0.095000,0.902962
mnist_mlp_opb_beta_0.01_anchor_1,3,none,0,0.982000,
mnist_mlp_opb_beta_0.01_anchor_1,3,linf,0.05,0.933000,0.049898
mnist_mlp_opb_beta_0.01_anchor_1,3,linf,0.1,0.778000,0.207739
mnist_mlp_opb_beta_0.01_anchor_1,3,linf,0.15,0.509000,0.481670
mnist_mlp_opb_beta_0.01_anchor_1,3,linf,0.2,0.316000,0.678208
mnist_mlp_opb_beta_0.01_anchor_1,3,linf,0.25,0.192000,0.804481
mnist_mlp_opb_beta_0.01_anchor_1,3,linf,0.3,0.107000,0.891039
mnist_mlp_opb_beta_0.01_anchor_1,3,l2,1,0.939000,0.043788
mnist_mlp_opb_beta_0.01_anchor_1,3,l2,2,0.791000,0.194501
mnist_mlp_opb_beta_0.01_anchor_1,3,l2,3,0.533000,0.457230
mnist_mlp_opb_beta_0.01_anchor_1,3,l2,4,0.295000,0.699593
mnist_mlp_opb_beta_0.01_anchor_1,3,l2,5,0.177000,0.819756
mnist_mlp_opb_beta_0.01_anchor_1,3,l2,6,0.094000,0.904277
mnist_mlp_opb_beta_0.01_anchor_1,4,none,0,0.977000,
mnist_mlp_opb_beta_0.01_anchor_1,4,linf,0.05,0.918000,0.060389
mnist_mlp_opb_beta_0.01_anchor_1,4,linf,0.1,0.745000,0.237462
mnist_mlp_opb_beta_0.01_anchor_1,4,linf,0.15,0.490000,0.498465
mnist_mlp_opb_beta_0.01_anchor_1,4,linf,0.2,0.316000,0.676561
mnist_mlp_opb_beta_0.01_anchor_1,4,linf,0.25,0.192000,0.803480
mnist_mlp_opb_beta_0.01_anchor_1,4,linf,0.3,0.107000,0.890481
mnist_mlp_opb_beta_0.01_anchor_1,4,l2,1,0.923000,0.055271
mnist_mlp_opb_beta_0.01_anchor_1,4,l2,2,0.768000,0.213920
mnist_mlp_opb_beta_0.01_anchor_1,4,l2,3,0.507000,0.481064
mnist_mlp_opb_beta_0.01_anchor_1,4,l2,4,0.300000,0.692938
mnist_mlp_opb_beta_0.01_anchor_1,4,l2,5,0.164000,0.832139
mnist_mlp_opb_beta_0.01_anchor_1,4,l2,6,0.092000,0.905834
mnist_mlp_opb_beta_0.01_anchor_1,5,none,0,0.980000,
mnist_mlp_opb_beta_0.01_anchor_1,5,linf,0.05,0.933000,0.047959
mnist_mlp_opb_beta_0.01_anchor_1,5,linf,0.1,0.737000,0.247959
mnist_mlp_opb_beta_0.01_anchor_1,5,linf,0.15,0.500000,0.489796
mnist_mlp_opb_beta_0.01_anchor_1,5,linf,0.2,0.356000,0.636735
mnist_mlp_opb_beta_0.01_anchor_1,5,linf,0.25,0.188000,0.808163
mnist_mlp_opb_beta_0.01_anchor_1,5,linf,0.3,0.102000,0.895918
mnist_mlp_opb_beta_0.01_anchor_1,5,l2,1,0.936000,0.044898
mnist_mlp_opb_beta_0.01_anchor_1,5,l2,2,0.769000,0.215306
mnist_mlp_opb_beta_0.01_anchor_1,5,l2,3,0.501000,0.488776
mnist_mlp_opb_beta_0.01_anchor_1,5,l2,4,0.320000,0.673469
mnist_mlp_opb_beta_0.01_anchor_1,5,l2,5,0.184000,0.812245
mnist_mlp_opb_beta_0.01_anchor_1,5,l2,6,0.099000,0.898980
mnist_mlp_opb_beta_0.1_anchor_1,1,none,0,0.980000,
mnist_mlp_opb_beta_0.1_anchor_1,1,linf,0.05,0.906000,0.075510
mnist_mlp_opb_beta_0.1_anchor_1,1,linf,0.1,0.644000,0.342857
mnist_mlp_opb_beta_0.1_anchor_1,1,linf,0.15,0.412000,0.579592
mnist_mlp_opb_beta_0.1_anchor_1,1,linf,0.2,0.214000,0.781633
mnist_mlp_opb_beta_0.1_anchor_1,1,linf,0.25,0.118000,0.879592
mnist_mlp_opb_beta_0.1_anchor_1,1,linf,0.3,0.073000,0.925510
mnist_mlp_opb_beta_0.1_anchor_1,1,l2,1,0.917000,0.064286
mnist_mlp_opb_beta_0.1_anchor_1,1,l2,2,0.692000,0.293878
mnist_mlp_opb_beta_0.1_anchor_1,1,l2,3,0.402000,0.589796
mnist_mlp_opb_beta_0.1_anchor_1,1,l2,4,0.215000,0.780612
mnist_mlp_opb_beta_0.1_anchor_1,1,l2,5,0.111000,0.886735
mnist_mlp_opb_beta_0.1_anchor_1,1,l2,6,0.061000,0.937755
mnist_mlp_opb_beta_0.1_anchor_1,2,none,0,0.979000,
mnist_mlp_opb_beta_0.1_anchor_1,2,linf,0.05,0.912000,0.068437
mnist_mlp_opb_beta_0.1_anchor_1,2,linf,0.1,0.667000,0.318693
mnist_mlp_opb_beta_0.1_anchor_1,2,linf,0.15,0.430000,0.560776
mnist_mlp_opb_beta_0.1_anchor_1,2,linf,0.2,0.274000,0.720123
mnist_mlp_opb_beta_0.1_anchor_1,2,linf,0.25,0.162000,0.834525
mnist_mlp_opb_beta_0.1_anchor_1,2,linf,0.3,0.109000,0.888662
mnist_mlp_opb_beta_0.1_anchor_1,2,l2,1,0.918000,0.062308
mnist_mlp_opb_beta_0.1_anchor_1,2,l2,2,0.700000,0.284985
mnist_mlp_opb_beta_0.1_anchor_1,2,l2,3,0.434000,0.556690
mnist_mlp_opb_beta_0.1_anchor_1,2,l2,4,0.250000,0.744637
mnist_mlp_opb_beta_0.1_anchor_1,2,l2,5,0.137000,0.860061
mnist_mlp_opb_beta_0.1_anchor_1,2,l2,6,0.079000,0.919305
mnist_mlp_opb_beta_0.1_anchor_1,3,none,0,0.977000,
mnist_mlp_opb_beta_0.1_anchor_1,3,linf,0.05,0.924000,0.054248
mnist_mlp_opb_beta_0.1_anchor_1,3,linf,0.1,0.747000,0.235415
mnist_mlp_opb_beta_0.1_anchor_1,3,linf,0.15,0.457000,0.532242
mnist_mlp_opb_beta_0.1_anchor_1,3,linf,0.2,0.274000,0.719550
mnist_mlp_opb_beta_0.1_anchor_1,3,linf,0.25,0.153000,0.843398
mnist_mlp_opb_beta_0.1_anchor_1,3,linf,0.3,0.102000,0.895599
mnist_mlp_opb_beta_0.1_anchor_1,3,l2,1,0.925000,0.053224
mnist_mlp_opb_beta_0.1_anchor_1,3,l2,2,0.773000,0.208802
mnist_mlp_opb_beta_0.1_anchor_1,3,l2,3,0.444000,0.545548
mnist_mlp_opb_beta_0.1_anchor_1,3,l2,4,0.252000,0.742068
mnist_mlp_opb_beta_0.1_anchor_1,3,l2,5,0.131000,0.865916
mnist_mlp_opb_beta_0.1_anchor_1,3,l2,6,0.068000,0.930399
mnist_mlp_opb_beta_0.1_anchor_1,4,none,0,0.974000,
mnist_mlp_opb_beta_0.1_anchor_1,4,linf,0.05,0.929000,0.046201
mnist_mlp_opb_beta_0.1_anchor_1,4,linf,0.1,0.734000,0.246407
mnist_mlp_opb_beta_0.1_anchor_1,4,linf,0.15,0.498000,0.488706
mnist_mlp_opb_beta_0.1_anchor_1,4,linf,0.2,0.328000,0.663244
mnist_mlp_opb_beta_0.1_anchor_1,4,linf,0.25,0.219000,0.775154
mnist_mlp_opb_beta_0.1_anchor_1,4,linf,0.3,0.126000,0.870637
mnist_mlp_opb_beta_0.1_anchor_1,4,l2,1,0.931000,0.044148
mnist_mlp_opb_beta_0.1_anchor_1,4,l2,2,0.786000,0.193018
mnist_mlp_opb_beta_0.1_anchor_1,4,l2,3,0.501000,0.485626
mnist_mlp_opb_beta_0.1_anchor_1,4,l2,4,0.307000,0.684805
mnist_mlp_opb_beta_0.1_anchor_1,4,l2,5,0.183000,0.812115
mnist_mlp_opb_beta_0.1_anchor_1,4,l2,6,0.091000,0.906571
mnist_mlp_opb_beta_0.1_anchor_1,5,none,0,0.979000,
mnist_mlp_opb_beta_0.1_anchor_1,5,linf,0.05,0.925000,0.055158
mnist_mlp_opb_beta_0.1_anchor_1,5,linf,0.1,0.717000,0.267620
mnist_mlp_opb_beta_0.1_anchor_1,5,linf,0.15,0.448000,0.542390
mnist_mlp_opb_beta_0.1_anchor_1,5,linf,0.2,0.282000,0.711951
mnist_mlp_opb_beta_0.1_anchor_1,5,linf,0.25,0.167000,0.829418
mnist_mlp_opb_beta_0.1_anchor_1,5,linf,0.3,0.110000,0.887640
mnist_mlp_opb_beta_0.1_anchor_1,5,l2,1,0.929000,0.051072
mnist_mlp_opb_beta_0.1_anchor_1,5,l2,2,0.760000,0.223698
mnist_mlp_opb_beta_0.1_anchor_1,5,l2,3,0.451000,0.539326
mnist_mlp_opb_beta_0.1_anchor_1,5,l2,4,0.272000,0.722165
mnist_mlp_opb_beta_0.1_anchor_1,5,l2,5,0.153000,0.843718
mnist_mlp_opb_beta_0.1_anchor_1,5,l2,6,0.091000,0.907048
mnist_mlp_opb_beta_0.0001_anchor_6,1,none,0,0.980000,
mnist_mlp_opb_beta_0.0001_anchor_6,1,linf,0.05,0.933000,0.047959
mnist_mlp_opb_beta_0.0001_anchor_6,1,linf,0.1,0.735000,0.250000
mnist_mlp_opb_beta_0.0001_anchor_6,1,linf,0.15,0.431000,0.560204
mnist_mlp_opb_beta_0.0001_anchor_6,1,linf,0.2,0.195000,0.801020
mnist_mlp_opb_beta_0.0001_anchor_6,1,linf,0.25,0.092000,0.906122
mnist_mlp_opb_beta_0.0001_anchor_6,1,linf,0.3,0.038000,0.961224
mnist_mlp_opb_beta_0.0001_anchor_6,1,l2,1,0.933000,0.047959
mnist_mlp_opb_beta_0.0001_anchor_6,1,l2,2,0.751000,0.233674
mnist_mlp_opb_beta_0.0001_anchor_6,1,l2,3,0.463000,0.527551
mnist_mlp_opb_beta_0.0001_anchor_6,1,l2,4,0.209000,0.786735
mnist_mlp_opb_beta_0.0001_anchor_6,1,l2,5,0.102000,0.895918
mnist_mlp_opb_beta_0.0001_anchor_6,1,l2,6,0.043000,0.956122
mnist_mlp_opb_beta_0.0001_anchor_6,2,none,0,0.979000,
mnist_mlp_opb_beta_0.0001_anchor_6,2,linf,0.05,0.918000,0.062308
mnist_mlp_opb_beta_0.0001_anchor_6,2,linf,0.1,0.746000,0.237998
mnist_mlp_opb_beta_0.0001_anchor_6,2,linf,0.15,0.439000,0.551583
mnist_mlp_opb_beta_0.0001_anchor_6,2,linf,0.2,0.198000,0.797753
mnist_mlp_opb_beta_0.0001_anchor_6,2,linf,0.25,0.084000,0.914198
mnist_mlp_opb_beta_0.0001_anchor_6,2,linf,0.3,0.028000,0.971399
mnist_mlp_opb_beta_0.0001_anchor_6,2,l2,1,0.921000,0.059244
mnist_mlp_opb_beta_0.0001_anchor_6,2,l2,2,0.772000,0.211440
mnist_mlp_opb_beta_0.0001_anchor_6,2,l2,3,0.479000,0.510725
mnist_mlp_opb_beta_0.0001_anchor_6,2,l2,4,0.220000,0.775281
mnist_mlp_opb_beta_0.0001_anchor_6,2,l2,5,0.097000,0.900919
mnist_mlp_opb_beta_0.0001_anchor_6,2,l2,6,0.038000,0.961185
mnist_mlp_opb_beta_0.0001_anchor_6,3,none,0,0.979000,
mnist_mlp_opb_beta_0.0001_anchor_6,3,linf,0.05,0.923000,0.057201
mnist_mlp_opb_beta_0.0001_anchor_6,3,linf,0.1,0.751000,0.232891
mnist_mlp_opb_beta_0.0001_anchor_6,3,linf,0.15,0.437000,0.553626
mnist_mlp_opb_beta_0.0001_anchor_6,3,linf,0.2,0.203000,0.792646
mnist_mlp_opb_beta_0.0001_anchor_6,3,linf,0.25,0.070000,0.928498
mnist_mlp_opb_beta_0.0001_anchor_6,3,linf,0.3,0.022000,0.977528
mnist_mlp_opb_beta_0.0001_anchor_6,3,l2,1,0.926000,0.054137
mnist_mlp_opb_beta_0.0001_anchor_6,3,l2,2,0.759000,0.224719
mnist_mlp_opb_beta_0.0001_anchor_6,3,l2,3,0.464000,0.526047
mnist_mlp_opb_beta_0.0001_anchor_6,3,l2,4,0.211000,0.784474
mnist_mlp_opb_beta_0.0001_anchor_6,3,l2,5,0.089000,0.909091
mnist_mlp_opb_beta_0.0001_anchor_6,3,l2,6,0.043000,0.956078
mnist_mlp_opb_beta_0.0001_anchor_6,4,none,0,0.982000,
mnist_mlp_opb_beta_0.0001_anchor_6,4,linf,0.05,0.929000,0.053971
mnist_mlp_opb_beta_0.0001_anchor_6,4,linf,0.1,0.765000,0.220978
mnist_mlp_opb_beta_0.0001_anchor_6,4,linf,0.15,0.456000,0.535642
mnist_mlp_opb_beta_0.0001_anchor_6,4,linf,0.2,0.238000,0.757637
mnist_mlp_opb_beta_0.0001_anchor_6,4,linf,0.25,0.097000,0.901222
mnist_mlp_opb_beta_0.0001_anchor_6,4,linf,0.3,0.038000,0.961303
mnist_mlp_opb_beta_0.0001_anchor_6,4,l2,1,0.927000,0.056008
mnist_mlp_opb_beta_0.0001_anchor_6,4,l2,2,0.781000,0.204684
mnist_mlp_opb_beta_0.0001_anchor_6,4,l2,3,0.481000,0.510183
mnist_mlp_opb_beta_0.0001_anchor_6,4,l2,4,0.248000,0.747454
mnist_mlp_opb_beta_0.0001_anchor_6,4,l2,5,0.110000,0.887984
mnist_mlp_opb_beta_0.0001_anchor_6,4,l2,6,0.053000,0.946029
mnist_mlp_opb_beta_0.0001_anchor_6,5,none,0,0.977000,
mnist_mlp_opb_beta_0.0001_anchor_6,5,linf,0.05,0.929000,0.049130
mnist_mlp_opb_beta_0.0001_anchor_6,5,linf,0.1,0.735000,0.247697
mnist_mlp_opb_beta_0.0001_anchor_6,5,linf,0.15,0.460000,0.529171
mnist_mlp_opb_beta_0.0001_anchor_6,5,linf,0.2,0.212000,0.783009
mnist_mlp_opb_beta_0.0001_anchor_6,5,linf,0.25,0.077000,0.921187
mnist_mlp_opb_beta_0.0001_anchor_6,5,linf,0.3,0.031000,0.968270
mnist_mlp_opb_beta_0.0001_anchor_6,5,l2,1,0.931000,0.047083
mnist_mlp_opb_beta_0.0001_anchor_6,5,l2,2,0.747000,0.235415
mnist_mlp_opb_beta_0.0001_anchor_6,5,l2,3,0.484000,0.504606
mnist_mlp_opb_beta_0.0001_anchor_6,5,l2,4,0.225000,0.769703
mnist_mlp_opb_beta_0.0001_anchor_6,5,l2,5,0.097000,0.900716
mnist_mlp_opb_beta_0.0001_anchor_6,5,l2,6,0.045000,0.953941
mnist_mlp_opb_beta_0.001_anchor_6,1,none,0,0.976000,
mnist_mlp_opb_beta_0.001_anchor_6,1,linf,0.05,0.926000,0.051230
mnist_mlp_opb_beta_0.001_anchor_6,1,linf,0.1,0.784000,0.196721
mnist_mlp_opb_beta_0.001_anchor_6,1,linf,0.15,0.461000,0.527664
mnist_mlp_opb_beta_0.001_anchor_6,1,linf,0.2,0.214000,0.780738
mnist_mlp_opb_beta_0.001_anchor_6,1,linf,0.25,0.085000,0.912910
mnist_mlp_opb_beta_0.001_anchor_6,1,linf,0.3,0.033000,0.966189
mnist_mlp_opb_beta_0.001_anchor_6,1,l2,1,0.923000,0.054303
mnist_mlp_opb_beta_0.001_anchor_6,1,l2,2,0.786000,0.194672
mnist_mlp_opb_beta_0.001_anchor_6,1,l2,3,0.504000,0.483607
mnist_mlp_opb_beta_0.001_anchor_6,1,l2,4,0.320000,0.672131
mnist_mlp_opb_beta_0.001_anchor_6,1,l2,5,0.248000,0.745902
mnist_mlp_opb_beta_0.001_anchor_6,1,l2,6,0.216000,0.778689
mnist_mlp_opb_beta_0.001_anchor_6,2,none,0,0.982000,
mnist_mlp_opb_beta_0.001_anchor_6,2,linf,0.05,0.920000,0.063136
mnist_mlp_opb_beta_0.001_anchor_6,2,linf,0.1,0.771000,0.214868
mnist_mlp_opb_beta_0.001_anchor_6,2,linf,0.15,0.474000,0.517312
mnist_mlp_opb_beta_0.001_anchor_6,2,linf,0.2,0.232000,0.763747
mnist_mlp_opb_beta_0.001_anchor_6,2,linf,0.25,0.097000,0.901222
mnist_mlp_opb_beta_0.001_anchor_6,2,linf,0.3,0.037000,0.962322
mnist_mlp_opb_beta_0.001_anchor_6,2,l2,1,0.919000,0.064155
mnist_mlp_opb_beta_0.001_anchor_6,2,l2,2,0.770000,0.215886
mnist_mlp_opb_beta_0.001_anchor_6,2,l2,3,0.513000,0.477597
mnist_mlp_opb_beta_0.001_anchor_6,2,l2,4,0.324000,0.670061
mnist_mlp_opb_beta_0.001_anchor_6,2,l2,5,0.266000,0.729124
mnist_mlp_opb_beta_0.001_anchor_6,2,l2,6,0.242000,0.753564
mnist_mlp_opb_beta_0.001_anchor_6,3,none,0,0.985000,
mnist_mlp_opb_beta_0.001_anchor_6,3,linf,0.05,0.935000,0.050761
mnist_mlp_opb_beta_0.001_anchor_6,3,linf,0.1,0.767000,0.221320
mnist_mlp_opb_beta_0.001_anchor_6,3,linf,0.15,0.472000,0.520812
mnist_mlp_opb_beta_0.001_anchor_6,3,linf,0.2,0.227000,0.769543
mnist_mlp_opb_beta_0.001_anchor_6,3,linf,0.25,0.103000,0.895431
mnist_mlp_opb_beta_0.001_anchor_6,3,linf,0.3,0.039000,0.960406
mnist_mlp_opb_beta_0.001_anchor_6,3,l2,1,0.935000,0.050761
mnist_mlp_opb_beta_0.001_anchor_6,3,l2,2,0.771000,0.217259
mnist_mlp_opb_beta_0.001_anchor_6,3,l2,3,0.506000,0.486294
mnist_mlp_opb_beta_0.001_anchor_6,3,l2,4,0.325000,0.670051
mnist_mlp_opb_beta_0.001_anchor_6,3,l2,5,0.258000,0.738071
mnist_mlp_opb_beta_0.001_anchor_6,3,l2,6,0.231000,0.765482
mnist_mlp_opb_beta_0.001_anchor_6,4,none,0,0.982000,
mnist_mlp_opb_beta_0.001_anchor_6,4,linf,0.05,0.920000,0.063136
mnist_mlp_opb_beta_0.001_anchor_6,4,linf,0.1,0.728000,0.258656
mnist_mlp_opb_beta_0.001_anchor_6,4,linf,0.15,0.432000,0.560081
mnist_mlp_opb_beta_0.001_anchor_6,4,linf,0.2,0.195000,0.801426
mnist_mlp_opb_beta_0.001_anchor_6,4,linf,0.25,0.082000,0.916497
mnist_mlp_opb_beta_0.001_anchor_6,4,linf,0.3,0.031000,0.968432
mnist_mlp_opb_beta_0.001_anchor_6,4,l2,1,0.925000,0.058045
mnist_mlp_opb_beta_0.001_anchor_6,4,l2,2,0.745000,0.241344
mnist_mlp_opb_beta_0.001_anchor_6,4,l2,3,0.458000,0.533605
mnist_mlp_opb_beta_0.001_anchor_6,4,l2,4,0.226000,0.769857
mnist_mlp_opb_beta_0.001_anchor_6,4,l2,5,0.090000,0.908350
mnist_mlp_opb_beta_0.001_anchor_6,4,l2,6,0.037000,0.962322
mnist_mlp_opb_beta_0.001_anchor_6,5,none,0,0.976000,
mnist_mlp_opb_beta_0.001_anchor_6,5,linf,0.05,0.924000,0.053279
mnist_mlp_opb_beta_0.001_anchor_6,5,linf,0.1,0.730000,0.252049
mnist_mlp_opb_beta_0.001_anchor_6,5,linf,0.15,0.442000,0.547131
mnist_mlp_opb_beta_0.001_anchor_6,5,linf,0.2,0.212000,0.782787
mnist_mlp_opb_beta_0.001_anchor_6,5,linf,0.25,0.086000,0.911885
mnist_mlp_opb_beta_0.001_anchor_6,5,linf,0.3,0.038000,0.961066
mnist_mlp_opb_beta_0.001_anchor_6,5,l2,1,0.927000,0.050205
mnist_mlp_opb_beta_0.001_anchor_6,5,l2,2,0.756000,0.225410
mnist_mlp_opb_beta_0.001_anchor_6,5,l2,3,0.460000,0.528689
mnist_mlp_opb_beta_0.001_anchor_6,5,l2,4,0.232000,0.762295
mnist_mlp_opb_beta_0.001_anchor_6,5,l2,5,0.111000,0.886271
mnist_mlp_opb_beta_0.001_anchor_6,5,l2,6,0.069000,0.929303
mnist_mlp_opb_beta_0.01_anchor_6,1,none,0,0.981000,
mnist_mlp_opb_beta_0.01_anchor_6,1,linf,0.05,0.926000,0.056065
mnist_mlp_opb_beta_0.01_anchor_6,1,linf,0.1,0.763000,0.222222
mnist_mlp_opb_beta_0.01_anchor_6,1,linf,0.15,0.465000,0.525994
mnist_mlp_opb_beta_0.01_anchor_6,1,linf,0.2,0.216000,0.779817
mnist_mlp_opb_beta_0.01_anchor_6,1,linf,0.25,0.075000,0.923547
mnist_mlp_opb_beta_0.01_anchor_6,1,linf,0.3,0.032000,0.967380
mnist_mlp_opb_beta_0.01_anchor_6,1,l2,1,0.927000,0.055046
mnist_mlp_opb_beta_0.01_anchor_6,1,l2,2,0.769000,0.216106
mnist_mlp_opb_beta_0.01_anchor_6,1,l2,3,0.506000,0.484200
mnist_mlp_opb_beta_0.01_anchor_6,1,l2,4,0.306000,0.688073
mnist_mlp_opb_beta_0.01_anchor_6,1,l2,5,0.218000,0.777778
mnist_mlp_opb_beta_0.01_anchor_6,1,l2,6,0.177000,0.819572
mnist_mlp_opb_beta_0.01_anchor_6,2,none,0,0.981000,
mnist_mlp_opb_beta_0.01_anchor_6,2,linf,0.05,0.926000,0.056065
mnist_mlp_opb_beta_0.01_anchor_6,2,linf,0.1,0.781000,0.203874
mnist_mlp_opb_beta_0.01_anchor_6,2,linf,0.15,0.521000,0.468909
mnist_mlp_opb_beta_0.01_anchor_6,2,linf,0.2,0.249000,0.746177
mnist_mlp_opb_beta_0.01_anchor_6,2,linf,0.25,0.101000,0.897044
mnist_mlp_opb_beta_0.01_anchor_6,2,linf,0.3,0.038000,0.961264
mnist_mlp_opb_beta_0.01_anchor_6,2,l2,1,0.926000,0.056065
mnist_mlp_opb_beta_0.01_anchor_6,2,l2,2,0.776000,0.208970
mnist_mlp_opb_beta_0.01_anchor_6,2,l2,3,0.544000,0.445464
mnist_mlp_opb_beta_0.01_anchor_6,2,l2,4,0.340000,0.653415
mnist_mlp_opb_beta_0.01_anchor_6,2,l2,5,0.254000,0.741081
mnist_mlp_opb_beta_0.01_anchor_6,2,l2,6,0.216000,0.779817
mnist_mlp_opb_beta_0.01_anchor_6,3,none,0,0.982000,
mnist_mlp_opb_beta_0.01_anchor_6,3,linf,0.05,0.939000,0.043788
mnist_mlp_opb_beta_0.01_anchor_6,3,linf,0.1,0.790000,0.195519
mnist_mlp_opb_beta_0.01_anchor_6,3,linf,0.15,0.525000,0.465377
mnist_mlp_opb_beta_0.01_anchor_6,3,linf,0.2,0.245000,0.750509
mnist_mlp_opb_beta_0.01_anchor_6,3,linf,0.25,0.099000,0.899185
mnist_mlp_opb_beta_0.01_anchor_6,3,linf,0.3,0.032000,0.967413
mnist_mlp_opb_beta_0.01_anchor_6,3,l2,1,0.938000,0.044806
mnist_mlp_opb_beta_0.01_anchor_6,3,l2,2,0.797000,0.188391
mnist_mlp_opb_beta_0.01_anchor_6,3,l2,3,0.547000,0.442973
mnist_mlp_opb_beta_0.01_anchor_6,3,l2,4,0.357000,0.636456
mnist_mlp_opb_beta_0.01_anchor_6,3,l2,5,0.281000,0.713849
mnist_mlp_opb_beta_0.01_anchor_6,3,l2,6,0.259000,0.736253
mnist_mlp_opb_beta_0.01_anchor_6,4,none,0,0.982000,
mnist_mlp_opb_beta_0.01_anchor_6,4,linf,0.05,0.932000,0.050916
mnist_mlp_opb_beta_0.01_anchor_6,4,linf,0.1,0.765000,0.220978
mnist_mlp_opb_beta_0.01_anchor_6,4,linf,0.15,0.437000,0.554990
mnist_mlp_opb_beta_0.01_anchor_6,4,linf,0.2,0.232000,0.763747
mnist_mlp_opb_beta_0.01_anchor_6,4,linf,0.25,0.094000,0.904277
mnist_mlp_opb_beta_0.01_anchor_6,4,linf,0.3,0.040000,0.959267
mnist_mlp_opb_beta_0.01_anchor_6,4,l2,1,0.929000,0.053971
mnist_mlp_opb_beta_0.01_anchor_6,4,l2,2,0.775000,0.210794
mnist_mlp_opb_beta_0.01_anchor_6,4,l2,3,0.497000,0.493890
mnist_mlp_opb_beta_0.01_anchor_6,4,l2,4,0.340000,0.653768
mnist_mlp_opb_beta_0.01_anchor_6,4,l2,5,0.274000,0.720978
mnist_mlp_opb_beta_0.01_anchor_6,4,l2,6,0.253000,0.742362
mnist_mlp_opb_beta_0.01_anchor_6,5,none,0,0.983000,
mnist_mlp_opb_beta_0.01_anchor_6,5,linf,0.05,0.923000,0.061038
mnist_mlp_opb_beta_0.01_anchor_6,5,linf,0.1,0.780000,0.206511
mnist_mlp_opb_beta_0.01_anchor_6,5,linf,0.15,0.446000,0.546287
mnist_mlp_opb_beta_0.01_anchor_6,5,linf,0.2,0.233000,0.762970
mnist_mlp_opb_beta_0.01_anchor_6,5,linf,0.25,0.100000,0.898271
mnist_mlp_opb_beta_0.01_anchor_6,5,linf,0.3,0.035000,0.964395
mnist_mlp_opb_beta_0.01_anchor_6,5,l2,1,0.923000,0.061038
mnist_mlp_opb_beta_0.01_anchor_6,5,l2,2,0.777000,0.209563
mnist_mlp_opb_beta_0.01_anchor_6,5,l2,3,0.494000,0.497457
mnist_mlp_opb_beta_0.01_anchor_6,5,l2,4,0.320000,0.674466
mnist_mlp_opb_beta_0.01_anchor_6,5,l2,5,0.234000,0.761953
mnist_mlp_opb_beta_0.01_anchor_6,5,l2,6,0.210000,0.786368
mnist_mlp_opb_beta_0.1_anchor_6,1,none,0,0.977000,
mnist_mlp_opb_beta_0.1_anchor_6,1,linf,0.05,0.926000,0.052201
mnist_mlp_opb_beta_0.1_anchor_6,1,linf,0.1,0.792000,0.189355
mnist_mlp_opb_beta_0.1_anchor_6,1,linf,0.15,0.505000,0.483112
mnist_mlp_opb_beta_0.1_anchor_6,1,linf,0.2,0.274000,0.719550
mnist_mlp_opb_beta_0.1_anchor_6,1,linf,0.25,0.131000,0.865916
mnist_mlp_opb_beta_0.1_anchor_6,1,linf,0.3,0.059000,0.939611
mnist_mlp_opb_beta_0.1_anchor_6,1,l2,1,0.929000,0.049130
mnist_mlp_opb_beta_0.1_anchor_6,1,l2,2,0.795000,0.186285
mnist_mlp_opb_beta_0.1_anchor_6,1,l2,3,0.514000,0.473900
mnist_mlp_opb_beta_0.1_anchor_6,1,l2,4,0.277000,0.716479
mnist_mlp_opb_beta_0.1_anchor_6,1,l2,5,0.146000,0.850563
mnist_mlp_opb_beta_0.1_anchor_6,1,l2,6,0.088000,0.909928
mnist_mlp_opb_beta_0.1_anchor_6,2,none,0,0.982000,
mnist_mlp_opb_beta_0.1_anchor_6,2,linf,0.05,0.929000,0.053971
mnist_mlp_opb_beta_0.1_anchor_6,2,linf,0.1,0.794000,0.191446
mnist_mlp_opb_beta_0.1_anchor_6,2,linf,0.15,0.488000,0.503055
mnist_mlp_opb_beta_0.1_anchor_6,2,linf,0.2,0.295000,0.699593
mnist_mlp_opb_beta_0.1_anchor_6,2,linf,0.25,0.154000,0.843177
mnist_mlp_opb_beta_0.1_anchor_6,2,linf,0.3,0.066000,0.932790
mnist_mlp_opb_beta_0.1_anchor_6,2,l2,1,0.931000,0.051935
mnist_mlp_opb_beta_0.1_anchor_6,2,l2,2,0.796000,0.189409
mnist_mlp_opb_beta_0.1_anchor_6,2,l2,3,0.502000,0.488798
mnist_mlp_opb_beta_0.1_anchor_6,2,l2,4,0.304000,0.690428
mnist_mlp_opb_beta_0.1_anchor_6,2,l2,5,0.180000,0.816701
mnist_mlp_opb_beta_0.1_anchor_6,2,l2,6,0.105000,0.893075
mnist_mlp_opb_beta_0.1_anchor_6,3,none,0,0.983000,
mnist_mlp_opb_beta_0.1_anchor_6,3,linf,0.05,0.931000,0.052899
mnist_mlp_opb_beta_0.1_anchor_6,3,linf,0.1,0.771000,0.215666
mnist_mlp_opb_beta_0.1_anchor_6,3,linf,0.15,0.449000,0.543235
mnist_mlp_opb_beta_0.1_anchor_6,3,linf,0.2,0.226000,0.770092
mnist_mlp_opb_beta_0.1_anchor_6,3,linf,0.25,0.102000,0.896236
mnist_mlp_opb_beta_0.1_anchor_6,3,linf,0.3,0.060000,0.938962
mnist_mlp_opb_beta_0.1_anchor_6,3,l2,1,0.932000,0.051882
mnist_mlp_opb_beta_0.1_anchor_6,3,l2,2,0.781000,0.205493
mnist_mlp_opb_beta_0.1_anchor_6,3,l2,3,0.490000,0.501526
mnist_mlp_opb_beta_0.1_anchor_6,3,l2,4,0.277000,0.718210
mnist_mlp_opb_beta_0.1_anchor_6,3,l2,5,0.181000,0.815870
mnist_mlp_opb_beta_0.1_anchor_6,3,l2,6,0.138000,0.859613
mnist_mlp_opb_beta_0.1_anchor_6,4,none,0,0.981000,
mnist_mlp_opb_beta_0.1_anchor_6,4,linf,0.05,0.932000,0.049949
mnist_mlp_opb_beta_0.1_anchor_6,4,linf,0.1,0.766000,0.219164
mnist_mlp_opb_beta_0.1_anchor_6,4,linf,0.15,0.460000,0.531091
mnist_mlp_opb_beta_0.1_anchor_6,4,linf,0.2,0.260000,0.734964
mnist_mlp_opb_beta_0.1_anchor_6,4,linf,0.25,0.140000,0.857288
mnist_mlp_opb_beta_0.1_anchor_6,4,linf,0.3,0.082000,0.916412
mnist_mlp_opb_beta_0.1_anchor_6,4,l2,1,0.930000,0.051988
mnist_mlp_opb_beta_0.1_anchor_6,4,l2,2,0.780000,0.204893
mnist_mlp_opb_beta_0.1_anchor_6,4,l2,3,0.478000,0.512742
mnist_mlp_opb_beta_0.1_anchor_6,4,l2,4,0.276000,0.718654
mnist_mlp_opb_beta_0.1_anchor_6,4,l2,5,0.141000,0.856269
mnist_mlp_opb_beta_0.1_anchor_6,4,l2,6,0.081000,0.917431
mnist_mlp_opb_beta_0.1_anchor_6,5,none,0,0.986000,
mnist_mlp_opb_beta_0.1_anchor_6,5,linf,0.05,0.936000,0.050710
mnist_mlp_opb_beta_0.1_anchor_6,5,linf,0.1,0.756000,0.233266
mnist_mlp_opb_beta_0.1_anchor_6,5,linf,0.15,0.438000,0.555781
mnist_mlp_opb_beta_0.1_anchor_6,5,linf,0.2,0.249000,0.747465
mnist_mlp_opb_beta_0.1_anchor_6,5,linf,0.25,0.119000,0.879310
mnist_mlp_opb_beta_0.1_anchor_6,5,linf,0.3,0.059000,0.940162
mnist_mlp_opb_beta_0.1_anchor_6,5,l2,1,0.937000,0.049696
mnist_mlp_opb_beta_0.1_anchor_6,5,l2,2,0.760000,0.229209
mnist_mlp_opb_beta_0.1_anchor_6,5,l2,3,0.465000,0.528398
mnist_mlp_opb_beta_0.1_anchor_6,5,l2,4,0.246000,0.750507
mnist_mlp_opb_beta_0.1_anchor_6,5,l2,5,0.133000,0.865112
mnist_mlp_opb_beta_0.1_anchor_6,5,l2,6,0.062000,0.937120
mnist_mlp_opb_beta_0.0001_anchor_12,1,none,0,0.981000,
mnist_mlp_opb_beta_0.0001_anchor_12,1,linf,0.05,0.919000,0.063201
mnist_mlp_opb_beta_0.0001_anchor_12,1,linf,0.1,0.750000,0.235474
mnist_mlp_opb_beta_0.0001_anchor_12,1,linf,0.15,0.462000,0.529052
mnist_mlp_opb_beta_0.0001_anchor_12,1,linf,0.2,0.206000,0.790010
mnist_mlp_opb_beta_0.0001_anchor_12,1,linf,0.25,0.077000,0.921509
mnist_mlp_opb_beta_0.0001_anchor_12,1,linf,0.3,0.028000,0.971458
mnist_mlp_opb_beta_0.0001_anchor_12,1,l2,1,0.921000,0.061162
mnist_mlp_opb_beta_0.0001_anchor_12,1,l2,2,0.760000,0.225280
mnist_mlp_opb_beta_0.0001_anchor_12,1,l2,3,0.489000,0.501529
mnist_mlp_opb_beta_0.0001_anchor_12,1,l2,4,0.263000,0.731906
mnist_mlp_opb_beta_0.0001_anchor_12,1,l2,5,0.182000,0.814475
mnist_mlp_opb_beta_0.0001_anchor_12,1,l2,6,0.146000,0.851172
mnist_mlp_opb_beta_0.0001_anchor_12,2,none,0,0.981000,
mnist_mlp_opb_beta_0.0001_anchor_12,2,linf,0.05,0.914000,0.068298
mnist_mlp_opb_beta_0.0001_anchor_12,2,linf,0.1,0.728000,0.257900
mnist_mlp_opb_beta_0.0001_anchor_12,2,linf,0.15,0.415000,0.576962
mnist_mlp_opb_beta_0.0001_anchor_12,2,linf,0.2,0.176000,0.820591
mnist_mlp_opb_beta_0.0001_anchor_12,2,linf,0.25,0.062000,0.936799
mnist_mlp_opb_beta_0.0001_anchor_12,2,linf,0.3,0.026000,0.973496
mnist_mlp_opb_beta_0.0001_anchor_12,2,l2,1,0.922000,0.060143
mnist_mlp_opb_beta_0.0001_anchor_12,2,l2,2,0.757000,0.228338
mnist_mlp_opb_beta_0.0001_anchor_12,2,l2,3,0.459000,0.532110
mnist_mlp_opb_beta_0.0001_anchor_12,2,l2,4,0.208000,0.787971
mnist_mlp_opb_beta_0.0001_anchor_12,2,l2,5,0.091000,0.907238
mnist_mlp_opb_beta_0.0001_anchor_12,2,l2,6,0.053000,0.945974
mnist_mlp_opb_beta_0.0001_anchor_12,3,none,0,0.983000,
mnist_mlp_opb_beta_0.0001_anchor_12,3,linf,0.05,0.914000,0.070193
mnist_mlp_opb_beta_0.0001_anchor_12,3,linf,0.1,0.731000,0.256358
mnist_mlp_opb_beta_0.0001_anchor_12,3,linf,0.15,0.404000,0.589013
mnist_mlp_opb_beta_0.0001_anchor_12,3,linf,0.2,0.155000,0.842319
mnist_mlp_opb_beta_0.0001_anchor_12,3,linf,0.25,0.063000,0.935910
mnist_mlp_opb_beta_0.0001_anchor_12,3,linf,0.3,0.027000,0.972533
mnist_mlp_opb_beta_0.0001_anchor_12,3,l2,1,0.919000,0.065107
mnist_mlp_opb_beta_0.0001_anchor_12,3,l2,2,0.750000,0.237029
mnist_mlp_opb_beta_0.0001_anchor_12,3,l2,3,0.448000,0.544252
mnist_mlp_opb_beta_0.0001_anchor_12,3,l2,4,0.198000,0.798576
mnist_mlp_opb_beta_0.0001_anchor_12,3,l2,5,0.072000,0.926755
mnist_mlp_opb_beta_0.0001_anchor_12,3,l2,6,0.034000,0.965412
mnist_mlp_opb_beta_0.0001_anchor_12,4,none,0,0.978000,
mnist_mlp_opb_beta_0.0001_anchor_12,4,linf,0.05,0.922000,0.057260
mnist_mlp_opb_beta_0.0001_anchor_12,4,linf,0.1,0.728000,0.255624
mnist_mlp_opb_beta_0.0001_anchor_12,4,linf,0.15,0.455000,0.534765
mnist_mlp_opb_beta_0.0001_anchor_12,4,linf,0.2,0.185000,0.810838
mnist_mlp_opb_beta_0.0001_anchor_12,4,linf,0.25,0.057000,0.941718
mnist_mlp_opb_beta_0.0001_anchor_12,4,linf,0.3,0.022000,0.977505
mnist_mlp_opb_beta_0.0001_anchor_12,4,l2,1,0.921000,0.058282
mnist_mlp_opb_beta_0.0001_anchor_12,4,l2,2,0.739000,0.244376
mnist_mlp_opb_beta_0.0001_anchor_12,4,l2,3,0.470000,0.519427
mnist_mlp_opb_beta_0.0001_anchor_12,4,l2,4,0.219000,0.776074
mnist_mlp_opb_beta_0.0001_anchor_12,4,l2,5,0.130000,0.867076
mnist_mlp_opb_beta_0.0001_anchor_12,4,l2,6,0.099000,0.898773
mnist_mlp_opb_beta_0.0001_anchor_12,5,none,0,0.977000,
mnist_mlp_opb_beta_0.0001_anchor_12,5,linf,0.05,0.919000,0.059365
mnist_mlp_opb_beta_0.0001_anchor_12,5,linf,0.1,0.733000,0.249744
mnist_mlp_opb_beta_0.0001_anchor_12,5,linf,0.15,0.433000,0.556807
mnist_mlp_opb_beta_0.0001_anchor_12,5,linf,0.2,0.194000,0.801433
mnist_mlp_opb_beta_0.0001_anchor_12,5,linf,0.25,0.077000,0.921187
mnist_mlp_opb_beta_0.0001_anchor_12,5,linf,0.3,0.029000,0.970317
mnist_mlp_opb_beta_0.0001_anchor_12,5,l2,1,0.924000,0.054248
mnist_mlp_opb_beta_0.0001_anchor_12,5,l2,2,0.755000,0.227226
mnist_mlp_opb_beta_0.0001_anchor_12,5,l2,3,0.465000,0.524053
mnist_mlp_opb_beta_0.0001_anchor_12,5,l2,4,0.226000,0.768680
mnist_mlp_opb_beta_0.0001_anchor_12,5,l2,5,0.092000,0.905834
mnist_mlp_opb_beta_0.0001_anchor_12,5,l2,6,0.048000,0.950870
mnist_mlp_opb_beta_0.001_anchor_12,1,none,0,0.971000,
mnist_mlp_opb_beta_0.001_anchor_12,1,linf,0.05,0.909000,0.063852
mnist_mlp_opb_beta_0.001_anchor_12,1,linf,0.1,0.709000,0.269825
mnist_mlp_opb_beta_0.001_anchor_12,1,linf,0.15,0.401000,0.587024
mnist_mlp_opb_beta_0.001_anchor_12,1,linf,0.2,0.190000,0.804325
mnist_mlp_opb_beta_0.001_anchor_12,1,linf,0.25,0.085000,0.912461
mnist_mlp_opb_beta_0.001_anchor_12,1,linf,0.3,0.037000,0.961895
mnist_mlp_opb_beta_0.001_anchor_12,1,l2,1,0.915000,0.057672
mnist_mlp_opb_beta_0.001_anchor_12,1,l2,2,0.731000,0.247168
mnist_mlp_opb_beta_0.001_anchor_12,1,l2,3,0.485000,0.500515
mnist_mlp_opb_beta_0.001_anchor_12,1,l2,4,0.375000,0.613800
mnist_mlp_opb_beta_0.001_anchor_12,1,l2,5,0.331000,0.659114
mnist_mlp_opb_beta_0.001_anchor_12,1,l2,6,0.311000,0.679712
mnist_mlp_opb_beta_0.001_anchor_12,2,none,0,0.978000,
mnist_mlp_opb_beta_0.001_anchor_12,2,linf,0.05,0.920000,0.059305
mnist_mlp_opb_beta_0.001_anchor_12,2,linf,0.1,0.730000,0.253579
mnist_mlp_opb_beta_0.001_anchor_12,2,linf,0.15,0.478000,0.511247
mnist_mlp_opb_beta_0.001_anchor_12,2,linf,0.2,0.237000,0.757669
mnist_mlp_opb_beta_0.001_anchor_12,2,linf,0.25,0.099000,0.898773
mnist_mlp_opb_beta_0.001_anchor_12,2,linf,0.3,0.049000,0.949898
mnist_mlp_opb_beta_0.001_anchor_12,2,l2,1,0.924000,0.055215
mnist_mlp_opb_beta_0.001_anchor_12,2,l2,2,0.750000,0.233129
mnist_mlp_opb_beta_0.001_anchor_12,2,l2,3,0.508000,0.480573
mnist_mlp_opb_beta_0.001_anchor_12,2,l2,4,0.311000,0.682004
mnist_mlp_opb_beta_0.001_anchor_12,2,l2,5,0.216000,0.779141
mnist_mlp_opb_beta_0.001_anchor_12,2,l2,6,0.184000,0.811861
mnist_mlp_opb_beta_0.001_anchor_12,3,none,0,0.977000,
mnist_mlp_opb_beta_0.001_anchor_12,3,linf,0.05,0.917000,0.061413
mnist_mlp_opb_beta_0.001_anchor_12,3,linf,0.1,0.753000,0.229273
mnist_mlp_opb_beta_0.001_anchor_12,3,linf,0.15,0.481000,0.507677
mnist_mlp_opb_beta_0.001_anchor_12,3,linf,0.2,0.230000,0.764585
mnist_mlp_opb_beta_0.001_anchor_12,3,linf,0.25,0.085000,0.912999
mnist_mlp_opb_beta_0.001_anchor_12,3,linf,0.3,0.037000,0.962129
mnist_mlp_opb_beta_0.001_anchor_12,3,l2,1,0.920000,0.058342
mnist_mlp_opb_beta_0.001_anchor_12,3,l2,2,0.770000,0.211873
mnist_mlp_opb_beta_0.001_anchor_12,3,l2,3,0.515000,0.472876
mnist_mlp_opb_beta_0.001_anchor_12,3,l2,4,0.290000,0.703173
mnist_mlp_opb_beta_0.001_anchor_12,3,l2,5,0.182000,0.813715
mnist_mlp_opb_beta_0.001_anchor_12,3,l2,6,0.165000,0.831116
mnist_mlp_opb_beta_0.001_anchor_12,4,none,0,0.981000,
mnist_mlp_opb_beta_0.001_anchor_12,4,linf,0.05,0.910000,0.072375
mnist_mlp_opb_beta_0.001_anchor_12,4,linf,0.1,0.710000,0.276249
mnist_mlp_opb_beta_0.001_anchor_12,4,linf,0.15,0.429000,0.562691
mnist_mlp_opb_beta_0.001_anchor_12,4,linf,0.2,0.166000,0.830785
mnist_mlp_opb_beta_0.001_anchor_12,4,linf,0.25,0.061000,0.937819
mnist_mlp_opb_beta_0.001_anchor_12,4,linf,0.3,0.024000,0.975535
mnist_mlp_opb_beta_0.001_anchor_12,4,l2,1,0.915000,0.067278
mnist_mlp_opb_beta_0.001_anchor_12,4,l2,2,0.728000,0.257900
mnist_mlp_opb_beta_0.001_anchor_12,4,l2,3,0.470000,0.520897
mnist_mlp_opb_beta_0.001_anchor_12,4,l2,4,0.232000,0.763507
mnist_mlp_opb_beta_0.001_anchor_12,4,l2,5,0.143000,0.854230
mnist_mlp_opb_beta_0.001_anchor_12,4,l2,6,0.122000,0.875637
mnist_mlp_opb_beta_0.001_anchor_12,5,none,0,0.975000,
mnist_mlp_opb_beta_0.001_anchor_12,5,linf,0.05,0.911000,0.065641
mnist_mlp_opb_beta_0.001_anchor_12,5,linf,0.1,0.746000,0.234872
mnist_mlp_opb_beta_0.001_anchor_12,5,linf,0.15,0.468000,0.520000
mnist_mlp_opb_beta_0.001_anchor_12,5,linf,0.2,0.219000,0.775385
mnist_mlp_opb_beta_0.001_anchor_12,5,linf,0.25,0.076000,0.922051
mnist_mlp_opb_beta_0.001_anchor_12,5,linf,0.3,0.038000,0.961026
mnist_mlp_opb_beta_0.001_anchor_12,5,l2,1,0.911000,0.065641
mnist_mlp_opb_beta_0.001_anchor_12,5,l2,2,0.751000,0.229744
mnist_mlp_opb_beta_0.001_anchor_12,5,l2,3,0.583000,0.402051
mnist_mlp_opb_beta_0.001_anchor_12,5,l2,4,0.533000,0.453333
mnist_mlp_opb_beta_0.001_anchor_12,5,l2,5,0.505000,0.482051
mnist_mlp_opb_beta_0.001_anchor_12,5,l2,6,0.482000,0.505641
mnist_mlp_opb_beta_0.01_anchor_12,1,none,0,0.981000,
mnist_mlp_opb_beta_0.01_anchor_12,1,linf,0.05,0.932000,0.049949
mnist_mlp_opb_beta_0.01_anchor_12,1,linf,0.1,0.800000,0.184506
mnist_mlp_opb_beta_0.01_anchor_12,1,linf,0.15,0.546000,0.443425
mnist_mlp_opb_beta_0.01_anchor_12,1,linf,0.2,0.274000,0.720693
mnist_mlp_opb_beta_0.01_anchor_12,1,linf,0.25,0.129000,0.868502
mnist_mlp_opb_beta_0.01_anchor_12,1,linf,0.3,0.069000,0.929664
mnist_mlp_opb_beta_0.01_anchor_12,1,l2,1,0.931000,0.050968
mnist_mlp_opb_beta_0.01_anchor_12,1,l2,2,0.872000,0.111111
mnist_mlp_opb_beta_0.01_anchor_12,1,l2,3,0.870000,0.113150
mnist_mlp_opb_beta_0.01_anchor_12,1,l2,4,0.866000,0.117227
mnist_mlp_opb_beta_0.01_anchor_12,1,l2,5,0.860000,0.123344
mnist_mlp_opb_beta_0.01_anchor_12,1,l2,6,0.856000,0.127421
mnist_mlp_opb_beta_0.01_anchor_12,2,none,0,0.982000,
mnist_mlp_opb_beta_0.01_anchor_12,2,linf,0.05,0.936000,0.046843
mnist_mlp_opb_beta_0.01_anchor_12,2,linf,0.1,0.785000,0.200611
mnist_mlp_opb_beta_0.01_anchor_12,2,linf,0.15,0.524000,0.466395
mnist_mlp_opb_beta_0.01_anchor_12,2,linf,0.2,0.246000,0.749491
mnist_mlp_opb_beta_0.01_anchor_12,2,linf,0.25,0.109000,0.889002
mnist_mlp_opb_beta_0.01_anchor_12,2,linf,0.3,0.052000,0.947047
mnist_mlp_opb_beta_0.01_anchor_12,2,l2,1,0.936000,0.046843
mnist_mlp_opb_beta_0.01_anchor_12,2,l2,2,0.900000,0.083503
mnist_mlp_opb_beta_0.01_anchor_12,2,l2,3,0.887000,0.096741
mnist_mlp_opb_beta_0.01_anchor_12,2,l2,4,0.885000,0.098778
mnist_mlp_opb_beta_0.01_anchor_12,2,l2,5,0.888000,0.095723
mnist_mlp_opb_beta_0.01_anchor_12,2,l2,6,0.885000,0.098778
mnist_mlp_opb_beta_0.01_anchor_12,3,none,0,0.979000,
mnist_mlp_opb_beta_0.01_anchor_12,3,linf,0.05,0.933000,0.046987
mnist_mlp_opb_beta_0.01_anchor_12,3,linf,0.1,0.805000,0.177732
mnist_mlp_opb_beta_0.01_anchor_12,3,linf,0.15,0.475000,0.514811
mnist_mlp_opb_beta_0.01_anchor_12,3,linf,0.2,0.235000,0.759959
mnist_mlp_opb_beta_0.01_anchor_12,3,linf,0.25,0.096000,0.901941
mnist_mlp_opb_beta_0.01_anchor_12,3,linf,0.3,0.042000,0.957099
mnist_mlp_opb_beta_0.01_anchor_12,3,l2,1,0.934000,0.045965
mnist_mlp_opb_beta_0.01_anchor_12,3,l2,2,0.891000,0.089888
mnist_mlp_opb_beta_0.01_anchor_12,3,l2,3,0.883000,0.098059
mnist_mlp_opb_beta_0.01_anchor_12,3,l2,4,0.883000,0.098059
mnist_mlp_opb_beta_0.01_anchor_12,3,l2,5,0.880000,0.101124
mnist_mlp_opb_beta_0.01_anchor_12,3,l2,6,0.878000,0.103166
mnist_mlp_opb_beta_0.01_anchor_12,4,none,0,0.980000,
mnist_mlp_opb_beta_0.01_anchor_12,4,linf,0.05,0.910000,0.071429
mnist_mlp_opb_beta_0.01_anchor_12,4,linf,0.1,0.755000,0.229592
mnist_mlp_opb_beta_0.01_anchor_12,4,linf,0.15,0.488000,0.502041
mnist_mlp_opb_beta_0.01_anchor_12,4,linf,0.2,0.222000,0.773469
mnist_mlp_opb_beta_0.01_anchor_12,4,linf,0.25,0.085000,0.913265
mnist_mlp_opb_beta_0.01_anchor_12,4,linf,0.3,0.036000,0.963265
mnist_mlp_opb_beta_0.01_anchor_12,4,l2,1,0.915000,0.066327
mnist_mlp_opb_beta_0.01_anchor_12,4,l2,2,0.799000,0.184694
mnist_mlp_opb_beta_0.01_anchor_12,4,l2,3,0.728000,0.257143
mnist_mlp_opb_beta_0.01_anchor_12,4,l2,4,0.718000,0.267347
mnist_mlp_opb_beta_0.01_anchor_12,4,l2,5,0.707000,0.278571
mnist_mlp_opb_beta_0.01_anchor_12,4,l2,6,0.692000,0.293878
mnist_mlp_opb_beta_0.01_anchor_12,5,none,0,0.980000,
mnist_mlp_opb_beta_0.01_anchor_12,5,linf,0.05,0.932000,0.048980
mnist_mlp_opb_beta_0.01_anchor_12,5,linf,0.1,0.800000,0.183674
mnist_mlp_opb_beta_0.01_anchor_12,5,linf,0.15,0.525000,0.464286
mnist_mlp_opb_beta_0.01_anchor_12,5,linf,0.2,0.259000,0.735714
mnist_mlp_opb_beta_0.01_anchor_12,5,linf,0.25,0.108000,0.889796
mnist_mlp_opb_beta_0.01_anchor_12,5,linf,0.3,0.049000,0.950000
mnist_mlp_opb_beta_0.01_anchor_12,5,l2,1,0.928000,0.053061
mnist_mlp_opb_beta_0.01_anchor_12,5,l2,2,0.887000,0.094898
mnist_mlp_opb_beta_0.01_anchor_12,5,l2,3,0.887000,0.094898
mnist_mlp_opb_beta_0.01_anchor_12,5,l2,4,0.882000,0.100000
mnist_mlp_opb_beta_0.01_anchor_12,5,l2,5,0.881000,0.101020
mnist_mlp_opb_beta_0.01_anchor_12,5,l2,6,0.884000,0.097959
mnist_mlp_opb_beta_0.1_anchor_12,1,none,0,0.986000,
mnist_mlp_opb_beta_0.1_anchor_12,1,linf,0.05,0.933000,0.053753
mnist_mlp_opb_beta_0.1_anchor_12,1,linf,0.1,0.781000,0.207911
mnist_mlp_opb_beta_0.1_anchor_12,1,linf,0.15,0.474000,0.519270
mnist_mlp_opb_beta_0.1_anchor_12,1,linf,0.2,0.265000,0.731237
mnist_mlp_opb_beta_0.1_anchor_12,1,linf,0.25,0.138000,0.860041
mnist_mlp_opb_beta_0.1_anchor_12,1,linf,0.3,0.067000,0.932049
mnist_mlp_opb_beta_0.1_anchor_12,1,l2,1,0.936000,0.050710
mnist_mlp_opb_beta_0.1_anchor_12,1,l2,2,0.808000,0.180527
mnist_mlp_opb_beta_0.1_anchor_12,1,l2,3,0.642000,0.348884
mnist_mlp_opb_beta_0.1_anchor_12,1,l2,4,0.508000,0.484787
mnist_mlp_opb_beta_0.1_anchor_12,1,l2,5,0.437000,0.556795
mnist_mlp_opb_beta_0.1_anchor_12,1,l2,6,0.378000,0.616633
mnist_mlp_opb_beta_0.1_anchor_12,2,none,0,0.983000,
mnist_mlp_opb_beta_0.1_anchor_12,2,linf,0.05,0.938000,0.045778
mnist_mlp_opb_beta_0.1_anchor_12,2,linf,0.1,0.780000,0.206511
mnist_mlp_opb_beta_0.1_anchor_12,2,linf,0.15,0.478000,0.513733
mnist_mlp_opb_beta_0.1_anchor_12,2,linf,0.2,0.277000,0.718210
mnist_mlp_opb_beta_0.1_anchor_12,2,linf,0.25,0.128000,0.869786
mnist_mlp_opb_beta_0.1_anchor_12,2,linf,0.3,0.055000,0.944049
mnist_mlp_opb_beta_0.1_anchor_12,2,l2,1,0.940000,0.043744
mnist_mlp_opb_beta_0.1_anchor_12,2,l2,2,0.887000,0.097660
mnist_mlp_opb_beta_0.1_anchor_12,2,l2,3,0.883000,0.101729
mnist_mlp_opb_beta_0.1_anchor_12,2,l2,4,0.867000,0.118006
mnist_mlp_opb_beta_0.1_anchor_12,2,l2,5,0.865000,0.120041
mnist_mlp_opb_beta_0.1_anchor_12,2,l2,6,0.864000,0.121058
mnist_mlp_opb_beta_0.1_anchor_12,3,none,0,0.983000,
mnist_mlp_opb_beta_0.1_anchor_12,3,linf,0.05,0.939000,0.044761
mnist_mlp_opb_beta_0.1_anchor_12,3,linf,0.1,0.780000,0.206511
mnist_mlp_opb_beta_0.1_anchor_12,3,linf,0.15,0.480000,0.511699
mnist_mlp_opb_beta_0.1_anchor_12,3,linf,0.2,0.280000,0.715158
mnist_mlp_opb_beta_0.1_anchor_12,3,linf,0.25,0.127000,0.870804
mnist_mlp_opb_beta_0.1_anchor_12,3,linf,0.3,0.061000,0.937945
mnist_mlp_opb_beta_0.1_anchor_12,3,l2,1,0.941000,0.042726
mnist_mlp_opb_beta_0.1_anchor_12,3,l2,2,0.920000,0.064090
mnist_mlp_opb_beta_0.1_anchor_12,3,l2,3,0.915000,0.069176
mnist_mlp_opb_beta_0.1_anchor_12,3,l2,4,0.920000,0.064090
mnist_mlp_opb_beta_0.1_anchor_12,3,l2,5,0.913000,0.071211
mnist_mlp_opb_beta_0.1_anchor_12,3,l2,6,0.906000,0.078332
mnist_mlp_opb_beta_0.1_anchor_12,4,none,0,0.985000,
mnist_mlp_opb_beta_0.1_anchor_12,4,linf,0.05,0.934000,0.051777
mnist_mlp_opb_beta_0.1_anchor_12,4,linf,0.1,0.740000,0.248731
mnist_mlp_opb_beta_0.1_anchor_12,4,linf,0.15,0.450000,0.543147
mnist_mlp_opb_beta_0.1_anchor_12,4,linf,0.2,0.228000,0.768528
mnist_mlp_opb_beta_0.1_anchor_12,4,linf,0.25,0.109000,0.889340
mnist_mlp_opb_beta_0.1_anchor_12,4,linf,0.3,0.056000,0.943147
mnist_mlp_opb_beta_0.1_anchor_12,4,l2,1,0.942000,0.043655
mnist_mlp_opb_beta_0.1_anchor_12,4,l2,2,0.917000,0.069036
mnist_mlp_opb_beta_0.1_anchor_12,4,l2,3,0.912000,0.074112
mnist_mlp_opb_beta_0.1_anchor_12,4,l2,4,0.912000,0.074112
mnist_mlp_opb_beta_0.1_anchor_12,4,l2,5,0.910000,0.076142
mnist_mlp_opb_beta_0.1_anchor_12,4,l2,6,0.910000,0.076142
mnist_mlp_opb_beta_0.1_anchor_12,5,none,0,0.978000,
mnist_mlp_opb_beta_0.1_anchor_12,5,linf,0.05,0.935000,0.043967
mnist_mlp_opb_beta_0.1_anchor_12,5,linf,0.1,0.733000,0.250511
mnist_mlp_opb_beta_0.1_anchor_12,5,linf,0.15,0.443000,0.547035
mnist_mlp_opb_beta_0.1_anchor_12,5,linf,0.2,0.241000,0.753579
mnist_mlp_opb_beta_0.1_anchor_12,5,linf,0.25,0.138000,0.858896
mnist_mlp_opb_beta_0.1_anchor_12,5,linf,0.3,0.070000,0.928425
mnist_mlp_opb_beta_0.1_anchor_12,5,l2,1,0.936000,0.042945
mnist_mlp_opb_beta_0.1_anchor_12,5,l2,2,0.889000,0.091002
mnist_mlp_opb_beta_0.1_anchor_12,5,l2,3,0.878000,0.102250
mnist_mlp_opb_beta_0.1_anchor_12,5,l2,4,0.876000,0.104294
mnist_mlp_opb_beta_0.1_anchor_12,5,l2,5,0.871000,0.109407
mnist_mlp_opb_beta_0.1_anchor_12,5,l2,6,0.857000,0.123722
mnist_mlp_opb_beta_0.0005_anchor_1,1,none,0,0.977000,
mnist_mlp_opb_beta_0.0005_anchor_1,1,linf,0.05,0.925000,0.053224
mnist_mlp_opb_beta_0.0005_anchor_1,1,linf,0.1,0.762000,0.220061
mnist_mlp_opb_beta_0.0005_anchor_1,1,linf,0.15,0.501000,0.487206
mnist_mlp_opb_beta_0.0005_anchor_1,1,linf,0.2,0.253000,0.741044
mnist_mlp_opb_beta_0.0005_anchor_1,1,linf,0.25,0.113000,0.884340
mnist_mlp_opb_beta_0.0005_anchor_1,1,linf,0.3,0.058000,0.940635
mnist_mlp_opb_beta_0.0005_anchor_1,1,l2,1,0.927000,0.051177
mnist_mlp_opb_beta_0.0005_anchor_1,1,l2,2,0.773000,0.208802
mnist_mlp_opb_beta_0.0005_anchor_1,1,l2,3,0.506000,0.482088
mnist_mlp_opb_beta_0.0005_anchor_1,1,l2,4,0.250000,0.744115
mnist_mlp_opb_beta_0.0005_anchor_1,1,l2,5,0.110000,0.887410
mnist_mlp_opb_beta_0.0005_anchor_1,1,l2,6,0.056000,0.942682
mnist_mlp_opb_beta_0.0005_anchor_1,2,none,0,0.978000,
mnist_mlp_opb_beta_0.0005_anchor_1,2,linf,0.05,0.907000,0.072597
mnist_mlp_opb_beta_0.0005_anchor_1,2,linf,0.1,0.728000,0.255624
mnist_mlp_opb_beta_0.0005_anchor_1,2,linf,0.15,0.476000,0.513292
mnist_mlp_opb_beta_0.0005_anchor_1,2,linf,0.2,0.257000,0.737219
mnist_mlp_opb_beta_0.0005_anchor_1,2,linf,0.25,0.136000,0.860941
mnist_mlp_opb_beta_0.0005_anchor_1,2,linf,0.3,0.066000,0.932515
mnist_mlp_opb_beta_0.0005_anchor_1,2,l2,1,0.912000,0.067485
mnist_mlp_opb_beta_0.0005_anchor_1,2,l2,2,0.732000,0.251534
mnist_mlp_opb_beta_0.0005_anchor_1,2,l2,3,0.467000,0.522495
mnist_mlp_opb_beta_0.0005_anchor_1,2,l2,4,0.245000,0.749489
mnist_mlp_opb_beta_0.0005_anchor_1,2,l2,5,0.120000,0.877301
mnist_mlp_opb_beta_0.0005_anchor_1,2,l2,6,0.061000,0.937628
mnist_mlp_opb_beta_0.0005_anchor_1,3,none,0,0.979000,
mnist_mlp_opb_beta_0.0005_anchor_1,3,linf,0.05,0.934000,0.045965
mnist_mlp_opb_beta_0.0005_anchor_1,3,linf,0.1,0.783000,0.200204
mnist_mlp_opb_beta_0.0005_anchor_1,3,linf,0.15,0.537000,0.451481
mnist_mlp_opb_beta_0.0005_anchor_1,3,linf,0.2,0.323000,0.670071
mnist_mlp_opb_beta_0.0005_anchor_1,3,linf,0.25,0.180000,0.816139
mnist_mlp_opb_beta_0.0005_anchor_1,3,linf,0.3,0.092000,0.906027
mnist_mlp_opb_beta_0.0005_anchor_1,3,l2,1,0.932000,0.048008
mnist_mlp_opb_beta_0.0005_anchor_1,3,l2,2,0.777000,0.206333
mnist_mlp_opb_beta_0.0005_anchor_1,3,l2,3,0.528000,0.460674
mnist_mlp_opb_beta_0.0005_anchor_1,3,l2,4,0.292000,0.701736
mnist_mlp_opb_beta_0.0005_anchor_1,3,l2,5,0.161000,0.835546
mnist_mlp_opb_beta_0.0005_anchor_1,3,l2,6,0.095000,0.902962
mnist_mlp_opb_beta_0.0005_anchor_1,4,none,0,0.983000,
mnist_mlp_opb_beta_0.0005_anchor_1,4,linf,0.05,0.922000,0.062055
mnist_mlp_opb_beta_0.0005_anchor_1,4,linf,0.1,0.787000,0.199390
mnist_mlp_opb_beta_0.0005_anchor_1,4,linf,0.15,0.502000,0.489318
mnist_mlp_opb_beta_0.0005_anchor_1,4,linf,0.2,0.262000,0.733469
mnist_mlp_opb_beta_0.0005_anchor_1,4,linf,0.25,0.125000,0.872838
mnist_mlp_opb_beta_0.0005_anchor_1,4,linf,0.3,0.066000,0.932859
mnist_mlp_opb_beta_0.0005_anchor_1,4,l2,1,0.925000,0.059003
mnist_mlp_opb_beta_0.0005_anchor_1,4,l2,2,0.791000,0.195320
mnist_mlp_opb_beta_0.0005_anchor_1,4,l2,3,0.523000,0.467955
mnist_mlp_opb_beta_0.0005_anchor_1,4,l2,4,0.260000,0.735504
mnist_mlp_opb_beta_0.0005_anchor_1,4,l2,5,0.116000,0.881994
mnist_mlp_opb_beta_0.0005_anchor_1,4,l2,6,0.056000,0.943032
mnist_mlp_opb_beta_0.0005_anchor_1,5,none,0,0.981000,
mnist_mlp_opb_beta_0.0005_anchor_1,5,linf,0.05,0.931000,0.050968
mnist_mlp_opb_beta_0.0005_anchor_1,5,linf,0.1,0.781000,0.203874
mnist_mlp_opb_beta_0.0005_anchor_1,5,linf,0.15,0.567000,0.422018
mnist_mlp_opb_beta_0.0005_anchor_1,5,linf,0.2,0.328000,0.665647
mnist_mlp_opb_beta_0.0005_anchor_1,5,linf,0.25,0.180000,0.816514
mnist_mlp_opb_beta_0.0005_anchor_1,5,linf,0.3,0.086000,0.912334
mnist_mlp_opb_beta_0.0005_anchor_1,5,l2,1,0.934000,0.047910
mnist_mlp_opb_beta_0.0005_anchor_1,5,l2,2,0.783000,0.201835
mnist_mlp_opb_beta_0.0005_anchor_1,5,l2,3,0.555000,0.434251
mnist_mlp_opb_beta_0.0005_anchor_1,5,l2,4,0.319000,0.674822
mnist_mlp_opb_beta_0.0005_anchor_1,5,l2,5,0.151000,0.846075
mnist_mlp_opb_beta_0.0005_anchor_1,5,l2,6,0.084000,0.914373
mnist_mlp_opb_beta_0.005_anchor_1,1,none,0,0.976000,
mnist_mlp_opb_beta_0.005_anchor_1,1,linf,0.05,0.929000,0.048156
mnist_mlp_opb_beta_0.005_anchor_1,1,linf,0.1,0.793000,0.187500
mnist_mlp_opb_beta_0.005_anchor_1,1,linf,0.15,0.532000,0.454918
mnist_mlp_opb_beta_0.005_anchor_1,1,linf,0.2,0.328000,0.663934
mnist_mlp_opb_beta_0.005_anchor_1,1,linf,0.25,0.175000,0.820697
mnist_mlp_opb_beta_0.005_anchor_1,1,linf,0.3,0.103000,0.894467
mnist_mlp_opb_beta_0.005_anchor_1,1,l2,1,0.933000,0.044057
mnist_mlp_opb_beta_0.005_anchor_1,1,l2,2,0.799000,0.181352
mnist_mlp_opb_beta_0.005_anchor_1,1,l2,3,0.555000,0.431352
mnist_mlp_opb_beta_0.005_anchor_1,1,l2,4,0.314000,0.678279
mnist_mlp_opb_beta_0.005_anchor_1,1,l2,5,0.171000,0.824795
mnist_mlp_opb_beta_0.005_anchor_1,1,l2,6,0.092000,0.905738
mnist_mlp_opb_beta_0.005_anchor_1,2,none,0,0.979000,
mnist_mlp_opb_beta_0.005_anchor_1,2,linf,0.05,0.930000,0.050051
mnist_mlp_opb_beta_0.005_anchor_1,2,linf,0.1,0.790000,0.193054
mnist_mlp_opb_beta_0.005_anchor_1,2,linf,0.15,0.553000,0.435138
mnist_mlp_opb_beta_0.005_anchor_1,2,linf,0.2,0.353000,0.639428
mnist_mlp_opb_beta_0.005_anchor_1,2,linf,0.25,0.213000,0.782431
mnist_mlp_opb_beta_0.005_anchor_1,2,linf,0.3,0.114000,0.883555
mnist_mlp_opb_beta_0.005_anchor_1,2,l2,1,0.932000,0.048008
mnist_mlp_opb_beta_0.005_anchor_1,2,l2,2,0.792000,0.191011
mnist_mlp_opb_beta_0.005_anchor_1,2,l2,3,0.575000,0.412666
mnist_mlp_opb_beta_0.005_anchor_1,2,l2,4,0.342000,0.650664
mnist_mlp_opb_beta_0.005_anchor_1,2,l2,5,0.204000,0.791624
mnist_mlp_opb_beta_0.005_anchor_1,2,l2,6,0.096000,0.901941
mnist_mlp_opb_beta_0.005_anchor_1,3,none,0,0.981000,
mnist_mlp_opb_beta_0.005_anchor_1,3,linf,0.05,0.930000,0.051988
mnist_mlp_opb_beta_0.005_anchor_1,3,linf,0.1,0.756000,0.229358
mnist_mlp_opb_beta_0.005_anchor_1,3,linf,0.15,0.496000,0.494393
mnist_mlp_opb_beta_0.005_anchor_1,3,linf,0.2,0.338000,0.655454
mnist_mlp_opb_beta_0.005_anchor_1,3,linf,0.25,0.206000,0.790010
mnist_mlp_opb_beta_0.005_anchor_1,3,linf,0.3,0.116000,0.881753
mnist_mlp_opb_beta_0.005_anchor_1,3,l2,1,0.932000,0.049949
mnist_mlp_opb_beta_0.005_anchor_1,3,l2,2,0.771000,0.214067
mnist_mlp_opb_beta_0.005_anchor_1,3,l2,3,0.500000,0.490316
mnist_mlp_opb_beta_0.005_anchor_1,3,l2,4,0.321000,0.672783
mnist_mlp_opb_beta_0.005_anchor_1,3,l2,5,0.193000,0.803262
mnist_mlp_opb_beta_0.005_anchor_1,3,l2,6,0.113000,0.884811
mnist_mlp_opb_beta_0.005_anchor_1,4,none,0,0.982000,
mnist_mlp_opb_beta_0.005_anchor_1,4,linf,0.05,0.932000,0.050916
mnist_mlp_opb_beta_0.005_anchor_1,4,linf,0.1,0.776000,0.209776
mnist_mlp_opb_beta_0.005_anchor_1,4,linf,0.15,0.520000,0.470468
mnist_mlp_opb_beta_0.005_anchor_1,4,linf,0.2,0.321000,0.673116
mnist_mlp_opb_beta_0.005_anchor_1,4,linf,0.25,0.185000,0.811609
mnist_mlp_opb_beta_0.005_anchor_1,4,linf,0.3,0.100000,0.898167
mnist_mlp_opb_beta_0.005_anchor_1,4,l2,1,0.932000,0.050916
mnist_mlp_opb_beta_0.005_anchor_1,4,l2,2,0.786000,0.199593
mnist_mlp_opb_beta_0.005_anchor_1,4,l2,3,0.532000,0.458248
mnist_mlp_opb_beta_0.005_anchor_1,4,l2,4,0.307000,0.687373
mnist_mlp_opb_beta_0.005_anchor_1,4,l2,5,0.157000,0.840122
mnist_mlp_opb_beta_0.005_anchor_1,4,l2,6,0.097000,0.901222
mnist_mlp_opb_beta_0.005_anchor_1,5,none,0,0.980000,
mnist_mlp_opb_beta_0.005_anchor_1,5,linf,0.05,0.931000,0.050000
mnist_mlp_opb_beta_0.005_anchor_1,5,linf,0.1,0.801000,0.182653
mnist_mlp_opb_beta_0.005_anchor_1,5,linf,0.15,0.537000,0.452041
mnist_mlp_opb_beta_0.005_anchor_1,5,linf,0.2,0.312000,0.681633
mnist_mlp_opb_beta_0.005_anchor_1,5,linf,0.25,0.179000,0.817347
mnist_mlp_opb_beta_0.005_anchor_1,5,linf,0.3,0.087000,0.911224
mnist_mlp_opb_beta_0.005_anchor_1,5,l2,1,0.931000,0.050000
mnist_mlp_opb_beta_0.005_anchor_1,5,l2,2,0.805000,0.178571
mnist_mlp_opb_beta_0.005_anchor_1,5,l2,3,0.555000,0.433674
mnist_mlp_opb_beta_0.005_anchor_1,5,l2,4,0.323000,0.670408
mnist_mlp_opb_beta_0.005_anchor_1,5,l2,5,0.160000,0.836735
mnist_mlp_opb_beta_0.005_anchor_1,5,l2,6,0.086000,0.912245
mnist_mlp_opb_beta_0.05_anchor_1,1,none,0,0.978000,
mnist_mlp_opb_beta_0.05_anchor_1,1,linf,0.05,0.919000,0.060327
mnist_mlp_opb_beta_0.05_anchor_1,1,linf,0.1,0.707000,0.277096
mnist_mlp_opb_beta_0.05_anchor_1,1,linf,0.15,0.415000,0.575665
mnist_mlp_opb_beta_0.05_anchor_1,1,linf,0.2,0.212000,0.783231
mnist_mlp_opb_beta_0.05_anchor_1,1,linf,0.25,0.103000,0.894683
mnist_mlp_opb_beta_0.05_anchor_1,1,linf,0.3,0.039000,0.960123
mnist_mlp_opb_beta_0.05_anchor_1,1,l2,1,0.921000,0.058282
mnist_mlp_opb_beta_0.05_anchor_1,1,l2,2,0.745000,0.238241
mnist_mlp_opb_beta_0.05_anchor_1,1,l2,3,0.447000,0.542945
mnist_mlp_opb_beta_0.05_anchor_1,1,l2,4,0.217000,0.778119
mnist_mlp_opb_beta_0.05_anchor_1,1,l2,5,0.093000,0.904908
mnist_mlp_opb_beta_0.05_anchor_1,1,l2,6,0.041000,0.958078
mnist_mlp_opb_beta_0.05_anchor_1,2,none,0,0.977000,
mnist_mlp_opb_beta_0.05_anchor_1,2,linf,0.05,0.925000,0.053224
mnist_mlp_opb_beta_0.05_anchor_1,2,linf,0.1,0.690000,0.293756
mnist_mlp_opb_beta_0.05_anchor_1,2,linf,0.15,0.481000,0.507677
mnist_mlp_opb_beta_0.05_anchor_1,2,linf,0.2,0.326000,0.666325
mnist_mlp_opb_beta_0.05_anchor_1,2,linf,0.25,0.191000,0.804504
mnist_mlp_opb_beta_0.05_anchor_1,2,linf,0.3,0.114000,0.883316
mnist_mlp_opb_beta_0.05_anchor_1,2,l2,1,0.927000,0.051177
mnist_mlp_opb_beta_0.05_anchor_1,2,l2,2,0.739000,0.243603
mnist_mlp_opb_beta_0.05_anchor_1,2,l2,3,0.477000,0.511771
mnist_mlp_opb_beta_0.05_anchor_1,2,l2,4,0.295000,0.698055
mnist_mlp_opb_beta_0.05_anchor_1,2,l2,5,0.164000,0.832139
mnist_mlp_opb_beta_0.05_anchor_1,2,l2,6,0.087000,0.910952
mnist_mlp_opb_beta_0.05_anchor_1,3,none,0,0.981000,
mnist_mlp_opb_beta_0.05_anchor_1,3,linf,0.05,0.933000,0.048930
mnist_mlp_opb_beta_0.05_anchor_1,3,linf,0.1,0.767000,0.218145
mnist_mlp_opb_beta_0.05_anchor_1,3,linf,0.15,0.500000,0.490316
mnist_mlp_opb_beta_0.05_anchor_1,3,linf,0.2,0.326000,0.667686
mnist_mlp_opb_beta_0.05_anchor_1,3,linf,0.25,0.218000,0.777778
mnist_mlp_opb_beta_0.05_anchor_1,3,linf,0.3,0.122000,0.875637
mnist_mlp_opb_beta_0.05_anchor_1,3,l2,1,0.938000,0.043833
mnist_mlp_opb_beta_0.05_anchor_1,3,l2,2,0.784000,0.200816
mnist_mlp_opb_beta_0.05_anchor_1,3,l2,3,0.491000,0.499490
mnist_mlp_opb_beta_0.05_anchor_1,3,l2,4,0.316000,0.677880
mnist_mlp_opb_beta_0.05_anchor_1,3,l2,5,0.179000,0.817533
mnist_mlp_opb_beta_0.05_anchor_1,3,l2,6,0.097000,0.901121
mnist_mlp_opb_beta_0.05_anchor_1,4,none,0,0.975000,
mnist_mlp_opb_beta_0.05_anchor_1,4,linf,0.05,0.928000,0.048205
mnist_mlp_opb_beta_0.05_anchor_1,4,linf,0.1,0.705000,0.276923
mnist_mlp_opb_beta_0.05_anchor_1,4,linf,0.15,0.427000,0.562051
mnist_mlp_opb_beta_0.05_anchor_1,4,linf,0.2,0.263000,0.730256
mnist_mlp_opb_beta_0.05_anchor_1,4,linf,0.25,0.155000,0.841026
mnist_mlp_opb_beta_0.05_anchor_1,4,linf,0.3,0.088000,0.909744
mnist_mlp_opb_beta_0.05_anchor_1,4,l2,1,0.931000,0.045128
mnist_mlp_opb_beta_0.05_anchor_1,4,l2,2,0.746000,0.234872
mnist_mlp_opb_beta_0.05_anchor_1,4,l2,3,0.448000,0.540513
mnist_mlp_opb_beta_0.05_anchor_1,4,l2,4,0.244000,0.749744
mnist_mlp_opb_beta_0.05_anchor_1,4,l2,5,0.134000,0.862564
mnist_mlp_opb_beta_0.05_anchor_1,4,l2,6,0.080000,0.917949
mnist_mlp_opb_beta_0.05_anchor_1,5,none,0,0.980000,
mnist_mlp_opb_beta_0.05_anchor_1,5,linf,0.05,0.920000,0.061225
mnist_mlp_opb_beta_0.05_anchor_1,5,linf,0.1,0.727000,0.258163
mnist_mlp_opb_beta_0.05_anchor_1,5,linf,0.15,0.493000,0.496939
mnist_mlp_opb_beta_0.05_anchor_1,5,linf,0.2,0.330000,0.663265
mnist_mlp_opb_beta_0.05_anchor_1,5,linf,0.25,0.200000,0.795918
mnist_mlp_opb_beta_0.05_anchor_1,5,linf,0.3,0.111000,0.886735
mnist_mlp_opb_beta_0.05_anchor_1,5,l2,1,0.927000,0.054082
mnist_mlp_opb_beta_0.05_anchor_1,5,l2,2,0.779000,0.205102
mnist_mlp_opb_beta_0.05_anchor_1,5,l2,3,0.492000,0.497959
mnist_mlp_opb_beta_0.05_anchor_1,5,l2,4,0.321000,0.672449
mnist_mlp_opb_beta_0.05_anchor_1,5,l2,5,0.188000,0.808163
mnist_mlp_opb_beta_0.05_anchor_1,5,l2,6,0.108000,0.889796
mnist_mlp_opb_beta_0.5_anchor_1,1,none,0,0.980000,
mnist_mlp_opb_beta_0.5_anchor_1,1,linf,0.05,0.919000,0.062245
mnist_mlp_opb_beta_0.5_anchor_1,1,linf,0.1,0.667000,0.319388
mnist_mlp_opb_beta_0.5_anchor_1,1,linf,0.15,0.390000,0.602041
mnist_mlp_opb_beta_0.5_anchor_1,1,linf,0.2,0.196000,0.800000
mnist_mlp_opb_beta_0.5_anchor_1,1,linf,0.25,0.108000,0.889796
mnist_mlp_opb_beta_0.5_anchor_1,1,linf,0.3,0.066000,0.932653
mnist_mlp_opb_beta_0.5_anchor_1,1,l2,1,0.923000,0.058163
mnist_mlp_opb_beta_0.5_anchor_1,1,l2,2,0.694000,0.291837
mnist_mlp_opb_beta_0.5_anchor_1,1,l2,3,0.409000,0.582653
mnist_mlp_opb_beta_0.5_anchor_1,1,l2,4,0.190000,0.806122
mnist_mlp_opb_beta_0.5_anchor_1,1,l2,5,0.107000,0.890816
mnist_mlp_opb_beta_0.5_anchor_1,1,l2,6,0.062000,0.936735
mnist_mlp_opb_beta_0.5_anchor_1,2,none,0,0.974000,
mnist_mlp_opb_beta_0.5_anchor_1,2,linf,0.05,0.909000,0.066735
mnist_mlp_opb_beta_0.5_anchor_1,2,linf,0.1,0.700000,0.281314
mnist_mlp_opb_beta_0.5_anchor_1,2,linf,0.15,0.370000,0.620123
mnist_mlp_opb_beta_0.5_anchor_1,2,linf,0.2,0.174000,0.821355
mnist_mlp_opb_beta_0.5_anchor_1,2,linf,0.25,0.094000,0.903491
mnist_mlp_opb_beta_0.5_anchor_1,2,linf,0.3,0.053000,0.945585
mnist_mlp_opb_beta_0.5_anchor_1,2,l2,1,0.913000,0.062628
mnist_mlp_opb_beta_0.5_anchor_1,2,l2,2,0.742000,0.238193
mnist_mlp_opb_beta_0.5_anchor_1,2,l2,3,0.380000,0.609856
mnist_mlp_opb_beta_0.5_anchor_1,2,l2,4,0.168000,0.827515
mnist_mlp_opb_beta_0.5_anchor_1,2,l2,5,0.087000,0.910678
mnist_mlp_opb_beta_0.5_anchor_1,2,l2,6,0.055000,0.943532
mnist_mlp_opb_beta_0.5_anchor_1,3,none,0,0.978000,
mnist_mlp_opb_beta_0.5_anchor_1,3,linf,0.05,0.912000,0.067485
mnist_mlp_opb_beta_0.5_anchor_1,3,linf,0.1,0.650000,0.335378
mnist_mlp_opb_beta_0.5_anchor_1,3,linf,0.15,0.357000,0.634969
mnist_mlp_opb_beta_0.5_anchor_1,3,linf,0.2,0.173000,0.823108
mnist_mlp_opb_beta_0.5_anchor_1,3,linf,0.25,0.082000,0.916155
mnist_mlp_opb_beta_0.5_anchor_1,3,linf,0.3,0.043000,0.956033
mnist_mlp_opb_beta_0.5_anchor_1,3,l2,1,0.915000,0.064417
mnist_mlp_opb_beta_0.5_anchor_1,3,l2,2,0.677000,0.307771
mnist_mlp_opb_beta_0.5_anchor_1,3,l2,3,0.369000,0.622699
mnist_mlp_opb_beta_0.5_anchor_1,3,l2,4,0.165000,0.831288
mnist_mlp_opb_beta_0.5_anchor_1,3,l2,5,0.079000,0.919223
mnist_mlp_opb_beta_0.5_anchor_1,3,l2,6,0.048000,0.950920
mnist_mlp_opb_beta_0.5_anchor_1,4,none,0,0.973000,
mnist_mlp_opb_beta_0.5_anchor_1,4,linf,0.05,0.905000,0.069887
mnist_mlp_opb_beta_0.5_anchor_1,4,linf,0.1,0.658000,0.323741
mnist_mlp_opb_beta_0.5_anchor_1,4,linf,0.15,0.380000,0.609455
mnist_mlp_opb_beta_0.5_anchor_1,4,linf,0.2,0.178000,0.817061
mnist_mlp_opb_beta_0.5_anchor_1,4,linf,0.25,0.089000,0.908530
mnist_mlp_opb_beta_0.5_anchor_1,4,linf,0.3,0.053000,0.945529
mnist_mlp_opb_beta_0.5_anchor_1,4,l2,1,0.908000,0.066804
mnist_mlp_opb_beta_0.5_anchor_1,4,l2,2,0.719000,0.261048
mnist_mlp_opb_beta_0.5_anchor_1,4,l2,3,0.397000,0.591984
mnist_mlp_opb_beta_0.5_anchor_1,4,l2,4,0.175000,0.820144
mnist_mlp_opb_beta_0.5_anchor_1,4,l2,5,0.084000,0.913669
mnist_mlp_opb_beta_0.5_anchor_1,4,l2,6,0.048000,0.950668
mnist_mlp_opb_beta_0.5_anchor_1,5,none,0,0.974000,
mnist_mlp_opb_beta_0.5_anchor_1,5,linf,0.05,0.913000,0.062628
mnist_mlp_opb_beta_0.5_anchor_1,5,linf,0.1,0.709000,0.272074
mnist_mlp_opb_beta_0.5_anchor_1,5,linf,0.15,0.381000,0.608830
mnist_mlp_opb_beta_0.5_anchor_1,5,linf,0.2,0.170000,0.825462
mnist_mlp_opb_beta_0.5_anchor_1,5,linf,0.25,0.076000,0.921971
mnist_mlp_opb_beta_0.5_anchor_1,5,linf,0.3,0.036000,0.963039
mnist_mlp_opb_beta_0.5_anchor_1,5,l2,1,0.917000,0.058522
mnist_mlp_opb_beta_0.5_anchor_1,5,l2,2,0.747000,0.233060
mnist_mlp_opb_beta_0.5_anchor_1,5,l2,3,0.391000,0.598563
mnist_mlp_opb_beta_0.5_anchor_1,5,l2,4,0.172000,0.823409
mnist_mlp_opb_beta_0.5_anchor_1,5,l2,5,0.079000,0.918891
mnist_mlp_opb_beta_0.5_anchor_1,5,l2,6,0.042000,0.956879
mnist_mlp_opb_beta_0.0005_anchor_6,1,none,0,0.976000,
mnist_mlp_opb_beta_0.0005_anchor_6,1,linf,0.05,0.919000,0.058402
mnist_mlp_opb_beta_0.0005_anchor_6,1,linf,0.1,0.749000,0.232582
mnist_mlp_opb_beta_0.0005_anchor_6,1,linf,0.15,0.462000,0.526639
mnist_mlp_opb_beta_0.0005_anchor_6,1,linf,0.2,0.190000,0.805328
mnist_mlp_opb_beta_0.0005_anchor_6,1,linf,0.25,0.073000,0.925205
mnist_mlp_opb_beta_0.0005_anchor_6,1,linf,0.3,0.028000,0.971311
mnist_mlp_opb_beta_0.0005_anchor_6,1,l2,1,0.922000,0.055328
mnist_mlp_opb_beta_0.0005_anchor_6,1,l2,2,0.755000,0.226434
mnist_mlp_opb_beta_0.0005_anchor_6,1,l2,3,0.480000,0.508197
mnist_mlp_opb_beta_0.0005_anchor_6,1,l2,4,0.223000,0.771516
mnist_mlp_opb_beta_0.0005_anchor_6,1,l2,5,0.088000,0.909836
mnist_mlp_opb_beta_0.0005_anchor_6,1,l2,6,0.047000,0.951844
mnist_mlp_opb_beta_0.0005_anchor_6,2,none,0,0.979000,
mnist_mlp_opb_beta_0.0005_anchor_6,2,linf,0.05,0.920000,0.060266
mnist_mlp_opb_beta_0.0005_anchor_6,2,linf,0.1,0.750000,0.233912
mnist_mlp_opb_beta_0.0005_anchor_6,2,linf,0.15,0.431000,0.559755
mnist_mlp_opb_beta_0.0005_anchor_6,2,linf,0.2,0.199000,0.796731
mnist_mlp_opb_beta_0.0005_anchor_6,2,linf,0.25,0.067000,0.931563
mnist_mlp_opb_beta_0.0005_anchor_6,2,linf,0.3,0.027000,0.972421
mnist_mlp_opb_beta_0.0005_anchor_6,2,l2,1,0.923000,0.057201
mnist_mlp_opb_beta_0.0005_anchor_6,2,l2,2,0.763000,0.220633
mnist_mlp_opb_beta_0.0005_anchor_6,2,l2,3,0.470000,0.519918
mnist_mlp_opb_beta_0.0005_anchor_6,2,l2,4,0.212000,0.783452
mnist_mlp_opb_beta_0.0005_anchor_6,2,l2,5,0.078000,0.920327
mnist_mlp_opb_beta_0.0005_anchor_6,2,l2,6,0.033000,0.966292
mnist_mlp_opb_beta_0.0005_anchor_6,3,none,0,0.977000,
mnist_mlp_opb_beta_0.0005_anchor_6,3,linf,0.05,0.932000,0.046059
mnist_mlp_opb_beta_0.0005_anchor_6,3,linf,0.1,0.787000,0.194473
mnist_mlp_opb_beta_0.0005_anchor_6,3,linf,0.15,0.518000,0.469806
mnist_mlp_opb_beta_0.0005_anchor_6,3,linf,0.2,0.231000,0.763562
mnist_mlp_opb_beta_0.0005_anchor_6,3,linf,0.25,0.090000,0.907881
mnist_mlp_opb_beta_0.0005_anchor_6,3,linf,0.3,0.035000,0.964176
mnist_mlp_opb_beta_0.0005_anchor_6,3,l2,1,0.930000,0.048106
mnist_mlp_opb_beta_0.0005_anchor_6,3,l2,2,0.793000,0.188332
mnist_mlp_opb_beta_0.0005_anchor_6,3,l2,3,0.517000,0.470829
mnist_mlp_opb_beta_0.0005_anchor_6,3,l2,4,0.234000,0.760491
mnist_mlp_opb_beta_0.0005_anchor_6,3,l2,5,0.107000,0.890481
mnist_mlp_opb_beta_0.0005_anchor_6,3,l2,6,0.059000,0.939611
mnist_mlp_opb_beta_0.0005_anchor_6,4,none,0,0.984000,
mnist_mlp_opb_beta_0.0005_anchor_6,4,linf,0.05,0.921000,0.064024
mnist_mlp_opb_beta_0.0005_anchor_6,4,linf,0.1,0.764000,0.223577
mnist_mlp_opb_beta_0.0005_anchor_6,4,linf,0.15,0.507000,0.484756
mnist_mlp_opb_beta_0.0005_anchor_6,4,linf,0.2,0.265000,0.730691
mnist_mlp_opb_beta_0.0005_anchor_6,4,linf,0.25,0.132000,0.865854
mnist_mlp_opb_beta_0.0005_anchor_6,4,linf,0.3,0.049000,0.950203
mnist_mlp_opb_beta_0.0005_anchor_6,4,l2,1,0.926000,0.058943
mnist_mlp_opb_beta_0.0005_anchor_6,4,l2,2,0.773000,0.214431
mnist_mlp_opb_beta_0.0005_anchor_6,4,l2,3,0.515000,0.476626
mnist_mlp_opb_beta_0.0005_anchor_6,4,l2,4,0.280000,0.715447
mnist_mlp_opb_beta_0.0005_anchor_6,4,l2,5,0.145000,0.852642
mnist_mlp_opb_beta_0.0005_anchor_6,4,l2,6,0.080000,0.918699
mnist_mlp_opb_beta_0.0005_anchor_6,5,none,0,0.980000,
mnist_mlp_opb_beta_0.0005_anchor_6,5,linf,0.05,0.934000,0.046939
mnist_mlp_opb_beta_0.0005_anchor_6,5,linf,0.1,0.769000,0.215306
mnist_mlp_opb_beta_0.0005_anchor_6,5,linf,0.15,0.490000,0.500000
mnist_mlp_opb_beta_0.0005_anchor_6,5,linf,0.2,0.216000,0.779592
mnist_mlp_opb_beta_0.0005_anchor_6,5,linf,0.25,0.084000,0.914286
mnist_mlp_opb_beta_0.0005_anchor_6,5,linf,0.3,0.041000,0.958163
mnist_mlp_opb_beta_0.0005_anchor_6,5,l2,1,0.937000,0.043878
mnist_mlp_opb_beta_0.0005_anchor_6,5,l2,2,0.767000,0.217347
mnist_mlp_opb_beta_0.0005_anchor_6,5,l2,3,0.496000,0.493878
mnist_mlp_opb_beta_0.0005_anchor_6,5,l2,4,0.229000,0.766327
mnist_mlp_opb_beta_0.0005_anchor_6,5,l2,5,0.095000,0.903061
mnist_mlp_opb_beta_0.0005_anchor_6,5,l2,6,0.047000,0.952041
mnist_mlp_opb_beta_0.005_anchor_6,1,none,0,0.981000,
mnist_mlp_opb_beta_0.005_anchor_6,1,linf,0.05,0.937000,0.044852
mnist_mlp_opb_beta_0.005_anchor_6,1,linf,0.1,0.754000,0.231397
mnist_mlp_opb_beta_0.005_anchor_6,1,linf,0.15,0.469000,0.521916
mnist_mlp_opb_beta_0.005_anchor_6,1,linf,0.2,0.230000,0.765545
mnist_mlp_opb_beta_0.005_anchor_6,1,linf,0.25,0.110000,0.887870
mnist_mlp_opb_beta_0.005_anchor_6,1,linf,0.3,0.043000,0.956167
mnist_mlp_opb_beta_0.005_anchor_6,1,l2,1,0.938000,0.043833
mnist_mlp_opb_beta_0.005_anchor_6,1,l2,2,0.755000,0.230377
mnist_mlp_opb_beta_0.005_anchor_6,1,l2,3,0.486000,0.504587
mnist_mlp_opb_beta_0.005_anchor_6,1,l2,4,0.298000,0.696228
mnist_mlp_opb_beta_0.005_anchor_6,1,l2,5,0.232000,0.763507
mnist_mlp_opb_beta_0.005_anchor_6,1,l2,6,0.203000,0.793068
mnist_mlp_opb_beta_0.005_anchor_6,2,none,0,0.982000,
mnist_mlp_opb_beta_0.005_anchor_6,2,linf,0.05,0.925000,0.058045
mnist_mlp_opb_beta_0.005_anchor_6,2,linf,0.1,0.783000,0.202648
mnist_mlp_opb_beta_0.005_anchor_6,2,linf,0.15,0.497000,0.493890
mnist_mlp_opb_beta_0.005_anchor_6,2,linf,0.2,0.245000,0.750509
mnist_mlp_opb_beta_0.005_anchor_6,2,linf,0.25,0.095000,0.903259
mnist_mlp_opb_beta_0.005_anchor_6,2,linf,0.3,0.031000,0.968432
mnist_mlp_opb_beta_0.005_anchor_6,2,l2,1,0.928000,0.054990
mnist_mlp_opb_beta_0.005_anchor_6,2,l2,2,0.783000,0.202648
mnist_mlp_opb_beta_0.005_anchor_6,2,l2,3,0.502000,0.488798
mnist_mlp_opb_beta_0.005_anchor_6,2,l2,4,0.311000,0.683299
mnist_mlp_opb_beta_0.005_anchor_6,2,l2,5,0.202000,0.794297
mnist_mlp_opb_beta_0.005_anchor_6,2,l2,6,0.158000,0.839104
mnist_mlp_opb_beta_0.005_anchor_6,3,none,0,0.984000,
mnist_mlp_opb_beta_0.005_anchor_6,3,linf,0.05,0.936000,0.048781
mnist_mlp_opb_beta_0.005_anchor_6,3,linf,0.1,0.789000,0.198171
mnist_mlp_opb_beta_0.005_anchor_6,3,linf,0.15,0.498000,0.493902
mnist_mlp_opb_beta_0.005_anchor_6,3,linf,0.2,0.228000,0.768293
mnist_mlp_opb_beta_0.005_anchor_6,3,linf,0.25,0.100000,0.898374
mnist_mlp_opb_beta_0.005_anchor_6,3,linf,0.3,0.042000,0.957317
mnist_mlp_opb_beta_0.005_anchor_6,3,l2,1,0.937000,0.047764
mnist_mlp_opb_beta_0.005_anchor_6,3,l2,2,0.790000,0.197155
mnist_mlp_opb_beta_0.005_anchor_6,3,l2,3,0.540000,0.451220
mnist_mlp_opb_beta_0.005_anchor_6,3,l2,4,0.343000,0.651423
mnist_mlp_opb_beta_0.005_anchor_6,3,l2,5,0.251000,0.744919
mnist_mlp_opb_beta_0.005_anchor_6,3,l2,6,0.245000,0.751016
mnist_mlp_opb_beta_0.005_anchor_6,4,none,0,0.985000,
mnist_mlp_opb_beta_0.005_anchor_6,4,linf,0.05,0.931000,0.054822
mnist_mlp_opb_beta_0.005_anchor_6,4,linf,0.1,0.790000,0.197969
mnist_mlp_opb_beta_0.005_anchor_6,4,linf,0.15,0.496000,0.496447
mnist_mlp_opb_beta_0.005_anchor_6,4,linf,0.2,0.240000,0.756345
mnist_mlp_opb_beta_0.005_anchor_6,4,linf,0.25,0.108000,0.890355
mnist_mlp_opb_beta_0.005_anchor_6,4,linf,0.3,0.048000,0.951269
mnist_mlp_opb_beta_0.005_anchor_6,4,l2,1,0.928000,0.057868
mnist_mlp_opb_beta_0.005_anchor_6,4,l2,2,0.783000,0.205076
mnist_mlp_opb_beta_0.005_anchor_6,4,l2,3,0.543000,0.448731
mnist_mlp_opb_beta_0.005_anchor_6,4,l2,4,0.377000,0.617259
mnist_mlp_opb_beta_0.005_anchor_6,4,l2,5,0.273000,0.722843
mnist_mlp_opb_beta_0.005_anchor_6,4,l2,6,0.236000,0.760406
mnist_mlp_opb_beta_0.005_anchor_6,5,none,0,0.982000,
mnist_mlp_opb_beta_0.005_anchor_6,5,linf,0.05,0.937000,0.045825
mnist_mlp_opb_beta_0.005_anchor_6,5,linf,0.1,0.762000,0.224033
mnist_mlp_opb_beta_0.005_anchor_6,5,linf,0.15,0.474000,0.517312
mnist_mlp_opb_beta_0.005_anchor_6,5,linf,0.2,0.235000,0.760692
mnist_mlp_opb_beta_0.005_anchor_6,5,linf,0.25,0.112000,0.885947
mnist_mlp_opb_beta_0.005_anchor_6,5,linf,0.3,0.043000,0.956212
mnist_mlp_opb_beta_0.005_anchor_6,5,l2,1,0.937000,0.045825
mnist_mlp_opb_beta_0.005_anchor_6,5,l2,2,0.766000,0.219959
mnist_mlp_opb_beta_0.005_anchor_6,5,l2,3,0.505000,0.485743
mnist_mlp_opb_beta_0.005_anchor_6,5,l2,4,0.322000,0.672098
mnist_mlp_opb_beta_0.005_anchor_6,5,l2,5,0.266000,0.729124
mnist_mlp_opb_beta_0.005_anchor_6,5,l2,6,0.216000,0.780041
mnist_mlp_opb_beta_0.05_anchor_6,1,none,0,0.979000,
mnist_mlp_opb_beta_0.05_anchor_6,1,linf,0.05,0.932000,0.048008
mnist_mlp_opb_beta_0.05_anchor_6,1,linf,0.1,0.758000,0.225740
mnist_mlp_opb_beta_0.05_anchor_6,1,linf,0.15,0.442000,0.548519
mnist_mlp_opb_beta_0.05_anchor_6,1,linf,0.2,0.244000,0.750766
mnist_mlp_opb_beta_0.05_anchor_6,1,linf,0.25,0.122000,0.875383
mnist_mlp_opb_beta_0.05_anchor_6,1,linf,0.3,0.051000,0.947906
mnist_mlp_opb_beta_0.05_anchor_6,1,l2,1,0.933000,0.046987
mnist_mlp_opb_beta_0.05_anchor_6,1,l2,2,0.771000,0.212462
mnist_mlp_opb_beta_0.05_anchor_6,1,l2,3,0.467000,0.522983
mnist_mlp_opb_beta_0.05_anchor_6,1,l2,4,0.259000,0.735444
mnist_mlp_opb_beta_0.05_anchor_6,1,l2,5,0.159000,0.837589
mnist_mlp_opb_beta_0.05_anchor_6,1,l2,6,0.109000,0.888662
mnist_mlp_opb_beta_0.05_anchor_6,2,none,0,0.984000,
mnist_mlp_opb_beta_0.05_anchor_6,2,linf,0.05,0.926000,0.058943
mnist_mlp_opb_beta_0.05_anchor_6,2,linf,0.1,0.717000,0.271342
mnist_mlp_opb_beta_0.05_anchor_6,2,linf,0.15,0.466000,0.526423
mnist_mlp_opb_beta_0.05_anchor_6,2,linf,0.2,0.270000,0.725610
mnist_mlp_opb_beta_0.05_anchor_6,2,linf,0.25,0.145000,0.852642
mnist_mlp_opb_beta_0.05_anchor_6,2,linf,0.3,0.067000,0.931911
mnist_mlp_opb_beta_0.05_anchor_6,2,l2,1,0.925000,0.059959
mnist_mlp_opb_beta_0.05_anchor_6,2,l2,2,0.774000,0.213415
mnist_mlp_opb_beta_0.05_anchor_6,2,l2,3,0.471000,0.521341
mnist_mlp_opb_beta_0.05_anchor_6,2,l2,4,0.287000,0.708333
mnist_mlp_opb_beta_0.05_anchor_6,2,l2,5,0.151000,0.846545
mnist_mlp_opb_beta_0.05_anchor_6,2,l2,6,0.089000,0.909553
mnist_mlp_opb_beta_0.05_anchor_6,3,none,0,0.982000,
mnist_mlp_opb_beta_0.05_anchor_6,3,linf,0.05,0.930000,0.052953
mnist_mlp_opb_beta_0.05_anchor_6,3,linf,0.1,0.765000,0.220978
mnist_mlp_opb_beta_0.05_anchor_6,3,linf,0.15,0.465000,0.526477
mnist_mlp_opb_beta_0.05_anchor_6,3,linf,0.2,0.263000,0.732179
mnist_mlp_opb_beta_0.05_anchor_6,3,linf,0.25,0.119000,0.878819
mnist_mlp_opb_beta_0.05_anchor_6,3,linf,0.3,0.054000,0.945010
mnist_mlp_opb_beta_0.05_anchor_6,3,l2,1,0.936000,0.046843
mnist_mlp_opb_beta_0.05_anchor_6,3,l2,2,0.786000,0.199593
mnist_mlp_opb_beta_0.05_anchor_6,3,l2,3,0.479000,0.512220
mnist_mlp_opb_beta_0.05_anchor_6,3,l2,4,0.306000,0.688391
mnist_mlp_opb_beta_0.05_anchor_6,3,l2,5,0.178000,0.818737
mnist_mlp_opb_beta_0.05_anchor_6,3,l2,6,0.148000,0.849287
mnist_mlp_opb_beta_0.05_anchor_6,4,none,0,0.982000,
mnist_mlp_opb_beta_0.05_anchor_6,4,linf,0.05,0.933000,0.049898
mnist_mlp_opb_beta_0.05_anchor_6,4,linf,0.1,0.767000,0.218941
mnist_mlp_opb_beta_0.05_anchor_6,4,linf,0.15,0.453000,0.538697
mnist_mlp_opb_beta_0.05_anchor_6,4,linf,0.2,0.215000,0.781059
mnist_mlp_opb_beta_0.05_anchor_6,4,linf,0.25,0.101000,0.897149
mnist_mlp_opb_beta_0.05_anchor_6,4,linf,0.3,0.050000,0.949083
mnist_mlp_opb_beta_0.05_anchor_6,4,l2,1,0.938000,0.044806
mnist_mlp_opb_beta_0.05_anchor_6,4,l2,2,0.779000,0.206721
mnist_mlp_opb_beta_0.05_anchor_6,4,l2,3,0.497000,0.493890
mnist_mlp_opb_beta_0.05_anchor_6,4,l2,4,0.280000,0.714868
mnist_mlp_opb_beta_0.05_anchor_6,4,l2,5,0.167000,0.829939
mnist_mlp_opb_beta_0.05_anchor_6,4,l2,6,0.123000,0.874745
mnist_mlp_opb_beta_0.05_anchor_6,5,none,0,0.984000,
mnist_mlp_opb_beta_0.05_anchor_6,5,linf,0.05,0.922000,0.063008
mnist_mlp_opb_beta_0.05_anchor_6,5,linf,0.1,0.790000,0.197155
mnist_mlp_opb_beta_0.05_anchor_6,5,linf,0.15,0.484000,0.508130
mnist_mlp_opb_beta_0.05_anchor_6,5,linf,0.2,0.257000,0.738821
mnist_mlp_opb_beta_0.05_anchor_6,5,linf,0.25,0.129000,0.868902
mnist_mlp_opb_beta_0.05_anchor_6,5,linf,0.3,0.052000,0.947154
mnist_mlp_opb_beta_0.05_anchor_6,5,l2,1,0.924000,0.060976
mnist_mlp_opb_beta_0.05_anchor_6,5,l2,2,0.799000,0.188008
mnist_mlp_opb_beta_0.05_anchor_6,5,l2,3,0.521000,0.470528
mnist_mlp_opb_beta_0.05_anchor_6,5,l2,4,0.291000,0.704268
mnist_mlp_opb_beta_0.05_anchor_6,5,l2,5,0.187000,0.809959
mnist_mlp_opb_beta_0.05_anchor_6,5,l2,6,0.129000,0.868902
mnist_mlp_opb_beta_0.5_anchor_6,1,none,0,0.980000,
mnist_mlp_opb_beta_0.5_anchor_6,1,linf,0.05,0.931000,0.050000
mnist_mlp_opb_beta_0.5_anchor_6,1,linf,0.1,0.642000,0.344898
mnist_mlp_opb_beta_0.5_anchor_6,1,linf,0.15,0.385000,0.607143
mnist_mlp_opb_beta_0.5_anchor_6,1,linf,0.2,0.185000,0.811225
mnist_mlp_opb_beta_0.5_anchor_6,1,linf,0.25,0.099000,0.898980
mnist_mlp_opb_beta_0.5_anchor_6,1,linf,0.3,0.047000,0.952041
mnist_mlp_opb_beta_0.5_anchor_6,1,l2,1,0.932000,0.048980
mnist_mlp_opb_beta_0.5_anchor_6,1,l2,2,0.692000,0.293878
mnist_mlp_opb_beta_0.5_anchor_6,1,l2,3,0.411000,0.580612
mnist_mlp_opb_beta_0.5_anchor_6,1,l2,4,0.193000,0.803061
mnist_mlp_opb_beta_0.5_anchor_6,1,l2,5,0.096000,0.902041
mnist_mlp_opb_beta_0.5_anchor_6,1,l2,6,0.055000,0.943878
mnist_mlp_opb_beta_0.5_anchor_6,2,none,0,0.978000,
mnist_mlp_opb_beta_0.5_anchor_6,2,linf,0.05,0.941000,0.037832
mnist_mlp_opb_beta_0.5_anchor_6,2,linf,0.1,0.681000,0.303681
mnist_mlp_opb_beta_0.5_anchor_6,2,linf,0.15,0.421000,0.569530
mnist_mlp_opb_beta_0.5_anchor_6,2,linf,0.2,0.245000,0.749489
mnist_mlp_opb_beta_0.5_anchor_6,2,linf,0.25,0.123000,0.874233
mnist_mlp_opb_beta_0.5_anchor_6,2,linf,0.3,0.060000,0.938650
mnist_mlp_opb_beta_0.5_anchor_6,2,l2,1,0.939000,0.039877
mnist_mlp_opb_beta_0.5_anchor_6,2,l2,2,0.729000,0.254601
mnist_mlp_opb_beta_0.5_anchor_6,2,l2,3,0.430000,0.560327
mnist_mlp_opb_beta_0.5_anchor_6,2,l2,4,0.224000,0.770961
mnist_mlp_opb_beta_0.5_anchor_6,2,l2,5,0.105000,0.892638
mnist_mlp_opb_beta_0.5_anchor_6,2,l2,6,0.054000,0.944785
mnist_mlp_opb_beta_0.5_anchor_6,3,none,0,0.985000,
mnist_mlp_opb_beta_0.5_anchor_6,3,linf,0.05,0.922000,0.063959
mnist_mlp_opb_beta_0.5_anchor_6,3,linf,0.1,0.630000,0.360406
mnist_mlp_opb_beta_0.5_anchor_6,3,linf,0.15,0.377000,0.617259
mnist_mlp_opb_beta_0.5_anchor_6,3,linf,0.2,0.197000,0.800000
mnist_mlp_opb_beta_0.5_anchor_6,3,linf,0.25,0.112000,0.886294
mnist_mlp_opb_beta_0.5_anchor_6,3,linf,0.3,0.055000,0.944162
mnist_mlp_opb_beta_0.5_anchor_6,3,l2,1,0.927000,0.058883
mnist_mlp_opb_beta_0.5_anchor_6,3,l2,2,0.649000,0.341117
mnist_mlp_opb_beta_0.5_anchor_6,3,l2,3,0.396000,0.597970
mnist_mlp_opb_beta_0.5_anchor_6,3,l2,4,0.202000,0.794924
mnist_mlp_opb_beta_0.5_anchor_6,3,l2,5,0.096000,0.902538
mnist_mlp_opb_beta_0.5_anchor_6,3,l2,6,0.046000,0.953299
mnist_mlp_opb_beta_0.5_anchor_6,4,none,0,0.985000,
mnist_mlp_opb_beta_0.5_anchor_6,4,linf,0.05,0.925000,0.060914
mnist_mlp_opb_beta_0.5_anchor_6,4,linf,0.1,0.656000,0.334010
mnist_mlp_opb_beta_0.5_anchor_6,4,linf,0.15,0.392000,0.602030
mnist_mlp_opb_beta_0.5_anchor_6,4,linf,0.2,0.208000,0.788832
mnist_mlp_opb_beta_0.5_anchor_6,4,linf,0.25,0.122000,0.876142
mnist_mlp_opb_beta_0.5_anchor_6,4,linf,0.3,0.065000,0.934010
mnist_mlp_opb_beta_0.5_anchor_6,4,l2,1,0.929000,0.056853
mnist_mlp_opb_beta_0.5_anchor_6,4,l2,2,0.711000,0.278173
mnist_mlp_opb_beta_0.5_anchor_6,4,l2,3,0.402000,0.591878
mnist_mlp_opb_beta_0.5_anchor_6,4,l2,4,0.206000,0.790863
mnist_mlp_opb_beta_0.5_anchor_6,4,l2,5,0.099000,0.899492
mnist_mlp_opb_beta_0.5_anchor_6,4,l2,6,0.060000,0.939086
mnist_mlp_opb_beta_0.5_anchor_6,5,none,0,0.979000,
mnist_mlp_opb_beta_0.5_anchor_6,5,linf,0.05,0.919000,0.061287
mnist_mlp_opb_beta_0.5_anchor_6,5,linf,0.1,0.651000,0.335036
mnist_mlp_opb_beta_0.5_anchor_6,5,linf,0.15,0.415000,0.576098
mnist_mlp_opb_beta_0.5_anchor_6,5,linf,0.2,0.217000,0.778345
mnist_mlp_opb_beta_0.5_anchor_6,5,linf,0.25,0.113000,0.884576
mnist_mlp_opb_beta_0.5_anchor_6,5,linf,0.3,0.060000,0.938713
mnist_mlp_opb_beta_0.5_anchor_6,5,l2,1,0.925000,0.055158
mnist_mlp_opb_beta_0.5_anchor_6,5,l2,2,0.704000,0.280899
mnist_mlp_opb_beta_0.5_anchor_6,5,l2,3,0.422000,0.568948
mnist_mlp_opb_beta_0.5_anchor_6,5,l2,4,0.223000,0.772217
mnist_mlp_opb_beta_0.5_anchor_6,5,l2,5,0.102000,0.895812
mnist_mlp_opb_beta_0.5_anchor_6,5,l2,6,0.060000,0.938713
mnist_mlp_opb_beta_0.0005_anchor_12,1,none,0,0.978000,
mnist_mlp_opb_beta_0.0005_anchor_12,1,linf,0.05,0.921000,0.058282
mnist_mlp_opb_beta_0.0005_anchor_12,1,linf,0.1,0.722000,0.261759
mnist_mlp_opb_beta_0.0005_anchor_12,1,linf,0.15,0.415000,0.575665
mnist_mlp_opb_beta_0.0005_anchor_12,1,linf,0.2,0.188000,0.807771
mnist_mlp_opb_beta_0.0005_anchor_12,1,linf,0.25,0.073000,0.925358
mnist_mlp_opb_beta_0.0005_anchor_12,1,linf,0.3,0.024000,0.975460
mnist_mlp_opb_beta_0.0005_anchor_12,1,l2,1,0.926000,0.053170
mnist_mlp_opb_beta_0.0005_anchor_12,1,l2,2,0.747000,0.236196
mnist_mlp_opb_beta_0.0005_anchor_12,1,l2,3,0.461000,0.528630
mnist_mlp_opb_beta_0.0005_anchor_12,1,l2,4,0.222000,0.773006
mnist_mlp_opb_beta_0.0005_anchor_12,1,l2,5,0.109000,0.888548
mnist_mlp_opb_beta_0.0005_anchor_12,1,l2,6,0.074000,0.924335
mnist_mlp_opb_beta_0.0005_anchor_12,2,none,0,0.975000,
mnist_mlp_opb_beta_0.0005_anchor_12,2,linf,0.05,0.917000,0.059487
mnist_mlp_opb_beta_0.0005_anchor_12,2,linf,0.1,0.717000,0.264615
mnist_mlp_opb_beta_0.0005_anchor_12,2,linf,0.15,0.432000,0.556923
mnist_mlp_opb_beta_0.0005_anchor_12,2,linf,0.2,0.181000,0.814359
mnist_mlp_opb_beta_0.0005_anchor_12,2,linf,0.25,0.052000,0.946667
mnist_mlp_opb_beta_0.0005_anchor_12,2,linf,0.3,0.020000,0.979487
mnist_mlp_opb_beta_0.0005_anchor_12,2,l2,1,0.921000,0.055385
mnist_mlp_opb_beta_0.0005_anchor_12,2,l2,2,0.740000,0.241026
mnist_mlp_opb_beta_0.0005_anchor_12,2,l2,3,0.483000,0.504615
mnist_mlp_opb_beta_0.0005_anchor_12,2,l2,4,0.224000,0.770256
mnist_mlp_opb_beta_0.0005_anchor_12,2,l2,5,0.105000,0.892308
mnist_mlp_opb_beta_0.0005_anchor_12,2,l2,6,0.074000,0.924103
mnist_mlp_opb_beta_0.0005_anchor_12,3,none,0,0.980000,
mnist_mlp_opb_beta_0.0005_anchor_12,3,linf,0.05,0.912000,0.069388
mnist_mlp_opb_beta_0.0005_anchor_12,3,linf,0.1,0.750000,0.234694
mnist_mlp_opb_beta_0.0005_anchor_12,3,linf,0.15,0.439000,0.552041
mnist_mlp_opb_beta_0.0005_anchor_12,3,linf,0.2,0.204000,0.791837
mnist_mlp_opb_beta_0.0005_anchor_12,3,linf,0.25,0.068000,0.930612
mnist_mlp_opb_beta_0.0005_anchor_12,3,linf,0.3,0.026000,0.973469
mnist_mlp_opb_beta_0.0005_anchor_12,3,l2,1,0.920000,0.061225
mnist_mlp_opb_beta_0.0005_anchor_12,3,l2,2,0.766000,0.218367
mnist_mlp_opb_beta_0.0005_anchor_12,3,l2,3,0.476000,0.514286
mnist_mlp_opb_beta_0.0005_anchor_12,3,l2,4,0.238000,0.757143
mnist_mlp_opb_beta_0.0005_anchor_12,3,l2,5,0.099000,0.898980
mnist_mlp_opb_beta_0.0005_anchor_12,3,l2,6,0.054000,0.944898
mnist_mlp_opb_beta_0.0005_anchor_12,4,none,0,0.983000,
mnist_mlp_opb_beta_0.0005_anchor_12,4,linf,0.05,0.922000,0.062055
mnist_mlp_opb_beta_0.0005_anchor_12,4,linf,0.1,0.757000,0.229908
mnist_mlp_opb_beta_0.0005_anchor_12,4,linf,0.15,0.479000,0.512716
mnist_mlp_opb_beta_0.0005_anchor_12,4,linf,0.2,0.208000,0.788403
mnist_mlp_opb_beta_0.0005_anchor_12,4,linf,0.25,0.096000,0.902340
mnist_mlp_opb_beta_0.0005_anchor_12,4,linf,0.3,0.029000,0.970498
mnist_mlp_opb_beta_0.0005_anchor_12,4,l2,1,0.922000,0.062055
mnist_mlp_opb_beta_0.0005_anchor_12,4,l2,2,0.768000,0.218718
mnist_mlp_opb_beta_0.0005_anchor_12,4,l2,3,0.511000,0.480163
mnist_mlp_opb_beta_0.0005_anchor_12,4,l2,4,0.315000,0.679552
mnist_mlp_opb_beta_0.0005_anchor_12,4,l2,5,0.247000,0.748728
mnist_mlp_opb_beta_0.0005_anchor_12,4,l2,6,0.221000,0.775178
mnist_mlp_opb_beta_0.0005_anchor_12,5,none,0,0.983000,
mnist_mlp_opb_beta_0.0005_anchor_12,5,linf,0.05,0.925000,0.059003
mnist_mlp_opb_beta_0.0005_anchor_12,5,linf,0.1,0.732000,0.255341
mnist_mlp_opb_beta_0.0005_anchor_12,5,linf,0.15,0.451000,0.541200
mnist_mlp_opb_beta_0.0005_anchor_12,5,linf,0.2,0.180000,0.816887
mnist_mlp_opb_beta_0.0005_anchor_12,5,linf,0.25,0.054000,0.945066
mnist_mlp_opb_beta_0.0005_anchor_12,5,linf,0.3,0.020000,0.979654
mnist_mlp_opb_beta_0.0005_anchor_12,5,l2,1,0.930000,0.053917
mnist_mlp_opb_beta_0.0005_anchor_12,5,l2,2,0.747000,0.240081
mnist_mlp_opb_beta_0.0005_anchor_12,5,l2,3,0.482000,0.509664
mnist_mlp_opb_beta_0.0005_anchor_12,5,l2,4,0.227000,0.769074
mnist_mlp_opb_beta_0.0005_anchor_12,5,l2,5,0.097000,0.901322
mnist_mlp_opb_beta_0.0005_anchor_12,5,l2,6,0.069000,0.929807
mnist_mlp_opb_beta_0.005_anchor_12,1,none,0,0.979000,
mnist_mlp_opb_beta_0.005_anchor_12,1,linf,0.05,0.930000,0.050051
mnist_mlp_opb_beta_0.005_anchor_12,1,linf,0.1,0.786000,0.197140
mnist_mlp_opb_beta_0.005_anchor_12,1,linf,0.15,0.540000,0.448417
mnist_mlp_opb_beta_0.005_anchor_12,1,linf,0.2,0.304000,0.689479
mnist_mlp_opb_beta_0.005_anchor_12,1,linf,0.25,0.126000,0.871297
mnist_mlp_opb_beta_0.005_anchor_12,1,linf,0.3,0.076000,0.922370
mnist_mlp_opb_beta_0.005_anchor_12,1,l2,1,0.932000,0.048008
mnist_mlp_opb_beta_0.005_anchor_12,1,l2,2,0.838000,0.144024
mnist_mlp_opb_beta_0.005_anchor_12,1,l2,3,0.809000,0.173647
mnist_mlp_opb_beta_0.005_anchor_12,1,l2,4,0.805000,0.177732
mnist_mlp_opb_beta_0.005_anchor_12,1,l2,5,0.792000,0.191011
mnist_mlp_opb_beta_0.005_anchor_12,1,l2,6,0.796000,0.186925
mnist_mlp_opb_beta_0.005_anchor_12,2,none,0,0.975000,
mnist_mlp_opb_beta_0.005_anchor_12,2,linf,0.05,0.911000,0.065641
mnist_mlp_opb_beta_0.005_anchor_12,2,linf,0.1,0.728000,0.253333
mnist_mlp_opb_beta_0.005_anchor_12,2,linf,0.15,0.482000,0.505641
mnist_mlp_opb_beta_0.005_anchor_12,2,linf,0.2,0.259000,0.734359
mnist_mlp_opb_beta_0.005_anchor_12,2,linf,0.25,0.125000,0.871795
mnist_mlp_opb_beta_0.005_anchor_12,2,linf,0.3,0.061000,0.937436
mnist_mlp_opb_beta_0.005_anchor_12,2,l2,1,0.914000,0.062564
mnist_mlp_opb_beta_0.005_anchor_12,2,l2,2,0.748000,0.232821
mnist_mlp_opb_beta_0.005_anchor_12,2,l2,3,0.546000,0.440000
mnist_mlp_opb_beta_0.005_anchor_12,2,l2,4,0.445000,0.543590
mnist_mlp_opb_beta_0.005_anchor_12,2,l2,5,0.420000,0.569231
mnist_mlp_opb_beta_0.005_anchor_12,2,l2,6,0.412000,0.577436
mnist_mlp_opb_beta_0.005_anchor_12,3,none,0,0.978000,
mnist_mlp_opb_beta_0.005_anchor_12,3,linf,0.05,0.919000,0.060327
mnist_mlp_opb_beta_0.005_anchor_12,3,linf,0.1,0.768000,0.214724
mnist_mlp_opb_beta_0.005_anchor_12,3,linf,0.15,0.517000,0.471370
mnist_mlp_opb_beta_0.005_anchor_12,3,linf,0.2,0.262000,0.732106
mnist_mlp_opb_beta_0.005_anchor_12,3,linf,0.25,0.122000,0.875256
mnist_mlp_opb_beta_0.005_anchor_12,3,linf,0.3,0.042000,0.957055
mnist_mlp_opb_beta_0.005_anchor_12,3,l2,1,0.924000,0.055215
mnist_mlp_opb_beta_0.005_anchor_12,3,l2,2,0.785000,0.197342
mnist_mlp_opb_beta_0.005_anchor_12,3,l2,3,0.576000,0.411043
mnist_mlp_opb_beta_0.005_anchor_12,3,l2,4,0.481000,0.508180
mnist_mlp_opb_beta_0.005_anchor_12,3,l2,5,0.441000,0.549080
mnist_mlp_opb_beta_0.005_anchor_12,3,l2,6,0.431000,0.559305
mnist_mlp_opb_beta_0.005_anchor_12,4,none,0,0.980000,
mnist_mlp_opb_beta_0.005_anchor_12,4,linf,0.05,0.919000,0.062245
mnist_mlp_opb_beta_0.005_anchor_12,4,linf,0.1,0.753000,0.231633
mnist_mlp_opb_beta_0.005_anchor_12,4,linf,0.15,0.475000,0.515306
mnist_mlp_opb_beta_0.005_anchor_12,4,linf,0.2,0.206000,0.789796
mnist_mlp_opb_beta_0.005_anchor_12,4,linf,0.25,0.091000,0.907143
mnist_mlp_opb_beta_0.005_anchor_12,4,linf,0.3,0.037000,0.962245
mnist_mlp_opb_beta_0.005_anchor_12,4,l2,1,0.920000,0.061225
mnist_mlp_opb_beta_0.005_anchor_12,4,l2,2,0.776000,0.208163
mnist_mlp_opb_beta_0.005_anchor_12,4,l2,3,0.568000,0.420408
mnist_mlp_opb_beta_0.005_anchor_12,4,l2,4,0.494000,0.495918
mnist_mlp_opb_beta_0.005_anchor_12,4,l2,5,0.475000,0.515306
mnist_mlp_opb_beta_0.005_anchor_12,4,l2,6,0.463000,0.527551
mnist_mlp_opb_beta_0.005_anchor_12,5,none,0,0.974000,
mnist_mlp_opb_beta_0.005_anchor_12,5,linf,0.05,0.920000,0.055441
mnist_mlp_opb_beta_0.005_anchor_12,5,linf,0.1,0.789000,0.189938
mnist_mlp_opb_beta_0.005_anchor_12,5,linf,0.15,0.531000,0.454825
mnist_mlp_opb_beta_0.005_anchor_12,5,linf,0.2,0.282000,0.710472
mnist_mlp_opb_beta_0.005_anchor_12,5,linf,0.25,0.143000,0.853183
mnist_mlp_opb_beta_0.005_anchor_12,5,linf,0.3,0.100000,0.897331
mnist_mlp_opb_beta_0.005_anchor_12,5,l2,1,0.924000,0.051335
mnist_mlp_opb_beta_0.005_anchor_12,5,l2,2,0.843000,0.134497
mnist_mlp_opb_beta_0.005_anchor_12,5,l2,3,0.813000,0.165298
mnist_mlp_opb_beta_0.005_anchor_12,5,l2,4,0.808000,0.170431
mnist_mlp_opb_beta_0.005_anchor_12,5,l2,5,0.798000,0.180698
mnist_mlp_opb_beta_0.005_anchor_12,5,l2,6,0.788000,0.190965
mnist_mlp_opb_beta_0.05_anchor_12,1,none,0,0.977000,
mnist_mlp_opb_beta_0.05_anchor_12,1,linf,0.05,0.929000,0.049130
mnist_mlp_opb_beta_0.05_anchor_12,1,linf,0.1,0.778000,0.203685
mnist_mlp_opb_beta_0.05_anchor_12,1,linf,0.15,0.504000,0.484135
mnist_mlp_opb_beta_0.05_anchor_12,1,linf,0.2,0.291000,0.702149
mnist_mlp_opb_beta_0.05_anchor_12,1,linf,0.25,0.152000,0.844422
mnist_mlp_opb_beta_0.05_anchor_12,1,linf,0.3,0.071000,0.927329
mnist_mlp_opb_beta_0.05_anchor_12,1,l2,1,0.931000,0.047083
mnist_mlp_opb_beta_0.05_anchor_12,1,l2,2,0.809000,0.171955
mnist_mlp_opb_beta_0.05_anchor_12,1,l2,3,0.681000,0.302968
mnist_mlp_opb_beta_0.05_anchor_12,1,l2,4,0.597000,0.388946
mnist_mlp_opb_beta_0.05_anchor_12,1,l2,5,0.544000,0.443193
mnist_mlp_opb_beta_0.05_anchor_12,1,l2,6,0.497000,0.491300
mnist_mlp_opb_beta_0.05_anchor_12,2,none,0,0.985000,
mnist_mlp_opb_beta_0.05_anchor_12,2,linf,0.05,0.934000,0.051777
mnist_mlp_opb_beta_0.05_anchor_12,2,linf,0.1,0.761000,0.227411
mnist_mlp_opb_beta_0.05_anchor_12,2,linf,0.15,0.462000,0.530964
mnist_mlp_opb_beta_0.05_anchor_12,2,linf,0.2,0.281000,0.714721
mnist_mlp_opb_beta_0.05_anchor_12,2,linf,0.25,0.143000,0.854822
mnist_mlp_opb_beta_0.05_anchor_12,2,linf,0.3,0.065000,0.934010
mnist_mlp_opb_beta_0.05_anchor_12,2,l2,1,0.935000,0.050761
mnist_mlp_opb_beta_0.05_anchor_12,2,l2,2,0.858000,0.128934
mnist_mlp_opb_beta_0.05_anchor_12,2,l2,3,0.829000,0.158376
mnist_mlp_opb_beta_0.05_anchor_12,2,l2,4,0.826000,0.161421
mnist_mlp_opb_beta_0.05_anchor_12,2,l2,5,0.812000,0.175635
mnist_mlp_opb_beta_0.05_anchor_12,2,l2,6,0.819000,0.168528
mnist_mlp_opb_beta_0.05_anchor_12,3,none,0,0.977000,
mnist_mlp_opb_beta_0.05_anchor_12,3,linf,0.05,0.935000,0.042989
mnist_mlp_opb_beta_0.05_anchor_12,3,linf,0.1,0.786000,0.195496
mnist_mlp_opb_beta_0.05_anchor_12,3,linf,0.15,0.494000,0.494371
mnist_mlp_opb_beta_0.05_anchor_12,3,linf,0.2,0.291000,0.702149
mnist_mlp_opb_beta_0.05_anchor_12,3,linf,0.25,0.139000,0.857728
mnist_mlp_opb_beta_0.05_anchor_12,3,linf,0.3,0.067000,0.931423
mnist_mlp_opb_beta_0.05_anchor_12,3,l2,1,0.935000,0.042989
mnist_mlp_opb_beta_0.05_anchor_12,3,l2,2,0.877000,0.102354
mnist_mlp_opb_beta_0.05_anchor_12,3,l2,3,0.854000,0.125896
mnist_mlp_opb_beta_0.05_anchor_12,3,l2,4,0.847000,0.133060
mnist_mlp_opb_beta_0.05_anchor_12,3,l2,5,0.846000,0.134084
mnist_mlp_opb_beta_0.05_anchor_12,3,l2,6,0.834000,0.146366
mnist_mlp_opb_beta_0.05_anchor_12,4,none,0,0.978000,
mnist_mlp_opb_beta_0.05_anchor_12,4,linf,0.05,0.928000,0.051125
mnist_mlp_opb_beta_0.05_anchor_12,4,linf,0.1,0.781000,0.201432
mnist_mlp_opb_beta_0.05_anchor_12,4,linf,0.15,0.507000,0.481595
mnist_mlp_opb_beta_0.05_anchor_12,4,linf,0.2,0.245000,0.749489
mnist_mlp_opb_beta_0.05_anchor_12,4,linf,0.25,0.094000,0.903885
mnist_mlp_opb_beta_0.05_anchor_12,4,linf,0.3,0.049000,0.949898
mnist_mlp_opb_beta_0.05_anchor_12,4,l2,1,0.934000,0.044990
mnist_mlp_opb_beta_0.05_anchor_12,4,l2,2,0.903000,0.076687
mnist_mlp_opb_beta_0.05_anchor_12,4,l2,3,0.900000,0.079755
mnist_mlp_opb_beta_0.05_anchor_12,4,l2,4,0.893000,0.086912
mnist_mlp_opb_beta_0.05_anchor_12,4,l2,5,0.895000,0.084867
mnist_mlp_opb_beta_0.05_anchor_12,4,l2,6,0.886000,0.094070
mnist_mlp_opb_beta_0.05_anchor_12,5,none,0,0.985000,
mnist_mlp_opb_beta_0.05_anchor_12,5,linf,0.05,0.942000,0.043655
mnist_mlp_opb_beta_0.05_anchor_12,5,linf,0.1,0.798000,0.189848
mnist_mlp_opb_beta_0.05_anchor_12,5,linf,0.15,0.472000,0.520812
mnist_mlp_opb_beta_0.05_anchor_12,5,linf,0.2,0.261000,0.735025
mnist_mlp_opb_beta_0.05_anchor_12,5,linf,0.25,0.125000,0.873096
mnist_mlp_opb_beta_0.05_anchor_12,5,linf,0.3,0.064000,0.935025
mnist_mlp_opb_beta_0.05_anchor_12,5,l2,1,0.940000,0.045685
mnist_mlp_opb_beta_0.05_anchor_12,5,l2,2,0.817000,0.170558
mnist_mlp_opb_beta_0.05_anchor_12,5,l2,3,0.631000,0.359391
mnist_mlp_opb_beta_0.05_anchor_12,5,l2,4,0.519000,0.473096
mnist_mlp_opb_beta_0.05_anchor_12,5,l2,5,0.458000,0.535025
mnist_mlp_opb_beta_0.05_anchor_12,5,l2,6,0.448000,0.545178
mnist_mlp_opb_beta_0.5_anchor_12,1,none,0,0.987000,
mnist_mlp_opb_beta_0.5_anchor_12,1,linf,0.05,0.932000,0.055724
mnist_mlp_opb_beta_0.5_anchor_12,1,linf,0.1,0.689000,0.301925
mnist_mlp_opb_beta_0.5_anchor_12,1,linf,0.15,0.452000,0.542047
mnist_mlp_opb_beta_0.5_anchor_12,1,linf,0.2,0.275000,0.721378
mnist_mlp_opb_beta_0.5_anchor_12,1,linf,0.25,0.153000,0.844985
mnist_mlp_opb_beta_0.5_anchor_12,1,linf,0.3,0.073000,0.926038
mnist_mlp_opb_beta_0.5_anchor_12,1,l2,1,0.943000,0.044580
mnist_mlp_opb_beta_0.5_anchor_12,1,l2,2,0.923000,0.064843
mnist_mlp_opb_beta_0.5_anchor_12,1,l2,3,0.915000,0.072948
mnist_mlp_opb_beta_0.5_anchor_12,1,l2,4,0.914000,0.073961
mnist_mlp_opb_beta_0.5_anchor_12,1,l2,5,0.913000,0.074975
mnist_mlp_opb_beta_0.5_anchor_12,1,l2,6,0.905000,0.083080
mnist_mlp_opb_beta_0.5_anchor_12,2,none,0,0.982000,
mnist_mlp_opb_beta_0.5_anchor_12,2,linf,0.05,0.933000,0.049898
mnist_mlp_opb_beta_0.5_anchor_12,2,linf,0.1,0.627000,0.361507
mnist_mlp_opb_beta_0.5_anchor_12,2,linf,0.15,0.393000,0.599796
mnist_mlp_opb_beta_0.5_anchor_12,2,linf,0.2,0.192000,0.804481
mnist_mlp_opb_beta_0.5_anchor_12,2,linf,0.25,0.100000,0.898167
mnist_mlp_opb_beta_0.5_anchor_12,2,linf,0.3,0.049000,0.950102
mnist_mlp_opb_beta_0.5_anchor_12,2,l2,1,0.936000,0.046843
mnist_mlp_opb_beta_0.5_anchor_12,2,l2,2,0.683000,0.304481
mnist_mlp_opb_beta_0.5_anchor_12,2,l2,3,0.406000,0.586558
mnist_mlp_opb_beta_0.5_anchor_12,2,l2,4,0.210000,0.786151
mnist_mlp_opb_beta_0.5_anchor_12,2,l2,5,0.099000,0.899185
mnist_mlp_opb_beta_0.5_anchor_12,2,l2,6,0.057000,0.941955
mnist_mlp_opb_beta_0.5_anchor_12,3,none,0,0.980000,
mnist_mlp_opb_beta_0.5_anchor_12,3,linf,0.05,0.928000,0.053061
mnist_mlp_opb_beta_0.5_anchor_12,3,linf,0.1,0.652000,0.334694
mnist_mlp_opb_beta_0.5_anchor_12,3,linf,0.15,0.411000,0.580612
mnist_mlp_opb_beta_0.5_anchor_12,3,linf,0.2,0.254000,0.740816
mnist_mlp_opb_beta_0.5_anchor_12,3,linf,0.25,0.133000,0.864286
mnist_mlp_opb_beta_0.5_anchor_12,3,linf,0.3,0.071000,0.927551
mnist_mlp_opb_beta_0.5_anchor_12,3,l2,1,0.930000,0.051020
mnist_mlp_opb_beta_0.5_anchor_12,3,l2,2,0.756000,0.228571
mnist_mlp_opb_beta_0.5_anchor_12,3,l2,3,0.523000,0.466327
mnist_mlp_opb_beta_0.5_anchor_12,3,l2,4,0.391000,0.601020
mnist_mlp_opb_beta_0.5_anchor_12,3,l2,5,0.268000,0.726531
mnist_mlp_opb_beta_0.5_anchor_12,3,l2,6,0.212000,0.783673
mnist_mlp_opb_beta_0.5_anchor_12,4,none,0,0.985000,
mnist_mlp_opb_beta_0.5_anchor_12,4,linf,0.05,0.926000,0.059898
mnist_mlp_opb_beta_0.5_anchor_12,4,linf,0.1,0.708000,0.281218
mnist_mlp_opb_beta_0.5_anchor_12,4,linf,0.15,0.421000,0.572589
mnist_mlp_opb_beta_0.5_anchor_12,4,linf,0.2,0.219000,0.777665
mnist_mlp_opb_beta_0.5_anchor_12,4,linf,0.25,0.116000,0.882234
mnist_mlp_opb_beta_0.5_anchor_12,4,linf,0.3,0.055000,0.944162
mnist_mlp_opb_beta_0.5_anchor_12,4,l2,1,0.950000,0.035533
mnist_mlp_opb_beta_0.5_anchor_12,4,l2,2,0.946000,0.039594
mnist_mlp_opb_beta_0.5_anchor_12,4,l2,3,0.940000,0.045685
mnist_mlp_opb_beta_0.5_anchor_12,4,l2,4,0.940000,0.045685
mnist_mlp_opb_beta_0.5_anchor_12,4,l2,5,0.939000,0.046700
mnist_mlp_opb_beta_0.5_anchor_12,4,l2,6,0.927000,0.058883
mnist_mlp_opb_beta_0.5_anchor_12,5,none,0,0.984000,
mnist_mlp_opb_beta_0.5_anchor_12,5,linf,0.05,0.931000,0.053862
mnist_mlp_opb_beta_0.5_anchor_12,5,linf,0.1,0.705000,0.283537
mnist_mlp_opb_beta_0.5_anchor_12,5,linf,0.15,0.441000,0.551829
mnist_mlp_opb_beta_0.5_anchor_12,5,linf,0.2,0.242000,0.754065
mnist_mlp_opb_beta_0.5_anchor_12,5,linf,0.25,0.126000,0.871951
mnist_mlp_opb_beta_0.5_anchor_12,5,linf,0.3,0.063000,0.935976
mnist_mlp_opb_beta_0.5_anchor_12,5,l2,1,0.937000,0.047764
mnist_mlp_opb_beta_0.5_anchor_12,5,l2,2,0.880000,0.105691
mnist_mlp_opb_beta_0.5_anchor_12,5,l2,3,0.861000,0.125000
mnist_mlp_opb_beta_0.5_anchor_12,5,l2,4,0.847000,0.139228
mnist_mlp_opb_beta_0.5_anchor_12,5,l2,5,0.823000,0.163618
mnist_mlp_opb_beta_0.5_anchor_12,5,l2,6,0.817000,0.169715
mnist_mlp_opb_beta_1_anchor_1,1,none,0,0.979000,
mnist_mlp_opb_beta_1_anchor_1,1,linf,0.05,0.911000,0.069459
mnist_mlp_opb_beta_1_anchor_1,1,linf,0.1,0.736000,0.248212
mnist_mlp_opb_beta_1_anchor_1,1,linf,0.15,0.427000,0.563841
mnist_mlp_opb_beta_1_anchor_1,1,linf,0.2,0.228000,0.767109
mnist_mlp_opb_beta_1_anchor_1,1,linf,0.25,0.110000,0.887640
mnist_mlp_opb_beta_1_anchor_1,1,linf,0.3,0.053000,0.945863
mnist_mlp_opb_beta_1_anchor_1,1,l2,1,0.908000,0.072523
mnist_mlp_opb_beta_1_anchor_1,1,l2,2,0.759000,0.224719
mnist_mlp_opb_beta_1_anchor_1,1,l2,3,0.447000,0.543412
mnist_mlp_opb_beta_1_anchor_1,1,l2,4,0.217000,0.778345
mnist_mlp_opb_beta_1_anchor_1,1,l2,5,0.111000,0.886619
mnist_mlp_opb_beta_1_anchor_1,1,l2,6,0.054000,0.944842
mnist_mlp_opb_beta_1_anchor_1,2,none,0,0.975000,
mnist_mlp_opb_beta_1_anchor_1,2,linf,0.05,0.922000,0.054359
mnist_mlp_opb_beta_1_anchor_1,2,linf,0.1,0.706000,0.275897
mnist_mlp_opb_beta_1_anchor_1,2,linf,0.15,0.427000,0.562051
mnist_mlp_opb_beta_1_anchor_1,2,linf,0.2,0.224000,0.770256
mnist_mlp_opb_beta_1_anchor_1,2,linf,0.25,0.103000,0.894359
mnist_mlp_opb_beta_1_anchor_1,2,linf,0.3,0.047000,0.951795
mnist_mlp_opb_beta_1_anchor_1,2,l2,1,0.926000,0.050256
mnist_mlp_opb_beta_1_anchor_1,2,l2,2,0.750000,0.230769
mnist_mlp_opb_beta_1_anchor_1,2,l2,3,0.428000,0.561026
mnist_mlp_opb_beta_1_anchor_1,2,l2,4,0.209000,0.785641
mnist_mlp_opb_beta_1_anchor_1,2,l2,5,0.111000,0.886154
mnist_mlp_opb_beta_1_anchor_1,2,l2,6,0.054000,0.944615
mnist_mlp_opb_beta_1_anchor_1,3,none,0,0.972000,
mnist_mlp_opb_beta_1_anchor_1,3,linf,0.05,0.917000,0.056584
mnist_mlp_opb_beta_1_anchor_1,3,linf,0.1,0.664000,0.316872
mnist_mlp_opb_beta_1_anchor_1,3,linf,0.15,0.367000,0.622428
mnist_mlp_opb_beta_1_anchor_1,3,linf,0.2,0.189000,0.805556
mnist_mlp_opb_beta_1_anchor_1,3,linf,0.25,0.101000,0.896091
mnist_mlp_opb_beta_1_anchor_1,3,linf,0.3,0.057000,0.941358
mnist_mlp_opb_beta_1_anchor_1,3,l2,1,0.922000,0.051440
mnist_mlp_opb_beta_1_anchor_1,3,l2,2,0.685000,0.295268
mnist_mlp_opb_beta_1_anchor_1,3,l2,3,0.375000,0.614198
mnist_mlp_opb_beta_1_anchor_1,3,l2,4,0.179000,0.815844
mnist_mlp_opb_beta_1_anchor_1,3,l2,5,0.097000,0.900206
mnist_mlp_opb_beta_1_anchor_1,3,l2,6,0.053000,0.945473
mnist_mlp_opb_beta_1_anchor_1,4,none,0,0.972000,
mnist_mlp_opb_beta_1_anchor_1,4,linf,0.05,0.903000,0.070988
mnist_mlp_opb_beta_1_anchor_1,4,linf,0.1,0.675000,0.305556
mnist_mlp_opb_beta_1_anchor_1,4,linf,0.15,0.346000,0.644033
mnist_mlp_opb_beta_1_anchor_1,4,linf,0.2,0.159000,0.836420
mnist_mlp_opb_beta_1_anchor_1,4,linf,0.25,0.069000,0.929012
mnist_mlp_opb_beta_1_anchor_1,4,linf,0.3,0.033000,0.966049
mnist_mlp_opb_beta_1_anchor_1,4,l2,1,0.905000,0.068930
mnist_mlp_opb_beta_1_anchor_1,4,l2,2,0.725000,0.254115
mnist_mlp_opb_beta_1_anchor_1,4,l2,3,0.367000,0.622428
mnist_mlp_opb_beta_1_anchor_1,4,l2,4,0.155000,0.840535
mnist_mlp_opb_beta_1_anchor_1,4,l2,5,0.070000,0.927984
mnist_mlp_opb_beta_1_anchor_1,4,l2,6,0.036000,0.962963
mnist_mlp_opb_beta_1_anchor_1,5,none,0,0.971000,
mnist_mlp_opb_beta_1_anchor_1,5,linf,0.05,0.918000,0.054583
mnist_mlp_opb_beta_1_anchor_1,5,linf,0.1,0.624000,0.357364
mnist_mlp_opb_beta_1_anchor_1,5,linf,0.15,0.333000,0.657055
mnist_mlp_opb_beta_1_anchor_1,5,linf,0.2,0.149000,0.846550
mnist_mlp_opb_beta_1_anchor_1,5,linf,0.25,0.074000,0.923790
mnist_mlp_opb_beta_1_anchor_1,5,linf,0.3,0.040000,0.958805
mnist_mlp_opb_beta_1_anchor_1,5,l2,1,0.924000,0.048404
mnist_mlp_opb_beta_1_anchor_1,5,l2,2,0.689000,0.290422
mnist_mlp_opb_beta_1_anchor_1,5,l2,3,0.360000,0.629248
mnist_mlp_opb_beta_1_anchor_1,5,l2,4,0.159000,0.836251
mnist_mlp_opb_beta_1_anchor_1,5,l2,5,0.072000,0.925850
mnist_mlp_opb_beta_1_anchor_1,5,l2,6,0.043000,0.955716
mnist_mlp_opb_beta_1_anchor_6,1,none,0,0.980000,
mnist_mlp_opb_beta_1_anchor_6,1,linf,0.05,0.933000,0.047959
mnist_mlp_opb_beta_1_anchor_6,1,linf,0.1,0.696000,0.289796
mnist_mlp_opb_beta_1_anchor_6,1,linf,0.15,0.391000,0.601020
mnist_mlp_opb_beta_1_anchor_6,1,linf,0.2,0.203000,0.792857
mnist_mlp_opb_beta_1_anchor_6,1,linf,0.25,0.099000,0.898980
mnist_mlp_opb_beta_1_anchor_6,1,linf,0.3,0.065000,0.933673
mnist_mlp_opb_beta_1_anchor_6,1,l2,1,0.935000,0.045918
mnist_mlp_opb_beta_1_anchor_6,1,l2,2,0.745000,0.239796
mnist_mlp_opb_beta_1_anchor_6,1,l2,3,0.407000,0.584694
mnist_mlp_opb_beta_1_anchor_6,1,l2,4,0.207000,0.788776
mnist_mlp_opb_beta_1_anchor_6,1,l2,5,0.098000,0.900000
mnist_mlp_opb_beta_1_anchor_6,1,l2,6,0.056000,0.942857
mnist_mlp_opb_beta_1_anchor_6,2,none,0,0.979000,
mnist_mlp_opb_beta_1_anchor_6,2,linf,0.05,0.924000,0.056180
mnist_mlp_opb_beta_1_anchor_6,2,linf,0.1,0.642000,0.344229
mnist_mlp_opb_beta_1_anchor_6,2,linf,0.15,0.390000,0.601634
mnist_mlp_opb_beta_1_anchor_6,2,linf,0.2,0.217000,0.778345
mnist_mlp_opb_beta_1_anchor_6,2,linf,0.25,0.103000,0.894791
mnist_mlp_opb_beta_1_anchor_6,2,linf,0.3,0.053000,0.945863
mnist_mlp_opb_beta_1_anchor_6,2,l2,1,0.929000,0.051072
mnist_mlp_opb_beta_1_anchor_6,2,l2,2,0.690000,0.295199
mnist_mlp_opb_beta_1_anchor_6,2,l2,3,0.403000,0.588355
mnist_mlp_opb_beta_1_anchor_6,2,l2,4,0.211000,0.784474
mnist_mlp_opb_beta_1_anchor_6,2,l2,5,0.091000,0.907048
mnist_mlp_opb_beta_1_anchor_6,2,l2,6,0.054000,0.944842
mnist_mlp_opb_beta_1_anchor_6,3,none,0,0.978000,
mnist_mlp_opb_beta_1_anchor_6,3,linf,0.05,0.926000,0.053170
mnist_mlp_opb_beta_1_anchor_6,3,linf,0.1,0.619000,0.367076
mnist_mlp_opb_beta_1_anchor_6,3,linf,0.15,0.358000,0.633947
mnist_mlp_opb_beta_1_anchor_6,3,linf,0.2,0.207000,0.788344
mnist_mlp_opb_beta_1_anchor_6,3,linf,0.25,0.103000,0.894683
mnist_mlp_opb_beta_1_anchor_6,3,linf,0.3,0.065000,0.933538
mnist_mlp_opb_beta_1_anchor_6,3,l2,1,0.929000,0.050102
mnist_mlp_opb_beta_1_anchor_6,3,l2,2,0.682000,0.302658
mnist_mlp_opb_beta_1_anchor_6,3,l2,3,0.378000,0.613497
mnist_mlp_opb_beta_1_anchor_6,3,l2,4,0.182000,0.813906
mnist_mlp_opb_beta_1_anchor_6,3,l2,5,0.096000,0.901840
mnist_mlp_opb_beta_1_anchor_6,3,l2,6,0.058000,0.940695
mnist_mlp_opb_beta_1_anchor_6,4,none,0,0.982000,
mnist_mlp_opb_beta_1_anchor_6,4,linf,0.05,0.927000,0.056008
mnist_mlp_opb_beta_1_anchor_6,4,linf,0.1,0.650000,0.338086
mnist_mlp_opb_beta_1_anchor_6,4,linf,0.15,0.373000,0.620163
mnist_mlp_opb_beta_1_anchor_6,4,linf,0.2,0.208000,0.788187
mnist_mlp_opb_beta_1_anchor_6,4,linf,0.25,0.108000,0.890020
mnist_mlp_opb_beta_1_anchor_6,4,linf,0.3,0.055000,0.943992
mnist_mlp_opb_beta_1_anchor_6,4,l2,1,0.929000,0.053971
mnist_mlp_opb_beta_1_anchor_6,4,l2,2,0.709000,0.278004
mnist_mlp_opb_beta_1_anchor_6,4,l2,3,0.388000,0.604888
mnist_mlp_opb_beta_1_anchor_6,4,l2,4,0.192000,0.804481
mnist_mlp_opb_beta_1_anchor_6,4,l2,5,0.099000,0.899185
mnist_mlp_opb_beta_1_anchor_6,4,l2,6,0.057000,0.941955
mnist_mlp_opb_beta_1_anchor_6,5,none,0,0.978000,
mnist_mlp_opb_beta_1_anchor_6,5,linf,0.05,0.927000,0.052147
mnist_mlp_opb_beta_1_anchor_6,5,linf,0.1,0.650000,0.335378
mnist_mlp_opb_beta_1_anchor_6,5,linf,0.15,0.391000,0.600204
mnist_mlp_opb_beta_1_anchor_6,5,linf,0.2,0.220000,0.775051
mnist_mlp_opb_beta_1_anchor_6,5,linf,0.25,0.104000,0.893661
mnist_mlp_opb_beta_1_anchor_6,5,linf,0.3,0.051000,0.947853
mnist_mlp_opb_beta_1_anchor_6,5,l2,1,0.931000,0.048057
mnist_mlp_opb_beta_1_anchor_6,5,l2,2,0.692000,0.292434
mnist_mlp_opb_beta_1_anchor_6,5,l2,3,0.394000,0.597137
mnist_mlp_opb_beta_1_anchor_6,5,l2,4,0.192000,0.803681
mnist_mlp_opb_beta_1_anchor_6,5,l2,5,0.092000,0.905930
mnist_mlp_opb_beta_1_anchor_6,5,l2,6,0.043000,0.956033
mnist_mlp_opb_beta_1_anchor_12,1,none,0,0.980000,
mnist_mlp_opb_beta_1_anchor_12,1,linf,0.05,0.931000,0.050000
mnist_mlp_opb_beta_1_anchor_12,1,linf,0.1,0.660000,0.326531
mnist_mlp_opb_beta_1_anchor_12,1,linf,0.15,0.404000,0.587755
mnist_mlp_opb_beta_1_anchor_12,1,linf,0.2,0.234000,0.761224
mnist_mlp_opb_beta_1_anchor_12,1,linf,0.25,0.098000,0.900000
mnist_mlp_opb_beta_1_anchor_12,1,linf,0.3,0.048000,0.951020
mnist_mlp_opb_beta_1_anchor_12,1,l2,1,0.937000,0.043878
mnist_mlp_opb_beta_1_anchor_12,1,l2,2,0.795000,0.188776
mnist_mlp_opb_beta_1_anchor_12,1,l2,3,0.614000,0.373469
mnist_mlp_opb_beta_1_anchor_12,1,l2,4,0.483000,0.507143
mnist_mlp_opb_beta_1_anchor_12,1,l2,5,0.399000,0.592857
mnist_mlp_opb_beta_1_anchor_12,1,l2,6,0.351000,0.641837
mnist_mlp_opb_beta_1_anchor_12,2,none,0,0.983000,
mnist_mlp_opb_beta_1_anchor_12,2,linf,0.05,0.928000,0.055951
mnist_mlp_opb_beta_1_anchor_12,2,linf,0.1,0.642000,0.346897
mnist_mlp_opb_beta_1_anchor_12,2,linf,0.15,0.359000,0.634791
mnist_mlp_opb_beta_1_anchor_12,2,linf,0.2,0.200000,0.796541
mnist_mlp_opb_beta_1_anchor_12,2,linf,0.25,0.100000,0.898271
mnist_mlp_opb_beta_1_anchor_12,2,linf,0.3,0.055000,0.944049
mnist_mlp_opb_beta_1_anchor_12,2,l2,1,0.930000,0.053917
mnist_mlp_opb_beta_1_anchor_12,2,l2,2,0.829000,0.156663
mnist_mlp_opb_beta_1_anchor_12,2,l2,3,0.751000,0.236012
mnist_mlp_opb_beta_1_anchor_12,2,l2,4,0.701000,0.286877
mnist_mlp_opb_beta_1_anchor_12,2,l2,5,0.654000,0.334690
mnist_mlp_opb_beta_1_anchor_12,2,l2,6,0.635000,0.354018
mnist_mlp_opb_beta_1_anchor_12,3,none,0,0.980000,
mnist_mlp_opb_beta_1_anchor_12,3,linf,0.05,0.913000,0.068367
mnist_mlp_opb_beta_1_anchor_12,3,linf,0.1,0.605000,0.382653
mnist_mlp_opb_beta_1_anchor_12,3,linf,0.15,0.325000,0.668367
mnist_mlp_opb_beta_1_anchor_12,3,linf,0.2,0.152000,0.844898
mnist_mlp_opb_beta_1_anchor_12,3,linf,0.25,0.074000,0.924490
mnist_mlp_opb_beta_1_anchor_12,3,linf,0.3,0.036000,0.963265
mnist_mlp_opb_beta_1_anchor_12,3,l2,1,0.922000,0.059184
mnist_mlp_opb_beta_1_anchor_12,3,l2,2,0.658000,0.328571
mnist_mlp_opb_beta_1_anchor_12,3,l2,3,0.353000,0.639796
mnist_mlp_opb_beta_1_anchor_12,3,l2,4,0.173000,0.823469
mnist_mlp_opb_beta_1_anchor_12,3,l2,5,0.078000,0.920408
mnist_mlp_opb_beta_1_anchor_12,3,l2,6,0.039000,0.960204
mnist_mlp_opb_beta_1_anchor_12,4,none,0,0.979000,
mnist_mlp_opb_beta_1_anchor_12,4,linf,0.05,0.915000,0.065373
mnist_mlp_opb_beta_1_anchor_12,4,linf,0.1,0.587000,0.400409
mnist_mlp_opb_beta_1_anchor_12,4,linf,0.15,0.360000,0.632278
mnist_mlp_opb_beta_1_anchor_12,4,linf,0.2,0.182000,0.814096
mnist_mlp_opb_beta_1_anchor_12,4,linf,0.25,0.090000,0.908069
mnist_mlp_opb_beta_1_anchor_12,4,linf,0.3,0.044000,0.955056
mnist_mlp_opb_beta_1_anchor_12,4,l2,1,0.928000,0.052094
mnist_mlp_opb_beta_1_anchor_12,4,l2,2,0.627000,0.359551
mnist_mlp_opb_beta_1_anchor_12,4,l2,3,0.374000,0.617977
mnist_mlp_opb_beta_1_anchor_12,4,l2,4,0.183000,0.813075
mnist_mlp_opb_beta_1_anchor_12,4,l2,5,0.089000,0.909091
mnist_mlp_opb_beta_1_anchor_12,4,l2,6,0.042000,0.957099
mnist_mlp_opb_beta_1_anchor_12,5,none,0,0.982000,
mnist_mlp_opb_beta_1_anchor_12,5,linf,0.05,0.915000,0.068228
mnist_mlp_opb_beta_1_anchor_12,5,linf,0.1,0.613000,0.375764
mnist_mlp_opb_beta_1_anchor_12,5,linf,0.15,0.355000,0.638493
mnist_mlp_opb_beta_1_anchor_12,5,linf,0.2,0.200000,0.796334
mnist_mlp_opb_beta_1_anchor_12,5,linf,0.25,0.102000,0.896130
mnist_mlp_opb_beta_1_anchor_12,5,linf,0.3,0.042000,0.957230
mnist_mlp_opb_beta_1_anchor_12,5,l2,1,0.923000,0.060081
mnist_mlp_opb_beta_1_anchor_12,5,l2,2,0.659000,0.328921
mnist_mlp_opb_beta_1_anchor_12,5,l2,3,0.365000,0.628310
mnist_mlp_opb_beta_1_anchor_12,5,l2,4,0.199000,0.797352
mnist_mlp_opb_beta_1_anchor_12,5,l2,5,0.121000,0.876782
mnist_mlp_opb_beta_1_anchor_12,5,l2,6,0.081000,0.917515
mnist_mlp_opb_beta_5e-05_anchor_1,1,none,0,0.977000,
mnist_mlp_opb_beta_5e-05_anchor_1,1,linf,0.05,0.938000,0.039918
mnist_mlp_opb_beta_5e-05_anchor_1,1,linf,0.1,0.752000,0.230297
mnist_mlp_opb_beta_5e-05_anchor_1,1,linf,0.15,0.470000,0.518936
mnist_mlp_opb_beta_5e-05_anchor_1,1,linf,0.2,0.238000,0.756397
mnist_mlp_opb_beta_5e-05_anchor_1,1,linf,0.25,0.119000,0.878199
mnist_mlp_opb_beta_5e-05_anchor_1,1,linf,0.3,0.069000,0.929376
mnist_mlp_opb_beta_5e-05_anchor_1,1,l2,1,0.937000,0.040942
mnist_mlp_opb_beta_5e-05_anchor_1,1,l2,2,0.748000,0.234391
mnist_mlp_opb_beta_5e-05_anchor_1,1,l2,3,0.474000,0.514841
mnist_mlp_opb_beta_5e-05_anchor_1,1,l2,4,0.233000,0.761515
mnist_mlp_opb_beta_5e-05_anchor_1,1,l2,5,0.115000,0.882293
mnist_mlp_opb_beta_5e-05_anchor_1,1,l2,6,0.062000,0.936540
mnist_mlp_opb_beta_5e-05_anchor_1,2,none,0,0.985000,
mnist_mlp_opb_beta_5e-05_anchor_1,2,linf,0.05,0.926000,0.059898
mnist_mlp_opb_beta_5e-05_anchor_1,2,linf,0.1,0.771000,0.217259
mnist_mlp_opb_beta_5e-05_anchor_1,2,linf,0.15,0.519000,0.473096
mnist_mlp_opb_beta_5e-05_anchor_1,2,linf,0.2,0.237000,0.759391
mnist_mlp_opb_beta_5e-05_anchor_1,2,linf,0.25,0.094000,0.904569
mnist_mlp_opb_beta_5e-05_anchor_1,2,linf,0.3,0.043000,0.956345
mnist_mlp_opb_beta_5e-05_anchor_1,2,l2,1,0.926000,0.059898
mnist_mlp_opb_beta_5e-05_anchor_1,2,l2,2,0.765000,0.223350
mnist_mlp_opb_beta_5e-05_anchor_1,2,l2,3,0.510000,0.482233
mnist_mlp_opb_beta_5e-05_anchor_1,2,l2,4,0.234000,0.762437
mnist_mlp_opb_beta_5e-05_anchor_1,2,l2,5,0.091000,0.907614
mnist_mlp_opb_beta_5e-05_anchor_1,2,l2,6,0.042000,0.957360
mnist_mlp_opb_beta_5e-05_anchor_1,3,none,0,0.980000,
mnist_mlp_opb_beta_5e-05_anchor_1,3,linf,0.05,0.925000,0.056122
mnist_mlp_opb_beta_5e-05_anchor_1,3,linf,0.1,0.799000,0.184694
mnist_mlp_opb_beta_5e-05_anchor_1,3,linf,0.15,0.576000,0.412245
mnist_mlp_opb_beta_5e-05_anchor_1,3,linf,0.2,0.328000,0.665306
mnist_mlp_opb_beta_5e-05_anchor_1,3,linf,0.25,0.165000,0.831633
mnist_mlp_opb_beta_5e-05_anchor_1,3,linf,0.3,0.081000,0.917347
mnist_mlp_opb_beta_5e-05_anchor_1,3,l2,1,0.925000,0.056122
mnist_mlp_opb_beta_5e-05_anchor_1,3,l2,2,0.788000,0.195918
mnist_mlp_opb_beta_5e-05_anchor_1,3,l2,3,0.560000,0.428571
mnist_mlp_opb_beta_5e-05_anchor_1,3,l2,4,0.315000,0.678571
mnist_mlp_opb_beta_5e-05_anchor_1,3,l2,5,0.157000,0.839796
mnist_mlp_opb_beta_5e-05_anchor_1,3,l2,6,0.088000,0.910204
mnist_mlp_opb_beta_5e-05_anchor_1,4,none,0,0.978000,
mnist_mlp_opb_beta_5e-05_anchor_1,4,linf,0.05,0.924000,0.055215
mnist_mlp_opb_beta_5e-05_anchor_1,4,linf,0.1,0.731000,0.252556
mnist_mlp_opb_beta_5e-05_anchor_1,4,linf,0.15,0.498000,0.490798
mnist_mlp_opb_beta_5e-05_anchor_1,4,linf,0.2,0.240000,0.754601
mnist_mlp_opb_beta_5e-05_anchor_1,4,linf,0.25,0.109000,0.888548
mnist_mlp_opb_beta_5e-05_anchor_1,4,linf,0.3,0.047000,0.951943
mnist_mlp_opb_beta_5e-05_anchor_1,4,l2,1,0.926000,0.053170
mnist_mlp_opb_beta_5e-05_anchor_1,4,l2,2,0.736000,0.247444
mnist_mlp_opb_beta_5e-05_anchor_1,4,l2,3,0.489000,0.500000
mnist_mlp_opb_beta_5e-05_anchor_1,4,l2,4,0.239000,0.755624
mnist_mlp_opb_beta_5e-05_anchor_1,4,l2,5,0.101000,0.896728
mnist_mlp_opb_beta_5e-05_anchor_1,4,l2,6,0.040000,0.959100
mnist_mlp_opb_beta_5e-05_anchor_1,5,none,0,0.984000,
mnist_mlp_opb_beta_5e-05_anchor_1,5,linf,0.05,0.931000,0.053862
mnist_mlp_opb_beta_5e-05_anchor_1,5,linf,0.1,0.776000,0.211382
mnist_mlp_opb_beta_5e-05_anchor_1,5,linf,0.15,0.497000,0.494919
mnist_mlp_opb_beta_5e-05_anchor_1,5,linf,0.2,0.259000,0.736789
mnist_mlp_opb_beta_5e-05_anchor_1,5,linf,0.25,0.117000,0.881098
mnist_mlp_opb_beta_5e-05_anchor_1,5,linf,0.3,0.045000,0.954268
mnist_mlp_opb_beta_5e-05_anchor_1,5,l2,1,0.931000,0.053862
mnist_mlp_opb_beta_5e-05_anchor_1,5,l2,2,0.770000,0.217480
mnist_mlp_opb_beta_5e-05_anchor_1,5,l2,3,0.487000,0.505081
mnist_mlp_opb_beta_5e-05_anchor_1,5,l2,4,0.237000,0.759146
mnist_mlp_opb_beta_5e-05_anchor_1,5,l2,5,0.106000,0.892276
mnist_mlp_opb_beta_5e-05_anchor_1,5,l2,6,0.041000,0.958333
mnist_mlp_opb_beta_5e-05_anchor_6,1,none,0,0.978000,
mnist_mlp_opb_beta_5e-05_anchor_6,1,linf,0.05,0.927000,0.052147
mnist_mlp_opb_beta_5e-05_anchor_6,1,linf,0.1,0.753000,0.230061
mnist_mlp_opb_beta_5e-05_anchor_6,1,linf,0.15,0.475000,0.514315
mnist_mlp_opb_beta_5e-05_anchor_6,1,linf,0.2,0.201000,0.794479
mnist_mlp_opb_beta_5e-05_anchor_6,1,linf,0.25,0.079000,0.919223
mnist_mlp_opb_beta_5e-05_anchor_6,1,linf,0.3,0.033000,0.966258
mnist_mlp_opb_beta_5e-05_anchor_6,1,l2,1,0.928000,0.051125
mnist_mlp_opb_beta_5e-05_anchor_6,1,l2,2,0.758000,0.224949
mnist_mlp_opb_beta_5e-05_anchor_6,1,l2,3,0.492000,0.496933
mnist_mlp_opb_beta_5e-05_anchor_6,1,l2,4,0.216000,0.779141
mnist_mlp_opb_beta_5e-05_anchor_6,1,l2,5,0.093000,0.904908
mnist_mlp_opb_beta_5e-05_anchor_6,1,l2,6,0.048000,0.950920
mnist_mlp_opb_beta_5e-05_anchor_6,2,none,0,0.981000,
mnist_mlp_opb_beta_5e-05_anchor_6,2,linf,0.05,0.930000,0.051988
mnist_mlp_opb_beta_5e-05_anchor_6,2,linf,0.1,0.781000,0.203874
mnist_mlp_opb_beta_5e-05_anchor_6,2,linf,0.15,0.483000,0.507645
mnist_mlp_opb_beta_5e-05_anchor_6,2,linf,0.2,0.226000,0.769623
mnist_mlp_opb_beta_5e-05_anchor_6,2,linf,0.25,0.082000,0.916412
mnist_mlp_opb_beta_5e-05_anchor_6,2,linf,0.3,0.032000,0.967380
mnist_mlp_opb_beta_5e-05_anchor_6,2,l2,1,0.932000,0.049949
mnist_mlp_opb_beta_5e-05_anchor_6,2,l2,2,0.790000,0.194699
mnist_mlp_opb_beta_5e-05_anchor_6,2,l2,3,0.486000,0.504587
mnist_mlp_opb_beta_5e-05_anchor_6,2,l2,4,0.222000,0.773700
mnist_mlp_opb_beta_5e-05_anchor_6,2,l2,5,0.102000,0.896024
mnist_mlp_opb_beta_5e-05_anchor_6,2,l2,6,0.056000,0.942915
mnist_mlp_opb_beta_5e-05_anchor_6,3,none,0,0.977000,
mnist_mlp_opb_beta_5e-05_anchor_6,3,linf,0.05,0.924000,0.054248
mnist_mlp_opb_beta_5e-05_anchor_6,3,linf,0.1,0.754000,0.228250
mnist_mlp_opb_beta_5e-05_anchor_6,3,linf,0.15,0.454000,0.535312
mnist_mlp_opb_beta_5e-05_anchor_6,3,linf,0.2,0.230000,0.764585
mnist_mlp_opb_beta_5e-05_anchor_6,3,linf,0.25,0.098000,0.899693
mnist_mlp_opb_beta_5e-05_anchor_6,3,linf,0.3,0.026000,0.973388
mnist_mlp_opb_beta_5e-05_anchor_6,3,l2,1,0.923000,0.055271
mnist_mlp_opb_beta_5e-05_anchor_6,3,l2,2,0.771000,0.210850
mnist_mlp_opb_beta_5e-05_anchor_6,3,l2,3,0.477000,0.511771
mnist_mlp_opb_beta_5e-05_anchor_6,3,l2,4,0.236000,0.758444
mnist_mlp_opb_beta_5e-05_anchor_6,3,l2,5,0.103000,0.894575
mnist_mlp_opb_beta_5e-05_anchor_6,3,l2,6,0.046000,0.952917
mnist_mlp_opb_beta_5e-05_anchor_6,4,none,0,0.984000,
mnist_mlp_opb_beta_5e-05_anchor_6,4,linf,0.05,0.931000,0.053862
mnist_mlp_opb_beta_5e-05_anchor_6,4,linf,0.1,0.766000,0.221545
mnist_mlp_opb_beta_5e-05_anchor_6,4,linf,0.15,0.493000,0.498984
mnist_mlp_opb_beta_5e-05_anchor_6,4,linf,0.2,0.209000,0.787602
mnist_mlp_opb_beta_5e-05_anchor_6,4,linf,0.25,0.069000,0.929878
mnist_mlp_opb_beta_5e-05_anchor_6,4,linf,0.3,0.029000,0.970528
mnist_mlp_opb_beta_5e-05_anchor_6,4,l2,1,0.932000,0.052846
mnist_mlp_opb_beta_5e-05_anchor_6,4,l2,2,0.782000,0.205285
mnist_mlp_opb_beta_5e-05_anchor_6,4,l2,3,0.494000,0.497967
mnist_mlp_opb_beta_5e-05_anchor_6,4,l2,4,0.226000,0.770325
mnist_mlp_opb_beta_5e-05_anchor_6,4,l2,5,0.113000,0.885163
mnist_mlp_opb_beta_5e-05_anchor_6,4,l2,6,0.087000,0.911585
mnist_mlp_opb_beta_5e-05_anchor_6,5,none,0,0.984000,
mnist_mlp_opb_beta_5e-05_anchor_6,5,linf,0.05,0.930000,0.054878
mnist_mlp_opb_beta_5e-05_anchor_6,5,linf,0.1,0.755000,0.232724
mnist_mlp_opb_beta_5e-05_anchor_6,5,linf,0.15,0.469000,0.523374
mnist_mlp_opb_beta_5e-05_anchor_6,5,linf,0.2,0.191000,0.805894
mnist_mlp_opb_beta_5e-05_anchor_6,5,linf,0.25,0.075000,0.923780
mnist_mlp_opb_beta_5e-05_anchor_6,5,linf,0.3,0.032000,0.967480
mnist_mlp_opb_beta_5e-05_anchor_6,5,l2,1,0.931000,0.053862
mnist_mlp_opb_beta_5e-05_anchor_6,5,l2,2,0.763000,0.224594
mnist_mlp_opb_beta_5e-05_anchor_6,5,l2,3,0.484000,0.508130
mnist_mlp_opb_beta_5e-05_anchor_6,5,l2,4,0.209000,0.787602
mnist_mlp_opb_beta_5e-05_anchor_6,5,l2,5,0.084000,0.914634
mnist_mlp_opb_beta_5e-05_anchor_6,5,l2,6,0.044000,0.955285
mnist_mlp_opb_beta_5e-05_anchor_12,1,none,0,0.980000,
mnist_mlp_opb_beta_5e-05_anchor_12,1,linf,0.05,0.922000,0.059184
mnist_mlp_opb_beta_5e-05_anchor_12,1,linf,0.1,0.747000,0.237755
mnist_mlp_opb_beta_5e-05_anchor_12,1,linf,0.15,0.453000,0.537755
mnist_mlp_opb_beta_5e-05_anchor_12,1,linf,0.2,0.204000,0.791837
mnist_mlp_opb_beta_5e-05_anchor_12,1,linf,0.25,0.068000,0.930612
mnist_mlp_opb_beta_5e-05_anchor_12,1,linf,0.3,0.030000,0.969388
mnist_mlp_opb_beta_5e-05_anchor_12,1,l2,1,0.927000,0.054082
mnist_mlp_opb_beta_5e-05_anchor_12,1,l2,2,0.764000,0.220408
mnist_mlp_opb_beta_5e-05_anchor_12,1,l2,3,0.495000,0.494898
mnist_mlp_opb_beta_5e-05_anchor_12,1,l2,4,0.234000,0.761224
mnist_mlp_opb_beta_5e-05_anchor_12,1,l2,5,0.094000,0.904082
mnist_mlp_opb_beta_5e-05_anchor_12,1,l2,6,0.038000,0.961224
mnist_mlp_opb_beta_5e-05_anchor_12,2,none,0,0.983000,
mnist_mlp_opb_beta_5e-05_anchor_12,2,linf,0.05,0.923000,0.061038
mnist_mlp_opb_beta_5e-05_anchor_12,2,linf,0.1,0.769000,0.217701
mnist_mlp_opb_beta_5e-05_anchor_12,2,linf,0.15,0.498000,0.493388
mnist_mlp_opb_beta_5e-05_anchor_12,2,linf,0.2,0.243000,0.752798
mnist_mlp_opb_beta_5e-05_anchor_12,2,linf,0.25,0.090000,0.908444
mnist_mlp_opb_beta_5e-05_anchor_12,2,linf,0.3,0.036000,0.963377
mnist_mlp_opb_beta_5e-05_anchor_12,2,l2,1,0.924000,0.060020
mnist_mlp_opb_beta_5e-05_anchor_12,2,l2,2,0.777000,0.209563
mnist_mlp_opb_beta_5e-05_anchor_12,2,l2,3,0.508000,0.483215
mnist_mlp_opb_beta_5e-05_anchor_12,2,l2,4,0.289000,0.706002
mnist_mlp_opb_beta_5e-05_anchor_12,2,l2,5,0.169000,0.828077
mnist_mlp_opb_beta_5e-05_anchor_12,2,l2,6,0.130000,0.867752
mnist_mlp_opb_beta_5e-05_anchor_12,3,none,0,0.979000,
mnist_mlp_opb_beta_5e-05_anchor_12,3,linf,0.05,0.921000,0.059244
mnist_mlp_opb_beta_5e-05_anchor_12,3,linf,0.1,0.766000,0.217569
mnist_mlp_opb_beta_5e-05_anchor_12,3,linf,0.15,0.496000,0.493361
mnist_mlp_opb_beta_5e-05_anchor_12,3,linf,0.2,0.239000,0.755873
mnist_mlp_opb_beta_5e-05_anchor_12,3,linf,0.25,0.069000,0.929520
mnist_mlp_opb_beta_5e-05_anchor_12,3,linf,0.3,0.026000,0.973442
mnist_mlp_opb_beta_5e-05_anchor_12,3,l2,1,0.925000,0.055158
mnist_mlp_opb_beta_5e-05_anchor_12,3,l2,2,0.778000,0.205312
mnist_mlp_opb_beta_5e-05_anchor_12,3,l2,3,0.526000,0.462717
mnist_mlp_opb_beta_5e-05_anchor_12,3,l2,4,0.274000,0.720123
mnist_mlp_opb_beta_5e-05_anchor_12,3,l2,5,0.109000,0.888662
mnist_mlp_opb_beta_5e-05_anchor_12,3,l2,6,0.060000,0.938713
mnist_mlp_opb_beta_5e-05_anchor_12,4,none,0,0.980000,
mnist_mlp_opb_beta_5e-05_anchor_12,4,linf,0.05,0.922000,0.059184
mnist_mlp_opb_beta_5e-05_anchor_12,4,linf,0.1,0.776000,0.208163
mnist_mlp_opb_beta_5e-05_anchor_12,4,linf,0.15,0.538000,0.451020
mnist_mlp_opb_beta_5e-05_anchor_12,4,linf,0.2,0.269000,0.725510
mnist_mlp_opb_beta_5e-05_anchor_12,4,linf,0.25,0.127000,0.870408
mnist_mlp_opb_beta_5e-05_anchor_12,4,linf,0.3,0.044000,0.955102
mnist_mlp_opb_beta_5e-05_anchor_12,4,l2,1,0.923000,0.058163
mnist_mlp_opb_beta_5e-05_anchor_12,4,l2,2,0.779000,0.205102
mnist_mlp_opb_beta_5e-05_anchor_12,4,l2,3,0.594000,0.393878
mnist_mlp_opb_beta_5e-05_anchor_12,4,l2,4,0.483000,0.507143
mnist_mlp_opb_beta_5e-05_anchor_12,4,l2,5,0.449000,0.541837
mnist_mlp_opb_beta_5e-05_anchor_12,4,l2,6,0.435000,0.556122
mnist_mlp_opb_beta_5e-05_anchor_12,5,none,0,0.985000,
mnist_mlp_opb_beta_5e-05_anchor_12,5,linf,0.05,0.912000,0.074112
mnist_mlp_opb_beta_5e-05_anchor_12,5,linf,0.1,0.742000,0.246700
mnist_mlp_opb_beta_5e-05_anchor_12,5,linf,0.15,0.439000,0.554315
mnist_mlp_opb_beta_5e-05_anchor_12,5,linf,0.2,0.190000,0.807107
mnist_mlp_opb_beta_5e-05_anchor_12,5,linf,0.25,0.064000,0.935025
mnist_mlp_opb_beta_5e-05_anchor_12,5,linf,0.3,0.022000,0.977665
mnist_mlp_opb_beta_5e-05_anchor_12,5,l2,1,0.921000,0.064975
mnist_mlp_opb_beta_5e-05_anchor_12,5,l2,2,0.759000,0.229442
mnist_mlp_opb_beta_5e-05_anchor_12,5,l2,3,0.481000,0.511675
mnist_mlp_opb_beta_5e-05_anchor_12,5,l2,4,0.233000,0.763452
mnist_mlp_opb_beta_5e-05_anchor_12,5,l2,5,0.116000,0.882234
mnist_mlp_opb_beta_5e-05_anchor_12,5,l2,6,0.093000,0.905584
mnist_mlp_opb_beta_5_anchor_1,1,none,0,0.973000,
mnist_mlp_opb_beta_5_anchor_1,1,linf,0.05,0.930000,0.044193
mnist_mlp_opb_beta_5_anchor_1,1,linf,0.1,0.818000,0.159301
mnist_mlp_opb_beta_5_anchor_1,1,linf,0.15,0.572000,0.412127
mnist_mlp_opb_beta_5_anchor_1,1,linf,0.2,0.340000,0.650565
mnist_mlp_opb_beta_5_anchor_1,1,linf,0.25,0.211000,0.783145
mnist_mlp_opb_beta_5_anchor_1,1,linf,0.3,0.114000,0.882837
mnist_mlp_opb_beta_5_anchor_1,1,l2,1,0.930000,0.044193
mnist_mlp_opb_beta_5_anchor_1,1,l2,2,0.823000,0.154162
mnist_mlp_opb_beta_5_anchor_1,1,l2,3,0.591000,0.392600
mnist_mlp_opb_beta_5_anchor_1,1,l2,4,0.322000,0.669065
mnist_mlp_opb_beta_5_anchor_1,1,l2,5,0.174000,0.821172
mnist_mlp_opb_beta_5_anchor_1,1,l2,6,0.105000,0.892086
mnist_mlp_opb_beta_5_anchor_1,2,none,0,0.972000,
mnist_mlp_opb_beta_5_anchor_1,2,linf,0.05,0.922000,0.051440
mnist_mlp_opb_beta_5_anchor_1,2,linf,0.1,0.774000,0.203704
mnist_mlp_opb_beta_5_anchor_1,2,linf,0.15,0.491000,0.494856
mnist_mlp_opb_beta_5_anchor_1,2,linf,0.2,0.295000,0.696502
mnist_mlp_opb_beta_5_anchor_1,2,linf,0.25,0.181000,0.813786
mnist_mlp_opb_beta_5_anchor_1,2,linf,0.3,0.111000,0.885802
mnist_mlp_opb_beta_5_anchor_1,2,l2,1,0.924000,0.049383
mnist_mlp_opb_beta_5_anchor_1,2,l2,2,0.799000,0.177984
mnist_mlp_opb_beta_5_anchor_1,2,l2,3,0.517000,0.468107
mnist_mlp_opb_beta_5_anchor_1,2,l2,4,0.302000,0.689300
mnist_mlp_opb_beta_5_anchor_1,2,l2,5,0.177000,0.817901
mnist_mlp_opb_beta_5_anchor_1,2,l2,6,0.103000,0.894033
mnist_mlp_opb_beta_5_anchor_1,3,none,0,0.973000,
mnist_mlp_opb_beta_5_anchor_1,3,linf,0.05,0.925000,0.049332
mnist_mlp_opb_beta_5_anchor_1,3,linf,0.1,0.735000,0.244604
mnist_mlp_opb_beta_5_anchor_1,3,linf,0.15,0.467000,0.520041
mnist_mlp_opb_beta_5_anchor_1,3,linf,0.2,0.247000,0.746146
mnist_mlp_opb_beta_5_anchor_1,3,linf,0.25,0.116000,0.880781
mnist_mlp_opb_beta_5_anchor_1,3,linf,0.3,0.063000,0.935252
mnist_mlp_opb_beta_5_anchor_1,3,l2,1,0.924000,0.050360
mnist_mlp_opb_beta_5_anchor_1,3,l2,2,0.774000,0.204522
mnist_mlp_opb_beta_5_anchor_1,3,l2,3,0.463000,0.524152
mnist_mlp_opb_beta_5_anchor_1,3,l2,4,0.242000,0.751285
mnist_mlp_opb_beta_5_anchor_1,3,l2,5,0.112000,0.884892
mnist_mlp_opb_beta_5_anchor_1,3,l2,6,0.055000,0.943474
mnist_mlp_opb_beta_5_anchor_1,4,none,0,0.971000,
mnist_mlp_opb_beta_5_anchor_1,4,linf,0.05,0.908000,0.064882
mnist_mlp_opb_beta_5_anchor_1,4,linf,0.1,0.702000,0.277034
mnist_mlp_opb_beta_5_anchor_1,4,linf,0.15,0.375000,0.613800
mnist_mlp_opb_beta_5_anchor_1,4,linf,0.2,0.187000,0.807415
mnist_mlp_opb_beta_5_anchor_1,4,linf,0.25,0.089000,0.908342
mnist_mlp_opb_beta_5_anchor_1,4,linf,0.3,0.048000,0.950566
mnist_mlp_opb_beta_5_anchor_1,4,l2,1,0.912000,0.060762
mnist_mlp_opb_beta_5_anchor_1,4,l2,2,0.739000,0.238929
mnist_mlp_opb_beta_5_anchor_1,4,l2,3,0.410000,0.577755
mnist_mlp_opb_beta_5_anchor_1,4,l2,4,0.195000,0.799176
mnist_mlp_opb_beta_5_anchor_1,4,l2,5,0.093000,0.904222
mnist_mlp_opb_beta_5_anchor_1,4,l2,6,0.048000,0.950566
mnist_mlp_opb_beta_5_anchor_1,5,none,0,0.975000,
mnist_mlp_opb_beta_5_anchor_1,5,linf,0.05,0.921000,0.055385
mnist_mlp_opb_beta_5_anchor_1,5,linf,0.1,0.793000,0.186667
mnist_mlp_opb_beta_5_anchor_1,5,linf,0.15,0.493000,0.494359
mnist_mlp_opb_beta_5_anchor_1,5,linf,0.2,0.304000,0.688205
mnist_mlp_opb_beta_5_anchor_1,5,linf,0.25,0.181000,0.814359
mnist_mlp_opb_beta_5_anchor_1,5,linf,0.3,0.107000,0.890256
mnist_mlp_opb_beta_5_anchor_1,5,l2,1,0.930000,0.046154
mnist_mlp_opb_beta_5_anchor_1,5,l2,2,0.798000,0.181538
mnist_mlp_opb_beta_5_anchor_1,5,l2,3,0.529000,0.457436
mnist_mlp_opb_beta_5_anchor_1,5,l2,4,0.292000,0.700513
mnist_mlp_opb_beta_5_anchor_1,5,l2,5,0.169000,0.826667
mnist_mlp_opb_beta_5_anchor_1,5,l2,6,0.100000,0.897436
mnist_mlp_opb_beta_5_anchor_6,1,none,0,0.979000,
mnist_mlp_opb_beta_5_anchor_6,1,linf,0.05,0.907000,0.073544
mnist_mlp_opb_beta_5_anchor_6,1,linf,0.1,0.590000,0.397344
mnist_mlp_opb_beta_5_anchor_6,1,linf,0.15,0.331000,0.661900
mnist_mlp_opb_beta_5_anchor_6,1,linf,0.2,0.189000,0.806946
mnist_mlp_opb_beta_5_anchor_6,1,linf,0.25,0.110000,0.887640
mnist_mlp_opb_beta_5_anchor_6,1,linf,0.3,0.066000,0.932584
mnist_mlp_opb_beta_5_anchor_6,1,l2,1,0.921000,0.059244
mnist_mlp_opb_beta_5_anchor_6,1,l2,2,0.604000,0.383044
mnist_mlp_opb_beta_5_anchor_6,1,l2,3,0.340000,0.652707
mnist_mlp_opb_beta_5_anchor_6,1,l2,4,0.185000,0.811032
mnist_mlp_opb_beta_5_anchor_6,1,l2,5,0.098000,0.899898
mnist_mlp_opb_beta_5_anchor_6,1,l2,6,0.060000,0.938713
mnist_mlp_opb_beta_5_anchor_6,2,none,0,0.979000,
mnist_mlp_opb_beta_5_anchor_6,2,linf,0.05,0.925000,0.055158
mnist_mlp_opb_beta_5_anchor_6,2,linf,0.1,0.621000,0.365679
mnist_mlp_opb_beta_5_anchor_6,2,linf,0.15,0.353000,0.639428
mnist_mlp_opb_beta_5_anchor_6,2,linf,0.2,0.197000,0.798774
mnist_mlp_opb_beta_5_anchor_6,2,linf,0.25,0.098000,0.899898
mnist_mlp_opb_beta_5_anchor_6,2,linf,0.3,0.054000,0.944842
mnist_mlp_opb_beta_5_anchor_6,2,l2,1,0.928000,0.052094
mnist_mlp_opb_beta_5_anchor_6,2,l2,2,0.678000,0.307457
mnist_mlp_opb_beta_5_anchor_6,2,l2,3,0.363000,0.629213
mnist_mlp_opb_beta_5_anchor_6,2,l2,4,0.175000,0.821246
mnist_mlp_opb_beta_5_anchor_6,2,l2,5,0.077000,0.921348
mnist_mlp_opb_beta_5_anchor_6,2,l2,6,0.042000,0.957099
mnist_mlp_opb_beta_5_anchor_6,3,none,0,0.981000,
mnist_mlp_opb_beta_5_anchor_6,3,linf,0.05,0.916000,0.066259
mnist_mlp_opb_beta_5_anchor_6,3,linf,0.1,0.641000,0.346585
mnist_mlp_opb_beta_5_anchor_6,3,linf,0.15,0.355000,0.638124
mnist_mlp_opb_beta_5_anchor_6,3,linf,0.2,0.190000,0.806320
mnist_mlp_opb_beta_5_anchor_6,3,linf,0.25,0.092000,0.906218
mnist_mlp_opb_beta_5_anchor_6,3,linf,0.3,0.057000,0.941896
mnist_mlp_opb_beta_5_anchor_6,3,l2,1,0.922000,0.060143
mnist_mlp_opb_beta_5_anchor_6,3,l2,2,0.689000,0.297655
mnist_mlp_opb_beta_5_anchor_6,3,l2,3,0.364000,0.628950
mnist_mlp_opb_beta_5_anchor_6,3,l2,4,0.176000,0.820591
mnist_mlp_opb_beta_5_anchor_6,3,l2,5,0.088000,0.910296
mnist_mlp_opb_beta_5_anchor_6,3,l2,6,0.045000,0.954128
mnist_mlp_opb_beta_5_anchor_6,4,none,0,0.985000,
mnist_mlp_opb_beta_5_anchor_6,4,linf,0.05,0.923000,0.062944
mnist_mlp_opb_beta_5_anchor_6,4,linf,0.1,0.595000,0.395939
mnist_mlp_opb_beta_5_anchor_6,4,linf,0.15,0.339000,0.655838
mnist_mlp_opb_beta_5_anchor_6,4,linf,0.2,0.181000,0.816244
mnist_mlp_opb_beta_5_anchor_6,4,linf,0.25,0.100000,0.898477
mnist_mlp_opb_beta_5_anchor_6,4,linf,0.3,0.053000,0.946193
mnist_mlp_opb_beta_5_anchor_6,4,l2,1,0.932000,0.053807
mnist_mlp_opb_beta_5_anchor_6,4,l2,2,0.673000,0.316751
mnist_mlp_opb_beta_5_anchor_6,4,l2,3,0.363000,0.631472
mnist_mlp_opb_beta_5_anchor_6,4,l2,4,0.169000,0.828426
mnist_mlp_opb_beta_5_anchor_6,4,l2,5,0.074000,0.924873
mnist_mlp_opb_beta_5_anchor_6,4,l2,6,0.047000,0.952284
mnist_mlp_opb_beta_5_anchor_6,5,none,0,0.983000,
mnist_mlp_opb_beta_5_anchor_6,5,linf,0.05,0.905000,0.079349
mnist_mlp_opb_beta_5_anchor_6,5,linf,0.1,0.595000,0.394710
mnist_mlp_opb_beta_5_anchor_6,5,linf,0.15,0.356000,0.637843
mnist_mlp_opb_beta_5_anchor_6,5,linf,0.2,0.203000,0.793489
mnist_mlp_opb_beta_5_anchor_6,5,linf,0.25,0.112000,0.886063
mnist_mlp_opb_beta_5_anchor_6,5,linf,0.3,0.058000,0.940997
mnist_mlp_opb_beta_5_anchor_6,5,l2,1,0.917000,0.067141
mnist_mlp_opb_beta_5_anchor_6,5,l2,2,0.627000,0.362157
mnist_mlp_opb_beta_5_anchor_6,5,l2,3,0.360000,0.633774
mnist_mlp_opb_beta_5_anchor_6,5,l2,4,0.172000,0.825025
mnist_mlp_opb_beta_5_anchor_6,5,l2,5,0.096000,0.902340
mnist_mlp_opb_beta_5_anchor_6,5,l2,6,0.048000,0.951170
mnist_mlp_opb_beta_5_anchor_12,1,none,0,0.986000,
mnist_mlp_opb_beta_5_anchor_12,1,linf,0.05,0.919000,0.067951
mnist_mlp_opb_beta_5_anchor_12,1,linf,0.1,0.599000,0.392495
mnist_mlp_opb_beta_5_anchor_12,1,linf,0.15,0.308000,0.687627
mnist_mlp_opb_beta_5_anchor_12,1,linf,0.2,0.146000,0.851927
mnist_mlp_opb_beta_5_anchor_12,1,linf,0.25,0.071000,0.927992
mnist_mlp_opb_beta_5_anchor_12,1,linf,0.3,0.029000,0.970588
mnist_mlp_opb_beta_5_anchor_12,1,l2,1,0.925000,0.061866
mnist_mlp_opb_beta_5_anchor_12,1,l2,2,0.662000,0.328600
mnist_mlp_opb_beta_5_anchor_12,1,l2,3,0.328000,0.667343
mnist_mlp_opb_beta_5_anchor_12,1,l2,4,0.156000,0.841785
mnist_mlp_opb_beta_5_anchor_12,1,l2,5,0.064000,0.935091
mnist_mlp_opb_beta_5_anchor_12,1,l2,6,0.029000,0.970588
mnist_mlp_opb_beta_5_anchor_12,2,none,0,0.981000,
mnist_mlp_opb_beta_5_anchor_12,2,linf,0.05,0.912000,0.070336
mnist_mlp_opb_beta_5_anchor_12,2,linf,0.1,0.575000,0.413863
mnist_mlp_opb_beta_5_anchor_12,2,linf,0.15,0.309000,0.685015
mnist_mlp_opb_beta_5_anchor_12,2,linf,0.2,0.137000,0.860347
mnist_mlp_opb_beta_5_anchor_12,2,linf,0.25,0.068000,0.930683
mnist_mlp_opb_beta_5_anchor_12,2,linf,0.3,0.038000,0.961264
mnist_mlp_opb_beta_5_anchor_12,2,l2,1,0.923000,0.059123
mnist_mlp_opb_beta_5_anchor_12,2,l2,2,0.616000,0.372069
mnist_mlp_opb_beta_5_anchor_12,2,l2,3,0.324000,0.669725
mnist_mlp_opb_beta_5_anchor_12,2,l2,4,0.142000,0.855250
mnist_mlp_opb_beta_5_anchor_12,2,l2,5,0.067000,0.931702
mnist_mlp_opb_beta_5_anchor_12,2,l2,6,0.038000,0.961264
mnist_mlp_opb_beta_5_anchor_12,3,none,0,0.980000,
mnist_mlp_opb_beta_5_anchor_12,3,linf,0.05,0.923000,0.058163
mnist_mlp_opb_beta_5_anchor_12,3,linf,0.1,0.596000,0.391837
mnist_mlp_opb_beta_5_anchor_12,3,linf,0.15,0.329000,0.664286
mnist_mlp_opb_beta_5_anchor_12,3,linf,0.2,0.164000,0.832653
mnist_mlp_opb_beta_5_anchor_12,3,linf,0.25,0.085000,0.913265
mnist_mlp_opb_beta_5_anchor_12,3,linf,0.3,0.046000,0.953061
mnist_mlp_opb_beta_5_anchor_12,3,l2,1,0.921000,0.060204
mnist_mlp_opb_beta_5_anchor_12,3,l2,2,0.688000,0.297959
mnist_mlp_opb_beta_5_anchor_12,3,l2,3,0.377000,0.615306
mnist_mlp_opb_beta_5_anchor_12,3,l2,4,0.210000,0.785714
mnist_mlp_opb_beta_5_anchor_12,3,l2,5,0.136000,0.861225
mnist_mlp_opb_beta_5_anchor_12,3,l2,6,0.098000,0.900000
mnist_mlp_opb_beta_5_anchor_12,4,none,0,0.979000,
mnist_mlp_opb_beta_5_anchor_12,4,linf,0.05,0.929000,0.051072
mnist_mlp_opb_beta_5_anchor_12,4,linf,0.1,0.607000,0.379980
mnist_mlp_opb_beta_5_anchor_12,4,linf,0.15,0.355000,0.637385
mnist_mlp_opb_beta_5_anchor_12,4,linf,0.2,0.157000,0.839632
mnist_mlp_opb_beta_5_anchor_12,4,linf,0.25,0.073000,0.925434
mnist_mlp_opb_beta_5_anchor_12,4,linf,0.3,0.029000,0.970378
mnist_mlp_opb_beta_5_anchor_12,4,l2,1,0.934000,0.045965
mnist_mlp_opb_beta_5_anchor_12,4,l2,2,0.746000,0.237998
mnist_mlp_opb_beta_5_anchor_12,4,l2,3,0.536000,0.452503
mnist_mlp_opb_beta_5_anchor_12,4,l2,4,0.374000,0.617977
mnist_mlp_opb_beta_5_anchor_12,4,l2,5,0.297000,0.696629
mnist_mlp_opb_beta_5_anchor_12,4,l2,6,0.267000,0.727273
mnist_mlp_opb_beta_5_anchor_12,5,none,0,0.980000,
mnist_mlp_opb_beta_5_anchor_12,5,linf,0.05,0.911000,0.070408
mnist_mlp_opb_beta_5_anchor_12,5,linf,0.1,0.582000,0.406122
mnist_mlp_opb_beta_5_anchor_12,5,linf,0.15,0.303000,0.690816
mnist_mlp_opb_beta_5_anchor_12,5,linf,0.2,0.157000,0.839796
mnist_mlp_opb_beta_5_anchor_12,5,linf,0.25,0.083000,0.915306
mnist_mlp_opb_beta_5_anchor_12,5,linf,0.3,0.046000,0.953061
mnist_mlp_opb_beta_5_anchor_12,5,l2,1,0.916000,0.065306
mnist_mlp_opb_beta_5_anchor_12,5,l2,2,0.617000,0.370408
mnist_mlp_opb_beta_5_anchor_12,5,l2,3,0.329000,0.664286
mnist_mlp_opb_beta_5_anchor_12,5,l2,4,0.150000,0.846939
mnist_mlp_opb_beta_5_anchor_12,5,l2,5,0.075000,0.923469
mnist_mlp_opb_beta_5_anchor_12,5,l2,6,0.046000,0.953061
mnist_mlp_opb_beta_10_anchor_1,1,none,0,0.976000,
mnist_mlp_opb_beta_10_anchor_1,1,linf,0.05,0.936000,0.040984
mnist_mlp_opb_beta_10_anchor_1,1,linf,0.1,0.807000,0.173156
mnist_mlp_opb_beta_10_anchor_1,1,linf,0.15,0.549000,0.437500
mnist_mlp_opb_beta_10_anchor_1,1,linf,0.2,0.354000,0.637295
mnist_mlp_opb_beta_10_anchor_1,1,linf,0.25,0.208000,0.786885
mnist_mlp_opb_beta_10_anchor_1,1,linf,0.3,0.132000,0.864754
mnist_mlp_opb_beta_10_anchor_1,1,l2,1,0.938000,0.038934
mnist_mlp_opb_beta_10_anchor_1,1,l2,2,0.819000,0.160861
mnist_mlp_opb_beta_10_anchor_1,1,l2,3,0.594000,0.391393
mnist_mlp_opb_beta_10_anchor_1,1,l2,4,0.338000,0.653689
mnist_mlp_opb_beta_10_anchor_1,1,l2,5,0.217000,0.777664
mnist_mlp_opb_beta_10_anchor_1,1,l2,6,0.136000,0.860656
mnist_mlp_opb_beta_10_anchor_1,2,none,0,0.980000,
mnist_mlp_opb_beta_10_anchor_1,2,linf,0.05,0.922000,0.059184
mnist_mlp_opb_beta_10_anchor_1,2,linf,0.1,0.738000,0.246939
mnist_mlp_opb_beta_10_anchor_1,2,linf,0.15,0.491000,0.498980
mnist_mlp_opb_beta_10_anchor_1,2,linf,0.2,0.330000,0.663265
mnist_mlp_opb_beta_10_anchor_1,2,linf,0.25,0.196000,0.800000
mnist_mlp_opb_beta_10_anchor_1,2,linf,0.3,0.126000,0.871429
mnist_mlp_opb_beta_10_anchor_1,2,l2,1,0.927000,0.054082
mnist_mlp_opb_beta_10_anchor_1,2,l2,2,0.792000,0.191837
mnist_mlp_opb_beta_10_anchor_1,2,l2,3,0.502000,0.487755
mnist_mlp_opb_beta_10_anchor_1,2,l2,4,0.330000,0.663265
mnist_mlp_opb_beta_10_anchor_1,2,l2,5,0.204000,0.791837
mnist_mlp_opb_beta_10_anchor_1,2,l2,6,0.115000,0.882653
mnist_mlp_opb_beta_10_anchor_1,3,none,0,0.975000,
mnist_mlp_opb_beta_10_anchor_1,3,linf,0.05,0.923000,0.053333
mnist_mlp_opb_beta_10_anchor_1,3,linf,0.1,0.779000,0.201026
mnist_mlp_opb_beta_10_anchor_1,3,linf,0.15,0.488000,0.499487
mnist_mlp_opb_beta_10_anchor_1,3,linf,0.2,0.278000,0.714872
mnist_mlp_opb_beta_10_anchor_1,3,linf,0.25,0.139000,0.857436
mnist_mlp_opb_beta_10_anchor_1,3,linf,0.3,0.072000,0.926154
mnist_mlp_opb_beta_10_anchor_1,3,l2,1,0.923000,0.053333
mnist_mlp_opb_beta_10_anchor_1,3,l2,2,0.795000,0.184615
mnist_mlp_opb_beta_10_anchor_1,3,l2,3,0.503000,0.484103
mnist_mlp_opb_beta_10_anchor_1,3,l2,4,0.280000,0.712821
mnist_mlp_opb_beta_10_anchor_1,3,l2,5,0.140000,0.856410
mnist_mlp_opb_beta_10_anchor_1,3,l2,6,0.069000,0.929231
mnist_mlp_opb_beta_10_anchor_1,4,none,0,0.973000,
mnist_mlp_opb_beta_10_anchor_1,4,linf,0.05,0.908000,0.066804
mnist_mlp_opb_beta_10_anchor_1,4,linf,0.1,0.665000,0.316547
mnist_mlp_opb_beta_10_anchor_1,4,linf,0.15,0.405000,0.583762
mnist_mlp_opb_beta_10_anchor_1,4,linf,0.2,0.212000,0.782117
mnist_mlp_opb_beta_10_anchor_1,4,linf,0.25,0.091000,0.906475
mnist_mlp_opb_beta_10_anchor_1,4,linf,0.3,0.058000,0.940391
mnist_mlp_opb_beta_10_anchor_1,4,l2,1,0.920000,0.054471
mnist_mlp_opb_beta_10_anchor_1,4,l2,2,0.712000,0.268243
mnist_mlp_opb_beta_10_anchor_1,4,l2,3,0.424000,0.564234
mnist_mlp_opb_beta_10_anchor_1,4,l2,4,0.222000,0.771840
mnist_mlp_opb_beta_10_anchor_1,4,l2,5,0.096000,0.901336
mnist_mlp_opb_beta_10_anchor_1,4,l2,6,0.050000,0.948613
mnist_mlp_opb_beta_10_anchor_1,5,none,0,0.974000,
mnist_mlp_opb_beta_10_anchor_1,5,linf,0.05,0.940000,0.034908
mnist_mlp_opb_beta_10_anchor_1,5,linf,0.1,0.803000,0.175565
mnist_mlp_opb_beta_10_anchor_1,5,linf,0.15,0.549000,0.436345
mnist_mlp_opb_beta_10_anchor_1,5,linf,0.2,0.349000,0.641684
mnist_mlp_opb_beta_10_anchor_1,5,linf,0.25,0.210000,0.784394
mnist_mlp_opb_beta_10_anchor_1,5,linf,0.3,0.125000,0.871663
mnist_mlp_opb_beta_10_anchor_1,5,l2,1,0.941000,0.033881
mnist_mlp_opb_beta_10_anchor_1,5,l2,2,0.814000,0.164271
mnist_mlp_opb_beta_10_anchor_1,5,l2,3,0.559000,0.426078
mnist_mlp_opb_beta_10_anchor_1,5,l2,4,0.343000,0.647844
mnist_mlp_opb_beta_10_anchor_1,5,l2,5,0.204000,0.790554
mnist_mlp_opb_beta_10_anchor_1,5,l2,6,0.125000,0.871663
mnist_mlp_opb_beta_10_anchor_6,1,none,0,0.984000,
mnist_mlp_opb_beta_10_anchor_6,1,linf,0.05,0.914000,0.071138
mnist_mlp_opb_beta_10_anchor_6,1,linf,0.1,0.601000,0.389228
mnist_mlp_opb_beta_10_anchor_6,1,linf,0.15,0.351000,0.643293
mnist_mlp_opb_beta_10_anchor_6,1,linf,0.2,0.207000,0.789634
mnist_mlp_opb_beta_10_anchor_6,1,linf,0.25,0.120000,0.878049
mnist_mlp_opb_beta_10_anchor_6,1,linf,0.3,0.058000,0.941057
mnist_mlp_opb_beta_10_anchor_6,1,l2,1,0.919000,0.066057
mnist_mlp_opb_beta_10_anchor_6,1,l2,2,0.635000,0.354675
mnist_mlp_opb_beta_10_anchor_6,1,l2,3,0.360000,0.634146
mnist_mlp_opb_beta_10_anchor_6,1,l2,4,0.190000,0.806911
mnist_mlp_opb_beta_10_anchor_6,1,l2,5,0.095000,0.903455
mnist_mlp_opb_beta_10_anchor_6,1,l2,6,0.054000,0.945122
mnist_mlp_opb_beta_10_anchor_6,2,none,0,0.978000,
mnist_mlp_opb_beta_10_anchor_6,2,linf,0.05,0.920000,0.059305
mnist_mlp_opb_beta_10_anchor_6,2,linf,0.1,0.625000,0.360941
mnist_mlp_opb_beta_10_anchor_6,2,linf,0.15,0.378000,0.613497
mnist_mlp_opb_beta_10_anchor_6,2,linf,0.2,0.209000,0.786299
mnist_mlp_opb_beta_10_anchor_6,2,linf,0.25,0.111000,0.886503
mnist_mlp_opb_beta_10_anchor_6,2,linf,0.3,0.063000,0.935583
mnist_mlp_opb_beta_10_anchor_6,2,l2,1,0.926000,0.053170
mnist_mlp_opb_beta_10_anchor_6,2,l2,2,0.649000,0.336401
mnist_mlp_opb_beta_10_anchor_6,2,l2,3,0.379000,0.612474
mnist_mlp_opb_beta_10_anchor_6,2,l2,4,0.196000,0.799591
mnist_mlp_opb_beta_10_anchor_6,2,l2,5,0.105000,0.892638
mnist_mlp_opb_beta_10_anchor_6,2,l2,6,0.052000,0.946830
mnist_mlp_opb_beta_10_anchor_6,3,none,0,0.984000,
mnist_mlp_opb_beta_10_anchor_6,3,linf,0.05,0.922000,0.063008
mnist_mlp_opb_beta_10_anchor_6,3,linf,0.1,0.633000,0.356707
mnist_mlp_opb_beta_10_anchor_6,3,linf,0.15,0.383000,0.610772
mnist_mlp_opb_beta_10_anchor_6,3,linf,0.2,0.214000,0.782520
mnist_mlp_opb_beta_10_anchor_6,3,linf,0.25,0.125000,0.872967
mnist_mlp_opb_beta_10_anchor_6,3,linf,0.3,0.078000,0.920732
mnist_mlp_opb_beta_10_anchor_6,3,l2,1,0.932000,0.052846
mnist_mlp_opb_beta_10_anchor_6,3,l2,2,0.686000,0.302846
mnist_mlp_opb_beta_10_anchor_6,3,l2,3,0.380000,0.613821
mnist_mlp_opb_beta_10_anchor_6,3,l2,4,0.199000,0.797764
mnist_mlp_opb_beta_10_anchor_6,3,l2,5,0.105000,0.893293
mnist_mlp_opb_beta_10_anchor_6,3,l2,6,0.067000,0.931911
mnist_mlp_opb_beta_10_anchor_6,4,none,0,0.987000,
mnist_mlp_opb_beta_10_anchor_6,4,linf,0.05,0.923000,0.064843
mnist_mlp_opb_beta_10_anchor_6,4,linf,0.1,0.597000,0.395137
mnist_mlp_opb_beta_10_anchor_6,4,linf,0.15,0.365000,0.630192
mnist_mlp_opb_beta_10_anchor_6,4,linf,0.2,0.193000,0.804458
mnist_mlp_opb_beta_10_anchor_6,4,linf,0.25,0.094000,0.904762
mnist_mlp_opb_beta_10_anchor_6,4,linf,0.3,0.047000,0.952381
mnist_mlp_opb_beta_10_anchor_6,4,l2,1,0.928000,0.059777
mnist_mlp_opb_beta_10_anchor_6,4,l2,2,0.611000,0.380952
mnist_mlp_opb_beta_10_anchor_6,4,l2,3,0.366000,0.629179
mnist_mlp_opb_beta_10_anchor_6,4,l2,4,0.179000,0.818642
mnist_mlp_opb_beta_10_anchor_6,4,l2,5,0.081000,0.917933
mnist_mlp_opb_beta_10_anchor_6,4,l2,6,0.041000,0.958460
mnist_mlp_opb_beta_10_anchor_6,5,none,0,0.980000,
mnist_mlp_opb_beta_10_anchor_6,5,linf,0.05,0.921000,0.060204
mnist_mlp_opb_beta_10_anchor_6,5,linf,0.1,0.677000,0.309184
mnist_mlp_opb_beta_10_anchor_6,5,linf,0.15,0.391000,0.601020
mnist_mlp_opb_beta_10_anchor_6,5,linf,0.2,0.218000,0.777551
mnist_mlp_opb_beta_10_anchor_6,5,linf,0.25,0.112000,0.885714
mnist_mlp_opb_beta_10_anchor_6,5,linf,0.3,0.071000,0.927551
mnist_mlp_opb_beta_10_anchor_6,5,l2,1,0.926000,0.055102
mnist_mlp_opb_beta_10_anchor_6,5,l2,2,0.732000,0.253061
mnist_mlp_opb_beta_10_anchor_6,5,l2,3,0.407000,0.584694
mnist_mlp_opb_beta_10_anchor_6,5,l2,4,0.203000,0.792857
mnist_mlp_opb_beta_10_anchor_6,5,l2,5,0.100000,0.897959
mnist_mlp_opb_beta_10_anchor_6,5,l2,6,0.058000,0.940816
mnist_mlp_opb_beta_10_anchor_12,1,none,0,0.980000,
mnist_mlp_opb_beta_10_anchor_12,1,linf,0.05,0.917000,0.064286
mnist_mlp_opb_beta_10_anchor_12,1,linf,0.1,0.579000,0.409184
mnist_mlp_opb_beta_10_anchor_12,1,linf,0.15,0.280000,0.714286
mnist_mlp_opb_beta_10_anchor_12,1,linf,0.2,0.123000,0.874490
mnist_mlp_opb_beta_10_anchor_12,1,linf,0.25,0.059000,0.939796
mnist_mlp_opb_beta_10_anchor_12,1,linf,0.3,0.023000,0.976531
mnist_mlp_opb_beta_10_anchor_12,1,l2,1,0.920000,0.061225
mnist_mlp_opb_beta_10_anchor_12,1,l2,2,0.633000,0.354082
mnist_mlp_opb_beta_10_anchor_12,1,l2,3,0.315000,0.678571
mnist_mlp_opb_beta_10_anchor_12,1,l2,4,0.136000,0.861225
mnist_mlp_opb_beta_10_anchor_12,1,l2,5,0.064000,0.934694
mnist_mlp_opb_beta_10_anchor_12,1,l2,6,0.026000,0.973469
mnist_mlp_opb_beta_10_anchor_12,2,none,0,0.980000,
mnist_mlp_opb_beta_10_anchor_12,2,linf,0.05,0.917000,0.064286
mnist_mlp_opb_beta_10_anchor_12,2,linf,0.1,0.555000,0.433674
mnist_mlp_opb_beta_10_anchor_12,2,linf,0.15,0.283000,0.711224
mnist_mlp_opb_beta_10_anchor_12,2,linf,0.2,0.124000,0.873469
mnist_mlp_opb_beta_10_anchor_12,2,linf,0.25,0.062000,0.936735
mnist_mlp_opb_beta_10_anchor_12,2,linf,0.3,0.032000,0.967347
mnist_mlp_opb_beta_10_anchor_12,2,l2,1,0.926000,0.055102
mnist_mlp_opb_beta_10_anchor_12,2,l2,2,0.602000,0.385714
mnist_mlp_opb_beta_10_anchor_12,2,l2,3,0.308000,0.685714
mnist_mlp_opb_beta_10_anchor_12,2,l2,4,0.130000,0.867347
mnist_mlp_opb_beta_10_anchor_12,2,l2,5,0.059000,0.939796
mnist_mlp_opb_beta_10_anchor_12,2,l2,6,0.033000,0.966327
mnist_mlp_opb_beta_10_anchor_12,3,none,0,0.981000,
mnist_mlp_opb_beta_10_anchor_12,3,linf,0.05,0.912000,0.070336
mnist_mlp_opb_beta_10_anchor_12,3,linf,0.1,0.565000,0.424057
mnist_mlp_opb_beta_10_anchor_12,3,linf,0.15,0.314000,0.679918
mnist_mlp_opb_beta_10_anchor_12,3,linf,0.2,0.141000,0.856269
mnist_mlp_opb_beta_10_anchor_12,3,linf,0.25,0.074000,0.924567
mnist_mlp_opb_beta_10_anchor_12,3,linf,0.3,0.042000,0.957187
mnist_mlp_opb_beta_10_anchor_12,3,l2,1,0.919000,0.063201
mnist_mlp_opb_beta_10_anchor_12,3,l2,2,0.614000,0.374108
mnist_mlp_opb_beta_10_anchor_12,3,l2,3,0.331000,0.662589
mnist_mlp_opb_beta_10_anchor_12,3,l2,4,0.162000,0.834862
mnist_mlp_opb_beta_10_anchor_12,3,l2,5,0.083000,0.915392
mnist_mlp_opb_beta_10_anchor_12,3,l2,6,0.052000,0.946993
mnist_mlp_opb_beta_10_anchor_12,4,none,0,0.981000,
mnist_mlp_opb_beta_10_anchor_12,4,linf,0.05,0.922000,0.060143
mnist_mlp_opb_beta_10_anchor_12,4,linf,0.1,0.605000,0.383282
mnist_mlp_opb_beta_10_anchor_12,4,linf,0.15,0.341000,0.652396
mnist_mlp_opb_beta_10_anchor_12,4,linf,0.2,0.178000,0.818553
mnist_mlp_opb_beta_10_anchor_12,4,linf,0.25,0.089000,0.909276
mnist_mlp_opb_beta_10_anchor_12,4,linf,0.3,0.050000,0.949032
mnist_mlp_opb_beta_10_anchor_12,4,l2,1,0.931000,0.050968
mnist_mlp_opb_beta_10_anchor_12,4,l2,2,0.684000,0.302752
mnist_mlp_opb_beta_10_anchor_12,4,l2,3,0.414000,0.577982
mnist_mlp_opb_beta_10_anchor_12,4,l2,4,0.209000,0.786952
mnist_mlp_opb_beta_10_anchor_12,4,l2,5,0.124000,0.873598
mnist_mlp_opb_beta_10_anchor_12,4,l2,6,0.095000,0.903160
mnist_mlp_opb_beta_10_anchor_12,5,none,0,0.980000,
mnist_mlp_opb_beta_10_anchor_12,5,linf,0.05,0.909000,0.072449
mnist_mlp_opb_beta_10_anchor_12,5,linf,0.1,0.578000,0.410204
mnist_mlp_opb_beta_10_anchor_12,5,linf,0.15,0.320000,0.673469
mnist_mlp_opb_beta_10_anchor_12,5,linf,0.2,0.142000,0.855102
mnist_mlp_opb_beta_10_anchor_12,5,linf,0.25,0.071000,0.927551
mnist_mlp_opb_beta_10_anchor_12,5,linf,0.3,0.033000,0.966327
mnist_mlp_opb_beta_10_anchor_12,5,l2,1,0.917000,0.064286
mnist_mlp_opb_beta_10_anchor_12,5,l2,2,0.609000,0.378571
mnist_mlp_opb_beta_10_anchor_12,5,l2,3,0.343000,0.650000
mnist_mlp_opb_beta_10_anchor_12,5,l2,4,0.135000,0.862245
mnist_mlp_opb_beta_10_anchor_12,5,l2,5,0.071000,0.927551
mnist_mlp_opb_beta_10_anchor_12,5,l2,6,0.038000,0.961224
mnist_mlp_opb_beta_15_anchor_1,1,none,0,0.970000,
mnist_mlp_opb_beta_15_anchor_1,1,linf,0.05,0.881000,0.091753
mnist_mlp_opb_beta_15_anchor_1,1,linf,0.1,0.721000,0.256701
mnist_mlp_opb_beta_15_anchor_1,1,linf,0.15,0.500000,0.484536
mnist_mlp_opb_beta_15_anchor_1,1,linf,0.2,0.329000,0.660825
mnist_mlp_opb_beta_15_anchor_1,1,linf,0.25,0.227000,0.765979
mnist_mlp_opb_beta_15_anchor_1,1,linf,0.3,0.139000,0.856701
mnist_mlp_opb_beta_15_anchor_1,1,l2,1,0.891000,0.081443
mnist_mlp_opb_beta_15_anchor_1,1,l2,2,0.731000,0.246392
mnist_mlp_opb_beta_15_anchor_1,1,l2,3,0.527000,0.456701
mnist_mlp_opb_beta_15_anchor_1,1,l2,4,0.343000,0.646392
mnist_mlp_opb_beta_15_anchor_1,1,l2,5,0.232000,0.760825
mnist_mlp_opb_beta_15_anchor_1,1,l2,6,0.144000,0.851546
mnist_mlp_opb_beta_15_anchor_1,2,none,0,0.973000,
mnist_mlp_opb_beta_15_anchor_1,2,linf,0.05,0.932000,0.042138
mnist_mlp_opb_beta_15_anchor_1,2,linf,0.1,0.721000,0.258993
mnist_mlp_opb_beta_15_anchor_1,2,linf,0.15,0.512000,0.473792
mnist_mlp_opb_beta_15_anchor_1,2,linf,0.2,0.320000,0.671120
mnist_mlp_opb_beta_15_anchor_1,2,linf,0.25,0.210000,0.784173
mnist_mlp_opb_beta_15_anchor_1,2,linf,0.3,0.135000,0.861254
mnist_mlp_opb_beta_15_anchor_1,2,l2,1,0.932000,0.042138
mnist_mlp_opb_beta_15_anchor_1,2,l2,2,0.772000,0.206578
mnist_mlp_opb_beta_15_anchor_1,2,l2,3,0.514000,0.471737
mnist_mlp_opb_beta_15_anchor_1,2,l2,4,0.326000,0.664954
mnist_mlp_opb_beta_15_anchor_1,2,l2,5,0.194000,0.800617
mnist_mlp_opb_beta_15_anchor_1,2,l2,6,0.132000,0.864337
mnist_mlp_opb_beta_15_anchor_1,3,none,0,0.979000,
mnist_mlp_opb_beta_15_anchor_1,3,linf,0.05,0.924000,0.056180
mnist_mlp_opb_beta_15_anchor_1,3,linf,0.1,0.742000,0.242084
mnist_mlp_opb_beta_15_anchor_1,3,linf,0.15,0.475000,0.514811
mnist_mlp_opb_beta_15_anchor_1,3,linf,0.2,0.267000,0.727273
mnist_mlp_opb_beta_15_anchor_1,3,linf,0.25,0.152000,0.844740
mnist_mlp_opb_beta_15_anchor_1,3,linf,0.3,0.088000,0.910112
mnist_mlp_opb_beta_15_anchor_1,3,l2,1,0.926000,0.054137
mnist_mlp_opb_beta_15_anchor_1,3,l2,2,0.768000,0.215526
mnist_mlp_opb_beta_15_anchor_1,3,l2,3,0.476000,0.513790
mnist_mlp_opb_beta_15_anchor_1,3,l2,4,0.277000,0.717058
mnist_mlp_opb_beta_15_anchor_1,3,l2,5,0.145000,0.851890
mnist_mlp_opb_beta_15_anchor_1,3,l2,6,0.086000,0.912155
mnist_mlp_opb_beta_15_anchor_1,4,none,0,0.973000,
mnist_mlp_opb_beta_15_anchor_1,4,linf,0.05,0.915000,0.059609
mnist_mlp_opb_beta_15_anchor_1,4,linf,0.1,0.699000,0.281603
mnist_mlp_opb_beta_15_anchor_1,4,linf,0.15,0.370000,0.619733
mnist_mlp_opb_beta_15_anchor_1,4,linf,0.2,0.179000,0.816033
mnist_mlp_opb_beta_15_anchor_1,4,linf,0.25,0.080000,0.917780
mnist_mlp_opb_beta_15_anchor_1,4,linf,0.3,0.051000,0.947585
mnist_mlp_opb_beta_15_anchor_1,4,l2,1,0.917000,0.057554
mnist_mlp_opb_beta_15_anchor_1,4,l2,2,0.732000,0.247688
mnist_mlp_opb_beta_15_anchor_1,4,l2,3,0.393000,0.596095
mnist_mlp_opb_beta_15_anchor_1,4,l2,4,0.186000,0.808839
mnist_mlp_opb_beta_15_anchor_1,4,l2,5,0.084000,0.913669
mnist_mlp_opb_beta_15_anchor_1,4,l2,6,0.050000,0.948613
mnist_mlp_opb_beta_15_anchor_1,5,none,0,0.977000,
mnist_mlp_opb_beta_15_anchor_1,5,linf,0.05,0.936000,0.041965
mnist_mlp_opb_beta_15_anchor_1,5,linf,0.1,0.744000,0.238485
mnist_mlp_opb_beta_15_anchor_1,5,linf,0.15,0.531000,0.456500
mnist_mlp_opb_beta_15_anchor_1,5,linf,0.2,0.356000,0.635619
mnist_mlp_opb_beta_15_anchor_1,5,linf,0.25,0.218000,0.776868
mnist_mlp_opb_beta_15_anchor_1,5,linf,0.3,0.135000,0.861822
mnist_mlp_opb_beta_15_anchor_1,5,l2,1,0.938000,0.039918
mnist_mlp_opb_beta_15_anchor_1,5,l2,2,0.791000,0.190379
mnist_mlp_opb_beta_15_anchor_1,5,l2,3,0.530000,0.457523
mnist_mlp_opb_beta_15_anchor_1,5,l2,4,0.343000,0.648925
mnist_mlp_opb_beta_15_anchor_1,5,l2,5,0.196000,0.799386
mnist_mlp_opb_beta_15_anchor_1,5,l2,6,0.127000,0.870010
mnist_mlp_opb_beta_15_anchor_6,1,none,0,0.981000,
mnist_mlp_opb_beta_15_anchor_6,1,linf,0.05,0.924000,0.058104
mnist_mlp_opb_beta_15_anchor_6,1,linf,0.1,0.630000,0.357798
mnist_mlp_opb_beta_15_anchor_6,1,linf,0.15,0.358000,0.635066
mnist_mlp_opb_beta_15_anchor_6,1,linf,0.2,0.187000,0.809378
mnist_mlp_opb_beta_15_anchor_6,1,linf,0.25,0.088000,0.910296
mnist_mlp_opb_beta_15_anchor_6,1,linf,0.3,0.056000,0.942915
mnist_mlp_opb_beta_15_anchor_6,1,l2,1,0.928000,0.054027
mnist_mlp_opb_beta_15_anchor_6,1,l2,2,0.682000,0.304791
mnist_mlp_opb_beta_15_anchor_6,1,l2,3,0.354000,0.639144
mnist_mlp_opb_beta_15_anchor_6,1,l2,4,0.179000,0.817533
mnist_mlp_opb_beta_15_anchor_6,1,l2,5,0.090000,0.908257
mnist_mlp_opb_beta_15_anchor_6,1,l2,6,0.044000,0.955148
mnist_mlp_opb_beta_15_anchor_6,2,none,0,0.974000,
mnist_mlp_opb_beta_15_anchor_6,2,linf,0.05,0.925000,0.050308
mnist_mlp_opb_beta_15_anchor_6,2,linf,0.1,0.621000,0.362423
mnist_mlp_opb_beta_15_anchor_6,2,linf,0.15,0.378000,0.611910
mnist_mlp_opb_beta_15_anchor_6,2,linf,0.2,0.204000,0.790554
mnist_mlp_opb_beta_15_anchor_6,2,linf,0.25,0.105000,0.892197
mnist_mlp_opb_beta_15_anchor_6,2,linf,0.3,0.058000,0.940452
mnist_mlp_opb_beta_15_anchor_6,2,l2,1,0.932000,0.043121
mnist_mlp_opb_beta_15_anchor_6,2,l2,2,0.651000,0.331622
mnist_mlp_opb_beta_15_anchor_6,2,l2,3,0.391000,0.598563
mnist_mlp_opb_beta_15_anchor_6,2,l2,4,0.187000,0.808008
mnist_mlp_opb_beta_15_anchor_6,2,l2,5,0.092000,0.905544
mnist_mlp_opb_beta_15_anchor_6,2,l2,6,0.050000,0.948665
mnist_mlp_opb_beta_15_anchor_6,3,none,0,0.983000,
mnist_mlp_opb_beta_15_anchor_6,3,linf,0.05,0.912000,0.072228
mnist_mlp_opb_beta_15_anchor_6,3,linf,0.1,0.619000,0.370295
mnist_mlp_opb_beta_15_anchor_6,3,linf,0.15,0.387000,0.606307
mnist_mlp_opb_beta_15_anchor_6,3,linf,0.2,0.196000,0.800610
mnist_mlp_opb_beta_15_anchor_6,3,linf,0.25,0.114000,0.884028
mnist_mlp_opb_beta_15_anchor_6,3,linf,0.3,0.063000,0.935910
mnist_mlp_opb_beta_15_anchor_6,3,l2,1,0.922000,0.062055
mnist_mlp_opb_beta_15_anchor_6,3,l2,2,0.665000,0.323500
mnist_mlp_opb_beta_15_anchor_6,3,l2,3,0.382000,0.611394
mnist_mlp_opb_beta_15_anchor_6,3,l2,4,0.180000,0.816887
mnist_mlp_opb_beta_15_anchor_6,3,l2,5,0.102000,0.896236
mnist_mlp_opb_beta_15_anchor_6,3,l2,6,0.062000,0.936928
mnist_mlp_opb_beta_15_anchor_6,4,none,0,0.980000,
mnist_mlp_opb_beta_15_anchor_6,4,linf,0.05,0.922000,0.059184
mnist_mlp_opb_beta_15_anchor_6,4,linf,0.1,0.627000,0.360204
mnist_mlp_opb_beta_15_anchor_6,4,linf,0.15,0.373000,0.619388
mnist_mlp_opb_beta_15_anchor_6,4,linf,0.2,0.183000,0.813265
mnist_mlp_opb_beta_15_anchor_6,4,linf,0.25,0.099000,0.898980
mnist_mlp_opb_beta_15_anchor_6,4,linf,0.3,0.063000,0.935714
mnist_mlp_opb_beta_15_anchor_6,4,l2,1,0.931000,0.050000
mnist_mlp_opb_beta_15_anchor_6,4,l2,2,0.670000,0.316327
mnist_mlp_opb_beta_15_anchor_6,4,l2,3,0.368000,0.624490
mnist_mlp_opb_beta_15_anchor_6,4,l2,4,0.180000,0.816327
mnist_mlp_opb_beta_15_anchor_6,4,l2,5,0.080000,0.918367
mnist_mlp_opb_beta_15_anchor_6,4,l2,6,0.055000,0.943878
mnist_mlp_opb_beta_15_anchor_6,5,none,0,0.976000,
mnist_mlp_opb_beta_15_anchor_6,5,linf,0.05,0.918000,0.059426
mnist_mlp_opb_beta_15_anchor_6,5,linf,0.1,0.631000,0.353484
mnist_mlp_opb_beta_15_anchor_6,5,linf,0.15,0.383000,0.607582
mnist_mlp_opb_beta_15_anchor_6,5,linf,0.2,0.209000,0.785861
mnist_mlp_opb_beta_15_anchor_6,5,linf,0.25,0.119000,0.878074
mnist_mlp_opb_beta_15_anchor_6,5,linf,0.3,0.066000,0.932377
mnist_mlp_opb_beta_15_anchor_6,5,l2,1,0.926000,0.051230
mnist_mlp_opb_beta_15_anchor_6,5,l2,2,0.672000,0.311475
mnist_mlp_opb_beta_15_anchor_6,5,l2,3,0.388000,0.602459
mnist_mlp_opb_beta_15_anchor_6,5,l2,4,0.190000,0.805328
mnist_mlp_opb_beta_15_anchor_6,5,l2,5,0.094000,0.903689
mnist_mlp_opb_beta_15_anchor_6,5,l2,6,0.061000,0.937500
mnist_mlp_opb_beta_15_anchor_12,1,none,0,0.980000,
mnist_mlp_opb_beta_15_anchor_12,1,linf,0.05,0.923000,0.058163
mnist_mlp_opb_beta_15_anchor_12,1,linf,0.1,0.590000,0.397959
mnist_mlp_opb_beta_15_anchor_12,1,linf,0.15,0.309000,0.684694
mnist_mlp_opb_beta_15_anchor_12,1,linf,0.2,0.129000,0.868367
mnist_mlp_opb_beta_15_anchor_12,1,linf,0.25,0.057000,0.941837
mnist_mlp_opb_beta_15_anchor_12,1,linf,0.3,0.034000,0.965306
mnist_mlp_opb_beta_15_anchor_12,1,l2,1,0.930000,0.051020
mnist_mlp_opb_beta_15_anchor_12,1,l2,2,0.645000,0.341837
mnist_mlp_opb_beta_15_anchor_12,1,l2,3,0.334000,0.659184
mnist_mlp_opb_beta_15_anchor_12,1,l2,4,0.135000,0.862245
mnist_mlp_opb_beta_15_anchor_12,1,l2,5,0.062000,0.936735
mnist_mlp_opb_beta_15_anchor_12,1,l2,6,0.033000,0.966327
mnist_mlp_opb_beta_15_anchor_12,2,none,0,0.987000,
mnist_mlp_opb_beta_15_anchor_12,2,linf,0.05,0.918000,0.069909
mnist_mlp_opb_beta_15_anchor_12,2,linf,0.1,0.551000,0.441743
mnist_mlp_opb_beta_15_anchor_12,2,linf,0.15,0.287000,0.709220
mnist_mlp_opb_beta_15_anchor_12,2,linf,0.2,0.131000,0.867275
mnist_mlp_opb_beta_15_anchor_12,2,linf,0.25,0.054000,0.945289
mnist_mlp_opb_beta_15_anchor_12,2,linf,0.3,0.028000,0.971631
mnist_mlp_opb_beta_15_anchor_12,2,l2,1,0.924000,0.063830
mnist_mlp_opb_beta_15_anchor_12,2,l2,2,0.619000,0.372847
mnist_mlp_opb_beta_15_anchor_12,2,l2,3,0.312000,0.683891
mnist_mlp_opb_beta_15_anchor_12,2,l2,4,0.123000,0.875380
mnist_mlp_opb_beta_15_anchor_12,2,l2,5,0.053000,0.946302
mnist_mlp_opb_beta_15_anchor_12,2,l2,6,0.029000,0.970618
mnist_mlp_opb_beta_15_anchor_12,3,none,0,0.982000,
mnist_mlp_opb_beta_15_anchor_12,3,linf,0.05,0.917000,0.066191
mnist_mlp_opb_beta_15_anchor_12,3,linf,0.1,0.561000,0.428717
mnist_mlp_opb_beta_15_anchor_12,3,linf,0.15,0.306000,0.688391
mnist_mlp_opb_beta_15_anchor_12,3,linf,0.2,0.146000,0.851324
mnist_mlp_opb_beta_15_anchor_12,3,linf,0.25,0.069000,0.929735
mnist_mlp_opb_beta_15_anchor_12,3,linf,0.3,0.037000,0.962322
mnist_mlp_opb_beta_15_anchor_12,3,l2,1,0.926000,0.057026
mnist_mlp_opb_beta_15_anchor_12,3,l2,2,0.590000,0.399185
mnist_mlp_opb_beta_15_anchor_12,3,l2,3,0.318000,0.676171
mnist_mlp_opb_beta_15_anchor_12,3,l2,4,0.153000,0.844196
mnist_mlp_opb_beta_15_anchor_12,3,l2,5,0.073000,0.925662
mnist_mlp_opb_beta_15_anchor_12,3,l2,6,0.038000,0.961303
mnist_mlp_opb_beta_15_anchor_12,4,none,0,0.978000,
mnist_mlp_opb_beta_15_anchor_12,4,linf,0.05,0.894000,0.085890
mnist_mlp_opb_beta_15_anchor_12,4,linf,0.1,0.520000,0.468303
mnist_mlp_opb_beta_15_anchor_12,4,linf,0.15,0.261000,0.733129
mnist_mlp_opb_beta_15_anchor_12,4,linf,0.2,0.134000,0.862986
mnist_mlp_opb_beta_15_anchor_12,4,linf,0.25,0.058000,0.940695
mnist_mlp_opb_beta_15_anchor_12,4,linf,0.3,0.025000,0.974438
mnist_mlp_opb_beta_15_anchor_12,4,l2,1,0.908000,0.071575
mnist_mlp_opb_beta_15_anchor_12,4,l2,2,0.564000,0.423313
mnist_mlp_opb_beta_15_anchor_12,4,l2,3,0.288000,0.705521
mnist_mlp_opb_beta_15_anchor_12,4,l2,4,0.122000,0.875256
mnist_mlp_opb_beta_15_anchor_12,4,l2,5,0.061000,0.937628
mnist_mlp_opb_beta_15_anchor_12,4,l2,6,0.030000,0.969325
mnist_mlp_opb_beta_15_anchor_12,5,none,0,0.984000,
mnist_mlp_opb_beta_15_anchor_12,5,linf,0.05,0.916000,0.069106
mnist_mlp_opb_beta_15_anchor_12,5,linf,0.1,0.584000,0.406504
mnist_mlp_opb_beta_15_anchor_12,5,linf,0.15,0.326000,0.668699
mnist_mlp_opb_beta_15_anchor_12,5,linf,0.2,0.147000,0.850610
mnist_mlp_opb_beta_15_anchor_12,5,linf,0.25,0.069000,0.929878
mnist_mlp_opb_beta_15_anchor_12,5,linf,0.3,0.041000,0.958333
mnist_mlp_opb_beta_15_anchor_12,5,l2,1,0.926000,0.058943
mnist_mlp_opb_beta_15_anchor_12,5,l2,2,0.628000,0.361789
mnist_mlp_opb_beta_15_anchor_12,5,l2,3,0.336000,0.658537
mnist_mlp_opb_beta_15_anchor_12,5,l2,4,0.152000,0.845528
mnist_mlp_opb_beta_15_anchor_12,5,l2,5,0.082000,0.916667
mnist_mlp_opb_beta_15_anchor_12,5,l2,6,0.043000,0.956301
mnist_mlp_opb_beta_20_anchor_1,1,none,0,0.975000,
mnist_mlp_opb_beta_20_anchor_1,1,linf,0.05,0.888000,0.089231
mnist_mlp_opb_beta_20_anchor_1,1,linf,0.1,0.733000,0.248205
mnist_mlp_opb_beta_20_anchor_1,1,linf,0.15,0.512000,0.474872
mnist_mlp_opb_beta_20_anchor_1,1,linf,0.2,0.323000,0.668718
mnist_mlp_opb_beta_20_anchor_1,1,linf,0.25,0.213000,0.781538
mnist_mlp_opb_beta_20_anchor_1,1,linf,0.3,0.142000,0.854359
mnist_mlp_opb_beta_20_anchor_1,1,l2,1,0.895000,0.082051
mnist_mlp_opb_beta_20_anchor_1,1,l2,2,0.752000,0.228718
mnist_mlp_opb_beta_20_anchor_1,1,l2,3,0.550000,0.435897
mnist_mlp_opb_beta_20_anchor_1,1,l2,4,0.342000,0.649231
mnist_mlp_opb_beta_20_anchor_1,1,l2,5,0.227000,0.767179
mnist_mlp_opb_beta_20_anchor_1,1,l2,6,0.145000,0.851282
mnist_mlp_opb_beta_20_anchor_1,2,none,0,0.978000,
mnist_mlp_opb_beta_20_anchor_1,2,linf,0.05,0.926000,0.053170
mnist_mlp_opb_beta_20_anchor_1,2,linf,0.1,0.762000,0.220859
mnist_mlp_opb_beta_20_anchor_1,2,linf,0.15,0.507000,0.481595
mnist_mlp_opb_beta_20_anchor_1,2,linf,0.2,0.336000,0.656442
mnist_mlp_opb_beta_20_anchor_1,2,linf,0.25,0.213000,0.782209
mnist_mlp_opb_beta_20_anchor_1,2,linf,0.3,0.143000,0.853783
mnist_mlp_opb_beta_20_anchor_1,2,l2,1,0.930000,0.049080
mnist_mlp_opb_beta_20_anchor_1,2,l2,2,0.801000,0.180982
mnist_mlp_opb_beta_20_anchor_1,2,l2,3,0.539000,0.448875
mnist_mlp_opb_beta_20_anchor_1,2,l2,4,0.341000,0.651329
mnist_mlp_opb_beta_20_anchor_1,2,l2,5,0.207000,0.788344
mnist_mlp_opb_beta_20_anchor_1,2,l2,6,0.144000,0.852761
mnist_mlp_opb_beta_20_anchor_1,3,none,0,0.976000,
mnist_mlp_opb_beta_20_anchor_1,3,linf,0.05,0.920000,0.057377
mnist_mlp_opb_beta_20_anchor_1,3,linf,0.1,0.777000,0.203893
mnist_mlp_opb_beta_20_anchor_1,3,linf,0.15,0.471000,0.517418
mnist_mlp_opb_beta_20_anchor_1,3,linf,0.2,0.270000,0.723361
mnist_mlp_opb_beta_20_anchor_1,3,linf,0.25,0.148000,0.848361
mnist_mlp_opb_beta_20_anchor_1,3,linf,0.3,0.085000,0.912910
mnist_mlp_opb_beta_20_anchor_1,3,l2,1,0.922000,0.055328
mnist_mlp_opb_beta_20_anchor_1,3,l2,2,0.788000,0.192623
mnist_mlp_opb_beta_20_anchor_1,3,l2,3,0.505000,0.482582
mnist_mlp_opb_beta_20_anchor_1,3,l2,4,0.261000,0.732582
mnist_mlp_opb_beta_20_anchor_1,3,l2,5,0.138000,0.858607
mnist_mlp_opb_beta_20_anchor_1,3,l2,6,0.083000,0.914959
mnist_mlp_opb_beta_20_anchor_1,4,none,0,0.976000,
mnist_mlp_opb_beta_20_anchor_1,4,linf,0.05,0.912000,0.065574
mnist_mlp_opb_beta_20_anchor_1,4,linf,0.1,0.634000,0.350410
mnist_mlp_opb_beta_20_anchor_1,4,linf,0.15,0.401000,0.589139
mnist_mlp_opb_beta_20_anchor_1,4,linf,0.2,0.187000,0.808402
mnist_mlp_opb_beta_20_anchor_1,4,linf,0.25,0.090000,0.907787
mnist_mlp_opb_beta_20_anchor_1,4,linf,0.3,0.044000,0.954918
mnist_mlp_opb_beta_20_anchor_1,4,l2,1,0.914000,0.063525
mnist_mlp_opb_beta_20_anchor_1,4,l2,2,0.665000,0.318648
mnist_mlp_opb_beta_20_anchor_1,4,l2,3,0.406000,0.584016
mnist_mlp_opb_beta_20_anchor_1,4,l2,4,0.215000,0.779713
mnist_mlp_opb_beta_20_anchor_1,4,l2,5,0.095000,0.902664
mnist_mlp_opb_beta_20_anchor_1,4,l2,6,0.051000,0.947746
mnist_mlp_opb_beta_20_anchor_1,5,none,0,0.979000,
mnist_mlp_opb_beta_20_anchor_1,5,linf,0.05,0.936000,0.043922
mnist_mlp_opb_beta_20_anchor_1,5,linf,0.1,0.771000,0.212462
mnist_mlp_opb_beta_20_anchor_1,5,linf,0.15,0.525000,0.463739
mnist_mlp_opb_beta_20_anchor_1,5,linf,0.2,0.352000,0.640449
mnist_mlp_opb_beta_20_anchor_1,5,linf,0.25,0.233000,0.762002
mnist_mlp_opb_beta_20_anchor_1,5,linf,0.3,0.153000,0.843718
mnist_mlp_opb_beta_20_anchor_1,5,l2,1,0.936000,0.043922
mnist_mlp_opb_beta_20_anchor_1,5,l2,2,0.793000,0.189990
mnist_mlp_opb_beta_20_anchor_1,5,l2,3,0.545000,0.443309
mnist_mlp_opb_beta_20_anchor_1,5,l2,4,0.349000,0.643514
mnist_mlp_opb_beta_20_anchor_1,5,l2,5,0.213000,0.782431
mnist_mlp_opb_beta_20_anchor_1,5,l2,6,0.134000,0.863126
mnist_mlp_opb_beta_20_anchor_6,1,none,0,0.982000,
mnist_mlp_opb_beta_20_anchor_6,1,linf,0.05,0.901000,0.082485
mnist_mlp_opb_beta_20_anchor_6,1,linf,0.1,0.560000,0.429735
mnist_mlp_opb_beta_20_anchor_6,1,linf,0.15,0.293000,0.701629
mnist_mlp_opb_beta_20_anchor_6,1,linf,0.2,0.144000,0.853360
mnist_mlp_opb_beta_20_anchor_6,1,linf,0.25,0.085000,0.913442
mnist_mlp_opb_beta_20_anchor_6,1,linf,0.3,0.051000,0.948065
mnist_mlp_opb_beta_20_anchor_6,1,l2,1,0.915000,0.068228
mnist_mlp_opb_beta_20_anchor_6,1,l2,2,0.611000,0.377800
mnist_mlp_opb_beta_20_anchor_6,1,l2,3,0.317000,0.677189
mnist_mlp_opb_beta_20_anchor_6,1,l2,4,0.156000,0.841141
mnist_mlp_opb_beta_20_anchor_6,1,l2,5,0.074000,0.924644
mnist_mlp_opb_beta_20_anchor_6,1,l2,6,0.040000,0.959267
mnist_mlp_opb_beta_20_anchor_6,2,none,0,0.975000,
mnist_mlp_opb_beta_20_anchor_6,2,linf,0.05,0.919000,0.057436
mnist_mlp_opb_beta_20_anchor_6,2,linf,0.1,0.625000,0.358974
mnist_mlp_opb_beta_20_anchor_6,2,linf,0.15,0.371000,0.619487
mnist_mlp_opb_beta_20_anchor_6,2,linf,0.2,0.185000,0.810256
mnist_mlp_opb_beta_20_anchor_6,2,linf,0.25,0.098000,0.899487
mnist_mlp_opb_beta_20_anchor_6,2,linf,0.3,0.054000,0.944615
mnist_mlp_opb_beta_20_anchor_6,2,l2,1,0.924000,0.052308
mnist_mlp_opb_beta_20_anchor_6,2,l2,2,0.662000,0.321026
mnist_mlp_opb_beta_20_anchor_6,2,l2,3,0.386000,0.604103
mnist_mlp_opb_beta_20_anchor_6,2,l2,4,0.162000,0.833846
mnist_mlp_opb_beta_20_anchor_6,2,l2,5,0.089000,0.908718
mnist_mlp_opb_beta_20_anchor_6,2,l2,6,0.050000,0.948718
mnist_mlp_opb_beta_20_anchor_6,3,none,0,0.981000,
mnist_mlp_opb_beta_20_anchor_6,3,linf,0.05,0.919000,0.063201
mnist_mlp_opb_beta_20_anchor_6,3,linf,0.1,0.606000,0.382263
mnist_mlp_opb_beta_20_anchor_6,3,linf,0.15,0.384000,0.608563
mnist_mlp_opb_beta_20_anchor_6,3,linf,0.2,0.204000,0.792049
mnist_mlp_opb_beta_20_anchor_6,3,linf,0.25,0.115000,0.882773
mnist_mlp_opb_beta_20_anchor_6,3,linf,0.3,0.067000,0.931702
mnist_mlp_opb_beta_20_anchor_6,3,l2,1,0.927000,0.055046
mnist_mlp_opb_beta_20_anchor_6,3,l2,2,0.643000,0.344546
mnist_mlp_opb_beta_20_anchor_6,3,l2,3,0.365000,0.627931
mnist_mlp_opb_beta_20_anchor_6,3,l2,4,0.177000,0.819572
mnist_mlp_opb_beta_20_anchor_6,3,l2,5,0.104000,0.893986
mnist_mlp_opb_beta_20_anchor_6,3,l2,6,0.059000,0.939857
mnist_mlp_opb_beta_20_anchor_6,4,none,0,0.980000,
mnist_mlp_opb_beta_20_anchor_6,4,linf,0.05,0.921000,0.060204
mnist_mlp_opb_beta_20_anchor_6,4,linf,0.1,0.609000,0.378571
mnist_mlp_opb_beta_20_anchor_6,4,linf,0.15,0.338000,0.655102
mnist_mlp_opb_beta_20_anchor_6,4,linf,0.2,0.164000,0.832653
mnist_mlp_opb_beta_20_anchor_6,4,linf,0.25,0.092000,0.906122
mnist_mlp_opb_beta_20_anchor_6,4,linf,0.3,0.046000,0.953061
mnist_mlp_opb_beta_20_anchor_6,4,l2,1,0.930000,0.051020
mnist_mlp_opb_beta_20_anchor_6,4,l2,2,0.665000,0.321429
mnist_mlp_opb_beta_20_anchor_6,4,l2,3,0.347000,0.645918
mnist_mlp_opb_beta_20_anchor_6,4,l2,4,0.164000,0.832653
mnist_mlp_opb_beta_20_anchor_6,4,l2,5,0.074000,0.924490
mnist_mlp_opb_beta_20_anchor_6,4,l2,6,0.040000,0.959184
mnist_mlp_opb_beta_20_anchor_6,5,none,0,0.979000,
mnist_mlp_opb_beta_20_anchor_6,5,linf,0.05,0.910000,0.070480
mnist_mlp_opb_beta_20_anchor_6,5,linf,0.1,0.615000,0.371808
mnist_mlp_opb_beta_20_anchor_6,5,linf,0.15,0.375000,0.616956
mnist_mlp_opb_beta_20_anchor_6,5,linf,0.2,0.185000,0.811032
mnist_mlp_opb_beta_20_anchor_6,5,linf,0.25,0.108000,0.889683
mnist_mlp_opb_beta_20_anchor_6,5,linf,0.3,0.063000,0.935649
mnist_mlp_opb_beta_20_anchor_6,5,l2,1,0.920000,0.060266
mnist_mlp_opb_beta_20_anchor_6,5,l2,2,0.676000,0.309499
mnist_mlp_opb_beta_20_anchor_6,5,l2,3,0.380000,0.611849
mnist_mlp_opb_beta_20_anchor_6,5,l2,4,0.181000,0.815117
mnist_mlp_opb_beta_20_anchor_6,5,l2,5,0.091000,0.907048
mnist_mlp_opb_beta_20_anchor_6,5,l2,6,0.058000,0.940756
mnist_mlp_opb_beta_20_anchor_12,1,none,0,0.984000,
mnist_mlp_opb_beta_20_anchor_12,1,linf,0.05,0.899000,0.086382
mnist_mlp_opb_beta_20_anchor_12,1,linf,0.1,0.580000,0.410569
mnist_mlp_opb_beta_20_anchor_12,1,linf,0.15,0.308000,0.686992
mnist_mlp_opb_beta_20_anchor_12,1,linf,0.2,0.150000,0.847561
mnist_mlp_opb_beta_20_anchor_12,1,linf,0.25,0.072000,0.926829
mnist_mlp_opb_beta_20_anchor_12,1,linf,0.3,0.043000,0.956301
mnist_mlp_opb_beta_20_anchor_12,1,l2,1,0.923000,0.061992
mnist_mlp_opb_beta_20_anchor_12,1,l2,2,0.612000,0.378049
mnist_mlp_opb_beta_20_anchor_12,1,l2,3,0.328000,0.666667
mnist_mlp_opb_beta_20_anchor_12,1,l2,4,0.155000,0.842480
mnist_mlp_opb_beta_20_anchor_12,1,l2,5,0.077000,0.921748
mnist_mlp_opb_beta_20_anchor_12,1,l2,6,0.040000,0.959350
mnist_mlp_opb_beta_20_anchor_12,2,none,0,0.980000,
mnist_mlp_opb_beta_20_anchor_12,2,linf,0.05,0.914000,0.067347
mnist_mlp_opb_beta_20_anchor_12,2,linf,0.1,0.555000,0.433674
mnist_mlp_opb_beta_20_anchor_12,2,linf,0.15,0.296000,0.697959
mnist_mlp_opb_beta_20_anchor_12,2,linf,0.2,0.126000,0.871429
mnist_mlp_opb_beta_20_anchor_12,2,linf,0.25,0.057000,0.941837
mnist_mlp_opb_beta_20_anchor_12,2,linf,0.3,0.030000,0.969388
mnist_mlp_opb_beta_20_anchor_12,2,l2,1,0.917000,0.064286
mnist_mlp_opb_beta_20_anchor_12,2,l2,2,0.615000,0.372449
mnist_mlp_opb_beta_20_anchor_12,2,l2,3,0.311000,0.682653
mnist_mlp_opb_beta_20_anchor_12,2,l2,4,0.127000,0.870408
mnist_mlp_opb_beta_20_anchor_12,2,l2,5,0.064000,0.934694
mnist_mlp_opb_beta_20_anchor_12,2,l2,6,0.030000,0.969388
mnist_mlp_opb_beta_20_anchor_12,3,none,0,0.979000,
mnist_mlp_opb_beta_20_anchor_12,3,linf,0.05,0.915000,0.065373
mnist_mlp_opb_beta_20_anchor_12,3,linf,0.1,0.563000,0.424923
mnist_mlp_opb_beta_20_anchor_12,3,linf,0.15,0.302000,0.691522
mnist_mlp_opb_beta_20_anchor_12,3,linf,0.2,0.146000,0.850868
mnist_mlp_opb_beta_20_anchor_12,3,linf,0.25,0.075000,0.923391
mnist_mlp_opb_beta_20_anchor_12,3,linf,0.3,0.042000,0.957099
mnist_mlp_opb_beta_20_anchor_12,3,l2,1,0.928000,0.052094
mnist_mlp_opb_beta_20_anchor_12,3,l2,2,0.618000,0.368744
mnist_mlp_opb_beta_20_anchor_12,3,l2,3,0.317000,0.676200
mnist_mlp_opb_beta_20_anchor_12,3,l2,4,0.152000,0.844740
mnist_mlp_opb_beta_20_anchor_12,3,l2,5,0.081000,0.917263
mnist_mlp_opb_beta_20_anchor_12,3,l2,6,0.044000,0.955056
mnist_mlp_opb_beta_20_anchor_12,4,none,0,0.979000,
mnist_mlp_opb_beta_20_anchor_12,4,linf,0.05,0.904000,0.076609
mnist_mlp_opb_beta_20_anchor_12,4,linf,0.1,0.549000,0.439224
mnist_mlp_opb_beta_20_anchor_12,4,linf,0.15,0.288000,0.705822
mnist_mlp_opb_beta_20_anchor_12,4,linf,0.2,0.131000,0.866190
mnist_mlp_opb_beta_20_anchor_12,4,linf,0.25,0.059000,0.939734
mnist_mlp_opb_beta_20_anchor_12,4,linf,0.3,0.033000,0.966292
mnist_mlp_opb_beta_20_anchor_12,4,l2,1,0.912000,0.068437
mnist_mlp_opb_beta_20_anchor_12,4,l2,2,0.584000,0.403473
mnist_mlp_opb_beta_20_anchor_12,4,l2,3,0.295000,0.698672
mnist_mlp_opb_beta_20_anchor_12,4,l2,4,0.131000,0.866190
mnist_mlp_opb_beta_20_anchor_12,4,l2,5,0.060000,0.938713
mnist_mlp_opb_beta_20_anchor_12,4,l2,6,0.034000,0.965271
mnist_mlp_opb_beta_20_anchor_12,5,none,0,0.982000,
mnist_mlp_opb_beta_20_anchor_12,5,linf,0.05,0.904000,0.079430
mnist_mlp_opb_beta_20_anchor_12,5,linf,0.1,0.550000,0.439919
mnist_mlp_opb_beta_20_anchor_12,5,linf,0.15,0.273000,0.721996
mnist_mlp_opb_beta_20_anchor_12,5,linf,0.2,0.130000,0.867617
mnist_mlp_opb_beta_20_anchor_12,5,linf,0.25,0.061000,0.937882
mnist_mlp_opb_beta_20_anchor_12,5,linf,0.3,0.029000,0.970468
mnist_mlp_opb_beta_20_anchor_12,5,l2,1,0.912000,0.071283
mnist_mlp_opb_beta_20_anchor_12,5,l2,2,0.588000,0.401222
mnist_mlp_opb_beta_20_anchor_12,5,l2,3,0.307000,0.687373
mnist_mlp_opb_beta_20_anchor_12,5,l2,4,0.132000,0.865580
mnist_mlp_opb_beta_20_anchor_12,5,l2,5,0.068000,0.930754
mnist_mlp_opb_beta_20_anchor_12,5,l2,6,0.032000,0.967413
mnist_mlp_opb_beta_25_anchor_1,1,none,0,0.974000,
mnist_mlp_opb_beta_25_anchor_1,1,linf,0.05,0.886000,0.090349
mnist_mlp_opb_beta_25_anchor_1,1,linf,0.1,0.738000,0.242300
mnist_mlp_opb_beta_25_anchor_1,1,linf,0.15,0.502000,0.484600
mnist_mlp_opb_beta_25_anchor_1,1,linf,0.2,0.303000,0.688912
mnist_mlp_opb_beta_25_anchor_1,1,linf,0.25,0.191000,0.803901
mnist_mlp_opb_beta_25_anchor_1,1,linf,0.3,0.137000,0.859343
mnist_mlp_opb_beta_25_anchor_1,1,l2,1,0.897000,0.079055
mnist_mlp_opb_beta_25_anchor_1,1,l2,2,0.756000,0.223819
mnist_mlp_opb_beta_25_anchor_1,1,l2,3,0.521000,0.465092
mnist_mlp_opb_beta_25_anchor_1,1,l2,4,0.315000,0.676591
mnist_mlp_opb_beta_25_anchor_1,1,l2,5,0.198000,0.796715
mnist_mlp_opb_beta_25_anchor_1,1,l2,6,0.149000,0.847023
mnist_mlp_opb_beta_25_anchor_1,2,none,0,0.971000,
mnist_mlp_opb_beta_25_anchor_1,2,linf,0.05,0.919000,0.053553
mnist_mlp_opb_beta_25_anchor_1,2,linf,0.1,0.723000,0.255407
mnist_mlp_opb_beta_25_anchor_1,2,linf,0.15,0.465000,0.521112
mnist_mlp_opb_beta_25_anchor_1,2,linf,0.2,0.314000,0.676622
mnist_mlp_opb_beta_25_anchor_1,2,linf,0.25,0.203000,0.790937
mnist_mlp_opb_beta_25_anchor_1,2,linf,0.3,0.143000,0.852729
mnist_mlp_opb_beta_25_anchor_1,2,l2,1,0.919000,0.053553
mnist_mlp_opb_beta_25_anchor_1,2,l2,2,0.773000,0.203913
mnist_mlp_opb_beta_25_anchor_1,2,l2,3,0.498000,0.487127
mnist_mlp_opb_beta_25_anchor_1,2,l2,4,0.303000,0.687951
mnist_mlp_opb_beta_25_anchor_1,2,l2,5,0.212000,0.781668
mnist_mlp_opb_beta_25_anchor_1,2,l2,6,0.123000,0.873326
mnist_mlp_opb_beta_25_anchor_1,3,none,0,0.972000,
mnist_mlp_opb_beta_25_anchor_1,3,linf,0.05,0.922000,0.051440
mnist_mlp_opb_beta_25_anchor_1,3,linf,0.1,0.768000,0.209877
mnist_mlp_opb_beta_25_anchor_1,3,linf,0.15,0.498000,0.487654
mnist_mlp_opb_beta_25_anchor_1,3,linf,0.2,0.299000,0.692387
mnist_mlp_opb_beta_25_anchor_1,3,linf,0.25,0.176000,0.818930
mnist_mlp_opb_beta_25_anchor_1,3,linf,0.3,0.086000,0.911523
mnist_mlp_opb_beta_25_anchor_1,3,l2,1,0.925000,0.048354
mnist_mlp_opb_beta_25_anchor_1,3,l2,2,0.792000,0.185185
mnist_mlp_opb_beta_25_anchor_1,3,l2,3,0.516000,0.469136
mnist_mlp_opb_beta_25_anchor_1,3,l2,4,0.293000,0.698560
mnist_mlp_opb_beta_25_anchor_1,3,l2,5,0.169000,0.826132
mnist_mlp_opb_beta_25_anchor_1,3,l2,6,0.089000,0.908436
mnist_mlp_opb_beta_25_anchor_1,4,none,0,0.974000,
mnist_mlp_opb_beta_25_anchor_1,4,linf,0.05,0.905000,0.070842
mnist_mlp_opb_beta_25_anchor_1,4,linf,0.1,0.640000,0.342916
mnist_mlp_opb_beta_25_anchor_1,4,linf,0.15,0.406000,0.583162
mnist_mlp_opb_beta_25_anchor_1,4,linf,0.2,0.211000,0.783368
mnist_mlp_opb_beta_25_anchor_1,4,linf,0.25,0.109000,0.888090
mnist_mlp_opb_beta_25_anchor_1,4,linf,0.3,0.060000,0.938398
mnist_mlp_opb_beta_25_anchor_1,4,l2,1,0.911000,0.064682
mnist_mlp_opb_beta_25_anchor_1,4,l2,2,0.682000,0.299795
mnist_mlp_opb_beta_25_anchor_1,4,l2,3,0.419000,0.569815
mnist_mlp_opb_beta_25_anchor_1,4,l2,4,0.228000,0.765914
mnist_mlp_opb_beta_25_anchor_1,4,l2,5,0.112000,0.885010
mnist_mlp_opb_beta_25_anchor_1,4,l2,6,0.064000,0.934292
mnist_mlp_opb_beta_25_anchor_1,5,none,0,0.977000,
mnist_mlp_opb_beta_25_anchor_1,5,linf,0.05,0.937000,0.040942
mnist_mlp_opb_beta_25_anchor_1,5,linf,0.1,0.797000,0.184237
mnist_mlp_opb_beta_25_anchor_1,5,linf,0.15,0.547000,0.440123
mnist_mlp_opb_beta_25_anchor_1,5,linf,0.2,0.390000,0.600819
mnist_mlp_opb_beta_25_anchor_1,5,linf,0.25,0.252000,0.742068
mnist_mlp_opb_beta_25_anchor_1,5,linf,0.3,0.167000,0.829069
mnist_mlp_opb_beta_25_anchor_1,5,l2,1,0.935000,0.042989
mnist_mlp_opb_beta_25_anchor_1,5,l2,2,0.806000,0.175026
mnist_mlp_opb_beta_25_anchor_1,5,l2,3,0.563000,0.423746
mnist_mlp_opb_beta_25_anchor_1,5,l2,4,0.377000,0.614125
mnist_mlp_opb_beta_25_anchor_1,5,l2,5,0.237000,0.757421
mnist_mlp_opb_beta_25_anchor_1,5,l2,6,0.161000,0.835210
mnist_mlp_opb_beta_25_anchor_6,1,none,0,0.984000,
mnist_mlp_opb_beta_25_anchor_6,1,linf,0.05,0.919000,0.066057
mnist_mlp_opb_beta_25_anchor_6,1,linf,0.1,0.607000,0.383130
mnist_mlp_opb_beta_25_anchor_6,1,linf,0.15,0.326000,0.668699
mnist_mlp_opb_beta_25_anchor_6,1,linf,0.2,0.150000,0.847561
mnist_mlp_opb_beta_25_anchor_6,1,linf,0.25,0.076000,0.922764
mnist_mlp_opb_beta_25_anchor_6,1,linf,0.3,0.041000,0.958333
mnist_mlp_opb_beta_25_anchor_6,1,l2,1,0.918000,0.067073
mnist_mlp_opb_beta_25_anchor_6,1,l2,2,0.642000,0.347561
mnist_mlp_opb_beta_25_anchor_6,1,l2,3,0.333000,0.661585
mnist_mlp_opb_beta_25_anchor_6,1,l2,4,0.155000,0.842480
mnist_mlp_opb_beta_25_anchor_6,1,l2,5,0.068000,0.930894
mnist_mlp_opb_beta_25_anchor_6,1,l2,6,0.039000,0.960366
mnist_mlp_opb_beta_25_anchor_6,2,none,0,0.977000,
mnist_mlp_opb_beta_25_anchor_6,2,linf,0.05,0.916000,0.062436
mnist_mlp_opb_beta_25_anchor_6,2,linf,0.1,0.624000,0.361310
mnist_mlp_opb_beta_25_anchor_6,2,linf,0.15,0.353000,0.638690
mnist_mlp_opb_beta_25_anchor_6,2,linf,0.2,0.179000,0.816786
mnist_mlp_opb_beta_25_anchor_6,2,linf,0.25,0.095000,0.902764
mnist_mlp_opb_beta_25_anchor_6,2,linf,0.3,0.050000,0.948823
mnist_mlp_opb_beta_25_anchor_6,2,l2,1,0.924000,0.054248
mnist_mlp_opb_beta_25_anchor_6,2,l2,2,0.680000,0.303992
mnist_mlp_opb_beta_25_anchor_6,2,l2,3,0.373000,0.618219
mnist_mlp_opb_beta_25_anchor_6,2,l2,4,0.165000,0.831116
mnist_mlp_opb_beta_25_anchor_6,2,l2,5,0.083000,0.915046
mnist_mlp_opb_beta_25_anchor_6,2,l2,6,0.047000,0.951894
mnist_mlp_opb_beta_25_anchor_6,3,none,0,0.982000,
mnist_mlp_opb_beta_25_anchor_6,3,linf,0.05,0.924000,0.059063
mnist_mlp_opb_beta_25_anchor_6,3,linf,0.1,0.661000,0.326884
mnist_mlp_opb_beta_25_anchor_6,3,linf,0.15,0.365000,0.628310
mnist_mlp_opb_beta_25_anchor_6,3,linf,0.2,0.182000,0.814664
mnist_mlp_opb_beta_25_anchor_6,3,linf,0.25,0.096000,0.902240
mnist_mlp_opb_beta_25_anchor_6,3,linf,0.3,0.056000,0.942974
mnist_mlp_opb_beta_25_anchor_6,3,l2,1,0.930000,0.052953
mnist_mlp_opb_beta_25_anchor_6,3,l2,2,0.729000,0.257637
mnist_mlp_opb_beta_25_anchor_6,3,l2,3,0.354000,0.639511
mnist_mlp_opb_beta_25_anchor_6,3,l2,4,0.167000,0.829939
mnist_mlp_opb_beta_25_anchor_6,3,l2,5,0.076000,0.922607
mnist_mlp_opb_beta_25_anchor_6,3,l2,6,0.052000,0.947047
mnist_mlp_opb_beta_25_anchor_6,4,none,0,0.980000,
mnist_mlp_opb_beta_25_anchor_6,4,linf,0.05,0.921000,0.060204
mnist_mlp_opb_beta_25_anchor_6,4,linf,0.1,0.607000,0.380612
mnist_mlp_opb_beta_25_anchor_6,4,linf,0.15,0.338000,0.655102
mnist_mlp_opb_beta_25_anchor_6,4,linf,0.2,0.172000,0.824490
mnist_mlp_opb_beta_25_anchor_6,4,linf,0.25,0.088000,0.910204
mnist_mlp_opb_beta_25_anchor_6,4,linf,0.3,0.051000,0.947959
mnist_mlp_opb_beta_25_anchor_6,4,l2,1,0.934000,0.046939
mnist_mlp_opb_beta_25_anchor_6,4,l2,2,0.657000,0.329592
mnist_mlp_opb_beta_25_anchor_6,4,l2,3,0.344000,0.648980
mnist_mlp_opb_beta_25_anchor_6,4,l2,4,0.153000,0.843878
mnist_mlp_opb_beta_25_anchor_6,4,l2,5,0.083000,0.915306
mnist_mlp_opb_beta_25_anchor_6,4,l2,6,0.041000,0.958163
mnist_mlp_opb_beta_25_anchor_6,5,none,0,0.976000,
mnist_mlp_opb_beta_25_anchor_6,5,linf,0.05,0.921000,0.056352
mnist_mlp_opb_beta_25_anchor_6,5,linf,0.1,0.653000,0.330943
mnist_mlp_opb_beta_25_anchor_6,5,linf,0.15,0.397000,0.593238
mnist_mlp_opb_beta_25_anchor_6,5,linf,0.2,0.232000,0.762295
mnist_mlp_opb_beta_25_anchor_6,5,linf,0.25,0.115000,0.882172
mnist_mlp_opb_beta_25_anchor_6,5,linf,0.3,0.065000,0.933402
mnist_mlp_opb_beta_25_anchor_6,5,l2,1,0.924000,0.053279
mnist_mlp_opb_beta_25_anchor_6,5,l2,2,0.693000,0.289959
mnist_mlp_opb_beta_25_anchor_6,5,l2,3,0.403000,0.587090
mnist_mlp_opb_beta_25_anchor_6,5,l2,4,0.215000,0.779713
mnist_mlp_opb_beta_25_anchor_6,5,l2,5,0.101000,0.896516
mnist_mlp_opb_beta_25_anchor_6,5,l2,6,0.057000,0.941598
mnist_mlp_opb_beta_25_anchor_12,1,none,0,0.984000,
mnist_mlp_opb_beta_25_anchor_12,1,linf,0.05,0.913000,0.072155
mnist_mlp_opb_beta_25_anchor_12,1,linf,0.1,0.565000,0.425813
mnist_mlp_opb_beta_25_anchor_12,1,linf,0.15,0.291000,0.704268
mnist_mlp_opb_beta_25_anchor_12,1,linf,0.2,0.145000,0.852642
mnist_mlp_opb_beta_25_anchor_12,1,linf,0.25,0.061000,0.938008
mnist_mlp_opb_beta_25_anchor_12,1,linf,0.3,0.032000,0.967480
mnist_mlp_opb_beta_25_anchor_12,1,l2,1,0.918000,0.067073
mnist_mlp_opb_beta_25_anchor_12,1,l2,2,0.622000,0.367886
mnist_mlp_opb_beta_25_anchor_12,1,l2,3,0.305000,0.690041
mnist_mlp_opb_beta_25_anchor_12,1,l2,4,0.143000,0.854675
mnist_mlp_opb_beta_25_anchor_12,1,l2,5,0.059000,0.940041
mnist_mlp_opb_beta_25_anchor_12,1,l2,6,0.034000,0.965447
mnist_mlp_opb_beta_25_anchor_12,2,none,0,0.980000,
mnist_mlp_opb_beta_25_anchor_12,2,linf,0.05,0.918000,0.063265
mnist_mlp_opb_beta_25_anchor_12,2,linf,0.1,0.542000,0.446939
mnist_mlp_opb_beta_25_anchor_12,2,linf,0.15,0.270000,0.724490
mnist_mlp_opb_beta_25_anchor_12,2,linf,0.2,0.113000,0.884694
mnist_mlp_opb_beta_25_anchor_12,2,linf,0.25,0.052000,0.946939
mnist_mlp_opb_beta_25_anchor_12,2,linf,0.3,0.027000,0.972449
mnist_mlp_opb_beta_25_anchor_12,2,l2,1,0.922000,0.059184
mnist_mlp_opb_beta_25_anchor_12,2,l2,2,0.581000,0.407143
mnist_mlp_opb_beta_25_anchor_12,2,l2,3,0.293000,0.701020
mnist_mlp_opb_beta_25_anchor_12,2,l2,4,0.117000,0.880612
mnist_mlp_opb_beta_25_anchor_12,2,l2,5,0.054000,0.944898
mnist_mlp_opb_beta_25_anchor_12,2,l2,6,0.030000,0.969388
mnist_mlp_opb_beta_25_anchor_12,3,none,0,0.981000,
mnist_mlp_opb_beta_25_anchor_12,3,linf,0.05,0.916000,0.066259
mnist_mlp_opb_beta_25_anchor_12,3,linf,0.1,0.563000,0.426096
mnist_mlp_opb_beta_25_anchor_12,3,linf,0.15,0.301000,0.693170
mnist_mlp_opb_beta_25_anchor_12,3,linf,0.2,0.148000,0.849134
mnist_mlp_opb_beta_25_anchor_12,3,linf,0.25,0.076000,0.922528
mnist_mlp_opb_beta_25_anchor_12,3,linf,0.3,0.037000,0.962283
mnist_mlp_opb_beta_25_anchor_12,3,l2,1,0.922000,0.060143
mnist_mlp_opb_beta_25_anchor_12,3,l2,2,0.625000,0.362895
mnist_mlp_opb_beta_25_anchor_12,3,l2,3,0.335000,0.658512
mnist_mlp_opb_beta_25_anchor_12,3,l2,4,0.156000,0.840979
mnist_mlp_opb_beta_25_anchor_12,3,l2,5,0.075000,0.923547
mnist_mlp_opb_beta_25_anchor_12,3,l2,6,0.040000,0.959225
mnist_mlp_opb_beta_25_anchor_12,4,none,0,0.979000,
mnist_mlp_opb_beta_25_anchor_12,4,linf,0.05,0.900000,0.080695
mnist_mlp_opb_beta_25_anchor_12,4,linf,0.1,0.529000,0.459653
mnist_mlp_opb_beta_25_anchor_12,4,linf,0.15,0.257000,0.737487
mnist_mlp_opb_beta_25_anchor_12,4,linf,0.2,0.122000,0.875383
mnist_mlp_opb_beta_25_anchor_12,4,linf,0.25,0.066000,0.932584
mnist_mlp_opb_beta_25_anchor_12,4,linf,0.3,0.037000,0.962206
mnist_mlp_opb_beta_25_anchor_12,4,l2,1,0.919000,0.061287
mnist_mlp_opb_beta_25_anchor_12,4,l2,2,0.567000,0.420838
mnist_mlp_opb_beta_25_anchor_12,4,l2,3,0.278000,0.716037
mnist_mlp_opb_beta_25_anchor_12,4,l2,4,0.130000,0.867211
mnist_mlp_opb_beta_25_anchor_12,4,l2,5,0.055000,0.943820
mnist_mlp_opb_beta_25_anchor_12,4,l2,6,0.032000,0.967314
mnist_mlp_opb_beta_25_anchor_12,5,none,0,0.979000,
mnist_mlp_opb_beta_25_anchor_12,5,linf,0.05,0.918000,0.062308
mnist_mlp_opb_beta_25_anchor_12,5,linf,0.1,0.562000,0.425945
mnist_mlp_opb_beta_25_anchor_12,5,linf,0.15,0.291000,0.702758
mnist_mlp_opb_beta_25_anchor_12,5,linf,0.2,0.145000,0.851890
mnist_mlp_opb_beta_25_anchor_12,5,linf,0.25,0.076000,0.922370
mnist_mlp_opb_beta_25_anchor_12,5,linf,0.3,0.042000,0.957099
mnist_mlp_opb_beta_25_anchor_12,5,l2,1,0.923000,0.057201
mnist_mlp_opb_beta_25_anchor_12,5,l2,2,0.609000,0.377937
mnist_mlp_opb_beta_25_anchor_12,5,l2,3,0.310000,0.683350
mnist_mlp_opb_beta_25_anchor_12,5,l2,4,0.139000,0.858018
mnist_mlp_opb_beta_25_anchor_12,5,l2,5,0.068000,0.930541
mnist_mlp_opb_beta_25_anchor_12,5,l2,6,0.035000,0.964249
mnist_mlp→mnist_mlp_ceb_beta_0.1,1,none,0,0.981000,
mnist_mlp→mnist_mlp_ceb_beta_0.1,1,linf,0.05,0.957000,0.024465
mnist_mlp→mnist_mlp_ceb_beta_0.1,1,linf,0.1,0.903000,0.079511
mnist_mlp→mnist_mlp_ceb_beta_0.1,1,linf,0.15,0.807000,0.177370
mnist_mlp→mnist_mlp_ceb_beta_0.1,1,linf,0.2,0.647000,0.340469
mnist_mlp→mnist_mlp_ceb_beta_0.1,1,linf,0.25,0.469000,0.521916
mnist_mlp→mnist_mlp_ceb_beta_0.1,1,linf,0.3,0.347000,0.646279
mnist_mlp→mnist_mlp_ceb_beta_0.1,1,l2,1,0.956000,0.025484
mnist_mlp→mnist_mlp_ceb_beta_0.1,1,l2,2,0.892000,0.090724
mnist_mlp→mnist_mlp_ceb_beta_0.1,1,l2,3,0.789000,0.195719
mnist_mlp→mnist_mlp_ceb_beta_0.1,1,l2,4,0.590000,0.398573
mnist_mlp→mnist_mlp_ceb_beta_0.1,1,l2,5,0.376000,0.616718
mnist_mlp→mnist_mlp_ceb_beta_0.1,1,l2,6,0.241000,0.754332
mnist_mlp→mnist_mlp_ceb_beta_0.1,2,none,0,0.975000,
mnist_mlp→mnist_mlp_ceb_beta_0.1,2,linf,0.05,0.957000,0.018462
mnist_mlp→mnist_mlp_ceb_beta_0.1,2,linf,0.1,0.886000,0.091282
mnist_mlp→mnist_mlp_ceb_beta_0.1,2,linf,0.15,0.737000,0.244103
mnist_mlp→mnist_mlp_ceb_beta_0.1,2,linf,0.2,0.599000,0.385641
mnist_mlp→mnist_mlp_ceb_beta_0.1,2,linf,0.25,0.471000,0.516923
mnist_mlp→mnist_mlp_ceb_beta_0.1,2,linf,0.3,0.353000,0.637949
mnist_mlp→mnist_mlp_ceb_beta_0.1,2,l2,1,0.952000,0.023590
mnist_mlp→mnist_mlp_ceb_beta_0.1,2,l2,2,0.887000,0.090256
mnist_mlp→mnist_mlp_ceb_beta_0.1,2,l2,3,0.734000,0.247180
mnist_mlp→mnist_mlp_ceb_beta_0.1,2,l2,4,0.551000,0.434872
mnist_mlp→mnist_mlp_ceb_beta_0.1,2,l2,5,0.373000,0.617436
mnist_mlp→mnist_mlp_ceb_beta_0.1,2,l2,6,0.237000,0.756923
mnist_mlp→mnist_mlp_ceb_beta_0.1,3,none,0,0.980000,
mnist_mlp→mnist_mlp_ceb_beta_0.1,3,linf,0.05,0.959000,0.021429
mnist_mlp→mnist_mlp_ceb_beta_0.1,3,linf,0.1,0.908000,0.073469
mnist_mlp→mnist_mlp_ceb_beta_0.1,3,linf,0.15,0.781000,0.203061
mnist_mlp→mnist_mlp_ceb_beta_0.1,3,linf,0.2,0.600000,0.387755
mnist_mlp→mnist_mlp_ceb_beta_0.1,3,linf,0.25,0.465000,0.525510
mnist_mlp→mnist_mlp_ceb_beta_0.1,3,linf,0.3,0.355000,0.637755
mnist_mlp→mnist_mlp_ceb_beta_0.1,3,l2,1,0.956000,0.024490
mnist_mlp→mnist_mlp_ceb_beta_0.1,3,l2,2,0.900000,0.081633
mnist_mlp→mnist_mlp_ceb_beta_0.1,3,l2,3,0.756000,0.228571
mnist_mlp→mnist_mlp_ceb_beta_0.1,3,l2,4,0.562000,0.426531
mnist_mlp→mnist_mlp_ceb_beta_0.1,3,l2,5,0.386000,0.606122
mnist_mlp→mnist_mlp_ceb_beta_0.1,3,l2,6,0.270000,0.724490
mnist_mlp→mnist_mlp_ceb_beta_0.1,4,none,0,0.975000,
mnist_mlp→mnist_mlp_ceb_beta_0.1,4,linf,0.05,0.956000,0.019487
mnist_mlp→mnist_mlp_ceb_beta_0.1,4,linf,0.1,0.903000,0.073846
mnist_mlp→mnist_mlp_ceb_beta_0.1,4,linf,0.15,0.797000,0.182564
mnist_mlp→mnist_mlp_ceb_beta_0.1,4,linf,0.2,0.654000,0.329231
mnist_mlp→mnist_mlp_ceb_beta_0.1,4,linf,0.25,0.520000,0.466667
mnist_mlp→mnist_mlp_ceb_beta_0.1,4,linf,0.3,0.401000,0.589744
mnist_mlp→mnist_mlp_ceb_beta_0.1,4,l2,1,0.955000,0.020513
mnist_mlp→mnist_mlp_ceb_beta_0.1,4,l2,2,0.895000,0.082051
mnist_mlp→mnist_mlp_ceb_beta_0.1,4,l2,3,0.791000,0.188718
mnist_mlp→mnist_mlp_ceb_beta_0.1,4,l2,4,0.587000,0.397949
mnist_mlp→mnist_mlp_ceb_beta_0.1,4,l2,5,0.425000,0.564103
mnist_mlp→mnist_mlp_ceb_beta_0.1,4,l2,6,0.306000,0.686154
mnist_mlp→mnist_mlp_ceb_beta_0.1,5,none,0,0.977000,
mnist_mlp→mnist_mlp_ceb_beta_0.1,5,linf,0.05,0.957000,0.020471
mnist_mlp→mnist_mlp_ceb_beta_0.1,5,linf,0.1,0.914000,0.064483
mnist_mlp→mnist_mlp_ceb_beta_0.1,5,linf,0.15,0.794000,0.187308
mnist_mlp→mnist_mlp_ceb_beta_0.1,5,linf,0.2,0.673000,0.311157
mnist_mlp→mnist_mlp_ceb_beta_0.1,5,linf,0.25,0.556000,0.430911
mnist_mlp→mnist_mlp_ceb_beta_0.1,5,linf,0.3,0.443000,0.546571
mnist_mlp→mnist_mlp_ceb_beta_0.1,5,l2,1,0.955000,0.022518
mnist_mlp→mnist_mlp_ceb_beta_0.1,5,l2,2,0.909000,0.069601
mnist_mlp→mnist_mlp_ceb_beta_0.1,5,l2,3,0.799000,0.182190
mnist_mlp→mnist_mlp_ceb_beta_0.1,5,l2,4,0.659000,0.325486
mnist_mlp→mnist_mlp_ceb_beta_0.1,5,l2,5,0.517000,0.470829
mnist_mlp→mnist_mlp_ceb_beta_0.1,5,l2,6,0.429000,0.560901
mnist_mlp→mnist_mlp_opb_beta_0.1_anchor_12,1,none,0,0.986000,
mnist_mlp→mnist_mlp_opb_beta_0.1_anchor_12,1,linf,0.05,0.960000,0.026369
mnist_mlp→mnist_mlp_opb_beta_0.1_anchor_12,1,linf,0.1,0.902000,0.085193
mnist_mlp→mnist_mlp_opb_beta_0.1_anchor_12,1,linf,0.15,0.750000,0.239351
mnist_mlp→mnist_mlp_opb_beta_0.1_anchor_12,1,linf,0.2,0.515000,0.477688
mnist_mlp→mnist_mlp_opb_beta_0.1_anchor_12,1,linf,0.25,0.341000,0.654158
mnist_mlp→mnist_mlp_opb_beta_0.1_anchor_12,1,linf,0.3,0.227000,0.769777
mnist_mlp→mnist_mlp_opb_beta_0.1_anchor_12,1,l2,1,0.959000,0.027383
mnist_mlp→mnist_mlp_opb_beta_0.1_anchor_12,1,l2,2,0.888000,0.099392
mnist_mlp→mnist_mlp_opb_beta_0.1_anchor_12,1,l2,3,0.725000,0.264706
mnist_mlp→mnist_mlp_opb_beta_0.1_anchor_12,1,l2,4,0.467000,0.526369
mnist_mlp→mnist_mlp_opb_beta_0.1_anchor_12,1,l2,5,0.289000,0.706897
mnist_mlp→mnist_mlp_opb_beta_0.1_anchor_12,1,l2,6,0.170000,0.827586
mnist_mlp→mnist_mlp_opb_beta_0.1_anchor_12,2,none,0,0.983000,
mnist_mlp→mnist_mlp_opb_beta_0.1_anchor_12,2,linf,0.05,0.960000,0.023398
mnist_mlp→mnist_mlp_opb_beta_0.1_anchor_12,2,linf,0.1,0.888000,0.096643
mnist_mlp→mnist_mlp_opb_beta_0.1_anchor_12,2,linf,0.15,0.754000,0.232960
mnist_mlp→mnist_mlp_opb_beta_0.1_anchor_12,2,linf,0.2,0.540000,0.450661
mnist_mlp→mnist_mlp_opb_beta_0.1_anchor_12,2,linf,0.25,0.367000,0.626653
mnist_mlp→mnist_mlp_opb_beta_0.1_anchor_12,2,linf,0.3,0.216000,0.780264
mnist_mlp→mnist_mlp_opb_beta_0.1_anchor_12,2,l2,1,0.957000,0.026450
mnist_mlp→mnist_mlp_opb_beta_0.1_anchor_12,2,l2,2,0.877000,0.107833
mnist_mlp→mnist_mlp_opb_beta_0.1_anchor_12,2,l2,3,0.724000,0.263479
mnist_mlp→mnist_mlp_opb_beta_0.1_anchor_12,2,l2,4,0.522000,0.468973
mnist_mlp→mnist_mlp_opb_beta_0.1_anchor_12,2,l2,5,0.309000,0.685656
mnist_mlp→mnist_mlp_opb_beta_0.1_anchor_12,2,l2,6,0.171000,0.826043
mnist_mlp→mnist_mlp_opb_beta_0.1_anchor_12,3,none,0,0.983000,
mnist_mlp→mnist_mlp_opb_beta_0.1_anchor_12,3,linf,0.05,0.959000,0.024415
mnist_mlp→mnist_mlp_opb_beta_0.1_anchor_12,3,linf,0.1,0.899000,0.085453
mnist_mlp→mnist_mlp_opb_beta_0.1_anchor_12,3,linf,0.15,0.734000,0.253306
mnist_mlp→mnist_mlp_opb_beta_0.1_anchor_12,3,linf,0.2,0.496000,0.495422
mnist_mlp→mnist_mlp_opb_beta_0.1_anchor_12,3,linf,0.25,0.346000,0.648016
mnist_mlp→mnist_mlp_opb_beta_0.1_anchor_12,3,linf,0.3,0.210000,0.786368
mnist_mlp→mnist_mlp_opb_beta_0.1_anchor_12,3,l2,1,0.960000,0.023398
mnist_mlp→mnist_mlp_opb_beta_0.1_anchor_12,3,l2,2,0.879000,0.105799
mnist_mlp→mnist_mlp_opb_beta_0.1_anchor_12,3,l2,3,0.716000,0.271617
mnist_mlp→mnist_mlp_opb_beta_0.1_anchor_12,3,l2,4,0.477000,0.514751
mnist_mlp→mnist_mlp_opb_beta_0.1_anchor_12,3,l2,5,0.297000,0.697864
mnist_mlp→mnist_mlp_opb_beta_0.1_anchor_12,3,l2,6,0.184000,0.812818
mnist_mlp→mnist_mlp_opb_beta_0.1_anchor_12,4,none,0,0.985000,
mnist_mlp→mnist_mlp_opb_beta_0.1_anchor_12,4,linf,0.05,0.957000,0.028426
mnist_mlp→mnist_mlp_opb_beta_0.1_anchor_12,4,linf,0.1,0.886000,0.100508
mnist_mlp→mnist_mlp_opb_beta_0.1_anchor_12,4,linf,0.15,0.715000,0.274112
mnist_mlp→mnist_mlp_opb_beta_0.1_anchor_12,4,linf,0.2,0.514000,0.478173
mnist_mlp→mnist_mlp_opb_beta_0.1_anchor_12,4,linf,0.25,0.346000,0.648731
mnist_mlp→mnist_mlp_opb_beta_0.1_anchor_12,4,linf,0.3,0.211000,0.785787
mnist_mlp→mnist_mlp_opb_beta_0.1_anchor_12,4,l2,1,0.950000,0.035533
mnist_mlp→mnist_mlp_opb_beta_0.1_anchor_12,4,l2,2,0.879000,0.107614
mnist_mlp→mnist_mlp_opb_beta_0.1_anchor_12,4,l2,3,0.701000,0.288325
mnist_mlp→mnist_mlp_opb_beta_0.1_anchor_12,4,l2,4,0.452000,0.541117
mnist_mlp→mnist_mlp_opb_beta_0.1_anchor_12,4,l2,5,0.312000,0.683249
mnist_mlp→mnist_mlp_opb_beta_0.1_anchor_12,4,l2,6,0.199000,0.797970
mnist_mlp→mnist_mlp_opb_beta_0.1_anchor_12,5,none,0,0.978000,
mnist_mlp→mnist_mlp_opb_beta_0.1_anchor_12,5,linf,0.05,0.963000,0.015337
mnist_mlp→mnist_mlp_opb_beta_0.1_anchor_12,5,linf,0.1,0.896000,0.083845
mnist_mlp→mnist_mlp_opb_beta_0.1_anchor_12,5,linf,0.15,0.721000,0.262781
mnist_mlp→mnist_mlp_opb_beta_0.1_anchor_12,5,linf,0.2,0.543000,0.444785
mnist_mlp→mnist_mlp_opb_beta_0.1_anchor_12,5,linf,0.25,0.369000,0.622699
mnist_mlp→mnist_mlp_opb_beta_0.1_anchor_12,5,linf,0.3,0.251000,0.743354
mnist_mlp→mnist_mlp_opb_beta_0.1_anchor_12,5,l2,1,0.959000,0.019427
mnist_mlp→mnist_mlp_opb_beta_0.1_anchor_12,5,l2,2,0.879000,0.101227
mnist_mlp→mnist_mlp_opb_beta_0.1_anchor_12,5,l2,3,0.734000,0.249489
mnist_mlp→mnist_mlp_opb_beta_0.1_anchor_12,5,l2,4,0.535000,0.452965
mnist_mlp→mnist_mlp_opb_beta_0.1_anchor_12,5,l2,5,0.388000,0.603272
mnist_mlp→mnist_mlp_opb_beta_0.1_anchor_12,5,l2,6,0.309000,0.684049
mnist_mlp_ceb_beta_0.1→mnist_mlp,1,none,0,0.981000,
mnist_mlp_ceb_beta_0.1→mnist_mlp,1,linf,0.05,0.960000,0.021407
mnist_mlp_ceb_beta_0.1→mnist_mlp,1,linf,0.1,0.935000,0.046891
mnist_mlp_ceb_beta_0.1→mnist_mlp,1,linf,0.15,0.882000,0.100917
mnist_mlp_ceb_beta_0.1→mnist_mlp,1,linf,0.2,0.829000,0.154944
mnist_mlp_ceb_beta_0.1→mnist_mlp,1,linf,0.25,0.765000,0.220183
mnist_mlp_ceb_beta_0.1→mnist_mlp,1,linf,0.3,0.693000,0.293578
mnist_mlp_ceb_beta_0.1→mnist_mlp,1,l2,1,0.958000,0.023445
mnist_mlp_ceb_beta_0.1→mnist_mlp,1,l2,2,0.924000,0.058104
mnist_mlp_ceb_beta_0.1→mnist_mlp,1,l2,3,0.847000,0.136595
mnist_mlp_ceb_beta_0.1→mnist_mlp,1,l2,4,0.763000,0.222222
mnist_mlp_ceb_beta_0.1→mnist_mlp,1,l2,5,0.682000,0.304791
mnist_mlp_ceb_beta_0.1→mnist_mlp,1,l2,6,0.587000,0.401631
mnist_mlp_ceb_beta_0.1→mnist_mlp,2,none,0,0.980000,
mnist_mlp_ceb_beta_0.1→mnist_mlp,2,linf,0.05,0.963000,0.017347
mnist_mlp_ceb_beta_0.1→mnist_mlp,2,linf,0.1,0.929000,0.052041
mnist_mlp_ceb_beta_0.1→mnist_mlp,2,linf,0.15,0.881000,0.101020
mnist_mlp_ceb_beta_0.1→mnist_mlp,2,linf,0.2,0.813000,0.170408
mnist_mlp_ceb_beta_0.1→mnist_mlp,2,linf,0.25,0.720000,0.265306
mnist_mlp_ceb_beta_0.1→mnist_mlp,2,linf,0.3,0.635000,0.352041
mnist_mlp_ceb_beta_0.1→mnist_mlp,2,l2,1,0.960000,0.020408
mnist_mlp_ceb_beta_0.1→mnist_mlp,2,l2,2,0.922000,0.059184
mnist_mlp_ceb_beta_0.1→mnist_mlp,2,l2,3,0.852000,0.130612
mnist_mlp_ceb_beta_0.1→mnist_mlp,2,l2,4,0.740000,0.244898
mnist_mlp_ceb_beta_0.1→mnist_mlp,2,l2,5,0.617000,0.370408
mnist_mlp_ceb_beta_0.1→mnist_mlp,2,l2,6,0.515000,0.474490
mnist_mlp_ceb_beta_0.1→mnist_mlp,3,none,0,0.980000,
mnist_mlp_ceb_beta_0.1→mnist_mlp,3,linf,0.05,0.967000,0.013265
mnist_mlp_ceb_beta_0.1→mnist_mlp,3,linf,0.1,0.936000,0.044898
mnist_mlp_ceb_beta_0.1→mnist_mlp,3,linf,0.15,0.884000,0.097959
mnist_mlp_ceb_beta_0.1→mnist_mlp,3,linf,0.2,0.824000,0.159184
mnist_mlp_ceb_beta_0.1→mnist_mlp,3,linf,0.25,0.757000,0.227551
mnist_mlp_ceb_beta_0.1→mnist_mlp,3,linf,0.3,0.712000,0.273469
mnist_mlp_ceb_beta_0.1→mnist_mlp,3,l2,1,0.966000,0.014286
mnist_mlp_ceb_beta_0.1→mnist_mlp,3,l2,2,0.926000,0.055102
mnist_mlp_ceb_beta_0.1→mnist_mlp,3,l2,3,0.848000,0.134694
mnist_mlp_ceb_beta_0.1→mnist_mlp,3,l2,4,0.773000,0.211224
mnist_mlp_ceb_beta_0.1→mnist_mlp,3,l2,5,0.677000,0.309184
mnist_mlp_ceb_beta_0.1→mnist_mlp,3,l2,6,0.579000,0.409184
mnist_mlp_ceb_beta_0.1→mnist_mlp,4,none,0,0.988000,
mnist_mlp_ceb_beta_0.1→mnist_mlp,4,linf,0.05,0.966000,0.022267
mnist_mlp_ceb_beta_0.1→mnist_mlp,4,linf,0.1,0.937000,0.051619
mnist_mlp_ceb_beta_0.1→mnist_mlp,4,linf,0.15,0.874000,0.115385
mnist_mlp_ceb_beta_0.1→mnist_mlp,4,linf,0.2,0.795000,0.195344
mnist_mlp_ceb_beta_0.1→mnist_mlp,4,linf,0.25,0.705000,0.286437
mnist_mlp_ceb_beta_0.1→mnist_mlp,4,linf,0.3,0.591000,0.401822
mnist_mlp_ceb_beta_0.1→mnist_mlp,4,l2,1,0.959000,0.029352
mnist_mlp_ceb_beta_0.1→mnist_mlp,4,l2,2,0.928000,0.060729
mnist_mlp_ceb_beta_0.1→mnist_mlp,4,l2,3,0.843000,0.146761
mnist_mlp_ceb_beta_0.1→mnist_mlp,4,l2,4,0.731000,0.260121
mnist_mlp_ceb_beta_0.1→mnist_mlp,4,l2,5,0.597000,0.395749
mnist_mlp_ceb_beta_0.1→mnist_mlp,4,l2,6,0.481000,0.513158
mnist_mlp_ceb_beta_0.1→mnist_mlp,5,none,0,0.979000,
mnist_mlp_ceb_beta_0.1→mnist_mlp,5,linf,0.05,0.962000,0.017365
mnist_mlp_ceb_beta_0.1→mnist_mlp,5,linf,0.1,0.929000,0.051072
mnist_mlp_ceb_beta_0.1→mnist_mlp,5,linf,0.15,0.864000,0.117467
mnist_mlp_ceb_beta_0.1→mnist_mlp,5,linf,0.2,0.770000,0.213483
mnist_mlp_ceb_beta_0.1→mnist_mlp,5,linf,0.25,0.654000,0.331971
mnist_mlp_ceb_beta_0.1→mnist_mlp,5,linf,0.3,0.524000,0.464760
mnist_mlp_ceb_beta_0.1→mnist_mlp,5,l2,1,0.959000,0.020429
mnist_mlp_ceb_beta_0.1→mnist_mlp,5,l2,2,0.919000,0.061287
mnist_mlp_ceb_beta_0.1→mnist_mlp,5,l2,3,0.831000,0.151175
mnist_mlp_ceb_beta_0.1→mnist_mlp,5,l2,4,0.714000,0.270684
mnist_mlp_ceb_beta_0.1→mnist_mlp,5,l2,5,0.550000,0.438202
mnist_mlp_ceb_beta_0.1→mnist_mlp,5,l2,6,0.418000,0.573034
mnist_mlp_ceb_beta_0.1→mnist_mlp_opb_beta_0.1_anchor_12,1,none,0,0.986000,
mnist_mlp_ceb_beta_0.1→mnist_mlp_opb_beta_0.1_anchor_12,1,linf,0.05,0.966000,0.020284
mnist_mlp_ceb_beta_0.1→mnist_mlp_opb_beta_0.1_anchor_12,1,linf,0.1,0.934000,0.052738
mnist_mlp_ceb_beta_0.1→mnist_mlp_opb_beta_0.1_anchor_12,1,linf,0.15,0.799000,0.189655
mnist_mlp_ceb_beta_0.1→mnist_mlp_opb_beta_0.1_anchor_12,1,linf,0.2,0.665000,0.325558
mnist_mlp_ceb_beta_0.1→mnist_mlp_opb_beta_0.1_anchor_12,1,linf,0.25,0.563000,0.429006
mnist_mlp_ceb_beta_0.1→mnist_mlp_opb_beta_0.1_anchor_12,1,linf,0.3,0.487000,0.506085
mnist_mlp_ceb_beta_0.1→mnist_mlp_opb_beta_0.1_anchor_12,1,l2,1,0.964000,0.022312
mnist_mlp_ceb_beta_0.1→mnist_mlp_opb_beta_0.1_anchor_12,1,l2,2,0.924000,0.062880
mnist_mlp_ceb_beta_0.1→mnist_mlp_opb_beta_0.1_anchor_12,1,l2,3,0.803000,0.185598
mnist_mlp_ceb_beta_0.1→mnist_mlp_opb_beta_0.1_anchor_12,1,l2,4,0.619000,0.372211
mnist_mlp_ceb_beta_0.1→mnist_mlp_opb_beta_0.1_anchor_12,1,l2,5,0.511000,0.481744
mnist_mlp_ceb_beta_0.1→mnist_mlp_opb_beta_0.1_anchor_12,1,l2,6,0.389000,0.605477
mnist_mlp_ceb_beta_0.1→mnist_mlp_opb_beta_0.1_anchor_12,2,none,0,0.983000,
mnist_mlp_ceb_beta_0.1→mnist_mlp_opb_beta_0.1_anchor_12,2,linf,0.05,0.963000,0.020346
mnist_mlp_ceb_beta_0.1→mnist_mlp_opb_beta_0.1_anchor_12,2,linf,0.1,0.913000,0.071211
mnist_mlp_ceb_beta_0.1→mnist_mlp_opb_beta_0.1_anchor_12,2,linf,0.15,0.828000,0.157681
mnist_mlp_ceb_beta_0.1→mnist_mlp_opb_beta_0.1_anchor_12,2,linf,0.2,0.699000,0.288911
mnist_mlp_ceb_beta_0.1→mnist_mlp_opb_beta_0.1_anchor_12,2,linf,0.25,0.576000,0.414039
mnist_mlp_ceb_beta_0.1→mnist_mlp_opb_beta_0.1_anchor_12,2,linf,0.3,0.488000,0.503561
mnist_mlp_ceb_beta_0.1→mnist_mlp_opb_beta_0.1_anchor_12,2,l2,1,0.963000,0.020346
mnist_mlp_ceb_beta_0.1→mnist_mlp_opb_beta_0.1_anchor_12,2,l2,2,0.911000,0.073245
mnist_mlp_ceb_beta_0.1→mnist_mlp_opb_beta_0.1_anchor_12,2,l2,3,0.812000,0.173957
mnist_mlp_ceb_beta_0.1→mnist_mlp_opb_beta_0.1_anchor_12,2,l2,4,0.666000,0.322482
mnist_mlp_ceb_beta_0.1→mnist_mlp_opb_beta_0.1_anchor_12,2,l2,5,0.505000,0.486267
mnist_mlp_ceb_beta_0.1→mnist_mlp_opb_beta_0.1_anchor_12,2,l2,6,0.375000,0.618515
mnist_mlp_ceb_beta_0.1→mnist_mlp_opb_beta_0.1_anchor_12,3,none,0,0.983000,
mnist_mlp_ceb_beta_0.1→mnist_mlp_opb_beta_0.1_anchor_12,3,linf,0.05,0.967000,0.016277
mnist_mlp_ceb_beta_0.1→mnist_mlp_opb_beta_0.1_anchor_12,3,linf,0.1,0.934000,0.049847
mnist_mlp_ceb_beta_0.1→mnist_mlp_opb_beta_0.1_anchor_12,3,linf,0.15,0.801000,0.185148
mnist_mlp_ceb_beta_0.1→mnist_mlp_opb_beta_0.1_anchor_12,3,linf,0.2,0.712000,0.275687
mnist_mlp_ceb_beta_0.1→mnist_mlp_opb_beta_0.1_anchor_12,3,linf,0.25,0.625000,0.364191
mnist_mlp_ceb_beta_0.1→mnist_mlp_opb_beta_0.1_anchor_12,3,linf,0.3,0.541000,0.449644
mnist_mlp_ceb_beta_0.1→mnist_mlp_opb_beta_0.1_anchor_12,3,l2,1,0.966000,0.017294
mnist_mlp_ceb_beta_0.1→mnist_mlp_opb_beta_0.1_anchor_12,3,l2,2,0.922000,0.062055
mnist_mlp_ceb_beta_0.1→mnist_mlp_opb_beta_0.1_anchor_12,3,l2,3,0.797000,0.189217
mnist_mlp_ceb_beta_0.1→mnist_mlp_opb_beta_0.1_anchor_12,3,l2,4,0.660000,0.328586
mnist_mlp_ceb_beta_0.1→mnist_mlp_opb_beta_0.1_anchor_12,3,l2,5,0.538000,0.452696
mnist_mlp_ceb_beta_0.1→mnist_mlp_opb_beta_0.1_anchor_12,3,l2,6,0.416000,0.576806
mnist_mlp_ceb_beta_0.1→mnist_mlp_opb_beta_0.1_anchor_12,4,none,0,0.985000,
mnist_mlp_ceb_beta_0.1→mnist_mlp_opb_beta_0.1_anchor_12,4,linf,0.05,0.963000,0.022335
mnist_mlp_ceb_beta_0.1→mnist_mlp_opb_beta_0.1_anchor_12,4,linf,0.1,0.919000,0.067005
mnist_mlp_ceb_beta_0.1→mnist_mlp_opb_beta_0.1_anchor_12,4,linf,0.15,0.795000,0.192893
mnist_mlp_ceb_beta_0.1→mnist_mlp_opb_beta_0.1_anchor_12,4,linf,0.2,0.670000,0.319797
mnist_mlp_ceb_beta_0.1→mnist_mlp_opb_beta_0.1_anchor_12,4,linf,0.25,0.565000,0.426396
mnist_mlp_ceb_beta_0.1→mnist_mlp_opb_beta_0.1_anchor_12,4,linf,0.3,0.467000,0.525888
mnist_mlp_ceb_beta_0.1→mnist_mlp_opb_beta_0.1_anchor_12,4,l2,1,0.963000,0.022335
mnist_mlp_ceb_beta_0.1→mnist_mlp_opb_beta_0.1_anchor_12,4,l2,2,0.911000,0.075127
mnist_mlp_ceb_beta_0.1→mnist_mlp_opb_beta_0.1_anchor_12,4,l2,3,0.774000,0.214213
mnist_mlp_ceb_beta_0.1→mnist_mlp_opb_beta_0.1_anchor_12,4,l2,4,0.603000,0.387817
mnist_mlp_ceb_beta_0.1→mnist_mlp_opb_beta_0.1_anchor_12,4,l2,5,0.475000,0.517766
mnist_mlp_ceb_beta_0.1→mnist_mlp_opb_beta_0.1_anchor_12,4,l2,6,0.366000,0.628426
mnist_mlp_ceb_beta_0.1→mnist_mlp_opb_beta_0.1_anchor_12,5,none,0,0.978000,
mnist_mlp_ceb_beta_0.1→mnist_mlp_opb_beta_0.1_anchor_12,5,linf,0.05,0.968000,0.010225
mnist_mlp_ceb_beta_0.1→mnist_mlp_opb_beta_0.1_anchor_12,5,linf,0.1,0.910000,0.069530
mnist_mlp_ceb_beta_0.1→mnist_mlp_opb_beta_0.1_anchor_12,5,linf,0.15,0.732000,0.251534
mnist_mlp_ceb_beta_0.1→mnist_mlp_opb_beta_0.1_anchor_12,5,linf,0.2,0.617000,0.369121
mnist_mlp_ceb_beta_0.1→mnist_mlp_opb_beta_0.1_anchor_12,5,linf,0.25,0.488000,0.501023
mnist_mlp_ceb_beta_0.1→mnist_mlp_opb_beta_0.1_anchor_12,5,linf,0.3,0.391000,0.600204
mnist_mlp_ceb_beta_0.1→mnist_mlp_opb_beta_0.1_anchor_12,5,l2,1,0.966000,0.012270
mnist_mlp_ceb_beta_0.1→mnist_mlp_opb_beta_0.1_anchor_12,5,l2,2,0.907000,0.072597
mnist_mlp_ceb_beta_0.1→mnist_mlp_opb_beta_0.1_anchor_12,5,l2,3,0.754000,0.229039
mnist_mlp_ceb_beta_0.1→mnist_mlp_opb_beta_0.1_anchor_12,5,l2,4,0.557000,0.430470
mnist_mlp_ceb_beta_0.1→mnist_mlp_opb_beta_0.1_anchor_12,5,l2,5,0.414000,0.576687
mnist_mlp_ceb_beta_0.1→mnist_mlp_opb_beta_0.1_anchor_12,5,l2,6,0.278000,0.715746
mnist_mlp_opb_beta_0.1_anchor_12→mnist_mlp,1,none,0,0.981000,
mnist_mlp_opb_beta_0.1_anchor_12→mnist_mlp,1,linf,0.05,0.949000,0.032620
mnist_mlp_opb_beta_0.1_anchor_12→mnist_mlp,1,linf,0.1,0.912000,0.070336
mnist_mlp_opb_beta_0.1_anchor_12→mnist_mlp,1,linf,0.15,0.808000,0.176351
mnist_mlp_opb_beta_0.1_anchor_12→mnist_mlp,1,linf,0.2,0.684000,0.302752
mnist_mlp_opb_beta_0.1_anchor_12→mnist_mlp,1,linf,0.25,0.537000,0.452599
mnist_mlp_opb_beta_0.1_anchor_12→mnist_mlp,1,linf,0.3,0.401000,0.591233
mnist_mlp_opb_beta_0.1_anchor_12→mnist_mlp,1,l2,1,0.948000,0.033639
mnist_mlp_opb_beta_0.1_anchor_12→mnist_mlp,1,l2,2,0.902000,0.080530
mnist_mlp_opb_beta_0.1_anchor_12→mnist_mlp,1,l2,3,0.811000,0.173293
mnist_mlp_opb_beta_0.1_anchor_12→mnist_mlp,1,l2,4,0.708000,0.278287
mnist_mlp_opb_beta_0.1_anchor_12→mnist_mlp,1,l2,5,0.601000,0.387360
mnist_mlp_opb_beta_0.1_anchor_12→mnist_mlp,1,l2,6,0.506000,0.484200
mnist_mlp_opb_beta_0.1_anchor_12→mnist_mlp,2,none,0,0.980000,
mnist_mlp_opb_beta_0.1_anchor_12→mnist_mlp,2,linf,0.05,0.958000,0.022449
mnist_mlp_opb_beta_0.1_anchor_12→mnist_mlp,2,linf,0.1,0.897000,0.084694
mnist_mlp_opb_beta_0.1_anchor_12→mnist_mlp,2,linf,0.15,0.760000,0.224490
mnist_mlp_opb_beta_0.1_anchor_12→mnist_mlp,2,linf,0.2,0.549000,0.439796
mnist_mlp_opb_beta_0.1_anchor_12→mnist_mlp,2,linf,0.25,0.402000,0.589796
mnist_mlp_opb_beta_0.1_anchor_12→mnist_mlp,2,linf,0.3,0.296000,0.697959
mnist_mlp_opb_beta_0.1_anchor_12→mnist_mlp,2,l2,1,0.960000,0.020408
mnist_mlp_opb_beta_0.1_anchor_12→mnist_mlp,2,l2,2,0.927000,0.054082
mnist_mlp_opb_beta_0.1_anchor_12→mnist_mlp,2,l2,3,0.895000,0.086735
mnist_mlp_opb_beta_0.1_anchor_12→mnist_mlp,2,l2,4,0.882000,0.100000
mnist_mlp_opb_beta_0.1_anchor_12→mnist_mlp,2,l2,5,0.871000,0.111225
mnist_mlp_opb_beta_0.1_anchor_12→mnist_mlp,2,l2,6,0.854000,0.128571
mnist_mlp_opb_beta_0.1_anchor_12→mnist_mlp,3,none,0,0.980000,
mnist_mlp_opb_beta_0.1_anchor_12→mnist_mlp,3,linf,0.05,0.959000,0.021429
mnist_mlp_opb_beta_0.1_anchor_12→mnist_mlp,3,linf,0.1,0.886000,0.095918
mnist_mlp_opb_beta_0.1_anchor_12→mnist_mlp,3,linf,0.15,0.746000,0.238776
mnist_mlp_opb_beta_0.1_anchor_12→mnist_mlp,3,linf,0.2,0.576000,0.412245
mnist_mlp_opb_beta_0.1_anchor_12→mnist_mlp,3,linf,0.25,0.407000,0.584694
mnist_mlp_opb_beta_0.1_anchor_12→mnist_mlp,3,linf,0.3,0.252000,0.742857
mnist_mlp_opb_beta_0.1_anchor_12→mnist_mlp,3,l2,1,0.960000,0.020408
mnist_mlp_opb_beta_0.1_anchor_12→mnist_mlp,3,l2,2,0.932000,0.048980
mnist_mlp_opb_beta_0.1_anchor_12→mnist_mlp,3,l2,3,0.920000,0.061225
mnist_mlp_opb_beta_0.1_anchor_12→mnist_mlp,3,l2,4,0.916000,0.065306
mnist_mlp_opb_beta_0.1_anchor_12→mnist_mlp,3,l2,5,0.903000,0.078571
mnist_mlp_opb_beta_0.1_anchor_12→mnist_mlp,3,l2,6,0.905000,0.076531
mnist_mlp_opb_beta_0.1_anchor_12→mnist_mlp,4,none,0,0.988000,
mnist_mlp_opb_beta_0.1_anchor_12→mnist_mlp,4,linf,0.05,0.950000,0.038462
mnist_mlp_opb_beta_0.1_anchor_12→mnist_mlp,4,linf,0.1,0.894000,0.095142
mnist_mlp_opb_beta_0.1_anchor_12→mnist_mlp,4,linf,0.15,0.737000,0.254049
mnist_mlp_opb_beta_0.1_anchor_12→mnist_mlp,4,linf,0.2,0.526000,0.467611
mnist_mlp_opb_beta_0.1_anchor_12→mnist_mlp,4,linf,0.25,0.357000,0.638664
mnist_mlp_opb_beta_0.1_anchor_12→mnist_mlp,4,linf,0.3,0.227000,0.770243
mnist_mlp_opb_beta_0.1_anchor_12→mnist_mlp,4,l2,1,0.960000,0.028340
mnist_mlp_opb_beta_0.1_anchor_12→mnist_mlp,4,l2,2,0.935000,0.053644
mnist_mlp_opb_beta_0.1_anchor_12→mnist_mlp,4,l2,3,0.923000,0.065789
mnist_mlp_opb_beta_0.1_anchor_12→mnist_mlp,4,l2,4,0.916000,0.072874
mnist_mlp_opb_beta_0.1_anchor_12→mnist_mlp,4,l2,5,0.915000,0.073887
mnist_mlp_opb_beta_0.1_anchor_12→mnist_mlp,4,l2,6,0.907000,0.081984
mnist_mlp_opb_beta_0.1_anchor_12→mnist_mlp,5,none,0,0.979000,
mnist_mlp_opb_beta_0.1_anchor_12→mnist_mlp,5,linf,0.05,0.954000,0.025536
mnist_mlp_opb_beta_0.1_anchor_12→mnist_mlp,5,linf,0.1,0.896000,0.084780
mnist_mlp_opb_beta_0.1_anchor_12→mnist_mlp,5,linf,0.15,0.769000,0.215526
mnist_mlp_opb_beta_0.1_anchor_12→mnist_mlp,5,linf,0.2,0.577000,0.410623
mnist_mlp_opb_beta_0.1_anchor_12→mnist_mlp,5,linf,0.25,0.411000,0.580184
mnist_mlp_opb_beta_0.1_anchor_12→mnist_mlp,5,linf,0.3,0.287000,0.706844
mnist_mlp_opb_beta_0.1_anchor_12→mnist_mlp,5,l2,1,0.954000,0.025536
mnist_mlp_opb_beta_0.1_anchor_12→mnist_mlp,5,l2,2,0.924000,0.056180
mnist_mlp_opb_beta_0.1_anchor_12→mnist_mlp,5,l2,3,0.889000,0.092952
mnist_mlp_opb_beta_0.1_anchor_12→mnist_mlp,5,l2,4,0.883000,0.098059
mnist_mlp_opb_beta_0.1_anchor_12→mnist_mlp,5,l2,5,0.872000,0.109295
mnist_mlp_opb_beta_0.1_anchor_12→mnist_mlp,5,l2,6,0.866000,0.115424
mnist_mlp_opb_beta_0.1_anchor_12→mnist_mlp_ceb_beta_0.1,1,none,0,0.981000,
mnist_mlp_opb_beta_0.1_anchor_12→mnist_mlp_ceb_beta_0.1,1,linf,0.05,0.954000,0.027523
mnist_mlp_opb_beta_0.1_anchor_12→mnist_mlp_ceb_beta_0.1,1,linf,0.1,0.899000,0.083588
mnist_mlp_opb_beta_0.1_anchor_12→mnist_mlp_ceb_beta_0.1,1,linf,0.15,0.735000,0.250765
mnist_mlp_opb_beta_0.1_anchor_12→mnist_mlp_ceb_beta_0.1,1,linf,0.2,0.565000,0.424057
mnist_mlp_opb_beta_0.1_anchor_12→mnist_mlp_ceb_beta_0.1,1,linf,0.25,0.440000,0.551478
mnist_mlp_opb_beta_0.1_anchor_12→mnist_mlp_ceb_beta_0.1,1,linf,0.3,0.327000,0.666667
mnist_mlp_opb_beta_0.1_anchor_12→mnist_mlp_ceb_beta_0.1,1,l2,1,0.954000,0.027523
mnist_mlp_opb_beta_0.1_anchor_12→mnist_mlp_ceb_beta_0.1,1,l2,2,0.900000,0.082569
mnist_mlp_opb_beta_0.1_anchor_12→mnist_mlp_ceb_beta_0.1,1,l2,3,0.815000,0.169215
mnist_mlp_opb_beta_0.1_anchor_12→mnist_mlp_ceb_beta_0.1,1,l2,4,0.685000,0.301733
mnist_mlp_opb_beta_0.1_anchor_12→mnist_mlp_ceb_beta_0.1,1,l2,5,0.579000,0.409786
mnist_mlp_opb_beta_0.1_anchor_12→mnist_mlp_ceb_beta_0.1,1,l2,6,0.480000,0.510703
mnist_mlp_opb_beta_0.1_anchor_12→mnist_mlp_ceb_beta_0.1,2,none,0,0.975000,
mnist_mlp_opb_beta_0.1_anchor_12→mnist_mlp_ceb_beta_0.1,2,linf,0.05,0.953000,0.022564
mnist_mlp_opb_beta_0.1_anchor_12→mnist_mlp_ceb_beta_0.1,2,linf,0.1,0.843000,0.135385
mnist_mlp_opb_beta_0.1_anchor_12→mnist_mlp_ceb_beta_0.1,2,linf,0.15,0.666000,0.316923
mnist_mlp_opb_beta_0.1_anchor_12→mnist_mlp_ceb_beta_0.1,2,linf,0.2,0.500000,0.487180
mnist_mlp_opb_beta_0.1_anchor_12→mnist_mlp_ceb_beta_0.1,2,linf,0.25,0.390000,0.600000
mnist_mlp_opb_beta_0.1_anchor_12→mnist_mlp_ceb_beta_0.1,2,linf,0.3,0.281000,0.711795
mnist_mlp_opb_beta_0.1_anchor_12→mnist_mlp_ceb_beta_0.1,2,l2,1,0.955000,0.020513
mnist_mlp_opb_beta_0.1_anchor_12→mnist_mlp_ceb_beta_0.1,2,l2,2,0.922000,0.054359
mnist_mlp_opb_beta_0.1_anchor_12→mnist_mlp_ceb_beta_0.1,2,l2,3,0.900000,0.076923
mnist_mlp_opb_beta_0.1_anchor_12→mnist_mlp_ceb_beta_0.1,2,l2,4,0.883000,0.094359
mnist_mlp_opb_beta_0.1_anchor_12→mnist_mlp_ceb_beta_0.1,2,l2,5,0.871000,0.106667
mnist_mlp_opb_beta_0.1_anchor_12→mnist_mlp_ceb_beta_0.1,2,l2,6,0.867000,0.110769
mnist_mlp_opb_beta_0.1_anchor_12→mnist_mlp_ceb_beta_0.1,3,none,0,0.980000,
mnist_mlp_opb_beta_0.1_anchor_12→mnist_mlp_ceb_beta_0.1,3,linf,0.05,0.958000,0.022449
mnist_mlp_opb_beta_0.1_anchor_12→mnist_mlp_ceb_beta_0.1,3,linf,0.1,0.871000,0.111225
mnist_mlp_opb_beta_0.1_anchor_12→mnist_mlp_ceb_beta_0.1,3,linf,0.15,0.681000,0.305102
mnist_mlp_opb_beta_0.1_anchor_12→mnist_mlp_ceb_beta_0.1,3,linf,0.2,0.524000,0.465306
mnist_mlp_opb_beta_0.1_anchor_12→mnist_mlp_ceb_beta_0.1,3,linf,0.25,0.389000,0.603061
mnist_mlp_opb_beta_0.1_anchor_12→mnist_mlp_ceb_beta_0.1,3,linf,0.3,0.259000,0.735714
mnist_mlp_opb_beta_0.1_anchor_12→mnist_mlp_ceb_beta_0.1,3,l2,1,0.962000,0.018367
mnist_mlp_opb_beta_0.1_anchor_12→mnist_mlp_ceb_beta_0.1,3,l2,2,0.936000,0.045918
mnist_mlp_opb_beta_0.1_anchor_12→mnist_mlp_ceb_beta_0.1,3,l2,3,0.928000,0.053061
mnist_mlp_opb_beta_0.1_anchor_12→mnist_mlp_ceb_beta_0.1,3,l2,4,0.914000,0.067347
mnist_mlp_opb_beta_0.1_anchor_12→mnist_mlp_ceb_beta_0.1,3,l2,5,0.914000,0.068367
mnist_mlp_opb_beta_0.1_anchor_12→mnist_mlp_ceb_beta_0.1,3,l2,6,0.907000,0.074490
mnist_mlp_opb_beta_0.1_anchor_12→mnist_mlp_ceb_beta_0.1,4,none,0,0.975000,
mnist_mlp_opb_beta_0.1_anchor_12→mnist_mlp_ceb_beta_0.1,4,linf,0.05,0.955000,0.020513
mnist_mlp_opb_beta_0.1_anchor_12→mnist_mlp_ceb_beta_0.1,4,linf,0.1,0.882000,0.095385
mnist_mlp_opb_beta_0.1_anchor_12→mnist_mlp_ceb_beta_0.1,4,linf,0.15,0.709000,0.272821
mnist_mlp_opb_beta_0.1_anchor_12→mnist_mlp_ceb_beta_0.1,4,linf,0.2,0.567000,0.418462
mnist_mlp_opb_beta_0.1_anchor_12→mnist_mlp_ceb_beta_0.1,4,linf,0.25,0.423000,0.566154
mnist_mlp_opb_beta_0.1_anchor_12→mnist_mlp_ceb_beta_0.1,4,linf,0.3,0.303000,0.689231
mnist_mlp_opb_beta_0.1_anchor_12→mnist_mlp_ceb_beta_0.1,4,l2,1,0.960000,0.015385
mnist_mlp_opb_beta_0.1_anchor_12→mnist_mlp_ceb_beta_0.1,4,l2,2,0.934000,0.042051
mnist_mlp_opb_beta_0.1_anchor_12→mnist_mlp_ceb_beta_0.1,4,l2,3,0.923000,0.054359
mnist_mlp_opb_beta_0.1_anchor_12→mnist_mlp_ceb_beta_0.1,4,l2,4,0.915000,0.061539
mnist_mlp_opb_beta_0.1_anchor_12→mnist_mlp_ceb_beta_0.1,4,l2,5,0.910000,0.066667
mnist_mlp_opb_beta_0.1_anchor_12→mnist_mlp_ceb_beta_0.1,4,l2,6,0.901000,0.075897
mnist_mlp_opb_beta_0.1_anchor_12→mnist_mlp_ceb_beta_0.1,5,none,0,0.977000,
mnist_mlp_opb_beta_0.1_anchor_12→mnist_mlp_ceb_beta_0.1,5,linf,0.05,0.948000,0.029683
mnist_mlp_opb_beta_0.1_anchor_12→mnist_mlp_ceb_beta_0.1,5,linf,0.1,0.873000,0.106448
mnist_mlp_opb_beta_0.1_anchor_12→mnist_mlp_ceb_beta_0.1,5,linf,0.15,0.713000,0.270215
mnist_mlp_opb_beta_0.1_anchor_12→mnist_mlp_ceb_beta_0.1,5,linf,0.2,0.598000,0.387922
mnist_mlp_opb_beta_0.1_anchor_12→mnist_mlp_ceb_beta_0.1,5,linf,0.25,0.457000,0.532242
mnist_mlp_opb_beta_0.1_anchor_12→mnist_mlp_ceb_beta_0.1,5,linf,0.3,0.361000,0.630502
mnist_mlp_opb_beta_0.1_anchor_12→mnist_mlp_ceb_beta_0.1,5,l2,1,0.949000,0.028659
mnist_mlp_opb_beta_0.1_anchor_12→mnist_mlp_ceb_beta_0.1,5,l2,2,0.927000,0.051177
mnist_mlp_opb_beta_0.1_anchor_12→mnist_mlp_ceb_beta_0.1,5,l2,3,0.903000,0.075742
mnist_mlp_opb_beta_0.1_anchor_12→mnist_mlp_ceb_beta_0.1,5,l2,4,0.887000,0.092119
mnist_mlp_opb_beta_0.1_anchor_12→mnist_mlp_ceb_beta_0.1,5,l2,5,0.877000,0.102354
mnist_mlp_opb_beta_0.1_anchor_12→mnist_mlp_ceb_beta_0.1,5,l2,6,0.868000,0.111566
mnist_mlp（100步）,1,none,0,0.981000,
mnist_mlp（100步）,1,linf,0.05,0.925000,0.057085
mnist_mlp（100步）,1,linf,0.1,0.776000,0.208970
mnist_mlp（100步）,1,linf,0.15,0.482000,0.508665
mnist_mlp（100步）,1,linf,0.2,0.230000,0.765545
mnist_mlp（100步）,1,linf,0.25,0.095000,0.903160
mnist_mlp（100步）,1,linf,0.3,0.040000,0.959225
mnist_mlp（100步）,1,l2,1,0.924000,0.058104
mnist_mlp（100步）,1,l2,2,0.774000,0.211009
mnist_mlp（100步）,1,l2,3,0.486000,0.504587
mnist_mlp（100步）,1,l2,4,0.227000,0.768603
mnist_mlp（100步）,1,l2,5,0.095000,0.903160
mnist_mlp（100步）,1,l2,6,0.046000,0.953109
mnist_mlp（100步）,2,none,0,0.980000,
mnist_mlp（100步）,2,linf,0.05,0.937000,0.043878
mnist_mlp（100步）,2,linf,0.1,0.760000,0.224490
mnist_mlp（100步）,2,linf,0.15,0.437000,0.554082
mnist_mlp（100步）,2,linf,0.2,0.206000,0.789796
mnist_mlp（100步）,2,linf,0.25,0.097000,0.901020
mnist_mlp（100步）,2,linf,0.3,0.050000,0.948980
mnist_mlp（100步）,2,l2,1,0.937000,0.043878
mnist_mlp（100步）,2,l2,2,0.752000,0.232653
mnist_mlp（100步）,2,l2,3,0.437000,0.554082
mnist_mlp（100步）,2,l2,4,0.211000,0.784694
mnist_mlp（100步）,2,l2,5,0.099000,0.898980
mnist_mlp（100步）,2,l2,6,0.058000,0.940816
mnist_mlp（100步）,3,none,0,0.980000,
mnist_mlp（100步）,3,linf,0.05,0.933000,0.047959
mnist_mlp（100步）,3,linf,0.1,0.759000,0.225510
mnist_mlp（100步）,3,linf,0.15,0.433000,0.558163
mnist_mlp（100步）,3,linf,0.2,0.230000,0.765306
mnist_mlp（100步）,3,linf,0.25,0.105000,0.892857
mnist_mlp（100步）,3,linf,0.3,0.048000,0.951020
mnist_mlp（100步）,3,l2,1,0.931000,0.050000
mnist_mlp（100步）,3,l2,2,0.761000,0.223469
mnist_mlp（100步）,3,l2,3,0.434000,0.557143
mnist_mlp（100步）,3,l2,4,0.224000,0.771429
mnist_mlp（100步）,3,l2,5,0.123000,0.874490
mnist_mlp（100步）,3,l2,6,0.089000,0.909184
mnist_mlp（100步）,4,none,0,0.988000,
mnist_mlp（100步）,4,linf,0.05,0.933000,0.055668
mnist_mlp（100步）,4,linf,0.1,0.760000,0.230769
mnist_mlp（100步）,4,linf,0.15,0.420000,0.574899
mnist_mlp（100步）,4,linf,0.2,0.188000,0.809717
mnist_mlp（100步）,4,linf,0.25,0.075000,0.924089
mnist_mlp（100步）,4,linf,0.3,0.028000,0.971660
mnist_mlp（100步）,4,l2,1,0.933000,0.055668
mnist_mlp（100步）,4,l2,2,0.756000,0.234818
mnist_mlp（100步）,4,l2,3,0.420000,0.574899
mnist_mlp（100步）,4,l2,4,0.189000,0.808704
mnist_mlp（100步）,4,l2,5,0.106000,0.892713
mnist_mlp（100步）,4,l2,6,0.074000,0.925101
mnist_mlp（100步）,5,none,0,0.979000,
mnist_mlp（100步）,5,linf,0.05,0.933000,0.046987
mnist_mlp（100步）,5,linf,0.1,0.767000,0.216547
mnist_mlp（100步）,5,linf,0.15,0.474000,0.515832
mnist_mlp（100步）,5,linf,0.2,0.266000,0.728294
mnist_mlp（100步）,5,linf,0.25,0.142000,0.854954
mnist_mlp（100步）,5,linf,0.3,0.092000,0.906027
mnist_mlp（100步）,5,l2,1,0.932000,0.048008
mnist_mlp（100步）,5,l2,2,0.764000,0.219612
mnist_mlp（100步）,5,l2,3,0.478000,0.511747
mnist_mlp（100步）,5,l2,4,0.331000,0.661900
mnist_mlp（100步）,5,l2,5,0.272000,0.722165
mnist_mlp（100步）,5,l2,6,0.258000,0.736466
mnist_mlp_ceb_beta_0.1（100步）,1,none,0,0.981000,
mnist_mlp_ceb_beta_0.1（100步）,1,linf,0.05,0.908000,0.074414
mnist_mlp_ceb_beta_0.1（100步）,1,linf,0.1,0.745000,0.240571
mnist_mlp_ceb_beta_0.1（100步）,1,linf,0.15,0.431000,0.560652
mnist_mlp_ceb_beta_0.1（100步）,1,linf,0.2,0.252000,0.743119
mnist_mlp_ceb_beta_0.1（100步）,1,linf,0.25,0.123000,0.874618
mnist_mlp_ceb_beta_0.1（100步）,1,linf,0.3,0.070000,0.928644
mnist_mlp_ceb_beta_0.1（100步）,1,l2,1,0.912000,0.070336
mnist_mlp_ceb_beta_0.1（100步）,1,l2,2,0.758000,0.227319
mnist_mlp_ceb_beta_0.1（100步）,1,l2,3,0.431000,0.560652
mnist_mlp_ceb_beta_0.1（100步）,1,l2,4,0.243000,0.752294
mnist_mlp_ceb_beta_0.1（100步）,1,l2,5,0.124000,0.873598
mnist_mlp_ceb_beta_0.1（100步）,1,l2,6,0.052000,0.946993
mnist_mlp_ceb_beta_0.1（100步）,2,none,0,0.975000,
mnist_mlp_ceb_beta_0.1（100步）,2,linf,0.05,0.919000,0.057436
mnist_mlp_ceb_beta_0.1（100步）,2,linf,0.1,0.664000,0.318974
mnist_mlp_ceb_beta_0.1（100步）,2,linf,0.15,0.415000,0.574359
mnist_mlp_ceb_beta_0.1（100步）,2,linf,0.2,0.205000,0.789744
mnist_mlp_ceb_beta_0.1（100步）,2,linf,0.25,0.111000,0.886154
mnist_mlp_ceb_beta_0.1（100步）,2,linf,0.3,0.060000,0.938462
mnist_mlp_ceb_beta_0.1（100步）,2,l2,1,0.916000,0.060513
mnist_mlp_ceb_beta_0.1（100步）,2,l2,2,0.691000,0.291282
mnist_mlp_ceb_beta_0.1（100步）,2,l2,3,0.418000,0.571282
mnist_mlp_ceb_beta_0.1（100步）,2,l2,4,0.201000,0.793846
mnist_mlp_ceb_beta_0.1（100步）,2,l2,5,0.101000,0.896410
mnist_mlp_ceb_beta_0.1（100步）,2,l2,6,0.052000,0.946667
mnist_mlp_ceb_beta_0.1（100步）,3,none,0,0.980000,
mnist_mlp_ceb_beta_0.1（100步）,3,linf,0.05,0.917000,0.064286
mnist_mlp_ceb_beta_0.1（100步）,3,linf,0.1,0.672000,0.314286
mnist_mlp_ceb_beta_0.1（100步）,3,linf,0.15,0.395000,0.596939
mnist_mlp_ceb_beta_0.1（100步）,3,linf,0.2,0.210000,0.785714
mnist_mlp_ceb_beta_0.1（100步）,3,linf,0.25,0.109000,0.888776
mnist_mlp_ceb_beta_0.1（100步）,3,linf,0.3,0.065000,0.933673
mnist_mlp_ceb_beta_0.1（100步）,3,l2,1,0.920000,0.061225
mnist_mlp_ceb_beta_0.1（100步）,3,l2,2,0.696000,0.289796
mnist_mlp_ceb_beta_0.1（100步）,3,l2,3,0.402000,0.589796
mnist_mlp_ceb_beta_0.1（100步）,3,l2,4,0.198000,0.797959
mnist_mlp_ceb_beta_0.1（100步）,3,l2,5,0.094000,0.904082
mnist_mlp_ceb_beta_0.1（100步）,3,l2,6,0.054000,0.944898
mnist_mlp_ceb_beta_0.1（100步）,4,none,0,0.975000,
mnist_mlp_ceb_beta_0.1（100步）,4,linf,0.05,0.922000,0.054359
mnist_mlp_ceb_beta_0.1（100步）,4,linf,0.1,0.713000,0.268718
mnist_mlp_ceb_beta_0.1（100步）,4,linf,0.15,0.438000,0.550769
mnist_mlp_ceb_beta_0.1（100步）,4,linf,0.2,0.235000,0.758974
mnist_mlp_ceb_beta_0.1（100步）,4,linf,0.25,0.127000,0.869744
mnist_mlp_ceb_beta_0.1（100步）,4,linf,0.3,0.076000,0.922051
mnist_mlp_ceb_beta_0.1（100步）,4,l2,1,0.923000,0.053333
mnist_mlp_ceb_beta_0.1（100步）,4,l2,2,0.735000,0.246154
mnist_mlp_ceb_beta_0.1（100步）,4,l2,3,0.446000,0.542564
mnist_mlp_ceb_beta_0.1（100步）,4,l2,4,0.240000,0.753846
mnist_mlp_ceb_beta_0.1（100步）,4,l2,5,0.123000,0.873846
mnist_mlp_ceb_beta_0.1（100步）,4,l2,6,0.071000,0.927179
mnist_mlp_ceb_beta_0.1（100步）,5,none,0,0.977000,
mnist_mlp_ceb_beta_0.1（100步）,5,linf,0.05,0.915000,0.063460
mnist_mlp_ceb_beta_0.1（100步）,5,linf,0.1,0.699000,0.284545
mnist_mlp_ceb_beta_0.1（100步）,5,linf,0.15,0.461000,0.528147
mnist_mlp_ceb_beta_0.1（100步）,5,linf,0.2,0.271000,0.722620
mnist_mlp_ceb_beta_0.1（100步）,5,linf,0.25,0.138000,0.858751
mnist_mlp_ceb_beta_0.1（100步）,5,linf,0.3,0.065000,0.933470
mnist_mlp_ceb_beta_0.1（100步）,5,l2,1,0.920000,0.058342
mnist_mlp_ceb_beta_0.1（100步）,5,l2,2,0.736000,0.246674
mnist_mlp_ceb_beta_0.1（100步）,5,l2,3,0.460000,0.529171
mnist_mlp_ceb_beta_0.1（100步）,5,l2,4,0.259000,0.734903
mnist_mlp_ceb_beta_0.1（100步）,5,l2,5,0.135000,0.861822
mnist_mlp_ceb_beta_0.1（100步）,5,l2,6,0.060000,0.938588
mnist_mlp_opb_beta_0.1_anchor_12（100步）,1,none,0,0.986000,
mnist_mlp_opb_beta_0.1_anchor_12（100步）,1,linf,0.05,0.933000,0.053753
mnist_mlp_opb_beta_0.1_anchor_12（100步）,1,linf,0.1,0.773000,0.216024
mnist_mlp_opb_beta_0.1_anchor_12（100步）,1,linf,0.15,0.469000,0.524341
mnist_mlp_opb_beta_0.1_anchor_12（100步）,1,linf,0.2,0.266000,0.730223
mnist_mlp_opb_beta_0.1_anchor_12（100步）,1,linf,0.25,0.131000,0.867140
mnist_mlp_opb_beta_0.1_anchor_12（100步）,1,linf,0.3,0.057000,0.942191
mnist_mlp_opb_beta_0.1_anchor_12（100步）,1,l2,1,0.933000,0.053753
mnist_mlp_opb_beta_0.1_anchor_12（100步）,1,l2,2,0.811000,0.177485
mnist_mlp_opb_beta_0.1_anchor_12（100步）,1,l2,3,0.619000,0.372211
mnist_mlp_opb_beta_0.1_anchor_12（100步）,1,l2,4,0.500000,0.492901
mnist_mlp_opb_beta_0.1_anchor_12（100步）,1,l2,5,0.414000,0.580122
mnist_mlp_opb_beta_0.1_anchor_12（100步）,1,l2,6,0.379000,0.615619
mnist_mlp_opb_beta_0.1_anchor_12（100步）,2,none,0,0.983000,
mnist_mlp_opb_beta_0.1_anchor_12（100步）,2,linf,0.05,0.938000,0.045778
mnist_mlp_opb_beta_0.1_anchor_12（100步）,2,linf,0.1,0.780000,0.206511
mnist_mlp_opb_beta_0.1_anchor_12（100步）,2,linf,0.15,0.473000,0.518820
mnist_mlp_opb_beta_0.1_anchor_12（100步）,2,linf,0.2,0.268000,0.727365
mnist_mlp_opb_beta_0.1_anchor_12（100步）,2,linf,0.25,0.118000,0.879959
mnist_mlp_opb_beta_0.1_anchor_12（100步）,2,linf,0.3,0.050000,0.949135
mnist_mlp_opb_beta_0.1_anchor_12（100步）,2,l2,1,0.941000,0.042726
mnist_mlp_opb_beta_0.1_anchor_12（100步）,2,l2,2,0.884000,0.100712
mnist_mlp_opb_beta_0.1_anchor_12（100步）,2,l2,3,0.878000,0.106816
mnist_mlp_opb_beta_0.1_anchor_12（100步）,2,l2,4,0.870000,0.114954
mnist_mlp_opb_beta_0.1_anchor_12（100步）,2,l2,5,0.864000,0.121058
mnist_mlp_opb_beta_0.1_anchor_12（100步）,2,l2,6,0.858000,0.127162
mnist_mlp_opb_beta_0.1_anchor_12（100步）,3,none,0,0.983000,
mnist_mlp_opb_beta_0.1_anchor_12（100步）,3,linf,0.05,0.939000,0.044761
mnist_mlp_opb_beta_0.1_anchor_12（100步）,3,linf,0.1,0.770000,0.216684
mnist_mlp_opb_beta_0.1_anchor_12（100步）,3,linf,0.15,0.479000,0.512716
mnist_mlp_opb_beta_0.1_anchor_12（100步）,3,linf,0.2,0.279000,0.716175
mnist_mlp_opb_beta_0.1_anchor_12（100步）,3,linf,0.25,0.118000,0.879959
mnist_mlp_opb_beta_0.1_anchor_12（100步）,3,linf,0.3,0.062000,0.936928
mnist_mlp_opb_beta_0.1_anchor_12（100步）,3,l2,1,0.941000,0.042726
mnist_mlp_opb_beta_0.1_anchor_12（100步）,3,l2,2,0.921000,0.063072
mnist_mlp_opb_beta_0.1_anchor_12（100步）,3,l2,3,0.915000,0.069176
mnist_mlp_opb_beta_0.1_anchor_12（100步）,3,l2,4,0.911000,0.073245
mnist_mlp_opb_beta_0.1_anchor_12（100步）,3,l2,5,0.913000,0.071211
mnist_mlp_opb_beta_0.1_anchor_12（100步）,3,l2,6,0.905000,0.079349
mnist_mlp_opb_beta_0.1_anchor_12（100步）,4,none,0,0.985000,
mnist_mlp_opb_beta_0.1_anchor_12（100步）,4,linf,0.05,0.934000,0.051777
mnist_mlp_opb_beta_0.1_anchor_12（100步）,4,linf,0.1,0.739000,0.249746
mnist_mlp_opb_beta_0.1_anchor_12（100步）,4,linf,0.15,0.449000,0.544162
mnist_mlp_opb_beta_0.1_anchor_12（100步）,4,linf,0.2,0.223000,0.773604
mnist_mlp_opb_beta_0.1_anchor_12（100步）,4,linf,0.25,0.109000,0.889340
mnist_mlp_opb_beta_0.1_anchor_12（100步）,4,linf,0.3,0.051000,0.948223
mnist_mlp_opb_beta_0.1_anchor_12（100步）,4,l2,1,0.941000,0.044670
mnist_mlp_opb_beta_0.1_anchor_12（100步）,4,l2,2,0.918000,0.068020
mnist_mlp_opb_beta_0.1_anchor_12（100步）,4,l2,3,0.913000,0.073096
mnist_mlp_opb_beta_0.1_anchor_12（100步）,4,l2,4,0.912000,0.074112
mnist_mlp_opb_beta_0.1_anchor_12（100步）,4,l2,5,0.907000,0.079188
mnist_mlp_opb_beta_0.1_anchor_12（100步）,4,l2,6,0.908000,0.078173
mnist_mlp_opb_beta_0.1_anchor_12（100步）,5,none,0,0.978000,
mnist_mlp_opb_beta_0.1_anchor_12（100步）,5,linf,0.05,0.934000,0.044990
mnist_mlp_opb_beta_0.1_anchor_12（100步）,5,linf,0.1,0.737000,0.246421
mnist_mlp_opb_beta_0.1_anchor_12（100步）,5,linf,0.15,0.438000,0.552147
mnist_mlp_opb_beta_0.1_anchor_12（100步）,5,linf,0.2,0.239000,0.755624
mnist_mlp_opb_beta_0.1_anchor_12（100步）,5,linf,0.25,0.135000,0.861963
mnist_mlp_opb_beta_0.1_anchor_12（100步）,5,linf,0.3,0.067000,0.931493
mnist_mlp_opb_beta_0.1_anchor_12（100步）,5,l2,1,0.935000,0.043967
mnist_mlp_opb_beta_0.1_anchor_12（100步）,5,l2,2,0.885000,0.095092
mnist_mlp_opb_beta_0.1_anchor_12（100步）,5,l2,3,0.878000,0.102250
mnist_mlp_opb_beta_0.1_anchor_12（100步）,5,l2,4,0.873000,0.107362
mnist_mlp_opb_beta_0.1_anchor_12（100步）,5,l2,5,0.867000,0.113497
mnist_mlp_opb_beta_0.1_anchor_12（100步）,5,l2,6,0.860000,0.120654
