2026-08-23 09:03:14 | Device: cuda
2026-08-23 09:03:14 | Args: {'model': 'gcn', 'backbone': 'mlp', 'task': 'cora', 'epochs': 100, 'batch_size': 128, 'lr': 0.001, 'hidden_dims': [512, 256], 'dropout': 0.2, 'z_dim': 256, 'beta': 0.001, 'patience': 10, 'runs': 5, 'seed': 0, 'data_dir': './data', 'save_path': 'output/cora_gcn/cora_gcn.pt', 'log_path': 'output/cora_gcn/train_cora_gcn.log'}
2026-08-23 09:03:16 | Cora 划分（60/20/20 分层）：train 1624 / val 542 / test 542（共 2708 节点，7 类）
2026-08-23 09:03:16 | ===== Run 1/5 (seed 0) =====
2026-08-23 09:03:16 | Epoch   1/100 | Train Loss 1.9542 | Val Loss 1.9503 Acc 0.1107 AUC 0.7929 Pre 0.0158 Rec 0.1429
2026-08-23 09:03:16 |   Val AUC improved to 0.7929, model saved
2026-08-23 09:03:16 | Epoch   2/100 | Train Loss 1.9500 | Val Loss 1.9461 Acc 0.1218 AUC 0.8729 Pre 0.1113 Rec 0.1529
2026-08-23 09:03:16 |   Val AUC improved to 0.8729, model saved
2026-08-23 09:03:16 | Epoch   3/100 | Train Loss 1.9456 | Val Loss 1.9415 Acc 0.2823 AUC 0.8983 Pre 0.2257 Rec 0.2983
2026-08-23 09:03:16 |   Val AUC improved to 0.8983, model saved
2026-08-23 09:03:16 | Epoch   4/100 | Train Loss 1.9408 | Val Loss 1.9362 Acc 0.3579 AUC 0.9074 Pre 0.3748 Rec 0.3587
2026-08-23 09:03:17 |   Val AUC improved to 0.9074, model saved
2026-08-23 09:03:17 | Epoch   5/100 | Train Loss 1.9353 | Val Loss 1.9299 Acc 0.3358 AUC 0.9111 Pre 0.3831 Rec 0.3148
2026-08-23 09:03:17 |   Val AUC improved to 0.9111, model saved
2026-08-23 09:03:17 | Epoch   6/100 | Train Loss 1.9288 | Val Loss 1.9226 Acc 0.3635 AUC 0.9118 Pre 0.4073 Rec 0.2949
2026-08-23 09:03:17 |   Val AUC improved to 0.9118, model saved
2026-08-23 09:03:17 | Epoch   7/100 | Train Loss 1.9210 | Val Loss 1.9138 Acc 0.4557 AUC 0.9109 Pre 0.2522 Rec 0.3217
2026-08-23 09:03:17 | Epoch   8/100 | Train Loss 1.9121 | Val Loss 1.9037 Acc 0.4594 AUC 0.9089 Pre 0.2644 Rec 0.2915
2026-08-23 09:03:17 | Epoch   9/100 | Train Loss 1.9017 | Val Loss 1.8919 Acc 0.3653 AUC 0.9061 Pre 0.3034 Rec 0.2012
2026-08-23 09:03:17 | Epoch  10/100 | Train Loss 1.8893 | Val Loss 1.8784 Acc 0.3118 AUC 0.9027 Pre 0.3293 Rec 0.1513
2026-08-23 09:03:17 | Epoch  11/100 | Train Loss 1.8757 | Val Loss 1.8632 Acc 0.3026 AUC 0.8990 Pre 0.0432 Rec 0.1429
2026-08-23 09:03:17 | Epoch  12/100 | Train Loss 1.8602 | Val Loss 1.8464 Acc 0.3026 AUC 0.8948 Pre 0.0432 Rec 0.1429
2026-08-23 09:03:17 | Epoch  13/100 | Train Loss 1.8430 | Val Loss 1.8281 Acc 0.3026 AUC 0.8903 Pre 0.0432 Rec 0.1429
2026-08-23 09:03:17 | Epoch  14/100 | Train Loss 1.8240 | Val Loss 1.8084 Acc 0.3026 AUC 0.8861 Pre 0.0432 Rec 0.1429
2026-08-23 09:03:17 | Epoch  15/100 | Train Loss 1.8045 | Val Loss 1.7879 Acc 0.3026 AUC 0.8820 Pre 0.0432 Rec 0.1429
2026-08-23 09:03:17 | Epoch  16/100 | Train Loss 1.7837 | Val Loss 1.7669 Acc 0.3026 AUC 0.8789 Pre 0.0432 Rec 0.1429
2026-08-23 09:03:17 | Val AUC did not improve for 10 consecutive epochs, early stopping at Epoch 16 (best AUC 0.9118 @ Epoch 6)
2026-08-23 09:03:17 | Run 1/5 | Test (best model @ Epoch 6) | Loss 1.9216 Acc 0.3727 AUC 0.9071 Pre 0.4011 Rec 0.3042
2026-08-23 09:03:17 | ===== Run 2/5 (seed 1) =====
2026-08-23 09:03:17 | Epoch   1/100 | Train Loss 1.9356 | Val Loss 1.9315 Acc 0.3026 AUC 0.7821 Pre 0.0432 Rec 0.1429
2026-08-23 09:03:17 |   Val AUC improved to 0.7821, model saved
2026-08-23 09:03:17 | Epoch   2/100 | Train Loss 1.9314 | Val Loss 1.9273 Acc 0.3026 AUC 0.8635 Pre 0.0432 Rec 0.1429
2026-08-23 09:03:17 |   Val AUC improved to 0.8635, model saved
2026-08-23 09:03:17 | Epoch   3/100 | Train Loss 1.9270 | Val Loss 1.9226 Acc 0.3026 AUC 0.8857 Pre 0.0432 Rec 0.1429
2026-08-23 09:03:17 |   Val AUC improved to 0.8857, model saved
2026-08-23 09:03:17 | Epoch   4/100 | Train Loss 1.9220 | Val Loss 1.9172 Acc 0.3026 AUC 0.8948 Pre 0.0432 Rec 0.1429
2026-08-23 09:03:17 |   Val AUC improved to 0.8948, model saved
2026-08-23 09:03:17 | Epoch   5/100 | Train Loss 1.9165 | Val Loss 1.9108 Acc 0.3026 AUC 0.8985 Pre 0.0432 Rec 0.1429
2026-08-23 09:03:17 |   Val AUC improved to 0.8985, model saved
2026-08-23 09:03:17 | Epoch   6/100 | Train Loss 1.9098 | Val Loss 1.9033 Acc 0.3026 AUC 0.9002 Pre 0.0432 Rec 0.1429
2026-08-23 09:03:17 |   Val AUC improved to 0.9002, model saved
2026-08-23 09:03:17 | Epoch   7/100 | Train Loss 1.9019 | Val Loss 1.8944 Acc 0.3026 AUC 0.9004 Pre 0.0432 Rec 0.1429
2026-08-23 09:03:17 |   Val AUC improved to 0.9004, model saved
2026-08-23 09:03:17 | Epoch   8/100 | Train Loss 1.8928 | Val Loss 1.8841 Acc 0.3026 AUC 0.8998 Pre 0.0432 Rec 0.1429
2026-08-23 09:03:17 | Epoch   9/100 | Train Loss 1.8823 | Val Loss 1.8722 Acc 0.3026 AUC 0.8983 Pre 0.0432 Rec 0.1429
2026-08-23 09:03:17 | Epoch  10/100 | Train Loss 1.8701 | Val Loss 1.8588 Acc 0.3026 AUC 0.8957 Pre 0.0432 Rec 0.1429
2026-08-23 09:03:17 | Epoch  11/100 | Train Loss 1.8562 | Val Loss 1.8438 Acc 0.3026 AUC 0.8924 Pre 0.0432 Rec 0.1429
2026-08-23 09:03:17 | Epoch  12/100 | Train Loss 1.8411 | Val Loss 1.8274 Acc 0.3026 AUC 0.8886 Pre 0.0432 Rec 0.1429
2026-08-23 09:03:17 | Epoch  13/100 | Train Loss 1.8246 | Val Loss 1.8098 Acc 0.3026 AUC 0.8844 Pre 0.0432 Rec 0.1429
2026-08-23 09:03:17 | Epoch  14/100 | Train Loss 1.8065 | Val Loss 1.7914 Acc 0.3026 AUC 0.8803 Pre 0.0432 Rec 0.1429
2026-08-23 09:03:17 | Epoch  15/100 | Train Loss 1.7878 | Val Loss 1.7725 Acc 0.3026 AUC 0.8767 Pre 0.0432 Rec 0.1429
2026-08-23 09:03:17 | Epoch  16/100 | Train Loss 1.7687 | Val Loss 1.7538 Acc 0.3026 AUC 0.8732 Pre 0.0432 Rec 0.1429
2026-08-23 09:03:17 | Epoch  17/100 | Train Loss 1.7503 | Val Loss 1.7355 Acc 0.3026 AUC 0.8712 Pre 0.0432 Rec 0.1429
2026-08-23 09:03:17 | Val AUC did not improve for 10 consecutive epochs, early stopping at Epoch 17 (best AUC 0.9004 @ Epoch 7)
2026-08-23 09:03:17 | Run 2/5 | Test (best model @ Epoch 7) | Loss 1.8935 Acc 0.3026 AUC 0.9022 Pre 0.0432 Rec 0.1429
2026-08-23 09:03:17 | ===== Run 3/5 (seed 2) =====
2026-08-23 09:03:17 | Epoch   1/100 | Train Loss 1.9521 | Val Loss 1.9479 Acc 0.2030 AUC 0.8479 Pre 0.0609 Rec 0.2506
2026-08-23 09:03:17 |   Val AUC improved to 0.8479, model saved
2026-08-23 09:03:17 | Epoch   2/100 | Train Loss 1.9478 | Val Loss 1.9437 Acc 0.1550 AUC 0.9032 Pre 0.0221 Rec 0.1429
2026-08-23 09:03:17 |   Val AUC improved to 0.9032, model saved
2026-08-23 09:03:17 | Epoch   3/100 | Train Loss 1.9434 | Val Loss 1.9391 Acc 0.1716 AUC 0.9147 Pre 0.1511 Rec 0.1580
2026-08-23 09:03:17 |   Val AUC improved to 0.9147, model saved
2026-08-23 09:03:17 | Epoch   4/100 | Train Loss 1.9385 | Val Loss 1.9337 Acc 0.2066 AUC 0.9184 Pre 0.1319 Rec 0.1899
2026-08-23 09:03:17 |   Val AUC improved to 0.9184, model saved
2026-08-23 09:03:17 | Epoch   5/100 | Train Loss 1.9329 | Val Loss 1.9274 Acc 0.2841 AUC 0.9190 Pre 0.2580 Rec 0.2532
2026-08-23 09:03:17 |   Val AUC improved to 0.9190, model saved
2026-08-23 09:03:17 | Epoch   6/100 | Train Loss 1.9264 | Val Loss 1.9200 Acc 0.3653 AUC 0.9191 Pre 0.2387 Rec 0.2964
2026-08-23 09:03:17 |   Val AUC improved to 0.9191, model saved
2026-08-23 09:03:17 | Epoch   7/100 | Train Loss 1.9187 | Val Loss 1.9112 Acc 0.4815 AUC 0.9178 Pre 0.2254 Rec 0.3415
2026-08-23 09:03:17 | Epoch   8/100 | Train Loss 1.9097 | Val Loss 1.9010 Acc 0.5111 AUC 0.9160 Pre 0.2829 Rec 0.3367
2026-08-23 09:03:17 | Epoch   9/100 | Train Loss 1.8991 | Val Loss 1.8891 Acc 0.4114 AUC 0.9139 Pre 0.3219 Rec 0.2428
2026-08-23 09:03:17 | Epoch  10/100 | Train Loss 1.8870 | Val Loss 1.8756 Acc 0.3266 AUC 0.9114 Pre 0.3300 Rec 0.1649
2026-08-23 09:03:17 | Epoch  11/100 | Train Loss 1.8731 | Val Loss 1.8604 Acc 0.3026 AUC 0.9085 Pre 0.0432 Rec 0.1429
2026-08-23 09:03:17 | Epoch  12/100 | Train Loss 1.8577 | Val Loss 1.8436 Acc 0.3026 AUC 0.9056 Pre 0.0432 Rec 0.1429
2026-08-23 09:03:17 | Epoch  13/100 | Train Loss 1.8406 | Val Loss 1.8252 Acc 0.3026 AUC 0.9026 Pre 0.0432 Rec 0.1429
2026-08-23 09:03:17 | Epoch  14/100 | Train Loss 1.8221 | Val Loss 1.8056 Acc 0.3026 AUC 0.8999 Pre 0.0432 Rec 0.1429
2026-08-23 09:03:17 | Epoch  15/100 | Train Loss 1.8018 | Val Loss 1.7850 Acc 0.3026 AUC 0.8969 Pre 0.0432 Rec 0.1429
2026-08-23 09:03:17 | Epoch  16/100 | Train Loss 1.7819 | Val Loss 1.7641 Acc 0.3026 AUC 0.8941 Pre 0.0432 Rec 0.1429
2026-08-23 09:03:17 | Val AUC did not improve for 10 consecutive epochs, early stopping at Epoch 16 (best AUC 0.9191 @ Epoch 6)
2026-08-23 09:03:17 | Run 3/5 | Test (best model @ Epoch 6) | Loss 1.9192 Acc 0.3838 AUC 0.9081 Pre 0.2403 Rec 0.3100
2026-08-23 09:03:17 | ===== Run 4/5 (seed 3) =====
2026-08-23 09:03:17 | Epoch   1/100 | Train Loss 1.9346 | Val Loss 1.9304 Acc 0.2048 AUC 0.7935 Pre 0.1057 Rec 0.1655
2026-08-23 09:03:17 |   Val AUC improved to 0.7935, model saved
2026-08-23 09:03:17 | Epoch   2/100 | Train Loss 1.9303 | Val Loss 1.9261 Acc 0.4133 AUC 0.8856 Pre 0.1621 Rec 0.2466
2026-08-23 09:03:17 |   Val AUC improved to 0.8856, model saved
2026-08-23 09:03:17 | Epoch   3/100 | Train Loss 1.9258 | Val Loss 1.9215 Acc 0.3413 AUC 0.9070 Pre 0.1878 Rec 0.1786
2026-08-23 09:03:17 |   Val AUC improved to 0.9070, model saved
2026-08-23 09:03:17 | Epoch   4/100 | Train Loss 1.9210 | Val Loss 1.9161 Acc 0.3026 AUC 0.9151 Pre 0.0432 Rec 0.1429
2026-08-23 09:03:17 |   Val AUC improved to 0.9151, model saved
2026-08-23 09:03:17 | Epoch   5/100 | Train Loss 1.9154 | Val Loss 1.9098 Acc 0.3026 AUC 0.9183 Pre 0.0432 Rec 0.1429
2026-08-23 09:03:17 |   Val AUC improved to 0.9183, model saved
2026-08-23 09:03:17 | Epoch   6/100 | Train Loss 1.9090 | Val Loss 1.9024 Acc 0.3026 AUC 0.9189 Pre 0.0432 Rec 0.1429
2026-08-23 09:03:17 |   Val AUC improved to 0.9189, model saved
2026-08-23 09:03:17 | Epoch   7/100 | Train Loss 1.9013 | Val Loss 1.8937 Acc 0.3026 AUC 0.9184 Pre 0.0432 Rec 0.1429
2026-08-23 09:03:17 | Epoch   8/100 | Train Loss 1.8923 | Val Loss 1.8835 Acc 0.3026 AUC 0.9168 Pre 0.0432 Rec 0.1429
2026-08-23 09:03:17 | Epoch   9/100 | Train Loss 1.8819 | Val Loss 1.8719 Acc 0.3026 AUC 0.9142 Pre 0.0432 Rec 0.1429
2026-08-23 09:03:17 | Epoch  10/100 | Train Loss 1.8700 | Val Loss 1.8586 Acc 0.3026 AUC 0.9109 Pre 0.0432 Rec 0.1429
2026-08-23 09:03:17 | Epoch  11/100 | Train Loss 1.8565 | Val Loss 1.8438 Acc 0.3026 AUC 0.9074 Pre 0.0432 Rec 0.1429
2026-08-23 09:03:17 | Epoch  12/100 | Train Loss 1.8415 | Val Loss 1.8275 Acc 0.3026 AUC 0.9036 Pre 0.0432 Rec 0.1429
2026-08-23 09:03:17 | Epoch  13/100 | Train Loss 1.8248 | Val Loss 1.8098 Acc 0.3026 AUC 0.8999 Pre 0.0432 Rec 0.1429
2026-08-23 09:03:17 | Epoch  14/100 | Train Loss 1.8066 | Val Loss 1.7910 Acc 0.3026 AUC 0.8963 Pre 0.0432 Rec 0.1429
2026-08-23 09:03:17 | Epoch  15/100 | Train Loss 1.7882 | Val Loss 1.7716 Acc 0.3026 AUC 0.8929 Pre 0.0432 Rec 0.1429
2026-08-23 09:03:17 | Epoch  16/100 | Train Loss 1.7683 | Val Loss 1.7518 Acc 0.3026 AUC 0.8902 Pre 0.0432 Rec 0.1429
2026-08-23 09:03:17 | Val AUC did not improve for 10 consecutive epochs, early stopping at Epoch 16 (best AUC 0.9189 @ Epoch 6)
2026-08-23 09:03:17 | Run 4/5 | Test (best model @ Epoch 6) | Loss 1.9019 Acc 0.3026 AUC 0.9169 Pre 0.0432 Rec 0.1429
2026-08-23 09:03:17 | ===== Run 5/5 (seed 4) =====
2026-08-23 09:03:17 | Epoch   1/100 | Train Loss 1.9530 | Val Loss 1.9491 Acc 0.1771 AUC 0.8309 Pre 0.1940 Rec 0.1798
2026-08-23 09:03:17 |   Val AUC improved to 0.8309, model saved
2026-08-23 09:03:17 | Epoch   2/100 | Train Loss 1.9487 | Val Loss 1.9448 Acc 0.1605 AUC 0.8919 Pre 0.1653 Rec 0.1469
2026-08-23 09:03:17 |   Val AUC improved to 0.8919, model saved
2026-08-23 09:03:17 | Epoch   3/100 | Train Loss 1.9443 | Val Loss 1.9402 Acc 0.1808 AUC 0.9102 Pre 0.3087 Rec 0.1656
2026-08-23 09:03:17 |   Val AUC improved to 0.9102, model saved
2026-08-23 09:03:17 | Epoch   4/100 | Train Loss 1.9393 | Val Loss 1.9347 Acc 0.2269 AUC 0.9173 Pre 0.2990 Rec 0.2082
2026-08-23 09:03:17 |   Val AUC improved to 0.9173, model saved
2026-08-23 09:03:17 | Epoch   5/100 | Train Loss 1.9337 | Val Loss 1.9283 Acc 0.3044 AUC 0.9203 Pre 0.4232 Rec 0.2721
2026-08-23 09:03:17 |   Val AUC improved to 0.9203, model saved
2026-08-23 09:03:17 | Epoch   6/100 | Train Loss 1.9271 | Val Loss 1.9208 Acc 0.3838 AUC 0.9208 Pre 0.4209 Rec 0.3121
2026-08-23 09:03:17 |   Val AUC improved to 0.9208, model saved
2026-08-23 09:03:17 | Epoch   7/100 | Train Loss 1.9193 | Val Loss 1.9119 Acc 0.4797 AUC 0.9203 Pre 0.3971 Rec 0.3433
2026-08-23 09:03:17 | Epoch   8/100 | Train Loss 1.9102 | Val Loss 1.9015 Acc 0.5018 AUC 0.9182 Pre 0.2734 Rec 0.3322
2026-08-23 09:03:17 | Epoch   9/100 | Train Loss 1.8993 | Val Loss 1.8895 Acc 0.4059 AUC 0.9159 Pre 0.3132 Rec 0.2376
2026-08-23 09:03:17 | Epoch  10/100 | Train Loss 1.8870 | Val Loss 1.8758 Acc 0.3376 AUC 0.9130 Pre 0.3305 Rec 0.1751
2026-08-23 09:03:17 | Epoch  11/100 | Train Loss 1.8729 | Val Loss 1.8603 Acc 0.3044 AUC 0.9097 Pre 0.1862 Rec 0.1445
2026-08-23 09:03:17 | Epoch  12/100 | Train Loss 1.8571 | Val Loss 1.8431 Acc 0.3026 AUC 0.9059 Pre 0.0432 Rec 0.1429
2026-08-23 09:03:17 | Epoch  13/100 | Train Loss 1.8396 | Val Loss 1.8243 Acc 0.3026 AUC 0.9022 Pre 0.0432 Rec 0.1429
2026-08-23 09:03:17 | Epoch  14/100 | Train Loss 1.8204 | Val Loss 1.8041 Acc 0.3026 AUC 0.8973 Pre 0.0432 Rec 0.1429
2026-08-23 09:03:17 | Epoch  15/100 | Train Loss 1.8003 | Val Loss 1.7829 Acc 0.3026 AUC 0.8929 Pre 0.0432 Rec 0.1429
2026-08-23 09:03:17 | Epoch  16/100 | Train Loss 1.7787 | Val Loss 1.7611 Acc 0.3026 AUC 0.8889 Pre 0.0432 Rec 0.1429
2026-08-23 09:03:17 | Val AUC did not improve for 10 consecutive epochs, early stopping at Epoch 16 (best AUC 0.9208 @ Epoch 6)
2026-08-23 09:03:17 | Run 5/5 | Test (best model @ Epoch 6) | Loss 1.9198 Acc 0.3690 AUC 0.9177 Pre 0.4097 Rec 0.3026
2026-08-23 09:03:17 | Average over 5 runs | Test Loss 1.9112±0.0127 Acc 0.3461±0.0401 AUC 0.9104±0.0067 Pre 0.2275±0.1813 Rec 0.2405±0.0892
2026-08-23 09:04:04 | Device: cuda
2026-08-23 09:04:04 | Args: {'model': 'gcn', 'backbone': 'mlp', 'task': 'cora', 'epochs': 200, 'batch_size': 128, 'lr': 0.01, 'hidden_dims': [512, 256], 'dropout': 0.5, 'z_dim': 256, 'beta': 0.001, 'patience': 1000, 'runs': 1, 'seed': 0, 'data_dir': './data', 'save_path': 'output/cora_gcn/cora_gcn.pt', 'log_path': 'output/cora_gcn/train_cora_gcn.log'}
2026-08-23 09:04:06 | Cora 划分（60/20/20 分层）：train 1624 / val 542 / test 542（共 2708 节点，7 类）
2026-08-23 09:04:06 | ===== Run 1/1 (seed 0) =====
2026-08-23 09:04:07 | Epoch   1/200 | Train Loss 1.9542 | Val Loss 1.9076 Acc 0.4520 AUC 0.9080 Pre 0.2506 Rec 0.2937
2026-08-23 09:04:07 |   Val AUC improved to 0.9080, model saved
2026-08-23 09:04:07 | Epoch   2/200 | Train Loss 1.9059 | Val Loss 1.7958 Acc 0.3026 AUC 0.8807 Pre 0.0432 Rec 0.1429
2026-08-23 09:04:07 | Epoch   3/200 | Train Loss 1.7911 | Val Loss 1.6917 Acc 0.3026 AUC 0.8438 Pre 0.0432 Rec 0.1429
2026-08-23 09:04:07 | Epoch   4/200 | Train Loss 1.6866 | Val Loss 1.5546 Acc 0.3100 AUC 0.9038 Pre 0.1864 Rec 0.1497
2026-08-23 09:04:07 | Epoch   5/200 | Train Loss 1.5406 | Val Loss 1.3771 Acc 0.5000 AUC 0.9405 Pre 0.4650 Rec 0.3261
2026-08-23 09:04:07 |   Val AUC improved to 0.9405, model saved
2026-08-23 09:04:07 | Epoch   6/200 | Train Loss 1.3474 | Val Loss 1.1989 Acc 0.6827 AUC 0.9534 Pre 0.5436 Rec 0.5255
2026-08-23 09:04:07 |   Val AUC improved to 0.9534, model saved
2026-08-23 09:04:07 | Epoch   7/200 | Train Loss 1.1556 | Val Loss 1.0124 Acc 0.7306 AUC 0.9601 Pre 0.5353 Rec 0.5831
2026-08-23 09:04:07 |   Val AUC improved to 0.9601, model saved
2026-08-23 09:04:07 | Epoch   8/200 | Train Loss 0.9593 | Val Loss 0.8491 Acc 0.7509 AUC 0.9622 Pre 0.5421 Rec 0.6082
2026-08-23 09:04:07 |   Val AUC improved to 0.9622, model saved
2026-08-23 09:04:07 | Epoch   9/200 | Train Loss 0.7814 | Val Loss 0.7342 Acc 0.7546 AUC 0.9637 Pre 0.6826 Rec 0.6185
2026-08-23 09:04:07 |   Val AUC improved to 0.9637, model saved
2026-08-23 09:04:07 | Epoch  10/200 | Train Loss 0.6419 | Val Loss 0.6519 Acc 0.7804 AUC 0.9667 Pre 0.8364 Rec 0.6586
2026-08-23 09:04:07 |   Val AUC improved to 0.9667, model saved
2026-08-23 09:04:07 | Epoch  11/200 | Train Loss 0.5387 | Val Loss 0.5932 Acc 0.8026 AUC 0.9696 Pre 0.8473 Rec 0.7045
2026-08-23 09:04:07 |   Val AUC improved to 0.9696, model saved
2026-08-23 09:04:07 | Epoch  12/200 | Train Loss 0.4549 | Val Loss 0.5583 Acc 0.8155 AUC 0.9718 Pre 0.8468 Rec 0.7417
2026-08-23 09:04:07 |   Val AUC improved to 0.9718, model saved
2026-08-23 09:04:07 | Epoch  13/200 | Train Loss 0.3824 | Val Loss 0.5376 Acc 0.8506 AUC 0.9736 Pre 0.8385 Rec 0.8202
2026-08-23 09:04:07 |   Val AUC improved to 0.9736, model saved
2026-08-23 09:04:07 | Epoch  14/200 | Train Loss 0.3300 | Val Loss 0.5384 Acc 0.8653 AUC 0.9743 Pre 0.8374 Rec 0.8471
2026-08-23 09:04:07 |   Val AUC improved to 0.9743, model saved
2026-08-23 09:04:07 | Epoch  15/200 | Train Loss 0.2783 | Val Loss 0.5687 Acc 0.8598 AUC 0.9742 Pre 0.8360 Rec 0.8484
2026-08-23 09:04:07 | Epoch  16/200 | Train Loss 0.2522 | Val Loss 0.5987 Acc 0.8653 AUC 0.9740 Pre 0.8429 Rec 0.8471
2026-08-23 09:04:07 | Epoch  17/200 | Train Loss 0.2251 | Val Loss 0.6268 Acc 0.8708 AUC 0.9738 Pre 0.8513 Rec 0.8509
2026-08-23 09:04:07 | Epoch  18/200 | Train Loss 0.1939 | Val Loss 0.6688 Acc 0.8653 AUC 0.9742 Pre 0.8489 Rec 0.8465
2026-08-23 09:04:07 | Epoch  19/200 | Train Loss 0.1799 | Val Loss 0.7158 Acc 0.8635 AUC 0.9743 Pre 0.8572 Rec 0.8447
2026-08-23 09:04:07 | Epoch  20/200 | Train Loss 0.1669 | Val Loss 0.7687 Acc 0.8708 AUC 0.9743 Pre 0.8661 Rec 0.8524
2026-08-23 09:04:07 | Epoch  21/200 | Train Loss 0.1605 | Val Loss 0.8095 Acc 0.8672 AUC 0.9741 Pre 0.8605 Rec 0.8515
2026-08-23 09:04:07 | Epoch  22/200 | Train Loss 0.1410 | Val Loss 0.8417 Acc 0.8616 AUC 0.9737 Pre 0.8491 Rec 0.8508
2026-08-23 09:04:07 | Epoch  23/200 | Train Loss 0.1248 | Val Loss 0.8795 Acc 0.8598 AUC 0.9735 Pre 0.8489 Rec 0.8457
2026-08-23 09:04:07 | Epoch  24/200 | Train Loss 0.1139 | Val Loss 0.9275 Acc 0.8598 AUC 0.9729 Pre 0.8525 Rec 0.8465
2026-08-23 09:04:07 | Epoch  25/200 | Train Loss 0.1001 | Val Loss 0.9562 Acc 0.8672 AUC 0.9723 Pre 0.8594 Rec 0.8547
2026-08-23 09:04:07 | Epoch  26/200 | Train Loss 0.0967 | Val Loss 0.9794 Acc 0.8690 AUC 0.9720 Pre 0.8562 Rec 0.8564
2026-08-23 09:04:07 | Epoch  27/200 | Train Loss 0.0867 | Val Loss 1.0006 Acc 0.8708 AUC 0.9719 Pre 0.8572 Rec 0.8580
2026-08-23 09:04:07 | Epoch  28/200 | Train Loss 0.0783 | Val Loss 1.0264 Acc 0.8635 AUC 0.9718 Pre 0.8520 Rec 0.8486
2026-08-23 09:04:07 | Epoch  29/200 | Train Loss 0.0761 | Val Loss 1.0565 Acc 0.8672 AUC 0.9717 Pre 0.8586 Rec 0.8530
2026-08-23 09:04:07 | Epoch  30/200 | Train Loss 0.0737 | Val Loss 1.0710 Acc 0.8690 AUC 0.9717 Pre 0.8620 Rec 0.8547
2026-08-23 09:04:07 | Epoch  31/200 | Train Loss 0.0644 | Val Loss 1.0876 Acc 0.8708 AUC 0.9718 Pre 0.8611 Rec 0.8560
2026-08-23 09:04:07 | Epoch  32/200 | Train Loss 0.0562 | Val Loss 1.1080 Acc 0.8727 AUC 0.9718 Pre 0.8641 Rec 0.8577
2026-08-23 09:04:07 | Epoch  33/200 | Train Loss 0.0609 | Val Loss 1.1290 Acc 0.8708 AUC 0.9717 Pre 0.8611 Rec 0.8560
2026-08-23 09:04:07 | Epoch  34/200 | Train Loss 0.0476 | Val Loss 1.1521 Acc 0.8708 AUC 0.9715 Pre 0.8605 Rec 0.8548
2026-08-23 09:04:07 | Epoch  35/200 | Train Loss 0.0524 | Val Loss 1.1763 Acc 0.8635 AUC 0.9711 Pre 0.8551 Rec 0.8481
2026-08-23 09:04:07 | Epoch  36/200 | Train Loss 0.0440 | Val Loss 1.1938 Acc 0.8653 AUC 0.9709 Pre 0.8538 Rec 0.8498
2026-08-23 09:04:07 | Epoch  37/200 | Train Loss 0.0394 | Val Loss 1.2032 Acc 0.8653 AUC 0.9707 Pre 0.8529 Rec 0.8509
2026-08-23 09:04:07 | Epoch  38/200 | Train Loss 0.0441 | Val Loss 1.2141 Acc 0.8653 AUC 0.9706 Pre 0.8529 Rec 0.8509
2026-08-23 09:04:07 | Epoch  39/200 | Train Loss 0.0398 | Val Loss 1.2275 Acc 0.8598 AUC 0.9704 Pre 0.8463 Rec 0.8460
2026-08-23 09:04:07 | Epoch  40/200 | Train Loss 0.0347 | Val Loss 1.2436 Acc 0.8579 AUC 0.9703 Pre 0.8445 Rec 0.8445
2026-08-23 09:04:07 | Epoch  41/200 | Train Loss 0.0340 | Val Loss 1.2641 Acc 0.8616 AUC 0.9703 Pre 0.8494 Rec 0.8458
2026-08-23 09:04:07 | Epoch  42/200 | Train Loss 0.0350 | Val Loss 1.2776 Acc 0.8635 AUC 0.9704 Pre 0.8520 Rec 0.8467
2026-08-23 09:04:07 | Epoch  43/200 | Train Loss 0.0330 | Val Loss 1.2824 Acc 0.8635 AUC 0.9707 Pre 0.8479 Rec 0.8479
2026-08-23 09:04:07 | Epoch  44/200 | Train Loss 0.0320 | Val Loss 1.2886 Acc 0.8635 AUC 0.9708 Pre 0.8448 Rec 0.8462
2026-08-23 09:04:07 | Epoch  45/200 | Train Loss 0.0272 | Val Loss 1.2905 Acc 0.8653 AUC 0.9709 Pre 0.8441 Rec 0.8479
2026-08-23 09:04:07 | Epoch  46/200 | Train Loss 0.0249 | Val Loss 1.2950 Acc 0.8672 AUC 0.9708 Pre 0.8471 Rec 0.8496
2026-08-23 09:04:07 | Epoch  47/200 | Train Loss 0.0295 | Val Loss 1.3035 Acc 0.8653 AUC 0.9707 Pre 0.8453 Rec 0.8472
2026-08-23 09:04:07 | Epoch  48/200 | Train Loss 0.0271 | Val Loss 1.3130 Acc 0.8672 AUC 0.9704 Pre 0.8463 Rec 0.8489
2026-08-23 09:04:07 | Epoch  49/200 | Train Loss 0.0269 | Val Loss 1.3272 Acc 0.8672 AUC 0.9703 Pre 0.8463 Rec 0.8489
2026-08-23 09:04:07 | Epoch  50/200 | Train Loss 0.0209 | Val Loss 1.3440 Acc 0.8690 AUC 0.9703 Pre 0.8515 Rec 0.8516
2026-08-23 09:04:07 | Epoch  51/200 | Train Loss 0.0196 | Val Loss 1.3638 Acc 0.8653 AUC 0.9702 Pre 0.8478 Rec 0.8483
2026-08-23 09:04:07 | Epoch  52/200 | Train Loss 0.0193 | Val Loss 1.3776 Acc 0.8635 AUC 0.9701 Pre 0.8492 Rec 0.8482
2026-08-23 09:04:07 | Epoch  53/200 | Train Loss 0.0263 | Val Loss 1.3738 Acc 0.8653 AUC 0.9701 Pre 0.8486 Rec 0.8507
2026-08-23 09:04:07 | Epoch  54/200 | Train Loss 0.0188 | Val Loss 1.3722 Acc 0.8635 AUC 0.9699 Pre 0.8442 Rec 0.8491
2026-08-23 09:04:07 | Epoch  55/200 | Train Loss 0.0207 | Val Loss 1.3783 Acc 0.8653 AUC 0.9698 Pre 0.8469 Rec 0.8531
2026-08-23 09:04:07 | Epoch  56/200 | Train Loss 0.0161 | Val Loss 1.3873 Acc 0.8653 AUC 0.9700 Pre 0.8467 Rec 0.8523
2026-08-23 09:04:07 | Epoch  57/200 | Train Loss 0.0182 | Val Loss 1.4037 Acc 0.8635 AUC 0.9703 Pre 0.8464 Rec 0.8498
2026-08-23 09:04:07 | Epoch  58/200 | Train Loss 0.0158 | Val Loss 1.4215 Acc 0.8672 AUC 0.9703 Pre 0.8515 Rec 0.8532
2026-08-23 09:04:07 | Epoch  59/200 | Train Loss 0.0173 | Val Loss 1.4245 Acc 0.8653 AUC 0.9704 Pre 0.8466 Rec 0.8512
2026-08-23 09:04:07 | Epoch  60/200 | Train Loss 0.0185 | Val Loss 1.4105 Acc 0.8672 AUC 0.9704 Pre 0.8456 Rec 0.8520
2026-08-23 09:04:07 | Epoch  61/200 | Train Loss 0.0163 | Val Loss 1.4018 Acc 0.8690 AUC 0.9705 Pre 0.8486 Rec 0.8552
2026-08-23 09:04:07 | Epoch  62/200 | Train Loss 0.0140 | Val Loss 1.3997 Acc 0.8635 AUC 0.9703 Pre 0.8415 Rec 0.8475
2026-08-23 09:04:07 | Epoch  63/200 | Train Loss 0.0141 | Val Loss 1.4044 Acc 0.8653 AUC 0.9701 Pre 0.8452 Rec 0.8484
2026-08-23 09:04:07 | Epoch  64/200 | Train Loss 0.0119 | Val Loss 1.4180 Acc 0.8672 AUC 0.9701 Pre 0.8460 Rec 0.8484
2026-08-23 09:04:07 | Epoch  65/200 | Train Loss 0.0134 | Val Loss 1.4330 Acc 0.8653 AUC 0.9700 Pre 0.8436 Rec 0.8479
2026-08-23 09:04:07 | Epoch  66/200 | Train Loss 0.0155 | Val Loss 1.4430 Acc 0.8635 AUC 0.9700 Pre 0.8426 Rec 0.8481
2026-08-23 09:04:07 | Epoch  67/200 | Train Loss 0.0167 | Val Loss 1.4508 Acc 0.8653 AUC 0.9702 Pre 0.8437 Rec 0.8515
2026-08-23 09:04:07 | Epoch  68/200 | Train Loss 0.0132 | Val Loss 1.4627 Acc 0.8672 AUC 0.9702 Pre 0.8465 Rec 0.8548
2026-08-23 09:04:07 | Epoch  69/200 | Train Loss 0.0143 | Val Loss 1.4744 Acc 0.8690 AUC 0.9701 Pre 0.8491 Rec 0.8565
2026-08-23 09:04:07 | Epoch  70/200 | Train Loss 0.0140 | Val Loss 1.4936 Acc 0.8727 AUC 0.9700 Pre 0.8532 Rec 0.8599
2026-08-23 09:04:07 | Epoch  71/200 | Train Loss 0.0125 | Val Loss 1.5111 Acc 0.8708 AUC 0.9701 Pre 0.8522 Rec 0.8582
2026-08-23 09:04:07 | Epoch  72/200 | Train Loss 0.0129 | Val Loss 1.5107 Acc 0.8708 AUC 0.9701 Pre 0.8522 Rec 0.8582
2026-08-23 09:04:07 | Epoch  73/200 | Train Loss 0.0146 | Val Loss 1.4932 Acc 0.8690 AUC 0.9702 Pre 0.8482 Rec 0.8548
2026-08-23 09:04:07 | Epoch  74/200 | Train Loss 0.0086 | Val Loss 1.4793 Acc 0.8653 AUC 0.9703 Pre 0.8432 Rec 0.8528
2026-08-23 09:04:07 | Epoch  75/200 | Train Loss 0.0089 | Val Loss 1.4743 Acc 0.8579 AUC 0.9702 Pre 0.8349 Rec 0.8437
2026-08-23 09:04:07 | Epoch  76/200 | Train Loss 0.0122 | Val Loss 1.4760 Acc 0.8598 AUC 0.9701 Pre 0.8364 Rec 0.8446
2026-08-23 09:04:07 | Epoch  77/200 | Train Loss 0.0121 | Val Loss 1.4805 Acc 0.8616 AUC 0.9702 Pre 0.8385 Rec 0.8470
2026-08-23 09:04:07 | Epoch  78/200 | Train Loss 0.0136 | Val Loss 1.4854 Acc 0.8598 AUC 0.9703 Pre 0.8367 Rec 0.8449
2026-08-23 09:04:07 | Epoch  79/200 | Train Loss 0.0109 | Val Loss 1.4917 Acc 0.8598 AUC 0.9703 Pre 0.8367 Rec 0.8449
2026-08-23 09:04:07 | Epoch  80/200 | Train Loss 0.0099 | Val Loss 1.5012 Acc 0.8635 AUC 0.9702 Pre 0.8415 Rec 0.8467
2026-08-23 09:04:07 | Epoch  81/200 | Train Loss 0.0080 | Val Loss 1.5132 Acc 0.8635 AUC 0.9700 Pre 0.8415 Rec 0.8467
2026-08-23 09:04:07 | Epoch  82/200 | Train Loss 0.0087 | Val Loss 1.5272 Acc 0.8672 AUC 0.9699 Pre 0.8476 Rec 0.8493
2026-08-23 09:04:07 | Epoch  83/200 | Train Loss 0.0079 | Val Loss 1.5441 Acc 0.8653 AUC 0.9698 Pre 0.8466 Rec 0.8476
2026-08-23 09:04:07 | Epoch  84/200 | Train Loss 0.0088 | Val Loss 1.5589 Acc 0.8672 AUC 0.9697 Pre 0.8488 Rec 0.8509
2026-08-23 09:04:07 | Epoch  85/200 | Train Loss 0.0091 | Val Loss 1.5639 Acc 0.8653 AUC 0.9698 Pre 0.8465 Rec 0.8492
2026-08-23 09:04:07 | Epoch  86/200 | Train Loss 0.0089 | Val Loss 1.5560 Acc 0.8653 AUC 0.9698 Pre 0.8437 Rec 0.8492
2026-08-23 09:04:07 | Epoch  87/200 | Train Loss 0.0077 | Val Loss 1.5492 Acc 0.8616 AUC 0.9699 Pre 0.8405 Rec 0.8474
2026-08-23 09:04:07 | Epoch  88/200 | Train Loss 0.0067 | Val Loss 1.5477 Acc 0.8616 AUC 0.9700 Pre 0.8410 Rec 0.8491
2026-08-23 09:04:07 | Epoch  89/200 | Train Loss 0.0064 | Val Loss 1.5503 Acc 0.8616 AUC 0.9698 Pre 0.8415 Rec 0.8506
2026-08-23 09:04:07 | Epoch  90/200 | Train Loss 0.0109 | Val Loss 1.5550 Acc 0.8635 AUC 0.9699 Pre 0.8431 Rec 0.8518
2026-08-23 09:04:07 | Epoch  91/200 | Train Loss 0.0085 | Val Loss 1.5681 Acc 0.8672 AUC 0.9697 Pre 0.8473 Rec 0.8532
2026-08-23 09:04:07 | Epoch  92/200 | Train Loss 0.0076 | Val Loss 1.5831 Acc 0.8653 AUC 0.9697 Pre 0.8465 Rec 0.8474
2026-08-23 09:04:07 | Epoch  93/200 | Train Loss 0.0060 | Val Loss 1.5983 Acc 0.8635 AUC 0.9696 Pre 0.8462 Rec 0.8449
2026-08-23 09:04:07 | Epoch  94/200 | Train Loss 0.0086 | Val Loss 1.6005 Acc 0.8635 AUC 0.9697 Pre 0.8449 Rec 0.8465
2026-08-23 09:04:07 | Epoch  95/200 | Train Loss 0.0069 | Val Loss 1.5917 Acc 0.8672 AUC 0.9698 Pre 0.8472 Rec 0.8522
2026-08-23 09:04:07 | Epoch  96/200 | Train Loss 0.0059 | Val Loss 1.5899 Acc 0.8635 AUC 0.9698 Pre 0.8427 Rec 0.8506
2026-08-23 09:04:07 | Epoch  97/200 | Train Loss 0.0068 | Val Loss 1.5907 Acc 0.8635 AUC 0.9697 Pre 0.8432 Rec 0.8531
2026-08-23 09:04:07 | Epoch  98/200 | Train Loss 0.0089 | Val Loss 1.5961 Acc 0.8635 AUC 0.9696 Pre 0.8428 Rec 0.8531
2026-08-23 09:04:07 | Epoch  99/200 | Train Loss 0.0076 | Val Loss 1.5981 Acc 0.8579 AUC 0.9697 Pre 0.8350 Rec 0.8457
2026-08-23 09:04:07 | Epoch 100/200 | Train Loss 0.0080 | Val Loss 1.6023 Acc 0.8542 AUC 0.9695 Pre 0.8303 Rec 0.8423
2026-08-23 09:04:07 | Epoch 101/200 | Train Loss 0.0057 | Val Loss 1.6061 Acc 0.8579 AUC 0.9696 Pre 0.8350 Rec 0.8449
2026-08-23 09:04:07 | Epoch 102/200 | Train Loss 0.0080 | Val Loss 1.6102 Acc 0.8635 AUC 0.9696 Pre 0.8411 Rec 0.8492
2026-08-23 09:04:07 | Epoch 103/200 | Train Loss 0.0071 | Val Loss 1.6164 Acc 0.8653 AUC 0.9696 Pre 0.8443 Rec 0.8491
2026-08-23 09:04:07 | Epoch 104/200 | Train Loss 0.0096 | Val Loss 1.6252 Acc 0.8653 AUC 0.9699 Pre 0.8455 Rec 0.8475
2026-08-23 09:04:07 | Epoch 105/200 | Train Loss 0.0056 | Val Loss 1.6312 Acc 0.8635 AUC 0.9699 Pre 0.8434 Rec 0.8441
2026-08-23 09:04:07 | Epoch 106/200 | Train Loss 0.0057 | Val Loss 1.6371 Acc 0.8616 AUC 0.9698 Pre 0.8418 Rec 0.8421
2026-08-23 09:04:07 | Epoch 107/200 | Train Loss 0.0063 | Val Loss 1.6330 Acc 0.8635 AUC 0.9698 Pre 0.8428 Rec 0.8449
2026-08-23 09:04:07 | Epoch 108/200 | Train Loss 0.0055 | Val Loss 1.6259 Acc 0.8598 AUC 0.9698 Pre 0.8370 Rec 0.8420
2026-08-23 09:04:07 | Epoch 109/200 | Train Loss 0.0105 | Val Loss 1.6195 Acc 0.8616 AUC 0.9698 Pre 0.8392 Rec 0.8454
2026-08-23 09:04:07 | Epoch 110/200 | Train Loss 0.0060 | Val Loss 1.6181 Acc 0.8598 AUC 0.9697 Pre 0.8380 Rec 0.8482
2026-08-23 09:04:07 | Epoch 111/200 | Train Loss 0.0069 | Val Loss 1.6252 Acc 0.8635 AUC 0.9696 Pre 0.8395 Rec 0.8500
2026-08-23 09:04:07 | Epoch 112/200 | Train Loss 0.0066 | Val Loss 1.6360 Acc 0.8616 AUC 0.9695 Pre 0.8385 Rec 0.8486
2026-08-23 09:04:07 | Epoch 113/200 | Train Loss 0.0086 | Val Loss 1.6439 Acc 0.8598 AUC 0.9695 Pre 0.8366 Rec 0.8462
2026-08-23 09:04:07 | Epoch 114/200 | Train Loss 0.0055 | Val Loss 1.6534 Acc 0.8616 AUC 0.9695 Pre 0.8388 Rec 0.8479
2026-08-23 09:04:07 | Epoch 115/200 | Train Loss 0.0044 | Val Loss 1.6631 Acc 0.8672 AUC 0.9695 Pre 0.8460 Rec 0.8504
2026-08-23 09:04:07 | Epoch 116/200 | Train Loss 0.0044 | Val Loss 1.6763 Acc 0.8635 AUC 0.9696 Pre 0.8425 Rec 0.8467
2026-08-23 09:04:07 | Epoch 117/200 | Train Loss 0.0050 | Val Loss 1.6916 Acc 0.8598 AUC 0.9696 Pre 0.8394 Rec 0.8417
2026-08-23 09:04:07 | Epoch 118/200 | Train Loss 0.0073 | Val Loss 1.6886 Acc 0.8635 AUC 0.9695 Pre 0.8437 Rec 0.8451
2026-08-23 09:04:07 | Epoch 119/200 | Train Loss 0.0061 | Val Loss 1.6842 Acc 0.8672 AUC 0.9695 Pre 0.8465 Rec 0.8491
2026-08-23 09:04:07 | Epoch 120/200 | Train Loss 0.0049 | Val Loss 1.6808 Acc 0.8672 AUC 0.9696 Pre 0.8465 Rec 0.8491
2026-08-23 09:04:07 | Epoch 121/200 | Train Loss 0.0083 | Val Loss 1.6719 Acc 0.8635 AUC 0.9694 Pre 0.8446 Rec 0.8474
2026-08-23 09:04:07 | Epoch 122/200 | Train Loss 0.0049 | Val Loss 1.6674 Acc 0.8635 AUC 0.9693 Pre 0.8446 Rec 0.8474
2026-08-23 09:04:07 | Epoch 123/200 | Train Loss 0.0050 | Val Loss 1.6670 Acc 0.8616 AUC 0.9692 Pre 0.8404 Rec 0.8457
2026-08-23 09:04:07 | Epoch 124/200 | Train Loss 0.0049 | Val Loss 1.6747 Acc 0.8616 AUC 0.9692 Pre 0.8412 Rec 0.8445
2026-08-23 09:04:07 | Epoch 125/200 | Train Loss 0.0054 | Val Loss 1.6855 Acc 0.8616 AUC 0.9692 Pre 0.8399 Rec 0.8437
2026-08-23 09:04:07 | Epoch 126/200 | Train Loss 0.0057 | Val Loss 1.6900 Acc 0.8598 AUC 0.9691 Pre 0.8382 Rec 0.8413
2026-08-23 09:04:07 | Epoch 127/200 | Train Loss 0.0084 | Val Loss 1.6885 Acc 0.8579 AUC 0.9691 Pre 0.8365 Rec 0.8406
2026-08-23 09:04:07 | Epoch 128/200 | Train Loss 0.0048 | Val Loss 1.6898 Acc 0.8579 AUC 0.9693 Pre 0.8365 Rec 0.8406
2026-08-23 09:04:07 | Epoch 129/200 | Train Loss 0.0053 | Val Loss 1.6857 Acc 0.8579 AUC 0.9693 Pre 0.8362 Rec 0.8413
2026-08-23 09:04:07 | Epoch 130/200 | Train Loss 0.0045 | Val Loss 1.6876 Acc 0.8598 AUC 0.9692 Pre 0.8366 Rec 0.8440
2026-08-23 09:04:07 | Epoch 131/200 | Train Loss 0.0064 | Val Loss 1.6962 Acc 0.8616 AUC 0.9692 Pre 0.8346 Rec 0.8437
2026-08-23 09:04:07 | Epoch 132/200 | Train Loss 0.0048 | Val Loss 1.7106 Acc 0.8598 AUC 0.9693 Pre 0.8335 Rec 0.8420
2026-08-23 09:04:07 | Epoch 133/200 | Train Loss 0.0074 | Val Loss 1.7213 Acc 0.8579 AUC 0.9693 Pre 0.8334 Rec 0.8403
2026-08-23 09:04:07 | Epoch 134/200 | Train Loss 0.0072 | Val Loss 1.7193 Acc 0.8653 AUC 0.9693 Pre 0.8475 Rec 0.8492
2026-08-23 09:04:08 | Epoch 135/200 | Train Loss 0.0057 | Val Loss 1.7134 Acc 0.8635 AUC 0.9694 Pre 0.8462 Rec 0.8488
2026-08-23 09:04:08 | Epoch 136/200 | Train Loss 0.0038 | Val Loss 1.7155 Acc 0.8616 AUC 0.9694 Pre 0.8458 Rec 0.8464
2026-08-23 09:04:08 | Epoch 137/200 | Train Loss 0.0049 | Val Loss 1.7214 Acc 0.8635 AUC 0.9693 Pre 0.8488 Rec 0.8481
2026-08-23 09:04:08 | Epoch 138/200 | Train Loss 0.0061 | Val Loss 1.7307 Acc 0.8635 AUC 0.9693 Pre 0.8479 Rec 0.8481
2026-08-23 09:04:08 | Epoch 139/200 | Train Loss 0.0045 | Val Loss 1.7414 Acc 0.8690 AUC 0.9692 Pre 0.8536 Rec 0.8515
2026-08-23 09:04:08 | Epoch 140/200 | Train Loss 0.0036 | Val Loss 1.7537 Acc 0.8672 AUC 0.9691 Pre 0.8507 Rec 0.8498
2026-08-23 09:04:08 | Epoch 141/200 | Train Loss 0.0042 | Val Loss 1.7684 Acc 0.8635 AUC 0.9691 Pre 0.8465 Rec 0.8468
2026-08-23 09:04:08 | Epoch 142/200 | Train Loss 0.0069 | Val Loss 1.7698 Acc 0.8579 AUC 0.9691 Pre 0.8358 Rec 0.8397
2026-08-23 09:04:08 | Epoch 143/200 | Train Loss 0.0073 | Val Loss 1.7557 Acc 0.8616 AUC 0.9691 Pre 0.8383 Rec 0.8430
2026-08-23 09:04:08 | Epoch 144/200 | Train Loss 0.0047 | Val Loss 1.7432 Acc 0.8616 AUC 0.9692 Pre 0.8383 Rec 0.8430
2026-08-23 09:04:08 | Epoch 145/200 | Train Loss 0.0036 | Val Loss 1.7330 Acc 0.8616 AUC 0.9691 Pre 0.8369 Rec 0.8434
2026-08-23 09:04:08 | Epoch 146/200 | Train Loss 0.0040 | Val Loss 1.7270 Acc 0.8598 AUC 0.9691 Pre 0.8352 Rec 0.8425
2026-08-23 09:04:08 | Epoch 147/200 | Train Loss 0.0044 | Val Loss 1.7275 Acc 0.8635 AUC 0.9691 Pre 0.8377 Rec 0.8457
2026-08-23 09:04:08 | Epoch 148/200 | Train Loss 0.0048 | Val Loss 1.7354 Acc 0.8635 AUC 0.9691 Pre 0.8377 Rec 0.8457
2026-08-23 09:04:08 | Epoch 149/200 | Train Loss 0.0039 | Val Loss 1.7501 Acc 0.8690 AUC 0.9691 Pre 0.8481 Rec 0.8522
2026-08-23 09:04:08 | Epoch 150/200 | Train Loss 0.0072 | Val Loss 1.7611 Acc 0.8672 AUC 0.9690 Pre 0.8464 Rec 0.8498
2026-08-23 09:04:08 | Epoch 151/200 | Train Loss 0.0054 | Val Loss 1.7665 Acc 0.8690 AUC 0.9690 Pre 0.8506 Rec 0.8515
2026-08-23 09:04:08 | Epoch 152/200 | Train Loss 0.0036 | Val Loss 1.7711 Acc 0.8690 AUC 0.9690 Pre 0.8506 Rec 0.8515
2026-08-23 09:04:08 | Epoch 153/200 | Train Loss 0.0043 | Val Loss 1.7737 Acc 0.8690 AUC 0.9690 Pre 0.8506 Rec 0.8515
2026-08-23 09:04:08 | Epoch 154/200 | Train Loss 0.0036 | Val Loss 1.7760 Acc 0.8690 AUC 0.9690 Pre 0.8499 Rec 0.8515
2026-08-23 09:04:08 | Epoch 155/200 | Train Loss 0.0059 | Val Loss 1.7802 Acc 0.8672 AUC 0.9689 Pre 0.8471 Rec 0.8498
2026-08-23 09:04:08 | Epoch 156/200 | Train Loss 0.0030 | Val Loss 1.7850 Acc 0.8672 AUC 0.9689 Pre 0.8459 Rec 0.8498
2026-08-23 09:04:08 | Epoch 157/200 | Train Loss 0.0045 | Val Loss 1.7908 Acc 0.8653 AUC 0.9689 Pre 0.8474 Rec 0.8485
2026-08-23 09:04:08 | Epoch 158/200 | Train Loss 0.0027 | Val Loss 1.7909 Acc 0.8635 AUC 0.9688 Pre 0.8448 Rec 0.8468
2026-08-23 09:04:08 | Epoch 159/200 | Train Loss 0.0055 | Val Loss 1.7840 Acc 0.8616 AUC 0.9688 Pre 0.8402 Rec 0.8445
2026-08-23 09:04:08 | Epoch 160/200 | Train Loss 0.0028 | Val Loss 1.7782 Acc 0.8616 AUC 0.9689 Pre 0.8389 Rec 0.8464
2026-08-23 09:04:08 | Epoch 161/200 | Train Loss 0.0032 | Val Loss 1.7768 Acc 0.8616 AUC 0.9690 Pre 0.8392 Rec 0.8464
2026-08-23 09:04:08 | Epoch 162/200 | Train Loss 0.0025 | Val Loss 1.7771 Acc 0.8616 AUC 0.9690 Pre 0.8403 Rec 0.8464
2026-08-23 09:04:08 | Epoch 163/200 | Train Loss 0.0038 | Val Loss 1.7791 Acc 0.8598 AUC 0.9690 Pre 0.8398 Rec 0.8437
2026-08-23 09:04:08 | Epoch 164/200 | Train Loss 0.0042 | Val Loss 1.7880 Acc 0.8616 AUC 0.9689 Pre 0.8411 Rec 0.8445
2026-08-23 09:04:08 | Epoch 165/200 | Train Loss 0.0041 | Val Loss 1.7963 Acc 0.8635 AUC 0.9689 Pre 0.8429 Rec 0.8454
2026-08-23 09:04:08 | Epoch 166/200 | Train Loss 0.0037 | Val Loss 1.8012 Acc 0.8616 AUC 0.9689 Pre 0.8419 Rec 0.8437
2026-08-23 09:04:08 | Epoch 167/200 | Train Loss 0.0027 | Val Loss 1.8053 Acc 0.8616 AUC 0.9688 Pre 0.8419 Rec 0.8437
2026-08-23 09:04:08 | Epoch 168/200 | Train Loss 0.0030 | Val Loss 1.8041 Acc 0.8672 AUC 0.9688 Pre 0.8468 Rec 0.8502
2026-08-23 09:04:08 | Epoch 169/200 | Train Loss 0.0036 | Val Loss 1.8022 Acc 0.8672 AUC 0.9688 Pre 0.8468 Rec 0.8502
2026-08-23 09:04:08 | Epoch 170/200 | Train Loss 0.0027 | Val Loss 1.8000 Acc 0.8635 AUC 0.9686 Pre 0.8420 Rec 0.8451
2026-08-23 09:04:08 | Epoch 171/200 | Train Loss 0.0031 | Val Loss 1.8024 Acc 0.8579 AUC 0.9685 Pre 0.8329 Rec 0.8404
2026-08-23 09:04:08 | Epoch 172/200 | Train Loss 0.0087 | Val Loss 1.8028 Acc 0.8579 AUC 0.9684 Pre 0.8335 Rec 0.8413
2026-08-23 09:04:08 | Epoch 173/200 | Train Loss 0.0057 | Val Loss 1.8023 Acc 0.8561 AUC 0.9685 Pre 0.8333 Rec 0.8404
2026-08-23 09:04:08 | Epoch 174/200 | Train Loss 0.0033 | Val Loss 1.8060 Acc 0.8561 AUC 0.9685 Pre 0.8333 Rec 0.8404
2026-08-23 09:04:08 | Epoch 175/200 | Train Loss 0.0031 | Val Loss 1.8108 Acc 0.8561 AUC 0.9685 Pre 0.8343 Rec 0.8404
2026-08-23 09:04:08 | Epoch 176/200 | Train Loss 0.0062 | Val Loss 1.8166 Acc 0.8579 AUC 0.9686 Pre 0.8335 Rec 0.8413
2026-08-23 09:04:08 | Epoch 177/200 | Train Loss 0.0052 | Val Loss 1.8273 Acc 0.8635 AUC 0.9686 Pre 0.8389 Rec 0.8454
2026-08-23 09:04:08 | Epoch 178/200 | Train Loss 0.0048 | Val Loss 1.8427 Acc 0.8598 AUC 0.9687 Pre 0.8361 Rec 0.8420
2026-08-23 09:04:08 | Epoch 179/200 | Train Loss 0.0059 | Val Loss 1.8610 Acc 0.8616 AUC 0.9687 Pre 0.8410 Rec 0.8470
2026-08-23 09:04:08 | Epoch 180/200 | Train Loss 0.0048 | Val Loss 1.8751 Acc 0.8598 AUC 0.9686 Pre 0.8406 Rec 0.8470
2026-08-23 09:04:08 | Epoch 181/200 | Train Loss 0.0049 | Val Loss 1.8700 Acc 0.8635 AUC 0.9687 Pre 0.8441 Rec 0.8503
2026-08-23 09:04:08 | Epoch 182/200 | Train Loss 0.0034 | Val Loss 1.8586 Acc 0.8653 AUC 0.9686 Pre 0.8451 Rec 0.8504
2026-08-23 09:04:08 | Epoch 183/200 | Train Loss 0.0053 | Val Loss 1.8471 Acc 0.8598 AUC 0.9686 Pre 0.8360 Rec 0.8456
2026-08-23 09:04:08 | Epoch 184/200 | Train Loss 0.0037 | Val Loss 1.8438 Acc 0.8561 AUC 0.9685 Pre 0.8333 Rec 0.8401
2026-08-23 09:04:08 | Epoch 185/200 | Train Loss 0.0060 | Val Loss 1.8418 Acc 0.8506 AUC 0.9684 Pre 0.8264 Rec 0.8368
2026-08-23 09:04:08 | Epoch 186/200 | Train Loss 0.0053 | Val Loss 1.8394 Acc 0.8524 AUC 0.9683 Pre 0.8295 Rec 0.8388
2026-08-23 09:04:08 | Epoch 187/200 | Train Loss 0.0047 | Val Loss 1.8398 Acc 0.8542 AUC 0.9682 Pre 0.8291 Rec 0.8365
2026-08-23 09:04:08 | Epoch 188/200 | Train Loss 0.0041 | Val Loss 1.8435 Acc 0.8579 AUC 0.9683 Pre 0.8335 Rec 0.8390
2026-08-23 09:04:08 | Epoch 189/200 | Train Loss 0.0028 | Val Loss 1.8512 Acc 0.8579 AUC 0.9683 Pre 0.8354 Rec 0.8397
2026-08-23 09:04:08 | Epoch 190/200 | Train Loss 0.0067 | Val Loss 1.8524 Acc 0.8598 AUC 0.9684 Pre 0.8378 Rec 0.8414
2026-08-23 09:04:08 | Epoch 191/200 | Train Loss 0.0045 | Val Loss 1.8497 Acc 0.8579 AUC 0.9685 Pre 0.8356 Rec 0.8397
2026-08-23 09:04:08 | Epoch 192/200 | Train Loss 0.0030 | Val Loss 1.8455 Acc 0.8616 AUC 0.9685 Pre 0.8392 Rec 0.8454
2026-08-23 09:04:08 | Epoch 193/200 | Train Loss 0.0032 | Val Loss 1.8445 Acc 0.8653 AUC 0.9684 Pre 0.8433 Rec 0.8488
2026-08-23 09:04:08 | Epoch 194/200 | Train Loss 0.0021 | Val Loss 1.8473 Acc 0.8653 AUC 0.9684 Pre 0.8443 Rec 0.8496
2026-08-23 09:04:08 | Epoch 195/200 | Train Loss 0.0048 | Val Loss 1.8533 Acc 0.8653 AUC 0.9684 Pre 0.8461 Rec 0.8493
2026-08-23 09:04:08 | Epoch 196/200 | Train Loss 0.0033 | Val Loss 1.8616 Acc 0.8690 AUC 0.9684 Pre 0.8505 Rec 0.8550
2026-08-23 09:04:08 | Epoch 197/200 | Train Loss 0.0039 | Val Loss 1.8694 Acc 0.8690 AUC 0.9684 Pre 0.8505 Rec 0.8550
2026-08-23 09:04:08 | Epoch 198/200 | Train Loss 0.0050 | Val Loss 1.8748 Acc 0.8708 AUC 0.9683 Pre 0.8523 Rec 0.8558
2026-08-23 09:04:08 | Epoch 199/200 | Train Loss 0.0030 | Val Loss 1.8768 Acc 0.8690 AUC 0.9683 Pre 0.8499 Rec 0.8519
2026-08-23 09:04:08 | Epoch 200/200 | Train Loss 0.0025 | Val Loss 1.8809 Acc 0.8653 AUC 0.9681 Pre 0.8458 Rec 0.8462
2026-08-23 09:04:08 | Run 1/1 | Test (best model @ Epoch 14) | Loss 0.5036 Acc 0.8745 AUC 0.9790 Pre 0.8532 Rec 0.8656
2026-08-23 09:04:08 | Average over 1 runs | Test Loss 0.5036±nan Acc 0.8745±nan AUC 0.9790±nan Pre 0.8532±nan Rec 0.8656±nan
2026-08-23 09:04:56 | Device: cuda
2026-08-23 09:04:56 | Args: {'model': 'gcn', 'backbone': 'mlp', 'task': 'cora', 'epochs': 100, 'batch_size': 128, 'lr': 0.001, 'hidden_dims': [512, 256], 'dropout': 0.2, 'z_dim': 256, 'beta': 0.001, 'patience': 10, 'runs': 5, 'seed': 0, 'data_dir': './data', 'save_path': 'output/cora_gcn/cora_gcn.pt', 'log_path': 'output/cora_gcn/train_cora_gcn.log'}
2026-08-23 09:04:57 | Cora 划分（60/20/20 分层）：train 1624 / val 542 / test 542（共 2708 节点，7 类）
2026-08-23 09:04:58 | ===== Run 1/5 (seed 0) =====
2026-08-23 09:04:58 | Epoch   1/100 | Train Loss 1.9542 | Val Loss 1.9503 Acc 0.1107 AUC 0.7929 Pre 0.0158 Rec 0.1429
2026-08-23 09:04:58 |   Val AUC improved to 0.7929, model saved
2026-08-23 09:04:58 | Epoch   2/100 | Train Loss 1.9500 | Val Loss 1.9461 Acc 0.1218 AUC 0.8729 Pre 0.1113 Rec 0.1529
2026-08-23 09:04:58 |   Val AUC improved to 0.8729, model saved
2026-08-23 09:04:58 | Epoch   3/100 | Train Loss 1.9456 | Val Loss 1.9415 Acc 0.2823 AUC 0.8983 Pre 0.2257 Rec 0.2983
2026-08-23 09:04:58 |   Val AUC improved to 0.8983, model saved
2026-08-23 09:04:58 | Epoch   4/100 | Train Loss 1.9408 | Val Loss 1.9362 Acc 0.3579 AUC 0.9074 Pre 0.3748 Rec 0.3587
2026-08-23 09:04:58 |   Val AUC improved to 0.9074, model saved
2026-08-23 09:04:58 | Epoch   5/100 | Train Loss 1.9353 | Val Loss 1.9299 Acc 0.3358 AUC 0.9111 Pre 0.3831 Rec 0.3148
2026-08-23 09:04:58 |   Val AUC improved to 0.9111, model saved
2026-08-23 09:04:58 | Epoch   6/100 | Train Loss 1.9288 | Val Loss 1.9226 Acc 0.3635 AUC 0.9118 Pre 0.4073 Rec 0.2949
2026-08-23 09:04:58 |   Val AUC improved to 0.9118, model saved
2026-08-23 09:04:58 | Epoch   7/100 | Train Loss 1.9210 | Val Loss 1.9138 Acc 0.4557 AUC 0.9109 Pre 0.2522 Rec 0.3217
2026-08-23 09:04:58 | Epoch   8/100 | Train Loss 1.9121 | Val Loss 1.9037 Acc 0.4594 AUC 0.9089 Pre 0.2644 Rec 0.2915
2026-08-23 09:04:58 | Epoch   9/100 | Train Loss 1.9017 | Val Loss 1.8919 Acc 0.3653 AUC 0.9061 Pre 0.3034 Rec 0.2012
2026-08-23 09:04:58 | Epoch  10/100 | Train Loss 1.8893 | Val Loss 1.8784 Acc 0.3118 AUC 0.9027 Pre 0.3293 Rec 0.1513
2026-08-23 09:04:58 | Epoch  11/100 | Train Loss 1.8757 | Val Loss 1.8632 Acc 0.3026 AUC 0.8990 Pre 0.0432 Rec 0.1429
2026-08-23 09:04:58 | Epoch  12/100 | Train Loss 1.8602 | Val Loss 1.8464 Acc 0.3026 AUC 0.8948 Pre 0.0432 Rec 0.1429
2026-08-23 09:04:58 | Epoch  13/100 | Train Loss 1.8430 | Val Loss 1.8281 Acc 0.3026 AUC 0.8903 Pre 0.0432 Rec 0.1429
2026-08-23 09:04:58 | Epoch  14/100 | Train Loss 1.8240 | Val Loss 1.8084 Acc 0.3026 AUC 0.8861 Pre 0.0432 Rec 0.1429
2026-08-23 09:04:58 | Epoch  15/100 | Train Loss 1.8045 | Val Loss 1.7879 Acc 0.3026 AUC 0.8820 Pre 0.0432 Rec 0.1429
2026-08-23 09:04:58 | Epoch  16/100 | Train Loss 1.7837 | Val Loss 1.7669 Acc 0.3026 AUC 0.8789 Pre 0.0432 Rec 0.1429
2026-08-23 09:04:58 | Val AUC did not improve for 10 consecutive epochs, early stopping at Epoch 16 (best AUC 0.9118 @ Epoch 6)
2026-08-23 09:04:58 | Run 1/5 | Test (best model @ Epoch 6) | Loss 1.9216 Acc 0.3727 AUC 0.9071 Pre 0.4011 Rec 0.3042
2026-08-23 09:04:58 | ===== Run 2/5 (seed 1) =====
2026-08-23 09:04:58 | Epoch   1/100 | Train Loss 1.9356 | Val Loss 1.9315 Acc 0.3026 AUC 0.7821 Pre 0.0432 Rec 0.1429
2026-08-23 09:04:58 |   Val AUC improved to 0.7821, model saved
2026-08-23 09:04:58 | Epoch   2/100 | Train Loss 1.9314 | Val Loss 1.9273 Acc 0.3026 AUC 0.8635 Pre 0.0432 Rec 0.1429
2026-08-23 09:04:58 |   Val AUC improved to 0.8635, model saved
2026-08-23 09:04:58 | Epoch   3/100 | Train Loss 1.9270 | Val Loss 1.9226 Acc 0.3026 AUC 0.8857 Pre 0.0432 Rec 0.1429
2026-08-23 09:04:58 |   Val AUC improved to 0.8857, model saved
2026-08-23 09:04:58 | Epoch   4/100 | Train Loss 1.9220 | Val Loss 1.9172 Acc 0.3026 AUC 0.8948 Pre 0.0432 Rec 0.1429
2026-08-23 09:04:58 |   Val AUC improved to 0.8948, model saved
2026-08-23 09:04:58 | Epoch   5/100 | Train Loss 1.9165 | Val Loss 1.9108 Acc 0.3026 AUC 0.8985 Pre 0.0432 Rec 0.1429
2026-08-23 09:04:58 |   Val AUC improved to 0.8985, model saved
2026-08-23 09:04:58 | Epoch   6/100 | Train Loss 1.9098 | Val Loss 1.9033 Acc 0.3026 AUC 0.9002 Pre 0.0432 Rec 0.1429
2026-08-23 09:04:58 |   Val AUC improved to 0.9002, model saved
2026-08-23 09:04:58 | Epoch   7/100 | Train Loss 1.9019 | Val Loss 1.8944 Acc 0.3026 AUC 0.9004 Pre 0.0432 Rec 0.1429
2026-08-23 09:04:58 |   Val AUC improved to 0.9004, model saved
2026-08-23 09:04:58 | Epoch   8/100 | Train Loss 1.8928 | Val Loss 1.8841 Acc 0.3026 AUC 0.8998 Pre 0.0432 Rec 0.1429
2026-08-23 09:04:58 | Epoch   9/100 | Train Loss 1.8823 | Val Loss 1.8722 Acc 0.3026 AUC 0.8983 Pre 0.0432 Rec 0.1429
2026-08-23 09:04:58 | Epoch  10/100 | Train Loss 1.8701 | Val Loss 1.8588 Acc 0.3026 AUC 0.8957 Pre 0.0432 Rec 0.1429
2026-08-23 09:04:58 | Epoch  11/100 | Train Loss 1.8562 | Val Loss 1.8438 Acc 0.3026 AUC 0.8924 Pre 0.0432 Rec 0.1429
2026-08-23 09:04:58 | Epoch  12/100 | Train Loss 1.8411 | Val Loss 1.8274 Acc 0.3026 AUC 0.8886 Pre 0.0432 Rec 0.1429
2026-08-23 09:04:58 | Epoch  13/100 | Train Loss 1.8246 | Val Loss 1.8098 Acc 0.3026 AUC 0.8844 Pre 0.0432 Rec 0.1429
2026-08-23 09:04:58 | Epoch  14/100 | Train Loss 1.8065 | Val Loss 1.7914 Acc 0.3026 AUC 0.8803 Pre 0.0432 Rec 0.1429
2026-08-23 09:04:58 | Epoch  15/100 | Train Loss 1.7878 | Val Loss 1.7725 Acc 0.3026 AUC 0.8767 Pre 0.0432 Rec 0.1429
2026-08-23 09:04:58 | Epoch  16/100 | Train Loss 1.7687 | Val Loss 1.7538 Acc 0.3026 AUC 0.8732 Pre 0.0432 Rec 0.1429
2026-08-23 09:04:58 | Epoch  17/100 | Train Loss 1.7503 | Val Loss 1.7355 Acc 0.3026 AUC 0.8712 Pre 0.0432 Rec 0.1429
2026-08-23 09:04:58 | Val AUC did not improve for 10 consecutive epochs, early stopping at Epoch 17 (best AUC 0.9004 @ Epoch 7)
2026-08-23 09:04:58 | Run 2/5 | Test (best model @ Epoch 7) | Loss 1.8935 Acc 0.3026 AUC 0.9022 Pre 0.0432 Rec 0.1429
2026-08-23 09:04:58 | ===== Run 3/5 (seed 2) =====
2026-08-23 09:04:58 | Epoch   1/100 | Train Loss 1.9521 | Val Loss 1.9479 Acc 0.2030 AUC 0.8479 Pre 0.0609 Rec 0.2506
2026-08-23 09:04:58 |   Val AUC improved to 0.8479, model saved
2026-08-23 09:04:58 | Epoch   2/100 | Train Loss 1.9478 | Val Loss 1.9437 Acc 0.1550 AUC 0.9032 Pre 0.0221 Rec 0.1429
2026-08-23 09:04:58 |   Val AUC improved to 0.9032, model saved
2026-08-23 09:04:58 | Epoch   3/100 | Train Loss 1.9434 | Val Loss 1.9391 Acc 0.1716 AUC 0.9147 Pre 0.1511 Rec 0.1580
2026-08-23 09:04:58 |   Val AUC improved to 0.9147, model saved
2026-08-23 09:04:58 | Epoch   4/100 | Train Loss 1.9385 | Val Loss 1.9337 Acc 0.2066 AUC 0.9184 Pre 0.1319 Rec 0.1899
2026-08-23 09:04:58 |   Val AUC improved to 0.9184, model saved
2026-08-23 09:04:58 | Epoch   5/100 | Train Loss 1.9329 | Val Loss 1.9274 Acc 0.2841 AUC 0.9190 Pre 0.2580 Rec 0.2532
2026-08-23 09:04:58 |   Val AUC improved to 0.9190, model saved
2026-08-23 09:04:58 | Epoch   6/100 | Train Loss 1.9264 | Val Loss 1.9200 Acc 0.3653 AUC 0.9191 Pre 0.2387 Rec 0.2964
2026-08-23 09:04:58 |   Val AUC improved to 0.9191, model saved
2026-08-23 09:04:58 | Epoch   7/100 | Train Loss 1.9187 | Val Loss 1.9112 Acc 0.4815 AUC 0.9178 Pre 0.2254 Rec 0.3415
2026-08-23 09:04:58 | Epoch   8/100 | Train Loss 1.9097 | Val Loss 1.9010 Acc 0.5111 AUC 0.9160 Pre 0.2829 Rec 0.3367
2026-08-23 09:04:58 | Epoch   9/100 | Train Loss 1.8991 | Val Loss 1.8891 Acc 0.4114 AUC 0.9139 Pre 0.3219 Rec 0.2428
2026-08-23 09:04:58 | Epoch  10/100 | Train Loss 1.8870 | Val Loss 1.8756 Acc 0.3266 AUC 0.9114 Pre 0.3300 Rec 0.1649
2026-08-23 09:04:58 | Epoch  11/100 | Train Loss 1.8731 | Val Loss 1.8604 Acc 0.3026 AUC 0.9085 Pre 0.0432 Rec 0.1429
2026-08-23 09:04:58 | Epoch  12/100 | Train Loss 1.8577 | Val Loss 1.8436 Acc 0.3026 AUC 0.9056 Pre 0.0432 Rec 0.1429
2026-08-23 09:04:58 | Epoch  13/100 | Train Loss 1.8406 | Val Loss 1.8252 Acc 0.3026 AUC 0.9026 Pre 0.0432 Rec 0.1429
2026-08-23 09:04:58 | Epoch  14/100 | Train Loss 1.8221 | Val Loss 1.8056 Acc 0.3026 AUC 0.8999 Pre 0.0432 Rec 0.1429
2026-08-23 09:04:58 | Epoch  15/100 | Train Loss 1.8018 | Val Loss 1.7850 Acc 0.3026 AUC 0.8969 Pre 0.0432 Rec 0.1429
2026-08-23 09:04:58 | Epoch  16/100 | Train Loss 1.7819 | Val Loss 1.7641 Acc 0.3026 AUC 0.8941 Pre 0.0432 Rec 0.1429
2026-08-23 09:04:58 | Val AUC did not improve for 10 consecutive epochs, early stopping at Epoch 16 (best AUC 0.9191 @ Epoch 6)
2026-08-23 09:04:58 | Run 3/5 | Test (best model @ Epoch 6) | Loss 1.9192 Acc 0.3838 AUC 0.9081 Pre 0.2403 Rec 0.3100
2026-08-23 09:04:58 | ===== Run 4/5 (seed 3) =====
2026-08-23 09:04:58 | Epoch   1/100 | Train Loss 1.9346 | Val Loss 1.9304 Acc 0.2048 AUC 0.7935 Pre 0.1057 Rec 0.1655
2026-08-23 09:04:58 |   Val AUC improved to 0.7935, model saved
2026-08-23 09:04:58 | Epoch   2/100 | Train Loss 1.9303 | Val Loss 1.9261 Acc 0.4133 AUC 0.8856 Pre 0.1621 Rec 0.2466
2026-08-23 09:04:58 |   Val AUC improved to 0.8856, model saved
2026-08-23 09:04:58 | Epoch   3/100 | Train Loss 1.9258 | Val Loss 1.9215 Acc 0.3413 AUC 0.9070 Pre 0.1878 Rec 0.1786
2026-08-23 09:04:58 |   Val AUC improved to 0.9070, model saved
2026-08-23 09:04:58 | Epoch   4/100 | Train Loss 1.9210 | Val Loss 1.9161 Acc 0.3026 AUC 0.9151 Pre 0.0432 Rec 0.1429
2026-08-23 09:04:58 |   Val AUC improved to 0.9151, model saved
2026-08-23 09:04:58 | Epoch   5/100 | Train Loss 1.9154 | Val Loss 1.9098 Acc 0.3026 AUC 0.9183 Pre 0.0432 Rec 0.1429
2026-08-23 09:04:58 |   Val AUC improved to 0.9183, model saved
2026-08-23 09:04:58 | Epoch   6/100 | Train Loss 1.9090 | Val Loss 1.9024 Acc 0.3026 AUC 0.9189 Pre 0.0432 Rec 0.1429
2026-08-23 09:04:58 |   Val AUC improved to 0.9189, model saved
2026-08-23 09:04:58 | Epoch   7/100 | Train Loss 1.9013 | Val Loss 1.8937 Acc 0.3026 AUC 0.9184 Pre 0.0432 Rec 0.1429
2026-08-23 09:04:58 | Epoch   8/100 | Train Loss 1.8923 | Val Loss 1.8835 Acc 0.3026 AUC 0.9168 Pre 0.0432 Rec 0.1429
2026-08-23 09:04:58 | Epoch   9/100 | Train Loss 1.8819 | Val Loss 1.8719 Acc 0.3026 AUC 0.9142 Pre 0.0432 Rec 0.1429
2026-08-23 09:04:58 | Epoch  10/100 | Train Loss 1.8700 | Val Loss 1.8586 Acc 0.3026 AUC 0.9109 Pre 0.0432 Rec 0.1429
2026-08-23 09:04:58 | Epoch  11/100 | Train Loss 1.8565 | Val Loss 1.8438 Acc 0.3026 AUC 0.9074 Pre 0.0432 Rec 0.1429
2026-08-23 09:04:58 | Epoch  12/100 | Train Loss 1.8415 | Val Loss 1.8275 Acc 0.3026 AUC 0.9036 Pre 0.0432 Rec 0.1429
2026-08-23 09:04:58 | Epoch  13/100 | Train Loss 1.8248 | Val Loss 1.8098 Acc 0.3026 AUC 0.8999 Pre 0.0432 Rec 0.1429
2026-08-23 09:04:58 | Epoch  14/100 | Train Loss 1.8066 | Val Loss 1.7910 Acc 0.3026 AUC 0.8963 Pre 0.0432 Rec 0.1429
2026-08-23 09:04:59 | Epoch  15/100 | Train Loss 1.7882 | Val Loss 1.7716 Acc 0.3026 AUC 0.8929 Pre 0.0432 Rec 0.1429
2026-08-23 09:04:59 | Epoch  16/100 | Train Loss 1.7683 | Val Loss 1.7518 Acc 0.3026 AUC 0.8902 Pre 0.0432 Rec 0.1429
2026-08-23 09:04:59 | Val AUC did not improve for 10 consecutive epochs, early stopping at Epoch 16 (best AUC 0.9189 @ Epoch 6)
2026-08-23 09:04:59 | Run 4/5 | Test (best model @ Epoch 6) | Loss 1.9019 Acc 0.3026 AUC 0.9169 Pre 0.0432 Rec 0.1429
2026-08-23 09:04:59 | ===== Run 5/5 (seed 4) =====
2026-08-23 09:04:59 | Epoch   1/100 | Train Loss 1.9530 | Val Loss 1.9491 Acc 0.1771 AUC 0.8309 Pre 0.1940 Rec 0.1798
2026-08-23 09:04:59 |   Val AUC improved to 0.8309, model saved
2026-08-23 09:04:59 | Epoch   2/100 | Train Loss 1.9487 | Val Loss 1.9448 Acc 0.1605 AUC 0.8919 Pre 0.1653 Rec 0.1469
2026-08-23 09:04:59 |   Val AUC improved to 0.8919, model saved
2026-08-23 09:04:59 | Epoch   3/100 | Train Loss 1.9443 | Val Loss 1.9402 Acc 0.1808 AUC 0.9102 Pre 0.3087 Rec 0.1656
2026-08-23 09:04:59 |   Val AUC improved to 0.9102, model saved
2026-08-23 09:04:59 | Epoch   4/100 | Train Loss 1.9393 | Val Loss 1.9347 Acc 0.2269 AUC 0.9173 Pre 0.2990 Rec 0.2082
2026-08-23 09:04:59 |   Val AUC improved to 0.9173, model saved
2026-08-23 09:04:59 | Epoch   5/100 | Train Loss 1.9337 | Val Loss 1.9283 Acc 0.3044 AUC 0.9203 Pre 0.4232 Rec 0.2721
2026-08-23 09:04:59 |   Val AUC improved to 0.9203, model saved
2026-08-23 09:04:59 | Epoch   6/100 | Train Loss 1.9271 | Val Loss 1.9208 Acc 0.3838 AUC 0.9208 Pre 0.4209 Rec 0.3121
2026-08-23 09:04:59 |   Val AUC improved to 0.9208, model saved
2026-08-23 09:04:59 | Epoch   7/100 | Train Loss 1.9193 | Val Loss 1.9119 Acc 0.4797 AUC 0.9203 Pre 0.3971 Rec 0.3433
2026-08-23 09:04:59 | Epoch   8/100 | Train Loss 1.9102 | Val Loss 1.9015 Acc 0.5018 AUC 0.9182 Pre 0.2734 Rec 0.3322
2026-08-23 09:04:59 | Epoch   9/100 | Train Loss 1.8993 | Val Loss 1.8895 Acc 0.4059 AUC 0.9159 Pre 0.3132 Rec 0.2376
2026-08-23 09:04:59 | Epoch  10/100 | Train Loss 1.8870 | Val Loss 1.8758 Acc 0.3376 AUC 0.9130 Pre 0.3305 Rec 0.1751
2026-08-23 09:04:59 | Epoch  11/100 | Train Loss 1.8729 | Val Loss 1.8603 Acc 0.3044 AUC 0.9097 Pre 0.1862 Rec 0.1445
2026-08-23 09:04:59 | Epoch  12/100 | Train Loss 1.8571 | Val Loss 1.8431 Acc 0.3026 AUC 0.9059 Pre 0.0432 Rec 0.1429
2026-08-23 09:04:59 | Epoch  13/100 | Train Loss 1.8396 | Val Loss 1.8243 Acc 0.3026 AUC 0.9022 Pre 0.0432 Rec 0.1429
2026-08-23 09:04:59 | Epoch  14/100 | Train Loss 1.8204 | Val Loss 1.8041 Acc 0.3026 AUC 0.8973 Pre 0.0432 Rec 0.1429
2026-08-23 09:04:59 | Epoch  15/100 | Train Loss 1.8003 | Val Loss 1.7829 Acc 0.3026 AUC 0.8929 Pre 0.0432 Rec 0.1429
2026-08-23 09:04:59 | Epoch  16/100 | Train Loss 1.7787 | Val Loss 1.7611 Acc 0.3026 AUC 0.8889 Pre 0.0432 Rec 0.1429
2026-08-23 09:04:59 | Val AUC did not improve for 10 consecutive epochs, early stopping at Epoch 16 (best AUC 0.9208 @ Epoch 6)
2026-08-23 09:04:59 | Run 5/5 | Test (best model @ Epoch 6) | Loss 1.9198 Acc 0.3690 AUC 0.9177 Pre 0.4097 Rec 0.3026
2026-08-23 09:04:59 | Average over 5 runs | Test Loss 1.9112±0.0127 Acc 0.3461±0.0401 AUC 0.9104±0.0067 Pre 0.2275±0.1813 Rec 0.2405±0.0892
2026-08-23 09:05:21 | Device: cuda
2026-08-23 09:05:21 | Args: {'model': 'gcn', 'backbone': 'mlp', 'task': 'cora', 'epochs': 100, 'batch_size': 128, 'lr': 0.01, 'hidden_dims': [512, 256], 'dropout': 0.2, 'z_dim': 256, 'beta': 0.001, 'patience': 10, 'runs': 5, 'seed': 0, 'data_dir': './data', 'save_path': 'output/cora_gcn/cora_gcn.pt', 'log_path': 'output/cora_gcn/train_cora_gcn.log'}
2026-08-23 09:05:23 | Cora 划分（60/20/20 分层）：train 1624 / val 542 / test 542（共 2708 节点，7 类）
2026-08-23 09:05:23 | ===== Run 1/5 (seed 0) =====
2026-08-23 09:05:24 | Epoch   1/100 | Train Loss 1.9542 | Val Loss 1.9069 Acc 0.4539 AUC 0.9091 Pre 0.2552 Rec 0.2889
2026-08-23 09:05:24 |   Val AUC improved to 0.9091, model saved
2026-08-23 09:05:24 | Epoch   2/100 | Train Loss 1.9053 | Val Loss 1.7937 Acc 0.3026 AUC 0.8800 Pre 0.0432 Rec 0.1429
2026-08-23 09:05:24 | Epoch   3/100 | Train Loss 1.7889 | Val Loss 1.6930 Acc 0.3026 AUC 0.8400 Pre 0.0432 Rec 0.1429
2026-08-23 09:05:24 | Epoch   4/100 | Train Loss 1.6884 | Val Loss 1.5509 Acc 0.3100 AUC 0.9059 Pre 0.1864 Rec 0.1497
2026-08-23 09:05:24 | Epoch   5/100 | Train Loss 1.5346 | Val Loss 1.3737 Acc 0.5074 AUC 0.9416 Pre 0.4608 Rec 0.3328
2026-08-23 09:05:24 |   Val AUC improved to 0.9416, model saved
2026-08-23 09:05:24 | Epoch   6/100 | Train Loss 1.3424 | Val Loss 1.1924 Acc 0.6845 AUC 0.9543 Pre 0.5426 Rec 0.5275
2026-08-23 09:05:24 |   Val AUC improved to 0.9543, model saved
2026-08-23 09:05:24 | Epoch   7/100 | Train Loss 1.1474 | Val Loss 1.0021 Acc 0.7306 AUC 0.9607 Pre 0.5329 Rec 0.5838
2026-08-23 09:05:24 |   Val AUC improved to 0.9607, model saved
2026-08-23 09:05:24 | Epoch   8/100 | Train Loss 0.9444 | Val Loss 0.8386 Acc 0.7565 AUC 0.9625 Pre 0.6884 Rec 0.6154
2026-08-23 09:05:24 |   Val AUC improved to 0.9625, model saved
2026-08-23 09:05:24 | Epoch   9/100 | Train Loss 0.7670 | Val Loss 0.7246 Acc 0.7546 AUC 0.9643 Pre 0.6816 Rec 0.6188
2026-08-23 09:05:24 |   Val AUC improved to 0.9643, model saved
2026-08-23 09:05:24 | Epoch  10/100 | Train Loss 0.6282 | Val Loss 0.6423 Acc 0.7860 AUC 0.9671 Pre 0.8395 Rec 0.6689
2026-08-23 09:05:24 |   Val AUC improved to 0.9671, model saved
2026-08-23 09:05:24 | Epoch  11/100 | Train Loss 0.5225 | Val Loss 0.5871 Acc 0.8007 AUC 0.9700 Pre 0.8469 Rec 0.7012
2026-08-23 09:05:24 |   Val AUC improved to 0.9700, model saved
2026-08-23 09:05:24 | Epoch  12/100 | Train Loss 0.4396 | Val Loss 0.5538 Acc 0.8210 AUC 0.9723 Pre 0.8487 Rec 0.7505
2026-08-23 09:05:24 |   Val AUC improved to 0.9723, model saved
2026-08-23 09:05:24 | Epoch  13/100 | Train Loss 0.3701 | Val Loss 0.5330 Acc 0.8579 AUC 0.9736 Pre 0.8402 Rec 0.8292
2026-08-23 09:05:24 |   Val AUC improved to 0.9736, model saved
2026-08-23 09:05:24 | Epoch  14/100 | Train Loss 0.3091 | Val Loss 0.5401 Acc 0.8635 AUC 0.9744 Pre 0.8356 Rec 0.8493
2026-08-23 09:05:24 |   Val AUC improved to 0.9744, model saved
2026-08-23 09:05:24 | Epoch  15/100 | Train Loss 0.2621 | Val Loss 0.5743 Acc 0.8616 AUC 0.9743 Pre 0.8387 Rec 0.8520
2026-08-23 09:05:24 | Epoch  16/100 | Train Loss 0.2419 | Val Loss 0.6024 Acc 0.8672 AUC 0.9741 Pre 0.8441 Rec 0.8499
2026-08-23 09:05:24 | Epoch  17/100 | Train Loss 0.2128 | Val Loss 0.6361 Acc 0.8635 AUC 0.9739 Pre 0.8417 Rec 0.8436
2026-08-23 09:05:24 | Epoch  18/100 | Train Loss 0.1866 | Val Loss 0.6808 Acc 0.8635 AUC 0.9740 Pre 0.8486 Rec 0.8448
2026-08-23 09:05:24 | Epoch  19/100 | Train Loss 0.1646 | Val Loss 0.7344 Acc 0.8635 AUC 0.9741 Pre 0.8581 Rec 0.8450
2026-08-23 09:05:24 | Epoch  20/100 | Train Loss 0.1552 | Val Loss 0.7915 Acc 0.8690 AUC 0.9741 Pre 0.8647 Rec 0.8527
2026-08-23 09:05:24 | Epoch  21/100 | Train Loss 0.1401 | Val Loss 0.8341 Acc 0.8598 AUC 0.9737 Pre 0.8513 Rec 0.8457
2026-08-23 09:05:24 | Epoch  22/100 | Train Loss 0.1301 | Val Loss 0.8745 Acc 0.8561 AUC 0.9735 Pre 0.8439 Rec 0.8420
2026-08-23 09:05:24 | Epoch  23/100 | Train Loss 0.1083 | Val Loss 0.9159 Acc 0.8561 AUC 0.9731 Pre 0.8456 Rec 0.8420
2026-08-23 09:05:24 | Epoch  24/100 | Train Loss 0.0970 | Val Loss 0.9507 Acc 0.8598 AUC 0.9726 Pre 0.8506 Rec 0.8477
2026-08-23 09:05:24 | Val AUC did not improve for 10 consecutive epochs, early stopping at Epoch 24 (best AUC 0.9744 @ Epoch 14)
2026-08-23 09:05:24 | Run 1/5 | Test (best model @ Epoch 14) | Loss 0.5065 Acc 0.8782 AUC 0.9789 Pre 0.8575 Rec 0.8728
2026-08-23 09:05:24 | ===== Run 2/5 (seed 1) =====
2026-08-23 09:05:24 | Epoch   1/100 | Train Loss 1.9356 | Val Loss 1.8872 Acc 0.3026 AUC 0.9061 Pre 0.0432 Rec 0.1429
2026-08-23 09:05:24 |   Val AUC improved to 0.9061, model saved
2026-08-23 09:05:24 | Epoch   2/100 | Train Loss 1.8855 | Val Loss 1.7769 Acc 0.3026 AUC 0.8747 Pre 0.0432 Rec 0.1429
2026-08-23 09:05:24 | Epoch   3/100 | Train Loss 1.7730 | Val Loss 1.6981 Acc 0.3026 AUC 0.8408 Pre 0.0432 Rec 0.1429
2026-08-23 09:05:24 | Epoch   4/100 | Train Loss 1.6942 | Val Loss 1.5396 Acc 0.3026 AUC 0.9167 Pre 0.0432 Rec 0.1429
2026-08-23 09:05:24 |   Val AUC improved to 0.9167, model saved
2026-08-23 09:05:24 | Epoch   5/100 | Train Loss 1.5246 | Val Loss 1.3840 Acc 0.5240 AUC 0.9444 Pre 0.5596 Rec 0.3491
2026-08-23 09:05:24 |   Val AUC improved to 0.9444, model saved
2026-08-23 09:05:24 | Epoch   6/100 | Train Loss 1.3573 | Val Loss 1.2088 Acc 0.6993 AUC 0.9541 Pre 0.5315 Rec 0.5475
2026-08-23 09:05:24 |   Val AUC improved to 0.9541, model saved
2026-08-23 09:05:24 | Epoch   7/100 | Train Loss 1.1683 | Val Loss 1.0129 Acc 0.7343 AUC 0.9581 Pre 0.5368 Rec 0.5918
2026-08-23 09:05:24 |   Val AUC improved to 0.9581, model saved
2026-08-23 09:05:24 | Epoch   8/100 | Train Loss 0.9621 | Val Loss 0.8480 Acc 0.7509 AUC 0.9596 Pre 0.6889 Rec 0.6126
2026-08-23 09:05:24 |   Val AUC improved to 0.9596, model saved
2026-08-23 09:05:24 | Epoch   9/100 | Train Loss 0.7794 | Val Loss 0.7363 Acc 0.7583 AUC 0.9623 Pre 0.6851 Rec 0.6253
2026-08-23 09:05:24 |   Val AUC improved to 0.9623, model saved
2026-08-23 09:05:24 | Epoch  10/100 | Train Loss 0.6440 | Val Loss 0.6584 Acc 0.7768 AUC 0.9655 Pre 0.8352 Rec 0.6530
2026-08-23 09:05:24 |   Val AUC improved to 0.9655, model saved
2026-08-23 09:05:24 | Epoch  11/100 | Train Loss 0.5435 | Val Loss 0.6051 Acc 0.7786 AUC 0.9685 Pre 0.8321 Rec 0.6701
2026-08-23 09:05:24 |   Val AUC improved to 0.9685, model saved
2026-08-23 09:05:24 | Epoch  12/100 | Train Loss 0.4652 | Val Loss 0.5635 Acc 0.8284 AUC 0.9702 Pre 0.8500 Rec 0.7685
2026-08-23 09:05:24 |   Val AUC improved to 0.9702, model saved
2026-08-23 09:05:24 | Epoch  13/100 | Train Loss 0.3873 | Val Loss 0.5299 Acc 0.8561 AUC 0.9722 Pre 0.8441 Rec 0.8254
2026-08-23 09:05:24 |   Val AUC improved to 0.9722, model saved
2026-08-23 09:05:24 | Epoch  14/100 | Train Loss 0.3146 | Val Loss 0.5268 Acc 0.8672 AUC 0.9735 Pre 0.8423 Rec 0.8475
2026-08-23 09:05:24 |   Val AUC improved to 0.9735, model saved
2026-08-23 09:05:24 | Epoch  15/100 | Train Loss 0.2673 | Val Loss 0.5570 Acc 0.8616 AUC 0.9741 Pre 0.8382 Rec 0.8478
2026-08-23 09:05:24 |   Val AUC improved to 0.9741, model saved
2026-08-23 09:05:24 | Epoch  16/100 | Train Loss 0.2443 | Val Loss 0.5838 Acc 0.8653 AUC 0.9747 Pre 0.8406 Rec 0.8515
2026-08-23 09:05:24 |   Val AUC improved to 0.9747, model saved
2026-08-23 09:05:24 | Epoch  17/100 | Train Loss 0.2201 | Val Loss 0.6030 Acc 0.8653 AUC 0.9752 Pre 0.8404 Rec 0.8480
2026-08-23 09:05:24 |   Val AUC improved to 0.9752, model saved
2026-08-23 09:05:24 | Epoch  18/100 | Train Loss 0.1900 | Val Loss 0.6406 Acc 0.8635 AUC 0.9755 Pre 0.8419 Rec 0.8443
2026-08-23 09:05:24 |   Val AUC improved to 0.9755, model saved
2026-08-23 09:05:24 | Epoch  19/100 | Train Loss 0.1710 | Val Loss 0.6889 Acc 0.8616 AUC 0.9756 Pre 0.8488 Rec 0.8429
2026-08-23 09:05:24 |   Val AUC improved to 0.9756, model saved
2026-08-23 09:05:24 | Epoch  20/100 | Train Loss 0.1523 | Val Loss 0.7492 Acc 0.8635 AUC 0.9752 Pre 0.8583 Rec 0.8450
2026-08-23 09:05:24 | Epoch  21/100 | Train Loss 0.1438 | Val Loss 0.7982 Acc 0.8598 AUC 0.9750 Pre 0.8551 Rec 0.8408
2026-08-23 09:05:24 | Epoch  22/100 | Train Loss 0.1252 | Val Loss 0.8344 Acc 0.8579 AUC 0.9746 Pre 0.8486 Rec 0.8381
2026-08-23 09:05:24 | Epoch  23/100 | Train Loss 0.1106 | Val Loss 0.8678 Acc 0.8598 AUC 0.9743 Pre 0.8468 Rec 0.8460
2026-08-23 09:05:24 | Epoch  24/100 | Train Loss 0.0968 | Val Loss 0.8989 Acc 0.8542 AUC 0.9740 Pre 0.8405 Rec 0.8380
2026-08-23 09:05:24 | Epoch  25/100 | Train Loss 0.0844 | Val Loss 0.9321 Acc 0.8579 AUC 0.9736 Pre 0.8447 Rec 0.8444
2026-08-23 09:05:24 | Epoch  26/100 | Train Loss 0.0792 | Val Loss 0.9630 Acc 0.8616 AUC 0.9733 Pre 0.8474 Rec 0.8497
2026-08-23 09:05:24 | Epoch  27/100 | Train Loss 0.0761 | Val Loss 0.9889 Acc 0.8653 AUC 0.9728 Pre 0.8522 Rec 0.8545
2026-08-23 09:05:24 | Epoch  28/100 | Train Loss 0.0697 | Val Loss 1.0157 Acc 0.8690 AUC 0.9725 Pre 0.8542 Rec 0.8585
2026-08-23 09:05:24 | Epoch  29/100 | Train Loss 0.0621 | Val Loss 1.0495 Acc 0.8672 AUC 0.9722 Pre 0.8559 Rec 0.8536
2026-08-23 09:05:24 | Val AUC did not improve for 10 consecutive epochs, early stopping at Epoch 29 (best AUC 0.9756 @ Epoch 19)
2026-08-23 09:05:24 | Run 2/5 | Test (best model @ Epoch 19) | Loss 0.6050 Acc 0.8838 AUC 0.9806 Pre 0.8793 Rec 0.8742
2026-08-23 09:05:24 | ===== Run 3/5 (seed 2) =====
2026-08-23 09:05:24 | Epoch   1/100 | Train Loss 1.9521 | Val Loss 1.9050 Acc 0.5000 AUC 0.9146 Pre 0.2491 Rec 0.3347
2026-08-23 09:05:24 |   Val AUC improved to 0.9146, model saved
2026-08-23 09:05:24 | Epoch   2/100 | Train Loss 1.9034 | Val Loss 1.7926 Acc 0.3026 AUC 0.8945 Pre 0.0432 Rec 0.1429
2026-08-23 09:05:24 | Epoch   3/100 | Train Loss 1.7893 | Val Loss 1.6850 Acc 0.3026 AUC 0.8711 Pre 0.0432 Rec 0.1429
2026-08-23 09:05:24 | Epoch   4/100 | Train Loss 1.6798 | Val Loss 1.5427 Acc 0.3026 AUC 0.9173 Pre 0.0432 Rec 0.1429
2026-08-23 09:05:24 |   Val AUC improved to 0.9173, model saved
2026-08-23 09:05:24 | Epoch   5/100 | Train Loss 1.5269 | Val Loss 1.3553 Acc 0.5055 AUC 0.9449 Pre 0.6028 Rec 0.3334
2026-08-23 09:05:24 |   Val AUC improved to 0.9449, model saved
2026-08-23 09:05:24 | Epoch   6/100 | Train Loss 1.3226 | Val Loss 1.1636 Acc 0.7325 AUC 0.9573 Pre 0.5534 Rec 0.5916
2026-08-23 09:05:24 |   Val AUC improved to 0.9573, model saved
2026-08-23 09:05:24 | Epoch   7/100 | Train Loss 1.1151 | Val Loss 0.9599 Acc 0.7546 AUC 0.9623 Pre 0.6826 Rec 0.6258
2026-08-23 09:05:24 |   Val AUC improved to 0.9623, model saved
2026-08-23 09:05:24 | Epoch   8/100 | Train Loss 0.8977 | Val Loss 0.7864 Acc 0.7583 AUC 0.9649 Pre 0.6780 Rec 0.6324
2026-08-23 09:05:24 |   Val AUC improved to 0.9649, model saved
2026-08-23 09:05:24 | Epoch   9/100 | Train Loss 0.7037 | Val Loss 0.6757 Acc 0.7675 AUC 0.9670 Pre 0.8295 Rec 0.6486
2026-08-23 09:05:24 |   Val AUC improved to 0.9670, model saved
2026-08-23 09:05:24 | Epoch  10/100 | Train Loss 0.5681 | Val Loss 0.6078 Acc 0.7915 AUC 0.9694 Pre 0.8417 Rec 0.6888
2026-08-23 09:05:24 |   Val AUC improved to 0.9694, model saved
2026-08-23 09:05:24 | Epoch  11/100 | Train Loss 0.4683 | Val Loss 0.5607 Acc 0.8247 AUC 0.9715 Pre 0.8583 Rec 0.7525
2026-08-23 09:05:24 |   Val AUC improved to 0.9715, model saved
2026-08-23 09:05:24 | Epoch  12/100 | Train Loss 0.3883 | Val Loss 0.5294 Acc 0.8616 AUC 0.9731 Pre 0.8679 Rec 0.8288
2026-08-23 09:05:24 |   Val AUC improved to 0.9731, model saved
2026-08-23 09:05:24 | Epoch  13/100 | Train Loss 0.3223 | Val Loss 0.5242 Acc 0.8635 AUC 0.9744 Pre 0.8390 Rec 0.8419
2026-08-23 09:05:24 |   Val AUC improved to 0.9744, model saved
2026-08-23 09:05:24 | Epoch  14/100 | Train Loss 0.2726 | Val Loss 0.5515 Acc 0.8653 AUC 0.9749 Pre 0.8430 Rec 0.8478
2026-08-23 09:05:24 |   Val AUC improved to 0.9749, model saved
2026-08-23 09:05:24 | Epoch  15/100 | Train Loss 0.2461 | Val Loss 0.5787 Acc 0.8672 AUC 0.9751 Pre 0.8454 Rec 0.8495
2026-08-23 09:05:24 |   Val AUC improved to 0.9751, model saved
2026-08-23 09:05:24 | Epoch  16/100 | Train Loss 0.2185 | Val Loss 0.6067 Acc 0.8708 AUC 0.9750 Pre 0.8524 Rec 0.8509
2026-08-23 09:05:24 | Epoch  17/100 | Train Loss 0.1884 | Val Loss 0.6513 Acc 0.8672 AUC 0.9752 Pre 0.8573 Rec 0.8479
2026-08-23 09:05:24 |   Val AUC improved to 0.9752, model saved
2026-08-23 09:05:24 | Epoch  18/100 | Train Loss 0.1708 | Val Loss 0.7059 Acc 0.8635 AUC 0.9753 Pre 0.8563 Rec 0.8442
2026-08-23 09:05:24 |   Val AUC improved to 0.9753, model saved
2026-08-23 09:05:24 | Epoch  19/100 | Train Loss 0.1558 | Val Loss 0.7647 Acc 0.8672 AUC 0.9750 Pre 0.8612 Rec 0.8507
2026-08-23 09:05:24 | Epoch  20/100 | Train Loss 0.1406 | Val Loss 0.8171 Acc 0.8579 AUC 0.9746 Pre 0.8501 Rec 0.8420
2026-08-23 09:05:24 | Epoch  21/100 | Train Loss 0.1218 | Val Loss 0.8641 Acc 0.8616 AUC 0.9739 Pre 0.8558 Rec 0.8473
2026-08-23 09:05:24 | Epoch  22/100 | Train Loss 0.1113 | Val Loss 0.9105 Acc 0.8598 AUC 0.9734 Pre 0.8499 Rec 0.8472
2026-08-23 09:05:24 | Epoch  23/100 | Train Loss 0.0949 | Val Loss 0.9578 Acc 0.8616 AUC 0.9729 Pre 0.8518 Rec 0.8482
2026-08-23 09:05:24 | Epoch  24/100 | Train Loss 0.0874 | Val Loss 0.9998 Acc 0.8598 AUC 0.9725 Pre 0.8495 Rec 0.8465
2026-08-23 09:05:24 | Epoch  25/100 | Train Loss 0.0814 | Val Loss 1.0260 Acc 0.8672 AUC 0.9723 Pre 0.8547 Rec 0.8534
2026-08-23 09:05:24 | Epoch  26/100 | Train Loss 0.0710 | Val Loss 1.0523 Acc 0.8616 AUC 0.9719 Pre 0.8455 Rec 0.8447
2026-08-23 09:05:25 | Epoch  27/100 | Train Loss 0.0659 | Val Loss 1.0846 Acc 0.8616 AUC 0.9718 Pre 0.8498 Rec 0.8454
2026-08-23 09:05:25 | Epoch  28/100 | Train Loss 0.0582 | Val Loss 1.1239 Acc 0.8690 AUC 0.9716 Pre 0.8604 Rec 0.8535
2026-08-23 09:05:25 | Val AUC did not improve for 10 consecutive epochs, early stopping at Epoch 28 (best AUC 0.9753 @ Epoch 18)
2026-08-23 09:05:25 | Run 3/5 | Test (best model @ Epoch 18) | Loss 0.6311 Acc 0.8727 AUC 0.9801 Pre 0.8681 Rec 0.8587
2026-08-23 09:05:25 | ===== Run 4/5 (seed 3) =====
2026-08-23 09:05:25 | Epoch   1/100 | Train Loss 1.9346 | Val Loss 1.8875 Acc 0.3026 AUC 0.9173 Pre 0.0432 Rec 0.1429
2026-08-23 09:05:25 |   Val AUC improved to 0.9173, model saved
2026-08-23 09:05:25 | Epoch   2/100 | Train Loss 1.8863 | Val Loss 1.7781 Acc 0.3026 AUC 0.8929 Pre 0.0432 Rec 0.1429
2026-08-23 09:05:25 | Epoch   3/100 | Train Loss 1.7751 | Val Loss 1.6796 Acc 0.3026 AUC 0.8672 Pre 0.0432 Rec 0.1429
2026-08-23 09:05:25 | Epoch   4/100 | Train Loss 1.6773 | Val Loss 1.5246 Acc 0.3026 AUC 0.9228 Pre 0.0432 Rec 0.1429
2026-08-23 09:05:25 |   Val AUC improved to 0.9228, model saved
2026-08-23 09:05:25 | Epoch   5/100 | Train Loss 1.5090 | Val Loss 1.3479 Acc 0.5351 AUC 0.9476 Pre 0.4324 Rec 0.3588
2026-08-23 09:05:25 |   Val AUC improved to 0.9476, model saved
2026-08-23 09:05:25 | Epoch   6/100 | Train Loss 1.3200 | Val Loss 1.1625 Acc 0.7066 AUC 0.9567 Pre 0.5470 Rec 0.5531
2026-08-23 09:05:25 |   Val AUC improved to 0.9567, model saved
2026-08-23 09:05:25 | Epoch   7/100 | Train Loss 1.1203 | Val Loss 0.9672 Acc 0.7472 AUC 0.9607 Pre 0.6938 Rec 0.6076
2026-08-23 09:05:25 |   Val AUC improved to 0.9607, model saved
2026-08-23 09:05:25 | Epoch   8/100 | Train Loss 0.9107 | Val Loss 0.8038 Acc 0.7638 AUC 0.9625 Pre 0.8399 Rec 0.6329
2026-08-23 09:05:25 |   Val AUC improved to 0.9625, model saved
2026-08-23 09:05:25 | Epoch   9/100 | Train Loss 0.7279 | Val Loss 0.6899 Acc 0.7897 AUC 0.9653 Pre 0.8532 Rec 0.6784
2026-08-23 09:05:25 |   Val AUC improved to 0.9653, model saved
2026-08-23 09:05:25 | Epoch  10/100 | Train Loss 0.5904 | Val Loss 0.6114 Acc 0.8044 AUC 0.9682 Pre 0.8493 Rec 0.7135
2026-08-23 09:05:25 |   Val AUC improved to 0.9682, model saved
2026-08-23 09:05:25 | Epoch  11/100 | Train Loss 0.4853 | Val Loss 0.5602 Acc 0.8339 AUC 0.9705 Pre 0.8557 Rec 0.7798
2026-08-23 09:05:25 |   Val AUC improved to 0.9705, model saved
2026-08-23 09:05:25 | Epoch  12/100 | Train Loss 0.4030 | Val Loss 0.5250 Acc 0.8561 AUC 0.9728 Pre 0.8490 Rec 0.8254
2026-08-23 09:05:25 |   Val AUC improved to 0.9728, model saved
2026-08-23 09:05:25 | Epoch  13/100 | Train Loss 0.3303 | Val Loss 0.5129 Acc 0.8598 AUC 0.9748 Pre 0.8313 Rec 0.8365
2026-08-23 09:05:25 |   Val AUC improved to 0.9748, model saved
2026-08-23 09:05:25 | Epoch  14/100 | Train Loss 0.2734 | Val Loss 0.5343 Acc 0.8616 AUC 0.9758 Pre 0.8362 Rec 0.8454
2026-08-23 09:05:25 |   Val AUC improved to 0.9758, model saved
2026-08-23 09:05:25 | Epoch  15/100 | Train Loss 0.2406 | Val Loss 0.5706 Acc 0.8635 AUC 0.9756 Pre 0.8447 Rec 0.8455
2026-08-23 09:05:25 | Epoch  16/100 | Train Loss 0.2220 | Val Loss 0.5981 Acc 0.8672 AUC 0.9758 Pre 0.8480 Rec 0.8472
2026-08-23 09:05:25 | Epoch  17/100 | Train Loss 0.1952 | Val Loss 0.6316 Acc 0.8672 AUC 0.9761 Pre 0.8517 Rec 0.8495
2026-08-23 09:05:25 |   Val AUC improved to 0.9761, model saved
2026-08-23 09:05:25 | Epoch  18/100 | Train Loss 0.1767 | Val Loss 0.6752 Acc 0.8690 AUC 0.9763 Pre 0.8579 Rec 0.8516
2026-08-23 09:05:25 |   Val AUC improved to 0.9763, model saved
2026-08-23 09:05:25 | Epoch  19/100 | Train Loss 0.1591 | Val Loss 0.7287 Acc 0.8653 AUC 0.9762 Pre 0.8582 Rec 0.8471
2026-08-23 09:05:25 | Epoch  20/100 | Train Loss 0.1494 | Val Loss 0.7797 Acc 0.8672 AUC 0.9760 Pre 0.8610 Rec 0.8488
2026-08-23 09:05:25 | Epoch  21/100 | Train Loss 0.1316 | Val Loss 0.8286 Acc 0.8616 AUC 0.9756 Pre 0.8544 Rec 0.8457
2026-08-23 09:05:25 | Epoch  22/100 | Train Loss 0.1131 | Val Loss 0.8698 Acc 0.8616 AUC 0.9751 Pre 0.8501 Rec 0.8487
2026-08-23 09:05:25 | Epoch  23/100 | Train Loss 0.0987 | Val Loss 0.9077 Acc 0.8598 AUC 0.9745 Pre 0.8483 Rec 0.8470
2026-08-23 09:05:25 | Epoch  24/100 | Train Loss 0.0917 | Val Loss 0.9434 Acc 0.8616 AUC 0.9739 Pre 0.8501 Rec 0.8485
2026-08-23 09:05:25 | Epoch  25/100 | Train Loss 0.0781 | Val Loss 0.9818 Acc 0.8598 AUC 0.9734 Pre 0.8497 Rec 0.8465
2026-08-23 09:05:25 | Epoch  26/100 | Train Loss 0.0739 | Val Loss 1.0154 Acc 0.8635 AUC 0.9731 Pre 0.8514 Rec 0.8506
2026-08-23 09:05:25 | Epoch  27/100 | Train Loss 0.0708 | Val Loss 1.0374 Acc 0.8653 AUC 0.9728 Pre 0.8541 Rec 0.8556
2026-08-23 09:05:25 | Epoch  28/100 | Train Loss 0.0665 | Val Loss 1.0602 Acc 0.8653 AUC 0.9726 Pre 0.8522 Rec 0.8518
2026-08-23 09:05:25 | Val AUC did not improve for 10 consecutive epochs, early stopping at Epoch 28 (best AUC 0.9763 @ Epoch 18)
2026-08-23 09:05:25 | Run 4/5 | Test (best model @ Epoch 18) | Loss 0.6190 Acc 0.8727 AUC 0.9802 Pre 0.8712 Rec 0.8627
2026-08-23 09:05:25 | ===== Run 5/5 (seed 4) =====
2026-08-23 09:05:25 | Epoch   1/100 | Train Loss 1.9530 | Val Loss 1.9055 Acc 0.4926 AUC 0.9213 Pre 0.2625 Rec 0.3270
2026-08-23 09:05:25 |   Val AUC improved to 0.9213, model saved
2026-08-23 09:05:25 | Epoch   2/100 | Train Loss 1.9036 | Val Loss 1.7892 Acc 0.3026 AUC 0.8931 Pre 0.0432 Rec 0.1429
2026-08-23 09:05:25 | Epoch   3/100 | Train Loss 1.7848 | Val Loss 1.6748 Acc 0.3026 AUC 0.8588 Pre 0.0432 Rec 0.1429
2026-08-23 09:05:25 | Epoch   4/100 | Train Loss 1.6686 | Val Loss 1.5220 Acc 0.3137 AUC 0.9122 Pre 0.1866 Rec 0.1531
2026-08-23 09:05:25 | Epoch   5/100 | Train Loss 1.5039 | Val Loss 1.3241 Acc 0.5387 AUC 0.9433 Pre 0.5722 Rec 0.3640
2026-08-23 09:05:25 |   Val AUC improved to 0.9433, model saved
2026-08-23 09:05:25 | Epoch   6/100 | Train Loss 1.2918 | Val Loss 1.1325 Acc 0.7288 AUC 0.9546 Pre 0.5414 Rec 0.5839
2026-08-23 09:05:25 |   Val AUC improved to 0.9546, model saved
2026-08-23 09:05:25 | Epoch   7/100 | Train Loss 1.0892 | Val Loss 0.9433 Acc 0.7565 AUC 0.9596 Pre 0.5473 Rec 0.6201
2026-08-23 09:05:25 |   Val AUC improved to 0.9596, model saved
2026-08-23 09:05:25 | Epoch   8/100 | Train Loss 0.8890 | Val Loss 0.7900 Acc 0.7583 AUC 0.9627 Pre 0.5437 Rec 0.6237
2026-08-23 09:05:25 |   Val AUC improved to 0.9627, model saved
2026-08-23 09:05:25 | Epoch   9/100 | Train Loss 0.7159 | Val Loss 0.6956 Acc 0.7657 AUC 0.9651 Pre 0.6891 Rec 0.6339
2026-08-23 09:05:25 |   Val AUC improved to 0.9651, model saved
2026-08-23 09:05:25 | Epoch  10/100 | Train Loss 0.5956 | Val Loss 0.6349 Acc 0.7897 AUC 0.9676 Pre 0.8421 Rec 0.6770
2026-08-23 09:05:25 |   Val AUC improved to 0.9676, model saved
2026-08-23 09:05:25 | Epoch  11/100 | Train Loss 0.5044 | Val Loss 0.5884 Acc 0.8137 AUC 0.9697 Pre 0.8447 Rec 0.7249
2026-08-23 09:05:25 |   Val AUC improved to 0.9697, model saved
2026-08-23 09:05:25 | Epoch  12/100 | Train Loss 0.4267 | Val Loss 0.5530 Acc 0.8542 AUC 0.9715 Pre 0.8722 Rec 0.8076
2026-08-23 09:05:25 |   Val AUC improved to 0.9715, model saved
2026-08-23 09:05:25 | Epoch  13/100 | Train Loss 0.3571 | Val Loss 0.5323 Acc 0.8653 AUC 0.9731 Pre 0.8524 Rec 0.8382
2026-08-23 09:05:25 |   Val AUC improved to 0.9731, model saved
2026-08-23 09:05:25 | Epoch  14/100 | Train Loss 0.2966 | Val Loss 0.5406 Acc 0.8616 AUC 0.9745 Pre 0.8363 Rec 0.8457
2026-08-23 09:05:25 |   Val AUC improved to 0.9745, model saved
2026-08-23 09:05:25 | Epoch  15/100 | Train Loss 0.2559 | Val Loss 0.5721 Acc 0.8635 AUC 0.9753 Pre 0.8383 Rec 0.8500
2026-08-23 09:05:25 |   Val AUC improved to 0.9753, model saved
2026-08-23 09:05:25 | Epoch  16/100 | Train Loss 0.2351 | Val Loss 0.6007 Acc 0.8653 AUC 0.9752 Pre 0.8400 Rec 0.8494
2026-08-23 09:05:25 | Epoch  17/100 | Train Loss 0.2089 | Val Loss 0.6388 Acc 0.8635 AUC 0.9748 Pre 0.8407 Rec 0.8474
2026-08-23 09:05:25 | Epoch  18/100 | Train Loss 0.1826 | Val Loss 0.6868 Acc 0.8616 AUC 0.9748 Pre 0.8443 Rec 0.8415
2026-08-23 09:05:25 | Epoch  19/100 | Train Loss 0.1597 | Val Loss 0.7466 Acc 0.8598 AUC 0.9748 Pre 0.8531 Rec 0.8377
2026-08-23 09:05:25 | Epoch  20/100 | Train Loss 0.1449 | Val Loss 0.8049 Acc 0.8598 AUC 0.9746 Pre 0.8542 Rec 0.8398
2026-08-23 09:05:25 | Epoch  21/100 | Train Loss 0.1331 | Val Loss 0.8498 Acc 0.8579 AUC 0.9743 Pre 0.8511 Rec 0.8415
2026-08-23 09:05:25 | Epoch  22/100 | Train Loss 0.1155 | Val Loss 0.8899 Acc 0.8579 AUC 0.9739 Pre 0.8487 Rec 0.8427
2026-08-23 09:05:25 | Epoch  23/100 | Train Loss 0.1009 | Val Loss 0.9274 Acc 0.8635 AUC 0.9738 Pre 0.8537 Rec 0.8489
2026-08-23 09:05:25 | Epoch  24/100 | Train Loss 0.0899 | Val Loss 0.9622 Acc 0.8672 AUC 0.9734 Pre 0.8552 Rec 0.8553
2026-08-23 09:05:25 | Epoch  25/100 | Train Loss 0.0810 | Val Loss 0.9966 Acc 0.8672 AUC 0.9731 Pre 0.8550 Rec 0.8540
2026-08-23 09:05:25 | Val AUC did not improve for 10 consecutive epochs, early stopping at Epoch 25 (best AUC 0.9753 @ Epoch 15)
2026-08-23 09:05:25 | Run 5/5 | Test (best model @ Epoch 15) | Loss 0.5391 Acc 0.8764 AUC 0.9791 Pre 0.8598 Rec 0.8753
2026-08-23 09:05:25 | Average over 5 runs | Test Loss 0.5801±0.0544 Acc 0.8768±0.0046 AUC 0.9798±0.0007 Pre 0.8672±0.0088 Rec 0.8688±0.0075
2026-08-23 09:05:38 | Device: cuda
2026-08-23 09:05:38 | Args: {'model': 'gcn', 'backbone': 'mlp', 'task': 'cora', 'epochs': 100, 'batch_size': 128, 'lr': 0.01, 'hidden_dims': [512, 256], 'dropout': 0.2, 'z_dim': 256, 'beta': 0.001, 'patience': 10, 'runs': 5, 'seed': 0, 'data_dir': './data', 'save_path': 'output/cora_gcn/cora_gcn.pt', 'log_path': 'output/cora_gcn/train_cora_gcn.log'}
2026-08-23 09:05:40 | Cora 划分（60/20/20 分层）：train 1624 / val 542 / test 542（共 2708 节点，7 类）
2026-08-23 09:05:40 | ===== Run 1/5 (seed 0) =====
2026-08-23 09:05:40 | Epoch   1/100 | Train Loss 1.9542 | Val Loss 1.9069 Acc 0.4539 AUC 0.9091 Pre 0.2552 Rec 0.2889
2026-08-23 09:05:40 |   Val AUC improved to 0.9091, model saved
2026-08-23 09:05:40 | Epoch   2/100 | Train Loss 1.9053 | Val Loss 1.7937 Acc 0.3026 AUC 0.8800 Pre 0.0432 Rec 0.1429
2026-08-23 09:05:40 | Epoch   3/100 | Train Loss 1.7889 | Val Loss 1.6930 Acc 0.3026 AUC 0.8400 Pre 0.0432 Rec 0.1429
2026-08-23 09:05:40 | Epoch   4/100 | Train Loss 1.6884 | Val Loss 1.5509 Acc 0.3100 AUC 0.9059 Pre 0.1864 Rec 0.1497
2026-08-23 09:05:40 | Epoch   5/100 | Train Loss 1.5346 | Val Loss 1.3737 Acc 0.5074 AUC 0.9416 Pre 0.4608 Rec 0.3328
2026-08-23 09:05:41 |   Val AUC improved to 0.9416, model saved
2026-08-23 09:05:41 | Epoch   6/100 | Train Loss 1.3424 | Val Loss 1.1924 Acc 0.6845 AUC 0.9543 Pre 0.5426 Rec 0.5275
2026-08-23 09:05:41 |   Val AUC improved to 0.9543, model saved
2026-08-23 09:05:41 | Epoch   7/100 | Train Loss 1.1474 | Val Loss 1.0021 Acc 0.7306 AUC 0.9607 Pre 0.5329 Rec 0.5838
2026-08-23 09:05:41 |   Val AUC improved to 0.9607, model saved
2026-08-23 09:05:41 | Epoch   8/100 | Train Loss 0.9444 | Val Loss 0.8386 Acc 0.7565 AUC 0.9625 Pre 0.6884 Rec 0.6154
2026-08-23 09:05:41 |   Val AUC improved to 0.9625, model saved
2026-08-23 09:05:41 | Epoch   9/100 | Train Loss 0.7670 | Val Loss 0.7246 Acc 0.7546 AUC 0.9643 Pre 0.6816 Rec 0.6188
2026-08-23 09:05:41 |   Val AUC improved to 0.9643, model saved
2026-08-23 09:05:41 | Epoch  10/100 | Train Loss 0.6282 | Val Loss 0.6423 Acc 0.7860 AUC 0.9671 Pre 0.8395 Rec 0.6689
2026-08-23 09:05:41 |   Val AUC improved to 0.9671, model saved
2026-08-23 09:05:41 | Epoch  11/100 | Train Loss 0.5225 | Val Loss 0.5871 Acc 0.8007 AUC 0.9700 Pre 0.8469 Rec 0.7012
2026-08-23 09:05:41 |   Val AUC improved to 0.9700, model saved
2026-08-23 09:05:41 | Epoch  12/100 | Train Loss 0.4396 | Val Loss 0.5538 Acc 0.8210 AUC 0.9723 Pre 0.8487 Rec 0.7505
2026-08-23 09:05:41 |   Val AUC improved to 0.9723, model saved
2026-08-23 09:05:41 | Epoch  13/100 | Train Loss 0.3701 | Val Loss 0.5330 Acc 0.8579 AUC 0.9736 Pre 0.8402 Rec 0.8292
2026-08-23 09:05:41 |   Val AUC improved to 0.9736, model saved
2026-08-23 09:05:41 | Epoch  14/100 | Train Loss 0.3091 | Val Loss 0.5401 Acc 0.8635 AUC 0.9744 Pre 0.8356 Rec 0.8493
2026-08-23 09:05:41 |   Val AUC improved to 0.9744, model saved
2026-08-23 09:05:41 | Epoch  15/100 | Train Loss 0.2621 | Val Loss 0.5743 Acc 0.8616 AUC 0.9743 Pre 0.8387 Rec 0.8520
2026-08-23 09:05:41 | Epoch  16/100 | Train Loss 0.2419 | Val Loss 0.6024 Acc 0.8672 AUC 0.9741 Pre 0.8441 Rec 0.8499
2026-08-23 09:05:41 | Epoch  17/100 | Train Loss 0.2128 | Val Loss 0.6361 Acc 0.8635 AUC 0.9739 Pre 0.8417 Rec 0.8436
2026-08-23 09:05:41 | Epoch  18/100 | Train Loss 0.1866 | Val Loss 0.6808 Acc 0.8635 AUC 0.9740 Pre 0.8486 Rec 0.8448
2026-08-23 09:05:41 | Epoch  19/100 | Train Loss 0.1646 | Val Loss 0.7344 Acc 0.8635 AUC 0.9741 Pre 0.8581 Rec 0.8450
2026-08-23 09:05:41 | Epoch  20/100 | Train Loss 0.1552 | Val Loss 0.7915 Acc 0.8690 AUC 0.9741 Pre 0.8647 Rec 0.8527
2026-08-23 09:05:41 | Epoch  21/100 | Train Loss 0.1401 | Val Loss 0.8341 Acc 0.8598 AUC 0.9737 Pre 0.8513 Rec 0.8457
2026-08-23 09:05:41 | Epoch  22/100 | Train Loss 0.1301 | Val Loss 0.8745 Acc 0.8561 AUC 0.9735 Pre 0.8439 Rec 0.8420
2026-08-23 09:05:41 | Epoch  23/100 | Train Loss 0.1083 | Val Loss 0.9159 Acc 0.8561 AUC 0.9731 Pre 0.8456 Rec 0.8420
2026-08-23 09:05:41 | Epoch  24/100 | Train Loss 0.0970 | Val Loss 0.9507 Acc 0.8598 AUC 0.9726 Pre 0.8506 Rec 0.8477
2026-08-23 09:05:41 | Val AUC did not improve for 10 consecutive epochs, early stopping at Epoch 24 (best AUC 0.9744 @ Epoch 14)
2026-08-23 09:05:41 | Run 1/5 | Test (best model @ Epoch 14) | Loss 0.5065 Acc 0.8782 AUC 0.9789 Pre 0.8575 Rec 0.8728
2026-08-23 09:05:41 | ===== Run 2/5 (seed 1) =====
2026-08-23 09:05:41 | Epoch   1/100 | Train Loss 1.9356 | Val Loss 1.8872 Acc 0.3026 AUC 0.9061 Pre 0.0432 Rec 0.1429
2026-08-23 09:05:41 |   Val AUC improved to 0.9061, model saved
2026-08-23 09:05:41 | Epoch   2/100 | Train Loss 1.8855 | Val Loss 1.7769 Acc 0.3026 AUC 0.8747 Pre 0.0432 Rec 0.1429
2026-08-23 09:05:41 | Epoch   3/100 | Train Loss 1.7730 | Val Loss 1.6981 Acc 0.3026 AUC 0.8408 Pre 0.0432 Rec 0.1429
2026-08-23 09:05:41 | Epoch   4/100 | Train Loss 1.6942 | Val Loss 1.5396 Acc 0.3026 AUC 0.9167 Pre 0.0432 Rec 0.1429
2026-08-23 09:05:41 |   Val AUC improved to 0.9167, model saved
2026-08-23 09:05:41 | Epoch   5/100 | Train Loss 1.5246 | Val Loss 1.3840 Acc 0.5240 AUC 0.9444 Pre 0.5596 Rec 0.3491
2026-08-23 09:05:41 |   Val AUC improved to 0.9444, model saved
2026-08-23 09:05:41 | Epoch   6/100 | Train Loss 1.3573 | Val Loss 1.2088 Acc 0.6993 AUC 0.9541 Pre 0.5315 Rec 0.5475
2026-08-23 09:05:41 |   Val AUC improved to 0.9541, model saved
2026-08-23 09:05:41 | Epoch   7/100 | Train Loss 1.1683 | Val Loss 1.0129 Acc 0.7343 AUC 0.9581 Pre 0.5368 Rec 0.5918
2026-08-23 09:05:41 |   Val AUC improved to 0.9581, model saved
2026-08-23 09:05:41 | Epoch   8/100 | Train Loss 0.9621 | Val Loss 0.8480 Acc 0.7509 AUC 0.9596 Pre 0.6889 Rec 0.6126
2026-08-23 09:05:41 |   Val AUC improved to 0.9596, model saved
2026-08-23 09:05:41 | Epoch   9/100 | Train Loss 0.7794 | Val Loss 0.7363 Acc 0.7583 AUC 0.9623 Pre 0.6851 Rec 0.6253
2026-08-23 09:05:41 |   Val AUC improved to 0.9623, model saved
2026-08-23 09:05:41 | Epoch  10/100 | Train Loss 0.6440 | Val Loss 0.6584 Acc 0.7768 AUC 0.9655 Pre 0.8352 Rec 0.6530
2026-08-23 09:05:41 |   Val AUC improved to 0.9655, model saved
2026-08-23 09:05:41 | Epoch  11/100 | Train Loss 0.5435 | Val Loss 0.6051 Acc 0.7786 AUC 0.9685 Pre 0.8321 Rec 0.6701
2026-08-23 09:05:41 |   Val AUC improved to 0.9685, model saved
2026-08-23 09:05:41 | Epoch  12/100 | Train Loss 0.4652 | Val Loss 0.5635 Acc 0.8284 AUC 0.9702 Pre 0.8500 Rec 0.7685
2026-08-23 09:05:41 |   Val AUC improved to 0.9702, model saved
2026-08-23 09:05:41 | Epoch  13/100 | Train Loss 0.3873 | Val Loss 0.5299 Acc 0.8561 AUC 0.9722 Pre 0.8441 Rec 0.8254
2026-08-23 09:05:41 |   Val AUC improved to 0.9722, model saved
2026-08-23 09:05:41 | Epoch  14/100 | Train Loss 0.3146 | Val Loss 0.5268 Acc 0.8672 AUC 0.9735 Pre 0.8423 Rec 0.8475
2026-08-23 09:05:41 |   Val AUC improved to 0.9735, model saved
2026-08-23 09:05:41 | Epoch  15/100 | Train Loss 0.2673 | Val Loss 0.5570 Acc 0.8616 AUC 0.9741 Pre 0.8382 Rec 0.8478
2026-08-23 09:05:41 |   Val AUC improved to 0.9741, model saved
2026-08-23 09:05:41 | Epoch  16/100 | Train Loss 0.2443 | Val Loss 0.5838 Acc 0.8653 AUC 0.9747 Pre 0.8406 Rec 0.8515
2026-08-23 09:05:41 |   Val AUC improved to 0.9747, model saved
2026-08-23 09:05:41 | Epoch  17/100 | Train Loss 0.2201 | Val Loss 0.6030 Acc 0.8653 AUC 0.9752 Pre 0.8404 Rec 0.8480
2026-08-23 09:05:41 |   Val AUC improved to 0.9752, model saved
2026-08-23 09:05:41 | Epoch  18/100 | Train Loss 0.1900 | Val Loss 0.6406 Acc 0.8635 AUC 0.9755 Pre 0.8419 Rec 0.8443
2026-08-23 09:05:41 |   Val AUC improved to 0.9755, model saved
2026-08-23 09:05:41 | Epoch  19/100 | Train Loss 0.1710 | Val Loss 0.6889 Acc 0.8616 AUC 0.9756 Pre 0.8488 Rec 0.8429
2026-08-23 09:05:41 |   Val AUC improved to 0.9756, model saved
2026-08-23 09:05:41 | Epoch  20/100 | Train Loss 0.1523 | Val Loss 0.7492 Acc 0.8635 AUC 0.9752 Pre 0.8583 Rec 0.8450
2026-08-23 09:05:41 | Epoch  21/100 | Train Loss 0.1438 | Val Loss 0.7982 Acc 0.8598 AUC 0.9750 Pre 0.8551 Rec 0.8408
2026-08-23 09:05:41 | Epoch  22/100 | Train Loss 0.1252 | Val Loss 0.8344 Acc 0.8579 AUC 0.9746 Pre 0.8486 Rec 0.8381
2026-08-23 09:05:41 | Epoch  23/100 | Train Loss 0.1106 | Val Loss 0.8678 Acc 0.8598 AUC 0.9743 Pre 0.8468 Rec 0.8460
2026-08-23 09:05:41 | Epoch  24/100 | Train Loss 0.0968 | Val Loss 0.8989 Acc 0.8542 AUC 0.9740 Pre 0.8405 Rec 0.8380
2026-08-23 09:05:41 | Epoch  25/100 | Train Loss 0.0844 | Val Loss 0.9321 Acc 0.8579 AUC 0.9736 Pre 0.8447 Rec 0.8444
2026-08-23 09:05:41 | Epoch  26/100 | Train Loss 0.0792 | Val Loss 0.9630 Acc 0.8616 AUC 0.9733 Pre 0.8474 Rec 0.8497
2026-08-23 09:05:41 | Epoch  27/100 | Train Loss 0.0761 | Val Loss 0.9889 Acc 0.8653 AUC 0.9728 Pre 0.8522 Rec 0.8545
2026-08-23 09:05:41 | Epoch  28/100 | Train Loss 0.0697 | Val Loss 1.0157 Acc 0.8690 AUC 0.9725 Pre 0.8542 Rec 0.8585
2026-08-23 09:05:41 | Epoch  29/100 | Train Loss 0.0621 | Val Loss 1.0495 Acc 0.8672 AUC 0.9722 Pre 0.8559 Rec 0.8536
2026-08-23 09:05:41 | Val AUC did not improve for 10 consecutive epochs, early stopping at Epoch 29 (best AUC 0.9756 @ Epoch 19)
2026-08-23 09:05:41 | Run 2/5 | Test (best model @ Epoch 19) | Loss 0.6050 Acc 0.8838 AUC 0.9806 Pre 0.8793 Rec 0.8742
2026-08-23 09:05:41 | ===== Run 3/5 (seed 2) =====
2026-08-23 09:05:41 | Epoch   1/100 | Train Loss 1.9521 | Val Loss 1.9050 Acc 0.5000 AUC 0.9146 Pre 0.2491 Rec 0.3347
2026-08-23 09:05:41 |   Val AUC improved to 0.9146, model saved
2026-08-23 09:05:41 | Epoch   2/100 | Train Loss 1.9034 | Val Loss 1.7926 Acc 0.3026 AUC 0.8945 Pre 0.0432 Rec 0.1429
2026-08-23 09:05:41 | Epoch   3/100 | Train Loss 1.7893 | Val Loss 1.6850 Acc 0.3026 AUC 0.8711 Pre 0.0432 Rec 0.1429
2026-08-23 09:05:41 | Epoch   4/100 | Train Loss 1.6798 | Val Loss 1.5427 Acc 0.3026 AUC 0.9173 Pre 0.0432 Rec 0.1429
2026-08-23 09:05:41 |   Val AUC improved to 0.9173, model saved
2026-08-23 09:05:41 | Epoch   5/100 | Train Loss 1.5269 | Val Loss 1.3553 Acc 0.5055 AUC 0.9449 Pre 0.6028 Rec 0.3334
2026-08-23 09:05:41 |   Val AUC improved to 0.9449, model saved
2026-08-23 09:05:41 | Epoch   6/100 | Train Loss 1.3226 | Val Loss 1.1636 Acc 0.7325 AUC 0.9573 Pre 0.5534 Rec 0.5916
2026-08-23 09:05:41 |   Val AUC improved to 0.9573, model saved
2026-08-23 09:05:41 | Epoch   7/100 | Train Loss 1.1151 | Val Loss 0.9599 Acc 0.7546 AUC 0.9623 Pre 0.6826 Rec 0.6258
2026-08-23 09:05:41 |   Val AUC improved to 0.9623, model saved
2026-08-23 09:05:41 | Epoch   8/100 | Train Loss 0.8977 | Val Loss 0.7864 Acc 0.7583 AUC 0.9649 Pre 0.6780 Rec 0.6324
2026-08-23 09:05:41 |   Val AUC improved to 0.9649, model saved
2026-08-23 09:05:41 | Epoch   9/100 | Train Loss 0.7037 | Val Loss 0.6757 Acc 0.7675 AUC 0.9670 Pre 0.8295 Rec 0.6486
2026-08-23 09:05:41 |   Val AUC improved to 0.9670, model saved
2026-08-23 09:05:41 | Epoch  10/100 | Train Loss 0.5681 | Val Loss 0.6078 Acc 0.7915 AUC 0.9694 Pre 0.8417 Rec 0.6888
2026-08-23 09:05:41 |   Val AUC improved to 0.9694, model saved
2026-08-23 09:05:41 | Epoch  11/100 | Train Loss 0.4683 | Val Loss 0.5607 Acc 0.8247 AUC 0.9715 Pre 0.8583 Rec 0.7525
2026-08-23 09:05:41 |   Val AUC improved to 0.9715, model saved
2026-08-23 09:05:41 | Epoch  12/100 | Train Loss 0.3883 | Val Loss 0.5294 Acc 0.8616 AUC 0.9731 Pre 0.8679 Rec 0.8288
2026-08-23 09:05:41 |   Val AUC improved to 0.9731, model saved
2026-08-23 09:05:41 | Epoch  13/100 | Train Loss 0.3223 | Val Loss 0.5242 Acc 0.8635 AUC 0.9744 Pre 0.8390 Rec 0.8419
2026-08-23 09:05:41 |   Val AUC improved to 0.9744, model saved
2026-08-23 09:05:41 | Epoch  14/100 | Train Loss 0.2726 | Val Loss 0.5515 Acc 0.8653 AUC 0.9749 Pre 0.8430 Rec 0.8478
2026-08-23 09:05:41 |   Val AUC improved to 0.9749, model saved
2026-08-23 09:05:41 | Epoch  15/100 | Train Loss 0.2461 | Val Loss 0.5787 Acc 0.8672 AUC 0.9751 Pre 0.8454 Rec 0.8495
2026-08-23 09:05:41 |   Val AUC improved to 0.9751, model saved
2026-08-23 09:05:41 | Epoch  16/100 | Train Loss 0.2185 | Val Loss 0.6067 Acc 0.8708 AUC 0.9750 Pre 0.8524 Rec 0.8509
2026-08-23 09:05:41 | Epoch  17/100 | Train Loss 0.1884 | Val Loss 0.6513 Acc 0.8672 AUC 0.9752 Pre 0.8573 Rec 0.8479
2026-08-23 09:05:41 |   Val AUC improved to 0.9752, model saved
2026-08-23 09:05:41 | Epoch  18/100 | Train Loss 0.1708 | Val Loss 0.7059 Acc 0.8635 AUC 0.9753 Pre 0.8563 Rec 0.8442
2026-08-23 09:05:41 |   Val AUC improved to 0.9753, model saved
2026-08-23 09:05:41 | Epoch  19/100 | Train Loss 0.1558 | Val Loss 0.7647 Acc 0.8672 AUC 0.9750 Pre 0.8612 Rec 0.8507
2026-08-23 09:05:41 | Epoch  20/100 | Train Loss 0.1406 | Val Loss 0.8171 Acc 0.8579 AUC 0.9746 Pre 0.8501 Rec 0.8420
2026-08-23 09:05:41 | Epoch  21/100 | Train Loss 0.1218 | Val Loss 0.8641 Acc 0.8616 AUC 0.9739 Pre 0.8558 Rec 0.8473
2026-08-23 09:05:41 | Epoch  22/100 | Train Loss 0.1113 | Val Loss 0.9105 Acc 0.8598 AUC 0.9734 Pre 0.8499 Rec 0.8472
2026-08-23 09:05:41 | Epoch  23/100 | Train Loss 0.0949 | Val Loss 0.9578 Acc 0.8616 AUC 0.9729 Pre 0.8518 Rec 0.8482
2026-08-23 09:05:41 | Epoch  24/100 | Train Loss 0.0874 | Val Loss 0.9998 Acc 0.8598 AUC 0.9725 Pre 0.8495 Rec 0.8465
2026-08-23 09:05:41 | Epoch  25/100 | Train Loss 0.0814 | Val Loss 1.0260 Acc 0.8672 AUC 0.9723 Pre 0.8547 Rec 0.8534
2026-08-23 09:05:41 | Epoch  26/100 | Train Loss 0.0710 | Val Loss 1.0523 Acc 0.8616 AUC 0.9719 Pre 0.8455 Rec 0.8447
2026-08-23 09:05:41 | Epoch  27/100 | Train Loss 0.0659 | Val Loss 1.0846 Acc 0.8616 AUC 0.9718 Pre 0.8498 Rec 0.8454
2026-08-23 09:05:41 | Epoch  28/100 | Train Loss 0.0582 | Val Loss 1.1239 Acc 0.8690 AUC 0.9716 Pre 0.8604 Rec 0.8535
2026-08-23 09:05:41 | Val AUC did not improve for 10 consecutive epochs, early stopping at Epoch 28 (best AUC 0.9753 @ Epoch 18)
2026-08-23 09:05:41 | Run 3/5 | Test (best model @ Epoch 18) | Loss 0.6311 Acc 0.8727 AUC 0.9801 Pre 0.8681 Rec 0.8587
2026-08-23 09:05:41 | ===== Run 4/5 (seed 3) =====
2026-08-23 09:05:41 | Epoch   1/100 | Train Loss 1.9346 | Val Loss 1.8875 Acc 0.3026 AUC 0.9173 Pre 0.0432 Rec 0.1429
2026-08-23 09:05:41 |   Val AUC improved to 0.9173, model saved
2026-08-23 09:05:41 | Epoch   2/100 | Train Loss 1.8863 | Val Loss 1.7781 Acc 0.3026 AUC 0.8929 Pre 0.0432 Rec 0.1429
2026-08-23 09:05:41 | Epoch   3/100 | Train Loss 1.7751 | Val Loss 1.6796 Acc 0.3026 AUC 0.8672 Pre 0.0432 Rec 0.1429
2026-08-23 09:05:41 | Epoch   4/100 | Train Loss 1.6773 | Val Loss 1.5246 Acc 0.3026 AUC 0.9228 Pre 0.0432 Rec 0.1429
2026-08-23 09:05:41 |   Val AUC improved to 0.9228, model saved
2026-08-23 09:05:41 | Epoch   5/100 | Train Loss 1.5090 | Val Loss 1.3479 Acc 0.5351 AUC 0.9476 Pre 0.4324 Rec 0.3588
2026-08-23 09:05:41 |   Val AUC improved to 0.9476, model saved
2026-08-23 09:05:41 | Epoch   6/100 | Train Loss 1.3200 | Val Loss 1.1625 Acc 0.7066 AUC 0.9567 Pre 0.5470 Rec 0.5531
2026-08-23 09:05:41 |   Val AUC improved to 0.9567, model saved
2026-08-23 09:05:41 | Epoch   7/100 | Train Loss 1.1203 | Val Loss 0.9672 Acc 0.7472 AUC 0.9607 Pre 0.6938 Rec 0.6076
2026-08-23 09:05:41 |   Val AUC improved to 0.9607, model saved
2026-08-23 09:05:41 | Epoch   8/100 | Train Loss 0.9107 | Val Loss 0.8038 Acc 0.7638 AUC 0.9625 Pre 0.8399 Rec 0.6329
2026-08-23 09:05:41 |   Val AUC improved to 0.9625, model saved
2026-08-23 09:05:41 | Epoch   9/100 | Train Loss 0.7279 | Val Loss 0.6899 Acc 0.7897 AUC 0.9653 Pre 0.8532 Rec 0.6784
2026-08-23 09:05:41 |   Val AUC improved to 0.9653, model saved
2026-08-23 09:05:41 | Epoch  10/100 | Train Loss 0.5904 | Val Loss 0.6114 Acc 0.8044 AUC 0.9682 Pre 0.8493 Rec 0.7135
2026-08-23 09:05:41 |   Val AUC improved to 0.9682, model saved
2026-08-23 09:05:41 | Epoch  11/100 | Train Loss 0.4853 | Val Loss 0.5602 Acc 0.8339 AUC 0.9705 Pre 0.8557 Rec 0.7798
2026-08-23 09:05:41 |   Val AUC improved to 0.9705, model saved
2026-08-23 09:05:42 | Epoch  12/100 | Train Loss 0.4030 | Val Loss 0.5250 Acc 0.8561 AUC 0.9728 Pre 0.8490 Rec 0.8254
2026-08-23 09:05:42 |   Val AUC improved to 0.9728, model saved
2026-08-23 09:05:42 | Epoch  13/100 | Train Loss 0.3303 | Val Loss 0.5129 Acc 0.8598 AUC 0.9748 Pre 0.8313 Rec 0.8365
2026-08-23 09:05:42 |   Val AUC improved to 0.9748, model saved
2026-08-23 09:05:42 | Epoch  14/100 | Train Loss 0.2734 | Val Loss 0.5343 Acc 0.8616 AUC 0.9758 Pre 0.8362 Rec 0.8454
2026-08-23 09:05:42 |   Val AUC improved to 0.9758, model saved
2026-08-23 09:05:42 | Epoch  15/100 | Train Loss 0.2406 | Val Loss 0.5706 Acc 0.8635 AUC 0.9756 Pre 0.8447 Rec 0.8455
2026-08-23 09:05:42 | Epoch  16/100 | Train Loss 0.2220 | Val Loss 0.5981 Acc 0.8672 AUC 0.9758 Pre 0.8480 Rec 0.8472
2026-08-23 09:05:42 | Epoch  17/100 | Train Loss 0.1952 | Val Loss 0.6316 Acc 0.8672 AUC 0.9761 Pre 0.8517 Rec 0.8495
2026-08-23 09:05:42 |   Val AUC improved to 0.9761, model saved
2026-08-23 09:05:42 | Epoch  18/100 | Train Loss 0.1767 | Val Loss 0.6752 Acc 0.8690 AUC 0.9763 Pre 0.8579 Rec 0.8516
2026-08-23 09:05:42 |   Val AUC improved to 0.9763, model saved
2026-08-23 09:05:42 | Epoch  19/100 | Train Loss 0.1591 | Val Loss 0.7287 Acc 0.8653 AUC 0.9762 Pre 0.8582 Rec 0.8471
2026-08-23 09:05:42 | Epoch  20/100 | Train Loss 0.1494 | Val Loss 0.7797 Acc 0.8672 AUC 0.9760 Pre 0.8610 Rec 0.8488
2026-08-23 09:05:42 | Epoch  21/100 | Train Loss 0.1316 | Val Loss 0.8286 Acc 0.8616 AUC 0.9756 Pre 0.8544 Rec 0.8457
2026-08-23 09:05:42 | Epoch  22/100 | Train Loss 0.1131 | Val Loss 0.8698 Acc 0.8616 AUC 0.9751 Pre 0.8501 Rec 0.8487
2026-08-23 09:05:42 | Epoch  23/100 | Train Loss 0.0987 | Val Loss 0.9077 Acc 0.8598 AUC 0.9745 Pre 0.8483 Rec 0.8470
2026-08-23 09:05:42 | Epoch  24/100 | Train Loss 0.0917 | Val Loss 0.9434 Acc 0.8616 AUC 0.9739 Pre 0.8501 Rec 0.8485
2026-08-23 09:05:42 | Epoch  25/100 | Train Loss 0.0781 | Val Loss 0.9818 Acc 0.8598 AUC 0.9734 Pre 0.8497 Rec 0.8465
2026-08-23 09:05:42 | Epoch  26/100 | Train Loss 0.0739 | Val Loss 1.0154 Acc 0.8635 AUC 0.9731 Pre 0.8514 Rec 0.8506
2026-08-23 09:05:42 | Epoch  27/100 | Train Loss 0.0708 | Val Loss 1.0374 Acc 0.8653 AUC 0.9728 Pre 0.8541 Rec 0.8556
2026-08-23 09:05:42 | Epoch  28/100 | Train Loss 0.0665 | Val Loss 1.0602 Acc 0.8653 AUC 0.9726 Pre 0.8522 Rec 0.8518
2026-08-23 09:05:42 | Val AUC did not improve for 10 consecutive epochs, early stopping at Epoch 28 (best AUC 0.9763 @ Epoch 18)
2026-08-23 09:05:42 | Run 4/5 | Test (best model @ Epoch 18) | Loss 0.6190 Acc 0.8727 AUC 0.9802 Pre 0.8712 Rec 0.8627
2026-08-23 09:05:42 | ===== Run 5/5 (seed 4) =====
2026-08-23 09:05:42 | Epoch   1/100 | Train Loss 1.9530 | Val Loss 1.9055 Acc 0.4926 AUC 0.9213 Pre 0.2625 Rec 0.3270
2026-08-23 09:05:42 |   Val AUC improved to 0.9213, model saved
2026-08-23 09:05:42 | Epoch   2/100 | Train Loss 1.9036 | Val Loss 1.7892 Acc 0.3026 AUC 0.8931 Pre 0.0432 Rec 0.1429
2026-08-23 09:05:42 | Epoch   3/100 | Train Loss 1.7848 | Val Loss 1.6748 Acc 0.3026 AUC 0.8588 Pre 0.0432 Rec 0.1429
2026-08-23 09:05:42 | Epoch   4/100 | Train Loss 1.6686 | Val Loss 1.5220 Acc 0.3137 AUC 0.9122 Pre 0.1866 Rec 0.1531
2026-08-23 09:05:42 | Epoch   5/100 | Train Loss 1.5039 | Val Loss 1.3241 Acc 0.5387 AUC 0.9433 Pre 0.5722 Rec 0.3640
2026-08-23 09:05:42 |   Val AUC improved to 0.9433, model saved
2026-08-23 09:05:42 | Epoch   6/100 | Train Loss 1.2918 | Val Loss 1.1325 Acc 0.7288 AUC 0.9546 Pre 0.5414 Rec 0.5839
2026-08-23 09:05:42 |   Val AUC improved to 0.9546, model saved
2026-08-23 09:05:42 | Epoch   7/100 | Train Loss 1.0892 | Val Loss 0.9433 Acc 0.7565 AUC 0.9596 Pre 0.5473 Rec 0.6201
2026-08-23 09:05:42 |   Val AUC improved to 0.9596, model saved
2026-08-23 09:05:42 | Epoch   8/100 | Train Loss 0.8890 | Val Loss 0.7900 Acc 0.7583 AUC 0.9627 Pre 0.5437 Rec 0.6237
2026-08-23 09:05:42 |   Val AUC improved to 0.9627, model saved
2026-08-23 09:05:42 | Epoch   9/100 | Train Loss 0.7159 | Val Loss 0.6956 Acc 0.7657 AUC 0.9651 Pre 0.6891 Rec 0.6339
2026-08-23 09:05:42 |   Val AUC improved to 0.9651, model saved
2026-08-23 09:05:42 | Epoch  10/100 | Train Loss 0.5956 | Val Loss 0.6349 Acc 0.7897 AUC 0.9676 Pre 0.8421 Rec 0.6770
2026-08-23 09:05:42 |   Val AUC improved to 0.9676, model saved
2026-08-23 09:05:42 | Epoch  11/100 | Train Loss 0.5044 | Val Loss 0.5884 Acc 0.8137 AUC 0.9697 Pre 0.8447 Rec 0.7249
2026-08-23 09:05:42 |   Val AUC improved to 0.9697, model saved
2026-08-23 09:05:42 | Epoch  12/100 | Train Loss 0.4267 | Val Loss 0.5530 Acc 0.8542 AUC 0.9715 Pre 0.8722 Rec 0.8076
2026-08-23 09:05:42 |   Val AUC improved to 0.9715, model saved
2026-08-23 09:05:42 | Epoch  13/100 | Train Loss 0.3571 | Val Loss 0.5323 Acc 0.8653 AUC 0.9731 Pre 0.8524 Rec 0.8382
2026-08-23 09:05:42 |   Val AUC improved to 0.9731, model saved
2026-08-23 09:05:42 | Epoch  14/100 | Train Loss 0.2966 | Val Loss 0.5406 Acc 0.8616 AUC 0.9745 Pre 0.8363 Rec 0.8457
2026-08-23 09:05:42 |   Val AUC improved to 0.9745, model saved
2026-08-23 09:05:42 | Epoch  15/100 | Train Loss 0.2559 | Val Loss 0.5721 Acc 0.8635 AUC 0.9753 Pre 0.8383 Rec 0.8500
2026-08-23 09:05:42 |   Val AUC improved to 0.9753, model saved
2026-08-23 09:05:42 | Epoch  16/100 | Train Loss 0.2351 | Val Loss 0.6007 Acc 0.8653 AUC 0.9752 Pre 0.8400 Rec 0.8494
2026-08-23 09:05:42 | Epoch  17/100 | Train Loss 0.2089 | Val Loss 0.6388 Acc 0.8635 AUC 0.9748 Pre 0.8407 Rec 0.8474
2026-08-23 09:05:42 | Epoch  18/100 | Train Loss 0.1826 | Val Loss 0.6868 Acc 0.8616 AUC 0.9748 Pre 0.8443 Rec 0.8415
2026-08-23 09:05:42 | Epoch  19/100 | Train Loss 0.1597 | Val Loss 0.7466 Acc 0.8598 AUC 0.9748 Pre 0.8531 Rec 0.8377
2026-08-23 09:05:42 | Epoch  20/100 | Train Loss 0.1449 | Val Loss 0.8049 Acc 0.8598 AUC 0.9746 Pre 0.8542 Rec 0.8398
2026-08-23 09:05:42 | Epoch  21/100 | Train Loss 0.1331 | Val Loss 0.8498 Acc 0.8579 AUC 0.9743 Pre 0.8511 Rec 0.8415
2026-08-23 09:05:42 | Epoch  22/100 | Train Loss 0.1155 | Val Loss 0.8899 Acc 0.8579 AUC 0.9739 Pre 0.8487 Rec 0.8427
2026-08-23 09:05:42 | Epoch  23/100 | Train Loss 0.1009 | Val Loss 0.9274 Acc 0.8635 AUC 0.9738 Pre 0.8537 Rec 0.8489
2026-08-23 09:05:42 | Epoch  24/100 | Train Loss 0.0899 | Val Loss 0.9622 Acc 0.8672 AUC 0.9734 Pre 0.8552 Rec 0.8553
2026-08-23 09:05:42 | Epoch  25/100 | Train Loss 0.0810 | Val Loss 0.9966 Acc 0.8672 AUC 0.9731 Pre 0.8550 Rec 0.8540
2026-08-23 09:05:42 | Val AUC did not improve for 10 consecutive epochs, early stopping at Epoch 25 (best AUC 0.9753 @ Epoch 15)
2026-08-23 09:05:42 | Run 5/5 | Test (best model @ Epoch 15) | Loss 0.5391 Acc 0.8764 AUC 0.9791 Pre 0.8598 Rec 0.8753
2026-08-23 09:05:42 | Average over 5 runs | Test Loss 0.5801±0.0544 Acc 0.8768±0.0046 AUC 0.9798±0.0007 Pre 0.8672±0.0088 Rec 0.8688±0.0075
2026-08-23 09:09:57 | Device: cuda
2026-08-23 09:09:57 | Args: {'model': 'gcn', 'backbone': 'mlp', 'task': 'cora', 'epochs': 100, 'batch_size': 128, 'lr': 0.005, 'hidden_dims': [512, 256], 'dropout': 0.2, 'z_dim': 256, 'beta': 0.001, 'patience': 10, 'runs': 5, 'seed': 0, 'data_dir': './data', 'save_path': 'output/cora_gcn/cora_gcn.pt', 'log_path': 'output/cora_gcn/train_cora_gcn.log'}
2026-08-23 09:09:59 | Cora 划分（60/20/20 分层）：train 1624 / val 542 / test 542（共 2708 节点，7 类）
2026-08-23 09:09:59 | ===== Run 1/5 (seed 0) =====
2026-08-23 09:09:59 | Epoch   1/100 | Train Loss 1.9542 | Val Loss 1.9334 Acc 0.3561 AUC 0.9098 Pre 0.3852 Rec 0.3477
2026-08-23 09:09:59 |   Val AUC improved to 0.9098, model saved
2026-08-23 09:09:59 | Epoch   2/100 | Train Loss 1.9324 | Val Loss 1.8970 Acc 0.3948 AUC 0.9077 Pre 0.2865 Rec 0.2291
2026-08-23 09:09:59 | Epoch   3/100 | Train Loss 1.8946 | Val Loss 1.8360 Acc 0.3026 AUC 0.8918 Pre 0.0432 Rec 0.1429
2026-08-23 09:09:59 | Epoch   4/100 | Train Loss 1.8322 | Val Loss 1.7579 Acc 0.3026 AUC 0.8723 Pre 0.0432 Rec 0.1429
2026-08-23 09:09:59 | Epoch   5/100 | Train Loss 1.7532 | Val Loss 1.6926 Acc 0.3026 AUC 0.8605 Pre 0.0432 Rec 0.1429
2026-08-23 09:09:59 | Epoch   6/100 | Train Loss 1.6874 | Val Loss 1.6373 Acc 0.3026 AUC 0.8676 Pre 0.0432 Rec 0.1429
2026-08-23 09:09:59 | Epoch   7/100 | Train Loss 1.6285 | Val Loss 1.5470 Acc 0.3100 AUC 0.9023 Pre 0.1864 Rec 0.1497
2026-08-23 09:09:59 | Epoch   8/100 | Train Loss 1.5305 | Val Loss 1.4401 Acc 0.4096 AUC 0.9293 Pre 0.1867 Rec 0.2415
2026-08-23 09:09:59 |   Val AUC improved to 0.9293, model saved
2026-08-23 09:09:59 | Epoch   9/100 | Train Loss 1.4176 | Val Loss 1.3368 Acc 0.5166 AUC 0.9432 Pre 0.5709 Rec 0.3441
2026-08-23 09:09:59 |   Val AUC improved to 0.9432, model saved
2026-08-23 09:09:59 | Epoch  10/100 | Train Loss 1.3042 | Val Loss 1.2338 Acc 0.6587 AUC 0.9512 Pre 0.5364 Rec 0.5002
2026-08-23 09:09:59 |   Val AUC improved to 0.9512, model saved
2026-08-23 09:09:59 | Epoch  11/100 | Train Loss 1.1950 | Val Loss 1.1250 Acc 0.7085 AUC 0.9566 Pre 0.5253 Rec 0.5588
2026-08-23 09:09:59 |   Val AUC improved to 0.9566, model saved
2026-08-23 09:09:59 | Epoch  12/100 | Train Loss 1.0787 | Val Loss 1.0136 Acc 0.7343 AUC 0.9602 Pre 0.5318 Rec 0.5877
2026-08-23 09:09:59 |   Val AUC improved to 0.9602, model saved
2026-08-23 09:09:59 | Epoch  13/100 | Train Loss 0.9587 | Val Loss 0.9092 Acc 0.7491 AUC 0.9619 Pre 0.5405 Rec 0.6067
2026-08-23 09:09:59 |   Val AUC improved to 0.9619, model saved
2026-08-23 09:09:59 | Epoch  14/100 | Train Loss 0.8440 | Val Loss 0.8202 Acc 0.7565 AUC 0.9628 Pre 0.6840 Rec 0.6207
2026-08-23 09:09:59 |   Val AUC improved to 0.9628, model saved
2026-08-23 09:09:59 | Epoch  15/100 | Train Loss 0.7439 | Val Loss 0.7471 Acc 0.7620 AUC 0.9637 Pre 0.8242 Rec 0.6324
2026-08-23 09:09:59 |   Val AUC improved to 0.9637, model saved
2026-08-23 09:09:59 | Epoch  16/100 | Train Loss 0.6584 | Val Loss 0.6856 Acc 0.7786 AUC 0.9654 Pre 0.8354 Rec 0.6566
2026-08-23 09:09:59 |   Val AUC improved to 0.9654, model saved
2026-08-23 09:09:59 | Epoch  17/100 | Train Loss 0.5823 | Val Loss 0.6344 Acc 0.7897 AUC 0.9674 Pre 0.8400 Rec 0.6816
2026-08-23 09:09:59 |   Val AUC improved to 0.9674, model saved
2026-08-23 09:09:59 | Epoch  18/100 | Train Loss 0.5195 | Val Loss 0.5946 Acc 0.8026 AUC 0.9694 Pre 0.8470 Rec 0.7058
2026-08-23 09:09:59 |   Val AUC improved to 0.9694, model saved
2026-08-23 09:09:59 | Epoch  19/100 | Train Loss 0.4622 | Val Loss 0.5645 Acc 0.8137 AUC 0.9711 Pre 0.8458 Rec 0.7373
2026-08-23 09:09:59 |   Val AUC improved to 0.9711, model saved
2026-08-23 09:09:59 | Epoch  20/100 | Train Loss 0.4160 | Val Loss 0.5408 Acc 0.8358 AUC 0.9727 Pre 0.8528 Rec 0.7769
2026-08-23 09:09:59 |   Val AUC improved to 0.9727, model saved
2026-08-23 09:09:59 | Epoch  21/100 | Train Loss 0.3697 | Val Loss 0.5217 Acc 0.8561 AUC 0.9738 Pre 0.8470 Rec 0.8209
2026-08-23 09:09:59 |   Val AUC improved to 0.9738, model saved
2026-08-23 09:09:59 | Epoch  22/100 | Train Loss 0.3282 | Val Loss 0.5104 Acc 0.8598 AUC 0.9746 Pre 0.8330 Rec 0.8343
2026-08-23 09:09:59 |   Val AUC improved to 0.9746, model saved
2026-08-23 09:09:59 | Epoch  23/100 | Train Loss 0.2933 | Val Loss 0.5100 Acc 0.8616 AUC 0.9750 Pre 0.8352 Rec 0.8392
2026-08-23 09:09:59 |   Val AUC improved to 0.9750, model saved
2026-08-23 09:09:59 | Epoch  24/100 | Train Loss 0.2676 | Val Loss 0.5177 Acc 0.8635 AUC 0.9751 Pre 0.8391 Rec 0.8448
2026-08-23 09:10:00 |   Val AUC improved to 0.9751, model saved
2026-08-23 09:10:00 | Epoch  25/100 | Train Loss 0.2460 | Val Loss 0.5263 Acc 0.8690 AUC 0.9750 Pre 0.8479 Rec 0.8509
2026-08-23 09:10:00 | Epoch  26/100 | Train Loss 0.2294 | Val Loss 0.5332 Acc 0.8708 AUC 0.9748 Pre 0.8493 Rec 0.8522
2026-08-23 09:10:00 | Epoch  27/100 | Train Loss 0.2103 | Val Loss 0.5411 Acc 0.8708 AUC 0.9749 Pre 0.8524 Rec 0.8509
2026-08-23 09:10:00 | Epoch  28/100 | Train Loss 0.1893 | Val Loss 0.5531 Acc 0.8708 AUC 0.9753 Pre 0.8523 Rec 0.8506
2026-08-23 09:10:00 |   Val AUC improved to 0.9753, model saved
2026-08-23 09:10:00 | Epoch  29/100 | Train Loss 0.1748 | Val Loss 0.5692 Acc 0.8727 AUC 0.9755 Pre 0.8595 Rec 0.8530
2026-08-23 09:10:00 |   Val AUC improved to 0.9755, model saved
2026-08-23 09:10:00 | Epoch  30/100 | Train Loss 0.1621 | Val Loss 0.5889 Acc 0.8690 AUC 0.9756 Pre 0.8598 Rec 0.8517
2026-08-23 09:10:00 |   Val AUC improved to 0.9756, model saved
2026-08-23 09:10:00 | Epoch  31/100 | Train Loss 0.1539 | Val Loss 0.6101 Acc 0.8708 AUC 0.9754 Pre 0.8620 Rec 0.8538
2026-08-23 09:10:00 | Epoch  32/100 | Train Loss 0.1437 | Val Loss 0.6313 Acc 0.8672 AUC 0.9751 Pre 0.8582 Rec 0.8512
2026-08-23 09:10:00 | Epoch  33/100 | Train Loss 0.1349 | Val Loss 0.6520 Acc 0.8653 AUC 0.9749 Pre 0.8542 Rec 0.8500
2026-08-23 09:10:00 | Epoch  34/100 | Train Loss 0.1245 | Val Loss 0.6712 Acc 0.8635 AUC 0.9746 Pre 0.8546 Rec 0.8491
2026-08-23 09:10:00 | Epoch  35/100 | Train Loss 0.1144 | Val Loss 0.6899 Acc 0.8635 AUC 0.9741 Pre 0.8561 Rec 0.8511
2026-08-23 09:10:00 | Epoch  36/100 | Train Loss 0.1070 | Val Loss 0.7078 Acc 0.8653 AUC 0.9737 Pre 0.8570 Rec 0.8554
2026-08-23 09:10:00 | Epoch  37/100 | Train Loss 0.0989 | Val Loss 0.7246 Acc 0.8653 AUC 0.9734 Pre 0.8570 Rec 0.8554
2026-08-23 09:10:00 | Epoch  38/100 | Train Loss 0.0933 | Val Loss 0.7396 Acc 0.8672 AUC 0.9732 Pre 0.8560 Rec 0.8555
2026-08-23 09:10:00 | Epoch  39/100 | Train Loss 0.0864 | Val Loss 0.7532 Acc 0.8690 AUC 0.9730 Pre 0.8572 Rec 0.8575
2026-08-23 09:10:00 | Epoch  40/100 | Train Loss 0.0799 | Val Loss 0.7660 Acc 0.8708 AUC 0.9730 Pre 0.8608 Rec 0.8584
2026-08-23 09:10:00 | Val AUC did not improve for 10 consecutive epochs, early stopping at Epoch 40 (best AUC 0.9756 @ Epoch 30)
2026-08-23 09:10:00 | Run 1/5 | Test (best model @ Epoch 30) | Loss 0.5339 Acc 0.8745 AUC 0.9800 Pre 0.8691 Rec 0.8632
2026-08-23 09:10:00 | ===== Run 2/5 (seed 1) =====
2026-08-23 09:10:00 | Epoch   1/100 | Train Loss 1.9356 | Val Loss 1.9143 Acc 0.3026 AUC 0.8999 Pre 0.0432 Rec 0.1429
2026-08-23 09:10:00 |   Val AUC improved to 0.8999, model saved
2026-08-23 09:10:00 | Epoch   2/100 | Train Loss 1.9134 | Val Loss 1.8773 Acc 0.3026 AUC 0.9009 Pre 0.0432 Rec 0.1429
2026-08-23 09:10:00 |   Val AUC improved to 0.9009, model saved
2026-08-23 09:10:00 | Epoch   3/100 | Train Loss 1.8751 | Val Loss 1.8168 Acc 0.3026 AUC 0.8872 Pre 0.0432 Rec 0.1429
2026-08-23 09:10:00 | Epoch   4/100 | Train Loss 1.8133 | Val Loss 1.7458 Acc 0.3026 AUC 0.8652 Pre 0.0432 Rec 0.1429
2026-08-23 09:10:00 | Epoch   5/100 | Train Loss 1.7424 | Val Loss 1.6910 Acc 0.3026 AUC 0.8559 Pre 0.0432 Rec 0.1429
2026-08-23 09:10:00 | Epoch   6/100 | Train Loss 1.6865 | Val Loss 1.6248 Acc 0.3026 AUC 0.8812 Pre 0.0432 Rec 0.1429
2026-08-23 09:10:00 | Epoch   7/100 | Train Loss 1.6156 | Val Loss 1.5285 Acc 0.3026 AUC 0.9143 Pre 0.0432 Rec 0.1429
2026-08-23 09:10:00 |   Val AUC improved to 0.9143, model saved
2026-08-23 09:10:00 | Epoch   8/100 | Train Loss 1.5141 | Val Loss 1.4264 Acc 0.4262 AUC 0.9342 Pre 0.3323 Rec 0.2565
2026-08-23 09:10:00 |   Val AUC improved to 0.9342, model saved
2026-08-23 09:10:00 | Epoch   9/100 | Train Loss 1.4043 | Val Loss 1.3255 Acc 0.5554 AUC 0.9454 Pre 0.5651 Rec 0.3889
2026-08-23 09:10:00 |   Val AUC improved to 0.9454, model saved
2026-08-23 09:10:00 | Epoch  10/100 | Train Loss 1.2970 | Val Loss 1.2189 Acc 0.6808 AUC 0.9519 Pre 0.5215 Rec 0.5286
2026-08-23 09:10:00 |   Val AUC improved to 0.9519, model saved
2026-08-23 09:10:00 | Epoch  11/100 | Train Loss 1.1826 | Val Loss 1.1051 Acc 0.7269 AUC 0.9559 Pre 0.5325 Rec 0.5807
2026-08-23 09:10:00 |   Val AUC improved to 0.9559, model saved
2026-08-23 09:10:00 | Epoch  12/100 | Train Loss 1.0631 | Val Loss 0.9919 Acc 0.7380 AUC 0.9581 Pre 0.5284 Rec 0.5956
2026-08-23 09:10:00 |   Val AUC improved to 0.9581, model saved
2026-08-23 09:10:00 | Epoch  13/100 | Train Loss 0.9402 | Val Loss 0.8906 Acc 0.7546 AUC 0.9594 Pre 0.6788 Rec 0.6169
2026-08-23 09:10:00 |   Val AUC improved to 0.9594, model saved
2026-08-23 09:10:00 | Epoch  14/100 | Train Loss 0.8274 | Val Loss 0.8066 Acc 0.7565 AUC 0.9608 Pre 0.6783 Rec 0.6212
2026-08-23 09:10:00 |   Val AUC improved to 0.9608, model saved
2026-08-23 09:10:00 | Epoch  15/100 | Train Loss 0.7320 | Val Loss 0.7380 Acc 0.7657 AUC 0.9628 Pre 0.6814 Rec 0.6364
2026-08-23 09:10:00 |   Val AUC improved to 0.9628, model saved
2026-08-23 09:10:00 | Epoch  16/100 | Train Loss 0.6496 | Val Loss 0.6825 Acc 0.7675 AUC 0.9648 Pre 0.6850 Rec 0.6418
2026-08-23 09:10:00 |   Val AUC improved to 0.9648, model saved
2026-08-23 09:10:00 | Epoch  17/100 | Train Loss 0.5805 | Val Loss 0.6391 Acc 0.7768 AUC 0.9666 Pre 0.8323 Rec 0.6608
2026-08-23 09:10:00 |   Val AUC improved to 0.9666, model saved
2026-08-23 09:10:00 | Epoch  18/100 | Train Loss 0.5249 | Val Loss 0.6047 Acc 0.7897 AUC 0.9682 Pre 0.8392 Rec 0.6839
2026-08-23 09:10:00 |   Val AUC improved to 0.9682, model saved
2026-08-23 09:10:00 | Epoch  19/100 | Train Loss 0.4737 | Val Loss 0.5740 Acc 0.8192 AUC 0.9697 Pre 0.8513 Rec 0.7434
2026-08-23 09:10:00 |   Val AUC improved to 0.9697, model saved
2026-08-23 09:10:00 | Epoch  20/100 | Train Loss 0.4221 | Val Loss 0.5451 Acc 0.8506 AUC 0.9712 Pre 0.8562 Rec 0.8051
2026-08-23 09:10:00 |   Val AUC improved to 0.9712, model saved
2026-08-23 09:10:00 | Epoch  21/100 | Train Loss 0.3749 | Val Loss 0.5215 Acc 0.8653 AUC 0.9724 Pre 0.8612 Rec 0.8349
2026-08-23 09:10:00 |   Val AUC improved to 0.9724, model saved
2026-08-23 09:10:00 | Epoch  22/100 | Train Loss 0.3279 | Val Loss 0.5083 Acc 0.8745 AUC 0.9734 Pre 0.8578 Rec 0.8484
2026-08-23 09:10:00 |   Val AUC improved to 0.9734, model saved
2026-08-23 09:10:00 | Epoch  23/100 | Train Loss 0.2912 | Val Loss 0.5078 Acc 0.8690 AUC 0.9740 Pre 0.8482 Rec 0.8465
2026-08-23 09:10:00 |   Val AUC improved to 0.9740, model saved
2026-08-23 09:10:00 | Epoch  24/100 | Train Loss 0.2643 | Val Loss 0.5148 Acc 0.8635 AUC 0.9747 Pre 0.8409 Rec 0.8443
2026-08-23 09:10:00 |   Val AUC improved to 0.9747, model saved
2026-08-23 09:10:00 | Epoch  25/100 | Train Loss 0.2455 | Val Loss 0.5219 Acc 0.8635 AUC 0.9753 Pre 0.8378 Rec 0.8451
2026-08-23 09:10:00 |   Val AUC improved to 0.9753, model saved
2026-08-23 09:10:00 | Epoch  26/100 | Train Loss 0.2260 | Val Loss 0.5259 Acc 0.8672 AUC 0.9756 Pre 0.8441 Rec 0.8492
2026-08-23 09:10:00 |   Val AUC improved to 0.9756, model saved
2026-08-23 09:10:00 | Epoch  27/100 | Train Loss 0.2072 | Val Loss 0.5306 Acc 0.8653 AUC 0.9760 Pre 0.8426 Rec 0.8468
2026-08-23 09:10:00 |   Val AUC improved to 0.9760, model saved
2026-08-23 09:10:00 | Epoch  28/100 | Train Loss 0.1882 | Val Loss 0.5413 Acc 0.8653 AUC 0.9763 Pre 0.8430 Rec 0.8444
2026-08-23 09:10:00 |   Val AUC improved to 0.9763, model saved
2026-08-23 09:10:00 | Epoch  29/100 | Train Loss 0.1716 | Val Loss 0.5586 Acc 0.8672 AUC 0.9762 Pre 0.8497 Rec 0.8467
2026-08-23 09:10:00 | Epoch  30/100 | Train Loss 0.1596 | Val Loss 0.5810 Acc 0.8653 AUC 0.9760 Pre 0.8552 Rec 0.8454
2026-08-23 09:10:00 | Epoch  31/100 | Train Loss 0.1507 | Val Loss 0.6057 Acc 0.8653 AUC 0.9758 Pre 0.8556 Rec 0.8454
2026-08-23 09:10:00 | Epoch  32/100 | Train Loss 0.1401 | Val Loss 0.6274 Acc 0.8635 AUC 0.9757 Pre 0.8552 Rec 0.8418
2026-08-23 09:10:00 | Epoch  33/100 | Train Loss 0.1307 | Val Loss 0.6437 Acc 0.8616 AUC 0.9756 Pre 0.8513 Rec 0.8394
2026-08-23 09:10:00 | Epoch  34/100 | Train Loss 0.1199 | Val Loss 0.6568 Acc 0.8616 AUC 0.9754 Pre 0.8509 Rec 0.8418
2026-08-23 09:10:00 | Epoch  35/100 | Train Loss 0.1122 | Val Loss 0.6695 Acc 0.8598 AUC 0.9753 Pre 0.8467 Rec 0.8421
2026-08-23 09:10:00 | Epoch  36/100 | Train Loss 0.1025 | Val Loss 0.6819 Acc 0.8653 AUC 0.9751 Pre 0.8532 Rec 0.8537
2026-08-23 09:10:00 | Epoch  37/100 | Train Loss 0.0932 | Val Loss 0.6950 Acc 0.8690 AUC 0.9749 Pre 0.8591 Rec 0.8579
2026-08-23 09:10:00 | Epoch  38/100 | Train Loss 0.0879 | Val Loss 0.7090 Acc 0.8672 AUC 0.9746 Pre 0.8570 Rec 0.8540
2026-08-23 09:10:00 | Val AUC did not improve for 10 consecutive epochs, early stopping at Epoch 38 (best AUC 0.9763 @ Epoch 28)
2026-08-23 09:10:00 | Run 2/5 | Test (best model @ Epoch 28) | Loss 0.4839 Acc 0.8782 AUC 0.9808 Pre 0.8663 Rec 0.8696
2026-08-23 09:10:00 | ===== Run 3/5 (seed 2) =====
2026-08-23 09:10:00 | Epoch   1/100 | Train Loss 1.9521 | Val Loss 1.9310 Acc 0.2399 AUC 0.9181 Pre 0.2802 Rec 0.2161
2026-08-23 09:10:00 |   Val AUC improved to 0.9181, model saved
2026-08-23 09:10:00 | Epoch   2/100 | Train Loss 1.9300 | Val Loss 1.8945 Acc 0.4446 AUC 0.9138 Pre 0.3053 Rec 0.2741
2026-08-23 09:10:00 | Epoch   3/100 | Train Loss 1.8927 | Val Loss 1.8332 Acc 0.3026 AUC 0.9030 Pre 0.0432 Rec 0.1429
2026-08-23 09:10:00 | Epoch   4/100 | Train Loss 1.8296 | Val Loss 1.7549 Acc 0.3026 AUC 0.8895 Pre 0.0432 Rec 0.1429
2026-08-23 09:10:00 | Epoch   5/100 | Train Loss 1.7509 | Val Loss 1.6878 Acc 0.3026 AUC 0.8806 Pre 0.0432 Rec 0.1429
2026-08-23 09:10:00 | Epoch   6/100 | Train Loss 1.6839 | Val Loss 1.6317 Acc 0.3026 AUC 0.8872 Pre 0.0432 Rec 0.1429
2026-08-23 09:10:00 | Epoch   7/100 | Train Loss 1.6236 | Val Loss 1.5420 Acc 0.3026 AUC 0.9129 Pre 0.0432 Rec 0.1429
2026-08-23 09:10:00 | Epoch   8/100 | Train Loss 1.5280 | Val Loss 1.4327 Acc 0.3561 AUC 0.9336 Pre 0.1885 Rec 0.1922
2026-08-23 09:10:00 |   Val AUC improved to 0.9336, model saved
2026-08-23 09:10:00 | Epoch   9/100 | Train Loss 1.4087 | Val Loss 1.3256 Acc 0.5461 AUC 0.9453 Pre 0.5945 Rec 0.3821
2026-08-23 09:10:00 |   Val AUC improved to 0.9453, model saved
2026-08-23 09:10:00 | Epoch  10/100 | Train Loss 1.2934 | Val Loss 1.2186 Acc 0.6919 AUC 0.9527 Pre 0.5362 Rec 0.5477
2026-08-23 09:10:00 |   Val AUC improved to 0.9527, model saved
2026-08-23 09:10:00 | Epoch  11/100 | Train Loss 1.1772 | Val Loss 1.1052 Acc 0.7362 AUC 0.9573 Pre 0.6826 Rec 0.5995
2026-08-23 09:10:00 |   Val AUC improved to 0.9573, model saved
2026-08-23 09:10:00 | Epoch  12/100 | Train Loss 1.0560 | Val Loss 0.9881 Acc 0.7528 AUC 0.9604 Pre 0.6781 Rec 0.6175
2026-08-23 09:10:00 |   Val AUC improved to 0.9604, model saved
2026-08-23 09:10:00 | Epoch  13/100 | Train Loss 0.9289 | Val Loss 0.8781 Acc 0.7583 AUC 0.9625 Pre 0.6793 Rec 0.6277
2026-08-23 09:10:00 |   Val AUC improved to 0.9625, model saved
2026-08-23 09:10:00 | Epoch  14/100 | Train Loss 0.8096 | Val Loss 0.7863 Acc 0.7546 AUC 0.9641 Pre 0.6775 Rec 0.6247
2026-08-23 09:10:00 |   Val AUC improved to 0.9641, model saved
2026-08-23 09:10:00 | Epoch  15/100 | Train Loss 0.7041 | Val Loss 0.7154 Acc 0.7620 AUC 0.9656 Pre 0.8255 Rec 0.6370
2026-08-23 09:10:00 |   Val AUC improved to 0.9656, model saved
2026-08-23 09:10:00 | Epoch  16/100 | Train Loss 0.6212 | Val Loss 0.6606 Acc 0.7675 AUC 0.9672 Pre 0.8266 Rec 0.6492
2026-08-23 09:10:00 |   Val AUC improved to 0.9672, model saved
2026-08-23 09:10:00 | Epoch  17/100 | Train Loss 0.5480 | Val Loss 0.6162 Acc 0.7860 AUC 0.9689 Pre 0.8343 Rec 0.6775
2026-08-23 09:10:00 |   Val AUC improved to 0.9689, model saved
2026-08-23 09:10:00 | Epoch  18/100 | Train Loss 0.4885 | Val Loss 0.5799 Acc 0.8137 AUC 0.9706 Pre 0.8510 Rec 0.7256
2026-08-23 09:10:00 |   Val AUC improved to 0.9706, model saved
2026-08-23 09:10:00 | Epoch  19/100 | Train Loss 0.4359 | Val Loss 0.5503 Acc 0.8339 AUC 0.9721 Pre 0.8619 Rec 0.7710
2026-08-23 09:10:00 |   Val AUC improved to 0.9721, model saved
2026-08-23 09:10:00 | Epoch  20/100 | Train Loss 0.3847 | Val Loss 0.5268 Acc 0.8635 AUC 0.9734 Pre 0.8720 Rec 0.8290
2026-08-23 09:10:00 |   Val AUC improved to 0.9734, model saved
2026-08-23 09:10:00 | Epoch  21/100 | Train Loss 0.3435 | Val Loss 0.5110 Acc 0.8653 AUC 0.9744 Pre 0.8565 Rec 0.8415
2026-08-23 09:10:00 |   Val AUC improved to 0.9744, model saved
2026-08-23 09:10:00 | Epoch  22/100 | Train Loss 0.3052 | Val Loss 0.5060 Acc 0.8672 AUC 0.9751 Pre 0.8482 Rec 0.8453
2026-08-23 09:10:00 |   Val AUC improved to 0.9751, model saved
2026-08-23 09:10:00 | Epoch  23/100 | Train Loss 0.2740 | Val Loss 0.5110 Acc 0.8635 AUC 0.9755 Pre 0.8400 Rec 0.8435
2026-08-23 09:10:00 |   Val AUC improved to 0.9755, model saved
2026-08-23 09:10:00 | Epoch  24/100 | Train Loss 0.2529 | Val Loss 0.5196 Acc 0.8708 AUC 0.9755 Pre 0.8525 Rec 0.8546
2026-08-23 09:10:00 |   Val AUC improved to 0.9755, model saved
2026-08-23 09:10:00 | Epoch  25/100 | Train Loss 0.2378 | Val Loss 0.5260 Acc 0.8708 AUC 0.9756 Pre 0.8537 Rec 0.8542
2026-08-23 09:10:00 |   Val AUC improved to 0.9756, model saved
2026-08-23 09:10:00 | Epoch  26/100 | Train Loss 0.2157 | Val Loss 0.5325 Acc 0.8727 AUC 0.9755 Pre 0.8543 Rec 0.8530
2026-08-23 09:10:00 | Epoch  27/100 | Train Loss 0.1944 | Val Loss 0.5435 Acc 0.8745 AUC 0.9757 Pre 0.8642 Rec 0.8550
2026-08-23 09:10:00 |   Val AUC improved to 0.9757, model saved
2026-08-23 09:10:00 | Epoch  28/100 | Train Loss 0.1765 | Val Loss 0.5596 Acc 0.8745 AUC 0.9757 Pre 0.8642 Rec 0.8547
2026-08-23 09:10:00 |   Val AUC improved to 0.9757, model saved
2026-08-23 09:10:00 | Epoch  29/100 | Train Loss 0.1678 | Val Loss 0.5788 Acc 0.8745 AUC 0.9758 Pre 0.8639 Rec 0.8547
2026-08-23 09:10:00 |   Val AUC improved to 0.9758, model saved
2026-08-23 09:10:00 | Epoch  30/100 | Train Loss 0.1576 | Val Loss 0.5987 Acc 0.8690 AUC 0.9757 Pre 0.8623 Rec 0.8535
2026-08-23 09:10:00 | Epoch  31/100 | Train Loss 0.1471 | Val Loss 0.6188 Acc 0.8690 AUC 0.9755 Pre 0.8609 Rec 0.8524
2026-08-23 09:10:00 | Epoch  32/100 | Train Loss 0.1351 | Val Loss 0.6390 Acc 0.8653 AUC 0.9752 Pre 0.8581 Rec 0.8495
2026-08-23 09:10:00 | Epoch  33/100 | Train Loss 0.1235 | Val Loss 0.6596 Acc 0.8616 AUC 0.9749 Pre 0.8531 Rec 0.8490
2026-08-23 09:10:00 | Epoch  34/100 | Train Loss 0.1154 | Val Loss 0.6802 Acc 0.8653 AUC 0.9745 Pre 0.8562 Rec 0.8550
2026-08-23 09:10:00 | Epoch  35/100 | Train Loss 0.1081 | Val Loss 0.6995 Acc 0.8635 AUC 0.9741 Pre 0.8534 Rec 0.8514
2026-08-23 09:10:01 | Epoch  36/100 | Train Loss 0.1001 | Val Loss 0.7178 Acc 0.8635 AUC 0.9737 Pre 0.8534 Rec 0.8514
2026-08-23 09:10:01 | Epoch  37/100 | Train Loss 0.0917 | Val Loss 0.7360 Acc 0.8635 AUC 0.9735 Pre 0.8534 Rec 0.8514
2026-08-23 09:10:01 | Epoch  38/100 | Train Loss 0.0845 | Val Loss 0.7542 Acc 0.8708 AUC 0.9731 Pre 0.8594 Rec 0.8591
2026-08-23 09:10:01 | Epoch  39/100 | Train Loss 0.0817 | Val Loss 0.7707 Acc 0.8708 AUC 0.9728 Pre 0.8589 Rec 0.8571
2026-08-23 09:10:01 | Val AUC did not improve for 10 consecutive epochs, early stopping at Epoch 39 (best AUC 0.9758 @ Epoch 29)
2026-08-23 09:10:01 | Run 3/5 | Test (best model @ Epoch 29) | Loss 0.5165 Acc 0.8764 AUC 0.9807 Pre 0.8713 Rec 0.8628
2026-08-23 09:10:01 | ===== Run 4/5 (seed 3) =====
2026-08-23 09:10:01 | Epoch   1/100 | Train Loss 1.9346 | Val Loss 1.9133 Acc 0.3026 AUC 0.9174 Pre 0.0432 Rec 0.1429
2026-08-23 09:10:01 |   Val AUC improved to 0.9174, model saved
2026-08-23 09:10:01 | Epoch   2/100 | Train Loss 1.9126 | Val Loss 1.8772 Acc 0.3026 AUC 0.9168 Pre 0.0432 Rec 0.1429
2026-08-23 09:10:01 | Epoch   3/100 | Train Loss 1.8754 | Val Loss 1.8174 Acc 0.3026 AUC 0.9023 Pre 0.0432 Rec 0.1429
2026-08-23 09:10:01 | Epoch   4/100 | Train Loss 1.8150 | Val Loss 1.7435 Acc 0.3026 AUC 0.8855 Pre 0.0432 Rec 0.1429
2026-08-23 09:10:01 | Epoch   5/100 | Train Loss 1.7396 | Val Loss 1.6806 Acc 0.3026 AUC 0.8798 Pre 0.0432 Rec 0.1429
2026-08-23 09:10:01 | Epoch   6/100 | Train Loss 1.6776 | Val Loss 1.6156 Acc 0.3026 AUC 0.8940 Pre 0.0432 Rec 0.1429
2026-08-23 09:10:01 | Epoch   7/100 | Train Loss 1.6084 | Val Loss 1.5191 Acc 0.3026 AUC 0.9200 Pre 0.0432 Rec 0.1429
2026-08-23 09:10:01 |   Val AUC improved to 0.9200, model saved
2026-08-23 09:10:01 | Epoch   8/100 | Train Loss 1.5040 | Val Loss 1.4108 Acc 0.4262 AUC 0.9380 Pre 0.3350 Rec 0.2564
2026-08-23 09:10:01 |   Val AUC improved to 0.9380, model saved
2026-08-23 09:10:01 | Epoch   9/100 | Train Loss 1.3883 | Val Loss 1.3049 Acc 0.5535 AUC 0.9486 Pre 0.5775 Rec 0.3802
2026-08-23 09:10:01 |   Val AUC improved to 0.9486, model saved
2026-08-23 09:10:01 | Epoch  10/100 | Train Loss 1.2744 | Val Loss 1.1969 Acc 0.6993 AUC 0.9545 Pre 0.5440 Rec 0.5462
2026-08-23 09:10:01 |   Val AUC improved to 0.9545, model saved
2026-08-23 09:10:01 | Epoch  11/100 | Train Loss 1.1585 | Val Loss 1.0833 Acc 0.7399 AUC 0.9582 Pre 0.5482 Rec 0.5955
2026-08-23 09:10:01 |   Val AUC improved to 0.9582, model saved
2026-08-23 09:10:01 | Epoch  12/100 | Train Loss 1.0371 | Val Loss 0.9699 Acc 0.7491 AUC 0.9604 Pre 0.6929 Rec 0.6083
2026-08-23 09:10:01 |   Val AUC improved to 0.9604, model saved
2026-08-23 09:10:01 | Epoch  13/100 | Train Loss 0.9133 | Val Loss 0.8671 Acc 0.7546 AUC 0.9616 Pre 0.6876 Rec 0.6174
2026-08-23 09:10:01 |   Val AUC improved to 0.9616, model saved
2026-08-23 09:10:01 | Epoch  14/100 | Train Loss 0.7984 | Val Loss 0.7810 Acc 0.7694 AUC 0.9627 Pre 0.8357 Rec 0.6425
2026-08-23 09:10:01 |   Val AUC improved to 0.9627, model saved
2026-08-23 09:10:01 | Epoch  15/100 | Train Loss 0.7023 | Val Loss 0.7107 Acc 0.7786 AUC 0.9645 Pre 0.8403 Rec 0.6595
2026-08-23 09:10:01 |   Val AUC improved to 0.9645, model saved
2026-08-23 09:10:01 | Epoch  16/100 | Train Loss 0.6168 | Val Loss 0.6533 Acc 0.7934 AUC 0.9664 Pre 0.8476 Rec 0.6872
2026-08-23 09:10:01 |   Val AUC improved to 0.9664, model saved
2026-08-23 09:10:01 | Epoch  17/100 | Train Loss 0.5466 | Val Loss 0.6082 Acc 0.8100 AUC 0.9683 Pre 0.8498 Rec 0.7241
2026-08-23 09:10:01 |   Val AUC improved to 0.9683, model saved
2026-08-23 09:10:01 | Epoch  18/100 | Train Loss 0.4887 | Val Loss 0.5733 Acc 0.8247 AUC 0.9699 Pre 0.8491 Rec 0.7570
2026-08-23 09:10:01 |   Val AUC improved to 0.9699, model saved
2026-08-23 09:10:01 | Epoch  19/100 | Train Loss 0.4343 | Val Loss 0.5447 Acc 0.8487 AUC 0.9714 Pre 0.8607 Rec 0.8055
2026-08-23 09:10:01 |   Val AUC improved to 0.9714, model saved
2026-08-23 09:10:01 | Epoch  20/100 | Train Loss 0.3865 | Val Loss 0.5209 Acc 0.8635 AUC 0.9728 Pre 0.8578 Rec 0.8345
2026-08-23 09:10:01 |   Val AUC improved to 0.9728, model saved
2026-08-23 09:10:01 | Epoch  21/100 | Train Loss 0.3401 | Val Loss 0.5040 Acc 0.8690 AUC 0.9741 Pre 0.8506 Rec 0.8441
2026-08-23 09:10:01 |   Val AUC improved to 0.9741, model saved
2026-08-23 09:10:01 | Epoch  22/100 | Train Loss 0.2984 | Val Loss 0.4975 Acc 0.8708 AUC 0.9752 Pre 0.8478 Rec 0.8475
2026-08-23 09:10:01 |   Val AUC improved to 0.9752, model saved
2026-08-23 09:10:01 | Epoch  23/100 | Train Loss 0.2685 | Val Loss 0.5014 Acc 0.8653 AUC 0.9756 Pre 0.8435 Rec 0.8433
2026-08-23 09:10:01 |   Val AUC improved to 0.9756, model saved
2026-08-23 09:10:01 | Epoch  24/100 | Train Loss 0.2442 | Val Loss 0.5103 Acc 0.8672 AUC 0.9760 Pre 0.8478 Rec 0.8472
2026-08-23 09:10:01 |   Val AUC improved to 0.9760, model saved
2026-08-23 09:10:01 | Epoch  25/100 | Train Loss 0.2270 | Val Loss 0.5184 Acc 0.8708 AUC 0.9761 Pre 0.8508 Rec 0.8509
2026-08-23 09:10:01 |   Val AUC improved to 0.9761, model saved
2026-08-23 09:10:01 | Epoch  26/100 | Train Loss 0.2074 | Val Loss 0.5252 Acc 0.8745 AUC 0.9763 Pre 0.8583 Rec 0.8554
2026-08-23 09:10:01 |   Val AUC improved to 0.9763, model saved
2026-08-23 09:10:01 | Epoch  27/100 | Train Loss 0.1927 | Val Loss 0.5341 Acc 0.8745 AUC 0.9765 Pre 0.8579 Rec 0.8550
2026-08-23 09:10:01 |   Val AUC improved to 0.9765, model saved
2026-08-23 09:10:01 | Epoch  28/100 | Train Loss 0.1776 | Val Loss 0.5468 Acc 0.8708 AUC 0.9769 Pre 0.8546 Rec 0.8521
2026-08-23 09:10:01 |   Val AUC improved to 0.9769, model saved
2026-08-23 09:10:01 | Epoch  29/100 | Train Loss 0.1639 | Val Loss 0.5637 Acc 0.8690 AUC 0.9770 Pre 0.8567 Rec 0.8513
2026-08-23 09:10:01 |   Val AUC improved to 0.9770, model saved
2026-08-23 09:10:01 | Epoch  30/100 | Train Loss 0.1520 | Val Loss 0.5849 Acc 0.8690 AUC 0.9768 Pre 0.8609 Rec 0.8521
2026-08-23 09:10:01 | Epoch  31/100 | Train Loss 0.1438 | Val Loss 0.6076 Acc 0.8708 AUC 0.9766 Pre 0.8651 Rec 0.8530
2026-08-23 09:10:01 | Epoch  32/100 | Train Loss 0.1329 | Val Loss 0.6287 Acc 0.8690 AUC 0.9763 Pre 0.8638 Rec 0.8521
2026-08-23 09:10:01 | Epoch  33/100 | Train Loss 0.1246 | Val Loss 0.6457 Acc 0.8653 AUC 0.9761 Pre 0.8547 Rec 0.8488
2026-08-23 09:10:01 | Epoch  34/100 | Train Loss 0.1142 | Val Loss 0.6617 Acc 0.8616 AUC 0.9758 Pre 0.8522 Rec 0.8458
2026-08-23 09:10:01 | Epoch  35/100 | Train Loss 0.1061 | Val Loss 0.6772 Acc 0.8653 AUC 0.9755 Pre 0.8566 Rec 0.8537
2026-08-23 09:10:01 | Epoch  36/100 | Train Loss 0.0998 | Val Loss 0.6932 Acc 0.8635 AUC 0.9753 Pre 0.8533 Rec 0.8533
2026-08-23 09:10:01 | Epoch  37/100 | Train Loss 0.0932 | Val Loss 0.7094 Acc 0.8653 AUC 0.9751 Pre 0.8545 Rec 0.8554
2026-08-23 09:10:01 | Epoch  38/100 | Train Loss 0.0841 | Val Loss 0.7258 Acc 0.8690 AUC 0.9747 Pre 0.8565 Rec 0.8583
2026-08-23 09:10:01 | Epoch  39/100 | Train Loss 0.0798 | Val Loss 0.7412 Acc 0.8690 AUC 0.9744 Pre 0.8584 Rec 0.8564
2026-08-23 09:10:01 | Val AUC did not improve for 10 consecutive epochs, early stopping at Epoch 39 (best AUC 0.9770 @ Epoch 29)
2026-08-23 09:10:01 | Run 4/5 | Test (best model @ Epoch 29) | Loss 0.5148 Acc 0.8727 AUC 0.9806 Pre 0.8664 Rec 0.8612
2026-08-23 09:10:01 | ===== Run 5/5 (seed 4) =====
2026-08-23 09:10:01 | Epoch   1/100 | Train Loss 1.9530 | Val Loss 1.9320 Acc 0.2712 AUC 0.9196 Pre 0.4182 Rec 0.2457
2026-08-23 09:10:01 |   Val AUC improved to 0.9196, model saved
2026-08-23 09:10:01 | Epoch   2/100 | Train Loss 1.9308 | Val Loss 1.8949 Acc 0.4520 AUC 0.9179 Pre 0.3067 Rec 0.2808
2026-08-23 09:10:01 | Epoch   3/100 | Train Loss 1.8925 | Val Loss 1.8322 Acc 0.3026 AUC 0.9035 Pre 0.0432 Rec 0.1429
2026-08-23 09:10:01 | Epoch   4/100 | Train Loss 1.8280 | Val Loss 1.7507 Acc 0.3026 AUC 0.8835 Pre 0.0432 Rec 0.1429
2026-08-23 09:10:01 | Epoch   5/100 | Train Loss 1.7454 | Val Loss 1.6791 Acc 0.3026 AUC 0.8703 Pre 0.0432 Rec 0.1429
2026-08-23 09:10:01 | Epoch   6/100 | Train Loss 1.6739 | Val Loss 1.6182 Acc 0.3026 AUC 0.8804 Pre 0.0432 Rec 0.1429
2026-08-23 09:10:01 | Epoch   7/100 | Train Loss 1.6094 | Val Loss 1.5223 Acc 0.3100 AUC 0.9092 Pre 0.1864 Rec 0.1497
2026-08-23 09:10:01 | Epoch   8/100 | Train Loss 1.5073 | Val Loss 1.4064 Acc 0.4539 AUC 0.9311 Pre 0.3324 Rec 0.2819
2026-08-23 09:10:01 |   Val AUC improved to 0.9311, model saved
2026-08-23 09:10:01 | Epoch   9/100 | Train Loss 1.3816 | Val Loss 1.2940 Acc 0.5609 AUC 0.9438 Pre 0.5646 Rec 0.3902
2026-08-23 09:10:01 |   Val AUC improved to 0.9438, model saved
2026-08-23 09:10:01 | Epoch  10/100 | Train Loss 1.2610 | Val Loss 1.1851 Acc 0.7030 AUC 0.9512 Pre 0.5353 Rec 0.5536
2026-08-23 09:10:01 |   Val AUC improved to 0.9512, model saved
2026-08-23 09:10:01 | Epoch  11/100 | Train Loss 1.1446 | Val Loss 1.0744 Acc 0.7399 AUC 0.9557 Pre 0.5476 Rec 0.5982
2026-08-23 09:10:01 |   Val AUC improved to 0.9557, model saved
2026-08-23 09:10:01 | Epoch  12/100 | Train Loss 1.0272 | Val Loss 0.9647 Acc 0.7546 AUC 0.9585 Pre 0.5472 Rec 0.6182
2026-08-23 09:10:01 |   Val AUC improved to 0.9585, model saved
2026-08-23 09:10:01 | Epoch  13/100 | Train Loss 0.9098 | Val Loss 0.8656 Acc 0.7565 AUC 0.9603 Pre 0.5425 Rec 0.6214
2026-08-23 09:10:01 |   Val AUC improved to 0.9603, model saved
2026-08-23 09:10:01 | Epoch  14/100 | Train Loss 0.8010 | Val Loss 0.7855 Acc 0.7620 AUC 0.9622 Pre 0.5424 Rec 0.6262
2026-08-23 09:10:01 |   Val AUC improved to 0.9622, model saved
2026-08-23 09:10:01 | Epoch  15/100 | Train Loss 0.7103 | Val Loss 0.7248 Acc 0.7601 AUC 0.9639 Pre 0.5406 Rec 0.6259
2026-08-23 09:10:01 |   Val AUC improved to 0.9639, model saved
2026-08-23 09:10:01 | Epoch  16/100 | Train Loss 0.6367 | Val Loss 0.6769 Acc 0.7712 AUC 0.9654 Pre 0.6890 Rec 0.6432
2026-08-23 09:10:01 |   Val AUC improved to 0.9654, model saved
2026-08-23 09:10:01 | Epoch  17/100 | Train Loss 0.5739 | Val Loss 0.6365 Acc 0.7878 AUC 0.9673 Pre 0.8391 Rec 0.6747
2026-08-23 09:10:01 |   Val AUC improved to 0.9673, model saved
2026-08-23 09:10:01 | Epoch  18/100 | Train Loss 0.5176 | Val Loss 0.6020 Acc 0.8100 AUC 0.9689 Pre 0.8426 Rec 0.7123
2026-08-23 09:10:01 |   Val AUC improved to 0.9689, model saved
2026-08-23 09:10:01 | Epoch  19/100 | Train Loss 0.4671 | Val Loss 0.5725 Acc 0.8247 AUC 0.9702 Pre 0.8517 Rec 0.7491
2026-08-23 09:10:01 |   Val AUC improved to 0.9702, model saved
2026-08-23 09:10:01 | Epoch  20/100 | Train Loss 0.4182 | Val Loss 0.5468 Acc 0.8487 AUC 0.9715 Pre 0.8675 Rec 0.7975
2026-08-23 09:10:01 |   Val AUC improved to 0.9715, model saved
2026-08-23 09:10:01 | Epoch  21/100 | Train Loss 0.3767 | Val Loss 0.5256 Acc 0.8635 AUC 0.9727 Pre 0.8603 Rec 0.8326
2026-08-23 09:10:01 |   Val AUC improved to 0.9727, model saved
2026-08-23 09:10:01 | Epoch  22/100 | Train Loss 0.3333 | Val Loss 0.5116 Acc 0.8690 AUC 0.9738 Pre 0.8579 Rec 0.8449
2026-08-23 09:10:01 |   Val AUC improved to 0.9738, model saved
2026-08-23 09:10:01 | Epoch  23/100 | Train Loss 0.2960 | Val Loss 0.5073 Acc 0.8598 AUC 0.9747 Pre 0.8359 Rec 0.8398
2026-08-23 09:10:01 |   Val AUC improved to 0.9747, model saved
2026-08-23 09:10:01 | Epoch  24/100 | Train Loss 0.2669 | Val Loss 0.5118 Acc 0.8598 AUC 0.9755 Pre 0.8367 Rec 0.8440
2026-08-23 09:10:01 |   Val AUC improved to 0.9755, model saved
2026-08-23 09:10:01 | Epoch  25/100 | Train Loss 0.2440 | Val Loss 0.5196 Acc 0.8635 AUC 0.9759 Pre 0.8383 Rec 0.8477
2026-08-23 09:10:01 |   Val AUC improved to 0.9759, model saved
2026-08-23 09:10:01 | Epoch  26/100 | Train Loss 0.2259 | Val Loss 0.5271 Acc 0.8635 AUC 0.9760 Pre 0.8384 Rec 0.8458
2026-08-23 09:10:01 |   Val AUC improved to 0.9760, model saved
2026-08-23 09:10:01 | Epoch  27/100 | Train Loss 0.2073 | Val Loss 0.5353 Acc 0.8616 AUC 0.9760 Pre 0.8380 Rec 0.8418
2026-08-23 09:10:01 | Epoch  28/100 | Train Loss 0.1902 | Val Loss 0.5482 Acc 0.8616 AUC 0.9759 Pre 0.8425 Rec 0.8426
2026-08-23 09:10:01 | Epoch  29/100 | Train Loss 0.1733 | Val Loss 0.5652 Acc 0.8616 AUC 0.9758 Pre 0.8458 Rec 0.8438
2026-08-23 09:10:01 | Epoch  30/100 | Train Loss 0.1614 | Val Loss 0.5855 Acc 0.8616 AUC 0.9758 Pre 0.8475 Rec 0.8402
2026-08-23 09:10:01 | Epoch  31/100 | Train Loss 0.1483 | Val Loss 0.6080 Acc 0.8598 AUC 0.9757 Pre 0.8521 Rec 0.8382
2026-08-23 09:10:01 | Epoch  32/100 | Train Loss 0.1399 | Val Loss 0.6308 Acc 0.8635 AUC 0.9755 Pre 0.8535 Rec 0.8431
2026-08-23 09:10:01 | Epoch  33/100 | Train Loss 0.1317 | Val Loss 0.6508 Acc 0.8598 AUC 0.9752 Pre 0.8509 Rec 0.8401
2026-08-23 09:10:01 | Epoch  34/100 | Train Loss 0.1208 | Val Loss 0.6685 Acc 0.8561 AUC 0.9750 Pre 0.8476 Rec 0.8403
2026-08-23 09:10:01 | Epoch  35/100 | Train Loss 0.1122 | Val Loss 0.6841 Acc 0.8616 AUC 0.9748 Pre 0.8533 Rec 0.8484
2026-08-23 09:10:01 | Epoch  36/100 | Train Loss 0.1026 | Val Loss 0.6990 Acc 0.8635 AUC 0.9747 Pre 0.8555 Rec 0.8517
2026-08-23 09:10:01 | Val AUC did not improve for 10 consecutive epochs, early stopping at Epoch 36 (best AUC 0.9760 @ Epoch 26)
2026-08-23 09:10:01 | Run 5/5 | Test (best model @ Epoch 26) | Loss 0.4845 Acc 0.8782 AUC 0.9803 Pre 0.8664 Rec 0.8749
2026-08-23 09:10:01 | Average over 5 runs | Test Loss 0.5067±0.0219 Acc 0.8760±0.0024 AUC 0.9805±0.0003 Pre 0.8679±0.0023 Rec 0.8663±0.0057
2026-08-23 09:13:57 | Device: cuda
2026-08-23 09:13:57 | Args: {'model': 'gcn', 'backbone': 'mlp', 'task': 'cora', 'epochs': 200, 'batch_size': 128, 'lr': 0.01, 'hidden_dims': [512, 256], 'dropout': 0.5, 'z_dim': 256, 'beta': 0.001, 'patience': 20, 'metric': 'auc', 'runs': 1, 'seed': 0, 'data_dir': './data', 'save_path': 'output/cora_gcn/cora_gcn.pt', 'log_path': 'output/cora_gcn/train_cora_gcn.log'}
2026-08-23 09:13:58 | Cora 划分（60/20/20 分层）：train 1624 / val 542 / test 542（共 2708 节点，7 类）
2026-08-23 09:13:59 | ===== Run 1/1 (seed 0) =====
2026-08-23 09:13:59 | Epoch   1/200 | Train Loss 1.9542 | Val Loss 1.9076 Acc 0.4520 AUC 0.9080 Pre 0.2506 Rec 0.2937
2026-08-23 09:13:59 |   Val AUC improved to 0.9080, model saved
2026-08-23 09:13:59 | Epoch   2/200 | Train Loss 1.9059 | Val Loss 1.7958 Acc 0.3026 AUC 0.8807 Pre 0.0432 Rec 0.1429
2026-08-23 09:13:59 | Epoch   3/200 | Train Loss 1.7911 | Val Loss 1.6917 Acc 0.3026 AUC 0.8438 Pre 0.0432 Rec 0.1429
2026-08-23 09:13:59 | Epoch   4/200 | Train Loss 1.6866 | Val Loss 1.5546 Acc 0.3100 AUC 0.9038 Pre 0.1864 Rec 0.1497
2026-08-23 09:13:59 | Epoch   5/200 | Train Loss 1.5406 | Val Loss 1.3771 Acc 0.5000 AUC 0.9405 Pre 0.4650 Rec 0.3261
2026-08-23 09:13:59 |   Val AUC improved to 0.9405, model saved
2026-08-23 09:13:59 | Epoch   6/200 | Train Loss 1.3474 | Val Loss 1.1989 Acc 0.6827 AUC 0.9534 Pre 0.5436 Rec 0.5255
2026-08-23 09:13:59 |   Val AUC improved to 0.9534, model saved
2026-08-23 09:13:59 | Epoch   7/200 | Train Loss 1.1556 | Val Loss 1.0124 Acc 0.7306 AUC 0.9601 Pre 0.5353 Rec 0.5831
2026-08-23 09:13:59 |   Val AUC improved to 0.9601, model saved
2026-08-23 09:13:59 | Epoch   8/200 | Train Loss 0.9593 | Val Loss 0.8491 Acc 0.7509 AUC 0.9622 Pre 0.5421 Rec 0.6082
2026-08-23 09:13:59 |   Val AUC improved to 0.9622, model saved
2026-08-23 09:13:59 | Epoch   9/200 | Train Loss 0.7814 | Val Loss 0.7342 Acc 0.7546 AUC 0.9637 Pre 0.6826 Rec 0.6185
2026-08-23 09:13:59 |   Val AUC improved to 0.9637, model saved
2026-08-23 09:13:59 | Epoch  10/200 | Train Loss 0.6419 | Val Loss 0.6519 Acc 0.7804 AUC 0.9667 Pre 0.8364 Rec 0.6586
2026-08-23 09:13:59 |   Val AUC improved to 0.9667, model saved
2026-08-23 09:13:59 | Epoch  11/200 | Train Loss 0.5387 | Val Loss 0.5932 Acc 0.8026 AUC 0.9696 Pre 0.8473 Rec 0.7045
2026-08-23 09:13:59 |   Val AUC improved to 0.9696, model saved
2026-08-23 09:13:59 | Epoch  12/200 | Train Loss 0.4549 | Val Loss 0.5583 Acc 0.8155 AUC 0.9718 Pre 0.8468 Rec 0.7417
2026-08-23 09:13:59 |   Val AUC improved to 0.9718, model saved
2026-08-23 09:13:59 | Epoch  13/200 | Train Loss 0.3824 | Val Loss 0.5376 Acc 0.8506 AUC 0.9736 Pre 0.8385 Rec 0.8202
2026-08-23 09:13:59 |   Val AUC improved to 0.9736, model saved
2026-08-23 09:13:59 | Epoch  14/200 | Train Loss 0.3300 | Val Loss 0.5384 Acc 0.8653 AUC 0.9743 Pre 0.8374 Rec 0.8471
2026-08-23 09:13:59 |   Val AUC improved to 0.9743, model saved
2026-08-23 09:13:59 | Epoch  15/200 | Train Loss 0.2783 | Val Loss 0.5687 Acc 0.8598 AUC 0.9742 Pre 0.8360 Rec 0.8484
2026-08-23 09:13:59 | Epoch  16/200 | Train Loss 0.2522 | Val Loss 0.5987 Acc 0.8653 AUC 0.9740 Pre 0.8429 Rec 0.8471
2026-08-23 09:13:59 | Epoch  17/200 | Train Loss 0.2251 | Val Loss 0.6268 Acc 0.8708 AUC 0.9738 Pre 0.8513 Rec 0.8509
2026-08-23 09:13:59 | Epoch  18/200 | Train Loss 0.1939 | Val Loss 0.6688 Acc 0.8653 AUC 0.9742 Pre 0.8489 Rec 0.8465
2026-08-23 09:13:59 | Epoch  19/200 | Train Loss 0.1799 | Val Loss 0.7158 Acc 0.8635 AUC 0.9743 Pre 0.8572 Rec 0.8447
2026-08-23 09:13:59 | Epoch  20/200 | Train Loss 0.1669 | Val Loss 0.7687 Acc 0.8708 AUC 0.9743 Pre 0.8661 Rec 0.8524
2026-08-23 09:13:59 | Epoch  21/200 | Train Loss 0.1605 | Val Loss 0.8095 Acc 0.8672 AUC 0.9741 Pre 0.8605 Rec 0.8515
2026-08-23 09:13:59 | Epoch  22/200 | Train Loss 0.1410 | Val Loss 0.8417 Acc 0.8616 AUC 0.9737 Pre 0.8491 Rec 0.8508
2026-08-23 09:13:59 | Epoch  23/200 | Train Loss 0.1248 | Val Loss 0.8795 Acc 0.8598 AUC 0.9735 Pre 0.8489 Rec 0.8457
2026-08-23 09:13:59 | Epoch  24/200 | Train Loss 0.1139 | Val Loss 0.9275 Acc 0.8598 AUC 0.9729 Pre 0.8525 Rec 0.8465
2026-08-23 09:13:59 | Epoch  25/200 | Train Loss 0.1001 | Val Loss 0.9562 Acc 0.8672 AUC 0.9723 Pre 0.8594 Rec 0.8547
2026-08-23 09:13:59 | Epoch  26/200 | Train Loss 0.0967 | Val Loss 0.9794 Acc 0.8690 AUC 0.9720 Pre 0.8562 Rec 0.8564
2026-08-23 09:13:59 | Epoch  27/200 | Train Loss 0.0867 | Val Loss 1.0006 Acc 0.8708 AUC 0.9719 Pre 0.8572 Rec 0.8580
2026-08-23 09:13:59 | Epoch  28/200 | Train Loss 0.0783 | Val Loss 1.0264 Acc 0.8635 AUC 0.9718 Pre 0.8520 Rec 0.8486
2026-08-23 09:13:59 | Epoch  29/200 | Train Loss 0.0761 | Val Loss 1.0565 Acc 0.8672 AUC 0.9717 Pre 0.8586 Rec 0.8530
2026-08-23 09:13:59 | Epoch  30/200 | Train Loss 0.0737 | Val Loss 1.0710 Acc 0.8690 AUC 0.9717 Pre 0.8620 Rec 0.8547
2026-08-23 09:13:59 | Epoch  31/200 | Train Loss 0.0644 | Val Loss 1.0876 Acc 0.8708 AUC 0.9718 Pre 0.8611 Rec 0.8560
2026-08-23 09:13:59 | Epoch  32/200 | Train Loss 0.0562 | Val Loss 1.1080 Acc 0.8727 AUC 0.9718 Pre 0.8641 Rec 0.8577
2026-08-23 09:13:59 | Epoch  33/200 | Train Loss 0.0609 | Val Loss 1.1290 Acc 0.8708 AUC 0.9717 Pre 0.8611 Rec 0.8560
2026-08-23 09:13:59 | Epoch  34/200 | Train Loss 0.0476 | Val Loss 1.1521 Acc 0.8708 AUC 0.9715 Pre 0.8605 Rec 0.8548
2026-08-23 09:13:59 | Val AUC did not improve for 20 consecutive epochs, early stopping at Epoch 34 (best AUC 0.9743 @ Epoch 14)
2026-08-23 09:13:59 | Run 1/1 | Test (best model @ Epoch 14) | Loss 0.5036 Acc 0.8745 AUC 0.9790 Pre 0.8532 Rec 0.8656
2026-08-23 09:13:59 | Average over 1 runs | Test Loss 0.5036±nan Acc 0.8745±nan AUC 0.9790±nan Pre 0.8532±nan Rec 0.8656±nan
2026-08-23 09:14:02 | Device: cuda
2026-08-23 09:14:02 | Args: {'model': 'gcn', 'backbone': 'mlp', 'task': 'cora', 'epochs': 200, 'batch_size': 128, 'lr': 0.01, 'hidden_dims': [512, 256], 'dropout': 0.5, 'z_dim': 256, 'beta': 0.001, 'patience': 20, 'metric': 'acc', 'runs': 1, 'seed': 0, 'data_dir': './data', 'save_path': 'output/cora_gcn/cora_gcn.pt', 'log_path': 'output/cora_gcn/train_cora_gcn.log'}
2026-08-23 09:14:04 | Cora 划分（60/20/20 分层）：train 1624 / val 542 / test 542（共 2708 节点，7 类）
2026-08-23 09:14:04 | ===== Run 1/1 (seed 0) =====
2026-08-23 09:14:04 | Epoch   1/200 | Train Loss 1.9542 | Val Loss 1.9076 Acc 0.4520 AUC 0.9080 Pre 0.2506 Rec 0.2937
2026-08-23 09:14:04 |   Val ACC improved to 0.4520, model saved
2026-08-23 09:14:04 | Epoch   2/200 | Train Loss 1.9059 | Val Loss 1.7958 Acc 0.3026 AUC 0.8807 Pre 0.0432 Rec 0.1429
2026-08-23 09:14:04 | Epoch   3/200 | Train Loss 1.7911 | Val Loss 1.6917 Acc 0.3026 AUC 0.8438 Pre 0.0432 Rec 0.1429
2026-08-23 09:14:04 | Epoch   4/200 | Train Loss 1.6866 | Val Loss 1.5546 Acc 0.3100 AUC 0.9038 Pre 0.1864 Rec 0.1497
2026-08-23 09:14:04 | Epoch   5/200 | Train Loss 1.5406 | Val Loss 1.3771 Acc 0.5000 AUC 0.9405 Pre 0.4650 Rec 0.3261
2026-08-23 09:14:04 |   Val ACC improved to 0.5000, model saved
2026-08-23 09:14:04 | Epoch   6/200 | Train Loss 1.3474 | Val Loss 1.1989 Acc 0.6827 AUC 0.9534 Pre 0.5436 Rec 0.5255
2026-08-23 09:14:04 |   Val ACC improved to 0.6827, model saved
2026-08-23 09:14:04 | Epoch   7/200 | Train Loss 1.1556 | Val Loss 1.0124 Acc 0.7306 AUC 0.9601 Pre 0.5353 Rec 0.5831
2026-08-23 09:14:04 |   Val ACC improved to 0.7306, model saved
2026-08-23 09:14:04 | Epoch   8/200 | Train Loss 0.9593 | Val Loss 0.8491 Acc 0.7509 AUC 0.9622 Pre 0.5421 Rec 0.6082
2026-08-23 09:14:04 |   Val ACC improved to 0.7509, model saved
2026-08-23 09:14:04 | Epoch   9/200 | Train Loss 0.7814 | Val Loss 0.7342 Acc 0.7546 AUC 0.9637 Pre 0.6826 Rec 0.6185
2026-08-23 09:14:04 |   Val ACC improved to 0.7546, model saved
2026-08-23 09:14:04 | Epoch  10/200 | Train Loss 0.6419 | Val Loss 0.6519 Acc 0.7804 AUC 0.9667 Pre 0.8364 Rec 0.6586
2026-08-23 09:14:04 |   Val ACC improved to 0.7804, model saved
2026-08-23 09:14:04 | Epoch  11/200 | Train Loss 0.5387 | Val Loss 0.5932 Acc 0.8026 AUC 0.9696 Pre 0.8473 Rec 0.7045
2026-08-23 09:14:05 |   Val ACC improved to 0.8026, model saved
2026-08-23 09:14:05 | Epoch  12/200 | Train Loss 0.4549 | Val Loss 0.5583 Acc 0.8155 AUC 0.9718 Pre 0.8468 Rec 0.7417
2026-08-23 09:14:05 |   Val ACC improved to 0.8155, model saved
2026-08-23 09:14:05 | Epoch  13/200 | Train Loss 0.3824 | Val Loss 0.5376 Acc 0.8506 AUC 0.9736 Pre 0.8385 Rec 0.8202
2026-08-23 09:14:05 |   Val ACC improved to 0.8506, model saved
2026-08-23 09:14:05 | Epoch  14/200 | Train Loss 0.3300 | Val Loss 0.5384 Acc 0.8653 AUC 0.9743 Pre 0.8374 Rec 0.8471
2026-08-23 09:14:05 |   Val ACC improved to 0.8653, model saved
2026-08-23 09:14:05 | Epoch  15/200 | Train Loss 0.2783 | Val Loss 0.5687 Acc 0.8598 AUC 0.9742 Pre 0.8360 Rec 0.8484
2026-08-23 09:14:05 | Epoch  16/200 | Train Loss 0.2522 | Val Loss 0.5987 Acc 0.8653 AUC 0.9740 Pre 0.8429 Rec 0.8471
2026-08-23 09:14:05 | Epoch  17/200 | Train Loss 0.2251 | Val Loss 0.6268 Acc 0.8708 AUC 0.9738 Pre 0.8513 Rec 0.8509
2026-08-23 09:14:05 |   Val ACC improved to 0.8708, model saved
2026-08-23 09:14:05 | Epoch  18/200 | Train Loss 0.1939 | Val Loss 0.6688 Acc 0.8653 AUC 0.9742 Pre 0.8489 Rec 0.8465
2026-08-23 09:14:05 | Epoch  19/200 | Train Loss 0.1799 | Val Loss 0.7158 Acc 0.8635 AUC 0.9743 Pre 0.8572 Rec 0.8447
2026-08-23 09:14:05 | Epoch  20/200 | Train Loss 0.1669 | Val Loss 0.7687 Acc 0.8708 AUC 0.9743 Pre 0.8661 Rec 0.8524
2026-08-23 09:14:05 | Epoch  21/200 | Train Loss 0.1605 | Val Loss 0.8095 Acc 0.8672 AUC 0.9741 Pre 0.8605 Rec 0.8515
2026-08-23 09:14:05 | Epoch  22/200 | Train Loss 0.1410 | Val Loss 0.8417 Acc 0.8616 AUC 0.9737 Pre 0.8491 Rec 0.8508
2026-08-23 09:14:05 | Epoch  23/200 | Train Loss 0.1248 | Val Loss 0.8795 Acc 0.8598 AUC 0.9735 Pre 0.8489 Rec 0.8457
2026-08-23 09:14:05 | Epoch  24/200 | Train Loss 0.1139 | Val Loss 0.9275 Acc 0.8598 AUC 0.9729 Pre 0.8525 Rec 0.8465
2026-08-23 09:14:05 | Epoch  25/200 | Train Loss 0.1001 | Val Loss 0.9562 Acc 0.8672 AUC 0.9723 Pre 0.8594 Rec 0.8547
2026-08-23 09:14:05 | Epoch  26/200 | Train Loss 0.0967 | Val Loss 0.9794 Acc 0.8690 AUC 0.9720 Pre 0.8562 Rec 0.8564
2026-08-23 09:14:05 | Epoch  27/200 | Train Loss 0.0867 | Val Loss 1.0006 Acc 0.8708 AUC 0.9719 Pre 0.8572 Rec 0.8580
2026-08-23 09:14:05 | Epoch  28/200 | Train Loss 0.0783 | Val Loss 1.0264 Acc 0.8635 AUC 0.9718 Pre 0.8520 Rec 0.8486
2026-08-23 09:14:05 | Epoch  29/200 | Train Loss 0.0761 | Val Loss 1.0565 Acc 0.8672 AUC 0.9717 Pre 0.8586 Rec 0.8530
2026-08-23 09:14:05 | Epoch  30/200 | Train Loss 0.0737 | Val Loss 1.0710 Acc 0.8690 AUC 0.9717 Pre 0.8620 Rec 0.8547
2026-08-23 09:14:05 | Epoch  31/200 | Train Loss 0.0644 | Val Loss 1.0876 Acc 0.8708 AUC 0.9718 Pre 0.8611 Rec 0.8560
2026-08-23 09:14:05 | Epoch  32/200 | Train Loss 0.0562 | Val Loss 1.1080 Acc 0.8727 AUC 0.9718 Pre 0.8641 Rec 0.8577
2026-08-23 09:14:05 |   Val ACC improved to 0.8727, model saved
2026-08-23 09:14:05 | Epoch  33/200 | Train Loss 0.0609 | Val Loss 1.1290 Acc 0.8708 AUC 0.9717 Pre 0.8611 Rec 0.8560
2026-08-23 09:14:05 | Epoch  34/200 | Train Loss 0.0476 | Val Loss 1.1521 Acc 0.8708 AUC 0.9715 Pre 0.8605 Rec 0.8548
2026-08-23 09:14:05 | Epoch  35/200 | Train Loss 0.0524 | Val Loss 1.1763 Acc 0.8635 AUC 0.9711 Pre 0.8551 Rec 0.8481
2026-08-23 09:14:05 | Epoch  36/200 | Train Loss 0.0440 | Val Loss 1.1938 Acc 0.8653 AUC 0.9709 Pre 0.8538 Rec 0.8498
2026-08-23 09:14:05 | Epoch  37/200 | Train Loss 0.0394 | Val Loss 1.2032 Acc 0.8653 AUC 0.9707 Pre 0.8529 Rec 0.8509
2026-08-23 09:14:05 | Epoch  38/200 | Train Loss 0.0441 | Val Loss 1.2141 Acc 0.8653 AUC 0.9706 Pre 0.8529 Rec 0.8509
2026-08-23 09:14:05 | Epoch  39/200 | Train Loss 0.0398 | Val Loss 1.2275 Acc 0.8598 AUC 0.9704 Pre 0.8463 Rec 0.8460
2026-08-23 09:14:05 | Epoch  40/200 | Train Loss 0.0347 | Val Loss 1.2436 Acc 0.8579 AUC 0.9703 Pre 0.8445 Rec 0.8445
2026-08-23 09:14:05 | Epoch  41/200 | Train Loss 0.0340 | Val Loss 1.2641 Acc 0.8616 AUC 0.9703 Pre 0.8494 Rec 0.8458
2026-08-23 09:14:05 | Epoch  42/200 | Train Loss 0.0350 | Val Loss 1.2776 Acc 0.8635 AUC 0.9704 Pre 0.8520 Rec 0.8467
2026-08-23 09:14:05 | Epoch  43/200 | Train Loss 0.0330 | Val Loss 1.2824 Acc 0.8635 AUC 0.9707 Pre 0.8479 Rec 0.8479
2026-08-23 09:14:05 | Epoch  44/200 | Train Loss 0.0320 | Val Loss 1.2886 Acc 0.8635 AUC 0.9708 Pre 0.8448 Rec 0.8462
2026-08-23 09:14:05 | Epoch  45/200 | Train Loss 0.0272 | Val Loss 1.2905 Acc 0.8653 AUC 0.9709 Pre 0.8441 Rec 0.8479
2026-08-23 09:14:05 | Epoch  46/200 | Train Loss 0.0249 | Val Loss 1.2950 Acc 0.8672 AUC 0.9708 Pre 0.8471 Rec 0.8496
2026-08-23 09:14:05 | Epoch  47/200 | Train Loss 0.0295 | Val Loss 1.3035 Acc 0.8653 AUC 0.9707 Pre 0.8453 Rec 0.8472
2026-08-23 09:14:05 | Epoch  48/200 | Train Loss 0.0271 | Val Loss 1.3130 Acc 0.8672 AUC 0.9704 Pre 0.8463 Rec 0.8489
2026-08-23 09:14:05 | Epoch  49/200 | Train Loss 0.0269 | Val Loss 1.3272 Acc 0.8672 AUC 0.9703 Pre 0.8463 Rec 0.8489
2026-08-23 09:14:05 | Epoch  50/200 | Train Loss 0.0209 | Val Loss 1.3440 Acc 0.8690 AUC 0.9703 Pre 0.8515 Rec 0.8516
2026-08-23 09:14:05 | Epoch  51/200 | Train Loss 0.0196 | Val Loss 1.3638 Acc 0.8653 AUC 0.9702 Pre 0.8478 Rec 0.8483
2026-08-23 09:14:05 | Epoch  52/200 | Train Loss 0.0193 | Val Loss 1.3776 Acc 0.8635 AUC 0.9701 Pre 0.8492 Rec 0.8482
2026-08-23 09:14:05 | Val ACC did not improve for 20 consecutive epochs, early stopping at Epoch 52 (best ACC 0.8727 @ Epoch 32)
2026-08-23 09:14:05 | Run 1/1 | Test (best model @ Epoch 32) | Loss 0.9906 Acc 0.8782 AUC 0.9765 Pre 0.8743 Rec 0.8753
2026-08-23 09:14:05 | Average over 1 runs | Test Loss 0.9906±nan Acc 0.8782±nan AUC 0.9765±nan Pre 0.8743±nan Rec 0.8753±nan
2026-08-23 09:15:11 | Device: cuda
2026-08-23 09:15:11 | Args: {'model': 'gcn', 'backbone': 'mlp', 'task': 'cora', 'epochs': 100, 'batch_size': 128, 'lr': 0.001, 'hidden_dims': [512, 256], 'dropout': 0.2, 'z_dim': 256, 'beta': 0.001, 'patience': 10, 'metric': 'acc', 'runs': 5, 'seed': 0, 'data_dir': './data', 'save_path': 'output/cora_gcn/cora_gcn.pt', 'log_path': 'output/cora_gcn/train_cora_gcn.log'}
2026-08-23 09:15:13 | Cora 划分（60/20/20 分层）：train 1624 / val 542 / test 542（共 2708 节点，7 类）
2026-08-23 09:15:13 | ===== Run 1/5 (seed 0) =====
2026-08-23 09:15:13 | Epoch   1/100 | Train Loss 1.9542 | Val Loss 1.9503 Acc 0.1107 AUC 0.7929 Pre 0.0158 Rec 0.1429
2026-08-23 09:15:13 |   Val ACC improved to 0.1107, model saved
2026-08-23 09:15:13 | Epoch   2/100 | Train Loss 1.9500 | Val Loss 1.9461 Acc 0.1218 AUC 0.8729 Pre 0.1113 Rec 0.1529
2026-08-23 09:15:13 |   Val ACC improved to 0.1218, model saved
2026-08-23 09:15:13 | Epoch   3/100 | Train Loss 1.9456 | Val Loss 1.9415 Acc 0.2823 AUC 0.8983 Pre 0.2257 Rec 0.2983
2026-08-23 09:15:13 |   Val ACC improved to 0.2823, model saved
2026-08-23 09:15:13 | Epoch   4/100 | Train Loss 1.9408 | Val Loss 1.9362 Acc 0.3579 AUC 0.9074 Pre 0.3748 Rec 0.3587
2026-08-23 09:15:13 |   Val ACC improved to 0.3579, model saved
2026-08-23 09:15:13 | Epoch   5/100 | Train Loss 1.9353 | Val Loss 1.9299 Acc 0.3358 AUC 0.9111 Pre 0.3831 Rec 0.3148
2026-08-23 09:15:13 | Epoch   6/100 | Train Loss 1.9288 | Val Loss 1.9226 Acc 0.3635 AUC 0.9118 Pre 0.4073 Rec 0.2949
2026-08-23 09:15:13 |   Val ACC improved to 0.3635, model saved
2026-08-23 09:15:13 | Epoch   7/100 | Train Loss 1.9210 | Val Loss 1.9138 Acc 0.4557 AUC 0.9109 Pre 0.2522 Rec 0.3217
2026-08-23 09:15:13 |   Val ACC improved to 0.4557, model saved
2026-08-23 09:15:13 | Epoch   8/100 | Train Loss 1.9121 | Val Loss 1.9037 Acc 0.4594 AUC 0.9089 Pre 0.2644 Rec 0.2915
2026-08-23 09:15:13 |   Val ACC improved to 0.4594, model saved
2026-08-23 09:15:13 | Epoch   9/100 | Train Loss 1.9017 | Val Loss 1.8919 Acc 0.3653 AUC 0.9061 Pre 0.3034 Rec 0.2012
2026-08-23 09:15:13 | Epoch  10/100 | Train Loss 1.8893 | Val Loss 1.8784 Acc 0.3118 AUC 0.9027 Pre 0.3293 Rec 0.1513
2026-08-23 09:15:14 | Epoch  11/100 | Train Loss 1.8757 | Val Loss 1.8632 Acc 0.3026 AUC 0.8990 Pre 0.0432 Rec 0.1429
2026-08-23 09:15:14 | Epoch  12/100 | Train Loss 1.8602 | Val Loss 1.8464 Acc 0.3026 AUC 0.8948 Pre 0.0432 Rec 0.1429
2026-08-23 09:15:14 | Epoch  13/100 | Train Loss 1.8430 | Val Loss 1.8281 Acc 0.3026 AUC 0.8903 Pre 0.0432 Rec 0.1429
2026-08-23 09:15:14 | Epoch  14/100 | Train Loss 1.8240 | Val Loss 1.8084 Acc 0.3026 AUC 0.8861 Pre 0.0432 Rec 0.1429
2026-08-23 09:15:14 | Epoch  15/100 | Train Loss 1.8045 | Val Loss 1.7879 Acc 0.3026 AUC 0.8820 Pre 0.0432 Rec 0.1429
2026-08-23 09:15:14 | Epoch  16/100 | Train Loss 1.7837 | Val Loss 1.7669 Acc 0.3026 AUC 0.8789 Pre 0.0432 Rec 0.1429
2026-08-23 09:15:14 | Epoch  17/100 | Train Loss 1.7622 | Val Loss 1.7461 Acc 0.3026 AUC 0.8760 Pre 0.0432 Rec 0.1429
2026-08-23 09:15:14 | Epoch  18/100 | Train Loss 1.7418 | Val Loss 1.7259 Acc 0.3026 AUC 0.8743 Pre 0.0432 Rec 0.1429
2026-08-23 09:15:14 | Val ACC did not improve for 10 consecutive epochs, early stopping at Epoch 18 (best ACC 0.4594 @ Epoch 8)
2026-08-23 09:15:14 | Run 1/5 | Test (best model @ Epoch 8) | Loss 1.9021 Acc 0.4483 AUC 0.9057 Pre 0.2614 Rec 0.2813
2026-08-23 09:15:14 | ===== Run 2/5 (seed 1) =====
2026-08-23 09:15:14 | Epoch   1/100 | Train Loss 1.9356 | Val Loss 1.9315 Acc 0.3026 AUC 0.7821 Pre 0.0432 Rec 0.1429
2026-08-23 09:15:14 |   Val ACC improved to 0.3026, model saved
2026-08-23 09:15:14 | Epoch   2/100 | Train Loss 1.9314 | Val Loss 1.9273 Acc 0.3026 AUC 0.8635 Pre 0.0432 Rec 0.1429
2026-08-23 09:15:14 | Epoch   3/100 | Train Loss 1.9270 | Val Loss 1.9226 Acc 0.3026 AUC 0.8857 Pre 0.0432 Rec 0.1429
2026-08-23 09:15:14 | Epoch   4/100 | Train Loss 1.9220 | Val Loss 1.9172 Acc 0.3026 AUC 0.8948 Pre 0.0432 Rec 0.1429
2026-08-23 09:15:14 | Epoch   5/100 | Train Loss 1.9165 | Val Loss 1.9108 Acc 0.3026 AUC 0.8985 Pre 0.0432 Rec 0.1429
2026-08-23 09:15:14 | Epoch   6/100 | Train Loss 1.9098 | Val Loss 1.9033 Acc 0.3026 AUC 0.9002 Pre 0.0432 Rec 0.1429
2026-08-23 09:15:14 | Epoch   7/100 | Train Loss 1.9019 | Val Loss 1.8944 Acc 0.3026 AUC 0.9004 Pre 0.0432 Rec 0.1429
2026-08-23 09:15:14 | Epoch   8/100 | Train Loss 1.8928 | Val Loss 1.8841 Acc 0.3026 AUC 0.8998 Pre 0.0432 Rec 0.1429
2026-08-23 09:15:14 | Epoch   9/100 | Train Loss 1.8823 | Val Loss 1.8722 Acc 0.3026 AUC 0.8983 Pre 0.0432 Rec 0.1429
2026-08-23 09:15:14 | Epoch  10/100 | Train Loss 1.8701 | Val Loss 1.8588 Acc 0.3026 AUC 0.8957 Pre 0.0432 Rec 0.1429
2026-08-23 09:15:14 | Epoch  11/100 | Train Loss 1.8562 | Val Loss 1.8438 Acc 0.3026 AUC 0.8924 Pre 0.0432 Rec 0.1429
2026-08-23 09:15:14 | Val ACC did not improve for 10 consecutive epochs, early stopping at Epoch 11 (best ACC 0.3026 @ Epoch 1)
2026-08-23 09:15:14 | Run 2/5 | Test (best model @ Epoch 1) | Loss 1.9314 Acc 0.3026 AUC 0.7875 Pre 0.0432 Rec 0.1429
2026-08-23 09:15:14 | ===== Run 3/5 (seed 2) =====
2026-08-23 09:15:14 | Epoch   1/100 | Train Loss 1.9521 | Val Loss 1.9479 Acc 0.2030 AUC 0.8479 Pre 0.0609 Rec 0.2506
2026-08-23 09:15:14 |   Val ACC improved to 0.2030, model saved
2026-08-23 09:15:14 | Epoch   2/100 | Train Loss 1.9478 | Val Loss 1.9437 Acc 0.1550 AUC 0.9032 Pre 0.0221 Rec 0.1429
2026-08-23 09:15:14 | Epoch   3/100 | Train Loss 1.9434 | Val Loss 1.9391 Acc 0.1716 AUC 0.9147 Pre 0.1511 Rec 0.1580
2026-08-23 09:15:14 | Epoch   4/100 | Train Loss 1.9385 | Val Loss 1.9337 Acc 0.2066 AUC 0.9184 Pre 0.1319 Rec 0.1899
2026-08-23 09:15:14 |   Val ACC improved to 0.2066, model saved
2026-08-23 09:15:14 | Epoch   5/100 | Train Loss 1.9329 | Val Loss 1.9274 Acc 0.2841 AUC 0.9190 Pre 0.2580 Rec 0.2532
2026-08-23 09:15:14 |   Val ACC improved to 0.2841, model saved
2026-08-23 09:15:14 | Epoch   6/100 | Train Loss 1.9264 | Val Loss 1.9200 Acc 0.3653 AUC 0.9191 Pre 0.2387 Rec 0.2964
2026-08-23 09:15:14 |   Val ACC improved to 0.3653, model saved
2026-08-23 09:15:14 | Epoch   7/100 | Train Loss 1.9187 | Val Loss 1.9112 Acc 0.4815 AUC 0.9178 Pre 0.2254 Rec 0.3415
2026-08-23 09:15:14 |   Val ACC improved to 0.4815, model saved
2026-08-23 09:15:14 | Epoch   8/100 | Train Loss 1.9097 | Val Loss 1.9010 Acc 0.5111 AUC 0.9160 Pre 0.2829 Rec 0.3367
2026-08-23 09:15:14 |   Val ACC improved to 0.5111, model saved
2026-08-23 09:15:14 | Epoch   9/100 | Train Loss 1.8991 | Val Loss 1.8891 Acc 0.4114 AUC 0.9139 Pre 0.3219 Rec 0.2428
2026-08-23 09:15:14 | Epoch  10/100 | Train Loss 1.8870 | Val Loss 1.8756 Acc 0.3266 AUC 0.9114 Pre 0.3300 Rec 0.1649
2026-08-23 09:15:14 | Epoch  11/100 | Train Loss 1.8731 | Val Loss 1.8604 Acc 0.3026 AUC 0.9085 Pre 0.0432 Rec 0.1429
2026-08-23 09:15:14 | Epoch  12/100 | Train Loss 1.8577 | Val Loss 1.8436 Acc 0.3026 AUC 0.9056 Pre 0.0432 Rec 0.1429
2026-08-23 09:15:14 | Epoch  13/100 | Train Loss 1.8406 | Val Loss 1.8252 Acc 0.3026 AUC 0.9026 Pre 0.0432 Rec 0.1429
2026-08-23 09:15:14 | Epoch  14/100 | Train Loss 1.8221 | Val Loss 1.8056 Acc 0.3026 AUC 0.8999 Pre 0.0432 Rec 0.1429
2026-08-23 09:15:14 | Epoch  15/100 | Train Loss 1.8018 | Val Loss 1.7850 Acc 0.3026 AUC 0.8969 Pre 0.0432 Rec 0.1429
2026-08-23 09:15:14 | Epoch  16/100 | Train Loss 1.7819 | Val Loss 1.7641 Acc 0.3026 AUC 0.8941 Pre 0.0432 Rec 0.1429
2026-08-23 09:15:14 | Epoch  17/100 | Train Loss 1.7608 | Val Loss 1.7431 Acc 0.3026 AUC 0.8918 Pre 0.0432 Rec 0.1429
2026-08-23 09:15:14 | Epoch  18/100 | Train Loss 1.7396 | Val Loss 1.7228 Acc 0.3026 AUC 0.8900 Pre 0.0432 Rec 0.1429
2026-08-23 09:15:14 | Val ACC did not improve for 10 consecutive epochs, early stopping at Epoch 18 (best ACC 0.5111 @ Epoch 8)
2026-08-23 09:15:14 | Run 3/5 | Test (best model @ Epoch 8) | Loss 1.8996 Acc 0.5037 AUC 0.9087 Pre 0.2820 Rec 0.3322
2026-08-23 09:15:14 | ===== Run 4/5 (seed 3) =====
2026-08-23 09:15:14 | Epoch   1/100 | Train Loss 1.9346 | Val Loss 1.9304 Acc 0.2048 AUC 0.7935 Pre 0.1057 Rec 0.1655
2026-08-23 09:15:14 |   Val ACC improved to 0.2048, model saved
2026-08-23 09:15:14 | Epoch   2/100 | Train Loss 1.9303 | Val Loss 1.9261 Acc 0.4133 AUC 0.8856 Pre 0.1621 Rec 0.2466
2026-08-23 09:15:14 |   Val ACC improved to 0.4133, model saved
2026-08-23 09:15:14 | Epoch   3/100 | Train Loss 1.9258 | Val Loss 1.9215 Acc 0.3413 AUC 0.9070 Pre 0.1878 Rec 0.1786
2026-08-23 09:15:14 | Epoch   4/100 | Train Loss 1.9210 | Val Loss 1.9161 Acc 0.3026 AUC 0.9151 Pre 0.0432 Rec 0.1429
2026-08-23 09:15:14 | Epoch   5/100 | Train Loss 1.9154 | Val Loss 1.9098 Acc 0.3026 AUC 0.9183 Pre 0.0432 Rec 0.1429
2026-08-23 09:15:14 | Epoch   6/100 | Train Loss 1.9090 | Val Loss 1.9024 Acc 0.3026 AUC 0.9189 Pre 0.0432 Rec 0.1429
2026-08-23 09:15:14 | Epoch   7/100 | Train Loss 1.9013 | Val Loss 1.8937 Acc 0.3026 AUC 0.9184 Pre 0.0432 Rec 0.1429
2026-08-23 09:15:14 | Epoch   8/100 | Train Loss 1.8923 | Val Loss 1.8835 Acc 0.3026 AUC 0.9168 Pre 0.0432 Rec 0.1429
2026-08-23 09:15:14 | Epoch   9/100 | Train Loss 1.8819 | Val Loss 1.8719 Acc 0.3026 AUC 0.9142 Pre 0.0432 Rec 0.1429
2026-08-23 09:15:14 | Epoch  10/100 | Train Loss 1.8700 | Val Loss 1.8586 Acc 0.3026 AUC 0.9109 Pre 0.0432 Rec 0.1429
2026-08-23 09:15:14 | Epoch  11/100 | Train Loss 1.8565 | Val Loss 1.8438 Acc 0.3026 AUC 0.9074 Pre 0.0432 Rec 0.1429
2026-08-23 09:15:14 | Epoch  12/100 | Train Loss 1.8415 | Val Loss 1.8275 Acc 0.3026 AUC 0.9036 Pre 0.0432 Rec 0.1429
2026-08-23 09:15:14 | Val ACC did not improve for 10 consecutive epochs, early stopping at Epoch 12 (best ACC 0.4133 @ Epoch 2)
2026-08-23 09:15:14 | Run 4/5 | Test (best model @ Epoch 2) | Loss 1.9261 Acc 0.4151 AUC 0.8791 Pre 0.1776 Rec 0.2474
2026-08-23 09:15:14 | ===== Run 5/5 (seed 4) =====
2026-08-23 09:15:14 | Epoch   1/100 | Train Loss 1.9530 | Val Loss 1.9491 Acc 0.1771 AUC 0.8309 Pre 0.1940 Rec 0.1798
2026-08-23 09:15:14 |   Val ACC improved to 0.1771, model saved
2026-08-23 09:15:14 | Epoch   2/100 | Train Loss 1.9487 | Val Loss 1.9448 Acc 0.1605 AUC 0.8919 Pre 0.1653 Rec 0.1469
2026-08-23 09:15:14 | Epoch   3/100 | Train Loss 1.9443 | Val Loss 1.9402 Acc 0.1808 AUC 0.9102 Pre 0.3087 Rec 0.1656
2026-08-23 09:15:14 |   Val ACC improved to 0.1808, model saved
2026-08-23 09:15:14 | Epoch   4/100 | Train Loss 1.9393 | Val Loss 1.9347 Acc 0.2269 AUC 0.9173 Pre 0.2990 Rec 0.2082
2026-08-23 09:15:14 |   Val ACC improved to 0.2269, model saved
2026-08-23 09:15:14 | Epoch   5/100 | Train Loss 1.9337 | Val Loss 1.9283 Acc 0.3044 AUC 0.9203 Pre 0.4232 Rec 0.2721
2026-08-23 09:15:14 |   Val ACC improved to 0.3044, model saved
2026-08-23 09:15:14 | Epoch   6/100 | Train Loss 1.9271 | Val Loss 1.9208 Acc 0.3838 AUC 0.9208 Pre 0.4209 Rec 0.3121
2026-08-23 09:15:14 |   Val ACC improved to 0.3838, model saved
2026-08-23 09:15:14 | Epoch   7/100 | Train Loss 1.9193 | Val Loss 1.9119 Acc 0.4797 AUC 0.9203 Pre 0.3971 Rec 0.3433
2026-08-23 09:15:14 |   Val ACC improved to 0.4797, model saved
2026-08-23 09:15:14 | Epoch   8/100 | Train Loss 1.9102 | Val Loss 1.9015 Acc 0.5018 AUC 0.9182 Pre 0.2734 Rec 0.3322
2026-08-23 09:15:14 |   Val ACC improved to 0.5018, model saved
2026-08-23 09:15:14 | Epoch   9/100 | Train Loss 1.8993 | Val Loss 1.8895 Acc 0.4059 AUC 0.9159 Pre 0.3132 Rec 0.2376
2026-08-23 09:15:14 | Epoch  10/100 | Train Loss 1.8870 | Val Loss 1.8758 Acc 0.3376 AUC 0.9130 Pre 0.3305 Rec 0.1751
2026-08-23 09:15:14 | Epoch  11/100 | Train Loss 1.8729 | Val Loss 1.8603 Acc 0.3044 AUC 0.9097 Pre 0.1862 Rec 0.1445
2026-08-23 09:15:14 | Epoch  12/100 | Train Loss 1.8571 | Val Loss 1.8431 Acc 0.3026 AUC 0.9059 Pre 0.0432 Rec 0.1429
2026-08-23 09:15:14 | Epoch  13/100 | Train Loss 1.8396 | Val Loss 1.8243 Acc 0.3026 AUC 0.9022 Pre 0.0432 Rec 0.1429
2026-08-23 09:15:14 | Epoch  14/100 | Train Loss 1.8204 | Val Loss 1.8041 Acc 0.3026 AUC 0.8973 Pre 0.0432 Rec 0.1429
2026-08-23 09:15:14 | Epoch  15/100 | Train Loss 1.8003 | Val Loss 1.7829 Acc 0.3026 AUC 0.8929 Pre 0.0432 Rec 0.1429
2026-08-23 09:15:14 | Epoch  16/100 | Train Loss 1.7787 | Val Loss 1.7611 Acc 0.3026 AUC 0.8889 Pre 0.0432 Rec 0.1429
2026-08-23 09:15:14 | Epoch  17/100 | Train Loss 1.7564 | Val Loss 1.7394 Acc 0.3026 AUC 0.8855 Pre 0.0432 Rec 0.1429
2026-08-23 09:15:14 | Epoch  18/100 | Train Loss 1.7348 | Val Loss 1.7180 Acc 0.3026 AUC 0.8829 Pre 0.0432 Rec 0.1429
2026-08-23 09:15:14 | Val ACC did not improve for 10 consecutive epochs, early stopping at Epoch 18 (best ACC 0.5018 @ Epoch 8)
2026-08-23 09:15:14 | Run 5/5 | Test (best model @ Epoch 8) | Loss 1.8999 Acc 0.4815 AUC 0.9173 Pre 0.2733 Rec 0.3126
2026-08-23 09:15:14 | Average over 5 runs | Test Loss 1.9118±0.0156 Acc 0.4303±0.0789 AUC 0.8797±0.0535 Pre 0.2075±0.1008 Rec 0.2633±0.0746
2026-08-23 09:16:23 | Device: cuda
2026-08-23 09:16:23 | Args: {'model': 'gcn', 'backbone': 'mlp', 'task': 'cora', 'epochs': 100, 'batch_size': 128, 'lr': 0.005, 'hidden_dims': [512, 256], 'dropout': 0.2, 'z_dim': 256, 'beta': 0.001, 'patience': 10, 'runs': 5, 'seed': 0, 'data_dir': './data', 'save_path': 'output/cora_gcn/cora_gcn.pt', 'log_path': 'output/cora_gcn/train_cora_gcn.log'}
2026-08-23 09:16:25 | Cora 划分（60/20/20 分层）：train 1624 / val 542 / test 542（共 2708 节点，7 类）
2026-08-23 09:16:25 | ===== Run 1/5 (seed 0) =====
2026-08-23 09:16:26 | Epoch   1/100 | Train Loss 1.9542 | Val Loss 1.9334 Acc 0.3561 AUC 0.9098 Pre 0.3852 Rec 0.3477
2026-08-23 09:16:26 |   Val AUC improved to 0.9098, model saved
2026-08-23 09:16:26 | Epoch   2/100 | Train Loss 1.9324 | Val Loss 1.8970 Acc 0.3948 AUC 0.9077 Pre 0.2865 Rec 0.2291
2026-08-23 09:16:26 | Epoch   3/100 | Train Loss 1.8946 | Val Loss 1.8360 Acc 0.3026 AUC 0.8918 Pre 0.0432 Rec 0.1429
2026-08-23 09:16:26 | Epoch   4/100 | Train Loss 1.8322 | Val Loss 1.7579 Acc 0.3026 AUC 0.8723 Pre 0.0432 Rec 0.1429
2026-08-23 09:16:26 | Epoch   5/100 | Train Loss 1.7532 | Val Loss 1.6926 Acc 0.3026 AUC 0.8605 Pre 0.0432 Rec 0.1429
2026-08-23 09:16:26 | Epoch   6/100 | Train Loss 1.6874 | Val Loss 1.6373 Acc 0.3026 AUC 0.8676 Pre 0.0432 Rec 0.1429
2026-08-23 09:16:26 | Epoch   7/100 | Train Loss 1.6285 | Val Loss 1.5470 Acc 0.3100 AUC 0.9023 Pre 0.1864 Rec 0.1497
2026-08-23 09:16:26 | Epoch   8/100 | Train Loss 1.5305 | Val Loss 1.4401 Acc 0.4096 AUC 0.9293 Pre 0.1867 Rec 0.2415
2026-08-23 09:16:26 |   Val AUC improved to 0.9293, model saved
2026-08-23 09:16:26 | Epoch   9/100 | Train Loss 1.4176 | Val Loss 1.3368 Acc 0.5166 AUC 0.9432 Pre 0.5709 Rec 0.3441
2026-08-23 09:16:26 |   Val AUC improved to 0.9432, model saved
2026-08-23 09:16:26 | Epoch  10/100 | Train Loss 1.3042 | Val Loss 1.2338 Acc 0.6587 AUC 0.9512 Pre 0.5364 Rec 0.5002
2026-08-23 09:16:26 |   Val AUC improved to 0.9512, model saved
2026-08-23 09:16:26 | Epoch  11/100 | Train Loss 1.1950 | Val Loss 1.1250 Acc 0.7085 AUC 0.9566 Pre 0.5253 Rec 0.5588
2026-08-23 09:16:26 |   Val AUC improved to 0.9566, model saved
2026-08-23 09:16:26 | Epoch  12/100 | Train Loss 1.0787 | Val Loss 1.0136 Acc 0.7343 AUC 0.9602 Pre 0.5318 Rec 0.5877
2026-08-23 09:16:26 |   Val AUC improved to 0.9602, model saved
2026-08-23 09:16:26 | Epoch  13/100 | Train Loss 0.9587 | Val Loss 0.9092 Acc 0.7491 AUC 0.9619 Pre 0.5405 Rec 0.6067
2026-08-23 09:16:26 |   Val AUC improved to 0.9619, model saved
2026-08-23 09:16:26 | Epoch  14/100 | Train Loss 0.8440 | Val Loss 0.8202 Acc 0.7565 AUC 0.9628 Pre 0.6840 Rec 0.6207
2026-08-23 09:16:26 |   Val AUC improved to 0.9628, model saved
2026-08-23 09:16:26 | Epoch  15/100 | Train Loss 0.7439 | Val Loss 0.7471 Acc 0.7620 AUC 0.9637 Pre 0.8242 Rec 0.6324
2026-08-23 09:16:26 |   Val AUC improved to 0.9637, model saved
2026-08-23 09:16:26 | Epoch  16/100 | Train Loss 0.6584 | Val Loss 0.6856 Acc 0.7786 AUC 0.9654 Pre 0.8354 Rec 0.6566
2026-08-23 09:16:26 |   Val AUC improved to 0.9654, model saved
2026-08-23 09:16:26 | Epoch  17/100 | Train Loss 0.5823 | Val Loss 0.6344 Acc 0.7897 AUC 0.9674 Pre 0.8400 Rec 0.6816
2026-08-23 09:16:26 |   Val AUC improved to 0.9674, model saved
2026-08-23 09:16:26 | Epoch  18/100 | Train Loss 0.5195 | Val Loss 0.5946 Acc 0.8026 AUC 0.9694 Pre 0.8470 Rec 0.7058
2026-08-23 09:16:26 |   Val AUC improved to 0.9694, model saved
2026-08-23 09:16:26 | Epoch  19/100 | Train Loss 0.4622 | Val Loss 0.5645 Acc 0.8137 AUC 0.9711 Pre 0.8458 Rec 0.7373
2026-08-23 09:16:26 |   Val AUC improved to 0.9711, model saved
2026-08-23 09:16:26 | Epoch  20/100 | Train Loss 0.4160 | Val Loss 0.5408 Acc 0.8358 AUC 0.9727 Pre 0.8528 Rec 0.7769
2026-08-23 09:16:26 |   Val AUC improved to 0.9727, model saved
2026-08-23 09:16:26 | Epoch  21/100 | Train Loss 0.3697 | Val Loss 0.5217 Acc 0.8561 AUC 0.9738 Pre 0.8470 Rec 0.8209
2026-08-23 09:16:26 |   Val AUC improved to 0.9738, model saved
2026-08-23 09:16:26 | Epoch  22/100 | Train Loss 0.3282 | Val Loss 0.5104 Acc 0.8598 AUC 0.9746 Pre 0.8330 Rec 0.8343
2026-08-23 09:16:26 |   Val AUC improved to 0.9746, model saved
2026-08-23 09:16:26 | Epoch  23/100 | Train Loss 0.2933 | Val Loss 0.5100 Acc 0.8616 AUC 0.9750 Pre 0.8352 Rec 0.8392
2026-08-23 09:16:26 |   Val AUC improved to 0.9750, model saved
2026-08-23 09:16:26 | Epoch  24/100 | Train Loss 0.2676 | Val Loss 0.5177 Acc 0.8635 AUC 0.9751 Pre 0.8391 Rec 0.8448
2026-08-23 09:16:26 |   Val AUC improved to 0.9751, model saved
2026-08-23 09:16:26 | Epoch  25/100 | Train Loss 0.2460 | Val Loss 0.5263 Acc 0.8690 AUC 0.9750 Pre 0.8479 Rec 0.8509
2026-08-23 09:16:26 | Epoch  26/100 | Train Loss 0.2294 | Val Loss 0.5332 Acc 0.8708 AUC 0.9748 Pre 0.8493 Rec 0.8522
2026-08-23 09:16:26 | Epoch  27/100 | Train Loss 0.2103 | Val Loss 0.5411 Acc 0.8708 AUC 0.9749 Pre 0.8524 Rec 0.8509
2026-08-23 09:16:26 | Epoch  28/100 | Train Loss 0.1893 | Val Loss 0.5531 Acc 0.8708 AUC 0.9753 Pre 0.8523 Rec 0.8506
2026-08-23 09:16:26 |   Val AUC improved to 0.9753, model saved
2026-08-23 09:16:26 | Epoch  29/100 | Train Loss 0.1748 | Val Loss 0.5692 Acc 0.8727 AUC 0.9755 Pre 0.8595 Rec 0.8530
2026-08-23 09:16:26 |   Val AUC improved to 0.9755, model saved
2026-08-23 09:16:26 | Epoch  30/100 | Train Loss 0.1621 | Val Loss 0.5889 Acc 0.8690 AUC 0.9756 Pre 0.8598 Rec 0.8517
2026-08-23 09:16:26 |   Val AUC improved to 0.9756, model saved
2026-08-23 09:16:26 | Epoch  31/100 | Train Loss 0.1539 | Val Loss 0.6101 Acc 0.8708 AUC 0.9754 Pre 0.8620 Rec 0.8538
2026-08-23 09:16:26 | Epoch  32/100 | Train Loss 0.1437 | Val Loss 0.6313 Acc 0.8672 AUC 0.9751 Pre 0.8582 Rec 0.8512
2026-08-23 09:16:26 | Epoch  33/100 | Train Loss 0.1349 | Val Loss 0.6520 Acc 0.8653 AUC 0.9749 Pre 0.8542 Rec 0.8500
2026-08-23 09:16:26 | Epoch  34/100 | Train Loss 0.1245 | Val Loss 0.6712 Acc 0.8635 AUC 0.9746 Pre 0.8546 Rec 0.8491
2026-08-23 09:16:26 | Epoch  35/100 | Train Loss 0.1144 | Val Loss 0.6899 Acc 0.8635 AUC 0.9741 Pre 0.8561 Rec 0.8511
2026-08-23 09:16:26 | Epoch  36/100 | Train Loss 0.1070 | Val Loss 0.7078 Acc 0.8653 AUC 0.9737 Pre 0.8570 Rec 0.8554
2026-08-23 09:16:26 | Epoch  37/100 | Train Loss 0.0989 | Val Loss 0.7246 Acc 0.8653 AUC 0.9734 Pre 0.8570 Rec 0.8554
2026-08-23 09:16:26 | Epoch  38/100 | Train Loss 0.0933 | Val Loss 0.7396 Acc 0.8672 AUC 0.9732 Pre 0.8560 Rec 0.8555
2026-08-23 09:16:26 | Epoch  39/100 | Train Loss 0.0864 | Val Loss 0.7532 Acc 0.8690 AUC 0.9730 Pre 0.8572 Rec 0.8575
2026-08-23 09:16:26 | Epoch  40/100 | Train Loss 0.0799 | Val Loss 0.7660 Acc 0.8708 AUC 0.9730 Pre 0.8608 Rec 0.8584
2026-08-23 09:16:26 | Val AUC did not improve for 10 consecutive epochs, early stopping at Epoch 40 (best AUC 0.9756 @ Epoch 30)
2026-08-23 09:16:26 | Run 1/5 | Test (best model @ Epoch 30) | Loss 0.5339 Acc 0.8745 AUC 0.9800 Pre 0.8691 Rec 0.8632
2026-08-23 09:16:26 | ===== Run 2/5 (seed 1) =====
2026-08-23 09:16:26 | Epoch   1/100 | Train Loss 1.9356 | Val Loss 1.9143 Acc 0.3026 AUC 0.8999 Pre 0.0432 Rec 0.1429
2026-08-23 09:16:26 |   Val AUC improved to 0.8999, model saved
2026-08-23 09:16:26 | Epoch   2/100 | Train Loss 1.9134 | Val Loss 1.8773 Acc 0.3026 AUC 0.9009 Pre 0.0432 Rec 0.1429
2026-08-23 09:16:26 |   Val AUC improved to 0.9009, model saved
2026-08-23 09:16:26 | Epoch   3/100 | Train Loss 1.8751 | Val Loss 1.8168 Acc 0.3026 AUC 0.8872 Pre 0.0432 Rec 0.1429
2026-08-23 09:16:26 | Epoch   4/100 | Train Loss 1.8133 | Val Loss 1.7458 Acc 0.3026 AUC 0.8652 Pre 0.0432 Rec 0.1429
2026-08-23 09:16:26 | Epoch   5/100 | Train Loss 1.7424 | Val Loss 1.6910 Acc 0.3026 AUC 0.8559 Pre 0.0432 Rec 0.1429
2026-08-23 09:16:26 | Epoch   6/100 | Train Loss 1.6865 | Val Loss 1.6248 Acc 0.3026 AUC 0.8812 Pre 0.0432 Rec 0.1429
2026-08-23 09:16:26 | Epoch   7/100 | Train Loss 1.6156 | Val Loss 1.5285 Acc 0.3026 AUC 0.9143 Pre 0.0432 Rec 0.1429
2026-08-23 09:16:26 |   Val AUC improved to 0.9143, model saved
2026-08-23 09:16:26 | Epoch   8/100 | Train Loss 1.5141 | Val Loss 1.4264 Acc 0.4262 AUC 0.9342 Pre 0.3323 Rec 0.2565
2026-08-23 09:16:26 |   Val AUC improved to 0.9342, model saved
2026-08-23 09:16:26 | Epoch   9/100 | Train Loss 1.4043 | Val Loss 1.3255 Acc 0.5554 AUC 0.9454 Pre 0.5651 Rec 0.3889
2026-08-23 09:16:26 |   Val AUC improved to 0.9454, model saved
2026-08-23 09:16:26 | Epoch  10/100 | Train Loss 1.2970 | Val Loss 1.2189 Acc 0.6808 AUC 0.9519 Pre 0.5215 Rec 0.5286
2026-08-23 09:16:26 |   Val AUC improved to 0.9519, model saved
2026-08-23 09:16:26 | Epoch  11/100 | Train Loss 1.1826 | Val Loss 1.1051 Acc 0.7269 AUC 0.9559 Pre 0.5325 Rec 0.5807
2026-08-23 09:16:26 |   Val AUC improved to 0.9559, model saved
2026-08-23 09:16:26 | Epoch  12/100 | Train Loss 1.0631 | Val Loss 0.9919 Acc 0.7380 AUC 0.9581 Pre 0.5284 Rec 0.5956
2026-08-23 09:16:26 |   Val AUC improved to 0.9581, model saved
2026-08-23 09:16:26 | Epoch  13/100 | Train Loss 0.9402 | Val Loss 0.8906 Acc 0.7546 AUC 0.9594 Pre 0.6788 Rec 0.6169
2026-08-23 09:16:26 |   Val AUC improved to 0.9594, model saved
2026-08-23 09:16:26 | Epoch  14/100 | Train Loss 0.8274 | Val Loss 0.8066 Acc 0.7565 AUC 0.9608 Pre 0.6783 Rec 0.6212
2026-08-23 09:16:26 |   Val AUC improved to 0.9608, model saved
2026-08-23 09:16:26 | Epoch  15/100 | Train Loss 0.7320 | Val Loss 0.7380 Acc 0.7657 AUC 0.9628 Pre 0.6814 Rec 0.6364
2026-08-23 09:16:26 |   Val AUC improved to 0.9628, model saved
2026-08-23 09:16:26 | Epoch  16/100 | Train Loss 0.6496 | Val Loss 0.6825 Acc 0.7675 AUC 0.9648 Pre 0.6850 Rec 0.6418
2026-08-23 09:16:26 |   Val AUC improved to 0.9648, model saved
2026-08-23 09:16:26 | Epoch  17/100 | Train Loss 0.5805 | Val Loss 0.6391 Acc 0.7768 AUC 0.9666 Pre 0.8323 Rec 0.6608
2026-08-23 09:16:26 |   Val AUC improved to 0.9666, model saved
2026-08-23 09:16:26 | Epoch  18/100 | Train Loss 0.5249 | Val Loss 0.6047 Acc 0.7897 AUC 0.9682 Pre 0.8392 Rec 0.6839
2026-08-23 09:16:26 |   Val AUC improved to 0.9682, model saved
2026-08-23 09:16:26 | Epoch  19/100 | Train Loss 0.4737 | Val Loss 0.5740 Acc 0.8192 AUC 0.9697 Pre 0.8513 Rec 0.7434
2026-08-23 09:16:26 |   Val AUC improved to 0.9697, model saved
2026-08-23 09:16:26 | Epoch  20/100 | Train Loss 0.4221 | Val Loss 0.5451 Acc 0.8506 AUC 0.9712 Pre 0.8562 Rec 0.8051
2026-08-23 09:16:26 |   Val AUC improved to 0.9712, model saved
2026-08-23 09:16:26 | Epoch  21/100 | Train Loss 0.3749 | Val Loss 0.5215 Acc 0.8653 AUC 0.9724 Pre 0.8612 Rec 0.8349
2026-08-23 09:16:26 |   Val AUC improved to 0.9724, model saved
2026-08-23 09:16:26 | Epoch  22/100 | Train Loss 0.3279 | Val Loss 0.5083 Acc 0.8745 AUC 0.9734 Pre 0.8578 Rec 0.8484
2026-08-23 09:16:26 |   Val AUC improved to 0.9734, model saved
2026-08-23 09:16:26 | Epoch  23/100 | Train Loss 0.2912 | Val Loss 0.5078 Acc 0.8690 AUC 0.9740 Pre 0.8482 Rec 0.8465
2026-08-23 09:16:26 |   Val AUC improved to 0.9740, model saved
2026-08-23 09:16:26 | Epoch  24/100 | Train Loss 0.2643 | Val Loss 0.5148 Acc 0.8635 AUC 0.9747 Pre 0.8409 Rec 0.8443
2026-08-23 09:16:26 |   Val AUC improved to 0.9747, model saved
2026-08-23 09:16:26 | Epoch  25/100 | Train Loss 0.2455 | Val Loss 0.5219 Acc 0.8635 AUC 0.9753 Pre 0.8378 Rec 0.8451
2026-08-23 09:16:26 |   Val AUC improved to 0.9753, model saved
2026-08-23 09:16:26 | Epoch  26/100 | Train Loss 0.2260 | Val Loss 0.5259 Acc 0.8672 AUC 0.9756 Pre 0.8441 Rec 0.8492
2026-08-23 09:16:26 |   Val AUC improved to 0.9756, model saved
2026-08-23 09:16:26 | Epoch  27/100 | Train Loss 0.2072 | Val Loss 0.5306 Acc 0.8653 AUC 0.9760 Pre 0.8426 Rec 0.8468
2026-08-23 09:16:26 |   Val AUC improved to 0.9760, model saved
2026-08-23 09:16:26 | Epoch  28/100 | Train Loss 0.1882 | Val Loss 0.5413 Acc 0.8653 AUC 0.9763 Pre 0.8430 Rec 0.8444
2026-08-23 09:16:26 |   Val AUC improved to 0.9763, model saved
2026-08-23 09:16:26 | Epoch  29/100 | Train Loss 0.1716 | Val Loss 0.5586 Acc 0.8672 AUC 0.9762 Pre 0.8497 Rec 0.8467
2026-08-23 09:16:26 | Epoch  30/100 | Train Loss 0.1596 | Val Loss 0.5810 Acc 0.8653 AUC 0.9760 Pre 0.8552 Rec 0.8454
2026-08-23 09:16:26 | Epoch  31/100 | Train Loss 0.1507 | Val Loss 0.6057 Acc 0.8653 AUC 0.9758 Pre 0.8556 Rec 0.8454
2026-08-23 09:16:26 | Epoch  32/100 | Train Loss 0.1401 | Val Loss 0.6274 Acc 0.8635 AUC 0.9757 Pre 0.8552 Rec 0.8418
2026-08-23 09:16:26 | Epoch  33/100 | Train Loss 0.1307 | Val Loss 0.6437 Acc 0.8616 AUC 0.9756 Pre 0.8513 Rec 0.8394
2026-08-23 09:16:26 | Epoch  34/100 | Train Loss 0.1199 | Val Loss 0.6568 Acc 0.8616 AUC 0.9754 Pre 0.8509 Rec 0.8418
2026-08-23 09:16:26 | Epoch  35/100 | Train Loss 0.1122 | Val Loss 0.6695 Acc 0.8598 AUC 0.9753 Pre 0.8467 Rec 0.8421
2026-08-23 09:16:26 | Epoch  36/100 | Train Loss 0.1025 | Val Loss 0.6819 Acc 0.8653 AUC 0.9751 Pre 0.8532 Rec 0.8537
2026-08-23 09:16:26 | Epoch  37/100 | Train Loss 0.0932 | Val Loss 0.6950 Acc 0.8690 AUC 0.9749 Pre 0.8591 Rec 0.8579
2026-08-23 09:16:26 | Epoch  38/100 | Train Loss 0.0879 | Val Loss 0.7090 Acc 0.8672 AUC 0.9746 Pre 0.8570 Rec 0.8540
2026-08-23 09:16:26 | Val AUC did not improve for 10 consecutive epochs, early stopping at Epoch 38 (best AUC 0.9763 @ Epoch 28)
2026-08-23 09:16:26 | Run 2/5 | Test (best model @ Epoch 28) | Loss 0.4839 Acc 0.8782 AUC 0.9808 Pre 0.8663 Rec 0.8696
2026-08-23 09:16:26 | ===== Run 3/5 (seed 2) =====
2026-08-23 09:16:26 | Epoch   1/100 | Train Loss 1.9521 | Val Loss 1.9310 Acc 0.2399 AUC 0.9181 Pre 0.2802 Rec 0.2161
2026-08-23 09:16:26 |   Val AUC improved to 0.9181, model saved
2026-08-23 09:16:26 | Epoch   2/100 | Train Loss 1.9300 | Val Loss 1.8945 Acc 0.4446 AUC 0.9138 Pre 0.3053 Rec 0.2741
2026-08-23 09:16:27 | Epoch   3/100 | Train Loss 1.8927 | Val Loss 1.8332 Acc 0.3026 AUC 0.9030 Pre 0.0432 Rec 0.1429
2026-08-23 09:16:27 | Epoch   4/100 | Train Loss 1.8296 | Val Loss 1.7549 Acc 0.3026 AUC 0.8895 Pre 0.0432 Rec 0.1429
2026-08-23 09:16:27 | Epoch   5/100 | Train Loss 1.7509 | Val Loss 1.6878 Acc 0.3026 AUC 0.8806 Pre 0.0432 Rec 0.1429
2026-08-23 09:16:27 | Epoch   6/100 | Train Loss 1.6839 | Val Loss 1.6317 Acc 0.3026 AUC 0.8872 Pre 0.0432 Rec 0.1429
2026-08-23 09:16:27 | Epoch   7/100 | Train Loss 1.6236 | Val Loss 1.5420 Acc 0.3026 AUC 0.9129 Pre 0.0432 Rec 0.1429
2026-08-23 09:16:27 | Epoch   8/100 | Train Loss 1.5280 | Val Loss 1.4327 Acc 0.3561 AUC 0.9336 Pre 0.1885 Rec 0.1922
2026-08-23 09:16:27 |   Val AUC improved to 0.9336, model saved
2026-08-23 09:16:27 | Epoch   9/100 | Train Loss 1.4087 | Val Loss 1.3256 Acc 0.5461 AUC 0.9453 Pre 0.5945 Rec 0.3821
2026-08-23 09:16:27 |   Val AUC improved to 0.9453, model saved
2026-08-23 09:16:27 | Epoch  10/100 | Train Loss 1.2934 | Val Loss 1.2186 Acc 0.6919 AUC 0.9527 Pre 0.5362 Rec 0.5477
2026-08-23 09:16:27 |   Val AUC improved to 0.9527, model saved
2026-08-23 09:16:27 | Epoch  11/100 | Train Loss 1.1772 | Val Loss 1.1052 Acc 0.7362 AUC 0.9573 Pre 0.6826 Rec 0.5995
2026-08-23 09:16:27 |   Val AUC improved to 0.9573, model saved
2026-08-23 09:16:27 | Epoch  12/100 | Train Loss 1.0560 | Val Loss 0.9881 Acc 0.7528 AUC 0.9604 Pre 0.6781 Rec 0.6175
2026-08-23 09:16:27 |   Val AUC improved to 0.9604, model saved
2026-08-23 09:16:27 | Epoch  13/100 | Train Loss 0.9289 | Val Loss 0.8781 Acc 0.7583 AUC 0.9625 Pre 0.6793 Rec 0.6277
2026-08-23 09:16:27 |   Val AUC improved to 0.9625, model saved
2026-08-23 09:16:27 | Epoch  14/100 | Train Loss 0.8096 | Val Loss 0.7863 Acc 0.7546 AUC 0.9641 Pre 0.6775 Rec 0.6247
2026-08-23 09:16:27 |   Val AUC improved to 0.9641, model saved
2026-08-23 09:16:27 | Epoch  15/100 | Train Loss 0.7041 | Val Loss 0.7154 Acc 0.7620 AUC 0.9656 Pre 0.8255 Rec 0.6370
2026-08-23 09:16:27 |   Val AUC improved to 0.9656, model saved
2026-08-23 09:16:27 | Epoch  16/100 | Train Loss 0.6212 | Val Loss 0.6606 Acc 0.7675 AUC 0.9672 Pre 0.8266 Rec 0.6492
2026-08-23 09:16:27 |   Val AUC improved to 0.9672, model saved
2026-08-23 09:16:27 | Epoch  17/100 | Train Loss 0.5480 | Val Loss 0.6162 Acc 0.7860 AUC 0.9689 Pre 0.8343 Rec 0.6775
2026-08-23 09:16:27 |   Val AUC improved to 0.9689, model saved
2026-08-23 09:16:27 | Epoch  18/100 | Train Loss 0.4885 | Val Loss 0.5799 Acc 0.8137 AUC 0.9706 Pre 0.8510 Rec 0.7256
2026-08-23 09:16:27 |   Val AUC improved to 0.9706, model saved
2026-08-23 09:16:27 | Epoch  19/100 | Train Loss 0.4359 | Val Loss 0.5503 Acc 0.8339 AUC 0.9721 Pre 0.8619 Rec 0.7710
2026-08-23 09:16:27 |   Val AUC improved to 0.9721, model saved
2026-08-23 09:16:27 | Epoch  20/100 | Train Loss 0.3847 | Val Loss 0.5268 Acc 0.8635 AUC 0.9734 Pre 0.8720 Rec 0.8290
2026-08-23 09:16:27 |   Val AUC improved to 0.9734, model saved
2026-08-23 09:16:27 | Epoch  21/100 | Train Loss 0.3435 | Val Loss 0.5110 Acc 0.8653 AUC 0.9744 Pre 0.8565 Rec 0.8415
2026-08-23 09:16:27 |   Val AUC improved to 0.9744, model saved
2026-08-23 09:16:27 | Epoch  22/100 | Train Loss 0.3052 | Val Loss 0.5060 Acc 0.8672 AUC 0.9751 Pre 0.8482 Rec 0.8453
2026-08-23 09:16:27 |   Val AUC improved to 0.9751, model saved
2026-08-23 09:16:27 | Epoch  23/100 | Train Loss 0.2740 | Val Loss 0.5110 Acc 0.8635 AUC 0.9755 Pre 0.8400 Rec 0.8435
2026-08-23 09:16:27 |   Val AUC improved to 0.9755, model saved
2026-08-23 09:16:27 | Epoch  24/100 | Train Loss 0.2529 | Val Loss 0.5196 Acc 0.8708 AUC 0.9755 Pre 0.8525 Rec 0.8546
2026-08-23 09:16:27 |   Val AUC improved to 0.9755, model saved
2026-08-23 09:16:27 | Epoch  25/100 | Train Loss 0.2378 | Val Loss 0.5260 Acc 0.8708 AUC 0.9756 Pre 0.8537 Rec 0.8542
2026-08-23 09:16:27 |   Val AUC improved to 0.9756, model saved
2026-08-23 09:16:27 | Epoch  26/100 | Train Loss 0.2157 | Val Loss 0.5325 Acc 0.8727 AUC 0.9755 Pre 0.8543 Rec 0.8530
2026-08-23 09:16:27 | Epoch  27/100 | Train Loss 0.1944 | Val Loss 0.5435 Acc 0.8745 AUC 0.9757 Pre 0.8642 Rec 0.8550
2026-08-23 09:16:27 |   Val AUC improved to 0.9757, model saved
2026-08-23 09:16:27 | Epoch  28/100 | Train Loss 0.1765 | Val Loss 0.5596 Acc 0.8745 AUC 0.9757 Pre 0.8642 Rec 0.8547
2026-08-23 09:16:27 |   Val AUC improved to 0.9757, model saved
2026-08-23 09:16:27 | Epoch  29/100 | Train Loss 0.1678 | Val Loss 0.5788 Acc 0.8745 AUC 0.9758 Pre 0.8639 Rec 0.8547
2026-08-23 09:16:27 |   Val AUC improved to 0.9758, model saved
2026-08-23 09:16:27 | Epoch  30/100 | Train Loss 0.1576 | Val Loss 0.5987 Acc 0.8690 AUC 0.9757 Pre 0.8623 Rec 0.8535
2026-08-23 09:16:27 | Epoch  31/100 | Train Loss 0.1471 | Val Loss 0.6188 Acc 0.8690 AUC 0.9755 Pre 0.8609 Rec 0.8524
2026-08-23 09:16:27 | Epoch  32/100 | Train Loss 0.1351 | Val Loss 0.6390 Acc 0.8653 AUC 0.9752 Pre 0.8581 Rec 0.8495
2026-08-23 09:16:27 | Epoch  33/100 | Train Loss 0.1235 | Val Loss 0.6596 Acc 0.8616 AUC 0.9749 Pre 0.8531 Rec 0.8490
2026-08-23 09:16:27 | Epoch  34/100 | Train Loss 0.1154 | Val Loss 0.6802 Acc 0.8653 AUC 0.9745 Pre 0.8562 Rec 0.8550
2026-08-23 09:16:27 | Epoch  35/100 | Train Loss 0.1081 | Val Loss 0.6995 Acc 0.8635 AUC 0.9741 Pre 0.8534 Rec 0.8514
2026-08-23 09:16:27 | Epoch  36/100 | Train Loss 0.1001 | Val Loss 0.7178 Acc 0.8635 AUC 0.9737 Pre 0.8534 Rec 0.8514
2026-08-23 09:16:27 | Epoch  37/100 | Train Loss 0.0917 | Val Loss 0.7360 Acc 0.8635 AUC 0.9735 Pre 0.8534 Rec 0.8514
2026-08-23 09:16:27 | Epoch  38/100 | Train Loss 0.0845 | Val Loss 0.7542 Acc 0.8708 AUC 0.9731 Pre 0.8594 Rec 0.8591
2026-08-23 09:16:27 | Epoch  39/100 | Train Loss 0.0817 | Val Loss 0.7707 Acc 0.8708 AUC 0.9728 Pre 0.8589 Rec 0.8571
2026-08-23 09:16:27 | Val AUC did not improve for 10 consecutive epochs, early stopping at Epoch 39 (best AUC 0.9758 @ Epoch 29)
2026-08-23 09:16:27 | Run 3/5 | Test (best model @ Epoch 29) | Loss 0.5165 Acc 0.8764 AUC 0.9807 Pre 0.8713 Rec 0.8628
2026-08-23 09:16:27 | ===== Run 4/5 (seed 3) =====
2026-08-23 09:16:27 | Epoch   1/100 | Train Loss 1.9346 | Val Loss 1.9133 Acc 0.3026 AUC 0.9174 Pre 0.0432 Rec 0.1429
2026-08-23 09:16:27 |   Val AUC improved to 0.9174, model saved
2026-08-23 09:16:27 | Epoch   2/100 | Train Loss 1.9126 | Val Loss 1.8772 Acc 0.3026 AUC 0.9168 Pre 0.0432 Rec 0.1429
2026-08-23 09:16:27 | Epoch   3/100 | Train Loss 1.8754 | Val Loss 1.8174 Acc 0.3026 AUC 0.9023 Pre 0.0432 Rec 0.1429
2026-08-23 09:16:27 | Epoch   4/100 | Train Loss 1.8150 | Val Loss 1.7435 Acc 0.3026 AUC 0.8855 Pre 0.0432 Rec 0.1429
2026-08-23 09:16:27 | Epoch   5/100 | Train Loss 1.7396 | Val Loss 1.6806 Acc 0.3026 AUC 0.8798 Pre 0.0432 Rec 0.1429
2026-08-23 09:16:27 | Epoch   6/100 | Train Loss 1.6776 | Val Loss 1.6156 Acc 0.3026 AUC 0.8940 Pre 0.0432 Rec 0.1429
2026-08-23 09:16:27 | Epoch   7/100 | Train Loss 1.6084 | Val Loss 1.5191 Acc 0.3026 AUC 0.9200 Pre 0.0432 Rec 0.1429
2026-08-23 09:16:27 |   Val AUC improved to 0.9200, model saved
2026-08-23 09:16:27 | Epoch   8/100 | Train Loss 1.5040 | Val Loss 1.4108 Acc 0.4262 AUC 0.9380 Pre 0.3350 Rec 0.2564
2026-08-23 09:16:27 |   Val AUC improved to 0.9380, model saved
2026-08-23 09:16:27 | Epoch   9/100 | Train Loss 1.3883 | Val Loss 1.3049 Acc 0.5535 AUC 0.9486 Pre 0.5775 Rec 0.3802
2026-08-23 09:16:27 |   Val AUC improved to 0.9486, model saved
2026-08-23 09:16:27 | Epoch  10/100 | Train Loss 1.2744 | Val Loss 1.1969 Acc 0.6993 AUC 0.9545 Pre 0.5440 Rec 0.5462
2026-08-23 09:16:27 |   Val AUC improved to 0.9545, model saved
2026-08-23 09:16:27 | Epoch  11/100 | Train Loss 1.1585 | Val Loss 1.0833 Acc 0.7399 AUC 0.9582 Pre 0.5482 Rec 0.5955
2026-08-23 09:16:27 |   Val AUC improved to 0.9582, model saved
2026-08-23 09:16:27 | Epoch  12/100 | Train Loss 1.0371 | Val Loss 0.9699 Acc 0.7491 AUC 0.9604 Pre 0.6929 Rec 0.6083
2026-08-23 09:16:27 |   Val AUC improved to 0.9604, model saved
2026-08-23 09:16:27 | Epoch  13/100 | Train Loss 0.9133 | Val Loss 0.8671 Acc 0.7546 AUC 0.9616 Pre 0.6876 Rec 0.6174
2026-08-23 09:16:27 |   Val AUC improved to 0.9616, model saved
2026-08-23 09:16:27 | Epoch  14/100 | Train Loss 0.7984 | Val Loss 0.7810 Acc 0.7694 AUC 0.9627 Pre 0.8357 Rec 0.6425
2026-08-23 09:16:27 |   Val AUC improved to 0.9627, model saved
2026-08-23 09:16:27 | Epoch  15/100 | Train Loss 0.7023 | Val Loss 0.7107 Acc 0.7786 AUC 0.9645 Pre 0.8403 Rec 0.6595
2026-08-23 09:16:27 |   Val AUC improved to 0.9645, model saved
2026-08-23 09:16:27 | Epoch  16/100 | Train Loss 0.6168 | Val Loss 0.6533 Acc 0.7934 AUC 0.9664 Pre 0.8476 Rec 0.6872
2026-08-23 09:16:27 |   Val AUC improved to 0.9664, model saved
2026-08-23 09:16:27 | Epoch  17/100 | Train Loss 0.5466 | Val Loss 0.6082 Acc 0.8100 AUC 0.9683 Pre 0.8498 Rec 0.7241
2026-08-23 09:16:27 |   Val AUC improved to 0.9683, model saved
2026-08-23 09:16:27 | Epoch  18/100 | Train Loss 0.4887 | Val Loss 0.5733 Acc 0.8247 AUC 0.9699 Pre 0.8491 Rec 0.7570
2026-08-23 09:16:27 |   Val AUC improved to 0.9699, model saved
2026-08-23 09:16:27 | Epoch  19/100 | Train Loss 0.4343 | Val Loss 0.5447 Acc 0.8487 AUC 0.9714 Pre 0.8607 Rec 0.8055
2026-08-23 09:16:27 |   Val AUC improved to 0.9714, model saved
2026-08-23 09:16:27 | Epoch  20/100 | Train Loss 0.3865 | Val Loss 0.5209 Acc 0.8635 AUC 0.9728 Pre 0.8578 Rec 0.8345
2026-08-23 09:16:27 |   Val AUC improved to 0.9728, model saved
2026-08-23 09:16:27 | Epoch  21/100 | Train Loss 0.3401 | Val Loss 0.5040 Acc 0.8690 AUC 0.9741 Pre 0.8506 Rec 0.8441
2026-08-23 09:16:27 |   Val AUC improved to 0.9741, model saved
2026-08-23 09:16:27 | Epoch  22/100 | Train Loss 0.2984 | Val Loss 0.4975 Acc 0.8708 AUC 0.9752 Pre 0.8478 Rec 0.8475
2026-08-23 09:16:27 |   Val AUC improved to 0.9752, model saved
2026-08-23 09:16:27 | Epoch  23/100 | Train Loss 0.2685 | Val Loss 0.5014 Acc 0.8653 AUC 0.9756 Pre 0.8435 Rec 0.8433
2026-08-23 09:16:27 |   Val AUC improved to 0.9756, model saved
2026-08-23 09:16:27 | Epoch  24/100 | Train Loss 0.2442 | Val Loss 0.5103 Acc 0.8672 AUC 0.9760 Pre 0.8478 Rec 0.8472
2026-08-23 09:16:27 |   Val AUC improved to 0.9760, model saved
2026-08-23 09:16:27 | Epoch  25/100 | Train Loss 0.2270 | Val Loss 0.5184 Acc 0.8708 AUC 0.9761 Pre 0.8508 Rec 0.8509
2026-08-23 09:16:27 |   Val AUC improved to 0.9761, model saved
2026-08-23 09:16:27 | Epoch  26/100 | Train Loss 0.2074 | Val Loss 0.5252 Acc 0.8745 AUC 0.9763 Pre 0.8583 Rec 0.8554
2026-08-23 09:16:27 |   Val AUC improved to 0.9763, model saved
2026-08-23 09:16:27 | Epoch  27/100 | Train Loss 0.1927 | Val Loss 0.5341 Acc 0.8745 AUC 0.9765 Pre 0.8579 Rec 0.8550
2026-08-23 09:16:27 |   Val AUC improved to 0.9765, model saved
2026-08-23 09:16:27 | Epoch  28/100 | Train Loss 0.1776 | Val Loss 0.5468 Acc 0.8708 AUC 0.9769 Pre 0.8546 Rec 0.8521
2026-08-23 09:16:27 |   Val AUC improved to 0.9769, model saved
2026-08-23 09:16:27 | Epoch  29/100 | Train Loss 0.1639 | Val Loss 0.5637 Acc 0.8690 AUC 0.9770 Pre 0.8567 Rec 0.8513
2026-08-23 09:16:27 |   Val AUC improved to 0.9770, model saved
2026-08-23 09:16:27 | Epoch  30/100 | Train Loss 0.1520 | Val Loss 0.5849 Acc 0.8690 AUC 0.9768 Pre 0.8609 Rec 0.8521
2026-08-23 09:16:27 | Epoch  31/100 | Train Loss 0.1438 | Val Loss 0.6076 Acc 0.8708 AUC 0.9766 Pre 0.8651 Rec 0.8530
2026-08-23 09:16:27 | Epoch  32/100 | Train Loss 0.1329 | Val Loss 0.6287 Acc 0.8690 AUC 0.9763 Pre 0.8638 Rec 0.8521
2026-08-23 09:16:27 | Epoch  33/100 | Train Loss 0.1246 | Val Loss 0.6457 Acc 0.8653 AUC 0.9761 Pre 0.8547 Rec 0.8488
2026-08-23 09:16:27 | Epoch  34/100 | Train Loss 0.1142 | Val Loss 0.6617 Acc 0.8616 AUC 0.9758 Pre 0.8522 Rec 0.8458
2026-08-23 09:16:27 | Epoch  35/100 | Train Loss 0.1061 | Val Loss 0.6772 Acc 0.8653 AUC 0.9755 Pre 0.8566 Rec 0.8537
2026-08-23 09:16:27 | Epoch  36/100 | Train Loss 0.0998 | Val Loss 0.6932 Acc 0.8635 AUC 0.9753 Pre 0.8533 Rec 0.8533
2026-08-23 09:16:27 | Epoch  37/100 | Train Loss 0.0932 | Val Loss 0.7094 Acc 0.8653 AUC 0.9751 Pre 0.8545 Rec 0.8554
2026-08-23 09:16:27 | Epoch  38/100 | Train Loss 0.0841 | Val Loss 0.7258 Acc 0.8690 AUC 0.9747 Pre 0.8565 Rec 0.8583
2026-08-23 09:16:27 | Epoch  39/100 | Train Loss 0.0798 | Val Loss 0.7412 Acc 0.8690 AUC 0.9744 Pre 0.8584 Rec 0.8564
2026-08-23 09:16:27 | Val AUC did not improve for 10 consecutive epochs, early stopping at Epoch 39 (best AUC 0.9770 @ Epoch 29)
2026-08-23 09:16:27 | Run 4/5 | Test (best model @ Epoch 29) | Loss 0.5148 Acc 0.8727 AUC 0.9806 Pre 0.8664 Rec 0.8612
2026-08-23 09:16:27 | ===== Run 5/5 (seed 4) =====
2026-08-23 09:16:27 | Epoch   1/100 | Train Loss 1.9530 | Val Loss 1.9320 Acc 0.2712 AUC 0.9196 Pre 0.4182 Rec 0.2457
2026-08-23 09:16:27 |   Val AUC improved to 0.9196, model saved
2026-08-23 09:16:27 | Epoch   2/100 | Train Loss 1.9308 | Val Loss 1.8949 Acc 0.4520 AUC 0.9179 Pre 0.3067 Rec 0.2808
2026-08-23 09:16:27 | Epoch   3/100 | Train Loss 1.8925 | Val Loss 1.8322 Acc 0.3026 AUC 0.9035 Pre 0.0432 Rec 0.1429
2026-08-23 09:16:27 | Epoch   4/100 | Train Loss 1.8280 | Val Loss 1.7507 Acc 0.3026 AUC 0.8835 Pre 0.0432 Rec 0.1429
2026-08-23 09:16:27 | Epoch   5/100 | Train Loss 1.7454 | Val Loss 1.6791 Acc 0.3026 AUC 0.8703 Pre 0.0432 Rec 0.1429
2026-08-23 09:16:27 | Epoch   6/100 | Train Loss 1.6739 | Val Loss 1.6182 Acc 0.3026 AUC 0.8804 Pre 0.0432 Rec 0.1429
2026-08-23 09:16:27 | Epoch   7/100 | Train Loss 1.6094 | Val Loss 1.5223 Acc 0.3100 AUC 0.9092 Pre 0.1864 Rec 0.1497
2026-08-23 09:16:27 | Epoch   8/100 | Train Loss 1.5073 | Val Loss 1.4064 Acc 0.4539 AUC 0.9311 Pre 0.3324 Rec 0.2819
2026-08-23 09:16:27 |   Val AUC improved to 0.9311, model saved
2026-08-23 09:16:27 | Epoch   9/100 | Train Loss 1.3816 | Val Loss 1.2940 Acc 0.5609 AUC 0.9438 Pre 0.5646 Rec 0.3902
2026-08-23 09:16:27 |   Val AUC improved to 0.9438, model saved
2026-08-23 09:16:27 | Epoch  10/100 | Train Loss 1.2610 | Val Loss 1.1851 Acc 0.7030 AUC 0.9512 Pre 0.5353 Rec 0.5536
2026-08-23 09:16:27 |   Val AUC improved to 0.9512, model saved
2026-08-23 09:16:27 | Epoch  11/100 | Train Loss 1.1446 | Val Loss 1.0744 Acc 0.7399 AUC 0.9557 Pre 0.5476 Rec 0.5982
2026-08-23 09:16:27 |   Val AUC improved to 0.9557, model saved
2026-08-23 09:16:27 | Epoch  12/100 | Train Loss 1.0272 | Val Loss 0.9647 Acc 0.7546 AUC 0.9585 Pre 0.5472 Rec 0.6182
2026-08-23 09:16:28 |   Val AUC improved to 0.9585, model saved
2026-08-23 09:16:28 | Epoch  13/100 | Train Loss 0.9098 | Val Loss 0.8656 Acc 0.7565 AUC 0.9603 Pre 0.5425 Rec 0.6214
2026-08-23 09:16:28 |   Val AUC improved to 0.9603, model saved
2026-08-23 09:16:28 | Epoch  14/100 | Train Loss 0.8010 | Val Loss 0.7855 Acc 0.7620 AUC 0.9622 Pre 0.5424 Rec 0.6262
2026-08-23 09:16:28 |   Val AUC improved to 0.9622, model saved
2026-08-23 09:16:28 | Epoch  15/100 | Train Loss 0.7103 | Val Loss 0.7248 Acc 0.7601 AUC 0.9639 Pre 0.5406 Rec 0.6259
2026-08-23 09:16:28 |   Val AUC improved to 0.9639, model saved
2026-08-23 09:16:28 | Epoch  16/100 | Train Loss 0.6367 | Val Loss 0.6769 Acc 0.7712 AUC 0.9654 Pre 0.6890 Rec 0.6432
2026-08-23 09:16:28 |   Val AUC improved to 0.9654, model saved
2026-08-23 09:16:28 | Epoch  17/100 | Train Loss 0.5739 | Val Loss 0.6365 Acc 0.7878 AUC 0.9673 Pre 0.8391 Rec 0.6747
2026-08-23 09:16:28 |   Val AUC improved to 0.9673, model saved
2026-08-23 09:16:28 | Epoch  18/100 | Train Loss 0.5176 | Val Loss 0.6020 Acc 0.8100 AUC 0.9689 Pre 0.8426 Rec 0.7123
2026-08-23 09:16:28 |   Val AUC improved to 0.9689, model saved
2026-08-23 09:16:28 | Epoch  19/100 | Train Loss 0.4671 | Val Loss 0.5725 Acc 0.8247 AUC 0.9702 Pre 0.8517 Rec 0.7491
2026-08-23 09:16:28 |   Val AUC improved to 0.9702, model saved
2026-08-23 09:16:28 | Epoch  20/100 | Train Loss 0.4182 | Val Loss 0.5468 Acc 0.8487 AUC 0.9715 Pre 0.8675 Rec 0.7975
2026-08-23 09:16:28 |   Val AUC improved to 0.9715, model saved
2026-08-23 09:16:28 | Epoch  21/100 | Train Loss 0.3767 | Val Loss 0.5256 Acc 0.8635 AUC 0.9727 Pre 0.8603 Rec 0.8326
2026-08-23 09:16:28 |   Val AUC improved to 0.9727, model saved
2026-08-23 09:16:28 | Epoch  22/100 | Train Loss 0.3333 | Val Loss 0.5116 Acc 0.8690 AUC 0.9738 Pre 0.8579 Rec 0.8449
2026-08-23 09:16:28 |   Val AUC improved to 0.9738, model saved
2026-08-23 09:16:28 | Epoch  23/100 | Train Loss 0.2960 | Val Loss 0.5073 Acc 0.8598 AUC 0.9747 Pre 0.8359 Rec 0.8398
2026-08-23 09:16:28 |   Val AUC improved to 0.9747, model saved
2026-08-23 09:16:28 | Epoch  24/100 | Train Loss 0.2669 | Val Loss 0.5118 Acc 0.8598 AUC 0.9755 Pre 0.8367 Rec 0.8440
2026-08-23 09:16:28 |   Val AUC improved to 0.9755, model saved
2026-08-23 09:16:28 | Epoch  25/100 | Train Loss 0.2440 | Val Loss 0.5196 Acc 0.8635 AUC 0.9759 Pre 0.8383 Rec 0.8477
2026-08-23 09:16:28 |   Val AUC improved to 0.9759, model saved
2026-08-23 09:16:28 | Epoch  26/100 | Train Loss 0.2259 | Val Loss 0.5271 Acc 0.8635 AUC 0.9760 Pre 0.8384 Rec 0.8458
2026-08-23 09:16:28 |   Val AUC improved to 0.9760, model saved
2026-08-23 09:16:28 | Epoch  27/100 | Train Loss 0.2073 | Val Loss 0.5353 Acc 0.8616 AUC 0.9760 Pre 0.8380 Rec 0.8418
2026-08-23 09:16:28 | Epoch  28/100 | Train Loss 0.1902 | Val Loss 0.5482 Acc 0.8616 AUC 0.9759 Pre 0.8425 Rec 0.8426
2026-08-23 09:16:28 | Epoch  29/100 | Train Loss 0.1733 | Val Loss 0.5652 Acc 0.8616 AUC 0.9758 Pre 0.8458 Rec 0.8438
2026-08-23 09:16:28 | Epoch  30/100 | Train Loss 0.1614 | Val Loss 0.5855 Acc 0.8616 AUC 0.9758 Pre 0.8475 Rec 0.8402
2026-08-23 09:16:28 | Epoch  31/100 | Train Loss 0.1483 | Val Loss 0.6080 Acc 0.8598 AUC 0.9757 Pre 0.8521 Rec 0.8382
2026-08-23 09:16:28 | Epoch  32/100 | Train Loss 0.1399 | Val Loss 0.6308 Acc 0.8635 AUC 0.9755 Pre 0.8535 Rec 0.8431
2026-08-23 09:16:28 | Epoch  33/100 | Train Loss 0.1317 | Val Loss 0.6508 Acc 0.8598 AUC 0.9752 Pre 0.8509 Rec 0.8401
2026-08-23 09:16:28 | Epoch  34/100 | Train Loss 0.1208 | Val Loss 0.6685 Acc 0.8561 AUC 0.9750 Pre 0.8476 Rec 0.8403
2026-08-23 09:16:28 | Epoch  35/100 | Train Loss 0.1122 | Val Loss 0.6841 Acc 0.8616 AUC 0.9748 Pre 0.8533 Rec 0.8484
2026-08-23 09:16:28 | Epoch  36/100 | Train Loss 0.1026 | Val Loss 0.6990 Acc 0.8635 AUC 0.9747 Pre 0.8555 Rec 0.8517
2026-08-23 09:16:28 | Val AUC did not improve for 10 consecutive epochs, early stopping at Epoch 36 (best AUC 0.9760 @ Epoch 26)
2026-08-23 09:16:28 | Run 5/5 | Test (best model @ Epoch 26) | Loss 0.4845 Acc 0.8782 AUC 0.9803 Pre 0.8664 Rec 0.8749
2026-08-23 09:16:28 | Average over 5 runs | Test Loss 0.5067±0.0219 Acc 0.8760±0.0024 AUC 0.9805±0.0003 Pre 0.8679±0.0023 Rec 0.8663±0.0057
2026-08-23 09:16:38 | Device: cuda
2026-08-23 09:16:38 | Args: {'model': 'gcn', 'backbone': 'mlp', 'task': 'cora', 'epochs': 100, 'batch_size': 128, 'lr': 0.01, 'hidden_dims': [512, 256], 'dropout': 0.2, 'z_dim': 256, 'beta': 0.001, 'patience': 10, 'runs': 5, 'seed': 0, 'data_dir': './data', 'save_path': 'output/cora_gcn/cora_gcn.pt', 'log_path': 'output/cora_gcn/train_cora_gcn.log'}
2026-08-23 09:16:40 | Cora 划分（60/20/20 分层）：train 1624 / val 542 / test 542（共 2708 节点，7 类）
2026-08-23 09:16:40 | ===== Run 1/5 (seed 0) =====
2026-08-23 09:16:40 | Epoch   1/100 | Train Loss 1.9542 | Val Loss 1.9069 Acc 0.4539 AUC 0.9091 Pre 0.2552 Rec 0.2889
2026-08-23 09:16:40 |   Val AUC improved to 0.9091, model saved
2026-08-23 09:16:40 | Epoch   2/100 | Train Loss 1.9053 | Val Loss 1.7937 Acc 0.3026 AUC 0.8800 Pre 0.0432 Rec 0.1429
2026-08-23 09:16:40 | Epoch   3/100 | Train Loss 1.7889 | Val Loss 1.6930 Acc 0.3026 AUC 0.8400 Pre 0.0432 Rec 0.1429
2026-08-23 09:16:40 | Epoch   4/100 | Train Loss 1.6884 | Val Loss 1.5509 Acc 0.3100 AUC 0.9059 Pre 0.1864 Rec 0.1497
2026-08-23 09:16:40 | Epoch   5/100 | Train Loss 1.5346 | Val Loss 1.3737 Acc 0.5074 AUC 0.9416 Pre 0.4608 Rec 0.3328
2026-08-23 09:16:40 |   Val AUC improved to 0.9416, model saved
2026-08-23 09:16:40 | Epoch   6/100 | Train Loss 1.3424 | Val Loss 1.1924 Acc 0.6845 AUC 0.9543 Pre 0.5426 Rec 0.5275
2026-08-23 09:16:40 |   Val AUC improved to 0.9543, model saved
2026-08-23 09:16:40 | Epoch   7/100 | Train Loss 1.1474 | Val Loss 1.0021 Acc 0.7306 AUC 0.9607 Pre 0.5329 Rec 0.5838
2026-08-23 09:16:40 |   Val AUC improved to 0.9607, model saved
2026-08-23 09:16:40 | Epoch   8/100 | Train Loss 0.9444 | Val Loss 0.8386 Acc 0.7565 AUC 0.9625 Pre 0.6884 Rec 0.6154
2026-08-23 09:16:40 |   Val AUC improved to 0.9625, model saved
2026-08-23 09:16:40 | Epoch   9/100 | Train Loss 0.7670 | Val Loss 0.7246 Acc 0.7546 AUC 0.9643 Pre 0.6816 Rec 0.6188
2026-08-23 09:16:40 |   Val AUC improved to 0.9643, model saved
2026-08-23 09:16:40 | Epoch  10/100 | Train Loss 0.6282 | Val Loss 0.6423 Acc 0.7860 AUC 0.9671 Pre 0.8395 Rec 0.6689
2026-08-23 09:16:40 |   Val AUC improved to 0.9671, model saved
2026-08-23 09:16:40 | Epoch  11/100 | Train Loss 0.5225 | Val Loss 0.5871 Acc 0.8007 AUC 0.9700 Pre 0.8469 Rec 0.7012
2026-08-23 09:16:40 |   Val AUC improved to 0.9700, model saved
2026-08-23 09:16:40 | Epoch  12/100 | Train Loss 0.4396 | Val Loss 0.5538 Acc 0.8210 AUC 0.9723 Pre 0.8487 Rec 0.7505
2026-08-23 09:16:40 |   Val AUC improved to 0.9723, model saved
2026-08-23 09:16:40 | Epoch  13/100 | Train Loss 0.3701 | Val Loss 0.5330 Acc 0.8579 AUC 0.9736 Pre 0.8402 Rec 0.8292
2026-08-23 09:16:40 |   Val AUC improved to 0.9736, model saved
2026-08-23 09:16:40 | Epoch  14/100 | Train Loss 0.3091 | Val Loss 0.5401 Acc 0.8635 AUC 0.9744 Pre 0.8356 Rec 0.8493
2026-08-23 09:16:40 |   Val AUC improved to 0.9744, model saved
2026-08-23 09:16:40 | Epoch  15/100 | Train Loss 0.2621 | Val Loss 0.5743 Acc 0.8616 AUC 0.9743 Pre 0.8387 Rec 0.8520
2026-08-23 09:16:40 | Epoch  16/100 | Train Loss 0.2419 | Val Loss 0.6024 Acc 0.8672 AUC 0.9741 Pre 0.8441 Rec 0.8499
2026-08-23 09:16:40 | Epoch  17/100 | Train Loss 0.2128 | Val Loss 0.6361 Acc 0.8635 AUC 0.9739 Pre 0.8417 Rec 0.8436
2026-08-23 09:16:40 | Epoch  18/100 | Train Loss 0.1866 | Val Loss 0.6808 Acc 0.8635 AUC 0.9740 Pre 0.8486 Rec 0.8448
2026-08-23 09:16:40 | Epoch  19/100 | Train Loss 0.1646 | Val Loss 0.7344 Acc 0.8635 AUC 0.9741 Pre 0.8581 Rec 0.8450
2026-08-23 09:16:40 | Epoch  20/100 | Train Loss 0.1552 | Val Loss 0.7915 Acc 0.8690 AUC 0.9741 Pre 0.8647 Rec 0.8527
2026-08-23 09:16:40 | Epoch  21/100 | Train Loss 0.1401 | Val Loss 0.8341 Acc 0.8598 AUC 0.9737 Pre 0.8513 Rec 0.8457
2026-08-23 09:16:40 | Epoch  22/100 | Train Loss 0.1301 | Val Loss 0.8745 Acc 0.8561 AUC 0.9735 Pre 0.8439 Rec 0.8420
2026-08-23 09:16:40 | Epoch  23/100 | Train Loss 0.1083 | Val Loss 0.9159 Acc 0.8561 AUC 0.9731 Pre 0.8456 Rec 0.8420
2026-08-23 09:16:40 | Epoch  24/100 | Train Loss 0.0970 | Val Loss 0.9507 Acc 0.8598 AUC 0.9726 Pre 0.8506 Rec 0.8477
2026-08-23 09:16:40 | Val AUC did not improve for 10 consecutive epochs, early stopping at Epoch 24 (best AUC 0.9744 @ Epoch 14)
2026-08-23 09:16:40 | Run 1/5 | Test (best model @ Epoch 14) | Loss 0.5065 Acc 0.8782 AUC 0.9789 Pre 0.8575 Rec 0.8728
2026-08-23 09:16:40 | ===== Run 2/5 (seed 1) =====
2026-08-23 09:16:40 | Epoch   1/100 | Train Loss 1.9356 | Val Loss 1.8872 Acc 0.3026 AUC 0.9061 Pre 0.0432 Rec 0.1429
2026-08-23 09:16:40 |   Val AUC improved to 0.9061, model saved
2026-08-23 09:16:40 | Epoch   2/100 | Train Loss 1.8855 | Val Loss 1.7769 Acc 0.3026 AUC 0.8747 Pre 0.0432 Rec 0.1429
2026-08-23 09:16:40 | Epoch   3/100 | Train Loss 1.7730 | Val Loss 1.6981 Acc 0.3026 AUC 0.8408 Pre 0.0432 Rec 0.1429
2026-08-23 09:16:41 | Epoch   4/100 | Train Loss 1.6942 | Val Loss 1.5396 Acc 0.3026 AUC 0.9167 Pre 0.0432 Rec 0.1429
2026-08-23 09:16:41 |   Val AUC improved to 0.9167, model saved
2026-08-23 09:16:41 | Epoch   5/100 | Train Loss 1.5246 | Val Loss 1.3840 Acc 0.5240 AUC 0.9444 Pre 0.5596 Rec 0.3491
2026-08-23 09:16:41 |   Val AUC improved to 0.9444, model saved
2026-08-23 09:16:41 | Epoch   6/100 | Train Loss 1.3573 | Val Loss 1.2088 Acc 0.6993 AUC 0.9541 Pre 0.5315 Rec 0.5475
2026-08-23 09:16:41 |   Val AUC improved to 0.9541, model saved
2026-08-23 09:16:41 | Epoch   7/100 | Train Loss 1.1683 | Val Loss 1.0129 Acc 0.7343 AUC 0.9581 Pre 0.5368 Rec 0.5918
2026-08-23 09:16:41 |   Val AUC improved to 0.9581, model saved
2026-08-23 09:16:41 | Epoch   8/100 | Train Loss 0.9621 | Val Loss 0.8480 Acc 0.7509 AUC 0.9596 Pre 0.6889 Rec 0.6126
2026-08-23 09:16:41 |   Val AUC improved to 0.9596, model saved
2026-08-23 09:16:41 | Epoch   9/100 | Train Loss 0.7794 | Val Loss 0.7363 Acc 0.7583 AUC 0.9623 Pre 0.6851 Rec 0.6253
2026-08-23 09:16:41 |   Val AUC improved to 0.9623, model saved
2026-08-23 09:16:41 | Epoch  10/100 | Train Loss 0.6440 | Val Loss 0.6584 Acc 0.7768 AUC 0.9655 Pre 0.8352 Rec 0.6530
2026-08-23 09:16:41 |   Val AUC improved to 0.9655, model saved
2026-08-23 09:16:41 | Epoch  11/100 | Train Loss 0.5435 | Val Loss 0.6051 Acc 0.7786 AUC 0.9685 Pre 0.8321 Rec 0.6701
2026-08-23 09:16:41 |   Val AUC improved to 0.9685, model saved
2026-08-23 09:16:41 | Epoch  12/100 | Train Loss 0.4652 | Val Loss 0.5635 Acc 0.8284 AUC 0.9702 Pre 0.8500 Rec 0.7685
2026-08-23 09:16:41 |   Val AUC improved to 0.9702, model saved
2026-08-23 09:16:41 | Epoch  13/100 | Train Loss 0.3873 | Val Loss 0.5299 Acc 0.8561 AUC 0.9722 Pre 0.8441 Rec 0.8254
2026-08-23 09:16:41 |   Val AUC improved to 0.9722, model saved
2026-08-23 09:16:41 | Epoch  14/100 | Train Loss 0.3146 | Val Loss 0.5268 Acc 0.8672 AUC 0.9735 Pre 0.8423 Rec 0.8475
2026-08-23 09:16:41 |   Val AUC improved to 0.9735, model saved
2026-08-23 09:16:41 | Epoch  15/100 | Train Loss 0.2673 | Val Loss 0.5570 Acc 0.8616 AUC 0.9741 Pre 0.8382 Rec 0.8478
2026-08-23 09:16:41 |   Val AUC improved to 0.9741, model saved
2026-08-23 09:16:41 | Epoch  16/100 | Train Loss 0.2443 | Val Loss 0.5838 Acc 0.8653 AUC 0.9747 Pre 0.8406 Rec 0.8515
2026-08-23 09:16:41 |   Val AUC improved to 0.9747, model saved
2026-08-23 09:16:41 | Epoch  17/100 | Train Loss 0.2201 | Val Loss 0.6030 Acc 0.8653 AUC 0.9752 Pre 0.8404 Rec 0.8480
2026-08-23 09:16:41 |   Val AUC improved to 0.9752, model saved
2026-08-23 09:16:41 | Epoch  18/100 | Train Loss 0.1900 | Val Loss 0.6406 Acc 0.8635 AUC 0.9755 Pre 0.8419 Rec 0.8443
2026-08-23 09:16:41 |   Val AUC improved to 0.9755, model saved
2026-08-23 09:16:41 | Epoch  19/100 | Train Loss 0.1710 | Val Loss 0.6889 Acc 0.8616 AUC 0.9756 Pre 0.8488 Rec 0.8429
2026-08-23 09:16:41 |   Val AUC improved to 0.9756, model saved
2026-08-23 09:16:41 | Epoch  20/100 | Train Loss 0.1523 | Val Loss 0.7492 Acc 0.8635 AUC 0.9752 Pre 0.8583 Rec 0.8450
2026-08-23 09:16:41 | Epoch  21/100 | Train Loss 0.1438 | Val Loss 0.7982 Acc 0.8598 AUC 0.9750 Pre 0.8551 Rec 0.8408
2026-08-23 09:16:41 | Epoch  22/100 | Train Loss 0.1252 | Val Loss 0.8344 Acc 0.8579 AUC 0.9746 Pre 0.8486 Rec 0.8381
2026-08-23 09:16:41 | Epoch  23/100 | Train Loss 0.1106 | Val Loss 0.8678 Acc 0.8598 AUC 0.9743 Pre 0.8468 Rec 0.8460
2026-08-23 09:16:41 | Epoch  24/100 | Train Loss 0.0968 | Val Loss 0.8989 Acc 0.8542 AUC 0.9740 Pre 0.8405 Rec 0.8380
2026-08-23 09:16:41 | Epoch  25/100 | Train Loss 0.0844 | Val Loss 0.9321 Acc 0.8579 AUC 0.9736 Pre 0.8447 Rec 0.8444
2026-08-23 09:16:41 | Epoch  26/100 | Train Loss 0.0792 | Val Loss 0.9630 Acc 0.8616 AUC 0.9733 Pre 0.8474 Rec 0.8497
2026-08-23 09:16:41 | Epoch  27/100 | Train Loss 0.0761 | Val Loss 0.9889 Acc 0.8653 AUC 0.9728 Pre 0.8522 Rec 0.8545
2026-08-23 09:16:41 | Epoch  28/100 | Train Loss 0.0697 | Val Loss 1.0157 Acc 0.8690 AUC 0.9725 Pre 0.8542 Rec 0.8585
2026-08-23 09:16:41 | Epoch  29/100 | Train Loss 0.0621 | Val Loss 1.0495 Acc 0.8672 AUC 0.9722 Pre 0.8559 Rec 0.8536
2026-08-23 09:16:41 | Val AUC did not improve for 10 consecutive epochs, early stopping at Epoch 29 (best AUC 0.9756 @ Epoch 19)
2026-08-23 09:16:41 | Run 2/5 | Test (best model @ Epoch 19) | Loss 0.6050 Acc 0.8838 AUC 0.9806 Pre 0.8793 Rec 0.8742
2026-08-23 09:16:41 | ===== Run 3/5 (seed 2) =====
2026-08-23 09:16:41 | Epoch   1/100 | Train Loss 1.9521 | Val Loss 1.9050 Acc 0.5000 AUC 0.9146 Pre 0.2491 Rec 0.3347
2026-08-23 09:16:41 |   Val AUC improved to 0.9146, model saved
2026-08-23 09:16:41 | Epoch   2/100 | Train Loss 1.9034 | Val Loss 1.7926 Acc 0.3026 AUC 0.8945 Pre 0.0432 Rec 0.1429
2026-08-23 09:16:41 | Epoch   3/100 | Train Loss 1.7893 | Val Loss 1.6850 Acc 0.3026 AUC 0.8711 Pre 0.0432 Rec 0.1429
2026-08-23 09:16:41 | Epoch   4/100 | Train Loss 1.6798 | Val Loss 1.5427 Acc 0.3026 AUC 0.9173 Pre 0.0432 Rec 0.1429
2026-08-23 09:16:41 |   Val AUC improved to 0.9173, model saved
2026-08-23 09:16:41 | Epoch   5/100 | Train Loss 1.5269 | Val Loss 1.3553 Acc 0.5055 AUC 0.9449 Pre 0.6028 Rec 0.3334
2026-08-23 09:16:41 |   Val AUC improved to 0.9449, model saved
2026-08-23 09:16:41 | Epoch   6/100 | Train Loss 1.3226 | Val Loss 1.1636 Acc 0.7325 AUC 0.9573 Pre 0.5534 Rec 0.5916
2026-08-23 09:16:41 |   Val AUC improved to 0.9573, model saved
2026-08-23 09:16:41 | Epoch   7/100 | Train Loss 1.1151 | Val Loss 0.9599 Acc 0.7546 AUC 0.9623 Pre 0.6826 Rec 0.6258
2026-08-23 09:16:41 |   Val AUC improved to 0.9623, model saved
2026-08-23 09:16:41 | Epoch   8/100 | Train Loss 0.8977 | Val Loss 0.7864 Acc 0.7583 AUC 0.9649 Pre 0.6780 Rec 0.6324
2026-08-23 09:16:41 |   Val AUC improved to 0.9649, model saved
2026-08-23 09:16:41 | Epoch   9/100 | Train Loss 0.7037 | Val Loss 0.6757 Acc 0.7675 AUC 0.9670 Pre 0.8295 Rec 0.6486
2026-08-23 09:16:41 |   Val AUC improved to 0.9670, model saved
2026-08-23 09:16:41 | Epoch  10/100 | Train Loss 0.5681 | Val Loss 0.6078 Acc 0.7915 AUC 0.9694 Pre 0.8417 Rec 0.6888
2026-08-23 09:16:41 |   Val AUC improved to 0.9694, model saved
2026-08-23 09:16:41 | Epoch  11/100 | Train Loss 0.4683 | Val Loss 0.5607 Acc 0.8247 AUC 0.9715 Pre 0.8583 Rec 0.7525
2026-08-23 09:16:41 |   Val AUC improved to 0.9715, model saved
2026-08-23 09:16:41 | Epoch  12/100 | Train Loss 0.3883 | Val Loss 0.5294 Acc 0.8616 AUC 0.9731 Pre 0.8679 Rec 0.8288
2026-08-23 09:16:41 |   Val AUC improved to 0.9731, model saved
2026-08-23 09:16:41 | Epoch  13/100 | Train Loss 0.3223 | Val Loss 0.5242 Acc 0.8635 AUC 0.9744 Pre 0.8390 Rec 0.8419
2026-08-23 09:16:41 |   Val AUC improved to 0.9744, model saved
2026-08-23 09:16:41 | Epoch  14/100 | Train Loss 0.2726 | Val Loss 0.5515 Acc 0.8653 AUC 0.9749 Pre 0.8430 Rec 0.8478
2026-08-23 09:16:41 |   Val AUC improved to 0.9749, model saved
2026-08-23 09:16:41 | Epoch  15/100 | Train Loss 0.2461 | Val Loss 0.5787 Acc 0.8672 AUC 0.9751 Pre 0.8454 Rec 0.8495
2026-08-23 09:16:41 |   Val AUC improved to 0.9751, model saved
2026-08-23 09:16:41 | Epoch  16/100 | Train Loss 0.2185 | Val Loss 0.6067 Acc 0.8708 AUC 0.9750 Pre 0.8524 Rec 0.8509
2026-08-23 09:16:41 | Epoch  17/100 | Train Loss 0.1884 | Val Loss 0.6513 Acc 0.8672 AUC 0.9752 Pre 0.8573 Rec 0.8479
2026-08-23 09:16:41 |   Val AUC improved to 0.9752, model saved
2026-08-23 09:16:41 | Epoch  18/100 | Train Loss 0.1708 | Val Loss 0.7059 Acc 0.8635 AUC 0.9753 Pre 0.8563 Rec 0.8442
2026-08-23 09:16:41 |   Val AUC improved to 0.9753, model saved
2026-08-23 09:16:41 | Epoch  19/100 | Train Loss 0.1558 | Val Loss 0.7647 Acc 0.8672 AUC 0.9750 Pre 0.8612 Rec 0.8507
2026-08-23 09:16:41 | Epoch  20/100 | Train Loss 0.1406 | Val Loss 0.8171 Acc 0.8579 AUC 0.9746 Pre 0.8501 Rec 0.8420
2026-08-23 09:16:41 | Epoch  21/100 | Train Loss 0.1218 | Val Loss 0.8641 Acc 0.8616 AUC 0.9739 Pre 0.8558 Rec 0.8473
2026-08-23 09:16:41 | Epoch  22/100 | Train Loss 0.1113 | Val Loss 0.9105 Acc 0.8598 AUC 0.9734 Pre 0.8499 Rec 0.8472
2026-08-23 09:16:41 | Epoch  23/100 | Train Loss 0.0949 | Val Loss 0.9578 Acc 0.8616 AUC 0.9729 Pre 0.8518 Rec 0.8482
2026-08-23 09:16:41 | Epoch  24/100 | Train Loss 0.0874 | Val Loss 0.9998 Acc 0.8598 AUC 0.9725 Pre 0.8495 Rec 0.8465
2026-08-23 09:16:41 | Epoch  25/100 | Train Loss 0.0814 | Val Loss 1.0260 Acc 0.8672 AUC 0.9723 Pre 0.8547 Rec 0.8534
2026-08-23 09:16:41 | Epoch  26/100 | Train Loss 0.0710 | Val Loss 1.0523 Acc 0.8616 AUC 0.9719 Pre 0.8455 Rec 0.8447
2026-08-23 09:16:41 | Epoch  27/100 | Train Loss 0.0659 | Val Loss 1.0846 Acc 0.8616 AUC 0.9718 Pre 0.8498 Rec 0.8454
2026-08-23 09:16:41 | Epoch  28/100 | Train Loss 0.0582 | Val Loss 1.1239 Acc 0.8690 AUC 0.9716 Pre 0.8604 Rec 0.8535
2026-08-23 09:16:41 | Val AUC did not improve for 10 consecutive epochs, early stopping at Epoch 28 (best AUC 0.9753 @ Epoch 18)
2026-08-23 09:16:41 | Run 3/5 | Test (best model @ Epoch 18) | Loss 0.6311 Acc 0.8727 AUC 0.9801 Pre 0.8681 Rec 0.8587
2026-08-23 09:16:41 | ===== Run 4/5 (seed 3) =====
2026-08-23 09:16:41 | Epoch   1/100 | Train Loss 1.9346 | Val Loss 1.8875 Acc 0.3026 AUC 0.9173 Pre 0.0432 Rec 0.1429
2026-08-23 09:16:41 |   Val AUC improved to 0.9173, model saved
2026-08-23 09:16:41 | Epoch   2/100 | Train Loss 1.8863 | Val Loss 1.7781 Acc 0.3026 AUC 0.8929 Pre 0.0432 Rec 0.1429
2026-08-23 09:16:41 | Epoch   3/100 | Train Loss 1.7751 | Val Loss 1.6796 Acc 0.3026 AUC 0.8672 Pre 0.0432 Rec 0.1429
2026-08-23 09:16:41 | Epoch   4/100 | Train Loss 1.6773 | Val Loss 1.5246 Acc 0.3026 AUC 0.9228 Pre 0.0432 Rec 0.1429
2026-08-23 09:16:41 |   Val AUC improved to 0.9228, model saved
2026-08-23 09:16:41 | Epoch   5/100 | Train Loss 1.5090 | Val Loss 1.3479 Acc 0.5351 AUC 0.9476 Pre 0.4324 Rec 0.3588
2026-08-23 09:16:41 |   Val AUC improved to 0.9476, model saved
2026-08-23 09:16:41 | Epoch   6/100 | Train Loss 1.3200 | Val Loss 1.1625 Acc 0.7066 AUC 0.9567 Pre 0.5470 Rec 0.5531
2026-08-23 09:16:41 |   Val AUC improved to 0.9567, model saved
2026-08-23 09:16:41 | Epoch   7/100 | Train Loss 1.1203 | Val Loss 0.9672 Acc 0.7472 AUC 0.9607 Pre 0.6938 Rec 0.6076
2026-08-23 09:16:41 |   Val AUC improved to 0.9607, model saved
2026-08-23 09:16:41 | Epoch   8/100 | Train Loss 0.9107 | Val Loss 0.8038 Acc 0.7638 AUC 0.9625 Pre 0.8399 Rec 0.6329
2026-08-23 09:16:41 |   Val AUC improved to 0.9625, model saved
2026-08-23 09:16:41 | Epoch   9/100 | Train Loss 0.7279 | Val Loss 0.6899 Acc 0.7897 AUC 0.9653 Pre 0.8532 Rec 0.6784
2026-08-23 09:16:41 |   Val AUC improved to 0.9653, model saved
2026-08-23 09:16:41 | Epoch  10/100 | Train Loss 0.5904 | Val Loss 0.6114 Acc 0.8044 AUC 0.9682 Pre 0.8493 Rec 0.7135
2026-08-23 09:16:41 |   Val AUC improved to 0.9682, model saved
2026-08-23 09:16:41 | Epoch  11/100 | Train Loss 0.4853 | Val Loss 0.5602 Acc 0.8339 AUC 0.9705 Pre 0.8557 Rec 0.7798
2026-08-23 09:16:41 |   Val AUC improved to 0.9705, model saved
2026-08-23 09:16:41 | Epoch  12/100 | Train Loss 0.4030 | Val Loss 0.5250 Acc 0.8561 AUC 0.9728 Pre 0.8490 Rec 0.8254
2026-08-23 09:16:41 |   Val AUC improved to 0.9728, model saved
2026-08-23 09:16:41 | Epoch  13/100 | Train Loss 0.3303 | Val Loss 0.5129 Acc 0.8598 AUC 0.9748 Pre 0.8313 Rec 0.8365
2026-08-23 09:16:41 |   Val AUC improved to 0.9748, model saved
2026-08-23 09:16:41 | Epoch  14/100 | Train Loss 0.2734 | Val Loss 0.5343 Acc 0.8616 AUC 0.9758 Pre 0.8362 Rec 0.8454
2026-08-23 09:16:41 |   Val AUC improved to 0.9758, model saved
2026-08-23 09:16:41 | Epoch  15/100 | Train Loss 0.2406 | Val Loss 0.5706 Acc 0.8635 AUC 0.9756 Pre 0.8447 Rec 0.8455
2026-08-23 09:16:41 | Epoch  16/100 | Train Loss 0.2220 | Val Loss 0.5981 Acc 0.8672 AUC 0.9758 Pre 0.8480 Rec 0.8472
2026-08-23 09:16:41 | Epoch  17/100 | Train Loss 0.1952 | Val Loss 0.6316 Acc 0.8672 AUC 0.9761 Pre 0.8517 Rec 0.8495
2026-08-23 09:16:41 |   Val AUC improved to 0.9761, model saved
2026-08-23 09:16:41 | Epoch  18/100 | Train Loss 0.1767 | Val Loss 0.6752 Acc 0.8690 AUC 0.9763 Pre 0.8579 Rec 0.8516
2026-08-23 09:16:41 |   Val AUC improved to 0.9763, model saved
2026-08-23 09:16:41 | Epoch  19/100 | Train Loss 0.1591 | Val Loss 0.7287 Acc 0.8653 AUC 0.9762 Pre 0.8582 Rec 0.8471
2026-08-23 09:16:41 | Epoch  20/100 | Train Loss 0.1494 | Val Loss 0.7797 Acc 0.8672 AUC 0.9760 Pre 0.8610 Rec 0.8488
2026-08-23 09:16:41 | Epoch  21/100 | Train Loss 0.1316 | Val Loss 0.8286 Acc 0.8616 AUC 0.9756 Pre 0.8544 Rec 0.8457
2026-08-23 09:16:41 | Epoch  22/100 | Train Loss 0.1131 | Val Loss 0.8698 Acc 0.8616 AUC 0.9751 Pre 0.8501 Rec 0.8487
2026-08-23 09:16:41 | Epoch  23/100 | Train Loss 0.0987 | Val Loss 0.9077 Acc 0.8598 AUC 0.9745 Pre 0.8483 Rec 0.8470
2026-08-23 09:16:41 | Epoch  24/100 | Train Loss 0.0917 | Val Loss 0.9434 Acc 0.8616 AUC 0.9739 Pre 0.8501 Rec 0.8485
2026-08-23 09:16:41 | Epoch  25/100 | Train Loss 0.0781 | Val Loss 0.9818 Acc 0.8598 AUC 0.9734 Pre 0.8497 Rec 0.8465
2026-08-23 09:16:41 | Epoch  26/100 | Train Loss 0.0739 | Val Loss 1.0154 Acc 0.8635 AUC 0.9731 Pre 0.8514 Rec 0.8506
2026-08-23 09:16:41 | Epoch  27/100 | Train Loss 0.0708 | Val Loss 1.0374 Acc 0.8653 AUC 0.9728 Pre 0.8541 Rec 0.8556
2026-08-23 09:16:41 | Epoch  28/100 | Train Loss 0.0665 | Val Loss 1.0602 Acc 0.8653 AUC 0.9726 Pre 0.8522 Rec 0.8518
2026-08-23 09:16:41 | Val AUC did not improve for 10 consecutive epochs, early stopping at Epoch 28 (best AUC 0.9763 @ Epoch 18)
2026-08-23 09:16:41 | Run 4/5 | Test (best model @ Epoch 18) | Loss 0.6190 Acc 0.8727 AUC 0.9802 Pre 0.8712 Rec 0.8627
2026-08-23 09:16:41 | ===== Run 5/5 (seed 4) =====
2026-08-23 09:16:41 | Epoch   1/100 | Train Loss 1.9530 | Val Loss 1.9055 Acc 0.4926 AUC 0.9213 Pre 0.2625 Rec 0.3270
2026-08-23 09:16:41 |   Val AUC improved to 0.9213, model saved
2026-08-23 09:16:41 | Epoch   2/100 | Train Loss 1.9036 | Val Loss 1.7892 Acc 0.3026 AUC 0.8931 Pre 0.0432 Rec 0.1429
2026-08-23 09:16:41 | Epoch   3/100 | Train Loss 1.7848 | Val Loss 1.6748 Acc 0.3026 AUC 0.8588 Pre 0.0432 Rec 0.1429
2026-08-23 09:16:41 | Epoch   4/100 | Train Loss 1.6686 | Val Loss 1.5220 Acc 0.3137 AUC 0.9122 Pre 0.1866 Rec 0.1531
2026-08-23 09:16:41 | Epoch   5/100 | Train Loss 1.5039 | Val Loss 1.3241 Acc 0.5387 AUC 0.9433 Pre 0.5722 Rec 0.3640
2026-08-23 09:16:41 |   Val AUC improved to 0.9433, model saved
2026-08-23 09:16:41 | Epoch   6/100 | Train Loss 1.2918 | Val Loss 1.1325 Acc 0.7288 AUC 0.9546 Pre 0.5414 Rec 0.5839
2026-08-23 09:16:41 |   Val AUC improved to 0.9546, model saved
2026-08-23 09:16:41 | Epoch   7/100 | Train Loss 1.0892 | Val Loss 0.9433 Acc 0.7565 AUC 0.9596 Pre 0.5473 Rec 0.6201
2026-08-23 09:16:41 |   Val AUC improved to 0.9596, model saved
2026-08-23 09:16:41 | Epoch   8/100 | Train Loss 0.8890 | Val Loss 0.7900 Acc 0.7583 AUC 0.9627 Pre 0.5437 Rec 0.6237
2026-08-23 09:16:41 |   Val AUC improved to 0.9627, model saved
2026-08-23 09:16:41 | Epoch   9/100 | Train Loss 0.7159 | Val Loss 0.6956 Acc 0.7657 AUC 0.9651 Pre 0.6891 Rec 0.6339
2026-08-23 09:16:41 |   Val AUC improved to 0.9651, model saved
2026-08-23 09:16:41 | Epoch  10/100 | Train Loss 0.5956 | Val Loss 0.6349 Acc 0.7897 AUC 0.9676 Pre 0.8421 Rec 0.6770
2026-08-23 09:16:41 |   Val AUC improved to 0.9676, model saved
2026-08-23 09:16:41 | Epoch  11/100 | Train Loss 0.5044 | Val Loss 0.5884 Acc 0.8137 AUC 0.9697 Pre 0.8447 Rec 0.7249
2026-08-23 09:16:41 |   Val AUC improved to 0.9697, model saved
2026-08-23 09:16:41 | Epoch  12/100 | Train Loss 0.4267 | Val Loss 0.5530 Acc 0.8542 AUC 0.9715 Pre 0.8722 Rec 0.8076
2026-08-23 09:16:41 |   Val AUC improved to 0.9715, model saved
2026-08-23 09:16:41 | Epoch  13/100 | Train Loss 0.3571 | Val Loss 0.5323 Acc 0.8653 AUC 0.9731 Pre 0.8524 Rec 0.8382
2026-08-23 09:16:41 |   Val AUC improved to 0.9731, model saved
2026-08-23 09:16:41 | Epoch  14/100 | Train Loss 0.2966 | Val Loss 0.5406 Acc 0.8616 AUC 0.9745 Pre 0.8363 Rec 0.8457
2026-08-23 09:16:41 |   Val AUC improved to 0.9745, model saved
2026-08-23 09:16:41 | Epoch  15/100 | Train Loss 0.2559 | Val Loss 0.5721 Acc 0.8635 AUC 0.9753 Pre 0.8383 Rec 0.8500
2026-08-23 09:16:41 |   Val AUC improved to 0.9753, model saved
2026-08-23 09:16:41 | Epoch  16/100 | Train Loss 0.2351 | Val Loss 0.6007 Acc 0.8653 AUC 0.9752 Pre 0.8400 Rec 0.8494
2026-08-23 09:16:41 | Epoch  17/100 | Train Loss 0.2089 | Val Loss 0.6388 Acc 0.8635 AUC 0.9748 Pre 0.8407 Rec 0.8474
2026-08-23 09:16:42 | Epoch  18/100 | Train Loss 0.1826 | Val Loss 0.6868 Acc 0.8616 AUC 0.9748 Pre 0.8443 Rec 0.8415
2026-08-23 09:16:42 | Epoch  19/100 | Train Loss 0.1597 | Val Loss 0.7466 Acc 0.8598 AUC 0.9748 Pre 0.8531 Rec 0.8377
2026-08-23 09:16:42 | Epoch  20/100 | Train Loss 0.1449 | Val Loss 0.8049 Acc 0.8598 AUC 0.9746 Pre 0.8542 Rec 0.8398
2026-08-23 09:16:42 | Epoch  21/100 | Train Loss 0.1331 | Val Loss 0.8498 Acc 0.8579 AUC 0.9743 Pre 0.8511 Rec 0.8415
2026-08-23 09:16:42 | Epoch  22/100 | Train Loss 0.1155 | Val Loss 0.8899 Acc 0.8579 AUC 0.9739 Pre 0.8487 Rec 0.8427
2026-08-23 09:16:42 | Epoch  23/100 | Train Loss 0.1009 | Val Loss 0.9274 Acc 0.8635 AUC 0.9738 Pre 0.8537 Rec 0.8489
2026-08-23 09:16:42 | Epoch  24/100 | Train Loss 0.0899 | Val Loss 0.9622 Acc 0.8672 AUC 0.9734 Pre 0.8552 Rec 0.8553
2026-08-23 09:16:42 | Epoch  25/100 | Train Loss 0.0810 | Val Loss 0.9966 Acc 0.8672 AUC 0.9731 Pre 0.8550 Rec 0.8540
2026-08-23 09:16:42 | Val AUC did not improve for 10 consecutive epochs, early stopping at Epoch 25 (best AUC 0.9753 @ Epoch 15)
2026-08-23 09:16:42 | Run 5/5 | Test (best model @ Epoch 15) | Loss 0.5391 Acc 0.8764 AUC 0.9791 Pre 0.8598 Rec 0.8753
2026-08-23 09:16:42 | Average over 5 runs | Test Loss 0.5801±0.0544 Acc 0.8768±0.0046 AUC 0.9798±0.0007 Pre 0.8672±0.0088 Rec 0.8688±0.0075
2026-08-23 09:19:02 | Device: cuda
2026-08-23 09:19:02 | Args: {'model': 'gcn', 'backbone': 'mlp', 'task': 'cora', 'epochs': 100, 'batch_size': 128, 'lr': 0.01, 'hidden_dims': [512, 256], 'dropout': 0.2, 'z_dim': 256, 'beta': 0.001, 'patience': 10, 'runs': 10, 'seed': 0, 'data_dir': './data', 'save_path': 'output/cora_gcn/cora_gcn.pt', 'log_path': 'output/cora_gcn/train_cora_gcn.log'}
2026-08-23 09:19:04 | Cora 划分（60/20/20 分层）：train 1624 / val 542 / test 542（共 2708 节点，7 类）
2026-08-23 09:19:04 | ===== Run 1/10 (seed 0) =====
2026-08-23 09:19:04 | Epoch   1/100 | Train Loss 1.9542 | Val Loss 1.9069 Acc 0.4539 AUC 0.9091 Pre 0.2552 Rec 0.2889
2026-08-23 09:19:04 |   Val AUC improved to 0.9091, model saved
2026-08-23 09:19:04 | Epoch   2/100 | Train Loss 1.9053 | Val Loss 1.7937 Acc 0.3026 AUC 0.8800 Pre 0.0432 Rec 0.1429
2026-08-23 09:19:04 | Epoch   3/100 | Train Loss 1.7889 | Val Loss 1.6930 Acc 0.3026 AUC 0.8400 Pre 0.0432 Rec 0.1429
2026-08-23 09:19:04 | Epoch   4/100 | Train Loss 1.6884 | Val Loss 1.5509 Acc 0.3100 AUC 0.9059 Pre 0.1864 Rec 0.1497
2026-08-23 09:19:04 | Epoch   5/100 | Train Loss 1.5346 | Val Loss 1.3737 Acc 0.5074 AUC 0.9416 Pre 0.4608 Rec 0.3328
2026-08-23 09:19:04 |   Val AUC improved to 0.9416, model saved
2026-08-23 09:19:04 | Epoch   6/100 | Train Loss 1.3424 | Val Loss 1.1924 Acc 0.6845 AUC 0.9543 Pre 0.5426 Rec 0.5275
2026-08-23 09:19:04 |   Val AUC improved to 0.9543, model saved
2026-08-23 09:19:04 | Epoch   7/100 | Train Loss 1.1474 | Val Loss 1.0021 Acc 0.7306 AUC 0.9607 Pre 0.5329 Rec 0.5838
2026-08-23 09:19:04 |   Val AUC improved to 0.9607, model saved
2026-08-23 09:19:04 | Epoch   8/100 | Train Loss 0.9444 | Val Loss 0.8386 Acc 0.7565 AUC 0.9625 Pre 0.6884 Rec 0.6154
2026-08-23 09:19:04 |   Val AUC improved to 0.9625, model saved
2026-08-23 09:19:04 | Epoch   9/100 | Train Loss 0.7670 | Val Loss 0.7246 Acc 0.7546 AUC 0.9643 Pre 0.6816 Rec 0.6188
2026-08-23 09:19:04 |   Val AUC improved to 0.9643, model saved
2026-08-23 09:19:04 | Epoch  10/100 | Train Loss 0.6282 | Val Loss 0.6423 Acc 0.7860 AUC 0.9671 Pre 0.8395 Rec 0.6689
2026-08-23 09:19:04 |   Val AUC improved to 0.9671, model saved
2026-08-23 09:19:04 | Epoch  11/100 | Train Loss 0.5225 | Val Loss 0.5871 Acc 0.8007 AUC 0.9700 Pre 0.8469 Rec 0.7012
2026-08-23 09:19:04 |   Val AUC improved to 0.9700, model saved
2026-08-23 09:19:04 | Epoch  12/100 | Train Loss 0.4396 | Val Loss 0.5538 Acc 0.8210 AUC 0.9723 Pre 0.8487 Rec 0.7505
2026-08-23 09:19:04 |   Val AUC improved to 0.9723, model saved
2026-08-23 09:19:04 | Epoch  13/100 | Train Loss 0.3701 | Val Loss 0.5330 Acc 0.8579 AUC 0.9736 Pre 0.8402 Rec 0.8292
2026-08-23 09:19:04 |   Val AUC improved to 0.9736, model saved
2026-08-23 09:19:04 | Epoch  14/100 | Train Loss 0.3091 | Val Loss 0.5401 Acc 0.8635 AUC 0.9744 Pre 0.8356 Rec 0.8493
2026-08-23 09:19:04 |   Val AUC improved to 0.9744, model saved
2026-08-23 09:19:04 | Epoch  15/100 | Train Loss 0.2621 | Val Loss 0.5743 Acc 0.8616 AUC 0.9743 Pre 0.8387 Rec 0.8520
2026-08-23 09:19:04 | Epoch  16/100 | Train Loss 0.2419 | Val Loss 0.6024 Acc 0.8672 AUC 0.9741 Pre 0.8441 Rec 0.8499
2026-08-23 09:19:04 | Epoch  17/100 | Train Loss 0.2128 | Val Loss 0.6361 Acc 0.8635 AUC 0.9739 Pre 0.8417 Rec 0.8436
2026-08-23 09:19:04 | Epoch  18/100 | Train Loss 0.1866 | Val Loss 0.6808 Acc 0.8635 AUC 0.9740 Pre 0.8486 Rec 0.8448
2026-08-23 09:19:04 | Epoch  19/100 | Train Loss 0.1646 | Val Loss 0.7344 Acc 0.8635 AUC 0.9741 Pre 0.8581 Rec 0.8450
2026-08-23 09:19:04 | Epoch  20/100 | Train Loss 0.1552 | Val Loss 0.7915 Acc 0.8690 AUC 0.9741 Pre 0.8647 Rec 0.8527
2026-08-23 09:19:04 | Epoch  21/100 | Train Loss 0.1401 | Val Loss 0.8341 Acc 0.8598 AUC 0.9737 Pre 0.8513 Rec 0.8457
2026-08-23 09:19:04 | Epoch  22/100 | Train Loss 0.1301 | Val Loss 0.8745 Acc 0.8561 AUC 0.9735 Pre 0.8439 Rec 0.8420
2026-08-23 09:19:04 | Epoch  23/100 | Train Loss 0.1083 | Val Loss 0.9159 Acc 0.8561 AUC 0.9731 Pre 0.8456 Rec 0.8420
2026-08-23 09:19:04 | Epoch  24/100 | Train Loss 0.0970 | Val Loss 0.9507 Acc 0.8598 AUC 0.9726 Pre 0.8506 Rec 0.8477
2026-08-23 09:19:04 | Val AUC did not improve for 10 consecutive epochs, early stopping at Epoch 24 (best AUC 0.9744 @ Epoch 14)
2026-08-23 09:19:04 | Run 1/10 | Test (best model @ Epoch 14) | Loss 0.5065 Acc 0.8782 AUC 0.9789 Pre 0.8575 Rec 0.8728
2026-08-23 09:19:04 | ===== Run 2/10 (seed 1) =====
2026-08-23 09:19:04 | Epoch   1/100 | Train Loss 1.9356 | Val Loss 1.8872 Acc 0.3026 AUC 0.9061 Pre 0.0432 Rec 0.1429
2026-08-23 09:19:04 |   Val AUC improved to 0.9061, model saved
2026-08-23 09:19:04 | Epoch   2/100 | Train Loss 1.8855 | Val Loss 1.7769 Acc 0.3026 AUC 0.8747 Pre 0.0432 Rec 0.1429
2026-08-23 09:19:04 | Epoch   3/100 | Train Loss 1.7730 | Val Loss 1.6981 Acc 0.3026 AUC 0.8408 Pre 0.0432 Rec 0.1429
2026-08-23 09:19:04 | Epoch   4/100 | Train Loss 1.6942 | Val Loss 1.5396 Acc 0.3026 AUC 0.9167 Pre 0.0432 Rec 0.1429
2026-08-23 09:19:05 |   Val AUC improved to 0.9167, model saved
2026-08-23 09:19:05 | Epoch   5/100 | Train Loss 1.5246 | Val Loss 1.3840 Acc 0.5240 AUC 0.9444 Pre 0.5596 Rec 0.3491
2026-08-23 09:19:05 |   Val AUC improved to 0.9444, model saved
2026-08-23 09:19:05 | Epoch   6/100 | Train Loss 1.3573 | Val Loss 1.2088 Acc 0.6993 AUC 0.9541 Pre 0.5315 Rec 0.5475
2026-08-23 09:19:05 |   Val AUC improved to 0.9541, model saved
2026-08-23 09:19:05 | Epoch   7/100 | Train Loss 1.1683 | Val Loss 1.0129 Acc 0.7343 AUC 0.9581 Pre 0.5368 Rec 0.5918
2026-08-23 09:19:05 |   Val AUC improved to 0.9581, model saved
2026-08-23 09:19:05 | Epoch   8/100 | Train Loss 0.9621 | Val Loss 0.8480 Acc 0.7509 AUC 0.9596 Pre 0.6889 Rec 0.6126
2026-08-23 09:19:05 |   Val AUC improved to 0.9596, model saved
2026-08-23 09:19:05 | Epoch   9/100 | Train Loss 0.7794 | Val Loss 0.7363 Acc 0.7583 AUC 0.9623 Pre 0.6851 Rec 0.6253
2026-08-23 09:19:05 |   Val AUC improved to 0.9623, model saved
2026-08-23 09:19:05 | Epoch  10/100 | Train Loss 0.6440 | Val Loss 0.6584 Acc 0.7768 AUC 0.9655 Pre 0.8352 Rec 0.6530
2026-08-23 09:19:05 |   Val AUC improved to 0.9655, model saved
2026-08-23 09:19:05 | Epoch  11/100 | Train Loss 0.5435 | Val Loss 0.6051 Acc 0.7786 AUC 0.9685 Pre 0.8321 Rec 0.6701
2026-08-23 09:19:05 |   Val AUC improved to 0.9685, model saved
2026-08-23 09:19:05 | Epoch  12/100 | Train Loss 0.4652 | Val Loss 0.5635 Acc 0.8284 AUC 0.9702 Pre 0.8500 Rec 0.7685
2026-08-23 09:19:05 |   Val AUC improved to 0.9702, model saved
2026-08-23 09:19:05 | Epoch  13/100 | Train Loss 0.3873 | Val Loss 0.5299 Acc 0.8561 AUC 0.9722 Pre 0.8441 Rec 0.8254
2026-08-23 09:19:05 |   Val AUC improved to 0.9722, model saved
2026-08-23 09:19:05 | Epoch  14/100 | Train Loss 0.3146 | Val Loss 0.5268 Acc 0.8672 AUC 0.9735 Pre 0.8423 Rec 0.8475
2026-08-23 09:19:05 |   Val AUC improved to 0.9735, model saved
2026-08-23 09:19:05 | Epoch  15/100 | Train Loss 0.2673 | Val Loss 0.5570 Acc 0.8616 AUC 0.9741 Pre 0.8382 Rec 0.8478
2026-08-23 09:19:05 |   Val AUC improved to 0.9741, model saved
2026-08-23 09:19:05 | Epoch  16/100 | Train Loss 0.2443 | Val Loss 0.5838 Acc 0.8653 AUC 0.9747 Pre 0.8406 Rec 0.8515
2026-08-23 09:19:05 |   Val AUC improved to 0.9747, model saved
2026-08-23 09:19:05 | Epoch  17/100 | Train Loss 0.2201 | Val Loss 0.6030 Acc 0.8653 AUC 0.9752 Pre 0.8404 Rec 0.8480
2026-08-23 09:19:05 |   Val AUC improved to 0.9752, model saved
2026-08-23 09:19:05 | Epoch  18/100 | Train Loss 0.1900 | Val Loss 0.6406 Acc 0.8635 AUC 0.9755 Pre 0.8419 Rec 0.8443
2026-08-23 09:19:05 |   Val AUC improved to 0.9755, model saved
2026-08-23 09:19:05 | Epoch  19/100 | Train Loss 0.1710 | Val Loss 0.6889 Acc 0.8616 AUC 0.9756 Pre 0.8488 Rec 0.8429
2026-08-23 09:19:05 |   Val AUC improved to 0.9756, model saved
2026-08-23 09:19:05 | Epoch  20/100 | Train Loss 0.1523 | Val Loss 0.7492 Acc 0.8635 AUC 0.9752 Pre 0.8583 Rec 0.8450
2026-08-23 09:19:05 | Epoch  21/100 | Train Loss 0.1438 | Val Loss 0.7982 Acc 0.8598 AUC 0.9750 Pre 0.8551 Rec 0.8408
2026-08-23 09:19:05 | Epoch  22/100 | Train Loss 0.1252 | Val Loss 0.8344 Acc 0.8579 AUC 0.9746 Pre 0.8486 Rec 0.8381
2026-08-23 09:19:05 | Epoch  23/100 | Train Loss 0.1106 | Val Loss 0.8678 Acc 0.8598 AUC 0.9743 Pre 0.8468 Rec 0.8460
2026-08-23 09:19:05 | Epoch  24/100 | Train Loss 0.0968 | Val Loss 0.8989 Acc 0.8542 AUC 0.9740 Pre 0.8405 Rec 0.8380
2026-08-23 09:19:05 | Epoch  25/100 | Train Loss 0.0844 | Val Loss 0.9321 Acc 0.8579 AUC 0.9736 Pre 0.8447 Rec 0.8444
2026-08-23 09:19:05 | Epoch  26/100 | Train Loss 0.0792 | Val Loss 0.9630 Acc 0.8616 AUC 0.9733 Pre 0.8474 Rec 0.8497
2026-08-23 09:19:05 | Epoch  27/100 | Train Loss 0.0761 | Val Loss 0.9889 Acc 0.8653 AUC 0.9728 Pre 0.8522 Rec 0.8545
2026-08-23 09:19:05 | Epoch  28/100 | Train Loss 0.0697 | Val Loss 1.0157 Acc 0.8690 AUC 0.9725 Pre 0.8542 Rec 0.8585
2026-08-23 09:19:05 | Epoch  29/100 | Train Loss 0.0621 | Val Loss 1.0495 Acc 0.8672 AUC 0.9722 Pre 0.8559 Rec 0.8536
2026-08-23 09:19:05 | Val AUC did not improve for 10 consecutive epochs, early stopping at Epoch 29 (best AUC 0.9756 @ Epoch 19)
2026-08-23 09:19:05 | Run 2/10 | Test (best model @ Epoch 19) | Loss 0.6050 Acc 0.8838 AUC 0.9806 Pre 0.8793 Rec 0.8742
2026-08-23 09:19:05 | ===== Run 3/10 (seed 2) =====
2026-08-23 09:19:05 | Epoch   1/100 | Train Loss 1.9521 | Val Loss 1.9050 Acc 0.5000 AUC 0.9146 Pre 0.2491 Rec 0.3347
2026-08-23 09:19:05 |   Val AUC improved to 0.9146, model saved
2026-08-23 09:19:05 | Epoch   2/100 | Train Loss 1.9034 | Val Loss 1.7926 Acc 0.3026 AUC 0.8945 Pre 0.0432 Rec 0.1429
2026-08-23 09:19:05 | Epoch   3/100 | Train Loss 1.7893 | Val Loss 1.6850 Acc 0.3026 AUC 0.8711 Pre 0.0432 Rec 0.1429
2026-08-23 09:19:05 | Epoch   4/100 | Train Loss 1.6798 | Val Loss 1.5427 Acc 0.3026 AUC 0.9173 Pre 0.0432 Rec 0.1429
2026-08-23 09:19:05 |   Val AUC improved to 0.9173, model saved
2026-08-23 09:19:05 | Epoch   5/100 | Train Loss 1.5269 | Val Loss 1.3553 Acc 0.5055 AUC 0.9449 Pre 0.6028 Rec 0.3334
2026-08-23 09:19:05 |   Val AUC improved to 0.9449, model saved
2026-08-23 09:19:05 | Epoch   6/100 | Train Loss 1.3226 | Val Loss 1.1636 Acc 0.7325 AUC 0.9573 Pre 0.5534 Rec 0.5916
2026-08-23 09:19:05 |   Val AUC improved to 0.9573, model saved
2026-08-23 09:19:05 | Epoch   7/100 | Train Loss 1.1151 | Val Loss 0.9599 Acc 0.7546 AUC 0.9623 Pre 0.6826 Rec 0.6258
2026-08-23 09:19:05 |   Val AUC improved to 0.9623, model saved
2026-08-23 09:19:05 | Epoch   8/100 | Train Loss 0.8977 | Val Loss 0.7864 Acc 0.7583 AUC 0.9649 Pre 0.6780 Rec 0.6324
2026-08-23 09:19:05 |   Val AUC improved to 0.9649, model saved
2026-08-23 09:19:05 | Epoch   9/100 | Train Loss 0.7037 | Val Loss 0.6757 Acc 0.7675 AUC 0.9670 Pre 0.8295 Rec 0.6486
2026-08-23 09:19:05 |   Val AUC improved to 0.9670, model saved
2026-08-23 09:19:05 | Epoch  10/100 | Train Loss 0.5681 | Val Loss 0.6078 Acc 0.7915 AUC 0.9694 Pre 0.8417 Rec 0.6888
2026-08-23 09:19:05 |   Val AUC improved to 0.9694, model saved
2026-08-23 09:19:05 | Epoch  11/100 | Train Loss 0.4683 | Val Loss 0.5607 Acc 0.8247 AUC 0.9715 Pre 0.8583 Rec 0.7525
2026-08-23 09:19:05 |   Val AUC improved to 0.9715, model saved
2026-08-23 09:19:05 | Epoch  12/100 | Train Loss 0.3883 | Val Loss 0.5294 Acc 0.8616 AUC 0.9731 Pre 0.8679 Rec 0.8288
2026-08-23 09:19:05 |   Val AUC improved to 0.9731, model saved
2026-08-23 09:19:05 | Epoch  13/100 | Train Loss 0.3223 | Val Loss 0.5242 Acc 0.8635 AUC 0.9744 Pre 0.8390 Rec 0.8419
2026-08-23 09:19:05 |   Val AUC improved to 0.9744, model saved
2026-08-23 09:19:05 | Epoch  14/100 | Train Loss 0.2726 | Val Loss 0.5515 Acc 0.8653 AUC 0.9749 Pre 0.8430 Rec 0.8478
2026-08-23 09:19:05 |   Val AUC improved to 0.9749, model saved
2026-08-23 09:19:05 | Epoch  15/100 | Train Loss 0.2461 | Val Loss 0.5787 Acc 0.8672 AUC 0.9751 Pre 0.8454 Rec 0.8495
2026-08-23 09:19:05 |   Val AUC improved to 0.9751, model saved
2026-08-23 09:19:05 | Epoch  16/100 | Train Loss 0.2185 | Val Loss 0.6067 Acc 0.8708 AUC 0.9750 Pre 0.8524 Rec 0.8509
2026-08-23 09:19:05 | Epoch  17/100 | Train Loss 0.1884 | Val Loss 0.6513 Acc 0.8672 AUC 0.9752 Pre 0.8573 Rec 0.8479
2026-08-23 09:19:05 |   Val AUC improved to 0.9752, model saved
2026-08-23 09:19:05 | Epoch  18/100 | Train Loss 0.1708 | Val Loss 0.7059 Acc 0.8635 AUC 0.9753 Pre 0.8563 Rec 0.8442
2026-08-23 09:19:05 |   Val AUC improved to 0.9753, model saved
2026-08-23 09:19:05 | Epoch  19/100 | Train Loss 0.1558 | Val Loss 0.7647 Acc 0.8672 AUC 0.9750 Pre 0.8612 Rec 0.8507
2026-08-23 09:19:05 | Epoch  20/100 | Train Loss 0.1406 | Val Loss 0.8171 Acc 0.8579 AUC 0.9746 Pre 0.8501 Rec 0.8420
2026-08-23 09:19:05 | Epoch  21/100 | Train Loss 0.1218 | Val Loss 0.8641 Acc 0.8616 AUC 0.9739 Pre 0.8558 Rec 0.8473
2026-08-23 09:19:05 | Epoch  22/100 | Train Loss 0.1113 | Val Loss 0.9105 Acc 0.8598 AUC 0.9734 Pre 0.8499 Rec 0.8472
2026-08-23 09:19:05 | Epoch  23/100 | Train Loss 0.0949 | Val Loss 0.9578 Acc 0.8616 AUC 0.9729 Pre 0.8518 Rec 0.8482
2026-08-23 09:19:05 | Epoch  24/100 | Train Loss 0.0874 | Val Loss 0.9998 Acc 0.8598 AUC 0.9725 Pre 0.8495 Rec 0.8465
2026-08-23 09:19:05 | Epoch  25/100 | Train Loss 0.0814 | Val Loss 1.0260 Acc 0.8672 AUC 0.9723 Pre 0.8547 Rec 0.8534
2026-08-23 09:19:05 | Epoch  26/100 | Train Loss 0.0710 | Val Loss 1.0523 Acc 0.8616 AUC 0.9719 Pre 0.8455 Rec 0.8447
2026-08-23 09:19:05 | Epoch  27/100 | Train Loss 0.0659 | Val Loss 1.0846 Acc 0.8616 AUC 0.9718 Pre 0.8498 Rec 0.8454
2026-08-23 09:19:05 | Epoch  28/100 | Train Loss 0.0582 | Val Loss 1.1239 Acc 0.8690 AUC 0.9716 Pre 0.8604 Rec 0.8535
2026-08-23 09:19:05 | Val AUC did not improve for 10 consecutive epochs, early stopping at Epoch 28 (best AUC 0.9753 @ Epoch 18)
2026-08-23 09:19:05 | Run 3/10 | Test (best model @ Epoch 18) | Loss 0.6311 Acc 0.8727 AUC 0.9801 Pre 0.8681 Rec 0.8587
2026-08-23 09:19:05 | ===== Run 4/10 (seed 3) =====
2026-08-23 09:19:05 | Epoch   1/100 | Train Loss 1.9346 | Val Loss 1.8875 Acc 0.3026 AUC 0.9173 Pre 0.0432 Rec 0.1429
2026-08-23 09:19:05 |   Val AUC improved to 0.9173, model saved
2026-08-23 09:19:05 | Epoch   2/100 | Train Loss 1.8863 | Val Loss 1.7781 Acc 0.3026 AUC 0.8929 Pre 0.0432 Rec 0.1429
2026-08-23 09:19:05 | Epoch   3/100 | Train Loss 1.7751 | Val Loss 1.6796 Acc 0.3026 AUC 0.8672 Pre 0.0432 Rec 0.1429
2026-08-23 09:19:05 | Epoch   4/100 | Train Loss 1.6773 | Val Loss 1.5246 Acc 0.3026 AUC 0.9228 Pre 0.0432 Rec 0.1429
2026-08-23 09:19:05 |   Val AUC improved to 0.9228, model saved
2026-08-23 09:19:05 | Epoch   5/100 | Train Loss 1.5090 | Val Loss 1.3479 Acc 0.5351 AUC 0.9476 Pre 0.4324 Rec 0.3588
2026-08-23 09:19:05 |   Val AUC improved to 0.9476, model saved
2026-08-23 09:19:05 | Epoch   6/100 | Train Loss 1.3200 | Val Loss 1.1625 Acc 0.7066 AUC 0.9567 Pre 0.5470 Rec 0.5531
2026-08-23 09:19:05 |   Val AUC improved to 0.9567, model saved
2026-08-23 09:19:05 | Epoch   7/100 | Train Loss 1.1203 | Val Loss 0.9672 Acc 0.7472 AUC 0.9607 Pre 0.6938 Rec 0.6076
2026-08-23 09:19:05 |   Val AUC improved to 0.9607, model saved
2026-08-23 09:19:05 | Epoch   8/100 | Train Loss 0.9107 | Val Loss 0.8038 Acc 0.7638 AUC 0.9625 Pre 0.8399 Rec 0.6329
2026-08-23 09:19:05 |   Val AUC improved to 0.9625, model saved
2026-08-23 09:19:05 | Epoch   9/100 | Train Loss 0.7279 | Val Loss 0.6899 Acc 0.7897 AUC 0.9653 Pre 0.8532 Rec 0.6784
2026-08-23 09:19:05 |   Val AUC improved to 0.9653, model saved
2026-08-23 09:19:05 | Epoch  10/100 | Train Loss 0.5904 | Val Loss 0.6114 Acc 0.8044 AUC 0.9682 Pre 0.8493 Rec 0.7135
2026-08-23 09:19:05 |   Val AUC improved to 0.9682, model saved
2026-08-23 09:19:05 | Epoch  11/100 | Train Loss 0.4853 | Val Loss 0.5602 Acc 0.8339 AUC 0.9705 Pre 0.8557 Rec 0.7798
2026-08-23 09:19:05 |   Val AUC improved to 0.9705, model saved
2026-08-23 09:19:05 | Epoch  12/100 | Train Loss 0.4030 | Val Loss 0.5250 Acc 0.8561 AUC 0.9728 Pre 0.8490 Rec 0.8254
2026-08-23 09:19:05 |   Val AUC improved to 0.9728, model saved
2026-08-23 09:19:05 | Epoch  13/100 | Train Loss 0.3303 | Val Loss 0.5129 Acc 0.8598 AUC 0.9748 Pre 0.8313 Rec 0.8365
2026-08-23 09:19:05 |   Val AUC improved to 0.9748, model saved
2026-08-23 09:19:05 | Epoch  14/100 | Train Loss 0.2734 | Val Loss 0.5343 Acc 0.8616 AUC 0.9758 Pre 0.8362 Rec 0.8454
2026-08-23 09:19:05 |   Val AUC improved to 0.9758, model saved
2026-08-23 09:19:05 | Epoch  15/100 | Train Loss 0.2406 | Val Loss 0.5706 Acc 0.8635 AUC 0.9756 Pre 0.8447 Rec 0.8455
2026-08-23 09:19:05 | Epoch  16/100 | Train Loss 0.2220 | Val Loss 0.5981 Acc 0.8672 AUC 0.9758 Pre 0.8480 Rec 0.8472
2026-08-23 09:19:05 | Epoch  17/100 | Train Loss 0.1952 | Val Loss 0.6316 Acc 0.8672 AUC 0.9761 Pre 0.8517 Rec 0.8495
2026-08-23 09:19:05 |   Val AUC improved to 0.9761, model saved
2026-08-23 09:19:05 | Epoch  18/100 | Train Loss 0.1767 | Val Loss 0.6752 Acc 0.8690 AUC 0.9763 Pre 0.8579 Rec 0.8516
2026-08-23 09:19:05 |   Val AUC improved to 0.9763, model saved
2026-08-23 09:19:05 | Epoch  19/100 | Train Loss 0.1591 | Val Loss 0.7287 Acc 0.8653 AUC 0.9762 Pre 0.8582 Rec 0.8471
2026-08-23 09:19:05 | Epoch  20/100 | Train Loss 0.1494 | Val Loss 0.7797 Acc 0.8672 AUC 0.9760 Pre 0.8610 Rec 0.8488
2026-08-23 09:19:05 | Epoch  21/100 | Train Loss 0.1316 | Val Loss 0.8286 Acc 0.8616 AUC 0.9756 Pre 0.8544 Rec 0.8457
2026-08-23 09:19:05 | Epoch  22/100 | Train Loss 0.1131 | Val Loss 0.8698 Acc 0.8616 AUC 0.9751 Pre 0.8501 Rec 0.8487
2026-08-23 09:19:05 | Epoch  23/100 | Train Loss 0.0987 | Val Loss 0.9077 Acc 0.8598 AUC 0.9745 Pre 0.8483 Rec 0.8470
2026-08-23 09:19:05 | Epoch  24/100 | Train Loss 0.0917 | Val Loss 0.9434 Acc 0.8616 AUC 0.9739 Pre 0.8501 Rec 0.8485
2026-08-23 09:19:05 | Epoch  25/100 | Train Loss 0.0781 | Val Loss 0.9818 Acc 0.8598 AUC 0.9734 Pre 0.8497 Rec 0.8465
2026-08-23 09:19:05 | Epoch  26/100 | Train Loss 0.0739 | Val Loss 1.0154 Acc 0.8635 AUC 0.9731 Pre 0.8514 Rec 0.8506
2026-08-23 09:19:05 | Epoch  27/100 | Train Loss 0.0708 | Val Loss 1.0374 Acc 0.8653 AUC 0.9728 Pre 0.8541 Rec 0.8556
2026-08-23 09:19:05 | Epoch  28/100 | Train Loss 0.0665 | Val Loss 1.0602 Acc 0.8653 AUC 0.9726 Pre 0.8522 Rec 0.8518
2026-08-23 09:19:05 | Val AUC did not improve for 10 consecutive epochs, early stopping at Epoch 28 (best AUC 0.9763 @ Epoch 18)
2026-08-23 09:19:05 | Run 4/10 | Test (best model @ Epoch 18) | Loss 0.6190 Acc 0.8727 AUC 0.9802 Pre 0.8712 Rec 0.8627
2026-08-23 09:19:05 | ===== Run 5/10 (seed 4) =====
2026-08-23 09:19:05 | Epoch   1/100 | Train Loss 1.9530 | Val Loss 1.9055 Acc 0.4926 AUC 0.9213 Pre 0.2625 Rec 0.3270
2026-08-23 09:19:05 |   Val AUC improved to 0.9213, model saved
2026-08-23 09:19:05 | Epoch   2/100 | Train Loss 1.9036 | Val Loss 1.7892 Acc 0.3026 AUC 0.8931 Pre 0.0432 Rec 0.1429
2026-08-23 09:19:05 | Epoch   3/100 | Train Loss 1.7848 | Val Loss 1.6748 Acc 0.3026 AUC 0.8588 Pre 0.0432 Rec 0.1429
2026-08-23 09:19:05 | Epoch   4/100 | Train Loss 1.6686 | Val Loss 1.5220 Acc 0.3137 AUC 0.9122 Pre 0.1866 Rec 0.1531
2026-08-23 09:19:05 | Epoch   5/100 | Train Loss 1.5039 | Val Loss 1.3241 Acc 0.5387 AUC 0.9433 Pre 0.5722 Rec 0.3640
2026-08-23 09:19:05 |   Val AUC improved to 0.9433, model saved
2026-08-23 09:19:05 | Epoch   6/100 | Train Loss 1.2918 | Val Loss 1.1325 Acc 0.7288 AUC 0.9546 Pre 0.5414 Rec 0.5839
2026-08-23 09:19:05 |   Val AUC improved to 0.9546, model saved
2026-08-23 09:19:05 | Epoch   7/100 | Train Loss 1.0892 | Val Loss 0.9433 Acc 0.7565 AUC 0.9596 Pre 0.5473 Rec 0.6201
2026-08-23 09:19:05 |   Val AUC improved to 0.9596, model saved
2026-08-23 09:19:05 | Epoch   8/100 | Train Loss 0.8890 | Val Loss 0.7900 Acc 0.7583 AUC 0.9627 Pre 0.5437 Rec 0.6237
2026-08-23 09:19:05 |   Val AUC improved to 0.9627, model saved
2026-08-23 09:19:05 | Epoch   9/100 | Train Loss 0.7159 | Val Loss 0.6956 Acc 0.7657 AUC 0.9651 Pre 0.6891 Rec 0.6339
2026-08-23 09:19:05 |   Val AUC improved to 0.9651, model saved
2026-08-23 09:19:06 | Epoch  10/100 | Train Loss 0.5956 | Val Loss 0.6349 Acc 0.7897 AUC 0.9676 Pre 0.8421 Rec 0.6770
2026-08-23 09:19:06 |   Val AUC improved to 0.9676, model saved
2026-08-23 09:19:06 | Epoch  11/100 | Train Loss 0.5044 | Val Loss 0.5884 Acc 0.8137 AUC 0.9697 Pre 0.8447 Rec 0.7249
2026-08-23 09:19:06 |   Val AUC improved to 0.9697, model saved
2026-08-23 09:19:06 | Epoch  12/100 | Train Loss 0.4267 | Val Loss 0.5530 Acc 0.8542 AUC 0.9715 Pre 0.8722 Rec 0.8076
2026-08-23 09:19:06 |   Val AUC improved to 0.9715, model saved
2026-08-23 09:19:06 | Epoch  13/100 | Train Loss 0.3571 | Val Loss 0.5323 Acc 0.8653 AUC 0.9731 Pre 0.8524 Rec 0.8382
2026-08-23 09:19:06 |   Val AUC improved to 0.9731, model saved
2026-08-23 09:19:06 | Epoch  14/100 | Train Loss 0.2966 | Val Loss 0.5406 Acc 0.8616 AUC 0.9745 Pre 0.8363 Rec 0.8457
2026-08-23 09:19:06 |   Val AUC improved to 0.9745, model saved
2026-08-23 09:19:06 | Epoch  15/100 | Train Loss 0.2559 | Val Loss 0.5721 Acc 0.8635 AUC 0.9753 Pre 0.8383 Rec 0.8500
2026-08-23 09:19:06 |   Val AUC improved to 0.9753, model saved
2026-08-23 09:19:06 | Epoch  16/100 | Train Loss 0.2351 | Val Loss 0.6007 Acc 0.8653 AUC 0.9752 Pre 0.8400 Rec 0.8494
2026-08-23 09:19:06 | Epoch  17/100 | Train Loss 0.2089 | Val Loss 0.6388 Acc 0.8635 AUC 0.9748 Pre 0.8407 Rec 0.8474
2026-08-23 09:19:06 | Epoch  18/100 | Train Loss 0.1826 | Val Loss 0.6868 Acc 0.8616 AUC 0.9748 Pre 0.8443 Rec 0.8415
2026-08-23 09:19:06 | Epoch  19/100 | Train Loss 0.1597 | Val Loss 0.7466 Acc 0.8598 AUC 0.9748 Pre 0.8531 Rec 0.8377
2026-08-23 09:19:06 | Epoch  20/100 | Train Loss 0.1449 | Val Loss 0.8049 Acc 0.8598 AUC 0.9746 Pre 0.8542 Rec 0.8398
2026-08-23 09:19:06 | Epoch  21/100 | Train Loss 0.1331 | Val Loss 0.8498 Acc 0.8579 AUC 0.9743 Pre 0.8511 Rec 0.8415
2026-08-23 09:19:06 | Epoch  22/100 | Train Loss 0.1155 | Val Loss 0.8899 Acc 0.8579 AUC 0.9739 Pre 0.8487 Rec 0.8427
2026-08-23 09:19:06 | Epoch  23/100 | Train Loss 0.1009 | Val Loss 0.9274 Acc 0.8635 AUC 0.9738 Pre 0.8537 Rec 0.8489
2026-08-23 09:19:06 | Epoch  24/100 | Train Loss 0.0899 | Val Loss 0.9622 Acc 0.8672 AUC 0.9734 Pre 0.8552 Rec 0.8553
2026-08-23 09:19:06 | Epoch  25/100 | Train Loss 0.0810 | Val Loss 0.9966 Acc 0.8672 AUC 0.9731 Pre 0.8550 Rec 0.8540
2026-08-23 09:19:06 | Val AUC did not improve for 10 consecutive epochs, early stopping at Epoch 25 (best AUC 0.9753 @ Epoch 15)
2026-08-23 09:19:06 | Run 5/10 | Test (best model @ Epoch 15) | Loss 0.5391 Acc 0.8764 AUC 0.9791 Pre 0.8598 Rec 0.8753
2026-08-23 09:19:06 | ===== Run 6/10 (seed 5) =====
2026-08-23 09:19:06 | Epoch   1/100 | Train Loss 1.9390 | Val Loss 1.8913 Acc 0.3026 AUC 0.9222 Pre 0.0432 Rec 0.1429
2026-08-23 09:19:06 |   Val AUC improved to 0.9222, model saved
2026-08-23 09:19:06 | Epoch   2/100 | Train Loss 1.8898 | Val Loss 1.7787 Acc 0.3026 AUC 0.8956 Pre 0.0432 Rec 0.1429
2026-08-23 09:19:06 | Epoch   3/100 | Train Loss 1.7754 | Val Loss 1.6806 Acc 0.3026 AUC 0.8528 Pre 0.0432 Rec 0.1429
2026-08-23 09:19:06 | Epoch   4/100 | Train Loss 1.6764 | Val Loss 1.5233 Acc 0.3026 AUC 0.9183 Pre 0.0432 Rec 0.1429
2026-08-23 09:19:06 | Epoch   5/100 | Train Loss 1.5065 | Val Loss 1.3456 Acc 0.5406 AUC 0.9455 Pre 0.6037 Rec 0.3653
2026-08-23 09:19:06 |   Val AUC improved to 0.9455, model saved
2026-08-23 09:19:06 | Epoch   6/100 | Train Loss 1.3154 | Val Loss 1.1587 Acc 0.7122 AUC 0.9563 Pre 0.5454 Rec 0.5605
2026-08-23 09:19:06 |   Val AUC improved to 0.9563, model saved
2026-08-23 09:19:06 | Epoch   7/100 | Train Loss 1.1149 | Val Loss 0.9606 Acc 0.7343 AUC 0.9615 Pre 0.5301 Rec 0.5901
2026-08-23 09:19:06 |   Val AUC improved to 0.9615, model saved
2026-08-23 09:19:06 | Epoch   8/100 | Train Loss 0.9004 | Val Loss 0.7970 Acc 0.7638 AUC 0.9636 Pre 0.6847 Rec 0.6276
2026-08-23 09:19:06 |   Val AUC improved to 0.9636, model saved
2026-08-23 09:19:06 | Epoch   9/100 | Train Loss 0.7176 | Val Loss 0.6890 Acc 0.7712 AUC 0.9653 Pre 0.6838 Rec 0.6464
2026-08-23 09:19:06 |   Val AUC improved to 0.9653, model saved
2026-08-23 09:19:06 | Epoch  10/100 | Train Loss 0.5860 | Val Loss 0.6189 Acc 0.7970 AUC 0.9682 Pre 0.8425 Rec 0.6916
2026-08-23 09:19:06 |   Val AUC improved to 0.9682, model saved
2026-08-23 09:19:06 | Epoch  11/100 | Train Loss 0.4889 | Val Loss 0.5738 Acc 0.8081 AUC 0.9708 Pre 0.8424 Rec 0.7208
2026-08-23 09:19:06 |   Val AUC improved to 0.9708, model saved
2026-08-23 09:19:06 | Epoch  12/100 | Train Loss 0.4113 | Val Loss 0.5423 Acc 0.8266 AUC 0.9729 Pre 0.8414 Rec 0.7566
2026-08-23 09:19:06 |   Val AUC improved to 0.9729, model saved
2026-08-23 09:19:06 | Epoch  13/100 | Train Loss 0.3434 | Val Loss 0.5282 Acc 0.8598 AUC 0.9740 Pre 0.8485 Rec 0.8366
2026-08-23 09:19:06 |   Val AUC improved to 0.9740, model saved
2026-08-23 09:19:06 | Epoch  14/100 | Train Loss 0.2821 | Val Loss 0.5493 Acc 0.8672 AUC 0.9741 Pre 0.8442 Rec 0.8526
2026-08-23 09:19:06 |   Val AUC improved to 0.9741, model saved
2026-08-23 09:19:06 | Epoch  15/100 | Train Loss 0.2519 | Val Loss 0.5882 Acc 0.8616 AUC 0.9742 Pre 0.8385 Rec 0.8489
2026-08-23 09:19:06 |   Val AUC improved to 0.9742, model saved
2026-08-23 09:19:06 | Epoch  16/100 | Train Loss 0.2324 | Val Loss 0.6194 Acc 0.8616 AUC 0.9743 Pre 0.8372 Rec 0.8466
2026-08-23 09:19:06 |   Val AUC improved to 0.9743, model saved
2026-08-23 09:19:06 | Epoch  17/100 | Train Loss 0.2006 | Val Loss 0.6552 Acc 0.8653 AUC 0.9745 Pre 0.8434 Rec 0.8507
2026-08-23 09:19:06 |   Val AUC improved to 0.9745, model saved
2026-08-23 09:19:06 | Epoch  18/100 | Train Loss 0.1711 | Val Loss 0.7056 Acc 0.8672 AUC 0.9742 Pre 0.8513 Rec 0.8508
2026-08-23 09:19:06 | Epoch  19/100 | Train Loss 0.1554 | Val Loss 0.7708 Acc 0.8579 AUC 0.9737 Pre 0.8480 Rec 0.8386
2026-08-23 09:19:06 | Epoch  20/100 | Train Loss 0.1464 | Val Loss 0.8334 Acc 0.8579 AUC 0.9730 Pre 0.8505 Rec 0.8386
2026-08-23 09:19:06 | Epoch  21/100 | Train Loss 0.1331 | Val Loss 0.8806 Acc 0.8506 AUC 0.9727 Pre 0.8402 Rec 0.8296
2026-08-23 09:19:06 | Epoch  22/100 | Train Loss 0.1140 | Val Loss 0.9258 Acc 0.8561 AUC 0.9723 Pre 0.8473 Rec 0.8384
2026-08-23 09:19:06 | Epoch  23/100 | Train Loss 0.0966 | Val Loss 0.9671 Acc 0.8598 AUC 0.9719 Pre 0.8499 Rec 0.8438
2026-08-23 09:19:06 | Epoch  24/100 | Train Loss 0.0850 | Val Loss 1.0067 Acc 0.8635 AUC 0.9715 Pre 0.8526 Rec 0.8489
2026-08-23 09:19:06 | Epoch  25/100 | Train Loss 0.0784 | Val Loss 1.0457 Acc 0.8579 AUC 0.9711 Pre 0.8435 Rec 0.8455
2026-08-23 09:19:06 | Epoch  26/100 | Train Loss 0.0739 | Val Loss 1.0819 Acc 0.8598 AUC 0.9709 Pre 0.8459 Rec 0.8469
2026-08-23 09:19:06 | Epoch  27/100 | Train Loss 0.0689 | Val Loss 1.1167 Acc 0.8579 AUC 0.9710 Pre 0.8441 Rec 0.8429
2026-08-23 09:19:06 | Val AUC did not improve for 10 consecutive epochs, early stopping at Epoch 27 (best AUC 0.9745 @ Epoch 17)
2026-08-23 09:19:06 | Run 6/10 | Test (best model @ Epoch 17) | Loss 0.5967 Acc 0.8819 AUC 0.9793 Pre 0.8651 Rec 0.8739
2026-08-23 09:19:06 | ===== Run 7/10 (seed 6) =====
2026-08-23 09:19:06 | Epoch   1/100 | Train Loss 1.9518 | Val Loss 1.9039 Acc 0.3026 AUC 0.9127 Pre 0.0432 Rec 0.1429
2026-08-23 09:19:06 |   Val AUC improved to 0.9127, model saved
2026-08-23 09:19:06 | Epoch   2/100 | Train Loss 1.9020 | Val Loss 1.7861 Acc 0.3026 AUC 0.8912 Pre 0.0432 Rec 0.1429
2026-08-23 09:19:06 | Epoch   3/100 | Train Loss 1.7823 | Val Loss 1.6832 Acc 0.3026 AUC 0.8586 Pre 0.0432 Rec 0.1429
2026-08-23 09:19:06 | Epoch   4/100 | Train Loss 1.6788 | Val Loss 1.5308 Acc 0.3044 AUC 0.9174 Pre 0.1862 Rec 0.1446
2026-08-23 09:19:06 |   Val AUC improved to 0.9174, model saved
2026-08-23 09:19:06 | Epoch   5/100 | Train Loss 1.5142 | Val Loss 1.3472 Acc 0.5387 AUC 0.9443 Pre 0.5855 Rec 0.3682
2026-08-23 09:19:06 |   Val AUC improved to 0.9443, model saved
2026-08-23 09:19:06 | Epoch   6/100 | Train Loss 1.3151 | Val Loss 1.1578 Acc 0.7306 AUC 0.9558 Pre 0.5399 Rec 0.5854
2026-08-23 09:19:06 |   Val AUC improved to 0.9558, model saved
2026-08-23 09:19:06 | Epoch   7/100 | Train Loss 1.1137 | Val Loss 0.9609 Acc 0.7509 AUC 0.9612 Pre 0.5322 Rec 0.6142
2026-08-23 09:19:06 |   Val AUC improved to 0.9612, model saved
2026-08-23 09:19:06 | Epoch   8/100 | Train Loss 0.9038 | Val Loss 0.8002 Acc 0.7601 AUC 0.9634 Pre 0.6793 Rec 0.6246
2026-08-23 09:19:06 |   Val AUC improved to 0.9634, model saved
2026-08-23 09:19:06 | Epoch   9/100 | Train Loss 0.7250 | Val Loss 0.6959 Acc 0.7638 AUC 0.9657 Pre 0.6831 Rec 0.6310
2026-08-23 09:19:06 |   Val AUC improved to 0.9657, model saved
2026-08-23 09:19:06 | Epoch  10/100 | Train Loss 0.5986 | Val Loss 0.6302 Acc 0.7768 AUC 0.9679 Pre 0.8323 Rec 0.6589
2026-08-23 09:19:06 |   Val AUC improved to 0.9679, model saved
2026-08-23 09:19:06 | Epoch  11/100 | Train Loss 0.5055 | Val Loss 0.5867 Acc 0.8081 AUC 0.9701 Pre 0.8415 Rec 0.7186
2026-08-23 09:19:06 |   Val AUC improved to 0.9701, model saved
2026-08-23 09:19:06 | Epoch  12/100 | Train Loss 0.4309 | Val Loss 0.5510 Acc 0.8395 AUC 0.9724 Pre 0.8586 Rec 0.7818
2026-08-23 09:19:06 |   Val AUC improved to 0.9724, model saved
2026-08-23 09:19:06 | Epoch  13/100 | Train Loss 0.3581 | Val Loss 0.5304 Acc 0.8745 AUC 0.9742 Pre 0.8639 Rec 0.8480
2026-08-23 09:19:06 |   Val AUC improved to 0.9742, model saved
2026-08-23 09:19:06 | Epoch  14/100 | Train Loss 0.2949 | Val Loss 0.5444 Acc 0.8653 AUC 0.9747 Pre 0.8405 Rec 0.8533
2026-08-23 09:19:06 |   Val AUC improved to 0.9747, model saved
2026-08-23 09:19:06 | Epoch  15/100 | Train Loss 0.2571 | Val Loss 0.5835 Acc 0.8635 AUC 0.9745 Pre 0.8386 Rec 0.8532
2026-08-23 09:19:06 | Epoch  16/100 | Train Loss 0.2345 | Val Loss 0.6115 Acc 0.8727 AUC 0.9744 Pre 0.8515 Rec 0.8627
2026-08-23 09:19:06 | Epoch  17/100 | Train Loss 0.2087 | Val Loss 0.6405 Acc 0.8653 AUC 0.9744 Pre 0.8459 Rec 0.8511
2026-08-23 09:19:06 | Epoch  18/100 | Train Loss 0.1801 | Val Loss 0.6871 Acc 0.8598 AUC 0.9743 Pre 0.8439 Rec 0.8411
2026-08-23 09:19:06 | Epoch  19/100 | Train Loss 0.1595 | Val Loss 0.7491 Acc 0.8579 AUC 0.9741 Pre 0.8535 Rec 0.8370
2026-08-23 09:19:06 | Epoch  20/100 | Train Loss 0.1450 | Val Loss 0.8084 Acc 0.8579 AUC 0.9737 Pre 0.8535 Rec 0.8370
2026-08-23 09:19:06 | Epoch  21/100 | Train Loss 0.1332 | Val Loss 0.8561 Acc 0.8524 AUC 0.9731 Pre 0.8437 Rec 0.8336
2026-08-23 09:19:06 | Epoch  22/100 | Train Loss 0.1169 | Val Loss 0.9009 Acc 0.8579 AUC 0.9728 Pre 0.8490 Rec 0.8435
2026-08-23 09:19:06 | Epoch  23/100 | Train Loss 0.1036 | Val Loss 0.9458 Acc 0.8653 AUC 0.9726 Pre 0.8546 Rec 0.8494
2026-08-23 09:19:06 | Epoch  24/100 | Train Loss 0.0894 | Val Loss 0.9841 Acc 0.8653 AUC 0.9722 Pre 0.8516 Rec 0.8489
2026-08-23 09:19:06 | Val AUC did not improve for 10 consecutive epochs, early stopping at Epoch 24 (best AUC 0.9747 @ Epoch 14)
2026-08-23 09:19:06 | Run 7/10 | Test (best model @ Epoch 14) | Loss 0.5127 Acc 0.8819 AUC 0.9790 Pre 0.8619 Rec 0.8758
2026-08-23 09:19:06 | ===== Run 8/10 (seed 7) =====
2026-08-23 09:19:06 | Epoch   1/100 | Train Loss 1.9441 | Val Loss 1.8991 Acc 0.3284 AUC 0.9271 Pre 0.1778 Rec 0.1664
2026-08-23 09:19:06 |   Val AUC improved to 0.9271, model saved
2026-08-23 09:19:06 | Epoch   2/100 | Train Loss 1.8972 | Val Loss 1.7877 Acc 0.3026 AUC 0.9011 Pre 0.0432 Rec 0.1429
2026-08-23 09:19:06 | Epoch   3/100 | Train Loss 1.7825 | Val Loss 1.6774 Acc 0.3026 AUC 0.8562 Pre 0.0432 Rec 0.1429
2026-08-23 09:19:06 | Epoch   4/100 | Train Loss 1.6704 | Val Loss 1.5244 Acc 0.3100 AUC 0.9152 Pre 0.1864 Rec 0.1497
2026-08-23 09:19:06 | Epoch   5/100 | Train Loss 1.5068 | Val Loss 1.3336 Acc 0.5572 AUC 0.9481 Pre 0.5834 Rec 0.3858
2026-08-23 09:19:06 |   Val AUC improved to 0.9481, model saved
2026-08-23 09:19:06 | Epoch   6/100 | Train Loss 1.3015 | Val Loss 1.1390 Acc 0.7269 AUC 0.9593 Pre 0.5432 Rec 0.5774
2026-08-23 09:19:06 |   Val AUC improved to 0.9593, model saved
2026-08-23 09:19:06 | Epoch   7/100 | Train Loss 1.0946 | Val Loss 0.9382 Acc 0.7509 AUC 0.9634 Pre 0.5462 Rec 0.6097
2026-08-23 09:19:06 |   Val AUC improved to 0.9634, model saved
2026-08-23 09:19:06 | Epoch   8/100 | Train Loss 0.8779 | Val Loss 0.7769 Acc 0.7620 AUC 0.9652 Pre 0.8341 Rec 0.6275
2026-08-23 09:19:06 |   Val AUC improved to 0.9652, model saved
2026-08-23 09:19:06 | Epoch   9/100 | Train Loss 0.6971 | Val Loss 0.6707 Acc 0.7694 AUC 0.9671 Pre 0.8343 Rec 0.6464
2026-08-23 09:19:06 |   Val AUC improved to 0.9671, model saved
2026-08-23 09:19:06 | Epoch  10/100 | Train Loss 0.5676 | Val Loss 0.6009 Acc 0.7878 AUC 0.9693 Pre 0.8399 Rec 0.6809
2026-08-23 09:19:06 |   Val AUC improved to 0.9693, model saved
2026-08-23 09:19:06 | Epoch  11/100 | Train Loss 0.4713 | Val Loss 0.5565 Acc 0.8229 AUC 0.9710 Pre 0.8570 Rec 0.7500
2026-08-23 09:19:06 |   Val AUC improved to 0.9710, model saved
2026-08-23 09:19:06 | Epoch  12/100 | Train Loss 0.3931 | Val Loss 0.5259 Acc 0.8542 AUC 0.9723 Pre 0.8589 Rec 0.8196
2026-08-23 09:19:06 |   Val AUC improved to 0.9723, model saved
2026-08-23 09:19:06 | Epoch  13/100 | Train Loss 0.3242 | Val Loss 0.5192 Acc 0.8542 AUC 0.9736 Pre 0.8265 Rec 0.8289
2026-08-23 09:19:06 |   Val AUC improved to 0.9736, model saved
2026-08-23 09:19:06 | Epoch  14/100 | Train Loss 0.2753 | Val Loss 0.5449 Acc 0.8635 AUC 0.9744 Pre 0.8397 Rec 0.8528
2026-08-23 09:19:06 |   Val AUC improved to 0.9744, model saved
2026-08-23 09:19:06 | Epoch  15/100 | Train Loss 0.2480 | Val Loss 0.5735 Acc 0.8616 AUC 0.9748 Pre 0.8400 Rec 0.8504
2026-08-23 09:19:06 |   Val AUC improved to 0.9748, model saved
2026-08-23 09:19:06 | Epoch  16/100 | Train Loss 0.2236 | Val Loss 0.6008 Acc 0.8708 AUC 0.9749 Pre 0.8502 Rec 0.8535
2026-08-23 09:19:06 |   Val AUC improved to 0.9749, model saved
2026-08-23 09:19:06 | Epoch  17/100 | Train Loss 0.1920 | Val Loss 0.6410 Acc 0.8690 AUC 0.9750 Pre 0.8499 Rec 0.8503
2026-08-23 09:19:06 |   Val AUC improved to 0.9750, model saved
2026-08-23 09:19:06 | Epoch  18/100 | Train Loss 0.1671 | Val Loss 0.6960 Acc 0.8579 AUC 0.9749 Pre 0.8505 Rec 0.8340
2026-08-23 09:19:06 | Epoch  19/100 | Train Loss 0.1533 | Val Loss 0.7536 Acc 0.8542 AUC 0.9745 Pre 0.8465 Rec 0.8299
2026-08-23 09:19:06 | Epoch  20/100 | Train Loss 0.1405 | Val Loss 0.8030 Acc 0.8542 AUC 0.9742 Pre 0.8479 Rec 0.8302
2026-08-23 09:19:06 | Epoch  21/100 | Train Loss 0.1225 | Val Loss 0.8504 Acc 0.8579 AUC 0.9739 Pre 0.8517 Rec 0.8375
2026-08-23 09:19:07 | Epoch  22/100 | Train Loss 0.1074 | Val Loss 0.8835 Acc 0.8672 AUC 0.9737 Pre 0.8598 Rec 0.8541
2026-08-23 09:19:07 | Epoch  23/100 | Train Loss 0.0935 | Val Loss 0.9147 Acc 0.8635 AUC 0.9736 Pre 0.8496 Rec 0.8537
2026-08-23 09:19:07 | Epoch  24/100 | Train Loss 0.0858 | Val Loss 0.9513 Acc 0.8635 AUC 0.9735 Pre 0.8483 Rec 0.8537
2026-08-23 09:19:07 | Epoch  25/100 | Train Loss 0.0788 | Val Loss 0.9889 Acc 0.8708 AUC 0.9733 Pre 0.8580 Rec 0.8576
2026-08-23 09:19:07 | Epoch  26/100 | Train Loss 0.0719 | Val Loss 1.0211 Acc 0.8708 AUC 0.9731 Pre 0.8577 Rec 0.8591
2026-08-23 09:19:07 | Epoch  27/100 | Train Loss 0.0688 | Val Loss 1.0438 Acc 0.8708 AUC 0.9730 Pre 0.8600 Rec 0.8552
2026-08-23 09:19:07 | Val AUC did not improve for 10 consecutive epochs, early stopping at Epoch 27 (best AUC 0.9750 @ Epoch 17)
2026-08-23 09:19:07 | Run 8/10 | Test (best model @ Epoch 17) | Loss 0.5848 Acc 0.8911 AUC 0.9797 Pre 0.8795 Rec 0.8842
2026-08-23 09:19:07 | ===== Run 9/10 (seed 8) =====
2026-08-23 09:19:07 | Epoch   1/100 | Train Loss 1.9487 | Val Loss 1.9023 Acc 0.3026 AUC 0.9174 Pre 0.0432 Rec 0.1429
2026-08-23 09:19:07 |   Val AUC improved to 0.9174, model saved
2026-08-23 09:19:07 | Epoch   2/100 | Train Loss 1.9005 | Val Loss 1.7908 Acc 0.3026 AUC 0.8944 Pre 0.0432 Rec 0.1429
2026-08-23 09:19:07 | Epoch   3/100 | Train Loss 1.7866 | Val Loss 1.6789 Acc 0.3026 AUC 0.8622 Pre 0.0432 Rec 0.1429
2026-08-23 09:19:07 | Epoch   4/100 | Train Loss 1.6740 | Val Loss 1.5329 Acc 0.3063 AUC 0.9126 Pre 0.1862 Rec 0.1463
2026-08-23 09:19:07 | Epoch   5/100 | Train Loss 1.5169 | Val Loss 1.3393 Acc 0.5369 AUC 0.9444 Pre 0.5629 Rec 0.3676
2026-08-23 09:19:07 |   Val AUC improved to 0.9444, model saved
2026-08-23 09:19:07 | Epoch   6/100 | Train Loss 1.3081 | Val Loss 1.1435 Acc 0.7306 AUC 0.9577 Pre 0.5456 Rec 0.5832
2026-08-23 09:19:07 |   Val AUC improved to 0.9577, model saved
2026-08-23 09:19:07 | Epoch   7/100 | Train Loss 1.0994 | Val Loss 0.9416 Acc 0.7546 AUC 0.9632 Pre 0.5469 Rec 0.6176
2026-08-23 09:19:07 |   Val AUC improved to 0.9632, model saved
2026-08-23 09:19:07 | Epoch   8/100 | Train Loss 0.8841 | Val Loss 0.7749 Acc 0.7601 AUC 0.9654 Pre 0.6841 Rec 0.6246
2026-08-23 09:19:07 |   Val AUC improved to 0.9654, model saved
2026-08-23 09:19:07 | Epoch   9/100 | Train Loss 0.6959 | Val Loss 0.6691 Acc 0.7712 AUC 0.9673 Pre 0.8303 Rec 0.6490
2026-08-23 09:19:07 |   Val AUC improved to 0.9673, model saved
2026-08-23 09:19:07 | Epoch  10/100 | Train Loss 0.5638 | Val Loss 0.6045 Acc 0.7897 AUC 0.9694 Pre 0.8408 Rec 0.6895
2026-08-23 09:19:07 |   Val AUC improved to 0.9694, model saved
2026-08-23 09:19:07 | Epoch  11/100 | Train Loss 0.4691 | Val Loss 0.5606 Acc 0.8137 AUC 0.9712 Pre 0.8475 Rec 0.7326
2026-08-23 09:19:07 |   Val AUC improved to 0.9712, model saved
2026-08-23 09:19:07 | Epoch  12/100 | Train Loss 0.3901 | Val Loss 0.5294 Acc 0.8542 AUC 0.9731 Pre 0.8650 Rec 0.8130
2026-08-23 09:19:07 |   Val AUC improved to 0.9731, model saved
2026-08-23 09:19:07 | Epoch  13/100 | Train Loss 0.3212 | Val Loss 0.5268 Acc 0.8616 AUC 0.9747 Pre 0.8365 Rec 0.8423
2026-08-23 09:19:07 |   Val AUC improved to 0.9747, model saved
2026-08-23 09:19:07 | Epoch  14/100 | Train Loss 0.2737 | Val Loss 0.5553 Acc 0.8598 AUC 0.9751 Pre 0.8358 Rec 0.8430
2026-08-23 09:19:07 |   Val AUC improved to 0.9751, model saved
2026-08-23 09:19:07 | Epoch  15/100 | Train Loss 0.2490 | Val Loss 0.5808 Acc 0.8653 AUC 0.9752 Pre 0.8406 Rec 0.8476
2026-08-23 09:19:07 |   Val AUC improved to 0.9752, model saved
2026-08-23 09:19:07 | Epoch  16/100 | Train Loss 0.2178 | Val Loss 0.6098 Acc 0.8727 AUC 0.9752 Pre 0.8504 Rec 0.8549
2026-08-23 09:19:07 |   Val AUC improved to 0.9752, model saved
2026-08-23 09:19:07 | Epoch  17/100 | Train Loss 0.1927 | Val Loss 0.6528 Acc 0.8745 AUC 0.9753 Pre 0.8586 Rec 0.8569
2026-08-23 09:19:07 |   Val AUC improved to 0.9753, model saved
2026-08-23 09:19:07 | Epoch  18/100 | Train Loss 0.1745 | Val Loss 0.7082 Acc 0.8635 AUC 0.9749 Pre 0.8550 Rec 0.8462
2026-08-23 09:19:07 | Epoch  19/100 | Train Loss 0.1612 | Val Loss 0.7673 Acc 0.8653 AUC 0.9746 Pre 0.8599 Rec 0.8471
2026-08-23 09:19:07 | Epoch  20/100 | Train Loss 0.1454 | Val Loss 0.8191 Acc 0.8653 AUC 0.9743 Pre 0.8609 Rec 0.8471
2026-08-23 09:19:07 | Epoch  21/100 | Train Loss 0.1269 | Val Loss 0.8593 Acc 0.8561 AUC 0.9741 Pre 0.8450 Rec 0.8404
2026-08-23 09:19:07 | Epoch  22/100 | Train Loss 0.1101 | Val Loss 0.9006 Acc 0.8653 AUC 0.9737 Pre 0.8542 Rec 0.8544
2026-08-23 09:19:07 | Epoch  23/100 | Train Loss 0.1011 | Val Loss 0.9437 Acc 0.8616 AUC 0.9734 Pre 0.8508 Rec 0.8492
2026-08-23 09:19:07 | Epoch  24/100 | Train Loss 0.0882 | Val Loss 0.9808 Acc 0.8672 AUC 0.9730 Pre 0.8539 Rec 0.8566
2026-08-23 09:19:07 | Epoch  25/100 | Train Loss 0.0834 | Val Loss 1.0114 Acc 0.8727 AUC 0.9727 Pre 0.8570 Rec 0.8603
2026-08-23 09:19:07 | Epoch  26/100 | Train Loss 0.0733 | Val Loss 1.0404 Acc 0.8672 AUC 0.9723 Pre 0.8503 Rec 0.8531
2026-08-23 09:19:07 | Epoch  27/100 | Train Loss 0.0650 | Val Loss 1.0703 Acc 0.8672 AUC 0.9720 Pre 0.8496 Rec 0.8496
2026-08-23 09:19:07 | Val AUC did not improve for 10 consecutive epochs, early stopping at Epoch 27 (best AUC 0.9753 @ Epoch 17)
2026-08-23 09:19:07 | Run 9/10 | Test (best model @ Epoch 17) | Loss 0.5990 Acc 0.8764 AUC 0.9796 Pre 0.8650 Rec 0.8674
2026-08-23 09:19:07 | ===== Run 10/10 (seed 9) =====
2026-08-23 09:19:07 | Epoch   1/100 | Train Loss 1.9605 | Val Loss 1.9079 Acc 0.3672 AUC 0.9154 Pre 0.1198 Rec 0.2405
2026-08-23 09:19:07 |   Val AUC improved to 0.9154, model saved
2026-08-23 09:19:07 | Epoch   2/100 | Train Loss 1.9064 | Val Loss 1.7861 Acc 0.3026 AUC 0.8833 Pre 0.0432 Rec 0.1429
2026-08-23 09:19:07 | Epoch   3/100 | Train Loss 1.7826 | Val Loss 1.7047 Acc 0.3026 AUC 0.8391 Pre 0.0432 Rec 0.1429
2026-08-23 09:19:07 | Epoch   4/100 | Train Loss 1.7028 | Val Loss 1.5538 Acc 0.3026 AUC 0.9153 Pre 0.0432 Rec 0.1429
2026-08-23 09:19:07 | Epoch   5/100 | Train Loss 1.5414 | Val Loss 1.3995 Acc 0.5166 AUC 0.9436 Pre 0.4423 Rec 0.3428
2026-08-23 09:19:07 |   Val AUC improved to 0.9436, model saved
2026-08-23 09:19:07 | Epoch   6/100 | Train Loss 1.3712 | Val Loss 1.2307 Acc 0.7177 AUC 0.9553 Pre 0.5461 Rec 0.5692
2026-08-23 09:19:07 |   Val AUC improved to 0.9553, model saved
2026-08-23 09:19:07 | Epoch   7/100 | Train Loss 1.1865 | Val Loss 1.0360 Acc 0.7435 AUC 0.9602 Pre 0.5459 Rec 0.6030
2026-08-23 09:19:07 |   Val AUC improved to 0.9602, model saved
2026-08-23 09:19:07 | Epoch   8/100 | Train Loss 0.9765 | Val Loss 0.8618 Acc 0.7546 AUC 0.9619 Pre 0.8341 Rec 0.6201
2026-08-23 09:19:07 |   Val AUC improved to 0.9619, model saved
2026-08-23 09:19:07 | Epoch   9/100 | Train Loss 0.7847 | Val Loss 0.7380 Acc 0.7768 AUC 0.9641 Pre 0.8454 Rec 0.6574
2026-08-23 09:19:07 |   Val AUC improved to 0.9641, model saved
2026-08-23 09:19:07 | Epoch  10/100 | Train Loss 0.6375 | Val Loss 0.6499 Acc 0.7952 AUC 0.9668 Pre 0.8507 Rec 0.6876
2026-08-23 09:19:07 |   Val AUC improved to 0.9668, model saved
2026-08-23 09:19:07 | Epoch  11/100 | Train Loss 0.5260 | Val Loss 0.5907 Acc 0.8100 AUC 0.9690 Pre 0.8432 Rec 0.7242
2026-08-23 09:19:07 |   Val AUC improved to 0.9690, model saved
2026-08-23 09:19:07 | Epoch  12/100 | Train Loss 0.4394 | Val Loss 0.5525 Acc 0.8432 AUC 0.9711 Pre 0.8564 Rec 0.7941
2026-08-23 09:19:07 |   Val AUC improved to 0.9711, model saved
2026-08-23 09:19:07 | Epoch  13/100 | Train Loss 0.3646 | Val Loss 0.5287 Acc 0.8579 AUC 0.9729 Pre 0.8469 Rec 0.8265
2026-08-23 09:19:07 |   Val AUC improved to 0.9729, model saved
2026-08-23 09:19:07 | Epoch  14/100 | Train Loss 0.3005 | Val Loss 0.5310 Acc 0.8653 AUC 0.9739 Pre 0.8395 Rec 0.8463
2026-08-23 09:19:07 |   Val AUC improved to 0.9739, model saved
2026-08-23 09:19:07 | Epoch  15/100 | Train Loss 0.2549 | Val Loss 0.5626 Acc 0.8653 AUC 0.9743 Pre 0.8414 Rec 0.8502
2026-08-23 09:19:07 |   Val AUC improved to 0.9743, model saved
2026-08-23 09:19:07 | Epoch  16/100 | Train Loss 0.2306 | Val Loss 0.5959 Acc 0.8672 AUC 0.9741 Pre 0.8448 Rec 0.8519
2026-08-23 09:19:07 | Epoch  17/100 | Train Loss 0.2118 | Val Loss 0.6330 Acc 0.8653 AUC 0.9738 Pre 0.8439 Rec 0.8471
2026-08-23 09:19:07 | Epoch  18/100 | Train Loss 0.1847 | Val Loss 0.6841 Acc 0.8672 AUC 0.9738 Pre 0.8516 Rec 0.8468
2026-08-23 09:19:07 | Epoch  19/100 | Train Loss 0.1677 | Val Loss 0.7413 Acc 0.8598 AUC 0.9741 Pre 0.8569 Rec 0.8377
2026-08-23 09:19:07 | Epoch  20/100 | Train Loss 0.1515 | Val Loss 0.8029 Acc 0.8579 AUC 0.9739 Pre 0.8547 Rec 0.8360
2026-08-23 09:19:07 | Epoch  21/100 | Train Loss 0.1397 | Val Loss 0.8479 Acc 0.8561 AUC 0.9734 Pre 0.8470 Rec 0.8377
2026-08-23 09:19:07 | Epoch  22/100 | Train Loss 0.1226 | Val Loss 0.8910 Acc 0.8598 AUC 0.9728 Pre 0.8509 Rec 0.8421
2026-08-23 09:19:07 | Epoch  23/100 | Train Loss 0.1075 | Val Loss 0.9320 Acc 0.8616 AUC 0.9725 Pre 0.8543 Rec 0.8457
2026-08-23 09:19:07 | Epoch  24/100 | Train Loss 0.0965 | Val Loss 0.9669 Acc 0.8579 AUC 0.9723 Pre 0.8487 Rec 0.8432
2026-08-23 09:19:07 | Epoch  25/100 | Train Loss 0.0856 | Val Loss 0.9944 Acc 0.8579 AUC 0.9720 Pre 0.8479 Rec 0.8432
2026-08-23 09:19:07 | Val AUC did not improve for 10 consecutive epochs, early stopping at Epoch 25 (best AUC 0.9743 @ Epoch 15)
2026-08-23 09:19:07 | Run 10/10 | Test (best model @ Epoch 15) | Loss 0.5178 Acc 0.8727 AUC 0.9792 Pre 0.8570 Rec 0.8727
2026-08-23 09:19:07 | Average over 10 runs | Test Loss 0.5712±0.0473 Acc 0.8788±0.0060 AUC 0.9796±0.0006 Pre 0.8664±0.0082 Rec 0.8718±0.0072
2026-08-23 09:22:01 | Device: cuda
2026-08-23 09:22:01 | Args: {'model': 'gcn', 'backbone': 'mlp', 'task': 'cora', 'epochs': 100, 'batch_size': 128, 'lr': 0.01, 'hidden_dims': [512, 256, 256], 'dropout': 0.2, 'z_dim': 256, 'beta': 0.001, 'patience': 10, 'runs': 5, 'seed': 0, 'data_dir': './data', 'save_path': 'output/cora_gcn/cora_gcn.pt', 'log_path': 'output/cora_gcn/train_cora_gcn.log'}
2026-08-23 09:22:03 | Cora 划分（60/20/20 分层）：train 1624 / val 542 / test 542（共 2708 节点，7 类）
2026-08-23 09:22:03 | ===== Run 1/5 (seed 0) =====
2026-08-23 09:22:04 | Epoch   1/100 | Train Loss 1.9471 | Val Loss 1.8880 Acc 0.3026 AUC 0.8234 Pre 0.0432 Rec 0.1429
2026-08-23 09:22:04 |   Val AUC improved to 0.8234, model saved
2026-08-23 09:22:04 | Epoch   2/100 | Train Loss 1.8878 | Val Loss 1.7686 Acc 0.3026 AUC 0.7695 Pre 0.0432 Rec 0.1429
2026-08-23 09:22:04 | Epoch   3/100 | Train Loss 1.7834 | Val Loss 1.6657 Acc 0.3026 AUC 0.9013 Pre 0.0432 Rec 0.1429
2026-08-23 09:22:04 |   Val AUC improved to 0.9013, model saved
2026-08-23 09:22:04 | Epoch   4/100 | Train Loss 1.6639 | Val Loss 1.5216 Acc 0.4244 AUC 0.9165 Pre 0.3254 Rec 0.2554
2026-08-23 09:22:04 |   Val AUC improved to 0.9165, model saved
2026-08-23 09:22:04 | Epoch   5/100 | Train Loss 1.5126 | Val Loss 1.3088 Acc 0.4520 AUC 0.9199 Pre 0.3099 Rec 0.2816
2026-08-23 09:22:04 |   Val AUC improved to 0.9199, model saved
2026-08-23 09:22:04 | Epoch   6/100 | Train Loss 1.2874 | Val Loss 1.1473 Acc 0.5424 AUC 0.9263 Pre 0.3992 Rec 0.3655
2026-08-23 09:22:04 |   Val AUC improved to 0.9263, model saved
2026-08-23 09:22:04 | Epoch   7/100 | Train Loss 1.1047 | Val Loss 1.0021 Acc 0.6033 AUC 0.9403 Pre 0.3783 Rec 0.4370
2026-08-23 09:22:04 |   Val AUC improved to 0.9403, model saved
2026-08-23 09:22:04 | Epoch   8/100 | Train Loss 0.9411 | Val Loss 0.9237 Acc 0.6476 AUC 0.9466 Pre 0.5049 Rec 0.4834
2026-08-23 09:22:04 |   Val AUC improved to 0.9466, model saved
2026-08-23 09:22:04 | Epoch   9/100 | Train Loss 0.8407 | Val Loss 0.8373 Acc 0.7454 AUC 0.9482 Pre 0.5408 Rec 0.6057
2026-08-23 09:22:04 |   Val AUC improved to 0.9482, model saved
2026-08-23 09:22:04 | Epoch  10/100 | Train Loss 0.7239 | Val Loss 0.8306 Acc 0.7232 AUC 0.9457 Pre 0.5406 Rec 0.6045
2026-08-23 09:22:04 | Epoch  11/100 | Train Loss 0.6748 | Val Loss 0.7830 Acc 0.7491 AUC 0.9568 Pre 0.5399 Rec 0.6138
2026-08-23 09:22:04 |   Val AUC improved to 0.9568, model saved
2026-08-23 09:22:04 | Epoch  12/100 | Train Loss 0.5667 | Val Loss 0.8120 Acc 0.7435 AUC 0.9570 Pre 0.5518 Rec 0.6137
2026-08-23 09:22:04 |   Val AUC improved to 0.9570, model saved
2026-08-23 09:22:04 | Epoch  13/100 | Train Loss 0.5266 | Val Loss 0.8394 Acc 0.7435 AUC 0.9563 Pre 0.7133 Rec 0.6270
2026-08-23 09:22:04 | Epoch  14/100 | Train Loss 0.4675 | Val Loss 0.8829 Acc 0.8137 AUC 0.9552 Pre 0.7808 Rec 0.7672
2026-08-23 09:22:04 | Epoch  15/100 | Train Loss 0.4345 | Val Loss 0.9007 Acc 0.8432 AUC 0.9581 Pre 0.8264 Rec 0.8084
2026-08-23 09:22:04 |   Val AUC improved to 0.9581, model saved
2026-08-23 09:22:04 | Epoch  16/100 | Train Loss 0.3796 | Val Loss 0.9486 Acc 0.8561 AUC 0.9598 Pre 0.8327 Rec 0.8385
2026-08-23 09:22:04 |   Val AUC improved to 0.9598, model saved
2026-08-23 09:22:04 | Epoch  17/100 | Train Loss 0.3379 | Val Loss 1.1085 Acc 0.8432 AUC 0.9601 Pre 0.8219 Rec 0.8246
2026-08-23 09:22:04 |   Val AUC improved to 0.9601, model saved
2026-08-23 09:22:04 | Epoch  18/100 | Train Loss 0.3404 | Val Loss 1.0731 Acc 0.8487 AUC 0.9631 Pre 0.8285 Rec 0.8330
2026-08-23 09:22:04 |   Val AUC improved to 0.9631, model saved
2026-08-23 09:22:04 | Epoch  19/100 | Train Loss 0.2754 | Val Loss 1.0855 Acc 0.8506 AUC 0.9640 Pre 0.8407 Rec 0.8350
2026-08-23 09:22:04 |   Val AUC improved to 0.9640, model saved
2026-08-23 09:22:04 | Epoch  20/100 | Train Loss 0.2670 | Val Loss 1.1525 Acc 0.8450 AUC 0.9643 Pre 0.8390 Rec 0.8284
2026-08-23 09:22:04 |   Val AUC improved to 0.9643, model saved
2026-08-23 09:22:04 | Epoch  21/100 | Train Loss 0.2570 | Val Loss 1.1375 Acc 0.8579 AUC 0.9650 Pre 0.8502 Rec 0.8412
2026-08-23 09:22:04 |   Val AUC improved to 0.9650, model saved
2026-08-23 09:22:04 | Epoch  22/100 | Train Loss 0.2066 | Val Loss 1.1936 Acc 0.8542 AUC 0.9639 Pre 0.8492 Rec 0.8390
2026-08-23 09:22:04 | Epoch  23/100 | Train Loss 0.2281 | Val Loss 1.2053 Acc 0.8524 AUC 0.9644 Pre 0.8458 Rec 0.8367
2026-08-23 09:22:04 | Epoch  24/100 | Train Loss 0.1854 | Val Loss 1.1874 Acc 0.8487 AUC 0.9662 Pre 0.8414 Rec 0.8341
2026-08-23 09:22:04 |   Val AUC improved to 0.9662, model saved
2026-08-23 09:22:04 | Epoch  25/100 | Train Loss 0.1776 | Val Loss 1.1598 Acc 0.8542 AUC 0.9668 Pre 0.8466 Rec 0.8358
2026-08-23 09:22:04 |   Val AUC improved to 0.9668, model saved
2026-08-23 09:22:04 | Epoch  26/100 | Train Loss 0.1520 | Val Loss 1.1408 Acc 0.8598 AUC 0.9669 Pre 0.8516 Rec 0.8402
2026-08-23 09:22:04 |   Val AUC improved to 0.9669, model saved
2026-08-23 09:22:04 | Epoch  27/100 | Train Loss 0.1530 | Val Loss 1.1595 Acc 0.8579 AUC 0.9667 Pre 0.8463 Rec 0.8417
2026-08-23 09:22:04 | Epoch  28/100 | Train Loss 0.1598 | Val Loss 1.1922 Acc 0.8524 AUC 0.9661 Pre 0.8449 Rec 0.8348
2026-08-23 09:22:04 | Epoch  29/100 | Train Loss 0.1520 | Val Loss 1.1512 Acc 0.8524 AUC 0.9667 Pre 0.8449 Rec 0.8410
2026-08-23 09:22:04 | Epoch  30/100 | Train Loss 0.1344 | Val Loss 1.1476 Acc 0.8542 AUC 0.9662 Pre 0.8466 Rec 0.8431
2026-08-23 09:22:04 | Epoch  31/100 | Train Loss 0.1314 | Val Loss 1.1657 Acc 0.8616 AUC 0.9656 Pre 0.8539 Rec 0.8415
2026-08-23 09:22:04 | Epoch  32/100 | Train Loss 0.1144 | Val Loss 1.1983 Acc 0.8598 AUC 0.9654 Pre 0.8535 Rec 0.8410
2026-08-23 09:22:04 | Epoch  33/100 | Train Loss 0.1124 | Val Loss 1.1728 Acc 0.8616 AUC 0.9662 Pre 0.8500 Rec 0.8422
2026-08-23 09:22:04 | Epoch  34/100 | Train Loss 0.1083 | Val Loss 1.1333 Acc 0.8598 AUC 0.9667 Pre 0.8419 Rec 0.8452
2026-08-23 09:22:04 | Epoch  35/100 | Train Loss 0.1056 | Val Loss 1.1352 Acc 0.8579 AUC 0.9662 Pre 0.8404 Rec 0.8395
2026-08-23 09:22:04 | Epoch  36/100 | Train Loss 0.1059 | Val Loss 1.1790 Acc 0.8616 AUC 0.9656 Pre 0.8541 Rec 0.8389
2026-08-23 09:22:04 | Val AUC did not improve for 10 consecutive epochs, early stopping at Epoch 36 (best AUC 0.9669 @ Epoch 26)
2026-08-23 09:22:04 | Run 1/5 | Test (best model @ Epoch 26) | Loss 1.1274 Acc 0.8708 AUC 0.9706 Pre 0.8673 Rec 0.8746
2026-08-23 09:22:04 | ===== Run 2/5 (seed 1) =====
2026-08-23 09:22:04 | Epoch   1/100 | Train Loss 1.9364 | Val Loss 1.8805 Acc 0.3026 AUC 0.8307 Pre 0.0432 Rec 0.1429
2026-08-23 09:22:04 |   Val AUC improved to 0.8307, model saved
2026-08-23 09:22:04 | Epoch   2/100 | Train Loss 1.8800 | Val Loss 1.7739 Acc 0.3026 AUC 0.7564 Pre 0.0432 Rec 0.1429
2026-08-23 09:22:04 | Epoch   3/100 | Train Loss 1.7853 | Val Loss 1.6811 Acc 0.3026 AUC 0.8857 Pre 0.0432 Rec 0.1429
2026-08-23 09:22:04 |   Val AUC improved to 0.8857, model saved
2026-08-23 09:22:04 | Epoch   4/100 | Train Loss 1.6808 | Val Loss 1.5361 Acc 0.3967 AUC 0.9137 Pre 0.1879 Rec 0.2296
2026-08-23 09:22:04 |   Val AUC improved to 0.9137, model saved
2026-08-23 09:22:04 | Epoch   5/100 | Train Loss 1.5334 | Val Loss 1.3276 Acc 0.4170 AUC 0.9109 Pre 0.1854 Rec 0.2483
2026-08-23 09:22:04 | Epoch   6/100 | Train Loss 1.3126 | Val Loss 1.1698 Acc 0.5037 AUC 0.9176 Pre 0.4190 Rec 0.3292
2026-08-23 09:22:04 |   Val AUC improved to 0.9176, model saved
2026-08-23 09:22:04 | Epoch   7/100 | Train Loss 1.1353 | Val Loss 1.0241 Acc 0.6292 AUC 0.9374 Pre 0.4779 Rec 0.4649
2026-08-23 09:22:04 |   Val AUC improved to 0.9374, model saved
2026-08-23 09:22:04 | Epoch   8/100 | Train Loss 0.9920 | Val Loss 0.9536 Acc 0.6697 AUC 0.9487 Pre 0.5108 Rec 0.5229
2026-08-23 09:22:04 |   Val AUC improved to 0.9487, model saved
2026-08-23 09:22:04 | Epoch   9/100 | Train Loss 0.9080 | Val Loss 0.8745 Acc 0.7269 AUC 0.9536 Pre 0.5618 Rec 0.5829
2026-08-23 09:22:04 |   Val AUC improved to 0.9536, model saved
2026-08-23 09:22:04 | Epoch  10/100 | Train Loss 0.8064 | Val Loss 0.8415 Acc 0.7306 AUC 0.9534 Pre 0.5736 Rec 0.5918
2026-08-23 09:22:04 | Epoch  11/100 | Train Loss 0.7306 | Val Loss 0.7743 Acc 0.7399 AUC 0.9571 Pre 0.5577 Rec 0.6104
2026-08-23 09:22:04 |   Val AUC improved to 0.9571, model saved
2026-08-23 09:22:04 | Epoch  12/100 | Train Loss 0.6419 | Val Loss 0.6949 Acc 0.7841 AUC 0.9618 Pre 0.8403 Rec 0.6803
2026-08-23 09:22:04 |   Val AUC improved to 0.9618, model saved
2026-08-23 09:22:04 | Epoch  13/100 | Train Loss 0.5224 | Val Loss 0.6948 Acc 0.8100 AUC 0.9628 Pre 0.8220 Rec 0.7371
2026-08-23 09:22:04 |   Val AUC improved to 0.9628, model saved
2026-08-23 09:22:04 | Epoch  14/100 | Train Loss 0.4426 | Val Loss 0.7367 Acc 0.8450 AUC 0.9615 Pre 0.8368 Rec 0.8177
2026-08-23 09:22:04 | Epoch  15/100 | Train Loss 0.3999 | Val Loss 0.7424 Acc 0.8487 AUC 0.9653 Pre 0.8276 Rec 0.8226
2026-08-23 09:22:04 |   Val AUC improved to 0.9653, model saved
2026-08-23 09:22:04 | Epoch  16/100 | Train Loss 0.3288 | Val Loss 0.7873 Acc 0.8506 AUC 0.9694 Pre 0.8230 Rec 0.8359
2026-08-23 09:22:04 |   Val AUC improved to 0.9694, model saved
2026-08-23 09:22:04 | Epoch  17/100 | Train Loss 0.2981 | Val Loss 0.8773 Acc 0.8487 AUC 0.9689 Pre 0.8345 Rec 0.8375
2026-08-23 09:22:04 | Epoch  18/100 | Train Loss 0.2826 | Val Loss 1.0047 Acc 0.8616 AUC 0.9675 Pre 0.8563 Rec 0.8417
2026-08-23 09:22:04 | Epoch  19/100 | Train Loss 0.2725 | Val Loss 1.0135 Acc 0.8358 AUC 0.9674 Pre 0.8213 Rec 0.8398
2026-08-23 09:22:04 | Epoch  20/100 | Train Loss 0.3111 | Val Loss 1.1080 Acc 0.8450 AUC 0.9676 Pre 0.8338 Rec 0.8352
2026-08-23 09:22:04 | Epoch  21/100 | Train Loss 0.2362 | Val Loss 1.2658 Acc 0.8432 AUC 0.9642 Pre 0.8457 Rec 0.8182
2026-08-23 09:22:04 | Epoch  22/100 | Train Loss 0.2547 | Val Loss 1.1185 Acc 0.8598 AUC 0.9670 Pre 0.8469 Rec 0.8456
2026-08-23 09:22:04 | Epoch  23/100 | Train Loss 0.2017 | Val Loss 1.0801 Acc 0.8561 AUC 0.9672 Pre 0.8421 Rec 0.8488
2026-08-23 09:22:04 | Epoch  24/100 | Train Loss 0.2133 | Val Loss 1.1164 Acc 0.8616 AUC 0.9673 Pre 0.8516 Rec 0.8430
2026-08-23 09:22:04 | Epoch  25/100 | Train Loss 0.1682 | Val Loss 1.2281 Acc 0.8579 AUC 0.9654 Pre 0.8594 Rec 0.8361
2026-08-23 09:22:04 | Epoch  26/100 | Train Loss 0.1961 | Val Loss 1.1396 Acc 0.8579 AUC 0.9671 Pre 0.8536 Rec 0.8360
2026-08-23 09:22:04 | Val AUC did not improve for 10 consecutive epochs, early stopping at Epoch 26 (best AUC 0.9694 @ Epoch 16)
2026-08-23 09:22:04 | Run 2/5 | Test (best model @ Epoch 16) | Loss 0.7665 Acc 0.8708 AUC 0.9739 Pre 0.8485 Rec 0.8665
2026-08-23 09:22:04 | ===== Run 3/5 (seed 2) =====
2026-08-23 09:22:04 | Epoch   1/100 | Train Loss 1.9454 | Val Loss 1.9013 Acc 0.3026 AUC 0.8488 Pre 0.0432 Rec 0.1429
2026-08-23 09:22:04 |   Val AUC improved to 0.8488, model saved
2026-08-23 09:22:04 | Epoch   2/100 | Train Loss 1.9010 | Val Loss 1.7567 Acc 0.3026 AUC 0.7827 Pre 0.0432 Rec 0.1429
2026-08-23 09:22:04 | Epoch   3/100 | Train Loss 1.7630 | Val Loss 1.6160 Acc 0.3026 AUC 0.8525 Pre 0.0432 Rec 0.1429
2026-08-23 09:22:04 |   Val AUC improved to 0.8525, model saved
2026-08-23 09:22:04 | Epoch   4/100 | Train Loss 1.6254 | Val Loss 1.5040 Acc 0.5554 AUC 0.9136 Pre 0.4264 Rec 0.3783
2026-08-23 09:22:04 |   Val AUC improved to 0.9136, model saved
2026-08-23 09:22:04 | Epoch   5/100 | Train Loss 1.4943 | Val Loss 1.2703 Acc 0.5720 AUC 0.9317 Pre 0.4208 Rec 0.3941
2026-08-23 09:22:04 |   Val AUC improved to 0.9317, model saved
2026-08-23 09:22:04 | Epoch   6/100 | Train Loss 1.2514 | Val Loss 1.0850 Acc 0.5240 AUC 0.9320 Pre 0.3618 Rec 0.3489
2026-08-23 09:22:04 |   Val AUC improved to 0.9320, model saved
2026-08-23 09:22:04 | Epoch   7/100 | Train Loss 1.0436 | Val Loss 0.9396 Acc 0.6292 AUC 0.9425 Pre 0.3597 Rec 0.4591
2026-08-23 09:22:04 |   Val AUC improved to 0.9425, model saved
2026-08-23 09:22:04 | Epoch   8/100 | Train Loss 0.8811 | Val Loss 0.8620 Acc 0.6661 AUC 0.9485 Pre 0.5283 Rec 0.5145
2026-08-23 09:22:04 |   Val AUC improved to 0.9485, model saved
2026-08-23 09:22:04 | Epoch   9/100 | Train Loss 0.7859 | Val Loss 0.8556 Acc 0.6661 AUC 0.9490 Pre 0.5496 Rec 0.5286
2026-08-23 09:22:04 |   Val AUC improved to 0.9490, model saved
2026-08-23 09:22:04 | Epoch  10/100 | Train Loss 0.7623 | Val Loss 0.8066 Acc 0.7325 AUC 0.9566 Pre 0.5188 Rec 0.5913
2026-08-23 09:22:04 |   Val AUC improved to 0.9566, model saved
2026-08-23 09:22:04 | Epoch  11/100 | Train Loss 0.6571 | Val Loss 0.7863 Acc 0.7583 AUC 0.9587 Pre 0.5335 Rec 0.6230
2026-08-23 09:22:04 |   Val AUC improved to 0.9587, model saved
2026-08-23 09:22:04 | Epoch  12/100 | Train Loss 0.5868 | Val Loss 0.7750 Acc 0.7601 AUC 0.9596 Pre 0.6349 Rec 0.6341
2026-08-23 09:22:04 |   Val AUC improved to 0.9596, model saved
2026-08-23 09:22:04 | Epoch  13/100 | Train Loss 0.5267 | Val Loss 0.7837 Acc 0.7601 AUC 0.9583 Pre 0.7733 Rec 0.6375
2026-08-23 09:22:04 | Epoch  14/100 | Train Loss 0.4655 | Val Loss 0.8218 Acc 0.7860 AUC 0.9582 Pre 0.7879 Rec 0.7021
2026-08-23 09:22:04 | Epoch  15/100 | Train Loss 0.4094 | Val Loss 0.8903 Acc 0.8376 AUC 0.9594 Pre 0.8188 Rec 0.8164
2026-08-23 09:22:04 | Epoch  16/100 | Train Loss 0.3575 | Val Loss 0.9935 Acc 0.8450 AUC 0.9600 Pre 0.8434 Rec 0.8106
2026-08-23 09:22:04 |   Val AUC improved to 0.9600, model saved
2026-08-23 09:22:04 | Epoch  17/100 | Train Loss 0.3595 | Val Loss 0.9952 Acc 0.8561 AUC 0.9619 Pre 0.8368 Rec 0.8381
2026-08-23 09:22:04 |   Val AUC improved to 0.9619, model saved
2026-08-23 09:22:04 | Epoch  18/100 | Train Loss 0.3033 | Val Loss 1.0701 Acc 0.8506 AUC 0.9622 Pre 0.8234 Rec 0.8366
2026-08-23 09:22:04 |   Val AUC improved to 0.9622, model saved
2026-08-23 09:22:04 | Epoch  19/100 | Train Loss 0.2881 | Val Loss 1.1867 Acc 0.8469 AUC 0.9612 Pre 0.8249 Rec 0.8274
2026-08-23 09:22:04 | Epoch  20/100 | Train Loss 0.2778 | Val Loss 1.2387 Acc 0.8413 AUC 0.9606 Pre 0.8316 Rec 0.8217
2026-08-23 09:22:05 | Epoch  21/100 | Train Loss 0.2595 | Val Loss 1.2148 Acc 0.8487 AUC 0.9621 Pre 0.8349 Rec 0.8306
2026-08-23 09:22:05 | Epoch  22/100 | Train Loss 0.2255 | Val Loss 1.2380 Acc 0.8506 AUC 0.9635 Pre 0.8387 Rec 0.8359
2026-08-23 09:22:05 |   Val AUC improved to 0.9635, model saved
2026-08-23 09:22:05 | Epoch  23/100 | Train Loss 0.2121 | Val Loss 1.2533 Acc 0.8469 AUC 0.9639 Pre 0.8384 Rec 0.8332
2026-08-23 09:22:05 |   Val AUC improved to 0.9639, model saved
2026-08-23 09:22:05 | Epoch  24/100 | Train Loss 0.1949 | Val Loss 1.1921 Acc 0.8561 AUC 0.9647 Pre 0.8490 Rec 0.8368
2026-08-23 09:22:05 |   Val AUC improved to 0.9647, model saved
2026-08-23 09:22:05 | Epoch  25/100 | Train Loss 0.1629 | Val Loss 1.1922 Acc 0.8506 AUC 0.9643 Pre 0.8459 Rec 0.8284
2026-08-23 09:22:05 | Epoch  26/100 | Train Loss 0.1623 | Val Loss 1.1642 Acc 0.8524 AUC 0.9653 Pre 0.8405 Rec 0.8334
2026-08-23 09:22:05 |   Val AUC improved to 0.9653, model saved
2026-08-23 09:22:05 | Epoch  27/100 | Train Loss 0.1486 | Val Loss 1.1976 Acc 0.8506 AUC 0.9651 Pre 0.8416 Rec 0.8316
2026-08-23 09:22:05 | Epoch  28/100 | Train Loss 0.1599 | Val Loss 1.2048 Acc 0.8487 AUC 0.9651 Pre 0.8421 Rec 0.8261
2026-08-23 09:22:05 | Epoch  29/100 | Train Loss 0.1380 | Val Loss 1.1938 Acc 0.8487 AUC 0.9654 Pre 0.8426 Rec 0.8299
2026-08-23 09:22:05 |   Val AUC improved to 0.9654, model saved
2026-08-23 09:22:05 | Epoch  30/100 | Train Loss 0.1318 | Val Loss 1.1747 Acc 0.8506 AUC 0.9656 Pre 0.8427 Rec 0.8315
2026-08-23 09:22:05 |   Val AUC improved to 0.9656, model saved
2026-08-23 09:22:05 | Epoch  31/100 | Train Loss 0.1226 | Val Loss 1.1985 Acc 0.8561 AUC 0.9657 Pre 0.8480 Rec 0.8318
2026-08-23 09:22:05 |   Val AUC improved to 0.9657, model saved
2026-08-23 09:22:05 | Epoch  32/100 | Train Loss 0.1155 | Val Loss 1.2234 Acc 0.8561 AUC 0.9658 Pre 0.8461 Rec 0.8322
2026-08-23 09:22:05 |   Val AUC improved to 0.9658, model saved
2026-08-23 09:22:05 | Epoch  33/100 | Train Loss 0.1192 | Val Loss 1.2129 Acc 0.8561 AUC 0.9660 Pre 0.8446 Rec 0.8357
2026-08-23 09:22:05 |   Val AUC improved to 0.9660, model saved
2026-08-23 09:22:05 | Epoch  34/100 | Train Loss 0.1055 | Val Loss 1.1890 Acc 0.8579 AUC 0.9657 Pre 0.8459 Rec 0.8365
2026-08-23 09:22:05 | Epoch  35/100 | Train Loss 0.1017 | Val Loss 1.1982 Acc 0.8524 AUC 0.9649 Pre 0.8398 Rec 0.8302
2026-08-23 09:22:05 | Epoch  36/100 | Train Loss 0.1053 | Val Loss 1.1997 Acc 0.8542 AUC 0.9651 Pre 0.8414 Rec 0.8341
2026-08-23 09:22:05 | Epoch  37/100 | Train Loss 0.0938 | Val Loss 1.2079 Acc 0.8524 AUC 0.9655 Pre 0.8375 Rec 0.8320
2026-08-23 09:22:05 | Epoch  38/100 | Train Loss 0.1000 | Val Loss 1.1927 Acc 0.8524 AUC 0.9656 Pre 0.8375 Rec 0.8320
2026-08-23 09:22:05 | Epoch  39/100 | Train Loss 0.0845 | Val Loss 1.1808 Acc 0.8542 AUC 0.9653 Pre 0.8424 Rec 0.8329
2026-08-23 09:22:05 | Epoch  40/100 | Train Loss 0.0808 | Val Loss 1.1983 Acc 0.8561 AUC 0.9653 Pre 0.8445 Rec 0.8326
2026-08-23 09:22:05 | Epoch  41/100 | Train Loss 0.0813 | Val Loss 1.2075 Acc 0.8561 AUC 0.9657 Pre 0.8438 Rec 0.8384
2026-08-23 09:22:05 | Epoch  42/100 | Train Loss 0.0788 | Val Loss 1.2274 Acc 0.8542 AUC 0.9657 Pre 0.8418 Rec 0.8360
2026-08-23 09:22:05 | Epoch  43/100 | Train Loss 0.0747 | Val Loss 1.2574 Acc 0.8469 AUC 0.9650 Pre 0.8355 Rec 0.8264
2026-08-23 09:22:05 | Val AUC did not improve for 10 consecutive epochs, early stopping at Epoch 43 (best AUC 0.9660 @ Epoch 33)
2026-08-23 09:22:05 | Run 3/5 | Test (best model @ Epoch 33) | Loss 1.1139 Acc 0.8653 AUC 0.9694 Pre 0.8602 Rec 0.8656
2026-08-23 09:22:05 | ===== Run 4/5 (seed 3) =====
2026-08-23 09:22:05 | Epoch   1/100 | Train Loss 1.9542 | Val Loss 1.8937 Acc 0.3026 AUC 0.8268 Pre 0.0432 Rec 0.1429
2026-08-23 09:22:05 |   Val AUC improved to 0.8268, model saved
2026-08-23 09:22:05 | Epoch   2/100 | Train Loss 1.8934 | Val Loss 1.7685 Acc 0.3026 AUC 0.7647 Pre 0.0432 Rec 0.1429
2026-08-23 09:22:05 | Epoch   3/100 | Train Loss 1.7817 | Val Loss 1.6652 Acc 0.3026 AUC 0.8789 Pre 0.0432 Rec 0.1429
2026-08-23 09:22:05 |   Val AUC improved to 0.8789, model saved
2026-08-23 09:22:05 | Epoch   4/100 | Train Loss 1.6659 | Val Loss 1.5125 Acc 0.3856 AUC 0.9109 Pre 0.1900 Rec 0.2194
2026-08-23 09:22:05 |   Val AUC improved to 0.9109, model saved
2026-08-23 09:22:05 | Epoch   5/100 | Train Loss 1.5092 | Val Loss 1.3279 Acc 0.4225 AUC 0.9054 Pre 0.1841 Rec 0.2534
2026-08-23 09:22:05 | Epoch   6/100 | Train Loss 1.3109 | Val Loss 1.1474 Acc 0.5129 AUC 0.9192 Pre 0.2939 Rec 0.3377
2026-08-23 09:22:05 |   Val AUC improved to 0.9192, model saved
2026-08-23 09:22:05 | Epoch   7/100 | Train Loss 1.1158 | Val Loss 1.0300 Acc 0.6033 AUC 0.9326 Pre 0.3984 Rec 0.4395
2026-08-23 09:22:05 |   Val AUC improved to 0.9326, model saved
2026-08-23 09:22:05 | Epoch   8/100 | Train Loss 0.9975 | Val Loss 0.9470 Acc 0.6882 AUC 0.9378 Pre 0.4865 Rec 0.5386
2026-08-23 09:22:05 |   Val AUC improved to 0.9378, model saved
2026-08-23 09:22:05 | Epoch   9/100 | Train Loss 0.8945 | Val Loss 0.8923 Acc 0.7232 AUC 0.9394 Pre 0.5267 Rec 0.5773
2026-08-23 09:22:05 |   Val AUC improved to 0.9394, model saved
2026-08-23 09:22:05 | Epoch  10/100 | Train Loss 0.8142 | Val Loss 0.8702 Acc 0.7380 AUC 0.9380 Pre 0.5559 Rec 0.6004
2026-08-23 09:22:05 | Epoch  11/100 | Train Loss 0.7645 | Val Loss 0.8248 Acc 0.7491 AUC 0.9434 Pre 0.5328 Rec 0.6158
2026-08-23 09:22:05 |   Val AUC improved to 0.9434, model saved
2026-08-23 09:22:05 | Epoch  12/100 | Train Loss 0.6791 | Val Loss 0.7902 Acc 0.7509 AUC 0.9495 Pre 0.6852 Rec 0.6183
2026-08-23 09:22:05 |   Val AUC improved to 0.9495, model saved
2026-08-23 09:22:05 | Epoch  13/100 | Train Loss 0.5997 | Val Loss 0.7879 Acc 0.7454 AUC 0.9531 Pre 0.6244 Rec 0.6156
2026-08-23 09:22:05 |   Val AUC improved to 0.9531, model saved
2026-08-23 09:22:05 | Epoch  14/100 | Train Loss 0.5428 | Val Loss 0.8084 Acc 0.7620 AUC 0.9549 Pre 0.6309 Rec 0.6476
2026-08-23 09:22:05 |   Val AUC improved to 0.9549, model saved
2026-08-23 09:22:05 | Epoch  15/100 | Train Loss 0.4635 | Val Loss 0.8725 Acc 0.7897 AUC 0.9557 Pre 0.6575 Rec 0.7031
2026-08-23 09:22:05 |   Val AUC improved to 0.9557, model saved
2026-08-23 09:22:05 | Epoch  16/100 | Train Loss 0.4208 | Val Loss 0.9646 Acc 0.8007 AUC 0.9566 Pre 0.8048 Rec 0.7316
2026-08-23 09:22:05 |   Val AUC improved to 0.9566, model saved
2026-08-23 09:22:05 | Epoch  17/100 | Train Loss 0.3953 | Val Loss 1.1872 Acc 0.8173 AUC 0.9571 Pre 0.7912 Rec 0.7671
2026-08-23 09:22:05 |   Val AUC improved to 0.9571, model saved
2026-08-23 09:22:05 | Epoch  18/100 | Train Loss 0.4579 | Val Loss 1.0160 Acc 0.8432 AUC 0.9599 Pre 0.8035 Rec 0.8147
2026-08-23 09:22:05 |   Val AUC improved to 0.9599, model saved
2026-08-23 09:22:05 | Epoch  19/100 | Train Loss 0.3195 | Val Loss 1.0860 Acc 0.8210 AUC 0.9574 Pre 0.7816 Rec 0.7878
2026-08-23 09:22:05 | Epoch  20/100 | Train Loss 0.3829 | Val Loss 1.1746 Acc 0.8376 AUC 0.9609 Pre 0.8200 Rec 0.8120
2026-08-23 09:22:05 |   Val AUC improved to 0.9609, model saved
2026-08-23 09:22:05 | Epoch  21/100 | Train Loss 0.2978 | Val Loss 1.2340 Acc 0.8506 AUC 0.9620 Pre 0.8377 Rec 0.8325
2026-08-23 09:22:05 |   Val AUC improved to 0.9620, model saved
2026-08-23 09:22:05 | Epoch  22/100 | Train Loss 0.2968 | Val Loss 1.1516 Acc 0.8506 AUC 0.9647 Pre 0.8276 Rec 0.8363
2026-08-23 09:22:05 |   Val AUC improved to 0.9647, model saved
2026-08-23 09:22:05 | Epoch  23/100 | Train Loss 0.2594 | Val Loss 1.1043 Acc 0.8524 AUC 0.9639 Pre 0.8408 Rec 0.8289
2026-08-23 09:22:05 | Epoch  24/100 | Train Loss 0.2316 | Val Loss 1.1206 Acc 0.8524 AUC 0.9627 Pre 0.8512 Rec 0.8262
2026-08-23 09:22:05 | Epoch  25/100 | Train Loss 0.2366 | Val Loss 1.1127 Acc 0.8579 AUC 0.9639 Pre 0.8558 Rec 0.8372
2026-08-23 09:22:05 | Epoch  26/100 | Train Loss 0.1986 | Val Loss 1.0933 Acc 0.8579 AUC 0.9653 Pre 0.8413 Rec 0.8396
2026-08-23 09:22:05 |   Val AUC improved to 0.9653, model saved
2026-08-23 09:22:05 | Epoch  27/100 | Train Loss 0.1870 | Val Loss 1.0598 Acc 0.8653 AUC 0.9660 Pre 0.8432 Rec 0.8491
2026-08-23 09:22:05 |   Val AUC improved to 0.9660, model saved
2026-08-23 09:22:05 | Epoch  28/100 | Train Loss 0.1748 | Val Loss 1.0637 Acc 0.8598 AUC 0.9649 Pre 0.8518 Rec 0.8392
2026-08-23 09:22:05 | Epoch  29/100 | Train Loss 0.1670 | Val Loss 1.0416 Acc 0.8598 AUC 0.9660 Pre 0.8531 Rec 0.8394
2026-08-23 09:22:05 | Epoch  30/100 | Train Loss 0.1521 | Val Loss 1.0200 Acc 0.8598 AUC 0.9670 Pre 0.8534 Rec 0.8390
2026-08-23 09:22:05 |   Val AUC improved to 0.9670, model saved
2026-08-23 09:22:05 | Epoch  31/100 | Train Loss 0.1388 | Val Loss 1.0167 Acc 0.8672 AUC 0.9675 Pre 0.8602 Rec 0.8479
2026-08-23 09:22:05 |   Val AUC improved to 0.9675, model saved
2026-08-23 09:22:05 | Epoch  32/100 | Train Loss 0.1374 | Val Loss 1.0287 Acc 0.8672 AUC 0.9669 Pre 0.8623 Rec 0.8496
2026-08-23 09:22:05 | Epoch  33/100 | Train Loss 0.1345 | Val Loss 1.0172 Acc 0.8635 AUC 0.9668 Pre 0.8581 Rec 0.8455
2026-08-23 09:22:05 | Epoch  34/100 | Train Loss 0.1161 | Val Loss 1.0028 Acc 0.8616 AUC 0.9668 Pre 0.8482 Rec 0.8454
2026-08-23 09:22:05 | Epoch  35/100 | Train Loss 0.1145 | Val Loss 0.9928 Acc 0.8616 AUC 0.9668 Pre 0.8437 Rec 0.8457
2026-08-23 09:22:05 | Epoch  36/100 | Train Loss 0.1092 | Val Loss 0.9988 Acc 0.8690 AUC 0.9671 Pre 0.8533 Rec 0.8507
2026-08-23 09:22:05 | Epoch  37/100 | Train Loss 0.1035 | Val Loss 1.0137 Acc 0.8635 AUC 0.9670 Pre 0.8498 Rec 0.8446
2026-08-23 09:22:05 | Epoch  38/100 | Train Loss 0.1006 | Val Loss 1.0193 Acc 0.8653 AUC 0.9671 Pre 0.8525 Rec 0.8467
2026-08-23 09:22:05 | Epoch  39/100 | Train Loss 0.0966 | Val Loss 1.0187 Acc 0.8616 AUC 0.9673 Pre 0.8487 Rec 0.8438
2026-08-23 09:22:05 | Epoch  40/100 | Train Loss 0.0884 | Val Loss 1.0238 Acc 0.8635 AUC 0.9673 Pre 0.8499 Rec 0.8470
2026-08-23 09:22:05 | Epoch  41/100 | Train Loss 0.0883 | Val Loss 1.0425 Acc 0.8598 AUC 0.9671 Pre 0.8462 Rec 0.8423
2026-08-23 09:22:05 | Val AUC did not improve for 10 consecutive epochs, early stopping at Epoch 41 (best AUC 0.9675 @ Epoch 31)
2026-08-23 09:22:05 | Run 4/5 | Test (best model @ Epoch 31) | Loss 1.0259 Acc 0.8579 AUC 0.9694 Pre 0.8537 Rec 0.8534
2026-08-23 09:22:05 | ===== Run 5/5 (seed 4) =====
2026-08-23 09:22:05 | Epoch   1/100 | Train Loss 1.9373 | Val Loss 1.8909 Acc 0.3026 AUC 0.8299 Pre 0.0432 Rec 0.1429
2026-08-23 09:22:05 |   Val AUC improved to 0.8299, model saved
2026-08-23 09:22:05 | Epoch   2/100 | Train Loss 1.8905 | Val Loss 1.7558 Acc 0.3026 AUC 0.7987 Pre 0.0432 Rec 0.1429
2026-08-23 09:22:05 | Epoch   3/100 | Train Loss 1.7630 | Val Loss 1.5988 Acc 0.3026 AUC 0.8813 Pre 0.0432 Rec 0.1429
2026-08-23 09:22:05 |   Val AUC improved to 0.8813, model saved
2026-08-23 09:22:05 | Epoch   4/100 | Train Loss 1.6018 | Val Loss 1.4035 Acc 0.4779 AUC 0.9225 Pre 0.3297 Rec 0.3040
2026-08-23 09:22:05 |   Val AUC improved to 0.9225, model saved
2026-08-23 09:22:05 | Epoch   5/100 | Train Loss 1.3939 | Val Loss 1.1729 Acc 0.5369 AUC 0.9302 Pre 0.4399 Rec 0.3679
2026-08-23 09:22:05 |   Val AUC improved to 0.9302, model saved
2026-08-23 09:22:05 | Epoch   6/100 | Train Loss 1.1470 | Val Loss 0.9925 Acc 0.6531 AUC 0.9359 Pre 0.4680 Rec 0.4947
2026-08-23 09:22:05 |   Val AUC improved to 0.9359, model saved
2026-08-23 09:22:05 | Epoch   7/100 | Train Loss 0.9507 | Val Loss 0.8899 Acc 0.7159 AUC 0.9464 Pre 0.4907 Rec 0.5731
2026-08-23 09:22:05 |   Val AUC improved to 0.9464, model saved
2026-08-23 09:22:05 | Epoch   8/100 | Train Loss 0.8326 | Val Loss 0.8176 Acc 0.7491 AUC 0.9529 Pre 0.5432 Rec 0.6118
2026-08-23 09:22:05 |   Val AUC improved to 0.9529, model saved
2026-08-23 09:22:05 | Epoch   9/100 | Train Loss 0.7277 | Val Loss 0.7808 Acc 0.7417 AUC 0.9561 Pre 0.5306 Rec 0.6195
2026-08-23 09:22:05 |   Val AUC improved to 0.9561, model saved
2026-08-23 09:22:05 | Epoch  10/100 | Train Loss 0.6794 | Val Loss 0.7624 Acc 0.7491 AUC 0.9600 Pre 0.5342 Rec 0.6201
2026-08-23 09:22:05 |   Val AUC improved to 0.9600, model saved
2026-08-23 09:22:05 | Epoch  11/100 | Train Loss 0.5913 | Val Loss 0.7723 Acc 0.7583 AUC 0.9601 Pre 0.6844 Rec 0.6260
2026-08-23 09:22:05 |   Val AUC improved to 0.9601, model saved
2026-08-23 09:22:05 | Epoch  12/100 | Train Loss 0.5276 | Val Loss 0.7909 Acc 0.7601 AUC 0.9543 Pre 0.6884 Rec 0.6495
2026-08-23 09:22:05 | Epoch  13/100 | Train Loss 0.4867 | Val Loss 0.8117 Acc 0.8395 AUC 0.9568 Pre 0.8111 Rec 0.8155
2026-08-23 09:22:05 | Epoch  14/100 | Train Loss 0.4225 | Val Loss 0.8713 Acc 0.8247 AUC 0.9592 Pre 0.8072 Rec 0.7822
2026-08-23 09:22:05 | Epoch  15/100 | Train Loss 0.4106 | Val Loss 0.8867 Acc 0.8395 AUC 0.9606 Pre 0.8110 Rec 0.8141
2026-08-23 09:22:05 |   Val AUC improved to 0.9606, model saved
2026-08-23 09:22:05 | Epoch  16/100 | Train Loss 0.3494 | Val Loss 0.9549 Acc 0.8376 AUC 0.9631 Pre 0.8029 Rec 0.8146
2026-08-23 09:22:05 |   Val AUC improved to 0.9631, model saved
2026-08-23 09:22:05 | Epoch  17/100 | Train Loss 0.3243 | Val Loss 1.0327 Acc 0.8524 AUC 0.9644 Pre 0.8413 Rec 0.8284
2026-08-23 09:22:05 |   Val AUC improved to 0.9644, model saved
2026-08-23 09:22:05 | Epoch  18/100 | Train Loss 0.3034 | Val Loss 1.0163 Acc 0.8579 AUC 0.9649 Pre 0.8472 Rec 0.8334
2026-08-23 09:22:05 |   Val AUC improved to 0.9649, model saved
2026-08-23 09:22:05 | Epoch  19/100 | Train Loss 0.2514 | Val Loss 0.9773 Acc 0.8635 AUC 0.9661 Pre 0.8424 Rec 0.8434
2026-08-23 09:22:05 |   Val AUC improved to 0.9661, model saved
2026-08-23 09:22:05 | Epoch  20/100 | Train Loss 0.2291 | Val Loss 0.9921 Acc 0.8487 AUC 0.9670 Pre 0.8319 Rec 0.8391
2026-08-23 09:22:05 |   Val AUC improved to 0.9670, model saved
2026-08-23 09:22:05 | Epoch  21/100 | Train Loss 0.2285 | Val Loss 1.0125 Acc 0.8506 AUC 0.9676 Pre 0.8359 Rec 0.8311
2026-08-23 09:22:05 |   Val AUC improved to 0.9676, model saved
2026-08-23 09:22:05 | Epoch  22/100 | Train Loss 0.1870 | Val Loss 1.0364 Acc 0.8672 AUC 0.9680 Pre 0.8626 Rec 0.8464
2026-08-23 09:22:05 |   Val AUC improved to 0.9680, model saved
2026-08-23 09:22:05 | Epoch  23/100 | Train Loss 0.1822 | Val Loss 1.0018 Acc 0.8653 AUC 0.9694 Pre 0.8545 Rec 0.8494
2026-08-23 09:22:05 |   Val AUC improved to 0.9694, model saved
2026-08-23 09:22:06 | Epoch  24/100 | Train Loss 0.1712 | Val Loss 0.9992 Acc 0.8616 AUC 0.9686 Pre 0.8541 Rec 0.8493
2026-08-23 09:22:06 | Epoch  25/100 | Train Loss 0.1537 | Val Loss 1.0193 Acc 0.8616 AUC 0.9672 Pre 0.8539 Rec 0.8429
2026-08-23 09:22:06 | Epoch  26/100 | Train Loss 0.1523 | Val Loss 1.0488 Acc 0.8579 AUC 0.9674 Pre 0.8508 Rec 0.8394
2026-08-23 09:22:06 | Epoch  27/100 | Train Loss 0.1310 | Val Loss 1.0844 Acc 0.8635 AUC 0.9676 Pre 0.8543 Rec 0.8506
2026-08-23 09:22:06 | Epoch  28/100 | Train Loss 0.1312 | Val Loss 1.0750 Acc 0.8579 AUC 0.9672 Pre 0.8503 Rec 0.8401
2026-08-23 09:22:06 | Epoch  29/100 | Train Loss 0.1165 | Val Loss 1.0544 Acc 0.8690 AUC 0.9672 Pre 0.8594 Rec 0.8523
2026-08-23 09:22:06 | Epoch  30/100 | Train Loss 0.1096 | Val Loss 1.0697 Acc 0.8635 AUC 0.9669 Pre 0.8560 Rec 0.8479
2026-08-23 09:22:06 | Epoch  31/100 | Train Loss 0.1064 | Val Loss 1.1158 Acc 0.8561 AUC 0.9668 Pre 0.8489 Rec 0.8407
2026-08-23 09:22:06 | Epoch  32/100 | Train Loss 0.1023 | Val Loss 1.1583 Acc 0.8561 AUC 0.9665 Pre 0.8505 Rec 0.8373
2026-08-23 09:22:06 | Epoch  33/100 | Train Loss 0.1006 | Val Loss 1.1229 Acc 0.8542 AUC 0.9668 Pre 0.8481 Rec 0.8393
2026-08-23 09:22:06 | Val AUC did not improve for 10 consecutive epochs, early stopping at Epoch 33 (best AUC 0.9694 @ Epoch 23)
2026-08-23 09:22:06 | Run 5/5 | Test (best model @ Epoch 23) | Loss 0.9259 Acc 0.8764 AUC 0.9728 Pre 0.8715 Rec 0.8819
2026-08-23 09:22:06 | Average over 5 runs | Test Loss 0.9919±0.1496 Acc 0.8683±0.0070 AUC 0.9712±0.0020 Pre 0.8602±0.0094 Rec 0.8684±0.0107
2026-08-23 09:33:18 | Device: cuda
2026-08-23 09:33:18 | Args: {'model': 'gcn', 'backbone': 'mlp', 'task': 'cora', 'epochs': 100, 'batch_size': 128, 'lr': 0.01, 'hidden_dims': [512, 256], 'dropout': 0.2, 'z_dim': 256, 'beta': 0.001, 'patience': 10, 'runs': 5, 'seed': 0, 'data_dir': './data', 'save_path': 'output/cora_gcn/cora_gcn.pt', 'log_path': 'output/cora_gcn/train_cora_gcn.log'}
2026-08-23 09:33:19 | Cora 划分（60/20/20 分层）：train 1624 / val 542 / test 542（共 2708 节点，7 类）
2026-08-23 09:33:19 | ===== Run 1/5 (seed 0) =====
2026-08-23 09:33:20 | Epoch   1/100 | Train Loss 1.9542 | Val Loss 1.9069 Acc 0.4539 AUC 0.9091 Pre 0.2552 Rec 0.2889
2026-08-23 09:33:20 |   Val AUC improved to 0.9091, model saved
2026-08-23 09:33:20 | Epoch   2/100 | Train Loss 1.9053 | Val Loss 1.7937 Acc 0.3026 AUC 0.8800 Pre 0.0432 Rec 0.1429
2026-08-23 09:33:20 | Epoch   3/100 | Train Loss 1.7889 | Val Loss 1.6930 Acc 0.3026 AUC 0.8400 Pre 0.0432 Rec 0.1429
2026-08-23 09:33:20 | Epoch   4/100 | Train Loss 1.6884 | Val Loss 1.5509 Acc 0.3100 AUC 0.9059 Pre 0.1864 Rec 0.1497
2026-08-23 09:33:20 | Epoch   5/100 | Train Loss 1.5346 | Val Loss 1.3737 Acc 0.5074 AUC 0.9416 Pre 0.4608 Rec 0.3328
2026-08-23 09:33:20 |   Val AUC improved to 0.9416, model saved
2026-08-23 09:33:20 | Epoch   6/100 | Train Loss 1.3424 | Val Loss 1.1924 Acc 0.6845 AUC 0.9543 Pre 0.5426 Rec 0.5275
2026-08-23 09:33:20 |   Val AUC improved to 0.9543, model saved
2026-08-23 09:33:20 | Epoch   7/100 | Train Loss 1.1474 | Val Loss 1.0021 Acc 0.7306 AUC 0.9607 Pre 0.5329 Rec 0.5838
2026-08-23 09:33:20 |   Val AUC improved to 0.9607, model saved
2026-08-23 09:33:20 | Epoch   8/100 | Train Loss 0.9444 | Val Loss 0.8386 Acc 0.7565 AUC 0.9625 Pre 0.6884 Rec 0.6154
2026-08-23 09:33:20 |   Val AUC improved to 0.9625, model saved
2026-08-23 09:33:20 | Epoch   9/100 | Train Loss 0.7670 | Val Loss 0.7246 Acc 0.7546 AUC 0.9643 Pre 0.6816 Rec 0.6188
2026-08-23 09:33:20 |   Val AUC improved to 0.9643, model saved
2026-08-23 09:33:20 | Epoch  10/100 | Train Loss 0.6282 | Val Loss 0.6423 Acc 0.7860 AUC 0.9671 Pre 0.8395 Rec 0.6689
2026-08-23 09:33:20 |   Val AUC improved to 0.9671, model saved
2026-08-23 09:33:20 | Epoch  11/100 | Train Loss 0.5225 | Val Loss 0.5871 Acc 0.8007 AUC 0.9700 Pre 0.8469 Rec 0.7012
2026-08-23 09:33:20 |   Val AUC improved to 0.9700, model saved
2026-08-23 09:33:20 | Epoch  12/100 | Train Loss 0.4396 | Val Loss 0.5538 Acc 0.8210 AUC 0.9723 Pre 0.8487 Rec 0.7505
2026-08-23 09:33:20 |   Val AUC improved to 0.9723, model saved
2026-08-23 09:33:20 | Epoch  13/100 | Train Loss 0.3701 | Val Loss 0.5330 Acc 0.8579 AUC 0.9736 Pre 0.8402 Rec 0.8292
2026-08-23 09:33:20 |   Val AUC improved to 0.9736, model saved
2026-08-23 09:33:20 | Epoch  14/100 | Train Loss 0.3091 | Val Loss 0.5401 Acc 0.8635 AUC 0.9744 Pre 0.8356 Rec 0.8493
2026-08-23 09:33:20 |   Val AUC improved to 0.9744, model saved
2026-08-23 09:33:20 | Epoch  15/100 | Train Loss 0.2621 | Val Loss 0.5743 Acc 0.8616 AUC 0.9743 Pre 0.8387 Rec 0.8520
2026-08-23 09:33:20 | Epoch  16/100 | Train Loss 0.2419 | Val Loss 0.6024 Acc 0.8672 AUC 0.9741 Pre 0.8441 Rec 0.8499
2026-08-23 09:33:20 | Epoch  17/100 | Train Loss 0.2128 | Val Loss 0.6361 Acc 0.8635 AUC 0.9739 Pre 0.8417 Rec 0.8436
2026-08-23 09:33:20 | Epoch  18/100 | Train Loss 0.1866 | Val Loss 0.6808 Acc 0.8635 AUC 0.9740 Pre 0.8486 Rec 0.8448
2026-08-23 09:33:20 | Epoch  19/100 | Train Loss 0.1646 | Val Loss 0.7344 Acc 0.8635 AUC 0.9741 Pre 0.8581 Rec 0.8450
2026-08-23 09:33:20 | Epoch  20/100 | Train Loss 0.1552 | Val Loss 0.7915 Acc 0.8690 AUC 0.9741 Pre 0.8647 Rec 0.8527
2026-08-23 09:33:20 | Epoch  21/100 | Train Loss 0.1401 | Val Loss 0.8341 Acc 0.8598 AUC 0.9737 Pre 0.8513 Rec 0.8457
2026-08-23 09:33:20 | Epoch  22/100 | Train Loss 0.1301 | Val Loss 0.8745 Acc 0.8561 AUC 0.9735 Pre 0.8439 Rec 0.8420
2026-08-23 09:33:20 | Epoch  23/100 | Train Loss 0.1083 | Val Loss 0.9159 Acc 0.8561 AUC 0.9731 Pre 0.8456 Rec 0.8420
2026-08-23 09:33:20 | Epoch  24/100 | Train Loss 0.0970 | Val Loss 0.9507 Acc 0.8598 AUC 0.9726 Pre 0.8506 Rec 0.8477
2026-08-23 09:33:20 | Val AUC did not improve for 10 consecutive epochs, early stopping at Epoch 24 (best AUC 0.9744 @ Epoch 14)
2026-08-23 09:33:20 | Run 1/5 | Test (best model @ Epoch 14) | Loss 0.5065 Acc 0.8782 AUC 0.9789 Pre 0.8575 Rec 0.8728
2026-08-23 09:33:20 | ===== Run 2/5 (seed 1) =====
2026-08-23 09:33:20 | Epoch   1/100 | Train Loss 1.9356 | Val Loss 1.8872 Acc 0.3026 AUC 0.9061 Pre 0.0432 Rec 0.1429
2026-08-23 09:33:20 |   Val AUC improved to 0.9061, model saved
2026-08-23 09:33:20 | Epoch   2/100 | Train Loss 1.8855 | Val Loss 1.7769 Acc 0.3026 AUC 0.8747 Pre 0.0432 Rec 0.1429
2026-08-23 09:33:20 | Epoch   3/100 | Train Loss 1.7730 | Val Loss 1.6981 Acc 0.3026 AUC 0.8408 Pre 0.0432 Rec 0.1429
2026-08-23 09:33:20 | Epoch   4/100 | Train Loss 1.6942 | Val Loss 1.5396 Acc 0.3026 AUC 0.9167 Pre 0.0432 Rec 0.1429
2026-08-23 09:33:20 |   Val AUC improved to 0.9167, model saved
2026-08-23 09:33:20 | Epoch   5/100 | Train Loss 1.5246 | Val Loss 1.3840 Acc 0.5240 AUC 0.9444 Pre 0.5596 Rec 0.3491
2026-08-23 09:33:20 |   Val AUC improved to 0.9444, model saved
2026-08-23 09:33:20 | Epoch   6/100 | Train Loss 1.3573 | Val Loss 1.2088 Acc 0.6993 AUC 0.9541 Pre 0.5315 Rec 0.5475
2026-08-23 09:33:20 |   Val AUC improved to 0.9541, model saved
2026-08-23 09:33:20 | Epoch   7/100 | Train Loss 1.1683 | Val Loss 1.0129 Acc 0.7343 AUC 0.9581 Pre 0.5368 Rec 0.5918
2026-08-23 09:33:20 |   Val AUC improved to 0.9581, model saved
2026-08-23 09:33:20 | Epoch   8/100 | Train Loss 0.9621 | Val Loss 0.8480 Acc 0.7509 AUC 0.9596 Pre 0.6889 Rec 0.6126
2026-08-23 09:33:20 |   Val AUC improved to 0.9596, model saved
2026-08-23 09:33:20 | Epoch   9/100 | Train Loss 0.7794 | Val Loss 0.7363 Acc 0.7583 AUC 0.9623 Pre 0.6851 Rec 0.6253
2026-08-23 09:33:20 |   Val AUC improved to 0.9623, model saved
2026-08-23 09:33:20 | Epoch  10/100 | Train Loss 0.6440 | Val Loss 0.6584 Acc 0.7768 AUC 0.9655 Pre 0.8352 Rec 0.6530
2026-08-23 09:33:20 |   Val AUC improved to 0.9655, model saved
2026-08-23 09:33:20 | Epoch  11/100 | Train Loss 0.5435 | Val Loss 0.6051 Acc 0.7786 AUC 0.9685 Pre 0.8321 Rec 0.6701
2026-08-23 09:33:20 |   Val AUC improved to 0.9685, model saved
2026-08-23 09:33:20 | Epoch  12/100 | Train Loss 0.4652 | Val Loss 0.5635 Acc 0.8284 AUC 0.9702 Pre 0.8500 Rec 0.7685
2026-08-23 09:33:20 |   Val AUC improved to 0.9702, model saved
2026-08-23 09:33:20 | Epoch  13/100 | Train Loss 0.3873 | Val Loss 0.5299 Acc 0.8561 AUC 0.9722 Pre 0.8441 Rec 0.8254
2026-08-23 09:33:20 |   Val AUC improved to 0.9722, model saved
2026-08-23 09:33:20 | Epoch  14/100 | Train Loss 0.3146 | Val Loss 0.5268 Acc 0.8672 AUC 0.9735 Pre 0.8423 Rec 0.8475
2026-08-23 09:33:20 |   Val AUC improved to 0.9735, model saved
2026-08-23 09:33:20 | Epoch  15/100 | Train Loss 0.2673 | Val Loss 0.5570 Acc 0.8616 AUC 0.9741 Pre 0.8382 Rec 0.8478
2026-08-23 09:33:20 |   Val AUC improved to 0.9741, model saved
2026-08-23 09:33:20 | Epoch  16/100 | Train Loss 0.2443 | Val Loss 0.5838 Acc 0.8653 AUC 0.9747 Pre 0.8406 Rec 0.8515
2026-08-23 09:33:20 |   Val AUC improved to 0.9747, model saved
2026-08-23 09:33:20 | Epoch  17/100 | Train Loss 0.2201 | Val Loss 0.6030 Acc 0.8653 AUC 0.9752 Pre 0.8404 Rec 0.8480
2026-08-23 09:33:20 |   Val AUC improved to 0.9752, model saved
2026-08-23 09:33:20 | Epoch  18/100 | Train Loss 0.1900 | Val Loss 0.6406 Acc 0.8635 AUC 0.9755 Pre 0.8419 Rec 0.8443
2026-08-23 09:33:20 |   Val AUC improved to 0.9755, model saved
2026-08-23 09:33:20 | Epoch  19/100 | Train Loss 0.1710 | Val Loss 0.6889 Acc 0.8616 AUC 0.9756 Pre 0.8488 Rec 0.8429
2026-08-23 09:33:20 |   Val AUC improved to 0.9756, model saved
2026-08-23 09:33:20 | Epoch  20/100 | Train Loss 0.1523 | Val Loss 0.7492 Acc 0.8635 AUC 0.9752 Pre 0.8583 Rec 0.8450
2026-08-23 09:33:20 | Epoch  21/100 | Train Loss 0.1438 | Val Loss 0.7982 Acc 0.8598 AUC 0.9750 Pre 0.8551 Rec 0.8408
2026-08-23 09:33:20 | Epoch  22/100 | Train Loss 0.1252 | Val Loss 0.8344 Acc 0.8579 AUC 0.9746 Pre 0.8486 Rec 0.8381
2026-08-23 09:33:20 | Epoch  23/100 | Train Loss 0.1106 | Val Loss 0.8678 Acc 0.8598 AUC 0.9743 Pre 0.8468 Rec 0.8460
2026-08-23 09:33:20 | Epoch  24/100 | Train Loss 0.0968 | Val Loss 0.8989 Acc 0.8542 AUC 0.9740 Pre 0.8405 Rec 0.8380
2026-08-23 09:33:20 | Epoch  25/100 | Train Loss 0.0844 | Val Loss 0.9321 Acc 0.8579 AUC 0.9736 Pre 0.8447 Rec 0.8444
2026-08-23 09:33:20 | Epoch  26/100 | Train Loss 0.0792 | Val Loss 0.9630 Acc 0.8616 AUC 0.9733 Pre 0.8474 Rec 0.8497
2026-08-23 09:33:20 | Epoch  27/100 | Train Loss 0.0761 | Val Loss 0.9889 Acc 0.8653 AUC 0.9728 Pre 0.8522 Rec 0.8545
2026-08-23 09:33:20 | Epoch  28/100 | Train Loss 0.0697 | Val Loss 1.0157 Acc 0.8690 AUC 0.9725 Pre 0.8542 Rec 0.8585
2026-08-23 09:33:20 | Epoch  29/100 | Train Loss 0.0621 | Val Loss 1.0495 Acc 0.8672 AUC 0.9722 Pre 0.8559 Rec 0.8536
2026-08-23 09:33:20 | Val AUC did not improve for 10 consecutive epochs, early stopping at Epoch 29 (best AUC 0.9756 @ Epoch 19)
2026-08-23 09:33:20 | Run 2/5 | Test (best model @ Epoch 19) | Loss 0.6050 Acc 0.8838 AUC 0.9806 Pre 0.8793 Rec 0.8742
2026-08-23 09:33:20 | ===== Run 3/5 (seed 2) =====
2026-08-23 09:33:20 | Epoch   1/100 | Train Loss 1.9521 | Val Loss 1.9050 Acc 0.5000 AUC 0.9146 Pre 0.2491 Rec 0.3347
2026-08-23 09:33:20 |   Val AUC improved to 0.9146, model saved
2026-08-23 09:33:20 | Epoch   2/100 | Train Loss 1.9034 | Val Loss 1.7926 Acc 0.3026 AUC 0.8945 Pre 0.0432 Rec 0.1429
2026-08-23 09:33:20 | Epoch   3/100 | Train Loss 1.7893 | Val Loss 1.6850 Acc 0.3026 AUC 0.8711 Pre 0.0432 Rec 0.1429
2026-08-23 09:33:20 | Epoch   4/100 | Train Loss 1.6798 | Val Loss 1.5427 Acc 0.3026 AUC 0.9173 Pre 0.0432 Rec 0.1429
2026-08-23 09:33:20 |   Val AUC improved to 0.9173, model saved
2026-08-23 09:33:20 | Epoch   5/100 | Train Loss 1.5269 | Val Loss 1.3553 Acc 0.5055 AUC 0.9449 Pre 0.6028 Rec 0.3334
2026-08-23 09:33:20 |   Val AUC improved to 0.9449, model saved
2026-08-23 09:33:20 | Epoch   6/100 | Train Loss 1.3226 | Val Loss 1.1636 Acc 0.7325 AUC 0.9573 Pre 0.5534 Rec 0.5916
2026-08-23 09:33:20 |   Val AUC improved to 0.9573, model saved
2026-08-23 09:33:20 | Epoch   7/100 | Train Loss 1.1151 | Val Loss 0.9599 Acc 0.7546 AUC 0.9623 Pre 0.6826 Rec 0.6258
2026-08-23 09:33:20 |   Val AUC improved to 0.9623, model saved
2026-08-23 09:33:20 | Epoch   8/100 | Train Loss 0.8977 | Val Loss 0.7864 Acc 0.7583 AUC 0.9649 Pre 0.6780 Rec 0.6324
2026-08-23 09:33:20 |   Val AUC improved to 0.9649, model saved
2026-08-23 09:33:20 | Epoch   9/100 | Train Loss 0.7037 | Val Loss 0.6757 Acc 0.7675 AUC 0.9670 Pre 0.8295 Rec 0.6486
2026-08-23 09:33:20 |   Val AUC improved to 0.9670, model saved
2026-08-23 09:33:20 | Epoch  10/100 | Train Loss 0.5681 | Val Loss 0.6078 Acc 0.7915 AUC 0.9694 Pre 0.8417 Rec 0.6888
2026-08-23 09:33:20 |   Val AUC improved to 0.9694, model saved
2026-08-23 09:33:20 | Epoch  11/100 | Train Loss 0.4683 | Val Loss 0.5607 Acc 0.8247 AUC 0.9715 Pre 0.8583 Rec 0.7525
2026-08-23 09:33:20 |   Val AUC improved to 0.9715, model saved
2026-08-23 09:33:20 | Epoch  12/100 | Train Loss 0.3883 | Val Loss 0.5294 Acc 0.8616 AUC 0.9731 Pre 0.8679 Rec 0.8288
2026-08-23 09:33:20 |   Val AUC improved to 0.9731, model saved
2026-08-23 09:33:20 | Epoch  13/100 | Train Loss 0.3223 | Val Loss 0.5242 Acc 0.8635 AUC 0.9744 Pre 0.8390 Rec 0.8419
2026-08-23 09:33:20 |   Val AUC improved to 0.9744, model saved
2026-08-23 09:33:20 | Epoch  14/100 | Train Loss 0.2726 | Val Loss 0.5515 Acc 0.8653 AUC 0.9749 Pre 0.8430 Rec 0.8478
2026-08-23 09:33:20 |   Val AUC improved to 0.9749, model saved
2026-08-23 09:33:20 | Epoch  15/100 | Train Loss 0.2461 | Val Loss 0.5787 Acc 0.8672 AUC 0.9751 Pre 0.8454 Rec 0.8495
2026-08-23 09:33:20 |   Val AUC improved to 0.9751, model saved
2026-08-23 09:33:20 | Epoch  16/100 | Train Loss 0.2185 | Val Loss 0.6067 Acc 0.8708 AUC 0.9750 Pre 0.8524 Rec 0.8509
2026-08-23 09:33:20 | Epoch  17/100 | Train Loss 0.1884 | Val Loss 0.6513 Acc 0.8672 AUC 0.9752 Pre 0.8573 Rec 0.8479
2026-08-23 09:33:20 |   Val AUC improved to 0.9752, model saved
2026-08-23 09:33:20 | Epoch  18/100 | Train Loss 0.1708 | Val Loss 0.7059 Acc 0.8635 AUC 0.9753 Pre 0.8563 Rec 0.8442
2026-08-23 09:33:20 |   Val AUC improved to 0.9753, model saved
2026-08-23 09:33:21 | Epoch  19/100 | Train Loss 0.1558 | Val Loss 0.7647 Acc 0.8672 AUC 0.9750 Pre 0.8612 Rec 0.8507
2026-08-23 09:33:21 | Epoch  20/100 | Train Loss 0.1406 | Val Loss 0.8171 Acc 0.8579 AUC 0.9746 Pre 0.8501 Rec 0.8420
2026-08-23 09:33:21 | Epoch  21/100 | Train Loss 0.1218 | Val Loss 0.8641 Acc 0.8616 AUC 0.9739 Pre 0.8558 Rec 0.8473
2026-08-23 09:33:21 | Epoch  22/100 | Train Loss 0.1113 | Val Loss 0.9105 Acc 0.8598 AUC 0.9734 Pre 0.8499 Rec 0.8472
2026-08-23 09:33:21 | Epoch  23/100 | Train Loss 0.0949 | Val Loss 0.9578 Acc 0.8616 AUC 0.9729 Pre 0.8518 Rec 0.8482
2026-08-23 09:33:21 | Epoch  24/100 | Train Loss 0.0874 | Val Loss 0.9998 Acc 0.8598 AUC 0.9725 Pre 0.8495 Rec 0.8465
2026-08-23 09:33:21 | Epoch  25/100 | Train Loss 0.0814 | Val Loss 1.0260 Acc 0.8672 AUC 0.9723 Pre 0.8547 Rec 0.8534
2026-08-23 09:33:21 | Epoch  26/100 | Train Loss 0.0710 | Val Loss 1.0523 Acc 0.8616 AUC 0.9719 Pre 0.8455 Rec 0.8447
2026-08-23 09:33:21 | Epoch  27/100 | Train Loss 0.0659 | Val Loss 1.0846 Acc 0.8616 AUC 0.9718 Pre 0.8498 Rec 0.8454
2026-08-23 09:33:21 | Epoch  28/100 | Train Loss 0.0582 | Val Loss 1.1239 Acc 0.8690 AUC 0.9716 Pre 0.8604 Rec 0.8535
2026-08-23 09:33:21 | Val AUC did not improve for 10 consecutive epochs, early stopping at Epoch 28 (best AUC 0.9753 @ Epoch 18)
2026-08-23 09:33:21 | Run 3/5 | Test (best model @ Epoch 18) | Loss 0.6311 Acc 0.8727 AUC 0.9801 Pre 0.8681 Rec 0.8587
2026-08-23 09:33:21 | ===== Run 4/5 (seed 3) =====
2026-08-23 09:33:21 | Epoch   1/100 | Train Loss 1.9346 | Val Loss 1.8875 Acc 0.3026 AUC 0.9173 Pre 0.0432 Rec 0.1429
2026-08-23 09:33:21 |   Val AUC improved to 0.9173, model saved
2026-08-23 09:33:21 | Epoch   2/100 | Train Loss 1.8863 | Val Loss 1.7781 Acc 0.3026 AUC 0.8929 Pre 0.0432 Rec 0.1429
2026-08-23 09:33:21 | Epoch   3/100 | Train Loss 1.7751 | Val Loss 1.6796 Acc 0.3026 AUC 0.8672 Pre 0.0432 Rec 0.1429
2026-08-23 09:33:21 | Epoch   4/100 | Train Loss 1.6773 | Val Loss 1.5246 Acc 0.3026 AUC 0.9228 Pre 0.0432 Rec 0.1429
2026-08-23 09:33:21 |   Val AUC improved to 0.9228, model saved
2026-08-23 09:33:21 | Epoch   5/100 | Train Loss 1.5090 | Val Loss 1.3479 Acc 0.5351 AUC 0.9476 Pre 0.4324 Rec 0.3588
2026-08-23 09:33:21 |   Val AUC improved to 0.9476, model saved
2026-08-23 09:33:21 | Epoch   6/100 | Train Loss 1.3200 | Val Loss 1.1625 Acc 0.7066 AUC 0.9567 Pre 0.5470 Rec 0.5531
2026-08-23 09:33:21 |   Val AUC improved to 0.9567, model saved
2026-08-23 09:33:21 | Epoch   7/100 | Train Loss 1.1203 | Val Loss 0.9672 Acc 0.7472 AUC 0.9607 Pre 0.6938 Rec 0.6076
2026-08-23 09:33:21 |   Val AUC improved to 0.9607, model saved
2026-08-23 09:33:21 | Epoch   8/100 | Train Loss 0.9107 | Val Loss 0.8038 Acc 0.7638 AUC 0.9625 Pre 0.8399 Rec 0.6329
2026-08-23 09:33:21 |   Val AUC improved to 0.9625, model saved
2026-08-23 09:33:21 | Epoch   9/100 | Train Loss 0.7279 | Val Loss 0.6899 Acc 0.7897 AUC 0.9653 Pre 0.8532 Rec 0.6784
2026-08-23 09:33:21 |   Val AUC improved to 0.9653, model saved
2026-08-23 09:33:21 | Epoch  10/100 | Train Loss 0.5904 | Val Loss 0.6114 Acc 0.8044 AUC 0.9682 Pre 0.8493 Rec 0.7135
2026-08-23 09:33:21 |   Val AUC improved to 0.9682, model saved
2026-08-23 09:33:21 | Epoch  11/100 | Train Loss 0.4853 | Val Loss 0.5602 Acc 0.8339 AUC 0.9705 Pre 0.8557 Rec 0.7798
2026-08-23 09:33:21 |   Val AUC improved to 0.9705, model saved
2026-08-23 09:33:21 | Epoch  12/100 | Train Loss 0.4030 | Val Loss 0.5250 Acc 0.8561 AUC 0.9728 Pre 0.8490 Rec 0.8254
2026-08-23 09:33:21 |   Val AUC improved to 0.9728, model saved
2026-08-23 09:33:21 | Epoch  13/100 | Train Loss 0.3303 | Val Loss 0.5129 Acc 0.8598 AUC 0.9748 Pre 0.8313 Rec 0.8365
2026-08-23 09:33:21 |   Val AUC improved to 0.9748, model saved
2026-08-23 09:33:21 | Epoch  14/100 | Train Loss 0.2734 | Val Loss 0.5343 Acc 0.8616 AUC 0.9758 Pre 0.8362 Rec 0.8454
2026-08-23 09:33:21 |   Val AUC improved to 0.9758, model saved
2026-08-23 09:33:21 | Epoch  15/100 | Train Loss 0.2406 | Val Loss 0.5706 Acc 0.8635 AUC 0.9756 Pre 0.8447 Rec 0.8455
2026-08-23 09:33:21 | Epoch  16/100 | Train Loss 0.2220 | Val Loss 0.5981 Acc 0.8672 AUC 0.9758 Pre 0.8480 Rec 0.8472
2026-08-23 09:33:21 | Epoch  17/100 | Train Loss 0.1952 | Val Loss 0.6316 Acc 0.8672 AUC 0.9761 Pre 0.8517 Rec 0.8495
2026-08-23 09:33:21 |   Val AUC improved to 0.9761, model saved
2026-08-23 09:33:21 | Epoch  18/100 | Train Loss 0.1767 | Val Loss 0.6752 Acc 0.8690 AUC 0.9763 Pre 0.8579 Rec 0.8516
2026-08-23 09:33:21 |   Val AUC improved to 0.9763, model saved
2026-08-23 09:33:21 | Epoch  19/100 | Train Loss 0.1591 | Val Loss 0.7287 Acc 0.8653 AUC 0.9762 Pre 0.8582 Rec 0.8471
2026-08-23 09:33:21 | Epoch  20/100 | Train Loss 0.1494 | Val Loss 0.7797 Acc 0.8672 AUC 0.9760 Pre 0.8610 Rec 0.8488
2026-08-23 09:33:21 | Epoch  21/100 | Train Loss 0.1316 | Val Loss 0.8286 Acc 0.8616 AUC 0.9756 Pre 0.8544 Rec 0.8457
2026-08-23 09:33:21 | Epoch  22/100 | Train Loss 0.1131 | Val Loss 0.8698 Acc 0.8616 AUC 0.9751 Pre 0.8501 Rec 0.8487
2026-08-23 09:33:21 | Epoch  23/100 | Train Loss 0.0987 | Val Loss 0.9077 Acc 0.8598 AUC 0.9745 Pre 0.8483 Rec 0.8470
2026-08-23 09:33:21 | Epoch  24/100 | Train Loss 0.0917 | Val Loss 0.9434 Acc 0.8616 AUC 0.9739 Pre 0.8501 Rec 0.8485
2026-08-23 09:33:21 | Epoch  25/100 | Train Loss 0.0781 | Val Loss 0.9818 Acc 0.8598 AUC 0.9734 Pre 0.8497 Rec 0.8465
2026-08-23 09:33:21 | Epoch  26/100 | Train Loss 0.0739 | Val Loss 1.0154 Acc 0.8635 AUC 0.9731 Pre 0.8514 Rec 0.8506
2026-08-23 09:33:21 | Epoch  27/100 | Train Loss 0.0708 | Val Loss 1.0374 Acc 0.8653 AUC 0.9728 Pre 0.8541 Rec 0.8556
2026-08-23 09:33:21 | Epoch  28/100 | Train Loss 0.0665 | Val Loss 1.0602 Acc 0.8653 AUC 0.9726 Pre 0.8522 Rec 0.8518
2026-08-23 09:33:21 | Val AUC did not improve for 10 consecutive epochs, early stopping at Epoch 28 (best AUC 0.9763 @ Epoch 18)
2026-08-23 09:33:21 | Run 4/5 | Test (best model @ Epoch 18) | Loss 0.6190 Acc 0.8727 AUC 0.9802 Pre 0.8712 Rec 0.8627
2026-08-23 09:33:21 | ===== Run 5/5 (seed 4) =====
2026-08-23 09:33:21 | Epoch   1/100 | Train Loss 1.9530 | Val Loss 1.9055 Acc 0.4926 AUC 0.9213 Pre 0.2625 Rec 0.3270
2026-08-23 09:33:21 |   Val AUC improved to 0.9213, model saved
2026-08-23 09:33:21 | Epoch   2/100 | Train Loss 1.9036 | Val Loss 1.7892 Acc 0.3026 AUC 0.8931 Pre 0.0432 Rec 0.1429
2026-08-23 09:33:21 | Epoch   3/100 | Train Loss 1.7848 | Val Loss 1.6748 Acc 0.3026 AUC 0.8588 Pre 0.0432 Rec 0.1429
2026-08-23 09:33:21 | Epoch   4/100 | Train Loss 1.6686 | Val Loss 1.5220 Acc 0.3137 AUC 0.9122 Pre 0.1866 Rec 0.1531
2026-08-23 09:33:21 | Epoch   5/100 | Train Loss 1.5039 | Val Loss 1.3241 Acc 0.5387 AUC 0.9433 Pre 0.5722 Rec 0.3640
2026-08-23 09:33:21 |   Val AUC improved to 0.9433, model saved
2026-08-23 09:33:21 | Epoch   6/100 | Train Loss 1.2918 | Val Loss 1.1325 Acc 0.7288 AUC 0.9546 Pre 0.5414 Rec 0.5839
2026-08-23 09:33:21 |   Val AUC improved to 0.9546, model saved
2026-08-23 09:33:21 | Epoch   7/100 | Train Loss 1.0892 | Val Loss 0.9433 Acc 0.7565 AUC 0.9596 Pre 0.5473 Rec 0.6201
2026-08-23 09:33:21 |   Val AUC improved to 0.9596, model saved
2026-08-23 09:33:21 | Epoch   8/100 | Train Loss 0.8890 | Val Loss 0.7900 Acc 0.7583 AUC 0.9627 Pre 0.5437 Rec 0.6237
2026-08-23 09:33:21 |   Val AUC improved to 0.9627, model saved
2026-08-23 09:33:21 | Epoch   9/100 | Train Loss 0.7159 | Val Loss 0.6956 Acc 0.7657 AUC 0.9651 Pre 0.6891 Rec 0.6339
2026-08-23 09:33:21 |   Val AUC improved to 0.9651, model saved
2026-08-23 09:33:21 | Epoch  10/100 | Train Loss 0.5956 | Val Loss 0.6349 Acc 0.7897 AUC 0.9676 Pre 0.8421 Rec 0.6770
2026-08-23 09:33:21 |   Val AUC improved to 0.9676, model saved
2026-08-23 09:33:21 | Epoch  11/100 | Train Loss 0.5044 | Val Loss 0.5884 Acc 0.8137 AUC 0.9697 Pre 0.8447 Rec 0.7249
2026-08-23 09:33:21 |   Val AUC improved to 0.9697, model saved
2026-08-23 09:33:21 | Epoch  12/100 | Train Loss 0.4267 | Val Loss 0.5530 Acc 0.8542 AUC 0.9715 Pre 0.8722 Rec 0.8076
2026-08-23 09:33:21 |   Val AUC improved to 0.9715, model saved
2026-08-23 09:33:21 | Epoch  13/100 | Train Loss 0.3571 | Val Loss 0.5323 Acc 0.8653 AUC 0.9731 Pre 0.8524 Rec 0.8382
2026-08-23 09:33:21 |   Val AUC improved to 0.9731, model saved
2026-08-23 09:33:21 | Epoch  14/100 | Train Loss 0.2966 | Val Loss 0.5406 Acc 0.8616 AUC 0.9745 Pre 0.8363 Rec 0.8457
2026-08-23 09:33:21 |   Val AUC improved to 0.9745, model saved
2026-08-23 09:33:21 | Epoch  15/100 | Train Loss 0.2559 | Val Loss 0.5721 Acc 0.8635 AUC 0.9753 Pre 0.8383 Rec 0.8500
2026-08-23 09:33:21 |   Val AUC improved to 0.9753, model saved
2026-08-23 09:33:21 | Epoch  16/100 | Train Loss 0.2351 | Val Loss 0.6007 Acc 0.8653 AUC 0.9752 Pre 0.8400 Rec 0.8494
2026-08-23 09:33:21 | Epoch  17/100 | Train Loss 0.2089 | Val Loss 0.6388 Acc 0.8635 AUC 0.9748 Pre 0.8407 Rec 0.8474
2026-08-23 09:33:21 | Epoch  18/100 | Train Loss 0.1826 | Val Loss 0.6868 Acc 0.8616 AUC 0.9748 Pre 0.8443 Rec 0.8415
2026-08-23 09:33:21 | Epoch  19/100 | Train Loss 0.1597 | Val Loss 0.7466 Acc 0.8598 AUC 0.9748 Pre 0.8531 Rec 0.8377
2026-08-23 09:33:21 | Epoch  20/100 | Train Loss 0.1449 | Val Loss 0.8049 Acc 0.8598 AUC 0.9746 Pre 0.8542 Rec 0.8398
2026-08-23 09:33:21 | Epoch  21/100 | Train Loss 0.1331 | Val Loss 0.8498 Acc 0.8579 AUC 0.9743 Pre 0.8511 Rec 0.8415
2026-08-23 09:33:21 | Epoch  22/100 | Train Loss 0.1155 | Val Loss 0.8899 Acc 0.8579 AUC 0.9739 Pre 0.8487 Rec 0.8427
2026-08-23 09:33:21 | Epoch  23/100 | Train Loss 0.1009 | Val Loss 0.9274 Acc 0.8635 AUC 0.9738 Pre 0.8537 Rec 0.8489
2026-08-23 09:33:21 | Epoch  24/100 | Train Loss 0.0899 | Val Loss 0.9622 Acc 0.8672 AUC 0.9734 Pre 0.8552 Rec 0.8553
2026-08-23 09:33:21 | Epoch  25/100 | Train Loss 0.0810 | Val Loss 0.9966 Acc 0.8672 AUC 0.9731 Pre 0.8550 Rec 0.8540
2026-08-23 09:33:21 | Val AUC did not improve for 10 consecutive epochs, early stopping at Epoch 25 (best AUC 0.9753 @ Epoch 15)
2026-08-23 09:33:21 | Run 5/5 | Test (best model @ Epoch 15) | Loss 0.5391 Acc 0.8764 AUC 0.9791 Pre 0.8598 Rec 0.8753
2026-08-23 09:33:21 | Average over 5 runs | Test Loss 0.5801±0.0544 Acc 0.8768±0.0046 AUC 0.9798±0.0007 Pre 0.8672±0.0088 Rec 0.8688±0.0075
