2026-08-30 00:23:50 | Device: cuda
2026-08-30 00:23:50 | Args: {'model': 'ceb', 'backbone': 'mlp', 'task': 'mnist', 'epochs': 400, 'batch_size': 512, 'lr': 0.001, 'hidden_dims': [512, 256], 'dropout': 0.2, 'z_dim': 256, 'anchor_scale': 4.0, 'max_len': 250, 'random_labels': False, 'beta': 1.0, 'patience': 400, 'runs': 5, 'seed': 0, 'data_dir': './data', 'save_path': 'output/mnist_mlp_ceb/mnist_mlp_ceb.pt', 'log_path': '/root/autodl-tmp/FGIB/tune_results_ablation/longtrain/mnist_mlp_ceb_beta_1/train.log', 'no_save': True, 'freeze_a': False, 'a_identity': False, 'cosine_classifier': False, 'log_variance_stats': True, 'subject_disjoint': False}
2026-08-30 00:23:51 | ===== Run 1/5 (seed 0) =====
2026-08-30 00:23:55 | Epoch   1/400 | Train Loss 2.4292 Acc 0.0988 | Val Loss 2.3015 Acc 0.1061 AUC 0.5000 Pre 0.0106 Rec 0.1000
2026-08-30 00:23:55 | Diag logvar_q_mean=-0.0107 logvar_q_clamp=0.0000 logvar_p_mean=-0.0105 logvar_p_clamp=0.0000
2026-08-30 00:23:55 |   Val AUC improved to 0.5000, model saved
2026-08-30 00:23:58 | Epoch   2/400 | Train Loss 2.3283 Acc 0.0996 | Val Loss 2.3010 Acc 0.1129 AUC 0.5000 Pre 0.0113 Rec 0.1000
2026-08-30 00:23:59 | Diag logvar_q_mean=-0.0210 logvar_q_clamp=0.0000 logvar_p_mean=-0.0209 logvar_p_clamp=0.0000
2026-08-30 00:24:03 | Epoch   3/400 | Train Loss 2.3133 Acc 0.1013 | Val Loss 2.3008 Acc 0.1129 AUC 0.5000 Pre 0.0113 Rec 0.1000
2026-08-30 00:24:03 | Diag logvar_q_mean=-0.0269 logvar_q_clamp=0.0000 logvar_p_mean=-0.0269 logvar_p_clamp=0.0000
2026-08-30 00:24:06 | Epoch   4/400 | Train Loss 2.3096 Acc 0.1047 | Val Loss 2.3008 Acc 0.1129 AUC 0.5000 Pre 0.0113 Rec 0.1000
2026-08-30 00:24:07 | Diag logvar_q_mean=-0.0319 logvar_q_clamp=0.0000 logvar_p_mean=-0.0319 logvar_p_clamp=0.0000
2026-08-30 00:24:10 | Epoch   5/400 | Train Loss 2.3106 Acc 0.1005 | Val Loss 2.3008 Acc 0.1129 AUC 0.5000 Pre 0.0113 Rec 0.1000
2026-08-30 00:24:11 | Diag logvar_q_mean=-0.0376 logvar_q_clamp=0.0000 logvar_p_mean=-0.0375 logvar_p_clamp=0.0000
2026-08-30 00:24:14 | Epoch   6/400 | Train Loss 2.3097 Acc 0.1031 | Val Loss 2.3008 Acc 0.1129 AUC 0.5000 Pre 0.0113 Rec 0.1000
2026-08-30 00:24:15 | Diag logvar_q_mean=-0.0434 logvar_q_clamp=0.0000 logvar_p_mean=-0.0434 logvar_p_clamp=0.0000
2026-08-30 00:24:18 | Epoch   7/400 | Train Loss 2.3095 Acc 0.1019 | Val Loss 2.3008 Acc 0.1129 AUC 0.5000 Pre 0.0113 Rec 0.1000
2026-08-30 00:24:19 | Diag logvar_q_mean=-0.0497 logvar_q_clamp=0.0000 logvar_p_mean=-0.0497 logvar_p_clamp=0.0000
2026-08-30 00:24:22 | Epoch   8/400 | Train Loss 2.3095 Acc 0.1047 | Val Loss 2.3008 Acc 0.1129 AUC 0.5000 Pre 0.0113 Rec 0.1000
2026-08-30 00:24:23 | Diag logvar_q_mean=-0.0563 logvar_q_clamp=0.0000 logvar_p_mean=-0.0563 logvar_p_clamp=0.0000
2026-08-30 00:24:26 | Epoch   9/400 | Train Loss 2.3090 Acc 0.1055 | Val Loss 2.3008 Acc 0.1129 AUC 0.5000 Pre 0.0113 Rec 0.1000
2026-08-30 00:24:26 | Diag logvar_q_mean=-0.0632 logvar_q_clamp=0.0000 logvar_p_mean=-0.0632 logvar_p_clamp=0.0000
2026-08-30 00:24:30 | Epoch  10/400 | Train Loss 2.3088 Acc 0.1030 | Val Loss 2.3008 Acc 0.1129 AUC 0.5000 Pre 0.0113 Rec 0.1000
2026-08-30 00:24:30 | Diag logvar_q_mean=-0.0705 logvar_q_clamp=0.0000 logvar_p_mean=-0.0705 logvar_p_clamp=0.0000
2026-08-30 00:24:33 | Epoch  11/400 | Train Loss 2.3090 Acc 0.1023 | Val Loss 2.3008 Acc 0.1129 AUC 0.5000 Pre 0.0113 Rec 0.1000
2026-08-30 00:24:34 | Diag logvar_q_mean=-0.0781 logvar_q_clamp=0.0000 logvar_p_mean=-0.0781 logvar_p_clamp=0.0000
2026-08-30 00:24:37 | Epoch  12/400 | Train Loss 2.3100 Acc 0.1047 | Val Loss 2.3008 Acc 0.1129 AUC 0.5000 Pre 0.0113 Rec 0.1000
2026-08-30 00:24:38 | Diag logvar_q_mean=-0.0865 logvar_q_clamp=0.0000 logvar_p_mean=-0.0864 logvar_p_clamp=0.0000
2026-08-30 00:24:41 | Epoch  13/400 | Train Loss 2.3091 Acc 0.1041 | Val Loss 2.3007 Acc 0.1129 AUC 0.5000 Pre 0.0113 Rec 0.1000
2026-08-30 00:24:42 | Diag logvar_q_mean=-0.0945 logvar_q_clamp=0.0000 logvar_p_mean=-0.0945 logvar_p_clamp=0.0000
2026-08-30 00:24:45 | Epoch  14/400 | Train Loss 2.3088 Acc 0.1018 | Val Loss 2.3007 Acc 0.1129 AUC 0.5000 Pre 0.0113 Rec 0.1000
2026-08-30 00:24:45 | Diag logvar_q_mean=-0.1028 logvar_q_clamp=0.0000 logvar_p_mean=-0.1028 logvar_p_clamp=0.0000
2026-08-30 00:24:49 | Epoch  15/400 | Train Loss 2.3099 Acc 0.1049 | Val Loss 2.3007 Acc 0.1129 AUC 0.5000 Pre 0.0113 Rec 0.1000
2026-08-30 00:24:49 | Diag logvar_q_mean=-0.1117 logvar_q_clamp=0.0000 logvar_p_mean=-0.1117 logvar_p_clamp=0.0000
2026-08-30 00:24:52 | Epoch  16/400 | Train Loss 2.3097 Acc 0.1015 | Val Loss 2.3007 Acc 0.1129 AUC 0.5000 Pre 0.0113 Rec 0.1000
2026-08-30 00:24:53 | Diag logvar_q_mean=-0.1207 logvar_q_clamp=0.0000 logvar_p_mean=-0.1206 logvar_p_clamp=0.0000
2026-08-30 00:24:56 | Epoch  17/400 | Train Loss 2.3080 Acc 0.1052 | Val Loss 2.3008 Acc 0.1129 AUC 0.5000 Pre 0.0113 Rec 0.1000
2026-08-30 00:24:57 | Diag logvar_q_mean=-0.1292 logvar_q_clamp=0.0000 logvar_p_mean=-0.1292 logvar_p_clamp=0.0000
2026-08-30 00:25:00 | Epoch  18/400 | Train Loss 2.3098 Acc 0.1023 | Val Loss 2.3008 Acc 0.1129 AUC 0.5000 Pre 0.0113 Rec 0.1000
2026-08-30 00:25:01 | Diag logvar_q_mean=-0.1387 logvar_q_clamp=0.0000 logvar_p_mean=-0.1387 logvar_p_clamp=0.0000
2026-08-30 00:25:04 | Epoch  19/400 | Train Loss 2.3084 Acc 0.1034 | Val Loss 2.3007 Acc 0.1129 AUC 0.5000 Pre 0.0113 Rec 0.1000
2026-08-30 00:25:05 | Diag logvar_q_mean=-0.1477 logvar_q_clamp=0.0000 logvar_p_mean=-0.1477 logvar_p_clamp=0.0000
2026-08-30 00:25:08 | Epoch  20/400 | Train Loss 2.3087 Acc 0.1063 | Val Loss 2.3008 Acc 0.1129 AUC 0.5000 Pre 0.0113 Rec 0.1000
2026-08-30 00:25:08 | Diag logvar_q_mean=-0.1571 logvar_q_clamp=0.0000 logvar_p_mean=-0.1570 logvar_p_clamp=0.0000
2026-08-30 00:25:12 | Epoch  21/400 | Train Loss 2.3091 Acc 0.1029 | Val Loss 2.3008 Acc 0.1129 AUC 0.5000 Pre 0.0113 Rec 0.1000
2026-08-30 00:25:12 | Diag logvar_q_mean=-0.1666 logvar_q_clamp=0.0000 logvar_p_mean=-0.1666 logvar_p_clamp=0.0000
2026-08-30 00:25:15 | Epoch  22/400 | Train Loss 2.3091 Acc 0.1028 | Val Loss 2.3008 Acc 0.1129 AUC 0.5000 Pre 0.0113 Rec 0.1000
2026-08-30 00:25:16 | Diag logvar_q_mean=-0.1762 logvar_q_clamp=0.0000 logvar_p_mean=-0.1761 logvar_p_clamp=0.0000
2026-08-30 00:25:19 | Epoch  23/400 | Train Loss 2.3076 Acc 0.1041 | Val Loss 2.3008 Acc 0.1129 AUC 0.5000 Pre 0.0113 Rec 0.1000
2026-08-30 00:25:20 | Diag logvar_q_mean=-0.1851 logvar_q_clamp=0.0000 logvar_p_mean=-0.1851 logvar_p_clamp=0.0000
2026-08-30 00:25:23 | Epoch  24/400 | Train Loss 2.3096 Acc 0.1040 | Val Loss 2.3007 Acc 0.1129 AUC 0.5000 Pre 0.0113 Rec 0.1000
2026-08-30 00:25:24 | Diag logvar_q_mean=-0.1952 logvar_q_clamp=0.0000 logvar_p_mean=-0.1952 logvar_p_clamp=0.0000
2026-08-30 00:25:27 | Epoch  25/400 | Train Loss 2.3090 Acc 0.1054 | Val Loss 2.3007 Acc 0.1129 AUC 0.5000 Pre 0.0113 Rec 0.1000
2026-08-30 00:25:27 | Diag logvar_q_mean=-0.2053 logvar_q_clamp=0.0000 logvar_p_mean=-0.2053 logvar_p_clamp=0.0000
2026-08-30 00:25:31 | Epoch  26/400 | Train Loss 2.3087 Acc 0.1049 | Val Loss 2.3008 Acc 0.1129 AUC 0.5000 Pre 0.0113 Rec 0.1000
2026-08-30 00:25:31 | Diag logvar_q_mean=-0.2149 logvar_q_clamp=0.0000 logvar_p_mean=-0.2149 logvar_p_clamp=0.0000
2026-08-30 00:25:35 | Epoch  27/400 | Train Loss 2.3082 Acc 0.1040 | Val Loss 2.3007 Acc 0.1129 AUC 0.5000 Pre 0.0113 Rec 0.1000
2026-08-30 00:25:35 | Diag logvar_q_mean=-0.2245 logvar_q_clamp=0.0000 logvar_p_mean=-0.2245 logvar_p_clamp=0.0000
2026-08-30 00:25:38 | Epoch  28/400 | Train Loss 2.3092 Acc 0.1036 | Val Loss 2.3007 Acc 0.1129 AUC 0.5000 Pre 0.0113 Rec 0.1000
2026-08-30 00:25:39 | Diag logvar_q_mean=-0.2348 logvar_q_clamp=0.0000 logvar_p_mean=-0.2347 logvar_p_clamp=0.0000
2026-08-30 00:25:42 | Epoch  29/400 | Train Loss 2.3079 Acc 0.1038 | Val Loss 2.3007 Acc 0.1129 AUC 0.5000 Pre 0.0113 Rec 0.1000
2026-08-30 00:25:43 | Diag logvar_q_mean=-0.2445 logvar_q_clamp=0.0000 logvar_p_mean=-0.2445 logvar_p_clamp=0.0000
2026-08-30 00:25:46 | Epoch  30/400 | Train Loss 2.3087 Acc 0.1053 | Val Loss 2.3008 Acc 0.1129 AUC 0.5000 Pre 0.0113 Rec 0.1000
2026-08-30 00:25:47 | Diag logvar_q_mean=-0.2546 logvar_q_clamp=0.0000 logvar_p_mean=-0.2546 logvar_p_clamp=0.0000
2026-08-30 00:25:50 | Epoch  31/400 | Train Loss 2.3085 Acc 0.1041 | Val Loss 2.3008 Acc 0.1129 AUC 0.5000 Pre 0.0113 Rec 0.1000
2026-08-30 00:25:50 | Diag logvar_q_mean=-0.2646 logvar_q_clamp=0.0000 logvar_p_mean=-0.2646 logvar_p_clamp=0.0000
2026-08-30 00:25:54 | Epoch  32/400 | Train Loss 2.3082 Acc 0.1044 | Val Loss 2.3007 Acc 0.1129 AUC 0.5000 Pre 0.0113 Rec 0.1000
2026-08-30 00:25:54 | Diag logvar_q_mean=-0.2746 logvar_q_clamp=0.0000 logvar_p_mean=-0.2746 logvar_p_clamp=0.0000
2026-08-30 00:25:58 | Epoch  33/400 | Train Loss 2.3097 Acc 0.1021 | Val Loss 2.3007 Acc 0.1129 AUC 0.5000 Pre 0.0113 Rec 0.1000
2026-08-30 00:25:58 | Diag logvar_q_mean=-0.2855 logvar_q_clamp=0.0000 logvar_p_mean=-0.2854 logvar_p_clamp=0.0000
2026-08-30 00:26:02 | Epoch  34/400 | Train Loss 2.3084 Acc 0.1040 | Val Loss 2.3007 Acc 0.1129 AUC 0.5000 Pre 0.0113 Rec 0.1000
2026-08-30 00:26:02 | Diag logvar_q_mean=-0.2956 logvar_q_clamp=0.0000 logvar_p_mean=-0.2956 logvar_p_clamp=0.0000
2026-08-30 00:26:05 | Epoch  35/400 | Train Loss 2.3079 Acc 0.1041 | Val Loss 2.3008 Acc 0.1129 AUC 0.5000 Pre 0.0113 Rec 0.1000
2026-08-30 00:26:06 | Diag logvar_q_mean=-0.3055 logvar_q_clamp=0.0000 logvar_p_mean=-0.3054 logvar_p_clamp=0.0000
2026-08-30 00:26:09 | Epoch  36/400 | Train Loss 2.3074 Acc 0.1045 | Val Loss 2.3007 Acc 0.1129 AUC 0.5000 Pre 0.0113 Rec 0.1000
2026-08-30 00:26:10 | Diag logvar_q_mean=-0.3151 logvar_q_clamp=0.0000 logvar_p_mean=-0.3151 logvar_p_clamp=0.0000
2026-08-30 00:26:13 | Epoch  37/400 | Train Loss 2.3079 Acc 0.1046 | Val Loss 2.3007 Acc 0.1129 AUC 0.5000 Pre 0.0113 Rec 0.1000
2026-08-30 00:26:14 | Diag logvar_q_mean=-0.3252 logvar_q_clamp=0.0000 logvar_p_mean=-0.3252 logvar_p_clamp=0.0000
2026-08-30 00:26:17 | Epoch  38/400 | Train Loss 2.3090 Acc 0.1050 | Val Loss 2.3008 Acc 0.1129 AUC 0.5000 Pre 0.0113 Rec 0.1000
2026-08-30 00:26:17 | Diag logvar_q_mean=-0.3359 logvar_q_clamp=0.0000 logvar_p_mean=-0.3359 logvar_p_clamp=0.0000
2026-08-30 00:26:21 | Epoch  39/400 | Train Loss 2.3081 Acc 0.1050 | Val Loss 2.3008 Acc 0.1129 AUC 0.5000 Pre 0.0113 Rec 0.1000
2026-08-30 00:26:21 | Diag logvar_q_mean=-0.3458 logvar_q_clamp=0.0000 logvar_p_mean=-0.3458 logvar_p_clamp=0.0000
2026-08-30 00:26:24 | Epoch  40/400 | Train Loss 2.3078 Acc 0.1053 | Val Loss 2.3008 Acc 0.1129 AUC 0.5000 Pre 0.0113 Rec 0.1000
2026-08-30 00:26:25 | Diag logvar_q_mean=-0.3555 logvar_q_clamp=0.0000 logvar_p_mean=-0.3555 logvar_p_clamp=0.0000
2026-08-30 00:26:28 | Epoch  41/400 | Train Loss 2.3085 Acc 0.1052 | Val Loss 2.3008 Acc 0.1129 AUC 0.5000 Pre 0.0113 Rec 0.1000
2026-08-30 00:26:29 | Diag logvar_q_mean=-0.3659 logvar_q_clamp=0.0000 logvar_p_mean=-0.3659 logvar_p_clamp=0.0000
2026-08-30 00:26:32 | Epoch  42/400 | Train Loss 2.3076 Acc 0.1072 | Val Loss 2.3008 Acc 0.1129 AUC 0.5000 Pre 0.0113 Rec 0.1000
2026-08-30 00:26:33 | Diag logvar_q_mean=-0.3757 logvar_q_clamp=0.0000 logvar_p_mean=-0.3756 logvar_p_clamp=0.0000
2026-08-30 00:26:36 | Epoch  43/400 | Train Loss 2.3076 Acc 0.1065 | Val Loss 2.3007 Acc 0.1129 AUC 0.5000 Pre 0.0113 Rec 0.1000
2026-08-30 00:26:36 | Diag logvar_q_mean=-0.3854 logvar_q_clamp=0.0000 logvar_p_mean=-0.3854 logvar_p_clamp=0.0000
2026-08-30 00:26:40 | Epoch  44/400 | Train Loss 2.3074 Acc 0.1067 | Val Loss 2.3008 Acc 0.1129 AUC 0.5000 Pre 0.0113 Rec 0.1000
2026-08-30 00:26:40 | Diag logvar_q_mean=-0.3952 logvar_q_clamp=0.0000 logvar_p_mean=-0.3952 logvar_p_clamp=0.0000
2026-08-30 00:26:43 | Epoch  45/400 | Train Loss 2.3076 Acc 0.1060 | Val Loss 2.3008 Acc 0.1129 AUC 0.5000 Pre 0.0113 Rec 0.1000
2026-08-30 00:26:44 | Diag logvar_q_mean=-0.4052 logvar_q_clamp=0.0000 logvar_p_mean=-0.4052 logvar_p_clamp=0.0000
2026-08-30 00:26:47 | Epoch  46/400 | Train Loss 2.3091 Acc 0.1034 | Val Loss 2.3008 Acc 0.1129 AUC 0.5000 Pre 0.0113 Rec 0.1000
2026-08-30 00:26:48 | Diag logvar_q_mean=-0.4157 logvar_q_clamp=0.0000 logvar_p_mean=-0.4157 logvar_p_clamp=0.0000
2026-08-30 00:26:51 | Epoch  47/400 | Train Loss 2.3075 Acc 0.1054 | Val Loss 2.3008 Acc 0.1129 AUC 0.5000 Pre 0.0113 Rec 0.1000
2026-08-30 00:26:52 | Diag logvar_q_mean=-0.4255 logvar_q_clamp=0.0000 logvar_p_mean=-0.4255 logvar_p_clamp=0.0000
2026-08-30 00:26:55 | Epoch  48/400 | Train Loss 2.3076 Acc 0.1044 | Val Loss 2.3008 Acc 0.1129 AUC 0.5000 Pre 0.0113 Rec 0.1000
2026-08-30 00:26:55 | Diag logvar_q_mean=-0.4353 logvar_q_clamp=0.0000 logvar_p_mean=-0.4353 logvar_p_clamp=0.0000
2026-08-30 00:26:59 | Epoch  49/400 | Train Loss 2.3075 Acc 0.1057 | Val Loss 2.3008 Acc 0.1129 AUC 0.5000 Pre 0.0113 Rec 0.1000
2026-08-30 00:26:59 | Diag logvar_q_mean=-0.4451 logvar_q_clamp=0.0000 logvar_p_mean=-0.4451 logvar_p_clamp=0.0000
2026-08-30 00:27:03 | Epoch  50/400 | Train Loss 2.3079 Acc 0.1046 | Val Loss 2.3007 Acc 0.1129 AUC 0.5000 Pre 0.0113 Rec 0.1000
2026-08-30 00:27:03 | Diag logvar_q_mean=-0.4550 logvar_q_clamp=0.0000 logvar_p_mean=-0.4550 logvar_p_clamp=0.0000
2026-08-30 00:27:06 | Epoch  51/400 | Train Loss 2.3081 Acc 0.1058 | Val Loss 2.3008 Acc 0.1129 AUC 0.5000 Pre 0.0113 Rec 0.1000
2026-08-30 00:27:07 | Diag logvar_q_mean=-0.4650 logvar_q_clamp=0.0000 logvar_p_mean=-0.4650 logvar_p_clamp=0.0000
2026-08-30 00:27:10 | Epoch  52/400 | Train Loss 2.3073 Acc 0.1074 | Val Loss 2.3007 Acc 0.1129 AUC 0.5000 Pre 0.0113 Rec 0.1000
2026-08-30 00:27:11 | Diag logvar_q_mean=-0.4746 logvar_q_clamp=0.0000 logvar_p_mean=-0.4746 logvar_p_clamp=0.0000
2026-08-30 00:27:14 | Epoch  53/400 | Train Loss 2.3076 Acc 0.1060 | Val Loss 2.3008 Acc 0.1129 AUC 0.5000 Pre 0.0113 Rec 0.1000
2026-08-30 00:27:15 | Diag logvar_q_mean=-0.4844 logvar_q_clamp=0.0000 logvar_p_mean=-0.4844 logvar_p_clamp=0.0000
2026-08-30 00:27:18 | Epoch  54/400 | Train Loss 2.3084 Acc 0.1065 | Val Loss 2.3007 Acc 0.1129 AUC 0.5000 Pre 0.0113 Rec 0.1000
2026-08-30 00:27:19 | Diag logvar_q_mean=-0.4947 logvar_q_clamp=0.0000 logvar_p_mean=-0.4947 logvar_p_clamp=0.0000
2026-08-30 00:27:22 | Epoch  55/400 | Train Loss 2.3075 Acc 0.1052 | Val Loss 2.3007 Acc 0.1129 AUC 0.5000 Pre 0.0113 Rec 0.1000
2026-08-30 00:27:23 | Diag logvar_q_mean=-0.5043 logvar_q_clamp=0.0000 logvar_p_mean=-0.5043 logvar_p_clamp=0.0000
2026-08-30 00:27:26 | Epoch  56/400 | Train Loss 2.3077 Acc 0.1026 | Val Loss 2.3007 Acc 0.1129 AUC 0.5000 Pre 0.0113 Rec 0.1000
2026-08-30 00:27:27 | Diag logvar_q_mean=-0.5140 logvar_q_clamp=0.0000 logvar_p_mean=-0.5140 logvar_p_clamp=0.0000
2026-08-30 00:27:30 | Epoch  57/400 | Train Loss 2.3074 Acc 0.1033 | Val Loss 2.3007 Acc 0.1129 AUC 0.5000 Pre 0.0113 Rec 0.1000
2026-08-30 00:27:31 | Diag logvar_q_mean=-0.5235 logvar_q_clamp=0.0000 logvar_p_mean=-0.5235 logvar_p_clamp=0.0000
2026-08-30 00:27:34 | Epoch  58/400 | Train Loss 2.3078 Acc 0.1043 | Val Loss 2.3008 Acc 0.1129 AUC 0.5000 Pre 0.0113 Rec 0.1000
2026-08-30 00:27:34 | Diag logvar_q_mean=-0.5334 logvar_q_clamp=0.0000 logvar_p_mean=-0.5334 logvar_p_clamp=0.0000
2026-08-30 00:27:38 | Epoch  59/400 | Train Loss 2.3078 Acc 0.1057 | Val Loss 2.3008 Acc 0.1129 AUC 0.5000 Pre 0.0113 Rec 0.1000
2026-08-30 00:27:38 | Diag logvar_q_mean=-0.5432 logvar_q_clamp=0.0000 logvar_p_mean=-0.5432 logvar_p_clamp=0.0000
2026-08-30 00:27:42 | Epoch  60/400 | Train Loss 2.3069 Acc 0.1035 | Val Loss 2.3008 Acc 0.1129 AUC 0.5000 Pre 0.0113 Rec 0.1000
2026-08-30 00:27:42 | Diag logvar_q_mean=-0.5524 logvar_q_clamp=0.0000 logvar_p_mean=-0.5524 logvar_p_clamp=0.0000
2026-08-30 00:27:46 | Epoch  61/400 | Train Loss 2.3077 Acc 0.1031 | Val Loss 2.3008 Acc 0.1129 AUC 0.5000 Pre 0.0113 Rec 0.1000
2026-08-30 00:27:46 | Diag logvar_q_mean=-0.5621 logvar_q_clamp=0.0000 logvar_p_mean=-0.5620 logvar_p_clamp=0.0000
2026-08-30 00:27:50 | Epoch  62/400 | Train Loss 2.3074 Acc 0.1042 | Val Loss 2.3007 Acc 0.1129 AUC 0.5000 Pre 0.0113 Rec 0.1000
2026-08-30 00:27:50 | Diag logvar_q_mean=-0.5718 logvar_q_clamp=0.0000 logvar_p_mean=-0.5718 logvar_p_clamp=0.0000
2026-08-30 00:27:54 | Epoch  63/400 | Train Loss 2.3076 Acc 0.1045 | Val Loss 2.3007 Acc 0.1129 AUC 0.5000 Pre 0.0113 Rec 0.1000
2026-08-30 00:27:54 | Diag logvar_q_mean=-0.5816 logvar_q_clamp=0.0000 logvar_p_mean=-0.5816 logvar_p_clamp=0.0000
2026-08-30 00:27:57 | Epoch  64/400 | Train Loss 2.3076 Acc 0.1025 | Val Loss 2.3007 Acc 0.1129 AUC 0.5000 Pre 0.0113 Rec 0.1000
2026-08-30 00:27:58 | Diag logvar_q_mean=-0.5912 logvar_q_clamp=0.0000 logvar_p_mean=-0.5912 logvar_p_clamp=0.0000
2026-08-30 00:28:01 | Epoch  65/400 | Train Loss 2.3070 Acc 0.1064 | Val Loss 2.3008 Acc 0.1129 AUC 0.5000 Pre 0.0113 Rec 0.1000
2026-08-30 00:28:02 | Diag logvar_q_mean=-0.6005 logvar_q_clamp=0.0000 logvar_p_mean=-0.6005 logvar_p_clamp=0.0000
2026-08-30 00:28:05 | Epoch  66/400 | Train Loss 2.3072 Acc 0.1034 | Val Loss 2.3008 Acc 0.1129 AUC 0.5000 Pre 0.0113 Rec 0.1000
2026-08-30 00:28:06 | Diag logvar_q_mean=-0.6100 logvar_q_clamp=0.0000 logvar_p_mean=-0.6100 logvar_p_clamp=0.0000
2026-08-30 00:28:09 | Epoch  67/400 | Train Loss 2.3070 Acc 0.1040 | Val Loss 2.3008 Acc 0.1129 AUC 0.5000 Pre 0.0113 Rec 0.1000
2026-08-30 00:28:10 | Diag logvar_q_mean=-0.6196 logvar_q_clamp=0.0000 logvar_p_mean=-0.6196 logvar_p_clamp=0.0000
2026-08-30 00:28:13 | Epoch  68/400 | Train Loss 2.3072 Acc 0.1053 | Val Loss 2.3008 Acc 0.1129 AUC 0.5000 Pre 0.0113 Rec 0.1000
2026-08-30 00:28:13 | Diag logvar_q_mean=-0.6290 logvar_q_clamp=0.0000 logvar_p_mean=-0.6290 logvar_p_clamp=0.0000
2026-08-30 00:28:17 | Epoch  69/400 | Train Loss 2.3072 Acc 0.1028 | Val Loss 2.3008 Acc 0.1129 AUC 0.5000 Pre 0.0113 Rec 0.1000
2026-08-30 00:28:17 | Diag logvar_q_mean=-0.6384 logvar_q_clamp=0.0000 logvar_p_mean=-0.6384 logvar_p_clamp=0.0000
2026-08-30 00:28:21 | Epoch  70/400 | Train Loss 2.3062 Acc 0.1043 | Val Loss 2.3008 Acc 0.1129 AUC 0.5000 Pre 0.0113 Rec 0.1000
2026-08-30 00:28:21 | Diag logvar_q_mean=-0.6473 logvar_q_clamp=0.0000 logvar_p_mean=-0.6473 logvar_p_clamp=0.0000
2026-08-30 00:28:25 | Epoch  71/400 | Train Loss 2.3077 Acc 0.1039 | Val Loss 2.3008 Acc 0.1129 AUC 0.5000 Pre 0.0113 Rec 0.1000
2026-08-30 00:28:25 | Diag logvar_q_mean=-0.6573 logvar_q_clamp=0.0000 logvar_p_mean=-0.6572 logvar_p_clamp=0.0000
2026-08-30 00:28:29 | Epoch  72/400 | Train Loss 2.3069 Acc 0.1033 | Val Loss 2.3008 Acc 0.1129 AUC 0.5000 Pre 0.0113 Rec 0.1000
2026-08-30 00:28:29 | Diag logvar_q_mean=-0.6665 logvar_q_clamp=0.0000 logvar_p_mean=-0.6664 logvar_p_clamp=0.0000
2026-08-30 00:28:33 | Epoch  73/400 | Train Loss 2.3071 Acc 0.1054 | Val Loss 2.3008 Acc 0.1129 AUC 0.5000 Pre 0.0113 Rec 0.1000
2026-08-30 00:28:33 | Diag logvar_q_mean=-0.6758 logvar_q_clamp=0.0000 logvar_p_mean=-0.6758 logvar_p_clamp=0.0000
2026-08-30 00:28:36 | Epoch  74/400 | Train Loss 2.3072 Acc 0.1042 | Val Loss 2.3008 Acc 0.1129 AUC 0.5000 Pre 0.0113 Rec 0.1000
2026-08-30 00:28:37 | Diag logvar_q_mean=-0.6852 logvar_q_clamp=0.0000 logvar_p_mean=-0.6852 logvar_p_clamp=0.0000
2026-08-30 00:28:40 | Epoch  75/400 | Train Loss 2.3077 Acc 0.1062 | Val Loss 2.3008 Acc 0.1129 AUC 0.5000 Pre 0.0113 Rec 0.1000
2026-08-30 00:28:41 | Diag logvar_q_mean=-0.6950 logvar_q_clamp=0.0000 logvar_p_mean=-0.6950 logvar_p_clamp=0.0000
2026-08-30 00:28:44 | Epoch  76/400 | Train Loss 2.3064 Acc 0.1051 | Val Loss 2.3008 Acc 0.1129 AUC 0.5000 Pre 0.0113 Rec 0.1000
2026-08-30 00:28:45 | Diag logvar_q_mean=-0.7037 logvar_q_clamp=0.0000 logvar_p_mean=-0.7037 logvar_p_clamp=0.0000
2026-08-30 00:28:48 | Epoch  77/400 | Train Loss 2.3076 Acc 0.1049 | Val Loss 2.3008 Acc 0.1129 AUC 0.5000 Pre 0.0113 Rec 0.1000
2026-08-30 00:28:49 | Diag logvar_q_mean=-0.7135 logvar_q_clamp=0.0000 logvar_p_mean=-0.7135 logvar_p_clamp=0.0000
2026-08-30 00:28:52 | Epoch  78/400 | Train Loss 2.3073 Acc 0.1049 | Val Loss 2.3008 Acc 0.1129 AUC 0.5000 Pre 0.0113 Rec 0.1000
2026-08-30 00:28:52 | Diag logvar_q_mean=-0.7228 logvar_q_clamp=0.0000 logvar_p_mean=-0.7228 logvar_p_clamp=0.0000
2026-08-30 00:28:56 | Epoch  79/400 | Train Loss 2.3075 Acc 0.1048 | Val Loss 2.3008 Acc 0.1129 AUC 0.5000 Pre 0.0113 Rec 0.1000
2026-08-30 00:28:56 | Diag logvar_q_mean=-0.7322 logvar_q_clamp=0.0000 logvar_p_mean=-0.7322 logvar_p_clamp=0.0000
2026-08-30 00:29:00 | Epoch  80/400 | Train Loss 2.3063 Acc 0.1074 | Val Loss 2.3007 Acc 0.1129 AUC 0.5000 Pre 0.0113 Rec 0.1000
2026-08-30 00:29:00 | Diag logvar_q_mean=-0.7409 logvar_q_clamp=0.0000 logvar_p_mean=-0.7409 logvar_p_clamp=0.0000
2026-08-30 00:29:03 | Epoch  81/400 | Train Loss 2.3070 Acc 0.1048 | Val Loss 2.3008 Acc 0.1129 AUC 0.5000 Pre 0.0113 Rec 0.1000
2026-08-30 00:29:04 | Diag logvar_q_mean=-0.7500 logvar_q_clamp=0.0000 logvar_p_mean=-0.7500 logvar_p_clamp=0.0000
2026-08-30 00:29:07 | Epoch  82/400 | Train Loss 2.3063 Acc 0.1051 | Val Loss 2.3008 Acc 0.1129 AUC 0.5000 Pre 0.0113 Rec 0.1000
2026-08-30 00:29:08 | Diag logvar_q_mean=-0.7589 logvar_q_clamp=0.0000 logvar_p_mean=-0.7589 logvar_p_clamp=0.0000
2026-08-30 00:29:11 | Epoch  83/400 | Train Loss 2.3060 Acc 0.1049 | Val Loss 2.3008 Acc 0.1129 AUC 0.5000 Pre 0.0113 Rec 0.1000
2026-08-30 00:29:12 | Diag logvar_q_mean=-0.7675 logvar_q_clamp=0.0000 logvar_p_mean=-0.7675 logvar_p_clamp=0.0000
2026-08-30 00:29:15 | Epoch  84/400 | Train Loss 2.3065 Acc 0.1073 | Val Loss 2.3008 Acc 0.1129 AUC 0.5000 Pre 0.0113 Rec 0.1000
2026-08-30 00:29:15 | Diag logvar_q_mean=-0.7767 logvar_q_clamp=0.0000 logvar_p_mean=-0.7767 logvar_p_clamp=0.0000
2026-08-30 00:29:19 | Epoch  85/400 | Train Loss 2.3075 Acc 0.1021 | Val Loss 2.3008 Acc 0.1129 AUC 0.5000 Pre 0.0113 Rec 0.1000
2026-08-30 00:29:19 | Diag logvar_q_mean=-0.7861 logvar_q_clamp=0.0000 logvar_p_mean=-0.7861 logvar_p_clamp=0.0000
2026-08-30 00:29:22 | Epoch  86/400 | Train Loss 2.3068 Acc 0.1039 | Val Loss 2.3007 Acc 0.1129 AUC 0.5000 Pre 0.0113 Rec 0.1000
2026-08-30 00:29:23 | Diag logvar_q_mean=-0.7951 logvar_q_clamp=0.0000 logvar_p_mean=-0.7951 logvar_p_clamp=0.0000
2026-08-30 00:29:26 | Epoch  87/400 | Train Loss 2.3060 Acc 0.1055 | Val Loss 2.3008 Acc 0.1129 AUC 0.5000 Pre 0.0113 Rec 0.1000
2026-08-30 00:29:27 | Diag logvar_q_mean=-0.8035 logvar_q_clamp=0.0000 logvar_p_mean=-0.8035 logvar_p_clamp=0.0000
2026-08-30 00:29:30 | Epoch  88/400 | Train Loss 2.3066 Acc 0.1046 | Val Loss 2.3008 Acc 0.1129 AUC 0.5000 Pre 0.0113 Rec 0.1000
2026-08-30 00:29:31 | Diag logvar_q_mean=-0.8125 logvar_q_clamp=0.0000 logvar_p_mean=-0.8125 logvar_p_clamp=0.0000
2026-08-30 00:29:34 | Epoch  89/400 | Train Loss 2.3070 Acc 0.1027 | Val Loss 2.3007 Acc 0.1129 AUC 0.5000 Pre 0.0113 Rec 0.1000
2026-08-30 00:29:35 | Diag logvar_q_mean=-0.8217 logvar_q_clamp=0.0000 logvar_p_mean=-0.8216 logvar_p_clamp=0.0000
2026-08-30 00:29:38 | Epoch  90/400 | Train Loss 2.3067 Acc 0.1064 | Val Loss 2.3008 Acc 0.1129 AUC 0.5000 Pre 0.0113 Rec 0.1000
2026-08-30 00:29:38 | Diag logvar_q_mean=-0.8306 logvar_q_clamp=0.0000 logvar_p_mean=-0.8306 logvar_p_clamp=0.0000
2026-08-30 00:29:42 | Epoch  91/400 | Train Loss 2.3067 Acc 0.1025 | Val Loss 2.3008 Acc 0.1129 AUC 0.5000 Pre 0.0113 Rec 0.1000
2026-08-30 00:29:42 | Diag logvar_q_mean=-0.8393 logvar_q_clamp=0.0000 logvar_p_mean=-0.8394 logvar_p_clamp=0.0000
2026-08-30 00:29:46 | Epoch  92/400 | Train Loss 2.3066 Acc 0.1045 | Val Loss 2.3008 Acc 0.1129 AUC 0.5000 Pre 0.0113 Rec 0.1000
2026-08-30 00:29:46 | Diag logvar_q_mean=-0.8482 logvar_q_clamp=0.0000 logvar_p_mean=-0.8481 logvar_p_clamp=0.0000
2026-08-30 00:29:49 | Epoch  93/400 | Train Loss 2.3064 Acc 0.1044 | Val Loss 2.3008 Acc 0.1129 AUC 0.5000 Pre 0.0113 Rec 0.1000
2026-08-30 00:29:50 | Diag logvar_q_mean=-0.8569 logvar_q_clamp=0.0000 logvar_p_mean=-0.8569 logvar_p_clamp=0.0000
2026-08-30 00:29:53 | Epoch  94/400 | Train Loss 2.3067 Acc 0.1049 | Val Loss 2.3008 Acc 0.1129 AUC 0.5000 Pre 0.0113 Rec 0.1000
2026-08-30 00:29:54 | Diag logvar_q_mean=-0.8658 logvar_q_clamp=0.0000 logvar_p_mean=-0.8658 logvar_p_clamp=0.0000
2026-08-30 00:29:57 | Epoch  95/400 | Train Loss 2.3066 Acc 0.1044 | Val Loss 2.3008 Acc 0.1129 AUC 0.5000 Pre 0.0113 Rec 0.1000
2026-08-30 00:29:58 | Diag logvar_q_mean=-0.8745 logvar_q_clamp=0.0000 logvar_p_mean=-0.8745 logvar_p_clamp=0.0000
2026-08-30 00:30:01 | Epoch  96/400 | Train Loss 2.3063 Acc 0.1036 | Val Loss 2.3008 Acc 0.1129 AUC 0.5000 Pre 0.0113 Rec 0.1000
2026-08-30 00:30:01 | Diag logvar_q_mean=-0.8832 logvar_q_clamp=0.0000 logvar_p_mean=-0.8832 logvar_p_clamp=0.0000
2026-08-30 00:30:05 | Epoch  97/400 | Train Loss 2.3065 Acc 0.1055 | Val Loss 2.3007 Acc 0.1129 AUC 0.5000 Pre 0.0113 Rec 0.1000
2026-08-30 00:30:05 | Diag logvar_q_mean=-0.8918 logvar_q_clamp=0.0000 logvar_p_mean=-0.8918 logvar_p_clamp=0.0000
2026-08-30 00:30:09 | Epoch  98/400 | Train Loss 2.3063 Acc 0.1057 | Val Loss 2.3008 Acc 0.1129 AUC 0.5000 Pre 0.0113 Rec 0.1000
2026-08-30 00:30:09 | Diag logvar_q_mean=-0.9004 logvar_q_clamp=0.0000 logvar_p_mean=-0.9004 logvar_p_clamp=0.0000
2026-08-30 00:30:12 | Epoch  99/400 | Train Loss 2.3065 Acc 0.1062 | Val Loss 2.3008 Acc 0.1129 AUC 0.5000 Pre 0.0113 Rec 0.1000
2026-08-30 00:30:13 | Diag logvar_q_mean=-0.9093 logvar_q_clamp=0.0000 logvar_p_mean=-0.9093 logvar_p_clamp=0.0000
2026-08-30 00:30:16 | Epoch 100/400 | Train Loss 2.3067 Acc 0.1048 | Val Loss 2.3008 Acc 0.1129 AUC 0.5000 Pre 0.0113 Rec 0.1000
2026-08-30 00:30:17 | Diag logvar_q_mean=-0.9180 logvar_q_clamp=0.0000 logvar_p_mean=-0.9180 logvar_p_clamp=0.0000
2026-08-30 00:30:20 | Epoch 101/400 | Train Loss 2.3069 Acc 0.1055 | Val Loss 2.3008 Acc 0.1129 AUC 0.5000 Pre 0.0113 Rec 0.1000
2026-08-30 00:30:20 | Diag logvar_q_mean=-0.9268 logvar_q_clamp=0.0000 logvar_p_mean=-0.9269 logvar_p_clamp=0.0000
2026-08-30 00:30:24 | Epoch 102/400 | Train Loss 2.3055 Acc 0.1064 | Val Loss 2.3008 Acc 0.1129 AUC 0.5000 Pre 0.0113 Rec 0.1000
2026-08-30 00:30:24 | Diag logvar_q_mean=-0.9346 logvar_q_clamp=0.0000 logvar_p_mean=-0.9346 logvar_p_clamp=0.0000
2026-08-30 00:30:28 | Epoch 103/400 | Train Loss 2.3061 Acc 0.1059 | Val Loss 2.3007 Acc 0.1129 AUC 0.5000 Pre 0.0113 Rec 0.1000
2026-08-30 00:30:28 | Diag logvar_q_mean=-0.9432 logvar_q_clamp=0.0000 logvar_p_mean=-0.9432 logvar_p_clamp=0.0000
2026-08-30 00:30:31 | Epoch 104/400 | Train Loss 2.3058 Acc 0.1053 | Val Loss 2.3007 Acc 0.1129 AUC 0.5000 Pre 0.0113 Rec 0.1000
2026-08-30 00:30:32 | Diag logvar_q_mean=-0.9515 logvar_q_clamp=0.0000 logvar_p_mean=-0.9515 logvar_p_clamp=0.0000
2026-08-30 00:30:35 | Epoch 105/400 | Train Loss 2.3068 Acc 0.1051 | Val Loss 2.3008 Acc 0.1129 AUC 0.5000 Pre 0.0113 Rec 0.1000
2026-08-30 00:30:36 | Diag logvar_q_mean=-0.9605 logvar_q_clamp=0.0000 logvar_p_mean=-0.9605 logvar_p_clamp=0.0000
2026-08-30 00:30:39 | Epoch 106/400 | Train Loss 2.3065 Acc 0.1030 | Val Loss 2.3008 Acc 0.1129 AUC 0.5000 Pre 0.0113 Rec 0.1000
2026-08-30 00:30:39 | Diag logvar_q_mean=-0.9691 logvar_q_clamp=0.0000 logvar_p_mean=-0.9691 logvar_p_clamp=0.0000
2026-08-30 00:30:43 | Epoch 107/400 | Train Loss 2.3062 Acc 0.1050 | Val Loss 2.3008 Acc 0.1129 AUC 0.5000 Pre 0.0113 Rec 0.1000
2026-08-30 00:30:43 | Diag logvar_q_mean=-0.9775 logvar_q_clamp=0.0000 logvar_p_mean=-0.9775 logvar_p_clamp=0.0000
2026-08-30 00:30:47 | Epoch 108/400 | Train Loss 2.3061 Acc 0.1057 | Val Loss 2.3007 Acc 0.1129 AUC 0.5000 Pre 0.0113 Rec 0.1000
2026-08-30 00:30:47 | Diag logvar_q_mean=-0.9858 logvar_q_clamp=0.0000 logvar_p_mean=-0.9858 logvar_p_clamp=0.0000
2026-08-30 00:30:50 | Epoch 109/400 | Train Loss 2.3070 Acc 0.1019 | Val Loss 2.3007 Acc 0.1129 AUC 0.5000 Pre 0.0113 Rec 0.1000
2026-08-30 00:30:51 | Diag logvar_q_mean=-0.9948 logvar_q_clamp=0.0000 logvar_p_mean=-0.9948 logvar_p_clamp=0.0000
2026-08-30 00:30:54 | Epoch 110/400 | Train Loss 2.3061 Acc 0.1057 | Val Loss 2.3008 Acc 0.1129 AUC 0.5000 Pre 0.0113 Rec 0.1000
2026-08-30 00:30:55 | Diag logvar_q_mean=-1.0029 logvar_q_clamp=0.0000 logvar_p_mean=-1.0029 logvar_p_clamp=0.0000
2026-08-30 00:30:58 | Epoch 111/400 | Train Loss 2.3061 Acc 0.1045 | Val Loss 2.3008 Acc 0.1129 AUC 0.5000 Pre 0.0113 Rec 0.1000
2026-08-30 00:30:58 | Diag logvar_q_mean=-1.0113 logvar_q_clamp=0.0000 logvar_p_mean=-1.0113 logvar_p_clamp=0.0000
2026-08-30 00:31:02 | Epoch 112/400 | Train Loss 2.3054 Acc 0.1069 | Val Loss 2.3008 Acc 0.1129 AUC 0.5000 Pre 0.0113 Rec 0.1000
2026-08-30 00:31:02 | Diag logvar_q_mean=-1.0191 logvar_q_clamp=0.0000 logvar_p_mean=-1.0191 logvar_p_clamp=0.0000
2026-08-30 00:31:06 | Epoch 113/400 | Train Loss 2.3060 Acc 0.1048 | Val Loss 2.3008 Acc 0.1129 AUC 0.5000 Pre 0.0113 Rec 0.1000
2026-08-30 00:31:06 | Diag logvar_q_mean=-1.0275 logvar_q_clamp=0.0000 logvar_p_mean=-1.0275 logvar_p_clamp=0.0000
2026-08-30 00:31:09 | Epoch 114/400 | Train Loss 2.3059 Acc 0.1049 | Val Loss 2.3008 Acc 0.1129 AUC 0.5000 Pre 0.0113 Rec 0.1000
2026-08-30 00:31:10 | Diag logvar_q_mean=-1.0357 logvar_q_clamp=0.0000 logvar_p_mean=-1.0357 logvar_p_clamp=0.0000
2026-08-30 00:31:13 | Epoch 115/400 | Train Loss 2.3065 Acc 0.1040 | Val Loss 2.3008 Acc 0.1129 AUC 0.5000 Pre 0.0113 Rec 0.1000
2026-08-30 00:31:14 | Diag logvar_q_mean=-1.0443 logvar_q_clamp=0.0000 logvar_p_mean=-1.0443 logvar_p_clamp=0.0000
2026-08-30 00:31:17 | Epoch 116/400 | Train Loss 2.3054 Acc 0.1054 | Val Loss 2.3007 Acc 0.1129 AUC 0.5000 Pre 0.0113 Rec 0.1000
2026-08-30 00:31:17 | Diag logvar_q_mean=-1.0522 logvar_q_clamp=0.0000 logvar_p_mean=-1.0522 logvar_p_clamp=0.0000
2026-08-30 00:31:21 | Epoch 117/400 | Train Loss 2.3067 Acc 0.1022 | Val Loss 2.3007 Acc 0.1129 AUC 0.5000 Pre 0.0113 Rec 0.1000
2026-08-30 00:31:21 | Diag logvar_q_mean=-1.0610 logvar_q_clamp=0.0000 logvar_p_mean=-1.0610 logvar_p_clamp=0.0000
2026-08-30 00:31:25 | Epoch 118/400 | Train Loss 2.3061 Acc 0.1044 | Val Loss 2.3007 Acc 0.1129 AUC 0.5000 Pre 0.0113 Rec 0.1000
2026-08-30 00:31:25 | Diag logvar_q_mean=-1.0691 logvar_q_clamp=0.0000 logvar_p_mean=-1.0691 logvar_p_clamp=0.0000
2026-08-30 00:31:28 | Epoch 119/400 | Train Loss 2.3060 Acc 0.1044 | Val Loss 2.3008 Acc 0.1129 AUC 0.5000 Pre 0.0113 Rec 0.1000
2026-08-30 00:31:29 | Diag logvar_q_mean=-1.0773 logvar_q_clamp=0.0000 logvar_p_mean=-1.0773 logvar_p_clamp=0.0000
2026-08-30 00:31:32 | Epoch 120/400 | Train Loss 2.3060 Acc 0.1070 | Val Loss 2.3008 Acc 0.1129 AUC 0.5000 Pre 0.0113 Rec 0.1000
2026-08-30 00:31:33 | Diag logvar_q_mean=-1.0854 logvar_q_clamp=0.0000 logvar_p_mean=-1.0854 logvar_p_clamp=0.0000
2026-08-30 00:31:36 | Epoch 121/400 | Train Loss 2.3059 Acc 0.1058 | Val Loss 2.3008 Acc 0.1129 AUC 0.5000 Pre 0.0113 Rec 0.1000
2026-08-30 00:31:37 | Diag logvar_q_mean=-1.0935 logvar_q_clamp=0.0000 logvar_p_mean=-1.0935 logvar_p_clamp=0.0000
2026-08-30 00:31:40 | Epoch 122/400 | Train Loss 2.3052 Acc 0.1069 | Val Loss 2.3008 Acc 0.1129 AUC 0.5000 Pre 0.0113 Rec 0.1000
2026-08-30 00:31:41 | Diag logvar_q_mean=-1.1013 logvar_q_clamp=0.0000 logvar_p_mean=-1.1013 logvar_p_clamp=0.0000
2026-08-30 00:31:44 | Epoch 123/400 | Train Loss 2.3059 Acc 0.1064 | Val Loss 2.3008 Acc 0.1129 AUC 0.5000 Pre 0.0113 Rec 0.1000
2026-08-30 00:31:44 | Diag logvar_q_mean=-1.1095 logvar_q_clamp=0.0000 logvar_p_mean=-1.1095 logvar_p_clamp=0.0000
2026-08-30 00:31:48 | Epoch 124/400 | Train Loss 2.3055 Acc 0.1072 | Val Loss 2.3008 Acc 0.1129 AUC 0.5000 Pre 0.0113 Rec 0.1000
2026-08-30 00:31:48 | Diag logvar_q_mean=-1.1175 logvar_q_clamp=0.0000 logvar_p_mean=-1.1175 logvar_p_clamp=0.0000
2026-08-30 00:31:51 | Epoch 125/400 | Train Loss 2.3065 Acc 0.1045 | Val Loss 2.3008 Acc 0.1129 AUC 0.5000 Pre 0.0113 Rec 0.1000
2026-08-30 00:31:52 | Diag logvar_q_mean=-1.1262 logvar_q_clamp=0.0000 logvar_p_mean=-1.1261 logvar_p_clamp=0.0000
2026-08-30 00:31:55 | Epoch 126/400 | Train Loss 2.3056 Acc 0.1050 | Val Loss 2.3008 Acc 0.1129 AUC 0.5000 Pre 0.0113 Rec 0.1000
2026-08-30 00:31:56 | Diag logvar_q_mean=-1.1339 logvar_q_clamp=0.0000 logvar_p_mean=-1.1339 logvar_p_clamp=0.0000
2026-08-30 00:31:59 | Epoch 127/400 | Train Loss 2.3059 Acc 0.1057 | Val Loss 2.3008 Acc 0.1129 AUC 0.5000 Pre 0.0113 Rec 0.1000
2026-08-30 00:32:00 | Diag logvar_q_mean=-1.1419 logvar_q_clamp=0.0000 logvar_p_mean=-1.1419 logvar_p_clamp=0.0000
2026-08-30 00:32:03 | Epoch 128/400 | Train Loss 2.3052 Acc 0.1071 | Val Loss 2.3008 Acc 0.1129 AUC 0.5000 Pre 0.0113 Rec 0.1000
2026-08-30 00:32:03 | Diag logvar_q_mean=-1.1495 logvar_q_clamp=0.0000 logvar_p_mean=-1.1495 logvar_p_clamp=0.0000
2026-08-30 00:32:07 | Epoch 129/400 | Train Loss 2.3060 Acc 0.1062 | Val Loss 2.3007 Acc 0.1129 AUC 0.5000 Pre 0.0113 Rec 0.1000
2026-08-30 00:32:07 | Diag logvar_q_mean=-1.1576 logvar_q_clamp=0.0000 logvar_p_mean=-1.1576 logvar_p_clamp=0.0000
2026-08-30 00:32:10 | Epoch 130/400 | Train Loss 2.3056 Acc 0.1050 | Val Loss 2.3008 Acc 0.1129 AUC 0.5000 Pre 0.0113 Rec 0.1000
2026-08-30 00:32:11 | Diag logvar_q_mean=-1.1655 logvar_q_clamp=0.0000 logvar_p_mean=-1.1655 logvar_p_clamp=0.0000
2026-08-30 00:32:14 | Epoch 131/400 | Train Loss 2.3060 Acc 0.1047 | Val Loss 2.3008 Acc 0.1129 AUC 0.5000 Pre 0.0113 Rec 0.1000
2026-08-30 00:32:15 | Diag logvar_q_mean=-1.1737 logvar_q_clamp=0.0000 logvar_p_mean=-1.1737 logvar_p_clamp=0.0000
2026-08-30 00:32:18 | Epoch 132/400 | Train Loss 2.3056 Acc 0.1058 | Val Loss 2.3008 Acc 0.1129 AUC 0.5000 Pre 0.0113 Rec 0.1000
2026-08-30 00:32:19 | Diag logvar_q_mean=-1.1815 logvar_q_clamp=0.0000 logvar_p_mean=-1.1815 logvar_p_clamp=0.0000
2026-08-30 00:32:22 | Epoch 133/400 | Train Loss 2.3066 Acc 0.1047 | Val Loss 2.3008 Acc 0.1129 AUC 0.5000 Pre 0.0113 Rec 0.1000
2026-08-30 00:32:22 | Diag logvar_q_mean=-1.1900 logvar_q_clamp=0.0000 logvar_p_mean=-1.1900 logvar_p_clamp=0.0000
2026-08-30 00:32:26 | Epoch 134/400 | Train Loss 2.3054 Acc 0.1035 | Val Loss 2.3008 Acc 0.1129 AUC 0.5000 Pre 0.0113 Rec 0.1000
2026-08-30 00:32:26 | Diag logvar_q_mean=-1.1976 logvar_q_clamp=0.0000 logvar_p_mean=-1.1976 logvar_p_clamp=0.0000
2026-08-30 00:32:29 | Epoch 135/400 | Train Loss 2.3053 Acc 0.1054 | Val Loss 2.3008 Acc 0.1129 AUC 0.5000 Pre 0.0113 Rec 0.1000
2026-08-30 00:32:30 | Diag logvar_q_mean=-1.2050 logvar_q_clamp=0.0000 logvar_p_mean=-1.2050 logvar_p_clamp=0.0000
2026-08-30 00:32:33 | Epoch 136/400 | Train Loss 2.3056 Acc 0.1047 | Val Loss 2.3007 Acc 0.1129 AUC 0.5000 Pre 0.0113 Rec 0.1000
2026-08-30 00:32:34 | Diag logvar_q_mean=-1.2128 logvar_q_clamp=0.0000 logvar_p_mean=-1.2128 logvar_p_clamp=0.0000
2026-08-30 00:32:37 | Epoch 137/400 | Train Loss 2.3060 Acc 0.1040 | Val Loss 2.3008 Acc 0.1129 AUC 0.5000 Pre 0.0113 Rec 0.1000
2026-08-30 00:32:38 | Diag logvar_q_mean=-1.2210 logvar_q_clamp=0.0000 logvar_p_mean=-1.2210 logvar_p_clamp=0.0000
2026-08-30 00:32:41 | Epoch 138/400 | Train Loss 2.3060 Acc 0.1033 | Val Loss 2.3008 Acc 0.1129 AUC 0.5000 Pre 0.0113 Rec 0.1000
2026-08-30 00:32:42 | Diag logvar_q_mean=-1.2290 logvar_q_clamp=0.0000 logvar_p_mean=-1.2290 logvar_p_clamp=0.0000
2026-08-30 00:32:45 | Epoch 139/400 | Train Loss 2.3057 Acc 0.1048 | Val Loss 2.3008 Acc 0.1129 AUC 0.5000 Pre 0.0113 Rec 0.1000
2026-08-30 00:32:45 | Diag logvar_q_mean=-1.2368 logvar_q_clamp=0.0000 logvar_p_mean=-1.2368 logvar_p_clamp=0.0000
2026-08-30 00:32:49 | Epoch 140/400 | Train Loss 2.3056 Acc 0.1051 | Val Loss 2.3007 Acc 0.1129 AUC 0.5000 Pre 0.0113 Rec 0.1000
2026-08-30 00:32:49 | Diag logvar_q_mean=-1.2444 logvar_q_clamp=0.0000 logvar_p_mean=-1.2444 logvar_p_clamp=0.0000
2026-08-30 00:32:52 | Epoch 141/400 | Train Loss 2.3052 Acc 0.1056 | Val Loss 2.3008 Acc 0.1129 AUC 0.5000 Pre 0.0113 Rec 0.1000
2026-08-30 00:32:53 | Diag logvar_q_mean=-1.2519 logvar_q_clamp=0.0000 logvar_p_mean=-1.2519 logvar_p_clamp=0.0000
2026-08-30 00:32:56 | Epoch 142/400 | Train Loss 2.3063 Acc 0.1028 | Val Loss 2.3008 Acc 0.1129 AUC 0.5000 Pre 0.0113 Rec 0.1000
2026-08-30 00:32:57 | Diag logvar_q_mean=-1.2602 logvar_q_clamp=0.0000 logvar_p_mean=-1.2602 logvar_p_clamp=0.0000
2026-08-30 00:33:00 | Epoch 143/400 | Train Loss 2.3053 Acc 0.1058 | Val Loss 2.3008 Acc 0.1129 AUC 0.5000 Pre 0.0113 Rec 0.1000
2026-08-30 00:33:01 | Diag logvar_q_mean=-1.2678 logvar_q_clamp=0.0000 logvar_p_mean=-1.2678 logvar_p_clamp=0.0000
2026-08-30 00:33:04 | Epoch 144/400 | Train Loss 2.3053 Acc 0.1037 | Val Loss 2.3008 Acc 0.1129 AUC 0.5000 Pre 0.0113 Rec 0.1000
2026-08-30 00:33:04 | Diag logvar_q_mean=-1.2750 logvar_q_clamp=0.0000 logvar_p_mean=-1.2750 logvar_p_clamp=0.0000
2026-08-30 00:33:08 | Epoch 145/400 | Train Loss 2.3059 Acc 0.1054 | Val Loss 2.3008 Acc 0.1129 AUC 0.5000 Pre 0.0113 Rec 0.1000
2026-08-30 00:33:08 | Diag logvar_q_mean=-1.2829 logvar_q_clamp=0.0000 logvar_p_mean=-1.2829 logvar_p_clamp=0.0000
2026-08-30 00:33:12 | Epoch 146/400 | Train Loss 2.3054 Acc 0.1065 | Val Loss 2.3008 Acc 0.1129 AUC 0.5000 Pre 0.0113 Rec 0.1000
2026-08-30 00:33:12 | Diag logvar_q_mean=-1.2905 logvar_q_clamp=0.0000 logvar_p_mean=-1.2905 logvar_p_clamp=0.0000
2026-08-30 00:33:15 | Epoch 147/400 | Train Loss 2.3058 Acc 0.1064 | Val Loss 2.3007 Acc 0.1129 AUC 0.5000 Pre 0.0113 Rec 0.1000
2026-08-30 00:33:16 | Diag logvar_q_mean=-1.2982 logvar_q_clamp=0.0000 logvar_p_mean=-1.2982 logvar_p_clamp=0.0000
2026-08-30 00:33:19 | Epoch 148/400 | Train Loss 2.3057 Acc 0.1048 | Val Loss 2.3008 Acc 0.1129 AUC 0.5000 Pre 0.0113 Rec 0.1000
2026-08-30 00:33:20 | Diag logvar_q_mean=-1.3059 logvar_q_clamp=0.0000 logvar_p_mean=-1.3059 logvar_p_clamp=0.0000
2026-08-30 00:33:23 | Epoch 149/400 | Train Loss 2.3056 Acc 0.1044 | Val Loss 2.3008 Acc 0.1129 AUC 0.5000 Pre 0.0113 Rec 0.1000
2026-08-30 00:33:23 | Diag logvar_q_mean=-1.3135 logvar_q_clamp=0.0000 logvar_p_mean=-1.3135 logvar_p_clamp=0.0000
2026-08-30 00:33:27 | Epoch 150/400 | Train Loss 2.3051 Acc 0.1065 | Val Loss 2.3008 Acc 0.1129 AUC 0.5000 Pre 0.0113 Rec 0.1000
2026-08-30 00:33:27 | Diag logvar_q_mean=-1.3207 logvar_q_clamp=0.0000 logvar_p_mean=-1.3207 logvar_p_clamp=0.0000
2026-08-30 00:33:31 | Epoch 151/400 | Train Loss 2.3059 Acc 0.1055 | Val Loss 2.3008 Acc 0.1129 AUC 0.5000 Pre 0.0113 Rec 0.1000
2026-08-30 00:33:31 | Diag logvar_q_mean=-1.3286 logvar_q_clamp=0.0000 logvar_p_mean=-1.3286 logvar_p_clamp=0.0000
2026-08-30 00:33:35 | Epoch 152/400 | Train Loss 2.3051 Acc 0.1053 | Val Loss 2.3007 Acc 0.1129 AUC 0.5000 Pre 0.0113 Rec 0.1000
2026-08-30 00:33:35 | Diag logvar_q_mean=-1.3359 logvar_q_clamp=0.0000 logvar_p_mean=-1.3359 logvar_p_clamp=0.0000
2026-08-30 00:33:38 | Epoch 153/400 | Train Loss 2.3054 Acc 0.1075 | Val Loss 2.3007 Acc 0.1129 AUC 0.5000 Pre 0.0113 Rec 0.1000
2026-08-30 00:33:39 | Diag logvar_q_mean=-1.3431 logvar_q_clamp=0.0000 logvar_p_mean=-1.3431 logvar_p_clamp=0.0000
2026-08-30 00:33:42 | Epoch 154/400 | Train Loss 2.3052 Acc 0.1055 | Val Loss 2.3008 Acc 0.1129 AUC 0.5000 Pre 0.0113 Rec 0.1000
2026-08-30 00:33:43 | Diag logvar_q_mean=-1.3505 logvar_q_clamp=0.0000 logvar_p_mean=-1.3506 logvar_p_clamp=0.0000
2026-08-30 00:33:46 | Epoch 155/400 | Train Loss 2.3054 Acc 0.1051 | Val Loss 2.3008 Acc 0.1129 AUC 0.5000 Pre 0.0113 Rec 0.1000
2026-08-30 00:33:46 | Diag logvar_q_mean=-1.3580 logvar_q_clamp=0.0000 logvar_p_mean=-1.3580 logvar_p_clamp=0.0000
2026-08-30 00:33:50 | Epoch 156/400 | Train Loss 2.3049 Acc 0.1068 | Val Loss 2.3008 Acc 0.1129 AUC 0.5000 Pre 0.0113 Rec 0.1000
2026-08-30 00:33:50 | Diag logvar_q_mean=-1.3651 logvar_q_clamp=0.0000 logvar_p_mean=-1.3651 logvar_p_clamp=0.0000
2026-08-30 00:33:54 | Epoch 157/400 | Train Loss 2.3059 Acc 0.1080 | Val Loss 2.3008 Acc 0.1129 AUC 0.5000 Pre 0.0113 Rec 0.1000
2026-08-30 00:33:54 | Diag logvar_q_mean=-1.3730 logvar_q_clamp=0.0000 logvar_p_mean=-1.3730 logvar_p_clamp=0.0000
2026-08-30 00:33:57 | Epoch 158/400 | Train Loss 2.3052 Acc 0.1075 | Val Loss 2.3007 Acc 0.1129 AUC 0.5000 Pre 0.0113 Rec 0.1000
2026-08-30 00:33:58 | Diag logvar_q_mean=-1.3804 logvar_q_clamp=0.0000 logvar_p_mean=-1.3804 logvar_p_clamp=0.0000
2026-08-30 00:34:01 | Epoch 159/400 | Train Loss 2.3055 Acc 0.1066 | Val Loss 2.3008 Acc 0.1129 AUC 0.5000 Pre 0.0113 Rec 0.1000
2026-08-30 00:34:02 | Diag logvar_q_mean=-1.3879 logvar_q_clamp=0.0000 logvar_p_mean=-1.3878 logvar_p_clamp=0.0000
2026-08-30 00:34:05 | Epoch 160/400 | Train Loss 2.3050 Acc 0.1049 | Val Loss 2.3008 Acc 0.1129 AUC 0.5000 Pre 0.0113 Rec 0.1000
2026-08-30 00:34:05 | Diag logvar_q_mean=-1.3951 logvar_q_clamp=0.0000 logvar_p_mean=-1.3951 logvar_p_clamp=0.0000
2026-08-30 00:34:09 | Epoch 161/400 | Train Loss 2.3054 Acc 0.1059 | Val Loss 2.3007 Acc 0.1129 AUC 0.5000 Pre 0.0113 Rec 0.1000
2026-08-30 00:34:09 | Diag logvar_q_mean=-1.4025 logvar_q_clamp=0.0000 logvar_p_mean=-1.4025 logvar_p_clamp=0.0000
2026-08-30 00:34:13 | Epoch 162/400 | Train Loss 2.3064 Acc 0.1063 | Val Loss 2.3007 Acc 0.1129 AUC 0.5000 Pre 0.0113 Rec 0.1000
2026-08-30 00:34:13 | Diag logvar_q_mean=-1.4107 logvar_q_clamp=0.0000 logvar_p_mean=-1.4107 logvar_p_clamp=0.0000
2026-08-30 00:34:16 | Epoch 163/400 | Train Loss 2.3053 Acc 0.1068 | Val Loss 2.3008 Acc 0.1129 AUC 0.5000 Pre 0.0113 Rec 0.1000
2026-08-30 00:34:17 | Diag logvar_q_mean=-1.4179 logvar_q_clamp=0.0000 logvar_p_mean=-1.4179 logvar_p_clamp=0.0000
2026-08-30 00:34:20 | Epoch 164/400 | Train Loss 2.3054 Acc 0.1047 | Val Loss 2.3008 Acc 0.1129 AUC 0.5000 Pre 0.0113 Rec 0.1000
2026-08-30 00:34:21 | Diag logvar_q_mean=-1.4253 logvar_q_clamp=0.0000 logvar_p_mean=-1.4253 logvar_p_clamp=0.0000
2026-08-30 00:34:24 | Epoch 165/400 | Train Loss 2.3058 Acc 0.1044 | Val Loss 2.3008 Acc 0.1129 AUC 0.5000 Pre 0.0113 Rec 0.1000
2026-08-30 00:34:24 | Diag logvar_q_mean=-1.4329 logvar_q_clamp=0.0000 logvar_p_mean=-1.4329 logvar_p_clamp=0.0000
2026-08-30 00:34:28 | Epoch 166/400 | Train Loss 2.3051 Acc 0.1052 | Val Loss 2.3008 Acc 0.1129 AUC 0.5000 Pre 0.0113 Rec 0.1000
2026-08-30 00:34:28 | Diag logvar_q_mean=-1.4399 logvar_q_clamp=0.0000 logvar_p_mean=-1.4398 logvar_p_clamp=0.0000
2026-08-30 00:34:32 | Epoch 167/400 | Train Loss 2.3050 Acc 0.1083 | Val Loss 2.3008 Acc 0.1129 AUC 0.5000 Pre 0.0113 Rec 0.1000
2026-08-30 00:34:32 | Diag logvar_q_mean=-1.4471 logvar_q_clamp=0.0000 logvar_p_mean=-1.4471 logvar_p_clamp=0.0000
2026-08-30 00:34:35 | Epoch 168/400 | Train Loss 2.3051 Acc 0.1037 | Val Loss 2.3008 Acc 0.1129 AUC 0.5000 Pre 0.0113 Rec 0.1000
2026-08-30 00:34:36 | Diag logvar_q_mean=-1.4542 logvar_q_clamp=0.0000 logvar_p_mean=-1.4542 logvar_p_clamp=0.0000
2026-08-30 00:34:39 | Epoch 169/400 | Train Loss 2.3052 Acc 0.1055 | Val Loss 2.3008 Acc 0.1129 AUC 0.5000 Pre 0.0113 Rec 0.1000
2026-08-30 00:34:40 | Diag logvar_q_mean=-1.4616 logvar_q_clamp=0.0000 logvar_p_mean=-1.4616 logvar_p_clamp=0.0000
2026-08-30 00:34:43 | Epoch 170/400 | Train Loss 2.3051 Acc 0.1075 | Val Loss 2.3008 Acc 0.1129 AUC 0.5000 Pre 0.0113 Rec 0.1000
2026-08-30 00:34:43 | Diag logvar_q_mean=-1.4687 logvar_q_clamp=0.0000 logvar_p_mean=-1.4687 logvar_p_clamp=0.0000
2026-08-30 00:34:47 | Epoch 171/400 | Train Loss 2.3057 Acc 0.1072 | Val Loss 2.3008 Acc 0.1129 AUC 0.5000 Pre 0.0113 Rec 0.1000
2026-08-30 00:34:47 | Diag logvar_q_mean=-1.4762 logvar_q_clamp=0.0000 logvar_p_mean=-1.4762 logvar_p_clamp=0.0000
2026-08-30 00:34:50 | Epoch 172/400 | Train Loss 2.3052 Acc 0.1061 | Val Loss 2.3007 Acc 0.1129 AUC 0.5000 Pre 0.0113 Rec 0.1000
2026-08-30 00:34:51 | Diag logvar_q_mean=-1.4834 logvar_q_clamp=0.0000 logvar_p_mean=-1.4834 logvar_p_clamp=0.0000
2026-08-30 00:34:54 | Epoch 173/400 | Train Loss 2.3056 Acc 0.1042 | Val Loss 2.3008 Acc 0.1129 AUC 0.5000 Pre 0.0113 Rec 0.1000
2026-08-30 00:34:54 | Diag logvar_q_mean=-1.4908 logvar_q_clamp=0.0000 logvar_p_mean=-1.4908 logvar_p_clamp=0.0000
2026-08-30 00:34:58 | Epoch 174/400 | Train Loss 2.3051 Acc 0.1069 | Val Loss 2.3008 Acc 0.1129 AUC 0.5000 Pre 0.0113 Rec 0.1000
2026-08-30 00:34:58 | Diag logvar_q_mean=-1.4977 logvar_q_clamp=0.0000 logvar_p_mean=-1.4977 logvar_p_clamp=0.0000
2026-08-30 00:35:01 | Epoch 175/400 | Train Loss 2.3050 Acc 0.1061 | Val Loss 2.3008 Acc 0.1129 AUC 0.5000 Pre 0.0113 Rec 0.1000
2026-08-30 00:35:02 | Diag logvar_q_mean=-1.5049 logvar_q_clamp=0.0000 logvar_p_mean=-1.5049 logvar_p_clamp=0.0000
2026-08-30 00:35:05 | Epoch 176/400 | Train Loss 2.3050 Acc 0.1067 | Val Loss 2.3008 Acc 0.1129 AUC 0.5000 Pre 0.0113 Rec 0.1000
2026-08-30 00:35:05 | Diag logvar_q_mean=-1.5120 logvar_q_clamp=0.0000 logvar_p_mean=-1.5120 logvar_p_clamp=0.0000
2026-08-30 00:35:09 | Epoch 177/400 | Train Loss 2.3052 Acc 0.1049 | Val Loss 2.3008 Acc 0.1129 AUC 0.5000 Pre 0.0113 Rec 0.1000
2026-08-30 00:35:09 | Diag logvar_q_mean=-1.5190 logvar_q_clamp=0.0000 logvar_p_mean=-1.5190 logvar_p_clamp=0.0000
2026-08-30 00:35:12 | Epoch 178/400 | Train Loss 2.3048 Acc 0.1068 | Val Loss 2.3009 Acc 0.1129 AUC 0.5000 Pre 0.0113 Rec 0.1000
2026-08-30 00:35:13 | Diag logvar_q_mean=-1.5258 logvar_q_clamp=0.0000 logvar_p_mean=-1.5258 logvar_p_clamp=0.0000
2026-08-30 00:35:16 | Epoch 179/400 | Train Loss 2.3053 Acc 0.1071 | Val Loss 2.3008 Acc 0.1129 AUC 0.5000 Pre 0.0113 Rec 0.1000
2026-08-30 00:35:17 | Diag logvar_q_mean=-1.5328 logvar_q_clamp=0.0000 logvar_p_mean=-1.5328 logvar_p_clamp=0.0000
2026-08-30 00:35:20 | Epoch 180/400 | Train Loss 2.3044 Acc 0.1066 | Val Loss 2.3007 Acc 0.1129 AUC 0.5000 Pre 0.0113 Rec 0.1000
2026-08-30 00:35:21 | Diag logvar_q_mean=-1.5394 logvar_q_clamp=0.0000 logvar_p_mean=-1.5394 logvar_p_clamp=0.0000
2026-08-30 00:35:24 | Epoch 181/400 | Train Loss 2.3055 Acc 0.1060 | Val Loss 2.3008 Acc 0.1129 AUC 0.5000 Pre 0.0113 Rec 0.1000
2026-08-30 00:35:24 | Diag logvar_q_mean=-1.5469 logvar_q_clamp=0.0000 logvar_p_mean=-1.5469 logvar_p_clamp=0.0000
2026-08-30 00:35:28 | Epoch 182/400 | Train Loss 2.3055 Acc 0.1038 | Val Loss 2.3008 Acc 0.1129 AUC 0.5000 Pre 0.0113 Rec 0.1000
2026-08-30 00:35:28 | Diag logvar_q_mean=-1.5542 logvar_q_clamp=0.0000 logvar_p_mean=-1.5542 logvar_p_clamp=0.0000
2026-08-30 00:35:32 | Epoch 183/400 | Train Loss 2.3049 Acc 0.1075 | Val Loss 2.3008 Acc 0.1129 AUC 0.5000 Pre 0.0113 Rec 0.1000
2026-08-30 00:35:32 | Diag logvar_q_mean=-1.5611 logvar_q_clamp=0.0000 logvar_p_mean=-1.5611 logvar_p_clamp=0.0000
2026-08-30 00:35:35 | Epoch 184/400 | Train Loss 2.3047 Acc 0.1066 | Val Loss 2.3008 Acc 0.1129 AUC 0.5000 Pre 0.0113 Rec 0.1000
2026-08-30 00:35:36 | Diag logvar_q_mean=-1.5677 logvar_q_clamp=0.0000 logvar_p_mean=-1.5677 logvar_p_clamp=0.0000
2026-08-30 00:35:39 | Epoch 185/400 | Train Loss 2.3055 Acc 0.1037 | Val Loss 2.3008 Acc 0.1129 AUC 0.5000 Pre 0.0113 Rec 0.1000
2026-08-30 00:35:40 | Diag logvar_q_mean=-1.5746 logvar_q_clamp=0.0000 logvar_p_mean=-1.5746 logvar_p_clamp=0.0000
2026-08-30 00:35:43 | Epoch 186/400 | Train Loss 2.3057 Acc 0.1057 | Val Loss 2.3008 Acc 0.1129 AUC 0.5000 Pre 0.0113 Rec 0.1000
2026-08-30 00:35:44 | Diag logvar_q_mean=-1.5822 logvar_q_clamp=0.0000 logvar_p_mean=-1.5821 logvar_p_clamp=0.0000
2026-08-30 00:35:47 | Epoch 187/400 | Train Loss 2.3051 Acc 0.1079 | Val Loss 2.3008 Acc 0.1129 AUC 0.5000 Pre 0.0113 Rec 0.1000
2026-08-30 00:35:47 | Diag logvar_q_mean=-1.5891 logvar_q_clamp=0.0000 logvar_p_mean=-1.5891 logvar_p_clamp=0.0000
2026-08-30 00:35:51 | Epoch 188/400 | Train Loss 2.3047 Acc 0.1041 | Val Loss 2.3008 Acc 0.1129 AUC 0.5000 Pre 0.0113 Rec 0.1000
2026-08-30 00:35:51 | Diag logvar_q_mean=-1.5958 logvar_q_clamp=0.0000 logvar_p_mean=-1.5958 logvar_p_clamp=0.0000
2026-08-30 00:35:54 | Epoch 189/400 | Train Loss 2.3045 Acc 0.1047 | Val Loss 2.3008 Acc 0.1129 AUC 0.5000 Pre 0.0113 Rec 0.1000
2026-08-30 00:35:55 | Diag logvar_q_mean=-1.6022 logvar_q_clamp=0.0000 logvar_p_mean=-1.6021 logvar_p_clamp=0.0000
2026-08-30 00:35:58 | Epoch 190/400 | Train Loss 2.3050 Acc 0.1063 | Val Loss 2.3008 Acc 0.1129 AUC 0.5000 Pre 0.0113 Rec 0.1000
2026-08-30 00:35:59 | Diag logvar_q_mean=-1.6093 logvar_q_clamp=0.0000 logvar_p_mean=-1.6092 logvar_p_clamp=0.0000
2026-08-30 00:36:02 | Epoch 191/400 | Train Loss 2.3052 Acc 0.1063 | Val Loss 2.3008 Acc 0.1129 AUC 0.5000 Pre 0.0113 Rec 0.1000
2026-08-30 00:36:03 | Diag logvar_q_mean=-1.6163 logvar_q_clamp=0.0000 logvar_p_mean=-1.6163 logvar_p_clamp=0.0000
2026-08-30 00:36:06 | Epoch 192/400 | Train Loss 2.3046 Acc 0.1059 | Val Loss 2.3008 Acc 0.1129 AUC 0.5000 Pre 0.0113 Rec 0.1000
2026-08-30 00:36:06 | Diag logvar_q_mean=-1.6229 logvar_q_clamp=0.0000 logvar_p_mean=-1.6229 logvar_p_clamp=0.0000
2026-08-30 00:36:10 | Epoch 193/400 | Train Loss 2.3048 Acc 0.1075 | Val Loss 2.3007 Acc 0.1129 AUC 0.5000 Pre 0.0113 Rec 0.1000
2026-08-30 00:36:10 | Diag logvar_q_mean=-1.6298 logvar_q_clamp=0.0000 logvar_p_mean=-1.6298 logvar_p_clamp=0.0000
2026-08-30 00:36:13 | Epoch 194/400 | Train Loss 2.3043 Acc 0.1047 | Val Loss 2.3008 Acc 0.1129 AUC 0.5000 Pre 0.0113 Rec 0.1000
2026-08-30 00:36:14 | Diag logvar_q_mean=-1.6363 logvar_q_clamp=0.0000 logvar_p_mean=-1.6363 logvar_p_clamp=0.0000
2026-08-30 00:36:17 | Epoch 195/400 | Train Loss 2.3052 Acc 0.1074 | Val Loss 2.3008 Acc 0.1129 AUC 0.5000 Pre 0.0113 Rec 0.1000
2026-08-30 00:36:18 | Diag logvar_q_mean=-1.6434 logvar_q_clamp=0.0000 logvar_p_mean=-1.6433 logvar_p_clamp=0.0000
2026-08-30 00:36:21 | Epoch 196/400 | Train Loss 2.3055 Acc 0.1051 | Val Loss 2.3008 Acc 0.1129 AUC 0.5000 Pre 0.0113 Rec 0.1000
2026-08-30 00:36:21 | Diag logvar_q_mean=-1.6506 logvar_q_clamp=0.0000 logvar_p_mean=-1.6506 logvar_p_clamp=0.0000
2026-08-30 00:36:25 | Epoch 197/400 | Train Loss 2.3052 Acc 0.1044 | Val Loss 2.3008 Acc 0.1129 AUC 0.5000 Pre 0.0113 Rec 0.1000
2026-08-30 00:36:25 | Diag logvar_q_mean=-1.6574 logvar_q_clamp=0.0000 logvar_p_mean=-1.6574 logvar_p_clamp=0.0000
2026-08-30 00:36:28 | Epoch 198/400 | Train Loss 2.3049 Acc 0.1066 | Val Loss 2.3008 Acc 0.1129 AUC 0.5000 Pre 0.0113 Rec 0.1000
2026-08-30 00:36:29 | Diag logvar_q_mean=-1.6641 logvar_q_clamp=0.0000 logvar_p_mean=-1.6641 logvar_p_clamp=0.0000
2026-08-30 00:36:32 | Epoch 199/400 | Train Loss 2.3049 Acc 0.1060 | Val Loss 2.3007 Acc 0.1129 AUC 0.5000 Pre 0.0113 Rec 0.1000
2026-08-30 00:36:33 | Diag logvar_q_mean=-1.6707 logvar_q_clamp=0.0000 logvar_p_mean=-1.6707 logvar_p_clamp=0.0000
2026-08-30 00:36:36 | Epoch 200/400 | Train Loss 2.3042 Acc 0.1066 | Val Loss 2.3008 Acc 0.1129 AUC 0.5000 Pre 0.0113 Rec 0.1000
2026-08-30 00:36:36 | Diag logvar_q_mean=-1.6769 logvar_q_clamp=0.0000 logvar_p_mean=-1.6769 logvar_p_clamp=0.0000
2026-08-30 00:36:40 | Epoch 201/400 | Train Loss 2.3045 Acc 0.1071 | Val Loss 2.3008 Acc 0.1129 AUC 0.5000 Pre 0.0113 Rec 0.1000
2026-08-30 00:36:40 | Diag logvar_q_mean=-1.6834 logvar_q_clamp=0.0000 logvar_p_mean=-1.6834 logvar_p_clamp=0.0000
2026-08-30 00:36:44 | Epoch 202/400 | Train Loss 2.3053 Acc 0.1054 | Val Loss 2.3008 Acc 0.1129 AUC 0.5000 Pre 0.0113 Rec 0.1000
2026-08-30 00:36:44 | Diag logvar_q_mean=-1.6907 logvar_q_clamp=0.0000 logvar_p_mean=-1.6907 logvar_p_clamp=0.0000
2026-08-30 00:36:47 | Epoch 203/400 | Train Loss 2.3050 Acc 0.1054 | Val Loss 2.3008 Acc 0.1129 AUC 0.5000 Pre 0.0113 Rec 0.1000
2026-08-30 00:36:48 | Diag logvar_q_mean=-1.6974 logvar_q_clamp=0.0000 logvar_p_mean=-1.6974 logvar_p_clamp=0.0000
2026-08-30 00:36:51 | Epoch 204/400 | Train Loss 2.3049 Acc 0.1064 | Val Loss 2.3008 Acc 0.1129 AUC 0.5000 Pre 0.0113 Rec 0.1000
2026-08-30 00:36:52 | Diag logvar_q_mean=-1.7042 logvar_q_clamp=0.0000 logvar_p_mean=-1.7042 logvar_p_clamp=0.0000
2026-08-30 00:36:55 | Epoch 205/400 | Train Loss 2.3046 Acc 0.1053 | Val Loss 2.3008 Acc 0.1129 AUC 0.5000 Pre 0.0113 Rec 0.1000
2026-08-30 00:36:56 | Diag logvar_q_mean=-1.7107 logvar_q_clamp=0.0000 logvar_p_mean=-1.7107 logvar_p_clamp=0.0000
2026-08-30 00:36:59 | Epoch 206/400 | Train Loss 2.3051 Acc 0.1058 | Val Loss 2.3008 Acc 0.1129 AUC 0.5000 Pre 0.0113 Rec 0.1000
2026-08-30 00:36:59 | Diag logvar_q_mean=-1.7176 logvar_q_clamp=0.0000 logvar_p_mean=-1.7176 logvar_p_clamp=0.0000
2026-08-30 00:37:03 | Epoch 207/400 | Train Loss 2.3050 Acc 0.1041 | Val Loss 2.3008 Acc 0.1129 AUC 0.5000 Pre 0.0113 Rec 0.1000
2026-08-30 00:37:03 | Diag logvar_q_mean=-1.7244 logvar_q_clamp=0.0000 logvar_p_mean=-1.7244 logvar_p_clamp=0.0000
2026-08-30 00:37:06 | Epoch 208/400 | Train Loss 2.3049 Acc 0.1051 | Val Loss 2.3008 Acc 0.1129 AUC 0.5000 Pre 0.0113 Rec 0.1000
2026-08-30 00:37:07 | Diag logvar_q_mean=-1.7310 logvar_q_clamp=0.0000 logvar_p_mean=-1.7310 logvar_p_clamp=0.0000
2026-08-30 00:37:10 | Epoch 209/400 | Train Loss 2.3049 Acc 0.1050 | Val Loss 2.3008 Acc 0.1129 AUC 0.5000 Pre 0.0113 Rec 0.1000
2026-08-30 00:37:10 | Diag logvar_q_mean=-1.7377 logvar_q_clamp=0.0000 logvar_p_mean=-1.7377 logvar_p_clamp=0.0000
2026-08-30 00:37:14 | Epoch 210/400 | Train Loss 2.3050 Acc 0.1069 | Val Loss 2.3008 Acc 0.1129 AUC 0.5000 Pre 0.0113 Rec 0.1000
2026-08-30 00:37:14 | Diag logvar_q_mean=-1.7444 logvar_q_clamp=0.0000 logvar_p_mean=-1.7444 logvar_p_clamp=0.0000
2026-08-30 00:37:18 | Epoch 211/400 | Train Loss 2.3048 Acc 0.1054 | Val Loss 2.3008 Acc 0.1129 AUC 0.5000 Pre 0.0113 Rec 0.1000
2026-08-30 00:37:18 | Diag logvar_q_mean=-1.7510 logvar_q_clamp=0.0000 logvar_p_mean=-1.7510 logvar_p_clamp=0.0000
2026-08-30 00:37:21 | Epoch 212/400 | Train Loss 2.3048 Acc 0.1058 | Val Loss 2.3008 Acc 0.1129 AUC 0.5000 Pre 0.0113 Rec 0.1000
2026-08-30 00:37:22 | Diag logvar_q_mean=-1.7574 logvar_q_clamp=0.0000 logvar_p_mean=-1.7574 logvar_p_clamp=0.0000
2026-08-30 00:37:25 | Epoch 213/400 | Train Loss 2.3046 Acc 0.1064 | Val Loss 2.3008 Acc 0.1129 AUC 0.5000 Pre 0.0113 Rec 0.1000
2026-08-30 00:37:25 | Diag logvar_q_mean=-1.7640 logvar_q_clamp=0.0000 logvar_p_mean=-1.7640 logvar_p_clamp=0.0000
2026-08-30 00:37:28 | Epoch 214/400 | Train Loss 2.3051 Acc 0.1076 | Val Loss 2.3008 Acc 0.1129 AUC 0.5000 Pre 0.0113 Rec 0.1000
2026-08-30 00:37:29 | Diag logvar_q_mean=-1.7707 logvar_q_clamp=0.0000 logvar_p_mean=-1.7707 logvar_p_clamp=0.0000
2026-08-30 00:37:32 | Epoch 215/400 | Train Loss 2.3044 Acc 0.1070 | Val Loss 2.3008 Acc 0.1129 AUC 0.5000 Pre 0.0113 Rec 0.1000
2026-08-30 00:37:33 | Diag logvar_q_mean=-1.7770 logvar_q_clamp=0.0000 logvar_p_mean=-1.7770 logvar_p_clamp=0.0000
2026-08-30 00:37:36 | Epoch 216/400 | Train Loss 2.3046 Acc 0.1041 | Val Loss 2.3008 Acc 0.1129 AUC 0.5000 Pre 0.0113 Rec 0.1000
2026-08-30 00:37:37 | Diag logvar_q_mean=-1.7833 logvar_q_clamp=0.0000 logvar_p_mean=-1.7833 logvar_p_clamp=0.0000
2026-08-30 00:37:40 | Epoch 217/400 | Train Loss 2.3046 Acc 0.1058 | Val Loss 2.3008 Acc 0.1129 AUC 0.5000 Pre 0.0113 Rec 0.1000
2026-08-30 00:37:40 | Diag logvar_q_mean=-1.7895 logvar_q_clamp=0.0000 logvar_p_mean=-1.7895 logvar_p_clamp=0.0000
2026-08-30 00:37:43 | Epoch 218/400 | Train Loss 2.3048 Acc 0.1064 | Val Loss 2.3008 Acc 0.1129 AUC 0.5000 Pre 0.0113 Rec 0.1000
2026-08-30 00:37:44 | Diag logvar_q_mean=-1.7963 logvar_q_clamp=0.0000 logvar_p_mean=-1.7963 logvar_p_clamp=0.0000
2026-08-30 00:37:47 | Epoch 219/400 | Train Loss 2.3052 Acc 0.1036 | Val Loss 2.3008 Acc 0.1129 AUC 0.5000 Pre 0.0113 Rec 0.1000
2026-08-30 00:37:48 | Diag logvar_q_mean=-1.8033 logvar_q_clamp=0.0000 logvar_p_mean=-1.8032 logvar_p_clamp=0.0000
2026-08-30 00:37:51 | Epoch 220/400 | Train Loss 2.3046 Acc 0.1056 | Val Loss 2.3009 Acc 0.1129 AUC 0.5000 Pre 0.0113 Rec 0.1000
2026-08-30 00:37:51 | Diag logvar_q_mean=-1.8094 logvar_q_clamp=0.0000 logvar_p_mean=-1.8094 logvar_p_clamp=0.0000
2026-08-30 00:37:55 | Epoch 221/400 | Train Loss 2.3037 Acc 0.1059 | Val Loss 2.3008 Acc 0.1129 AUC 0.5000 Pre 0.0113 Rec 0.1000
2026-08-30 00:37:55 | Diag logvar_q_mean=-1.8149 logvar_q_clamp=0.0000 logvar_p_mean=-1.8149 logvar_p_clamp=0.0000
2026-08-30 00:37:58 | Epoch 222/400 | Train Loss 2.3046 Acc 0.1072 | Val Loss 2.3008 Acc 0.1129 AUC 0.5000 Pre 0.0113 Rec 0.1000
2026-08-30 00:37:59 | Diag logvar_q_mean=-1.8213 logvar_q_clamp=0.0000 logvar_p_mean=-1.8213 logvar_p_clamp=0.0000
2026-08-30 00:38:02 | Epoch 223/400 | Train Loss 2.3045 Acc 0.1057 | Val Loss 2.3008 Acc 0.1129 AUC 0.5000 Pre 0.0113 Rec 0.1000
2026-08-30 00:38:02 | Diag logvar_q_mean=-1.8278 logvar_q_clamp=0.0000 logvar_p_mean=-1.8278 logvar_p_clamp=0.0000
2026-08-30 00:38:05 | Epoch 224/400 | Train Loss 2.3048 Acc 0.1074 | Val Loss 2.3008 Acc 0.1129 AUC 0.5000 Pre 0.0113 Rec 0.1000
2026-08-30 00:38:06 | Diag logvar_q_mean=-1.8344 logvar_q_clamp=0.0000 logvar_p_mean=-1.8344 logvar_p_clamp=0.0000
2026-08-30 00:38:09 | Epoch 225/400 | Train Loss 2.3043 Acc 0.1075 | Val Loss 2.3008 Acc 0.1129 AUC 0.5000 Pre 0.0113 Rec 0.1000
2026-08-30 00:38:10 | Diag logvar_q_mean=-1.8406 logvar_q_clamp=0.0000 logvar_p_mean=-1.8406 logvar_p_clamp=0.0000
2026-08-30 00:38:13 | Epoch 226/400 | Train Loss 2.3042 Acc 0.1057 | Val Loss 2.3008 Acc 0.1129 AUC 0.5000 Pre 0.0113 Rec 0.1000
2026-08-30 00:38:13 | Diag logvar_q_mean=-1.8468 logvar_q_clamp=0.0000 logvar_p_mean=-1.8468 logvar_p_clamp=0.0000
2026-08-30 00:38:16 | Epoch 227/400 | Train Loss 2.3043 Acc 0.1078 | Val Loss 2.3008 Acc 0.1129 AUC 0.5000 Pre 0.0113 Rec 0.1000
2026-08-30 00:38:17 | Diag logvar_q_mean=-1.8529 logvar_q_clamp=0.0000 logvar_p_mean=-1.8529 logvar_p_clamp=0.0000
2026-08-30 00:38:20 | Epoch 228/400 | Train Loss 2.3047 Acc 0.1059 | Val Loss 2.3008 Acc 0.1129 AUC 0.5000 Pre 0.0113 Rec 0.1000
2026-08-30 00:38:21 | Diag logvar_q_mean=-1.8596 logvar_q_clamp=0.0000 logvar_p_mean=-1.8596 logvar_p_clamp=0.0000
2026-08-30 00:38:24 | Epoch 229/400 | Train Loss 2.3046 Acc 0.1070 | Val Loss 2.3008 Acc 0.1129 AUC 0.5000 Pre 0.0113 Rec 0.1000
2026-08-30 00:38:24 | Diag logvar_q_mean=-1.8662 logvar_q_clamp=0.0000 logvar_p_mean=-1.8662 logvar_p_clamp=0.0000
2026-08-30 00:38:28 | Epoch 230/400 | Train Loss 2.3046 Acc 0.1059 | Val Loss 2.3008 Acc 0.1129 AUC 0.5000 Pre 0.0113 Rec 0.1000
2026-08-30 00:38:28 | Diag logvar_q_mean=-1.8725 logvar_q_clamp=0.0000 logvar_p_mean=-1.8725 logvar_p_clamp=0.0000
2026-08-30 00:38:31 | Epoch 231/400 | Train Loss 2.3045 Acc 0.1061 | Val Loss 2.3008 Acc 0.1129 AUC 0.5000 Pre 0.0113 Rec 0.1000
2026-08-30 00:38:32 | Diag logvar_q_mean=-1.8788 logvar_q_clamp=0.0000 logvar_p_mean=-1.8788 logvar_p_clamp=0.0000
2026-08-30 00:38:35 | Epoch 232/400 | Train Loss 2.3048 Acc 0.1064 | Val Loss 2.3008 Acc 0.1129 AUC 0.5000 Pre 0.0113 Rec 0.1000
2026-08-30 00:38:36 | Diag logvar_q_mean=-1.8854 logvar_q_clamp=0.0000 logvar_p_mean=-1.8854 logvar_p_clamp=0.0000
2026-08-30 00:38:39 | Epoch 233/400 | Train Loss 2.3040 Acc 0.1068 | Val Loss 2.3008 Acc 0.1129 AUC 0.5000 Pre 0.0113 Rec 0.1000
2026-08-30 00:38:39 | Diag logvar_q_mean=-1.8912 logvar_q_clamp=0.0000 logvar_p_mean=-1.8911 logvar_p_clamp=0.0000
2026-08-30 00:38:42 | Epoch 234/400 | Train Loss 2.3047 Acc 0.1070 | Val Loss 2.3008 Acc 0.1129 AUC 0.5000 Pre 0.0113 Rec 0.1000
2026-08-30 00:38:43 | Diag logvar_q_mean=-1.8976 logvar_q_clamp=0.0000 logvar_p_mean=-1.8976 logvar_p_clamp=0.0000
2026-08-30 00:38:46 | Epoch 235/400 | Train Loss 2.3049 Acc 0.1058 | Val Loss 2.3008 Acc 0.1129 AUC 0.5000 Pre 0.0113 Rec 0.1000
2026-08-30 00:38:47 | Diag logvar_q_mean=-1.9042 logvar_q_clamp=0.0000 logvar_p_mean=-1.9042 logvar_p_clamp=0.0000
2026-08-30 00:38:50 | Epoch 236/400 | Train Loss 2.3042 Acc 0.1067 | Val Loss 2.3008 Acc 0.1129 AUC 0.5000 Pre 0.0113 Rec 0.1000
2026-08-30 00:38:51 | Diag logvar_q_mean=-1.9102 logvar_q_clamp=0.0000 logvar_p_mean=-1.9102 logvar_p_clamp=0.0000
2026-08-30 00:38:54 | Epoch 237/400 | Train Loss 2.3047 Acc 0.1036 | Val Loss 2.3008 Acc 0.1129 AUC 0.5000 Pre 0.0113 Rec 0.1000
2026-08-30 00:38:55 | Diag logvar_q_mean=-1.9165 logvar_q_clamp=0.0000 logvar_p_mean=-1.9165 logvar_p_clamp=0.0000
2026-08-30 00:38:58 | Epoch 238/400 | Train Loss 2.3046 Acc 0.1055 | Val Loss 2.3008 Acc 0.1129 AUC 0.5000 Pre 0.0113 Rec 0.1000
2026-08-30 00:38:58 | Diag logvar_q_mean=-1.9229 logvar_q_clamp=0.0000 logvar_p_mean=-1.9229 logvar_p_clamp=0.0000
2026-08-30 00:39:02 | Epoch 239/400 | Train Loss 2.3043 Acc 0.1071 | Val Loss 2.3008 Acc 0.1129 AUC 0.5000 Pre 0.0113 Rec 0.1000
2026-08-30 00:39:02 | Diag logvar_q_mean=-1.9289 logvar_q_clamp=0.0000 logvar_p_mean=-1.9289 logvar_p_clamp=0.0000
2026-08-30 00:39:05 | Epoch 240/400 | Train Loss 2.3045 Acc 0.1042 | Val Loss 2.3008 Acc 0.1129 AUC 0.5000 Pre 0.0113 Rec 0.1000
2026-08-30 00:39:06 | Diag logvar_q_mean=-1.9352 logvar_q_clamp=0.0000 logvar_p_mean=-1.9352 logvar_p_clamp=0.0000
2026-08-30 00:39:09 | Epoch 241/400 | Train Loss 2.3043 Acc 0.1065 | Val Loss 2.3008 Acc 0.1129 AUC 0.5000 Pre 0.0113 Rec 0.1000
2026-08-30 00:39:10 | Diag logvar_q_mean=-1.9413 logvar_q_clamp=0.0000 logvar_p_mean=-1.9413 logvar_p_clamp=0.0000
2026-08-30 00:39:13 | Epoch 242/400 | Train Loss 2.3037 Acc 0.1094 | Val Loss 2.3008 Acc 0.1129 AUC 0.5000 Pre 0.0113 Rec 0.1000
2026-08-30 00:39:14 | Diag logvar_q_mean=-1.9467 logvar_q_clamp=0.0000 logvar_p_mean=-1.9467 logvar_p_clamp=0.0000
2026-08-30 00:39:17 | Epoch 243/400 | Train Loss 2.3048 Acc 0.1067 | Val Loss 2.3008 Acc 0.1129 AUC 0.5000 Pre 0.0113 Rec 0.1000
2026-08-30 00:39:17 | Diag logvar_q_mean=-1.9534 logvar_q_clamp=0.0000 logvar_p_mean=-1.9533 logvar_p_clamp=0.0000
2026-08-30 00:39:21 | Epoch 244/400 | Train Loss 2.3045 Acc 0.1063 | Val Loss 2.3008 Acc 0.1129 AUC 0.5000 Pre 0.0113 Rec 0.1000
2026-08-30 00:39:21 | Diag logvar_q_mean=-1.9596 logvar_q_clamp=0.0000 logvar_p_mean=-1.9596 logvar_p_clamp=0.0000
2026-08-30 00:39:25 | Epoch 245/400 | Train Loss 2.3047 Acc 0.1054 | Val Loss 2.3008 Acc 0.1129 AUC 0.5000 Pre 0.0113 Rec 0.1000
2026-08-30 00:39:25 | Diag logvar_q_mean=-1.9656 logvar_q_clamp=0.0000 logvar_p_mean=-1.9657 logvar_p_clamp=0.0000
2026-08-30 00:39:28 | Epoch 246/400 | Train Loss 2.3045 Acc 0.1065 | Val Loss 2.3008 Acc 0.1129 AUC 0.5000 Pre 0.0113 Rec 0.1000
2026-08-30 00:39:29 | Diag logvar_q_mean=-1.9717 logvar_q_clamp=0.0000 logvar_p_mean=-1.9717 logvar_p_clamp=0.0000
2026-08-30 00:39:32 | Epoch 247/400 | Train Loss 2.3043 Acc 0.1064 | Val Loss 2.3008 Acc 0.1129 AUC 0.5000 Pre 0.0113 Rec 0.1000
2026-08-30 00:39:33 | Diag logvar_q_mean=-1.9777 logvar_q_clamp=0.0000 logvar_p_mean=-1.9777 logvar_p_clamp=0.0000
2026-08-30 00:39:36 | Epoch 248/400 | Train Loss 2.3043 Acc 0.1056 | Val Loss 2.3008 Acc 0.1129 AUC 0.5000 Pre 0.0113 Rec 0.1000
2026-08-30 00:39:37 | Diag logvar_q_mean=-1.9837 logvar_q_clamp=0.0000 logvar_p_mean=-1.9837 logvar_p_clamp=0.0000
2026-08-30 00:39:40 | Epoch 249/400 | Train Loss 2.3045 Acc 0.1052 | Val Loss 2.3008 Acc 0.1129 AUC 0.5000 Pre 0.0113 Rec 0.1000
2026-08-30 00:39:40 | Diag logvar_q_mean=-1.9900 logvar_q_clamp=0.0000 logvar_p_mean=-1.9900 logvar_p_clamp=0.0000
2026-08-30 00:39:44 | Epoch 250/400 | Train Loss 2.3046 Acc 0.1062 | Val Loss 2.3008 Acc 0.1129 AUC 0.5000 Pre 0.0113 Rec 0.1000
2026-08-30 00:39:44 | Diag logvar_q_mean=-1.9963 logvar_q_clamp=0.0000 logvar_p_mean=-1.9963 logvar_p_clamp=0.0000
2026-08-30 00:39:48 | Epoch 251/400 | Train Loss 2.3041 Acc 0.1052 | Val Loss 2.3008 Acc 0.1129 AUC 0.5000 Pre 0.0113 Rec 0.1000
2026-08-30 00:39:48 | Diag logvar_q_mean=-2.0020 logvar_q_clamp=0.0000 logvar_p_mean=-2.0019 logvar_p_clamp=0.0000
2026-08-30 00:39:51 | Epoch 252/400 | Train Loss 2.3040 Acc 0.1076 | Val Loss 2.3008 Acc 0.1129 AUC 0.5000 Pre 0.0113 Rec 0.1000
2026-08-30 00:39:52 | Diag logvar_q_mean=-2.0076 logvar_q_clamp=0.0000 logvar_p_mean=-2.0076 logvar_p_clamp=0.0000
2026-08-30 00:39:55 | Epoch 253/400 | Train Loss 2.3038 Acc 0.1073 | Val Loss 2.3008 Acc 0.1129 AUC 0.5000 Pre 0.0113 Rec 0.1000
2026-08-30 00:39:56 | Diag logvar_q_mean=-2.0134 logvar_q_clamp=0.0000 logvar_p_mean=-2.0133 logvar_p_clamp=0.0000
2026-08-30 00:39:59 | Epoch 254/400 | Train Loss 2.3042 Acc 0.1062 | Val Loss 2.3008 Acc 0.1129 AUC 0.5000 Pre 0.0113 Rec 0.1000
2026-08-30 00:40:00 | Diag logvar_q_mean=-2.0194 logvar_q_clamp=0.0000 logvar_p_mean=-2.0193 logvar_p_clamp=0.0000
2026-08-30 00:40:03 | Epoch 255/400 | Train Loss 2.3043 Acc 0.1064 | Val Loss 2.3008 Acc 0.1129 AUC 0.5000 Pre 0.0113 Rec 0.1000
2026-08-30 00:40:03 | Diag logvar_q_mean=-2.0254 logvar_q_clamp=0.0000 logvar_p_mean=-2.0254 logvar_p_clamp=0.0000
2026-08-30 00:40:07 | Epoch 256/400 | Train Loss 2.3044 Acc 0.1086 | Val Loss 2.3008 Acc 0.1129 AUC 0.5000 Pre 0.0113 Rec 0.1000
2026-08-30 00:40:07 | Diag logvar_q_mean=-2.0314 logvar_q_clamp=0.0000 logvar_p_mean=-2.0314 logvar_p_clamp=0.0000
2026-08-30 00:40:11 | Epoch 257/400 | Train Loss 2.3042 Acc 0.1072 | Val Loss 2.3008 Acc 0.1129 AUC 0.5000 Pre 0.0113 Rec 0.1000
2026-08-30 00:40:11 | Diag logvar_q_mean=-2.0375 logvar_q_clamp=0.0000 logvar_p_mean=-2.0375 logvar_p_clamp=0.0000
2026-08-30 00:40:14 | Epoch 258/400 | Train Loss 2.3049 Acc 0.1055 | Val Loss 2.3008 Acc 0.1129 AUC 0.5000 Pre 0.0113 Rec 0.1000
2026-08-30 00:40:15 | Diag logvar_q_mean=-2.0440 logvar_q_clamp=0.0000 logvar_p_mean=-2.0440 logvar_p_clamp=0.0000
2026-08-30 00:40:18 | Epoch 259/400 | Train Loss 2.3044 Acc 0.1068 | Val Loss 2.3007 Acc 0.1129 AUC 0.5000 Pre 0.0113 Rec 0.1000
2026-08-30 00:40:19 | Diag logvar_q_mean=-2.0501 logvar_q_clamp=0.0000 logvar_p_mean=-2.0501 logvar_p_clamp=0.0000
2026-08-30 00:40:22 | Epoch 260/400 | Train Loss 2.3047 Acc 0.1063 | Val Loss 2.3008 Acc 0.1129 AUC 0.5000 Pre 0.0113 Rec 0.1000
2026-08-30 00:40:23 | Diag logvar_q_mean=-2.0563 logvar_q_clamp=0.0000 logvar_p_mean=-2.0563 logvar_p_clamp=0.0000
2026-08-30 00:40:26 | Epoch 261/400 | Train Loss 2.3040 Acc 0.1085 | Val Loss 2.3008 Acc 0.1129 AUC 0.5000 Pre 0.0113 Rec 0.1000
2026-08-30 00:40:26 | Diag logvar_q_mean=-2.0619 logvar_q_clamp=0.0000 logvar_p_mean=-2.0619 logvar_p_clamp=0.0000
2026-08-30 00:40:30 | Epoch 262/400 | Train Loss 2.3040 Acc 0.1080 | Val Loss 2.3008 Acc 0.1129 AUC 0.5000 Pre 0.0113 Rec 0.1000
2026-08-30 00:40:30 | Diag logvar_q_mean=-2.0675 logvar_q_clamp=0.0000 logvar_p_mean=-2.0675 logvar_p_clamp=0.0000
2026-08-30 00:40:34 | Epoch 263/400 | Train Loss 2.3041 Acc 0.1065 | Val Loss 2.3008 Acc 0.1129 AUC 0.5000 Pre 0.0113 Rec 0.1000
2026-08-30 00:40:34 | Diag logvar_q_mean=-2.0733 logvar_q_clamp=0.0000 logvar_p_mean=-2.0732 logvar_p_clamp=0.0000
2026-08-30 00:40:37 | Epoch 264/400 | Train Loss 2.3041 Acc 0.1059 | Val Loss 2.3008 Acc 0.1129 AUC 0.5000 Pre 0.0113 Rec 0.1000
2026-08-30 00:40:38 | Diag logvar_q_mean=-2.0792 logvar_q_clamp=0.0000 logvar_p_mean=-2.0792 logvar_p_clamp=0.0000
2026-08-30 00:40:41 | Epoch 265/400 | Train Loss 2.3042 Acc 0.1067 | Val Loss 2.3008 Acc 0.1129 AUC 0.5000 Pre 0.0113 Rec 0.1000
2026-08-30 00:40:42 | Diag logvar_q_mean=-2.0850 logvar_q_clamp=0.0000 logvar_p_mean=-2.0850 logvar_p_clamp=0.0000
2026-08-30 00:40:45 | Epoch 266/400 | Train Loss 2.3050 Acc 0.1075 | Val Loss 2.3008 Acc 0.1129 AUC 0.5000 Pre 0.0113 Rec 0.1000
2026-08-30 00:40:46 | Diag logvar_q_mean=-2.0915 logvar_q_clamp=0.0000 logvar_p_mean=-2.0915 logvar_p_clamp=0.0000
2026-08-30 00:40:49 | Epoch 267/400 | Train Loss 2.3045 Acc 0.1053 | Val Loss 2.3008 Acc 0.1129 AUC 0.5000 Pre 0.0113 Rec 0.1000
2026-08-30 00:40:50 | Diag logvar_q_mean=-2.0976 logvar_q_clamp=0.0000 logvar_p_mean=-2.0976 logvar_p_clamp=0.0000
2026-08-30 00:40:53 | Epoch 268/400 | Train Loss 2.3044 Acc 0.1070 | Val Loss 2.3008 Acc 0.1129 AUC 0.5000 Pre 0.0113 Rec 0.1000
2026-08-30 00:40:53 | Diag logvar_q_mean=-2.1035 logvar_q_clamp=0.0000 logvar_p_mean=-2.1035 logvar_p_clamp=0.0000
2026-08-30 00:40:57 | Epoch 269/400 | Train Loss 2.3045 Acc 0.1078 | Val Loss 2.3008 Acc 0.1129 AUC 0.5000 Pre 0.0113 Rec 0.1000
2026-08-30 00:40:57 | Diag logvar_q_mean=-2.1095 logvar_q_clamp=0.0000 logvar_p_mean=-2.1095 logvar_p_clamp=0.0000
2026-08-30 00:41:01 | Epoch 270/400 | Train Loss 2.3042 Acc 0.1060 | Val Loss 2.3008 Acc 0.1129 AUC 0.5000 Pre 0.0113 Rec 0.1000
2026-08-30 00:41:01 | Diag logvar_q_mean=-2.1151 logvar_q_clamp=0.0000 logvar_p_mean=-2.1151 logvar_p_clamp=0.0000
2026-08-30 00:41:05 | Epoch 271/400 | Train Loss 2.3037 Acc 0.1081 | Val Loss 2.3008 Acc 0.1129 AUC 0.5000 Pre 0.0113 Rec 0.1000
2026-08-30 00:41:05 | Diag logvar_q_mean=-2.1204 logvar_q_clamp=0.0000 logvar_p_mean=-2.1204 logvar_p_clamp=0.0000
2026-08-30 00:41:08 | Epoch 272/400 | Train Loss 2.3042 Acc 0.1054 | Val Loss 2.3008 Acc 0.1129 AUC 0.5000 Pre 0.0113 Rec 0.1000
2026-08-30 00:41:09 | Diag logvar_q_mean=-2.1264 logvar_q_clamp=0.0000 logvar_p_mean=-2.1264 logvar_p_clamp=0.0000
2026-08-30 00:41:12 | Epoch 273/400 | Train Loss 2.3043 Acc 0.1065 | Val Loss 2.3008 Acc 0.1129 AUC 0.5000 Pre 0.0113 Rec 0.1000
2026-08-30 00:41:13 | Diag logvar_q_mean=-2.1323 logvar_q_clamp=0.0000 logvar_p_mean=-2.1323 logvar_p_clamp=0.0000
2026-08-30 00:41:16 | Epoch 274/400 | Train Loss 2.3036 Acc 0.1058 | Val Loss 2.3008 Acc 0.1129 AUC 0.5000 Pre 0.0113 Rec 0.1000
2026-08-30 00:41:16 | Diag logvar_q_mean=-2.1375 logvar_q_clamp=0.0000 logvar_p_mean=-2.1375 logvar_p_clamp=0.0000
2026-08-30 00:41:20 | Epoch 275/400 | Train Loss 2.3043 Acc 0.1068 | Val Loss 2.3008 Acc 0.1129 AUC 0.5000 Pre 0.0113 Rec 0.1000
2026-08-30 00:41:20 | Diag logvar_q_mean=-2.1435 logvar_q_clamp=0.0000 logvar_p_mean=-2.1435 logvar_p_clamp=0.0000
2026-08-30 00:41:24 | Epoch 276/400 | Train Loss 2.3047 Acc 0.1053 | Val Loss 2.3008 Acc 0.1129 AUC 0.5000 Pre 0.0113 Rec 0.1000
2026-08-30 00:41:24 | Diag logvar_q_mean=-2.1499 logvar_q_clamp=0.0000 logvar_p_mean=-2.1499 logvar_p_clamp=0.0000
2026-08-30 00:41:28 | Epoch 277/400 | Train Loss 2.3039 Acc 0.1074 | Val Loss 2.3008 Acc 0.1129 AUC 0.5000 Pre 0.0113 Rec 0.1000
2026-08-30 00:41:28 | Diag logvar_q_mean=-2.1555 logvar_q_clamp=0.0000 logvar_p_mean=-2.1554 logvar_p_clamp=0.0000
2026-08-30 00:41:31 | Epoch 278/400 | Train Loss 2.3039 Acc 0.1067 | Val Loss 2.3008 Acc 0.1129 AUC 0.5000 Pre 0.0113 Rec 0.1000
2026-08-30 00:41:32 | Diag logvar_q_mean=-2.1609 logvar_q_clamp=0.0000 logvar_p_mean=-2.1609 logvar_p_clamp=0.0000
2026-08-30 00:41:35 | Epoch 279/400 | Train Loss 2.3039 Acc 0.1069 | Val Loss 2.3008 Acc 0.1129 AUC 0.5000 Pre 0.0113 Rec 0.1000
2026-08-30 00:41:36 | Diag logvar_q_mean=-2.1664 logvar_q_clamp=0.0000 logvar_p_mean=-2.1664 logvar_p_clamp=0.0000
2026-08-30 00:41:39 | Epoch 280/400 | Train Loss 2.3040 Acc 0.1060 | Val Loss 2.3008 Acc 0.1129 AUC 0.5000 Pre 0.0113 Rec 0.1000
2026-08-30 00:41:39 | Diag logvar_q_mean=-2.1723 logvar_q_clamp=0.0000 logvar_p_mean=-2.1722 logvar_p_clamp=0.0000
2026-08-30 00:41:43 | Epoch 281/400 | Train Loss 2.3042 Acc 0.1057 | Val Loss 2.3008 Acc 0.1129 AUC 0.5000 Pre 0.0113 Rec 0.1000
2026-08-30 00:41:43 | Diag logvar_q_mean=-2.1779 logvar_q_clamp=0.0000 logvar_p_mean=-2.1779 logvar_p_clamp=0.0000
2026-08-30 00:41:47 | Epoch 282/400 | Train Loss 2.3038 Acc 0.1053 | Val Loss 2.3008 Acc 0.1129 AUC 0.5000 Pre 0.0113 Rec 0.1000
2026-08-30 00:41:47 | Diag logvar_q_mean=-2.1833 logvar_q_clamp=0.0000 logvar_p_mean=-2.1833 logvar_p_clamp=0.0000
2026-08-30 00:41:50 | Epoch 283/400 | Train Loss 2.3041 Acc 0.1053 | Val Loss 2.3008 Acc 0.1129 AUC 0.5000 Pre 0.0113 Rec 0.1000
2026-08-30 00:41:51 | Diag logvar_q_mean=-2.1893 logvar_q_clamp=0.0000 logvar_p_mean=-2.1893 logvar_p_clamp=0.0000
2026-08-30 00:41:54 | Epoch 284/400 | Train Loss 2.3044 Acc 0.1071 | Val Loss 2.3008 Acc 0.1129 AUC 0.5000 Pre 0.0113 Rec 0.1000
2026-08-30 00:41:55 | Diag logvar_q_mean=-2.1952 logvar_q_clamp=0.0000 logvar_p_mean=-2.1952 logvar_p_clamp=0.0000
2026-08-30 00:41:58 | Epoch 285/400 | Train Loss 2.3038 Acc 0.1084 | Val Loss 2.3008 Acc 0.1129 AUC 0.5000 Pre 0.0113 Rec 0.1000
2026-08-30 00:41:58 | Diag logvar_q_mean=-2.2007 logvar_q_clamp=0.0000 logvar_p_mean=-2.2007 logvar_p_clamp=0.0000
2026-08-30 00:42:02 | Epoch 286/400 | Train Loss 2.3041 Acc 0.1063 | Val Loss 2.3007 Acc 0.1129 AUC 0.5000 Pre 0.0113 Rec 0.1000
2026-08-30 00:42:02 | Diag logvar_q_mean=-2.2064 logvar_q_clamp=0.0000 logvar_p_mean=-2.2064 logvar_p_clamp=0.0000
2026-08-30 00:42:06 | Epoch 287/400 | Train Loss 2.3041 Acc 0.1068 | Val Loss 2.3008 Acc 0.1129 AUC 0.5000 Pre 0.0113 Rec 0.1000
2026-08-30 00:42:06 | Diag logvar_q_mean=-2.2122 logvar_q_clamp=0.0000 logvar_p_mean=-2.2122 logvar_p_clamp=0.0000
2026-08-30 00:42:09 | Epoch 288/400 | Train Loss 2.3038 Acc 0.1068 | Val Loss 2.3007 Acc 0.1129 AUC 0.5000 Pre 0.0113 Rec 0.1000
2026-08-30 00:42:10 | Diag logvar_q_mean=-2.2177 logvar_q_clamp=0.0000 logvar_p_mean=-2.2177 logvar_p_clamp=0.0000
2026-08-30 00:42:13 | Epoch 289/400 | Train Loss 2.3041 Acc 0.1054 | Val Loss 2.3008 Acc 0.1129 AUC 0.5000 Pre 0.0113 Rec 0.1000
2026-08-30 00:42:14 | Diag logvar_q_mean=-2.2232 logvar_q_clamp=0.0000 logvar_p_mean=-2.2232 logvar_p_clamp=0.0000
2026-08-30 00:42:17 | Epoch 290/400 | Train Loss 2.3043 Acc 0.1056 | Val Loss 2.3008 Acc 0.1129 AUC 0.5000 Pre 0.0113 Rec 0.1000
2026-08-30 00:42:18 | Diag logvar_q_mean=-2.2291 logvar_q_clamp=0.0000 logvar_p_mean=-2.2291 logvar_p_clamp=0.0000
2026-08-30 00:42:21 | Epoch 291/400 | Train Loss 2.3040 Acc 0.1069 | Val Loss 2.3008 Acc 0.1129 AUC 0.5000 Pre 0.0113 Rec 0.1000
2026-08-30 00:42:21 | Diag logvar_q_mean=-2.2346 logvar_q_clamp=0.0000 logvar_p_mean=-2.2346 logvar_p_clamp=0.0000
2026-08-30 00:42:25 | Epoch 292/400 | Train Loss 2.3042 Acc 0.1077 | Val Loss 2.3008 Acc 0.1129 AUC 0.5000 Pre 0.0113 Rec 0.1000
2026-08-30 00:42:25 | Diag logvar_q_mean=-2.2402 logvar_q_clamp=0.0000 logvar_p_mean=-2.2402 logvar_p_clamp=0.0000
2026-08-30 00:42:28 | Epoch 293/400 | Train Loss 2.3037 Acc 0.1073 | Val Loss 2.3008 Acc 0.1129 AUC 0.5000 Pre 0.0113 Rec 0.1000
2026-08-30 00:42:29 | Diag logvar_q_mean=-2.2456 logvar_q_clamp=0.0000 logvar_p_mean=-2.2457 logvar_p_clamp=0.0000
2026-08-30 00:42:32 | Epoch 294/400 | Train Loss 2.3042 Acc 0.1068 | Val Loss 2.3008 Acc 0.1129 AUC 0.5000 Pre 0.0113 Rec 0.1000
2026-08-30 00:42:33 | Diag logvar_q_mean=-2.2513 logvar_q_clamp=0.0000 logvar_p_mean=-2.2513 logvar_p_clamp=0.0000
2026-08-30 00:42:36 | Epoch 295/400 | Train Loss 2.3043 Acc 0.1048 | Val Loss 2.3008 Acc 0.1129 AUC 0.5000 Pre 0.0113 Rec 0.1000
2026-08-30 00:42:37 | Diag logvar_q_mean=-2.2571 logvar_q_clamp=0.0000 logvar_p_mean=-2.2571 logvar_p_clamp=0.0000
2026-08-30 00:42:40 | Epoch 296/400 | Train Loss 2.3037 Acc 0.1085 | Val Loss 2.3007 Acc 0.1129 AUC 0.5000 Pre 0.0113 Rec 0.1000
2026-08-30 00:42:40 | Diag logvar_q_mean=-2.2624 logvar_q_clamp=0.0000 logvar_p_mean=-2.2624 logvar_p_clamp=0.0000
2026-08-30 00:42:44 | Epoch 297/400 | Train Loss 2.3037 Acc 0.1087 | Val Loss 2.3007 Acc 0.1129 AUC 0.5000 Pre 0.0113 Rec 0.1000
2026-08-30 00:42:44 | Diag logvar_q_mean=-2.2677 logvar_q_clamp=0.0000 logvar_p_mean=-2.2677 logvar_p_clamp=0.0000
2026-08-30 00:42:48 | Epoch 298/400 | Train Loss 2.3041 Acc 0.1057 | Val Loss 2.3007 Acc 0.1129 AUC 0.5000 Pre 0.0113 Rec 0.1000
2026-08-30 00:42:48 | Diag logvar_q_mean=-2.2733 logvar_q_clamp=0.0000 logvar_p_mean=-2.2733 logvar_p_clamp=0.0000
2026-08-30 00:42:51 | Epoch 299/400 | Train Loss 2.3041 Acc 0.1065 | Val Loss 2.3008 Acc 0.1129 AUC 0.5000 Pre 0.0113 Rec 0.1000
2026-08-30 00:42:52 | Diag logvar_q_mean=-2.2790 logvar_q_clamp=0.0000 logvar_p_mean=-2.2790 logvar_p_clamp=0.0000
2026-08-30 00:42:55 | Epoch 300/400 | Train Loss 2.3034 Acc 0.1088 | Val Loss 2.3008 Acc 0.1129 AUC 0.5000 Pre 0.0113 Rec 0.1000
2026-08-30 00:42:56 | Diag logvar_q_mean=-2.2839 logvar_q_clamp=0.0000 logvar_p_mean=-2.2839 logvar_p_clamp=0.0000
2026-08-30 00:42:59 | Epoch 301/400 | Train Loss 2.3037 Acc 0.1069 | Val Loss 2.3008 Acc 0.1129 AUC 0.5000 Pre 0.0113 Rec 0.1000
2026-08-30 00:43:00 | Diag logvar_q_mean=-2.2892 logvar_q_clamp=0.0000 logvar_p_mean=-2.2892 logvar_p_clamp=0.0000
2026-08-30 00:43:03 | Epoch 302/400 | Train Loss 2.3045 Acc 0.1060 | Val Loss 2.3007 Acc 0.1129 AUC 0.5000 Pre 0.0113 Rec 0.1000
2026-08-30 00:43:03 | Diag logvar_q_mean=-2.2953 logvar_q_clamp=0.0000 logvar_p_mean=-2.2953 logvar_p_clamp=0.0000
2026-08-30 00:43:07 | Epoch 303/400 | Train Loss 2.3040 Acc 0.1044 | Val Loss 2.3008 Acc 0.1129 AUC 0.5000 Pre 0.0113 Rec 0.1000
2026-08-30 00:43:07 | Diag logvar_q_mean=-2.3008 logvar_q_clamp=0.0000 logvar_p_mean=-2.3008 logvar_p_clamp=0.0000
2026-08-30 00:43:11 | Epoch 304/400 | Train Loss 2.3037 Acc 0.1061 | Val Loss 2.3008 Acc 0.1129 AUC 0.5000 Pre 0.0113 Rec 0.1000
2026-08-30 00:43:11 | Diag logvar_q_mean=-2.3059 logvar_q_clamp=0.0000 logvar_p_mean=-2.3059 logvar_p_clamp=0.0000
2026-08-30 00:43:14 | Epoch 305/400 | Train Loss 2.3041 Acc 0.1089 | Val Loss 2.3008 Acc 0.1129 AUC 0.5000 Pre 0.0113 Rec 0.1000
2026-08-30 00:43:15 | Diag logvar_q_mean=-2.3117 logvar_q_clamp=0.0000 logvar_p_mean=-2.3117 logvar_p_clamp=0.0000
2026-08-30 00:43:18 | Epoch 306/400 | Train Loss 2.3042 Acc 0.1069 | Val Loss 2.3008 Acc 0.1129 AUC 0.5000 Pre 0.0113 Rec 0.1000
2026-08-30 00:43:19 | Diag logvar_q_mean=-2.3172 logvar_q_clamp=0.0000 logvar_p_mean=-2.3172 logvar_p_clamp=0.0000
2026-08-30 00:43:22 | Epoch 307/400 | Train Loss 2.3035 Acc 0.1077 | Val Loss 2.3008 Acc 0.1129 AUC 0.5000 Pre 0.0113 Rec 0.1000
2026-08-30 00:43:23 | Diag logvar_q_mean=-2.3224 logvar_q_clamp=0.0000 logvar_p_mean=-2.3224 logvar_p_clamp=0.0000
2026-08-30 00:43:26 | Epoch 308/400 | Train Loss 2.3041 Acc 0.1077 | Val Loss 2.3008 Acc 0.1129 AUC 0.5000 Pre 0.0113 Rec 0.1000
2026-08-30 00:43:26 | Diag logvar_q_mean=-2.3278 logvar_q_clamp=0.0000 logvar_p_mean=-2.3278 logvar_p_clamp=0.0000
2026-08-30 00:43:30 | Epoch 309/400 | Train Loss 2.3039 Acc 0.1069 | Val Loss 2.3008 Acc 0.1129 AUC 0.5000 Pre 0.0113 Rec 0.1000
2026-08-30 00:43:30 | Diag logvar_q_mean=-2.3332 logvar_q_clamp=0.0000 logvar_p_mean=-2.3332 logvar_p_clamp=0.0000
2026-08-30 00:43:34 | Epoch 310/400 | Train Loss 2.3033 Acc 0.1075 | Val Loss 2.3008 Acc 0.1129 AUC 0.5000 Pre 0.0113 Rec 0.1000
2026-08-30 00:43:34 | Diag logvar_q_mean=-2.3381 logvar_q_clamp=0.0000 logvar_p_mean=-2.3381 logvar_p_clamp=0.0000
2026-08-30 00:43:38 | Epoch 311/400 | Train Loss 2.3038 Acc 0.1082 | Val Loss 2.3008 Acc 0.1129 AUC 0.5000 Pre 0.0113 Rec 0.1000
2026-08-30 00:43:38 | Diag logvar_q_mean=-2.3434 logvar_q_clamp=0.0000 logvar_p_mean=-2.3434 logvar_p_clamp=0.0000
2026-08-30 00:43:41 | Epoch 312/400 | Train Loss 2.3035 Acc 0.1044 | Val Loss 2.3008 Acc 0.1129 AUC 0.5000 Pre 0.0113 Rec 0.1000
2026-08-30 00:43:42 | Diag logvar_q_mean=-2.3484 logvar_q_clamp=0.0000 logvar_p_mean=-2.3484 logvar_p_clamp=0.0000
2026-08-30 00:43:45 | Epoch 313/400 | Train Loss 2.3040 Acc 0.1078 | Val Loss 2.3008 Acc 0.1129 AUC 0.5000 Pre 0.0113 Rec 0.1000
2026-08-30 00:43:46 | Diag logvar_q_mean=-2.3540 logvar_q_clamp=0.0000 logvar_p_mean=-2.3540 logvar_p_clamp=0.0000
2026-08-30 00:43:49 | Epoch 314/400 | Train Loss 2.3039 Acc 0.1085 | Val Loss 2.3008 Acc 0.1129 AUC 0.5000 Pre 0.0113 Rec 0.1000
2026-08-30 00:43:50 | Diag logvar_q_mean=-2.3594 logvar_q_clamp=0.0000 logvar_p_mean=-2.3594 logvar_p_clamp=0.0000
2026-08-30 00:43:53 | Epoch 315/400 | Train Loss 2.3039 Acc 0.1086 | Val Loss 2.3008 Acc 0.1129 AUC 0.5000 Pre 0.0113 Rec 0.1000
2026-08-30 00:43:54 | Diag logvar_q_mean=-2.3647 logvar_q_clamp=0.0000 logvar_p_mean=-2.3647 logvar_p_clamp=0.0000
2026-08-30 00:43:57 | Epoch 316/400 | Train Loss 2.3041 Acc 0.1057 | Val Loss 2.3008 Acc 0.1129 AUC 0.5000 Pre 0.0113 Rec 0.1000
2026-08-30 00:43:57 | Diag logvar_q_mean=-2.3704 logvar_q_clamp=0.0000 logvar_p_mean=-2.3704 logvar_p_clamp=0.0000
2026-08-30 00:44:01 | Epoch 317/400 | Train Loss 2.3038 Acc 0.1077 | Val Loss 2.3008 Acc 0.1129 AUC 0.5000 Pre 0.0113 Rec 0.1000
2026-08-30 00:44:01 | Diag logvar_q_mean=-2.3756 logvar_q_clamp=0.0000 logvar_p_mean=-2.3756 logvar_p_clamp=0.0000
2026-08-30 00:44:05 | Epoch 318/400 | Train Loss 2.3039 Acc 0.1074 | Val Loss 2.3008 Acc 0.1129 AUC 0.5000 Pre 0.0113 Rec 0.1000
2026-08-30 00:44:05 | Diag logvar_q_mean=-2.3808 logvar_q_clamp=0.0000 logvar_p_mean=-2.3808 logvar_p_clamp=0.0000
2026-08-30 00:44:09 | Epoch 319/400 | Train Loss 2.3033 Acc 0.1082 | Val Loss 2.3007 Acc 0.1129 AUC 0.5000 Pre 0.0113 Rec 0.1000
2026-08-30 00:44:09 | Diag logvar_q_mean=-2.3856 logvar_q_clamp=0.0000 logvar_p_mean=-2.3856 logvar_p_clamp=0.0000
2026-08-30 00:44:13 | Epoch 320/400 | Train Loss 2.3040 Acc 0.1067 | Val Loss 2.3008 Acc 0.1129 AUC 0.5000 Pre 0.0113 Rec 0.1000
2026-08-30 00:44:13 | Diag logvar_q_mean=-2.3911 logvar_q_clamp=0.0000 logvar_p_mean=-2.3910 logvar_p_clamp=0.0000
2026-08-30 00:44:17 | Epoch 321/400 | Train Loss 2.3034 Acc 0.1070 | Val Loss 2.3008 Acc 0.1129 AUC 0.5000 Pre 0.0113 Rec 0.1000
2026-08-30 00:44:17 | Diag logvar_q_mean=-2.3960 logvar_q_clamp=0.0000 logvar_p_mean=-2.3960 logvar_p_clamp=0.0000
2026-08-30 00:44:20 | Epoch 322/400 | Train Loss 2.3034 Acc 0.1082 | Val Loss 2.3008 Acc 0.1129 AUC 0.5000 Pre 0.0113 Rec 0.1000
2026-08-30 00:44:21 | Diag logvar_q_mean=-2.4009 logvar_q_clamp=0.0000 logvar_p_mean=-2.4009 logvar_p_clamp=0.0000
2026-08-30 00:44:24 | Epoch 323/400 | Train Loss 2.3041 Acc 0.1070 | Val Loss 2.3008 Acc 0.1129 AUC 0.5000 Pre 0.0113 Rec 0.1000
2026-08-30 00:44:25 | Diag logvar_q_mean=-2.4066 logvar_q_clamp=0.0000 logvar_p_mean=-2.4066 logvar_p_clamp=0.0000
2026-08-30 00:44:28 | Epoch 324/400 | Train Loss 2.3041 Acc 0.1062 | Val Loss 2.3008 Acc 0.1129 AUC 0.5000 Pre 0.0113 Rec 0.1000
2026-08-30 00:44:29 | Diag logvar_q_mean=-2.4121 logvar_q_clamp=0.0000 logvar_p_mean=-2.4121 logvar_p_clamp=0.0000
2026-08-30 00:44:32 | Epoch 325/400 | Train Loss 2.3035 Acc 0.1067 | Val Loss 2.3008 Acc 0.1129 AUC 0.5000 Pre 0.0113 Rec 0.1000
2026-08-30 00:44:33 | Diag logvar_q_mean=-2.4170 logvar_q_clamp=0.0000 logvar_p_mean=-2.4169 logvar_p_clamp=0.0000
2026-08-30 00:44:36 | Epoch 326/400 | Train Loss 2.3040 Acc 0.1089 | Val Loss 2.3008 Acc 0.1129 AUC 0.5000 Pre 0.0113 Rec 0.1000
2026-08-30 00:44:36 | Diag logvar_q_mean=-2.4224 logvar_q_clamp=0.0000 logvar_p_mean=-2.4224 logvar_p_clamp=0.0000
2026-08-30 00:44:40 | Epoch 327/400 | Train Loss 2.3038 Acc 0.1057 | Val Loss 2.3008 Acc 0.1129 AUC 0.5000 Pre 0.0113 Rec 0.1000
2026-08-30 00:44:40 | Diag logvar_q_mean=-2.4276 logvar_q_clamp=0.0000 logvar_p_mean=-2.4276 logvar_p_clamp=0.0000
2026-08-30 00:44:44 | Epoch 328/400 | Train Loss 2.3040 Acc 0.1058 | Val Loss 2.3008 Acc 0.1129 AUC 0.5000 Pre 0.0113 Rec 0.1000
2026-08-30 00:44:44 | Diag logvar_q_mean=-2.4329 logvar_q_clamp=0.0000 logvar_p_mean=-2.4329 logvar_p_clamp=0.0000
2026-08-30 00:44:47 | Epoch 329/400 | Train Loss 2.3040 Acc 0.1054 | Val Loss 2.3008 Acc 0.1129 AUC 0.5000 Pre 0.0113 Rec 0.1000
2026-08-30 00:44:48 | Diag logvar_q_mean=-2.4382 logvar_q_clamp=0.0000 logvar_p_mean=-2.4382 logvar_p_clamp=0.0000
2026-08-30 00:44:51 | Epoch 330/400 | Train Loss 2.3038 Acc 0.1060 | Val Loss 2.3008 Acc 0.1129 AUC 0.5000 Pre 0.0113 Rec 0.1000
2026-08-30 00:44:52 | Diag logvar_q_mean=-2.4434 logvar_q_clamp=0.0000 logvar_p_mean=-2.4434 logvar_p_clamp=0.0000
2026-08-30 00:44:55 | Epoch 331/400 | Train Loss 2.3036 Acc 0.1071 | Val Loss 2.3008 Acc 0.1129 AUC 0.5000 Pre 0.0113 Rec 0.1000
2026-08-30 00:44:56 | Diag logvar_q_mean=-2.4482 logvar_q_clamp=0.0000 logvar_p_mean=-2.4482 logvar_p_clamp=0.0000
2026-08-30 00:44:59 | Epoch 332/400 | Train Loss 2.3039 Acc 0.1086 | Val Loss 2.3007 Acc 0.1129 AUC 0.5000 Pre 0.0113 Rec 0.1000
2026-08-30 00:44:59 | Diag logvar_q_mean=-2.4535 logvar_q_clamp=0.0000 logvar_p_mean=-2.4535 logvar_p_clamp=0.0000
2026-08-30 00:45:03 | Epoch 333/400 | Train Loss 2.3033 Acc 0.1071 | Val Loss 2.3008 Acc 0.1129 AUC 0.5000 Pre 0.0113 Rec 0.1000
2026-08-30 00:45:03 | Diag logvar_q_mean=-2.4582 logvar_q_clamp=0.0000 logvar_p_mean=-2.4582 logvar_p_clamp=0.0000
2026-08-30 00:45:07 | Epoch 334/400 | Train Loss 2.3038 Acc 0.1055 | Val Loss 2.3008 Acc 0.1129 AUC 0.5000 Pre 0.0113 Rec 0.1000
2026-08-30 00:45:07 | Diag logvar_q_mean=-2.4633 logvar_q_clamp=0.0000 logvar_p_mean=-2.4633 logvar_p_clamp=0.0000
2026-08-30 00:45:10 | Epoch 335/400 | Train Loss 2.3039 Acc 0.1050 | Val Loss 2.3008 Acc 0.1129 AUC 0.5000 Pre 0.0113 Rec 0.1000
2026-08-30 00:45:11 | Diag logvar_q_mean=-2.4687 logvar_q_clamp=0.0000 logvar_p_mean=-2.4687 logvar_p_clamp=0.0000
2026-08-30 00:45:14 | Epoch 336/400 | Train Loss 2.3038 Acc 0.1059 | Val Loss 2.3008 Acc 0.1129 AUC 0.5000 Pre 0.0113 Rec 0.1000
2026-08-30 00:45:15 | Diag logvar_q_mean=-2.4738 logvar_q_clamp=0.0000 logvar_p_mean=-2.4738 logvar_p_clamp=0.0000
2026-08-30 00:45:18 | Epoch 337/400 | Train Loss 2.3032 Acc 0.1095 | Val Loss 2.3008 Acc 0.1129 AUC 0.5000 Pre 0.0113 Rec 0.1000
2026-08-30 00:45:18 | Diag logvar_q_mean=-2.4784 logvar_q_clamp=0.0000 logvar_p_mean=-2.4784 logvar_p_clamp=0.0000
2026-08-30 00:45:22 | Epoch 338/400 | Train Loss 2.3040 Acc 0.1071 | Val Loss 2.3008 Acc 0.1129 AUC 0.5000 Pre 0.0113 Rec 0.1000
2026-08-30 00:45:22 | Diag logvar_q_mean=-2.4838 logvar_q_clamp=0.0000 logvar_p_mean=-2.4838 logvar_p_clamp=0.0000
2026-08-30 00:45:26 | Epoch 339/400 | Train Loss 2.3036 Acc 0.1070 | Val Loss 2.3008 Acc 0.1129 AUC 0.5000 Pre 0.0113 Rec 0.1000
2026-08-30 00:45:26 | Diag logvar_q_mean=-2.4890 logvar_q_clamp=0.0000 logvar_p_mean=-2.4890 logvar_p_clamp=0.0000
2026-08-30 00:45:29 | Epoch 340/400 | Train Loss 2.3036 Acc 0.1061 | Val Loss 2.3008 Acc 0.1129 AUC 0.5000 Pre 0.0113 Rec 0.1000
2026-08-30 00:45:30 | Diag logvar_q_mean=-2.4938 logvar_q_clamp=0.0000 logvar_p_mean=-2.4939 logvar_p_clamp=0.0000
2026-08-30 00:45:33 | Epoch 341/400 | Train Loss 2.3035 Acc 0.1081 | Val Loss 2.3008 Acc 0.1129 AUC 0.5000 Pre 0.0113 Rec 0.1000
2026-08-30 00:45:34 | Diag logvar_q_mean=-2.4988 logvar_q_clamp=0.0000 logvar_p_mean=-2.4988 logvar_p_clamp=0.0000
2026-08-30 00:45:37 | Epoch 342/400 | Train Loss 2.3038 Acc 0.1095 | Val Loss 2.3008 Acc 0.1129 AUC 0.5000 Pre 0.0113 Rec 0.1000
2026-08-30 00:45:37 | Diag logvar_q_mean=-2.5040 logvar_q_clamp=0.0000 logvar_p_mean=-2.5040 logvar_p_clamp=0.0000
2026-08-30 00:45:41 | Epoch 343/400 | Train Loss 2.3041 Acc 0.1066 | Val Loss 2.3008 Acc 0.1129 AUC 0.5000 Pre 0.0113 Rec 0.1000
2026-08-30 00:45:41 | Diag logvar_q_mean=-2.5097 logvar_q_clamp=0.0000 logvar_p_mean=-2.5097 logvar_p_clamp=0.0000
2026-08-30 00:45:45 | Epoch 344/400 | Train Loss 2.3040 Acc 0.1074 | Val Loss 2.3008 Acc 0.1129 AUC 0.5000 Pre 0.0113 Rec 0.1000
2026-08-30 00:45:45 | Diag logvar_q_mean=-2.5150 logvar_q_clamp=0.0000 logvar_p_mean=-2.5150 logvar_p_clamp=0.0000
2026-08-30 00:45:48 | Epoch 345/400 | Train Loss 2.3038 Acc 0.1043 | Val Loss 2.3008 Acc 0.1129 AUC 0.5000 Pre 0.0113 Rec 0.1000
2026-08-30 00:45:49 | Diag logvar_q_mean=-2.5198 logvar_q_clamp=0.0000 logvar_p_mean=-2.5198 logvar_p_clamp=0.0000
2026-08-30 00:45:52 | Epoch 346/400 | Train Loss 2.3039 Acc 0.1068 | Val Loss 2.3008 Acc 0.1129 AUC 0.5000 Pre 0.0113 Rec 0.1000
2026-08-30 00:45:53 | Diag logvar_q_mean=-2.5250 logvar_q_clamp=0.0000 logvar_p_mean=-2.5250 logvar_p_clamp=0.0000
2026-08-30 00:45:56 | Epoch 347/400 | Train Loss 2.3038 Acc 0.1077 | Val Loss 2.3008 Acc 0.1129 AUC 0.5000 Pre 0.0113 Rec 0.1000
2026-08-30 00:45:56 | Diag logvar_q_mean=-2.5301 logvar_q_clamp=0.0000 logvar_p_mean=-2.5301 logvar_p_clamp=0.0000
2026-08-30 00:46:00 | Epoch 348/400 | Train Loss 2.3034 Acc 0.1085 | Val Loss 2.3008 Acc 0.1129 AUC 0.5000 Pre 0.0113 Rec 0.1000
2026-08-30 00:46:00 | Diag logvar_q_mean=-2.5348 logvar_q_clamp=0.0000 logvar_p_mean=-2.5348 logvar_p_clamp=0.0000
2026-08-30 00:46:04 | Epoch 349/400 | Train Loss 2.3040 Acc 0.1059 | Val Loss 2.3008 Acc 0.1129 AUC 0.5000 Pre 0.0113 Rec 0.1000
2026-08-30 00:46:04 | Diag logvar_q_mean=-2.5401 logvar_q_clamp=0.0000 logvar_p_mean=-2.5401 logvar_p_clamp=0.0000
2026-08-30 00:46:07 | Epoch 350/400 | Train Loss 2.3038 Acc 0.1077 | Val Loss 2.3008 Acc 0.1129 AUC 0.5000 Pre 0.0113 Rec 0.1000
2026-08-30 00:46:08 | Diag logvar_q_mean=-2.5452 logvar_q_clamp=0.0000 logvar_p_mean=-2.5452 logvar_p_clamp=0.0000
2026-08-30 00:46:11 | Epoch 351/400 | Train Loss 2.3038 Acc 0.1047 | Val Loss 2.3008 Acc 0.1129 AUC 0.5000 Pre 0.0113 Rec 0.1000
2026-08-30 00:46:12 | Diag logvar_q_mean=-2.5503 logvar_q_clamp=0.0000 logvar_p_mean=-2.5503 logvar_p_clamp=0.0000
2026-08-30 00:46:15 | Epoch 352/400 | Train Loss 2.3035 Acc 0.1074 | Val Loss 2.3008 Acc 0.1129 AUC 0.5000 Pre 0.0113 Rec 0.1000
2026-08-30 00:46:15 | Diag logvar_q_mean=-2.5550 logvar_q_clamp=0.0000 logvar_p_mean=-2.5550 logvar_p_clamp=0.0000
2026-08-30 00:46:19 | Epoch 353/400 | Train Loss 2.3035 Acc 0.1066 | Val Loss 2.3008 Acc 0.1129 AUC 0.5000 Pre 0.0113 Rec 0.1000
2026-08-30 00:46:19 | Diag logvar_q_mean=-2.5598 logvar_q_clamp=0.0000 logvar_p_mean=-2.5598 logvar_p_clamp=0.0000
2026-08-30 00:46:22 | Epoch 354/400 | Train Loss 2.3036 Acc 0.1054 | Val Loss 2.3008 Acc 0.1129 AUC 0.5000 Pre 0.0113 Rec 0.1000
2026-08-30 00:46:23 | Diag logvar_q_mean=-2.5646 logvar_q_clamp=0.0000 logvar_p_mean=-2.5646 logvar_p_clamp=0.0000
2026-08-30 00:46:26 | Epoch 355/400 | Train Loss 2.3029 Acc 0.1086 | Val Loss 2.3008 Acc 0.1129 AUC 0.5000 Pre 0.0113 Rec 0.1000
2026-08-30 00:46:27 | Diag logvar_q_mean=-2.5689 logvar_q_clamp=0.0000 logvar_p_mean=-2.5689 logvar_p_clamp=0.0000
2026-08-30 00:46:30 | Epoch 356/400 | Train Loss 2.3037 Acc 0.1082 | Val Loss 2.3007 Acc 0.1129 AUC 0.5000 Pre 0.0113 Rec 0.1000
2026-08-30 00:46:31 | Diag logvar_q_mean=-2.5741 logvar_q_clamp=0.0000 logvar_p_mean=-2.5741 logvar_p_clamp=0.0000
2026-08-30 00:46:34 | Epoch 357/400 | Train Loss 2.3041 Acc 0.1072 | Val Loss 2.3008 Acc 0.1129 AUC 0.5000 Pre 0.0113 Rec 0.1000
2026-08-30 00:46:34 | Diag logvar_q_mean=-2.5795 logvar_q_clamp=0.0000 logvar_p_mean=-2.5795 logvar_p_clamp=0.0000
2026-08-30 00:46:38 | Epoch 358/400 | Train Loss 2.3035 Acc 0.1068 | Val Loss 2.3008 Acc 0.1129 AUC 0.5000 Pre 0.0113 Rec 0.1000
2026-08-30 00:46:38 | Diag logvar_q_mean=-2.5844 logvar_q_clamp=0.0000 logvar_p_mean=-2.5843 logvar_p_clamp=0.0000
2026-08-30 00:46:42 | Epoch 359/400 | Train Loss 2.3035 Acc 0.1072 | Val Loss 2.3008 Acc 0.1129 AUC 0.5000 Pre 0.0113 Rec 0.1000
2026-08-30 00:46:42 | Diag logvar_q_mean=-2.5893 logvar_q_clamp=0.0000 logvar_p_mean=-2.5893 logvar_p_clamp=0.0000
2026-08-30 00:46:45 | Epoch 360/400 | Train Loss 2.3044 Acc 0.1066 | Val Loss 2.3008 Acc 0.1129 AUC 0.5000 Pre 0.0113 Rec 0.1000
2026-08-30 00:46:46 | Diag logvar_q_mean=-2.5950 logvar_q_clamp=0.0000 logvar_p_mean=-2.5950 logvar_p_clamp=0.0000
2026-08-30 00:46:49 | Epoch 361/400 | Train Loss 2.3032 Acc 0.1096 | Val Loss 2.3008 Acc 0.1129 AUC 0.5000 Pre 0.0113 Rec 0.1000
2026-08-30 00:46:50 | Diag logvar_q_mean=-2.5994 logvar_q_clamp=0.0000 logvar_p_mean=-2.5994 logvar_p_clamp=0.0000
2026-08-30 00:46:53 | Epoch 362/400 | Train Loss 2.3035 Acc 0.1075 | Val Loss 2.3008 Acc 0.1129 AUC 0.5000 Pre 0.0113 Rec 0.1000
2026-08-30 00:46:53 | Diag logvar_q_mean=-2.6044 logvar_q_clamp=0.0000 logvar_p_mean=-2.6044 logvar_p_clamp=0.0000
2026-08-30 00:46:57 | Epoch 363/400 | Train Loss 2.3032 Acc 0.1080 | Val Loss 2.3008 Acc 0.1129 AUC 0.5000 Pre 0.0113 Rec 0.1000
2026-08-30 00:46:57 | Diag logvar_q_mean=-2.6088 logvar_q_clamp=0.0000 logvar_p_mean=-2.6088 logvar_p_clamp=0.0000
2026-08-30 00:47:01 | Epoch 364/400 | Train Loss 2.3031 Acc 0.1092 | Val Loss 2.3008 Acc 0.1129 AUC 0.5000 Pre 0.0113 Rec 0.1000
2026-08-30 00:47:01 | Diag logvar_q_mean=-2.6135 logvar_q_clamp=0.0000 logvar_p_mean=-2.6135 logvar_p_clamp=0.0000
2026-08-30 00:47:04 | Epoch 365/400 | Train Loss 2.3036 Acc 0.1074 | Val Loss 2.3008 Acc 0.1129 AUC 0.5000 Pre 0.0113 Rec 0.1000
2026-08-30 00:47:05 | Diag logvar_q_mean=-2.6185 logvar_q_clamp=0.0000 logvar_p_mean=-2.6185 logvar_p_clamp=0.0000
2026-08-30 00:47:08 | Epoch 366/400 | Train Loss 2.3034 Acc 0.1082 | Val Loss 2.3008 Acc 0.1129 AUC 0.5000 Pre 0.0113 Rec 0.1000
2026-08-30 00:47:09 | Diag logvar_q_mean=-2.6232 logvar_q_clamp=0.0000 logvar_p_mean=-2.6232 logvar_p_clamp=0.0000
2026-08-30 00:47:12 | Epoch 367/400 | Train Loss 2.3035 Acc 0.1069 | Val Loss 2.3008 Acc 0.1129 AUC 0.5000 Pre 0.0113 Rec 0.1000
2026-08-30 00:47:12 | Diag logvar_q_mean=-2.6282 logvar_q_clamp=0.0000 logvar_p_mean=-2.6282 logvar_p_clamp=0.0000
2026-08-30 00:47:16 | Epoch 368/400 | Train Loss 2.3036 Acc 0.1049 | Val Loss 2.3008 Acc 0.1129 AUC 0.5000 Pre 0.0113 Rec 0.1000
2026-08-30 00:47:16 | Diag logvar_q_mean=-2.6332 logvar_q_clamp=0.0000 logvar_p_mean=-2.6332 logvar_p_clamp=0.0000
2026-08-30 00:47:20 | Epoch 369/400 | Train Loss 2.3036 Acc 0.1071 | Val Loss 2.3008 Acc 0.1129 AUC 0.5000 Pre 0.0113 Rec 0.1000
2026-08-30 00:47:20 | Diag logvar_q_mean=-2.6382 logvar_q_clamp=0.0000 logvar_p_mean=-2.6381 logvar_p_clamp=0.0000
2026-08-30 00:47:23 | Epoch 370/400 | Train Loss 2.3039 Acc 0.1077 | Val Loss 2.3008 Acc 0.1129 AUC 0.5000 Pre 0.0113 Rec 0.1000
2026-08-30 00:47:24 | Diag logvar_q_mean=-2.6434 logvar_q_clamp=0.0000 logvar_p_mean=-2.6434 logvar_p_clamp=0.0000
2026-08-30 00:47:27 | Epoch 371/400 | Train Loss 2.3038 Acc 0.1054 | Val Loss 2.3008 Acc 0.1129 AUC 0.5000 Pre 0.0113 Rec 0.1000
2026-08-30 00:47:28 | Diag logvar_q_mean=-2.6484 logvar_q_clamp=0.0000 logvar_p_mean=-2.6484 logvar_p_clamp=0.0000
2026-08-30 00:47:31 | Epoch 372/400 | Train Loss 2.3031 Acc 0.1080 | Val Loss 2.3007 Acc 0.1129 AUC 0.5000 Pre 0.0113 Rec 0.1000
2026-08-30 00:47:31 | Diag logvar_q_mean=-2.6529 logvar_q_clamp=0.0000 logvar_p_mean=-2.6529 logvar_p_clamp=0.0000
2026-08-30 00:47:35 | Epoch 373/400 | Train Loss 2.3033 Acc 0.1082 | Val Loss 2.3008 Acc 0.1129 AUC 0.5000 Pre 0.0113 Rec 0.1000
2026-08-30 00:47:35 | Diag logvar_q_mean=-2.6575 logvar_q_clamp=0.0000 logvar_p_mean=-2.6575 logvar_p_clamp=0.0000
2026-08-30 00:47:39 | Epoch 374/400 | Train Loss 2.3041 Acc 0.1058 | Val Loss 2.3008 Acc 0.1129 AUC 0.5000 Pre 0.0113 Rec 0.1000
2026-08-30 00:47:39 | Diag logvar_q_mean=-2.6628 logvar_q_clamp=0.0000 logvar_p_mean=-2.6628 logvar_p_clamp=0.0000
2026-08-30 00:47:42 | Epoch 375/400 | Train Loss 2.3034 Acc 0.1068 | Val Loss 2.3008 Acc 0.1129 AUC 0.5000 Pre 0.0113 Rec 0.1000
2026-08-30 00:47:43 | Diag logvar_q_mean=-2.6676 logvar_q_clamp=0.0000 logvar_p_mean=-2.6676 logvar_p_clamp=0.0000
2026-08-30 00:47:46 | Epoch 376/400 | Train Loss 2.3034 Acc 0.1083 | Val Loss 2.3008 Acc 0.1129 AUC 0.5000 Pre 0.0113 Rec 0.1000
2026-08-30 00:47:47 | Diag logvar_q_mean=-2.6721 logvar_q_clamp=0.0000 logvar_p_mean=-2.6721 logvar_p_clamp=0.0000
2026-08-30 00:47:50 | Epoch 377/400 | Train Loss 2.3031 Acc 0.1072 | Val Loss 2.3008 Acc 0.1129 AUC 0.5000 Pre 0.0113 Rec 0.1000
2026-08-30 00:47:50 | Diag logvar_q_mean=-2.6766 logvar_q_clamp=0.0000 logvar_p_mean=-2.6766 logvar_p_clamp=0.0000
2026-08-30 00:47:54 | Epoch 378/400 | Train Loss 2.3037 Acc 0.1069 | Val Loss 2.3008 Acc 0.1129 AUC 0.5000 Pre 0.0113 Rec 0.1000
2026-08-30 00:47:54 | Diag logvar_q_mean=-2.6815 logvar_q_clamp=0.0000 logvar_p_mean=-2.6815 logvar_p_clamp=0.0000
2026-08-30 00:47:58 | Epoch 379/400 | Train Loss 2.3034 Acc 0.1076 | Val Loss 2.3008 Acc 0.1129 AUC 0.5000 Pre 0.0113 Rec 0.1000
2026-08-30 00:47:58 | Diag logvar_q_mean=-2.6862 logvar_q_clamp=0.0000 logvar_p_mean=-2.6863 logvar_p_clamp=0.0000
2026-08-30 00:48:01 | Epoch 380/400 | Train Loss 2.3035 Acc 0.1072 | Val Loss 2.3008 Acc 0.1129 AUC 0.5000 Pre 0.0113 Rec 0.1000
2026-08-30 00:48:02 | Diag logvar_q_mean=-2.6910 logvar_q_clamp=0.0000 logvar_p_mean=-2.6910 logvar_p_clamp=0.0000
2026-08-30 00:48:05 | Epoch 381/400 | Train Loss 2.3037 Acc 0.1051 | Val Loss 2.3008 Acc 0.1129 AUC 0.5000 Pre 0.0113 Rec 0.1000
2026-08-30 00:48:06 | Diag logvar_q_mean=-2.6958 logvar_q_clamp=0.0000 logvar_p_mean=-2.6958 logvar_p_clamp=0.0000
2026-08-30 00:48:09 | Epoch 382/400 | Train Loss 2.3039 Acc 0.1058 | Val Loss 2.3007 Acc 0.1129 AUC 0.5000 Pre 0.0113 Rec 0.1000
2026-08-30 00:48:09 | Diag logvar_q_mean=-2.7011 logvar_q_clamp=0.0000 logvar_p_mean=-2.7011 logvar_p_clamp=0.0000
2026-08-30 00:48:13 | Epoch 383/400 | Train Loss 2.3031 Acc 0.1064 | Val Loss 2.3008 Acc 0.1129 AUC 0.5000 Pre 0.0113 Rec 0.1000
2026-08-30 00:48:13 | Diag logvar_q_mean=-2.7054 logvar_q_clamp=0.0000 logvar_p_mean=-2.7054 logvar_p_clamp=0.0000
2026-08-30 00:48:17 | Epoch 384/400 | Train Loss 2.3037 Acc 0.1046 | Val Loss 2.3008 Acc 0.1129 AUC 0.5000 Pre 0.0113 Rec 0.1000
2026-08-30 00:48:17 | Diag logvar_q_mean=-2.7102 logvar_q_clamp=0.0000 logvar_p_mean=-2.7102 logvar_p_clamp=0.0000
2026-08-30 00:48:21 | Epoch 385/400 | Train Loss 2.3037 Acc 0.1077 | Val Loss 2.3008 Acc 0.1129 AUC 0.5000 Pre 0.0113 Rec 0.1000
2026-08-30 00:48:21 | Diag logvar_q_mean=-2.7153 logvar_q_clamp=0.0000 logvar_p_mean=-2.7153 logvar_p_clamp=0.0000
2026-08-30 00:48:24 | Epoch 386/400 | Train Loss 2.3032 Acc 0.1075 | Val Loss 2.3008 Acc 0.1129 AUC 0.5000 Pre 0.0113 Rec 0.1000
2026-08-30 00:48:25 | Diag logvar_q_mean=-2.7197 logvar_q_clamp=0.0000 logvar_p_mean=-2.7196 logvar_p_clamp=0.0000
2026-08-30 00:48:28 | Epoch 387/400 | Train Loss 2.3032 Acc 0.1073 | Val Loss 2.3008 Acc 0.1129 AUC 0.5000 Pre 0.0113 Rec 0.1000
2026-08-30 00:48:29 | Diag logvar_q_mean=-2.7242 logvar_q_clamp=0.0000 logvar_p_mean=-2.7242 logvar_p_clamp=0.0000
2026-08-30 00:48:32 | Epoch 388/400 | Train Loss 2.3034 Acc 0.1086 | Val Loss 2.3008 Acc 0.1129 AUC 0.5000 Pre 0.0113 Rec 0.1000
2026-08-30 00:48:32 | Diag logvar_q_mean=-2.7289 logvar_q_clamp=0.0000 logvar_p_mean=-2.7289 logvar_p_clamp=0.0000
2026-08-30 00:48:36 | Epoch 389/400 | Train Loss 2.3035 Acc 0.1083 | Val Loss 2.3008 Acc 0.1129 AUC 0.5000 Pre 0.0113 Rec 0.1000
2026-08-30 00:48:36 | Diag logvar_q_mean=-2.7335 logvar_q_clamp=0.0000 logvar_p_mean=-2.7336 logvar_p_clamp=0.0000
2026-08-30 00:48:40 | Epoch 390/400 | Train Loss 2.3042 Acc 0.1064 | Val Loss 2.3007 Acc 0.1129 AUC 0.5000 Pre 0.0113 Rec 0.1000
2026-08-30 00:48:40 | Diag logvar_q_mean=-2.7390 logvar_q_clamp=0.0000 logvar_p_mean=-2.7390 logvar_p_clamp=0.0000
2026-08-30 00:48:43 | Epoch 391/400 | Train Loss 2.3033 Acc 0.1100 | Val Loss 2.3007 Acc 0.1129 AUC 0.5000 Pre 0.0113 Rec 0.1000
2026-08-30 00:48:44 | Diag logvar_q_mean=-2.7435 logvar_q_clamp=0.0000 logvar_p_mean=-2.7435 logvar_p_clamp=0.0000
2026-08-30 00:48:47 | Epoch 392/400 | Train Loss 2.3035 Acc 0.1094 | Val Loss 2.3008 Acc 0.1129 AUC 0.5000 Pre 0.0113 Rec 0.1000
2026-08-30 00:48:48 | Diag logvar_q_mean=-2.7482 logvar_q_clamp=0.0000 logvar_p_mean=-2.7482 logvar_p_clamp=0.0000
2026-08-30 00:48:51 | Epoch 393/400 | Train Loss 2.3036 Acc 0.1063 | Val Loss 2.3008 Acc 0.1129 AUC 0.5000 Pre 0.0113 Rec 0.1000
2026-08-30 00:48:52 | Diag logvar_q_mean=-2.7530 logvar_q_clamp=0.0000 logvar_p_mean=-2.7530 logvar_p_clamp=0.0000
2026-08-30 00:48:55 | Epoch 394/400 | Train Loss 2.3032 Acc 0.1088 | Val Loss 2.3008 Acc 0.1129 AUC 0.5000 Pre 0.0113 Rec 0.1000
2026-08-30 00:48:55 | Diag logvar_q_mean=-2.7573 logvar_q_clamp=0.0000 logvar_p_mean=-2.7573 logvar_p_clamp=0.0000
2026-08-30 00:48:59 | Epoch 395/400 | Train Loss 2.3029 Acc 0.1063 | Val Loss 2.3008 Acc 0.1129 AUC 0.5000 Pre 0.0113 Rec 0.1000
2026-08-30 00:48:59 | Diag logvar_q_mean=-2.7612 logvar_q_clamp=0.0000 logvar_p_mean=-2.7612 logvar_p_clamp=0.0000
2026-08-30 00:49:02 | Epoch 396/400 | Train Loss 2.3032 Acc 0.1091 | Val Loss 2.3008 Acc 0.1129 AUC 0.5000 Pre 0.0113 Rec 0.1000
2026-08-30 00:49:03 | Diag logvar_q_mean=-2.7657 logvar_q_clamp=0.0000 logvar_p_mean=-2.7657 logvar_p_clamp=0.0000
2026-08-30 00:49:06 | Epoch 397/400 | Train Loss 2.3033 Acc 0.1084 | Val Loss 2.3008 Acc 0.1129 AUC 0.5000 Pre 0.0113 Rec 0.1000
2026-08-30 00:49:07 | Diag logvar_q_mean=-2.7705 logvar_q_clamp=0.0000 logvar_p_mean=-2.7705 logvar_p_clamp=0.0000
2026-08-30 00:49:10 | Epoch 398/400 | Train Loss 2.3038 Acc 0.1072 | Val Loss 2.3008 Acc 0.1129 AUC 0.5000 Pre 0.0113 Rec 0.1000
2026-08-30 00:49:11 | Diag logvar_q_mean=-2.7755 logvar_q_clamp=0.0000 logvar_p_mean=-2.7755 logvar_p_clamp=0.0000
2026-08-30 00:49:14 | Epoch 399/400 | Train Loss 2.3037 Acc 0.1074 | Val Loss 2.3008 Acc 0.1129 AUC 0.5000 Pre 0.0113 Rec 0.1000
2026-08-30 00:49:14 | Diag logvar_q_mean=-2.7806 logvar_q_clamp=0.0000 logvar_p_mean=-2.7806 logvar_p_clamp=0.0000
2026-08-30 00:49:18 | Epoch 400/400 | Train Loss 2.3033 Acc 0.1083 | Val Loss 2.3008 Acc 0.1129 AUC 0.5000 Pre 0.0113 Rec 0.1000
2026-08-30 00:49:18 | Diag logvar_q_mean=-2.7850 logvar_q_clamp=0.0000 logvar_p_mean=-2.7851 logvar_p_clamp=0.0000
2026-08-30 00:49:19 | Run 1/5 | Test (best model @ Epoch 1) | Loss 2.3019 Acc 0.1028 AUC 0.5000 Pre 0.0103 Rec 0.1000
2026-08-30 00:49:19 | ===== Run 2/5 (seed 1) =====
2026-08-30 00:49:22 | Epoch   1/400 | Train Loss 2.4269 Acc 0.1080 | Val Loss 2.2703 Acc 0.1992 AUC 0.6907 Pre 0.1117 Rec 0.1863
2026-08-30 00:49:22 | Diag logvar_q_mean=-0.0092 logvar_q_clamp=0.0000 logvar_p_mean=-0.0090 logvar_p_clamp=0.0000
2026-08-30 00:49:22 |   Val AUC improved to 0.6907, model saved
2026-08-30 00:49:26 | Epoch   2/400 | Train Loss 2.2961 Acc 0.1610 | Val Loss 2.1861 Acc 0.3135 AUC 0.6916 Pre 0.1966 Rec 0.2948
2026-08-30 00:49:26 | Diag logvar_q_mean=-0.0143 logvar_q_clamp=0.0000 logvar_p_mean=-0.0138 logvar_p_clamp=0.0000
2026-08-30 00:49:26 |   Val AUC improved to 0.6916, model saved
2026-08-30 00:49:30 | Epoch   3/400 | Train Loss 2.2464 Acc 0.2017 | Val Loss 2.0581 Acc 0.3147 AUC 0.6924 Pre 0.2055 Rec 0.2960
2026-08-30 00:49:30 | Diag logvar_q_mean=-0.0118 logvar_q_clamp=0.0000 logvar_p_mean=-0.0110 logvar_p_clamp=0.0000
2026-08-30 00:49:30 |   Val AUC improved to 0.6924, model saved
2026-08-30 00:49:33 | Epoch   4/400 | Train Loss 2.2168 Acc 0.2165 | Val Loss 1.9899 Acc 0.3139 AUC 0.6922 Pre 0.2107 Rec 0.2952
2026-08-30 00:49:34 | Diag logvar_q_mean=-0.0085 logvar_q_clamp=0.0000 logvar_p_mean=-0.0076 logvar_p_clamp=0.0000
2026-08-30 00:49:37 | Epoch   5/400 | Train Loss 2.1529 Acc 0.2370 | Val Loss 1.8832 Acc 0.3147 AUC 0.6929 Pre 0.2086 Rec 0.2960
2026-08-30 00:49:38 | Diag logvar_q_mean=-0.0072 logvar_q_clamp=0.0000 logvar_p_mean=-0.0062 logvar_p_clamp=0.0000
2026-08-30 00:49:38 |   Val AUC improved to 0.6929, model saved
2026-08-30 00:49:41 | Epoch   6/400 | Train Loss 2.0934 Acc 0.2510 | Val Loss 1.8246 Acc 0.3149 AUC 0.6930 Pre 0.2097 Rec 0.2961
2026-08-30 00:49:41 | Diag logvar_q_mean=-0.0066 logvar_q_clamp=0.0000 logvar_p_mean=-0.0057 logvar_p_clamp=0.0000
2026-08-30 00:49:41 |   Val AUC improved to 0.6930, model saved
2026-08-30 00:49:45 | Epoch   7/400 | Train Loss 2.0774 Acc 0.2554 | Val Loss 1.8139 Acc 0.3145 AUC 0.6932 Pre 0.2098 Rec 0.2957
2026-08-30 00:49:45 | Diag logvar_q_mean=-0.0054 logvar_q_clamp=0.0000 logvar_p_mean=-0.0043 logvar_p_clamp=0.0000
2026-08-30 00:49:45 |   Val AUC improved to 0.6932, model saved
2026-08-30 00:49:49 | Epoch   8/400 | Train Loss 2.0748 Acc 0.2569 | Val Loss 1.8052 Acc 0.3145 AUC 0.6935 Pre 0.2102 Rec 0.2957
2026-08-30 00:49:49 | Diag logvar_q_mean=-0.0036 logvar_q_clamp=0.0000 logvar_p_mean=-0.0030 logvar_p_clamp=0.0000
2026-08-30 00:49:49 |   Val AUC improved to 0.6935, model saved
2026-08-30 00:49:52 | Epoch   9/400 | Train Loss 2.0614 Acc 0.2575 | Val Loss 1.8056 Acc 0.3143 AUC 0.6935 Pre 0.2094 Rec 0.2955
2026-08-30 00:49:53 | Diag logvar_q_mean=-0.0040 logvar_q_clamp=0.0000 logvar_p_mean=-0.0033 logvar_p_clamp=0.0000
2026-08-30 00:49:56 | Epoch  10/400 | Train Loss 2.0582 Acc 0.2613 | Val Loss 1.7884 Acc 0.3144 AUC 0.6929 Pre 0.2113 Rec 0.2956
2026-08-30 00:49:57 | Diag logvar_q_mean=-0.0050 logvar_q_clamp=0.0000 logvar_p_mean=-0.0037 logvar_p_clamp=0.0000
2026-08-30 00:50:00 | Epoch  11/400 | Train Loss 2.0555 Acc 0.2601 | Val Loss 1.7780 Acc 0.3156 AUC 0.6933 Pre 0.2101 Rec 0.2968
2026-08-30 00:50:00 | Diag logvar_q_mean=-0.0056 logvar_q_clamp=0.0000 logvar_p_mean=-0.0043 logvar_p_clamp=0.0000
2026-08-30 00:50:04 | Epoch  12/400 | Train Loss 2.0523 Acc 0.2612 | Val Loss 1.7895 Acc 0.3154 AUC 0.6932 Pre 0.2102 Rec 0.2966
2026-08-30 00:50:04 | Diag logvar_q_mean=-0.0075 logvar_q_clamp=0.0000 logvar_p_mean=-0.0075 logvar_p_clamp=0.0000
2026-08-30 00:50:08 | Epoch  13/400 | Train Loss 2.0461 Acc 0.2635 | Val Loss 1.7863 Acc 0.3152 AUC 0.6931 Pre 0.2104 Rec 0.2963
2026-08-30 00:50:08 | Diag logvar_q_mean=-0.0100 logvar_q_clamp=0.0000 logvar_p_mean=-0.0095 logvar_p_clamp=0.0000
2026-08-30 00:50:12 | Epoch  14/400 | Train Loss 2.0462 Acc 0.2627 | Val Loss 1.7781 Acc 0.3152 AUC 0.6929 Pre 0.2106 Rec 0.2964
2026-08-30 00:50:12 | Diag logvar_q_mean=-0.0117 logvar_q_clamp=0.0000 logvar_p_mean=-0.0105 logvar_p_clamp=0.0000
2026-08-30 00:50:15 | Epoch  15/400 | Train Loss 2.0452 Acc 0.2645 | Val Loss 1.7925 Acc 0.3142 AUC 0.6928 Pre 0.2116 Rec 0.2954
2026-08-30 00:50:16 | Diag logvar_q_mean=-0.0149 logvar_q_clamp=0.0000 logvar_p_mean=-0.0129 logvar_p_clamp=0.0000
2026-08-30 00:50:19 | Epoch  16/400 | Train Loss 2.0425 Acc 0.2622 | Val Loss 1.7795 Acc 0.3151 AUC 0.6919 Pre 0.2112 Rec 0.2963
2026-08-30 00:50:20 | Diag logvar_q_mean=-0.0165 logvar_q_clamp=0.0000 logvar_p_mean=-0.0151 logvar_p_clamp=0.0000
2026-08-30 00:50:23 | Epoch  17/400 | Train Loss 2.0397 Acc 0.2648 | Val Loss 1.8053 Acc 0.3145 AUC 0.6929 Pre 0.2115 Rec 0.2957
2026-08-30 00:50:24 | Diag logvar_q_mean=-0.0197 logvar_q_clamp=0.0000 logvar_p_mean=-0.0175 logvar_p_clamp=0.0000
2026-08-30 00:50:27 | Epoch  18/400 | Train Loss 2.0421 Acc 0.2617 | Val Loss 1.7702 Acc 0.3130 AUC 0.6932 Pre 0.2107 Rec 0.2965
2026-08-30 00:50:28 | Diag logvar_q_mean=-0.0217 logvar_q_clamp=0.0000 logvar_p_mean=-0.0201 logvar_p_clamp=0.0000
2026-08-30 00:50:31 | Epoch  19/400 | Train Loss 2.0341 Acc 0.2652 | Val Loss 1.7708 Acc 0.3154 AUC 0.6935 Pre 0.2114 Rec 0.2966
2026-08-30 00:50:32 | Diag logvar_q_mean=-0.0241 logvar_q_clamp=0.0000 logvar_p_mean=-0.0222 logvar_p_clamp=0.0000
2026-08-30 00:50:32 |   Val AUC improved to 0.6935, model saved
2026-08-30 00:50:35 | Epoch  20/400 | Train Loss 2.0470 Acc 0.2635 | Val Loss 1.7756 Acc 0.3148 AUC 0.6925 Pre 0.2110 Rec 0.2960
2026-08-30 00:50:35 | Diag logvar_q_mean=-0.0255 logvar_q_clamp=0.0000 logvar_p_mean=-0.0250 logvar_p_clamp=0.0000
2026-08-30 00:50:39 | Epoch  21/400 | Train Loss 2.0446 Acc 0.2615 | Val Loss 1.7982 Acc 0.3151 AUC 0.6927 Pre 0.2114 Rec 0.2963
2026-08-30 00:50:39 | Diag logvar_q_mean=-0.0301 logvar_q_clamp=0.0000 logvar_p_mean=-0.0280 logvar_p_clamp=0.0000
2026-08-30 00:50:43 | Epoch  22/400 | Train Loss 2.0417 Acc 0.2634 | Val Loss 1.7884 Acc 0.3145 AUC 0.6923 Pre 0.2115 Rec 0.2957
2026-08-30 00:50:43 | Diag logvar_q_mean=-0.0330 logvar_q_clamp=0.0000 logvar_p_mean=-0.0318 logvar_p_clamp=0.0000
2026-08-30 00:50:46 | Epoch  23/400 | Train Loss 2.0298 Acc 0.2653 | Val Loss 1.7818 Acc 0.3148 AUC 0.6930 Pre 0.2117 Rec 0.2960
2026-08-30 00:50:47 | Diag logvar_q_mean=-0.0371 logvar_q_clamp=0.0000 logvar_p_mean=-0.0364 logvar_p_clamp=0.0000
2026-08-30 00:50:50 | Epoch  24/400 | Train Loss 2.0255 Acc 0.2654 | Val Loss 1.7731 Acc 0.3149 AUC 0.6932 Pre 0.2114 Rec 0.2961
2026-08-30 00:50:51 | Diag logvar_q_mean=-0.0392 logvar_q_clamp=0.0000 logvar_p_mean=-0.0385 logvar_p_clamp=0.0000
2026-08-30 00:50:54 | Epoch  25/400 | Train Loss 2.0290 Acc 0.2643 | Val Loss 1.7753 Acc 0.3149 AUC 0.6928 Pre 0.2113 Rec 0.2961
2026-08-30 00:50:55 | Diag logvar_q_mean=-0.0424 logvar_q_clamp=0.0000 logvar_p_mean=-0.0414 logvar_p_clamp=0.0000
2026-08-30 00:50:58 | Epoch  26/400 | Train Loss 2.0253 Acc 0.2650 | Val Loss 1.7734 Acc 0.3148 AUC 0.6926 Pre 0.2116 Rec 0.2960
2026-08-30 00:50:59 | Diag logvar_q_mean=-0.0464 logvar_q_clamp=0.0000 logvar_p_mean=-0.0449 logvar_p_clamp=0.0000
2026-08-30 00:51:02 | Epoch  27/400 | Train Loss 2.0147 Acc 0.2671 | Val Loss 1.7774 Acc 0.3149 AUC 0.6932 Pre 0.2117 Rec 0.2961
2026-08-30 00:51:02 | Diag logvar_q_mean=-0.0499 logvar_q_clamp=0.0000 logvar_p_mean=-0.0485 logvar_p_clamp=0.0000
2026-08-30 00:51:06 | Epoch  28/400 | Train Loss 2.0226 Acc 0.2667 | Val Loss 1.7699 Acc 0.3150 AUC 0.6931 Pre 0.2112 Rec 0.2962
2026-08-30 00:51:06 | Diag logvar_q_mean=-0.0540 logvar_q_clamp=0.0000 logvar_p_mean=-0.0527 logvar_p_clamp=0.0000
2026-08-30 00:51:10 | Epoch  29/400 | Train Loss 2.0323 Acc 0.2661 | Val Loss 1.7804 Acc 0.3141 AUC 0.6917 Pre 0.2116 Rec 0.2953
2026-08-30 00:51:10 | Diag logvar_q_mean=-0.0567 logvar_q_clamp=0.0000 logvar_p_mean=-0.0557 logvar_p_clamp=0.0000
2026-08-30 00:51:13 | Epoch  30/400 | Train Loss 2.0280 Acc 0.2625 | Val Loss 1.7770 Acc 0.3147 AUC 0.6926 Pre 0.2109 Rec 0.2959
2026-08-30 00:51:14 | Diag logvar_q_mean=-0.0615 logvar_q_clamp=0.0000 logvar_p_mean=-0.0604 logvar_p_clamp=0.0000
2026-08-30 00:51:17 | Epoch  31/400 | Train Loss 2.0187 Acc 0.2683 | Val Loss 1.7764 Acc 0.3154 AUC 0.6933 Pre 0.2106 Rec 0.2965
2026-08-30 00:51:18 | Diag logvar_q_mean=-0.0659 logvar_q_clamp=0.0000 logvar_p_mean=-0.0647 logvar_p_clamp=0.0000
2026-08-30 00:51:21 | Epoch  32/400 | Train Loss 2.0168 Acc 0.2669 | Val Loss 1.7550 Acc 0.3155 AUC 0.6932 Pre 0.2108 Rec 0.2966
2026-08-30 00:51:21 | Diag logvar_q_mean=-0.0693 logvar_q_clamp=0.0000 logvar_p_mean=-0.0687 logvar_p_clamp=0.0000
2026-08-30 00:51:25 | Epoch  33/400 | Train Loss 2.0103 Acc 0.2669 | Val Loss 1.7743 Acc 0.3151 AUC 0.6932 Pre 0.2107 Rec 0.2963
2026-08-30 00:51:25 | Diag logvar_q_mean=-0.0746 logvar_q_clamp=0.0000 logvar_p_mean=-0.0732 logvar_p_clamp=0.0000
2026-08-30 00:51:29 | Epoch  34/400 | Train Loss 1.9998 Acc 0.2678 | Val Loss 1.7556 Acc 0.3155 AUC 0.6925 Pre 0.2102 Rec 0.2966
2026-08-30 00:51:29 | Diag logvar_q_mean=-0.0797 logvar_q_clamp=0.0000 logvar_p_mean=-0.0790 logvar_p_clamp=0.0000
2026-08-30 00:51:32 | Epoch  35/400 | Train Loss 1.9861 Acc 0.2701 | Val Loss 1.7507 Acc 0.3155 AUC 0.6925 Pre 0.2107 Rec 0.2967
2026-08-30 00:51:33 | Diag logvar_q_mean=-0.0846 logvar_q_clamp=0.0000 logvar_p_mean=-0.0833 logvar_p_clamp=0.0000
2026-08-30 00:51:36 | Epoch  36/400 | Train Loss 1.9886 Acc 0.2699 | Val Loss 1.7529 Acc 0.3153 AUC 0.6927 Pre 0.2111 Rec 0.2965
2026-08-30 00:51:37 | Diag logvar_q_mean=-0.0884 logvar_q_clamp=0.0000 logvar_p_mean=-0.0871 logvar_p_clamp=0.0000
2026-08-30 00:51:40 | Epoch  37/400 | Train Loss 1.9807 Acc 0.2697 | Val Loss 1.7561 Acc 0.3151 AUC 0.6923 Pre 0.2111 Rec 0.2963
2026-08-30 00:51:40 | Diag logvar_q_mean=-0.0926 logvar_q_clamp=0.0000 logvar_p_mean=-0.0918 logvar_p_clamp=0.0000
2026-08-30 00:51:44 | Epoch  38/400 | Train Loss 1.9810 Acc 0.2702 | Val Loss 1.7479 Acc 0.3147 AUC 0.6927 Pre 0.2113 Rec 0.2959
2026-08-30 00:51:44 | Diag logvar_q_mean=-0.0973 logvar_q_clamp=0.0000 logvar_p_mean=-0.0960 logvar_p_clamp=0.0000
2026-08-30 00:51:48 | Epoch  39/400 | Train Loss 1.9735 Acc 0.2742 | Val Loss 1.7466 Acc 0.3150 AUC 0.6926 Pre 0.2113 Rec 0.2962
2026-08-30 00:51:48 | Diag logvar_q_mean=-0.1019 logvar_q_clamp=0.0000 logvar_p_mean=-0.1008 logvar_p_clamp=0.0000
2026-08-30 00:51:51 | Epoch  40/400 | Train Loss 1.9693 Acc 0.2744 | Val Loss 1.7418 Acc 0.3155 AUC 0.6928 Pre 0.2118 Rec 0.2967
2026-08-30 00:51:52 | Diag logvar_q_mean=-0.1068 logvar_q_clamp=0.0000 logvar_p_mean=-0.1055 logvar_p_clamp=0.0000
2026-08-30 00:51:55 | Epoch  41/400 | Train Loss 1.9589 Acc 0.2740 | Val Loss 1.7412 Acc 0.3157 AUC 0.6926 Pre 0.2111 Rec 0.2969
2026-08-30 00:51:56 | Diag logvar_q_mean=-0.1108 logvar_q_clamp=0.0000 logvar_p_mean=-0.1100 logvar_p_clamp=0.0000
2026-08-30 00:51:59 | Epoch  42/400 | Train Loss 1.9595 Acc 0.2737 | Val Loss 1.7415 Acc 0.3155 AUC 0.6925 Pre 0.2110 Rec 0.2967
2026-08-30 00:51:59 | Diag logvar_q_mean=-0.1152 logvar_q_clamp=0.0000 logvar_p_mean=-0.1143 logvar_p_clamp=0.0000
2026-08-30 00:52:03 | Epoch  43/400 | Train Loss 1.9537 Acc 0.2759 | Val Loss 1.7449 Acc 0.3150 AUC 0.6928 Pre 0.2118 Rec 0.2962
2026-08-30 00:52:03 | Diag logvar_q_mean=-0.1200 logvar_q_clamp=0.0000 logvar_p_mean=-0.1186 logvar_p_clamp=0.0000
2026-08-30 00:52:07 | Epoch  44/400 | Train Loss 1.9514 Acc 0.2796 | Val Loss 1.7436 Acc 0.3158 AUC 0.6927 Pre 0.2114 Rec 0.2970
2026-08-30 00:52:07 | Diag logvar_q_mean=-0.1235 logvar_q_clamp=0.0000 logvar_p_mean=-0.1228 logvar_p_clamp=0.0000
2026-08-30 00:52:11 | Epoch  45/400 | Train Loss 1.9603 Acc 0.2752 | Val Loss 1.7487 Acc 0.3151 AUC 0.6921 Pre 0.2117 Rec 0.2963
2026-08-30 00:52:11 | Diag logvar_q_mean=-0.1284 logvar_q_clamp=0.0000 logvar_p_mean=-0.1275 logvar_p_clamp=0.0000
2026-08-30 00:52:14 | Epoch  46/400 | Train Loss 1.9543 Acc 0.2759 | Val Loss 1.7378 Acc 0.3154 AUC 0.6926 Pre 0.2116 Rec 0.2966
2026-08-30 00:52:15 | Diag logvar_q_mean=-0.1334 logvar_q_clamp=0.0000 logvar_p_mean=-0.1327 logvar_p_clamp=0.0000
2026-08-30 00:52:18 | Epoch  47/400 | Train Loss 1.9575 Acc 0.2754 | Val Loss 1.7565 Acc 0.3149 AUC 0.6924 Pre 0.2114 Rec 0.2961
2026-08-30 00:52:19 | Diag logvar_q_mean=-0.1387 logvar_q_clamp=0.0000 logvar_p_mean=-0.1373 logvar_p_clamp=0.0000
2026-08-30 00:52:22 | Epoch  48/400 | Train Loss 1.9462 Acc 0.2790 | Val Loss 1.7463 Acc 0.3153 AUC 0.6922 Pre 0.2112 Rec 0.2965
2026-08-30 00:52:23 | Diag logvar_q_mean=-0.1440 logvar_q_clamp=0.0000 logvar_p_mean=-0.1427 logvar_p_clamp=0.0000
2026-08-30 00:52:26 | Epoch  49/400 | Train Loss 1.9468 Acc 0.2782 | Val Loss 1.7405 Acc 0.3151 AUC 0.6922 Pre 0.2117 Rec 0.2963
2026-08-30 00:52:26 | Diag logvar_q_mean=-0.1493 logvar_q_clamp=0.0000 logvar_p_mean=-0.1483 logvar_p_clamp=0.0000
2026-08-30 00:52:30 | Epoch  50/400 | Train Loss 1.9454 Acc 0.2773 | Val Loss 1.7498 Acc 0.3152 AUC 0.6928 Pre 0.2109 Rec 0.2964
2026-08-30 00:52:30 | Diag logvar_q_mean=-0.1540 logvar_q_clamp=0.0000 logvar_p_mean=-0.1533 logvar_p_clamp=0.0000
2026-08-30 00:52:33 | Epoch  51/400 | Train Loss 1.9436 Acc 0.2765 | Val Loss 1.7441 Acc 0.3154 AUC 0.6927 Pre 0.2116 Rec 0.2966
2026-08-30 00:52:34 | Diag logvar_q_mean=-0.1591 logvar_q_clamp=0.0000 logvar_p_mean=-0.1581 logvar_p_clamp=0.0000
2026-08-30 00:52:37 | Epoch  52/400 | Train Loss 1.9486 Acc 0.2761 | Val Loss 1.7480 Acc 0.3159 AUC 0.6931 Pre 0.2101 Rec 0.2970
2026-08-30 00:52:38 | Diag logvar_q_mean=-0.1642 logvar_q_clamp=0.0000 logvar_p_mean=-0.1633 logvar_p_clamp=0.0000
2026-08-30 00:52:41 | Epoch  53/400 | Train Loss 1.9418 Acc 0.2786 | Val Loss 1.7456 Acc 0.3128 AUC 0.6926 Pre 0.2110 Rec 0.2963
2026-08-30 00:52:42 | Diag logvar_q_mean=-0.1694 logvar_q_clamp=0.0000 logvar_p_mean=-0.1686 logvar_p_clamp=0.0000
2026-08-30 00:52:45 | Epoch  54/400 | Train Loss 1.9421 Acc 0.2765 | Val Loss 1.7574 Acc 0.3150 AUC 0.6919 Pre 0.2118 Rec 0.2962
2026-08-30 00:52:46 | Diag logvar_q_mean=-0.1755 logvar_q_clamp=0.0000 logvar_p_mean=-0.1742 logvar_p_clamp=0.0000
2026-08-30 00:52:49 | Epoch  55/400 | Train Loss 1.9414 Acc 0.2779 | Val Loss 1.7506 Acc 0.3126 AUC 0.6923 Pre 0.2154 Rec 0.2961
2026-08-30 00:52:49 | Diag logvar_q_mean=-0.1809 logvar_q_clamp=0.0000 logvar_p_mean=-0.1800 logvar_p_clamp=0.0000
2026-08-30 00:52:53 | Epoch  56/400 | Train Loss 1.9393 Acc 0.2758 | Val Loss 1.7454 Acc 0.3154 AUC 0.6924 Pre 0.2116 Rec 0.2966
2026-08-30 00:52:53 | Diag logvar_q_mean=-0.1866 logvar_q_clamp=0.0000 logvar_p_mean=-0.1857 logvar_p_clamp=0.0000
2026-08-30 00:52:57 | Epoch  57/400 | Train Loss 1.9359 Acc 0.2805 | Val Loss 1.7553 Acc 0.3152 AUC 0.6922 Pre 0.2113 Rec 0.2964
2026-08-30 00:52:57 | Diag logvar_q_mean=-0.1925 logvar_q_clamp=0.0000 logvar_p_mean=-0.1915 logvar_p_clamp=0.0000
2026-08-30 00:53:00 | Epoch  58/400 | Train Loss 1.9243 Acc 0.2802 | Val Loss 1.7510 Acc 0.3154 AUC 0.6926 Pre 0.2115 Rec 0.2966
2026-08-30 00:53:01 | Diag logvar_q_mean=-0.1985 logvar_q_clamp=0.0000 logvar_p_mean=-0.1973 logvar_p_clamp=0.0000
2026-08-30 00:53:04 | Epoch  59/400 | Train Loss 1.9354 Acc 0.2771 | Val Loss 1.7569 Acc 0.3146 AUC 0.6926 Pre 0.2114 Rec 0.2958
2026-08-30 00:53:05 | Diag logvar_q_mean=-0.2044 logvar_q_clamp=0.0000 logvar_p_mean=-0.2033 logvar_p_clamp=0.0000
2026-08-30 00:53:08 | Epoch  60/400 | Train Loss 1.9300 Acc 0.2795 | Val Loss 1.7610 Acc 0.3151 AUC 0.6924 Pre 0.2113 Rec 0.2963
2026-08-30 00:53:09 | Diag logvar_q_mean=-0.2100 logvar_q_clamp=0.0000 logvar_p_mean=-0.2088 logvar_p_clamp=0.0000
2026-08-30 00:53:12 | Epoch  61/400 | Train Loss 1.9297 Acc 0.2819 | Val Loss 1.7489 Acc 0.3159 AUC 0.6930 Pre 0.2109 Rec 0.2971
2026-08-30 00:53:12 | Diag logvar_q_mean=-0.2155 logvar_q_clamp=0.0000 logvar_p_mean=-0.2146 logvar_p_clamp=0.0000
2026-08-30 00:53:16 | Epoch  62/400 | Train Loss 1.9211 Acc 0.2808 | Val Loss 1.7512 Acc 0.3150 AUC 0.6921 Pre 0.2118 Rec 0.2962
2026-08-30 00:53:16 | Diag logvar_q_mean=-0.2219 logvar_q_clamp=0.0000 logvar_p_mean=-0.2208 logvar_p_clamp=0.0000
2026-08-30 00:53:20 | Epoch  63/400 | Train Loss 1.9173 Acc 0.2807 | Val Loss 1.7521 Acc 0.3158 AUC 0.6923 Pre 0.2112 Rec 0.2970
2026-08-30 00:53:20 | Diag logvar_q_mean=-0.2282 logvar_q_clamp=0.0000 logvar_p_mean=-0.2273 logvar_p_clamp=0.0000
2026-08-30 00:53:23 | Epoch  64/400 | Train Loss 1.9195 Acc 0.2803 | Val Loss 1.7519 Acc 0.3133 AUC 0.6924 Pre 0.2256 Rec 0.2968
2026-08-30 00:53:24 | Diag logvar_q_mean=-0.2345 logvar_q_clamp=0.0000 logvar_p_mean=-0.2335 logvar_p_clamp=0.0000
2026-08-30 00:53:27 | Epoch  65/400 | Train Loss 1.9208 Acc 0.2821 | Val Loss 1.7557 Acc 0.3149 AUC 0.6921 Pre 0.2111 Rec 0.2961
2026-08-30 00:53:28 | Diag logvar_q_mean=-0.2403 logvar_q_clamp=0.0000 logvar_p_mean=-0.2395 logvar_p_clamp=0.0000
2026-08-30 00:53:31 | Epoch  66/400 | Train Loss 1.9163 Acc 0.2833 | Val Loss 1.7505 Acc 0.3155 AUC 0.6924 Pre 0.2114 Rec 0.2967
2026-08-30 00:53:32 | Diag logvar_q_mean=-0.2468 logvar_q_clamp=0.0000 logvar_p_mean=-0.2459 logvar_p_clamp=0.0000
2026-08-30 00:53:35 | Epoch  67/400 | Train Loss 1.9117 Acc 0.2820 | Val Loss 1.7592 Acc 0.3158 AUC 0.6926 Pre 0.2114 Rec 0.2969
2026-08-30 00:53:35 | Diag logvar_q_mean=-0.2533 logvar_q_clamp=0.0000 logvar_p_mean=-0.2522 logvar_p_clamp=0.0000
2026-08-30 00:53:39 | Epoch  68/400 | Train Loss 1.9148 Acc 0.2821 | Val Loss 1.7655 Acc 0.3141 AUC 0.6918 Pre 0.2122 Rec 0.2953
2026-08-30 00:53:39 | Diag logvar_q_mean=-0.2601 logvar_q_clamp=0.0000 logvar_p_mean=-0.2588 logvar_p_clamp=0.0000
2026-08-30 00:53:42 | Epoch  69/400 | Train Loss 1.9230 Acc 0.2806 | Val Loss 1.7555 Acc 0.3156 AUC 0.6924 Pre 0.2109 Rec 0.2968
2026-08-30 00:53:43 | Diag logvar_q_mean=-0.2662 logvar_q_clamp=0.0000 logvar_p_mean=-0.2651 logvar_p_clamp=0.0000
2026-08-30 00:53:46 | Epoch  70/400 | Train Loss 1.9126 Acc 0.2823 | Val Loss 1.7533 Acc 0.3150 AUC 0.6921 Pre 0.2118 Rec 0.2962
2026-08-30 00:53:47 | Diag logvar_q_mean=-0.2729 logvar_q_clamp=0.0000 logvar_p_mean=-0.2719 logvar_p_clamp=0.0000
2026-08-30 00:53:50 | Epoch  71/400 | Train Loss 1.9134 Acc 0.2827 | Val Loss 1.7695 Acc 0.3135 AUC 0.6912 Pre 0.2126 Rec 0.2947
2026-08-30 00:53:51 | Diag logvar_q_mean=-0.2796 logvar_q_clamp=0.0000 logvar_p_mean=-0.2785 logvar_p_clamp=0.0000
2026-08-30 00:53:54 | Epoch  72/400 | Train Loss 1.9237 Acc 0.2809 | Val Loss 1.7564 Acc 0.3157 AUC 0.6925 Pre 0.2116 Rec 0.2969
2026-08-30 00:53:54 | Diag logvar_q_mean=-0.2861 logvar_q_clamp=0.0000 logvar_p_mean=-0.2850 logvar_p_clamp=0.0000
2026-08-30 00:53:58 | Epoch  73/400 | Train Loss 1.9160 Acc 0.2795 | Val Loss 1.7697 Acc 0.3154 AUC 0.6923 Pre 0.2112 Rec 0.2965
2026-08-30 00:53:58 | Diag logvar_q_mean=-0.2931 logvar_q_clamp=0.0000 logvar_p_mean=-0.2920 logvar_p_clamp=0.0000
2026-08-30 00:54:02 | Epoch  74/400 | Train Loss 1.9196 Acc 0.2814 | Val Loss 1.7497 Acc 0.3154 AUC 0.6923 Pre 0.2120 Rec 0.2966
2026-08-30 00:54:02 | Diag logvar_q_mean=-0.2998 logvar_q_clamp=0.0000 logvar_p_mean=-0.2987 logvar_p_clamp=0.0000
2026-08-30 00:54:06 | Epoch  75/400 | Train Loss 1.9135 Acc 0.2826 | Val Loss 1.7558 Acc 0.3154 AUC 0.6917 Pre 0.2117 Rec 0.2966
2026-08-30 00:54:06 | Diag logvar_q_mean=-0.3069 logvar_q_clamp=0.0000 logvar_p_mean=-0.3058 logvar_p_clamp=0.0000
2026-08-30 00:54:09 | Epoch  76/400 | Train Loss 1.9090 Acc 0.2840 | Val Loss 1.7546 Acc 0.3157 AUC 0.6927 Pre 0.2114 Rec 0.2969
2026-08-30 00:54:10 | Diag logvar_q_mean=-0.3135 logvar_q_clamp=0.0000 logvar_p_mean=-0.3124 logvar_p_clamp=0.0000
2026-08-30 00:54:13 | Epoch  77/400 | Train Loss 1.9162 Acc 0.2845 | Val Loss 1.7540 Acc 0.3151 AUC 0.6927 Pre 0.2117 Rec 0.2963
2026-08-30 00:54:14 | Diag logvar_q_mean=-0.3203 logvar_q_clamp=0.0000 logvar_p_mean=-0.3193 logvar_p_clamp=0.0000
2026-08-30 00:54:17 | Epoch  78/400 | Train Loss 1.9091 Acc 0.2817 | Val Loss 1.7624 Acc 0.3152 AUC 0.6919 Pre 0.2116 Rec 0.2964
2026-08-30 00:54:18 | Diag logvar_q_mean=-0.3272 logvar_q_clamp=0.0000 logvar_p_mean=-0.3263 logvar_p_clamp=0.0000
2026-08-30 00:54:21 | Epoch  79/400 | Train Loss 1.9110 Acc 0.2848 | Val Loss 1.7607 Acc 0.3148 AUC 0.6922 Pre 0.2118 Rec 0.2960
2026-08-30 00:54:21 | Diag logvar_q_mean=-0.3349 logvar_q_clamp=0.0000 logvar_p_mean=-0.3337 logvar_p_clamp=0.0000
2026-08-30 00:54:25 | Epoch  80/400 | Train Loss 1.9121 Acc 0.2827 | Val Loss 1.7720 Acc 0.3145 AUC 0.6918 Pre 0.2119 Rec 0.2957
2026-08-30 00:54:25 | Diag logvar_q_mean=-0.3417 logvar_q_clamp=0.0000 logvar_p_mean=-0.3405 logvar_p_clamp=0.0000
2026-08-30 00:54:28 | Epoch  81/400 | Train Loss 1.9095 Acc 0.2820 | Val Loss 1.7587 Acc 0.3153 AUC 0.6921 Pre 0.2118 Rec 0.2965
2026-08-30 00:54:29 | Diag logvar_q_mean=-0.3487 logvar_q_clamp=0.0000 logvar_p_mean=-0.3474 logvar_p_clamp=0.0000
2026-08-30 00:54:32 | Epoch  82/400 | Train Loss 1.9147 Acc 0.2828 | Val Loss 1.7543 Acc 0.3151 AUC 0.6926 Pre 0.2114 Rec 0.2963
2026-08-30 00:54:33 | Diag logvar_q_mean=-0.3559 logvar_q_clamp=0.0000 logvar_p_mean=-0.3549 logvar_p_clamp=0.0000
2026-08-30 00:54:36 | Epoch  83/400 | Train Loss 1.9178 Acc 0.2798 | Val Loss 1.7662 Acc 0.3125 AUC 0.6921 Pre 0.2114 Rec 0.2960
2026-08-30 00:54:37 | Diag logvar_q_mean=-0.3636 logvar_q_clamp=0.0000 logvar_p_mean=-0.3625 logvar_p_clamp=0.0000
2026-08-30 00:54:40 | Epoch  84/400 | Train Loss 1.9198 Acc 0.2795 | Val Loss 1.7716 Acc 0.3143 AUC 0.6915 Pre 0.2121 Rec 0.2956
2026-08-30 00:54:40 | Diag logvar_q_mean=-0.3708 logvar_q_clamp=0.0000 logvar_p_mean=-0.3698 logvar_p_clamp=0.0000
2026-08-30 00:54:44 | Epoch  85/400 | Train Loss 1.9136 Acc 0.2848 | Val Loss 1.7629 Acc 0.3128 AUC 0.6919 Pre 0.2445 Rec 0.2962
2026-08-30 00:54:44 | Diag logvar_q_mean=-0.3777 logvar_q_clamp=0.0000 logvar_p_mean=-0.3769 logvar_p_clamp=0.0000
2026-08-30 00:54:48 | Epoch  86/400 | Train Loss 1.9169 Acc 0.2834 | Val Loss 1.7689 Acc 0.3154 AUC 0.6920 Pre 0.2119 Rec 0.2966
2026-08-30 00:54:48 | Diag logvar_q_mean=-0.3849 logvar_q_clamp=0.0000 logvar_p_mean=-0.3838 logvar_p_clamp=0.0000
2026-08-30 00:54:51 | Epoch  87/400 | Train Loss 1.9130 Acc 0.2831 | Val Loss 1.7619 Acc 0.3134 AUC 0.6925 Pre 0.2311 Rec 0.2968
2026-08-30 00:54:52 | Diag logvar_q_mean=-0.3927 logvar_q_clamp=0.0000 logvar_p_mean=-0.3917 logvar_p_clamp=0.0000
2026-08-30 00:54:55 | Epoch  88/400 | Train Loss 1.9196 Acc 0.2812 | Val Loss 1.7758 Acc 0.3148 AUC 0.6916 Pre 0.2115 Rec 0.2960
2026-08-30 00:54:56 | Diag logvar_q_mean=-0.3996 logvar_q_clamp=0.0000 logvar_p_mean=-0.3986 logvar_p_clamp=0.0000
2026-08-30 00:54:59 | Epoch  89/400 | Train Loss 1.9021 Acc 0.2814 | Val Loss 1.7675 Acc 0.3134 AUC 0.6925 Pre 0.2291 Rec 0.2968
2026-08-30 00:55:00 | Diag logvar_q_mean=-0.4076 logvar_q_clamp=0.0000 logvar_p_mean=-0.4066 logvar_p_clamp=0.0000
2026-08-30 00:55:03 | Epoch  90/400 | Train Loss 1.9079 Acc 0.2836 | Val Loss 1.7601 Acc 0.3154 AUC 0.6921 Pre 0.2114 Rec 0.2966
2026-08-30 00:55:03 | Diag logvar_q_mean=-0.4143 logvar_q_clamp=0.0000 logvar_p_mean=-0.4133 logvar_p_clamp=0.0000
2026-08-30 00:55:07 | Epoch  91/400 | Train Loss 1.9005 Acc 0.2853 | Val Loss 1.7572 Acc 0.3153 AUC 0.6918 Pre 0.2120 Rec 0.2965
2026-08-30 00:55:07 | Diag logvar_q_mean=-0.4218 logvar_q_clamp=0.0000 logvar_p_mean=-0.4208 logvar_p_clamp=0.0000
2026-08-30 00:55:10 | Epoch  92/400 | Train Loss 1.9149 Acc 0.2828 | Val Loss 1.7688 Acc 0.3154 AUC 0.6922 Pre 0.2113 Rec 0.2965
2026-08-30 00:55:11 | Diag logvar_q_mean=-0.4292 logvar_q_clamp=0.0000 logvar_p_mean=-0.4281 logvar_p_clamp=0.0000
2026-08-30 00:55:14 | Epoch  93/400 | Train Loss 1.9065 Acc 0.2828 | Val Loss 1.7859 Acc 0.3157 AUC 0.6923 Pre 0.2114 Rec 0.2968
2026-08-30 00:55:15 | Diag logvar_q_mean=-0.4365 logvar_q_clamp=0.0000 logvar_p_mean=-0.4352 logvar_p_clamp=0.0000
2026-08-30 00:55:18 | Epoch  94/400 | Train Loss 1.9039 Acc 0.2831 | Val Loss 1.7633 Acc 0.3141 AUC 0.6913 Pre 0.2115 Rec 0.2953
2026-08-30 00:55:19 | Diag logvar_q_mean=-0.4431 logvar_q_clamp=0.0000 logvar_p_mean=-0.4423 logvar_p_clamp=0.0000
2026-08-30 00:55:22 | Epoch  95/400 | Train Loss 1.9083 Acc 0.2824 | Val Loss 1.7682 Acc 0.3145 AUC 0.6912 Pre 0.2121 Rec 0.2957
2026-08-30 00:55:23 | Diag logvar_q_mean=-0.4512 logvar_q_clamp=0.0000 logvar_p_mean=-0.4502 logvar_p_clamp=0.0000
2026-08-30 00:55:26 | Epoch  96/400 | Train Loss 1.9078 Acc 0.2851 | Val Loss 1.7663 Acc 0.3155 AUC 0.6922 Pre 0.2115 Rec 0.2967
2026-08-30 00:55:27 | Diag logvar_q_mean=-0.4583 logvar_q_clamp=0.0000 logvar_p_mean=-0.4572 logvar_p_clamp=0.0000
2026-08-30 00:55:30 | Epoch  97/400 | Train Loss 1.9063 Acc 0.2818 | Val Loss 1.7750 Acc 0.3146 AUC 0.6916 Pre 0.2121 Rec 0.2958
2026-08-30 00:55:30 | Diag logvar_q_mean=-0.4658 logvar_q_clamp=0.0000 logvar_p_mean=-0.4647 logvar_p_clamp=0.0000
2026-08-30 00:55:34 | Epoch  98/400 | Train Loss 1.8988 Acc 0.2824 | Val Loss 1.7649 Acc 0.3145 AUC 0.6917 Pre 0.2118 Rec 0.2957
2026-08-30 00:55:34 | Diag logvar_q_mean=-0.4734 logvar_q_clamp=0.0000 logvar_p_mean=-0.4723 logvar_p_clamp=0.0000
2026-08-30 00:55:38 | Epoch  99/400 | Train Loss 1.9064 Acc 0.2850 | Val Loss 1.7723 Acc 0.3086 AUC 0.6919 Pre 0.2209 Rec 0.2959
2026-08-30 00:55:38 | Diag logvar_q_mean=-0.4810 logvar_q_clamp=0.0000 logvar_p_mean=-0.4800 logvar_p_clamp=0.0000
2026-08-30 00:55:42 | Epoch 100/400 | Train Loss 1.8972 Acc 0.2828 | Val Loss 1.7657 Acc 0.3153 AUC 0.6921 Pre 0.2117 Rec 0.2965
2026-08-30 00:55:42 | Diag logvar_q_mean=-0.4885 logvar_q_clamp=0.0000 logvar_p_mean=-0.4875 logvar_p_clamp=0.0000
2026-08-30 00:55:46 | Epoch 101/400 | Train Loss 1.8968 Acc 0.2857 | Val Loss 1.7636 Acc 0.3156 AUC 0.6923 Pre 0.2110 Rec 0.2968
2026-08-30 00:55:46 | Diag logvar_q_mean=-0.4956 logvar_q_clamp=0.0000 logvar_p_mean=-0.4948 logvar_p_clamp=0.0000
2026-08-30 00:55:50 | Epoch 102/400 | Train Loss 1.9011 Acc 0.2839 | Val Loss 1.7659 Acc 0.3128 AUC 0.6917 Pre 0.2117 Rec 0.2963
2026-08-30 00:55:50 | Diag logvar_q_mean=-0.5030 logvar_q_clamp=0.0000 logvar_p_mean=-0.5019 logvar_p_clamp=0.0000
2026-08-30 00:55:53 | Epoch 103/400 | Train Loss 1.8949 Acc 0.2864 | Val Loss 1.7705 Acc 0.3157 AUC 0.6925 Pre 0.2113 Rec 0.2969
2026-08-30 00:55:54 | Diag logvar_q_mean=-0.5104 logvar_q_clamp=0.0000 logvar_p_mean=-0.5095 logvar_p_clamp=0.0000
2026-08-30 00:55:57 | Epoch 104/400 | Train Loss 1.9035 Acc 0.2824 | Val Loss 1.7673 Acc 0.3155 AUC 0.6921 Pre 0.2109 Rec 0.2967
2026-08-30 00:55:58 | Diag logvar_q_mean=-0.5182 logvar_q_clamp=0.0000 logvar_p_mean=-0.5173 logvar_p_clamp=0.0000
2026-08-30 00:56:01 | Epoch 105/400 | Train Loss 1.9046 Acc 0.2836 | Val Loss 1.7731 Acc 0.3153 AUC 0.6925 Pre 0.2117 Rec 0.2965
2026-08-30 00:56:02 | Diag logvar_q_mean=-0.5254 logvar_q_clamp=0.0000 logvar_p_mean=-0.5244 logvar_p_clamp=0.0000
2026-08-30 00:56:05 | Epoch 106/400 | Train Loss 1.8990 Acc 0.2831 | Val Loss 1.7678 Acc 0.3147 AUC 0.6920 Pre 0.2116 Rec 0.2959
2026-08-30 00:56:05 | Diag logvar_q_mean=-0.5329 logvar_q_clamp=0.0000 logvar_p_mean=-0.5320 logvar_p_clamp=0.0000
2026-08-30 00:56:09 | Epoch 107/400 | Train Loss 1.9080 Acc 0.2841 | Val Loss 1.7768 Acc 0.3148 AUC 0.6918 Pre 0.2116 Rec 0.2960
2026-08-30 00:56:09 | Diag logvar_q_mean=-0.5396 logvar_q_clamp=0.0000 logvar_p_mean=-0.5386 logvar_p_clamp=0.0000
2026-08-30 00:56:13 | Epoch 108/400 | Train Loss 1.9001 Acc 0.2860 | Val Loss 1.7648 Acc 0.3151 AUC 0.6921 Pre 0.2117 Rec 0.2963
2026-08-30 00:56:13 | Diag logvar_q_mean=-0.5471 logvar_q_clamp=0.0000 logvar_p_mean=-0.5462 logvar_p_clamp=0.0000
2026-08-30 00:56:16 | Epoch 109/400 | Train Loss 1.9086 Acc 0.2839 | Val Loss 1.7618 Acc 0.3153 AUC 0.6919 Pre 0.2120 Rec 0.2965
2026-08-30 00:56:17 | Diag logvar_q_mean=-0.5547 logvar_q_clamp=0.0000 logvar_p_mean=-0.5537 logvar_p_clamp=0.0000
2026-08-30 00:56:20 | Epoch 110/400 | Train Loss 1.9016 Acc 0.2826 | Val Loss 1.7753 Acc 0.3152 AUC 0.6919 Pre 0.2114 Rec 0.2964
2026-08-30 00:56:21 | Diag logvar_q_mean=-0.5622 logvar_q_clamp=0.0000 logvar_p_mean=-0.5613 logvar_p_clamp=0.0000
2026-08-30 00:56:24 | Epoch 111/400 | Train Loss 1.8999 Acc 0.2835 | Val Loss 1.7709 Acc 0.3152 AUC 0.6916 Pre 0.2114 Rec 0.2964
2026-08-30 00:56:25 | Diag logvar_q_mean=-0.5699 logvar_q_clamp=0.0000 logvar_p_mean=-0.5690 logvar_p_clamp=0.0000
2026-08-30 00:56:28 | Epoch 112/400 | Train Loss 1.8970 Acc 0.2825 | Val Loss 1.7686 Acc 0.3148 AUC 0.6916 Pre 0.2122 Rec 0.2960
2026-08-30 00:56:28 | Diag logvar_q_mean=-0.5767 logvar_q_clamp=0.0000 logvar_p_mean=-0.5757 logvar_p_clamp=0.0000
2026-08-30 00:56:32 | Epoch 113/400 | Train Loss 1.8966 Acc 0.2855 | Val Loss 1.7692 Acc 0.3156 AUC 0.6921 Pre 0.2115 Rec 0.2968
2026-08-30 00:56:32 | Diag logvar_q_mean=-0.5838 logvar_q_clamp=0.0000 logvar_p_mean=-0.5828 logvar_p_clamp=0.0000
2026-08-30 00:56:35 | Epoch 114/400 | Train Loss 1.8946 Acc 0.2820 | Val Loss 1.7745 Acc 0.3151 AUC 0.6916 Pre 0.2118 Rec 0.2963
2026-08-30 00:56:36 | Diag logvar_q_mean=-0.5913 logvar_q_clamp=0.0000 logvar_p_mean=-0.5901 logvar_p_clamp=0.0000
2026-08-30 00:56:39 | Epoch 115/400 | Train Loss 1.8981 Acc 0.2865 | Val Loss 1.7732 Acc 0.3139 AUC 0.6910 Pre 0.2117 Rec 0.2952
2026-08-30 00:56:40 | Diag logvar_q_mean=-0.5984 logvar_q_clamp=0.0000 logvar_p_mean=-0.5974 logvar_p_clamp=0.0000
2026-08-30 00:56:43 | Epoch 116/400 | Train Loss 1.9047 Acc 0.2824 | Val Loss 1.7710 Acc 0.3152 AUC 0.6917 Pre 0.2118 Rec 0.2964
2026-08-30 00:56:44 | Diag logvar_q_mean=-0.6057 logvar_q_clamp=0.0000 logvar_p_mean=-0.6048 logvar_p_clamp=0.0000
2026-08-30 00:56:47 | Epoch 117/400 | Train Loss 1.8883 Acc 0.2839 | Val Loss 1.7714 Acc 0.3156 AUC 0.6917 Pre 0.2118 Rec 0.2967
2026-08-30 00:56:47 | Diag logvar_q_mean=-0.6129 logvar_q_clamp=0.0000 logvar_p_mean=-0.6120 logvar_p_clamp=0.0000
2026-08-30 00:56:51 | Epoch 118/400 | Train Loss 1.8947 Acc 0.2842 | Val Loss 1.7762 Acc 0.3153 AUC 0.6916 Pre 0.2113 Rec 0.2965
2026-08-30 00:56:51 | Diag logvar_q_mean=-0.6201 logvar_q_clamp=0.0000 logvar_p_mean=-0.6192 logvar_p_clamp=0.0000
2026-08-30 00:56:55 | Epoch 119/400 | Train Loss 1.8999 Acc 0.2826 | Val Loss 1.7750 Acc 0.3152 AUC 0.6918 Pre 0.2117 Rec 0.2964
2026-08-30 00:56:55 | Diag logvar_q_mean=-0.6276 logvar_q_clamp=0.0000 logvar_p_mean=-0.6266 logvar_p_clamp=0.0000
2026-08-30 00:56:58 | Epoch 120/400 | Train Loss 1.8916 Acc 0.2852 | Val Loss 1.7769 Acc 0.3148 AUC 0.6918 Pre 0.2113 Rec 0.2960
2026-08-30 00:56:59 | Diag logvar_q_mean=-0.6347 logvar_q_clamp=0.0000 logvar_p_mean=-0.6339 logvar_p_clamp=0.0000
2026-08-30 00:57:02 | Epoch 121/400 | Train Loss 1.8971 Acc 0.2857 | Val Loss 1.7699 Acc 0.3148 AUC 0.6917 Pre 0.2115 Rec 0.2960
2026-08-30 00:57:03 | Diag logvar_q_mean=-0.6414 logvar_q_clamp=0.0000 logvar_p_mean=-0.6404 logvar_p_clamp=0.0000
2026-08-30 00:57:06 | Epoch 122/400 | Train Loss 1.8953 Acc 0.2831 | Val Loss 1.7738 Acc 0.3127 AUC 0.6919 Pre 0.2167 Rec 0.2962
2026-08-30 00:57:06 | Diag logvar_q_mean=-0.6492 logvar_q_clamp=0.0000 logvar_p_mean=-0.6484 logvar_p_clamp=0.0000
2026-08-30 00:57:10 | Epoch 123/400 | Train Loss 1.8950 Acc 0.2829 | Val Loss 1.7695 Acc 0.3150 AUC 0.6920 Pre 0.2115 Rec 0.2962
2026-08-30 00:57:10 | Diag logvar_q_mean=-0.6565 logvar_q_clamp=0.0000 logvar_p_mean=-0.6556 logvar_p_clamp=0.0000
2026-08-30 00:57:14 | Epoch 124/400 | Train Loss 1.8985 Acc 0.2840 | Val Loss 1.7906 Acc 0.3122 AUC 0.6902 Pre 0.2125 Rec 0.2935
2026-08-30 00:57:14 | Diag logvar_q_mean=-0.6637 logvar_q_clamp=0.0000 logvar_p_mean=-0.6628 logvar_p_clamp=0.0000
2026-08-30 00:57:17 | Epoch 125/400 | Train Loss 1.9032 Acc 0.2811 | Val Loss 1.7739 Acc 0.3147 AUC 0.6918 Pre 0.2121 Rec 0.2959
2026-08-30 00:57:18 | Diag logvar_q_mean=-0.6710 logvar_q_clamp=0.0000 logvar_p_mean=-0.6701 logvar_p_clamp=0.0000
2026-08-30 00:57:21 | Epoch 126/400 | Train Loss 1.8979 Acc 0.2823 | Val Loss 1.7652 Acc 0.3154 AUC 0.6918 Pre 0.2122 Rec 0.2966
2026-08-30 00:57:22 | Diag logvar_q_mean=-0.6782 logvar_q_clamp=0.0000 logvar_p_mean=-0.6774 logvar_p_clamp=0.0000
2026-08-30 00:57:25 | Epoch 127/400 | Train Loss 1.8882 Acc 0.2844 | Val Loss 1.7683 Acc 0.3150 AUC 0.6914 Pre 0.2122 Rec 0.2962
2026-08-30 00:57:26 | Diag logvar_q_mean=-0.6857 logvar_q_clamp=0.0000 logvar_p_mean=-0.6848 logvar_p_clamp=0.0000
2026-08-30 00:57:29 | Epoch 128/400 | Train Loss 1.8874 Acc 0.2851 | Val Loss 1.7822 Acc 0.3148 AUC 0.6914 Pre 0.2122 Rec 0.2960
2026-08-30 00:57:30 | Diag logvar_q_mean=-0.6926 logvar_q_clamp=0.0000 logvar_p_mean=-0.6916 logvar_p_clamp=0.0000
2026-08-30 00:57:33 | Epoch 129/400 | Train Loss 1.8889 Acc 0.2846 | Val Loss 1.7717 Acc 0.3148 AUC 0.6913 Pre 0.2117 Rec 0.2960
2026-08-30 00:57:33 | Diag logvar_q_mean=-0.6999 logvar_q_clamp=0.0000 logvar_p_mean=-0.6991 logvar_p_clamp=0.0000
2026-08-30 00:57:37 | Epoch 130/400 | Train Loss 1.8878 Acc 0.2831 | Val Loss 1.7732 Acc 0.3129 AUC 0.6920 Pre 0.2118 Rec 0.2964
2026-08-30 00:57:37 | Diag logvar_q_mean=-0.7070 logvar_q_clamp=0.0000 logvar_p_mean=-0.7061 logvar_p_clamp=0.0000
2026-08-30 00:57:41 | Epoch 131/400 | Train Loss 1.8847 Acc 0.2878 | Val Loss 1.7752 Acc 0.3149 AUC 0.6917 Pre 0.2120 Rec 0.2961
2026-08-30 00:57:41 | Diag logvar_q_mean=-0.7137 logvar_q_clamp=0.0000 logvar_p_mean=-0.7127 logvar_p_clamp=0.0000
2026-08-30 00:57:44 | Epoch 132/400 | Train Loss 1.8763 Acc 0.2890 | Val Loss 1.7871 Acc 0.3149 AUC 0.6916 Pre 0.2118 Rec 0.2961
2026-08-30 00:57:45 | Diag logvar_q_mean=-0.7206 logvar_q_clamp=0.0000 logvar_p_mean=-0.7197 logvar_p_clamp=0.0000
2026-08-30 00:57:49 | Epoch 133/400 | Train Loss 1.8865 Acc 0.2846 | Val Loss 1.7727 Acc 0.3148 AUC 0.6916 Pre 0.2124 Rec 0.2960
2026-08-30 00:57:49 | Diag logvar_q_mean=-0.7279 logvar_q_clamp=0.0000 logvar_p_mean=-0.7269 logvar_p_clamp=0.0000
2026-08-30 00:57:52 | Epoch 134/400 | Train Loss 1.8799 Acc 0.2850 | Val Loss 1.7761 Acc 0.3145 AUC 0.6914 Pre 0.2119 Rec 0.2957
2026-08-30 00:57:53 | Diag logvar_q_mean=-0.7350 logvar_q_clamp=0.0000 logvar_p_mean=-0.7341 logvar_p_clamp=0.0000
2026-08-30 00:57:56 | Epoch 135/400 | Train Loss 1.8798 Acc 0.2859 | Val Loss 1.7813 Acc 0.3152 AUC 0.6919 Pre 0.2117 Rec 0.2964
2026-08-30 00:57:57 | Diag logvar_q_mean=-0.7425 logvar_q_clamp=0.0000 logvar_p_mean=-0.7417 logvar_p_clamp=0.0000
2026-08-30 00:58:00 | Epoch 136/400 | Train Loss 1.8792 Acc 0.2871 | Val Loss 1.7835 Acc 0.3156 AUC 0.6923 Pre 0.2118 Rec 0.2967
2026-08-30 00:58:01 | Diag logvar_q_mean=-0.7496 logvar_q_clamp=0.0000 logvar_p_mean=-0.7486 logvar_p_clamp=0.0000
2026-08-30 00:58:04 | Epoch 137/400 | Train Loss 1.8832 Acc 0.2856 | Val Loss 1.7816 Acc 0.3149 AUC 0.6919 Pre 0.2117 Rec 0.2961
2026-08-30 00:58:04 | Diag logvar_q_mean=-0.7564 logvar_q_clamp=0.0000 logvar_p_mean=-0.7556 logvar_p_clamp=0.0000
2026-08-30 00:58:08 | Epoch 138/400 | Train Loss 1.8814 Acc 0.2838 | Val Loss 1.7807 Acc 0.3142 AUC 0.6909 Pre 0.2123 Rec 0.2955
2026-08-30 00:58:08 | Diag logvar_q_mean=-0.7636 logvar_q_clamp=0.0000 logvar_p_mean=-0.7627 logvar_p_clamp=0.0000
2026-08-30 00:58:12 | Epoch 139/400 | Train Loss 1.8741 Acc 0.2880 | Val Loss 1.7742 Acc 0.3147 AUC 0.6917 Pre 0.2119 Rec 0.2959
2026-08-30 00:58:12 | Diag logvar_q_mean=-0.7699 logvar_q_clamp=0.0000 logvar_p_mean=-0.7691 logvar_p_clamp=0.0000
2026-08-30 00:58:15 | Epoch 140/400 | Train Loss 1.8880 Acc 0.2852 | Val Loss 1.7610 Acc 0.3155 AUC 0.6920 Pre 0.2120 Rec 0.2967
2026-08-30 00:58:16 | Diag logvar_q_mean=-0.7772 logvar_q_clamp=0.0000 logvar_p_mean=-0.7764 logvar_p_clamp=0.0000
2026-08-30 00:58:19 | Epoch 141/400 | Train Loss 1.8802 Acc 0.2872 | Val Loss 1.7767 Acc 0.3150 AUC 0.6914 Pre 0.2117 Rec 0.2962
2026-08-30 00:58:20 | Diag logvar_q_mean=-0.7841 logvar_q_clamp=0.0000 logvar_p_mean=-0.7832 logvar_p_clamp=0.0000
2026-08-30 00:58:23 | Epoch 142/400 | Train Loss 1.8887 Acc 0.2830 | Val Loss 1.7767 Acc 0.3152 AUC 0.6915 Pre 0.2118 Rec 0.2964
2026-08-30 00:58:23 | Diag logvar_q_mean=-0.7912 logvar_q_clamp=0.0000 logvar_p_mean=-0.7903 logvar_p_clamp=0.0000
2026-08-30 00:58:27 | Epoch 143/400 | Train Loss 1.8831 Acc 0.2860 | Val Loss 1.7922 Acc 0.3149 AUC 0.6914 Pre 0.2114 Rec 0.2961
2026-08-30 00:58:27 | Diag logvar_q_mean=-0.7981 logvar_q_clamp=0.0000 logvar_p_mean=-0.7973 logvar_p_clamp=0.0000
2026-08-30 00:58:31 | Epoch 144/400 | Train Loss 1.8770 Acc 0.2848 | Val Loss 1.7775 Acc 0.3151 AUC 0.6916 Pre 0.2118 Rec 0.2963
2026-08-30 00:58:31 | Diag logvar_q_mean=-0.8050 logvar_q_clamp=0.0000 logvar_p_mean=-0.8041 logvar_p_clamp=0.0000
2026-08-30 00:58:35 | Epoch 145/400 | Train Loss 1.8924 Acc 0.2879 | Val Loss 1.7759 Acc 0.3141 AUC 0.6911 Pre 0.2119 Rec 0.2953
2026-08-30 00:58:35 | Diag logvar_q_mean=-0.8122 logvar_q_clamp=0.0000 logvar_p_mean=-0.8113 logvar_p_clamp=0.0000
2026-08-30 00:58:38 | Epoch 146/400 | Train Loss 1.8756 Acc 0.2852 | Val Loss 1.7932 Acc 0.3149 AUC 0.6919 Pre 0.2117 Rec 0.2961
2026-08-30 00:58:39 | Diag logvar_q_mean=-0.8196 logvar_q_clamp=0.0000 logvar_p_mean=-0.8186 logvar_p_clamp=0.0000
2026-08-30 00:58:42 | Epoch 147/400 | Train Loss 1.8762 Acc 0.2864 | Val Loss 1.7855 Acc 0.3150 AUC 0.6917 Pre 0.2115 Rec 0.2962
2026-08-30 00:58:43 | Diag logvar_q_mean=-0.8266 logvar_q_clamp=0.0000 logvar_p_mean=-0.8257 logvar_p_clamp=0.0000
2026-08-30 00:58:46 | Epoch 148/400 | Train Loss 1.8835 Acc 0.2847 | Val Loss 1.7834 Acc 0.3150 AUC 0.6916 Pre 0.2115 Rec 0.2962
2026-08-30 00:58:47 | Diag logvar_q_mean=-0.8334 logvar_q_clamp=0.0000 logvar_p_mean=-0.8325 logvar_p_clamp=0.0000
2026-08-30 00:58:50 | Epoch 149/400 | Train Loss 1.8795 Acc 0.2850 | Val Loss 1.7893 Acc 0.3136 AUC 0.6916 Pre 0.2118 Rec 0.2949
2026-08-30 00:58:51 | Diag logvar_q_mean=-0.8402 logvar_q_clamp=0.0000 logvar_p_mean=-0.8393 logvar_p_clamp=0.0000
2026-08-30 00:58:54 | Epoch 150/400 | Train Loss 1.8827 Acc 0.2849 | Val Loss 1.8094 Acc 0.3128 AUC 0.6916 Pre 0.2265 Rec 0.2962
2026-08-30 00:58:54 | Diag logvar_q_mean=-0.8472 logvar_q_clamp=0.0000 logvar_p_mean=-0.8462 logvar_p_clamp=0.0000
2026-08-30 00:58:58 | Epoch 151/400 | Train Loss 1.8912 Acc 0.2828 | Val Loss 1.7990 Acc 0.3152 AUC 0.6918 Pre 0.2117 Rec 0.2964
2026-08-30 00:58:58 | Diag logvar_q_mean=-0.8540 logvar_q_clamp=0.0000 logvar_p_mean=-0.8531 logvar_p_clamp=0.0000
2026-08-30 00:59:01 | Epoch 152/400 | Train Loss 1.8739 Acc 0.2866 | Val Loss 1.7932 Acc 0.3149 AUC 0.6915 Pre 0.2117 Rec 0.2961
2026-08-30 00:59:02 | Diag logvar_q_mean=-0.8609 logvar_q_clamp=0.0000 logvar_p_mean=-0.8601 logvar_p_clamp=0.0000
2026-08-30 00:59:05 | Epoch 153/400 | Train Loss 1.8705 Acc 0.2880 | Val Loss 1.7807 Acc 0.3135 AUC 0.6914 Pre 0.2119 Rec 0.2948
2026-08-30 00:59:06 | Diag logvar_q_mean=-0.8676 logvar_q_clamp=0.0000 logvar_p_mean=-0.8668 logvar_p_clamp=0.0000
2026-08-30 00:59:09 | Epoch 154/400 | Train Loss 1.8816 Acc 0.2852 | Val Loss 1.7838 Acc 0.3155 AUC 0.6923 Pre 0.2116 Rec 0.2967
2026-08-30 00:59:10 | Diag logvar_q_mean=-0.8748 logvar_q_clamp=0.0000 logvar_p_mean=-0.8739 logvar_p_clamp=0.0000
2026-08-30 00:59:13 | Epoch 155/400 | Train Loss 1.8724 Acc 0.2870 | Val Loss 1.7874 Acc 0.3145 AUC 0.6914 Pre 0.2116 Rec 0.2957
2026-08-30 00:59:14 | Diag logvar_q_mean=-0.8816 logvar_q_clamp=0.0000 logvar_p_mean=-0.8807 logvar_p_clamp=0.0000
2026-08-30 00:59:17 | Epoch 156/400 | Train Loss 1.8827 Acc 0.2846 | Val Loss 1.7889 Acc 0.3149 AUC 0.6918 Pre 0.2117 Rec 0.2961
2026-08-30 00:59:17 | Diag logvar_q_mean=-0.8885 logvar_q_clamp=0.0000 logvar_p_mean=-0.8876 logvar_p_clamp=0.0000
2026-08-30 00:59:21 | Epoch 157/400 | Train Loss 1.8745 Acc 0.2855 | Val Loss 1.7683 Acc 0.3120 AUC 0.6915 Pre 0.2120 Rec 0.2955
2026-08-30 00:59:21 | Diag logvar_q_mean=-0.8963 logvar_q_clamp=0.0000 logvar_p_mean=-0.8954 logvar_p_clamp=0.0000
2026-08-30 00:59:25 | Epoch 158/400 | Train Loss 1.8678 Acc 0.2854 | Val Loss 1.7729 Acc 0.3125 AUC 0.6916 Pre 0.2417 Rec 0.2960
2026-08-30 00:59:25 | Diag logvar_q_mean=-0.9031 logvar_q_clamp=0.0000 logvar_p_mean=-0.9022 logvar_p_clamp=0.0000
2026-08-30 00:59:29 | Epoch 159/400 | Train Loss 1.8838 Acc 0.2842 | Val Loss 1.7704 Acc 0.3153 AUC 0.6919 Pre 0.2119 Rec 0.2965
2026-08-30 00:59:29 | Diag logvar_q_mean=-0.9096 logvar_q_clamp=0.0000 logvar_p_mean=-0.9087 logvar_p_clamp=0.0000
2026-08-30 00:59:32 | Epoch 160/400 | Train Loss 1.8695 Acc 0.2869 | Val Loss 1.7872 Acc 0.3128 AUC 0.6920 Pre 0.2116 Rec 0.2962
2026-08-30 00:59:33 | Diag logvar_q_mean=-0.9163 logvar_q_clamp=0.0000 logvar_p_mean=-0.9155 logvar_p_clamp=0.0000
2026-08-30 00:59:36 | Epoch 161/400 | Train Loss 1.8821 Acc 0.2868 | Val Loss 1.7936 Acc 0.3143 AUC 0.6915 Pre 0.2121 Rec 0.2955
2026-08-30 00:59:37 | Diag logvar_q_mean=-0.9228 logvar_q_clamp=0.0000 logvar_p_mean=-0.9218 logvar_p_clamp=0.0000
2026-08-30 00:59:40 | Epoch 162/400 | Train Loss 1.8828 Acc 0.2854 | Val Loss 1.7789 Acc 0.3152 AUC 0.6920 Pre 0.2119 Rec 0.2964
2026-08-30 00:59:41 | Diag logvar_q_mean=-0.9294 logvar_q_clamp=0.0000 logvar_p_mean=-0.9284 logvar_p_clamp=0.0000
2026-08-30 00:59:44 | Epoch 163/400 | Train Loss 1.8710 Acc 0.2866 | Val Loss 1.7709 Acc 0.3154 AUC 0.6920 Pre 0.2120 Rec 0.2965
2026-08-30 00:59:45 | Diag logvar_q_mean=-0.9362 logvar_q_clamp=0.0000 logvar_p_mean=-0.9353 logvar_p_clamp=0.0000
2026-08-30 00:59:48 | Epoch 164/400 | Train Loss 1.8760 Acc 0.2855 | Val Loss 1.7884 Acc 0.3142 AUC 0.6910 Pre 0.2121 Rec 0.2954
2026-08-30 00:59:48 | Diag logvar_q_mean=-0.9433 logvar_q_clamp=0.0000 logvar_p_mean=-0.9423 logvar_p_clamp=0.0000
2026-08-30 00:59:52 | Epoch 165/400 | Train Loss 1.8688 Acc 0.2877 | Val Loss 1.7869 Acc 0.3127 AUC 0.6917 Pre 0.2118 Rec 0.2961
2026-08-30 00:59:52 | Diag logvar_q_mean=-0.9500 logvar_q_clamp=0.0000 logvar_p_mean=-0.9491 logvar_p_clamp=0.0000
2026-08-30 00:59:56 | Epoch 166/400 | Train Loss 1.8752 Acc 0.2858 | Val Loss 1.7728 Acc 0.3146 AUC 0.6917 Pre 0.2125 Rec 0.2958
2026-08-30 00:59:56 | Diag logvar_q_mean=-0.9569 logvar_q_clamp=0.0000 logvar_p_mean=-0.9559 logvar_p_clamp=0.0000
2026-08-30 00:59:59 | Epoch 167/400 | Train Loss 1.8750 Acc 0.2878 | Val Loss 1.7704 Acc 0.3129 AUC 0.6920 Pre 0.2117 Rec 0.2964
2026-08-30 01:00:00 | Diag logvar_q_mean=-0.9630 logvar_q_clamp=0.0000 logvar_p_mean=-0.9621 logvar_p_clamp=0.0000
2026-08-30 01:00:03 | Epoch 168/400 | Train Loss 1.8762 Acc 0.2865 | Val Loss 1.7649 Acc 0.3152 AUC 0.6914 Pre 0.2122 Rec 0.2964
2026-08-30 01:00:04 | Diag logvar_q_mean=-0.9697 logvar_q_clamp=0.0000 logvar_p_mean=-0.9688 logvar_p_clamp=0.0000
2026-08-30 01:00:07 | Epoch 169/400 | Train Loss 1.8699 Acc 0.2872 | Val Loss 1.7836 Acc 0.3153 AUC 0.6918 Pre 0.2117 Rec 0.2965
2026-08-30 01:00:08 | Diag logvar_q_mean=-0.9765 logvar_q_clamp=0.0000 logvar_p_mean=-0.9757 logvar_p_clamp=0.0000
2026-08-30 01:00:11 | Epoch 170/400 | Train Loss 1.8785 Acc 0.2858 | Val Loss 1.7763 Acc 0.3141 AUC 0.6914 Pre 0.2623 Rec 0.2954
2026-08-30 01:00:11 | Diag logvar_q_mean=-0.9833 logvar_q_clamp=0.0000 logvar_p_mean=-0.9824 logvar_p_clamp=0.0000
2026-08-30 01:00:15 | Epoch 171/400 | Train Loss 1.8807 Acc 0.2858 | Val Loss 1.7942 Acc 0.3145 AUC 0.6918 Pre 0.2117 Rec 0.2957
2026-08-30 01:00:15 | Diag logvar_q_mean=-0.9895 logvar_q_clamp=0.0000 logvar_p_mean=-0.9885 logvar_p_clamp=0.0000
2026-08-30 01:00:18 | Epoch 172/400 | Train Loss 1.8760 Acc 0.2851 | Val Loss 1.7960 Acc 0.3153 AUC 0.6920 Pre 0.2115 Rec 0.2964
2026-08-30 01:00:19 | Diag logvar_q_mean=-0.9967 logvar_q_clamp=0.0000 logvar_p_mean=-0.9958 logvar_p_clamp=0.0000
2026-08-30 01:00:22 | Epoch 173/400 | Train Loss 1.8743 Acc 0.2872 | Val Loss 1.7822 Acc 0.3155 AUC 0.6919 Pre 0.2118 Rec 0.2967
2026-08-30 01:00:23 | Diag logvar_q_mean=-1.0031 logvar_q_clamp=0.0000 logvar_p_mean=-1.0022 logvar_p_clamp=0.0000
2026-08-30 01:00:26 | Epoch 174/400 | Train Loss 1.8802 Acc 0.2871 | Val Loss 1.7789 Acc 0.3152 AUC 0.6917 Pre 0.2117 Rec 0.2964
2026-08-30 01:00:27 | Diag logvar_q_mean=-1.0097 logvar_q_clamp=0.0000 logvar_p_mean=-1.0088 logvar_p_clamp=0.0000
2026-08-30 01:00:30 | Epoch 175/400 | Train Loss 1.8766 Acc 0.2861 | Val Loss 1.7714 Acc 0.3153 AUC 0.6919 Pre 0.2117 Rec 0.2964
2026-08-30 01:00:30 | Diag logvar_q_mean=-1.0164 logvar_q_clamp=0.0000 logvar_p_mean=-1.0155 logvar_p_clamp=0.0000
2026-08-30 01:00:34 | Epoch 176/400 | Train Loss 1.8861 Acc 0.2827 | Val Loss 1.7751 Acc 0.3154 AUC 0.6919 Pre 0.2119 Rec 0.2966
2026-08-30 01:00:34 | Diag logvar_q_mean=-1.0231 logvar_q_clamp=0.0000 logvar_p_mean=-1.0223 logvar_p_clamp=0.0000
2026-08-30 01:00:38 | Epoch 177/400 | Train Loss 1.8777 Acc 0.2842 | Val Loss 1.7785 Acc 0.3146 AUC 0.6918 Pre 0.2120 Rec 0.2958
2026-08-30 01:00:38 | Diag logvar_q_mean=-1.0294 logvar_q_clamp=0.0000 logvar_p_mean=-1.0286 logvar_p_clamp=0.0000
2026-08-30 01:00:41 | Epoch 178/400 | Train Loss 1.8848 Acc 0.2879 | Val Loss 1.7795 Acc 0.3147 AUC 0.6918 Pre 0.2119 Rec 0.2959
2026-08-30 01:00:42 | Diag logvar_q_mean=-1.0355 logvar_q_clamp=0.0000 logvar_p_mean=-1.0347 logvar_p_clamp=0.0000
2026-08-30 01:00:45 | Epoch 179/400 | Train Loss 1.8756 Acc 0.2842 | Val Loss 1.7826 Acc 0.3149 AUC 0.6913 Pre 0.2117 Rec 0.2961
2026-08-30 01:00:46 | Diag logvar_q_mean=-1.0424 logvar_q_clamp=0.0000 logvar_p_mean=-1.0415 logvar_p_clamp=0.0000
2026-08-30 01:00:49 | Epoch 180/400 | Train Loss 1.8770 Acc 0.2870 | Val Loss 1.7892 Acc 0.3145 AUC 0.6916 Pre 0.2117 Rec 0.2957
2026-08-30 01:00:49 | Diag logvar_q_mean=-1.0487 logvar_q_clamp=0.0000 logvar_p_mean=-1.0478 logvar_p_clamp=0.0000
2026-08-30 01:00:53 | Epoch 181/400 | Train Loss 1.8711 Acc 0.2877 | Val Loss 1.7926 Acc 0.3148 AUC 0.6920 Pre 0.2113 Rec 0.2960
2026-08-30 01:00:53 | Diag logvar_q_mean=-1.0549 logvar_q_clamp=0.0000 logvar_p_mean=-1.0540 logvar_p_clamp=0.0000
2026-08-30 01:00:57 | Epoch 182/400 | Train Loss 1.8764 Acc 0.2865 | Val Loss 1.7881 Acc 0.3123 AUC 0.6903 Pre 0.2125 Rec 0.2938
2026-08-30 01:00:57 | Diag logvar_q_mean=-1.0616 logvar_q_clamp=0.0000 logvar_p_mean=-1.0606 logvar_p_clamp=0.0000
2026-08-30 01:01:00 | Epoch 183/400 | Train Loss 1.8842 Acc 0.2849 | Val Loss 1.7928 Acc 0.3147 AUC 0.6915 Pre 0.2115 Rec 0.2959
2026-08-30 01:01:01 | Diag logvar_q_mean=-1.0681 logvar_q_clamp=0.0000 logvar_p_mean=-1.0672 logvar_p_clamp=0.0000
2026-08-30 01:01:04 | Epoch 184/400 | Train Loss 1.8760 Acc 0.2863 | Val Loss 1.8213 Acc 0.3144 AUC 0.6916 Pre 0.2117 Rec 0.2956
2026-08-30 01:01:05 | Diag logvar_q_mean=-1.0748 logvar_q_clamp=0.0000 logvar_p_mean=-1.0739 logvar_p_clamp=0.0000
2026-08-30 01:01:08 | Epoch 185/400 | Train Loss 1.8835 Acc 0.2827 | Val Loss 1.8145 Acc 0.3134 AUC 0.6904 Pre 0.2118 Rec 0.2946
2026-08-30 01:01:09 | Diag logvar_q_mean=-1.0812 logvar_q_clamp=0.0000 logvar_p_mean=-1.0803 logvar_p_clamp=0.0000
2026-08-30 01:01:12 | Epoch 186/400 | Train Loss 1.8857 Acc 0.2849 | Val Loss 1.7741 Acc 0.3147 AUC 0.6914 Pre 0.2123 Rec 0.2959
2026-08-30 01:01:12 | Diag logvar_q_mean=-1.0877 logvar_q_clamp=0.0000 logvar_p_mean=-1.0868 logvar_p_clamp=0.0000
2026-08-30 01:01:16 | Epoch 187/400 | Train Loss 1.8848 Acc 0.2857 | Val Loss 1.8150 Acc 0.3152 AUC 0.6919 Pre 0.2115 Rec 0.2964
2026-08-30 01:01:16 | Diag logvar_q_mean=-1.0940 logvar_q_clamp=0.0000 logvar_p_mean=-1.0932 logvar_p_clamp=0.0000
2026-08-30 01:01:20 | Epoch 188/400 | Train Loss 1.8769 Acc 0.2853 | Val Loss 1.7921 Acc 0.3152 AUC 0.6919 Pre 0.2117 Rec 0.2964
2026-08-30 01:01:20 | Diag logvar_q_mean=-1.1006 logvar_q_clamp=0.0000 logvar_p_mean=-1.0997 logvar_p_clamp=0.0000
2026-08-30 01:01:23 | Epoch 189/400 | Train Loss 1.8764 Acc 0.2858 | Val Loss 1.8053 Acc 0.3155 AUC 0.6917 Pre 0.2114 Rec 0.2967
2026-08-30 01:01:24 | Diag logvar_q_mean=-1.1069 logvar_q_clamp=0.0000 logvar_p_mean=-1.1060 logvar_p_clamp=0.0000
2026-08-30 01:01:27 | Epoch 190/400 | Train Loss 1.8743 Acc 0.2845 | Val Loss 1.8036 Acc 0.3153 AUC 0.6915 Pre 0.2116 Rec 0.2965
2026-08-30 01:01:28 | Diag logvar_q_mean=-1.1131 logvar_q_clamp=0.0000 logvar_p_mean=-1.1122 logvar_p_clamp=0.0000
2026-08-30 01:01:31 | Epoch 191/400 | Train Loss 1.8753 Acc 0.2845 | Val Loss 1.7916 Acc 0.3154 AUC 0.6921 Pre 0.2118 Rec 0.2966
2026-08-30 01:01:32 | Diag logvar_q_mean=-1.1197 logvar_q_clamp=0.0000 logvar_p_mean=-1.1188 logvar_p_clamp=0.0000
2026-08-30 01:01:35 | Epoch 192/400 | Train Loss 1.8833 Acc 0.2850 | Val Loss 1.8027 Acc 0.3154 AUC 0.6920 Pre 0.2116 Rec 0.2966
2026-08-30 01:01:36 | Diag logvar_q_mean=-1.1262 logvar_q_clamp=0.0000 logvar_p_mean=-1.1253 logvar_p_clamp=0.0000
2026-08-30 01:01:39 | Epoch 193/400 | Train Loss 1.8841 Acc 0.2860 | Val Loss 1.7899 Acc 0.3153 AUC 0.6919 Pre 0.2115 Rec 0.2965
2026-08-30 01:01:39 | Diag logvar_q_mean=-1.1323 logvar_q_clamp=0.0000 logvar_p_mean=-1.1314 logvar_p_clamp=0.0000
2026-08-30 01:01:43 | Epoch 194/400 | Train Loss 1.8687 Acc 0.2870 | Val Loss 1.7722 Acc 0.3155 AUC 0.6917 Pre 0.2120 Rec 0.2967
2026-08-30 01:01:43 | Diag logvar_q_mean=-1.1383 logvar_q_clamp=0.0000 logvar_p_mean=-1.1375 logvar_p_clamp=0.0000
2026-08-30 01:01:46 | Epoch 195/400 | Train Loss 1.8801 Acc 0.2886 | Val Loss 1.7813 Acc 0.3144 AUC 0.6913 Pre 0.2123 Rec 0.2956
2026-08-30 01:01:47 | Diag logvar_q_mean=-1.1443 logvar_q_clamp=0.0000 logvar_p_mean=-1.1433 logvar_p_clamp=0.0000
2026-08-30 01:01:50 | Epoch 196/400 | Train Loss 1.8748 Acc 0.2869 | Val Loss 1.7901 Acc 0.3149 AUC 0.6917 Pre 0.2115 Rec 0.2961
2026-08-30 01:01:51 | Diag logvar_q_mean=-1.1509 logvar_q_clamp=0.0000 logvar_p_mean=-1.1501 logvar_p_clamp=0.0000
2026-08-30 01:01:54 | Epoch 197/400 | Train Loss 1.8845 Acc 0.2853 | Val Loss 1.8064 Acc 0.3147 AUC 0.6917 Pre 0.2117 Rec 0.2959
2026-08-30 01:01:55 | Diag logvar_q_mean=-1.1576 logvar_q_clamp=0.0000 logvar_p_mean=-1.1567 logvar_p_clamp=0.0000
2026-08-30 01:01:58 | Epoch 198/400 | Train Loss 1.8744 Acc 0.2869 | Val Loss 1.7839 Acc 0.3148 AUC 0.6918 Pre 0.2117 Rec 0.2960
2026-08-30 01:01:58 | Diag logvar_q_mean=-1.1632 logvar_q_clamp=0.0000 logvar_p_mean=-1.1624 logvar_p_clamp=0.0000
2026-08-30 01:02:02 | Epoch 199/400 | Train Loss 1.8867 Acc 0.2855 | Val Loss 1.7834 Acc 0.3151 AUC 0.6918 Pre 0.2118 Rec 0.2963
2026-08-30 01:02:02 | Diag logvar_q_mean=-1.1698 logvar_q_clamp=0.0000 logvar_p_mean=-1.1689 logvar_p_clamp=0.0000
2026-08-30 01:02:05 | Epoch 200/400 | Train Loss 1.8750 Acc 0.2850 | Val Loss 1.7836 Acc 0.3148 AUC 0.6918 Pre 0.2114 Rec 0.2960
2026-08-30 01:02:06 | Diag logvar_q_mean=-1.1757 logvar_q_clamp=0.0000 logvar_p_mean=-1.1749 logvar_p_clamp=0.0000
2026-08-30 01:02:09 | Epoch 201/400 | Train Loss 1.8776 Acc 0.2848 | Val Loss 1.7854 Acc 0.3137 AUC 0.6908 Pre 0.2122 Rec 0.2950
2026-08-30 01:02:10 | Diag logvar_q_mean=-1.1824 logvar_q_clamp=0.0000 logvar_p_mean=-1.1815 logvar_p_clamp=0.0000
2026-08-30 01:02:13 | Epoch 202/400 | Train Loss 1.8772 Acc 0.2858 | Val Loss 1.7780 Acc 0.3148 AUC 0.6914 Pre 0.2118 Rec 0.2960
2026-08-30 01:02:14 | Diag logvar_q_mean=-1.1885 logvar_q_clamp=0.0000 logvar_p_mean=-1.1877 logvar_p_clamp=0.0000
2026-08-30 01:02:17 | Epoch 203/400 | Train Loss 1.8740 Acc 0.2880 | Val Loss 1.7879 Acc 0.3150 AUC 0.6916 Pre 0.2117 Rec 0.2962
2026-08-30 01:02:17 | Diag logvar_q_mean=-1.1949 logvar_q_clamp=0.0000 logvar_p_mean=-1.1941 logvar_p_clamp=0.0000
2026-08-30 01:02:21 | Epoch 204/400 | Train Loss 1.8713 Acc 0.2861 | Val Loss 1.7945 Acc 0.3139 AUC 0.6910 Pre 0.2117 Rec 0.2951
2026-08-30 01:02:21 | Diag logvar_q_mean=-1.2012 logvar_q_clamp=0.0000 logvar_p_mean=-1.2004 logvar_p_clamp=0.0000
2026-08-30 01:02:24 | Epoch 205/400 | Train Loss 1.8727 Acc 0.2847 | Val Loss 1.7848 Acc 0.3150 AUC 0.6917 Pre 0.2121 Rec 0.2962
2026-08-30 01:02:25 | Diag logvar_q_mean=-1.2077 logvar_q_clamp=0.0000 logvar_p_mean=-1.2069 logvar_p_clamp=0.0000
2026-08-30 01:02:28 | Epoch 206/400 | Train Loss 1.8733 Acc 0.2862 | Val Loss 1.7883 Acc 0.3149 AUC 0.6919 Pre 0.2122 Rec 0.2961
2026-08-30 01:02:29 | Diag logvar_q_mean=-1.2136 logvar_q_clamp=0.0000 logvar_p_mean=-1.2127 logvar_p_clamp=0.0000
2026-08-30 01:02:32 | Epoch 207/400 | Train Loss 1.8737 Acc 0.2858 | Val Loss 1.7914 Acc 0.3145 AUC 0.6917 Pre 0.2119 Rec 0.2957
2026-08-30 01:02:33 | Diag logvar_q_mean=-1.2199 logvar_q_clamp=0.0000 logvar_p_mean=-1.2189 logvar_p_clamp=0.0000
2026-08-30 01:02:36 | Epoch 208/400 | Train Loss 1.8725 Acc 0.2863 | Val Loss 1.7891 Acc 0.3142 AUC 0.6914 Pre 0.2120 Rec 0.2954
2026-08-30 01:02:37 | Diag logvar_q_mean=-1.2257 logvar_q_clamp=0.0000 logvar_p_mean=-1.2248 logvar_p_clamp=0.0000
2026-08-30 01:02:40 | Epoch 209/400 | Train Loss 1.8812 Acc 0.2871 | Val Loss 1.7987 Acc 0.3147 AUC 0.6916 Pre 0.2122 Rec 0.2959
2026-08-30 01:02:40 | Diag logvar_q_mean=-1.2316 logvar_q_clamp=0.0000 logvar_p_mean=-1.2306 logvar_p_clamp=0.0000
2026-08-30 01:02:44 | Epoch 210/400 | Train Loss 1.8770 Acc 0.2873 | Val Loss 1.7801 Acc 0.3151 AUC 0.6918 Pre 0.2121 Rec 0.2963
2026-08-30 01:02:44 | Diag logvar_q_mean=-1.2378 logvar_q_clamp=0.0000 logvar_p_mean=-1.2369 logvar_p_clamp=0.0000
2026-08-30 01:02:47 | Epoch 211/400 | Train Loss 1.8747 Acc 0.2870 | Val Loss 1.7903 Acc 0.3147 AUC 0.6916 Pre 0.2121 Rec 0.2959
2026-08-30 01:02:48 | Diag logvar_q_mean=-1.2438 logvar_q_clamp=0.0000 logvar_p_mean=-1.2429 logvar_p_clamp=0.0000
2026-08-30 01:02:51 | Epoch 212/400 | Train Loss 1.8720 Acc 0.2867 | Val Loss 1.7811 Acc 0.3150 AUC 0.6917 Pre 0.2121 Rec 0.2962
2026-08-30 01:02:52 | Diag logvar_q_mean=-1.2503 logvar_q_clamp=0.0000 logvar_p_mean=-1.2494 logvar_p_clamp=0.0000
2026-08-30 01:02:55 | Epoch 213/400 | Train Loss 1.8842 Acc 0.2849 | Val Loss 1.8078 Acc 0.3147 AUC 0.6915 Pre 0.2124 Rec 0.2959
2026-08-30 01:02:55 | Diag logvar_q_mean=-1.2566 logvar_q_clamp=0.0000 logvar_p_mean=-1.2554 logvar_p_clamp=0.0000
2026-08-30 01:02:59 | Epoch 214/400 | Train Loss 1.8817 Acc 0.2844 | Val Loss 1.7992 Acc 0.3137 AUC 0.6910 Pre 0.2123 Rec 0.2949
2026-08-30 01:02:59 | Diag logvar_q_mean=-1.2625 logvar_q_clamp=0.0000 logvar_p_mean=-1.2615 logvar_p_clamp=0.0000
2026-08-30 01:03:03 | Epoch 215/400 | Train Loss 1.8765 Acc 0.2868 | Val Loss 1.7956 Acc 0.3143 AUC 0.6911 Pre 0.2121 Rec 0.2955
2026-08-30 01:03:03 | Diag logvar_q_mean=-1.2683 logvar_q_clamp=0.0000 logvar_p_mean=-1.2675 logvar_p_clamp=0.0000
2026-08-30 01:03:06 | Epoch 216/400 | Train Loss 1.8753 Acc 0.2855 | Val Loss 1.7992 Acc 0.3149 AUC 0.6916 Pre 0.2119 Rec 0.2961
2026-08-30 01:03:07 | Diag logvar_q_mean=-1.2743 logvar_q_clamp=0.0000 logvar_p_mean=-1.2735 logvar_p_clamp=0.0000
2026-08-30 01:03:10 | Epoch 217/400 | Train Loss 1.8791 Acc 0.2836 | Val Loss 1.7956 Acc 0.3149 AUC 0.6916 Pre 0.2120 Rec 0.2961
2026-08-30 01:03:11 | Diag logvar_q_mean=-1.2806 logvar_q_clamp=0.0000 logvar_p_mean=-1.2796 logvar_p_clamp=0.0000
2026-08-30 01:03:14 | Epoch 218/400 | Train Loss 1.8789 Acc 0.2834 | Val Loss 1.7813 Acc 0.3147 AUC 0.6915 Pre 0.2123 Rec 0.2959
2026-08-30 01:03:15 | Diag logvar_q_mean=-1.2867 logvar_q_clamp=0.0000 logvar_p_mean=-1.2858 logvar_p_clamp=0.0000
2026-08-30 01:03:18 | Epoch 219/400 | Train Loss 1.8715 Acc 0.2876 | Val Loss 1.7878 Acc 0.3140 AUC 0.6915 Pre 0.2117 Rec 0.2952
2026-08-30 01:03:18 | Diag logvar_q_mean=-1.2923 logvar_q_clamp=0.0000 logvar_p_mean=-1.2914 logvar_p_clamp=0.0000
2026-08-30 01:03:22 | Epoch 220/400 | Train Loss 1.8702 Acc 0.2858 | Val Loss 1.7990 Acc 0.3133 AUC 0.6905 Pre 0.2120 Rec 0.2945
2026-08-30 01:03:22 | Diag logvar_q_mean=-1.2982 logvar_q_clamp=0.0000 logvar_p_mean=-1.2974 logvar_p_clamp=0.0000
2026-08-30 01:03:25 | Epoch 221/400 | Train Loss 1.8766 Acc 0.2850 | Val Loss 1.7872 Acc 0.3146 AUC 0.6915 Pre 0.2121 Rec 0.2958
2026-08-30 01:03:26 | Diag logvar_q_mean=-1.3046 logvar_q_clamp=0.0000 logvar_p_mean=-1.3036 logvar_p_clamp=0.0000
2026-08-30 01:03:29 | Epoch 222/400 | Train Loss 1.8736 Acc 0.2859 | Val Loss 1.7969 Acc 0.3146 AUC 0.6915 Pre 0.2118 Rec 0.2958
2026-08-30 01:03:30 | Diag logvar_q_mean=-1.3100 logvar_q_clamp=0.0000 logvar_p_mean=-1.3090 logvar_p_clamp=0.0000
2026-08-30 01:03:33 | Epoch 223/400 | Train Loss 1.8793 Acc 0.2851 | Val Loss 1.7849 Acc 0.3148 AUC 0.6915 Pre 0.2120 Rec 0.2960
2026-08-30 01:03:34 | Diag logvar_q_mean=-1.3158 logvar_q_clamp=0.0000 logvar_p_mean=-1.3150 logvar_p_clamp=0.0000
2026-08-30 01:03:37 | Epoch 224/400 | Train Loss 1.8837 Acc 0.2831 | Val Loss 1.7822 Acc 0.3138 AUC 0.6912 Pre 0.2123 Rec 0.2950
2026-08-30 01:03:37 | Diag logvar_q_mean=-1.3218 logvar_q_clamp=0.0000 logvar_p_mean=-1.3210 logvar_p_clamp=0.0000
2026-08-30 01:03:41 | Epoch 225/400 | Train Loss 1.8676 Acc 0.2891 | Val Loss 1.7837 Acc 0.3144 AUC 0.6914 Pre 0.2123 Rec 0.2956
2026-08-30 01:03:41 | Diag logvar_q_mean=-1.3273 logvar_q_clamp=0.0000 logvar_p_mean=-1.3264 logvar_p_clamp=0.0000
2026-08-30 01:03:45 | Epoch 226/400 | Train Loss 1.8732 Acc 0.2868 | Val Loss 1.7849 Acc 0.3147 AUC 0.6914 Pre 0.2124 Rec 0.2959
2026-08-30 01:03:45 | Diag logvar_q_mean=-1.3335 logvar_q_clamp=0.0000 logvar_p_mean=-1.3326 logvar_p_clamp=0.0000
2026-08-30 01:03:48 | Epoch 227/400 | Train Loss 1.8738 Acc 0.2867 | Val Loss 1.7725 Acc 0.3150 AUC 0.6916 Pre 0.2121 Rec 0.2962
2026-08-30 01:03:49 | Diag logvar_q_mean=-1.3393 logvar_q_clamp=0.0000 logvar_p_mean=-1.3384 logvar_p_clamp=0.0000
2026-08-30 01:03:52 | Epoch 228/400 | Train Loss 1.8905 Acc 0.2857 | Val Loss 1.7891 Acc 0.3149 AUC 0.6914 Pre 0.2122 Rec 0.2961
2026-08-30 01:03:53 | Diag logvar_q_mean=-1.3451 logvar_q_clamp=0.0000 logvar_p_mean=-1.3442 logvar_p_clamp=0.0000
2026-08-30 01:03:56 | Epoch 229/400 | Train Loss 1.8784 Acc 0.2866 | Val Loss 1.7790 Acc 0.3151 AUC 0.6913 Pre 0.2118 Rec 0.2963
2026-08-30 01:03:57 | Diag logvar_q_mean=-1.3510 logvar_q_clamp=0.0000 logvar_p_mean=-1.3501 logvar_p_clamp=0.0000
2026-08-30 01:04:00 | Epoch 230/400 | Train Loss 1.8764 Acc 0.2848 | Val Loss 1.7752 Acc 0.3152 AUC 0.6914 Pre 0.2121 Rec 0.2964
2026-08-30 01:04:00 | Diag logvar_q_mean=-1.3570 logvar_q_clamp=0.0000 logvar_p_mean=-1.3561 logvar_p_clamp=0.0000
2026-08-30 01:04:04 | Epoch 231/400 | Train Loss 1.8816 Acc 0.2832 | Val Loss 1.7739 Acc 0.3148 AUC 0.6912 Pre 0.2124 Rec 0.2960
2026-08-30 01:04:04 | Diag logvar_q_mean=-1.3629 logvar_q_clamp=0.0000 logvar_p_mean=-1.3621 logvar_p_clamp=0.0000
2026-08-30 01:04:08 | Epoch 232/400 | Train Loss 1.8820 Acc 0.2840 | Val Loss 1.7889 Acc 0.3144 AUC 0.6912 Pre 0.2120 Rec 0.2957
2026-08-30 01:04:08 | Diag logvar_q_mean=-1.3687 logvar_q_clamp=0.0000 logvar_p_mean=-1.3679 logvar_p_clamp=0.0000
2026-08-30 01:04:11 | Epoch 233/400 | Train Loss 1.8764 Acc 0.2834 | Val Loss 1.7803 Acc 0.3145 AUC 0.6915 Pre 0.2120 Rec 0.2957
2026-08-30 01:04:12 | Diag logvar_q_mean=-1.3742 logvar_q_clamp=0.0000 logvar_p_mean=-1.3733 logvar_p_clamp=0.0000
2026-08-30 01:04:15 | Epoch 234/400 | Train Loss 1.8799 Acc 0.2869 | Val Loss 1.7903 Acc 0.3137 AUC 0.6906 Pre 0.2123 Rec 0.2949
2026-08-30 01:04:16 | Diag logvar_q_mean=-1.3798 logvar_q_clamp=0.0000 logvar_p_mean=-1.3789 logvar_p_clamp=0.0000
2026-08-30 01:04:19 | Epoch 235/400 | Train Loss 1.8753 Acc 0.2860 | Val Loss 1.7992 Acc 0.3145 AUC 0.6915 Pre 0.2118 Rec 0.2957
2026-08-30 01:04:20 | Diag logvar_q_mean=-1.3859 logvar_q_clamp=0.0000 logvar_p_mean=-1.3851 logvar_p_clamp=0.0000
2026-08-30 01:04:23 | Epoch 236/400 | Train Loss 1.8718 Acc 0.2861 | Val Loss 1.8021 Acc 0.3146 AUC 0.6914 Pre 0.2117 Rec 0.2958
2026-08-30 01:04:23 | Diag logvar_q_mean=-1.3914 logvar_q_clamp=0.0000 logvar_p_mean=-1.3905 logvar_p_clamp=0.0000
2026-08-30 01:04:27 | Epoch 237/400 | Train Loss 1.8818 Acc 0.2863 | Val Loss 1.7966 Acc 0.3141 AUC 0.6910 Pre 0.2120 Rec 0.2953
2026-08-30 01:04:27 | Diag logvar_q_mean=-1.3974 logvar_q_clamp=0.0000 logvar_p_mean=-1.3964 logvar_p_clamp=0.0000
2026-08-30 01:04:31 | Epoch 238/400 | Train Loss 1.8736 Acc 0.2868 | Val Loss 1.7903 Acc 0.3143 AUC 0.6911 Pre 0.2121 Rec 0.2955
2026-08-30 01:04:31 | Diag logvar_q_mean=-1.4029 logvar_q_clamp=0.0000 logvar_p_mean=-1.4020 logvar_p_clamp=0.0000
2026-08-30 01:04:34 | Epoch 239/400 | Train Loss 1.8817 Acc 0.2879 | Val Loss 1.8027 Acc 0.3143 AUC 0.6912 Pre 0.2117 Rec 0.2955
2026-08-30 01:04:35 | Diag logvar_q_mean=-1.4085 logvar_q_clamp=0.0000 logvar_p_mean=-1.4075 logvar_p_clamp=0.0000
2026-08-30 01:04:38 | Epoch 240/400 | Train Loss 1.8741 Acc 0.2856 | Val Loss 1.7866 Acc 0.3137 AUC 0.6907 Pre 0.2123 Rec 0.2950
2026-08-30 01:04:39 | Diag logvar_q_mean=-1.4141 logvar_q_clamp=0.0000 logvar_p_mean=-1.4133 logvar_p_clamp=0.0000
2026-08-30 01:04:42 | Epoch 241/400 | Train Loss 1.8744 Acc 0.2885 | Val Loss 1.7796 Acc 0.3148 AUC 0.6915 Pre 0.2117 Rec 0.2960
2026-08-30 01:04:42 | Diag logvar_q_mean=-1.4197 logvar_q_clamp=0.0000 logvar_p_mean=-1.4188 logvar_p_clamp=0.0000
2026-08-30 01:04:46 | Epoch 242/400 | Train Loss 1.8823 Acc 0.2849 | Val Loss 1.7930 Acc 0.3144 AUC 0.6917 Pre 0.2120 Rec 0.2956
2026-08-30 01:04:46 | Diag logvar_q_mean=-1.4259 logvar_q_clamp=0.0000 logvar_p_mean=-1.4251 logvar_p_clamp=0.0000
2026-08-30 01:04:50 | Epoch 243/400 | Train Loss 1.8725 Acc 0.2862 | Val Loss 1.7860 Acc 0.3144 AUC 0.6913 Pre 0.2118 Rec 0.2956
2026-08-30 01:04:50 | Diag logvar_q_mean=-1.4316 logvar_q_clamp=0.0000 logvar_p_mean=-1.4307 logvar_p_clamp=0.0000
2026-08-30 01:04:53 | Epoch 244/400 | Train Loss 1.8753 Acc 0.2866 | Val Loss 1.7860 Acc 0.3148 AUC 0.6917 Pre 0.2118 Rec 0.2960
2026-08-30 01:04:54 | Diag logvar_q_mean=-1.4371 logvar_q_clamp=0.0000 logvar_p_mean=-1.4364 logvar_p_clamp=0.0000
2026-08-30 01:04:57 | Epoch 245/400 | Train Loss 1.8755 Acc 0.2869 | Val Loss 1.7792 Acc 0.3142 AUC 0.6913 Pre 0.2124 Rec 0.2954
2026-08-30 01:04:58 | Diag logvar_q_mean=-1.4427 logvar_q_clamp=0.0000 logvar_p_mean=-1.4419 logvar_p_clamp=0.0000
2026-08-30 01:05:01 | Epoch 246/400 | Train Loss 1.8752 Acc 0.2853 | Val Loss 1.8011 Acc 0.3141 AUC 0.6912 Pre 0.2117 Rec 0.2953
2026-08-30 01:05:01 | Diag logvar_q_mean=-1.4483 logvar_q_clamp=0.0000 logvar_p_mean=-1.4475 logvar_p_clamp=0.0000
2026-08-30 01:05:05 | Epoch 247/400 | Train Loss 1.8853 Acc 0.2826 | Val Loss 1.8032 Acc 0.3140 AUC 0.6911 Pre 0.2117 Rec 0.2952
2026-08-30 01:05:05 | Diag logvar_q_mean=-1.4542 logvar_q_clamp=0.0000 logvar_p_mean=-1.4533 logvar_p_clamp=0.0000
2026-08-30 01:05:08 | Epoch 248/400 | Train Loss 1.8741 Acc 0.2841 | Val Loss 1.7976 Acc 0.3136 AUC 0.6907 Pre 0.2117 Rec 0.2948
2026-08-30 01:05:09 | Diag logvar_q_mean=-1.4603 logvar_q_clamp=0.0000 logvar_p_mean=-1.4594 logvar_p_clamp=0.0000
2026-08-30 01:05:12 | Epoch 249/400 | Train Loss 1.8747 Acc 0.2852 | Val Loss 1.8051 Acc 0.3149 AUC 0.6915 Pre 0.2115 Rec 0.2961
2026-08-30 01:05:13 | Diag logvar_q_mean=-1.4658 logvar_q_clamp=0.0000 logvar_p_mean=-1.4649 logvar_p_clamp=0.0000
2026-08-30 01:05:16 | Epoch 250/400 | Train Loss 1.8734 Acc 0.2871 | Val Loss 1.7777 Acc 0.3142 AUC 0.6914 Pre 0.2120 Rec 0.2955
2026-08-30 01:05:16 | Diag logvar_q_mean=-1.4717 logvar_q_clamp=0.0000 logvar_p_mean=-1.4709 logvar_p_clamp=0.0000
2026-08-30 01:05:19 | Epoch 251/400 | Train Loss 1.8862 Acc 0.2852 | Val Loss 1.8150 Acc 0.3144 AUC 0.6914 Pre 0.2113 Rec 0.2956
2026-08-30 01:05:20 | Diag logvar_q_mean=-1.4771 logvar_q_clamp=0.0000 logvar_p_mean=-1.4763 logvar_p_clamp=0.0000
2026-08-30 01:05:23 | Epoch 252/400 | Train Loss 1.8791 Acc 0.2848 | Val Loss 1.8223 Acc 0.3133 AUC 0.6907 Pre 0.2114 Rec 0.2945
2026-08-30 01:05:24 | Diag logvar_q_mean=-1.4828 logvar_q_clamp=0.0000 logvar_p_mean=-1.4819 logvar_p_clamp=0.0000
2026-08-30 01:05:27 | Epoch 253/400 | Train Loss 1.8672 Acc 0.2886 | Val Loss 1.7756 Acc 0.3141 AUC 0.6911 Pre 0.2121 Rec 0.2953
2026-08-30 01:05:27 | Diag logvar_q_mean=-1.4886 logvar_q_clamp=0.0000 logvar_p_mean=-1.4877 logvar_p_clamp=0.0000
2026-08-30 01:05:30 | Epoch 254/400 | Train Loss 1.8747 Acc 0.2852 | Val Loss 1.7968 Acc 0.3147 AUC 0.6916 Pre 0.2115 Rec 0.2959
2026-08-30 01:05:31 | Diag logvar_q_mean=-1.4942 logvar_q_clamp=0.0000 logvar_p_mean=-1.4934 logvar_p_clamp=0.0000
2026-08-30 01:05:34 | Epoch 255/400 | Train Loss 1.8836 Acc 0.2845 | Val Loss 1.8084 Acc 0.3135 AUC 0.6905 Pre 0.2122 Rec 0.2948
2026-08-30 01:05:34 | Diag logvar_q_mean=-1.4997 logvar_q_clamp=0.0000 logvar_p_mean=-1.4988 logvar_p_clamp=0.0000
2026-08-30 01:05:38 | Epoch 256/400 | Train Loss 1.8774 Acc 0.2862 | Val Loss 1.7793 Acc 0.3146 AUC 0.6914 Pre 0.2118 Rec 0.2958
2026-08-30 01:05:38 | Diag logvar_q_mean=-1.5053 logvar_q_clamp=0.0000 logvar_p_mean=-1.5044 logvar_p_clamp=0.0000
2026-08-30 01:05:41 | Epoch 257/400 | Train Loss 1.8735 Acc 0.2865 | Val Loss 1.7842 Acc 0.3146 AUC 0.6912 Pre 0.2119 Rec 0.2958
2026-08-30 01:05:42 | Diag logvar_q_mean=-1.5109 logvar_q_clamp=0.0000 logvar_p_mean=-1.5100 logvar_p_clamp=0.0000
2026-08-30 01:05:45 | Epoch 258/400 | Train Loss 1.8734 Acc 0.2863 | Val Loss 1.7976 Acc 0.3143 AUC 0.6912 Pre 0.2117 Rec 0.2955
2026-08-30 01:05:46 | Diag logvar_q_mean=-1.5165 logvar_q_clamp=0.0000 logvar_p_mean=-1.5157 logvar_p_clamp=0.0000
2026-08-30 01:05:49 | Epoch 259/400 | Train Loss 1.8756 Acc 0.2869 | Val Loss 1.8075 Acc 0.3141 AUC 0.6912 Pre 0.2117 Rec 0.2953
2026-08-30 01:05:49 | Diag logvar_q_mean=-1.5219 logvar_q_clamp=0.0000 logvar_p_mean=-1.5210 logvar_p_clamp=0.0000
2026-08-30 01:05:52 | Epoch 260/400 | Train Loss 1.8789 Acc 0.2868 | Val Loss 1.7906 Acc 0.3146 AUC 0.6914 Pre 0.2118 Rec 0.2958
2026-08-30 01:05:53 | Diag logvar_q_mean=-1.5277 logvar_q_clamp=0.0000 logvar_p_mean=-1.5269 logvar_p_clamp=0.0000
2026-08-30 01:05:56 | Epoch 261/400 | Train Loss 1.8765 Acc 0.2848 | Val Loss 1.8024 Acc 0.3139 AUC 0.6915 Pre 0.2118 Rec 0.2951
2026-08-30 01:05:57 | Diag logvar_q_mean=-1.5335 logvar_q_clamp=0.0000 logvar_p_mean=-1.5326 logvar_p_clamp=0.0000
2026-08-30 01:06:00 | Epoch 262/400 | Train Loss 1.8691 Acc 0.2871 | Val Loss 1.7972 Acc 0.3147 AUC 0.6915 Pre 0.2119 Rec 0.2959
2026-08-30 01:06:00 | Diag logvar_q_mean=-1.5391 logvar_q_clamp=0.0000 logvar_p_mean=-1.5382 logvar_p_clamp=0.0000
2026-08-30 01:06:03 | Epoch 263/400 | Train Loss 1.8723 Acc 0.2865 | Val Loss 1.7920 Acc 0.3148 AUC 0.6917 Pre 0.2119 Rec 0.2960
2026-08-30 01:06:04 | Diag logvar_q_mean=-1.5441 logvar_q_clamp=0.0000 logvar_p_mean=-1.5432 logvar_p_clamp=0.0000
2026-08-30 01:06:07 | Epoch 264/400 | Train Loss 1.8763 Acc 0.2840 | Val Loss 1.7966 Acc 0.3135 AUC 0.6909 Pre 0.2124 Rec 0.2947
2026-08-30 01:06:07 | Diag logvar_q_mean=-1.5498 logvar_q_clamp=0.0000 logvar_p_mean=-1.5489 logvar_p_clamp=0.0000
2026-08-30 01:06:11 | Epoch 265/400 | Train Loss 1.8717 Acc 0.2887 | Val Loss 1.8004 Acc 0.3141 AUC 0.6913 Pre 0.2119 Rec 0.2953
2026-08-30 01:06:11 | Diag logvar_q_mean=-1.5553 logvar_q_clamp=0.0000 logvar_p_mean=-1.5544 logvar_p_clamp=0.0000
2026-08-30 01:06:14 | Epoch 266/400 | Train Loss 1.8723 Acc 0.2855 | Val Loss 1.7880 Acc 0.3149 AUC 0.6917 Pre 0.2120 Rec 0.2961
2026-08-30 01:06:15 | Diag logvar_q_mean=-1.5610 logvar_q_clamp=0.0000 logvar_p_mean=-1.5601 logvar_p_clamp=0.0000
2026-08-30 01:06:18 | Epoch 267/400 | Train Loss 1.8801 Acc 0.2836 | Val Loss 1.7883 Acc 0.3144 AUC 0.6916 Pre 0.2120 Rec 0.2956
2026-08-30 01:06:18 | Diag logvar_q_mean=-1.5668 logvar_q_clamp=0.0000 logvar_p_mean=-1.5660 logvar_p_clamp=0.0000
2026-08-30 01:06:22 | Epoch 268/400 | Train Loss 1.8825 Acc 0.2855 | Val Loss 1.7908 Acc 0.3149 AUC 0.6915 Pre 0.2119 Rec 0.2961
2026-08-30 01:06:22 | Diag logvar_q_mean=-1.5725 logvar_q_clamp=0.0000 logvar_p_mean=-1.5716 logvar_p_clamp=0.0000
2026-08-30 01:06:25 | Epoch 269/400 | Train Loss 1.8757 Acc 0.2845 | Val Loss 1.7828 Acc 0.3144 AUC 0.6915 Pre 0.2123 Rec 0.2956
2026-08-30 01:06:26 | Diag logvar_q_mean=-1.5781 logvar_q_clamp=0.0000 logvar_p_mean=-1.5772 logvar_p_clamp=0.0000
2026-08-30 01:06:29 | Epoch 270/400 | Train Loss 1.8835 Acc 0.2854 | Val Loss 1.8074 Acc 0.3139 AUC 0.6913 Pre 0.2119 Rec 0.2951
2026-08-30 01:06:29 | Diag logvar_q_mean=-1.5833 logvar_q_clamp=0.0000 logvar_p_mean=-1.5825 logvar_p_clamp=0.0000
2026-08-30 01:06:33 | Epoch 271/400 | Train Loss 1.8692 Acc 0.2868 | Val Loss 1.7950 Acc 0.3143 AUC 0.6910 Pre 0.2122 Rec 0.2955
2026-08-30 01:06:33 | Diag logvar_q_mean=-1.5889 logvar_q_clamp=0.0000 logvar_p_mean=-1.5880 logvar_p_clamp=0.0000
2026-08-30 01:06:37 | Epoch 272/400 | Train Loss 1.8685 Acc 0.2867 | Val Loss 1.8021 Acc 0.3146 AUC 0.6913 Pre 0.2119 Rec 0.2958
2026-08-30 01:06:37 | Diag logvar_q_mean=-1.5949 logvar_q_clamp=0.0000 logvar_p_mean=-1.5939 logvar_p_clamp=0.0000
2026-08-30 01:06:41 | Epoch 273/400 | Train Loss 1.8695 Acc 0.2852 | Val Loss 1.7894 Acc 0.3140 AUC 0.6909 Pre 0.2122 Rec 0.2953
2026-08-30 01:06:41 | Diag logvar_q_mean=-1.6002 logvar_q_clamp=0.0000 logvar_p_mean=-1.5993 logvar_p_clamp=0.0000
2026-08-30 01:06:44 | Epoch 274/400 | Train Loss 1.8802 Acc 0.2855 | Val Loss 1.7911 Acc 0.3150 AUC 0.6913 Pre 0.2120 Rec 0.2962
2026-08-30 01:06:45 | Diag logvar_q_mean=-1.6057 logvar_q_clamp=0.0000 logvar_p_mean=-1.6047 logvar_p_clamp=0.0000
2026-08-30 01:06:48 | Epoch 275/400 | Train Loss 1.8753 Acc 0.2859 | Val Loss 1.8077 Acc 0.3144 AUC 0.6915 Pre 0.2116 Rec 0.2956
2026-08-30 01:06:49 | Diag logvar_q_mean=-1.6111 logvar_q_clamp=0.0000 logvar_p_mean=-1.6103 logvar_p_clamp=0.0000
2026-08-30 01:06:52 | Epoch 276/400 | Train Loss 1.8694 Acc 0.2868 | Val Loss 1.7981 Acc 0.3149 AUC 0.6916 Pre 0.2116 Rec 0.2961
2026-08-30 01:06:53 | Diag logvar_q_mean=-1.6162 logvar_q_clamp=0.0000 logvar_p_mean=-1.6154 logvar_p_clamp=0.0000
2026-08-30 01:06:56 | Epoch 277/400 | Train Loss 1.8698 Acc 0.2851 | Val Loss 1.8024 Acc 0.3149 AUC 0.6920 Pre 0.2114 Rec 0.2961
2026-08-30 01:06:57 | Diag logvar_q_mean=-1.6219 logvar_q_clamp=0.0000 logvar_p_mean=-1.6211 logvar_p_clamp=0.0000
2026-08-30 01:07:00 | Epoch 278/400 | Train Loss 1.8721 Acc 0.2875 | Val Loss 1.7950 Acc 0.3142 AUC 0.6912 Pre 0.2123 Rec 0.2954
2026-08-30 01:07:01 | Diag logvar_q_mean=-1.6274 logvar_q_clamp=0.0000 logvar_p_mean=-1.6264 logvar_p_clamp=0.0000
2026-08-30 01:07:04 | Epoch 279/400 | Train Loss 1.8817 Acc 0.2869 | Val Loss 1.7934 Acc 0.3144 AUC 0.6913 Pre 0.2122 Rec 0.2957
2026-08-30 01:07:04 | Diag logvar_q_mean=-1.6323 logvar_q_clamp=0.0000 logvar_p_mean=-1.6314 logvar_p_clamp=0.0000
2026-08-30 01:07:08 | Epoch 280/400 | Train Loss 1.8747 Acc 0.2860 | Val Loss 1.7881 Acc 0.3147 AUC 0.6915 Pre 0.2121 Rec 0.2959
2026-08-30 01:07:08 | Diag logvar_q_mean=-1.6379 logvar_q_clamp=0.0000 logvar_p_mean=-1.6370 logvar_p_clamp=0.0000
2026-08-30 01:07:12 | Epoch 281/400 | Train Loss 1.8701 Acc 0.2862 | Val Loss 1.7965 Acc 0.3135 AUC 0.6911 Pre 0.2119 Rec 0.2947
2026-08-30 01:07:12 | Diag logvar_q_mean=-1.6433 logvar_q_clamp=0.0000 logvar_p_mean=-1.6424 logvar_p_clamp=0.0000
2026-08-30 01:07:16 | Epoch 282/400 | Train Loss 1.8794 Acc 0.2865 | Val Loss 1.7943 Acc 0.3142 AUC 0.6914 Pre 0.2123 Rec 0.2954
2026-08-30 01:07:16 | Diag logvar_q_mean=-1.6483 logvar_q_clamp=0.0000 logvar_p_mean=-1.6475 logvar_p_clamp=0.0000
2026-08-30 01:07:19 | Epoch 283/400 | Train Loss 1.8813 Acc 0.2832 | Val Loss 1.7825 Acc 0.3150 AUC 0.6917 Pre 0.2121 Rec 0.2962
2026-08-30 01:07:20 | Diag logvar_q_mean=-1.6539 logvar_q_clamp=0.0000 logvar_p_mean=-1.6530 logvar_p_clamp=0.0000
2026-08-30 01:07:23 | Epoch 284/400 | Train Loss 1.8700 Acc 0.2859 | Val Loss 1.7927 Acc 0.3142 AUC 0.6914 Pre 0.2120 Rec 0.2954
2026-08-30 01:07:24 | Diag logvar_q_mean=-1.6593 logvar_q_clamp=0.0000 logvar_p_mean=-1.6584 logvar_p_clamp=0.0000
2026-08-30 01:07:27 | Epoch 285/400 | Train Loss 1.8781 Acc 0.2864 | Val Loss 1.7911 Acc 0.3146 AUC 0.6916 Pre 0.2118 Rec 0.2958
2026-08-30 01:07:27 | Diag logvar_q_mean=-1.6649 logvar_q_clamp=0.0000 logvar_p_mean=-1.6641 logvar_p_clamp=0.0000
2026-08-30 01:07:31 | Epoch 286/400 | Train Loss 1.8716 Acc 0.2867 | Val Loss 1.7987 Acc 0.3149 AUC 0.6917 Pre 0.2121 Rec 0.2961
2026-08-30 01:07:31 | Diag logvar_q_mean=-1.6699 logvar_q_clamp=0.0000 logvar_p_mean=-1.6690 logvar_p_clamp=0.0000
2026-08-30 01:07:35 | Epoch 287/400 | Train Loss 1.8685 Acc 0.2887 | Val Loss 1.7944 Acc 0.3155 AUC 0.6919 Pre 0.2118 Rec 0.2967
2026-08-30 01:07:35 | Diag logvar_q_mean=-1.6750 logvar_q_clamp=0.0000 logvar_p_mean=-1.6742 logvar_p_clamp=0.0000
2026-08-30 01:07:38 | Epoch 288/400 | Train Loss 1.8776 Acc 0.2855 | Val Loss 1.8038 Acc 0.3151 AUC 0.6920 Pre 0.2118 Rec 0.2963
2026-08-30 01:07:39 | Diag logvar_q_mean=-1.6807 logvar_q_clamp=0.0000 logvar_p_mean=-1.6798 logvar_p_clamp=0.0000
2026-08-30 01:07:42 | Epoch 289/400 | Train Loss 1.8778 Acc 0.2847 | Val Loss 1.7918 Acc 0.3146 AUC 0.6912 Pre 0.2122 Rec 0.2958
2026-08-30 01:07:43 | Diag logvar_q_mean=-1.6862 logvar_q_clamp=0.0000 logvar_p_mean=-1.6853 logvar_p_clamp=0.0000
2026-08-30 01:07:46 | Epoch 290/400 | Train Loss 1.8714 Acc 0.2864 | Val Loss 1.7989 Acc 0.3142 AUC 0.6911 Pre 0.2121 Rec 0.2955
2026-08-30 01:07:47 | Diag logvar_q_mean=-1.6912 logvar_q_clamp=0.0000 logvar_p_mean=-1.6904 logvar_p_clamp=0.0000
2026-08-30 01:07:50 | Epoch 291/400 | Train Loss 1.8732 Acc 0.2881 | Val Loss 1.7985 Acc 0.3148 AUC 0.6915 Pre 0.2120 Rec 0.2960
2026-08-30 01:07:50 | Diag logvar_q_mean=-1.6964 logvar_q_clamp=0.0000 logvar_p_mean=-1.6956 logvar_p_clamp=0.0000
2026-08-30 01:07:54 | Epoch 292/400 | Train Loss 1.8653 Acc 0.2882 | Val Loss 1.7988 Acc 0.3151 AUC 0.6915 Pre 0.2118 Rec 0.2963
2026-08-30 01:07:54 | Diag logvar_q_mean=-1.7018 logvar_q_clamp=0.0000 logvar_p_mean=-1.7010 logvar_p_clamp=0.0000
2026-08-30 01:07:58 | Epoch 293/400 | Train Loss 1.8688 Acc 0.2888 | Val Loss 1.7985 Acc 0.3142 AUC 0.6909 Pre 0.2117 Rec 0.2955
2026-08-30 01:07:58 | Diag logvar_q_mean=-1.7071 logvar_q_clamp=0.0000 logvar_p_mean=-1.7062 logvar_p_clamp=0.0000
2026-08-30 01:08:01 | Epoch 294/400 | Train Loss 1.8691 Acc 0.2870 | Val Loss 1.8083 Acc 0.3145 AUC 0.6913 Pre 0.2114 Rec 0.2957
2026-08-30 01:08:02 | Diag logvar_q_mean=-1.7124 logvar_q_clamp=0.0000 logvar_p_mean=-1.7116 logvar_p_clamp=0.0000
2026-08-30 01:08:05 | Epoch 295/400 | Train Loss 1.8788 Acc 0.2857 | Val Loss 1.7975 Acc 0.3150 AUC 0.6919 Pre 0.2116 Rec 0.2962
2026-08-30 01:08:06 | Diag logvar_q_mean=-1.7178 logvar_q_clamp=0.0000 logvar_p_mean=-1.7169 logvar_p_clamp=0.0000
2026-08-30 01:08:09 | Epoch 296/400 | Train Loss 1.8765 Acc 0.2832 | Val Loss 1.8026 Acc 0.3139 AUC 0.6908 Pre 0.2118 Rec 0.2952
2026-08-30 01:08:10 | Diag logvar_q_mean=-1.7233 logvar_q_clamp=0.0000 logvar_p_mean=-1.7224 logvar_p_clamp=0.0000
2026-08-30 01:08:13 | Epoch 297/400 | Train Loss 1.8789 Acc 0.2867 | Val Loss 1.8087 Acc 0.3145 AUC 0.6912 Pre 0.2119 Rec 0.2957
2026-08-30 01:08:13 | Diag logvar_q_mean=-1.7286 logvar_q_clamp=0.0000 logvar_p_mean=-1.7277 logvar_p_clamp=0.0000
2026-08-30 01:08:17 | Epoch 298/400 | Train Loss 1.8715 Acc 0.2854 | Val Loss 1.8051 Acc 0.3149 AUC 0.6920 Pre 0.2119 Rec 0.2961
2026-08-30 01:08:17 | Diag logvar_q_mean=-1.7338 logvar_q_clamp=0.0000 logvar_p_mean=-1.7331 logvar_p_clamp=0.0000
2026-08-30 01:08:21 | Epoch 299/400 | Train Loss 1.8713 Acc 0.2854 | Val Loss 1.8024 Acc 0.3145 AUC 0.6914 Pre 0.2121 Rec 0.2957
2026-08-30 01:08:21 | Diag logvar_q_mean=-1.7392 logvar_q_clamp=0.0000 logvar_p_mean=-1.7384 logvar_p_clamp=0.0000
2026-08-30 01:08:25 | Epoch 300/400 | Train Loss 1.8656 Acc 0.2898 | Val Loss 1.8177 Acc 0.3149 AUC 0.6919 Pre 0.2119 Rec 0.2961
2026-08-30 01:08:25 | Diag logvar_q_mean=-1.7438 logvar_q_clamp=0.0000 logvar_p_mean=-1.7430 logvar_p_clamp=0.0000
2026-08-30 01:08:28 | Epoch 301/400 | Train Loss 1.8784 Acc 0.2845 | Val Loss 1.7893 Acc 0.3142 AUC 0.6911 Pre 0.2120 Rec 0.2955
2026-08-30 01:08:29 | Diag logvar_q_mean=-1.7495 logvar_q_clamp=0.0000 logvar_p_mean=-1.7486 logvar_p_clamp=0.0000
2026-08-30 01:08:32 | Epoch 302/400 | Train Loss 1.8782 Acc 0.2838 | Val Loss 1.8123 Acc 0.3134 AUC 0.6912 Pre 0.2118 Rec 0.2946
2026-08-30 01:08:33 | Diag logvar_q_mean=-1.7549 logvar_q_clamp=0.0000 logvar_p_mean=-1.7541 logvar_p_clamp=0.0000
2026-08-30 01:08:36 | Epoch 303/400 | Train Loss 1.8776 Acc 0.2855 | Val Loss 1.7968 Acc 0.3145 AUC 0.6916 Pre 0.2121 Rec 0.2957
2026-08-30 01:08:37 | Diag logvar_q_mean=-1.7597 logvar_q_clamp=0.0000 logvar_p_mean=-1.7588 logvar_p_clamp=0.0000
2026-08-30 01:08:40 | Epoch 304/400 | Train Loss 1.8733 Acc 0.2867 | Val Loss 1.7967 Acc 0.3142 AUC 0.6915 Pre 0.2120 Rec 0.2954
2026-08-30 01:08:40 | Diag logvar_q_mean=-1.7652 logvar_q_clamp=0.0000 logvar_p_mean=-1.7644 logvar_p_clamp=0.0000
2026-08-30 01:08:44 | Epoch 305/400 | Train Loss 1.8829 Acc 0.2849 | Val Loss 1.8167 Acc 0.3150 AUC 0.6916 Pre 0.2116 Rec 0.2962
2026-08-30 01:08:44 | Diag logvar_q_mean=-1.7703 logvar_q_clamp=0.0000 logvar_p_mean=-1.7694 logvar_p_clamp=0.0000
2026-08-30 01:08:48 | Epoch 306/400 | Train Loss 1.8729 Acc 0.2866 | Val Loss 1.8129 Acc 0.3138 AUC 0.6910 Pre 0.2120 Rec 0.2950
2026-08-30 01:08:48 | Diag logvar_q_mean=-1.7755 logvar_q_clamp=0.0000 logvar_p_mean=-1.7746 logvar_p_clamp=0.0000
2026-08-30 01:08:52 | Epoch 307/400 | Train Loss 1.8797 Acc 0.2846 | Val Loss 1.8115 Acc 0.3142 AUC 0.6912 Pre 0.2120 Rec 0.2954
2026-08-30 01:08:52 | Diag logvar_q_mean=-1.7810 logvar_q_clamp=0.0000 logvar_p_mean=-1.7801 logvar_p_clamp=0.0000
2026-08-30 01:08:56 | Epoch 308/400 | Train Loss 1.8710 Acc 0.2878 | Val Loss 1.7874 Acc 0.3147 AUC 0.6911 Pre 0.2123 Rec 0.2959
2026-08-30 01:08:56 | Diag logvar_q_mean=-1.7863 logvar_q_clamp=0.0000 logvar_p_mean=-1.7855 logvar_p_clamp=0.0000
2026-08-30 01:08:59 | Epoch 309/400 | Train Loss 1.8704 Acc 0.2906 | Val Loss 1.7925 Acc 0.3144 AUC 0.6914 Pre 0.2121 Rec 0.2956
2026-08-30 01:09:00 | Diag logvar_q_mean=-1.7910 logvar_q_clamp=0.0000 logvar_p_mean=-1.7901 logvar_p_clamp=0.0000
2026-08-30 01:09:03 | Epoch 310/400 | Train Loss 1.8641 Acc 0.2881 | Val Loss 1.8029 Acc 0.3148 AUC 0.6918 Pre 0.2120 Rec 0.2960
2026-08-30 01:09:04 | Diag logvar_q_mean=-1.7963 logvar_q_clamp=0.0000 logvar_p_mean=-1.7954 logvar_p_clamp=0.0000
2026-08-30 01:09:07 | Epoch 311/400 | Train Loss 1.8713 Acc 0.2864 | Val Loss 1.7945 Acc 0.3140 AUC 0.6914 Pre 0.2121 Rec 0.2952
2026-08-30 01:09:08 | Diag logvar_q_mean=-1.8011 logvar_q_clamp=0.0000 logvar_p_mean=-1.8003 logvar_p_clamp=0.0000
2026-08-30 01:09:11 | Epoch 312/400 | Train Loss 1.8716 Acc 0.2863 | Val Loss 1.8022 Acc 0.3144 AUC 0.6912 Pre 0.2122 Rec 0.2956
2026-08-30 01:09:11 | Diag logvar_q_mean=-1.8064 logvar_q_clamp=0.0000 logvar_p_mean=-1.8055 logvar_p_clamp=0.0000
2026-08-30 01:09:15 | Epoch 313/400 | Train Loss 1.8698 Acc 0.2884 | Val Loss 1.7968 Acc 0.3149 AUC 0.6918 Pre 0.2120 Rec 0.2961
2026-08-30 01:09:15 | Diag logvar_q_mean=-1.8116 logvar_q_clamp=0.0000 logvar_p_mean=-1.8107 logvar_p_clamp=0.0000
2026-08-30 01:09:18 | Epoch 314/400 | Train Loss 1.8754 Acc 0.2817 | Val Loss 1.8028 Acc 0.3139 AUC 0.6908 Pre 0.2119 Rec 0.2951
2026-08-30 01:09:19 | Diag logvar_q_mean=-1.8168 logvar_q_clamp=0.0000 logvar_p_mean=-1.8160 logvar_p_clamp=0.0000
2026-08-30 01:09:22 | Epoch 315/400 | Train Loss 1.8734 Acc 0.2856 | Val Loss 1.7967 Acc 0.3143 AUC 0.6910 Pre 0.2121 Rec 0.2956
2026-08-30 01:09:23 | Diag logvar_q_mean=-1.8221 logvar_q_clamp=0.0000 logvar_p_mean=-1.8212 logvar_p_clamp=0.0000
2026-08-30 01:09:26 | Epoch 316/400 | Train Loss 1.8749 Acc 0.2872 | Val Loss 1.7927 Acc 0.3147 AUC 0.6911 Pre 0.2119 Rec 0.2959
2026-08-30 01:09:27 | Diag logvar_q_mean=-1.8270 logvar_q_clamp=0.0000 logvar_p_mean=-1.8261 logvar_p_clamp=0.0000
2026-08-30 01:09:30 | Epoch 317/400 | Train Loss 1.8791 Acc 0.2847 | Val Loss 1.8065 Acc 0.3148 AUC 0.6913 Pre 0.2120 Rec 0.2960
2026-08-30 01:09:30 | Diag logvar_q_mean=-1.8326 logvar_q_clamp=0.0000 logvar_p_mean=-1.8316 logvar_p_clamp=0.0000
2026-08-30 01:09:34 | Epoch 318/400 | Train Loss 1.8695 Acc 0.2858 | Val Loss 1.7894 Acc 0.3148 AUC 0.6914 Pre 0.2121 Rec 0.2960
2026-08-30 01:09:34 | Diag logvar_q_mean=-1.8380 logvar_q_clamp=0.0000 logvar_p_mean=-1.8372 logvar_p_clamp=0.0000
2026-08-30 01:09:37 | Epoch 319/400 | Train Loss 1.8768 Acc 0.2855 | Val Loss 1.8014 Acc 0.3148 AUC 0.6911 Pre 0.2119 Rec 0.2960
2026-08-30 01:09:38 | Diag logvar_q_mean=-1.8433 logvar_q_clamp=0.0000 logvar_p_mean=-1.8425 logvar_p_clamp=0.0000
2026-08-30 01:09:41 | Epoch 320/400 | Train Loss 1.8761 Acc 0.2851 | Val Loss 1.7899 Acc 0.3144 AUC 0.6910 Pre 0.2120 Rec 0.2956
2026-08-30 01:09:42 | Diag logvar_q_mean=-1.8486 logvar_q_clamp=0.0000 logvar_p_mean=-1.8477 logvar_p_clamp=0.0000
2026-08-30 01:09:45 | Epoch 321/400 | Train Loss 1.8763 Acc 0.2851 | Val Loss 1.8011 Acc 0.3141 AUC 0.6910 Pre 0.2119 Rec 0.2954
2026-08-30 01:09:46 | Diag logvar_q_mean=-1.8536 logvar_q_clamp=0.0000 logvar_p_mean=-1.8527 logvar_p_clamp=0.0000
2026-08-30 01:09:49 | Epoch 322/400 | Train Loss 1.8669 Acc 0.2832 | Val Loss 1.7936 Acc 0.3144 AUC 0.6911 Pre 0.2122 Rec 0.2956
2026-08-30 01:09:49 | Diag logvar_q_mean=-1.8588 logvar_q_clamp=0.0000 logvar_p_mean=-1.8580 logvar_p_clamp=0.0000
2026-08-30 01:09:53 | Epoch 323/400 | Train Loss 1.8705 Acc 0.2879 | Val Loss 1.7853 Acc 0.3148 AUC 0.6914 Pre 0.2123 Rec 0.2960
2026-08-30 01:09:53 | Diag logvar_q_mean=-1.8642 logvar_q_clamp=0.0000 logvar_p_mean=-1.8633 logvar_p_clamp=0.0000
2026-08-30 01:09:56 | Epoch 324/400 | Train Loss 1.8769 Acc 0.2858 | Val Loss 1.7966 Acc 0.3134 AUC 0.6904 Pre 0.2125 Rec 0.2948
2026-08-30 01:09:57 | Diag logvar_q_mean=-1.8693 logvar_q_clamp=0.0000 logvar_p_mean=-1.8684 logvar_p_clamp=0.0000
2026-08-30 01:10:00 | Epoch 325/400 | Train Loss 1.8747 Acc 0.2871 | Val Loss 1.7847 Acc 0.3143 AUC 0.6913 Pre 0.2121 Rec 0.2955
2026-08-30 01:10:01 | Diag logvar_q_mean=-1.8738 logvar_q_clamp=0.0000 logvar_p_mean=-1.8730 logvar_p_clamp=0.0000
2026-08-30 01:10:04 | Epoch 326/400 | Train Loss 1.8738 Acc 0.2858 | Val Loss 1.8034 Acc 0.3147 AUC 0.6913 Pre 0.2119 Rec 0.2959
2026-08-30 01:10:05 | Diag logvar_q_mean=-1.8789 logvar_q_clamp=0.0000 logvar_p_mean=-1.8781 logvar_p_clamp=0.0000
2026-08-30 01:10:08 | Epoch 327/400 | Train Loss 1.8787 Acc 0.2839 | Val Loss 1.7973 Acc 0.3145 AUC 0.6910 Pre 0.2122 Rec 0.2957
2026-08-30 01:10:08 | Diag logvar_q_mean=-1.8844 logvar_q_clamp=0.0000 logvar_p_mean=-1.8835 logvar_p_clamp=0.0000
2026-08-30 01:10:12 | Epoch 328/400 | Train Loss 1.8781 Acc 0.2851 | Val Loss 1.8016 Acc 0.3145 AUC 0.6916 Pre 0.2120 Rec 0.2957
2026-08-30 01:10:12 | Diag logvar_q_mean=-1.8893 logvar_q_clamp=0.0000 logvar_p_mean=-1.8885 logvar_p_clamp=0.0000
2026-08-30 01:10:15 | Epoch 329/400 | Train Loss 1.8835 Acc 0.2862 | Val Loss 1.8055 Acc 0.3136 AUC 0.6910 Pre 0.2121 Rec 0.2948
2026-08-30 01:10:16 | Diag logvar_q_mean=-1.8945 logvar_q_clamp=0.0000 logvar_p_mean=-1.8936 logvar_p_clamp=0.0000
2026-08-30 01:10:19 | Epoch 330/400 | Train Loss 1.8740 Acc 0.2857 | Val Loss 1.7824 Acc 0.3137 AUC 0.6905 Pre 0.2123 Rec 0.2950
2026-08-30 01:10:20 | Diag logvar_q_mean=-1.9001 logvar_q_clamp=0.0000 logvar_p_mean=-1.8992 logvar_p_clamp=0.0000
2026-08-30 01:10:23 | Epoch 331/400 | Train Loss 1.8711 Acc 0.2852 | Val Loss 1.8058 Acc 0.3138 AUC 0.6909 Pre 0.2123 Rec 0.2950
2026-08-30 01:10:24 | Diag logvar_q_mean=-1.9049 logvar_q_clamp=0.0000 logvar_p_mean=-1.9041 logvar_p_clamp=0.0000
2026-08-30 01:10:27 | Epoch 332/400 | Train Loss 1.8703 Acc 0.2870 | Val Loss 1.8088 Acc 0.3140 AUC 0.6911 Pre 0.2123 Rec 0.2952
2026-08-30 01:10:28 | Diag logvar_q_mean=-1.9096 logvar_q_clamp=0.0000 logvar_p_mean=-1.9088 logvar_p_clamp=0.0000
2026-08-30 01:10:31 | Epoch 333/400 | Train Loss 1.8829 Acc 0.2884 | Val Loss 1.8059 Acc 0.3143 AUC 0.6913 Pre 0.2121 Rec 0.2955
2026-08-30 01:10:32 | Diag logvar_q_mean=-1.9145 logvar_q_clamp=0.0000 logvar_p_mean=-1.9137 logvar_p_clamp=0.0000
2026-08-30 01:10:35 | Epoch 334/400 | Train Loss 1.8678 Acc 0.2841 | Val Loss 1.7867 Acc 0.3144 AUC 0.6915 Pre 0.2120 Rec 0.2956
2026-08-30 01:10:36 | Diag logvar_q_mean=-1.9204 logvar_q_clamp=0.0000 logvar_p_mean=-1.9196 logvar_p_clamp=0.0000
2026-08-30 01:10:39 | Epoch 335/400 | Train Loss 1.8688 Acc 0.2847 | Val Loss 1.7843 Acc 0.3135 AUC 0.6910 Pre 0.2124 Rec 0.2947
2026-08-30 01:10:39 | Diag logvar_q_mean=-1.9256 logvar_q_clamp=0.0000 logvar_p_mean=-1.9247 logvar_p_clamp=0.0000
2026-08-30 01:10:43 | Epoch 336/400 | Train Loss 1.8768 Acc 0.2850 | Val Loss 1.7931 Acc 0.3138 AUC 0.6909 Pre 0.2122 Rec 0.2950
2026-08-30 01:10:43 | Diag logvar_q_mean=-1.9304 logvar_q_clamp=0.0000 logvar_p_mean=-1.9295 logvar_p_clamp=0.0000
2026-08-30 01:10:47 | Epoch 337/400 | Train Loss 1.8688 Acc 0.2866 | Val Loss 1.7915 Acc 0.3136 AUC 0.6908 Pre 0.2123 Rec 0.2948
2026-08-30 01:10:47 | Diag logvar_q_mean=-1.9349 logvar_q_clamp=0.0000 logvar_p_mean=-1.9341 logvar_p_clamp=0.0000
2026-08-30 01:10:51 | Epoch 338/400 | Train Loss 1.8732 Acc 0.2844 | Val Loss 1.8011 Acc 0.3141 AUC 0.6913 Pre 0.2120 Rec 0.2953
2026-08-30 01:10:51 | Diag logvar_q_mean=-1.9401 logvar_q_clamp=0.0000 logvar_p_mean=-1.9392 logvar_p_clamp=0.0000
2026-08-30 01:10:55 | Epoch 339/400 | Train Loss 1.8686 Acc 0.2866 | Val Loss 1.8010 Acc 0.3148 AUC 0.6915 Pre 0.2119 Rec 0.2960
2026-08-30 01:10:55 | Diag logvar_q_mean=-1.9452 logvar_q_clamp=0.0000 logvar_p_mean=-1.9443 logvar_p_clamp=0.0000
2026-08-30 01:10:58 | Epoch 340/400 | Train Loss 1.8748 Acc 0.2856 | Val Loss 1.8023 Acc 0.3145 AUC 0.6914 Pre 0.2119 Rec 0.2957
2026-08-30 01:10:59 | Diag logvar_q_mean=-1.9501 logvar_q_clamp=0.0000 logvar_p_mean=-1.9492 logvar_p_clamp=0.0000
2026-08-30 01:11:02 | Epoch 341/400 | Train Loss 1.8819 Acc 0.2820 | Val Loss 1.8069 Acc 0.3136 AUC 0.6908 Pre 0.2118 Rec 0.2949
2026-08-30 01:11:03 | Diag logvar_q_mean=-1.9551 logvar_q_clamp=0.0000 logvar_p_mean=-1.9541 logvar_p_clamp=0.0000
2026-08-30 01:11:06 | Epoch 342/400 | Train Loss 1.8768 Acc 0.2863 | Val Loss 1.8155 Acc 0.3136 AUC 0.6905 Pre 0.2123 Rec 0.2949
2026-08-30 01:11:07 | Diag logvar_q_mean=-1.9595 logvar_q_clamp=0.0000 logvar_p_mean=-1.9586 logvar_p_clamp=0.0000
2026-08-30 01:11:10 | Epoch 343/400 | Train Loss 1.8695 Acc 0.2870 | Val Loss 1.7924 Acc 0.3147 AUC 0.6911 Pre 0.2121 Rec 0.2959
2026-08-30 01:11:10 | Diag logvar_q_mean=-1.9643 logvar_q_clamp=0.0000 logvar_p_mean=-1.9635 logvar_p_clamp=0.0000
2026-08-30 01:11:14 | Epoch 344/400 | Train Loss 1.8683 Acc 0.2866 | Val Loss 1.8072 Acc 0.3141 AUC 0.6912 Pre 0.2121 Rec 0.2953
2026-08-30 01:11:14 | Diag logvar_q_mean=-1.9697 logvar_q_clamp=0.0000 logvar_p_mean=-1.9689 logvar_p_clamp=0.0000
2026-08-30 01:11:18 | Epoch 345/400 | Train Loss 1.8729 Acc 0.2859 | Val Loss 1.8146 Acc 0.3145 AUC 0.6910 Pre 0.2119 Rec 0.2957
2026-08-30 01:11:18 | Diag logvar_q_mean=-1.9745 logvar_q_clamp=0.0000 logvar_p_mean=-1.9737 logvar_p_clamp=0.0000
2026-08-30 01:11:21 | Epoch 346/400 | Train Loss 1.8749 Acc 0.2864 | Val Loss 1.8007 Acc 0.3141 AUC 0.6908 Pre 0.2123 Rec 0.2953
2026-08-30 01:11:22 | Diag logvar_q_mean=-1.9796 logvar_q_clamp=0.0000 logvar_p_mean=-1.9787 logvar_p_clamp=0.0000
2026-08-30 01:11:25 | Epoch 347/400 | Train Loss 1.8758 Acc 0.2851 | Val Loss 1.8076 Acc 0.3145 AUC 0.6909 Pre 0.2122 Rec 0.2957
2026-08-30 01:11:26 | Diag logvar_q_mean=-1.9840 logvar_q_clamp=0.0000 logvar_p_mean=-1.9832 logvar_p_clamp=0.0000
2026-08-30 01:11:29 | Epoch 348/400 | Train Loss 1.8818 Acc 0.2867 | Val Loss 1.8076 Acc 0.3136 AUC 0.6908 Pre 0.2123 Rec 0.2949
2026-08-30 01:11:30 | Diag logvar_q_mean=-1.9891 logvar_q_clamp=0.0000 logvar_p_mean=-1.9881 logvar_p_clamp=0.0000
2026-08-30 01:11:33 | Epoch 349/400 | Train Loss 1.8711 Acc 0.2853 | Val Loss 1.7996 Acc 0.3137 AUC 0.6909 Pre 0.2123 Rec 0.2950
2026-08-30 01:11:33 | Diag logvar_q_mean=-1.9942 logvar_q_clamp=0.0000 logvar_p_mean=-1.9934 logvar_p_clamp=0.0000
2026-08-30 01:11:37 | Epoch 350/400 | Train Loss 1.8678 Acc 0.2853 | Val Loss 1.7984 Acc 0.3135 AUC 0.6910 Pre 0.2123 Rec 0.2948
2026-08-30 01:11:37 | Diag logvar_q_mean=-1.9998 logvar_q_clamp=0.0000 logvar_p_mean=-1.9989 logvar_p_clamp=0.0000
2026-08-30 01:11:41 | Epoch 351/400 | Train Loss 1.8704 Acc 0.2872 | Val Loss 1.8122 Acc 0.3140 AUC 0.6907 Pre 0.2123 Rec 0.2952
2026-08-30 01:11:41 | Diag logvar_q_mean=-2.0048 logvar_q_clamp=0.0000 logvar_p_mean=-2.0039 logvar_p_clamp=0.0000
2026-08-30 01:11:44 | Epoch 352/400 | Train Loss 1.8793 Acc 0.2850 | Val Loss 1.8094 Acc 0.3138 AUC 0.6907 Pre 0.2123 Rec 0.2950
2026-08-30 01:11:45 | Diag logvar_q_mean=-2.0097 logvar_q_clamp=0.0000 logvar_p_mean=-2.0089 logvar_p_clamp=0.0000
2026-08-30 01:11:48 | Epoch 353/400 | Train Loss 1.8678 Acc 0.2865 | Val Loss 1.8047 Acc 0.3134 AUC 0.6907 Pre 0.2124 Rec 0.2946
2026-08-30 01:11:49 | Diag logvar_q_mean=-2.0147 logvar_q_clamp=0.0000 logvar_p_mean=-2.0138 logvar_p_clamp=0.0000
2026-08-30 01:11:52 | Epoch 354/400 | Train Loss 1.8824 Acc 0.2855 | Val Loss 1.8007 Acc 0.3140 AUC 0.6911 Pre 0.2123 Rec 0.2952
2026-08-30 01:11:52 | Diag logvar_q_mean=-2.0192 logvar_q_clamp=0.0000 logvar_p_mean=-2.0183 logvar_p_clamp=0.0000
2026-08-30 01:11:56 | Epoch 355/400 | Train Loss 1.8734 Acc 0.2857 | Val Loss 1.8079 Acc 0.3140 AUC 0.6910 Pre 0.2125 Rec 0.2952
2026-08-30 01:11:56 | Diag logvar_q_mean=-2.0240 logvar_q_clamp=0.0000 logvar_p_mean=-2.0231 logvar_p_clamp=0.0000
2026-08-30 01:12:00 | Epoch 356/400 | Train Loss 1.8748 Acc 0.2832 | Val Loss 1.8021 Acc 0.3142 AUC 0.6911 Pre 0.2123 Rec 0.2954
2026-08-30 01:12:00 | Diag logvar_q_mean=-2.0291 logvar_q_clamp=0.0000 logvar_p_mean=-2.0283 logvar_p_clamp=0.0000
2026-08-30 01:12:03 | Epoch 357/400 | Train Loss 1.8662 Acc 0.2887 | Val Loss 1.8037 Acc 0.3131 AUC 0.6905 Pre 0.2122 Rec 0.2944
2026-08-30 01:12:04 | Diag logvar_q_mean=-2.0339 logvar_q_clamp=0.0000 logvar_p_mean=-2.0330 logvar_p_clamp=0.0000
2026-08-30 01:12:07 | Epoch 358/400 | Train Loss 1.8737 Acc 0.2852 | Val Loss 1.8068 Acc 0.3137 AUC 0.6912 Pre 0.2121 Rec 0.2949
2026-08-30 01:12:08 | Diag logvar_q_mean=-2.0387 logvar_q_clamp=0.0000 logvar_p_mean=-2.0379 logvar_p_clamp=0.0000
2026-08-30 01:12:11 | Epoch 359/400 | Train Loss 1.8608 Acc 0.2895 | Val Loss 1.7956 Acc 0.3145 AUC 0.6914 Pre 0.2121 Rec 0.2957
2026-08-30 01:12:12 | Diag logvar_q_mean=-2.0432 logvar_q_clamp=0.0000 logvar_p_mean=-2.0423 logvar_p_clamp=0.0000
2026-08-30 01:12:15 | Epoch 360/400 | Train Loss 1.8670 Acc 0.2877 | Val Loss 1.7969 Acc 0.3150 AUC 0.6917 Pre 0.2120 Rec 0.2962
2026-08-30 01:12:16 | Diag logvar_q_mean=-2.0483 logvar_q_clamp=0.0000 logvar_p_mean=-2.0474 logvar_p_clamp=0.0000
2026-08-30 01:12:19 | Epoch 361/400 | Train Loss 1.8787 Acc 0.2866 | Val Loss 1.8073 Acc 0.3142 AUC 0.6912 Pre 0.2121 Rec 0.2954
2026-08-30 01:12:20 | Diag logvar_q_mean=-2.0527 logvar_q_clamp=0.0000 logvar_p_mean=-2.0518 logvar_p_clamp=0.0000
2026-08-30 01:12:23 | Epoch 362/400 | Train Loss 1.8759 Acc 0.2864 | Val Loss 1.7870 Acc 0.3139 AUC 0.6908 Pre 0.2123 Rec 0.2952
2026-08-30 01:12:24 | Diag logvar_q_mean=-2.0577 logvar_q_clamp=0.0000 logvar_p_mean=-2.0568 logvar_p_clamp=0.0000
2026-08-30 01:12:27 | Epoch 363/400 | Train Loss 1.8674 Acc 0.2895 | Val Loss 1.7958 Acc 0.3143 AUC 0.6910 Pre 0.2120 Rec 0.2955
2026-08-30 01:12:27 | Diag logvar_q_mean=-2.0623 logvar_q_clamp=0.0000 logvar_p_mean=-2.0614 logvar_p_clamp=0.0000
2026-08-30 01:12:31 | Epoch 364/400 | Train Loss 1.8737 Acc 0.2872 | Val Loss 1.7878 Acc 0.3145 AUC 0.6916 Pre 0.2122 Rec 0.2957
2026-08-30 01:12:31 | Diag logvar_q_mean=-2.0674 logvar_q_clamp=0.0000 logvar_p_mean=-2.0666 logvar_p_clamp=0.0000
2026-08-30 01:12:35 | Epoch 365/400 | Train Loss 1.8804 Acc 0.2881 | Val Loss 1.8237 Acc 0.3125 AUC 0.6896 Pre 0.2121 Rec 0.2938
2026-08-30 01:12:35 | Diag logvar_q_mean=-2.0718 logvar_q_clamp=0.0000 logvar_p_mean=-2.0710 logvar_p_clamp=0.0000
2026-08-30 01:12:39 | Epoch 366/400 | Train Loss 1.8691 Acc 0.2898 | Val Loss 1.7963 Acc 0.3135 AUC 0.6908 Pre 0.2123 Rec 0.2948
2026-08-30 01:12:39 | Diag logvar_q_mean=-2.0767 logvar_q_clamp=0.0000 logvar_p_mean=-2.0757 logvar_p_clamp=0.0000
2026-08-30 01:12:42 | Epoch 367/400 | Train Loss 1.8780 Acc 0.2843 | Val Loss 1.8138 Acc 0.3141 AUC 0.6908 Pre 0.2118 Rec 0.2953
2026-08-30 01:12:43 | Diag logvar_q_mean=-2.0814 logvar_q_clamp=0.0000 logvar_p_mean=-2.0806 logvar_p_clamp=0.0000
2026-08-30 01:12:46 | Epoch 368/400 | Train Loss 1.8675 Acc 0.2871 | Val Loss 1.8030 Acc 0.3143 AUC 0.6913 Pre 0.2120 Rec 0.2955
2026-08-30 01:12:47 | Diag logvar_q_mean=-2.0859 logvar_q_clamp=0.0000 logvar_p_mean=-2.0850 logvar_p_clamp=0.0000
2026-08-30 01:12:50 | Epoch 369/400 | Train Loss 1.8680 Acc 0.2848 | Val Loss 1.8154 Acc 0.3146 AUC 0.6911 Pre 0.2119 Rec 0.2958
2026-08-30 01:12:51 | Diag logvar_q_mean=-2.0913 logvar_q_clamp=0.0000 logvar_p_mean=-2.0905 logvar_p_clamp=0.0000
2026-08-30 01:12:54 | Epoch 370/400 | Train Loss 1.8680 Acc 0.2868 | Val Loss 1.8186 Acc 0.3135 AUC 0.6906 Pre 0.2121 Rec 0.2947
2026-08-30 01:12:54 | Diag logvar_q_mean=-2.0957 logvar_q_clamp=0.0000 logvar_p_mean=-2.0948 logvar_p_clamp=0.0000
2026-08-30 01:12:58 | Epoch 371/400 | Train Loss 1.8734 Acc 0.2859 | Val Loss 1.8155 Acc 0.3139 AUC 0.6909 Pre 0.2120 Rec 0.2951
2026-08-30 01:12:58 | Diag logvar_q_mean=-2.1009 logvar_q_clamp=0.0000 logvar_p_mean=-2.1000 logvar_p_clamp=0.0000
2026-08-30 01:13:02 | Epoch 372/400 | Train Loss 1.8790 Acc 0.2871 | Val Loss 1.8050 Acc 0.3134 AUC 0.6907 Pre 0.2124 Rec 0.2947
2026-08-30 01:13:02 | Diag logvar_q_mean=-2.1054 logvar_q_clamp=0.0000 logvar_p_mean=-2.1045 logvar_p_clamp=0.0000
2026-08-30 01:13:05 | Epoch 373/400 | Train Loss 1.8745 Acc 0.2850 | Val Loss 1.8012 Acc 0.3134 AUC 0.6902 Pre 0.2124 Rec 0.2946
2026-08-30 01:13:06 | Diag logvar_q_mean=-2.1103 logvar_q_clamp=0.0000 logvar_p_mean=-2.1094 logvar_p_clamp=0.0000
2026-08-30 01:13:09 | Epoch 374/400 | Train Loss 1.8746 Acc 0.2850 | Val Loss 1.8128 Acc 0.3132 AUC 0.6904 Pre 0.2123 Rec 0.2944
2026-08-30 01:13:10 | Diag logvar_q_mean=-2.1147 logvar_q_clamp=0.0000 logvar_p_mean=-2.1137 logvar_p_clamp=0.0000
2026-08-30 01:13:13 | Epoch 375/400 | Train Loss 1.8759 Acc 0.2843 | Val Loss 1.7976 Acc 0.3139 AUC 0.6907 Pre 0.2123 Rec 0.2951
2026-08-30 01:13:14 | Diag logvar_q_mean=-2.1196 logvar_q_clamp=0.0000 logvar_p_mean=-2.1187 logvar_p_clamp=0.0000
2026-08-30 01:13:17 | Epoch 376/400 | Train Loss 1.8714 Acc 0.2865 | Val Loss 1.8008 Acc 0.3139 AUC 0.6904 Pre 0.2122 Rec 0.2951
2026-08-30 01:13:17 | Diag logvar_q_mean=-2.1243 logvar_q_clamp=0.0000 logvar_p_mean=-2.1235 logvar_p_clamp=0.0000
2026-08-30 01:13:21 | Epoch 377/400 | Train Loss 1.8830 Acc 0.2837 | Val Loss 1.8125 Acc 0.3141 AUC 0.6907 Pre 0.2123 Rec 0.2953
2026-08-30 01:13:21 | Diag logvar_q_mean=-2.1292 logvar_q_clamp=0.0000 logvar_p_mean=-2.1284 logvar_p_clamp=0.0000
2026-08-30 01:13:24 | Epoch 378/400 | Train Loss 1.8757 Acc 0.2853 | Val Loss 1.8131 Acc 0.3137 AUC 0.6910 Pre 0.2122 Rec 0.2949
2026-08-30 01:13:25 | Diag logvar_q_mean=-2.1342 logvar_q_clamp=0.0000 logvar_p_mean=-2.1333 logvar_p_clamp=0.0000
2026-08-30 01:13:28 | Epoch 379/400 | Train Loss 1.8763 Acc 0.2886 | Val Loss 1.7962 Acc 0.3143 AUC 0.6910 Pre 0.2124 Rec 0.2955
2026-08-30 01:13:29 | Diag logvar_q_mean=-2.1382 logvar_q_clamp=0.0000 logvar_p_mean=-2.1373 logvar_p_clamp=0.0000
2026-08-30 01:13:32 | Epoch 380/400 | Train Loss 1.8728 Acc 0.2850 | Val Loss 1.8174 Acc 0.3134 AUC 0.6909 Pre 0.2121 Rec 0.2946
2026-08-30 01:13:33 | Diag logvar_q_mean=-2.1430 logvar_q_clamp=0.0000 logvar_p_mean=-2.1421 logvar_p_clamp=0.0000
2026-08-30 01:13:36 | Epoch 381/400 | Train Loss 1.8773 Acc 0.2841 | Val Loss 1.8110 Acc 0.3143 AUC 0.6914 Pre 0.2121 Rec 0.2955
2026-08-30 01:13:36 | Diag logvar_q_mean=-2.1478 logvar_q_clamp=0.0000 logvar_p_mean=-2.1469 logvar_p_clamp=0.0000
2026-08-30 01:13:40 | Epoch 382/400 | Train Loss 1.8766 Acc 0.2862 | Val Loss 1.8043 Acc 0.3137 AUC 0.6908 Pre 0.2121 Rec 0.2949
2026-08-30 01:13:40 | Diag logvar_q_mean=-2.1528 logvar_q_clamp=0.0000 logvar_p_mean=-2.1520 logvar_p_clamp=0.0000
2026-08-30 01:13:44 | Epoch 383/400 | Train Loss 1.8694 Acc 0.2862 | Val Loss 1.8074 Acc 0.3140 AUC 0.6910 Pre 0.2121 Rec 0.2952
2026-08-30 01:13:44 | Diag logvar_q_mean=-2.1575 logvar_q_clamp=0.0000 logvar_p_mean=-2.1566 logvar_p_clamp=0.0000
2026-08-30 01:13:47 | Epoch 384/400 | Train Loss 1.8704 Acc 0.2850 | Val Loss 1.7960 Acc 0.3143 AUC 0.6908 Pre 0.2122 Rec 0.2955
2026-08-30 01:13:48 | Diag logvar_q_mean=-2.1622 logvar_q_clamp=0.0000 logvar_p_mean=-2.1613 logvar_p_clamp=0.0000
2026-08-30 01:13:51 | Epoch 385/400 | Train Loss 1.8770 Acc 0.2877 | Val Loss 1.7895 Acc 0.3141 AUC 0.6907 Pre 0.2126 Rec 0.2953
2026-08-30 01:13:52 | Diag logvar_q_mean=-2.1667 logvar_q_clamp=0.0000 logvar_p_mean=-2.1658 logvar_p_clamp=0.0000
2026-08-30 01:13:55 | Epoch 386/400 | Train Loss 1.8730 Acc 0.2856 | Val Loss 1.8081 Acc 0.3136 AUC 0.6908 Pre 0.2122 Rec 0.2948
2026-08-30 01:13:56 | Diag logvar_q_mean=-2.1714 logvar_q_clamp=0.0000 logvar_p_mean=-2.1705 logvar_p_clamp=0.0000
2026-08-30 01:13:59 | Epoch 387/400 | Train Loss 1.8756 Acc 0.2884 | Val Loss 1.7993 Acc 0.3143 AUC 0.6911 Pre 0.2121 Rec 0.2955
2026-08-30 01:13:59 | Diag logvar_q_mean=-2.1761 logvar_q_clamp=0.0000 logvar_p_mean=-2.1752 logvar_p_clamp=0.0000
2026-08-30 01:14:03 | Epoch 388/400 | Train Loss 1.8756 Acc 0.2853 | Val Loss 1.8178 Acc 0.3144 AUC 0.6913 Pre 0.2120 Rec 0.2956
2026-08-30 01:14:03 | Diag logvar_q_mean=-2.1806 logvar_q_clamp=0.0000 logvar_p_mean=-2.1798 logvar_p_clamp=0.0000
2026-08-30 01:14:07 | Epoch 389/400 | Train Loss 1.8671 Acc 0.2870 | Val Loss 1.8035 Acc 0.3137 AUC 0.6909 Pre 0.2122 Rec 0.2949
2026-08-30 01:14:07 | Diag logvar_q_mean=-2.1851 logvar_q_clamp=0.0000 logvar_p_mean=-2.1842 logvar_p_clamp=0.0000
2026-08-30 01:14:11 | Epoch 390/400 | Train Loss 1.8672 Acc 0.2868 | Val Loss 1.7962 Acc 0.3140 AUC 0.6912 Pre 0.2121 Rec 0.2952
2026-08-30 01:14:11 | Diag logvar_q_mean=-2.1897 logvar_q_clamp=0.0000 logvar_p_mean=-2.1888 logvar_p_clamp=0.0000
2026-08-30 01:14:14 | Epoch 391/400 | Train Loss 1.8708 Acc 0.2852 | Val Loss 1.8112 Acc 0.3144 AUC 0.6912 Pre 0.2120 Rec 0.2956
2026-08-30 01:14:15 | Diag logvar_q_mean=-2.1943 logvar_q_clamp=0.0000 logvar_p_mean=-2.1934 logvar_p_clamp=0.0000
2026-08-30 01:14:18 | Epoch 392/400 | Train Loss 1.8788 Acc 0.2848 | Val Loss 1.8135 Acc 0.3143 AUC 0.6908 Pre 0.2122 Rec 0.2955
2026-08-30 01:14:19 | Diag logvar_q_mean=-2.1993 logvar_q_clamp=0.0000 logvar_p_mean=-2.1984 logvar_p_clamp=0.0000
2026-08-30 01:14:22 | Epoch 393/400 | Train Loss 1.8786 Acc 0.2858 | Val Loss 1.8200 Acc 0.3137 AUC 0.6904 Pre 0.2121 Rec 0.2949
2026-08-30 01:14:23 | Diag logvar_q_mean=-2.2039 logvar_q_clamp=0.0000 logvar_p_mean=-2.2030 logvar_p_clamp=0.0000
2026-08-30 01:14:26 | Epoch 394/400 | Train Loss 1.8673 Acc 0.2860 | Val Loss 1.8146 Acc 0.3144 AUC 0.6909 Pre 0.2122 Rec 0.2956
2026-08-30 01:14:27 | Diag logvar_q_mean=-2.2083 logvar_q_clamp=0.0000 logvar_p_mean=-2.2075 logvar_p_clamp=0.0000
2026-08-30 01:14:30 | Epoch 395/400 | Train Loss 1.8713 Acc 0.2846 | Val Loss 1.8254 Acc 0.3144 AUC 0.6912 Pre 0.2118 Rec 0.2956
2026-08-30 01:14:31 | Diag logvar_q_mean=-2.2130 logvar_q_clamp=0.0000 logvar_p_mean=-2.2121 logvar_p_clamp=0.0000
2026-08-30 01:14:34 | Epoch 396/400 | Train Loss 1.8734 Acc 0.2862 | Val Loss 1.8236 Acc 0.3141 AUC 0.6910 Pre 0.2118 Rec 0.2953
2026-08-30 01:14:34 | Diag logvar_q_mean=-2.2171 logvar_q_clamp=0.0000 logvar_p_mean=-2.2162 logvar_p_clamp=0.0000
2026-08-30 01:14:38 | Epoch 397/400 | Train Loss 1.8752 Acc 0.2865 | Val Loss 1.8128 Acc 0.3144 AUC 0.6913 Pre 0.2118 Rec 0.2956
2026-08-30 01:14:38 | Diag logvar_q_mean=-2.2215 logvar_q_clamp=0.0000 logvar_p_mean=-2.2206 logvar_p_clamp=0.0000
2026-08-30 01:14:42 | Epoch 398/400 | Train Loss 1.8769 Acc 0.2874 | Val Loss 1.8226 Acc 0.3136 AUC 0.6907 Pre 0.2121 Rec 0.2948
2026-08-30 01:14:42 | Diag logvar_q_mean=-2.2258 logvar_q_clamp=0.0000 logvar_p_mean=-2.2249 logvar_p_clamp=0.0000
2026-08-30 01:14:46 | Epoch 399/400 | Train Loss 1.8705 Acc 0.2869 | Val Loss 1.8118 Acc 0.3143 AUC 0.6913 Pre 0.2120 Rec 0.2955
2026-08-30 01:14:46 | Diag logvar_q_mean=-2.2303 logvar_q_clamp=0.0000 logvar_p_mean=-2.2294 logvar_p_clamp=0.0000
2026-08-30 01:14:50 | Epoch 400/400 | Train Loss 1.8716 Acc 0.2851 | Val Loss 1.8148 Acc 0.3147 AUC 0.6913 Pre 0.2121 Rec 0.2959
2026-08-30 01:14:50 | Diag logvar_q_mean=-2.2349 logvar_q_clamp=0.0000 logvar_p_mean=-2.2340 logvar_p_clamp=0.0000
2026-08-30 01:14:51 | Run 2/5 | Test (best model @ Epoch 19) | Loss 1.7657 Acc 0.3116 AUC 0.6931 Pre 0.2115 Rec 0.2974
2026-08-30 01:14:51 | ===== Run 3/5 (seed 2) =====
2026-08-30 01:14:54 | Epoch   1/400 | Train Loss 2.4251 Acc 0.1031 | Val Loss 2.2925 Acc 0.2112 AUC 0.6032 Pre 0.0942 Rec 0.1949
2026-08-30 01:14:55 | Diag logvar_q_mean=-0.0102 logvar_q_clamp=0.0000 logvar_p_mean=-0.0101 logvar_p_clamp=0.0000
2026-08-30 01:14:55 |   Val AUC improved to 0.6032, model saved
2026-08-30 01:14:58 | Epoch   2/400 | Train Loss 2.3141 Acc 0.1302 | Val Loss 2.2497 Acc 0.2139 AUC 0.6064 Pre 0.0997 Rec 0.1974
2026-08-30 01:14:58 | Diag logvar_q_mean=-0.0176 logvar_q_clamp=0.0000 logvar_p_mean=-0.0174 logvar_p_clamp=0.0000
2026-08-30 01:14:58 |   Val AUC improved to 0.6064, model saved
2026-08-30 01:15:02 | Epoch   3/400 | Train Loss 2.2801 Acc 0.1539 | Val Loss 2.1920 Acc 0.2163 AUC 0.6092 Pre 0.1144 Rec 0.1976
2026-08-30 01:15:02 | Diag logvar_q_mean=-0.0189 logvar_q_clamp=0.0000 logvar_p_mean=-0.0182 logvar_p_clamp=0.0000
2026-08-30 01:15:02 |   Val AUC improved to 0.6092, model saved
2026-08-30 01:15:06 | Epoch   4/400 | Train Loss 2.2324 Acc 0.1716 | Val Loss 2.0963 Acc 0.2163 AUC 0.6053 Pre 0.1093 Rec 0.1976
2026-08-30 01:15:06 | Diag logvar_q_mean=-0.0189 logvar_q_clamp=0.0000 logvar_p_mean=-0.0179 logvar_p_clamp=0.0000
2026-08-30 01:15:10 | Epoch   5/400 | Train Loss 2.2008 Acc 0.1807 | Val Loss 2.0495 Acc 0.2169 AUC 0.6055 Pre 0.1087 Rec 0.1981
2026-08-30 01:15:10 | Diag logvar_q_mean=-0.0176 logvar_q_clamp=0.0000 logvar_p_mean=-0.0168 logvar_p_clamp=0.0000
2026-08-30 01:15:13 | Epoch   6/400 | Train Loss 2.1901 Acc 0.1829 | Val Loss 2.0294 Acc 0.2170 AUC 0.6055 Pre 0.1099 Rec 0.1982
2026-08-30 01:15:14 | Diag logvar_q_mean=-0.0176 logvar_q_clamp=0.0000 logvar_p_mean=-0.0169 logvar_p_clamp=0.0000
2026-08-30 01:15:17 | Epoch   7/400 | Train Loss 2.1875 Acc 0.1840 | Val Loss 2.0211 Acc 0.2169 AUC 0.6052 Pre 0.1101 Rec 0.1981
2026-08-30 01:15:18 | Diag logvar_q_mean=-0.0178 logvar_q_clamp=0.0000 logvar_p_mean=-0.0174 logvar_p_clamp=0.0000
2026-08-30 01:15:21 | Epoch   8/400 | Train Loss 2.1821 Acc 0.1853 | Val Loss 2.0149 Acc 0.2169 AUC 0.6054 Pre 0.1103 Rec 0.1981
2026-08-30 01:15:21 | Diag logvar_q_mean=-0.0205 logvar_q_clamp=0.0000 logvar_p_mean=-0.0198 logvar_p_clamp=0.0000
2026-08-30 01:15:25 | Epoch   9/400 | Train Loss 2.1754 Acc 0.1858 | Val Loss 2.0104 Acc 0.2168 AUC 0.6053 Pre 0.1101 Rec 0.1980
2026-08-30 01:15:25 | Diag logvar_q_mean=-0.0228 logvar_q_clamp=0.0000 logvar_p_mean=-0.0226 logvar_p_clamp=0.0000
2026-08-30 01:15:29 | Epoch  10/400 | Train Loss 2.1816 Acc 0.1878 | Val Loss 2.0069 Acc 0.2170 AUC 0.6056 Pre 0.1101 Rec 0.1982
2026-08-30 01:15:29 | Diag logvar_q_mean=-0.0248 logvar_q_clamp=0.0000 logvar_p_mean=-0.0243 logvar_p_clamp=0.0000
2026-08-30 01:15:32 | Epoch  11/400 | Train Loss 2.1776 Acc 0.1881 | Val Loss 2.0088 Acc 0.2169 AUC 0.6054 Pre 0.1107 Rec 0.1981
2026-08-30 01:15:33 | Diag logvar_q_mean=-0.0294 logvar_q_clamp=0.0000 logvar_p_mean=-0.0287 logvar_p_clamp=0.0000
2026-08-30 01:15:36 | Epoch  12/400 | Train Loss 2.1777 Acc 0.1884 | Val Loss 2.0103 Acc 0.2168 AUC 0.6052 Pre 0.1109 Rec 0.1981
2026-08-30 01:15:37 | Diag logvar_q_mean=-0.0330 logvar_q_clamp=0.0000 logvar_p_mean=-0.0324 logvar_p_clamp=0.0000
2026-08-30 01:15:40 | Epoch  13/400 | Train Loss 2.1817 Acc 0.1848 | Val Loss 2.0151 Acc 0.2168 AUC 0.6053 Pre 0.1110 Rec 0.1981
2026-08-30 01:15:41 | Diag logvar_q_mean=-0.0378 logvar_q_clamp=0.0000 logvar_p_mean=-0.0368 logvar_p_clamp=0.0000
2026-08-30 01:15:44 | Epoch  14/400 | Train Loss 2.1771 Acc 0.1874 | Val Loss 2.0093 Acc 0.2168 AUC 0.6053 Pre 0.1105 Rec 0.1980
2026-08-30 01:15:44 | Diag logvar_q_mean=-0.0418 logvar_q_clamp=0.0000 logvar_p_mean=-0.0412 logvar_p_clamp=0.0000
2026-08-30 01:15:48 | Epoch  15/400 | Train Loss 2.1720 Acc 0.1907 | Val Loss 2.0085 Acc 0.2168 AUC 0.6054 Pre 0.1108 Rec 0.1980
2026-08-30 01:15:48 | Diag logvar_q_mean=-0.0461 logvar_q_clamp=0.0000 logvar_p_mean=-0.0455 logvar_p_clamp=0.0000
2026-08-30 01:15:52 | Epoch  16/400 | Train Loss 2.1691 Acc 0.1893 | Val Loss 2.0077 Acc 0.2168 AUC 0.6055 Pre 0.1107 Rec 0.1980
2026-08-30 01:15:52 | Diag logvar_q_mean=-0.0507 logvar_q_clamp=0.0000 logvar_p_mean=-0.0498 logvar_p_clamp=0.0000
2026-08-30 01:15:56 | Epoch  17/400 | Train Loss 2.1703 Acc 0.1868 | Val Loss 2.0055 Acc 0.2165 AUC 0.6055 Pre 0.1107 Rec 0.1978
2026-08-30 01:15:56 | Diag logvar_q_mean=-0.0549 logvar_q_clamp=0.0000 logvar_p_mean=-0.0544 logvar_p_clamp=0.0000
2026-08-30 01:16:00 | Epoch  18/400 | Train Loss 2.1732 Acc 0.1888 | Val Loss 2.0012 Acc 0.2172 AUC 0.6058 Pre 0.1097 Rec 0.1984
2026-08-30 01:16:00 | Diag logvar_q_mean=-0.0594 logvar_q_clamp=0.0000 logvar_p_mean=-0.0587 logvar_p_clamp=0.0000
2026-08-30 01:16:03 | Epoch  19/400 | Train Loss 2.1746 Acc 0.1862 | Val Loss 2.0035 Acc 0.2168 AUC 0.6054 Pre 0.1109 Rec 0.1981
2026-08-30 01:16:04 | Diag logvar_q_mean=-0.0643 logvar_q_clamp=0.0000 logvar_p_mean=-0.0637 logvar_p_clamp=0.0000
2026-08-30 01:16:07 | Epoch  20/400 | Train Loss 2.1703 Acc 0.1892 | Val Loss 2.0030 Acc 0.2169 AUC 0.6052 Pre 0.1108 Rec 0.1981
2026-08-30 01:16:08 | Diag logvar_q_mean=-0.0695 logvar_q_clamp=0.0000 logvar_p_mean=-0.0690 logvar_p_clamp=0.0000
2026-08-30 01:16:11 | Epoch  21/400 | Train Loss 2.1657 Acc 0.1896 | Val Loss 1.9988 Acc 0.2168 AUC 0.6055 Pre 0.1104 Rec 0.1980
2026-08-30 01:16:12 | Diag logvar_q_mean=-0.0742 logvar_q_clamp=0.0000 logvar_p_mean=-0.0738 logvar_p_clamp=0.0000
2026-08-30 01:16:15 | Epoch  22/400 | Train Loss 2.1689 Acc 0.1886 | Val Loss 2.0062 Acc 0.2167 AUC 0.6052 Pre 0.1109 Rec 0.1980
2026-08-30 01:16:16 | Diag logvar_q_mean=-0.0794 logvar_q_clamp=0.0000 logvar_p_mean=-0.0784 logvar_p_clamp=0.0000
2026-08-30 01:16:19 | Epoch  23/400 | Train Loss 2.1725 Acc 0.1874 | Val Loss 2.0004 Acc 0.2168 AUC 0.6056 Pre 0.1102 Rec 0.1980
2026-08-30 01:16:20 | Diag logvar_q_mean=-0.0851 logvar_q_clamp=0.0000 logvar_p_mean=-0.0844 logvar_p_clamp=0.0000
2026-08-30 01:16:23 | Epoch  24/400 | Train Loss 2.1661 Acc 0.1902 | Val Loss 1.9961 Acc 0.2171 AUC 0.6057 Pre 0.1104 Rec 0.1983
2026-08-30 01:16:24 | Diag logvar_q_mean=-0.0905 logvar_q_clamp=0.0000 logvar_p_mean=-0.0900 logvar_p_clamp=0.0000
2026-08-30 01:16:27 | Epoch  25/400 | Train Loss 2.1673 Acc 0.1870 | Val Loss 1.9975 Acc 0.2168 AUC 0.6056 Pre 0.1102 Rec 0.1980
2026-08-30 01:16:28 | Diag logvar_q_mean=-0.0959 logvar_q_clamp=0.0000 logvar_p_mean=-0.0956 logvar_p_clamp=0.0000
2026-08-30 01:16:31 | Epoch  26/400 | Train Loss 2.1645 Acc 0.1861 | Val Loss 1.9961 Acc 0.2169 AUC 0.6053 Pre 0.1110 Rec 0.1981
2026-08-30 01:16:31 | Diag logvar_q_mean=-0.1019 logvar_q_clamp=0.0000 logvar_p_mean=-0.1013 logvar_p_clamp=0.0000
2026-08-30 01:16:35 | Epoch  27/400 | Train Loss 2.1536 Acc 0.1900 | Val Loss 1.9964 Acc 0.2169 AUC 0.6053 Pre 0.1105 Rec 0.1981
2026-08-30 01:16:35 | Diag logvar_q_mean=-0.1081 logvar_q_clamp=0.0000 logvar_p_mean=-0.1074 logvar_p_clamp=0.0000
2026-08-30 01:16:39 | Epoch  28/400 | Train Loss 2.1567 Acc 0.1926 | Val Loss 2.0030 Acc 0.2165 AUC 0.6052 Pre 0.1107 Rec 0.1978
2026-08-30 01:16:39 | Diag logvar_q_mean=-0.1134 logvar_q_clamp=0.0000 logvar_p_mean=-0.1126 logvar_p_clamp=0.0000
2026-08-30 01:16:42 | Epoch  29/400 | Train Loss 2.1490 Acc 0.1933 | Val Loss 1.9953 Acc 0.2168 AUC 0.6055 Pre 0.1102 Rec 0.1980
2026-08-30 01:16:43 | Diag logvar_q_mean=-0.1198 logvar_q_clamp=0.0000 logvar_p_mean=-0.1192 logvar_p_clamp=0.0000
2026-08-30 01:16:46 | Epoch  30/400 | Train Loss 2.1467 Acc 0.1916 | Val Loss 1.9978 Acc 0.2170 AUC 0.6053 Pre 0.1105 Rec 0.1982
2026-08-30 01:16:47 | Diag logvar_q_mean=-0.1261 logvar_q_clamp=0.0000 logvar_p_mean=-0.1255 logvar_p_clamp=0.0000
2026-08-30 01:16:50 | Epoch  31/400 | Train Loss 2.1438 Acc 0.1938 | Val Loss 1.9977 Acc 0.2173 AUC 0.6055 Pre 0.1106 Rec 0.1985
2026-08-30 01:16:51 | Diag logvar_q_mean=-0.1328 logvar_q_clamp=0.0000 logvar_p_mean=-0.1321 logvar_p_clamp=0.0000
2026-08-30 01:16:54 | Epoch  32/400 | Train Loss 2.1376 Acc 0.1937 | Val Loss 1.9974 Acc 0.2171 AUC 0.6056 Pre 0.1105 Rec 0.1983
2026-08-30 01:16:54 | Diag logvar_q_mean=-0.1391 logvar_q_clamp=0.0000 logvar_p_mean=-0.1387 logvar_p_clamp=0.0000
2026-08-30 01:16:58 | Epoch  33/400 | Train Loss 2.1270 Acc 0.1950 | Val Loss 1.9970 Acc 0.2172 AUC 0.6054 Pre 0.1109 Rec 0.1984
2026-08-30 01:16:58 | Diag logvar_q_mean=-0.1457 logvar_q_clamp=0.0000 logvar_p_mean=-0.1452 logvar_p_clamp=0.0000
2026-08-30 01:17:02 | Epoch  34/400 | Train Loss 2.1206 Acc 0.1953 | Val Loss 2.0025 Acc 0.2172 AUC 0.6052 Pre 0.1111 Rec 0.1984
2026-08-30 01:17:02 | Diag logvar_q_mean=-0.1526 logvar_q_clamp=0.0000 logvar_p_mean=-0.1519 logvar_p_clamp=0.0000
2026-08-30 01:17:05 | Epoch  35/400 | Train Loss 2.1149 Acc 0.1962 | Val Loss 2.0035 Acc 0.2173 AUC 0.6052 Pre 0.1107 Rec 0.1985
2026-08-30 01:17:06 | Diag logvar_q_mean=-0.1592 logvar_q_clamp=0.0000 logvar_p_mean=-0.1587 logvar_p_clamp=0.0000
2026-08-30 01:17:09 | Epoch  36/400 | Train Loss 2.1039 Acc 0.1969 | Val Loss 2.0030 Acc 0.2167 AUC 0.6053 Pre 0.1108 Rec 0.1980
2026-08-30 01:17:10 | Diag logvar_q_mean=-0.1657 logvar_q_clamp=0.0000 logvar_p_mean=-0.1651 logvar_p_clamp=0.0000
2026-08-30 01:17:13 | Epoch  37/400 | Train Loss 2.1068 Acc 0.1981 | Val Loss 2.0087 Acc 0.2164 AUC 0.6048 Pre 0.1114 Rec 0.1977
2026-08-30 01:17:14 | Diag logvar_q_mean=-0.1725 logvar_q_clamp=0.0000 logvar_p_mean=-0.1718 logvar_p_clamp=0.0000
2026-08-30 01:17:17 | Epoch  38/400 | Train Loss 2.0962 Acc 0.2021 | Val Loss 2.0035 Acc 0.2172 AUC 0.6054 Pre 0.1108 Rec 0.1984
2026-08-30 01:17:17 | Diag logvar_q_mean=-0.1789 logvar_q_clamp=0.0000 logvar_p_mean=-0.1784 logvar_p_clamp=0.0000
2026-08-30 01:17:21 | Epoch  39/400 | Train Loss 2.0926 Acc 0.1997 | Val Loss 2.0026 Acc 0.2169 AUC 0.6050 Pre 0.1110 Rec 0.1981
2026-08-30 01:17:21 | Diag logvar_q_mean=-0.1858 logvar_q_clamp=0.0000 logvar_p_mean=-0.1853 logvar_p_clamp=0.0000
2026-08-30 01:17:25 | Epoch  40/400 | Train Loss 2.0847 Acc 0.2034 | Val Loss 2.0026 Acc 0.2173 AUC 0.6053 Pre 0.1107 Rec 0.1985
2026-08-30 01:17:25 | Diag logvar_q_mean=-0.1922 logvar_q_clamp=0.0000 logvar_p_mean=-0.1918 logvar_p_clamp=0.0000
2026-08-30 01:17:29 | Epoch  41/400 | Train Loss 2.0829 Acc 0.2019 | Val Loss 2.0025 Acc 0.2172 AUC 0.6051 Pre 0.1110 Rec 0.1984
2026-08-30 01:17:29 | Diag logvar_q_mean=-0.1987 logvar_q_clamp=0.0000 logvar_p_mean=-0.1982 logvar_p_clamp=0.0000
2026-08-30 01:17:32 | Epoch  42/400 | Train Loss 2.0778 Acc 0.2015 | Val Loss 2.0041 Acc 0.2170 AUC 0.6051 Pre 0.1109 Rec 0.1982
2026-08-30 01:17:33 | Diag logvar_q_mean=-0.2057 logvar_q_clamp=0.0000 logvar_p_mean=-0.2052 logvar_p_clamp=0.0000
2026-08-30 01:17:36 | Epoch  43/400 | Train Loss 2.0783 Acc 0.2035 | Val Loss 2.0116 Acc 0.2173 AUC 0.6051 Pre 0.1110 Rec 0.1985
2026-08-30 01:17:37 | Diag logvar_q_mean=-0.2130 logvar_q_clamp=0.0000 logvar_p_mean=-0.2125 logvar_p_clamp=0.0000
2026-08-30 01:17:40 | Epoch  44/400 | Train Loss 2.0744 Acc 0.2047 | Val Loss 2.0115 Acc 0.2149 AUC 0.6049 Pre 0.1379 Rec 0.1984
2026-08-30 01:17:41 | Diag logvar_q_mean=-0.2197 logvar_q_clamp=0.0000 logvar_p_mean=-0.2191 logvar_p_clamp=0.0000
2026-08-30 01:17:44 | Epoch  45/400 | Train Loss 2.0716 Acc 0.2041 | Val Loss 2.0125 Acc 0.2172 AUC 0.6050 Pre 0.1109 Rec 0.1984
2026-08-30 01:17:45 | Diag logvar_q_mean=-0.2269 logvar_q_clamp=0.0000 logvar_p_mean=-0.2264 logvar_p_clamp=0.0000
2026-08-30 01:17:48 | Epoch  46/400 | Train Loss 2.0802 Acc 0.2010 | Val Loss 2.0151 Acc 0.2171 AUC 0.6049 Pre 0.1108 Rec 0.1983
2026-08-30 01:17:49 | Diag logvar_q_mean=-0.2343 logvar_q_clamp=0.0000 logvar_p_mean=-0.2338 logvar_p_clamp=0.0000
2026-08-30 01:17:52 | Epoch  47/400 | Train Loss 2.0808 Acc 0.1997 | Val Loss 2.0182 Acc 0.2171 AUC 0.6050 Pre 0.1106 Rec 0.1983
2026-08-30 01:17:53 | Diag logvar_q_mean=-0.2421 logvar_q_clamp=0.0000 logvar_p_mean=-0.2416 logvar_p_clamp=0.0000
2026-08-30 01:17:56 | Epoch  48/400 | Train Loss 2.0733 Acc 0.2032 | Val Loss 2.0140 Acc 0.2171 AUC 0.6050 Pre 0.1109 Rec 0.1983
2026-08-30 01:17:56 | Diag logvar_q_mean=-0.2492 logvar_q_clamp=0.0000 logvar_p_mean=-0.2487 logvar_p_clamp=0.0000
2026-08-30 01:18:00 | Epoch  49/400 | Train Loss 2.0713 Acc 0.2065 | Val Loss 2.0102 Acc 0.2172 AUC 0.6049 Pre 0.1112 Rec 0.1984
2026-08-30 01:18:00 | Diag logvar_q_mean=-0.2566 logvar_q_clamp=0.0000 logvar_p_mean=-0.2561 logvar_p_clamp=0.0000
2026-08-30 01:18:04 | Epoch  50/400 | Train Loss 2.0687 Acc 0.2048 | Val Loss 2.0111 Acc 0.2172 AUC 0.6051 Pre 0.1111 Rec 0.1984
2026-08-30 01:18:04 | Diag logvar_q_mean=-0.2641 logvar_q_clamp=0.0000 logvar_p_mean=-0.2637 logvar_p_clamp=0.0000
2026-08-30 01:18:08 | Epoch  51/400 | Train Loss 2.0707 Acc 0.2035 | Val Loss 2.0214 Acc 0.2170 AUC 0.6053 Pre 0.1106 Rec 0.1982
2026-08-30 01:18:08 | Diag logvar_q_mean=-0.2718 logvar_q_clamp=0.0000 logvar_p_mean=-0.2714 logvar_p_clamp=0.0000
2026-08-30 01:18:12 | Epoch  52/400 | Train Loss 2.0710 Acc 0.2044 | Val Loss 2.0241 Acc 0.2172 AUC 0.6052 Pre 0.1106 Rec 0.1984
2026-08-30 01:18:12 | Diag logvar_q_mean=-0.2796 logvar_q_clamp=0.0000 logvar_p_mean=-0.2792 logvar_p_clamp=0.0000
2026-08-30 01:18:16 | Epoch  53/400 | Train Loss 2.0742 Acc 0.2053 | Val Loss 2.0173 Acc 0.2167 AUC 0.6047 Pre 0.1109 Rec 0.1980
2026-08-30 01:18:16 | Diag logvar_q_mean=-0.2876 logvar_q_clamp=0.0000 logvar_p_mean=-0.2872 logvar_p_clamp=0.0000
2026-08-30 01:18:20 | Epoch  54/400 | Train Loss 2.0693 Acc 0.2033 | Val Loss 2.0128 Acc 0.2167 AUC 0.6047 Pre 0.1111 Rec 0.1980
2026-08-30 01:18:20 | Diag logvar_q_mean=-0.2958 logvar_q_clamp=0.0000 logvar_p_mean=-0.2953 logvar_p_clamp=0.0000
2026-08-30 01:18:24 | Epoch  55/400 | Train Loss 2.0678 Acc 0.2032 | Val Loss 2.0234 Acc 0.2168 AUC 0.6051 Pre 0.1110 Rec 0.1980
2026-08-30 01:18:24 | Diag logvar_q_mean=-0.3037 logvar_q_clamp=0.0000 logvar_p_mean=-0.3032 logvar_p_clamp=0.0000
2026-08-30 01:18:28 | Epoch  56/400 | Train Loss 2.0692 Acc 0.2037 | Val Loss 2.0189 Acc 0.2167 AUC 0.6047 Pre 0.1110 Rec 0.1980
2026-08-30 01:18:28 | Diag logvar_q_mean=-0.3119 logvar_q_clamp=0.0000 logvar_p_mean=-0.3114 logvar_p_clamp=0.0000
2026-08-30 01:18:31 | Epoch  57/400 | Train Loss 2.0635 Acc 0.2043 | Val Loss 2.0110 Acc 0.2172 AUC 0.6050 Pre 0.1111 Rec 0.1984
2026-08-30 01:18:32 | Diag logvar_q_mean=-0.3201 logvar_q_clamp=0.0000 logvar_p_mean=-0.3197 logvar_p_clamp=0.0000
2026-08-30 01:18:35 | Epoch  58/400 | Train Loss 2.0669 Acc 0.2059 | Val Loss 2.0224 Acc 0.2163 AUC 0.6044 Pre 0.1110 Rec 0.1976
2026-08-30 01:18:36 | Diag logvar_q_mean=-0.3284 logvar_q_clamp=0.0000 logvar_p_mean=-0.3278 logvar_p_clamp=0.0000
2026-08-30 01:18:39 | Epoch  59/400 | Train Loss 2.0705 Acc 0.2032 | Val Loss 2.0183 Acc 0.2160 AUC 0.6045 Pre 0.1115 Rec 0.1973
2026-08-30 01:18:40 | Diag logvar_q_mean=-0.3367 logvar_q_clamp=0.0000 logvar_p_mean=-0.3361 logvar_p_clamp=0.0000
2026-08-30 01:18:43 | Epoch  60/400 | Train Loss 2.0664 Acc 0.2021 | Val Loss 2.0153 Acc 0.2169 AUC 0.6049 Pre 0.1109 Rec 0.1981
2026-08-30 01:18:43 | Diag logvar_q_mean=-0.3449 logvar_q_clamp=0.0000 logvar_p_mean=-0.3444 logvar_p_clamp=0.0000
2026-08-30 01:18:47 | Epoch  61/400 | Train Loss 2.0682 Acc 0.2072 | Val Loss 2.0279 Acc 0.2170 AUC 0.6050 Pre 0.1110 Rec 0.1982
2026-08-30 01:18:47 | Diag logvar_q_mean=-0.3532 logvar_q_clamp=0.0000 logvar_p_mean=-0.3526 logvar_p_clamp=0.0000
2026-08-30 01:18:51 | Epoch  62/400 | Train Loss 2.0687 Acc 0.2075 | Val Loss 2.0233 Acc 0.2172 AUC 0.6049 Pre 0.1110 Rec 0.1984
2026-08-30 01:18:51 | Diag logvar_q_mean=-0.3616 logvar_q_clamp=0.0000 logvar_p_mean=-0.3612 logvar_p_clamp=0.0000
2026-08-30 01:18:54 | Epoch  63/400 | Train Loss 2.0684 Acc 0.2053 | Val Loss 2.0150 Acc 0.2169 AUC 0.6049 Pre 0.1110 Rec 0.1981
2026-08-30 01:18:55 | Diag logvar_q_mean=-0.3703 logvar_q_clamp=0.0000 logvar_p_mean=-0.3698 logvar_p_clamp=0.0000
2026-08-30 01:18:58 | Epoch  64/400 | Train Loss 2.0730 Acc 0.2032 | Val Loss 2.0260 Acc 0.2161 AUC 0.6045 Pre 0.1114 Rec 0.1974
2026-08-30 01:18:59 | Diag logvar_q_mean=-0.3790 logvar_q_clamp=0.0000 logvar_p_mean=-0.3784 logvar_p_clamp=0.0000
2026-08-30 01:19:02 | Epoch  65/400 | Train Loss 2.0730 Acc 0.2059 | Val Loss 2.0249 Acc 0.2170 AUC 0.6054 Pre 0.1109 Rec 0.1982
2026-08-30 01:19:03 | Diag logvar_q_mean=-0.3877 logvar_q_clamp=0.0000 logvar_p_mean=-0.3872 logvar_p_clamp=0.0000
2026-08-30 01:19:06 | Epoch  66/400 | Train Loss 2.0701 Acc 0.2045 | Val Loss 2.0318 Acc 0.2166 AUC 0.6048 Pre 0.1109 Rec 0.1979
2026-08-30 01:19:07 | Diag logvar_q_mean=-0.3961 logvar_q_clamp=0.0000 logvar_p_mean=-0.3956 logvar_p_clamp=0.0000
2026-08-30 01:19:10 | Epoch  67/400 | Train Loss 2.0695 Acc 0.2041 | Val Loss 2.0251 Acc 0.2164 AUC 0.6044 Pre 0.1110 Rec 0.1977
2026-08-30 01:19:11 | Diag logvar_q_mean=-0.4049 logvar_q_clamp=0.0000 logvar_p_mean=-0.4044 logvar_p_clamp=0.0000
2026-08-30 01:19:14 | Epoch  68/400 | Train Loss 2.0663 Acc 0.2061 | Val Loss 2.0287 Acc 0.2159 AUC 0.6041 Pre 0.1116 Rec 0.1973
2026-08-30 01:19:15 | Diag logvar_q_mean=-0.4134 logvar_q_clamp=0.0000 logvar_p_mean=-0.4127 logvar_p_clamp=0.0000
2026-08-30 01:19:18 | Epoch  69/400 | Train Loss 2.0718 Acc 0.2017 | Val Loss 2.0151 Acc 0.2169 AUC 0.6050 Pre 0.1110 Rec 0.1981
2026-08-30 01:19:19 | Diag logvar_q_mean=-0.4220 logvar_q_clamp=0.0000 logvar_p_mean=-0.4214 logvar_p_clamp=0.0000
2026-08-30 01:19:22 | Epoch  70/400 | Train Loss 2.0730 Acc 0.2053 | Val Loss 2.0287 Acc 0.2172 AUC 0.6053 Pre 0.1108 Rec 0.1984
2026-08-30 01:19:23 | Diag logvar_q_mean=-0.4304 logvar_q_clamp=0.0000 logvar_p_mean=-0.4300 logvar_p_clamp=0.0000
2026-08-30 01:19:26 | Epoch  71/400 | Train Loss 2.0718 Acc 0.2040 | Val Loss 2.0194 Acc 0.2174 AUC 0.6052 Pre 0.1109 Rec 0.1986
2026-08-30 01:19:27 | Diag logvar_q_mean=-0.4390 logvar_q_clamp=0.0000 logvar_p_mean=-0.4385 logvar_p_clamp=0.0000
2026-08-30 01:19:30 | Epoch  72/400 | Train Loss 2.0644 Acc 0.2027 | Val Loss 2.0138 Acc 0.2176 AUC 0.6057 Pre 0.1111 Rec 0.1988
2026-08-30 01:19:30 | Diag logvar_q_mean=-0.4476 logvar_q_clamp=0.0000 logvar_p_mean=-0.4471 logvar_p_clamp=0.0000
2026-08-30 01:19:34 | Epoch  73/400 | Train Loss 2.0579 Acc 0.2059 | Val Loss 2.0208 Acc 0.2174 AUC 0.6055 Pre 0.1107 Rec 0.1986
2026-08-30 01:19:34 | Diag logvar_q_mean=-0.4559 logvar_q_clamp=0.0000 logvar_p_mean=-0.4554 logvar_p_clamp=0.0000
2026-08-30 01:19:38 | Epoch  74/400 | Train Loss 2.0682 Acc 0.2052 | Val Loss 2.0342 Acc 0.2173 AUC 0.6054 Pre 0.1106 Rec 0.1985
2026-08-30 01:19:38 | Diag logvar_q_mean=-0.4650 logvar_q_clamp=0.0000 logvar_p_mean=-0.4645 logvar_p_clamp=0.0000
2026-08-30 01:19:42 | Epoch  75/400 | Train Loss 2.0672 Acc 0.2046 | Val Loss 2.0202 Acc 0.2162 AUC 0.6041 Pre 0.1115 Rec 0.1975
2026-08-30 01:19:42 | Diag logvar_q_mean=-0.4739 logvar_q_clamp=0.0000 logvar_p_mean=-0.4733 logvar_p_clamp=0.0000
2026-08-30 01:19:45 | Epoch  76/400 | Train Loss 2.0663 Acc 0.2041 | Val Loss 2.0285 Acc 0.2171 AUC 0.6049 Pre 0.1111 Rec 0.1983
2026-08-30 01:19:46 | Diag logvar_q_mean=-0.4825 logvar_q_clamp=0.0000 logvar_p_mean=-0.4820 logvar_p_clamp=0.0000
2026-08-30 01:19:49 | Epoch  77/400 | Train Loss 2.0660 Acc 0.2042 | Val Loss 2.0217 Acc 0.2166 AUC 0.6049 Pre 0.1110 Rec 0.1979
2026-08-30 01:19:50 | Diag logvar_q_mean=-0.4914 logvar_q_clamp=0.0000 logvar_p_mean=-0.4909 logvar_p_clamp=0.0000
2026-08-30 01:19:53 | Epoch  78/400 | Train Loss 2.0631 Acc 0.2073 | Val Loss 2.0192 Acc 0.2171 AUC 0.6051 Pre 0.1108 Rec 0.1983
2026-08-30 01:19:54 | Diag logvar_q_mean=-0.4998 logvar_q_clamp=0.0000 logvar_p_mean=-0.4992 logvar_p_clamp=0.0000
2026-08-30 01:19:57 | Epoch  79/400 | Train Loss 2.0626 Acc 0.2066 | Val Loss 2.0313 Acc 0.2168 AUC 0.6050 Pre 0.1109 Rec 0.1980
2026-08-30 01:19:58 | Diag logvar_q_mean=-0.5082 logvar_q_clamp=0.0000 logvar_p_mean=-0.5077 logvar_p_clamp=0.0000
2026-08-30 01:20:01 | Epoch  80/400 | Train Loss 2.0607 Acc 0.2050 | Val Loss 2.0236 Acc 0.2169 AUC 0.6049 Pre 0.1111 Rec 0.1981
2026-08-30 01:20:02 | Diag logvar_q_mean=-0.5171 logvar_q_clamp=0.0000 logvar_p_mean=-0.5165 logvar_p_clamp=0.0000
2026-08-30 01:20:05 | Epoch  81/400 | Train Loss 2.0754 Acc 0.2051 | Val Loss 2.0179 Acc 0.2170 AUC 0.6050 Pre 0.1110 Rec 0.1982
2026-08-30 01:20:06 | Diag logvar_q_mean=-0.5253 logvar_q_clamp=0.0000 logvar_p_mean=-0.5247 logvar_p_clamp=0.0000
2026-08-30 01:20:09 | Epoch  82/400 | Train Loss 2.0688 Acc 0.2055 | Val Loss 2.0212 Acc 0.2172 AUC 0.6051 Pre 0.1111 Rec 0.1984
2026-08-30 01:20:09 | Diag logvar_q_mean=-0.5342 logvar_q_clamp=0.0000 logvar_p_mean=-0.5336 logvar_p_clamp=0.0000
2026-08-30 01:20:13 | Epoch  83/400 | Train Loss 2.0641 Acc 0.2047 | Val Loss 2.0220 Acc 0.2169 AUC 0.6053 Pre 0.1111 Rec 0.1981
2026-08-30 01:20:13 | Diag logvar_q_mean=-0.5432 logvar_q_clamp=0.0000 logvar_p_mean=-0.5426 logvar_p_clamp=0.0000
2026-08-30 01:20:17 | Epoch  84/400 | Train Loss 2.0686 Acc 0.2072 | Val Loss 2.0146 Acc 0.2171 AUC 0.6052 Pre 0.1111 Rec 0.1983
2026-08-30 01:20:17 | Diag logvar_q_mean=-0.5514 logvar_q_clamp=0.0000 logvar_p_mean=-0.5510 logvar_p_clamp=0.0000
2026-08-30 01:20:21 | Epoch  85/400 | Train Loss 2.0674 Acc 0.2037 | Val Loss 2.0261 Acc 0.2171 AUC 0.6051 Pre 0.1110 Rec 0.1983
2026-08-30 01:20:21 | Diag logvar_q_mean=-0.5597 logvar_q_clamp=0.0000 logvar_p_mean=-0.5593 logvar_p_clamp=0.0000
2026-08-30 01:20:24 | Epoch  86/400 | Train Loss 2.0645 Acc 0.2034 | Val Loss 2.0335 Acc 0.2172 AUC 0.6051 Pre 0.1108 Rec 0.1984
2026-08-30 01:20:25 | Diag logvar_q_mean=-0.5684 logvar_q_clamp=0.0000 logvar_p_mean=-0.5678 logvar_p_clamp=0.0000
2026-08-30 01:20:28 | Epoch  87/400 | Train Loss 2.0617 Acc 0.2062 | Val Loss 2.0386 Acc 0.2177 AUC 0.6054 Pre 0.1107 Rec 0.1988
2026-08-30 01:20:29 | Diag logvar_q_mean=-0.5769 logvar_q_clamp=0.0000 logvar_p_mean=-0.5764 logvar_p_clamp=0.0000
2026-08-30 01:20:32 | Epoch  88/400 | Train Loss 2.0644 Acc 0.2064 | Val Loss 2.0232 Acc 0.2173 AUC 0.6051 Pre 0.1109 Rec 0.1985
2026-08-30 01:20:33 | Diag logvar_q_mean=-0.5855 logvar_q_clamp=0.0000 logvar_p_mean=-0.5850 logvar_p_clamp=0.0000
2026-08-30 01:20:36 | Epoch  89/400 | Train Loss 2.0648 Acc 0.2058 | Val Loss 2.0243 Acc 0.2171 AUC 0.6050 Pre 0.1110 Rec 0.1983
2026-08-30 01:20:37 | Diag logvar_q_mean=-0.5937 logvar_q_clamp=0.0000 logvar_p_mean=-0.5932 logvar_p_clamp=0.0000
2026-08-30 01:20:40 | Epoch  90/400 | Train Loss 2.0759 Acc 0.2048 | Val Loss 2.0266 Acc 0.2151 AUC 0.6051 Pre 0.1106 Rec 0.1986
2026-08-30 01:20:41 | Diag logvar_q_mean=-0.6024 logvar_q_clamp=0.0000 logvar_p_mean=-0.6018 logvar_p_clamp=0.0000
2026-08-30 01:20:44 | Epoch  91/400 | Train Loss 2.0647 Acc 0.2045 | Val Loss 2.0288 Acc 0.2172 AUC 0.6049 Pre 0.1111 Rec 0.1984
2026-08-30 01:20:44 | Diag logvar_q_mean=-0.6115 logvar_q_clamp=0.0000 logvar_p_mean=-0.6109 logvar_p_clamp=0.0000
2026-08-30 01:20:48 | Epoch  92/400 | Train Loss 2.0699 Acc 0.2054 | Val Loss 2.0314 Acc 0.2167 AUC 0.6048 Pre 0.1112 Rec 0.1980
2026-08-30 01:20:48 | Diag logvar_q_mean=-0.6199 logvar_q_clamp=0.0000 logvar_p_mean=-0.6192 logvar_p_clamp=0.0000
2026-08-30 01:20:52 | Epoch  93/400 | Train Loss 2.0618 Acc 0.2083 | Val Loss 2.0228 Acc 0.2167 AUC 0.6049 Pre 0.1111 Rec 0.1980
2026-08-30 01:20:52 | Diag logvar_q_mean=-0.6278 logvar_q_clamp=0.0000 logvar_p_mean=-0.6273 logvar_p_clamp=0.0000
2026-08-30 01:20:56 | Epoch  94/400 | Train Loss 2.0643 Acc 0.2040 | Val Loss 2.0262 Acc 0.2169 AUC 0.6050 Pre 0.1110 Rec 0.1981
2026-08-30 01:20:56 | Diag logvar_q_mean=-0.6361 logvar_q_clamp=0.0000 logvar_p_mean=-0.6355 logvar_p_clamp=0.0000
2026-08-30 01:20:59 | Epoch  95/400 | Train Loss 2.0564 Acc 0.2048 | Val Loss 2.0207 Acc 0.2169 AUC 0.6048 Pre 0.1111 Rec 0.1981
2026-08-30 01:21:00 | Diag logvar_q_mean=-0.6448 logvar_q_clamp=0.0000 logvar_p_mean=-0.6442 logvar_p_clamp=0.0000
2026-08-30 01:21:03 | Epoch  96/400 | Train Loss 2.0592 Acc 0.2060 | Val Loss 2.0264 Acc 0.2167 AUC 0.6048 Pre 0.1111 Rec 0.1980
2026-08-30 01:21:04 | Diag logvar_q_mean=-0.6527 logvar_q_clamp=0.0000 logvar_p_mean=-0.6521 logvar_p_clamp=0.0000
2026-08-30 01:21:08 | Epoch  97/400 | Train Loss 2.0604 Acc 0.2074 | Val Loss 2.0226 Acc 0.2171 AUC 0.6052 Pre 0.1109 Rec 0.1983
2026-08-30 01:21:08 | Diag logvar_q_mean=-0.6608 logvar_q_clamp=0.0000 logvar_p_mean=-0.6603 logvar_p_clamp=0.0000
2026-08-30 01:21:11 | Epoch  98/400 | Train Loss 2.0664 Acc 0.2047 | Val Loss 2.0355 Acc 0.2174 AUC 0.6054 Pre 0.1107 Rec 0.1986
2026-08-30 01:21:12 | Diag logvar_q_mean=-0.6691 logvar_q_clamp=0.0000 logvar_p_mean=-0.6685 logvar_p_clamp=0.0000
2026-08-30 01:21:15 | Epoch  99/400 | Train Loss 2.0685 Acc 0.2056 | Val Loss 2.0313 Acc 0.2168 AUC 0.6048 Pre 0.1113 Rec 0.1981
2026-08-30 01:21:16 | Diag logvar_q_mean=-0.6781 logvar_q_clamp=0.0000 logvar_p_mean=-0.6775 logvar_p_clamp=0.0000
2026-08-30 01:21:19 | Epoch 100/400 | Train Loss 2.0698 Acc 0.2048 | Val Loss 2.0204 Acc 0.2168 AUC 0.6048 Pre 0.1112 Rec 0.1981
2026-08-30 01:21:20 | Diag logvar_q_mean=-0.6860 logvar_q_clamp=0.0000 logvar_p_mean=-0.6856 logvar_p_clamp=0.0000
2026-08-30 01:21:23 | Epoch 101/400 | Train Loss 2.0611 Acc 0.2074 | Val Loss 2.0283 Acc 0.2174 AUC 0.6053 Pre 0.1110 Rec 0.1986
2026-08-30 01:21:24 | Diag logvar_q_mean=-0.6938 logvar_q_clamp=0.0000 logvar_p_mean=-0.6934 logvar_p_clamp=0.0000
2026-08-30 01:21:27 | Epoch 102/400 | Train Loss 2.0592 Acc 0.2045 | Val Loss 2.0175 Acc 0.2164 AUC 0.6045 Pre 0.1114 Rec 0.1977
2026-08-30 01:21:28 | Diag logvar_q_mean=-0.7025 logvar_q_clamp=0.0000 logvar_p_mean=-0.7019 logvar_p_clamp=0.0000
2026-08-30 01:21:31 | Epoch 103/400 | Train Loss 2.0658 Acc 0.2049 | Val Loss 2.0272 Acc 0.2169 AUC 0.6051 Pre 0.1111 Rec 0.1981
2026-08-30 01:21:31 | Diag logvar_q_mean=-0.7105 logvar_q_clamp=0.0000 logvar_p_mean=-0.7099 logvar_p_clamp=0.0000
2026-08-30 01:21:35 | Epoch 104/400 | Train Loss 2.0722 Acc 0.2034 | Val Loss 2.0301 Acc 0.2174 AUC 0.6052 Pre 0.1109 Rec 0.1986
2026-08-30 01:21:35 | Diag logvar_q_mean=-0.7187 logvar_q_clamp=0.0000 logvar_p_mean=-0.7181 logvar_p_clamp=0.0000
2026-08-30 01:21:39 | Epoch 105/400 | Train Loss 2.0537 Acc 0.2062 | Val Loss 2.0368 Acc 0.2173 AUC 0.6051 Pre 0.1110 Rec 0.1985
2026-08-30 01:21:39 | Diag logvar_q_mean=-0.7266 logvar_q_clamp=0.0000 logvar_p_mean=-0.7260 logvar_p_clamp=0.0000
2026-08-30 01:21:42 | Epoch 106/400 | Train Loss 2.0717 Acc 0.2064 | Val Loss 2.0266 Acc 0.2166 AUC 0.6049 Pre 0.1111 Rec 0.1979
2026-08-30 01:21:43 | Diag logvar_q_mean=-0.7347 logvar_q_clamp=0.0000 logvar_p_mean=-0.7341 logvar_p_clamp=0.0000
2026-08-30 01:21:46 | Epoch 107/400 | Train Loss 2.0602 Acc 0.2057 | Val Loss 2.0131 Acc 0.2173 AUC 0.6051 Pre 0.1111 Rec 0.1985
2026-08-30 01:21:47 | Diag logvar_q_mean=-0.7423 logvar_q_clamp=0.0000 logvar_p_mean=-0.7418 logvar_p_clamp=0.0000
2026-08-30 01:21:50 | Epoch 108/400 | Train Loss 2.0689 Acc 0.2029 | Val Loss 2.0172 Acc 0.2176 AUC 0.6054 Pre 0.1111 Rec 0.1988
2026-08-30 01:21:51 | Diag logvar_q_mean=-0.7509 logvar_q_clamp=0.0000 logvar_p_mean=-0.7504 logvar_p_clamp=0.0000
2026-08-30 01:21:54 | Epoch 109/400 | Train Loss 2.0592 Acc 0.2074 | Val Loss 2.0235 Acc 0.2165 AUC 0.6046 Pre 0.1111 Rec 0.1978
2026-08-30 01:21:55 | Diag logvar_q_mean=-0.7588 logvar_q_clamp=0.0000 logvar_p_mean=-0.7582 logvar_p_clamp=0.0000
2026-08-30 01:21:58 | Epoch 110/400 | Train Loss 2.0678 Acc 0.2037 | Val Loss 2.0159 Acc 0.2163 AUC 0.6044 Pre 0.1112 Rec 0.1976
2026-08-30 01:21:59 | Diag logvar_q_mean=-0.7671 logvar_q_clamp=0.0000 logvar_p_mean=-0.7667 logvar_p_clamp=0.0000
2026-08-30 01:22:02 | Epoch 111/400 | Train Loss 2.0589 Acc 0.2083 | Val Loss 2.0270 Acc 0.2171 AUC 0.6051 Pre 0.1111 Rec 0.1983
2026-08-30 01:22:03 | Diag logvar_q_mean=-0.7747 logvar_q_clamp=0.0000 logvar_p_mean=-0.7741 logvar_p_clamp=0.0000
2026-08-30 01:22:06 | Epoch 112/400 | Train Loss 2.0674 Acc 0.2051 | Val Loss 2.0291 Acc 0.2174 AUC 0.6053 Pre 0.1110 Rec 0.1986
2026-08-30 01:22:06 | Diag logvar_q_mean=-0.7829 logvar_q_clamp=0.0000 logvar_p_mean=-0.7824 logvar_p_clamp=0.0000
2026-08-30 01:22:10 | Epoch 113/400 | Train Loss 2.0618 Acc 0.2049 | Val Loss 2.0205 Acc 0.2169 AUC 0.6048 Pre 0.1111 Rec 0.1981
2026-08-30 01:22:10 | Diag logvar_q_mean=-0.7911 logvar_q_clamp=0.0000 logvar_p_mean=-0.7907 logvar_p_clamp=0.0000
2026-08-30 01:22:14 | Epoch 114/400 | Train Loss 2.0616 Acc 0.2070 | Val Loss 2.0240 Acc 0.2163 AUC 0.6046 Pre 0.1111 Rec 0.1976
2026-08-30 01:22:14 | Diag logvar_q_mean=-0.7994 logvar_q_clamp=0.0000 logvar_p_mean=-0.7989 logvar_p_clamp=0.0000
2026-08-30 01:22:18 | Epoch 115/400 | Train Loss 2.0654 Acc 0.2054 | Val Loss 2.0244 Acc 0.2172 AUC 0.6051 Pre 0.1109 Rec 0.1984
2026-08-30 01:22:18 | Diag logvar_q_mean=-0.8071 logvar_q_clamp=0.0000 logvar_p_mean=-0.8066 logvar_p_clamp=0.0000
2026-08-30 01:22:22 | Epoch 116/400 | Train Loss 2.0623 Acc 0.2072 | Val Loss 2.0243 Acc 0.2174 AUC 0.6053 Pre 0.1109 Rec 0.1986
2026-08-30 01:22:22 | Diag logvar_q_mean=-0.8145 logvar_q_clamp=0.0000 logvar_p_mean=-0.8142 logvar_p_clamp=0.0000
2026-08-30 01:22:25 | Epoch 117/400 | Train Loss 2.0674 Acc 0.2037 | Val Loss 2.0422 Acc 0.2173 AUC 0.6052 Pre 0.1111 Rec 0.1985
2026-08-30 01:22:26 | Diag logvar_q_mean=-0.8228 logvar_q_clamp=0.0000 logvar_p_mean=-0.8223 logvar_p_clamp=0.0000
2026-08-30 01:22:29 | Epoch 118/400 | Train Loss 2.0653 Acc 0.2041 | Val Loss 2.0322 Acc 0.2167 AUC 0.6050 Pre 0.1110 Rec 0.1980
2026-08-30 01:22:30 | Diag logvar_q_mean=-0.8312 logvar_q_clamp=0.0000 logvar_p_mean=-0.8306 logvar_p_clamp=0.0000
2026-08-30 01:22:33 | Epoch 119/400 | Train Loss 2.0607 Acc 0.2029 | Val Loss 2.0240 Acc 0.2166 AUC 0.6048 Pre 0.1112 Rec 0.1979
2026-08-30 01:22:34 | Diag logvar_q_mean=-0.8393 logvar_q_clamp=0.0000 logvar_p_mean=-0.8387 logvar_p_clamp=0.0000
2026-08-30 01:22:37 | Epoch 120/400 | Train Loss 2.0702 Acc 0.2037 | Val Loss 2.0294 Acc 0.2172 AUC 0.6050 Pre 0.1110 Rec 0.1984
2026-08-30 01:22:38 | Diag logvar_q_mean=-0.8469 logvar_q_clamp=0.0000 logvar_p_mean=-0.8462 logvar_p_clamp=0.0000
2026-08-30 01:22:41 | Epoch 121/400 | Train Loss 2.0595 Acc 0.2095 | Val Loss 2.0259 Acc 0.2169 AUC 0.6050 Pre 0.1110 Rec 0.1981
2026-08-30 01:22:42 | Diag logvar_q_mean=-0.8541 logvar_q_clamp=0.0000 logvar_p_mean=-0.8534 logvar_p_clamp=0.0000
2026-08-30 01:22:45 | Epoch 122/400 | Train Loss 2.0590 Acc 0.2051 | Val Loss 2.0252 Acc 0.2170 AUC 0.6052 Pre 0.1109 Rec 0.1982
2026-08-30 01:22:46 | Diag logvar_q_mean=-0.8621 logvar_q_clamp=0.0000 logvar_p_mean=-0.8617 logvar_p_clamp=0.0000
2026-08-30 01:22:49 | Epoch 123/400 | Train Loss 2.0632 Acc 0.2053 | Val Loss 2.0327 Acc 0.2171 AUC 0.6050 Pre 0.1111 Rec 0.1983
2026-08-30 01:22:49 | Diag logvar_q_mean=-0.8704 logvar_q_clamp=0.0000 logvar_p_mean=-0.8698 logvar_p_clamp=0.0000
2026-08-30 01:22:53 | Epoch 124/400 | Train Loss 2.0658 Acc 0.2060 | Val Loss 2.0173 Acc 0.2171 AUC 0.6050 Pre 0.1114 Rec 0.1983
2026-08-30 01:22:53 | Diag logvar_q_mean=-0.8786 logvar_q_clamp=0.0000 logvar_p_mean=-0.8780 logvar_p_clamp=0.0000
2026-08-30 01:22:57 | Epoch 125/400 | Train Loss 2.0616 Acc 0.2049 | Val Loss 2.0218 Acc 0.2163 AUC 0.6048 Pre 0.1109 Rec 0.1976
2026-08-30 01:22:57 | Diag logvar_q_mean=-0.8865 logvar_q_clamp=0.0000 logvar_p_mean=-0.8860 logvar_p_clamp=0.0000
2026-08-30 01:23:00 | Epoch 126/400 | Train Loss 2.0672 Acc 0.2061 | Val Loss 2.0120 Acc 0.2171 AUC 0.6048 Pre 0.1111 Rec 0.1983
2026-08-30 01:23:01 | Diag logvar_q_mean=-0.8940 logvar_q_clamp=0.0000 logvar_p_mean=-0.8935 logvar_p_clamp=0.0000
2026-08-30 01:23:04 | Epoch 127/400 | Train Loss 2.0622 Acc 0.2037 | Val Loss 2.0218 Acc 0.2168 AUC 0.6048 Pre 0.1110 Rec 0.1980
2026-08-30 01:23:05 | Diag logvar_q_mean=-0.9022 logvar_q_clamp=0.0000 logvar_p_mean=-0.9016 logvar_p_clamp=0.0000
2026-08-30 01:23:08 | Epoch 128/400 | Train Loss 2.0630 Acc 0.2068 | Val Loss 2.0314 Acc 0.2169 AUC 0.6050 Pre 0.1109 Rec 0.1981
2026-08-30 01:23:09 | Diag logvar_q_mean=-0.9098 logvar_q_clamp=0.0000 logvar_p_mean=-0.9093 logvar_p_clamp=0.0000
2026-08-30 01:23:13 | Epoch 129/400 | Train Loss 2.0656 Acc 0.2057 | Val Loss 2.0200 Acc 0.2162 AUC 0.6043 Pre 0.1113 Rec 0.1975
2026-08-30 01:23:13 | Diag logvar_q_mean=-0.9174 logvar_q_clamp=0.0000 logvar_p_mean=-0.9168 logvar_p_clamp=0.0000
2026-08-30 01:23:16 | Epoch 130/400 | Train Loss 2.0624 Acc 0.2066 | Val Loss 2.0197 Acc 0.2171 AUC 0.6049 Pre 0.1110 Rec 0.1983
2026-08-30 01:23:17 | Diag logvar_q_mean=-0.9247 logvar_q_clamp=0.0000 logvar_p_mean=-0.9243 logvar_p_clamp=0.0000
2026-08-30 01:23:20 | Epoch 131/400 | Train Loss 2.0575 Acc 0.2076 | Val Loss 2.0280 Acc 0.2167 AUC 0.6047 Pre 0.1110 Rec 0.1980
2026-08-30 01:23:21 | Diag logvar_q_mean=-0.9323 logvar_q_clamp=0.0000 logvar_p_mean=-0.9318 logvar_p_clamp=0.0000
2026-08-30 01:23:24 | Epoch 132/400 | Train Loss 2.0611 Acc 0.2061 | Val Loss 2.0410 Acc 0.2163 AUC 0.6044 Pre 0.1111 Rec 0.1976
2026-08-30 01:23:25 | Diag logvar_q_mean=-0.9401 logvar_q_clamp=0.0000 logvar_p_mean=-0.9395 logvar_p_clamp=0.0000
2026-08-30 01:23:28 | Epoch 133/400 | Train Loss 2.0670 Acc 0.2049 | Val Loss 2.0355 Acc 0.2174 AUC 0.6050 Pre 0.1108 Rec 0.1986
2026-08-30 01:23:29 | Diag logvar_q_mean=-0.9474 logvar_q_clamp=0.0000 logvar_p_mean=-0.9469 logvar_p_clamp=0.0000
2026-08-30 01:23:32 | Epoch 134/400 | Train Loss 2.0663 Acc 0.2093 | Val Loss 2.0289 Acc 0.2173 AUC 0.6049 Pre 0.1111 Rec 0.1985
2026-08-30 01:23:33 | Diag logvar_q_mean=-0.9550 logvar_q_clamp=0.0000 logvar_p_mean=-0.9543 logvar_p_clamp=0.0000
2026-08-30 01:23:36 | Epoch 135/400 | Train Loss 2.0611 Acc 0.2060 | Val Loss 2.0282 Acc 0.2165 AUC 0.6047 Pre 0.1112 Rec 0.1978
2026-08-30 01:23:37 | Diag logvar_q_mean=-0.9628 logvar_q_clamp=0.0000 logvar_p_mean=-0.9622 logvar_p_clamp=0.0000
2026-08-30 01:23:40 | Epoch 136/400 | Train Loss 2.0636 Acc 0.2029 | Val Loss 2.0383 Acc 0.2174 AUC 0.6053 Pre 0.1108 Rec 0.1986
2026-08-30 01:23:41 | Diag logvar_q_mean=-0.9704 logvar_q_clamp=0.0000 logvar_p_mean=-0.9698 logvar_p_clamp=0.0000
2026-08-30 01:23:44 | Epoch 137/400 | Train Loss 2.0614 Acc 0.2061 | Val Loss 2.0392 Acc 0.2175 AUC 0.6052 Pre 0.1109 Rec 0.1987
2026-08-30 01:23:44 | Diag logvar_q_mean=-0.9779 logvar_q_clamp=0.0000 logvar_p_mean=-0.9774 logvar_p_clamp=0.0000
2026-08-30 01:23:48 | Epoch 138/400 | Train Loss 2.0619 Acc 0.2053 | Val Loss 2.0290 Acc 0.2172 AUC 0.6052 Pre 0.1109 Rec 0.1984
2026-08-30 01:23:48 | Diag logvar_q_mean=-0.9853 logvar_q_clamp=0.0000 logvar_p_mean=-0.9848 logvar_p_clamp=0.0000
2026-08-30 01:23:52 | Epoch 139/400 | Train Loss 2.0646 Acc 0.2050 | Val Loss 2.0196 Acc 0.2170 AUC 0.6049 Pre 0.1111 Rec 0.1982
2026-08-30 01:23:52 | Diag logvar_q_mean=-0.9926 logvar_q_clamp=0.0000 logvar_p_mean=-0.9921 logvar_p_clamp=0.0000
2026-08-30 01:23:56 | Epoch 140/400 | Train Loss 2.0631 Acc 0.2048 | Val Loss 2.0237 Acc 0.2171 AUC 0.6050 Pre 0.1111 Rec 0.1983
2026-08-30 01:23:56 | Diag logvar_q_mean=-0.9998 logvar_q_clamp=0.0000 logvar_p_mean=-0.9993 logvar_p_clamp=0.0000
2026-08-30 01:23:59 | Epoch 141/400 | Train Loss 2.0618 Acc 0.2079 | Val Loss 2.0399 Acc 0.2151 AUC 0.6052 Pre 0.1106 Rec 0.1986
2026-08-30 01:24:00 | Diag logvar_q_mean=-1.0073 logvar_q_clamp=0.0000 logvar_p_mean=-1.0068 logvar_p_clamp=0.0000
2026-08-30 01:24:03 | Epoch 142/400 | Train Loss 2.0608 Acc 0.2042 | Val Loss 2.0374 Acc 0.2166 AUC 0.6046 Pre 0.1109 Rec 0.1979
2026-08-30 01:24:04 | Diag logvar_q_mean=-1.0150 logvar_q_clamp=0.0000 logvar_p_mean=-1.0144 logvar_p_clamp=0.0000
2026-08-30 01:24:07 | Epoch 143/400 | Train Loss 2.0637 Acc 0.2034 | Val Loss 2.0200 Acc 0.2167 AUC 0.6048 Pre 0.1110 Rec 0.1980
2026-08-30 01:24:08 | Diag logvar_q_mean=-1.0223 logvar_q_clamp=0.0000 logvar_p_mean=-1.0218 logvar_p_clamp=0.0000
2026-08-30 01:24:11 | Epoch 144/400 | Train Loss 2.0661 Acc 0.2062 | Val Loss 2.0253 Acc 0.2172 AUC 0.6051 Pre 0.1108 Rec 0.1984
2026-08-30 01:24:12 | Diag logvar_q_mean=-1.0297 logvar_q_clamp=0.0000 logvar_p_mean=-1.0292 logvar_p_clamp=0.0000
2026-08-30 01:24:15 | Epoch 145/400 | Train Loss 2.0661 Acc 0.2048 | Val Loss 2.0299 Acc 0.2168 AUC 0.6049 Pre 0.1109 Rec 0.1980
2026-08-30 01:24:15 | Diag logvar_q_mean=-1.0364 logvar_q_clamp=0.0000 logvar_p_mean=-1.0360 logvar_p_clamp=0.0000
2026-08-30 01:24:19 | Epoch 146/400 | Train Loss 2.0621 Acc 0.2055 | Val Loss 2.0352 Acc 0.2168 AUC 0.6047 Pre 0.1109 Rec 0.1980
2026-08-30 01:24:19 | Diag logvar_q_mean=-1.0439 logvar_q_clamp=0.0000 logvar_p_mean=-1.0434 logvar_p_clamp=0.0000
2026-08-30 01:24:23 | Epoch 147/400 | Train Loss 2.0657 Acc 0.2035 | Val Loss 2.0253 Acc 0.2168 AUC 0.6047 Pre 0.1110 Rec 0.1981
2026-08-30 01:24:23 | Diag logvar_q_mean=-1.0513 logvar_q_clamp=0.0000 logvar_p_mean=-1.0509 logvar_p_clamp=0.0000
2026-08-30 01:24:26 | Epoch 148/400 | Train Loss 2.0620 Acc 0.2060 | Val Loss 2.0284 Acc 0.2169 AUC 0.6047 Pre 0.1112 Rec 0.1981
2026-08-30 01:24:27 | Diag logvar_q_mean=-1.0583 logvar_q_clamp=0.0000 logvar_p_mean=-1.0578 logvar_p_clamp=0.0000
2026-08-30 01:24:30 | Epoch 149/400 | Train Loss 2.0629 Acc 0.2053 | Val Loss 2.0192 Acc 0.2167 AUC 0.6046 Pre 0.1115 Rec 0.1980
2026-08-30 01:24:31 | Diag logvar_q_mean=-1.0659 logvar_q_clamp=0.0000 logvar_p_mean=-1.0653 logvar_p_clamp=0.0000
2026-08-30 01:24:34 | Epoch 150/400 | Train Loss 2.0669 Acc 0.2053 | Val Loss 2.0245 Acc 0.2173 AUC 0.6049 Pre 0.1109 Rec 0.1985
2026-08-30 01:24:35 | Diag logvar_q_mean=-1.0732 logvar_q_clamp=0.0000 logvar_p_mean=-1.0726 logvar_p_clamp=0.0000
2026-08-30 01:24:38 | Epoch 151/400 | Train Loss 2.0583 Acc 0.2061 | Val Loss 2.0327 Acc 0.2171 AUC 0.6049 Pre 0.1109 Rec 0.1983
2026-08-30 01:24:39 | Diag logvar_q_mean=-1.0801 logvar_q_clamp=0.0000 logvar_p_mean=-1.0796 logvar_p_clamp=0.0000
2026-08-30 01:24:42 | Epoch 152/400 | Train Loss 2.0563 Acc 0.2068 | Val Loss 2.0248 Acc 0.2173 AUC 0.6049 Pre 0.1111 Rec 0.1985
2026-08-30 01:24:42 | Diag logvar_q_mean=-1.0871 logvar_q_clamp=0.0000 logvar_p_mean=-1.0866 logvar_p_clamp=0.0000
2026-08-30 01:24:46 | Epoch 153/400 | Train Loss 2.0627 Acc 0.2046 | Val Loss 2.0241 Acc 0.2171 AUC 0.6051 Pre 0.1112 Rec 0.1983
2026-08-30 01:24:46 | Diag logvar_q_mean=-1.0944 logvar_q_clamp=0.0000 logvar_p_mean=-1.0939 logvar_p_clamp=0.0000
2026-08-30 01:24:50 | Epoch 154/400 | Train Loss 2.0594 Acc 0.2052 | Val Loss 2.0307 Acc 0.2172 AUC 0.6049 Pre 0.1111 Rec 0.1984
2026-08-30 01:24:50 | Diag logvar_q_mean=-1.1019 logvar_q_clamp=0.0000 logvar_p_mean=-1.1014 logvar_p_clamp=0.0000
2026-08-30 01:24:53 | Epoch 155/400 | Train Loss 2.0604 Acc 0.2059 | Val Loss 2.0281 Acc 0.2171 AUC 0.6048 Pre 0.1113 Rec 0.1983
2026-08-30 01:24:54 | Diag logvar_q_mean=-1.1093 logvar_q_clamp=0.0000 logvar_p_mean=-1.1086 logvar_p_clamp=0.0000
2026-08-30 01:24:57 | Epoch 156/400 | Train Loss 2.0598 Acc 0.2074 | Val Loss 2.0210 Acc 0.2169 AUC 0.6050 Pre 0.1112 Rec 0.1981
2026-08-30 01:24:58 | Diag logvar_q_mean=-1.1166 logvar_q_clamp=0.0000 logvar_p_mean=-1.1161 logvar_p_clamp=0.0000
2026-08-30 01:25:01 | Epoch 157/400 | Train Loss 2.0569 Acc 0.2075 | Val Loss 2.0293 Acc 0.2173 AUC 0.6051 Pre 0.1108 Rec 0.1985
2026-08-30 01:25:02 | Diag logvar_q_mean=-1.1233 logvar_q_clamp=0.0000 logvar_p_mean=-1.1229 logvar_p_clamp=0.0000
2026-08-30 01:25:05 | Epoch 158/400 | Train Loss 2.0688 Acc 0.2066 | Val Loss 2.0294 Acc 0.2173 AUC 0.6053 Pre 0.1109 Rec 0.1985
2026-08-30 01:25:06 | Diag logvar_q_mean=-1.1301 logvar_q_clamp=0.0000 logvar_p_mean=-1.1296 logvar_p_clamp=0.0000
2026-08-30 01:25:09 | Epoch 159/400 | Train Loss 2.0592 Acc 0.2066 | Val Loss 2.0297 Acc 0.2171 AUC 0.6051 Pre 0.1111 Rec 0.1983
2026-08-30 01:25:10 | Diag logvar_q_mean=-1.1373 logvar_q_clamp=0.0000 logvar_p_mean=-1.1368 logvar_p_clamp=0.0000
2026-08-30 01:25:13 | Epoch 160/400 | Train Loss 2.0641 Acc 0.2045 | Val Loss 2.0247 Acc 0.2171 AUC 0.6048 Pre 0.1110 Rec 0.1983
2026-08-30 01:25:14 | Diag logvar_q_mean=-1.1446 logvar_q_clamp=0.0000 logvar_p_mean=-1.1441 logvar_p_clamp=0.0000
2026-08-30 01:25:17 | Epoch 161/400 | Train Loss 2.0608 Acc 0.2062 | Val Loss 2.0230 Acc 0.2172 AUC 0.6051 Pre 0.1111 Rec 0.1984
2026-08-30 01:25:17 | Diag logvar_q_mean=-1.1519 logvar_q_clamp=0.0000 logvar_p_mean=-1.1513 logvar_p_clamp=0.0000
2026-08-30 01:25:21 | Epoch 162/400 | Train Loss 2.0667 Acc 0.2069 | Val Loss 2.0204 Acc 0.2173 AUC 0.6048 Pre 0.1113 Rec 0.1985
2026-08-30 01:25:21 | Diag logvar_q_mean=-1.1587 logvar_q_clamp=0.0000 logvar_p_mean=-1.1581 logvar_p_clamp=0.0000
2026-08-30 01:25:25 | Epoch 163/400 | Train Loss 2.0597 Acc 0.2052 | Val Loss 2.0266 Acc 0.2171 AUC 0.6049 Pre 0.1110 Rec 0.1983
2026-08-30 01:25:25 | Diag logvar_q_mean=-1.1654 logvar_q_clamp=0.0000 logvar_p_mean=-1.1649 logvar_p_clamp=0.0000
2026-08-30 01:25:28 | Epoch 164/400 | Train Loss 2.0668 Acc 0.2025 | Val Loss 2.0278 Acc 0.2172 AUC 0.6051 Pre 0.1109 Rec 0.1984
2026-08-30 01:25:29 | Diag logvar_q_mean=-1.1730 logvar_q_clamp=0.0000 logvar_p_mean=-1.1726 logvar_p_clamp=0.0000
2026-08-30 01:25:32 | Epoch 165/400 | Train Loss 2.0621 Acc 0.2058 | Val Loss 2.0225 Acc 0.2172 AUC 0.6049 Pre 0.1111 Rec 0.1984
2026-08-30 01:25:33 | Diag logvar_q_mean=-1.1800 logvar_q_clamp=0.0000 logvar_p_mean=-1.1794 logvar_p_clamp=0.0000
2026-08-30 01:25:36 | Epoch 166/400 | Train Loss 2.0633 Acc 0.2038 | Val Loss 2.0234 Acc 0.2171 AUC 0.6051 Pre 0.1112 Rec 0.1983
2026-08-30 01:25:37 | Diag logvar_q_mean=-1.1872 logvar_q_clamp=0.0000 logvar_p_mean=-1.1867 logvar_p_clamp=0.0000
2026-08-30 01:25:40 | Epoch 167/400 | Train Loss 2.0646 Acc 0.2062 | Val Loss 2.0241 Acc 0.2167 AUC 0.6046 Pre 0.1112 Rec 0.1980
2026-08-30 01:25:41 | Diag logvar_q_mean=-1.1939 logvar_q_clamp=0.0000 logvar_p_mean=-1.1933 logvar_p_clamp=0.0000
2026-08-30 01:25:44 | Epoch 168/400 | Train Loss 2.0587 Acc 0.2066 | Val Loss 2.0229 Acc 0.2170 AUC 0.6048 Pre 0.1113 Rec 0.1982
2026-08-30 01:25:44 | Diag logvar_q_mean=-1.2006 logvar_q_clamp=0.0000 logvar_p_mean=-1.2000 logvar_p_clamp=0.0000
2026-08-30 01:25:48 | Epoch 169/400 | Train Loss 2.0625 Acc 0.2033 | Val Loss 2.0293 Acc 0.2172 AUC 0.6051 Pre 0.1111 Rec 0.1984
2026-08-30 01:25:48 | Diag logvar_q_mean=-1.2081 logvar_q_clamp=0.0000 logvar_p_mean=-1.2076 logvar_p_clamp=0.0000
2026-08-30 01:25:52 | Epoch 170/400 | Train Loss 2.0592 Acc 0.2046 | Val Loss 2.0251 Acc 0.2169 AUC 0.6048 Pre 0.1111 Rec 0.1981
2026-08-30 01:25:52 | Diag logvar_q_mean=-1.2153 logvar_q_clamp=0.0000 logvar_p_mean=-1.2148 logvar_p_clamp=0.0000
2026-08-30 01:25:55 | Epoch 171/400 | Train Loss 2.0641 Acc 0.2053 | Val Loss 2.0254 Acc 0.2169 AUC 0.6046 Pre 0.1112 Rec 0.1981
2026-08-30 01:25:56 | Diag logvar_q_mean=-1.2223 logvar_q_clamp=0.0000 logvar_p_mean=-1.2217 logvar_p_clamp=0.0000
2026-08-30 01:25:59 | Epoch 172/400 | Train Loss 2.0566 Acc 0.2064 | Val Loss 2.0165 Acc 0.2169 AUC 0.6048 Pre 0.1109 Rec 0.1981
2026-08-30 01:26:00 | Diag logvar_q_mean=-1.2288 logvar_q_clamp=0.0000 logvar_p_mean=-1.2284 logvar_p_clamp=0.0000
2026-08-30 01:26:03 | Epoch 173/400 | Train Loss 2.0622 Acc 0.2032 | Val Loss 2.0216 Acc 0.2171 AUC 0.6049 Pre 0.1112 Rec 0.1983
2026-08-30 01:26:04 | Diag logvar_q_mean=-1.2360 logvar_q_clamp=0.0000 logvar_p_mean=-1.2355 logvar_p_clamp=0.0000
2026-08-30 01:26:07 | Epoch 174/400 | Train Loss 2.0574 Acc 0.2070 | Val Loss 2.0323 Acc 0.2168 AUC 0.6049 Pre 0.1110 Rec 0.1980
2026-08-30 01:26:08 | Diag logvar_q_mean=-1.2430 logvar_q_clamp=0.0000 logvar_p_mean=-1.2426 logvar_p_clamp=0.0000
2026-08-30 01:26:11 | Epoch 175/400 | Train Loss 2.0636 Acc 0.2047 | Val Loss 2.0176 Acc 0.2165 AUC 0.6044 Pre 0.1112 Rec 0.1978
2026-08-30 01:26:12 | Diag logvar_q_mean=-1.2499 logvar_q_clamp=0.0000 logvar_p_mean=-1.2494 logvar_p_clamp=0.0000
2026-08-30 01:26:15 | Epoch 176/400 | Train Loss 2.0644 Acc 0.2065 | Val Loss 2.0171 Acc 0.2165 AUC 0.6045 Pre 0.1110 Rec 0.1978
2026-08-30 01:26:16 | Diag logvar_q_mean=-1.2563 logvar_q_clamp=0.0000 logvar_p_mean=-1.2558 logvar_p_clamp=0.0000
2026-08-30 01:26:19 | Epoch 177/400 | Train Loss 2.0669 Acc 0.2038 | Val Loss 2.0316 Acc 0.2174 AUC 0.6052 Pre 0.1110 Rec 0.1986
2026-08-30 01:26:20 | Diag logvar_q_mean=-1.2634 logvar_q_clamp=0.0000 logvar_p_mean=-1.2629 logvar_p_clamp=0.0000
2026-08-30 01:26:23 | Epoch 178/400 | Train Loss 2.0542 Acc 0.2049 | Val Loss 2.0188 Acc 0.2169 AUC 0.6048 Pre 0.1114 Rec 0.1981
2026-08-30 01:26:23 | Diag logvar_q_mean=-1.2707 logvar_q_clamp=0.0000 logvar_p_mean=-1.2702 logvar_p_clamp=0.0000
2026-08-30 01:26:27 | Epoch 179/400 | Train Loss 2.0644 Acc 0.2055 | Val Loss 2.0208 Acc 0.2171 AUC 0.6050 Pre 0.1112 Rec 0.1983
2026-08-30 01:26:27 | Diag logvar_q_mean=-1.2776 logvar_q_clamp=0.0000 logvar_p_mean=-1.2771 logvar_p_clamp=0.0000
2026-08-30 01:26:31 | Epoch 180/400 | Train Loss 2.0614 Acc 0.2051 | Val Loss 2.0236 Acc 0.2168 AUC 0.6046 Pre 0.1112 Rec 0.1981
2026-08-30 01:26:31 | Diag logvar_q_mean=-1.2847 logvar_q_clamp=0.0000 logvar_p_mean=-1.2842 logvar_p_clamp=0.0000
2026-08-30 01:26:35 | Epoch 181/400 | Train Loss 2.0579 Acc 0.2062 | Val Loss 2.0177 Acc 0.2168 AUC 0.6050 Pre 0.1109 Rec 0.1980
2026-08-30 01:26:35 | Diag logvar_q_mean=-1.2908 logvar_q_clamp=0.0000 logvar_p_mean=-1.2903 logvar_p_clamp=0.0000
2026-08-30 01:26:39 | Epoch 182/400 | Train Loss 2.0579 Acc 0.2059 | Val Loss 2.0178 Acc 0.2169 AUC 0.6050 Pre 0.1110 Rec 0.1981
2026-08-30 01:26:39 | Diag logvar_q_mean=-1.2976 logvar_q_clamp=0.0000 logvar_p_mean=-1.2971 logvar_p_clamp=0.0000
2026-08-30 01:26:43 | Epoch 183/400 | Train Loss 2.0608 Acc 0.2062 | Val Loss 2.0259 Acc 0.2167 AUC 0.6049 Pre 0.1113 Rec 0.1980
2026-08-30 01:26:43 | Diag logvar_q_mean=-1.3045 logvar_q_clamp=0.0000 logvar_p_mean=-1.3039 logvar_p_clamp=0.0000
2026-08-30 01:26:47 | Epoch 184/400 | Train Loss 2.0671 Acc 0.2058 | Val Loss 2.0241 Acc 0.2163 AUC 0.6043 Pre 0.1114 Rec 0.1976
2026-08-30 01:26:47 | Diag logvar_q_mean=-1.3116 logvar_q_clamp=0.0000 logvar_p_mean=-1.3110 logvar_p_clamp=0.0000
2026-08-30 01:26:50 | Epoch 185/400 | Train Loss 2.0589 Acc 0.2061 | Val Loss 2.0422 Acc 0.2167 AUC 0.6046 Pre 0.1111 Rec 0.1980
2026-08-30 01:26:51 | Diag logvar_q_mean=-1.3184 logvar_q_clamp=0.0000 logvar_p_mean=-1.3178 logvar_p_clamp=0.0000
2026-08-30 01:26:54 | Epoch 186/400 | Train Loss 2.0633 Acc 0.2032 | Val Loss 2.0369 Acc 0.2165 AUC 0.6044 Pre 0.1112 Rec 0.1978
2026-08-30 01:26:55 | Diag logvar_q_mean=-1.3249 logvar_q_clamp=0.0000 logvar_p_mean=-1.3243 logvar_p_clamp=0.0000
2026-08-30 01:26:58 | Epoch 187/400 | Train Loss 2.0576 Acc 0.2063 | Val Loss 2.0090 Acc 0.2165 AUC 0.6046 Pre 0.1113 Rec 0.1978
2026-08-30 01:26:59 | Diag logvar_q_mean=-1.3309 logvar_q_clamp=0.0000 logvar_p_mean=-1.3304 logvar_p_clamp=0.0000
2026-08-30 01:27:02 | Epoch 188/400 | Train Loss 2.0649 Acc 0.2046 | Val Loss 2.0332 Acc 0.2174 AUC 0.6048 Pre 0.1112 Rec 0.1986
2026-08-30 01:27:03 | Diag logvar_q_mean=-1.3382 logvar_q_clamp=0.0000 logvar_p_mean=-1.3377 logvar_p_clamp=0.0000
2026-08-30 01:27:06 | Epoch 189/400 | Train Loss 2.0631 Acc 0.2061 | Val Loss 2.0133 Acc 0.2170 AUC 0.6049 Pre 0.1111 Rec 0.1982
2026-08-30 01:27:07 | Diag logvar_q_mean=-1.3446 logvar_q_clamp=0.0000 logvar_p_mean=-1.3441 logvar_p_clamp=0.0000
2026-08-30 01:27:10 | Epoch 190/400 | Train Loss 2.0595 Acc 0.2067 | Val Loss 2.0352 Acc 0.2170 AUC 0.6046 Pre 0.1113 Rec 0.1982
2026-08-30 01:27:10 | Diag logvar_q_mean=-1.3516 logvar_q_clamp=0.0000 logvar_p_mean=-1.3510 logvar_p_clamp=0.0000
2026-08-30 01:27:14 | Epoch 191/400 | Train Loss 2.0599 Acc 0.2053 | Val Loss 2.0303 Acc 0.2172 AUC 0.6050 Pre 0.1110 Rec 0.1984
2026-08-30 01:27:14 | Diag logvar_q_mean=-1.3578 logvar_q_clamp=0.0000 logvar_p_mean=-1.3574 logvar_p_clamp=0.0000
2026-08-30 01:27:18 | Epoch 192/400 | Train Loss 2.0599 Acc 0.2050 | Val Loss 2.0346 Acc 0.2173 AUC 0.6051 Pre 0.1111 Rec 0.1985
2026-08-30 01:27:18 | Diag logvar_q_mean=-1.3644 logvar_q_clamp=0.0000 logvar_p_mean=-1.3639 logvar_p_clamp=0.0000
2026-08-30 01:27:21 | Epoch 193/400 | Train Loss 2.0584 Acc 0.2066 | Val Loss 2.0295 Acc 0.2173 AUC 0.6053 Pre 0.1108 Rec 0.1985
2026-08-30 01:27:22 | Diag logvar_q_mean=-1.3706 logvar_q_clamp=0.0000 logvar_p_mean=-1.3702 logvar_p_clamp=0.0000
2026-08-30 01:27:25 | Epoch 194/400 | Train Loss 2.0591 Acc 0.2072 | Val Loss 2.0329 Acc 0.2174 AUC 0.6051 Pre 0.1110 Rec 0.1986
2026-08-30 01:27:26 | Diag logvar_q_mean=-1.3772 logvar_q_clamp=0.0000 logvar_p_mean=-1.3767 logvar_p_clamp=0.0000
2026-08-30 01:27:29 | Epoch 195/400 | Train Loss 2.0564 Acc 0.2043 | Val Loss 2.0256 Acc 0.2174 AUC 0.6051 Pre 0.1111 Rec 0.1986
2026-08-30 01:27:30 | Diag logvar_q_mean=-1.3836 logvar_q_clamp=0.0000 logvar_p_mean=-1.3831 logvar_p_clamp=0.0000
2026-08-30 01:27:33 | Epoch 196/400 | Train Loss 2.0553 Acc 0.2082 | Val Loss 2.0278 Acc 0.2171 AUC 0.6052 Pre 0.1109 Rec 0.1983
2026-08-30 01:27:34 | Diag logvar_q_mean=-1.3901 logvar_q_clamp=0.0000 logvar_p_mean=-1.3896 logvar_p_clamp=0.0000
2026-08-30 01:27:37 | Epoch 197/400 | Train Loss 2.0561 Acc 0.2056 | Val Loss 2.0334 Acc 0.2171 AUC 0.6052 Pre 0.1110 Rec 0.1983
2026-08-30 01:27:37 | Diag logvar_q_mean=-1.3969 logvar_q_clamp=0.0000 logvar_p_mean=-1.3963 logvar_p_clamp=0.0000
2026-08-30 01:27:41 | Epoch 198/400 | Train Loss 2.0569 Acc 0.2068 | Val Loss 2.0329 Acc 0.2168 AUC 0.6047 Pre 0.1113 Rec 0.1981
2026-08-30 01:27:41 | Diag logvar_q_mean=-1.4036 logvar_q_clamp=0.0000 logvar_p_mean=-1.4030 logvar_p_clamp=0.0000
2026-08-30 01:27:45 | Epoch 199/400 | Train Loss 2.0582 Acc 0.2081 | Val Loss 2.0205 Acc 0.2164 AUC 0.6045 Pre 0.1114 Rec 0.1977
2026-08-30 01:27:45 | Diag logvar_q_mean=-1.4096 logvar_q_clamp=0.0000 logvar_p_mean=-1.4091 logvar_p_clamp=0.0000
2026-08-30 01:27:49 | Epoch 200/400 | Train Loss 2.0586 Acc 0.2050 | Val Loss 2.0239 Acc 0.2171 AUC 0.6050 Pre 0.1113 Rec 0.1983
2026-08-30 01:27:50 | Diag logvar_q_mean=-1.4163 logvar_q_clamp=0.0000 logvar_p_mean=-1.4158 logvar_p_clamp=0.0000
2026-08-30 01:27:53 | Epoch 201/400 | Train Loss 2.0548 Acc 0.2081 | Val Loss 2.0292 Acc 0.2173 AUC 0.6052 Pre 0.1111 Rec 0.1985
2026-08-30 01:27:53 | Diag logvar_q_mean=-1.4226 logvar_q_clamp=0.0000 logvar_p_mean=-1.4221 logvar_p_clamp=0.0000
2026-08-30 01:27:57 | Epoch 202/400 | Train Loss 2.0595 Acc 0.2060 | Val Loss 2.0254 Acc 0.2171 AUC 0.6049 Pre 0.1112 Rec 0.1983
2026-08-30 01:27:57 | Diag logvar_q_mean=-1.4286 logvar_q_clamp=0.0000 logvar_p_mean=-1.4281 logvar_p_clamp=0.0000
2026-08-30 01:28:01 | Epoch 203/400 | Train Loss 2.0574 Acc 0.2070 | Val Loss 2.0191 Acc 0.2172 AUC 0.6049 Pre 0.1113 Rec 0.1984
2026-08-30 01:28:01 | Diag logvar_q_mean=-1.4347 logvar_q_clamp=0.0000 logvar_p_mean=-1.4342 logvar_p_clamp=0.0000
2026-08-30 01:28:05 | Epoch 204/400 | Train Loss 2.0628 Acc 0.2053 | Val Loss 2.0186 Acc 0.2165 AUC 0.6047 Pre 0.1113 Rec 0.1978
2026-08-30 01:28:05 | Diag logvar_q_mean=-1.4413 logvar_q_clamp=0.0000 logvar_p_mean=-1.4407 logvar_p_clamp=0.0000
2026-08-30 01:28:08 | Epoch 205/400 | Train Loss 2.0614 Acc 0.2041 | Val Loss 2.0159 Acc 0.2175 AUC 0.6053 Pre 0.1112 Rec 0.1987
2026-08-30 01:28:09 | Diag logvar_q_mean=-1.4481 logvar_q_clamp=0.0000 logvar_p_mean=-1.4476 logvar_p_clamp=0.0000
2026-08-30 01:28:12 | Epoch 206/400 | Train Loss 2.0610 Acc 0.2069 | Val Loss 2.0227 Acc 0.2172 AUC 0.6052 Pre 0.1109 Rec 0.1984
2026-08-30 01:28:13 | Diag logvar_q_mean=-1.4543 logvar_q_clamp=0.0000 logvar_p_mean=-1.4539 logvar_p_clamp=0.0000
2026-08-30 01:28:16 | Epoch 207/400 | Train Loss 2.0599 Acc 0.2048 | Val Loss 2.0297 Acc 0.2162 AUC 0.6044 Pre 0.1113 Rec 0.1975
2026-08-30 01:28:17 | Diag logvar_q_mean=-1.4609 logvar_q_clamp=0.0000 logvar_p_mean=-1.4603 logvar_p_clamp=0.0000
2026-08-30 01:28:20 | Epoch 208/400 | Train Loss 2.0565 Acc 0.2041 | Val Loss 2.0311 Acc 0.2172 AUC 0.6049 Pre 0.1114 Rec 0.1984
2026-08-30 01:28:21 | Diag logvar_q_mean=-1.4674 logvar_q_clamp=0.0000 logvar_p_mean=-1.4668 logvar_p_clamp=0.0000
2026-08-30 01:28:24 | Epoch 209/400 | Train Loss 2.0618 Acc 0.2047 | Val Loss 2.0292 Acc 0.2172 AUC 0.6049 Pre 0.1111 Rec 0.1984
2026-08-30 01:28:25 | Diag logvar_q_mean=-1.4733 logvar_q_clamp=0.0000 logvar_p_mean=-1.4728 logvar_p_clamp=0.0000
2026-08-30 01:28:28 | Epoch 210/400 | Train Loss 2.0598 Acc 0.2061 | Val Loss 2.0237 Acc 0.2170 AUC 0.6048 Pre 0.1113 Rec 0.1982
2026-08-30 01:28:29 | Diag logvar_q_mean=-1.4797 logvar_q_clamp=0.0000 logvar_p_mean=-1.4792 logvar_p_clamp=0.0000
2026-08-30 01:28:32 | Epoch 211/400 | Train Loss 2.0621 Acc 0.2046 | Val Loss 2.0193 Acc 0.2172 AUC 0.6049 Pre 0.1112 Rec 0.1984
2026-08-30 01:28:33 | Diag logvar_q_mean=-1.4863 logvar_q_clamp=0.0000 logvar_p_mean=-1.4859 logvar_p_clamp=0.0000
2026-08-30 01:28:36 | Epoch 212/400 | Train Loss 2.0634 Acc 0.2047 | Val Loss 2.0230 Acc 0.2170 AUC 0.6048 Pre 0.1112 Rec 0.1982
2026-08-30 01:28:36 | Diag logvar_q_mean=-1.4926 logvar_q_clamp=0.0000 logvar_p_mean=-1.4921 logvar_p_clamp=0.0000
2026-08-30 01:28:40 | Epoch 213/400 | Train Loss 2.0630 Acc 0.2066 | Val Loss 2.0171 Acc 0.2169 AUC 0.6046 Pre 0.1112 Rec 0.1981
2026-08-30 01:28:40 | Diag logvar_q_mean=-1.4985 logvar_q_clamp=0.0000 logvar_p_mean=-1.4980 logvar_p_clamp=0.0000
2026-08-30 01:28:44 | Epoch 214/400 | Train Loss 2.0550 Acc 0.2061 | Val Loss 2.0222 Acc 0.2171 AUC 0.6051 Pre 0.1110 Rec 0.1983
2026-08-30 01:28:44 | Diag logvar_q_mean=-1.5050 logvar_q_clamp=0.0000 logvar_p_mean=-1.5044 logvar_p_clamp=0.0000
2026-08-30 01:28:47 | Epoch 215/400 | Train Loss 2.0618 Acc 0.2064 | Val Loss 2.0314 Acc 0.2172 AUC 0.6051 Pre 0.1110 Rec 0.1984
2026-08-30 01:28:48 | Diag logvar_q_mean=-1.5112 logvar_q_clamp=0.0000 logvar_p_mean=-1.5108 logvar_p_clamp=0.0000
2026-08-30 01:28:51 | Epoch 216/400 | Train Loss 2.0583 Acc 0.2065 | Val Loss 2.0363 Acc 0.2173 AUC 0.6052 Pre 0.1107 Rec 0.1985
2026-08-30 01:28:52 | Diag logvar_q_mean=-1.5168 logvar_q_clamp=0.0000 logvar_p_mean=-1.5163 logvar_p_clamp=0.0000
2026-08-30 01:28:55 | Epoch 217/400 | Train Loss 2.0663 Acc 0.2061 | Val Loss 2.0240 Acc 0.2168 AUC 0.6048 Pre 0.1111 Rec 0.1980
2026-08-30 01:28:56 | Diag logvar_q_mean=-1.5237 logvar_q_clamp=0.0000 logvar_p_mean=-1.5232 logvar_p_clamp=0.0000
2026-08-30 01:28:59 | Epoch 218/400 | Train Loss 2.0601 Acc 0.2052 | Val Loss 2.0176 Acc 0.2172 AUC 0.6049 Pre 0.1111 Rec 0.1984
2026-08-30 01:29:00 | Diag logvar_q_mean=-1.5299 logvar_q_clamp=0.0000 logvar_p_mean=-1.5295 logvar_p_clamp=0.0000
2026-08-30 01:29:03 | Epoch 219/400 | Train Loss 2.0585 Acc 0.2062 | Val Loss 2.0210 Acc 0.2169 AUC 0.6049 Pre 0.1110 Rec 0.1981
2026-08-30 01:29:03 | Diag logvar_q_mean=-1.5361 logvar_q_clamp=0.0000 logvar_p_mean=-1.5357 logvar_p_clamp=0.0000
2026-08-30 01:29:07 | Epoch 220/400 | Train Loss 2.0606 Acc 0.2033 | Val Loss 2.0262 Acc 0.2171 AUC 0.6050 Pre 0.1110 Rec 0.1983
2026-08-30 01:29:07 | Diag logvar_q_mean=-1.5422 logvar_q_clamp=0.0000 logvar_p_mean=-1.5417 logvar_p_clamp=0.0000
2026-08-30 01:29:11 | Epoch 221/400 | Train Loss 2.0581 Acc 0.2058 | Val Loss 2.0217 Acc 0.2169 AUC 0.6050 Pre 0.1109 Rec 0.1981
2026-08-30 01:29:11 | Diag logvar_q_mean=-1.5482 logvar_q_clamp=0.0000 logvar_p_mean=-1.5478 logvar_p_clamp=0.0000
2026-08-30 01:29:15 | Epoch 222/400 | Train Loss 2.0588 Acc 0.2068 | Val Loss 2.0261 Acc 0.2171 AUC 0.6050 Pre 0.1110 Rec 0.1983
2026-08-30 01:29:15 | Diag logvar_q_mean=-1.5543 logvar_q_clamp=0.0000 logvar_p_mean=-1.5538 logvar_p_clamp=0.0000
2026-08-30 01:29:18 | Epoch 223/400 | Train Loss 2.0580 Acc 0.2083 | Val Loss 2.0158 Acc 0.2167 AUC 0.6048 Pre 0.1114 Rec 0.1980
2026-08-30 01:29:19 | Diag logvar_q_mean=-1.5601 logvar_q_clamp=0.0000 logvar_p_mean=-1.5596 logvar_p_clamp=0.0000
2026-08-30 01:29:22 | Epoch 224/400 | Train Loss 2.0566 Acc 0.2059 | Val Loss 2.0186 Acc 0.2170 AUC 0.6049 Pre 0.1111 Rec 0.1982
2026-08-30 01:29:23 | Diag logvar_q_mean=-1.5665 logvar_q_clamp=0.0000 logvar_p_mean=-1.5660 logvar_p_clamp=0.0000
2026-08-30 01:29:26 | Epoch 225/400 | Train Loss 2.0540 Acc 0.2033 | Val Loss 2.0224 Acc 0.2166 AUC 0.6050 Pre 0.1111 Rec 0.1979
2026-08-30 01:29:27 | Diag logvar_q_mean=-1.5729 logvar_q_clamp=0.0000 logvar_p_mean=-1.5724 logvar_p_clamp=0.0000
2026-08-30 01:29:30 | Epoch 226/400 | Train Loss 2.0632 Acc 0.2083 | Val Loss 2.0301 Acc 0.2164 AUC 0.6043 Pre 0.1111 Rec 0.1977
2026-08-30 01:29:30 | Diag logvar_q_mean=-1.5785 logvar_q_clamp=0.0000 logvar_p_mean=-1.5779 logvar_p_clamp=0.0000
2026-08-30 01:29:34 | Epoch 227/400 | Train Loss 2.0640 Acc 0.2080 | Val Loss 2.0265 Acc 0.2163 AUC 0.6046 Pre 0.1111 Rec 0.1976
2026-08-30 01:29:34 | Diag logvar_q_mean=-1.5844 logvar_q_clamp=0.0000 logvar_p_mean=-1.5839 logvar_p_clamp=0.0000
2026-08-30 01:29:38 | Epoch 228/400 | Train Loss 2.0610 Acc 0.2058 | Val Loss 2.0196 Acc 0.2169 AUC 0.6048 Pre 0.1112 Rec 0.1981
2026-08-30 01:29:38 | Diag logvar_q_mean=-1.5908 logvar_q_clamp=0.0000 logvar_p_mean=-1.5902 logvar_p_clamp=0.0000
2026-08-30 01:29:41 | Epoch 229/400 | Train Loss 2.0609 Acc 0.2041 | Val Loss 2.0191 Acc 0.2171 AUC 0.6052 Pre 0.1112 Rec 0.1983
2026-08-30 01:29:42 | Diag logvar_q_mean=-1.5971 logvar_q_clamp=0.0000 logvar_p_mean=-1.5966 logvar_p_clamp=0.0000
2026-08-30 01:29:45 | Epoch 230/400 | Train Loss 2.0601 Acc 0.2059 | Val Loss 2.0240 Acc 0.2173 AUC 0.6050 Pre 0.1112 Rec 0.1985
2026-08-30 01:29:46 | Diag logvar_q_mean=-1.6029 logvar_q_clamp=0.0000 logvar_p_mean=-1.6024 logvar_p_clamp=0.0000
2026-08-30 01:29:49 | Epoch 231/400 | Train Loss 2.0592 Acc 0.2046 | Val Loss 2.0245 Acc 0.2173 AUC 0.6049 Pre 0.1110 Rec 0.1985
2026-08-30 01:29:50 | Diag logvar_q_mean=-1.6092 logvar_q_clamp=0.0000 logvar_p_mean=-1.6086 logvar_p_clamp=0.0000
2026-08-30 01:29:53 | Epoch 232/400 | Train Loss 2.0549 Acc 0.2056 | Val Loss 2.0132 Acc 0.2173 AUC 0.6051 Pre 0.1113 Rec 0.1985
2026-08-30 01:29:54 | Diag logvar_q_mean=-1.6150 logvar_q_clamp=0.0000 logvar_p_mean=-1.6145 logvar_p_clamp=0.0000
2026-08-30 01:29:57 | Epoch 233/400 | Train Loss 2.0585 Acc 0.2052 | Val Loss 2.0161 Acc 0.2172 AUC 0.6049 Pre 0.1110 Rec 0.1984
2026-08-30 01:29:58 | Diag logvar_q_mean=-1.6210 logvar_q_clamp=0.0000 logvar_p_mean=-1.6206 logvar_p_clamp=0.0000
2026-08-30 01:30:01 | Epoch 234/400 | Train Loss 2.0582 Acc 0.2053 | Val Loss 2.0164 Acc 0.2172 AUC 0.6049 Pre 0.1113 Rec 0.1984
2026-08-30 01:30:02 | Diag logvar_q_mean=-1.6267 logvar_q_clamp=0.0000 logvar_p_mean=-1.6262 logvar_p_clamp=0.0000
2026-08-30 01:30:05 | Epoch 235/400 | Train Loss 2.0585 Acc 0.2063 | Val Loss 2.0220 Acc 0.2172 AUC 0.6050 Pre 0.1111 Rec 0.1984
2026-08-30 01:30:05 | Diag logvar_q_mean=-1.6327 logvar_q_clamp=0.0000 logvar_p_mean=-1.6321 logvar_p_clamp=0.0000
2026-08-30 01:30:09 | Epoch 236/400 | Train Loss 2.0632 Acc 0.2049 | Val Loss 2.0192 Acc 0.2168 AUC 0.6044 Pre 0.1112 Rec 0.1981
2026-08-30 01:30:09 | Diag logvar_q_mean=-1.6390 logvar_q_clamp=0.0000 logvar_p_mean=-1.6385 logvar_p_clamp=0.0000
2026-08-30 01:30:13 | Epoch 237/400 | Train Loss 2.0565 Acc 0.2055 | Val Loss 2.0075 Acc 0.2171 AUC 0.6049 Pre 0.1114 Rec 0.1983
2026-08-30 01:30:13 | Diag logvar_q_mean=-1.6449 logvar_q_clamp=0.0000 logvar_p_mean=-1.6444 logvar_p_clamp=0.0000
2026-08-30 01:30:17 | Epoch 238/400 | Train Loss 2.0572 Acc 0.2042 | Val Loss 2.0209 Acc 0.2171 AUC 0.6049 Pre 0.1113 Rec 0.1983
2026-08-30 01:30:17 | Diag logvar_q_mean=-1.6511 logvar_q_clamp=0.0000 logvar_p_mean=-1.6506 logvar_p_clamp=0.0000
2026-08-30 01:30:21 | Epoch 239/400 | Train Loss 2.0602 Acc 0.2055 | Val Loss 2.0235 Acc 0.2174 AUC 0.6051 Pre 0.1109 Rec 0.1986
2026-08-30 01:30:21 | Diag logvar_q_mean=-1.6571 logvar_q_clamp=0.0000 logvar_p_mean=-1.6567 logvar_p_clamp=0.0000
2026-08-30 01:30:25 | Epoch 240/400 | Train Loss 2.0609 Acc 0.2062 | Val Loss 2.0192 Acc 0.2171 AUC 0.6050 Pre 0.1113 Rec 0.1983
2026-08-30 01:30:25 | Diag logvar_q_mean=-1.6628 logvar_q_clamp=0.0000 logvar_p_mean=-1.6623 logvar_p_clamp=0.0000
2026-08-30 01:30:29 | Epoch 241/400 | Train Loss 2.0609 Acc 0.2024 | Val Loss 2.0219 Acc 0.2172 AUC 0.6051 Pre 0.1110 Rec 0.1984
2026-08-30 01:30:29 | Diag logvar_q_mean=-1.6695 logvar_q_clamp=0.0000 logvar_p_mean=-1.6691 logvar_p_clamp=0.0000
2026-08-30 01:30:32 | Epoch 242/400 | Train Loss 2.0585 Acc 0.2072 | Val Loss 2.0168 Acc 0.2169 AUC 0.6046 Pre 0.1114 Rec 0.1981
2026-08-30 01:30:33 | Diag logvar_q_mean=-1.6751 logvar_q_clamp=0.0000 logvar_p_mean=-1.6746 logvar_p_clamp=0.0000
2026-08-30 01:30:36 | Epoch 243/400 | Train Loss 2.0550 Acc 0.2086 | Val Loss 2.0207 Acc 0.2170 AUC 0.6049 Pre 0.1112 Rec 0.1982
2026-08-30 01:30:37 | Diag logvar_q_mean=-1.6802 logvar_q_clamp=0.0000 logvar_p_mean=-1.6797 logvar_p_clamp=0.0000
2026-08-30 01:30:40 | Epoch 244/400 | Train Loss 2.0555 Acc 0.2040 | Val Loss 2.0268 Acc 0.2173 AUC 0.6050 Pre 0.1110 Rec 0.1985
2026-08-30 01:30:41 | Diag logvar_q_mean=-1.6865 logvar_q_clamp=0.0000 logvar_p_mean=-1.6860 logvar_p_clamp=0.0000
2026-08-30 01:30:44 | Epoch 245/400 | Train Loss 2.0527 Acc 0.2058 | Val Loss 2.0321 Acc 0.2170 AUC 0.6050 Pre 0.1111 Rec 0.1982
2026-08-30 01:30:44 | Diag logvar_q_mean=-1.6922 logvar_q_clamp=0.0000 logvar_p_mean=-1.6916 logvar_p_clamp=0.0000
2026-08-30 01:30:48 | Epoch 246/400 | Train Loss 2.0547 Acc 0.2097 | Val Loss 2.0193 Acc 0.2168 AUC 0.6048 Pre 0.1111 Rec 0.1980
2026-08-30 01:30:48 | Diag logvar_q_mean=-1.6977 logvar_q_clamp=0.0000 logvar_p_mean=-1.6972 logvar_p_clamp=0.0000
2026-08-30 01:30:52 | Epoch 247/400 | Train Loss 2.0523 Acc 0.2075 | Val Loss 2.0294 Acc 0.2174 AUC 0.6053 Pre 0.1109 Rec 0.1986
2026-08-30 01:30:52 | Diag logvar_q_mean=-1.7037 logvar_q_clamp=0.0000 logvar_p_mean=-1.7032 logvar_p_clamp=0.0000
2026-08-30 01:30:56 | Epoch 248/400 | Train Loss 2.0574 Acc 0.2068 | Val Loss 2.0160 Acc 0.2175 AUC 0.6052 Pre 0.1111 Rec 0.1987
2026-08-30 01:30:56 | Diag logvar_q_mean=-1.7095 logvar_q_clamp=0.0000 logvar_p_mean=-1.7090 logvar_p_clamp=0.0000
2026-08-30 01:30:59 | Epoch 249/400 | Train Loss 2.0625 Acc 0.2076 | Val Loss 2.0303 Acc 0.2175 AUC 0.6051 Pre 0.1110 Rec 0.1987
2026-08-30 01:31:00 | Diag logvar_q_mean=-1.7152 logvar_q_clamp=0.0000 logvar_p_mean=-1.7147 logvar_p_clamp=0.0000
2026-08-30 01:31:03 | Epoch 250/400 | Train Loss 2.0574 Acc 0.2059 | Val Loss 2.0328 Acc 0.2175 AUC 0.6051 Pre 0.1106 Rec 0.1987
2026-08-30 01:31:04 | Diag logvar_q_mean=-1.7211 logvar_q_clamp=0.0000 logvar_p_mean=-1.7206 logvar_p_clamp=0.0000
2026-08-30 01:31:07 | Epoch 251/400 | Train Loss 2.0544 Acc 0.2061 | Val Loss 2.0178 Acc 0.2165 AUC 0.6045 Pre 0.1113 Rec 0.1978
2026-08-30 01:31:07 | Diag logvar_q_mean=-1.7269 logvar_q_clamp=0.0000 logvar_p_mean=-1.7265 logvar_p_clamp=0.0000
2026-08-30 01:31:11 | Epoch 252/400 | Train Loss 2.0600 Acc 0.2056 | Val Loss 2.0329 Acc 0.2169 AUC 0.6050 Pre 0.1111 Rec 0.1981
2026-08-30 01:31:11 | Diag logvar_q_mean=-1.7327 logvar_q_clamp=0.0000 logvar_p_mean=-1.7322 logvar_p_clamp=0.0000
2026-08-30 01:31:15 | Epoch 253/400 | Train Loss 2.0597 Acc 0.2069 | Val Loss 2.0222 Acc 0.2172 AUC 0.6051 Pre 0.1108 Rec 0.1984
2026-08-30 01:31:15 | Diag logvar_q_mean=-1.7387 logvar_q_clamp=0.0000 logvar_p_mean=-1.7382 logvar_p_clamp=0.0000
2026-08-30 01:31:19 | Epoch 254/400 | Train Loss 2.0580 Acc 0.2067 | Val Loss 2.0275 Acc 0.2172 AUC 0.6049 Pre 0.1110 Rec 0.1984
2026-08-30 01:31:19 | Diag logvar_q_mean=-1.7446 logvar_q_clamp=0.0000 logvar_p_mean=-1.7441 logvar_p_clamp=0.0000
2026-08-30 01:31:23 | Epoch 255/400 | Train Loss 2.0578 Acc 0.2061 | Val Loss 2.0168 Acc 0.2171 AUC 0.6049 Pre 0.1111 Rec 0.1983
2026-08-30 01:31:23 | Diag logvar_q_mean=-1.7504 logvar_q_clamp=0.0000 logvar_p_mean=-1.7500 logvar_p_clamp=0.0000
2026-08-30 01:31:27 | Epoch 256/400 | Train Loss 2.0548 Acc 0.2052 | Val Loss 2.0272 Acc 0.2173 AUC 0.6050 Pre 0.1112 Rec 0.1985
2026-08-30 01:31:27 | Diag logvar_q_mean=-1.7562 logvar_q_clamp=0.0000 logvar_p_mean=-1.7556 logvar_p_clamp=0.0000
2026-08-30 01:31:30 | Epoch 257/400 | Train Loss 2.0526 Acc 0.2077 | Val Loss 2.0185 Acc 0.2173 AUC 0.6052 Pre 0.1109 Rec 0.1985
2026-08-30 01:31:31 | Diag logvar_q_mean=-1.7617 logvar_q_clamp=0.0000 logvar_p_mean=-1.7613 logvar_p_clamp=0.0000
2026-08-30 01:31:34 | Epoch 258/400 | Train Loss 2.0575 Acc 0.2063 | Val Loss 2.0203 Acc 0.2173 AUC 0.6050 Pre 0.1111 Rec 0.1985
2026-08-30 01:31:35 | Diag logvar_q_mean=-1.7675 logvar_q_clamp=0.0000 logvar_p_mean=-1.7669 logvar_p_clamp=0.0000
2026-08-30 01:31:38 | Epoch 259/400 | Train Loss 2.0583 Acc 0.2050 | Val Loss 2.0068 Acc 0.2168 AUC 0.6046 Pre 0.1116 Rec 0.1981
2026-08-30 01:31:39 | Diag logvar_q_mean=-1.7733 logvar_q_clamp=0.0000 logvar_p_mean=-1.7728 logvar_p_clamp=0.0000
2026-08-30 01:31:42 | Epoch 260/400 | Train Loss 2.0614 Acc 0.2085 | Val Loss 2.0161 Acc 0.2174 AUC 0.6049 Pre 0.1111 Rec 0.1986
2026-08-30 01:31:43 | Diag logvar_q_mean=-1.7785 logvar_q_clamp=0.0000 logvar_p_mean=-1.7780 logvar_p_clamp=0.0000
2026-08-30 01:31:46 | Epoch 261/400 | Train Loss 2.0586 Acc 0.2059 | Val Loss 2.0009 Acc 0.2170 AUC 0.6047 Pre 0.1115 Rec 0.1982
2026-08-30 01:31:47 | Diag logvar_q_mean=-1.7842 logvar_q_clamp=0.0000 logvar_p_mean=-1.7838 logvar_p_clamp=0.0000
2026-08-30 01:31:50 | Epoch 262/400 | Train Loss 2.0593 Acc 0.2050 | Val Loss 2.0112 Acc 0.2170 AUC 0.6046 Pre 0.1115 Rec 0.1982
2026-08-30 01:31:51 | Diag logvar_q_mean=-1.7900 logvar_q_clamp=0.0000 logvar_p_mean=-1.7895 logvar_p_clamp=0.0000
2026-08-30 01:31:54 | Epoch 263/400 | Train Loss 2.0588 Acc 0.2039 | Val Loss 2.0125 Acc 0.2172 AUC 0.6051 Pre 0.1110 Rec 0.1984
2026-08-30 01:31:55 | Diag logvar_q_mean=-1.7954 logvar_q_clamp=0.0000 logvar_p_mean=-1.7949 logvar_p_clamp=0.0000
2026-08-30 01:31:58 | Epoch 264/400 | Train Loss 2.0575 Acc 0.2060 | Val Loss 2.0149 Acc 0.2171 AUC 0.6049 Pre 0.1112 Rec 0.1983
2026-08-30 01:31:58 | Diag logvar_q_mean=-1.8006 logvar_q_clamp=0.0000 logvar_p_mean=-1.8001 logvar_p_clamp=0.0000
2026-08-30 01:32:02 | Epoch 265/400 | Train Loss 2.0547 Acc 0.2082 | Val Loss 2.0229 Acc 0.2171 AUC 0.6049 Pre 0.1111 Rec 0.1983
2026-08-30 01:32:02 | Diag logvar_q_mean=-1.8065 logvar_q_clamp=0.0000 logvar_p_mean=-1.8060 logvar_p_clamp=0.0000
2026-08-30 01:32:06 | Epoch 266/400 | Train Loss 2.0544 Acc 0.2075 | Val Loss 2.0263 Acc 0.2171 AUC 0.6048 Pre 0.1111 Rec 0.1983
2026-08-30 01:32:06 | Diag logvar_q_mean=-1.8123 logvar_q_clamp=0.0000 logvar_p_mean=-1.8117 logvar_p_clamp=0.0000
2026-08-30 01:32:10 | Epoch 267/400 | Train Loss 2.0572 Acc 0.2058 | Val Loss 2.0213 Acc 0.2173 AUC 0.6048 Pre 0.1111 Rec 0.1985
2026-08-30 01:32:10 | Diag logvar_q_mean=-1.8178 logvar_q_clamp=0.0000 logvar_p_mean=-1.8172 logvar_p_clamp=0.0000
2026-08-30 01:32:14 | Epoch 268/400 | Train Loss 2.0576 Acc 0.2070 | Val Loss 2.0100 Acc 0.2172 AUC 0.6050 Pre 0.1113 Rec 0.1984
2026-08-30 01:32:14 | Diag logvar_q_mean=-1.8235 logvar_q_clamp=0.0000 logvar_p_mean=-1.8230 logvar_p_clamp=0.0000
2026-08-30 01:32:18 | Epoch 269/400 | Train Loss 2.0524 Acc 0.2069 | Val Loss 2.0084 Acc 0.2170 AUC 0.6048 Pre 0.1113 Rec 0.1982
2026-08-30 01:32:18 | Diag logvar_q_mean=-1.8292 logvar_q_clamp=0.0000 logvar_p_mean=-1.8287 logvar_p_clamp=0.0000
2026-08-30 01:32:21 | Epoch 270/400 | Train Loss 2.0530 Acc 0.2056 | Val Loss 2.0105 Acc 0.2167 AUC 0.6045 Pre 0.1114 Rec 0.1980
2026-08-30 01:32:22 | Diag logvar_q_mean=-1.8353 logvar_q_clamp=0.0000 logvar_p_mean=-1.8348 logvar_p_clamp=0.0000
2026-08-30 01:32:25 | Epoch 271/400 | Train Loss 2.0581 Acc 0.2052 | Val Loss 2.0225 Acc 0.2172 AUC 0.6048 Pre 0.1111 Rec 0.1984
2026-08-30 01:32:26 | Diag logvar_q_mean=-1.8410 logvar_q_clamp=0.0000 logvar_p_mean=-1.8405 logvar_p_clamp=0.0000
2026-08-30 01:32:29 | Epoch 272/400 | Train Loss 2.0573 Acc 0.2084 | Val Loss 2.0214 Acc 0.2171 AUC 0.6049 Pre 0.1112 Rec 0.1983
2026-08-30 01:32:30 | Diag logvar_q_mean=-1.8459 logvar_q_clamp=0.0000 logvar_p_mean=-1.8454 logvar_p_clamp=0.0000
2026-08-30 01:32:33 | Epoch 273/400 | Train Loss 2.0562 Acc 0.2062 | Val Loss 2.0243 Acc 0.2169 AUC 0.6046 Pre 0.1113 Rec 0.1981
2026-08-30 01:32:33 | Diag logvar_q_mean=-1.8514 logvar_q_clamp=0.0000 logvar_p_mean=-1.8509 logvar_p_clamp=0.0000
2026-08-30 01:32:37 | Epoch 274/400 | Train Loss 2.0598 Acc 0.2054 | Val Loss 2.0246 Acc 0.2170 AUC 0.6048 Pre 0.1111 Rec 0.1982
2026-08-30 01:32:37 | Diag logvar_q_mean=-1.8573 logvar_q_clamp=0.0000 logvar_p_mean=-1.8568 logvar_p_clamp=0.0000
2026-08-30 01:32:41 | Epoch 275/400 | Train Loss 2.0617 Acc 0.2072 | Val Loss 2.0213 Acc 0.2163 AUC 0.6044 Pre 0.1113 Rec 0.1976
2026-08-30 01:32:41 | Diag logvar_q_mean=-1.8624 logvar_q_clamp=0.0000 logvar_p_mean=-1.8620 logvar_p_clamp=0.0000
2026-08-30 01:32:45 | Epoch 276/400 | Train Loss 2.0589 Acc 0.2051 | Val Loss 2.0353 Acc 0.2172 AUC 0.6049 Pre 0.1110 Rec 0.1984
2026-08-30 01:32:45 | Diag logvar_q_mean=-1.8680 logvar_q_clamp=0.0000 logvar_p_mean=-1.8675 logvar_p_clamp=0.0000
2026-08-30 01:32:48 | Epoch 277/400 | Train Loss 2.0550 Acc 0.2085 | Val Loss 2.0294 Acc 0.2169 AUC 0.6049 Pre 0.1111 Rec 0.1981
2026-08-30 01:32:49 | Diag logvar_q_mean=-1.8735 logvar_q_clamp=0.0000 logvar_p_mean=-1.8730 logvar_p_clamp=0.0000
2026-08-30 01:32:52 | Epoch 278/400 | Train Loss 2.0577 Acc 0.2063 | Val Loss 2.0268 Acc 0.2171 AUC 0.6049 Pre 0.1110 Rec 0.1983
2026-08-30 01:32:53 | Diag logvar_q_mean=-1.8798 logvar_q_clamp=0.0000 logvar_p_mean=-1.8792 logvar_p_clamp=0.0000
2026-08-30 01:32:56 | Epoch 279/400 | Train Loss 2.0558 Acc 0.2068 | Val Loss 2.0286 Acc 0.2169 AUC 0.6047 Pre 0.1111 Rec 0.1981
2026-08-30 01:32:57 | Diag logvar_q_mean=-1.8855 logvar_q_clamp=0.0000 logvar_p_mean=-1.8851 logvar_p_clamp=0.0000
2026-08-30 01:33:00 | Epoch 280/400 | Train Loss 2.0594 Acc 0.2063 | Val Loss 2.0321 Acc 0.2171 AUC 0.6050 Pre 0.1110 Rec 0.1983
2026-08-30 01:33:01 | Diag logvar_q_mean=-1.8909 logvar_q_clamp=0.0000 logvar_p_mean=-1.8904 logvar_p_clamp=0.0000
2026-08-30 01:33:04 | Epoch 281/400 | Train Loss 2.0559 Acc 0.2101 | Val Loss 2.0193 Acc 0.2169 AUC 0.6046 Pre 0.1114 Rec 0.1981
2026-08-30 01:33:04 | Diag logvar_q_mean=-1.8958 logvar_q_clamp=0.0000 logvar_p_mean=-1.8953 logvar_p_clamp=0.0000
2026-08-30 01:33:08 | Epoch 282/400 | Train Loss 2.0602 Acc 0.2051 | Val Loss 2.0251 Acc 0.2172 AUC 0.6048 Pre 0.1111 Rec 0.1984
2026-08-30 01:33:08 | Diag logvar_q_mean=-1.9019 logvar_q_clamp=0.0000 logvar_p_mean=-1.9014 logvar_p_clamp=0.0000
2026-08-30 01:33:12 | Epoch 283/400 | Train Loss 2.0569 Acc 0.2047 | Val Loss 2.0287 Acc 0.2172 AUC 0.6049 Pre 0.1110 Rec 0.1984
2026-08-30 01:33:12 | Diag logvar_q_mean=-1.9074 logvar_q_clamp=0.0000 logvar_p_mean=-1.9068 logvar_p_clamp=0.0000
2026-08-30 01:33:15 | Epoch 284/400 | Train Loss 2.0566 Acc 0.2074 | Val Loss 2.0268 Acc 0.2171 AUC 0.6048 Pre 0.1110 Rec 0.1983
2026-08-30 01:33:16 | Diag logvar_q_mean=-1.9129 logvar_q_clamp=0.0000 logvar_p_mean=-1.9123 logvar_p_clamp=0.0000
2026-08-30 01:33:19 | Epoch 285/400 | Train Loss 2.0575 Acc 0.2069 | Val Loss 2.0228 Acc 0.2170 AUC 0.6050 Pre 0.1112 Rec 0.1982
2026-08-30 01:33:20 | Diag logvar_q_mean=-1.9185 logvar_q_clamp=0.0000 logvar_p_mean=-1.9180 logvar_p_clamp=0.0000
2026-08-30 01:33:23 | Epoch 286/400 | Train Loss 2.0588 Acc 0.2055 | Val Loss 2.0287 Acc 0.2170 AUC 0.6049 Pre 0.1108 Rec 0.1982
2026-08-30 01:33:24 | Diag logvar_q_mean=-1.9240 logvar_q_clamp=0.0000 logvar_p_mean=-1.9235 logvar_p_clamp=0.0000
2026-08-30 01:33:27 | Epoch 287/400 | Train Loss 2.0639 Acc 0.2054 | Val Loss 2.0337 Acc 0.2169 AUC 0.6048 Pre 0.1109 Rec 0.1981
2026-08-30 01:33:27 | Diag logvar_q_mean=-1.9292 logvar_q_clamp=0.0000 logvar_p_mean=-1.9287 logvar_p_clamp=0.0000
2026-08-30 01:33:31 | Epoch 288/400 | Train Loss 2.0598 Acc 0.2056 | Val Loss 2.0305 Acc 0.2169 AUC 0.6045 Pre 0.1110 Rec 0.1981
2026-08-30 01:33:31 | Diag logvar_q_mean=-1.9344 logvar_q_clamp=0.0000 logvar_p_mean=-1.9339 logvar_p_clamp=0.0000
2026-08-30 01:33:35 | Epoch 289/400 | Train Loss 2.0579 Acc 0.2034 | Val Loss 2.0283 Acc 0.2171 AUC 0.6048 Pre 0.1111 Rec 0.1983
2026-08-30 01:33:35 | Diag logvar_q_mean=-1.9397 logvar_q_clamp=0.0000 logvar_p_mean=-1.9392 logvar_p_clamp=0.0000
2026-08-30 01:33:39 | Epoch 290/400 | Train Loss 2.0553 Acc 0.2063 | Val Loss 2.0279 Acc 0.2169 AUC 0.6046 Pre 0.1109 Rec 0.1981
2026-08-30 01:33:39 | Diag logvar_q_mean=-1.9452 logvar_q_clamp=0.0000 logvar_p_mean=-1.9447 logvar_p_clamp=0.0000
2026-08-30 01:33:43 | Epoch 291/400 | Train Loss 2.0579 Acc 0.2048 | Val Loss 2.0337 Acc 0.2172 AUC 0.6049 Pre 0.1110 Rec 0.1984
2026-08-30 01:33:43 | Diag logvar_q_mean=-1.9509 logvar_q_clamp=0.0000 logvar_p_mean=-1.9503 logvar_p_clamp=0.0000
2026-08-30 01:33:46 | Epoch 292/400 | Train Loss 2.0518 Acc 0.2057 | Val Loss 2.0250 Acc 0.2172 AUC 0.6049 Pre 0.1111 Rec 0.1984
2026-08-30 01:33:47 | Diag logvar_q_mean=-1.9563 logvar_q_clamp=0.0000 logvar_p_mean=-1.9557 logvar_p_clamp=0.0000
2026-08-30 01:33:50 | Epoch 293/400 | Train Loss 2.0560 Acc 0.2090 | Val Loss 2.0143 Acc 0.2166 AUC 0.6046 Pre 0.1113 Rec 0.1979
2026-08-30 01:33:51 | Diag logvar_q_mean=-1.9610 logvar_q_clamp=0.0000 logvar_p_mean=-1.9605 logvar_p_clamp=0.0000
2026-08-30 01:33:54 | Epoch 294/400 | Train Loss 2.0552 Acc 0.2058 | Val Loss 2.0178 Acc 0.2168 AUC 0.6047 Pre 0.1115 Rec 0.1981
2026-08-30 01:33:55 | Diag logvar_q_mean=-1.9662 logvar_q_clamp=0.0000 logvar_p_mean=-1.9656 logvar_p_clamp=0.0000
2026-08-30 01:33:58 | Epoch 295/400 | Train Loss 2.0646 Acc 0.2062 | Val Loss 2.0314 Acc 0.2174 AUC 0.6050 Pre 0.1111 Rec 0.1986
2026-08-30 01:33:59 | Diag logvar_q_mean=-1.9716 logvar_q_clamp=0.0000 logvar_p_mean=-1.9711 logvar_p_clamp=0.0000
2026-08-30 01:34:02 | Epoch 296/400 | Train Loss 2.0562 Acc 0.2072 | Val Loss 2.0341 Acc 0.2165 AUC 0.6047 Pre 0.1110 Rec 0.1978
2026-08-30 01:34:02 | Diag logvar_q_mean=-1.9771 logvar_q_clamp=0.0000 logvar_p_mean=-1.9766 logvar_p_clamp=0.0000
2026-08-30 01:34:06 | Epoch 297/400 | Train Loss 2.0553 Acc 0.2074 | Val Loss 2.0190 Acc 0.2167 AUC 0.6046 Pre 0.1113 Rec 0.1980
2026-08-30 01:34:06 | Diag logvar_q_mean=-1.9825 logvar_q_clamp=0.0000 logvar_p_mean=-1.9819 logvar_p_clamp=0.0000
2026-08-30 01:34:10 | Epoch 298/400 | Train Loss 2.0532 Acc 0.2053 | Val Loss 2.0246 Acc 0.2171 AUC 0.6049 Pre 0.1111 Rec 0.1983
2026-08-30 01:34:10 | Diag logvar_q_mean=-1.9878 logvar_q_clamp=0.0000 logvar_p_mean=-1.9873 logvar_p_clamp=0.0000
2026-08-30 01:34:14 | Epoch 299/400 | Train Loss 2.0594 Acc 0.2058 | Val Loss 2.0180 Acc 0.2172 AUC 0.6048 Pre 0.1111 Rec 0.1984
2026-08-30 01:34:14 | Diag logvar_q_mean=-1.9926 logvar_q_clamp=0.0000 logvar_p_mean=-1.9921 logvar_p_clamp=0.0000
2026-08-30 01:34:18 | Epoch 300/400 | Train Loss 2.0583 Acc 0.2057 | Val Loss 2.0263 Acc 0.2172 AUC 0.6049 Pre 0.1110 Rec 0.1984
2026-08-30 01:34:18 | Diag logvar_q_mean=-1.9980 logvar_q_clamp=0.0000 logvar_p_mean=-1.9976 logvar_p_clamp=0.0000
2026-08-30 01:34:21 | Epoch 301/400 | Train Loss 2.0590 Acc 0.2051 | Val Loss 2.0292 Acc 0.2173 AUC 0.6049 Pre 0.1110 Rec 0.1985
2026-08-30 01:34:22 | Diag logvar_q_mean=-2.0032 logvar_q_clamp=0.0000 logvar_p_mean=-2.0026 logvar_p_clamp=0.0000
2026-08-30 01:34:25 | Epoch 302/400 | Train Loss 2.0557 Acc 0.2087 | Val Loss 2.0186 Acc 0.2168 AUC 0.6047 Pre 0.1113 Rec 0.1981
2026-08-30 01:34:26 | Diag logvar_q_mean=-2.0087 logvar_q_clamp=0.0000 logvar_p_mean=-2.0082 logvar_p_clamp=0.0000
2026-08-30 01:34:29 | Epoch 303/400 | Train Loss 2.0599 Acc 0.2057 | Val Loss 2.0077 Acc 0.2164 AUC 0.6047 Pre 0.1116 Rec 0.1977
2026-08-30 01:34:30 | Diag logvar_q_mean=-2.0142 logvar_q_clamp=0.0000 logvar_p_mean=-2.0137 logvar_p_clamp=0.0000
2026-08-30 01:34:33 | Epoch 304/400 | Train Loss 2.0576 Acc 0.2060 | Val Loss 2.0263 Acc 0.2172 AUC 0.6049 Pre 0.1112 Rec 0.1984
2026-08-30 01:34:33 | Diag logvar_q_mean=-2.0199 logvar_q_clamp=0.0000 logvar_p_mean=-2.0194 logvar_p_clamp=0.0000
2026-08-30 01:34:37 | Epoch 305/400 | Train Loss 2.0536 Acc 0.2061 | Val Loss 2.0255 Acc 0.2173 AUC 0.6050 Pre 0.1110 Rec 0.1985
2026-08-30 01:34:37 | Diag logvar_q_mean=-2.0250 logvar_q_clamp=0.0000 logvar_p_mean=-2.0246 logvar_p_clamp=0.0000
2026-08-30 01:34:41 | Epoch 306/400 | Train Loss 2.0567 Acc 0.2045 | Val Loss 2.0221 Acc 0.2166 AUC 0.6043 Pre 0.1113 Rec 0.1979
2026-08-30 01:34:41 | Diag logvar_q_mean=-2.0306 logvar_q_clamp=0.0000 logvar_p_mean=-2.0301 logvar_p_clamp=0.0000
2026-08-30 01:34:45 | Epoch 307/400 | Train Loss 2.0590 Acc 0.2052 | Val Loss 2.0232 Acc 0.2169 AUC 0.6047 Pre 0.1112 Rec 0.1981
2026-08-30 01:34:45 | Diag logvar_q_mean=-2.0360 logvar_q_clamp=0.0000 logvar_p_mean=-2.0354 logvar_p_clamp=0.0000
2026-08-30 01:34:48 | Epoch 308/400 | Train Loss 2.0586 Acc 0.2065 | Val Loss 2.0230 Acc 0.2172 AUC 0.6048 Pre 0.1112 Rec 0.1984
2026-08-30 01:34:49 | Diag logvar_q_mean=-2.0411 logvar_q_clamp=0.0000 logvar_p_mean=-2.0406 logvar_p_clamp=0.0000
2026-08-30 01:34:52 | Epoch 309/400 | Train Loss 2.0587 Acc 0.2053 | Val Loss 2.0255 Acc 0.2171 AUC 0.6048 Pre 0.1112 Rec 0.1983
2026-08-30 01:34:53 | Diag logvar_q_mean=-2.0464 logvar_q_clamp=0.0000 logvar_p_mean=-2.0459 logvar_p_clamp=0.0000
2026-08-30 01:34:56 | Epoch 310/400 | Train Loss 2.0597 Acc 0.2057 | Val Loss 2.0294 Acc 0.2170 AUC 0.6048 Pre 0.1111 Rec 0.1982
2026-08-30 01:34:57 | Diag logvar_q_mean=-2.0514 logvar_q_clamp=0.0000 logvar_p_mean=-2.0509 logvar_p_clamp=0.0000
2026-08-30 01:35:00 | Epoch 311/400 | Train Loss 2.0595 Acc 0.2052 | Val Loss 2.0304 Acc 0.2171 AUC 0.6048 Pre 0.1111 Rec 0.1983
2026-08-30 01:35:01 | Diag logvar_q_mean=-2.0566 logvar_q_clamp=0.0000 logvar_p_mean=-2.0560 logvar_p_clamp=0.0000
2026-08-30 01:35:04 | Epoch 312/400 | Train Loss 2.0583 Acc 0.2055 | Val Loss 2.0295 Acc 0.2171 AUC 0.6047 Pre 0.1111 Rec 0.1983
2026-08-30 01:35:05 | Diag logvar_q_mean=-2.0618 logvar_q_clamp=0.0000 logvar_p_mean=-2.0613 logvar_p_clamp=0.0000
2026-08-30 01:35:08 | Epoch 313/400 | Train Loss 2.0589 Acc 0.2056 | Val Loss 2.0450 Acc 0.2167 AUC 0.6045 Pre 0.1112 Rec 0.1980
2026-08-30 01:35:09 | Diag logvar_q_mean=-2.0669 logvar_q_clamp=0.0000 logvar_p_mean=-2.0662 logvar_p_clamp=0.0000
2026-08-30 01:35:12 | Epoch 314/400 | Train Loss 2.0531 Acc 0.2073 | Val Loss 2.0287 Acc 0.2170 AUC 0.6048 Pre 0.1109 Rec 0.1982
2026-08-30 01:35:12 | Diag logvar_q_mean=-2.0720 logvar_q_clamp=0.0000 logvar_p_mean=-2.0714 logvar_p_clamp=0.0000
2026-08-30 01:35:16 | Epoch 315/400 | Train Loss 2.0568 Acc 0.2068 | Val Loss 2.0262 Acc 0.2169 AUC 0.6047 Pre 0.1110 Rec 0.1981
2026-08-30 01:35:16 | Diag logvar_q_mean=-2.0769 logvar_q_clamp=0.0000 logvar_p_mean=-2.0764 logvar_p_clamp=0.0000
2026-08-30 01:35:20 | Epoch 316/400 | Train Loss 2.0589 Acc 0.2054 | Val Loss 2.0324 Acc 0.2169 AUC 0.6049 Pre 0.1110 Rec 0.1981
2026-08-30 01:35:20 | Diag logvar_q_mean=-2.0824 logvar_q_clamp=0.0000 logvar_p_mean=-2.0820 logvar_p_clamp=0.0000
2026-08-30 01:35:24 | Epoch 317/400 | Train Loss 2.0563 Acc 0.2066 | Val Loss 2.0276 Acc 0.2163 AUC 0.6044 Pre 0.1110 Rec 0.1976
2026-08-30 01:35:24 | Diag logvar_q_mean=-2.0881 logvar_q_clamp=0.0000 logvar_p_mean=-2.0876 logvar_p_clamp=0.0000
2026-08-30 01:35:28 | Epoch 318/400 | Train Loss 2.0640 Acc 0.2067 | Val Loss 2.0259 Acc 0.2170 AUC 0.6049 Pre 0.1109 Rec 0.1982
2026-08-30 01:35:28 | Diag logvar_q_mean=-2.0929 logvar_q_clamp=0.0000 logvar_p_mean=-2.0924 logvar_p_clamp=0.0000
2026-08-30 01:35:32 | Epoch 319/400 | Train Loss 2.0581 Acc 0.2070 | Val Loss 2.0353 Acc 0.2170 AUC 0.6048 Pre 0.1108 Rec 0.1982
2026-08-30 01:35:32 | Diag logvar_q_mean=-2.0978 logvar_q_clamp=0.0000 logvar_p_mean=-2.0974 logvar_p_clamp=0.0000
2026-08-30 01:35:36 | Epoch 320/400 | Train Loss 2.0579 Acc 0.2056 | Val Loss 2.0336 Acc 0.2167 AUC 0.6047 Pre 0.1110 Rec 0.1980
2026-08-30 01:35:36 | Diag logvar_q_mean=-2.1035 logvar_q_clamp=0.0000 logvar_p_mean=-2.1031 logvar_p_clamp=0.0000
2026-08-30 01:35:40 | Epoch 321/400 | Train Loss 2.0584 Acc 0.2061 | Val Loss 2.0320 Acc 0.2170 AUC 0.6049 Pre 0.1109 Rec 0.1982
2026-08-30 01:35:40 | Diag logvar_q_mean=-2.1083 logvar_q_clamp=0.0000 logvar_p_mean=-2.1078 logvar_p_clamp=0.0000
2026-08-30 01:35:43 | Epoch 322/400 | Train Loss 2.0643 Acc 0.2032 | Val Loss 2.0256 Acc 0.2169 AUC 0.6049 Pre 0.1111 Rec 0.1981
2026-08-30 01:35:44 | Diag logvar_q_mean=-2.1135 logvar_q_clamp=0.0000 logvar_p_mean=-2.1130 logvar_p_clamp=0.0000
2026-08-30 01:35:47 | Epoch 323/400 | Train Loss 2.0605 Acc 0.2023 | Val Loss 2.0309 Acc 0.2167 AUC 0.6048 Pre 0.1111 Rec 0.1980
2026-08-30 01:35:48 | Diag logvar_q_mean=-2.1188 logvar_q_clamp=0.0000 logvar_p_mean=-2.1183 logvar_p_clamp=0.0000
2026-08-30 01:35:51 | Epoch 324/400 | Train Loss 2.0578 Acc 0.2073 | Val Loss 2.0280 Acc 0.2160 AUC 0.6043 Pre 0.1114 Rec 0.1973
2026-08-30 01:35:52 | Diag logvar_q_mean=-2.1240 logvar_q_clamp=0.0000 logvar_p_mean=-2.1234 logvar_p_clamp=0.0000
2026-08-30 01:35:55 | Epoch 325/400 | Train Loss 2.0621 Acc 0.2043 | Val Loss 2.0222 Acc 0.2165 AUC 0.6043 Pre 0.1112 Rec 0.1978
2026-08-30 01:35:56 | Diag logvar_q_mean=-2.1291 logvar_q_clamp=0.0000 logvar_p_mean=-2.1286 logvar_p_clamp=0.0000
2026-08-30 01:35:59 | Epoch 326/400 | Train Loss 2.0584 Acc 0.2046 | Val Loss 2.0251 Acc 0.2171 AUC 0.6047 Pre 0.1112 Rec 0.1983
2026-08-30 01:36:00 | Diag logvar_q_mean=-2.1341 logvar_q_clamp=0.0000 logvar_p_mean=-2.1336 logvar_p_clamp=0.0000
2026-08-30 01:36:03 | Epoch 327/400 | Train Loss 2.0624 Acc 0.2064 | Val Loss 2.0287 Acc 0.2165 AUC 0.6041 Pre 0.1111 Rec 0.1978
2026-08-30 01:36:03 | Diag logvar_q_mean=-2.1395 logvar_q_clamp=0.0000 logvar_p_mean=-2.1389 logvar_p_clamp=0.0000
2026-08-30 01:36:07 | Epoch 328/400 | Train Loss 2.0576 Acc 0.2055 | Val Loss 2.0325 Acc 0.2169 AUC 0.6048 Pre 0.1109 Rec 0.1981
2026-08-30 01:36:07 | Diag logvar_q_mean=-2.1444 logvar_q_clamp=0.0000 logvar_p_mean=-2.1439 logvar_p_clamp=0.0000
2026-08-30 01:36:10 | Epoch 329/400 | Train Loss 2.0527 Acc 0.2077 | Val Loss 2.0283 Acc 0.2168 AUC 0.6047 Pre 0.1110 Rec 0.1980
2026-08-30 01:36:11 | Diag logvar_q_mean=-2.1491 logvar_q_clamp=0.0000 logvar_p_mean=-2.1486 logvar_p_clamp=0.0000
2026-08-30 01:36:14 | Epoch 330/400 | Train Loss 2.0549 Acc 0.2064 | Val Loss 2.0249 Acc 0.2171 AUC 0.6047 Pre 0.1110 Rec 0.1983
2026-08-30 01:36:15 | Diag logvar_q_mean=-2.1542 logvar_q_clamp=0.0000 logvar_p_mean=-2.1538 logvar_p_clamp=0.0000
2026-08-30 01:36:18 | Epoch 331/400 | Train Loss 2.0581 Acc 0.2050 | Val Loss 2.0205 Acc 0.2168 AUC 0.6048 Pre 0.1112 Rec 0.1980
2026-08-30 01:36:19 | Diag logvar_q_mean=-2.1592 logvar_q_clamp=0.0000 logvar_p_mean=-2.1587 logvar_p_clamp=0.0000
2026-08-30 01:36:22 | Epoch 332/400 | Train Loss 2.0604 Acc 0.2050 | Val Loss 2.0232 Acc 0.2168 AUC 0.6045 Pre 0.1113 Rec 0.1981
2026-08-30 01:36:23 | Diag logvar_q_mean=-2.1641 logvar_q_clamp=0.0000 logvar_p_mean=-2.1636 logvar_p_clamp=0.0000
2026-08-30 01:36:26 | Epoch 333/400 | Train Loss 2.0569 Acc 0.2058 | Val Loss 2.0292 Acc 0.2171 AUC 0.6048 Pre 0.1111 Rec 0.1983
2026-08-30 01:36:27 | Diag logvar_q_mean=-2.1691 logvar_q_clamp=0.0000 logvar_p_mean=-2.1687 logvar_p_clamp=0.0000
2026-08-30 01:36:30 | Epoch 334/400 | Train Loss 2.0594 Acc 0.2071 | Val Loss 2.0231 Acc 0.2172 AUC 0.6047 Pre 0.1113 Rec 0.1984
2026-08-30 01:36:30 | Diag logvar_q_mean=-2.1739 logvar_q_clamp=0.0000 logvar_p_mean=-2.1734 logvar_p_clamp=0.0000
2026-08-30 01:36:34 | Epoch 335/400 | Train Loss 2.0592 Acc 0.2059 | Val Loss 2.0265 Acc 0.2168 AUC 0.6045 Pre 0.1112 Rec 0.1981
2026-08-30 01:36:34 | Diag logvar_q_mean=-2.1790 logvar_q_clamp=0.0000 logvar_p_mean=-2.1785 logvar_p_clamp=0.0000
2026-08-30 01:36:38 | Epoch 336/400 | Train Loss 2.0552 Acc 0.2056 | Val Loss 2.0226 Acc 0.2170 AUC 0.6048 Pre 0.1114 Rec 0.1982
2026-08-30 01:36:38 | Diag logvar_q_mean=-2.1843 logvar_q_clamp=0.0000 logvar_p_mean=-2.1838 logvar_p_clamp=0.0000
2026-08-30 01:36:42 | Epoch 337/400 | Train Loss 2.0575 Acc 0.2051 | Val Loss 2.0275 Acc 0.2172 AUC 0.6049 Pre 0.1112 Rec 0.1984
2026-08-30 01:36:42 | Diag logvar_q_mean=-2.1889 logvar_q_clamp=0.0000 logvar_p_mean=-2.1884 logvar_p_clamp=0.0000
2026-08-30 01:36:45 | Epoch 338/400 | Train Loss 2.0541 Acc 0.2053 | Val Loss 2.0228 Acc 0.2171 AUC 0.6048 Pre 0.1113 Rec 0.1983
2026-08-30 01:36:46 | Diag logvar_q_mean=-2.1942 logvar_q_clamp=0.0000 logvar_p_mean=-2.1938 logvar_p_clamp=0.0000
2026-08-30 01:36:49 | Epoch 339/400 | Train Loss 2.0543 Acc 0.2082 | Val Loss 2.0290 Acc 0.2171 AUC 0.6048 Pre 0.1111 Rec 0.1983
2026-08-30 01:36:50 | Diag logvar_q_mean=-2.1993 logvar_q_clamp=0.0000 logvar_p_mean=-2.1987 logvar_p_clamp=0.0000
2026-08-30 01:36:53 | Epoch 340/400 | Train Loss 2.0549 Acc 0.2072 | Val Loss 2.0240 Acc 0.2172 AUC 0.6049 Pre 0.1113 Rec 0.1984
2026-08-30 01:36:53 | Diag logvar_q_mean=-2.2040 logvar_q_clamp=0.0000 logvar_p_mean=-2.2035 logvar_p_clamp=0.0000
2026-08-30 01:36:57 | Epoch 341/400 | Train Loss 2.0515 Acc 0.2065 | Val Loss 2.0284 Acc 0.2173 AUC 0.6049 Pre 0.1112 Rec 0.1985
2026-08-30 01:36:57 | Diag logvar_q_mean=-2.2089 logvar_q_clamp=0.0000 logvar_p_mean=-2.2083 logvar_p_clamp=0.0000
2026-08-30 01:37:01 | Epoch 342/400 | Train Loss 2.0521 Acc 0.2057 | Val Loss 2.0226 Acc 0.2173 AUC 0.6048 Pre 0.1111 Rec 0.1985
2026-08-30 01:37:01 | Diag logvar_q_mean=-2.2145 logvar_q_clamp=0.0000 logvar_p_mean=-2.2141 logvar_p_clamp=0.0000
2026-08-30 01:37:04 | Epoch 343/400 | Train Loss 2.0555 Acc 0.2065 | Val Loss 2.0310 Acc 0.2167 AUC 0.6047 Pre 0.1113 Rec 0.1980
2026-08-30 01:37:05 | Diag logvar_q_mean=-2.2195 logvar_q_clamp=0.0000 logvar_p_mean=-2.2189 logvar_p_clamp=0.0000
2026-08-30 01:37:08 | Epoch 344/400 | Train Loss 2.0554 Acc 0.2061 | Val Loss 2.0167 Acc 0.2171 AUC 0.6048 Pre 0.1113 Rec 0.1983
2026-08-30 01:37:09 | Diag logvar_q_mean=-2.2245 logvar_q_clamp=0.0000 logvar_p_mean=-2.2240 logvar_p_clamp=0.0000
2026-08-30 01:37:12 | Epoch 345/400 | Train Loss 2.0552 Acc 0.2054 | Val Loss 2.0160 Acc 0.2173 AUC 0.6047 Pre 0.1112 Rec 0.1985
2026-08-30 01:37:12 | Diag logvar_q_mean=-2.2294 logvar_q_clamp=0.0000 logvar_p_mean=-2.2289 logvar_p_clamp=0.0000
2026-08-30 01:37:16 | Epoch 346/400 | Train Loss 2.0571 Acc 0.2076 | Val Loss 2.0272 Acc 0.2170 AUC 0.6047 Pre 0.1111 Rec 0.1982
2026-08-30 01:37:16 | Diag logvar_q_mean=-2.2338 logvar_q_clamp=0.0000 logvar_p_mean=-2.2333 logvar_p_clamp=0.0000
2026-08-30 01:37:20 | Epoch 347/400 | Train Loss 2.0553 Acc 0.2061 | Val Loss 2.0257 Acc 0.2170 AUC 0.6047 Pre 0.1112 Rec 0.1982
2026-08-30 01:37:20 | Diag logvar_q_mean=-2.2391 logvar_q_clamp=0.0000 logvar_p_mean=-2.2386 logvar_p_clamp=0.0000
2026-08-30 01:37:23 | Epoch 348/400 | Train Loss 2.0558 Acc 0.2066 | Val Loss 2.0277 Acc 0.2171 AUC 0.6049 Pre 0.1111 Rec 0.1983
2026-08-30 01:37:24 | Diag logvar_q_mean=-2.2443 logvar_q_clamp=0.0000 logvar_p_mean=-2.2439 logvar_p_clamp=0.0000
2026-08-30 01:37:27 | Epoch 349/400 | Train Loss 2.0545 Acc 0.2054 | Val Loss 2.0280 Acc 0.2169 AUC 0.6046 Pre 0.1113 Rec 0.1981
2026-08-30 01:37:28 | Diag logvar_q_mean=-2.2493 logvar_q_clamp=0.0000 logvar_p_mean=-2.2488 logvar_p_clamp=0.0000
2026-08-30 01:37:31 | Epoch 350/400 | Train Loss 2.0558 Acc 0.2066 | Val Loss 2.0175 Acc 0.2171 AUC 0.6048 Pre 0.1113 Rec 0.1983
2026-08-30 01:37:31 | Diag logvar_q_mean=-2.2540 logvar_q_clamp=0.0000 logvar_p_mean=-2.2535 logvar_p_clamp=0.0000
2026-08-30 01:37:35 | Epoch 351/400 | Train Loss 2.0578 Acc 0.2059 | Val Loss 2.0268 Acc 0.2168 AUC 0.6046 Pre 0.1114 Rec 0.1981
2026-08-30 01:37:35 | Diag logvar_q_mean=-2.2590 logvar_q_clamp=0.0000 logvar_p_mean=-2.2585 logvar_p_clamp=0.0000
2026-08-30 01:37:39 | Epoch 352/400 | Train Loss 2.0578 Acc 0.2062 | Val Loss 2.0320 Acc 0.2164 AUC 0.6044 Pre 0.1115 Rec 0.1977
2026-08-30 01:37:39 | Diag logvar_q_mean=-2.2639 logvar_q_clamp=0.0000 logvar_p_mean=-2.2634 logvar_p_clamp=0.0000
2026-08-30 01:37:43 | Epoch 353/400 | Train Loss 2.0651 Acc 0.2047 | Val Loss 2.0227 Acc 0.2168 AUC 0.6044 Pre 0.1113 Rec 0.1981
2026-08-30 01:37:43 | Diag logvar_q_mean=-2.2689 logvar_q_clamp=0.0000 logvar_p_mean=-2.2683 logvar_p_clamp=0.0000
2026-08-30 01:37:46 | Epoch 354/400 | Train Loss 2.0565 Acc 0.2055 | Val Loss 2.0247 Acc 0.2169 AUC 0.6046 Pre 0.1114 Rec 0.1981
2026-08-30 01:37:47 | Diag logvar_q_mean=-2.2742 logvar_q_clamp=0.0000 logvar_p_mean=-2.2736 logvar_p_clamp=0.0000
2026-08-30 01:37:50 | Epoch 355/400 | Train Loss 2.0580 Acc 0.2049 | Val Loss 2.0286 Acc 0.2170 AUC 0.6047 Pre 0.1111 Rec 0.1982
2026-08-30 01:37:51 | Diag logvar_q_mean=-2.2786 logvar_q_clamp=0.0000 logvar_p_mean=-2.2781 logvar_p_clamp=0.0000
2026-08-30 01:37:54 | Epoch 356/400 | Train Loss 2.0517 Acc 0.2062 | Val Loss 2.0314 Acc 0.2169 AUC 0.6047 Pre 0.1112 Rec 0.1981
2026-08-30 01:37:55 | Diag logvar_q_mean=-2.2836 logvar_q_clamp=0.0000 logvar_p_mean=-2.2831 logvar_p_clamp=0.0000
2026-08-30 01:37:58 | Epoch 357/400 | Train Loss 2.0555 Acc 0.2083 | Val Loss 2.0291 Acc 0.2170 AUC 0.6050 Pre 0.1111 Rec 0.1982
2026-08-30 01:37:58 | Diag logvar_q_mean=-2.2882 logvar_q_clamp=0.0000 logvar_p_mean=-2.2878 logvar_p_clamp=0.0000
2026-08-30 01:38:02 | Epoch 358/400 | Train Loss 2.0527 Acc 0.2056 | Val Loss 2.0292 Acc 0.2168 AUC 0.6050 Pre 0.1111 Rec 0.1980
2026-08-30 01:38:02 | Diag logvar_q_mean=-2.2933 logvar_q_clamp=0.0000 logvar_p_mean=-2.2928 logvar_p_clamp=0.0000
2026-08-30 01:38:05 | Epoch 359/400 | Train Loss 2.0555 Acc 0.2057 | Val Loss 2.0163 Acc 0.2170 AUC 0.6047 Pre 0.1114 Rec 0.1982
2026-08-30 01:38:06 | Diag logvar_q_mean=-2.2982 logvar_q_clamp=0.0000 logvar_p_mean=-2.2977 logvar_p_clamp=0.0000
2026-08-30 01:38:09 | Epoch 360/400 | Train Loss 2.0467 Acc 0.2080 | Val Loss 2.0173 Acc 0.2168 AUC 0.6048 Pre 0.1114 Rec 0.1981
2026-08-30 01:38:10 | Diag logvar_q_mean=-2.3031 logvar_q_clamp=0.0000 logvar_p_mean=-2.3027 logvar_p_clamp=0.0000
2026-08-30 01:38:13 | Epoch 361/400 | Train Loss 2.0612 Acc 0.2044 | Val Loss 2.0223 Acc 0.2170 AUC 0.6047 Pre 0.1111 Rec 0.1982
2026-08-30 01:38:14 | Diag logvar_q_mean=-2.3078 logvar_q_clamp=0.0000 logvar_p_mean=-2.3073 logvar_p_clamp=0.0000
2026-08-30 01:38:17 | Epoch 362/400 | Train Loss 2.0553 Acc 0.2066 | Val Loss 2.0311 Acc 0.2172 AUC 0.6050 Pre 0.1110 Rec 0.1984
2026-08-30 01:38:17 | Diag logvar_q_mean=-2.3127 logvar_q_clamp=0.0000 logvar_p_mean=-2.3122 logvar_p_clamp=0.0000
2026-08-30 01:38:21 | Epoch 363/400 | Train Loss 2.0570 Acc 0.2063 | Val Loss 2.0255 Acc 0.2167 AUC 0.6043 Pre 0.1113 Rec 0.1980
2026-08-30 01:38:21 | Diag logvar_q_mean=-2.3177 logvar_q_clamp=0.0000 logvar_p_mean=-2.3171 logvar_p_clamp=0.0000
2026-08-30 01:38:24 | Epoch 364/400 | Train Loss 2.0538 Acc 0.2063 | Val Loss 2.0375 Acc 0.2169 AUC 0.6049 Pre 0.1108 Rec 0.1981
2026-08-30 01:38:25 | Diag logvar_q_mean=-2.3224 logvar_q_clamp=0.0000 logvar_p_mean=-2.3219 logvar_p_clamp=0.0000
2026-08-30 01:38:28 | Epoch 365/400 | Train Loss 2.0611 Acc 0.2066 | Val Loss 2.0339 Acc 0.2171 AUC 0.6048 Pre 0.1111 Rec 0.1983
2026-08-30 01:38:29 | Diag logvar_q_mean=-2.3268 logvar_q_clamp=0.0000 logvar_p_mean=-2.3264 logvar_p_clamp=0.0000
2026-08-30 01:38:32 | Epoch 366/400 | Train Loss 2.0473 Acc 0.2068 | Val Loss 2.0322 Acc 0.2173 AUC 0.6049 Pre 0.1112 Rec 0.1985
2026-08-30 01:38:33 | Diag logvar_q_mean=-2.3316 logvar_q_clamp=0.0000 logvar_p_mean=-2.3311 logvar_p_clamp=0.0000
2026-08-30 01:38:36 | Epoch 367/400 | Train Loss 2.0526 Acc 0.2081 | Val Loss 2.0127 Acc 0.2171 AUC 0.6047 Pre 0.1113 Rec 0.1983
2026-08-30 01:38:36 | Diag logvar_q_mean=-2.3361 logvar_q_clamp=0.0000 logvar_p_mean=-2.3357 logvar_p_clamp=0.0000
2026-08-30 01:38:40 | Epoch 368/400 | Train Loss 2.0525 Acc 0.2065 | Val Loss 2.0330 Acc 0.2166 AUC 0.6048 Pre 0.1114 Rec 0.1979
2026-08-30 01:38:40 | Diag logvar_q_mean=-2.3409 logvar_q_clamp=0.0000 logvar_p_mean=-2.3404 logvar_p_clamp=0.0000
2026-08-30 01:38:44 | Epoch 369/400 | Train Loss 2.0552 Acc 0.2058 | Val Loss 2.0312 Acc 0.2168 AUC 0.6049 Pre 0.1113 Rec 0.1981
2026-08-30 01:38:44 | Diag logvar_q_mean=-2.3457 logvar_q_clamp=0.0000 logvar_p_mean=-2.3451 logvar_p_clamp=0.0000
2026-08-30 01:38:47 | Epoch 370/400 | Train Loss 2.0498 Acc 0.2062 | Val Loss 2.0386 Acc 0.2172 AUC 0.6048 Pre 0.1111 Rec 0.1984
2026-08-30 01:38:48 | Diag logvar_q_mean=-2.3506 logvar_q_clamp=0.0000 logvar_p_mean=-2.3501 logvar_p_clamp=0.0000
2026-08-30 01:38:51 | Epoch 371/400 | Train Loss 2.0571 Acc 0.2078 | Val Loss 2.0315 Acc 0.2169 AUC 0.6046 Pre 0.1112 Rec 0.1981
2026-08-30 01:38:52 | Diag logvar_q_mean=-2.3551 logvar_q_clamp=0.0000 logvar_p_mean=-2.3546 logvar_p_clamp=0.0000
2026-08-30 01:38:55 | Epoch 372/400 | Train Loss 2.0556 Acc 0.2079 | Val Loss 2.0326 Acc 0.2170 AUC 0.6047 Pre 0.1112 Rec 0.1982
2026-08-30 01:38:56 | Diag logvar_q_mean=-2.3599 logvar_q_clamp=0.0000 logvar_p_mean=-2.3594 logvar_p_clamp=0.0000
2026-08-30 01:38:59 | Epoch 373/400 | Train Loss 2.0584 Acc 0.2053 | Val Loss 2.0350 Acc 0.2168 AUC 0.6046 Pre 0.1112 Rec 0.1981
2026-08-30 01:38:59 | Diag logvar_q_mean=-2.3651 logvar_q_clamp=0.0000 logvar_p_mean=-2.3645 logvar_p_clamp=0.0000
2026-08-30 01:39:03 | Epoch 374/400 | Train Loss 2.0506 Acc 0.2083 | Val Loss 2.0283 Acc 0.2173 AUC 0.6048 Pre 0.1111 Rec 0.1985
2026-08-30 01:39:03 | Diag logvar_q_mean=-2.3699 logvar_q_clamp=0.0000 logvar_p_mean=-2.3694 logvar_p_clamp=0.0000
2026-08-30 01:39:06 | Epoch 375/400 | Train Loss 2.0588 Acc 0.2054 | Val Loss 2.0296 Acc 0.2170 AUC 0.6048 Pre 0.1112 Rec 0.1982
2026-08-30 01:39:07 | Diag logvar_q_mean=-2.3748 logvar_q_clamp=0.0000 logvar_p_mean=-2.3742 logvar_p_clamp=0.0000
2026-08-30 01:39:10 | Epoch 376/400 | Train Loss 2.0560 Acc 0.2069 | Val Loss 2.0293 Acc 0.2169 AUC 0.6048 Pre 0.1112 Rec 0.1981
2026-08-30 01:39:11 | Diag logvar_q_mean=-2.3794 logvar_q_clamp=0.0000 logvar_p_mean=-2.3789 logvar_p_clamp=0.0000
2026-08-30 01:39:14 | Epoch 377/400 | Train Loss 2.0543 Acc 0.2067 | Val Loss 2.0245 Acc 0.2170 AUC 0.6046 Pre 0.1112 Rec 0.1982
2026-08-30 01:39:15 | Diag logvar_q_mean=-2.3842 logvar_q_clamp=0.0000 logvar_p_mean=-2.3837 logvar_p_clamp=0.0000
2026-08-30 01:39:18 | Epoch 378/400 | Train Loss 2.0555 Acc 0.2076 | Val Loss 2.0325 Acc 0.2167 AUC 0.6046 Pre 0.1115 Rec 0.1980
2026-08-30 01:39:18 | Diag logvar_q_mean=-2.3891 logvar_q_clamp=0.0000 logvar_p_mean=-2.3885 logvar_p_clamp=0.0000
2026-08-30 01:39:22 | Epoch 379/400 | Train Loss 2.0513 Acc 0.2076 | Val Loss 2.0313 Acc 0.2168 AUC 0.6046 Pre 0.1111 Rec 0.1981
2026-08-30 01:39:22 | Diag logvar_q_mean=-2.3934 logvar_q_clamp=0.0000 logvar_p_mean=-2.3929 logvar_p_clamp=0.0000
2026-08-30 01:39:26 | Epoch 380/400 | Train Loss 2.0595 Acc 0.2054 | Val Loss 2.0275 Acc 0.2167 AUC 0.6047 Pre 0.1111 Rec 0.1980
2026-08-30 01:39:26 | Diag logvar_q_mean=-2.3983 logvar_q_clamp=0.0000 logvar_p_mean=-2.3978 logvar_p_clamp=0.0000
2026-08-30 01:39:29 | Epoch 381/400 | Train Loss 2.0611 Acc 0.2060 | Val Loss 2.0287 Acc 0.2169 AUC 0.6047 Pre 0.1112 Rec 0.1981
2026-08-30 01:39:30 | Diag logvar_q_mean=-2.4027 logvar_q_clamp=0.0000 logvar_p_mean=-2.4022 logvar_p_clamp=0.0000
2026-08-30 01:39:33 | Epoch 382/400 | Train Loss 2.0555 Acc 0.2079 | Val Loss 2.0230 Acc 0.2171 AUC 0.6048 Pre 0.1113 Rec 0.1983
2026-08-30 01:39:34 | Diag logvar_q_mean=-2.4071 logvar_q_clamp=0.0000 logvar_p_mean=-2.4066 logvar_p_clamp=0.0000
2026-08-30 01:39:37 | Epoch 383/400 | Train Loss 2.0563 Acc 0.2054 | Val Loss 2.0337 Acc 0.2163 AUC 0.6045 Pre 0.1113 Rec 0.1976
2026-08-30 01:39:38 | Diag logvar_q_mean=-2.4119 logvar_q_clamp=0.0000 logvar_p_mean=-2.4115 logvar_p_clamp=0.0000
2026-08-30 01:39:41 | Epoch 384/400 | Train Loss 2.0599 Acc 0.2063 | Val Loss 2.0354 Acc 0.2168 AUC 0.6046 Pre 0.1111 Rec 0.1980
2026-08-30 01:39:41 | Diag logvar_q_mean=-2.4163 logvar_q_clamp=0.0000 logvar_p_mean=-2.4157 logvar_p_clamp=0.0000
2026-08-30 01:39:45 | Epoch 385/400 | Train Loss 2.0584 Acc 0.2051 | Val Loss 2.0300 Acc 0.2170 AUC 0.6046 Pre 0.1113 Rec 0.1982
2026-08-30 01:39:45 | Diag logvar_q_mean=-2.4210 logvar_q_clamp=0.0000 logvar_p_mean=-2.4205 logvar_p_clamp=0.0000
2026-08-30 01:39:49 | Epoch 386/400 | Train Loss 2.0631 Acc 0.2067 | Val Loss 2.0375 Acc 0.2167 AUC 0.6046 Pre 0.1112 Rec 0.1980
2026-08-30 01:39:49 | Diag logvar_q_mean=-2.4259 logvar_q_clamp=0.0000 logvar_p_mean=-2.4255 logvar_p_clamp=0.0000
2026-08-30 01:39:52 | Epoch 387/400 | Train Loss 2.0595 Acc 0.2071 | Val Loss 2.0229 Acc 0.2168 AUC 0.6047 Pre 0.1113 Rec 0.1981
2026-08-30 01:39:53 | Diag logvar_q_mean=-2.4305 logvar_q_clamp=0.0000 logvar_p_mean=-2.4300 logvar_p_clamp=0.0000
2026-08-30 01:39:56 | Epoch 388/400 | Train Loss 2.0563 Acc 0.2075 | Val Loss 2.0411 Acc 0.2169 AUC 0.6046 Pre 0.1111 Rec 0.1981
2026-08-30 01:39:57 | Diag logvar_q_mean=-2.4349 logvar_q_clamp=0.0000 logvar_p_mean=-2.4343 logvar_p_clamp=0.0000
2026-08-30 01:40:00 | Epoch 389/400 | Train Loss 2.0555 Acc 0.2060 | Val Loss 2.0360 Acc 0.2170 AUC 0.6046 Pre 0.1113 Rec 0.1982
2026-08-30 01:40:01 | Diag logvar_q_mean=-2.4396 logvar_q_clamp=0.0000 logvar_p_mean=-2.4391 logvar_p_clamp=0.0000
2026-08-30 01:40:04 | Epoch 390/400 | Train Loss 2.0539 Acc 0.2074 | Val Loss 2.0219 Acc 0.2163 AUC 0.6041 Pre 0.1113 Rec 0.1976
2026-08-30 01:40:04 | Diag logvar_q_mean=-2.4439 logvar_q_clamp=0.0000 logvar_p_mean=-2.4434 logvar_p_clamp=0.0000
2026-08-30 01:40:08 | Epoch 391/400 | Train Loss 2.0562 Acc 0.2057 | Val Loss 2.0280 Acc 0.2166 AUC 0.6045 Pre 0.1112 Rec 0.1979
2026-08-30 01:40:08 | Diag logvar_q_mean=-2.4487 logvar_q_clamp=0.0000 logvar_p_mean=-2.4482 logvar_p_clamp=0.0000
2026-08-30 01:40:12 | Epoch 392/400 | Train Loss 2.0568 Acc 0.2050 | Val Loss 2.0348 Acc 0.2163 AUC 0.6039 Pre 0.1112 Rec 0.1976
2026-08-30 01:40:12 | Diag logvar_q_mean=-2.4532 logvar_q_clamp=0.0000 logvar_p_mean=-2.4526 logvar_p_clamp=0.0000
2026-08-30 01:40:16 | Epoch 393/400 | Train Loss 2.0580 Acc 0.2067 | Val Loss 2.0308 Acc 0.2171 AUC 0.6047 Pre 0.1111 Rec 0.1983
2026-08-30 01:40:16 | Diag logvar_q_mean=-2.4575 logvar_q_clamp=0.0000 logvar_p_mean=-2.4570 logvar_p_clamp=0.0000
2026-08-30 01:40:19 | Epoch 394/400 | Train Loss 2.0549 Acc 0.2056 | Val Loss 2.0326 Acc 0.2170 AUC 0.6047 Pre 0.1112 Rec 0.1982
2026-08-30 01:40:20 | Diag logvar_q_mean=-2.4619 logvar_q_clamp=0.0000 logvar_p_mean=-2.4614 logvar_p_clamp=0.0000
2026-08-30 01:40:23 | Epoch 395/400 | Train Loss 2.0525 Acc 0.2073 | Val Loss 2.0154 Acc 0.2170 AUC 0.6048 Pre 0.1114 Rec 0.1982
2026-08-30 01:40:24 | Diag logvar_q_mean=-2.4666 logvar_q_clamp=0.0000 logvar_p_mean=-2.4661 logvar_p_clamp=0.0000
2026-08-30 01:40:27 | Epoch 396/400 | Train Loss 2.0488 Acc 0.2069 | Val Loss 2.0242 Acc 0.2169 AUC 0.6047 Pre 0.1112 Rec 0.1981
2026-08-30 01:40:27 | Diag logvar_q_mean=-2.4716 logvar_q_clamp=0.0000 logvar_p_mean=-2.4710 logvar_p_clamp=0.0000
2026-08-30 01:40:31 | Epoch 397/400 | Train Loss 2.0580 Acc 0.2058 | Val Loss 2.0274 Acc 0.2167 AUC 0.6045 Pre 0.1112 Rec 0.1980
2026-08-30 01:40:31 | Diag logvar_q_mean=-2.4760 logvar_q_clamp=0.0000 logvar_p_mean=-2.4755 logvar_p_clamp=0.0000
2026-08-30 01:40:35 | Epoch 398/400 | Train Loss 2.0556 Acc 0.2069 | Val Loss 2.0280 Acc 0.2170 AUC 0.6048 Pre 0.1112 Rec 0.1982
2026-08-30 01:40:35 | Diag logvar_q_mean=-2.4803 logvar_q_clamp=0.0000 logvar_p_mean=-2.4799 logvar_p_clamp=0.0000
2026-08-30 01:40:38 | Epoch 399/400 | Train Loss 2.0492 Acc 0.2065 | Val Loss 2.0268 Acc 0.2164 AUC 0.6044 Pre 0.1112 Rec 0.1977
2026-08-30 01:40:39 | Diag logvar_q_mean=-2.4850 logvar_q_clamp=0.0000 logvar_p_mean=-2.4845 logvar_p_clamp=0.0000
2026-08-30 01:40:42 | Epoch 400/400 | Train Loss 2.0584 Acc 0.2043 | Val Loss 2.0260 Acc 0.2168 AUC 0.6047 Pre 0.1112 Rec 0.1981
2026-08-30 01:40:43 | Diag logvar_q_mean=-2.4900 logvar_q_clamp=0.0000 logvar_p_mean=-2.4895 logvar_p_clamp=0.0000
2026-08-30 01:40:43 | Run 3/5 | Test (best model @ Epoch 3) | Loss 2.1887 Acc 0.2139 AUC 0.6097 Pre 0.1093 Rec 0.1978
2026-08-30 01:40:43 | ===== Run 4/5 (seed 3) =====
2026-08-30 01:40:47 | Epoch   1/400 | Train Loss 2.4164 Acc 0.1103 | Val Loss 2.2568 Acc 0.4015 AUC 0.7881 Pre 0.2734 Rec 0.3867
2026-08-30 01:40:47 | Diag logvar_q_mean=-0.0089 logvar_q_clamp=0.0000 logvar_p_mean=-0.0086 logvar_p_clamp=0.0000
2026-08-30 01:40:47 |   Val AUC improved to 0.7881, model saved
2026-08-30 01:40:50 | Epoch   2/400 | Train Loss 2.2754 Acc 0.1909 | Val Loss 2.0874 Acc 0.5016 AUC 0.7918 Pre 0.3664 Rec 0.4811
2026-08-30 01:40:51 | Diag logvar_q_mean=-0.0116 logvar_q_clamp=0.0000 logvar_p_mean=-0.0110 logvar_p_clamp=0.0000
2026-08-30 01:40:51 |   Val AUC improved to 0.7918, model saved
2026-08-30 01:40:54 | Epoch   3/400 | Train Loss 2.1410 Acc 0.2802 | Val Loss 1.8279 Acc 0.5033 AUC 0.7683 Pre 0.3551 Rec 0.4829
2026-08-30 01:40:55 | Diag logvar_q_mean=-0.0056 logvar_q_clamp=0.0000 logvar_p_mean=-0.0042 logvar_p_clamp=0.0000
2026-08-30 01:40:58 | Epoch   4/400 | Train Loss 2.0531 Acc 0.3232 | Val Loss 1.6644 Acc 0.4103 AUC 0.8240 Pre 0.3127 Rec 0.3953
2026-08-30 01:40:59 | Diag logvar_q_mean=0.0020 logvar_q_clamp=0.0000 logvar_p_mean=0.0034 logvar_p_clamp=0.0000
2026-08-30 01:40:59 |   Val AUC improved to 0.8240, model saved
2026-08-30 01:41:02 | Epoch   5/400 | Train Loss 1.9865 Acc 0.3487 | Val Loss 1.5911 Acc 0.5073 AUC 0.8364 Pre 0.3799 Rec 0.4866
2026-08-30 01:41:02 | Diag logvar_q_mean=0.0087 logvar_q_clamp=0.0000 logvar_p_mean=0.0102 logvar_p_clamp=0.0000
2026-08-30 01:41:02 |   Val AUC improved to 0.8364, model saved
2026-08-30 01:41:06 | Epoch   6/400 | Train Loss 1.9223 Acc 0.3675 | Val Loss 1.5213 Acc 0.5103 AUC 0.8350 Pre 0.3954 Rec 0.4894
2026-08-30 01:41:06 | Diag logvar_q_mean=0.0137 logvar_q_clamp=0.0000 logvar_p_mean=0.0145 logvar_p_clamp=0.0000
2026-08-30 01:41:10 | Epoch   7/400 | Train Loss 1.8894 Acc 0.3773 | Val Loss 1.4893 Acc 0.5090 AUC 0.8329 Pre 0.4076 Rec 0.4882
2026-08-30 01:41:10 | Diag logvar_q_mean=0.0181 logvar_q_clamp=0.0000 logvar_p_mean=0.0202 logvar_p_clamp=0.0000
2026-08-30 01:41:14 | Epoch   8/400 | Train Loss 1.8081 Acc 0.3989 | Val Loss 1.4101 Acc 0.5103 AUC 0.8344 Pre 0.4080 Rec 0.4894
2026-08-30 01:41:14 | Diag logvar_q_mean=0.0201 logvar_q_clamp=0.0000 logvar_p_mean=0.0220 logvar_p_clamp=0.0000
2026-08-30 01:41:18 | Epoch   9/400 | Train Loss 1.7761 Acc 0.4099 | Val Loss 1.3969 Acc 0.5072 AUC 0.8343 Pre 0.4109 Rec 0.4863
2026-08-30 01:41:18 | Diag logvar_q_mean=0.0248 logvar_q_clamp=0.0000 logvar_p_mean=0.0274 logvar_p_clamp=0.0000
2026-08-30 01:41:21 | Epoch  10/400 | Train Loss 1.7601 Acc 0.4152 | Val Loss 1.3590 Acc 0.5099 AUC 0.8355 Pre 0.4089 Rec 0.4890
2026-08-30 01:41:22 | Diag logvar_q_mean=0.0295 logvar_q_clamp=0.0000 logvar_p_mean=0.0313 logvar_p_clamp=0.0000
2026-08-30 01:41:25 | Epoch  11/400 | Train Loss 1.7308 Acc 0.4190 | Val Loss 1.3527 Acc 0.5095 AUC 0.8351 Pre 0.4097 Rec 0.4886
2026-08-30 01:41:26 | Diag logvar_q_mean=0.0306 logvar_q_clamp=0.0000 logvar_p_mean=0.0329 logvar_p_clamp=0.0000
2026-08-30 01:41:29 | Epoch  12/400 | Train Loss 1.7289 Acc 0.4215 | Val Loss 1.3433 Acc 0.5104 AUC 0.8356 Pre 0.4096 Rec 0.4895
2026-08-30 01:41:30 | Diag logvar_q_mean=0.0335 logvar_q_clamp=0.0000 logvar_p_mean=0.0348 logvar_p_clamp=0.0000
2026-08-30 01:41:33 | Epoch  13/400 | Train Loss 1.7077 Acc 0.4261 | Val Loss 1.3435 Acc 0.5097 AUC 0.8354 Pre 0.4111 Rec 0.4888
2026-08-30 01:41:34 | Diag logvar_q_mean=0.0336 logvar_q_clamp=0.0000 logvar_p_mean=0.0357 logvar_p_clamp=0.0000
2026-08-30 01:41:37 | Epoch  14/400 | Train Loss 1.6989 Acc 0.4266 | Val Loss 1.3443 Acc 0.5096 AUC 0.8344 Pre 0.4123 Rec 0.4887
2026-08-30 01:41:37 | Diag logvar_q_mean=0.0332 logvar_q_clamp=0.0000 logvar_p_mean=0.0359 logvar_p_clamp=0.0000
2026-08-30 01:41:41 | Epoch  15/400 | Train Loss 1.6796 Acc 0.4302 | Val Loss 1.3222 Acc 0.5093 AUC 0.8356 Pre 0.4117 Rec 0.4884
2026-08-30 01:41:41 | Diag logvar_q_mean=0.0339 logvar_q_clamp=0.0000 logvar_p_mean=0.0360 logvar_p_clamp=0.0000
2026-08-30 01:41:45 | Epoch  16/400 | Train Loss 1.6798 Acc 0.4341 | Val Loss 1.3735 Acc 0.5081 AUC 0.8343 Pre 0.4468 Rec 0.4874
2026-08-30 01:41:45 | Diag logvar_q_mean=0.0344 logvar_q_clamp=0.0000 logvar_p_mean=0.0378 logvar_p_clamp=0.0000
2026-08-30 01:41:48 | Epoch  17/400 | Train Loss 1.6705 Acc 0.4322 | Val Loss 1.3270 Acc 0.5087 AUC 0.8344 Pre 0.4137 Rec 0.4879
2026-08-30 01:41:49 | Diag logvar_q_mean=0.0345 logvar_q_clamp=0.0000 logvar_p_mean=0.0368 logvar_p_clamp=0.0000
2026-08-30 01:41:52 | Epoch  18/400 | Train Loss 1.6716 Acc 0.4320 | Val Loss 1.3273 Acc 0.5100 AUC 0.8349 Pre 0.4127 Rec 0.4891
2026-08-30 01:41:53 | Diag logvar_q_mean=0.0341 logvar_q_clamp=0.0000 logvar_p_mean=0.0362 logvar_p_clamp=0.0000
2026-08-30 01:41:56 | Epoch  19/400 | Train Loss 1.6681 Acc 0.4331 | Val Loss 1.3249 Acc 0.5110 AUC 0.8348 Pre 0.4125 Rec 0.4901
2026-08-30 01:41:57 | Diag logvar_q_mean=0.0330 logvar_q_clamp=0.0000 logvar_p_mean=0.0358 logvar_p_clamp=0.0000
2026-08-30 01:42:00 | Epoch  20/400 | Train Loss 1.6577 Acc 0.4348 | Val Loss 1.3318 Acc 0.5085 AUC 0.8351 Pre 0.4127 Rec 0.4877
2026-08-30 01:42:00 | Diag logvar_q_mean=0.0327 logvar_q_clamp=0.0000 logvar_p_mean=0.0359 logvar_p_clamp=0.0000
2026-08-30 01:42:04 | Epoch  21/400 | Train Loss 1.6565 Acc 0.4339 | Val Loss 1.3073 Acc 0.5107 AUC 0.8350 Pre 0.4131 Rec 0.4898
2026-08-30 01:42:04 | Diag logvar_q_mean=0.0309 logvar_q_clamp=0.0000 logvar_p_mean=0.0328 logvar_p_clamp=0.0000
2026-08-30 01:42:08 | Epoch  22/400 | Train Loss 1.6568 Acc 0.4351 | Val Loss 1.3205 Acc 0.5098 AUC 0.8344 Pre 0.4131 Rec 0.4889
2026-08-30 01:42:08 | Diag logvar_q_mean=0.0299 logvar_q_clamp=0.0000 logvar_p_mean=0.0325 logvar_p_clamp=0.0000
2026-08-30 01:42:11 | Epoch  23/400 | Train Loss 1.6465 Acc 0.4366 | Val Loss 1.3190 Acc 0.5097 AUC 0.8339 Pre 0.4130 Rec 0.4888
2026-08-30 01:42:12 | Diag logvar_q_mean=0.0293 logvar_q_clamp=0.0000 logvar_p_mean=0.0305 logvar_p_clamp=0.0000
2026-08-30 01:42:15 | Epoch  24/400 | Train Loss 1.6556 Acc 0.4355 | Val Loss 1.3149 Acc 0.5096 AUC 0.8336 Pre 0.4124 Rec 0.4887
2026-08-30 01:42:16 | Diag logvar_q_mean=0.0276 logvar_q_clamp=0.0000 logvar_p_mean=0.0293 logvar_p_clamp=0.0000
2026-08-30 01:42:19 | Epoch  25/400 | Train Loss 1.6409 Acc 0.4366 | Val Loss 1.3204 Acc 0.5103 AUC 0.8346 Pre 0.4128 Rec 0.4894
2026-08-30 01:42:19 | Diag logvar_q_mean=0.0253 logvar_q_clamp=0.0000 logvar_p_mean=0.0280 logvar_p_clamp=0.0000
2026-08-30 01:42:23 | Epoch  26/400 | Train Loss 1.6497 Acc 0.4393 | Val Loss 1.3148 Acc 0.5101 AUC 0.8341 Pre 0.4132 Rec 0.4892
2026-08-30 01:42:23 | Diag logvar_q_mean=0.0246 logvar_q_clamp=0.0000 logvar_p_mean=0.0264 logvar_p_clamp=0.0000
2026-08-30 01:42:27 | Epoch  27/400 | Train Loss 1.6412 Acc 0.4400 | Val Loss 1.3073 Acc 0.5109 AUC 0.8342 Pre 0.4119 Rec 0.4900
2026-08-30 01:42:27 | Diag logvar_q_mean=0.0228 logvar_q_clamp=0.0000 logvar_p_mean=0.0256 logvar_p_clamp=0.0000
2026-08-30 01:42:31 | Epoch  28/400 | Train Loss 1.6340 Acc 0.4412 | Val Loss 1.3196 Acc 0.5095 AUC 0.8340 Pre 0.4128 Rec 0.4886
2026-08-30 01:42:31 | Diag logvar_q_mean=0.0210 logvar_q_clamp=0.0000 logvar_p_mean=0.0236 logvar_p_clamp=0.0000
2026-08-30 01:42:34 | Epoch  29/400 | Train Loss 1.6370 Acc 0.4415 | Val Loss 1.3181 Acc 0.5093 AUC 0.8339 Pre 0.4125 Rec 0.4884
2026-08-30 01:42:35 | Diag logvar_q_mean=0.0192 logvar_q_clamp=0.0000 logvar_p_mean=0.0220 logvar_p_clamp=0.0000
2026-08-30 01:42:38 | Epoch  30/400 | Train Loss 1.6373 Acc 0.4388 | Val Loss 1.3216 Acc 0.5089 AUC 0.8340 Pre 0.4205 Rec 0.4882
2026-08-30 01:42:39 | Diag logvar_q_mean=0.0176 logvar_q_clamp=0.0000 logvar_p_mean=0.0202 logvar_p_clamp=0.0000
2026-08-30 01:42:42 | Epoch  31/400 | Train Loss 1.6339 Acc 0.4394 | Val Loss 1.3010 Acc 0.5109 AUC 0.8338 Pre 0.4163 Rec 0.4900
2026-08-30 01:42:43 | Diag logvar_q_mean=0.0155 logvar_q_clamp=0.0000 logvar_p_mean=0.0171 logvar_p_clamp=0.0000
2026-08-30 01:42:46 | Epoch  32/400 | Train Loss 1.6356 Acc 0.4393 | Val Loss 1.3201 Acc 0.5014 AUC 0.8333 Pre 0.4259 Rec 0.4887
2026-08-30 01:42:46 | Diag logvar_q_mean=0.0128 logvar_q_clamp=0.0000 logvar_p_mean=0.0154 logvar_p_clamp=0.0000
2026-08-30 01:42:50 | Epoch  33/400 | Train Loss 1.6355 Acc 0.4419 | Val Loss 1.3130 Acc 0.5092 AUC 0.8339 Pre 0.4127 Rec 0.4883
2026-08-30 01:42:50 | Diag logvar_q_mean=0.0115 logvar_q_clamp=0.0000 logvar_p_mean=0.0131 logvar_p_clamp=0.0000
2026-08-30 01:42:54 | Epoch  34/400 | Train Loss 1.6334 Acc 0.4409 | Val Loss 1.3246 Acc 0.5093 AUC 0.8338 Pre 0.4125 Rec 0.4884
2026-08-30 01:42:54 | Diag logvar_q_mean=0.0077 logvar_q_clamp=0.0000 logvar_p_mean=0.0108 logvar_p_clamp=0.0000
2026-08-30 01:42:57 | Epoch  35/400 | Train Loss 1.6306 Acc 0.4425 | Val Loss 1.2877 Acc 0.5106 AUC 0.8346 Pre 0.4121 Rec 0.4897
2026-08-30 01:42:58 | Diag logvar_q_mean=0.0060 logvar_q_clamp=0.0000 logvar_p_mean=0.0081 logvar_p_clamp=0.0000
2026-08-30 01:43:01 | Epoch  36/400 | Train Loss 1.6294 Acc 0.4426 | Val Loss 1.2898 Acc 0.5112 AUC 0.8343 Pre 0.4183 Rec 0.4903
2026-08-30 01:43:02 | Diag logvar_q_mean=0.0034 logvar_q_clamp=0.0000 logvar_p_mean=0.0054 logvar_p_clamp=0.0000
2026-08-30 01:43:05 | Epoch  37/400 | Train Loss 1.6207 Acc 0.4411 | Val Loss 1.3012 Acc 0.5102 AUC 0.8342 Pre 0.4123 Rec 0.4893
2026-08-30 01:43:06 | Diag logvar_q_mean=0.0002 logvar_q_clamp=0.0000 logvar_p_mean=0.0026 logvar_p_clamp=0.0000
2026-08-30 01:43:09 | Epoch  38/400 | Train Loss 1.6260 Acc 0.4429 | Val Loss 1.3072 Acc 0.5097 AUC 0.8336 Pre 0.4198 Rec 0.4889
2026-08-30 01:43:10 | Diag logvar_q_mean=-0.0017 logvar_q_clamp=0.0000 logvar_p_mean=0.0012 logvar_p_clamp=0.0000
2026-08-30 01:43:13 | Epoch  39/400 | Train Loss 1.6142 Acc 0.4409 | Val Loss 1.3035 Acc 0.5103 AUC 0.8338 Pre 0.4120 Rec 0.4894
2026-08-30 01:43:13 | Diag logvar_q_mean=-0.0042 logvar_q_clamp=0.0000 logvar_p_mean=-0.0019 logvar_p_clamp=0.0000
2026-08-30 01:43:17 | Epoch  40/400 | Train Loss 1.6089 Acc 0.4423 | Val Loss 1.3009 Acc 0.5099 AUC 0.8336 Pre 0.4125 Rec 0.4890
2026-08-30 01:43:17 | Diag logvar_q_mean=-0.0058 logvar_q_clamp=0.0000 logvar_p_mean=-0.0044 logvar_p_clamp=0.0000
2026-08-30 01:43:21 | Epoch  41/400 | Train Loss 1.6090 Acc 0.4442 | Val Loss 1.3118 Acc 0.5041 AUC 0.8334 Pre 0.4622 Rec 0.4892
2026-08-30 01:43:21 | Diag logvar_q_mean=-0.0089 logvar_q_clamp=0.0000 logvar_p_mean=-0.0065 logvar_p_clamp=0.0000
2026-08-30 01:43:25 | Epoch  42/400 | Train Loss 1.6141 Acc 0.4426 | Val Loss 1.3014 Acc 0.5095 AUC 0.8334 Pre 0.4125 Rec 0.4886
2026-08-30 01:43:25 | Diag logvar_q_mean=-0.0111 logvar_q_clamp=0.0000 logvar_p_mean=-0.0096 logvar_p_clamp=0.0000
2026-08-30 01:43:28 | Epoch  43/400 | Train Loss 1.6105 Acc 0.4433 | Val Loss 1.3078 Acc 0.5005 AUC 0.8339 Pre 0.4288 Rec 0.4892
2026-08-30 01:43:29 | Diag logvar_q_mean=-0.0134 logvar_q_clamp=0.0000 logvar_p_mean=-0.0120 logvar_p_clamp=0.0000
2026-08-30 01:43:32 | Epoch  44/400 | Train Loss 1.6023 Acc 0.4454 | Val Loss 1.2989 Acc 0.5104 AUC 0.8335 Pre 0.4123 Rec 0.4895
2026-08-30 01:43:33 | Diag logvar_q_mean=-0.0171 logvar_q_clamp=0.0000 logvar_p_mean=-0.0151 logvar_p_clamp=0.0000
2026-08-30 01:43:36 | Epoch  45/400 | Train Loss 1.5931 Acc 0.4472 | Val Loss 1.3067 Acc 0.5104 AUC 0.8334 Pre 0.4125 Rec 0.4895
2026-08-30 01:43:36 | Diag logvar_q_mean=-0.0208 logvar_q_clamp=0.0000 logvar_p_mean=-0.0185 logvar_p_clamp=0.0000
2026-08-30 01:43:40 | Epoch  46/400 | Train Loss 1.6008 Acc 0.4450 | Val Loss 1.2973 Acc 0.5102 AUC 0.8341 Pre 0.4123 Rec 0.4893
2026-08-30 01:43:40 | Diag logvar_q_mean=-0.0222 logvar_q_clamp=0.0000 logvar_p_mean=-0.0204 logvar_p_clamp=0.0000
2026-08-30 01:43:44 | Epoch  47/400 | Train Loss 1.5646 Acc 0.4552 | Val Loss 1.2700 Acc 0.5114 AUC 0.8342 Pre 0.4123 Rec 0.4904
2026-08-30 01:43:44 | Diag logvar_q_mean=-0.0265 logvar_q_clamp=0.0000 logvar_p_mean=-0.0240 logvar_p_clamp=0.0000
2026-08-30 01:43:47 | Epoch  48/400 | Train Loss 1.5387 Acc 0.4592 | Val Loss 1.2718 Acc 0.5096 AUC 0.8338 Pre 0.4135 Rec 0.4887
2026-08-30 01:43:48 | Diag logvar_q_mean=-0.0290 logvar_q_clamp=0.0000 logvar_p_mean=-0.0267 logvar_p_clamp=0.0000
2026-08-30 01:43:51 | Epoch  49/400 | Train Loss 1.5355 Acc 0.4624 | Val Loss 1.2805 Acc 0.5108 AUC 0.8335 Pre 0.4123 Rec 0.4898
2026-08-30 01:43:52 | Diag logvar_q_mean=-0.0315 logvar_q_clamp=0.0000 logvar_p_mean=-0.0288 logvar_p_clamp=0.0000
2026-08-30 01:43:55 | Epoch  50/400 | Train Loss 1.5289 Acc 0.4621 | Val Loss 1.2701 Acc 0.5102 AUC 0.8343 Pre 0.4123 Rec 0.4893
2026-08-30 01:43:56 | Diag logvar_q_mean=-0.0341 logvar_q_clamp=0.0000 logvar_p_mean=-0.0319 logvar_p_clamp=0.0000
2026-08-30 01:43:59 | Epoch  51/400 | Train Loss 1.5300 Acc 0.4630 | Val Loss 1.2591 Acc 0.5098 AUC 0.8343 Pre 0.4129 Rec 0.4889
2026-08-30 01:43:59 | Diag logvar_q_mean=-0.0364 logvar_q_clamp=0.0000 logvar_p_mean=-0.0345 logvar_p_clamp=0.0000
2026-08-30 01:44:03 | Epoch  52/400 | Train Loss 1.5163 Acc 0.4655 | Val Loss 1.2714 Acc 0.5090 AUC 0.8340 Pre 0.4135 Rec 0.4881
2026-08-30 01:44:03 | Diag logvar_q_mean=-0.0404 logvar_q_clamp=0.0000 logvar_p_mean=-0.0381 logvar_p_clamp=0.0000
2026-08-30 01:44:07 | Epoch  53/400 | Train Loss 1.5079 Acc 0.4673 | Val Loss 1.2719 Acc 0.5089 AUC 0.8336 Pre 0.4136 Rec 0.4880
2026-08-30 01:44:07 | Diag logvar_q_mean=-0.0437 logvar_q_clamp=0.0000 logvar_p_mean=-0.0418 logvar_p_clamp=0.0000
2026-08-30 01:44:10 | Epoch  54/400 | Train Loss 1.5096 Acc 0.4645 | Val Loss 1.2660 Acc 0.5106 AUC 0.8338 Pre 0.4120 Rec 0.4896
2026-08-30 01:44:11 | Diag logvar_q_mean=-0.0458 logvar_q_clamp=0.0000 logvar_p_mean=-0.0446 logvar_p_clamp=0.0000
2026-08-30 01:44:14 | Epoch  55/400 | Train Loss 1.4905 Acc 0.4672 | Val Loss 1.2626 Acc 0.5101 AUC 0.8335 Pre 0.4127 Rec 0.4892
2026-08-30 01:44:15 | Diag logvar_q_mean=-0.0499 logvar_q_clamp=0.0000 logvar_p_mean=-0.0482 logvar_p_clamp=0.0000
2026-08-30 01:44:18 | Epoch  56/400 | Train Loss 1.4820 Acc 0.4712 | Val Loss 1.2531 Acc 0.5102 AUC 0.8337 Pre 0.4127 Rec 0.4893
2026-08-30 01:44:19 | Diag logvar_q_mean=-0.0538 logvar_q_clamp=0.0000 logvar_p_mean=-0.0519 logvar_p_clamp=0.0000
2026-08-30 01:44:22 | Epoch  57/400 | Train Loss 1.4774 Acc 0.4722 | Val Loss 1.2587 Acc 0.5010 AUC 0.8340 Pre 0.4391 Rec 0.4897
2026-08-30 01:44:22 | Diag logvar_q_mean=-0.0563 logvar_q_clamp=0.0000 logvar_p_mean=-0.0548 logvar_p_clamp=0.0000
2026-08-30 01:44:26 | Epoch  58/400 | Train Loss 1.4782 Acc 0.4718 | Val Loss 1.2913 Acc 0.5085 AUC 0.8332 Pre 0.4134 Rec 0.4876
2026-08-30 01:44:26 | Diag logvar_q_mean=-0.0597 logvar_q_clamp=0.0000 logvar_p_mean=-0.0581 logvar_p_clamp=0.0000
2026-08-30 01:44:30 | Epoch  59/400 | Train Loss 1.4634 Acc 0.4758 | Val Loss 1.2721 Acc 0.5088 AUC 0.8336 Pre 0.4134 Rec 0.4879
2026-08-30 01:44:30 | Diag logvar_q_mean=-0.0636 logvar_q_clamp=0.0000 logvar_p_mean=-0.0614 logvar_p_clamp=0.0000
2026-08-30 01:44:33 | Epoch  60/400 | Train Loss 1.4645 Acc 0.4724 | Val Loss 1.2759 Acc 0.5093 AUC 0.8335 Pre 0.4138 Rec 0.4883
2026-08-30 01:44:34 | Diag logvar_q_mean=-0.0670 logvar_q_clamp=0.0000 logvar_p_mean=-0.0645 logvar_p_clamp=0.0000
2026-08-30 01:44:37 | Epoch  61/400 | Train Loss 1.4665 Acc 0.4756 | Val Loss 1.2841 Acc 0.5076 AUC 0.8333 Pre 0.4134 Rec 0.4868
2026-08-30 01:44:38 | Diag logvar_q_mean=-0.0703 logvar_q_clamp=0.0000 logvar_p_mean=-0.0681 logvar_p_clamp=0.0000
2026-08-30 01:44:41 | Epoch  62/400 | Train Loss 1.4509 Acc 0.4784 | Val Loss 1.2757 Acc 0.4994 AUC 0.8338 Pre 0.4108 Rec 0.4882
2026-08-30 01:44:42 | Diag logvar_q_mean=-0.0730 logvar_q_clamp=0.0000 logvar_p_mean=-0.0713 logvar_p_clamp=0.0000
2026-08-30 01:44:45 | Epoch  63/400 | Train Loss 1.4379 Acc 0.4790 | Val Loss 1.2713 Acc 0.5087 AUC 0.8335 Pre 0.4134 Rec 0.4879
2026-08-30 01:44:45 | Diag logvar_q_mean=-0.0768 logvar_q_clamp=0.0000 logvar_p_mean=-0.0750 logvar_p_clamp=0.0000
2026-08-30 01:44:49 | Epoch  64/400 | Train Loss 1.4263 Acc 0.4819 | Val Loss 1.2790 Acc 0.5081 AUC 0.8333 Pre 0.4137 Rec 0.4873
2026-08-30 01:44:49 | Diag logvar_q_mean=-0.0806 logvar_q_clamp=0.0000 logvar_p_mean=-0.0785 logvar_p_clamp=0.0000
2026-08-30 01:44:52 | Epoch  65/400 | Train Loss 1.4437 Acc 0.4798 | Val Loss 1.2829 Acc 0.5081 AUC 0.8330 Pre 0.4147 Rec 0.4872
2026-08-30 01:44:53 | Diag logvar_q_mean=-0.0835 logvar_q_clamp=0.0000 logvar_p_mean=-0.0817 logvar_p_clamp=0.0000
2026-08-30 01:44:56 | Epoch  66/400 | Train Loss 1.4208 Acc 0.4811 | Val Loss 1.2892 Acc 0.4983 AUC 0.8330 Pre 0.4119 Rec 0.4871
2026-08-30 01:44:57 | Diag logvar_q_mean=-0.0870 logvar_q_clamp=0.0000 logvar_p_mean=-0.0854 logvar_p_clamp=0.0000
2026-08-30 01:45:00 | Epoch  67/400 | Train Loss 1.4190 Acc 0.4818 | Val Loss 1.2773 Acc 0.5019 AUC 0.8340 Pre 0.4149 Rec 0.4892
2026-08-30 01:45:01 | Diag logvar_q_mean=-0.0901 logvar_q_clamp=0.0000 logvar_p_mean=-0.0885 logvar_p_clamp=0.0000
2026-08-30 01:45:04 | Epoch  68/400 | Train Loss 1.4182 Acc 0.4840 | Val Loss 1.2854 Acc 0.5084 AUC 0.8335 Pre 0.4141 Rec 0.4875
2026-08-30 01:45:05 | Diag logvar_q_mean=-0.0939 logvar_q_clamp=0.0000 logvar_p_mean=-0.0920 logvar_p_clamp=0.0000
2026-08-30 01:45:08 | Epoch  69/400 | Train Loss 1.4158 Acc 0.4816 | Val Loss 1.2780 Acc 0.5100 AUC 0.8339 Pre 0.4134 Rec 0.4891
2026-08-30 01:45:09 | Diag logvar_q_mean=-0.0973 logvar_q_clamp=0.0000 logvar_p_mean=-0.0957 logvar_p_clamp=0.0000
2026-08-30 01:45:12 | Epoch  70/400 | Train Loss 1.4097 Acc 0.4831 | Val Loss 1.2954 Acc 0.5093 AUC 0.8333 Pre 0.4142 Rec 0.4884
2026-08-30 01:45:12 | Diag logvar_q_mean=-0.1013 logvar_q_clamp=0.0000 logvar_p_mean=-0.0991 logvar_p_clamp=0.0000
2026-08-30 01:45:16 | Epoch  71/400 | Train Loss 1.4163 Acc 0.4841 | Val Loss 1.2896 Acc 0.5104 AUC 0.8339 Pre 0.4130 Rec 0.4895
2026-08-30 01:45:16 | Diag logvar_q_mean=-0.1041 logvar_q_clamp=0.0000 logvar_p_mean=-0.1023 logvar_p_clamp=0.0000
2026-08-30 01:45:19 | Epoch  72/400 | Train Loss 1.4017 Acc 0.4838 | Val Loss 1.2900 Acc 0.5044 AUC 0.8337 Pre 0.4301 Rec 0.4895
2026-08-30 01:45:20 | Diag logvar_q_mean=-0.1077 logvar_q_clamp=0.0000 logvar_p_mean=-0.1058 logvar_p_clamp=0.0000
2026-08-30 01:45:23 | Epoch  73/400 | Train Loss 1.3980 Acc 0.4853 | Val Loss 1.2874 Acc 0.5096 AUC 0.8334 Pre 0.4143 Rec 0.4887
2026-08-30 01:45:24 | Diag logvar_q_mean=-0.1114 logvar_q_clamp=0.0000 logvar_p_mean=-0.1097 logvar_p_clamp=0.0000
2026-08-30 01:45:27 | Epoch  74/400 | Train Loss 1.3920 Acc 0.4871 | Val Loss 1.2965 Acc 0.5086 AUC 0.8331 Pre 0.4257 Rec 0.4877
2026-08-30 01:45:28 | Diag logvar_q_mean=-0.1154 logvar_q_clamp=0.0000 logvar_p_mean=-0.1136 logvar_p_clamp=0.0000
2026-08-30 01:45:31 | Epoch  75/400 | Train Loss 1.3973 Acc 0.4872 | Val Loss 1.2992 Acc 0.5096 AUC 0.8333 Pre 0.4141 Rec 0.4887
2026-08-30 01:45:31 | Diag logvar_q_mean=-0.1192 logvar_q_clamp=0.0000 logvar_p_mean=-0.1174 logvar_p_clamp=0.0000
2026-08-30 01:45:35 | Epoch  76/400 | Train Loss 1.3868 Acc 0.4875 | Val Loss 1.2878 Acc 0.4990 AUC 0.8330 Pre 0.4268 Rec 0.4878
2026-08-30 01:45:35 | Diag logvar_q_mean=-0.1229 logvar_q_clamp=0.0000 logvar_p_mean=-0.1214 logvar_p_clamp=0.0000
2026-08-30 01:45:38 | Epoch  77/400 | Train Loss 1.3942 Acc 0.4858 | Val Loss 1.3079 Acc 0.5103 AUC 0.8334 Pre 0.4127 Rec 0.4894
2026-08-30 01:45:39 | Diag logvar_q_mean=-0.1271 logvar_q_clamp=0.0000 logvar_p_mean=-0.1255 logvar_p_clamp=0.0000
2026-08-30 01:45:42 | Epoch  78/400 | Train Loss 1.3831 Acc 0.4892 | Val Loss 1.3138 Acc 0.5009 AUC 0.8329 Pre 0.4124 Rec 0.4861
2026-08-30 01:45:43 | Diag logvar_q_mean=-0.1316 logvar_q_clamp=0.0000 logvar_p_mean=-0.1296 logvar_p_clamp=0.0000
2026-08-30 01:45:46 | Epoch  79/400 | Train Loss 1.3841 Acc 0.4882 | Val Loss 1.3061 Acc 0.5081 AUC 0.8328 Pre 0.4252 Rec 0.4873
2026-08-30 01:45:46 | Diag logvar_q_mean=-0.1357 logvar_q_clamp=0.0000 logvar_p_mean=-0.1337 logvar_p_clamp=0.0000
2026-08-30 01:45:50 | Epoch  80/400 | Train Loss 1.3863 Acc 0.4882 | Val Loss 1.3137 Acc 0.5093 AUC 0.8335 Pre 0.4127 Rec 0.4884
2026-08-30 01:45:50 | Diag logvar_q_mean=-0.1395 logvar_q_clamp=0.0000 logvar_p_mean=-0.1378 logvar_p_clamp=0.0000
2026-08-30 01:45:54 | Epoch  81/400 | Train Loss 1.3785 Acc 0.4894 | Val Loss 1.3117 Acc 0.4992 AUC 0.8333 Pre 0.4176 Rec 0.4879
2026-08-30 01:45:54 | Diag logvar_q_mean=-0.1437 logvar_q_clamp=0.0000 logvar_p_mean=-0.1422 logvar_p_clamp=0.0000
2026-08-30 01:45:57 | Epoch  82/400 | Train Loss 1.3824 Acc 0.4899 | Val Loss 1.2963 Acc 0.5102 AUC 0.8340 Pre 0.4130 Rec 0.4892
2026-08-30 01:45:58 | Diag logvar_q_mean=-0.1477 logvar_q_clamp=0.0000 logvar_p_mean=-0.1460 logvar_p_clamp=0.0000
2026-08-30 01:46:01 | Epoch  83/400 | Train Loss 1.3748 Acc 0.4895 | Val Loss 1.3163 Acc 0.5100 AUC 0.8336 Pre 0.4125 Rec 0.4890
2026-08-30 01:46:01 | Diag logvar_q_mean=-0.1525 logvar_q_clamp=0.0000 logvar_p_mean=-0.1506 logvar_p_clamp=0.0000
2026-08-30 01:46:05 | Epoch  84/400 | Train Loss 1.3696 Acc 0.4889 | Val Loss 1.3164 Acc 0.5090 AUC 0.8335 Pre 0.4135 Rec 0.4881
2026-08-30 01:46:05 | Diag logvar_q_mean=-0.1575 logvar_q_clamp=0.0000 logvar_p_mean=-0.1557 logvar_p_clamp=0.0000
2026-08-30 01:46:08 | Epoch  85/400 | Train Loss 1.3715 Acc 0.4884 | Val Loss 1.3081 Acc 0.5101 AUC 0.8334 Pre 0.4130 Rec 0.4892
2026-08-30 01:46:09 | Diag logvar_q_mean=-0.1620 logvar_q_clamp=0.0000 logvar_p_mean=-0.1605 logvar_p_clamp=0.0000
2026-08-30 01:46:12 | Epoch  86/400 | Train Loss 1.3633 Acc 0.4902 | Val Loss 1.3092 Acc 0.5105 AUC 0.8336 Pre 0.4134 Rec 0.4895
2026-08-30 01:46:13 | Diag logvar_q_mean=-0.1669 logvar_q_clamp=0.0000 logvar_p_mean=-0.1652 logvar_p_clamp=0.0000
2026-08-30 01:46:16 | Epoch  87/400 | Train Loss 1.3620 Acc 0.4915 | Val Loss 1.3272 Acc 0.5083 AUC 0.8330 Pre 0.4134 Rec 0.4875
2026-08-30 01:46:17 | Diag logvar_q_mean=-0.1718 logvar_q_clamp=0.0000 logvar_p_mean=-0.1699 logvar_p_clamp=0.0000
2026-08-30 01:46:20 | Epoch  88/400 | Train Loss 1.3701 Acc 0.4907 | Val Loss 1.3207 Acc 0.5092 AUC 0.8331 Pre 0.4136 Rec 0.4883
2026-08-30 01:46:20 | Diag logvar_q_mean=-0.1763 logvar_q_clamp=0.0000 logvar_p_mean=-0.1747 logvar_p_clamp=0.0000
2026-08-30 01:46:24 | Epoch  89/400 | Train Loss 1.3704 Acc 0.4887 | Val Loss 1.3102 Acc 0.5100 AUC 0.8327 Pre 0.4140 Rec 0.4891
2026-08-30 01:46:24 | Diag logvar_q_mean=-0.1816 logvar_q_clamp=0.0000 logvar_p_mean=-0.1797 logvar_p_clamp=0.0000
2026-08-30 01:46:28 | Epoch  90/400 | Train Loss 1.3681 Acc 0.4908 | Val Loss 1.3161 Acc 0.5084 AUC 0.8328 Pre 0.4143 Rec 0.4876
2026-08-30 01:46:28 | Diag logvar_q_mean=-0.1862 logvar_q_clamp=0.0000 logvar_p_mean=-0.1844 logvar_p_clamp=0.0000
2026-08-30 01:46:31 | Epoch  91/400 | Train Loss 1.3610 Acc 0.4931 | Val Loss 1.3022 Acc 0.5083 AUC 0.8328 Pre 0.4141 Rec 0.4875
2026-08-30 01:46:32 | Diag logvar_q_mean=-0.1911 logvar_q_clamp=0.0000 logvar_p_mean=-0.1894 logvar_p_clamp=0.0000
2026-08-30 01:46:35 | Epoch  92/400 | Train Loss 1.3762 Acc 0.4912 | Val Loss 1.3016 Acc 0.5097 AUC 0.8330 Pre 0.4139 Rec 0.4888
2026-08-30 01:46:36 | Diag logvar_q_mean=-0.1960 logvar_q_clamp=0.0000 logvar_p_mean=-0.1944 logvar_p_clamp=0.0000
2026-08-30 01:46:39 | Epoch  93/400 | Train Loss 1.3634 Acc 0.4907 | Val Loss 1.3020 Acc 0.5096 AUC 0.8329 Pre 0.4140 Rec 0.4887
2026-08-30 01:46:39 | Diag logvar_q_mean=-0.2013 logvar_q_clamp=0.0000 logvar_p_mean=-0.1997 logvar_p_clamp=0.0000
2026-08-30 01:46:42 | Epoch  94/400 | Train Loss 1.3496 Acc 0.4935 | Val Loss 1.3073 Acc 0.5100 AUC 0.8332 Pre 0.4134 Rec 0.4890
2026-08-30 01:46:43 | Diag logvar_q_mean=-0.2067 logvar_q_clamp=0.0000 logvar_p_mean=-0.2051 logvar_p_clamp=0.0000
2026-08-30 01:46:46 | Epoch  95/400 | Train Loss 1.3539 Acc 0.4923 | Val Loss 1.3159 Acc 0.5083 AUC 0.8324 Pre 0.4141 Rec 0.4874
2026-08-30 01:46:47 | Diag logvar_q_mean=-0.2120 logvar_q_clamp=0.0000 logvar_p_mean=-0.2104 logvar_p_clamp=0.0000
2026-08-30 01:46:50 | Epoch  96/400 | Train Loss 1.3477 Acc 0.4938 | Val Loss 1.3222 Acc 0.5102 AUC 0.8333 Pre 0.4221 Rec 0.4893
2026-08-30 01:46:51 | Diag logvar_q_mean=-0.2172 logvar_q_clamp=0.0000 logvar_p_mean=-0.2156 logvar_p_clamp=0.0000
2026-08-30 01:46:54 | Epoch  97/400 | Train Loss 1.3483 Acc 0.4926 | Val Loss 1.3059 Acc 0.5092 AUC 0.8323 Pre 0.4143 Rec 0.4883
2026-08-30 01:46:54 | Diag logvar_q_mean=-0.2225 logvar_q_clamp=0.0000 logvar_p_mean=-0.2208 logvar_p_clamp=0.0000
2026-08-30 01:46:58 | Epoch  98/400 | Train Loss 1.3550 Acc 0.4937 | Val Loss 1.3075 Acc 0.5089 AUC 0.8336 Pre 0.4142 Rec 0.4880
2026-08-30 01:46:58 | Diag logvar_q_mean=-0.2279 logvar_q_clamp=0.0000 logvar_p_mean=-0.2263 logvar_p_clamp=0.0000
2026-08-30 01:47:01 | Epoch  99/400 | Train Loss 1.3418 Acc 0.4943 | Val Loss 1.3063 Acc 0.5095 AUC 0.8335 Pre 0.4136 Rec 0.4886
2026-08-30 01:47:02 | Diag logvar_q_mean=-0.2334 logvar_q_clamp=0.0000 logvar_p_mean=-0.2319 logvar_p_clamp=0.0000
2026-08-30 01:47:05 | Epoch 100/400 | Train Loss 1.3408 Acc 0.4936 | Val Loss 1.3338 Acc 0.5076 AUC 0.8322 Pre 0.4142 Rec 0.4867
2026-08-30 01:47:06 | Diag logvar_q_mean=-0.2390 logvar_q_clamp=0.0000 logvar_p_mean=-0.2376 logvar_p_clamp=0.0000
2026-08-30 01:47:09 | Epoch 101/400 | Train Loss 1.3415 Acc 0.4943 | Val Loss 1.3122 Acc 0.4993 AUC 0.8332 Pre 0.4125 Rec 0.4881
2026-08-30 01:47:10 | Diag logvar_q_mean=-0.2447 logvar_q_clamp=0.0000 logvar_p_mean=-0.2431 logvar_p_clamp=0.0000
2026-08-30 01:47:13 | Epoch 102/400 | Train Loss 1.3521 Acc 0.4939 | Val Loss 1.3157 Acc 0.5105 AUC 0.8339 Pre 0.4139 Rec 0.4895
2026-08-30 01:47:13 | Diag logvar_q_mean=-0.2506 logvar_q_clamp=0.0000 logvar_p_mean=-0.2488 logvar_p_clamp=0.0000
2026-08-30 01:47:17 | Epoch 103/400 | Train Loss 1.3269 Acc 0.4949 | Val Loss 1.3021 Acc 0.5033 AUC 0.8329 Pre 0.4381 Rec 0.4885
2026-08-30 01:47:17 | Diag logvar_q_mean=-0.2562 logvar_q_clamp=0.0000 logvar_p_mean=-0.2547 logvar_p_clamp=0.0000
2026-08-30 01:47:20 | Epoch 104/400 | Train Loss 1.3312 Acc 0.4958 | Val Loss 1.3394 Acc 0.5026 AUC 0.8322 Pre 0.4124 Rec 0.4878
2026-08-30 01:47:21 | Diag logvar_q_mean=-0.2617 logvar_q_clamp=0.0000 logvar_p_mean=-0.2601 logvar_p_clamp=0.0000
2026-08-30 01:47:24 | Epoch 105/400 | Train Loss 1.3267 Acc 0.4940 | Val Loss 1.3315 Acc 0.5070 AUC 0.8315 Pre 0.4145 Rec 0.4862
2026-08-30 01:47:25 | Diag logvar_q_mean=-0.2675 logvar_q_clamp=0.0000 logvar_p_mean=-0.2659 logvar_p_clamp=0.0000
2026-08-30 01:47:28 | Epoch 106/400 | Train Loss 1.3404 Acc 0.4942 | Val Loss 1.3248 Acc 0.5083 AUC 0.8325 Pre 0.4143 Rec 0.4874
2026-08-30 01:47:29 | Diag logvar_q_mean=-0.2731 logvar_q_clamp=0.0000 logvar_p_mean=-0.2714 logvar_p_clamp=0.0000
2026-08-30 01:47:32 | Epoch 107/400 | Train Loss 1.3277 Acc 0.4951 | Val Loss 1.3076 Acc 0.5093 AUC 0.8326 Pre 0.4145 Rec 0.4884
2026-08-30 01:47:33 | Diag logvar_q_mean=-0.2789 logvar_q_clamp=0.0000 logvar_p_mean=-0.2773 logvar_p_clamp=0.0000
2026-08-30 01:47:36 | Epoch 108/400 | Train Loss 1.3317 Acc 0.4944 | Val Loss 1.3125 Acc 0.5079 AUC 0.8325 Pre 0.4145 Rec 0.4871
2026-08-30 01:47:37 | Diag logvar_q_mean=-0.2847 logvar_q_clamp=0.0000 logvar_p_mean=-0.2831 logvar_p_clamp=0.0000
2026-08-30 01:47:40 | Epoch 109/400 | Train Loss 1.3278 Acc 0.4960 | Val Loss 1.3269 Acc 0.5095 AUC 0.8329 Pre 0.4135 Rec 0.4886
2026-08-30 01:47:40 | Diag logvar_q_mean=-0.2904 logvar_q_clamp=0.0000 logvar_p_mean=-0.2889 logvar_p_clamp=0.0000
2026-08-30 01:47:44 | Epoch 110/400 | Train Loss 1.3353 Acc 0.4930 | Val Loss 1.3429 Acc 0.4997 AUC 0.8327 Pre 0.4120 Rec 0.4879
2026-08-30 01:47:44 | Diag logvar_q_mean=-0.2962 logvar_q_clamp=0.0000 logvar_p_mean=-0.2947 logvar_p_clamp=0.0000
2026-08-30 01:47:48 | Epoch 111/400 | Train Loss 1.3286 Acc 0.4952 | Val Loss 1.3318 Acc 0.4982 AUC 0.8329 Pre 0.4128 Rec 0.4870
2026-08-30 01:47:48 | Diag logvar_q_mean=-0.3020 logvar_q_clamp=0.0000 logvar_p_mean=-0.3005 logvar_p_clamp=0.0000
2026-08-30 01:47:51 | Epoch 112/400 | Train Loss 1.3191 Acc 0.4935 | Val Loss 1.3447 Acc 0.5093 AUC 0.8325 Pre 0.4323 Rec 0.4884
2026-08-30 01:47:52 | Diag logvar_q_mean=-0.3082 logvar_q_clamp=0.0000 logvar_p_mean=-0.3067 logvar_p_clamp=0.0000
2026-08-30 01:47:55 | Epoch 113/400 | Train Loss 1.3337 Acc 0.4963 | Val Loss 1.3302 Acc 0.5083 AUC 0.8324 Pre 0.4143 Rec 0.4874
2026-08-30 01:47:56 | Diag logvar_q_mean=-0.3140 logvar_q_clamp=0.0000 logvar_p_mean=-0.3124 logvar_p_clamp=0.0000
2026-08-30 01:47:59 | Epoch 114/400 | Train Loss 1.3252 Acc 0.4946 | Val Loss 1.3345 Acc 0.5074 AUC 0.8323 Pre 0.4144 Rec 0.4865
2026-08-30 01:47:59 | Diag logvar_q_mean=-0.3198 logvar_q_clamp=0.0000 logvar_p_mean=-0.3184 logvar_p_clamp=0.0000
2026-08-30 01:48:03 | Epoch 115/400 | Train Loss 1.3319 Acc 0.4944 | Val Loss 1.3500 Acc 0.5080 AUC 0.8322 Pre 0.4140 Rec 0.4872
2026-08-30 01:48:03 | Diag logvar_q_mean=-0.3256 logvar_q_clamp=0.0000 logvar_p_mean=-0.3240 logvar_p_clamp=0.0000
2026-08-30 01:48:07 | Epoch 116/400 | Train Loss 1.3157 Acc 0.4959 | Val Loss 1.3258 Acc 0.5092 AUC 0.8325 Pre 0.4147 Rec 0.4883
2026-08-30 01:48:07 | Diag logvar_q_mean=-0.3317 logvar_q_clamp=0.0000 logvar_p_mean=-0.3301 logvar_p_clamp=0.0000
2026-08-30 01:48:11 | Epoch 117/400 | Train Loss 1.3216 Acc 0.4942 | Val Loss 1.3000 Acc 0.5090 AUC 0.8327 Pre 0.4153 Rec 0.4881
2026-08-30 01:48:11 | Diag logvar_q_mean=-0.3375 logvar_q_clamp=0.0000 logvar_p_mean=-0.3362 logvar_p_clamp=0.0000
2026-08-30 01:48:14 | Epoch 118/400 | Train Loss 1.3216 Acc 0.4942 | Val Loss 1.3553 Acc 0.5083 AUC 0.8321 Pre 0.4142 Rec 0.4874
2026-08-30 01:48:15 | Diag logvar_q_mean=-0.3441 logvar_q_clamp=0.0000 logvar_p_mean=-0.3425 logvar_p_clamp=0.0000
2026-08-30 01:48:18 | Epoch 119/400 | Train Loss 1.3179 Acc 0.4990 | Val Loss 1.3639 Acc 0.5078 AUC 0.8315 Pre 0.4141 Rec 0.4869
2026-08-30 01:48:19 | Diag logvar_q_mean=-0.3496 logvar_q_clamp=0.0000 logvar_p_mean=-0.3480 logvar_p_clamp=0.0000
2026-08-30 01:48:22 | Epoch 120/400 | Train Loss 1.3253 Acc 0.4955 | Val Loss 1.3353 Acc 0.5085 AUC 0.8325 Pre 0.4145 Rec 0.4876
2026-08-30 01:48:23 | Diag logvar_q_mean=-0.3561 logvar_q_clamp=0.0000 logvar_p_mean=-0.3545 logvar_p_clamp=0.0000
2026-08-30 01:48:26 | Epoch 121/400 | Train Loss 1.3217 Acc 0.4966 | Val Loss 1.3720 Acc 0.5092 AUC 0.8326 Pre 0.4139 Rec 0.4883
2026-08-30 01:48:26 | Diag logvar_q_mean=-0.3619 logvar_q_clamp=0.0000 logvar_p_mean=-0.3604 logvar_p_clamp=0.0000
2026-08-30 01:48:30 | Epoch 122/400 | Train Loss 1.3104 Acc 0.4952 | Val Loss 1.3536 Acc 0.5099 AUC 0.8331 Pre 0.4139 Rec 0.4890
2026-08-30 01:48:30 | Diag logvar_q_mean=-0.3678 logvar_q_clamp=0.0000 logvar_p_mean=-0.3665 logvar_p_clamp=0.0000
2026-08-30 01:48:33 | Epoch 123/400 | Train Loss 1.3104 Acc 0.4968 | Val Loss 1.3482 Acc 0.5097 AUC 0.8327 Pre 0.4138 Rec 0.4888
2026-08-30 01:48:34 | Diag logvar_q_mean=-0.3738 logvar_q_clamp=0.0000 logvar_p_mean=-0.3723 logvar_p_clamp=0.0000
2026-08-30 01:48:37 | Epoch 124/400 | Train Loss 1.3200 Acc 0.4952 | Val Loss 1.3631 Acc 0.5103 AUC 0.8328 Pre 0.4132 Rec 0.4894
2026-08-30 01:48:38 | Diag logvar_q_mean=-0.3799 logvar_q_clamp=0.0000 logvar_p_mean=-0.3784 logvar_p_clamp=0.0000
2026-08-30 01:48:41 | Epoch 125/400 | Train Loss 1.3174 Acc 0.4954 | Val Loss 1.3588 Acc 0.5090 AUC 0.8324 Pre 0.4142 Rec 0.4881
2026-08-30 01:48:42 | Diag logvar_q_mean=-0.3857 logvar_q_clamp=0.0000 logvar_p_mean=-0.3842 logvar_p_clamp=0.0000
2026-08-30 01:48:45 | Epoch 126/400 | Train Loss 1.3171 Acc 0.4961 | Val Loss 1.3530 Acc 0.5087 AUC 0.8323 Pre 0.4141 Rec 0.4878
2026-08-30 01:48:46 | Diag logvar_q_mean=-0.3918 logvar_q_clamp=0.0000 logvar_p_mean=-0.3902 logvar_p_clamp=0.0000
2026-08-30 01:48:49 | Epoch 127/400 | Train Loss 1.3175 Acc 0.4961 | Val Loss 1.3473 Acc 0.5088 AUC 0.8315 Pre 0.4142 Rec 0.4879
2026-08-30 01:48:49 | Diag logvar_q_mean=-0.3977 logvar_q_clamp=0.0000 logvar_p_mean=-0.3961 logvar_p_clamp=0.0000
2026-08-30 01:48:53 | Epoch 128/400 | Train Loss 1.3253 Acc 0.4958 | Val Loss 1.3411 Acc 0.5074 AUC 0.8315 Pre 0.4147 Rec 0.4865
2026-08-30 01:48:53 | Diag logvar_q_mean=-0.4035 logvar_q_clamp=0.0000 logvar_p_mean=-0.4019 logvar_p_clamp=0.0000
2026-08-30 01:48:57 | Epoch 129/400 | Train Loss 1.3156 Acc 0.4964 | Val Loss 1.3646 Acc 0.5083 AUC 0.8321 Pre 0.4130 Rec 0.4874
2026-08-30 01:48:57 | Diag logvar_q_mean=-0.4096 logvar_q_clamp=0.0000 logvar_p_mean=-0.4082 logvar_p_clamp=0.0000
2026-08-30 01:49:00 | Epoch 130/400 | Train Loss 1.3185 Acc 0.4980 | Val Loss 1.3651 Acc 0.5061 AUC 0.8310 Pre 0.4149 Rec 0.4853
2026-08-30 01:49:01 | Diag logvar_q_mean=-0.4154 logvar_q_clamp=0.0000 logvar_p_mean=-0.4136 logvar_p_clamp=0.0000
2026-08-30 01:49:04 | Epoch 131/400 | Train Loss 1.3245 Acc 0.4940 | Val Loss 1.3555 Acc 0.5109 AUC 0.8328 Pre 0.4139 Rec 0.4900
2026-08-30 01:49:05 | Diag logvar_q_mean=-0.4210 logvar_q_clamp=0.0000 logvar_p_mean=-0.4196 logvar_p_clamp=0.0000
2026-08-30 01:49:08 | Epoch 132/400 | Train Loss 1.3162 Acc 0.4973 | Val Loss 1.3278 Acc 0.5091 AUC 0.8323 Pre 0.4143 Rec 0.4882
2026-08-30 01:49:09 | Diag logvar_q_mean=-0.4274 logvar_q_clamp=0.0000 logvar_p_mean=-0.4259 logvar_p_clamp=0.0000
2026-08-30 01:49:12 | Epoch 133/400 | Train Loss 1.3260 Acc 0.4962 | Val Loss 1.3320 Acc 0.5093 AUC 0.8327 Pre 0.4147 Rec 0.4884
2026-08-30 01:49:12 | Diag logvar_q_mean=-0.4335 logvar_q_clamp=0.0000 logvar_p_mean=-0.4320 logvar_p_clamp=0.0000
2026-08-30 01:49:16 | Epoch 134/400 | Train Loss 1.3206 Acc 0.4939 | Val Loss 1.3660 Acc 0.5105 AUC 0.8330 Pre 0.4129 Rec 0.4895
2026-08-30 01:49:16 | Diag logvar_q_mean=-0.4397 logvar_q_clamp=0.0000 logvar_p_mean=-0.4383 logvar_p_clamp=0.0000
2026-08-30 01:49:20 | Epoch 135/400 | Train Loss 1.3186 Acc 0.4953 | Val Loss 1.3448 Acc 0.5089 AUC 0.8325 Pre 0.4140 Rec 0.4880
2026-08-30 01:49:20 | Diag logvar_q_mean=-0.4458 logvar_q_clamp=0.0000 logvar_p_mean=-0.4442 logvar_p_clamp=0.0000
2026-08-30 01:49:23 | Epoch 136/400 | Train Loss 1.3102 Acc 0.4949 | Val Loss 1.3538 Acc 0.5090 AUC 0.8325 Pre 0.4139 Rec 0.4881
2026-08-30 01:49:24 | Diag logvar_q_mean=-0.4514 logvar_q_clamp=0.0000 logvar_p_mean=-0.4498 logvar_p_clamp=0.0000
2026-08-30 01:49:27 | Epoch 137/400 | Train Loss 1.3073 Acc 0.4970 | Val Loss 1.3399 Acc 0.5097 AUC 0.8328 Pre 0.4144 Rec 0.4888
2026-08-30 01:49:28 | Diag logvar_q_mean=-0.4573 logvar_q_clamp=0.0000 logvar_p_mean=-0.4558 logvar_p_clamp=0.0000
2026-08-30 01:49:31 | Epoch 138/400 | Train Loss 1.3134 Acc 0.4984 | Val Loss 1.3602 Acc 0.5081 AUC 0.8320 Pre 0.4140 Rec 0.4872
2026-08-30 01:49:31 | Diag logvar_q_mean=-0.4627 logvar_q_clamp=0.0000 logvar_p_mean=-0.4613 logvar_p_clamp=0.0000
2026-08-30 01:49:35 | Epoch 139/400 | Train Loss 1.3224 Acc 0.4973 | Val Loss 1.3673 Acc 0.5079 AUC 0.8316 Pre 0.4139 Rec 0.4870
2026-08-30 01:49:35 | Diag logvar_q_mean=-0.4682 logvar_q_clamp=0.0000 logvar_p_mean=-0.4668 logvar_p_clamp=0.0000
2026-08-30 01:49:39 | Epoch 140/400 | Train Loss 1.3247 Acc 0.4972 | Val Loss 1.3633 Acc 0.5090 AUC 0.8322 Pre 0.4136 Rec 0.4881
2026-08-30 01:49:39 | Diag logvar_q_mean=-0.4742 logvar_q_clamp=0.0000 logvar_p_mean=-0.4728 logvar_p_clamp=0.0000
2026-08-30 01:49:43 | Epoch 141/400 | Train Loss 1.3236 Acc 0.4980 | Val Loss 1.3339 Acc 0.4971 AUC 0.8318 Pre 0.4130 Rec 0.4855
2026-08-30 01:49:43 | Diag logvar_q_mean=-0.4803 logvar_q_clamp=0.0000 logvar_p_mean=-0.4789 logvar_p_clamp=0.0000
2026-08-30 01:49:46 | Epoch 142/400 | Train Loss 1.3163 Acc 0.4954 | Val Loss 1.3577 Acc 0.5093 AUC 0.8322 Pre 0.4144 Rec 0.4884
2026-08-30 01:49:47 | Diag logvar_q_mean=-0.4862 logvar_q_clamp=0.0000 logvar_p_mean=-0.4847 logvar_p_clamp=0.0000
2026-08-30 01:49:50 | Epoch 143/400 | Train Loss 1.3137 Acc 0.4966 | Val Loss 1.3476 Acc 0.5086 AUC 0.8319 Pre 0.4139 Rec 0.4877
2026-08-30 01:49:51 | Diag logvar_q_mean=-0.4921 logvar_q_clamp=0.0000 logvar_p_mean=-0.4908 logvar_p_clamp=0.0000
2026-08-30 01:49:54 | Epoch 144/400 | Train Loss 1.3332 Acc 0.4979 | Val Loss 1.3637 Acc 0.5080 AUC 0.8316 Pre 0.4143 Rec 0.4871
2026-08-30 01:49:54 | Diag logvar_q_mean=-0.4977 logvar_q_clamp=0.0000 logvar_p_mean=-0.4962 logvar_p_clamp=0.0000
2026-08-30 01:49:58 | Epoch 145/400 | Train Loss 1.3054 Acc 0.4957 | Val Loss 1.3502 Acc 0.5065 AUC 0.8316 Pre 0.4148 Rec 0.4857
2026-08-30 01:49:58 | Diag logvar_q_mean=-0.5038 logvar_q_clamp=0.0000 logvar_p_mean=-0.5024 logvar_p_clamp=0.0000
2026-08-30 01:50:02 | Epoch 146/400 | Train Loss 1.3077 Acc 0.4983 | Val Loss 1.3332 Acc 0.5077 AUC 0.8316 Pre 0.4150 Rec 0.4868
2026-08-30 01:50:02 | Diag logvar_q_mean=-0.5097 logvar_q_clamp=0.0000 logvar_p_mean=-0.5082 logvar_p_clamp=0.0000
2026-08-30 01:50:06 | Epoch 147/400 | Train Loss 1.3319 Acc 0.4937 | Val Loss 1.3420 Acc 0.5082 AUC 0.8323 Pre 0.4146 Rec 0.4873
2026-08-30 01:50:06 | Diag logvar_q_mean=-0.5154 logvar_q_clamp=0.0000 logvar_p_mean=-0.5140 logvar_p_clamp=0.0000
2026-08-30 01:50:09 | Epoch 148/400 | Train Loss 1.3179 Acc 0.4961 | Val Loss 1.3436 Acc 0.5084 AUC 0.8322 Pre 0.4148 Rec 0.4874
2026-08-30 01:50:10 | Diag logvar_q_mean=-0.5213 logvar_q_clamp=0.0000 logvar_p_mean=-0.5198 logvar_p_clamp=0.0000
2026-08-30 01:50:13 | Epoch 149/400 | Train Loss 1.3053 Acc 0.4982 | Val Loss 1.3392 Acc 0.5109 AUC 0.8330 Pre 0.4136 Rec 0.4899
2026-08-30 01:50:14 | Diag logvar_q_mean=-0.5267 logvar_q_clamp=0.0000 logvar_p_mean=-0.5254 logvar_p_clamp=0.0000
2026-08-30 01:50:17 | Epoch 150/400 | Train Loss 1.3062 Acc 0.4996 | Val Loss 1.3166 Acc 0.5083 AUC 0.8325 Pre 0.4146 Rec 0.4874
2026-08-30 01:50:18 | Diag logvar_q_mean=-0.5327 logvar_q_clamp=0.0000 logvar_p_mean=-0.5313 logvar_p_clamp=0.0000
2026-08-30 01:50:21 | Epoch 151/400 | Train Loss 1.3056 Acc 0.4968 | Val Loss 1.3368 Acc 0.5075 AUC 0.8314 Pre 0.4152 Rec 0.4867
2026-08-30 01:50:21 | Diag logvar_q_mean=-0.5384 logvar_q_clamp=0.0000 logvar_p_mean=-0.5368 logvar_p_clamp=0.0000
2026-08-30 01:50:25 | Epoch 152/400 | Train Loss 1.3145 Acc 0.4991 | Val Loss 1.3255 Acc 0.5093 AUC 0.8331 Pre 0.4142 Rec 0.4884
2026-08-30 01:50:25 | Diag logvar_q_mean=-0.5437 logvar_q_clamp=0.0000 logvar_p_mean=-0.5423 logvar_p_clamp=0.0000
2026-08-30 01:50:29 | Epoch 153/400 | Train Loss 1.3047 Acc 0.4977 | Val Loss 1.3371 Acc 0.5089 AUC 0.8329 Pre 0.4146 Rec 0.4880
2026-08-30 01:50:29 | Diag logvar_q_mean=-0.5490 logvar_q_clamp=0.0000 logvar_p_mean=-0.5476 logvar_p_clamp=0.0000
2026-08-30 01:50:32 | Epoch 154/400 | Train Loss 1.3023 Acc 0.4965 | Val Loss 1.3510 Acc 0.5091 AUC 0.8325 Pre 0.4145 Rec 0.4882
2026-08-30 01:50:33 | Diag logvar_q_mean=-0.5550 logvar_q_clamp=0.0000 logvar_p_mean=-0.5536 logvar_p_clamp=0.0000
2026-08-30 01:50:36 | Epoch 155/400 | Train Loss 1.3258 Acc 0.4958 | Val Loss 1.3145 Acc 0.5088 AUC 0.8325 Pre 0.4145 Rec 0.4879
2026-08-30 01:50:37 | Diag logvar_q_mean=-0.5607 logvar_q_clamp=0.0000 logvar_p_mean=-0.5591 logvar_p_clamp=0.0000
2026-08-30 01:50:40 | Epoch 156/400 | Train Loss 1.3079 Acc 0.4964 | Val Loss 1.3516 Acc 0.5087 AUC 0.8325 Pre 0.4143 Rec 0.4878
2026-08-30 01:50:41 | Diag logvar_q_mean=-0.5659 logvar_q_clamp=0.0000 logvar_p_mean=-0.5645 logvar_p_clamp=0.0000
2026-08-30 01:50:44 | Epoch 157/400 | Train Loss 1.3072 Acc 0.4971 | Val Loss 1.3333 Acc 0.5080 AUC 0.8322 Pre 0.4149 Rec 0.4871
2026-08-30 01:50:44 | Diag logvar_q_mean=-0.5711 logvar_q_clamp=0.0000 logvar_p_mean=-0.5697 logvar_p_clamp=0.0000
2026-08-30 01:50:48 | Epoch 158/400 | Train Loss 1.3024 Acc 0.4979 | Val Loss 1.3630 Acc 0.5072 AUC 0.8316 Pre 0.4143 Rec 0.4863
2026-08-30 01:50:48 | Diag logvar_q_mean=-0.5764 logvar_q_clamp=0.0000 logvar_p_mean=-0.5749 logvar_p_clamp=0.0000
2026-08-30 01:50:52 | Epoch 159/400 | Train Loss 1.3156 Acc 0.4978 | Val Loss 1.3721 Acc 0.5100 AUC 0.8327 Pre 0.4139 Rec 0.4891
2026-08-30 01:50:52 | Diag logvar_q_mean=-0.5819 logvar_q_clamp=0.0000 logvar_p_mean=-0.5804 logvar_p_clamp=0.0000
2026-08-30 01:50:56 | Epoch 160/400 | Train Loss 1.2956 Acc 0.5000 | Val Loss 1.3415 Acc 0.5062 AUC 0.8315 Pre 0.4153 Rec 0.4855
2026-08-30 01:50:56 | Diag logvar_q_mean=-0.5873 logvar_q_clamp=0.0000 logvar_p_mean=-0.5857 logvar_p_clamp=0.0000
2026-08-30 01:50:59 | Epoch 161/400 | Train Loss 1.3108 Acc 0.4968 | Val Loss 1.3753 Acc 0.5077 AUC 0.8320 Pre 0.4342 Rec 0.4869
2026-08-30 01:51:00 | Diag logvar_q_mean=-0.5925 logvar_q_clamp=0.0000 logvar_p_mean=-0.5912 logvar_p_clamp=0.0000
2026-08-30 01:51:03 | Epoch 162/400 | Train Loss 1.3077 Acc 0.4957 | Val Loss 1.3429 Acc 0.5084 AUC 0.8325 Pre 0.4146 Rec 0.4875
2026-08-30 01:51:04 | Diag logvar_q_mean=-0.5977 logvar_q_clamp=0.0000 logvar_p_mean=-0.5963 logvar_p_clamp=0.0000
2026-08-30 01:51:07 | Epoch 163/400 | Train Loss 1.2883 Acc 0.5002 | Val Loss 1.3638 Acc 0.5084 AUC 0.8321 Pre 0.4142 Rec 0.4875
2026-08-30 01:51:08 | Diag logvar_q_mean=-0.6034 logvar_q_clamp=0.0000 logvar_p_mean=-0.6020 logvar_p_clamp=0.0000
2026-08-30 01:51:11 | Epoch 164/400 | Train Loss 1.2965 Acc 0.4991 | Val Loss 1.3567 Acc 0.5070 AUC 0.8313 Pre 0.4148 Rec 0.4862
2026-08-30 01:51:11 | Diag logvar_q_mean=-0.6089 logvar_q_clamp=0.0000 logvar_p_mean=-0.6074 logvar_p_clamp=0.0000
2026-08-30 01:51:15 | Epoch 165/400 | Train Loss 1.3001 Acc 0.4989 | Val Loss 1.3581 Acc 0.5100 AUC 0.8326 Pre 0.4138 Rec 0.4891
2026-08-30 01:51:15 | Diag logvar_q_mean=-0.6143 logvar_q_clamp=0.0000 logvar_p_mean=-0.6130 logvar_p_clamp=0.0000
2026-08-30 01:51:19 | Epoch 166/400 | Train Loss 1.3009 Acc 0.4962 | Val Loss 1.3306 Acc 0.5031 AUC 0.8330 Pre 0.4155 Rec 0.4883
2026-08-30 01:51:19 | Diag logvar_q_mean=-0.6198 logvar_q_clamp=0.0000 logvar_p_mean=-0.6184 logvar_p_clamp=0.0000
2026-08-30 01:51:22 | Epoch 167/400 | Train Loss 1.2980 Acc 0.4970 | Val Loss 1.3439 Acc 0.5084 AUC 0.8323 Pre 0.4144 Rec 0.4875
2026-08-30 01:51:23 | Diag logvar_q_mean=-0.6253 logvar_q_clamp=0.0000 logvar_p_mean=-0.6239 logvar_p_clamp=0.0000
2026-08-30 01:51:26 | Epoch 168/400 | Train Loss 1.3090 Acc 0.4952 | Val Loss 1.3533 Acc 0.5074 AUC 0.8318 Pre 0.4145 Rec 0.4865
2026-08-30 01:51:27 | Diag logvar_q_mean=-0.6309 logvar_q_clamp=0.0000 logvar_p_mean=-0.6295 logvar_p_clamp=0.0000
2026-08-30 01:51:30 | Epoch 169/400 | Train Loss 1.2972 Acc 0.4983 | Val Loss 1.3543 Acc 0.5064 AUC 0.8313 Pre 0.4149 Rec 0.4856
2026-08-30 01:51:31 | Diag logvar_q_mean=-0.6364 logvar_q_clamp=0.0000 logvar_p_mean=-0.6349 logvar_p_clamp=0.0000
2026-08-30 01:51:34 | Epoch 170/400 | Train Loss 1.2919 Acc 0.5002 | Val Loss 1.3750 Acc 0.5079 AUC 0.8317 Pre 0.4142 Rec 0.4870
2026-08-30 01:51:34 | Diag logvar_q_mean=-0.6417 logvar_q_clamp=0.0000 logvar_p_mean=-0.6403 logvar_p_clamp=0.0000
2026-08-30 01:51:38 | Epoch 171/400 | Train Loss 1.2989 Acc 0.4999 | Val Loss 1.3437 Acc 0.5085 AUC 0.8323 Pre 0.4145 Rec 0.4876
2026-08-30 01:51:38 | Diag logvar_q_mean=-0.6466 logvar_q_clamp=0.0000 logvar_p_mean=-0.6452 logvar_p_clamp=0.0000
2026-08-30 01:51:41 | Epoch 172/400 | Train Loss 1.2952 Acc 0.4964 | Val Loss 1.3630 Acc 0.5075 AUC 0.8324 Pre 0.4145 Rec 0.4867
2026-08-30 01:51:42 | Diag logvar_q_mean=-0.6524 logvar_q_clamp=0.0000 logvar_p_mean=-0.6509 logvar_p_clamp=0.0000
2026-08-30 01:51:45 | Epoch 173/400 | Train Loss 1.3055 Acc 0.4984 | Val Loss 1.3721 Acc 0.5084 AUC 0.8321 Pre 0.4136 Rec 0.4875
2026-08-30 01:51:46 | Diag logvar_q_mean=-0.6577 logvar_q_clamp=0.0000 logvar_p_mean=-0.6562 logvar_p_clamp=0.0000
2026-08-30 01:51:49 | Epoch 174/400 | Train Loss 1.3016 Acc 0.4970 | Val Loss 1.3486 Acc 0.5090 AUC 0.8323 Pre 0.4143 Rec 0.4881
2026-08-30 01:51:50 | Diag logvar_q_mean=-0.6631 logvar_q_clamp=0.0000 logvar_p_mean=-0.6618 logvar_p_clamp=0.0000
2026-08-30 01:51:53 | Epoch 175/400 | Train Loss 1.3034 Acc 0.4980 | Val Loss 1.3590 Acc 0.5101 AUC 0.8331 Pre 0.4140 Rec 0.4892
2026-08-30 01:51:53 | Diag logvar_q_mean=-0.6686 logvar_q_clamp=0.0000 logvar_p_mean=-0.6672 logvar_p_clamp=0.0000
2026-08-30 01:51:57 | Epoch 176/400 | Train Loss 1.2969 Acc 0.4975 | Val Loss 1.3744 Acc 0.5071 AUC 0.8320 Pre 0.4149 Rec 0.4861
2026-08-30 01:51:57 | Diag logvar_q_mean=-0.6737 logvar_q_clamp=0.0000 logvar_p_mean=-0.6723 logvar_p_clamp=0.0000
2026-08-30 01:52:01 | Epoch 177/400 | Train Loss 1.3070 Acc 0.4958 | Val Loss 1.3657 Acc 0.5075 AUC 0.8315 Pre 0.4149 Rec 0.4866
2026-08-30 01:52:01 | Diag logvar_q_mean=-0.6796 logvar_q_clamp=0.0000 logvar_p_mean=-0.6781 logvar_p_clamp=0.0000
2026-08-30 01:52:04 | Epoch 178/400 | Train Loss 1.3015 Acc 0.4979 | Val Loss 1.3897 Acc 0.5070 AUC 0.8318 Pre 0.4144 Rec 0.4862
2026-08-30 01:52:05 | Diag logvar_q_mean=-0.6849 logvar_q_clamp=0.0000 logvar_p_mean=-0.6833 logvar_p_clamp=0.0000
2026-08-30 01:52:08 | Epoch 179/400 | Train Loss 1.2908 Acc 0.4992 | Val Loss 1.3634 Acc 0.5077 AUC 0.8318 Pre 0.4145 Rec 0.4868
2026-08-30 01:52:09 | Diag logvar_q_mean=-0.6896 logvar_q_clamp=0.0000 logvar_p_mean=-0.6882 logvar_p_clamp=0.0000
2026-08-30 01:52:12 | Epoch 180/400 | Train Loss 1.2942 Acc 0.4981 | Val Loss 1.3335 Acc 0.5089 AUC 0.8323 Pre 0.4291 Rec 0.4880
2026-08-30 01:52:13 | Diag logvar_q_mean=-0.6950 logvar_q_clamp=0.0000 logvar_p_mean=-0.6936 logvar_p_clamp=0.0000
2026-08-30 01:52:16 | Epoch 181/400 | Train Loss 1.2952 Acc 0.4975 | Val Loss 1.3677 Acc 0.5079 AUC 0.8317 Pre 0.4213 Rec 0.4870
2026-08-30 01:52:16 | Diag logvar_q_mean=-0.7006 logvar_q_clamp=0.0000 logvar_p_mean=-0.6990 logvar_p_clamp=0.0000
2026-08-30 01:52:20 | Epoch 182/400 | Train Loss 1.3148 Acc 0.4983 | Val Loss 1.3509 Acc 0.5064 AUC 0.8312 Pre 0.4153 Rec 0.4856
2026-08-30 01:52:20 | Diag logvar_q_mean=-0.7062 logvar_q_clamp=0.0000 logvar_p_mean=-0.7046 logvar_p_clamp=0.0000
2026-08-30 01:52:24 | Epoch 183/400 | Train Loss 1.3067 Acc 0.4993 | Val Loss 1.3418 Acc 0.5068 AUC 0.8316 Pre 0.4153 Rec 0.4859
2026-08-30 01:52:24 | Diag logvar_q_mean=-0.7114 logvar_q_clamp=0.0000 logvar_p_mean=-0.7100 logvar_p_clamp=0.0000
2026-08-30 01:52:27 | Epoch 184/400 | Train Loss 1.2979 Acc 0.4999 | Val Loss 1.3689 Acc 0.5076 AUC 0.8316 Pre 0.4142 Rec 0.4867
2026-08-30 01:52:28 | Diag logvar_q_mean=-0.7170 logvar_q_clamp=0.0000 logvar_p_mean=-0.7155 logvar_p_clamp=0.0000
2026-08-30 01:52:31 | Epoch 185/400 | Train Loss 1.3056 Acc 0.4972 | Val Loss 1.3543 Acc 0.5070 AUC 0.8316 Pre 0.4152 Rec 0.4862
2026-08-30 01:52:32 | Diag logvar_q_mean=-0.7222 logvar_q_clamp=0.0000 logvar_p_mean=-0.7207 logvar_p_clamp=0.0000
2026-08-30 01:52:35 | Epoch 186/400 | Train Loss 1.3036 Acc 0.4982 | Val Loss 1.3430 Acc 0.5083 AUC 0.8316 Pre 0.4144 Rec 0.4874
2026-08-30 01:52:36 | Diag logvar_q_mean=-0.7273 logvar_q_clamp=0.0000 logvar_p_mean=-0.7258 logvar_p_clamp=0.0000
2026-08-30 01:52:39 | Epoch 187/400 | Train Loss 1.3015 Acc 0.4971 | Val Loss 1.3537 Acc 0.5078 AUC 0.8320 Pre 0.4145 Rec 0.4869
2026-08-30 01:52:40 | Diag logvar_q_mean=-0.7331 logvar_q_clamp=0.0000 logvar_p_mean=-0.7315 logvar_p_clamp=0.0000
2026-08-30 01:52:43 | Epoch 188/400 | Train Loss 1.2959 Acc 0.4987 | Val Loss 1.3459 Acc 0.5091 AUC 0.8326 Pre 0.4147 Rec 0.4882
2026-08-30 01:52:43 | Diag logvar_q_mean=-0.7379 logvar_q_clamp=0.0000 logvar_p_mean=-0.7364 logvar_p_clamp=0.0000
2026-08-30 01:52:47 | Epoch 189/400 | Train Loss 1.2941 Acc 0.4992 | Val Loss 1.3527 Acc 0.5093 AUC 0.8321 Pre 0.4146 Rec 0.4884
2026-08-30 01:52:47 | Diag logvar_q_mean=-0.7432 logvar_q_clamp=0.0000 logvar_p_mean=-0.7418 logvar_p_clamp=0.0000
2026-08-30 01:52:50 | Epoch 190/400 | Train Loss 1.2946 Acc 0.4972 | Val Loss 1.3644 Acc 0.5080 AUC 0.8323 Pre 0.4149 Rec 0.4871
2026-08-30 01:52:51 | Diag logvar_q_mean=-0.7486 logvar_q_clamp=0.0000 logvar_p_mean=-0.7471 logvar_p_clamp=0.0000
2026-08-30 01:52:54 | Epoch 191/400 | Train Loss 1.3054 Acc 0.4976 | Val Loss 1.3464 Acc 0.5083 AUC 0.8319 Pre 0.4149 Rec 0.4874
2026-08-30 01:52:55 | Diag logvar_q_mean=-0.7541 logvar_q_clamp=0.0000 logvar_p_mean=-0.7527 logvar_p_clamp=0.0000
2026-08-30 01:52:58 | Epoch 192/400 | Train Loss 1.2856 Acc 0.4993 | Val Loss 1.3623 Acc 0.5083 AUC 0.8319 Pre 0.4145 Rec 0.4874
2026-08-30 01:52:59 | Diag logvar_q_mean=-0.7592 logvar_q_clamp=0.0000 logvar_p_mean=-0.7577 logvar_p_clamp=0.0000
2026-08-30 01:53:02 | Epoch 193/400 | Train Loss 1.2940 Acc 0.4980 | Val Loss 1.3736 Acc 0.5088 AUC 0.8320 Pre 0.4141 Rec 0.4879
2026-08-30 01:53:02 | Diag logvar_q_mean=-0.7648 logvar_q_clamp=0.0000 logvar_p_mean=-0.7633 logvar_p_clamp=0.0000
2026-08-30 01:53:06 | Epoch 194/400 | Train Loss 1.2977 Acc 0.4984 | Val Loss 1.3782 Acc 0.5071 AUC 0.8319 Pre 0.4141 Rec 0.4863
2026-08-30 01:53:06 | Diag logvar_q_mean=-0.7697 logvar_q_clamp=0.0000 logvar_p_mean=-0.7683 logvar_p_clamp=0.0000
2026-08-30 01:53:10 | Epoch 195/400 | Train Loss 1.2989 Acc 0.4985 | Val Loss 1.3699 Acc 0.5088 AUC 0.8319 Pre 0.4208 Rec 0.4879
2026-08-30 01:53:10 | Diag logvar_q_mean=-0.7749 logvar_q_clamp=0.0000 logvar_p_mean=-0.7734 logvar_p_clamp=0.0000
2026-08-30 01:53:13 | Epoch 196/400 | Train Loss 1.3007 Acc 0.4976 | Val Loss 1.3743 Acc 0.5086 AUC 0.8317 Pre 0.4141 Rec 0.4878
2026-08-30 01:53:14 | Diag logvar_q_mean=-0.7801 logvar_q_clamp=0.0000 logvar_p_mean=-0.7786 logvar_p_clamp=0.0000
2026-08-30 01:53:17 | Epoch 197/400 | Train Loss 1.3027 Acc 0.4983 | Val Loss 1.3555 Acc 0.5090 AUC 0.8322 Pre 0.4144 Rec 0.4881
2026-08-30 01:53:18 | Diag logvar_q_mean=-0.7855 logvar_q_clamp=0.0000 logvar_p_mean=-0.7840 logvar_p_clamp=0.0000
2026-08-30 01:53:21 | Epoch 198/400 | Train Loss 1.2972 Acc 0.4983 | Val Loss 1.3852 Acc 0.5088 AUC 0.8319 Pre 0.4140 Rec 0.4879
2026-08-30 01:53:22 | Diag logvar_q_mean=-0.7908 logvar_q_clamp=0.0000 logvar_p_mean=-0.7894 logvar_p_clamp=0.0000
2026-08-30 01:53:25 | Epoch 199/400 | Train Loss 1.2954 Acc 0.4974 | Val Loss 1.3730 Acc 0.5091 AUC 0.8325 Pre 0.4137 Rec 0.4882
2026-08-30 01:53:25 | Diag logvar_q_mean=-0.7957 logvar_q_clamp=0.0000 logvar_p_mean=-0.7945 logvar_p_clamp=0.0000
2026-08-30 01:53:29 | Epoch 200/400 | Train Loss 1.2902 Acc 0.4989 | Val Loss 1.3455 Acc 0.5075 AUC 0.8319 Pre 0.4146 Rec 0.4867
2026-08-30 01:53:29 | Diag logvar_q_mean=-0.8009 logvar_q_clamp=0.0000 logvar_p_mean=-0.7996 logvar_p_clamp=0.0000
2026-08-30 01:53:33 | Epoch 201/400 | Train Loss 1.2971 Acc 0.4984 | Val Loss 1.3501 Acc 0.5088 AUC 0.8321 Pre 0.4148 Rec 0.4879
2026-08-30 01:53:33 | Diag logvar_q_mean=-0.8061 logvar_q_clamp=0.0000 logvar_p_mean=-0.8047 logvar_p_clamp=0.0000
2026-08-30 01:53:36 | Epoch 202/400 | Train Loss 1.2931 Acc 0.4990 | Val Loss 1.3861 Acc 0.5096 AUC 0.8330 Pre 0.4140 Rec 0.4887
2026-08-30 01:53:37 | Diag logvar_q_mean=-0.8114 logvar_q_clamp=0.0000 logvar_p_mean=-0.8099 logvar_p_clamp=0.0000
2026-08-30 01:53:40 | Epoch 203/400 | Train Loss 1.2869 Acc 0.5002 | Val Loss 1.3871 Acc 0.5091 AUC 0.8324 Pre 0.4137 Rec 0.4882
2026-08-30 01:53:41 | Diag logvar_q_mean=-0.8163 logvar_q_clamp=0.0000 logvar_p_mean=-0.8149 logvar_p_clamp=0.0000
2026-08-30 01:53:44 | Epoch 204/400 | Train Loss 1.2947 Acc 0.4993 | Val Loss 1.3535 Acc 0.5084 AUC 0.8322 Pre 0.4143 Rec 0.4876
2026-08-30 01:53:44 | Diag logvar_q_mean=-0.8213 logvar_q_clamp=0.0000 logvar_p_mean=-0.8199 logvar_p_clamp=0.0000
2026-08-30 01:53:48 | Epoch 205/400 | Train Loss 1.2972 Acc 0.4977 | Val Loss 1.3894 Acc 0.5087 AUC 0.8329 Pre 0.4145 Rec 0.4878
2026-08-30 01:53:48 | Diag logvar_q_mean=-0.8267 logvar_q_clamp=0.0000 logvar_p_mean=-0.8251 logvar_p_clamp=0.0000
2026-08-30 01:53:52 | Epoch 206/400 | Train Loss 1.2955 Acc 0.5008 | Val Loss 1.3780 Acc 0.5090 AUC 0.8322 Pre 0.4141 Rec 0.4881
2026-08-30 01:53:52 | Diag logvar_q_mean=-0.8311 logvar_q_clamp=0.0000 logvar_p_mean=-0.8298 logvar_p_clamp=0.0000
2026-08-30 01:53:55 | Epoch 207/400 | Train Loss 1.2917 Acc 0.4988 | Val Loss 1.3893 Acc 0.5085 AUC 0.8322 Pre 0.4136 Rec 0.4876
2026-08-30 01:53:56 | Diag logvar_q_mean=-0.8362 logvar_q_clamp=0.0000 logvar_p_mean=-0.8347 logvar_p_clamp=0.0000
2026-08-30 01:53:59 | Epoch 208/400 | Train Loss 1.2887 Acc 0.5022 | Val Loss 1.3753 Acc 0.5080 AUC 0.8324 Pre 0.4140 Rec 0.4871
2026-08-30 01:54:00 | Diag logvar_q_mean=-0.8406 logvar_q_clamp=0.0000 logvar_p_mean=-0.8393 logvar_p_clamp=0.0000
2026-08-30 01:54:03 | Epoch 209/400 | Train Loss 1.2830 Acc 0.5003 | Val Loss 1.3703 Acc 0.5085 AUC 0.8324 Pre 0.4148 Rec 0.4876
2026-08-30 01:54:04 | Diag logvar_q_mean=-0.8459 logvar_q_clamp=0.0000 logvar_p_mean=-0.8445 logvar_p_clamp=0.0000
2026-08-30 01:54:07 | Epoch 210/400 | Train Loss 1.2948 Acc 0.5006 | Val Loss 1.3903 Acc 0.5083 AUC 0.8320 Pre 0.4142 Rec 0.4874
2026-08-30 01:54:07 | Diag logvar_q_mean=-0.8511 logvar_q_clamp=0.0000 logvar_p_mean=-0.8497 logvar_p_clamp=0.0000
2026-08-30 01:54:11 | Epoch 211/400 | Train Loss 1.2937 Acc 0.4983 | Val Loss 1.3488 Acc 0.5077 AUC 0.8315 Pre 0.4150 Rec 0.4868
2026-08-30 01:54:11 | Diag logvar_q_mean=-0.8559 logvar_q_clamp=0.0000 logvar_p_mean=-0.8545 logvar_p_clamp=0.0000
2026-08-30 01:54:15 | Epoch 212/400 | Train Loss 1.2875 Acc 0.5010 | Val Loss 1.3657 Acc 0.5092 AUC 0.8319 Pre 0.4145 Rec 0.4883
2026-08-30 01:54:15 | Diag logvar_q_mean=-0.8606 logvar_q_clamp=0.0000 logvar_p_mean=-0.8592 logvar_p_clamp=0.0000
2026-08-30 01:54:18 | Epoch 213/400 | Train Loss 1.2981 Acc 0.4972 | Val Loss 1.3890 Acc 0.5099 AUC 0.8323 Pre 0.4134 Rec 0.4890
2026-08-30 01:54:19 | Diag logvar_q_mean=-0.8660 logvar_q_clamp=0.0000 logvar_p_mean=-0.8647 logvar_p_clamp=0.0000
2026-08-30 01:54:22 | Epoch 214/400 | Train Loss 1.2875 Acc 0.5015 | Val Loss 1.3505 Acc 0.5084 AUC 0.8321 Pre 0.4143 Rec 0.4875
2026-08-30 01:54:23 | Diag logvar_q_mean=-0.8708 logvar_q_clamp=0.0000 logvar_p_mean=-0.8694 logvar_p_clamp=0.0000
2026-08-30 01:54:26 | Epoch 215/400 | Train Loss 1.2813 Acc 0.5009 | Val Loss 1.3757 Acc 0.5086 AUC 0.8318 Pre 0.4137 Rec 0.4877
2026-08-30 01:54:27 | Diag logvar_q_mean=-0.8756 logvar_q_clamp=0.0000 logvar_p_mean=-0.8742 logvar_p_clamp=0.0000
2026-08-30 01:54:30 | Epoch 216/400 | Train Loss 1.2879 Acc 0.5009 | Val Loss 1.3595 Acc 0.5088 AUC 0.8321 Pre 0.4141 Rec 0.4880
2026-08-30 01:54:31 | Diag logvar_q_mean=-0.8806 logvar_q_clamp=0.0000 logvar_p_mean=-0.8792 logvar_p_clamp=0.0000
2026-08-30 01:54:34 | Epoch 217/400 | Train Loss 1.2851 Acc 0.4987 | Val Loss 1.3795 Acc 0.5097 AUC 0.8325 Pre 0.4140 Rec 0.4888
2026-08-30 01:54:34 | Diag logvar_q_mean=-0.8855 logvar_q_clamp=0.0000 logvar_p_mean=-0.8842 logvar_p_clamp=0.0000
2026-08-30 01:54:38 | Epoch 218/400 | Train Loss 1.3043 Acc 0.4974 | Val Loss 1.3694 Acc 0.5095 AUC 0.8324 Pre 0.4141 Rec 0.4886
2026-08-30 01:54:38 | Diag logvar_q_mean=-0.8906 logvar_q_clamp=0.0000 logvar_p_mean=-0.8891 logvar_p_clamp=0.0000
2026-08-30 01:54:42 | Epoch 219/400 | Train Loss 1.2915 Acc 0.4993 | Val Loss 1.3588 Acc 0.5085 AUC 0.8323 Pre 0.4234 Rec 0.4876
2026-08-30 01:54:42 | Diag logvar_q_mean=-0.8952 logvar_q_clamp=0.0000 logvar_p_mean=-0.8938 logvar_p_clamp=0.0000
2026-08-30 01:54:46 | Epoch 220/400 | Train Loss 1.2878 Acc 0.4988 | Val Loss 1.3512 Acc 0.5071 AUC 0.8319 Pre 0.4144 Rec 0.4862
2026-08-30 01:54:46 | Diag logvar_q_mean=-0.9001 logvar_q_clamp=0.0000 logvar_p_mean=-0.8986 logvar_p_clamp=0.0000
2026-08-30 01:54:49 | Epoch 221/400 | Train Loss 1.2908 Acc 0.4989 | Val Loss 1.3637 Acc 0.5082 AUC 0.8323 Pre 0.4144 Rec 0.4873
2026-08-30 01:54:50 | Diag logvar_q_mean=-0.9049 logvar_q_clamp=0.0000 logvar_p_mean=-0.9035 logvar_p_clamp=0.0000
2026-08-30 01:54:53 | Epoch 222/400 | Train Loss 1.2899 Acc 0.5000 | Val Loss 1.3850 Acc 0.5076 AUC 0.8317 Pre 0.4140 Rec 0.4867
2026-08-30 01:54:54 | Diag logvar_q_mean=-0.9095 logvar_q_clamp=0.0000 logvar_p_mean=-0.9081 logvar_p_clamp=0.0000
2026-08-30 01:54:57 | Epoch 223/400 | Train Loss 1.2964 Acc 0.4977 | Val Loss 1.3666 Acc 0.5076 AUC 0.8319 Pre 0.4145 Rec 0.4868
2026-08-30 01:54:58 | Diag logvar_q_mean=-0.9144 logvar_q_clamp=0.0000 logvar_p_mean=-0.9130 logvar_p_clamp=0.0000
2026-08-30 01:55:01 | Epoch 224/400 | Train Loss 1.2819 Acc 0.5006 | Val Loss 1.3738 Acc 0.5096 AUC 0.8324 Pre 0.4142 Rec 0.4887
2026-08-30 01:55:02 | Diag logvar_q_mean=-0.9194 logvar_q_clamp=0.0000 logvar_p_mean=-0.9180 logvar_p_clamp=0.0000
2026-08-30 01:55:05 | Epoch 225/400 | Train Loss 1.2884 Acc 0.4975 | Val Loss 1.3735 Acc 0.5092 AUC 0.8323 Pre 0.4142 Rec 0.4883
2026-08-30 01:55:05 | Diag logvar_q_mean=-0.9246 logvar_q_clamp=0.0000 logvar_p_mean=-0.9233 logvar_p_clamp=0.0000
2026-08-30 01:55:09 | Epoch 226/400 | Train Loss 1.2896 Acc 0.4980 | Val Loss 1.3630 Acc 0.5088 AUC 0.8317 Pre 0.4146 Rec 0.4879
2026-08-30 01:55:09 | Diag logvar_q_mean=-0.9295 logvar_q_clamp=0.0000 logvar_p_mean=-0.9280 logvar_p_clamp=0.0000
2026-08-30 01:55:13 | Epoch 227/400 | Train Loss 1.2992 Acc 0.4980 | Val Loss 1.3716 Acc 0.5089 AUC 0.8321 Pre 0.4142 Rec 0.4880
2026-08-30 01:55:13 | Diag logvar_q_mean=-0.9344 logvar_q_clamp=0.0000 logvar_p_mean=-0.9330 logvar_p_clamp=0.0000
2026-08-30 01:55:16 | Epoch 228/400 | Train Loss 1.2900 Acc 0.4997 | Val Loss 1.3752 Acc 0.5084 AUC 0.8319 Pre 0.4141 Rec 0.4875
2026-08-30 01:55:17 | Diag logvar_q_mean=-0.9393 logvar_q_clamp=0.0000 logvar_p_mean=-0.9378 logvar_p_clamp=0.0000
2026-08-30 01:55:20 | Epoch 229/400 | Train Loss 1.3062 Acc 0.4968 | Val Loss 1.3893 Acc 0.4983 AUC 0.8322 Pre 0.4118 Rec 0.4870
2026-08-30 01:55:21 | Diag logvar_q_mean=-0.9441 logvar_q_clamp=0.0000 logvar_p_mean=-0.9427 logvar_p_clamp=0.0000
2026-08-30 01:55:24 | Epoch 230/400 | Train Loss 1.2973 Acc 0.4984 | Val Loss 1.3997 Acc 0.5086 AUC 0.8321 Pre 0.4138 Rec 0.4877
2026-08-30 01:55:24 | Diag logvar_q_mean=-0.9490 logvar_q_clamp=0.0000 logvar_p_mean=-0.9474 logvar_p_clamp=0.0000
2026-08-30 01:55:28 | Epoch 231/400 | Train Loss 1.3007 Acc 0.4983 | Val Loss 1.3759 Acc 0.5078 AUC 0.8317 Pre 0.4143 Rec 0.4870
2026-08-30 01:55:28 | Diag logvar_q_mean=-0.9536 logvar_q_clamp=0.0000 logvar_p_mean=-0.9522 logvar_p_clamp=0.0000
2026-08-30 01:55:32 | Epoch 232/400 | Train Loss 1.2880 Acc 0.5008 | Val Loss 1.3879 Acc 0.5090 AUC 0.8320 Pre 0.4139 Rec 0.4882
2026-08-30 01:55:32 | Diag logvar_q_mean=-0.9580 logvar_q_clamp=0.0000 logvar_p_mean=-0.9565 logvar_p_clamp=0.0000
2026-08-30 01:55:35 | Epoch 233/400 | Train Loss 1.2878 Acc 0.4999 | Val Loss 1.3660 Acc 0.5086 AUC 0.8314 Pre 0.4140 Rec 0.4877
2026-08-30 01:55:36 | Diag logvar_q_mean=-0.9628 logvar_q_clamp=0.0000 logvar_p_mean=-0.9615 logvar_p_clamp=0.0000
2026-08-30 01:55:39 | Epoch 234/400 | Train Loss 1.2900 Acc 0.5002 | Val Loss 1.4020 Acc 0.5072 AUC 0.8311 Pre 0.4139 Rec 0.4864
2026-08-30 01:55:40 | Diag logvar_q_mean=-0.9677 logvar_q_clamp=0.0000 logvar_p_mean=-0.9662 logvar_p_clamp=0.0000
2026-08-30 01:55:43 | Epoch 235/400 | Train Loss 1.2833 Acc 0.4980 | Val Loss 1.3932 Acc 0.5086 AUC 0.8316 Pre 0.4132 Rec 0.4877
2026-08-30 01:55:44 | Diag logvar_q_mean=-0.9723 logvar_q_clamp=0.0000 logvar_p_mean=-0.9709 logvar_p_clamp=0.0000
2026-08-30 01:55:47 | Epoch 236/400 | Train Loss 1.2860 Acc 0.4992 | Val Loss 1.3861 Acc 0.5081 AUC 0.8312 Pre 0.4141 Rec 0.4872
2026-08-30 01:55:47 | Diag logvar_q_mean=-0.9766 logvar_q_clamp=0.0000 logvar_p_mean=-0.9751 logvar_p_clamp=0.0000
2026-08-30 01:55:51 | Epoch 237/400 | Train Loss 1.2856 Acc 0.5018 | Val Loss 1.3673 Acc 0.5086 AUC 0.8319 Pre 0.4144 Rec 0.4877
2026-08-30 01:55:51 | Diag logvar_q_mean=-0.9812 logvar_q_clamp=0.0000 logvar_p_mean=-0.9800 logvar_p_clamp=0.0000
2026-08-30 01:55:55 | Epoch 238/400 | Train Loss 1.2811 Acc 0.4992 | Val Loss 1.4015 Acc 0.4988 AUC 0.8316 Pre 0.4118 Rec 0.4875
2026-08-30 01:55:55 | Diag logvar_q_mean=-0.9864 logvar_q_clamp=0.0000 logvar_p_mean=-0.9851 logvar_p_clamp=0.0000
2026-08-30 01:55:59 | Epoch 239/400 | Train Loss 1.2893 Acc 0.4988 | Val Loss 1.3860 Acc 0.5079 AUC 0.8317 Pre 0.4143 Rec 0.4870
2026-08-30 01:55:59 | Diag logvar_q_mean=-0.9910 logvar_q_clamp=0.0000 logvar_p_mean=-0.9896 logvar_p_clamp=0.0000
2026-08-30 01:56:02 | Epoch 240/400 | Train Loss 1.2888 Acc 0.4999 | Val Loss 1.3719 Acc 0.5095 AUC 0.8322 Pre 0.4136 Rec 0.4886
2026-08-30 01:56:03 | Diag logvar_q_mean=-0.9959 logvar_q_clamp=0.0000 logvar_p_mean=-0.9946 logvar_p_clamp=0.0000
2026-08-30 01:56:06 | Epoch 241/400 | Train Loss 1.2831 Acc 0.4998 | Val Loss 1.3802 Acc 0.5081 AUC 0.8318 Pre 0.4143 Rec 0.4872
2026-08-30 01:56:07 | Diag logvar_q_mean=-1.0002 logvar_q_clamp=0.0000 logvar_p_mean=-0.9988 logvar_p_clamp=0.0000
2026-08-30 01:56:10 | Epoch 242/400 | Train Loss 1.2787 Acc 0.4968 | Val Loss 1.3992 Acc 0.5031 AUC 0.8320 Pre 0.4178 Rec 0.4883
2026-08-30 01:56:11 | Diag logvar_q_mean=-1.0053 logvar_q_clamp=0.0000 logvar_p_mean=-1.0039 logvar_p_clamp=0.0000
2026-08-30 01:56:14 | Epoch 243/400 | Train Loss 1.2923 Acc 0.4996 | Val Loss 1.3914 Acc 0.5085 AUC 0.8318 Pre 0.4142 Rec 0.4876
2026-08-30 01:56:14 | Diag logvar_q_mean=-1.0097 logvar_q_clamp=0.0000 logvar_p_mean=-1.0084 logvar_p_clamp=0.0000
2026-08-30 01:56:18 | Epoch 244/400 | Train Loss 1.3053 Acc 0.4975 | Val Loss 1.3891 Acc 0.5086 AUC 0.8322 Pre 0.4144 Rec 0.4877
2026-08-30 01:56:18 | Diag logvar_q_mean=-1.0146 logvar_q_clamp=0.0000 logvar_p_mean=-1.0132 logvar_p_clamp=0.0000
2026-08-30 01:56:21 | Epoch 245/400 | Train Loss 1.2903 Acc 0.4948 | Val Loss 1.3782 Acc 0.5084 AUC 0.8316 Pre 0.4145 Rec 0.4875
2026-08-30 01:56:22 | Diag logvar_q_mean=-1.0192 logvar_q_clamp=0.0000 logvar_p_mean=-1.0179 logvar_p_clamp=0.0000
2026-08-30 01:56:25 | Epoch 246/400 | Train Loss 1.2842 Acc 0.5014 | Val Loss 1.3673 Acc 0.5083 AUC 0.8321 Pre 0.4145 Rec 0.4874
2026-08-30 01:56:26 | Diag logvar_q_mean=-1.0234 logvar_q_clamp=0.0000 logvar_p_mean=-1.0221 logvar_p_clamp=0.0000
2026-08-30 01:56:29 | Epoch 247/400 | Train Loss 1.2852 Acc 0.4982 | Val Loss 1.3854 Acc 0.5080 AUC 0.8321 Pre 0.4139 Rec 0.4871
2026-08-30 01:56:30 | Diag logvar_q_mean=-1.0280 logvar_q_clamp=0.0000 logvar_p_mean=-1.0267 logvar_p_clamp=0.0000
2026-08-30 01:56:33 | Epoch 248/400 | Train Loss 1.2940 Acc 0.4990 | Val Loss 1.3626 Acc 0.4992 AUC 0.8322 Pre 0.4125 Rec 0.4880
2026-08-30 01:56:33 | Diag logvar_q_mean=-1.0329 logvar_q_clamp=0.0000 logvar_p_mean=-1.0314 logvar_p_clamp=0.0000
2026-08-30 01:56:37 | Epoch 249/400 | Train Loss 1.2959 Acc 0.4981 | Val Loss 1.3885 Acc 0.5052 AUC 0.8310 Pre 0.4144 Rec 0.4844
2026-08-30 01:56:37 | Diag logvar_q_mean=-1.0370 logvar_q_clamp=0.0000 logvar_p_mean=-1.0356 logvar_p_clamp=0.0000
2026-08-30 01:56:41 | Epoch 250/400 | Train Loss 1.2939 Acc 0.4985 | Val Loss 1.3758 Acc 0.5075 AUC 0.8313 Pre 0.4142 Rec 0.4866
2026-08-30 01:56:41 | Diag logvar_q_mean=-1.0417 logvar_q_clamp=0.0000 logvar_p_mean=-1.0402 logvar_p_clamp=0.0000
2026-08-30 01:56:45 | Epoch 251/400 | Train Loss 1.3012 Acc 0.4990 | Val Loss 1.3800 Acc 0.5085 AUC 0.8315 Pre 0.4141 Rec 0.4876
2026-08-30 01:56:45 | Diag logvar_q_mean=-1.0463 logvar_q_clamp=0.0000 logvar_p_mean=-1.0447 logvar_p_clamp=0.0000
2026-08-30 01:56:48 | Epoch 252/400 | Train Loss 1.2869 Acc 0.4991 | Val Loss 1.3861 Acc 0.5073 AUC 0.8315 Pre 0.4141 Rec 0.4865
2026-08-30 01:56:49 | Diag logvar_q_mean=-1.0508 logvar_q_clamp=0.0000 logvar_p_mean=-1.0495 logvar_p_clamp=0.0000
2026-08-30 01:56:52 | Epoch 253/400 | Train Loss 1.2802 Acc 0.5009 | Val Loss 1.3744 Acc 0.5085 AUC 0.8318 Pre 0.4144 Rec 0.4876
2026-08-30 01:56:53 | Diag logvar_q_mean=-1.0554 logvar_q_clamp=0.0000 logvar_p_mean=-1.0540 logvar_p_clamp=0.0000
2026-08-30 01:56:56 | Epoch 254/400 | Train Loss 1.2883 Acc 0.4968 | Val Loss 1.3671 Acc 0.5088 AUC 0.8321 Pre 0.4142 Rec 0.4879
2026-08-30 01:56:56 | Diag logvar_q_mean=-1.0601 logvar_q_clamp=0.0000 logvar_p_mean=-1.0588 logvar_p_clamp=0.0000
2026-08-30 01:57:00 | Epoch 255/400 | Train Loss 1.2814 Acc 0.4987 | Val Loss 1.4026 Acc 0.5077 AUC 0.8314 Pre 0.4143 Rec 0.4868
2026-08-30 01:57:00 | Diag logvar_q_mean=-1.0647 logvar_q_clamp=0.0000 logvar_p_mean=-1.0634 logvar_p_clamp=0.0000
2026-08-30 01:57:03 | Epoch 256/400 | Train Loss 1.2906 Acc 0.4986 | Val Loss 1.3849 Acc 0.5067 AUC 0.8314 Pre 0.4148 Rec 0.4858
2026-08-30 01:57:04 | Diag logvar_q_mean=-1.0695 logvar_q_clamp=0.0000 logvar_p_mean=-1.0680 logvar_p_clamp=0.0000
2026-08-30 01:57:07 | Epoch 257/400 | Train Loss 1.2945 Acc 0.4976 | Val Loss 1.3689 Acc 0.5073 AUC 0.8319 Pre 0.4145 Rec 0.4865
2026-08-30 01:57:07 | Diag logvar_q_mean=-1.0740 logvar_q_clamp=0.0000 logvar_p_mean=-1.0727 logvar_p_clamp=0.0000
2026-08-30 01:57:11 | Epoch 258/400 | Train Loss 1.2876 Acc 0.4999 | Val Loss 1.3959 Acc 0.5076 AUC 0.8313 Pre 0.4142 Rec 0.4867
2026-08-30 01:57:11 | Diag logvar_q_mean=-1.0784 logvar_q_clamp=0.0000 logvar_p_mean=-1.0770 logvar_p_clamp=0.0000
2026-08-30 01:57:14 | Epoch 259/400 | Train Loss 1.2883 Acc 0.4990 | Val Loss 1.3713 Acc 0.5093 AUC 0.8320 Pre 0.4138 Rec 0.4884
2026-08-30 01:57:15 | Diag logvar_q_mean=-1.0828 logvar_q_clamp=0.0000 logvar_p_mean=-1.0815 logvar_p_clamp=0.0000
2026-08-30 01:57:18 | Epoch 260/400 | Train Loss 1.2856 Acc 0.5000 | Val Loss 1.3954 Acc 0.5076 AUC 0.8318 Pre 0.4144 Rec 0.4867
2026-08-30 01:57:19 | Diag logvar_q_mean=-1.0873 logvar_q_clamp=0.0000 logvar_p_mean=-1.0858 logvar_p_clamp=0.0000
2026-08-30 01:57:22 | Epoch 261/400 | Train Loss 1.2897 Acc 0.4974 | Val Loss 1.3889 Acc 0.5079 AUC 0.8315 Pre 0.4143 Rec 0.4871
2026-08-30 01:57:23 | Diag logvar_q_mean=-1.0918 logvar_q_clamp=0.0000 logvar_p_mean=-1.0903 logvar_p_clamp=0.0000
2026-08-30 01:57:26 | Epoch 262/400 | Train Loss 1.2830 Acc 0.4970 | Val Loss 1.3736 Acc 0.4985 AUC 0.8324 Pre 0.4128 Rec 0.4873
2026-08-30 01:57:26 | Diag logvar_q_mean=-1.0963 logvar_q_clamp=0.0000 logvar_p_mean=-1.0949 logvar_p_clamp=0.0000
2026-08-30 01:57:30 | Epoch 263/400 | Train Loss 1.2916 Acc 0.4983 | Val Loss 1.3962 Acc 0.5082 AUC 0.8316 Pre 0.4139 Rec 0.4873
2026-08-30 01:57:30 | Diag logvar_q_mean=-1.1007 logvar_q_clamp=0.0000 logvar_p_mean=-1.0992 logvar_p_clamp=0.0000
2026-08-30 01:57:34 | Epoch 264/400 | Train Loss 1.2907 Acc 0.4986 | Val Loss 1.3634 Acc 0.5090 AUC 0.8325 Pre 0.4138 Rec 0.4881
2026-08-30 01:57:34 | Diag logvar_q_mean=-1.1051 logvar_q_clamp=0.0000 logvar_p_mean=-1.1037 logvar_p_clamp=0.0000
2026-08-30 01:57:37 | Epoch 265/400 | Train Loss 1.2879 Acc 0.4986 | Val Loss 1.3672 Acc 0.5085 AUC 0.8319 Pre 0.4148 Rec 0.4876
2026-08-30 01:57:38 | Diag logvar_q_mean=-1.1096 logvar_q_clamp=0.0000 logvar_p_mean=-1.1081 logvar_p_clamp=0.0000
2026-08-30 01:57:41 | Epoch 266/400 | Train Loss 1.2923 Acc 0.5009 | Val Loss 1.3651 Acc 0.5072 AUC 0.8316 Pre 0.4147 Rec 0.4863
2026-08-30 01:57:42 | Diag logvar_q_mean=-1.1138 logvar_q_clamp=0.0000 logvar_p_mean=-1.1124 logvar_p_clamp=0.0000
2026-08-30 01:57:45 | Epoch 267/400 | Train Loss 1.2829 Acc 0.4997 | Val Loss 1.3812 Acc 0.5002 AUC 0.8316 Pre 0.4134 Rec 0.4855
2026-08-30 01:57:45 | Diag logvar_q_mean=-1.1184 logvar_q_clamp=0.0000 logvar_p_mean=-1.1169 logvar_p_clamp=0.0000
2026-08-30 01:57:49 | Epoch 268/400 | Train Loss 1.2855 Acc 0.4972 | Val Loss 1.3745 Acc 0.5087 AUC 0.8318 Pre 0.4147 Rec 0.4878
2026-08-30 01:57:49 | Diag logvar_q_mean=-1.1231 logvar_q_clamp=0.0000 logvar_p_mean=-1.1217 logvar_p_clamp=0.0000
2026-08-30 01:57:53 | Epoch 269/400 | Train Loss 1.2804 Acc 0.5011 | Val Loss 1.3889 Acc 0.5086 AUC 0.8322 Pre 0.4137 Rec 0.4877
2026-08-30 01:57:53 | Diag logvar_q_mean=-1.1270 logvar_q_clamp=0.0000 logvar_p_mean=-1.1257 logvar_p_clamp=0.0000
2026-08-30 01:57:57 | Epoch 270/400 | Train Loss 1.2915 Acc 0.4978 | Val Loss 1.3674 Acc 0.5090 AUC 0.8321 Pre 0.4143 Rec 0.4881
2026-08-30 01:57:57 | Diag logvar_q_mean=-1.1319 logvar_q_clamp=0.0000 logvar_p_mean=-1.1305 logvar_p_clamp=0.0000
2026-08-30 01:58:00 | Epoch 271/400 | Train Loss 1.2772 Acc 0.4988 | Val Loss 1.3821 Acc 0.5078 AUC 0.8316 Pre 0.4144 Rec 0.4869
2026-08-30 01:58:01 | Diag logvar_q_mean=-1.1364 logvar_q_clamp=0.0000 logvar_p_mean=-1.1349 logvar_p_clamp=0.0000
2026-08-30 01:58:04 | Epoch 272/400 | Train Loss 1.3004 Acc 0.4989 | Val Loss 1.3805 Acc 0.5085 AUC 0.8318 Pre 0.4144 Rec 0.4876
2026-08-30 01:58:05 | Diag logvar_q_mean=-1.1406 logvar_q_clamp=0.0000 logvar_p_mean=-1.1393 logvar_p_clamp=0.0000
2026-08-30 01:58:08 | Epoch 273/400 | Train Loss 1.2901 Acc 0.4996 | Val Loss 1.3766 Acc 0.5069 AUC 0.8308 Pre 0.4142 Rec 0.4861
2026-08-30 01:58:09 | Diag logvar_q_mean=-1.1445 logvar_q_clamp=0.0000 logvar_p_mean=-1.1432 logvar_p_clamp=0.0000
2026-08-30 01:58:12 | Epoch 274/400 | Train Loss 1.2892 Acc 0.5002 | Val Loss 1.3891 Acc 0.5078 AUC 0.8312 Pre 0.4139 Rec 0.4870
2026-08-30 01:58:13 | Diag logvar_q_mean=-1.1488 logvar_q_clamp=0.0000 logvar_p_mean=-1.1475 logvar_p_clamp=0.0000
2026-08-30 01:58:16 | Epoch 275/400 | Train Loss 1.2928 Acc 0.4981 | Val Loss 1.3770 Acc 0.5086 AUC 0.8317 Pre 0.4305 Rec 0.4877
2026-08-30 01:58:16 | Diag logvar_q_mean=-1.1533 logvar_q_clamp=0.0000 logvar_p_mean=-1.1519 logvar_p_clamp=0.0000
2026-08-30 01:58:20 | Epoch 276/400 | Train Loss 1.2868 Acc 0.4958 | Val Loss 1.3752 Acc 0.5070 AUC 0.8309 Pre 0.4146 Rec 0.4861
2026-08-30 01:58:20 | Diag logvar_q_mean=-1.1580 logvar_q_clamp=0.0000 logvar_p_mean=-1.1566 logvar_p_clamp=0.0000
2026-08-30 01:58:24 | Epoch 277/400 | Train Loss 1.2889 Acc 0.4976 | Val Loss 1.3706 Acc 0.5080 AUC 0.8313 Pre 0.4144 Rec 0.4871
2026-08-30 01:58:24 | Diag logvar_q_mean=-1.1624 logvar_q_clamp=0.0000 logvar_p_mean=-1.1609 logvar_p_clamp=0.0000
2026-08-30 01:58:27 | Epoch 278/400 | Train Loss 1.2851 Acc 0.5005 | Val Loss 1.3872 Acc 0.5080 AUC 0.8312 Pre 0.4140 Rec 0.4871
2026-08-30 01:58:28 | Diag logvar_q_mean=-1.1667 logvar_q_clamp=0.0000 logvar_p_mean=-1.1654 logvar_p_clamp=0.0000
2026-08-30 01:58:31 | Epoch 279/400 | Train Loss 1.2836 Acc 0.4996 | Val Loss 1.3669 Acc 0.5089 AUC 0.8316 Pre 0.4141 Rec 0.4880
2026-08-30 01:58:32 | Diag logvar_q_mean=-1.1711 logvar_q_clamp=0.0000 logvar_p_mean=-1.1696 logvar_p_clamp=0.0000
2026-08-30 01:58:35 | Epoch 280/400 | Train Loss 1.2804 Acc 0.5004 | Val Loss 1.3645 Acc 0.5086 AUC 0.8313 Pre 0.4142 Rec 0.4877
2026-08-30 01:58:36 | Diag logvar_q_mean=-1.1754 logvar_q_clamp=0.0000 logvar_p_mean=-1.1741 logvar_p_clamp=0.0000
2026-08-30 01:58:39 | Epoch 281/400 | Train Loss 1.2853 Acc 0.5001 | Val Loss 1.3729 Acc 0.5080 AUC 0.8310 Pre 0.4142 Rec 0.4871
2026-08-30 01:58:39 | Diag logvar_q_mean=-1.1795 logvar_q_clamp=0.0000 logvar_p_mean=-1.1781 logvar_p_clamp=0.0000
2026-08-30 01:58:43 | Epoch 282/400 | Train Loss 1.2763 Acc 0.5003 | Val Loss 1.4057 Acc 0.5076 AUC 0.8313 Pre 0.4140 Rec 0.4867
2026-08-30 01:58:43 | Diag logvar_q_mean=-1.1840 logvar_q_clamp=0.0000 logvar_p_mean=-1.1827 logvar_p_clamp=0.0000
2026-08-30 01:58:46 | Epoch 283/400 | Train Loss 1.2821 Acc 0.5012 | Val Loss 1.3828 Acc 0.5085 AUC 0.8314 Pre 0.4139 Rec 0.4876
2026-08-30 01:58:47 | Diag logvar_q_mean=-1.1885 logvar_q_clamp=0.0000 logvar_p_mean=-1.1871 logvar_p_clamp=0.0000
2026-08-30 01:58:50 | Epoch 284/400 | Train Loss 1.2809 Acc 0.4994 | Val Loss 1.3913 Acc 0.5079 AUC 0.8312 Pre 0.4140 Rec 0.4870
2026-08-30 01:58:51 | Diag logvar_q_mean=-1.1930 logvar_q_clamp=0.0000 logvar_p_mean=-1.1916 logvar_p_clamp=0.0000
2026-08-30 01:58:54 | Epoch 285/400 | Train Loss 1.2861 Acc 0.5000 | Val Loss 1.4083 Acc 0.5070 AUC 0.8304 Pre 0.4139 Rec 0.4862
2026-08-30 01:58:55 | Diag logvar_q_mean=-1.1973 logvar_q_clamp=0.0000 logvar_p_mean=-1.1958 logvar_p_clamp=0.0000
2026-08-30 01:58:58 | Epoch 286/400 | Train Loss 1.2880 Acc 0.4992 | Val Loss 1.3978 Acc 0.5082 AUC 0.8313 Pre 0.4141 Rec 0.4874
2026-08-30 01:58:59 | Diag logvar_q_mean=-1.2016 logvar_q_clamp=0.0000 logvar_p_mean=-1.2002 logvar_p_clamp=0.0000
2026-08-30 01:59:02 | Epoch 287/400 | Train Loss 1.2821 Acc 0.5002 | Val Loss 1.4029 Acc 0.5081 AUC 0.8315 Pre 0.4137 Rec 0.4872
2026-08-30 01:59:02 | Diag logvar_q_mean=-1.2058 logvar_q_clamp=0.0000 logvar_p_mean=-1.2046 logvar_p_clamp=0.0000
2026-08-30 01:59:06 | Epoch 288/400 | Train Loss 1.2885 Acc 0.4990 | Val Loss 1.3817 Acc 0.5084 AUC 0.8312 Pre 0.4138 Rec 0.4876
2026-08-30 01:59:06 | Diag logvar_q_mean=-1.2099 logvar_q_clamp=0.0000 logvar_p_mean=-1.2086 logvar_p_clamp=0.0000
2026-08-30 01:59:10 | Epoch 289/400 | Train Loss 1.2976 Acc 0.4990 | Val Loss 1.3548 Acc 0.5071 AUC 0.8318 Pre 0.4146 Rec 0.4863
2026-08-30 01:59:10 | Diag logvar_q_mean=-1.2145 logvar_q_clamp=0.0000 logvar_p_mean=-1.2130 logvar_p_clamp=0.0000
2026-08-30 01:59:13 | Epoch 290/400 | Train Loss 1.2940 Acc 0.4993 | Val Loss 1.3859 Acc 0.5070 AUC 0.8319 Pre 0.4141 Rec 0.4862
2026-08-30 01:59:14 | Diag logvar_q_mean=-1.2188 logvar_q_clamp=0.0000 logvar_p_mean=-1.2172 logvar_p_clamp=0.0000
2026-08-30 01:59:17 | Epoch 291/400 | Train Loss 1.2875 Acc 0.5005 | Val Loss 1.4034 Acc 0.5077 AUC 0.8314 Pre 0.4141 Rec 0.4868
2026-08-30 01:59:18 | Diag logvar_q_mean=-1.2230 logvar_q_clamp=0.0000 logvar_p_mean=-1.2217 logvar_p_clamp=0.0000
2026-08-30 01:59:21 | Epoch 292/400 | Train Loss 1.2826 Acc 0.4994 | Val Loss 1.3916 Acc 0.5071 AUC 0.8315 Pre 0.4147 Rec 0.4862
2026-08-30 01:59:22 | Diag logvar_q_mean=-1.2272 logvar_q_clamp=0.0000 logvar_p_mean=-1.2258 logvar_p_clamp=0.0000
2026-08-30 01:59:25 | Epoch 293/400 | Train Loss 1.2841 Acc 0.5005 | Val Loss 1.4028 Acc 0.5085 AUC 0.8318 Pre 0.4136 Rec 0.4876
2026-08-30 01:59:25 | Diag logvar_q_mean=-1.2314 logvar_q_clamp=0.0000 logvar_p_mean=-1.2300 logvar_p_clamp=0.0000
2026-08-30 01:59:29 | Epoch 294/400 | Train Loss 1.2873 Acc 0.4978 | Val Loss 1.3931 Acc 0.5082 AUC 0.8312 Pre 0.4145 Rec 0.4873
2026-08-30 01:59:29 | Diag logvar_q_mean=-1.2356 logvar_q_clamp=0.0000 logvar_p_mean=-1.2340 logvar_p_clamp=0.0000
2026-08-30 01:59:33 | Epoch 295/400 | Train Loss 1.2788 Acc 0.5005 | Val Loss 1.4087 Acc 0.5082 AUC 0.8318 Pre 0.4139 Rec 0.4873
2026-08-30 01:59:33 | Diag logvar_q_mean=-1.2401 logvar_q_clamp=0.0000 logvar_p_mean=-1.2388 logvar_p_clamp=0.0000
2026-08-30 01:59:36 | Epoch 296/400 | Train Loss 1.2863 Acc 0.5016 | Val Loss 1.3971 Acc 0.5078 AUC 0.8315 Pre 0.4138 Rec 0.4870
2026-08-30 01:59:37 | Diag logvar_q_mean=-1.2443 logvar_q_clamp=0.0000 logvar_p_mean=-1.2429 logvar_p_clamp=0.0000
2026-08-30 01:59:40 | Epoch 297/400 | Train Loss 1.2856 Acc 0.4998 | Val Loss 1.4033 Acc 0.5078 AUC 0.8317 Pre 0.4145 Rec 0.4870
2026-08-30 01:59:41 | Diag logvar_q_mean=-1.2481 logvar_q_clamp=0.0000 logvar_p_mean=-1.2468 logvar_p_clamp=0.0000
2026-08-30 01:59:44 | Epoch 298/400 | Train Loss 1.2870 Acc 0.4977 | Val Loss 1.3888 Acc 0.5071 AUC 0.8312 Pre 0.4145 Rec 0.4863
2026-08-30 01:59:44 | Diag logvar_q_mean=-1.2525 logvar_q_clamp=0.0000 logvar_p_mean=-1.2512 logvar_p_clamp=0.0000
2026-08-30 01:59:48 | Epoch 299/400 | Train Loss 1.2879 Acc 0.4992 | Val Loss 1.3959 Acc 0.5090 AUC 0.8315 Pre 0.4145 Rec 0.4881
2026-08-30 01:59:48 | Diag logvar_q_mean=-1.2570 logvar_q_clamp=0.0000 logvar_p_mean=-1.2556 logvar_p_clamp=0.0000
2026-08-30 01:59:52 | Epoch 300/400 | Train Loss 1.2859 Acc 0.4999 | Val Loss 1.4131 Acc 0.5081 AUC 0.8315 Pre 0.4139 Rec 0.4872
2026-08-30 01:59:52 | Diag logvar_q_mean=-1.2608 logvar_q_clamp=0.0000 logvar_p_mean=-1.2594 logvar_p_clamp=0.0000
2026-08-30 01:59:56 | Epoch 301/400 | Train Loss 1.2806 Acc 0.4985 | Val Loss 1.4056 Acc 0.5082 AUC 0.8313 Pre 0.4144 Rec 0.4873
2026-08-30 01:59:56 | Diag logvar_q_mean=-1.2652 logvar_q_clamp=0.0000 logvar_p_mean=-1.2640 logvar_p_clamp=0.0000
2026-08-30 01:59:59 | Epoch 302/400 | Train Loss 1.2979 Acc 0.4994 | Val Loss 1.3925 Acc 0.5073 AUC 0.8307 Pre 0.4145 Rec 0.4865
2026-08-30 02:00:00 | Diag logvar_q_mean=-1.2692 logvar_q_clamp=0.0000 logvar_p_mean=-1.2679 logvar_p_clamp=0.0000
2026-08-30 02:00:03 | Epoch 303/400 | Train Loss 1.2750 Acc 0.5002 | Val Loss 1.3974 Acc 0.5064 AUC 0.8312 Pre 0.4138 Rec 0.4856
2026-08-30 02:00:04 | Diag logvar_q_mean=-1.2732 logvar_q_clamp=0.0000 logvar_p_mean=-1.2719 logvar_p_clamp=0.0000
2026-08-30 02:00:07 | Epoch 304/400 | Train Loss 1.2857 Acc 0.4988 | Val Loss 1.3983 Acc 0.4963 AUC 0.8308 Pre 0.4128 Rec 0.4852
2026-08-30 02:00:08 | Diag logvar_q_mean=-1.2774 logvar_q_clamp=0.0000 logvar_p_mean=-1.2760 logvar_p_clamp=0.0000
2026-08-30 02:00:11 | Epoch 305/400 | Train Loss 1.2899 Acc 0.5004 | Val Loss 1.4006 Acc 0.5073 AUC 0.8313 Pre 0.4141 Rec 0.4865
2026-08-30 02:00:11 | Diag logvar_q_mean=-1.2812 logvar_q_clamp=0.0000 logvar_p_mean=-1.2800 logvar_p_clamp=0.0000
2026-08-30 02:00:15 | Epoch 306/400 | Train Loss 1.2802 Acc 0.5015 | Val Loss 1.3962 Acc 0.5071 AUC 0.8312 Pre 0.4143 Rec 0.4863
2026-08-30 02:00:15 | Diag logvar_q_mean=-1.2854 logvar_q_clamp=0.0000 logvar_p_mean=-1.2840 logvar_p_clamp=0.0000
2026-08-30 02:00:18 | Epoch 307/400 | Train Loss 1.2788 Acc 0.5002 | Val Loss 1.4100 Acc 0.5059 AUC 0.8305 Pre 0.4145 Rec 0.4851
2026-08-30 02:00:19 | Diag logvar_q_mean=-1.2895 logvar_q_clamp=0.0000 logvar_p_mean=-1.2880 logvar_p_clamp=0.0000
2026-08-30 02:00:22 | Epoch 308/400 | Train Loss 1.2933 Acc 0.4987 | Val Loss 1.3876 Acc 0.5069 AUC 0.8315 Pre 0.4144 Rec 0.4861
2026-08-30 02:00:23 | Diag logvar_q_mean=-1.2937 logvar_q_clamp=0.0000 logvar_p_mean=-1.2922 logvar_p_clamp=0.0000
2026-08-30 02:00:26 | Epoch 309/400 | Train Loss 1.2900 Acc 0.4990 | Val Loss 1.3632 Acc 0.5073 AUC 0.8313 Pre 0.4149 Rec 0.4864
2026-08-30 02:00:27 | Diag logvar_q_mean=-1.2976 logvar_q_clamp=0.0000 logvar_p_mean=-1.2962 logvar_p_clamp=0.0000
2026-08-30 02:00:30 | Epoch 310/400 | Train Loss 1.2878 Acc 0.5003 | Val Loss 1.3864 Acc 0.5075 AUC 0.8318 Pre 0.4144 Rec 0.4867
2026-08-30 02:00:30 | Diag logvar_q_mean=-1.3016 logvar_q_clamp=0.0000 logvar_p_mean=-1.3001 logvar_p_clamp=0.0000
2026-08-30 02:00:34 | Epoch 311/400 | Train Loss 1.2908 Acc 0.4993 | Val Loss 1.3892 Acc 0.5076 AUC 0.8315 Pre 0.4146 Rec 0.4867
2026-08-30 02:00:34 | Diag logvar_q_mean=-1.3058 logvar_q_clamp=0.0000 logvar_p_mean=-1.3045 logvar_p_clamp=0.0000
2026-08-30 02:00:38 | Epoch 312/400 | Train Loss 1.2780 Acc 0.4983 | Val Loss 1.3970 Acc 0.5083 AUC 0.8316 Pre 0.4145 Rec 0.4874
2026-08-30 02:00:38 | Diag logvar_q_mean=-1.3101 logvar_q_clamp=0.0000 logvar_p_mean=-1.3087 logvar_p_clamp=0.0000
2026-08-30 02:00:41 | Epoch 313/400 | Train Loss 1.2788 Acc 0.4989 | Val Loss 1.3915 Acc 0.5089 AUC 0.8320 Pre 0.4147 Rec 0.4880
2026-08-30 02:00:42 | Diag logvar_q_mean=-1.3143 logvar_q_clamp=0.0000 logvar_p_mean=-1.3130 logvar_p_clamp=0.0000
2026-08-30 02:00:45 | Epoch 314/400 | Train Loss 1.2892 Acc 0.4997 | Val Loss 1.3924 Acc 0.5078 AUC 0.8318 Pre 0.4141 Rec 0.4870
2026-08-30 02:00:46 | Diag logvar_q_mean=-1.3181 logvar_q_clamp=0.0000 logvar_p_mean=-1.3165 logvar_p_clamp=0.0000
2026-08-30 02:00:49 | Epoch 315/400 | Train Loss 1.2836 Acc 0.4986 | Val Loss 1.3904 Acc 0.5076 AUC 0.8316 Pre 0.4148 Rec 0.4867
2026-08-30 02:00:50 | Diag logvar_q_mean=-1.3219 logvar_q_clamp=0.0000 logvar_p_mean=-1.3206 logvar_p_clamp=0.0000
2026-08-30 02:00:53 | Epoch 316/400 | Train Loss 1.2794 Acc 0.5006 | Val Loss 1.3926 Acc 0.5077 AUC 0.8316 Pre 0.4144 Rec 0.4868
2026-08-30 02:00:53 | Diag logvar_q_mean=-1.3257 logvar_q_clamp=0.0000 logvar_p_mean=-1.3243 logvar_p_clamp=0.0000
2026-08-30 02:00:57 | Epoch 317/400 | Train Loss 1.2803 Acc 0.4999 | Val Loss 1.4006 Acc 0.5075 AUC 0.8313 Pre 0.4144 Rec 0.4866
2026-08-30 02:00:57 | Diag logvar_q_mean=-1.3293 logvar_q_clamp=0.0000 logvar_p_mean=-1.3279 logvar_p_clamp=0.0000
2026-08-30 02:01:00 | Epoch 318/400 | Train Loss 1.2767 Acc 0.4989 | Val Loss 1.4006 Acc 0.5073 AUC 0.8312 Pre 0.4140 Rec 0.4865
2026-08-30 02:01:01 | Diag logvar_q_mean=-1.3334 logvar_q_clamp=0.0000 logvar_p_mean=-1.3321 logvar_p_clamp=0.0000
2026-08-30 02:01:04 | Epoch 319/400 | Train Loss 1.2812 Acc 0.4957 | Val Loss 1.3871 Acc 0.5068 AUC 0.8311 Pre 0.4142 Rec 0.4860
2026-08-30 02:01:05 | Diag logvar_q_mean=-1.3377 logvar_q_clamp=0.0000 logvar_p_mean=-1.3363 logvar_p_clamp=0.0000
2026-08-30 02:01:08 | Epoch 320/400 | Train Loss 1.2873 Acc 0.5010 | Val Loss 1.4047 Acc 0.5088 AUC 0.8321 Pre 0.4139 Rec 0.4879
2026-08-30 02:01:09 | Diag logvar_q_mean=-1.3419 logvar_q_clamp=0.0000 logvar_p_mean=-1.3405 logvar_p_clamp=0.0000
2026-08-30 02:01:12 | Epoch 321/400 | Train Loss 1.2931 Acc 0.4993 | Val Loss 1.3940 Acc 0.5089 AUC 0.8317 Pre 0.4135 Rec 0.4880
2026-08-30 02:01:12 | Diag logvar_q_mean=-1.3453 logvar_q_clamp=0.0000 logvar_p_mean=-1.3440 logvar_p_clamp=0.0000
2026-08-30 02:01:16 | Epoch 322/400 | Train Loss 1.2925 Acc 0.4989 | Val Loss 1.4031 Acc 0.5073 AUC 0.8314 Pre 0.4144 Rec 0.4865
2026-08-30 02:01:16 | Diag logvar_q_mean=-1.3492 logvar_q_clamp=0.0000 logvar_p_mean=-1.3478 logvar_p_clamp=0.0000
2026-08-30 02:01:19 | Epoch 323/400 | Train Loss 1.2856 Acc 0.4991 | Val Loss 1.3893 Acc 0.5078 AUC 0.8317 Pre 0.4141 Rec 0.4869
2026-08-30 02:01:20 | Diag logvar_q_mean=-1.3532 logvar_q_clamp=0.0000 logvar_p_mean=-1.3518 logvar_p_clamp=0.0000
2026-08-30 02:01:23 | Epoch 324/400 | Train Loss 1.2863 Acc 0.5006 | Val Loss 1.3783 Acc 0.5067 AUC 0.8304 Pre 0.4151 Rec 0.4858
2026-08-30 02:01:24 | Diag logvar_q_mean=-1.3573 logvar_q_clamp=0.0000 logvar_p_mean=-1.3559 logvar_p_clamp=0.0000
2026-08-30 02:01:27 | Epoch 325/400 | Train Loss 1.2794 Acc 0.5022 | Val Loss 1.3908 Acc 0.5065 AUC 0.8307 Pre 0.4145 Rec 0.4857
2026-08-30 02:01:28 | Diag logvar_q_mean=-1.3609 logvar_q_clamp=0.0000 logvar_p_mean=-1.3596 logvar_p_clamp=0.0000
2026-08-30 02:01:31 | Epoch 326/400 | Train Loss 1.2856 Acc 0.5010 | Val Loss 1.3861 Acc 0.5071 AUC 0.8320 Pre 0.4140 Rec 0.4862
2026-08-30 02:01:31 | Diag logvar_q_mean=-1.3649 logvar_q_clamp=0.0000 logvar_p_mean=-1.3635 logvar_p_clamp=0.0000
2026-08-30 02:01:35 | Epoch 327/400 | Train Loss 1.2926 Acc 0.4996 | Val Loss 1.3731 Acc 0.5068 AUC 0.8314 Pre 0.4149 Rec 0.4860
2026-08-30 02:01:35 | Diag logvar_q_mean=-1.3688 logvar_q_clamp=0.0000 logvar_p_mean=-1.3673 logvar_p_clamp=0.0000
2026-08-30 02:01:39 | Epoch 328/400 | Train Loss 1.2928 Acc 0.4973 | Val Loss 1.3688 Acc 0.5074 AUC 0.8310 Pre 0.4148 Rec 0.4865
2026-08-30 02:01:39 | Diag logvar_q_mean=-1.3730 logvar_q_clamp=0.0000 logvar_p_mean=-1.3716 logvar_p_clamp=0.0000
2026-08-30 02:01:42 | Epoch 329/400 | Train Loss 1.2811 Acc 0.4981 | Val Loss 1.3849 Acc 0.5059 AUC 0.8307 Pre 0.4145 Rec 0.4850
2026-08-30 02:01:43 | Diag logvar_q_mean=-1.3769 logvar_q_clamp=0.0000 logvar_p_mean=-1.3754 logvar_p_clamp=0.0000
2026-08-30 02:01:46 | Epoch 330/400 | Train Loss 1.2912 Acc 0.5019 | Val Loss 1.3739 Acc 0.5076 AUC 0.8317 Pre 0.4149 Rec 0.4867
2026-08-30 02:01:47 | Diag logvar_q_mean=-1.3806 logvar_q_clamp=0.0000 logvar_p_mean=-1.3792 logvar_p_clamp=0.0000
2026-08-30 02:01:50 | Epoch 331/400 | Train Loss 1.2853 Acc 0.4994 | Val Loss 1.4120 Acc 0.5066 AUC 0.8310 Pre 0.4139 Rec 0.4857
2026-08-30 02:01:51 | Diag logvar_q_mean=-1.3840 logvar_q_clamp=0.0000 logvar_p_mean=-1.3825 logvar_p_clamp=0.0000
2026-08-30 02:01:54 | Epoch 332/400 | Train Loss 1.2862 Acc 0.4988 | Val Loss 1.3723 Acc 0.5075 AUC 0.8316 Pre 0.4148 Rec 0.4866
2026-08-30 02:01:54 | Diag logvar_q_mean=-1.3880 logvar_q_clamp=0.0000 logvar_p_mean=-1.3865 logvar_p_clamp=0.0000
2026-08-30 02:01:58 | Epoch 333/400 | Train Loss 1.2732 Acc 0.4998 | Val Loss 1.3892 Acc 0.5061 AUC 0.8314 Pre 0.4147 Rec 0.4853
2026-08-30 02:01:58 | Diag logvar_q_mean=-1.3917 logvar_q_clamp=0.0000 logvar_p_mean=-1.3903 logvar_p_clamp=0.0000
2026-08-30 02:02:02 | Epoch 334/400 | Train Loss 1.2841 Acc 0.4991 | Val Loss 1.3795 Acc 0.5067 AUC 0.8314 Pre 0.4144 Rec 0.4858
2026-08-30 02:02:02 | Diag logvar_q_mean=-1.3957 logvar_q_clamp=0.0000 logvar_p_mean=-1.3943 logvar_p_clamp=0.0000
2026-08-30 02:02:05 | Epoch 335/400 | Train Loss 1.2843 Acc 0.4990 | Val Loss 1.3859 Acc 0.5066 AUC 0.8313 Pre 0.4141 Rec 0.4858
2026-08-30 02:02:06 | Diag logvar_q_mean=-1.3993 logvar_q_clamp=0.0000 logvar_p_mean=-1.3979 logvar_p_clamp=0.0000
2026-08-30 02:02:09 | Epoch 336/400 | Train Loss 1.2797 Acc 0.4990 | Val Loss 1.3791 Acc 0.5063 AUC 0.8307 Pre 0.4148 Rec 0.4855
2026-08-30 02:02:10 | Diag logvar_q_mean=-1.4036 logvar_q_clamp=0.0000 logvar_p_mean=-1.4021 logvar_p_clamp=0.0000
2026-08-30 02:02:13 | Epoch 337/400 | Train Loss 1.2857 Acc 0.4992 | Val Loss 1.4067 Acc 0.5060 AUC 0.8308 Pre 0.4143 Rec 0.4852
2026-08-30 02:02:14 | Diag logvar_q_mean=-1.4073 logvar_q_clamp=0.0000 logvar_p_mean=-1.4060 logvar_p_clamp=0.0000
2026-08-30 02:02:17 | Epoch 338/400 | Train Loss 1.2873 Acc 0.5007 | Val Loss 1.3997 Acc 0.5079 AUC 0.8318 Pre 0.4141 Rec 0.4870
2026-08-30 02:02:17 | Diag logvar_q_mean=-1.4112 logvar_q_clamp=0.0000 logvar_p_mean=-1.4098 logvar_p_clamp=0.0000
2026-08-30 02:02:21 | Epoch 339/400 | Train Loss 1.2795 Acc 0.4967 | Val Loss 1.3829 Acc 0.5074 AUC 0.8312 Pre 0.4142 Rec 0.4866
2026-08-30 02:02:21 | Diag logvar_q_mean=-1.4154 logvar_q_clamp=0.0000 logvar_p_mean=-1.4140 logvar_p_clamp=0.0000
2026-08-30 02:02:25 | Epoch 340/400 | Train Loss 1.2812 Acc 0.5000 | Val Loss 1.3865 Acc 0.5074 AUC 0.8318 Pre 0.4142 Rec 0.4865
2026-08-30 02:02:25 | Diag logvar_q_mean=-1.4192 logvar_q_clamp=0.0000 logvar_p_mean=-1.4178 logvar_p_clamp=0.0000
2026-08-30 02:02:28 | Epoch 341/400 | Train Loss 1.2932 Acc 0.4996 | Val Loss 1.3946 Acc 0.5070 AUC 0.8312 Pre 0.4141 Rec 0.4861
2026-08-30 02:02:29 | Diag logvar_q_mean=-1.4228 logvar_q_clamp=0.0000 logvar_p_mean=-1.4214 logvar_p_clamp=0.0000
2026-08-30 02:02:32 | Epoch 342/400 | Train Loss 1.2846 Acc 0.4989 | Val Loss 1.3562 Acc 0.5067 AUC 0.8314 Pre 0.4145 Rec 0.4859
2026-08-30 02:02:33 | Diag logvar_q_mean=-1.4262 logvar_q_clamp=0.0000 logvar_p_mean=-1.4249 logvar_p_clamp=0.0000
2026-08-30 02:02:36 | Epoch 343/400 | Train Loss 1.2812 Acc 0.4986 | Val Loss 1.3898 Acc 0.5075 AUC 0.8311 Pre 0.4148 Rec 0.4866
2026-08-30 02:02:37 | Diag logvar_q_mean=-1.4299 logvar_q_clamp=0.0000 logvar_p_mean=-1.4286 logvar_p_clamp=0.0000
2026-08-30 02:02:40 | Epoch 344/400 | Train Loss 1.2829 Acc 0.5021 | Val Loss 1.3924 Acc 0.5069 AUC 0.8310 Pre 0.4145 Rec 0.4861
2026-08-30 02:02:40 | Diag logvar_q_mean=-1.4338 logvar_q_clamp=0.0000 logvar_p_mean=-1.4323 logvar_p_clamp=0.0000
2026-08-30 02:02:44 | Epoch 345/400 | Train Loss 1.2901 Acc 0.4979 | Val Loss 1.3682 Acc 0.5061 AUC 0.8308 Pre 0.4151 Rec 0.4853
2026-08-30 02:02:44 | Diag logvar_q_mean=-1.4376 logvar_q_clamp=0.0000 logvar_p_mean=-1.4362 logvar_p_clamp=0.0000
2026-08-30 02:02:47 | Epoch 346/400 | Train Loss 1.2700 Acc 0.4983 | Val Loss 1.3726 Acc 0.5061 AUC 0.8307 Pre 0.4148 Rec 0.4852
2026-08-30 02:02:48 | Diag logvar_q_mean=-1.4418 logvar_q_clamp=0.0000 logvar_p_mean=-1.4404 logvar_p_clamp=0.0000
2026-08-30 02:02:51 | Epoch 347/400 | Train Loss 1.2813 Acc 0.4966 | Val Loss 1.3828 Acc 0.5068 AUC 0.8306 Pre 0.4145 Rec 0.4860
2026-08-30 02:02:52 | Diag logvar_q_mean=-1.4455 logvar_q_clamp=0.0000 logvar_p_mean=-1.4440 logvar_p_clamp=0.0000
2026-08-30 02:02:55 | Epoch 348/400 | Train Loss 1.2802 Acc 0.4980 | Val Loss 1.3763 Acc 0.5075 AUC 0.8311 Pre 0.4148 Rec 0.4866
2026-08-30 02:02:56 | Diag logvar_q_mean=-1.4494 logvar_q_clamp=0.0000 logvar_p_mean=-1.4480 logvar_p_clamp=0.0000
2026-08-30 02:02:59 | Epoch 349/400 | Train Loss 1.2748 Acc 0.4997 | Val Loss 1.3789 Acc 0.5087 AUC 0.8315 Pre 0.4141 Rec 0.4878
2026-08-30 02:03:00 | Diag logvar_q_mean=-1.4530 logvar_q_clamp=0.0000 logvar_p_mean=-1.4517 logvar_p_clamp=0.0000
2026-08-30 02:03:03 | Epoch 350/400 | Train Loss 1.2840 Acc 0.4992 | Val Loss 1.3815 Acc 0.5070 AUC 0.8309 Pre 0.4146 Rec 0.4862
2026-08-30 02:03:04 | Diag logvar_q_mean=-1.4569 logvar_q_clamp=0.0000 logvar_p_mean=-1.4555 logvar_p_clamp=0.0000
2026-08-30 02:03:07 | Epoch 351/400 | Train Loss 1.2835 Acc 0.4992 | Val Loss 1.3940 Acc 0.5078 AUC 0.8311 Pre 0.4146 Rec 0.4869
2026-08-30 02:03:08 | Diag logvar_q_mean=-1.4605 logvar_q_clamp=0.0000 logvar_p_mean=-1.4591 logvar_p_clamp=0.0000
2026-08-30 02:03:11 | Epoch 352/400 | Train Loss 1.2822 Acc 0.4997 | Val Loss 1.3734 Acc 0.5069 AUC 0.8310 Pre 0.4147 Rec 0.4860
2026-08-30 02:03:12 | Diag logvar_q_mean=-1.4644 logvar_q_clamp=0.0000 logvar_p_mean=-1.4630 logvar_p_clamp=0.0000
2026-08-30 02:03:15 | Epoch 353/400 | Train Loss 1.2871 Acc 0.4990 | Val Loss 1.3883 Acc 0.5085 AUC 0.8317 Pre 0.4145 Rec 0.4876
2026-08-30 02:03:15 | Diag logvar_q_mean=-1.4681 logvar_q_clamp=0.0000 logvar_p_mean=-1.4666 logvar_p_clamp=0.0000
2026-08-30 02:03:19 | Epoch 354/400 | Train Loss 1.2890 Acc 0.4993 | Val Loss 1.3740 Acc 0.5081 AUC 0.8313 Pre 0.4150 Rec 0.4872
2026-08-30 02:03:19 | Diag logvar_q_mean=-1.4715 logvar_q_clamp=0.0000 logvar_p_mean=-1.4703 logvar_p_clamp=0.0000
2026-08-30 02:03:23 | Epoch 355/400 | Train Loss 1.2826 Acc 0.5009 | Val Loss 1.3721 Acc 0.5074 AUC 0.8316 Pre 0.4145 Rec 0.4866
2026-08-30 02:03:23 | Diag logvar_q_mean=-1.4752 logvar_q_clamp=0.0000 logvar_p_mean=-1.4739 logvar_p_clamp=0.0000
2026-08-30 02:03:27 | Epoch 356/400 | Train Loss 1.2843 Acc 0.4997 | Val Loss 1.3580 Acc 0.5071 AUC 0.8310 Pre 0.4150 Rec 0.4863
2026-08-30 02:03:27 | Diag logvar_q_mean=-1.4789 logvar_q_clamp=0.0000 logvar_p_mean=-1.4776 logvar_p_clamp=0.0000
2026-08-30 02:03:30 | Epoch 357/400 | Train Loss 1.2823 Acc 0.4992 | Val Loss 1.3636 Acc 0.5071 AUC 0.8313 Pre 0.4149 Rec 0.4863
2026-08-30 02:03:31 | Diag logvar_q_mean=-1.4827 logvar_q_clamp=0.0000 logvar_p_mean=-1.4814 logvar_p_clamp=0.0000
2026-08-30 02:03:34 | Epoch 358/400 | Train Loss 1.2814 Acc 0.4996 | Val Loss 1.3760 Acc 0.5069 AUC 0.8312 Pre 0.4149 Rec 0.4860
2026-08-30 02:03:35 | Diag logvar_q_mean=-1.4869 logvar_q_clamp=0.0000 logvar_p_mean=-1.4854 logvar_p_clamp=0.0000
2026-08-30 02:03:38 | Epoch 359/400 | Train Loss 1.2826 Acc 0.5000 | Val Loss 1.3879 Acc 0.5074 AUC 0.8316 Pre 0.4142 Rec 0.4865
2026-08-30 02:03:39 | Diag logvar_q_mean=-1.4905 logvar_q_clamp=0.0000 logvar_p_mean=-1.4891 logvar_p_clamp=0.0000
2026-08-30 02:03:42 | Epoch 360/400 | Train Loss 1.2872 Acc 0.4985 | Val Loss 1.4084 Acc 0.5074 AUC 0.8312 Pre 0.4137 Rec 0.4865
2026-08-30 02:03:43 | Diag logvar_q_mean=-1.4942 logvar_q_clamp=0.0000 logvar_p_mean=-1.4928 logvar_p_clamp=0.0000
2026-08-30 02:03:46 | Epoch 361/400 | Train Loss 1.2849 Acc 0.5012 | Val Loss 1.3888 Acc 0.5078 AUC 0.8317 Pre 0.4144 Rec 0.4869
2026-08-30 02:03:46 | Diag logvar_q_mean=-1.4976 logvar_q_clamp=0.0000 logvar_p_mean=-1.4963 logvar_p_clamp=0.0000
2026-08-30 02:03:50 | Epoch 362/400 | Train Loss 1.2829 Acc 0.4995 | Val Loss 1.4034 Acc 0.5089 AUC 0.8316 Pre 0.4142 Rec 0.4880
2026-08-30 02:03:50 | Diag logvar_q_mean=-1.5015 logvar_q_clamp=0.0000 logvar_p_mean=-1.5001 logvar_p_clamp=0.0000
2026-08-30 02:03:54 | Epoch 363/400 | Train Loss 1.2823 Acc 0.4990 | Val Loss 1.3970 Acc 0.5082 AUC 0.8314 Pre 0.4144 Rec 0.4873
2026-08-30 02:03:54 | Diag logvar_q_mean=-1.5053 logvar_q_clamp=0.0000 logvar_p_mean=-1.5040 logvar_p_clamp=0.0000
2026-08-30 02:03:57 | Epoch 364/400 | Train Loss 1.2751 Acc 0.4997 | Val Loss 1.4087 Acc 0.5075 AUC 0.8311 Pre 0.4144 Rec 0.4867
2026-08-30 02:03:58 | Diag logvar_q_mean=-1.5094 logvar_q_clamp=0.0000 logvar_p_mean=-1.5080 logvar_p_clamp=0.0000
2026-08-30 02:04:01 | Epoch 365/400 | Train Loss 1.2787 Acc 0.4978 | Val Loss 1.3979 Acc 0.5083 AUC 0.8317 Pre 0.4138 Rec 0.4874
2026-08-30 02:04:02 | Diag logvar_q_mean=-1.5131 logvar_q_clamp=0.0000 logvar_p_mean=-1.5118 logvar_p_clamp=0.0000
2026-08-30 02:04:05 | Epoch 366/400 | Train Loss 1.2766 Acc 0.5000 | Val Loss 1.3949 Acc 0.5090 AUC 0.8319 Pre 0.4141 Rec 0.4881
2026-08-30 02:04:06 | Diag logvar_q_mean=-1.5164 logvar_q_clamp=0.0000 logvar_p_mean=-1.5151 logvar_p_clamp=0.0000
2026-08-30 02:04:09 | Epoch 367/400 | Train Loss 1.2814 Acc 0.4989 | Val Loss 1.3987 Acc 0.5073 AUC 0.8308 Pre 0.4148 Rec 0.4865
2026-08-30 02:04:09 | Diag logvar_q_mean=-1.5203 logvar_q_clamp=0.0000 logvar_p_mean=-1.5189 logvar_p_clamp=0.0000
2026-08-30 02:04:13 | Epoch 368/400 | Train Loss 1.2761 Acc 0.5006 | Val Loss 1.3971 Acc 0.5064 AUC 0.8308 Pre 0.4146 Rec 0.4855
2026-08-30 02:04:13 | Diag logvar_q_mean=-1.5241 logvar_q_clamp=0.0000 logvar_p_mean=-1.5227 logvar_p_clamp=0.0000
2026-08-30 02:04:17 | Epoch 369/400 | Train Loss 1.2832 Acc 0.5012 | Val Loss 1.3855 Acc 0.5077 AUC 0.8313 Pre 0.4145 Rec 0.4868
2026-08-30 02:04:17 | Diag logvar_q_mean=-1.5278 logvar_q_clamp=0.0000 logvar_p_mean=-1.5263 logvar_p_clamp=0.0000
2026-08-30 02:04:20 | Epoch 370/400 | Train Loss 1.2850 Acc 0.4997 | Val Loss 1.4115 Acc 0.5069 AUC 0.8309 Pre 0.4143 Rec 0.4861
2026-08-30 02:04:21 | Diag logvar_q_mean=-1.5315 logvar_q_clamp=0.0000 logvar_p_mean=-1.5301 logvar_p_clamp=0.0000
2026-08-30 02:04:24 | Epoch 371/400 | Train Loss 1.2838 Acc 0.5007 | Val Loss 1.4115 Acc 0.5074 AUC 0.8314 Pre 0.4138 Rec 0.4865
2026-08-30 02:04:25 | Diag logvar_q_mean=-1.5350 logvar_q_clamp=0.0000 logvar_p_mean=-1.5336 logvar_p_clamp=0.0000
2026-08-30 02:04:28 | Epoch 372/400 | Train Loss 1.2837 Acc 0.4992 | Val Loss 1.3875 Acc 0.5076 AUC 0.8307 Pre 0.4143 Rec 0.4867
2026-08-30 02:04:28 | Diag logvar_q_mean=-1.5385 logvar_q_clamp=0.0000 logvar_p_mean=-1.5371 logvar_p_clamp=0.0000
2026-08-30 02:04:32 | Epoch 373/400 | Train Loss 1.2914 Acc 0.4980 | Val Loss 1.4001 Acc 0.5094 AUC 0.8319 Pre 0.4138 Rec 0.4884
2026-08-30 02:04:32 | Diag logvar_q_mean=-1.5422 logvar_q_clamp=0.0000 logvar_p_mean=-1.5408 logvar_p_clamp=0.0000
2026-08-30 02:04:36 | Epoch 374/400 | Train Loss 1.2814 Acc 0.5003 | Val Loss 1.3878 Acc 0.5073 AUC 0.8312 Pre 0.4147 Rec 0.4865
2026-08-30 02:04:36 | Diag logvar_q_mean=-1.5458 logvar_q_clamp=0.0000 logvar_p_mean=-1.5444 logvar_p_clamp=0.0000
2026-08-30 02:04:39 | Epoch 375/400 | Train Loss 1.2827 Acc 0.5011 | Val Loss 1.4113 Acc 0.5072 AUC 0.8311 Pre 0.4143 Rec 0.4863
2026-08-30 02:04:40 | Diag logvar_q_mean=-1.5488 logvar_q_clamp=0.0000 logvar_p_mean=-1.5474 logvar_p_clamp=0.0000
2026-08-30 02:04:43 | Epoch 376/400 | Train Loss 1.2822 Acc 0.5007 | Val Loss 1.3865 Acc 0.5063 AUC 0.8309 Pre 0.4148 Rec 0.4855
2026-08-30 02:04:44 | Diag logvar_q_mean=-1.5525 logvar_q_clamp=0.0000 logvar_p_mean=-1.5511 logvar_p_clamp=0.0000
2026-08-30 02:04:47 | Epoch 377/400 | Train Loss 1.2822 Acc 0.4977 | Val Loss 1.3797 Acc 0.5070 AUC 0.8312 Pre 0.4146 Rec 0.4861
2026-08-30 02:04:48 | Diag logvar_q_mean=-1.5562 logvar_q_clamp=0.0000 logvar_p_mean=-1.5549 logvar_p_clamp=0.0000
2026-08-30 02:04:51 | Epoch 378/400 | Train Loss 1.2916 Acc 0.4992 | Val Loss 1.3967 Acc 0.5086 AUC 0.8319 Pre 0.4141 Rec 0.4877
2026-08-30 02:04:52 | Diag logvar_q_mean=-1.5597 logvar_q_clamp=0.0000 logvar_p_mean=-1.5584 logvar_p_clamp=0.0000
2026-08-30 02:04:55 | Epoch 379/400 | Train Loss 1.2780 Acc 0.5006 | Val Loss 1.4032 Acc 0.5079 AUC 0.8315 Pre 0.4138 Rec 0.4870
2026-08-30 02:04:55 | Diag logvar_q_mean=-1.5634 logvar_q_clamp=0.0000 logvar_p_mean=-1.5621 logvar_p_clamp=0.0000
2026-08-30 02:04:59 | Epoch 380/400 | Train Loss 1.2757 Acc 0.5025 | Val Loss 1.4112 Acc 0.5069 AUC 0.8308 Pre 0.4141 Rec 0.4860
2026-08-30 02:04:59 | Diag logvar_q_mean=-1.5670 logvar_q_clamp=0.0000 logvar_p_mean=-1.5656 logvar_p_clamp=0.0000
2026-08-30 02:05:02 | Epoch 381/400 | Train Loss 1.2736 Acc 0.4978 | Val Loss 1.4051 Acc 0.5067 AUC 0.8313 Pre 0.4140 Rec 0.4858
2026-08-30 02:05:03 | Diag logvar_q_mean=-1.5709 logvar_q_clamp=0.0000 logvar_p_mean=-1.5696 logvar_p_clamp=0.0000
2026-08-30 02:05:06 | Epoch 382/400 | Train Loss 1.2741 Acc 0.4994 | Val Loss 1.3986 Acc 0.5069 AUC 0.8307 Pre 0.4144 Rec 0.4861
2026-08-30 02:05:07 | Diag logvar_q_mean=-1.5744 logvar_q_clamp=0.0000 logvar_p_mean=-1.5731 logvar_p_clamp=0.0000
2026-08-30 02:05:10 | Epoch 383/400 | Train Loss 1.2900 Acc 0.4959 | Val Loss 1.3834 Acc 0.5077 AUC 0.8315 Pre 0.4141 Rec 0.4868
2026-08-30 02:05:11 | Diag logvar_q_mean=-1.5780 logvar_q_clamp=0.0000 logvar_p_mean=-1.5766 logvar_p_clamp=0.0000
2026-08-30 02:05:14 | Epoch 384/400 | Train Loss 1.2766 Acc 0.5030 | Val Loss 1.3831 Acc 0.5069 AUC 0.8312 Pre 0.4145 Rec 0.4861
2026-08-30 02:05:14 | Diag logvar_q_mean=-1.5808 logvar_q_clamp=0.0000 logvar_p_mean=-1.5794 logvar_p_clamp=0.0000
2026-08-30 02:05:18 | Epoch 385/400 | Train Loss 1.2781 Acc 0.4999 | Val Loss 1.3952 Acc 0.5084 AUC 0.8312 Pre 0.4139 Rec 0.4875
2026-08-30 02:05:18 | Diag logvar_q_mean=-1.5843 logvar_q_clamp=0.0000 logvar_p_mean=-1.5829 logvar_p_clamp=0.0000
2026-08-30 02:05:21 | Epoch 386/400 | Train Loss 1.2781 Acc 0.4997 | Val Loss 1.4174 Acc 0.5058 AUC 0.8301 Pre 0.4144 Rec 0.4850
2026-08-30 02:05:22 | Diag logvar_q_mean=-1.5877 logvar_q_clamp=0.0000 logvar_p_mean=-1.5863 logvar_p_clamp=0.0000
2026-08-30 02:05:25 | Epoch 387/400 | Train Loss 1.2709 Acc 0.5008 | Val Loss 1.3854 Acc 0.5070 AUC 0.8307 Pre 0.4148 Rec 0.4861
2026-08-30 02:05:26 | Diag logvar_q_mean=-1.5912 logvar_q_clamp=0.0000 logvar_p_mean=-1.5898 logvar_p_clamp=0.0000
2026-08-30 02:05:29 | Epoch 388/400 | Train Loss 1.2829 Acc 0.4992 | Val Loss 1.4181 Acc 0.5076 AUC 0.8311 Pre 0.4138 Rec 0.4868
2026-08-30 02:05:30 | Diag logvar_q_mean=-1.5950 logvar_q_clamp=0.0000 logvar_p_mean=-1.5935 logvar_p_clamp=0.0000
2026-08-30 02:05:33 | Epoch 389/400 | Train Loss 1.2785 Acc 0.5007 | Val Loss 1.4091 Acc 0.5061 AUC 0.8305 Pre 0.4145 Rec 0.4852
2026-08-30 02:05:34 | Diag logvar_q_mean=-1.5983 logvar_q_clamp=0.0000 logvar_p_mean=-1.5971 logvar_p_clamp=0.0000
2026-08-30 02:05:37 | Epoch 390/400 | Train Loss 1.2787 Acc 0.5023 | Val Loss 1.3903 Acc 0.5074 AUC 0.8314 Pre 0.4141 Rec 0.4866
2026-08-30 02:05:37 | Diag logvar_q_mean=-1.6014 logvar_q_clamp=0.0000 logvar_p_mean=-1.6002 logvar_p_clamp=0.0000
2026-08-30 02:05:41 | Epoch 391/400 | Train Loss 1.2777 Acc 0.5009 | Val Loss 1.3660 Acc 0.5070 AUC 0.8313 Pre 0.4146 Rec 0.4862
2026-08-30 02:05:41 | Diag logvar_q_mean=-1.6049 logvar_q_clamp=0.0000 logvar_p_mean=-1.6035 logvar_p_clamp=0.0000
2026-08-30 02:05:45 | Epoch 392/400 | Train Loss 1.2788 Acc 0.5002 | Val Loss 1.3844 Acc 0.5075 AUC 0.8312 Pre 0.4145 Rec 0.4866
2026-08-30 02:05:45 | Diag logvar_q_mean=-1.6087 logvar_q_clamp=0.0000 logvar_p_mean=-1.6074 logvar_p_clamp=0.0000
2026-08-30 02:05:48 | Epoch 393/400 | Train Loss 1.2822 Acc 0.4996 | Val Loss 1.4060 Acc 0.5071 AUC 0.8313 Pre 0.4140 Rec 0.4862
2026-08-30 02:05:49 | Diag logvar_q_mean=-1.6126 logvar_q_clamp=0.0000 logvar_p_mean=-1.6110 logvar_p_clamp=0.0000
2026-08-30 02:05:52 | Epoch 394/400 | Train Loss 1.2813 Acc 0.5000 | Val Loss 1.4197 Acc 0.5068 AUC 0.8310 Pre 0.4139 Rec 0.4859
2026-08-30 02:05:53 | Diag logvar_q_mean=-1.6159 logvar_q_clamp=0.0000 logvar_p_mean=-1.6145 logvar_p_clamp=0.0000
2026-08-30 02:05:56 | Epoch 395/400 | Train Loss 1.2650 Acc 0.5025 | Val Loss 1.4127 Acc 0.5071 AUC 0.8307 Pre 0.4146 Rec 0.4863
2026-08-30 02:05:57 | Diag logvar_q_mean=-1.6190 logvar_q_clamp=0.0000 logvar_p_mean=-1.6176 logvar_p_clamp=0.0000
2026-08-30 02:06:00 | Epoch 396/400 | Train Loss 1.2781 Acc 0.5009 | Val Loss 1.4012 Acc 0.5081 AUC 0.8307 Pre 0.4142 Rec 0.4872
2026-08-30 02:06:00 | Diag logvar_q_mean=-1.6223 logvar_q_clamp=0.0000 logvar_p_mean=-1.6210 logvar_p_clamp=0.0000
2026-08-30 02:06:04 | Epoch 397/400 | Train Loss 1.2757 Acc 0.5019 | Val Loss 1.4123 Acc 0.5072 AUC 0.8307 Pre 0.4141 Rec 0.4864
2026-08-30 02:06:04 | Diag logvar_q_mean=-1.6257 logvar_q_clamp=0.0000 logvar_p_mean=-1.6243 logvar_p_clamp=0.0000
2026-08-30 02:06:08 | Epoch 398/400 | Train Loss 1.2782 Acc 0.5007 | Val Loss 1.3909 Acc 0.5073 AUC 0.8312 Pre 0.4142 Rec 0.4865
2026-08-30 02:06:08 | Diag logvar_q_mean=-1.6291 logvar_q_clamp=0.0000 logvar_p_mean=-1.6277 logvar_p_clamp=0.0000
2026-08-30 02:06:11 | Epoch 399/400 | Train Loss 1.2882 Acc 0.4998 | Val Loss 1.4153 Acc 0.5080 AUC 0.8313 Pre 0.4142 Rec 0.4871
2026-08-30 02:06:12 | Diag logvar_q_mean=-1.6326 logvar_q_clamp=0.0000 logvar_p_mean=-1.6313 logvar_p_clamp=0.0000
2026-08-30 02:06:15 | Epoch 400/400 | Train Loss 1.2802 Acc 0.4994 | Val Loss 1.4051 Acc 0.5080 AUC 0.8316 Pre 0.4141 Rec 0.4872
2026-08-30 02:06:16 | Diag logvar_q_mean=-1.6362 logvar_q_clamp=0.0000 logvar_p_mean=-1.6349 logvar_p_clamp=0.0000
2026-08-30 02:06:16 | Run 4/5 | Test (best model @ Epoch 5) | Loss 1.5898 Acc 0.4978 AUC 0.8348 Pre 0.3772 Rec 0.4869
2026-08-30 02:06:16 | ===== Run 5/5 (seed 4) =====
2026-08-30 02:06:20 | Epoch   1/400 | Train Loss 2.4176 Acc 0.1085 | Val Loss 2.2795 Acc 0.2130 AUC 0.6051 Pre 0.0891 Rec 0.1944
2026-08-30 02:06:20 | Diag logvar_q_mean=-0.0107 logvar_q_clamp=0.0000 logvar_p_mean=-0.0105 logvar_p_clamp=0.0000
2026-08-30 02:06:20 |   Val AUC improved to 0.6051, model saved
2026-08-30 02:06:23 | Epoch   2/400 | Train Loss 2.3097 Acc 0.1383 | Val Loss 2.2267 Acc 0.2160 AUC 0.6051 Pre 0.1032 Rec 0.1973
2026-08-30 02:06:24 | Diag logvar_q_mean=-0.0184 logvar_q_clamp=0.0000 logvar_p_mean=-0.0182 logvar_p_clamp=0.0000
2026-08-30 02:06:27 | Epoch   3/400 | Train Loss 2.2726 Acc 0.1575 | Val Loss 2.1594 Acc 0.2165 AUC 0.6054 Pre 0.1057 Rec 0.1977
2026-08-30 02:06:28 | Diag logvar_q_mean=-0.0193 logvar_q_clamp=0.0000 logvar_p_mean=-0.0188 logvar_p_clamp=0.0000
2026-08-30 02:06:28 |   Val AUC improved to 0.6054, model saved
2026-08-30 02:06:31 | Epoch   4/400 | Train Loss 2.2326 Acc 0.1720 | Val Loss 2.0765 Acc 0.2172 AUC 0.6058 Pre 0.1087 Rec 0.1984
2026-08-30 02:06:32 | Diag logvar_q_mean=-0.0197 logvar_q_clamp=0.0000 logvar_p_mean=-0.0193 logvar_p_clamp=0.0000
2026-08-30 02:06:32 |   Val AUC improved to 0.6058, model saved
2026-08-30 02:06:35 | Epoch   5/400 | Train Loss 2.1749 Acc 0.1877 | Val Loss 2.0299 Acc 0.2169 AUC 0.6055 Pre 0.1086 Rec 0.1981
2026-08-30 02:06:35 | Diag logvar_q_mean=-0.0203 logvar_q_clamp=0.0000 logvar_p_mean=-0.0197 logvar_p_clamp=0.0000
2026-08-30 02:06:39 | Epoch   6/400 | Train Loss 2.1585 Acc 0.1930 | Val Loss 2.0190 Acc 0.2170 AUC 0.6055 Pre 0.1095 Rec 0.1982
2026-08-30 02:06:39 | Diag logvar_q_mean=-0.0201 logvar_q_clamp=0.0000 logvar_p_mean=-0.0193 logvar_p_clamp=0.0000
2026-08-30 02:06:43 | Epoch   7/400 | Train Loss 2.1556 Acc 0.1888 | Val Loss 2.0091 Acc 0.2170 AUC 0.6062 Pre 0.1107 Rec 0.1982
2026-08-30 02:06:43 | Diag logvar_q_mean=-0.0204 logvar_q_clamp=0.0000 logvar_p_mean=-0.0194 logvar_p_clamp=0.0000
2026-08-30 02:06:43 |   Val AUC improved to 0.6062, model saved
2026-08-30 02:06:46 | Epoch   8/400 | Train Loss 2.1496 Acc 0.1917 | Val Loss 2.0019 Acc 0.2167 AUC 0.6055 Pre 0.1102 Rec 0.1980
2026-08-30 02:06:47 | Diag logvar_q_mean=-0.0206 logvar_q_clamp=0.0000 logvar_p_mean=-0.0201 logvar_p_clamp=0.0000
2026-08-30 02:06:50 | Epoch   9/400 | Train Loss 2.1332 Acc 0.1939 | Val Loss 2.0010 Acc 0.2170 AUC 0.6060 Pre 0.1109 Rec 0.1982
2026-08-30 02:06:51 | Diag logvar_q_mean=-0.0235 logvar_q_clamp=0.0000 logvar_p_mean=-0.0227 logvar_p_clamp=0.0000
2026-08-30 02:06:54 | Epoch  10/400 | Train Loss 2.1212 Acc 0.1997 | Val Loss 1.9907 Acc 0.2172 AUC 0.6069 Pre 0.1103 Rec 0.1984
2026-08-30 02:06:54 | Diag logvar_q_mean=-0.0252 logvar_q_clamp=0.0000 logvar_p_mean=-0.0249 logvar_p_clamp=0.0000
2026-08-30 02:06:54 |   Val AUC improved to 0.6069, model saved
2026-08-30 02:06:58 | Epoch  11/400 | Train Loss 2.1237 Acc 0.1954 | Val Loss 1.9944 Acc 0.2154 AUC 0.6061 Pre 0.1333 Rec 0.1988
2026-08-30 02:06:58 | Diag logvar_q_mean=-0.0265 logvar_q_clamp=0.0000 logvar_p_mean=-0.0266 logvar_p_clamp=0.0000
2026-08-30 02:07:02 | Epoch  12/400 | Train Loss 2.1152 Acc 0.1962 | Val Loss 1.9876 Acc 0.2170 AUC 0.6060 Pre 0.1102 Rec 0.1982
2026-08-30 02:07:02 | Diag logvar_q_mean=-0.0296 logvar_q_clamp=0.0000 logvar_p_mean=-0.0287 logvar_p_clamp=0.0000
2026-08-30 02:07:05 | Epoch  13/400 | Train Loss 2.1144 Acc 0.1976 | Val Loss 1.9905 Acc 0.2172 AUC 0.6061 Pre 0.1105 Rec 0.1984
2026-08-30 02:07:06 | Diag logvar_q_mean=-0.0320 logvar_q_clamp=0.0000 logvar_p_mean=-0.0317 logvar_p_clamp=0.0000
2026-08-30 02:07:09 | Epoch  14/400 | Train Loss 2.1127 Acc 0.2000 | Val Loss 1.9893 Acc 0.2155 AUC 0.6067 Pre 0.1291 Rec 0.1989
2026-08-30 02:07:10 | Diag logvar_q_mean=-0.0353 logvar_q_clamp=0.0000 logvar_p_mean=-0.0347 logvar_p_clamp=0.0000
2026-08-30 02:07:13 | Epoch  15/400 | Train Loss 2.1097 Acc 0.1983 | Val Loss 1.9900 Acc 0.2171 AUC 0.6062 Pre 0.1097 Rec 0.1983
2026-08-30 02:07:14 | Diag logvar_q_mean=-0.0384 logvar_q_clamp=0.0000 logvar_p_mean=-0.0384 logvar_p_clamp=0.0000
2026-08-30 02:07:17 | Epoch  16/400 | Train Loss 2.1112 Acc 0.1986 | Val Loss 1.9836 Acc 0.2171 AUC 0.6063 Pre 0.1106 Rec 0.1983
2026-08-30 02:07:18 | Diag logvar_q_mean=-0.0420 logvar_q_clamp=0.0000 logvar_p_mean=-0.0414 logvar_p_clamp=0.0000
2026-08-30 02:07:21 | Epoch  17/400 | Train Loss 2.1038 Acc 0.2006 | Val Loss 1.9948 Acc 0.2170 AUC 0.6069 Pre 0.1111 Rec 0.1982
2026-08-30 02:07:21 | Diag logvar_q_mean=-0.0460 logvar_q_clamp=0.0000 logvar_p_mean=-0.0447 logvar_p_clamp=0.0000
2026-08-30 02:07:21 |   Val AUC improved to 0.6069, model saved
2026-08-30 02:07:25 | Epoch  18/400 | Train Loss 2.0884 Acc 0.1998 | Val Loss 1.9858 Acc 0.2174 AUC 0.6071 Pre 0.1102 Rec 0.1986
2026-08-30 02:07:25 | Diag logvar_q_mean=-0.0498 logvar_q_clamp=0.0000 logvar_p_mean=-0.0491 logvar_p_clamp=0.0000
2026-08-30 02:07:25 |   Val AUC improved to 0.6071, model saved
2026-08-30 02:07:29 | Epoch  19/400 | Train Loss 2.0944 Acc 0.2022 | Val Loss 1.9906 Acc 0.2170 AUC 0.6062 Pre 0.1112 Rec 0.1982
2026-08-30 02:07:29 | Diag logvar_q_mean=-0.0526 logvar_q_clamp=0.0000 logvar_p_mean=-0.0515 logvar_p_clamp=0.0000
2026-08-30 02:07:32 | Epoch  20/400 | Train Loss 2.0894 Acc 0.2047 | Val Loss 1.9854 Acc 0.2175 AUC 0.6060 Pre 0.1104 Rec 0.1987
2026-08-30 02:07:33 | Diag logvar_q_mean=-0.0554 logvar_q_clamp=0.0000 logvar_p_mean=-0.0548 logvar_p_clamp=0.0000
2026-08-30 02:07:36 | Epoch  21/400 | Train Loss 2.0846 Acc 0.2028 | Val Loss 1.9923 Acc 0.2153 AUC 0.6071 Pre 0.1248 Rec 0.1987
2026-08-30 02:07:37 | Diag logvar_q_mean=-0.0588 logvar_q_clamp=0.0000 logvar_p_mean=-0.0584 logvar_p_clamp=0.0000
2026-08-30 02:07:37 |   Val AUC improved to 0.6071, model saved
2026-08-30 02:07:40 | Epoch  22/400 | Train Loss 2.0888 Acc 0.2012 | Val Loss 1.9853 Acc 0.2172 AUC 0.6061 Pre 0.1109 Rec 0.1984
2026-08-30 02:07:41 | Diag logvar_q_mean=-0.0628 logvar_q_clamp=0.0000 logvar_p_mean=-0.0619 logvar_p_clamp=0.0000
2026-08-30 02:07:44 | Epoch  23/400 | Train Loss 2.0882 Acc 0.2037 | Val Loss 1.9877 Acc 0.2176 AUC 0.6060 Pre 0.1105 Rec 0.1988
2026-08-30 02:07:44 | Diag logvar_q_mean=-0.0658 logvar_q_clamp=0.0000 logvar_p_mean=-0.0655 logvar_p_clamp=0.0000
2026-08-30 02:07:48 | Epoch  24/400 | Train Loss 2.0858 Acc 0.2017 | Val Loss 1.9871 Acc 0.2171 AUC 0.6060 Pre 0.1105 Rec 0.1983
2026-08-30 02:07:48 | Diag logvar_q_mean=-0.0699 logvar_q_clamp=0.0000 logvar_p_mean=-0.0696 logvar_p_clamp=0.0000
2026-08-30 02:07:52 | Epoch  25/400 | Train Loss 2.0838 Acc 0.2009 | Val Loss 1.9880 Acc 0.2174 AUC 0.6058 Pre 0.1104 Rec 0.1986
2026-08-30 02:07:52 | Diag logvar_q_mean=-0.0739 logvar_q_clamp=0.0000 logvar_p_mean=-0.0736 logvar_p_clamp=0.0000
2026-08-30 02:07:55 | Epoch  26/400 | Train Loss 2.0861 Acc 0.2044 | Val Loss 1.9915 Acc 0.2176 AUC 0.6066 Pre 0.1105 Rec 0.1987
2026-08-30 02:07:56 | Diag logvar_q_mean=-0.0779 logvar_q_clamp=0.0000 logvar_p_mean=-0.0779 logvar_p_clamp=0.0000
2026-08-30 02:07:59 | Epoch  27/400 | Train Loss 2.0796 Acc 0.2030 | Val Loss 1.9929 Acc 0.2171 AUC 0.6058 Pre 0.1105 Rec 0.1983
2026-08-30 02:08:00 | Diag logvar_q_mean=-0.0822 logvar_q_clamp=0.0000 logvar_p_mean=-0.0818 logvar_p_clamp=0.0000
2026-08-30 02:08:03 | Epoch  28/400 | Train Loss 2.0846 Acc 0.2031 | Val Loss 1.9846 Acc 0.2157 AUC 0.6066 Pre 0.1390 Rec 0.1991
2026-08-30 02:08:03 | Diag logvar_q_mean=-0.0862 logvar_q_clamp=0.0000 logvar_p_mean=-0.0858 logvar_p_clamp=0.0000
2026-08-30 02:08:07 | Epoch  29/400 | Train Loss 2.0826 Acc 0.2033 | Val Loss 1.9880 Acc 0.2175 AUC 0.6054 Pre 0.1111 Rec 0.1987
2026-08-30 02:08:07 | Diag logvar_q_mean=-0.0898 logvar_q_clamp=0.0000 logvar_p_mean=-0.0898 logvar_p_clamp=0.0000
2026-08-30 02:08:11 | Epoch  30/400 | Train Loss 2.0801 Acc 0.2031 | Val Loss 1.9907 Acc 0.2173 AUC 0.6055 Pre 0.1104 Rec 0.1985
2026-08-30 02:08:11 | Diag logvar_q_mean=-0.0945 logvar_q_clamp=0.0000 logvar_p_mean=-0.0945 logvar_p_clamp=0.0000
2026-08-30 02:08:14 | Epoch  31/400 | Train Loss 2.0773 Acc 0.2031 | Val Loss 1.9890 Acc 0.2173 AUC 0.6057 Pre 0.1107 Rec 0.1985
2026-08-30 02:08:15 | Diag logvar_q_mean=-0.0990 logvar_q_clamp=0.0000 logvar_p_mean=-0.0985 logvar_p_clamp=0.0000
2026-08-30 02:08:18 | Epoch  32/400 | Train Loss 2.0775 Acc 0.2038 | Val Loss 1.9869 Acc 0.2172 AUC 0.6053 Pre 0.1110 Rec 0.1984
2026-08-30 02:08:19 | Diag logvar_q_mean=-0.1035 logvar_q_clamp=0.0000 logvar_p_mean=-0.1025 logvar_p_clamp=0.0000
2026-08-30 02:08:22 | Epoch  33/400 | Train Loss 2.0806 Acc 0.2020 | Val Loss 1.9881 Acc 0.2172 AUC 0.6059 Pre 0.1097 Rec 0.1984
2026-08-30 02:08:23 | Diag logvar_q_mean=-0.1071 logvar_q_clamp=0.0000 logvar_p_mean=-0.1071 logvar_p_clamp=0.0000
2026-08-30 02:08:26 | Epoch  34/400 | Train Loss 2.0747 Acc 0.2061 | Val Loss 1.9941 Acc 0.2166 AUC 0.6053 Pre 0.1107 Rec 0.1979
2026-08-30 02:08:26 | Diag logvar_q_mean=-0.1123 logvar_q_clamp=0.0000 logvar_p_mean=-0.1110 logvar_p_clamp=0.0000
2026-08-30 02:08:30 | Epoch  35/400 | Train Loss 2.0708 Acc 0.2052 | Val Loss 1.9931 Acc 0.2172 AUC 0.6061 Pre 0.1108 Rec 0.1984
2026-08-30 02:08:30 | Diag logvar_q_mean=-0.1170 logvar_q_clamp=0.0000 logvar_p_mean=-0.1160 logvar_p_clamp=0.0000
2026-08-30 02:08:33 | Epoch  36/400 | Train Loss 2.0746 Acc 0.2038 | Val Loss 1.9874 Acc 0.2173 AUC 0.6055 Pre 0.1110 Rec 0.1985
2026-08-30 02:08:34 | Diag logvar_q_mean=-0.1215 logvar_q_clamp=0.0000 logvar_p_mean=-0.1209 logvar_p_clamp=0.0000
2026-08-30 02:08:37 | Epoch  37/400 | Train Loss 2.0734 Acc 0.2014 | Val Loss 1.9861 Acc 0.2171 AUC 0.6056 Pre 0.1109 Rec 0.1983
2026-08-30 02:08:38 | Diag logvar_q_mean=-0.1262 logvar_q_clamp=0.0000 logvar_p_mean=-0.1253 logvar_p_clamp=0.0000
2026-08-30 02:08:41 | Epoch  38/400 | Train Loss 2.0684 Acc 0.2074 | Val Loss 1.9925 Acc 0.2151 AUC 0.6052 Pre 0.1269 Rec 0.1986
2026-08-30 02:08:42 | Diag logvar_q_mean=-0.1309 logvar_q_clamp=0.0000 logvar_p_mean=-0.1302 logvar_p_clamp=0.0000
2026-08-30 02:08:45 | Epoch  39/400 | Train Loss 2.0734 Acc 0.2044 | Val Loss 1.9948 Acc 0.2171 AUC 0.6054 Pre 0.1111 Rec 0.1983
2026-08-30 02:08:46 | Diag logvar_q_mean=-0.1350 logvar_q_clamp=0.0000 logvar_p_mean=-0.1345 logvar_p_clamp=0.0000
2026-08-30 02:08:49 | Epoch  40/400 | Train Loss 2.0731 Acc 0.2032 | Val Loss 1.9907 Acc 0.2171 AUC 0.6055 Pre 0.1110 Rec 0.1983
2026-08-30 02:08:49 | Diag logvar_q_mean=-0.1407 logvar_q_clamp=0.0000 logvar_p_mean=-0.1403 logvar_p_clamp=0.0000
2026-08-30 02:08:53 | Epoch  41/400 | Train Loss 2.0714 Acc 0.2044 | Val Loss 1.9944 Acc 0.2164 AUC 0.6052 Pre 0.1112 Rec 0.1977
2026-08-30 02:08:53 | Diag logvar_q_mean=-0.1451 logvar_q_clamp=0.0000 logvar_p_mean=-0.1447 logvar_p_clamp=0.0000
2026-08-30 02:08:57 | Epoch  42/400 | Train Loss 2.0750 Acc 0.2053 | Val Loss 1.9921 Acc 0.2172 AUC 0.6063 Pre 0.1099 Rec 0.1984
2026-08-30 02:08:57 | Diag logvar_q_mean=-0.1499 logvar_q_clamp=0.0000 logvar_p_mean=-0.1493 logvar_p_clamp=0.0000
2026-08-30 02:09:00 | Epoch  43/400 | Train Loss 2.0682 Acc 0.2037 | Val Loss 1.9949 Acc 0.2169 AUC 0.6057 Pre 0.1110 Rec 0.1981
2026-08-30 02:09:01 | Diag logvar_q_mean=-0.1552 logvar_q_clamp=0.0000 logvar_p_mean=-0.1542 logvar_p_clamp=0.0000
2026-08-30 02:09:04 | Epoch  44/400 | Train Loss 2.0715 Acc 0.2038 | Val Loss 1.9910 Acc 0.2176 AUC 0.6055 Pre 0.1102 Rec 0.1988
2026-08-30 02:09:05 | Diag logvar_q_mean=-0.1599 logvar_q_clamp=0.0000 logvar_p_mean=-0.1597 logvar_p_clamp=0.0000
2026-08-30 02:09:08 | Epoch  45/400 | Train Loss 2.0680 Acc 0.2056 | Val Loss 2.0007 Acc 0.2169 AUC 0.6054 Pre 0.1105 Rec 0.1981
2026-08-30 02:09:08 | Diag logvar_q_mean=-0.1664 logvar_q_clamp=0.0000 logvar_p_mean=-0.1655 logvar_p_clamp=0.0000
2026-08-30 02:09:12 | Epoch  46/400 | Train Loss 2.0650 Acc 0.2025 | Val Loss 1.9944 Acc 0.2168 AUC 0.6049 Pre 0.1229 Rec 0.1980
2026-08-30 02:09:12 | Diag logvar_q_mean=-0.1714 logvar_q_clamp=0.0000 logvar_p_mean=-0.1707 logvar_p_clamp=0.0000
2026-08-30 02:09:15 | Epoch  47/400 | Train Loss 2.0654 Acc 0.2056 | Val Loss 1.9938 Acc 0.2173 AUC 0.6054 Pre 0.1107 Rec 0.1985
2026-08-30 02:09:16 | Diag logvar_q_mean=-0.1767 logvar_q_clamp=0.0000 logvar_p_mean=-0.1760 logvar_p_clamp=0.0000
2026-08-30 02:09:19 | Epoch  48/400 | Train Loss 2.0652 Acc 0.2043 | Val Loss 1.9922 Acc 0.2169 AUC 0.6058 Pre 0.1105 Rec 0.1981
2026-08-30 02:09:20 | Diag logvar_q_mean=-0.1819 logvar_q_clamp=0.0000 logvar_p_mean=-0.1816 logvar_p_clamp=0.0000
2026-08-30 02:09:23 | Epoch  49/400 | Train Loss 2.0646 Acc 0.2059 | Val Loss 1.9921 Acc 0.2173 AUC 0.6054 Pre 0.1111 Rec 0.1985
2026-08-30 02:09:24 | Diag logvar_q_mean=-0.1874 logvar_q_clamp=0.0000 logvar_p_mean=-0.1866 logvar_p_clamp=0.0000
2026-08-30 02:09:27 | Epoch  50/400 | Train Loss 2.0585 Acc 0.2066 | Val Loss 1.9953 Acc 0.2172 AUC 0.6059 Pre 0.1104 Rec 0.1984
2026-08-30 02:09:28 | Diag logvar_q_mean=-0.1928 logvar_q_clamp=0.0000 logvar_p_mean=-0.1925 logvar_p_clamp=0.0000
2026-08-30 02:09:31 | Epoch  51/400 | Train Loss 2.0618 Acc 0.2063 | Val Loss 1.9924 Acc 0.2173 AUC 0.6053 Pre 0.1106 Rec 0.1985
2026-08-30 02:09:31 | Diag logvar_q_mean=-0.1984 logvar_q_clamp=0.0000 logvar_p_mean=-0.1978 logvar_p_clamp=0.0000
2026-08-30 02:09:35 | Epoch  52/400 | Train Loss 2.0608 Acc 0.2048 | Val Loss 1.9903 Acc 0.2152 AUC 0.6053 Pre 0.1237 Rec 0.1987
2026-08-30 02:09:36 | Diag logvar_q_mean=-0.2042 logvar_q_clamp=0.0000 logvar_p_mean=-0.2035 logvar_p_clamp=0.0000
2026-08-30 02:09:39 | Epoch  53/400 | Train Loss 2.0594 Acc 0.2075 | Val Loss 1.9960 Acc 0.2168 AUC 0.6060 Pre 0.1105 Rec 0.1980
2026-08-30 02:09:40 | Diag logvar_q_mean=-0.2101 logvar_q_clamp=0.0000 logvar_p_mean=-0.2094 logvar_p_clamp=0.0000
2026-08-30 02:09:43 | Epoch  54/400 | Train Loss 2.0646 Acc 0.2050 | Val Loss 2.0004 Acc 0.2170 AUC 0.6058 Pre 0.1101 Rec 0.1982
2026-08-30 02:09:44 | Diag logvar_q_mean=-0.2159 logvar_q_clamp=0.0000 logvar_p_mean=-0.2155 logvar_p_clamp=0.0000
2026-08-30 02:09:47 | Epoch  55/400 | Train Loss 2.0611 Acc 0.2045 | Val Loss 1.9998 Acc 0.2169 AUC 0.6051 Pre 0.1109 Rec 0.1981
2026-08-30 02:09:48 | Diag logvar_q_mean=-0.2224 logvar_q_clamp=0.0000 logvar_p_mean=-0.2216 logvar_p_clamp=0.0000
2026-08-30 02:09:51 | Epoch  56/400 | Train Loss 2.0562 Acc 0.2065 | Val Loss 1.9942 Acc 0.2169 AUC 0.6049 Pre 0.1111 Rec 0.1981
2026-08-30 02:09:51 | Diag logvar_q_mean=-0.2278 logvar_q_clamp=0.0000 logvar_p_mean=-0.2274 logvar_p_clamp=0.0000
2026-08-30 02:09:55 | Epoch  57/400 | Train Loss 2.0484 Acc 0.2062 | Val Loss 2.0024 Acc 0.2147 AUC 0.6046 Pre 0.1536 Rec 0.1982
2026-08-30 02:09:55 | Diag logvar_q_mean=-0.2340 logvar_q_clamp=0.0000 logvar_p_mean=-0.2335 logvar_p_clamp=0.0000
2026-08-30 02:09:59 | Epoch  58/400 | Train Loss 2.0529 Acc 0.2069 | Val Loss 2.0036 Acc 0.2146 AUC 0.6050 Pre 0.1108 Rec 0.1981
2026-08-30 02:09:59 | Diag logvar_q_mean=-0.2402 logvar_q_clamp=0.0000 logvar_p_mean=-0.2393 logvar_p_clamp=0.0000
2026-08-30 02:10:02 | Epoch  59/400 | Train Loss 2.0509 Acc 0.2058 | Val Loss 2.0015 Acc 0.2141 AUC 0.6052 Pre 0.1109 Rec 0.1977
2026-08-30 02:10:03 | Diag logvar_q_mean=-0.2462 logvar_q_clamp=0.0000 logvar_p_mean=-0.2456 logvar_p_clamp=0.0000
2026-08-30 02:10:06 | Epoch  60/400 | Train Loss 2.0449 Acc 0.2060 | Val Loss 1.9954 Acc 0.2170 AUC 0.6056 Pre 0.1107 Rec 0.1982
2026-08-30 02:10:07 | Diag logvar_q_mean=-0.2526 logvar_q_clamp=0.0000 logvar_p_mean=-0.2521 logvar_p_clamp=0.0000
2026-08-30 02:10:10 | Epoch  61/400 | Train Loss 2.0509 Acc 0.2063 | Val Loss 2.0130 Acc 0.2173 AUC 0.6053 Pre 0.1106 Rec 0.1985
2026-08-30 02:10:10 | Diag logvar_q_mean=-0.2591 logvar_q_clamp=0.0000 logvar_p_mean=-0.2579 logvar_p_clamp=0.0000
2026-08-30 02:10:14 | Epoch  62/400 | Train Loss 2.0518 Acc 0.2058 | Val Loss 2.0060 Acc 0.2169 AUC 0.6053 Pre 0.1104 Rec 0.1981
2026-08-30 02:10:14 | Diag logvar_q_mean=-0.2645 logvar_q_clamp=0.0000 logvar_p_mean=-0.2638 logvar_p_clamp=0.0000
2026-08-30 02:10:18 | Epoch  63/400 | Train Loss 2.0460 Acc 0.2058 | Val Loss 2.0003 Acc 0.2169 AUC 0.6053 Pre 0.1112 Rec 0.1981
2026-08-30 02:10:18 | Diag logvar_q_mean=-0.2710 logvar_q_clamp=0.0000 logvar_p_mean=-0.2705 logvar_p_clamp=0.0000
2026-08-30 02:10:21 | Epoch  64/400 | Train Loss 2.0412 Acc 0.2083 | Val Loss 1.9999 Acc 0.2170 AUC 0.6053 Pre 0.1109 Rec 0.1982
2026-08-30 02:10:22 | Diag logvar_q_mean=-0.2774 logvar_q_clamp=0.0000 logvar_p_mean=-0.2768 logvar_p_clamp=0.0000
2026-08-30 02:10:25 | Epoch  65/400 | Train Loss 2.0389 Acc 0.2058 | Val Loss 2.0041 Acc 0.2169 AUC 0.6054 Pre 0.1109 Rec 0.1981
2026-08-30 02:10:26 | Diag logvar_q_mean=-0.2839 logvar_q_clamp=0.0000 logvar_p_mean=-0.2833 logvar_p_clamp=0.0000
2026-08-30 02:10:29 | Epoch  66/400 | Train Loss 2.0457 Acc 0.2081 | Val Loss 2.0030 Acc 0.2168 AUC 0.6047 Pre 0.1110 Rec 0.1981
2026-08-30 02:10:29 | Diag logvar_q_mean=-0.2900 logvar_q_clamp=0.0000 logvar_p_mean=-0.2895 logvar_p_clamp=0.0000
2026-08-30 02:10:33 | Epoch  67/400 | Train Loss 2.0360 Acc 0.2057 | Val Loss 2.0081 Acc 0.2163 AUC 0.6048 Pre 0.1108 Rec 0.1976
2026-08-30 02:10:33 | Diag logvar_q_mean=-0.2972 logvar_q_clamp=0.0000 logvar_p_mean=-0.2965 logvar_p_clamp=0.0000
2026-08-30 02:10:37 | Epoch  68/400 | Train Loss 2.0392 Acc 0.2082 | Val Loss 2.0069 Acc 0.2171 AUC 0.6050 Pre 0.1104 Rec 0.1983
2026-08-30 02:10:37 | Diag logvar_q_mean=-0.3030 logvar_q_clamp=0.0000 logvar_p_mean=-0.3029 logvar_p_clamp=0.0000
2026-08-30 02:10:41 | Epoch  69/400 | Train Loss 2.0362 Acc 0.2095 | Val Loss 2.0039 Acc 0.2170 AUC 0.6051 Pre 0.1104 Rec 0.1982
2026-08-30 02:10:41 | Diag logvar_q_mean=-0.3098 logvar_q_clamp=0.0000 logvar_p_mean=-0.3094 logvar_p_clamp=0.0000
2026-08-30 02:10:44 | Epoch  70/400 | Train Loss 2.0363 Acc 0.2075 | Val Loss 2.0057 Acc 0.2168 AUC 0.6050 Pre 0.1104 Rec 0.1980
2026-08-30 02:10:45 | Diag logvar_q_mean=-0.3164 logvar_q_clamp=0.0000 logvar_p_mean=-0.3161 logvar_p_clamp=0.0000
2026-08-30 02:10:48 | Epoch  71/400 | Train Loss 2.0374 Acc 0.2102 | Val Loss 2.0045 Acc 0.2171 AUC 0.6048 Pre 0.1111 Rec 0.1983
2026-08-30 02:10:49 | Diag logvar_q_mean=-0.3229 logvar_q_clamp=0.0000 logvar_p_mean=-0.3227 logvar_p_clamp=0.0000
2026-08-30 02:10:52 | Epoch  72/400 | Train Loss 2.0335 Acc 0.2069 | Val Loss 2.0078 Acc 0.2172 AUC 0.6053 Pre 0.1104 Rec 0.1984
2026-08-30 02:10:53 | Diag logvar_q_mean=-0.3299 logvar_q_clamp=0.0000 logvar_p_mean=-0.3298 logvar_p_clamp=0.0000
2026-08-30 02:10:56 | Epoch  73/400 | Train Loss 2.0295 Acc 0.2073 | Val Loss 2.0042 Acc 0.2172 AUC 0.6051 Pre 0.1107 Rec 0.1984
2026-08-30 02:10:56 | Diag logvar_q_mean=-0.3373 logvar_q_clamp=0.0000 logvar_p_mean=-0.3369 logvar_p_clamp=0.0000
2026-08-30 02:11:00 | Epoch  74/400 | Train Loss 2.0314 Acc 0.2079 | Val Loss 2.0025 Acc 0.2174 AUC 0.6054 Pre 0.1102 Rec 0.1986
2026-08-30 02:11:00 | Diag logvar_q_mean=-0.3442 logvar_q_clamp=0.0000 logvar_p_mean=-0.3439 logvar_p_clamp=0.0000
2026-08-30 02:11:04 | Epoch  75/400 | Train Loss 2.0329 Acc 0.2101 | Val Loss 2.0042 Acc 0.2170 AUC 0.6052 Pre 0.1109 Rec 0.1982
2026-08-30 02:11:04 | Diag logvar_q_mean=-0.3511 logvar_q_clamp=0.0000 logvar_p_mean=-0.3507 logvar_p_clamp=0.0000
2026-08-30 02:11:07 | Epoch  76/400 | Train Loss 2.0283 Acc 0.2081 | Val Loss 2.0048 Acc 0.2171 AUC 0.6050 Pre 0.1109 Rec 0.1983
2026-08-30 02:11:08 | Diag logvar_q_mean=-0.3582 logvar_q_clamp=0.0000 logvar_p_mean=-0.3577 logvar_p_clamp=0.0000
2026-08-30 02:11:11 | Epoch  77/400 | Train Loss 2.0306 Acc 0.2088 | Val Loss 2.0040 Acc 0.2145 AUC 0.6047 Pre 0.1110 Rec 0.1981
2026-08-30 02:11:12 | Diag logvar_q_mean=-0.3655 logvar_q_clamp=0.0000 logvar_p_mean=-0.3650 logvar_p_clamp=0.0000
2026-08-30 02:11:15 | Epoch  78/400 | Train Loss 2.0287 Acc 0.2081 | Val Loss 2.0064 Acc 0.2171 AUC 0.6053 Pre 0.1103 Rec 0.1983
2026-08-30 02:11:16 | Diag logvar_q_mean=-0.3729 logvar_q_clamp=0.0000 logvar_p_mean=-0.3725 logvar_p_clamp=0.0000
2026-08-30 02:11:19 | Epoch  79/400 | Train Loss 2.0243 Acc 0.2094 | Val Loss 2.0038 Acc 0.2169 AUC 0.6051 Pre 0.1110 Rec 0.1981
2026-08-30 02:11:20 | Diag logvar_q_mean=-0.3801 logvar_q_clamp=0.0000 logvar_p_mean=-0.3798 logvar_p_clamp=0.0000
2026-08-30 02:11:23 | Epoch  80/400 | Train Loss 2.0239 Acc 0.2082 | Val Loss 2.0044 Acc 0.2170 AUC 0.6049 Pre 0.1112 Rec 0.1982
2026-08-30 02:11:23 | Diag logvar_q_mean=-0.3878 logvar_q_clamp=0.0000 logvar_p_mean=-0.3873 logvar_p_clamp=0.0000
2026-08-30 02:11:27 | Epoch  81/400 | Train Loss 2.0290 Acc 0.2079 | Val Loss 2.0079 Acc 0.2173 AUC 0.6053 Pre 0.1108 Rec 0.1985
2026-08-30 02:11:27 | Diag logvar_q_mean=-0.3950 logvar_q_clamp=0.0000 logvar_p_mean=-0.3946 logvar_p_clamp=0.0000
2026-08-30 02:11:30 | Epoch  82/400 | Train Loss 2.0241 Acc 0.2085 | Val Loss 2.0116 Acc 0.2170 AUC 0.6051 Pre 0.1105 Rec 0.1982
2026-08-30 02:11:31 | Diag logvar_q_mean=-0.4028 logvar_q_clamp=0.0000 logvar_p_mean=-0.4024 logvar_p_clamp=0.0000
2026-08-30 02:11:34 | Epoch  83/400 | Train Loss 2.0250 Acc 0.2104 | Val Loss 2.0082 Acc 0.2145 AUC 0.6047 Pre 0.1108 Rec 0.1981
2026-08-30 02:11:35 | Diag logvar_q_mean=-0.4102 logvar_q_clamp=0.0000 logvar_p_mean=-0.4098 logvar_p_clamp=0.0000
2026-08-30 02:11:38 | Epoch  84/400 | Train Loss 2.0223 Acc 0.2117 | Val Loss 2.0087 Acc 0.2170 AUC 0.6049 Pre 0.1109 Rec 0.1982
2026-08-30 02:11:39 | Diag logvar_q_mean=-0.4173 logvar_q_clamp=0.0000 logvar_p_mean=-0.4169 logvar_p_clamp=0.0000
2026-08-30 02:11:42 | Epoch  85/400 | Train Loss 2.0199 Acc 0.2078 | Val Loss 2.0044 Acc 0.2175 AUC 0.6052 Pre 0.1107 Rec 0.1987
2026-08-30 02:11:42 | Diag logvar_q_mean=-0.4250 logvar_q_clamp=0.0000 logvar_p_mean=-0.4247 logvar_p_clamp=0.0000
2026-08-30 02:11:46 | Epoch  86/400 | Train Loss 2.0249 Acc 0.2105 | Val Loss 2.0030 Acc 0.2172 AUC 0.6049 Pre 0.1111 Rec 0.1984
2026-08-30 02:11:46 | Diag logvar_q_mean=-0.4328 logvar_q_clamp=0.0000 logvar_p_mean=-0.4325 logvar_p_clamp=0.0000
2026-08-30 02:11:50 | Epoch  87/400 | Train Loss 2.0268 Acc 0.2053 | Val Loss 2.0178 Acc 0.2171 AUC 0.6051 Pre 0.1105 Rec 0.1983
2026-08-30 02:11:50 | Diag logvar_q_mean=-0.4413 logvar_q_clamp=0.0000 logvar_p_mean=-0.4409 logvar_p_clamp=0.0000
2026-08-30 02:11:53 | Epoch  88/400 | Train Loss 2.0232 Acc 0.2092 | Val Loss 2.0100 Acc 0.2169 AUC 0.6050 Pre 0.1109 Rec 0.1981
2026-08-30 02:11:54 | Diag logvar_q_mean=-0.4488 logvar_q_clamp=0.0000 logvar_p_mean=-0.4485 logvar_p_clamp=0.0000
2026-08-30 02:11:57 | Epoch  89/400 | Train Loss 2.0238 Acc 0.2093 | Val Loss 2.0140 Acc 0.2172 AUC 0.6053 Pre 0.1110 Rec 0.1984
2026-08-30 02:11:58 | Diag logvar_q_mean=-0.4568 logvar_q_clamp=0.0000 logvar_p_mean=-0.4564 logvar_p_clamp=0.0000
2026-08-30 02:12:01 | Epoch  90/400 | Train Loss 2.0247 Acc 0.2083 | Val Loss 2.0222 Acc 0.2173 AUC 0.6053 Pre 0.1104 Rec 0.1985
2026-08-30 02:12:01 | Diag logvar_q_mean=-0.4644 logvar_q_clamp=0.0000 logvar_p_mean=-0.4641 logvar_p_clamp=0.0000
2026-08-30 02:12:05 | Epoch  91/400 | Train Loss 2.0263 Acc 0.2089 | Val Loss 2.0017 Acc 0.2172 AUC 0.6051 Pre 0.1108 Rec 0.1984
2026-08-30 02:12:05 | Diag logvar_q_mean=-0.4723 logvar_q_clamp=0.0000 logvar_p_mean=-0.4719 logvar_p_clamp=0.0000
2026-08-30 02:12:09 | Epoch  92/400 | Train Loss 2.0172 Acc 0.2084 | Val Loss 2.0144 Acc 0.2173 AUC 0.6053 Pre 0.1103 Rec 0.1985
2026-08-30 02:12:09 | Diag logvar_q_mean=-0.4806 logvar_q_clamp=0.0000 logvar_p_mean=-0.4803 logvar_p_clamp=0.0000
2026-08-30 02:12:12 | Epoch  93/400 | Train Loss 2.0179 Acc 0.2095 | Val Loss 2.0138 Acc 0.2172 AUC 0.6053 Pre 0.1107 Rec 0.1984
2026-08-30 02:12:13 | Diag logvar_q_mean=-0.4888 logvar_q_clamp=0.0000 logvar_p_mean=-0.4882 logvar_p_clamp=0.0000
2026-08-30 02:12:16 | Epoch  94/400 | Train Loss 2.0158 Acc 0.2105 | Val Loss 2.0034 Acc 0.2172 AUC 0.6050 Pre 0.1111 Rec 0.1984
2026-08-30 02:12:17 | Diag logvar_q_mean=-0.4965 logvar_q_clamp=0.0000 logvar_p_mean=-0.4960 logvar_p_clamp=0.0000
2026-08-30 02:12:20 | Epoch  95/400 | Train Loss 2.0188 Acc 0.2103 | Val Loss 2.0122 Acc 0.2172 AUC 0.6051 Pre 0.1109 Rec 0.1984
2026-08-30 02:12:20 | Diag logvar_q_mean=-0.5044 logvar_q_clamp=0.0000 logvar_p_mean=-0.5041 logvar_p_clamp=0.0000
2026-08-30 02:12:24 | Epoch  96/400 | Train Loss 2.0186 Acc 0.2088 | Val Loss 2.0063 Acc 0.2171 AUC 0.6049 Pre 0.1110 Rec 0.1983
2026-08-30 02:12:24 | Diag logvar_q_mean=-0.5124 logvar_q_clamp=0.0000 logvar_p_mean=-0.5122 logvar_p_clamp=0.0000
2026-08-30 02:12:28 | Epoch  97/400 | Train Loss 2.0235 Acc 0.2084 | Val Loss 2.0200 Acc 0.2172 AUC 0.6049 Pre 0.1108 Rec 0.1984
2026-08-30 02:12:28 | Diag logvar_q_mean=-0.5206 logvar_q_clamp=0.0000 logvar_p_mean=-0.5202 logvar_p_clamp=0.0000
2026-08-30 02:12:31 | Epoch  98/400 | Train Loss 2.0194 Acc 0.2085 | Val Loss 2.0126 Acc 0.2166 AUC 0.6048 Pre 0.1110 Rec 0.1979
2026-08-30 02:12:32 | Diag logvar_q_mean=-0.5282 logvar_q_clamp=0.0000 logvar_p_mean=-0.5279 logvar_p_clamp=0.0000
2026-08-30 02:12:35 | Epoch  99/400 | Train Loss 2.0212 Acc 0.2066 | Val Loss 2.0145 Acc 0.2174 AUC 0.6050 Pre 0.1107 Rec 0.1986
2026-08-30 02:12:36 | Diag logvar_q_mean=-0.5366 logvar_q_clamp=0.0000 logvar_p_mean=-0.5361 logvar_p_clamp=0.0000
2026-08-30 02:12:39 | Epoch 100/400 | Train Loss 2.0233 Acc 0.2092 | Val Loss 2.0150 Acc 0.2170 AUC 0.6050 Pre 0.1110 Rec 0.1982
2026-08-30 02:12:40 | Diag logvar_q_mean=-0.5444 logvar_q_clamp=0.0000 logvar_p_mean=-0.5441 logvar_p_clamp=0.0000
2026-08-30 02:12:43 | Epoch 101/400 | Train Loss 2.0191 Acc 0.2087 | Val Loss 2.0148 Acc 0.2171 AUC 0.6051 Pre 0.1109 Rec 0.1983
2026-08-30 02:12:43 | Diag logvar_q_mean=-0.5528 logvar_q_clamp=0.0000 logvar_p_mean=-0.5524 logvar_p_clamp=0.0000
2026-08-30 02:12:47 | Epoch 102/400 | Train Loss 2.0211 Acc 0.2096 | Val Loss 2.0139 Acc 0.2170 AUC 0.6050 Pre 0.1111 Rec 0.1982
2026-08-30 02:12:47 | Diag logvar_q_mean=-0.5608 logvar_q_clamp=0.0000 logvar_p_mean=-0.5604 logvar_p_clamp=0.0000
2026-08-30 02:12:51 | Epoch 103/400 | Train Loss 2.0247 Acc 0.2093 | Val Loss 2.0286 Acc 0.2172 AUC 0.6053 Pre 0.1103 Rec 0.1984
2026-08-30 02:12:51 | Diag logvar_q_mean=-0.5689 logvar_q_clamp=0.0000 logvar_p_mean=-0.5685 logvar_p_clamp=0.0000
2026-08-30 02:12:54 | Epoch 104/400 | Train Loss 2.0210 Acc 0.2102 | Val Loss 2.0225 Acc 0.2143 AUC 0.6050 Pre 0.1108 Rec 0.1979
2026-08-30 02:12:55 | Diag logvar_q_mean=-0.5769 logvar_q_clamp=0.0000 logvar_p_mean=-0.5764 logvar_p_clamp=0.0000
2026-08-30 02:12:58 | Epoch 105/400 | Train Loss 2.0164 Acc 0.2094 | Val Loss 2.0112 Acc 0.2172 AUC 0.6051 Pre 0.1114 Rec 0.1984
2026-08-30 02:12:59 | Diag logvar_q_mean=-0.5851 logvar_q_clamp=0.0000 logvar_p_mean=-0.5846 logvar_p_clamp=0.0000
2026-08-30 02:13:02 | Epoch 106/400 | Train Loss 2.0221 Acc 0.2078 | Val Loss 2.0088 Acc 0.2169 AUC 0.6049 Pre 0.1114 Rec 0.1981
2026-08-30 02:13:03 | Diag logvar_q_mean=-0.5933 logvar_q_clamp=0.0000 logvar_p_mean=-0.5928 logvar_p_clamp=0.0000
2026-08-30 02:13:06 | Epoch 107/400 | Train Loss 2.0171 Acc 0.2101 | Val Loss 2.0024 Acc 0.2169 AUC 0.6049 Pre 0.1115 Rec 0.1981
2026-08-30 02:13:07 | Diag logvar_q_mean=-0.6011 logvar_q_clamp=0.0000 logvar_p_mean=-0.6006 logvar_p_clamp=0.0000
2026-08-30 02:13:10 | Epoch 108/400 | Train Loss 2.0162 Acc 0.2088 | Val Loss 2.0162 Acc 0.2167 AUC 0.6046 Pre 0.1111 Rec 0.1980
2026-08-30 02:13:10 | Diag logvar_q_mean=-0.6093 logvar_q_clamp=0.0000 logvar_p_mean=-0.6089 logvar_p_clamp=0.0000
2026-08-30 02:13:14 | Epoch 109/400 | Train Loss 2.0163 Acc 0.2111 | Val Loss 2.0175 Acc 0.2167 AUC 0.6050 Pre 0.1113 Rec 0.1980
2026-08-30 02:13:14 | Diag logvar_q_mean=-0.6165 logvar_q_clamp=0.0000 logvar_p_mean=-0.6161 logvar_p_clamp=0.0000
2026-08-30 02:13:18 | Epoch 110/400 | Train Loss 2.0227 Acc 0.2094 | Val Loss 2.0044 Acc 0.2168 AUC 0.6049 Pre 0.1114 Rec 0.1981
2026-08-30 02:13:18 | Diag logvar_q_mean=-0.6250 logvar_q_clamp=0.0000 logvar_p_mean=-0.6246 logvar_p_clamp=0.0000
2026-08-30 02:13:21 | Epoch 111/400 | Train Loss 2.0244 Acc 0.2100 | Val Loss 2.0076 Acc 0.2171 AUC 0.6053 Pre 0.1113 Rec 0.1983
2026-08-30 02:13:22 | Diag logvar_q_mean=-0.6334 logvar_q_clamp=0.0000 logvar_p_mean=-0.6330 logvar_p_clamp=0.0000
2026-08-30 02:13:25 | Epoch 112/400 | Train Loss 2.0172 Acc 0.2099 | Val Loss 2.0113 Acc 0.2174 AUC 0.6051 Pre 0.1112 Rec 0.1986
2026-08-30 02:13:26 | Diag logvar_q_mean=-0.6414 logvar_q_clamp=0.0000 logvar_p_mean=-0.6409 logvar_p_clamp=0.0000
2026-08-30 02:13:29 | Epoch 113/400 | Train Loss 2.0183 Acc 0.2107 | Val Loss 2.0099 Acc 0.2170 AUC 0.6048 Pre 0.1110 Rec 0.1982
2026-08-30 02:13:30 | Diag logvar_q_mean=-0.6489 logvar_q_clamp=0.0000 logvar_p_mean=-0.6485 logvar_p_clamp=0.0000
2026-08-30 02:13:33 | Epoch 114/400 | Train Loss 2.0213 Acc 0.2090 | Val Loss 2.0141 Acc 0.2171 AUC 0.6051 Pre 0.1111 Rec 0.1983
2026-08-30 02:13:33 | Diag logvar_q_mean=-0.6571 logvar_q_clamp=0.0000 logvar_p_mean=-0.6567 logvar_p_clamp=0.0000
2026-08-30 02:13:37 | Epoch 115/400 | Train Loss 2.0175 Acc 0.2101 | Val Loss 2.0187 Acc 0.2167 AUC 0.6051 Pre 0.1108 Rec 0.1980
2026-08-30 02:13:37 | Diag logvar_q_mean=-0.6650 logvar_q_clamp=0.0000 logvar_p_mean=-0.6647 logvar_p_clamp=0.0000
2026-08-30 02:13:40 | Epoch 116/400 | Train Loss 2.0208 Acc 0.2080 | Val Loss 2.0090 Acc 0.2176 AUC 0.6053 Pre 0.1112 Rec 0.1988
2026-08-30 02:13:41 | Diag logvar_q_mean=-0.6729 logvar_q_clamp=0.0000 logvar_p_mean=-0.6724 logvar_p_clamp=0.0000
2026-08-30 02:13:44 | Epoch 117/400 | Train Loss 2.0171 Acc 0.2092 | Val Loss 2.0074 Acc 0.2169 AUC 0.6048 Pre 0.1111 Rec 0.1981
2026-08-30 02:13:45 | Diag logvar_q_mean=-0.6806 logvar_q_clamp=0.0000 logvar_p_mean=-0.6803 logvar_p_clamp=0.0000
2026-08-30 02:13:48 | Epoch 118/400 | Train Loss 2.0182 Acc 0.2108 | Val Loss 2.0038 Acc 0.2172 AUC 0.6052 Pre 0.1110 Rec 0.1984
2026-08-30 02:13:49 | Diag logvar_q_mean=-0.6885 logvar_q_clamp=0.0000 logvar_p_mean=-0.6882 logvar_p_clamp=0.0000
2026-08-30 02:13:52 | Epoch 119/400 | Train Loss 2.0200 Acc 0.2104 | Val Loss 2.0136 Acc 0.2150 AUC 0.6050 Pre 0.1248 Rec 0.1985
2026-08-30 02:13:52 | Diag logvar_q_mean=-0.6967 logvar_q_clamp=0.0000 logvar_p_mean=-0.6962 logvar_p_clamp=0.0000
2026-08-30 02:13:56 | Epoch 120/400 | Train Loss 2.0236 Acc 0.2112 | Val Loss 2.0095 Acc 0.2173 AUC 0.6053 Pre 0.1109 Rec 0.1985
2026-08-30 02:13:56 | Diag logvar_q_mean=-0.7047 logvar_q_clamp=0.0000 logvar_p_mean=-0.7041 logvar_p_clamp=0.0000
2026-08-30 02:14:00 | Epoch 121/400 | Train Loss 2.0212 Acc 0.2081 | Val Loss 2.0109 Acc 0.2173 AUC 0.6051 Pre 0.1109 Rec 0.1985
2026-08-30 02:14:00 | Diag logvar_q_mean=-0.7129 logvar_q_clamp=0.0000 logvar_p_mean=-0.7125 logvar_p_clamp=0.0000
2026-08-30 02:14:03 | Epoch 122/400 | Train Loss 2.0151 Acc 0.2102 | Val Loss 2.0089 Acc 0.2170 AUC 0.6052 Pre 0.1111 Rec 0.1982
2026-08-30 02:14:04 | Diag logvar_q_mean=-0.7205 logvar_q_clamp=0.0000 logvar_p_mean=-0.7201 logvar_p_clamp=0.0000
2026-08-30 02:14:07 | Epoch 123/400 | Train Loss 2.0223 Acc 0.2112 | Val Loss 2.0091 Acc 0.2175 AUC 0.6054 Pre 0.1107 Rec 0.1987
2026-08-30 02:14:08 | Diag logvar_q_mean=-0.7275 logvar_q_clamp=0.0000 logvar_p_mean=-0.7271 logvar_p_clamp=0.0000
2026-08-30 02:14:11 | Epoch 124/400 | Train Loss 2.0144 Acc 0.2122 | Val Loss 2.0091 Acc 0.2172 AUC 0.6049 Pre 0.1111 Rec 0.1984
2026-08-30 02:14:11 | Diag logvar_q_mean=-0.7357 logvar_q_clamp=0.0000 logvar_p_mean=-0.7353 logvar_p_clamp=0.0000
2026-08-30 02:14:15 | Epoch 125/400 | Train Loss 2.0189 Acc 0.2114 | Val Loss 2.0087 Acc 0.2170 AUC 0.6048 Pre 0.1111 Rec 0.1982
2026-08-30 02:14:15 | Diag logvar_q_mean=-0.7438 logvar_q_clamp=0.0000 logvar_p_mean=-0.7433 logvar_p_clamp=0.0000
2026-08-30 02:14:19 | Epoch 126/400 | Train Loss 2.0189 Acc 0.2097 | Val Loss 2.0077 Acc 0.2153 AUC 0.6052 Pre 0.1288 Rec 0.1988
2026-08-30 02:14:19 | Diag logvar_q_mean=-0.7517 logvar_q_clamp=0.0000 logvar_p_mean=-0.7515 logvar_p_clamp=0.0000
2026-08-30 02:14:22 | Epoch 127/400 | Train Loss 2.0149 Acc 0.2095 | Val Loss 2.0064 Acc 0.2168 AUC 0.6045 Pre 0.1115 Rec 0.1981
2026-08-30 02:14:23 | Diag logvar_q_mean=-0.7600 logvar_q_clamp=0.0000 logvar_p_mean=-0.7595 logvar_p_clamp=0.0000
2026-08-30 02:14:26 | Epoch 128/400 | Train Loss 2.0173 Acc 0.2100 | Val Loss 2.0106 Acc 0.2165 AUC 0.6048 Pre 0.1112 Rec 0.1978
2026-08-30 02:14:27 | Diag logvar_q_mean=-0.7675 logvar_q_clamp=0.0000 logvar_p_mean=-0.7673 logvar_p_clamp=0.0000
2026-08-30 02:14:30 | Epoch 129/400 | Train Loss 2.0151 Acc 0.2108 | Val Loss 2.0063 Acc 0.2169 AUC 0.6045 Pre 0.1115 Rec 0.1981
2026-08-30 02:14:31 | Diag logvar_q_mean=-0.7749 logvar_q_clamp=0.0000 logvar_p_mean=-0.7745 logvar_p_clamp=0.0000
2026-08-30 02:14:34 | Epoch 130/400 | Train Loss 2.0155 Acc 0.2115 | Val Loss 2.0111 Acc 0.2141 AUC 0.6043 Pre 0.1109 Rec 0.1977
2026-08-30 02:14:34 | Diag logvar_q_mean=-0.7825 logvar_q_clamp=0.0000 logvar_p_mean=-0.7822 logvar_p_clamp=0.0000
2026-08-30 02:14:38 | Epoch 131/400 | Train Loss 2.0184 Acc 0.2098 | Val Loss 2.0201 Acc 0.2170 AUC 0.6048 Pre 0.1112 Rec 0.1982
2026-08-30 02:14:38 | Diag logvar_q_mean=-0.7902 logvar_q_clamp=0.0000 logvar_p_mean=-0.7901 logvar_p_clamp=0.0000
2026-08-30 02:14:42 | Epoch 132/400 | Train Loss 2.0215 Acc 0.2085 | Val Loss 2.0070 Acc 0.2172 AUC 0.6050 Pre 0.1114 Rec 0.1984
2026-08-30 02:14:42 | Diag logvar_q_mean=-0.7983 logvar_q_clamp=0.0000 logvar_p_mean=-0.7979 logvar_p_clamp=0.0000
2026-08-30 02:14:45 | Epoch 133/400 | Train Loss 2.0177 Acc 0.2112 | Val Loss 2.0096 Acc 0.2173 AUC 0.6048 Pre 0.1113 Rec 0.1985
2026-08-30 02:14:46 | Diag logvar_q_mean=-0.8055 logvar_q_clamp=0.0000 logvar_p_mean=-0.8051 logvar_p_clamp=0.0000
2026-08-30 02:14:49 | Epoch 134/400 | Train Loss 2.0165 Acc 0.2122 | Val Loss 2.0120 Acc 0.2170 AUC 0.6051 Pre 0.1110 Rec 0.1982
2026-08-30 02:14:50 | Diag logvar_q_mean=-0.8134 logvar_q_clamp=0.0000 logvar_p_mean=-0.8131 logvar_p_clamp=0.0000
2026-08-30 02:14:53 | Epoch 135/400 | Train Loss 2.0137 Acc 0.2108 | Val Loss 2.0083 Acc 0.2169 AUC 0.6051 Pre 0.1112 Rec 0.1981
2026-08-30 02:14:54 | Diag logvar_q_mean=-0.8212 logvar_q_clamp=0.0000 logvar_p_mean=-0.8207 logvar_p_clamp=0.0000
2026-08-30 02:14:57 | Epoch 136/400 | Train Loss 2.0192 Acc 0.2086 | Val Loss 2.0169 Acc 0.2149 AUC 0.6053 Pre 0.1107 Rec 0.1984
2026-08-30 02:14:58 | Diag logvar_q_mean=-0.8292 logvar_q_clamp=0.0000 logvar_p_mean=-0.8287 logvar_p_clamp=0.0000
2026-08-30 02:15:01 | Epoch 137/400 | Train Loss 2.0145 Acc 0.2106 | Val Loss 2.0116 Acc 0.2171 AUC 0.6050 Pre 0.1110 Rec 0.1983
2026-08-30 02:15:01 | Diag logvar_q_mean=-0.8366 logvar_q_clamp=0.0000 logvar_p_mean=-0.8362 logvar_p_clamp=0.0000
2026-08-30 02:15:05 | Epoch 138/400 | Train Loss 2.0182 Acc 0.2111 | Val Loss 2.0017 Acc 0.2170 AUC 0.6052 Pre 0.1113 Rec 0.1982
2026-08-30 02:15:05 | Diag logvar_q_mean=-0.8436 logvar_q_clamp=0.0000 logvar_p_mean=-0.8432 logvar_p_clamp=0.0000
2026-08-30 02:15:08 | Epoch 139/400 | Train Loss 2.0147 Acc 0.2100 | Val Loss 2.0087 Acc 0.2146 AUC 0.6048 Pre 0.1254 Rec 0.1981
2026-08-30 02:15:09 | Diag logvar_q_mean=-0.8518 logvar_q_clamp=0.0000 logvar_p_mean=-0.8515 logvar_p_clamp=0.0000
2026-08-30 02:15:12 | Epoch 140/400 | Train Loss 2.0153 Acc 0.2116 | Val Loss 2.0197 Acc 0.2167 AUC 0.6048 Pre 0.1111 Rec 0.1980
2026-08-30 02:15:13 | Diag logvar_q_mean=-0.8592 logvar_q_clamp=0.0000 logvar_p_mean=-0.8587 logvar_p_clamp=0.0000
2026-08-30 02:15:16 | Epoch 141/400 | Train Loss 2.0195 Acc 0.2094 | Val Loss 2.0170 Acc 0.2169 AUC 0.6048 Pre 0.1112 Rec 0.1981
2026-08-30 02:15:17 | Diag logvar_q_mean=-0.8664 logvar_q_clamp=0.0000 logvar_p_mean=-0.8659 logvar_p_clamp=0.0000
2026-08-30 02:15:20 | Epoch 142/400 | Train Loss 2.0178 Acc 0.2101 | Val Loss 2.0143 Acc 0.2169 AUC 0.6049 Pre 0.1111 Rec 0.1981
2026-08-30 02:15:20 | Diag logvar_q_mean=-0.8744 logvar_q_clamp=0.0000 logvar_p_mean=-0.8739 logvar_p_clamp=0.0000
2026-08-30 02:15:24 | Epoch 143/400 | Train Loss 2.0178 Acc 0.2094 | Val Loss 2.0127 Acc 0.2166 AUC 0.6045 Pre 0.1113 Rec 0.1979
2026-08-30 02:15:24 | Diag logvar_q_mean=-0.8819 logvar_q_clamp=0.0000 logvar_p_mean=-0.8814 logvar_p_clamp=0.0000
2026-08-30 02:15:28 | Epoch 144/400 | Train Loss 2.0155 Acc 0.2090 | Val Loss 2.0119 Acc 0.2172 AUC 0.6050 Pre 0.1109 Rec 0.1984
2026-08-30 02:15:28 | Diag logvar_q_mean=-0.8893 logvar_q_clamp=0.0000 logvar_p_mean=-0.8890 logvar_p_clamp=0.0000
2026-08-30 02:15:31 | Epoch 145/400 | Train Loss 2.0172 Acc 0.2099 | Val Loss 2.0125 Acc 0.2164 AUC 0.6049 Pre 0.1112 Rec 0.1977
2026-08-30 02:15:32 | Diag logvar_q_mean=-0.8969 logvar_q_clamp=0.0000 logvar_p_mean=-0.8965 logvar_p_clamp=0.0000
2026-08-30 02:15:35 | Epoch 146/400 | Train Loss 2.0178 Acc 0.2107 | Val Loss 2.0131 Acc 0.2151 AUC 0.6051 Pre 0.1308 Rec 0.1986
2026-08-30 02:15:36 | Diag logvar_q_mean=-0.9040 logvar_q_clamp=0.0000 logvar_p_mean=-0.9037 logvar_p_clamp=0.0000
2026-08-30 02:15:39 | Epoch 147/400 | Train Loss 2.0293 Acc 0.2094 | Val Loss 2.0070 Acc 0.2168 AUC 0.6048 Pre 0.1115 Rec 0.1981
2026-08-30 02:15:39 | Diag logvar_q_mean=-0.9114 logvar_q_clamp=0.0000 logvar_p_mean=-0.9109 logvar_p_clamp=0.0000
2026-08-30 02:15:42 | Epoch 148/400 | Train Loss 2.0223 Acc 0.2080 | Val Loss 2.0100 Acc 0.2170 AUC 0.6050 Pre 0.1110 Rec 0.1982
2026-08-30 02:15:43 | Diag logvar_q_mean=-0.9185 logvar_q_clamp=0.0000 logvar_p_mean=-0.9181 logvar_p_clamp=0.0000
2026-08-30 02:15:46 | Epoch 149/400 | Train Loss 2.0137 Acc 0.2117 | Val Loss 2.0240 Acc 0.2167 AUC 0.6046 Pre 0.1110 Rec 0.1980
2026-08-30 02:15:47 | Diag logvar_q_mean=-0.9258 logvar_q_clamp=0.0000 logvar_p_mean=-0.9254 logvar_p_clamp=0.0000
2026-08-30 02:15:50 | Epoch 150/400 | Train Loss 2.0201 Acc 0.2101 | Val Loss 2.0154 Acc 0.2168 AUC 0.6049 Pre 0.1110 Rec 0.1980
2026-08-30 02:15:50 | Diag logvar_q_mean=-0.9331 logvar_q_clamp=0.0000 logvar_p_mean=-0.9328 logvar_p_clamp=0.0000
2026-08-30 02:15:54 | Epoch 151/400 | Train Loss 2.0206 Acc 0.2119 | Val Loss 2.0192 Acc 0.2170 AUC 0.6051 Pre 0.1110 Rec 0.1982
2026-08-30 02:15:54 | Diag logvar_q_mean=-0.9403 logvar_q_clamp=0.0000 logvar_p_mean=-0.9399 logvar_p_clamp=0.0000
2026-08-30 02:15:57 | Epoch 152/400 | Train Loss 2.0242 Acc 0.2099 | Val Loss 2.0120 Acc 0.2172 AUC 0.6051 Pre 0.1108 Rec 0.1984
2026-08-30 02:15:58 | Diag logvar_q_mean=-0.9477 logvar_q_clamp=0.0000 logvar_p_mean=-0.9473 logvar_p_clamp=0.0000
2026-08-30 02:16:01 | Epoch 153/400 | Train Loss 2.0148 Acc 0.2115 | Val Loss 2.0167 Acc 0.2173 AUC 0.6049 Pre 0.1110 Rec 0.1985
2026-08-30 02:16:01 | Diag logvar_q_mean=-0.9545 logvar_q_clamp=0.0000 logvar_p_mean=-0.9542 logvar_p_clamp=0.0000
2026-08-30 02:16:05 | Epoch 154/400 | Train Loss 2.0196 Acc 0.2087 | Val Loss 2.0099 Acc 0.2173 AUC 0.6051 Pre 0.1111 Rec 0.1985
2026-08-30 02:16:05 | Diag logvar_q_mean=-0.9617 logvar_q_clamp=0.0000 logvar_p_mean=-0.9614 logvar_p_clamp=0.0000
2026-08-30 02:16:08 | Epoch 155/400 | Train Loss 2.0181 Acc 0.2119 | Val Loss 2.0048 Acc 0.2172 AUC 0.6049 Pre 0.1113 Rec 0.1984
2026-08-30 02:16:09 | Diag logvar_q_mean=-0.9688 logvar_q_clamp=0.0000 logvar_p_mean=-0.9684 logvar_p_clamp=0.0000
2026-08-30 02:16:12 | Epoch 156/400 | Train Loss 2.0148 Acc 0.2093 | Val Loss 2.0025 Acc 0.2171 AUC 0.6050 Pre 0.1113 Rec 0.1983
2026-08-30 02:16:13 | Diag logvar_q_mean=-0.9762 logvar_q_clamp=0.0000 logvar_p_mean=-0.9758 logvar_p_clamp=0.0000
2026-08-30 02:16:16 | Epoch 157/400 | Train Loss 2.0139 Acc 0.2088 | Val Loss 2.0104 Acc 0.2168 AUC 0.6049 Pre 0.1115 Rec 0.1981
2026-08-30 02:16:16 | Diag logvar_q_mean=-0.9833 logvar_q_clamp=0.0000 logvar_p_mean=-0.9829 logvar_p_clamp=0.0000
2026-08-30 02:16:19 | Epoch 158/400 | Train Loss 2.0160 Acc 0.2092 | Val Loss 2.0099 Acc 0.2169 AUC 0.6050 Pre 0.1114 Rec 0.1981
2026-08-30 02:16:20 | Diag logvar_q_mean=-0.9909 logvar_q_clamp=0.0000 logvar_p_mean=-0.9904 logvar_p_clamp=0.0000
2026-08-30 02:16:23 | Epoch 159/400 | Train Loss 2.0134 Acc 0.2095 | Val Loss 2.0183 Acc 0.2173 AUC 0.6050 Pre 0.1111 Rec 0.1985
2026-08-30 02:16:23 | Diag logvar_q_mean=-0.9976 logvar_q_clamp=0.0000 logvar_p_mean=-0.9973 logvar_p_clamp=0.0000
2026-08-30 02:16:27 | Epoch 160/400 | Train Loss 2.0140 Acc 0.2105 | Val Loss 2.0050 Acc 0.2173 AUC 0.6050 Pre 0.1112 Rec 0.1985
2026-08-30 02:16:27 | Diag logvar_q_mean=-1.0044 logvar_q_clamp=0.0000 logvar_p_mean=-1.0042 logvar_p_clamp=0.0000
2026-08-30 02:16:30 | Epoch 161/400 | Train Loss 2.0134 Acc 0.2109 | Val Loss 2.0046 Acc 0.2170 AUC 0.6052 Pre 0.1113 Rec 0.1982
2026-08-30 02:16:31 | Diag logvar_q_mean=-1.0116 logvar_q_clamp=0.0000 logvar_p_mean=-1.0112 logvar_p_clamp=0.0000
2026-08-30 02:16:34 | Epoch 162/400 | Train Loss 2.0112 Acc 0.2085 | Val Loss 2.0060 Acc 0.2169 AUC 0.6051 Pre 0.1113 Rec 0.1981
2026-08-30 02:16:35 | Diag logvar_q_mean=-1.0186 logvar_q_clamp=0.0000 logvar_p_mean=-1.0182 logvar_p_clamp=0.0000
2026-08-30 02:16:38 | Epoch 163/400 | Train Loss 2.0187 Acc 0.2086 | Val Loss 2.0147 Acc 0.2172 AUC 0.6052 Pre 0.1106 Rec 0.1984
2026-08-30 02:16:38 | Diag logvar_q_mean=-1.0257 logvar_q_clamp=0.0000 logvar_p_mean=-1.0254 logvar_p_clamp=0.0000
2026-08-30 02:16:42 | Epoch 164/400 | Train Loss 2.0115 Acc 0.2107 | Val Loss 2.0066 Acc 0.2170 AUC 0.6052 Pre 0.1108 Rec 0.1982
2026-08-30 02:16:42 | Diag logvar_q_mean=-1.0327 logvar_q_clamp=0.0000 logvar_p_mean=-1.0323 logvar_p_clamp=0.0000
2026-08-30 02:16:46 | Epoch 165/400 | Train Loss 2.0136 Acc 0.2087 | Val Loss 2.0117 Acc 0.2153 AUC 0.6053 Pre 0.1250 Rec 0.1988
2026-08-30 02:16:46 | Diag logvar_q_mean=-1.0398 logvar_q_clamp=0.0000 logvar_p_mean=-1.0393 logvar_p_clamp=0.0000
2026-08-30 02:16:50 | Epoch 166/400 | Train Loss 2.0137 Acc 0.2107 | Val Loss 2.0086 Acc 0.2170 AUC 0.6050 Pre 0.1114 Rec 0.1982
2026-08-30 02:16:50 | Diag logvar_q_mean=-1.0470 logvar_q_clamp=0.0000 logvar_p_mean=-1.0466 logvar_p_clamp=0.0000
2026-08-30 02:16:53 | Epoch 167/400 | Train Loss 2.0110 Acc 0.2140 | Val Loss 2.0095 Acc 0.2172 AUC 0.6048 Pre 0.1111 Rec 0.1984
2026-08-30 02:16:54 | Diag logvar_q_mean=-1.0539 logvar_q_clamp=0.0000 logvar_p_mean=-1.0535 logvar_p_clamp=0.0000
2026-08-30 02:16:57 | Epoch 168/400 | Train Loss 2.0096 Acc 0.2095 | Val Loss 2.0038 Acc 0.2171 AUC 0.6049 Pre 0.1112 Rec 0.1983
2026-08-30 02:16:58 | Diag logvar_q_mean=-1.0612 logvar_q_clamp=0.0000 logvar_p_mean=-1.0608 logvar_p_clamp=0.0000
2026-08-30 02:17:01 | Epoch 169/400 | Train Loss 2.0158 Acc 0.2087 | Val Loss 2.0086 Acc 0.2172 AUC 0.6048 Pre 0.1110 Rec 0.1984
2026-08-30 02:17:02 | Diag logvar_q_mean=-1.0682 logvar_q_clamp=0.0000 logvar_p_mean=-1.0678 logvar_p_clamp=0.0000
2026-08-30 02:17:05 | Epoch 170/400 | Train Loss 2.0134 Acc 0.2098 | Val Loss 2.0112 Acc 0.2168 AUC 0.6048 Pre 0.1109 Rec 0.1980
2026-08-30 02:17:06 | Diag logvar_q_mean=-1.0754 logvar_q_clamp=0.0000 logvar_p_mean=-1.0751 logvar_p_clamp=0.0000
2026-08-30 02:17:09 | Epoch 171/400 | Train Loss 2.0106 Acc 0.2108 | Val Loss 2.0059 Acc 0.2171 AUC 0.6047 Pre 0.1111 Rec 0.1983
2026-08-30 02:17:10 | Diag logvar_q_mean=-1.0825 logvar_q_clamp=0.0000 logvar_p_mean=-1.0822 logvar_p_clamp=0.0000
2026-08-30 02:17:13 | Epoch 172/400 | Train Loss 2.0094 Acc 0.2075 | Val Loss 2.0141 Acc 0.2169 AUC 0.6048 Pre 0.1110 Rec 0.1981
2026-08-30 02:17:13 | Diag logvar_q_mean=-1.0896 logvar_q_clamp=0.0000 logvar_p_mean=-1.0892 logvar_p_clamp=0.0000
2026-08-30 02:17:17 | Epoch 173/400 | Train Loss 2.0143 Acc 0.2096 | Val Loss 2.0235 Acc 0.2147 AUC 0.6048 Pre 0.1108 Rec 0.1982
2026-08-30 02:17:17 | Diag logvar_q_mean=-1.0965 logvar_q_clamp=0.0000 logvar_p_mean=-1.0961 logvar_p_clamp=0.0000
2026-08-30 02:17:21 | Epoch 174/400 | Train Loss 2.0143 Acc 0.2117 | Val Loss 2.0281 Acc 0.2173 AUC 0.6049 Pre 0.1108 Rec 0.1985
2026-08-30 02:17:21 | Diag logvar_q_mean=-1.1033 logvar_q_clamp=0.0000 logvar_p_mean=-1.1030 logvar_p_clamp=0.0000
2026-08-30 02:17:24 | Epoch 175/400 | Train Loss 2.0160 Acc 0.2101 | Val Loss 2.0126 Acc 0.2171 AUC 0.6047 Pre 0.1111 Rec 0.1983
2026-08-30 02:17:25 | Diag logvar_q_mean=-1.1099 logvar_q_clamp=0.0000 logvar_p_mean=-1.1094 logvar_p_clamp=0.0000
2026-08-30 02:17:28 | Epoch 176/400 | Train Loss 2.0147 Acc 0.2099 | Val Loss 2.0109 Acc 0.2170 AUC 0.6048 Pre 0.1110 Rec 0.1982
2026-08-30 02:17:29 | Diag logvar_q_mean=-1.1170 logvar_q_clamp=0.0000 logvar_p_mean=-1.1167 logvar_p_clamp=0.0000
2026-08-30 02:17:32 | Epoch 177/400 | Train Loss 2.0090 Acc 0.2114 | Val Loss 2.0092 Acc 0.2170 AUC 0.6057 Pre 0.1111 Rec 0.1982
2026-08-30 02:17:33 | Diag logvar_q_mean=-1.1236 logvar_q_clamp=0.0000 logvar_p_mean=-1.1233 logvar_p_clamp=0.0000
2026-08-30 02:17:36 | Epoch 178/400 | Train Loss 2.0087 Acc 0.2104 | Val Loss 2.0059 Acc 0.2167 AUC 0.6054 Pre 0.1113 Rec 0.1980
2026-08-30 02:17:36 | Diag logvar_q_mean=-1.1302 logvar_q_clamp=0.0000 logvar_p_mean=-1.1298 logvar_p_clamp=0.0000
2026-08-30 02:17:40 | Epoch 179/400 | Train Loss 2.0044 Acc 0.2098 | Val Loss 2.0097 Acc 0.2165 AUC 0.6050 Pre 0.1111 Rec 0.1978
2026-08-30 02:17:40 | Diag logvar_q_mean=-1.1374 logvar_q_clamp=0.0000 logvar_p_mean=-1.1371 logvar_p_clamp=0.0000
2026-08-30 02:17:44 | Epoch 180/400 | Train Loss 2.0093 Acc 0.2107 | Val Loss 2.0157 Acc 0.2172 AUC 0.6052 Pre 0.1109 Rec 0.1984
2026-08-30 02:17:44 | Diag logvar_q_mean=-1.1437 logvar_q_clamp=0.0000 logvar_p_mean=-1.1432 logvar_p_clamp=0.0000
2026-08-30 02:17:47 | Epoch 181/400 | Train Loss 2.0036 Acc 0.2114 | Val Loss 2.0072 Acc 0.2167 AUC 0.6048 Pre 0.1116 Rec 0.1980
2026-08-30 02:17:48 | Diag logvar_q_mean=-1.1500 logvar_q_clamp=0.0000 logvar_p_mean=-1.1496 logvar_p_clamp=0.0000
2026-08-30 02:17:51 | Epoch 182/400 | Train Loss 2.0043 Acc 0.2137 | Val Loss 2.0076 Acc 0.2171 AUC 0.6056 Pre 0.1111 Rec 0.1983
2026-08-30 02:17:52 | Diag logvar_q_mean=-1.1567 logvar_q_clamp=0.0000 logvar_p_mean=-1.1563 logvar_p_clamp=0.0000
2026-08-30 02:17:55 | Epoch 183/400 | Train Loss 2.0083 Acc 0.2109 | Val Loss 2.0140 Acc 0.2168 AUC 0.6057 Pre 0.1113 Rec 0.1981
2026-08-30 02:17:56 | Diag logvar_q_mean=-1.1629 logvar_q_clamp=0.0000 logvar_p_mean=-1.1623 logvar_p_clamp=0.0000
2026-08-30 02:17:59 | Epoch 184/400 | Train Loss 1.9996 Acc 0.2097 | Val Loss 2.0133 Acc 0.2172 AUC 0.6053 Pre 0.1111 Rec 0.1984
2026-08-30 02:17:59 | Diag logvar_q_mean=-1.1692 logvar_q_clamp=0.0000 logvar_p_mean=-1.1689 logvar_p_clamp=0.0000
2026-08-30 02:18:03 | Epoch 185/400 | Train Loss 1.9972 Acc 0.2084 | Val Loss 2.0143 Acc 0.2172 AUC 0.6053 Pre 0.1111 Rec 0.1984
2026-08-30 02:18:03 | Diag logvar_q_mean=-1.1756 logvar_q_clamp=0.0000 logvar_p_mean=-1.1755 logvar_p_clamp=0.0000
2026-08-30 02:18:06 | Epoch 186/400 | Train Loss 1.9968 Acc 0.2107 | Val Loss 2.0107 Acc 0.2168 AUC 0.6051 Pre 0.1111 Rec 0.1981
2026-08-30 02:18:07 | Diag logvar_q_mean=-1.1820 logvar_q_clamp=0.0000 logvar_p_mean=-1.1817 logvar_p_clamp=0.0000
2026-08-30 02:18:10 | Epoch 187/400 | Train Loss 1.9986 Acc 0.2122 | Val Loss 2.0162 Acc 0.2169 AUC 0.6051 Pre 0.1110 Rec 0.1981
2026-08-30 02:18:11 | Diag logvar_q_mean=-1.1882 logvar_q_clamp=0.0000 logvar_p_mean=-1.1879 logvar_p_clamp=0.0000
2026-08-30 02:18:14 | Epoch 188/400 | Train Loss 1.9996 Acc 0.2097 | Val Loss 2.0111 Acc 0.2169 AUC 0.6052 Pre 0.1111 Rec 0.1981
2026-08-30 02:18:15 | Diag logvar_q_mean=-1.1946 logvar_q_clamp=0.0000 logvar_p_mean=-1.1943 logvar_p_clamp=0.0000
2026-08-30 02:18:18 | Epoch 189/400 | Train Loss 2.0044 Acc 0.2122 | Val Loss 2.0299 Acc 0.2161 AUC 0.6049 Pre 0.1110 Rec 0.1974
2026-08-30 02:18:18 | Diag logvar_q_mean=-1.2011 logvar_q_clamp=0.0000 logvar_p_mean=-1.2005 logvar_p_clamp=0.0000
2026-08-30 02:18:22 | Epoch 190/400 | Train Loss 2.0077 Acc 0.2117 | Val Loss 2.0308 Acc 0.2171 AUC 0.6055 Pre 0.1110 Rec 0.1983
2026-08-30 02:18:22 | Diag logvar_q_mean=-1.2073 logvar_q_clamp=0.0000 logvar_p_mean=-1.2068 logvar_p_clamp=0.0000
2026-08-30 02:18:26 | Epoch 191/400 | Train Loss 1.9929 Acc 0.2120 | Val Loss 2.0164 Acc 0.2167 AUC 0.6055 Pre 0.1112 Rec 0.1980
2026-08-30 02:18:26 | Diag logvar_q_mean=-1.2132 logvar_q_clamp=0.0000 logvar_p_mean=-1.2129 logvar_p_clamp=0.0000
2026-08-30 02:18:29 | Epoch 192/400 | Train Loss 1.9947 Acc 0.2108 | Val Loss 2.0356 Acc 0.2169 AUC 0.6055 Pre 0.1111 Rec 0.1981
2026-08-30 02:18:30 | Diag logvar_q_mean=-1.2193 logvar_q_clamp=0.0000 logvar_p_mean=-1.2189 logvar_p_clamp=0.0000
2026-08-30 02:18:33 | Epoch 193/400 | Train Loss 1.9935 Acc 0.2105 | Val Loss 2.0267 Acc 0.2164 AUC 0.6050 Pre 0.1110 Rec 0.1977
2026-08-30 02:18:34 | Diag logvar_q_mean=-1.2254 logvar_q_clamp=0.0000 logvar_p_mean=-1.2251 logvar_p_clamp=0.0000
2026-08-30 02:18:37 | Epoch 194/400 | Train Loss 1.9901 Acc 0.2104 | Val Loss 2.0260 Acc 0.2171 AUC 0.6048 Pre 0.1109 Rec 0.1983
2026-08-30 02:18:38 | Diag logvar_q_mean=-1.2303 logvar_q_clamp=0.0000 logvar_p_mean=-1.2302 logvar_p_clamp=0.0000
2026-08-30 02:18:41 | Epoch 195/400 | Train Loss 1.9901 Acc 0.2108 | Val Loss 2.0083 Acc 0.2173 AUC 0.6061 Pre 0.1113 Rec 0.1985
2026-08-30 02:18:41 | Diag logvar_q_mean=-1.2362 logvar_q_clamp=0.0000 logvar_p_mean=-1.2360 logvar_p_clamp=0.0000
2026-08-30 02:18:45 | Epoch 196/400 | Train Loss 1.9838 Acc 0.2109 | Val Loss 2.0058 Acc 0.2171 AUC 0.6057 Pre 0.1112 Rec 0.1983
2026-08-30 02:18:45 | Diag logvar_q_mean=-1.2416 logvar_q_clamp=0.0000 logvar_p_mean=-1.2414 logvar_p_clamp=0.0000
2026-08-30 02:18:49 | Epoch 197/400 | Train Loss 1.9890 Acc 0.2125 | Val Loss 2.0175 Acc 0.2165 AUC 0.6054 Pre 0.1110 Rec 0.1978
2026-08-30 02:18:49 | Diag logvar_q_mean=-1.2468 logvar_q_clamp=0.0000 logvar_p_mean=-1.2464 logvar_p_clamp=0.0000
2026-08-30 02:18:52 | Epoch 198/400 | Train Loss 1.9832 Acc 0.2123 | Val Loss 2.0095 Acc 0.2170 AUC 0.6051 Pre 0.1112 Rec 0.1982
2026-08-30 02:18:53 | Diag logvar_q_mean=-1.2520 logvar_q_clamp=0.0000 logvar_p_mean=-1.2519 logvar_p_clamp=0.0000
2026-08-30 02:18:56 | Epoch 199/400 | Train Loss 1.9813 Acc 0.2108 | Val Loss 2.0139 Acc 0.2167 AUC 0.6051 Pre 0.1114 Rec 0.1980
2026-08-30 02:18:57 | Diag logvar_q_mean=-1.2578 logvar_q_clamp=0.0000 logvar_p_mean=-1.2576 logvar_p_clamp=0.0000
2026-08-30 02:19:00 | Epoch 200/400 | Train Loss 1.9874 Acc 0.2095 | Val Loss 2.0090 Acc 0.2171 AUC 0.6050 Pre 0.1113 Rec 0.1983
2026-08-30 02:19:00 | Diag logvar_q_mean=-1.2637 logvar_q_clamp=0.0000 logvar_p_mean=-1.2635 logvar_p_clamp=0.0000
2026-08-30 02:19:04 | Epoch 201/400 | Train Loss 1.9795 Acc 0.2102 | Val Loss 2.0101 Acc 0.2173 AUC 0.6055 Pre 0.1111 Rec 0.1985
2026-08-30 02:19:04 | Diag logvar_q_mean=-1.2693 logvar_q_clamp=0.0000 logvar_p_mean=-1.2691 logvar_p_clamp=0.0000
2026-08-30 02:19:08 | Epoch 202/400 | Train Loss 1.9762 Acc 0.2119 | Val Loss 2.0123 Acc 0.2169 AUC 0.6051 Pre 0.1114 Rec 0.1981
2026-08-30 02:19:08 | Diag logvar_q_mean=-1.2745 logvar_q_clamp=0.0000 logvar_p_mean=-1.2742 logvar_p_clamp=0.0000
2026-08-30 02:19:11 | Epoch 203/400 | Train Loss 1.9790 Acc 0.2100 | Val Loss 2.0124 Acc 0.2172 AUC 0.6056 Pre 0.1111 Rec 0.1984
2026-08-30 02:19:12 | Diag logvar_q_mean=-1.2807 logvar_q_clamp=0.0000 logvar_p_mean=-1.2805 logvar_p_clamp=0.0000
2026-08-30 02:19:15 | Epoch 204/400 | Train Loss 1.9813 Acc 0.2111 | Val Loss 2.0156 Acc 0.2172 AUC 0.6054 Pre 0.1109 Rec 0.1984
2026-08-30 02:19:16 | Diag logvar_q_mean=-1.2864 logvar_q_clamp=0.0000 logvar_p_mean=-1.2862 logvar_p_clamp=0.0000
2026-08-30 02:19:19 | Epoch 205/400 | Train Loss 1.9848 Acc 0.2097 | Val Loss 2.0343 Acc 0.2170 AUC 0.6053 Pre 0.1111 Rec 0.1982
2026-08-30 02:19:19 | Diag logvar_q_mean=-1.2921 logvar_q_clamp=0.0000 logvar_p_mean=-1.2918 logvar_p_clamp=0.0000
2026-08-30 02:19:23 | Epoch 206/400 | Train Loss 1.9848 Acc 0.2105 | Val Loss 2.0135 Acc 0.2170 AUC 0.6054 Pre 0.1111 Rec 0.1982
2026-08-30 02:19:23 | Diag logvar_q_mean=-1.2974 logvar_q_clamp=0.0000 logvar_p_mean=-1.2972 logvar_p_clamp=0.0000
2026-08-30 02:19:27 | Epoch 207/400 | Train Loss 1.9804 Acc 0.2081 | Val Loss 2.0076 Acc 0.2172 AUC 0.6056 Pre 0.1111 Rec 0.1984
2026-08-30 02:19:27 | Diag logvar_q_mean=-1.3029 logvar_q_clamp=0.0000 logvar_p_mean=-1.3027 logvar_p_clamp=0.0000
2026-08-30 02:19:30 | Epoch 208/400 | Train Loss 1.9809 Acc 0.2101 | Val Loss 2.0158 Acc 0.2169 AUC 0.6053 Pre 0.1109 Rec 0.1981
2026-08-30 02:19:31 | Diag logvar_q_mean=-1.3084 logvar_q_clamp=0.0000 logvar_p_mean=-1.3083 logvar_p_clamp=0.0000
2026-08-30 02:19:34 | Epoch 209/400 | Train Loss 1.9826 Acc 0.2102 | Val Loss 2.0152 Acc 0.2168 AUC 0.6054 Pre 0.1109 Rec 0.1980
2026-08-30 02:19:35 | Diag logvar_q_mean=-1.3140 logvar_q_clamp=0.0000 logvar_p_mean=-1.3139 logvar_p_clamp=0.0000
2026-08-30 02:19:38 | Epoch 210/400 | Train Loss 1.9797 Acc 0.2120 | Val Loss 2.0050 Acc 0.2174 AUC 0.6061 Pre 0.1112 Rec 0.1986
2026-08-30 02:19:39 | Diag logvar_q_mean=-1.3198 logvar_q_clamp=0.0000 logvar_p_mean=-1.3197 logvar_p_clamp=0.0000
2026-08-30 02:19:42 | Epoch 211/400 | Train Loss 1.9795 Acc 0.2095 | Val Loss 2.0100 Acc 0.2172 AUC 0.6056 Pre 0.1111 Rec 0.1984
2026-08-30 02:19:42 | Diag logvar_q_mean=-1.3252 logvar_q_clamp=0.0000 logvar_p_mean=-1.3251 logvar_p_clamp=0.0000
2026-08-30 02:19:46 | Epoch 212/400 | Train Loss 1.9815 Acc 0.2120 | Val Loss 2.0116 Acc 0.2172 AUC 0.6054 Pre 0.1111 Rec 0.1984
2026-08-30 02:19:46 | Diag logvar_q_mean=-1.3314 logvar_q_clamp=0.0000 logvar_p_mean=-1.3311 logvar_p_clamp=0.0000
2026-08-30 02:19:50 | Epoch 213/400 | Train Loss 1.9839 Acc 0.2112 | Val Loss 2.0060 Acc 0.2175 AUC 0.6055 Pre 0.1112 Rec 0.1987
2026-08-30 02:19:50 | Diag logvar_q_mean=-1.3365 logvar_q_clamp=0.0000 logvar_p_mean=-1.3363 logvar_p_clamp=0.0000
2026-08-30 02:19:53 | Epoch 214/400 | Train Loss 1.9756 Acc 0.2134 | Val Loss 2.0042 Acc 0.2169 AUC 0.6050 Pre 0.1114 Rec 0.1981
2026-08-30 02:19:54 | Diag logvar_q_mean=-1.3421 logvar_q_clamp=0.0000 logvar_p_mean=-1.3419 logvar_p_clamp=0.0000
2026-08-30 02:19:57 | Epoch 215/400 | Train Loss 1.9781 Acc 0.2099 | Val Loss 2.0050 Acc 0.2173 AUC 0.6053 Pre 0.1114 Rec 0.1985
2026-08-30 02:19:58 | Diag logvar_q_mean=-1.3479 logvar_q_clamp=0.0000 logvar_p_mean=-1.3477 logvar_p_clamp=0.0000
2026-08-30 02:20:01 | Epoch 216/400 | Train Loss 1.9856 Acc 0.2120 | Val Loss 2.0077 Acc 0.2174 AUC 0.6053 Pre 0.1114 Rec 0.1986
2026-08-30 02:20:02 | Diag logvar_q_mean=-1.3529 logvar_q_clamp=0.0000 logvar_p_mean=-1.3527 logvar_p_clamp=0.0000
2026-08-30 02:20:05 | Epoch 217/400 | Train Loss 1.9868 Acc 0.2113 | Val Loss 2.0225 Acc 0.2172 AUC 0.6054 Pre 0.1110 Rec 0.1984
2026-08-30 02:20:05 | Diag logvar_q_mean=-1.3580 logvar_q_clamp=0.0000 logvar_p_mean=-1.3579 logvar_p_clamp=0.0000
2026-08-30 02:20:09 | Epoch 218/400 | Train Loss 1.9881 Acc 0.2111 | Val Loss 2.0134 Acc 0.2168 AUC 0.6050 Pre 0.1113 Rec 0.1980
2026-08-30 02:20:09 | Diag logvar_q_mean=-1.3634 logvar_q_clamp=0.0000 logvar_p_mean=-1.3632 logvar_p_clamp=0.0000
2026-08-30 02:20:13 | Epoch 219/400 | Train Loss 1.9830 Acc 0.2092 | Val Loss 2.0112 Acc 0.2170 AUC 0.6048 Pre 0.1113 Rec 0.1982
2026-08-30 02:20:13 | Diag logvar_q_mean=-1.3687 logvar_q_clamp=0.0000 logvar_p_mean=-1.3684 logvar_p_clamp=0.0000
2026-08-30 02:20:16 | Epoch 220/400 | Train Loss 1.9825 Acc 0.2118 | Val Loss 2.0040 Acc 0.2168 AUC 0.6053 Pre 0.1116 Rec 0.1981
2026-08-30 02:20:17 | Diag logvar_q_mean=-1.3740 logvar_q_clamp=0.0000 logvar_p_mean=-1.3738 logvar_p_clamp=0.0000
2026-08-30 02:20:20 | Epoch 221/400 | Train Loss 1.9819 Acc 0.2129 | Val Loss 2.0056 Acc 0.2170 AUC 0.6054 Pre 0.1114 Rec 0.1982
2026-08-30 02:20:21 | Diag logvar_q_mean=-1.3791 logvar_q_clamp=0.0000 logvar_p_mean=-1.3789 logvar_p_clamp=0.0000
2026-08-30 02:20:24 | Epoch 222/400 | Train Loss 1.9819 Acc 0.2123 | Val Loss 2.0027 Acc 0.2171 AUC 0.6058 Pre 0.1115 Rec 0.1983
2026-08-30 02:20:25 | Diag logvar_q_mean=-1.3841 logvar_q_clamp=0.0000 logvar_p_mean=-1.3840 logvar_p_clamp=0.0000
2026-08-30 02:20:28 | Epoch 223/400 | Train Loss 1.9793 Acc 0.2107 | Val Loss 2.0078 Acc 0.2170 AUC 0.6058 Pre 0.1114 Rec 0.1982
2026-08-30 02:20:28 | Diag logvar_q_mean=-1.3894 logvar_q_clamp=0.0000 logvar_p_mean=-1.3892 logvar_p_clamp=0.0000
2026-08-30 02:20:32 | Epoch 224/400 | Train Loss 1.9810 Acc 0.2122 | Val Loss 2.0070 Acc 0.2169 AUC 0.6058 Pre 0.1115 Rec 0.1981
2026-08-30 02:20:32 | Diag logvar_q_mean=-1.3942 logvar_q_clamp=0.0000 logvar_p_mean=-1.3940 logvar_p_clamp=0.0000
2026-08-30 02:20:35 | Epoch 225/400 | Train Loss 1.9763 Acc 0.2114 | Val Loss 2.0083 Acc 0.2167 AUC 0.6056 Pre 0.1116 Rec 0.1980
2026-08-30 02:20:36 | Diag logvar_q_mean=-1.3996 logvar_q_clamp=0.0000 logvar_p_mean=-1.3994 logvar_p_clamp=0.0000
2026-08-30 02:20:39 | Epoch 226/400 | Train Loss 1.9773 Acc 0.2100 | Val Loss 2.0075 Acc 0.2171 AUC 0.6054 Pre 0.1113 Rec 0.1983
2026-08-30 02:20:39 | Diag logvar_q_mean=-1.4052 logvar_q_clamp=0.0000 logvar_p_mean=-1.4050 logvar_p_clamp=0.0000
2026-08-30 02:20:43 | Epoch 227/400 | Train Loss 1.9775 Acc 0.2130 | Val Loss 2.0108 Acc 0.2172 AUC 0.6056 Pre 0.1114 Rec 0.1984
2026-08-30 02:20:43 | Diag logvar_q_mean=-1.4104 logvar_q_clamp=0.0000 logvar_p_mean=-1.4103 logvar_p_clamp=0.0000
2026-08-30 02:20:46 | Epoch 228/400 | Train Loss 1.9754 Acc 0.2125 | Val Loss 2.0061 Acc 0.2172 AUC 0.6054 Pre 0.1113 Rec 0.1984
2026-08-30 02:20:47 | Diag logvar_q_mean=-1.4158 logvar_q_clamp=0.0000 logvar_p_mean=-1.4156 logvar_p_clamp=0.0000
2026-08-30 02:20:50 | Epoch 229/400 | Train Loss 1.9751 Acc 0.2148 | Val Loss 2.0040 Acc 0.2170 AUC 0.6051 Pre 0.1116 Rec 0.1982
2026-08-30 02:20:50 | Diag logvar_q_mean=-1.4205 logvar_q_clamp=0.0000 logvar_p_mean=-1.4203 logvar_p_clamp=0.0000
2026-08-30 02:20:54 | Epoch 230/400 | Train Loss 1.9744 Acc 0.2129 | Val Loss 2.0054 Acc 0.2169 AUC 0.6055 Pre 0.1114 Rec 0.1981
2026-08-30 02:20:54 | Diag logvar_q_mean=-1.4259 logvar_q_clamp=0.0000 logvar_p_mean=-1.4257 logvar_p_clamp=0.0000
2026-08-30 02:20:57 | Epoch 231/400 | Train Loss 1.9760 Acc 0.2118 | Val Loss 2.0048 Acc 0.2169 AUC 0.6047 Pre 0.1115 Rec 0.1981
2026-08-30 02:20:58 | Diag logvar_q_mean=-1.4310 logvar_q_clamp=0.0000 logvar_p_mean=-1.4308 logvar_p_clamp=0.0000
2026-08-30 02:21:01 | Epoch 232/400 | Train Loss 1.9733 Acc 0.2117 | Val Loss 2.0057 Acc 0.2170 AUC 0.6054 Pre 0.1114 Rec 0.1982
2026-08-30 02:21:02 | Diag logvar_q_mean=-1.4361 logvar_q_clamp=0.0000 logvar_p_mean=-1.4359 logvar_p_clamp=0.0000
2026-08-30 02:21:05 | Epoch 233/400 | Train Loss 1.9704 Acc 0.2136 | Val Loss 2.0025 Acc 0.2170 AUC 0.6055 Pre 0.1115 Rec 0.1982
2026-08-30 02:21:05 | Diag logvar_q_mean=-1.4412 logvar_q_clamp=0.0000 logvar_p_mean=-1.4410 logvar_p_clamp=0.0000
2026-08-30 02:21:08 | Epoch 234/400 | Train Loss 1.9712 Acc 0.2150 | Val Loss 2.0037 Acc 0.2169 AUC 0.6051 Pre 0.1115 Rec 0.1981
2026-08-30 02:21:09 | Diag logvar_q_mean=-1.4463 logvar_q_clamp=0.0000 logvar_p_mean=-1.4461 logvar_p_clamp=0.0000
2026-08-30 02:21:12 | Epoch 235/400 | Train Loss 1.9740 Acc 0.2119 | Val Loss 2.0056 Acc 0.2167 AUC 0.6047 Pre 0.1115 Rec 0.1980
2026-08-30 02:21:12 | Diag logvar_q_mean=-1.4514 logvar_q_clamp=0.0000 logvar_p_mean=-1.4513 logvar_p_clamp=0.0000
2026-08-30 02:21:16 | Epoch 236/400 | Train Loss 1.9717 Acc 0.2121 | Val Loss 2.0262 Acc 0.2155 AUC 0.6042 Pre 0.1115 Rec 0.1969
2026-08-30 02:21:16 | Diag logvar_q_mean=-1.4567 logvar_q_clamp=0.0000 logvar_p_mean=-1.4564 logvar_p_clamp=0.0000
2026-08-30 02:21:20 | Epoch 237/400 | Train Loss 1.9788 Acc 0.2096 | Val Loss 2.0078 Acc 0.2169 AUC 0.6047 Pre 0.1117 Rec 0.1981
2026-08-30 02:21:20 | Diag logvar_q_mean=-1.4622 logvar_q_clamp=0.0000 logvar_p_mean=-1.4619 logvar_p_clamp=0.0000
2026-08-30 02:21:23 | Epoch 238/400 | Train Loss 1.9771 Acc 0.2127 | Val Loss 2.0097 Acc 0.2142 AUC 0.6049 Pre 0.1115 Rec 0.1978
2026-08-30 02:21:24 | Diag logvar_q_mean=-1.4672 logvar_q_clamp=0.0000 logvar_p_mean=-1.4670 logvar_p_clamp=0.0000
2026-08-30 02:21:27 | Epoch 239/400 | Train Loss 1.9723 Acc 0.2140 | Val Loss 2.0006 Acc 0.2171 AUC 0.6059 Pre 0.1116 Rec 0.1983
2026-08-30 02:21:27 | Diag logvar_q_mean=-1.4718 logvar_q_clamp=0.0000 logvar_p_mean=-1.4718 logvar_p_clamp=0.0000
2026-08-30 02:21:31 | Epoch 240/400 | Train Loss 1.9708 Acc 0.2133 | Val Loss 2.0021 Acc 0.2169 AUC 0.6049 Pre 0.1116 Rec 0.1981
2026-08-30 02:21:31 | Diag logvar_q_mean=-1.4770 logvar_q_clamp=0.0000 logvar_p_mean=-1.4769 logvar_p_clamp=0.0000
2026-08-30 02:21:34 | Epoch 241/400 | Train Loss 1.9786 Acc 0.2139 | Val Loss 2.0029 Acc 0.2171 AUC 0.6054 Pre 0.1615 Rec 0.1983
2026-08-30 02:21:35 | Diag logvar_q_mean=-1.4826 logvar_q_clamp=0.0000 logvar_p_mean=-1.4823 logvar_p_clamp=0.0000
2026-08-30 02:21:38 | Epoch 242/400 | Train Loss 1.9780 Acc 0.2107 | Val Loss 2.0034 Acc 0.2171 AUC 0.6051 Pre 0.1115 Rec 0.1983
2026-08-30 02:21:39 | Diag logvar_q_mean=-1.4878 logvar_q_clamp=0.0000 logvar_p_mean=-1.4877 logvar_p_clamp=0.0000
2026-08-30 02:21:42 | Epoch 243/400 | Train Loss 1.9764 Acc 0.2130 | Val Loss 2.0091 Acc 0.2169 AUC 0.6056 Pre 0.1114 Rec 0.1981
2026-08-30 02:21:42 | Diag logvar_q_mean=-1.4933 logvar_q_clamp=0.0000 logvar_p_mean=-1.4932 logvar_p_clamp=0.0000
2026-08-30 02:21:46 | Epoch 244/400 | Train Loss 1.9744 Acc 0.2121 | Val Loss 2.0055 Acc 0.2166 AUC 0.6049 Pre 0.1116 Rec 0.1979
2026-08-30 02:21:46 | Diag logvar_q_mean=-1.4984 logvar_q_clamp=0.0000 logvar_p_mean=-1.4982 logvar_p_clamp=0.0000
2026-08-30 02:21:50 | Epoch 245/400 | Train Loss 1.9737 Acc 0.2127 | Val Loss 2.0044 Acc 0.2167 AUC 0.6052 Pre 0.1116 Rec 0.1980
2026-08-30 02:21:50 | Diag logvar_q_mean=-1.5038 logvar_q_clamp=0.0000 logvar_p_mean=-1.5037 logvar_p_clamp=0.0000
2026-08-30 02:21:54 | Epoch 246/400 | Train Loss 1.9766 Acc 0.2104 | Val Loss 2.0065 Acc 0.2170 AUC 0.6054 Pre 0.1115 Rec 0.1982
2026-08-30 02:21:54 | Diag logvar_q_mean=-1.5089 logvar_q_clamp=0.0000 logvar_p_mean=-1.5088 logvar_p_clamp=0.0000
2026-08-30 02:21:58 | Epoch 247/400 | Train Loss 1.9765 Acc 0.2113 | Val Loss 2.0112 Acc 0.2170 AUC 0.6055 Pre 0.1113 Rec 0.1982
2026-08-30 02:21:58 | Diag logvar_q_mean=-1.5141 logvar_q_clamp=0.0000 logvar_p_mean=-1.5138 logvar_p_clamp=0.0000
2026-08-30 02:22:02 | Epoch 248/400 | Train Loss 1.9765 Acc 0.2097 | Val Loss 2.0171 Acc 0.2170 AUC 0.6058 Pre 0.1109 Rec 0.1982
2026-08-30 02:22:02 | Diag logvar_q_mean=-1.5189 logvar_q_clamp=0.0000 logvar_p_mean=-1.5187 logvar_p_clamp=0.0000
2026-08-30 02:22:06 | Epoch 249/400 | Train Loss 1.9722 Acc 0.2100 | Val Loss 2.0067 Acc 0.2167 AUC 0.6052 Pre 0.1117 Rec 0.1980
2026-08-30 02:22:06 | Diag logvar_q_mean=-1.5241 logvar_q_clamp=0.0000 logvar_p_mean=-1.5241 logvar_p_clamp=0.0000
2026-08-30 02:22:10 | Epoch 250/400 | Train Loss 1.9738 Acc 0.2100 | Val Loss 2.0126 Acc 0.2163 AUC 0.6047 Pre 0.1115 Rec 0.1976
2026-08-30 02:22:10 | Diag logvar_q_mean=-1.5295 logvar_q_clamp=0.0000 logvar_p_mean=-1.5293 logvar_p_clamp=0.0000
2026-08-30 02:22:14 | Epoch 251/400 | Train Loss 1.9758 Acc 0.2101 | Val Loss 2.0112 Acc 0.2172 AUC 0.6057 Pre 0.1110 Rec 0.1984
2026-08-30 02:22:14 | Diag logvar_q_mean=-1.5346 logvar_q_clamp=0.0000 logvar_p_mean=-1.5345 logvar_p_clamp=0.0000
2026-08-30 02:22:17 | Epoch 252/400 | Train Loss 1.9735 Acc 0.2096 | Val Loss 2.0071 Acc 0.2172 AUC 0.6054 Pre 0.1112 Rec 0.1984
2026-08-30 02:22:18 | Diag logvar_q_mean=-1.5401 logvar_q_clamp=0.0000 logvar_p_mean=-1.5399 logvar_p_clamp=0.0000
2026-08-30 02:22:21 | Epoch 253/400 | Train Loss 1.9736 Acc 0.2138 | Val Loss 2.0078 Acc 0.2172 AUC 0.6056 Pre 0.1114 Rec 0.1984
2026-08-30 02:22:22 | Diag logvar_q_mean=-1.5446 logvar_q_clamp=0.0000 logvar_p_mean=-1.5445 logvar_p_clamp=0.0000
2026-08-30 02:22:25 | Epoch 254/400 | Train Loss 1.9717 Acc 0.2126 | Val Loss 2.0081 Acc 0.2172 AUC 0.6056 Pre 0.1115 Rec 0.1984
2026-08-30 02:22:26 | Diag logvar_q_mean=-1.5498 logvar_q_clamp=0.0000 logvar_p_mean=-1.5496 logvar_p_clamp=0.0000
2026-08-30 02:22:29 | Epoch 255/400 | Train Loss 1.9726 Acc 0.2143 | Val Loss 2.0113 Acc 0.2165 AUC 0.6052 Pre 0.1114 Rec 0.1978
2026-08-30 02:22:30 | Diag logvar_q_mean=-1.5546 logvar_q_clamp=0.0000 logvar_p_mean=-1.5545 logvar_p_clamp=0.0000
2026-08-30 02:22:33 | Epoch 256/400 | Train Loss 1.9721 Acc 0.2125 | Val Loss 2.0068 Acc 0.2167 AUC 0.6054 Pre 0.1114 Rec 0.1980
2026-08-30 02:22:33 | Diag logvar_q_mean=-1.5597 logvar_q_clamp=0.0000 logvar_p_mean=-1.5595 logvar_p_clamp=0.0000
2026-08-30 02:22:37 | Epoch 257/400 | Train Loss 1.9741 Acc 0.2098 | Val Loss 2.0040 Acc 0.2165 AUC 0.6052 Pre 0.1112 Rec 0.1978
2026-08-30 02:22:37 | Diag logvar_q_mean=-1.5649 logvar_q_clamp=0.0000 logvar_p_mean=-1.5648 logvar_p_clamp=0.0000
2026-08-30 02:22:40 | Epoch 258/400 | Train Loss 1.9721 Acc 0.2126 | Val Loss 2.0020 Acc 0.2171 AUC 0.6053 Pre 0.1113 Rec 0.1983
2026-08-30 02:22:41 | Diag logvar_q_mean=-1.5702 logvar_q_clamp=0.0000 logvar_p_mean=-1.5701 logvar_p_clamp=0.0000
2026-08-30 02:22:44 | Epoch 259/400 | Train Loss 1.9713 Acc 0.2101 | Val Loss 2.0017 Acc 0.2168 AUC 0.6049 Pre 0.1113 Rec 0.1980
2026-08-30 02:22:45 | Diag logvar_q_mean=-1.5751 logvar_q_clamp=0.0000 logvar_p_mean=-1.5750 logvar_p_clamp=0.0000
2026-08-30 02:22:48 | Epoch 260/400 | Train Loss 1.9688 Acc 0.2114 | Val Loss 2.0050 Acc 0.2169 AUC 0.6050 Pre 0.1113 Rec 0.1981
2026-08-30 02:22:49 | Diag logvar_q_mean=-1.5802 logvar_q_clamp=0.0000 logvar_p_mean=-1.5800 logvar_p_clamp=0.0000
2026-08-30 02:22:52 | Epoch 261/400 | Train Loss 1.9701 Acc 0.2085 | Val Loss 2.0078 Acc 0.2167 AUC 0.6050 Pre 0.1115 Rec 0.1980
2026-08-30 02:22:52 | Diag logvar_q_mean=-1.5860 logvar_q_clamp=0.0000 logvar_p_mean=-1.5858 logvar_p_clamp=0.0000
2026-08-30 02:22:56 | Epoch 262/400 | Train Loss 1.9705 Acc 0.2139 | Val Loss 2.0014 Acc 0.2170 AUC 0.6055 Pre 0.1113 Rec 0.1982
2026-08-30 02:22:56 | Diag logvar_q_mean=-1.5910 logvar_q_clamp=0.0000 logvar_p_mean=-1.5909 logvar_p_clamp=0.0000
2026-08-30 02:23:00 | Epoch 263/400 | Train Loss 1.9709 Acc 0.2123 | Val Loss 2.0034 Acc 0.2166 AUC 0.6049 Pre 0.1115 Rec 0.1979
2026-08-30 02:23:00 | Diag logvar_q_mean=-1.5960 logvar_q_clamp=0.0000 logvar_p_mean=-1.5959 logvar_p_clamp=0.0000
2026-08-30 02:23:03 | Epoch 264/400 | Train Loss 1.9738 Acc 0.2092 | Val Loss 2.0029 Acc 0.2169 AUC 0.6051 Pre 0.1116 Rec 0.1981
2026-08-30 02:23:04 | Diag logvar_q_mean=-1.6015 logvar_q_clamp=0.0000 logvar_p_mean=-1.6013 logvar_p_clamp=0.0000
2026-08-30 02:23:07 | Epoch 265/400 | Train Loss 1.9714 Acc 0.2112 | Val Loss 2.0100 Acc 0.2168 AUC 0.6052 Pre 0.1109 Rec 0.1980
2026-08-30 02:23:08 | Diag logvar_q_mean=-1.6066 logvar_q_clamp=0.0000 logvar_p_mean=-1.6066 logvar_p_clamp=0.0000
2026-08-30 02:23:11 | Epoch 266/400 | Train Loss 1.9721 Acc 0.2130 | Val Loss 2.0082 Acc 0.2169 AUC 0.6050 Pre 0.1111 Rec 0.1981
2026-08-30 02:23:12 | Diag logvar_q_mean=-1.6113 logvar_q_clamp=0.0000 logvar_p_mean=-1.6112 logvar_p_clamp=0.0000
2026-08-30 02:23:15 | Epoch 267/400 | Train Loss 1.9685 Acc 0.2133 | Val Loss 2.0104 Acc 0.2169 AUC 0.6049 Pre 0.1112 Rec 0.1981
2026-08-30 02:23:16 | Diag logvar_q_mean=-1.6168 logvar_q_clamp=0.0000 logvar_p_mean=-1.6166 logvar_p_clamp=0.0000
2026-08-30 02:23:19 | Epoch 268/400 | Train Loss 1.9716 Acc 0.2146 | Val Loss 2.0140 Acc 0.2169 AUC 0.6048 Pre 0.1111 Rec 0.1981
2026-08-30 02:23:19 | Diag logvar_q_mean=-1.6219 logvar_q_clamp=0.0000 logvar_p_mean=-1.6217 logvar_p_clamp=0.0000
2026-08-30 02:23:23 | Epoch 269/400 | Train Loss 1.9697 Acc 0.2121 | Val Loss 2.0062 Acc 0.2148 AUC 0.6047 Pre 0.1212 Rec 0.1983
2026-08-30 02:23:23 | Diag logvar_q_mean=-1.6276 logvar_q_clamp=0.0000 logvar_p_mean=-1.6274 logvar_p_clamp=0.0000
2026-08-30 02:23:26 | Epoch 270/400 | Train Loss 1.9704 Acc 0.2125 | Val Loss 2.0095 Acc 0.2166 AUC 0.6048 Pre 0.1115 Rec 0.1979
2026-08-30 02:23:27 | Diag logvar_q_mean=-1.6329 logvar_q_clamp=0.0000 logvar_p_mean=-1.6328 logvar_p_clamp=0.0000
2026-08-30 02:23:30 | Epoch 271/400 | Train Loss 1.9772 Acc 0.2087 | Val Loss 2.0187 Acc 0.2159 AUC 0.6044 Pre 0.1114 Rec 0.1973
2026-08-30 02:23:31 | Diag logvar_q_mean=-1.6382 logvar_q_clamp=0.0000 logvar_p_mean=-1.6380 logvar_p_clamp=0.0000
2026-08-30 02:23:34 | Epoch 272/400 | Train Loss 1.9724 Acc 0.2139 | Val Loss 1.9999 Acc 0.2169 AUC 0.6048 Pre 0.1116 Rec 0.1981
2026-08-30 02:23:35 | Diag logvar_q_mean=-1.6431 logvar_q_clamp=0.0000 logvar_p_mean=-1.6430 logvar_p_clamp=0.0000
2026-08-30 02:23:38 | Epoch 273/400 | Train Loss 1.9732 Acc 0.2120 | Val Loss 1.9972 Acc 0.2170 AUC 0.6053 Pre 0.1115 Rec 0.1982
2026-08-30 02:23:38 | Diag logvar_q_mean=-1.6479 logvar_q_clamp=0.0000 logvar_p_mean=-1.6477 logvar_p_clamp=0.0000
2026-08-30 02:23:42 | Epoch 274/400 | Train Loss 1.9714 Acc 0.2116 | Val Loss 2.0043 Acc 0.2169 AUC 0.6048 Pre 0.1115 Rec 0.1981
2026-08-30 02:23:42 | Diag logvar_q_mean=-1.6536 logvar_q_clamp=0.0000 logvar_p_mean=-1.6535 logvar_p_clamp=0.0000
2026-08-30 02:23:46 | Epoch 275/400 | Train Loss 1.9702 Acc 0.2122 | Val Loss 2.0073 Acc 0.2165 AUC 0.6046 Pre 0.1116 Rec 0.1978
2026-08-30 02:23:46 | Diag logvar_q_mean=-1.6588 logvar_q_clamp=0.0000 logvar_p_mean=-1.6586 logvar_p_clamp=0.0000
2026-08-30 02:23:49 | Epoch 276/400 | Train Loss 1.9778 Acc 0.2107 | Val Loss 2.0129 Acc 0.2168 AUC 0.6049 Pre 0.1115 Rec 0.1981
2026-08-30 02:23:50 | Diag logvar_q_mean=-1.6632 logvar_q_clamp=0.0000 logvar_p_mean=-1.6630 logvar_p_clamp=0.0000
2026-08-30 02:23:53 | Epoch 277/400 | Train Loss 1.9822 Acc 0.2090 | Val Loss 2.0131 Acc 0.2169 AUC 0.6054 Pre 0.1110 Rec 0.1981
2026-08-30 02:23:54 | Diag logvar_q_mean=-1.6680 logvar_q_clamp=0.0000 logvar_p_mean=-1.6679 logvar_p_clamp=0.0000
2026-08-30 02:23:57 | Epoch 278/400 | Train Loss 1.9761 Acc 0.2110 | Val Loss 2.0054 Acc 0.2167 AUC 0.6050 Pre 0.1116 Rec 0.1980
2026-08-30 02:23:58 | Diag logvar_q_mean=-1.6729 logvar_q_clamp=0.0000 logvar_p_mean=-1.6726 logvar_p_clamp=0.0000
2026-08-30 02:24:01 | Epoch 279/400 | Train Loss 1.9732 Acc 0.2144 | Val Loss 2.0098 Acc 0.2170 AUC 0.6054 Pre 0.1110 Rec 0.1982
2026-08-30 02:24:01 | Diag logvar_q_mean=-1.6768 logvar_q_clamp=0.0000 logvar_p_mean=-1.6766 logvar_p_clamp=0.0000
2026-08-30 02:24:05 | Epoch 280/400 | Train Loss 1.9697 Acc 0.2119 | Val Loss 2.0112 Acc 0.2171 AUC 0.6054 Pre 0.1111 Rec 0.1983
2026-08-30 02:24:05 | Diag logvar_q_mean=-1.6819 logvar_q_clamp=0.0000 logvar_p_mean=-1.6818 logvar_p_clamp=0.0000
2026-08-30 02:24:09 | Epoch 281/400 | Train Loss 1.9785 Acc 0.2127 | Val Loss 1.9999 Acc 0.2170 AUC 0.6051 Pre 0.1116 Rec 0.1982
2026-08-30 02:24:09 | Diag logvar_q_mean=-1.6868 logvar_q_clamp=0.0000 logvar_p_mean=-1.6866 logvar_p_clamp=0.0000
2026-08-30 02:24:13 | Epoch 282/400 | Train Loss 1.9739 Acc 0.2115 | Val Loss 2.0020 Acc 0.2171 AUC 0.6055 Pre 0.1113 Rec 0.1983
2026-08-30 02:24:13 | Diag logvar_q_mean=-1.6921 logvar_q_clamp=0.0000 logvar_p_mean=-1.6920 logvar_p_clamp=0.0000
2026-08-30 02:24:16 | Epoch 283/400 | Train Loss 1.9771 Acc 0.2108 | Val Loss 2.0022 Acc 0.2173 AUC 0.6056 Pre 0.1115 Rec 0.1985
2026-08-30 02:24:17 | Diag logvar_q_mean=-1.6968 logvar_q_clamp=0.0000 logvar_p_mean=-1.6966 logvar_p_clamp=0.0000
2026-08-30 02:24:20 | Epoch 284/400 | Train Loss 1.9729 Acc 0.2106 | Val Loss 2.0022 Acc 0.2173 AUC 0.6060 Pre 0.1114 Rec 0.1985
2026-08-30 02:24:20 | Diag logvar_q_mean=-1.7020 logvar_q_clamp=0.0000 logvar_p_mean=-1.7019 logvar_p_clamp=0.0000
2026-08-30 02:24:24 | Epoch 285/400 | Train Loss 1.9683 Acc 0.2119 | Val Loss 1.9981 Acc 0.2170 AUC 0.6057 Pre 0.1116 Rec 0.1982
2026-08-30 02:24:24 | Diag logvar_q_mean=-1.7068 logvar_q_clamp=0.0000 logvar_p_mean=-1.7067 logvar_p_clamp=0.0000
2026-08-30 02:24:28 | Epoch 286/400 | Train Loss 1.9741 Acc 0.2098 | Val Loss 2.0053 Acc 0.2169 AUC 0.6050 Pre 0.1116 Rec 0.1981
2026-08-30 02:24:28 | Diag logvar_q_mean=-1.7122 logvar_q_clamp=0.0000 logvar_p_mean=-1.7120 logvar_p_clamp=0.0000
2026-08-30 02:24:31 | Epoch 287/400 | Train Loss 1.9708 Acc 0.2149 | Val Loss 2.0007 Acc 0.2168 AUC 0.6055 Pre 0.1116 Rec 0.1981
2026-08-30 02:24:32 | Diag logvar_q_mean=-1.7164 logvar_q_clamp=0.0000 logvar_p_mean=-1.7163 logvar_p_clamp=0.0000
2026-08-30 02:24:35 | Epoch 288/400 | Train Loss 1.9740 Acc 0.2107 | Val Loss 2.0030 Acc 0.2175 AUC 0.6055 Pre 0.1115 Rec 0.1987
2026-08-30 02:24:36 | Diag logvar_q_mean=-1.7215 logvar_q_clamp=0.0000 logvar_p_mean=-1.7213 logvar_p_clamp=0.0000
2026-08-30 02:24:39 | Epoch 289/400 | Train Loss 1.9709 Acc 0.2107 | Val Loss 2.0194 Acc 0.2166 AUC 0.6052 Pre 0.1114 Rec 0.1979
2026-08-30 02:24:40 | Diag logvar_q_mean=-1.7265 logvar_q_clamp=0.0000 logvar_p_mean=-1.7263 logvar_p_clamp=0.0000
2026-08-30 02:24:43 | Epoch 290/400 | Train Loss 1.9708 Acc 0.2121 | Val Loss 2.0022 Acc 0.2171 AUC 0.6053 Pre 0.1113 Rec 0.1983
2026-08-30 02:24:43 | Diag logvar_q_mean=-1.7315 logvar_q_clamp=0.0000 logvar_p_mean=-1.7313 logvar_p_clamp=0.0000
2026-08-30 02:24:47 | Epoch 291/400 | Train Loss 1.9683 Acc 0.2136 | Val Loss 1.9981 Acc 0.2172 AUC 0.6054 Pre 0.1116 Rec 0.1984
2026-08-30 02:24:47 | Diag logvar_q_mean=-1.7362 logvar_q_clamp=0.0000 logvar_p_mean=-1.7361 logvar_p_clamp=0.0000
2026-08-30 02:24:50 | Epoch 292/400 | Train Loss 1.9703 Acc 0.2135 | Val Loss 2.0046 Acc 0.2171 AUC 0.6054 Pre 0.1114 Rec 0.1983
2026-08-30 02:24:51 | Diag logvar_q_mean=-1.7406 logvar_q_clamp=0.0000 logvar_p_mean=-1.7404 logvar_p_clamp=0.0000
2026-08-30 02:24:54 | Epoch 293/400 | Train Loss 1.9681 Acc 0.2139 | Val Loss 2.0269 Acc 0.2161 AUC 0.6046 Pre 0.1115 Rec 0.1974
2026-08-30 02:24:55 | Diag logvar_q_mean=-1.7452 logvar_q_clamp=0.0000 logvar_p_mean=-1.7451 logvar_p_clamp=0.0000
2026-08-30 02:24:58 | Epoch 294/400 | Train Loss 1.9724 Acc 0.2101 | Val Loss 2.0123 Acc 0.2173 AUC 0.6052 Pre 0.1113 Rec 0.1985
2026-08-30 02:24:59 | Diag logvar_q_mean=-1.7506 logvar_q_clamp=0.0000 logvar_p_mean=-1.7505 logvar_p_clamp=0.0000
2026-08-30 02:25:02 | Epoch 295/400 | Train Loss 1.9700 Acc 0.2119 | Val Loss 2.0197 Acc 0.2169 AUC 0.6048 Pre 0.1112 Rec 0.1981
2026-08-30 02:25:02 | Diag logvar_q_mean=-1.7555 logvar_q_clamp=0.0000 logvar_p_mean=-1.7554 logvar_p_clamp=0.0000
2026-08-30 02:25:06 | Epoch 296/400 | Train Loss 1.9744 Acc 0.2097 | Val Loss 2.0143 Acc 0.2171 AUC 0.6049 Pre 0.1115 Rec 0.1983
2026-08-30 02:25:06 | Diag logvar_q_mean=-1.7607 logvar_q_clamp=0.0000 logvar_p_mean=-1.7605 logvar_p_clamp=0.0000
2026-08-30 02:25:09 | Epoch 297/400 | Train Loss 1.9688 Acc 0.2118 | Val Loss 2.0118 Acc 0.2172 AUC 0.6050 Pre 0.1115 Rec 0.1984
2026-08-30 02:25:10 | Diag logvar_q_mean=-1.7654 logvar_q_clamp=0.0000 logvar_p_mean=-1.7652 logvar_p_clamp=0.0000
2026-08-30 02:25:13 | Epoch 298/400 | Train Loss 1.9688 Acc 0.2112 | Val Loss 2.0247 Acc 0.2163 AUC 0.6047 Pre 0.1113 Rec 0.1976
2026-08-30 02:25:14 | Diag logvar_q_mean=-1.7706 logvar_q_clamp=0.0000 logvar_p_mean=-1.7704 logvar_p_clamp=0.0000
2026-08-30 02:25:17 | Epoch 299/400 | Train Loss 1.9736 Acc 0.2096 | Val Loss 2.0109 Acc 0.2172 AUC 0.6049 Pre 0.1114 Rec 0.1984
2026-08-30 02:25:17 | Diag logvar_q_mean=-1.7756 logvar_q_clamp=0.0000 logvar_p_mean=-1.7755 logvar_p_clamp=0.0000
2026-08-30 02:25:21 | Epoch 300/400 | Train Loss 1.9758 Acc 0.2128 | Val Loss 2.0131 Acc 0.2172 AUC 0.6053 Pre 0.1115 Rec 0.1984
2026-08-30 02:25:21 | Diag logvar_q_mean=-1.7800 logvar_q_clamp=0.0000 logvar_p_mean=-1.7798 logvar_p_clamp=0.0000
2026-08-30 02:25:25 | Epoch 301/400 | Train Loss 1.9697 Acc 0.2122 | Val Loss 2.0087 Acc 0.2172 AUC 0.6059 Pre 0.1114 Rec 0.1984
2026-08-30 02:25:25 | Diag logvar_q_mean=-1.7849 logvar_q_clamp=0.0000 logvar_p_mean=-1.7847 logvar_p_clamp=0.0000
2026-08-30 02:25:29 | Epoch 302/400 | Train Loss 1.9684 Acc 0.2122 | Val Loss 2.0200 Acc 0.2172 AUC 0.6051 Pre 0.1113 Rec 0.1984
2026-08-30 02:25:29 | Diag logvar_q_mean=-1.7898 logvar_q_clamp=0.0000 logvar_p_mean=-1.7897 logvar_p_clamp=0.0000
2026-08-30 02:25:32 | Epoch 303/400 | Train Loss 1.9678 Acc 0.2103 | Val Loss 2.0212 Acc 0.2171 AUC 0.6049 Pre 0.1114 Rec 0.1983
2026-08-30 02:25:33 | Diag logvar_q_mean=-1.7942 logvar_q_clamp=0.0000 logvar_p_mean=-1.7941 logvar_p_clamp=0.0000
2026-08-30 02:25:36 | Epoch 304/400 | Train Loss 1.9720 Acc 0.2103 | Val Loss 2.0209 Acc 0.2172 AUC 0.6048 Pre 0.1113 Rec 0.1984
2026-08-30 02:25:37 | Diag logvar_q_mean=-1.7996 logvar_q_clamp=0.0000 logvar_p_mean=-1.7995 logvar_p_clamp=0.0000
2026-08-30 02:25:40 | Epoch 305/400 | Train Loss 1.9719 Acc 0.2103 | Val Loss 2.0154 Acc 0.2171 AUC 0.6054 Pre 0.1115 Rec 0.1983
2026-08-30 02:25:41 | Diag logvar_q_mean=-1.8047 logvar_q_clamp=0.0000 logvar_p_mean=-1.8046 logvar_p_clamp=0.0000
2026-08-30 02:25:44 | Epoch 306/400 | Train Loss 1.9669 Acc 0.2138 | Val Loss 2.0169 Acc 0.2170 AUC 0.6053 Pre 0.1115 Rec 0.1982
2026-08-30 02:25:45 | Diag logvar_q_mean=-1.8089 logvar_q_clamp=0.0000 logvar_p_mean=-1.8088 logvar_p_clamp=0.0000
2026-08-30 02:25:48 | Epoch 307/400 | Train Loss 1.9679 Acc 0.2121 | Val Loss 2.0144 Acc 0.2171 AUC 0.6048 Pre 0.1115 Rec 0.1983
2026-08-30 02:25:48 | Diag logvar_q_mean=-1.8138 logvar_q_clamp=0.0000 logvar_p_mean=-1.8137 logvar_p_clamp=0.0000
2026-08-30 02:25:52 | Epoch 308/400 | Train Loss 1.9731 Acc 0.2146 | Val Loss 2.0166 Acc 0.2171 AUC 0.6050 Pre 0.1112 Rec 0.1983
2026-08-30 02:25:52 | Diag logvar_q_mean=-1.8186 logvar_q_clamp=0.0000 logvar_p_mean=-1.8184 logvar_p_clamp=0.0000
2026-08-30 02:25:55 | Epoch 309/400 | Train Loss 1.9695 Acc 0.2122 | Val Loss 2.0173 Acc 0.2170 AUC 0.6050 Pre 0.1115 Rec 0.1982
2026-08-30 02:25:56 | Diag logvar_q_mean=-1.8234 logvar_q_clamp=0.0000 logvar_p_mean=-1.8233 logvar_p_clamp=0.0000
2026-08-30 02:25:59 | Epoch 310/400 | Train Loss 1.9690 Acc 0.2125 | Val Loss 2.0234 Acc 0.2172 AUC 0.6053 Pre 0.1113 Rec 0.1984
2026-08-30 02:26:00 | Diag logvar_q_mean=-1.8285 logvar_q_clamp=0.0000 logvar_p_mean=-1.8283 logvar_p_clamp=0.0000
2026-08-30 02:26:03 | Epoch 311/400 | Train Loss 1.9703 Acc 0.2111 | Val Loss 2.0394 Acc 0.2171 AUC 0.6051 Pre 0.1111 Rec 0.1983
2026-08-30 02:26:04 | Diag logvar_q_mean=-1.8332 logvar_q_clamp=0.0000 logvar_p_mean=-1.8331 logvar_p_clamp=0.0000
2026-08-30 02:26:07 | Epoch 312/400 | Train Loss 1.9700 Acc 0.2125 | Val Loss 2.0223 Acc 0.2170 AUC 0.6049 Pre 0.1113 Rec 0.1982
2026-08-30 02:26:07 | Diag logvar_q_mean=-1.8383 logvar_q_clamp=0.0000 logvar_p_mean=-1.8381 logvar_p_clamp=0.0000
2026-08-30 02:26:11 | Epoch 313/400 | Train Loss 1.9719 Acc 0.2105 | Val Loss 2.0151 Acc 0.2168 AUC 0.6047 Pre 0.1117 Rec 0.1981
2026-08-30 02:26:11 | Diag logvar_q_mean=-1.8426 logvar_q_clamp=0.0000 logvar_p_mean=-1.8424 logvar_p_clamp=0.0000
2026-08-30 02:26:15 | Epoch 314/400 | Train Loss 1.9704 Acc 0.2123 | Val Loss 2.0130 Acc 0.2172 AUC 0.6054 Pre 0.1114 Rec 0.1984
2026-08-30 02:26:15 | Diag logvar_q_mean=-1.8475 logvar_q_clamp=0.0000 logvar_p_mean=-1.8474 logvar_p_clamp=0.0000
2026-08-30 02:26:18 | Epoch 315/400 | Train Loss 1.9685 Acc 0.2111 | Val Loss 2.0176 Acc 0.2167 AUC 0.6049 Pre 0.1114 Rec 0.1980
2026-08-30 02:26:19 | Diag logvar_q_mean=-1.8519 logvar_q_clamp=0.0000 logvar_p_mean=-1.8517 logvar_p_clamp=0.0000
2026-08-30 02:26:22 | Epoch 316/400 | Train Loss 1.9720 Acc 0.2124 | Val Loss 2.0140 Acc 0.2171 AUC 0.6054 Pre 0.1114 Rec 0.1983
2026-08-30 02:26:23 | Diag logvar_q_mean=-1.8567 logvar_q_clamp=0.0000 logvar_p_mean=-1.8566 logvar_p_clamp=0.0000
2026-08-30 02:26:26 | Epoch 317/400 | Train Loss 1.9710 Acc 0.2139 | Val Loss 2.0118 Acc 0.2172 AUC 0.6054 Pre 0.1114 Rec 0.1984
2026-08-30 02:26:26 | Diag logvar_q_mean=-1.8613 logvar_q_clamp=0.0000 logvar_p_mean=-1.8610 logvar_p_clamp=0.0000
2026-08-30 02:26:30 | Epoch 318/400 | Train Loss 1.9719 Acc 0.2120 | Val Loss 2.0088 Acc 0.2171 AUC 0.6053 Pre 0.1114 Rec 0.1983
2026-08-30 02:26:30 | Diag logvar_q_mean=-1.8658 logvar_q_clamp=0.0000 logvar_p_mean=-1.8657 logvar_p_clamp=0.0000
2026-08-30 02:26:33 | Epoch 319/400 | Train Loss 1.9712 Acc 0.2121 | Val Loss 2.0138 Acc 0.2169 AUC 0.6049 Pre 0.1114 Rec 0.1981
2026-08-30 02:26:34 | Diag logvar_q_mean=-1.8708 logvar_q_clamp=0.0000 logvar_p_mean=-1.8708 logvar_p_clamp=0.0000
2026-08-30 02:26:37 | Epoch 320/400 | Train Loss 1.9731 Acc 0.2125 | Val Loss 2.0107 Acc 0.2165 AUC 0.6049 Pre 0.1116 Rec 0.1978
2026-08-30 02:26:38 | Diag logvar_q_mean=-1.8753 logvar_q_clamp=0.0000 logvar_p_mean=-1.8752 logvar_p_clamp=0.0000
2026-08-30 02:26:41 | Epoch 321/400 | Train Loss 1.9742 Acc 0.2131 | Val Loss 2.0169 Acc 0.2163 AUC 0.6046 Pre 0.1112 Rec 0.1976
2026-08-30 02:26:41 | Diag logvar_q_mean=-1.8784 logvar_q_clamp=0.0000 logvar_p_mean=-1.8783 logvar_p_clamp=0.0000
2026-08-30 02:26:45 | Epoch 322/400 | Train Loss 1.9693 Acc 0.2135 | Val Loss 2.0213 Acc 0.2161 AUC 0.6045 Pre 0.1116 Rec 0.1974
2026-08-30 02:26:45 | Diag logvar_q_mean=-1.8828 logvar_q_clamp=0.0000 logvar_p_mean=-1.8826 logvar_p_clamp=0.0000
2026-08-30 02:26:48 | Epoch 323/400 | Train Loss 1.9728 Acc 0.2144 | Val Loss 2.0303 Acc 0.2161 AUC 0.6042 Pre 0.1115 Rec 0.1974
2026-08-30 02:26:49 | Diag logvar_q_mean=-1.8874 logvar_q_clamp=0.0000 logvar_p_mean=-1.8873 logvar_p_clamp=0.0000
2026-08-30 02:26:52 | Epoch 324/400 | Train Loss 1.9699 Acc 0.2113 | Val Loss 2.0291 Acc 0.2161 AUC 0.6045 Pre 0.1113 Rec 0.1974
2026-08-30 02:26:52 | Diag logvar_q_mean=-1.8927 logvar_q_clamp=0.0000 logvar_p_mean=-1.8925 logvar_p_clamp=0.0000
2026-08-30 02:26:56 | Epoch 325/400 | Train Loss 1.9746 Acc 0.2114 | Val Loss 2.0142 Acc 0.2171 AUC 0.6057 Pre 0.1114 Rec 0.1983
2026-08-30 02:26:56 | Diag logvar_q_mean=-1.8974 logvar_q_clamp=0.0000 logvar_p_mean=-1.8973 logvar_p_clamp=0.0000
2026-08-30 02:26:59 | Epoch 326/400 | Train Loss 1.9770 Acc 0.2124 | Val Loss 2.0176 Acc 0.2171 AUC 0.6055 Pre 0.1112 Rec 0.1983
2026-08-30 02:27:00 | Diag logvar_q_mean=-1.9022 logvar_q_clamp=0.0000 logvar_p_mean=-1.9020 logvar_p_clamp=0.0000
2026-08-30 02:27:03 | Epoch 327/400 | Train Loss 1.9708 Acc 0.2121 | Val Loss 2.0177 Acc 0.2161 AUC 0.6049 Pre 0.1115 Rec 0.1974
2026-08-30 02:27:04 | Diag logvar_q_mean=-1.9072 logvar_q_clamp=0.0000 logvar_p_mean=-1.9071 logvar_p_clamp=0.0000
2026-08-30 02:27:07 | Epoch 328/400 | Train Loss 1.9720 Acc 0.2119 | Val Loss 2.0124 Acc 0.2168 AUC 0.6054 Pre 0.1113 Rec 0.1980
2026-08-30 02:27:07 | Diag logvar_q_mean=-1.9119 logvar_q_clamp=0.0000 logvar_p_mean=-1.9119 logvar_p_clamp=0.0000
2026-08-30 02:27:11 | Epoch 329/400 | Train Loss 1.9681 Acc 0.2110 | Val Loss 2.0177 Acc 0.2166 AUC 0.6050 Pre 0.1112 Rec 0.1979
2026-08-30 02:27:11 | Diag logvar_q_mean=-1.9170 logvar_q_clamp=0.0000 logvar_p_mean=-1.9169 logvar_p_clamp=0.0000
2026-08-30 02:27:15 | Epoch 330/400 | Train Loss 1.9714 Acc 0.2131 | Val Loss 2.0351 Acc 0.2168 AUC 0.6049 Pre 0.1110 Rec 0.1980
2026-08-30 02:27:15 | Diag logvar_q_mean=-1.9215 logvar_q_clamp=0.0000 logvar_p_mean=-1.9214 logvar_p_clamp=0.0000
2026-08-30 02:27:18 | Epoch 331/400 | Train Loss 1.9731 Acc 0.2118 | Val Loss 2.0427 Acc 0.2159 AUC 0.6045 Pre 0.1112 Rec 0.1972
2026-08-30 02:27:19 | Diag logvar_q_mean=-1.9261 logvar_q_clamp=0.0000 logvar_p_mean=-1.9259 logvar_p_clamp=0.0000
2026-08-30 02:27:22 | Epoch 332/400 | Train Loss 1.9840 Acc 0.2123 | Val Loss 2.0194 Acc 0.2166 AUC 0.6050 Pre 0.1110 Rec 0.1979
2026-08-30 02:27:22 | Diag logvar_q_mean=-1.9304 logvar_q_clamp=0.0000 logvar_p_mean=-1.9302 logvar_p_clamp=0.0000
2026-08-30 02:27:26 | Epoch 333/400 | Train Loss 1.9781 Acc 0.2115 | Val Loss 2.0125 Acc 0.2168 AUC 0.6044 Pre 0.1114 Rec 0.1980
2026-08-30 02:27:26 | Diag logvar_q_mean=-1.9350 logvar_q_clamp=0.0000 logvar_p_mean=-1.9348 logvar_p_clamp=0.0000
2026-08-30 02:27:29 | Epoch 334/400 | Train Loss 1.9766 Acc 0.2112 | Val Loss 2.0159 Acc 0.2168 AUC 0.6048 Pre 0.1112 Rec 0.1980
2026-08-30 02:27:30 | Diag logvar_q_mean=-1.9393 logvar_q_clamp=0.0000 logvar_p_mean=-1.9391 logvar_p_clamp=0.0000
2026-08-30 02:27:33 | Epoch 335/400 | Train Loss 1.9709 Acc 0.2125 | Val Loss 2.0089 Acc 0.2169 AUC 0.6045 Pre 0.1114 Rec 0.1981
2026-08-30 02:27:34 | Diag logvar_q_mean=-1.9442 logvar_q_clamp=0.0000 logvar_p_mean=-1.9441 logvar_p_clamp=0.0000
2026-08-30 02:27:37 | Epoch 336/400 | Train Loss 1.9739 Acc 0.2121 | Val Loss 2.0071 Acc 0.2170 AUC 0.6047 Pre 0.1116 Rec 0.1982
2026-08-30 02:27:37 | Diag logvar_q_mean=-1.9481 logvar_q_clamp=0.0000 logvar_p_mean=-1.9480 logvar_p_clamp=0.0000
2026-08-30 02:27:41 | Epoch 337/400 | Train Loss 1.9695 Acc 0.2122 | Val Loss 2.0117 Acc 0.2171 AUC 0.6047 Pre 0.1114 Rec 0.1983
2026-08-30 02:27:41 | Diag logvar_q_mean=-1.9525 logvar_q_clamp=0.0000 logvar_p_mean=-1.9524 logvar_p_clamp=0.0000
2026-08-30 02:27:45 | Epoch 338/400 | Train Loss 1.9716 Acc 0.2110 | Val Loss 2.0009 Acc 0.2170 AUC 0.6044 Pre 0.1114 Rec 0.1982
2026-08-30 02:27:45 | Diag logvar_q_mean=-1.9570 logvar_q_clamp=0.0000 logvar_p_mean=-1.9568 logvar_p_clamp=0.0000
2026-08-30 02:27:48 | Epoch 339/400 | Train Loss 1.9688 Acc 0.2115 | Val Loss 2.0042 Acc 0.2170 AUC 0.6047 Pre 0.1114 Rec 0.1982
2026-08-30 02:27:49 | Diag logvar_q_mean=-1.9612 logvar_q_clamp=0.0000 logvar_p_mean=-1.9612 logvar_p_clamp=0.0000
2026-08-30 02:27:52 | Epoch 340/400 | Train Loss 1.9669 Acc 0.2127 | Val Loss 2.0062 Acc 0.2168 AUC 0.6045 Pre 0.1114 Rec 0.1981
2026-08-30 02:27:53 | Diag logvar_q_mean=-1.9662 logvar_q_clamp=0.0000 logvar_p_mean=-1.9660 logvar_p_clamp=0.0000
2026-08-30 02:27:56 | Epoch 341/400 | Train Loss 1.9706 Acc 0.2115 | Val Loss 2.0074 Acc 0.2164 AUC 0.6046 Pre 0.1117 Rec 0.1977
2026-08-30 02:27:57 | Diag logvar_q_mean=-1.9713 logvar_q_clamp=0.0000 logvar_p_mean=-1.9712 logvar_p_clamp=0.0000
2026-08-30 02:28:00 | Epoch 342/400 | Train Loss 1.9704 Acc 0.2127 | Val Loss 2.0066 Acc 0.2169 AUC 0.6048 Pre 0.1116 Rec 0.1981
2026-08-30 02:28:01 | Diag logvar_q_mean=-1.9756 logvar_q_clamp=0.0000 logvar_p_mean=-1.9754 logvar_p_clamp=0.0000
2026-08-30 02:28:04 | Epoch 343/400 | Train Loss 1.9689 Acc 0.2127 | Val Loss 2.0038 Acc 0.2148 AUC 0.6049 Pre 0.1180 Rec 0.1983
2026-08-30 02:28:04 | Diag logvar_q_mean=-1.9801 logvar_q_clamp=0.0000 logvar_p_mean=-1.9801 logvar_p_clamp=0.0000
2026-08-30 02:28:08 | Epoch 344/400 | Train Loss 1.9698 Acc 0.2108 | Val Loss 2.0194 Acc 0.2159 AUC 0.6044 Pre 0.1115 Rec 0.1972
2026-08-30 02:28:08 | Diag logvar_q_mean=-1.9849 logvar_q_clamp=0.0000 logvar_p_mean=-1.9847 logvar_p_clamp=0.0000
2026-08-30 02:28:12 | Epoch 345/400 | Train Loss 1.9741 Acc 0.2120 | Val Loss 2.0120 Acc 0.2171 AUC 0.6048 Pre 0.1115 Rec 0.1983
2026-08-30 02:28:12 | Diag logvar_q_mean=-1.9893 logvar_q_clamp=0.0000 logvar_p_mean=-1.9891 logvar_p_clamp=0.0000
2026-08-30 02:28:15 | Epoch 346/400 | Train Loss 1.9718 Acc 0.2127 | Val Loss 2.0068 Acc 0.2171 AUC 0.6045 Pre 0.1116 Rec 0.1983
2026-08-30 02:28:16 | Diag logvar_q_mean=-1.9935 logvar_q_clamp=0.0000 logvar_p_mean=-1.9934 logvar_p_clamp=0.0000
2026-08-30 02:28:19 | Epoch 347/400 | Train Loss 1.9682 Acc 0.2124 | Val Loss 2.0103 Acc 0.2169 AUC 0.6046 Pre 0.1116 Rec 0.1981
2026-08-30 02:28:20 | Diag logvar_q_mean=-1.9984 logvar_q_clamp=0.0000 logvar_p_mean=-1.9983 logvar_p_clamp=0.0000
2026-08-30 02:28:23 | Epoch 348/400 | Train Loss 1.9726 Acc 0.2128 | Val Loss 2.0085 Acc 0.2168 AUC 0.6045 Pre 0.1117 Rec 0.1981
2026-08-30 02:28:23 | Diag logvar_q_mean=-2.0032 logvar_q_clamp=0.0000 logvar_p_mean=-2.0030 logvar_p_clamp=0.0000
2026-08-30 02:28:27 | Epoch 349/400 | Train Loss 1.9725 Acc 0.2141 | Val Loss 2.0155 Acc 0.2162 AUC 0.6045 Pre 0.1117 Rec 0.1975
2026-08-30 02:28:27 | Diag logvar_q_mean=-2.0073 logvar_q_clamp=0.0000 logvar_p_mean=-2.0071 logvar_p_clamp=0.0000
2026-08-30 02:28:31 | Epoch 350/400 | Train Loss 1.9750 Acc 0.2125 | Val Loss 2.0135 Acc 0.2168 AUC 0.6049 Pre 0.1114 Rec 0.1981
2026-08-30 02:28:31 | Diag logvar_q_mean=-2.0112 logvar_q_clamp=0.0000 logvar_p_mean=-2.0111 logvar_p_clamp=0.0000
2026-08-30 02:28:34 | Epoch 351/400 | Train Loss 1.9735 Acc 0.2108 | Val Loss 2.0132 Acc 0.2163 AUC 0.6043 Pre 0.1117 Rec 0.1976
2026-08-30 02:28:35 | Diag logvar_q_mean=-2.0159 logvar_q_clamp=0.0000 logvar_p_mean=-2.0158 logvar_p_clamp=0.0000
2026-08-30 02:28:38 | Epoch 352/400 | Train Loss 1.9711 Acc 0.2122 | Val Loss 2.0091 Acc 0.2167 AUC 0.6044 Pre 0.1115 Rec 0.1980
2026-08-30 02:28:39 | Diag logvar_q_mean=-2.0204 logvar_q_clamp=0.0000 logvar_p_mean=-2.0202 logvar_p_clamp=0.0000
2026-08-30 02:28:42 | Epoch 353/400 | Train Loss 1.9665 Acc 0.2101 | Val Loss 2.0089 Acc 0.2168 AUC 0.6046 Pre 0.1115 Rec 0.1981
2026-08-30 02:28:43 | Diag logvar_q_mean=-2.0250 logvar_q_clamp=0.0000 logvar_p_mean=-2.0248 logvar_p_clamp=0.0000
2026-08-30 02:28:46 | Epoch 354/400 | Train Loss 1.9700 Acc 0.2098 | Val Loss 2.0094 Acc 0.2167 AUC 0.6045 Pre 0.1115 Rec 0.1980
2026-08-30 02:28:47 | Diag logvar_q_mean=-2.0297 logvar_q_clamp=0.0000 logvar_p_mean=-2.0296 logvar_p_clamp=0.0000
2026-08-30 02:28:50 | Epoch 355/400 | Train Loss 1.9716 Acc 0.2094 | Val Loss 2.0107 Acc 0.2165 AUC 0.6045 Pre 0.1116 Rec 0.1978
2026-08-30 02:28:50 | Diag logvar_q_mean=-2.0345 logvar_q_clamp=0.0000 logvar_p_mean=-2.0344 logvar_p_clamp=0.0000
2026-08-30 02:28:54 | Epoch 356/400 | Train Loss 1.9696 Acc 0.2132 | Val Loss 2.0114 Acc 0.2163 AUC 0.6047 Pre 0.1115 Rec 0.1976
2026-08-30 02:28:54 | Diag logvar_q_mean=-2.0392 logvar_q_clamp=0.0000 logvar_p_mean=-2.0391 logvar_p_clamp=0.0000
2026-08-30 02:28:57 | Epoch 357/400 | Train Loss 1.9752 Acc 0.2100 | Val Loss 2.0065 Acc 0.2168 AUC 0.6047 Pre 0.1114 Rec 0.1981
2026-08-30 02:28:58 | Diag logvar_q_mean=-2.0435 logvar_q_clamp=0.0000 logvar_p_mean=-2.0434 logvar_p_clamp=0.0000
2026-08-30 02:29:01 | Epoch 358/400 | Train Loss 1.9694 Acc 0.2110 | Val Loss 2.0099 Acc 0.2167 AUC 0.6045 Pre 0.1114 Rec 0.1980
2026-08-30 02:29:02 | Diag logvar_q_mean=-2.0477 logvar_q_clamp=0.0000 logvar_p_mean=-2.0476 logvar_p_clamp=0.0000
2026-08-30 02:29:05 | Epoch 359/400 | Train Loss 1.9709 Acc 0.2128 | Val Loss 2.0180 Acc 0.2168 AUC 0.6045 Pre 0.1113 Rec 0.1981
2026-08-30 02:29:06 | Diag logvar_q_mean=-2.0518 logvar_q_clamp=0.0000 logvar_p_mean=-2.0517 logvar_p_clamp=0.0000
2026-08-30 02:29:09 | Epoch 360/400 | Train Loss 1.9697 Acc 0.2111 | Val Loss 2.0096 Acc 0.2168 AUC 0.6049 Pre 0.1115 Rec 0.1981
2026-08-30 02:29:09 | Diag logvar_q_mean=-2.0565 logvar_q_clamp=0.0000 logvar_p_mean=-2.0564 logvar_p_clamp=0.0000
2026-08-30 02:29:13 | Epoch 361/400 | Train Loss 1.9691 Acc 0.2115 | Val Loss 2.0122 Acc 0.2169 AUC 0.6050 Pre 0.1113 Rec 0.1981
2026-08-30 02:29:13 | Diag logvar_q_mean=-2.0613 logvar_q_clamp=0.0000 logvar_p_mean=-2.0611 logvar_p_clamp=0.0000
2026-08-30 02:29:17 | Epoch 362/400 | Train Loss 1.9677 Acc 0.2100 | Val Loss 2.0176 Acc 0.2170 AUC 0.6050 Pre 0.1112 Rec 0.1982
2026-08-30 02:29:17 | Diag logvar_q_mean=-2.0657 logvar_q_clamp=0.0000 logvar_p_mean=-2.0655 logvar_p_clamp=0.0000
2026-08-30 02:29:20 | Epoch 363/400 | Train Loss 1.9740 Acc 0.2124 | Val Loss 2.0143 Acc 0.2172 AUC 0.6050 Pre 0.1114 Rec 0.1984
2026-08-30 02:29:21 | Diag logvar_q_mean=-2.0697 logvar_q_clamp=0.0000 logvar_p_mean=-2.0696 logvar_p_clamp=0.0000
2026-08-30 02:29:24 | Epoch 364/400 | Train Loss 1.9752 Acc 0.2116 | Val Loss 2.0135 Acc 0.2170 AUC 0.6053 Pre 0.1112 Rec 0.1982
2026-08-30 02:29:25 | Diag logvar_q_mean=-2.0740 logvar_q_clamp=0.0000 logvar_p_mean=-2.0738 logvar_p_clamp=0.0000
2026-08-30 02:29:28 | Epoch 365/400 | Train Loss 1.9666 Acc 0.2109 | Val Loss 2.0145 Acc 0.2169 AUC 0.6052 Pre 0.1114 Rec 0.1981
2026-08-30 02:29:29 | Diag logvar_q_mean=-2.0787 logvar_q_clamp=0.0000 logvar_p_mean=-2.0786 logvar_p_clamp=0.0000
2026-08-30 02:29:32 | Epoch 366/400 | Train Loss 1.9671 Acc 0.2116 | Val Loss 2.0093 Acc 0.2170 AUC 0.6048 Pre 0.1114 Rec 0.1982
2026-08-30 02:29:33 | Diag logvar_q_mean=-2.0829 logvar_q_clamp=0.0000 logvar_p_mean=-2.0828 logvar_p_clamp=0.0000
2026-08-30 02:29:36 | Epoch 367/400 | Train Loss 1.9666 Acc 0.2121 | Val Loss 2.0144 Acc 0.2170 AUC 0.6049 Pre 0.1114 Rec 0.1982
2026-08-30 02:29:36 | Diag logvar_q_mean=-2.0873 logvar_q_clamp=0.0000 logvar_p_mean=-2.0872 logvar_p_clamp=0.0000
2026-08-30 02:29:40 | Epoch 368/400 | Train Loss 1.9699 Acc 0.2091 | Val Loss 2.0240 Acc 0.2160 AUC 0.6044 Pre 0.1115 Rec 0.1973
2026-08-30 02:29:40 | Diag logvar_q_mean=-2.0921 logvar_q_clamp=0.0000 logvar_p_mean=-2.0919 logvar_p_clamp=0.0000
2026-08-30 02:29:44 | Epoch 369/400 | Train Loss 1.9717 Acc 0.2127 | Val Loss 2.0239 Acc 0.2167 AUC 0.6048 Pre 0.1115 Rec 0.1980
2026-08-30 02:29:44 | Diag logvar_q_mean=-2.0964 logvar_q_clamp=0.0000 logvar_p_mean=-2.0963 logvar_p_clamp=0.0000
2026-08-30 02:29:47 | Epoch 370/400 | Train Loss 1.9735 Acc 0.2108 | Val Loss 2.0321 Acc 0.2159 AUC 0.6041 Pre 0.1116 Rec 0.1973
2026-08-30 02:29:48 | Diag logvar_q_mean=-2.1008 logvar_q_clamp=0.0000 logvar_p_mean=-2.1006 logvar_p_clamp=0.0000
2026-08-30 02:29:51 | Epoch 371/400 | Train Loss 1.9680 Acc 0.2101 | Val Loss 2.0240 Acc 0.2167 AUC 0.6045 Pre 0.1115 Rec 0.1980
2026-08-30 02:29:52 | Diag logvar_q_mean=-2.1051 logvar_q_clamp=0.0000 logvar_p_mean=-2.1050 logvar_p_clamp=0.0000
2026-08-30 02:29:55 | Epoch 372/400 | Train Loss 1.9668 Acc 0.2110 | Val Loss 2.0244 Acc 0.2166 AUC 0.6046 Pre 0.1115 Rec 0.1979
2026-08-30 02:29:56 | Diag logvar_q_mean=-2.1094 logvar_q_clamp=0.0000 logvar_p_mean=-2.1093 logvar_p_clamp=0.0000
2026-08-30 02:29:59 | Epoch 373/400 | Train Loss 1.9677 Acc 0.2101 | Val Loss 2.0250 Acc 0.2163 AUC 0.6047 Pre 0.1115 Rec 0.1976
2026-08-30 02:29:59 | Diag logvar_q_mean=-2.1136 logvar_q_clamp=0.0000 logvar_p_mean=-2.1134 logvar_p_clamp=0.0000
2026-08-30 02:30:03 | Epoch 374/400 | Train Loss 1.9707 Acc 0.2136 | Val Loss 2.0155 Acc 0.2170 AUC 0.6049 Pre 0.1114 Rec 0.1982
2026-08-30 02:30:03 | Diag logvar_q_mean=-2.1174 logvar_q_clamp=0.0000 logvar_p_mean=-2.1174 logvar_p_clamp=0.0000
2026-08-30 02:30:07 | Epoch 375/400 | Train Loss 1.9823 Acc 0.2107 | Val Loss 2.0193 Acc 0.2168 AUC 0.6052 Pre 0.1114 Rec 0.1980
2026-08-30 02:30:07 | Diag logvar_q_mean=-2.1214 logvar_q_clamp=0.0000 logvar_p_mean=-2.1212 logvar_p_clamp=0.0000
2026-08-30 02:30:10 | Epoch 376/400 | Train Loss 1.9747 Acc 0.2115 | Val Loss 2.0140 Acc 0.2168 AUC 0.6054 Pre 0.1115 Rec 0.1980
2026-08-30 02:30:11 | Diag logvar_q_mean=-2.1256 logvar_q_clamp=0.0000 logvar_p_mean=-2.1255 logvar_p_clamp=0.0000
2026-08-30 02:30:14 | Epoch 377/400 | Train Loss 1.9716 Acc 0.2104 | Val Loss 2.0213 Acc 0.2163 AUC 0.6048 Pre 0.1113 Rec 0.1976
2026-08-30 02:30:15 | Diag logvar_q_mean=-2.1301 logvar_q_clamp=0.0000 logvar_p_mean=-2.1298 logvar_p_clamp=0.0000
2026-08-30 02:30:18 | Epoch 378/400 | Train Loss 1.9741 Acc 0.2126 | Val Loss 2.0050 Acc 0.2166 AUC 0.6047 Pre 0.1114 Rec 0.1979
2026-08-30 02:30:19 | Diag logvar_q_mean=-2.1336 logvar_q_clamp=0.0000 logvar_p_mean=-2.1335 logvar_p_clamp=0.0000
2026-08-30 02:30:22 | Epoch 379/400 | Train Loss 1.9711 Acc 0.2135 | Val Loss 2.0085 Acc 0.2167 AUC 0.6051 Pre 0.1116 Rec 0.1980
2026-08-30 02:30:23 | Diag logvar_q_mean=-2.1375 logvar_q_clamp=0.0000 logvar_p_mean=-2.1374 logvar_p_clamp=0.0000
2026-08-30 02:30:26 | Epoch 380/400 | Train Loss 1.9680 Acc 0.2118 | Val Loss 2.0067 Acc 0.2167 AUC 0.6052 Pre 0.1116 Rec 0.1980
2026-08-30 02:30:26 | Diag logvar_q_mean=-2.1410 logvar_q_clamp=0.0000 logvar_p_mean=-2.1409 logvar_p_clamp=0.0000
2026-08-30 02:30:30 | Epoch 381/400 | Train Loss 1.9719 Acc 0.2108 | Val Loss 2.0361 Acc 0.2167 AUC 0.6049 Pre 0.1110 Rec 0.1980
2026-08-30 02:30:30 | Diag logvar_q_mean=-2.1458 logvar_q_clamp=0.0000 logvar_p_mean=-2.1457 logvar_p_clamp=0.0000
2026-08-30 02:30:33 | Epoch 382/400 | Train Loss 1.9720 Acc 0.2111 | Val Loss 2.0385 Acc 0.2160 AUC 0.6044 Pre 0.1109 Rec 0.1973
2026-08-30 02:30:34 | Diag logvar_q_mean=-2.1496 logvar_q_clamp=0.0000 logvar_p_mean=-2.1495 logvar_p_clamp=0.0000
2026-08-30 02:30:37 | Epoch 383/400 | Train Loss 1.9721 Acc 0.2132 | Val Loss 2.0179 Acc 0.2166 AUC 0.6050 Pre 0.1114 Rec 0.1979
2026-08-30 02:30:38 | Diag logvar_q_mean=-2.1537 logvar_q_clamp=0.0000 logvar_p_mean=-2.1536 logvar_p_clamp=0.0000
2026-08-30 02:30:41 | Epoch 384/400 | Train Loss 1.9685 Acc 0.2121 | Val Loss 2.0127 Acc 0.2167 AUC 0.6050 Pre 0.1113 Rec 0.1980
2026-08-30 02:30:42 | Diag logvar_q_mean=-2.1581 logvar_q_clamp=0.0000 logvar_p_mean=-2.1579 logvar_p_clamp=0.0000
2026-08-30 02:30:45 | Epoch 385/400 | Train Loss 1.9705 Acc 0.2115 | Val Loss 2.0166 Acc 0.2162 AUC 0.6046 Pre 0.1117 Rec 0.1975
2026-08-30 02:30:45 | Diag logvar_q_mean=-2.1624 logvar_q_clamp=0.0000 logvar_p_mean=-2.1622 logvar_p_clamp=0.0000
2026-08-30 02:30:49 | Epoch 386/400 | Train Loss 1.9680 Acc 0.2111 | Val Loss 2.0185 Acc 0.2165 AUC 0.6047 Pre 0.1113 Rec 0.1978
2026-08-30 02:30:49 | Diag logvar_q_mean=-2.1664 logvar_q_clamp=0.0000 logvar_p_mean=-2.1663 logvar_p_clamp=0.0000
2026-08-30 02:30:53 | Epoch 387/400 | Train Loss 1.9689 Acc 0.2124 | Val Loss 2.0155 Acc 0.2169 AUC 0.6050 Pre 0.1114 Rec 0.1981
2026-08-30 02:30:53 | Diag logvar_q_mean=-2.1701 logvar_q_clamp=0.0000 logvar_p_mean=-2.1699 logvar_p_clamp=0.0000
2026-08-30 02:30:56 | Epoch 388/400 | Train Loss 1.9725 Acc 0.2115 | Val Loss 2.0297 Acc 0.2168 AUC 0.6050 Pre 0.1111 Rec 0.1980
2026-08-30 02:30:57 | Diag logvar_q_mean=-2.1744 logvar_q_clamp=0.0000 logvar_p_mean=-2.1743 logvar_p_clamp=0.0000
2026-08-30 02:31:00 | Epoch 389/400 | Train Loss 1.9687 Acc 0.2133 | Val Loss 2.0301 Acc 0.2163 AUC 0.6048 Pre 0.1114 Rec 0.1976
2026-08-30 02:31:01 | Diag logvar_q_mean=-2.1784 logvar_q_clamp=0.0000 logvar_p_mean=-2.1782 logvar_p_clamp=0.0000
2026-08-30 02:31:04 | Epoch 390/400 | Train Loss 1.9680 Acc 0.2131 | Val Loss 2.0206 Acc 0.2167 AUC 0.6046 Pre 0.1114 Rec 0.1980
2026-08-30 02:31:05 | Diag logvar_q_mean=-2.1822 logvar_q_clamp=0.0000 logvar_p_mean=-2.1821 logvar_p_clamp=0.0000
2026-08-30 02:31:08 | Epoch 391/400 | Train Loss 1.9705 Acc 0.2118 | Val Loss 2.0103 Acc 0.2166 AUC 0.6050 Pre 0.1115 Rec 0.1979
2026-08-30 02:31:08 | Diag logvar_q_mean=-2.1860 logvar_q_clamp=0.0000 logvar_p_mean=-2.1858 logvar_p_clamp=0.0000
2026-08-30 02:31:12 | Epoch 392/400 | Train Loss 1.9716 Acc 0.2109 | Val Loss 2.0223 Acc 0.2166 AUC 0.6045 Pre 0.1115 Rec 0.1979
2026-08-30 02:31:12 | Diag logvar_q_mean=-2.1903 logvar_q_clamp=0.0000 logvar_p_mean=-2.1904 logvar_p_clamp=0.0000
2026-08-30 02:31:15 | Epoch 393/400 | Train Loss 1.9693 Acc 0.2118 | Val Loss 2.0129 Acc 0.2169 AUC 0.6046 Pre 0.1116 Rec 0.1981
2026-08-30 02:31:16 | Diag logvar_q_mean=-2.1946 logvar_q_clamp=0.0000 logvar_p_mean=-2.1944 logvar_p_clamp=0.0000
2026-08-30 02:31:19 | Epoch 394/400 | Train Loss 1.9723 Acc 0.2143 | Val Loss 2.0273 Acc 0.2166 AUC 0.6048 Pre 0.1111 Rec 0.1979
2026-08-30 02:31:20 | Diag logvar_q_mean=-2.1988 logvar_q_clamp=0.0000 logvar_p_mean=-2.1987 logvar_p_clamp=0.0000
2026-08-30 02:31:23 | Epoch 395/400 | Train Loss 1.9681 Acc 0.2142 | Val Loss 2.0236 Acc 0.2165 AUC 0.6048 Pre 0.1114 Rec 0.1978
2026-08-30 02:31:24 | Diag logvar_q_mean=-2.2027 logvar_q_clamp=0.0000 logvar_p_mean=-2.2026 logvar_p_clamp=0.0000
2026-08-30 02:31:27 | Epoch 396/400 | Train Loss 1.9684 Acc 0.2138 | Val Loss 2.0092 Acc 0.2171 AUC 0.6051 Pre 0.1114 Rec 0.1983
2026-08-30 02:31:27 | Diag logvar_q_mean=-2.2067 logvar_q_clamp=0.0000 logvar_p_mean=-2.2066 logvar_p_clamp=0.0000
2026-08-30 02:31:31 | Epoch 397/400 | Train Loss 1.9658 Acc 0.2130 | Val Loss 2.0099 Acc 0.2169 AUC 0.6050 Pre 0.1114 Rec 0.1981
2026-08-30 02:31:31 | Diag logvar_q_mean=-2.2105 logvar_q_clamp=0.0000 logvar_p_mean=-2.2105 logvar_p_clamp=0.0000
2026-08-30 02:31:35 | Epoch 398/400 | Train Loss 1.9662 Acc 0.2138 | Val Loss 2.0120 Acc 0.2167 AUC 0.6049 Pre 0.1117 Rec 0.1980
2026-08-30 02:31:35 | Diag logvar_q_mean=-2.2146 logvar_q_clamp=0.0000 logvar_p_mean=-2.2144 logvar_p_clamp=0.0000
2026-08-30 02:31:39 | Epoch 399/400 | Train Loss 1.9702 Acc 0.2114 | Val Loss 2.0084 Acc 0.2168 AUC 0.6047 Pre 0.1115 Rec 0.1981
2026-08-30 02:31:39 | Diag logvar_q_mean=-2.2189 logvar_q_clamp=0.0000 logvar_p_mean=-2.2187 logvar_p_clamp=0.0000
2026-08-30 02:31:43 | Epoch 400/400 | Train Loss 1.9690 Acc 0.2149 | Val Loss 2.0096 Acc 0.2163 AUC 0.6051 Pre 0.1117 Rec 0.1976
2026-08-30 02:31:43 | Diag logvar_q_mean=-2.2228 logvar_q_clamp=0.0000 logvar_p_mean=-2.2226 logvar_p_clamp=0.0000
2026-08-30 02:31:44 | Run 5/5 | Test (best model @ Epoch 21) | Loss 1.9862 Acc 0.2140 AUC 0.6073 Pre 0.1321 Rec 0.1996
2026-08-30 02:31:44 | Average over 5 runs | Test Loss 1.9664±0.2935 Acc 0.2680±0.1482 AUC 0.6490±0.1244 Pre 0.1681±0.1372 Rec 0.2563±0.1466
